,T2M_MAX,T2M_MIN,RH2M,PRECTOTCORR,GWETROOT
1981-01-01,32.21,15.74,46.38,0.19,0.46
1981-01-02,32.17,15.09,44.25,0.01,0.46
1981-01-03,31.6,14.5,40.54,0.0,0.46
1981-01-04,30.97,14.11,42.53,0.0,0.46
1981-01-05,29.18,12.41,42.81,0.0,0.46
1981-01-06,30.87,12.69,44.71,0.0,0.46
1981-01-07,31.12,15.11,59.03,0.51,0.46
1981-01-08,31.02,15.27,69.59,1.28,0.46
1981-01-09,30.56,16.62,62.46,0.0,0.46
1981-01-10,31.09,15.62,51.36,0.0,0.46
1981-01-11,31.92,15.3,46.74,0.0,0.46
1981-01-12,29.68,17.68,55.04,0.0,0.46
1981-01-13,31.96,17.22,46.31,0.0,0.46
1981-01-14,32.02,16.71,43.61,0.0,0.46
1981-01-15,31.32,16.11,45.98,0.0,0.46
1981-01-16,31.09,14.57,40.37,0.0,0.46
1981-01-17,31.12,14.23,37.94,0.0,0.46
1981-01-18,31.21,15.97,38.45,0.0,0.46
1981-01-19,29.92,16.36,41.6,0.0,0.46
1981-01-20,30.78,16.28,41.16,0.0,0.46
1981-01-21,30.39,15.01,39.3,0.0,0.46
1981-01-22,30.35,15.48,44.74,0.0,0.46
1981-01-23,30.63,15.1,47.94,0.0,0.46
1981-01-24,32.09,15.28,37.36,0.0,0.46
1981-01-25,33.4,17.65,35.57,0.0,0.46
1981-01-26,33.16,17.79,39.26,0.0,0.46
1981-01-27,33.48,18.06,33.58,0.0,0.46
1981-01-28,32.65,17.38,35.51,0.04,0.46
1981-01-29,33.02,15.18,34.74,0.0,0.46
1981-01-30,33.15,14.77,34.84,0.0,0.46
1981-01-31,33.83,15.83,36.62,0.0,0.46
1981-02-01,34.81,16.86,36.36,0.0,0.46
1981-02-02,33.87,16.65,38.47,0.0,0.46
1981-02-03,33.07,17.05,38.75,0.0,0.46
1981-02-04,32.95,15.39,37.83,0.0,0.46
1981-02-05,33.95,14.04,31.26,0.0,0.46
1981-02-06,35.42,14.61,28.97,0.0,0.46
1981-02-07,35.58,15.82,25.26,0.0,0.46
1981-02-08,34.81,17.99,27.29,0.0,0.46
1981-02-09,34.95,18.35,27.49,0.01,0.46
1981-02-10,35.28,18.83,37.1,0.42,0.46
1981-02-11,32.0,17.02,56.92,0.39,0.46
1981-02-12,30.2,13.03,47.48,0.0,0.46
1981-02-13,31.36,13.06,36.61,0.0,0.46
1981-02-14,31.89,14.11,36.7,0.0,0.46
1981-02-15,32.64,13.9,37.91,0.0,0.46
1981-02-16,33.39,14.91,29.79,0.0,0.46
1981-02-17,34.24,14.7,27.92,0.0,0.46
1981-02-18,34.82,15.36,29.58,0.0,0.46
1981-02-19,34.78,15.62,27.21,0.0,0.46
1981-02-20,36.19,17.03,22.82,0.0,0.46
1981-02-21,36.57,17.39,28.17,0.0,0.46
1981-02-22,36.96,16.59,27.43,0.0,0.46
1981-02-23,36.05,16.68,27.25,0.0,0.46
1981-02-24,37.07,15.97,28.29,0.0,0.46
1981-02-25,37.13,16.08,32.9,0.0,0.46
1981-02-26,38.19,16.07,25.61,0.0,0.46
1981-02-27,38.12,18.4,40.42,0.0,0.46
1981-02-28,37.64,18.26,50.64,0.0,0.46
1981-03-01,37.97,18.91,49.23,0.0,0.46
1981-03-02,38.52,19.03,39.41,0.0,0.46
1981-03-03,37.51,17.78,44.05,1.75,0.46
1981-03-04,37.25,19.28,34.27,0.0,0.46
1981-03-05,37.86,19.11,29.02,0.0,0.46
1981-03-06,36.87,20.76,21.07,0.0,0.46
1981-03-07,38.79,17.88,22.44,0.0,0.46
1981-03-08,37.78,17.68,33.44,0.0,0.46
1981-03-09,38.84,20.83,36.08,0.0,0.46
1981-03-10,38.35,20.5,34.4,0.0,0.46
1981-03-11,38.44,20.19,40.78,0.0,0.46
1981-03-12,38.09,19.54,36.5,0.0,0.46
1981-03-13,38.23,19.69,36.02,0.0,0.46
1981-03-14,37.63,19.18,44.42,0.0,0.46
1981-03-15,36.89,20.56,33.57,0.0,0.46
1981-03-16,38.6,20.15,27.7,0.0,0.46
1981-03-17,37.37,18.49,46.96,0.0,0.46
1981-03-18,36.64,19.14,42.97,0.0,0.46
1981-03-19,38.17,19.51,36.21,0.0,0.46
1981-03-20,39.23,20.16,37.61,0.0,0.46
1981-03-21,38.84,20.21,42.15,0.0,0.46
1981-03-22,37.19,22.2,53.13,0.0,0.46
1981-03-23,38.8,22.64,48.74,0.0,0.46
1981-03-24,38.36,20.4,48.52,0.0,0.46
1981-03-25,38.46,20.56,41.81,0.0,0.46
1981-03-26,36.93,23.27,33.73,0.0,0.46
1981-03-27,37.39,20.19,46.29,0.05,0.46
1981-03-28,37.23,18.78,38.92,0.0,0.46
1981-03-29,36.68,19.96,31.13,0.0,0.46
1981-03-30,38.94,21.36,29.7,0.0,0.46
1981-03-31,39.97,21.43,29.13,0.0,0.46
1981-04-01,38.03,20.44,50.01,5.95,0.47
1981-04-02,38.41,21.24,50.89,0.0,0.47
1981-04-03,39.66,21.94,50.92,0.0,0.46
1981-04-04,40.6,21.94,50.8,0.0,0.46
1981-04-05,40.99,22.01,55.11,0.0,0.46
1981-04-06,41.0,22.22,52.14,0.0,0.46
1981-04-07,40.41,21.94,48.31,0.0,0.46
1981-04-08,40.39,20.7,43.78,0.0,0.46
1981-04-09,41.61,18.93,42.25,0.0,0.46
1981-04-10,40.46,20.05,42.8,0.0,0.46
1981-04-11,40.52,20.29,40.78,0.0,0.46
1981-04-12,39.99,20.87,43.53,1.99,0.46
1981-04-13,37.74,22.55,52.41,0.45,0.46
1981-04-14,31.99,22.89,67.61,5.74,0.47
1981-04-15,37.1,21.3,57.89,1.77,0.47
1981-04-16,34.93,22.39,64.79,4.95,0.48
1981-04-17,34.79,22.24,68.42,3.46,0.48
1981-04-18,35.53,22.31,67.63,5.54,0.48
1981-04-19,35.4,22.7,67.51,4.06,0.49
1981-04-20,36.46,22.35,59.25,0.1,0.48
1981-04-21,35.16,22.09,60.44,0.43,0.48
1981-04-22,37.09,22.02,60.59,2.13,0.48
1981-04-23,38.35,23.02,55.64,0.0,0.48
1981-04-24,37.82,24.21,56.77,0.0,0.47
1981-04-25,39.21,25.18,54.55,0.0,0.47
1981-04-26,39.91,25.23,49.44,0.09,0.47
1981-04-27,39.17,22.28,53.16,0.03,0.47
1981-04-28,40.62,22.78,48.59,0.03,0.47
1981-04-29,41.01,22.22,49.32,0.0,0.47
1981-04-30,40.64,22.96,50.11,0.0,0.46
1981-05-01,40.43,23.17,51.41,0.0,0.46
1981-05-02,40.14,25.06,50.25,0.0,0.46
1981-05-03,40.52,24.81,48.68,0.09,0.46
1981-05-04,37.33,24.58,51.19,0.11,0.46
1981-05-05,32.27,25.89,55.83,0.0,0.46
1981-05-06,36.36,24.19,43.2,0.04,0.46
1981-05-07,37.79,25.44,45.56,1.57,0.46
1981-05-08,39.9,24.92,44.94,0.01,0.46
1981-05-09,40.98,25.41,46.11,0.0,0.46
1981-05-10,40.83,25.52,49.51,0.0,0.46
1981-05-11,38.09,26.32,56.67,2.51,0.46
1981-05-12,38.92,26.61,53.96,0.55,0.47
1981-05-13,36.53,26.11,55.81,0.06,0.46
1981-05-14,38.53,25.36,58.17,5.76,0.47
1981-05-15,39.38,25.2,56.01,0.09,0.47
1981-05-16,38.69,26.09,55.88,0.07,0.47
1981-05-17,35.52,26.55,62.28,3.3,0.47
1981-05-18,32.47,25.31,74.11,19.62,0.49
1981-05-19,31.7,24.39,80.04,13.02,0.51
1981-05-20,31.31,24.94,78.99,30.13,0.56
1981-05-21,32.11,24.43,71.54,1.17,0.57
1981-05-22,35.21,23.94,62.6,0.32,0.56
1981-05-23,35.77,23.81,68.58,1.57,0.55
1981-05-24,33.01,24.86,77.72,13.6,0.56
1981-05-25,32.79,24.81,77.73,1.75,0.57
1981-05-26,33.78,25.34,74.29,1.81,0.56
1981-05-27,34.33,24.65,73.47,3.3,0.56
1981-05-28,34.83,24.3,73.28,9.54,0.57
1981-05-29,34.63,23.57,73.92,4.77,0.57
1981-05-30,31.43,24.68,80.63,9.76,0.58
1981-05-31,33.56,23.87,74.91,2.81,0.58
1981-06-01,31.65,24.59,82.62,8.52,0.58
1981-06-02,32.91,24.78,76.51,5.86,0.59
1981-06-03,30.7,24.4,79.42,11.51,0.6
1981-06-04,29.52,23.59,82.81,10.23,0.61
1981-06-05,29.52,23.63,81.64,5.65,0.61
1981-06-06,31.12,23.98,83.57,3.01,0.61
1981-06-07,30.03,23.84,81.4,2.81,0.61
1981-06-08,32.38,24.11,77.83,5.95,0.61
1981-06-09,33.22,23.08,73.82,0.03,0.61
1981-06-10,33.84,23.46,75.03,1.95,0.6
1981-06-11,34.22,23.25,72.11,1.72,0.59
1981-06-12,34.24,24.2,74.97,1.83,0.59
1981-06-13,33.8,24.08,77.7,14.09,0.59
1981-06-14,32.32,24.88,82.71,7.92,0.61
1981-06-15,30.43,24.42,82.04,4.43,0.61
1981-06-16,32.26,23.46,76.85,3.24,0.61
1981-06-17,33.06,23.59,77.89,2.91,0.6
1981-06-18,32.33,23.55,78.59,9.65,0.6
1981-06-19,30.87,23.79,86.1,13.49,0.62
1981-06-20,31.5,23.9,83.36,15.26,0.64
1981-06-21,30.93,24.47,85.89,30.19,0.67
1981-06-22,30.74,23.9,84.63,7.01,0.69
1981-06-23,31.75,23.87,83.68,7.61,0.68
1981-06-24,30.67,24.02,85.28,19.75,0.71
1981-06-25,31.06,23.74,83.46,2.12,0.7
1981-06-26,31.73,23.2,81.61,2.03,0.69
1981-06-27,30.89,23.53,83.54,1.73,0.68
1981-06-28,30.68,23.66,84.92,9.03,0.69
1981-06-29,30.36,24.07,85.73,12.5,0.7
1981-06-30,29.47,24.05,87.97,15.02,0.71
1981-07-01,30.35,24.52,84.33,13.53,0.72
1981-07-02,30.36,24.67,85.57,2.49,0.72
1981-07-03,30.0,24.31,89.32,20.49,0.73
1981-07-04,29.59,24.27,89.94,17.88,0.75
1981-07-05,30.03,24.28,87.84,11.88,0.76
1981-07-06,28.92,23.99,87.34,6.8,0.77
1981-07-07,29.85,23.94,87.0,11.61,0.77
1981-07-08,30.65,23.48,84.9,1.88,0.77
1981-07-09,29.61,23.73,84.98,1.5,0.76
1981-07-10,30.29,23.35,86.25,7.83,0.76
1981-07-11,28.89,22.99,88.31,3.82,0.75
1981-07-12,30.79,22.44,84.79,12.22,0.76
1981-07-13,31.01,23.13,84.82,4.03,0.76
1981-07-14,30.32,23.64,87.67,2.56,0.75
1981-07-15,30.95,23.33,85.71,4.5,0.75
1981-07-16,30.87,23.39,85.11,2.69,0.74
1981-07-17,31.32,23.56,84.55,3.04,0.74
1981-07-18,30.77,23.64,83.99,0.7,0.73
1981-07-19,31.23,23.83,84.25,5.59,0.72
1981-07-20,31.43,23.54,84.16,11.29,0.73
1981-07-21,30.03,24.59,89.28,23.36,0.75
1981-07-22,29.65,23.76,86.17,1.38,0.76
1981-07-23,31.36,23.15,83.41,9.86,0.75
1981-07-24,31.33,23.23,85.21,20.63,0.76
1981-07-25,31.36,23.64,85.53,1.08,0.77
1981-07-26,29.3,23.98,88.08,6.91,0.76
1981-07-27,29.8,23.42,88.06,43.68,0.79
1981-07-28,30.91,23.22,86.12,4.68,0.81
1981-07-29,29.1,23.87,89.29,9.97,0.81
1981-07-30,30.11,24.0,89.93,2.33,0.81
1981-07-31,30.21,23.68,87.48,9.36,0.81
1981-08-01,30.49,23.18,85.01,2.25,0.8
1981-08-02,30.02,22.92,87.62,5.18,0.8
1981-08-03,29.39,23.37,88.6,8.74,0.8
1981-08-04,30.25,23.39,88.3,4.44,0.8
1981-08-05,28.83,23.82,91.45,25.18,0.82
1981-08-06,30.55,23.86,88.04,7.41,0.83
1981-08-07,28.78,24.02,91.25,14.74,0.84
1981-08-08,29.31,23.63,88.83,14.56,0.85
1981-08-09,31.27,23.28,85.17,7.25,0.85
1981-08-10,30.41,22.99,87.32,17.5,0.85
1981-08-11,27.42,23.63,91.76,17.69,0.86
1981-08-12,29.49,24.49,90.3,9.44,0.87
1981-08-13,30.23,24.07,88.79,4.96,0.87
1981-08-14,29.72,23.94,89.72,7.86,0.87
1981-08-15,30.8,23.77,88.09,1.74,0.86
1981-08-16,30.11,23.29,88.38,7.44,0.86
1981-08-17,30.41,23.13,88.17,6.85,0.86
1981-08-18,30.21,23.34,87.9,4.35,0.86
1981-08-19,28.99,23.47,89.64,1.24,0.85
1981-08-20,29.1,23.93,92.35,12.66,0.85
1981-08-21,28.47,23.91,91.62,17.83,0.87
1981-08-22,28.84,23.99,90.06,1.8,0.87
1981-08-23,30.42,23.47,87.27,3.83,0.86
1981-08-24,30.68,23.57,87.87,0.67,0.86
1981-08-25,31.01,23.33,87.93,11.72,0.85
1981-08-26,30.24,23.26,88.46,13.3,0.86
1981-08-27,28.88,23.01,89.07,5.78,0.86
1981-08-28,29.53,22.89,88.46,2.11,0.86
1981-08-29,30.42,22.85,89.77,5.18,0.86
1981-08-30,29.35,23.57,89.35,2.01,0.85
1981-08-31,29.85,22.87,88.11,2.07,0.85
1981-09-01,30.68,23.29,87.38,7.2,0.84
1981-09-02,30.51,23.11,87.74,2.4,0.84
1981-09-03,30.3,23.17,86.43,1.39,0.83
1981-09-04,30.04,22.79,87.96,20.72,0.84
1981-09-05,30.3,22.76,89.42,5.88,0.85
1981-09-06,27.69,23.82,92.9,12.8,0.85
1981-09-07,29.66,22.88,87.8,8.46,0.85
1981-09-08,28.61,23.12,91.07,13.04,0.86
1981-09-09,28.11,23.69,90.99,1.19,0.86
1981-09-10,29.79,23.03,88.03,0.86,0.86
1981-09-11,30.76,22.73,84.94,3.58,0.85
1981-09-12,29.95,22.82,85.98,8.02,0.85
1981-09-13,31.67,23.33,82.72,1.78,0.85
1981-09-14,31.66,23.71,81.93,0.22,0.84
1981-09-15,29.82,23.97,81.9,4.64,0.83
1981-09-16,31.89,22.89,77.81,1.75,0.83
1981-09-17,31.08,23.93,82.24,4.21,0.83
1981-09-18,30.76,23.68,84.47,2.47,0.82
1981-09-19,30.69,24.68,83.19,0.86,0.82
1981-09-20,30.41,23.79,87.79,22.28,0.83
1981-09-21,29.46,23.95,84.44,0.17,0.84
1981-09-22,30.37,24.27,86.61,0.43,0.83
1981-09-23,30.11,24.72,89.1,3.97,0.83
1981-09-24,28.21,24.63,90.47,2.56,0.83
1981-09-25,27.36,22.99,91.63,2.67,0.83
1981-09-26,30.55,22.02,84.91,0.09,0.82
1981-09-27,31.34,22.65,81.54,1.67,0.81
1981-09-28,28.41,23.68,90.32,0.15,0.8
1981-09-29,30.89,23.16,87.53,6.36,0.8
1981-09-30,30.86,23.33,87.13,2.05,0.8
1981-10-01,30.42,23.41,88.76,7.72,0.8
1981-10-02,29.72,23.81,89.8,14.81,0.81
1981-10-03,30.53,23.21,87.11,3.1,0.81
1981-10-04,30.57,23.77,86.5,13.12,0.82
1981-10-05,27.17,22.83,91.11,6.51,0.82
1981-10-06,29.82,22.21,87.07,0.99,0.82
1981-10-07,30.11,22.51,84.87,0.0,0.81
1981-10-08,29.75,21.0,83.86,0.0,0.8
1981-10-09,30.07,21.76,85.09,0.03,0.79
1981-10-10,29.68,21.88,84.48,0.91,0.78
1981-10-11,30.16,21.55,84.36,0.0,0.77
1981-10-12,26.69,21.74,86.07,2.12,0.76
1981-10-13,29.13,22.59,87.94,16.15,0.77
1981-10-14,27.87,23.25,90.39,4.94,0.79
1981-10-15,29.44,22.49,87.21,1.2,0.78
1981-10-16,30.28,21.99,84.19,0.24,0.77
1981-10-17,30.96,23.11,84.86,8.62,0.77
1981-10-18,28.83,23.9,90.85,15.79,0.78
1981-10-19,28.48,22.07,85.59,4.98,0.79
1981-10-20,29.78,20.89,84.46,1.44,0.79
1981-10-21,29.61,20.26,82.05,0.0,0.78
1981-10-22,30.3,20.33,79.85,0.0,0.77
1981-10-23,30.68,22.02,82.89,0.04,0.76
1981-10-24,28.66,23.1,87.85,0.02,0.75
1981-10-25,29.01,21.46,85.43,0.51,0.74
1981-10-26,29.1,22.36,86.8,0.14,0.74
1981-10-27,30.07,22.55,84.04,0.0,0.73
1981-10-28,31.42,22.48,79.55,0.0,0.72
1981-10-29,28.44,23.1,87.34,0.0,0.72
1981-10-30,30.07,23.08,85.4,0.0,0.71
1981-10-31,30.18,21.86,83.91,0.0,0.7
1981-11-01,30.61,21.67,80.37,0.0,0.7
1981-11-02,30.6,20.96,78.92,0.0,0.69
1981-11-03,30.22,19.79,77.37,0.0,0.68
1981-11-04,30.54,20.48,78.47,0.0,0.67
1981-11-05,30.73,21.13,78.65,0.61,0.66
1981-11-06,30.94,22.39,81.13,7.91,0.66
1981-11-07,29.6,23.55,84.63,7.59,0.67
1981-11-08,26.49,21.05,90.64,4.34,0.67
1981-11-09,21.58,17.79,87.72,6.96,0.68
1981-11-10,19.27,16.37,91.99,10.53,0.68
1981-11-11,24.44,17.72,87.39,1.74,0.7
1981-11-12,27.09,19.48,86.73,0.61,0.69
1981-11-13,28.34,20.21,84.94,0.0,0.68
1981-11-14,28.83,19.84,81.27,0.02,0.68
1981-11-15,28.22,20.82,82.74,0.19,0.67
1981-11-16,29.45,20.48,76.93,0.56,0.66
1981-11-17,27.98,18.17,75.11,2.43,0.66
1981-11-18,24.48,20.86,88.7,4.4,0.66
1981-11-19,25.57,20.92,93.34,29.18,0.68
1981-11-20,25.26,21.49,95.33,35.46,0.74
1981-11-21,25.72,21.88,93.29,2.77,0.76
1981-11-22,28.08,21.08,86.11,1.33,0.75
1981-11-23,27.42,21.75,82.34,0.0,0.75
1981-11-24,28.15,18.73,82.82,0.0,0.74
1981-11-25,26.94,15.52,78.49,0.0,0.73
1981-11-26,27.4,15.86,79.33,0.0,0.73
1981-11-27,27.55,16.69,79.6,0.01,0.72
1981-11-28,28.76,18.12,80.67,0.0,0.71
1981-11-29,27.78,20.37,88.8,0.0,0.71
1981-11-30,27.96,20.23,84.92,0.0,0.7
1981-12-01,24.55,18.45,76.63,0.0,0.69
1981-12-02,24.95,15.55,72.09,0.0,0.69
1981-12-03,24.93,13.67,77.08,0.0,0.68
1981-12-04,26.24,14.12,74.39,0.0,0.67
1981-12-05,26.32,14.7,76.68,0.0,0.67
1981-12-06,27.32,16.06,76.94,0.0,0.66
1981-12-07,25.31,17.11,81.03,0.0,0.66
1981-12-08,26.26,17.31,79.69,0.01,0.66
1981-12-09,27.05,16.94,76.85,0.51,0.65
1981-12-10,27.33,18.78,78.38,0.43,0.65
1981-12-11,27.88,19.17,84.09,0.39,0.64
1981-12-12,28.87,19.66,80.25,0.0,0.64
1981-12-13,27.92,18.93,80.46,0.0,0.63
1981-12-14,28.43,17.18,77.61,0.0,0.62
1981-12-15,26.86,19.03,82.96,0.01,0.62
1981-12-16,27.49,17.81,83.25,0.0,0.61
1981-12-17,26.6,15.26,76.95,0.03,0.61
1981-12-18,26.64,16.5,78.05,0.29,0.61
1981-12-19,25.46,15.87,75.38,0.0,0.6
1981-12-20,25.77,16.64,76.53,0.13,0.6
1981-12-21,25.71,16.21,79.96,0.71,0.6
1981-12-22,25.87,14.62,75.26,0.0,0.59
1981-12-23,26.1,16.02,69.66,0.0,0.59
1981-12-24,24.95,17.02,70.94,0.0,0.59
1981-12-25,26.62,15.29,73.08,0.0,0.58
1981-12-26,26.99,15.57,72.31,0.0,0.58
1981-12-27,27.51,13.82,67.31,0.0,0.58
1981-12-28,27.46,12.97,65.7,0.0,0.57
1981-12-29,28.04,13.59,63.97,0.0,0.57
1981-12-30,28.05,14.23,58.88,0.0,0.56
1981-12-31,27.86,12.49,56.73,0.0,0.56
1982-01-01,27.41,13.03,56.24,0.0,0.56
1982-01-02,26.94,12.35,62.69,0.0,0.55
1982-01-03,26.39,11.54,56.75,0.0,0.55
1982-01-04,27.07,12.31,54.52,0.0,0.55
1982-01-05,27.98,11.87,58.55,0.0,0.54
1982-01-06,28.93,14.26,57.02,0.0,0.54
1982-01-07,29.54,14.6,58.25,0.0,0.54
1982-01-08,30.39,17.65,53.87,0.0,0.54
1982-01-09,29.76,14.85,62.49,0.0,0.53
1982-01-10,29.47,14.64,60.45,0.0,0.53
1982-01-11,29.42,14.2,53.45,0.0,0.53
1982-01-12,29.72,13.27,56.21,0.0,0.52
1982-01-13,29.51,14.13,57.14,0.0,0.52
1982-01-14,29.17,13.82,58.22,0.0,0.52
1982-01-15,29.13,13.55,54.51,0.0,0.52
1982-01-16,29.22,14.42,52.3,0.0,0.51
1982-01-17,29.32,13.64,48.12,0.0,0.51
1982-01-18,29.66,13.96,51.56,0.01,0.51
1982-01-19,29.12,15.19,56.18,0.0,0.51
1982-01-20,29.05,14.09,52.54,0.0,0.5
1982-01-21,28.62,12.63,47.15,0.0,0.5
1982-01-22,28.84,11.9,54.06,0.0,0.5
1982-01-23,29.48,12.36,51.14,0.0,0.5
1982-01-24,30.37,12.65,50.79,0.0,0.49
1982-01-25,30.28,12.55,48.16,0.0,0.49
1982-01-26,31.18,12.43,47.35,0.0,0.49
1982-01-27,31.49,13.53,44.32,0.0,0.49
1982-01-28,31.81,16.13,44.18,0.0,0.48
1982-01-29,31.84,15.14,47.52,0.0,0.48
1982-01-30,31.9,16.36,44.99,0.0,0.48
1982-01-31,31.57,15.4,47.53,0.0,0.48
1982-02-01,32.01,16.62,48.18,0.0,0.48
1982-02-02,31.85,16.16,43.93,0.0,0.47
1982-02-03,30.39,13.73,51.41,0.0,0.47
1982-02-04,31.13,13.47,44.7,0.0,0.47
1982-02-05,32.57,14.66,43.79,0.0,0.47
1982-02-06,30.35,16.8,58.09,0.0,0.47
1982-02-07,30.76,13.03,49.07,0.0,0.47
1982-02-08,30.56,13.1,51.05,0.0,0.47
1982-02-09,31.28,15.99,56.88,0.0,0.47
1982-02-10,31.12,13.18,39.56,0.0,0.46
1982-02-11,31.62,12.63,34.2,0.0,0.46
1982-02-12,32.53,14.64,42.31,0.0,0.46
1982-02-13,33.54,15.88,43.5,0.0,0.46
1982-02-14,33.78,16.57,51.17,0.08,0.46
1982-02-15,33.3,17.51,51.05,0.0,0.46
1982-02-16,34.41,17.33,50.2,0.0,0.46
1982-02-17,34.38,18.38,47.27,0.0,0.46
1982-02-18,34.74,17.95,55.28,0.0,0.46
1982-02-19,35.33,18.64,55.83,0.0,0.46
1982-02-20,34.95,19.07,53.67,0.0,0.46
1982-02-21,35.35,18.63,46.93,0.0,0.46
1982-02-22,36.06,17.56,42.17,0.0,0.46
1982-02-23,36.03,17.49,31.51,0.0,0.46
1982-02-24,36.55,18.06,30.58,0.0,0.46
1982-02-25,36.21,18.68,39.06,0.0,0.46
1982-02-26,36.49,18.16,28.74,0.0,0.46
1982-02-27,37.49,17.51,25.84,0.0,0.46
1982-02-28,36.87,17.43,27.81,0.0,0.46
1982-03-01,37.3,18.93,29.27,0.0,0.46
1982-03-02,38.66,19.26,28.88,0.0,0.46
1982-03-03,38.85,19.31,35.05,0.0,0.46
1982-03-04,37.42,19.7,45.38,0.0,0.46
1982-03-05,35.77,17.55,40.32,0.0,0.46
1982-03-06,36.25,17.79,34.03,0.0,0.46
1982-03-07,37.37,18.01,43.81,0.91,0.46
1982-03-08,37.4,20.07,43.99,0.0,0.46
1982-03-09,37.33,18.97,33.76,0.0,0.46
1982-03-10,38.5,18.24,31.22,0.0,0.46
1982-03-11,38.49,20.78,33.98,0.0,0.46
1982-03-12,38.3,21.01,31.22,0.0,0.46
1982-03-13,39.06,20.78,42.3,0.0,0.46
1982-03-14,37.25,20.56,40.33,0.0,0.46
1982-03-15,38.24,19.18,28.79,0.0,0.46
1982-03-16,37.97,16.78,33.17,0.0,0.46
1982-03-17,38.73,16.68,41.01,0.0,0.46
1982-03-18,38.96,18.26,41.65,0.0,0.46
1982-03-19,39.25,19.66,37.62,0.0,0.46
1982-03-20,39.12,20.05,41.0,0.0,0.46
1982-03-21,39.79,21.56,33.83,0.0,0.46
1982-03-22,40.3,21.4,38.62,0.0,0.46
1982-03-23,40.31,20.78,41.78,0.0,0.46
1982-03-24,40.14,20.33,44.35,0.0,0.46
1982-03-25,41.31,20.93,46.63,0.0,0.46
1982-03-26,41.03,21.6,44.66,0.0,0.46
1982-03-27,39.59,21.19,46.83,0.0,0.46
1982-03-28,39.15,21.81,36.71,0.0,0.46
1982-03-29,39.93,21.89,32.93,0.0,0.46
1982-03-30,39.43,20.1,45.98,0.0,0.46
1982-03-31,38.46,21.64,52.74,0.0,0.46
1982-04-01,37.26,22.51,57.91,0.0,0.46
1982-04-02,38.77,22.8,56.31,0.0,0.46
1982-04-03,39.62,23.59,56.41,0.0,0.46
1982-04-04,39.37,23.53,54.11,0.0,0.46
1982-04-05,39.72,24.18,51.79,0.0,0.46
1982-04-06,40.69,24.22,48.47,0.0,0.46
1982-04-07,39.37,24.24,51.73,0.02,0.46
1982-04-08,40.05,23.79,50.67,0.0,0.46
1982-04-09,40.07,23.88,50.22,0.0,0.46
1982-04-10,38.16,24.77,52.05,0.0,0.46
1982-04-11,38.35,24.3,45.11,0.01,0.46
1982-04-12,38.37,23.7,41.78,0.0,0.46
1982-04-13,39.44,22.05,39.2,0.0,0.46
1982-04-14,40.53,23.09,40.1,0.0,0.46
1982-04-15,39.55,23.28,40.66,0.01,0.46
1982-04-16,37.28,22.52,49.21,0.0,0.46
1982-04-17,34.48,23.99,49.53,0.0,0.46
1982-04-18,38.65,22.42,43.39,0.0,0.46
1982-04-19,39.12,23.11,41.81,0.0,0.46
1982-04-20,39.08,22.23,46.83,0.0,0.46
1982-04-21,40.29,23.08,43.32,0.0,0.46
1982-04-22,39.65,22.55,45.3,0.0,0.46
1982-04-23,39.56,23.41,46.37,0.04,0.46
1982-04-24,38.65,22.97,50.97,8.08,0.47
1982-04-25,38.95,24.24,45.71,0.0,0.47
1982-04-26,38.13,24.32,44.66,0.01,0.47
1982-04-27,39.62,24.44,42.42,0.0,0.46
1982-04-28,41.41,25.49,43.92,0.0,0.46
1982-04-29,40.85,24.29,46.5,0.0,0.46
1982-04-30,39.64,26.04,41.61,0.0,0.46
1982-05-01,39.69,25.53,43.81,0.0,0.46
1982-05-02,40.44,25.67,47.45,0.0,0.46
1982-05-03,39.17,26.26,42.29,0.0,0.46
1982-05-04,34.75,25.36,45.12,1.57,0.46
1982-05-05,36.93,24.66,52.37,13.38,0.48
1982-05-06,37.66,22.9,52.47,0.0,0.48
1982-05-07,38.6,24.55,49.66,0.0,0.48
1982-05-08,39.46,24.78,51.77,0.0,0.47
1982-05-09,40.03,25.31,52.16,0.0,0.47
1982-05-10,41.04,24.7,51.44,0.0,0.47
1982-05-11,41.3,24.25,50.69,0.0,0.47
1982-05-12,40.77,24.76,53.54,0.02,0.46
1982-05-13,40.72,26.45,51.58,0.13,0.46
1982-05-14,37.94,27.62,53.57,0.12,0.46
1982-05-15,35.49,27.15,56.24,1.18,0.46
1982-05-16,37.0,26.56,50.69,1.47,0.47
1982-05-17,39.17,25.86,48.63,0.01,0.47
1982-05-18,37.89,25.36,56.2,4.84,0.47
1982-05-19,38.25,25.27,52.05,2.29,0.47
1982-05-20,40.75,25.93,48.1,0.02,0.47
1982-05-21,41.44,25.71,49.09,0.46,0.47
1982-05-22,40.61,26.91,48.57,0.0,0.46
1982-05-23,38.05,27.84,49.37,0.02,0.46
1982-05-24,31.6,27.25,60.85,2.02,0.46
1982-05-25,34.22,25.31,64.26,0.93,0.47
1982-05-26,31.75,25.99,72.68,3.19,0.47
1982-05-27,34.14,26.09,65.72,0.8,0.47
1982-05-28,31.1,25.17,78.08,10.64,0.48
1982-05-29,35.12,24.17,65.06,0.06,0.49
1982-05-30,34.33,24.71,71.6,8.98,0.49
1982-05-31,37.78,24.99,63.65,3.21,0.49
1982-06-01,33.79,25.55,73.15,8.34,0.5
1982-06-02,32.55,24.98,78.54,9.84,0.52
1982-06-03,35.39,25.53,68.36,0.55,0.52
1982-06-04,35.54,25.33,66.36,0.38,0.51
1982-06-05,37.76,25.39,62.23,0.23,0.51
1982-06-06,37.29,26.1,61.08,0.35,0.5
1982-06-07,37.89,26.66,60.38,0.04,0.5
1982-06-08,33.1,26.72,72.35,0.97,0.49
1982-06-09,29.77,24.93,83.63,13.24,0.51
1982-06-10,31.29,24.33,82.93,3.32,0.52
1982-06-11,30.49,24.19,85.75,14.6,0.53
1982-06-12,31.01,24.59,83.63,7.02,0.55
1982-06-13,32.18,23.67,78.3,7.13,0.55
1982-06-14,29.32,24.47,84.14,6.05,0.56
1982-06-15,30.8,24.55,82.67,8.49,0.57
1982-06-16,32.69,24.26,79.65,7.05,0.57
1982-06-17,32.07,24.64,82.64,19.71,0.59
1982-06-18,29.8,24.97,86.39,16.15,0.61
1982-06-19,31.06,24.62,81.2,7.3,0.62
1982-06-20,31.06,24.05,81.17,5.16,0.62
1982-06-21,31.88,23.25,81.47,7.08,0.62
1982-06-22,30.41,23.46,83.14,12.06,0.64
1982-06-23,31.73,23.15,80.66,3.26,0.64
1982-06-24,31.68,23.37,81.19,9.77,0.64
1982-06-25,31.47,23.55,82.99,14.58,0.64
1982-06-26,30.62,24.5,87.19,28.54,0.68
1982-06-27,31.67,23.89,82.28,2.13,0.69
1982-06-28,31.27,23.97,82.78,3.37,0.68
1982-06-29,30.97,23.35,82.61,12.85,0.69
1982-06-30,32.17,23.1,81.87,1.13,0.68
1982-07-01,31.65,24.0,82.13,5.34,0.68
1982-07-02,31.02,23.87,84.71,17.0,0.69
1982-07-03,32.17,23.52,82.93,9.72,0.7
1982-07-04,31.73,24.27,84.23,0.19,0.69
1982-07-05,30.93,24.01,86.34,18.28,0.7
1982-07-06,31.4,23.24,81.71,1.23,0.71
1982-07-07,31.05,23.01,82.82,0.11,0.7
1982-07-08,29.57,23.15,84.77,2.65,0.69
1982-07-09,29.34,23.32,84.19,6.04,0.69
1982-07-10,31.39,23.4,83.76,5.05,0.69
1982-07-11,31.0,23.17,81.89,0.04,0.69
1982-07-12,31.29,23.66,81.19,0.3,0.68
1982-07-13,31.92,23.22,79.51,0.0,0.67
1982-07-14,31.79,23.54,79.9,0.03,0.66
1982-07-15,31.75,23.32,81.25,0.11,0.66
1982-07-16,32.22,23.75,81.86,3.96,0.65
1982-07-17,33.1,23.78,78.45,0.0,0.65
1982-07-18,32.26,23.81,80.36,1.0,0.64
1982-07-19,31.64,24.44,80.9,0.69,0.63
1982-07-20,31.9,23.71,81.53,7.16,0.63
1982-07-21,29.1,23.38,87.94,21.85,0.65
1982-07-22,28.26,22.83,88.02,2.37,0.67
1982-07-23,30.93,22.95,83.89,4.92,0.66
1982-07-24,31.36,23.18,83.37,12.68,0.66
1982-07-25,32.0,22.98,81.84,0.7,0.67
1982-07-26,30.57,24.41,84.98,1.67,0.66
1982-07-27,31.31,23.8,82.64,4.96,0.66
1982-07-28,30.05,23.55,85.27,13.91,0.67
1982-07-29,30.64,24.07,85.94,5.83,0.67
1982-07-30,30.3,24.15,87.27,10.63,0.68
1982-07-31,30.67,23.37,86.7,3.05,0.68
1982-08-01,30.77,23.44,83.53,15.01,0.69
1982-08-02,30.49,23.51,85.09,9.6,0.7
1982-08-03,31.6,23.49,84.96,3.41,0.69
1982-08-04,31.25,23.64,84.3,5.31,0.69
1982-08-05,29.07,23.67,88.7,12.82,0.7
1982-08-06,29.18,23.48,88.81,2.98,0.71
1982-08-07,28.01,23.55,90.53,11.48,0.71
1982-08-08,29.46,24.01,85.46,6.07,0.72
1982-08-09,29.7,23.56,88.01,6.55,0.72
1982-08-10,31.66,22.84,83.68,4.5,0.71
1982-08-11,29.33,23.1,86.59,1.98,0.71
1982-08-12,31.07,23.58,86.25,2.2,0.71
1982-08-13,30.43,24.35,87.79,12.0,0.71
1982-08-14,31.25,23.84,84.24,0.68,0.71
1982-08-15,31.4,23.75,85.36,5.15,0.7
1982-08-16,30.68,23.63,87.85,14.55,0.71
1982-08-17,28.95,24.7,88.99,1.91,0.72
1982-08-18,30.31,24.69,86.85,9.82,0.72
1982-08-19,30.55,24.21,85.44,2.54,0.72
1982-08-20,30.36,24.03,88.31,24.2,0.73
1982-08-21,29.99,23.88,88.94,17.03,0.74
1982-08-22,29.43,23.86,86.45,0.7,0.75
1982-08-23,30.22,23.81,86.82,10.95,0.75
1982-08-24,28.47,23.8,90.18,3.05,0.75
1982-08-25,28.5,23.61,90.13,6.69,0.75
1982-08-26,30.33,24.22,86.14,0.62,0.74
1982-08-27,30.25,23.78,85.8,1.43,0.73
1982-08-28,30.35,23.4,86.09,7.36,0.73
1982-08-29,30.79,22.89,86.02,9.41,0.73
1982-08-30,31.13,22.6,84.47,1.32,0.73
1982-08-31,31.74,22.64,82.26,0.33,0.72
1982-09-01,31.33,23.44,82.94,0.45,0.71
1982-09-02,29.92,24.42,87.64,14.55,0.71
1982-09-03,27.5,22.83,89.62,19.33,0.74
1982-09-04,30.09,22.07,85.02,0.13,0.74
1982-09-05,29.27,23.16,85.53,4.9,0.73
1982-09-06,29.98,23.61,86.34,12.89,0.74
1982-09-07,30.72,23.67,84.47,1.74,0.74
1982-09-08,32.02,24.01,85.35,0.86,0.73
1982-09-09,27.96,22.64,88.61,1.65,0.73
1982-09-10,30.12,21.64,85.88,13.42,0.73
1982-09-11,30.92,22.19,83.63,0.0,0.73
1982-09-12,31.6,21.36,83.29,0.0,0.72
1982-09-13,31.46,22.12,83.1,0.05,0.71
1982-09-14,30.59,22.63,83.26,0.26,0.7
1982-09-15,31.04,21.54,83.11,1.19,0.69
1982-09-16,31.31,21.84,83.68,10.17,0.69
1982-09-17,29.36,23.37,87.54,3.52,0.7
1982-09-18,29.61,23.02,84.85,0.61,0.69
1982-09-19,31.02,22.05,82.29,5.66,0.69
1982-09-20,30.98,22.49,83.16,6.16,0.69
1982-09-21,31.69,22.1,82.42,0.53,0.68
1982-09-22,31.73,22.4,83.22,2.57,0.68
1982-09-23,31.24,22.68,81.52,0.21,0.67
1982-09-24,30.61,23.1,83.82,0.91,0.66
1982-09-25,29.53,22.78,88.91,12.21,0.67
1982-09-26,28.45,23.15,89.94,4.27,0.68
1982-09-27,29.74,22.55,86.15,2.21,0.67
1982-09-28,28.78,23.23,86.46,1.1,0.67
1982-09-29,29.18,23.58,90.39,3.2,0.66
1982-09-30,28.28,23.43,90.58,11.75,0.67
1982-10-01,29.82,22.89,82.84,1.95,0.68
1982-10-02,27.28,21.82,88.15,6.3,0.67
1982-10-03,27.37,21.71,89.87,0.95,0.68
1982-10-04,28.98,22.15,84.01,0.44,0.68
1982-10-05,30.54,21.77,79.17,0.39,0.67
1982-10-06,31.41,22.28,78.9,0.31,0.66
1982-10-07,30.76,22.26,82.29,7.49,0.66
1982-10-08,31.1,20.69,81.68,0.03,0.66
1982-10-09,31.44,20.97,77.51,0.1,0.65
1982-10-10,31.38,21.39,77.39,0.07,0.64
1982-10-11,28.97,23.34,83.98,5.83,0.64
1982-10-12,28.41,23.11,79.45,6.97,0.65
1982-10-13,31.17,22.17,75.19,4.01,0.65
1982-10-14,31.31,22.91,77.68,0.39,0.64
1982-10-15,32.42,22.91,77.84,0.01,0.64
1982-10-16,33.41,23.0,74.4,0.0,0.63
1982-10-17,30.61,22.84,80.69,0.0,0.62
1982-10-18,32.95,22.98,79.4,0.0,0.62
1982-10-19,34.23,22.9,74.47,0.37,0.61
1982-10-20,33.56,23.06,75.91,0.0,0.6
1982-10-21,33.36,22.41,75.23,0.0,0.6
1982-10-22,32.45,21.92,74.82,0.01,0.59
1982-10-23,32.53,21.84,75.76,0.66,0.58
1982-10-24,32.62,22.28,75.33,0.15,0.58
1982-10-25,32.6,21.96,73.66,0.18,0.57
1982-10-26,31.41,20.72,75.91,2.69,0.57
1982-10-27,32.23,19.89,70.99,0.13,0.57
1982-10-28,33.21,20.99,69.31,0.0,0.56
1982-10-29,33.92,21.58,67.58,0.0,0.56
1982-10-30,32.5,22.25,71.76,0.0,0.55
1982-10-31,33.61,21.98,67.99,0.0,0.55
1982-11-01,34.15,21.5,64.32,0.0,0.54
1982-11-02,34.21,22.89,66.46,0.0,0.54
1982-11-03,34.06,21.99,67.86,0.0,0.54
1982-11-04,33.73,20.76,65.31,0.0,0.53
1982-11-05,33.4,19.07,66.75,0.0,0.53
1982-11-06,32.42,17.1,62.22,0.0,0.52
1982-11-07,32.57,18.54,57.3,0.0,0.52
1982-11-08,32.52,18.19,57.83,0.0,0.52
1982-11-09,33.12,18.89,56.73,0.0,0.51
1982-11-10,32.06,20.0,57.82,0.0,0.51
1982-11-11,31.75,19.38,63.52,0.1,0.51
1982-11-12,31.42,19.13,69.78,1.11,0.51
1982-11-13,32.16,19.97,72.81,0.15,0.5
1982-11-14,32.32,20.15,70.03,0.0,0.5
1982-11-15,31.5,18.06,61.23,0.0,0.5
1982-11-16,32.29,16.85,60.06,0.0,0.49
1982-11-17,33.02,16.99,57.08,0.0,0.49
1982-11-18,33.22,17.54,55.72,0.0,0.49
1982-11-19,33.41,18.63,51.99,0.0,0.49
1982-11-20,33.22,18.14,49.3,0.0,0.49
1982-11-21,32.73,16.05,49.44,0.0,0.48
1982-11-22,33.35,16.88,48.42,0.0,0.48
1982-11-23,32.78,17.52,52.47,0.03,0.48
1982-11-24,33.14,19.59,50.42,0.01,0.48
1982-11-25,33.16,17.86,46.48,0.0,0.48
1982-11-26,33.11,17.37,49.46,0.0,0.48
1982-11-27,32.28,17.34,43.42,0.0,0.47
1982-11-28,31.63,14.83,42.34,0.0,0.47
1982-11-29,31.27,14.11,44.91,0.0,0.47
1982-11-30,31.25,14.17,43.13,0.0,0.47
1982-12-01,30.42,12.4,44.84,1.26,0.47
1982-12-02,30.65,12.4,38.9,0.0,0.47
1982-12-03,31.18,12.42,36.67,0.0,0.47
1982-12-04,30.57,13.25,43.22,0.0,0.47
1982-12-05,31.38,13.95,43.71,0.0,0.47
1982-12-06,32.07,15.25,43.99,0.0,0.47
1982-12-07,32.3,15.73,41.72,0.0,0.47
1982-12-08,31.84,15.02,39.28,0.0,0.47
1982-12-09,31.49,14.39,42.56,0.0,0.47
1982-12-10,32.02,14.19,46.1,0.0,0.47
1982-12-11,31.6,14.38,47.2,0.0,0.47
1982-12-12,32.49,15.07,36.1,0.0,0.47
1982-12-13,31.78,17.6,49.49,0.0,0.46
1982-12-14,31.53,18.2,58.8,0.0,0.46
1982-12-15,31.34,18.61,61.03,0.0,0.46
1982-12-16,32.76,16.82,50.13,0.0,0.46
1982-12-17,31.99,16.73,44.63,0.0,0.46
1982-12-18,30.94,16.27,42.22,0.0,0.46
1982-12-19,30.13,15.64,50.95,0.0,0.46
1982-12-20,30.44,17.41,49.23,0.0,0.46
1982-12-21,30.01,15.57,45.9,0.0,0.46
1982-12-22,30.39,16.19,45.99,0.0,0.46
1982-12-23,30.32,14.97,53.59,0.0,0.46
1982-12-24,31.62,14.06,44.79,0.0,0.46
1982-12-25,31.57,15.4,39.94,0.0,0.46
1982-12-26,30.66,14.37,42.24,0.0,0.46
1982-12-27,29.16,13.66,43.7,0.0,0.46
1982-12-28,28.9,14.41,47.35,0.0,0.46
1982-12-29,29.84,15.54,50.11,0.0,0.46
1982-12-30,29.48,12.97,54.59,0.0,0.46
1982-12-31,29.63,13.74,51.16,0.0,0.46
1983-01-01,29.53,11.98,41.44,0.0,0.46
1983-01-02,29.63,13.09,38.57,0.0,0.46
1983-01-03,28.58,13.22,37.33,0.0,0.46
1983-01-04,28.52,11.34,38.93,0.0,0.46
1983-01-05,27.03,10.36,29.67,0.0,0.46
1983-01-06,28.12,9.19,29.52,0.0,0.46
1983-01-07,28.35,10.67,35.77,0.0,0.46
1983-01-08,29.47,11.83,38.76,0.0,0.46
1983-01-09,29.53,12.6,36.16,0.0,0.46
1983-01-10,31.16,12.59,35.34,0.0,0.46
1983-01-11,31.82,14.01,41.23,0.0,0.46
1983-01-12,29.75,12.49,40.68,0.0,0.46
1983-01-13,30.55,12.67,34.62,0.0,0.46
1983-01-14,30.54,12.8,34.35,0.0,0.46
1983-01-15,30.69,12.15,34.7,0.0,0.46
1983-01-16,30.63,12.87,32.12,0.0,0.46
1983-01-17,31.31,12.45,29.48,0.0,0.46
1983-01-18,32.32,13.24,26.89,0.0,0.46
1983-01-19,31.89,14.67,45.06,0.0,0.46
1983-01-20,31.12,14.02,39.67,0.0,0.46
1983-01-21,31.44,12.89,32.26,0.0,0.46
1983-01-22,30.55,11.99,33.66,0.0,0.46
1983-01-23,30.24,13.81,42.65,0.0,0.46
1983-01-24,29.77,15.2,44.13,0.0,0.46
1983-01-25,26.48,16.72,47.12,0.0,0.46
1983-01-26,29.78,15.4,40.65,0.0,0.46
1983-01-27,29.66,13.58,47.6,0.0,0.46
1983-01-28,30.97,15.18,37.04,0.0,0.46
1983-01-29,31.77,14.21,42.45,0.0,0.46
1983-01-30,31.91,13.66,48.46,0.0,0.46
1983-01-31,32.32,14.65,60.1,0.02,0.46
1983-02-01,31.57,16.56,55.9,0.0,0.46
1983-02-02,31.34,15.69,45.34,0.0,0.46
1983-02-03,32.72,15.91,42.68,0.0,0.46
1983-02-04,31.9,16.91,43.81,0.0,0.46
1983-02-05,29.7,14.81,32.9,0.0,0.46
1983-02-06,29.26,10.4,26.5,0.0,0.46
1983-02-07,31.3,11.76,23.46,0.0,0.46
1983-02-08,32.17,15.59,30.44,0.0,0.46
1983-02-09,33.71,17.09,39.8,0.0,0.46
1983-02-10,34.16,17.61,43.04,0.0,0.46
1983-02-11,33.7,16.92,39.81,0.0,0.46
1983-02-12,32.64,15.0,34.7,0.0,0.46
1983-02-13,33.22,13.94,25.1,0.0,0.46
1983-02-14,34.97,15.25,24.0,0.0,0.46
1983-02-15,35.3,17.43,30.42,0.0,0.46
1983-02-16,35.91,17.75,42.28,0.0,0.46
1983-02-17,36.23,17.96,41.83,0.0,0.46
1983-02-18,36.28,17.3,38.56,0.0,0.46
1983-02-19,36.56,17.84,49.3,0.0,0.46
1983-02-20,34.98,18.84,55.12,0.0,0.46
1983-02-21,34.87,17.58,52.9,0.0,0.46
1983-02-22,34.81,18.24,49.54,0.02,0.46
1983-02-23,35.15,17.64,50.23,0.0,0.46
1983-02-24,33.53,17.56,41.38,0.0,0.46
1983-02-25,35.03,17.45,32.02,0.0,0.46
1983-02-26,34.77,16.47,38.82,0.0,0.46
1983-02-27,34.31,17.43,52.67,0.02,0.46
1983-02-28,34.54,17.62,60.8,0.0,0.46
1983-03-01,33.3,16.75,47.43,0.0,0.46
1983-03-02,35.22,16.4,27.1,0.0,0.46
1983-03-03,36.66,16.71,27.81,0.0,0.46
1983-03-04,37.77,18.26,32.1,0.0,0.46
1983-03-05,37.27,19.46,39.99,0.0,0.46
1983-03-06,37.21,18.97,45.93,0.0,0.46
1983-03-07,36.98,19.07,46.07,0.0,0.46
1983-03-08,36.26,18.05,47.16,0.0,0.46
1983-03-09,36.78,18.13,47.49,0.0,0.46
1983-03-10,38.31,19.48,47.72,0.0,0.46
1983-03-11,39.02,20.19,49.17,0.0,0.46
1983-03-12,39.08,19.08,47.66,0.0,0.46
1983-03-13,40.48,19.74,51.68,0.0,0.46
1983-03-14,38.5,20.58,57.53,0.0,0.46
1983-03-15,38.14,19.58,57.08,0.0,0.46
1983-03-16,38.24,20.1,57.63,0.0,0.46
1983-03-17,37.27,20.55,55.67,0.0,0.46
1983-03-18,38.03,19.88,52.54,0.0,0.46
1983-03-19,38.64,19.82,52.36,0.0,0.46
1983-03-20,38.21,19.88,52.4,0.0,0.46
1983-03-21,38.36,20.59,55.26,0.0,0.46
1983-03-22,38.13,21.65,55.22,0.0,0.46
1983-03-23,37.07,21.65,51.81,0.0,0.46
1983-03-24,36.0,18.2,41.44,0.0,0.46
1983-03-25,36.86,17.21,23.9,0.0,0.46
1983-03-26,38.46,16.95,28.08,0.0,0.46
1983-03-27,40.13,18.56,42.02,0.0,0.46
1983-03-28,40.24,19.0,50.98,0.0,0.46
1983-03-29,40.8,21.26,48.37,0.0,0.46
1983-03-30,40.8,21.55,44.72,0.0,0.46
1983-03-31,40.5,21.95,42.31,0.0,0.46
1983-04-01,40.28,21.84,44.03,0.0,0.46
1983-04-02,38.67,21.8,43.48,0.0,0.46
1983-04-03,39.91,21.61,46.12,0.0,0.46
1983-04-04,38.61,23.31,52.93,0.0,0.46
1983-04-05,39.78,23.33,53.32,0.0,0.46
1983-04-06,39.24,22.6,55.02,0.09,0.46
1983-04-07,39.55,22.64,57.9,0.48,0.46
1983-04-08,39.64,22.6,56.19,0.0,0.46
1983-04-09,39.72,22.36,53.57,0.0,0.46
1983-04-10,41.43,22.06,49.19,0.0,0.46
1983-04-11,41.33,23.31,44.61,0.0,0.46
1983-04-12,40.36,22.23,46.06,0.03,0.46
1983-04-13,39.33,22.41,45.89,0.0,0.46
1983-04-14,39.96,22.68,48.07,0.0,0.46
1983-04-15,41.42,23.42,48.82,0.0,0.46
1983-04-16,41.72,24.6,43.87,0.0,0.46
1983-04-17,43.07,25.06,39.42,0.0,0.46
1983-04-18,42.87,24.35,38.95,0.0,0.46
1983-04-19,43.61,25.19,38.2,0.0,0.46
1983-04-20,43.29,26.12,37.54,0.0,0.46
1983-04-21,41.67,24.53,35.9,0.0,0.46
1983-04-22,39.95,22.98,34.25,0.0,0.46
1983-04-23,40.21,23.34,43.64,0.0,0.46
1983-04-24,39.47,23.74,44.89,0.0,0.46
1983-04-25,39.23,21.98,41.57,1.29,0.46
1983-04-26,41.24,24.15,39.56,0.0,0.46
1983-04-27,41.24,25.59,35.44,0.0,0.46
1983-04-28,41.1,23.04,41.83,0.0,0.46
1983-04-29,40.15,23.32,51.05,0.02,0.46
1983-04-30,38.54,25.66,54.57,1.08,0.46
1983-05-01,39.23,24.14,54.5,0.0,0.46
1983-05-02,39.66,24.92,52.18,0.0,0.46
1983-05-03,40.52,24.0,52.87,0.0,0.46
1983-05-04,40.21,24.62,51.73,0.0,0.46
1983-05-05,40.9,25.42,50.48,0.02,0.46
1983-05-06,40.39,26.23,49.11,0.0,0.46
1983-05-07,39.19,26.81,49.86,0.0,0.46
1983-05-08,39.74,25.75,51.23,0.0,0.46
1983-05-09,38.08,25.18,51.05,0.1,0.46
1983-05-10,37.44,25.0,51.62,0.0,0.46
1983-05-11,36.96,23.93,46.8,0.0,0.46
1983-05-12,38.85,25.21,47.4,0.0,0.46
1983-05-13,40.92,24.68,49.49,0.0,0.46
1983-05-14,40.43,25.2,51.08,0.0,0.46
1983-05-15,41.15,25.72,47.29,0.0,0.46
1983-05-16,40.57,27.28,45.79,0.03,0.46
1983-05-17,40.25,26.36,46.56,0.0,0.46
1983-05-18,40.11,26.4,43.73,0.0,0.46
1983-05-19,37.26,26.23,53.96,0.0,0.46
1983-05-20,38.99,26.36,55.06,0.0,0.46
1983-05-21,36.55,26.52,53.27,0.0,0.46
1983-05-22,41.87,26.09,48.19,0.0,0.46
1983-05-23,40.32,26.63,51.69,0.0,0.46
1983-05-24,41.77,26.58,48.76,0.05,0.46
1983-05-25,40.21,27.21,48.56,0.03,0.46
1983-05-26,34.27,28.17,54.93,0.0,0.46
1983-05-27,38.41,27.25,53.46,0.09,0.46
1983-05-28,35.96,27.08,57.28,0.06,0.46
1983-05-29,34.89,27.11,57.72,0.02,0.46
1983-05-30,38.69,26.98,52.54,0.07,0.46
1983-05-31,37.1,27.68,52.14,0.0,0.46
1983-06-01,36.34,27.79,55.17,0.01,0.46
1983-06-02,38.31,26.86,55.4,0.03,0.46
1983-06-03,35.7,26.47,57.98,0.0,0.46
1983-06-04,37.83,26.53,54.83,0.0,0.46
1983-06-05,36.47,26.89,59.12,0.21,0.46
1983-06-06,33.88,27.02,63.73,0.21,0.46
1983-06-07,37.88,26.6,57.02,0.08,0.46
1983-06-08,36.95,26.98,56.6,1.67,0.46
1983-06-09,36.49,26.18,57.77,0.5,0.46
1983-06-10,38.25,26.53,50.59,0.04,0.46
1983-06-11,37.82,27.11,51.32,0.21,0.46
1983-06-12,34.78,27.56,59.45,0.37,0.46
1983-06-13,37.32,26.64,54.71,0.05,0.46
1983-06-14,37.86,26.57,53.09,0.06,0.46
1983-06-15,38.87,26.51,56.17,0.15,0.46
1983-06-16,38.52,26.53,54.91,0.01,0.46
1983-06-17,41.41,26.02,50.11,0.23,0.46
1983-06-18,39.19,26.87,52.74,0.18,0.46
1983-06-19,39.77,26.39,53.49,1.42,0.46
1983-06-20,41.11,26.47,53.38,0.0,0.46
1983-06-21,40.49,26.72,51.95,0.0,0.46
1983-06-22,39.85,26.91,49.52,0.0,0.46
1983-06-23,38.67,28.1,50.6,0.02,0.46
1983-06-24,37.46,27.54,53.67,0.08,0.46
1983-06-25,36.04,27.26,60.34,1.25,0.46
1983-06-26,36.22,26.77,58.28,0.0,0.46
1983-06-27,38.0,26.23,57.22,0.01,0.46
1983-06-28,32.26,26.82,63.45,0.0,0.46
1983-06-29,33.72,25.76,65.01,0.01,0.46
1983-06-30,37.38,26.53,57.1,0.02,0.46
1983-07-01,38.25,26.75,57.7,0.07,0.46
1983-07-02,34.34,26.73,66.74,1.58,0.46
1983-07-03,33.63,25.78,67.46,2.3,0.47
1983-07-04,36.07,25.87,60.88,0.02,0.47
1983-07-05,36.48,26.02,57.79,0.0,0.47
1983-07-06,38.96,25.37,56.15,0.0,0.46
1983-07-07,38.8,25.79,58.23,0.0,0.46
1983-07-08,38.34,26.51,54.57,0.0,0.46
1983-07-09,38.72,27.18,50.08,0.0,0.46
1983-07-10,37.92,27.91,52.84,0.0,0.46
1983-07-11,39.26,27.32,53.27,0.01,0.46
1983-07-12,40.34,27.45,51.98,0.0,0.46
1983-07-13,36.07,27.76,56.42,0.0,0.46
1983-07-14,39.41,27.28,53.88,0.01,0.46
1983-07-15,37.61,27.67,55.58,0.01,0.46
1983-07-16,38.65,27.32,53.7,0.06,0.46
1983-07-17,35.58,27.17,58.01,0.07,0.46
1983-07-18,38.83,26.73,57.28,0.95,0.46
1983-07-19,33.4,26.73,59.82,0.08,0.46
1983-07-20,35.83,25.85,61.79,0.03,0.46
1983-07-21,37.23,26.16,61.41,0.07,0.46
1983-07-22,37.95,26.45,56.87,0.04,0.46
1983-07-23,33.6,27.14,61.7,0.36,0.46
1983-07-24,37.76,26.01,55.53,0.09,0.46
1983-07-25,37.27,26.45,55.96,0.12,0.46
1983-07-26,39.46,25.85,51.74,0.03,0.46
1983-07-27,37.29,25.9,54.29,0.17,0.46
1983-07-28,34.66,26.16,58.13,0.21,0.46
1983-07-29,35.13,25.92,58.25,0.42,0.46
1983-07-30,33.96,25.16,67.82,1.04,0.46
1983-07-31,32.22,26.08,68.61,0.38,0.46
1983-08-01,32.31,24.74,73.98,6.15,0.47
1983-08-02,29.68,24.73,85.14,9.38,0.48
1983-08-03,33.03,24.11,77.22,18.94,0.5
1983-08-04,34.9,23.73,73.04,1.52,0.52
1983-08-05,34.9,25.04,67.69,0.14,0.51
1983-08-06,31.85,25.25,71.07,0.0,0.51
1983-08-07,34.73,24.73,63.98,0.15,0.5
1983-08-08,35.27,25.69,67.29,1.62,0.5
1983-08-09,32.25,25.26,71.61,0.01,0.5
1983-08-10,36.88,24.01,63.79,0.03,0.49
1983-08-11,36.35,24.47,64.72,0.15,0.49
1983-08-12,35.94,25.4,65.06,0.0,0.49
1983-08-13,33.33,25.26,69.4,0.01,0.48
1983-08-14,31.43,25.67,73.31,0.12,0.48
1983-08-15,37.2,24.92,64.88,0.71,0.48
1983-08-16,36.84,25.96,61.5,0.0,0.48
1983-08-17,38.37,25.77,60.03,0.39,0.48
1983-08-18,35.23,24.73,70.76,8.9,0.48
1983-08-19,37.49,24.62,63.92,0.42,0.48
1983-08-20,35.47,25.56,64.31,0.05,0.48
1983-08-21,33.13,26.15,67.83,0.06,0.48
1983-08-22,34.81,25.57,64.75,0.58,0.48
1983-08-23,37.02,25.02,61.52,1.35,0.48
1983-08-24,38.54,24.79,59.75,0.01,0.47
1983-08-25,35.57,26.22,63.79,0.1,0.47
1983-08-26,35.69,26.95,61.17,0.1,0.47
1983-08-27,35.33,25.64,63.79,0.31,0.47
1983-08-28,37.52,24.75,59.18,0.05,0.47
1983-08-29,34.98,25.31,63.05,1.82,0.47
1983-08-30,35.67,24.71,72.75,19.21,0.48
1983-08-31,35.35,24.5,69.8,0.27,0.5
1983-09-01,35.7,25.24,65.64,0.17,0.49
1983-09-02,36.19,24.96,62.52,0.66,0.49
1983-09-03,30.07,24.89,81.7,5.68,0.49
1983-09-04,34.3,24.07,74.12,3.68,0.5
1983-09-05,34.58,23.87,69.19,0.18,0.5
1983-09-06,34.52,24.48,68.08,1.41,0.49
1983-09-07,35.24,24.09,66.87,0.35,0.49
1983-09-08,35.35,24.95,66.41,0.26,0.49
1983-09-09,36.6,24.72,64.58,0.07,0.48
1983-09-10,34.26,25.48,65.38,0.85,0.48
1983-09-11,35.93,24.75,63.6,0.2,0.48
1983-09-12,36.45,24.9,63.98,0.07,0.48
1983-09-13,36.02,25.41,63.84,0.06,0.48
1983-09-14,30.42,24.97,70.34,0.04,0.47
1983-09-15,34.84,24.02,67.84,0.04,0.47
1983-09-16,35.0,23.98,66.09,0.5,0.47
1983-09-17,35.16,24.62,65.44,0.13,0.47
1983-09-18,35.23,25.01,64.67,0.12,0.47
1983-09-19,33.21,26.08,67.64,0.01,0.47
1983-09-20,31.19,25.93,67.42,0.01,0.47
1983-09-21,32.42,24.57,64.45,0.01,0.47
1983-09-22,35.59,24.73,57.35,0.03,0.47
1983-09-23,36.7,25.91,54.1,0.0,0.47
1983-09-24,38.27,25.52,51.42,0.0,0.47
1983-09-25,39.21,25.8,54.95,0.0,0.46
1983-09-26,40.16,25.55,54.87,0.01,0.46
1983-09-27,39.94,25.29,50.9,0.0,0.46
1983-09-28,39.03,26.39,51.0,0.0,0.46
1983-09-29,36.12,27.9,52.43,0.0,0.46
1983-09-30,37.44,27.29,52.26,0.0,0.46
1983-10-01,36.13,26.36,57.99,0.02,0.46
1983-10-02,35.8,26.01,56.89,0.57,0.46
1983-10-03,36.54,26.2,60.18,2.28,0.46
1983-10-04,38.03,26.63,58.81,0.53,0.46
1983-10-05,32.06,26.14,68.31,1.68,0.47
1983-10-06,34.57,24.38,72.85,5.53,0.47
1983-10-07,36.53,23.78,63.46,0.23,0.47
1983-10-08,36.13,24.37,58.82,0.0,0.47
1983-10-09,34.24,25.72,59.65,0.0,0.47
1983-10-10,37.76,25.15,54.66,0.03,0.47
1983-10-11,38.56,26.22,51.66,0.01,0.47
1983-10-12,35.9,26.72,52.83,0.0,0.46
1983-10-13,38.58,25.85,51.64,0.05,0.46
1983-10-14,34.45,24.71,64.42,0.93,0.46
1983-10-15,31.39,23.38,82.26,7.91,0.47
1983-10-16,32.55,22.58,76.7,4.62,0.48
1983-10-17,35.15,21.33,60.98,0.13,0.48
1983-10-18,36.49,21.64,53.74,0.22,0.47
1983-10-19,34.37,24.17,65.58,2.57,0.47
1983-10-20,33.46,23.08,68.1,0.75,0.47
1983-10-21,31.75,23.33,66.8,0.26,0.47
1983-10-22,36.7,23.12,54.85,0.18,0.47
1983-10-23,37.76,24.24,52.39,0.0,0.47
1983-10-24,37.48,24.76,51.93,0.07,0.47
1983-10-25,38.45,24.81,49.48,0.0,0.47
1983-10-26,38.55,24.75,47.92,0.0,0.46
1983-10-27,36.48,26.05,48.06,0.0,0.46
1983-10-28,37.09,25.44,48.02,0.0,0.46
1983-10-29,36.71,25.22,49.16,0.01,0.46
1983-10-30,37.22,26.5,47.22,0.04,0.46
1983-10-31,38.03,27.1,42.35,0.03,0.46
1983-11-01,33.61,25.86,51.12,0.02,0.46
1983-11-02,28.1,24.03,74.11,1.28,0.46
1983-11-03,33.94,22.62,64.13,0.1,0.46
1983-11-04,33.61,23.8,62.16,0.63,0.46
1983-11-05,34.52,24.91,53.02,0.03,0.46
1983-11-06,36.23,25.24,52.0,0.0,0.46
1983-11-07,34.87,25.09,54.63,0.03,0.46
1983-11-08,30.67,24.03,67.65,0.65,0.46
1983-11-09,33.37,23.09,74.63,3.47,0.46
1983-11-10,29.36,22.84,84.31,16.8,0.48
1983-11-11,31.54,22.45,76.84,0.59,0.5
1983-11-12,33.52,22.62,65.84,0.34,0.49
1983-11-13,31.38,23.01,71.49,0.52,0.49
1983-11-14,31.59,22.95,75.9,6.65,0.49
1983-11-15,30.78,22.52,77.32,12.97,0.52
1983-11-16,32.12,21.72,71.2,0.03,0.52
1983-11-17,33.13,21.78,65.1,0.06,0.51
1983-11-18,32.02,21.69,66.68,0.0,0.51
1983-11-19,31.83,20.02,67.15,0.02,0.5
1983-11-20,32.03,20.21,58.44,0.0,0.5
1983-11-21,32.98,19.33,58.17,0.0,0.5
1983-11-22,31.93,19.5,61.8,0.0,0.49
1983-11-23,28.43,21.76,69.8,0.0,0.49
1983-11-24,30.35,19.79,61.57,0.08,0.49
1983-11-25,30.45,17.81,59.79,0.0,0.49
1983-11-26,30.56,16.18,52.74,0.0,0.49
1983-11-27,28.79,14.15,52.83,0.0,0.48
1983-11-28,28.98,14.76,51.47,0.0,0.48
1983-11-29,29.07,14.02,52.06,0.0,0.48
1983-11-30,28.43,14.24,49.57,0.0,0.48
1983-12-01,28.75,12.55,49.84,0.0,0.48
1983-12-02,28.72,14.03,47.74,0.0,0.47
1983-12-03,29.39,13.7,48.14,0.0,0.47
1983-12-04,29.11,13.49,47.11,0.0,0.47
1983-12-05,29.58,13.25,44.64,0.0,0.47
1983-12-06,30.38,13.91,43.66,0.0,0.47
1983-12-07,30.5,14.23,50.66,0.0,0.47
1983-12-08,30.65,15.67,51.95,0.0,0.47
1983-12-09,30.74,15.61,52.37,0.0,0.47
1983-12-10,31.32,15.97,45.64,0.0,0.47
1983-12-11,32.07,16.41,44.49,0.0,0.47
1983-12-12,31.13,17.73,48.7,0.0,0.46
1983-12-13,32.61,18.73,46.0,0.0,0.46
1983-12-14,31.64,16.18,42.34,0.0,0.46
1983-12-15,31.56,14.33,37.35,0.0,0.46
1983-12-16,31.43,14.43,33.84,0.0,0.46
1983-12-17,32.61,16.25,33.1,0.0,0.46
1983-12-18,32.62,14.66,31.28,0.0,0.46
1983-12-19,32.42,14.66,32.15,0.0,0.46
1983-12-20,31.88,14.91,32.19,0.0,0.46
1983-12-21,31.43,13.52,30.24,0.0,0.46
1983-12-22,31.72,12.02,23.05,0.0,0.46
1983-12-23,29.94,12.62,29.33,0.0,0.46
1983-12-24,30.37,12.58,26.43,0.0,0.46
1983-12-25,30.95,13.31,33.33,0.0,0.46
1983-12-26,30.09,16.64,55.28,0.0,0.46
1983-12-27,31.02,17.47,64.09,0.13,0.46
1983-12-28,29.88,17.06,56.75,0.59,0.46
1983-12-29,29.21,12.38,45.83,0.0,0.46
1983-12-30,29.77,11.57,41.78,0.0,0.46
1983-12-31,29.21,10.73,39.69,0.0,0.46
1984-01-01,29.24,10.46,39.81,0.0,0.46
1984-01-02,29.26,11.25,38.16,0.0,0.46
1984-01-03,29.49,13.1,34.33,0.0,0.46
1984-01-04,31.31,12.25,31.34,0.0,0.46
1984-01-05,31.39,14.49,35.74,0.0,0.46
1984-01-06,30.72,13.86,40.16,0.0,0.46
1984-01-07,30.6,13.9,41.9,0.0,0.46
1984-01-08,30.83,14.51,39.97,0.0,0.46
1984-01-09,28.31,14.24,41.98,0.0,0.46
1984-01-10,30.18,14.4,40.5,0.0,0.46
1984-01-11,31.83,15.03,40.46,0.0,0.46
1984-01-12,32.4,14.82,39.12,0.0,0.46
1984-01-13,33.15,14.44,34.15,0.0,0.46
1984-01-14,33.09,15.6,38.9,0.0,0.46
1984-01-15,33.29,16.46,29.16,0.0,0.46
1984-01-16,34.33,15.64,33.52,0.0,0.46
1984-01-17,33.55,17.06,56.03,0.0,0.46
1984-01-18,31.96,16.82,54.87,0.0,0.46
1984-01-19,31.45,12.38,38.36,0.0,0.46
1984-01-20,29.91,12.63,32.43,0.0,0.46
1984-01-21,29.75,11.43,25.36,0.0,0.46
1984-01-22,29.72,11.58,25.45,0.0,0.46
1984-01-23,29.85,11.64,32.02,0.0,0.46
1984-01-24,32.26,14.38,35.32,0.0,0.46
1984-01-25,32.43,14.34,36.22,0.0,0.46
1984-01-26,33.78,13.73,33.47,0.0,0.46
1984-01-27,31.86,13.83,29.48,0.0,0.46
1984-01-28,31.97,13.26,28.61,0.0,0.46
1984-01-29,32.51,12.76,26.17,0.0,0.46
1984-01-30,32.52,14.05,30.86,0.0,0.46
1984-01-31,32.27,13.79,30.34,0.0,0.46
1984-02-01,33.75,12.88,26.92,0.0,0.46
1984-02-02,34.07,12.75,24.48,0.0,0.46
1984-02-03,34.01,11.94,21.11,0.0,0.46
1984-02-04,35.69,14.78,16.04,0.0,0.46
1984-02-05,35.16,15.97,36.28,0.0,0.46
1984-02-06,34.37,16.72,29.25,0.0,0.46
1984-02-07,35.28,16.58,30.0,0.13,0.46
1984-02-08,35.03,19.75,38.62,0.17,0.46
1984-02-09,33.33,18.4,47.18,0.0,0.46
1984-02-10,31.5,14.66,38.14,0.0,0.46
1984-02-11,34.17,13.84,26.4,0.0,0.46
1984-02-12,30.22,19.18,40.91,0.0,0.46
1984-02-13,34.29,21.49,53.41,0.08,0.46
1984-02-14,34.05,20.43,39.03,0.0,0.46
1984-02-15,35.97,19.31,29.66,0.0,0.46
1984-02-16,34.73,18.98,37.61,0.0,0.46
1984-02-17,36.71,19.67,36.08,0.0,0.46
1984-02-18,36.51,18.89,32.94,0.0,0.46
1984-02-19,37.02,18.49,29.3,0.0,0.46
1984-02-20,37.94,18.44,25.08,0.0,0.46
1984-02-21,38.54,18.86,28.03,0.0,0.46
1984-02-22,38.5,19.05,30.2,0.0,0.46
1984-02-23,36.41,19.74,28.15,0.0,0.46
1984-02-24,36.96,18.21,25.71,0.0,0.46
1984-02-25,36.35,18.8,26.1,0.0,0.46
1984-02-26,37.74,19.91,26.8,0.01,0.46
1984-02-27,35.12,18.24,36.73,8.86,0.47
1984-02-28,35.21,15.38,31.9,0.0,0.47
1984-02-29,37.04,15.03,34.77,0.0,0.47
1984-03-01,36.69,15.54,39.75,0.0,0.47
1984-03-02,35.99,15.26,31.7,0.0,0.46
1984-03-03,35.75,14.9,34.78,0.0,0.46
1984-03-04,36.02,15.73,43.8,0.0,0.46
1984-03-05,36.36,17.67,37.28,0.0,0.46
1984-03-06,36.25,16.44,39.14,0.0,0.46
1984-03-07,36.47,17.02,43.99,0.0,0.46
1984-03-08,36.87,16.9,43.23,0.0,0.46
1984-03-09,36.39,15.7,41.03,0.0,0.46
1984-03-10,36.39,16.21,42.72,0.0,0.46
1984-03-11,37.19,17.49,45.3,0.0,0.46
1984-03-12,37.67,17.49,39.69,0.0,0.46
1984-03-13,38.01,17.8,43.18,0.0,0.46
1984-03-14,38.2,18.53,46.21,0.0,0.46
1984-03-15,38.71,19.24,42.92,0.0,0.46
1984-03-16,39.3,21.03,35.11,0.0,0.46
1984-03-17,40.49,21.02,24.84,0.0,0.46
1984-03-18,39.62,20.26,29.43,0.0,0.46
1984-03-19,40.09,19.73,40.77,0.0,0.46
1984-03-20,40.5,20.51,42.05,0.0,0.46
1984-03-21,40.5,22.17,38.76,0.0,0.46
1984-03-22,39.45,20.27,36.76,0.0,0.46
1984-03-23,39.96,19.12,31.58,0.0,0.46
1984-03-24,38.82,17.55,35.61,0.85,0.46
1984-03-25,39.17,16.9,30.89,0.0,0.46
1984-03-26,39.99,18.76,31.15,0.0,0.46
1984-03-27,38.55,19.72,36.84,0.0,0.46
1984-03-28,41.17,21.13,42.99,0.0,0.46
1984-03-29,39.39,22.54,47.09,0.0,0.46
1984-03-30,41.38,21.6,42.57,0.0,0.46
1984-03-31,40.85,21.03,43.1,0.0,0.46
1984-04-01,42.0,22.63,38.72,0.0,0.46
1984-04-02,42.23,21.0,42.62,0.0,0.46
1984-04-03,41.72,21.8,47.56,0.0,0.46
1984-04-04,40.68,22.37,54.81,0.0,0.46
1984-04-05,40.59,22.89,50.1,0.0,0.46
1984-04-06,39.17,23.26,50.97,0.0,0.46
1984-04-07,41.09,22.35,49.13,0.0,0.46
1984-04-08,37.74,23.73,54.7,0.0,0.46
1984-04-09,41.06,23.68,46.8,0.0,0.46
1984-04-10,40.33,24.9,44.48,0.0,0.46
1984-04-11,40.84,25.12,43.1,0.0,0.46
1984-04-12,42.11,26.32,36.59,0.0,0.46
1984-04-13,41.09,24.66,31.93,0.13,0.46
1984-04-14,41.31,24.57,36.9,0.0,0.46
1984-04-15,41.18,24.17,41.09,0.0,0.46
1984-04-16,41.39,22.71,39.22,0.0,0.46
1984-04-17,41.46,22.3,48.04,0.0,0.46
1984-04-18,41.68,24.52,49.49,0.0,0.46
1984-04-19,38.13,24.14,54.08,0.0,0.46
1984-04-20,39.1,24.68,52.99,0.0,0.46
1984-04-21,38.57,24.72,48.93,0.1,0.46
1984-04-22,39.91,25.34,42.17,0.81,0.46
1984-04-23,36.01,26.28,52.53,0.03,0.46
1984-04-24,31.82,25.28,58.64,0.56,0.46
1984-04-25,33.62,25.06,55.08,0.3,0.46
1984-04-26,32.56,24.74,64.1,0.42,0.46
1984-04-27,37.1,24.75,56.16,0.0,0.46
1984-04-28,33.74,25.96,53.86,0.0,0.46
1984-04-29,38.0,23.47,54.65,0.3,0.46
1984-04-30,40.57,24.42,49.65,0.0,0.46
1984-05-01,41.19,24.84,47.58,0.0,0.46
1984-05-02,40.4,24.21,50.89,0.02,0.46
1984-05-03,40.96,22.72,47.84,0.0,0.46
1984-05-04,41.48,23.75,46.85,0.0,0.46
1984-05-05,41.49,23.68,44.45,0.0,0.46
1984-05-06,40.96,23.64,47.83,0.17,0.46
1984-05-07,40.47,24.73,47.82,0.0,0.46
1984-05-08,40.25,24.03,49.41,0.0,0.46
1984-05-09,38.85,24.94,49.84,0.0,0.46
1984-05-10,38.42,25.24,49.57,0.0,0.46
1984-05-11,35.52,25.13,57.1,0.0,0.46
1984-05-12,36.37,25.53,51.86,0.0,0.46
1984-05-13,39.43,25.08,49.62,0.06,0.46
1984-05-14,37.11,25.31,49.12,0.0,0.46
1984-05-15,39.58,25.17,52.89,0.01,0.46
1984-05-16,38.33,25.25,51.65,0.37,0.46
1984-05-17,41.06,25.13,49.93,0.14,0.46
1984-05-18,40.25,25.28,53.45,0.0,0.46
1984-05-19,40.95,25.13,54.84,0.2,0.46
1984-05-20,40.94,26.44,52.51,0.0,0.46
1984-05-21,38.71,25.76,55.77,0.0,0.46
1984-05-22,36.73,26.52,56.38,0.14,0.46
1984-05-23,39.98,26.77,53.66,0.01,0.46
1984-05-24,41.14,25.54,51.19,0.0,0.46
1984-05-25,40.57,26.16,46.67,0.04,0.46
1984-05-26,41.4,26.93,46.54,0.21,0.46
1984-05-27,40.38,26.19,49.03,0.24,0.46
1984-05-28,39.14,26.95,52.81,0.03,0.46
1984-05-29,37.46,26.1,54.53,1.69,0.46
1984-05-30,33.09,26.05,64.35,1.45,0.46
1984-05-31,32.48,25.54,68.76,0.77,0.46
1984-06-01,32.68,25.7,73.2,4.49,0.47
1984-06-02,31.42,25.42,76.32,7.02,0.47
1984-06-03,31.48,24.28,80.69,39.17,0.53
1984-06-04,34.11,23.69,74.23,0.61,0.55
1984-06-05,31.88,25.31,78.81,5.96,0.54
1984-06-06,33.64,25.42,71.73,0.57,0.54
1984-06-07,34.76,24.72,69.52,0.72,0.54
1984-06-08,33.99,25.34,68.99,1.26,0.53
1984-06-09,31.94,25.46,73.47,0.95,0.53
1984-06-10,35.33,25.29,64.9,0.01,0.53
1984-06-11,33.73,25.27,67.55,0.18,0.52
1984-06-12,33.79,25.62,72.73,3.27,0.52
1984-06-13,33.45,25.67,73.7,1.1,0.52
1984-06-14,34.57,24.68,69.74,0.41,0.52
1984-06-15,35.08,24.71,68.97,2.02,0.52
1984-06-16,34.04,24.57,72.41,9.82,0.52
1984-06-17,32.73,23.81,75.43,17.36,0.55
1984-06-18,32.13,24.83,75.95,5.05,0.55
1984-06-19,31.65,25.01,75.98,7.42,0.56
1984-06-20,33.12,25.05,75.7,2.22,0.56
1984-06-21,34.38,23.76,70.24,3.75,0.56
1984-06-22,34.13,23.68,71.03,1.58,0.55
1984-06-23,32.34,24.42,76.08,15.71,0.56
1984-06-24,33.27,23.76,76.06,1.76,0.57
1984-06-25,33.7,24.84,71.61,0.33,0.56
1984-06-26,34.41,23.58,72.49,1.9,0.56
1984-06-27,30.71,24.96,75.74,0.52,0.56
1984-06-28,32.42,24.36,70.27,0.28,0.55
1984-06-29,33.41,22.99,71.04,0.5,0.55
1984-06-30,31.11,24.18,78.42,3.77,0.55
1984-07-01,34.02,23.74,75.71,5.24,0.55
1984-07-02,32.96,23.73,78.33,15.87,0.56
1984-07-03,33.0,23.73,75.62,0.35,0.57
1984-07-04,30.59,24.34,78.2,1.01,0.57
1984-07-05,33.69,24.01,74.8,0.91,0.56
1984-07-06,34.22,23.94,70.05,0.0,0.55
1984-07-07,35.4,24.02,66.37,0.02,0.55
1984-07-08,34.21,24.4,69.36,0.19,0.54
1984-07-09,33.33,24.8,71.68,3.06,0.54
1984-07-10,30.52,24.02,79.94,9.36,0.55
1984-07-11,29.06,24.07,85.93,9.98,0.57
1984-07-12,28.94,24.14,86.36,1.3,0.57
1984-07-13,30.34,23.36,82.4,4.76,0.57
1984-07-14,29.12,24.3,86.98,13.64,0.58
1984-07-15,28.27,23.29,87.97,1.32,0.59
1984-07-16,28.6,23.02,86.78,0.53,0.59
1984-07-17,30.67,23.92,82.95,5.43,0.59
1984-07-18,33.04,23.6,75.45,0.0,0.59
1984-07-19,34.79,23.04,71.99,0.0,0.58
1984-07-20,34.71,23.45,72.21,0.0,0.57
1984-07-21,32.89,24.04,73.46,0.04,0.56
1984-07-22,33.33,23.74,71.81,0.16,0.56
1984-07-23,33.95,23.43,71.39,0.04,0.55
1984-07-24,32.93,23.79,73.68,0.01,0.55
1984-07-25,32.66,23.72,70.61,0.07,0.54
1984-07-26,34.22,23.0,70.87,0.02,0.54
1984-07-27,31.33,24.36,79.04,1.55,0.54
1984-07-28,33.18,24.39,73.96,0.77,0.54
1984-07-29,32.76,23.39,74.65,6.24,0.54
1984-07-30,32.04,23.42,78.06,3.31,0.54
1984-07-31,34.33,23.8,69.24,0.11,0.54
1984-08-01,33.16,23.54,73.4,1.53,0.53
1984-08-02,32.72,22.78,78.79,22.86,0.55
1984-08-03,32.94,23.11,78.22,3.11,0.57
1984-08-04,33.3,23.67,76.78,0.12,0.56
1984-08-05,33.59,24.42,74.77,0.34,0.55
1984-08-06,31.81,24.29,81.4,7.94,0.56
1984-08-07,30.99,23.92,81.82,1.18,0.56
1984-08-08,32.2,23.3,77.08,0.41,0.56
1984-08-09,32.96,22.96,77.39,5.52,0.56
1984-08-10,30.32,23.29,81.55,5.25,0.56
1984-08-11,32.85,23.31,77.56,0.26,0.56
1984-08-12,32.35,24.6,76.11,0.35,0.56
1984-08-13,33.24,24.67,76.31,2.43,0.55
1984-08-14,32.19,24.18,79.59,3.75,0.55
1984-08-15,30.23,23.48,82.09,0.36,0.55
1984-08-16,31.33,23.85,79.51,5.09,0.56
1984-08-17,31.18,23.21,82.08,14.19,0.57
1984-08-18,34.16,23.48,75.93,1.9,0.57
1984-08-19,34.28,23.69,75.56,1.38,0.57
1984-08-20,33.75,24.93,73.09,0.82,0.56
1984-08-21,31.41,24.21,83.42,22.67,0.58
1984-08-22,31.96,23.56,83.31,3.47,0.59
1984-08-23,30.54,24.23,85.47,10.64,0.6
1984-08-24,30.76,24.21,86.19,10.79,0.61
1984-08-25,29.79,23.74,87.15,12.27,0.62
1984-08-26,29.76,23.8,83.33,0.29,0.62
1984-08-27,29.62,23.22,87.14,7.27,0.62
1984-08-28,30.55,22.83,85.62,22.64,0.65
1984-08-29,31.41,22.91,83.96,2.63,0.65
1984-08-30,31.92,22.85,82.79,0.01,0.64
1984-08-31,31.7,23.84,81.56,0.05,0.63
1984-09-01,30.8,23.86,85.27,2.28,0.63
1984-09-02,29.16,24.41,88.51,4.16,0.63
1984-09-03,28.58,23.68,89.7,4.26,0.63
1984-09-04,28.87,22.85,85.58,1.3,0.63
1984-09-05,31.34,22.09,82.36,3.79,0.63
1984-09-06,32.46,21.98,80.21,0.0,0.62
1984-09-07,31.6,23.29,80.03,0.12,0.61
1984-09-08,30.76,23.41,82.65,0.77,0.61
1984-09-09,30.23,23.18,83.11,1.21,0.6
1984-09-10,29.16,23.03,84.9,4.62,0.6
1984-09-11,30.97,22.87,79.94,0.01,0.6
1984-09-12,33.02,22.39,74.34,0.0,0.6
1984-09-13,33.28,23.59,73.62,0.0,0.59
1984-09-14,33.72,22.68,73.19,0.0,0.58
1984-09-15,33.56,22.56,73.11,0.0,0.57
1984-09-16,33.33,22.45,71.71,0.01,0.57
1984-09-17,32.34,22.97,74.1,0.0,0.56
1984-09-18,33.83,22.69,72.62,0.04,0.56
1984-09-19,32.87,23.49,73.75,0.03,0.55
1984-09-20,34.61,22.76,69.32,0.0,0.55
1984-09-21,35.18,23.17,67.82,0.0,0.54
1984-09-22,32.93,23.88,71.05,0.98,0.54
1984-09-23,34.58,23.46,71.97,7.61,0.54
1984-09-24,35.15,23.05,69.44,0.0,0.54
1984-09-25,34.75,23.62,69.33,0.03,0.54
1984-09-26,34.58,24.15,70.78,0.0,0.53
1984-09-27,36.7,23.65,64.74,0.0,0.53
1984-09-28,36.44,23.95,63.78,0.01,0.52
1984-09-29,35.06,24.71,68.97,2.2,0.52
1984-09-30,32.18,25.12,75.14,0.17,0.52
1984-10-01,30.68,24.84,75.8,0.2,0.52
1984-10-02,33.13,24.03,74.55,0.46,0.52
1984-10-03,31.05,24.11,79.16,3.28,0.52
1984-10-04,31.92,24.53,74.44,0.02,0.52
1984-10-05,35.31,23.56,67.54,0.01,0.51
1984-10-06,34.96,24.39,66.91,0.11,0.51
1984-10-07,35.41,23.25,66.5,0.0,0.51
1984-10-08,35.05,23.93,65.92,0.07,0.5
1984-10-09,33.95,23.81,71.28,1.77,0.5
1984-10-10,32.67,23.85,73.04,0.01,0.5
1984-10-11,34.41,23.52,70.21,0.42,0.5
1984-10-12,33.14,23.57,76.69,7.5,0.5
1984-10-13,30.03,23.53,78.58,0.41,0.51
1984-10-14,34.35,22.38,68.49,0.17,0.5
1984-10-15,34.33,22.43,67.32,0.24,0.5
1984-10-16,35.57,22.98,65.79,0.1,0.49
1984-10-17,36.76,23.59,62.95,0.06,0.49
1984-10-18,35.93,23.72,65.03,0.19,0.49
1984-10-19,31.97,23.65,74.09,1.24,0.49
1984-10-20,33.58,23.12,68.9,0.05,0.49
1984-10-21,33.97,22.6,65.54,0.44,0.48
1984-10-22,35.76,22.2,62.29,0.46,0.48
1984-10-23,35.72,21.97,59.48,0.0,0.48
1984-10-24,36.41,21.67,51.79,0.0,0.48
1984-10-25,36.18,21.09,47.41,0.0,0.47
1984-10-26,36.01,20.97,46.39,0.0,0.47
1984-10-27,35.81,22.15,46.36,0.0,0.47
1984-10-28,35.14,22.59,52.48,0.0,0.47
1984-10-29,33.88,22.42,57.25,0.0,0.47
1984-10-30,33.65,22.81,54.87,0.01,0.47
1984-10-31,34.77,22.9,52.53,0.0,0.47
1984-11-01,33.48,22.79,56.91,0.0,0.47
1984-11-02,34.58,23.95,52.11,0.0,0.47
1984-11-03,36.04,22.85,46.2,0.01,0.46
1984-11-04,36.16,22.7,52.11,0.0,0.46
1984-11-05,35.53,23.59,56.62,0.0,0.46
1984-11-06,36.58,23.29,52.74,0.0,0.46
1984-11-07,37.46,23.59,47.66,0.0,0.46
1984-11-08,37.06,23.82,46.95,0.0,0.46
1984-11-09,37.39,22.51,48.97,0.0,0.46
1984-11-10,36.29,19.35,46.75,0.0,0.46
1984-11-11,35.77,18.08,44.62,0.0,0.46
1984-11-12,36.47,18.82,33.84,0.0,0.46
1984-11-13,35.72,18.32,33.39,0.0,0.46
1984-11-14,35.37,18.32,33.55,0.0,0.46
1984-11-15,35.82,19.41,35.2,0.0,0.46
1984-11-16,35.9,19.25,38.64,0.0,0.46
1984-11-17,35.39,18.64,33.97,0.0,0.46
1984-11-18,34.95,18.3,33.69,0.0,0.46
1984-11-19,35.24,17.9,31.92,0.0,0.46
1984-11-20,35.37,18.54,39.85,0.0,0.46
1984-11-21,34.44,17.68,44.23,0.0,0.46
1984-11-22,34.07,17.0,42.09,0.0,0.46
1984-11-23,34.04,18.16,36.42,0.0,0.46
1984-11-24,32.67,20.97,39.9,0.0,0.46
1984-11-25,34.54,21.54,40.2,0.0,0.46
1984-11-26,33.6,20.91,38.14,0.0,0.46
1984-11-27,32.76,20.26,39.03,0.0,0.46
1984-11-28,33.25,18.17,33.04,0.0,0.46
1984-11-29,33.35,21.56,40.93,0.0,0.46
1984-11-30,33.35,22.0,45.44,0.0,0.46
1984-12-01,34.13,23.07,43.53,0.0,0.46
1984-12-02,34.17,19.9,39.75,0.0,0.46
1984-12-03,34.31,19.8,39.21,0.0,0.46
1984-12-04,34.63,18.81,40.38,0.0,0.46
1984-12-05,33.14,17.92,44.83,0.0,0.46
1984-12-06,33.67,18.71,39.51,0.0,0.46
1984-12-07,32.64,18.68,50.76,0.0,0.46
1984-12-08,31.72,16.56,47.79,0.0,0.46
1984-12-09,31.55,14.79,43.8,0.0,0.46
1984-12-10,31.66,15.53,43.73,0.0,0.46
1984-12-11,32.0,15.7,45.15,0.0,0.46
1984-12-12,32.2,15.19,43.41,0.0,0.46
1984-12-13,32.66,15.36,46.91,0.0,0.46
1984-12-14,32.62,15.77,54.09,0.0,0.46
1984-12-15,32.59,15.32,55.65,0.0,0.46
1984-12-16,31.76,15.98,54.55,0.03,0.46
1984-12-17,31.95,14.65,31.04,0.0,0.46
1984-12-18,31.93,12.98,30.81,0.0,0.46
1984-12-19,31.88,13.4,31.83,0.0,0.46
1984-12-20,32.35,12.57,25.27,0.0,0.46
1984-12-21,31.35,11.59,27.86,0.0,0.46
1984-12-22,32.98,12.8,25.12,0.0,0.46
1984-12-23,25.7,17.85,46.34,0.0,0.46
1984-12-24,24.81,17.31,75.68,0.0,0.46
1984-12-25,27.46,18.43,69.71,0.0,0.46
1984-12-26,32.72,19.3,58.45,0.0,0.46
1984-12-27,26.3,20.21,65.6,0.0,0.46
1984-12-28,33.48,19.36,52.69,0.0,0.46
1984-12-29,33.92,20.12,42.84,0.0,0.46
1984-12-30,34.31,20.13,40.07,0.0,0.46
1984-12-31,33.06,17.79,36.52,0.0,0.46
1985-01-01,33.33,17.8,40.62,0.68,0.46
1985-01-02,32.42,17.68,43.84,0.04,0.46
1985-01-03,32.35,18.26,44.66,1.68,0.46
1985-01-04,31.71,17.94,47.66,0.0,0.46
1985-01-05,32.16,15.91,41.75,0.0,0.46
1985-01-06,32.45,15.69,41.14,0.0,0.46
1985-01-07,32.34,15.15,47.29,0.0,0.46
1985-01-08,32.27,16.19,48.53,0.0,0.46
1985-01-09,33.11,16.59,48.96,0.0,0.46
1985-01-10,31.13,15.77,43.59,0.0,0.46
1985-01-11,32.92,15.92,41.66,0.0,0.46
1985-01-12,31.86,15.56,30.04,0.0,0.46
1985-01-13,31.2,15.6,27.75,0.0,0.46
1985-01-14,27.27,14.72,28.8,0.0,0.46
1985-01-15,27.22,14.42,25.71,0.0,0.46
1985-01-16,30.36,12.96,23.75,0.0,0.46
1985-01-17,29.46,11.69,25.42,0.0,0.46
1985-01-18,30.78,11.41,26.91,0.0,0.46
1985-01-19,31.1,11.25,25.23,0.0,0.46
1985-01-20,31.76,12.51,27.23,0.0,0.46
1985-01-21,32.48,14.06,34.6,0.0,0.46
1985-01-22,33.37,13.32,26.26,0.0,0.46
1985-01-23,32.5,14.08,24.79,0.0,0.46
1985-01-24,32.0,13.45,26.9,0.0,0.46
1985-01-25,31.19,12.61,26.78,0.0,0.46
1985-01-26,32.79,12.62,22.13,0.0,0.46
1985-01-27,33.66,14.82,28.35,0.0,0.46
1985-01-28,33.45,16.38,38.97,0.0,0.46
1985-01-29,34.16,17.06,33.28,0.0,0.46
1985-01-30,34.62,16.7,27.75,0.0,0.46
1985-01-31,35.12,17.72,29.72,0.0,0.46
1985-02-01,34.11,16.28,40.68,0.0,0.46
1985-02-02,33.0,17.13,46.29,0.0,0.46
1985-02-03,32.49,15.93,45.18,0.0,0.46
1985-02-04,32.04,14.4,43.56,0.0,0.46
1985-02-05,31.98,14.83,47.1,0.0,0.46
1985-02-06,33.98,15.91,48.01,0.0,0.46
1985-02-07,33.24,16.55,55.88,0.0,0.46
1985-02-08,31.75,14.37,42.7,0.0,0.46
1985-02-09,30.63,12.62,30.94,0.0,0.46
1985-02-10,30.98,11.16,23.6,0.0,0.46
1985-02-11,31.46,11.86,17.17,0.0,0.46
1985-02-12,32.45,11.83,15.75,0.0,0.46
1985-02-13,33.78,12.14,16.11,0.0,0.46
1985-02-14,34.42,13.0,17.58,0.0,0.46
1985-02-15,35.92,14.76,20.91,0.0,0.46
1985-02-16,35.18,18.78,30.56,0.0,0.46
1985-02-17,32.14,18.81,37.69,0.0,0.46
1985-02-18,33.55,15.14,37.25,0.0,0.46
1985-02-19,33.9,14.71,34.23,0.0,0.46
1985-02-20,34.74,14.85,35.37,0.0,0.46
1985-02-21,35.6,14.34,41.13,0.0,0.46
1985-02-22,35.55,15.6,43.88,0.0,0.46
1985-02-23,36.02,15.55,46.48,0.0,0.46
1985-02-24,35.51,15.21,35.1,0.0,0.46
1985-02-25,35.27,14.17,42.54,0.0,0.46
1985-02-26,36.16,14.69,42.8,0.0,0.46
1985-02-27,35.45,15.09,43.34,0.0,0.46
1985-02-28,35.82,14.58,42.89,0.0,0.46
1985-03-01,34.2,14.93,53.69,0.0,0.46
1985-03-02,35.43,16.94,58.08,0.0,0.46
1985-03-03,35.53,17.26,55.21,0.0,0.46
1985-03-04,35.97,17.74,50.93,0.0,0.46
1985-03-05,37.18,18.12,49.35,0.0,0.46
1985-03-06,38.05,18.8,47.94,0.0,0.46
1985-03-07,38.17,18.1,48.55,0.0,0.46
1985-03-08,39.46,17.77,46.66,0.0,0.46
1985-03-09,40.28,18.62,45.01,0.0,0.46
1985-03-10,40.2,18.42,45.51,0.0,0.46
1985-03-11,39.68,18.77,40.59,0.0,0.46
1985-03-12,39.7,18.91,37.51,0.0,0.46
1985-03-13,37.53,19.49,42.74,0.0,0.46
1985-03-14,37.31,19.13,44.99,0.0,0.46
1985-03-15,38.69,19.92,54.06,0.0,0.46
1985-03-16,39.37,19.03,54.88,0.0,0.46
1985-03-17,38.97,19.08,52.74,0.0,0.46
1985-03-18,38.15,18.98,54.38,0.0,0.46
1985-03-19,38.85,20.97,56.44,0.0,0.46
1985-03-20,38.57,20.59,56.01,0.0,0.46
1985-03-21,38.28,21.73,50.3,0.0,0.46
1985-03-22,39.38,20.39,41.76,0.0,0.46
1985-03-23,38.44,19.98,44.6,0.0,0.46
1985-03-24,37.51,21.5,50.91,0.0,0.46
1985-03-25,32.79,21.82,57.05,0.02,0.46
1985-03-26,38.83,20.99,48.43,0.03,0.46
1985-03-27,38.33,22.26,46.37,0.0,0.46
1985-03-28,39.34,21.31,46.73,0.0,0.46
1985-03-29,39.91,22.11,47.46,0.0,0.45
1985-03-30,39.88,21.93,47.98,0.0,0.45
1985-03-31,40.89,22.81,47.34,0.0,0.45
1985-04-01,40.43,23.66,47.52,0.0,0.45
1985-04-02,41.01,22.87,47.17,0.0,0.45
1985-04-03,40.63,23.62,44.81,0.0,0.45
1985-04-04,41.49,25.19,41.14,0.0,0.45
1985-04-05,39.84,23.64,49.77,0.0,0.45
1985-04-06,40.84,24.52,48.39,0.0,0.45
1985-04-07,39.82,24.69,46.67,0.0,0.45
1985-04-08,38.72,22.42,49.02,0.01,0.45
1985-04-09,40.74,22.47,48.57,0.0,0.45
1985-04-10,39.71,23.25,54.93,0.05,0.45
1985-04-11,38.93,24.4,57.02,0.0,0.45
1985-04-12,40.17,24.3,55.2,0.0,0.45
1985-04-13,40.62,24.27,53.14,0.0,0.45
1985-04-14,41.82,22.42,50.8,0.0,0.45
1985-04-15,41.86,22.33,47.33,0.0,0.45
1985-04-16,41.14,24.04,47.81,0.0,0.45
1985-04-17,39.42,23.8,52.95,0.22,0.45
1985-04-18,39.78,24.39,52.83,1.8,0.46
1985-04-19,38.89,24.58,48.57,0.0,0.46
1985-04-20,40.48,25.59,48.18,0.0,0.46
1985-04-21,41.64,25.55,46.9,0.0,0.46
1985-04-22,41.08,24.7,48.48,0.0,0.46
1985-04-23,41.05,23.93,49.81,0.0,0.46
1985-04-24,41.04,24.28,50.43,0.0,0.46
1985-04-25,41.95,26.0,50.79,0.14,0.46
1985-04-26,35.96,25.61,55.98,0.05,0.46
1985-04-27,38.39,26.17,48.91,0.01,0.46
1985-04-28,37.06,26.05,45.15,0.39,0.46
1985-04-29,39.27,24.88,40.64,0.17,0.46
1985-04-30,36.6,23.28,51.45,0.01,0.46
1985-05-01,37.28,23.1,55.32,1.53,0.46
1985-05-02,35.95,23.71,63.52,8.42,0.47
1985-05-03,37.17,23.41,59.63,0.0,0.47
1985-05-04,36.4,23.77,61.19,0.01,0.47
1985-05-05,38.19,23.71,57.59,0.0,0.47
1985-05-06,38.99,24.7,51.62,0.01,0.47
1985-05-07,40.73,23.98,45.47,0.0,0.46
1985-05-08,40.79,23.89,47.32,0.0,0.46
1985-05-09,39.26,25.64,47.34,0.02,0.46
1985-05-10,40.43,25.57,47.44,0.02,0.46
1985-05-11,39.91,24.91,49.19,0.0,0.46
1985-05-12,40.08,24.77,50.04,0.0,0.46
1985-05-13,39.85,25.09,50.44,0.0,0.46
1985-05-14,40.24,26.07,49.17,0.0,0.46
1985-05-15,41.32,25.77,50.3,0.06,0.46
1985-05-16,39.07,26.5,53.95,0.04,0.46
1985-05-17,35.7,27.63,54.28,0.15,0.46
1985-05-18,35.29,26.82,59.98,5.14,0.47
1985-05-19,32.62,25.8,64.18,0.42,0.47
1985-05-20,34.1,25.29,66.11,10.71,0.48
1985-05-21,35.18,24.76,62.8,0.64,0.48
1985-05-22,36.95,25.56,56.94,0.57,0.48
1985-05-23,33.84,25.8,68.88,5.19,0.48
1985-05-24,30.88,25.19,81.34,23.72,0.51
1985-05-25,33.48,24.85,72.39,8.34,0.53
1985-05-26,32.68,24.22,75.62,6.76,0.53
1985-05-27,35.15,24.61,69.1,0.12,0.53
1985-05-28,34.49,25.73,69.56,0.29,0.53
1985-05-29,35.94,25.88,66.6,0.05,0.52
1985-05-30,33.96,26.0,69.89,0.13,0.52
1985-05-31,30.2,25.72,77.98,0.25,0.52
1985-06-01,32.95,25.16,74.92,1.6,0.52
1985-06-02,33.08,24.79,73.72,1.16,0.51
1985-06-03,32.5,25.04,73.48,0.38,0.51
1985-06-04,32.95,25.13,73.58,1.81,0.51
1985-06-05,32.22,24.11,75.92,13.32,0.52
1985-06-06,33.0,23.91,71.37,0.32,0.53
1985-06-07,31.81,24.94,77.31,8.47,0.53
1985-06-08,33.68,23.96,75.94,15.41,0.55
1985-06-09,33.78,24.03,71.33,0.74,0.55
1985-06-10,34.05,24.13,67.54,0.06,0.55
1985-06-11,33.7,23.56,69.15,1.07,0.54
1985-06-12,31.4,25.12,74.24,0.01,0.54
1985-06-13,34.94,23.62,66.15,0.37,0.53
1985-06-14,33.3,24.11,72.27,3.76,0.53
1985-06-15,31.93,23.07,77.7,26.66,0.56
1985-06-16,31.19,23.99,81.29,27.86,0.6
1985-06-17,32.64,23.87,79.12,13.28,0.62
1985-06-18,32.99,23.77,76.74,0.14,0.62
1985-06-19,32.28,24.23,80.36,29.08,0.63
1985-06-20,32.61,24.28,77.39,0.09,0.64
1985-06-21,31.53,24.96,80.27,0.57,0.63
1985-06-22,33.22,24.61,76.35,0.34,0.62
1985-06-23,32.57,24.5,79.69,1.53,0.62
1985-06-24,31.73,24.51,80.11,2.0,0.61
1985-06-25,31.27,25.4,80.36,0.32,0.61
1985-06-26,30.38,24.56,83.21,0.34,0.61
1985-06-27,31.64,24.32,79.63,0.18,0.6
1985-06-28,30.9,24.34,80.89,1.03,0.6
1985-06-29,29.91,24.33,82.13,8.89,0.61
1985-06-30,31.02,24.11,77.52,0.1,0.6
1985-07-01,32.28,24.31,76.35,0.11,0.6
1985-07-02,32.46,23.22,79.5,2.05,0.59
1985-07-03,32.26,24.18,79.21,0.1,0.59
1985-07-04,32.56,23.45,75.81,0.76,0.58
1985-07-05,30.56,23.53,79.6,1.77,0.58
1985-07-06,30.73,24.05,78.74,0.41,0.58
1985-07-07,29.27,23.89,81.98,3.59,0.58
1985-07-08,29.09,23.35,85.52,5.52,0.58
1985-07-09,30.87,23.57,81.52,3.88,0.59
1985-07-10,32.25,23.12,76.91,5.04,0.59
1985-07-11,32.23,22.2,77.07,6.63,0.59
1985-07-12,29.69,22.71,80.99,1.22,0.59
1985-07-13,30.13,23.04,80.0,1.86,0.59
1985-07-14,32.33,22.49,76.74,0.3,0.58
1985-07-15,32.12,23.0,73.8,0.12,0.58
1985-07-16,33.21,22.32,71.23,0.07,0.57
1985-07-17,33.74,22.53,72.88,2.88,0.57
1985-07-18,34.45,23.14,71.09,3.87,0.56
1985-07-19,29.91,23.27,85.43,47.32,0.61
1985-07-20,30.39,23.38,82.05,1.4,0.64
1985-07-21,28.67,23.24,83.91,0.7,0.63
1985-07-22,29.95,22.68,82.31,0.08,0.62
1985-07-23,30.5,23.37,81.07,0.22,0.62
1985-07-24,28.46,23.1,84.03,0.07,0.61
1985-07-25,32.52,22.5,75.3,0.37,0.61
1985-07-26,32.95,22.34,76.08,1.41,0.6
1985-07-27,31.96,23.21,79.05,2.75,0.59
1985-07-28,30.8,23.3,85.12,4.78,0.6
1985-07-29,31.37,24.2,77.4,0.46,0.6
1985-07-30,30.13,23.78,80.02,0.03,0.59
1985-07-31,30.7,23.27,81.53,0.07,0.59
1985-08-01,31.92,23.29,75.97,0.27,0.58
1985-08-02,32.72,23.36,76.09,0.32,0.58
1985-08-03,32.3,23.71,76.79,0.13,0.57
1985-08-04,31.33,24.48,78.96,0.09,0.57
1985-08-05,31.46,23.66,78.92,0.14,0.56
1985-08-06,30.93,24.32,82.88,1.49,0.56
1985-08-07,31.71,24.0,79.15,5.01,0.57
1985-08-08,33.98,23.27,72.86,0.1,0.56
1985-08-09,32.68,23.53,74.55,0.14,0.56
1985-08-10,33.37,23.96,76.06,5.34,0.56
1985-08-11,35.2,23.87,70.76,0.01,0.55
1985-08-12,34.37,24.31,70.38,0.08,0.55
1985-08-13,33.23,25.19,71.54,0.74,0.54
1985-08-14,33.43,24.31,72.6,0.22,0.54
1985-08-15,31.33,24.38,79.29,0.54,0.54
1985-08-16,32.15,24.58,76.82,0.18,0.53
1985-08-17,30.29,24.08,79.44,0.5,0.53
1985-08-18,33.46,24.55,73.32,0.47,0.53
1985-08-19,32.53,23.87,80.27,14.26,0.54
1985-08-20,29.79,23.62,84.91,11.55,0.56
1985-08-21,32.65,23.45,74.69,0.16,0.56
1985-08-22,33.34,22.76,75.53,4.0,0.56
1985-08-23,32.99,23.49,74.25,0.17,0.55
1985-08-24,33.99,23.87,74.28,0.53,0.55
1985-08-25,32.47,24.55,75.56,0.13,0.55
1985-08-26,34.89,24.07,71.45,0.12,0.54
1985-08-27,34.2,24.42,69.74,0.24,0.54
1985-08-28,31.17,24.17,79.47,3.86,0.53
1985-08-29,32.43,23.22,80.56,15.68,0.55
1985-08-30,29.32,23.58,82.03,0.01,0.56
1985-08-31,33.3,23.28,72.17,0.01,0.55
1985-09-01,34.2,23.05,70.58,0.01,0.55
1985-09-02,34.09,23.24,71.16,0.0,0.54
1985-09-03,32.94,23.4,71.5,0.0,0.54
1985-09-04,33.38,22.87,70.22,0.01,0.53
1985-09-05,35.44,23.66,68.85,0.01,0.53
1985-09-06,35.53,24.06,68.79,0.0,0.52
1985-09-07,31.93,25.07,74.02,0.03,0.52
1985-09-08,33.03,24.62,73.26,0.29,0.52
1985-09-09,31.54,24.14,80.7,3.15,0.52
1985-09-10,29.7,23.77,84.54,6.69,0.53
1985-09-11,34.17,22.39,75.82,6.93,0.53
1985-09-12,30.54,23.57,78.39,0.4,0.53
1985-09-13,33.64,23.02,75.5,2.1,0.53
1985-09-14,33.26,23.53,71.18,0.17,0.53
1985-09-15,33.88,22.82,68.41,0.1,0.52
1985-09-16,36.2,23.14,62.84,0.43,0.52
1985-09-17,34.37,23.43,74.19,13.78,0.53
1985-09-18,36.48,23.51,67.31,0.15,0.53
1985-09-19,34.78,23.88,68.95,0.08,0.53
1985-09-20,34.38,23.78,69.31,0.01,0.52
1985-09-21,35.34,23.77,65.9,0.0,0.52
1985-09-22,36.44,23.69,62.43,0.0,0.51
1985-09-23,35.69,23.95,62.96,0.04,0.51
1985-09-24,29.35,24.54,75.87,0.33,0.5
1985-09-25,35.27,23.48,65.95,1.98,0.5
1985-09-26,34.4,23.4,65.06,0.08,0.5
1985-09-27,35.89,23.77,65.42,0.92,0.5
1985-09-28,36.4,23.81,63.14,0.31,0.49
1985-09-29,36.73,24.15,60.59,0.08,0.49
1985-09-30,36.21,24.37,60.98,0.08,0.49
1985-10-01,34.69,24.73,65.02,0.31,0.49
1985-10-02,28.76,24.95,77.64,0.04,0.48
1985-10-03,30.5,24.16,74.08,1.45,0.48
1985-10-04,35.19,23.99,60.35,0.0,0.48
1985-10-05,35.92,23.32,55.43,0.01,0.48
1985-10-06,35.58,23.08,57.94,0.0,0.48
1985-10-07,36.1,22.99,57.06,0.0,0.48
1985-10-08,37.05,23.96,55.64,0.0,0.47
1985-10-09,37.43,24.26,54.11,0.0,0.47
1985-10-10,37.14,24.76,57.03,0.0,0.47
1985-10-11,37.48,25.21,56.39,0.0,0.47
1985-10-12,37.47,26.07,55.31,0.0,0.47
1985-10-13,38.36,26.78,50.27,0.04,0.47
1985-10-14,35.86,26.34,54.87,0.05,0.47
1985-10-15,34.88,25.59,62.27,0.44,0.47
1985-10-16,35.84,23.64,63.29,2.65,0.47
1985-10-17,34.14,24.77,66.26,1.35,0.47
1985-10-18,34.91,24.77,63.86,0.46,0.47
1985-10-19,32.12,23.68,73.46,5.2,0.47
1985-10-20,35.86,22.58,63.74,0.0,0.47
1985-10-21,35.49,21.14,62.64,3.51,0.47
1985-10-22,33.89,23.2,63.12,0.0,0.47
1985-10-23,34.04,23.59,61.39,0.01,0.47
1985-10-24,33.22,23.83,60.55,0.09,0.47
1985-10-25,34.78,24.12,57.58,0.0,0.47
1985-10-26,33.1,24.15,62.77,0.0,0.47
1985-10-27,37.1,22.79,53.74,0.0,0.47
1985-10-28,36.73,21.26,50.77,0.0,0.47
1985-10-29,36.93,21.03,44.85,0.01,0.46
1985-10-30,36.77,19.92,42.6,0.0,0.46
1985-10-31,36.64,22.35,37.64,0.0,0.46
1985-11-01,36.52,21.98,41.09,0.04,0.46
1985-11-02,35.3,23.07,43.77,0.0,0.46
1985-11-03,35.69,23.22,45.98,0.0,0.46
1985-11-04,36.42,23.02,41.88,0.0,0.46
1985-11-05,36.11,23.65,37.99,0.0,0.46
1985-11-06,36.33,23.37,35.65,0.0,0.46
1985-11-07,36.55,21.13,34.05,0.0,0.46
1985-11-08,36.6,20.29,36.06,0.0,0.46
1985-11-09,36.42,19.96,36.2,0.0,0.46
1985-11-10,35.73,20.02,32.92,0.0,0.46
1985-11-11,34.77,20.15,45.05,0.72,0.46
1985-11-12,32.44,22.42,51.88,0.11,0.46
1985-11-13,31.37,20.92,66.39,2.53,0.46
1985-11-14,26.98,22.62,83.76,3.71,0.46
1985-11-15,28.73,21.91,85.37,3.94,0.47
1985-11-16,24.99,21.7,89.89,4.21,0.48
1985-11-17,29.82,21.1,75.91,0.0,0.48
1985-11-18,31.85,21.99,65.71,0.31,0.48
1985-11-19,28.48,22.49,74.09,0.67,0.47
1985-11-20,29.14,21.06,83.82,7.69,0.48
1985-11-21,32.07,17.2,61.95,0.0,0.48
1985-11-22,30.42,15.0,52.96,0.0,0.48
1985-11-23,30.6,15.07,53.78,0.0,0.48
1985-11-24,31.36,15.74,50.41,0.0,0.48
1985-11-25,31.84,16.09,52.57,0.0,0.47
1985-11-26,32.38,17.31,49.53,0.0,0.47
1985-11-27,32.72,16.77,47.0,0.0,0.47
1985-11-28,33.23,17.86,46.6,0.0,0.47
1985-11-29,33.72,18.5,44.43,0.0,0.47
1985-11-30,34.26,19.61,43.41,0.0,0.47
1985-12-01,34.27,19.97,47.23,0.0,0.47
1985-12-02,34.77,20.56,43.93,0.03,0.46
1985-12-03,33.9,18.66,31.3,0.0,0.46
1985-12-04,33.12,15.21,34.0,0.0,0.46
1985-12-05,31.98,15.23,37.99,0.0,0.46
1985-12-06,31.74,14.33,34.85,0.0,0.46
1985-12-07,31.65,15.35,38.17,0.0,0.46
1985-12-08,31.8,16.09,41.55,0.0,0.46
1985-12-09,31.96,15.73,53.9,0.0,0.46
1985-12-10,31.26,16.15,54.38,0.0,0.46
1985-12-11,31.98,16.4,41.89,0.0,0.46
1985-12-12,32.62,16.94,39.56,0.0,0.46
1985-12-13,33.43,16.67,41.07,0.0,0.46
1985-12-14,33.6,16.95,39.29,0.0,0.46
1985-12-15,33.77,17.71,43.5,0.0,0.46
1985-12-16,33.04,17.51,49.8,0.0,0.46
1985-12-17,32.59,17.52,52.47,0.0,0.46
1985-12-18,31.88,17.74,56.74,0.0,0.46
1985-12-19,31.6,19.24,57.49,0.0,0.46
1985-12-20,31.26,20.01,53.59,0.0,0.46
1985-12-21,31.4,17.66,46.2,0.0,0.46
1985-12-22,32.14,16.42,37.94,0.0,0.46
1985-12-23,31.51,19.24,44.72,0.0,0.46
1985-12-24,29.5,19.28,53.19,0.0,0.46
1985-12-25,30.25,16.84,51.82,0.0,0.46
1985-12-26,31.58,15.75,41.71,0.0,0.46
1985-12-27,31.97,15.99,35.69,0.0,0.46
1985-12-28,32.58,15.09,48.86,0.0,0.46
1985-12-29,31.47,15.82,54.84,0.0,0.46
1985-12-30,31.47,15.97,54.21,0.0,0.46
1985-12-31,30.16,12.57,35.74,0.0,0.46
1986-01-01,31.16,12.15,30.72,0.0,0.46
1986-01-02,30.91,13.78,47.5,0.0,0.46
1986-01-03,30.66,12.66,49.35,0.0,0.46
1986-01-04,29.45,14.33,48.0,0.0,0.46
1986-01-05,31.02,14.93,50.83,0.0,0.46
1986-01-06,30.25,15.24,53.83,0.0,0.46
1986-01-07,30.87,15.75,47.85,0.0,0.46
1986-01-08,30.85,15.35,52.58,0.0,0.46
1986-01-09,30.6,16.5,50.68,0.0,0.46
1986-01-10,30.31,15.54,46.54,0.0,0.46
1986-01-11,31.15,15.13,48.85,0.0,0.46
1986-01-12,32.16,16.03,42.66,0.0,0.46
1986-01-13,32.12,18.01,37.97,0.0,0.46
1986-01-14,32.26,18.94,43.51,0.0,0.46
1986-01-15,32.83,17.22,40.88,0.0,0.46
1986-01-16,32.27,15.82,42.52,0.0,0.46
1986-01-17,30.4,17.4,53.97,0.0,0.46
1986-01-18,31.13,15.42,45.19,0.0,0.46
1986-01-19,31.29,14.53,36.84,0.0,0.46
1986-01-20,32.15,13.68,32.44,0.0,0.46
1986-01-21,33.36,13.86,27.5,0.0,0.46
1986-01-22,33.24,14.17,30.42,0.0,0.46
1986-01-23,33.19,13.99,29.18,0.0,0.46
1986-01-24,31.99,14.04,37.48,0.0,0.46
1986-01-25,32.54,12.64,28.75,0.0,0.46
1986-01-26,33.51,15.56,32.84,0.0,0.46
1986-01-27,32.95,17.19,39.76,0.0,0.46
1986-01-28,33.57,16.25,31.03,0.0,0.46
1986-01-29,33.37,16.05,33.82,0.0,0.46
1986-01-30,32.35,15.0,33.53,0.0,0.46
1986-01-31,33.16,14.38,49.68,0.0,0.46
1986-02-01,33.13,15.84,53.27,0.0,0.46
1986-02-02,32.9,16.87,53.96,0.0,0.46
1986-02-03,32.73,16.71,51.04,0.0,0.46
1986-02-04,34.53,16.87,42.73,0.0,0.46
1986-02-05,33.89,15.71,39.34,0.0,0.46
1986-02-06,34.72,15.93,40.67,0.0,0.46
1986-02-07,33.94,18.27,39.07,0.0,0.46
1986-02-08,34.53,18.5,32.85,0.0,0.46
1986-02-09,33.09,20.54,34.3,0.0,0.46
1986-02-10,31.48,19.72,30.82,0.0,0.46
1986-02-11,35.82,19.41,29.26,0.0,0.46
1986-02-12,35.67,17.24,39.55,0.0,0.46
1986-02-13,35.24,16.57,45.54,0.0,0.46
1986-02-14,34.71,17.11,47.74,0.0,0.46
1986-02-15,36.19,17.17,43.09,0.0,0.46
1986-02-16,34.23,19.74,46.68,0.0,0.46
1986-02-17,33.35,16.57,40.54,0.0,0.46
1986-02-18,32.54,15.33,27.37,0.0,0.46
1986-02-19,31.98,13.52,21.35,0.0,0.46
1986-02-20,33.28,12.53,18.23,0.0,0.46
1986-02-21,35.95,13.49,17.12,0.0,0.46
1986-02-22,36.13,16.66,25.42,0.0,0.46
1986-02-23,35.37,14.81,37.19,0.0,0.46
1986-02-24,35.89,15.73,47.9,0.0,0.46
1986-02-25,36.47,17.44,50.95,0.0,0.46
1986-02-26,36.67,16.08,35.56,0.0,0.46
1986-02-27,35.67,16.52,34.17,0.0,0.46
1986-02-28,35.67,15.59,36.68,0.0,0.46
1986-03-01,35.5,14.77,42.92,0.0,0.46
1986-03-02,35.76,16.94,47.41,0.02,0.46
1986-03-03,31.92,19.01,50.5,0.05,0.46
1986-03-04,30.97,19.0,51.9,0.0,0.46
1986-03-05,31.52,18.37,43.44,0.0,0.46
1986-03-06,33.42,18.89,42.48,0.0,0.46
1986-03-07,34.82,17.88,40.26,0.0,0.46
1986-03-08,35.59,15.91,37.66,0.0,0.46
1986-03-09,35.87,17.88,39.74,0.0,0.46
1986-03-10,37.01,18.28,39.61,0.0,0.46
1986-03-11,38.05,19.79,44.75,0.0,0.46
1986-03-12,38.2,19.98,47.74,0.0,0.46
1986-03-13,38.59,20.17,51.98,0.0,0.46
1986-03-14,38.81,20.68,52.51,0.0,0.46
1986-03-15,38.58,20.61,48.21,0.0,0.46
1986-03-16,39.53,20.28,49.37,0.0,0.46
1986-03-17,38.61,21.12,50.26,0.0,0.46
1986-03-18,38.94,19.95,39.58,0.0,0.46
1986-03-19,39.08,18.28,38.18,0.0,0.46
1986-03-20,40.52,19.63,43.55,0.0,0.46
1986-03-21,39.27,20.2,47.55,0.0,0.46
1986-03-22,39.72,21.13,41.74,0.0,0.46
1986-03-23,40.19,20.71,27.15,0.0,0.46
1986-03-24,40.51,20.18,44.68,0.0,0.45
1986-03-25,40.94,21.69,47.68,0.0,0.45
1986-03-26,41.15,22.23,44.27,0.0,0.45
1986-03-27,39.4,21.9,31.08,0.0,0.45
1986-03-28,41.07,22.25,37.94,0.0,0.45
1986-03-29,41.33,20.3,41.93,2.35,0.46
1986-03-30,40.8,21.65,49.93,0.0,0.46
1986-03-31,41.64,22.21,50.4,0.0,0.46
1986-04-01,41.21,23.85,50.99,0.0,0.46
1986-04-02,41.94,23.51,49.81,0.0,0.46
1986-04-03,40.34,23.15,44.63,0.0,0.46
1986-04-04,40.99,22.18,42.25,0.0,0.46
1986-04-05,41.43,21.34,43.65,0.99,0.46
1986-04-06,40.33,22.15,47.15,0.0,0.46
1986-04-07,40.21,21.32,46.07,0.0,0.46
1986-04-08,39.87,21.54,47.93,0.01,0.46
1986-04-09,39.94,21.82,52.73,0.0,0.46
1986-04-10,40.55,22.78,51.31,0.02,0.46
1986-04-11,41.23,24.08,45.4,0.0,0.46
1986-04-12,40.86,24.11,44.84,0.0,0.46
1986-04-13,39.91,23.34,50.59,0.0,0.46
1986-04-14,40.93,23.31,52.46,0.11,0.46
1986-04-15,40.11,24.08,53.08,0.0,0.46
1986-04-16,40.98,23.61,52.52,0.0,0.46
1986-04-17,40.02,23.75,54.59,0.0,0.46
1986-04-18,34.39,25.23,57.29,0.0,0.46
1986-04-19,34.73,24.23,56.32,0.01,0.46
1986-04-20,36.02,23.82,55.9,0.0,0.46
1986-04-21,37.34,23.59,52.43,0.0,0.46
1986-04-22,37.43,24.52,47.08,0.0,0.46
1986-04-23,40.74,24.31,42.62,0.19,0.46
1986-04-24,39.79,23.48,45.1,0.94,0.46
1986-04-25,39.49,23.22,47.09,0.0,0.46
1986-04-26,39.28,23.67,47.66,0.0,0.46
1986-04-27,40.79,24.08,47.02,0.01,0.46
1986-04-28,37.22,24.32,46.76,0.02,0.46
1986-04-29,38.72,23.59,47.17,0.39,0.46
1986-04-30,38.86,24.06,50.36,0.92,0.46
1986-05-01,39.98,23.11,45.9,0.0,0.46
1986-05-02,40.62,24.43,47.36,0.0,0.46
1986-05-03,40.57,24.45,50.42,3.77,0.47
1986-05-04,40.42,24.78,50.73,0.0,0.46
1986-05-05,37.81,25.78,56.37,0.0,0.46
1986-05-06,35.96,25.83,55.75,0.22,0.46
1986-05-07,37.9,25.53,48.64,0.31,0.46
1986-05-08,35.78,25.39,45.53,0.0,0.46
1986-05-09,39.58,25.72,34.98,0.05,0.46
1986-05-10,40.92,25.79,39.23,0.04,0.46
1986-05-11,39.04,26.24,49.08,0.0,0.46
1986-05-12,40.21,25.04,48.22,0.01,0.46
1986-05-13,39.25,25.59,48.83,0.16,0.46
1986-05-14,38.68,26.51,51.4,1.01,0.46
1986-05-15,34.45,24.75,61.83,13.66,0.47
1986-05-16,35.51,23.67,65.67,1.36,0.48
1986-05-17,34.53,24.86,64.06,0.0,0.48
1986-05-18,37.25,24.7,60.14,0.02,0.48
1986-05-19,38.85,26.31,55.42,0.28,0.47
1986-05-20,39.69,25.56,54.18,1.41,0.47
1986-05-21,34.26,26.05,72.69,16.56,0.49
1986-05-22,35.13,25.72,65.21,0.09,0.49
1986-05-23,38.29,25.56,58.18,0.15,0.49
1986-05-24,38.6,25.66,56.41,0.0,0.48
1986-05-25,40.07,24.16,49.12,0.0,0.48
1986-05-26,40.31,23.87,50.32,0.01,0.48
1986-05-27,40.13,24.12,52.09,0.03,0.47
1986-05-28,40.14,25.03,53.51,1.44,0.47
1986-05-29,40.02,25.02,50.88,0.0,0.47
1986-05-30,40.03,25.12,51.35,0.28,0.47
1986-05-31,37.68,25.53,62.88,13.73,0.48
1986-06-01,39.38,24.32,60.03,0.25,0.49
1986-06-02,39.25,26.47,57.31,0.97,0.48
1986-06-03,39.18,25.64,58.53,0.0,0.48
1986-06-04,38.92,26.09,56.27,0.0,0.47
1986-06-05,38.69,26.6,57.31,0.0,0.47
1986-06-06,38.0,26.49,57.28,0.01,0.47
1986-06-07,37.46,26.59,57.8,0.89,0.47
1986-06-08,38.39,26.72,54.07,0.01,0.47
1986-06-09,38.24,26.37,51.86,0.16,0.47
1986-06-10,37.48,26.31,53.66,0.35,0.47
1986-06-11,38.54,25.38,55.03,0.88,0.47
1986-06-12,38.71,26.27,57.4,0.56,0.47
1986-06-13,36.37,26.95,57.26,0.23,0.46
1986-06-14,37.21,26.51,54.75,0.11,0.46
1986-06-15,34.69,26.78,60.08,1.43,0.46
1986-06-16,35.62,25.27,66.68,5.97,0.47
1986-06-17,33.88,25.91,71.16,3.13,0.48
1986-06-18,33.97,25.48,74.84,6.84,0.48
1986-06-19,34.99,25.28,70.83,1.65,0.48
1986-06-20,33.44,25.49,74.93,22.01,0.51
1986-06-21,34.09,24.85,69.33,1.08,0.52
1986-06-22,32.9,24.08,77.8,9.22,0.52
1986-06-23,31.66,25.63,77.36,0.31,0.52
1986-06-24,31.88,25.23,72.77,0.24,0.52
1986-06-25,30.49,25.5,77.97,0.51,0.52
1986-06-26,31.8,25.67,73.57,0.13,0.51
1986-06-27,34.48,24.85,71.03,1.13,0.51
1986-06-28,31.26,25.33,75.0,3.3,0.51
1986-06-29,32.06,25.71,70.99,0.22,0.51
1986-06-30,31.09,25.19,78.73,1.13,0.51
1986-07-01,34.02,24.53,74.29,5.45,0.51
1986-07-02,36.16,23.8,67.56,0.15,0.51
1986-07-03,34.26,25.09,68.05,0.01,0.51
1986-07-04,33.05,25.71,70.12,0.01,0.5
1986-07-05,31.15,25.94,74.3,0.02,0.5
1986-07-06,33.77,25.55,66.96,0.1,0.5
1986-07-07,33.83,25.16,69.92,0.96,0.5
1986-07-08,32.06,24.59,74.94,1.66,0.5
1986-07-09,33.55,24.63,71.04,1.18,0.5
1986-07-10,32.49,24.62,78.82,17.64,0.51
1986-07-11,28.72,23.93,80.09,0.33,0.52
1986-07-12,33.78,23.03,71.29,0.81,0.52
1986-07-13,35.73,23.76,66.9,0.0,0.51
1986-07-14,35.34,24.43,65.55,0.02,0.51
1986-07-15,35.9,24.44,65.22,0.01,0.51
1986-07-16,36.96,24.97,62.92,0.04,0.5
1986-07-17,34.06,25.28,68.89,0.6,0.5
1986-07-18,33.44,24.87,73.63,0.69,0.5
1986-07-19,31.36,24.41,75.23,0.8,0.5
1986-07-20,33.37,24.03,71.96,1.37,0.49
1986-07-21,32.72,24.14,67.3,0.2,0.49
1986-07-22,34.06,23.24,67.2,1.25,0.49
1986-07-23,34.56,23.59,66.32,1.0,0.49
1986-07-24,33.84,24.7,66.42,0.56,0.49
1986-07-25,34.98,24.15,65.6,0.37,0.49
1986-07-26,32.4,24.39,68.69,0.82,0.48
1986-07-27,32.72,24.06,67.93,0.3,0.48
1986-07-28,31.84,23.99,69.68,0.25,0.48
1986-07-29,32.78,24.1,69.72,2.61,0.48
1986-07-30,32.9,23.84,68.75,0.0,0.48
1986-07-31,34.1,24.47,65.77,0.01,0.48
1986-08-01,37.03,24.71,62.28,1.79,0.48
1986-08-02,35.5,24.21,71.29,11.16,0.49
1986-08-03,36.34,24.58,68.33,1.13,0.49
1986-08-04,29.52,24.97,82.28,4.01,0.49
1986-08-05,33.45,23.48,76.39,6.29,0.5
1986-08-06,35.33,23.4,68.83,1.14,0.5
1986-08-07,32.19,24.78,73.16,0.3,0.5
1986-08-08,35.54,25.0,64.72,0.02,0.49
1986-08-09,35.54,25.51,63.66,0.08,0.49
1986-08-10,35.34,25.61,66.2,0.04,0.49
1986-08-11,35.1,25.56,66.44,0.22,0.49
1986-08-12,33.14,25.38,68.62,0.54,0.48
1986-08-13,33.66,24.24,68.75,0.31,0.48
1986-08-14,33.52,24.56,71.39,2.74,0.48
1986-08-15,31.2,25.05,73.97,1.08,0.48
1986-08-16,31.96,24.81,74.32,0.93,0.48
1986-08-17,35.48,23.77,63.91,0.03,0.48
1986-08-18,36.04,24.83,63.6,0.01,0.48
1986-08-19,36.06,24.57,62.57,0.05,0.48
1986-08-20,37.63,24.62,62.24,0.03,0.47
1986-08-21,37.01,25.3,61.25,0.06,0.47
1986-08-22,35.92,25.67,62.84,0.35,0.47
1986-08-23,35.93,24.98,65.12,1.54,0.47
1986-08-24,37.37,25.0,61.68,0.04,0.47
1986-08-25,33.19,25.95,65.82,0.18,0.47
1986-08-26,34.5,25.1,71.28,4.54,0.47
1986-08-27,35.11,25.91,67.86,0.01,0.47
1986-08-28,37.55,25.0,59.92,0.09,0.47
1986-08-29,36.93,25.48,60.61,0.12,0.47
1986-08-30,35.3,25.9,63.13,0.42,0.47
1986-08-31,30.73,25.01,77.13,4.2,0.47
1986-09-01,36.46,24.22,63.35,0.01,0.47
1986-09-02,36.51,25.07,61.86,0.26,0.47
1986-09-03,36.37,25.23,61.99,0.04,0.47
1986-09-04,34.92,25.91,64.33,0.92,0.47
1986-09-05,33.68,25.38,71.0,0.81,0.47
1986-09-06,33.07,24.72,72.47,3.73,0.47
1986-09-07,32.76,24.84,69.64,0.34,0.47
1986-09-08,35.68,24.74,66.41,2.01,0.47
1986-09-09,32.44,24.36,73.25,3.91,0.47
1986-09-10,32.09,23.43,80.14,5.33,0.48
1986-09-11,34.92,22.97,67.18,0.09,0.48
1986-09-12,35.3,23.77,64.62,0.0,0.48
1986-09-13,36.77,23.73,59.2,0.04,0.48
1986-09-14,37.89,23.64,57.35,0.01,0.47
1986-09-15,35.42,24.85,60.2,0.04,0.47
1986-09-16,35.99,25.25,59.48,0.15,0.47
1986-09-17,37.19,25.35,58.44,0.0,0.47
1986-09-18,38.97,25.03,56.14,0.02,0.47
1986-09-19,38.09,24.73,62.8,10.8,0.47
1986-09-20,28.17,24.51,83.82,41.27,0.54
1986-09-21,30.56,23.46,78.49,0.55,0.55
1986-09-22,32.45,24.03,68.8,3.97,0.55
1986-09-23,33.58,23.19,68.7,1.01,0.55
1986-09-24,31.71,23.24,71.19,0.0,0.54
1986-09-25,32.32,23.86,69.96,0.03,0.54
1986-09-26,33.26,23.42,68.14,0.3,0.53
1986-09-27,33.57,24.4,67.14,0.15,0.53
1986-09-28,33.55,24.52,70.61,0.9,0.53
1986-09-29,31.17,24.42,73.71,0.1,0.53
1986-09-30,33.23,23.43,72.29,3.86,0.52
1986-10-01,33.29,23.23,72.15,1.43,0.53
1986-10-02,31.04,23.89,73.99,0.0,0.52
1986-10-03,32.88,23.49,71.09,0.0,0.52
1986-10-04,33.88,24.11,68.07,0.24,0.52
1986-10-05,34.1,24.09,68.22,0.71,0.51
1986-10-06,30.81,24.02,82.35,9.55,0.52
1986-10-07,34.14,23.25,71.67,0.04,0.52
1986-10-08,33.99,24.01,69.41,0.61,0.52
1986-10-09,34.34,22.83,72.37,2.78,0.52
1986-10-10,32.96,23.53,75.01,0.76,0.52
1986-10-11,33.63,23.8,70.87,0.11,0.51
1986-10-12,34.61,23.11,68.0,0.23,0.51
1986-10-13,34.32,23.44,66.31,0.16,0.51
1986-10-14,33.74,21.56,71.06,6.53,0.51
1986-10-15,35.02,20.86,66.16,1.19,0.51
1986-10-16,35.93,20.11,62.39,0.04,0.51
1986-10-17,36.01,20.81,58.81,0.0,0.5
1986-10-18,36.21,19.86,50.54,0.0,0.5
1986-10-19,36.06,19.09,47.34,0.0,0.49
1986-10-20,35.74,20.31,48.68,0.0,0.49
1986-10-21,36.17,22.34,48.4,0.0,0.49
1986-10-22,36.53,21.08,49.89,0.0,0.48
1986-10-23,35.61,22.0,49.2,0.19,0.48
1986-10-24,33.83,24.59,62.23,7.7,0.48
1986-10-25,34.22,22.94,66.74,0.08,0.49
1986-10-26,36.4,22.97,58.59,0.0,0.48
1986-10-27,36.51,22.09,59.91,0.0,0.48
1986-10-28,35.74,22.66,59.47,0.0,0.48
1986-10-29,34.33,24.01,62.93,0.0,0.48
1986-10-30,34.8,24.07,59.18,0.0,0.47
1986-10-31,35.47,24.48,59.44,0.0,0.47
1986-11-01,36.12,23.46,56.63,0.0,0.47
1986-11-02,36.99,23.4,53.18,0.0,0.47
1986-11-03,37.76,23.57,51.66,0.0,0.47
1986-11-04,37.49,23.76,52.55,0.0,0.47
1986-11-05,36.19,23.92,57.31,0.0,0.47
1986-11-06,34.75,23.63,60.07,0.0,0.47
1986-11-07,35.93,23.64,56.97,0.0,0.46
1986-11-08,32.61,24.25,62.24,2.49,0.47
1986-11-09,32.29,24.31,67.93,1.88,0.47
1986-11-10,31.77,23.48,76.03,2.95,0.47
1986-11-11,32.58,21.73,72.3,3.19,0.48
1986-11-12,32.84,20.56,68.37,0.0,0.47
1986-11-13,34.11,20.54,50.79,0.0,0.47
1986-11-14,33.89,18.38,48.27,0.0,0.47
1986-11-15,34.23,17.77,42.5,0.0,0.47
1986-11-16,34.81,18.51,46.27,0.0,0.47
1986-11-17,34.72,18.59,51.18,0.0,0.47
1986-11-18,34.07,18.1,47.53,0.0,0.46
1986-11-19,34.14,18.14,40.08,0.0,0.46
1986-11-20,34.16,17.65,35.23,0.0,0.46
1986-11-21,34.66,16.92,36.61,0.02,0.46
1986-11-22,34.68,17.64,37.62,0.0,0.46
1986-11-23,34.39,17.3,38.45,0.0,0.46
1986-11-24,34.12,16.98,41.04,0.0,0.46
1986-11-25,33.73,20.99,36.64,0.0,0.46
1986-11-26,34.14,20.46,38.73,0.0,0.46
1986-11-27,34.21,18.31,35.85,0.0,0.46
1986-11-28,34.58,18.76,35.44,0.0,0.46
1986-11-29,34.38,20.38,37.91,0.0,0.46
1986-11-30,35.15,21.83,39.65,0.0,0.46
1986-12-01,35.05,20.61,40.3,0.0,0.46
1986-12-02,34.05,17.73,39.9,0.0,0.46
1986-12-03,34.58,17.71,36.76,0.0,0.46
1986-12-04,32.85,18.81,36.61,0.0,0.46
1986-12-05,34.23,18.53,40.62,0.0,0.46
1986-12-06,34.17,19.4,43.77,0.0,0.46
1986-12-07,34.66,20.42,34.79,0.0,0.46
1986-12-08,33.98,20.83,34.72,0.03,0.46
1986-12-09,34.52,19.9,36.03,0.0,0.46
1986-12-10,32.42,21.23,44.88,0.14,0.46
1986-12-11,32.43,20.07,49.39,0.0,0.46
1986-12-12,32.45,16.68,47.54,0.0,0.46
1986-12-13,32.05,15.96,42.28,0.0,0.46
1986-12-14,32.77,15.18,34.47,0.0,0.46
1986-12-15,33.04,16.89,42.58,0.0,0.46
1986-12-16,32.58,17.45,45.31,0.0,0.46
1986-12-17,32.83,16.99,44.31,0.0,0.46
1986-12-18,32.77,15.92,36.54,0.0,0.46
1986-12-19,33.14,15.57,32.61,0.0,0.46
1986-12-20,33.5,16.78,29.7,0.0,0.46
1986-12-21,31.21,17.82,39.29,0.0,0.46
1986-12-22,31.95,14.36,31.73,0.0,0.46
1986-12-23,32.62,16.21,38.46,0.0,0.46
1986-12-24,33.12,15.57,33.88,0.0,0.46
1986-12-25,33.06,15.07,26.63,0.0,0.46
1986-12-26,32.84,17.0,38.63,0.0,0.46
1986-12-27,31.1,16.01,31.26,0.0,0.46
1986-12-28,29.92,18.09,33.54,0.0,0.46
1986-12-29,30.16,18.95,48.18,0.03,0.46
1986-12-30,32.2,17.15,45.42,5.01,0.46
1986-12-31,26.91,14.94,70.42,26.77,0.49
1987-01-01,25.71,12.93,57.47,0.1,0.51
1987-01-02,27.75,11.83,47.11,0.0,0.51
1987-01-03,28.31,11.16,47.38,0.0,0.5
1987-01-04,27.97,10.27,51.86,0.0,0.5
1987-01-05,29.17,10.71,44.98,0.0,0.5
1987-01-06,30.91,12.83,41.63,0.0,0.5
1987-01-07,31.21,12.18,48.12,0.0,0.49
1987-01-08,31.95,15.91,48.96,0.01,0.49
1987-01-09,31.24,17.8,55.23,0.13,0.49
1987-01-10,30.86,15.34,57.9,0.0,0.49
1987-01-11,31.26,14.37,55.58,0.0,0.48
1987-01-12,32.51,14.83,50.3,0.0,0.48
1987-01-13,32.51,17.96,45.67,0.0,0.48
1987-01-14,32.23,15.73,50.78,0.0,0.48
1987-01-15,31.44,15.6,51.35,0.0,0.48
1987-01-16,30.06,13.47,47.07,0.0,0.47
1987-01-17,31.02,13.24,42.91,0.0,0.47
1987-01-18,32.04,15.05,43.36,0.0,0.47
1987-01-19,31.9,15.71,41.64,0.0,0.47
1987-01-20,32.58,15.28,44.99,0.0,0.47
1987-01-21,32.15,15.74,44.11,0.0,0.47
1987-01-22,32.86,14.84,44.88,0.0,0.47
1987-01-23,34.29,15.85,37.31,0.0,0.46
1987-01-24,34.98,17.12,41.46,0.0,0.46
1987-01-25,33.95,17.16,47.91,2.91,0.47
1987-01-26,32.65,18.17,47.37,0.14,0.47
1987-01-27,31.58,19.89,58.63,2.18,0.47
1987-01-28,31.46,19.37,56.57,0.0,0.47
1987-01-29,31.84,16.28,48.62,0.0,0.47
1987-01-30,32.18,14.2,39.06,0.0,0.47
1987-01-31,33.41,14.86,37.89,0.0,0.46
1987-02-01,33.77,16.94,36.06,0.0,0.46
1987-02-02,25.76,19.0,54.42,0.0,0.46
1987-02-03,28.78,17.88,60.82,0.76,0.46
1987-02-04,31.22,17.55,66.85,1.73,0.47
1987-02-05,31.59,18.28,66.37,0.07,0.47
1987-02-06,30.83,14.67,58.63,0.0,0.47
1987-02-07,31.35,14.2,41.93,0.0,0.46
1987-02-08,32.81,13.13,30.09,0.0,0.46
1987-02-09,33.31,15.43,36.59,0.0,0.46
1987-02-10,31.87,16.09,38.99,0.0,0.46
1987-02-11,31.64,12.67,37.64,0.0,0.46
1987-02-12,33.23,14.04,36.24,0.0,0.46
1987-02-13,34.21,14.46,38.12,0.0,0.46
1987-02-14,34.23,15.56,37.53,0.0,0.46
1987-02-15,34.98,15.32,33.72,0.0,0.46
1987-02-16,34.16,14.67,35.21,0.0,0.46
1987-02-17,34.63,14.64,35.95,0.0,0.46
1987-02-18,35.15,14.81,36.8,0.0,0.46
1987-02-19,35.78,16.17,41.71,0.0,0.46
1987-02-20,36.22,17.14,39.05,0.0,0.46
1987-02-21,36.66,16.09,37.53,0.0,0.46
1987-02-22,35.38,15.55,35.98,0.0,0.46
1987-02-23,35.49,16.37,41.69,0.0,0.46
1987-02-24,36.48,17.5,35.14,0.0,0.46
1987-02-25,36.81,19.0,27.83,0.0,0.46
1987-02-26,37.38,18.25,40.67,0.0,0.46
1987-02-27,36.66,18.32,51.44,0.0,0.46
1987-02-28,36.48,18.45,49.42,0.0,0.46
1987-03-01,35.58,17.67,47.57,0.0,0.46
1987-03-02,36.15,17.5,47.98,0.15,0.46
1987-03-03,35.0,18.01,46.25,0.0,0.46
1987-03-04,34.17,17.44,40.04,0.0,0.46
1987-03-05,35.5,19.02,32.95,1.12,0.46
1987-03-06,35.65,17.68,36.59,0.0,0.46
1987-03-07,35.63,16.37,44.78,0.0,0.46
1987-03-08,35.84,16.08,49.57,0.0,0.46
1987-03-09,36.45,17.14,46.61,0.0,0.46
1987-03-10,36.8,18.32,47.7,0.0,0.46
1987-03-11,36.37,18.86,46.68,0.01,0.46
1987-03-12,36.51,19.56,44.91,0.32,0.46
1987-03-13,37.18,18.94,44.99,0.0,0.46
1987-03-14,36.43,19.36,44.81,0.0,0.46
1987-03-15,35.68,19.86,38.39,0.0,0.46
1987-03-16,36.32,19.09,36.07,0.0,0.46
1987-03-17,37.69,19.39,40.9,0.0,0.46
1987-03-18,37.65,20.16,55.05,0.04,0.46
1987-03-19,37.25,21.66,55.16,0.01,0.46
1987-03-20,37.47,20.31,49.76,0.0,0.46
1987-03-21,37.78,19.39,47.91,0.0,0.46
1987-03-22,38.06,20.69,47.94,0.0,0.46
1987-03-23,38.66,20.6,40.37,0.0,0.46
1987-03-24,40.03,20.27,36.52,0.0,0.46
1987-03-25,40.28,20.78,36.26,0.0,0.46
1987-03-26,40.97,20.8,31.51,0.0,0.46
1987-03-27,39.71,19.84,35.71,0.0,0.46
1987-03-28,38.28,21.55,40.71,0.0,0.46
1987-03-29,39.3,22.12,42.65,0.0,0.46
1987-03-30,40.44,22.89,37.04,0.0,0.46
1987-03-31,40.67,21.99,36.12,0.0,0.46
1987-04-01,40.87,20.97,36.36,0.0,0.46
1987-04-02,40.7,20.1,45.95,0.0,0.46
1987-04-03,41.25,21.5,52.55,0.0,0.46
1987-04-04,40.41,22.7,54.15,0.0,0.46
1987-04-05,41.11,23.16,54.01,0.0,0.46
1987-04-06,40.87,23.04,52.97,0.0,0.46
1987-04-07,40.15,22.68,50.57,0.0,0.46
1987-04-08,40.67,22.85,50.47,0.0,0.46
1987-04-09,39.42,22.16,55.16,0.0,0.46
1987-04-10,36.85,24.38,61.23,0.12,0.46
1987-04-11,33.65,24.42,63.71,0.07,0.46
1987-04-12,38.94,24.08,58.76,0.0,0.46
1987-04-13,39.73,23.57,55.18,0.09,0.46
1987-04-14,41.11,22.99,51.94,0.01,0.46
1987-04-15,41.96,23.73,47.35,0.0,0.46
1987-04-16,40.75,25.23,42.96,0.47,0.46
1987-04-17,41.35,26.07,40.16,0.0,0.46
1987-04-18,41.43,25.41,41.17,0.27,0.46
1987-04-19,39.51,25.36,40.34,0.0,0.46
1987-04-20,34.81,25.69,46.44,0.0,0.46
1987-04-21,37.02,24.16,40.93,2.23,0.46
1987-04-22,36.81,25.27,49.16,0.0,0.46
1987-04-23,34.17,24.69,58.71,0.02,0.46
1987-04-24,38.49,23.88,55.67,0.0,0.46
1987-04-25,38.84,23.45,54.62,0.0,0.46
1987-04-26,39.62,24.51,48.17,0.9,0.46
1987-04-27,39.21,25.14,40.02,0.1,0.46
1987-04-28,37.25,26.38,44.67,2.19,0.46
1987-04-29,31.1,23.58,61.36,1.87,0.47
1987-04-30,34.22,22.18,53.0,0.0,0.47
1987-05-01,38.41,21.66,50.68,0.15,0.47
1987-05-02,39.71,23.56,47.91,0.0,0.46
1987-05-03,37.73,25.18,51.98,2.3,0.46
1987-05-04,39.03,24.27,50.83,0.1,0.47
1987-05-05,37.9,23.92,52.64,0.0,0.46
1987-05-06,38.07,22.83,47.23,0.0,0.46
1987-05-07,38.61,23.56,48.06,0.0,0.46
1987-05-08,39.89,25.06,46.77,0.0,0.46
1987-05-09,41.48,25.17,43.47,0.0,0.46
1987-05-10,41.92,26.27,42.08,0.0,0.46
1987-05-11,42.09,26.0,44.79,0.0,0.46
1987-05-12,40.76,26.04,47.41,0.0,0.46
1987-05-13,41.75,26.72,44.78,0.0,0.46
1987-05-14,42.45,25.63,45.47,0.0,0.46
1987-05-15,40.45,25.42,48.22,0.0,0.46
1987-05-16,41.94,25.83,48.54,0.0,0.46
1987-05-17,42.05,27.17,47.76,0.0,0.46
1987-05-18,41.95,27.5,49.65,3.14,0.46
1987-05-19,41.48,26.83,51.58,0.09,0.46
1987-05-20,40.81,25.86,53.55,3.82,0.47
1987-05-21,41.89,25.18,49.84,0.0,0.47
1987-05-22,42.27,25.76,48.36,0.0,0.46
1987-05-23,41.52,26.57,50.88,0.0,0.46
1987-05-24,40.23,26.93,55.02,0.0,0.46
1987-05-25,37.24,26.72,58.44,0.2,0.46
1987-05-26,38.56,26.97,54.44,0.04,0.46
1987-05-27,34.94,27.1,62.65,2.31,0.46
1987-05-28,37.66,26.49,56.57,0.0,0.47
1987-05-29,36.39,26.5,57.34,0.09,0.46
1987-05-30,36.51,26.54,57.58,0.03,0.46
1987-05-31,35.41,26.56,58.42,0.24,0.46
1987-06-01,36.41,27.19,58.09,0.04,0.46
1987-06-02,34.53,27.17,60.95,1.42,0.46
1987-06-03,31.53,25.18,73.23,1.0,0.47
1987-06-04,34.1,25.26,64.12,0.46,0.47
1987-06-05,37.44,25.95,61.76,2.36,0.47
1987-06-06,39.78,26.57,58.17,1.53,0.47
1987-06-07,38.56,26.92,57.65,0.78,0.47
1987-06-08,35.83,26.65,62.31,3.37,0.47
1987-06-09,35.89,26.22,66.32,4.55,0.47
1987-06-10,35.51,25.4,70.55,2.16,0.47
1987-06-11,32.15,25.55,76.66,6.21,0.48
1987-06-12,32.59,25.72,77.55,1.13,0.48
1987-06-13,35.49,25.45,67.35,1.1,0.48
1987-06-14,34.3,26.28,66.75,0.88,0.48
1987-06-15,33.91,25.12,74.95,12.04,0.49
1987-06-16,34.09,25.05,70.66,0.16,0.49
1987-06-17,31.29,24.68,76.52,2.12,0.49
1987-06-18,35.76,26.29,69.04,0.83,0.49
1987-06-19,35.09,25.9,67.56,3.82,0.49
1987-06-20,32.51,24.81,77.92,6.05,0.49
1987-06-21,33.6,25.29,74.93,2.37,0.5
1987-06-22,34.67,24.4,73.68,6.84,0.5
1987-06-23,35.59,25.19,71.0,1.09,0.5
1987-06-24,37.75,25.1,64.93,0.01,0.5
1987-06-25,38.5,25.17,62.03,0.09,0.49
1987-06-26,35.86,26.43,64.94,0.63,0.49
1987-06-27,38.19,25.47,62.63,1.43,0.49
1987-06-28,34.07,26.18,71.54,3.31,0.49
1987-06-29,32.93,25.84,72.88,0.84,0.49
1987-06-30,33.48,24.99,72.19,0.99,0.49
1987-07-01,32.01,25.4,80.27,7.29,0.5
1987-07-02,32.71,24.8,72.56,0.45,0.5
1987-07-03,34.97,24.9,71.06,2.94,0.5
1987-07-04,35.71,25.6,66.12,0.65,0.49
1987-07-05,32.82,24.82,72.46,7.2,0.5
1987-07-06,33.14,24.42,75.1,4.49,0.5
1987-07-07,30.9,24.63,79.5,1.7,0.5
1987-07-08,32.85,25.4,76.72,4.03,0.5
1987-07-09,33.71,25.18,75.18,4.97,0.51
1987-07-10,32.52,25.08,75.89,1.01,0.51
1987-07-11,31.74,24.84,76.31,9.72,0.52
1987-07-12,32.49,24.56,73.69,0.58,0.52
1987-07-13,34.99,24.29,69.59,2.46,0.52
1987-07-14,33.38,23.9,69.97,1.56,0.51
1987-07-15,31.94,25.21,77.68,7.64,0.52
1987-07-16,34.59,24.93,75.75,6.0,0.52
1987-07-17,31.07,24.88,81.76,3.05,0.53
1987-07-18,33.91,24.0,73.76,2.26,0.53
1987-07-19,34.78,23.64,72.82,1.43,0.53
1987-07-20,32.91,24.35,75.93,5.56,0.53
1987-07-21,35.45,24.15,69.97,0.15,0.53
1987-07-22,33.39,25.47,73.31,1.01,0.52
1987-07-23,33.19,25.25,76.98,5.58,0.52
1987-07-24,34.02,24.66,73.14,3.62,0.53
1987-07-25,33.3,24.34,76.45,12.79,0.53
1987-07-26,33.8,24.47,74.88,1.34,0.54
1987-07-27,31.94,24.68,77.66,2.47,0.54
1987-07-28,33.34,24.75,72.49,1.01,0.54
1987-07-29,35.05,24.38,69.37,0.07,0.53
1987-07-30,34.66,25.31,70.42,0.19,0.53
1987-07-31,32.43,25.2,74.19,3.23,0.53
1987-08-01,33.88,24.11,73.56,1.35,0.52
1987-08-02,33.05,24.94,70.2,0.02,0.52
1987-08-03,33.41,23.97,69.72,0.01,0.52
1987-08-04,31.15,24.71,74.17,0.07,0.52
1987-08-05,34.09,24.17,68.55,0.32,0.51
1987-08-06,33.53,24.31,70.63,0.04,0.51
1987-08-07,35.35,24.86,68.05,0.41,0.51
1987-08-08,35.81,25.24,68.35,1.79,0.5
1987-08-09,36.79,25.45,62.65,1.89,0.5
1987-08-10,36.13,24.24,67.5,4.06,0.5
1987-08-11,35.24,25.01,66.64,0.39,0.5
1987-08-12,34.71,25.93,72.09,1.53,0.5
1987-08-13,33.39,24.82,72.27,0.61,0.5
1987-08-14,37.39,24.96,62.81,0.09,0.5
1987-08-15,35.35,25.97,68.21,2.11,0.49
1987-08-16,34.43,26.23,72.37,2.05,0.49
1987-08-17,32.12,25.82,78.33,1.88,0.49
1987-08-18,32.95,26.3,79.65,3.07,0.49
1987-08-19,30.74,25.31,79.95,1.28,0.5
1987-08-20,35.41,25.36,70.41,0.32,0.49
1987-08-21,36.24,25.26,67.72,0.66,0.49
1987-08-22,36.52,25.68,67.38,0.58,0.49
1987-08-23,31.27,26.02,82.7,11.85,0.5
1987-08-24,29.75,25.76,87.46,4.71,0.51
1987-08-25,30.69,25.28,85.47,7.37,0.52
1987-08-26,30.55,24.75,81.16,4.79,0.52
1987-08-27,31.4,23.94,83.07,15.78,0.54
1987-08-28,32.51,23.87,75.92,0.15,0.54
1987-08-29,33.01,24.44,73.98,0.2,0.54
1987-08-30,30.81,24.54,82.8,14.75,0.55
1987-08-31,32.83,24.13,80.9,10.61,0.57
1987-09-01,31.02,23.93,82.75,3.3,0.57
1987-09-02,30.04,24.87,82.83,0.02,0.56
1987-09-03,33.24,24.78,75.49,0.12,0.56
1987-09-04,32.87,24.52,76.77,0.22,0.55
1987-09-05,34.47,24.16,74.66,0.0,0.55
1987-09-06,34.96,24.6,71.58,0.0,0.54
1987-09-07,34.19,25.62,72.01,0.05,0.54
1987-09-08,35.41,24.94,70.9,0.0,0.54
1987-09-09,32.82,25.59,75.08,0.0,0.53
1987-09-10,33.9,24.53,72.94,0.68,0.53
1987-09-11,33.12,24.23,80.07,7.12,0.53
1987-09-12,29.48,24.08,85.09,5.08,0.54
1987-09-13,32.91,24.12,76.89,0.3,0.54
1987-09-14,34.12,24.26,72.79,0.18,0.54
1987-09-15,33.55,24.97,72.86,0.05,0.53
1987-09-16,30.57,25.38,82.62,3.67,0.53
1987-09-17,34.97,24.68,71.41,0.24,0.53
1987-09-18,34.35,25.06,71.67,0.06,0.53
1987-09-19,37.27,24.45,66.07,0.42,0.52
1987-09-20,29.62,24.44,84.72,6.07,0.52
1987-09-21,32.09,23.43,78.67,1.28,0.53
1987-09-22,31.66,24.09,76.81,0.8,0.52
1987-09-23,31.31,23.87,77.37,1.83,0.52
1987-09-24,34.53,23.27,71.21,0.18,0.52
1987-09-25,35.27,24.51,70.76,0.04,0.52
1987-09-26,35.76,23.93,68.63,0.56,0.51
1987-09-27,35.5,24.54,65.53,0.01,0.51
1987-09-28,34.74,23.95,67.6,0.01,0.5
1987-09-29,35.48,24.11,66.93,0.0,0.5
1987-09-30,34.62,25.23,67.95,0.11,0.5
1987-10-01,33.87,24.81,71.17,1.78,0.5
1987-10-02,33.69,25.14,68.34,0.08,0.49
1987-10-03,34.88,24.81,64.78,0.05,0.49
1987-10-04,33.47,24.22,69.27,1.79,0.49
1987-10-05,32.62,24.53,74.13,0.01,0.49
1987-10-06,35.81,24.01,64.87,0.04,0.49
1987-10-07,34.49,25.08,65.2,0.04,0.48
1987-10-08,33.95,25.27,65.16,0.0,0.48
1987-10-09,36.03,23.95,62.3,0.0,0.48
1987-10-10,36.36,24.05,61.24,0.0,0.48
1987-10-11,37.66,23.91,61.22,0.01,0.48
1987-10-12,38.6,24.19,57.97,0.25,0.47
1987-10-13,38.73,24.53,56.03,0.0,0.47
1987-10-14,38.1,25.61,55.65,0.13,0.47
1987-10-15,37.01,26.13,58.61,0.07,0.47
1987-10-16,37.89,25.55,58.78,0.08,0.47
1987-10-17,37.77,25.49,58.12,0.0,0.47
1987-10-18,37.67,25.76,57.62,0.0,0.47
1987-10-19,36.0,26.33,60.16,0.01,0.47
1987-10-20,36.8,25.08,53.51,0.12,0.47
1987-10-21,36.21,24.35,55.28,0.01,0.46
1987-10-22,37.13,23.74,55.27,0.01,0.46
1987-10-23,37.33,23.52,50.72,0.0,0.46
1987-10-24,38.54,23.84,47.36,0.04,0.46
1987-10-25,35.31,25.54,57.31,0.01,0.46
1987-10-26,32.61,25.57,61.49,0.44,0.46
1987-10-27,29.16,23.57,73.83,3.92,0.47
1987-10-28,35.11,21.52,58.69,0.0,0.47
1987-10-29,36.96,22.31,51.27,0.0,0.47
1987-10-30,36.18,23.01,50.48,0.0,0.47
1987-10-31,36.18,22.24,51.06,0.0,0.46
1987-11-01,34.65,24.64,53.58,0.68,0.46
1987-11-02,35.09,24.56,62.82,3.11,0.47
1987-11-03,31.64,25.74,65.34,0.0,0.47
1987-11-04,34.19,24.93,60.7,0.0,0.47
1987-11-05,33.48,23.55,57.43,0.19,0.47
1987-11-06,33.9,23.26,58.44,0.81,0.47
1987-11-07,33.84,24.43,60.59,1.09,0.47
1987-11-08,32.8,24.14,58.78,0.22,0.47
1987-11-09,30.53,22.57,65.03,0.17,0.47
1987-11-10,34.92,21.96,55.59,0.01,0.47
1987-11-11,36.19,22.82,55.58,0.09,0.46
1987-11-12,35.56,25.48,56.55,0.0,0.46
1987-11-13,34.65,24.96,57.42,0.04,0.46
1987-11-14,34.7,25.82,62.28,0.41,0.46
1987-11-15,30.45,24.8,77.32,2.87,0.47
1987-11-16,32.28,24.37,76.51,3.58,0.47
1987-11-17,34.72,23.01,66.83,0.0,0.47
1987-11-18,35.27,23.37,60.07,0.0,0.47
1987-11-19,35.32,23.82,50.47,0.03,0.47
1987-11-20,36.32,22.24,49.44,0.0,0.47
1987-11-21,36.05,21.19,44.52,0.07,0.47
1987-11-22,35.63,22.42,47.32,0.0,0.46
1987-11-23,34.97,25.01,48.02,0.0,0.46
1987-11-24,36.06,22.47,40.42,0.0,0.46
1987-11-25,36.34,21.8,41.74,0.0,0.46
1987-11-26,35.84,22.04,41.06,0.0,0.46
1987-11-27,35.41,20.57,36.76,0.0,0.46
1987-11-28,35.86,18.93,33.73,0.0,0.46
1987-11-29,37.13,19.43,37.56,0.0,0.46
1987-11-30,32.88,23.55,49.68,0.0,0.46
1987-12-01,33.94,24.29,49.29,0.0,0.46
1987-12-02,33.24,21.86,50.2,0.0,0.46
1987-12-03,33.42,20.57,52.95,0.0,0.46
1987-12-04,33.67,20.1,53.37,0.0,0.46
1987-12-05,33.72,18.84,50.38,0.0,0.46
1987-12-06,32.74,19.98,47.11,0.0,0.46
1987-12-07,32.21,19.31,42.25,0.0,0.46
1987-12-08,32.36,18.77,46.12,0.56,0.46
1987-12-09,33.97,18.36,47.35,0.0,0.46
1987-12-10,34.08,18.91,47.46,0.0,0.46
1987-12-11,32.97,18.05,41.09,0.0,0.46
1987-12-12,32.04,17.13,53.32,0.0,0.46
1987-12-13,32.06,16.32,55.48,0.04,0.46
1987-12-14,31.25,18.08,60.98,0.1,0.46
1987-12-15,32.61,20.45,56.58,0.01,0.46
1987-12-16,32.93,20.18,47.37,0.0,0.46
1987-12-17,32.46,20.37,47.14,0.0,0.46
1987-12-18,32.14,19.58,49.24,0.0,0.46
1987-12-19,32.26,17.99,46.98,0.0,0.46
1987-12-20,32.53,18.74,39.43,0.0,0.46
1987-12-21,28.49,20.22,49.88,0.0,0.46
1987-12-22,32.08,17.63,38.48,0.0,0.46
1987-12-23,32.32,15.67,33.06,0.0,0.46
1987-12-24,32.36,16.03,39.13,0.0,0.46
1987-12-25,31.11,16.04,41.21,0.0,0.46
1987-12-26,31.63,14.52,32.05,0.0,0.46
1987-12-27,31.78,13.87,30.81,0.0,0.46
1987-12-28,31.37,13.47,25.97,0.0,0.46
1987-12-29,31.17,12.96,24.11,0.0,0.46
1987-12-30,30.64,11.87,23.53,0.0,0.46
1987-12-31,31.75,12.43,22.73,0.0,0.46
1988-01-01,32.12,13.75,23.6,0.0,0.46
1988-01-02,31.95,12.72,23.96,0.0,0.46
1988-01-03,32.2,14.95,26.36,0.0,0.46
1988-01-04,32.22,16.07,37.46,0.0,0.46
1988-01-05,32.4,16.07,43.48,0.0,0.46
1988-01-06,32.73,15.4,41.2,0.0,0.46
1988-01-07,28.2,16.82,57.83,0.0,0.46
1988-01-08,32.0,16.38,43.96,0.0,0.46
1988-01-09,31.34,14.36,39.48,0.0,0.46
1988-01-10,32.2,16.34,36.92,0.0,0.46
1988-01-11,32.93,15.77,33.79,0.0,0.46
1988-01-12,33.36,16.7,36.69,0.0,0.46
1988-01-13,33.69,18.42,43.09,0.0,0.46
1988-01-14,33.29,15.96,51.49,0.0,0.46
1988-01-15,31.19,14.27,46.86,0.0,0.46
1988-01-16,32.17,14.42,31.41,0.0,0.46
1988-01-17,32.72,14.11,29.68,0.0,0.46
1988-01-18,32.69,13.2,30.34,0.0,0.46
1988-01-19,32.81,14.99,32.8,0.0,0.46
1988-01-20,31.71,14.1,35.24,0.0,0.46
1988-01-21,31.95,13.55,39.45,0.0,0.46
1988-01-22,31.43,13.33,33.82,0.0,0.46
1988-01-23,32.38,12.45,29.18,0.0,0.46
1988-01-24,32.66,13.76,25.52,0.0,0.46
1988-01-25,31.55,13.59,30.38,0.0,0.46
1988-01-26,33.47,12.81,19.73,0.0,0.46
1988-01-27,32.86,13.61,20.63,0.0,0.46
1988-01-28,33.55,13.17,23.05,0.0,0.46
1988-01-29,33.65,13.08,23.74,0.0,0.46
1988-01-30,33.01,13.48,25.94,0.0,0.46
1988-01-31,32.95,12.39,22.9,0.0,0.46
1988-02-01,33.0,12.07,21.11,0.0,0.46
1988-02-02,33.75,12.35,17.79,0.0,0.46
1988-02-03,33.19,13.48,36.47,0.0,0.46
1988-02-04,34.99,15.16,25.11,0.0,0.46
1988-02-05,35.23,15.89,24.65,0.0,0.46
1988-02-06,36.23,16.61,39.97,0.0,0.46
1988-02-07,35.8,15.77,36.19,0.0,0.46
1988-02-08,35.92,14.6,40.05,0.0,0.46
1988-02-09,36.45,16.02,36.35,0.0,0.46
1988-02-10,36.58,18.12,33.05,0.0,0.46
1988-02-11,36.5,17.5,33.22,0.0,0.46
1988-02-12,35.7,14.77,39.06,0.0,0.46
1988-02-13,35.69,16.13,28.71,0.0,0.46
1988-02-14,36.1,15.83,28.64,0.0,0.46
1988-02-15,35.97,17.11,32.62,0.0,0.46
1988-02-16,35.83,17.96,41.45,0.0,0.46
1988-02-17,36.83,18.08,39.58,0.0,0.46
1988-02-18,34.91,19.29,44.33,0.0,0.46
1988-02-19,35.22,18.48,39.09,0.0,0.46
1988-02-20,35.63,18.19,36.61,0.0,0.46
1988-02-21,35.69,17.68,36.83,0.0,0.46
1988-02-22,35.95,16.24,34.05,0.0,0.46
1988-02-23,36.95,16.47,39.44,0.0,0.46
1988-02-24,36.6,17.21,46.88,0.0,0.46
1988-02-25,32.22,20.67,50.7,0.0,0.46
1988-02-26,35.4,20.21,48.88,0.0,0.46
1988-02-27,35.84,18.95,53.75,0.0,0.46
1988-02-28,37.41,18.29,42.0,0.0,0.46
1988-02-29,38.66,18.22,38.74,0.0,0.46
1988-03-01,37.0,19.54,48.57,0.01,0.46
1988-03-02,35.18,20.9,52.64,0.0,0.46
1988-03-03,37.99,20.22,45.14,0.0,0.46
1988-03-04,36.76,20.14,41.17,0.0,0.46
1988-03-05,36.69,19.08,39.74,0.0,0.46
1988-03-06,35.89,19.34,39.5,0.0,0.46
1988-03-07,36.33,18.81,38.83,0.0,0.46
1988-03-08,36.44,20.0,38.7,0.0,0.46
1988-03-09,38.18,21.13,34.59,0.0,0.46
1988-03-10,35.12,22.7,43.93,0.0,0.46
1988-03-11,36.6,20.58,47.37,0.0,0.46
1988-03-12,39.33,21.99,43.99,0.0,0.46
1988-03-13,38.79,19.65,45.94,0.0,0.46
1988-03-14,39.84,20.06,48.42,0.22,0.46
1988-03-15,39.49,19.98,50.34,0.03,0.46
1988-03-16,39.47,21.15,43.93,0.0,0.46
1988-03-17,39.46,18.47,28.32,0.0,0.46
1988-03-18,40.75,18.88,27.24,0.0,0.46
1988-03-19,41.79,20.44,38.72,0.0,0.46
1988-03-20,40.4,18.93,45.17,0.0,0.46
1988-03-21,38.7,19.54,53.89,0.01,0.46
1988-03-22,36.99,20.06,38.02,0.0,0.46
1988-03-23,37.77,17.69,27.36,0.0,0.45
1988-03-24,37.89,17.39,31.52,0.0,0.45
1988-03-25,38.08,17.97,34.34,0.0,0.45
1988-03-26,39.83,19.5,38.35,0.0,0.45
1988-03-27,40.07,18.95,40.92,0.0,0.45
1988-03-28,39.36,19.29,51.36,0.0,0.45
1988-03-29,39.22,21.36,50.22,0.0,0.45
1988-03-30,39.24,21.6,47.77,0.0,0.45
1988-03-31,39.66,20.51,46.24,0.0,0.45
1988-04-01,38.64,21.35,46.34,0.0,0.45
1988-04-02,40.14,21.03,45.65,0.0,0.45
1988-04-03,40.74,22.39,43.91,0.0,0.45
1988-04-04,41.95,22.9,43.59,0.0,0.45
1988-04-05,41.51,22.87,44.02,0.0,0.45
1988-04-06,43.22,22.99,42.47,0.0,0.45
1988-04-07,42.83,23.25,41.7,0.0,0.45
1988-04-08,42.24,25.27,38.73,0.0,0.45
1988-04-09,41.79,25.06,45.63,0.0,0.45
1988-04-10,41.98,24.86,42.2,0.0,0.45
1988-04-11,39.37,24.11,45.68,0.0,0.45
1988-04-12,40.69,24.71,43.64,0.0,0.45
1988-04-13,40.68,24.26,44.48,0.01,0.45
1988-04-14,38.0,23.39,52.58,0.18,0.45
1988-04-15,31.65,24.14,70.01,9.22,0.46
1988-04-16,33.0,23.17,63.89,0.0,0.47
1988-04-17,33.4,23.17,54.31,0.21,0.47
1988-04-18,33.41,23.79,51.23,1.73,0.47
1988-04-19,33.11,23.68,63.58,2.5,0.47
1988-04-20,37.47,22.59,58.34,0.35,0.47
1988-04-21,38.39,23.33,54.01,0.0,0.47
1988-04-22,35.74,24.23,54.84,0.0,0.47
1988-04-23,37.55,23.83,52.95,0.0,0.47
1988-04-24,39.12,24.19,45.03,0.0,0.46
1988-04-25,39.36,24.28,50.45,0.0,0.46
1988-04-26,36.73,25.53,52.72,0.0,0.46
1988-04-27,39.25,26.2,41.38,0.03,0.46
1988-04-28,37.88,25.82,43.6,2.14,0.46
1988-04-29,36.79,25.87,53.24,0.15,0.46
1988-04-30,32.52,25.35,61.17,0.41,0.46
1988-05-01,34.94,24.72,54.72,0.22,0.46
1988-05-02,36.62,25.35,48.86,1.26,0.46
1988-05-03,35.95,25.49,53.99,0.55,0.47
1988-05-04,39.73,26.41,50.5,0.45,0.46
1988-05-05,36.45,26.23,59.17,8.46,0.47
1988-05-06,37.79,25.92,59.11,3.38,0.48
1988-05-07,39.3,25.14,55.68,0.54,0.47
1988-05-08,40.68,26.26,52.18,0.0,0.47
1988-05-09,40.7,26.58,51.8,0.0,0.47
1988-05-10,39.19,25.21,54.33,0.0,0.47
1988-05-11,40.64,26.7,50.75,0.0,0.46
1988-05-12,40.22,26.31,51.3,0.12,0.46
1988-05-13,38.92,27.78,50.57,0.22,0.46
1988-05-14,37.25,27.26,52.88,2.53,0.47
1988-05-15,34.28,25.69,61.88,4.02,0.47
1988-05-16,30.63,24.16,77.96,4.99,0.48
1988-05-17,29.68,24.42,80.34,6.19,0.48
1988-05-18,32.07,24.11,79.91,2.23,0.49
1988-05-19,33.16,25.16,75.96,0.87,0.49
1988-05-20,36.37,25.41,67.79,1.32,0.49
1988-05-21,35.18,25.79,66.97,0.93,0.48
1988-05-22,34.93,25.5,69.76,2.24,0.48
1988-05-23,34.6,25.76,66.4,0.02,0.48
1988-05-24,35.42,25.64,63.41,0.01,0.48
1988-05-25,37.21,25.75,58.01,0.03,0.47
1988-05-26,38.98,26.47,55.04,0.0,0.47
1988-05-27,39.63,26.42,53.36,0.0,0.47
1988-05-28,41.37,26.42,50.28,0.0,0.47
1988-05-29,41.51,26.67,51.85,0.01,0.47
1988-05-30,41.64,27.36,51.42,0.03,0.46
1988-05-31,38.89,27.24,53.91,0.79,0.46
1988-06-01,31.79,25.62,72.91,13.09,0.48
1988-06-02,31.27,24.25,76.13,4.25,0.49
1988-06-03,28.61,22.86,80.19,6.39,0.49
1988-06-04,31.9,24.58,73.06,0.94,0.5
1988-06-05,33.73,24.29,72.84,7.43,0.5
1988-06-06,32.41,25.42,77.58,5.92,0.51
1988-06-07,33.82,25.08,72.66,1.55,0.51
1988-06-08,33.61,24.65,70.93,0.28,0.51
1988-06-09,30.89,24.12,78.18,2.47,0.51
1988-06-10,32.64,24.15,77.36,1.45,0.51
1988-06-11,31.22,25.28,77.89,0.01,0.5
1988-06-12,33.92,24.84,70.17,0.2,0.5
1988-06-13,34.65,24.61,65.61,0.1,0.5
1988-06-14,35.61,24.55,65.62,0.55,0.5
1988-06-15,36.95,25.03,60.99,0.33,0.49
1988-06-16,35.13,25.0,64.79,0.05,0.49
1988-06-17,35.63,25.67,65.21,0.01,0.49
1988-06-18,35.68,25.87,64.36,0.02,0.48
1988-06-19,37.04,25.8,62.29,0.03,0.48
1988-06-20,32.47,26.39,68.26,0.29,0.48
1988-06-21,33.04,25.63,70.85,1.84,0.48
1988-06-22,35.29,24.85,70.96,6.87,0.48
1988-06-23,37.69,24.61,64.42,0.67,0.48
1988-06-24,34.52,25.17,70.73,7.25,0.49
1988-06-25,34.01,25.2,73.6,8.25,0.5
1988-06-26,30.83,25.05,82.29,8.43,0.51
1988-06-27,33.01,24.59,77.59,11.45,0.52
1988-06-28,33.95,24.5,73.61,5.98,0.53
1988-06-29,34.95,24.53,71.4,0.22,0.53
1988-06-30,33.42,25.73,70.52,0.02,0.52
1988-07-01,30.65,25.47,77.95,0.68,0.52
1988-07-02,30.92,24.4,79.04,5.88,0.53
1988-07-03,34.04,24.41,69.53,0.02,0.52
1988-07-04,34.49,24.95,69.21,0.83,0.52
1988-07-05,35.85,24.56,66.48,0.06,0.52
1988-07-06,34.24,25.04,68.88,0.94,0.51
1988-07-07,34.36,24.44,68.8,0.37,0.51
1988-07-08,32.38,24.67,76.92,6.18,0.51
1988-07-09,32.71,24.56,72.21,0.01,0.52
1988-07-10,35.04,24.84,65.94,0.36,0.51
1988-07-11,35.17,25.36,66.25,0.01,0.51
1988-07-12,30.21,25.67,77.68,0.21,0.5
1988-07-13,33.17,25.07,75.28,0.79,0.5
1988-07-14,34.66,25.52,69.94,2.22,0.5
1988-07-15,35.0,25.4,69.03,0.3,0.5
1988-07-16,33.97,25.86,76.6,2.32,0.5
1988-07-17,33.78,24.63,78.23,6.07,0.5
1988-07-18,30.46,24.9,81.61,0.68,0.51
1988-07-19,36.58,24.39,65.6,0.09,0.5
1988-07-20,37.59,25.89,63.97,0.05,0.5
1988-07-21,35.18,25.81,67.88,0.04,0.5
1988-07-22,33.14,26.02,69.1,0.14,0.49
1988-07-23,33.2,24.21,73.21,5.44,0.5
1988-07-24,34.71,24.73,70.21,0.92,0.5
1988-07-25,34.38,25.26,73.87,3.23,0.5
1988-07-26,33.85,24.73,71.67,1.41,0.5
1988-07-27,35.21,24.4,68.56,0.87,0.49
1988-07-28,37.69,24.6,64.11,0.09,0.49
1988-07-29,36.01,25.72,68.84,2.58,0.49
1988-07-30,31.09,25.75,79.36,2.25,0.49
1988-07-31,32.82,25.19,79.9,3.89,0.5
1988-08-01,32.97,25.33,78.66,1.39,0.49
1988-08-02,33.77,25.32,71.25,0.42,0.49
1988-08-03,34.89,24.71,69.98,0.48,0.49
1988-08-04,36.22,24.71,69.72,3.35,0.49
1988-08-05,36.36,25.35,68.06,0.61,0.49
1988-08-06,31.33,25.9,74.47,0.4,0.49
1988-08-07,32.92,25.84,73.27,0.69,0.49
1988-08-08,33.24,25.63,71.48,0.18,0.48
1988-08-09,33.33,24.56,68.84,0.11,0.48
1988-08-10,35.55,25.08,64.21,0.32,0.48
1988-08-11,35.98,24.47,66.18,2.42,0.48
1988-08-12,37.28,25.16,64.15,1.2,0.48
1988-08-13,37.92,25.26,63.16,1.41,0.48
1988-08-14,33.3,25.8,71.74,4.35,0.48
1988-08-15,32.84,25.04,75.57,2.36,0.48
1988-08-16,35.06,25.15,76.68,1.26,0.48
1988-08-17,36.45,25.19,66.59,0.1,0.48
1988-08-18,37.33,24.82,60.68,0.02,0.48
1988-08-19,35.9,26.51,62.53,0.24,0.48
1988-08-20,33.32,25.64,70.76,3.0,0.48
1988-08-21,36.04,25.37,62.29,0.0,0.48
1988-08-22,33.63,25.3,63.19,0.0,0.47
1988-08-23,35.79,25.33,62.68,0.01,0.47
1988-08-24,38.42,25.61,57.53,0.07,0.47
1988-08-25,37.93,26.12,56.85,0.02,0.47
1988-08-26,37.23,26.83,56.96,0.2,0.47
1988-08-27,38.04,26.4,59.08,0.16,0.47
1988-08-28,35.71,25.94,65.96,2.8,0.47
1988-08-29,34.91,25.38,64.04,0.46,0.47
1988-08-30,34.9,24.92,69.35,5.34,0.47
1988-08-31,34.91,25.34,69.67,0.96,0.48
1988-09-01,33.05,25.18,76.0,3.5,0.48
1988-09-02,33.64,24.58,70.35,0.53,0.48
1988-09-03,35.82,24.65,66.82,1.04,0.47
1988-09-04,38.18,24.52,61.94,0.14,0.47
1988-09-05,38.45,25.59,59.07,0.56,0.47
1988-09-06,36.28,25.21,65.61,1.85,0.47
1988-09-07,35.19,24.41,66.19,2.47,0.47
1988-09-08,36.63,24.75,62.76,1.39,0.47
1988-09-09,37.59,25.89,58.06,0.04,0.47
1988-09-10,37.88,26.45,59.79,2.93,0.47
1988-09-11,32.78,25.68,77.79,7.64,0.48
1988-09-12,34.38,24.93,70.12,0.02,0.48
1988-09-13,34.48,25.75,67.47,0.06,0.48
1988-09-14,36.92,25.13,61.73,0.29,0.48
1988-09-15,33.24,25.47,68.48,0.67,0.47
1988-09-16,35.19,25.22,62.1,0.28,0.47
1988-09-17,37.83,25.53,58.96,0.81,0.47
1988-09-18,39.18,26.62,52.88,0.51,0.47
1988-09-19,40.26,27.77,50.17,0.27,0.47
1988-09-20,39.74,26.79,52.93,1.67,0.47
1988-09-21,38.18,26.18,59.33,1.42,0.47
1988-09-22,33.67,26.88,64.17,0.0,0.47
1988-09-23,37.46,26.36,58.45,0.0,0.47
1988-09-24,39.43,27.31,51.61,0.0,0.47
1988-09-25,40.18,27.22,50.39,0.0,0.47
1988-09-26,39.13,27.56,53.48,0.0,0.46
1988-09-27,38.03,26.83,54.56,0.06,0.46
1988-09-28,38.78,26.82,55.9,1.14,0.46
1988-09-29,35.62,26.81,59.37,0.06,0.46
1988-09-30,37.01,25.81,59.61,0.2,0.46
1988-10-01,38.7,26.07,55.64,0.27,0.46
1988-10-02,34.61,25.93,61.25,2.3,0.46
1988-10-03,39.57,25.11,61.5,1.57,0.47
1988-10-04,33.67,26.65,66.1,0.59,0.47
1988-10-05,35.59,25.44,72.23,8.56,0.47
1988-10-06,35.42,24.42,71.08,1.56,0.48
1988-10-07,37.0,24.98,65.04,0.06,0.48
1988-10-08,36.47,25.25,63.48,0.83,0.47
1988-10-09,35.58,25.35,63.63,1.74,0.47
1988-10-10,34.94,24.69,68.43,4.66,0.47
1988-10-11,36.41,25.57,66.11,0.32,0.48
1988-10-12,37.24,25.46,59.65,0.94,0.47
1988-10-13,34.49,25.17,69.12,6.78,0.47
1988-10-14,31.17,25.1,83.01,13.7,0.5
1988-10-15,34.33,24.35,75.17,1.3,0.5
1988-10-16,32.57,25.07,74.2,0.23,0.5
1988-10-17,36.72,24.53,67.16,1.61,0.5
1988-10-18,30.93,24.03,80.97,3.87,0.5
1988-10-19,32.37,24.12,73.89,1.08,0.5
1988-10-20,31.38,22.43,72.52,0.99,0.5
1988-10-21,35.66,22.18,64.35,0.21,0.49
1988-10-22,36.05,23.15,58.3,0.0,0.49
1988-10-23,37.54,23.98,55.1,0.01,0.49
1988-10-24,37.02,23.98,57.82,0.23,0.48
1988-10-25,36.68,24.21,57.89,0.04,0.48
1988-10-26,36.16,24.06,58.73,0.0,0.48
1988-10-27,36.97,24.94,53.22,0.03,0.47
1988-10-28,36.33,22.4,51.57,0.0,0.47
1988-10-29,34.87,21.54,46.75,0.0,0.47
1988-10-30,35.32,22.15,47.53,0.0,0.47
1988-10-31,35.55,21.85,47.24,0.0,0.47
1988-11-01,35.58,21.4,51.72,0.0,0.47
1988-11-02,36.16,21.84,47.77,0.0,0.47
1988-11-03,36.75,22.82,48.77,0.0,0.46
1988-11-04,33.75,24.41,53.5,0.0,0.46
1988-11-05,35.43,24.16,48.94,0.0,0.46
1988-11-06,34.51,23.37,43.64,0.0,0.46
1988-11-07,34.56,21.93,41.61,0.0,0.46
1988-11-08,35.73,20.34,42.27,0.0,0.46
1988-11-09,36.44,20.84,42.76,0.0,0.46
1988-11-10,35.94,20.8,41.62,0.0,0.46
1988-11-11,35.39,21.44,39.03,0.0,0.46
1988-11-12,34.74,20.41,36.36,0.0,0.46
1988-11-13,33.56,21.03,35.39,0.0,0.46
1988-11-14,32.75,21.68,41.11,0.0,0.46
1988-11-15,32.91,21.51,56.63,1.75,0.46
1988-11-16,32.3,20.73,68.26,2.71,0.47
1988-11-17,23.39,19.27,84.75,11.43,0.48
1988-11-18,24.09,19.14,90.15,13.29,0.5
1988-11-19,27.21,21.06,89.61,1.34,0.51
1988-11-20,28.07,20.33,78.14,0.02,0.51
1988-11-21,29.7,20.88,73.01,0.0,0.5
1988-11-22,31.46,19.95,66.57,0.0,0.5
1988-11-23,30.44,20.96,68.95,0.01,0.5
1988-11-24,32.77,21.04,67.18,0.0,0.5
1988-11-25,33.53,21.48,63.56,0.0,0.49
1988-11-26,32.37,21.78,66.16,0.0,0.49
1988-11-27,30.84,22.66,71.09,0.11,0.49
1988-11-28,32.4,22.5,68.85,0.67,0.49
1988-11-29,32.08,20.28,60.04,0.23,0.48
1988-11-30,31.2,18.57,68.56,4.4,0.49
1988-12-01,32.65,19.4,66.41,0.0,0.49
1988-12-02,32.63,19.37,62.71,0.0,0.48
1988-12-03,32.88,21.01,64.62,0.0,0.48
1988-12-04,32.95,19.79,56.46,0.0,0.48
1988-12-05,32.36,20.1,59.73,0.0,0.48
1988-12-06,32.86,19.75,60.07,0.0,0.48
1988-12-07,32.85,18.11,62.1,0.0,0.47
1988-12-08,31.61,18.78,59.14,0.0,0.47
1988-12-09,30.21,20.7,60.39,0.0,0.47
1988-12-10,30.76,21.34,65.44,0.0,0.47
1988-12-11,31.86,19.62,57.77,0.0,0.47
1988-12-12,31.62,19.87,55.73,0.0,0.47
1988-12-13,32.16,18.92,56.44,0.0,0.47
1988-12-14,31.35,17.45,54.68,0.0,0.47
1988-12-15,31.23,17.39,52.5,0.0,0.47
1988-12-16,29.86,19.62,52.05,0.0,0.47
1988-12-17,29.41,19.24,52.14,0.0,0.46
1988-12-18,31.04,16.86,50.4,0.0,0.46
1988-12-19,31.92,17.99,46.16,0.0,0.46
1988-12-20,32.17,16.53,46.07,0.0,0.46
1988-12-21,33.02,16.37,40.82,0.0,0.46
1988-12-22,33.14,16.8,39.11,0.0,0.46
1988-12-23,33.3,16.45,39.61,0.0,0.46
1988-12-24,32.31,15.84,38.05,0.0,0.46
1988-12-25,32.53,15.06,36.89,0.0,0.46
1988-12-26,31.45,17.19,37.27,0.0,0.46
1988-12-27,32.01,18.84,40.38,0.0,0.46
1988-12-28,32.54,17.53,44.28,0.0,0.46
1988-12-29,31.96,17.08,37.16,0.0,0.46
1988-12-30,31.99,17.64,43.98,0.0,0.46
1988-12-31,32.56,18.41,40.96,0.0,0.46
1989-01-01,32.93,17.96,40.07,0.0,0.46
1989-01-02,32.31,16.02,38.91,0.0,0.46
1989-01-03,32.68,17.11,46.27,0.0,0.46
1989-01-04,32.12,14.62,38.06,0.02,0.46
1989-01-05,31.17,13.45,29.6,0.0,0.46
1989-01-06,30.9,12.42,32.09,0.0,0.46
1989-01-07,31.33,12.6,32.55,0.0,0.46
1989-01-08,31.72,12.51,32.04,0.0,0.46
1989-01-09,33.16,12.85,29.03,0.0,0.46
1989-01-10,31.11,13.54,39.26,0.0,0.46
1989-01-11,30.84,13.8,49.63,0.0,0.46
1989-01-12,30.92,12.26,29.02,0.0,0.46
1989-01-13,28.71,9.17,26.81,0.0,0.46
1989-01-14,31.17,8.81,20.61,0.0,0.46
1989-01-15,31.34,11.0,29.57,0.0,0.46
1989-01-16,31.2,11.5,37.42,0.0,0.46
1989-01-17,30.3,10.73,44.52,0.0,0.46
1989-01-18,29.23,11.25,39.43,0.0,0.46
1989-01-19,29.49,10.44,26.92,0.0,0.46
1989-01-20,29.72,10.0,24.38,0.0,0.46
1989-01-21,30.7,11.83,27.37,0.0,0.46
1989-01-22,30.58,10.29,24.44,0.0,0.46
1989-01-23,31.84,12.08,30.04,0.0,0.46
1989-01-24,31.55,11.47,45.84,1.07,0.46
1989-01-25,30.79,11.05,38.89,0.06,0.46
1989-01-26,31.83,10.5,31.79,0.0,0.46
1989-01-27,32.77,10.35,32.63,0.0,0.46
1989-01-28,32.79,14.5,32.0,0.0,0.46
1989-01-29,31.34,12.22,31.02,0.0,0.46
1989-01-30,31.57,11.19,22.27,0.0,0.46
1989-01-31,32.41,12.42,27.13,0.0,0.46
1989-02-01,32.0,12.37,35.9,0.0,0.46
1989-02-02,31.58,12.95,38.64,0.0,0.46
1989-02-03,33.28,13.76,47.96,0.0,0.46
1989-02-04,33.05,13.69,55.0,0.0,0.46
1989-02-05,32.51,14.76,54.59,0.0,0.46
1989-02-06,34.36,15.24,53.35,0.0,0.46
1989-02-07,35.44,15.76,54.75,0.0,0.46
1989-02-08,34.31,16.11,51.56,0.0,0.46
1989-02-09,34.55,15.14,42.19,0.0,0.46
1989-02-10,34.52,15.37,26.79,0.0,0.46
1989-02-11,35.42,16.15,27.68,0.0,0.46
1989-02-12,34.94,17.07,36.28,0.0,0.46
1989-02-13,33.54,16.87,45.23,0.0,0.46
1989-02-14,33.58,16.27,53.83,0.0,0.46
1989-02-15,34.52,15.8,57.15,0.0,0.46
1989-02-16,33.82,17.78,56.72,0.0,0.46
1989-02-17,34.62,16.33,45.8,0.0,0.46
1989-02-18,34.7,17.0,39.86,0.0,0.46
1989-02-19,37.02,17.08,39.65,0.14,0.46
1989-02-20,34.37,15.01,55.44,0.0,0.46
1989-02-21,33.01,15.25,41.44,0.0,0.46
1989-02-22,33.89,13.28,29.75,0.0,0.46
1989-02-23,35.66,15.25,29.42,0.0,0.46
1989-02-24,34.81,15.11,26.32,0.0,0.46
1989-02-25,35.64,14.43,21.47,0.0,0.46
1989-02-26,36.56,16.48,30.45,0.0,0.46
1989-02-27,36.31,16.38,33.55,0.0,0.46
1989-02-28,36.19,16.67,31.13,0.0,0.46
1989-03-01,36.67,17.44,31.43,0.0,0.46
1989-03-02,37.5,17.14,32.95,0.0,0.46
1989-03-03,38.01,16.76,43.21,0.0,0.46
1989-03-04,37.44,17.33,40.41,0.0,0.46
1989-03-05,37.47,15.83,21.4,0.0,0.46
1989-03-06,37.81,15.95,24.86,0.0,0.46
1989-03-07,36.92,16.12,38.09,0.0,0.46
1989-03-08,37.61,17.86,43.06,0.0,0.46
1989-03-09,37.28,17.09,48.81,0.0,0.46
1989-03-10,37.15,19.08,50.96,0.0,0.46
1989-03-11,37.14,20.45,51.7,0.01,0.46
1989-03-12,36.41,20.03,46.75,0.02,0.46
1989-03-13,36.31,19.25,45.07,0.0,0.46
1989-03-14,37.05,19.15,38.47,0.0,0.46
1989-03-15,37.55,18.98,38.6,0.0,0.46
1989-03-16,37.64,18.14,40.15,0.0,0.46
1989-03-17,37.61,19.07,27.29,0.0,0.46
1989-03-18,38.08,19.58,30.5,0.0,0.46
1989-03-19,38.43,19.97,41.61,0.0,0.46
1989-03-20,36.98,20.57,28.97,0.0,0.46
1989-03-21,38.81,20.01,41.25,0.01,0.46
1989-03-22,38.15,20.87,52.39,0.0,0.46
1989-03-23,38.43,21.13,53.78,0.0,0.46
1989-03-24,38.05,21.89,55.31,0.0,0.46
1989-03-25,38.62,22.97,49.34,0.0,0.46
1989-03-26,40.55,21.69,43.7,0.0,0.46
1989-03-27,41.55,21.72,43.99,0.0,0.46
1989-03-28,40.91,23.12,46.71,0.0,0.46
1989-03-29,38.84,21.35,44.3,0.03,0.46
1989-03-30,36.56,23.03,34.94,0.05,0.46
1989-03-31,37.07,21.03,35.47,0.0,0.46
1989-04-01,38.15,19.77,44.38,0.0,0.46
1989-04-02,38.99,20.79,52.84,0.0,0.46
1989-04-03,39.1,21.81,54.07,0.0,0.46
1989-04-04,39.75,21.89,50.2,0.0,0.46
1989-04-05,39.81,21.27,44.12,0.0,0.45
1989-04-06,40.41,21.41,44.71,0.0,0.45
1989-04-07,40.94,21.91,37.68,0.0,0.45
1989-04-08,39.84,21.12,44.29,0.0,0.45
1989-04-09,41.01,20.94,46.17,0.0,0.45
1989-04-10,40.17,22.04,48.85,0.0,0.45
1989-04-11,39.26,21.97,51.43,0.0,0.45
1989-04-12,39.68,21.57,49.98,0.0,0.45
1989-04-13,41.04,21.79,49.94,0.0,0.45
1989-04-14,41.96,21.8,43.2,0.0,0.45
1989-04-15,42.13,21.97,47.3,0.0,0.45
1989-04-16,41.28,21.05,47.24,0.0,0.45
1989-04-17,42.46,21.89,45.66,0.0,0.45
1989-04-18,41.74,22.26,47.49,0.0,0.45
1989-04-19,43.11,22.96,47.6,0.0,0.45
1989-04-20,42.87,23.1,45.7,0.0,0.45
1989-04-21,42.29,23.64,46.34,0.0,0.45
1989-04-22,40.56,23.9,51.1,0.01,0.45
1989-04-23,41.5,22.83,49.32,0.0,0.45
1989-04-24,40.13,24.95,49.82,0.01,0.45
1989-04-25,40.21,23.06,53.52,1.74,0.46
1989-04-26,40.22,22.64,53.0,0.0,0.46
1989-04-27,39.45,23.68,52.72,0.0,0.46
1989-04-28,38.6,23.47,54.77,0.2,0.46
1989-04-29,36.72,23.9,56.91,0.98,0.46
1989-04-30,36.72,24.33,56.21,0.02,0.46
1989-05-01,39.78,24.33,52.73,0.0,0.46
1989-05-02,41.16,24.7,49.12,0.0,0.46
1989-05-03,41.89,24.47,49.76,0.0,0.46
1989-05-04,41.88,25.03,50.03,0.0,0.46
1989-05-05,42.22,25.34,50.94,0.0,0.46
1989-05-06,41.98,25.58,50.13,0.0,0.46
1989-05-07,42.68,25.92,48.73,0.0,0.46
1989-05-08,41.56,24.99,51.1,0.0,0.46
1989-05-09,42.12,25.95,50.31,0.0,0.46
1989-05-10,41.47,25.33,48.71,0.0,0.46
1989-05-11,41.43,26.52,47.55,0.02,0.46
1989-05-12,36.68,27.52,53.71,1.39,0.46
1989-05-13,35.7,26.52,64.85,12.99,0.47
1989-05-14,36.18,25.66,63.51,0.59,0.48
1989-05-15,35.82,25.61,59.75,0.01,0.48
1989-05-16,38.11,25.62,52.53,0.0,0.47
1989-05-17,38.61,26.41,50.99,0.0,0.47
1989-05-18,38.86,26.88,51.29,0.0,0.47
1989-05-19,36.36,27.53,55.97,0.0,0.47
1989-05-20,35.25,27.89,54.94,2.11,0.47
1989-05-21,32.48,25.48,75.89,34.23,0.5
1989-05-22,34.75,24.34,71.11,0.0,0.52
1989-05-23,33.12,25.15,73.75,0.26,0.52
1989-05-24,34.98,24.97,69.04,0.92,0.51
1989-05-25,35.67,24.98,68.36,2.11,0.51
1989-05-26,36.55,25.23,63.68,0.12,0.51
1989-05-27,37.01,24.63,62.5,0.02,0.5
1989-05-28,37.07,24.55,62.11,0.09,0.5
1989-05-29,38.71,25.04,58.14,0.22,0.49
1989-05-30,39.04,24.91,54.88,0.0,0.49
1989-05-31,39.5,24.84,51.63,0.0,0.48
1989-06-01,38.21,26.48,53.88,0.0,0.48
1989-06-02,34.86,26.35,59.74,0.02,0.48
1989-06-03,38.81,25.9,55.17,0.53,0.48
1989-06-04,37.0,26.3,58.7,0.08,0.48
1989-06-05,33.96,26.56,64.59,0.31,0.48
1989-06-06,36.09,26.22,61.46,0.24,0.47
1989-06-07,37.38,26.58,58.58,0.01,0.47
1989-06-08,35.3,26.58,60.24,0.71,0.47
1989-06-09,37.69,26.25,57.27,0.01,0.47
1989-06-10,34.83,26.38,67.08,0.26,0.47
1989-06-11,36.45,25.14,61.49,0.84,0.47
1989-06-12,34.6,26.07,62.84,0.7,0.47
1989-06-13,32.01,26.32,67.21,2.05,0.47
1989-06-14,31.82,25.01,69.36,1.13,0.47
1989-06-15,33.64,24.38,62.92,0.71,0.47
1989-06-16,35.46,25.53,62.27,0.39,0.47
1989-06-17,34.47,24.72,60.92,0.01,0.47
1989-06-18,34.5,24.74,65.02,0.3,0.47
1989-06-19,34.99,24.95,63.93,0.1,0.47
1989-06-20,34.56,24.57,64.74,0.37,0.47
1989-06-21,34.75,24.67,62.3,0.04,0.47
1989-06-22,38.58,24.55,56.8,0.04,0.46
1989-06-23,38.58,26.04,56.74,0.13,0.46
1989-06-24,35.1,26.13,60.62,0.06,0.46
1989-06-25,34.1,25.89,63.22,0.72,0.46
1989-06-26,36.13,25.38,63.76,2.27,0.47
1989-06-27,36.04,25.88,60.59,0.0,0.47
1989-06-28,35.07,26.73,60.37,0.26,0.47
1989-06-29,34.18,25.06,68.96,6.75,0.47
1989-06-30,35.56,24.45,65.18,0.55,0.47
1989-07-01,36.42,25.33,60.43,0.1,0.47
1989-07-02,36.21,25.33,60.24,0.11,0.47
1989-07-03,35.78,25.63,61.31,0.05,0.47
1989-07-04,36.54,25.21,60.35,0.06,0.47
1989-07-05,34.79,25.78,60.99,0.04,0.47
1989-07-06,35.2,25.77,61.17,0.02,0.47
1989-07-07,32.66,26.1,66.22,0.03,0.47
1989-07-08,37.14,25.58,57.36,0.0,0.46
1989-07-09,40.58,25.52,49.95,0.0,0.46
1989-07-10,41.34,25.37,51.97,0.74,0.46
1989-07-11,34.93,26.3,71.96,12.17,0.48
1989-07-12,31.49,25.41,75.43,1.46,0.48
1989-07-13,32.0,24.58,79.87,7.22,0.49
1989-07-14,35.88,23.96,66.2,0.92,0.49
1989-07-15,37.38,24.82,57.9,0.0,0.49
1989-07-16,37.59,25.89,57.21,0.12,0.48
1989-07-17,37.22,26.41,60.36,0.7,0.48
1989-07-18,38.51,26.09,59.92,0.9,0.48
1989-07-19,34.55,26.53,65.48,0.36,0.48
1989-07-20,36.11,26.15,62.83,0.07,0.47
1989-07-21,35.75,25.83,65.54,0.64,0.47
1989-07-22,37.54,25.07,61.43,0.1,0.47
1989-07-23,38.52,25.44,55.75,0.08,0.47
1989-07-24,33.39,25.89,64.16,0.08,0.47
1989-07-25,36.38,26.36,63.51,1.36,0.47
1989-07-26,35.64,25.6,67.79,0.04,0.47
1989-07-27,34.36,25.4,64.92,0.53,0.47
1989-07-28,35.66,25.44,63.48,0.97,0.47
1989-07-29,36.08,24.86,65.86,5.23,0.47
1989-07-30,34.41,24.91,70.15,5.37,0.48
1989-07-31,33.87,24.86,72.66,5.33,0.48
1989-08-01,34.63,24.23,69.29,2.1,0.48
1989-08-02,36.6,24.1,64.62,0.34,0.48
1989-08-03,35.1,24.35,67.54,1.69,0.48
1989-08-04,35.27,25.07,69.9,2.63,0.48
1989-08-05,32.14,24.13,73.5,4.62,0.48
1989-08-06,33.26,23.08,71.53,0.67,0.48
1989-08-07,36.86,24.06,61.87,0.04,0.48
1989-08-08,37.21,24.34,58.72,0.05,0.48
1989-08-09,34.48,25.86,65.33,0.51,0.47
1989-08-10,35.28,24.88,62.14,0.67,0.47
1989-08-11,33.59,26.34,66.44,0.14,0.47
1989-08-12,36.62,25.15,62.1,0.0,0.47
1989-08-13,36.69,25.27,58.76,0.06,0.47
1989-08-14,34.92,25.73,62.99,0.96,0.47
1989-08-15,32.7,24.93,72.5,3.17,0.47
1989-08-16,33.57,24.7,69.9,0.25,0.47
1989-08-17,36.75,25.03,63.16,0.03,0.47
1989-08-18,37.98,24.45,58.84,0.0,0.47
1989-08-19,37.79,25.14,59.72,0.09,0.47
1989-08-20,32.72,26.07,68.98,3.51,0.47
1989-08-21,33.01,25.59,69.56,1.46,0.47
1989-08-22,36.12,25.46,61.96,0.11,0.47
1989-08-23,36.64,26.07,64.82,0.32,0.47
1989-08-24,37.0,26.1,59.62,0.06,0.47
1989-08-25,36.9,25.92,58.11,0.19,0.47
1989-08-26,37.88,26.17,56.98,0.04,0.47
1989-08-27,34.35,26.48,63.86,0.05,0.46
1989-08-28,36.21,25.79,62.84,0.93,0.46
1989-08-29,32.36,25.94,73.62,0.87,0.47
1989-08-30,32.82,25.16,74.15,1.43,0.47
1989-08-31,33.28,25.01,68.72,0.05,0.47
1989-09-01,35.09,25.29,64.69,0.58,0.47
1989-09-02,36.49,25.28,58.0,0.0,0.47
1989-09-03,39.13,26.02,57.02,0.0,0.46
1989-09-04,35.03,26.36,61.38,0.21,0.46
1989-09-05,34.93,25.64,62.01,0.15,0.46
1989-09-06,34.0,26.02,66.68,0.83,0.46
1989-09-07,37.56,25.1,60.57,1.69,0.47
1989-09-08,33.29,25.56,70.42,6.59,0.47
1989-09-09,32.14,25.05,75.19,0.95,0.48
1989-09-10,37.11,25.05,64.4,0.02,0.47
1989-09-11,36.32,25.49,61.66,0.07,0.47
1989-09-12,36.8,24.89,62.09,0.75,0.47
1989-09-13,37.69,25.0,58.47,0.17,0.47
1989-09-14,37.33,25.12,57.16,0.04,0.47
1989-09-15,36.99,26.28,58.42,0.09,0.47
1989-09-16,36.18,26.29,59.59,0.85,0.47
1989-09-17,31.04,26.72,64.86,0.04,0.47
1989-09-18,37.48,25.36,54.5,0.12,0.46
1989-09-19,35.11,26.53,56.72,0.0,0.46
1989-09-20,34.68,26.33,58.53,0.01,0.46
1989-09-21,36.3,26.43,61.04,0.0,0.46
1989-09-22,34.62,26.1,64.65,0.08,0.46
1989-09-23,34.27,26.08,65.87,0.05,0.46
1989-09-24,35.08,26.32,61.96,0.04,0.46
1989-09-25,35.44,25.06,60.31,0.08,0.46
1989-09-26,33.62,24.84,62.53,0.04,0.46
1989-09-27,32.5,24.13,63.91,0.1,0.46
1989-09-28,38.01,24.21,57.15,0.0,0.46
1989-09-29,35.65,25.23,56.01,0.05,0.46
1989-09-30,32.66,25.49,59.76,0.01,0.46
1989-10-01,34.3,25.82,58.08,0.07,0.46
1989-10-02,31.27,25.12,69.98,0.13,0.46
1989-10-03,34.09,25.23,68.25,0.19,0.46
1989-10-04,38.75,25.3,58.89,4.29,0.46
1989-10-05,30.76,25.56,73.56,0.84,0.47
1989-10-06,34.81,24.47,65.55,0.71,0.47
1989-10-07,34.71,24.33,65.16,0.81,0.47
1989-10-08,35.52,24.8,62.16,0.27,0.47
1989-10-09,35.07,24.86,59.65,0.15,0.47
1989-10-10,35.66,24.9,58.23,0.44,0.47
1989-10-11,37.01,24.58,53.28,0.15,0.47
1989-10-12,38.59,26.01,47.7,0.0,0.46
1989-10-13,38.7,26.71,46.31,0.02,0.46
1989-10-14,40.21,26.67,42.93,0.5,0.46
1989-10-15,32.1,27.04,64.21,0.37,0.46
1989-10-16,34.54,25.61,62.69,0.22,0.46
1989-10-17,35.77,25.43,54.81,0.08,0.46
1989-10-18,36.41,26.07,55.5,0.84,0.46
1989-10-19,34.18,25.77,60.96,0.18,0.46
1989-10-20,32.72,25.43,62.52,0.02,0.46
1989-10-21,34.03,23.53,61.57,0.2,0.46
1989-10-22,31.29,23.63,66.27,0.97,0.46
1989-10-23,32.62,23.76,58.23,0.05,0.46
1989-10-24,34.07,23.9,57.87,0.07,0.46
1989-10-25,34.07,24.89,56.27,0.2,0.46
1989-10-26,35.23,23.15,60.97,2.4,0.46
1989-10-27,36.41,23.28,60.5,0.09,0.46
1989-10-28,37.26,25.09,53.31,0.02,0.46
1989-10-29,36.3,24.82,53.16,0.0,0.46
1989-10-30,34.72,26.47,51.96,0.05,0.46
1989-10-31,28.81,23.69,73.24,2.25,0.46
1989-11-01,34.63,22.6,55.06,0.0,0.47
1989-11-02,35.43,22.97,49.09,0.0,0.46
1989-11-03,36.45,21.27,44.74,0.0,0.46
1989-11-04,35.93,18.97,42.38,0.0,0.46
1989-11-05,36.15,19.16,39.42,0.0,0.46
1989-11-06,36.23,18.7,34.96,0.0,0.46
1989-11-07,36.34,19.87,33.51,0.0,0.46
1989-11-08,35.25,20.68,32.08,0.0,0.46
1989-11-09,35.84,19.68,38.93,0.0,0.46
1989-11-10,36.35,22.4,40.29,0.0,0.46
1989-11-11,36.7,21.49,42.18,0.0,0.46
1989-11-12,36.91,23.54,39.7,0.0,0.46
1989-11-13,37.37,22.88,35.58,0.0,0.46
1989-11-14,36.62,20.97,35.76,0.0,0.46
1989-11-15,36.5,20.72,35.8,0.0,0.46
1989-11-16,35.66,22.3,39.99,0.0,0.46
1989-11-17,34.74,22.36,36.52,0.0,0.46
1989-11-18,34.89,20.49,34.47,0.04,0.46
1989-11-19,32.91,20.07,34.93,0.0,0.46
1989-11-20,32.49,20.8,49.55,0.0,0.46
1989-11-21,33.97,20.98,38.75,0.15,0.46
1989-11-22,34.07,20.61,37.45,0.29,0.46
1989-11-23,33.45,19.19,38.85,0.0,0.46
1989-11-24,34.62,20.49,33.61,0.0,0.46
1989-11-25,34.27,21.77,40.34,0.0,0.46
1989-11-26,34.56,22.18,36.11,0.0,0.46
1989-11-27,34.02,20.03,34.98,0.0,0.46
1989-11-28,34.7,17.5,33.46,0.03,0.46
1989-11-29,32.59,21.14,48.96,0.0,0.46
1989-11-30,32.5,21.73,44.97,0.0,0.46
1989-12-01,32.92,20.98,41.79,0.0,0.46
1989-12-02,32.24,18.58,38.03,0.0,0.46
1989-12-03,31.84,17.97,34.08,0.0,0.46
1989-12-04,31.48,15.61,34.19,0.0,0.46
1989-12-05,30.46,14.36,28.88,0.0,0.46
1989-12-06,30.81,13.62,25.99,0.0,0.46
1989-12-07,30.48,12.3,24.66,0.0,0.46
1989-12-08,32.09,12.19,24.04,0.0,0.46
1989-12-09,32.62,13.38,22.63,0.0,0.46
1989-12-10,32.33,14.04,25.1,0.0,0.46
1989-12-11,31.75,13.76,23.68,0.0,0.46
1989-12-12,31.16,14.9,26.03,0.0,0.46
1989-12-13,31.15,14.33,31.83,0.0,0.46
1989-12-14,31.58,15.54,34.17,0.0,0.46
1989-12-15,31.2,18.85,39.85,0.0,0.46
1989-12-16,29.75,19.36,42.56,0.0,0.46
1989-12-17,31.21,16.11,45.05,0.0,0.46
1989-12-18,30.32,14.7,37.74,0.0,0.46
1989-12-19,30.0,13.54,33.42,0.0,0.46
1989-12-20,30.01,14.99,37.98,0.0,0.46
1989-12-21,30.78,15.33,36.62,0.0,0.46
1989-12-22,30.57,14.85,37.69,0.0,0.46
1989-12-23,30.44,13.18,31.73,0.0,0.46
1989-12-24,30.73,12.63,30.07,0.0,0.46
1989-12-25,31.24,12.85,27.7,0.0,0.46
1989-12-26,31.69,14.15,29.74,0.0,0.46
1989-12-27,31.41,14.53,48.2,0.0,0.46
1989-12-28,29.35,14.64,53.79,0.0,0.46
1989-12-29,29.87,14.14,40.32,0.0,0.46
1989-12-30,30.14,12.82,31.64,0.0,0.46
1989-12-31,31.01,11.54,25.95,0.0,0.46
1990-01-01,30.21,12.24,31.33,0.0,0.46
1990-01-02,30.67,11.58,24.8,0.0,0.46
1990-01-03,32.01,12.44,25.0,0.0,0.46
1990-01-04,32.87,13.82,29.55,0.0,0.46
1990-01-05,32.39,14.89,30.34,0.0,0.46
1990-01-06,32.13,13.02,25.39,0.0,0.46
1990-01-07,32.26,12.54,21.57,0.0,0.46
1990-01-08,31.46,12.15,21.67,0.0,0.46
1990-01-09,30.94,11.69,23.04,0.0,0.46
1990-01-10,30.39,10.29,24.75,0.0,0.46
1990-01-11,29.92,9.99,20.75,0.0,0.46
1990-01-12,30.37,10.39,20.05,0.0,0.46
1990-01-13,30.48,10.63,28.99,0.0,0.46
1990-01-14,30.0,11.55,41.8,0.0,0.46
1990-01-15,31.49,11.8,34.52,0.0,0.46
1990-01-16,32.0,12.25,24.15,0.0,0.46
1990-01-17,31.4,11.99,24.67,0.0,0.46
1990-01-18,31.94,12.2,33.26,0.0,0.46
1990-01-19,32.05,13.16,34.21,0.02,0.46
1990-01-20,32.34,14.61,31.15,0.0,0.46
1990-01-21,33.8,16.51,37.94,0.0,0.46
1990-01-22,33.67,15.44,51.25,0.0,0.46
1990-01-23,33.83,15.75,44.07,0.0,0.46
1990-01-24,33.7,15.3,47.21,0.0,0.46
1990-01-25,31.96,15.34,54.39,0.0,0.46
1990-01-26,32.67,16.09,56.16,0.0,0.46
1990-01-27,33.16,17.08,49.51,0.0,0.46
1990-01-28,33.48,16.0,48.99,0.0,0.46
1990-01-29,34.23,16.12,48.72,0.0,0.46
1990-01-30,35.29,14.77,47.94,0.0,0.46
1990-01-31,34.85,15.62,51.4,0.0,0.46
1990-02-01,36.17,16.83,52.28,0.0,0.46
1990-02-02,32.88,15.62,47.66,0.0,0.46
1990-02-03,32.82,17.29,41.14,0.0,0.46
1990-02-04,34.76,16.2,46.38,0.0,0.46
1990-02-05,33.74,15.01,52.16,0.0,0.46
1990-02-06,34.73,15.76,48.05,0.0,0.46
1990-02-07,33.85,15.46,42.97,0.0,0.46
1990-02-08,34.81,16.09,25.26,0.0,0.46
1990-02-09,35.18,16.46,35.46,0.0,0.46
1990-02-10,35.86,16.35,31.89,0.0,0.46
1990-02-11,35.99,17.43,24.85,0.03,0.46
1990-02-12,36.14,18.12,25.73,0.0,0.46
1990-02-13,35.18,16.43,32.51,0.0,0.46
1990-02-14,34.84,16.6,40.53,0.0,0.46
1990-02-15,34.08,16.16,54.14,0.0,0.46
1990-02-16,33.99,19.96,48.75,0.0,0.46
1990-02-17,33.69,16.97,47.03,0.0,0.46
1990-02-18,33.51,17.87,36.56,0.0,0.46
1990-02-19,35.27,19.02,32.37,0.0,0.46
1990-02-20,32.46,18.16,44.08,0.05,0.46
1990-02-21,31.96,18.83,52.57,0.64,0.46
1990-02-22,32.19,18.31,52.35,0.32,0.46
1990-02-23,33.57,19.21,52.97,0.0,0.46
1990-02-24,33.53,17.4,46.27,0.0,0.46
1990-02-25,34.14,16.85,37.32,0.0,0.46
1990-02-26,35.21,16.62,49.51,0.15,0.46
1990-02-27,34.79,19.51,55.21,0.2,0.46
1990-02-28,36.17,18.76,45.85,0.29,0.46
1990-03-01,37.51,18.9,47.97,0.0,0.46
1990-03-02,36.88,19.76,55.69,0.0,0.46
1990-03-03,35.72,20.03,58.77,1.44,0.46
1990-03-04,34.66,19.81,56.97,1.45,0.46
1990-03-05,34.45,20.77,54.2,0.75,0.46
1990-03-06,35.28,16.6,37.69,0.0,0.46
1990-03-07,36.0,17.89,38.48,0.04,0.46
1990-03-08,35.18,20.56,41.4,0.01,0.46
1990-03-09,35.42,16.32,43.19,0.0,0.46
1990-03-10,35.96,16.03,44.8,0.0,0.46
1990-03-11,36.68,17.87,47.83,0.0,0.46
1990-03-12,36.41,19.33,47.95,0.05,0.46
1990-03-13,34.83,18.76,40.61,0.02,0.46
1990-03-14,32.31,19.21,43.84,0.0,0.46
1990-03-15,34.61,17.92,36.07,0.0,0.46
1990-03-16,36.38,18.11,26.48,0.0,0.46
1990-03-17,37.7,18.84,24.93,0.0,0.46
1990-03-18,38.63,19.62,23.39,0.0,0.46
1990-03-19,38.36,20.91,26.52,0.0,0.46
1990-03-20,37.59,18.35,30.53,0.0,0.46
1990-03-21,37.8,19.06,48.69,0.0,0.46
1990-03-22,38.65,20.08,48.31,0.0,0.46
1990-03-23,38.5,20.03,55.22,0.0,0.46
1990-03-24,39.1,20.92,53.65,0.0,0.46
1990-03-25,39.57,21.04,48.39,0.0,0.46
1990-03-26,36.36,21.51,50.67,0.01,0.46
1990-03-27,37.03,20.7,47.15,0.0,0.46
1990-03-28,38.31,22.0,45.32,0.0,0.46
1990-03-29,36.8,21.04,44.18,0.0,0.46
1990-03-30,39.25,21.71,47.48,0.0,0.46
1990-03-31,38.62,22.66,44.84,0.0,0.46
1990-04-01,39.07,21.96,44.47,0.0,0.46
1990-04-02,38.8,21.93,47.8,0.0,0.46
1990-04-03,37.23,22.48,42.43,0.0,0.46
1990-04-04,36.11,24.26,33.29,0.0,0.46
1990-04-05,37.89,23.18,30.74,0.0,0.46
1990-04-06,38.13,21.1,25.11,0.0,0.46
1990-04-07,37.76,19.36,32.21,0.0,0.46
1990-04-08,39.83,21.99,39.75,0.0,0.46
1990-04-09,38.79,20.17,49.79,0.0,0.46
1990-04-10,38.45,22.45,54.9,0.0,0.46
1990-04-11,38.52,22.28,49.06,0.0,0.46
1990-04-12,40.67,23.63,44.17,0.0,0.46
1990-04-13,41.6,23.31,45.66,0.0,0.46
1990-04-14,40.54,22.41,49.55,0.0,0.46
1990-04-15,40.91,22.58,49.41,0.0,0.46
1990-04-16,40.42,23.42,47.37,0.0,0.46
1990-04-17,38.5,23.57,50.21,0.0,0.46
1990-04-18,38.5,23.79,55.37,0.0,0.46
1990-04-19,40.33,25.14,49.59,0.0,0.46
1990-04-20,41.04,24.56,49.36,0.0,0.46
1990-04-21,39.56,23.46,56.94,0.01,0.46
1990-04-22,40.56,24.36,55.19,0.0,0.46
1990-04-23,40.94,24.36,51.07,0.01,0.46
1990-04-24,41.19,24.16,49.85,0.01,0.46
1990-04-25,42.04,25.0,45.21,0.0,0.46
1990-04-26,41.94,25.61,41.69,0.01,0.46
1990-04-27,41.5,24.0,42.06,0.02,0.46
1990-04-28,42.24,23.17,40.13,0.0,0.46
1990-04-29,40.36,24.31,41.48,0.06,0.46
1990-04-30,37.21,24.8,44.45,0.0,0.46
1990-05-01,41.11,24.17,41.09,0.42,0.46
1990-05-02,41.31,25.87,46.33,0.04,0.46
1990-05-03,40.49,25.68,46.15,0.07,0.46
1990-05-04,41.23,24.61,46.52,0.13,0.46
1990-05-05,39.61,27.02,47.85,0.45,0.46
1990-05-06,37.9,26.97,50.61,0.38,0.46
1990-05-07,37.96,25.88,48.07,0.0,0.46
1990-05-08,37.72,27.02,40.75,0.09,0.46
1990-05-09,37.09,27.01,38.32,0.02,0.46
1990-05-10,37.2,26.08,40.13,0.01,0.46
1990-05-11,36.97,27.41,44.77,0.0,0.46
1990-05-12,40.42,26.3,48.42,0.0,0.46
1990-05-13,38.69,27.49,51.9,0.01,0.46
1990-05-14,36.99,27.3,50.68,0.41,0.46
1990-05-15,35.32,25.33,59.73,4.07,0.46
1990-05-16,32.5,26.73,72.64,2.79,0.47
1990-05-17,32.86,25.66,70.62,3.79,0.47
1990-05-18,31.0,24.89,67.86,0.01,0.47
1990-05-19,35.78,24.85,58.43,0.47,0.47
1990-05-20,32.83,25.55,64.75,0.0,0.47
1990-05-21,32.94,25.4,65.66,0.03,0.47
1990-05-22,35.62,25.68,64.81,0.65,0.47
1990-05-23,31.88,25.83,73.34,2.27,0.47
1990-05-24,29.64,25.6,74.54,0.18,0.47
1990-05-25,33.53,25.2,63.23,0.74,0.47
1990-05-26,39.02,25.61,51.05,0.0,0.47
1990-05-27,38.96,26.41,51.58,0.03,0.47
1990-05-28,39.31,27.31,50.04,0.09,0.46
1990-05-29,39.18,27.69,49.24,0.76,0.46
1990-05-30,35.91,27.42,57.7,0.35,0.46
1990-05-31,37.02,26.86,57.06,0.09,0.46
1990-06-01,38.89,27.56,53.61,0.01,0.46
1990-06-02,35.73,27.72,58.62,0.01,0.46
1990-06-03,37.79,26.75,60.2,0.08,0.46
1990-06-04,36.49,26.41,59.07,0.1,0.46
1990-06-05,38.12,26.54,58.35,1.43,0.46
1990-06-06,38.67,25.87,56.12,0.39,0.46
1990-06-07,39.69,26.36,54.03,0.0,0.46
1990-06-08,35.46,27.32,59.39,0.04,0.46
1990-06-09,34.49,27.53,57.79,0.0,0.46
1990-06-10,38.68,26.76,52.81,0.01,0.46
1990-06-11,35.85,27.98,54.57,0.0,0.46
1990-06-12,37.04,26.87,56.43,0.12,0.46
1990-06-13,34.28,26.7,64.76,0.34,0.46
1990-06-14,34.58,26.15,66.33,2.9,0.46
1990-06-15,36.36,25.91,60.66,0.05,0.47
1990-06-16,35.72,26.63,59.73,0.04,0.47
1990-06-17,35.35,27.52,61.6,0.13,0.46
1990-06-18,37.39,26.68,59.59,0.38,0.46
1990-06-19,35.7,26.04,67.58,6.24,0.47
1990-06-20,34.12,26.09,66.89,0.3,0.47
1990-06-21,37.57,25.13,61.56,0.01,0.47
1990-06-22,36.77,26.44,62.15,0.21,0.47
1990-06-23,35.5,26.88,63.81,0.73,0.47
1990-06-24,34.81,26.31,70.34,5.87,0.47
1990-06-25,34.8,25.22,70.42,3.44,0.48
1990-06-26,32.69,25.22,71.45,1.39,0.48
1990-06-27,34.04,24.27,69.85,4.32,0.48
1990-06-28,34.48,24.42,69.03,0.18,0.48
1990-06-29,33.65,25.82,69.0,0.42,0.48
1990-06-30,34.0,26.97,67.82,0.37,0.47
1990-07-01,34.1,27.33,65.58,0.24,0.47
1990-07-02,31.13,26.22,76.66,2.35,0.47
1990-07-03,31.21,24.98,76.85,2.52,0.48
1990-07-04,30.36,24.37,80.34,8.91,0.49
1990-07-05,32.03,24.05,75.73,0.3,0.49
1990-07-06,32.65,24.57,71.85,0.08,0.49
1990-07-07,32.95,25.01,74.18,0.03,0.48
1990-07-08,35.61,25.43,65.48,0.09,0.48
1990-07-09,32.81,25.72,68.76,0.03,0.48
1990-07-10,34.61,25.84,68.69,0.04,0.48
1990-07-11,33.64,26.19,66.63,0.38,0.48
1990-07-12,34.29,25.49,69.27,0.25,0.47
1990-07-13,31.45,25.25,78.25,7.18,0.48
1990-07-14,31.68,24.83,75.53,0.05,0.48
1990-07-15,34.11,24.8,67.79,0.63,0.48
1990-07-16,32.44,24.21,70.17,1.02,0.48
1990-07-17,34.48,24.45,65.68,0.1,0.48
1990-07-18,33.06,24.63,69.42,0.17,0.48
1990-07-19,33.55,25.62,65.84,1.01,0.48
1990-07-20,32.86,24.2,71.37,3.62,0.48
1990-07-21,31.41,24.24,77.28,0.2,0.48
1990-07-22,31.97,25.96,72.38,0.1,0.48
1990-07-23,35.8,24.1,66.2,0.02,0.48
1990-07-24,36.43,25.06,64.39,0.04,0.47
1990-07-25,32.63,25.65,68.41,0.1,0.47
1990-07-26,34.04,25.35,65.96,0.54,0.47
1990-07-27,33.66,25.38,65.88,0.36,0.47
1990-07-28,36.4,25.66,62.85,0.28,0.47
1990-07-29,35.95,25.86,63.79,0.15,0.47
1990-07-30,36.42,26.37,61.63,0.42,0.47
1990-07-31,36.17,25.63,63.92,1.39,0.47
1990-08-01,33.11,24.34,67.47,3.07,0.47
1990-08-02,34.52,24.2,63.83,1.29,0.47
1990-08-03,37.93,25.0,57.58,0.49,0.47
1990-08-04,38.67,25.65,56.55,0.33,0.47
1990-08-05,34.91,26.31,61.38,1.33,0.47
1990-08-06,35.8,25.89,61.45,0.12,0.47
1990-08-07,38.52,25.64,54.53,0.0,0.47
1990-08-08,36.41,26.84,55.59,0.01,0.47
1990-08-09,38.55,26.87,50.34,0.0,0.47
1990-08-10,36.27,27.82,54.01,0.04,0.46
1990-08-11,33.62,26.93,59.36,0.33,0.46
1990-08-12,33.87,26.44,63.43,0.09,0.46
1990-08-13,37.56,25.65,60.74,0.02,0.46
1990-08-14,35.07,26.56,64.78,0.03,0.46
1990-08-15,34.63,25.99,65.91,0.09,0.46
1990-08-16,34.67,25.68,63.35,0.22,0.46
1990-08-17,37.63,25.08,61.64,0.24,0.46
1990-08-18,39.57,25.43,57.94,0.02,0.46
1990-08-19,36.95,26.45,59.5,0.0,0.46
1990-08-20,36.08,26.56,59.18,0.01,0.46
1990-08-21,38.25,26.13,57.6,0.04,0.46
1990-08-22,37.37,26.01,60.56,0.02,0.46
1990-08-23,38.66,26.35,59.47,0.02,0.46
1990-08-24,36.73,26.63,62.14,0.02,0.46
1990-08-25,32.8,26.73,67.24,0.41,0.46
1990-08-26,35.23,26.53,63.31,0.15,0.46
1990-08-27,35.05,26.13,59.01,0.01,0.46
1990-08-28,37.4,25.69,56.48,0.19,0.46
1990-08-29,37.88,25.71,60.65,2.47,0.46
1990-08-30,39.69,26.04,55.42,0.22,0.46
1990-08-31,37.43,26.93,60.3,1.6,0.46
1990-09-01,30.06,26.3,73.97,0.08,0.47
1990-09-02,31.9,25.04,75.86,1.19,0.47
1990-09-03,34.72,25.08,63.43,0.26,0.47
1990-09-04,33.86,23.64,74.09,8.52,0.47
1990-09-05,33.64,24.25,73.24,1.43,0.48
1990-09-06,33.91,24.64,68.78,0.35,0.48
1990-09-07,36.12,24.53,65.15,0.11,0.47
1990-09-08,35.49,25.26,65.36,1.06,0.47
1990-09-09,34.81,25.97,64.02,0.46,0.47
1990-09-10,34.28,26.05,66.74,0.1,0.47
1990-09-11,35.56,25.46,60.21,0.01,0.47
1990-09-12,37.2,25.02,58.07,0.01,0.47
1990-09-13,38.05,24.45,57.99,0.0,0.47
1990-09-14,38.85,25.39,54.96,0.07,0.46
1990-09-15,36.53,26.73,59.58,0.09,0.46
1990-09-16,35.49,26.95,62.74,0.13,0.46
1990-09-17,36.35,26.42,58.65,0.0,0.46
1990-09-18,35.08,27.16,60.02,0.0,0.46
1990-09-19,37.35,26.28,54.76,0.0,0.46
1990-09-20,38.54,26.66,50.25,0.0,0.46
1990-09-21,39.45,27.24,50.55,0.14,0.46
1990-09-22,38.1,27.34,52.61,0.0,0.46
1990-09-23,36.51,27.37,57.34,0.29,0.46
1990-09-24,33.13,26.33,65.63,1.45,0.46
1990-09-25,38.17,25.35,55.22,0.13,0.46
1990-09-26,36.71,26.47,54.6,0.15,0.46
1990-09-27,34.71,26.79,58.85,0.09,0.46
1990-09-28,36.04,25.47,58.59,0.89,0.46
1990-09-29,34.61,25.25,62.33,1.4,0.46
1990-09-30,36.59,25.03,57.13,0.21,0.46
1990-10-01,36.61,25.64,56.85,0.0,0.46
1990-10-02,37.21,25.84,56.26,0.01,0.46
1990-10-03,38.24,24.57,54.91,0.03,0.46
1990-10-04,38.41,25.11,53.11,0.24,0.46
1990-10-05,38.36,25.26,59.08,5.94,0.47
1990-10-06,35.87,26.18,62.05,0.23,0.47
1990-10-07,34.29,25.29,62.14,0.27,0.47
1990-10-08,35.93,23.31,57.39,2.15,0.47
1990-10-09,35.22,24.65,63.32,0.55,0.47
1990-10-10,36.66,24.84,58.53,0.0,0.47
1990-10-11,37.36,25.51,53.79,0.0,0.47
1990-10-12,37.89,25.0,50.73,0.0,0.46
1990-10-13,38.13,25.06,49.55,0.03,0.46
1990-10-14,36.99,26.81,51.33,0.0,0.46
1990-10-15,38.35,26.58,48.9,0.0,0.46
1990-10-16,38.24,25.59,51.33,0.0,0.46
1990-10-17,38.5,25.2,49.34,0.0,0.46
1990-10-18,38.58,25.15,45.34,0.0,0.46
1990-10-19,39.58,25.46,41.53,0.0,0.46
1990-10-20,38.65,26.87,41.72,0.0,0.46
1990-10-21,39.61,25.77,41.37,0.22,0.46
1990-10-22,39.15,26.3,42.13,0.0,0.46
1990-10-23,39.05,23.41,36.66,0.0,0.46
1990-10-24,39.44,22.53,35.75,0.0,0.46
1990-10-25,40.03,25.23,38.16,0.0,0.46
1990-10-26,38.35,26.9,46.61,0.0,0.46
1990-10-27,37.46,25.18,48.54,0.0,0.46
1990-10-28,37.68,23.8,47.57,0.0,0.46
1990-10-29,36.97,25.45,44.77,0.0,0.46
1990-10-30,37.1,25.53,47.69,0.0,0.46
1990-10-31,36.14,25.46,50.26,0.0,0.46
1990-11-01,34.55,25.23,52.08,0.0,0.46
1990-11-02,34.15,24.49,54.59,0.0,0.46
1990-11-03,37.27,24.41,47.53,0.01,0.46
1990-11-04,36.95,26.05,53.04,0.11,0.46
1990-11-05,30.41,25.87,69.66,0.68,0.46
1990-11-06,34.73,24.47,64.67,0.0,0.46
1990-11-07,32.74,24.44,63.84,0.09,0.46
1990-11-08,36.25,23.56,56.85,0.03,0.46
1990-11-09,37.02,22.86,54.52,0.36,0.46
1990-11-10,25.43,20.49,53.43,0.0,0.46
1990-11-11,29.71,19.61,49.86,0.0,0.46
1990-11-12,34.06,20.73,48.41,0.0,0.46
1990-11-13,36.24,21.78,43.75,0.0,0.46
1990-11-14,37.76,22.9,41.1,0.0,0.46
1990-11-15,37.71,23.04,40.14,0.0,0.46
1990-11-16,37.3,22.46,33.5,0.0,0.46
1990-11-17,37.18,21.9,32.01,0.0,0.46
1990-11-18,36.57,21.65,29.93,0.0,0.46
1990-11-19,35.62,20.01,39.63,0.0,0.46
1990-11-20,36.63,21.06,31.42,0.0,0.46
1990-11-21,36.24,24.07,35.25,0.0,0.46
1990-11-22,36.76,24.31,43.34,0.0,0.46
1990-11-23,34.48,25.34,51.43,0.0,0.46
1990-11-24,35.54,24.5,46.23,0.0,0.46
1990-11-25,35.61,24.22,40.57,0.0,0.46
1990-11-26,33.26,24.27,43.95,0.0,0.46
1990-11-27,35.9,22.94,42.52,0.0,0.46
1990-11-28,35.17,20.78,39.33,0.0,0.46
1990-11-29,33.86,18.66,50.03,0.0,0.46
1990-11-30,33.19,17.69,52.95,0.0,0.46
1990-12-01,33.56,18.71,52.59,0.0,0.46
1990-12-02,31.35,21.51,55.86,0.0,0.46
1990-12-03,30.86,21.28,48.41,0.0,0.46
1990-12-04,31.58,18.26,43.16,0.0,0.46
1990-12-05,31.67,17.69,40.99,0.0,0.46
1990-12-06,31.49,17.33,37.4,0.0,0.46
1990-12-07,31.86,17.15,38.6,0.0,0.46
1990-12-08,32.07,17.05,36.62,0.0,0.46
1990-12-09,32.17,16.64,33.65,0.0,0.46
1990-12-10,32.47,15.82,32.45,0.0,0.46
1990-12-11,33.36,15.61,30.22,0.0,0.46
1990-12-12,33.23,15.68,30.83,0.0,0.46
1990-12-13,32.66,15.29,30.16,0.0,0.46
1990-12-14,33.12,16.12,30.17,0.0,0.46
1990-12-15,30.82,17.53,31.33,0.0,0.46
1990-12-16,29.75,19.04,35.97,0.0,0.46
1990-12-17,31.44,19.74,34.82,0.0,0.46
1990-12-18,33.64,19.1,46.5,0.01,0.46
1990-12-19,34.48,20.37,63.16,0.01,0.46
1990-12-20,32.43,19.72,52.99,0.0,0.46
1990-12-21,31.66,16.5,44.41,0.0,0.46
1990-12-22,32.03,14.61,36.32,0.0,0.46
1990-12-23,32.4,14.62,36.01,0.0,0.46
1990-12-24,32.41,14.37,38.82,0.0,0.46
1990-12-25,31.53,13.97,32.29,0.0,0.46
1990-12-26,31.79,12.75,28.38,0.0,0.46
1990-12-27,31.92,13.79,30.02,0.0,0.46
1990-12-28,32.29,14.79,40.46,0.0,0.46
1990-12-29,31.82,14.06,38.31,0.0,0.46
1990-12-30,31.78,14.19,30.93,0.0,0.46
1990-12-31,31.38,13.44,27.68,0.0,0.46
1991-01-01,31.77,13.24,27.86,0.0,0.46
1991-01-02,33.04,13.99,30.37,0.0,0.46
1991-01-03,32.93,16.41,47.7,0.04,0.46
1991-01-04,31.21,18.27,65.03,0.0,0.46
1991-01-05,32.12,15.88,43.97,0.0,0.46
1991-01-06,30.89,13.25,36.75,0.0,0.46
1991-01-07,31.44,13.11,30.58,0.0,0.46
1991-01-08,31.33,12.33,28.04,0.0,0.46
1991-01-09,31.15,12.17,23.83,0.0,0.46
1991-01-10,32.53,13.44,22.15,0.0,0.46
1991-01-11,31.72,13.88,30.6,0.0,0.46
1991-01-12,32.46,14.45,33.55,0.0,0.46
1991-01-13,32.56,15.52,42.93,0.0,0.46
1991-01-14,32.34,15.75,47.09,0.0,0.46
1991-01-15,32.71,15.95,42.86,0.0,0.46
1991-01-16,31.73,15.83,42.22,0.0,0.46
1991-01-17,32.36,14.81,35.32,0.0,0.46
1991-01-18,31.78,14.73,40.08,0.0,0.46
1991-01-19,30.49,14.03,30.9,0.0,0.46
1991-01-20,29.6,13.0,42.84,0.0,0.46
1991-01-21,30.78,12.17,27.69,0.0,0.46
1991-01-22,31.49,12.39,27.38,0.0,0.46
1991-01-23,31.3,12.51,24.07,0.0,0.46
1991-01-24,31.69,12.01,20.95,0.0,0.46
1991-01-25,32.0,12.62,22.41,0.0,0.46
1991-01-26,31.88,12.27,23.38,0.0,0.46
1991-01-27,32.84,12.37,20.93,0.0,0.46
1991-01-28,33.51,14.5,28.2,0.0,0.46
1991-01-29,33.92,16.93,44.18,0.0,0.46
1991-01-30,34.11,16.18,46.54,0.0,0.46
1991-01-31,33.4,16.64,39.18,0.0,0.46
1991-02-01,34.2,15.55,40.21,0.0,0.46
1991-02-02,34.16,16.0,42.5,0.0,0.46
1991-02-03,33.82,16.35,49.19,0.0,0.46
1991-02-04,33.41,15.66,51.87,0.0,0.46
1991-02-05,31.73,15.88,49.35,0.0,0.46
1991-02-06,32.5,15.53,34.99,0.0,0.46
1991-02-07,33.29,14.92,30.11,0.0,0.46
1991-02-08,33.86,15.52,28.53,0.0,0.46
1991-02-09,34.25,15.65,27.28,0.0,0.46
1991-02-10,33.74,14.95,25.14,0.0,0.46
1991-02-11,34.44,15.9,27.77,0.0,0.46
1991-02-12,35.27,16.79,34.43,0.0,0.46
1991-02-13,36.16,17.34,43.35,0.0,0.46
1991-02-14,34.85,17.68,40.83,0.0,0.46
1991-02-15,34.32,17.28,25.68,0.0,0.46
1991-02-16,33.82,15.29,18.83,0.0,0.46
1991-02-17,35.0,14.62,17.33,0.0,0.46
1991-02-18,35.95,16.24,15.2,0.0,0.46
1991-02-19,35.59,16.48,21.1,0.0,0.46
1991-02-20,35.91,16.44,19.69,0.0,0.46
1991-02-21,38.03,17.09,24.8,0.0,0.46
1991-02-22,37.84,19.19,25.78,0.0,0.46
1991-02-23,37.59,17.84,37.29,0.0,0.46
1991-02-24,37.6,18.72,38.63,0.0,0.46
1991-02-25,37.51,18.36,47.59,0.0,0.46
1991-02-26,38.11,19.77,45.72,0.0,0.46
1991-02-27,37.49,19.9,45.68,0.0,0.46
1991-02-28,38.01,19.92,44.78,0.0,0.46
1991-03-01,37.6,20.56,39.93,0.0,0.46
1991-03-02,36.61,17.91,47.24,0.0,0.45
1991-03-03,37.26,19.37,45.66,0.0,0.45
1991-03-04,37.42,19.81,45.99,0.0,0.45
1991-03-05,37.73,19.14,40.84,0.0,0.45
1991-03-06,38.12,20.14,46.18,0.0,0.45
1991-03-07,36.6,20.98,54.31,0.0,0.45
1991-03-08,37.93,20.85,47.05,0.0,0.45
1991-03-09,38.76,19.79,44.98,0.0,0.45
1991-03-10,39.31,19.49,34.93,0.0,0.45
1991-03-11,39.92,19.95,39.36,0.0,0.45
1991-03-12,39.85,21.71,45.0,0.0,0.45
1991-03-13,39.92,22.18,40.98,0.0,0.45
1991-03-14,40.66,22.32,38.85,0.0,0.45
1991-03-15,40.83,23.02,38.8,0.0,0.45
1991-03-16,41.36,22.68,37.41,0.0,0.45
1991-03-17,41.15,23.09,37.1,0.0,0.45
1991-03-18,41.14,22.39,35.33,0.0,0.45
1991-03-19,41.13,21.46,39.35,0.72,0.46
1991-03-20,40.1,20.9,45.97,0.0,0.46
1991-03-21,40.35,21.66,46.12,0.0,0.46
1991-03-22,41.1,22.24,46.76,0.0,0.46
1991-03-23,40.87,23.02,42.8,0.0,0.46
1991-03-24,39.76,23.45,47.3,0.0,0.46
1991-03-25,39.68,22.39,49.55,0.0,0.46
1991-03-26,40.06,21.66,46.77,0.0,0.46
1991-03-27,39.86,22.01,44.88,0.0,0.46
1991-03-28,41.02,22.25,40.34,0.0,0.46
1991-03-29,41.45,23.73,41.95,0.0,0.46
1991-03-30,40.65,22.78,45.65,0.0,0.46
1991-03-31,40.01,21.55,48.1,0.0,0.46
1991-04-01,36.8,23.55,55.14,0.14,0.46
1991-04-02,37.67,23.21,55.07,0.0,0.46
1991-04-03,37.74,23.47,54.52,0.0,0.46
1991-04-04,39.67,22.44,51.91,0.06,0.46
1991-04-05,39.1,23.79,50.35,0.02,0.46
1991-04-06,36.5,24.53,54.17,0.21,0.46
1991-04-07,38.33,24.76,45.81,0.0,0.46
1991-04-08,37.92,24.12,46.42,0.0,0.46
1991-04-09,39.22,23.05,47.73,0.0,0.46
1991-04-10,39.27,23.95,44.73,0.0,0.46
1991-04-11,40.39,24.03,42.54,0.0,0.46
1991-04-12,40.78,23.25,41.05,0.0,0.46
1991-04-13,42.12,24.46,32.82,0.0,0.46
1991-04-14,42.78,24.73,33.39,0.0,0.46
1991-04-15,44.02,23.82,40.2,0.0,0.46
1991-04-16,43.85,25.16,45.08,0.0,0.46
1991-04-17,42.4,25.49,45.06,0.0,0.46
1991-04-18,41.97,26.0,40.43,0.0,0.46
1991-04-19,42.53,25.41,42.12,0.0,0.46
1991-04-20,42.43,24.96,45.28,0.0,0.46
1991-04-21,41.48,24.53,45.74,0.0,0.46
1991-04-22,40.35,24.81,47.38,0.0,0.46
1991-04-23,41.29,24.25,47.33,0.0,0.46
1991-04-24,40.47,24.87,46.25,0.02,0.46
1991-04-25,40.4,24.85,45.75,0.0,0.46
1991-04-26,32.62,27.17,53.44,0.02,0.46
1991-04-27,36.4,26.2,49.24,0.0,0.46
1991-04-28,37.59,27.68,47.7,0.08,0.46
1991-04-29,38.25,27.12,48.8,0.81,0.46
1991-04-30,35.47,26.28,60.47,7.56,0.47
1991-05-01,34.59,25.24,64.17,0.1,0.47
1991-05-02,39.47,23.98,58.76,0.0,0.47
1991-05-03,39.95,25.0,54.71,0.0,0.47
1991-05-04,41.33,24.32,50.54,0.0,0.46
1991-05-05,42.03,24.91,47.86,0.0,0.46
1991-05-06,40.38,24.14,51.63,0.0,0.46
1991-05-07,38.59,23.8,56.27,0.0,0.46
1991-05-08,40.07,24.55,53.89,0.0,0.46
1991-05-09,40.6,24.78,52.29,0.0,0.46
1991-05-10,41.25,24.7,48.38,0.0,0.46
1991-05-11,40.73,26.98,46.49,0.04,0.46
1991-05-12,38.95,26.41,51.3,0.0,0.46
1991-05-13,39.89,26.09,45.1,0.06,0.46
1991-05-14,41.82,25.53,44.2,0.0,0.46
1991-05-15,41.59,26.73,45.07,0.0,0.46
1991-05-16,42.46,26.15,45.49,0.02,0.46
1991-05-17,39.96,26.91,48.99,0.01,0.46
1991-05-18,37.95,25.45,52.74,0.0,0.46
1991-05-19,41.06,25.36,46.9,0.0,0.46
1991-05-20,42.12,26.45,44.61,0.0,0.46
1991-05-21,42.42,26.57,42.46,0.0,0.46
1991-05-22,39.9,26.87,49.83,0.0,0.46
1991-05-23,40.49,26.37,50.72,0.0,0.46
1991-05-24,39.53,25.8,54.0,0.09,0.46
1991-05-25,40.81,25.95,49.36,0.2,0.46
1991-05-26,42.27,26.83,45.96,0.18,0.46
1991-05-27,39.7,27.69,51.49,2.03,0.46
1991-05-28,34.8,27.89,59.61,0.52,0.46
1991-05-29,36.91,26.32,59.09,0.8,0.46
1991-05-30,33.99,26.53,63.65,0.03,0.46
1991-05-31,36.1,26.48,55.9,1.0,0.46
1991-06-01,37.8,26.58,56.93,0.45,0.46
1991-06-02,36.96,26.93,64.18,8.87,0.47
1991-06-03,37.03,26.0,69.88,0.25,0.48
1991-06-04,34.11,26.22,65.27,0.27,0.47
1991-06-05,35.56,26.01,61.37,0.39,0.47
1991-06-06,33.18,26.41,66.01,0.03,0.47
1991-06-07,34.49,26.46,64.45,0.02,0.47
1991-06-08,32.56,26.81,67.64,0.86,0.47
1991-06-09,33.0,26.61,69.79,0.38,0.47
1991-06-10,32.65,26.32,72.19,1.46,0.47
1991-06-11,34.01,26.31,67.31,1.87,0.47
1991-06-12,35.14,25.16,61.59,0.26,0.47
1991-06-13,37.28,25.64,59.3,0.12,0.47
1991-06-14,37.99,26.48,59.87,0.21,0.47
1991-06-15,36.12,27.06,59.12,0.17,0.47
1991-06-16,37.28,26.41,61.28,1.55,0.47
1991-06-17,34.18,27.14,68.06,0.27,0.47
1991-06-18,34.78,26.51,68.95,5.33,0.47
1991-06-19,33.29,25.26,63.72,0.01,0.47
1991-06-20,38.27,25.5,56.52,0.0,0.47
1991-06-21,38.96,25.77,57.06,0.0,0.47
1991-06-22,35.77,26.88,56.94,0.02,0.47
1991-06-23,33.57,26.33,65.17,0.07,0.47
1991-06-24,36.39,27.49,60.48,0.16,0.47
1991-06-25,36.63,26.65,58.49,0.22,0.47
1991-06-26,33.16,26.5,68.79,0.04,0.46
1991-06-27,34.53,25.84,69.14,0.41,0.46
1991-06-28,32.85,26.17,68.7,0.07,0.46
1991-06-29,35.82,25.48,62.97,0.12,0.46
1991-06-30,36.17,25.8,61.92,0.01,0.46
1991-07-01,36.78,26.36,59.49,0.0,0.46
1991-07-02,37.54,25.91,57.79,0.05,0.46
1991-07-03,35.49,26.37,63.27,0.03,0.46
1991-07-04,34.47,26.02,65.68,0.57,0.46
1991-07-05,35.59,26.33,62.05,0.02,0.46
1991-07-06,36.63,26.02,60.28,0.1,0.46
1991-07-07,35.07,26.97,62.72,0.66,0.46
1991-07-08,35.64,25.96,59.49,0.01,0.46
1991-07-09,34.03,26.57,60.32,0.01,0.46
1991-07-10,36.03,26.66,58.83,0.22,0.46
1991-07-11,39.34,25.9,56.38,0.0,0.46
1991-07-12,37.91,26.2,58.78,0.0,0.46
1991-07-13,36.5,26.91,61.58,0.05,0.46
1991-07-14,34.98,26.86,61.46,0.64,0.46
1991-07-15,35.65,25.58,63.87,2.08,0.46
1991-07-16,32.86,25.65,68.44,0.04,0.47
1991-07-17,33.24,25.58,65.55,0.19,0.46
1991-07-18,34.0,25.15,63.33,0.05,0.46
1991-07-19,35.36,25.59,62.98,0.29,0.46
1991-07-20,36.78,25.99,62.04,0.04,0.46
1991-07-21,34.89,26.75,63.11,0.39,0.46
1991-07-22,35.77,26.25,60.3,0.03,0.46
1991-07-23,36.15,26.27,59.08,0.02,0.46
1991-07-24,33.39,26.04,63.01,0.12,0.46
1991-07-25,36.08,26.29,59.14,0.1,0.46
1991-07-26,36.84,26.43,59.83,0.12,0.46
1991-07-27,34.83,26.84,66.12,0.95,0.46
1991-07-28,32.25,25.77,73.84,5.34,0.47
1991-07-29,35.15,25.64,67.74,0.14,0.47
1991-07-30,34.0,26.22,64.78,0.24,0.47
1991-07-31,33.57,25.84,64.86,0.54,0.47
1991-08-01,32.65,25.26,77.11,8.29,0.47
1991-08-02,31.08,25.26,78.84,1.19,0.48
1991-08-03,33.27,23.87,75.31,6.82,0.49
1991-08-04,32.18,23.91,75.77,0.56,0.49
1991-08-05,34.11,24.94,69.43,0.04,0.49
1991-08-06,35.64,25.26,64.28,0.0,0.48
1991-08-07,37.81,25.02,60.58,0.01,0.48
1991-08-08,36.31,26.21,62.17,0.04,0.48
1991-08-09,36.44,25.89,65.97,0.17,0.48
1991-08-10,32.1,26.57,67.77,0.18,0.47
1991-08-11,33.21,26.53,64.66,0.04,0.47
1991-08-12,33.04,26.01,67.83,0.34,0.47
1991-08-13,33.95,25.78,68.51,0.3,0.47
1991-08-14,32.67,25.73,70.57,0.15,0.47
1991-08-15,34.61,24.39,65.85,0.33,0.47
1991-08-16,33.81,24.81,68.81,0.9,0.47
1991-08-17,34.54,24.71,66.19,0.02,0.47
1991-08-18,37.68,25.08,62.33,0.11,0.47
1991-08-19,38.94,26.2,58.83,0.13,0.47
1991-08-20,36.91,26.6,69.96,8.25,0.47
1991-08-21,34.64,25.68,72.81,0.73,0.48
1991-08-22,33.92,25.65,71.84,1.67,0.48
1991-08-23,33.51,25.53,75.48,2.62,0.48
1991-08-24,31.74,25.31,74.67,1.17,0.48
1991-08-25,32.02,25.56,74.63,0.02,0.48
1991-08-26,32.53,24.82,74.99,0.36,0.48
1991-08-27,35.44,24.2,71.27,0.41,0.48
1991-08-28,35.76,24.94,67.14,0.3,0.47
1991-08-29,35.0,25.29,72.89,2.26,0.47
1991-08-30,31.13,24.62,77.47,2.01,0.48
1991-08-31,35.92,24.32,64.99,0.03,0.48
1991-09-01,37.82,25.33,58.1,0.22,0.47
1991-09-02,37.13,25.07,58.27,0.04,0.47
1991-09-03,37.98,24.87,60.35,0.02,0.47
1991-09-04,35.73,25.91,64.46,0.54,0.47
1991-09-05,35.81,25.6,66.66,0.6,0.47
1991-09-06,34.87,25.69,68.21,2.22,0.47
1991-09-07,36.78,25.54,61.65,0.24,0.47
1991-09-08,36.92,25.17,61.76,0.0,0.47
1991-09-09,36.98,25.85,58.77,0.01,0.47
1991-09-10,37.54,25.61,59.17,0.0,0.47
1991-09-11,34.57,26.57,61.7,0.0,0.47
1991-09-12,37.16,26.21,61.54,0.0,0.47
1991-09-13,38.2,26.11,56.17,0.07,0.46
1991-09-14,34.37,26.4,62.22,0.33,0.46
1991-09-15,34.53,25.85,58.2,0.0,0.46
1991-09-16,35.68,26.71,55.36,0.12,0.46
1991-09-17,37.11,26.69,57.22,0.01,0.46
1991-09-18,37.44,25.42,55.84,0.08,0.46
1991-09-19,37.23,26.64,53.18,0.0,0.46
1991-09-20,31.87,27.54,61.9,0.11,0.46
1991-09-21,31.24,25.81,74.05,3.02,0.46
1991-09-22,35.54,24.65,63.78,0.22,0.47
1991-09-23,37.36,25.6,57.02,0.0,0.47
1991-09-24,38.54,24.73,57.6,0.03,0.46
1991-09-25,38.39,25.57,56.57,0.13,0.46
1991-09-26,39.62,25.45,54.59,0.0,0.46
1991-09-27,39.06,25.44,56.2,0.0,0.46
1991-09-28,39.62,25.86,55.37,0.0,0.46
1991-09-29,38.39,26.42,54.72,0.0,0.46
1991-09-30,36.19,26.92,55.38,0.01,0.46
1991-10-01,36.73,26.81,55.99,0.12,0.46
1991-10-02,35.84,26.33,57.54,0.27,0.46
1991-10-03,35.44,25.6,62.15,1.66,0.46
1991-10-04,37.32,25.69,57.53,0.04,0.46
1991-10-05,34.46,25.78,58.66,0.0,0.46
1991-10-06,35.9,25.32,57.54,0.0,0.46
1991-10-07,36.56,25.74,58.08,0.0,0.46
1991-10-08,36.42,26.22,57.36,0.01,0.46
1991-10-09,37.9,25.7,54.28,0.16,0.46
1991-10-10,36.31,26.46,56.2,0.0,0.46
1991-10-11,36.74,26.13,54.79,0.04,0.46
1991-10-12,35.92,25.66,63.51,0.19,0.46
1991-10-13,33.96,25.89,61.83,0.02,0.46
1991-10-14,35.58,25.27,58.66,0.1,0.46
1991-10-15,33.56,25.82,60.15,0.02,0.46
1991-10-16,38.73,24.15,54.03,0.0,0.46
1991-10-17,39.16,24.29,50.19,0.02,0.46
1991-10-18,36.93,25.02,52.37,0.0,0.46
1991-10-19,36.07,25.15,50.5,0.0,0.46
1991-10-20,36.19,24.13,53.03,0.0,0.46
1991-10-21,36.91,24.18,46.6,0.06,0.46
1991-10-22,35.98,25.27,49.57,0.0,0.46
1991-10-23,31.94,25.46,59.0,0.0,0.46
1991-10-24,34.63,24.42,54.41,0.01,0.46
1991-10-25,34.44,25.71,53.5,0.0,0.46
1991-10-26,34.83,25.01,53.5,0.03,0.46
1991-10-27,34.12,25.96,48.43,0.09,0.46
1991-10-28,33.85,25.64,53.59,0.0,0.46
1991-10-29,35.2,23.69,46.88,0.0,0.46
1991-10-30,34.46,24.91,52.66,0.0,0.46
1991-10-31,35.0,24.94,58.89,0.21,0.46
1991-11-01,33.17,24.82,68.37,1.09,0.46
1991-11-02,31.3,24.76,71.56,0.83,0.46
1991-11-03,31.02,24.01,76.35,3.62,0.46
1991-11-04,30.39,23.36,75.15,1.32,0.47
1991-11-05,33.79,23.39,67.58,0.34,0.47
1991-11-06,33.61,22.07,63.34,0.0,0.47
1991-11-07,34.41,22.97,54.22,0.0,0.47
1991-11-08,35.31,21.9,43.41,0.0,0.46
1991-11-09,35.86,21.55,40.47,0.0,0.46
1991-11-10,36.55,22.17,39.55,0.0,0.46
1991-11-11,35.12,24.17,47.48,0.05,0.46
1991-11-12,33.35,23.51,58.13,0.0,0.46
1991-11-13,33.51,24.35,55.89,0.0,0.46
1991-11-14,34.88,23.1,49.04,0.0,0.46
1991-11-15,31.96,24.14,58.14,0.0,0.46
1991-11-16,33.79,23.3,54.85,0.0,0.46
1991-11-17,34.24,22.51,52.49,0.0,0.46
1991-11-18,35.29,22.21,45.72,0.0,0.46
1991-11-19,34.88,22.12,50.38,0.0,0.46
1991-11-20,34.76,23.5,50.0,0.0,0.46
1991-11-21,33.62,22.29,50.51,0.0,0.46
1991-11-22,33.29,20.33,45.36,0.0,0.46
1991-11-23,34.06,21.3,40.87,0.0,0.46
1991-11-24,34.22,19.72,39.33,0.0,0.46
1991-11-25,34.24,18.19,35.94,0.0,0.46
1991-11-26,34.27,18.61,40.18,0.0,0.46
1991-11-27,32.94,17.98,43.82,0.0,0.46
1991-11-28,32.25,16.23,48.71,0.0,0.46
1991-11-29,32.02,16.05,48.52,0.0,0.46
1991-11-30,32.75,16.2,48.21,0.0,0.46
1991-12-01,31.07,15.0,38.89,0.0,0.46
1991-12-02,30.63,14.29,35.15,0.0,0.46
1991-12-03,30.84,14.88,34.3,0.0,0.46
1991-12-04,31.81,13.93,30.77,0.0,0.46
1991-12-05,31.49,14.24,29.4,0.0,0.46
1991-12-06,31.58,14.03,38.96,0.0,0.46
1991-12-07,31.64,15.24,32.91,0.0,0.46
1991-12-08,31.02,17.27,39.76,0.0,0.46
1991-12-09,30.18,20.11,50.81,0.0,0.46
1991-12-10,30.67,19.28,47.59,0.0,0.46
1991-12-11,32.23,17.66,43.86,0.0,0.46
1991-12-12,32.41,16.6,41.91,0.0,0.46
1991-12-13,32.79,17.2,39.92,0.0,0.46
1991-12-14,32.83,19.04,39.44,0.0,0.46
1991-12-15,32.41,18.38,37.46,0.0,0.46
1991-12-16,31.85,17.68,41.94,0.0,0.46
1991-12-17,31.09,16.52,43.29,0.0,0.46
1991-12-18,28.19,17.01,42.45,0.0,0.46
1991-12-19,30.3,17.08,35.55,0.0,0.46
1991-12-20,30.27,16.51,37.22,0.0,0.46
1991-12-21,28.96,16.04,40.6,0.0,0.46
1991-12-22,30.96,17.08,43.77,0.0,0.46
1991-12-23,30.65,15.98,52.28,0.0,0.46
1991-12-24,31.29,16.14,54.54,0.0,0.46
1991-12-25,32.17,14.86,57.91,0.01,0.46
1991-12-26,28.1,18.72,76.71,0.27,0.46
1991-12-27,31.47,18.86,58.44,0.39,0.46
1991-12-28,28.77,14.43,52.0,0.0,0.46
1991-12-29,27.92,11.68,49.4,0.0,0.46
1991-12-30,28.01,10.75,46.69,0.0,0.46
1991-12-31,27.98,10.41,39.39,0.0,0.46
1992-01-01,30.14,12.09,32.49,0.0,0.46
1992-01-02,29.08,14.94,38.7,0.0,0.46
1992-01-03,28.97,12.96,40.37,0.0,0.46
1992-01-04,28.2,11.63,37.97,0.0,0.46
1992-01-05,28.76,10.37,29.49,0.0,0.46
1992-01-06,27.74,11.55,62.95,0.0,0.46
1992-01-07,27.87,12.24,56.22,0.0,0.46
1992-01-08,28.75,12.51,53.33,0.0,0.46
1992-01-09,29.65,14.09,49.23,0.0,0.46
1992-01-10,30.02,12.66,36.65,0.0,0.46
1992-01-11,30.41,14.07,39.76,0.0,0.46
1992-01-12,30.41,13.07,52.61,0.0,0.46
1992-01-13,29.03,12.64,47.84,0.0,0.46
1992-01-14,30.88,13.03,33.12,0.0,0.46
1992-01-15,30.64,14.27,50.62,0.0,0.46
1992-01-16,30.54,12.42,57.85,0.0,0.46
1992-01-17,30.82,12.82,59.88,0.0,0.46
1992-01-18,30.86,13.63,51.26,0.0,0.46
1992-01-19,31.17,13.23,45.83,0.0,0.46
1992-01-20,30.1,13.51,52.79,0.0,0.46
1992-01-21,29.6,14.45,51.11,0.0,0.46
1992-01-22,30.72,15.39,49.8,0.0,0.46
1992-01-23,30.13,13.9,48.41,0.0,0.46
1992-01-24,29.71,12.98,38.73,0.0,0.46
1992-01-25,30.09,13.45,35.18,0.0,0.46
1992-01-26,30.8,13.81,30.4,0.0,0.46
1992-01-27,31.29,15.67,29.63,0.0,0.46
1992-01-28,31.86,14.97,44.62,0.0,0.46
1992-01-29,32.08,14.28,42.0,0.0,0.46
1992-01-30,32.44,14.22,32.54,0.0,0.46
1992-01-31,32.53,14.22,41.68,0.0,0.46
1992-02-01,31.28,13.36,58.76,0.06,0.46
1992-02-02,30.98,15.19,58.61,0.0,0.46
1992-02-03,31.49,15.92,62.78,0.01,0.46
1992-02-04,31.14,16.35,55.01,0.0,0.46
1992-02-05,30.96,15.22,40.51,0.0,0.46
1992-02-06,30.81,13.98,32.87,0.0,0.46
1992-02-07,30.84,12.94,28.75,0.0,0.46
1992-02-08,33.39,14.63,49.61,0.0,0.46
1992-02-09,31.62,17.6,63.67,0.0,0.46
1992-02-10,31.08,17.76,60.15,0.01,0.46
1992-02-11,31.55,15.89,52.88,0.0,0.46
1992-02-12,30.58,14.97,41.01,0.0,0.46
1992-02-13,30.8,12.64,33.89,0.0,0.46
1992-02-14,32.17,12.93,42.2,0.0,0.46
1992-02-15,32.34,14.41,58.6,0.0,0.46
1992-02-16,32.27,18.32,64.6,0.04,0.46
1992-02-17,32.44,17.44,62.37,0.0,0.46
1992-02-18,32.74,17.36,65.29,0.04,0.46
1992-02-19,31.24,16.92,53.1,0.0,0.46
1992-02-20,32.14,15.74,38.1,0.0,0.46
1992-02-21,32.76,14.81,32.39,0.0,0.46
1992-02-22,33.63,15.38,54.66,0.0,0.46
1992-02-23,33.79,17.67,56.72,0.01,0.46
1992-02-24,34.72,18.17,50.86,0.05,0.46
1992-02-25,31.86,17.51,51.93,1.27,0.46
1992-02-26,27.49,16.63,52.26,0.43,0.46
1992-02-27,30.55,16.59,34.17,0.0,0.46
1992-02-28,32.18,14.43,42.6,0.0,0.46
1992-02-29,34.08,15.49,48.1,0.0,0.46
1992-03-01,34.1,16.18,50.22,0.0,0.46
1992-03-02,35.31,17.74,55.22,0.0,0.46
1992-03-03,34.69,17.57,52.33,0.0,0.46
1992-03-04,35.68,15.54,48.9,0.0,0.46
1992-03-05,35.42,16.46,50.41,0.0,0.46
1992-03-06,36.94,16.7,48.98,0.0,0.46
1992-03-07,37.09,17.33,51.86,0.0,0.46
1992-03-08,36.54,18.75,55.04,0.0,0.46
1992-03-09,35.68,17.93,53.38,0.0,0.46
1992-03-10,35.25,18.73,51.32,0.0,0.46
1992-03-11,36.69,18.74,48.67,0.0,0.46
1992-03-12,36.44,19.51,49.2,0.0,0.46
1992-03-13,36.88,19.21,43.52,0.0,0.46
1992-03-14,38.39,19.32,45.99,0.0,0.46
1992-03-15,39.46,20.11,47.81,0.0,0.46
1992-03-16,38.31,18.9,50.99,0.0,0.46
1992-03-17,37.8,18.81,54.46,0.0,0.46
1992-03-18,38.02,19.95,55.73,0.0,0.46
1992-03-19,38.24,19.81,51.59,0.0,0.46
1992-03-20,38.9,19.01,47.19,0.0,0.46
1992-03-21,40.05,19.13,46.4,0.0,0.46
1992-03-22,41.08,19.48,45.98,0.0,0.46
1992-03-23,41.7,20.12,50.04,0.0,0.46
1992-03-24,40.87,20.72,52.18,0.0,0.46
1992-03-25,39.17,21.15,53.83,0.0,0.46
1992-03-26,40.87,20.82,50.84,0.0,0.46
1992-03-27,41.29,21.38,42.11,0.0,0.46
1992-03-28,41.45,21.98,40.24,0.0,0.46
1992-03-29,41.75,21.65,44.24,0.0,0.46
1992-03-30,40.0,21.5,47.17,0.0,0.46
1992-03-31,40.09,23.61,46.5,2.82,0.46
1992-04-01,40.87,22.71,48.35,0.0,0.46
1992-04-02,39.06,21.81,44.91,0.0,0.46
1992-04-03,39.46,22.39,43.24,0.0,0.46
1992-04-04,40.34,21.87,45.3,0.0,0.46
1992-04-05,39.49,22.77,45.31,0.0,0.46
1992-04-06,40.27,23.17,47.74,0.0,0.46
1992-04-07,40.3,23.9,51.46,0.0,0.46
1992-04-08,40.09,23.04,53.85,0.0,0.46
1992-04-09,39.83,23.27,52.76,0.0,0.46
1992-04-10,41.33,23.25,47.87,0.0,0.46
1992-04-11,42.09,23.26,45.6,0.0,0.46
1992-04-12,41.98,23.42,46.62,0.0,0.46
1992-04-13,42.25,23.43,49.02,0.0,0.46
1992-04-14,42.33,23.92,49.65,0.0,0.46
1992-04-15,42.1,24.36,49.36,0.07,0.46
1992-04-16,39.76,25.01,54.04,1.1,0.46
1992-04-17,40.54,25.48,51.3,0.0,0.46
1992-04-18,40.44,24.5,48.72,0.0,0.46
1992-04-19,39.77,24.85,45.39,0.0,0.46
1992-04-20,41.28,22.94,43.8,0.0,0.46
1992-04-21,42.29,23.36,41.72,0.0,0.46
1992-04-22,42.4,24.53,45.21,0.0,0.46
1992-04-23,40.35,23.62,46.77,0.0,0.46
1992-04-24,37.51,25.12,47.46,0.0,0.46
1992-04-25,37.11,25.68,48.86,0.09,0.46
1992-04-26,37.43,25.45,48.93,0.0,0.46
1992-04-27,39.97,25.25,42.56,0.0,0.46
1992-04-28,30.87,25.53,49.46,0.01,0.46
1992-04-29,39.83,23.29,44.82,0.83,0.46
1992-04-30,41.35,23.88,43.86,0.0,0.46
1992-05-01,40.41,24.06,44.48,0.0,0.46
1992-05-02,38.73,24.84,49.4,0.01,0.46
1992-05-03,37.0,23.6,53.01,0.16,0.46
1992-05-04,40.43,23.63,45.88,0.0,0.46
1992-05-05,41.11,24.36,46.51,0.0,0.46
1992-05-06,40.66,25.03,49.23,0.0,0.46
1992-05-07,41.02,25.18,48.86,0.0,0.46
1992-05-08,40.79,25.48,47.01,0.0,0.46
1992-05-09,42.01,25.1,44.02,0.0,0.46
1992-05-10,42.15,26.34,38.77,0.0,0.46
1992-05-11,43.47,26.81,39.63,0.0,0.46
1992-05-12,42.99,27.79,43.75,0.18,0.46
1992-05-13,42.83,27.08,40.51,0.17,0.46
1992-05-14,42.9,27.43,42.9,0.0,0.46
1992-05-15,39.16,27.37,49.49,0.0,0.46
1992-05-16,38.41,27.3,53.7,0.01,0.46
1992-05-17,39.82,26.42,50.5,0.57,0.46
1992-05-18,30.75,25.94,71.84,4.56,0.46
1992-05-19,30.86,25.61,76.43,7.44,0.47
1992-05-20,33.49,25.52,71.2,2.1,0.48
1992-05-21,34.0,24.4,71.07,20.28,0.51
1992-05-22,31.94,24.58,73.46,4.36,0.51
1992-05-23,32.6,24.27,68.7,0.12,0.51
1992-05-24,35.43,24.35,61.86,0.17,0.51
1992-05-25,34.75,23.55,63.37,5.42,0.51
1992-05-26,34.72,24.35,61.6,0.31,0.51
1992-05-27,33.56,24.78,69.41,2.95,0.51
1992-05-28,36.65,24.98,60.58,0.02,0.5
1992-05-29,36.0,24.94,61.64,0.0,0.5
1992-05-30,35.25,25.52,65.95,0.0,0.5
1992-05-31,36.99,25.43,63.19,0.03,0.49
1992-06-01,36.82,25.8,63.32,2.94,0.49
1992-06-02,40.41,25.81,57.99,0.06,0.49
1992-06-03,37.81,25.99,62.44,8.46,0.49
1992-06-04,37.42,25.77,62.35,0.67,0.49
1992-06-05,35.22,26.25,70.93,10.04,0.5
1992-06-06,31.31,25.13,76.81,11.76,0.52
1992-06-07,34.08,24.31,75.19,15.26,0.54
1992-06-08,35.96,24.77,66.35,0.35,0.54
1992-06-09,35.38,25.72,68.68,1.97,0.53
1992-06-10,33.47,25.9,70.5,1.04,0.53
1992-06-11,33.76,25.44,69.26,0.0,0.53
1992-06-12,33.7,25.26,69.76,0.05,0.52
1992-06-13,35.5,25.9,70.18,0.7,0.52
1992-06-14,33.55,25.39,72.96,0.94,0.52
1992-06-15,32.87,25.1,78.9,1.56,0.52
1992-06-16,32.71,25.8,75.1,0.47,0.52
1992-06-17,34.33,25.51,75.84,2.08,0.51
1992-06-18,34.31,25.12,74.1,1.55,0.51
1992-06-19,35.16,25.31,73.23,0.32,0.51
1992-06-20,34.57,25.46,70.33,0.03,0.51
1992-06-21,33.97,24.95,71.98,0.31,0.51
1992-06-22,33.4,25.42,74.63,1.32,0.5
1992-06-23,31.45,25.5,76.61,1.68,0.5
1992-06-24,34.32,25.1,72.8,6.94,0.51
1992-06-25,34.16,25.65,71.87,1.89,0.51
1992-06-26,31.01,25.34,77.77,1.98,0.51
1992-06-27,32.62,24.57,74.78,2.0,0.51
1992-06-28,31.67,24.77,73.91,0.86,0.51
1992-06-29,34.96,23.55,71.71,1.13,0.51
1992-06-30,36.39,25.24,68.96,0.63,0.5
1992-07-01,33.92,25.57,74.58,2.94,0.5
1992-07-02,32.84,25.72,77.47,2.19,0.5
1992-07-03,34.31,25.52,71.26,2.1,0.5
1992-07-04,34.05,25.42,71.42,1.0,0.5
1992-07-05,33.23,25.13,75.99,3.36,0.5
1992-07-06,30.19,24.82,81.43,6.14,0.51
1992-07-07,33.27,24.78,76.13,2.3,0.51
1992-07-08,30.35,24.11,80.48,2.0,0.51
1992-07-09,33.67,24.31,74.63,3.47,0.51
1992-07-10,31.61,24.03,77.83,1.01,0.51
1992-07-11,33.77,24.23,74.06,1.75,0.51
1992-07-12,34.68,24.47,69.4,0.99,0.51
1992-07-13,33.3,24.74,69.87,0.06,0.5
1992-07-14,34.45,24.89,70.48,2.92,0.5
1992-07-15,32.16,24.93,78.05,2.37,0.5
1992-07-16,33.02,23.9,74.04,0.6,0.5
1992-07-17,34.42,23.3,69.76,0.19,0.5
1992-07-18,34.29,24.81,68.78,0.49,0.5
1992-07-19,33.7,24.05,73.78,3.89,0.5
1992-07-20,34.35,24.49,72.87,2.05,0.5
1992-07-21,34.57,24.74,70.21,1.26,0.5
1992-07-22,33.59,24.99,71.0,1.27,0.5
1992-07-23,34.23,24.81,74.63,11.87,0.5
1992-07-24,30.11,25.7,82.22,1.35,0.51
1992-07-25,32.87,25.01,80.32,2.32,0.51
1992-07-26,31.43,25.08,81.42,0.93,0.51
1992-07-27,31.65,24.82,75.92,0.23,0.51
1992-07-28,30.03,24.39,83.71,1.49,0.51
1992-07-29,32.63,24.04,75.27,6.02,0.51
1992-07-30,32.73,24.32,77.24,7.01,0.52
1992-07-31,33.3,24.56,81.75,4.63,0.52
1992-08-01,33.09,23.4,73.66,0.16,0.52
1992-08-02,33.81,24.98,71.99,0.06,0.52
1992-08-03,33.1,24.65,72.79,0.17,0.52
1992-08-04,34.84,24.06,72.31,5.48,0.52
1992-08-05,31.4,24.68,80.3,18.87,0.54
1992-08-06,29.04,23.24,84.76,10.85,0.56
1992-08-07,30.43,22.63,81.13,1.95,0.56
1992-08-08,32.32,24.53,76.44,0.02,0.55
1992-08-09,34.66,24.25,69.68,0.06,0.55
1992-08-10,34.98,24.01,73.03,1.7,0.54
1992-08-11,29.81,25.33,85.58,5.47,0.55
1992-08-12,32.98,24.89,77.69,0.8,0.55
1992-08-13,33.57,24.54,75.96,0.15,0.54
1992-08-14,32.77,24.34,78.32,0.61,0.54
1992-08-15,29.95,24.26,87.08,9.85,0.55
1992-08-16,31.67,23.81,81.77,3.66,0.56
1992-08-17,33.67,23.92,74.97,0.66,0.55
1992-08-18,33.73,24.37,75.44,2.34,0.55
1992-08-19,34.4,24.39,74.99,4.31,0.55
1992-08-20,33.49,24.11,76.73,5.81,0.55
1992-08-21,34.34,23.87,73.17,0.23,0.55
1992-08-22,35.17,23.83,70.17,0.03,0.54
1992-08-23,34.99,24.35,70.67,0.73,0.54
1992-08-24,35.69,24.85,69.32,0.48,0.53
1992-08-25,32.64,25.22,75.67,1.69,0.53
1992-08-26,34.7,24.07,75.15,2.72,0.53
1992-08-27,34.91,24.5,71.29,0.07,0.53
1992-08-28,35.8,24.67,69.62,0.0,0.52
1992-08-29,37.17,25.92,65.63,0.0,0.52
1992-08-30,34.94,26.82,68.43,0.36,0.51
1992-08-31,34.46,25.23,74.98,8.11,0.51
1992-09-01,31.94,25.26,77.52,0.03,0.52
1992-09-02,31.29,24.82,78.09,0.32,0.52
1992-09-03,33.55,23.99,72.72,0.74,0.52
1992-09-04,36.05,23.91,66.94,0.07,0.51
1992-09-05,34.43,24.19,68.82,0.18,0.51
1992-09-06,36.33,24.46,72.72,0.01,0.5
1992-09-07,34.81,24.8,71.4,0.09,0.5
1992-09-08,34.65,24.84,68.79,0.17,0.5
1992-09-09,33.59,24.99,71.86,0.64,0.5
1992-09-10,31.51,24.66,80.09,3.4,0.5
1992-09-11,30.17,23.97,76.55,2.15,0.5
1992-09-12,34.78,23.29,69.33,0.7,0.5
1992-09-13,33.97,22.71,73.5,6.0,0.5
1992-09-14,34.59,23.68,74.33,15.87,0.51
1992-09-15,34.45,23.59,72.44,3.23,0.52
1992-09-16,32.37,24.05,79.85,7.27,0.53
1992-09-17,33.31,23.76,74.26,1.18,0.53
1992-09-18,34.03,24.26,70.56,0.97,0.52
1992-09-19,33.77,24.53,71.38,0.46,0.52
1992-09-20,32.3,25.39,80.75,4.41,0.52
1992-09-21,35.55,24.99,70.01,0.51,0.52
1992-09-22,32.41,25.31,77.67,0.29,0.52
1992-09-23,34.32,24.03,74.03,2.04,0.51
1992-09-24,33.85,24.27,75.1,1.03,0.51
1992-09-25,33.45,24.27,73.34,0.18,0.51
1992-09-26,35.08,24.05,67.39,0.01,0.51
1992-09-27,35.25,24.84,65.58,0.08,0.5
1992-09-28,34.04,24.91,67.08,1.48,0.5
1992-09-29,35.39,25.09,65.22,0.0,0.5
1992-09-30,33.99,25.19,65.65,0.0,0.5
1992-10-01,35.17,24.37,65.21,0.01,0.49
1992-10-02,34.75,24.63,65.97,0.01,0.49
1992-10-03,35.34,24.32,64.52,0.02,0.49
1992-10-04,33.26,24.78,65.08,0.0,0.49
1992-10-05,30.89,25.12,68.61,0.0,0.48
1992-10-06,35.44,24.4,58.69,0.0,0.48
1992-10-07,35.38,25.22,58.69,0.0,0.48
1992-10-08,36.53,24.78,58.85,0.0,0.48
1992-10-09,38.43,25.11,54.48,0.06,0.48
1992-10-10,36.79,25.57,61.91,1.91,0.48
1992-10-11,36.37,24.85,61.88,0.0,0.47
1992-10-12,36.68,25.44,60.3,0.0,0.47
1992-10-13,36.26,25.26,61.69,0.13,0.47
1992-10-14,34.96,24.79,69.97,1.35,0.47
1992-10-15,29.88,24.1,84.19,2.63,0.47
1992-10-16,29.05,22.66,80.53,2.8,0.48
1992-10-17,28.32,21.56,78.61,1.92,0.48
1992-10-18,28.86,19.93,74.65,0.9,0.48
1992-10-19,33.03,20.01,67.31,0.03,0.48
1992-10-20,33.84,21.14,66.73,0.89,0.47
1992-10-21,31.65,22.44,73.05,0.56,0.47
1992-10-22,30.72,24.36,74.05,0.2,0.47
1992-10-23,35.67,23.32,63.71,0.92,0.47
1992-10-24,34.69,21.5,61.1,1.93,0.47
1992-10-25,33.55,20.79,63.27,4.83,0.48
1992-10-26,33.9,21.44,61.07,0.01,0.47
1992-10-27,31.53,22.87,65.86,0.02,0.47
1992-10-28,35.47,23.21,54.26,0.12,0.47
1992-10-29,36.72,22.03,50.54,0.0,0.47
1992-10-30,36.39,22.26,53.86,0.0,0.47
1992-10-31,34.15,23.84,56.73,0.0,0.47
1992-11-01,35.28,24.35,50.18,0.0,0.47
1992-11-02,33.1,24.74,55.88,0.0,0.46
1992-11-03,32.21,23.6,55.82,0.0,0.46
1992-11-04,35.1,23.15,48.64,0.0,0.46
1992-11-05,36.33,23.19,48.47,0.0,0.46
1992-11-06,36.65,24.49,46.6,0.0,0.46
1992-11-07,35.97,23.81,50.35,0.0,0.46
1992-11-08,35.61,23.06,50.83,0.0,0.46
1992-11-09,29.8,20.24,54.24,0.01,0.46
1992-11-10,23.81,17.29,51.1,0.0,0.46
1992-11-11,31.47,19.34,42.46,0.0,0.46
1992-11-12,32.53,17.84,43.46,0.0,0.46
1992-11-13,33.39,17.68,42.02,0.0,0.46
1992-11-14,33.04,17.88,38.8,0.0,0.46
1992-11-15,32.87,16.93,37.5,0.0,0.46
1992-11-16,33.58,19.79,46.37,0.0,0.46
1992-11-17,31.53,22.47,60.25,0.0,0.46
1992-11-18,33.44,22.72,55.68,0.0,0.46
1992-11-19,33.0,23.17,48.41,0.0,0.46
1992-11-20,33.41,22.89,53.13,0.0,0.46
1992-11-21,31.95,22.65,57.35,0.01,0.46
1992-11-22,33.19,22.3,58.52,0.0,0.46
1992-11-23,34.28,21.2,57.07,0.0,0.46
1992-11-24,34.83,19.3,52.94,0.18,0.46
1992-11-25,33.82,18.08,53.23,0.1,0.46
1992-11-26,33.08,20.7,48.65,0.23,0.46
1992-11-27,24.51,20.44,68.32,0.06,0.46
1992-11-28,30.88,19.57,53.35,0.0,0.46
1992-11-29,31.18,18.85,46.49,0.0,0.46
1992-11-30,30.89,18.08,48.38,0.0,0.46
1992-12-01,31.13,17.07,49.18,0.0,0.46
1992-12-02,30.12,16.43,48.42,0.07,0.46
1992-12-03,29.87,14.72,47.84,0.0,0.46
1992-12-04,30.7,14.82,42.98,0.0,0.46
1992-12-05,30.8,14.73,45.2,0.0,0.46
1992-12-06,30.72,15.03,42.62,0.0,0.46
1992-12-07,30.92,13.69,38.47,0.0,0.46
1992-12-08,30.82,13.0,32.54,0.0,0.46
1992-12-09,30.94,13.17,34.7,0.0,0.46
1992-12-10,31.62,16.7,34.92,0.0,0.46
1992-12-11,31.06,13.58,36.17,0.0,0.46
1992-12-12,31.61,14.09,31.97,0.0,0.46
1992-12-13,31.09,14.95,42.11,0.0,0.46
1992-12-14,31.55,15.32,34.05,0.0,0.46
1992-12-15,31.73,14.48,34.91,0.0,0.46
1992-12-16,32.67,15.28,31.51,0.0,0.46
1992-12-17,31.78,15.37,41.99,0.0,0.46
1992-12-18,31.28,15.77,46.34,0.0,0.46
1992-12-19,31.06,14.95,37.9,0.0,0.46
1992-12-20,30.87,14.2,33.33,0.0,0.46
1992-12-21,30.92,12.67,28.18,0.0,0.46
1992-12-22,31.84,13.42,31.3,0.0,0.46
1992-12-23,28.64,13.11,56.64,20.51,0.49
1992-12-24,28.53,12.63,60.95,6.92,0.5
1992-12-25,27.98,14.12,67.2,0.0,0.5
1992-12-26,28.47,13.87,59.98,0.0,0.5
1992-12-27,28.16,14.22,60.27,0.0,0.5
1992-12-28,28.64,14.37,52.45,0.0,0.49
1992-12-29,28.26,11.52,52.24,0.0,0.49
1992-12-30,27.99,11.28,49.73,0.0,0.49
1992-12-31,28.47,11.06,43.67,0.0,0.49
1993-01-01,29.05,11.53,41.24,0.0,0.48
1993-01-02,30.11,13.89,46.33,0.0,0.48
1993-01-03,30.61,14.39,61.5,0.0,0.48
1993-01-04,30.13,15.03,57.12,0.0,0.48
1993-01-05,30.6,14.97,50.9,0.0,0.48
1993-01-06,29.67,14.45,53.34,0.0,0.48
1993-01-07,30.26,15.45,53.17,0.0,0.47
1993-01-08,31.52,15.34,48.65,0.0,0.47
1993-01-09,31.83,17.23,49.33,0.0,0.47
1993-01-10,31.77,16.4,56.24,0.0,0.47
1993-01-11,31.09,15.22,56.24,0.0,0.47
1993-01-12,32.24,16.42,60.84,0.0,0.47
1993-01-13,32.29,16.91,62.85,0.0,0.47
1993-01-14,31.87,17.58,64.45,0.02,0.47
1993-01-15,29.96,15.85,49.6,0.0,0.46
1993-01-16,31.11,12.32,30.56,0.0,0.46
1993-01-17,31.15,11.74,29.33,0.0,0.46
1993-01-18,29.7,13.0,37.43,0.0,0.46
1993-01-19,29.98,12.71,30.11,0.0,0.46
1993-01-20,29.93,12.92,37.25,0.0,0.46
1993-01-21,30.38,12.42,33.96,0.0,0.46
1993-01-22,30.01,12.48,35.26,0.0,0.46
1993-01-23,29.29,11.78,36.19,0.0,0.46
1993-01-24,29.15,11.09,30.22,0.0,0.46
1993-01-25,29.56,10.77,31.2,0.0,0.46
1993-01-26,29.43,11.87,33.78,0.0,0.46
1993-01-27,29.93,11.95,34.58,0.0,0.46
1993-01-28,28.96,13.65,45.45,0.0,0.46
1993-01-29,29.74,15.14,44.57,0.0,0.46
1993-01-30,30.36,16.17,43.28,0.0,0.46
1993-01-31,31.02,15.68,49.72,0.0,0.46
1993-02-01,31.64,17.52,45.89,0.0,0.46
1993-02-02,31.83,17.94,36.82,0.0,0.46
1993-02-03,32.0,15.51,32.81,0.0,0.46
1993-02-04,32.36,14.88,31.75,0.0,0.46
1993-02-05,32.48,15.57,29.76,0.0,0.46
1993-02-06,32.97,15.28,30.87,0.0,0.46
1993-02-07,33.33,14.7,34.34,0.0,0.46
1993-02-08,33.73,16.5,28.55,0.0,0.46
1993-02-09,34.25,16.43,33.1,0.0,0.46
1993-02-10,34.67,18.03,31.12,0.0,0.46
1993-02-11,35.35,16.67,27.94,0.0,0.46
1993-02-12,35.21,16.2,31.58,0.0,0.46
1993-02-13,34.87,15.98,38.68,0.0,0.46
1993-02-14,34.43,16.43,57.47,0.0,0.46
1993-02-15,34.37,17.98,57.85,0.0,0.46
1993-02-16,34.44,18.21,57.31,0.0,0.46
1993-02-17,34.87,16.98,60.43,0.0,0.46
1993-02-18,35.37,16.5,58.6,0.0,0.46
1993-02-19,34.51,16.16,59.56,0.0,0.46
1993-02-20,34.09,15.36,61.94,0.04,0.46
1993-02-21,33.71,17.38,62.25,0.05,0.46
1993-02-22,32.66,17.89,64.16,0.27,0.46
1993-02-23,32.56,18.01,49.12,0.0,0.46
1993-02-24,32.52,14.8,29.44,0.0,0.46
1993-02-25,33.85,14.3,25.71,0.0,0.46
1993-02-26,35.25,15.21,28.26,0.0,0.46
1993-02-27,35.28,15.59,28.18,0.0,0.46
1993-02-28,36.44,16.23,29.78,0.0,0.46
1993-03-01,36.51,18.17,42.75,0.0,0.46
1993-03-02,37.34,18.0,36.66,0.0,0.46
1993-03-03,36.83,17.37,35.93,0.0,0.46
1993-03-04,36.49,18.0,36.85,0.0,0.46
1993-03-05,37.6,19.17,30.47,0.0,0.46
1993-03-06,36.74,18.43,23.98,0.0,0.46
1993-03-07,37.13,17.25,20.45,0.0,0.46
1993-03-08,38.19,19.28,24.41,0.01,0.46
1993-03-09,38.6,20.36,29.34,0.04,0.46
1993-03-10,39.09,21.39,31.13,0.01,0.46
1993-03-11,38.07,21.49,37.34,0.19,0.46
1993-03-12,38.47,20.8,35.1,0.0,0.46
1993-03-13,37.17,18.69,48.79,0.0,0.46
1993-03-14,37.97,19.73,42.69,0.0,0.46
1993-03-15,38.35,19.02,48.26,0.0,0.46
1993-03-16,38.17,19.95,52.58,0.0,0.46
1993-03-17,38.49,21.29,51.99,0.0,0.46
1993-03-18,38.33,21.0,48.12,0.0,0.46
1993-03-19,36.98,19.59,43.36,0.0,0.46
1993-03-20,37.06,17.26,38.64,0.0,0.46
1993-03-21,37.36,18.07,40.26,0.0,0.46
1993-03-22,37.74,19.9,40.94,0.03,0.46
1993-03-23,36.33,20.45,51.79,0.31,0.46
1993-03-24,32.51,21.26,61.11,0.0,0.46
1993-03-25,38.53,21.25,55.08,0.01,0.46
1993-03-26,38.82,20.78,51.77,0.0,0.46
1993-03-27,38.34,21.27,55.18,0.05,0.46
1993-03-28,38.09,21.39,49.06,0.0,0.46
1993-03-29,38.52,21.73,27.47,0.0,0.46
1993-03-30,38.57,20.36,18.86,0.0,0.46
1993-03-31,39.55,19.7,17.85,0.0,0.46
1993-04-01,39.4,20.86,18.13,0.0,0.46
1993-04-02,40.62,21.02,19.85,0.0,0.46
1993-04-03,41.13,20.38,35.6,0.0,0.46
1993-04-04,40.39,20.94,38.1,0.0,0.46
1993-04-05,41.46,21.58,29.6,0.0,0.46
1993-04-06,41.85,21.87,28.39,0.0,0.46
1993-04-07,42.04,22.97,28.96,0.0,0.46
1993-04-08,41.89,23.1,39.71,0.0,0.46
1993-04-09,40.17,23.59,44.47,0.0,0.46
1993-04-10,39.76,21.4,47.91,0.0,0.46
1993-04-11,39.95,21.34,44.34,0.0,0.46
1993-04-12,37.85,23.01,43.14,0.01,0.46
1993-04-13,38.39,23.55,40.75,0.0,0.46
1993-04-14,38.63,22.84,40.76,0.0,0.46
1993-04-15,39.91,22.72,40.07,0.0,0.46
1993-04-16,40.19,23.46,44.95,0.0,0.46
1993-04-17,40.12,23.88,44.85,0.0,0.46
1993-04-18,40.53,24.72,44.5,0.0,0.46
1993-04-19,41.34,24.4,43.77,0.0,0.46
1993-04-20,41.37,24.37,39.98,0.0,0.46
1993-04-21,41.62,24.53,43.17,0.16,0.46
1993-04-22,40.9,25.71,42.21,0.14,0.46
1993-04-23,40.6,25.16,43.53,0.0,0.46
1993-04-24,40.97,25.41,41.49,0.0,0.46
1993-04-25,40.49,26.18,43.52,0.0,0.46
1993-04-26,40.57,26.17,46.43,0.0,0.46
1993-04-27,39.84,24.92,51.68,0.0,0.46
1993-04-28,39.04,24.38,52.95,0.0,0.46
1993-04-29,34.97,25.69,57.61,0.0,0.46
1993-04-30,34.1,25.85,59.72,0.0,0.46
1993-05-01,33.56,25.68,52.33,0.0,0.46
1993-05-02,36.15,25.11,56.87,0.0,0.46
1993-05-03,35.38,25.58,59.83,0.01,0.46
1993-05-04,38.7,25.63,55.7,0.02,0.46
1993-05-05,37.48,25.56,56.37,0.43,0.46
1993-05-06,39.29,25.86,52.42,0.01,0.46
1993-05-07,37.53,25.93,50.58,0.04,0.46
1993-05-08,37.89,25.27,54.01,0.01,0.46
1993-05-09,39.34,25.9,54.28,0.02,0.46
1993-05-10,39.5,25.1,54.65,0.02,0.46
1993-05-11,38.82,25.66,54.44,0.0,0.46
1993-05-12,36.2,25.93,55.27,0.0,0.46
1993-05-13,36.9,25.52,50.84,0.0,0.46
1993-05-14,39.18,25.68,49.35,0.0,0.46
1993-05-15,36.81,25.88,50.13,0.0,0.46
1993-05-16,39.01,24.49,52.09,0.02,0.46
1993-05-17,40.36,24.1,47.19,0.04,0.46
1993-05-18,39.42,25.45,50.1,0.0,0.46
1993-05-19,40.85,25.45,44.5,0.0,0.46
1993-05-20,41.96,26.82,39.15,0.0,0.46
1993-05-21,38.52,27.27,48.39,0.0,0.46
1993-05-22,32.07,25.81,60.03,0.03,0.46
1993-05-23,38.13,26.31,54.35,0.0,0.46
1993-05-24,37.61,25.49,54.19,1.77,0.46
1993-05-25,39.91,26.15,48.1,0.06,0.46
1993-05-26,38.17,28.71,48.83,0.0,0.46
1993-05-27,32.66,26.94,63.76,0.0,0.46
1993-05-28,30.32,25.52,75.55,0.07,0.46
1993-05-29,32.99,26.22,68.55,0.47,0.46
1993-05-30,35.76,25.85,64.91,1.67,0.46
1993-05-31,34.44,26.41,65.7,0.82,0.46
1993-06-01,35.75,26.18,58.78,0.04,0.46
1993-06-02,35.14,25.95,56.7,0.16,0.46
1993-06-03,36.82,25.62,55.85,0.0,0.46
1993-06-04,36.81,26.79,51.27,0.01,0.46
1993-06-05,35.45,26.49,54.85,0.0,0.46
1993-06-06,37.74,26.27,55.77,0.0,0.46
1993-06-07,38.09,26.83,50.75,0.0,0.46
1993-06-08,39.7,27.7,46.21,0.01,0.46
1993-06-09,39.15,28.09,51.84,0.04,0.46
1993-06-10,36.38,28.11,57.86,0.28,0.46
1993-06-11,31.85,25.88,72.5,7.06,0.47
1993-06-12,30.9,25.17,81.17,5.12,0.48
1993-06-13,32.66,24.7,77.1,6.3,0.49
1993-06-14,33.18,24.92,75.97,6.57,0.49
1993-06-15,34.0,24.97,72.64,3.4,0.5
1993-06-16,34.19,24.94,69.64,0.17,0.49
1993-06-17,32.27,25.53,75.79,0.86,0.49
1993-06-18,32.17,25.1,77.49,3.62,0.49
1993-06-19,31.01,25.92,79.59,2.45,0.49
1993-06-20,34.09,25.24,70.38,0.36,0.49
1993-06-21,32.9,25.62,71.26,0.07,0.49
1993-06-22,35.86,25.47,65.82,0.14,0.49
1993-06-23,35.01,25.37,66.3,0.01,0.48
1993-06-24,31.63,25.34,71.6,0.11,0.48
1993-06-25,33.94,25.46,65.77,0.0,0.48
1993-06-26,38.35,24.53,59.35,0.0,0.48
1993-06-27,39.85,25.67,56.36,0.0,0.47
1993-06-28,39.62,26.78,58.07,0.05,0.47
1993-06-29,36.35,27.32,61.26,0.15,0.47
1993-06-30,33.38,26.5,64.48,0.45,0.47
1993-07-01,36.96,25.19,60.41,0.13,0.47
1993-07-02,37.13,26.59,60.72,0.0,0.47
1993-07-03,38.83,26.61,55.57,0.01,0.47
1993-07-04,38.79,27.82,53.9,0.05,0.47
1993-07-05,39.4,27.05,56.11,0.03,0.46
1993-07-06,36.35,27.13,62.31,0.02,0.46
1993-07-07,36.92,26.49,62.82,0.1,0.46
1993-07-08,35.32,26.97,59.23,0.07,0.46
1993-07-09,34.74,26.32,60.84,0.03,0.46
1993-07-10,36.62,26.27,58.82,0.0,0.46
1993-07-11,36.46,26.81,59.7,0.0,0.46
1993-07-12,35.53,26.77,61.79,0.15,0.46
1993-07-13,33.82,26.48,68.92,2.57,0.46
1993-07-14,33.49,25.63,68.75,0.03,0.47
1993-07-15,32.88,25.45,67.23,0.04,0.47
1993-07-16,38.82,25.47,54.59,0.02,0.46
1993-07-17,39.05,26.28,52.74,0.0,0.46
1993-07-18,37.0,26.77,58.34,0.03,0.46
1993-07-19,35.61,26.91,61.51,0.34,0.46
1993-07-20,36.84,26.13,60.3,0.22,0.46
1993-07-21,35.93,26.67,59.26,0.01,0.46
1993-07-22,36.62,25.93,57.69,0.03,0.46
1993-07-23,37.77,26.38,58.65,0.0,0.46
1993-07-24,37.55,26.55,58.71,0.0,0.46
1993-07-25,33.1,26.81,61.42,0.0,0.46
1993-07-26,37.29,26.24,55.64,0.0,0.46
1993-07-27,39.93,26.21,52.68,0.0,0.46
1993-07-28,38.77,26.92,52.7,0.0,0.46
1993-07-29,34.87,27.43,58.43,0.02,0.46
1993-07-30,36.6,26.26,57.65,0.04,0.46
1993-07-31,36.15,27.0,60.84,0.05,0.46
1993-08-01,36.54,26.01,59.67,0.13,0.46
1993-08-02,36.99,26.08,60.54,0.27,0.46
1993-08-03,31.05,26.35,68.28,0.07,0.46
1993-08-04,32.76,25.71,64.94,0.03,0.46
1993-08-05,37.86,25.06,58.02,0.19,0.46
1993-08-06,36.78,26.36,59.36,0.13,0.46
1993-08-07,34.22,25.6,70.95,3.36,0.46
1993-08-08,34.33,25.31,66.52,0.06,0.47
1993-08-09,33.74,27.18,65.1,0.04,0.47
1993-08-10,37.06,26.76,62.05,0.0,0.46
1993-08-11,36.69,26.74,60.05,0.04,0.46
1993-08-12,37.37,25.96,60.28,0.01,0.46
1993-08-13,36.12,25.97,60.57,0.0,0.46
1993-08-14,33.93,26.3,63.71,0.05,0.46
1993-08-15,34.04,25.35,66.5,0.07,0.46
1993-08-16,33.5,26.29,65.0,0.06,0.46
1993-08-17,32.56,25.3,66.09,0.02,0.46
1993-08-18,34.52,26.63,63.25,0.1,0.46
1993-08-19,34.2,25.93,63.79,0.1,0.46
1993-08-20,34.86,25.82,62.97,0.05,0.46
1993-08-21,35.7,24.79,60.82,0.14,0.46
1993-08-22,33.99,25.48,66.9,0.23,0.46
1993-08-23,33.92,25.79,66.12,0.04,0.46
1993-08-24,35.03,25.23,60.68,0.0,0.46
1993-08-25,35.82,25.11,62.44,0.07,0.46
1993-08-26,33.33,25.6,63.93,0.03,0.46
1993-08-27,31.88,25.15,69.43,1.37,0.46
1993-08-28,34.68,24.44,72.13,12.95,0.48
1993-08-29,36.96,24.32,65.76,0.22,0.48
1993-08-30,36.2,25.43,65.58,2.5,0.48
1993-08-31,30.6,25.36,80.62,3.6,0.48
1993-09-01,35.47,24.34,68.79,0.02,0.48
1993-09-02,36.42,25.14,62.47,0.05,0.48
1993-09-03,36.87,25.21,60.84,0.04,0.48
1993-09-04,33.97,25.84,65.5,0.12,0.47
1993-09-05,32.04,24.97,71.72,0.73,0.47
1993-09-06,34.16,23.88,63.46,0.02,0.47
1993-09-07,36.32,23.79,62.98,0.02,0.47
1993-09-08,38.08,25.62,56.76,0.07,0.47
1993-09-09,37.58,25.0,59.64,1.48,0.47
1993-09-10,38.47,25.97,56.27,0.21,0.47
1993-09-11,33.61,26.08,67.96,1.43,0.47
1993-09-12,36.36,25.08,61.27,0.67,0.47
1993-09-13,36.42,24.54,61.75,0.0,0.47
1993-09-14,35.2,25.13,61.25,0.02,0.47
1993-09-15,38.31,24.53,56.26,0.0,0.46
1993-09-16,38.28,25.11,56.0,0.0,0.46
1993-09-17,38.13,25.8,55.91,0.03,0.46
1993-09-18,36.2,26.7,57.41,0.0,0.46
1993-09-19,35.71,27.02,59.88,0.0,0.46
1993-09-20,35.76,26.3,61.67,1.33,0.46
1993-09-21,34.56,25.38,74.53,13.2,0.48
1993-09-22,35.35,24.66,69.46,0.0,0.48
1993-09-23,35.76,25.04,63.7,0.0,0.48
1993-09-24,35.54,25.23,63.55,0.0,0.48
1993-09-25,36.79,25.3,59.88,0.02,0.47
1993-09-26,35.94,25.15,61.28,0.29,0.47
1993-09-27,35.45,25.52,60.26,0.0,0.47
1993-09-28,35.24,25.9,57.8,0.0,0.47
1993-09-29,38.14,24.95,56.36,0.01,0.47
1993-09-30,38.14,25.31,55.89,0.27,0.47
1993-10-01,35.34,25.48,59.0,0.37,0.47
1993-10-02,36.21,25.78,57.51,0.0,0.47
1993-10-03,35.32,25.8,60.93,0.0,0.46
1993-10-04,36.8,25.8,55.03,0.0,0.46
1993-10-05,36.82,26.38,54.56,0.0,0.46
1993-10-06,32.99,26.62,62.68,0.03,0.46
1993-10-07,34.16,24.69,57.3,0.0,0.46
1993-10-08,38.68,25.37,48.83,0.0,0.46
1993-10-09,38.8,25.77,48.36,0.0,0.46
1993-10-10,38.26,26.48,51.47,0.16,0.46
1993-10-11,37.48,26.54,55.71,0.0,0.46
1993-10-12,34.96,26.69,55.71,0.0,0.46
1993-10-13,37.83,25.35,47.96,0.0,0.46
1993-10-14,37.63,24.81,49.84,0.0,0.46
1993-10-15,38.45,24.91,45.94,0.0,0.46
1993-10-16,38.56,26.04,46.15,0.0,0.46
1993-10-17,38.29,26.06,46.57,0.0,0.46
1993-10-18,37.45,26.3,48.1,0.0,0.46
1993-10-19,38.06,25.81,47.19,0.0,0.46
1993-10-20,30.75,26.34,62.12,0.01,0.46
1993-10-21,32.43,24.97,62.84,0.0,0.46
1993-10-22,29.92,24.53,67.87,0.0,0.46
1993-10-23,34.37,23.87,57.75,0.01,0.46
1993-10-24,34.22,24.93,55.31,0.08,0.46
1993-10-25,36.9,24.35,53.39,0.0,0.46
1993-10-26,36.05,24.19,52.23,0.13,0.46
1993-10-27,37.83,24.19,45.18,0.0,0.46
1993-10-28,37.64,24.77,47.28,0.0,0.46
1993-10-29,34.44,25.34,58.47,0.01,0.46
1993-10-30,32.64,24.4,65.38,0.0,0.46
1993-10-31,33.01,23.47,64.62,0.0,0.46
1993-11-01,35.09,22.21,51.17,0.0,0.46
1993-11-02,34.76,23.83,44.39,0.0,0.46
1993-11-03,32.96,24.2,41.99,0.0,0.46
1993-11-04,35.9,22.7,39.3,0.0,0.46
1993-11-05,35.62,21.95,43.99,0.0,0.46
1993-11-06,35.45,22.62,49.64,0.0,0.46
1993-11-07,36.15,23.45,39.62,0.0,0.46
1993-11-08,36.3,22.19,34.91,0.0,0.46
1993-11-09,36.2,20.43,35.74,0.0,0.46
1993-11-10,36.24,20.31,34.5,0.0,0.46
1993-11-11,35.89,19.71,28.66,0.0,0.46
1993-11-12,35.55,19.37,29.32,0.0,0.46
1993-11-13,35.28,19.19,40.06,0.0,0.46
1993-11-14,34.9,18.26,39.1,0.0,0.46
1993-11-15,33.8,17.57,42.45,0.0,0.46
1993-11-16,33.86,17.31,50.18,0.04,0.46
1993-11-17,33.97,19.28,47.65,0.0,0.46
1993-11-18,34.11,20.46,42.43,0.0,0.46
1993-11-19,35.55,19.68,49.41,0.0,0.46
1993-11-20,35.02,19.6,43.79,0.0,0.46
1993-11-21,35.4,18.92,33.94,0.04,0.46
1993-11-22,35.67,19.53,34.17,0.0,0.46
1993-11-23,35.5,22.28,38.13,0.0,0.46
1993-11-24,35.7,21.32,40.26,0.0,0.46
1993-11-25,35.33,22.05,42.9,0.0,0.46
1993-11-26,35.17,20.79,40.58,0.0,0.46
1993-11-27,35.01,23.49,39.93,0.0,0.46
1993-11-28,35.09,22.14,38.2,0.0,0.46
1993-11-29,35.09,22.11,36.48,0.0,0.46
1993-11-30,35.71,20.26,36.22,0.0,0.46
1993-12-01,35.22,20.66,37.19,0.0,0.46
1993-12-02,34.36,21.05,43.75,0.0,0.46
1993-12-03,34.44,18.72,35.03,0.0,0.46
1993-12-04,34.44,18.81,32.72,0.0,0.46
1993-12-05,34.95,17.96,30.55,0.0,0.46
1993-12-06,34.93,18.17,32.44,0.0,0.46
1993-12-07,34.52,19.39,35.09,0.0,0.46
1993-12-08,34.47,19.37,36.56,0.0,0.46
1993-12-09,33.81,18.35,40.92,0.0,0.46
1993-12-10,33.73,19.5,36.91,0.0,0.46
1993-12-11,33.85,19.83,41.76,0.0,0.46
1993-12-12,33.16,19.65,47.85,0.0,0.46
1993-12-13,33.05,20.1,50.59,0.0,0.46
1993-12-14,33.0,19.23,49.31,0.0,0.46
1993-12-15,33.37,17.0,40.69,0.0,0.46
1993-12-16,33.47,16.97,34.4,0.0,0.46
1993-12-17,33.9,16.72,30.98,0.0,0.46
1993-12-18,33.25,20.14,41.62,0.0,0.46
1993-12-19,32.49,18.64,47.88,0.0,0.46
1993-12-20,30.95,14.19,44.88,0.0,0.46
1993-12-21,31.76,15.96,46.31,0.0,0.46
1993-12-22,32.26,16.65,38.82,0.0,0.46
1993-12-23,31.55,16.63,34.03,0.0,0.46
1993-12-24,31.93,16.12,37.16,0.0,0.46
1993-12-25,30.55,16.61,38.28,0.0,0.46
1993-12-26,30.58,14.41,34.27,0.0,0.46
1993-12-27,30.42,14.31,28.26,0.0,0.46
1993-12-28,30.12,14.61,24.65,0.0,0.46
1993-12-29,30.69,14.42,23.77,0.0,0.46
1993-12-30,31.49,14.1,37.58,0.0,0.46
1993-12-31,32.96,15.23,23.51,0.0,0.46
1994-01-01,33.47,17.61,28.38,0.0,0.46
1994-01-02,33.13,15.94,28.41,0.0,0.46
1994-01-03,31.98,17.13,27.98,0.0,0.46
1994-01-04,33.08,19.45,35.62,0.0,0.46
1994-01-05,34.59,17.89,37.16,0.0,0.46
1994-01-06,33.86,17.72,40.8,0.0,0.46
1994-01-07,32.62,14.99,27.01,0.0,0.46
1994-01-08,32.17,14.08,25.6,0.0,0.46
1994-01-09,32.21,13.92,25.83,0.0,0.46
1994-01-10,31.96,12.73,24.03,0.0,0.46
1994-01-11,32.78,13.34,26.22,0.0,0.46
1994-01-12,32.88,14.61,33.41,0.0,0.46
1994-01-13,33.56,14.67,32.41,0.0,0.46
1994-01-14,34.26,14.23,32.5,0.0,0.46
1994-01-15,33.17,15.33,51.05,0.0,0.46
1994-01-16,33.95,14.22,59.21,0.0,0.46
1994-01-17,33.28,15.89,64.9,0.0,0.46
1994-01-18,32.06,16.21,48.59,0.0,0.46
1994-01-19,34.07,15.34,37.14,0.0,0.46
1994-01-20,33.01,14.11,38.01,0.0,0.46
1994-01-21,33.88,15.03,30.21,0.02,0.46
1994-01-22,33.86,15.08,39.27,0.0,0.46
1994-01-23,35.09,16.36,35.2,0.0,0.46
1994-01-24,33.99,14.54,36.05,0.0,0.46
1994-01-25,32.69,12.86,45.04,0.0,0.46
1994-01-26,33.15,14.83,45.2,0.0,0.46
1994-01-27,33.12,14.85,49.72,0.0,0.46
1994-01-28,33.57,14.39,51.83,0.0,0.46
1994-01-29,33.88,13.56,48.82,0.0,0.46
1994-01-30,33.76,13.96,51.87,0.0,0.46
1994-01-31,33.07,13.96,55.49,0.0,0.46
1994-02-01,34.17,14.86,50.93,0.0,0.46
1994-02-02,32.93,17.92,45.72,0.0,0.46
1994-02-03,34.51,19.44,49.73,0.0,0.46
1994-02-04,34.72,15.51,43.23,0.0,0.46
1994-02-05,33.72,14.14,37.12,0.0,0.46
1994-02-06,35.09,14.55,25.75,0.0,0.46
1994-02-07,33.73,14.81,26.44,0.0,0.46
1994-02-08,35.05,14.22,17.87,0.0,0.46
1994-02-09,36.18,18.66,23.75,0.01,0.46
1994-02-10,34.19,18.82,43.58,0.0,0.46
1994-02-11,33.11,14.77,43.07,0.0,0.46
1994-02-12,33.02,13.75,39.28,0.0,0.46
1994-02-13,33.33,13.9,37.93,0.0,0.46
1994-02-14,33.8,14.16,27.95,0.0,0.46
1994-02-15,35.0,14.16,22.58,0.0,0.46
1994-02-16,34.55,13.83,24.93,0.0,0.46
1994-02-17,36.37,15.54,30.21,0.0,0.46
1994-02-18,34.11,15.86,26.84,0.0,0.46
1994-02-19,34.43,15.92,28.56,0.0,0.46
1994-02-20,34.34,15.75,24.16,0.0,0.46
1994-02-21,35.42,15.31,24.03,0.0,0.46
1994-02-22,36.44,15.86,50.76,0.0,0.46
1994-02-23,34.77,17.73,60.56,0.02,0.46
1994-02-24,34.36,17.52,47.35,0.0,0.46
1994-02-25,35.62,16.08,28.73,0.0,0.45
1994-02-26,34.83,15.51,31.5,0.0,0.45
1994-02-27,34.61,15.36,33.21,0.0,0.45
1994-02-28,34.7,15.5,37.06,0.0,0.45
1994-03-01,35.75,15.86,43.73,0.0,0.45
1994-03-02,35.99,16.05,42.14,0.0,0.45
1994-03-03,37.07,18.02,35.82,0.0,0.45
1994-03-04,35.95,15.93,32.71,0.0,0.45
1994-03-05,36.0,16.0,43.01,0.0,0.45
1994-03-06,37.21,17.76,49.35,0.0,0.45
1994-03-07,37.72,18.28,39.91,0.0,0.45
1994-03-08,38.92,19.0,43.04,0.0,0.45
1994-03-09,38.61,19.64,33.25,0.0,0.45
1994-03-10,38.6,19.35,18.07,0.0,0.45
1994-03-11,37.93,18.06,26.0,0.0,0.45
1994-03-12,38.21,16.54,41.76,0.0,0.45
1994-03-13,37.91,18.21,45.53,0.0,0.45
1994-03-14,39.01,19.09,45.87,0.0,0.45
1994-03-15,40.16,21.24,40.7,0.0,0.45
1994-03-16,39.88,19.69,39.79,0.0,0.45
1994-03-17,41.14,20.62,29.7,0.0,0.45
1994-03-18,40.83,19.8,42.17,0.0,0.45
1994-03-19,40.05,20.81,50.17,0.0,0.45
1994-03-20,40.08,19.7,50.67,0.0,0.45
1994-03-21,39.69,19.25,50.85,0.0,0.45
1994-03-22,38.32,20.73,51.58,0.0,0.45
1994-03-23,39.9,22.9,56.86,0.0,0.45
1994-03-24,38.71,23.34,56.78,0.0,0.45
1994-03-25,38.13,22.58,57.65,0.04,0.45
1994-03-26,38.88,22.48,52.44,0.28,0.45
1994-03-27,36.68,22.49,56.62,2.74,0.46
1994-03-28,36.76,23.07,55.66,0.3,0.46
1994-03-29,36.88,22.98,52.57,0.01,0.46
1994-03-30,38.84,22.69,49.43,0.0,0.46
1994-03-31,38.34,22.09,51.97,0.04,0.46
1994-04-01,38.89,23.52,51.87,0.0,0.46
1994-04-02,35.73,23.35,53.62,0.04,0.46
1994-04-03,35.69,23.56,47.81,0.02,0.46
1994-04-04,39.03,21.93,40.26,0.0,0.46
1994-04-05,39.96,22.59,37.31,0.0,0.46
1994-04-06,40.05,21.3,42.71,0.0,0.46
1994-04-07,40.18,23.44,44.99,0.0,0.46
1994-04-08,41.45,24.25,47.18,0.0,0.46
1994-04-09,41.92,24.99,45.46,0.0,0.46
1994-04-10,41.82,25.92,43.82,0.0,0.46
1994-04-11,42.46,26.03,41.05,0.0,0.46
1994-04-12,42.05,24.94,45.82,0.0,0.46
1994-04-13,41.83,25.2,46.43,0.0,0.46
1994-04-14,42.38,25.96,44.89,0.01,0.46
1994-04-15,42.16,24.11,44.81,0.0,0.46
1994-04-16,41.34,24.61,46.21,0.0,0.46
1994-04-17,40.05,23.98,46.47,0.0,0.46
1994-04-18,39.46,24.61,46.42,0.02,0.46
1994-04-19,38.84,23.97,52.31,0.0,0.46
1994-04-20,38.38,24.7,50.61,0.02,0.46
1994-04-21,40.71,23.96,43.02,0.0,0.46
1994-04-22,40.88,25.12,44.08,0.0,0.46
1994-04-23,40.08,25.12,44.52,0.0,0.46
1994-04-24,39.01,26.6,51.61,0.0,0.46
1994-04-25,40.04,25.08,46.67,0.0,0.46
1994-04-26,41.52,24.0,45.16,0.0,0.46
1994-04-27,43.49,25.28,41.29,0.04,0.46
1994-04-28,40.89,26.23,46.55,0.0,0.46
1994-04-29,39.42,26.77,49.18,0.02,0.46
1994-04-30,38.62,27.2,50.91,0.0,0.46
1994-05-01,39.05,26.94,46.43,0.0,0.46
1994-05-02,32.85,26.37,60.28,0.01,0.46
1994-05-03,38.73,26.87,56.98,0.06,0.46
1994-05-04,40.6,25.83,52.26,0.0,0.46
1994-05-05,41.15,25.97,51.89,0.0,0.46
1994-05-06,41.12,26.23,53.12,0.0,0.46
1994-05-07,40.03,26.75,52.1,0.02,0.46
1994-05-08,37.17,26.82,52.78,0.02,0.46
1994-05-09,38.08,27.09,47.8,0.0,0.46
1994-05-10,39.96,26.85,46.54,0.0,0.46
1994-05-11,39.67,26.78,49.91,0.0,0.46
1994-05-12,39.9,27.38,48.08,0.0,0.46
1994-05-13,41.02,27.03,46.86,0.0,0.46
1994-05-14,41.17,27.44,48.64,0.0,0.46
1994-05-15,41.9,27.37,49.15,0.01,0.46
1994-05-16,41.83,26.98,51.39,0.0,0.46
1994-05-17,41.71,26.32,48.25,0.05,0.46
1994-05-18,41.81,27.0,44.5,0.79,0.46
1994-05-19,40.7,27.48,41.88,0.92,0.46
1994-05-20,42.25,25.32,46.34,0.01,0.46
1994-05-21,41.62,26.46,47.27,0.01,0.46
1994-05-22,41.38,26.57,48.77,0.0,0.46
1994-05-23,40.83,26.51,50.13,0.0,0.46
1994-05-24,40.61,27.3,47.75,0.0,0.46
1994-05-25,39.21,27.46,49.95,0.0,0.46
1994-05-26,39.72,27.99,50.28,0.06,0.46
1994-05-27,38.91,28.3,52.79,0.03,0.46
1994-05-28,37.76,28.21,55.38,0.11,0.46
1994-05-29,40.62,27.83,51.65,0.01,0.46
1994-05-30,39.23,28.22,51.66,0.01,0.46
1994-05-31,38.46,28.99,55.47,0.0,0.46
1994-06-01,38.83,27.63,54.36,0.0,0.46
1994-06-02,37.68,27.62,58.37,0.0,0.46
1994-06-03,39.56,27.74,56.96,0.0,0.46
1994-06-04,39.48,27.17,52.39,0.0,0.46
1994-06-05,37.31,28.04,55.88,0.04,0.46
1994-06-06,36.95,27.52,59.01,0.08,0.46
1994-06-07,34.85,28.16,62.58,0.0,0.46
1994-06-08,35.34,27.59,60.61,0.08,0.46
1994-06-09,37.03,26.95,57.85,0.06,0.46
1994-06-10,33.58,27.09,62.41,0.02,0.46
1994-06-11,36.86,26.8,56.23,0.03,0.46
1994-06-12,37.23,27.12,57.79,0.62,0.46
1994-06-13,38.47,26.81,56.34,0.05,0.46
1994-06-14,37.04,27.53,58.58,0.05,0.46
1994-06-15,36.37,27.06,60.57,0.09,0.46
1994-06-16,34.56,26.94,64.88,0.71,0.46
1994-06-17,35.92,26.75,62.65,4.95,0.47
1994-06-18,34.72,25.68,64.19,3.14,0.47
1994-06-19,37.16,25.99,59.17,0.03,0.47
1994-06-20,35.91,26.71,62.02,0.04,0.47
1994-06-21,37.73,26.04,60.47,1.74,0.47
1994-06-22,34.81,27.14,63.48,0.02,0.47
1994-06-23,36.12,26.46,61.47,0.03,0.47
1994-06-24,34.23,26.93,64.78,0.01,0.47
1994-06-25,35.53,26.55,64.21,0.09,0.47
1994-06-26,32.66,25.74,73.0,1.55,0.47
1994-06-27,31.41,25.02,80.06,7.57,0.48
1994-06-28,33.35,24.65,72.35,0.02,0.48
1994-06-29,35.93,24.65,65.04,0.09,0.47
1994-06-30,33.01,25.51,64.38,0.04,0.47
1994-07-01,35.1,26.38,70.95,0.7,0.47
1994-07-02,33.0,25.3,69.8,1.47,0.47
1994-07-03,36.44,24.86,60.31,0.0,0.47
1994-07-04,37.37,25.49,59.82,0.02,0.47
1994-07-05,36.76,26.49,62.63,0.07,0.47
1994-07-06,36.53,27.34,61.87,0.08,0.47
1994-07-07,36.22,26.79,62.55,0.04,0.47
1994-07-08,36.27,26.91,60.59,0.03,0.47
1994-07-09,35.46,26.33,64.2,0.08,0.46
1994-07-10,32.29,26.77,72.81,0.31,0.46
1994-07-11,31.48,26.8,70.68,0.01,0.46
1994-07-12,31.81,26.68,69.53,0.02,0.46
1994-07-13,35.06,26.38,65.26,0.19,0.46
1994-07-14,31.6,26.75,69.71,0.16,0.46
1994-07-15,32.94,25.77,69.27,0.01,0.46
1994-07-16,33.44,26.07,67.12,0.03,0.46
1994-07-17,32.61,26.06,70.16,0.94,0.46
1994-07-18,32.96,25.42,66.36,0.22,0.46
1994-07-19,32.23,24.68,70.38,1.41,0.47
1994-07-20,35.2,24.23,64.52,0.34,0.47
1994-07-21,36.05,24.96,61.14,0.16,0.47
1994-07-22,36.63,25.65,60.39,0.0,0.46
1994-07-23,36.95,25.51,60.39,0.04,0.46
1994-07-24,34.74,25.93,62.3,0.13,0.46
1994-07-25,35.59,25.08,61.18,0.05,0.46
1994-07-26,35.77,25.95,61.05,0.1,0.46
1994-07-27,36.15,25.71,63.69,1.0,0.46
1994-07-28,33.22,26.36,65.63,0.31,0.46
1994-07-29,36.81,26.06,62.38,0.04,0.46
1994-07-30,36.0,25.79,60.09,0.01,0.46
1994-07-31,38.48,25.44,58.19,0.75,0.46
1994-08-01,34.03,26.07,67.61,0.8,0.46
1994-08-02,38.42,25.13,59.51,0.02,0.46
1994-08-03,34.58,25.68,59.97,0.07,0.46
1994-08-04,38.38,26.07,56.6,0.09,0.46
1994-08-05,34.95,27.16,63.96,0.0,0.46
1994-08-06,35.8,26.73,59.74,0.01,0.46
1994-08-07,37.33,26.61,57.17,0.0,0.46
1994-08-08,36.25,26.33,58.38,0.02,0.46
1994-08-09,32.96,26.01,61.66,0.2,0.46
1994-08-10,31.53,25.27,67.37,0.02,0.46
1994-08-11,37.16,25.34,59.43,0.0,0.46
1994-08-12,39.0,24.85,57.28,0.0,0.46
1994-08-13,37.87,25.9,58.23,0.04,0.46
1994-08-14,33.46,26.32,66.18,0.08,0.46
1994-08-15,34.28,26.3,65.4,0.68,0.46
1994-08-16,37.97,26.26,57.9,0.06,0.46
1994-08-17,31.62,25.99,66.05,0.17,0.46
1994-08-18,35.78,25.51,59.38,0.53,0.46
1994-08-19,36.8,25.71,59.09,0.07,0.46
1994-08-20,30.92,25.03,73.47,0.26,0.46
1994-08-21,35.26,24.56,65.81,0.31,0.46
1994-08-22,37.4,25.21,58.7,0.04,0.46
1994-08-23,35.71,25.48,62.59,1.56,0.46
1994-08-24,35.51,25.96,61.41,0.15,0.46
1994-08-25,35.08,25.5,60.08,0.05,0.46
1994-08-26,35.54,26.09,63.59,0.05,0.46
1994-08-27,33.41,24.42,67.08,0.1,0.46
1994-08-28,34.96,25.09,62.65,0.01,0.46
1994-08-29,35.62,24.93,62.92,0.01,0.46
1994-08-30,34.68,25.53,64.51,0.46,0.46
1994-08-31,34.32,25.73,65.75,0.02,0.46
1994-09-01,32.56,26.0,64.24,0.02,0.46
1994-09-02,37.86,24.11,58.3,0.0,0.46
1994-09-03,35.74,25.9,62.48,0.0,0.46
1994-09-04,39.53,25.05,56.76,0.0,0.46
1994-09-05,38.85,25.35,58.41,0.01,0.46
1994-09-06,37.55,26.41,59.96,0.04,0.46
1994-09-07,34.08,26.73,64.63,0.0,0.46
1994-09-08,35.81,25.74,64.72,0.09,0.46
1994-09-09,36.28,25.76,58.94,0.2,0.46
1994-09-10,35.21,25.89,60.44,0.54,0.46
1994-09-11,36.35,25.61,58.08,0.2,0.46
1994-09-12,37.24,25.95,56.57,0.01,0.46
1994-09-13,33.37,26.86,62.55,0.02,0.46
1994-09-14,36.18,25.71,56.91,0.01,0.46
1994-09-15,37.03,26.8,56.25,0.02,0.46
1994-09-16,35.72,26.23,63.28,0.1,0.46
1994-09-17,36.75,25.87,54.41,0.0,0.46
1994-09-18,37.31,24.58,53.41,0.0,0.46
1994-09-19,36.07,25.29,58.96,0.0,0.46
1994-09-20,36.8,25.78,59.7,0.0,0.46
1994-09-21,36.88,25.65,60.18,0.01,0.46
1994-09-22,36.76,24.66,56.58,0.0,0.46
1994-09-23,37.39,25.77,56.3,0.0,0.46
1994-09-24,36.57,25.89,57.97,0.0,0.46
1994-09-25,34.46,26.67,62.63,0.04,0.46
1994-09-26,33.67,26.02,59.07,0.0,0.46
1994-09-27,38.23,25.12,53.72,0.0,0.46
1994-09-28,38.11,26.35,51.38,0.02,0.46
1994-09-29,32.55,27.05,62.25,0.22,0.46
1994-09-30,34.43,25.75,60.67,0.05,0.46
1994-10-01,37.0,26.07,51.85,0.0,0.46
1994-10-02,37.88,26.04,49.45,0.03,0.46
1994-10-03,37.06,25.89,51.42,0.0,0.46
1994-10-04,34.9,26.03,56.16,0.04,0.46
1994-10-05,30.35,25.93,65.83,0.05,0.46
1994-10-06,37.17,24.67,52.97,0.01,0.46
1994-10-07,33.4,26.22,57.04,0.03,0.46
1994-10-08,34.55,25.26,58.34,0.0,0.46
1994-10-09,36.48,25.09,54.71,0.01,0.46
1994-10-10,37.48,26.16,55.47,0.0,0.46
1994-10-11,38.82,24.85,55.28,0.01,0.46
1994-10-12,37.82,24.49,55.93,0.03,0.46
1994-10-13,37.42,24.94,49.26,0.0,0.46
1994-10-14,38.85,23.65,39.13,0.0,0.46
1994-10-15,38.2,23.72,42.01,0.04,0.46
1994-10-16,31.96,25.81,56.76,0.14,0.46
1994-10-17,33.44,25.61,60.09,0.06,0.46
1994-10-18,34.5,25.07,55.23,0.0,0.46
1994-10-19,36.75,25.44,50.96,0.0,0.46
1994-10-20,35.68,26.85,48.49,0.01,0.46
1994-10-21,32.72,23.62,50.87,0.0,0.46
1994-10-22,35.49,22.15,41.97,0.0,0.46
1994-10-23,35.01,22.93,41.12,0.0,0.46
1994-10-24,34.99,23.29,41.29,0.0,0.46
1994-10-25,37.21,21.75,41.11,0.0,0.46
1994-10-26,36.62,23.34,49.41,0.0,0.46
1994-10-27,35.46,24.09,52.18,0.0,0.46
1994-10-28,36.13,23.6,49.99,0.0,0.46
1994-10-29,36.69,23.69,45.82,0.0,0.46
1994-10-30,37.48,23.19,44.75,0.0,0.46
1994-10-31,36.48,24.55,44.64,0.0,0.46
1994-11-01,33.8,25.3,51.0,0.0,0.46
1994-11-02,33.15,24.58,50.38,0.0,0.46
1994-11-03,35.58,24.42,45.48,0.0,0.46
1994-11-04,36.0,22.57,41.58,0.0,0.46
1994-11-05,36.1,21.67,41.87,0.0,0.46
1994-11-06,35.76,22.91,42.28,0.0,0.46
1994-11-07,36.04,21.46,38.6,0.0,0.46
1994-11-08,35.08,20.46,40.06,0.0,0.46
1994-11-09,34.26,19.49,40.28,0.0,0.46
1994-11-10,34.83,20.11,42.3,0.41,0.46
1994-11-11,33.15,21.88,43.18,0.0,0.46
1994-11-12,34.99,20.56,44.53,0.0,0.46
1994-11-13,34.56,22.6,45.02,0.0,0.46
1994-11-14,34.81,23.64,39.29,0.0,0.46
1994-11-15,34.86,22.11,39.27,0.0,0.46
1994-11-16,34.48,23.18,38.93,0.0,0.46
1994-11-17,34.92,23.13,37.99,0.0,0.46
1994-11-18,35.48,23.61,39.55,0.0,0.46
1994-11-19,34.13,23.22,40.67,0.05,0.46
1994-11-20,35.18,21.06,38.8,0.0,0.46
1994-11-21,34.33,22.54,38.22,0.0,0.46
1994-11-22,35.86,20.84,35.44,0.0,0.46
1994-11-23,34.45,22.35,37.02,0.0,0.46
1994-11-24,29.81,22.42,45.79,0.01,0.46
1994-11-25,28.63,20.41,70.03,1.0,0.46
1994-11-26,29.92,20.76,73.4,2.6,0.46
1994-11-27,31.35,21.05,70.11,5.48,0.47
1994-11-28,32.5,18.96,58.84,0.51,0.47
1994-11-29,32.95,17.84,50.37,0.0,0.47
1994-11-30,32.07,17.75,51.08,1.42,0.47
1994-12-01,32.1,16.4,46.23,1.45,0.47
1994-12-02,32.16,15.35,43.81,0.0,0.47
1994-12-03,30.65,14.16,43.96,1.91,0.47
1994-12-04,32.15,14.29,37.54,0.0,0.47
1994-12-05,32.93,16.59,46.71,0.04,0.47
1994-12-06,32.43,17.34,39.19,0.0,0.47
1994-12-07,31.41,14.63,34.2,0.0,0.46
1994-12-08,32.16,15.55,30.32,0.0,0.46
1994-12-09,31.85,14.42,42.23,0.0,0.46
1994-12-10,31.59,14.39,46.78,0.0,0.46
1994-12-11,32.29,15.01,39.6,0.0,0.46
1994-12-12,31.27,14.77,46.39,0.0,0.46
1994-12-13,31.5,12.65,30.85,0.0,0.46
1994-12-14,32.55,13.88,29.38,0.0,0.46
1994-12-15,32.71,14.1,37.92,0.0,0.46
1994-12-16,32.17,14.75,29.94,0.0,0.46
1994-12-17,32.78,14.02,28.54,0.0,0.46
1994-12-18,33.57,16.54,29.5,0.0,0.46
1994-12-19,32.7,18.46,36.05,0.0,0.46
1994-12-20,32.37,19.65,42.74,0.0,0.46
1994-12-21,31.04,20.3,49.23,0.0,0.46
1994-12-22,31.76,18.63,44.67,0.0,0.46
1994-12-23,31.42,17.51,42.93,0.0,0.46
1994-12-24,31.54,14.92,34.9,0.0,0.46
1994-12-25,31.66,13.89,29.79,0.0,0.46
1994-12-26,30.69,14.22,32.19,0.0,0.46
1994-12-27,31.61,15.82,29.57,0.0,0.46
1994-12-28,31.3,16.02,33.81,0.0,0.46
1994-12-29,32.55,15.47,39.71,0.0,0.46
1994-12-30,29.99,14.75,44.99,0.0,0.46
1994-12-31,30.57,15.6,47.34,0.0,0.46
1995-01-01,30.97,16.57,42.23,2.16,0.46
1995-01-02,30.17,14.43,37.69,0.87,0.46
1995-01-03,28.38,12.51,42.12,0.0,0.46
1995-01-04,29.79,11.33,29.05,0.0,0.46
1995-01-05,31.1,10.92,26.46,0.0,0.46
1995-01-06,30.96,13.91,29.16,0.0,0.46
1995-01-07,30.96,15.14,30.56,0.0,0.46
1995-01-08,31.11,14.14,29.75,0.0,0.46
1995-01-09,31.34,15.79,27.83,0.0,0.46
1995-01-10,31.38,12.85,30.46,0.0,0.46
1995-01-11,32.58,15.52,33.47,0.0,0.46
1995-01-12,33.08,17.8,44.08,0.0,0.46
1995-01-13,33.48,17.56,54.18,0.0,0.46
1995-01-14,33.63,16.1,50.3,0.0,0.46
1995-01-15,32.93,14.54,33.91,0.0,0.46
1995-01-16,33.85,17.82,33.45,0.0,0.46
1995-01-17,34.21,19.57,41.55,0.0,0.46
1995-01-18,34.26,17.78,40.99,0.0,0.46
1995-01-19,32.86,18.23,42.58,0.0,0.46
1995-01-20,33.03,16.46,43.48,0.0,0.46
1995-01-21,32.21,13.19,37.57,0.0,0.46
1995-01-22,29.69,12.5,33.72,0.0,0.46
1995-01-23,29.45,11.2,25.58,0.0,0.46
1995-01-24,29.67,10.37,21.54,0.0,0.46
1995-01-25,29.68,10.29,20.43,0.0,0.46
1995-01-26,30.45,9.82,23.3,0.21,0.46
1995-01-27,30.59,10.26,20.36,0.0,0.46
1995-01-28,32.21,11.2,21.86,0.0,0.46
1995-01-29,32.99,14.1,31.94,0.0,0.46
1995-01-30,32.17,11.61,38.42,0.0,0.46
1995-01-31,32.19,12.91,40.78,0.0,0.46
1995-02-01,33.28,14.25,35.03,0.0,0.46
1995-02-02,32.52,13.63,34.96,0.0,0.46
1995-02-03,32.76,14.42,36.27,0.0,0.46
1995-02-04,33.1,15.29,37.59,0.0,0.46
1995-02-05,33.97,17.52,37.76,0.0,0.46
1995-02-06,33.5,16.92,42.2,0.0,0.46
1995-02-07,31.61,16.49,46.57,0.0,0.46
1995-02-08,32.07,14.81,29.72,0.0,0.46
1995-02-09,32.34,14.0,35.57,0.0,0.46
1995-02-10,31.68,14.08,44.13,0.0,0.46
1995-02-11,32.87,15.54,52.29,0.0,0.46
1995-02-12,33.89,15.7,50.51,0.0,0.46
1995-02-13,34.6,17.23,54.33,0.0,0.46
1995-02-14,35.96,18.51,47.0,0.0,0.46
1995-02-15,36.74,18.65,48.09,0.0,0.46
1995-02-16,34.87,16.15,59.79,0.0,0.46
1995-02-17,32.27,16.73,50.36,0.0,0.46
1995-02-18,32.88,14.61,40.87,0.0,0.46
1995-02-19,34.26,14.37,47.38,0.0,0.46
1995-02-20,33.85,17.12,55.97,0.0,0.46
1995-02-21,34.0,16.8,51.45,0.0,0.46
1995-02-22,34.73,16.69,50.9,0.0,0.46
1995-02-23,35.86,17.75,48.79,0.0,0.46
1995-02-24,36.67,16.83,49.63,0.0,0.46
1995-02-25,35.13,18.3,51.84,0.0,0.46
1995-02-26,34.74,16.27,45.61,0.0,0.46
1995-02-27,35.95,15.87,34.23,0.0,0.46
1995-02-28,36.19,16.37,41.36,0.0,0.46
1995-03-01,35.17,17.08,48.29,0.0,0.46
1995-03-02,35.36,17.93,43.93,0.0,0.46
1995-03-03,36.51,17.85,25.54,0.0,0.46
1995-03-04,36.94,17.52,21.41,0.0,0.46
1995-03-05,37.45,18.83,32.57,0.0,0.46
1995-03-06,38.15,18.05,37.16,0.0,0.46
1995-03-07,38.29,18.77,35.81,0.0,0.46
1995-03-08,38.31,18.86,36.19,0.0,0.46
1995-03-09,38.77,20.21,33.78,0.0,0.46
1995-03-10,38.7,20.37,29.7,0.0,0.46
1995-03-11,38.72,18.69,40.63,0.0,0.46
1995-03-12,37.1,18.55,40.26,0.0,0.46
1995-03-13,37.78,19.68,36.39,0.0,0.46
1995-03-14,38.84,20.58,30.33,0.0,0.46
1995-03-15,37.6,18.87,25.03,0.0,0.46
1995-03-16,38.81,19.63,30.43,0.0,0.46
1995-03-17,39.29,18.47,41.97,0.0,0.46
1995-03-18,39.56,20.88,42.02,0.0,0.46
1995-03-19,39.36,20.75,33.19,0.0,0.46
1995-03-20,39.35,21.09,35.54,0.0,0.46
1995-03-21,39.95,20.73,35.28,0.0,0.46
1995-03-22,39.64,21.05,37.52,0.0,0.46
1995-03-23,40.03,21.15,43.78,0.0,0.46
1995-03-24,41.35,21.4,45.94,0.0,0.46
1995-03-25,40.9,21.84,39.98,0.0,0.46
1995-03-26,41.63,22.27,42.28,0.26,0.46
1995-03-27,39.95,23.39,46.83,0.0,0.46
1995-03-28,38.17,23.48,47.84,0.0,0.46
1995-03-29,38.22,21.74,51.35,0.0,0.46
1995-03-30,39.32,22.3,47.72,0.0,0.46
1995-03-31,40.74,22.39,43.62,0.0,0.46
1995-04-01,40.42,21.3,43.44,0.0,0.46
1995-04-02,41.13,23.54,42.95,0.0,0.46
1995-04-03,41.71,24.54,44.03,0.0,0.46
1995-04-04,40.6,23.43,46.0,0.0,0.46
1995-04-05,38.36,24.17,48.51,0.0,0.46
1995-04-06,40.46,24.08,42.23,0.0,0.46
1995-04-07,40.07,22.19,45.52,0.0,0.46
1995-04-08,38.84,22.53,50.88,0.01,0.46
1995-04-09,40.85,22.08,48.78,0.0,0.46
1995-04-10,41.73,22.84,44.32,0.0,0.46
1995-04-11,42.29,25.26,37.6,0.0,0.45
1995-04-12,42.82,24.16,40.65,0.0,0.45
1995-04-13,39.88,24.15,45.61,0.14,0.46
1995-04-14,40.05,22.78,47.18,0.0,0.46
1995-04-15,39.62,24.01,40.87,0.0,0.46
1995-04-16,40.11,25.41,36.97,0.0,0.46
1995-04-17,40.17,25.09,38.39,0.0,0.46
1995-04-18,43.15,25.23,33.82,0.0,0.45
1995-04-19,43.36,24.63,35.08,0.0,0.45
1995-04-20,43.35,25.03,42.4,0.0,0.45
1995-04-21,41.82,23.18,47.52,0.0,0.45
1995-04-22,41.04,24.14,43.64,0.0,0.45
1995-04-23,39.97,25.57,45.35,0.0,0.45
1995-04-24,38.52,26.37,48.04,0.0,0.45
1995-04-25,38.72,25.35,49.12,0.0,0.45
1995-04-26,40.5,23.94,46.51,0.0,0.45
1995-04-27,42.49,25.41,38.54,0.0,0.45
1995-04-28,40.53,26.06,40.28,0.0,0.45
1995-04-29,42.46,25.97,38.52,0.0,0.45
1995-04-30,43.06,26.57,40.28,0.0,0.45
1995-05-01,42.74,25.42,43.63,0.0,0.45
1995-05-02,41.64,25.35,48.32,0.0,0.45
1995-05-03,41.19,27.09,46.55,0.0,0.45
1995-05-04,41.56,26.99,43.08,0.0,0.45
1995-05-05,42.42,27.62,39.64,0.08,0.45
1995-05-06,40.67,27.61,43.89,0.0,0.45
1995-05-07,38.34,27.67,46.74,0.06,0.45
1995-05-08,35.41,28.19,51.52,0.11,0.45
1995-05-09,39.94,26.87,45.45,0.0,0.45
1995-05-10,35.24,27.87,55.27,0.07,0.46
1995-05-11,34.9,27.15,56.6,0.0,0.46
1995-05-12,33.99,27.32,56.27,0.02,0.46
1995-05-13,32.11,26.52,65.22,0.03,0.46
1995-05-14,33.76,25.6,62.89,0.12,0.46
1995-05-15,34.44,25.13,59.32,0.08,0.46
1995-05-16,35.32,26.67,57.97,0.07,0.46
1995-05-17,36.95,26.25,59.66,0.18,0.46
1995-05-18,37.33,27.18,59.6,0.01,0.46
1995-05-19,40.44,25.92,55.39,0.0,0.46
1995-05-20,40.1,25.55,51.6,0.0,0.46
1995-05-21,40.4,24.73,50.0,0.0,0.46
1995-05-22,39.98,25.48,50.97,0.0,0.46
1995-05-23,41.7,26.12,48.27,0.0,0.46
1995-05-24,41.86,26.39,49.91,0.0,0.46
1995-05-25,42.13,26.79,48.71,0.0,0.46
1995-05-26,37.53,27.68,53.32,4.72,0.46
1995-05-27,41.67,25.71,53.06,5.99,0.47
1995-05-28,40.11,26.23,57.19,1.96,0.47
1995-05-29,36.1,27.05,55.42,0.11,0.47
1995-05-30,38.68,26.07,53.0,2.9,0.47
1995-05-31,35.73,25.7,58.8,0.0,0.47
1995-06-01,34.88,26.13,62.03,0.0,0.47
1995-06-02,36.68,26.99,59.6,0.0,0.47
1995-06-03,34.38,27.22,63.51,0.3,0.47
1995-06-04,34.36,26.3,72.39,7.52,0.47
1995-06-05,33.42,26.17,72.28,0.0,0.48
1995-06-06,35.58,25.67,65.6,0.03,0.47
1995-06-07,36.27,26.69,65.27,0.38,0.47
1995-06-08,34.44,27.17,66.62,0.01,0.47
1995-06-09,35.56,26.63,63.0,0.15,0.47
1995-06-10,32.06,27.14,69.8,0.46,0.47
1995-06-11,34.57,26.78,64.69,0.4,0.47
1995-06-12,34.77,25.31,60.62,0.22,0.47
1995-06-13,37.54,25.55,56.5,0.84,0.47
1995-06-14,37.27,26.82,58.4,0.01,0.47
1995-06-15,38.41,26.86,56.58,0.02,0.47
1995-06-16,36.21,27.27,60.39,0.03,0.46
1995-06-17,35.63,27.1,61.05,0.0,0.46
1995-06-18,37.21,26.94,58.25,0.0,0.46
1995-06-19,37.36,27.11,57.27,0.04,0.46
1995-06-20,36.91,27.85,58.65,0.02,0.46
1995-06-21,34.88,27.03,60.6,0.05,0.46
1995-06-22,34.36,26.69,60.56,0.07,0.46
1995-06-23,35.36,26.45,61.22,0.47,0.46
1995-06-24,36.18,26.99,60.53,0.0,0.46
1995-06-25,36.94,26.5,59.34,0.06,0.46
1995-06-26,36.53,26.98,60.35,0.04,0.46
1995-06-27,37.36,26.25,58.09,0.01,0.46
1995-06-28,38.18,26.73,56.38,0.05,0.46
1995-06-29,34.49,27.14,63.13,0.09,0.46
1995-06-30,37.72,26.83,59.16,0.14,0.46
1995-07-01,34.89,27.3,63.76,0.05,0.46
1995-07-02,34.19,26.8,65.91,0.17,0.46
1995-07-03,35.73,26.64,60.84,0.47,0.46
1995-07-04,38.24,26.27,57.57,0.12,0.46
1995-07-05,39.38,26.52,55.3,0.08,0.46
1995-07-06,37.1,26.56,53.01,0.08,0.46
1995-07-07,35.58,27.34,61.17,0.31,0.46
1995-07-08,35.16,26.83,61.77,0.17,0.46
1995-07-09,33.44,26.48,63.46,0.44,0.46
1995-07-10,35.34,25.77,61.26,0.03,0.46
1995-07-11,33.89,25.66,63.26,0.26,0.46
1995-07-12,35.19,25.91,61.67,0.09,0.46
1995-07-13,36.82,26.11,57.88,0.02,0.46
1995-07-14,35.07,26.43,59.77,0.06,0.46
1995-07-15,36.02,26.53,58.99,0.02,0.46
1995-07-16,35.24,26.99,62.12,0.13,0.46
1995-07-17,33.52,26.6,65.06,0.05,0.46
1995-07-18,34.21,25.65,63.37,0.0,0.46
1995-07-19,33.69,25.47,66.82,0.0,0.46
1995-07-20,35.92,24.68,58.05,0.09,0.46
1995-07-21,33.58,24.58,62.58,0.15,0.46
1995-07-22,37.22,25.16,56.11,0.04,0.46
1995-07-23,38.71,25.89,54.25,0.0,0.46
1995-07-24,39.35,26.38,57.09,0.0,0.46
1995-07-25,36.57,26.65,58.63,0.11,0.46
1995-07-26,33.48,27.17,63.42,0.07,0.46
1995-07-27,36.09,26.08,62.57,0.0,0.46
1995-07-28,37.48,26.47,55.23,0.01,0.46
1995-07-29,33.32,26.37,65.7,0.14,0.46
1995-07-30,34.97,26.95,63.57,0.21,0.46
1995-07-31,34.23,27.18,66.18,0.75,0.46
1995-08-01,33.53,26.44,63.34,0.46,0.46
1995-08-02,32.56,25.87,66.44,0.09,0.46
1995-08-03,37.34,25.22,57.53,0.05,0.46
1995-08-04,38.76,25.99,57.51,0.84,0.46
1995-08-05,37.35,25.99,59.92,0.05,0.46
1995-08-06,33.86,27.45,66.44,0.01,0.46
1995-08-07,34.38,26.92,64.3,0.03,0.46
1995-08-08,31.9,25.89,65.95,0.14,0.46
1995-08-09,35.75,24.98,58.32,0.25,0.46
1995-08-10,37.26,25.87,55.9,0.08,0.46
1995-08-11,35.18,26.81,58.99,0.01,0.46
1995-08-12,34.91,25.8,61.81,0.09,0.46
1995-08-13,36.77,26.15,58.42,0.06,0.46
1995-08-14,35.92,25.87,61.48,0.09,0.46
1995-08-15,33.91,26.31,63.18,0.02,0.46
1995-08-16,33.37,25.46,64.9,0.05,0.46
1995-08-17,36.39,25.56,61.44,0.07,0.46
1995-08-18,36.21,26.07,58.3,0.06,0.46
1995-08-19,37.45,26.1,56.77,0.01,0.46
1995-08-20,38.74,25.65,56.45,0.07,0.46
1995-08-21,38.61,26.37,54.99,0.2,0.46
1995-08-22,38.42,26.2,55.9,0.05,0.46
1995-08-23,36.04,27.06,58.89,0.04,0.46
1995-08-24,34.39,26.9,62.86,0.05,0.46
1995-08-25,37.48,26.6,58.82,0.0,0.46
1995-08-26,38.41,27.27,58.07,0.0,0.46
1995-08-27,37.77,27.72,59.67,0.0,0.46
1995-08-28,38.35,27.13,61.34,0.05,0.46
1995-08-29,37.1,26.48,56.65,0.85,0.46
1995-08-30,37.07,26.34,59.23,0.04,0.46
1995-08-31,37.24,26.25,63.79,0.18,0.46
1995-09-01,35.46,26.02,66.15,0.52,0.46
1995-09-02,34.58,26.69,67.19,0.13,0.46
1995-09-03,34.28,25.31,65.57,0.56,0.46
1995-09-04,34.38,25.3,57.74,0.09,0.46
1995-09-05,35.67,25.72,60.73,0.01,0.46
1995-09-06,35.21,25.97,60.74,0.06,0.46
1995-09-07,38.16,26.4,56.43,0.0,0.46
1995-09-08,38.75,26.33,54.02,0.0,0.46
1995-09-09,32.11,27.54,61.12,0.07,0.46
1995-09-10,35.86,26.28,58.28,0.73,0.46
1995-09-11,33.63,25.83,64.52,0.0,0.46
1995-09-12,39.09,25.37,55.0,0.0,0.46
1995-09-13,34.86,27.92,58.25,0.0,0.46
1995-09-14,36.97,27.42,58.71,0.02,0.46
1995-09-15,36.41,26.97,60.55,0.04,0.46
1995-09-16,34.31,26.74,59.8,0.08,0.46
1995-09-17,37.11,26.02,54.55,0.02,0.46
1995-09-18,39.1,25.98,54.83,0.0,0.46
1995-09-19,36.46,26.96,57.14,0.0,0.46
1995-09-20,34.52,27.22,61.48,0.01,0.46
1995-09-21,35.85,26.25,56.46,0.02,0.46
1995-09-22,36.84,26.63,57.88,0.14,0.46
1995-09-23,38.12,25.76,57.46,0.34,0.46
1995-09-24,35.04,27.0,58.23,0.08,0.46
1995-09-25,34.94,26.45,57.45,0.0,0.46
1995-09-26,38.47,25.8,50.44,0.02,0.46
1995-09-27,36.27,27.15,54.89,0.0,0.46
1995-09-28,38.78,26.29,55.24,0.0,0.46
1995-09-29,38.92,25.45,51.88,0.0,0.46
1995-09-30,40.11,25.96,48.51,0.01,0.46
1995-10-01,38.32,26.73,50.37,0.01,0.46
1995-10-02,36.67,27.42,53.63,0.05,0.46
1995-10-03,35.1,26.97,54.43,0.03,0.46
1995-10-04,36.65,27.09,53.47,0.82,0.46
1995-10-05,35.75,26.1,61.54,0.53,0.46
1995-10-06,35.54,25.67,61.11,0.06,0.46
1995-10-07,33.85,26.79,60.73,0.31,0.46
1995-10-08,36.23,25.58,56.5,0.06,0.46
1995-10-09,35.51,26.66,53.43,0.02,0.46
1995-10-10,30.97,26.35,65.23,0.03,0.46
1995-10-11,32.33,25.36,62.45,0.0,0.46
1995-10-12,35.29,25.51,53.1,0.0,0.46
1995-10-13,33.32,26.99,55.05,0.0,0.46
1995-10-14,35.64,25.4,54.79,0.0,0.46
1995-10-15,37.98,26.19,46.07,0.0,0.46
1995-10-16,38.35,26.01,51.57,0.0,0.46
1995-10-17,37.48,26.49,54.31,0.0,0.46
1995-10-18,30.19,25.05,67.5,0.0,0.46
1995-10-19,37.24,23.75,55.21,0.01,0.46
1995-10-20,35.88,24.75,55.74,0.0,0.46
1995-10-21,37.62,25.48,50.32,0.0,0.46
1995-10-22,38.16,25.77,49.32,0.0,0.46
1995-10-23,36.35,27.03,49.15,0.0,0.46
1995-10-24,36.88,27.13,46.09,0.0,0.46
1995-10-25,34.91,27.13,50.99,0.0,0.46
1995-10-26,38.41,25.3,45.75,0.0,0.46
1995-10-27,38.78,25.93,39.73,0.0,0.46
1995-10-28,38.25,24.85,43.24,0.0,0.46
1995-10-29,38.29,26.8,46.6,0.0,0.46
1995-10-30,36.17,27.25,50.92,0.0,0.46
1995-10-31,32.43,26.77,63.85,0.02,0.46
1995-11-01,34.73,25.53,62.48,0.03,0.46
1995-11-02,30.71,24.77,70.12,0.0,0.46
1995-11-03,34.03,24.2,59.95,0.0,0.46
1995-11-04,33.6,25.2,56.6,0.0,0.46
1995-11-05,33.94,24.99,55.82,0.0,0.46
1995-11-06,33.3,25.33,58.42,0.0,0.46
1995-11-07,37.34,24.77,49.84,0.0,0.46
1995-11-08,37.35,26.2,48.67,0.0,0.46
1995-11-09,37.02,25.85,47.05,0.0,0.46
1995-11-10,36.67,25.29,48.96,0.01,0.46
1995-11-11,36.98,25.43,52.49,0.02,0.46
1995-11-12,34.53,25.23,59.56,0.02,0.46
1995-11-13,33.36,23.84,62.69,0.13,0.46
1995-11-14,35.55,23.17,59.22,0.43,0.46
1995-11-15,32.24,21.79,51.71,0.0,0.46
1995-11-16,33.72,22.84,51.22,0.0,0.46
1995-11-17,32.86,24.13,53.51,0.0,0.46
1995-11-18,29.8,24.33,59.78,0.01,0.46
1995-11-19,28.8,22.62,68.44,0.05,0.46
1995-11-20,32.16,22.46,62.59,0.0,0.46
1995-11-21,34.25,22.51,59.92,0.01,0.46
1995-11-22,34.38,23.22,54.37,0.0,0.46
1995-11-23,35.02,23.11,49.81,0.0,0.46
1995-11-24,31.55,24.41,53.61,0.01,0.46
1995-11-25,31.63,21.73,58.04,0.13,0.46
1995-11-26,34.4,20.95,57.8,0.4,0.46
1995-11-27,32.6,17.3,46.45,0.0,0.46
1995-11-28,32.82,16.71,43.07,0.0,0.46
1995-11-29,32.88,17.16,48.44,0.0,0.46
1995-11-30,33.1,16.71,46.54,0.0,0.46
1995-12-01,33.32,16.79,53.27,0.0,0.46
1995-12-02,33.49,17.7,51.85,0.0,0.46
1995-12-03,32.75,16.27,46.84,0.0,0.46
1995-12-04,32.04,15.97,48.27,0.0,0.46
1995-12-05,31.42,15.82,52.99,0.0,0.46
1995-12-06,30.29,17.58,51.54,0.0,0.46
1995-12-07,30.5,19.53,51.31,0.0,0.46
1995-12-08,30.94,17.32,47.61,0.0,0.46
1995-12-09,31.03,17.73,43.96,0.0,0.46
1995-12-10,31.49,16.13,52.27,0.0,0.46
1995-12-11,31.08,15.61,44.22,0.0,0.46
1995-12-12,31.34,15.33,37.04,0.0,0.46
1995-12-13,32.12,15.63,45.02,0.0,0.46
1995-12-14,31.56,15.49,38.85,0.0,0.46
1995-12-15,32.12,15.01,42.19,0.0,0.46
1995-12-16,32.56,15.84,39.85,0.0,0.46
1995-12-17,32.58,14.35,33.89,0.0,0.46
1995-12-18,33.01,14.17,27.04,0.0,0.46
1995-12-19,32.48,14.17,31.7,0.0,0.46
1995-12-20,31.7,13.17,34.6,0.0,0.46
1995-12-21,32.02,14.32,39.15,0.0,0.46
1995-12-22,32.28,14.57,37.84,0.0,0.46
1995-12-23,31.95,14.39,30.34,0.0,0.46
1995-12-24,32.06,14.89,24.7,0.0,0.46
1995-12-25,31.4,16.16,37.09,0.0,0.46
1995-12-26,32.04,16.13,29.61,0.0,0.46
1995-12-27,30.96,15.21,38.74,0.0,0.46
1995-12-28,30.97,15.46,41.29,0.0,0.46
1995-12-29,30.6,16.59,44.35,0.0,0.46
1995-12-30,29.14,15.82,51.17,0.0,0.46
1995-12-31,29.59,15.46,43.81,0.0,0.46
1996-01-01,29.97,14.81,42.89,0.0,0.46
1996-01-02,29.94,15.98,55.26,0.0,0.46
1996-01-03,31.17,17.18,41.76,0.0,0.46
1996-01-04,31.43,17.02,49.5,0.0,0.46
1996-01-05,31.05,15.95,48.55,0.0,0.46
1996-01-06,30.8,15.72,45.95,0.0,0.46
1996-01-07,30.91,15.75,46.55,0.0,0.46
1996-01-08,31.27,15.68,43.62,0.0,0.46
1996-01-09,31.25,15.33,42.59,0.0,0.46
1996-01-10,30.79,14.78,51.93,0.0,0.46
1996-01-11,29.94,13.52,47.89,0.0,0.46
1996-01-12,31.2,14.99,49.26,0.0,0.46
1996-01-13,31.44,15.29,48.72,0.0,0.46
1996-01-14,30.31,14.01,35.84,0.0,0.46
1996-01-15,31.23,12.91,26.77,0.0,0.46
1996-01-16,31.89,12.86,24.07,0.0,0.46
1996-01-17,32.51,15.21,44.6,0.0,0.46
1996-01-18,31.08,14.42,50.67,0.0,0.46
1996-01-19,30.56,13.46,36.22,0.0,0.46
1996-01-20,30.04,13.17,35.43,0.0,0.46
1996-01-21,31.07,12.32,29.58,0.0,0.46
1996-01-22,31.66,12.1,27.16,0.0,0.46
1996-01-23,31.81,11.91,23.75,0.0,0.46
1996-01-24,33.3,12.7,38.62,0.0,0.46
1996-01-25,32.1,12.53,34.33,0.0,0.46
1996-01-26,32.09,12.86,39.56,0.0,0.46
1996-01-27,32.5,14.23,38.85,0.0,0.46
1996-01-28,33.4,15.16,35.44,0.0,0.46
1996-01-29,33.93,13.94,40.19,0.0,0.46
1996-01-30,33.73,13.65,35.7,0.0,0.46
1996-01-31,33.5,13.28,39.8,0.0,0.46
1996-02-01,33.78,14.9,39.05,0.0,0.46
1996-02-02,34.12,17.78,39.17,0.0,0.46
1996-02-03,34.02,18.45,43.37,0.0,0.46
1996-02-04,32.85,15.39,31.96,0.0,0.46
1996-02-05,32.82,14.45,24.89,0.0,0.46
1996-02-06,32.91,16.27,25.4,0.0,0.46
1996-02-07,32.99,18.37,32.45,0.0,0.46
1996-02-08,33.47,16.11,29.18,0.0,0.46
1996-02-09,33.49,17.21,29.62,0.0,0.46
1996-02-10,33.4,18.75,38.27,0.0,0.46
1996-02-11,33.53,18.85,38.58,0.0,0.46
1996-02-12,33.42,20.36,42.0,0.0,0.46
1996-02-13,32.96,17.23,42.33,0.0,0.46
1996-02-14,34.03,16.02,35.03,0.0,0.46
1996-02-15,34.95,15.79,39.45,0.0,0.46
1996-02-16,34.96,14.9,40.05,0.0,0.46
1996-02-17,34.55,14.74,40.6,0.0,0.46
1996-02-18,36.02,14.76,17.34,0.0,0.46
1996-02-19,37.49,15.5,17.4,0.0,0.46
1996-02-20,36.06,13.55,37.13,0.08,0.46
1996-02-21,34.0,16.88,61.39,0.45,0.46
1996-02-22,33.49,19.45,66.1,0.64,0.46
1996-02-23,32.7,19.79,63.86,0.07,0.46
1996-02-24,35.25,19.14,57.19,0.0,0.46
1996-02-25,35.89,18.81,52.57,0.0,0.46
1996-02-26,37.04,18.83,48.45,0.0,0.46
1996-02-27,37.65,20.08,46.48,0.0,0.46
1996-02-28,36.72,18.54,51.52,0.0,0.46
1996-02-29,36.71,19.26,40.07,0.0,0.46
1996-03-01,36.98,16.82,16.98,0.0,0.46
1996-03-02,37.02,16.6,17.18,0.0,0.46
1996-03-03,37.23,18.39,23.99,0.0,0.46
1996-03-04,37.85,18.96,29.83,0.0,0.46
1996-03-05,36.97,19.64,36.11,0.0,0.46
1996-03-06,36.16,17.53,48.2,0.0,0.46
1996-03-07,35.71,18.75,52.8,0.0,0.46
1996-03-08,36.73,18.38,52.23,0.0,0.46
1996-03-09,37.21,19.05,46.24,0.0,0.46
1996-03-10,37.88,19.47,45.98,0.0,0.46
1996-03-11,38.32,19.76,36.08,0.0,0.46
1996-03-12,38.48,18.64,49.14,0.0,0.46
1996-03-13,37.56,18.92,53.6,0.0,0.46
1996-03-14,38.13,19.69,55.91,0.0,0.46
1996-03-15,38.39,21.09,56.41,0.0,0.46
1996-03-16,38.59,20.04,54.31,0.0,0.46
1996-03-17,39.96,21.02,50.63,0.0,0.46
1996-03-18,40.43,21.56,48.56,0.0,0.46
1996-03-19,40.9,21.87,45.35,0.0,0.46
1996-03-20,40.01,22.2,44.16,0.0,0.46
1996-03-21,40.4,23.6,46.4,0.0,0.46
1996-03-22,40.07,22.7,47.47,0.0,0.46
1996-03-23,41.05,22.59,43.51,0.0,0.46
1996-03-24,40.19,21.54,48.54,0.0,0.46
1996-03-25,39.71,21.56,46.14,0.0,0.46
1996-03-26,39.68,21.67,48.73,0.0,0.46
1996-03-27,37.99,23.84,56.41,0.05,0.46
1996-03-28,38.37,23.48,56.67,0.0,0.46
1996-03-29,39.32,23.79,54.13,0.0,0.46
1996-03-30,39.87,22.39,53.93,0.0,0.46
1996-03-31,40.49,22.53,52.18,0.0,0.46
1996-04-01,39.94,22.38,51.9,0.0,0.46
1996-04-02,38.68,22.97,51.0,0.0,0.46
1996-04-03,39.58,21.14,43.93,0.0,0.46
1996-04-04,38.97,21.22,43.69,0.0,0.46
1996-04-05,39.61,22.11,33.57,0.0,0.46
1996-04-06,39.84,21.74,40.58,0.0,0.46
1996-04-07,41.64,23.02,30.5,0.0,0.46
1996-04-08,42.06,23.15,33.23,0.0,0.46
1996-04-09,41.95,22.17,38.51,0.0,0.46
1996-04-10,41.24,21.76,42.98,0.0,0.46
1996-04-11,39.67,23.05,47.73,0.0,0.46
1996-04-12,38.7,25.34,43.01,0.0,0.46
1996-04-13,37.6,25.79,51.34,0.0,0.46
1996-04-14,39.75,26.1,45.5,0.0,0.46
1996-04-15,38.37,26.74,41.82,0.0,0.46
1996-04-16,39.01,27.05,49.79,0.0,0.46
1996-04-17,39.62,26.01,50.65,0.0,0.46
1996-04-18,41.15,25.76,50.48,0.0,0.46
1996-04-19,40.87,26.15,46.57,0.0,0.46
1996-04-20,42.33,26.13,45.72,0.0,0.45
1996-04-21,41.18,26.43,47.88,0.05,0.45
1996-04-22,39.14,26.72,51.06,0.07,0.46
1996-04-23,38.22,27.1,50.93,0.0,0.46
1996-04-24,39.4,25.13,52.43,0.01,0.46
1996-04-25,37.28,25.17,52.54,0.0,0.46
1996-04-26,32.33,25.65,55.56,0.05,0.46
1996-04-27,38.62,24.3,48.68,0.1,0.46
1996-04-28,39.46,24.27,43.8,0.0,0.46
1996-04-29,38.86,26.17,44.96,0.0,0.46
1996-04-30,38.88,25.89,48.08,0.0,0.46
1996-05-01,38.92,26.13,51.77,0.0,0.46
1996-05-02,34.17,27.6,56.96,0.02,0.46
1996-05-03,37.3,26.95,52.36,0.03,0.46
1996-05-04,38.4,26.66,53.07,0.05,0.46
1996-05-05,35.05,27.38,60.02,0.0,0.46
1996-05-06,34.81,26.9,60.25,0.01,0.46
1996-05-07,34.6,26.75,61.27,0.05,0.46
1996-05-08,37.12,26.37,58.71,0.04,0.46
1996-05-09,38.95,26.38,53.97,0.0,0.46
1996-05-10,40.26,24.76,56.45,0.0,0.46
1996-05-11,39.76,25.96,52.7,0.0,0.46
1996-05-12,39.16,25.55,50.89,0.0,0.46
1996-05-13,40.79,24.32,52.92,0.0,0.46
1996-05-14,40.29,25.5,50.91,0.0,0.46
1996-05-15,39.4,26.03,51.39,0.06,0.46
1996-05-16,41.68,26.09,47.94,0.0,0.46
1996-05-17,42.39,26.78,47.09,0.0,0.46
1996-05-18,40.84,27.08,51.33,0.0,0.46
1996-05-19,40.55,27.45,50.0,0.0,0.46
1996-05-20,40.65,28.69,44.9,0.0,0.46
1996-05-21,39.28,28.95,47.28,0.0,0.46
1996-05-22,38.01,28.08,49.38,0.01,0.46
1996-05-23,33.55,27.88,59.51,0.06,0.46
1996-05-24,37.37,27.38,56.59,0.34,0.46
1996-05-25,38.23,26.09,55.7,0.12,0.46
1996-05-26,36.28,26.11,65.28,0.07,0.46
1996-05-27,32.0,26.47,65.21,0.04,0.46
1996-05-28,35.3,25.14,57.81,0.49,0.46
1996-05-29,37.8,26.16,53.25,0.0,0.46
1996-05-30,33.66,27.12,57.74,0.01,0.46
1996-05-31,36.22,26.67,58.86,0.0,0.46
1996-06-01,37.38,26.85,54.24,0.0,0.46
1996-06-02,40.42,26.61,51.7,0.0,0.46
1996-06-03,38.91,26.22,52.01,0.02,0.46
1996-06-04,38.78,25.87,53.83,0.0,0.46
1996-06-05,34.16,26.6,56.36,0.0,0.46
1996-06-06,31.75,26.02,59.37,0.14,0.46
1996-06-07,35.42,26.53,55.43,0.02,0.46
1996-06-08,32.45,26.66,64.47,0.33,0.46
1996-06-09,35.67,26.12,56.99,0.06,0.46
1996-06-10,39.02,26.73,47.86,0.0,0.46
1996-06-11,37.52,28.49,47.93,0.0,0.46
1996-06-12,34.47,26.71,59.36,0.01,0.46
1996-06-13,34.4,25.76,54.9,0.0,0.46
1996-06-14,37.71,25.1,49.1,0.0,0.46
1996-06-15,35.47,25.77,58.93,0.14,0.46
1996-06-16,31.06,25.92,67.29,0.05,0.46
1996-06-17,30.97,26.14,74.9,0.2,0.46
1996-06-18,32.0,25.04,75.49,0.4,0.46
1996-06-19,31.95,25.05,76.02,1.11,0.46
1996-06-20,31.85,26.24,79.14,3.08,0.46
1996-06-21,33.65,25.61,69.63,0.49,0.46
1996-06-22,32.03,25.05,71.87,2.03,0.47
1996-06-23,35.63,24.46,61.01,0.19,0.47
1996-06-24,37.26,25.46,58.67,0.15,0.46
1996-06-25,37.46,25.97,58.15,0.0,0.46
1996-06-26,37.36,26.58,57.91,0.01,0.46
1996-06-27,34.09,25.87,63.0,0.22,0.46
1996-06-28,34.73,26.55,61.9,0.04,0.46
1996-06-29,34.57,26.3,63.44,0.02,0.46
1996-06-30,36.03,26.03,60.69,0.0,0.46
1996-07-01,36.26,26.25,59.03,0.03,0.46
1996-07-02,35.95,26.56,61.46,0.28,0.46
1996-07-03,36.08,26.36,58.22,0.05,0.46
1996-07-04,31.84,25.79,65.42,0.13,0.46
1996-07-05,33.83,25.18,59.25,0.35,0.46
1996-07-06,38.81,25.15,53.71,0.0,0.46
1996-07-07,37.42,25.87,54.76,0.0,0.46
1996-07-08,35.85,26.77,53.59,0.0,0.46
1996-07-09,38.67,27.57,49.91,0.0,0.46
1996-07-10,39.03,27.35,52.23,0.01,0.46
1996-07-11,38.44,27.3,49.75,0.0,0.46
1996-07-12,38.98,27.75,53.66,0.06,0.46
1996-07-13,36.59,27.29,59.27,0.02,0.46
1996-07-14,36.68,26.31,59.88,0.17,0.46
1996-07-15,35.3,26.26,58.46,0.04,0.46
1996-07-16,34.89,26.98,56.54,0.0,0.46
1996-07-17,38.45,26.92,53.0,0.01,0.46
1996-07-18,36.25,27.5,55.28,0.07,0.46
1996-07-19,36.7,27.44,60.09,0.09,0.46
1996-07-20,35.18,26.83,62.94,0.04,0.46
1996-07-21,34.22,26.6,65.53,0.09,0.46
1996-07-22,34.7,26.69,63.58,0.28,0.46
1996-07-23,35.68,26.75,62.91,0.48,0.46
1996-07-24,33.08,27.25,67.04,0.03,0.46
1996-07-25,34.15,26.66,64.85,0.21,0.46
1996-07-26,33.64,26.51,65.75,0.19,0.46
1996-07-27,32.29,25.8,67.16,0.24,0.46
1996-07-28,37.8,25.6,60.53,0.05,0.46
1996-07-29,39.55,26.26,58.59,0.0,0.46
1996-07-30,36.82,26.75,61.52,0.01,0.46
1996-07-31,36.17,26.21,63.09,0.07,0.46
1996-08-01,34.38,26.59,65.35,0.19,0.46
1996-08-02,34.65,26.82,64.14,0.22,0.46
1996-08-03,33.81,25.97,63.41,0.16,0.46
1996-08-04,35.34,25.96,59.95,0.04,0.46
1996-08-05,35.9,25.94,60.78,0.08,0.46
1996-08-06,34.68,26.97,62.88,0.11,0.46
1996-08-07,34.25,26.61,61.81,0.02,0.46
1996-08-08,37.57,25.9,55.65,0.25,0.46
1996-08-09,38.92,25.09,50.35,0.0,0.46
1996-08-10,35.14,27.19,56.96,0.0,0.46
1996-08-11,37.7,27.03,55.53,0.01,0.46
1996-08-12,35.95,26.82,55.99,0.12,0.46
1996-08-13,35.18,26.31,62.24,0.01,0.46
1996-08-14,36.35,26.19,58.81,0.1,0.46
1996-08-15,37.81,26.64,52.75,0.07,0.46
1996-08-16,34.64,27.34,60.23,0.16,0.46
1996-08-17,36.15,25.95,59.17,0.02,0.46
1996-08-18,35.82,25.57,59.48,0.2,0.46
1996-08-19,36.02,25.5,59.75,0.07,0.46
1996-08-20,33.58,25.53,60.01,0.08,0.46
1996-08-21,36.27,24.6,55.46,0.07,0.46
1996-08-22,37.36,25.42,55.74,0.0,0.46
1996-08-23,38.1,26.05,55.92,0.07,0.46
1996-08-24,30.29,26.12,68.64,0.09,0.46
1996-08-25,36.62,24.89,60.89,0.0,0.46
1996-08-26,35.49,26.25,57.61,0.0,0.46
1996-08-27,30.8,26.69,63.86,0.03,0.46
1996-08-28,37.82,25.07,57.07,0.0,0.46
1996-08-29,36.86,25.36,58.07,0.0,0.46
1996-08-30,38.41,25.15,54.06,0.0,0.46
1996-08-31,38.93,25.93,50.04,0.04,0.46
1996-09-01,38.04,26.76,50.35,0.03,0.46
1996-09-02,37.6,26.6,52.94,0.07,0.46
1996-09-03,32.65,27.24,61.23,0.04,0.46
1996-09-04,33.39,25.95,60.16,0.0,0.46
1996-09-05,37.12,25.52,55.55,0.0,0.46
1996-09-06,37.15,26.54,53.85,0.0,0.46
1996-09-07,37.82,25.84,54.04,0.04,0.46
1996-09-08,37.38,26.78,51.82,0.02,0.46
1996-09-09,40.19,26.87,45.05,0.0,0.46
1996-09-10,38.91,28.33,46.82,0.0,0.46
1996-09-11,39.8,27.94,49.19,0.0,0.46
1996-09-12,39.91,26.94,49.37,0.0,0.46
1996-09-13,40.99,28.13,44.77,0.0,0.46
1996-09-14,37.87,28.32,54.42,0.01,0.46
1996-09-15,37.66,27.07,58.95,0.03,0.46
1996-09-16,36.68,26.74,60.42,0.02,0.46
1996-09-17,35.85,26.64,59.22,0.05,0.46
1996-09-18,36.11,26.63,58.79,0.19,0.46
1996-09-19,35.48,27.03,61.63,0.13,0.46
1996-09-20,36.81,25.43,55.4,0.01,0.46
1996-09-21,37.23,26.16,57.7,0.06,0.46
1996-09-22,34.99,26.22,58.36,0.0,0.46
1996-09-23,37.93,26.15,55.35,0.0,0.46
1996-09-24,36.48,26.65,57.6,0.05,0.46
1996-09-25,33.53,25.54,64.64,0.18,0.46
1996-09-26,35.52,25.34,60.24,0.01,0.46
1996-09-27,33.45,25.55,62.02,0.01,0.46
1996-09-28,36.89,25.66,56.53,0.0,0.46
1996-09-29,38.71,26.73,51.23,0.0,0.46
1996-09-30,35.01,27.32,55.59,0.0,0.46
1996-10-01,35.86,26.83,52.57,0.0,0.46
1996-10-02,36.6,26.01,55.65,0.0,0.46
1996-10-03,33.43,25.37,64.19,0.13,0.46
1996-10-04,31.97,24.65,72.2,2.71,0.46
1996-10-05,31.87,24.63,66.29,0.02,0.46
1996-10-06,35.32,24.29,61.67,0.0,0.46
1996-10-07,35.58,25.28,57.62,0.02,0.46
1996-10-08,35.92,24.91,55.07,0.0,0.46
1996-10-09,37.29,24.25,46.17,0.0,0.46
1996-10-10,38.26,24.02,45.72,0.05,0.46
1996-10-11,37.27,24.15,49.49,0.02,0.46
1996-10-12,36.97,24.99,48.14,0.03,0.46
1996-10-13,38.55,26.25,44.91,0.0,0.46
1996-10-14,39.21,26.65,42.62,0.0,0.46
1996-10-15,37.81,26.38,48.44,0.0,0.46
1996-10-16,33.74,27.22,56.63,0.0,0.46
1996-10-17,37.34,26.01,50.3,0.0,0.46
1996-10-18,36.07,27.15,50.04,0.0,0.46
1996-10-19,37.73,27.23,45.65,0.0,0.46
1996-10-20,38.64,26.42,44.65,0.12,0.46
1996-10-21,33.78,27.15,54.08,0.15,0.46
1996-10-22,37.81,26.04,48.79,0.0,0.46
1996-10-23,33.46,25.94,51.99,0.0,0.46
1996-10-24,38.16,24.82,44.6,0.0,0.46
1996-10-25,35.2,26.09,51.52,0.01,0.46
1996-10-26,34.54,26.14,53.11,0.0,0.46
1996-10-27,35.87,25.35,48.83,0.01,0.46
1996-10-28,36.17,24.48,52.97,0.01,0.46
1996-10-29,37.17,24.25,51.7,0.0,0.46
1996-10-30,37.42,24.69,54.34,0.04,0.46
1996-10-31,35.22,25.43,55.58,0.06,0.46
1996-11-01,35.53,25.57,56.93,0.24,0.46
1996-11-02,35.46,26.15,55.69,0.01,0.46
1996-11-03,34.59,25.32,56.35,0.0,0.46
1996-11-04,36.37,26.18,51.27,0.08,0.46
1996-11-05,34.63,25.89,60.95,2.13,0.46
1996-11-06,33.66,25.16,61.72,0.01,0.46
1996-11-07,36.84,22.51,52.13,0.0,0.46
1996-11-08,37.58,22.01,52.45,0.0,0.46
1996-11-09,36.85,24.12,56.25,0.0,0.46
1996-11-10,36.82,24.48,42.78,0.0,0.46
1996-11-11,36.68,21.05,37.28,0.0,0.46
1996-11-12,35.42,20.17,38.78,0.0,0.46
1996-11-13,35.17,19.56,41.79,0.0,0.46
1996-11-14,36.07,20.27,38.56,0.0,0.46
1996-11-15,34.94,21.29,45.23,0.0,0.46
1996-11-16,33.96,23.63,46.8,0.0,0.46
1996-11-17,35.28,23.85,44.65,0.0,0.46
1996-11-18,35.57,22.63,43.7,0.22,0.46
1996-11-19,34.72,23.35,47.33,0.0,0.46
1996-11-20,34.4,24.04,48.86,0.0,0.46
1996-11-21,35.06,22.8,48.33,0.0,0.46
1996-11-22,35.43,22.23,49.24,0.0,0.46
1996-11-23,35.8,21.95,46.65,0.0,0.46
1996-11-24,35.1,21.83,48.32,0.0,0.46
1996-11-25,34.09,20.57,46.79,0.0,0.46
1996-11-26,34.53,20.67,38.38,0.0,0.46
1996-11-27,35.14,20.37,36.59,0.0,0.46
1996-11-28,34.47,21.61,40.01,0.0,0.46
1996-11-29,32.73,23.26,53.97,0.0,0.46
1996-11-30,31.23,23.11,63.76,0.0,0.46
1996-12-01,32.67,22.39,57.74,0.0,0.46
1996-12-02,31.67,22.89,62.95,0.0,0.46
1996-12-03,34.33,22.79,57.67,0.0,0.46
1996-12-04,32.01,23.39,57.65,0.0,0.46
1996-12-05,33.03,23.63,58.92,0.0,0.46
1996-12-06,35.76,23.72,52.71,0.0,0.46
1996-12-07,35.18,23.09,51.0,0.0,0.46
1996-12-08,33.85,24.96,54.88,0.0,0.46
1996-12-09,34.6,22.88,51.38,0.0,0.46
1996-12-10,33.91,22.02,50.92,0.0,0.46
1996-12-11,34.78,21.7,56.29,0.0,0.46
1996-12-12,34.08,21.37,52.87,0.0,0.46
1996-12-13,34.21,21.05,37.99,0.0,0.46
1996-12-14,33.8,19.21,35.95,0.0,0.46
1996-12-15,32.17,15.45,36.13,0.0,0.46
1996-12-16,31.65,15.27,37.09,0.0,0.46
1996-12-17,31.04,13.35,27.67,0.0,0.46
1996-12-18,31.69,14.11,26.66,0.0,0.46
1996-12-19,32.25,14.62,32.67,0.0,0.46
1996-12-20,32.09,18.33,39.95,0.0,0.46
1996-12-21,32.02,19.94,41.33,0.0,0.46
1996-12-22,32.42,18.32,46.69,0.0,0.46
1996-12-23,32.1,16.94,44.36,0.0,0.46
1996-12-24,30.9,16.08,48.24,0.0,0.46
1996-12-25,31.07,16.16,47.69,0.0,0.46
1996-12-26,30.99,15.65,41.16,0.0,0.46
1996-12-27,31.49,15.98,49.19,0.0,0.46
1996-12-28,31.58,15.77,45.06,0.0,0.46
1996-12-29,31.33,16.07,37.73,0.0,0.46
1996-12-30,30.91,15.59,37.72,0.0,0.46
1996-12-31,31.12,15.46,33.32,0.0,0.46
1997-01-01,31.23,13.92,27.08,0.0,0.46
1997-01-02,31.31,14.65,34.77,0.0,0.46
1997-01-03,30.99,14.59,54.01,0.0,0.46
1997-01-04,30.01,15.02,53.66,0.0,0.46
1997-01-05,30.25,15.31,41.82,0.0,0.46
1997-01-06,30.52,14.74,46.84,0.0,0.46
1997-01-07,30.62,15.1,43.74,0.0,0.46
1997-01-08,30.78,15.51,47.15,0.0,0.46
1997-01-09,31.24,16.23,46.64,0.0,0.46
1997-01-10,32.52,17.55,41.02,0.0,0.46
1997-01-11,32.17,17.39,42.37,0.0,0.46
1997-01-12,32.59,16.8,49.25,0.0,0.46
1997-01-13,31.88,16.78,38.24,0.0,0.46
1997-01-14,30.57,14.3,26.61,0.0,0.46
1997-01-15,30.99,13.12,24.83,0.0,0.46
1997-01-16,31.4,13.32,24.46,0.0,0.46
1997-01-17,31.5,15.67,44.29,0.0,0.46
1997-01-18,29.37,12.72,38.89,0.0,0.46
1997-01-19,29.38,11.95,29.75,0.0,0.46
1997-01-20,31.36,13.58,26.27,0.0,0.46
1997-01-21,30.55,13.36,57.93,0.0,0.46
1997-01-22,30.34,14.46,65.94,0.0,0.46
1997-01-23,27.37,12.0,45.67,0.0,0.46
1997-01-24,28.6,10.29,45.6,0.0,0.46
1997-01-25,28.61,11.65,35.93,0.0,0.46
1997-01-26,29.68,10.92,26.52,0.0,0.46
1997-01-27,31.38,10.67,23.62,0.0,0.46
1997-01-28,32.26,13.42,33.1,0.0,0.46
1997-01-29,32.15,13.7,36.73,0.0,0.46
1997-01-30,31.25,13.42,35.81,0.0,0.46
1997-01-31,30.99,13.14,37.54,0.0,0.46
1997-02-01,30.44,12.5,49.6,0.0,0.46
1997-02-02,32.19,15.69,63.96,0.0,0.46
1997-02-03,31.02,15.12,52.62,0.0,0.46
1997-02-04,32.5,15.62,53.91,0.0,0.46
1997-02-05,31.84,16.45,59.79,0.0,0.46
1997-02-06,31.35,15.08,54.58,0.0,0.46
1997-02-07,31.29,15.96,57.17,0.0,0.46
1997-02-08,29.6,13.32,39.62,0.0,0.46
1997-02-09,30.12,10.19,26.45,0.0,0.46
1997-02-10,29.66,9.83,16.8,0.0,0.46
1997-02-11,31.65,11.94,21.45,0.0,0.46
1997-02-12,32.64,14.39,48.77,0.0,0.46
1997-02-13,33.19,15.66,44.63,0.0,0.46
1997-02-14,33.81,14.46,35.16,0.0,0.46
1997-02-15,33.08,13.27,36.38,0.0,0.46
1997-02-16,34.48,14.24,49.11,0.0,0.46
1997-02-17,34.61,15.56,50.81,0.0,0.46
1997-02-18,34.65,15.88,50.04,0.0,0.46
1997-02-19,34.49,16.85,48.3,0.0,0.46
1997-02-20,34.76,16.64,52.97,0.0,0.46
1997-02-21,33.53,17.0,51.99,0.0,0.46
1997-02-22,34.39,17.3,49.56,0.0,0.46
1997-02-23,33.44,15.91,34.95,0.0,0.46
1997-02-24,31.69,14.4,32.57,0.0,0.46
1997-02-25,32.78,13.47,20.71,0.0,0.46
1997-02-26,34.76,14.9,21.6,0.0,0.46
1997-02-27,36.1,15.83,26.06,0.0,0.46
1997-02-28,36.12,16.26,36.42,0.0,0.46
1997-03-01,35.53,17.44,38.86,0.0,0.46
1997-03-02,37.05,17.5,25.56,0.0,0.46
1997-03-03,37.63,18.07,28.75,0.0,0.46
1997-03-04,37.67,18.95,35.76,0.0,0.46
1997-03-05,37.25,19.02,33.87,0.0,0.46
1997-03-06,37.3,18.93,39.15,0.0,0.46
1997-03-07,37.76,18.9,29.43,0.0,0.46
1997-03-08,38.92,19.96,38.18,0.0,0.46
1997-03-09,38.82,20.18,39.87,0.0,0.46
1997-03-10,38.34,19.13,46.57,0.0,0.46
1997-03-11,38.12,19.34,45.0,0.0,0.46
1997-03-12,38.66,19.93,48.64,0.0,0.46
1997-03-13,38.65,19.74,48.56,0.0,0.46
1997-03-14,38.4,21.18,51.36,0.0,0.45
1997-03-15,37.24,21.35,54.92,0.0,0.45
1997-03-16,38.35,22.58,51.37,0.0,0.45
1997-03-17,38.48,22.14,55.16,0.0,0.45
1997-03-18,37.06,22.44,55.74,0.01,0.45
1997-03-19,37.51,21.74,54.52,0.0,0.46
1997-03-20,35.75,21.73,60.74,0.0,0.46
1997-03-21,34.27,22.94,61.45,0.01,0.46
1997-03-22,35.56,21.83,60.59,0.19,0.46
1997-03-23,31.44,22.68,66.31,0.08,0.46
1997-03-24,32.96,22.28,57.28,0.0,0.46
1997-03-25,32.19,22.77,52.12,0.0,0.46
1997-03-26,35.94,19.94,37.71,0.0,0.46
1997-03-27,38.91,21.36,31.76,0.02,0.46
1997-03-28,38.59,20.75,44.51,0.0,0.46
1997-03-29,38.87,21.21,39.7,0.0,0.46
1997-03-30,37.06,21.47,48.15,0.0,0.46
1997-03-31,36.22,22.15,44.12,0.0,0.46
1997-04-01,37.0,19.48,45.53,0.0,0.46
1997-04-02,37.88,20.72,48.34,0.0,0.46
1997-04-03,39.06,22.33,47.29,0.0,0.46
1997-04-04,39.28,22.6,46.15,0.0,0.46
1997-04-05,38.27,23.94,41.88,0.0,0.46
1997-04-06,36.21,24.04,43.61,0.0,0.46
1997-04-07,37.46,22.41,42.82,0.03,0.46
1997-04-08,34.77,20.5,46.35,0.08,0.46
1997-04-09,36.75,20.34,47.44,1.25,0.46
1997-04-10,37.54,21.6,48.58,0.0,0.46
1997-04-11,37.03,22.0,45.89,0.0,0.46
1997-04-12,33.88,22.28,53.69,0.0,0.46
1997-04-13,32.24,20.75,57.53,0.02,0.46
1997-04-14,32.74,21.13,54.24,0.0,0.46
1997-04-15,38.08,19.27,47.18,0.0,0.46
1997-04-16,38.52,21.67,50.44,0.0,0.46
1997-04-17,37.84,23.54,51.31,0.0,0.46
1997-04-18,38.46,23.7,48.99,0.0,0.46
1997-04-19,38.41,23.86,44.42,0.0,0.46
1997-04-20,38.82,24.66,46.94,0.0,0.46
1997-04-21,39.01,22.04,44.35,0.0,0.46
1997-04-22,41.23,23.46,40.27,0.0,0.46
1997-04-23,40.69,24.55,41.23,0.01,0.46
1997-04-24,38.64,22.64,39.15,0.03,0.46
1997-04-25,36.52,24.55,41.41,0.01,0.46
1997-04-26,37.67,24.5,38.97,0.0,0.46
1997-04-27,36.12,25.22,44.71,0.0,0.46
1997-04-28,38.86,23.07,42.95,0.0,0.46
1997-04-29,39.43,23.7,42.84,0.0,0.46
1997-04-30,38.2,26.03,44.46,0.0,0.46
1997-05-01,38.36,26.26,47.56,0.0,0.46
1997-05-02,38.06,25.7,53.1,0.0,0.46
1997-05-03,39.63,26.34,50.84,0.0,0.46
1997-05-04,41.22,25.67,47.95,0.0,0.46
1997-05-05,40.36,25.24,50.1,0.0,0.46
1997-05-06,38.22,27.23,48.42,0.0,0.46
1997-05-07,37.95,26.26,42.26,0.24,0.46
1997-05-08,41.63,25.81,36.62,1.36,0.46
1997-05-09,42.21,24.48,42.72,0.0,0.46
1997-05-10,41.65,24.64,47.08,0.0,0.46
1997-05-11,41.19,25.42,48.65,0.0,0.46
1997-05-12,42.17,25.88,45.26,0.0,0.46
1997-05-13,42.33,26.19,42.66,0.0,0.46
1997-05-14,42.83,26.96,40.45,0.01,0.46
1997-05-15,43.94,26.99,39.95,1.38,0.46
1997-05-16,42.95,27.33,39.74,0.0,0.46
1997-05-17,31.87,27.4,58.58,0.58,0.46
1997-05-18,33.33,26.13,66.3,0.75,0.46
1997-05-19,36.56,26.09,58.4,1.41,0.46
1997-05-20,35.82,25.07,62.33,3.36,0.47
1997-05-21,37.07,25.31,59.08,0.16,0.47
1997-05-22,38.91,24.89,57.85,1.36,0.47
1997-05-23,37.54,25.93,59.2,0.08,0.47
1997-05-24,37.19,25.01,58.74,2.94,0.47
1997-05-25,34.54,25.69,64.47,4.94,0.47
1997-05-26,32.41,25.08,69.53,1.04,0.47
1997-05-27,35.32,23.83,64.59,1.92,0.47
1997-05-28,33.83,24.2,68.31,2.93,0.47
1997-05-29,32.47,24.54,73.83,6.09,0.48
1997-05-30,37.13,24.04,61.78,0.08,0.48
1997-05-31,37.19,24.26,61.19,0.0,0.48
1997-06-01,36.27,25.66,59.98,0.0,0.47
1997-06-02,34.98,26.39,62.92,0.3,0.47
1997-06-03,36.07,25.27,64.0,1.39,0.47
1997-06-04,34.67,25.61,62.06,0.0,0.47
1997-06-05,38.83,25.39,55.34,0.01,0.47
1997-06-06,36.42,25.89,61.05,1.99,0.47
1997-06-07,31.16,26.43,68.48,0.75,0.47
1997-06-08,31.14,25.7,67.89,0.16,0.47
1997-06-09,31.73,24.62,70.1,1.64,0.47
1997-06-10,33.26,24.4,71.23,1.69,0.47
1997-06-11,33.82,25.11,69.86,3.65,0.47
1997-06-12,33.09,24.65,75.09,8.65,0.48
1997-06-13,34.8,24.39,67.6,0.0,0.49
1997-06-14,35.43,24.92,66.66,0.19,0.48
1997-06-15,34.56,25.93,69.97,0.57,0.48
1997-06-16,33.45,26.07,68.76,0.17,0.48
1997-06-17,32.9,26.4,66.18,0.14,0.48
1997-06-18,33.7,25.01,69.84,5.26,0.48
1997-06-19,33.5,25.93,71.31,0.39,0.48
1997-06-20,33.68,25.46,71.75,2.76,0.48
1997-06-21,32.52,25.53,78.28,7.77,0.49
1997-06-22,34.19,25.18,71.0,0.51,0.49
1997-06-23,32.05,25.94,74.96,0.55,0.49
1997-06-24,34.1,25.1,75.46,4.11,0.49
1997-06-25,34.09,25.25,73.8,1.99,0.49
1997-06-26,33.66,25.38,76.03,3.95,0.49
1997-06-27,31.63,24.64,80.25,16.46,0.51
1997-06-28,33.72,24.06,76.51,5.54,0.52
1997-06-29,34.08,25.05,71.77,0.22,0.52
1997-06-30,35.34,24.89,70.33,1.48,0.51
1997-07-01,34.63,24.74,77.1,5.7,0.52
1997-07-02,34.18,25.18,74.59,3.29,0.52
1997-07-03,31.84,24.71,78.8,10.04,0.52
1997-07-04,31.19,24.62,81.49,10.45,0.54
1997-07-05,32.31,24.38,80.14,3.21,0.55
1997-07-06,31.01,24.88,79.77,0.39,0.54
1997-07-07,32.67,24.54,73.88,0.97,0.54
1997-07-08,33.56,25.13,70.94,1.47,0.54
1997-07-09,33.26,24.71,73.85,3.73,0.54
1997-07-10,32.31,25.45,79.26,9.95,0.54
1997-07-11,32.64,24.93,77.86,3.22,0.55
1997-07-12,31.54,24.56,77.4,0.31,0.55
1997-07-13,34.03,24.0,73.28,0.01,0.54
1997-07-14,34.29,25.04,73.98,0.0,0.54
1997-07-15,34.84,25.89,70.44,0.0,0.53
1997-07-16,33.94,25.92,70.94,0.1,0.53
1997-07-17,34.03,24.92,74.56,2.45,0.53
1997-07-18,35.31,24.9,68.92,0.07,0.53
1997-07-19,35.45,24.58,68.28,1.04,0.52
1997-07-20,35.3,24.71,68.45,1.15,0.52
1997-07-21,34.65,24.69,69.23,0.18,0.52
1997-07-22,34.03,25.57,72.42,0.44,0.51
1997-07-23,32.48,25.39,77.08,5.29,0.51
1997-07-24,34.17,24.86,75.58,1.99,0.52
1997-07-25,32.07,24.59,81.4,4.35,0.52
1997-07-26,32.98,24.06,76.27,1.12,0.52
1997-07-27,34.27,24.98,74.94,1.15,0.52
1997-07-28,31.72,25.88,79.59,2.02,0.52
1997-07-29,32.64,24.99,76.97,1.64,0.52
1997-07-30,33.49,24.51,78.77,5.17,0.52
1997-07-31,33.15,24.89,80.63,7.29,0.53
1997-08-01,32.1,24.84,82.18,14.51,0.54
1997-08-02,31.05,25.14,85.53,5.89,0.55
1997-08-03,31.41,25.03,80.7,2.45,0.55
1997-08-04,29.36,24.91,86.35,6.8,0.56
1997-08-05,33.02,24.6,76.0,2.41,0.56
1997-08-06,33.82,23.99,74.9,2.21,0.55
1997-08-07,34.05,23.95,73.96,1.28,0.55
1997-08-08,33.08,24.33,77.69,2.07,0.55
1997-08-09,31.44,25.03,82.62,3.01,0.55
1997-08-10,32.08,24.58,82.04,4.75,0.55
1997-08-11,31.44,24.42,82.41,2.33,0.55
1997-08-12,29.88,24.67,84.07,4.71,0.56
1997-08-13,32.48,24.09,79.8,6.68,0.56
1997-08-14,32.65,24.26,81.0,10.38,0.57
1997-08-15,33.0,24.28,78.49,0.74,0.57
1997-08-16,32.48,23.83,80.91,3.3,0.57
1997-08-17,31.62,24.44,80.26,0.98,0.56
1997-08-18,31.81,24.67,80.37,0.63,0.56
1997-08-19,33.62,23.44,77.28,1.4,0.56
1997-08-20,30.93,23.5,81.06,9.04,0.56
1997-08-21,33.0,23.06,76.11,2.42,0.57
1997-08-22,34.64,22.49,73.87,2.58,0.56
1997-08-23,35.12,23.69,71.97,0.01,0.56
1997-08-24,35.98,25.0,70.16,0.14,0.55
1997-08-25,31.44,25.71,79.27,0.41,0.55
1997-08-26,34.35,24.49,76.69,2.94,0.55
1997-08-27,33.13,25.17,77.15,2.29,0.54
1997-08-28,32.76,24.79,81.32,7.94,0.55
1997-08-29,32.51,24.49,80.08,1.84,0.55
1997-08-30,31.48,24.4,78.62,0.59,0.55
1997-08-31,33.0,23.75,75.65,2.26,0.55
1997-09-01,33.6,24.58,75.43,2.89,0.55
1997-09-02,33.78,23.88,74.91,2.49,0.54
1997-09-03,33.4,24.48,75.21,0.0,0.54
1997-09-04,32.6,25.13,73.73,0.04,0.54
1997-09-05,33.09,24.29,74.32,0.25,0.53
1997-09-06,31.52,24.52,76.41,0.19,0.53
1997-09-07,29.84,24.19,81.46,0.04,0.53
1997-09-08,34.99,23.14,70.68,0.0,0.53
1997-09-09,35.92,23.22,68.29,0.0,0.52
1997-09-10,37.27,23.88,65.0,0.0,0.52
1997-09-11,35.91,24.66,66.16,0.03,0.51
1997-09-12,36.69,24.59,64.3,0.01,0.51
1997-09-13,35.32,25.26,65.44,0.2,0.5
1997-09-14,33.8,24.59,70.67,2.22,0.5
1997-09-15,35.25,24.81,67.21,0.0,0.5
1997-09-16,36.54,24.71,64.34,0.02,0.5
1997-09-17,34.41,25.54,69.55,0.13,0.49
1997-09-18,35.1,25.37,68.1,0.01,0.49
1997-09-19,33.92,25.54,69.03,0.0,0.49
1997-09-20,36.55,25.34,64.89,0.03,0.49
1997-09-21,30.4,26.67,75.17,0.0,0.48
1997-09-22,31.38,24.82,71.24,0.0,0.48
1997-09-23,35.24,23.85,65.81,0.01,0.48
1997-09-24,31.9,25.84,72.53,0.01,0.48
1997-09-25,32.91,25.42,67.31,0.02,0.48
1997-09-26,31.76,24.32,70.15,0.04,0.48
1997-09-27,31.65,24.72,68.7,0.03,0.48
1997-09-28,33.51,25.69,66.78,0.13,0.48
1997-09-29,36.39,24.23,61.4,0.0,0.47
1997-09-30,33.27,24.12,69.47,0.02,0.47
1997-10-01,35.72,23.56,62.74,0.0,0.47
1997-10-02,35.4,24.74,58.48,0.0,0.47
1997-10-03,35.8,24.93,58.24,0.0,0.47
1997-10-04,37.55,24.46,56.78,0.0,0.47
1997-10-05,33.9,25.59,69.71,0.11,0.47
1997-10-06,30.79,25.07,73.02,0.11,0.47
1997-10-07,32.59,24.47,70.31,0.17,0.47
1997-10-08,35.92,24.45,61.91,0.0,0.47
1997-10-09,36.8,24.29,57.01,0.0,0.47
1997-10-10,38.84,22.51,52.66,0.0,0.47
1997-10-11,39.43,23.12,54.92,0.01,0.46
1997-10-12,38.76,23.73,52.32,0.04,0.46
1997-10-13,37.42,24.6,52.24,0.0,0.46
1997-10-14,36.91,24.55,51.4,0.0,0.46
1997-10-15,37.68,24.16,47.87,0.0,0.46
1997-10-16,37.85,24.1,49.47,0.0,0.46
1997-10-17,39.11,25.49,45.34,0.0,0.46
1997-10-18,38.86,25.04,47.89,1.43,0.46
1997-10-19,39.3,24.67,47.75,0.0,0.46
1997-10-20,38.84,24.25,45.38,0.0,0.46
1997-10-21,38.44,23.59,44.99,0.0,0.46
1997-10-22,38.36,22.8,46.49,0.0,0.46
1997-10-23,37.8,21.83,51.58,0.0,0.46
1997-10-24,32.86,23.84,50.07,0.0,0.46
1997-10-25,37.45,23.43,52.48,9.26,0.47
1997-10-26,33.28,24.1,67.37,0.03,0.48
1997-10-27,36.84,23.55,58.36,0.15,0.47
1997-10-28,35.87,24.59,58.75,0.0,0.47
1997-10-29,33.2,24.1,62.19,0.0,0.47
1997-10-30,34.06,24.3,59.07,0.0,0.47
1997-10-31,35.65,24.75,55.33,0.0,0.47
1997-11-01,34.1,25.34,57.34,0.0,0.47
1997-11-02,32.61,25.31,61.72,0.0,0.47
1997-11-03,36.19,23.33,55.89,0.03,0.46
1997-11-04,37.43,23.38,48.33,0.66,0.46
1997-11-05,34.74,23.78,54.32,0.05,0.46
1997-11-06,34.91,23.88,54.65,0.23,0.46
1997-11-07,30.83,23.9,62.57,0.1,0.46
1997-11-08,31.86,22.49,55.58,0.0,0.46
1997-11-09,35.01,21.59,49.59,0.0,0.46
1997-11-10,34.28,23.58,55.15,0.0,0.46
1997-11-11,34.84,24.32,54.88,0.0,0.46
1997-11-12,33.57,24.99,56.22,0.0,0.46
1997-11-13,35.37,23.01,56.78,0.0,0.46
1997-11-14,34.53,21.53,52.72,0.0,0.46
1997-11-15,35.79,21.29,49.03,0.0,0.46
1997-11-16,34.48,20.45,47.0,0.0,0.46
1997-11-17,34.33,21.96,38.11,0.0,0.46
1997-11-18,35.76,20.73,40.55,0.0,0.46
1997-11-19,29.87,22.8,50.92,0.0,0.46
1997-11-20,31.37,21.24,56.93,0.02,0.46
1997-11-21,34.9,23.07,48.07,0.0,0.46
1997-11-22,35.12,22.32,44.36,0.0,0.46
1997-11-23,36.73,21.75,47.1,0.0,0.46
1997-11-24,36.04,20.69,45.46,0.0,0.46
1997-11-25,34.46,20.92,43.9,0.0,0.46
1997-11-26,35.59,20.22,36.67,0.0,0.46
1997-11-27,36.69,21.37,39.54,0.0,0.46
1997-11-28,36.1,21.64,47.73,0.0,0.46
1997-11-29,36.04,20.5,41.08,0.0,0.46
1997-11-30,37.02,20.81,38.4,0.0,0.46
1997-12-01,36.65,20.19,43.15,0.0,0.46
1997-12-02,37.39,20.25,43.91,0.0,0.46
1997-12-03,36.42,20.46,49.13,0.0,0.46
1997-12-04,34.72,20.41,53.99,0.0,0.46
1997-12-05,34.82,20.51,49.3,0.0,0.46
1997-12-06,34.72,20.34,44.56,0.0,0.46
1997-12-07,34.26,19.14,38.09,0.0,0.46
1997-12-08,35.58,19.71,35.0,0.0,0.46
1997-12-09,35.31,20.97,45.36,0.0,0.46
1997-12-10,31.49,21.89,56.63,0.06,0.46
1997-12-11,29.48,21.99,68.56,0.0,0.46
1997-12-12,33.19,18.91,52.04,0.0,0.46
1997-12-13,33.54,16.35,52.76,0.0,0.46
1997-12-14,33.71,19.17,52.56,0.02,0.46
1997-12-15,32.98,20.71,51.84,0.0,0.46
1997-12-16,32.91,19.25,53.82,0.0,0.46
1997-12-17,34.89,18.93,42.25,0.0,0.46
1997-12-18,33.49,19.78,40.06,0.0,0.46
1997-12-19,33.74,17.24,36.77,0.0,0.46
1997-12-20,32.89,16.84,36.44,0.0,0.46
1997-12-21,30.18,13.32,37.47,0.0,0.46
1997-12-22,31.4,12.87,34.69,0.0,0.46
1997-12-23,31.56,13.02,35.05,0.0,0.46
1997-12-24,30.3,14.4,60.15,0.0,0.46
1997-12-25,28.79,12.23,53.7,0.0,0.46
1997-12-26,29.66,13.01,47.78,0.0,0.46
1997-12-27,31.34,15.87,48.98,0.0,0.46
1997-12-28,31.94,15.41,58.16,0.0,0.46
1997-12-29,31.75,15.12,47.05,0.0,0.46
1997-12-30,32.49,15.28,34.65,0.0,0.46
1997-12-31,32.94,15.95,41.26,0.0,0.46
1998-01-01,32.31,15.9,40.03,0.0,0.46
1998-01-02,32.72,14.96,35.73,0.0,0.46
1998-01-03,33.08,15.3,45.02,0.0,0.46
1998-01-04,32.43,14.29,27.45,0.0,0.46
1998-01-05,33.42,14.02,24.14,0.0,0.46
1998-01-06,32.5,15.14,45.77,0.0,0.46
1998-01-07,32.67,14.31,34.05,0.0,0.46
1998-01-08,32.93,12.42,29.68,0.0,0.46
1998-01-09,31.31,12.15,36.81,0.0,0.46
1998-01-10,31.38,11.25,38.1,0.0,0.46
1998-01-11,32.74,12.03,31.22,0.0,0.46
1998-01-12,32.8,12.73,38.79,0.0,0.46
1998-01-13,31.32,12.18,39.38,0.0,0.46
1998-01-14,29.95,12.67,41.31,0.0,0.46
1998-01-15,31.19,13.72,45.74,0.0,0.46
1998-01-16,30.87,13.29,53.92,0.0,0.46
1998-01-17,30.62,13.8,53.77,2.31,0.46
1998-01-18,31.8,14.37,59.19,3.0,0.47
1998-01-19,33.47,16.73,61.51,0.0,0.47
1998-01-20,33.07,16.23,56.8,0.0,0.46
1998-01-21,35.11,14.39,55.19,0.03,0.46
1998-01-22,32.12,16.83,62.05,0.0,0.46
1998-01-23,31.61,16.34,55.96,0.0,0.46
1998-01-24,31.72,13.82,44.06,0.0,0.46
1998-01-25,31.7,14.01,45.0,0.0,0.46
1998-01-26,32.81,15.06,40.03,0.0,0.46
1998-01-27,33.56,14.9,39.91,0.0,0.46
1998-01-28,34.56,16.44,37.67,0.0,0.46
1998-01-29,35.22,15.49,38.45,0.0,0.46
1998-01-30,35.33,17.24,40.05,0.0,0.46
1998-01-31,33.22,16.9,41.02,0.0,0.46
1998-02-01,33.31,15.8,36.34,0.0,0.46
1998-02-02,34.4,15.44,34.47,0.0,0.46
1998-02-03,33.6,13.18,48.58,0.0,0.46
1998-02-04,33.19,15.34,39.15,0.0,0.46
1998-02-05,34.52,16.05,44.18,0.0,0.46
1998-02-06,30.96,14.45,41.88,0.0,0.46
1998-02-07,32.69,14.02,27.5,0.0,0.46
1998-02-08,32.52,14.95,30.58,0.0,0.46
1998-02-09,31.15,14.25,33.64,0.0,0.46
1998-02-10,32.15,13.27,32.8,0.0,0.46
1998-02-11,33.01,12.93,24.34,0.0,0.46
1998-02-12,34.41,14.84,27.85,0.0,0.46
1998-02-13,32.75,13.85,31.12,0.0,0.46
1998-02-14,33.46,12.66,37.25,0.0,0.46
1998-02-15,33.53,13.29,46.62,0.0,0.46
1998-02-16,33.12,14.76,51.72,0.0,0.46
1998-02-17,34.09,15.71,49.38,0.0,0.46
1998-02-18,35.1,17.07,49.37,0.0,0.46
1998-02-19,35.07,17.78,53.83,0.03,0.46
1998-02-20,34.33,18.13,56.15,0.0,0.46
1998-02-21,34.06,18.66,55.49,0.0,0.46
1998-02-22,34.67,19.88,50.37,0.0,0.46
1998-02-23,35.43,17.55,44.0,0.0,0.46
1998-02-24,36.63,20.35,39.61,0.0,0.46
1998-02-25,37.29,18.39,48.62,0.0,0.46
1998-02-26,38.01,19.57,53.43,0.0,0.46
1998-02-27,36.66,20.19,53.38,0.0,0.46
1998-02-28,37.2,19.65,49.56,0.0,0.46
1998-03-01,35.78,17.83,49.1,0.0,0.46
1998-03-02,35.78,16.76,40.14,0.0,0.46
1998-03-03,35.52,17.06,33.65,0.0,0.46
1998-03-04,36.46,16.25,21.03,0.0,0.46
1998-03-05,37.69,17.8,27.98,0.0,0.46
1998-03-06,37.16,16.67,47.63,0.0,0.46
1998-03-07,36.64,18.8,55.21,0.0,0.46
1998-03-08,34.51,19.38,60.54,0.0,0.46
1998-03-09,34.89,16.79,43.53,0.0,0.46
1998-03-10,34.96,15.54,33.5,0.0,0.46
1998-03-11,36.53,16.52,38.05,0.0,0.46
1998-03-12,37.5,18.24,42.37,0.0,0.46
1998-03-13,38.55,20.06,45.97,0.0,0.46
1998-03-14,38.31,21.18,47.54,0.0,0.46
1998-03-15,37.42,21.17,47.2,0.0,0.46
1998-03-16,37.49,20.29,36.49,0.0,0.46
1998-03-17,38.45,19.34,20.88,0.0,0.46
1998-03-18,37.56,22.92,20.76,0.0,0.46
1998-03-19,35.66,19.3,32.38,0.0,0.46
1998-03-20,36.54,19.79,41.09,0.0,0.46
1998-03-21,38.03,19.43,46.65,0.0,0.46
1998-03-22,40.1,20.82,46.56,0.01,0.46
1998-03-23,40.01,21.72,50.38,0.01,0.46
1998-03-24,40.8,19.55,43.2,0.0,0.46
1998-03-25,38.24,19.88,51.18,0.0,0.46
1998-03-26,38.4,20.37,50.95,0.0,0.46
1998-03-27,37.92,19.81,38.36,0.0,0.46
1998-03-28,40.19,21.39,23.86,0.0,0.46
1998-03-29,40.05,21.19,29.86,0.84,0.46
1998-03-30,40.2,22.79,32.54,0.0,0.46
1998-03-31,38.57,23.28,39.44,0.0,0.46
1998-04-01,37.99,21.56,39.49,0.0,0.46
1998-04-02,39.43,21.11,30.29,0.0,0.46
1998-04-03,39.9,21.12,42.96,0.0,0.46
1998-04-04,40.47,21.41,44.11,0.01,0.46
1998-04-05,40.57,21.06,39.81,0.02,0.46
1998-04-06,40.65,21.35,32.5,0.01,0.46
1998-04-07,39.43,21.79,46.69,0.0,0.46
1998-04-08,39.98,22.64,46.34,0.0,0.46
1998-04-09,41.06,24.51,42.56,0.0,0.46
1998-04-10,41.31,24.17,44.81,0.0,0.46
1998-04-11,41.65,22.67,45.72,0.0,0.46
1998-04-12,42.35,25.03,40.98,0.0,0.46
1998-04-13,42.63,23.0,42.54,0.0,0.46
1998-04-14,42.2,24.31,42.79,0.0,0.46
1998-04-15,42.93,25.85,41.72,0.0,0.46
1998-04-16,42.42,27.57,38.77,0.0,0.46
1998-04-17,40.91,27.71,35.09,0.0,0.46
1998-04-18,40.38,25.76,34.7,0.01,0.46
1998-04-19,40.3,25.45,43.76,0.0,0.46
1998-04-20,39.53,24.44,48.77,0.0,0.46
1998-04-21,40.1,25.06,53.5,0.08,0.46
1998-04-22,36.17,24.51,62.78,5.22,0.46
1998-04-23,35.78,24.32,62.13,0.02,0.47
1998-04-24,39.05,24.41,54.25,0.16,0.46
1998-04-25,39.69,23.8,49.96,0.0,0.46
1998-04-26,37.37,25.44,47.96,0.04,0.46
1998-04-27,36.79,25.37,53.37,1.75,0.46
1998-04-28,39.71,25.31,52.22,0.0,0.46
1998-04-29,39.93,26.13,53.13,0.21,0.46
1998-04-30,35.6,26.37,57.81,0.0,0.46
1998-05-01,40.29,25.34,52.49,0.0,0.46
1998-05-02,39.14,25.87,52.71,0.21,0.46
1998-05-03,38.9,26.19,51.18,0.26,0.46
1998-05-04,40.54,26.02,47.99,0.0,0.46
1998-05-05,40.64,26.48,48.14,0.0,0.46
1998-05-06,40.33,25.83,47.8,0.0,0.46
1998-05-07,42.47,25.77,42.05,0.0,0.46
1998-05-08,42.73,26.19,41.52,0.0,0.46
1998-05-09,42.49,26.51,45.89,0.0,0.46
1998-05-10,41.83,26.7,47.63,0.0,0.46
1998-05-11,40.63,27.94,45.34,0.0,0.46
1998-05-12,43.06,27.04,44.51,0.08,0.46
1998-05-13,42.51,27.21,41.0,4.22,0.46
1998-05-14,41.24,26.09,47.14,0.0,0.47
1998-05-15,41.42,28.75,48.41,0.0,0.46
1998-05-16,42.22,27.75,45.23,0.0,0.46
1998-05-17,37.51,28.44,53.08,0.01,0.46
1998-05-18,32.99,26.61,63.53,0.05,0.46
1998-05-19,34.54,26.89,67.11,0.26,0.46
1998-05-20,36.32,27.65,65.08,2.08,0.46
1998-05-21,33.43,28.05,70.69,0.01,0.46
1998-05-22,32.28,27.04,64.06,0.12,0.46
1998-05-23,40.16,27.0,52.45,0.0,0.46
1998-05-24,41.2,27.59,51.02,0.02,0.46
1998-05-25,40.31,27.69,53.5,0.0,0.46
1998-05-26,37.24,27.95,58.82,0.19,0.46
1998-05-27,34.71,27.21,64.14,4.51,0.47
1998-05-28,38.75,26.68,60.09,0.07,0.47
1998-05-29,38.72,27.64,59.57,0.17,0.47
1998-05-30,37.85,28.15,60.08,0.03,0.47
1998-05-31,37.2,27.63,61.53,0.51,0.47
1998-06-01,35.44,27.28,61.61,0.1,0.47
1998-06-02,36.87,27.62,60.1,0.0,0.46
1998-06-03,38.07,27.17,59.13,0.0,0.46
1998-06-04,39.06,26.92,54.34,0.0,0.46
1998-06-05,36.5,28.54,56.31,0.02,0.46
1998-06-06,37.36,27.44,59.59,0.45,0.46
1998-06-07,37.28,27.53,56.28,0.0,0.46
1998-06-08,33.95,27.39,59.92,0.06,0.46
1998-06-09,36.97,26.57,57.32,0.0,0.46
1998-06-10,30.73,27.82,69.13,0.09,0.46
1998-06-11,36.01,26.41,61.11,0.04,0.46
1998-06-12,36.17,27.35,57.75,0.0,0.46
1998-06-13,39.03,27.35,54.15,0.0,0.46
1998-06-14,36.19,27.96,54.63,0.58,0.46
1998-06-15,36.15,27.52,65.6,5.02,0.47
1998-06-16,36.09,27.46,66.53,0.0,0.47
1998-06-17,35.24,27.47,65.67,0.0,0.47
1998-06-18,35.51,26.62,63.2,0.02,0.47
1998-06-19,36.28,27.27,61.01,0.01,0.47
1998-06-20,36.12,27.33,61.8,0.03,0.47
1998-06-21,34.74,27.67,63.57,0.03,0.47
1998-06-22,35.91,27.44,61.38,0.03,0.46
1998-06-23,36.65,27.35,61.27,0.22,0.46
1998-06-24,37.14,26.84,61.21,2.43,0.47
1998-06-25,37.53,26.68,61.02,0.01,0.47
1998-06-26,36.17,28.02,61.07,0.02,0.47
1998-06-27,36.32,27.38,61.96,0.05,0.47
1998-06-28,37.01,27.97,56.58,0.02,0.46
1998-06-29,35.75,27.96,55.31,0.11,0.46
1998-06-30,37.72,27.84,56.03,0.01,0.46
1998-07-01,38.67,28.0,58.91,0.01,0.46
1998-07-02,35.97,27.53,60.84,0.09,0.46
1998-07-03,33.32,27.12,66.46,0.23,0.46
1998-07-04,35.33,26.71,62.04,0.14,0.46
1998-07-05,33.88,26.29,64.33,0.21,0.46
1998-07-06,33.03,26.35,67.25,0.09,0.46
1998-07-07,34.28,26.24,62.35,0.05,0.46
1998-07-08,36.12,25.77,59.34,0.02,0.46
1998-07-09,32.25,27.28,68.78,0.01,0.46
1998-07-10,34.23,26.01,63.4,0.06,0.46
1998-07-11,32.43,26.61,63.69,0.34,0.46
1998-07-12,32.77,25.84,64.5,0.52,0.46
1998-07-13,35.84,25.46,60.46,0.02,0.46
1998-07-14,37.29,25.39,58.86,0.01,0.46
1998-07-15,36.28,26.37,59.57,0.39,0.46
1998-07-16,34.59,26.33,60.23,0.14,0.46
1998-07-17,31.48,25.55,67.41,0.01,0.46
1998-07-18,36.23,26.09,59.43,0.08,0.46
1998-07-19,37.44,26.21,56.7,0.0,0.46
1998-07-20,40.25,25.55,51.85,0.0,0.46
1998-07-21,41.06,26.44,49.36,0.01,0.46
1998-07-22,39.74,27.74,50.87,0.02,0.46
1998-07-23,38.53,28.22,51.38,0.01,0.46
1998-07-24,36.15,28.08,59.17,0.06,0.46
1998-07-25,35.42,27.01,61.45,0.1,0.46
1998-07-26,33.28,26.56,65.78,2.5,0.46
1998-07-27,36.58,26.59,59.95,0.08,0.46
1998-07-28,38.98,26.97,57.42,0.0,0.46
1998-07-29,38.55,26.98,55.76,0.23,0.46
1998-07-30,37.7,26.38,60.49,1.58,0.46
1998-07-31,36.16,27.62,56.97,0.03,0.46
1998-08-01,36.54,27.43,58.09,0.05,0.46
1998-08-02,37.2,27.58,59.28,0.04,0.46
1998-08-03,35.76,26.93,60.97,0.04,0.46
1998-08-04,35.53,27.14,61.81,0.04,0.46
1998-08-05,35.41,26.71,60.34,0.0,0.46
1998-08-06,37.82,26.24,56.43,0.0,0.46
1998-08-07,38.95,26.72,55.92,0.0,0.46
1998-08-08,36.29,27.68,59.58,0.0,0.46
1998-08-09,34.23,27.15,63.3,1.2,0.46
1998-08-10,32.15,25.31,74.5,4.36,0.47
1998-08-11,34.39,26.16,67.63,0.05,0.47
1998-08-12,36.14,25.3,61.61,0.1,0.47
1998-08-13,34.3,26.11,62.64,0.06,0.47
1998-08-14,35.62,25.88,61.38,0.0,0.47
1998-08-15,36.55,26.56,59.69,0.01,0.47
1998-08-16,36.49,26.41,60.15,0.0,0.46
1998-08-17,37.41,26.72,59.22,0.0,0.46
1998-08-18,33.8,27.22,63.1,0.06,0.46
1998-08-19,35.02,26.48,62.78,0.01,0.46
1998-08-20,40.9,25.94,52.73,0.05,0.46
1998-08-21,38.42,28.16,54.58,0.01,0.46
1998-08-22,39.5,28.17,52.34,0.22,0.46
1998-08-23,35.53,27.65,60.57,0.06,0.46
1998-08-24,36.64,27.68,60.15,1.36,0.46
1998-08-25,36.49,27.3,60.16,0.22,0.46
1998-08-26,35.23,26.36,59.17,0.01,0.46
1998-08-27,38.07,25.65,60.19,0.04,0.46
1998-08-28,36.57,26.2,61.11,0.01,0.46
1998-08-29,35.95,26.01,60.84,0.12,0.46
1998-08-30,38.01,26.59,56.87,0.08,0.46
1998-08-31,40.31,26.46,56.16,0.04,0.46
1998-09-01,39.46,27.1,55.59,0.0,0.46
1998-09-02,37.41,27.62,56.62,0.01,0.46
1998-09-03,39.27,27.58,54.27,0.01,0.46
1998-09-04,38.57,27.89,54.2,0.19,0.46
1998-09-05,38.37,26.77,58.24,0.04,0.46
1998-09-06,34.14,26.84,66.18,0.03,0.46
1998-09-07,32.21,26.04,66.32,0.04,0.46
1998-09-08,33.38,25.87,68.91,0.09,0.46
1998-09-09,33.04,25.86,61.93,0.01,0.46
1998-09-10,32.96,25.92,67.33,0.0,0.46
1998-09-11,36.64,25.24,60.8,0.01,0.46
1998-09-12,37.24,25.6,58.54,0.02,0.46
1998-09-13,39.95,26.23,53.31,0.0,0.46
1998-09-14,38.9,26.85,55.6,0.0,0.46
1998-09-15,37.23,26.83,55.93,0.0,0.46
1998-09-16,35.09,26.9,56.18,0.02,0.46
1998-09-17,39.23,27.26,50.65,0.01,0.46
1998-09-18,35.63,27.89,57.42,0.02,0.46
1998-09-19,38.47,26.95,54.62,0.02,0.46
1998-09-20,36.66,27.81,55.52,0.0,0.46
1998-09-21,37.76,27.25,56.23,0.0,0.46
1998-09-22,39.07,26.92,54.89,0.0,0.46
1998-09-23,39.25,27.64,50.87,0.0,0.46
1998-09-24,38.25,28.05,50.24,0.0,0.46
1998-09-25,41.1,27.76,48.29,0.0,0.46
1998-09-26,38.12,29.59,49.58,0.0,0.46
1998-09-27,41.0,28.68,42.88,0.0,0.46
1998-09-28,40.83,29.33,39.83,0.0,0.46
1998-09-29,41.41,28.79,37.77,0.0,0.46
1998-09-30,38.99,28.03,47.66,0.0,0.46
1998-10-01,38.6,27.27,50.22,0.0,0.46
1998-10-02,38.75,28.15,47.98,0.0,0.46
1998-10-03,39.54,27.07,43.47,0.0,0.46
1998-10-04,39.43,24.95,34.42,0.0,0.46
1998-10-05,39.71,25.89,34.66,0.0,0.46
1998-10-06,41.2,26.97,38.52,0.0,0.46
1998-10-07,40.51,28.04,44.13,0.0,0.46
1998-10-08,34.51,27.95,59.28,0.02,0.46
1998-10-09,35.04,26.85,59.81,0.01,0.46
1998-10-10,37.15,27.32,52.83,0.09,0.46
1998-10-11,37.38,27.65,52.19,0.01,0.46
1998-10-12,38.45,27.26,53.9,0.06,0.46
1998-10-13,37.57,27.8,53.28,0.59,0.46
1998-10-14,35.55,27.31,59.06,0.07,0.46
1998-10-15,33.01,26.61,66.29,0.8,0.46
1998-10-16,39.28,25.03,56.21,0.15,0.46
1998-10-17,39.12,26.3,55.95,0.0,0.46
1998-10-18,38.75,26.64,57.51,0.1,0.46
1998-10-19,36.46,27.09,59.32,0.09,0.46
1998-10-20,38.38,26.36,53.66,0.05,0.46
1998-10-21,37.44,27.07,53.96,0.01,0.46
1998-10-22,38.14,25.8,53.72,0.0,0.46
1998-10-23,38.19,26.27,51.67,0.0,0.46
1998-10-24,39.02,26.04,50.97,0.0,0.46
1998-10-25,36.04,27.04,55.41,0.0,0.46
1998-10-26,36.39,26.48,53.4,0.02,0.46
1998-10-27,35.53,26.7,55.37,0.02,0.46
1998-10-28,35.93,26.58,53.92,0.01,0.46
1998-10-29,38.84,25.2,49.06,0.0,0.46
1998-10-30,36.61,26.46,54.15,0.18,0.46
1998-10-31,38.21,26.16,47.61,0.0,0.46
1998-11-01,39.17,25.92,44.16,0.0,0.46
1998-11-02,38.78,25.63,46.75,0.0,0.46
1998-11-03,36.14,26.14,45.09,0.01,0.46
1998-11-04,36.46,22.21,36.0,0.0,0.46
1998-11-05,36.98,21.52,30.79,0.0,0.46
1998-11-06,37.24,24.45,31.86,0.0,0.46
1998-11-07,37.34,25.04,32.96,0.0,0.46
1998-11-08,37.17,22.91,39.45,0.0,0.46
1998-11-09,37.12,22.18,39.24,0.0,0.46
1998-11-10,37.54,22.16,39.01,0.0,0.46
1998-11-11,36.94,23.44,38.87,0.0,0.46
1998-11-12,35.01,25.74,41.26,0.0,0.46
1998-11-13,34.99,24.97,42.89,0.0,0.46
1998-11-14,36.16,24.12,41.51,0.0,0.46
1998-11-15,36.06,21.96,35.53,0.0,0.46
1998-11-16,38.08,22.81,36.39,0.0,0.46
1998-11-17,38.57,22.84,38.92,0.0,0.46
1998-11-18,38.48,24.35,44.87,0.08,0.46
1998-11-19,36.04,25.82,51.09,0.88,0.46
1998-11-20,36.17,25.93,54.15,0.01,0.46
1998-11-21,35.92,25.44,57.37,1.61,0.46
1998-11-22,30.72,24.4,78.23,11.05,0.47
1998-11-23,32.63,23.16,64.36,0.0,0.48
1998-11-24,33.81,23.59,62.74,0.0,0.48
1998-11-25,34.43,23.53,62.04,0.0,0.47
1998-11-26,35.15,23.15,59.32,0.0,0.47
1998-11-27,35.96,23.33,58.0,0.0,0.47
1998-11-28,36.03,23.38,53.04,0.03,0.47
1998-11-29,34.05,23.89,55.82,0.0,0.47
1998-11-30,36.29,22.88,53.53,0.0,0.47
1998-12-01,35.67,22.65,50.84,0.0,0.47
1998-12-02,35.45,21.6,49.56,0.0,0.46
1998-12-03,35.88,23.19,42.66,0.0,0.46
1998-12-04,36.26,20.62,40.11,0.03,0.46
1998-12-05,36.06,19.56,38.99,0.0,0.46
1998-12-06,35.68,19.02,45.24,0.0,0.46
1998-12-07,36.15,19.71,38.54,0.0,0.46
1998-12-08,35.76,19.8,43.53,0.0,0.46
1998-12-09,34.36,20.64,45.98,0.0,0.46
1998-12-10,33.03,20.82,41.23,0.0,0.46
1998-12-11,32.59,21.32,37.27,0.0,0.46
1998-12-12,32.45,18.34,38.19,0.0,0.46
1998-12-13,32.79,18.65,42.75,0.0,0.46
1998-12-14,33.05,17.15,37.61,0.0,0.46
1998-12-15,31.42,17.39,35.87,0.0,0.46
1998-12-16,31.23,17.68,39.59,0.0,0.46
1998-12-17,32.23,20.0,44.86,0.0,0.46
1998-12-18,31.89,17.8,46.86,0.0,0.46
1998-12-19,32.1,17.0,39.6,0.0,0.46
1998-12-20,32.18,16.12,37.83,0.07,0.46
1998-12-21,32.9,16.01,35.03,0.0,0.46
1998-12-22,33.14,16.88,35.61,0.0,0.46
1998-12-23,33.73,17.19,37.8,0.0,0.46
1998-12-24,34.25,17.3,44.83,0.0,0.46
1998-12-25,34.88,18.91,45.38,0.0,0.46
1998-12-26,33.88,20.06,40.74,0.0,0.46
1998-12-27,34.46,17.13,38.16,0.0,0.46
1998-12-28,33.84,18.44,41.3,0.0,0.46
1998-12-29,34.24,18.97,41.0,0.0,0.46
1998-12-30,33.54,17.4,48.38,0.0,0.46
1998-12-31,32.99,17.54,46.33,0.0,0.46
1999-01-01,32.4,15.91,35.96,0.0,0.46
1999-01-02,32.21,14.31,36.7,0.0,0.46
1999-01-03,32.32,14.61,29.82,0.0,0.46
1999-01-04,32.61,14.0,24.65,0.0,0.46
1999-01-05,31.99,13.97,21.36,0.0,0.46
1999-01-06,31.99,13.07,26.95,0.0,0.46
1999-01-07,33.36,15.28,45.51,0.0,0.46
1999-01-08,32.64,17.2,47.59,0.0,0.46
1999-01-09,31.67,18.23,53.43,0.0,0.46
1999-01-10,30.91,17.77,53.48,0.0,0.46
1999-01-11,29.77,15.02,45.59,0.0,0.46
1999-01-12,31.25,13.4,31.59,0.0,0.46
1999-01-13,32.61,14.07,33.54,0.03,0.46
1999-01-14,32.75,16.44,49.69,0.0,0.46
1999-01-15,33.49,15.97,36.59,0.0,0.46
1999-01-16,34.08,15.9,35.04,0.0,0.46
1999-01-17,33.59,13.41,42.7,0.0,0.46
1999-01-18,32.5,12.64,44.48,0.0,0.46
1999-01-19,32.4,13.25,40.21,0.0,0.46
1999-01-20,33.5,13.2,31.07,0.0,0.46
1999-01-21,34.35,14.47,26.83,0.0,0.46
1999-01-22,35.14,15.58,35.99,0.0,0.46
1999-01-23,33.92,14.54,33.21,0.0,0.46
1999-01-24,34.07,13.95,23.88,0.0,0.46
1999-01-25,33.32,14.15,23.93,0.0,0.46
1999-01-26,33.54,14.55,24.68,0.0,0.46
1999-01-27,33.37,14.22,29.62,0.0,0.46
1999-01-28,33.42,14.85,35.88,0.0,0.46
1999-01-29,34.87,18.47,32.77,0.0,0.46
1999-01-30,32.52,13.73,45.08,0.0,0.46
1999-01-31,31.91,15.74,38.9,0.0,0.46
1999-02-01,32.45,17.14,25.17,0.0,0.46
1999-02-02,34.86,15.99,21.75,0.0,0.46
1999-02-03,36.37,17.45,27.28,0.0,0.46
1999-02-04,36.03,20.46,44.25,0.0,0.46
1999-02-05,33.28,23.7,47.27,0.0,0.46
1999-02-06,35.43,22.52,47.59,0.0,0.46
1999-02-07,36.14,19.98,36.86,0.0,0.46
1999-02-08,36.92,20.27,35.45,0.0,0.46
1999-02-09,36.72,20.79,40.22,0.0,0.46
1999-02-10,37.18,20.82,44.14,0.0,0.46
1999-02-11,37.81,22.26,35.88,0.0,0.46
1999-02-12,38.06,22.4,38.74,0.0,0.46
1999-02-13,38.05,23.09,37.88,0.0,0.46
1999-02-14,38.66,21.23,35.77,0.0,0.46
1999-02-15,38.09,19.35,34.58,0.0,0.46
1999-02-16,37.82,19.37,28.64,0.0,0.46
1999-02-17,37.47,19.13,27.27,0.0,0.46
1999-02-18,37.4,16.65,35.3,0.0,0.46
1999-02-19,36.77,16.84,30.38,0.0,0.46
1999-02-20,37.64,18.5,27.19,0.0,0.46
1999-02-21,36.96,18.45,33.97,0.2,0.46
1999-02-22,36.92,18.86,36.52,0.0,0.46
1999-02-23,36.0,18.49,38.0,0.0,0.46
1999-02-24,37.31,18.03,31.81,0.0,0.46
1999-02-25,38.44,19.16,33.54,0.0,0.46
1999-02-26,39.02,19.49,33.28,0.0,0.46
1999-02-27,39.0,19.94,35.19,0.0,0.46
1999-02-28,38.85,21.04,37.57,0.21,0.46
1999-03-01,38.3,23.68,35.24,0.0,0.46
1999-03-02,36.22,20.22,34.36,0.0,0.46
1999-03-03,35.98,18.86,25.95,0.0,0.46
1999-03-04,37.6,17.78,20.92,0.0,0.46
1999-03-05,38.29,18.27,28.33,0.0,0.46
1999-03-06,37.25,18.06,25.7,0.0,0.46
1999-03-07,36.76,18.18,50.27,0.0,0.46
1999-03-08,37.91,19.21,48.73,0.0,0.46
1999-03-09,38.46,19.18,50.01,0.0,0.46
1999-03-10,39.23,19.76,49.74,0.0,0.46
1999-03-11,39.1,20.05,45.57,0.0,0.46
1999-03-12,38.93,19.68,47.61,0.0,0.46
1999-03-13,38.51,19.3,51.73,0.0,0.46
1999-03-14,38.65,20.39,50.7,0.0,0.46
1999-03-15,38.5,22.19,49.8,0.0,0.46
1999-03-16,38.74,20.87,40.31,0.0,0.46
1999-03-17,37.21,18.03,36.98,0.0,0.46
1999-03-18,38.47,18.45,49.7,0.0,0.46
1999-03-19,39.02,20.63,49.97,0.0,0.46
1999-03-20,38.2,22.2,48.91,0.0,0.46
1999-03-21,38.1,21.24,32.97,0.0,0.46
1999-03-22,38.6,20.73,37.48,0.0,0.46
1999-03-23,39.18,19.99,39.69,0.17,0.46
1999-03-24,37.66,18.78,50.12,0.0,0.46
1999-03-25,38.2,19.68,49.24,0.0,0.46
1999-03-26,39.13,19.8,49.64,0.0,0.46
1999-03-27,38.4,20.38,54.45,0.0,0.46
1999-03-28,38.83,20.8,49.83,0.0,0.46
1999-03-29,39.81,21.47,45.66,0.0,0.46
1999-03-30,41.12,23.1,40.02,0.0,0.46
1999-03-31,40.64,21.57,41.52,0.0,0.46
1999-04-01,40.59,21.03,46.93,0.0,0.45
1999-04-02,41.13,22.16,46.19,0.0,0.45
1999-04-03,42.31,23.49,41.18,0.0,0.45
1999-04-04,41.45,24.03,43.55,0.02,0.45
1999-04-05,39.02,24.8,52.42,3.0,0.46
1999-04-06,35.22,24.31,63.63,6.91,0.47
1999-04-07,33.85,23.43,69.99,13.38,0.48
1999-04-08,36.34,22.48,60.3,0.0,0.49
1999-04-09,36.86,24.53,57.48,0.0,0.49
1999-04-10,38.18,24.58,50.23,0.0,0.48
1999-04-11,38.34,24.04,52.06,0.0,0.48
1999-04-12,39.37,24.03,49.98,0.0,0.47
1999-04-13,38.65,24.45,50.61,0.0,0.47
1999-04-14,34.92,25.05,59.97,0.06,0.47
1999-04-15,32.51,25.72,66.67,0.08,0.47
1999-04-16,32.02,25.49,66.3,0.05,0.47
1999-04-17,35.87,25.12,61.11,0.0,0.47
1999-04-18,38.52,25.7,55.51,0.0,0.47
1999-04-19,40.51,25.44,49.08,0.0,0.46
1999-04-20,41.26,26.2,45.82,0.0,0.46
1999-04-21,41.56,25.07,43.44,0.0,0.46
1999-04-22,41.42,25.53,45.65,0.0,0.46
1999-04-23,40.65,26.08,48.13,0.0,0.46
1999-04-24,40.71,27.32,46.98,0.0,0.46
1999-04-25,41.85,26.67,49.43,0.0,0.46
1999-04-26,43.13,27.16,47.04,0.0,0.46
1999-04-27,43.45,26.76,49.76,0.05,0.46
1999-04-28,39.78,27.42,52.1,0.0,0.46
1999-04-29,37.91,27.68,52.32,0.0,0.46
1999-04-30,38.77,27.34,52.65,0.0,0.46
1999-05-01,39.68,26.92,52.36,0.0,0.46
1999-05-02,37.55,26.98,55.78,0.03,0.46
1999-05-03,37.98,26.67,53.67,0.0,0.46
1999-05-04,36.46,27.65,53.77,0.0,0.46
1999-05-05,35.03,27.29,55.55,0.01,0.46
1999-05-06,36.12,25.66,50.94,0.0,0.46
1999-05-07,39.27,25.04,46.88,0.0,0.46
1999-05-08,35.29,26.82,57.41,0.0,0.46
1999-05-09,34.39,25.93,56.46,0.0,0.46
1999-05-10,32.83,25.95,58.49,0.02,0.46
1999-05-11,33.33,25.31,53.3,0.05,0.46
1999-05-12,33.46,23.91,50.56,0.01,0.46
1999-05-13,32.47,25.95,59.54,0.0,0.46
1999-05-14,35.25,25.37,58.18,0.03,0.46
1999-05-15,35.76,26.08,54.8,0.0,0.46
1999-05-16,38.09,25.09,53.14,0.0,0.46
1999-05-17,37.92,24.98,54.55,0.0,0.46
1999-05-18,39.03,25.61,53.16,0.0,0.46
1999-05-19,36.72,26.61,53.52,0.03,0.46
1999-05-20,33.8,26.55,59.52,0.14,0.46
1999-05-21,33.94,26.35,62.95,0.02,0.46
1999-05-22,35.61,26.1,61.24,0.03,0.46
1999-05-23,35.78,26.16,56.46,0.05,0.46
1999-05-24,38.14,27.15,55.35,0.01,0.46
1999-05-25,33.81,27.28,61.83,0.01,0.46
1999-05-26,35.52,26.8,59.46,0.01,0.46
1999-05-27,36.23,26.92,58.8,0.0,0.46
1999-05-28,35.54,26.86,60.58,0.0,0.46
1999-05-29,34.03,26.67,63.5,0.04,0.46
1999-05-30,35.7,25.92,58.64,0.04,0.46
1999-05-31,38.23,26.21,53.61,0.0,0.46
1999-06-01,35.48,26.67,58.96,0.02,0.46
1999-06-02,39.81,26.75,54.52,0.01,0.46
1999-06-03,37.95,26.95,56.03,0.06,0.46
1999-06-04,35.19,26.89,57.11,0.07,0.46
1999-06-05,39.0,26.23,53.82,0.0,0.46
1999-06-06,39.07,26.37,52.88,0.0,0.46
1999-06-07,38.7,28.24,52.89,0.06,0.46
1999-06-08,34.44,27.43,61.58,0.62,0.46
1999-06-09,32.9,26.35,73.14,0.92,0.46
1999-06-10,36.52,25.77,57.54,0.0,0.46
1999-06-11,37.2,26.43,52.85,0.0,0.46
1999-06-12,36.44,26.27,55.0,0.0,0.46
1999-06-13,35.82,27.19,58.39,0.0,0.46
1999-06-14,36.41,27.03,60.35,0.0,0.46
1999-06-15,33.81,27.24,62.78,0.0,0.46
1999-06-16,37.39,26.28,56.7,0.0,0.46
1999-06-17,38.19,26.39,52.02,0.0,0.46
1999-06-18,37.18,26.28,54.58,0.02,0.46
1999-06-19,35.94,26.74,60.51,0.01,0.46
1999-06-20,36.36,26.3,61.55,0.0,0.46
1999-06-21,36.54,26.34,60.33,0.0,0.46
1999-06-22,35.57,26.69,61.1,0.01,0.46
1999-06-23,32.62,26.87,65.99,0.09,0.46
1999-06-24,35.79,26.28,60.71,0.04,0.46
1999-06-25,35.42,25.95,59.17,0.0,0.46
1999-06-26,35.64,26.45,61.68,0.0,0.46
1999-06-27,33.51,26.3,62.18,0.03,0.46
1999-06-28,36.5,26.52,57.4,0.0,0.46
1999-06-29,39.06,25.53,56.92,0.0,0.46
1999-06-30,39.45,26.37,55.91,0.04,0.46
1999-07-01,37.2,27.07,60.57,0.01,0.46
1999-07-02,37.31,26.94,59.26,0.01,0.46
1999-07-03,38.42,26.1,55.85,0.0,0.46
1999-07-04,36.14,27.11,57.53,0.01,0.46
1999-07-05,33.5,26.18,63.31,0.02,0.46
1999-07-06,32.7,25.88,64.72,0.1,0.46
1999-07-07,37.82,25.02,56.1,0.0,0.46
1999-07-08,36.58,25.74,56.21,0.03,0.46
1999-07-09,36.95,26.34,56.86,0.0,0.46
1999-07-10,35.94,26.8,59.95,0.01,0.46
1999-07-11,35.08,26.07,62.07,0.16,0.46
1999-07-12,35.33,25.18,57.55,0.03,0.46
1999-07-13,36.03,25.1,61.44,0.02,0.46
1999-07-14,35.98,26.16,62.74,0.0,0.46
1999-07-15,38.43,26.15,57.3,0.01,0.46
1999-07-16,35.06,27.04,62.3,0.01,0.46
1999-07-17,33.75,26.65,61.92,0.06,0.46
1999-07-18,35.73,26.23,59.23,0.04,0.46
1999-07-19,36.75,25.64,58.03,0.08,0.46
1999-07-20,36.9,26.4,57.44,0.02,0.46
1999-07-21,36.05,25.66,57.72,0.05,0.46
1999-07-22,34.06,26.58,59.93,0.01,0.46
1999-07-23,34.31,26.32,63.15,0.0,0.46
1999-07-24,38.34,26.45,58.58,0.01,0.46
1999-07-25,33.24,26.67,65.73,0.01,0.46
1999-07-26,35.95,26.41,59.66,0.01,0.46
1999-07-27,36.97,25.74,58.35,0.01,0.46
1999-07-28,38.66,26.42,58.13,0.04,0.46
1999-07-29,38.38,26.73,58.14,0.04,0.46
1999-07-30,38.0,26.36,56.52,0.01,0.46
1999-07-31,37.82,27.22,60.82,0.02,0.46
1999-08-01,35.19,26.26,61.65,0.08,0.46
1999-08-02,34.16,26.2,61.59,0.02,0.46
1999-08-03,37.04,25.47,57.32,0.05,0.46
1999-08-04,35.86,26.53,58.45,0.11,0.46
1999-08-05,34.55,26.77,60.66,0.06,0.46
1999-08-06,33.39,26.33,66.49,0.04,0.46
1999-08-07,31.66,25.71,70.3,0.06,0.46
1999-08-08,31.94,25.99,69.2,0.06,0.46
1999-08-09,31.97,25.91,67.29,0.01,0.46
1999-08-10,35.13,25.28,60.2,0.02,0.46
1999-08-11,35.65,26.0,61.4,0.08,0.46
1999-08-12,34.76,25.68,62.81,0.1,0.46
1999-08-13,35.12,25.83,61.57,0.03,0.46
1999-08-14,33.51,24.69,63.7,0.02,0.46
1999-08-15,34.19,25.2,62.37,0.01,0.46
1999-08-16,36.75,25.3,60.71,0.0,0.46
1999-08-17,34.83,25.43,61.91,0.0,0.46
1999-08-18,32.92,25.37,64.97,0.02,0.46
1999-08-19,36.3,25.55,59.04,0.01,0.46
1999-08-20,37.71,26.05,58.17,0.0,0.46
1999-08-21,39.22,25.44,53.1,0.0,0.46
1999-08-22,40.14,25.86,50.39,0.07,0.46
1999-08-23,35.24,27.35,57.15,0.01,0.46
1999-08-24,37.94,26.65,58.05,0.05,0.46
1999-08-25,34.66,26.95,59.54,0.01,0.46
1999-08-26,34.53,26.38,61.16,0.06,0.46
1999-08-27,33.98,26.0,59.35,0.04,0.46
1999-08-28,37.35,25.75,55.19,0.0,0.46
1999-08-29,37.38,26.35,57.82,0.14,0.46
1999-08-30,32.89,25.89,67.89,2.61,0.46
1999-08-31,33.02,25.08,65.74,0.0,0.46
1999-09-01,37.15,25.2,59.22,0.0,0.46
1999-09-02,35.6,25.79,59.47,0.0,0.46
1999-09-03,35.86,25.66,59.29,0.0,0.46
1999-09-04,38.44,25.69,53.93,0.0,0.46
1999-09-05,36.79,27.31,53.96,0.02,0.46
1999-09-06,36.95,27.1,57.68,0.0,0.46
1999-09-07,35.28,26.6,58.63,0.0,0.46
1999-09-08,36.08,26.33,58.55,0.0,0.46
1999-09-09,34.25,26.74,63.1,0.01,0.46
1999-09-10,34.5,25.62,62.86,0.04,0.46
1999-09-11,35.97,25.24,61.02,0.04,0.46
1999-09-12,36.47,25.2,59.44,0.0,0.46
1999-09-13,36.23,25.25,59.46,0.01,0.46
1999-09-14,39.02,25.42,56.82,0.01,0.46
1999-09-15,37.65,26.28,57.54,0.01,0.46
1999-09-16,35.09,26.51,59.46,0.01,0.46
1999-09-17,37.56,26.48,60.08,0.04,0.46
1999-09-18,33.95,25.8,64.65,0.0,0.46
1999-09-19,34.0,25.74,62.89,0.01,0.46
1999-09-20,36.19,25.32,59.65,0.02,0.46
1999-09-21,37.11,25.53,53.79,0.03,0.46
1999-09-22,38.32,24.15,54.04,0.02,0.46
1999-09-23,39.79,24.93,50.23,0.1,0.46
1999-09-24,39.91,26.09,51.31,0.01,0.46
1999-09-25,39.97,26.95,50.33,0.0,0.46
1999-09-26,36.68,27.6,61.48,0.0,0.46
1999-09-27,35.31,26.25,58.88,0.0,0.46
1999-09-28,40.62,25.13,50.26,0.0,0.46
1999-09-29,32.47,27.04,62.16,0.03,0.46
1999-09-30,39.23,25.09,48.84,0.01,0.46
1999-10-01,33.8,26.28,54.15,0.11,0.46
1999-10-02,37.73,25.29,52.11,0.0,0.46
1999-10-03,35.75,26.38,53.19,0.06,0.46
1999-10-04,35.71,25.92,53.96,0.0,0.46
1999-10-05,36.42,25.69,56.59,0.0,0.46
1999-10-06,35.0,25.68,59.24,0.02,0.46
1999-10-07,39.72,24.98,54.0,0.0,0.46
1999-10-08,40.04,25.31,54.87,0.0,0.46
1999-10-09,39.75,25.92,56.78,0.01,0.46
1999-10-10,38.6,25.73,54.62,0.0,0.46
1999-10-11,36.07,26.56,56.71,0.0,0.46
1999-10-12,35.78,26.52,58.87,0.0,0.46
1999-10-13,36.4,25.59,55.71,0.0,0.46
1999-10-14,37.2,26.26,51.46,0.01,0.46
1999-10-15,35.45,26.12,55.14,0.25,0.46
1999-10-16,37.52,25.84,55.6,0.01,0.46
1999-10-17,36.79,26.03,56.63,0.01,0.46
1999-10-18,33.61,25.1,60.88,0.03,0.46
1999-10-19,36.52,23.97,53.2,0.02,0.46
1999-10-20,38.33,25.51,48.95,0.0,0.46
1999-10-21,37.66,24.9,49.35,0.0,0.46
1999-10-22,36.63,26.8,51.34,0.0,0.46
1999-10-23,36.68,26.72,54.67,0.0,0.46
1999-10-24,33.81,26.42,58.52,0.0,0.46
1999-10-25,36.66,26.12,51.4,0.03,0.46
1999-10-26,37.77,27.3,52.09,0.02,0.46
1999-10-27,32.43,26.09,59.26,0.02,0.46
1999-10-28,30.91,25.6,72.34,0.07,0.46
1999-10-29,32.44,24.7,72.27,0.15,0.46
1999-10-30,34.52,24.6,61.83,0.09,0.46
1999-10-31,34.51,24.75,54.23,0.15,0.46
1999-11-01,31.27,25.04,65.48,0.01,0.46
1999-11-02,31.65,24.29,68.29,0.11,0.46
1999-11-03,32.3,23.91,63.55,0.0,0.46
1999-11-04,35.71,23.21,55.44,0.0,0.46
1999-11-05,34.57,25.57,54.16,0.0,0.46
1999-11-06,35.23,25.69,51.68,0.0,0.46
1999-11-07,36.13,25.22,48.83,0.0,0.46
1999-11-08,36.22,25.46,49.03,0.0,0.46
1999-11-09,36.8,24.66,48.35,0.09,0.46
1999-11-10,37.27,24.0,39.81,0.0,0.46
1999-11-11,37.67,22.01,38.22,0.0,0.46
1999-11-12,37.28,22.45,41.19,0.0,0.46
1999-11-13,37.82,21.63,44.67,0.0,0.46
1999-11-14,37.31,21.69,45.98,0.0,0.46
1999-11-15,37.46,20.94,36.15,0.0,0.46
1999-11-16,36.42,21.78,46.55,0.0,0.46
1999-11-17,35.5,23.06,47.17,0.0,0.46
1999-11-18,32.77,24.37,52.56,0.0,0.46
1999-11-19,34.95,20.83,48.24,0.0,0.46
1999-11-20,34.89,19.44,41.63,0.0,0.46
1999-11-21,34.44,18.53,43.58,0.0,0.46
1999-11-22,34.52,18.86,36.7,0.0,0.46
1999-11-23,34.14,19.06,32.73,0.0,0.46
1999-11-24,34.94,17.66,29.75,0.0,0.46
1999-11-25,36.2,19.16,30.18,0.0,0.46
1999-11-26,35.79,20.6,48.93,0.0,0.46
1999-11-27,36.22,21.5,54.05,0.0,0.46
1999-11-28,36.16,20.92,49.75,0.0,0.46
1999-11-29,35.98,20.9,45.51,0.0,0.46
1999-11-30,35.01,20.11,51.48,0.0,0.46
1999-12-01,35.48,21.51,45.95,0.0,0.46
1999-12-02,34.5,20.29,46.42,0.0,0.46
1999-12-03,34.12,19.18,45.97,0.0,0.46
1999-12-04,34.18,19.07,41.15,0.05,0.46
1999-12-05,34.46,19.69,44.96,0.05,0.46
1999-12-06,31.24,20.7,60.83,2.66,0.46
1999-12-07,31.13,21.35,57.44,0.0,0.46
1999-12-08,34.19,20.73,51.61,0.01,0.46
1999-12-09,31.64,23.93,49.87,0.08,0.46
1999-12-10,33.42,22.4,49.89,0.04,0.46
1999-12-11,34.41,22.36,51.8,0.0,0.46
1999-12-12,33.89,21.74,52.61,0.0,0.46
1999-12-13,34.63,21.64,53.9,0.0,0.46
1999-12-14,35.5,20.34,42.8,0.0,0.46
1999-12-15,35.27,18.43,42.93,0.0,0.46
1999-12-16,33.34,16.29,40.13,0.0,0.46
1999-12-17,33.1,15.32,29.78,0.0,0.46
1999-12-18,33.78,15.6,31.05,0.0,0.46
1999-12-19,32.66,17.77,36.33,0.0,0.46
1999-12-20,31.62,16.74,36.18,0.0,0.46
1999-12-21,30.37,15.95,39.74,0.0,0.46
1999-12-22,29.15,14.8,36.53,0.0,0.46
1999-12-23,26.93,13.03,36.36,0.0,0.46
1999-12-24,26.9,12.69,30.78,0.0,0.46
1999-12-25,27.2,12.25,27.17,0.0,0.46
1999-12-26,27.62,11.19,24.73,0.0,0.46
1999-12-27,28.72,11.9,25.46,0.0,0.46
1999-12-28,29.31,13.57,24.94,0.0,0.46
1999-12-29,29.79,11.52,25.23,0.0,0.46
1999-12-30,30.72,11.84,28.79,0.0,0.46
1999-12-31,32.05,12.68,47.07,0.0,0.46
2000-01-01,32.53,14.55,27.49,0.0,0.46
2000-01-02,33.15,14.63,26.51,0.0,0.46
2000-01-03,34.53,15.95,31.26,0.0,0.46
2000-01-04,34.86,18.06,39.88,0.0,0.46
2000-01-05,34.35,17.63,39.27,0.0,0.46
2000-01-06,34.01,16.76,38.77,0.0,0.46
2000-01-07,33.13,18.43,40.8,0.0,0.46
2000-01-08,31.88,14.27,30.86,0.0,0.46
2000-01-09,32.24,12.95,37.79,0.0,0.46
2000-01-10,33.45,13.43,33.37,0.0,0.46
2000-01-11,33.89,13.36,25.73,0.0,0.46
2000-01-12,34.22,14.89,26.94,0.0,0.46
2000-01-13,35.24,15.14,32.83,0.0,0.46
2000-01-14,33.92,13.24,44.79,0.0,0.46
2000-01-15,33.58,14.8,43.44,0.0,0.46
2000-01-16,33.48,15.29,43.04,0.0,0.46
2000-01-17,33.35,15.69,30.43,0.0,0.46
2000-01-18,32.85,15.33,30.3,0.0,0.46
2000-01-19,33.42,15.01,31.01,0.0,0.46
2000-01-20,31.39,12.86,49.71,0.0,0.46
2000-01-21,30.61,13.33,42.42,0.0,0.46
2000-01-22,32.08,14.55,45.35,0.0,0.46
2000-01-23,31.8,15.24,51.34,0.0,0.46
2000-01-24,31.67,16.06,51.01,0.0,0.46
2000-01-25,32.28,15.07,34.36,0.0,0.46
2000-01-26,33.84,14.67,30.07,0.0,0.46
2000-01-27,34.11,16.41,32.14,0.0,0.46
2000-01-28,33.16,17.19,39.11,0.0,0.46
2000-01-29,32.7,16.14,38.07,0.0,0.46
2000-01-30,31.15,14.53,46.32,0.0,0.46
2000-01-31,32.31,15.21,42.13,0.0,0.46
2000-02-01,32.61,16.43,41.15,0.0,0.46
2000-02-02,32.51,15.68,50.88,0.0,0.46
2000-02-03,32.87,14.17,51.18,0.0,0.46
2000-02-04,32.64,14.97,53.14,0.0,0.46
2000-02-05,33.79,16.08,51.24,0.0,0.46
2000-02-06,34.32,16.73,50.9,0.0,0.46
2000-02-07,33.71,13.99,54.11,0.0,0.46
2000-02-08,32.43,16.42,52.33,0.0,0.46
2000-02-09,32.78,15.81,51.16,0.0,0.46
2000-02-10,32.06,15.02,43.31,0.0,0.46
2000-02-11,33.16,16.43,45.47,0.0,0.46
2000-02-12,33.48,16.0,43.49,0.0,0.46
2000-02-13,35.06,16.13,39.94,0.0,0.46
2000-02-14,36.54,18.13,39.5,0.0,0.46
2000-02-15,36.93,18.54,36.16,0.0,0.46
2000-02-16,34.98,17.44,29.14,0.0,0.46
2000-02-17,35.68,13.88,33.2,0.0,0.46
2000-02-18,34.46,14.95,40.37,0.22,0.46
2000-02-19,33.6,17.73,47.98,0.0,0.46
2000-02-20,33.2,16.45,34.42,0.0,0.46
2000-02-21,33.07,14.44,21.85,0.0,0.46
2000-02-22,34.5,14.81,18.65,0.0,0.46
2000-02-23,34.61,16.17,24.58,0.0,0.46
2000-02-24,34.67,17.37,23.75,0.0,0.46
2000-02-25,36.46,18.18,26.14,0.01,0.46
2000-02-26,36.47,19.96,36.35,0.09,0.46
2000-02-27,32.69,21.35,43.72,0.0,0.46
2000-02-28,34.29,18.35,31.9,0.0,0.46
2000-02-29,33.15,14.8,33.39,0.0,0.46
2000-03-01,33.89,15.43,47.86,0.0,0.46
2000-03-02,36.06,16.32,46.8,0.0,0.46
2000-03-03,37.29,18.02,35.23,0.0,0.46
2000-03-04,36.95,18.19,35.15,0.0,0.46
2000-03-05,36.89,17.35,36.45,0.0,0.46
2000-03-06,37.13,19.25,40.07,0.0,0.46
2000-03-07,37.21,19.29,35.98,0.01,0.46
2000-03-08,37.06,19.96,43.88,0.03,0.46
2000-03-09,35.26,18.03,49.51,0.05,0.46
2000-03-10,33.71,20.23,60.28,0.0,0.46
2000-03-11,35.32,19.57,54.93,0.0,0.46
2000-03-12,35.97,18.71,52.19,0.0,0.46
2000-03-13,36.75,18.38,52.83,0.0,0.46
2000-03-14,37.77,19.11,49.39,0.0,0.46
2000-03-15,37.42,19.3,49.91,0.0,0.46
2000-03-16,35.46,18.6,54.0,0.0,0.46
2000-03-17,35.61,19.46,49.07,0.0,0.46
2000-03-18,36.53,19.3,35.63,0.0,0.46
2000-03-19,37.33,18.88,29.91,0.0,0.46
2000-03-20,38.43,19.8,26.78,0.0,0.46
2000-03-21,38.78,19.8,37.73,0.0,0.46
2000-03-22,39.22,18.99,38.98,0.0,0.46
2000-03-23,40.17,19.87,22.65,0.0,0.46
2000-03-24,39.38,20.79,28.27,0.08,0.46
2000-03-25,37.97,24.25,43.89,0.0,0.46
2000-03-26,33.36,24.62,51.69,0.73,0.46
2000-03-27,30.65,23.75,52.9,0.0,0.46
2000-03-28,32.65,22.2,53.45,0.0,0.46
2000-03-29,27.4,23.49,65.82,0.0,0.46
2000-03-30,32.59,22.27,58.16,0.0,0.46
2000-03-31,38.87,22.18,46.33,0.0,0.46
2000-04-01,39.72,21.79,43.48,0.0,0.46
2000-04-02,39.9,20.75,50.1,0.0,0.46
2000-04-03,40.83,22.49,45.46,0.0,0.46
2000-04-04,40.78,22.6,47.51,0.0,0.46
2000-04-05,41.74,23.02,44.77,0.0,0.46
2000-04-06,41.08,23.04,44.55,0.0,0.46
2000-04-07,41.19,23.47,41.53,0.0,0.46
2000-04-08,41.8,23.37,39.32,0.0,0.46
2000-04-09,41.73,23.12,45.95,0.0,0.46
2000-04-10,42.2,23.37,45.56,0.0,0.46
2000-04-11,40.34,22.97,48.04,0.05,0.46
2000-04-12,39.84,24.47,47.04,0.0,0.46
2000-04-13,39.33,24.71,47.97,0.0,0.46
2000-04-14,40.07,23.93,49.32,0.0,0.46
2000-04-15,39.82,24.84,45.07,0.08,0.46
2000-04-16,41.5,25.03,45.29,0.02,0.46
2000-04-17,39.8,25.68,47.87,0.02,0.46
2000-04-18,40.66,24.45,43.35,0.0,0.46
2000-04-19,40.69,25.32,48.2,0.01,0.46
2000-04-20,41.16,25.44,48.97,0.99,0.46
2000-04-21,42.16,25.52,47.12,0.0,0.46
2000-04-22,42.51,26.09,44.87,0.0,0.46
2000-04-23,42.06,25.05,45.63,0.0,0.46
2000-04-24,40.21,23.96,48.01,0.0,0.46
2000-04-25,36.75,25.89,46.68,0.0,0.46
2000-04-26,37.91,24.16,51.04,0.0,0.46
2000-04-27,39.64,25.11,51.66,0.0,0.46
2000-04-28,41.3,24.92,48.0,0.25,0.46
2000-04-29,38.7,25.45,53.31,2.13,0.46
2000-04-30,36.46,26.7,56.88,1.35,0.46
2000-05-01,37.74,26.38,53.27,0.01,0.46
2000-05-02,37.71,27.09,50.94,0.0,0.46
2000-05-03,34.07,27.48,51.81,0.0,0.46
2000-05-04,33.95,25.57,54.08,0.01,0.46
2000-05-05,29.8,23.95,64.65,0.0,0.46
2000-05-06,36.1,24.43,51.95,0.0,0.46
2000-05-07,32.31,26.1,60.74,0.0,0.46
2000-05-08,35.14,25.34,60.44,0.0,0.46
2000-05-09,40.6,24.54,53.7,0.0,0.46
2000-05-10,36.34,27.24,57.05,0.0,0.46
2000-05-11,40.12,27.02,51.88,0.0,0.46
2000-05-12,38.17,27.87,52.91,0.0,0.46
2000-05-13,35.16,27.75,54.06,0.01,0.46
2000-05-14,36.07,26.98,52.77,0.01,0.46
2000-05-15,35.73,27.24,56.84,0.04,0.46
2000-05-16,33.79,26.97,63.16,0.01,0.46
2000-05-17,35.87,27.12,59.4,0.01,0.46
2000-05-18,36.9,26.6,56.86,0.0,0.46
2000-05-19,31.95,26.57,65.67,0.04,0.46
2000-05-20,36.74,25.82,52.71,0.01,0.46
2000-05-21,30.1,25.39,62.04,0.0,0.46
2000-05-22,30.41,24.68,67.51,0.05,0.46
2000-05-23,36.72,25.4,57.95,0.05,0.46
2000-05-24,34.53,26.25,63.16,0.01,0.46
2000-05-25,33.46,26.7,65.43,0.03,0.46
2000-05-26,34.02,26.61,64.48,0.03,0.46
2000-05-27,36.54,25.75,59.45,0.16,0.46
2000-05-28,38.38,25.54,60.24,3.18,0.46
2000-05-29,37.6,25.74,59.72,0.57,0.46
2000-05-30,39.55,25.81,53.01,0.0,0.46
2000-05-31,37.43,26.97,55.04,0.03,0.46
2000-06-01,34.66,27.77,58.5,0.0,0.46
2000-06-02,36.26,28.01,55.21,0.0,0.46
2000-06-03,38.4,28.69,53.7,0.02,0.46
2000-06-04,35.02,27.35,64.1,0.03,0.46
2000-06-05,37.27,26.62,54.65,0.0,0.46
2000-06-06,37.62,27.15,55.72,0.05,0.46
2000-06-07,39.1,27.44,53.32,0.03,0.46
2000-06-08,36.98,26.78,56.55,0.0,0.46
2000-06-09,36.38,27.02,59.57,0.0,0.46
2000-06-10,37.54,26.89,59.51,0.04,0.46
2000-06-11,36.44,26.29,59.19,0.04,0.46
2000-06-12,34.87,26.74,62.86,0.11,0.46
2000-06-13,35.25,27.67,60.47,0.01,0.46
2000-06-14,34.19,27.2,62.66,0.05,0.46
2000-06-15,35.18,26.98,59.89,0.04,0.46
2000-06-16,34.82,26.47,61.58,0.01,0.46
2000-06-17,38.24,26.38,56.54,0.0,0.46
2000-06-18,35.23,26.43,57.82,0.01,0.46
2000-06-19,37.53,26.69,55.18,0.02,0.46
2000-06-20,37.84,26.45,56.24,0.01,0.46
2000-06-21,38.24,26.15,54.1,0.05,0.46
2000-06-22,38.07,25.72,55.78,0.0,0.46
2000-06-23,37.23,26.58,56.27,0.03,0.46
2000-06-24,37.94,26.15,56.93,0.07,0.46
2000-06-25,33.88,26.8,61.71,0.0,0.46
2000-06-26,37.69,25.63,56.83,0.0,0.46
2000-06-27,35.7,27.0,60.66,0.0,0.46
2000-06-28,35.67,25.98,56.45,0.0,0.46
2000-06-29,39.27,26.44,51.93,0.02,0.46
2000-06-30,33.75,26.73,57.59,0.0,0.46
2000-07-01,37.62,26.65,51.33,0.0,0.46
2000-07-02,40.87,28.14,46.75,0.0,0.46
2000-07-03,41.09,27.64,48.02,0.0,0.46
2000-07-04,39.07,27.69,51.86,0.04,0.46
2000-07-05,34.25,27.93,58.97,0.0,0.46
2000-07-06,35.21,27.79,58.62,0.07,0.46
2000-07-07,35.64,26.22,61.16,0.78,0.46
2000-07-08,36.4,25.7,66.11,5.86,0.47
2000-07-09,35.12,25.3,68.68,3.21,0.47
2000-07-10,36.36,26.13,64.44,0.39,0.47
2000-07-11,34.13,26.46,65.65,1.51,0.47
2000-07-12,34.19,25.12,72.1,8.56,0.48
2000-07-13,32.05,24.01,76.89,8.43,0.49
2000-07-14,33.21,24.14,73.12,0.02,0.49
2000-07-15,35.02,25.26,67.94,0.0,0.49
2000-07-16,34.46,26.12,70.21,0.0,0.49
2000-07-17,33.2,26.08,70.47,0.01,0.48
2000-07-18,33.59,26.33,64.52,0.0,0.48
2000-07-19,35.48,25.6,62.48,0.05,0.48
2000-07-20,34.06,25.73,62.84,0.03,0.48
2000-07-21,34.45,25.63,64.38,0.02,0.48
2000-07-22,33.95,25.17,64.48,0.04,0.47
2000-07-23,31.56,25.1,67.66,0.0,0.47
2000-07-24,34.08,24.7,62.26,0.01,0.47
2000-07-25,35.89,25.03,60.0,0.0,0.47
2000-07-26,33.58,25.7,63.6,0.01,0.47
2000-07-27,36.96,24.53,59.19,0.0,0.47
2000-07-28,37.43,25.34,57.51,0.0,0.47
2000-07-29,34.09,25.78,63.52,0.0,0.47
2000-07-30,35.33,26.14,63.47,0.02,0.47
2000-07-31,37.03,25.49,59.05,0.02,0.47
2000-08-01,37.8,25.23,56.52,0.01,0.47
2000-08-02,38.08,24.52,59.19,0.04,0.46
2000-08-03,37.84,25.67,58.66,0.01,0.46
2000-08-04,37.5,26.03,59.38,0.02,0.46
2000-08-05,33.58,26.17,64.6,0.0,0.46
2000-08-06,35.82,26.27,63.77,0.0,0.46
2000-08-07,34.08,25.94,63.85,0.0,0.46
2000-08-08,36.67,25.54,59.16,0.01,0.46
2000-08-09,38.02,26.38,55.48,0.03,0.46
2000-08-10,35.82,26.4,57.95,0.01,0.46
2000-08-11,35.95,25.86,56.27,0.0,0.46
2000-08-12,30.53,26.09,69.12,0.0,0.46
2000-08-13,37.24,25.03,59.69,0.03,0.46
2000-08-14,34.49,25.2,61.19,0.07,0.46
2000-08-15,35.68,24.98,60.92,0.04,0.46
2000-08-16,37.74,25.53,60.27,0.04,0.46
2000-08-17,34.67,26.05,63.37,0.0,0.46
2000-08-18,34.95,25.89,64.41,0.03,0.46
2000-08-19,36.12,25.8,59.72,0.0,0.46
2000-08-20,34.95,25.89,60.4,0.0,0.46
2000-08-21,37.68,26.04,55.47,0.0,0.46
2000-08-22,37.59,26.5,55.55,0.0,0.46
2000-08-23,37.84,26.85,59.66,0.0,0.46
2000-08-24,39.93,26.31,57.51,0.0,0.46
2000-08-25,37.5,26.96,54.71,0.0,0.46
2000-08-26,38.19,27.37,52.38,0.0,0.46
2000-08-27,37.78,26.45,57.46,0.0,0.46
2000-08-28,33.26,26.98,65.63,0.07,0.46
2000-08-29,36.09,26.58,61.4,0.05,0.46
2000-08-30,37.27,26.81,59.68,0.06,0.46
2000-08-31,37.1,26.96,59.9,0.04,0.46
2000-09-01,33.85,26.68,66.24,0.0,0.46
2000-09-02,34.11,27.01,63.68,0.0,0.46
2000-09-03,33.52,25.57,62.09,0.07,0.46
2000-09-04,37.94,25.17,58.37,0.09,0.46
2000-09-05,35.04,25.77,63.48,0.01,0.46
2000-09-06,37.36,25.77,59.73,0.0,0.46
2000-09-07,34.08,25.19,60.82,0.0,0.46
2000-09-08,36.81,25.37,56.55,0.0,0.46
2000-09-09,39.06,25.36,56.13,0.01,0.46
2000-09-10,39.87,25.65,57.25,0.0,0.46
2000-09-11,37.97,26.35,61.89,0.08,0.46
2000-09-12,35.29,26.69,66.94,0.01,0.46
2000-09-13,34.57,25.83,64.8,0.0,0.46
2000-09-14,36.42,25.23,60.2,0.0,0.46
2000-09-15,33.25,26.07,63.41,0.0,0.46
2000-09-16,37.26,25.71,61.47,0.0,0.46
2000-09-17,37.0,26.38,57.68,0.0,0.46
2000-09-18,36.1,26.14,55.34,0.02,0.46
2000-09-19,36.87,26.46,53.78,0.0,0.46
2000-09-20,35.48,26.65,54.25,0.03,0.46
2000-09-21,40.88,26.24,45.23,0.0,0.46
2000-09-22,35.57,27.83,54.94,0.0,0.46
2000-09-23,33.25,26.63,61.88,0.01,0.46
2000-09-24,39.2,25.01,52.62,0.06,0.46
2000-09-25,37.58,26.34,53.83,0.01,0.46
2000-09-26,38.67,25.71,55.14,0.06,0.46
2000-09-27,37.46,25.94,54.9,0.0,0.46
2000-09-28,38.37,26.01,54.98,0.02,0.46
2000-09-29,32.01,26.8,67.33,0.02,0.46
2000-09-30,33.92,25.45,67.61,0.01,0.46
2000-10-01,33.28,25.86,63.56,0.05,0.46
2000-10-02,36.11,24.85,59.34,0.0,0.46
2000-10-03,38.58,25.18,54.15,0.0,0.46
2000-10-04,38.45,25.17,54.06,0.0,0.46
2000-10-05,35.93,26.55,55.54,0.0,0.46
2000-10-06,32.79,26.65,60.31,0.0,0.46
2000-10-07,36.93,25.36,55.05,0.0,0.46
2000-10-08,37.26,25.2,54.19,0.0,0.46
2000-10-09,37.96,26.05,51.45,0.0,0.46
2000-10-10,38.9,25.76,48.69,0.0,0.46
2000-10-11,37.31,27.35,48.61,0.06,0.46
2000-10-12,36.9,27.56,52.22,0.0,0.46
2000-10-13,33.47,27.38,59.41,0.0,0.46
2000-10-14,34.37,26.64,56.36,0.0,0.46
2000-10-15,39.0,25.87,51.61,0.01,0.46
2000-10-16,38.01,27.2,50.78,0.01,0.46
2000-10-17,37.88,26.55,51.13,0.02,0.46
2000-10-18,33.15,27.18,61.68,0.0,0.46
2000-10-19,38.09,25.67,53.96,0.0,0.46
2000-10-20,39.75,25.47,52.82,0.0,0.46
2000-10-21,39.09,25.53,53.31,0.01,0.46
2000-10-22,39.2,24.54,47.69,0.09,0.46
2000-10-23,38.86,24.46,47.91,0.0,0.46
2000-10-24,38.22,24.47,46.93,0.02,0.46
2000-10-25,34.78,26.71,53.28,0.0,0.46
2000-10-26,34.2,26.35,57.91,0.05,0.46
2000-10-27,36.42,25.21,53.98,0.1,0.46
2000-10-28,36.18,25.32,57.98,0.46,0.46
2000-10-29,35.43,24.86,62.83,5.81,0.46
2000-10-30,32.96,24.8,58.05,0.4,0.47
2000-10-31,36.31,22.75,50.57,0.0,0.47
2000-11-01,36.58,21.45,45.36,0.0,0.47
2000-11-02,36.04,20.58,40.33,0.0,0.46
2000-11-03,35.84,18.83,38.55,0.0,0.46
2000-11-04,36.34,19.25,42.37,0.0,0.46
2000-11-05,36.97,19.91,48.13,0.0,0.46
2000-11-06,36.08,19.5,54.3,0.0,0.46
2000-11-07,35.86,19.45,52.17,0.0,0.46
2000-11-08,37.2,20.36,43.25,0.0,0.46
2000-11-09,36.9,20.71,41.15,0.02,0.46
2000-11-10,36.13,20.36,45.84,0.0,0.46
2000-11-11,35.48,21.14,41.41,0.0,0.46
2000-11-12,35.84,21.48,40.32,0.02,0.46
2000-11-13,36.11,21.6,40.86,0.04,0.46
2000-11-14,36.03,20.16,41.72,0.0,0.46
2000-11-15,36.2,19.56,35.67,0.0,0.46
2000-11-16,36.72,20.34,32.83,0.0,0.46
2000-11-17,36.09,21.5,35.56,0.0,0.46
2000-11-18,36.46,21.8,45.49,0.0,0.46
2000-11-19,36.38,21.45,44.07,0.0,0.46
2000-11-20,36.26,22.61,45.95,0.01,0.46
2000-11-21,36.46,22.7,43.87,0.0,0.46
2000-11-22,34.87,23.78,46.56,0.0,0.46
2000-11-23,35.48,22.42,41.68,0.0,0.46
2000-11-24,34.94,19.65,39.08,0.0,0.46
2000-11-25,35.14,19.03,34.3,0.0,0.46
2000-11-26,36.09,18.47,34.26,0.0,0.46
2000-11-27,33.94,22.49,46.34,0.0,0.46
2000-11-28,35.42,24.04,54.32,0.02,0.46
2000-11-29,32.73,22.96,52.66,0.0,0.46
2000-11-30,33.32,23.08,51.02,0.0,0.46
2000-12-01,33.91,23.05,52.73,0.0,0.46
2000-12-02,32.38,23.3,48.49,0.0,0.46
2000-12-03,33.68,19.13,34.72,0.0,0.46
2000-12-04,34.83,16.63,41.71,0.0,0.46
2000-12-05,32.72,15.8,51.29,0.0,0.46
2000-12-06,32.1,14.51,53.46,0.0,0.46
2000-12-07,32.02,15.59,51.56,0.0,0.46
2000-12-08,33.23,15.9,38.08,0.0,0.46
2000-12-09,33.41,16.55,43.66,0.0,0.46
2000-12-10,33.86,16.61,42.63,0.0,0.46
2000-12-11,34.78,16.0,36.02,0.0,0.46
2000-12-12,34.03,17.41,28.37,0.0,0.46
2000-12-13,33.41,13.22,24.5,0.0,0.46
2000-12-14,33.77,14.59,31.4,0.0,0.46
2000-12-15,32.2,13.81,50.67,0.0,0.46
2000-12-16,32.35,14.08,42.17,0.0,0.46
2000-12-17,32.69,13.99,34.84,0.0,0.46
2000-12-18,32.46,15.76,56.57,0.0,0.46
2000-12-19,32.01,13.46,46.31,0.0,0.46
2000-12-20,32.75,15.28,40.5,0.0,0.46
2000-12-21,34.11,16.17,30.17,0.0,0.46
2000-12-22,33.56,15.16,32.34,0.0,0.46
2000-12-23,33.94,15.7,27.42,0.0,0.46
2000-12-24,33.42,15.79,33.57,0.0,0.46
2000-12-25,32.62,15.97,48.86,0.0,0.46
2000-12-26,31.46,16.07,52.36,0.0,0.46
2000-12-27,31.89,16.92,42.86,0.0,0.46
2000-12-28,32.44,17.89,37.0,0.0,0.46
2000-12-29,32.66,15.85,37.31,0.0,0.46
2000-12-30,31.31,14.2,36.29,0.0,0.46
2000-12-31,31.94,14.34,34.46,0.0,0.46
2001-01-01,32.72,15.27,55.8,0.0,0.46
2001-01-02,32.34,15.48,52.45,0.0,0.46
2001-01-03,32.82,14.94,45.26,0.0,0.46
2001-01-04,32.07,15.65,59.28,0.0,0.46
2001-01-05,32.09,15.81,53.42,0.0,0.46
2001-01-06,31.41,13.89,38.14,0.0,0.46
2001-01-07,32.21,13.59,34.77,0.0,0.46
2001-01-08,31.6,11.98,43.25,0.0,0.46
2001-01-09,30.15,11.06,39.29,0.0,0.46
2001-01-10,28.9,10.79,30.95,0.0,0.46
2001-01-11,28.98,10.7,30.03,0.0,0.46
2001-01-12,29.22,11.01,29.6,0.0,0.46
2001-01-13,31.45,11.29,28.67,0.0,0.46
2001-01-14,31.66,12.73,37.74,0.0,0.46
2001-01-15,31.94,11.81,22.12,0.0,0.46
2001-01-16,33.0,13.71,34.08,0.11,0.46
2001-01-17,33.96,16.47,32.58,0.0,0.46
2001-01-18,33.18,13.59,32.67,0.0,0.46
2001-01-19,34.18,15.05,38.73,0.0,0.46
2001-01-20,34.13,16.08,32.78,0.0,0.46
2001-01-21,34.98,16.9,27.99,0.0,0.46
2001-01-22,34.36,14.36,45.29,0.0,0.46
2001-01-23,34.95,16.09,39.66,0.0,0.46
2001-01-24,33.05,16.24,35.45,0.0,0.46
2001-01-25,30.32,13.16,43.6,0.0,0.46
2001-01-26,30.52,10.2,24.82,0.0,0.46
2001-01-27,31.01,10.37,22.81,0.0,0.46
2001-01-28,32.64,10.71,22.81,0.0,0.46
2001-01-29,33.39,12.47,29.12,0.0,0.46
2001-01-30,33.84,12.07,44.52,0.0,0.46
2001-01-31,34.33,13.43,50.32,0.0,0.46
2001-02-01,34.62,14.77,49.88,0.0,0.46
2001-02-02,35.69,14.64,49.03,0.0,0.46
2001-02-03,35.0,15.78,46.98,0.0,0.46
2001-02-04,35.38,16.5,47.98,0.0,0.46
2001-02-05,35.17,16.02,48.1,0.0,0.46
2001-02-06,34.75,15.56,39.8,0.0,0.46
2001-02-07,34.61,16.06,32.38,0.0,0.46
2001-02-08,36.16,15.78,29.84,0.0,0.46
2001-02-09,33.23,12.64,37.35,0.0,0.46
2001-02-10,32.74,12.51,38.79,0.0,0.46
2001-02-11,32.73,13.16,39.45,0.0,0.46
2001-02-12,33.76,14.66,45.16,0.0,0.46
2001-02-13,35.47,15.65,36.63,0.0,0.46
2001-02-14,37.06,16.87,32.68,0.0,0.46
2001-02-15,36.01,17.12,29.85,0.0,0.46
2001-02-16,35.18,21.91,40.11,0.03,0.46
2001-02-17,36.6,20.85,44.44,0.0,0.46
2001-02-18,36.38,16.39,45.43,0.0,0.46
2001-02-19,35.9,17.44,47.25,0.0,0.46
2001-02-20,35.18,18.11,46.86,0.0,0.46
2001-02-21,35.67,17.27,47.81,0.03,0.46
2001-02-22,36.08,17.98,49.02,0.0,0.46
2001-02-23,34.65,19.83,52.37,0.0,0.46
2001-02-24,35.44,19.05,44.68,0.0,0.46
2001-02-25,35.53,17.84,47.21,0.0,0.46
2001-02-26,37.4,18.02,44.36,0.0,0.46
2001-02-27,37.22,17.16,48.74,0.0,0.46
2001-02-28,36.51,17.64,46.94,0.0,0.46
2001-03-01,37.21,19.49,40.68,0.0,0.46
2001-03-02,38.46,20.23,36.4,0.0,0.46
2001-03-03,37.45,19.92,36.84,0.0,0.46
2001-03-04,39.38,19.1,24.84,0.0,0.46
2001-03-05,39.17,20.84,27.62,0.0,0.45
2001-03-06,35.86,17.54,40.27,0.0,0.45
2001-03-07,35.75,18.51,24.86,0.0,0.45
2001-03-08,37.42,16.51,20.51,0.0,0.45
2001-03-09,38.11,19.54,26.1,0.0,0.45
2001-03-10,36.67,16.9,45.24,0.0,0.45
2001-03-11,36.44,18.35,42.76,0.0,0.45
2001-03-12,37.04,18.88,39.8,0.03,0.45
2001-03-13,32.44,23.33,55.96,0.07,0.45
2001-03-14,33.74,23.2,57.8,0.02,0.45
2001-03-15,33.01,23.44,53.78,0.05,0.45
2001-03-16,37.71,21.96,44.14,0.0,0.45
2001-03-17,37.53,21.64,44.35,0.0,0.45
2001-03-18,38.9,21.83,32.37,0.0,0.45
2001-03-19,38.89,22.84,30.81,0.0,0.45
2001-03-20,40.09,21.15,27.36,0.0,0.45
2001-03-21,39.97,21.58,26.38,0.0,0.45
2001-03-22,39.88,21.6,26.75,0.0,0.45
2001-03-23,40.54,21.35,41.8,0.0,0.45
2001-03-24,39.68,22.12,46.46,0.0,0.45
2001-03-25,39.06,22.18,43.3,0.0,0.45
2001-03-26,38.53,21.92,49.73,0.0,0.45
2001-03-27,37.86,23.32,47.91,0.0,0.45
2001-03-28,38.31,22.98,46.49,0.0,0.45
2001-03-29,39.88,23.35,43.94,0.0,0.45
2001-03-30,40.66,23.97,42.3,0.0,0.45
2001-03-31,40.2,24.08,46.36,0.0,0.45
2001-04-01,40.24,25.04,47.93,0.0,0.45
2001-04-02,40.4,23.31,48.87,0.0,0.45
2001-04-03,40.46,23.15,46.11,0.0,0.45
2001-04-04,40.79,24.02,38.52,0.0,0.45
2001-04-05,41.43,23.38,33.24,0.0,0.45
2001-04-06,42.1,24.22,36.71,0.0,0.45
2001-04-07,43.04,24.62,46.33,0.0,0.45
2001-04-08,41.14,25.31,46.59,0.0,0.45
2001-04-09,39.68,23.97,45.1,0.0,0.45
2001-04-10,42.02,24.08,44.31,0.0,0.45
2001-04-11,40.98,25.98,42.49,0.0,0.45
2001-04-12,42.0,23.88,45.47,0.0,0.45
2001-04-13,40.1,24.41,47.43,0.0,0.45
2001-04-14,41.01,25.67,44.2,0.0,0.45
2001-04-15,40.71,23.89,43.04,0.0,0.45
2001-04-16,41.83,25.64,39.13,0.0,0.45
2001-04-17,40.35,25.51,45.11,0.0,0.45
2001-04-18,41.02,25.04,46.04,0.0,0.45
2001-04-19,41.21,25.45,43.74,0.0,0.45
2001-04-20,41.15,24.82,43.32,0.0,0.45
2001-04-21,40.84,24.87,45.16,0.0,0.45
2001-04-22,40.46,25.63,41.84,0.0,0.45
2001-04-23,41.99,24.9,39.22,0.0,0.45
2001-04-24,42.21,24.51,43.41,0.0,0.45
2001-04-25,42.56,25.91,45.15,0.0,0.45
2001-04-26,42.74,24.82,42.94,0.0,0.45
2001-04-27,41.41,23.12,45.1,0.0,0.45
2001-04-28,41.4,24.05,49.41,0.0,0.45
2001-04-29,41.88,24.63,48.11,0.0,0.45
2001-04-30,42.95,25.47,43.56,0.0,0.45
2001-05-01,42.67,26.49,41.54,0.0,0.45
2001-05-02,40.69,27.17,44.7,0.0,0.45
2001-05-03,39.55,27.73,44.94,0.01,0.45
2001-05-04,40.54,25.91,48.8,0.0,0.45
2001-05-05,34.97,26.7,58.0,0.0,0.45
2001-05-06,37.04,25.96,50.77,0.0,0.45
2001-05-07,35.95,25.71,51.37,0.0,0.45
2001-05-08,36.26,26.15,59.06,0.0,0.45
2001-05-09,36.51,26.97,55.67,0.0,0.45
2001-05-10,37.09,25.99,57.97,0.02,0.45
2001-05-11,36.11,26.92,57.57,0.01,0.45
2001-05-12,34.14,26.01,58.97,0.0,0.45
2001-05-13,33.14,24.99,59.44,0.01,0.45
2001-05-14,39.94,24.79,47.53,0.02,0.45
2001-05-15,41.36,26.92,45.32,0.0,0.45
2001-05-16,39.71,27.0,49.22,0.02,0.45
2001-05-17,38.9,27.67,54.5,0.0,0.45
2001-05-18,38.12,27.19,55.31,0.0,0.45
2001-05-19,40.18,27.76,48.98,0.0,0.45
2001-05-20,38.95,28.72,51.6,0.05,0.45
2001-05-21,38.48,27.79,55.19,0.0,0.45
2001-05-22,40.04,26.4,52.59,0.0,0.45
2001-05-23,36.06,27.24,58.74,0.01,0.45
2001-05-24,34.97,26.72,59.72,0.0,0.45
2001-05-25,37.29,26.52,52.95,0.0,0.45
2001-05-26,33.07,27.82,61.09,0.05,0.45
2001-05-27,36.03,26.71,64.49,0.03,0.45
2001-05-28,38.34,26.9,53.57,0.0,0.45
2001-05-29,34.09,27.79,61.23,0.0,0.45
2001-05-30,34.13,26.66,60.91,0.03,0.45
2001-05-31,33.76,27.05,63.07,0.02,0.45
2001-06-01,32.12,27.2,67.71,0.03,0.45
2001-06-02,33.96,27.05,62.46,0.01,0.45
2001-06-03,34.75,26.29,58.04,0.04,0.45
2001-06-04,37.95,25.82,55.56,0.01,0.45
2001-06-05,36.6,26.35,56.98,0.03,0.45
2001-06-06,36.84,26.38,57.1,0.02,0.45
2001-06-07,36.19,27.1,56.82,0.0,0.45
2001-06-08,36.72,26.79,57.31,0.04,0.45
2001-06-09,34.54,27.12,61.59,0.03,0.45
2001-06-10,34.16,26.27,61.95,0.36,0.46
2001-06-11,37.36,26.52,57.54,0.65,0.46
2001-06-12,33.9,26.03,67.17,7.84,0.47
2001-06-13,31.98,24.54,78.42,10.33,0.48
2001-06-14,31.36,24.23,74.73,0.1,0.49
2001-06-15,30.81,24.91,73.46,0.09,0.48
2001-06-16,32.99,24.81,71.85,0.74,0.48
2001-06-17,31.68,24.62,73.25,6.04,0.48
2001-06-18,35.5,24.5,66.88,0.02,0.49
2001-06-19,35.4,25.17,62.04,0.07,0.48
2001-06-20,36.51,25.38,63.49,0.06,0.48
2001-06-21,36.29,26.56,60.23,0.0,0.48
2001-06-22,35.59,26.29,62.75,0.0,0.47
2001-06-23,35.59,26.24,61.99,0.01,0.47
2001-06-24,36.09,26.34,61.38,0.0,0.47
2001-06-25,35.14,25.69,61.65,0.0,0.47
2001-06-26,35.69,26.31,60.23,0.0,0.47
2001-06-27,35.25,26.01,58.78,0.01,0.47
2001-06-28,35.41,25.72,59.33,0.01,0.47
2001-06-29,36.45,26.35,58.8,0.03,0.47
2001-06-30,37.92,25.74,59.2,0.11,0.47
2001-07-01,33.96,25.8,65.39,0.75,0.47
2001-07-02,37.39,24.57,59.38,0.0,0.47
2001-07-03,38.54,25.51,58.56,0.0,0.46
2001-07-04,36.94,26.8,57.93,0.0,0.46
2001-07-05,35.5,27.89,60.69,0.02,0.46
2001-07-06,35.51,26.9,63.28,0.0,0.46
2001-07-07,34.65,26.59,64.77,0.0,0.46
2001-07-08,34.45,26.25,65.74,0.01,0.46
2001-07-09,32.89,27.04,63.72,0.02,0.46
2001-07-10,35.82,26.4,58.25,0.03,0.46
2001-07-11,36.22,26.18,60.83,0.06,0.46
2001-07-12,37.84,25.59,58.7,0.0,0.46
2001-07-13,36.38,26.07,59.91,0.0,0.46
2001-07-14,34.1,26.33,62.95,0.03,0.46
2001-07-15,33.14,26.62,63.4,0.0,0.46
2001-07-16,35.65,26.49,60.68,0.01,0.46
2001-07-17,34.48,26.83,62.58,0.03,0.46
2001-07-18,32.55,25.95,66.46,0.01,0.46
2001-07-19,36.07,25.63,61.42,0.1,0.46
2001-07-20,36.03,25.59,60.98,0.02,0.46
2001-07-21,35.1,25.82,62.41,0.01,0.46
2001-07-22,34.64,26.57,64.56,0.06,0.46
2001-07-23,34.97,26.17,64.86,0.03,0.46
2001-07-24,32.0,25.86,66.44,0.01,0.46
2001-07-25,37.52,25.51,58.81,0.01,0.46
2001-07-26,36.6,25.99,60.15,0.05,0.46
2001-07-27,35.98,25.98,57.73,0.0,0.46
2001-07-28,38.88,26.14,55.69,0.0,0.46
2001-07-29,36.47,26.62,57.3,0.0,0.46
2001-07-30,37.51,26.28,56.94,0.01,0.46
2001-07-31,36.54,27.21,58.28,0.06,0.46
2001-08-01,33.4,26.48,66.13,0.06,0.46
2001-08-02,32.99,25.87,66.85,0.03,0.46
2001-08-03,35.12,25.78,63.88,0.03,0.46
2001-08-04,36.7,26.65,59.91,0.05,0.46
2001-08-05,35.65,26.78,58.23,0.0,0.46
2001-08-06,37.89,27.29,59.59,0.0,0.46
2001-08-07,31.06,26.36,67.88,0.01,0.46
2001-08-08,35.13,25.93,61.62,0.01,0.46
2001-08-09,39.31,25.54,58.31,0.0,0.46
2001-08-10,39.42,26.26,55.33,0.0,0.46
2001-08-11,36.88,26.89,59.42,0.06,0.46
2001-08-12,31.44,26.09,72.77,0.03,0.46
2001-08-13,36.5,25.84,62.28,0.07,0.46
2001-08-14,36.66,25.78,59.71,0.07,0.46
2001-08-15,34.59,25.94,62.05,0.02,0.46
2001-08-16,39.1,26.07,58.59,0.02,0.46
2001-08-17,37.91,27.32,59.26,0.0,0.46
2001-08-18,37.38,27.26,61.13,0.0,0.46
2001-08-19,39.37,26.78,57.45,0.0,0.46
2001-08-20,38.12,27.55,57.58,0.03,0.46
2001-08-21,39.02,26.83,55.59,0.26,0.46
2001-08-22,39.25,25.88,54.48,0.29,0.46
2001-08-23,40.45,26.01,53.77,0.0,0.46
2001-08-24,39.64,26.96,56.21,0.0,0.46
2001-08-25,38.42,27.2,58.56,0.0,0.46
2001-08-26,36.85,27.12,60.73,0.0,0.46
2001-08-27,38.75,27.0,58.64,0.0,0.46
2001-08-28,37.13,27.64,61.08,0.0,0.46
2001-08-29,37.59,27.47,56.76,0.0,0.46
2001-08-30,39.01,27.05,57.92,0.0,0.46
2001-08-31,36.79,26.3,57.89,0.0,0.46
2001-09-01,38.75,26.14,54.39,0.0,0.46
2001-09-02,38.17,25.85,56.73,0.0,0.46
2001-09-03,39.31,26.46,53.63,0.06,0.46
2001-09-04,37.15,26.79,56.75,0.1,0.46
2001-09-05,35.59,26.73,61.83,0.0,0.46
2001-09-06,37.5,26.36,57.52,0.01,0.46
2001-09-07,36.94,26.59,57.13,0.0,0.46
2001-09-08,36.76,26.3,58.45,0.0,0.46
2001-09-09,37.41,26.0,59.36,0.0,0.46
2001-09-10,35.5,26.05,63.26,0.03,0.46
2001-09-11,37.63,25.36,58.29,0.02,0.46
2001-09-12,38.28,25.01,58.33,0.0,0.46
2001-09-13,39.37,25.45,56.58,0.05,0.46
2001-09-14,37.9,26.66,57.37,0.06,0.46
2001-09-15,36.22,26.48,61.79,0.06,0.46
2001-09-16,33.64,25.58,65.79,0.01,0.46
2001-09-17,36.48,25.39,62.0,0.04,0.46
2001-09-18,37.13,24.97,60.6,0.01,0.46
2001-09-19,37.95,25.54,58.63,0.0,0.46
2001-09-20,38.27,25.02,56.89,0.0,0.46
2001-09-21,36.91,26.19,54.26,0.0,0.46
2001-09-22,36.37,26.85,56.93,0.02,0.46
2001-09-23,33.48,27.03,60.68,0.0,0.46
2001-09-24,37.01,26.28,56.43,0.0,0.46
2001-09-25,32.7,26.86,64.47,0.0,0.46
2001-09-26,32.7,26.23,62.25,0.0,0.46
2001-09-27,37.29,26.09,55.25,0.0,0.46
2001-09-28,40.42,27.05,48.69,0.0,0.46
2001-09-29,36.86,25.68,54.83,0.0,0.46
2001-09-30,38.59,26.37,53.52,0.0,0.46
2001-10-01,34.64,26.96,58.94,0.01,0.46
2001-10-02,37.11,26.68,55.42,0.01,0.46
2001-10-03,32.98,25.68,60.64,0.03,0.46
2001-10-04,37.09,25.35,55.67,0.0,0.46
2001-10-05,35.85,26.47,56.14,0.03,0.46
2001-10-06,38.24,26.49,53.71,0.04,0.46
2001-10-07,38.42,26.99,55.87,0.0,0.46
2001-10-08,37.97,27.33,55.09,0.0,0.46
2001-10-09,35.11,27.45,62.29,0.03,0.46
2001-10-10,32.93,26.44,66.08,0.04,0.46
2001-10-11,34.09,26.02,62.09,0.02,0.46
2001-10-12,35.67,25.62,57.73,0.0,0.46
2001-10-13,37.63,26.2,54.26,0.0,0.46
2001-10-14,36.52,26.88,56.39,0.0,0.46
2001-10-15,37.51,26.73,52.23,0.04,0.46
2001-10-16,34.74,27.79,53.87,0.02,0.46
2001-10-17,31.78,26.68,64.37,0.01,0.46
2001-10-18,37.12,24.77,54.41,0.09,0.46
2001-10-19,38.33,25.22,52.94,0.01,0.46
2001-10-20,38.41,25.39,49.53,0.0,0.46
2001-10-21,37.41,26.99,47.36,0.0,0.46
2001-10-22,39.47,26.74,43.39,0.0,0.46
2001-10-23,39.74,27.95,35.88,0.0,0.46
2001-10-24,38.85,28.0,40.72,0.02,0.46
2001-10-25,35.15,27.61,52.9,0.05,0.46
2001-10-26,34.17,26.27,61.49,0.03,0.46
2001-10-27,32.57,25.01,67.22,0.24,0.46
2001-10-28,30.65,24.95,66.3,0.11,0.46
2001-10-29,32.24,23.95,65.48,0.09,0.46
2001-10-30,30.9,24.43,74.08,0.01,0.46
2001-10-31,30.65,23.94,70.45,0.01,0.46
2001-11-01,31.01,23.8,70.19,0.0,0.46
2001-11-02,34.71,24.37,58.66,0.01,0.46
2001-11-03,36.23,25.21,57.49,0.0,0.46
2001-11-04,34.8,25.26,59.67,0.0,0.46
2001-11-05,34.26,25.6,59.35,0.0,0.46
2001-11-06,34.27,26.33,57.14,0.0,0.46
2001-11-07,35.41,25.23,50.04,0.0,0.46
2001-11-08,35.02,24.74,49.77,0.0,0.46
2001-11-09,34.4,25.22,48.54,0.0,0.46
2001-11-10,33.61,25.53,48.52,0.02,0.46
2001-11-11,36.21,23.96,47.49,0.0,0.46
2001-11-12,36.45,24.83,46.0,0.01,0.46
2001-11-13,37.27,25.09,44.23,0.0,0.46
2001-11-14,34.95,25.81,48.02,0.08,0.46
2001-11-15,35.48,22.06,43.95,0.0,0.46
2001-11-16,34.53,21.14,40.09,0.0,0.46
2001-11-17,35.13,20.73,48.22,0.0,0.46
2001-11-18,35.53,20.89,49.62,0.0,0.46
2001-11-19,34.31,22.99,48.4,0.0,0.46
2001-11-20,29.19,22.17,51.91,0.0,0.46
2001-11-21,32.97,19.02,34.5,0.0,0.46
2001-11-22,32.97,17.18,30.52,0.0,0.46
2001-11-23,32.88,17.38,45.99,0.0,0.46
2001-11-24,32.78,17.38,41.48,0.0,0.46
2001-11-25,33.24,18.04,33.69,0.0,0.46
2001-11-26,33.27,17.98,36.47,0.0,0.46
2001-11-27,31.92,18.7,41.31,0.0,0.46
2001-11-28,31.69,17.65,43.79,0.0,0.46
2001-11-29,31.89,17.7,44.68,0.0,0.46
2001-11-30,32.75,15.96,31.77,0.0,0.46
2001-12-01,33.1,16.07,30.86,0.0,0.46
2001-12-02,32.64,16.03,41.66,0.0,0.46
2001-12-03,32.32,16.25,44.31,0.0,0.46
2001-12-04,32.82,16.11,38.23,0.0,0.46
2001-12-05,32.91,16.19,42.97,0.0,0.46
2001-12-06,33.26,16.53,43.97,0.0,0.46
2001-12-07,33.66,16.68,43.56,0.0,0.46
2001-12-08,34.52,16.91,37.08,0.0,0.46
2001-12-09,34.19,15.64,37.2,0.0,0.46
2001-12-10,34.07,14.87,38.36,0.0,0.46
2001-12-11,32.66,14.85,32.41,0.0,0.46
2001-12-12,33.22,14.15,26.85,0.0,0.46
2001-12-13,33.97,14.8,28.18,0.0,0.46
2001-12-14,34.1,17.35,30.36,0.0,0.46
2001-12-15,34.13,21.47,37.33,0.02,0.46
2001-12-16,35.38,22.27,47.83,0.0,0.46
2001-12-17,35.35,21.18,46.28,0.0,0.46
2001-12-18,35.16,19.5,38.16,0.0,0.46
2001-12-19,35.18,18.67,35.81,0.2,0.46
2001-12-20,34.16,18.88,38.77,0.03,0.46
2001-12-21,31.81,22.55,48.66,0.0,0.46
2001-12-22,31.95,21.64,57.41,0.0,0.46
2001-12-23,31.39,19.72,50.68,0.0,0.46
2001-12-24,31.13,20.02,58.17,0.0,0.46
2001-12-25,27.65,21.5,67.84,0.0,0.46
2001-12-26,29.82,20.28,64.17,0.0,0.46
2001-12-27,32.72,17.8,52.38,0.0,0.46
2001-12-28,32.85,18.0,35.04,0.0,0.46
2001-12-29,33.07,17.27,32.84,0.0,0.46
2001-12-30,31.04,18.4,43.13,0.0,0.46
2001-12-31,27.66,17.67,37.68,0.0,0.46
2002-01-01,29.1,16.67,40.88,0.0,0.46
2002-01-02,30.58,18.69,41.27,0.0,0.46
2002-01-03,32.19,19.37,46.05,0.0,0.46
2002-01-04,32.3,17.79,44.76,0.0,0.46
2002-01-05,32.01,17.45,38.31,0.0,0.46
2002-01-06,32.48,17.62,42.98,0.0,0.46
2002-01-07,33.06,17.2,34.81,0.0,0.46
2002-01-08,32.34,17.46,38.82,0.0,0.46
2002-01-09,29.54,17.95,53.76,0.0,0.46
2002-01-10,28.69,18.69,52.32,0.0,0.46
2002-01-11,31.22,15.77,40.22,0.0,0.46
2002-01-12,30.66,14.96,34.62,0.0,0.46
2002-01-13,29.96,13.75,28.38,0.0,0.46
2002-01-14,31.09,12.65,28.19,0.0,0.46
2002-01-15,32.08,14.01,42.7,0.0,0.46
2002-01-16,33.18,14.47,37.33,0.0,0.46
2002-01-17,34.54,16.03,41.42,0.0,0.46
2002-01-18,34.31,14.85,41.1,0.0,0.46
2002-01-19,34.68,15.3,37.72,0.0,0.46
2002-01-20,34.74,15.58,28.86,0.0,0.46
2002-01-21,35.68,14.87,28.07,0.0,0.46
2002-01-22,36.18,15.6,36.7,0.0,0.46
2002-01-23,35.23,17.17,39.49,0.0,0.46
2002-01-24,32.59,16.94,58.65,0.0,0.46
2002-01-25,31.97,18.24,67.84,0.0,0.46
2002-01-26,32.33,16.62,49.01,0.0,0.46
2002-01-27,30.54,13.28,30.19,0.0,0.46
2002-01-28,32.67,12.8,27.86,0.0,0.46
2002-01-29,33.27,13.58,37.1,0.0,0.46
2002-01-30,33.81,15.3,49.76,0.0,0.46
2002-01-31,31.36,15.72,56.63,0.0,0.46
2002-02-01,31.6,15.12,45.11,0.0,0.46
2002-02-02,32.04,14.49,41.7,0.0,0.46
2002-02-03,31.01,13.11,43.44,0.0,0.46
2002-02-04,30.85,12.93,37.33,0.0,0.46
2002-02-05,31.89,14.0,32.41,0.0,0.46
2002-02-06,32.93,14.54,30.37,0.0,0.46
2002-02-07,34.03,14.31,36.14,0.0,0.46
2002-02-08,34.82,15.41,43.05,0.0,0.46
2002-02-09,36.11,16.99,43.52,0.0,0.46
2002-02-10,36.05,17.46,40.59,0.0,0.46
2002-02-11,37.67,19.05,30.76,0.0,0.46
2002-02-12,38.93,20.41,23.88,0.0,0.46
2002-02-13,37.33,20.23,20.45,0.0,0.46
2002-02-14,36.29,17.59,26.68,0.0,0.46
2002-02-15,35.93,19.24,29.24,0.16,0.46
2002-02-16,37.67,18.01,36.5,0.0,0.46
2002-02-17,37.35,16.26,38.91,0.0,0.46
2002-02-18,37.65,15.95,36.09,0.0,0.46
2002-02-19,37.04,15.32,38.6,0.0,0.46
2002-02-20,35.27,16.48,40.17,0.0,0.46
2002-02-21,34.87,16.0,30.44,0.0,0.46
2002-02-22,34.76,15.72,29.72,0.0,0.46
2002-02-23,35.1,16.48,24.19,0.0,0.46
2002-02-24,36.27,17.22,40.47,1.31,0.46
2002-02-25,37.46,17.42,40.78,0.0,0.46
2002-02-26,37.59,19.26,35.86,0.0,0.46
2002-02-27,35.57,17.74,49.3,0.0,0.46
2002-02-28,36.88,18.85,43.54,0.0,0.46
2002-03-01,35.9,18.55,28.02,0.0,0.46
2002-03-02,36.32,17.33,22.36,0.0,0.46
2002-03-03,38.85,19.75,28.31,0.05,0.46
2002-03-04,37.99,18.57,42.17,0.0,0.46
2002-03-05,37.42,19.46,50.83,0.0,0.46
2002-03-06,37.33,19.22,45.54,0.0,0.46
2002-03-07,36.84,18.07,39.59,0.0,0.46
2002-03-08,35.88,17.78,38.87,0.0,0.46
2002-03-09,36.36,17.86,38.7,0.0,0.46
2002-03-10,37.55,19.42,40.63,0.0,0.46
2002-03-11,38.88,19.87,43.25,0.0,0.46
2002-03-12,37.93,20.27,46.24,0.0,0.46
2002-03-13,39.27,20.49,48.28,0.0,0.46
2002-03-14,39.0,19.78,48.78,0.0,0.46
2002-03-15,39.6,20.09,42.15,0.0,0.46
2002-03-16,39.52,20.38,33.84,0.0,0.46
2002-03-17,38.88,19.62,34.37,0.0,0.46
2002-03-18,40.51,21.05,28.69,0.0,0.46
2002-03-19,40.41,20.44,33.52,0.0,0.46
2002-03-20,39.84,19.33,33.19,0.0,0.46
2002-03-21,40.53,19.83,32.54,0.0,0.46
2002-03-22,39.39,19.12,37.22,0.0,0.46
2002-03-23,38.17,20.57,42.25,0.0,0.46
2002-03-24,37.89,20.4,50.41,0.03,0.46
2002-03-25,38.03,20.67,51.35,0.0,0.46
2002-03-26,39.23,21.23,46.04,0.0,0.46
2002-03-27,40.25,20.88,42.89,0.0,0.46
2002-03-28,40.7,22.74,43.3,0.0,0.46
2002-03-29,40.53,22.44,44.9,0.0,0.46
2002-03-30,38.31,23.9,41.82,0.0,0.46
2002-03-31,38.74,23.56,33.09,0.0,0.46
2002-04-01,39.65,22.84,39.7,0.0,0.46
2002-04-02,38.78,21.41,45.64,0.02,0.46
2002-04-03,38.33,20.78,43.42,0.01,0.46
2002-04-04,38.46,21.25,43.31,0.0,0.46
2002-04-05,39.54,21.74,43.7,0.0,0.46
2002-04-06,40.75,23.23,39.4,0.0,0.46
2002-04-07,41.25,22.6,38.15,0.0,0.46
2002-04-08,41.53,22.59,44.85,0.0,0.46
2002-04-09,40.52,22.26,48.45,0.0,0.46
2002-04-10,38.75,24.4,51.41,0.02,0.46
2002-04-11,37.57,24.98,45.24,0.0,0.46
2002-04-12,40.67,24.9,29.67,0.0,0.46
2002-04-13,37.78,27.54,33.65,0.0,0.46
2002-04-14,38.34,23.49,36.62,0.0,0.46
2002-04-15,40.22,22.43,41.83,0.0,0.46
2002-04-16,40.58,23.15,44.81,0.0,0.46
2002-04-17,40.5,23.29,47.52,0.0,0.45
2002-04-18,42.26,24.23,46.27,0.0,0.45
2002-04-19,41.55,22.9,47.44,0.0,0.45
2002-04-20,42.45,24.0,42.1,0.0,0.45
2002-04-21,42.33,26.11,38.64,0.0,0.45
2002-04-22,40.2,27.55,41.17,0.0,0.45
2002-04-23,40.68,26.49,39.13,0.0,0.45
2002-04-24,41.0,27.98,36.29,0.0,0.45
2002-04-25,41.06,26.91,35.06,0.0,0.45
2002-04-26,41.75,24.71,42.45,0.28,0.46
2002-04-27,40.97,24.36,42.34,0.0,0.46
2002-04-28,41.14,24.58,43.8,0.0,0.46
2002-04-29,41.72,23.91,40.63,0.0,0.46
2002-04-30,41.53,23.93,42.09,0.0,0.46
2002-05-01,41.16,23.15,39.96,0.0,0.46
2002-05-02,43.25,25.46,38.66,0.0,0.46
2002-05-03,42.75,26.61,40.99,0.0,0.46
2002-05-04,42.23,27.68,38.48,0.03,0.46
2002-05-05,39.58,27.72,40.37,0.0,0.45
2002-05-06,41.09,26.6,44.2,0.0,0.45
2002-05-07,39.89,26.41,50.76,0.06,0.46
2002-05-08,39.95,26.53,52.48,0.23,0.46
2002-05-09,39.57,25.95,50.2,0.57,0.46
2002-05-10,40.44,26.61,49.86,0.02,0.46
2002-05-11,40.93,27.13,46.16,0.23,0.46
2002-05-12,38.43,27.97,55.62,7.63,0.46
2002-05-13,35.5,27.53,54.7,0.02,0.47
2002-05-14,34.34,26.39,58.95,0.02,0.47
2002-05-15,33.93,26.32,61.12,0.02,0.47
2002-05-16,32.01,25.78,63.42,0.02,0.47
2002-05-17,30.89,26.58,70.27,0.02,0.47
2002-05-18,31.06,25.77,72.12,0.15,0.47
2002-05-19,33.24,27.19,65.07,0.01,0.46
2002-05-20,36.8,27.29,60.92,0.0,0.46
2002-05-21,35.41,27.47,62.85,0.0,0.46
2002-05-22,37.86,26.39,58.55,0.0,0.46
2002-05-23,38.56,26.77,54.7,0.01,0.46
2002-05-24,41.48,25.08,49.19,0.0,0.46
2002-05-25,37.24,25.68,58.26,0.02,0.46
2002-05-26,36.45,25.86,56.26,0.09,0.46
2002-05-27,35.82,25.88,57.12,0.08,0.46
2002-05-28,35.04,25.45,59.91,0.01,0.46
2002-05-29,39.01,24.78,51.7,0.0,0.46
2002-05-30,39.12,26.14,53.62,0.0,0.46
2002-05-31,39.48,25.92,51.03,0.01,0.46
2002-06-01,38.91,26.5,53.16,0.94,0.46
2002-06-02,38.01,26.24,53.93,0.86,0.46
2002-06-03,39.65,26.62,51.14,0.06,0.46
2002-06-04,38.7,27.27,55.39,0.03,0.46
2002-06-05,35.1,28.51,57.52,0.01,0.46
2002-06-06,34.3,28.04,59.19,0.09,0.46
2002-06-07,38.42,26.7,56.82,0.1,0.46
2002-06-08,38.92,26.86,55.98,0.0,0.46
2002-06-09,35.88,27.02,59.57,0.0,0.46
2002-06-10,37.06,26.6,56.12,0.0,0.46
2002-06-11,38.04,26.96,53.31,0.01,0.46
2002-06-12,37.88,26.86,56.17,0.09,0.46
2002-06-13,39.17,26.45,51.42,0.0,0.46
2002-06-14,36.88,27.79,54.74,0.0,0.46
2002-06-15,37.64,27.45,54.27,0.04,0.46
2002-06-16,35.81,26.6,62.1,1.29,0.46
2002-06-17,34.46,26.19,69.52,5.67,0.47
2002-06-18,34.09,26.33,69.26,1.63,0.47
2002-06-19,34.22,25.88,71.13,3.98,0.47
2002-06-20,33.52,25.21,74.68,3.82,0.48
2002-06-21,34.98,25.3,70.75,2.58,0.48
2002-06-22,33.56,25.64,77.97,2.29,0.48
2002-06-23,32.46,25.32,78.27,3.34,0.48
2002-06-24,31.14,24.98,81.21,5.68,0.49
2002-06-25,34.69,24.24,68.55,0.05,0.49
2002-06-26,36.3,25.27,63.6,0.04,0.48
2002-06-27,36.87,24.82,67.23,5.07,0.48
2002-06-28,36.02,25.75,71.49,7.49,0.49
2002-06-29,34.48,25.27,73.24,7.03,0.5
2002-06-30,34.63,24.7,78.94,20.75,0.52
2002-07-01,33.31,25.43,79.21,11.03,0.54
2002-07-02,32.55,25.5,81.37,12.68,0.56
2002-07-03,33.34,25.2,77.17,5.26,0.56
2002-07-04,33.81,24.68,75.63,2.98,0.56
2002-07-05,34.47,24.74,71.91,0.83,0.55
2002-07-06,32.93,25.09,72.56,2.38,0.55
2002-07-07,34.01,25.13,75.32,1.27,0.55
2002-07-08,33.95,25.44,75.08,0.2,0.54
2002-07-09,30.25,25.31,84.46,6.67,0.55
2002-07-10,29.99,24.65,81.29,7.94,0.56
2002-07-11,33.63,24.05,76.72,1.85,0.56
2002-07-12,33.72,24.87,75.42,0.01,0.55
2002-07-13,30.89,25.34,76.76,0.04,0.55
2002-07-14,32.36,24.67,77.41,1.65,0.55
2002-07-15,35.64,23.86,69.92,0.0,0.54
2002-07-16,32.7,25.58,75.66,0.0,0.54
2002-07-17,32.64,25.36,75.49,0.02,0.54
2002-07-18,34.43,24.73,70.02,0.09,0.53
2002-07-19,32.06,24.65,71.87,0.06,0.53
2002-07-20,31.11,24.5,73.45,0.02,0.53
2002-07-21,32.45,24.81,73.68,0.03,0.52
2002-07-22,33.41,25.76,69.39,0.08,0.52
2002-07-23,35.2,25.15,66.87,0.05,0.52
2002-07-24,33.55,25.0,77.36,1.96,0.51
2002-07-25,33.52,24.26,76.98,0.72,0.51
2002-07-26,34.41,24.86,72.01,0.79,0.51
2002-07-27,35.42,24.73,71.89,1.99,0.51
2002-07-28,33.81,25.19,70.98,0.0,0.51
2002-07-29,35.95,24.55,67.31,0.0,0.5
2002-07-30,35.9,25.63,64.22,0.0,0.5
2002-07-31,35.83,24.73,63.59,0.0,0.5
2002-08-01,37.2,25.35,63.25,0.0,0.49
2002-08-02,32.73,25.43,67.81,0.14,0.49
2002-08-03,30.94,24.93,76.65,1.0,0.49
2002-08-04,34.75,24.88,69.47,0.07,0.49
2002-08-05,34.9,25.58,70.99,0.54,0.49
2002-08-06,30.92,26.11,73.96,0.0,0.49
2002-08-07,35.0,24.76,66.89,0.19,0.48
2002-08-08,34.16,25.01,74.17,2.02,0.48
2002-08-09,34.23,25.71,67.03,0.01,0.48
2002-08-10,32.79,25.62,70.71,0.02,0.48
2002-08-11,32.12,25.64,72.74,0.03,0.48
2002-08-12,31.97,25.74,72.21,0.01,0.48
2002-08-13,33.62,26.06,66.98,0.02,0.48
2002-08-14,35.12,25.96,67.54,0.01,0.48
2002-08-15,36.87,25.98,61.1,0.04,0.47
2002-08-16,34.45,26.09,63.08,0.06,0.47
2002-08-17,35.32,26.01,62.41,0.0,0.47
2002-08-18,36.39,25.87,60.53,0.07,0.47
2002-08-19,36.83,25.53,61.42,0.02,0.47
2002-08-20,32.63,26.07,70.37,0.01,0.47
2002-08-21,34.69,25.29,63.79,0.0,0.47
2002-08-22,35.07,25.25,61.86,0.01,0.47
2002-08-23,37.9,24.76,59.7,0.01,0.47
2002-08-24,36.08,25.38,61.4,0.05,0.47
2002-08-25,30.98,26.6,71.77,0.02,0.47
2002-08-26,34.56,25.7,63.81,0.0,0.47
2002-08-27,33.45,26.71,69.0,0.0,0.47
2002-08-28,31.17,25.86,70.2,0.01,0.47
2002-08-29,35.18,25.08,62.28,0.01,0.47
2002-08-30,37.29,25.21,59.81,0.02,0.46
2002-08-31,39.29,25.27,57.79,0.0,0.46
2002-09-01,40.69,26.46,53.95,0.0,0.46
2002-09-02,38.06,26.1,57.76,0.0,0.46
2002-09-03,33.95,26.88,64.52,0.02,0.46
2002-09-04,33.49,26.53,64.73,0.02,0.46
2002-09-05,33.36,25.89,63.16,0.0,0.46
2002-09-06,34.57,26.03,63.69,0.02,0.46
2002-09-07,33.49,25.92,68.35,0.28,0.46
2002-09-08,34.28,25.24,71.42,4.07,0.47
2002-09-09,34.35,24.98,61.35,0.01,0.47
2002-09-10,34.78,25.52,57.68,0.0,0.47
2002-09-11,37.89,24.42,54.1,0.0,0.47
2002-09-12,37.08,26.12,55.53,0.02,0.47
2002-09-13,33.31,26.48,63.86,0.38,0.47
2002-09-14,34.67,25.07,69.67,3.87,0.47
2002-09-15,31.81,24.71,74.7,3.77,0.47
2002-09-16,34.33,24.45,74.31,4.57,0.48
2002-09-17,33.44,24.21,71.02,0.0,0.48
2002-09-18,34.02,25.58,66.34,0.02,0.47
2002-09-19,35.43,25.33,62.35,0.05,0.47
2002-09-20,34.19,25.34,65.31,0.03,0.47
2002-09-21,35.62,25.32,61.06,0.0,0.47
2002-09-22,35.62,25.92,61.29,0.0,0.47
2002-09-23,37.03,25.08,55.56,0.01,0.47
2002-09-24,37.88,26.03,55.78,0.0,0.47
2002-09-25,39.2,26.0,55.27,0.18,0.47
2002-09-26,35.13,26.08,65.6,1.83,0.47
2002-09-27,36.79,26.14,61.5,0.02,0.47
2002-09-28,36.58,25.74,59.5,0.11,0.47
2002-09-29,38.23,24.96,57.54,0.0,0.46
2002-09-30,38.17,25.85,55.07,0.0,0.46
2002-10-01,32.82,26.31,61.36,0.0,0.46
2002-10-02,34.88,25.38,61.52,0.0,0.46
2002-10-03,35.04,26.72,61.59,0.01,0.46
2002-10-04,35.13,26.13,61.8,0.0,0.46
2002-10-05,36.4,25.69,57.57,0.0,0.46
2002-10-06,34.61,26.31,61.69,0.01,0.46
2002-10-07,34.24,25.56,55.75,0.0,0.46
2002-10-08,37.67,23.3,36.87,0.0,0.46
2002-10-09,33.94,25.59,48.12,0.0,0.46
2002-10-10,37.32,22.96,42.63,0.01,0.46
2002-10-11,36.84,25.12,48.48,0.0,0.46
2002-10-12,34.81,25.38,53.82,0.0,0.46
2002-10-13,34.04,25.74,57.96,0.03,0.46
2002-10-14,33.05,24.92,60.16,0.09,0.46
2002-10-15,33.8,24.77,62.99,2.06,0.46
2002-10-16,29.39,24.31,85.86,24.39,0.49
2002-10-17,34.32,23.87,72.73,0.0,0.51
2002-10-18,35.71,23.98,65.31,0.01,0.5
2002-10-19,37.17,24.22,59.77,0.01,0.5
2002-10-20,36.3,23.35,60.81,0.0,0.49
2002-10-21,35.21,24.42,64.23,0.0,0.49
2002-10-22,35.92,24.02,64.36,0.0,0.49
2002-10-23,32.64,24.7,67.86,0.01,0.48
2002-10-24,34.5,23.88,64.67,0.07,0.48
2002-10-25,36.22,23.47,62.6,0.08,0.48
2002-10-26,35.69,24.73,61.31,0.0,0.48
2002-10-27,37.34,24.41,57.08,0.01,0.47
2002-10-28,37.03,23.25,54.45,0.04,0.47
2002-10-29,36.26,21.44,54.88,0.0,0.47
2002-10-30,36.38,21.5,52.85,0.0,0.47
2002-10-31,37.32,21.8,51.3,0.0,0.47
2002-11-01,37.37,24.21,47.55,0.01,0.47
2002-11-02,31.78,24.7,63.26,0.88,0.47
2002-11-03,30.2,23.66,70.2,0.7,0.47
2002-11-04,29.62,22.24,66.35,0.0,0.47
2002-11-05,33.13,20.97,52.64,0.0,0.47
2002-11-06,34.76,21.08,47.88,0.0,0.46
2002-11-07,36.42,21.54,41.72,0.0,0.46
2002-11-08,36.17,21.3,43.32,0.0,0.46
2002-11-09,36.22,21.47,46.67,0.0,0.46
2002-11-10,36.15,23.94,47.46,0.0,0.46
2002-11-11,37.16,24.41,46.85,0.01,0.46
2002-11-12,36.36,24.78,49.68,0.02,0.46
2002-11-13,32.16,25.31,64.38,0.0,0.46
2002-11-14,34.98,22.84,62.38,0.0,0.46
2002-11-15,35.15,19.52,50.46,0.0,0.46
2002-11-16,36.09,18.63,42.86,0.0,0.46
2002-11-17,36.44,19.47,44.2,0.02,0.46
2002-11-18,35.9,19.37,51.1,0.0,0.46
2002-11-19,34.42,18.97,50.42,0.0,0.46
2002-11-20,34.32,16.94,47.62,0.0,0.46
2002-11-21,35.63,18.85,50.78,0.0,0.46
2002-11-22,35.68,20.1,45.54,0.0,0.46
2002-11-23,34.71,22.48,51.42,0.0,0.46
2002-11-24,32.82,24.02,55.19,0.01,0.46
2002-11-25,29.57,24.5,71.29,0.05,0.46
2002-11-26,33.31,23.99,65.03,0.16,0.46
2002-11-27,30.86,23.52,68.64,0.0,0.46
2002-11-28,32.43,23.21,64.98,0.02,0.46
2002-11-29,33.15,23.43,63.93,0.03,0.46
2002-11-30,35.34,21.6,59.49,0.0,0.46
2002-12-01,34.62,20.21,56.34,0.0,0.46
2002-12-02,34.4,18.67,54.03,0.0,0.46
2002-12-03,35.19,18.57,46.55,0.0,0.46
2002-12-04,34.84,18.34,49.21,0.0,0.46
2002-12-05,34.71,17.76,47.46,0.0,0.46
2002-12-06,34.74,19.35,38.31,0.0,0.46
2002-12-07,34.95,17.58,35.24,0.0,0.46
2002-12-08,33.94,15.6,35.49,0.0,0.46
2002-12-09,35.06,17.15,35.75,0.0,0.46
2002-12-10,33.11,18.93,52.87,0.0,0.46
2002-12-11,33.5,16.74,45.75,0.0,0.46
2002-12-12,33.81,18.05,39.97,0.0,0.46
2002-12-13,33.27,20.1,47.54,0.0,0.46
2002-12-14,32.86,20.29,54.74,0.0,0.46
2002-12-15,32.1,17.9,53.56,0.0,0.46
2002-12-16,32.71,18.01,48.29,0.0,0.46
2002-12-17,31.45,15.83,53.71,0.0,0.46
2002-12-18,30.84,15.0,59.26,0.0,0.46
2002-12-19,31.81,15.91,48.24,0.0,0.46
2002-12-20,31.5,14.99,41.42,0.0,0.46
2002-12-21,31.51,15.45,40.65,0.0,0.46
2002-12-22,30.51,14.75,43.82,0.0,0.46
2002-12-23,30.63,14.13,43.53,0.0,0.46
2002-12-24,31.09,13.69,41.58,0.0,0.46
2002-12-25,30.75,14.89,48.2,4.29,0.47
2002-12-26,28.94,12.18,43.48,0.97,0.47
2002-12-27,30.46,12.96,39.81,0.0,0.47
2002-12-28,29.13,12.66,46.13,0.0,0.46
2002-12-29,29.31,12.88,46.33,0.0,0.46
2002-12-30,28.43,12.52,42.79,0.0,0.46
2002-12-31,29.41,11.21,37.14,0.0,0.46
2003-01-01,27.86,15.6,48.45,0.01,0.46
2003-01-02,30.77,15.54,46.16,0.0,0.46
2003-01-03,31.77,15.07,40.09,0.0,0.46
2003-01-04,32.57,17.56,51.12,4.47,0.46
2003-01-05,29.64,15.32,61.41,7.46,0.48
2003-01-06,28.7,11.4,57.6,0.0,0.48
2003-01-07,30.04,13.63,52.9,0.0,0.48
2003-01-08,29.64,13.21,64.92,0.0,0.48
2003-01-09,29.22,13.86,62.75,0.0,0.47
2003-01-10,30.04,13.88,54.99,0.0,0.47
2003-01-11,30.57,15.55,61.57,0.0,0.47
2003-01-12,30.8,15.92,60.16,0.0,0.47
2003-01-13,31.45,16.59,55.16,0.0,0.47
2003-01-14,31.58,17.25,56.78,0.0,0.47
2003-01-15,31.1,16.86,48.01,0.0,0.47
2003-01-16,30.69,13.81,35.35,0.0,0.47
2003-01-17,31.0,13.92,36.37,0.0,0.46
2003-01-18,30.82,14.48,34.59,0.0,0.46
2003-01-19,32.13,13.37,29.39,0.0,0.46
2003-01-20,32.29,14.35,41.02,0.0,0.46
2003-01-21,30.75,13.85,48.65,0.0,0.46
2003-01-22,30.54,13.72,44.81,0.0,0.46
2003-01-23,30.42,12.93,33.6,0.0,0.46
2003-01-24,30.52,12.66,36.26,0.0,0.46
2003-01-25,30.23,13.76,46.5,0.0,0.46
2003-01-26,29.54,11.93,30.31,0.0,0.46
2003-01-27,31.78,12.08,29.11,0.0,0.46
2003-01-28,32.88,13.94,26.26,0.0,0.46
2003-01-29,33.41,15.86,38.32,0.0,0.46
2003-01-30,32.3,16.25,51.92,0.0,0.46
2003-01-31,33.17,14.77,46.43,0.0,0.46
2003-02-01,34.04,16.96,43.23,0.0,0.46
2003-02-02,33.93,16.18,40.87,0.0,0.46
2003-02-03,36.05,18.65,35.23,0.0,0.46
2003-02-04,36.92,19.98,32.0,0.0,0.46
2003-02-05,34.69,18.78,43.6,0.09,0.46
2003-02-06,32.39,19.51,50.46,0.0,0.46
2003-02-07,32.47,16.3,47.42,0.0,0.46
2003-02-08,33.03,15.89,41.92,0.0,0.46
2003-02-09,32.9,16.07,42.31,0.0,0.46
2003-02-10,34.35,15.66,42.08,0.0,0.46
2003-02-11,35.01,17.71,35.48,0.0,0.46
2003-02-12,35.6,16.31,34.45,0.0,0.46
2003-02-13,34.61,16.4,44.36,0.0,0.46
2003-02-14,34.24,17.66,50.59,0.0,0.46
2003-02-15,33.1,17.34,45.97,0.0,0.46
2003-02-16,32.74,14.89,30.58,0.0,0.46
2003-02-17,33.57,14.81,25.41,0.0,0.46
2003-02-18,34.54,15.34,25.29,0.0,0.46
2003-02-19,36.01,16.79,28.54,0.0,0.46
2003-02-20,36.87,17.97,33.96,0.0,0.46
2003-02-21,36.27,18.7,44.53,0.0,0.46
2003-02-22,34.34,17.41,36.96,0.0,0.46
2003-02-23,35.41,14.93,27.69,0.0,0.46
2003-02-24,35.41,15.72,37.39,0.0,0.46
2003-02-25,35.05,16.77,36.91,0.0,0.46
2003-02-26,34.4,16.1,36.4,0.0,0.46
2003-02-27,35.29,16.59,35.05,0.0,0.46
2003-02-28,35.34,16.55,28.76,0.0,0.46
2003-03-01,36.56,17.34,32.51,0.0,0.46
2003-03-02,36.86,18.36,37.89,0.0,0.46
2003-03-03,37.52,19.21,37.73,0.0,0.46
2003-03-04,37.71,19.38,44.13,0.0,0.46
2003-03-05,36.2,20.7,48.27,0.0,0.46
2003-03-06,36.57,19.06,44.03,0.0,0.46
2003-03-07,35.95,16.67,28.11,0.0,0.46
2003-03-08,36.5,15.93,30.05,0.0,0.46
2003-03-09,35.7,13.7,26.0,0.0,0.46
2003-03-10,37.01,16.3,27.19,0.0,0.46
2003-03-11,36.63,14.42,34.87,0.0,0.46
2003-03-12,36.76,16.33,36.5,0.01,0.46
2003-03-13,36.22,18.47,37.41,0.0,0.46
2003-03-14,35.84,20.37,40.25,0.02,0.46
2003-03-15,36.13,18.98,51.03,0.04,0.46
2003-03-16,36.43,19.99,55.18,0.01,0.46
2003-03-17,34.83,21.19,52.93,0.15,0.46
2003-03-18,35.28,20.81,43.81,0.0,0.46
2003-03-19,36.89,20.28,41.02,0.0,0.46
2003-03-20,36.09,20.39,41.87,0.0,0.46
2003-03-21,37.49,20.51,36.28,0.0,0.46
2003-03-22,37.16,19.57,41.69,0.0,0.46
2003-03-23,37.77,20.69,40.27,0.0,0.46
2003-03-24,38.63,20.68,43.93,0.0,0.46
2003-03-25,38.61,20.97,45.5,0.0,0.46
2003-03-26,38.85,21.94,46.54,0.0,0.46
2003-03-27,39.24,22.84,44.96,0.0,0.46
2003-03-28,39.02,24.27,44.38,0.0,0.46
2003-03-29,38.66,23.04,44.95,0.0,0.46
2003-03-30,38.59,21.05,48.68,0.0,0.46
2003-03-31,38.75,20.83,49.21,0.0,0.46
2003-04-01,39.36,22.3,47.76,0.0,0.46
2003-04-02,39.51,22.55,49.55,0.0,0.46
2003-04-03,39.12,22.4,48.34,0.0,0.46
2003-04-04,40.38,23.07,44.06,0.0,0.46
2003-04-05,41.26,24.76,40.49,0.0,0.46
2003-04-06,41.56,24.52,44.73,0.0,0.46
2003-04-07,40.71,23.89,53.3,0.0,0.46
2003-04-08,39.08,25.78,48.28,0.0,0.46
2003-04-09,40.84,25.3,47.96,0.0,0.46
2003-04-10,40.13,24.6,46.61,0.0,0.46
2003-04-11,40.54,24.31,43.45,0.0,0.46
2003-04-12,40.17,23.91,47.23,0.0,0.46
2003-04-13,41.05,23.23,45.93,0.0,0.46
2003-04-14,41.39,24.46,44.83,0.0,0.46
2003-04-15,41.41,26.01,43.35,0.0,0.46
2003-04-16,40.44,25.6,51.4,0.0,0.46
2003-04-17,40.48,24.27,50.08,0.0,0.46
2003-04-18,40.89,24.42,49.2,0.0,0.46
2003-04-19,41.12,25.88,47.94,0.0,0.46
2003-04-20,41.08,25.09,49.2,0.0,0.46
2003-04-21,40.68,25.51,45.06,0.0,0.46
2003-04-22,38.48,25.95,49.77,0.0,0.46
2003-04-23,40.75,25.74,44.81,0.0,0.46
2003-04-24,41.2,25.57,45.33,0.0,0.46
2003-04-25,42.01,26.62,43.29,0.0,0.46
2003-04-26,42.61,26.7,41.14,0.0,0.45
2003-04-27,42.9,26.4,41.64,0.04,0.45
2003-04-28,41.9,26.36,38.78,0.0,0.45
2003-04-29,40.59,27.48,43.42,0.01,0.45
2003-04-30,38.4,26.88,46.96,0.01,0.45
2003-05-01,34.51,25.3,52.54,0.01,0.45
2003-05-02,38.05,25.29,50.01,0.01,0.45
2003-05-03,39.94,24.58,52.8,0.0,0.45
2003-05-04,40.05,26.66,52.89,0.0,0.45
2003-05-05,41.42,25.55,50.22,0.0,0.45
2003-05-06,42.02,25.64,49.17,0.0,0.45
2003-05-07,42.22,25.98,44.57,0.0,0.45
2003-05-08,43.83,26.45,34.29,0.0,0.45
2003-05-09,42.26,27.36,30.66,0.0,0.45
2003-05-10,39.97,28.84,43.65,0.03,0.45
2003-05-11,35.79,28.6,50.9,0.0,0.45
2003-05-12,35.32,28.38,51.45,0.01,0.45
2003-05-13,32.67,26.32,65.78,0.01,0.45
2003-05-14,37.21,26.93,54.28,0.0,0.45
2003-05-15,38.73,28.18,52.73,0.0,0.45
2003-05-16,38.04,28.02,52.8,0.0,0.45
2003-05-17,37.48,27.54,56.55,0.03,0.45
2003-05-18,34.71,26.95,64.15,0.0,0.45
2003-05-19,36.28,27.15,56.59,0.01,0.45
2003-05-20,35.16,26.86,56.96,0.01,0.45
2003-05-21,39.5,25.6,47.76,0.0,0.45
2003-05-22,39.23,27.09,48.31,0.0,0.45
2003-05-23,39.26,26.98,51.28,0.0,0.45
2003-05-24,40.31,27.38,49.56,0.01,0.45
2003-05-25,40.45,26.71,51.68,0.0,0.46
2003-05-26,38.27,26.66,57.88,0.0,0.46
2003-05-27,40.69,27.15,53.81,0.01,0.46
2003-05-28,39.16,27.56,55.65,0.0,0.46
2003-05-29,42.91,26.26,47.72,0.0,0.46
2003-05-30,43.83,28.36,43.85,0.01,0.45
2003-05-31,40.76,28.59,47.15,0.05,0.46
2003-06-01,42.12,27.75,49.53,0.0,0.46
2003-06-02,35.77,27.32,65.09,0.04,0.46
2003-06-03,35.74,27.28,62.98,0.02,0.46
2003-06-04,34.89,27.59,61.41,0.04,0.46
2003-06-05,36.06,26.65,59.25,0.0,0.46
2003-06-06,35.67,27.07,60.09,0.0,0.46
2003-06-07,37.17,26.11,56.47,0.0,0.46
2003-06-08,35.52,26.91,60.13,0.0,0.46
2003-06-09,34.78,26.44,62.89,0.0,0.46
2003-06-10,35.87,26.05,61.27,0.01,0.46
2003-06-11,35.71,26.51,58.17,0.01,0.46
2003-06-12,36.21,25.06,60.34,0.0,0.46
2003-06-13,36.61,25.96,61.98,0.0,0.46
2003-06-14,37.53,26.62,55.84,0.0,0.46
2003-06-15,37.19,26.83,57.81,0.01,0.46
2003-06-16,38.01,26.74,57.95,0.0,0.46
2003-06-17,36.93,26.45,57.3,0.0,0.46
2003-06-18,34.85,27.13,57.43,0.0,0.46
2003-06-19,34.38,26.67,59.49,0.0,0.46
2003-06-20,34.15,26.6,62.69,0.03,0.46
2003-06-21,37.4,27.0,56.58,0.02,0.46
2003-06-22,36.86,27.16,59.56,0.05,0.46
2003-06-23,37.72,26.68,56.9,0.03,0.46
2003-06-24,34.05,26.8,61.74,0.02,0.46
2003-06-25,35.92,26.35,60.38,0.0,0.46
2003-06-26,36.58,27.12,58.15,0.03,0.46
2003-06-27,35.29,26.21,58.43,0.03,0.46
2003-06-28,36.17,26.67,57.44,0.11,0.46
2003-06-29,34.33,26.5,64.19,0.73,0.46
2003-06-30,36.28,25.57,62.77,3.58,0.46
2003-07-01,37.27,25.64,59.53,0.0,0.46
2003-07-02,32.76,25.9,62.19,0.01,0.46
2003-07-03,38.45,26.17,52.82,0.0,0.46
2003-07-04,37.94,26.61,51.78,0.07,0.46
2003-07-05,39.45,27.85,52.01,0.0,0.46
2003-07-06,36.26,27.71,56.4,0.0,0.46
2003-07-07,37.74,26.81,55.79,0.03,0.46
2003-07-08,36.71,26.87,58.15,0.0,0.46
2003-07-09,36.25,27.24,57.88,0.01,0.46
2003-07-10,35.63,26.77,57.81,0.12,0.46
2003-07-11,37.33,26.41,55.95,0.0,0.46
2003-07-12,36.13,26.82,56.27,0.04,0.46
2003-07-13,36.59,26.55,58.42,0.0,0.46
2003-07-14,35.06,26.41,57.65,0.0,0.46
2003-07-15,38.22,25.84,57.24,0.0,0.46
2003-07-16,38.74,27.04,55.59,0.0,0.46
2003-07-17,38.67,26.65,52.99,0.0,0.46
2003-07-18,39.46,26.14,54.27,0.0,0.46
2003-07-19,39.6,26.47,55.03,0.01,0.46
2003-07-20,39.02,27.12,56.52,0.01,0.46
2003-07-21,38.35,27.31,57.18,0.1,0.46
2003-07-22,38.22,27.73,56.25,0.0,0.46
2003-07-23,39.7,27.38,55.4,0.02,0.46
2003-07-24,35.95,28.05,61.05,0.01,0.46
2003-07-25,36.38,27.27,62.1,0.03,0.46
2003-07-26,38.1,26.81,56.64,0.01,0.46
2003-07-27,37.62,26.73,56.94,0.02,0.46
2003-07-28,37.53,26.17,57.45,0.03,0.46
2003-07-29,34.66,27.11,62.45,0.05,0.46
2003-07-30,34.03,26.11,64.6,0.04,0.46
2003-07-31,34.49,26.02,59.38,0.02,0.46
2003-08-01,35.78,26.14,58.32,0.02,0.46
2003-08-02,37.8,26.03,57.18,0.0,0.46
2003-08-03,40.26,25.41,54.06,0.03,0.46
2003-08-04,37.77,27.06,53.47,0.01,0.46
2003-08-05,39.77,27.71,52.78,0.0,0.46
2003-08-06,40.41,27.99,54.7,0.0,0.46
2003-08-07,38.38,27.08,52.65,0.0,0.46
2003-08-08,36.82,27.71,57.72,0.02,0.46
2003-08-09,34.17,27.11,62.79,0.0,0.46
2003-08-10,38.09,26.77,58.37,0.0,0.46
2003-08-11,37.78,26.78,58.39,0.08,0.46
2003-08-12,36.45,27.67,58.79,0.03,0.46
2003-08-13,37.18,26.47,58.08,0.02,0.46
2003-08-14,35.78,27.01,58.9,0.01,0.46
2003-08-15,37.63,26.51,57.08,0.0,0.46
2003-08-16,38.88,26.53,52.58,0.0,0.46
2003-08-17,37.55,27.96,54.53,0.0,0.46
2003-08-18,34.72,27.35,58.9,0.02,0.46
2003-08-19,38.57,27.14,54.28,0.0,0.46
2003-08-20,39.12,27.83,52.34,0.0,0.46
2003-08-21,36.69,27.88,55.63,0.03,0.46
2003-08-22,34.87,26.76,60.46,0.01,0.46
2003-08-23,36.91,25.77,54.64,0.0,0.46
2003-08-24,31.81,26.79,68.47,0.01,0.46
2003-08-25,35.69,26.4,64.39,0.0,0.46
2003-08-26,36.9,25.47,60.06,0.0,0.46
2003-08-27,35.07,26.63,58.67,0.0,0.46
2003-08-28,36.23,25.99,54.0,0.0,0.46
2003-08-29,36.44,25.68,53.04,0.0,0.46
2003-08-30,37.53,25.87,56.44,0.0,0.46
2003-08-31,36.88,26.36,59.63,0.0,0.46
2003-09-01,36.34,25.64,63.67,0.01,0.46
2003-09-02,35.46,25.61,60.54,0.03,0.46
2003-09-03,37.15,25.6,58.84,0.0,0.46
2003-09-04,36.12,26.27,58.56,0.02,0.46
2003-09-05,36.86,25.85,58.29,0.0,0.46
2003-09-06,36.91,26.43,56.2,0.01,0.46
2003-09-07,37.44,26.57,57.4,0.07,0.46
2003-09-08,37.45,26.02,58.4,0.0,0.46
2003-09-09,36.68,26.12,59.61,0.02,0.46
2003-09-10,37.62,26.87,59.41,0.0,0.46
2003-09-11,32.74,26.98,66.0,0.0,0.46
2003-09-12,38.04,25.59,58.86,0.0,0.46
2003-09-13,38.09,26.33,59.33,0.0,0.46
2003-09-14,38.27,25.82,54.36,0.01,0.46
2003-09-15,38.68,26.41,50.8,0.0,0.46
2003-09-16,37.71,27.37,55.26,0.0,0.46
2003-09-17,37.87,26.32,56.57,0.0,0.46
2003-09-18,34.58,26.42,60.82,0.0,0.46
2003-09-19,37.13,26.21,60.49,0.0,0.46
2003-09-20,39.26,25.6,55.24,0.01,0.46
2003-09-21,33.21,27.22,62.11,0.0,0.46
2003-09-22,35.55,26.12,63.06,0.0,0.46
2003-09-23,37.93,25.41,56.72,0.01,0.46
2003-09-24,32.82,27.06,62.72,0.02,0.46
2003-09-25,37.57,26.2,55.59,0.01,0.46
2003-09-26,35.54,26.87,58.99,0.03,0.46
2003-09-27,40.04,25.78,53.77,0.0,0.46
2003-09-28,40.67,25.94,53.47,0.0,0.46
2003-09-29,37.81,26.84,54.52,0.0,0.46
2003-09-30,36.75,27.24,55.33,0.02,0.46
2003-10-01,33.1,27.67,64.15,0.02,0.46
2003-10-02,37.47,26.23,53.15,0.0,0.46
2003-10-03,38.41,27.02,51.11,0.0,0.46
2003-10-04,40.12,27.1,42.98,0.0,0.46
2003-10-05,39.11,27.43,44.98,0.0,0.46
2003-10-06,39.5,28.0,46.54,0.01,0.46
2003-10-07,38.96,27.94,50.42,0.08,0.46
2003-10-08,38.23,26.27,55.92,0.11,0.46
2003-10-09,38.71,26.14,55.64,0.01,0.46
2003-10-10,38.78,26.11,56.21,0.04,0.46
2003-10-11,37.67,26.01,56.48,0.0,0.46
2003-10-12,37.6,26.74,56.57,0.01,0.46
2003-10-13,37.28,27.22,55.28,0.11,0.46
2003-10-14,34.95,27.19,59.88,0.16,0.46
2003-10-15,36.05,26.47,60.58,0.01,0.46
2003-10-16,37.13,26.09,49.5,0.0,0.46
2003-10-17,38.5,26.83,47.09,0.0,0.46
2003-10-18,38.83,26.06,52.57,0.0,0.46
2003-10-19,35.53,27.23,58.16,0.0,0.46
2003-10-20,37.05,26.75,56.08,0.09,0.46
2003-10-21,38.2,25.9,55.39,0.28,0.46
2003-10-22,35.64,26.96,54.93,0.01,0.46
2003-10-23,35.36,27.15,52.72,0.0,0.46
2003-10-24,33.09,27.03,57.91,0.0,0.46
2003-10-25,36.57,25.38,53.51,0.0,0.46
2003-10-26,37.35,25.23,50.49,0.0,0.46
2003-10-27,37.48,25.17,50.74,0.0,0.46
2003-10-28,37.92,25.74,47.18,0.0,0.46
2003-10-29,38.56,25.64,45.21,0.25,0.46
2003-10-30,38.07,26.99,47.27,0.0,0.46
2003-10-31,37.63,26.01,48.96,0.0,0.46
2003-11-01,36.83,25.74,49.88,0.0,0.46
2003-11-02,37.07,25.31,46.52,0.0,0.46
2003-11-03,37.88,24.43,44.16,0.09,0.46
2003-11-04,38.25,25.51,42.78,0.0,0.46
2003-11-05,37.6,23.34,45.47,0.0,0.46
2003-11-06,36.77,21.97,47.48,0.0,0.46
2003-11-07,35.76,20.58,47.96,0.0,0.46
2003-11-08,36.0,20.42,44.94,0.0,0.46
2003-11-09,35.66,19.83,45.59,0.0,0.46
2003-11-10,35.97,20.01,41.43,0.0,0.46
2003-11-11,36.62,19.75,37.35,0.0,0.46
2003-11-12,36.84,19.93,32.65,0.0,0.46
2003-11-13,36.76,21.62,35.33,0.0,0.46
2003-11-14,36.97,21.71,33.45,0.0,0.46
2003-11-15,36.76,19.75,30.36,0.0,0.46
2003-11-16,37.51,19.03,42.94,0.0,0.46
2003-11-17,36.48,18.71,40.55,0.0,0.46
2003-11-18,35.66,17.7,44.14,0.0,0.46
2003-11-19,36.16,17.46,44.88,0.0,0.46
2003-11-20,35.27,17.83,47.02,0.0,0.46
2003-11-21,34.52,17.31,37.93,0.0,0.46
2003-11-22,33.61,16.86,33.82,0.0,0.46
2003-11-23,34.43,17.7,40.63,0.0,0.46
2003-11-24,34.0,18.08,42.71,0.0,0.46
2003-11-25,34.63,17.36,35.87,0.0,0.46
2003-11-26,34.38,16.01,35.08,0.0,0.46
2003-11-27,35.18,17.14,40.03,0.0,0.46
2003-11-28,34.38,18.85,56.72,0.0,0.46
2003-11-29,33.03,18.27,52.89,0.0,0.46
2003-11-30,33.58,19.06,55.88,0.0,0.46
2003-12-01,33.75,17.96,52.36,0.0,0.46
2003-12-02,33.29,17.16,50.78,0.0,0.46
2003-12-03,32.48,18.23,49.74,0.0,0.46
2003-12-04,32.98,18.61,46.0,0.0,0.46
2003-12-05,32.74,18.02,49.57,0.0,0.46
2003-12-06,32.48,17.24,46.83,0.0,0.46
2003-12-07,31.58,17.77,47.96,0.0,0.46
2003-12-08,33.58,17.96,42.69,0.0,0.46
2003-12-09,32.43,19.03,47.25,0.0,0.46
2003-12-10,33.71,19.23,44.53,0.0,0.46
2003-12-11,33.77,17.83,44.02,0.0,0.46
2003-12-12,33.27,18.32,40.62,0.0,0.46
2003-12-13,33.89,17.92,37.68,0.0,0.46
2003-12-14,33.64,17.16,39.23,0.0,0.46
2003-12-15,33.32,17.77,31.75,0.0,0.46
2003-12-16,32.99,17.4,41.02,0.0,0.46
2003-12-17,32.3,17.92,50.69,0.0,0.46
2003-12-18,32.48,20.36,53.9,0.0,0.46
2003-12-19,33.41,20.55,50.59,0.0,0.46
2003-12-20,32.41,21.95,59.31,0.0,0.46
2003-12-21,31.83,20.47,60.89,0.0,0.46
2003-12-22,32.18,20.35,57.78,0.0,0.46
2003-12-23,32.73,17.71,49.95,0.0,0.46
2003-12-24,33.36,16.87,55.39,0.0,0.46
2003-12-25,32.75,16.4,46.01,0.0,0.46
2003-12-26,32.85,15.56,41.23,0.0,0.46
2003-12-27,33.0,15.9,35.95,0.0,0.46
2003-12-28,33.29,19.03,40.32,0.0,0.46
2003-12-29,33.23,18.06,51.96,0.0,0.46
2003-12-30,31.66,17.36,44.61,0.0,0.46
2003-12-31,31.29,15.47,42.44,0.0,0.46
2004-01-01,32.02,14.78,48.08,0.0,0.46
2004-01-02,31.39,14.82,54.45,0.0,0.46
2004-01-03,31.32,14.82,53.23,0.0,0.46
2004-01-04,30.63,14.98,44.37,0.0,0.46
2004-01-05,30.65,15.85,38.79,0.0,0.46
2004-01-06,31.55,15.02,38.41,0.0,0.46
2004-01-07,32.39,17.01,44.47,0.0,0.46
2004-01-08,34.66,17.24,51.01,0.0,0.46
2004-01-09,32.89,16.94,43.89,0.0,0.46
2004-01-10,31.96,13.71,36.22,0.0,0.46
2004-01-11,31.57,13.93,35.62,0.0,0.46
2004-01-12,32.22,15.74,35.47,0.0,0.46
2004-01-13,32.06,14.03,46.5,0.0,0.46
2004-01-14,30.5,13.82,51.7,0.0,0.46
2004-01-15,29.98,13.88,45.95,0.0,0.46
2004-01-16,30.76,13.59,34.94,0.0,0.46
2004-01-17,31.67,14.86,33.32,0.0,0.46
2004-01-18,31.84,14.21,49.95,0.0,0.46
2004-01-19,31.93,14.3,53.44,0.0,0.46
2004-01-20,31.59,14.75,47.84,0.0,0.46
2004-01-21,31.78,15.21,47.77,0.0,0.46
2004-01-22,32.57,14.31,45.3,0.0,0.46
2004-01-23,32.77,15.03,43.41,0.0,0.46
2004-01-24,33.27,15.19,36.15,0.0,0.46
2004-01-25,31.63,16.0,54.92,0.0,0.46
2004-01-26,31.45,15.19,51.64,0.0,0.46
2004-01-27,31.94,16.22,41.02,0.0,0.46
2004-01-28,31.11,15.21,29.16,0.0,0.46
2004-01-29,30.94,11.58,25.92,0.0,0.46
2004-01-30,31.54,11.83,25.72,0.0,0.46
2004-01-31,32.82,13.7,33.64,0.0,0.46
2004-02-01,33.58,15.01,37.89,0.0,0.46
2004-02-02,34.38,15.71,45.66,0.0,0.46
2004-02-03,33.04,16.72,53.95,0.0,0.46
2004-02-04,30.65,14.69,41.76,0.0,0.46
2004-02-05,32.7,11.93,29.66,0.0,0.46
2004-02-06,31.39,12.13,33.55,0.0,0.46
2004-02-07,30.48,16.55,33.18,0.0,0.46
2004-02-08,31.34,17.2,32.51,0.0,0.46
2004-02-09,32.56,14.82,29.93,0.0,0.46
2004-02-10,32.91,15.99,42.27,0.0,0.46
2004-02-11,33.62,15.1,36.25,0.0,0.46
2004-02-12,33.93,15.62,37.0,0.0,0.46
2004-02-13,34.47,15.89,32.26,0.0,0.46
2004-02-14,33.24,18.29,45.61,0.0,0.46
2004-02-15,33.71,16.77,40.44,0.0,0.46
2004-02-16,33.77,15.14,31.84,0.0,0.46
2004-02-17,34.02,14.53,36.7,0.0,0.46
2004-02-18,34.12,16.2,23.13,0.0,0.46
2004-02-19,34.01,17.23,34.21,0.0,0.46
2004-02-20,33.65,15.94,40.44,0.0,0.46
2004-02-21,33.9,16.1,41.38,0.0,0.46
2004-02-22,34.77,15.82,36.39,0.0,0.46
2004-02-23,34.85,16.99,42.22,0.0,0.46
2004-02-24,34.32,16.87,45.38,0.0,0.46
2004-02-25,34.77,16.08,40.4,0.0,0.46
2004-02-26,35.58,17.87,39.49,0.0,0.46
2004-02-27,35.95,18.3,51.19,0.0,0.46
2004-02-28,35.21,17.23,56.48,0.0,0.46
2004-02-29,34.83,18.33,53.4,0.0,0.46
2004-03-01,36.22,18.12,53.75,0.0,0.46
2004-03-02,36.61,18.55,49.4,0.0,0.46
2004-03-03,37.72,17.95,47.74,0.0,0.46
2004-03-04,36.16,16.28,42.22,0.0,0.45
2004-03-05,36.14,15.9,39.09,0.0,0.45
2004-03-06,37.63,16.8,40.61,0.0,0.45
2004-03-07,38.26,17.57,45.97,0.0,0.45
2004-03-08,36.07,20.08,30.16,0.0,0.45
2004-03-09,34.13,24.33,37.16,0.0,0.45
2004-03-10,37.09,23.08,37.86,0.0,0.45
2004-03-11,37.73,21.77,38.0,0.0,0.45
2004-03-12,37.36,17.92,41.59,0.0,0.45
2004-03-13,37.57,19.61,36.48,0.01,0.45
2004-03-14,38.99,20.24,29.16,0.0,0.45
2004-03-15,40.7,21.27,33.39,0.0,0.45
2004-03-16,39.06,19.66,45.65,0.0,0.45
2004-03-17,37.6,20.11,47.1,0.0,0.45
2004-03-18,38.16,20.34,40.19,0.0,0.45
2004-03-19,38.84,19.75,34.24,0.0,0.45
2004-03-20,38.71,19.06,46.3,0.0,0.45
2004-03-21,38.92,19.9,51.39,0.0,0.45
2004-03-22,38.67,20.23,51.51,0.0,0.45
2004-03-23,39.43,19.74,53.48,0.0,0.45
2004-03-24,39.17,19.75,53.24,0.0,0.45
2004-03-25,39.34,20.1,51.59,0.0,0.45
2004-03-26,40.11,20.31,49.35,0.0,0.45
2004-03-27,40.31,21.34,48.02,0.0,0.45
2004-03-28,40.36,22.81,49.57,0.0,0.45
2004-03-29,40.22,22.54,48.9,0.0,0.45
2004-03-30,40.35,22.72,48.37,0.0,0.45
2004-03-31,36.15,23.71,53.12,0.0,0.45
2004-04-01,36.48,24.44,50.96,0.02,0.45
2004-04-02,38.26,22.09,43.45,0.0,0.45
2004-04-03,36.89,23.45,50.1,0.0,0.45
2004-04-04,39.15,23.83,44.32,0.0,0.45
2004-04-05,38.79,23.42,48.34,0.0,0.45
2004-04-06,36.93,23.44,51.8,0.01,0.45
2004-04-07,35.95,24.61,48.32,0.0,0.45
2004-04-08,30.99,23.71,54.37,0.03,0.45
2004-04-09,35.68,21.61,52.74,0.07,0.45
2004-04-10,38.75,22.33,48.86,0.02,0.45
2004-04-11,39.46,22.87,53.43,0.0,0.45
2004-04-12,40.15,23.55,50.29,0.0,0.45
2004-04-13,41.35,24.01,46.29,0.0,0.45
2004-04-14,40.64,24.12,50.33,0.0,0.45
2004-04-15,40.4,24.31,53.72,0.0,0.45
2004-04-16,39.08,24.95,56.66,0.0,0.45
2004-04-17,39.38,25.55,54.64,0.0,0.45
2004-04-18,38.51,25.46,55.05,0.03,0.45
2004-04-19,35.79,25.3,53.56,0.0,0.45
2004-04-20,39.86,24.95,41.05,0.0,0.45
2004-04-21,40.7,25.2,36.34,0.0,0.45
2004-04-22,42.13,25.4,40.3,0.0,0.45
2004-04-23,41.28,24.79,44.98,0.0,0.45
2004-04-24,41.25,24.67,46.81,0.0,0.45
2004-04-25,39.91,24.61,46.74,6.82,0.47
2004-04-26,41.58,25.69,36.67,0.0,0.47
2004-04-27,41.68,25.82,40.69,0.0,0.46
2004-04-28,39.43,25.36,42.04,0.0,0.46
2004-04-29,40.84,25.71,38.47,0.0,0.46
2004-04-30,41.34,25.79,41.42,0.05,0.46
2004-05-01,42.68,25.75,43.91,0.0,0.46
2004-05-02,42.55,26.23,46.51,0.0,0.46
2004-05-03,43.09,26.75,44.01,0.0,0.46
2004-05-04,41.32,27.34,48.08,0.0,0.46
2004-05-05,41.19,26.8,41.59,0.02,0.46
2004-05-06,40.84,27.77,47.85,0.0,0.46
2004-05-07,40.83,28.24,45.01,0.0,0.46
2004-05-08,41.82,28.07,46.46,0.0,0.46
2004-05-09,42.13,27.62,45.93,0.0,0.46
2004-05-10,39.41,28.71,49.34,0.0,0.46
2004-05-11,38.44,28.69,53.27,0.0,0.46
2004-05-12,38.17,27.68,56.78,0.0,0.46
2004-05-13,40.04,27.43,54.61,0.0,0.46
2004-05-14,38.03,28.4,55.74,0.0,0.46
2004-05-15,37.1,28.51,54.09,0.03,0.46
2004-05-16,35.94,27.76,59.84,0.78,0.46
2004-05-17,34.16,26.15,67.35,4.0,0.46
2004-05-18,34.32,26.0,68.65,2.08,0.47
2004-05-19,34.01,26.08,69.09,0.24,0.47
2004-05-20,33.97,27.39,64.19,0.0,0.47
2004-05-21,34.74,26.26,63.41,1.95,0.47
2004-05-22,31.05,25.44,80.19,15.59,0.49
2004-05-23,32.34,24.23,74.9,0.51,0.5
2004-05-24,31.86,23.95,74.67,0.26,0.49
2004-05-25,35.2,23.7,66.98,1.4,0.49
2004-05-26,35.49,24.4,67.9,2.15,0.49
2004-05-27,30.62,25.66,76.55,1.07,0.49
2004-05-28,32.41,24.93,76.59,10.02,0.5
2004-05-29,34.74,23.93,70.74,5.43,0.5
2004-05-30,34.54,24.81,68.1,0.05,0.5
2004-05-31,35.12,24.99,64.17,0.0,0.5
2004-06-01,33.91,25.67,67.24,0.05,0.5
2004-06-02,35.14,25.56,66.98,0.0,0.49
2004-06-03,37.03,25.12,62.01,0.06,0.49
2004-06-04,37.55,24.88,60.62,0.01,0.48
2004-06-05,37.57,26.05,59.34,0.21,0.48
2004-06-06,37.56,26.43,58.5,0.0,0.48
2004-06-07,34.84,26.96,60.45,0.0,0.48
2004-06-08,37.14,26.6,56.25,0.0,0.47
2004-06-09,35.71,27.1,59.52,0.0,0.47
2004-06-10,37.23,26.4,58.11,0.0,0.47
2004-06-11,36.03,26.88,60.6,0.01,0.47
2004-06-12,35.61,26.68,60.21,0.01,0.47
2004-06-13,36.8,25.93,58.8,0.0,0.47
2004-06-14,39.07,26.63,55.86,0.01,0.47
2004-06-15,38.44,26.68,59.78,0.12,0.46
2004-06-16,36.21,27.37,62.22,0.03,0.46
2004-06-17,31.95,26.93,69.26,0.07,0.46
2004-06-18,35.42,26.63,59.43,0.02,0.46
2004-06-19,36.61,26.43,60.32,0.05,0.46
2004-06-20,34.94,26.72,61.07,0.01,0.46
2004-06-21,36.39,27.61,58.38,0.01,0.46
2004-06-22,35.65,27.21,58.41,0.0,0.46
2004-06-23,36.08,26.97,57.38,0.03,0.46
2004-06-24,37.99,26.77,53.2,0.0,0.46
2004-06-25,35.49,25.31,55.45,0.0,0.46
2004-06-26,37.79,26.1,58.94,0.0,0.46
2004-06-27,34.87,26.96,61.8,0.0,0.46
2004-06-28,34.39,26.8,60.87,0.0,0.46
2004-06-29,34.3,25.88,60.65,0.0,0.46
2004-06-30,40.34,25.84,51.58,0.0,0.46
2004-07-01,39.62,25.82,53.07,0.0,0.46
2004-07-02,35.93,26.74,55.05,0.06,0.46
2004-07-03,38.51,26.48,52.93,0.25,0.46
2004-07-04,36.94,27.73,56.43,0.04,0.46
2004-07-05,38.25,27.17,54.66,0.07,0.46
2004-07-06,34.04,26.76,55.9,0.02,0.46
2004-07-07,37.47,25.6,51.08,0.03,0.46
2004-07-08,35.99,25.1,53.85,0.09,0.46
2004-07-09,35.86,25.21,59.11,1.13,0.46
2004-07-10,32.37,26.18,64.61,0.22,0.46
2004-07-11,32.64,25.34,66.1,0.01,0.46
2004-07-12,35.44,25.27,63.43,0.12,0.46
2004-07-13,36.45,26.0,63.15,2.27,0.46
2004-07-14,33.14,25.99,70.02,0.16,0.46
2004-07-15,32.08,25.15,73.39,2.2,0.47
2004-07-16,36.7,24.8,61.56,0.01,0.47
2004-07-17,37.79,25.96,58.23,0.0,0.47
2004-07-18,36.83,25.82,58.58,0.0,0.46
2004-07-19,36.42,26.38,59.7,0.0,0.46
2004-07-20,34.26,26.65,60.04,0.04,0.46
2004-07-21,36.63,25.47,57.86,0.02,0.46
2004-07-22,36.31,25.82,56.38,0.0,0.46
2004-07-23,31.78,26.87,63.27,0.0,0.46
2004-07-24,32.57,25.61,62.15,0.03,0.46
2004-07-25,33.71,25.99,59.79,0.0,0.46
2004-07-26,37.68,24.81,54.21,0.0,0.46
2004-07-27,37.45,25.53,54.78,0.0,0.46
2004-07-28,34.81,26.0,59.03,1.53,0.46
2004-07-29,36.44,25.67,58.44,0.0,0.46
2004-07-30,38.01,25.52,56.51,0.0,0.46
2004-07-31,34.24,26.52,63.33,0.0,0.46
2004-08-01,36.68,26.43,59.39,0.16,0.46
2004-08-02,35.85,25.83,64.25,4.61,0.47
2004-08-03,33.27,25.5,70.19,0.22,0.47
2004-08-04,32.19,24.62,75.89,3.84,0.47
2004-08-05,32.02,24.48,70.93,0.02,0.47
2004-08-06,36.43,24.53,63.23,0.05,0.47
2004-08-07,36.23,25.71,63.04,0.0,0.47
2004-08-08,36.2,26.38,63.7,0.03,0.47
2004-08-09,32.34,25.78,67.34,0.02,0.47
2004-08-10,34.0,25.47,66.26,0.17,0.47
2004-08-11,33.05,25.73,66.99,0.06,0.47
2004-08-12,33.95,25.32,66.15,0.03,0.47
2004-08-13,34.25,25.72,68.44,0.03,0.47
2004-08-14,37.52,26.07,60.82,0.02,0.46
2004-08-15,35.21,26.05,60.09,0.01,0.46
2004-08-16,37.12,26.12,58.95,0.31,0.46
2004-08-17,36.17,25.53,65.72,2.52,0.47
2004-08-18,33.18,25.11,79.37,12.25,0.48
2004-08-19,35.02,24.7,70.52,0.0,0.48
2004-08-20,36.03,25.84,65.71,0.0,0.48
2004-08-21,37.79,25.57,60.28,0.0,0.48
2004-08-22,37.4,26.08,64.63,0.0,0.47
2004-08-23,36.79,26.61,60.99,0.0,0.47
2004-08-24,37.62,26.1,60.41,0.0,0.47
2004-08-25,35.48,26.33,62.53,0.0,0.47
2004-08-26,34.49,26.26,63.08,0.03,0.47
2004-08-27,30.71,26.06,75.79,0.0,0.47
2004-08-28,36.1,25.66,63.62,0.01,0.47
2004-08-29,36.42,26.28,62.0,0.0,0.47
2004-08-30,33.58,25.89,61.57,0.0,0.47
2004-08-31,38.33,25.2,56.76,0.01,0.46
2004-09-01,33.66,26.46,62.44,0.01,0.46
2004-09-02,33.3,26.18,63.14,0.06,0.46
2004-09-03,36.68,25.93,59.2,0.0,0.46
2004-09-04,36.65,26.2,61.47,0.0,0.46
2004-09-05,37.93,26.12,58.45,0.0,0.46
2004-09-06,38.69,25.37,54.92,0.0,0.46
2004-09-07,37.99,26.33,57.73,0.01,0.46
2004-09-08,33.32,26.67,64.87,0.09,0.46
2004-09-09,34.06,26.01,62.85,1.83,0.46
2004-09-10,32.11,24.58,80.4,18.0,0.49
2004-09-11,31.56,24.25,71.0,0.05,0.49
2004-09-12,34.37,24.1,66.49,0.05,0.49
2004-09-13,31.75,24.31,75.77,1.64,0.49
2004-09-14,32.19,24.21,78.16,2.2,0.49
2004-09-15,31.73,24.07,76.53,0.22,0.49
2004-09-16,36.56,23.23,63.37,0.05,0.48
2004-09-17,35.69,24.79,65.03,0.0,0.48
2004-09-18,33.8,25.86,67.32,0.01,0.48
2004-09-19,32.38,25.62,68.86,0.0,0.48
2004-09-20,36.4,25.08,62.13,0.01,0.47
2004-09-21,34.57,25.37,66.11,4.02,0.47
2004-09-22,29.99,24.31,84.66,12.89,0.49
2004-09-23,35.89,23.12,68.92,0.0,0.5
2004-09-24,36.74,24.52,63.32,0.0,0.49
2004-09-25,37.57,24.61,59.58,0.0,0.49
2004-09-26,35.05,25.97,64.69,0.0,0.48
2004-09-27,31.77,25.82,71.69,0.0,0.48
2004-09-28,36.48,25.18,60.73,0.0,0.48
2004-09-29,36.0,25.89,62.25,0.0,0.48
2004-09-30,33.35,26.09,66.13,0.0,0.48
2004-10-01,36.01,24.85,58.26,0.0,0.47
2004-10-02,33.23,25.88,63.6,1.62,0.47
2004-10-03,32.91,23.84,74.21,6.62,0.48
2004-10-04,33.09,22.8,71.11,0.06,0.48
2004-10-05,36.31,24.55,62.77,0.13,0.48
2004-10-06,36.52,25.01,61.49,0.1,0.48
2004-10-07,36.65,25.05,60.2,0.0,0.47
2004-10-08,37.04,24.95,59.38,0.02,0.47
2004-10-09,38.03,24.78,59.24,0.18,0.47
2004-10-10,38.44,25.08,58.04,2.79,0.47
2004-10-11,36.38,25.32,61.24,2.22,0.47
2004-10-12,36.13,25.74,61.98,0.29,0.47
2004-10-13,30.4,25.66,71.43,2.01,0.47
2004-10-14,31.01,24.49,77.86,3.43,0.47
2004-10-15,31.97,23.6,75.52,0.54,0.47
2004-10-16,34.0,23.98,68.71,0.11,0.47
2004-10-17,35.79,24.25,61.04,0.0,0.47
2004-10-18,37.68,23.37,53.41,0.0,0.47
2004-10-19,37.27,24.12,53.85,0.08,0.47
2004-10-20,37.54,25.38,53.42,0.0,0.47
2004-10-21,37.58,25.23,52.57,0.09,0.46
2004-10-22,37.27,24.95,55.1,1.0,0.46
2004-10-23,36.31,24.46,55.54,0.0,0.46
2004-10-24,36.79,24.08,50.47,0.0,0.46
2004-10-25,37.69,25.24,41.92,0.0,0.46
2004-10-26,37.59,23.46,39.89,0.0,0.46
2004-10-27,35.21,24.08,37.08,0.0,0.46
2004-10-28,35.56,21.87,36.17,0.0,0.46
2004-10-29,36.08,21.34,38.64,0.0,0.46
2004-10-30,37.25,23.32,35.08,0.0,0.46
2004-10-31,37.37,21.62,36.67,0.0,0.46
2004-11-01,37.63,22.31,46.14,0.0,0.46
2004-11-02,37.23,22.7,48.47,0.0,0.46
2004-11-03,36.43,23.94,50.26,0.0,0.46
2004-11-04,36.63,23.98,50.08,0.0,0.46
2004-11-05,36.51,24.03,48.84,0.0,0.46
2004-11-06,36.59,24.16,46.69,0.0,0.46
2004-11-07,36.19,24.7,49.89,0.0,0.46
2004-11-08,37.0,22.76,49.82,0.0,0.46
2004-11-09,36.51,19.47,50.51,0.0,0.46
2004-11-10,36.13,20.66,50.27,0.0,0.46
2004-11-11,36.44,20.09,44.4,0.0,0.46
2004-11-12,36.78,20.07,42.09,0.0,0.46
2004-11-13,36.8,18.99,42.26,0.0,0.46
2004-11-14,35.94,19.12,41.31,0.0,0.46
2004-11-15,35.85,17.96,31.59,0.0,0.46
2004-11-16,35.92,17.92,31.71,0.0,0.46
2004-11-17,35.63,18.31,38.67,0.01,0.46
2004-11-18,34.79,18.8,44.4,0.0,0.46
2004-11-19,34.44,21.2,46.33,0.01,0.46
2004-11-20,34.74,20.07,44.21,0.41,0.46
2004-11-21,34.83,19.37,43.55,0.42,0.46
2004-11-22,33.23,22.08,50.59,0.0,0.46
2004-11-23,31.95,23.12,52.04,0.0,0.46
2004-11-24,33.7,21.3,49.09,0.0,0.46
2004-11-25,34.42,20.0,42.61,0.01,0.46
2004-11-26,34.4,19.84,42.42,0.01,0.46
2004-11-27,34.04,22.9,45.28,0.0,0.46
2004-11-28,33.52,23.7,48.93,0.37,0.46
2004-11-29,31.88,21.33,61.7,2.79,0.46
2004-11-30,32.88,20.52,48.12,0.0,0.46
2004-12-01,33.57,19.37,40.66,0.0,0.46
2004-12-02,33.73,20.31,42.48,0.0,0.46
2004-12-03,33.63,18.21,41.84,0.0,0.46
2004-12-04,32.69,16.29,36.09,0.0,0.46
2004-12-05,32.81,18.45,35.45,0.0,0.46
2004-12-06,32.24,18.12,42.73,0.0,0.46
2004-12-07,31.97,18.72,42.05,0.0,0.46
2004-12-08,31.7,19.14,37.25,0.0,0.46
2004-12-09,31.73,18.35,40.04,0.0,0.46
2004-12-10,32.02,17.8,42.29,0.0,0.46
2004-12-11,32.38,17.37,43.23,0.0,0.46
2004-12-12,32.67,17.54,42.86,0.0,0.46
2004-12-13,32.23,17.5,38.44,0.0,0.46
2004-12-14,31.32,17.62,41.64,0.0,0.46
2004-12-15,31.5,17.74,41.17,0.0,0.46
2004-12-16,30.75,17.33,44.9,0.0,0.46
2004-12-17,31.19,17.58,44.71,0.0,0.46
2004-12-18,31.83,15.77,40.26,0.0,0.46
2004-12-19,31.61,14.72,36.2,0.0,0.46
2004-12-20,30.75,15.92,49.58,0.0,0.46
2004-12-21,30.69,15.19,56.06,0.0,0.46
2004-12-22,30.04,15.16,50.82,0.0,0.46
2004-12-23,30.33,13.88,43.66,0.0,0.46
2004-12-24,31.11,14.07,41.66,0.0,0.46
2004-12-25,32.17,15.08,37.5,0.0,0.46
2004-12-26,31.6,15.58,57.54,0.0,0.46
2004-12-27,30.04,15.29,56.43,0.0,0.46
2004-12-28,30.06,13.4,41.64,0.0,0.46
2004-12-29,32.05,13.9,39.06,0.0,0.46
2004-12-30,31.12,13.46,47.98,0.0,0.46
2004-12-31,31.74,13.39,39.58,0.0,0.46
2005-01-01,31.28,14.05,38.86,0.0,0.46
2005-01-02,32.77,14.5,50.12,0.0,0.46
2005-01-03,31.4,15.31,45.43,0.0,0.46
2005-01-04,32.98,15.13,40.52,0.0,0.46
2005-01-05,32.94,15.79,34.88,0.0,0.46
2005-01-06,32.9,16.05,36.14,0.0,0.46
2005-01-07,33.09,16.12,50.01,0.0,0.46
2005-01-08,31.98,15.12,49.47,0.0,0.46
2005-01-09,30.96,13.47,46.71,0.0,0.46
2005-01-10,30.46,12.67,47.2,0.0,0.46
2005-01-11,29.44,13.07,49.15,2.5,0.46
2005-01-12,29.66,13.38,53.27,0.0,0.46
2005-01-13,29.45,15.04,61.8,0.0,0.46
2005-01-14,30.21,14.31,47.65,0.0,0.46
2005-01-15,31.06,14.25,41.59,0.0,0.46
2005-01-16,31.86,14.44,35.76,0.0,0.46
2005-01-17,32.24,15.76,45.49,0.0,0.46
2005-01-18,31.79,15.27,62.31,0.0,0.46
2005-01-19,32.04,15.29,61.7,0.0,0.46
2005-01-20,30.76,14.58,52.36,0.0,0.46
2005-01-21,30.53,13.43,45.9,0.0,0.46
2005-01-22,31.35,12.77,35.21,0.0,0.46
2005-01-23,32.29,14.38,35.26,0.0,0.46
2005-01-24,31.97,13.69,47.78,0.0,0.46
2005-01-25,31.91,14.96,52.47,0.0,0.46
2005-01-26,32.08,15.14,53.72,0.0,0.46
2005-01-27,32.08,15.27,44.57,0.0,0.46
2005-01-28,33.18,15.61,33.36,0.0,0.46
2005-01-29,32.94,15.53,29.22,0.0,0.46
2005-01-30,34.38,16.52,27.8,0.0,0.46
2005-01-31,35.17,16.57,28.68,0.0,0.46
2005-02-01,36.47,18.07,35.54,0.0,0.46
2005-02-02,34.38,15.07,51.55,0.0,0.46
2005-02-03,33.13,16.68,49.91,0.0,0.46
2005-02-04,34.15,13.52,44.38,0.0,0.46
2005-02-05,34.74,13.83,43.36,0.0,0.46
2005-02-06,32.45,14.27,30.97,0.0,0.46
2005-02-07,33.84,13.95,27.53,0.0,0.46
2005-02-08,34.03,14.15,24.47,0.0,0.46
2005-02-09,34.43,15.61,29.17,0.0,0.46
2005-02-10,34.67,15.71,27.4,0.0,0.46
2005-02-11,34.91,15.6,27.17,0.0,0.46
2005-02-12,35.94,17.18,32.96,0.0,0.46
2005-02-13,36.5,16.88,45.5,0.0,0.46
2005-02-14,34.68,17.1,60.21,0.0,0.46
2005-02-15,34.72,17.54,59.18,0.0,0.46
2005-02-16,35.24,17.91,57.19,0.0,0.46
2005-02-17,35.46,16.84,57.65,0.0,0.46
2005-02-18,36.71,18.23,55.23,0.0,0.46
2005-02-19,38.07,18.9,49.72,0.0,0.46
2005-02-20,38.36,18.19,45.65,0.0,0.46
2005-02-21,37.81,17.79,50.51,0.0,0.46
2005-02-22,37.08,20.42,48.63,0.0,0.46
2005-02-23,37.11,17.06,47.88,0.0,0.46
2005-02-24,34.97,16.66,44.84,0.0,0.46
2005-02-25,36.65,18.29,41.13,0.0,0.46
2005-02-26,33.06,17.51,39.44,0.0,0.46
2005-02-27,36.14,17.9,40.9,0.0,0.46
2005-02-28,36.09,18.33,43.11,0.0,0.46
2005-03-01,34.53,17.72,43.07,0.0,0.46
2005-03-02,37.33,19.01,45.77,0.0,0.46
2005-03-03,38.31,18.97,46.58,0.0,0.46
2005-03-04,38.28,20.18,48.09,0.0,0.46
2005-03-05,37.48,19.66,43.95,0.0,0.46
2005-03-06,35.79,22.4,45.39,0.0,0.46
2005-03-07,37.35,20.88,50.09,0.0,0.46
2005-03-08,37.88,20.2,46.49,0.0,0.46
2005-03-09,36.19,21.84,46.66,0.0,0.46
2005-03-10,35.98,20.4,53.34,0.0,0.46
2005-03-11,38.33,21.14,47.33,0.0,0.46
2005-03-12,38.11,22.59,41.22,0.0,0.46
2005-03-13,36.57,23.66,36.16,0.0,0.46
2005-03-14,37.55,21.69,38.42,0.03,0.46
2005-03-15,37.13,22.47,43.54,0.0,0.46
2005-03-16,36.18,20.18,38.86,0.0,0.46
2005-03-17,38.05,20.2,45.43,0.0,0.46
2005-03-18,39.65,20.68,45.02,0.0,0.46
2005-03-19,40.66,19.67,44.03,0.02,0.46
2005-03-20,39.76,20.53,44.11,0.0,0.46
2005-03-21,39.89,20.46,41.87,0.0,0.46
2005-03-22,39.67,20.5,44.42,0.0,0.46
2005-03-23,39.57,21.82,47.66,0.0,0.46
2005-03-24,39.37,21.12,46.91,0.05,0.46
2005-03-25,36.6,21.05,50.54,0.0,0.46
2005-03-26,36.84,22.53,50.72,0.0,0.46
2005-03-27,37.33,21.32,48.03,0.0,0.46
2005-03-28,38.74,21.57,45.54,0.0,0.46
2005-03-29,39.22,21.08,47.48,0.0,0.46
2005-03-30,39.18,21.72,40.26,0.0,0.46
2005-03-31,39.92,22.08,39.7,0.0,0.46
2005-04-01,40.48,23.02,42.4,0.0,0.46
2005-04-02,40.77,23.42,41.26,0.14,0.46
2005-04-03,39.88,25.59,37.09,3.02,0.46
2005-04-04,37.73,24.52,40.56,0.0,0.46
2005-04-05,38.56,23.99,43.99,0.0,0.46
2005-04-06,38.54,22.88,48.06,0.0,0.46
2005-04-07,39.99,21.26,44.7,0.0,0.46
2005-04-08,40.77,19.82,45.65,0.0,0.46
2005-04-09,39.96,23.35,51.62,0.04,0.46
2005-04-10,36.53,25.55,57.54,0.11,0.46
2005-04-11,34.76,25.53,63.11,5.05,0.46
2005-04-12,37.42,24.84,58.75,0.0,0.47
2005-04-13,40.57,24.12,51.83,0.0,0.47
2005-04-14,40.19,22.12,46.2,0.0,0.46
2005-04-15,38.48,22.52,47.83,0.0,0.46
2005-04-16,39.84,22.98,48.06,0.0,0.46
2005-04-17,39.56,24.26,48.89,0.0,0.46
2005-04-18,40.06,24.55,49.56,0.0,0.46
2005-04-19,40.3,25.23,46.96,0.69,0.46
2005-04-20,35.86,27.72,51.81,11.37,0.47
2005-04-21,34.87,26.29,63.7,0.01,0.48
2005-04-22,36.62,24.81,58.33,0.0,0.48
2005-04-23,36.67,25.62,55.1,0.0,0.47
2005-04-24,39.52,24.82,52.25,0.0,0.47
2005-04-25,39.87,25.38,48.36,0.0,0.47
2005-04-26,37.41,26.18,54.73,0.0,0.47
2005-04-27,36.56,25.69,58.45,0.02,0.47
2005-04-28,38.11,25.73,54.08,0.0,0.47
2005-04-29,39.05,25.16,50.25,0.0,0.46
2005-04-30,38.84,24.79,44.74,0.0,0.46
2005-05-01,37.64,25.2,47.0,0.0,0.46
2005-05-02,36.58,25.4,47.11,0.01,0.46
2005-05-03,38.87,24.59,48.07,0.0,0.46
2005-05-04,38.49,25.17,51.0,0.0,0.46
2005-05-05,37.26,25.02,50.09,0.0,0.46
2005-05-06,34.88,25.46,56.46,0.02,0.46
2005-05-07,36.24,25.34,51.75,0.01,0.46
2005-05-08,39.19,26.12,44.97,0.0,0.46
2005-05-09,40.48,25.89,50.32,0.0,0.46
2005-05-10,39.05,26.98,52.22,0.0,0.46
2005-05-11,37.9,26.75,55.44,0.0,0.46
2005-05-12,38.8,26.59,52.86,0.03,0.46
2005-05-13,40.44,26.28,48.44,0.0,0.46
2005-05-14,39.13,26.6,50.78,0.0,0.46
2005-05-15,41.87,26.97,49.03,0.0,0.46
2005-05-16,41.45,26.07,49.56,0.0,0.46
2005-05-17,41.21,27.15,47.76,0.0,0.46
2005-05-18,42.82,27.45,41.72,0.0,0.46
2005-05-19,42.43,27.74,40.47,0.0,0.46
2005-05-20,42.4,27.21,38.83,0.0,0.46
2005-05-21,39.6,27.95,45.78,0.01,0.46
2005-05-22,41.48,26.82,41.69,0.0,0.46
2005-05-23,42.18,26.72,43.99,0.0,0.46
2005-05-24,39.98,28.19,51.57,0.02,0.46
2005-05-25,40.59,28.11,51.15,0.02,0.46
2005-05-26,37.05,28.16,55.64,0.0,0.46
2005-05-27,37.05,28.13,57.37,0.0,0.46
2005-05-28,40.38,27.19,53.98,0.0,0.46
2005-05-29,41.97,25.92,50.72,0.0,0.46
2005-05-30,39.51,28.08,54.91,0.0,0.46
2005-05-31,34.36,28.53,63.23,0.01,0.46
2005-06-01,37.33,28.14,60.53,0.04,0.46
2005-06-02,34.19,27.95,63.16,0.0,0.46
2005-06-03,40.93,27.03,51.34,0.0,0.46
2005-06-04,40.46,29.12,46.94,0.05,0.46
2005-06-05,39.35,28.53,50.84,0.0,0.46
2005-06-06,39.81,27.29,50.96,0.0,0.46
2005-06-07,39.43,27.27,52.95,0.02,0.46
2005-06-08,36.54,28.14,56.36,0.12,0.46
2005-06-09,38.45,28.0,52.72,0.03,0.46
2005-06-10,34.98,27.52,62.21,0.0,0.46
2005-06-11,37.38,26.97,54.14,0.02,0.46
2005-06-12,38.25,28.15,54.98,0.01,0.46
2005-06-13,37.37,27.94,53.94,0.0,0.46
2005-06-14,39.02,27.9,55.12,0.0,0.46
2005-06-15,37.24,27.3,58.94,0.0,0.46
2005-06-16,37.77,27.75,58.99,0.0,0.46
2005-06-17,34.89,27.01,59.74,0.0,0.46
2005-06-18,37.64,26.69,60.54,0.01,0.46
2005-06-19,39.72,26.79,54.23,0.01,0.46
2005-06-20,37.51,28.29,54.67,0.0,0.46
2005-06-21,37.37,28.18,54.38,0.01,0.46
2005-06-22,36.49,28.29,56.97,0.0,0.46
2005-06-23,33.92,27.69,61.7,0.01,0.46
2005-06-24,36.11,27.39,59.06,0.0,0.46
2005-06-25,36.47,27.82,61.98,0.86,0.46
2005-06-26,34.78,26.51,70.79,10.64,0.47
2005-06-27,30.85,25.65,76.67,5.86,0.48
2005-06-28,34.64,24.95,67.83,0.03,0.48
2005-06-29,36.22,25.32,64.06,0.01,0.48
2005-06-30,33.74,26.1,66.51,0.06,0.48
2005-07-01,33.31,26.16,68.57,0.06,0.47
2005-07-02,35.75,26.43,61.91,0.06,0.47
2005-07-03,35.53,26.63,63.56,0.01,0.47
2005-07-04,35.89,25.85,61.21,0.03,0.47
2005-07-05,36.21,26.04,60.82,0.0,0.47
2005-07-06,37.6,26.38,60.35,0.0,0.47
2005-07-07,38.26,26.0,56.57,0.0,0.47
2005-07-08,37.69,27.13,56.74,0.01,0.46
2005-07-09,35.85,26.6,56.17,0.04,0.46
2005-07-10,36.95,26.25,56.31,0.04,0.46
2005-07-11,34.69,27.06,59.43,0.0,0.46
2005-07-12,40.67,26.29,52.69,0.02,0.46
2005-07-13,39.64,27.32,51.63,0.02,0.46
2005-07-14,37.99,27.11,52.77,0.02,0.46
2005-07-15,36.7,27.21,52.49,0.06,0.46
2005-07-16,37.18,26.25,53.78,0.21,0.46
2005-07-17,38.23,26.83,53.17,0.0,0.46
2005-07-18,39.17,26.41,54.0,0.02,0.46
2005-07-19,34.96,27.49,59.81,0.02,0.46
2005-07-20,33.13,26.76,63.79,0.09,0.46
2005-07-21,38.84,25.54,60.63,0.0,0.46
2005-07-22,33.31,26.75,68.69,0.0,0.46
2005-07-23,35.71,26.4,61.74,0.0,0.46
2005-07-24,38.85,26.81,56.81,0.0,0.46
2005-07-25,37.4,26.81,57.57,0.02,0.46
2005-07-26,34.99,27.04,61.93,0.0,0.46
2005-07-27,35.14,26.9,63.91,0.0,0.46
2005-07-28,33.4,26.11,68.58,0.01,0.46
2005-07-29,36.76,26.43,60.63,0.0,0.46
2005-07-30,35.22,26.94,65.32,0.01,0.46
2005-07-31,37.47,26.69,59.01,0.0,0.46
2005-08-01,32.43,27.14,68.52,0.03,0.46
2005-08-02,36.55,27.36,62.49,0.01,0.46
2005-08-03,33.83,26.78,66.96,0.03,0.46
2005-08-04,34.96,26.39,63.62,0.0,0.46
2005-08-05,36.9,26.58,59.83,0.01,0.46
2005-08-06,36.23,26.86,59.36,0.0,0.46
2005-08-07,38.68,26.86,57.58,0.03,0.46
2005-08-08,37.49,28.15,59.72,0.0,0.46
2005-08-09,36.6,27.31,63.62,0.0,0.46
2005-08-10,32.45,26.44,65.62,0.0,0.46
2005-08-11,36.96,26.38,61.44,0.01,0.46
2005-08-12,34.09,26.36,64.64,0.08,0.46
2005-08-13,31.4,26.17,71.11,0.03,0.46
2005-08-14,37.22,25.61,61.28,0.02,0.46
2005-08-15,35.6,26.42,61.97,0.01,0.46
2005-08-16,37.48,26.06,58.25,0.0,0.46
2005-08-17,35.3,26.05,60.84,0.02,0.46
2005-08-18,38.03,26.39,57.9,0.01,0.46
2005-08-19,33.97,26.63,62.69,0.0,0.46
2005-08-20,36.88,26.18,57.49,0.03,0.46
2005-08-21,36.39,26.38,58.5,0.06,0.46
2005-08-22,37.45,26.6,59.83,0.0,0.46
2005-08-23,36.14,26.53,58.46,0.01,0.46
2005-08-24,35.7,26.67,60.7,0.08,0.46
2005-08-25,38.17,25.7,56.5,0.01,0.46
2005-08-26,37.17,26.72,55.28,0.04,0.46
2005-08-27,38.86,26.02,54.15,0.05,0.46
2005-08-28,39.14,26.18,54.47,0.0,0.46
2005-08-29,37.2,26.35,58.48,0.03,0.46
2005-08-30,36.71,27.24,60.47,0.0,0.46
2005-08-31,32.94,26.9,70.38,0.02,0.46
2005-09-01,39.59,25.34,53.92,0.05,0.46
2005-09-02,36.54,28.04,59.48,0.0,0.46
2005-09-03,38.82,26.49,53.34,0.0,0.46
2005-09-04,40.2,27.56,49.52,0.0,0.46
2005-09-05,39.24,28.11,49.63,0.01,0.46
2005-09-06,36.47,28.64,54.25,0.01,0.46
2005-09-07,36.76,28.1,53.92,0.01,0.46
2005-09-08,34.12,27.26,63.92,0.03,0.46
2005-09-09,33.33,26.7,65.71,0.01,0.46
2005-09-10,32.95,26.18,68.4,0.03,0.46
2005-09-11,30.92,25.23,70.07,0.03,0.46
2005-09-12,35.06,25.55,60.38,0.04,0.46
2005-09-13,38.27,25.13,52.86,0.0,0.46
2005-09-14,40.99,25.84,46.97,0.0,0.46
2005-09-15,39.53,27.99,53.38,0.01,0.46
2005-09-16,33.77,26.67,64.6,0.0,0.46
2005-09-17,36.51,25.97,53.84,0.0,0.46
2005-09-18,36.74,27.1,53.02,0.06,0.46
2005-09-19,32.01,26.9,67.11,0.26,0.46
2005-09-20,34.95,25.8,63.34,0.01,0.46
2005-09-21,35.47,25.51,59.2,0.04,0.46
2005-09-22,37.28,25.74,60.17,0.0,0.46
2005-09-23,37.9,25.97,58.86,0.02,0.46
2005-09-24,35.61,25.57,59.95,0.0,0.46
2005-09-25,38.36,26.33,58.46,0.0,0.46
2005-09-26,38.28,27.25,56.72,0.0,0.46
2005-09-27,39.08,27.71,53.78,0.04,0.46
2005-09-28,30.41,27.29,69.22,0.08,0.46
2005-09-29,33.17,26.38,65.27,0.01,0.46
2005-09-30,33.0,25.86,64.42,0.04,0.46
2005-10-01,35.45,25.28,55.53,0.02,0.46
2005-10-02,38.76,25.64,52.57,0.0,0.46
2005-10-03,39.49,25.14,51.93,0.0,0.46
2005-10-04,39.55,24.9,50.13,0.0,0.46
2005-10-05,35.95,27.59,57.17,0.0,0.46
2005-10-06,38.6,25.91,51.56,0.03,0.46
2005-10-07,37.47,26.68,50.51,0.02,0.46
2005-10-08,37.55,27.03,47.34,0.0,0.46
2005-10-09,38.7,28.17,41.63,0.0,0.46
2005-10-10,38.03,27.56,43.27,0.01,0.46
2005-10-11,38.22,27.21,47.29,0.0,0.46
2005-10-12,40.24,25.88,48.79,0.0,0.46
2005-10-13,38.18,27.07,49.79,0.0,0.46
2005-10-14,33.84,27.95,55.91,0.0,0.46
2005-10-15,34.23,27.23,55.45,0.0,0.46
2005-10-16,38.89,27.39,47.19,0.0,0.46
2005-10-17,38.16,27.31,46.18,0.0,0.46
2005-10-18,37.32,26.78,47.41,0.0,0.46
2005-10-19,38.07,25.88,46.7,0.0,0.46
2005-10-20,38.15,26.71,48.92,0.0,0.46
2005-10-21,38.21,25.92,48.67,0.0,0.46
2005-10-22,38.24,26.19,48.71,0.01,0.46
2005-10-23,35.38,26.93,51.47,0.0,0.46
2005-10-24,34.54,26.61,52.03,0.01,0.46
2005-10-25,36.62,26.05,49.79,0.0,0.46
2005-10-26,36.98,25.85,49.76,0.0,0.46
2005-10-27,33.47,25.99,61.01,0.09,0.46
2005-10-28,30.45,24.71,70.75,0.08,0.46
2005-10-29,31.97,24.57,65.76,0.09,0.46
2005-10-30,29.9,25.06,69.89,0.11,0.46
2005-10-31,32.26,24.36,66.03,0.05,0.46
2005-11-01,32.6,25.1,65.33,0.01,0.46
2005-11-02,33.93,24.46,62.21,0.0,0.46
2005-11-03,36.1,24.22,54.53,0.0,0.46
2005-11-04,36.06,25.4,51.05,0.0,0.46
2005-11-05,36.13,24.69,53.73,0.0,0.46
2005-11-06,35.68,25.15,53.91,0.0,0.46
2005-11-07,33.24,26.16,58.55,0.05,0.46
2005-11-08,33.36,25.26,61.85,0.01,0.46
2005-11-09,30.71,24.59,63.48,0.08,0.46
2005-11-10,31.92,22.57,54.14,0.04,0.46
2005-11-11,36.82,21.85,42.24,0.0,0.46
2005-11-12,37.22,22.36,39.64,0.0,0.46
2005-11-13,37.13,22.25,50.0,0.0,0.46
2005-11-14,36.44,20.73,43.4,0.0,0.46
2005-11-15,36.0,18.95,35.1,0.0,0.46
2005-11-16,35.84,18.66,41.78,0.0,0.46
2005-11-17,35.71,18.43,45.69,0.02,0.46
2005-11-18,34.9,20.33,52.57,0.0,0.46
2005-11-19,36.36,21.82,44.15,0.0,0.46
2005-11-20,35.23,23.59,47.36,0.0,0.46
2005-11-21,33.64,24.72,50.19,0.0,0.46
2005-11-22,34.57,24.21,51.54,0.0,0.46
2005-11-23,34.23,22.14,50.72,0.0,0.46
2005-11-24,34.38,20.64,49.56,0.0,0.46
2005-11-25,34.87,19.75,38.89,0.0,0.46
2005-11-26,34.84,19.6,36.19,0.0,0.46
2005-11-27,34.96,19.25,38.41,0.0,0.46
2005-11-28,35.54,19.47,36.31,0.0,0.46
2005-11-29,35.2,19.03,32.8,0.0,0.46
2005-11-30,35.16,20.58,45.62,0.0,0.46
2005-12-01,35.05,21.18,39.23,0.0,0.46
2005-12-02,35.29,21.79,37.03,0.0,0.46
2005-12-03,35.79,21.53,41.93,0.0,0.46
2005-12-04,36.39,21.34,41.58,0.0,0.46
2005-12-05,36.38,20.09,43.39,0.0,0.46
2005-12-06,34.59,21.42,49.71,0.02,0.46
2005-12-07,29.84,23.65,67.71,0.26,0.46
2005-12-08,28.8,21.92,65.93,0.16,0.46
2005-12-09,31.05,22.5,65.21,0.0,0.46
2005-12-10,33.59,22.68,58.89,0.0,0.46
2005-12-11,33.88,21.38,48.43,0.0,0.46
2005-12-12,34.48,22.29,50.31,0.0,0.46
2005-12-13,33.98,23.36,56.01,0.0,0.46
2005-12-14,33.33,22.84,54.93,0.0,0.46
2005-12-15,32.31,23.4,49.8,0.0,0.46
2005-12-16,32.72,20.01,42.93,0.0,0.46
2005-12-17,34.24,20.21,39.78,0.0,0.46
2005-12-18,32.48,22.33,46.9,0.0,0.46
2005-12-19,32.74,21.41,54.23,0.0,0.46
2005-12-20,32.31,22.3,49.2,0.0,0.46
2005-12-21,32.78,19.72,38.5,0.0,0.46
2005-12-22,28.81,18.79,42.89,4.69,0.46
2005-12-23,20.45,16.13,69.81,0.01,0.47
2005-12-24,27.02,17.41,67.71,0.05,0.47
2005-12-25,31.28,19.0,65.79,0.14,0.46
2005-12-26,29.33,18.37,57.82,0.0,0.46
2005-12-27,31.21,15.48,44.35,0.0,0.46
2005-12-28,30.95,14.07,39.27,0.0,0.46
2005-12-29,31.22,14.14,41.01,0.0,0.46
2005-12-30,31.52,14.59,45.84,0.0,0.46
2005-12-31,31.04,14.32,40.27,0.0,0.46
2006-01-01,31.37,13.92,36.85,0.0,0.46
2006-01-02,31.03,13.84,34.55,0.0,0.46
2006-01-03,31.58,14.54,32.23,0.0,0.46
2006-01-04,32.15,15.87,32.31,0.0,0.46
2006-01-05,32.21,15.37,28.34,0.0,0.46
2006-01-06,32.94,13.78,27.63,0.0,0.46
2006-01-07,34.3,16.36,27.94,0.0,0.46
2006-01-08,31.44,18.53,36.18,0.0,0.46
2006-01-09,34.34,16.85,36.27,0.0,0.46
2006-01-10,33.43,15.76,44.45,0.0,0.46
2006-01-11,34.1,15.98,44.08,0.0,0.46
2006-01-12,33.35,13.11,43.41,0.0,0.46
2006-01-13,32.9,12.35,41.9,0.0,0.46
2006-01-14,32.29,13.2,35.49,0.0,0.46
2006-01-15,31.66,12.86,33.13,0.0,0.46
2006-01-16,32.47,13.68,32.34,0.0,0.46
2006-01-17,32.45,13.91,39.86,0.0,0.46
2006-01-18,33.13,13.56,47.17,0.0,0.46
2006-01-19,33.13,16.05,58.95,0.0,0.46
2006-01-20,32.8,17.1,52.55,0.0,0.46
2006-01-21,32.76,15.32,37.18,0.0,0.46
2006-01-22,32.01,14.36,33.75,0.0,0.46
2006-01-23,32.16,14.15,27.81,0.0,0.46
2006-01-24,33.47,14.83,28.45,0.0,0.46
2006-01-25,33.16,15.93,36.27,0.0,0.46
2006-01-26,32.87,16.29,35.73,0.0,0.46
2006-01-27,33.02,16.39,41.28,0.0,0.46
2006-01-28,33.01,15.58,38.93,0.0,0.46
2006-01-29,32.81,14.9,41.94,0.0,0.46
2006-01-30,33.41,15.95,44.99,0.0,0.46
2006-01-31,34.16,16.5,37.89,0.0,0.46
2006-02-01,35.06,17.07,31.21,0.0,0.46
2006-02-02,35.2,17.09,36.9,0.0,0.46
2006-02-03,34.93,16.56,39.19,0.0,0.46
2006-02-04,35.32,16.45,43.13,0.0,0.46
2006-02-05,33.19,15.9,45.99,0.01,0.46
2006-02-06,33.95,15.89,33.24,0.0,0.46
2006-02-07,34.34,16.67,26.86,0.0,0.46
2006-02-08,34.8,16.49,29.06,0.0,0.46
2006-02-09,35.42,18.34,28.64,0.0,0.46
2006-02-10,30.1,21.61,41.03,0.0,0.46
2006-02-11,33.38,18.85,35.83,0.0,0.46
2006-02-12,34.54,18.35,32.11,0.0,0.46
2006-02-13,34.67,16.63,30.76,0.0,0.46
2006-02-14,34.49,16.65,37.39,0.0,0.46
2006-02-15,34.98,16.35,47.96,0.0,0.46
2006-02-16,35.64,17.01,49.94,0.0,0.46
2006-02-17,35.1,16.2,48.5,0.0,0.46
2006-02-18,36.26,17.68,41.43,0.0,0.46
2006-02-19,36.78,18.65,40.94,0.0,0.46
2006-02-20,37.68,19.7,38.15,0.0,0.46
2006-02-21,37.04,17.99,42.44,0.0,0.46
2006-02-22,36.82,17.62,44.76,0.0,0.46
2006-02-23,37.78,17.78,43.53,0.0,0.46
2006-02-24,38.17,17.32,44.0,0.0,0.46
2006-02-25,37.49,17.36,47.26,0.0,0.46
2006-02-26,36.97,17.8,48.49,0.0,0.46
2006-02-27,38.15,19.32,50.11,0.0,0.46
2006-02-28,37.81,18.67,49.46,0.0,0.46
2006-03-01,38.88,19.12,48.25,0.0,0.46
2006-03-02,39.0,21.03,43.06,0.0,0.46
2006-03-03,38.68,21.88,46.83,0.0,0.46
2006-03-04,36.61,20.48,48.55,0.0,0.46
2006-03-05,37.1,21.92,40.14,0.0,0.46
2006-03-06,38.19,20.74,42.96,0.0,0.46
2006-03-07,38.03,20.76,43.57,0.0,0.46
2006-03-08,38.51,21.65,36.77,0.0,0.46
2006-03-09,38.51,20.25,24.5,0.0,0.46
2006-03-10,39.25,22.59,23.03,0.0,0.46
2006-03-11,39.76,22.93,41.3,0.0,0.46
2006-03-12,38.38,21.48,49.01,0.0,0.46
2006-03-13,37.43,20.59,41.05,0.0,0.46
2006-03-14,37.89,19.92,45.57,0.0,0.46
2006-03-15,38.05,19.81,48.51,0.0,0.46
2006-03-16,37.75,20.28,48.85,0.0,0.46
2006-03-17,37.58,21.18,52.05,0.0,0.46
2006-03-18,38.18,21.45,47.5,0.0,0.46
2006-03-19,38.7,22.65,29.16,0.0,0.46
2006-03-20,39.86,20.57,20.28,0.0,0.46
2006-03-21,38.35,17.31,35.78,0.0,0.46
2006-03-22,37.63,18.21,47.74,0.0,0.46
2006-03-23,38.57,20.75,44.73,0.0,0.46
2006-03-24,38.08,20.97,44.23,0.0,0.46
2006-03-25,39.38,21.38,40.67,0.0,0.46
2006-03-26,40.19,21.11,44.56,0.0,0.45
2006-03-27,40.83,20.03,40.84,0.0,0.45
2006-03-28,41.41,21.35,39.09,0.0,0.45
2006-03-29,39.6,23.86,46.68,0.01,0.45
2006-03-30,37.11,25.43,45.75,0.06,0.45
2006-03-31,36.97,24.88,46.07,0.0,0.45
2006-04-01,38.35,23.06,45.97,0.0,0.45
2006-04-02,39.89,22.59,45.22,0.0,0.45
2006-04-03,39.53,22.15,44.04,0.0,0.45
2006-04-04,39.02,21.47,48.48,0.0,0.45
2006-04-05,39.37,22.08,47.85,0.0,0.45
2006-04-06,39.68,23.14,45.48,0.0,0.45
2006-04-07,41.35,23.66,43.29,0.0,0.45
2006-04-08,41.18,23.69,42.19,0.0,0.45
2006-04-09,40.75,22.5,45.01,0.0,0.45
2006-04-10,41.24,23.15,47.88,0.0,0.45
2006-04-11,41.03,23.07,50.77,0.0,0.45
2006-04-12,41.64,23.81,47.82,0.0,0.45
2006-04-13,42.09,24.16,44.72,0.0,0.45
2006-04-14,41.57,25.28,45.53,0.0,0.45
2006-04-15,40.84,26.32,47.14,0.0,0.45
2006-04-16,38.34,26.82,48.99,0.0,0.45
2006-04-17,36.58,26.28,52.48,0.03,0.45
2006-04-18,33.91,26.06,55.3,0.01,0.45
2006-04-19,35.08,24.7,49.81,0.03,0.45
2006-04-20,36.07,25.44,52.51,0.0,0.45
2006-04-21,41.03,23.83,39.35,0.0,0.45
2006-04-22,39.59,22.95,44.02,0.0,0.45
2006-04-23,41.32,24.95,39.51,0.0,0.45
2006-04-24,41.65,24.66,40.22,0.0,0.45
2006-04-25,41.59,25.38,41.31,0.0,0.45
2006-04-26,39.94,26.08,45.66,0.0,0.45
2006-04-27,33.91,27.83,55.54,0.01,0.45
2006-04-28,31.82,26.41,55.79,0.06,0.45
2006-04-29,31.65,24.4,61.23,0.05,0.45
2006-04-30,37.49,22.53,48.37,0.0,0.45
2006-05-01,40.23,25.26,44.55,0.0,0.45
2006-05-02,40.54,26.82,47.09,0.0,0.45
2006-05-03,41.17,26.63,45.97,0.0,0.45
2006-05-04,40.61,27.48,47.51,0.0,0.45
2006-05-05,40.19,26.93,46.33,0.0,0.45
2006-05-06,38.58,27.56,51.66,0.01,0.45
2006-05-07,36.27,27.99,52.94,0.0,0.45
2006-05-08,34.98,26.05,54.95,0.1,0.45
2006-05-09,34.77,25.65,56.33,1.58,0.46
2006-05-10,35.14,25.12,58.48,1.18,0.46
2006-05-11,37.48,25.54,58.48,2.08,0.46
2006-05-12,36.15,25.53,57.87,2.1,0.47
2006-05-13,36.18,26.41,59.03,0.79,0.47
2006-05-14,31.38,26.02,71.6,2.58,0.47
2006-05-15,34.15,23.08,58.35,0.2,0.47
2006-05-16,36.14,24.78,49.74,0.0,0.47
2006-05-17,36.25,26.31,47.8,0.0,0.47
2006-05-18,37.34,26.12,47.89,0.0,0.46
2006-05-19,39.29,27.18,49.05,0.01,0.46
2006-05-20,37.28,27.67,50.57,0.0,0.46
2006-05-21,36.59,27.84,48.3,0.0,0.46
2006-05-22,38.16,27.4,50.13,0.0,0.46
2006-05-23,34.94,28.78,53.2,0.01,0.46
2006-05-24,38.59,26.59,60.17,4.19,0.46
2006-05-25,29.97,24.72,81.49,22.43,0.49
2006-05-26,35.59,23.84,66.44,4.54,0.52
2006-05-27,35.75,25.64,68.27,7.22,0.51
2006-05-28,32.55,25.43,77.5,5.71,0.52
2006-05-29,33.68,24.67,75.65,10.06,0.53
2006-05-30,34.02,24.9,71.79,0.06,0.53
2006-05-31,31.71,25.32,72.94,0.07,0.53
2006-06-01,33.27,25.03,70.24,0.01,0.52
2006-06-02,34.23,25.2,70.41,0.0,0.52
2006-06-03,35.44,24.5,66.33,0.01,0.51
2006-06-04,34.0,25.17,66.15,0.03,0.51
2006-06-05,34.97,25.18,64.85,0.06,0.51
2006-06-06,34.6,26.07,64.07,0.02,0.5
2006-06-07,35.55,25.15,63.09,0.06,0.5
2006-06-08,35.01,26.05,64.41,0.02,0.5
2006-06-09,33.53,26.16,68.93,0.07,0.49
2006-06-10,33.94,25.8,65.77,0.07,0.49
2006-06-11,34.68,25.26,65.32,0.0,0.49
2006-06-12,36.55,25.66,63.64,0.01,0.49
2006-06-13,35.64,25.47,62.55,0.03,0.48
2006-06-14,36.83,26.05,62.78,0.0,0.48
2006-06-15,36.22,26.44,61.46,0.0,0.48
2006-06-16,37.73,25.7,60.2,0.0,0.48
2006-06-17,36.58,26.9,62.04,0.0,0.47
2006-06-18,33.65,27.31,68.97,0.0,0.47
2006-06-19,35.5,27.31,64.62,0.0,0.47
2006-06-20,35.8,26.91,58.35,0.02,0.47
2006-06-21,37.11,26.76,56.02,0.02,0.47
2006-06-22,36.96,26.74,55.99,0.0,0.47
2006-06-23,37.23,27.05,55.41,0.0,0.47
2006-06-24,34.87,27.34,59.73,0.01,0.47
2006-06-25,37.86,26.65,60.73,0.03,0.47
2006-06-26,38.73,26.86,54.21,0.01,0.47
2006-06-27,39.89,27.58,50.34,0.0,0.46
2006-06-28,34.19,27.46,64.0,0.0,0.46
2006-06-29,36.78,27.49,57.98,0.0,0.46
2006-06-30,38.54,27.54,57.23,0.0,0.46
2006-07-01,37.77,27.51,56.07,0.04,0.46
2006-07-02,34.96,26.83,63.86,0.03,0.46
2006-07-03,36.42,27.14,60.09,0.06,0.46
2006-07-04,38.26,27.02,58.24,0.05,0.46
2006-07-05,38.78,27.54,57.95,0.09,0.46
2006-07-06,34.45,27.35,62.28,0.05,0.46
2006-07-07,34.71,26.8,62.15,0.02,0.46
2006-07-08,37.27,26.73,59.57,0.04,0.46
2006-07-09,35.35,27.08,62.56,0.03,0.46
2006-07-10,37.38,26.3,57.68,0.05,0.46
2006-07-11,38.13,26.39,57.8,0.08,0.46
2006-07-12,38.81,26.72,54.46,0.0,0.46
2006-07-13,36.06,26.72,58.62,0.01,0.46
2006-07-14,36.63,26.9,60.85,0.02,0.46
2006-07-15,38.3,26.7,55.9,0.01,0.46
2006-07-16,34.92,26.89,61.46,0.0,0.46
2006-07-17,36.49,26.57,58.67,0.05,0.46
2006-07-18,35.33,26.47,56.78,0.03,0.46
2006-07-19,33.45,25.28,61.62,0.06,0.46
2006-07-20,36.79,25.44,56.1,0.03,0.46
2006-07-21,36.12,25.81,56.73,0.05,0.46
2006-07-22,34.69,25.7,63.44,1.31,0.46
2006-07-23,36.45,25.9,59.28,0.0,0.46
2006-07-24,40.25,25.47,54.99,0.07,0.46
2006-07-25,35.72,27.0,65.86,2.94,0.46
2006-07-26,30.71,25.16,80.12,10.54,0.48
2006-07-27,30.86,24.42,80.65,13.08,0.49
2006-07-28,31.34,24.53,77.42,3.61,0.51
2006-07-29,32.05,24.21,79.74,3.26,0.51
2006-07-30,32.98,24.1,78.81,6.54,0.51
2006-07-31,32.46,24.69,77.12,0.15,0.51
2006-08-01,31.27,24.75,75.5,0.0,0.51
2006-08-02,31.3,24.15,73.42,0.0,0.51
2006-08-03,34.01,24.2,68.24,0.02,0.5
2006-08-04,31.1,24.24,71.24,0.0,0.5
2006-08-05,35.17,23.91,66.61,0.0,0.5
2006-08-06,36.63,23.88,62.85,0.01,0.49
2006-08-07,37.28,25.15,62.6,0.01,0.49
2006-08-08,36.54,25.16,63.9,0.01,0.49
2006-08-09,30.42,26.01,74.3,0.0,0.48
2006-08-10,35.19,24.43,67.15,0.02,0.48
2006-08-11,32.14,25.75,69.99,0.0,0.48
2006-08-12,34.34,24.73,69.88,0.01,0.48
2006-08-13,36.85,25.2,65.64,0.03,0.48
2006-08-14,35.66,25.42,66.46,0.01,0.47
2006-08-15,33.5,26.49,64.84,0.0,0.47
2006-08-16,34.98,25.99,63.53,0.03,0.47
2006-08-17,35.91,25.85,62.06,0.0,0.47
2006-08-18,37.24,25.53,60.51,0.08,0.47
2006-08-19,35.21,26.41,63.11,0.01,0.47
2006-08-20,34.85,25.97,63.12,0.02,0.47
2006-08-21,33.44,26.1,61.86,0.02,0.47
2006-08-22,33.23,24.58,62.19,0.02,0.47
2006-08-23,36.59,24.47,58.16,0.01,0.47
2006-08-24,37.42,25.42,59.89,0.0,0.46
2006-08-25,33.9,25.89,64.25,0.04,0.46
2006-08-26,37.83,26.09,57.21,0.0,0.46
2006-08-27,33.45,25.76,68.2,0.0,0.46
2006-08-28,31.01,25.36,73.72,0.01,0.46
2006-08-29,33.73,24.85,64.56,0.02,0.46
2006-08-30,38.79,24.8,54.2,0.07,0.46
2006-08-31,34.89,26.25,60.64,0.04,0.46
2006-09-01,32.76,26.24,68.71,0.06,0.46
2006-09-02,35.32,25.76,62.75,0.0,0.46
2006-09-03,34.9,24.96,58.36,0.0,0.46
2006-09-04,38.52,24.5,56.88,0.0,0.46
2006-09-05,39.99,25.48,52.68,0.0,0.46
2006-09-06,38.58,26.48,54.38,0.0,0.46
2006-09-07,39.67,26.87,54.1,0.0,0.46
2006-09-08,38.95,26.26,53.89,0.01,0.46
2006-09-09,37.69,26.95,54.45,0.02,0.46
2006-09-10,33.66,27.58,59.79,0.03,0.46
2006-09-11,38.51,25.76,51.32,0.11,0.46
2006-09-12,37.48,26.53,50.7,0.0,0.46
2006-09-13,34.91,25.65,58.15,0.01,0.46
2006-09-14,34.04,27.27,58.0,0.0,0.46
2006-09-15,37.93,27.03,52.2,0.0,0.46
2006-09-16,39.07,26.27,51.11,0.0,0.46
2006-09-17,35.48,26.38,63.97,0.0,0.46
2006-09-18,35.18,25.4,64.05,0.01,0.46
2006-09-19,32.03,25.58,71.46,0.03,0.46
2006-09-20,29.65,25.19,73.4,0.04,0.46
2006-09-21,33.19,24.17,63.75,0.06,0.46
2006-09-22,32.45,24.6,63.57,0.14,0.46
2006-09-23,38.16,24.43,56.34,0.0,0.46
2006-09-24,39.15,24.94,54.8,0.0,0.46
2006-09-25,35.77,26.15,58.4,0.0,0.46
2006-09-26,38.55,26.33,53.3,0.0,0.46
2006-09-27,39.71,26.65,53.26,0.01,0.46
2006-09-28,37.29,25.76,55.69,0.01,0.46
2006-09-29,37.48,26.31,56.38,0.03,0.46
2006-09-30,38.55,26.61,54.11,0.0,0.46
2006-10-01,39.87,26.11,51.68,0.0,0.46
2006-10-02,39.97,27.49,49.45,0.0,0.46
2006-10-03,39.55,28.16,48.7,0.02,0.46
2006-10-04,33.21,27.47,61.82,0.02,0.46
2006-10-05,35.07,26.37,61.79,0.0,0.46
2006-10-06,36.0,26.52,59.27,0.03,0.46
2006-10-07,35.79,26.58,63.19,0.03,0.46
2006-10-08,31.51,25.59,67.84,0.04,0.46
2006-10-09,33.23,25.5,62.17,0.02,0.46
2006-10-10,35.66,25.59,56.63,0.01,0.46
2006-10-11,35.71,26.02,59.84,0.09,0.46
2006-10-12,34.23,25.32,60.6,0.04,0.46
2006-10-13,36.96,25.54,55.03,0.0,0.46
2006-10-14,37.26,25.52,50.39,0.0,0.46
2006-10-15,37.54,25.38,49.91,0.0,0.46
2006-10-16,38.82,25.22,47.44,0.0,0.46
2006-10-17,38.64,25.41,49.95,0.0,0.46
2006-10-18,37.82,25.71,49.54,0.0,0.46
2006-10-19,35.09,25.66,52.96,0.01,0.46
2006-10-20,34.09,25.9,50.31,0.0,0.46
2006-10-21,33.59,25.35,48.93,0.07,0.46
2006-10-22,35.98,25.04,43.83,0.0,0.46
2006-10-23,37.04,24.75,44.67,0.07,0.46
2006-10-24,37.42,25.13,47.0,0.0,0.46
2006-10-25,36.53,25.51,42.34,0.0,0.46
2006-10-26,34.17,26.42,45.55,0.0,0.46
2006-10-27,35.89,24.62,43.98,0.0,0.46
2006-10-28,37.61,25.34,40.35,0.0,0.46
2006-10-29,38.36,24.86,40.47,0.0,0.46
2006-10-30,39.1,24.89,38.02,0.0,0.46
2006-10-31,38.38,24.43,43.91,0.0,0.46
2006-11-01,37.31,27.05,43.71,0.0,0.46
2006-11-02,37.39,27.16,42.86,0.0,0.46
2006-11-03,37.04,25.97,47.83,0.0,0.46
2006-11-04,38.08,25.98,46.37,0.0,0.46
2006-11-05,38.09,25.58,49.53,0.0,0.46
2006-11-06,37.48,24.19,47.81,0.0,0.46
2006-11-07,34.87,25.27,53.7,0.57,0.46
2006-11-08,27.56,24.09,69.46,0.01,0.46
2006-11-09,34.77,22.35,51.57,0.0,0.46
2006-11-10,37.12,22.56,42.4,0.0,0.46
2006-11-11,37.72,25.07,37.85,0.0,0.46
2006-11-12,31.41,26.42,52.41,0.0,0.46
2006-11-13,33.28,24.51,54.01,0.04,0.46
2006-11-14,35.82,23.37,47.81,0.0,0.46
2006-11-15,35.56,23.93,50.38,0.0,0.46
2006-11-16,32.61,25.55,53.74,0.0,0.46
2006-11-17,36.41,22.93,50.41,0.0,0.46
2006-11-18,37.3,21.72,44.46,0.0,0.46
2006-11-19,36.84,21.67,43.14,0.0,0.46
2006-11-20,35.27,18.18,42.92,0.0,0.46
2006-11-21,33.31,16.38,45.38,0.0,0.46
2006-11-22,34.43,17.78,48.54,0.0,0.46
2006-11-23,32.75,17.44,49.28,0.0,0.46
2006-11-24,33.14,16.96,49.33,0.0,0.46
2006-11-25,34.0,18.64,52.21,0.0,0.46
2006-11-26,32.61,17.26,47.58,0.0,0.46
2006-11-27,33.14,16.68,45.63,0.0,0.46
2006-11-28,32.67,16.11,37.83,0.0,0.46
2006-11-29,32.9,15.52,35.39,0.0,0.46
2006-11-30,33.35,14.71,29.9,0.0,0.46
2006-12-01,33.74,15.6,33.23,0.0,0.46
2006-12-02,33.9,15.59,31.28,0.0,0.46
2006-12-03,33.41,14.92,31.63,0.0,0.46
2006-12-04,33.6,14.32,26.96,0.0,0.46
2006-12-05,34.01,14.31,32.89,0.0,0.46
2006-12-06,33.66,15.51,34.38,0.0,0.46
2006-12-07,33.51,14.83,26.68,0.0,0.46
2006-12-08,34.54,14.98,27.33,0.0,0.46
2006-12-09,34.48,16.9,27.53,0.0,0.46
2006-12-10,34.28,16.04,32.32,0.0,0.46
2006-12-11,33.69,15.57,35.58,0.0,0.46
2006-12-12,33.15,14.88,45.69,0.0,0.46
2006-12-13,32.48,15.34,42.11,0.0,0.46
2006-12-14,32.69,13.91,34.78,0.0,0.46
2006-12-15,32.44,14.31,40.4,0.0,0.46
2006-12-16,33.32,15.4,39.53,0.0,0.46
2006-12-17,31.81,19.69,47.52,0.0,0.46
2006-12-18,31.21,18.02,54.03,0.0,0.46
2006-12-19,31.21,19.65,47.19,0.0,0.46
2006-12-20,31.43,18.18,39.79,0.0,0.46
2006-12-21,30.45,14.49,36.84,0.0,0.46
2006-12-22,30.36,14.66,34.99,0.0,0.46
2006-12-23,30.35,13.97,33.69,0.0,0.46
2006-12-24,30.16,15.07,33.9,0.0,0.46
2006-12-25,29.42,15.09,37.77,0.0,0.46
2006-12-26,30.81,15.81,44.86,0.0,0.46
2006-12-27,30.7,15.21,40.44,0.0,0.46
2006-12-28,30.64,15.6,43.97,0.0,0.46
2006-12-29,30.85,15.39,37.27,0.0,0.46
2006-12-30,30.39,15.66,48.77,0.0,0.46
2006-12-31,29.9,15.39,59.15,0.0,0.46
2007-01-01,30.56,15.48,59.82,0.0,0.46
2007-01-02,29.18,14.41,56.75,0.0,0.46
2007-01-03,29.97,13.61,49.94,0.0,0.46
2007-01-04,30.2,13.27,46.92,0.0,0.46
2007-01-05,30.51,12.87,46.56,0.0,0.46
2007-01-06,32.33,13.66,42.66,0.0,0.46
2007-01-07,32.51,14.97,40.87,0.0,0.46
2007-01-08,32.19,15.25,28.56,0.0,0.46
2007-01-09,31.84,14.48,40.4,0.0,0.46
2007-01-10,32.26,13.83,42.28,0.0,0.46
2007-01-11,32.28,13.46,33.01,0.0,0.46
2007-01-12,32.18,13.68,31.66,0.0,0.46
2007-01-13,32.47,13.27,40.04,0.0,0.46
2007-01-14,30.77,11.53,49.52,0.0,0.46
2007-01-15,30.01,12.82,55.04,0.0,0.46
2007-01-16,31.37,13.3,52.98,0.0,0.46
2007-01-17,32.24,13.5,46.27,0.0,0.46
2007-01-18,30.73,14.0,43.04,0.0,0.46
2007-01-19,31.47,13.59,38.33,0.0,0.46
2007-01-20,30.97,12.91,41.47,0.0,0.46
2007-01-21,30.51,12.18,31.5,0.0,0.46
2007-01-22,31.41,12.55,30.77,0.0,0.46
2007-01-23,31.39,12.49,27.25,0.0,0.46
2007-01-24,31.19,11.72,30.17,0.0,0.46
2007-01-25,33.24,14.09,29.23,0.0,0.46
2007-01-26,33.83,15.33,33.44,0.0,0.46
2007-01-27,33.24,14.4,25.86,0.0,0.46
2007-01-28,33.61,15.18,25.95,0.0,0.46
2007-01-29,32.11,13.61,39.38,0.0,0.46
2007-01-30,32.18,14.9,46.01,0.0,0.46
2007-01-31,33.07,17.2,36.15,0.0,0.46
2007-02-01,32.61,17.4,44.7,0.0,0.46
2007-02-02,29.75,18.07,46.49,0.0,0.46
2007-02-03,30.91,16.87,43.34,0.0,0.46
2007-02-04,31.11,17.25,48.59,0.0,0.46
2007-02-05,31.46,16.11,48.82,0.0,0.46
2007-02-06,31.49,14.73,47.19,0.0,0.46
2007-02-07,32.04,15.93,45.21,0.0,0.46
2007-02-08,32.9,16.41,40.08,0.0,0.46
2007-02-09,33.56,17.5,38.5,0.0,0.46
2007-02-10,33.97,16.78,36.6,0.0,0.46
2007-02-11,35.29,17.45,36.78,0.0,0.46
2007-02-12,34.94,16.62,43.78,0.0,0.46
2007-02-13,33.92,17.44,43.99,0.0,0.46
2007-02-14,34.65,17.61,47.69,0.0,0.46
2007-02-15,32.48,17.92,55.75,0.0,0.46
2007-02-16,30.19,14.3,47.73,0.0,0.46
2007-02-17,30.63,13.05,35.92,0.0,0.46
2007-02-18,31.68,14.59,33.48,0.0,0.46
2007-02-19,31.73,14.31,31.63,0.0,0.46
2007-02-20,32.77,13.49,24.09,0.0,0.46
2007-02-21,33.51,13.54,21.29,0.0,0.46
2007-02-22,34.25,13.74,19.64,0.0,0.46
2007-02-23,35.77,14.3,27.98,0.0,0.46
2007-02-24,36.58,15.78,37.7,0.0,0.46
2007-02-25,37.08,16.58,44.1,0.0,0.46
2007-02-26,35.13,16.71,47.39,0.0,0.46
2007-02-27,35.11,16.33,44.61,0.0,0.46
2007-02-28,34.45,16.03,32.14,0.0,0.46
2007-03-01,35.57,17.06,25.21,0.0,0.46
2007-03-02,36.12,16.98,38.32,0.0,0.46
2007-03-03,35.5,16.41,46.63,0.0,0.46
2007-03-04,35.61,18.43,37.06,0.0,0.46
2007-03-05,36.15,17.13,35.97,0.0,0.46
2007-03-06,35.17,15.46,37.74,0.0,0.46
2007-03-07,34.48,14.28,39.22,0.0,0.46
2007-03-08,33.32,15.57,34.68,0.0,0.46
2007-03-09,34.52,15.4,34.22,0.0,0.45
2007-03-10,35.53,16.27,39.75,0.0,0.45
2007-03-11,35.96,17.48,38.92,0.0,0.45
2007-03-12,37.35,18.89,36.03,0.0,0.45
2007-03-13,37.99,18.91,35.39,0.0,0.45
2007-03-14,38.53,18.88,40.18,0.0,0.45
2007-03-15,38.05,18.18,47.03,0.0,0.45
2007-03-16,36.88,19.35,42.14,0.0,0.45
2007-03-17,36.12,18.68,30.32,0.0,0.45
2007-03-18,36.27,16.46,22.25,0.0,0.45
2007-03-19,37.94,17.04,28.35,0.0,0.45
2007-03-20,37.26,19.33,34.98,0.0,0.45
2007-03-21,37.34,18.8,40.38,0.0,0.45
2007-03-22,37.08,17.9,40.3,0.0,0.45
2007-03-23,38.11,18.76,52.21,0.0,0.45
2007-03-24,38.61,20.12,51.28,0.0,0.45
2007-03-25,39.14,21.14,53.13,0.0,0.45
2007-03-26,38.91,21.78,48.32,0.0,0.45
2007-03-27,38.44,20.68,45.25,0.0,0.45
2007-03-28,38.93,21.04,43.64,0.0,0.45
2007-03-29,40.18,21.79,36.81,0.0,0.45
2007-03-30,40.25,23.29,39.63,0.0,0.45
2007-03-31,40.9,19.55,36.32,0.0,0.45
2007-04-01,40.83,19.68,38.59,0.0,0.45
2007-04-02,40.06,20.33,49.07,0.0,0.45
2007-04-03,39.41,20.51,48.66,0.0,0.45
2007-04-04,40.2,20.79,47.49,0.0,0.45
2007-04-05,40.35,21.05,42.93,0.0,0.45
2007-04-06,39.89,21.1,41.91,0.0,0.45
2007-04-07,37.1,21.35,53.57,10.76,0.47
2007-04-08,38.94,21.52,51.19,0.0,0.47
2007-04-09,39.27,21.48,51.56,0.0,0.47
2007-04-10,38.14,22.04,47.44,0.0,0.47
2007-04-11,37.39,21.31,44.4,0.0,0.47
2007-04-12,33.36,22.67,51.3,0.0,0.46
2007-04-13,33.9,23.39,47.56,0.0,0.46
2007-04-14,35.19,23.55,43.19,0.0,0.46
2007-04-15,36.46,23.39,49.65,0.0,0.46
2007-04-16,37.7,24.97,50.07,0.0,0.46
2007-04-17,34.61,25.32,49.51,0.0,0.46
2007-04-18,39.37,23.6,45.67,0.0,0.46
2007-04-19,39.49,25.81,44.49,0.0,0.46
2007-04-20,40.44,24.53,45.16,0.0,0.46
2007-04-21,40.39,24.72,50.02,0.0,0.46
2007-04-22,39.33,25.0,53.01,0.0,0.46
2007-04-23,35.6,25.08,55.6,0.0,0.46
2007-04-24,40.82,24.67,50.38,0.0,0.46
2007-04-25,41.18,25.58,47.89,0.0,0.46
2007-04-26,40.1,24.32,46.95,0.01,0.46
2007-04-27,40.21,24.63,45.72,0.0,0.46
2007-04-28,38.23,24.79,45.42,0.0,0.46
2007-04-29,40.0,26.12,38.1,0.0,0.46
2007-04-30,41.74,24.47,38.87,0.0,0.46
2007-05-01,40.75,27.02,45.22,0.0,0.46
2007-05-02,35.54,28.48,50.12,0.0,0.46
2007-05-03,36.17,27.27,50.18,0.0,0.46
2007-05-04,36.23,26.18,50.17,0.0,0.46
2007-05-05,37.12,25.29,52.28,0.0,0.46
2007-05-06,39.59,25.79,52.61,0.0,0.46
2007-05-07,36.23,27.1,56.59,0.0,0.46
2007-05-08,31.58,26.22,64.14,0.0,0.46
2007-05-09,37.03,25.81,49.34,0.0,0.46
2007-05-10,35.08,26.71,59.63,0.0,0.46
2007-05-11,35.59,25.82,59.57,0.0,0.46
2007-05-12,31.83,26.69,64.02,0.0,0.46
2007-05-13,33.27,26.18,67.08,0.0,0.46
2007-05-14,34.64,26.53,63.07,0.0,0.46
2007-05-15,36.67,26.19,55.73,0.0,0.46
2007-05-16,39.11,25.84,51.39,0.0,0.46
2007-05-17,37.54,26.68,55.15,0.0,0.46
2007-05-18,34.53,26.85,59.29,0.0,0.46
2007-05-19,31.92,25.97,61.86,0.0,0.46
2007-05-20,34.04,26.1,61.75,0.0,0.46
2007-05-21,33.79,25.87,64.35,0.0,0.46
2007-05-22,35.59,25.08,59.68,0.0,0.46
2007-05-23,35.86,25.11,57.77,0.0,0.46
2007-05-24,39.55,25.56,55.05,0.0,0.46
2007-05-25,39.35,25.21,51.89,0.0,0.46
2007-05-26,36.11,26.12,50.37,0.0,0.46
2007-05-27,40.32,25.12,49.26,0.0,0.46
2007-05-28,40.9,26.94,52.04,0.0,0.46
2007-05-29,39.72,27.7,54.13,0.0,0.46
2007-05-30,40.25,27.47,52.4,0.0,0.46
2007-05-31,39.85,27.43,54.25,0.0,0.46
2007-06-01,37.0,27.18,56.93,0.0,0.46
2007-06-02,40.03,26.94,51.34,0.0,0.46
2007-06-03,39.95,26.99,50.1,0.0,0.46
2007-06-04,39.17,27.89,50.66,0.0,0.46
2007-06-05,38.98,27.43,51.53,0.0,0.46
2007-06-06,37.6,28.07,52.63,0.0,0.46
2007-06-07,39.39,27.13,49.91,0.0,0.46
2007-06-08,38.41,26.91,52.53,0.0,0.46
2007-06-09,37.82,27.8,56.84,0.0,0.46
2007-06-10,39.11,27.06,54.93,0.0,0.46
2007-06-11,38.47,27.24,54.74,0.02,0.46
2007-06-12,34.85,27.59,59.82,0.0,0.46
2007-06-13,33.23,27.1,65.32,0.0,0.46
2007-06-14,37.77,26.26,58.18,0.0,0.46
2007-06-15,39.98,26.57,52.13,0.0,0.46
2007-06-16,39.71,27.08,54.47,0.06,0.46
2007-06-17,40.01,27.16,53.06,0.82,0.46
2007-06-18,39.18,27.75,54.04,0.0,0.46
2007-06-19,38.25,28.47,51.88,0.0,0.46
2007-06-20,38.9,28.75,50.39,0.0,0.46
2007-06-21,41.15,28.07,51.08,0.0,0.46
2007-06-22,39.59,27.54,50.75,0.0,0.46
2007-06-23,40.33,28.14,51.05,0.0,0.46
2007-06-24,42.17,27.35,49.28,0.0,0.46
2007-06-25,40.07,27.77,51.11,0.0,0.46
2007-06-26,39.88,28.04,53.13,0.0,0.46
2007-06-27,34.68,28.58,56.61,0.0,0.46
2007-06-28,34.77,27.54,61.55,0.0,0.46
2007-06-29,36.17,26.94,57.62,0.0,0.46
2007-06-30,35.05,27.31,63.39,0.0,0.46
2007-07-01,34.26,26.68,65.18,0.0,0.46
2007-07-02,33.02,27.32,66.01,0.0,0.46
2007-07-03,33.54,26.94,61.31,0.0,0.46
2007-07-04,36.84,26.93,59.07,0.0,0.46
2007-07-05,32.54,27.42,68.44,0.0,0.46
2007-07-06,36.7,27.04,62.1,0.0,0.46
2007-07-07,37.5,27.13,56.58,0.0,0.46
2007-07-08,36.49,26.35,55.99,0.0,0.46
2007-07-09,38.13,25.91,56.44,0.0,0.46
2007-07-10,38.17,26.73,56.58,0.0,0.46
2007-07-11,36.5,27.03,57.98,0.0,0.46
2007-07-12,37.45,26.99,59.69,0.0,0.46
2007-07-13,35.88,27.91,60.52,0.0,0.46
2007-07-14,36.36,27.74,63.19,0.0,0.46
2007-07-15,33.45,27.91,65.91,0.0,0.46
2007-07-16,38.24,27.14,56.94,0.0,0.46
2007-07-17,36.99,26.76,57.52,0.0,0.46
2007-07-18,35.83,27.29,60.74,0.0,0.46
2007-07-19,37.08,27.14,59.83,0.0,0.46
2007-07-20,32.88,26.58,65.79,0.0,0.46
2007-07-21,32.21,25.82,65.44,0.0,0.46
2007-07-22,31.97,24.99,66.93,0.0,0.46
2007-07-23,36.07,24.28,58.72,0.01,0.46
2007-07-24,37.54,25.56,53.53,0.0,0.46
2007-07-25,36.47,26.21,52.79,0.0,0.46
2007-07-26,35.59,25.29,56.18,0.0,0.46
2007-07-27,37.1,25.49,52.45,0.0,0.46
2007-07-28,38.91,25.88,50.35,0.0,0.46
2007-07-29,38.87,26.89,49.21,0.0,0.46
2007-07-30,38.94,26.33,47.7,0.0,0.46
2007-07-31,39.88,26.29,51.76,0.0,0.46
2007-08-01,36.64,27.06,55.44,0.0,0.46
2007-08-02,35.95,26.95,62.46,0.0,0.46
2007-08-03,35.49,26.81,63.39,0.0,0.46
2007-08-04,32.9,26.78,67.97,0.0,0.46
2007-08-05,36.84,26.64,57.8,0.0,0.46
2007-08-06,34.44,27.0,63.24,0.0,0.46
2007-08-07,37.65,26.28,59.65,0.0,0.46
2007-08-08,39.62,26.4,58.2,0.0,0.46
2007-08-09,38.67,27.45,57.19,0.15,0.46
2007-08-10,37.02,27.81,65.53,1.64,0.46
2007-08-11,35.08,26.15,68.42,7.34,0.46
2007-08-12,34.16,25.28,70.13,5.22,0.48
2007-08-13,35.79,25.0,67.26,2.7,0.48
2007-08-14,34.82,25.36,73.24,3.86,0.48
2007-08-15,35.18,25.3,74.41,6.08,0.48
2007-08-16,32.71,25.33,78.96,8.97,0.5
2007-08-17,32.71,25.24,72.83,0.0,0.5
2007-08-18,33.41,25.55,71.45,0.0,0.49
2007-08-19,32.89,24.36,68.19,0.0,0.49
2007-08-20,36.73,23.69,63.66,0.0,0.49
2007-08-21,36.67,25.33,62.41,0.0,0.48
2007-08-22,34.76,26.3,65.38,0.0,0.48
2007-08-23,34.33,25.52,65.93,0.0,0.48
2007-08-24,35.83,24.84,63.05,0.0,0.48
2007-08-25,35.07,25.74,63.11,0.0,0.47
2007-08-26,35.54,25.37,63.27,0.0,0.47
2007-08-27,36.87,24.95,59.53,0.0,0.47
2007-08-28,35.86,25.73,59.11,0.0,0.47
2007-08-29,35.3,26.77,60.47,0.0,0.47
2007-08-30,35.4,26.19,61.66,0.01,0.47
2007-08-31,35.51,26.55,58.39,0.0,0.47
2007-09-01,37.69,26.28,56.95,0.0,0.47
2007-09-02,36.78,26.47,57.93,0.0,0.47
2007-09-03,36.41,26.42,60.18,0.0,0.46
2007-09-04,34.74,26.45,63.93,0.0,0.46
2007-09-05,36.46,25.72,62.3,0.0,0.46
2007-09-06,36.97,25.62,58.11,0.0,0.46
2007-09-07,37.49,25.18,58.94,0.0,0.46
2007-09-08,37.94,25.61,58.61,0.0,0.46
2007-09-09,37.25,25.87,58.77,0.0,0.46
2007-09-10,35.52,26.36,63.76,0.0,0.46
2007-09-11,35.28,26.79,64.4,0.0,0.46
2007-09-12,35.28,26.44,61.94,0.0,0.46
2007-09-13,35.96,26.71,59.05,0.0,0.46
2007-09-14,37.62,27.16,57.5,0.0,0.46
2007-09-15,35.25,27.42,59.88,0.0,0.46
2007-09-16,33.46,26.37,63.83,0.0,0.46
2007-09-17,37.62,26.87,55.04,0.0,0.46
2007-09-18,36.34,27.27,59.93,0.0,0.46
2007-09-19,34.65,25.94,70.33,0.3,0.46
2007-09-20,34.38,24.79,68.62,1.7,0.46
2007-09-21,33.1,25.33,60.86,0.0,0.46
2007-09-22,29.26,23.14,66.08,0.0,0.46
2007-09-23,33.48,23.49,63.1,0.0,0.46
2007-09-24,36.14,25.09,58.45,0.0,0.46
2007-09-25,37.34,25.31,54.96,0.0,0.46
2007-09-26,39.48,25.81,55.41,0.05,0.46
2007-09-27,39.38,25.46,56.35,0.43,0.46
2007-09-28,34.04,25.52,68.01,2.38,0.46
2007-09-29,33.71,25.41,64.25,0.07,0.46
2007-09-30,37.03,24.18,58.37,0.51,0.46
2007-10-01,37.23,26.6,56.1,0.07,0.46
2007-10-02,35.34,26.64,61.12,0.66,0.46
2007-10-03,37.15,26.16,58.54,0.93,0.46
2007-10-04,36.4,25.93,71.1,15.1,0.48
2007-10-05,33.03,25.77,80.1,5.84,0.49
2007-10-06,28.37,23.47,88.01,7.53,0.5
2007-10-07,28.41,23.41,90.12,19.05,0.53
2007-10-08,32.45,23.12,75.86,2.89,0.54
2007-10-09,34.51,23.33,69.64,0.0,0.53
2007-10-10,33.95,24.39,69.57,0.0,0.52
2007-10-11,33.82,24.36,67.95,0.0,0.52
2007-10-12,33.29,24.86,65.86,0.0,0.52
2007-10-13,35.03,24.9,63.04,0.01,0.51
2007-10-14,32.49,24.31,70.19,0.38,0.51
2007-10-15,31.77,23.98,79.04,8.19,0.51
2007-10-16,31.97,24.29,76.83,0.0,0.52
2007-10-17,33.09,23.97,71.51,0.0,0.51
2007-10-18,34.34,23.33,67.83,0.0,0.51
2007-10-19,34.37,23.75,67.95,0.0,0.51
2007-10-20,35.09,23.51,65.65,0.0,0.5
2007-10-21,33.59,23.69,68.0,0.0,0.5
2007-10-22,34.66,23.13,66.73,0.0,0.5
2007-10-23,35.12,23.47,65.05,0.0,0.49
2007-10-24,35.82,24.39,60.9,0.0,0.49
2007-10-25,36.61,24.55,52.78,0.0,0.49
2007-10-26,36.95,23.57,55.94,0.0,0.48
2007-10-27,35.99,22.41,57.56,0.0,0.48
2007-10-28,36.67,21.86,58.23,0.0,0.48
2007-10-29,36.99,22.37,58.59,0.0,0.48
2007-10-30,36.83,24.66,57.14,0.0,0.47
2007-10-31,36.85,25.13,55.23,0.0,0.47
2007-11-01,37.2,25.14,54.9,0.0,0.47
2007-11-02,33.21,26.48,62.87,0.01,0.47
2007-11-03,34.56,24.28,61.92,0.0,0.47
2007-11-04,33.65,24.55,58.91,0.0,0.47
2007-11-05,34.58,23.22,56.56,0.0,0.47
2007-11-06,31.31,24.21,62.95,0.0,0.47
2007-11-07,34.49,23.73,57.25,0.0,0.47
2007-11-08,31.56,24.31,58.82,0.0,0.47
2007-11-09,36.15,22.79,46.43,0.0,0.46
2007-11-10,35.63,21.47,41.44,0.0,0.46
2007-11-11,35.81,21.26,38.92,0.0,0.46
2007-11-12,35.79,22.08,39.99,0.0,0.46
2007-11-13,33.37,24.16,47.08,0.0,0.46
2007-11-14,32.64,24.13,55.87,0.0,0.46
2007-11-15,35.08,23.96,56.01,0.0,0.46
2007-11-16,35.64,24.39,56.7,0.0,0.46
2007-11-17,35.86,23.43,55.61,0.0,0.46
2007-11-18,37.67,24.23,45.81,0.0,0.46
2007-11-19,37.46,23.56,44.93,0.0,0.46
2007-11-20,34.35,24.18,55.07,0.01,0.46
2007-11-21,35.39,23.9,55.83,0.0,0.46
2007-11-22,30.68,25.09,63.84,0.0,0.46
2007-11-23,30.26,23.47,60.55,0.0,0.46
2007-11-24,33.56,21.35,40.46,0.0,0.46
2007-11-25,34.05,20.24,40.91,0.0,0.46
2007-11-26,34.04,19.9,36.67,0.0,0.46
2007-11-27,33.74,18.91,32.91,0.0,0.46
2007-11-28,32.45,17.95,49.8,0.0,0.46
2007-11-29,31.18,19.54,50.16,0.0,0.46
2007-11-30,30.65,18.79,43.26,0.0,0.46
2007-12-01,30.54,17.85,53.05,0.0,0.46
2007-12-02,31.37,18.46,50.77,0.0,0.46
2007-12-03,31.68,17.98,44.84,0.0,0.46
2007-12-04,30.98,18.22,47.01,0.0,0.46
2007-12-05,31.95,17.74,41.31,0.0,0.46
2007-12-06,31.97,16.27,41.76,0.0,0.46
2007-12-07,32.29,16.18,38.71,0.0,0.46
2007-12-08,32.94,17.47,40.95,0.0,0.46
2007-12-09,32.57,16.2,40.24,0.0,0.46
2007-12-10,32.69,16.63,51.34,0.0,0.46
2007-12-11,32.95,16.49,52.47,0.0,0.46
2007-12-12,32.88,14.88,44.1,0.0,0.46
2007-12-13,33.39,14.9,33.24,0.0,0.46
2007-12-14,33.66,15.41,33.09,0.0,0.46
2007-12-15,32.87,16.07,28.85,0.0,0.46
2007-12-16,33.9,16.48,27.74,0.0,0.46
2007-12-17,34.84,20.16,28.93,0.0,0.46
2007-12-18,34.22,20.6,37.91,0.0,0.46
2007-12-19,35.88,20.64,34.82,0.0,0.46
2007-12-20,36.78,19.18,32.52,0.0,0.46
2007-12-21,35.31,16.17,39.49,0.0,0.46
2007-12-22,32.87,13.57,36.31,0.0,0.46
2007-12-23,30.69,12.54,31.55,0.0,0.46
2007-12-24,29.82,13.74,43.33,0.0,0.46
2007-12-25,30.31,16.12,59.96,0.0,0.46
2007-12-26,31.53,17.03,51.94,0.0,0.46
2007-12-27,31.27,16.14,44.53,0.0,0.46
2007-12-28,31.02,15.21,46.53,0.0,0.46
2007-12-29,32.23,15.7,44.62,0.0,0.46
2007-12-30,31.81,16.53,45.28,0.0,0.46
2007-12-31,33.85,15.51,48.54,0.0,0.46
2008-01-01,33.14,17.56,45.03,0.0,0.46
2008-01-02,32.26,17.67,46.78,0.0,0.46
2008-01-03,32.95,16.76,51.55,0.0,0.46
2008-01-04,32.14,17.21,54.34,0.0,0.46
2008-01-05,32.72,17.41,43.43,0.0,0.46
2008-01-06,32.51,15.82,37.28,0.0,0.46
2008-01-07,32.34,14.67,32.22,0.0,0.46
2008-01-08,32.55,14.21,27.14,0.0,0.46
2008-01-09,33.54,15.84,30.34,0.0,0.46
2008-01-10,34.26,14.71,46.14,0.0,0.46
2008-01-11,33.03,14.32,41.01,0.0,0.46
2008-01-12,32.07,15.0,35.04,0.0,0.46
2008-01-13,31.58,14.28,36.71,0.0,0.46
2008-01-14,31.93,13.56,35.47,0.0,0.46
2008-01-15,32.29,14.86,32.06,0.0,0.46
2008-01-16,32.89,13.26,26.65,0.0,0.46
2008-01-17,33.25,13.99,32.76,0.0,0.46
2008-01-18,33.47,14.3,44.55,0.0,0.46
2008-01-19,32.72,13.08,48.63,0.0,0.46
2008-01-20,32.39,13.57,49.31,0.0,0.46
2008-01-21,31.55,13.72,45.25,0.0,0.46
2008-01-22,32.01,13.65,42.89,0.0,0.46
2008-01-23,34.24,14.55,32.88,0.0,0.46
2008-01-24,33.94,15.89,50.07,0.0,0.46
2008-01-25,33.74,17.55,60.01,0.0,0.46
2008-01-26,33.77,17.2,57.22,0.0,0.46
2008-01-27,33.51,19.39,59.47,0.0,0.46
2008-01-28,30.16,17.35,51.84,0.0,0.46
2008-01-29,29.5,12.22,34.04,0.0,0.46
2008-01-30,31.28,11.87,39.41,0.0,0.46
2008-01-31,33.19,13.97,41.71,0.01,0.46
2008-02-01,32.05,17.19,46.25,0.0,0.46
2008-02-02,30.16,15.92,43.28,0.0,0.46
2008-02-03,29.95,11.37,31.06,0.0,0.46
2008-02-04,31.36,12.04,33.24,0.0,0.46
2008-02-05,32.18,13.36,34.96,0.0,0.46
2008-02-06,33.33,13.98,27.89,0.0,0.46
2008-02-07,34.85,15.66,37.77,0.0,0.46
2008-02-08,34.76,17.0,45.87,0.0,0.46
2008-02-09,36.22,17.53,45.87,0.01,0.46
2008-02-10,35.11,20.98,47.48,0.0,0.46
2008-02-11,33.72,20.45,60.13,0.0,0.46
2008-02-12,33.68,17.26,46.91,0.0,0.46
2008-02-13,34.91,14.93,42.04,0.0,0.46
2008-02-14,32.96,15.66,31.66,0.0,0.46
2008-02-15,32.99,12.92,30.79,0.0,0.46
2008-02-16,31.44,11.24,37.06,0.0,0.46
2008-02-17,31.07,12.46,38.23,0.0,0.46
2008-02-18,32.28,13.93,42.78,0.0,0.46
2008-02-19,32.92,14.64,49.04,0.0,0.46
2008-02-20,33.15,14.79,47.43,0.0,0.46
2008-02-21,31.66,15.14,48.28,0.0,0.46
2008-02-22,33.16,15.8,36.21,0.0,0.46
2008-02-23,34.32,15.29,27.81,0.0,0.46
2008-02-24,35.62,17.28,29.49,0.0,0.46
2008-02-25,35.21,16.23,32.18,0.0,0.46
2008-02-26,35.1,15.62,47.64,0.0,0.46
2008-02-27,36.87,17.91,38.89,0.0,0.46
2008-02-28,36.36,20.0,32.83,0.0,0.46
2008-02-29,36.07,16.58,32.17,0.0,0.46
2008-03-01,35.51,16.52,40.85,0.0,0.46
2008-03-02,35.2,16.38,39.71,0.0,0.46
2008-03-03,35.36,17.66,46.42,0.0,0.46
2008-03-04,35.41,17.24,47.56,0.0,0.46
2008-03-05,35.69,17.01,45.17,0.0,0.46
2008-03-06,36.28,17.53,39.01,0.0,0.46
2008-03-07,36.46,17.85,39.41,0.0,0.46
2008-03-08,36.73,18.01,42.13,0.0,0.46
2008-03-09,36.46,17.41,39.18,0.0,0.46
2008-03-10,36.38,17.94,34.48,0.0,0.46
2008-03-11,35.69,18.48,47.59,0.0,0.46
2008-03-12,34.56,20.59,54.38,0.0,0.46
2008-03-13,38.1,20.57,46.2,0.0,0.46
2008-03-14,39.18,19.54,41.04,0.0,0.46
2008-03-15,39.02,20.54,47.41,0.0,0.46
2008-03-16,39.03,20.96,49.68,0.0,0.45
2008-03-17,38.51,23.23,42.27,0.0,0.45
2008-03-18,38.83,21.98,37.94,0.0,0.45
2008-03-19,38.21,19.52,42.2,0.0,0.45
2008-03-20,39.6,20.89,41.88,0.0,0.45
2008-03-21,38.71,20.09,51.14,0.0,0.45
2008-03-22,38.84,21.97,44.1,0.0,0.45
2008-03-23,38.8,23.04,42.18,0.0,0.45
2008-03-24,37.82,24.0,43.28,0.0,0.45
2008-03-25,38.47,22.97,44.18,0.0,0.45
2008-03-26,39.29,23.1,46.78,0.0,0.45
2008-03-27,39.06,23.71,49.36,0.0,0.45
2008-03-28,37.5,24.13,53.87,0.0,0.45
2008-03-29,38.24,23.88,49.39,0.0,0.45
2008-03-30,38.26,24.42,49.76,0.0,0.45
2008-03-31,35.54,24.15,50.87,0.0,0.45
2008-04-01,34.81,25.38,52.82,0.0,0.45
2008-04-02,37.22,24.69,49.63,0.0,0.45
2008-04-03,38.75,22.03,47.07,0.0,0.45
2008-04-04,37.81,23.4,46.85,0.0,0.45
2008-04-05,40.44,22.91,41.29,0.0,0.45
2008-04-06,40.22,23.09,40.78,0.0,0.45
2008-04-07,40.01,24.96,41.42,0.0,0.45
2008-04-08,40.14,23.5,38.02,0.0,0.45
2008-04-09,40.69,21.95,37.05,0.0,0.45
2008-04-10,40.14,22.77,41.28,0.0,0.45
2008-04-11,40.46,24.14,46.23,0.0,0.45
2008-04-12,40.24,24.61,47.07,0.0,0.45
2008-04-13,41.49,23.65,45.03,0.0,0.45
2008-04-14,41.59,22.76,46.41,0.0,0.45
2008-04-15,41.05,23.25,43.93,0.0,0.45
2008-04-16,41.1,23.47,41.32,0.0,0.45
2008-04-17,42.3,24.67,41.59,0.0,0.45
2008-04-18,42.7,24.93,44.0,0.0,0.45
2008-04-19,42.18,24.63,47.53,0.0,0.45
2008-04-20,42.53,25.62,44.03,0.0,0.45
2008-04-21,41.78,24.72,42.56,0.0,0.45
2008-04-22,42.79,24.54,40.01,0.0,0.45
2008-04-23,41.89,25.48,44.92,0.0,0.45
2008-04-24,42.11,26.7,40.61,0.0,0.45
2008-04-25,41.21,25.45,44.99,0.0,0.45
2008-04-26,40.05,26.08,45.91,0.0,0.45
2008-04-27,41.57,25.56,44.49,0.0,0.45
2008-04-28,37.73,27.54,47.8,0.0,0.45
2008-04-29,37.36,27.33,53.05,0.0,0.45
2008-04-30,32.62,25.92,66.0,0.0,0.45
2008-05-01,34.38,26.73,58.32,0.0,0.45
2008-05-02,38.98,26.46,52.38,0.06,0.45
2008-05-03,36.77,25.83,55.16,6.07,0.46
2008-05-04,38.0,25.15,49.92,0.29,0.47
2008-05-05,38.25,26.45,52.14,1.2,0.47
2008-05-06,34.46,25.91,55.47,0.0,0.47
2008-05-07,39.69,24.69,43.73,0.02,0.46
2008-05-08,39.36,25.04,51.66,0.47,0.46
2008-05-09,39.15,26.3,51.9,0.12,0.46
2008-05-10,37.03,26.6,53.99,2.96,0.47
2008-05-11,32.02,26.91,62.83,2.3,0.47
2008-05-12,37.52,25.79,56.74,0.53,0.47
2008-05-13,33.87,25.63,62.47,0.0,0.47
2008-05-14,35.34,26.46,57.38,0.0,0.47
2008-05-15,32.19,25.63,69.69,0.0,0.47
2008-05-16,31.78,25.56,68.22,0.0,0.47
2008-05-17,32.84,25.63,64.07,0.0,0.46
2008-05-18,35.41,25.76,57.97,0.13,0.46
2008-05-19,34.35,25.83,62.98,7.82,0.47
2008-05-20,32.65,24.82,66.69,1.76,0.48
2008-05-21,35.88,24.45,55.75,0.01,0.47
2008-05-22,38.32,24.6,52.94,0.94,0.47
2008-05-23,38.7,25.64,52.77,1.1,0.47
2008-05-24,36.13,26.86,55.73,1.27,0.47
2008-05-25,38.27,26.15,50.18,0.16,0.47
2008-05-26,39.4,25.57,54.36,1.49,0.47
2008-05-27,36.76,26.6,59.14,1.89,0.47
2008-05-28,35.11,25.56,62.94,1.61,0.47
2008-05-29,36.93,24.46,61.69,1.62,0.47
2008-05-30,35.02,25.85,68.0,5.97,0.47
2008-05-31,33.41,25.21,74.42,6.48,0.49
2008-06-01,35.88,24.87,63.69,1.14,0.48
2008-06-02,36.94,24.69,63.21,2.53,0.48
2008-06-03,35.55,26.08,65.06,0.95,0.48
2008-06-04,35.84,25.09,67.51,5.67,0.48
2008-06-05,31.07,25.05,76.59,1.54,0.48
2008-06-06,29.91,24.47,80.46,1.92,0.48
2008-06-07,30.03,24.43,81.52,8.18,0.49
2008-06-08,30.05,24.41,81.01,2.99,0.5
2008-06-09,34.69,23.8,70.05,2.25,0.5
2008-06-10,36.41,24.64,62.42,0.06,0.49
2008-06-11,37.36,25.24,61.66,0.49,0.49
2008-06-12,33.46,25.81,67.6,0.17,0.49
2008-06-13,37.89,25.68,61.5,0.13,0.48
2008-06-14,33.83,26.12,74.46,3.76,0.48
2008-06-15,33.29,25.91,74.66,3.63,0.49
2008-06-16,31.81,24.98,80.03,16.49,0.5
2008-06-17,31.34,24.64,77.74,5.76,0.52
2008-06-18,32.95,23.58,74.56,7.87,0.53
2008-06-19,34.22,24.02,72.32,2.61,0.53
2008-06-20,35.1,23.95,67.32,0.47,0.52
2008-06-21,33.03,24.19,72.66,5.34,0.52
2008-06-22,34.92,24.81,67.99,1.03,0.52
2008-06-23,35.39,24.84,66.9,0.27,0.52
2008-06-24,35.76,24.91,66.05,0.03,0.51
2008-06-25,34.89,25.04,67.02,1.2,0.51
2008-06-26,34.42,24.3,72.48,5.45,0.51
2008-06-27,34.45,23.83,72.49,5.04,0.52
2008-06-28,30.68,24.19,81.97,16.94,0.53
2008-06-29,29.83,23.4,85.89,20.4,0.56
2008-06-30,29.63,23.99,87.6,18.94,0.59
2008-07-01,29.42,23.75,86.38,18.88,0.62
2008-07-02,31.29,23.44,82.77,14.02,0.64
2008-07-03,31.27,23.75,82.89,6.58,0.64
2008-07-04,32.43,23.66,83.19,6.82,0.64
2008-07-05,29.59,24.06,85.27,10.59,0.65
2008-07-06,31.4,24.43,81.74,2.35,0.65
2008-07-07,31.16,24.03,83.94,6.28,0.65
2008-07-08,30.39,24.18,85.55,2.42,0.65
2008-07-09,29.95,24.09,87.3,4.0,0.65
2008-07-10,30.85,23.94,82.86,0.81,0.64
2008-07-11,29.98,23.65,82.29,0.95,0.64
2008-07-12,31.0,23.63,82.88,7.12,0.64
2008-07-13,29.65,23.79,85.84,18.12,0.65
2008-07-14,29.91,23.56,85.23,6.58,0.67
2008-07-15,31.28,23.08,82.03,2.62,0.66
2008-07-16,31.57,23.09,81.79,1.46,0.65
2008-07-17,30.28,24.05,85.61,6.04,0.65
2008-07-18,29.71,24.15,87.73,8.98,0.66
2008-07-19,30.2,24.16,86.38,7.12,0.67
2008-07-20,29.98,24.04,87.91,4.28,0.67
2008-07-21,30.83,24.3,85.98,9.96,0.67
2008-07-22,29.12,24.04,88.01,2.15,0.68
2008-07-23,29.36,24.1,88.26,10.44,0.68
2008-07-24,29.09,24.28,89.49,8.95,0.69
2008-07-25,30.78,24.03,85.65,5.19,0.69
2008-07-26,31.49,23.56,86.23,10.22,0.7
2008-07-27,31.03,24.37,85.79,1.45,0.7
2008-07-28,30.23,23.86,87.29,6.02,0.7
2008-07-29,31.08,23.71,85.64,3.08,0.69
2008-07-30,28.87,23.92,87.87,3.37,0.69
2008-07-31,32.1,23.53,83.81,0.7,0.68
2008-08-01,30.04,24.24,85.6,0.09,0.68
2008-08-02,29.58,24.07,86.09,1.41,0.67
2008-08-03,31.27,23.8,84.19,0.79,0.67
2008-08-04,31.74,23.34,83.47,2.08,0.66
2008-08-05,31.0,23.86,84.01,6.99,0.66
2008-08-06,31.57,23.61,84.18,1.69,0.66
2008-08-07,31.3,24.04,84.68,1.72,0.65
2008-08-08,30.21,24.61,87.27,6.95,0.66
2008-08-09,29.44,24.49,88.98,4.48,0.66
2008-08-10,30.58,24.25,86.32,1.81,0.66
2008-08-11,30.8,23.97,85.89,5.06,0.66
2008-08-12,30.8,23.61,85.74,5.5,0.66
2008-08-13,29.57,23.9,87.45,0.45,0.66
2008-08-14,30.87,24.25,83.57,2.01,0.65
2008-08-15,31.92,23.64,84.06,4.32,0.65
2008-08-16,29.22,23.96,89.16,11.51,0.65
2008-08-17,28.36,23.46,88.62,6.8,0.67
2008-08-18,30.5,23.08,85.09,5.82,0.67
2008-08-19,30.85,23.24,85.96,1.44,0.66
2008-08-20,31.78,23.62,81.72,0.55,0.66
2008-08-21,32.22,22.9,81.28,0.39,0.65
2008-08-22,32.04,23.58,79.89,0.09,0.64
2008-08-23,30.67,23.9,81.82,0.63,0.63
2008-08-24,31.08,24.0,82.56,0.71,0.63
2008-08-25,31.78,23.51,80.07,0.24,0.62
2008-08-26,31.9,23.34,82.18,6.35,0.62
2008-08-27,30.45,23.69,86.38,19.21,0.64
2008-08-28,30.97,23.84,83.87,6.27,0.65
2008-08-29,31.48,23.4,83.32,8.53,0.65
2008-08-30,31.7,23.51,81.93,1.87,0.65
2008-08-31,31.93,23.91,78.62,0.24,0.64
2008-09-01,32.68,23.93,79.69,0.69,0.63
2008-09-02,29.13,23.7,85.33,0.47,0.63
2008-09-03,32.26,22.82,80.98,3.09,0.62
2008-09-04,32.01,23.95,79.99,0.01,0.62
2008-09-05,32.53,23.57,78.57,0.25,0.61
2008-09-06,31.9,24.55,81.05,2.93,0.61
2008-09-07,30.65,24.33,85.75,3.57,0.61
2008-09-08,31.83,23.68,80.43,0.52,0.61
2008-09-09,30.67,23.24,81.27,1.34,0.6
2008-09-10,30.46,23.7,84.85,6.46,0.61
2008-09-11,32.77,24.45,77.75,4.63,0.61
2008-09-12,33.39,24.47,79.01,5.03,0.61
2008-09-13,31.19,24.39,85.44,4.8,0.61
2008-09-14,30.37,23.41,85.06,5.33,0.62
2008-09-15,30.81,23.67,86.69,2.99,0.62
2008-09-16,29.77,23.47,86.87,1.99,0.62
2008-09-17,31.75,23.65,80.06,2.25,0.61
2008-09-18,33.0,22.57,79.82,1.63,0.61
2008-09-19,32.24,23.86,80.59,1.26,0.6
2008-09-20,31.81,24.93,82.73,2.7,0.6
2008-09-21,30.43,24.48,83.31,0.77,0.6
2008-09-22,30.72,23.62,82.47,2.45,0.6
2008-09-23,33.16,22.45,77.52,0.39,0.59
2008-09-24,34.12,23.42,75.42,0.17,0.58
2008-09-25,32.27,24.37,78.65,1.22,0.58
2008-09-26,32.41,23.63,79.61,3.4,0.58
2008-09-27,31.03,23.14,77.44,1.52,0.58
2008-09-28,32.88,22.83,75.97,0.0,0.57
2008-09-29,33.99,22.93,72.94,0.0,0.57
2008-09-30,35.19,22.95,72.1,2.4,0.56
2008-10-01,34.21,24.9,75.92,4.65,0.56
2008-10-02,33.29,23.69,76.6,0.23,0.56
2008-10-03,32.4,24.02,75.91,1.18,0.55
2008-10-04,32.85,23.57,78.67,10.83,0.56
2008-10-05,34.24,23.06,73.65,0.66,0.57
2008-10-06,32.62,23.6,77.63,7.28,0.57
2008-10-07,33.23,22.27,75.6,2.46,0.57
2008-10-08,33.32,21.54,74.4,0.33,0.56
2008-10-09,33.7,23.23,73.75,0.13,0.55
2008-10-10,32.14,23.65,77.16,1.8,0.55
2008-10-11,32.17,24.8,73.63,0.3,0.55
2008-10-12,32.41,23.93,78.48,4.21,0.55
2008-10-13,33.4,23.96,72.4,0.0,0.55
2008-10-14,32.05,25.0,70.92,0.0,0.55
2008-10-15,34.74,24.23,65.92,0.0,0.54
2008-10-16,35.94,23.7,64.66,0.0,0.54
2008-10-17,36.21,23.86,62.65,0.01,0.53
2008-10-18,35.55,25.24,63.58,0.29,0.53
2008-10-19,32.92,25.06,68.57,1.28,0.53
2008-10-20,27.9,24.11,87.06,14.98,0.54
2008-10-21,32.76,24.17,75.45,1.36,0.55
2008-10-22,32.08,23.41,77.2,5.06,0.55
2008-10-23,31.2,24.32,76.9,1.53,0.55
2008-10-24,31.88,23.49,80.14,6.07,0.55
2008-10-25,28.94,23.43,86.09,3.85,0.55
2008-10-26,31.39,22.64,84.63,10.68,0.56
2008-10-27,31.44,23.09,77.79,1.0,0.57
2008-10-28,31.22,22.68,76.56,0.59,0.56
2008-10-29,31.64,23.13,72.51,0.29,0.56
2008-10-30,32.0,22.48,75.51,3.42,0.55
2008-10-31,33.82,22.13,67.16,0.69,0.55
2008-11-01,33.16,20.78,66.79,2.74,0.55
2008-11-02,33.72,20.8,67.39,0.36,0.55
2008-11-03,33.8,21.7,69.03,0.57,0.54
2008-11-04,28.94,22.86,81.7,0.97,0.54
2008-11-05,33.01,22.37,72.33,0.23,0.54
2008-11-06,32.73,21.98,70.88,0.65,0.53
2008-11-07,33.06,19.67,63.51,1.17,0.53
2008-11-08,33.85,17.86,59.59,0.43,0.53
2008-11-09,33.93,18.27,57.91,0.0,0.52
2008-11-10,32.63,17.88,55.4,0.0,0.52
2008-11-11,31.97,16.29,60.4,0.0,0.52
2008-11-12,31.62,15.95,59.34,0.0,0.51
2008-11-13,31.51,16.61,59.69,0.0,0.51
2008-11-14,31.3,18.29,63.43,0.0,0.51
2008-11-15,32.16,18.3,59.14,0.0,0.5
2008-11-16,33.54,18.84,57.32,0.0,0.5
2008-11-17,34.93,20.33,56.13,0.0,0.5
2008-11-18,35.38,20.66,56.17,0.0,0.49
2008-11-19,34.32,21.71,66.3,0.0,0.49
2008-11-20,33.38,22.95,66.38,0.5,0.49
2008-11-21,32.68,22.02,75.72,6.77,0.49
2008-11-22,33.45,21.51,67.77,0.0,0.5
2008-11-23,34.31,19.69,57.76,0.0,0.49
2008-11-24,33.11,18.51,54.88,0.0,0.49
2008-11-25,32.62,21.01,57.61,0.0,0.49
2008-11-26,33.87,21.4,58.52,0.0,0.49
2008-11-27,34.02,19.78,58.06,0.0,0.48
2008-11-28,31.65,17.81,54.01,0.0,0.48
2008-11-29,32.01,17.27,55.13,0.0,0.48
2008-11-30,30.64,15.01,52.44,0.0,0.48
2008-12-01,30.31,14.08,50.08,0.0,0.47
2008-12-02,30.01,13.92,54.63,0.0,0.47
2008-12-03,31.03,16.61,58.43,0.0,0.47
2008-12-04,32.34,17.85,56.05,0.0,0.47
2008-12-05,32.16,17.01,57.58,0.0,0.47
2008-12-06,31.98,17.22,59.47,0.0,0.47
2008-12-07,31.92,18.4,54.76,0.0,0.47
2008-12-08,32.5,18.21,53.14,0.0,0.47
2008-12-09,30.87,19.72,55.48,0.0,0.47
2008-12-10,32.38,17.83,55.99,0.0,0.47
2008-12-11,33.57,18.99,54.36,0.0,0.47
2008-12-12,33.53,19.0,52.83,0.0,0.47
2008-12-13,33.39,19.08,48.72,0.0,0.46
2008-12-14,32.82,16.56,43.46,0.0,0.46
2008-12-15,33.01,18.18,41.98,0.0,0.46
2008-12-16,32.44,16.86,46.9,0.0,0.46
2008-12-17,32.55,18.03,48.43,0.0,0.46
2008-12-18,32.27,18.21,45.94,0.0,0.46
2008-12-19,31.55,17.48,42.94,0.0,0.46
2008-12-20,31.03,17.22,51.76,0.0,0.46
2008-12-21,30.98,18.07,55.47,0.0,0.46
2008-12-22,31.66,17.35,55.37,0.0,0.46
2008-12-23,32.06,17.57,55.01,0.0,0.46
2008-12-24,31.78,18.03,52.53,0.0,0.46
2008-12-25,30.34,19.12,52.43,0.0,0.46
2008-12-26,30.99,17.41,63.24,0.12,0.46
2008-12-27,30.45,15.84,53.19,0.0,0.46
2008-12-28,29.93,12.51,41.11,0.0,0.46
2008-12-29,30.61,13.28,33.11,0.0,0.46
2008-12-30,31.1,14.75,37.16,0.0,0.46
2008-12-31,31.84,14.09,35.71,0.0,0.46
2009-01-01,32.4,15.97,35.17,0.0,0.46
2009-01-02,31.6,16.76,46.71,0.0,0.46
2009-01-03,31.45,16.34,45.88,0.0,0.46
2009-01-04,32.2,15.68,34.54,0.0,0.46
2009-01-05,30.89,13.19,41.75,0.0,0.46
2009-01-06,31.21,14.29,36.68,0.0,0.46
2009-01-07,31.19,14.64,40.33,0.0,0.46
2009-01-08,31.91,15.55,41.16,0.0,0.46
2009-01-09,31.96,14.49,39.69,0.0,0.46
2009-01-10,31.43,16.22,42.36,0.0,0.46
2009-01-11,31.71,16.9,48.87,0.0,0.46
2009-01-12,31.61,16.58,48.49,0.0,0.46
2009-01-13,30.73,16.92,47.49,0.0,0.46
2009-01-14,30.93,16.34,50.03,0.0,0.46
2009-01-15,30.47,15.71,48.91,0.0,0.46
2009-01-16,30.64,15.49,53.15,0.0,0.46
2009-01-17,30.89,15.92,50.24,0.0,0.46
2009-01-18,31.94,16.79,48.4,0.0,0.46
2009-01-19,32.19,16.69,51.19,0.0,0.46
2009-01-20,32.59,16.11,45.21,0.0,0.46
2009-01-21,32.68,15.63,39.84,0.0,0.46
2009-01-22,32.72,16.36,35.73,0.0,0.46
2009-01-23,33.14,15.02,46.48,0.0,0.46
2009-01-24,33.2,16.0,54.37,0.0,0.46
2009-01-25,34.09,16.36,56.37,0.0,0.46
2009-01-26,33.97,14.13,59.07,0.0,0.46
2009-01-27,34.06,15.38,56.99,0.0,0.46
2009-01-28,33.8,16.11,56.62,0.0,0.46
2009-01-29,33.89,17.0,48.51,0.0,0.46
2009-01-30,33.72,15.68,33.36,0.0,0.46
2009-01-31,33.22,15.76,47.89,5.92,0.47
2009-02-01,32.88,13.82,47.13,0.0,0.47
2009-02-02,33.24,15.34,46.47,0.0,0.47
2009-02-03,31.75,13.79,49.23,0.0,0.46
2009-02-04,32.21,14.32,38.66,0.0,0.46
2009-02-05,32.82,13.99,37.24,0.0,0.46
2009-02-06,33.32,16.14,34.56,0.0,0.46
2009-02-07,33.61,16.24,33.3,0.0,0.46
2009-02-08,34.24,16.67,36.72,0.0,0.46
2009-02-09,34.48,16.68,30.65,0.0,0.46
2009-02-10,34.72,16.5,26.08,0.0,0.46
2009-02-11,34.68,16.99,30.17,0.1,0.46
2009-02-12,33.66,15.84,42.12,0.0,0.46
2009-02-13,33.13,16.03,50.31,0.0,0.46
2009-02-14,34.33,15.92,39.04,0.0,0.46
2009-02-15,35.51,16.42,40.84,0.0,0.46
2009-02-16,35.95,17.52,34.14,0.0,0.46
2009-02-17,36.99,19.8,26.96,0.0,0.46
2009-02-18,37.61,20.45,25.37,0.0,0.46
2009-02-19,37.98,19.54,36.34,0.0,0.46
2009-02-20,38.27,18.47,35.99,0.0,0.46
2009-02-21,37.34,17.33,32.45,0.0,0.46
2009-02-22,36.37,15.42,42.07,0.0,0.46
2009-02-23,35.73,16.64,46.94,0.0,0.46
2009-02-24,35.76,16.41,45.84,0.0,0.46
2009-02-25,36.16,17.48,46.37,0.0,0.46
2009-02-26,37.38,18.87,45.97,0.0,0.46
2009-02-27,37.34,19.19,50.77,0.0,0.46
2009-02-28,36.96,18.19,47.61,0.0,0.46
2009-03-01,36.76,19.55,49.9,0.0,0.46
2009-03-02,37.39,19.82,45.41,0.0,0.46
2009-03-03,36.81,17.45,41.69,0.0,0.46
2009-03-04,36.3,18.45,49.85,0.0,0.46
2009-03-05,35.61,18.48,55.62,0.0,0.46
2009-03-06,36.4,19.03,52.97,0.0,0.46
2009-03-07,37.77,19.64,49.62,0.0,0.46
2009-03-08,38.51,18.87,45.33,0.0,0.46
2009-03-09,37.28,20.36,44.51,0.0,0.46
2009-03-10,39.36,20.9,45.82,0.0,0.46
2009-03-11,37.35,22.47,39.98,0.0,0.46
2009-03-12,38.23,21.74,43.8,0.0,0.46
2009-03-13,38.34,23.17,26.8,0.0,0.46
2009-03-14,37.83,20.83,21.4,0.0,0.46
2009-03-15,32.1,23.57,52.05,0.0,0.46
2009-03-16,32.2,23.18,57.15,0.14,0.46
2009-03-17,31.25,22.6,65.53,8.2,0.47
2009-03-18,31.71,21.62,59.96,0.41,0.47
2009-03-19,37.12,19.86,51.35,0.0,0.47
2009-03-20,38.28,21.33,44.14,0.0,0.47
2009-03-21,38.05,20.13,40.42,0.0,0.46
2009-03-22,38.29,21.71,44.18,0.0,0.46
2009-03-23,38.86,20.84,38.51,2.18,0.47
2009-03-24,39.11,20.77,46.33,3.36,0.47
2009-03-25,38.31,20.38,47.27,2.1,0.47
2009-03-26,37.32,20.07,52.41,0.84,0.47
2009-03-27,35.98,20.85,55.1,0.09,0.47
2009-03-28,36.71,21.47,47.18,0.0,0.47
2009-03-29,37.79,21.24,42.46,0.0,0.46
2009-03-30,38.23,21.3,48.33,0.0,0.46
2009-03-31,36.81,22.34,50.07,1.89,0.47
2009-04-01,37.4,20.27,45.74,0.0,0.46
2009-04-02,38.15,22.09,44.14,0.0,0.46
2009-04-03,39.06,22.62,43.06,0.0,0.46
2009-04-04,38.91,20.7,46.5,0.0,0.46
2009-04-05,39.53,21.64,46.7,0.0,0.46
2009-04-06,40.13,22.24,44.5,0.0,0.46
2009-04-07,40.27,22.18,45.98,0.0,0.46
2009-04-08,39.37,22.93,47.59,0.07,0.46
2009-04-09,40.54,22.86,47.77,0.44,0.46
2009-04-10,40.71,23.43,45.29,0.0,0.46
2009-04-11,40.44,22.73,48.48,0.01,0.46
2009-04-12,40.21,22.13,46.41,0.0,0.46
2009-04-13,40.12,22.06,44.77,0.02,0.46
2009-04-14,35.26,26.31,58.13,0.77,0.46
2009-04-15,34.25,25.43,61.38,4.06,0.46
2009-04-16,35.15,25.98,66.72,8.32,0.47
2009-04-17,32.79,25.16,76.11,8.78,0.48
2009-04-18,34.57,25.16,71.26,0.41,0.49
2009-04-19,37.57,24.53,63.6,0.0,0.49
2009-04-20,37.07,24.58,62.3,0.0,0.48
2009-04-21,37.41,24.57,61.03,0.0,0.48
2009-04-22,38.02,24.61,61.7,0.0,0.47
2009-04-23,38.56,25.19,59.39,0.0,0.47
2009-04-24,39.75,25.3,56.21,0.0,0.47
2009-04-25,40.78,25.47,54.13,0.01,0.47
2009-04-26,39.33,26.07,57.98,3.05,0.47
2009-04-27,36.47,26.32,59.97,0.12,0.47
2009-04-28,39.82,24.64,54.7,1.2,0.47
2009-04-29,40.42,24.65,51.08,0.0,0.47
2009-04-30,40.81,24.26,49.36,0.0,0.47
2009-05-01,41.66,23.64,49.7,0.01,0.46
2009-05-02,40.39,24.01,53.39,6.06,0.47
2009-05-03,38.0,24.75,54.67,0.61,0.47
2009-05-04,39.01,25.72,51.73,0.0,0.47
2009-05-05,38.47,26.06,54.84,0.06,0.47
2009-05-06,39.73,25.79,54.38,0.0,0.46
2009-05-07,41.22,26.36,50.02,0.0,0.46
2009-05-08,41.23,26.52,52.03,0.0,0.46
2009-05-09,40.31,25.61,52.31,0.03,0.46
2009-05-10,39.28,25.72,52.08,0.81,0.46
2009-05-11,40.34,26.44,50.45,0.79,0.46
2009-05-12,36.61,27.28,54.81,0.76,0.46
2009-05-13,38.4,26.62,52.36,1.83,0.46
2009-05-14,39.79,25.98,48.41,1.8,0.47
2009-05-15,36.96,26.72,52.3,1.6,0.47
2009-05-16,37.5,26.86,53.3,1.03,0.47
2009-05-17,37.12,26.48,54.19,0.4,0.47
2009-05-18,38.24,26.72,52.61,0.12,0.47
2009-05-19,34.71,27.06,58.71,1.17,0.47
2009-05-20,38.19,26.13,52.68,0.0,0.47
2009-05-21,40.47,25.89,49.48,0.04,0.46
2009-05-22,39.87,27.39,49.91,1.17,0.46
2009-05-23,35.08,26.25,58.15,0.93,0.46
2009-05-24,33.62,25.7,73.0,10.14,0.47
2009-05-25,30.89,25.4,79.43,6.83,0.49
2009-05-26,36.61,25.62,68.52,2.38,0.49
2009-05-27,37.7,25.52,64.11,0.93,0.49
2009-05-28,37.3,25.67,62.1,1.42,0.49
2009-05-29,34.01,26.26,72.08,5.82,0.49
2009-05-30,33.55,25.49,75.04,1.71,0.49
2009-05-31,34.49,24.46,72.02,3.25,0.49
2009-06-01,31.52,25.29,76.15,1.85,0.49
2009-06-02,35.19,24.68,66.79,1.92,0.49
2009-06-03,35.35,25.15,63.75,0.45,0.49
2009-06-04,32.12,25.47,71.05,3.95,0.49
2009-06-05,30.12,24.71,82.23,6.21,0.49
2009-06-06,31.88,24.6,78.8,8.91,0.5
2009-06-07,31.94,24.28,83.42,6.97,0.52
2009-06-08,31.63,24.65,75.35,3.2,0.52
2009-06-09,32.59,24.43,72.0,0.26,0.52
2009-06-10,35.98,24.12,63.32,0.0,0.51
2009-06-11,35.77,24.37,62.44,0.01,0.51
2009-06-12,33.03,24.51,68.42,0.57,0.5
2009-06-13,31.7,24.67,69.32,0.19,0.5
2009-06-14,33.85,24.61,69.91,4.26,0.5
2009-06-15,38.28,24.8,64.19,0.2,0.5
2009-06-16,37.34,25.63,64.2,1.36,0.5
2009-06-17,32.69,26.17,75.33,2.67,0.5
2009-06-18,32.98,25.15,77.38,5.24,0.5
2009-06-19,34.2,25.13,73.0,0.93,0.5
2009-06-20,35.56,24.98,69.98,3.01,0.5
2009-06-21,35.48,24.87,70.04,1.01,0.5
2009-06-22,34.46,25.44,68.36,0.04,0.5
2009-06-23,33.42,25.3,73.17,4.91,0.5
2009-06-24,34.06,25.19,70.05,0.22,0.5
2009-06-25,35.32,24.96,68.92,1.14,0.5
2009-06-26,34.89,25.09,68.33,0.7,0.49
2009-06-27,33.13,24.44,73.97,9.54,0.5
2009-06-28,30.0,24.44,83.74,15.59,0.52
2009-06-29,32.24,24.37,77.96,11.4,0.54
2009-06-30,32.0,24.03,79.12,8.73,0.55
2009-07-01,31.81,24.16,80.11,14.81,0.56
2009-07-02,31.99,23.34,78.57,5.95,0.57
2009-07-03,32.3,22.98,77.51,3.54,0.57
2009-07-04,32.07,24.46,76.59,1.4,0.57
2009-07-05,32.44,24.83,81.26,6.79,0.57
2009-07-06,28.62,24.17,87.6,14.36,0.58
2009-07-07,32.01,23.55,81.25,4.97,0.59
2009-07-08,31.98,23.51,81.46,12.97,0.6
2009-07-09,32.0,23.9,81.1,7.89,0.61
2009-07-10,33.09,23.56,77.45,1.42,0.61
2009-07-11,33.31,24.22,79.01,5.5,0.6
2009-07-12,33.98,25.53,76.53,0.16,0.6
2009-07-13,30.12,25.64,84.51,4.24,0.6
2009-07-14,31.89,24.83,81.79,4.77,0.6
2009-07-15,31.43,24.11,84.65,7.74,0.6
2009-07-16,32.8,23.83,80.08,0.68,0.6
2009-07-17,33.51,24.13,77.48,0.67,0.6
2009-07-18,31.03,24.67,83.44,3.29,0.59
2009-07-19,31.92,25.02,80.87,1.18,0.6
2009-07-20,31.06,25.07,84.43,4.05,0.59
2009-07-21,31.06,24.95,82.05,2.97,0.6
2009-07-22,30.99,24.44,82.49,1.26,0.59
2009-07-23,33.25,24.25,77.9,1.99,0.59
2009-07-24,34.6,24.43,75.62,0.01,0.58
2009-07-25,31.25,25.02,82.29,1.27,0.58
2009-07-26,32.59,25.12,80.43,6.25,0.58
2009-07-27,32.56,25.07,78.26,5.92,0.58
2009-07-28,32.91,25.11,80.93,15.05,0.6
2009-07-29,31.97,24.82,83.88,13.01,0.61
2009-07-30,29.82,24.57,84.54,11.23,0.63
2009-07-31,31.74,24.61,81.73,2.45,0.63
2009-08-01,32.52,24.36,82.86,1.52,0.62
2009-08-02,33.98,24.94,77.84,0.0,0.61
2009-08-03,34.05,24.81,76.64,0.22,0.61
2009-08-04,34.25,24.66,78.93,4.74,0.6
2009-08-05,33.5,24.96,82.0,9.04,0.6
2009-08-06,31.02,25.27,86.41,9.22,0.62
2009-08-07,30.31,24.65,86.59,4.01,0.62
2009-08-08,32.41,24.32,82.14,3.44,0.62
2009-08-09,33.13,23.91,79.91,2.35,0.62
2009-08-10,34.52,24.01,76.55,0.02,0.61
2009-08-11,33.86,23.6,76.22,0.49,0.6
2009-08-12,33.59,23.56,77.18,1.1,0.6
2009-08-13,33.18,24.14,78.65,5.66,0.6
2009-08-14,31.95,24.72,78.61,0.41,0.59
2009-08-15,32.35,24.17,78.38,0.7,0.59
2009-08-16,32.41,24.23,77.62,4.56,0.59
2009-08-17,30.02,24.31,83.57,8.74,0.6
2009-08-18,32.88,23.3,79.68,6.07,0.6
2009-08-19,31.7,23.86,82.74,8.39,0.6
2009-08-20,31.03,23.57,82.76,13.84,0.62
2009-08-21,30.35,23.59,82.07,6.74,0.63
2009-08-22,28.64,23.8,89.1,18.52,0.64
2009-08-23,29.52,23.38,83.89,4.97,0.65
2009-08-24,29.93,23.69,86.09,4.8,0.65
2009-08-25,29.51,23.17,85.2,3.34,0.65
2009-08-26,30.07,23.91,87.03,9.04,0.65
2009-08-27,32.54,22.95,81.26,1.38,0.65
2009-08-28,32.28,24.05,80.39,2.3,0.64
2009-08-29,30.54,24.49,83.8,2.71,0.64
2009-08-30,31.38,24.87,82.15,7.71,0.65
2009-08-31,30.43,24.26,85.73,3.59,0.65
2009-09-01,31.28,24.3,84.24,1.42,0.65
2009-09-02,28.98,24.59,88.62,1.46,0.64
2009-09-03,30.39,24.27,87.43,0.44,0.64
2009-09-04,29.85,24.81,89.58,2.72,0.64
2009-09-05,31.13,24.44,82.64,1.65,0.64
2009-09-06,30.37,23.99,88.88,1.1,0.63
2009-09-07,29.9,24.45,86.48,12.94,0.64
2009-09-08,29.46,24.3,87.36,1.47,0.65
2009-09-09,32.02,23.13,80.06,0.03,0.64
2009-09-10,32.18,23.42,79.03,0.77,0.63
2009-09-11,34.19,24.41,77.6,0.45,0.62
2009-09-12,32.76,24.9,83.28,9.81,0.63
2009-09-13,31.67,25.08,84.19,1.94,0.63
2009-09-14,32.26,24.69,81.46,2.09,0.63
2009-09-15,33.09,23.81,79.72,1.06,0.62
2009-09-16,33.73,22.88,76.95,0.68,0.61
2009-09-17,32.46,23.57,81.46,6.83,0.61
2009-09-18,28.96,24.32,87.16,2.55,0.61
2009-09-19,31.73,23.69,81.57,3.62,0.61
2009-09-20,32.43,22.7,78.83,0.53,0.61
2009-09-21,32.29,23.22,79.68,2.44,0.6
2009-09-22,32.81,23.34,80.31,4.37,0.6
2009-09-23,32.59,23.57,77.58,0.98,0.6
2009-09-24,33.66,22.71,76.1,0.24,0.59
2009-09-25,30.82,24.54,81.69,2.23,0.59
2009-09-26,33.66,24.59,78.32,2.17,0.59
2009-09-27,33.91,23.88,76.34,2.71,0.59
2009-09-28,33.8,24.01,74.69,0.52,0.58
2009-09-29,33.43,24.75,76.42,0.81,0.58
2009-09-30,33.66,24.68,74.74,0.76,0.58
2009-10-01,35.95,24.12,67.96,0.97,0.57
2009-10-02,35.87,26.18,70.71,5.53,0.57
2009-10-03,30.32,24.87,83.09,5.0,0.57
2009-10-04,28.9,23.7,86.58,5.17,0.58
2009-10-05,31.47,24.2,85.43,3.87,0.58
2009-10-06,33.2,24.42,79.2,0.28,0.58
2009-10-07,34.14,24.49,75.72,0.68,0.57
2009-10-08,34.05,23.95,77.81,3.51,0.57
2009-10-09,33.11,23.6,79.65,4.42,0.57
2009-10-10,33.76,23.36,76.89,0.01,0.57
2009-10-11,33.03,24.12,75.52,0.46,0.56
2009-10-12,32.78,23.35,77.26,2.93,0.56
2009-10-13,33.03,24.37,74.18,0.82,0.56
2009-10-14,31.79,23.89,78.36,0.97,0.56
2009-10-15,33.16,24.44,75.89,1.14,0.55
2009-10-16,31.84,24.1,80.29,7.74,0.56
2009-10-17,33.41,23.35,78.68,4.24,0.56
2009-10-18,33.75,22.94,75.97,0.19,0.56
2009-10-19,32.5,22.98,79.06,3.76,0.56
2009-10-20,34.51,22.73,72.53,1.04,0.56
2009-10-21,33.71,24.25,72.9,0.39,0.55
2009-10-22,33.59,23.61,75.4,2.59,0.55
2009-10-23,34.04,23.13,72.21,1.21,0.55
2009-10-24,33.13,23.07,74.29,1.66,0.54
2009-10-25,34.56,22.43,70.69,0.0,0.54
2009-10-26,35.44,23.14,67.86,0.0,0.54
2009-10-27,33.76,23.79,71.3,0.0,0.53
2009-10-28,33.28,23.28,70.86,0.0,0.53
2009-10-29,35.39,23.66,66.89,0.0,0.53
2009-10-30,36.12,23.32,64.64,0.0,0.52
2009-10-31,36.51,22.46,61.41,0.0,0.52
2009-11-01,36.63,22.35,61.75,0.0,0.51
2009-11-02,35.62,24.38,55.44,0.04,0.51
2009-11-03,33.89,20.53,52.3,0.13,0.5
2009-11-04,34.28,21.55,52.54,0.0,0.5
2009-11-05,35.0,23.98,53.55,0.0,0.5
2009-11-06,35.42,21.63,59.52,0.0,0.49
2009-11-07,35.57,21.94,59.94,0.0,0.49
2009-11-08,35.55,23.11,53.4,0.0,0.49
2009-11-09,36.01,22.49,59.34,0.0,0.49
2009-11-10,35.93,22.38,60.07,0.0,0.48
2009-11-11,34.87,20.5,59.38,0.0,0.48
2009-11-12,36.29,20.84,55.98,0.0,0.48
2009-11-13,36.55,21.67,55.28,0.0,0.48
2009-11-14,36.67,21.89,58.91,0.17,0.48
2009-11-15,34.5,21.64,66.28,0.33,0.48
2009-11-16,36.24,22.16,63.89,0.08,0.47
2009-11-17,36.44,22.71,63.29,0.15,0.47
2009-11-18,34.65,21.12,70.61,6.18,0.48
2009-11-19,33.69,20.83,70.63,0.75,0.48
2009-11-20,34.04,21.57,65.29,0.0,0.48
2009-11-21,33.38,21.14,64.94,0.0,0.48
2009-11-22,33.11,20.49,61.97,0.0,0.48
2009-11-23,32.09,19.27,56.68,0.0,0.47
2009-11-24,31.2,16.81,56.11,0.0,0.47
2009-11-25,31.27,15.93,57.84,0.0,0.47
2009-11-26,31.36,17.53,58.09,0.0,0.47
2009-11-27,31.74,18.17,53.88,0.0,0.47
2009-11-28,33.09,17.82,50.7,0.0,0.47
2009-11-29,32.78,17.21,40.91,0.0,0.47
2009-11-30,33.47,18.69,45.12,0.0,0.47
2009-12-01,32.94,19.17,51.21,0.0,0.47
2009-12-02,32.85,18.09,52.6,0.0,0.47
2009-12-03,32.83,18.94,45.94,0.0,0.47
2009-12-04,32.4,17.57,49.61,0.0,0.47
2009-12-05,31.84,17.26,53.5,0.0,0.47
2009-12-06,31.55,17.05,59.77,0.0,0.46
2009-12-07,30.14,17.34,61.38,0.0,0.46
2009-12-08,30.46,16.27,57.57,0.0,0.46
2009-12-09,30.69,17.08,53.93,0.0,0.46
2009-12-10,31.5,15.86,46.24,0.0,0.46
2009-12-11,31.05,15.74,47.49,0.0,0.46
2009-12-12,31.67,15.12,49.95,0.0,0.46
2009-12-13,32.15,16.19,48.76,0.0,0.46
2009-12-14,32.13,15.97,53.36,0.0,0.46
2009-12-15,31.94,15.38,44.24,0.0,0.46
2009-12-16,33.03,15.7,33.4,0.0,0.46
2009-12-17,33.04,17.2,35.03,0.0,0.46
2009-12-18,33.92,17.95,36.27,0.0,0.46
2009-12-19,33.93,18.73,40.75,0.0,0.46
2009-12-20,32.69,17.61,44.94,0.0,0.46
2009-12-21,32.6,16.09,40.94,0.0,0.46
2009-12-22,31.67,16.45,49.97,0.0,0.46
2009-12-23,30.63,17.19,49.01,0.0,0.46
2009-12-24,28.1,16.57,45.42,0.0,0.46
2009-12-25,30.46,12.12,38.73,0.0,0.46
2009-12-26,29.35,11.65,37.76,0.0,0.46
2009-12-27,29.31,11.4,40.07,0.0,0.46
2009-12-28,29.5,12.26,36.14,0.0,0.46
2009-12-29,29.09,11.72,44.74,0.0,0.46
2009-12-30,30.04,11.5,32.33,0.0,0.46
2009-12-31,31.58,13.35,32.07,0.0,0.46
2010-01-01,30.19,14.55,42.42,0.0,0.46
2010-01-02,29.49,12.59,42.05,0.0,0.46
2010-01-03,30.6,11.81,37.04,0.0,0.46
2010-01-04,31.49,13.29,33.89,0.0,0.46
2010-01-05,32.15,15.48,39.78,0.0,0.46
2010-01-06,32.98,13.66,32.57,0.0,0.46
2010-01-07,32.82,14.71,42.96,1.76,0.46
2010-01-08,32.75,17.15,45.26,0.0,0.46
2010-01-09,34.14,18.54,49.35,0.0,0.46
2010-01-10,32.76,14.98,40.86,0.0,0.46
2010-01-11,33.23,15.26,43.98,0.0,0.46
2010-01-12,33.22,15.63,41.34,0.0,0.46
2010-01-13,34.33,15.77,39.03,0.0,0.46
2010-01-14,34.78,18.06,36.89,0.0,0.46
2010-01-15,33.01,17.09,45.5,0.0,0.46
2010-01-16,32.85,16.53,35.58,0.0,0.46
2010-01-17,33.07,15.68,33.09,0.0,0.46
2010-01-18,33.72,17.67,43.25,0.0,0.46
2010-01-19,32.84,17.5,46.35,0.0,0.46
2010-01-20,32.88,16.85,47.9,0.0,0.46
2010-01-21,33.09,16.58,37.01,0.0,0.46
2010-01-22,33.7,16.2,30.28,0.0,0.46
2010-01-23,34.54,15.71,30.56,0.0,0.46
2010-01-24,35.1,17.69,30.56,0.0,0.46
2010-01-25,34.48,17.63,31.14,0.01,0.46
2010-01-26,32.44,18.04,53.77,9.51,0.47
2010-01-27,30.86,14.15,45.93,0.0,0.47
2010-01-28,32.28,15.91,36.01,0.0,0.47
2010-01-29,32.88,15.65,37.65,0.0,0.47
2010-01-30,32.68,14.68,43.66,0.0,0.47
2010-01-31,31.65,13.65,40.7,0.0,0.47
2010-02-01,31.38,13.61,42.57,0.0,0.46
2010-02-02,32.12,14.23,37.7,0.0,0.46
2010-02-03,32.94,13.14,33.82,0.0,0.46
2010-02-04,32.36,12.65,33.83,0.0,0.46
2010-02-05,32.71,15.89,25.2,0.0,0.46
2010-02-06,32.3,13.24,26.48,0.0,0.46
2010-02-07,32.32,11.92,24.83,0.0,0.46
2010-02-08,34.4,14.35,24.1,0.0,0.46
2010-02-09,34.25,12.75,38.39,0.0,0.46
2010-02-10,35.22,13.82,42.97,0.0,0.46
2010-02-11,35.17,14.71,38.9,0.0,0.46
2010-02-12,35.3,16.7,21.53,0.0,0.46
2010-02-13,35.03,15.42,43.4,0.0,0.46
2010-02-14,35.65,15.98,43.3,0.0,0.46
2010-02-15,34.92,16.64,41.07,0.0,0.46
2010-02-16,33.96,17.81,44.88,0.0,0.46
2010-02-17,36.91,18.42,45.88,0.0,0.46
2010-02-18,35.91,19.97,50.1,0.0,0.46
2010-02-19,33.71,19.64,48.35,0.0,0.46
2010-02-20,34.17,16.02,34.92,0.0,0.46
2010-02-21,33.58,14.72,34.11,0.0,0.46
2010-02-22,34.26,15.07,34.62,0.0,0.46
2010-02-23,34.67,15.68,38.74,0.0,0.46
2010-02-24,34.68,14.75,48.36,0.02,0.46
2010-02-25,35.68,17.1,51.6,0.05,0.46
2010-02-26,35.61,18.18,51.9,0.0,0.46
2010-02-27,35.54,18.89,51.31,0.0,0.46
2010-02-28,36.27,18.24,41.49,0.0,0.46
2010-03-01,36.9,18.56,49.0,0.0,0.46
2010-03-02,37.4,18.83,47.92,0.0,0.46
2010-03-03,36.86,18.68,49.44,0.0,0.46
2010-03-04,36.15,17.74,50.32,0.0,0.46
2010-03-05,36.47,18.7,54.89,0.0,0.46
2010-03-06,37.92,19.64,54.09,0.0,0.46
2010-03-07,38.45,20.72,53.39,0.0,0.46
2010-03-08,38.54,20.89,49.98,0.0,0.46
2010-03-09,39.23,21.83,48.61,0.0,0.46
2010-03-10,39.78,21.95,43.77,0.0,0.46
2010-03-11,38.48,18.76,41.69,0.0,0.46
2010-03-12,37.65,18.45,46.98,0.0,0.46
2010-03-13,36.54,19.41,49.26,0.0,0.46
2010-03-14,36.09,19.75,38.79,0.0,0.46
2010-03-15,34.56,21.58,39.04,0.01,0.46
2010-03-16,35.22,21.17,30.91,0.0,0.46
2010-03-17,37.73,20.99,26.6,0.0,0.46
2010-03-18,36.93,23.82,25.05,0.0,0.46
2010-03-19,39.19,22.94,29.29,0.0,0.46
2010-03-20,39.14,20.83,37.77,0.0,0.46
2010-03-21,39.79,21.54,47.01,0.0,0.46
2010-03-22,39.94,21.06,48.07,0.0,0.46
2010-03-23,38.52,19.44,52.27,0.0,0.46
2010-03-24,39.08,19.98,50.15,0.0,0.46
2010-03-25,39.86,19.26,45.41,0.0,0.46
2010-03-26,40.28,20.81,44.9,0.0,0.46
2010-03-27,39.65,21.01,49.18,0.01,0.46
2010-03-28,38.52,21.71,49.81,2.58,0.46
2010-03-29,37.91,21.83,51.85,0.5,0.46
2010-03-30,37.29,22.93,55.58,1.18,0.46
2010-03-31,36.15,22.63,58.79,0.79,0.46
2010-04-01,37.01,23.93,59.63,0.63,0.46
2010-04-02,39.59,24.0,55.55,0.0,0.46
2010-04-03,39.89,23.74,52.69,0.0,0.46
2010-04-04,41.63,22.97,48.34,0.0,0.46
2010-04-05,40.4,23.27,46.05,0.0,0.46
2010-04-06,41.23,23.29,42.66,0.0,0.46
2010-04-07,41.04,22.12,42.49,0.0,0.46
2010-04-08,41.82,25.23,38.38,0.0,0.46
2010-04-09,42.22,23.39,40.78,0.0,0.46
2010-04-10,40.36,22.2,44.06,0.0,0.46
2010-04-11,38.87,23.07,51.26,0.0,0.46
2010-04-12,40.85,24.19,52.06,0.0,0.46
2010-04-13,40.75,23.51,49.28,0.0,0.46
2010-04-14,41.5,23.56,47.27,0.0,0.46
2010-04-15,38.34,24.93,48.25,0.0,0.46
2010-04-16,40.32,26.07,49.58,0.51,0.46
2010-04-17,39.89,24.42,54.82,5.96,0.47
2010-04-18,39.97,22.97,50.99,0.0,0.47
2010-04-19,39.88,24.63,52.19,0.01,0.47
2010-04-20,39.92,24.51,56.65,0.09,0.46
2010-04-21,39.22,25.36,56.03,0.0,0.46
2010-04-22,40.5,24.66,52.34,0.0,0.46
2010-04-23,41.55,24.62,47.72,0.0,0.46
2010-04-24,37.39,24.16,53.4,0.44,0.46
2010-04-25,38.58,23.99,52.27,0.06,0.46
2010-04-26,37.74,24.31,54.93,0.01,0.46
2010-04-27,40.73,24.49,47.27,0.01,0.46
2010-04-28,39.98,24.69,43.73,0.3,0.46
2010-04-29,39.25,25.86,47.64,0.0,0.46
2010-04-30,40.42,26.74,45.58,0.3,0.46
2010-05-01,40.36,25.98,49.17,0.01,0.46
2010-05-02,40.94,26.47,48.8,1.31,0.46
2010-05-03,41.56,26.74,51.81,0.11,0.46
2010-05-04,40.72,25.57,50.26,0.03,0.46
2010-05-05,39.41,25.57,48.21,1.4,0.46
2010-05-06,41.33,26.51,47.96,0.03,0.46
2010-05-07,40.31,26.43,47.07,0.0,0.46
2010-05-08,36.86,27.04,54.35,0.0,0.46
2010-05-09,41.56,25.38,49.24,0.4,0.46
2010-05-10,41.84,25.44,49.12,0.05,0.46
2010-05-11,42.45,27.56,47.81,0.19,0.46
2010-05-12,42.52,28.1,48.76,0.0,0.46
2010-05-13,41.63,27.25,51.46,0.0,0.46
2010-05-14,41.73,27.86,47.7,0.0,0.46
2010-05-15,42.38,27.57,44.72,0.0,0.46
2010-05-16,39.49,26.92,50.94,0.0,0.46
2010-05-17,42.59,26.55,47.8,3.53,0.46
2010-05-18,38.19,28.94,49.86,0.03,0.46
2010-05-19,32.92,25.49,70.65,10.75,0.47
2010-05-20,36.12,24.34,70.74,6.49,0.49
2010-05-21,32.25,25.08,77.05,9.81,0.5
2010-05-22,32.88,24.45,75.73,5.37,0.51
2010-05-23,31.67,24.69,78.81,24.35,0.53
2010-05-24,30.13,24.49,81.64,1.36,0.54
2010-05-25,32.48,25.55,76.51,1.08,0.54
2010-05-26,32.7,25.24,77.32,5.54,0.54
2010-05-27,31.65,23.99,75.83,3.24,0.54
2010-05-28,34.2,24.1,70.23,0.27,0.54
2010-05-29,34.63,24.38,68.7,1.3,0.54
2010-05-30,36.0,24.4,69.43,3.55,0.54
2010-05-31,35.36,24.32,68.51,0.69,0.53
2010-06-01,36.97,25.18,66.14,0.0,0.53
2010-06-02,36.08,25.49,69.58,0.1,0.52
2010-06-03,35.4,25.39,69.83,0.72,0.52
2010-06-04,35.56,25.66,73.64,4.43,0.52
2010-06-05,36.59,25.34,66.75,2.71,0.52
2010-06-06,33.64,25.27,71.15,3.91,0.52
2010-06-07,33.8,25.58,72.74,1.48,0.52
2010-06-08,36.28,25.66,66.24,0.71,0.52
2010-06-09,36.58,25.37,70.9,5.33,0.52
2010-06-10,37.87,25.51,62.86,0.2,0.52
2010-06-11,33.81,26.07,72.53,5.41,0.52
2010-06-12,34.35,24.99,74.78,10.8,0.53
2010-06-13,32.27,25.65,82.24,16.14,0.55
2010-06-14,31.92,25.14,83.1,37.86,0.59
2010-06-15,32.1,24.96,79.94,4.18,0.62
2010-06-16,30.43,25.22,82.54,3.58,0.61
2010-06-17,30.92,24.49,84.33,7.12,0.61
2010-06-18,33.35,25.02,78.13,5.21,0.62
2010-06-19,33.63,24.62,78.8,6.94,0.62
2010-06-20,33.56,24.95,75.81,0.95,0.61
2010-06-21,32.61,25.15,81.1,1.81,0.61
2010-06-22,33.5,25.25,80.92,1.18,0.6
2010-06-23,34.58,24.97,76.59,3.16,0.6
2010-06-24,32.85,24.61,77.67,9.91,0.6
2010-06-25,31.9,25.34,82.85,11.02,0.62
2010-06-26,33.24,25.22,81.4,6.05,0.62
2010-06-27,33.31,25.26,78.72,1.86,0.62
2010-06-28,33.88,24.51,79.17,5.72,0.62
2010-06-29,32.99,24.99,78.61,3.19,0.62
2010-06-30,31.8,25.1,80.25,4.7,0.62
2010-07-01,32.42,24.13,78.71,3.45,0.61
2010-07-02,33.41,24.75,77.26,2.39,0.61
2010-07-03,30.12,24.83,83.42,9.65,0.61
2010-07-04,31.84,24.76,81.49,7.11,0.63
2010-07-05,30.36,24.01,82.0,1.1,0.62
2010-07-06,32.86,23.77,77.37,0.46,0.62
2010-07-07,33.45,24.63,77.37,1.62,0.61
2010-07-08,33.32,23.95,78.64,4.62,0.61
2010-07-09,32.28,24.31,82.68,21.35,0.63
2010-07-10,33.12,24.39,80.5,2.39,0.63
2010-07-11,31.7,25.05,81.73,10.29,0.63
2010-07-12,31.9,24.96,81.17,1.35,0.64
2010-07-13,29.07,24.54,84.95,1.91,0.63
2010-07-14,33.02,23.62,80.13,3.35,0.63
2010-07-15,33.09,24.66,77.11,0.89,0.62
2010-07-16,33.47,23.9,77.55,0.66,0.62
2010-07-17,32.21,24.91,79.36,3.4,0.61
2010-07-18,33.24,24.08,80.24,4.47,0.61
2010-07-19,32.52,24.79,80.88,1.38,0.61
2010-07-20,33.89,24.2,77.69,1.38,0.6
2010-07-21,33.0,25.27,81.18,6.26,0.6
2010-07-22,33.11,24.88,80.21,2.97,0.61
2010-07-23,32.17,24.49,85.0,5.85,0.61
2010-07-24,30.28,24.61,85.18,6.68,0.61
2010-07-25,31.66,24.58,83.1,3.37,0.61
2010-07-26,32.44,24.51,80.54,2.34,0.61
2010-07-27,33.37,24.31,75.97,2.95,0.61
2010-07-28,29.25,25.36,83.93,5.49,0.61
2010-07-29,30.65,24.5,88.22,12.69,0.62
2010-07-30,31.01,24.49,84.89,8.73,0.63
2010-07-31,30.62,24.31,82.95,2.02,0.63
2010-08-01,31.71,23.6,78.82,0.14,0.63
2010-08-02,31.08,23.28,83.25,4.51,0.62
2010-08-03,29.8,24.18,84.04,2.18,0.62
2010-08-04,29.4,23.92,85.65,1.24,0.62
2010-08-05,31.08,23.88,82.49,0.48,0.62
2010-08-06,32.17,23.95,82.36,10.01,0.62
2010-08-07,29.18,23.68,88.02,6.54,0.63
2010-08-08,33.47,23.64,79.7,0.93,0.62
2010-08-09,32.62,24.26,79.83,0.21,0.62
2010-08-10,30.87,24.75,83.48,2.44,0.61
2010-08-11,30.64,24.75,86.19,5.5,0.62
2010-08-12,30.88,24.78,85.39,8.12,0.63
2010-08-13,31.91,23.78,83.62,2.7,0.62
2010-08-14,30.39,24.21,84.22,1.08,0.62
2010-08-15,31.72,23.92,82.41,2.95,0.62
2010-08-16,31.07,23.62,82.43,3.55,0.61
2010-08-17,31.09,23.6,83.26,4.53,0.62
2010-08-18,31.41,24.29,84.51,6.03,0.62
2010-08-19,32.17,23.78,78.45,0.49,0.61
2010-08-20,34.38,24.23,74.3,3.17,0.61
2010-08-21,33.85,23.75,77.41,10.36,0.61
2010-08-22,32.16,24.28,83.68,4.31,0.62
2010-08-23,30.22,24.1,84.89,4.72,0.62
2010-08-24,33.56,24.35,77.76,1.33,0.61
2010-08-25,29.84,24.56,86.62,6.51,0.62
2010-08-26,32.67,23.75,79.09,2.57,0.61
2010-08-27,31.62,22.88,83.06,22.3,0.63
2010-08-28,29.81,23.93,85.7,4.61,0.64
2010-08-29,32.0,22.85,82.67,12.84,0.65
2010-08-30,28.82,23.92,89.12,7.52,0.65
2010-08-31,30.47,23.51,83.3,1.96,0.65
2010-09-01,32.23,23.57,82.23,2.97,0.65
2010-09-02,32.83,24.14,81.37,1.5,0.64
2010-09-03,33.03,24.65,81.14,5.22,0.64
2010-09-04,33.05,24.08,79.49,0.12,0.63
2010-09-05,32.88,24.55,79.76,0.68,0.62
2010-09-06,32.3,24.52,81.27,0.3,0.61
2010-09-07,32.44,24.41,79.86,0.28,0.61
2010-09-08,32.59,24.29,79.96,3.65,0.61
2010-09-09,30.5,25.04,84.56,5.68,0.61
2010-09-10,30.47,24.39,86.29,7.58,0.62
2010-09-11,29.77,23.97,86.11,1.45,0.62
2010-09-12,31.84,23.39,82.87,3.81,0.62
2010-09-13,31.75,23.34,81.29,1.58,0.61
2010-09-14,31.89,23.04,81.03,3.92,0.61
2010-09-15,31.7,23.13,81.12,3.31,0.6
2010-09-16,31.42,22.74,83.81,7.84,0.61
2010-09-17,31.62,24.0,81.77,0.69,0.61
2010-09-18,31.89,23.96,78.92,0.91,0.6
2010-09-19,31.92,23.53,78.98,0.61,0.6
2010-09-20,29.29,23.93,84.06,0.7,0.59
2010-09-21,31.1,24.02,82.08,1.23,0.59
2010-09-22,33.15,24.21,77.2,0.12,0.59
2010-09-23,32.51,24.39,78.33,2.18,0.58
2010-09-24,28.79,24.23,87.48,4.08,0.59
2010-09-25,31.62,23.17,83.85,5.13,0.59
2010-09-26,33.06,23.67,78.75,1.18,0.59
2010-09-27,33.15,23.37,79.51,4.01,0.58
2010-09-28,33.64,23.19,77.64,1.12,0.58
2010-09-29,31.48,24.2,80.34,1.38,0.58
2010-09-30,31.4,24.38,79.38,0.5,0.57
2010-10-01,34.37,23.7,70.4,0.0,0.57
2010-10-02,36.31,24.4,68.47,0.0,0.56
2010-10-03,31.92,26.32,74.07,0.0,0.56
2010-10-04,32.81,24.92,72.36,0.35,0.56
2010-10-05,33.96,24.62,74.86,6.08,0.56
2010-10-06,29.14,24.04,86.81,13.47,0.57
2010-10-07,31.86,23.47,84.61,12.35,0.59
2010-10-08,30.98,24.65,86.61,9.94,0.6
2010-10-09,29.26,24.66,89.55,7.47,0.61
2010-10-10,29.16,23.88,88.8,1.45,0.61
2010-10-11,31.73,22.8,82.71,2.44,0.6
2010-10-12,31.04,23.53,82.73,1.54,0.6
2010-10-13,30.56,24.28,81.39,3.73,0.6
2010-10-14,31.61,23.48,83.44,4.94,0.6
2010-10-15,31.22,22.98,82.76,3.3,0.6
2010-10-16,32.6,22.89,77.66,0.29,0.6
2010-10-17,34.72,23.71,71.68,0.13,0.59
2010-10-18,34.11,24.75,68.49,1.08,0.58
2010-10-19,32.9,25.14,74.78,14.3,0.58
2010-10-20,27.07,24.19,93.07,27.99,0.63
2010-10-21,27.03,23.45,91.33,6.15,0.65
2010-10-22,27.89,23.25,91.38,2.14,0.65
2010-10-23,28.47,23.51,90.52,2.68,0.65
2010-10-24,30.68,22.33,85.24,0.36,0.64
2010-10-25,31.04,22.09,81.01,0.06,0.63
2010-10-26,31.63,21.71,79.62,4.82,0.63
2010-10-27,32.32,22.67,78.77,0.06,0.62
2010-10-28,32.15,23.11,77.3,0.33,0.62
2010-10-29,31.17,23.46,77.67,2.27,0.61
2010-10-30,29.54,23.01,79.14,0.29,0.61
2010-10-31,30.46,19.62,68.34,1.31,0.6
2010-11-01,30.38,19.13,68.85,1.21,0.6
2010-11-02,31.59,20.46,69.89,0.0,0.59
2010-11-03,30.61,19.87,67.15,0.0,0.59
2010-11-04,30.88,19.53,63.3,0.0,0.58
2010-11-05,31.13,18.43,61.44,0.0,0.58
2010-11-06,32.17,18.38,61.58,0.0,0.57
2010-11-07,32.96,20.67,62.12,0.0,0.57
2010-11-08,33.21,21.35,58.54,0.0,0.56
2010-11-09,32.98,19.76,62.84,0.0,0.55
2010-11-10,31.38,20.25,67.75,0.0,0.55
2010-11-11,31.3,20.03,66.97,0.0,0.55
2010-11-12,31.14,20.05,68.56,0.0,0.54
2010-11-13,31.0,20.86,67.5,0.0,0.54
2010-11-14,33.08,20.61,64.17,0.0,0.54
2010-11-15,34.05,21.04,64.06,0.0,0.53
2010-11-16,33.5,22.23,64.99,0.0,0.53
2010-11-17,33.76,21.62,66.23,0.0,0.52
2010-11-18,34.4,20.33,57.11,0.0,0.52
2010-11-19,34.04,19.83,56.49,0.02,0.52
2010-11-20,32.72,18.0,70.07,0.53,0.51
2010-11-21,33.02,20.58,69.68,0.0,0.51
2010-11-22,32.94,20.42,62.34,0.0,0.51
2010-11-23,33.41,19.58,59.28,0.0,0.51
2010-11-24,33.11,17.18,58.14,0.0,0.5
2010-11-25,32.72,17.59,56.1,0.0,0.5
2010-11-26,33.3,17.46,58.62,0.0,0.5
2010-11-27,33.72,18.5,63.21,0.0,0.49
2010-11-28,33.69,19.08,64.7,0.0,0.49
2010-11-29,33.8,19.63,60.8,0.0,0.49
2010-11-30,33.26,18.67,60.66,0.0,0.49
2010-12-01,33.86,19.87,55.77,0.0,0.48
2010-12-02,33.84,19.86,54.94,0.0,0.48
2010-12-03,33.23,19.5,56.2,0.24,0.48
2010-12-04,33.24,19.08,54.48,0.0,0.48
2010-12-05,33.61,20.85,52.75,0.0,0.48
2010-12-06,34.24,19.87,50.08,0.0,0.48
2010-12-07,35.19,19.41,48.92,0.01,0.47
2010-12-08,34.42,22.41,61.62,0.89,0.47
2010-12-09,30.58,22.71,75.87,6.59,0.48
2010-12-10,26.87,21.73,91.48,12.42,0.49
2010-12-11,31.16,22.51,82.14,2.75,0.5
2010-12-12,30.78,17.28,69.31,1.05,0.5
2010-12-13,29.57,15.51,65.02,0.0,0.5
2010-12-14,28.61,14.16,61.1,0.0,0.5
2010-12-15,28.05,14.26,61.42,0.0,0.49
2010-12-16,28.96,12.56,60.47,0.01,0.49
2010-12-17,29.84,13.52,57.03,0.01,0.49
2010-12-18,30.82,16.0,66.13,0.0,0.49
2010-12-19,31.35,18.15,64.08,0.0,0.49
2010-12-20,30.67,17.07,56.99,0.0,0.48
2010-12-21,29.19,13.43,54.3,0.0,0.48
2010-12-22,29.19,12.08,46.53,0.0,0.48
2010-12-23,29.23,11.87,46.93,0.0,0.48
2010-12-24,29.73,11.86,42.83,0.0,0.48
2010-12-25,29.64,11.05,45.02,0.0,0.47
2010-12-26,29.43,11.31,51.7,0.0,0.47
2010-12-27,30.21,11.99,44.87,0.0,0.47
2010-12-28,29.91,11.93,43.23,0.0,0.47
2010-12-29,30.11,12.62,49.79,0.0,0.47
2010-12-30,31.49,12.5,46.06,0.0,0.47
2010-12-31,31.75,14.3,41.93,0.0,0.47
2011-01-01,32.46,14.11,57.17,0.0,0.47
2011-01-02,30.87,13.51,55.25,0.0,0.47
2011-01-03,30.74,14.03,50.82,0.0,0.47
2011-01-04,31.11,14.69,53.62,0.0,0.47
2011-01-05,32.83,15.9,50.08,0.0,0.47
2011-01-06,33.24,17.86,51.9,0.0,0.46
2011-01-07,33.25,20.03,52.26,0.0,0.46
2011-01-08,30.8,19.82,60.02,0.02,0.46
2011-01-09,32.37,20.42,59.32,0.45,0.46
2011-01-10,28.62,17.52,79.23,5.8,0.47
2011-01-11,29.01,13.88,65.09,0.0,0.47
2011-01-12,29.41,13.49,45.41,0.0,0.47
2011-01-13,29.3,12.61,52.44,0.0,0.47
2011-01-14,30.32,12.7,47.7,0.0,0.47
2011-01-15,30.82,12.2,42.75,0.0,0.47
2011-01-16,30.49,14.61,48.31,3.56,0.47
2011-01-17,29.28,12.47,66.35,0.0,0.47
2011-01-18,29.62,14.21,64.07,0.0,0.47
2011-01-19,28.15,11.66,44.08,0.0,0.47
2011-01-20,27.71,10.59,47.25,0.0,0.47
2011-01-21,27.9,11.07,49.25,0.0,0.47
2011-01-22,29.41,10.66,40.32,0.0,0.47
2011-01-23,30.74,10.62,36.79,0.0,0.46
2011-01-24,31.41,11.43,38.86,0.0,0.46
2011-01-25,32.42,12.68,38.99,0.0,0.46
2011-01-26,33.14,13.07,37.27,0.0,0.46
2011-01-27,34.25,15.61,31.89,0.0,0.46
2011-01-28,32.89,14.06,36.51,0.0,0.46
2011-01-29,33.63,12.87,35.93,0.0,0.46
2011-01-30,33.96,14.92,38.76,0.0,0.46
2011-01-31,33.99,13.65,41.45,0.0,0.46
2011-02-01,32.18,15.37,48.13,0.0,0.46
2011-02-02,32.5,13.91,36.71,0.0,0.46
2011-02-03,32.71,13.27,40.59,0.0,0.46
2011-02-04,32.99,14.84,37.02,0.0,0.46
2011-02-05,33.45,15.04,40.59,0.0,0.46
2011-02-06,33.71,14.93,36.29,0.0,0.46
2011-02-07,34.04,15.03,37.42,0.0,0.46
2011-02-08,33.86,14.59,45.69,0.0,0.46
2011-02-09,34.54,15.57,46.55,0.0,0.46
2011-02-10,33.71,15.5,44.73,0.0,0.46
2011-02-11,34.17,15.04,31.24,0.0,0.46
2011-02-12,34.97,16.6,27.7,0.0,0.46
2011-02-13,33.65,14.84,38.66,0.0,0.46
2011-02-14,34.39,14.52,42.28,0.0,0.46
2011-02-15,34.3,16.35,50.02,0.0,0.46
2011-02-16,35.08,15.71,49.56,0.0,0.46
2011-02-17,33.27,16.27,51.78,0.02,0.46
2011-02-18,33.55,20.06,46.18,0.0,0.46
2011-02-19,33.33,17.42,49.68,0.0,0.46
2011-02-20,34.88,17.84,37.48,0.0,0.46
2011-02-21,35.66,17.52,32.2,0.0,0.46
2011-02-22,36.07,18.06,38.19,0.0,0.46
2011-02-23,35.27,18.82,39.48,0.0,0.46
2011-02-24,36.22,18.76,32.59,0.0,0.46
2011-02-25,36.77,16.66,36.2,0.0,0.46
2011-02-26,37.21,16.59,33.12,0.0,0.46
2011-02-27,36.92,17.42,35.21,0.0,0.46
2011-02-28,36.79,17.86,24.37,0.0,0.46
2011-03-01,37.08,17.4,25.35,0.0,0.46
2011-03-02,38.44,19.65,24.21,0.0,0.46
2011-03-03,38.63,19.46,23.69,0.0,0.46
2011-03-04,38.98,18.03,32.31,0.0,0.46
2011-03-05,38.71,18.56,43.22,0.0,0.46
2011-03-06,38.34,20.23,40.35,0.0,0.46
2011-03-07,37.92,21.6,33.69,0.0,0.46
2011-03-08,38.28,19.11,26.46,0.0,0.46
2011-03-09,37.76,18.84,33.9,0.0,0.46
2011-03-10,38.98,18.93,36.0,2.1,0.46
2011-03-11,38.57,19.34,35.09,0.82,0.46
2011-03-12,36.41,19.04,43.42,2.14,0.46
2011-03-13,35.9,19.53,47.81,0.0,0.46
2011-03-14,36.88,19.88,44.81,0.16,0.46
2011-03-15,34.82,21.46,54.68,10.78,0.47
2011-03-16,26.25,19.25,76.31,13.76,0.5
2011-03-17,30.54,16.93,64.54,1.64,0.5
2011-03-18,31.98,16.7,57.58,0.0,0.5
2011-03-19,34.13,17.76,62.0,0.0,0.49
2011-03-20,35.71,16.8,59.43,0.0,0.49
2011-03-21,36.21,17.57,61.81,0.0,0.49
2011-03-22,36.46,18.79,58.03,0.0,0.48
2011-03-23,37.57,18.81,53.22,0.0,0.48
2011-03-24,37.76,19.14,53.41,0.26,0.48
2011-03-25,37.21,18.13,51.56,1.92,0.48
2011-03-26,36.77,19.36,56.57,3.18,0.48
2011-03-27,35.43,20.64,54.05,0.02,0.48
2011-03-28,33.8,22.1,55.39,0.02,0.47
2011-03-29,30.4,22.54,62.59,0.4,0.47
2011-03-30,34.11,21.29,56.25,1.03,0.47
2011-03-31,34.19,20.62,62.94,5.78,0.48
2011-04-01,35.65,20.21,60.96,0.05,0.48
2011-04-02,36.38,20.74,55.42,0.0,0.47
2011-04-03,37.76,21.18,47.43,0.0,0.47
2011-04-04,38.66,21.68,43.95,0.0,0.47
2011-04-05,39.51,22.33,46.87,0.0,0.46
2011-04-06,39.15,24.3,48.78,0.02,0.46
2011-04-07,39.56,23.01,45.56,0.0,0.46
2011-04-08,39.32,22.31,44.98,0.03,0.46
2011-04-09,38.48,22.41,48.12,2.55,0.46
2011-04-10,39.61,22.6,46.02,0.0,0.46
2011-04-11,39.88,24.48,34.96,0.0,0.46
2011-04-12,39.99,22.61,46.06,0.23,0.46
2011-04-13,40.81,23.71,49.33,0.15,0.46
2011-04-14,39.69,23.84,47.66,0.0,0.46
2011-04-15,39.26,22.99,44.95,0.0,0.46
2011-04-16,39.89,23.98,43.08,0.0,0.46
2011-04-17,40.15,24.06,41.71,0.0,0.46
2011-04-18,39.3,25.54,46.6,0.0,0.46
2011-04-19,39.55,26.32,46.2,0.17,0.46
2011-04-20,37.93,24.77,50.18,0.11,0.46
2011-04-21,36.41,24.64,54.25,0.0,0.46
2011-04-22,39.3,24.01,51.05,0.08,0.46
2011-04-23,39.26,26.03,51.02,1.9,0.46
2011-04-24,37.44,25.52,45.54,0.82,0.46
2011-04-25,27.93,23.12,63.98,6.92,0.47
2011-04-26,32.53,22.66,67.97,4.83,0.48
2011-04-27,33.76,22.84,66.15,3.65,0.48
2011-04-28,31.95,22.5,73.15,7.28,0.49
2011-04-29,35.17,21.56,67.08,0.05,0.49
2011-04-30,32.13,23.95,67.88,0.81,0.48
2011-05-01,35.0,23.64,64.89,0.78,0.48
2011-05-02,31.16,24.55,74.56,2.99,0.48
2011-05-03,34.59,23.54,67.16,1.69,0.48
2011-05-04,35.68,23.27,65.53,1.42,0.48
2011-05-05,34.42,24.35,69.18,4.52,0.48
2011-05-06,36.27,23.88,60.47,0.45,0.48
2011-05-07,36.91,24.46,56.94,2.45,0.48
2011-05-08,38.23,24.35,55.56,0.38,0.48
2011-05-09,37.57,24.91,60.35,3.29,0.48
2011-05-10,38.46,25.28,58.71,1.75,0.48
2011-05-11,39.18,24.83,58.07,1.59,0.47
2011-05-12,39.08,25.07,56.16,0.04,0.47
2011-05-13,40.13,25.58,52.82,1.08,0.47
2011-05-14,37.85,26.07,57.01,3.23,0.47
2011-05-15,36.45,26.12,62.12,3.78,0.47
2011-05-16,35.22,25.89,63.64,0.52,0.47
2011-05-17,32.97,26.29,68.39,2.83,0.47
2011-05-18,31.69,25.2,75.7,6.67,0.48
2011-05-19,31.86,24.7,75.12,1.27,0.48
2011-05-20,33.03,24.73,71.02,1.32,0.48
2011-05-21,32.73,25.22,77.29,5.8,0.49
2011-05-22,32.69,24.98,77.12,3.35,0.49
2011-05-23,33.65,24.83,73.76,0.22,0.49
2011-05-24,32.96,24.83,74.38,0.49,0.49
2011-05-25,36.97,25.03,66.09,1.52,0.49
2011-05-26,33.79,26.16,65.66,0.42,0.48
2011-05-27,35.9,24.24,62.57,1.36,0.48
2011-05-28,34.17,24.93,70.21,5.04,0.48
2011-05-29,33.18,24.55,74.69,4.77,0.49
2011-05-30,35.28,24.66,67.13,0.62,0.49
2011-05-31,35.04,24.96,68.17,2.79,0.49
2011-06-01,35.35,25.65,65.96,0.17,0.49
2011-06-02,36.38,24.99,65.64,2.49,0.48
2011-06-03,32.97,25.75,73.96,3.87,0.49
2011-06-04,32.68,25.54,77.35,4.65,0.49
2011-06-05,34.28,25.43,74.66,12.23,0.5
2011-06-06,30.81,25.07,80.49,0.61,0.51
2011-06-07,31.59,25.35,80.14,3.74,0.51
2011-06-08,31.6,24.71,76.24,0.64,0.51
2011-06-09,33.58,25.35,74.74,1.1,0.51
2011-06-10,35.57,24.63,68.86,0.71,0.5
2011-06-11,35.98,25.55,64.37,0.86,0.5
2011-06-12,34.5,25.0,72.07,5.92,0.5
2011-06-13,35.18,25.5,73.4,1.47,0.5
2011-06-14,33.74,24.86,73.52,4.28,0.51
2011-06-15,34.39,25.11,74.11,5.97,0.51
2011-06-16,32.66,25.02,77.3,15.27,0.52
2011-06-17,32.18,25.1,78.99,10.6,0.54
2011-06-18,32.23,24.77,81.35,17.61,0.56
2011-06-19,34.03,24.55,74.91,1.5,0.57
2011-06-20,32.17,25.13,78.61,4.1,0.56
2011-06-21,33.47,24.64,71.73,0.7,0.56
2011-06-22,34.81,23.48,70.98,1.93,0.55
2011-06-23,32.54,24.84,78.9,5.9,0.56
2011-06-24,32.48,24.98,82.07,6.33,0.56
2011-06-25,31.4,25.0,84.44,7.2,0.57
2011-06-26,31.95,24.59,80.17,17.51,0.59
2011-06-27,32.11,23.87,78.94,12.35,0.6
2011-06-28,31.35,23.66,78.99,9.71,0.61
2011-06-29,32.23,23.24,79.64,5.3,0.61
2011-06-30,31.22,23.75,81.18,8.5,0.61
2011-07-01,32.18,23.76,83.63,14.23,0.63
2011-07-02,29.99,24.11,85.87,7.61,0.64
2011-07-03,28.74,23.65,87.65,3.99,0.64
2011-07-04,29.33,23.18,83.73,1.11,0.64
2011-07-05,31.51,23.34,81.27,3.68,0.63
2011-07-06,30.78,23.05,81.47,0.38,0.63
2011-07-07,31.18,23.32,80.12,1.22,0.62
2011-07-08,33.09,22.55,77.4,1.94,0.62
2011-07-09,32.51,23.81,81.5,8.17,0.62
2011-07-10,32.16,24.47,81.15,3.19,0.62
2011-07-11,32.88,24.66,77.03,0.0,0.61
2011-07-12,33.47,24.11,75.92,0.2,0.61
2011-07-13,32.59,25.04,79.01,1.72,0.6
2011-07-14,32.98,24.9,77.43,1.85,0.6
2011-07-15,31.46,24.12,82.35,6.72,0.6
2011-07-16,31.56,24.05,83.09,1.61,0.6
2011-07-17,31.53,23.93,82.28,5.23,0.6
2011-07-18,32.41,24.18,80.22,17.67,0.61
2011-07-19,29.77,24.62,87.3,26.99,0.64
2011-07-20,29.75,24.42,86.65,16.5,0.68
2011-07-21,29.23,24.28,85.07,7.1,0.68
2011-07-22,31.28,23.6,84.98,9.64,0.68
2011-07-23,31.76,23.11,81.73,0.14,0.68
2011-07-24,31.09,22.72,80.98,2.36,0.67
2011-07-25,32.04,23.63,80.5,1.61,0.66
2011-07-26,32.99,24.42,79.25,0.24,0.65
2011-07-27,32.02,24.0,79.54,0.23,0.64
2011-07-28,29.93,24.53,84.16,0.02,0.64
2011-07-29,33.02,24.24,78.36,0.55,0.63
2011-07-30,33.26,23.83,77.8,2.54,0.63
2011-07-31,32.12,24.49,85.4,31.38,0.65
2011-08-01,31.4,24.31,86.86,15.53,0.68
2011-08-02,31.46,23.54,85.69,9.19,0.69
2011-08-03,29.73,24.44,88.04,4.31,0.69
2011-08-04,30.56,24.14,88.13,7.7,0.69
2011-08-05,31.59,24.43,85.76,9.8,0.7
2011-08-06,31.24,24.24,86.13,17.16,0.71
2011-08-07,29.92,24.47,88.71,8.5,0.71
2011-08-08,30.2,24.4,87.32,24.95,0.73
2011-08-09,29.59,23.8,87.75,16.51,0.74
2011-08-10,30.17,23.16,85.75,2.16,0.75
2011-08-11,31.49,23.45,85.18,1.62,0.74
2011-08-12,29.75,24.04,86.79,2.93,0.73
2011-08-13,28.86,23.38,88.8,0.43,0.73
2011-08-14,30.08,23.52,83.75,0.09,0.72
2011-08-15,29.33,24.39,87.45,2.7,0.72
2011-08-16,29.92,23.91,85.38,7.83,0.72
2011-08-17,30.04,22.82,85.01,4.7,0.72
2011-08-18,29.28,22.73,84.85,0.27,0.72
2011-08-19,30.87,23.07,82.74,1.61,0.71
2011-08-20,28.7,23.68,88.2,1.36,0.71
2011-08-21,29.79,23.09,87.87,3.45,0.7
2011-08-22,30.65,23.35,86.45,4.23,0.7
2011-08-23,31.29,22.79,84.51,3.89,0.7
2011-08-24,30.42,23.76,86.61,1.37,0.69
2011-08-25,29.95,23.43,86.76,1.91,0.69
2011-08-26,31.04,23.97,84.31,1.56,0.68
2011-08-27,30.75,24.04,84.76,1.61,0.68
2011-08-28,30.87,23.84,82.55,2.6,0.67
2011-08-29,31.62,24.3,83.1,2.09,0.67
2011-08-30,30.11,24.65,87.25,4.46,0.67
2011-08-31,28.65,24.28,90.65,9.99,0.67
2011-09-01,29.76,23.71,87.44,8.44,0.68
2011-09-02,29.52,23.06,87.74,6.08,0.69
2011-09-03,30.27,22.17,83.41,0.27,0.68
2011-09-04,31.28,23.3,83.02,2.17,0.67
2011-09-05,29.4,24.4,90.16,5.02,0.67
2011-09-06,29.38,23.95,90.05,13.79,0.68
2011-09-07,28.08,23.29,89.4,6.11,0.69
2011-09-08,29.72,22.82,88.32,8.32,0.7
2011-09-09,30.92,22.96,85.62,3.54,0.7
2011-09-10,32.23,23.48,81.12,2.61,0.69
2011-09-11,34.22,24.26,76.0,1.26,0.68
2011-09-12,32.83,25.06,78.38,2.34,0.68
2011-09-13,30.27,24.08,88.45,2.54,0.67
2011-09-14,28.34,24.32,92.09,6.47,0.67
2011-09-15,30.37,23.82,88.29,16.69,0.69
2011-09-16,29.55,23.69,88.75,0.82,0.7
2011-09-17,31.09,23.51,86.04,2.11,0.69
2011-09-18,31.7,23.39,85.91,0.23,0.68
2011-09-19,31.05,24.14,84.33,2.62,0.67
2011-09-20,29.12,23.46,89.22,1.48,0.67
2011-09-21,29.58,23.73,88.52,1.04,0.67
2011-09-22,30.46,23.9,85.39,1.41,0.66
2011-09-23,31.17,22.92,82.93,0.16,0.65
2011-09-24,31.32,22.09,81.29,0.36,0.65
2011-09-25,31.32,22.49,80.43,0.23,0.64
2011-09-26,32.26,23.25,82.0,6.19,0.64
2011-09-27,31.75,23.7,84.17,4.41,0.64
2011-09-28,31.85,23.9,83.09,3.25,0.63
2011-09-29,27.34,23.73,90.18,0.42,0.63
2011-09-30,32.17,22.58,81.4,1.99,0.63
2011-10-01,31.56,23.84,83.09,18.28,0.64
2011-10-02,29.77,24.35,84.81,4.82,0.65
2011-10-03,30.56,23.57,83.52,1.79,0.65
2011-10-04,27.72,23.23,88.28,0.83,0.65
2011-10-05,29.98,22.46,84.8,1.79,0.64
2011-10-06,30.13,22.68,81.65,0.26,0.64
2011-10-07,30.73,23.5,77.71,0.09,0.63
2011-10-08,30.31,23.94,81.66,0.94,0.63
2011-10-09,30.23,24.04,80.87,2.33,0.62
2011-10-10,32.68,23.76,76.68,1.04,0.62
2011-10-11,34.15,23.62,75.28,0.0,0.61
2011-10-12,33.23,25.27,76.11,0.03,0.61
2011-10-13,33.42,25.05,76.29,0.0,0.6
2011-10-14,32.55,24.28,79.24,0.18,0.6
2011-10-15,33.65,23.81,76.93,5.12,0.6
2011-10-16,29.35,24.46,85.26,5.05,0.6
2011-10-17,29.12,23.33,88.19,7.62,0.61
2011-10-18,26.39,22.82,91.1,8.49,0.62
2011-10-19,27.29,22.34,89.88,1.52,0.62
2011-10-20,28.89,22.23,85.35,0.07,0.62
2011-10-21,30.82,21.49,80.89,1.99,0.61
2011-10-22,31.88,22.3,79.64,4.27,0.61
2011-10-23,32.59,21.66,75.82,0.0,0.6
2011-10-24,33.68,21.64,72.14,0.0,0.6
2011-10-25,33.13,23.03,70.69,0.01,0.59
2011-10-26,31.83,23.21,77.2,0.51,0.59
2011-10-27,31.38,22.95,79.03,3.07,0.59
2011-10-28,33.08,22.05,71.27,0.07,0.58
2011-10-29,32.07,22.65,72.24,1.79,0.58
2011-10-30,31.32,21.87,75.97,5.17,0.58
2011-10-31,31.78,20.84,74.76,0.0,0.58
2011-11-01,32.1,20.5,73.13,0.03,0.57
2011-11-02,31.61,18.71,70.54,1.1,0.57
2011-11-03,31.12,19.21,68.08,2.11,0.56
2011-11-04,31.91,17.66,65.62,0.0,0.56
2011-11-05,31.74,18.35,62.52,0.0,0.55
2011-11-06,31.1,18.37,69.11,0.0,0.55
2011-11-07,31.25,17.76,70.25,0.0,0.54
2011-11-08,31.56,16.92,63.95,0.0,0.54
2011-11-09,31.62,17.43,61.43,3.03,0.54
2011-11-10,31.61,17.51,62.25,0.0,0.54
2011-11-11,32.03,17.95,60.86,0.0,0.53
2011-11-12,31.63,17.63,63.06,0.0,0.53
2011-11-13,32.06,18.93,63.04,0.0,0.53
2011-11-14,31.97,19.3,62.14,0.0,0.52
2011-11-15,32.71,19.13,60.63,0.0,0.52
2011-11-16,30.93,19.64,62.05,0.04,0.52
2011-11-17,32.02,17.38,54.45,0.0,0.51
2011-11-18,31.69,15.66,57.95,0.0,0.51
2011-11-19,31.87,15.96,56.35,0.0,0.51
2011-11-20,32.75,16.88,55.85,0.0,0.5
2011-11-21,32.76,17.99,56.92,0.0,0.5
2011-11-22,33.09,18.15,58.35,0.0,0.5
2011-11-23,33.62,18.44,58.38,0.0,0.5
2011-11-24,33.71,21.11,58.21,0.0,0.49
2011-11-25,34.09,21.32,60.52,0.0,0.49
2011-11-26,33.52,20.01,58.35,0.0,0.49
2011-11-27,32.89,19.83,59.1,0.0,0.49
2011-11-28,32.56,18.59,59.87,0.0,0.48
2011-11-29,31.58,16.32,55.75,0.0,0.48
2011-11-30,31.82,16.07,56.89,0.0,0.48
2011-12-01,32.09,17.41,56.36,0.0,0.48
2011-12-02,32.91,17.64,54.42,0.0,0.48
2011-12-03,31.43,18.21,57.57,0.0,0.48
2011-12-04,30.83,19.86,61.93,0.0,0.47
2011-12-05,31.36,19.25,65.67,0.07,0.47
2011-12-06,31.08,21.21,67.52,0.0,0.47
2011-12-07,33.97,20.24,54.91,0.0,0.47
2011-12-08,34.67,20.93,50.67,0.0,0.47
2011-12-09,34.81,20.35,49.83,0.0,0.47
2011-12-10,34.94,18.25,45.26,0.07,0.47
2011-12-11,32.36,17.95,54.96,0.0,0.47
2011-12-12,31.61,17.35,53.21,0.0,0.47
2011-12-13,30.67,15.24,42.74,0.0,0.47
2011-12-14,30.98,13.86,44.63,0.0,0.47
2011-12-15,31.25,13.92,45.22,0.0,0.47
2011-12-16,31.62,13.92,43.12,0.0,0.47
2011-12-17,32.04,14.19,41.24,0.0,0.47
2011-12-18,31.73,13.71,37.42,0.0,0.46
2011-12-19,31.02,14.86,39.07,0.0,0.46
2011-12-20,31.35,13.9,41.22,0.0,0.46
2011-12-21,31.99,16.07,38.92,0.0,0.46
2011-12-22,32.06,15.23,41.01,0.0,0.46
2011-12-23,32.62,15.23,41.97,0.0,0.46
2011-12-24,31.95,16.16,41.11,0.0,0.46
2011-12-25,30.59,19.56,54.38,0.0,0.46
2011-12-26,28.01,19.86,63.51,0.34,0.46
2011-12-27,24.68,18.89,81.64,7.68,0.46
2011-12-28,28.23,19.29,75.39,2.12,0.48
2011-12-29,30.97,19.68,67.45,0.0,0.48
2011-12-30,33.07,19.6,59.57,0.0,0.47
2011-12-31,33.49,20.13,58.68,0.0,0.47
2012-01-01,34.16,21.06,57.91,0.0,0.47
2012-01-02,34.26,20.28,59.8,0.01,0.47
2012-01-03,33.49,19.74,55.67,1.49,0.47
2012-01-04,32.68,18.34,58.51,0.0,0.47
2012-01-05,31.09,16.82,61.87,0.0,0.47
2012-01-06,31.18,15.93,59.45,0.0,0.47
2012-01-07,31.98,15.39,50.85,0.0,0.47
2012-01-08,32.3,16.22,45.47,0.0,0.47
2012-01-09,32.97,16.32,45.16,0.0,0.47
2012-01-10,31.45,15.76,45.28,0.0,0.46
2012-01-11,32.05,15.12,41.94,0.0,0.46
2012-01-12,32.55,15.75,39.12,0.19,0.46
2012-01-13,31.06,15.0,53.96,0.41,0.46
2012-01-14,27.28,10.07,42.42,0.13,0.46
2012-01-15,29.14,9.82,38.82,0.0,0.46
2012-01-16,29.57,11.64,36.75,0.0,0.46
2012-01-17,30.41,12.03,46.08,0.0,0.46
2012-01-18,31.56,13.36,42.88,0.0,0.46
2012-01-19,31.43,13.91,38.47,0.0,0.46
2012-01-20,30.02,12.0,37.69,0.0,0.46
2012-01-21,31.18,11.87,38.26,0.0,0.46
2012-01-22,30.36,12.99,45.21,0.0,0.46
2012-01-23,32.38,12.18,37.67,0.0,0.46
2012-01-24,31.5,11.41,38.03,0.0,0.46
2012-01-25,30.09,11.55,31.21,0.0,0.46
2012-01-26,30.89,11.36,29.53,0.0,0.46
2012-01-27,31.39,11.63,30.35,0.0,0.46
2012-01-28,31.65,12.79,32.62,0.0,0.46
2012-01-29,31.85,12.76,33.3,0.0,0.46
2012-01-30,32.77,12.73,30.75,0.0,0.46
2012-01-31,33.41,13.33,28.99,0.0,0.46
2012-02-01,33.59,13.84,30.3,0.0,0.46
2012-02-02,31.89,14.81,30.43,0.0,0.46
2012-02-03,33.69,13.14,29.97,0.0,0.46
2012-02-04,33.72,13.51,32.6,0.0,0.46
2012-02-05,34.58,13.98,34.52,0.0,0.46
2012-02-06,34.57,14.6,39.12,0.0,0.46
2012-02-07,34.62,14.51,27.83,0.0,0.46
2012-02-08,36.52,15.52,25.64,0.0,0.46
2012-02-09,36.34,15.52,37.81,0.0,0.46
2012-02-10,34.65,15.35,46.5,0.0,0.46
2012-02-11,33.92,15.45,53.48,0.0,0.46
2012-02-12,33.97,15.29,39.23,0.0,0.46
2012-02-13,34.38,15.22,26.94,0.0,0.46
2012-02-14,35.91,15.5,20.9,0.0,0.46
2012-02-15,36.29,16.82,24.68,0.0,0.46
2012-02-16,36.47,16.62,27.92,0.0,0.46
2012-02-17,37.14,18.67,26.97,0.0,0.46
2012-02-18,36.24,18.42,33.23,0.0,0.46
2012-02-19,36.58,16.96,36.23,0.0,0.46
2012-02-20,34.28,16.31,39.85,0.0,0.46
2012-02-21,34.23,15.29,38.15,0.0,0.46
2012-02-22,34.92,16.09,43.08,0.0,0.46
2012-02-23,36.89,16.24,33.09,0.0,0.46
2012-02-24,36.4,16.25,37.65,0.0,0.46
2012-02-25,37.62,16.89,26.88,0.0,0.46
2012-02-26,37.77,17.41,26.49,0.0,0.46
2012-02-27,35.49,16.49,43.96,0.0,0.46
2012-02-28,35.67,17.07,48.62,0.04,0.46
2012-02-29,35.49,16.71,48.55,0.0,0.46
2012-03-01,35.51,18.43,53.51,0.52,0.46
2012-03-02,34.91,19.67,62.91,3.05,0.46
2012-03-03,33.19,19.62,67.85,5.66,0.47
2012-03-04,33.57,20.01,57.28,0.0,0.47
2012-03-05,33.78,17.61,50.32,0.0,0.47
2012-03-06,36.23,18.76,42.79,0.0,0.47
2012-03-07,36.94,18.32,50.08,0.0,0.46
2012-03-08,37.13,18.72,45.78,0.0,0.46
2012-03-09,36.63,18.18,38.4,0.0,0.46
2012-03-10,38.18,19.47,41.23,0.0,0.46
2012-03-11,38.86,21.82,36.6,0.0,0.46
2012-03-12,39.46,23.09,29.43,0.0,0.46
2012-03-13,39.04,22.32,28.31,0.8,0.46
2012-03-14,39.49,22.67,30.63,0.0,0.46
2012-03-15,39.02,21.34,37.2,0.0,0.46
2012-03-16,35.9,18.3,45.73,0.0,0.46
2012-03-17,35.87,18.68,26.76,0.0,0.46
2012-03-18,36.62,18.2,34.08,0.0,0.46
2012-03-19,36.99,20.14,46.48,0.0,0.46
2012-03-20,38.63,20.24,49.01,0.0,0.46
2012-03-21,37.84,21.72,58.09,0.0,0.46
2012-03-22,38.73,22.15,52.04,0.0,0.46
2012-03-23,38.81,22.07,48.41,0.0,0.46
2012-03-24,40.06,22.39,45.84,0.0,0.46
2012-03-25,40.19,20.84,41.67,0.0,0.46
2012-03-26,39.5,20.3,30.41,0.0,0.46
2012-03-27,39.39,19.34,39.46,0.0,0.46
2012-03-28,39.81,19.23,43.67,0.0,0.46
2012-03-29,37.93,20.75,46.72,0.0,0.46
2012-03-30,39.18,20.7,43.46,0.0,0.46
2012-03-31,36.59,23.22,39.37,0.0,0.46
2012-04-01,34.14,25.49,41.25,0.0,0.46
2012-04-02,36.79,25.03,43.45,0.0,0.46
2012-04-03,36.61,24.94,43.81,0.0,0.46
2012-04-04,36.92,25.14,53.12,11.95,0.47
2012-04-05,35.79,23.35,59.19,0.01,0.48
2012-04-06,31.47,23.66,69.55,8.75,0.48
2012-04-07,35.67,22.38,61.0,0.08,0.49
2012-04-08,35.96,21.47,60.97,2.21,0.48
2012-04-09,35.61,21.16,60.6,1.25,0.48
2012-04-10,32.76,21.26,68.7,2.34,0.48
2012-04-11,36.17,20.49,60.41,0.0,0.48
2012-04-12,37.33,21.14,57.11,0.54,0.48
2012-04-13,36.51,22.43,57.95,0.06,0.47
2012-04-14,38.95,23.01,48.95,0.0,0.47
2012-04-15,41.05,22.32,46.5,0.0,0.47
2012-04-16,39.73,22.64,47.52,0.0,0.47
2012-04-17,39.85,23.36,49.07,0.0,0.46
2012-04-18,39.42,23.99,48.49,0.0,0.46
2012-04-19,40.35,23.66,49.94,0.0,0.46
2012-04-20,41.11,24.52,46.8,0.01,0.46
2012-04-21,40.69,24.93,47.37,0.02,0.46
2012-04-22,40.4,23.63,54.27,1.87,0.46
2012-04-23,39.44,25.29,53.77,0.0,0.46
2012-04-24,39.11,24.98,54.14,1.61,0.46
2012-04-25,37.75,26.03,54.15,0.0,0.46
2012-04-26,38.84,25.57,52.29,0.05,0.46
2012-04-27,40.86,25.3,51.0,1.5,0.46
2012-04-28,36.69,25.35,63.28,4.17,0.47
2012-04-29,33.19,25.53,69.29,1.58,0.47
2012-04-30,34.91,24.76,68.99,6.51,0.48
2012-05-01,34.3,24.5,65.77,1.53,0.48
2012-05-02,38.25,24.32,55.03,0.04,0.48
2012-05-03,38.76,25.29,55.71,0.0,0.47
2012-05-04,35.09,25.85,59.53,3.14,0.47
2012-05-05,35.08,25.6,58.01,2.85,0.47
2012-05-06,36.37,23.54,54.61,0.72,0.47
2012-05-07,35.38,26.01,62.38,7.14,0.48
2012-05-08,37.22,25.28,60.02,0.22,0.48
2012-05-09,38.66,26.07,52.8,0.11,0.47
2012-05-10,40.22,25.21,50.02,0.0,0.47
2012-05-11,40.0,25.42,52.49,0.9,0.47
2012-05-12,39.28,26.11,56.81,4.19,0.47
2012-05-13,39.37,25.42,57.45,0.03,0.47
2012-05-14,38.73,26.56,57.92,0.75,0.47
2012-05-15,38.54,26.28,61.14,2.24,0.47
2012-05-16,37.2,26.67,57.54,0.15,0.47
2012-05-17,40.14,26.05,51.88,0.11,0.47
2012-05-18,41.17,26.85,49.1,0.11,0.47
2012-05-19,39.48,27.04,54.4,3.16,0.47
2012-05-20,39.4,26.67,53.84,0.0,0.47
2012-05-21,39.41,27.65,54.62,0.07,0.47
2012-05-22,39.59,27.23,56.53,0.75,0.46
2012-05-23,41.06,26.51,54.4,0.63,0.46
2012-05-24,39.09,25.92,61.08,9.74,0.48
2012-05-25,39.12,25.98,59.98,1.82,0.48
2012-05-26,37.65,27.13,60.31,1.9,0.47
2012-05-27,37.67,26.41,60.6,1.33,0.47
2012-05-28,36.71,26.56,60.27,1.99,0.47
2012-05-29,34.35,26.13,69.49,6.82,0.48
2012-05-30,33.82,25.49,76.4,1.57,0.48
2012-05-31,34.5,25.33,76.16,12.18,0.49
2012-06-01,33.87,26.15,73.88,1.27,0.5
2012-06-02,33.67,25.76,76.15,2.1,0.5
2012-06-03,34.46,25.76,75.2,8.3,0.5
2012-06-04,35.32,25.8,73.68,8.79,0.51
2012-06-05,34.39,25.5,72.77,3.6,0.52
2012-06-06,37.67,25.29,65.76,0.55,0.51
2012-06-07,38.12,25.66,65.75,6.65,0.51
2012-06-08,33.87,26.67,73.59,3.84,0.52
2012-06-09,33.28,26.11,76.14,13.01,0.53
2012-06-10,34.55,24.98,72.98,0.55,0.53
2012-06-11,35.71,25.26,70.35,1.4,0.53
2012-06-12,35.29,25.62,75.13,4.63,0.53
2012-06-13,30.72,25.64,85.96,34.59,0.56
2012-06-14,29.28,24.87,90.11,60.67,0.64
2012-06-15,30.35,24.41,84.96,6.17,0.68
2012-06-16,30.23,24.26,85.76,3.07,0.67
2012-06-17,30.8,23.78,83.82,0.96,0.66
2012-06-18,32.14,24.28,80.62,2.91,0.66
2012-06-19,32.75,24.79,80.72,4.24,0.66
2012-06-20,31.64,24.42,83.36,6.4,0.65
2012-06-21,31.38,24.64,83.49,8.4,0.66
2012-06-22,31.56,24.15,84.25,12.29,0.67
2012-06-23,30.38,24.2,82.85,5.47,0.67
2012-06-24,29.93,23.58,84.52,11.55,0.68
2012-06-25,30.14,24.12,81.55,6.6,0.68
2012-06-26,30.99,23.89,82.42,11.84,0.69
2012-06-27,31.37,24.38,83.62,2.21,0.68
2012-06-28,31.92,23.58,81.13,4.21,0.68
2012-06-29,31.69,23.47,81.29,1.06,0.67
2012-06-30,32.02,24.31,80.36,0.7,0.66
2012-07-01,31.75,23.97,80.76,1.69,0.66
2012-07-02,29.89,23.7,86.21,0.89,0.65
2012-07-03,30.98,24.02,82.57,5.79,0.65
2012-07-04,31.67,23.61,82.24,2.35,0.65
2012-07-05,30.14,23.6,86.39,21.34,0.66
2012-07-06,30.75,23.62,85.58,0.83,0.67
2012-07-07,29.24,23.77,87.02,6.29,0.67
2012-07-08,28.35,23.1,90.36,12.15,0.69
2012-07-09,30.2,22.64,85.49,7.0,0.69
2012-07-10,30.79,22.98,84.64,10.02,0.7
2012-07-11,31.62,23.23,83.5,8.45,0.7
2012-07-12,32.26,23.42,82.1,1.09,0.69
2012-07-13,30.48,24.39,84.1,3.19,0.69
2012-07-14,31.28,23.91,84.41,6.48,0.69
2012-07-15,30.82,23.6,85.13,13.58,0.7
2012-07-16,30.83,23.55,86.0,9.09,0.7
2012-07-17,31.12,23.9,86.19,11.56,0.71
2012-07-18,30.39,24.51,85.05,11.7,0.71
2012-07-19,30.27,24.14,85.25,0.31,0.71
2012-07-20,30.29,24.26,87.07,3.84,0.71
2012-07-21,31.61,23.72,82.51,1.46,0.7
2012-07-22,31.0,23.53,84.54,7.51,0.7
2012-07-23,28.61,24.0,86.88,11.09,0.71
2012-07-24,28.99,24.21,87.34,22.81,0.73
2012-07-25,30.16,23.86,84.73,0.75,0.73
2012-07-26,28.71,23.12,86.5,11.47,0.73
2012-07-27,28.21,22.96,87.65,14.31,0.74
2012-07-28,28.83,23.09,86.7,9.38,0.75
2012-07-29,26.96,22.5,91.51,11.23,0.76
2012-07-30,29.92,22.96,86.74,9.99,0.76
2012-07-31,29.72,23.9,85.81,7.9,0.76
2012-08-01,30.36,23.9,85.17,10.2,0.76
2012-08-02,31.14,23.83,84.77,0.78,0.76
2012-08-03,29.86,23.92,89.54,7.9,0.76
2012-08-04,29.63,24.07,89.83,13.05,0.77
2012-08-05,29.23,24.08,89.63,1.56,0.77
2012-08-06,30.21,23.72,86.55,3.58,0.76
2012-08-07,29.35,23.53,88.58,4.31,0.76
2012-08-08,30.03,23.87,86.96,4.72,0.76
2012-08-09,31.32,23.93,84.36,2.64,0.75
2012-08-10,29.86,23.67,86.04,3.39,0.75
2012-08-11,30.78,23.69,86.51,4.45,0.75
2012-08-12,27.35,23.56,90.95,17.92,0.75
2012-08-13,30.21,23.24,86.3,3.59,0.76
2012-08-14,31.24,22.84,84.39,0.46,0.75
2012-08-15,30.14,23.65,88.09,0.68,0.74
2012-08-16,28.31,23.76,90.97,3.16,0.74
2012-08-17,31.11,23.2,86.48,0.13,0.74
2012-08-18,31.3,22.6,84.75,2.4,0.73
2012-08-19,26.98,22.91,91.36,22.55,0.74
2012-08-20,28.24,21.88,87.66,4.82,0.75
2012-08-21,30.73,20.94,84.6,1.23,0.75
2012-08-22,30.63,22.55,84.82,1.06,0.74
2012-08-23,30.63,23.66,85.65,2.79,0.73
2012-08-24,31.56,24.42,86.04,3.7,0.73
2012-08-25,31.31,24.43,85.38,0.92,0.72
2012-08-26,31.24,24.37,87.01,0.33,0.71
2012-08-27,30.53,23.86,86.99,2.49,0.71
2012-08-28,30.71,24.06,85.7,0.75,0.7
2012-08-29,30.76,24.14,84.79,0.56,0.7
2012-08-30,30.99,23.89,84.6,3.43,0.69
2012-08-31,31.04,23.71,86.24,2.36,0.69
2012-09-01,31.62,23.72,84.41,0.23,0.68
2012-09-02,31.6,23.47,83.67,1.77,0.67
2012-09-03,31.34,23.64,85.41,7.79,0.67
2012-09-04,29.61,23.47,87.79,15.3,0.69
2012-09-05,30.95,22.66,84.18,2.85,0.69
2012-09-06,33.38,23.57,80.01,0.96,0.68
2012-09-07,31.19,25.31,80.54,2.15,0.68
2012-09-08,31.04,24.35,83.38,1.52,0.67
2012-09-09,28.72,24.23,90.74,6.23,0.67
2012-09-10,29.86,23.82,89.12,9.48,0.68
2012-09-11,30.36,23.34,86.47,3.66,0.68
2012-09-12,31.43,22.79,85.94,6.56,0.68
2012-09-13,31.17,23.24,85.33,8.77,0.68
2012-09-14,30.69,23.46,86.85,7.67,0.69
2012-09-15,30.47,24.04,85.43,0.79,0.68
2012-09-16,31.57,23.17,84.48,0.48,0.67
2012-09-17,31.58,23.6,83.28,0.36,0.66
2012-09-18,31.97,24.03,82.19,0.18,0.66
2012-09-19,31.42,24.29,83.18,0.54,0.65
2012-09-20,31.99,23.87,82.47,0.0,0.64
2012-09-21,32.73,23.38,80.34,0.08,0.64
2012-09-22,31.14,24.02,84.18,3.46,0.63
2012-09-23,32.35,23.55,82.02,0.29,0.63
2012-09-24,31.55,24.29,83.0,0.35,0.62
2012-09-25,30.63,24.27,84.52,0.59,0.62
2012-09-26,32.81,24.25,79.11,0.33,0.61
2012-09-27,31.73,25.17,81.59,1.23,0.61
2012-09-28,31.38,24.45,81.43,1.13,0.61
2012-09-29,32.87,24.48,80.32,0.87,0.6
2012-09-30,33.0,24.47,78.91,0.78,0.6
2012-10-01,30.67,24.24,84.3,3.49,0.6
2012-10-02,31.7,23.99,82.87,0.31,0.6
2012-10-03,31.6,24.03,82.92,2.89,0.6
2012-10-04,30.94,23.55,83.04,0.26,0.59
2012-10-05,33.0,23.24,78.83,1.51,0.59
2012-10-06,32.38,23.23,76.79,5.85,0.59
2012-10-07,33.06,22.58,75.48,0.02,0.59
2012-10-08,33.79,24.18,75.34,0.16,0.58
2012-10-09,34.46,24.12,75.11,2.26,0.57
2012-10-10,29.18,23.43,84.12,0.78,0.57
2012-10-11,31.74,22.42,78.57,1.44,0.57
2012-10-12,33.32,22.78,74.53,0.01,0.57
2012-10-13,33.66,21.6,73.24,0.13,0.56
2012-10-14,32.54,21.63,78.96,21.77,0.58
2012-10-15,33.17,22.43,75.83,1.28,0.59
2012-10-16,33.88,23.13,72.95,0.03,0.58
2012-10-17,33.71,23.25,70.41,1.07,0.57
2012-10-18,33.3,24.02,71.71,0.0,0.57
2012-10-19,34.17,23.6,71.1,0.0,0.56
2012-10-20,34.9,22.6,68.86,0.0,0.56
2012-10-21,35.28,22.84,69.51,0.53,0.55
2012-10-22,36.12,23.24,67.23,0.0,0.55
2012-10-23,35.92,23.44,65.27,0.0,0.54
2012-10-24,35.63,22.34,65.66,0.0,0.54
2012-10-25,35.03,21.2,63.83,0.0,0.53
2012-10-26,34.84,20.97,63.35,0.34,0.53
2012-10-27,33.56,21.83,65.74,3.3,0.53
2012-10-28,34.29,22.86,66.5,0.0,0.53
2012-10-29,35.41,23.25,66.25,0.0,0.52
2012-10-30,36.2,22.85,65.61,0.0,0.52
2012-10-31,36.6,22.77,64.07,0.0,0.51
2012-11-01,35.66,23.07,64.76,0.08,0.51
2012-11-02,35.37,22.3,63.37,0.0,0.51
2012-11-03,34.57,22.3,67.9,0.13,0.5
2012-11-04,33.21,23.06,69.22,0.01,0.5
2012-11-05,35.78,22.22,62.3,0.02,0.5
2012-11-06,35.41,20.9,62.22,0.25,0.49
2012-11-07,35.04,21.28,64.37,1.41,0.49
2012-11-08,35.05,21.33,67.88,0.05,0.49
2012-11-09,34.41,21.71,66.64,0.0,0.49
2012-11-10,34.09,20.39,61.11,0.0,0.48
2012-11-11,34.6,18.89,56.48,0.0,0.48
2012-11-12,35.57,18.62,53.08,0.0,0.48
2012-11-13,33.9,21.1,54.24,0.27,0.48
2012-11-14,33.08,22.08,61.43,0.5,0.48
2012-11-15,30.73,22.64,70.84,1.31,0.48
2012-11-16,28.95,21.94,75.04,0.14,0.48
2012-11-17,33.1,21.69,65.7,0.0,0.48
2012-11-18,35.15,22.79,59.87,0.68,0.48
2012-11-19,30.15,23.5,78.87,8.64,0.48
2012-11-20,31.03,22.67,81.39,8.64,0.5
2012-11-21,32.78,22.86,72.41,0.0,0.5
2012-11-22,34.33,20.4,68.4,0.0,0.5
2012-11-23,33.67,18.84,63.84,0.0,0.49
2012-11-24,33.49,16.64,59.81,0.01,0.49
2012-11-25,33.15,16.84,52.84,0.0,0.49
2012-11-26,32.69,14.54,51.48,0.0,0.48
2012-11-27,31.89,14.9,54.47,0.84,0.48
2012-11-28,32.11,12.9,51.9,0.01,0.48
2012-11-29,32.17,15.31,58.06,0.01,0.48
2012-11-30,33.29,18.16,53.53,0.51,0.48
2012-12-01,32.99,18.53,54.5,0.19,0.47
2012-12-02,29.69,20.1,63.09,2.01,0.48
2012-12-03,34.04,18.53,51.13,0.0,0.47
2012-12-04,34.63,17.46,48.44,0.0,0.47
2012-12-05,34.01,15.15,52.82,0.0,0.47
2012-12-06,33.14,15.18,50.45,0.0,0.47
2012-12-07,32.81,14.63,50.79,0.0,0.47
2012-12-08,32.29,13.85,46.82,0.0,0.47
2012-12-09,31.28,13.43,46.8,0.0,0.47
2012-12-10,32.09,13.98,44.03,0.0,0.47
2012-12-11,32.06,14.49,44.5,0.0,0.47
2012-12-12,32.44,15.9,45.92,0.0,0.46
2012-12-13,32.93,16.57,47.98,0.0,0.46
2012-12-14,33.36,16.38,50.08,0.0,0.46
2012-12-15,32.47,15.07,44.93,0.0,0.46
2012-12-16,32.29,14.7,39.85,0.0,0.46
2012-12-17,33.07,15.47,35.19,0.0,0.46
2012-12-18,33.41,16.1,31.42,0.0,0.46
2012-12-19,33.45,15.1,42.49,0.0,0.46
2012-12-20,31.41,12.52,46.71,0.0,0.46
2012-12-21,32.15,13.29,40.28,0.0,0.46
2012-12-22,32.84,13.3,36.35,0.0,0.46
2012-12-23,32.54,13.87,39.96,0.0,0.46
2012-12-24,32.59,14.2,40.36,0.0,0.46
2012-12-25,33.34,16.87,54.39,0.0,0.46
2012-12-26,33.19,16.81,54.02,0.0,0.46
2012-12-27,33.0,15.95,31.81,0.0,0.46
2012-12-28,33.32,16.6,40.24,0.0,0.46
2012-12-29,33.23,16.23,48.93,0.0,0.46
2012-12-30,33.3,15.83,43.24,0.0,0.46
2012-12-31,32.94,14.37,44.86,0.0,0.46
2013-01-01,32.13,13.23,44.85,0.0,0.46
2013-01-02,31.62,12.87,44.65,0.0,0.46
2013-01-03,31.65,14.39,44.99,0.0,0.46
2013-01-04,32.52,17.02,51.68,0.0,0.46
2013-01-05,32.33,15.05,52.28,0.0,0.46
2013-01-06,32.74,14.79,48.56,0.0,0.46
2013-01-07,31.8,14.24,51.7,0.0,0.46
2013-01-08,31.16,14.37,56.91,0.0,0.46
2013-01-09,30.21,13.7,50.13,0.0,0.46
2013-01-10,30.59,11.03,28.43,0.0,0.46
2013-01-11,29.28,12.0,33.77,0.0,0.46
2013-01-12,26.62,10.34,35.53,0.0,0.46
2013-01-13,29.03,10.33,38.43,0.0,0.46
2013-01-14,30.11,12.46,46.29,0.0,0.46
2013-01-15,30.68,13.94,40.07,0.0,0.46
2013-01-16,31.55,13.94,37.13,0.0,0.46
2013-01-17,32.9,16.06,34.42,0.0,0.46
2013-01-18,33.31,17.07,33.05,0.0,0.46
2013-01-19,33.58,17.76,38.61,0.0,0.46
2013-01-20,32.38,16.41,46.76,0.0,0.46
2013-01-21,32.39,15.86,41.04,0.0,0.46
2013-01-22,32.26,15.68,47.94,0.0,0.46
2013-01-23,33.15,14.92,47.0,0.0,0.46
2013-01-24,33.36,13.6,40.0,0.0,0.46
2013-01-25,32.65,13.16,33.11,0.0,0.46
2013-01-26,32.49,13.37,30.28,0.0,0.46
2013-01-27,32.43,13.86,23.83,0.0,0.46
2013-01-28,30.98,12.53,29.14,0.0,0.46
2013-01-29,32.42,14.56,34.65,0.0,0.46
2013-01-30,29.69,14.24,55.01,13.19,0.47
2013-01-31,31.15,12.41,43.74,0.0,0.48
2013-02-01,31.7,14.23,34.09,0.0,0.48
2013-02-02,33.02,17.19,33.0,0.0,0.47
2013-02-03,32.38,16.73,37.96,0.0,0.47
2013-02-04,33.38,17.3,37.49,0.0,0.47
2013-02-05,34.68,17.46,28.34,0.0,0.47
2013-02-06,35.82,17.45,25.73,0.0,0.47
2013-02-07,36.24,15.36,41.81,0.0,0.46
2013-02-08,36.47,16.34,46.09,0.0,0.46
2013-02-09,36.38,15.81,49.24,0.0,0.46
2013-02-10,37.52,17.5,43.32,0.0,0.46
2013-02-11,37.35,17.78,33.91,0.0,0.46
2013-02-12,38.19,18.54,28.03,0.0,0.46
2013-02-13,38.12,19.77,29.08,0.0,0.46
2013-02-14,37.6,19.43,33.25,0.0,0.46
2013-02-15,37.69,18.34,32.69,0.18,0.46
2013-02-16,38.27,20.5,27.23,0.0,0.46
2013-02-17,37.88,20.2,34.72,0.18,0.46
2013-02-18,35.13,18.08,46.56,0.0,0.46
2013-02-19,35.18,18.59,42.68,0.0,0.46
2013-02-20,36.51,15.18,36.55,0.0,0.46
2013-02-21,36.77,15.29,37.83,0.0,0.46
2013-02-22,37.46,16.47,36.8,0.0,0.46
2013-02-23,37.88,18.16,31.83,0.0,0.46
2013-02-24,37.86,21.34,27.46,0.0,0.46
2013-02-25,38.32,19.91,32.68,0.0,0.46
2013-02-26,38.22,18.64,36.67,0.0,0.46
2013-02-27,39.5,19.55,30.61,0.0,0.46
2013-02-28,39.75,18.37,30.49,0.0,0.46
2013-03-01,38.43,18.45,33.97,0.0,0.46
2013-03-02,39.08,16.0,40.33,0.0,0.46
2013-03-03,39.42,20.46,38.01,0.0,0.46
2013-03-04,38.79,20.75,38.35,1.96,0.46
2013-03-05,38.26,21.21,33.89,0.0,0.46
2013-03-06,38.04,20.88,34.77,0.35,0.46
2013-03-07,37.33,19.12,35.49,0.21,0.46
2013-03-08,37.46,20.54,38.89,0.0,0.46
2013-03-09,35.51,17.62,46.78,0.0,0.46
2013-03-10,35.51,18.36,52.67,0.0,0.46
2013-03-11,35.9,18.47,49.46,0.0,0.46
2013-03-12,35.85,18.11,51.05,0.0,0.46
2013-03-13,37.42,18.73,46.66,0.0,0.46
2013-03-14,38.22,20.28,42.92,0.0,0.46
2013-03-15,38.66,21.73,37.53,0.0,0.46
2013-03-16,39.45,20.93,42.11,0.0,0.46
2013-03-17,39.16,20.61,43.74,0.01,0.46
2013-03-18,37.29,20.0,54.06,0.0,0.46
2013-03-19,36.28,18.26,42.6,0.0,0.46
2013-03-20,37.26,19.05,39.69,0.0,0.46
2013-03-21,38.58,19.54,44.23,0.0,0.46
2013-03-22,38.08,19.5,46.68,0.01,0.46
2013-03-23,38.32,19.5,39.71,0.0,0.46
2013-03-24,38.77,20.74,39.15,0.0,0.46
2013-03-25,39.22,20.39,45.96,0.0,0.46
2013-03-26,39.2,21.25,45.15,0.0,0.46
2013-03-27,40.16,22.7,45.62,0.0,0.46
2013-03-28,40.03,22.72,48.06,0.0,0.46
2013-03-29,40.49,22.12,46.7,0.0,0.46
2013-03-30,41.21,23.61,43.1,0.0,0.46
2013-03-31,41.0,23.25,39.26,0.0,0.46
2013-04-01,41.47,22.48,34.63,0.0,0.46
2013-04-02,40.86,22.11,38.86,0.0,0.46
2013-04-03,40.29,22.11,46.01,0.0,0.46
2013-04-04,42.47,22.72,46.52,0.17,0.46
2013-04-05,40.52,23.54,51.11,0.0,0.46
2013-04-06,40.08,22.74,50.11,0.0,0.46
2013-04-07,38.6,21.45,46.28,0.0,0.46
2013-04-08,39.05,21.2,47.7,0.0,0.46
2013-04-09,40.26,22.46,49.27,0.0,0.46
2013-04-10,40.57,23.26,50.25,0.0,0.46
2013-04-11,41.21,22.14,50.07,0.0,0.46
2013-04-12,41.58,21.71,45.86,0.0,0.46
2013-04-13,42.45,21.99,44.04,0.0,0.46
2013-04-14,42.06,23.36,37.38,0.03,0.46
2013-04-15,40.83,22.65,43.21,0.5,0.46
2013-04-16,38.02,23.3,55.35,6.49,0.46
2013-04-17,34.47,22.89,64.16,4.71,0.47
2013-04-18,34.73,22.85,62.55,0.0,0.47
2013-04-19,36.35,23.04,57.56,0.0,0.47
2013-04-20,38.85,23.63,52.02,0.0,0.47
2013-04-21,40.98,24.04,45.83,0.01,0.47
2013-04-22,40.7,23.65,46.66,1.83,0.46
2013-04-23,40.17,24.08,44.9,0.0,0.47
2013-04-24,40.61,22.49,45.02,0.0,0.46
2013-04-25,40.55,23.39,51.58,0.0,0.46
2013-04-26,41.07,24.23,51.69,0.0,0.46
2013-04-27,40.17,23.61,52.28,0.05,0.46
2013-04-28,39.41,23.99,53.14,0.0,0.46
2013-04-29,40.14,24.72,51.9,0.47,0.46
2013-04-30,41.64,25.28,48.97,0.0,0.46
2013-05-01,41.68,24.92,52.2,0.05,0.46
2013-05-02,39.94,25.48,53.7,0.47,0.46
2013-05-03,35.73,25.4,62.15,7.18,0.47
2013-05-04,35.35,24.88,64.79,4.44,0.48
2013-05-05,35.19,23.92,65.82,4.02,0.48
2013-05-06,34.59,23.12,69.7,14.45,0.49
2013-05-07,35.87,23.32,69.6,3.68,0.5
2013-05-08,36.48,24.07,67.15,0.55,0.5
2013-05-09,34.11,23.98,69.09,1.31,0.5
2013-05-10,36.45,24.81,64.31,0.04,0.49
2013-05-11,34.28,25.48,67.31,0.05,0.49
2013-05-12,36.71,25.4,63.8,0.02,0.49
2013-05-13,36.19,25.29,64.66,0.27,0.48
2013-05-14,33.76,25.85,68.7,2.37,0.48
2013-05-15,32.32,26.16,74.01,6.19,0.49
2013-05-16,35.8,25.64,68.34,0.25,0.49
2013-05-17,38.58,25.11,60.83,0.25,0.49
2013-05-18,39.1,24.4,60.58,0.96,0.48
2013-05-19,39.18,25.19,59.87,4.32,0.48
2013-05-20,37.61,24.08,69.01,15.1,0.5
2013-05-21,36.12,24.72,71.84,5.45,0.51
2013-05-22,35.44,25.05,68.8,1.7,0.51
2013-05-23,33.33,24.64,72.69,6.07,0.51
2013-05-24,30.79,23.85,77.38,6.29,0.52
2013-05-25,33.3,24.22,74.51,4.16,0.52
2013-05-26,35.65,23.9,67.93,1.95,0.52
2013-05-27,32.97,25.46,76.87,7.87,0.52
2013-05-28,31.59,24.73,79.73,10.04,0.54
2013-05-29,31.27,24.36,74.95,0.74,0.54
2013-05-30,32.92,24.53,72.72,3.69,0.54
2013-05-31,35.7,23.99,66.6,0.96,0.54
2013-06-01,35.91,24.15,65.31,0.43,0.53
2013-06-02,34.81,25.24,69.85,2.0,0.53
2013-06-03,32.76,25.42,72.44,2.63,0.53
2013-06-04,35.05,24.99,70.91,2.13,0.53
2013-06-05,33.31,24.74,75.42,6.39,0.53
2013-06-06,34.39,23.92,72.94,6.35,0.53
2013-06-07,35.88,23.93,68.89,2.24,0.54
2013-06-08,33.1,24.37,77.16,10.72,0.54
2013-06-09,32.52,25.03,77.19,0.13,0.55
2013-06-10,34.48,24.62,73.47,0.89,0.54
2013-06-11,35.47,25.43,70.03,1.62,0.54
2013-06-12,35.79,25.23,65.18,0.78,0.53
2013-06-13,35.93,25.14,63.04,0.0,0.53
2013-06-14,36.42,24.91,63.2,0.0,0.52
2013-06-15,36.72,25.17,63.52,0.05,0.52
2013-06-16,38.45,25.58,60.73,0.57,0.51
2013-06-17,39.0,26.37,58.86,0.36,0.51
2013-06-18,39.07,25.96,60.18,0.55,0.5
2013-06-19,37.46,26.22,64.31,1.86,0.5
2013-06-20,34.68,26.44,69.34,0.66,0.5
2013-06-21,34.79,25.52,69.64,3.15,0.5
2013-06-22,36.62,24.73,64.49,0.76,0.5
2013-06-23,35.08,25.8,65.21,2.86,0.5
2013-06-24,34.09,25.11,73.38,11.01,0.51
2013-06-25,33.55,24.36,76.68,13.01,0.52
2013-06-26,33.22,24.65,75.31,12.68,0.54
2013-06-27,31.34,24.15,79.8,24.98,0.57
2013-06-28,30.4,24.4,84.13,38.9,0.62
2013-06-29,32.49,24.09,82.33,17.49,0.65
2013-06-30,31.48,24.57,80.46,2.77,0.64
2013-07-01,32.5,24.05,78.87,8.63,0.64
2013-07-02,31.75,23.97,82.17,7.29,0.64
2013-07-03,31.6,24.04,82.67,2.46,0.64
2013-07-04,31.29,24.24,80.1,0.09,0.64
2013-07-05,33.34,23.5,75.57,0.0,0.63
2013-07-06,33.83,23.8,75.14,0.19,0.62
2013-07-07,32.12,24.32,77.32,0.97,0.61
2013-07-08,32.17,24.33,80.6,6.57,0.61
2013-07-09,32.88,24.27,77.27,0.94,0.61
2013-07-10,32.0,24.92,79.9,3.64,0.61
2013-07-11,30.89,24.38,82.67,9.42,0.61
2013-07-12,28.95,24.04,87.42,14.64,0.63
2013-07-13,31.83,23.54,81.32,2.8,0.64
2013-07-14,33.1,23.7,78.47,0.27,0.63
2013-07-15,33.26,23.68,77.77,2.81,0.62
2013-07-16,30.79,24.89,83.94,3.9,0.62
2013-07-17,31.65,24.42,80.85,3.27,0.62
2013-07-18,32.96,23.54,77.27,1.6,0.62
2013-07-19,32.11,23.54,81.33,2.96,0.61
2013-07-20,31.16,24.38,81.07,1.89,0.61
2013-07-21,32.52,24.35,81.81,1.65,0.61
2013-07-22,33.98,24.76,79.92,2.18,0.6
2013-07-23,32.55,24.92,81.2,5.46,0.61
2013-07-24,30.98,24.8,84.7,9.38,0.61
2013-07-25,29.11,24.52,87.38,15.45,0.63
2013-07-26,28.9,25.06,89.91,12.58,0.65
2013-07-27,29.59,24.55,87.6,29.76,0.68
2013-07-28,30.5,24.07,86.38,9.98,0.7
2013-07-29,30.56,24.89,85.99,5.76,0.7
2013-07-30,27.68,24.04,91.07,13.44,0.7
2013-07-31,29.64,23.07,85.81,5.35,0.71
2013-08-01,31.18,23.75,84.69,4.62,0.7
2013-08-02,31.18,23.18,83.29,0.03,0.7
2013-08-03,32.49,23.37,81.02,0.2,0.68
2013-08-04,29.27,24.48,86.38,0.64,0.68
2013-08-05,30.3,23.95,82.84,0.18,0.67
2013-08-06,31.1,23.71,83.44,1.66,0.67
2013-08-07,30.89,23.6,84.72,7.1,0.67
2013-08-08,31.76,23.58,84.04,8.63,0.67
2013-08-09,30.77,23.27,84.87,1.36,0.67
2013-08-10,28.62,24.19,86.82,0.33,0.67
2013-08-11,31.5,23.51,82.04,1.28,0.66
2013-08-12,30.87,23.85,84.12,3.89,0.66
2013-08-13,30.93,23.8,83.62,2.1,0.65
2013-08-14,30.78,24.45,83.95,3.81,0.65
2013-08-15,31.25,24.32,86.84,6.19,0.65
2013-08-16,30.5,23.78,86.49,26.73,0.67
2013-08-17,29.39,24.05,89.89,22.59,0.71
2013-08-18,29.33,24.23,89.67,14.01,0.72
2013-08-19,28.63,23.73,91.23,11.0,0.73
2013-08-20,29.43,23.64,90.1,8.42,0.74
2013-08-21,29.8,23.48,85.36,6.42,0.74
2013-08-22,30.28,23.03,86.12,3.66,0.73
2013-08-23,30.67,23.52,85.26,0.33,0.73
2013-08-24,31.28,23.38,86.31,1.52,0.72
2013-08-25,30.01,23.27,88.98,4.4,0.71
2013-08-26,30.11,23.35,89.38,12.47,0.73
2013-08-27,29.69,22.67,86.45,6.5,0.72
2013-08-28,30.96,21.58,85.16,2.73,0.72
2013-08-29,31.61,22.57,85.21,6.64,0.72
2013-08-30,31.1,23.02,86.93,2.42,0.71
2013-08-31,30.26,24.2,87.52,2.2,0.71
2013-09-01,30.48,23.71,85.48,0.51,0.7
2013-09-02,31.07,22.79,85.2,2.02,0.69
2013-09-03,30.14,23.51,87.0,3.32,0.69
2013-09-04,31.19,23.23,84.62,0.62,0.68
2013-09-05,31.08,24.14,85.89,1.81,0.68
2013-09-06,29.66,23.64,87.05,1.38,0.67
2013-09-07,30.62,22.55,83.75,2.5,0.67
2013-09-08,31.27,23.5,82.04,1.83,0.66
2013-09-09,30.26,23.83,83.88,0.63,0.66
2013-09-10,31.09,23.57,81.42,0.4,0.65
2013-09-11,32.44,23.97,77.83,1.19,0.65
2013-09-12,32.37,24.99,78.93,6.7,0.65
2013-09-13,28.59,25.21,88.13,2.27,0.65
2013-09-14,27.97,24.53,92.62,10.94,0.66
2013-09-15,29.98,23.74,85.9,1.41,0.66
2013-09-16,31.19,23.41,84.95,2.87,0.66
2013-09-17,31.11,23.87,86.45,4.29,0.65
2013-09-18,31.54,23.53,82.79,0.85,0.65
2013-09-19,31.87,22.82,81.46,0.44,0.64
2013-09-20,32.68,22.86,77.23,0.35,0.63
2013-09-21,31.91,24.43,80.41,0.26,0.62
2013-09-22,34.81,24.36,77.56,1.11,0.62
2013-09-23,34.24,24.93,76.25,2.06,0.61
2013-09-24,33.44,24.68,80.04,10.15,0.62
2013-09-25,31.34,25.13,83.93,8.64,0.63
2013-09-26,31.2,23.47,83.89,1.91,0.63
2013-09-27,29.54,23.02,86.79,6.77,0.63
2013-09-28,31.04,22.51,85.32,4.47,0.63
2013-09-29,28.6,24.13,86.66,2.01,0.63
2013-09-30,31.28,22.93,78.85,0.01,0.63
2013-10-01,34.1,22.9,69.7,0.19,0.62
2013-10-02,30.39,24.38,80.07,4.12,0.61
2013-10-03,30.96,23.33,83.57,8.64,0.62
2013-10-04,30.56,22.86,84.05,7.91,0.63
2013-10-05,31.26,22.73,81.56,2.42,0.63
2013-10-06,31.74,23.07,80.53,1.04,0.62
2013-10-07,31.8,23.68,79.97,0.12,0.61
2013-10-08,31.17,23.17,77.9,0.22,0.61
2013-10-09,33.55,20.52,67.17,0.0,0.6
2013-10-10,33.59,22.37,69.94,0.0,0.6
2013-10-11,31.51,22.65,77.69,0.31,0.59
2013-10-12,31.75,22.38,78.13,3.1,0.59
2013-10-13,33.26,23.17,77.02,0.15,0.59
2013-10-14,34.26,22.91,73.64,0.0,0.58
2013-10-15,32.56,24.62,77.59,0.0,0.57
2013-10-16,35.84,24.35,71.6,0.02,0.57
2013-10-17,35.08,24.69,71.05,0.65,0.57
2013-10-18,32.77,23.46,75.87,2.91,0.56
2013-10-19,27.67,23.77,85.66,4.09,0.57
2013-10-20,27.89,22.82,87.76,2.66,0.57
2013-10-21,29.59,22.32,82.59,6.36,0.57
2013-10-22,29.95,22.43,77.58,1.02,0.58
2013-10-23,32.01,22.94,74.19,0.01,0.57
2013-10-24,32.48,22.78,72.76,0.56,0.57
2013-10-25,31.93,22.34,75.1,2.48,0.56
2013-10-26,29.14,22.89,84.74,25.26,0.59
2013-10-27,26.29,21.55,91.07,5.16,0.61
2013-10-28,28.8,22.63,87.05,6.25,0.61
2013-10-29,29.93,22.17,84.39,0.74,0.61
2013-10-30,31.37,22.36,78.94,0.25,0.6
2013-10-31,32.73,22.14,77.21,0.0,0.6
2013-11-01,32.59,20.71,75.69,0.0,0.59
2013-11-02,33.08,20.56,71.11,0.0,0.58
2013-11-03,33.1,20.39,71.26,0.0,0.58
2013-11-04,33.44,19.99,65.01,0.0,0.57
2013-11-05,32.52,19.53,64.09,0.0,0.57
2013-11-06,32.72,19.79,62.3,0.0,0.56
2013-11-07,33.45,18.98,64.58,0.0,0.56
2013-11-08,33.87,20.06,63.8,0.0,0.55
2013-11-09,33.48,20.88,64.12,0.0,0.55
2013-11-10,34.45,22.33,60.13,0.0,0.54
2013-11-11,34.85,22.07,61.11,0.0,0.54
2013-11-12,34.54,22.23,64.49,1.22,0.53
2013-11-13,34.56,21.49,64.05,0.0,0.53
2013-11-14,34.8,21.5,63.78,0.36,0.53
2013-11-15,33.88,21.9,65.7,0.0,0.52
2013-11-16,33.62,23.38,67.21,0.01,0.52
2013-11-17,34.16,23.34,65.05,0.05,0.52
2013-11-18,33.23,23.03,71.48,1.29,0.51
2013-11-19,31.59,23.0,76.4,2.85,0.52
2013-11-20,32.93,21.38,68.34,0.04,0.52
2013-11-21,33.08,20.35,66.56,0.0,0.51
2013-11-22,33.12,21.44,65.01,0.0,0.51
2013-11-23,34.0,21.7,64.32,0.0,0.51
2013-11-24,33.79,21.29,64.19,0.0,0.5
2013-11-25,33.89,21.43,64.49,0.0,0.5
2013-11-26,33.21,21.91,66.65,0.49,0.5
2013-11-27,34.57,23.12,67.17,0.02,0.49
2013-11-28,34.11,23.95,67.7,0.68,0.49
2013-11-29,33.46,23.43,67.36,0.03,0.49
2013-11-30,34.05,22.45,66.14,0.13,0.49
2013-12-01,33.22,20.54,63.91,0.0,0.49
2013-12-02,32.58,21.66,62.52,0.0,0.48
2013-12-03,32.72,20.34,65.0,0.0,0.48
2013-12-04,33.84,21.44,59.06,0.0,0.48
2013-12-05,33.66,20.95,58.06,0.0,0.48
2013-12-06,33.17,19.79,56.7,0.0,0.48
2013-12-07,32.1,20.67,57.05,0.0,0.47
2013-12-08,30.06,21.25,61.07,0.0,0.47
2013-12-09,27.83,20.78,69.86,0.01,0.47
2013-12-10,29.73,20.79,68.09,0.25,0.47
2013-12-11,32.99,20.34,66.97,3.48,0.47
2013-12-12,28.96,17.71,79.11,9.14,0.49
2013-12-13,28.66,14.52,67.16,10.03,0.5
2013-12-14,28.87,14.37,66.32,2.52,0.51
2013-12-15,27.54,11.53,61.86,2.59,0.51
2013-12-16,26.42,13.33,55.98,0.0,0.51
2013-12-17,26.66,10.39,50.97,0.0,0.5
2013-12-18,26.61,10.12,53.3,0.0,0.5
2013-12-19,26.68,11.86,59.96,0.0,0.5
2013-12-20,27.05,12.28,62.26,0.0,0.49
2013-12-21,27.69,13.87,54.39,0.0,0.49
2013-12-22,27.65,12.87,52.12,0.0,0.49
2013-12-23,28.24,13.58,51.79,0.0,0.49
2013-12-24,28.98,14.51,50.96,0.0,0.49
2013-12-25,29.56,15.27,50.05,0.0,0.49
2013-12-26,29.76,14.5,53.04,0.0,0.48
2013-12-27,29.89,14.04,53.1,0.0,0.48
2013-12-28,29.49,13.16,61.31,0.0,0.48
2013-12-29,29.03,13.79,61.63,0.0,0.48
2013-12-30,29.49,15.3,59.42,0.0,0.48
2013-12-31,30.29,15.23,51.04,0.0,0.47
2014-01-01,31.3,15.83,43.97,0.0,0.47
2014-01-02,32.36,14.89,42.37,0.0,0.47
2014-01-03,30.94,13.15,40.3,0.0,0.47
2014-01-04,31.03,12.09,41.16,0.0,0.47
2014-01-05,31.44,12.04,54.34,0.0,0.47
2014-01-06,31.78,12.37,51.55,0.0,0.47
2014-01-07,30.3,14.45,47.26,0.0,0.47
2014-01-08,30.68,12.13,44.39,0.0,0.47
2014-01-09,31.47,12.31,35.95,0.0,0.47
2014-01-10,32.66,14.81,35.27,0.0,0.46
2014-01-11,32.9,14.21,40.83,0.0,0.46
2014-01-12,32.12,14.94,45.03,0.0,0.46
2014-01-13,31.32,13.55,38.92,0.0,0.46
2014-01-14,31.92,16.01,39.8,0.0,0.46
2014-01-15,30.52,15.19,56.92,0.0,0.46
2014-01-16,29.85,16.56,60.42,0.0,0.46
2014-01-17,30.62,17.36,50.29,0.0,0.46
2014-01-18,31.57,16.46,50.54,0.0,0.46
2014-01-19,30.81,16.09,53.67,0.0,0.46
2014-01-20,31.45,17.48,51.14,0.0,0.46
2014-01-21,30.43,16.18,45.61,0.0,0.46
2014-01-22,30.24,14.9,43.35,0.0,0.46
2014-01-23,31.44,14.43,48.08,0.0,0.46
2014-01-24,32.21,15.69,55.09,0.0,0.46
2014-01-25,33.52,16.12,49.03,0.0,0.46
2014-01-26,33.37,18.09,46.19,0.0,0.46
2014-01-27,34.22,17.76,46.08,0.0,0.46
2014-01-28,33.15,16.58,47.86,0.0,0.46
2014-01-29,32.73,17.28,37.37,0.0,0.46
2014-01-30,34.03,17.08,33.42,0.0,0.46
2014-01-31,34.47,17.59,34.32,0.0,0.46
2014-02-01,34.78,17.1,31.52,0.0,0.46
2014-02-02,34.98,15.59,33.87,0.0,0.46
2014-02-03,35.28,14.55,38.34,0.0,0.46
2014-02-04,34.69,15.07,38.43,0.0,0.46
2014-02-05,34.46,14.32,40.83,0.0,0.46
2014-02-06,33.16,14.82,44.0,0.0,0.46
2014-02-07,32.94,15.07,44.87,0.0,0.46
2014-02-08,33.42,14.9,47.87,0.0,0.46
2014-02-09,32.91,16.14,54.35,0.0,0.46
2014-02-10,33.54,17.03,56.14,0.0,0.46
2014-02-11,33.26,17.6,57.18,0.0,0.46
2014-02-12,33.46,17.1,59.19,0.0,0.46
2014-02-13,33.59,18.57,50.15,0.0,0.46
2014-02-14,34.21,17.61,42.03,0.0,0.46
2014-02-15,34.08,15.48,41.93,0.0,0.46
2014-02-16,32.07,15.39,61.61,7.51,0.47
2014-02-17,32.39,16.41,66.3,1.34,0.47
2014-02-18,31.05,16.51,54.82,0.0,0.47
2014-02-19,30.51,13.21,42.01,0.0,0.47
2014-02-20,33.78,14.44,40.1,0.0,0.47
2014-02-21,34.06,15.75,47.79,0.0,0.47
2014-02-22,33.96,15.02,47.72,0.0,0.46
2014-02-23,34.91,14.97,45.04,0.0,0.46
2014-02-24,35.83,15.24,40.34,0.0,0.46
2014-02-25,34.86,16.35,53.03,0.0,0.46
2014-02-26,36.45,17.57,44.52,0.0,0.46
2014-02-27,36.84,15.89,43.24,0.0,0.46
2014-02-28,36.81,16.53,45.31,0.0,0.46
2014-03-01,37.97,18.12,41.4,0.0,0.46
2014-03-02,37.51,17.27,47.52,0.0,0.46
2014-03-03,36.91,17.71,46.58,0.0,0.46
2014-03-04,36.94,18.2,42.26,0.0,0.46
2014-03-05,34.73,19.2,40.42,0.0,0.46
2014-03-06,35.61,17.4,41.88,0.0,0.46
2014-03-07,36.92,16.88,38.65,0.0,0.46
2014-03-08,35.88,18.19,36.86,0.0,0.46
2014-03-09,36.82,18.7,32.41,0.0,0.46
2014-03-10,37.93,19.89,25.29,0.0,0.46
2014-03-11,38.21,20.23,33.05,0.0,0.46
2014-03-12,36.01,18.67,37.12,0.0,0.46
2014-03-13,38.62,18.58,37.57,0.0,0.46
2014-03-14,38.29,20.49,32.51,0.0,0.46
2014-03-15,39.18,21.24,32.68,0.0,0.46
2014-03-16,39.45,19.07,38.38,0.0,0.46
2014-03-17,39.96,18.28,38.38,0.0,0.46
2014-03-18,40.23,17.84,38.76,0.0,0.46
2014-03-19,39.23,18.55,49.91,0.01,0.46
2014-03-20,37.72,19.69,48.86,0.0,0.46
2014-03-21,38.63,19.64,43.02,0.0,0.46
2014-03-22,38.42,19.7,46.94,0.25,0.46
2014-03-23,37.16,19.45,44.79,0.0,0.46
2014-03-24,37.65,21.3,40.82,0.0,0.46
2014-03-25,38.65,21.06,43.38,0.0,0.46
2014-03-26,38.72,21.35,44.35,0.0,0.46
2014-03-27,40.33,22.32,39.48,0.0,0.46
2014-03-28,40.31,22.58,41.84,0.0,0.46
2014-03-29,41.28,23.07,43.06,0.0,0.46
2014-03-30,40.92,21.58,40.44,0.0,0.46
2014-03-31,41.21,22.53,43.61,0.0,0.46
2014-04-01,40.33,22.1,45.8,0.0,0.46
2014-04-02,39.8,22.84,47.76,0.0,0.46
2014-04-03,40.78,23.5,42.76,0.11,0.46
2014-04-04,40.39,23.7,37.97,1.6,0.46
2014-04-05,37.84,22.73,47.03,0.28,0.46
2014-04-06,37.2,23.02,56.08,0.42,0.46
2014-04-07,38.76,22.84,53.11,0.0,0.46
2014-04-08,39.9,22.65,54.56,0.0,0.46
2014-04-09,37.32,23.66,54.89,0.0,0.46
2014-04-10,35.56,25.26,58.43,0.18,0.46
2014-04-11,40.33,24.28,52.99,1.13,0.46
2014-04-12,40.18,23.4,44.33,0.0,0.46
2014-04-13,40.72,24.18,42.38,0.0,0.46
2014-04-14,41.03,24.79,39.32,0.42,0.46
2014-04-15,41.43,25.06,45.16,0.0,0.46
2014-04-16,41.69,24.86,47.23,0.0,0.46
2014-04-17,42.39,24.25,45.54,0.0,0.46
2014-04-18,42.27,23.48,42.94,0.0,0.46
2014-04-19,42.3,25.02,41.6,0.0,0.46
2014-04-20,42.8,26.6,43.65,0.0,0.46
2014-04-21,42.61,26.46,46.87,1.37,0.46
2014-04-22,42.56,26.93,46.34,0.0,0.46
2014-04-23,42.33,26.2,43.95,0.0,0.46
2014-04-24,42.06,26.17,44.41,0.0,0.46
2014-04-25,42.16,26.06,44.66,0.19,0.46
2014-04-26,41.38,26.7,42.31,0.0,0.46
2014-04-27,41.08,26.61,42.88,0.15,0.46
2014-04-28,41.58,26.4,44.19,0.09,0.46
2014-04-29,39.59,25.62,51.01,1.57,0.46
2014-04-30,40.7,26.11,47.41,0.0,0.46
2014-05-01,40.35,25.2,51.45,0.22,0.46
2014-05-02,40.09,25.22,49.67,0.52,0.46
2014-05-03,36.42,26.59,50.69,0.01,0.46
2014-05-04,36.34,25.95,52.28,0.28,0.46
2014-05-05,39.32,24.55,46.88,1.58,0.46
2014-05-06,40.61,27.33,41.09,0.07,0.46
2014-05-07,40.95,27.58,44.4,0.19,0.46
2014-05-08,40.68,25.7,51.9,0.31,0.46
2014-05-09,36.57,26.13,61.08,1.86,0.46
2014-05-10,35.32,27.18,63.44,1.05,0.46
2014-05-11,32.71,26.53,69.07,3.93,0.47
2014-05-12,38.41,24.81,59.82,0.0,0.47
2014-05-13,37.68,27.11,61.06,0.09,0.47
2014-05-14,36.37,26.41,64.88,5.71,0.47
2014-05-15,36.21,26.18,64.07,0.24,0.47
2014-05-16,39.58,25.06,56.63,0.0,0.47
2014-05-17,39.38,27.08,51.86,0.0,0.47
2014-05-18,40.08,27.48,50.29,0.85,0.47
2014-05-19,36.01,27.58,52.88,0.29,0.47
2014-05-20,38.52,27.77,53.15,0.18,0.46
2014-05-21,37.75,27.55,53.61,0.01,0.46
2014-05-22,37.0,26.91,59.78,0.58,0.46
2014-05-23,36.96,26.9,58.53,0.38,0.46
2014-05-24,37.04,27.51,54.95,0.28,0.46
2014-05-25,40.81,27.92,47.67,0.04,0.46
2014-05-26,38.24,28.02,50.83,0.49,0.46
2014-05-27,40.99,26.9,51.16,1.5,0.46
2014-05-28,40.19,26.67,56.9,3.07,0.47
2014-05-29,37.19,26.54,64.55,4.71,0.47
2014-05-30,39.23,26.24,58.74,0.6,0.47
2014-05-31,39.1,25.11,56.83,3.73,0.47
2014-06-01,39.8,26.16,54.66,1.22,0.47
2014-06-02,39.71,26.78,54.24,0.32,0.47
2014-06-03,40.21,26.86,55.94,0.63,0.47
2014-06-04,40.89,26.87,55.95,1.32,0.47
2014-06-05,37.49,27.56,61.01,2.46,0.47
2014-06-06,39.65,27.0,57.89,0.82,0.47
2014-06-07,39.66,26.98,56.2,0.72,0.47
2014-06-08,34.29,25.91,72.05,11.53,0.48
2014-06-09,35.23,25.01,74.98,7.49,0.49
2014-06-10,32.15,26.03,82.21,21.33,0.52
2014-06-11,35.79,24.84,70.65,1.35,0.53
2014-06-12,34.59,26.8,68.79,1.27,0.52
2014-06-13,30.46,25.98,83.64,9.31,0.52
2014-06-14,34.0,25.2,76.91,9.46,0.54
2014-06-15,33.98,25.47,73.27,0.76,0.54
2014-06-16,36.16,25.46,70.18,3.66,0.54
2014-06-17,34.21,25.52,78.14,11.33,0.54
2014-06-18,33.34,25.1,79.56,12.26,0.56
2014-06-19,33.49,24.82,74.0,3.19,0.57
2014-06-20,32.84,24.85,76.54,12.38,0.57
2014-06-21,32.84,25.04,76.25,10.08,0.58
2014-06-22,31.98,24.65,80.63,32.91,0.61
2014-06-23,32.05,24.38,82.13,12.12,0.64
2014-06-24,32.94,24.31,77.67,0.48,0.63
2014-06-25,32.78,24.49,80.76,12.57,0.63
2014-06-26,31.83,24.76,79.71,0.87,0.63
2014-06-27,33.0,23.94,77.78,2.3,0.62
2014-06-28,31.61,24.71,84.31,25.92,0.64
2014-06-29,31.13,25.02,85.13,21.55,0.68
2014-06-30,32.22,24.95,85.56,7.3,0.68
2014-07-01,31.58,24.56,81.76,5.43,0.68
2014-07-02,31.21,24.01,84.1,8.9,0.68
2014-07-03,31.16,23.75,85.04,11.78,0.69
2014-07-04,32.37,24.01,83.24,1.33,0.69
2014-07-05,31.85,24.65,81.8,0.63,0.68
2014-07-06,32.36,24.45,81.86,1.05,0.67
2014-07-07,28.92,23.73,85.22,3.07,0.67
2014-07-08,31.94,24.26,82.36,3.71,0.67
2014-07-09,29.1,23.84,86.31,1.51,0.66
2014-07-10,32.69,22.72,77.84,0.95,0.66
2014-07-11,33.27,25.05,79.84,0.69,0.65
2014-07-12,32.32,25.69,81.65,2.4,0.64
2014-07-13,31.34,25.21,84.99,3.18,0.64
2014-07-14,31.4,24.88,86.82,14.96,0.65
2014-07-15,31.71,24.73,83.88,14.5,0.67
2014-07-16,31.35,24.47,84.37,6.71,0.67
2014-07-17,30.2,24.02,86.85,12.17,0.68
2014-07-18,31.32,24.44,86.47,7.69,0.68
2014-07-19,31.06,24.7,87.59,20.26,0.7
2014-07-20,31.17,25.06,85.75,7.13,0.71
2014-07-21,29.5,24.06,85.79,2.47,0.7
2014-07-22,30.73,23.61,85.63,7.95,0.7
2014-07-23,28.83,23.38,86.12,3.19,0.7
2014-07-24,31.28,23.14,83.75,0.44,0.7
2014-07-25,32.67,24.75,82.12,0.24,0.68
2014-07-26,32.2,25.1,82.62,1.31,0.68
2014-07-27,30.07,24.24,86.87,2.82,0.67
2014-07-28,31.24,23.86,84.99,7.51,0.68
2014-07-29,30.93,24.09,85.85,4.28,0.68
2014-07-30,30.9,24.77,87.81,5.35,0.68
2014-07-31,30.44,24.4,86.12,0.69,0.68
2014-08-01,29.91,24.62,87.66,5.43,0.67
2014-08-02,31.45,24.52,85.51,8.86,0.68
2014-08-03,29.84,24.25,85.79,7.72,0.68
2014-08-04,31.21,24.05,85.02,9.21,0.69
2014-08-05,30.38,23.92,86.45,13.81,0.7
2014-08-06,29.35,23.82,86.27,2.54,0.7
2014-08-07,30.22,24.73,87.26,6.46,0.7
2014-08-08,30.16,24.23,85.31,2.04,0.69
2014-08-09,30.78,23.99,84.82,2.23,0.69
2014-08-10,30.08,24.28,86.73,3.81,0.69
2014-08-11,31.78,23.49,83.7,2.77,0.68
2014-08-12,30.79,23.87,85.91,2.67,0.68
2014-08-13,30.79,24.08,86.61,8.13,0.68
2014-08-14,30.4,24.45,88.01,25.62,0.69
2014-08-15,30.38,23.63,86.28,23.55,0.72
2014-08-16,30.4,22.92,85.5,4.24,0.73
2014-08-17,30.45,22.83,85.36,2.18,0.72
2014-08-18,31.88,23.73,84.82,0.19,0.71
2014-08-19,29.7,23.95,88.53,5.17,0.71
2014-08-20,30.11,23.89,85.18,1.29,0.71
2014-08-21,30.96,23.17,83.7,2.03,0.7
2014-08-22,31.3,22.53,84.21,4.45,0.69
2014-08-23,31.69,23.3,84.41,2.5,0.68
2014-08-24,31.93,23.51,82.95,2.52,0.68
2014-08-25,31.89,23.77,83.77,5.3,0.68
2014-08-26,30.72,23.95,85.14,0.58,0.67
2014-08-27,31.55,23.59,82.63,2.27,0.67
2014-08-28,29.96,23.61,85.23,0.07,0.66
2014-08-29,30.49,23.48,84.64,3.29,0.66
2014-08-30,29.11,24.19,90.57,17.11,0.67
2014-08-31,29.55,23.5,86.75,5.61,0.68
2014-09-01,31.1,22.72,84.22,3.9,0.68
2014-09-02,31.12,23.65,84.35,1.9,0.67
2014-09-03,27.86,24.05,92.49,4.93,0.68
2014-09-04,30.34,23.33,85.84,2.65,0.68
2014-09-05,30.99,23.75,84.45,2.93,0.67
2014-09-06,31.67,23.16,84.69,1.35,0.66
2014-09-07,30.12,23.83,87.67,4.08,0.66
2014-09-08,31.43,23.25,83.53,1.1,0.66
2014-09-09,31.13,22.67,82.98,0.2,0.65
2014-09-10,32.9,23.22,78.34,0.17,0.64
2014-09-11,31.34,23.77,81.32,1.41,0.64
2014-09-12,32.37,23.49,80.04,8.8,0.64
2014-09-13,31.45,23.88,82.03,1.13,0.64
2014-09-14,32.53,23.88,80.73,1.61,0.63
2014-09-15,31.81,24.51,81.16,1.25,0.63
2014-09-16,33.6,24.22,75.89,0.05,0.62
2014-09-17,32.92,24.81,77.97,0.71,0.61
2014-09-18,29.15,24.66,90.39,22.04,0.63
2014-09-19,31.74,24.16,82.71,2.43,0.65
2014-09-20,32.27,23.71,83.1,4.17,0.64
2014-09-21,32.28,23.24,81.61,1.45,0.63
2014-09-22,32.15,23.35,81.63,5.12,0.63
2014-09-23,31.68,24.19,85.02,13.04,0.64
2014-09-24,32.23,23.58,82.11,1.64,0.64
2014-09-25,32.56,23.36,79.75,0.37,0.63
2014-09-26,32.89,22.98,77.83,0.05,0.62
2014-09-27,33.13,23.33,77.41,0.0,0.61
2014-09-28,34.42,22.98,74.3,0.0,0.61
2014-09-29,34.22,23.73,75.76,0.58,0.6
2014-09-30,31.6,25.35,80.65,0.92,0.6
2014-10-01,31.74,24.4,81.06,6.69,0.6
2014-10-02,32.67,24.23,77.88,0.43,0.6
2014-10-03,32.75,24.4,76.86,0.15,0.6
2014-10-04,32.24,24.5,76.57,1.6,0.59
2014-10-05,31.0,24.43,79.83,3.84,0.59
2014-10-06,33.49,23.82,70.24,0.19,0.59
2014-10-07,33.65,24.13,69.26,0.0,0.59
2014-10-08,35.04,23.43,63.72,0.0,0.58
2014-10-09,34.5,23.03,68.44,0.14,0.57
2014-10-10,34.02,23.59,74.95,1.51,0.57
2014-10-11,32.88,24.43,79.0,4.58,0.57
2014-10-12,33.85,23.67,75.92,1.45,0.57
2014-10-13,31.27,24.48,80.57,0.28,0.57
2014-10-14,34.46,23.34,70.77,0.42,0.56
2014-10-15,35.14,22.85,72.48,0.14,0.56
2014-10-16,35.02,22.71,71.45,0.0,0.55
2014-10-17,34.33,23.68,72.33,0.0,0.55
2014-10-18,34.23,24.0,70.87,0.21,0.54
2014-10-19,33.07,22.79,74.97,1.81,0.54
2014-10-20,34.53,22.2,69.88,0.05,0.54
2014-10-21,34.36,22.57,69.96,0.46,0.53
2014-10-22,29.54,23.98,80.88,3.87,0.53
2014-10-23,33.02,23.18,73.16,0.7,0.53
2014-10-24,34.91,22.74,70.11,0.0,0.53
2014-10-25,34.97,23.19,68.71,0.0,0.52
2014-10-26,35.37,22.35,66.89,0.0,0.52
2014-10-27,34.68,22.27,64.19,0.3,0.52
2014-10-28,34.39,22.47,63.75,0.54,0.51
2014-10-29,34.66,22.52,65.4,0.25,0.51
2014-10-30,34.5,23.27,67.1,0.13,0.51
2014-10-31,35.56,22.9,65.95,0.0,0.5
2014-11-01,35.47,23.78,65.44,0.01,0.5
2014-11-02,35.53,23.78,67.34,0.55,0.5
2014-11-03,32.43,24.36,76.58,3.06,0.5
2014-11-04,31.05,24.2,78.22,0.11,0.5
2014-11-05,29.45,23.9,83.75,2.94,0.5
2014-11-06,25.83,22.3,91.77,5.41,0.5
2014-11-07,32.25,23.65,79.14,0.53,0.51
2014-11-08,33.47,23.52,74.0,0.0,0.5
2014-11-09,34.97,23.44,67.32,0.0,0.5
2014-11-10,36.04,23.44,63.7,0.0,0.5
2014-11-11,35.72,22.51,64.03,0.0,0.49
2014-11-12,35.94,21.98,60.75,0.0,0.49
2014-11-13,36.04,21.75,58.5,0.0,0.49
2014-11-14,35.83,21.55,55.74,0.0,0.48
2014-11-15,34.69,20.19,58.89,0.0,0.48
2014-11-16,35.1,20.34,60.12,0.03,0.48
2014-11-17,33.98,20.19,61.4,1.37,0.48
2014-11-18,34.07,20.62,59.01,0.0,0.48
2014-11-19,34.99,21.17,58.08,0.06,0.48
2014-11-20,33.45,20.37,62.26,0.36,0.48
2014-11-21,33.29,17.88,52.92,0.0,0.47
2014-11-22,32.65,15.63,58.94,0.0,0.47
2014-11-23,32.83,16.38,57.02,0.0,0.47
2014-11-24,32.91,16.14,51.87,0.0,0.47
2014-11-25,33.74,16.03,49.24,0.0,0.47
2014-11-26,33.35,16.6,56.09,0.0,0.47
2014-11-27,31.91,13.61,52.73,0.0,0.47
2014-11-28,32.18,13.05,50.88,0.0,0.47
2014-11-29,32.7,13.97,52.87,0.0,0.47
2014-11-30,32.55,13.91,50.61,0.0,0.47
2014-12-01,32.56,16.49,40.35,0.0,0.47
2014-12-02,33.28,16.99,43.84,0.0,0.47
2014-12-03,33.05,15.73,50.85,0.0,0.47
2014-12-04,33.37,15.32,51.18,0.0,0.46
2014-12-05,34.52,16.85,53.08,0.0,0.46
2014-12-06,33.58,19.14,63.4,0.0,0.46
2014-12-07,34.02,18.45,59.23,0.0,0.46
2014-12-08,33.03,15.17,56.98,0.0,0.46
2014-12-09,33.5,14.11,57.1,0.0,0.46
2014-12-10,32.8,16.18,48.53,0.0,0.46
2014-12-11,33.73,15.46,46.5,0.0,0.46
2014-12-12,33.62,16.16,40.85,0.0,0.46
2014-12-13,34.06,17.84,38.39,0.0,0.46
2014-12-14,34.74,19.05,44.09,0.0,0.46
2014-12-15,34.6,19.43,39.04,0.0,0.46
2014-12-16,34.24,18.42,37.77,0.0,0.46
2014-12-17,32.81,18.88,44.67,0.0,0.46
2014-12-18,31.22,18.91,49.03,0.0,0.46
2014-12-19,31.17,15.6,44.45,0.0,0.46
2014-12-20,31.01,14.48,39.31,0.0,0.46
2014-12-21,31.5,14.56,35.77,0.0,0.46
2014-12-22,31.51,14.9,44.18,0.0,0.46
2014-12-23,31.81,17.21,48.1,0.0,0.46
2014-12-24,31.82,17.05,55.44,0.0,0.46
2014-12-25,32.47,16.87,51.56,0.0,0.46
2014-12-26,32.96,15.77,53.11,0.0,0.46
2014-12-27,34.11,15.4,51.28,0.0,0.46
2014-12-28,34.57,17.36,38.13,0.0,0.46
2014-12-29,35.5,20.46,43.44,0.02,0.46
2014-12-30,32.95,21.97,55.53,0.36,0.46
2014-12-31,34.26,19.97,51.46,0.08,0.46
2015-01-01,32.65,20.84,50.7,1.19,0.46
2015-01-02,33.65,20.69,50.9,0.0,0.46
2015-01-03,34.36,21.24,54.68,0.0,0.46
2015-01-04,35.18,20.88,59.75,0.0,0.46
2015-01-05,34.29,20.2,61.74,0.0,0.46
2015-01-06,31.49,16.59,54.11,0.0,0.46
2015-01-07,32.16,15.3,48.14,0.0,0.46
2015-01-08,31.2,14.33,54.56,2.73,0.46
2015-01-09,28.95,14.64,49.54,3.97,0.47
2015-01-10,28.04,12.95,46.54,0.0,0.47
2015-01-11,29.0,12.3,50.56,0.0,0.47
2015-01-12,28.92,11.89,52.98,0.0,0.47
2015-01-13,29.42,12.93,47.08,0.0,0.47
2015-01-14,31.4,17.84,46.26,0.0,0.46
2015-01-15,28.25,18.14,62.62,1.76,0.46
2015-01-16,30.86,18.73,64.93,0.62,0.47
2015-01-17,32.05,19.72,63.67,0.01,0.47
2015-01-18,31.29,18.22,62.68,0.01,0.47
2015-01-19,30.1,15.47,60.44,0.0,0.46
2015-01-20,30.09,14.9,56.07,0.0,0.46
2015-01-21,30.69,14.1,51.74,0.0,0.46
2015-01-22,31.59,17.75,52.47,0.0,0.46
2015-01-23,31.47,14.25,55.73,0.0,0.46
2015-01-24,30.82,12.57,50.93,0.0,0.46
2015-01-25,32.03,14.6,44.8,0.0,0.46
2015-01-26,32.28,14.82,38.91,0.0,0.46
2015-01-27,32.81,14.97,39.26,0.0,0.46
2015-01-28,33.81,15.44,44.23,0.0,0.46
2015-01-29,33.83,15.9,47.41,0.0,0.46
2015-01-30,33.6,15.11,52.28,0.0,0.46
2015-01-31,32.16,14.95,55.53,0.0,0.46
2015-02-01,33.06,13.79,39.22,0.0,0.46
2015-02-02,33.09,13.19,32.16,0.0,0.46
2015-02-03,34.1,14.46,22.31,0.0,0.46
2015-02-04,34.8,15.02,23.52,0.0,0.46
2015-02-05,34.62,15.6,32.1,0.0,0.46
2015-02-06,34.15,14.88,30.6,0.0,0.46
2015-02-07,33.44,14.19,39.34,0.0,0.46
2015-02-08,32.16,15.29,38.73,0.0,0.46
2015-02-09,32.17,17.41,36.81,0.0,0.46
2015-02-10,32.91,18.95,31.47,0.0,0.46
2015-02-11,33.44,18.36,33.66,0.0,0.46
2015-02-12,33.29,16.58,39.73,0.0,0.46
2015-02-13,32.75,13.77,45.09,0.0,0.46
2015-02-14,30.92,14.0,49.39,0.0,0.46
2015-02-15,32.6,14.53,48.04,0.0,0.46
2015-02-16,32.74,15.97,45.94,0.0,0.46
2015-02-17,32.85,16.35,36.22,0.0,0.46
2015-02-18,34.2,16.09,40.3,0.0,0.46
2015-02-19,34.34,15.21,49.6,0.0,0.46
2015-02-20,34.27,15.74,49.88,0.0,0.46
2015-02-21,35.2,16.97,41.83,0.0,0.46
2015-02-22,35.23,16.63,44.44,0.0,0.46
2015-02-23,35.52,16.07,47.3,0.0,0.46
2015-02-24,36.08,16.74,46.32,0.0,0.46
2015-02-25,36.76,17.08,48.03,0.0,0.46
2015-02-26,35.96,16.17,53.53,0.0,0.46
2015-02-27,36.16,17.05,55.01,0.0,0.46
2015-02-28,37.12,17.69,47.49,0.0,0.46
2015-03-01,38.66,18.35,43.16,0.0,0.46
2015-03-02,39.93,19.06,36.99,0.0,0.46
2015-03-03,39.18,19.69,43.86,0.0,0.46
2015-03-04,38.06,19.78,48.43,0.01,0.46
2015-03-05,37.75,20.21,50.59,0.0,0.46
2015-03-06,36.7,19.5,40.19,0.0,0.46
2015-03-07,36.86,16.99,32.58,0.0,0.46
2015-03-08,37.27,17.11,24.35,0.0,0.46
2015-03-09,39.13,19.34,23.13,0.0,0.46
2015-03-10,40.43,20.75,24.96,0.0,0.46
2015-03-11,38.98,21.38,26.35,0.0,0.46
2015-03-12,39.59,20.33,27.1,0.0,0.46
2015-03-13,38.94,17.42,31.4,0.0,0.46
2015-03-14,37.07,17.28,40.22,0.0,0.46
2015-03-15,38.18,20.05,44.64,0.0,0.46
2015-03-16,39.2,21.27,32.32,0.0,0.46
2015-03-17,39.76,21.76,28.14,0.0,0.46
2015-03-18,40.47,19.73,39.27,0.0,0.46
2015-03-19,38.99,20.94,46.16,0.0,0.46
2015-03-20,40.39,21.7,33.79,0.0,0.46
2015-03-21,40.77,21.77,25.64,0.0,0.46
2015-03-22,40.14,18.75,35.51,0.0,0.46
2015-03-23,39.09,18.41,45.16,0.0,0.46
2015-03-24,36.9,19.73,48.69,0.6,0.46
2015-03-25,37.69,20.83,46.53,1.76,0.46
2015-03-26,37.24,22.94,42.0,4.43,0.47
2015-03-27,37.8,22.82,38.65,0.0,0.47
2015-03-28,38.62,23.11,41.1,0.0,0.46
2015-03-29,38.19,21.89,40.35,0.0,0.46
2015-03-30,39.12,22.09,45.58,0.0,0.46
2015-03-31,36.56,21.7,53.5,0.08,0.46
2015-04-01,35.77,22.61,57.51,0.1,0.46
2015-04-02,38.0,21.88,55.73,0.31,0.46
2015-04-03,37.11,22.28,58.75,0.29,0.46
2015-04-04,39.55,22.3,53.05,0.03,0.46
2015-04-05,40.05,21.89,51.5,0.05,0.46
2015-04-06,38.69,22.36,53.47,0.09,0.46
2015-04-07,39.61,22.83,50.79,0.0,0.46
2015-04-08,41.79,24.22,44.06,0.01,0.46
2015-04-09,40.41,23.16,47.85,0.0,0.46
2015-04-10,39.5,23.54,51.55,0.0,0.46
2015-04-11,39.96,22.78,47.31,0.0,0.46
2015-04-12,40.42,22.87,46.91,0.65,0.46
2015-04-13,39.67,25.11,46.65,0.02,0.46
2015-04-14,38.6,26.73,42.27,0.29,0.46
2015-04-15,39.18,25.21,49.24,1.68,0.46
2015-04-16,40.89,24.31,45.66,0.0,0.46
2015-04-17,40.92,24.76,46.42,0.01,0.46
2015-04-18,39.36,25.36,46.12,0.24,0.46
2015-04-19,39.71,24.46,51.27,0.0,0.46
2015-04-20,41.28,24.48,49.12,0.04,0.46
2015-04-21,39.49,24.8,56.4,4.22,0.47
2015-04-22,36.95,24.64,64.49,6.0,0.47
2015-04-23,34.05,24.07,66.74,1.02,0.47
2015-04-24,34.26,24.37,63.22,0.01,0.47
2015-04-25,37.48,23.56,49.72,0.0,0.47
2015-04-26,37.48,25.36,45.78,0.49,0.47
2015-04-27,36.72,24.69,46.33,0.4,0.47
2015-04-28,37.76,22.83,56.05,4.97,0.47
2015-04-29,38.25,21.86,54.9,0.0,0.47
2015-04-30,38.58,23.33,55.9,0.15,0.47
2015-05-01,39.54,23.95,53.58,0.06,0.47
2015-05-02,39.12,24.32,56.08,0.0,0.46
2015-05-03,40.04,24.28,52.2,0.0,0.46
2015-05-04,41.55,25.56,50.15,0.03,0.46
2015-05-05,41.77,24.93,52.75,0.75,0.46
2015-05-06,39.37,24.41,53.37,1.71,0.46
2015-05-07,40.87,24.28,51.25,0.03,0.46
2015-05-08,41.73,25.47,48.0,0.0,0.46
2015-05-09,40.18,25.52,49.14,0.0,0.46
2015-05-10,40.87,25.72,51.42,0.0,0.46
2015-05-11,40.93,26.38,53.22,0.09,0.46
2015-05-12,39.71,27.18,52.79,0.0,0.46
2015-05-13,39.63,26.42,54.81,0.0,0.46
2015-05-14,42.31,27.24,50.3,0.06,0.46
2015-05-15,40.82,27.4,52.37,2.03,0.46
2015-05-16,41.01,26.74,52.73,1.28,0.46
2015-05-17,36.61,26.73,59.38,4.1,0.46
2015-05-18,34.32,25.58,72.17,4.52,0.47
2015-05-19,35.09,25.01,67.02,3.58,0.48
2015-05-20,31.45,25.21,77.58,3.43,0.48
2015-05-21,32.4,25.27,75.12,2.07,0.48
2015-05-22,33.7,24.83,73.2,1.35,0.48
2015-05-23,31.48,24.96,78.9,7.11,0.49
2015-05-24,35.61,24.28,71.14,0.76,0.49
2015-05-25,38.05,25.62,61.48,0.0,0.49
2015-05-26,39.24,24.99,57.63,0.0,0.48
2015-05-27,38.42,25.99,58.52,0.0,0.48
2015-05-28,38.88,25.65,59.25,0.01,0.47
2015-05-29,38.22,26.37,59.7,0.82,0.47
2015-05-30,37.35,26.4,67.42,8.12,0.47
2015-05-31,36.16,25.61,69.46,1.5,0.48
2015-06-01,36.42,25.42,69.59,4.8,0.48
2015-06-02,36.81,25.13,69.57,2.18,0.48
2015-06-03,38.64,25.44,64.81,1.84,0.48
2015-06-04,38.31,25.96,61.68,0.29,0.48
2015-06-05,35.41,26.18,69.83,4.76,0.48
2015-06-06,36.46,25.35,70.92,7.36,0.48
2015-06-07,36.68,25.36,69.84,4.41,0.49
2015-06-08,33.16,25.86,79.94,24.42,0.52
2015-06-09,33.68,25.66,73.54,2.62,0.53
2015-06-10,35.01,24.89,71.1,1.58,0.53
2015-06-11,36.28,25.22,68.13,0.8,0.52
2015-06-12,36.57,24.67,65.94,1.14,0.52
2015-06-13,35.38,25.61,65.69,0.04,0.51
2015-06-14,36.5,25.08,64.56,0.74,0.51
2015-06-15,35.41,25.17,71.04,6.88,0.51
2015-06-16,35.18,24.36,70.85,0.35,0.51
2015-06-17,35.77,25.52,64.67,0.12,0.51
2015-06-18,36.23,25.66,65.25,0.19,0.51
2015-06-19,36.07,25.87,67.48,0.24,0.5
2015-06-20,36.54,25.67,67.78,4.38,0.5
2015-06-21,35.01,25.07,74.29,11.03,0.51
2015-06-22,34.72,24.33,73.87,10.02,0.52
2015-06-23,33.72,25.44,75.26,19.16,0.54
2015-06-24,33.29,24.97,77.45,26.46,0.58
2015-06-25,33.26,25.92,77.2,8.99,0.59
2015-06-26,31.35,25.47,82.12,19.26,0.61
2015-06-27,29.97,24.34,82.85,5.2,0.62
2015-06-28,30.81,23.73,79.72,2.0,0.61
2015-06-29,32.62,22.73,75.45,0.21,0.61
2015-06-30,33.25,22.46,72.94,0.35,0.6
2015-07-01,33.11,23.57,77.27,5.85,0.6
2015-07-02,34.07,23.89,76.85,4.19,0.6
2015-07-03,33.42,24.57,77.39,5.21,0.6
2015-07-04,34.19,24.79,75.21,0.31,0.59
2015-07-05,33.92,24.46,75.55,0.92,0.59
2015-07-06,34.14,25.25,74.03,0.5,0.58
2015-07-07,32.65,25.05,78.73,2.63,0.58
2015-07-08,32.23,25.11,80.99,8.59,0.59
2015-07-09,32.15,24.59,76.52,3.45,0.59
2015-07-10,34.04,23.56,72.6,0.1,0.59
2015-07-11,32.98,25.43,75.28,0.55,0.58
2015-07-12,33.84,24.95,78.07,8.33,0.58
2015-07-13,36.24,23.92,73.29,2.65,0.58
2015-07-14,35.55,25.74,72.86,0.16,0.58
2015-07-15,32.82,25.41,77.85,5.67,0.58
2015-07-16,32.06,25.33,81.0,2.91,0.58
2015-07-17,32.53,25.71,79.06,3.75,0.58
2015-07-18,31.19,24.92,84.24,4.82,0.58
2015-07-19,33.68,24.49,76.66,1.32,0.58
2015-07-20,33.54,23.57,75.88,2.79,0.58
2015-07-21,31.32,23.84,84.62,9.11,0.58
2015-07-22,31.84,24.54,82.4,7.66,0.59
2015-07-23,31.46,24.29,83.25,11.13,0.6
2015-07-24,31.32,24.53,82.73,11.08,0.61
2015-07-25,29.37,24.23,85.99,15.05,0.62
2015-07-26,27.64,24.05,90.73,23.11,0.65
2015-07-27,28.55,24.23,87.15,8.55,0.67
2015-07-28,28.35,24.46,89.61,7.92,0.67
2015-07-29,29.73,24.66,83.35,2.86,0.67
2015-07-30,28.55,24.5,89.96,11.32,0.68
2015-07-31,28.78,24.64,88.06,6.98,0.69
2015-08-01,29.24,23.2,87.35,5.33,0.69
2015-08-02,29.15,22.56,86.04,11.94,0.69
2015-08-03,30.85,22.46,84.63,3.4,0.7
2015-08-04,31.56,22.45,82.72,0.85,0.69
2015-08-05,31.55,23.45,81.6,0.1,0.68
2015-08-06,31.21,23.65,84.49,1.27,0.67
2015-08-07,31.87,23.86,82.81,2.66,0.67
2015-08-08,32.58,24.42,81.44,1.33,0.66
2015-08-09,32.41,24.1,80.84,0.13,0.65
2015-08-10,32.3,25.15,80.86,0.48,0.65
2015-08-11,32.97,24.79,80.48,2.45,0.64
2015-08-12,32.08,24.56,84.48,4.27,0.64
2015-08-13,29.92,24.57,88.71,13.7,0.65
2015-08-14,31.67,23.86,83.66,5.93,0.66
2015-08-15,31.08,23.91,83.45,4.12,0.65
2015-08-16,31.17,23.33,82.05,4.87,0.65
2015-08-17,31.58,23.39,83.09,3.32,0.65
2015-08-18,31.65,23.89,82.8,3.28,0.65
2015-08-19,31.31,23.93,84.64,4.43,0.64
2015-08-20,30.84,24.2,85.33,9.47,0.64
2015-08-21,29.96,23.5,84.39,3.39,0.65
2015-08-22,31.3,23.67,85.08,1.48,0.65
2015-08-23,31.44,24.17,81.08,0.49,0.64
2015-08-24,33.07,24.07,79.11,0.49,0.63
2015-08-25,33.46,25.02,78.08,0.23,0.63
2015-08-26,32.47,24.54,80.4,1.01,0.62
2015-08-27,32.8,23.53,78.68,1.83,0.61
2015-08-28,33.01,23.28,79.08,3.5,0.61
2015-08-29,33.04,23.48,80.01,9.71,0.62
2015-08-30,32.46,23.83,81.76,4.6,0.62
2015-08-31,31.37,24.21,84.32,21.07,0.63
2015-09-01,28.92,24.22,90.45,10.4,0.65
2015-09-02,31.73,24.05,83.37,5.43,0.65
2015-09-03,32.57,24.01,78.77,0.02,0.65
2015-09-04,32.19,23.61,80.07,0.07,0.64
2015-09-05,31.73,23.82,83.09,3.7,0.63
2015-09-06,30.71,24.53,84.63,0.62,0.63
2015-09-07,31.54,24.0,83.82,1.25,0.63
2015-09-08,32.37,24.29,80.74,0.23,0.62
2015-09-09,32.03,24.44,79.89,0.26,0.62
2015-09-10,31.74,24.68,80.25,0.75,0.61
2015-09-11,34.83,24.22,74.25,1.01,0.61
2015-09-12,35.17,24.14,73.8,1.46,0.6
2015-09-13,32.69,25.35,79.44,1.06,0.6
2015-09-14,34.15,23.74,74.45,0.42,0.59
2015-09-15,34.4,24.07,73.22,0.04,0.59
2015-09-16,36.53,23.96,70.24,0.29,0.58
2015-09-17,37.54,25.46,70.99,1.18,0.58
2015-09-18,34.2,24.94,81.48,13.58,0.58
2015-09-19,32.57,24.43,79.71,6.92,0.6
2015-09-20,32.99,24.04,78.25,0.63,0.59
2015-09-21,31.79,24.11,79.8,0.21,0.59
2015-09-22,34.5,24.2,77.22,1.38,0.58
2015-09-23,33.99,23.52,78.96,2.45,0.58
2015-09-24,33.17,24.2,79.22,2.7,0.58
2015-09-25,34.83,24.13,74.79,0.13,0.58
2015-09-26,35.22,24.2,73.0,0.67,0.57
2015-09-27,35.33,23.68,69.56,0.0,0.56
2015-09-28,32.91,24.44,74.47,0.08,0.56
2015-09-29,35.41,25.38,70.98,0.12,0.56
2015-09-30,33.54,25.43,79.1,5.3,0.56
2015-10-01,30.82,25.6,83.06,2.54,0.56
2015-10-02,32.45,24.59,76.82,0.3,0.56
2015-10-03,35.17,24.08,71.93,1.28,0.56
2015-10-04,34.06,25.01,72.66,0.34,0.55
2015-10-05,31.89,24.6,78.47,3.98,0.55
2015-10-06,32.08,24.77,81.05,3.48,0.55
2015-10-07,32.82,24.08,81.74,6.82,0.56
2015-10-08,32.25,24.42,82.01,9.16,0.56
2015-10-09,29.58,24.44,86.71,2.16,0.57
2015-10-10,32.89,24.51,76.16,1.2,0.57
2015-10-11,30.24,23.09,81.76,8.67,0.57
2015-10-12,30.08,23.13,80.46,0.81,0.57
2015-10-13,31.8,22.31,74.06,0.0,0.57
2015-10-14,32.85,22.95,74.57,0.02,0.56
2015-10-15,33.72,23.59,70.73,0.0,0.56
2015-10-16,34.75,23.0,69.25,0.01,0.55
2015-10-17,35.34,23.38,70.92,1.33,0.55
2015-10-18,34.28,23.41,75.37,10.28,0.55
2015-10-19,34.77,22.8,70.59,0.0,0.56
2015-10-20,35.05,22.2,68.03,0.0,0.55
2015-10-21,35.09,21.95,68.17,0.0,0.54
2015-10-22,34.88,21.11,67.74,0.0,0.54
2015-10-23,35.2,21.29,65.65,0.0,0.53
2015-10-24,35.41,21.88,65.93,0.01,0.53
2015-10-25,34.04,23.1,67.15,0.0,0.53
2015-10-26,35.22,22.84,66.08,0.0,0.52
2015-10-27,34.87,23.27,67.81,0.15,0.52
2015-10-28,34.17,22.78,71.36,1.2,0.52
2015-10-29,29.88,23.15,76.94,0.45,0.51
2015-10-30,27.86,21.16,77.43,3.78,0.52
2015-10-31,31.9,21.18,68.62,9.54,0.52
2015-11-01,28.47,22.44,80.44,0.66,0.53
2015-11-02,28.71,21.67,76.35,5.72,0.53
2015-11-03,33.42,22.26,68.36,2.18,0.54
2015-11-04,33.81,20.55,69.78,0.0,0.53
2015-11-05,33.94,21.34,69.97,0.0,0.53
2015-11-06,34.94,21.0,66.6,0.0,0.52
2015-11-07,35.17,21.28,65.45,0.0,0.52
2015-11-08,34.94,20.15,57.34,0.0,0.51
2015-11-09,34.46,21.3,65.64,1.84,0.51
2015-11-10,33.1,23.01,75.29,6.31,0.51
2015-11-11,32.46,23.2,76.55,5.29,0.52
2015-11-12,32.13,21.82,72.83,2.2,0.52
2015-11-13,34.05,21.05,68.3,0.0,0.52
2015-11-14,33.9,20.6,66.17,0.0,0.51
2015-11-15,33.77,18.27,61.11,0.0,0.51
2015-11-16,33.0,16.09,65.42,0.01,0.51
2015-11-17,33.93,16.78,63.51,0.09,0.5
2015-11-18,33.81,19.87,57.13,0.05,0.5
2015-11-19,33.5,20.85,58.3,0.0,0.5
2015-11-20,34.39,20.28,57.03,0.0,0.49
2015-11-21,34.61,20.2,57.08,0.0,0.49
2015-11-22,34.88,20.74,54.8,0.0,0.49
2015-11-23,34.47,19.65,49.2,0.0,0.49
2015-11-24,33.81,19.36,46.52,0.0,0.48
2015-11-25,33.95,17.47,44.81,0.0,0.48
2015-11-26,33.45,16.49,51.48,2.68,0.48
2015-11-27,32.29,18.53,65.94,1.99,0.48
2015-11-28,32.6,19.32,68.73,0.0,0.48
2015-11-29,34.11,19.48,60.7,0.0,0.48
2015-11-30,34.53,20.34,53.21,0.0,0.48
2015-12-01,34.06,19.31,47.2,0.0,0.48
2015-12-02,34.06,18.39,54.39,0.0,0.47
2015-12-03,31.95,19.21,58.28,0.88,0.47
2015-12-04,30.66,18.81,65.55,6.93,0.48
2015-12-05,31.29,17.68,56.0,0.0,0.48
2015-12-06,31.66,16.06,50.2,0.0,0.48
2015-12-07,31.86,17.83,50.78,0.0,0.48
2015-12-08,32.01,17.33,59.21,0.0,0.48
2015-12-09,30.72,15.33,64.96,0.0,0.47
2015-12-10,31.41,16.14,62.33,0.0,0.47
2015-12-11,31.11,16.8,61.49,0.0,0.47
2015-12-12,32.15,15.71,54.78,0.0,0.47
2015-12-13,32.93,17.21,56.26,0.0,0.47
2015-12-14,33.06,17.73,62.45,0.37,0.47
2015-12-15,32.51,17.73,62.42,0.14,0.47
2015-12-16,32.52,18.8,60.0,0.04,0.47
2015-12-17,31.23,15.45,58.23,2.67,0.47
2015-12-18,31.45,12.96,59.59,0.0,0.47
2015-12-19,29.23,18.96,67.66,0.04,0.47
2015-12-20,31.16,14.86,57.03,0.0,0.47
2015-12-21,31.49,12.63,46.96,0.0,0.47
2015-12-22,31.14,12.32,40.49,0.0,0.47
2015-12-23,31.23,13.07,47.37,0.0,0.47
2015-12-24,31.39,14.13,54.89,0.0,0.47
2015-12-25,32.33,15.19,47.91,0.02,0.46
2015-12-26,31.69,15.67,55.0,0.0,0.46
2015-12-27,32.56,15.88,55.52,0.0,0.46
2015-12-28,32.65,16.07,54.65,0.0,0.46
2015-12-29,32.13,13.9,50.06,0.0,0.46
2015-12-30,31.55,15.03,46.74,0.0,0.46
2015-12-31,31.96,17.36,42.82,0.0,0.46
2016-01-01,31.46,20.04,44.51,0.0,0.46
2016-01-02,32.13,17.75,42.83,0.0,0.46
2016-01-03,31.36,15.54,36.59,0.0,0.46
2016-01-04,29.76,12.62,44.09,0.0,0.46
2016-01-05,30.12,12.78,37.03,0.0,0.46
2016-01-06,31.11,13.55,34.13,0.0,0.46
2016-01-07,31.1,14.0,42.72,0.0,0.46
2016-01-08,30.48,14.54,40.7,0.0,0.46
2016-01-09,28.66,13.9,53.89,0.05,0.46
2016-01-10,29.86,14.84,47.91,0.0,0.46
2016-01-11,29.33,13.57,39.44,0.0,0.46
2016-01-12,29.79,13.59,38.84,0.0,0.46
2016-01-13,30.09,13.54,43.84,0.0,0.46
2016-01-14,30.22,12.95,37.86,0.0,0.46
2016-01-15,30.0,11.33,38.56,0.0,0.46
2016-01-16,28.53,11.82,47.24,0.0,0.46
2016-01-17,30.0,11.87,33.26,0.0,0.46
2016-01-18,29.85,12.22,34.44,0.0,0.46
2016-01-19,31.35,12.57,31.9,0.0,0.46
2016-01-20,33.02,15.13,31.83,0.01,0.46
2016-01-21,33.79,14.8,41.91,0.08,0.46
2016-01-22,33.14,17.44,52.02,0.0,0.46
2016-01-23,33.31,16.66,45.45,0.0,0.46
2016-01-24,31.75,14.07,34.94,0.67,0.46
2016-01-25,28.61,15.41,53.04,5.93,0.46
2016-01-26,24.91,13.31,74.95,4.43,0.47
2016-01-27,28.03,13.21,65.05,0.0,0.48
2016-01-28,28.53,11.62,47.61,0.0,0.47
2016-01-29,30.32,14.03,57.03,0.0,0.47
2016-01-30,30.8,13.69,49.64,0.0,0.47
2016-01-31,30.82,13.66,51.66,0.0,0.47
2016-02-01,32.37,14.88,48.49,0.0,0.47
2016-02-02,33.71,14.93,40.21,0.0,0.47
2016-02-03,33.37,14.96,36.17,0.0,0.46
2016-02-04,31.82,14.56,46.22,0.0,0.46
2016-02-05,32.99,15.8,34.11,0.0,0.46
2016-02-06,34.09,14.55,31.89,0.0,0.46
2016-02-07,32.43,16.57,44.62,0.0,0.46
2016-02-08,31.0,16.44,46.36,0.0,0.46
2016-02-09,32.17,16.47,52.66,0.0,0.46
2016-02-10,32.18,16.76,63.09,0.0,0.46
2016-02-11,32.65,17.35,61.5,0.03,0.46
2016-02-12,32.94,17.19,55.39,0.0,0.46
2016-02-13,34.53,18.25,51.72,0.0,0.46
2016-02-14,34.96,18.53,47.49,0.0,0.46
2016-02-15,35.78,19.59,39.32,0.0,0.46
2016-02-16,36.82,19.76,35.51,0.0,0.46
2016-02-17,37.08,20.91,34.93,0.0,0.46
2016-02-18,37.81,20.77,34.93,0.0,0.46
2016-02-19,36.45,18.79,43.98,0.0,0.46
2016-02-20,38.08,20.13,51.53,0.0,0.46
2016-02-21,37.71,19.34,57.42,0.0,0.46
2016-02-22,36.41,19.03,58.21,0.0,0.46
2016-02-23,36.27,19.56,56.74,0.02,0.46
2016-02-24,36.34,20.04,54.04,0.03,0.46
2016-02-25,36.56,20.05,52.09,3.6,0.46
2016-02-26,32.92,22.79,54.13,2.56,0.47
2016-02-27,33.19,21.59,54.22,0.2,0.47
2016-02-28,34.84,22.35,47.05,0.04,0.47
2016-02-29,35.02,22.69,43.98,0.62,0.47
2016-03-01,35.55,21.41,39.97,0.0,0.46
2016-03-02,35.88,20.88,35.01,0.0,0.46
2016-03-03,34.24,21.06,45.97,0.0,0.46
2016-03-04,37.18,18.69,45.03,0.0,0.46
2016-03-05,38.09,19.96,43.07,0.0,0.46
2016-03-06,38.77,21.42,47.12,0.0,0.46
2016-03-07,38.13,20.94,49.85,0.0,0.46
2016-03-08,38.56,20.6,51.38,0.0,0.46
2016-03-09,38.89,20.39,51.83,0.0,0.46
2016-03-10,38.3,22.38,47.24,0.0,0.46
2016-03-11,39.25,23.39,42.91,0.0,0.46
2016-03-12,37.4,22.99,46.37,0.0,0.46
2016-03-13,39.35,21.33,46.13,0.0,0.46
2016-03-14,39.74,24.09,42.07,0.0,0.46
2016-03-15,39.41,22.06,43.54,0.0,0.46
2016-03-16,38.66,21.46,46.08,0.0,0.46
2016-03-17,37.59,21.17,48.52,0.0,0.46
2016-03-18,38.43,21.11,48.16,0.0,0.46
2016-03-19,39.28,20.96,47.91,0.0,0.46
2016-03-20,39.06,22.22,48.31,0.09,0.46
2016-03-21,37.94,22.31,56.18,4.33,0.47
2016-03-22,38.13,22.75,57.84,0.01,0.46
2016-03-23,37.76,22.5,55.03,0.0,0.46
2016-03-24,39.0,23.31,47.43,0.0,0.46
2016-03-25,40.51,22.24,40.83,0.02,0.46
2016-03-26,40.12,23.17,50.82,0.0,0.46
2016-03-27,39.14,22.0,52.13,0.0,0.46
2016-03-28,37.46,20.22,53.62,1.81,0.46
2016-03-29,35.12,20.95,57.72,0.0,0.46
2016-03-30,34.66,21.96,56.73,0.0,0.46
2016-03-31,37.95,21.67,56.38,3.47,0.47
2016-04-01,36.55,21.16,57.06,0.38,0.47
2016-04-02,36.53,21.42,54.64,0.0,0.47
2016-04-03,39.39,22.19,51.85,0.0,0.46
2016-04-04,40.27,23.19,50.62,0.0,0.46
2016-04-05,40.11,22.7,53.4,0.0,0.46
2016-04-06,39.27,23.73,57.76,0.0,0.46
2016-04-07,40.72,23.5,55.44,0.0,0.46
2016-04-08,41.43,24.1,51.58,0.0,0.46
2016-04-09,41.82,23.97,52.19,0.1,0.46
2016-04-10,42.45,24.0,50.96,0.0,0.46
2016-04-11,42.7,24.21,46.12,0.0,0.46
2016-04-12,41.45,24.77,52.44,0.0,0.46
2016-04-13,40.99,25.54,51.88,0.05,0.46
2016-04-14,40.74,24.77,55.16,0.03,0.46
2016-04-15,41.13,25.55,50.53,0.02,0.46
2016-04-16,42.06,24.54,50.7,0.0,0.46
2016-04-17,42.64,24.66,51.6,0.0,0.46
2016-04-18,42.97,25.25,48.4,0.0,0.46
2016-04-19,42.4,24.12,47.21,0.0,0.46
2016-04-20,42.2,23.98,50.15,0.0,0.46
2016-04-21,41.73,24.53,50.89,0.0,0.46
2016-04-22,39.79,25.55,53.67,0.0,0.46
2016-04-23,40.37,25.93,55.29,0.02,0.46
2016-04-24,37.27,26.85,59.44,0.04,0.46
2016-04-25,39.96,25.51,54.46,0.0,0.46
2016-04-26,40.94,25.78,51.97,0.0,0.46
2016-04-27,41.76,25.88,48.4,0.0,0.46
2016-04-28,39.74,25.93,53.83,0.04,0.46
2016-04-29,41.15,25.45,53.59,0.03,0.46
2016-04-30,38.59,26.32,57.93,2.77,0.46
2016-05-01,35.37,26.43,64.9,3.24,0.47
2016-05-02,36.56,24.76,66.58,4.87,0.47
2016-05-03,36.14,24.11,64.62,2.13,0.47
2016-05-04,37.88,23.75,58.09,0.07,0.47
2016-05-05,37.91,24.81,55.87,1.07,0.47
2016-05-06,39.84,24.96,49.92,0.03,0.47
2016-05-07,41.25,24.35,48.22,0.0,0.47
2016-05-08,42.53,25.36,48.4,0.0,0.46
2016-05-09,41.9,25.08,46.29,0.0,0.46
2016-05-10,42.88,26.14,45.35,0.0,0.46
2016-05-11,41.34,27.24,49.35,0.0,0.46
2016-05-12,39.84,27.39,51.72,0.02,0.46
2016-05-13,39.3,27.12,53.85,0.06,0.46
2016-05-14,43.11,25.21,46.12,0.0,0.46
2016-05-15,44.17,26.36,46.17,0.0,0.46
2016-05-16,42.8,27.26,45.45,0.0,0.46
2016-05-17,42.67,25.99,50.17,0.69,0.46
2016-05-18,37.85,27.58,56.71,1.82,0.46
2016-05-19,30.76,25.78,74.33,14.56,0.48
2016-05-20,29.99,24.65,81.98,13.81,0.5
2016-05-21,31.6,24.6,81.34,16.17,0.53
2016-05-22,34.58,25.57,70.09,7.59,0.54
2016-05-23,31.67,25.01,80.86,13.64,0.55
2016-05-24,31.81,24.23,77.37,0.02,0.55
2016-05-25,34.29,25.21,70.59,0.7,0.55
2016-05-26,33.19,24.93,75.84,5.32,0.55
2016-05-27,36.51,23.83,69.28,0.01,0.55
2016-05-28,37.8,24.72,63.93,0.16,0.54
2016-05-29,36.78,25.84,65.04,0.14,0.54
2016-05-30,35.55,25.43,66.81,0.94,0.53
2016-05-31,35.85,25.88,66.23,2.44,0.53
2016-06-01,36.02,25.08,67.39,1.23,0.53
2016-06-02,33.64,25.5,71.0,1.72,0.52
2016-06-03,35.38,24.69,68.35,0.61,0.52
2016-06-04,31.96,25.78,76.81,2.64,0.52
2016-06-05,32.53,25.43,77.7,6.66,0.53
2016-06-06,34.31,24.34,73.26,0.66,0.53
2016-06-07,33.67,25.29,72.9,4.06,0.53
2016-06-08,33.7,24.42,73.9,7.77,0.53
2016-06-09,31.92,24.44,71.98,2.01,0.54
2016-06-10,31.48,24.91,75.95,7.75,0.54
2016-06-11,32.06,24.92,77.77,7.79,0.54
2016-06-12,33.3,24.53,79.51,4.38,0.55
2016-06-13,30.34,24.82,81.95,2.85,0.55
2016-06-14,33.54,23.9,79.34,4.09,0.55
2016-06-15,32.61,24.74,78.95,1.4,0.55
2016-06-16,31.33,24.41,79.48,2.16,0.55
2016-06-17,33.95,24.56,80.3,17.53,0.57
2016-06-18,33.85,24.65,74.95,0.06,0.57
2016-06-19,33.66,24.42,71.67,0.12,0.57
2016-06-20,34.33,24.73,71.67,0.08,0.56
2016-06-21,35.03,24.99,69.32,0.55,0.55
2016-06-22,33.16,25.5,76.6,2.96,0.55
2016-06-23,33.01,25.44,74.92,0.23,0.55
2016-06-24,31.47,25.42,76.8,2.29,0.55
2016-06-25,32.85,25.12,78.33,10.16,0.56
2016-06-26,34.64,24.59,74.91,2.56,0.56
2016-06-27,35.26,25.39,72.96,1.03,0.56
2016-06-28,36.36,25.77,69.99,0.34,0.55
2016-06-29,35.86,26.01,70.06,1.36,0.54
2016-06-30,35.02,25.91,75.97,9.65,0.55
2016-07-01,30.89,25.38,83.63,25.79,0.58
2016-07-02,31.98,24.91,82.96,17.79,0.61
2016-07-03,30.77,24.72,85.89,41.56,0.65
2016-07-04,30.51,24.7,82.42,37.81,0.7
2016-07-05,30.42,24.18,84.97,19.47,0.73
2016-07-06,30.74,24.38,86.13,9.27,0.73
2016-07-07,30.89,24.68,86.63,1.53,0.73
2016-07-08,31.79,24.0,85.14,2.81,0.72
2016-07-09,29.0,24.55,89.99,8.74,0.72
2016-07-10,29.82,24.34,87.3,11.31,0.73
2016-07-11,31.06,23.81,85.6,14.93,0.74
2016-07-12,30.6,23.71,84.79,2.94,0.74
2016-07-13,30.8,24.34,87.62,6.27,0.74
2016-07-14,29.39,24.5,88.58,15.04,0.75
2016-07-15,30.06,24.33,88.36,8.61,0.76
2016-07-16,30.1,23.91,88.59,33.22,0.78
2016-07-17,29.86,23.63,87.51,2.82,0.79
2016-07-18,31.0,23.67,84.87,1.1,0.78
2016-07-19,31.47,23.55,83.25,0.62,0.77
2016-07-20,31.35,24.22,84.79,0.45,0.76
2016-07-21,29.58,23.85,88.75,2.62,0.76
2016-07-22,30.29,24.02,86.65,5.23,0.76
2016-07-23,28.85,24.31,88.85,2.82,0.76
2016-07-24,28.97,23.56,87.74,4.82,0.75
2016-07-25,27.34,23.23,88.85,1.94,0.75
2016-07-26,32.51,22.41,77.94,0.02,0.75
2016-07-27,31.75,22.9,83.39,2.12,0.74
2016-07-28,28.72,24.75,90.21,1.01,0.73
2016-07-29,30.15,24.51,88.03,2.26,0.73
2016-07-30,28.95,24.18,88.26,7.46,0.73
2016-07-31,29.34,24.04,89.36,5.09,0.74
2016-08-01,29.16,24.35,88.79,2.8,0.73
2016-08-02,31.16,24.6,85.48,3.14,0.73
2016-08-03,29.96,24.58,88.44,1.28,0.72
2016-08-04,29.48,24.6,90.46,6.98,0.72
2016-08-05,30.4,24.09,87.16,22.18,0.75
2016-08-06,30.51,23.52,85.81,4.18,0.74
2016-08-07,30.12,23.19,85.65,1.01,0.74
2016-08-08,30.52,23.18,86.97,13.16,0.74
2016-08-09,30.09,23.28,84.28,7.92,0.74
2016-08-10,31.43,22.89,84.83,2.52,0.74
2016-08-11,30.91,23.64,87.45,2.54,0.73
2016-08-12,30.27,23.98,87.58,4.8,0.73
2016-08-13,30.04,24.55,87.21,12.37,0.73
2016-08-14,29.96,23.8,85.46,0.77,0.73
2016-08-15,31.14,23.44,88.14,2.6,0.73
2016-08-16,28.41,24.15,92.07,10.02,0.72
2016-08-17,30.45,23.55,84.64,1.47,0.73
2016-08-18,31.61,23.82,86.0,1.29,0.72
2016-08-19,31.79,23.46,85.56,3.25,0.71
2016-08-20,28.17,23.92,90.77,5.6,0.71
2016-08-21,30.54,24.36,85.15,1.06,0.71
2016-08-22,32.25,23.2,81.85,1.82,0.7
2016-08-23,30.41,23.97,85.88,2.67,0.7
2016-08-24,31.51,24.55,84.28,2.58,0.7
2016-08-25,31.25,25.15,85.28,2.15,0.69
2016-08-26,31.27,25.2,83.47,9.49,0.7
2016-08-27,30.45,25.24,88.32,3.97,0.7
2016-08-28,31.3,24.81,87.02,6.01,0.7
2016-08-29,30.68,24.66,86.24,0.69,0.7
2016-08-30,30.19,24.05,87.93,7.01,0.7
2016-08-31,30.65,23.79,86.53,17.47,0.71
2016-09-01,30.56,23.61,87.54,11.49,0.72
2016-09-02,30.03,24.43,89.36,8.13,0.72
2016-09-03,29.49,24.41,89.49,11.24,0.73
2016-09-04,29.95,24.41,89.29,13.79,0.74
2016-09-05,30.91,24.08,87.68,5.94,0.74
2016-09-06,29.77,23.92,90.32,11.82,0.74
2016-09-07,31.25,23.41,85.06,0.09,0.74
2016-09-08,31.29,23.94,84.85,2.03,0.73
2016-09-09,29.93,24.0,86.52,0.54,0.72
2016-09-10,31.67,23.55,83.07,1.51,0.71
2016-09-11,29.62,23.82,87.42,4.39,0.71
2016-09-12,31.14,23.58,84.26,1.66,0.71
2016-09-13,30.42,22.95,83.01,0.34,0.7
2016-09-14,31.67,23.53,82.2,3.14,0.69
2016-09-15,31.41,23.87,85.54,1.67,0.69
2016-09-16,30.01,24.19,86.77,1.56,0.69
2016-09-17,31.47,24.77,85.88,1.9,0.68
2016-09-18,31.16,24.35,85.01,1.88,0.68
2016-09-19,31.37,24.19,83.88,0.67,0.67
2016-09-20,30.4,24.56,83.96,2.36,0.67
2016-09-21,31.52,24.07,85.54,2.73,0.67
2016-09-22,32.58,23.42,79.55,0.21,0.66
2016-09-23,31.63,23.79,80.88,1.18,0.65
2016-09-24,30.48,24.42,84.47,5.08,0.65
2016-09-25,31.99,24.14,81.91,0.7,0.65
2016-09-26,29.73,24.05,86.35,2.45,0.64
2016-09-27,30.27,24.13,87.04,2.43,0.64
2016-09-28,32.48,23.63,82.24,1.65,0.64
2016-09-29,31.29,24.08,84.21,4.37,0.64
2016-09-30,31.9,24.57,82.04,2.25,0.64
2016-10-01,30.72,24.2,85.6,9.14,0.64
2016-10-02,31.86,24.53,82.89,0.71,0.64
2016-10-03,30.98,24.84,84.09,2.16,0.64
2016-10-04,27.58,23.83,93.62,4.39,0.64
2016-10-05,29.94,22.61,82.37,1.62,0.64
2016-10-06,32.39,23.37,80.33,0.9,0.64
2016-10-07,31.44,23.57,82.8,1.74,0.63
2016-10-08,32.27,23.49,82.24,1.92,0.62
2016-10-09,31.23,23.08,85.38,14.97,0.63
2016-10-10,30.94,22.72,85.45,5.45,0.64
2016-10-11,29.9,22.11,85.85,13.31,0.65
2016-10-12,31.12,21.2,83.36,17.53,0.66
2016-10-13,31.18,23.77,82.52,1.59,0.67
2016-10-14,32.88,23.88,79.45,0.02,0.66
2016-10-15,33.02,24.07,78.26,0.0,0.65
2016-10-16,33.24,24.28,74.5,0.54,0.64
2016-10-17,31.85,25.04,79.12,1.65,0.64
2016-10-18,31.55,25.03,78.38,0.89,0.63
2016-10-19,32.97,24.72,76.15,2.86,0.63
2016-10-20,32.64,24.06,78.89,2.91,0.62
2016-10-21,33.29,23.29,75.99,0.0,0.62
2016-10-22,32.65,23.41,77.8,0.0,0.61
2016-10-23,33.36,24.41,75.19,0.07,0.6
2016-10-24,32.19,24.1,80.01,3.74,0.6
2016-10-25,32.2,23.27,79.49,2.9,0.6
2016-10-26,31.66,23.13,77.94,0.09,0.6
2016-10-27,31.28,24.07,75.03,1.87,0.59
2016-10-28,29.11,22.79,84.03,10.21,0.6
2016-10-29,28.87,23.41,84.67,2.11,0.61
2016-10-30,31.43,22.69,78.05,0.16,0.6
2016-10-31,32.81,23.15,73.55,0.0,0.6
2016-11-01,32.83,23.01,70.27,0.05,0.59
2016-11-02,30.73,23.91,75.33,0.0,0.59
2016-11-03,33.26,23.09,72.87,0.35,0.58
2016-11-04,32.27,23.47,76.49,2.64,0.58
2016-11-05,31.68,23.22,80.54,8.95,0.58
2016-11-06,32.58,23.26,80.37,5.53,0.59
2016-11-07,31.82,23.5,81.98,5.81,0.59
2016-11-08,30.47,23.49,85.75,8.91,0.6
2016-11-09,31.43,23.25,82.75,1.8,0.6
2016-11-10,31.34,22.79,79.73,1.89,0.6
2016-11-11,31.38,21.85,78.9,0.31,0.59
2016-11-12,31.3,21.44,76.18,0.0,0.59
2016-11-13,32.52,21.47,73.4,0.0,0.58
2016-11-14,33.35,21.46,72.95,0.13,0.58
2016-11-15,33.21,20.59,68.12,0.69,0.57
2016-11-16,33.57,20.7,67.23,0.0,0.57
2016-11-17,33.67,20.83,69.18,0.0,0.56
2016-11-18,33.59,20.88,70.27,0.0,0.56
2016-11-19,33.24,19.46,67.76,0.0,0.55
2016-11-20,32.62,19.13,66.14,0.0,0.55
2016-11-21,31.85,17.77,66.39,0.0,0.54
2016-11-22,31.62,16.37,64.41,0.0,0.54
2016-11-23,31.1,16.99,61.16,0.0,0.54
2016-11-24,30.11,15.19,63.87,0.0,0.53
2016-11-25,30.61,14.87,65.43,0.0,0.53
2016-11-26,31.48,14.96,65.92,0.0,0.53
2016-11-27,31.36,15.94,63.66,0.06,0.52
2016-11-28,30.79,17.13,68.32,0.0,0.52
2016-11-29,31.31,16.16,70.61,0.0,0.52
2016-11-30,31.28,16.94,68.17,0.0,0.52
2016-12-01,32.53,20.97,71.42,0.0,0.51
2016-12-02,33.02,21.53,71.56,0.0,0.51
2016-12-03,32.26,21.57,68.6,0.0,0.51
2016-12-04,33.32,20.77,61.58,0.0,0.51
2016-12-05,32.24,17.73,51.06,0.0,0.5
2016-12-06,32.25,15.82,57.87,0.0,0.5
2016-12-07,32.62,18.0,56.28,0.0,0.5
2016-12-08,33.06,19.67,56.94,0.0,0.49
2016-12-09,32.83,20.11,55.14,0.0,0.49
2016-12-10,33.0,19.79,57.66,0.0,0.49
2016-12-11,33.6,20.9,58.64,0.0,0.49
2016-12-12,33.33,19.91,63.12,0.0,0.49
2016-12-13,33.37,20.6,64.27,0.0,0.48
2016-12-14,33.73,19.45,61.04,0.0,0.48
2016-12-15,33.62,18.67,56.29,0.0,0.48
2016-12-16,33.23,19.37,56.52,0.02,0.48
2016-12-17,32.28,21.76,61.87,0.0,0.48
2016-12-18,32.65,20.43,68.67,0.0,0.48
2016-12-19,32.16,18.08,68.63,0.0,0.48
2016-12-20,30.87,14.55,60.46,0.0,0.47
2016-12-21,31.28,14.89,58.37,0.0,0.47
2016-12-22,31.89,16.31,48.43,0.0,0.47
2016-12-23,31.99,16.54,57.4,0.0,0.47
2016-12-24,32.56,18.04,65.52,0.0,0.47
2016-12-25,32.81,18.01,66.37,0.0,0.47
2016-12-26,33.77,17.99,55.96,0.0,0.47
2016-12-27,33.01,17.35,51.65,0.0,0.47
2016-12-28,32.98,18.01,45.05,0.0,0.47
2016-12-29,32.89,19.67,48.01,0.0,0.47
2016-12-30,32.47,21.33,49.01,0.0,0.47
2016-12-31,32.57,18.71,53.1,0.0,0.47
2017-01-01,32.7,17.96,50.41,0.02,0.47
2017-01-02,32.81,20.88,53.65,0.08,0.47
2017-01-03,30.31,20.72,66.5,3.93,0.47
2017-01-04,31.0,19.77,66.9,2.78,0.47
2017-01-05,31.66,17.83,51.4,0.53,0.47
2017-01-06,31.36,16.08,49.94,0.12,0.47
2017-01-07,32.0,15.31,43.63,0.0,0.47
2017-01-08,32.16,14.92,39.54,0.0,0.47
2017-01-09,32.33,14.32,37.04,0.0,0.47
2017-01-10,32.66,15.1,44.31,0.5,0.47
2017-01-11,31.86,18.15,48.31,0.13,0.47
2017-01-12,30.82,15.11,45.01,0.0,0.47
2017-01-13,30.81,13.68,42.32,0.0,0.47
2017-01-14,30.18,13.44,40.52,0.0,0.47
2017-01-15,31.36,13.42,36.86,0.0,0.46
2017-01-16,32.62,13.86,45.55,0.0,0.46
2017-01-17,32.56,14.89,46.33,0.0,0.46
2017-01-18,33.68,14.51,36.37,0.0,0.46
2017-01-19,33.8,16.24,30.7,0.0,0.46
2017-01-20,34.05,16.94,29.36,0.0,0.46
2017-01-21,34.75,15.68,29.89,0.0,0.46
2017-01-22,35.18,16.57,32.82,0.0,0.46
2017-01-23,34.85,18.27,44.71,0.0,0.46
2017-01-24,34.31,17.93,41.63,0.0,0.46
2017-01-25,35.08,19.27,35.33,0.0,0.46
2017-01-26,34.68,18.21,38.37,0.0,0.46
2017-01-27,34.9,19.77,34.36,0.0,0.46
2017-01-28,34.53,17.79,39.18,0.0,0.46
2017-01-29,32.71,16.68,50.43,0.0,0.46
2017-01-30,33.72,16.11,45.85,0.0,0.46
2017-01-31,33.92,15.24,49.43,0.0,0.46
2017-02-01,33.99,15.66,42.02,0.0,0.46
2017-02-02,33.97,17.14,36.84,0.0,0.46
2017-02-03,33.14,16.86,35.4,0.0,0.46
2017-02-04,34.1,15.39,33.72,0.0,0.46
2017-02-05,35.5,16.4,34.28,0.0,0.46
2017-02-06,35.43,15.76,40.66,0.0,0.46
2017-02-07,33.96,14.59,47.34,0.0,0.46
2017-02-08,34.5,15.5,44.95,0.0,0.46
2017-02-09,36.02,17.96,32.35,0.0,0.46
2017-02-10,36.43,16.61,33.66,0.0,0.46
2017-02-11,36.13,16.2,30.31,0.0,0.46
2017-02-12,35.85,18.26,30.41,0.0,0.46
2017-02-13,35.16,19.82,31.69,0.0,0.46
2017-02-14,34.91,19.89,32.66,0.0,0.46
2017-02-15,34.36,21.12,36.29,0.0,0.46
2017-02-16,35.23,18.76,35.64,0.0,0.46
2017-02-17,35.78,19.2,37.68,0.0,0.46
2017-02-18,36.01,19.57,36.88,0.0,0.46
2017-02-19,36.04,20.02,34.03,0.0,0.46
2017-02-20,34.83,16.52,49.24,0.0,0.46
2017-02-21,35.04,17.69,59.6,0.0,0.46
2017-02-22,36.2,18.53,56.31,0.0,0.46
2017-02-23,36.73,17.68,56.59,0.0,0.46
2017-02-24,37.11,19.16,53.58,0.0,0.46
2017-02-25,35.64,17.92,46.44,0.0,0.46
2017-02-26,35.93,16.81,35.07,0.0,0.46
2017-02-27,35.51,15.99,40.73,0.0,0.46
2017-02-28,36.12,16.69,37.14,0.0,0.46
2017-03-01,36.85,17.32,37.18,0.0,0.46
2017-03-02,37.5,16.29,40.66,0.0,0.46
2017-03-03,37.99,16.92,41.9,0.0,0.46
2017-03-04,36.95,16.17,37.35,0.0,0.46
2017-03-05,36.42,15.94,50.77,0.41,0.46
2017-03-06,36.59,17.92,55.52,0.23,0.46
2017-03-07,36.7,19.86,55.78,0.07,0.46
2017-03-08,37.43,21.52,51.14,0.04,0.46
2017-03-09,36.78,20.39,58.04,5.56,0.46
2017-03-10,33.02,21.58,69.35,12.84,0.48
2017-03-11,34.14,21.12,73.83,26.32,0.52
2017-03-12,33.33,20.35,74.72,5.29,0.53
2017-03-13,33.61,21.06,63.49,0.0,0.53
2017-03-14,34.0,18.22,58.43,0.0,0.52
2017-03-15,34.84,18.21,56.91,0.0,0.52
2017-03-16,34.7,17.37,54.2,0.0,0.51
2017-03-17,34.62,15.37,51.87,0.0,0.51
2017-03-18,34.53,15.42,58.11,0.03,0.5
2017-03-19,34.62,18.07,60.75,0.34,0.5
2017-03-20,35.0,18.63,60.87,0.44,0.5
2017-03-21,32.9,19.39,58.16,0.0,0.49
2017-03-22,34.67,18.27,49.78,0.0,0.49
2017-03-23,36.42,18.26,51.18,0.0,0.49
2017-03-24,37.69,18.44,52.45,0.0,0.48
2017-03-25,37.57,18.85,55.38,0.02,0.48
2017-03-26,37.17,19.05,58.01,0.0,0.48
2017-03-27,39.32,20.81,49.81,0.0,0.47
2017-03-28,38.4,20.17,52.21,0.0,0.47
2017-03-29,38.35,20.22,53.59,0.0,0.47
2017-03-30,38.24,21.47,57.84,0.0,0.47
2017-03-31,39.1,21.5,55.5,0.0,0.47
2017-04-01,39.76,22.09,56.49,0.52,0.47
2017-04-02,39.32,22.21,57.84,0.61,0.47
2017-04-03,37.43,22.39,60.57,3.27,0.47
2017-04-04,37.41,23.59,57.16,0.98,0.47
2017-04-05,38.32,21.61,53.73,0.12,0.47
2017-04-06,40.09,21.74,50.31,0.06,0.47
2017-04-07,41.1,24.12,52.7,0.0,0.47
2017-04-08,41.78,24.64,50.94,0.0,0.46
2017-04-09,41.77,24.62,50.63,0.0,0.46
2017-04-10,41.37,23.92,51.74,0.0,0.46
2017-04-11,40.53,24.0,51.68,0.0,0.46
2017-04-12,39.95,24.69,46.09,0.0,0.46
2017-04-13,41.18,23.1,44.27,0.0,0.46
2017-04-14,39.14,22.94,45.84,0.97,0.46
2017-04-15,34.41,24.47,53.47,2.66,0.46
2017-04-16,32.29,22.86,65.64,2.91,0.47
2017-04-17,36.66,24.37,60.76,1.66,0.47
2017-04-18,37.0,23.28,55.53,1.27,0.47
2017-04-19,36.53,23.31,62.19,6.13,0.48
2017-04-20,35.83,22.48,67.23,15.8,0.5
2017-04-21,34.07,24.06,73.25,6.27,0.5
2017-04-22,34.6,23.12,71.02,6.27,0.51
2017-04-23,35.42,22.86,68.01,2.55,0.51
2017-04-24,35.92,23.29,67.96,1.61,0.51
2017-04-25,36.64,23.87,65.59,0.08,0.5
2017-04-26,38.08,24.09,64.26,0.03,0.5
2017-04-27,39.06,23.37,61.82,0.16,0.49
2017-04-28,37.47,24.03,63.79,3.0,0.49
2017-04-29,37.16,24.66,62.17,0.0,0.49
2017-04-30,38.51,24.43,58.73,0.35,0.49
2017-05-01,38.43,23.92,60.42,3.51,0.49
2017-05-02,39.77,23.6,56.14,0.0,0.48
2017-05-03,39.49,23.93,55.76,0.0,0.48
2017-05-04,40.46,24.9,55.31,0.15,0.48
2017-05-05,40.92,24.08,53.55,0.11,0.47
2017-05-06,41.03,23.91,52.0,0.0,0.47
2017-05-07,40.01,25.09,50.55,0.01,0.47
2017-05-08,39.54,25.58,51.58,0.0,0.47
2017-05-09,39.25,25.62,51.61,2.02,0.47
2017-05-10,37.22,27.09,53.79,0.66,0.47
2017-05-11,40.72,26.07,52.61,0.08,0.47
2017-05-12,40.25,27.83,53.09,0.8,0.47
2017-05-13,40.15,27.82,53.93,1.91,0.47
2017-05-14,39.0,27.58,55.13,0.09,0.47
2017-05-15,40.06,27.41,54.16,1.26,0.47
2017-05-16,40.34,26.99,52.96,2.08,0.47
2017-05-17,35.82,27.26,62.32,1.4,0.47
2017-05-18,38.59,26.21,61.75,3.62,0.47
2017-05-19,35.43,27.32,63.9,0.36,0.47
2017-05-20,39.38,27.15,59.57,0.0,0.47
2017-05-21,38.15,27.03,61.99,0.09,0.47
2017-05-22,40.27,27.05,59.99,0.28,0.47
2017-05-23,42.38,27.74,52.76,0.0,0.47
2017-05-24,39.82,28.78,57.23,0.03,0.46
2017-05-25,38.86,28.09,56.49,0.6,0.46
2017-05-26,39.32,28.95,51.46,0.09,0.46
2017-05-27,33.18,27.87,65.08,3.81,0.47
2017-05-28,37.08,26.08,63.99,6.92,0.48
2017-05-29,32.22,25.96,76.04,2.73,0.48
2017-05-30,34.54,25.12,70.52,4.28,0.48
2017-05-31,37.72,24.88,65.07,2.41,0.48
2017-06-01,38.33,26.24,62.41,1.0,0.48
2017-06-02,37.24,25.69,61.5,0.43,0.48
2017-06-03,39.07,25.85,60.22,0.14,0.47
2017-06-04,38.43,26.25,62.42,0.92,0.47
2017-06-05,37.68,26.63,60.98,0.18,0.47
2017-06-06,35.51,27.3,61.37,0.83,0.47
2017-06-07,36.91,26.37,63.74,3.79,0.47
2017-06-08,36.4,26.12,63.98,2.78,0.47
2017-06-09,32.89,26.11,68.64,1.07,0.47
2017-06-10,33.51,25.85,74.75,6.22,0.47
2017-06-11,31.62,25.58,81.43,29.15,0.51
2017-06-12,34.16,25.37,76.01,4.7,0.53
2017-06-13,31.47,26.29,81.32,5.24,0.53
2017-06-14,32.3,25.3,79.43,9.59,0.54
2017-06-15,34.11,24.94,71.82,1.38,0.54
2017-06-16,35.22,24.19,68.77,0.72,0.54
2017-06-17,34.19,25.15,74.69,8.5,0.54
2017-06-18,32.58,24.99,79.99,21.43,0.56
2017-06-19,31.91,24.25,75.34,4.85,0.58
2017-06-20,32.38,23.7,76.1,5.62,0.58
2017-06-21,33.27,24.08,78.14,4.75,0.58
2017-06-22,33.45,24.85,77.55,3.13,0.58
2017-06-23,34.35,25.59,74.33,0.08,0.57
2017-06-24,34.0,24.74,74.78,1.42,0.57
2017-06-25,33.41,24.93,74.55,1.6,0.56
2017-06-26,32.8,24.52,76.33,3.13,0.56
2017-06-27,33.8,23.93,76.69,0.41,0.56
2017-06-28,34.14,24.11,73.25,0.63,0.56
2017-06-29,33.95,25.65,73.61,1.87,0.55
2017-06-30,32.09,24.68,79.18,6.27,0.56
2017-07-01,32.17,24.81,77.32,9.32,0.57
2017-07-02,32.54,24.18,77.36,6.74,0.57
2017-07-03,32.61,24.26,74.82,2.17,0.57
2017-07-04,32.83,24.66,72.61,3.17,0.57
2017-07-05,31.86,24.0,77.26,0.1,0.56
2017-07-06,34.54,23.89,74.24,0.16,0.56
2017-07-07,32.94,24.12,72.54,0.18,0.55
2017-07-08,31.62,24.93,79.99,4.25,0.55
2017-07-09,32.5,24.85,78.59,1.84,0.56
2017-07-10,32.65,24.45,81.1,18.88,0.57
2017-07-11,31.79,24.23,80.64,10.9,0.59
2017-07-12,32.71,22.95,78.32,8.3,0.59
2017-07-13,31.41,23.8,80.59,6.8,0.6
2017-07-14,34.61,23.67,73.67,0.14,0.6
2017-07-15,31.55,25.35,80.87,0.71,0.59
2017-07-16,30.24,24.8,85.95,2.37,0.59
2017-07-17,32.26,24.9,83.33,5.13,0.59
2017-07-18,29.57,24.92,88.13,3.92,0.6
2017-07-19,32.47,24.83,78.89,12.79,0.6
2017-07-20,30.99,23.97,86.23,55.79,0.66
2017-07-21,29.49,24.17,86.89,9.66,0.7
2017-07-22,28.39,23.77,89.96,8.94,0.7
2017-07-23,29.31,23.85,88.51,6.23,0.7
2017-07-24,30.47,23.9,85.88,6.79,0.7
2017-07-25,30.96,23.67,84.34,8.65,0.7
2017-07-26,31.08,23.28,86.7,10.6,0.71
2017-07-27,32.12,23.76,83.15,1.1,0.71
2017-07-28,31.11,24.37,86.24,1.41,0.7
2017-07-29,29.33,24.82,87.98,0.29,0.7
2017-07-30,32.47,24.29,81.49,0.22,0.69
2017-07-31,32.29,24.25,82.86,2.72,0.68
2017-08-01,31.62,24.86,84.44,1.27,0.67
2017-08-02,31.73,24.9,84.67,2.14,0.67
2017-08-03,31.86,24.51,85.51,5.81,0.67
2017-08-04,32.24,24.47,84.66,4.48,0.67
2017-08-05,30.9,24.5,85.27,3.18,0.67
2017-08-06,30.61,24.52,83.72,0.63,0.66
2017-08-07,31.84,23.88,82.0,1.12,0.65
2017-08-08,29.71,24.26,87.49,10.77,0.66
2017-08-09,30.22,23.98,86.24,6.58,0.67
2017-08-10,31.41,23.69,84.5,6.07,0.67
2017-08-11,31.32,23.58,83.63,11.29,0.67
2017-08-12,31.29,23.81,83.16,2.41,0.67
2017-08-13,31.66,23.71,84.07,2.44,0.66
2017-08-14,30.85,24.21,84.17,1.28,0.66
2017-08-15,29.33,24.54,89.24,6.63,0.66
2017-08-16,29.77,23.93,85.64,1.56,0.66
2017-08-17,31.89,23.62,80.83,0.24,0.65
2017-08-18,31.95,23.43,80.94,0.74,0.64
2017-08-19,32.35,23.43,79.12,0.52,0.64
2017-08-20,31.4,24.43,82.08,4.71,0.64
2017-08-21,30.56,24.61,86.55,5.46,0.64
2017-08-22,32.55,23.39,78.57,0.95,0.64
2017-08-23,32.59,23.54,80.72,0.42,0.63
2017-08-24,32.79,24.93,79.34,0.76,0.62
2017-08-25,31.31,24.69,85.12,3.48,0.62
2017-08-26,29.95,24.02,87.04,7.2,0.62
2017-08-27,32.25,23.49,80.66,2.51,0.62
2017-08-28,33.51,23.53,76.83,0.52,0.62
2017-08-29,31.72,24.02,81.71,8.55,0.62
2017-08-30,31.04,23.71,83.29,1.76,0.62
2017-08-31,32.02,24.69,83.21,5.66,0.62
2017-09-01,31.41,23.97,84.4,15.36,0.63
2017-09-02,30.14,24.29,87.35,6.92,0.64
2017-09-03,32.59,24.0,81.52,0.9,0.64
2017-09-04,33.87,23.86,77.5,0.06,0.63
2017-09-05,31.69,25.31,81.88,0.42,0.62
2017-09-06,32.17,24.27,81.55,1.12,0.62
2017-09-07,32.6,24.14,81.81,5.29,0.62
2017-09-08,31.63,23.71,83.61,9.76,0.62
2017-09-09,32.75,23.45,81.19,4.52,0.63
2017-09-10,33.14,23.67,80.58,6.2,0.63
2017-09-11,32.63,23.73,78.78,3.12,0.62
2017-09-12,32.21,24.01,80.66,2.07,0.62
2017-09-13,32.79,24.14,80.05,3.55,0.62
2017-09-14,33.46,23.8,80.37,7.01,0.62
2017-09-15,33.68,24.53,77.26,0.67,0.62
2017-09-16,34.04,25.52,81.16,19.37,0.62
2017-09-17,29.63,24.91,88.12,9.77,0.65
2017-09-18,30.65,24.16,87.79,6.29,0.65
2017-09-19,30.19,24.5,89.08,15.71,0.67
2017-09-20,30.75,24.28,85.29,1.12,0.67
2017-09-21,31.3,24.83,84.23,0.07,0.66
2017-09-22,31.22,24.75,85.28,1.84,0.65
2017-09-23,32.11,24.85,84.2,1.39,0.65
2017-09-24,31.94,25.3,83.87,0.42,0.65
2017-09-25,33.05,24.86,81.27,1.02,0.64
2017-09-26,29.48,25.63,91.49,4.39,0.64
2017-09-27,30.72,24.5,87.78,5.59,0.64
2017-09-28,31.68,23.54,84.59,5.78,0.64
2017-09-29,32.9,23.4,80.73,4.1,0.64
2017-09-30,31.72,24.04,81.12,0.2,0.64
2017-10-01,31.98,24.51,81.61,0.79,0.63
2017-10-02,32.61,24.77,81.36,1.22,0.63
2017-10-03,32.56,24.73,78.74,53.08,0.63
2017-10-04,31.68,24.86,83.03,96.21,0.7
2017-10-05,30.8,23.82,85.44,14.08,0.71
2017-10-06,26.9,23.41,92.37,15.93,0.73
2017-10-07,30.66,22.67,86.27,4.57,0.73
2017-10-08,31.13,23.21,84.56,10.82,0.73
2017-10-09,30.48,23.93,83.71,0.68,0.73
2017-10-10,32.01,23.74,83.08,5.09,0.72
2017-10-11,30.59,25.09,88.63,3.24,0.72
2017-10-12,29.2,24.51,89.26,1.34,0.72
2017-10-13,30.76,23.52,86.65,3.9,0.72
2017-10-14,31.48,23.79,85.25,8.85,0.72
2017-10-15,32.17,23.4,81.85,0.19,0.71
2017-10-16,30.08,24.83,88.42,4.44,0.71
2017-10-17,28.02,24.05,92.47,5.57,0.71
2017-10-18,29.34,23.38,88.55,5.18,0.71
2017-10-19,29.79,22.63,88.58,2.75,0.71
2017-10-20,29.52,22.86,88.3,1.93,0.71
2017-10-21,30.22,22.96,88.2,4.46,0.7
2017-10-22,29.79,23.33,89.51,9.45,0.7
2017-10-23,30.54,21.74,85.2,0.73,0.7
2017-10-24,29.34,19.99,84.57,2.02,0.7
2017-10-25,29.67,20.41,79.9,15.97,0.71
2017-10-26,28.44,21.6,83.72,26.06,0.73
2017-10-27,29.96,22.87,82.73,0.01,0.74
2017-10-28,29.5,23.43,82.48,0.09,0.73
2017-10-29,28.66,22.88,87.0,0.5,0.72
2017-10-30,28.42,21.28,85.04,0.94,0.72
2017-10-31,27.54,20.81,77.84,0.31,0.71
2017-11-01,27.93,18.62,76.79,1.34,0.7
2017-11-02,28.98,18.89,79.75,0.0,0.7
2017-11-03,29.51,19.98,77.61,0.0,0.69
2017-11-04,29.97,20.17,71.84,0.0,0.68
2017-11-05,28.63,18.3,73.96,0.0,0.67
2017-11-06,28.74,18.35,73.89,0.0,0.66
2017-11-07,29.57,18.68,75.38,0.24,0.66
2017-11-08,30.47,19.31,74.04,0.09,0.65
2017-11-09,30.75,21.34,75.44,0.47,0.64
2017-11-10,30.59,22.57,77.4,0.01,0.64
2017-11-11,29.55,22.34,80.07,0.33,0.63
2017-11-12,30.67,22.45,81.47,1.83,0.63
2017-11-13,30.67,22.86,79.67,0.0,0.63
2017-11-14,31.09,22.24,79.08,0.0,0.62
2017-11-15,31.69,22.7,75.67,0.58,0.62
2017-11-16,32.22,23.24,74.49,0.02,0.61
2017-11-17,29.97,23.81,78.84,0.05,0.61
2017-11-18,32.68,22.81,75.01,0.0,0.6
2017-11-19,33.05,22.16,74.99,0.0,0.6
2017-11-20,33.46,22.07,74.29,0.0,0.59
2017-11-21,32.62,22.84,72.97,0.3,0.59
2017-11-22,28.87,23.42,85.86,5.04,0.58
2017-11-23,29.09,22.43,86.07,1.75,0.59
2017-11-24,29.65,22.22,81.57,0.46,0.59
2017-11-25,28.69,21.12,86.0,7.54,0.59
2017-11-26,30.21,21.22,83.16,1.3,0.59
2017-11-27,30.21,16.17,71.51,0.0,0.59
2017-11-28,29.46,14.24,60.94,0.0,0.58
2017-11-29,30.06,14.39,62.25,0.0,0.58
2017-11-30,30.36,15.0,63.35,0.0,0.57
2017-12-01,31.07,15.59,62.39,0.0,0.57
2017-12-02,30.95,16.11,66.05,0.0,0.56
2017-12-03,30.04,15.26,65.42,0.0,0.56
2017-12-04,30.45,15.04,55.38,0.0,0.55
2017-12-05,30.79,14.87,62.05,0.0,0.55
2017-12-06,29.25,16.62,69.74,0.0,0.55
2017-12-07,30.09,20.2,76.21,0.01,0.55
2017-12-08,32.49,21.69,76.59,3.53,0.55
2017-12-09,26.89,21.78,88.29,2.05,0.55
2017-12-10,30.85,21.21,80.18,1.73,0.55
2017-12-11,30.89,21.32,81.08,4.6,0.55
2017-12-12,30.52,20.03,81.41,0.94,0.55
2017-12-13,31.12,17.61,73.57,0.0,0.55
2017-12-14,30.66,17.49,68.21,0.0,0.54
2017-12-15,29.76,15.16,62.19,0.0,0.54
2017-12-16,30.0,13.62,64.03,0.0,0.54
2017-12-17,30.02,16.44,69.64,0.0,0.53
2017-12-18,30.18,18.96,68.15,0.0,0.53
2017-12-19,28.95,17.27,61.58,0.0,0.53
2017-12-20,27.39,14.07,56.15,0.01,0.52
2017-12-21,25.99,11.28,50.7,0.0,0.52
2017-12-22,26.99,11.4,55.39,0.0,0.52
2017-12-23,29.1,12.81,57.77,0.0,0.52
2017-12-24,30.4,12.55,56.07,0.0,0.51
2017-12-25,29.95,15.34,60.4,0.0,0.51
2017-12-26,30.23,15.64,62.96,0.01,0.51
2017-12-27,29.57,17.32,71.33,5.96,0.52
2017-12-28,29.94,17.31,67.1,0.21,0.52
2017-12-29,30.41,19.33,69.99,1.58,0.51
2017-12-30,30.51,18.95,72.39,2.51,0.51
2017-12-31,29.32,20.95,78.04,9.16,0.52
2018-01-01,25.26,20.7,87.55,14.57,0.54
2018-01-02,26.56,19.46,87.03,2.67,0.55
2018-01-03,27.59,19.92,85.03,6.69,0.56
2018-01-04,27.34,17.84,77.85,0.4,0.56
2018-01-05,28.08,15.69,72.15,0.62,0.55
2018-01-06,29.03,16.11,73.45,0.13,0.55
2018-01-07,28.16,16.41,61.11,0.04,0.55
2018-01-08,28.37,14.06,55.96,0.0,0.54
2018-01-09,29.25,14.21,59.63,0.0,0.54
2018-01-10,29.33,13.67,55.21,0.0,0.53
2018-01-11,29.68,10.52,52.88,0.0,0.53
2018-01-12,28.59,12.92,59.61,0.0,0.53
2018-01-13,28.46,12.86,68.28,0.0,0.53
2018-01-14,28.63,13.29,70.88,0.0,0.52
2018-01-15,28.27,14.22,68.04,0.0,0.52
2018-01-16,27.69,11.69,63.02,0.0,0.52
2018-01-17,28.84,11.65,61.5,0.0,0.52
2018-01-18,29.38,12.52,65.06,0.0,0.51
2018-01-19,30.46,13.24,57.8,0.0,0.51
2018-01-20,30.8,14.42,56.14,0.0,0.51
2018-01-21,29.9,13.02,53.71,0.0,0.51
2018-01-22,30.76,13.49,48.46,0.0,0.5
2018-01-23,31.35,11.67,49.51,0.0,0.5
2018-01-24,32.19,11.98,50.26,0.0,0.5
2018-01-25,31.82,13.59,55.03,0.0,0.49
2018-01-26,30.14,13.01,61.92,0.0,0.49
2018-01-27,29.77,12.66,54.53,0.0,0.49
2018-01-28,28.9,9.07,50.57,0.0,0.49
2018-01-29,28.3,9.25,43.71,0.0,0.49
2018-01-30,28.94,9.43,47.52,0.0,0.48
2018-01-31,28.7,9.69,54.15,0.0,0.48
2018-02-01,29.89,12.24,62.9,0.0,0.48
2018-02-02,29.83,12.72,64.39,0.0,0.48
2018-02-03,31.46,13.64,63.79,0.0,0.48
2018-02-04,31.88,12.79,59.58,0.0,0.48
2018-02-05,32.18,13.31,61.53,0.0,0.48
2018-02-06,32.13,14.96,61.92,0.0,0.47
2018-02-07,32.39,14.55,63.66,0.0,0.47
2018-02-08,32.15,14.99,63.34,0.0,0.47
2018-02-09,32.99,15.82,61.28,0.0,0.47
2018-02-10,33.32,15.97,54.74,0.0,0.47
2018-02-11,34.12,18.02,47.61,0.0,0.47
2018-02-12,34.15,19.45,43.84,0.0,0.47
2018-02-13,34.7,18.87,43.55,0.0,0.47
2018-02-14,35.8,19.25,40.38,0.0,0.47
2018-02-15,33.53,16.49,49.67,0.0,0.47
2018-02-16,33.39,15.76,35.01,0.0,0.46
2018-02-17,34.67,16.94,42.43,0.0,0.46
2018-02-18,33.17,16.68,42.19,0.0,0.46
2018-02-19,34.51,16.46,46.93,0.0,0.46
2018-02-20,34.99,14.71,47.37,0.0,0.46
2018-02-21,36.02,14.99,44.72,0.0,0.46
2018-02-22,34.92,14.98,51.82,0.01,0.46
2018-02-23,36.08,16.22,50.03,0.0,0.46
2018-02-24,35.55,17.09,48.82,0.0,0.46
2018-02-25,37.09,17.79,36.34,0.0,0.46
2018-02-26,37.8,18.85,34.64,0.0,0.46
2018-02-27,34.88,19.48,41.43,0.0,0.46
2018-02-28,35.25,20.05,35.93,0.0,0.46
2018-03-01,36.95,19.95,40.38,0.0,0.46
2018-03-02,37.53,17.99,48.41,0.0,0.46
2018-03-03,37.3,17.85,51.16,0.0,0.46
2018-03-04,37.19,17.46,50.46,0.0,0.46
2018-03-05,38.4,19.31,42.63,0.0,0.46
2018-03-06,39.09,20.0,40.09,0.0,0.46
2018-03-07,37.12,20.48,43.18,0.0,0.46
2018-03-08,37.94,20.43,28.8,0.0,0.46
2018-03-09,38.79,19.72,29.15,0.3,0.46
2018-03-10,37.88,18.76,34.14,0.0,0.46
2018-03-11,36.91,17.72,45.1,0.02,0.46
2018-03-12,36.43,18.5,47.74,0.0,0.46
2018-03-13,36.95,19.08,41.04,0.01,0.46
2018-03-14,36.66,19.14,42.36,0.01,0.46
2018-03-15,38.03,19.67,47.77,0.0,0.46
2018-03-16,37.88,19.89,47.42,0.0,0.46
2018-03-17,36.69,21.32,46.39,0.0,0.46
2018-03-18,38.2,20.2,42.42,0.0,0.46
2018-03-19,37.82,22.05,37.86,0.0,0.46
2018-03-20,37.96,20.66,30.9,0.0,0.46
2018-03-21,38.6,21.2,41.15,0.0,0.46
2018-03-22,38.72,20.95,47.05,0.0,0.46
2018-03-23,38.11,21.34,47.74,0.0,0.46
2018-03-24,39.45,21.16,45.92,0.0,0.46
2018-03-25,39.14,21.75,47.79,0.0,0.46
2018-03-26,39.55,22.51,47.54,0.01,0.46
2018-03-27,38.16,21.72,54.88,0.0,0.46
2018-03-28,38.2,21.91,51.89,0.0,0.46
2018-03-29,39.25,23.16,47.17,0.0,0.46
2018-03-30,36.69,21.42,47.1,0.01,0.46
2018-03-31,39.01,22.73,46.89,1.94,0.46
2018-04-01,38.38,23.65,42.26,0.83,0.46
2018-04-02,38.44,24.91,42.4,0.0,0.46
2018-04-03,38.34,24.08,43.96,0.06,0.46
2018-04-04,39.21,22.21,44.93,0.02,0.46
2018-04-05,39.07,22.08,49.63,0.2,0.46
2018-04-06,38.9,21.97,47.82,0.05,0.46
2018-04-07,39.44,25.23,39.88,0.04,0.46
2018-04-08,37.96,24.72,38.42,0.04,0.46
2018-04-09,38.64,23.7,45.54,0.25,0.46
2018-04-10,39.64,23.37,45.62,1.01,0.46
2018-04-11,40.36,23.41,40.53,0.0,0.46
2018-04-12,38.08,23.78,44.5,0.0,0.46
2018-04-13,37.21,23.85,49.37,0.0,0.46
2018-04-14,42.41,24.29,40.03,0.0,0.46
2018-04-15,40.82,23.94,45.94,0.0,0.46
2018-04-16,40.98,24.79,43.36,0.7,0.46
2018-04-17,41.43,24.21,47.33,1.58,0.46
2018-04-18,39.51,23.92,51.77,1.9,0.46
2018-04-19,38.22,23.6,55.09,3.97,0.47
2018-04-20,38.76,22.88,55.99,0.02,0.47
2018-04-21,39.94,24.26,54.42,0.02,0.47
2018-04-22,40.81,24.53,53.23,0.12,0.46
2018-04-23,40.93,24.77,53.69,0.26,0.46
2018-04-24,40.72,25.49,50.71,0.01,0.46
2018-04-25,39.8,25.71,50.64,0.14,0.46
2018-04-26,40.01,23.62,52.01,0.54,0.46
2018-04-27,39.76,24.42,52.9,0.99,0.46
2018-04-28,40.43,25.02,46.74,1.59,0.46
2018-04-29,38.67,24.05,52.72,3.8,0.47
2018-04-30,39.54,23.91,48.33,0.15,0.47
2018-05-01,40.09,23.88,48.84,6.19,0.47
2018-05-02,36.49,25.88,58.9,2.71,0.48
2018-05-03,38.21,25.54,51.08,0.14,0.47
2018-05-04,38.29,25.9,52.32,0.84,0.47
2018-05-05,39.03,25.18,55.42,0.33,0.47
2018-05-06,40.84,25.18,53.52,0.24,0.47
2018-05-07,40.95,26.17,52.53,0.01,0.47
2018-05-08,38.66,27.33,55.91,0.07,0.46
2018-05-09,37.99,27.55,51.37,0.03,0.46
2018-05-10,40.31,26.39,51.51,3.01,0.46
2018-05-11,35.1,26.62,60.42,1.58,0.47
2018-05-12,32.97,25.28,69.04,10.03,0.48
2018-05-13,31.22,24.03,78.39,7.87,0.49
2018-05-14,33.56,23.92,69.61,1.3,0.5
2018-05-15,37.27,23.54,59.94,0.04,0.49
2018-05-16,38.26,22.98,57.49,0.13,0.49
2018-05-17,38.17,23.45,59.39,1.23,0.48
2018-05-18,36.74,24.8,60.01,0.26,0.48
2018-05-19,37.75,23.7,60.17,0.02,0.48
2018-05-20,38.18,25.15,58.42,0.01,0.47
2018-05-21,40.22,25.08,56.11,0.05,0.47
2018-05-22,38.9,25.75,55.56,0.12,0.47
2018-05-23,39.68,25.66,58.09,4.88,0.47
2018-05-24,36.12,25.35,68.28,2.23,0.47
2018-05-25,36.41,25.49,67.36,4.47,0.48
2018-05-26,33.67,25.43,74.27,6.46,0.48
2018-05-27,32.99,25.58,71.88,0.76,0.48
2018-05-28,30.88,25.25,80.18,2.38,0.48
2018-05-29,29.37,25.3,82.87,3.18,0.49
2018-05-30,32.75,25.45,77.26,3.67,0.49
2018-05-31,35.6,25.49,70.06,1.24,0.49
2018-06-01,38.22,24.77,59.44,0.23,0.49
2018-06-02,35.37,25.79,64.38,1.06,0.48
2018-06-03,36.28,25.31,61.98,0.19,0.48
2018-06-04,37.55,24.81,63.49,3.77,0.48
2018-06-05,37.16,25.66,63.37,0.35,0.48
2018-06-06,35.5,26.62,66.0,1.61,0.48
2018-06-07,34.9,26.32,69.15,1.63,0.48
2018-06-08,33.1,26.1,72.14,2.05,0.48
2018-06-09,33.04,25.62,75.7,4.71,0.48
2018-06-10,32.27,25.26,77.94,18.81,0.5
2018-06-11,30.64,25.69,82.46,14.91,0.53
2018-06-12,33.01,25.59,74.96,23.86,0.56
2018-06-13,29.65,25.37,82.61,46.66,0.61
2018-06-14,32.24,24.68,80.95,3.17,0.63
2018-06-15,32.59,24.95,77.97,2.22,0.62
2018-06-16,33.69,24.42,79.41,1.86,0.62
2018-06-17,34.78,24.02,77.69,0.89,0.61
2018-06-18,33.37,24.52,80.15,15.79,0.62
2018-06-19,32.73,24.82,78.59,0.31,0.62
2018-06-20,32.64,25.28,79.7,4.48,0.62
2018-06-21,32.78,24.36,82.35,10.69,0.62
2018-06-22,31.49,24.61,83.73,11.42,0.63
2018-06-23,31.9,24.71,82.17,8.35,0.65
2018-06-24,31.31,24.22,82.77,7.03,0.65
2018-06-25,31.46,23.75,81.7,2.57,0.65
2018-06-26,31.08,23.59,82.08,4.78,0.64
2018-06-27,31.26,23.52,81.8,2.07,0.64
2018-06-28,32.35,23.39,81.04,4.64,0.64
2018-06-29,32.9,22.86,78.89,2.21,0.63
2018-06-30,32.41,24.14,80.36,0.59,0.63
2018-07-01,31.06,24.1,81.39,3.5,0.62
2018-07-02,31.61,24.08,81.36,1.53,0.62
2018-07-03,31.09,24.55,82.12,6.78,0.62
2018-07-04,32.28,23.97,81.12,9.44,0.63
2018-07-05,32.66,24.25,82.18,0.28,0.63
2018-07-06,33.72,23.62,79.68,6.15,0.62
2018-07-07,31.5,24.7,82.88,5.41,0.63
2018-07-08,31.45,24.52,83.79,12.17,0.64
2018-07-09,32.32,24.26,81.02,3.95,0.64
2018-07-10,31.36,24.41,81.7,0.49,0.63
2018-07-11,32.23,24.4,83.92,4.96,0.63
2018-07-12,33.27,24.55,80.02,0.29,0.63
2018-07-13,31.29,24.67,83.76,0.53,0.62
2018-07-14,32.31,25.35,82.16,2.27,0.62
2018-07-15,32.42,25.04,82.57,6.64,0.62
2018-07-16,31.98,24.41,82.55,9.84,0.62
2018-07-17,32.98,24.44,81.98,10.83,0.64
2018-07-18,33.56,24.56,80.94,2.9,0.64
2018-07-19,31.48,25.76,82.55,2.65,0.63
2018-07-20,30.69,25.61,85.07,4.96,0.63
2018-07-21,29.72,25.27,88.46,3.13,0.63
2018-07-22,30.04,24.88,87.98,10.89,0.64
2018-07-23,30.15,24.44,85.45,4.47,0.65
2018-07-24,31.04,23.9,84.36,13.89,0.66
2018-07-25,30.29,23.83,87.16,14.31,0.67
2018-07-26,30.94,24.38,84.88,12.84,0.68
2018-07-27,28.7,24.13,87.82,3.81,0.69
2018-07-28,31.25,23.63,85.57,4.49,0.68
2018-07-29,30.65,24.07,86.38,3.44,0.68
2018-07-30,30.73,23.93,85.61,8.51,0.68
2018-07-31,29.14,24.04,87.34,4.78,0.69
2018-08-01,30.01,23.85,84.55,4.58,0.68
2018-08-02,30.58,23.07,82.94,1.0,0.68
2018-08-03,31.15,22.7,83.57,3.9,0.67
2018-08-04,30.77,23.14,85.55,0.24,0.67
2018-08-05,31.34,23.88,83.38,0.87,0.66
2018-08-06,30.3,23.87,86.35,0.26,0.66
2018-08-07,31.61,23.71,85.24,0.18,0.65
2018-08-08,31.76,24.83,81.78,0.04,0.64
2018-08-09,33.45,23.81,78.73,2.35,0.64
2018-08-10,31.87,24.62,83.6,8.32,0.64
2018-08-11,32.16,24.04,81.55,1.11,0.64
2018-08-12,31.1,24.47,85.45,3.31,0.63
2018-08-13,31.49,25.14,85.56,2.84,0.63
2018-08-14,31.97,24.95,83.86,2.04,0.63
2018-08-15,31.98,24.78,85.92,7.27,0.63
2018-08-16,33.26,24.41,82.04,1.38,0.63
2018-08-17,30.96,24.48,85.53,6.7,0.63
2018-08-18,28.92,24.36,89.95,2.3,0.63
2018-08-19,32.88,23.84,82.27,1.52,0.63
2018-08-20,31.25,24.42,85.27,6.19,0.63
2018-08-21,31.35,24.49,86.2,18.22,0.64
2018-08-22,32.53,24.04,82.67,2.28,0.65
2018-08-23,30.21,23.9,87.76,1.84,0.64
2018-08-24,31.95,24.3,83.73,3.46,0.64
2018-08-25,31.51,24.47,83.92,1.32,0.64
2018-08-26,31.18,24.19,85.08,2.43,0.63
2018-08-27,32.05,24.24,82.79,0.49,0.63
2018-08-28,31.87,23.7,81.04,1.02,0.62
2018-08-29,32.4,23.88,78.26,0.59,0.61
2018-08-30,32.85,23.58,78.55,0.33,0.61
2018-08-31,31.66,24.14,81.31,3.05,0.6
2018-09-01,30.69,23.42,83.38,4.12,0.61
2018-09-02,32.18,23.54,81.35,2.99,0.6
2018-09-03,31.16,23.99,84.67,8.1,0.6
2018-09-04,30.39,24.54,84.88,0.75,0.61
2018-09-05,30.98,23.6,83.35,7.73,0.61
2018-09-06,31.46,22.91,83.36,3.89,0.61
2018-09-07,32.74,22.88,77.29,0.01,0.61
2018-09-08,33.09,23.64,75.99,0.45,0.6
2018-09-09,32.78,24.45,78.01,2.8,0.6
2018-09-10,33.31,24.36,75.02,0.39,0.59
2018-09-11,33.95,23.97,75.41,0.25,0.59
2018-09-12,34.39,23.76,75.53,4.43,0.58
2018-09-13,32.22,24.34,81.27,7.83,0.59
2018-09-14,32.85,24.18,77.82,3.22,0.59
2018-09-15,35.96,24.71,70.75,0.1,0.59
2018-09-16,34.23,25.41,74.44,0.55,0.58
2018-09-17,33.88,25.02,78.6,6.27,0.58
2018-09-18,31.27,25.5,82.38,3.24,0.59
2018-09-19,32.05,24.43,82.8,6.25,0.59
2018-09-20,31.84,23.48,77.42,0.74,0.59
2018-09-21,33.5,23.19,77.09,0.33,0.58
2018-09-22,34.66,23.79,75.52,1.21,0.57
2018-09-23,33.29,25.41,77.64,0.08,0.57
2018-09-24,34.47,24.63,73.68,0.27,0.57
2018-09-25,35.28,23.89,72.2,0.26,0.56
2018-09-26,35.21,24.05,72.67,0.55,0.55
2018-09-27,34.99,24.37,73.85,0.64,0.55
2018-09-28,33.41,25.41,76.46,0.06,0.55
2018-09-29,33.17,25.46,75.03,0.25,0.54
2018-09-30,35.63,25.41,70.37,1.71,0.54
2018-10-01,31.0,24.79,83.58,19.37,0.56
2018-10-02,29.13,24.6,88.14,13.0,0.58
2018-10-03,31.34,23.77,82.32,4.17,0.59
2018-10-04,29.9,24.32,83.33,0.0,0.59
2018-10-05,31.29,23.97,79.49,0.03,0.58
2018-10-06,33.68,24.72,73.76,0.39,0.58
2018-10-07,32.66,23.48,77.22,6.06,0.57
2018-10-08,31.58,23.93,77.99,1.64,0.58
2018-10-09,29.78,23.25,80.1,7.89,0.58
2018-10-10,28.51,22.74,87.1,16.54,0.6
2018-10-11,27.82,23.34,89.67,12.5,0.61
2018-10-12,28.25,22.51,86.97,46.5,0.66
2018-10-13,29.12,22.26,88.02,2.38,0.69
2018-10-14,28.48,22.54,91.22,6.55,0.68
2018-10-15,30.57,21.94,84.98,0.0,0.68
2018-10-16,31.12,22.89,81.06,0.0,0.67
2018-10-17,30.28,21.65,81.78,0.01,0.66
2018-10-18,29.72,19.64,79.22,0.21,0.65
2018-10-19,31.14,19.11,75.76,0.29,0.64
2018-10-20,32.17,20.11,74.86,0.48,0.64
2018-10-21,31.61,21.8,79.09,3.76,0.63
2018-10-22,29.86,23.51,83.15,2.71,0.63
2018-10-23,29.2,23.08,87.95,2.62,0.63
2018-10-24,30.68,23.49,86.39,2.9,0.63
2018-10-25,30.75,22.76,83.68,1.29,0.62
2018-10-26,31.13,22.86,81.36,0.01,0.62
2018-10-27,31.26,23.69,77.89,0.05,0.61
2018-10-28,29.73,22.75,81.6,0.86,0.61
2018-10-29,28.89,21.02,77.79,1.74,0.61
2018-10-30,28.89,20.34,81.27,2.02,0.6
2018-10-31,28.94,20.98,80.83,0.0,0.6
2018-11-01,30.98,19.61,74.4,0.0,0.6
2018-11-02,31.52,19.87,68.63,0.04,0.59
2018-11-03,31.85,20.17,69.59,0.0,0.58
2018-11-04,32.53,20.36,75.61,0.0,0.58
2018-11-05,32.65,20.15,70.77,0.0,0.57
2018-11-06,32.78,18.88,69.81,0.01,0.57
2018-11-07,32.87,18.76,62.98,0.0,0.56
2018-11-08,33.02,19.12,59.36,0.0,0.56
2018-11-09,32.26,18.12,67.78,2.27,0.55
2018-11-10,29.85,21.2,79.48,2.7,0.55
2018-11-11,31.13,22.52,79.16,0.61,0.55
2018-11-12,31.09,21.92,76.91,1.48,0.55
2018-11-13,31.35,21.35,76.58,0.03,0.55
2018-11-14,32.26,21.56,74.06,0.0,0.54
2018-11-15,33.11,21.74,67.26,0.0,0.54
2018-11-16,33.52,21.19,57.9,0.0,0.54
2018-11-17,34.31,20.31,57.74,0.0,0.53
2018-11-18,33.13,19.26,58.74,0.07,0.53
2018-11-19,32.93,19.09,59.67,0.0,0.52
2018-11-20,32.76,16.88,56.95,0.0,0.52
2018-11-21,32.57,15.56,62.86,0.0,0.52
2018-11-22,32.81,16.13,53.45,0.0,0.51
2018-11-23,32.45,17.21,56.48,0.0,0.51
2018-11-24,31.61,16.33,65.81,0.0,0.51
2018-11-25,32.33,16.84,61.88,0.0,0.51
2018-11-26,32.34,16.35,57.6,0.0,0.5
2018-11-27,32.47,18.42,55.5,0.0,0.5
2018-11-28,31.77,18.34,53.07,0.0,0.5
2018-11-29,31.34,16.11,57.01,0.0,0.49
2018-11-30,31.82,17.31,56.58,0.0,0.49
2018-12-01,32.46,16.54,64.51,0.0,0.49
2018-12-02,32.61,19.88,62.29,0.0,0.49
2018-12-03,33.42,19.02,60.6,0.0,0.49
2018-12-04,33.76,19.77,57.45,0.0,0.48
2018-12-05,33.35,17.37,51.14,0.0,0.48
2018-12-06,31.5,14.68,43.19,0.0,0.48
2018-12-07,31.79,17.57,42.09,0.12,0.48
2018-12-08,32.12,16.82,60.34,1.45,0.48
2018-12-09,32.2,17.68,59.75,0.0,0.48
2018-12-10,32.45,18.39,61.18,0.36,0.48
2018-12-11,28.74,20.81,80.71,5.78,0.48
2018-12-12,31.57,21.38,73.64,0.55,0.48
2018-12-13,27.56,20.45,83.08,4.35,0.49
2018-12-14,29.72,21.51,77.52,0.0,0.49
2018-12-15,32.24,21.13,65.86,0.0,0.49
2018-12-16,34.32,20.11,60.21,0.0,0.48
2018-12-17,34.19,19.71,57.69,0.03,0.48
2018-12-18,33.61,21.01,62.1,0.08,0.48
2018-12-19,32.17,21.98,65.62,0.3,0.48
2018-12-20,33.24,20.43,62.73,0.17,0.48
2018-12-21,33.58,17.45,58.25,0.0,0.47
2018-12-22,33.52,19.38,49.07,0.0,0.47
2018-12-23,33.77,17.75,47.14,0.0,0.47
2018-12-24,33.56,18.53,47.09,0.0,0.47
2018-12-25,32.48,16.26,54.08,0.0,0.47
2018-12-26,30.98,13.65,45.99,0.0,0.47
2018-12-27,30.31,13.09,52.77,0.0,0.47
2018-12-28,30.5,14.61,51.94,0.01,0.47
2018-12-29,30.37,13.01,48.97,1.38,0.47
2018-12-30,29.35,13.31,60.96,5.53,0.48
2018-12-31,29.37,15.12,62.16,0.71,0.48
2019-01-01,30.64,17.47,54.55,0.0,0.47
2019-01-02,31.61,17.4,52.44,0.0,0.47
2019-01-03,31.19,16.23,53.04,0.0,0.47
2019-01-04,31.08,14.75,49.75,0.0,0.47
2019-01-05,32.04,14.83,42.19,0.0,0.47
2019-01-06,32.49,14.64,50.76,0.75,0.47
2019-01-07,30.99,19.59,65.43,14.8,0.48
2019-01-08,25.93,19.38,88.0,7.27,0.51
2019-01-09,29.63,15.92,65.65,0.09,0.5
2019-01-10,29.76,14.57,54.07,0.1,0.5
2019-01-11,29.8,12.94,52.25,0.0,0.5
2019-01-12,30.58,13.75,51.38,0.0,0.49
2019-01-13,31.11,13.62,50.46,0.0,0.49
2019-01-14,29.99,14.53,45.84,0.0,0.49
2019-01-15,30.25,13.76,47.44,0.0,0.49
2019-01-16,29.19,11.59,48.87,0.0,0.48
2019-01-17,30.27,12.15,49.88,0.0,0.48
2019-01-18,31.39,14.44,52.97,0.3,0.48
2019-01-19,31.45,15.44,52.0,0.0,0.48
2019-01-20,31.25,13.75,38.62,0.0,0.48
2019-01-21,31.33,13.29,43.48,0.0,0.47
2019-01-22,32.17,13.77,36.62,0.0,0.47
2019-01-23,32.68,13.74,34.24,0.0,0.47
2019-01-24,32.69,13.96,31.22,0.0,0.47
2019-01-25,32.03,13.36,28.74,0.0,0.47
2019-01-26,33.11,13.88,36.35,0.0,0.47
2019-01-27,33.48,18.87,37.9,0.0,0.47
2019-01-28,33.33,18.6,43.74,0.0,0.46
2019-01-29,33.06,17.32,48.72,0.0,0.46
2019-01-30,31.26,15.58,47.95,0.0,0.46
2019-01-31,31.98,13.55,33.38,0.0,0.46
2019-02-01,34.04,13.75,29.65,0.0,0.46
2019-02-02,34.99,15.99,33.24,0.0,0.46
2019-02-03,34.2,16.25,40.95,0.0,0.46
2019-02-04,34.66,16.23,29.15,0.0,0.46
2019-02-05,34.43,14.4,25.99,0.0,0.46
2019-02-06,35.15,14.07,27.25,0.0,0.46
2019-02-07,34.92,13.42,29.15,0.0,0.46
2019-02-08,36.66,16.99,22.14,0.0,0.46
2019-02-09,37.28,15.99,33.62,0.0,0.46
2019-02-10,36.1,17.54,43.38,0.0,0.46
2019-02-11,36.14,17.6,37.67,0.0,0.46
2019-02-12,37.65,17.2,31.75,0.0,0.46
2019-02-13,37.07,17.85,26.65,0.0,0.46
2019-02-14,37.98,16.78,24.59,0.0,0.46
2019-02-15,37.37,16.82,36.39,0.0,0.46
2019-02-16,37.12,16.42,43.97,0.01,0.46
2019-02-17,34.67,16.74,52.67,0.22,0.46
2019-02-18,33.46,17.84,51.68,0.0,0.46
2019-02-19,33.82,17.76,54.33,0.0,0.46
2019-02-20,34.9,16.18,44.86,0.0,0.46
2019-02-21,35.66,16.95,32.05,0.0,0.46
2019-02-22,35.82,17.65,35.73,0.0,0.46
2019-02-23,37.62,18.47,38.33,0.0,0.46
2019-02-24,37.46,19.75,43.05,0.01,0.46
2019-02-25,37.99,18.78,45.13,0.59,0.46
2019-02-26,37.98,21.03,33.85,0.07,0.46
2019-02-27,37.0,20.3,35.67,0.06,0.46
2019-02-28,36.68,17.85,45.84,0.12,0.46
2019-03-01,35.81,18.34,48.12,0.0,0.46
2019-03-02,34.77,18.66,40.57,0.0,0.46
2019-03-03,35.63,16.29,27.44,0.0,0.46
2019-03-04,37.58,17.7,33.68,0.0,0.46
2019-03-05,37.42,18.97,43.83,0.3,0.46
2019-03-06,36.32,19.02,55.51,0.01,0.46
2019-03-07,35.4,20.91,61.28,0.0,0.46
2019-03-08,35.91,21.36,59.18,0.01,0.46
2019-03-09,34.52,17.53,42.38,0.0,0.46
2019-03-10,34.43,16.58,38.18,0.0,0.46
2019-03-11,36.65,18.04,38.32,0.0,0.46
2019-03-12,36.56,19.93,38.15,0.0,0.46
2019-03-13,38.21,20.14,34.18,0.0,0.46
2019-03-14,38.1,20.08,27.61,0.0,0.46
2019-03-15,40.47,21.69,35.21,0.0,0.46
2019-03-16,40.67,22.29,38.72,0.0,0.46
2019-03-17,39.33,22.28,38.69,0.03,0.46
2019-03-18,39.15,21.71,39.11,0.71,0.46
2019-03-19,39.33,20.34,41.02,0.0,0.46
2019-03-20,38.12,20.55,41.29,0.0,0.46
2019-03-21,38.0,19.78,42.03,0.0,0.46
2019-03-22,38.36,20.28,36.27,0.07,0.46
2019-03-23,39.25,20.85,43.82,0.0,0.46
2019-03-24,38.68,21.28,40.59,0.0,0.46
2019-03-25,40.07,20.51,35.02,0.0,0.46
2019-03-26,40.97,20.9,33.88,0.0,0.46
2019-03-27,39.23,18.93,45.58,0.04,0.46
2019-03-28,37.74,21.44,43.47,0.0,0.46
2019-03-29,39.91,21.6,35.09,0.0,0.46
2019-03-30,40.36,21.15,38.84,0.0,0.46
2019-03-31,38.58,20.29,51.65,0.3,0.46
2019-04-01,39.42,22.15,50.05,0.01,0.46
2019-04-02,39.95,23.92,44.71,0.03,0.46
2019-04-03,40.31,23.34,37.67,0.0,0.46
2019-04-04,39.91,22.03,34.6,0.0,0.46
2019-04-05,40.95,23.42,31.49,0.0,0.46
2019-04-06,39.47,25.07,35.25,0.0,0.46
2019-04-07,40.48,23.81,35.94,0.01,0.46
2019-04-08,40.16,23.21,39.02,0.04,0.46
2019-04-09,39.63,23.67,38.91,0.12,0.46
2019-04-10,40.51,22.82,38.46,0.0,0.46
2019-04-11,40.07,24.35,36.79,0.0,0.46
2019-04-12,40.14,24.32,44.26,0.0,0.46
2019-04-13,41.27,24.65,45.5,0.0,0.46
2019-04-14,41.83,24.73,46.53,0.0,0.46
2019-04-15,42.22,26.17,47.03,0.0,0.46
2019-04-16,42.79,25.83,40.83,0.0,0.46
2019-04-17,43.33,26.48,39.75,0.0,0.46
2019-04-18,43.19,27.36,44.05,0.0,0.46
2019-04-19,42.67,25.26,44.81,0.0,0.46
2019-04-20,41.84,24.83,38.58,0.0,0.46
2019-04-21,41.76,25.84,32.82,0.02,0.46
2019-04-22,42.19,24.42,33.89,0.0,0.46
2019-04-23,42.32,25.23,38.64,0.0,0.46
2019-04-24,42.71,25.75,35.14,0.0,0.46
2019-04-25,43.45,25.0,39.08,0.0,0.46
2019-04-26,42.6,24.37,42.95,0.0,0.46
2019-04-27,42.43,24.79,42.26,0.0,0.46
2019-04-28,42.46,25.23,46.25,0.0,0.46
2019-04-29,42.61,25.55,47.09,0.0,0.46
2019-04-30,42.48,25.08,47.94,0.0,0.46
2019-05-01,41.27,25.84,51.99,0.01,0.46
2019-05-02,40.05,27.5,50.05,0.0,0.46
2019-05-03,42.68,26.99,49.58,0.0,0.46
2019-05-04,41.44,27.58,53.03,0.02,0.46
2019-05-05,38.71,27.41,55.95,0.0,0.46
2019-05-06,41.8,26.09,50.1,0.0,0.46
2019-05-07,41.97,26.75,47.38,0.0,0.46
2019-05-08,43.36,26.38,43.17,0.0,0.46
2019-05-09,41.38,27.12,47.67,0.0,0.46
2019-05-10,41.08,27.43,49.36,0.0,0.45
2019-05-11,40.18,27.92,54.56,0.28,0.46
2019-05-12,40.76,26.94,57.12,5.45,0.46
2019-05-13,38.49,27.86,56.5,2.19,0.47
2019-05-14,37.71,26.94,61.38,2.32,0.47
2019-05-15,40.68,27.14,52.5,1.64,0.47
2019-05-16,39.57,26.38,61.56,15.27,0.48
2019-05-17,39.15,25.59,58.7,0.01,0.49
2019-05-18,40.36,27.01,53.02,0.01,0.48
2019-05-19,39.92,27.28,56.86,1.48,0.48
2019-05-20,39.9,27.47,55.66,0.23,0.48
2019-05-21,36.91,28.26,59.13,1.06,0.47
2019-05-22,36.34,26.88,67.95,5.65,0.48
2019-05-23,34.79,25.36,68.5,0.52,0.48
2019-05-24,33.8,25.99,71.22,6.01,0.48
2019-05-25,36.29,25.6,68.6,3.98,0.49
2019-05-26,36.5,26.42,66.55,1.31,0.49
2019-05-27,37.51,26.32,64.08,0.71,0.48
2019-05-28,38.65,27.2,62.54,4.48,0.48
2019-05-29,35.87,26.24,67.4,3.96,0.49
2019-05-30,36.7,26.3,69.49,6.46,0.5
2019-05-31,38.98,25.98,61.65,0.21,0.49
2019-06-01,38.01,26.27,59.04,0.21,0.49
2019-06-02,36.86,26.31,63.21,0.82,0.48
2019-06-03,35.14,26.29,67.96,0.68,0.48
2019-06-04,34.42,25.5,71.94,4.61,0.48
2019-06-05,36.65,25.5,67.78,2.71,0.49
2019-06-06,34.97,25.8,68.03,2.13,0.48
2019-06-07,37.57,24.71,64.6,0.72,0.48
2019-06-08,36.83,26.15,65.45,1.08,0.48
2019-06-09,34.71,26.59,71.47,1.89,0.48
2019-06-10,34.86,26.5,70.65,0.62,0.48
2019-06-11,35.92,25.56,64.56,0.01,0.48
2019-06-12,34.17,26.71,68.97,1.66,0.48
2019-06-13,35.63,25.93,67.43,0.33,0.48
2019-06-14,36.34,25.21,63.81,3.7,0.47
2019-06-15,35.01,25.32,71.97,5.91,0.48
2019-06-16,34.87,25.94,71.4,2.82,0.48
2019-06-17,37.16,25.81,66.42,24.65,0.48
2019-06-18,33.28,25.5,78.19,24.0,0.55
2019-06-19,34.1,25.02,78.82,3.65,0.56
2019-06-20,35.26,25.46,71.4,0.16,0.55
2019-06-21,36.03,26.1,71.25,0.24,0.54
2019-06-22,37.51,25.56,66.15,0.05,0.54
2019-06-23,39.23,25.36,63.53,0.37,0.53
2019-06-24,36.91,26.7,64.73,0.34,0.53
2019-06-25,35.54,26.72,70.26,1.14,0.52
2019-06-26,33.66,25.39,75.7,8.98,0.53
2019-06-27,35.04,24.67,69.46,0.38,0.53
2019-06-28,36.86,25.12,66.32,0.61,0.53
2019-06-29,34.03,26.3,70.33,2.06,0.52
2019-06-30,35.17,25.08,71.98,1.53,0.52
2019-07-01,32.35,25.35,74.84,1.59,0.52
2019-07-02,34.28,24.6,70.18,3.92,0.52
2019-07-03,34.44,24.35,74.34,17.72,0.53
2019-07-04,32.62,25.09,78.05,6.73,0.55
2019-07-05,33.16,24.98,77.44,8.98,0.56
2019-07-06,34.49,24.66,75.21,11.33,0.56
2019-07-07,33.72,24.66,75.63,6.58,0.57
2019-07-08,32.79,25.04,77.07,8.47,0.58
2019-07-09,32.59,24.68,79.43,7.92,0.58
2019-07-10,32.73,24.95,78.95,6.73,0.59
2019-07-11,33.33,24.72,76.96,4.68,0.59
2019-07-12,32.66,24.2,80.4,8.54,0.59
2019-07-13,31.43,24.46,81.74,6.65,0.6
2019-07-14,31.78,24.58,80.97,9.2,0.6
2019-07-15,33.63,24.59,77.42,0.19,0.6
2019-07-16,32.12,24.78,77.43,0.03,0.6
2019-07-17,35.24,23.88,72.82,0.68,0.59
2019-07-18,35.79,24.56,69.97,0.05,0.58
2019-07-19,35.28,25.39,72.16,0.0,0.57
2019-07-20,35.09,25.42,71.73,0.03,0.57
2019-07-21,32.26,25.88,75.0,0.04,0.56
2019-07-22,32.04,25.41,75.96,0.78,0.56
2019-07-23,33.11,24.48,78.68,10.94,0.57
2019-07-24,29.96,25.1,86.49,16.02,0.59
2019-07-25,32.67,24.89,82.02,12.22,0.6
2019-07-26,31.26,24.09,80.66,3.81,0.61
2019-07-27,30.45,23.73,82.83,6.11,0.61
2019-07-28,31.9,23.63,80.15,3.16,0.61
2019-07-29,31.27,23.53,81.82,5.59,0.61
2019-07-30,30.33,24.3,82.97,1.38,0.61
2019-07-31,30.51,24.48,83.04,10.23,0.61
2019-08-01,31.05,24.17,83.04,3.49,0.62
2019-08-02,32.49,24.13,80.49,6.1,0.62
2019-08-03,33.05,24.51,76.17,0.49,0.61
2019-08-04,31.05,25.15,82.56,4.67,0.61
2019-08-05,33.34,24.57,81.43,3.01,0.61
2019-08-06,32.3,24.28,82.81,4.92,0.61
2019-08-07,29.98,24.56,84.2,3.05,0.61
2019-08-08,32.43,24.31,81.98,6.73,0.61
2019-08-09,32.79,24.09,82.42,10.98,0.62
2019-08-10,30.82,25.01,85.19,15.12,0.64
2019-08-11,31.83,24.93,84.66,3.0,0.64
2019-08-12,31.34,24.75,84.89,0.95,0.63
2019-08-13,31.35,23.73,82.99,2.99,0.63
2019-08-14,31.51,24.28,83.86,4.39,0.63
2019-08-15,32.29,24.1,82.5,0.76,0.62
2019-08-16,32.56,24.38,82.19,5.79,0.62
2019-08-17,28.56,23.29,85.99,2.22,0.62
2019-08-18,32.45,22.71,81.0,4.82,0.62
2019-08-19,31.26,24.57,84.52,2.03,0.62
2019-08-20,31.86,24.51,82.99,1.27,0.62
2019-08-21,31.99,25.26,82.36,1.78,0.61
2019-08-22,28.62,24.41,85.09,0.78,0.61
2019-08-23,28.93,24.14,89.97,28.67,0.63
2019-08-24,31.69,23.8,85.72,8.03,0.66
2019-08-25,31.64,23.68,83.62,6.43,0.65
2019-08-26,31.92,23.99,82.88,3.48,0.65
2019-08-27,31.1,24.47,84.33,7.66,0.65
2019-08-28,31.18,23.77,82.15,0.15,0.65
2019-08-29,33.49,24.46,78.66,1.21,0.64
2019-08-30,30.69,25.03,85.4,5.65,0.64
2019-08-31,32.57,24.63,82.18,7.81,0.64
2019-09-01,30.97,24.93,87.62,5.38,0.65
2019-09-02,31.23,24.78,86.59,5.3,0.65
2019-09-03,31.86,24.36,85.05,5.86,0.65
2019-09-04,32.38,24.22,83.96,0.91,0.65
2019-09-05,32.44,24.49,82.03,1.45,0.64
2019-09-06,31.9,24.34,83.68,5.68,0.63
2019-09-07,32.14,24.51,82.33,4.32,0.63
2019-09-08,31.73,24.11,84.23,6.02,0.63
2019-09-09,31.22,24.07,86.77,21.01,0.65
2019-09-10,29.38,24.5,90.94,15.12,0.67
2019-09-11,28.75,23.98,90.78,16.66,0.69
2019-09-12,29.94,23.51,87.85,3.46,0.69
2019-09-13,31.39,23.17,85.14,4.75,0.68
2019-09-14,32.33,23.62,83.57,0.77,0.68
2019-09-15,31.06,24.81,85.51,0.16,0.67
2019-09-16,32.6,24.74,80.85,0.01,0.66
2019-09-17,33.46,24.59,79.86,0.28,0.65
2019-09-18,33.31,24.61,79.51,3.02,0.65
2019-09-19,33.31,25.21,79.41,0.84,0.64
2019-09-20,33.36,24.41,75.82,1.46,0.64
2019-09-21,32.81,25.4,77.67,0.8,0.63
2019-09-22,28.25,25.2,85.09,3.24,0.63
2019-09-23,31.45,23.65,82.59,11.74,0.64
2019-09-24,29.95,24.78,83.62,0.0,0.64
2019-09-25,29.55,23.97,82.53,0.02,0.64
2019-09-26,30.1,22.78,81.62,6.54,0.64
2019-09-27,31.98,23.72,77.39,1.2,0.64
2019-09-28,32.65,23.11,75.24,0.57,0.63
2019-09-29,32.09,24.22,77.93,0.52,0.62
2019-09-30,33.05,22.77,79.75,1.21,0.62
2019-10-01,33.11,22.93,80.06,1.98,0.61
2019-10-02,33.39,23.23,76.79,0.12,0.61
2019-10-03,34.1,23.08,74.91,0.22,0.6
2019-10-04,33.23,23.33,77.89,1.96,0.59
2019-10-05,30.7,23.88,80.08,0.57,0.59
2019-10-06,29.18,23.62,82.71,1.58,0.59
2019-10-07,33.03,22.76,75.71,0.02,0.59
2019-10-08,32.96,23.16,74.06,2.2,0.58
2019-10-09,30.75,23.49,81.43,21.79,0.6
2019-10-10,30.94,22.72,83.19,50.05,0.66
2019-10-11,30.82,23.21,82.51,0.39,0.68
2019-10-12,30.64,22.48,81.87,0.01,0.67
2019-10-13,32.68,23.21,77.66,0.89,0.66
2019-10-14,27.15,23.69,90.55,0.9,0.65
2019-10-15,32.04,22.84,79.85,0.17,0.65
2019-10-16,32.04,22.42,79.46,0.11,0.64
2019-10-17,32.76,23.05,75.7,2.0,0.63
2019-10-18,32.66,24.3,75.38,0.0,0.63
2019-10-19,32.57,24.07,76.37,0.0,0.62
2019-10-20,34.23,24.44,74.47,0.0,0.61
2019-10-21,33.6,24.36,77.47,0.03,0.61
2019-10-22,34.05,22.73,76.6,0.1,0.6
2019-10-23,34.28,22.7,76.5,0.75,0.6
2019-10-24,34.63,22.51,75.19,1.01,0.59
2019-10-25,34.84,23.32,72.2,0.0,0.59
2019-10-26,34.01,24.15,73.24,0.04,0.58
2019-10-27,35.13,23.7,72.96,0.48,0.58
2019-10-28,35.45,22.74,70.2,0.0,0.57
2019-10-29,35.14,23.24,69.38,2.01,0.57
2019-10-30,33.92,23.31,78.15,5.42,0.57
2019-10-31,34.79,24.03,73.83,0.0,0.57
2019-11-01,34.78,23.13,69.54,0.0,0.56
2019-11-02,34.95,22.24,66.1,0.04,0.55
2019-11-03,34.72,23.4,68.62,0.56,0.55
2019-11-04,33.57,23.94,74.3,1.94,0.55
2019-11-05,33.09,23.96,75.15,0.0,0.54
2019-11-06,32.2,23.74,73.42,0.0,0.54
2019-11-07,32.13,23.93,73.09,0.68,0.54
2019-11-08,31.86,23.71,79.81,4.28,0.54
2019-11-09,32.44,23.49,79.34,5.3,0.55
2019-11-10,32.55,22.92,77.53,1.09,0.54
2019-11-11,32.44,22.56,78.26,2.02,0.54
2019-11-12,33.46,22.01,72.13,0.0,0.54
2019-11-13,34.76,21.61,70.45,0.17,0.53
2019-11-14,34.18,22.61,65.67,0.23,0.53
2019-11-15,34.75,22.92,67.64,0.03,0.53
2019-11-16,33.85,22.75,70.58,0.0,0.52
2019-11-17,34.17,21.33,68.5,0.0,0.52
2019-11-18,34.22,19.29,65.54,0.0,0.52
2019-11-19,34.12,20.78,64.68,0.0,0.51
2019-11-20,33.83,20.64,65.86,0.0,0.51
2019-11-21,33.44,21.01,63.3,0.0,0.51
2019-11-22,32.88,20.54,65.79,0.0,0.5
2019-11-23,33.04,19.46,63.52,0.0,0.5
2019-11-24,32.54,18.42,64.45,0.0,0.5
2019-11-25,33.37,18.64,60.34,0.0,0.5
2019-11-26,33.81,19.7,57.97,0.0,0.49
2019-11-27,34.57,19.47,55.23,0.0,0.49
2019-11-28,35.32,19.78,58.25,0.0,0.49
2019-11-29,34.79,21.43,58.49,0.0,0.49
2019-11-30,34.47,20.59,58.41,0.0,0.49
2019-12-01,34.01,18.36,48.35,0.0,0.48
2019-12-02,34.12,18.16,47.84,0.0,0.48
2019-12-03,33.37,18.59,54.96,0.0,0.48
2019-12-04,32.31,18.68,55.4,0.0,0.48
2019-12-05,32.21,21.5,51.64,0.0,0.48
2019-12-06,30.55,19.53,47.4,0.0,0.48
2019-12-07,29.51,15.35,40.71,0.0,0.48
2019-12-08,28.9,12.85,41.13,0.0,0.47
2019-12-09,29.27,12.75,41.04,0.0,0.47
2019-12-10,29.39,12.6,48.17,0.0,0.47
2019-12-11,29.73,13.86,49.59,0.0,0.47
2019-12-12,30.4,14.42,50.11,0.0,0.47
2019-12-13,30.9,15.54,50.35,0.0,0.47
2019-12-14,31.87,16.72,48.19,0.0,0.47
2019-12-15,32.28,16.81,47.53,0.0,0.47
2019-12-16,33.11,17.16,44.06,0.0,0.47
2019-12-17,33.42,15.66,46.33,0.0,0.47
2019-12-18,32.59,14.32,42.68,0.0,0.47
2019-12-19,32.98,14.55,53.25,0.0,0.47
2019-12-20,32.73,14.41,56.66,0.0,0.47
2019-12-21,32.38,14.45,49.8,0.0,0.47
2019-12-22,31.48,14.64,41.48,0.0,0.47
2019-12-23,31.53,14.36,38.66,0.0,0.46
2019-12-24,31.69,15.63,37.13,0.0,0.46
2019-12-25,32.37,15.62,42.52,0.0,0.46
2019-12-26,31.56,14.1,40.58,0.02,0.46
2019-12-27,32.3,17.28,43.56,0.09,0.46
2019-12-28,30.42,18.2,61.57,3.17,0.47
2019-12-29,30.5,15.84,58.82,0.05,0.47
2019-12-30,30.94,15.77,50.71,0.0,0.47
2019-12-31,32.48,17.96,51.99,1.0,0.47
2020-01-01,30.92,20.12,61.61,4.02,0.47
2020-01-02,31.76,18.25,63.56,1.32,0.47
2020-01-03,30.83,19.75,61.83,1.74,0.47
2020-01-04,33.25,20.09,59.66,0.12,0.47
2020-01-05,32.66,18.97,67.87,0.07,0.47
2020-01-06,30.93,17.74,63.24,0.0,0.47
2020-01-07,30.07,13.77,51.97,0.0,0.47
2020-01-08,32.01,14.15,45.67,0.0,0.47
2020-01-09,33.51,14.6,45.65,0.0,0.47
2020-01-10,33.03,15.17,45.61,0.0,0.47
2020-01-11,30.6,15.43,58.31,0.0,0.47
2020-01-12,30.45,13.66,52.85,0.0,0.47
2020-01-13,31.83,13.45,48.5,0.0,0.46
2020-01-14,32.49,13.79,55.38,0.0,0.46
2020-01-15,32.45,14.66,48.68,0.0,0.46
2020-01-16,33.06,14.55,40.6,0.0,0.46
2020-01-17,33.0,14.7,35.27,0.0,0.46
2020-01-18,33.23,14.19,29.1,0.0,0.46
2020-01-19,33.05,12.79,30.69,0.0,0.46
2020-01-20,33.73,15.91,36.03,0.0,0.46
2020-01-21,33.81,15.69,38.07,0.0,0.46
2020-01-22,33.85,14.07,43.58,0.0,0.46
2020-01-23,32.79,12.28,42.94,0.0,0.46
2020-01-24,31.79,15.51,56.2,0.0,0.46
2020-01-25,28.8,11.36,42.87,0.0,0.46
2020-01-26,30.36,12.71,33.42,0.0,0.46
2020-01-27,29.45,10.97,43.38,0.0,0.46
2020-01-28,31.13,10.88,41.31,0.0,0.46
2020-01-29,31.84,12.82,42.33,0.0,0.46
2020-01-30,33.01,16.76,40.14,0.0,0.46
2020-01-31,32.65,16.82,56.97,0.0,0.46
2020-02-01,32.55,14.37,51.04,0.0,0.46
2020-02-02,33.74,15.93,41.47,0.0,0.46
2020-02-03,30.52,15.58,35.11,0.0,0.46
2020-02-04,30.83,11.36,28.82,0.0,0.46
2020-02-05,33.93,12.03,31.72,0.0,0.46
2020-02-06,32.12,15.92,38.97,0.0,0.46
2020-02-07,33.35,17.63,38.39,0.0,0.46
2020-02-08,34.68,16.4,34.57,0.0,0.46
2020-02-09,35.62,18.46,32.31,0.0,0.46
2020-02-10,34.54,17.37,42.08,0.0,0.46
2020-02-11,34.35,16.61,41.44,0.0,0.46
2020-02-12,33.66,14.7,31.43,0.0,0.46
2020-02-13,33.1,11.84,43.85,0.0,0.46
2020-02-14,33.16,12.87,49.36,0.0,0.46
2020-02-15,33.38,14.72,54.55,0.0,0.46
2020-02-16,34.97,14.92,45.37,0.0,0.46
2020-02-17,35.55,15.54,38.9,0.0,0.46
2020-02-18,36.03,16.35,39.42,0.0,0.46
2020-02-19,34.79,15.17,45.93,0.0,0.46
2020-02-20,35.24,15.71,36.48,0.0,0.46
2020-02-21,35.83,15.98,34.19,0.0,0.46
2020-02-22,36.37,18.09,23.3,0.0,0.46
2020-02-23,34.85,20.6,32.83,0.0,0.46
2020-02-24,34.92,18.92,35.29,0.0,0.46
2020-02-25,35.96,17.21,34.68,0.0,0.46
2020-02-26,36.21,19.05,34.7,0.06,0.46
2020-02-27,34.75,17.61,43.37,0.09,0.46
2020-02-28,34.1,16.79,45.35,0.0,0.46
2020-02-29,36.04,16.11,37.07,0.0,0.46
2020-03-01,36.07,17.68,37.34,0.0,0.46
2020-03-02,36.16,17.05,40.64,0.0,0.46
2020-03-03,36.32,17.01,47.8,0.03,0.46
2020-03-04,35.9,18.24,50.74,0.0,0.46
2020-03-05,36.58,18.5,47.81,0.0,0.46
2020-03-06,37.05,18.23,48.73,0.0,0.46
2020-03-07,36.86,17.92,47.01,0.0,0.46
2020-03-08,37.58,18.82,42.85,0.0,0.46
2020-03-09,36.69,18.56,41.89,0.0,0.46
2020-03-10,37.33,18.12,40.1,0.0,0.46
2020-03-11,38.62,18.5,36.48,0.0,0.46
2020-03-12,39.45,18.69,44.06,0.0,0.46
2020-03-13,40.02,21.24,43.14,0.0,0.46
2020-03-14,40.21,22.43,35.89,0.0,0.46
2020-03-15,40.92,22.97,34.99,0.0,0.46
2020-03-16,40.64,20.45,43.48,0.0,0.46
2020-03-17,38.71,20.45,42.94,0.0,0.46
2020-03-18,37.83,20.19,44.11,0.0,0.46
2020-03-19,37.61,20.25,41.86,0.01,0.46
2020-03-20,39.29,20.14,37.73,0.0,0.46
2020-03-21,37.53,20.33,38.5,0.0,0.46
2020-03-22,36.27,19.93,44.91,0.0,0.46
2020-03-23,37.17,18.72,42.77,0.0,0.46
2020-03-24,36.38,19.04,44.07,0.0,0.46
2020-03-25,37.77,19.36,48.17,0.0,0.46
2020-03-26,38.73,20.2,48.42,0.0,0.46
2020-03-27,39.45,21.38,53.02,0.0,0.46
2020-03-28,40.48,21.95,48.79,0.0,0.46
2020-03-29,40.81,22.89,50.3,0.0,0.46
2020-03-30,41.04,21.73,46.16,0.0,0.46
2020-03-31,40.42,20.93,44.35,0.0,0.46
2020-04-01,40.81,20.55,40.14,0.0,0.46
2020-04-02,40.57,20.19,46.91,0.0,0.46
2020-04-03,40.09,21.99,51.41,0.03,0.46
2020-04-04,40.02,22.55,49.86,0.17,0.46
2020-04-05,40.25,22.68,48.0,0.13,0.46
2020-04-06,40.11,23.56,46.31,0.0,0.46
2020-04-07,38.98,22.06,46.51,0.0,0.46
2020-04-08,39.69,23.95,40.26,0.0,0.46
2020-04-09,39.1,25.15,42.08,0.0,0.46
2020-04-10,39.09,23.32,47.57,0.0,0.46
2020-04-11,39.07,24.65,47.44,0.29,0.46
2020-04-12,39.72,25.68,43.2,0.0,0.46
2020-04-13,39.32,23.14,46.97,0.0,0.46
2020-04-14,41.15,23.93,42.96,0.0,0.46
2020-04-15,41.29,24.1,43.57,0.77,0.46
2020-04-16,40.14,22.38,45.06,0.0,0.46
2020-04-17,39.73,24.74,46.93,0.0,0.46
2020-04-18,40.99,23.45,45.17,0.67,0.46
2020-04-19,40.56,25.05,44.37,0.07,0.46
2020-04-20,40.74,24.4,44.87,0.0,0.46
2020-04-21,41.57,25.21,42.28,0.03,0.46
2020-04-22,41.97,24.0,41.66,0.03,0.46
2020-04-23,40.34,23.2,42.31,0.27,0.46
2020-04-24,40.15,24.35,45.47,0.54,0.46
2020-04-25,36.85,24.67,54.44,6.08,0.47
2020-04-26,34.4,24.87,64.42,4.26,0.47
2020-04-27,30.88,24.52,72.76,5.66,0.48
2020-04-28,33.02,23.81,69.72,8.21,0.49
2020-04-29,34.75,22.95,65.75,2.73,0.49
2020-04-30,35.77,23.68,65.34,4.46,0.49
2020-05-01,37.14,23.18,60.12,0.3,0.49
2020-05-02,38.3,23.47,54.57,0.63,0.48
2020-05-03,37.85,23.07,58.64,2.14,0.48
2020-05-04,38.32,24.0,60.68,0.69,0.48
2020-05-05,38.89,25.08,59.66,0.06,0.48
2020-05-06,40.53,24.66,53.3,0.06,0.47
2020-05-07,40.58,25.5,50.92,0.02,0.47
2020-05-08,41.45,23.77,50.08,0.26,0.47
2020-05-09,40.93,24.66,48.83,0.0,0.47
2020-05-10,41.17,25.98,49.88,1.07,0.47
2020-05-11,41.43,26.84,47.66,0.0,0.46
2020-05-12,40.24,24.97,47.88,0.0,0.46
2020-05-13,40.23,25.85,47.93,0.0,0.46
2020-05-14,41.57,23.66,50.09,0.0,0.46
2020-05-15,42.44,24.38,45.02,0.08,0.46
2020-05-16,43.1,24.53,42.65,0.0,0.46
2020-05-17,42.77,26.12,42.63,0.0,0.46
2020-05-18,39.95,27.56,46.05,1.08,0.46
2020-05-19,35.54,26.97,58.66,0.64,0.46
2020-05-20,37.44,26.26,57.23,3.72,0.47
2020-05-21,38.08,25.73,58.63,5.75,0.47
2020-05-22,36.76,24.8,68.86,19.52,0.5
2020-05-23,36.67,25.49,72.53,21.16,0.53
2020-05-24,38.48,25.36,66.66,0.0,0.53
2020-05-25,39.44,25.06,60.21,0.01,0.52
2020-05-26,38.62,26.05,63.8,0.19,0.51
2020-05-27,36.96,26.09,68.94,10.65,0.52
2020-05-28,32.38,26.06,77.22,5.09,0.53
2020-05-29,29.99,25.74,81.22,0.34,0.53
2020-05-30,32.42,24.51,71.05,0.19,0.53
2020-05-31,34.97,24.5,67.91,0.12,0.52
2020-06-01,33.18,25.45,70.13,1.24,0.52
2020-06-02,35.85,25.62,68.97,2.52,0.52
2020-06-03,35.94,25.55,70.81,2.96,0.52
2020-06-04,38.38,24.84,63.08,0.07,0.52
2020-06-05,37.77,25.31,61.99,0.01,0.51
2020-06-06,36.68,26.42,65.67,0.63,0.51
2020-06-07,33.36,26.48,72.72,1.75,0.5
2020-06-08,35.74,25.63,70.3,1.28,0.5
2020-06-09,36.73,26.5,68.14,1.61,0.5
2020-06-10,35.95,26.07,67.13,0.64,0.5
2020-06-11,36.25,25.58,69.35,3.42,0.5
2020-06-12,35.41,25.79,69.41,1.27,0.5
2020-06-13,35.01,25.96,73.75,4.25,0.5
2020-06-14,35.06,26.04,77.75,13.29,0.5
2020-06-15,33.95,25.22,78.69,10.39,0.53
2020-06-16,33.6,25.15,78.18,19.79,0.55
2020-06-17,31.94,25.16,80.19,11.13,0.58
2020-06-18,32.31,24.9,78.68,16.17,0.59
2020-06-19,30.11,24.72,83.98,6.78,0.59
2020-06-20,34.1,23.88,77.76,4.4,0.6
2020-06-21,34.58,23.91,74.58,2.51,0.59
2020-06-22,34.11,24.67,76.69,3.0,0.59
2020-06-23,34.74,25.27,74.99,1.53,0.59
2020-06-24,32.94,25.74,79.18,6.46,0.58
2020-06-25,32.4,25.02,80.97,5.46,0.59
2020-06-26,34.93,24.64,74.87,3.63,0.59
2020-06-27,32.32,24.96,77.47,2.38,0.59
2020-06-28,33.01,24.69,75.43,2.01,0.58
2020-06-29,34.62,24.39,74.56,2.83,0.58
2020-06-30,33.64,24.83,77.05,2.71,0.58
2020-07-01,31.78,25.16,81.77,4.31,0.58
2020-07-02,32.5,25.1,78.64,0.85,0.58
2020-07-03,31.44,25.64,81.31,2.48,0.58
2020-07-04,31.55,25.06,79.86,3.18,0.58
2020-07-05,32.12,24.55,77.04,0.37,0.58
2020-07-06,33.83,23.92,75.67,5.36,0.57
2020-07-07,32.58,24.31,81.75,10.06,0.59
2020-07-08,31.86,25.24,80.9,1.96,0.59
2020-07-09,33.45,24.7,77.14,12.4,0.59
2020-07-10,33.08,24.55,80.04,13.38,0.61
2020-07-11,31.41,25.05,84.98,26.05,0.65
2020-07-12,29.89,24.72,87.67,17.8,0.66
2020-07-13,29.25,23.97,84.83,5.66,0.67
2020-07-14,31.62,22.91,83.41,2.28,0.67
2020-07-15,31.98,23.53,82.71,1.69,0.66
2020-07-16,32.75,23.96,80.97,3.88,0.65
2020-07-17,30.39,24.81,85.26,2.11,0.65
2020-07-18,31.76,25.05,82.02,2.17,0.65
2020-07-19,31.22,24.35,83.03,1.72,0.65
2020-07-20,32.18,24.39,82.29,3.8,0.64
2020-07-21,32.02,24.59,82.32,6.7,0.64
2020-07-22,31.36,24.63,80.02,0.67,0.64
2020-07-23,32.19,23.84,80.58,1.94,0.63
2020-07-24,33.73,24.11,77.57,0.87,0.63
2020-07-25,35.49,23.84,74.72,0.57,0.62
2020-07-26,33.39,25.58,77.38,0.52,0.61
2020-07-27,33.38,25.02,81.09,8.98,0.61
2020-07-28,31.82,25.23,80.79,3.74,0.62
2020-07-29,32.92,24.64,80.92,9.5,0.62
2020-07-30,33.47,24.11,79.01,1.14,0.62
2020-07-31,34.78,24.34,74.25,0.19,0.61
2020-08-01,34.12,25.01,76.4,2.58,0.61
2020-08-02,30.54,25.93,86.0,8.34,0.61
2020-08-03,31.54,25.68,86.23,12.05,0.63
2020-08-04,31.65,24.99,85.34,6.63,0.63
2020-08-05,31.06,24.98,86.35,3.25,0.63
2020-08-06,31.34,24.6,86.0,5.01,0.63
2020-08-07,31.37,24.66,85.1,1.66,0.63
2020-08-08,32.83,24.63,81.08,1.36,0.63
2020-08-09,32.07,24.89,79.44,0.24,0.62
2020-08-10,31.93,24.69,82.12,3.68,0.62
2020-08-11,30.43,24.65,86.64,12.19,0.62
2020-08-12,32.7,24.47,80.45,0.78,0.63
2020-08-13,33.0,24.23,81.81,0.73,0.62
2020-08-14,31.89,24.86,81.0,3.83,0.62
2020-08-15,29.79,24.36,83.23,5.82,0.62
2020-08-16,31.89,23.91,80.98,6.25,0.62
2020-08-17,31.2,23.57,83.17,7.24,0.63
2020-08-18,30.23,23.18,87.84,15.03,0.64
2020-08-19,30.24,24.01,85.42,9.03,0.65
2020-08-20,31.4,23.4,84.04,7.97,0.65
2020-08-21,31.06,23.53,84.09,11.27,0.65
2020-08-22,31.61,23.75,85.08,6.89,0.66
2020-08-23,29.75,24.04,88.79,9.57,0.67
2020-08-24,29.67,24.01,87.77,6.19,0.67
2020-08-25,30.19,24.47,87.61,4.34,0.67
2020-08-26,30.91,23.79,86.08,4.82,0.67
2020-08-27,30.28,23.75,86.5,0.49,0.67
2020-08-28,31.94,23.28,85.8,12.08,0.67
2020-08-29,32.16,23.78,85.07,6.52,0.68
2020-08-30,31.31,24.25,86.54,1.57,0.67
2020-08-31,31.23,24.96,84.97,2.22,0.67
2020-09-01,30.49,24.99,85.93,0.91,0.67
2020-09-02,31.38,24.6,79.77,0.01,0.66
2020-09-03,33.48,23.89,78.08,0.0,0.65
2020-09-04,33.17,25.21,79.36,0.0,0.64
2020-09-05,32.66,25.13,81.39,0.02,0.64
2020-09-06,32.58,24.19,81.12,0.22,0.63
2020-09-07,32.75,24.65,80.09,0.51,0.62
2020-09-08,32.54,24.8,83.52,6.66,0.62
2020-09-09,31.39,24.55,83.77,4.17,0.63
2020-09-10,32.07,23.61,82.3,4.37,0.63
2020-09-11,32.64,23.95,80.81,1.09,0.62
2020-09-12,32.33,25.22,81.17,1.0,0.62
2020-09-13,32.61,25.14,79.55,0.86,0.61
2020-09-14,32.66,24.89,79.6,1.0,0.61
2020-09-15,32.32,24.85,81.68,0.59,0.6
2020-09-16,33.31,24.34,78.69,0.65,0.6
2020-09-17,32.81,24.78,78.84,0.18,0.6
2020-09-18,30.52,25.0,85.17,1.03,0.59
2020-09-19,34.55,25.01,77.66,8.94,0.6
2020-09-20,30.79,24.97,86.53,10.68,0.61
2020-09-21,30.79,24.84,86.56,6.55,0.62
2020-09-22,31.01,24.72,87.28,6.54,0.62
2020-09-23,31.7,24.66,86.35,10.82,0.62
2020-09-24,30.18,24.25,87.98,11.86,0.65
2020-09-25,32.0,23.47,84.71,11.94,0.65
2020-09-26,31.05,23.52,84.98,3.4,0.65
2020-09-27,31.57,23.53,84.64,2.7,0.65
2020-09-28,31.73,23.96,81.77,1.04,0.64
2020-09-29,32.06,25.17,78.85,1.33,0.64
2020-09-30,31.64,24.49,82.25,2.5,0.64
2020-10-01,31.91,24.61,83.79,0.63,0.63
2020-10-02,30.69,24.86,82.65,0.04,0.63
2020-10-03,32.78,24.4,79.97,1.66,0.62
2020-10-04,31.38,25.3,83.79,8.58,0.63
2020-10-05,31.28,24.25,81.97,1.42,0.63
2020-10-06,32.15,23.8,81.72,3.57,0.62
2020-10-07,33.09,24.38,77.85,0.02,0.62
2020-10-08,34.43,24.01,74.14,0.08,0.61
2020-10-09,35.71,25.49,69.2,0.14,0.6
2020-10-10,35.2,25.8,68.68,0.51,0.6
2020-10-11,34.51,24.54,70.4,0.85,0.59
2020-10-12,34.31,24.38,73.81,2.77,0.58
2020-10-13,34.26,24.49,75.71,5.24,0.58
2020-10-14,33.65,24.07,78.31,7.21,0.59
2020-10-15,34.21,24.31,78.05,7.6,0.6
2020-10-16,33.38,25.35,74.7,1.37,0.59
2020-10-17,33.34,25.1,71.97,2.14,0.59
2020-10-18,33.77,24.31,67.91,0.06,0.59
2020-10-19,33.85,24.35,71.66,1.3,0.58
2020-10-20,33.46,23.27,71.1,0.38,0.57
2020-10-21,26.97,23.21,88.1,5.36,0.57
2020-10-22,29.75,23.13,86.53,16.4,0.6
2020-10-23,31.8,23.21,83.69,10.09,0.61
2020-10-24,32.43,22.74,82.33,4.84,0.61
2020-10-25,32.11,23.62,82.31,0.03,0.61
2020-10-26,33.53,23.28,75.25,0.26,0.6
2020-10-27,32.48,24.45,76.82,0.71,0.6
2020-10-28,32.59,24.22,75.33,1.76,0.59
2020-10-29,34.6,23.41,75.1,4.55,0.59
2020-10-30,27.77,23.92,85.5,11.12,0.6
2020-10-31,32.17,22.81,83.17,2.88,0.6
2020-11-01,30.15,23.41,86.47,4.69,0.61
2020-11-02,31.67,23.27,83.48,7.56,0.61
2020-11-03,31.81,23.99,81.94,12.77,0.62
2020-11-04,29.29,23.17,86.63,4.25,0.63
2020-11-05,31.32,22.26,80.5,0.0,0.63
2020-11-06,32.09,21.78,78.36,0.0,0.62
2020-11-07,32.39,21.76,75.5,0.0,0.61
2020-11-08,32.65,21.43,74.43,0.0,0.6
2020-11-09,32.27,21.64,71.88,0.0,0.6
2020-11-10,32.81,21.74,69.91,0.0,0.59
2020-11-11,32.22,19.92,68.98,0.06,0.59
2020-11-12,32.52,19.64,65.25,0.0,0.58
2020-11-13,32.48,19.49,66.03,0.0,0.58
2020-11-14,33.51,19.2,65.92,0.0,0.57
2020-11-15,32.34,19.31,67.34,0.0,0.57
2020-11-16,32.85,20.66,66.06,0.0,0.56
2020-11-17,32.81,19.82,67.06,0.0,0.56
2020-11-18,32.05,17.43,69.41,0.0,0.55
2020-11-19,30.43,14.67,69.92,0.0,0.55
2020-11-20,30.95,15.52,66.45,0.0,0.55
2020-11-21,31.01,16.21,65.9,0.0,0.54
2020-11-22,31.94,15.64,67.11,0.0,0.54
2020-11-23,31.9,15.69,68.84,0.0,0.54
2020-11-24,31.78,17.63,67.62,0.0,0.53
2020-11-25,33.3,18.2,64.99,0.0,0.53
2020-11-26,32.69,17.43,61.21,0.0,0.53
2020-11-27,32.33,17.44,61.07,0.0,0.52
2020-11-28,32.54,18.14,61.04,0.0,0.52
2020-11-29,32.3,17.31,61.19,0.0,0.52
2020-11-30,32.67,17.58,59.54,0.0,0.51
2020-12-01,33.03,18.24,61.31,0.0,0.51
2020-12-02,33.27,19.53,63.77,0.0,0.51
2020-12-03,32.79,18.71,67.88,0.0,0.5
2020-12-04,31.85,18.17,62.71,0.0,0.5
2020-12-05,31.56,17.17,59.19,0.0,0.5
2020-12-06,30.96,15.3,56.0,0.0,0.5
2020-12-07,31.18,14.77,50.46,0.0,0.5
2020-12-08,30.56,14.21,52.4,0.0,0.49
2020-12-09,30.91,15.06,60.38,0.0,0.49
2020-12-10,30.76,14.26,62.08,0.0,0.49
2020-12-11,30.64,14.65,56.39,0.0,0.49
2020-12-12,31.49,14.67,60.17,0.0,0.49
2020-12-13,31.45,14.49,61.48,0.0,0.48
2020-12-14,31.86,14.7,57.17,0.0,0.48
2020-12-15,32.14,15.84,48.1,0.0,0.48
2020-12-16,32.98,16.93,50.43,0.0,0.48
2020-12-17,33.71,17.77,49.03,0.0,0.48
2020-12-18,32.69,16.24,55.97,0.0,0.48
2020-12-19,31.55,15.26,57.5,0.0,0.48
2020-12-20,31.53,15.73,51.4,0.0,0.48
2020-12-21,31.86,16.59,54.1,0.0,0.47
2020-12-22,30.4,17.53,64.17,0.0,0.47
2020-12-23,30.41,14.44,60.5,0.0,0.47
2020-12-24,31.18,14.83,52.44,0.0,0.47
2020-12-25,32.98,16.93,49.23,0.0,0.47
2020-12-26,32.74,15.21,50.42,0.0,0.47
2020-12-27,33.03,15.96,42.61,0.0,0.47
2020-12-28,32.62,15.01,38.46,0.0,0.47
2020-12-29,30.96,13.59,33.7,0.0,0.47
2020-12-30,31.66,14.85,40.27,0.0,0.47
2020-12-31,33.29,14.72,44.9,0.01,0.47
2021-01-01,32.86,17.61,48.93,0.0,0.47
2021-01-02,32.33,18.05,53.11,0.0,0.47
2021-01-03,32.95,16.35,52.98,0.0,0.47
2021-01-04,33.52,17.19,45.99,0.0,0.47
2021-01-05,34.41,17.88,42.12,0.0,0.47
2021-01-06,35.56,17.36,47.22,0.0,0.46
2021-01-07,35.64,17.77,42.1,0.0,0.46
2021-01-08,35.2,17.59,40.76,0.0,0.46
2021-01-09,34.61,19.37,45.46,0.0,0.46
2021-01-10,33.97,17.6,44.82,0.0,0.46
2021-01-11,33.66,16.99,47.01,0.0,0.46
2021-01-12,31.84,18.28,60.53,0.0,0.46
2021-01-13,31.18,16.43,60.4,0.0,0.46
2021-01-14,29.78,13.09,54.01,0.0,0.46
2021-01-15,30.64,13.6,58.56,0.0,0.46
2021-01-16,29.33,13.28,59.88,0.0,0.46
2021-01-17,30.24,14.28,49.72,0.0,0.46
2021-01-18,32.29,14.41,47.63,0.0,0.46
2021-01-19,30.95,15.93,65.64,0.0,0.46
2021-01-20,31.24,15.8,59.7,0.0,0.46
2021-01-21,31.14,16.11,58.28,0.0,0.46
2021-01-22,30.03,16.0,55.9,0.0,0.46
2021-01-23,31.25,13.52,44.41,0.0,0.46
2021-01-24,31.23,12.12,45.74,0.0,0.46
2021-01-25,32.33,12.39,41.24,0.0,0.46
2021-01-26,33.2,13.14,33.26,0.0,0.46
2021-01-27,34.0,14.0,37.47,0.0,0.46
2021-01-28,34.43,14.65,33.28,0.0,0.46
2021-01-29,34.76,15.06,35.72,0.02,0.46
2021-01-30,34.22,14.04,37.7,0.59,0.46
2021-01-31,32.6,15.69,42.16,0.0,0.46
2021-02-01,31.65,12.79,30.93,0.0,0.46
2021-02-02,31.46,10.92,30.51,0.0,0.46
2021-02-03,32.86,11.67,29.13,0.0,0.46
2021-02-04,33.87,13.29,41.05,0.0,0.46
2021-02-05,34.34,16.43,37.09,0.0,0.46
2021-02-06,34.37,17.61,44.61,0.05,0.46
2021-02-07,28.69,18.07,50.78,7.79,0.47
2021-02-08,28.89,15.35,56.21,1.69,0.47
2021-02-09,30.63,14.65,47.99,0.0,0.47
2021-02-10,32.8,14.45,41.48,0.0,0.47
2021-02-11,34.18,16.74,38.93,0.0,0.47
2021-02-12,34.12,15.23,33.88,0.0,0.47
2021-02-13,33.68,13.92,42.82,0.0,0.46
2021-02-14,32.95,14.15,48.96,0.0,0.46
2021-02-15,33.04,14.06,45.13,0.0,0.46
2021-02-16,34.19,15.66,44.58,0.0,0.46
2021-02-17,35.27,16.53,37.74,0.0,0.46
2021-02-18,36.21,18.6,42.99,2.03,0.46
2021-02-19,32.94,20.63,51.35,0.0,0.46
2021-02-20,33.64,22.21,44.96,0.0,0.46
2021-02-21,33.73,21.8,42.27,0.0,0.46
2021-02-22,36.56,20.96,36.86,0.0,0.46
2021-02-23,37.18,20.38,34.95,0.0,0.46
2021-02-24,35.97,17.03,41.56,0.0,0.46
2021-02-25,35.97,17.29,50.96,0.0,0.46
2021-02-26,35.21,17.78,52.14,0.0,0.46
2021-02-27,36.07,17.41,50.09,0.0,0.46
2021-02-28,36.11,17.83,51.64,0.0,0.46
2021-03-01,36.19,18.54,49.22,0.0,0.46
2021-03-02,36.82,20.04,43.51,0.0,0.46
2021-03-03,37.27,18.01,45.81,0.0,0.46
2021-03-04,37.42,18.36,49.24,0.0,0.46
2021-03-05,37.16,17.57,44.19,0.0,0.46
2021-03-06,36.86,17.32,37.95,0.0,0.46
2021-03-07,38.16,18.24,29.88,0.0,0.46
2021-03-08,37.56,18.45,36.5,0.0,0.46
2021-03-09,38.08,18.9,45.05,0.0,0.46
2021-03-10,38.0,20.07,38.85,0.0,0.46
2021-03-11,38.16,21.24,35.56,0.0,0.46
2021-03-12,38.43,21.7,34.27,0.0,0.46
2021-03-13,38.95,22.33,34.58,0.0,0.46
2021-03-14,40.05,21.62,37.25,0.0,0.46
2021-03-15,37.98,20.54,41.25,0.0,0.46
2021-03-16,38.07,20.14,34.97,0.0,0.46
2021-03-17,39.57,20.36,41.62,0.0,0.46
2021-03-18,39.92,19.77,35.4,0.0,0.46
2021-03-19,40.22,19.71,33.96,0.0,0.46
2021-03-20,40.49,20.46,34.45,0.0,0.46
2021-03-21,40.13,20.72,38.49,0.0,0.46
2021-03-22,41.01,22.89,32.13,0.0,0.46
2021-03-23,41.0,23.25,43.65,0.0,0.46
2021-03-24,39.5,22.91,43.01,0.0,0.46
2021-03-25,40.27,24.02,39.96,0.0,0.46
2021-03-26,39.69,25.78,30.79,0.0,0.46
2021-03-27,40.12,23.47,27.66,0.0,0.46
2021-03-28,40.04,23.84,26.99,0.0,0.46
2021-03-29,39.25,24.85,33.39,0.0,0.46
2021-03-30,38.81,21.25,45.73,0.0,0.46
2021-03-31,39.88,22.35,49.25,0.0,0.46
2021-04-01,39.76,22.66,50.57,0.0,0.46
2021-04-02,39.42,22.2,47.51,0.0,0.46
2021-04-03,40.47,23.95,38.79,0.09,0.46
2021-04-04,32.71,23.99,55.07,3.9,0.46
2021-04-05,32.71,22.43,59.29,6.13,0.47
2021-04-06,35.0,21.36,59.23,0.51,0.47
2021-04-07,36.05,23.28,55.22,0.0,0.47
2021-04-08,38.92,23.32,51.55,0.0,0.47
2021-04-09,39.49,23.33,51.59,0.0,0.46
2021-04-10,40.66,23.91,50.69,0.38,0.46
2021-04-11,40.8,23.73,46.69,0.03,0.46
2021-04-12,40.55,23.75,50.15,3.39,0.47
2021-04-13,40.31,25.4,45.88,0.0,0.47
2021-04-14,39.5,24.82,47.35,0.08,0.46
2021-04-15,39.06,24.96,50.52,0.09,0.46
2021-04-16,35.22,24.13,51.1,3.23,0.47
2021-04-17,36.02,23.38,51.91,2.57,0.47
2021-04-18,38.31,23.58,47.2,0.0,0.47
2021-04-19,39.09,24.37,47.54,0.09,0.47
2021-04-20,39.46,24.3,45.4,0.0,0.46
2021-04-21,40.36,24.54,48.07,0.0,0.46
2021-04-22,41.21,25.45,49.35,0.0,0.46
2021-04-23,41.45,25.45,47.32,0.0,0.46
2021-04-24,41.91,26.22,42.88,0.0,0.46
2021-04-25,41.72,24.68,43.17,3.3,0.46
2021-04-26,36.08,25.73,64.46,9.79,0.48
2021-04-27,36.71,24.58,67.87,9.08,0.48
2021-04-28,37.57,25.27,61.82,0.05,0.49
2021-04-29,34.53,26.15,63.64,0.84,0.48
2021-04-30,34.73,25.9,62.97,1.56,0.48
2021-05-01,35.32,25.12,66.01,10.68,0.49
2021-05-02,37.53,24.36,57.99,0.03,0.49
2021-05-03,38.92,24.26,52.48,0.02,0.49
2021-05-04,38.71,23.88,53.8,0.09,0.48
2021-05-05,38.51,25.58,52.76,6.8,0.48
2021-05-06,36.97,24.17,60.67,14.37,0.51
2021-05-07,39.04,23.44,53.4,0.01,0.5
2021-05-08,38.8,24.8,52.27,1.36,0.5
2021-05-09,38.18,25.21,54.01,0.51,0.49
2021-05-10,39.16,25.0,54.32,0.31,0.49
2021-05-11,38.64,24.77,56.41,1.7,0.49
2021-05-12,37.84,25.51,57.2,0.3,0.48
2021-05-13,39.3,25.71,52.66,0.37,0.48
2021-05-14,39.11,25.54,54.76,0.1,0.48
2021-05-15,39.33,26.6,56.68,0.55,0.47
2021-05-16,41.18,25.69,49.24,0.0,0.47
2021-05-17,41.42,27.89,46.15,0.0,0.47
2021-05-18,42.78,29.12,47.9,0.0,0.47
2021-05-19,42.47,27.4,49.08,0.0,0.47
2021-05-20,42.96,27.48,51.09,0.0,0.46
2021-05-21,42.05,28.83,50.61,0.03,0.46
2021-05-22,37.9,28.72,54.79,2.67,0.47
2021-05-23,37.87,27.9,59.68,3.05,0.47
2021-05-24,36.18,26.82,60.0,0.3,0.47
2021-05-25,36.85,26.65,60.86,2.32,0.47
2021-05-26,37.86,25.4,56.35,2.61,0.47
2021-05-27,39.24,24.91,51.92,0.26,0.47
2021-05-28,36.49,26.74,64.24,15.34,0.48
2021-05-29,37.43,25.42,59.96,0.69,0.49
2021-05-30,36.46,26.24,62.24,0.8,0.48
2021-05-31,38.08,25.79,58.44,0.19,0.48
2021-06-01,38.54,25.64,63.53,3.57,0.48
2021-06-02,38.81,25.77,64.02,2.6,0.48
2021-06-03,39.77,25.53,61.99,0.53,0.48
2021-06-04,36.22,26.84,67.94,8.75,0.48
2021-06-05,37.27,26.53,70.6,3.39,0.49
2021-06-06,34.16,25.63,72.22,3.59,0.49
2021-06-07,37.51,24.54,67.03,3.8,0.49
2021-06-08,31.61,25.69,77.63,3.01,0.49
2021-06-09,30.99,25.69,77.59,2.11,0.49
2021-06-10,31.95,24.92,76.64,2.34,0.49
2021-06-11,34.94,24.0,68.54,2.71,0.49
2021-06-12,34.67,24.42,68.64,1.47,0.49
2021-06-13,34.54,25.27,70.34,2.98,0.49
2021-06-14,33.87,24.72,72.58,4.44,0.49
2021-06-15,31.06,25.3,82.63,7.42,0.5
2021-06-16,31.29,24.9,81.06,9.47,0.52
2021-06-17,31.67,24.87,77.66,9.39,0.52
2021-06-18,30.78,24.21,79.61,11.88,0.54
2021-06-19,31.64,23.34,78.6,4.25,0.55
2021-06-20,34.16,23.37,73.08,2.33,0.55
2021-06-21,34.18,24.3,73.7,3.04,0.54
2021-06-22,34.26,23.55,72.9,2.35,0.54
2021-06-23,32.47,24.34,76.24,5.25,0.54
2021-06-24,30.18,24.38,80.07,3.18,0.55
2021-06-25,33.58,23.75,74.49,3.22,0.55
2021-06-26,35.86,23.41,67.98,0.14,0.54
2021-06-27,32.97,25.08,75.17,1.34,0.54
2021-06-28,32.51,25.05,74.62,0.99,0.54
2021-06-29,32.49,24.7,77.48,8.66,0.54
2021-06-30,30.86,24.42,79.26,16.55,0.56
2021-07-01,30.29,23.77,80.83,6.89,0.57
2021-07-02,31.04,23.65,81.3,14.17,0.58
2021-07-03,33.75,23.44,75.24,1.21,0.59
2021-07-04,32.07,23.78,78.51,3.64,0.58
2021-07-05,34.93,23.57,75.16,1.51,0.58
2021-07-06,31.7,24.85,81.58,4.33,0.58
2021-07-07,31.94,24.9,80.65,5.63,0.58
2021-07-08,34.61,24.14,74.6,0.59,0.58
2021-07-09,33.77,24.38,75.92,3.26,0.57
2021-07-10,34.88,24.22,73.26,3.05,0.57
2021-07-11,35.91,25.79,72.19,1.12,0.57
2021-07-12,31.07,24.67,78.48,2.12,0.57
2021-07-13,35.27,24.58,70.43,1.69,0.56
2021-07-14,33.42,24.89,77.51,15.69,0.57
2021-07-15,33.8,24.79,76.62,1.78,0.58
2021-07-16,31.81,24.88,80.28,2.94,0.58
2021-07-17,34.65,24.11,74.48,1.72,0.57
2021-07-18,34.77,24.79,74.5,2.0,0.57
2021-07-19,31.65,25.48,80.47,2.87,0.57
2021-07-20,30.72,25.07,81.3,2.07,0.57
2021-07-21,33.88,25.11,75.66,2.17,0.56
2021-07-22,32.52,25.27,83.61,6.66,0.56
2021-07-23,33.74,24.79,77.12,2.27,0.57
2021-07-24,34.75,24.63,75.66,0.63,0.56
2021-07-25,34.23,25.09,74.76,3.94,0.56
2021-07-26,31.93,24.68,79.87,7.29,0.57
2021-07-27,31.6,24.48,84.35,10.14,0.58
2021-07-28,31.05,25.58,79.78,2.75,0.58
2021-07-29,34.01,24.75,75.8,1.84,0.58
2021-07-30,32.58,24.44,81.85,2.57,0.57
2021-07-31,32.77,25.0,81.8,6.55,0.58
2021-08-01,30.51,25.05,85.36,5.06,0.58
2021-08-02,32.01,24.67,82.91,3.15,0.58
2021-08-03,30.51,24.3,85.04,11.61,0.59
2021-08-04,30.28,23.49,81.61,0.88,0.59
2021-08-05,29.45,24.12,88.13,11.27,0.6
2021-08-06,32.7,23.76,80.74,7.85,0.61
2021-08-07,33.02,23.5,79.7,4.46,0.61
2021-08-08,33.39,24.35,80.78,2.76,0.6
2021-08-09,33.89,24.57,78.96,0.33,0.6
2021-08-10,34.47,24.48,76.37,0.38,0.59
2021-08-11,33.1,25.1,81.24,5.31,0.59
2021-08-12,33.42,24.8,77.9,1.41,0.59
2021-08-13,32.72,24.77,81.11,2.88,0.59
2021-08-14,34.34,24.28,77.11,2.4,0.58
2021-08-15,32.88,24.62,80.8,2.88,0.58
2021-08-16,29.23,24.65,86.91,2.74,0.58
2021-08-17,30.87,24.34,84.45,4.73,0.59
2021-08-18,31.94,23.86,81.32,3.18,0.59
2021-08-19,32.82,23.46,78.64,1.45,0.58
2021-08-20,30.37,24.29,78.78,0.17,0.58
2021-08-21,33.95,23.48,73.02,0.22,0.57
2021-08-22,35.39,23.45,71.91,0.17,0.57
2021-08-23,32.8,25.17,76.36,4.37,0.56
2021-08-24,32.24,24.73,81.21,5.07,0.57
2021-08-25,30.59,24.74,83.9,4.8,0.57
2021-08-26,33.8,24.03,78.15,3.75,0.57
2021-08-27,33.37,23.92,76.8,0.61,0.57
2021-08-28,32.87,24.64,77.2,2.26,0.57
2021-08-29,33.51,24.36,74.78,1.8,0.56
2021-08-30,34.96,24.52,72.13,0.45,0.56
2021-08-31,34.8,24.9,71.67,0.64,0.55
2021-09-01,31.31,24.56,80.82,8.72,0.56
2021-09-02,31.97,25.04,81.36,3.68,0.56
2021-09-03,33.13,24.29,76.34,1.64,0.56
2021-09-04,34.03,24.85,72.74,0.41,0.56
2021-09-05,34.01,24.59,75.58,0.25,0.55
2021-09-06,32.79,24.25,78.29,2.57,0.55
2021-09-07,34.18,23.73,76.34,3.09,0.55
2021-09-08,31.91,24.29,79.6,3.19,0.55
2021-09-09,35.97,24.28,71.91,0.93,0.55
2021-09-10,32.28,25.19,75.24,0.95,0.54
2021-09-11,33.63,24.51,75.51,1.37,0.54
2021-09-12,35.17,23.9,72.81,0.55,0.54
2021-09-13,34.78,23.71,74.76,2.17,0.53
2021-09-14,33.95,24.75,71.36,1.34,0.53
2021-09-15,32.36,25.61,75.02,0.85,0.53
2021-09-16,34.27,25.05,79.23,5.74,0.53
2021-09-17,31.49,24.48,80.35,1.11,0.53
2021-09-18,34.08,23.91,74.37,0.9,0.53
2021-09-19,34.76,23.98,72.48,0.79,0.53
2021-09-20,33.83,24.3,76.87,7.17,0.53
2021-09-21,32.92,24.69,76.89,0.95,0.53
2021-09-22,35.81,23.93,68.33,0.05,0.53
2021-09-23,37.03,25.03,66.17,1.23,0.52
2021-09-24,30.83,24.58,82.04,7.8,0.53
2021-09-25,30.83,24.42,80.4,3.65,0.54
2021-09-26,34.58,24.36,71.12,1.05,0.53
2021-09-27,30.87,23.93,79.7,1.04,0.53
2021-09-28,30.8,23.48,81.26,2.67,0.53
2021-09-29,33.49,23.98,75.58,2.48,0.53
2021-09-30,37.13,23.84,67.43,0.08,0.53
2021-10-01,35.82,24.75,72.0,2.86,0.52
2021-10-02,32.63,25.22,79.41,6.21,0.53
2021-10-03,32.84,24.47,77.79,2.99,0.53
2021-10-04,34.95,23.99,71.24,0.18,0.53
2021-10-05,35.46,24.35,69.53,0.11,0.52
2021-10-06,36.23,24.99,69.34,0.93,0.52
2021-10-07,34.45,25.24,75.87,7.55,0.52
2021-10-08,33.89,25.55,76.62,1.55,0.53
2021-10-09,35.35,25.57,70.82,0.1,0.52
2021-10-10,35.37,25.62,73.56,5.05,0.53
2021-10-11,33.63,25.84,78.19,3.31,0.53
2021-10-12,34.89,25.89,71.07,1.43,0.53
2021-10-13,36.09,25.38,69.78,1.89,0.52
2021-10-14,36.55,25.24,66.09,0.93,0.52
2021-10-15,34.88,25.84,66.45,1.39,0.52
2021-10-16,32.92,24.23,77.37,2.81,0.52
2021-10-17,29.17,22.85,80.27,7.18,0.52
2021-10-18,33.74,22.24,72.28,5.56,0.53
2021-10-19,34.47,23.91,75.05,2.6,0.53
2021-10-20,31.89,24.71,81.23,2.02,0.53
2021-10-21,31.61,23.88,80.85,2.44,0.53
2021-10-22,30.46,23.62,85.08,4.14,0.53
2021-10-23,31.15,23.02,82.25,22.98,0.55
2021-10-24,31.15,22.6,80.54,1.08,0.57
2021-10-25,31.87,23.02,77.45,0.97,0.56
2021-10-26,32.86,23.05,74.44,0.63,0.55
2021-10-27,33.38,23.37,74.28,0.72,0.55
2021-10-28,33.94,23.55,73.96,5.77,0.55
2021-10-29,33.82,25.06,71.74,0.05,0.55
2021-10-30,31.49,24.85,78.09,1.48,0.55
2021-10-31,33.12,24.13,75.25,0.39,0.54
2021-11-01,33.4,22.79,76.54,0.86,0.54
2021-11-02,31.84,23.63,80.18,8.21,0.54
2021-11-03,32.15,23.47,78.9,5.56,0.55
2021-11-04,31.83,23.4,78.65,4.27,0.55
2021-11-05,33.35,21.82,71.38,0.0,0.55
2021-11-06,33.78,21.43,67.61,0.0,0.55
2021-11-07,34.21,21.77,66.39,0.0,0.54
2021-11-08,35.68,22.69,64.55,0.03,0.54
2021-11-09,33.31,23.7,72.93,2.61,0.53
2021-11-10,34.21,22.87,71.85,0.0,0.53
2021-11-11,33.98,23.68,70.18,0.0,0.53
2021-11-12,34.73,23.25,68.56,0.0,0.52
2021-11-13,34.61,23.18,69.1,0.0,0.52
2021-11-14,33.85,24.07,68.56,0.2,0.52
2021-11-15,34.36,23.85,70.69,0.64,0.51
2021-11-16,34.35,23.6,69.34,0.0,0.51
2021-11-17,34.91,24.05,65.74,0.0,0.51
2021-11-18,35.61,23.38,59.59,0.0,0.5
2021-11-19,35.05,22.08,61.48,0.0,0.5
2021-11-20,34.86,20.36,61.73,0.0,0.5
2021-11-21,35.19,20.94,63.54,0.0,0.49
2021-11-22,34.94,21.61,57.72,0.0,0.49
2021-11-23,34.85,20.01,58.73,0.56,0.49
2021-11-24,32.75,22.1,69.57,1.32,0.49
2021-11-25,32.63,22.8,71.49,0.0,0.49
2021-11-26,32.19,23.47,66.88,0.03,0.48
2021-11-27,33.86,23.19,66.04,0.08,0.48
2021-11-28,33.69,22.95,62.06,0.0,0.48
2021-11-29,34.5,22.39,55.15,0.0,0.48
2021-11-30,34.1,20.52,54.57,0.0,0.48
2021-12-01,33.53,20.17,56.01,0.0,0.47
2021-12-02,33.51,18.72,58.19,0.0,0.47
2021-12-03,32.89,18.99,59.47,2.87,0.47
2021-12-04,31.2,18.85,66.13,6.44,0.49
2021-12-05,32.09,18.36,61.49,2.32,0.49
2021-12-06,31.04,18.26,64.32,4.22,0.49
2021-12-07,30.91,17.45,66.63,1.83,0.49
2021-12-08,32.33,19.07,60.77,0.16,0.49
2021-12-09,32.74,21.3,60.05,0.0,0.48
2021-12-10,32.91,20.2,60.0,0.0,0.48
2021-12-11,33.32,20.12,60.87,0.0,0.48
2021-12-12,32.28,19.75,60.59,0.0,0.48
2021-12-13,31.54,19.42,57.68,0.0,0.48
2021-12-14,32.23,19.69,55.52,0.0,0.47
2021-12-15,31.44,17.47,53.31,0.0,0.47
2021-12-16,31.53,15.98,48.78,0.0,0.47
2021-12-17,31.75,16.03,48.08,0.0,0.47
2021-12-18,32.71,16.16,48.34,0.0,0.47
2021-12-19,31.44,19.61,57.91,0.0,0.47
2021-12-20,30.92,19.41,61.17,0.0,0.47
2021-12-21,29.88,16.79,64.05,0.0,0.47
2021-12-22,29.21,16.44,62.39,0.0,0.47
2021-12-23,29.06,15.25,58.12,0.0,0.47
2021-12-24,29.62,14.3,55.54,0.0,0.47
2021-12-25,30.4,14.71,45.14,0.0,0.47
2021-12-26,31.57,15.03,44.51,0.0,0.46
2021-12-27,31.88,15.08,45.48,0.0,0.46
2021-12-28,31.93,15.25,40.27,0.0,0.46
2021-12-29,32.33,14.82,40.38,0.0,0.46
2021-12-30,32.96,15.98,41.09,0.0,0.46
2021-12-31,33.08,16.93,42.07,0.0,0.46
2022-01-01,32.93,16.27,38.5,0.0,0.46
2022-01-02,32.54,16.44,41.33,0.0,0.46
2022-01-03,32.43,16.74,40.93,0.0,0.46
2022-01-04,32.48,17.13,42.55,0.0,0.46
2022-01-05,32.39,15.66,33.27,0.0,0.46
2022-01-06,32.87,15.49,36.36,0.0,0.46
2022-01-07,33.57,16.7,33.74,0.0,0.46
2022-01-08,34.17,16.89,37.45,0.0,0.46
2022-01-09,33.96,16.96,39.22,0.0,0.46
2022-01-10,34.29,17.13,40.53,0.0,0.46
2022-01-11,33.26,16.96,37.86,0.0,0.46
2022-01-12,31.4,19.73,37.23,0.0,0.46
2022-01-13,33.97,17.8,42.99,0.0,0.46
2022-01-14,33.39,18.41,46.06,1.6,0.46
2022-01-15,32.78,19.12,52.05,0.09,0.46
2022-01-16,30.38,20.35,56.44,0.08,0.46
2022-01-17,31.46,17.3,50.81,0.0,0.46
2022-01-18,31.61,15.25,41.53,0.01,0.46
2022-01-19,31.2,14.66,52.39,2.45,0.46
2022-01-20,29.23,15.38,66.29,2.48,0.47
2022-01-21,29.72,13.84,52.76,0.0,0.47
2022-01-22,29.08,13.02,48.87,0.0,0.47
2022-01-23,30.31,13.39,46.05,0.01,0.47
2022-01-24,31.18,15.51,53.22,2.59,0.47
2022-01-25,30.08,15.75,64.32,3.29,0.47
2022-01-26,30.62,16.03,68.22,0.92,0.47
2022-01-27,31.15,16.09,65.63,0.0,0.47
2022-01-28,30.43,14.37,58.21,0.0,0.47
2022-01-29,27.46,10.82,45.46,0.0,0.47
2022-01-30,29.7,10.13,53.33,0.0,0.47
2022-01-31,29.61,10.99,49.76,0.0,0.47
2022-02-01,30.71,11.52,43.74,0.0,0.46
2022-02-02,29.96,12.62,55.86,0.0,0.46
2022-02-03,30.33,12.61,46.54,0.0,0.46
2022-02-04,32.0,12.53,40.58,1.68,0.47
2022-02-05,30.73,16.46,55.86,9.33,0.48
2022-02-06,31.04,13.8,64.22,0.55,0.48
2022-02-07,29.78,10.42,51.06,0.0,0.48
2022-02-08,30.38,11.24,50.56,0.0,0.47
2022-02-09,31.04,11.26,40.47,0.0,0.47
2022-02-10,31.5,10.49,35.96,0.0,0.47
2022-02-11,32.1,12.66,44.04,0.0,0.47
2022-02-12,31.01,12.74,46.18,0.0,0.47
2022-02-13,30.76,11.95,36.05,0.0,0.47
2022-02-14,33.05,11.77,29.78,0.0,0.46
2022-02-15,35.13,14.23,26.92,0.0,0.46
2022-02-16,35.01,15.91,39.09,0.0,0.46
2022-02-17,35.6,18.43,30.89,0.0,0.46
2022-02-18,32.79,14.57,33.74,2.89,0.47
2022-02-19,32.25,16.69,35.04,1.93,0.47
2022-02-20,31.0,12.93,44.26,1.12,0.47
2022-02-21,32.54,15.67,63.08,1.86,0.47
2022-02-22,31.11,16.25,57.53,0.0,0.47
2022-02-23,32.7,13.88,39.1,0.0,0.47
2022-02-24,34.52,14.4,34.38,0.0,0.47
2022-02-25,35.38,15.22,33.25,0.0,0.46
2022-02-26,35.62,17.47,30.0,0.0,0.46
2022-02-27,36.07,17.46,30.55,0.0,0.46
2022-02-28,37.05,16.02,24.92,0.0,0.46
2022-03-01,35.36,16.79,38.26,0.0,0.46
2022-03-02,36.42,17.34,27.76,0.0,0.46
2022-03-03,38.18,17.87,20.61,0.0,0.46
2022-03-04,37.16,17.72,19.57,0.0,0.46
2022-03-05,36.55,17.75,20.78,0.0,0.46
2022-03-06,36.99,17.94,22.93,0.0,0.46
2022-03-07,39.11,19.7,26.05,0.12,0.46
2022-03-08,39.27,22.45,27.0,0.24,0.46
2022-03-09,40.15,21.6,31.29,0.0,0.46
2022-03-10,39.96,21.43,32.88,0.0,0.46
2022-03-11,40.84,21.92,30.73,0.0,0.46
2022-03-12,41.41,22.86,28.27,0.0,0.46
2022-03-13,41.86,23.39,27.32,0.0,0.46
2022-03-14,42.49,23.09,26.46,0.0,0.46
2022-03-15,41.31,23.79,28.91,0.0,0.46
2022-03-16,40.6,21.74,35.69,0.0,0.46
2022-03-17,39.91,20.59,44.51,0.0,0.46
2022-03-18,39.94,20.79,45.2,0.57,0.46
2022-03-19,40.78,22.65,39.15,0.0,0.46
2022-03-20,40.66,22.28,42.8,0.05,0.46
2022-03-21,39.53,23.42,43.94,1.82,0.46
2022-03-22,36.89,25.14,53.4,4.87,0.46
2022-03-23,34.34,25.67,65.16,0.02,0.47
2022-03-24,37.35,23.63,55.65,0.0,0.47
2022-03-25,39.04,20.91,55.32,0.02,0.47
2022-03-26,39.15,21.96,56.9,0.04,0.46
2022-03-27,38.38,22.85,52.45,0.05,0.46
2022-03-28,39.37,23.99,53.61,0.05,0.46
2022-03-29,38.66,22.15,52.45,0.0,0.46
2022-03-30,38.76,22.15,53.87,0.0,0.46
2022-03-31,39.51,22.54,51.56,0.0,0.46
2022-04-01,40.49,23.22,49.76,0.01,0.46
2022-04-02,38.9,23.47,49.01,0.06,0.46
2022-04-03,36.71,23.76,39.93,0.0,0.46
2022-04-04,38.85,24.43,41.65,0.0,0.46
2022-04-05,40.1,24.97,43.99,0.0,0.46
2022-04-06,40.06,24.99,47.38,0.25,0.46
2022-04-07,40.83,23.93,44.15,0.12,0.46
2022-04-08,40.95,25.31,42.99,0.0,0.46
2022-04-09,39.8,22.96,43.99,0.0,0.46
2022-04-10,40.01,24.0,47.79,0.0,0.46
2022-04-11,39.44,24.95,51.07,0.0,0.46
2022-04-12,39.03,25.89,51.18,0.0,0.46
2022-04-13,40.99,25.12,50.88,0.0,0.46
2022-04-14,40.8,23.58,55.07,0.0,0.46
2022-04-15,38.4,25.07,53.07,0.24,0.46
2022-04-16,37.6,24.94,61.9,8.37,0.47
2022-04-17,36.05,24.25,61.57,0.02,0.47
2022-04-18,35.73,25.07,58.98,0.03,0.47
2022-04-19,36.24,25.08,60.24,2.87,0.47
2022-04-20,37.14,24.42,60.62,5.08,0.47
2022-04-21,37.84,23.19,56.74,0.15,0.47
2022-04-22,38.16,24.21,57.07,1.58,0.47
2022-04-23,38.82,24.91,57.13,0.5,0.47
2022-04-24,37.09,25.61,61.06,0.53,0.47
2022-04-25,40.49,25.8,54.91,0.13,0.47
2022-04-26,39.7,25.27,57.56,1.09,0.47
2022-04-27,37.39,26.98,56.08,0.05,0.47
2022-04-28,41.49,25.64,53.63,1.12,0.47
2022-04-29,40.82,26.25,49.55,0.09,0.46
2022-04-30,40.83,26.01,49.1,3.34,0.47
2022-05-01,39.02,27.36,49.47,0.51,0.47
2022-05-02,40.0,28.05,45.84,0.47,0.47
2022-05-03,35.29,26.84,49.88,0.19,0.46
2022-05-04,34.14,25.64,57.29,5.35,0.47
2022-05-05,35.39,26.24,58.31,2.0,0.47
2022-05-06,38.02,24.75,51.95,0.16,0.47
2022-05-07,36.45,26.78,54.2,1.8,0.47
2022-05-08,36.0,26.62,59.96,2.62,0.47
2022-05-09,30.59,25.71,72.09,2.85,0.47
2022-05-10,33.34,24.74,68.3,2.27,0.47
2022-05-11,34.53,25.11,66.56,7.84,0.47
2022-05-12,36.69,24.64,67.45,4.09,0.49
2022-05-13,38.17,24.94,63.72,0.52,0.48
2022-05-14,38.74,25.83,61.43,0.22,0.48
2022-05-15,38.43,25.99,63.03,0.82,0.48
2022-05-16,37.96,26.47,62.17,1.27,0.47
2022-05-17,36.18,26.52,61.71,1.65,0.47
2022-05-18,35.13,25.89,65.17,3.6,0.48
2022-05-19,34.9,25.86,67.43,4.25,0.48
2022-05-20,32.73,26.04,71.52,8.92,0.49
2022-05-21,34.56,24.99,73.22,11.78,0.51
2022-05-22,33.94,25.83,73.7,1.12,0.51
2022-05-23,35.65,24.8,62.28,0.2,0.5
2022-05-24,36.97,24.45,60.49,2.46,0.5
2022-05-25,37.9,24.25,62.5,0.85,0.5
2022-05-26,36.07,24.81,65.84,2.19,0.49
2022-05-27,37.06,24.81,65.72,1.75,0.49
2022-05-28,36.49,24.93,68.68,5.35,0.49
2022-05-29,36.88,24.84,63.92,0.72,0.49
2022-05-30,37.62,24.03,60.48,0.69,0.49
2022-05-31,36.16,25.14,64.53,2.42,0.49
2022-06-01,36.13,24.57,65.48,3.16,0.49
2022-06-02,35.36,24.49,67.1,4.48,0.49
2022-06-03,35.11,24.52,72.45,11.29,0.5
2022-06-04,36.14,24.97,67.59,0.69,0.5
2022-06-05,34.43,25.25,66.22,0.22,0.5
2022-06-06,37.57,25.14,61.38,0.51,0.49
2022-06-07,34.64,25.58,67.47,6.84,0.49
2022-06-08,33.66,24.94,75.86,1.14,0.5
2022-06-09,35.2,23.97,70.86,4.07,0.5
2022-06-10,32.65,24.75,78.39,3.77,0.5
2022-06-11,33.34,24.6,75.9,3.42,0.51
2022-06-12,35.05,23.91,68.56,1.25,0.5
2022-06-13,34.57,24.83,69.56,2.49,0.5
2022-06-14,33.38,24.93,72.29,1.19,0.5
2022-06-15,32.08,24.81,76.92,6.31,0.51
2022-06-16,34.67,23.79,74.38,10.19,0.52
2022-06-17,33.73,23.81,76.02,6.56,0.52
2022-06-18,31.31,23.72,79.07,6.65,0.53
2022-06-19,31.22,23.5,80.7,15.93,0.55
2022-06-20,32.11,23.51,78.3,9.84,0.56
2022-06-21,32.92,23.58,77.06,6.41,0.57
2022-06-22,33.66,23.48,76.16,3.09,0.57
2022-06-23,31.94,24.35,79.85,6.58,0.57
2022-06-24,30.66,24.65,78.65,1.5,0.57
2022-06-25,34.76,23.68,71.69,1.42,0.57
2022-06-26,34.03,23.64,72.48,1.46,0.56
2022-06-27,34.4,25.12,72.22,1.19,0.56
2022-06-28,34.31,24.62,73.09,3.22,0.56
2022-06-29,35.11,24.5,74.15,6.8,0.56
2022-06-30,31.43,25.35,83.4,30.46,0.6
2022-07-01,31.53,24.61,82.79,8.74,0.61
2022-07-02,32.31,24.3,80.79,7.37,0.62
2022-07-03,32.89,24.51,77.17,0.17,0.61
2022-07-04,33.33,23.58,77.01,0.62,0.6
2022-07-05,32.78,24.65,76.37,0.43,0.6
2022-07-06,33.22,24.63,80.59,6.69,0.59
2022-07-07,32.79,25.04,79.82,9.24,0.6
2022-07-08,32.84,24.13,79.88,5.89,0.61
2022-07-09,33.69,23.36,77.72,1.23,0.6
2022-07-10,30.9,23.69,84.44,5.28,0.6
2022-07-11,31.46,24.42,81.91,1.05,0.6
2022-07-12,33.15,24.75,78.6,0.11,0.6
2022-07-13,30.78,24.81,80.6,1.72,0.59
2022-07-14,31.52,24.88,80.71,3.82,0.59
2022-07-15,33.71,24.84,76.32,0.8,0.59
2022-07-16,34.1,24.89,74.11,0.07,0.58
2022-07-17,34.34,25.3,73.32,0.22,0.57
2022-07-18,33.84,25.08,75.02,2.21,0.57
2022-07-19,32.89,24.92,79.65,7.22,0.58
2022-07-20,33.5,24.83,77.54,1.33,0.58
2022-07-21,34.56,24.6,76.03,6.09,0.57
2022-07-22,31.1,24.54,83.61,11.92,0.58
2022-07-23,32.04,24.31,82.4,6.58,0.6
2022-07-24,32.63,23.98,78.29,0.88,0.59
2022-07-25,32.66,25.2,74.85,0.21,0.59
2022-07-26,34.86,24.29,70.46,0.01,0.58
2022-07-27,36.8,24.97,67.16,0.0,0.57
2022-07-28,36.97,25.0,69.19,0.07,0.56
2022-07-29,36.7,25.54,69.56,0.37,0.56
2022-07-30,36.07,25.33,71.8,4.55,0.55
2022-07-31,36.23,24.63,72.28,0.87,0.55
2022-08-01,35.65,25.37,74.65,7.56,0.55
2022-08-02,34.32,25.39,74.63,4.3,0.56
2022-08-03,34.82,25.46,71.96,0.3,0.55
2022-08-04,34.99,25.54,71.9,0.19,0.55
2022-08-05,34.19,24.93,78.63,2.59,0.54
2022-08-06,34.04,25.23,74.94,0.48,0.54
2022-08-07,31.58,25.08,82.13,11.98,0.55
2022-08-08,29.38,25.0,88.54,12.17,0.56
2022-08-09,29.21,24.42,86.63,7.68,0.58
2022-08-10,31.97,23.74,80.13,5.17,0.58
2022-08-11,33.07,23.81,79.66,6.68,0.59
2022-08-12,29.52,24.85,86.47,4.88,0.59
2022-08-13,30.94,23.79,86.1,2.97,0.59
2022-08-14,32.03,24.07,81.44,1.94,0.59
2022-08-15,32.8,23.98,78.7,2.25,0.59
2022-08-16,32.24,25.05,80.99,16.93,0.59
2022-08-17,31.14,24.89,86.17,10.88,0.62
2022-08-18,30.94,24.57,83.93,0.26,0.61
2022-08-19,31.45,23.79,82.77,5.06,0.61
2022-08-20,31.19,24.11,83.81,3.84,0.61
2022-08-21,32.72,23.83,79.34,0.1,0.61
2022-08-22,29.89,24.58,84.75,2.66,0.6
2022-08-23,31.82,23.58,79.57,1.15,0.6
2022-08-24,33.91,23.53,75.75,0.67,0.59
2022-08-25,34.84,24.03,74.82,0.46,0.58
2022-08-26,28.62,24.74,87.98,7.91,0.59
2022-08-27,30.23,24.24,83.01,1.69,0.59
2022-08-28,32.78,23.49,76.23,0.17,0.59
2022-08-29,33.74,24.26,75.6,1.47,0.58
2022-08-30,35.54,24.57,71.1,0.15,0.58
2022-08-31,34.52,24.99,74.97,0.89,0.57
2022-09-01,33.73,24.67,76.24,3.04,0.57
2022-09-02,34.92,25.02,74.11,0.57,0.56
2022-09-03,35.97,25.19,71.15,0.34,0.56
2022-09-04,35.07,25.19,76.02,1.39,0.55
2022-09-05,33.83,25.27,77.37,3.53,0.55
2022-09-06,33.53,25.13,75.77,1.04,0.55
2022-09-07,36.46,25.0,74.88,1.12,0.55
2022-09-08,35.07,25.39,73.4,3.49,0.55
2022-09-09,31.76,25.27,81.56,4.86,0.55
2022-09-10,28.49,24.48,87.57,10.65,0.56
2022-09-11,31.48,23.48,80.51,12.93,0.58
2022-09-12,29.59,22.56,84.31,12.71,0.59
2022-09-13,31.75,22.95,84.19,8.44,0.6
2022-09-14,32.61,23.52,80.94,7.38,0.6
2022-09-15,31.99,22.9,80.86,4.32,0.6
2022-09-16,31.62,23.64,82.48,0.96,0.6
2022-09-17,31.49,24.0,82.15,1.48,0.6
2022-09-18,30.46,23.75,86.46,4.13,0.59
2022-09-19,31.29,24.29,83.79,1.37,0.59
2022-09-20,32.13,23.59,80.81,1.72,0.59
2022-09-21,31.88,23.35,80.86,3.44,0.59
2022-09-22,32.51,24.31,79.3,0.05,0.58
2022-09-23,31.61,23.7,80.79,2.45,0.58
2022-09-24,31.07,24.39,82.81,3.17,0.58
2022-09-25,28.98,23.77,84.11,2.55,0.58
2022-09-26,32.27,23.81,79.83,2.57,0.58
2022-09-27,31.46,24.01,80.1,0.0,0.58
2022-09-28,32.62,23.87,77.23,0.05,0.57
2022-09-29,35.16,24.03,73.61,3.44,0.57
2022-09-30,33.21,25.28,79.24,3.52,0.57
2022-10-01,30.28,24.59,87.71,9.9,0.58
2022-10-02,30.42,24.13,86.72,6.19,0.58
2022-10-03,31.22,24.02,84.74,6.33,0.59
2022-10-04,32.45,23.64,80.26,2.77,0.59
2022-10-05,32.32,24.43,79.72,0.32,0.58
2022-10-06,33.29,23.96,73.86,0.95,0.58
2022-10-07,34.12,23.93,71.26,0.22,0.57
2022-10-08,31.51,24.16,78.38,0.91,0.57
2022-10-09,32.58,23.55,78.61,4.85,0.57
2022-10-10,33.18,24.13,77.38,1.37,0.57
2022-10-11,29.9,24.07,80.9,0.08,0.56
2022-10-12,33.22,22.71,74.66,0.27,0.56
2022-10-13,34.39,23.52,72.44,0.09,0.55
2022-10-14,34.58,23.69,73.61,2.24,0.55
2022-10-15,33.54,24.99,73.38,0.63,0.55
2022-10-16,35.73,23.83,65.6,0.92,0.54
2022-10-17,34.57,23.99,65.84,0.28,0.54
2022-10-18,34.59,23.45,61.98,0.03,0.53
2022-10-19,34.5,21.6,59.56,0.13,0.53
2022-10-20,34.72,20.63,59.45,0.75,0.53
2022-10-21,35.75,21.14,59.91,0.01,0.52
2022-10-22,35.1,23.46,65.56,0.67,0.52
2022-10-23,32.58,24.64,76.35,6.84,0.53
2022-10-24,31.09,23.34,80.06,7.35,0.53
2022-10-25,32.4,23.68,81.69,5.19,0.54
2022-10-26,34.46,23.27,70.04,0.0,0.53
2022-10-27,35.19,21.62,65.97,0.01,0.53
2022-10-28,35.35,22.91,58.46,0.01,0.52
2022-10-29,34.97,24.14,63.59,0.7,0.52
2022-10-30,34.32,24.56,68.72,0.02,0.52
2022-10-31,35.96,24.02,62.33,0.0,0.51
2022-11-01,36.2,24.24,58.5,0.0,0.51
2022-11-02,35.57,21.56,58.66,0.0,0.51
2022-11-03,34.97,21.34,62.11,0.57,0.5
2022-11-04,35.16,21.18,58.1,0.0,0.5
2022-11-05,33.74,22.82,65.91,0.0,0.5
2022-11-06,34.33,22.76,60.95,0.0,0.49
2022-11-07,34.59,21.81,58.17,0.0,0.49
2022-11-08,35.17,21.58,55.69,0.0,0.49
2022-11-09,34.64,20.83,55.93,0.0,0.48
2022-11-10,34.64,20.41,54.02,0.0,0.48
2022-11-11,35.51,21.36,55.32,0.0,0.48
2022-11-12,35.3,21.41,56.1,0.0,0.48
2022-11-13,35.18,19.38,51.84,0.0,0.48
2022-11-14,35.1,21.08,51.13,0.0,0.47
2022-11-15,35.82,21.01,50.16,0.01,0.47
2022-11-16,34.98,21.26,57.9,0.01,0.47
2022-11-17,34.09,22.96,62.81,3.09,0.47
2022-11-18,32.59,24.26,58.62,0.01,0.47
2022-11-19,33.89,23.28,56.51,1.64,0.47
2022-11-20,33.85,20.87,56.99,4.88,0.48
2022-11-21,35.17,20.89,53.94,0.0,0.48
2022-11-22,36.19,21.39,57.56,0.0,0.47
2022-11-23,35.86,21.28,49.17,0.0,0.47
2022-11-24,35.78,20.89,47.23,0.0,0.47
2022-11-25,34.74,20.23,54.91,3.48,0.47
2022-11-26,35.03,20.93,54.45,0.03,0.47
2022-11-27,34.53,23.08,61.8,0.04,0.47
2022-11-28,33.51,24.08,70.11,9.71,0.47
2022-11-29,32.85,23.85,74.18,2.64,0.49
2022-11-30,33.51,22.77,68.66,0.43,0.48
2022-12-01,33.65,22.86,71.08,4.09,0.48
2022-12-02,34.43,23.0,67.75,0.0,0.49
2022-12-03,34.65,22.42,63.28,0.0,0.48
2022-12-04,34.71,22.19,60.41,0.0,0.48
2022-12-05,34.63,21.99,50.91,0.0,0.48
2022-12-06,35.03,21.43,53.51,0.0,0.48
2022-12-07,33.86,21.21,61.39,0.0,0.47
2022-12-08,34.34,21.58,54.79,0.0,0.47
2022-12-09,33.29,22.18,53.66,0.0,0.47
2022-12-10,31.45,22.41,64.21,0.0,0.47
2022-12-11,34.69,22.04,55.98,0.0,0.47
2022-12-12,34.16,17.95,43.62,0.0,0.47
2022-12-13,34.74,18.08,42.41,0.0,0.47
2022-12-14,33.96,17.52,49.68,0.0,0.47
2022-12-15,33.74,18.23,44.34,0.0,0.46
2022-12-16,32.96,15.47,38.45,0.0,0.46
2022-12-17,33.32,17.01,45.3,0.0,0.46
2022-12-18,31.92,20.39,56.91,0.0,0.46
2022-12-19,33.17,19.01,53.55,0.0,0.46
2022-12-20,33.19,21.83,61.06,0.0,0.46
2022-12-21,34.41,18.84,54.89,0.0,0.46
2022-12-22,34.5,19.03,42.55,0.0,0.46
2022-12-23,33.87,16.43,37.92,0.0,0.46
2022-12-24,33.71,16.31,45.08,0.0,0.46
2022-12-25,34.36,14.94,43.33,0.0,0.46
2022-12-26,33.39,15.36,45.42,0.0,0.46
2022-12-27,32.75,15.37,50.85,0.04,0.46
2022-12-28,31.55,16.0,57.04,0.75,0.46
2022-12-29,30.88,16.94,64.25,0.65,0.46
2022-12-30,30.99,16.15,57.52,0.0,0.46
2022-12-31,31.47,14.69,43.63,0.0,0.46
2023-01-01,29.54,13.58,40.87,0.0,0.46
2023-01-02,30.92,13.86,37.58,0.0,0.46
2023-01-03,31.69,16.24,45.06,0.0,0.46
2023-01-04,31.59,16.17,47.91,0.0,0.46
2023-01-05,32.51,16.63,42.79,0.0,0.46
2023-01-06,33.11,16.25,44.63,0.0,0.46
2023-01-07,32.43,20.3,48.05,0.0,0.46
2023-01-08,32.17,18.84,48.85,0.0,0.46
2023-01-09,32.77,18.47,41.88,0.0,0.46
2023-01-10,31.83,16.78,41.56,0.0,0.46
2023-01-11,32.12,16.59,37.09,0.0,0.46
2023-01-12,32.39,14.96,48.1,0.0,0.46
2023-01-13,32.46,13.09,40.46,0.0,0.46
2023-01-14,31.07,12.87,41.96,0.0,0.46
2023-01-15,30.56,12.69,42.94,0.0,0.46
2023-01-16,30.9,13.49,41.31,0.0,0.46
2023-01-17,31.23,14.23,40.58,0.0,0.46
2023-01-18,31.62,14.63,42.27,0.0,0.46
2023-01-19,31.43,13.85,37.24,0.0,0.46
2023-01-20,32.64,14.75,28.8,0.0,0.46
2023-01-21,32.36,13.94,28.39,0.0,0.46
2023-01-22,32.6,14.4,27.3,0.0,0.46
2023-01-23,32.26,13.15,27.78,0.0,0.46
2023-01-24,33.34,13.21,27.15,0.0,0.46
2023-01-25,33.06,14.93,34.22,0.0,0.46
2023-01-26,34.19,17.3,32.36,0.0,0.46
2023-01-27,35.43,17.24,30.31,0.0,0.46
2023-01-28,35.2,19.43,42.83,0.0,0.46
2023-01-29,34.19,19.6,45.31,0.02,0.46
2023-01-30,33.48,19.54,45.2,0.02,0.46
2023-01-31,34.91,19.18,50.99,0.0,0.46
2023-02-01,35.96,19.03,41.0,0.0,0.46
2023-02-02,36.38,19.11,42.11,0.0,0.46
2023-02-03,36.69,21.38,33.1,0.0,0.46
2023-02-04,37.54,18.37,34.18,0.0,0.46
2023-02-05,36.59,17.08,32.05,0.0,0.46
2023-02-06,34.42,14.95,36.25,0.0,0.46
2023-02-07,33.22,14.4,39.74,0.0,0.46
2023-02-08,32.52,14.45,42.31,0.0,0.46
2023-02-09,33.76,15.1,37.06,0.0,0.46
2023-02-10,34.0,15.47,44.34,0.0,0.46
2023-02-11,35.03,15.64,42.44,0.0,0.46
2023-02-12,34.92,15.43,37.86,0.0,0.46
2023-02-13,34.29,15.57,41.94,0.0,0.46
2023-02-14,34.52,14.98,37.83,0.0,0.46
2023-02-15,35.97,15.52,34.82,0.0,0.46
2023-02-16,32.5,15.94,61.8,21.33,0.49
2023-02-17,30.28,18.63,68.73,6.74,0.5
2023-02-18,33.23,18.39,62.85,0.0,0.5
2023-02-19,34.04,16.92,44.01,0.0,0.49
2023-02-20,33.94,16.27,51.83,0.0,0.49
2023-02-21,34.35,18.04,51.24,0.0,0.49
2023-02-22,34.86,16.68,53.35,0.0,0.48
2023-02-23,34.64,16.46,52.74,0.0,0.48
2023-02-24,34.57,16.46,54.51,0.09,0.48
2023-02-25,35.33,17.36,57.13,0.46,0.48
2023-02-26,32.51,21.4,52.57,0.0,0.47
2023-02-27,34.68,21.31,47.87,0.01,0.47
2023-02-28,34.96,19.79,39.82,0.0,0.47
2023-03-01,35.53,17.98,36.7,0.0,0.47
2023-03-02,37.22,19.81,31.4,0.0,0.47
2023-03-03,37.19,19.0,28.06,0.0,0.46
2023-03-04,36.94,17.55,42.94,0.0,0.46
2023-03-05,37.61,17.9,46.72,0.0,0.46
2023-03-06,37.39,18.34,51.65,0.0,0.46
2023-03-07,37.77,19.67,46.28,0.0,0.46
2023-03-08,37.23,20.3,43.16,0.0,0.46
2023-03-09,38.79,22.56,26.33,0.0,0.46
2023-03-10,38.97,21.96,23.44,0.0,0.46
2023-03-11,38.01,20.98,23.25,0.0,0.46
2023-03-12,34.69,22.88,29.85,0.25,0.46
2023-03-13,39.65,23.8,34.08,0.23,0.46
2023-03-14,36.19,22.12,52.45,0.01,0.46
2023-03-15,36.38,20.31,54.07,1.15,0.46
2023-03-16,34.48,20.89,48.6,0.01,0.46
2023-03-17,36.72,21.76,33.42,0.0,0.46
2023-03-18,37.62,21.56,33.86,0.06,0.46
2023-03-19,34.14,22.96,40.07,0.66,0.46
2023-03-20,34.09,22.84,48.46,2.31,0.46
2023-03-21,35.37,20.69,47.86,1.47,0.47
2023-03-22,36.5,20.01,51.65,0.57,0.47
2023-03-23,36.18,19.89,52.49,0.05,0.46
2023-03-24,37.22,20.38,49.87,0.0,0.46
2023-03-25,38.46,21.08,46.53,0.0,0.46
2023-03-26,39.3,20.97,45.27,0.0,0.46
2023-03-27,39.32,21.13,47.51,0.0,0.46
2023-03-28,39.19,21.33,51.49,0.0,0.46
2023-03-29,39.26,22.25,50.04,0.05,0.46
2023-03-30,38.3,21.79,52.28,0.16,0.46
2023-03-31,38.79,21.88,51.95,0.44,0.46
2023-04-01,38.85,22.2,56.07,1.78,0.46
2023-04-02,36.74,21.57,60.6,1.54,0.46
2023-04-03,36.24,22.45,58.34,1.95,0.47
2023-04-04,37.55,21.1,53.58,0.0,0.47
2023-04-05,38.78,22.63,51.54,0.0,0.46
2023-04-06,39.5,23.24,49.07,0.0,0.46
2023-04-07,40.94,24.06,43.8,0.0,0.46
2023-04-08,41.38,23.9,31.2,0.0,0.46
2023-04-09,41.08,22.52,32.1,0.0,0.46
2023-04-10,41.05,23.36,42.25,0.0,0.46
2023-04-11,40.54,22.62,45.09,0.0,0.46
2023-04-12,40.43,23.88,43.76,0.0,0.46
2023-04-13,40.96,23.27,44.5,0.0,0.46
2023-04-14,41.17,22.4,44.48,0.0,0.46
2023-04-15,41.65,24.5,40.18,0.0,0.46
2023-04-16,40.41,25.75,44.73,0.0,0.46
2023-04-17,42.18,24.73,47.86,0.0,0.46
2023-04-18,39.47,26.46,51.28,0.0,0.46
2023-04-19,41.79,24.89,52.66,0.03,0.46
2023-04-20,40.25,25.17,55.1,0.31,0.46
2023-04-21,38.07,24.84,57.95,0.45,0.46
2023-04-22,41.32,24.08,52.14,0.65,0.46
2023-04-23,40.73,24.33,47.53,0.15,0.46
2023-04-24,39.78,25.95,44.63,0.02,0.46
2023-04-25,41.43,24.7,41.46,0.28,0.46
2023-04-26,42.28,24.65,41.39,1.03,0.46
2023-04-27,41.72,23.45,46.28,0.0,0.46
2023-04-28,41.0,24.26,47.52,0.0,0.46
2023-04-29,41.96,25.54,46.99,0.0,0.46
2023-04-30,42.01,24.67,45.97,0.0,0.46
2023-05-01,41.59,25.44,47.13,0.0,0.46
2023-05-02,40.41,26.94,45.86,0.05,0.46
2023-05-03,40.69,26.37,43.27,0.17,0.46
2023-05-04,41.66,25.4,44.6,1.04,0.46
2023-05-05,41.66,25.28,43.71,0.18,0.46
2023-05-06,42.42,25.51,47.02,0.41,0.46
2023-05-07,42.21,26.49,46.78,0.02,0.46
2023-05-08,41.62,26.66,50.92,8.27,0.47
2023-05-09,39.41,27.64,53.51,0.18,0.47
2023-05-10,37.19,26.96,64.82,9.77,0.48
2023-05-11,33.77,26.52,68.78,1.41,0.48
2023-05-12,33.49,25.59,71.3,1.91,0.48
2023-05-13,31.08,24.43,76.78,4.87,0.48
2023-05-14,33.91,25.75,72.12,2.05,0.48
2023-05-15,36.31,25.9,64.75,3.41,0.49
2023-05-16,36.48,24.92,66.33,1.49,0.48
2023-05-17,33.76,24.8,73.98,4.1,0.49
2023-05-18,37.11,24.49,65.33,0.96,0.49
2023-05-19,38.81,24.14,59.67,0.02,0.48
2023-05-20,39.05,25.05,57.81,0.02,0.48
2023-05-21,39.97,24.77,53.46,0.01,0.47
2023-05-22,39.65,24.86,54.2,0.15,0.47
2023-05-23,37.1,27.06,59.9,0.77,0.47
2023-05-24,37.12,26.25,61.26,0.89,0.47
2023-05-25,34.96,25.72,64.86,0.11,0.47
2023-05-26,38.39,25.29,60.74,0.1,0.47
2023-05-27,39.97,25.74,57.21,0.3,0.47
2023-05-28,40.6,25.65,53.34,0.3,0.46
2023-05-29,39.01,26.73,52.26,1.99,0.47
2023-05-30,39.57,27.47,54.57,0.04,0.47
2023-05-31,39.83,27.76,58.97,1.83,0.47
2023-06-01,38.67,26.83,60.24,1.58,0.47
2023-06-02,36.97,26.52,61.93,0.81,0.47
2023-06-03,36.86,26.66,58.62,2.39,0.47
2023-06-04,39.33,26.04,51.19,0.0,0.47
2023-06-05,38.99,28.15,53.45,1.78,0.47
2023-06-06,32.45,26.91,71.34,5.48,0.48
2023-06-07,32.27,26.12,78.12,7.14,0.48
2023-06-08,33.99,25.82,74.8,2.0,0.48
2023-06-09,34.08,25.65,76.22,4.73,0.48
2023-06-10,35.54,25.26,70.49,1.87,0.49
2023-06-11,34.97,24.96,67.42,2.37,0.49
2023-06-12,35.13,24.48,65.93,1.03,0.48
2023-06-13,33.6,25.85,68.73,1.17,0.48
2023-06-14,35.37,25.12,70.08,4.39,0.48
2023-06-15,38.04,24.96,62.8,0.18,0.48
2023-06-16,36.49,26.03,63.08,0.3,0.48
2023-06-17,38.8,25.62,63.08,0.97,0.48
2023-06-18,36.97,25.8,68.04,4.48,0.48
2023-06-19,36.54,25.96,69.86,6.17,0.48
2023-06-20,34.49,25.03,69.02,0.73,0.48
2023-06-21,36.4,25.22,66.02,3.4,0.48
2023-06-22,34.1,24.86,69.78,2.03,0.48
2023-06-23,34.71,24.95,70.35,5.6,0.49
2023-06-24,31.94,24.35,76.03,6.59,0.49
2023-06-25,32.81,24.19,74.26,8.98,0.51
2023-06-26,34.71,23.81,71.41,5.33,0.51
2023-06-27,34.89,23.76,71.21,2.52,0.51
2023-06-28,35.49,24.57,71.19,2.99,0.51
2023-06-29,37.72,24.99,67.96,0.87,0.51
2023-06-30,37.95,25.06,66.66,0.39,0.5
2023-07-01,35.03,26.44,68.13,0.77,0.5
2023-07-02,36.93,25.66,67.37,0.77,0.5
2023-07-03,35.85,25.46,66.03,1.41,0.49
2023-07-04,35.83,26.12,68.17,1.54,0.49
2023-07-05,34.94,25.35,72.38,6.84,0.5
2023-07-06,34.0,25.5,73.54,1.91,0.5
2023-07-07,37.73,25.09,65.67,0.37,0.49
2023-07-08,37.12,25.77,67.25,1.38,0.49
2023-07-09,34.3,25.94,75.83,9.48,0.5
2023-07-10,34.01,25.88,74.29,2.35,0.51
2023-07-11,36.71,24.95,65.18,0.6,0.5
2023-07-12,35.02,24.73,71.96,7.3,0.5
2023-07-13,31.9,25.43,81.41,15.23,0.52
2023-07-14,33.07,24.78,77.67,6.61,0.54
2023-07-15,35.54,23.93,70.88,0.58,0.53
2023-07-16,33.4,25.25,74.02,0.85,0.53
2023-07-17,35.84,24.88,68.28,0.23,0.52
2023-07-18,36.74,25.65,65.5,0.19,0.52
2023-07-19,35.79,25.59,68.97,1.05,0.51
2023-07-20,32.05,25.51,75.61,1.13,0.51
2023-07-21,35.8,24.91,72.55,3.31,0.51
2023-07-22,35.72,25.16,70.47,1.73,0.51
2023-07-23,34.14,26.09,68.35,0.04,0.51
2023-07-24,35.26,26.28,67.2,0.77,0.5
2023-07-25,36.22,25.63,68.45,2.15,0.5
2023-07-26,35.6,25.49,69.41,1.51,0.5
2023-07-27,37.22,25.36,67.5,0.84,0.5
2023-07-28,36.57,26.2,68.46,0.78,0.49
2023-07-29,34.7,25.84,73.6,3.05,0.49
2023-07-30,35.16,25.97,74.5,0.92,0.49
2023-07-31,35.19,26.39,75.92,4.84,0.49
2023-08-01,33.3,26.12,81.69,12.4,0.51
2023-08-02,31.9,25.18,81.23,7.16,0.52
2023-08-03,33.86,24.92,76.81,6.11,0.53
2023-08-04,33.58,25.06,76.63,5.03,0.53
2023-08-05,34.88,24.83,76.11,7.55,0.53
2023-08-06,32.51,25.16,80.85,10.9,0.54
2023-08-07,30.61,25.03,83.9,23.09,0.56
2023-08-08,32.28,24.21,79.02,8.47,0.59
2023-08-09,32.41,24.23,81.43,5.15,0.59
2023-08-10,32.25,24.68,77.33,0.88,0.58
2023-08-11,31.95,24.18,77.08,0.38,0.58
2023-08-12,31.08,23.42,78.28,1.78,0.57
2023-08-13,34.25,23.66,77.07,4.4,0.57
2023-08-14,32.39,24.38,81.73,5.07,0.58
2023-08-15,31.91,25.05,80.37,0.4,0.57
2023-08-16,31.84,24.94,79.03,0.75,0.57
2023-08-17,34.28,24.43,76.66,0.95,0.57
2023-08-18,34.75,24.45,73.39,0.2,0.56
2023-08-19,35.18,23.87,72.47,0.0,0.55
2023-08-20,35.46,25.02,71.6,0.3,0.55
2023-08-21,34.66,25.21,74.2,0.95,0.54
2023-08-22,35.16,24.99,72.29,0.53,0.54
2023-08-23,34.67,24.35,73.12,4.27,0.54
2023-08-24,34.33,24.28,75.37,6.52,0.54
2023-08-25,33.82,23.96,78.14,7.44,0.55
2023-08-26,29.74,24.67,86.96,15.69,0.56
2023-08-27,32.12,23.95,80.01,7.66,0.58
2023-08-28,34.46,23.71,75.0,0.16,0.57
2023-08-29,34.0,24.99,77.39,3.73,0.57
2023-08-30,34.11,25.11,74.9,0.8,0.57
2023-08-31,34.49,25.87,74.6,2.13,0.56
2023-09-01,34.01,25.1,78.86,9.93,0.57
2023-09-02,32.41,25.53,79.83,2.18,0.57
2023-09-03,32.66,26.22,77.25,1.71,0.57
2023-09-04,32.71,25.5,81.31,5.61,0.57
2023-09-05,33.23,25.41,79.18,4.24,0.57
2023-09-06,31.26,25.45,85.8,1.41,0.57
2023-09-07,32.62,24.91,84.51,6.35,0.57
2023-09-08,32.37,24.77,83.13,14.99,0.6
2023-09-09,33.78,24.76,78.46,1.16,0.59
2023-09-10,32.0,24.89,80.73,1.4,0.59
2023-09-11,33.47,25.01,80.25,1.55,0.58
2023-09-12,32.1,24.8,80.81,2.65,0.58
2023-09-13,31.57,24.42,84.31,11.4,0.59
2023-09-14,28.82,23.39,89.56,7.72,0.6
2023-09-15,32.92,23.12,81.11,3.57,0.6
2023-09-16,32.35,24.18,81.32,6.79,0.6
2023-09-17,32.47,25.3,83.94,7.92,0.6
2023-09-18,31.32,25.49,86.64,5.91,0.61
2023-09-19,30.92,24.96,85.23,2.26,0.61
2023-09-20,32.01,24.68,82.84,0.36,0.61
2023-09-21,33.92,24.01,77.47,0.03,0.6
2023-09-22,34.83,23.54,75.39,0.39,0.59
2023-09-23,35.84,23.9,73.31,1.13,0.58
2023-09-24,35.74,24.5,72.43,0.1,0.58
2023-09-25,35.51,24.55,71.06,0.48,0.57
2023-09-26,33.96,25.65,73.96,1.21,0.57
2023-09-27,36.45,24.86,73.31,4.94,0.57
2023-09-28,34.33,25.44,78.84,6.93,0.57
2023-09-29,30.97,24.57,83.3,6.58,0.57
2023-09-30,32.37,24.36,80.44,0.78,0.58
2023-10-01,31.97,24.34,85.7,4.13,0.57
2023-10-02,30.88,23.91,85.31,10.89,0.58
2023-10-03,32.38,23.33,83.28,4.51,0.59
2023-10-04,34.18,22.88,75.47,0.82,0.58
2023-10-05,34.82,24.01,75.88,1.57,0.58
2023-10-06,33.88,24.66,78.26,1.46,0.57
2023-10-07,34.2,24.76,78.33,8.45,0.57
2023-10-08,33.19,24.46,79.95,2.55,0.58
2023-10-09,32.48,24.26,82.51,10.2,0.58
2023-10-10,32.62,25.12,80.78,1.15,0.59
2023-10-11,31.2,23.81,86.54,8.58,0.59
2023-10-12,31.62,23.59,83.16,2.82,0.59
2023-10-13,31.51,24.02,80.67,0.51,0.59
2023-10-14,32.98,23.11,79.11,3.55,0.58
2023-10-15,34.23,23.01,73.9,0.51,0.58
2023-10-16,34.67,22.62,70.09,0.76,0.57
2023-10-17,33.5,23.94,71.48,1.71,0.57
2023-10-18,33.7,24.82,71.73,0.22,0.56
2023-10-19,33.33,24.27,76.63,9.73,0.56
2023-10-20,33.57,23.69,73.02,0.12,0.57
2023-10-21,34.76,23.44,70.4,1.91,0.56
2023-10-22,32.42,24.5,74.2,1.98,0.56
2023-10-23,29.61,24.62,83.44,16.59,0.58
2023-10-24,30.41,23.22,83.35,10.89,0.59
2023-10-25,32.78,23.11,80.23,0.42,0.59
2023-10-26,34.02,23.49,74.41,0.01,0.59
2023-10-27,31.99,22.78,77.68,8.75,0.59
2023-10-28,32.4,23.86,76.15,0.45,0.59
2023-10-29,31.52,23.45,75.36,0.15,0.58
2023-10-30,30.73,23.97,74.47,4.4,0.58
2023-10-31,29.61,23.97,77.2,1.17,0.58
2023-11-01,30.91,22.93,78.29,4.66,0.59
2023-11-02,29.97,23.35,77.96,0.48,0.58
2023-11-03,32.02,23.62,74.23,0.0,0.58
2023-11-04,32.31,23.67,74.93,0.0,0.57
2023-11-05,34.33,22.92,66.73,0.0,0.57
2023-11-06,34.74,22.48,64.75,0.0,0.56
2023-11-07,34.73,22.87,68.07,0.0,0.56
2023-11-08,34.62,22.22,64.62,0.0,0.55
2023-11-09,34.28,20.1,64.02,0.0,0.54
2023-11-10,34.56,20.58,62.71,0.0,0.54
2023-11-11,35.22,21.93,64.48,0.0,0.54
2023-11-12,34.35,22.4,64.98,0.8,0.53
2023-11-13,34.93,23.34,66.05,0.0,0.53
2023-11-14,34.37,23.88,70.81,0.03,0.53
2023-11-15,29.2,24.46,79.92,1.73,0.52
2023-11-16,29.28,23.56,87.41,12.62,0.54
2023-11-17,28.64,22.28,86.03,4.58,0.55
2023-11-18,28.91,21.35,74.67,1.37,0.55
2023-11-19,32.02,21.02,66.87,0.29,0.54
2023-11-20,32.54,21.12,70.23,0.08,0.54
2023-11-21,32.11,21.2,68.94,0.0,0.54
2023-11-22,32.49,21.56,68.76,0.0,0.53
2023-11-23,32.4,19.52,66.35,0.94,0.53
2023-11-24,32.99,18.55,60.58,0.0,0.53
2023-11-25,32.85,19.98,62.87,0.17,0.52
2023-11-26,33.15,19.6,63.71,0.0,0.52
2023-11-27,32.62,19.08,62.34,0.0,0.52
2023-11-28,32.76,17.88,62.06,0.0,0.51
2023-11-29,31.07,19.93,64.88,0.0,0.51
2023-11-30,30.01,19.34,64.86,0.0,0.51
2023-12-01,33.03,20.55,61.87,0.0,0.51
2023-12-02,33.48,22.82,63.88,0.0,0.5
2023-12-03,33.23,22.26,63.2,0.0,0.5
2023-12-04,34.24,21.96,60.64,0.0,0.5
2023-12-05,34.39,21.3,62.34,0.0,0.5
2023-12-06,34.09,21.98,61.79,0.04,0.49
2023-12-07,31.02,21.85,73.46,4.69,0.49
2023-12-08,31.68,21.79,80.85,10.92,0.5
2023-12-09,32.67,20.71,76.17,0.0,0.51
2023-12-10,31.53,19.3,69.79,0.0,0.51
2023-12-11,31.54,18.55,66.86,0.06,0.5
2023-12-12,32.57,19.94,67.48,0.04,0.5
2023-12-13,33.05,21.6,70.58,0.01,0.5
2023-12-14,32.94,19.57,69.1,0.0,0.5
2023-12-15,31.61,15.41,52.93,0.0,0.49
2023-12-16,31.62,14.8,52.91,0.0,0.49
2023-12-17,32.13,15.78,54.22,0.0,0.49
2023-12-18,33.07,16.68,59.09,0.0,0.49
2023-12-19,32.97,17.88,59.35,0.0,0.48
2023-12-20,32.38,17.82,60.53,0.0,0.48
2023-12-21,32.17,17.67,57.61,0.0,0.48
2023-12-22,31.59,19.78,60.42,0.0,0.48
2023-12-23,31.69,19.81,53.32,0.0,0.48
2023-12-24,31.36,18.04,52.25,0.0,0.48
2023-12-25,31.73,16.97,58.36,0.0,0.47
2023-12-26,31.57,17.94,60.63,0.0,0.47
2023-12-27,32.42,17.89,57.65,0.0,0.47
2023-12-28,32.61,19.26,60.82,0.0,0.47
2023-12-29,32.37,19.99,59.42,0.0,0.47
2023-12-30,32.36,19.54,54.24,0.0,0.47
2023-12-31,32.15,17.08,48.57,0.0,0.47
2024-01-01,32.33,16.17,50.06,0.0,0.47
2024-01-02,32.81,15.93,52.24,0.0,0.47
2024-01-03,32.57,15.66,43.64,0.0,0.47
2024-01-04,33.33,17.64,45.13,0.0,0.47
2024-01-05,31.97,15.73,50.61,0.0,0.46
2024-01-06,32.84,16.68,41.9,0.0,0.46
2024-01-07,32.01,16.32,38.88,0.0,0.46
2024-01-08,32.13,15.26,36.14,0.0,0.46
2024-01-09,32.15,15.87,35.93,0.0,0.46
2024-01-10,31.29,13.51,37.82,0.0,0.46
2024-01-11,31.27,14.15,35.5,0.0,0.46
2024-01-12,31.43,14.04,37.15,0.0,0.46
2024-01-13,31.63,12.89,36.41,0.0,0.46
2024-01-14,32.77,13.49,34.36,0.0,0.46
2024-01-15,33.54,15.35,47.98,0.0,0.46
2024-01-16,32.21,15.97,53.24,0.0,0.46
2024-01-17,32.52,15.87,45.86,0.0,0.46
2024-01-18,30.99,12.43,41.39,0.01,0.46
2024-01-19,30.33,13.36,45.94,0.02,0.46
2024-01-20,31.23,14.77,43.7,0.0,0.46
2024-01-21,30.35,11.88,50.6,0.0,0.46
2024-01-22,30.39,14.08,52.21,0.0,0.46
2024-01-23,31.65,13.78,50.14,0.0,0.46
2024-01-24,31.69,12.97,45.72,0.48,0.46
2024-01-25,33.2,15.25,44.44,2.48,0.46
2024-01-26,33.06,16.03,49.13,0.35,0.46
2024-01-27,32.87,17.0,53.63,0.0,0.46
2024-01-28,32.73,13.83,45.54,0.0,0.46
2024-01-29,32.37,13.67,40.4,0.0,0.46
2024-01-30,31.43,12.79,39.04,0.0,0.46
2024-01-31,32.07,12.1,44.9,0.0,0.46
2024-02-01,32.28,14.49,45.79,0.0,0.46
2024-02-02,32.01,15.27,46.86,0.0,0.46
2024-02-03,32.96,16.74,48.32,0.0,0.46
2024-02-04,32.45,14.88,47.13,0.0,0.46
2024-02-05,33.18,14.3,40.38,0.0,0.46
2024-02-06,35.27,17.39,36.02,0.0,0.46
2024-02-07,35.68,18.14,45.35,0.0,0.46
2024-02-08,34.43,17.67,51.02,0.0,0.46
2024-02-09,32.94,17.35,37.4,0.0,0.46
2024-02-10,33.83,13.95,25.87,0.04,0.46
2024-02-11,36.81,18.31,22.39,0.0,0.46
2024-02-12,36.2,15.87,29.84,0.0,0.46
2024-02-13,34.32,17.35,34.52,0.0,0.46
2024-02-14,35.05,16.79,32.09,0.0,0.46
2024-02-15,36.11,17.35,28.26,0.0,0.46
2024-02-16,35.94,17.78,31.48,0.0,0.46
2024-02-17,35.6,16.68,34.28,0.0,0.46
2024-02-18,34.11,14.78,41.54,0.0,0.46
2024-02-19,34.39,14.62,42.83,0.0,0.46
2024-02-20,33.91,14.53,44.45,0.0,0.46
2024-02-21,35.29,16.3,51.53,0.0,0.46
2024-02-22,36.51,18.93,51.75,0.0,0.46
2024-02-23,36.56,18.66,48.11,0.0,0.46
2024-02-24,36.34,18.22,41.1,0.0,0.46
2024-02-25,37.35,19.06,40.56,0.0,0.46
2024-02-26,37.0,19.25,33.91,0.0,0.46
2024-02-27,38.41,19.57,31.08,0.0,0.46
2024-02-28,38.75,19.82,34.27,0.0,0.46
2024-02-29,36.79,19.72,37.37,0.0,0.46
2024-03-01,36.06,18.07,35.15,0.0,0.46
2024-03-02,37.81,17.04,34.23,0.0,0.46
2024-03-03,37.55,16.45,40.51,0.0,0.46
2024-03-04,37.92,18.5,48.27,0.0,0.46
2024-03-05,37.44,20.42,39.15,0.0,0.46
2024-03-06,37.1,20.11,30.02,0.0,0.46
2024-03-07,37.7,18.12,19.36,0.0,0.46
2024-03-08,38.66,17.69,17.89,0.0,0.46
2024-03-09,37.54,19.31,24.47,0.0,0.46
2024-03-10,38.0,18.2,19.1,0.0,0.46
2024-03-11,38.22,17.58,31.28,0.0,0.46
2024-03-12,37.9,17.3,43.58,0.0,0.46
2024-03-13,36.93,18.68,52.9,0.0,0.46
2024-03-14,37.41,20.22,48.07,0.0,0.46
2024-03-15,39.15,20.95,49.05,0.01,0.46
2024-03-16,38.97,22.15,39.9,0.0,0.46
2024-03-17,39.04,22.31,28.73,0.0,0.46
2024-03-18,39.11,23.73,28.36,0.0,0.46
2024-03-19,41.06,23.52,30.2,0.0,0.46
2024-03-20,40.47,22.85,40.87,1.9,0.46
2024-03-21,37.29,23.61,42.05,2.21,0.46
2024-03-22,37.04,22.2,42.94,0.04,0.46
2024-03-23,36.03,18.92,54.19,1.37,0.46
2024-03-24,38.0,19.76,46.49,0.03,0.46
2024-03-25,38.85,20.5,43.48,0.0,0.46
2024-03-26,39.98,21.59,35.65,0.0,0.46
2024-03-27,39.93,22.41,34.94,0.0,0.46
2024-03-28,39.32,22.64,41.3,0.0,0.46
2024-03-29,39.25,21.85,44.91,0.0,0.46
2024-03-30,40.84,23.05,44.59,0.04,0.46
2024-03-31,41.17,22.5,45.78,0.05,0.46
2024-04-01,40.6,23.12,50.98,0.0,0.46
2024-04-02,40.92,23.62,50.58,0.0,0.46
2024-04-03,40.22,24.49,51.29,0.0,0.46
2024-04-04,42.04,24.35,48.52,0.0,0.46
2024-04-05,42.87,23.92,46.89,0.0,0.46
2024-04-06,44.0,25.27,46.01,0.0,0.46
2024-04-07,43.08,26.12,49.53,0.0,0.46
2024-04-08,42.86,26.38,45.52,0.0,0.46
2024-04-09,43.18,25.82,33.75,0.08,0.46
2024-04-10,41.8,24.24,31.56,5.92,0.47
2024-04-11,41.64,24.02,39.78,0.0,0.47
2024-04-12,41.84,24.1,39.6,0.0,0.46
2024-04-13,41.7,25.24,36.65,0.0,0.46
2024-04-14,42.92,25.38,30.69,0.0,0.46
2024-04-15,42.62,24.84,35.56,0.0,0.46
2024-04-16,42.85,25.43,39.84,0.0,0.46
2024-04-17,41.46,24.68,46.57,0.0,0.46
2024-04-18,39.88,26.13,53.17,2.11,0.46
2024-04-19,40.8,25.76,54.7,0.0,0.46
2024-04-20,40.71,25.26,55.72,0.0,0.46
2024-04-21,41.04,24.87,54.02,0.0,0.46
2024-04-22,38.84,25.51,55.8,0.0,0.46
2024-04-23,41.96,25.54,48.13,0.0,0.46
2024-04-24,42.74,26.54,46.25,0.0,0.46
2024-04-25,42.83,25.77,48.08,0.0,0.46
2024-04-26,42.43,25.97,46.31,0.0,0.46
2024-04-27,43.11,27.09,42.52,0.0,0.46
2024-04-28,43.93,27.17,43.59,0.0,0.46
2024-04-29,43.6,26.96,48.9,0.04,0.46
2024-04-30,42.88,26.39,50.54,0.57,0.46
2024-05-01,41.55,26.14,54.51,0.71,0.46
2024-05-02,40.69,26.08,55.77,1.09,0.46
2024-05-03,37.94,26.07,57.43,2.51,0.46
2024-05-04,39.31,26.38,57.53,1.21,0.47
2024-05-05,39.2,24.52,58.74,1.17,0.47
2024-05-06,40.11,26.23,56.18,1.84,0.47
2024-05-07,35.88,25.75,52.86,1.99,0.47
2024-05-08,37.43,24.36,47.85,2.01,0.47
2024-05-09,38.59,26.11,46.16,0.07,0.47
2024-05-10,40.64,26.05,47.06,0.34,0.47
2024-05-11,41.43,25.36,46.07,0.01,0.46
2024-05-12,41.91,24.87,43.04,0.0,0.46
2024-05-13,41.68,24.94,43.87,0.85,0.46
2024-05-14,42.77,26.8,42.92,1.44,0.46
2024-05-15,43.29,27.48,45.13,0.0,0.46
2024-05-16,43.86,28.82,45.71,0.01,0.46
2024-05-17,41.01,27.21,53.77,6.76,0.47
2024-05-18,40.1,28.07,54.52,0.01,0.47
2024-05-19,38.18,28.78,56.01,0.11,0.47
2024-05-20,40.39,28.23,50.73,1.44,0.47
2024-05-21,39.25,30.06,47.61,1.52,0.47
2024-05-22,38.39,28.64,52.7,2.01,0.47
2024-05-23,39.1,27.64,59.7,7.76,0.47
2024-05-24,34.82,26.6,71.62,6.56,0.48
2024-05-25,31.75,25.81,85.07,6.56,0.49
2024-05-26,31.67,26.53,83.72,4.23,0.5
2024-05-27,32.89,26.72,78.86,2.78,0.5
2024-05-28,34.25,26.28,74.58,1.45,0.5
2024-05-29,35.53,26.34,75.75,8.49,0.5
2024-05-30,38.24,26.18,69.82,3.63,0.51
2024-05-31,37.19,26.45,73.25,15.27,0.52
2024-06-01,35.16,26.12,75.31,4.31,0.53
2024-06-02,33.42,26.82,75.82,2.88,0.53
2024-06-03,30.73,25.12,83.66,32.82,0.55
2024-06-04,34.72,24.34,72.98,4.42,0.59
2024-06-05,35.44,25.22,73.33,2.32,0.58
2024-06-06,31.78,26.18,80.42,2.57,0.57
2024-06-07,33.8,25.46,75.59,3.04,0.58
2024-06-08,35.5,24.86,70.16,0.76,0.57
2024-06-09,35.29,26.12,72.7,0.02,0.56
2024-06-10,34.4,26.21,72.04,0.66,0.56
2024-06-11,33.29,25.39,75.91,4.04,0.56
2024-06-12,31.72,25.44,80.75,2.06,0.56
2024-06-13,33.94,25.15,77.64,3.72,0.56
2024-06-14,33.32,25.88,78.3,10.71,0.57
2024-06-15,33.5,25.08,76.47,0.92,0.57
2024-06-16,34.4,25.69,75.23,1.26,0.57
2024-06-17,33.6,25.68,75.66,1.44,0.56
2024-06-18,33.31,25.03,78.42,12.06,0.57
2024-06-19,33.81,24.98,77.55,4.47,0.58
2024-06-20,34.16,25.04,79.44,6.59,0.58
2024-06-21,35.27,24.81,74.63,0.69,0.58
2024-06-22,35.07,25.17,74.59,2.69,0.57
2024-06-23,32.02,25.94,82.51,5.19,0.57
2024-06-24,33.42,25.2,76.43,1.27,0.57
2024-06-25,33.3,25.23,76.06,3.72,0.57
2024-06-26,30.7,25.86,84.96,10.33,0.58
2024-06-27,33.82,25.43,76.72,2.22,0.58
2024-06-28,32.89,25.75,79.05,1.75,0.58
2024-06-29,34.41,25.06,77.24,3.65,0.58
2024-06-30,32.89,25.22,80.31,17.06,0.59
2024-07-01,30.5,25.07,87.33,48.01,0.64
2024-07-02,31.42,25.03,85.37,9.58,0.66
2024-07-03,30.79,24.79,85.86,6.25,0.67
2024-07-04,31.32,24.1,85.14,31.51,0.68
2024-07-05,32.09,23.91,83.9,2.39,0.7
2024-07-06,32.19,24.93,83.87,13.3,0.7
2024-07-07,31.41,25.03,83.86,0.94,0.7
2024-07-08,31.26,24.69,84.04,0.6,0.69
2024-07-09,31.92,24.95,85.75,1.88,0.68
2024-07-10,31.65,24.35,84.76,4.03,0.68
2024-07-11,29.83,24.67,87.23,10.45,0.69
2024-07-12,32.58,24.42,83.69,6.06,0.69
2024-07-13,31.06,24.27,85.76,0.18,0.68
2024-07-14,31.66,24.77,85.85,0.06,0.68
2024-07-15,32.6,24.32,83.68,2.05,0.67
2024-07-16,32.56,25.14,85.73,8.4,0.68
2024-07-17,31.74,25.23,84.6,1.74,0.67
2024-07-18,32.16,25.2,83.68,0.25,0.67
2024-07-19,31.29,25.54,84.17,0.88,0.66
2024-07-20,32.41,25.64,82.33,0.8,0.65
2024-07-21,31.4,25.19,85.65,5.31,0.65
2024-07-22,30.25,24.59,86.47,6.48,0.66
2024-07-23,32.74,24.83,82.61,6.21,0.66
2024-07-24,32.33,25.03,84.82,7.58,0.66
2024-07-25,32.22,25.68,83.6,3.93,0.66
2024-07-26,32.16,25.63,85.21,8.71,0.66
2024-07-27,32.12,25.2,84.63,3.57,0.66
2024-07-28,30.77,25.38,87.15,3.31,0.66
2024-07-29,31.73,24.3,81.88,5.45,0.66
2024-07-30,31.11,24.36,83.51,12.24,0.66
2024-07-31,28.28,24.53,91.16,25.98,0.69
2024-08-01,30.21,24.09,88.4,9.39,0.71
2024-08-02,29.79,24.14,88.54,5.58,0.71
2024-08-03,30.48,23.82,85.39,8.16,0.71
2024-08-04,30.44,23.49,87.52,1.62,0.7
2024-08-05,30.42,24.01,86.41,3.3,0.7
2024-08-06,30.75,23.79,86.75,2.15,0.7
2024-08-07,30.91,23.66,85.75,7.49,0.7
2024-08-08,30.82,23.57,85.37,0.99,0.7
2024-08-09,32.47,22.74,83.1,1.28,0.68
2024-08-10,33.13,23.4,82.26,3.57,0.68
2024-08-11,31.15,24.53,85.11,3.38,0.68
2024-08-12,31.0,24.7,86.81,6.27,0.67
2024-08-13,29.83,24.44,88.42,3.6,0.68
2024-08-14,32.55,24.47,83.01,2.04,0.68
2024-08-15,32.17,24.05,84.29,7.38,0.67
2024-08-16,29.66,24.1,86.44,11.41,0.68
2024-08-17,31.45,23.77,84.95,4.89,0.68
2024-08-18,31.78,24.1,84.16,6.75,0.68
2024-08-19,32.06,24.03,83.99,3.49,0.68
2024-08-20,31.69,23.93,85.04,2.51,0.67
2024-08-21,32.19,24.23,84.4,8.64,0.67
2024-08-22,30.23,24.41,88.01,7.11,0.67
2024-08-23,30.08,23.83,86.54,3.11,0.68
2024-08-24,28.88,23.91,91.31,13.15,0.68
2024-08-25,28.67,24.07,90.35,4.01,0.69
2024-08-26,31.05,23.27,85.14,3.16,0.69
2024-08-27,29.72,24.02,87.03,11.96,0.69
2024-08-28,31.65,23.86,84.49,8.47,0.7
2024-08-29,30.83,25.03,86.17,0.29,0.7
2024-08-30,31.7,24.27,83.79,0.33,0.68
2024-08-31,31.57,24.97,85.16,3.3,0.68
2024-09-01,31.94,24.24,82.64,0.74,0.67
2024-09-02,31.57,25.16,83.39,0.99,0.67
2024-09-03,31.91,25.56,81.96,0.78,0.66
2024-09-04,30.32,25.33,87.39,9.9,0.66
2024-09-05,30.89,24.36,85.59,5.69,0.67
2024-09-06,31.63,24.75,85.56,0.15,0.67
2024-09-07,33.12,24.71,82.75,0.55,0.66
2024-09-08,32.88,24.79,83.9,1.6,0.65
2024-09-09,30.44,25.31,89.76,3.87,0.65
2024-09-10,29.03,25.1,91.99,13.88,0.66
2024-09-11,28.91,25.22,92.29,24.75,0.69
2024-09-12,28.63,24.62,92.63,20.36,0.72
2024-09-13,28.37,24.02,90.57,6.93,0.73
2024-09-14,28.05,23.63,92.18,2.12,0.72
2024-09-15,29.94,23.59,88.72,0.47,0.72
2024-09-16,31.43,23.63,82.95,0.02,0.71
2024-09-17,32.37,24.02,81.89,2.46,0.7
2024-09-18,32.14,24.96,83.44,1.21,0.7
2024-09-19,33.27,25.15,80.38,4.38,0.69
2024-09-20,33.78,25.43,79.02,4.17,0.69
2024-09-21,33.6,26.27,79.46,6.13,0.69
2024-09-22,32.89,25.05,85.76,3.53,0.69
2024-09-23,29.41,24.55,87.67,2.12,0.69
2024-09-24,30.79,24.45,86.77,14.13,0.69
2024-09-25,29.83,23.88,88.01,12.51,0.7
2024-09-26,30.88,24.21,87.35,0.45,0.7
2024-09-27,31.33,24.04,82.88,0.04,0.69
2024-09-28,32.56,24.16,82.6,0.08,0.68
2024-09-29,31.99,25.07,85.92,0.98,0.67
2024-09-30,32.26,24.67,85.36,1.81,0.67
2024-10-01,30.97,25.53,89.73,7.52,0.67
2024-10-02,29.32,24.74,90.21,19.67,0.69
2024-10-03,29.39,24.16,91.18,12.77,0.7
2024-10-04,29.74,24.17,88.7,1.42,0.71
2024-10-05,31.01,23.82,85.73,0.02,0.7
2024-10-06,29.59,24.39,85.06,0.69,0.69
2024-10-07,32.43,24.02,81.22,3.26,0.69
2024-10-08,32.61,24.32,80.35,0.16,0.68
2024-10-09,31.98,25.39,81.59,0.21,0.67
2024-10-10,29.93,24.42,84.08,0.42,0.66
2024-10-11,32.12,23.57,80.31,0.02,0.66
2024-10-12,32.61,23.98,78.33,0.0,0.65
2024-10-13,33.39,24.67,76.1,0.02,0.64
2024-10-14,33.04,24.98,77.96,0.02,0.63
2024-10-15,33.12,24.26,78.31,0.21,0.62
2024-10-16,33.61,24.69,77.18,0.19,0.62
2024-10-17,34.07,23.45,76.16,1.34,0.61
2024-10-18,34.35,23.42,75.39,0.68,0.6
2024-10-19,34.21,23.95,75.52,1.3,0.6
2024-10-20,33.09,24.49,69.59,0.31,0.6
2024-10-21,31.64,24.82,76.2,0.33,0.59
2024-10-22,32.23,24.35,80.81,0.66,0.59
2024-10-23,31.8,23.83,81.67,0.69,0.59
2024-10-24,33.13,23.24,77.52,0.31,0.58
2024-10-25,34.39,23.45,72.74,0.0,0.58
2024-10-26,34.6,23.97,72.72,0.0,0.57
2024-10-27,35.92,23.71,69.99,0.0,0.56
2024-10-28,36.17,23.55,71.85,0.44,0.56
2024-10-29,35.82,24.25,71.98,0.4,0.55
2024-10-30,36.0,23.99,70.5,0.05,0.55
2024-10-31,35.61,23.87,71.82,0.36,0.54
2024-11-01,35.13,23.07,71.94,2.07,0.54
2024-11-02,35.7,22.94,67.88,5.13,0.54
2024-11-03,34.63,23.84,65.01,0.0,0.54
2024-11-04,34.57,22.24,61.22,0.01,0.54
2024-11-05,33.88,21.28,64.8,0.54,0.53
2024-11-06,28.09,22.73,83.62,5.29,0.54
2024-11-07,26.92,21.5,89.34,23.61,0.57
2024-11-08,28.25,20.81,80.63,1.6,0.58
2024-11-09,29.73,20.92,71.66,0.04,0.57
2024-11-10,32.18,22.23,66.81,0.0,0.57
2024-11-11,32.38,22.06,69.33,0.0,0.56
2024-11-12,33.58,21.96,69.72,0.0,0.56
2024-11-13,34.03,21.87,66.73,0.0,0.55
2024-11-14,34.36,21.59,66.49,0.0,0.55
2024-11-15,34.04,20.94,65.61,0.0,0.54
2024-11-16,33.1,20.18,64.13,0.42,0.54
2024-11-17,33.23,19.68,59.26,0.14,0.53
2024-11-18,33.67,18.93,59.74,0.17,0.53
2024-11-19,31.85,23.26,66.85,0.0,0.53
2024-11-20,33.28,21.79,62.28,0.0,0.52
2024-11-21,33.36,22.21,58.58,0.0,0.52
2024-11-22,32.5,22.61,60.93,0.0,0.52
2024-11-23,32.53,21.12,61.82,0.0,0.51
2024-11-24,32.82,17.58,59.33,0.0,0.51
2024-11-25,31.79,16.86,56.44,0.0,0.51
2024-11-26,32.18,16.92,54.69,0.0,0.51
2024-11-27,33.61,20.16,61.13,0.0,0.5
2024-11-28,29.0,22.71,76.65,0.0,0.5
2024-11-29,30.64,21.82,69.13,0.0,0.5
2024-11-30,32.45,21.0,65.36,0.0,0.5
2024-12-01,33.36,22.13,63.67,0.0,0.49
2024-12-02,34.1,22.36,61.29,0.0,0.49
2024-12-03,34.74,22.74,61.91,0.0,0.49
2024-12-04,34.8,22.1,62.97,0.0,0.49
2024-12-05,33.8,21.06,56.49,0.0,0.48
2024-12-06,32.44,16.63,48.29,0.0,0.48
2024-12-07,32.84,14.73,49.86,0.0,0.48
2024-12-08,33.24,19.47,54.06,0.0,0.48
2024-12-09,31.37,21.02,64.33,0.02,0.48
2024-12-10,33.43,19.79,59.88,0.23,0.48
2024-12-11,32.82,17.55,52.3,0.0,0.48
2024-12-12,33.03,18.47,46.25,0.0,0.47
2024-12-13,33.87,18.01,45.28,0.01,0.47
2024-12-14,33.45,17.54,52.99,2.69,0.47
2024-12-15,29.72,20.13,72.97,3.7,0.48
2024-12-16,31.84,20.2,66.38,0.07,0.48
2024-12-17,33.39,20.43,61.4,0.0,0.48
2024-12-18,32.94,21.07,57.37,0.0,0.47
2024-12-19,32.73,21.78,56.01,0.0,0.47
2024-12-20,31.57,22.14,63.41,0.0,0.47
2024-12-21,32.78,20.69,57.28,0.0,0.47
2024-12-22,32.07,22.13,56.06,0.0,0.47
2024-12-23,31.74,21.45,53.56,0.0,0.47
2024-12-24,32.57,18.01,49.6,0.0,0.47
2024-12-25,33.72,19.9,48.15,0.0,0.47
2024-12-26,33.88,19.79,49.58,0.0,0.47
2024-12-27,34.06,19.35,46.8,0.0,0.47
2024-12-28,35.09,18.89,46.94,0.0,0.47
2024-12-29,33.73,19.6,58.05,0.0,0.46
2024-12-30,33.78,18.14,47.32,0.0,0.46
2024-12-31,32.88,16.89,43.47,0.0,0.46
2025-01-01,32.84,16.47,42.94,0.0,0.46
2025-01-02,32.65,15.97,51.03,0.0,0.46
2025-01-03,32.86,17.42,47.53,0.0,0.46
2025-01-04,32.71,19.08,48.65,0.0,0.46
2025-01-05,32.84,19.32,45.81,0.0,0.46
2025-01-06,32.56,19.06,48.65,0.0,0.46
2025-01-07,32.46,17.54,53.89,0.0,0.46
2025-01-08,30.67,17.25,63.38,0.25,0.46
2025-01-09,31.41,15.78,51.12,0.0,0.46
2025-01-10,32.51,17.98,44.43,0.0,0.46
2025-01-11,33.0,17.87,46.53,0.0,0.46
2025-01-12,31.38,18.27,49.04,0.0,0.46
2025-01-13,31.6,16.15,49.7,0.0,0.46
2025-01-14,31.87,16.41,46.65,0.0,0.46
2025-01-15,32.24,16.39,42.48,0.0,0.46
2025-01-16,32.61,15.69,44.74,0.0,0.46
2025-01-17,32.31,15.21,44.93,0.29,0.46
2025-01-18,33.26,17.27,31.39,0.0,0.46
2025-01-19,33.37,16.91,34.75,0.0,0.46
2025-01-20,34.94,16.24,41.73,0.0,0.46
2025-01-21,34.46,14.98,42.63,0.0,0.46
2025-01-22,34.15,14.39,40.58,0.0,0.46
2025-01-23,35.04,14.83,40.71,0.0,0.46
2025-01-24,35.0,16.09,41.15,0.0,0.46
2025-01-25,32.63,14.44,39.71,0.0,0.46
2025-01-26,32.11,14.21,35.21,0.0,0.46
2025-01-27,33.39,14.53,40.86,0.0,0.46
2025-01-28,32.31,14.84,56.83,0.0,0.46
2025-01-29,32.57,15.64,47.21,0.0,0.46
2025-01-30,32.36,13.49,43.51,0.0,0.46
2025-01-31,32.39,13.52,48.81,0.0,0.46
2025-02-01,33.26,15.28,53.39,0.0,0.46
2025-02-02,33.93,15.63,48.8,0.0,0.46
2025-02-03,34.64,16.41,38.26,0.0,0.46
2025-02-04,34.62,15.85,33.96,0.0,0.46
2025-02-05,33.76,14.65,46.68,0.0,0.46
2025-02-06,35.43,16.19,44.16,0.0,0.46
2025-02-07,35.69,18.69,35.14,0.0,0.46
2025-02-08,36.43,18.58,28.97,0.0,0.46
2025-02-09,35.62,15.7,32.38,0.0,0.46
2025-02-10,35.26,15.44,31.41,0.0,0.46
2025-02-11,35.35,13.57,43.67,0.0,0.46
2025-02-12,34.86,16.1,45.15,0.0,0.46
2025-02-13,36.28,16.42,52.02,0.0,0.46
2025-02-14,35.08,17.52,57.6,0.0,0.46
2025-02-15,33.92,19.0,55.93,0.0,0.46
2025-02-16,34.86,17.38,42.68,0.0,0.46
2025-02-17,34.63,16.8,33.0,0.0,0.46
2025-02-18,35.74,18.23,27.36,0.0,0.46
2025-02-19,35.81,19.91,29.39,0.0,0.46
2025-02-20,36.23,18.93,33.44,0.0,0.46
2025-02-21,36.76,18.74,41.03,0.0,0.46
2025-02-22,36.18,20.63,37.52,0.0,0.46
2025-02-23,36.4,19.07,37.12,2.71,0.46
2025-02-24,35.45,18.98,34.88,2.65,0.47
2025-02-25,37.07,20.56,37.05,0.08,0.46
2025-02-26,35.05,18.95,31.09,0.0,0.46
2025-02-27,36.88,18.89,31.92,0.0,0.46
2025-02-28,37.56,20.22,32.03,0.0,0.46
2025-03-01,37.07,18.45,39.19,0.0,0.46
2025-03-02,39.58,18.77,42.88,0.0,0.46
2025-03-03,37.95,19.64,38.34,0.0,0.46
2025-03-04,37.57,19.95,41.85,0.0,0.46
2025-03-05,36.31,19.0,40.08,0.0,0.46
2025-03-06,37.0,18.03,40.77,0.0,0.46
2025-03-07,38.12,19.07,44.13,0.0,0.46
2025-03-08,36.65,17.77,46.2,0.0,0.46
2025-03-09,37.26,17.4,39.21,0.24,0.46
2025-03-10,38.44,19.55,29.02,0.0,0.46
2025-03-11,39.51,21.79,29.43,0.0,0.46
2025-03-12,37.88,20.02,32.95,0.0,0.46
2025-03-13,38.52,20.0,40.03,0.0,0.46
2025-03-14,40.95,20.91,38.33,0.0,0.46
2025-03-15,41.02,21.82,38.0,0.0,0.46
2025-03-16,40.9,22.7,34.25,0.0,0.46
2025-03-17,41.75,22.74,38.07,0.0,0.46
2025-03-18,40.98,22.09,39.19,0.0,0.46
2025-03-19,40.75,23.23,37.14,0.0,0.46
2025-03-20,39.97,21.64,42.55,0.0,0.46
2025-03-21,39.55,23.9,50.15,0.0,0.46
2025-03-22,39.46,23.84,45.89,0.0,0.46
2025-03-23,38.98,22.88,37.07,0.0,0.46
2025-03-24,39.43,22.11,36.36,0.07,0.46
2025-03-25,38.16,22.84,38.18,0.86,0.46
2025-03-26,38.93,23.24,35.62,0.02,0.46
2025-03-27,39.68,21.91,41.27,0.01,0.46
2025-03-28,39.2,22.3,49.1,0.0,0.46
2025-03-29,39.51,23.26,49.62,0.0,0.46
2025-03-30,41.49,23.04,42.26,0.0,0.46
2025-03-31,41.57,23.03,41.6,0.0,0.46
2025-04-01,40.94,22.61,45.03,0.0,0.46
2025-04-02,41.65,21.91,42.27,0.0,0.46
2025-04-03,41.95,22.17,40.97,0.25,0.46
2025-04-04,41.75,23.31,40.16,0.02,0.46
2025-04-05,41.02,23.89,47.63,0.0,0.46
2025-04-06,37.92,24.62,45.67,0.67,0.46
2025-04-07,34.74,26.05,45.73,0.0,0.46
2025-04-08,38.52,24.91,34.16,0.0,0.46
2025-04-09,35.97,25.4,34.83,0.0,0.46
2025-04-10,37.87,26.93,39.3,1.14,0.46
2025-04-11,34.12,25.91,51.03,0.65,0.46
2025-04-12,36.72,25.08,51.64,0.0,0.46
2025-04-13,35.65,26.65,53.18,0.06,0.46
2025-04-14,36.26,26.08,52.72,1.25,0.46
2025-04-15,36.06,26.42,57.87,0.62,0.46
2025-04-16,38.16,25.76,51.01,0.19,0.46
2025-04-17,39.22,24.51,53.39,0.34,0.46
2025-04-18,39.16,24.07,54.15,1.0,0.46
2025-04-19,38.88,23.82,54.41,1.54,0.46
2025-04-20,39.25,24.56,53.88,0.29,0.46
2025-04-21,40.52,25.38,53.37,0.09,0.46
2025-04-22,40.47,27.27,54.18,0.0,0.46
2025-04-23,39.9,27.28,54.18,0.0,0.46
2025-04-24,41.26,25.69,54.57,0.0,0.46
2025-04-25,38.85,25.92,56.62,0.0,0.46
2025-04-26,40.76,26.09,52.74,0.0,0.46
2025-04-27,42.28,25.53,48.71,0.41,0.46
2025-04-28,40.07,24.26,50.93,1.52,0.46
2025-04-29,36.63,26.8,51.61,0.63,0.46
2025-04-30,37.89,25.58,50.52,1.16,0.46
2025-05-01,36.96,26.04,53.32,1.55,0.46
2025-05-02,35.97,25.08,61.99,5.81,0.47
2025-05-03,37.71,24.47,57.79,0.57,0.47
2025-05-04,39.12,24.01,51.05,0.12,0.47
2025-05-05,39.99,24.19,49.96,0.0,0.47
2025-05-06,41.05,25.15,49.69,0.0,0.46
2025-05-07,40.84,25.86,49.11,0.0,0.46
2025-05-08,41.42,25.04,49.04,0.01,0.46
2025-05-09,37.93,28.16,51.3,0.6,0.46
2025-05-10,39.46,28.18,51.83,0.02,0.46
2025-05-11,39.57,28.15,52.78,0.41,0.46
2025-05-12,36.44,27.63,58.9,2.26,0.46
2025-05-13,33.61,27.44,68.09,7.96,0.48
2025-05-14,36.38,26.18,64.93,0.76,0.48
2025-05-15,34.55,26.71,69.17,3.41,0.48
2025-05-16,33.32,25.59,75.27,9.3,0.48
2025-05-17,31.54,25.85,82.01,7.73,0.5
2025-05-18,31.14,25.18,79.36,7.43,0.51
2025-05-19,36.2,24.61,65.34,0.06,0.51
2025-05-20,35.58,25.62,64.68,1.66,0.5
2025-05-21,34.22,25.65,71.17,2.67,0.51
2025-05-22,37.23,25.11,64.3,1.44,0.5
2025-05-23,32.71,24.94,76.98,20.23,0.52
2025-05-24,36.37,25.18,67.39,0.52,0.53
2025-05-25,38.0,25.93,62.65,0.26,0.53
2025-05-26,35.1,26.36,71.14,1.76,0.52
2025-05-27,31.83,25.8,80.86,6.79,0.52
2025-05-28,32.52,25.32,79.99,4.83,0.53
2025-05-29,32.58,25.69,78.2,10.24,0.55
2025-05-30,32.83,25.91,78.8,5.3,0.55
2025-05-31,35.14,25.21,74.18,8.81,0.56
2025-06-01,33.05,25.84,79.38,9.75,0.56
2025-06-02,31.07,25.71,82.17,7.02,0.57
2025-06-03,34.4,24.86,74.41,4.35,0.57
2025-06-04,33.63,23.87,75.75,5.17,0.57
2025-06-05,35.88,23.78,70.99,0.79,0.57
2025-06-06,36.9,24.74,66.41,0.38,0.56
2025-06-07,36.47,25.11,68.31,2.52,0.56
2025-06-08,36.13,25.47,70.78,4.39,0.56
2025-06-09,34.99,25.63,70.92,0.43,0.55
2025-06-10,35.31,25.06,68.25,3.2,0.55
2025-06-11,32.91,25.83,76.25,5.87,0.56
2025-06-12,34.17,25.17,73.58,3.22,0.56
2025-06-13,33.96,25.3,73.37,5.32,0.56
2025-06-14,34.55,24.57,72.68,4.33,0.56
2025-06-15,33.68,24.59,77.02,4.03,0.56
2025-06-16,34.26,24.67,75.26,4.4,0.56
2025-06-17,32.52,25.03,79.3,6.79,0.56
2025-06-18,29.35,24.78,85.64,10.2,0.58
2025-06-19,33.17,24.47,77.29,8.37,0.58
2025-06-20,32.31,25.28,79.04,8.19,0.59
2025-06-21,31.27,24.6,77.77,1.79,0.59
2025-06-22,33.4,23.78,75.66,2.53,0.59
2025-06-23,33.15,25.08,77.63,2.55,0.58
2025-06-24,34.0,25.0,78.56,2.14,0.58
2025-06-25,32.59,24.33,80.73,2.91,0.58
2025-06-26,32.64,24.16,82.42,4.69,0.58
2025-06-27,33.77,24.63,78.16,4.09,0.58
2025-06-28,33.2,24.41,77.14,8.47,0.59
2025-06-29,32.03,24.49,79.56,4.44,0.59
2025-06-30,32.82,24.15,78.5,2.65,0.59
2025-07-01,30.77,24.59,82.93,10.56,0.59
2025-07-02,32.39,24.25,79.06,1.05,0.6
2025-07-03,32.28,24.17,81.21,8.03,0.6
2025-07-04,31.68,25.01,80.57,1.45,0.6
2025-07-05,31.53,24.71,82.7,9.94,0.6
2025-07-06,31.47,24.46,82.68,16.24,0.62
2025-07-07,31.13,24.46,85.32,13.12,0.63
2025-07-08,31.36,24.84,83.92,8.31,0.64
2025-07-09,31.5,24.66,82.98,5.62,0.65
2025-07-10,32.11,24.29,82.2,4.57,0.64
2025-07-11,31.67,24.24,84.92,12.7,0.66
2025-07-12,30.06,25.02,86.89,1.08,0.65
2025-07-13,31.36,24.89,84.47,1.48,0.65
2025-07-14,32.5,24.28,81.63,0.88,0.64
2025-07-15,31.61,24.64,84.38,8.61,0.64
2025-07-16,31.32,24.99,84.72,2.88,0.65
2025-07-17,32.4,24.14,80.7,1.12,0.64
2025-07-18,31.83,24.31,81.4,1.44,0.64
2025-07-19,33.28,23.49,78.15,1.49,0.63
2025-07-20,33.65,23.83,77.02,0.3,0.62
2025-07-21,32.91,25.7,78.59,0.32,0.61
2025-07-22,33.38,24.99,79.82,4.42,0.61
2025-07-23,29.21,25.37,89.3,11.56,0.62
2025-07-24,30.73,25.08,83.97,3.6,0.63
2025-07-25,31.95,25.42,82.75,7.57,0.63
2025-07-26,32.17,25.04,82.88,3.75,0.63
2025-07-27,29.5,24.91,88.13,13.17,0.64
2025-07-28,29.97,24.46,86.84,8.18,0.65
2025-07-29,29.7,24.21,86.74,4.19,0.65
2025-07-30,31.51,24.28,83.53,0.91,0.65
2025-07-31,32.03,24.66,82.59,1.12,0.64
2025-08-01,31.39,24.34,86.04,3.37,0.64
2025-08-02,31.65,24.87,83.93,0.98,0.63
2025-08-03,33.11,24.01,80.37,0.25,0.63
2025-08-04,33.45,23.24,78.29,0.83,0.62
2025-08-05,34.8,24.26,77.42,2.11,0.61
2025-08-06,32.06,24.88,81.04,2.51,0.61
2025-08-07,31.68,24.07,81.82,2.97,0.61
2025-08-08,30.17,23.19,80.76,1.13,0.61
2025-08-09,33.25,23.2,77.52,0.97,0.6
2025-08-10,34.14,23.61,75.41,0.0,0.59
2025-08-11,33.52,24.6,75.94,0.04,0.59
2025-08-12,33.16,25.0,78.05,2.06,0.58
2025-08-13,34.42,24.75,73.07,1.52,0.58
2025-08-14,30.39,24.92,86.65,16.5,0.59
2025-08-15,32.63,24.31,79.65,0.91,0.6
2025-08-16,30.13,24.63,80.8,1.47,0.59
2025-08-17,32.25,23.49,80.01,4.78,0.59
2025-08-18,33.13,24.23,78.66,0.87,0.59
2025-08-19,34.16,23.82,75.13,0.65,0.58
2025-08-20,33.07,24.06,78.09,1.3,0.58
2025-08-21,32.57,24.4,82.01,4.26,0.58
2025-08-22,31.74,24.39,83.46,4.45,0.58
2025-08-23,29.33,24.27,85.78,2.54,0.58
2025-08-24,32.7,23.19,78.19,1.75,0.58
2025-08-25,33.44,23.36,74.43,0.94,0.57
2025-08-26,30.07,24.64,83.39,11.61,0.59
2025-08-27,31.31,23.81,80.68,2.84,0.59
2025-08-28,32.83,23.78,77.74,2.2,0.59
2025-08-29,31.6,23.88,80.04,0.32,0.58
2025-08-30,34.5,23.92,75.19,1.5,0.57
2025-08-31,35.72,24.51,72.97,1.73,0.57
2025-09-01,29.81,25.25,84.83,2.39,0.57
2025-09-02,33.39,24.44,77.88,1.18,0.57
2025-09-03,32.82,24.78,77.58,0.07,0.56
2025-09-04,30.69,24.13,78.04,0.15,0.56
2025-09-05,34.75,24.49,74.56,1.72,0.55
2025-09-06,32.95,24.88,77.31,2.02,0.55
2025-09-07,32.79,24.86,78.1,1.93,0.55
2025-09-08,34.12,24.78,74.19,1.05,0.55
2025-09-09,34.41,25.29,75.12,1.13,0.54
2025-09-10,31.98,25.38,78.3,0.96,0.54
2025-09-11,33.75,24.73,76.11,1.18,0.54
2025-09-12,32.73,24.04,79.02,3.51,0.54
2025-09-13,32.2,24.67,81.61,4.12,0.54
2025-09-14,33.52,24.7,77.42,1.68,0.54
2025-09-15,32.51,24.58,77.42,4.82,0.54
2025-09-16,33.58,24.15,73.69,0.38,0.54
2025-09-17,35.08,24.06,72.26,0.83,0.54
2025-09-18,36.13,24.98,71.74,1.71,0.53
2025-09-19,33.88,25.61,74.38,0.94,0.53
2025-09-20,35.1,25.8,74.19,8.3,0.53
2025-09-21,31.17,25.46,84.28,2.92,0.54
2025-09-22,31.26,24.87,83.33,7.36,0.55
2025-09-23,33.42,24.16,80.33,3.55,0.55
2025-09-24,31.9,24.76,82.16,5.73,0.55
2025-09-25,32.65,23.99,80.01,5.55,0.55
2025-09-26,31.74,23.74,80.78,3.5,0.56
2025-09-27,31.26,23.98,78.5,2.28,0.55
2025-09-28,34.47,25.1,70.78,1.12,0.55
2025-09-29,37.03,24.39,71.13,6.76,0.55
2025-09-30,33.12,25.59,83.1,7.22,0.56
2025-10-01,31.29,24.75,85.31,4.7,0.56
2025-10-02,31.49,24.48,82.86,3.48,0.56
2025-10-03,33.88,24.21,76.23,1.25,0.56
2025-10-04,34.76,23.86,74.79,0.36,0.56
2025-10-05,34.05,23.75,77.33,4.25,0.55
2025-10-06,32.4,23.92,80.84,4.52,0.56
2025-10-07,33.7,23.45,78.08,1.77,0.56
2025-10-08,31.97,23.11,80.84,4.76,0.56
2025-10-09,31.46,24.01,81.22,4.77,0.56
2025-10-10,31.5,23.52,81.66,14.76,0.57
2025-10-11,32.36,23.64,80.08,5.09,0.58
2025-10-12,34.4,22.97,72.69,0.06,0.58
2025-10-13,33.52,23.76,77.69,5.69,0.57
2025-10-14,31.29,25.25,79.12,1.32,0.57
2025-10-15,30.42,25.0,82.12,8.86,0.58
2025-10-16,29.66,24.39,83.34,2.09,0.58
2025-10-17,32.87,23.87,75.67,1.19,0.58
2025-10-18,33.09,24.18,73.02,0.46,0.58
2025-10-19,34.42,23.88,70.64,3.57,0.57
2025-10-20,33.4,24.58,69.17,0.01,0.57
2025-10-21,34.92,25.03,61.01,0.01,0.56
2025-10-22,35.1,24.97,65.34,0.0,0.56
2025-10-23,35.21,24.12,66.08,0.02,0.55
2025-10-24,34.39,23.72,68.56,0.03,0.54
2025-10-25,34.46,24.04,68.26,0.01,0.54
2025-10-26,34.41,24.24,67.23,0.42,0.54
2025-10-27,35.24,23.96,65.72,0.0,0.53
2025-10-28,35.77,24.43,65.41,0.0,0.53
2025-10-29,36.18,24.4,66.26,0.0,0.52
2025-10-30,36.45,24.31,65.37,0.01,0.52
2025-10-31,37.5,25.36,66.18,1.63,0.51
2025-11-01,32.77,25.79,73.35,2.48,0.51
2025-11-02,32.29,24.06,81.11,6.26,0.52
2025-11-03,31.57,24.27,83.54,4.07,0.52
2025-11-04,28.46,24.1,87.52,4.41,0.53
2025-11-05,32.74,23.17,78.45,2.75,0.53
2025-11-06,32.86,21.99,75.02,1.14,0.53
2025-11-07,34.23,22.39,69.57,0.02,0.52
2025-11-08,34.48,24.31,69.09,8.0,0.52
2025-11-09,33.21,23.78,73.84,6.82,0.54
2025-11-10,34.21,22.82,72.04,3.47,0.54
2025-11-11,33.54,19.55,66.13,0.0,0.53
2025-11-12,33.61,18.75,64.29,0.0,0.53
2025-11-13,34.3,20.09,58.81,0.0,0.52
2025-11-14,34.66,21.72,61.1,0.0,0.52
2025-11-15,34.47,23.02,68.33,0.0,0.52
2025-11-16,32.58,23.46,68.38,0.03,0.51
2025-11-17,33.73,20.63,58.52,0.19,0.51
2025-11-18,30.41,22.87,72.13,0.52,0.51
2025-11-19,31.15,22.61,71.37,0.15,0.51
2025-11-20,31.92,22.07,67.09,0.0,0.5
2025-11-21,33.11,20.0,63.87,0.0,0.5
2025-11-22,32.96,18.92,64.02,0.0,0.5
2025-11-23,32.65,18.15,60.47,0.0,0.5
2025-11-24,32.81,17.89,54.7,0.0,0.49
2025-11-25,32.94,18.61,60.69,0.17,0.49
2025-11-26,32.2,17.43,55.69,0.0,0.49
2025-11-27,31.9,17.36,54.56,0.0,0.49
2025-11-28,30.53,16.0,51.01,0.0,0.48
2025-11-29,30.74,14.38,53.26,0.0,0.48
2025-11-30,31.32,16.29,57.49,0.0,0.48
2025-12-01,31.31,16.36,53.84,0.0,0.48
2025-12-02,31.63,16.74,53.47,0.0,0.48
2025-12-03,32.83,18.12,48.02,0.0,0.47
2025-12-04,33.57,18.3,53.14,0.0,0.47
2025-12-05,34.14,19.85,50.67,0.0,0.47
2025-12-06,34.5,20.41,49.89,0.0,0.47
2025-12-07,33.62,18.92,45.39,0.0,0.47
2025-12-08,33.63,17.24,41.46,0.0,0.47
2025-12-09,32.63,19.19,49.57,0.0,0.47
2025-12-10,33.08,19.29,50.56,0.0,0.47
2025-12-11,32.46,17.93,48.09,0.01,0.47
2025-12-12,31.84,17.18,50.61,0.0,0.46
2025-12-13,32.95,17.95,47.54,0.08,0.46
2025-12-14,33.29,18.41,46.73,0.0,0.46
2025-12-15,33.63,18.46,45.52,0.0,0.46
2025-12-16,34.03,18.55,53.71,0.0,0.46
2025-12-17,32.49,16.86,48.85,0.0,0.46
2025-12-18,32.37,17.81,40.81,0.0,0.46
2025-12-19,32.44,16.29,40.26,0.0,0.46
2025-12-20,32.35,16.14,45.3,0.0,0.46
2025-12-21,32.53,17.04,47.7,0.0,0.46
2025-12-22,31.55,17.42,51.59,0.0,0.46
2025-12-23,31.71,18.19,48.86,0.0,0.46
2025-12-24,32.39,17.7,50.26,0.0,0.46
2025-12-25,31.98,17.05,51.48,0.0,0.46
2025-12-26,32.31,17.74,48.1,0.0,0.46
2025-12-27,33.09,17.01,45.36,0.0,0.46
2025-12-28,32.73,15.86,56.19,0.0,0.46
2025-12-29,32.42,15.98,52.48,0.0,0.46
2025-12-30,33.01,13.83,44.9,0.0,0.46
2025-12-31,31.63,13.57,39.56,0.0,0.46
