,T2M_MAX,T2M_MIN,RH2M,PRECTOTCORR,GWETROOT
1981-01-01,30.29,15.09,45.32,0.0,0.5
1981-01-02,30.48,14.46,43.82,0.0,0.5
1981-01-03,29.31,13.98,40.87,0.0,0.5
1981-01-04,28.82,13.87,42.19,0.0,0.5
1981-01-05,26.44,12.37,39.8,0.0,0.5
1981-01-06,28.34,11.68,36.69,0.0,0.5
1981-01-07,28.33,12.51,42.54,0.08,0.5
1981-01-08,29.08,14.84,49.41,0.07,0.5
1981-01-09,28.32,16.27,55.33,0.01,0.5
1981-01-10,29.69,16.42,52.2,0.0,0.5
1981-01-11,30.66,15.13,48.09,0.0,0.5
1981-01-12,29.64,15.42,51.51,0.0,0.5
1981-01-13,30.89,15.47,48.58,0.0,0.5
1981-01-14,29.52,14.96,50.17,0.01,0.5
1981-01-15,30.11,14.54,48.61,0.0,0.5
1981-01-16,31.21,13.01,43.26,0.0,0.5
1981-01-17,30.73,14.49,47.42,0.0,0.5
1981-01-18,30.14,14.64,43.64,0.0,0.5
1981-01-19,28.96,13.98,39.79,0.0,0.5
1981-01-20,28.06,17.24,44.97,0.0,0.5
1981-01-21,29.17,14.09,42.56,0.0,0.5
1981-01-22,28.51,13.68,43.79,0.0,0.5
1981-01-23,28.4,14.57,44.17,0.0,0.5
1981-01-24,29.7,13.78,44.0,0.0,0.5
1981-01-25,30.91,15.4,41.47,0.0,0.5
1981-01-26,31.24,15.7,41.56,0.0,0.5
1981-01-27,31.45,15.88,39.75,0.02,0.5
1981-01-28,30.82,15.48,40.29,0.0,0.5
1981-01-29,30.24,13.95,37.5,0.0,0.5
1981-01-30,29.69,14.14,32.34,0.0,0.5
1981-01-31,31.35,13.33,31.89,0.0,0.5
1981-02-01,31.84,14.84,33.16,0.05,0.5
1981-02-02,30.87,15.04,36.03,0.0,0.5
1981-02-03,30.79,14.98,42.51,0.0,0.5
1981-02-04,30.62,14.47,43.99,0.0,0.5
1981-02-05,31.05,13.96,39.04,0.0,0.5
1981-02-06,33.23,15.01,34.26,0.0,0.5
1981-02-07,33.0,15.52,31.59,0.0,0.5
1981-02-08,33.12,15.5,33.27,0.0,0.5
1981-02-09,32.27,15.35,32.96,0.0,0.5
1981-02-10,32.14,16.24,39.45,4.8,0.5
1981-02-11,29.14,16.02,55.28,2.88,0.51
1981-02-12,27.52,14.04,52.71,0.0,0.51
1981-02-13,28.51,11.99,45.74,0.0,0.51
1981-02-14,29.56,12.74,44.49,0.04,0.5
1981-02-15,29.88,12.84,41.84,0.0,0.5
1981-02-16,30.66,13.44,37.21,0.0,0.5
1981-02-17,31.94,13.35,35.25,0.0,0.5
1981-02-18,31.95,14.72,36.32,0.0,0.5
1981-02-19,32.94,14.14,33.24,0.0,0.5
1981-02-20,33.56,14.37,30.14,0.0,0.5
1981-02-21,33.21,15.44,26.92,0.0,0.5
1981-02-22,33.19,15.85,22.86,0.0,0.5
1981-02-23,34.05,15.4,22.85,0.0,0.5
1981-02-24,35.03,15.12,23.36,0.0,0.5
1981-02-25,35.04,15.03,21.32,0.04,0.49
1981-02-26,36.22,15.63,18.3,0.0,0.49
1981-02-27,35.47,17.48,19.58,0.0,0.49
1981-02-28,34.92,18.26,25.11,0.0,0.49
1981-03-01,35.37,17.84,32.77,0.06,0.49
1981-03-02,35.38,18.44,29.8,0.0,0.49
1981-03-03,34.69,18.3,31.61,0.0,0.49
1981-03-04,36.71,18.2,30.17,0.0,0.49
1981-03-05,35.71,18.1,31.13,0.0,0.49
1981-03-06,35.75,18.95,25.01,0.0,0.49
1981-03-07,35.87,17.5,18.32,0.0,0.49
1981-03-08,35.87,18.32,20.58,0.0,0.49
1981-03-09,36.3,21.43,22.27,0.0,0.49
1981-03-10,36.44,20.17,26.96,0.01,0.49
1981-03-11,36.04,19.29,29.36,0.0,0.49
1981-03-12,35.7,19.83,27.21,0.0,0.49
1981-03-13,35.52,19.75,25.7,0.0,0.49
1981-03-14,35.5,19.47,30.52,0.12,0.49
1981-03-15,35.2,17.91,36.89,0.0,0.49
1981-03-16,34.78,18.89,29.06,0.0,0.49
1981-03-17,34.48,19.12,26.89,0.0,0.49
1981-03-18,34.53,20.56,30.14,0.0,0.49
1981-03-19,36.01,18.63,25.99,0.0,0.49
1981-03-20,37.41,19.47,23.71,0.0,0.49
1981-03-21,36.9,20.85,23.05,0.0,0.49
1981-03-22,35.56,21.33,36.22,0.16,0.49
1981-03-23,36.0,23.6,38.2,0.01,0.49
1981-03-24,36.03,21.63,34.28,0.0,0.49
1981-03-25,35.21,21.06,32.48,0.22,0.49
1981-03-26,33.34,21.55,32.99,0.87,0.49
1981-03-27,34.77,19.34,35.4,1.23,0.49
1981-03-28,33.02,18.09,35.1,0.04,0.49
1981-03-29,35.78,17.75,30.23,0.0,0.49
1981-03-30,36.99,20.48,27.27,0.04,0.49
1981-03-31,36.39,20.23,26.25,0.05,0.49
1981-04-01,37.78,21.44,29.3,0.17,0.49
1981-04-02,36.47,21.4,41.79,1.01,0.49
1981-04-03,37.89,24.38,33.29,0.0,0.49
1981-04-04,38.9,23.72,31.21,0.03,0.49
1981-04-05,39.21,24.0,34.8,0.03,0.49
1981-04-06,39.11,25.2,34.04,0.0,0.49
1981-04-07,38.69,24.58,31.01,0.0,0.49
1981-04-08,39.43,21.6,21.65,0.0,0.49
1981-04-09,39.8,20.76,20.51,0.07,0.49
1981-04-10,37.91,21.3,23.08,0.0,0.49
1981-04-11,38.35,22.32,24.83,0.0,0.49
1981-04-12,38.77,21.25,26.8,1.95,0.49
1981-04-13,35.82,20.76,35.77,0.76,0.49
1981-04-14,35.5,22.73,43.37,0.73,0.49
1981-04-15,37.56,22.11,38.16,0.0,0.49
1981-04-16,36.42,23.32,44.11,0.3,0.49
1981-04-17,35.24,22.75,48.41,0.26,0.49
1981-04-18,32.91,22.89,63.0,11.02,0.5
1981-04-19,35.94,22.59,58.68,0.9,0.51
1981-04-20,34.18,22.75,53.69,1.11,0.51
1981-04-21,32.33,20.99,52.48,0.05,0.51
1981-04-22,36.88,21.25,40.81,0.0,0.5
1981-04-23,36.8,22.89,43.6,0.0,0.5
1981-04-24,38.77,25.92,40.0,0.0,0.5
1981-04-25,33.27,26.02,49.0,0.0,0.5
1981-04-26,36.08,25.13,47.91,5.21,0.51
1981-04-27,36.86,23.33,43.43,1.52,0.5
1981-04-28,38.24,23.72,40.57,1.56,0.5
1981-04-29,39.33,25.79,36.58,0.0,0.5
1981-04-30,39.45,23.93,36.08,0.0,0.5
1981-05-01,37.96,23.3,41.41,0.19,0.5
1981-05-02,39.59,25.52,36.0,0.0,0.5
1981-05-03,40.1,26.77,33.11,0.28,0.5
1981-05-04,37.95,27.64,39.6,0.02,0.49
1981-05-05,30.22,24.89,51.12,0.0,0.49
1981-05-06,35.21,23.25,47.19,0.01,0.49
1981-05-07,34.8,24.09,46.11,2.1,0.5
1981-05-08,37.84,24.7,40.62,0.0,0.5
1981-05-09,39.45,24.8,36.92,0.0,0.5
1981-05-10,39.4,25.91,38.61,0.0,0.49
1981-05-11,37.93,27.21,42.88,1.07,0.49
1981-05-12,38.11,27.91,40.93,0.93,0.5
1981-05-13,39.05,25.86,41.77,0.02,0.5
1981-05-14,38.08,25.67,47.36,0.99,0.5
1981-05-15,38.72,25.77,46.01,0.34,0.5
1981-05-16,37.25,26.79,48.72,0.7,0.5
1981-05-17,35.46,26.96,49.07,0.83,0.5
1981-05-18,34.29,26.11,58.29,2.6,0.5
1981-05-19,36.79,24.12,56.08,1.13,0.5
1981-05-20,32.35,25.74,56.73,0.05,0.5
1981-05-21,32.47,23.46,59.05,0.03,0.5
1981-05-22,34.27,23.89,59.25,1.37,0.5
1981-05-23,36.63,24.64,50.86,1.19,0.5
1981-05-24,36.83,25.69,57.04,0.4,0.5
1981-05-25,33.55,25.8,65.62,0.75,0.5
1981-05-26,31.8,25.04,69.25,5.1,0.5
1981-05-27,32.77,25.08,64.96,0.57,0.51
1981-05-28,36.97,24.77,56.54,0.32,0.5
1981-05-29,37.79,24.56,54.87,1.21,0.5
1981-05-30,35.97,25.33,57.26,0.57,0.5
1981-05-31,32.03,23.81,69.89,18.3,0.52
1981-06-01,33.22,24.36,71.46,5.25,0.53
1981-06-02,27.83,24.09,82.6,24.75,0.55
1981-06-03,29.71,23.18,78.29,8.97,0.58
1981-06-04,28.9,23.16,83.38,16.0,0.58
1981-06-05,28.55,22.55,83.83,10.15,0.6
1981-06-06,33.37,22.36,74.15,0.01,0.59
1981-06-07,33.85,23.07,68.6,1.86,0.57
1981-06-08,32.26,23.81,75.89,10.0,0.57
1981-06-09,33.71,23.37,68.38,0.08,0.57
1981-06-10,35.62,23.84,61.91,0.02,0.55
1981-06-11,35.75,24.08,62.66,0.1,0.55
1981-06-12,36.23,24.37,62.48,0.79,0.54
1981-06-13,34.39,24.62,66.05,1.8,0.54
1981-06-14,32.43,25.24,74.92,4.17,0.53
1981-06-15,33.11,24.1,78.7,26.69,0.57
1981-06-16,33.74,23.3,69.04,1.16,0.58
1981-06-17,34.87,23.5,69.37,0.78,0.56
1981-06-18,34.17,24.11,70.04,5.27,0.56
1981-06-19,34.41,23.88,72.89,7.88,0.57
1981-06-20,35.36,24.06,68.17,0.3,0.56
1981-06-21,33.59,24.65,69.29,1.47,0.55
1981-06-22,31.39,24.18,79.42,16.28,0.57
1981-06-23,33.06,23.69,73.25,1.31,0.57
1981-06-24,31.86,23.77,76.91,9.53,0.57
1981-06-25,33.37,23.03,73.44,1.0,0.57
1981-06-26,33.61,23.38,68.28,0.23,0.56
1981-06-27,33.4,24.03,67.12,0.81,0.55
1981-06-28,32.34,23.58,75.67,14.73,0.56
1981-06-29,28.54,23.71,85.61,12.04,0.59
1981-06-30,32.53,23.17,77.87,2.33,0.58
1981-07-01,33.45,23.89,72.45,0.02,0.57
1981-07-02,32.97,24.26,71.32,0.02,0.56
1981-07-03,34.3,23.98,69.78,0.05,0.55
1981-07-04,32.63,24.36,73.19,0.21,0.55
1981-07-05,35.48,24.09,67.73,0.43,0.54
1981-07-06,31.97,24.38,73.85,1.8,0.54
1981-07-07,32.44,23.38,71.91,0.38,0.54
1981-07-08,32.82,23.84,69.91,0.0,0.54
1981-07-09,32.88,23.26,67.81,0.01,0.53
1981-07-10,34.36,23.82,67.09,0.09,0.53
1981-07-11,35.34,23.33,67.83,0.32,0.53
1981-07-12,35.43,22.91,63.46,0.04,0.53
1981-07-13,35.69,23.79,61.87,0.02,0.52
1981-07-14,35.33,24.22,63.99,0.2,0.52
1981-07-15,34.18,23.99,68.52,2.38,0.52
1981-07-16,35.55,24.09,63.11,0.04,0.52
1981-07-17,34.87,24.57,63.01,0.08,0.52
1981-07-18,31.83,24.83,69.38,0.03,0.52
1981-07-19,35.85,24.58,62.72,0.19,0.52
1981-07-20,36.28,25.29,63.81,2.39,0.52
1981-07-21,34.22,25.32,70.31,1.54,0.52
1981-07-22,35.71,24.52,63.51,1.08,0.52
1981-07-23,34.84,23.86,70.22,15.67,0.53
1981-07-24,33.72,23.69,73.82,10.95,0.55
1981-07-25,34.25,23.91,69.52,1.62,0.55
1981-07-26,33.09,24.26,72.89,2.95,0.55
1981-07-27,31.71,23.17,79.74,26.44,0.57
1981-07-28,31.66,23.11,78.71,3.0,0.59
1981-07-29,30.48,23.65,78.69,0.24,0.57
1981-07-30,29.65,23.53,82.69,0.92,0.57
1981-07-31,32.0,23.32,77.31,0.98,0.56
1981-08-01,34.02,23.47,69.05,0.17,0.55
1981-08-02,33.86,23.48,69.25,0.39,0.55
1981-08-03,30.46,24.37,78.97,0.59,0.55
1981-08-04,34.9,23.45,69.93,0.02,0.54
1981-08-05,33.11,24.36,71.55,0.22,0.54
1981-08-06,30.32,24.0,80.54,7.0,0.54
1981-08-07,31.63,23.76,77.69,0.56,0.55
1981-08-08,31.22,23.49,75.74,0.75,0.54
1981-08-09,35.45,23.17,67.8,0.2,0.54
1981-08-10,30.95,23.64,76.18,3.05,0.54
1981-08-11,30.22,23.71,84.51,4.09,0.54
1981-08-12,33.12,23.74,76.74,4.61,0.55
1981-08-13,33.36,24.12,70.74,0.2,0.55
1981-08-14,34.1,23.87,70.75,0.28,0.54
1981-08-15,34.61,23.94,68.9,0.15,0.54
1981-08-16,34.94,23.94,68.64,0.02,0.53
1981-08-17,34.72,24.16,66.72,0.0,0.53
1981-08-18,33.58,24.08,68.58,0.04,0.53
1981-08-19,34.07,24.12,68.86,0.19,0.52
1981-08-20,36.6,24.06,67.96,0.28,0.52
1981-08-21,35.5,24.81,70.66,0.8,0.52
1981-08-22,33.44,24.31,73.4,0.93,0.52
1981-08-23,34.25,23.88,67.97,0.76,0.52
1981-08-24,36.12,23.87,66.38,1.59,0.52
1981-08-25,34.67,23.81,73.96,14.69,0.53
1981-08-26,31.52,23.38,78.82,13.7,0.55
1981-08-27,30.8,23.12,76.49,0.35,0.56
1981-08-28,32.52,23.19,71.61,0.26,0.55
1981-08-29,34.54,23.17,70.79,0.22,0.54
1981-08-30,33.56,23.79,67.53,0.18,0.54
1981-08-31,34.67,23.99,67.13,0.08,0.54
1981-09-01,33.3,23.55,71.84,1.93,0.53
1981-09-02,31.68,23.45,76.24,3.01,0.53
1981-09-03,29.85,23.3,80.82,4.46,0.54
1981-09-04,33.44,22.7,75.92,7.79,0.54
1981-09-05,30.23,23.25,77.44,0.29,0.55
1981-09-06,32.99,23.74,75.05,0.41,0.54
1981-09-07,31.59,23.09,73.2,0.77,0.54
1981-09-08,31.97,22.98,76.05,1.44,0.54
1981-09-09,32.31,23.17,76.92,3.72,0.54
1981-09-10,33.72,23.29,72.92,6.49,0.54
1981-09-11,32.29,22.68,77.5,18.54,0.56
1981-09-12,32.23,22.78,79.26,16.1,0.59
1981-09-13,33.56,22.64,73.08,0.55,0.58
1981-09-14,34.62,23.83,69.33,0.14,0.57
1981-09-15,33.65,23.94,71.27,0.9,0.56
1981-09-16,36.16,23.84,62.97,0.08,0.55
1981-09-17,35.75,23.61,62.55,0.05,0.55
1981-09-18,31.59,24.12,71.95,0.59,0.54
1981-09-19,33.09,24.68,67.84,0.66,0.54
1981-09-20,33.89,24.32,72.76,11.77,0.55
1981-09-21,31.91,24.14,74.8,0.0,0.56
1981-09-22,34.12,24.3,68.82,0.15,0.55
1981-09-23,34.43,25.15,72.14,1.96,0.55
1981-09-24,35.47,24.0,66.27,0.0,0.54
1981-09-25,35.4,24.31,66.35,0.04,0.54
1981-09-26,32.65,23.63,72.55,0.31,0.54
1981-09-27,31.22,24.04,72.48,0.02,0.53
1981-09-28,35.45,23.67,66.01,0.16,0.53
1981-09-29,31.37,24.52,76.25,0.53,0.53
1981-09-30,30.96,23.77,75.89,0.39,0.53
1981-10-01,32.25,23.65,76.65,3.66,0.53
1981-10-02,30.57,23.53,80.88,2.42,0.53
1981-10-03,32.91,23.27,78.22,5.29,0.54
1981-10-04,29.26,23.91,82.16,6.59,0.54
1981-10-05,31.62,23.14,77.76,0.47,0.55
1981-10-06,33.37,22.01,74.22,1.74,0.54
1981-10-07,32.94,22.65,72.69,0.36,0.54
1981-10-08,34.39,22.25,66.45,0.11,0.54
1981-10-09,29.69,22.94,68.77,0.15,0.53
1981-10-10,33.12,21.57,65.77,0.31,0.53
1981-10-11,33.71,22.42,65.65,0.03,0.53
1981-10-12,29.7,24.15,74.27,0.54,0.53
1981-10-13,31.31,22.58,77.62,6.14,0.53
1981-10-14,31.41,22.6,76.05,0.15,0.53
1981-10-15,31.22,22.8,72.07,0.11,0.53
1981-10-16,35.26,21.81,66.89,2.08,0.53
1981-10-17,34.47,22.7,72.21,8.08,0.53
1981-10-18,29.39,23.56,85.17,4.09,0.54
1981-10-19,30.65,22.1,81.46,7.98,0.55
1981-10-20,31.87,21.46,74.29,3.14,0.55
1981-10-21,32.57,21.26,68.31,0.0,0.55
1981-10-22,34.38,20.9,58.91,0.0,0.54
1981-10-23,34.43,22.36,62.12,0.08,0.54
1981-10-24,32.55,22.11,65.2,0.22,0.53
1981-10-25,30.46,22.37,78.22,2.29,0.53
1981-10-26,31.29,22.74,74.96,2.36,0.53
1981-10-27,33.84,21.94,65.67,0.1,0.53
1981-10-28,34.59,22.15,63.38,0.14,0.53
1981-10-29,34.59,23.16,59.86,0.0,0.53
1981-10-30,33.56,23.02,65.78,0.0,0.52
1981-10-31,33.76,22.75,67.56,0.0,0.52
1981-11-01,34.22,22.83,66.08,0.0,0.52
1981-11-02,34.71,23.36,65.06,0.0,0.52
1981-11-03,34.6,22.91,61.33,0.0,0.52
1981-11-04,34.64,21.01,57.02,0.06,0.51
1981-11-05,35.17,21.49,57.73,0.06,0.51
1981-11-06,32.83,22.3,68.98,19.49,0.53
1981-11-07,27.93,23.21,81.91,0.63,0.55
1981-11-08,28.87,18.77,70.48,1.35,0.54
1981-11-09,23.1,16.29,67.53,1.46,0.54
1981-11-10,20.69,15.85,75.03,2.33,0.54
1981-11-11,25.42,17.02,79.72,0.29,0.54
1981-11-12,30.35,19.39,71.87,0.0,0.54
1981-11-13,29.11,20.14,72.33,0.0,0.53
1981-11-14,30.36,20.37,70.42,0.09,0.53
1981-11-15,30.95,20.16,67.32,0.02,0.53
1981-11-16,32.73,20.31,59.61,0.08,0.53
1981-11-17,32.91,19.58,65.53,1.39,0.52
1981-11-18,23.69,20.04,87.83,20.54,0.55
1981-11-19,24.85,20.53,89.32,20.02,0.56
1981-11-20,24.1,20.65,92.75,31.67,0.63
1981-11-21,25.09,20.77,83.88,1.2,0.64
1981-11-22,26.87,20.48,80.66,0.06,0.62
1981-11-23,26.52,20.51,83.43,0.06,0.6
1981-11-24,28.28,19.14,75.5,0.0,0.59
1981-11-25,27.75,17.62,70.61,0.0,0.58
1981-11-26,28.44,14.94,61.81,0.0,0.57
1981-11-27,29.64,15.43,64.6,0.0,0.57
1981-11-28,30.03,17.12,68.7,0.0,0.56
1981-11-29,29.08,18.61,70.02,0.0,0.55
1981-11-30,30.0,17.51,69.89,0.0,0.55
1981-12-01,25.67,16.3,61.13,0.0,0.55
1981-12-02,27.87,14.67,56.34,0.0,0.54
1981-12-03,28.62,13.44,55.74,0.0,0.54
1981-12-04,28.92,12.89,60.44,0.0,0.54
1981-12-05,29.02,14.05,59.35,0.0,0.54
1981-12-06,30.01,14.8,61.3,0.0,0.54
1981-12-07,28.13,17.79,67.33,0.02,0.53
1981-12-08,27.22,17.59,70.76,0.1,0.53
1981-12-09,29.73,17.25,68.06,0.08,0.53
1981-12-10,28.39,16.71,73.35,1.87,0.53
1981-12-11,28.34,18.22,74.66,1.12,0.53
1981-12-12,29.83,18.32,69.33,0.22,0.53
1981-12-13,29.11,17.86,67.64,0.0,0.53
1981-12-14,29.95,18.9,64.97,0.01,0.53
1981-12-15,27.51,17.74,69.25,0.04,0.53
1981-12-16,27.65,18.03,72.58,0.01,0.53
1981-12-17,26.97,17.32,71.06,0.03,0.53
1981-12-18,26.72,17.91,75.57,0.39,0.53
1981-12-19,25.49,16.03,69.34,0.02,0.53
1981-12-20,26.82,15.24,68.19,0.0,0.53
1981-12-21,24.15,16.76,72.45,0.0,0.53
1981-12-22,27.49,15.34,66.41,0.0,0.53
1981-12-23,26.66,15.86,64.74,0.0,0.52
1981-12-24,24.54,14.58,64.21,0.0,0.52
1981-12-25,26.99,14.29,66.81,0.0,0.52
1981-12-26,27.29,14.92,61.66,0.0,0.52
1981-12-27,27.88,12.63,59.96,0.0,0.52
1981-12-28,27.65,11.76,57.43,0.01,0.52
1981-12-29,28.11,12.21,54.51,0.0,0.52
1981-12-30,28.15,12.76,53.3,0.0,0.52
1981-12-31,28.01,12.29,52.7,0.0,0.52
1982-01-01,27.36,12.17,49.64,0.0,0.52
1982-01-02,27.22,11.76,51.36,0.0,0.52
1982-01-03,27.18,10.91,50.57,0.0,0.51
1982-01-04,26.98,10.98,50.19,0.0,0.51
1982-01-05,27.46,11.83,50.04,0.0,0.51
1982-01-06,27.54,12.46,51.39,0.0,0.51
1982-01-07,29.34,14.74,50.07,0.0,0.51
1982-01-08,28.86,15.94,50.78,0.0,0.51
1982-01-09,28.73,13.6,50.37,0.0,0.51
1982-01-10,28.61,13.36,49.89,0.0,0.51
1982-01-11,28.84,13.07,47.02,0.0,0.51
1982-01-12,29.66,13.28,47.83,0.0,0.51
1982-01-13,29.02,13.76,52.16,0.0,0.51
1982-01-14,28.02,12.82,60.09,4.93,0.52
1982-01-15,28.4,12.13,50.83,0.0,0.52
1982-01-16,28.54,12.77,48.69,0.0,0.51
1982-01-17,28.14,12.8,48.1,0.0,0.51
1982-01-18,28.74,13.1,51.23,0.02,0.51
1982-01-19,27.69,13.65,56.94,0.0,0.51
1982-01-20,27.66,12.94,50.53,0.0,0.51
1982-01-21,28.09,11.72,44.81,0.0,0.51
1982-01-22,28.34,11.45,41.91,0.0,0.51
1982-01-23,29.14,11.74,42.05,0.0,0.51
1982-01-24,29.85,12.2,43.48,0.0,0.51
1982-01-25,31.45,12.43,41.93,0.0,0.51
1982-01-26,32.38,13.19,43.43,0.0,0.51
1982-01-27,30.89,13.46,40.8,0.0,0.51
1982-01-28,30.49,13.65,36.48,0.0,0.5
1982-01-29,30.63,13.95,37.42,0.0,0.5
1982-01-30,30.67,14.53,42.18,0.0,0.5
1982-01-31,30.79,14.4,42.13,0.0,0.5
1982-02-01,30.47,14.97,39.55,0.0,0.5
1982-02-02,29.27,14.57,39.86,0.0,0.5
1982-02-03,30.18,13.3,39.74,0.0,0.5
1982-02-04,29.63,13.36,41.64,0.0,0.5
1982-02-05,29.93,13.55,36.86,0.0,0.5
1982-02-06,27.85,15.18,48.88,0.36,0.5
1982-02-07,29.36,13.78,45.16,0.0,0.5
1982-02-08,28.34,11.89,33.85,0.0,0.5
1982-02-09,26.83,12.28,46.53,0.0,0.5
1982-02-10,28.93,12.13,39.54,0.0,0.5
1982-02-11,28.89,11.07,35.22,0.0,0.5
1982-02-12,29.99,12.66,35.82,0.0,0.5
1982-02-13,31.13,14.09,36.98,0.0,0.5
1982-02-14,30.75,14.85,38.05,0.01,0.5
1982-02-15,30.57,18.75,42.25,0.0,0.5
1982-02-16,31.49,16.31,41.75,0.01,0.5
1982-02-17,31.23,16.04,38.49,0.02,0.5
1982-02-18,29.95,16.07,46.36,0.07,0.5
1982-02-19,31.76,16.82,48.79,0.0,0.5
1982-02-20,32.28,18.17,43.67,0.0,0.5
1982-02-21,32.75,16.61,38.89,0.0,0.5
1982-02-22,33.23,16.51,36.54,0.0,0.5
1982-02-23,33.21,15.42,33.99,0.0,0.5
1982-02-24,33.84,16.0,32.07,0.0,0.5
1982-02-25,33.56,16.48,31.83,0.0,0.5
1982-02-26,33.17,17.71,30.47,0.0,0.5
1982-02-27,34.28,16.08,26.62,0.0,0.5
1982-02-28,34.11,15.67,25.2,0.0,0.5
1982-03-01,34.67,16.77,25.62,0.0,0.5
1982-03-02,36.03,18.09,29.03,0.0,0.5
1982-03-03,35.18,17.9,27.76,0.0,0.5
1982-03-04,33.01,18.57,34.58,0.0,0.5
1982-03-05,32.19,17.61,31.12,0.0,0.5
1982-03-06,33.3,16.53,28.62,0.0,0.5
1982-03-07,34.23,17.26,30.6,0.05,0.49
1982-03-08,34.54,18.63,37.4,0.0,0.49
1982-03-09,34.45,18.3,30.92,0.0,0.49
1982-03-10,35.87,17.48,23.23,0.0,0.49
1982-03-11,36.26,18.05,26.33,0.0,0.49
1982-03-12,35.77,19.06,27.46,0.0,0.49
1982-03-13,36.05,21.29,30.25,0.0,0.49
1982-03-14,34.89,19.99,34.78,0.0,0.49
1982-03-15,35.6,17.21,28.24,0.0,0.49
1982-03-16,35.91,18.09,21.74,0.0,0.49
1982-03-17,35.98,17.78,22.14,0.0,0.49
1982-03-18,36.17,19.09,26.4,0.0,0.49
1982-03-19,36.78,19.28,28.24,0.0,0.49
1982-03-20,36.92,20.26,30.33,0.0,0.49
1982-03-21,37.41,20.83,30.21,0.0,0.49
1982-03-22,37.88,20.12,25.84,0.0,0.49
1982-03-23,37.56,20.18,25.73,0.0,0.49
1982-03-24,38.28,20.22,27.68,0.0,0.49
1982-03-25,38.87,20.69,22.32,0.0,0.49
1982-03-26,38.73,21.75,28.96,0.0,0.49
1982-03-27,36.11,21.15,33.47,0.0,0.49
1982-03-28,37.33,21.35,26.81,0.0,0.49
1982-03-29,38.01,20.8,25.17,0.0,0.49
1982-03-30,36.96,21.14,27.2,0.0,0.49
1982-03-31,35.82,21.56,40.73,0.05,0.49
1982-04-01,35.73,22.63,45.22,0.0,0.49
1982-04-02,36.97,22.8,48.79,0.0,0.49
1982-04-03,36.99,23.51,48.25,0.03,0.49
1982-04-04,36.74,24.84,46.2,0.17,0.49
1982-04-05,37.78,24.2,42.36,0.0,0.49
1982-04-06,37.9,26.0,39.65,0.0,0.49
1982-04-07,38.44,25.54,39.45,1.3,0.49
1982-04-08,37.88,24.96,42.78,1.28,0.5
1982-04-09,36.92,25.35,38.91,0.01,0.5
1982-04-10,32.94,25.38,47.05,0.0,0.5
1982-04-11,36.41,25.05,40.88,0.64,0.5
1982-04-12,35.82,22.82,37.08,0.55,0.5
1982-04-13,37.06,21.32,34.85,0.27,0.5
1982-04-14,38.48,23.07,31.76,0.1,0.49
1982-04-15,36.88,22.5,36.74,0.17,0.49
1982-04-16,36.8,22.61,34.27,0.0,0.49
1982-04-17,34.03,24.05,39.02,0.0,0.49
1982-04-18,35.81,24.39,36.64,0.01,0.49
1982-04-19,36.9,24.22,34.54,0.06,0.49
1982-04-20,36.22,23.09,36.35,0.16,0.49
1982-04-21,37.67,25.33,33.77,0.14,0.49
1982-04-22,37.77,24.19,35.35,0.3,0.49
1982-04-23,37.93,23.9,32.83,0.02,0.49
1982-04-24,38.09,26.25,30.18,0.07,0.49
1982-04-25,39.09,26.83,30.75,0.03,0.49
1982-04-26,38.05,26.44,30.1,0.12,0.49
1982-04-27,39.38,25.95,30.07,0.0,0.49
1982-04-28,37.43,27.49,30.73,0.0,0.49
1982-04-29,39.1,25.6,32.57,0.0,0.49
1982-04-30,36.08,27.99,31.67,0.0,0.49
1982-05-01,39.37,25.08,29.29,0.05,0.49
1982-05-02,38.81,27.62,34.62,0.02,0.49
1982-05-03,35.72,27.79,40.61,0.0,0.49
1982-05-04,36.39,25.79,38.7,0.05,0.49
1982-05-05,38.28,25.59,33.87,0.69,0.49
1982-05-06,37.14,26.98,35.0,0.03,0.49
1982-05-07,38.52,25.3,36.27,0.0,0.49
1982-05-08,38.27,26.1,37.7,0.0,0.49
1982-05-09,40.65,26.5,35.95,0.0,0.49
1982-05-10,39.52,26.76,41.19,0.01,0.49
1982-05-11,40.77,26.23,37.07,0.11,0.49
1982-05-12,40.16,26.2,38.64,1.52,0.49
1982-05-13,39.5,27.2,40.13,0.01,0.49
1982-05-14,36.02,28.31,47.17,2.99,0.5
1982-05-15,35.17,26.12,56.63,3.05,0.5
1982-05-16,33.96,26.43,53.64,0.62,0.5
1982-05-17,36.2,25.18,47.53,0.0,0.5
1982-05-18,34.26,25.96,55.15,5.16,0.5
1982-05-19,36.91,24.6,53.59,1.13,0.51
1982-05-20,39.17,25.63,46.63,0.01,0.5
1982-05-21,40.08,25.46,43.24,1.33,0.5
1982-05-22,39.85,26.23,39.93,0.0,0.5
1982-05-23,36.03,27.45,49.19,0.0,0.5
1982-05-24,33.32,26.91,56.33,0.02,0.5
1982-05-25,32.14,25.29,61.92,4.18,0.5
1982-05-26,33.04,25.17,59.81,0.05,0.5
1982-05-27,33.08,24.9,62.56,0.21,0.5
1982-05-28,33.18,24.56,63.23,0.35,0.5
1982-05-29,32.92,23.55,59.5,0.33,0.5
1982-05-30,35.52,24.24,59.63,2.64,0.5
1982-05-31,35.2,24.55,58.97,0.31,0.5
1982-06-01,33.32,25.24,67.18,9.26,0.52
1982-06-02,35.01,25.42,66.73,4.93,0.52
1982-06-03,33.96,25.15,73.34,4.93,0.52
1982-06-04,36.0,23.94,64.35,0.73,0.52
1982-06-05,36.84,24.5,60.32,0.0,0.51
1982-06-06,37.52,25.95,56.77,0.47,0.51
1982-06-07,32.2,26.1,64.84,2.94,0.51
1982-06-08,31.91,25.1,71.81,6.99,0.52
1982-06-09,31.0,24.38,76.77,4.06,0.52
1982-06-10,32.25,23.55,73.58,2.9,0.52
1982-06-11,30.81,23.58,76.8,1.91,0.52
1982-06-12,32.09,23.85,76.1,3.24,0.52
1982-06-13,34.71,23.8,67.72,2.24,0.52
1982-06-14,35.01,23.47,68.55,0.69,0.52
1982-06-15,34.38,24.44,70.6,0.39,0.51
1982-06-16,35.32,24.62,65.71,0.89,0.51
1982-06-17,34.35,24.5,68.72,2.77,0.51
1982-06-18,32.66,24.67,72.04,1.62,0.51
1982-06-19,34.0,24.54,64.86,0.17,0.51
1982-06-20,35.12,23.97,59.82,0.45,0.51
1982-06-21,35.64,23.47,62.34,2.5,0.51
1982-06-22,34.99,23.63,65.58,2.58,0.51
1982-06-23,33.86,23.56,63.03,0.0,0.51
1982-06-24,35.24,23.95,59.64,0.01,0.51
1982-06-25,35.74,24.62,60.38,0.05,0.5
1982-06-26,35.24,25.14,64.99,0.61,0.5
1982-06-27,36.37,24.95,56.54,0.01,0.5
1982-06-28,37.25,25.18,56.37,0.32,0.5
1982-06-29,35.49,24.63,55.74,0.32,0.5
1982-06-30,36.83,24.72,55.6,0.01,0.5
1982-07-01,36.49,25.33,57.45,0.01,0.5
1982-07-02,35.4,24.98,60.92,0.61,0.5
1982-07-03,34.35,25.04,59.67,0.13,0.5
1982-07-04,35.08,25.8,56.41,0.34,0.5
1982-07-05,37.03,24.81,61.5,3.49,0.5
1982-07-06,33.98,24.46,61.57,0.2,0.5
1982-07-07,33.8,24.24,60.26,0.0,0.5
1982-07-08,32.71,23.87,62.5,0.14,0.5
1982-07-09,32.24,23.7,60.73,0.4,0.5
1982-07-10,35.81,23.97,59.42,0.25,0.5
1982-07-11,34.61,24.68,58.64,0.1,0.5
1982-07-12,34.31,24.87,58.85,0.02,0.5
1982-07-13,31.6,24.42,62.1,0.0,0.5
1982-07-14,36.56,24.84,55.27,0.01,0.5
1982-07-15,38.56,25.15,52.98,0.0,0.5
1982-07-16,37.15,25.13,53.19,0.0,0.5
1982-07-17,38.21,26.1,52.94,0.0,0.5
1982-07-18,35.72,26.73,55.39,0.0,0.49
1982-07-19,35.39,25.72,59.8,0.2,0.49
1982-07-20,37.1,24.63,55.53,3.29,0.5
1982-07-21,35.91,25.29,59.73,0.06,0.5
1982-07-22,33.1,24.22,62.41,0.02,0.5
1982-07-23,36.45,23.96,58.08,0.1,0.5
1982-07-24,36.04,24.68,57.21,0.07,0.5
1982-07-25,36.82,24.54,57.5,0.02,0.5
1982-07-26,33.1,25.3,67.23,0.03,0.5
1982-07-27,37.21,24.65,59.05,0.07,0.5
1982-07-28,34.1,24.19,63.66,0.66,0.5
1982-07-29,35.58,25.01,62.26,0.25,0.5
1982-07-30,35.04,24.9,61.36,0.48,0.5
1982-07-31,33.58,24.81,60.86,1.03,0.5
1982-08-01,31.91,24.12,72.22,3.94,0.5
1982-08-02,35.49,23.38,60.44,1.34,0.5
1982-08-03,35.59,23.68,61.18,0.56,0.5
1982-08-04,34.92,24.77,61.39,0.35,0.5
1982-08-05,32.54,24.6,70.06,1.85,0.5
1982-08-06,31.52,23.72,73.61,0.43,0.5
1982-08-07,28.66,23.14,80.85,10.68,0.51
1982-08-08,28.4,22.69,79.53,0.24,0.52
1982-08-09,34.47,22.73,70.37,0.55,0.52
1982-08-10,35.9,23.67,65.17,0.0,0.51
1982-08-11,30.16,24.55,70.3,0.24,0.51
1982-08-12,35.79,23.64,65.09,1.91,0.51
1982-08-13,34.57,23.78,65.85,1.07,0.51
1982-08-14,35.79,23.95,65.67,2.85,0.51
1982-08-15,36.41,24.1,63.27,0.7,0.51
1982-08-16,34.38,24.17,73.08,14.13,0.52
1982-08-17,33.18,24.65,76.6,2.07,0.53
1982-08-18,33.44,24.14,71.29,3.32,0.52
1982-08-19,32.71,24.07,69.06,0.25,0.52
1982-08-20,34.81,23.87,70.13,2.73,0.52
1982-08-21,31.07,24.07,73.12,1.34,0.52
1982-08-22,32.44,22.73,74.62,3.43,0.52
1982-08-23,33.12,24.13,68.71,0.2,0.52
1982-08-24,33.82,24.16,67.24,1.03,0.51
1982-08-25,36.53,23.44,67.32,4.74,0.51
1982-08-26,36.66,24.7,63.96,0.18,0.52
1982-08-27,37.39,24.77,61.88,0.12,0.51
1982-08-28,35.5,24.22,63.56,0.43,0.51
1982-08-29,35.21,23.36,61.53,0.22,0.51
1982-08-30,36.51,24.17,56.44,0.0,0.5
1982-08-31,37.72,24.41,53.47,0.21,0.5
1982-09-01,36.07,25.9,56.69,0.12,0.5
1982-09-02,37.31,25.11,62.9,3.85,0.5
1982-09-03,30.86,24.22,81.98,11.7,0.52
1982-09-04,33.23,22.41,73.27,5.52,0.53
1982-09-05,31.9,23.53,78.31,22.03,0.55
1982-09-06,35.09,23.39,74.14,2.0,0.56
1982-09-07,36.4,23.7,68.11,0.0,0.55
1982-09-08,38.62,25.02,60.95,0.02,0.54
1982-09-09,34.2,24.1,72.69,1.3,0.53
1982-09-10,34.13,22.34,67.88,2.48,0.53
1982-09-11,35.34,22.79,65.0,0.42,0.53
1982-09-12,37.18,23.11,59.13,0.05,0.52
1982-09-13,36.65,23.34,60.82,0.06,0.52
1982-09-14,35.96,23.92,60.85,0.09,0.51
1982-09-15,35.77,22.96,57.49,0.0,0.51
1982-09-16,36.14,23.33,58.81,0.07,0.51
1982-09-17,34.0,24.91,64.29,0.37,0.51
1982-09-18,32.41,23.75,66.78,1.34,0.51
1982-09-19,33.8,23.1,65.4,2.35,0.51
1982-09-20,34.44,23.3,65.34,1.77,0.51
1982-09-21,33.85,23.35,64.13,0.02,0.51
1982-09-22,35.84,23.52,58.98,0.08,0.51
1982-09-23,33.01,24.37,64.86,0.01,0.51
1982-09-24,34.33,24.06,63.16,0.35,0.5
1982-09-25,32.62,23.19,75.05,7.55,0.51
1982-09-26,32.12,22.29,75.93,1.13,0.52
1982-09-27,34.6,22.5,67.48,0.39,0.51
1982-09-28,34.43,23.03,66.55,2.34,0.51
1982-09-29,31.95,22.97,73.76,2.49,0.51
1982-09-30,32.72,23.24,70.82,0.23,0.51
1982-10-01,31.6,22.24,72.66,2.74,0.51
1982-10-02,29.24,21.91,82.08,28.03,0.54
1982-10-03,28.9,21.79,83.26,11.97,0.57
1982-10-04,29.51,21.7,74.56,0.85,0.57
1982-10-05,30.9,21.74,70.79,1.3,0.56
1982-10-06,30.96,22.78,68.83,0.62,0.55
1982-10-07,29.56,23.0,73.47,8.34,0.56
1982-10-08,33.12,21.95,65.75,0.0,0.55
1982-10-09,33.46,21.48,63.64,0.0,0.54
1982-10-10,33.44,22.44,63.62,0.02,0.54
1982-10-11,32.09,22.6,70.29,0.05,0.53
1982-10-12,28.9,22.86,76.41,0.62,0.53
1982-10-13,31.99,22.21,67.35,4.46,0.53
1982-10-14,32.44,22.12,66.7,0.02,0.53
1982-10-15,34.8,23.51,62.15,0.01,0.53
1982-10-16,36.23,23.56,62.68,0.0,0.52
1982-10-17,32.75,23.73,66.97,0.0,0.52
1982-10-18,37.06,21.82,56.98,0.01,0.52
1982-10-19,36.68,21.01,51.14,0.1,0.51
1982-10-20,36.25,21.25,52.54,0.0,0.51
1982-10-21,34.75,22.24,60.58,0.0,0.51
1982-10-22,33.35,23.62,60.19,0.02,0.51
1982-10-23,33.98,23.28,61.73,1.14,0.51
1982-10-24,33.94,22.72,60.37,0.09,0.51
1982-10-25,33.35,23.59,59.23,1.27,0.51
1982-10-26,31.56,20.86,71.28,11.2,0.52
1982-10-27,31.44,20.47,67.24,3.88,0.53
1982-10-28,33.62,19.68,58.39,0.0,0.53
1982-10-29,34.24,20.85,54.49,0.0,0.52
1982-10-30,34.15,19.95,54.18,0.0,0.52
1982-10-31,35.42,20.12,53.18,0.0,0.52
1982-11-01,33.99,22.24,59.4,0.02,0.51
1982-11-02,34.07,22.67,58.41,0.96,0.51
1982-11-03,35.4,21.26,55.24,0.0,0.51
1982-11-04,34.16,20.37,51.89,0.0,0.51
1982-11-05,32.93,20.24,50.72,0.01,0.51
1982-11-06,32.74,20.49,47.51,0.04,0.51
1982-11-07,32.88,19.06,43.79,0.0,0.5
1982-11-08,32.04,17.72,45.44,0.0,0.5
1982-11-09,33.6,19.64,43.7,0.01,0.5
1982-11-10,27.91,21.85,56.67,0.23,0.5
1982-11-11,30.42,19.64,49.32,2.24,0.5
1982-11-12,30.95,18.66,61.03,1.37,0.51
1982-11-13,29.37,20.05,68.47,4.42,0.51
1982-11-14,29.99,19.97,70.69,0.0,0.51
1982-11-15,30.68,18.8,57.15,0.0,0.51
1982-11-16,31.84,18.3,52.36,0.0,0.51
1982-11-17,32.18,17.5,52.26,0.0,0.51
1982-11-18,32.13,17.19,54.13,0.0,0.51
1982-11-19,31.88,17.49,50.93,0.0,0.51
1982-11-20,31.79,17.57,47.2,0.0,0.5
1982-11-21,31.92,16.57,42.56,0.0,0.5
1982-11-22,32.88,16.13,43.62,0.0,0.5
1982-11-23,29.75,16.87,46.42,0.0,0.5
1982-11-24,30.92,19.04,47.92,0.1,0.5
1982-11-25,32.0,19.17,45.71,0.0,0.5
1982-11-26,31.74,17.36,43.89,0.0,0.5
1982-11-27,30.76,16.99,43.86,0.38,0.5
1982-11-28,30.78,16.44,37.64,0.0,0.5
1982-11-29,29.89,13.94,42.37,0.0,0.5
1982-11-30,29.51,13.56,39.52,0.0,0.5
1982-12-01,29.18,13.05,39.08,0.08,0.5
1982-12-02,28.97,12.77,38.81,0.0,0.5
1982-12-03,28.98,12.81,39.47,0.0,0.5
1982-12-04,29.3,12.86,40.84,0.0,0.5
1982-12-05,29.81,13.48,38.86,0.0,0.5
1982-12-06,30.8,13.76,36.46,0.0,0.5
1982-12-07,29.69,14.5,41.51,0.0,0.5
1982-12-08,30.44,14.26,40.19,0.0,0.5
1982-12-09,30.2,14.48,39.68,0.0,0.5
1982-12-10,29.0,13.61,38.25,0.0,0.5
1982-12-11,31.32,13.55,37.88,0.0,0.5
1982-12-12,29.88,13.61,38.54,0.0,0.5
1982-12-13,28.41,14.86,54.37,0.0,0.5
1982-12-14,29.36,18.34,57.11,0.0,0.5
1982-12-15,27.07,17.8,56.5,0.0,0.5
1982-12-16,30.52,15.8,54.52,0.0,0.5
1982-12-17,30.7,15.91,48.37,0.0,0.5
1982-12-18,29.56,15.25,48.5,0.0,0.5
1982-12-19,27.88,14.96,55.56,0.0,0.5
1982-12-20,28.51,17.59,50.67,0.0,0.5
1982-12-21,28.16,14.98,52.07,0.0,0.5
1982-12-22,28.15,14.76,49.37,0.0,0.5
1982-12-23,28.4,15.41,44.11,0.0,0.5
1982-12-24,28.83,13.16,41.12,0.0,0.5
1982-12-25,29.7,13.24,39.56,0.04,0.5
1982-12-26,30.17,13.96,44.7,0.0,0.5
1982-12-27,27.33,13.65,51.49,0.0,0.5
1982-12-28,27.23,13.28,52.13,0.0,0.5
1982-12-29,27.03,13.79,49.52,0.0,0.5
1982-12-30,26.73,12.68,45.11,0.0,0.5
1982-12-31,27.08,11.73,42.8,0.0,0.5
1983-01-01,28.94,11.76,42.0,0.0,0.5
1983-01-02,27.86,12.23,36.1,0.0,0.5
1983-01-03,26.33,12.23,41.16,0.04,0.5
1983-01-04,27.23,10.77,37.92,0.0,0.5
1983-01-05,25.6,8.95,36.26,0.0,0.5
1983-01-06,25.21,9.16,30.19,0.0,0.5
1983-01-07,26.32,9.26,28.71,0.0,0.5
1983-01-08,27.09,10.03,29.32,0.0,0.5
1983-01-09,27.75,10.87,35.13,0.0,0.49
1983-01-10,28.85,11.86,33.43,0.0,0.49
1983-01-11,27.55,12.85,35.66,0.0,0.49
1983-01-12,28.3,12.0,37.9,0.0,0.49
1983-01-13,28.36,11.58,37.03,0.0,0.49
1983-01-14,29.54,12.48,37.77,0.0,0.49
1983-01-15,28.84,12.07,36.26,0.0,0.49
1983-01-16,28.61,12.0,33.42,0.0,0.49
1983-01-17,30.71,11.86,30.23,0.0,0.49
1983-01-18,29.94,12.36,28.48,0.0,0.49
1983-01-19,29.98,13.54,28.71,0.0,0.49
1983-01-20,28.93,12.79,31.97,0.0,0.49
1983-01-21,30.18,12.61,36.01,0.0,0.49
1983-01-22,29.38,13.75,45.69,0.0,0.49
1983-01-23,28.37,12.39,41.37,0.0,0.49
1983-01-24,28.46,13.51,42.9,0.0,0.49
1983-01-25,25.9,16.4,45.09,0.0,0.49
1983-01-26,27.99,15.77,45.62,0.0,0.49
1983-01-27,27.89,13.35,49.92,0.0,0.49
1983-01-28,28.86,12.92,40.94,0.0,0.49
1983-01-29,28.79,13.58,34.76,0.0,0.49
1983-01-30,29.64,12.33,31.93,0.04,0.49
1983-01-31,28.39,13.61,40.57,0.21,0.49
1983-02-01,28.54,15.94,43.46,0.0,0.49
1983-02-02,28.95,14.0,38.53,0.05,0.49
1983-02-03,28.69,13.35,37.96,0.0,0.49
1983-02-04,27.69,14.16,38.21,0.01,0.49
1983-02-05,26.78,13.09,35.8,0.0,0.49
1983-02-06,26.83,10.02,31.89,0.0,0.49
1983-02-07,28.46,11.71,26.36,0.0,0.49
1983-02-08,29.7,14.15,27.46,0.0,0.49
1983-02-09,30.83,14.83,32.52,0.01,0.49
1983-02-10,31.3,15.33,35.82,0.0,0.49
1983-02-11,31.52,15.47,36.09,0.0,0.49
1983-02-12,30.06,15.3,29.78,0.0,0.49
1983-02-13,30.66,12.56,26.23,0.0,0.49
1983-02-14,32.27,13.92,24.31,0.0,0.49
1983-02-15,32.06,15.76,26.02,0.0,0.49
1983-02-16,33.2,16.0,29.5,0.0,0.49
1983-02-17,33.56,17.14,28.97,0.0,0.49
1983-02-18,33.58,16.29,30.29,0.0,0.49
1983-02-19,33.16,16.8,30.33,0.02,0.49
1983-02-20,31.4,19.03,43.53,0.03,0.49
1983-02-21,31.33,17.05,42.88,0.17,0.49
1983-02-22,30.51,15.08,34.77,0.22,0.49
1983-02-23,31.45,16.43,36.61,0.02,0.49
1983-02-24,30.95,16.77,33.85,0.0,0.49
1983-02-25,32.15,16.42,27.74,0.0,0.49
1983-02-26,31.86,16.63,28.09,0.04,0.49
1983-02-27,31.26,15.9,39.05,0.37,0.49
1983-02-28,30.57,16.66,41.8,1.0,0.49
1983-03-01,31.88,15.22,36.37,0.0,0.49
1983-03-02,32.04,15.18,30.96,0.0,0.49
1983-03-03,34.64,17.32,28.88,0.0,0.49
1983-03-04,35.67,18.15,27.67,0.0,0.49
1983-03-05,34.52,18.64,29.25,0.0,0.49
1983-03-06,33.3,17.55,33.71,0.42,0.49
1983-03-07,32.71,19.0,37.49,0.16,0.49
1983-03-08,33.74,17.69,34.88,0.0,0.49
1983-03-09,34.58,17.74,32.38,0.0,0.49
1983-03-10,35.24,18.55,32.23,0.0,0.49
1983-03-11,35.92,20.19,31.14,0.0,0.49
1983-03-12,36.74,20.19,31.02,0.0,0.49
1983-03-13,38.65,20.26,27.22,0.0,0.49
1983-03-14,35.96,20.74,39.11,0.04,0.49
1983-03-15,36.32,20.28,38.94,0.05,0.49
1983-03-16,34.76,21.01,42.91,1.57,0.49
1983-03-17,33.04,18.99,48.4,0.0,0.49
1983-03-18,35.59,20.41,38.86,0.06,0.49
1983-03-19,35.68,21.51,35.78,0.0,0.49
1983-03-20,35.85,20.78,35.62,0.0,0.49
1983-03-21,34.87,21.47,41.18,0.58,0.49
1983-03-22,35.42,21.87,44.48,0.25,0.49
1983-03-23,33.7,20.83,44.71,0.0,0.49
1983-03-24,33.58,19.79,22.92,0.0,0.49
1983-03-25,34.66,16.26,19.14,0.0,0.49
1983-03-26,35.15,16.69,19.52,0.0,0.49
1983-03-27,37.1,18.14,22.07,0.0,0.49
1983-03-28,37.79,19.78,28.83,0.0,0.49
1983-03-29,37.8,22.2,30.06,0.0,0.49
1983-03-30,38.19,22.47,30.15,0.0,0.49
1983-03-31,37.6,22.03,28.23,0.0,0.49
1983-04-01,37.66,22.34,22.69,0.0,0.49
1983-04-02,38.67,22.3,15.46,0.0,0.49
1983-04-03,38.32,21.53,22.66,0.0,0.49
1983-04-04,39.1,22.58,32.52,0.0,0.49
1983-04-05,38.95,25.15,34.39,0.01,0.49
1983-04-06,38.51,24.1,36.03,0.26,0.49
1983-04-07,38.27,23.81,38.59,0.09,0.49
1983-04-08,38.28,23.54,40.43,0.01,0.49
1983-04-09,38.03,23.87,39.19,0.03,0.49
1983-04-10,38.79,23.74,33.14,0.0,0.49
1983-04-11,38.21,23.9,28.42,0.0,0.49
1983-04-12,37.78,22.8,29.91,0.01,0.49
1983-04-13,37.16,22.47,27.75,0.02,0.49
1983-04-14,38.35,23.01,34.04,0.36,0.49
1983-04-15,38.38,24.2,36.12,0.0,0.49
1983-04-16,37.37,25.06,33.69,0.0,0.49
1983-04-17,39.94,25.03,31.14,0.0,0.49
1983-04-18,40.98,24.85,29.26,0.0,0.49
1983-04-19,41.51,26.83,28.63,0.0,0.49
1983-04-20,40.78,25.67,29.08,0.0,0.49
1983-04-21,38.27,25.86,23.67,0.0,0.49
1983-04-22,38.08,23.1,18.79,0.0,0.49
1983-04-23,38.1,21.58,19.77,0.0,0.49
1983-04-24,37.87,23.26,28.1,0.08,0.49
1983-04-25,36.02,21.92,35.88,1.11,0.49
1983-04-26,37.84,23.8,31.59,0.25,0.49
1983-04-27,38.1,23.29,35.11,0.01,0.49
1983-04-28,39.01,24.77,31.64,0.08,0.49
1983-04-29,39.6,25.0,42.17,12.19,0.5
1983-04-30,35.54,24.5,56.75,5.11,0.52
1983-05-01,36.48,22.63,55.39,0.34,0.52
1983-05-02,36.39,23.97,52.14,0.0,0.51
1983-05-03,38.02,23.17,47.8,0.0,0.51
1983-05-04,38.32,24.06,46.47,0.01,0.5
1983-05-05,38.12,26.46,43.4,0.0,0.5
1983-05-06,37.64,26.33,42.39,0.01,0.5
1983-05-07,37.46,26.01,41.98,0.0,0.5
1983-05-08,36.1,25.59,42.61,0.0,0.5
1983-05-09,34.44,25.15,50.52,10.3,0.51
1983-05-10,34.46,23.75,55.87,0.0,0.51
1983-05-11,32.95,23.35,55.69,0.0,0.51
1983-05-12,34.87,23.21,48.71,0.0,0.5
1983-05-13,38.02,24.15,43.87,0.03,0.5
1983-05-14,38.18,25.86,43.0,0.0,0.5
1983-05-15,39.18,26.69,41.91,0.0,0.5
1983-05-16,38.05,27.75,42.61,0.0,0.5
1983-05-17,35.7,27.9,47.13,0.02,0.5
1983-05-18,34.79,26.98,48.16,0.03,0.5
1983-05-19,39.7,24.74,39.38,0.0,0.49
1983-05-20,37.26,26.34,47.24,0.0,0.49
1983-05-21,34.73,27.16,50.88,0.0,0.49
1983-05-22,40.62,25.81,38.65,0.0,0.49
1983-05-23,40.28,28.02,37.13,0.0,0.49
1983-05-24,39.81,28.63,36.01,0.0,0.49
1983-05-25,41.12,27.16,34.98,0.0,0.49
1983-05-26,41.92,27.53,35.01,0.0,0.49
1983-05-27,37.55,27.81,43.85,0.0,0.49
1983-05-28,36.04,27.78,49.85,0.0,0.49
1983-05-29,35.39,27.39,53.66,0.0,0.49
1983-05-30,37.58,26.8,49.08,0.01,0.49
1983-05-31,34.22,28.4,53.64,0.0,0.49
1983-06-01,36.25,27.68,50.8,0.0,0.49
1983-06-02,37.48,26.74,51.58,0.0,0.49
1983-06-03,38.21,26.07,51.89,0.0,0.49
1983-06-04,38.72,26.42,50.4,0.01,0.49
1983-06-05,37.27,26.7,50.89,0.01,0.49
1983-06-06,36.92,26.82,55.85,0.22,0.49
1983-06-07,37.29,26.47,50.83,0.04,0.49
1983-06-08,38.34,26.76,52.68,1.27,0.49
1983-06-09,35.19,26.09,54.57,0.05,0.49
1983-06-10,35.53,25.52,52.49,0.01,0.49
1983-06-11,36.14,27.15,49.69,0.04,0.49
1983-06-12,32.13,27.17,60.26,1.03,0.49
1983-06-13,36.07,25.62,56.0,0.28,0.49
1983-06-14,37.85,25.88,49.63,0.2,0.49
1983-06-15,38.33,26.51,48.63,0.15,0.49
1983-06-16,36.71,27.23,51.09,0.0,0.49
1983-06-17,39.75,27.07,42.04,0.13,0.49
1983-06-18,38.43,26.86,43.23,0.05,0.49
1983-06-19,39.34,26.34,44.64,0.49,0.49
1983-06-20,40.12,27.13,42.39,0.04,0.49
1983-06-21,40.34,27.98,41.26,0.26,0.49
1983-06-22,39.83,27.89,42.86,0.0,0.49
1983-06-23,35.98,29.46,46.61,0.01,0.49
1983-06-24,35.58,27.48,54.34,0.06,0.49
1983-06-25,36.37,25.87,56.19,0.06,0.49
1983-06-26,36.03,26.46,52.83,0.0,0.49
1983-06-27,39.34,26.28,46.65,0.06,0.49
1983-06-28,36.61,26.18,54.0,0.07,0.49
1983-06-29,36.92,25.98,52.55,0.01,0.49
1983-06-30,38.1,26.14,50.08,0.04,0.49
1983-07-01,36.73,26.22,52.23,0.35,0.49
1983-07-02,35.09,26.8,55.04,0.03,0.49
1983-07-03,36.3,26.15,55.54,0.01,0.49
1983-07-04,36.81,25.78,54.68,0.01,0.49
1983-07-05,38.41,25.66,49.01,0.01,0.49
1983-07-06,39.11,25.61,46.8,0.03,0.49
1983-07-07,40.24,26.07,45.92,0.0,0.49
1983-07-08,38.95,27.13,46.85,0.0,0.49
1983-07-09,32.56,28.04,53.36,0.0,0.49
1983-07-10,35.74,28.13,47.51,0.0,0.49
1983-07-11,38.32,27.55,46.57,0.0,0.49
1983-07-12,38.88,28.52,44.32,0.0,0.49
1983-07-13,34.51,28.3,54.44,0.0,0.49
1983-07-14,35.23,27.42,53.3,0.03,0.49
1983-07-15,36.04,28.14,53.32,0.02,0.49
1983-07-16,35.87,26.89,54.54,0.14,0.49
1983-07-17,38.26,26.85,54.62,0.0,0.49
1983-07-18,37.55,25.89,51.96,0.02,0.49
1983-07-19,31.65,26.71,61.74,0.07,0.49
1983-07-20,37.41,24.93,56.78,0.05,0.49
1983-07-21,38.04,26.13,51.98,0.01,0.49
1983-07-22,37.52,26.68,49.65,0.13,0.49
1983-07-23,31.23,27.34,60.42,0.68,0.49
1983-07-24,34.26,25.84,58.42,1.32,0.49
1983-07-25,35.66,25.06,56.41,2.72,0.5
1983-07-26,38.9,25.86,45.99,0.18,0.5
1983-07-27,37.31,26.18,48.22,1.91,0.5
1983-07-28,33.37,25.75,56.51,1.14,0.5
1983-07-29,33.65,25.27,58.22,0.01,0.5
1983-07-30,34.98,25.15,60.5,0.03,0.5
1983-07-31,34.82,25.8,59.66,0.4,0.5
1983-08-01,30.01,24.62,74.34,3.49,0.5
1983-08-02,31.33,24.14,77.55,4.66,0.5
1983-08-03,31.32,23.33,79.29,8.79,0.52
1983-08-04,32.16,23.22,71.1,0.18,0.52
1983-08-05,33.26,24.78,67.72,0.08,0.51
1983-08-06,32.24,24.33,69.35,0.01,0.51
1983-08-07,36.4,24.9,60.03,0.07,0.51
1983-08-08,37.37,25.13,55.8,0.04,0.5
1983-08-09,37.52,25.78,55.46,0.0,0.5
1983-08-10,38.09,25.01,52.51,0.03,0.5
1983-08-11,38.07,24.92,52.05,0.26,0.5
1983-08-12,34.52,26.4,56.61,0.0,0.5
1983-08-13,34.67,25.43,58.99,0.05,0.5
1983-08-14,35.86,24.87,59.58,0.46,0.5
1983-08-15,38.01,25.42,54.05,0.0,0.5
1983-08-16,34.25,26.6,55.67,0.02,0.5
1983-08-17,37.2,25.82,52.16,0.05,0.5
1983-08-18,35.26,26.26,54.65,0.03,0.5
1983-08-19,38.27,26.11,50.31,0.04,0.49
1983-08-20,34.27,27.07,55.35,0.02,0.49
1983-08-21,33.88,25.69,59.06,0.03,0.49
1983-08-22,33.91,25.62,58.78,0.53,0.49
1983-08-23,34.95,24.28,61.79,4.43,0.5
1983-08-24,37.89,25.08,52.8,0.84,0.5
1983-08-25,31.78,25.15,69.84,3.12,0.5
1983-08-26,29.81,25.06,72.77,0.79,0.5
1983-08-27,35.24,25.03,59.21,0.01,0.5
1983-08-28,36.9,24.99,53.04,0.1,0.5
1983-08-29,37.32,25.33,52.88,0.19,0.5
1983-08-30,36.96,24.73,58.01,1.85,0.5
1983-08-31,33.35,25.18,71.56,3.75,0.5
1983-09-01,30.36,24.34,77.38,4.77,0.51
1983-09-02,33.24,24.49,67.71,0.24,0.51
1983-09-03,34.3,24.41,66.76,0.66,0.51
1983-09-04,34.11,24.45,65.03,0.13,0.5
1983-09-05,35.13,23.69,62.57,0.06,0.5
1983-09-06,35.21,24.56,59.31,0.01,0.5
1983-09-07,37.62,24.57,53.41,0.03,0.5
1983-09-08,35.89,25.28,56.99,0.45,0.5
1983-09-09,32.3,24.72,64.03,0.5,0.5
1983-09-10,31.77,24.7,71.0,7.28,0.51
1983-09-11,34.81,24.11,64.28,0.01,0.51
1983-09-12,35.32,24.8,60.44,0.01,0.51
1983-09-13,36.79,24.7,57.52,0.07,0.5
1983-09-14,29.29,23.97,69.54,0.46,0.5
1983-09-15,32.72,23.39,69.41,1.71,0.5
1983-09-16,35.18,23.95,61.3,0.23,0.5
1983-09-17,32.38,24.73,62.16,0.02,0.5
1983-09-18,31.76,24.96,66.02,0.05,0.5
1983-09-19,33.92,24.44,65.79,0.16,0.5
1983-09-20,29.88,24.21,72.49,0.05,0.5
1983-09-21,33.01,23.32,66.52,0.45,0.5
1983-09-22,35.73,24.58,56.77,0.02,0.5
1983-09-23,34.94,24.39,58.41,0.0,0.5
1983-09-24,38.94,25.58,45.7,0.0,0.5
1983-09-25,38.72,26.33,43.41,0.0,0.5
1983-09-26,39.05,26.74,44.74,0.0,0.49
1983-09-27,39.25,26.95,44.52,0.0,0.49
1983-09-28,34.64,28.09,48.87,0.07,0.49
1983-09-29,36.98,26.8,51.9,0.0,0.49
1983-09-30,38.46,25.4,46.99,0.0,0.49
1983-10-01,36.71,26.08,50.65,0.0,0.49
1983-10-02,38.27,25.98,50.32,0.18,0.49
1983-10-03,38.37,26.59,47.01,0.79,0.49
1983-10-04,39.17,26.3,46.84,0.66,0.49
1983-10-05,29.66,24.53,78.4,3.81,0.5
1983-10-06,32.7,24.05,71.99,4.7,0.5
1983-10-07,33.78,23.71,65.23,0.08,0.5
1983-10-08,29.91,24.82,64.28,0.0,0.5
1983-10-09,34.84,23.6,58.84,0.0,0.5
1983-10-10,35.21,24.25,61.05,0.0,0.5
1983-10-11,38.89,24.91,48.41,0.0,0.5
1983-10-12,37.32,25.54,46.65,0.0,0.5
1983-10-13,35.55,26.05,52.4,0.02,0.5
1983-10-14,38.52,26.04,51.51,0.45,0.5
1983-10-15,35.05,23.74,65.55,4.57,0.5
1983-10-16,33.19,22.47,66.66,2.17,0.5
1983-10-17,33.85,22.58,60.74,1.09,0.5
1983-10-18,35.52,22.79,53.97,0.25,0.5
1983-10-19,34.01,24.39,63.18,4.1,0.5
1983-10-20,29.22,23.33,78.0,3.42,0.51
1983-10-21,32.06,22.67,70.25,0.12,0.51
1983-10-22,35.53,23.03,58.99,0.07,0.51
1983-10-23,36.18,23.8,52.57,0.51,0.5
1983-10-24,36.73,24.21,52.08,0.05,0.5
1983-10-25,35.96,24.16,51.69,0.01,0.5
1983-10-26,36.83,24.48,47.6,0.0,0.5
1983-10-27,36.34,24.68,49.78,0.0,0.5
1983-10-28,36.05,24.13,46.23,0.0,0.5
1983-10-29,37.09,24.78,46.14,0.0,0.5
1983-10-30,37.75,25.23,44.04,0.0,0.5
1983-10-31,37.81,24.36,41.95,0.0,0.49
1983-11-01,34.5,24.98,47.3,0.01,0.49
1983-11-02,27.26,22.92,68.2,0.17,0.49
1983-11-03,33.71,21.88,56.32,0.05,0.49
1983-11-04,34.8,22.02,46.95,0.01,0.49
1983-11-05,34.74,24.07,44.48,0.05,0.49
1983-11-06,33.32,24.96,54.88,0.01,0.49
1983-11-07,33.34,22.97,61.95,0.8,0.49
1983-11-08,29.26,21.59,80.08,8.66,0.5
1983-11-09,27.26,21.62,87.71,14.47,0.52
1983-11-10,27.48,21.43,84.27,16.31,0.56
1983-11-11,28.07,21.49,84.43,2.29,0.56
1983-11-12,29.24,21.29,77.16,0.14,0.55
1983-11-13,28.78,20.93,75.58,2.17,0.54
1983-11-14,28.11,20.91,80.84,6.51,0.54
1983-11-15,28.07,21.14,84.27,7.76,0.55
1983-11-16,29.97,20.41,72.16,0.01,0.55
1983-11-17,30.86,19.37,69.64,0.02,0.54
1983-11-18,30.24,19.48,67.14,0.02,0.53
1983-11-19,30.02,19.02,64.67,0.35,0.53
1983-11-20,30.77,17.96,61.89,0.0,0.52
1983-11-21,32.32,17.26,54.83,0.0,0.52
1983-11-22,32.29,17.15,56.35,0.0,0.52
1983-11-23,29.5,18.86,60.68,0.08,0.51
1983-11-24,30.01,17.71,57.38,0.03,0.51
1983-11-25,31.46,14.79,47.95,0.0,0.51
1983-11-26,30.15,15.58,44.1,0.0,0.51
1983-11-27,29.83,13.72,51.03,0.0,0.51
1983-11-28,30.05,14.41,47.52,0.0,0.51
1983-11-29,29.66,14.37,45.11,0.0,0.5
1983-11-30,28.6,14.1,38.91,0.0,0.5
1983-12-01,27.53,12.34,45.32,0.0,0.5
1983-12-02,28.59,11.81,45.76,0.0,0.5
1983-12-03,29.26,12.67,47.26,0.0,0.5
1983-12-04,28.57,12.07,48.12,0.0,0.5
1983-12-05,29.55,12.12,47.36,0.0,0.5
1983-12-06,29.5,12.63,48.36,0.0,0.5
1983-12-07,29.89,13.66,51.06,0.0,0.5
1983-12-08,29.78,14.23,52.96,0.0,0.5
1983-12-09,29.21,14.39,53.84,0.0,0.5
1983-12-10,30.01,14.34,52.08,0.0,0.5
1983-12-11,30.18,14.04,49.52,0.0,0.5
1983-12-12,29.19,15.31,52.57,0.0,0.5
1983-12-13,30.33,16.33,48.37,0.0,0.5
1983-12-14,30.91,14.79,43.5,0.0,0.5
1983-12-15,29.67,14.65,47.34,0.0,0.5
1983-12-16,30.99,14.38,42.88,0.0,0.5
1983-12-17,30.9,14.1,36.49,0.0,0.5
1983-12-18,30.34,13.39,33.95,0.0,0.5
1983-12-19,30.34,13.83,34.36,0.0,0.5
1983-12-20,29.36,13.17,34.98,0.0,0.5
1983-12-21,29.64,12.53,32.47,0.0,0.5
1983-12-22,29.62,11.77,28.42,0.0,0.5
1983-12-23,28.84,12.06,27.48,0.0,0.5
1983-12-24,28.86,10.86,29.11,0.0,0.5
1983-12-25,28.56,11.56,31.16,0.0,0.5
1983-12-26,25.85,14.3,43.87,0.14,0.5
1983-12-27,26.94,15.96,65.0,3.4,0.5
1983-12-28,25.11,13.07,65.2,4.9,0.51
1983-12-29,26.24,10.5,56.29,0.0,0.51
1983-12-30,26.1,10.7,51.05,0.0,0.51
1983-12-31,26.69,10.74,47.99,0.0,0.5
1984-01-01,26.94,10.4,45.72,0.0,0.5
1984-01-02,27.16,10.73,43.76,0.0,0.5
1984-01-03,26.27,12.91,40.67,0.0,0.5
1984-01-04,28.91,11.42,40.36,0.0,0.5
1984-01-05,27.85,11.94,42.66,0.0,0.5
1984-01-06,28.68,12.11,44.94,0.0,0.5
1984-01-07,28.72,12.56,44.11,0.01,0.5
1984-01-08,29.26,13.53,46.38,0.0,0.5
1984-01-09,26.46,14.88,53.87,0.0,0.5
1984-01-10,26.22,14.99,49.37,0.0,0.5
1984-01-11,29.53,15.17,42.3,0.0,0.5
1984-01-12,31.43,13.54,40.92,0.0,0.5
1984-01-13,30.37,13.41,35.52,0.0,0.5
1984-01-14,29.88,13.6,33.43,0.0,0.5
1984-01-15,30.94,14.92,32.85,0.0,0.5
1984-01-16,31.68,15.75,30.53,0.01,0.5
1984-01-17,31.08,17.03,38.47,0.01,0.49
1984-01-18,26.88,15.67,50.65,0.01,0.49
1984-01-19,28.25,12.78,38.76,0.0,0.49
1984-01-20,28.24,11.78,31.91,0.0,0.49
1984-01-21,27.67,10.16,27.44,0.0,0.49
1984-01-22,27.31,10.01,27.27,0.0,0.49
1984-01-23,28.77,10.14,25.69,0.0,0.49
1984-01-24,29.19,11.62,28.99,0.0,0.49
1984-01-25,29.54,13.36,35.23,0.0,0.49
1984-01-26,29.54,12.78,35.1,0.0,0.49
1984-01-27,29.61,12.59,33.81,0.0,0.49
1984-01-28,30.23,12.22,32.14,0.0,0.49
1984-01-29,30.33,12.04,25.9,0.0,0.49
1984-01-30,30.45,13.6,27.03,0.0,0.49
1984-01-31,30.3,12.74,32.49,0.0,0.49
1984-02-01,30.34,12.35,30.64,0.0,0.49
1984-02-02,30.62,12.72,24.04,0.0,0.49
1984-02-03,31.77,12.15,19.33,0.0,0.49
1984-02-04,31.96,13.9,18.8,0.0,0.49
1984-02-05,32.38,14.81,26.66,0.0,0.49
1984-02-06,33.55,14.32,33.59,0.0,0.49
1984-02-07,32.98,16.41,31.91,0.07,0.49
1984-02-08,30.72,17.36,43.35,0.13,0.49
1984-02-09,29.07,16.68,40.77,0.03,0.49
1984-02-10,28.88,14.02,32.67,0.0,0.49
1984-02-11,30.62,12.85,28.54,0.0,0.49
1984-02-12,31.43,14.18,27.2,0.0,0.49
1984-02-13,31.52,18.42,41.31,0.06,0.49
1984-02-14,32.38,18.14,33.78,0.0,0.49
1984-02-15,33.52,19.47,31.47,0.0,0.49
1984-02-16,30.47,17.92,40.39,0.0,0.49
1984-02-17,33.67,18.2,38.01,0.0,0.49
1984-02-18,34.2,19.36,35.28,0.0,0.49
1984-02-19,35.17,17.89,33.35,0.0,0.49
1984-02-20,35.59,17.81,29.31,0.0,0.49
1984-02-21,35.67,18.04,26.42,0.0,0.49
1984-02-22,35.71,18.36,28.44,0.0,0.49
1984-02-23,34.08,17.5,29.21,0.0,0.49
1984-02-24,35.65,16.38,26.13,0.0,0.49
1984-02-25,34.7,16.85,23.14,0.0,0.49
1984-02-26,35.08,16.85,24.82,0.0,0.49
1984-02-27,34.6,17.34,24.62,0.08,0.49
1984-02-28,33.97,15.41,21.02,0.0,0.49
1984-02-29,34.86,15.44,18.78,0.0,0.49
1984-03-01,33.31,14.36,20.08,0.0,0.49
1984-03-02,33.65,15.71,21.93,0.0,0.49
1984-03-03,33.88,15.36,18.42,0.0,0.49
1984-03-04,33.65,15.37,24.09,0.0,0.49
1984-03-05,32.95,15.86,23.51,0.0,0.49
1984-03-06,33.78,15.85,20.16,0.0,0.49
1984-03-07,34.52,16.87,15.91,0.0,0.49
1984-03-08,33.84,17.07,18.18,0.0,0.49
1984-03-09,34.14,15.74,18.89,0.0,0.49
1984-03-10,35.3,15.6,15.64,0.0,0.49
1984-03-11,35.58,16.37,15.27,0.0,0.49
1984-03-12,34.39,16.78,18.81,0.0,0.49
1984-03-13,35.07,17.1,22.85,0.0,0.49
1984-03-14,35.78,18.35,26.56,0.0,0.49
1984-03-15,37.35,19.81,23.16,0.0,0.49
1984-03-16,37.43,21.18,22.42,0.0,0.49
1984-03-17,37.97,20.68,20.84,0.0,0.49
1984-03-18,37.29,18.95,20.47,0.0,0.49
1984-03-19,38.07,20.15,21.18,0.0,0.49
1984-03-20,38.68,21.1,21.74,0.0,0.49
1984-03-21,37.98,22.05,19.79,0.0,0.49
1984-03-22,37.11,20.75,21.71,0.0,0.49
1984-03-23,37.81,19.79,18.94,0.0,0.49
1984-03-24,36.99,18.48,21.21,0.45,0.49
1984-03-25,36.9,18.61,18.9,0.0,0.49
1984-03-26,37.86,19.26,18.31,0.0,0.49
1984-03-27,37.44,22.01,22.92,0.0,0.49
1984-03-28,39.06,22.35,19.87,0.0,0.49
1984-03-29,37.93,22.52,23.31,0.0,0.49
1984-03-30,39.15,21.84,25.33,0.0,0.49
1984-03-31,38.74,22.18,28.64,0.0,0.49
1984-04-01,38.89,22.4,31.44,0.0,0.49
1984-04-02,39.93,23.32,25.34,0.0,0.49
1984-04-03,40.41,23.16,29.68,0.0,0.49
1984-04-04,39.3,23.01,35.47,0.0,0.49
1984-04-05,39.84,26.34,34.06,0.0,0.49
1984-04-06,39.65,24.84,34.7,0.0,0.49
1984-04-07,39.38,24.9,31.93,0.0,0.49
1984-04-08,38.22,25.04,35.84,0.0,0.49
1984-04-09,39.05,25.5,34.86,0.0,0.49
1984-04-10,38.24,27.29,32.21,0.0,0.49
1984-04-11,39.32,26.21,29.43,0.0,0.49
1984-04-12,40.2,26.4,24.31,0.0,0.49
1984-04-13,37.41,27.02,24.92,0.03,0.49
1984-04-14,39.1,24.14,25.48,0.0,0.49
1984-04-15,39.0,24.51,26.94,0.0,0.49
1984-04-16,39.6,23.54,26.14,0.0,0.49
1984-04-17,39.93,23.73,28.9,0.0,0.49
1984-04-18,40.64,25.8,32.57,0.0,0.49
1984-04-19,40.6,25.58,34.17,0.0,0.49
1984-04-20,38.7,26.34,35.57,0.0,0.49
1984-04-21,40.73,25.7,33.41,0.02,0.49
1984-04-22,38.62,27.47,30.82,0.12,0.49
1984-04-23,35.93,27.42,45.94,0.27,0.49
1984-04-24,30.77,25.28,60.32,0.23,0.49
1984-04-25,33.55,23.94,57.98,1.2,0.49
1984-04-26,32.97,23.34,59.79,3.84,0.5
1984-04-27,34.24,24.17,54.93,0.0,0.5
1984-04-28,32.19,24.72,49.11,0.0,0.5
1984-04-29,37.68,23.94,42.0,0.29,0.5
1984-04-30,38.9,25.79,37.46,0.0,0.49
1984-05-01,39.44,27.11,35.2,0.04,0.49
1984-05-02,38.92,25.49,36.98,0.0,0.49
1984-05-03,38.9,26.43,33.45,0.0,0.49
1984-05-04,39.83,25.0,32.06,0.0,0.49
1984-05-05,40.35,25.82,28.46,0.0,0.49
1984-05-06,40.03,25.42,30.44,0.02,0.49
1984-05-07,38.42,26.11,36.67,0.06,0.49
1984-05-08,37.1,25.78,37.24,0.03,0.49
1984-05-09,38.32,26.17,35.67,0.0,0.49
1984-05-10,38.69,26.03,38.18,0.31,0.49
1984-05-11,37.05,25.68,43.96,0.13,0.49
1984-05-12,36.1,26.17,45.04,0.16,0.49
1984-05-13,38.44,25.59,43.89,0.86,0.49
1984-05-14,38.25,24.96,43.96,0.22,0.49
1984-05-15,39.52,26.06,38.94,0.08,0.49
1984-05-16,38.58,26.17,42.9,5.31,0.5
1984-05-17,36.39,26.47,43.68,0.34,0.5
1984-05-18,39.52,25.5,40.3,0.04,0.5
1984-05-19,40.43,26.01,42.7,0.57,0.5
1984-05-20,39.29,26.63,42.65,0.0,0.5
1984-05-21,39.07,27.12,40.97,0.0,0.49
1984-05-22,38.87,27.08,44.51,0.19,0.49
1984-05-23,37.93,26.04,45.38,0.01,0.49
1984-05-24,39.53,26.73,40.25,0.0,0.49
1984-05-25,39.57,26.55,40.64,0.05,0.49
1984-05-26,39.69,27.83,40.44,0.0,0.49
1984-05-27,38.33,27.84,41.52,0.0,0.49
1984-05-28,38.73,27.2,41.92,0.0,0.49
1984-05-29,38.75,26.66,45.69,0.11,0.49
1984-05-30,36.73,26.71,54.81,5.87,0.49
1984-05-31,33.19,24.91,69.39,6.93,0.51
1984-06-01,31.46,24.87,80.31,13.1,0.52
1984-06-02,28.84,23.64,83.65,14.89,0.54
1984-06-03,30.04,23.54,83.14,34.85,0.6
1984-06-04,31.57,24.34,75.41,0.58,0.6
1984-06-05,30.24,24.22,80.26,5.32,0.59
1984-06-06,30.82,23.99,78.9,0.16,0.58
1984-06-07,35.31,23.49,67.69,2.06,0.57
1984-06-08,32.91,24.96,70.51,0.6,0.56
1984-06-09,33.82,24.58,67.04,0.01,0.55
1984-06-10,32.52,24.99,68.66,0.01,0.54
1984-06-11,35.04,25.18,62.6,0.61,0.54
1984-06-12,32.71,25.18,69.25,0.19,0.53
1984-06-13,33.21,24.7,67.12,0.04,0.53
1984-06-14,36.42,24.31,61.18,0.1,0.52
1984-06-15,36.58,24.93,59.88,0.13,0.52
1984-06-16,35.63,24.87,64.45,2.34,0.52
1984-06-17,34.4,23.03,66.88,4.04,0.52
1984-06-18,34.47,23.95,68.13,2.42,0.52
1984-06-19,32.14,24.24,72.26,1.69,0.52
1984-06-20,35.69,24.59,65.85,0.04,0.52
1984-06-21,35.8,24.46,63.86,0.56,0.51
1984-06-22,34.38,23.46,66.47,2.46,0.51
1984-06-23,33.94,23.76,67.78,3.16,0.51
1984-06-24,33.29,23.4,67.76,0.02,0.52
1984-06-25,36.57,24.27,59.93,0.02,0.51
1984-06-26,36.55,24.63,58.35,0.22,0.51
1984-06-27,30.29,24.98,72.48,2.4,0.51
1984-06-28,30.17,23.89,72.73,0.22,0.51
1984-06-29,35.77,23.04,61.21,0.01,0.51
1984-06-30,34.57,24.67,61.05,0.05,0.51
1984-07-01,35.55,24.41,60.0,0.04,0.51
1984-07-02,36.47,24.51,57.8,0.04,0.5
1984-07-03,34.3,24.66,63.77,0.92,0.5
1984-07-04,34.0,24.48,62.3,0.01,0.5
1984-07-05,36.06,24.75,58.16,0.13,0.5
1984-07-06,34.43,24.65,58.32,0.85,0.5
1984-07-07,38.26,24.99,50.78,0.04,0.5
1984-07-08,35.12,25.36,54.38,0.06,0.5
1984-07-09,35.9,25.26,54.75,0.21,0.5
1984-07-10,31.14,24.77,66.01,0.4,0.5
1984-07-11,31.42,24.06,69.19,0.35,0.5
1984-07-12,32.3,24.03,68.4,2.79,0.5
1984-07-13,30.02,23.29,71.51,0.76,0.5
1984-07-14,33.34,24.0,69.67,0.6,0.5
1984-07-15,30.6,24.38,69.32,0.02,0.5
1984-07-16,33.56,24.18,57.41,0.38,0.5
1984-07-17,35.06,23.7,62.33,0.69,0.5
1984-07-18,36.77,23.63,56.4,0.0,0.5
1984-07-19,35.44,24.73,55.13,0.04,0.5
1984-07-20,36.0,25.75,54.25,0.11,0.5
1984-07-21,34.95,25.9,55.31,0.27,0.5
1984-07-22,35.36,24.75,57.32,0.23,0.5
1984-07-23,35.5,24.37,54.08,0.05,0.5
1984-07-24,35.91,24.82,52.93,0.0,0.5
1984-07-25,37.09,24.66,53.58,0.0,0.5
1984-07-26,35.31,24.49,55.13,0.02,0.5
1984-07-27,33.69,25.38,59.74,0.09,0.5
1984-07-28,34.42,24.67,63.38,2.37,0.5
1984-07-29,33.46,23.5,71.28,16.92,0.52
1984-07-30,32.51,23.59,69.17,1.08,0.53
1984-07-31,35.56,23.8,60.19,0.03,0.52
1984-08-01,33.96,23.2,62.66,0.08,0.52
1984-08-02,35.65,23.27,61.08,0.13,0.51
1984-08-03,34.42,23.21,64.63,0.82,0.51
1984-08-04,32.49,24.75,65.98,0.01,0.51
1984-08-05,34.8,25.12,63.67,0.07,0.51
1984-08-06,33.4,24.89,68.02,1.15,0.51
1984-08-07,34.56,25.08,63.98,0.07,0.51
1984-08-08,35.79,24.24,58.86,0.03,0.5
1984-08-09,37.58,24.31,55.0,0.11,0.5
1984-08-10,36.03,24.42,58.03,0.75,0.5
1984-08-11,31.93,25.14,63.58,0.06,0.5
1984-08-12,37.38,24.96,57.8,1.02,0.5
1984-08-13,30.96,25.1,74.82,7.24,0.51
1984-08-14,30.21,24.49,79.99,9.24,0.53
1984-08-15,32.21,24.02,74.22,0.4,0.53
1984-08-16,30.83,23.46,75.35,1.16,0.52
1984-08-17,31.1,22.93,73.92,0.59,0.52
1984-08-18,36.23,23.42,61.98,0.07,0.52
1984-08-19,36.06,24.59,62.39,0.03,0.51
1984-08-20,28.97,24.84,77.85,4.22,0.51
1984-08-21,30.53,23.57,83.09,56.22,0.58
1984-08-22,30.42,23.71,81.95,5.31,0.61
1984-08-23,29.96,23.95,81.02,0.66,0.59
1984-08-24,30.99,23.39,81.53,5.78,0.58
1984-08-25,30.55,23.23,82.02,4.21,0.58
1984-08-26,30.4,23.36,77.0,0.06,0.57
1984-08-27,29.21,22.92,79.61,1.58,0.56
1984-08-28,32.27,22.81,79.25,9.97,0.57
1984-08-29,33.41,22.92,74.11,0.56,0.56
1984-08-30,34.22,23.33,70.08,0.0,0.55
1984-08-31,33.09,24.11,70.7,0.22,0.55
1984-09-01,31.09,24.12,77.41,0.89,0.54
1984-09-02,28.66,23.15,83.82,2.6,0.54
1984-09-03,27.51,22.83,87.3,5.04,0.55
1984-09-04,30.72,22.42,78.21,0.4,0.55
1984-09-05,34.03,22.01,66.84,0.01,0.54
1984-09-06,34.91,22.42,66.0,0.05,0.54
1984-09-07,34.41,23.47,67.17,0.01,0.53
1984-09-08,31.44,23.85,72.11,0.55,0.53
1984-09-09,34.87,23.09,67.88,0.41,0.53
1984-09-10,33.05,23.59,74.29,2.78,0.53
1984-09-11,34.68,23.14,66.93,0.0,0.53
1984-09-12,34.35,22.78,62.52,0.03,0.52
1984-09-13,32.28,23.38,67.43,0.07,0.52
1984-09-14,34.61,23.31,60.88,0.05,0.52
1984-09-15,35.14,23.12,60.32,0.0,0.52
1984-09-16,32.51,23.21,64.08,0.03,0.52
1984-09-17,33.65,23.04,63.79,0.14,0.51
1984-09-18,33.52,23.17,65.28,0.38,0.51
1984-09-19,32.8,23.66,66.68,0.01,0.51
1984-09-20,30.12,23.55,67.95,0.03,0.51
1984-09-21,34.47,23.14,60.18,0.05,0.51
1984-09-22,33.54,24.16,63.65,0.6,0.51
1984-09-23,33.26,23.42,63.91,1.31,0.51
1984-09-24,35.26,23.3,58.0,0.0,0.51
1984-09-25,36.37,24.19,56.87,0.02,0.51
1984-09-26,35.56,24.61,58.1,0.0,0.51
1984-09-27,36.76,24.75,53.74,0.0,0.51
1984-09-28,38.22,24.87,50.24,0.0,0.51
1984-09-29,37.82,26.29,51.28,0.46,0.5
1984-09-30,36.9,26.51,54.14,0.01,0.5
1984-10-01,35.12,25.41,60.12,0.26,0.5
1984-10-02,30.86,24.59,75.02,6.59,0.51
1984-10-03,28.03,23.46,87.86,30.78,0.55
1984-10-04,30.53,23.54,79.64,0.04,0.57
1984-10-05,32.3,23.27,72.27,2.91,0.56
1984-10-06,34.13,23.06,66.88,0.01,0.55
1984-10-07,34.1,22.75,65.3,0.0,0.54
1984-10-08,32.97,23.35,69.43,0.02,0.54
1984-10-09,33.99,22.83,67.17,0.1,0.53
1984-10-10,34.89,22.77,64.94,0.01,0.53
1984-10-11,33.63,23.21,67.19,0.31,0.53
1984-10-12,32.08,23.33,76.23,4.63,0.53
1984-10-13,30.65,23.53,76.79,0.18,0.53
1984-10-14,32.33,22.77,69.9,0.2,0.53
1984-10-15,33.7,22.32,65.68,0.38,0.52
1984-10-16,33.47,23.33,67.77,2.16,0.52
1984-10-17,34.79,22.99,66.44,0.63,0.52
1984-10-18,32.18,23.95,69.65,0.5,0.52
1984-10-19,30.24,23.26,75.89,0.95,0.52
1984-10-20,31.75,22.21,74.8,2.05,0.52
1984-10-21,27.27,22.34,83.61,4.92,0.53
1984-10-22,32.46,21.29,69.73,0.27,0.53
1984-10-23,33.86,20.53,61.0,0.21,0.52
1984-10-24,34.73,18.82,54.93,0.0,0.52
1984-10-25,34.83,18.97,53.22,0.0,0.52
1984-10-26,34.59,18.95,51.7,0.0,0.51
1984-10-27,34.74,19.09,51.38,0.0,0.51
1984-10-28,32.77,20.6,53.44,0.0,0.51
1984-10-29,31.1,21.06,55.21,0.0,0.51
1984-10-30,31.9,21.06,55.78,0.0,0.51
1984-10-31,33.15,21.15,53.03,0.0,0.51
1984-11-01,32.27,21.66,55.97,0.0,0.51
1984-11-02,34.24,22.28,52.83,0.0,0.51
1984-11-03,34.79,21.24,47.43,0.02,0.51
1984-11-04,34.45,20.95,47.96,0.0,0.5
1984-11-05,34.14,23.26,51.6,0.0,0.5
1984-11-06,33.86,23.3,54.23,0.0,0.5
1984-11-07,34.93,22.4,51.51,0.01,0.5
1984-11-08,35.03,22.69,45.05,0.02,0.5
1984-11-09,34.13,20.89,44.73,0.0,0.5
1984-11-10,34.17,20.37,40.06,0.0,0.5
1984-11-11,33.05,18.23,39.01,0.0,0.5
1984-11-12,33.58,17.24,37.06,0.0,0.5
1984-11-13,32.86,17.38,40.2,0.0,0.5
1984-11-14,33.04,16.71,37.42,0.0,0.5
1984-11-15,33.18,16.93,40.07,0.0,0.5
1984-11-16,33.09,18.7,44.17,0.0,0.5
1984-11-17,33.78,17.75,39.62,0.0,0.5
1984-11-18,32.63,17.06,36.57,0.0,0.5
1984-11-19,33.45,16.16,34.85,0.0,0.5
1984-11-20,32.78,16.82,39.13,0.0,0.5
1984-11-21,32.21,17.7,37.71,0.0,0.5
1984-11-22,31.26,17.1,44.88,0.0,0.5
1984-11-23,32.05,17.56,44.9,0.0,0.5
1984-11-24,31.83,17.32,43.11,0.0,0.5
1984-11-25,32.18,18.09,43.3,0.0,0.5
1984-11-26,31.13,18.91,44.84,0.0,0.5
1984-11-27,30.4,19.95,48.23,0.0,0.5
1984-11-28,31.29,17.99,46.17,0.0,0.5
1984-11-29,31.15,18.79,44.98,0.04,0.5
1984-11-30,30.69,19.57,50.48,0.0,0.5
1984-12-01,31.71,20.39,50.48,0.0,0.5
1984-12-02,31.62,17.56,48.18,0.0,0.5
1984-12-03,31.55,16.68,44.08,0.0,0.5
1984-12-04,31.44,16.51,44.02,0.0,0.5
1984-12-05,31.36,16.4,46.01,0.0,0.5
1984-12-06,30.88,16.99,42.54,0.0,0.5
1984-12-07,30.06,17.36,48.19,0.0,0.5
1984-12-08,29.18,15.4,43.0,0.0,0.5
1984-12-09,29.47,13.26,38.36,0.0,0.5
1984-12-10,29.36,13.0,34.35,0.0,0.5
1984-12-11,29.94,13.19,33.86,0.0,0.5
1984-12-12,29.56,14.14,40.34,0.0,0.5
1984-12-13,29.46,14.88,41.88,0.0,0.5
1984-12-14,29.64,15.43,44.75,0.0,0.5
1984-12-15,29.37,14.89,45.5,0.0,0.5
1984-12-16,29.49,14.35,45.36,0.0,0.5
1984-12-17,29.22,14.25,40.91,0.0,0.5
1984-12-18,29.19,12.74,36.17,0.0,0.5
1984-12-19,28.77,12.19,32.46,0.0,0.5
1984-12-20,28.95,11.47,30.17,0.0,0.5
1984-12-21,29.27,11.33,26.65,0.0,0.5
1984-12-22,30.23,11.21,23.68,0.0,0.5
1984-12-23,28.24,14.53,35.02,0.0,0.5
1984-12-24,22.68,16.64,74.65,0.0,0.5
1984-12-25,27.09,17.08,69.75,0.0,0.5
1984-12-26,29.96,18.42,62.3,0.0,0.5
1984-12-27,25.74,19.96,60.88,0.0,0.5
1984-12-28,27.27,18.57,63.4,0.0,0.5
1984-12-29,29.73,18.27,51.43,0.16,0.5
1984-12-30,30.4,18.73,46.15,0.0,0.5
1984-12-31,29.89,15.93,48.5,0.0,0.5
1985-01-01,30.8,16.61,44.92,0.0,0.5
1985-01-02,30.24,16.01,44.18,0.29,0.5
1985-01-03,28.56,17.11,48.37,0.15,0.5
1985-01-04,29.36,15.74,48.17,0.0,0.5
1985-01-05,29.1,14.1,43.25,0.0,0.5
1985-01-06,29.42,14.55,39.16,0.0,0.5
1985-01-07,29.58,14.8,37.07,0.0,0.5
1985-01-08,29.06,15.49,36.91,0.0,0.5
1985-01-09,30.52,14.88,37.43,0.0,0.5
1985-01-10,30.06,15.35,37.9,0.0,0.49
1985-01-11,28.93,15.2,36.14,0.0,0.49
1985-01-12,28.95,13.41,32.01,0.0,0.49
1985-01-13,28.81,13.98,31.22,0.0,0.49
1985-01-14,29.03,14.29,28.58,0.0,0.49
1985-01-15,28.51,12.97,26.97,0.0,0.49
1985-01-16,27.78,10.43,26.03,0.01,0.49
1985-01-17,28.22,10.56,29.07,0.0,0.49
1985-01-18,29.59,10.53,29.06,0.0,0.49
1985-01-19,29.39,11.24,27.52,0.0,0.49
1985-01-20,29.45,12.52,26.87,0.0,0.49
1985-01-21,29.59,12.15,26.96,0.0,0.49
1985-01-22,30.47,12.37,25.5,0.0,0.49
1985-01-23,30.22,12.14,24.34,0.0,0.49
1985-01-24,30.86,12.19,28.37,0.0,0.49
1985-01-25,30.14,12.14,28.66,0.0,0.49
1985-01-26,30.92,12.0,24.17,0.0,0.49
1985-01-27,31.31,12.3,22.93,0.0,0.49
1985-01-28,30.02,14.25,28.66,0.0,0.49
1985-01-29,32.04,14.83,34.13,0.0,0.49
1985-01-30,32.36,14.42,27.51,0.0,0.49
1985-01-31,32.75,14.57,25.56,0.0,0.49
1985-02-01,32.11,14.47,26.79,0.02,0.49
1985-02-02,30.44,15.72,27.52,0.08,0.49
1985-02-03,29.85,15.0,37.54,0.0,0.49
1985-02-04,28.69,14.05,35.74,0.0,0.49
1985-02-05,28.52,13.22,32.22,0.0,0.49
1985-02-06,31.11,14.1,33.3,0.0,0.49
1985-02-07,30.03,15.63,40.33,0.0,0.49
1985-02-08,28.59,14.1,25.6,0.0,0.49
1985-02-09,29.34,10.12,17.76,0.0,0.49
1985-02-10,28.95,10.29,17.74,0.0,0.49
1985-02-11,29.97,10.06,17.93,0.0,0.49
1985-02-12,29.79,10.74,17.68,0.0,0.49
1985-02-13,31.34,10.96,17.07,0.0,0.49
1985-02-14,30.98,12.42,15.88,0.0,0.49
1985-02-15,32.82,13.74,15.58,0.04,0.49
1985-02-16,29.73,17.76,30.41,0.0,0.49
1985-02-17,29.9,17.67,46.5,0.0,0.49
1985-02-18,31.02,14.22,32.63,0.0,0.49
1985-02-19,31.62,13.95,25.24,0.0,0.49
1985-02-20,32.16,13.13,20.97,0.0,0.49
1985-02-21,32.3,13.72,19.69,0.0,0.49
1985-02-22,33.76,13.77,18.72,0.0,0.49
1985-02-23,33.61,14.44,20.39,0.0,0.49
1985-02-24,32.97,14.97,23.58,0.0,0.49
1985-02-25,32.35,14.28,21.09,0.0,0.49
1985-02-26,33.11,14.16,23.77,0.0,0.49
1985-02-27,33.63,14.55,22.12,0.0,0.49
1985-02-28,33.24,14.45,19.59,0.0,0.49
1985-03-01,31.78,15.07,25.29,0.0,0.49
1985-03-02,32.74,15.69,37.6,0.0,0.49
1985-03-03,34.08,17.0,37.41,0.0,0.49
1985-03-04,34.59,17.4,37.26,0.0,0.49
1985-03-05,34.93,18.42,31.31,0.0,0.49
1985-03-06,35.64,19.47,31.46,0.0,0.49
1985-03-07,36.23,18.77,30.73,0.0,0.49
1985-03-08,38.04,18.96,27.78,0.0,0.49
1985-03-09,37.81,19.6,23.51,0.0,0.49
1985-03-10,37.2,19.26,27.51,0.0,0.49
1985-03-11,37.65,20.04,23.08,0.0,0.49
1985-03-12,37.0,19.9,18.76,0.0,0.49
1985-03-13,36.45,18.36,25.64,0.0,0.49
1985-03-14,38.87,20.31,23.62,0.0,0.49
1985-03-15,37.55,21.28,28.06,0.0,0.49
1985-03-16,37.89,20.47,33.5,0.0,0.49
1985-03-17,36.93,20.29,35.04,0.0,0.49
1985-03-18,37.47,20.43,31.87,0.0,0.49
1985-03-19,36.56,22.25,37.63,0.01,0.49
1985-03-20,36.31,21.45,40.76,0.07,0.49
1985-03-21,35.8,22.87,40.25,0.0,0.49
1985-03-22,37.43,21.36,30.39,0.0,0.49
1985-03-23,36.75,21.48,25.5,0.0,0.49
1985-03-24,36.57,21.22,31.51,0.0,0.49
1985-03-25,32.76,22.26,35.31,0.34,0.49
1985-03-26,35.78,21.0,33.41,0.0,0.49
1985-03-27,36.22,21.27,29.75,0.0,0.49
1985-03-28,37.76,23.31,29.29,0.0,0.49
1985-03-29,38.45,23.8,29.2,0.0,0.49
1985-03-30,35.86,23.44,33.9,0.0,0.49
1985-03-31,38.7,23.9,32.12,0.0,0.49
1985-04-01,38.27,25.74,35.8,0.0,0.49
1985-04-02,36.71,24.15,36.59,0.01,0.49
1985-04-03,37.16,25.75,29.54,0.0,0.49
1985-04-04,39.46,25.34,25.74,0.0,0.49
1985-04-05,37.73,24.54,32.56,0.0,0.49
1985-04-06,38.4,26.91,29.51,0.0,0.49
1985-04-07,36.8,26.45,31.79,0.0,0.49
1985-04-08,35.36,23.2,36.83,0.49,0.49
1985-04-09,38.0,22.43,35.93,0.01,0.49
1985-04-10,38.72,24.5,34.8,0.0,0.49
1985-04-11,38.16,24.53,44.76,0.01,0.49
1985-04-12,37.81,24.76,42.87,0.0,0.49
1985-04-13,39.79,26.58,38.13,0.0,0.49
1985-04-14,39.83,24.58,37.29,0.0,0.49
1985-04-15,40.64,24.21,32.17,0.0,0.49
1985-04-16,39.78,25.46,33.11,0.08,0.49
1985-04-17,38.23,25.55,36.66,0.19,0.49
1985-04-18,37.95,25.89,36.57,0.03,0.49
1985-04-19,35.66,26.23,35.3,0.0,0.49
1985-04-20,38.89,24.25,34.06,0.0,0.49
1985-04-21,40.07,27.46,31.82,0.0,0.49
1985-04-22,39.49,27.54,34.99,0.03,0.49
1985-04-23,40.16,25.26,36.6,0.18,0.49
1985-04-24,40.15,24.48,41.03,0.63,0.49
1985-04-25,40.89,26.15,39.12,0.03,0.49
1985-04-26,38.07,26.76,42.57,0.01,0.49
1985-04-27,35.22,27.26,44.23,0.66,0.49
1985-04-28,33.31,24.96,45.89,2.43,0.49
1985-04-29,36.03,25.31,38.58,0.02,0.49
1985-04-30,36.09,24.04,39.74,0.46,0.49
1985-05-01,34.86,23.77,44.65,0.01,0.49
1985-05-02,35.43,24.59,44.5,0.03,0.49
1985-05-03,37.97,24.3,44.42,0.12,0.49
1985-05-04,37.96,24.42,44.18,0.0,0.49
1985-05-05,38.32,25.04,41.98,0.0,0.49
1985-05-06,36.68,25.83,41.9,3.73,0.5
1985-05-07,39.55,24.19,34.78,0.0,0.5
1985-05-08,40.42,25.16,31.02,0.0,0.5
1985-05-09,36.39,27.54,38.53,0.0,0.49
1985-05-10,38.92,26.56,37.64,0.0,0.49
1985-05-11,39.03,27.51,34.3,0.0,0.49
1985-05-12,39.41,26.53,36.19,0.0,0.49
1985-05-13,38.94,26.2,36.42,0.0,0.49
1985-05-14,39.68,27.11,35.84,0.16,0.49
1985-05-15,40.54,27.6,37.28,0.01,0.49
1985-05-16,40.5,26.88,37.49,0.01,0.49
1985-05-17,36.42,27.97,46.77,0.0,0.49
1985-05-18,33.6,27.24,51.58,0.02,0.49
1985-05-19,31.11,24.94,64.39,0.46,0.49
1985-05-20,33.95,24.98,64.03,15.26,0.51
1985-05-21,32.74,24.3,66.93,1.01,0.52
1985-05-22,34.25,24.58,64.38,0.91,0.51
1985-05-23,32.89,24.43,68.03,2.85,0.51
1985-05-24,28.92,24.0,80.25,31.07,0.54
1985-05-25,32.39,23.85,72.26,12.68,0.58
1985-05-26,31.96,23.31,74.79,7.7,0.58
1985-05-27,33.27,23.9,73.97,0.83,0.57
1985-05-28,31.28,24.2,79.68,11.66,0.57
1985-05-29,33.55,23.75,72.4,0.07,0.57
1985-05-30,32.63,24.34,70.25,0.02,0.55
1985-05-31,32.06,24.55,71.91,0.12,0.55
1985-06-01,30.89,24.1,73.86,0.18,0.54
1985-06-02,32.16,23.88,70.5,0.19,0.54
1985-06-03,32.0,24.08,73.99,0.84,0.53
1985-06-04,32.9,24.14,72.74,1.7,0.53
1985-06-05,34.17,23.58,68.34,4.59,0.53
1985-06-06,33.1,23.1,68.04,3.11,0.53
1985-06-07,30.76,24.25,72.13,3.03,0.53
1985-06-08,32.9,23.16,72.22,1.91,0.53
1985-06-09,35.03,23.53,65.9,0.38,0.53
1985-06-10,35.74,23.56,61.32,0.25,0.52
1985-06-11,35.52,23.95,63.26,1.71,0.52
1985-06-12,35.96,25.01,60.5,0.0,0.52
1985-06-13,35.38,24.72,59.86,0.18,0.51
1985-06-14,35.42,25.18,62.14,1.23,0.51
1985-06-15,34.07,22.98,65.09,6.02,0.52
1985-06-16,33.47,23.25,69.49,3.49,0.52
1985-06-17,34.18,23.81,69.8,6.85,0.53
1985-06-18,34.13,23.68,69.03,0.06,0.53
1985-06-19,32.44,24.47,76.59,12.61,0.53
1985-06-20,32.94,23.69,71.36,0.0,0.54
1985-06-21,32.19,24.83,72.12,0.04,0.54
1985-06-22,32.56,24.85,69.63,0.17,0.53
1985-06-23,34.04,24.14,70.9,2.96,0.53
1985-06-24,34.93,24.24,66.9,0.14,0.53
1985-06-25,31.33,25.02,71.96,0.03,0.52
1985-06-26,30.99,24.18,73.08,0.01,0.52
1985-06-27,31.84,24.02,69.69,0.05,0.52
1985-06-28,33.36,24.06,68.37,0.02,0.52
1985-06-29,33.85,24.9,67.39,0.02,0.51
1985-06-30,35.3,23.61,63.63,0.01,0.51
1985-07-01,35.84,24.51,64.78,0.2,0.51
1985-07-02,35.54,23.64,61.03,0.52,0.51
1985-07-03,35.59,24.95,59.47,0.12,0.51
1985-07-04,34.01,24.37,61.6,0.12,0.51
1985-07-05,34.0,24.28,63.88,0.04,0.5
1985-07-06,32.84,24.27,63.89,0.06,0.5
1985-07-07,29.96,23.76,70.61,1.33,0.51
1985-07-08,33.48,23.35,68.46,0.44,0.51
1985-07-09,32.62,23.75,66.68,0.65,0.51
1985-07-10,33.5,23.45,63.06,0.67,0.51
1985-07-11,34.29,23.22,61.23,0.91,0.5
1985-07-12,30.24,23.83,66.45,0.04,0.5
1985-07-13,33.86,23.39,63.12,0.02,0.5
1985-07-14,34.5,23.31,59.65,0.08,0.5
1985-07-15,34.89,23.83,58.07,0.01,0.5
1985-07-16,35.89,23.85,53.61,0.05,0.5
1985-07-17,35.91,23.17,59.84,5.4,0.51
1985-07-18,34.75,23.86,59.62,0.21,0.51
1985-07-19,33.47,23.61,71.71,12.79,0.52
1985-07-20,32.2,23.39,71.75,0.62,0.53
1985-07-21,28.54,23.43,76.8,0.06,0.52
1985-07-22,31.85,22.81,70.04,0.3,0.52
1985-07-23,31.57,23.46,75.54,3.13,0.52
1985-07-24,30.76,23.11,69.64,0.04,0.52
1985-07-25,33.2,21.97,65.72,1.32,0.52
1985-07-26,34.66,22.31,67.0,5.78,0.52
1985-07-27,33.06,23.55,68.07,0.53,0.52
1985-07-28,34.03,23.41,70.31,1.64,0.52
1985-07-29,32.14,23.77,76.25,3.12,0.52
1985-07-30,31.02,23.5,75.21,0.17,0.52
1985-07-31,34.06,22.98,67.83,1.36,0.52
1985-08-01,35.42,22.89,63.2,0.43,0.51
1985-08-02,32.81,24.21,64.32,0.06,0.51
1985-08-03,35.63,23.74,60.32,0.07,0.51
1985-08-04,31.93,24.65,66.76,0.28,0.51
1985-08-05,34.04,24.27,64.72,0.05,0.51
1985-08-06,32.83,24.28,67.65,1.08,0.51
1985-08-07,35.59,23.61,64.3,2.4,0.51
1985-08-08,34.75,23.98,60.62,0.0,0.51
1985-08-09,32.25,24.77,64.11,0.12,0.51
1985-08-10,35.45,24.21,65.36,4.7,0.51
1985-08-11,36.76,23.87,59.55,0.01,0.51
1985-08-12,34.78,25.4,61.71,0.12,0.51
1985-08-13,33.88,25.17,64.37,0.19,0.51
1985-08-14,34.35,24.86,59.98,0.01,0.5
1985-08-15,33.7,24.96,63.1,0.04,0.5
1985-08-16,33.44,25.07,67.59,0.08,0.5
1985-08-17,31.07,23.13,69.17,0.92,0.5
1985-08-18,33.68,24.02,63.02,0.37,0.5
1985-08-19,34.22,23.15,65.5,1.42,0.5
1985-08-20,32.38,24.4,66.99,0.02,0.5
1985-08-21,33.07,24.14,61.62,0.05,0.5
1985-08-22,35.23,23.37,59.2,0.28,0.5
1985-08-23,34.78,24.29,59.02,0.13,0.5
1985-08-24,33.45,24.77,58.95,0.47,0.5
1985-08-25,35.87,25.11,59.66,0.0,0.5
1985-08-26,36.41,24.61,58.3,0.02,0.5
1985-08-27,35.94,25.5,55.0,0.02,0.5
1985-08-28,35.19,25.14,58.75,0.01,0.5
1985-08-29,33.75,24.44,60.73,0.04,0.5
1985-08-30,33.98,24.64,60.72,0.04,0.5
1985-08-31,33.18,24.04,59.54,0.0,0.5
1985-09-01,34.61,23.98,56.17,0.01,0.5
1985-09-02,36.23,24.29,56.08,0.01,0.5
1985-09-03,37.18,23.83,53.26,0.2,0.5
1985-09-04,36.34,24.4,53.51,0.05,0.5
1985-09-05,33.95,25.04,57.57,1.91,0.5
1985-09-06,36.71,24.32,56.56,0.42,0.5
1985-09-07,34.47,25.58,59.65,0.21,0.5
1985-09-08,33.75,24.99,60.94,0.49,0.5
1985-09-09,32.12,24.97,65.28,1.16,0.5
1985-09-10,33.12,24.02,67.42,0.95,0.5
1985-09-11,36.02,23.14,62.46,2.96,0.5
1985-09-12,33.6,23.72,69.71,3.07,0.51
1985-09-13,33.5,22.71,70.07,2.53,0.51
1985-09-14,33.66,23.64,64.44,0.05,0.51
1985-09-15,35.46,23.28,57.13,0.02,0.5
1985-09-16,36.53,24.2,52.37,1.21,0.5
1985-09-17,36.43,24.19,62.22,8.44,0.51
1985-09-18,38.45,23.01,55.63,0.0,0.51
1985-09-19,38.92,24.5,50.78,0.0,0.51
1985-09-20,34.65,24.42,60.54,0.0,0.51
1985-09-21,34.91,24.82,57.41,0.0,0.5
1985-09-22,35.28,24.8,55.97,0.0,0.5
1985-09-23,36.8,24.59,50.92,0.01,0.5
1985-09-24,34.49,24.6,60.66,1.31,0.5
1985-09-25,33.85,23.19,68.83,8.9,0.51
1985-09-26,33.69,24.13,64.68,0.01,0.51
1985-09-27,35.61,23.46,58.34,0.14,0.51
1985-09-28,34.07,24.37,59.89,0.05,0.51
1985-09-29,37.28,24.59,53.66,0.1,0.51
1985-09-30,37.12,25.29,51.04,0.03,0.5
1985-10-01,36.67,25.56,52.53,0.04,0.5
1985-10-02,32.34,25.51,58.42,0.6,0.5
1985-10-03,32.64,23.93,55.39,0.47,0.5
1985-10-04,37.37,21.66,45.33,0.0,0.5
1985-10-05,37.68,21.33,38.69,0.0,0.5
1985-10-06,37.71,20.23,36.05,0.0,0.5
1985-10-07,36.59,21.96,44.36,0.0,0.5
1985-10-08,35.58,25.42,48.89,0.0,0.5
1985-10-09,35.98,25.32,52.02,0.0,0.5
1985-10-10,36.82,25.53,49.21,0.0,0.5
1985-10-11,37.62,25.34,46.16,0.0,0.5
1985-10-12,39.58,25.75,42.24,0.0,0.5
1985-10-13,38.48,26.31,43.52,0.0,0.49
1985-10-14,38.33,25.63,44.17,0.03,0.49
1985-10-15,37.58,25.75,47.65,0.06,0.49
1985-10-16,36.33,25.08,54.03,0.31,0.49
1985-10-17,36.48,25.82,51.26,1.15,0.49
1985-10-18,34.2,24.49,62.48,2.47,0.5
1985-10-19,34.56,22.7,60.01,0.88,0.5
1985-10-20,34.66,23.24,53.46,0.02,0.5
1985-10-21,35.13,23.25,56.62,4.47,0.5
1985-10-22,34.93,22.92,53.2,0.0,0.5
1985-10-23,34.89,21.67,49.21,0.0,0.5
1985-10-24,33.28,22.58,52.85,0.02,0.5
1985-10-25,32.69,23.36,56.08,0.01,0.5
1985-10-26,33.34,23.34,56.46,0.03,0.5
1985-10-27,34.01,23.46,56.7,0.0,0.5
1985-10-28,35.03,22.19,45.93,0.05,0.5
1985-10-29,34.76,20.68,45.14,0.16,0.5
1985-10-30,35.23,21.0,38.59,0.06,0.5
1985-10-31,34.72,22.02,41.37,0.0,0.5
1985-11-01,34.84,21.88,46.91,0.01,0.5
1985-11-02,31.96,22.59,53.09,0.0,0.5
1985-11-03,34.48,20.8,45.3,0.0,0.49
1985-11-04,34.62,21.35,39.17,0.0,0.49
1985-11-05,33.58,20.29,39.55,0.01,0.49
1985-11-06,32.18,22.19,41.26,0.05,0.49
1985-11-07,33.91,19.29,36.69,0.0,0.49
1985-11-08,33.86,17.71,33.52,0.0,0.49
1985-11-09,34.01,18.14,35.62,0.0,0.49
1985-11-10,33.48,17.62,34.64,0.0,0.49
1985-11-11,33.11,17.75,36.93,0.2,0.49
1985-11-12,27.48,20.52,57.9,0.02,0.49
1985-11-13,30.61,19.24,57.64,0.74,0.49
1985-11-14,27.94,20.81,76.3,3.89,0.49
1985-11-15,26.15,19.97,83.75,5.21,0.5
1985-11-16,32.05,18.67,66.38,0.22,0.51
1985-11-17,31.11,19.73,64.4,0.0,0.5
1985-11-18,32.05,20.7,62.29,0.05,0.5
1985-11-19,28.0,21.37,73.67,1.73,0.5
1985-11-20,27.39,20.19,87.14,9.4,0.51
1985-11-21,28.75,18.05,70.41,0.0,0.52
1985-11-22,29.28,15.65,58.49,0.0,0.51
1985-11-23,29.58,14.51,53.79,0.0,0.51
1985-11-24,31.2,14.18,51.35,0.0,0.51
1985-11-25,30.32,14.84,51.91,0.0,0.51
1985-11-26,30.82,15.89,47.24,0.0,0.5
1985-11-27,31.35,15.35,45.21,0.0,0.5
1985-11-28,31.9,16.43,42.17,0.0,0.5
1985-11-29,32.35,16.18,40.06,0.0,0.5
1985-11-30,32.72,17.24,41.2,0.0,0.5
1985-12-01,32.68,17.69,44.2,0.0,0.5
1985-12-02,31.58,17.67,49.14,0.0,0.5
1985-12-03,31.24,17.43,48.01,0.0,0.5
1985-12-04,30.77,15.17,39.11,0.0,0.5
1985-12-05,30.47,13.92,34.26,0.0,0.5
1985-12-06,29.95,13.47,39.93,0.38,0.5
1985-12-07,29.82,14.23,37.02,0.0,0.5
1985-12-08,30.18,14.45,35.48,0.0,0.5
1985-12-09,29.01,14.16,41.04,0.0,0.49
1985-12-10,29.17,14.48,44.9,0.0,0.49
1985-12-11,30.6,14.64,40.73,0.0,0.49
1985-12-12,30.59,14.78,36.24,0.0,0.49
1985-12-13,29.89,14.54,35.79,0.0,0.49
1985-12-14,32.28,15.05,34.56,0.0,0.49
1985-12-15,30.73,15.25,43.6,0.0,0.49
1985-12-16,30.18,16.88,49.56,0.0,0.49
1985-12-17,29.25,15.78,51.87,0.0,0.49
1985-12-18,29.6,15.89,52.38,0.0,0.49
1985-12-19,29.5,16.88,55.59,0.0,0.49
1985-12-20,28.52,18.11,56.26,0.0,0.49
1985-12-21,30.99,15.35,47.61,0.0,0.49
1985-12-22,31.01,14.75,48.06,0.0,0.49
1985-12-23,30.23,16.35,46.47,0.0,0.49
1985-12-24,27.26,17.85,47.31,0.0,0.49
1985-12-25,27.71,16.98,46.61,0.0,0.49
1985-12-26,29.83,14.79,44.69,0.0,0.49
1985-12-27,29.42,14.34,39.3,0.0,0.49
1985-12-28,29.42,14.14,39.02,0.0,0.49
1985-12-29,29.52,13.83,46.99,0.01,0.49
1985-12-30,28.52,14.04,46.72,0.0,0.49
1985-12-31,28.92,14.8,38.82,0.0,0.49
1986-01-01,27.82,11.89,35.43,0.0,0.49
1986-01-02,27.96,12.2,42.39,0.0,0.49
1986-01-03,28.71,12.8,39.73,0.0,0.49
1986-01-04,28.78,15.03,47.46,0.0,0.49
1986-01-05,29.33,15.34,50.93,0.0,0.49
1986-01-06,27.95,14.54,54.66,0.0,0.49
1986-01-07,29.69,14.72,48.4,0.0,0.49
1986-01-08,28.8,14.81,46.98,0.0,0.49
1986-01-09,29.88,14.29,45.81,0.0,0.49
1986-01-10,29.12,14.9,45.39,0.0,0.49
1986-01-11,28.9,14.7,45.76,0.0,0.49
1986-01-12,29.86,15.92,42.1,0.0,0.49
1986-01-13,29.91,16.56,43.61,0.0,0.49
1986-01-14,30.54,16.07,47.07,0.0,0.49
1986-01-15,30.79,14.65,39.09,0.0,0.49
1986-01-16,28.19,15.79,38.5,0.05,0.49
1986-01-17,27.74,15.56,48.88,0.0,0.49
1986-01-18,28.72,12.83,47.02,0.0,0.49
1986-01-19,29.15,13.19,39.06,0.0,0.49
1986-01-20,30.38,12.93,31.7,0.01,0.49
1986-01-21,31.81,13.93,25.74,0.0,0.49
1986-01-22,32.08,13.8,25.84,0.0,0.49
1986-01-23,31.16,13.88,25.71,0.0,0.49
1986-01-24,28.87,12.78,27.99,0.0,0.49
1986-01-25,30.87,12.3,25.32,0.0,0.49
1986-01-26,31.09,13.04,27.68,0.0,0.49
1986-01-27,29.98,13.58,32.19,0.0,0.49
1986-01-28,31.6,13.39,31.36,0.0,0.49
1986-01-29,30.47,13.86,29.1,0.0,0.49
1986-01-30,30.24,13.09,28.35,0.0,0.49
1986-01-31,31.2,13.28,25.41,0.0,0.49
1986-02-01,31.66,13.84,27.25,0.0,0.49
1986-02-02,30.33,15.0,36.1,0.0,0.49
1986-02-03,31.28,14.84,37.64,0.0,0.49
1986-02-04,31.62,15.06,32.45,0.0,0.49
1986-02-05,31.29,16.24,29.29,0.0,0.49
1986-02-06,32.7,15.21,25.69,0.0,0.49
1986-02-07,31.48,17.08,29.29,0.0,0.49
1986-02-08,31.96,19.05,29.12,0.0,0.49
1986-02-09,33.25,17.01,29.63,0.0,0.49
1986-02-10,33.82,17.6,31.03,0.04,0.49
1986-02-11,32.93,18.28,26.77,0.0,0.49
1986-02-12,33.2,16.02,26.55,0.0,0.49
1986-02-13,31.75,15.73,28.05,0.0,0.49
1986-02-14,32.64,16.6,31.75,0.0,0.49
1986-02-15,32.56,17.28,31.5,0.0,0.49
1986-02-16,30.58,16.35,35.35,0.0,0.49
1986-02-17,31.54,16.56,30.6,0.0,0.49
1986-02-18,30.98,14.62,25.65,0.0,0.49
1986-02-19,30.73,12.62,20.44,0.0,0.49
1986-02-20,32.98,11.66,19.58,0.0,0.49
1986-02-21,33.25,13.96,18.05,0.0,0.49
1986-02-22,33.19,14.71,21.83,0.0,0.49
1986-02-23,32.75,14.72,23.19,0.0,0.49
1986-02-24,34.42,15.8,20.96,0.0,0.49
1986-02-25,34.48,17.07,24.56,0.0,0.49
1986-02-26,33.83,17.01,25.77,0.0,0.49
1986-02-27,33.34,17.94,18.24,0.0,0.49
1986-02-28,33.26,14.66,19.08,0.0,0.49
1986-03-01,32.96,15.7,17.15,0.0,0.49
1986-03-02,33.47,16.16,35.9,0.6,0.49
1986-03-03,29.19,16.81,41.31,0.01,0.49
1986-03-04,25.02,16.29,52.14,0.0,0.49
1986-03-05,31.41,13.8,39.52,0.0,0.49
1986-03-06,31.51,18.12,33.5,0.0,0.49
1986-03-07,32.69,17.7,31.55,0.0,0.49
1986-03-08,33.56,16.92,26.54,0.0,0.49
1986-03-09,34.18,17.11,23.94,0.0,0.49
1986-03-10,35.3,17.89,27.49,0.0,0.49
1986-03-11,35.83,18.8,26.72,0.0,0.49
1986-03-12,35.61,19.69,32.99,0.0,0.49
1986-03-13,36.13,20.27,36.42,0.11,0.49
1986-03-14,36.51,21.53,37.8,0.0,0.49
1986-03-15,37.42,20.99,28.92,0.0,0.49
1986-03-16,36.86,20.38,26.54,0.0,0.49
1986-03-17,35.25,20.76,40.81,0.0,0.49
1986-03-18,36.4,19.81,22.59,0.0,0.49
1986-03-19,36.89,20.03,19.25,0.74,0.49
1986-03-20,37.5,20.13,18.88,0.0,0.49
1986-03-21,36.65,19.56,27.1,0.0,0.49
1986-03-22,37.75,20.53,21.69,0.0,0.49
1986-03-23,37.94,20.35,17.95,0.0,0.49
1986-03-24,38.47,19.88,15.51,0.0,0.49
1986-03-25,38.09,20.99,25.87,0.0,0.49
1986-03-26,38.45,23.33,26.0,0.0,0.49
1986-03-27,37.84,22.31,18.79,0.0,0.49
1986-03-28,38.45,23.19,15.23,0.0,0.49
1986-03-29,38.38,20.36,23.82,0.14,0.49
1986-03-30,38.76,20.76,30.06,0.0,0.49
1986-03-31,39.92,22.38,30.82,0.0,0.49
1986-04-01,38.93,24.11,36.73,0.01,0.49
1986-04-02,39.84,25.09,36.82,0.0,0.49
1986-04-03,39.81,24.46,30.0,0.0,0.49
1986-04-04,39.74,24.03,25.25,0.0,0.49
1986-04-05,38.99,22.22,28.01,0.62,0.49
1986-04-06,37.88,24.0,28.97,0.0,0.49
1986-04-07,37.18,22.69,32.92,0.0,0.49
1986-04-08,37.76,22.37,29.86,0.0,0.49
1986-04-09,38.09,22.14,33.53,0.0,0.49
1986-04-10,38.55,23.6,35.75,0.0,0.49
1986-04-11,38.92,25.34,32.3,0.0,0.49
1986-04-12,39.45,25.3,29.73,0.02,0.49
1986-04-13,39.41,25.2,33.61,0.1,0.49
1986-04-14,39.41,24.85,36.54,0.94,0.49
1986-04-15,39.7,26.55,36.33,0.0,0.49
1986-04-16,40.26,25.23,35.81,0.0,0.49
1986-04-17,38.99,24.89,39.58,0.0,0.49
1986-04-18,32.61,25.34,50.83,0.0,0.49
1986-04-19,36.03,24.08,45.96,0.0,0.49
1986-04-20,36.82,25.2,41.37,0.0,0.49
1986-04-21,34.83,25.39,41.69,0.0,0.49
1986-04-22,37.03,24.27,34.72,0.0,0.49
1986-04-23,37.77,26.51,28.91,0.03,0.49
1986-04-24,37.79,25.62,31.79,0.74,0.49
1986-04-25,38.1,24.14,32.99,0.0,0.49
1986-04-26,37.81,24.56,37.21,0.02,0.49
1986-04-27,39.01,25.07,35.21,0.12,0.49
1986-04-28,36.03,25.05,34.86,0.08,0.49
1986-04-29,37.64,24.16,33.05,0.16,0.49
1986-04-30,37.19,24.91,38.5,0.04,0.49
1986-05-01,37.46,25.13,37.78,0.0,0.49
1986-05-02,38.03,26.54,33.68,0.0,0.49
1986-05-03,39.1,26.14,38.38,3.72,0.49
1986-05-04,38.65,24.98,42.73,0.03,0.5
1986-05-05,37.74,25.56,44.35,0.07,0.49
1986-05-06,33.56,26.04,52.09,0.0,0.49
1986-05-07,33.46,25.72,47.28,0.85,0.49
1986-05-08,28.83,24.25,54.68,0.0,0.49
1986-05-09,38.72,22.53,40.39,0.0,0.49
1986-05-10,39.7,25.24,35.03,0.09,0.49
1986-05-11,38.8,26.35,38.14,0.0,0.49
1986-05-12,38.99,25.81,38.89,0.0,0.49
1986-05-13,38.92,25.34,40.27,0.03,0.49
1986-05-14,36.86,26.98,43.3,0.26,0.49
1986-05-15,34.74,24.7,54.15,13.84,0.51
1986-05-16,35.17,22.76,59.61,1.89,0.52
1986-05-17,33.94,24.42,61.67,0.0,0.51
1986-05-18,36.97,24.17,54.87,0.0,0.51
1986-05-19,36.08,25.64,54.14,0.14,0.5
1986-05-20,38.53,24.36,49.86,0.01,0.5
1986-05-21,35.08,26.39,59.5,3.03,0.5
1986-05-22,32.77,25.19,67.19,0.0,0.5
1986-05-23,37.46,25.39,49.96,0.03,0.5
1986-05-24,40.03,24.89,41.75,0.0,0.5
1986-05-25,40.76,23.86,32.27,0.0,0.5
1986-05-26,40.45,21.95,27.75,0.0,0.49
1986-05-27,39.54,23.84,38.93,0.0,0.49
1986-05-28,39.67,25.26,40.76,0.4,0.49
1986-05-29,39.68,25.55,41.38,0.0,0.49
1986-05-30,39.66,25.21,42.36,0.0,0.49
1986-05-31,39.34,27.83,41.5,0.02,0.49
1986-06-01,40.26,26.16,44.54,0.0,0.49
1986-06-02,41.62,27.01,39.83,0.07,0.49
1986-06-03,41.12,27.5,42.18,0.0,0.49
1986-06-04,36.62,28.2,48.19,0.0,0.49
1986-06-05,37.5,28.16,43.19,0.0,0.49
1986-06-06,38.93,26.66,47.08,0.0,0.49
1986-06-07,37.71,27.56,49.2,0.07,0.49
1986-06-08,36.5,26.98,50.98,0.03,0.49
1986-06-09,37.92,27.29,44.91,0.21,0.49
1986-06-10,36.78,26.82,48.25,0.79,0.49
1986-06-11,38.29,26.23,46.34,0.01,0.49
1986-06-12,39.66,27.11,44.99,0.12,0.49
1986-06-13,32.21,26.22,67.52,1.59,0.49
1986-06-14,31.43,25.2,65.01,2.04,0.49
1986-06-15,34.64,25.67,61.09,2.18,0.5
1986-06-16,35.42,25.0,56.76,1.13,0.5
1986-06-17,34.59,25.18,68.38,13.31,0.51
1986-06-18,35.85,24.72,62.39,0.0,0.52
1986-06-19,36.42,24.83,63.02,0.92,0.51
1986-06-20,34.65,24.71,65.71,7.45,0.52
1986-06-21,34.73,24.48,62.67,0.49,0.52
1986-06-22,33.38,23.99,67.04,0.92,0.51
1986-06-23,33.99,25.34,66.71,0.25,0.51
1986-06-24,36.2,24.81,61.3,0.1,0.51
1986-06-25,33.76,24.7,66.67,0.03,0.5
1986-06-26,35.99,25.08,59.99,0.0,0.5
1986-06-27,36.48,25.3,58.22,0.04,0.5
1986-06-28,32.71,25.05,64.48,0.25,0.5
1986-06-29,35.24,25.0,58.52,0.03,0.5
1986-06-30,31.86,25.12,62.36,0.05,0.5
1986-07-01,37.05,24.51,56.4,0.78,0.5
1986-07-02,36.49,25.22,53.51,0.0,0.5
1986-07-03,37.6,25.95,52.67,0.04,0.5
1986-07-04,33.7,25.54,63.47,0.01,0.5
1986-07-05,34.6,25.34,61.38,0.0,0.5
1986-07-06,36.85,25.61,56.41,0.05,0.5
1986-07-07,33.51,25.67,59.59,0.03,0.5
1986-07-08,34.55,25.4,60.61,0.07,0.5
1986-07-09,35.58,25.13,57.24,0.3,0.5
1986-07-10,34.14,25.52,61.66,0.82,0.5
1986-07-11,33.77,24.57,66.84,0.02,0.5
1986-07-12,35.43,23.47,59.11,0.39,0.5
1986-07-13,35.6,24.12,57.32,1.19,0.5
1986-07-14,34.48,24.98,53.47,0.07,0.5
1986-07-15,33.83,25.34,55.87,0.04,0.5
1986-07-16,38.05,25.68,51.1,0.02,0.5
1986-07-17,35.59,26.09,55.27,0.02,0.49
1986-07-18,38.28,25.38,54.87,0.05,0.49
1986-07-19,34.51,25.41,61.86,0.1,0.49
1986-07-20,35.0,24.65,59.53,0.09,0.49
1986-07-21,31.0,24.72,61.12,0.42,0.49
1986-07-22,34.23,23.21,57.53,0.46,0.49
1986-07-23,30.9,23.45,61.77,1.15,0.5
1986-07-24,33.73,23.47,63.78,0.16,0.5
1986-07-25,35.26,24.45,55.66,0.11,0.5
1986-07-26,31.97,24.59,63.03,0.53,0.5
1986-07-27,28.88,23.09,76.85,1.87,0.5
1986-07-28,31.66,23.21,63.85,0.06,0.5
1986-07-29,33.38,23.37,59.83,0.6,0.5
1986-07-30,34.11,24.76,56.74,0.02,0.5
1986-07-31,36.14,24.82,51.81,0.35,0.5
1986-08-01,32.49,25.83,58.73,0.21,0.5
1986-08-02,35.86,25.04,58.77,3.34,0.5
1986-08-03,37.55,24.86,59.65,0.18,0.5
1986-08-04,32.35,25.52,69.89,3.08,0.5
1986-08-05,33.04,24.32,73.61,4.63,0.51
1986-08-06,31.28,23.81,70.65,0.48,0.51
1986-08-07,31.73,24.54,68.18,0.05,0.51
1986-08-08,38.37,23.89,56.94,0.01,0.5
1986-08-09,37.95,25.87,51.31,0.02,0.5
1986-08-10,39.71,26.84,47.96,0.01,0.5
1986-08-11,39.74,26.59,51.24,0.26,0.5
1986-08-12,36.58,25.22,57.02,0.29,0.5
1986-08-13,36.63,24.68,57.49,0.18,0.5
1986-08-14,36.12,24.74,57.18,1.56,0.5
1986-08-15,31.18,24.89,69.91,3.72,0.5
1986-08-16,34.87,24.22,63.43,0.27,0.5
1986-08-17,33.89,24.34,62.58,1.15,0.5
1986-08-18,36.57,24.84,56.54,0.02,0.5
1986-08-19,35.96,25.12,56.26,0.06,0.5
1986-08-20,37.64,25.7,50.93,0.02,0.5
1986-08-21,36.15,25.94,52.98,0.09,0.5
1986-08-22,37.59,25.48,52.87,0.19,0.5
1986-08-23,36.87,25.39,53.91,0.39,0.5
1986-08-24,37.95,25.54,50.11,0.02,0.49
1986-08-25,34.98,26.21,57.62,0.38,0.49
1986-08-26,36.35,25.18,57.76,1.51,0.5
1986-08-27,40.58,26.39,48.68,0.39,0.5
1986-08-28,38.49,26.36,49.67,0.17,0.5
1986-08-29,36.03,26.28,51.27,0.23,0.49
1986-08-30,36.81,26.39,51.56,0.08,0.49
1986-08-31,31.33,25.84,62.85,0.12,0.49
1986-09-01,35.71,25.05,53.92,0.09,0.49
1986-09-02,37.14,25.34,51.8,0.41,0.49
1986-09-03,36.59,25.56,51.66,0.07,0.49
1986-09-04,35.35,26.27,55.24,0.64,0.49
1986-09-05,34.38,26.82,59.99,0.23,0.49
1986-09-06,38.54,25.51,52.56,0.28,0.49
1986-09-07,31.07,26.38,62.18,0.19,0.49
1986-09-08,33.85,25.23,63.14,1.44,0.49
1986-09-09,34.3,25.14,66.09,1.56,0.5
1986-09-10,34.11,23.71,63.69,0.58,0.5
1986-09-11,34.59,24.16,57.63,0.02,0.5
1986-09-12,36.6,24.8,53.28,0.01,0.5
1986-09-13,36.02,24.78,49.94,0.08,0.5
1986-09-14,37.62,25.15,45.53,0.16,0.5
1986-09-15,35.64,25.71,51.28,0.15,0.49
1986-09-16,33.93,25.63,55.65,0.04,0.49
1986-09-17,36.28,25.54,51.35,0.0,0.49
1986-09-18,37.04,25.25,49.5,0.13,0.49
1986-09-19,36.78,25.54,53.77,6.2,0.49
1986-09-20,27.01,23.43,82.23,28.37,0.54
1986-09-21,31.22,22.74,73.16,0.55,0.55
1986-09-22,29.82,21.91,73.53,4.4,0.55
1986-09-23,34.11,21.27,61.87,0.0,0.54
1986-09-24,34.82,21.64,60.57,0.0,0.53
1986-09-25,35.25,23.36,60.35,0.0,0.53
1986-09-26,32.55,23.59,63.54,0.0,0.52
1986-09-27,34.69,22.57,57.01,0.0,0.52
1986-09-28,36.31,22.74,58.13,0.02,0.51
1986-09-29,32.34,23.72,62.68,0.2,0.51
1986-09-30,32.54,23.57,67.38,2.22,0.51
1986-10-01,28.33,23.22,76.73,3.0,0.51
1986-10-02,30.1,22.51,70.09,0.05,0.51
1986-10-03,31.09,22.29,67.86,0.1,0.51
1986-10-04,28.88,23.44,77.13,1.3,0.51
1986-10-05,31.85,23.08,72.19,2.68,0.51
1986-10-06,30.85,22.56,81.35,5.09,0.52
1986-10-07,33.83,22.3,68.85,0.24,0.52
1986-10-08,33.04,23.16,67.94,2.57,0.51
1986-10-09,32.19,22.11,75.63,11.03,0.52
1986-10-10,29.66,22.64,80.3,6.28,0.54
1986-10-11,33.19,22.77,69.22,0.69,0.53
1986-10-12,33.76,22.56,63.98,0.11,0.53
1986-10-13,33.54,22.1,63.21,0.2,0.52
1986-10-14,34.24,21.45,63.36,3.51,0.52
1986-10-15,33.59,20.49,59.57,0.49,0.52
1986-10-16,34.68,19.97,53.56,0.0,0.52
1986-10-17,35.78,19.68,49.54,0.0,0.51
1986-10-18,35.69,18.95,46.53,0.0,0.51
1986-10-19,36.38,19.25,45.67,0.0,0.51
1986-10-20,35.49,19.45,45.52,0.0,0.5
1986-10-21,35.68,20.28,43.28,0.0,0.5
1986-10-22,36.34,21.17,43.91,0.0,0.5
1986-10-23,35.54,22.78,49.75,0.21,0.5
1986-10-24,33.07,22.8,59.86,3.82,0.5
1986-10-25,32.5,23.27,63.97,0.0,0.51
1986-10-26,35.31,22.63,54.6,0.0,0.5
1986-10-27,35.95,22.89,50.39,0.0,0.5
1986-10-28,35.91,21.94,49.68,0.01,0.5
1986-10-29,34.53,23.42,52.08,0.0,0.5
1986-10-30,33.52,23.25,51.18,0.0,0.5
1986-10-31,32.65,21.76,57.86,0.0,0.5
1986-11-01,33.53,23.68,55.06,0.0,0.5
1986-11-02,35.3,24.06,48.86,0.0,0.5
1986-11-03,35.99,24.28,46.51,0.0,0.5
1986-11-04,35.88,24.32,46.52,0.03,0.5
1986-11-05,34.91,23.95,49.67,0.56,0.5
1986-11-06,33.03,22.49,55.0,0.1,0.5
1986-11-07,35.7,22.31,47.26,0.0,0.5
1986-11-08,29.49,23.09,63.33,2.05,0.5
1986-11-09,26.45,22.64,80.81,3.71,0.5
1986-11-10,28.09,22.46,80.07,1.04,0.51
1986-11-11,29.58,20.56,72.0,2.94,0.51
1986-11-12,31.56,19.35,64.52,0.11,0.51
1986-11-13,31.68,20.54,55.07,0.0,0.51
1986-11-14,32.66,18.11,49.22,0.0,0.5
1986-11-15,32.61,17.27,46.19,0.0,0.5
1986-11-16,32.47,17.88,42.31,0.0,0.5
1986-11-17,32.4,17.21,41.11,0.0,0.5
1986-11-18,32.23,16.97,44.28,0.01,0.5
1986-11-19,32.32,17.14,40.9,0.0,0.5
1986-11-20,32.21,16.73,36.9,0.0,0.5
1986-11-21,31.73,16.12,35.54,0.13,0.5
1986-11-22,32.69,15.96,33.44,0.0,0.5
1986-11-23,32.62,16.3,33.99,0.0,0.5
1986-11-24,32.68,16.14,35.72,0.0,0.5
1986-11-25,32.04,16.63,40.94,0.0,0.5
1986-11-26,32.48,16.76,42.97,0.0,0.5
1986-11-27,31.52,16.1,41.67,0.0,0.5
1986-11-28,32.48,16.83,38.83,0.0,0.49
1986-11-29,33.1,18.06,44.89,0.0,0.49
1986-11-30,33.08,19.16,46.16,0.0,0.49
1986-12-01,32.39,18.29,46.25,0.0,0.49
1986-12-02,32.61,17.2,41.76,0.0,0.49
1986-12-03,33.27,18.01,42.7,0.0,0.49
1986-12-04,31.77,18.09,43.91,0.0,0.49
1986-12-05,31.16,16.39,46.35,0.0,0.49
1986-12-06,32.21,16.97,43.17,0.0,0.49
1986-12-07,32.91,17.63,39.09,0.01,0.49
1986-12-08,32.54,17.4,37.1,0.03,0.49
1986-12-09,32.4,17.45,38.12,0.42,0.49
1986-12-10,30.26,18.11,63.53,0.23,0.49
1986-12-11,29.88,18.52,56.88,0.45,0.49
1986-12-12,28.7,15.04,44.41,0.7,0.49
1986-12-13,30.43,13.78,39.5,0.0,0.49
1986-12-14,30.67,14.04,36.9,0.0,0.49
1986-12-15,30.51,14.77,33.15,0.0,0.49
1986-12-16,30.63,14.77,37.81,0.0,0.49
1986-12-17,30.85,14.96,38.76,0.0,0.49
1986-12-18,31.35,14.94,38.77,0.0,0.49
1986-12-19,30.87,15.17,37.27,0.0,0.49
1986-12-20,30.82,15.12,37.91,0.0,0.49
1986-12-21,29.02,16.11,36.79,0.22,0.49
1986-12-22,30.96,14.34,38.78,0.0,0.49
1986-12-23,29.59,14.27,35.7,0.0,0.49
1986-12-24,30.6,14.29,31.92,0.0,0.49
1986-12-25,31.44,14.12,30.82,0.0,0.49
1986-12-26,31.26,14.39,31.36,0.0,0.49
1986-12-27,32.17,14.51,33.31,0.0,0.49
1986-12-28,28.13,16.74,38.8,0.0,0.49
1986-12-29,27.66,18.08,42.43,0.01,0.49
1986-12-30,29.0,16.4,43.03,1.09,0.49
1986-12-31,25.56,13.74,65.96,19.91,0.51
1987-01-01,23.48,11.52,67.58,4.13,0.53
1987-01-02,25.45,10.03,56.28,0.0,0.53
1987-01-03,27.15,10.76,51.64,0.0,0.52
1987-01-04,28.16,10.79,48.04,0.0,0.52
1987-01-05,27.58,10.21,44.49,0.0,0.52
1987-01-06,29.12,11.23,42.72,0.0,0.51
1987-01-07,30.58,11.84,42.41,0.02,0.51
1987-01-08,29.38,16.37,52.26,3.54,0.51
1987-01-09,28.3,15.23,60.71,1.94,0.51
1987-01-10,29.3,13.74,57.9,0.0,0.51
1987-01-11,30.88,13.25,51.83,0.0,0.51
1987-01-12,30.13,14.2,48.01,0.35,0.51
1987-01-13,30.3,15.98,49.31,0.0,0.51
1987-01-14,30.18,15.04,47.36,0.0,0.5
1987-01-15,28.41,14.45,45.61,0.0,0.5
1987-01-16,29.6,12.48,44.89,0.0,0.5
1987-01-17,29.54,13.36,38.3,0.0,0.5
1987-01-18,30.25,13.15,35.68,0.0,0.5
1987-01-19,30.49,13.59,37.73,0.0,0.5
1987-01-20,30.14,14.17,37.63,0.0,0.5
1987-01-21,29.86,14.9,40.56,0.0,0.5
1987-01-22,31.28,14.56,40.9,0.03,0.5
1987-01-23,32.42,15.12,35.72,0.0,0.5
1987-01-24,31.86,15.86,35.95,0.0,0.5
1987-01-25,30.88,16.45,45.0,1.85,0.5
1987-01-26,31.35,16.74,54.47,1.13,0.5
1987-01-27,27.93,17.01,63.66,1.67,0.5
1987-01-28,25.7,15.91,64.92,0.1,0.5
1987-01-29,29.26,15.65,50.21,0.0,0.5
1987-01-30,30.27,13.95,45.31,1.17,0.5
1987-01-31,30.92,13.88,38.6,0.0,0.5
1987-02-01,30.75,14.29,36.32,0.0,0.5
1987-02-02,23.72,17.87,52.48,0.14,0.5
1987-02-03,25.41,17.34,80.34,6.62,0.5
1987-02-04,27.72,17.08,69.69,3.32,0.51
1987-02-05,27.36,18.11,68.35,2.9,0.51
1987-02-06,28.93,15.71,60.12,0.0,0.51
1987-02-07,30.29,12.07,46.65,0.0,0.51
1987-02-08,30.22,12.62,40.28,0.0,0.51
1987-02-09,29.81,13.37,40.03,0.0,0.5
1987-02-10,28.29,13.63,41.72,0.01,0.5
1987-02-11,29.7,14.4,33.69,0.0,0.5
1987-02-12,31.49,12.57,29.42,0.0,0.5
1987-02-13,32.35,13.12,27.81,0.0,0.5
1987-02-14,32.46,13.62,27.64,0.0,0.5
1987-02-15,32.66,14.32,26.95,0.0,0.5
1987-02-16,32.43,14.11,25.83,0.0,0.5
1987-02-17,32.32,13.72,24.2,0.0,0.5
1987-02-18,32.17,14.66,23.82,0.0,0.49
1987-02-19,32.77,15.44,20.75,0.0,0.49
1987-02-20,34.65,15.54,22.89,0.0,0.49
1987-02-21,33.91,15.51,22.16,0.0,0.49
1987-02-22,33.67,17.4,20.24,0.0,0.49
1987-02-23,33.81,16.77,22.53,0.0,0.49
1987-02-24,34.38,16.53,27.75,0.0,0.49
1987-02-25,34.31,16.69,26.11,0.0,0.49
1987-02-26,34.84,17.05,23.81,0.0,0.49
1987-02-27,35.43,17.49,24.49,0.0,0.49
1987-02-28,34.09,17.92,28.32,0.0,0.49
1987-03-01,33.55,17.71,32.03,0.0,0.49
1987-03-02,33.57,17.61,30.08,0.03,0.49
1987-03-03,31.31,17.02,38.3,0.03,0.49
1987-03-04,31.12,17.25,33.09,0.0,0.49
1987-03-05,32.71,18.43,30.16,0.12,0.49
1987-03-06,32.76,17.25,30.75,0.0,0.49
1987-03-07,33.34,16.13,22.68,0.0,0.49
1987-03-08,33.42,16.35,29.15,0.0,0.49
1987-03-09,34.31,17.47,27.93,0.0,0.49
1987-03-10,34.66,17.77,29.06,0.0,0.49
1987-03-11,34.05,18.76,30.0,0.0,0.49
1987-03-12,34.03,18.98,32.19,0.29,0.49
1987-03-13,33.98,18.83,30.45,0.0,0.49
1987-03-14,31.92,19.03,33.21,0.0,0.49
1987-03-15,33.93,19.67,29.21,0.13,0.49
1987-03-16,34.21,18.05,27.26,0.0,0.49
1987-03-17,34.83,18.22,27.8,0.16,0.49
1987-03-18,35.28,18.68,41.31,0.78,0.49
1987-03-19,35.16,20.79,42.28,0.0,0.49
1987-03-20,35.58,22.47,30.13,0.0,0.49
1987-03-21,35.67,18.95,30.5,0.07,0.49
1987-03-22,36.23,20.14,29.73,0.0,0.49
1987-03-23,36.24,21.25,27.98,0.0,0.49
1987-03-24,37.52,21.21,24.46,0.0,0.49
1987-03-25,37.97,21.36,26.44,0.0,0.49
1987-03-26,38.4,20.22,23.38,0.0,0.49
1987-03-27,36.51,20.38,22.17,0.0,0.49
1987-03-28,35.22,22.04,27.34,0.0,0.49
1987-03-29,37.23,22.02,27.85,0.0,0.49
1987-03-30,38.38,23.21,26.27,0.01,0.49
1987-03-31,38.52,23.21,25.96,0.01,0.49
1987-04-01,38.49,21.25,24.82,0.0,0.49
1987-04-02,38.56,21.02,26.93,0.0,0.49
1987-04-03,39.17,22.21,30.98,0.0,0.49
1987-04-04,39.22,23.03,40.39,0.0,0.49
1987-04-05,38.33,24.01,40.1,0.0,0.49
1987-04-06,39.45,23.93,35.06,0.0,0.49
1987-04-07,38.29,25.12,36.05,0.0,0.49
1987-04-08,38.14,24.07,33.16,0.0,0.49
1987-04-09,38.22,23.36,37.79,0.12,0.49
1987-04-10,34.5,23.32,54.4,0.28,0.49
1987-04-11,33.06,23.43,58.16,0.24,0.49
1987-04-12,35.99,23.4,53.6,2.21,0.49
1987-04-13,37.84,23.71,46.97,0.16,0.49
1987-04-14,38.59,24.68,43.64,1.8,0.5
1987-04-15,39.38,26.15,38.42,0.04,0.5
1987-04-16,37.63,25.2,30.8,0.11,0.49
1987-04-17,40.29,24.24,25.51,0.0,0.49
1987-04-18,39.93,24.74,27.73,0.0,0.49
1987-04-19,38.26,26.03,29.85,0.0,0.49
1987-04-20,35.34,25.32,34.59,0.02,0.49
1987-04-21,35.11,23.63,38.42,0.52,0.49
1987-04-22,35.32,25.31,39.63,0.06,0.49
1987-04-23,34.8,24.25,47.72,1.6,0.49
1987-04-24,37.83,23.38,46.88,0.21,0.49
1987-04-25,38.43,24.38,44.29,0.2,0.49
1987-04-26,36.79,26.23,43.97,0.24,0.49
1987-04-27,36.61,25.65,37.2,0.03,0.49
1987-04-28,32.99,25.52,45.09,1.67,0.49
1987-04-29,28.36,23.69,60.92,1.56,0.5
1987-04-30,32.07,21.75,51.43,0.04,0.5
1987-05-01,36.51,21.87,41.99,0.01,0.5
1987-05-02,37.51,24.81,41.27,0.0,0.5
1987-05-03,37.62,24.01,43.14,0.71,0.5
1987-05-04,36.48,24.84,52.05,7.97,0.51
1987-05-05,34.33,23.5,57.28,1.25,0.51
1987-05-06,36.15,23.95,44.3,0.11,0.5
1987-05-07,35.94,22.78,44.15,0.0,0.5
1987-05-08,38.02,25.09,38.59,0.0,0.5
1987-05-09,39.09,25.92,37.98,0.0,0.5
1987-05-10,39.93,26.44,32.24,0.0,0.5
1987-05-11,40.11,27.48,32.76,0.0,0.49
1987-05-12,40.03,27.95,31.36,0.0,0.49
1987-05-13,39.74,26.96,31.12,0.0,0.49
1987-05-14,41.2,26.34,31.35,0.0,0.49
1987-05-15,41.41,26.73,33.05,0.0,0.49
1987-05-16,41.39,27.5,33.76,0.0,0.49
1987-05-17,41.2,28.65,33.05,0.01,0.49
1987-05-18,40.66,29.02,36.29,1.74,0.49
1987-05-19,40.88,28.57,38.87,0.63,0.49
1987-05-20,39.95,27.78,41.03,1.8,0.5
1987-05-21,40.87,26.99,41.41,0.0,0.49
1987-05-22,40.48,28.09,39.23,0.0,0.49
1987-05-23,40.41,28.84,38.23,0.0,0.49
1987-05-24,40.7,29.01,39.52,0.2,0.49
1987-05-25,35.78,26.08,49.39,0.28,0.49
1987-05-26,38.99,27.5,46.32,0.0,0.49
1987-05-27,40.59,27.69,42.04,0.04,0.49
1987-05-28,41.04,27.53,41.48,0.0,0.49
1987-05-29,38.77,28.46,43.61,0.01,0.49
1987-05-30,36.19,27.43,48.71,0.44,0.49
1987-05-31,37.34,25.69,52.83,3.54,0.5
1987-06-01,33.95,26.44,57.58,0.34,0.5
1987-06-02,36.16,26.63,53.67,1.76,0.5
1987-06-03,33.75,24.74,67.81,5.6,0.51
1987-06-04,32.27,24.62,67.68,3.31,0.51
1987-06-05,36.79,25.33,56.95,0.83,0.51
1987-06-06,38.49,26.47,53.92,0.28,0.5
1987-06-07,37.95,26.73,52.65,0.38,0.5
1987-06-08,36.44,27.44,55.19,1.34,0.5
1987-06-09,35.07,25.77,63.12,5.88,0.5
1987-06-10,36.0,24.88,66.72,2.5,0.51
1987-06-11,32.05,25.03,68.06,0.35,0.51
1987-06-12,31.55,25.25,71.67,0.76,0.5
1987-06-13,35.89,25.26,60.96,0.69,0.5
1987-06-14,37.78,25.59,56.75,1.33,0.5
1987-06-15,33.65,25.35,66.98,2.73,0.5
1987-06-16,35.02,25.43,66.11,1.56,0.5
1987-06-17,37.37,25.36,56.25,0.81,0.5
1987-06-18,36.87,26.18,60.11,1.2,0.5
1987-06-19,37.08,26.29,56.88,0.29,0.5
1987-06-20,38.58,25.67,56.71,0.94,0.5
1987-06-21,33.83,26.23,59.79,0.63,0.5
1987-06-22,33.82,25.54,60.56,0.19,0.5
1987-06-23,37.09,25.57,54.82,0.15,0.5
1987-06-24,39.58,26.08,50.95,0.38,0.5
1987-06-25,39.29,25.48,50.54,1.72,0.5
1987-06-26,35.26,27.29,55.11,0.16,0.5
1987-06-27,39.21,26.14,49.41,2.42,0.5
1987-06-28,32.33,27.3,64.02,1.93,0.5
1987-06-29,32.96,25.55,64.74,0.77,0.5
1987-06-30,37.58,25.35,55.85,0.14,0.5
1987-07-01,33.94,25.5,64.44,1.28,0.5
1987-07-02,32.85,24.91,64.24,0.44,0.5
1987-07-03,35.39,25.37,60.6,0.6,0.5
1987-07-04,35.18,25.53,60.08,0.22,0.5
1987-07-05,34.38,24.84,63.69,2.49,0.5
1987-07-06,35.39,24.47,63.16,1.31,0.5
1987-07-07,32.1,24.71,69.89,0.87,0.5
1987-07-08,32.29,24.95,70.58,0.28,0.5
1987-07-09,34.71,24.72,64.83,1.07,0.5
1987-07-10,32.59,24.77,68.13,0.42,0.5
1987-07-11,30.18,24.73,71.22,1.45,0.5
1987-07-12,33.98,24.21,64.69,0.12,0.5
1987-07-13,36.26,24.54,57.33,0.34,0.5
1987-07-14,36.84,24.56,55.84,0.24,0.5
1987-07-15,35.6,25.18,59.8,0.22,0.5
1987-07-16,37.54,25.38,57.09,0.26,0.5
1987-07-17,35.1,25.81,62.57,0.88,0.5
1987-07-18,36.77,25.02,60.11,1.41,0.5
1987-07-19,37.25,24.32,58.31,1.05,0.5
1987-07-20,34.82,24.86,63.45,2.72,0.5
1987-07-21,37.09,24.87,56.77,1.12,0.5
1987-07-22,34.71,24.88,64.06,2.75,0.5
1987-07-23,33.88,25.25,64.36,0.74,0.5
1987-07-24,32.07,25.02,69.26,0.83,0.5
1987-07-25,32.73,24.34,66.93,1.99,0.5
1987-07-26,34.38,24.48,65.57,2.29,0.5
1987-07-27,31.44,24.73,67.82,0.28,0.5
1987-07-28,31.28,24.55,65.62,0.47,0.5
1987-07-29,36.22,24.46,57.41,0.04,0.5
1987-07-30,34.93,25.42,60.48,0.44,0.5
1987-07-31,35.32,24.9,59.97,0.78,0.5
1987-08-01,36.47,24.38,58.9,0.26,0.5
1987-08-02,34.5,25.27,60.61,0.02,0.5
1987-08-03,36.44,24.81,56.54,0.06,0.5
1987-08-04,32.91,24.91,62.56,0.07,0.5
1987-08-05,34.95,24.12,56.55,0.0,0.5
1987-08-06,37.5,24.59,51.73,0.01,0.49
1987-08-07,38.3,25.95,49.79,0.09,0.49
1987-08-08,32.5,26.2,65.45,0.23,0.49
1987-08-09,32.51,24.86,63.34,0.05,0.49
1987-08-10,35.33,25.44,55.61,3.51,0.5
1987-08-11,33.93,24.46,62.52,2.0,0.5
1987-08-12,34.92,25.62,57.96,0.01,0.5
1987-08-13,34.36,25.14,64.17,0.08,0.5
1987-08-14,36.89,25.6,54.71,0.01,0.5
1987-08-15,36.48,26.38,53.84,0.48,0.5
1987-08-16,40.08,27.21,48.49,0.02,0.5
1987-08-17,36.44,26.57,58.09,0.09,0.5
1987-08-18,37.27,27.55,55.24,2.44,0.5
1987-08-19,30.06,25.14,70.97,1.14,0.5
1987-08-20,36.66,25.86,56.52,0.01,0.5
1987-08-21,36.94,26.0,55.53,0.71,0.5
1987-08-22,37.59,26.09,54.05,0.18,0.5
1987-08-23,35.61,26.3,64.49,3.13,0.5
1987-08-24,35.21,25.12,74.73,4.13,0.5
1987-08-25,30.63,24.99,77.42,0.52,0.5
1987-08-26,31.71,24.66,70.51,0.22,0.5
1987-08-27,32.56,24.05,68.01,1.14,0.5
1987-08-28,36.73,23.86,61.06,0.04,0.5
1987-08-29,35.97,24.77,59.94,0.21,0.5
1987-08-30,33.67,24.78,66.68,1.15,0.5
1987-08-31,37.32,24.38,60.78,0.01,0.5
1987-09-01,35.95,24.94,61.97,0.01,0.5
1987-09-02,32.87,25.07,66.02,0.0,0.5
1987-09-03,35.43,24.81,61.47,0.03,0.5
1987-09-04,36.13,25.09,59.75,0.03,0.5
1987-09-05,35.9,25.13,57.49,0.23,0.5
1987-09-06,37.37,25.94,53.46,0.05,0.5
1987-09-07,32.28,26.38,59.67,0.06,0.49
1987-09-08,37.1,26.03,51.63,0.1,0.49
1987-09-09,35.13,25.92,63.02,1.16,0.49
1987-09-10,31.39,25.4,63.41,0.29,0.5
1987-09-11,34.54,24.45,68.0,3.82,0.5
1987-09-12,33.01,24.69,67.83,1.08,0.5
1987-09-13,30.55,24.07,75.51,2.8,0.5
1987-09-14,34.33,24.12,71.21,3.58,0.51
1987-09-15,32.16,24.55,71.92,0.16,0.51
1987-09-16,29.87,24.28,77.02,1.49,0.51
1987-09-17,36.23,23.97,64.12,0.41,0.51
1987-09-18,36.44,25.63,55.9,0.01,0.5
1987-09-19,37.04,25.79,53.2,0.12,0.5
1987-09-20,35.57,25.08,62.99,2.6,0.5
1987-09-21,34.18,23.7,68.09,1.52,0.5
1987-09-22,31.6,23.6,74.75,5.1,0.5
1987-09-23,32.43,22.07,74.74,3.45,0.51
1987-09-24,33.81,22.79,65.76,0.17,0.51
1987-09-25,35.15,24.48,62.23,0.02,0.51
1987-09-26,36.23,24.24,56.7,0.24,0.5
1987-09-27,36.38,25.4,52.02,0.02,0.5
1987-09-28,33.59,24.27,55.92,0.01,0.5
1987-09-29,36.14,24.71,52.69,0.03,0.5
1987-09-30,33.21,25.85,59.02,0.13,0.5
1987-10-01,33.79,25.38,51.04,0.74,0.5
1987-10-02,38.08,24.74,40.91,0.0,0.5
1987-10-03,37.13,25.33,49.32,0.07,0.5
1987-10-04,36.95,24.33,51.4,0.57,0.5
1987-10-05,33.29,26.01,58.5,0.0,0.5
1987-10-06,34.66,24.83,53.95,0.04,0.5
1987-10-07,32.1,26.03,57.0,0.1,0.49
1987-10-08,31.41,25.5,60.24,0.05,0.49
1987-10-09,36.52,24.09,49.66,0.08,0.49
1987-10-10,36.49,24.35,48.68,0.03,0.49
1987-10-11,35.98,25.27,51.96,0.03,0.49
1987-10-12,37.27,25.18,48.38,0.06,0.49
1987-10-13,38.12,24.45,43.81,0.01,0.49
1987-10-14,38.46,25.11,40.89,0.02,0.49
1987-10-15,38.37,25.85,41.97,0.0,0.49
1987-10-16,38.14,25.77,43.25,0.0,0.49
1987-10-17,38.69,26.73,41.25,0.0,0.49
1987-10-18,38.82,25.62,40.8,0.0,0.49
1987-10-19,38.43,25.31,43.99,0.0,0.49
1987-10-20,36.3,26.24,46.21,0.09,0.49
1987-10-21,33.69,23.92,46.62,0.0,0.49
1987-10-22,36.28,23.49,45.9,0.0,0.49
1987-10-23,36.58,25.46,44.83,0.0,0.49
1987-10-24,35.95,25.9,50.01,0.0,0.49
1987-10-25,36.87,25.6,44.76,0.0,0.49
1987-10-26,34.63,24.15,50.59,0.41,0.49
1987-10-27,29.39,22.84,69.73,1.41,0.49
1987-10-28,34.86,21.27,52.59,0.0,0.49
1987-10-29,35.49,21.69,36.91,0.0,0.49
1987-10-30,34.99,21.74,42.38,0.0,0.49
1987-10-31,34.62,22.18,43.56,0.0,0.49
1987-11-01,35.99,22.98,43.59,0.0,0.49
1987-11-02,32.86,25.58,53.52,1.77,0.49
1987-11-03,36.05,23.91,51.91,0.0,0.49
1987-11-04,33.93,25.21,55.58,0.03,0.49
1987-11-05,26.78,23.36,70.48,0.24,0.49
1987-11-06,33.55,22.24,52.64,0.12,0.49
1987-11-07,33.78,23.34,42.97,0.22,0.49
1987-11-08,35.56,23.47,48.61,0.07,0.49
1987-11-09,31.98,23.0,50.27,0.0,0.49
1987-11-10,35.21,20.42,47.37,0.0,0.49
1987-11-11,36.76,22.77,43.8,0.01,0.49
1987-11-12,36.33,24.61,47.85,0.0,0.49
1987-11-13,35.12,25.29,48.87,0.05,0.49
1987-11-14,31.03,24.31,60.73,0.13,0.49
1987-11-15,27.31,23.18,78.77,1.1,0.49
1987-11-16,32.03,22.85,72.97,0.93,0.49
1987-11-17,33.97,22.66,62.16,0.0,0.49
1987-11-18,34.74,23.1,50.52,0.0,0.49
1987-11-19,34.3,23.09,51.43,0.0,0.49
1987-11-20,34.32,21.81,48.35,0.0,0.49
1987-11-21,34.94,20.74,39.79,0.02,0.49
1987-11-22,34.71,20.02,39.91,0.0,0.49
1987-11-23,34.82,20.34,44.14,0.0,0.49
1987-11-24,33.84,20.56,40.98,0.0,0.49
1987-11-25,34.71,19.74,35.36,0.0,0.49
1987-11-26,34.34,19.83,36.03,0.0,0.49
1987-11-27,34.46,19.26,35.04,0.0,0.49
1987-11-28,35.14,18.23,36.32,0.0,0.49
1987-11-29,35.53,18.82,33.08,0.0,0.49
1987-11-30,32.78,19.67,48.59,0.0,0.49
1987-12-01,31.45,22.06,56.93,0.0,0.49
1987-12-02,32.31,19.99,42.86,0.0,0.49
1987-12-03,31.47,18.98,45.7,0.0,0.49
1987-12-04,31.97,18.97,46.7,0.0,0.49
1987-12-05,32.51,18.81,42.68,0.0,0.49
1987-12-06,30.57,19.37,40.46,0.0,0.49
1987-12-07,31.0,19.11,36.0,0.0,0.49
1987-12-08,31.21,17.53,36.14,0.0,0.49
1987-12-09,31.72,18.58,41.36,0.0,0.49
1987-12-10,31.61,18.02,41.48,0.0,0.49
1987-12-11,31.75,17.22,39.88,0.0,0.49
1987-12-12,29.81,17.11,47.05,0.1,0.49
1987-12-13,28.93,16.47,50.53,0.16,0.49
1987-12-14,29.62,19.52,48.69,0.03,0.49
1987-12-15,29.58,19.58,57.89,0.0,0.49
1987-12-16,31.12,18.96,52.06,0.0,0.49
1987-12-17,29.56,18.41,48.68,0.0,0.49
1987-12-18,29.97,18.89,44.78,0.0,0.49
1987-12-19,31.79,16.66,42.79,0.0,0.49
1987-12-20,32.17,17.55,36.66,0.0,0.49
1987-12-21,28.63,18.7,34.74,0.0,0.49
1987-12-22,31.81,15.9,32.05,0.0,0.49
1987-12-23,30.71,15.19,33.35,0.0,0.49
1987-12-24,29.92,14.48,31.12,0.0,0.49
1987-12-25,30.84,14.86,32.11,0.0,0.49
1987-12-26,30.96,14.4,36.26,0.0,0.49
1987-12-27,31.28,14.16,32.63,0.0,0.49
1987-12-28,30.73,14.0,28.5,0.0,0.49
1987-12-29,30.16,13.09,24.63,0.0,0.49
1987-12-30,30.83,11.75,23.69,0.0,0.49
1987-12-31,29.62,12.02,27.95,0.0,0.49
1988-01-01,30.26,12.75,23.96,0.0,0.49
1988-01-02,31.08,12.89,28.61,0.0,0.49
1988-01-03,30.58,13.59,28.49,0.0,0.49
1988-01-04,29.99,14.39,30.9,0.0,0.49
1988-01-05,30.47,15.88,34.67,0.0,0.49
1988-01-06,30.19,14.99,36.38,0.0,0.49
1988-01-07,30.0,15.52,39.69,0.0,0.49
1988-01-08,29.75,16.57,39.6,0.0,0.49
1988-01-09,29.99,14.16,37.86,0.0,0.49
1988-01-10,30.2,15.05,35.46,0.0,0.49
1988-01-11,31.94,15.44,36.34,0.0,0.49
1988-01-12,31.41,16.13,35.27,0.0,0.49
1988-01-13,31.4,16.25,36.03,0.0,0.49
1988-01-14,30.58,16.46,38.06,0.01,0.49
1988-01-15,30.62,14.16,33.51,0.02,0.49
1988-01-16,31.07,13.83,30.86,0.0,0.49
1988-01-17,30.7,13.5,33.7,0.0,0.49
1988-01-18,31.31,13.05,30.28,0.0,0.49
1988-01-19,29.91,13.38,27.39,0.0,0.49
1988-01-20,30.19,13.72,27.38,0.0,0.49
1988-01-21,29.46,12.2,28.12,0.0,0.49
1988-01-22,29.62,12.54,27.2,0.0,0.49
1988-01-23,31.44,12.31,21.49,0.0,0.49
1988-01-24,30.08,12.12,19.51,0.0,0.49
1988-01-25,30.11,12.32,18.89,0.0,0.49
1988-01-26,31.86,11.93,19.38,0.0,0.49
1988-01-27,31.67,12.79,24.26,0.0,0.49
1988-01-28,32.24,12.72,24.09,0.0,0.49
1988-01-29,32.04,12.92,18.25,0.0,0.49
1988-01-30,32.36,13.17,15.8,0.0,0.49
1988-01-31,31.49,12.09,15.97,0.0,0.49
1988-02-01,32.14,12.05,15.56,0.0,0.49
1988-02-02,32.45,12.27,14.88,0.0,0.49
1988-02-03,32.41,13.7,14.75,0.0,0.49
1988-02-04,33.25,14.4,15.91,0.0,0.49
1988-02-05,33.22,13.67,15.04,0.0,0.49
1988-02-06,33.43,14.69,17.75,0.0,0.49
1988-02-07,33.06,15.09,21.76,0.0,0.49
1988-02-08,33.49,14.34,19.12,0.0,0.49
1988-02-09,32.63,14.68,20.53,0.0,0.49
1988-02-10,32.98,14.95,24.93,0.0,0.49
1988-02-11,33.42,17.15,24.88,0.0,0.49
1988-02-12,32.73,14.8,18.16,0.0,0.49
1988-02-13,33.67,14.71,16.06,0.0,0.49
1988-02-14,35.11,15.13,16.25,0.0,0.49
1988-02-15,33.5,15.45,17.95,0.0,0.49
1988-02-16,34.2,15.53,23.54,0.0,0.49
1988-02-17,34.76,16.62,28.32,0.06,0.49
1988-02-18,32.67,17.37,34.2,0.36,0.49
1988-02-19,34.68,17.72,30.38,0.0,0.49
1988-02-20,33.82,16.62,23.09,0.0,0.49
1988-02-21,33.61,16.48,28.48,0.0,0.49
1988-02-22,33.5,16.41,20.68,0.0,0.49
1988-02-23,34.42,16.66,23.73,0.0,0.49
1988-02-24,32.33,18.06,29.56,0.0,0.49
1988-02-25,29.81,20.28,43.14,0.01,0.49
1988-02-26,32.91,17.74,43.18,0.0,0.49
1988-02-27,33.19,17.98,38.01,0.0,0.49
1988-02-28,35.4,18.18,31.52,0.0,0.49
1988-02-29,35.69,18.52,22.86,0.0,0.49
1988-03-01,35.61,18.27,25.29,0.28,0.49
1988-03-02,30.57,20.64,36.51,0.0,0.49
1988-03-03,33.61,19.78,39.88,0.0,0.49
1988-03-04,33.82,19.26,35.97,0.0,0.49
1988-03-05,33.99,17.8,26.75,0.0,0.49
1988-03-06,33.3,18.9,24.35,0.0,0.49
1988-03-07,35.95,18.73,20.86,0.0,0.49
1988-03-08,36.5,18.41,23.44,0.0,0.49
1988-03-09,34.96,19.83,27.75,0.0,0.49
1988-03-10,35.06,20.6,29.48,0.0,0.49
1988-03-11,34.67,21.67,35.55,0.0,0.49
1988-03-12,36.31,21.52,28.3,0.0,0.49
1988-03-13,36.4,20.99,24.95,0.0,0.49
1988-03-14,37.41,19.67,26.72,0.0,0.49
1988-03-15,36.17,20.93,39.63,0.02,0.49
1988-03-16,36.79,21.88,30.36,0.0,0.49
1988-03-17,36.43,20.35,20.95,0.0,0.49
1988-03-18,38.57,18.71,17.9,0.0,0.49
1988-03-19,39.46,20.07,19.23,0.0,0.49
1988-03-20,37.11,20.04,29.05,1.5,0.49
1988-03-21,35.23,19.85,34.51,0.09,0.49
1988-03-22,35.4,21.01,24.15,0.0,0.49
1988-03-23,35.29,17.14,14.3,0.0,0.49
1988-03-24,35.08,17.01,16.29,0.0,0.49
1988-03-25,36.66,16.74,17.81,0.0,0.49
1988-03-26,37.63,19.54,17.2,0.0,0.49
1988-03-27,37.07,18.82,23.16,0.0,0.49
1988-03-28,37.69,20.6,32.5,0.0,0.49
1988-03-29,37.92,21.77,35.1,0.0,0.49
1988-03-30,37.28,22.41,29.9,0.0,0.49
1988-03-31,37.26,20.68,27.81,0.0,0.49
1988-04-01,37.06,19.96,26.92,0.0,0.49
1988-04-02,38.95,21.0,22.65,0.0,0.49
1988-04-03,38.82,21.66,19.56,0.0,0.49
1988-04-04,39.86,22.02,23.33,0.0,0.49
1988-04-05,40.17,23.71,27.59,0.0,0.49
1988-04-06,41.1,23.7,27.19,0.0,0.49
1988-04-07,42.52,24.7,21.94,0.0,0.49
1988-04-08,42.44,26.07,20.33,0.0,0.49
1988-04-09,40.51,25.14,25.11,0.06,0.49
1988-04-10,40.26,25.71,29.61,0.84,0.49
1988-04-11,41.22,24.64,31.24,0.0,0.49
1988-04-12,41.62,25.53,26.84,0.07,0.49
1988-04-13,35.75,24.63,33.39,1.6,0.49
1988-04-14,38.41,24.49,34.69,0.62,0.49
1988-04-15,35.22,24.6,47.17,1.06,0.49
1988-04-16,32.67,22.67,51.66,0.53,0.49
1988-04-17,32.59,23.97,47.78,0.01,0.49
1988-04-18,33.6,22.33,47.04,0.13,0.49
1988-04-19,34.2,23.08,47.66,1.03,0.49
1988-04-20,36.8,23.17,46.69,0.09,0.49
1988-04-21,37.59,22.8,41.11,0.19,0.49
1988-04-22,36.72,25.25,42.28,1.49,0.49
1988-04-23,34.32,24.56,44.88,1.72,0.5
1988-04-24,38.07,22.67,43.44,0.39,0.5
1988-04-25,37.59,25.56,36.02,0.05,0.5
1988-04-26,37.7,25.63,40.33,0.72,0.5
1988-04-27,33.08,25.07,41.9,1.64,0.5
1988-04-28,36.32,24.36,40.56,0.47,0.5
1988-04-29,38.51,25.66,36.24,0.06,0.5
1988-04-30,33.03,25.61,51.22,0.19,0.5
1988-05-01,34.54,24.82,47.61,0.14,0.5
1988-05-02,37.28,24.71,45.32,0.61,0.5
1988-05-03,38.95,26.65,43.03,0.01,0.49
1988-05-04,38.57,27.04,42.52,0.19,0.49
1988-05-05,37.03,26.77,48.9,7.46,0.5
1988-05-06,37.18,25.34,56.52,1.9,0.51
1988-05-07,37.77,25.11,53.65,0.26,0.5
1988-05-08,39.52,25.73,46.74,0.16,0.5
1988-05-09,39.42,26.71,44.16,0.33,0.5
1988-05-10,39.18,25.43,46.43,0.54,0.5
1988-05-11,40.89,26.71,44.62,0.12,0.5
1988-05-12,40.03,26.78,44.3,3.16,0.5
1988-05-13,36.81,27.1,50.45,3.28,0.5
1988-05-14,33.21,26.64,60.58,1.27,0.5
1988-05-15,32.81,25.0,63.24,3.08,0.5
1988-05-16,31.48,23.77,69.82,2.64,0.51
1988-05-17,29.59,23.21,77.49,9.56,0.51
1988-05-18,32.28,23.17,73.37,4.19,0.52
1988-05-19,31.73,24.74,75.66,2.86,0.52
1988-05-20,35.23,24.05,68.32,4.07,0.52
1988-05-21,36.59,25.33,62.23,0.27,0.52
1988-05-22,36.25,24.63,63.2,2.03,0.52
1988-05-23,34.52,25.63,62.77,0.1,0.51
1988-05-24,36.87,24.56,57.67,0.14,0.51
1988-05-25,35.95,25.64,56.52,0.01,0.51
1988-05-26,38.36,26.01,49.67,0.0,0.5
1988-05-27,40.33,26.79,45.97,0.0,0.5
1988-05-28,40.89,26.64,44.5,0.02,0.5
1988-05-29,40.2,26.55,43.94,0.19,0.5
1988-05-30,40.79,27.0,43.35,0.07,0.5
1988-05-31,39.41,28.52,42.73,0.09,0.5
1988-06-01,32.71,27.21,57.49,2.51,0.5
1988-06-02,36.64,23.87,55.28,2.49,0.5
1988-06-03,31.46,22.55,61.21,2.38,0.5
1988-06-04,32.63,23.44,63.99,0.13,0.5
1988-06-05,33.86,24.23,65.24,0.82,0.5
1988-06-06,34.31,24.87,56.53,0.61,0.5
1988-06-07,35.42,23.54,53.95,0.69,0.5
1988-06-08,34.87,24.25,58.12,0.07,0.5
1988-06-09,31.53,23.79,69.44,1.01,0.5
1988-06-10,35.53,24.23,61.53,0.01,0.5
1988-06-11,29.83,25.41,74.3,0.04,0.5
1988-06-12,33.87,24.7,62.21,0.08,0.5
1988-06-13,36.1,24.36,54.86,0.02,0.5
1988-06-14,38.2,24.71,52.35,0.02,0.5
1988-06-15,37.92,25.69,50.76,0.0,0.5
1988-06-16,37.81,25.26,51.77,0.0,0.5
1988-06-17,35.81,25.84,57.65,0.0,0.49
1988-06-18,38.72,25.96,49.84,0.02,0.49
1988-06-19,38.66,26.41,48.62,0.0,0.49
1988-06-20,36.89,26.57,55.62,0.4,0.49
1988-06-21,37.48,25.16,59.29,1.75,0.5
1988-06-22,36.13,24.49,62.37,5.19,0.5
1988-06-23,37.08,24.72,56.41,0.39,0.5
1988-06-24,35.51,24.85,60.63,2.67,0.5
1988-06-25,31.31,24.92,71.46,1.88,0.5
1988-06-26,31.99,25.05,73.6,1.81,0.5
1988-06-27,33.69,24.44,67.06,0.26,0.5
1988-06-28,36.31,24.11,61.27,0.49,0.5
1988-06-29,37.77,24.67,57.66,0.14,0.5
1988-06-30,31.5,25.41,70.39,0.2,0.5
1988-07-01,34.24,25.15,64.03,0.09,0.5
1988-07-02,35.06,24.43,63.61,1.27,0.5
1988-07-03,35.44,24.94,57.79,0.14,0.5
1988-07-04,35.78,25.03,56.36,0.83,0.5
1988-07-05,36.55,24.84,54.49,0.14,0.5
1988-07-06,35.36,25.14,57.53,0.08,0.5
1988-07-07,36.95,24.5,55.64,0.33,0.5
1988-07-08,34.21,25.19,62.46,1.04,0.5
1988-07-09,33.81,25.0,59.22,0.02,0.5
1988-07-10,34.64,25.34,58.55,0.26,0.5
1988-07-11,37.28,26.32,50.73,0.0,0.5
1988-07-12,38.5,26.62,55.61,0.07,0.5
1988-07-13,37.61,25.69,57.67,0.86,0.5
1988-07-14,36.05,26.4,55.38,0.68,0.5
1988-07-15,38.25,26.71,53.88,0.02,0.5
1988-07-16,40.98,26.89,54.71,0.48,0.49
1988-07-17,36.09,25.55,58.8,1.28,0.5
1988-07-18,32.71,25.39,64.78,0.1,0.5
1988-07-19,38.21,25.11,53.34,0.1,0.5
1988-07-20,38.0,26.54,52.49,0.11,0.49
1988-07-21,38.0,26.95,54.61,0.31,0.49
1988-07-22,33.68,26.13,61.34,0.38,0.49
1988-07-23,34.6,24.69,61.68,1.16,0.5
1988-07-24,33.42,24.93,63.98,0.6,0.5
1988-07-25,34.6,24.61,62.98,1.87,0.5
1988-07-26,37.75,24.81,55.47,0.14,0.5
1988-07-27,36.41,25.13,54.91,0.02,0.5
1988-07-28,38.92,25.93,49.04,0.07,0.5
1988-07-29,36.03,25.97,56.81,1.67,0.5
1988-07-30,32.0,25.99,67.57,0.33,0.5
1988-07-31,34.56,25.03,69.36,0.64,0.5
1988-08-01,35.25,25.03,63.7,0.14,0.5
1988-08-02,34.61,25.81,65.1,0.09,0.5
1988-08-03,37.22,25.53,55.61,0.06,0.5
1988-08-04,37.35,25.06,57.53,1.71,0.5
1988-08-05,32.18,25.26,68.01,2.46,0.5
1988-08-06,31.79,25.04,72.38,0.93,0.5
1988-08-07,31.6,24.34,72.68,1.64,0.5
1988-08-08,34.71,24.43,67.05,1.7,0.5
1988-08-09,35.8,25.11,62.57,0.15,0.5
1988-08-10,33.06,25.71,60.27,0.1,0.5
1988-08-11,33.13,24.83,60.9,1.08,0.5
1988-08-12,37.2,25.2,55.37,0.94,0.5
1988-08-13,36.52,25.47,57.73,2.26,0.5
1988-08-14,31.98,26.1,65.32,0.31,0.5
1988-08-15,35.18,24.53,66.62,2.36,0.5
1988-08-16,39.12,24.79,61.77,1.59,0.5
1988-08-17,37.48,25.88,56.75,0.03,0.5
1988-08-18,37.33,26.19,51.4,0.0,0.5
1988-08-19,38.51,26.5,51.75,0.12,0.5
1988-08-20,36.14,25.67,58.63,2.42,0.5
1988-08-21,34.53,25.29,57.78,0.06,0.5
1988-08-22,34.42,25.7,55.76,0.02,0.5
1988-08-23,35.29,25.3,56.25,0.0,0.5
1988-08-24,37.69,25.85,50.58,0.02,0.5
1988-08-25,38.49,26.71,48.07,0.22,0.5
1988-08-26,37.52,26.41,52.37,1.68,0.5
1988-08-27,38.35,26.29,50.54,0.9,0.5
1988-08-28,35.04,25.86,61.05,2.91,0.5
1988-08-29,35.43,25.61,56.09,0.19,0.5
1988-08-30,36.27,25.16,56.05,2.02,0.5
1988-08-31,34.88,25.22,61.72,0.92,0.5
1988-09-01,33.5,25.02,67.59,2.7,0.5
1988-09-02,34.47,24.1,66.39,2.81,0.5
1988-09-03,36.87,25.04,56.79,0.49,0.5
1988-09-04,37.39,24.46,54.72,1.24,0.5
1988-09-05,37.15,25.53,57.19,2.81,0.5
1988-09-06,35.87,25.51,58.69,1.86,0.5
1988-09-07,32.69,24.2,67.32,6.23,0.51
1988-09-08,35.93,24.01,62.17,1.54,0.51
1988-09-09,35.69,24.74,59.44,0.16,0.51
1988-09-10,37.38,27.03,54.18,1.17,0.5
1988-09-11,31.43,25.23,74.63,4.61,0.51
1988-09-12,32.16,24.37,75.64,2.22,0.51
1988-09-13,34.83,24.49,67.03,1.57,0.51
1988-09-14,32.68,25.27,66.99,0.25,0.51
1988-09-15,34.55,24.61,66.6,0.06,0.51
1988-09-16,36.69,24.26,56.68,0.07,0.5
1988-09-17,38.5,24.78,52.33,0.1,0.5
1988-09-18,38.77,25.57,47.95,0.14,0.5
1988-09-19,41.8,26.46,42.35,0.05,0.5
1988-09-20,39.98,26.58,45.0,0.61,0.5
1988-09-21,40.04,25.95,46.72,0.24,0.5
1988-09-22,37.3,26.5,51.86,0.18,0.5
1988-09-23,38.31,25.89,47.02,1.41,0.5
1988-09-24,40.91,25.3,43.07,1.38,0.5
1988-09-25,39.53,27.89,44.57,1.3,0.5
1988-09-26,38.27,27.23,46.78,0.6,0.5
1988-09-27,38.78,26.72,49.07,0.53,0.5
1988-09-28,37.28,26.74,54.71,3.59,0.5
1988-09-29,36.32,26.79,59.86,0.01,0.5
1988-09-30,38.93,26.24,55.04,0.31,0.5
1988-10-01,38.01,26.35,54.63,1.6,0.5
1988-10-02,37.63,26.56,56.39,1.48,0.5
1988-10-03,37.52,25.77,58.87,2.87,0.5
1988-10-04,36.1,25.55,64.93,4.01,0.5
1988-10-05,35.1,24.46,72.9,5.74,0.51
1988-10-06,35.71,23.96,63.97,0.85,0.51
1988-10-07,35.69,23.82,66.34,1.83,0.51
1988-10-08,34.6,24.86,66.11,0.53,0.51
1988-10-09,33.19,25.28,69.1,0.86,0.51
1988-10-10,36.89,24.74,63.57,2.05,0.5
1988-10-11,38.57,24.55,57.29,0.53,0.5
1988-10-12,38.3,25.06,52.04,1.08,0.5
1988-10-13,37.79,24.94,59.61,4.22,0.5
1988-10-14,34.73,24.13,73.51,8.43,0.51
1988-10-15,30.41,24.32,81.2,1.37,0.52
1988-10-16,33.27,24.34,72.58,0.09,0.52
1988-10-17,38.34,23.37,58.88,0.26,0.51
1988-10-18,33.63,24.54,65.41,0.94,0.51
1988-10-19,31.43,24.0,74.13,0.61,0.51
1988-10-20,33.29,22.52,66.3,0.1,0.51
1988-10-21,34.52,23.01,57.54,0.1,0.5
1988-10-22,36.35,23.68,51.78,0.01,0.5
1988-10-23,37.63,23.39,50.94,0.04,0.5
1988-10-24,35.31,25.53,50.49,0.28,0.5
1988-10-25,35.09,25.18,51.78,0.0,0.5
1988-10-26,35.76,24.66,45.77,0.0,0.5
1988-10-27,37.84,23.48,40.76,0.0,0.5
1988-10-28,36.74,22.6,36.6,0.0,0.5
1988-10-29,35.55,21.97,33.61,0.0,0.5
1988-10-30,35.15,21.64,34.46,0.0,0.49
1988-10-31,35.58,19.94,35.91,0.0,0.49
1988-11-01,35.51,19.9,39.62,0.0,0.49
1988-11-02,35.77,21.24,39.42,0.0,0.49
1988-11-03,36.11,23.17,41.36,0.06,0.49
1988-11-04,35.2,24.2,45.75,0.25,0.49
1988-11-05,34.85,23.84,44.64,0.13,0.49
1988-11-06,35.24,22.83,37.86,0.0,0.49
1988-11-07,35.27,20.45,35.39,0.0,0.49
1988-11-08,35.09,19.21,34.87,0.0,0.49
1988-11-09,35.86,19.05,36.51,0.0,0.49
1988-11-10,34.65,20.25,36.21,0.0,0.49
1988-11-11,34.97,22.55,31.59,0.0,0.49
1988-11-12,35.06,19.05,31.3,0.0,0.49
1988-11-13,32.23,21.35,33.26,0.0,0.49
1988-11-14,32.11,21.7,40.04,0.0,0.49
1988-11-15,34.94,19.53,44.65,0.54,0.49
1988-11-16,34.61,20.75,51.0,2.64,0.49
1988-11-17,31.55,19.09,56.15,2.47,0.5
1988-11-18,23.61,18.91,80.29,12.88,0.51
1988-11-19,20.79,18.66,83.33,2.96,0.52
1988-11-20,28.23,18.38,74.73,0.12,0.52
1988-11-21,27.38,18.75,72.12,0.22,0.52
1988-11-22,29.6,19.29,69.87,0.07,0.51
1988-11-23,29.38,20.12,74.88,2.83,0.51
1988-11-24,32.77,19.74,69.53,0.33,0.51
1988-11-25,32.55,20.22,62.4,0.03,0.51
1988-11-26,31.61,21.02,61.92,0.15,0.51
1988-11-27,29.84,22.01,75.52,2.17,0.51
1988-11-28,26.95,21.19,84.13,4.22,0.51
1988-11-29,30.28,18.46,63.43,0.22,0.51
1988-11-30,30.21,18.45,61.87,1.19,0.51
1988-12-01,31.04,18.28,63.84,0.0,0.51
1988-12-02,32.59,18.65,58.86,0.0,0.51
1988-12-03,31.6,19.6,58.65,0.09,0.51
1988-12-04,32.35,18.0,56.02,0.0,0.5
1988-12-05,30.58,19.81,52.03,0.0,0.5
1988-12-06,30.57,18.36,53.22,0.0,0.5
1988-12-07,30.25,17.66,51.64,0.0,0.5
1988-12-08,29.86,17.25,52.64,0.0,0.5
1988-12-09,31.21,19.17,52.42,0.0,0.5
1988-12-10,30.16,20.05,55.08,0.03,0.5
1988-12-11,31.22,18.12,50.05,0.0,0.5
1988-12-12,30.11,17.45,51.01,0.0,0.5
1988-12-13,30.05,19.01,51.19,0.0,0.5
1988-12-14,30.0,17.98,51.85,0.0,0.5
1988-12-15,29.17,18.23,52.45,0.0,0.5
1988-12-16,27.08,19.62,61.81,0.0,0.5
1988-12-17,27.02,18.45,59.77,0.0,0.5
1988-12-18,29.32,16.72,53.17,0.0,0.5
1988-12-19,31.05,16.28,48.78,0.0,0.5
1988-12-20,31.35,15.33,45.23,0.0,0.5
1988-12-21,30.9,15.33,41.0,0.0,0.5
1988-12-22,31.63,15.6,38.24,0.0,0.5
1988-12-23,31.77,15.58,37.74,0.0,0.49
1988-12-24,30.89,14.82,37.44,0.0,0.49
1988-12-25,32.48,14.38,36.37,0.0,0.49
1988-12-26,29.69,15.41,36.47,0.0,0.49
1988-12-27,30.26,17.63,38.41,0.0,0.49
1988-12-28,31.28,16.41,45.71,0.0,0.49
1988-12-29,30.93,16.87,40.38,0.39,0.49
1988-12-30,30.96,16.07,42.39,0.0,0.49
1988-12-31,30.49,16.31,42.17,0.0,0.49
1989-01-01,30.75,15.94,42.16,0.0,0.49
1989-01-02,30.31,15.22,37.28,0.0,0.49
1989-01-03,29.18,14.8,39.56,0.0,0.49
1989-01-04,27.72,13.45,34.6,0.02,0.49
1989-01-05,29.71,12.73,28.98,0.06,0.49
1989-01-06,28.88,12.44,33.63,0.0,0.49
1989-01-07,29.09,12.45,38.09,0.0,0.49
1989-01-08,29.86,12.33,35.3,0.0,0.49
1989-01-09,30.29,12.46,27.2,0.0,0.49
1989-01-10,28.62,11.85,23.89,0.0,0.49
1989-01-11,28.59,11.29,24.85,0.0,0.49
1989-01-12,27.06,12.31,28.18,0.0,0.49
1989-01-13,28.49,10.0,23.81,0.0,0.49
1989-01-14,28.83,9.66,20.15,0.0,0.49
1989-01-15,29.05,11.32,17.14,0.0,0.49
1989-01-16,29.13,11.16,22.24,0.0,0.49
1989-01-17,27.21,12.34,29.0,0.0,0.49
1989-01-18,28.26,10.86,29.03,0.0,0.49
1989-01-19,27.55,10.01,26.66,0.0,0.49
1989-01-20,27.61,9.36,24.87,0.0,0.49
1989-01-21,28.59,10.48,22.93,0.0,0.49
1989-01-22,29.13,10.11,23.42,0.0,0.49
1989-01-23,29.46,11.53,23.66,0.0,0.49
1989-01-24,28.19,12.44,30.71,0.25,0.49
1989-01-25,27.78,11.78,30.71,0.0,0.49
1989-01-26,30.07,10.51,19.74,0.0,0.49
1989-01-27,31.36,11.03,17.84,0.0,0.49
1989-01-28,30.06,12.06,21.55,0.0,0.49
1989-01-29,29.87,13.23,22.05,0.0,0.49
1989-01-30,29.95,10.73,17.67,0.0,0.49
1989-01-31,31.18,12.17,16.59,0.0,0.49
1989-02-01,30.97,12.44,20.93,0.0,0.49
1989-02-02,31.4,11.96,18.71,0.0,0.49
1989-02-03,32.55,12.31,18.94,0.0,0.49
1989-02-04,30.33,13.57,27.09,0.0,0.49
1989-02-05,30.52,14.08,38.65,0.0,0.49
1989-02-06,32.06,14.96,37.71,0.0,0.49
1989-02-07,32.59,15.12,37.33,0.04,0.49
1989-02-08,32.09,15.9,30.44,0.0,0.49
1989-02-09,31.64,15.36,28.4,0.0,0.49
1989-02-10,32.85,14.04,23.83,0.0,0.49
1989-02-11,33.29,14.28,21.45,0.0,0.49
1989-02-12,32.63,14.76,21.79,0.04,0.49
1989-02-13,30.52,18.35,22.45,0.16,0.49
1989-02-14,30.06,14.93,30.99,0.0,0.49
1989-02-15,30.65,13.62,39.98,0.26,0.49
1989-02-16,30.54,16.31,46.92,0.0,0.49
1989-02-17,32.46,15.24,31.29,0.0,0.49
1989-02-18,33.0,15.64,29.29,0.0,0.49
1989-02-19,34.57,16.03,26.21,0.02,0.49
1989-02-20,31.35,15.9,36.09,0.0,0.49
1989-02-21,29.55,15.13,36.62,0.0,0.49
1989-02-22,30.94,14.56,21.95,0.0,0.49
1989-02-23,31.74,13.77,18.51,0.0,0.49
1989-02-24,34.48,14.0,18.78,0.0,0.49
1989-02-25,34.33,13.27,15.74,0.0,0.49
1989-02-26,34.27,14.88,17.13,0.0,0.49
1989-02-27,34.57,14.91,21.45,0.0,0.49
1989-02-28,33.64,15.8,21.84,0.0,0.49
1989-03-01,34.19,16.4,18.61,0.0,0.49
1989-03-02,34.47,15.86,19.51,0.0,0.49
1989-03-03,36.23,17.11,16.95,0.0,0.49
1989-03-04,35.7,16.87,16.3,0.0,0.49
1989-03-05,35.07,15.9,12.91,0.0,0.49
1989-03-06,35.79,14.89,11.05,0.0,0.49
1989-03-07,35.49,16.78,12.52,0.0,0.49
1989-03-08,35.59,15.7,16.93,0.0,0.49
1989-03-09,34.66,16.4,26.0,0.0,0.49
1989-03-10,34.44,18.65,32.54,0.0,0.49
1989-03-11,36.47,18.9,26.83,0.0,0.49
1989-03-12,32.64,19.61,34.83,0.26,0.49
1989-03-13,34.31,18.33,32.56,0.07,0.49
1989-03-14,35.23,18.49,30.6,0.0,0.49
1989-03-15,35.7,18.47,28.19,0.0,0.49
1989-03-16,36.27,19.03,26.16,0.0,0.49
1989-03-17,36.26,18.96,25.04,0.0,0.49
1989-03-18,35.77,18.89,23.72,0.0,0.49
1989-03-19,36.41,19.33,23.33,0.0,0.49
1989-03-20,36.32,19.33,25.07,0.78,0.49
1989-03-21,36.09,19.14,26.46,2.12,0.49
1989-03-22,35.74,20.91,37.06,0.41,0.49
1989-03-23,36.93,22.27,38.95,0.31,0.49
1989-03-24,36.79,21.65,44.39,0.0,0.49
1989-03-25,36.36,22.13,42.78,0.0,0.49
1989-03-26,38.42,22.42,28.69,0.0,0.49
1989-03-27,39.61,21.78,23.28,0.0,0.49
1989-03-28,39.23,22.82,26.6,0.01,0.49
1989-03-29,36.19,22.44,32.17,0.53,0.49
1989-03-30,33.25,20.81,39.99,5.29,0.5
1989-03-31,33.21,21.4,40.38,0.06,0.5
1989-04-01,35.28,18.9,31.01,0.03,0.5
1989-04-02,36.57,20.98,40.7,2.6,0.5
1989-04-03,36.71,21.9,42.67,0.15,0.5
1989-04-04,37.76,24.67,36.22,0.0,0.5
1989-04-05,37.17,23.94,32.24,0.0,0.5
1989-04-06,38.43,21.61,25.15,0.0,0.49
1989-04-07,38.91,21.16,22.99,0.0,0.49
1989-04-08,38.33,21.29,27.97,0.0,0.49
1989-04-09,38.98,20.83,22.29,0.0,0.49
1989-04-10,38.97,22.21,32.21,0.0,0.49
1989-04-11,37.9,22.66,37.36,0.0,0.49
1989-04-12,38.18,21.97,38.87,0.0,0.49
1989-04-13,39.21,24.16,34.04,0.03,0.49
1989-04-14,39.68,23.66,32.53,0.0,0.49
1989-04-15,40.85,23.49,22.27,0.0,0.49
1989-04-16,39.81,23.34,30.81,0.0,0.49
1989-04-17,41.47,24.95,27.17,0.0,0.49
1989-04-18,40.34,24.04,24.81,0.0,0.49
1989-04-19,41.22,24.28,27.08,0.0,0.49
1989-04-20,41.15,25.2,25.87,0.0,0.49
1989-04-21,39.35,25.89,27.83,0.0,0.49
1989-04-22,39.92,26.0,31.13,0.01,0.49
1989-04-23,41.23,24.74,31.62,0.0,0.49
1989-04-24,36.94,26.1,34.85,0.79,0.49
1989-04-25,39.59,23.4,39.94,0.96,0.49
1989-04-26,39.69,24.47,38.4,0.43,0.49
1989-04-27,37.53,24.99,43.2,0.01,0.49
1989-04-28,37.93,24.23,43.73,0.21,0.49
1989-04-29,36.19,24.21,46.0,0.11,0.49
1989-04-30,35.13,25.06,45.69,0.03,0.49
1989-05-01,38.35,25.07,40.33,0.0,0.49
1989-05-02,38.88,26.45,38.87,0.0,0.49
1989-05-03,39.38,26.58,38.13,0.0,0.49
1989-05-04,40.58,26.93,36.16,0.0,0.49
1989-05-05,41.0,27.74,37.31,0.0,0.49
1989-05-06,40.98,26.55,39.78,0.0,0.49
1989-05-07,41.55,26.77,36.56,0.0,0.49
1989-05-08,39.81,26.48,40.82,0.0,0.49
1989-05-09,40.09,26.38,39.55,0.0,0.49
1989-05-10,41.26,25.84,30.0,0.0,0.49
1989-05-11,41.04,25.48,30.92,0.01,0.49
1989-05-12,39.57,26.66,40.8,0.42,0.49
1989-05-13,35.05,26.38,58.47,6.06,0.5
1989-05-14,33.66,25.24,64.04,3.47,0.5
1989-05-15,34.77,24.77,58.87,0.01,0.5
1989-05-16,36.3,25.04,54.08,0.0,0.5
1989-05-17,38.11,25.55,47.63,0.0,0.5
1989-05-18,38.32,26.68,45.8,0.0,0.5
1989-05-19,36.23,27.98,49.81,0.0,0.5
1989-05-20,35.36,27.17,49.87,0.0,0.5
1989-05-21,36.42,27.31,48.6,0.01,0.49
1989-05-22,40.7,26.37,48.81,0.0,0.49
1989-05-23,40.49,26.97,48.92,0.01,0.49
1989-05-24,39.35,26.25,48.02,0.01,0.49
1989-05-25,35.9,27.59,50.44,0.09,0.49
1989-05-26,38.04,26.68,49.86,0.08,0.49
1989-05-27,39.02,25.95,46.02,0.16,0.49
1989-05-28,40.49,26.52,41.82,0.08,0.49
1989-05-29,39.6,26.04,41.06,0.01,0.49
1989-05-30,40.51,27.75,38.51,0.0,0.49
1989-05-31,39.2,28.77,37.68,0.01,0.49
1989-06-01,38.35,28.96,40.43,0.0,0.49
1989-06-02,37.49,28.13,48.09,0.06,0.49
1989-06-03,39.07,26.84,45.58,0.0,0.49
1989-06-04,38.65,26.98,48.16,0.0,0.49
1989-06-05,36.06,27.31,51.43,0.01,0.49
1989-06-06,35.15,25.77,53.6,0.08,0.49
1989-06-07,37.58,26.78,48.47,0.03,0.49
1989-06-08,33.82,27.52,53.99,0.02,0.49
1989-06-09,38.68,26.39,45.4,0.14,0.49
1989-06-10,39.42,28.02,46.97,0.42,0.49
1989-06-11,36.65,26.22,51.96,0.04,0.49
1989-06-12,37.41,26.56,53.15,0.11,0.49
1989-06-13,34.61,25.7,61.35,0.5,0.49
1989-06-14,34.48,25.31,59.24,0.66,0.49
1989-06-15,34.07,24.71,55.99,1.27,0.49
1989-06-16,36.0,25.04,54.41,0.04,0.49
1989-06-17,34.66,25.67,51.66,0.03,0.49
1989-06-18,36.68,25.13,53.57,0.9,0.49
1989-06-19,38.33,25.09,53.57,0.27,0.49
1989-06-20,37.35,24.96,52.48,0.07,0.49
1989-06-21,36.28,24.76,53.73,0.0,0.49
1989-06-22,38.74,24.97,46.96,0.08,0.49
1989-06-23,36.88,26.34,53.28,5.83,0.5
1989-06-24,33.36,25.53,63.65,1.92,0.5
1989-06-25,36.84,24.95,54.32,0.42,0.5
1989-06-26,37.9,26.26,51.38,0.2,0.5
1989-06-27,36.81,26.99,52.16,0.01,0.5
1989-06-28,35.15,26.52,54.3,0.01,0.5
1989-06-29,35.37,25.81,55.17,0.08,0.5
1989-06-30,37.38,25.24,53.41,0.07,0.5
1989-07-01,36.7,25.51,52.51,0.04,0.49
1989-07-02,36.77,25.42,52.7,0.01,0.49
1989-07-03,36.66,25.6,51.24,0.0,0.49
1989-07-04,33.59,25.68,55.34,0.09,0.49
1989-07-05,35.92,26.37,54.15,0.01,0.49
1989-07-06,35.23,26.66,51.71,0.01,0.49
1989-07-07,34.64,26.6,57.63,0.14,0.49
1989-07-08,35.12,25.61,56.22,0.02,0.49
1989-07-09,40.42,26.44,41.36,0.02,0.49
1989-07-10,40.98,27.87,35.57,0.18,0.49
1989-07-11,35.85,26.85,57.11,3.38,0.49
1989-07-12,32.46,25.54,69.06,0.32,0.5
1989-07-13,35.32,24.72,63.07,0.51,0.5
1989-07-14,35.54,24.87,57.91,0.57,0.5
1989-07-15,36.61,26.36,52.43,0.02,0.5
1989-07-16,36.05,27.09,50.38,0.71,0.5
1989-07-17,32.95,26.66,59.25,0.72,0.5
1989-07-18,39.09,26.51,46.23,0.05,0.5
1989-07-19,36.93,27.89,50.79,0.1,0.5
1989-07-20,35.66,26.73,57.96,0.62,0.5
1989-07-21,38.42,27.44,49.8,0.0,0.49
1989-07-22,39.49,26.27,49.39,0.01,0.49
1989-07-23,37.11,26.23,48.98,0.03,0.49
1989-07-24,35.04,27.0,51.5,0.01,0.49
1989-07-25,35.11,26.38,55.85,0.02,0.49
1989-07-26,36.92,25.16,58.54,0.01,0.49
1989-07-27,34.67,25.27,60.68,0.55,0.49
1989-07-28,34.36,24.27,60.17,3.3,0.5
1989-07-29,35.41,24.42,63.08,7.18,0.5
1989-07-30,31.25,24.05,73.85,9.33,0.51
1989-07-31,29.79,23.72,76.67,2.71,0.52
1989-08-01,35.11,23.61,63.91,0.43,0.52
1989-08-02,35.8,23.72,60.17,0.36,0.51
1989-08-03,36.85,24.07,59.03,0.71,0.51
1989-08-04,34.35,24.43,70.11,3.79,0.51
1989-08-05,34.28,23.95,65.88,0.54,0.51
1989-08-06,34.6,24.08,60.88,0.03,0.51
1989-08-07,37.1,24.03,57.32,0.45,0.5
1989-08-08,35.7,24.29,57.92,1.74,0.5
1989-08-09,34.85,24.7,63.74,4.33,0.51
1989-08-10,37.04,24.93,57.83,0.07,0.5
1989-08-11,38.38,25.45,53.82,0.0,0.5
1989-08-12,37.76,25.95,52.77,0.01,0.5
1989-08-13,37.04,25.55,51.92,0.83,0.5
1989-08-14,33.11,25.32,61.27,1.44,0.5
1989-08-15,34.82,24.76,60.33,0.84,0.5
1989-08-16,36.41,25.26,54.6,0.57,0.5
1989-08-17,37.79,25.19,52.76,0.27,0.5
1989-08-18,38.62,25.52,48.46,0.0,0.5
1989-08-19,38.42,25.87,49.71,0.05,0.5
1989-08-20,35.17,26.76,60.55,0.94,0.5
1989-08-21,29.88,25.57,72.77,0.53,0.5
1989-08-22,34.65,25.24,60.43,0.11,0.5
1989-08-23,37.55,25.33,52.89,0.4,0.5
1989-08-24,39.15,25.69,52.72,0.0,0.5
1989-08-25,37.41,26.73,51.09,0.01,0.5
1989-08-26,36.21,26.81,52.43,0.01,0.49
1989-08-27,34.5,26.27,55.92,0.2,0.49
1989-08-28,35.65,25.45,57.71,1.11,0.5
1989-08-29,33.6,26.91,58.12,0.1,0.5
1989-08-30,37.3,25.62,57.62,1.7,0.5
1989-08-31,32.05,24.57,68.83,2.02,0.5
1989-09-01,36.43,25.05,56.59,0.19,0.5
1989-09-02,36.99,26.41,55.87,1.88,0.5
1989-09-03,32.65,25.54,65.93,1.87,0.5
1989-09-04,36.57,25.78,55.0,0.26,0.5
1989-09-05,30.26,24.17,71.46,1.87,0.5
1989-09-06,37.04,24.61,57.24,0.15,0.5
1989-09-07,39.03,26.08,53.89,0.7,0.5
1989-09-08,39.79,25.54,55.73,3.6,0.5
1989-09-09,39.98,26.66,52.37,0.07,0.5
1989-09-10,36.89,27.01,55.73,0.09,0.5
1989-09-11,33.71,25.57,58.35,0.01,0.5
1989-09-12,37.37,25.75,52.99,0.0,0.5
1989-09-13,37.27,25.58,50.59,0.02,0.5
1989-09-14,38.37,25.97,47.12,0.02,0.5
1989-09-15,38.4,27.37,48.17,0.03,0.49
1989-09-16,37.65,27.57,48.68,0.43,0.49
1989-09-17,37.36,26.04,50.37,0.22,0.49
1989-09-18,36.01,24.56,57.08,0.66,0.49
1989-09-19,36.37,26.36,50.18,0.07,0.49
1989-09-20,39.9,27.29,44.03,0.04,0.49
1989-09-21,38.06,26.32,47.61,0.0,0.49
1989-09-22,37.78,26.69,50.47,0.06,0.49
1989-09-23,30.97,26.59,63.26,0.01,0.49
1989-09-24,33.72,25.38,58.88,0.68,0.49
1989-09-25,33.61,23.48,63.48,2.45,0.5
1989-09-26,36.33,24.12,59.11,0.05,0.5
1989-09-27,34.86,24.18,53.16,0.05,0.5
1989-09-28,37.73,24.46,47.3,0.0,0.5
1989-09-29,37.19,26.6,45.08,0.01,0.49
1989-09-30,37.06,27.12,45.47,0.02,0.49
1989-10-01,37.44,26.69,47.19,0.35,0.49
1989-10-02,39.07,25.92,48.17,0.12,0.49
1989-10-03,39.7,26.0,46.41,0.03,0.49
1989-10-04,39.23,27.3,44.18,1.53,0.49
1989-10-05,37.14,26.89,49.77,0.22,0.49
1989-10-06,35.9,25.44,58.12,0.78,0.49
1989-10-07,31.8,24.81,65.88,1.08,0.5
1989-10-08,33.2,25.04,63.19,0.36,0.5
1989-10-09,35.66,24.78,55.2,0.2,0.5
1989-10-10,35.23,25.01,53.39,0.33,0.5
1989-10-11,33.46,25.64,54.98,0.04,0.5
1989-10-12,38.71,24.98,44.11,0.0,0.49
1989-10-13,38.92,26.05,40.99,0.01,0.49
1989-10-14,40.68,25.66,40.73,0.3,0.49
1989-10-15,34.98,26.2,59.2,2.4,0.49
1989-10-16,33.13,25.14,69.09,5.11,0.5
1989-10-17,33.62,24.51,66.54,0.34,0.5
1989-10-18,35.34,23.73,60.93,1.5,0.5
1989-10-19,32.62,24.83,63.25,0.54,0.5
1989-10-20,29.8,24.01,67.93,0.82,0.5
1989-10-21,30.08,22.86,63.38,0.66,0.5
1989-10-22,33.42,21.44,62.85,1.0,0.5
1989-10-23,33.07,21.55,55.46,0.0,0.5
1989-10-24,32.46,22.54,56.58,0.26,0.5
1989-10-25,32.75,22.88,61.95,2.32,0.5
1989-10-26,32.62,22.46,64.7,3.81,0.51
1989-10-27,34.83,22.31,59.86,0.09,0.5
1989-10-28,35.98,23.0,52.72,0.0,0.5
1989-10-29,35.06,23.15,49.28,0.0,0.5
1989-10-30,32.44,23.93,55.01,0.01,0.5
1989-10-31,29.12,23.49,60.72,0.4,0.5
1989-11-01,31.53,21.71,57.31,1.22,0.5
1989-11-02,33.98,21.69,49.8,0.13,0.5
1989-11-03,34.14,21.32,45.03,0.0,0.5
1989-11-04,33.84,20.13,38.3,0.0,0.5
1989-11-05,34.53,18.51,40.94,0.0,0.5
1989-11-06,34.44,17.94,39.64,0.0,0.5
1989-11-07,35.1,17.53,35.72,0.0,0.49
1989-11-08,35.12,18.0,34.39,0.0,0.49
1989-11-09,34.43,19.72,38.08,0.0,0.49
1989-11-10,33.78,22.34,44.6,0.0,0.49
1989-11-11,34.15,21.16,42.27,0.0,0.49
1989-11-12,34.25,20.89,39.52,0.0,0.49
1989-11-13,34.94,21.19,40.36,0.0,0.49
1989-11-14,34.39,20.13,37.7,0.0,0.49
1989-11-15,33.69,20.16,34.87,0.0,0.49
1989-11-16,32.79,20.45,41.01,0.0,0.49
1989-11-17,33.46,20.71,43.72,0.0,0.49
1989-11-18,33.22,18.68,35.69,0.02,0.49
1989-11-19,33.12,18.73,36.02,0.0,0.49
1989-11-20,29.74,19.13,52.76,0.0,0.49
1989-11-21,31.18,20.37,47.25,0.0,0.49
1989-11-22,30.8,19.89,40.12,0.19,0.49
1989-11-23,30.92,18.31,43.25,0.0,0.49
1989-11-24,32.88,18.65,36.85,0.0,0.49
1989-11-25,33.12,18.34,42.9,0.0,0.49
1989-11-26,32.91,18.51,41.45,0.0,0.49
1989-11-27,32.81,17.6,37.86,0.0,0.49
1989-11-28,33.08,17.43,42.52,0.21,0.49
1989-11-29,32.01,18.28,43.94,0.07,0.49
1989-11-30,31.29,19.13,44.04,0.02,0.49
1989-12-01,31.91,18.31,39.83,0.07,0.49
1989-12-02,31.45,17.84,31.95,0.13,0.49
1989-12-03,30.96,15.74,34.38,0.0,0.49
1989-12-04,30.58,14.44,33.52,0.0,0.49
1989-12-05,30.71,13.11,29.85,0.0,0.49
1989-12-06,30.83,12.56,30.06,0.0,0.49
1989-12-07,31.15,12.09,27.4,0.0,0.49
1989-12-08,32.01,12.63,32.26,0.0,0.49
1989-12-09,30.95,13.0,27.95,0.0,0.49
1989-12-10,30.53,12.89,23.07,0.0,0.49
1989-12-11,30.46,12.75,25.06,0.0,0.49
1989-12-12,30.14,13.76,34.35,0.0,0.49
1989-12-13,30.32,14.15,41.19,0.0,0.49
1989-12-14,29.23,15.22,49.6,0.0,0.49
1989-12-15,30.69,15.93,48.26,0.02,0.49
1989-12-16,27.94,17.95,50.37,0.23,0.49
1989-12-17,28.98,14.96,47.71,0.0,0.49
1989-12-18,29.73,13.18,34.03,0.0,0.49
1989-12-19,29.21,12.9,40.2,0.0,0.49
1989-12-20,28.35,13.2,42.14,0.0,0.49
1989-12-21,29.16,13.64,38.44,0.0,0.49
1989-12-22,28.89,13.48,36.58,0.0,0.49
1989-12-23,29.23,12.6,34.3,0.0,0.49
1989-12-24,28.88,11.97,31.51,0.0,0.49
1989-12-25,28.98,12.57,31.56,0.0,0.49
1989-12-26,30.15,12.63,31.07,0.0,0.49
1989-12-27,28.98,13.79,26.26,0.0,0.49
1989-12-28,29.26,13.18,37.35,0.0,0.49
1989-12-29,28.49,12.35,41.12,0.0,0.49
1989-12-30,28.22,11.5,29.05,0.0,0.49
1989-12-31,27.86,10.41,23.47,0.0,0.49
1990-01-01,29.12,11.35,20.91,0.0,0.49
1990-01-02,29.63,10.61,22.99,0.0,0.49
1990-01-03,30.8,11.03,22.49,0.0,0.49
1990-01-04,30.05,13.07,24.49,0.0,0.49
1990-01-05,30.33,13.3,29.05,0.0,0.49
1990-01-06,29.95,12.4,25.55,0.0,0.49
1990-01-07,31.03,12.13,20.69,0.0,0.49
1990-01-08,29.86,11.95,20.04,0.0,0.49
1990-01-09,29.46,11.14,21.16,0.0,0.49
1990-01-10,28.69,10.23,22.1,0.0,0.49
1990-01-11,29.01,10.01,22.17,0.0,0.49
1990-01-12,29.24,10.47,22.57,0.0,0.49
1990-01-13,29.44,11.19,20.47,0.0,0.49
1990-01-14,28.96,11.22,21.33,0.0,0.49
1990-01-15,29.83,11.11,23.92,0.0,0.49
1990-01-16,30.46,11.73,25.22,0.0,0.49
1990-01-17,29.19,11.8,28.34,0.0,0.49
1990-01-18,30.89,12.01,28.95,0.0,0.49
1990-01-19,31.56,12.65,29.45,0.11,0.49
1990-01-20,31.41,13.11,28.84,0.0,0.49
1990-01-21,31.4,15.22,30.49,0.0,0.49
1990-01-22,31.26,15.24,30.31,0.0,0.49
1990-01-23,31.51,15.26,30.12,0.0,0.49
1990-01-24,31.96,14.56,28.84,0.0,0.49
1990-01-25,31.67,14.42,31.55,0.0,0.49
1990-01-26,31.78,15.53,37.49,0.0,0.49
1990-01-27,31.08,16.98,39.89,0.0,0.49
1990-01-28,31.42,15.63,37.52,0.0,0.49
1990-01-29,31.8,15.82,35.0,0.0,0.49
1990-01-30,32.53,15.14,32.29,0.0,0.49
1990-01-31,32.9,15.38,28.99,0.0,0.49
1990-02-01,32.93,15.99,27.05,0.0,0.49
1990-02-02,31.98,15.69,25.97,0.0,0.49
1990-02-03,32.38,15.06,23.62,0.03,0.49
1990-02-04,31.75,15.36,23.99,0.0,0.49
1990-02-05,29.87,14.23,28.22,0.0,0.49
1990-02-06,31.8,15.02,26.87,0.0,0.49
1990-02-07,33.06,14.68,23.54,0.0,0.49
1990-02-08,32.6,14.8,24.85,0.0,0.49
1990-02-09,32.21,15.24,23.98,0.0,0.49
1990-02-10,34.7,16.12,24.58,0.0,0.49
1990-02-11,33.89,16.77,27.57,0.03,0.49
1990-02-12,33.04,19.24,29.05,0.17,0.49
1990-02-13,33.0,16.63,26.04,0.0,0.49
1990-02-14,33.07,15.24,24.03,0.0,0.49
1990-02-15,32.25,15.16,22.83,0.02,0.49
1990-02-16,30.02,18.97,37.16,0.16,0.49
1990-02-17,31.66,16.08,38.52,0.0,0.49
1990-02-18,31.5,15.89,34.18,0.0,0.49
1990-02-19,30.44,17.67,37.21,0.0,0.49
1990-02-20,29.6,16.93,42.34,0.25,0.49
1990-02-21,29.86,18.96,44.45,0.33,0.49
1990-02-22,29.89,17.21,46.95,0.38,0.49
1990-02-23,30.02,18.39,46.6,0.01,0.49
1990-02-24,31.74,16.18,40.19,0.0,0.49
1990-02-25,32.25,16.4,31.28,0.0,0.49
1990-02-26,32.34,15.54,28.07,0.14,0.49
1990-02-27,31.32,17.27,41.9,0.25,0.49
1990-02-28,33.86,17.58,38.03,0.05,0.49
1990-03-01,34.96,18.78,34.28,0.03,0.49
1990-03-02,34.16,19.49,38.6,0.62,0.49
1990-03-03,31.22,19.32,55.81,3.91,0.49
1990-03-04,28.6,18.7,59.25,0.44,0.5
1990-03-05,30.84,18.39,49.01,0.14,0.5
1990-03-06,32.21,16.78,36.86,0.03,0.5
1990-03-07,33.94,17.56,33.87,0.58,0.49
1990-03-08,33.08,17.18,36.28,0.21,0.49
1990-03-09,33.34,17.8,34.29,0.03,0.49
1990-03-10,34.07,17.2,25.9,0.0,0.49
1990-03-11,34.4,17.64,28.02,0.0,0.49
1990-03-12,32.96,18.93,34.79,0.11,0.49
1990-03-13,31.49,17.29,41.93,0.02,0.49
1990-03-14,30.48,18.44,36.05,0.07,0.49
1990-03-15,33.07,16.99,33.67,0.0,0.49
1990-03-16,35.83,16.98,28.93,0.0,0.49
1990-03-17,37.09,18.63,25.15,0.0,0.49
1990-03-18,37.43,18.37,24.68,0.0,0.49
1990-03-19,36.62,18.69,20.02,0.0,0.49
1990-03-20,35.73,19.17,22.35,0.0,0.49
1990-03-21,36.16,18.4,22.75,0.13,0.49
1990-03-22,36.56,20.72,33.97,0.09,0.49
1990-03-23,36.33,20.25,38.6,0.04,0.49
1990-03-24,35.89,21.81,43.28,0.0,0.49
1990-03-25,36.38,22.08,34.21,0.0,0.49
1990-03-26,33.39,22.55,35.38,0.0,0.49
1990-03-27,35.33,21.0,32.6,0.04,0.49
1990-03-28,31.19,21.39,41.22,0.17,0.49
1990-03-29,32.57,20.47,41.28,0.0,0.49
1990-03-30,35.95,21.65,31.69,0.0,0.49
1990-03-31,37.05,21.88,27.88,0.0,0.49
1990-04-01,37.4,21.56,27.31,0.0,0.49
1990-04-02,35.91,21.46,33.54,0.0,0.49
1990-04-03,34.8,21.87,34.33,0.0,0.49
1990-04-04,32.8,22.16,34.97,0.13,0.49
1990-04-05,34.31,20.71,34.53,0.0,0.49
1990-04-06,34.66,19.72,26.68,0.0,0.49
1990-04-07,36.31,18.9,24.68,0.0,0.49
1990-04-08,37.5,21.36,24.32,0.0,0.49
1990-04-09,37.12,21.17,32.05,0.0,0.49
1990-04-10,35.39,23.16,42.97,0.0,0.49
1990-04-11,37.22,23.58,36.98,0.0,0.49
1990-04-12,39.04,21.89,25.81,0.0,0.49
1990-04-13,39.4,23.36,29.23,0.0,0.49
1990-04-14,38.11,23.93,34.71,0.01,0.49
1990-04-15,38.73,23.59,36.61,0.0,0.49
1990-04-16,36.53,24.56,36.8,0.0,0.49
1990-04-17,35.6,24.4,37.38,0.07,0.49
1990-04-18,37.53,24.65,41.17,0.0,0.49
1990-04-19,38.55,24.63,42.05,2.86,0.49
1990-04-20,39.05,24.76,39.01,0.02,0.49
1990-04-21,38.16,24.07,42.19,0.08,0.49
1990-04-22,39.42,24.81,41.1,0.07,0.49
1990-04-23,39.3,26.52,37.94,0.01,0.49
1990-04-24,40.21,26.55,31.35,0.0,0.49
1990-04-25,40.26,25.51,31.57,0.05,0.49
1990-04-26,40.48,25.29,28.88,0.0,0.49
1990-04-27,38.45,26.03,34.52,0.03,0.49
1990-04-28,40.05,25.62,27.83,0.02,0.49
1990-04-29,39.47,25.37,26.63,0.02,0.49
1990-04-30,35.02,25.78,36.21,0.0,0.49
1990-05-01,38.15,24.64,28.66,0.0,0.49
1990-05-02,39.42,25.02,34.77,0.0,0.49
1990-05-03,39.02,27.0,35.82,0.1,0.49
1990-05-04,39.71,25.88,31.57,0.12,0.49
1990-05-05,39.42,27.96,34.75,0.09,0.49
1990-05-06,38.12,27.81,39.27,0.33,0.49
1990-05-07,34.77,27.36,45.79,0.0,0.49
1990-05-08,34.16,26.59,43.36,0.41,0.49
1990-05-09,34.27,24.96,42.12,0.04,0.49
1990-05-10,35.07,25.12,45.27,3.97,0.49
1990-05-11,37.11,25.69,43.31,0.15,0.5
1990-05-12,40.41,24.21,37.08,0.0,0.5
1990-05-13,38.19,28.59,38.42,0.11,0.49
1990-05-14,31.83,25.07,61.8,8.06,0.5
1990-05-15,27.81,23.44,80.93,24.31,0.53
1990-05-16,29.85,23.58,81.3,2.98,0.55
1990-05-17,30.78,24.11,74.44,2.16,0.55
1990-05-18,35.53,23.22,60.79,0.01,0.54
1990-05-19,33.14,23.48,67.23,0.44,0.53
1990-05-20,35.59,24.14,62.35,0.55,0.52
1990-05-21,31.71,24.29,69.95,0.13,0.52
1990-05-22,32.79,24.74,68.33,1.47,0.52
1990-05-23,28.19,24.45,84.71,11.27,0.53
1990-05-24,31.0,23.43,76.52,16.5,0.55
1990-05-25,33.08,23.84,74.25,4.93,0.56
1990-05-26,34.81,23.93,65.56,0.0,0.55
1990-05-27,34.06,24.96,62.78,0.05,0.54
1990-05-28,34.76,25.63,60.89,0.02,0.53
1990-05-29,36.46,25.2,58.12,0.11,0.53
1990-05-30,35.97,25.64,60.53,0.06,0.52
1990-05-31,34.93,25.85,60.79,0.01,0.52
1990-06-01,34.14,26.19,61.89,0.01,0.52
1990-06-02,36.72,25.68,59.55,0.0,0.51
1990-06-03,35.82,26.01,60.2,0.07,0.51
1990-06-04,34.57,25.66,60.24,0.03,0.51
1990-06-05,36.17,26.19,53.29,0.03,0.51
1990-06-06,35.74,25.82,52.79,0.01,0.5
1990-06-07,35.23,25.48,51.79,0.13,0.5
1990-06-08,33.24,26.49,62.31,1.79,0.5
1990-06-09,36.11,25.85,53.37,0.04,0.5
1990-06-10,35.78,26.95,50.7,0.02,0.5
1990-06-11,31.95,26.67,61.19,0.01,0.5
1990-06-12,34.82,25.66,54.83,0.04,0.5
1990-06-13,36.57,25.92,57.05,0.07,0.5
1990-06-14,35.45,25.51,62.55,0.19,0.5
1990-06-15,37.69,25.51,55.36,0.0,0.5
1990-06-16,34.72,26.24,55.85,0.01,0.5
1990-06-17,33.0,26.43,59.23,0.01,0.5
1990-06-18,38.45,25.84,52.76,0.08,0.5
1990-06-19,37.24,26.38,56.73,1.75,0.5
1990-06-20,35.23,26.04,57.86,0.04,0.5
1990-06-21,35.28,25.63,55.2,0.1,0.5
1990-06-22,38.27,26.1,52.93,1.2,0.5
1990-06-23,35.38,26.61,58.77,0.36,0.5
1990-06-24,35.29,26.55,59.85,0.47,0.5
1990-06-25,34.76,25.47,60.03,0.73,0.5
1990-06-26,36.85,25.97,58.04,0.22,0.5
1990-06-27,36.65,25.31,52.62,0.09,0.5
1990-06-28,36.56,25.58,53.55,0.02,0.5
1990-06-29,36.56,25.77,57.62,0.02,0.5
1990-06-30,35.81,25.94,60.73,0.06,0.5
1990-07-01,36.22,26.51,56.8,0.08,0.5
1990-07-02,32.01,25.9,65.87,0.51,0.5
1990-07-03,31.12,25.64,66.84,0.05,0.5
1990-07-04,31.85,24.54,66.79,0.87,0.5
1990-07-05,36.24,24.32,59.34,0.01,0.5
1990-07-06,38.54,24.9,56.43,0.02,0.5
1990-07-07,36.8,25.11,57.14,0.04,0.5
1990-07-08,36.56,25.4,55.74,0.01,0.5
1990-07-09,31.67,26.1,62.6,0.01,0.5
1990-07-10,37.43,25.68,55.5,0.01,0.5
1990-07-11,35.65,26.11,61.39,0.09,0.5
1990-07-12,34.21,25.49,60.82,0.01,0.5
1990-07-13,32.73,25.8,64.09,0.04,0.5
1990-07-14,33.01,25.26,61.76,0.03,0.5
1990-07-15,35.54,24.9,58.49,0.23,0.5
1990-07-16,35.04,24.16,59.34,0.05,0.5
1990-07-17,35.91,25.24,56.65,0.02,0.5
1990-07-18,32.6,25.4,63.6,0.02,0.5
1990-07-19,35.38,25.26,58.75,0.04,0.5
1990-07-20,36.15,24.72,57.26,0.37,0.5
1990-07-21,35.4,24.87,56.97,0.01,0.5
1990-07-22,32.14,25.78,61.51,0.04,0.5
1990-07-23,38.7,24.21,50.61,0.0,0.5
1990-07-24,36.86,26.26,53.35,0.0,0.5
1990-07-25,36.28,25.94,54.89,0.02,0.49
1990-07-26,33.88,25.64,58.62,0.29,0.5
1990-07-27,34.97,24.44,58.63,0.79,0.5
1990-07-28,35.12,26.02,55.97,0.31,0.5
1990-07-29,33.82,25.56,60.12,0.31,0.5
1990-07-30,37.22,26.01,53.5,1.18,0.5
1990-07-31,39.25,26.36,52.55,1.03,0.5
1990-08-01,35.08,25.23,59.08,0.22,0.5
1990-08-02,36.35,24.79,52.17,0.02,0.5
1990-08-03,37.45,25.75,50.56,0.25,0.5
1990-08-04,39.13,27.02,46.73,0.03,0.5
1990-08-05,38.33,26.87,47.88,0.02,0.49
1990-08-06,38.74,26.71,49.35,0.0,0.49
1990-08-07,39.27,26.89,47.15,0.0,0.49
1990-08-08,36.94,27.36,49.09,0.02,0.49
1990-08-09,35.06,27.18,52.63,0.03,0.49
1990-08-10,35.82,26.94,51.14,0.07,0.49
1990-08-11,33.14,26.68,55.57,0.18,0.49
1990-08-12,37.65,25.66,53.03,0.0,0.49
1990-08-13,37.08,25.64,52.12,0.05,0.49
1990-08-14,32.93,26.99,57.41,0.01,0.49
1990-08-15,32.85,25.78,58.57,0.04,0.49
1990-08-16,36.91,25.49,54.03,0.01,0.49
1990-08-17,39.33,25.36,48.9,0.0,0.49
1990-08-18,39.11,26.08,47.39,0.0,0.49
1990-08-19,39.48,27.2,46.49,0.0,0.49
1990-08-20,38.46,26.83,48.87,0.01,0.49
1990-08-21,38.35,26.5,48.65,0.01,0.49
1990-08-22,38.33,26.5,49.09,0.0,0.49
1990-08-23,39.47,27.05,48.18,0.0,0.49
1990-08-24,34.93,27.44,56.77,0.0,0.49
1990-08-25,35.6,26.38,57.21,0.02,0.49
1990-08-26,33.94,25.92,60.34,0.08,0.49
1990-08-27,36.54,25.66,56.62,0.23,0.49
1990-08-28,37.15,26.22,49.31,0.0,0.49
1990-08-29,40.8,25.9,45.5,0.06,0.49
1990-08-30,39.08,26.97,46.23,0.03,0.49
1990-08-31,36.77,28.02,44.6,0.06,0.49
1990-09-01,36.97,26.1,50.94,0.1,0.49
1990-09-02,32.96,25.29,66.91,0.13,0.49
1990-09-03,37.4,24.94,54.32,0.19,0.49
1990-09-04,36.76,23.85,57.87,4.26,0.49
1990-09-05,34.82,24.91,60.93,0.3,0.5
1990-09-06,36.7,24.45,56.1,0.32,0.5
1990-09-07,36.33,25.51,53.44,0.07,0.5
1990-09-08,36.21,26.24,54.58,0.61,0.5
1990-09-09,35.26,25.44,62.51,0.42,0.5
1990-09-10,37.45,25.03,56.75,0.0,0.5
1990-09-11,38.88,26.04,51.49,0.0,0.5
1990-09-12,36.87,25.3,51.25,0.0,0.5
1990-09-13,36.85,25.25,49.54,0.0,0.49
1990-09-14,37.52,26.13,49.99,0.02,0.49
1990-09-15,38.74,26.87,50.02,0.07,0.49
1990-09-16,32.83,26.07,60.72,0.69,0.49
1990-09-17,36.9,25.95,55.61,0.11,0.49
1990-09-18,36.29,26.48,49.03,0.01,0.49
1990-09-19,38.45,25.05,43.28,0.0,0.49
1990-09-20,39.38,25.71,41.9,0.0,0.49
1990-09-21,38.26,26.63,46.8,0.04,0.49
1990-09-22,37.34,26.63,50.6,1.33,0.49
1990-09-23,37.92,26.79,49.6,0.62,0.49
1990-09-24,36.57,25.61,57.62,2.65,0.5
1990-09-25,36.98,25.51,52.14,0.5,0.5
1990-09-26,36.17,25.43,55.78,1.19,0.5
1990-09-27,35.52,26.37,53.76,0.55,0.5
1990-09-28,34.68,25.77,55.29,1.28,0.5
1990-09-29,33.7,24.84,60.51,1.09,0.5
1990-09-30,33.36,25.0,61.19,1.17,0.5
1990-10-01,30.73,24.63,68.72,0.5,0.5
1990-10-02,33.47,24.9,57.78,0.02,0.5
1990-10-03,35.43,24.42,52.92,0.01,0.5
1990-10-04,34.74,25.91,51.81,0.0,0.5
1990-10-05,40.39,26.15,42.89,0.02,0.5
1990-10-06,39.95,26.49,45.97,0.12,0.5
1990-10-07,32.46,25.69,58.11,0.18,0.49
1990-10-08,35.25,23.54,49.9,0.7,0.5
1990-10-09,37.17,24.15,46.63,0.03,0.49
1990-10-10,36.75,25.25,47.18,0.01,0.49
1990-10-11,34.45,26.48,52.75,0.0,0.49
1990-10-12,36.02,25.63,50.27,0.01,0.49
1990-10-13,36.99,25.09,45.16,0.02,0.49
1990-10-14,37.14,25.39,44.61,0.0,0.49
1990-10-15,37.76,25.71,41.11,0.0,0.49
1990-10-16,36.38,26.22,42.54,0.0,0.49
1990-10-17,36.99,25.62,42.52,0.01,0.49
1990-10-18,38.49,25.15,40.1,0.0,0.49
1990-10-19,38.56,24.92,39.69,0.0,0.49
1990-10-20,38.22,24.64,36.32,0.0,0.49
1990-10-21,38.8,23.62,34.01,0.13,0.49
1990-10-22,36.89,24.63,43.43,0.0,0.49
1990-10-23,37.4,25.02,35.09,0.0,0.49
1990-10-24,38.29,22.3,29.9,0.0,0.49
1990-10-25,38.22,23.06,33.22,0.0,0.49
1990-10-26,36.92,26.45,43.4,0.08,0.49
1990-10-27,36.5,25.69,45.43,0.27,0.49
1990-10-28,33.84,25.2,43.71,0.0,0.49
1990-10-29,33.85,24.93,43.84,0.0,0.49
1990-10-30,35.24,23.95,45.1,0.0,0.49
1990-10-31,34.04,24.36,51.93,0.0,0.49
1990-11-01,34.76,24.7,47.37,0.0,0.49
1990-11-02,32.04,24.04,49.11,0.0,0.49
1990-11-03,34.51,23.45,45.34,0.02,0.49
1990-11-04,32.52,24.95,51.56,0.11,0.49
1990-11-05,29.88,24.29,63.02,0.25,0.49
1990-11-06,34.13,23.17,58.34,0.0,0.49
1990-11-07,32.75,24.02,57.95,0.12,0.49
1990-11-08,33.79,23.12,54.1,0.11,0.49
1990-11-09,35.1,20.16,46.41,0.12,0.49
1990-11-10,28.06,17.91,35.32,0.01,0.49
1990-11-11,24.77,19.59,40.09,0.0,0.49
1990-11-12,33.53,19.79,45.52,0.0,0.49
1990-11-13,36.41,20.28,43.56,0.0,0.49
1990-11-14,37.54,22.1,41.6,0.0,0.49
1990-11-15,37.12,23.82,40.33,0.0,0.49
1990-11-16,36.24,21.92,36.11,0.0,0.49
1990-11-17,35.99,19.97,32.95,0.0,0.49
1990-11-18,34.48,19.56,31.82,0.0,0.49
1990-11-19,34.76,19.68,33.81,0.0,0.49
1990-11-20,36.1,18.96,36.39,0.0,0.49
1990-11-21,35.32,22.74,48.18,0.0,0.49
1990-11-22,33.68,23.34,52.44,0.0,0.49
1990-11-23,32.6,23.23,52.96,0.0,0.49
1990-11-24,34.4,21.35,48.12,0.0,0.49
1990-11-25,34.03,21.56,38.49,0.0,0.49
1990-11-26,33.15,21.8,37.09,0.0,0.49
1990-11-27,34.27,20.89,35.96,0.0,0.49
1990-11-28,33.37,20.31,39.95,0.0,0.49
1990-11-29,32.33,18.69,41.76,0.0,0.49
1990-11-30,31.83,18.01,45.37,0.0,0.49
1990-12-01,31.15,20.28,46.5,0.11,0.49
1990-12-02,25.72,18.31,56.46,0.04,0.49
1990-12-03,28.07,18.67,50.37,0.07,0.49
1990-12-04,30.17,17.88,41.05,0.0,0.49
1990-12-05,31.43,15.84,37.9,0.0,0.49
1990-12-06,31.01,15.93,38.58,0.0,0.49
1990-12-07,30.52,16.17,40.47,0.0,0.49
1990-12-08,30.88,15.23,38.07,0.0,0.49
1990-12-09,30.32,16.59,34.84,0.0,0.49
1990-12-10,30.45,14.93,34.6,0.0,0.49
1990-12-11,31.86,15.12,31.15,0.0,0.49
1990-12-12,32.06,15.19,30.79,0.0,0.49
1990-12-13,31.28,14.54,29.3,0.0,0.49
1990-12-14,31.1,13.97,29.35,0.0,0.49
1990-12-15,30.0,17.18,30.4,0.0,0.49
1990-12-16,29.49,17.65,37.02,0.0,0.49
1990-12-17,29.01,18.37,41.37,0.0,0.49
1990-12-18,30.07,18.94,54.26,0.0,0.49
1990-12-19,26.64,18.48,64.83,0.0,0.49
1990-12-20,30.46,17.13,56.8,0.0,0.49
1990-12-21,29.83,14.99,43.78,0.0,0.49
1990-12-22,30.49,13.94,35.43,0.0,0.49
1990-12-23,30.29,13.99,31.38,0.0,0.49
1990-12-24,29.15,13.99,27.43,0.0,0.49
1990-12-25,30.38,13.33,26.87,0.0,0.49
1990-12-26,29.3,12.85,28.2,0.0,0.49
1990-12-27,29.89,12.78,25.96,0.0,0.49
1990-12-28,30.03,13.27,26.41,0.0,0.49
1990-12-29,30.35,13.53,27.96,0.0,0.49
1990-12-30,29.8,12.98,25.63,0.0,0.49
1990-12-31,29.79,12.56,24.61,0.0,0.49
1991-01-01,30.01,12.79,26.0,0.02,0.49
1991-01-02,30.72,13.95,25.45,0.06,0.49
1991-01-03,29.15,14.95,37.61,0.37,0.49
1991-01-04,26.35,16.54,61.77,0.02,0.49
1991-01-05,28.41,14.11,51.38,0.0,0.49
1991-01-06,28.92,12.72,38.41,0.0,0.49
1991-01-07,29.21,12.22,30.74,0.0,0.49
1991-01-08,29.5,11.84,28.2,0.0,0.49
1991-01-09,29.78,12.11,24.64,0.0,0.49
1991-01-10,30.03,12.89,26.39,0.0,0.49
1991-01-11,30.25,13.86,31.98,0.0,0.49
1991-01-12,30.24,14.31,35.56,0.0,0.49
1991-01-13,29.99,14.07,31.39,0.02,0.49
1991-01-14,30.2,13.68,32.3,0.01,0.49
1991-01-15,30.0,14.61,33.1,0.02,0.49
1991-01-16,30.65,14.12,32.68,0.0,0.49
1991-01-17,29.79,13.99,33.27,0.0,0.49
1991-01-18,30.0,13.69,33.3,0.0,0.49
1991-01-19,28.79,13.63,32.21,0.0,0.49
1991-01-20,28.31,11.92,28.88,0.0,0.49
1991-01-21,29.13,11.4,26.34,0.0,0.49
1991-01-22,28.85,11.59,24.86,0.0,0.49
1991-01-23,29.32,11.24,23.29,0.0,0.49
1991-01-24,30.32,11.32,20.78,0.0,0.49
1991-01-25,30.79,12.16,20.46,0.0,0.49
1991-01-26,30.25,11.27,21.09,0.0,0.49
1991-01-27,30.4,12.08,20.33,0.0,0.49
1991-01-28,31.93,12.43,19.86,0.0,0.49
1991-01-29,31.51,13.9,24.85,0.0,0.49
1991-01-30,30.84,15.03,31.85,0.0,0.49
1991-01-31,30.96,14.64,27.29,0.0,0.49
1991-02-01,31.8,14.03,25.77,0.0,0.49
1991-02-02,32.17,14.0,28.01,0.0,0.49
1991-02-03,30.8,14.57,33.23,0.0,0.49
1991-02-04,31.4,14.36,29.56,0.0,0.49
1991-02-05,30.32,15.44,33.19,0.0,0.49
1991-02-06,30.31,14.03,35.83,0.0,0.49
1991-02-07,31.88,13.68,28.41,0.0,0.49
1991-02-08,32.02,14.43,25.68,0.0,0.49
1991-02-09,32.08,14.74,25.06,0.0,0.49
1991-02-10,32.99,13.6,25.66,0.0,0.49
1991-02-11,32.5,14.53,24.53,0.0,0.49
1991-02-12,32.79,15.05,21.94,0.0,0.49
1991-02-13,33.16,16.27,25.5,0.0,0.49
1991-02-14,33.47,16.96,24.5,0.0,0.49
1991-02-15,31.77,14.91,18.73,0.0,0.49
1991-02-16,31.6,13.63,16.51,0.0,0.49
1991-02-17,33.86,12.93,16.0,0.0,0.49
1991-02-18,34.31,13.87,14.73,0.0,0.49
1991-02-19,34.61,15.4,16.89,0.0,0.49
1991-02-20,35.72,15.94,21.6,0.0,0.49
1991-02-21,35.44,17.08,19.74,0.0,0.49
1991-02-22,35.4,16.47,20.07,0.0,0.49
1991-02-23,35.26,16.55,24.06,0.0,0.49
1991-02-24,34.99,17.56,33.55,0.0,0.49
1991-02-25,35.16,18.53,32.56,0.0,0.49
1991-02-26,36.31,19.14,31.71,0.0,0.49
1991-02-27,34.74,19.32,34.65,0.0,0.49
1991-02-28,36.08,19.87,34.26,0.0,0.49
1991-03-01,35.16,19.59,31.18,0.0,0.49
1991-03-02,34.43,18.87,26.62,0.0,0.49
1991-03-03,35.58,18.6,29.45,0.0,0.49
1991-03-04,34.94,19.44,27.98,0.0,0.49
1991-03-05,35.51,18.11,22.61,0.0,0.49
1991-03-06,35.98,18.91,25.74,0.05,0.49
1991-03-07,34.48,21.05,39.09,0.0,0.49
1991-03-08,35.48,19.7,28.56,0.0,0.49
1991-03-09,36.17,18.82,24.28,0.0,0.49
1991-03-10,37.29,19.13,19.69,0.0,0.49
1991-03-11,37.8,19.66,19.01,0.0,0.49
1991-03-12,38.41,19.79,22.54,0.0,0.49
1991-03-13,38.96,20.96,24.22,0.0,0.49
1991-03-14,38.6,20.68,23.23,0.0,0.49
1991-03-15,39.1,21.44,23.13,0.0,0.49
1991-03-16,39.67,21.58,24.54,0.0,0.49
1991-03-17,40.06,22.61,25.33,0.0,0.49
1991-03-18,39.42,22.66,23.36,0.0,0.49
1991-03-19,38.64,22.48,20.26,0.0,0.49
1991-03-20,38.41,20.9,24.67,0.0,0.49
1991-03-21,38.45,21.88,30.22,0.0,0.49
1991-03-22,39.32,22.3,25.61,0.0,0.49
1991-03-23,38.86,23.49,24.59,0.0,0.49
1991-03-24,38.43,22.68,26.13,0.0,0.49
1991-03-25,38.11,24.37,33.93,0.0,0.49
1991-03-26,37.83,22.52,33.71,0.0,0.49
1991-03-27,38.52,23.16,29.0,0.0,0.49
1991-03-28,39.26,23.58,22.1,0.0,0.49
1991-03-29,39.47,22.98,24.9,0.0,0.49
1991-03-30,38.92,23.62,27.44,0.0,0.49
1991-03-31,38.65,23.34,30.69,0.16,0.49
1991-04-01,36.19,24.08,34.85,0.29,0.49
1991-04-02,36.47,23.61,42.22,0.2,0.49
1991-04-03,36.28,23.84,45.19,0.02,0.49
1991-04-04,38.21,23.12,38.66,0.03,0.49
1991-04-05,36.78,24.49,41.35,0.0,0.49
1991-04-06,37.27,25.41,39.41,0.0,0.49
1991-04-07,36.75,25.96,31.95,0.01,0.49
1991-04-08,37.23,24.76,29.6,0.0,0.49
1991-04-09,38.24,24.27,33.06,0.0,0.49
1991-04-10,36.88,25.08,29.36,0.0,0.49
1991-04-11,38.3,24.63,28.13,0.0,0.49
1991-04-12,39.19,23.25,27.41,0.0,0.49
1991-04-13,40.25,23.96,24.93,0.0,0.49
1991-04-14,40.7,24.11,21.1,0.0,0.49
1991-04-15,41.27,25.28,19.95,0.0,0.49
1991-04-16,41.34,25.6,23.93,0.0,0.49
1991-04-17,41.34,25.88,26.56,0.0,0.49
1991-04-18,41.12,24.93,20.39,0.0,0.49
1991-04-19,41.27,25.29,27.61,0.0,0.49
1991-04-20,38.89,25.8,31.29,0.0,0.49
1991-04-21,39.8,25.75,28.39,0.0,0.49
1991-04-22,39.66,24.21,31.05,0.0,0.49
1991-04-23,38.32,24.53,32.46,0.0,0.49
1991-04-24,38.06,26.06,34.52,0.01,0.49
1991-04-25,38.9,26.33,35.74,0.0,0.49
1991-04-26,34.54,26.31,47.05,0.0,0.49
1991-04-27,34.4,24.66,49.78,0.0,0.49
1991-04-28,37.02,26.04,42.89,0.0,0.49
1991-04-29,38.28,26.78,42.52,0.17,0.49
1991-04-30,35.18,26.78,51.29,1.55,0.49
1991-05-01,35.97,24.81,49.84,0.09,0.49
1991-05-02,39.48,25.48,43.65,0.09,0.49
1991-05-03,39.64,25.84,41.47,0.03,0.49
1991-05-04,40.75,26.23,36.23,0.02,0.49
1991-05-05,41.16,27.02,33.65,0.08,0.49
1991-05-06,40.02,27.53,34.23,0.02,0.49
1991-05-07,40.06,25.53,38.72,0.57,0.49
1991-05-08,40.44,25.8,41.09,0.13,0.49
1991-05-09,40.55,25.92,40.37,0.03,0.49
1991-05-10,40.07,26.28,37.0,0.0,0.49
1991-05-11,40.79,27.4,35.03,0.0,0.49
1991-05-12,40.2,26.91,36.12,0.0,0.49
1991-05-13,41.11,26.71,35.9,0.02,0.49
1991-05-14,40.14,27.11,33.46,0.0,0.49
1991-05-15,39.86,29.21,32.91,0.0,0.49
1991-05-16,40.24,27.23,33.94,0.01,0.49
1991-05-17,40.24,27.3,31.82,0.06,0.49
1991-05-18,38.75,27.5,40.03,0.0,0.49
1991-05-19,39.45,26.99,36.92,0.0,0.49
1991-05-20,41.34,29.04,31.33,0.0,0.49
1991-05-21,41.04,29.55,31.11,0.0,0.49
1991-05-22,39.9,29.83,35.12,0.03,0.49
1991-05-23,39.23,27.79,41.15,0.03,0.49
1991-05-24,38.91,27.81,42.58,0.01,0.49
1991-05-25,39.45,27.35,40.36,0.1,0.49
1991-05-26,42.07,27.64,33.13,0.0,0.49
1991-05-27,41.66,29.25,37.9,0.21,0.49
1991-05-28,38.74,27.19,47.46,0.29,0.49
1991-05-29,35.23,26.56,52.57,1.09,0.49
1991-05-30,35.24,25.03,62.63,2.2,0.49
1991-05-31,31.42,27.26,59.51,3.52,0.49
1991-06-01,37.8,25.37,59.79,4.64,0.5
1991-06-02,35.87,26.55,59.62,3.89,0.51
1991-06-03,36.81,25.72,59.32,0.14,0.5
1991-06-04,33.6,26.42,61.94,0.53,0.5
1991-06-05,31.53,26.22,65.41,0.26,0.5
1991-06-06,30.2,25.66,65.61,0.04,0.5
1991-06-07,31.34,25.29,66.76,0.37,0.5
1991-06-08,29.72,25.12,71.57,0.38,0.5
1991-06-09,31.94,25.59,66.66,0.22,0.5
1991-06-10,33.38,25.54,68.06,0.21,0.5
1991-06-11,33.72,24.9,65.54,2.19,0.5
1991-06-12,36.01,24.41,57.1,0.03,0.5
1991-06-13,37.03,25.42,52.29,0.06,0.5
1991-06-14,37.9,26.07,52.95,0.01,0.5
1991-06-15,38.36,26.44,51.63,0.0,0.5
1991-06-16,37.5,26.08,50.72,0.0,0.5
1991-06-17,37.21,26.34,57.52,0.5,0.49
1991-06-18,34.7,25.46,64.54,3.81,0.5
1991-06-19,33.1,25.4,64.87,0.01,0.5
1991-06-20,38.54,24.68,51.13,0.07,0.5
1991-06-21,36.44,26.82,49.87,0.06,0.5
1991-06-22,33.27,26.15,55.65,0.07,0.5
1991-06-23,30.75,25.82,60.52,0.04,0.5
1991-06-24,36.38,26.69,56.25,0.04,0.5
1991-06-25,31.95,26.34,61.54,0.02,0.5
1991-06-26,35.06,25.99,58.88,0.04,0.49
1991-06-27,36.27,25.68,59.61,0.16,0.49
1991-06-28,36.16,25.58,58.98,0.01,0.49
1991-06-29,36.15,25.83,55.42,0.02,0.49
1991-06-30,37.12,25.61,53.81,0.0,0.49
1991-07-01,37.63,26.22,52.0,0.0,0.49
1991-07-02,36.36,26.07,49.21,0.01,0.49
1991-07-03,36.51,26.12,53.41,0.01,0.49
1991-07-04,33.76,25.9,58.37,0.02,0.49
1991-07-05,34.96,25.94,58.99,0.01,0.49
1991-07-06,36.62,25.55,54.79,0.0,0.49
1991-07-07,35.59,26.39,58.32,0.01,0.49
1991-07-08,36.11,25.99,53.4,0.02,0.49
1991-07-09,35.09,26.68,54.21,0.02,0.49
1991-07-10,35.46,27.02,50.94,0.01,0.49
1991-07-11,39.06,26.53,46.18,0.15,0.49
1991-07-12,39.36,26.97,45.54,0.45,0.49
1991-07-13,39.03,27.4,48.34,0.0,0.49
1991-07-14,37.98,26.72,51.32,0.21,0.49
1991-07-15,39.08,26.06,56.16,1.71,0.49
1991-07-16,32.83,25.48,62.94,0.01,0.49
1991-07-17,32.58,24.27,65.8,0.13,0.49
1991-07-18,32.39,24.34,64.37,0.18,0.49
1991-07-19,34.78,25.26,57.62,0.0,0.49
1991-07-20,37.04,25.22,53.62,0.02,0.49
1991-07-21,35.64,26.06,54.77,0.01,0.49
1991-07-22,35.23,25.63,58.01,0.01,0.49
1991-07-23,36.52,26.02,51.4,0.01,0.49
1991-07-24,35.23,26.46,52.2,0.02,0.49
1991-07-25,35.36,26.47,50.97,0.0,0.49
1991-07-26,36.98,26.43,54.05,0.0,0.49
1991-07-27,36.05,26.25,56.82,0.01,0.49
1991-07-28,36.74,26.24,55.49,0.0,0.49
1991-07-29,35.54,25.44,61.2,0.03,0.49
1991-07-30,35.08,25.77,58.82,0.0,0.49
1991-07-31,36.35,25.73,55.89,0.01,0.49
1991-08-01,34.44,25.84,59.94,0.13,0.49
1991-08-02,31.71,25.58,69.29,0.86,0.49
1991-08-03,32.83,24.28,67.46,2.46,0.49
1991-08-04,32.62,24.55,64.56,0.18,0.5
1991-08-05,36.51,24.3,56.21,0.0,0.5
1991-08-06,36.67,25.95,52.56,0.0,0.49
1991-08-07,38.65,25.68,49.29,0.0,0.49
1991-08-08,38.33,26.96,49.55,0.01,0.49
1991-08-09,36.15,26.01,56.2,0.01,0.49
1991-08-10,30.84,25.9,67.75,0.02,0.49
1991-08-11,35.35,25.51,60.17,0.02,0.49
1991-08-12,34.01,25.0,62.55,0.04,0.49
1991-08-13,33.97,24.79,63.48,0.02,0.49
1991-08-14,34.29,25.79,63.12,0.02,0.49
1991-08-15,32.97,24.7,62.13,0.19,0.49
1991-08-16,32.71,25.29,62.08,0.02,0.49
1991-08-17,36.68,25.34,56.73,0.0,0.49
1991-08-18,38.73,26.03,49.86,0.01,0.49
1991-08-19,39.33,27.18,46.82,0.12,0.49
1991-08-20,40.66,28.02,43.44,2.43,0.49
1991-08-21,38.46,27.93,46.13,0.21,0.5
1991-08-22,34.69,26.73,56.98,0.27,0.49
1991-08-23,36.53,25.23,59.49,1.0,0.49
1991-08-24,34.93,25.41,61.54,0.91,0.5
1991-08-25,34.82,25.73,61.88,1.17,0.5
1991-08-26,36.55,25.63,59.22,0.94,0.5
1991-08-27,37.77,25.37,55.98,0.43,0.5
1991-08-28,40.39,26.23,48.53,0.07,0.5
1991-08-29,39.27,25.56,51.24,0.04,0.49
1991-08-30,38.43,26.36,51.3,0.15,0.49
1991-08-31,36.5,26.07,52.47,0.0,0.49
1991-09-01,37.41,26.16,50.99,0.0,0.49
1991-09-02,37.44,25.83,48.26,0.01,0.49
1991-09-03,37.84,25.54,48.37,0.02,0.49
1991-09-04,36.87,26.42,51.56,0.01,0.49
1991-09-05,34.16,26.47,57.37,0.0,0.49
1991-09-06,33.16,25.77,59.8,0.0,0.49
1991-09-07,34.22,25.79,55.61,0.02,0.49
1991-09-08,37.01,25.82,51.6,0.0,0.49
1991-09-09,35.27,26.26,56.3,0.0,0.49
1991-09-10,37.9,25.76,49.78,0.01,0.49
1991-09-11,31.82,26.83,58.86,0.05,0.49
1991-09-12,38.35,25.93,51.68,0.01,0.49
1991-09-13,33.36,25.44,59.89,0.05,0.49
1991-09-14,37.76,26.23,48.19,0.01,0.49
1991-09-15,31.86,26.26,62.39,0.01,0.49
1991-09-16,34.36,25.93,56.7,0.05,0.49
1991-09-17,36.79,26.35,49.66,0.0,0.49
1991-09-18,37.71,26.35,48.76,0.04,0.49
1991-09-19,37.29,26.05,49.82,0.0,0.49
1991-09-20,36.04,26.35,57.33,0.0,0.49
1991-09-21,30.77,25.53,67.66,0.07,0.49
1991-09-22,32.72,25.27,62.37,0.01,0.49
1991-09-23,36.43,25.6,52.61,0.09,0.49
1991-09-24,36.8,25.23,50.89,1.43,0.49
1991-09-25,34.51,25.87,53.74,0.09,0.49
1991-09-26,37.93,25.79,45.99,0.0,0.49
1991-09-27,38.74,26.15,43.29,0.0,0.49
1991-09-28,39.06,26.53,44.03,0.0,0.49
1991-09-29,38.52,27.65,44.73,0.0,0.49
1991-09-30,37.64,26.92,48.86,0.0,0.49
1991-10-01,37.76,27.31,46.67,0.03,0.49
1991-10-02,34.08,26.18,58.03,0.02,0.49
1991-10-03,33.57,25.67,58.28,0.0,0.49
1991-10-04,36.6,25.8,51.25,0.0,0.49
1991-10-05,30.19,25.56,62.0,0.0,0.49
1991-10-06,36.12,24.76,49.59,0.05,0.49
1991-10-07,35.91,25.87,48.26,0.05,0.49
1991-10-08,36.48,26.22,48.7,0.2,0.49
1991-10-09,33.91,26.69,53.03,0.11,0.49
1991-10-10,36.46,25.98,51.29,0.01,0.49
1991-10-11,37.33,26.58,48.75,0.12,0.49
1991-10-12,30.85,24.74,66.35,2.37,0.49
1991-10-13,32.75,24.12,64.54,2.52,0.5
1991-10-14,36.02,24.22,55.68,0.05,0.5
1991-10-15,33.71,24.29,58.32,0.0,0.5
1991-10-16,36.98,23.71,49.89,0.12,0.5
1991-10-17,37.26,24.37,46.18,0.01,0.49
1991-10-18,36.1,25.58,45.01,0.01,0.49
1991-10-19,35.74,26.51,45.02,0.0,0.49
1991-10-20,35.11,24.73,47.51,0.01,0.49
1991-10-21,33.06,23.95,51.27,0.03,0.49
1991-10-22,34.74,23.63,47.95,0.02,0.49
1991-10-23,34.59,24.09,47.03,0.01,0.49
1991-10-24,33.67,23.58,50.31,0.02,0.49
1991-10-25,33.89,23.64,51.43,0.0,0.49
1991-10-26,35.11,24.3,49.72,0.01,0.49
1991-10-27,32.87,25.17,49.69,0.07,0.49
1991-10-28,26.19,23.66,59.0,0.08,0.49
1991-10-29,32.72,22.08,50.0,0.0,0.49
1991-10-30,33.11,23.08,49.75,0.09,0.49
1991-10-31,31.79,22.71,60.22,1.88,0.49
1991-11-01,30.25,23.4,73.45,3.96,0.5
1991-11-02,30.77,22.82,71.58,0.47,0.5
1991-11-03,28.2,21.73,70.12,1.07,0.5
1991-11-04,27.97,20.42,76.86,2.1,0.5
1991-11-05,29.0,21.39,77.15,0.05,0.5
1991-11-06,31.68,21.7,63.72,0.0,0.5
1991-11-07,33.75,20.15,52.26,0.0,0.5
1991-11-08,32.86,19.67,44.63,0.0,0.5
1991-11-09,33.86,19.27,42.54,0.0,0.5
1991-11-10,35.13,20.45,39.63,0.0,0.5
1991-11-11,33.46,22.2,43.93,0.03,0.5
1991-11-12,32.45,22.42,51.46,0.0,0.49
1991-11-13,33.51,22.79,48.35,0.0,0.49
1991-11-14,32.68,22.39,45.39,0.0,0.49
1991-11-15,31.31,20.79,50.97,0.0,0.49
1991-11-16,30.54,21.82,54.82,0.0,0.49
1991-11-17,31.15,21.56,52.45,0.0,0.49
1991-11-18,30.71,22.27,51.87,0.0,0.49
1991-11-19,32.34,22.14,49.45,0.0,0.49
1991-11-20,32.67,22.1,48.43,0.02,0.49
1991-11-21,30.95,22.0,51.53,0.0,0.49
1991-11-22,31.6,21.1,46.78,0.0,0.49
1991-11-23,32.12,18.9,43.33,0.0,0.49
1991-11-24,32.23,18.04,40.46,0.0,0.49
1991-11-25,32.22,17.29,38.57,0.0,0.49
1991-11-26,31.6,17.69,41.94,0.0,0.49
1991-11-27,30.71,17.15,38.49,0.0,0.49
1991-11-28,30.02,16.61,42.4,0.0,0.49
1991-11-29,30.4,15.14,40.55,0.0,0.49
1991-11-30,30.44,15.29,34.23,0.0,0.49
1991-12-01,29.31,14.68,35.2,0.0,0.49
1991-12-02,30.38,13.56,37.19,0.0,0.49
1991-12-03,29.88,13.68,34.27,0.0,0.49
1991-12-04,29.74,14.05,31.3,0.0,0.49
1991-12-05,29.63,12.82,28.29,0.0,0.49
1991-12-06,30.16,13.42,30.15,0.0,0.49
1991-12-07,31.14,14.29,34.35,0.0,0.49
1991-12-08,29.04,17.9,50.41,0.0,0.49
1991-12-09,28.44,18.92,53.58,0.0,0.49
1991-12-10,29.41,18.08,49.68,0.0,0.49
1991-12-11,31.7,16.31,44.98,0.0,0.49
1991-12-12,31.7,16.23,44.92,0.0,0.49
1991-12-13,31.54,16.68,43.97,0.0,0.49
1991-12-14,30.73,16.71,48.7,0.0,0.49
1991-12-15,32.38,17.04,45.27,0.0,0.49
1991-12-16,30.96,17.01,45.61,0.0,0.49
1991-12-17,31.1,17.37,39.87,0.0,0.49
1991-12-18,30.13,15.76,42.51,0.0,0.49
1991-12-19,29.25,16.26,35.49,0.0,0.49
1991-12-20,27.99,16.55,42.98,0.0,0.49
1991-12-21,28.39,14.62,49.89,0.0,0.49
1991-12-22,28.42,14.75,43.92,0.0,0.49
1991-12-23,28.68,14.32,40.68,0.0,0.49
1991-12-24,29.37,14.51,42.0,0.0,0.49
1991-12-25,29.32,14.78,43.98,0.0,0.49
1991-12-26,26.62,16.1,68.24,0.2,0.49
1991-12-27,27.96,16.73,65.49,0.17,0.49
1991-12-28,27.63,13.98,50.7,0.0,0.49
1991-12-29,26.81,12.63,40.15,0.0,0.49
1991-12-30,26.65,11.09,32.93,0.0,0.49
1991-12-31,25.64,11.84,32.02,0.0,0.49
1992-01-01,27.62,11.06,30.86,0.0,0.49
1992-01-02,27.17,14.55,38.49,0.0,0.49
1992-01-03,26.05,11.88,40.86,0.0,0.49
1992-01-04,27.67,11.19,33.85,0.0,0.49
1992-01-05,27.14,8.91,26.83,0.0,0.49
1992-01-06,26.04,9.85,32.62,0.0,0.49
1992-01-07,27.46,11.34,42.69,0.0,0.49
1992-01-08,27.47,12.2,38.63,0.0,0.49
1992-01-09,28.14,12.57,40.67,0.0,0.49
1992-01-10,28.97,11.94,32.16,0.0,0.49
1992-01-11,28.03,12.44,31.27,0.0,0.49
1992-01-12,28.01,11.89,34.53,0.0,0.49
1992-01-13,30.72,12.34,35.45,0.0,0.49
1992-01-14,28.6,12.35,38.09,0.0,0.49
1992-01-15,27.7,13.34,42.01,0.0,0.49
1992-01-16,28.78,12.93,37.18,0.0,0.49
1992-01-17,28.02,12.98,40.28,0.0,0.49
1992-01-18,28.55,12.84,38.16,0.0,0.49
1992-01-19,28.72,12.27,33.4,0.0,0.49
1992-01-20,28.07,12.97,37.95,0.1,0.49
1992-01-21,28.05,13.5,46.42,0.26,0.49
1992-01-22,28.45,16.47,42.63,0.14,0.49
1992-01-23,27.68,15.41,41.65,0.01,0.49
1992-01-24,28.29,12.28,38.92,0.0,0.49
1992-01-25,29.19,12.09,34.02,0.0,0.49
1992-01-26,28.95,12.03,31.54,0.0,0.49
1992-01-27,29.34,12.68,29.92,0.0,0.49
1992-01-28,29.48,13.0,30.47,0.0,0.49
1992-01-29,30.11,13.49,30.42,0.0,0.49
1992-01-30,31.1,13.15,30.3,0.0,0.49
1992-01-31,30.61,14.14,27.09,0.0,0.49
1992-02-01,28.82,13.52,34.48,6.24,0.49
1992-02-02,27.69,14.19,49.78,0.04,0.5
1992-02-03,28.18,13.94,48.55,0.0,0.5
1992-02-04,29.2,15.88,50.2,0.0,0.5
1992-02-05,28.5,13.2,40.82,0.0,0.5
1992-02-06,28.77,12.62,35.68,0.0,0.5
1992-02-07,29.2,11.45,30.95,0.0,0.5
1992-02-08,30.39,12.71,29.58,0.0,0.49
1992-02-09,29.87,15.11,38.69,0.02,0.49
1992-02-10,27.71,17.3,45.58,0.0,0.49
1992-02-11,28.95,14.69,39.87,0.0,0.49
1992-02-12,27.57,12.67,33.18,0.0,0.49
1992-02-13,28.59,10.49,26.36,0.0,0.49
1992-02-14,28.4,12.08,27.17,0.0,0.49
1992-02-15,29.16,12.75,36.08,0.0,0.49
1992-02-16,29.38,14.56,54.42,0.0,0.49
1992-02-17,28.95,15.07,53.7,0.0,0.49
1992-02-18,28.99,14.53,60.23,0.34,0.49
1992-02-19,29.55,16.24,42.41,0.0,0.49
1992-02-20,29.83,12.41,25.48,0.0,0.49
1992-02-21,31.09,12.68,26.8,0.0,0.49
1992-02-22,31.49,14.35,26.24,0.0,0.49
1992-02-23,31.49,16.77,40.16,0.0,0.49
1992-02-24,29.63,18.2,44.48,0.16,0.49
1992-02-25,25.14,16.8,61.53,0.85,0.49
1992-02-26,24.91,16.09,51.56,0.12,0.49
1992-02-27,28.19,13.54,35.86,0.0,0.49
1992-02-28,29.77,12.47,27.89,0.0,0.49
1992-02-29,30.57,14.06,27.41,0.0,0.49
1992-03-01,30.95,15.28,34.17,0.0,0.49
1992-03-02,31.95,16.38,36.63,0.0,0.49
1992-03-03,32.8,15.95,35.6,0.0,0.49
1992-03-04,33.92,17.27,26.56,0.0,0.49
1992-03-05,32.97,15.55,27.83,0.0,0.49
1992-03-06,34.12,16.13,27.28,0.0,0.49
1992-03-07,34.8,17.22,32.55,0.0,0.49
1992-03-08,33.41,17.37,42.58,0.0,0.49
1992-03-09,33.71,16.95,36.4,0.0,0.49
1992-03-10,33.72,17.21,35.43,0.0,0.49
1992-03-11,34.26,17.32,28.48,0.0,0.49
1992-03-12,35.11,17.54,27.48,0.0,0.49
1992-03-13,34.16,18.71,27.26,0.0,0.49
1992-03-14,35.61,18.83,26.14,0.0,0.49
1992-03-15,37.05,19.72,27.04,0.0,0.49
1992-03-16,36.51,19.57,32.11,0.0,0.49
1992-03-17,35.47,20.93,31.66,0.0,0.49
1992-03-18,35.29,19.28,41.27,0.0,0.49
1992-03-19,35.42,19.97,39.74,0.0,0.49
1992-03-20,36.12,19.28,34.13,0.0,0.49
1992-03-21,37.81,20.56,27.63,0.0,0.49
1992-03-22,38.94,21.48,26.53,0.0,0.49
1992-03-23,39.73,21.85,30.09,0.0,0.49
1992-03-24,39.23,22.92,36.18,0.0,0.49
1992-03-25,37.95,21.71,34.28,0.0,0.49
1992-03-26,37.98,22.82,34.29,0.0,0.49
1992-03-27,39.35,22.44,22.58,0.0,0.49
1992-03-28,39.35,22.37,20.11,0.0,0.49
1992-03-29,39.94,22.38,26.38,0.0,0.49
1992-03-30,39.25,22.9,32.26,0.0,0.49
1992-03-31,38.55,24.45,33.01,1.44,0.49
1992-04-01,38.29,25.4,29.1,0.0,0.49
1992-04-02,37.05,24.76,25.07,0.0,0.49
1992-04-03,37.57,22.23,21.14,0.0,0.49
1992-04-04,38.09,21.8,20.2,0.0,0.49
1992-04-05,38.74,21.99,21.49,0.0,0.49
1992-04-06,39.01,23.92,20.6,0.0,0.49
1992-04-07,38.84,23.66,34.44,0.01,0.49
1992-04-08,38.84,24.34,40.58,0.0,0.49
1992-04-09,38.66,25.26,40.38,0.0,0.49
1992-04-10,39.77,23.95,36.62,0.0,0.49
1992-04-11,40.51,23.81,33.02,0.0,0.49
1992-04-12,40.8,24.44,30.39,0.0,0.49
1992-04-13,41.39,25.01,31.68,0.0,0.49
1992-04-14,41.14,25.7,32.91,0.0,0.49
1992-04-15,39.99,26.04,37.04,0.01,0.49
1992-04-16,31.3,25.59,65.94,53.97,0.54
1992-04-17,33.42,23.89,66.63,0.11,0.57
1992-04-18,35.66,22.53,55.62,0.0,0.56
1992-04-19,36.56,24.55,50.93,0.02,0.54
1992-04-20,37.03,23.05,48.31,0.1,0.54
1992-04-21,38.42,23.76,40.96,0.0,0.53
1992-04-22,38.68,24.56,40.74,0.0,0.52
1992-04-23,39.02,23.63,43.66,0.0,0.51
1992-04-24,36.14,24.51,46.32,0.0,0.51
1992-04-25,34.99,25.05,45.63,0.04,0.51
1992-04-26,36.3,24.35,44.15,0.0,0.51
1992-04-27,37.54,25.52,42.01,0.0,0.5
1992-04-28,33.34,24.45,44.98,0.0,0.5
1992-04-29,36.54,22.78,42.52,1.52,0.5
1992-04-30,38.9,23.64,35.78,0.0,0.5
1992-05-01,39.02,24.62,33.68,0.0,0.5
1992-05-02,35.0,26.22,42.16,0.31,0.5
1992-05-03,35.86,23.43,42.86,0.08,0.5
1992-05-04,38.32,24.84,38.1,0.0,0.5
1992-05-05,39.39,25.8,33.49,0.0,0.5
1992-05-06,38.99,27.52,36.46,0.0,0.5
1992-05-07,37.17,27.59,35.49,0.0,0.5
1992-05-08,39.46,26.24,32.13,0.0,0.49
1992-05-09,40.74,25.69,30.27,0.0,0.49
1992-05-10,40.81,25.12,25.34,0.0,0.49
1992-05-11,42.6,26.39,26.06,0.0,0.49
1992-05-12,42.29,26.57,27.45,0.0,0.49
1992-05-13,41.66,27.18,32.14,0.16,0.49
1992-05-14,42.06,27.22,30.87,0.0,0.49
1992-05-15,39.38,27.94,37.8,0.14,0.49
1992-05-16,38.51,26.84,46.98,0.24,0.49
1992-05-17,39.63,26.51,44.71,0.04,0.49
1992-05-18,35.39,25.08,55.08,1.11,0.49
1992-05-19,28.71,23.58,78.58,21.32,0.52
1992-05-20,33.26,23.38,69.43,0.04,0.53
1992-05-21,33.34,23.73,63.47,1.71,0.53
1992-05-22,31.73,23.83,65.5,0.01,0.52
1992-05-23,31.93,23.97,64.69,2.71,0.52
1992-05-24,33.62,23.16,60.79,0.03,0.52
1992-05-25,33.63,23.95,60.98,1.86,0.52
1992-05-26,32.31,24.61,61.19,0.01,0.51
1992-05-27,32.61,24.2,62.38,1.11,0.51
1992-05-28,34.18,24.06,57.59,0.21,0.51
1992-05-29,37.03,23.79,50.67,0.13,0.51
1992-05-30,36.22,25.16,55.5,2.69,0.51
1992-05-31,35.29,25.21,60.06,1.97,0.51
1992-06-01,39.74,25.76,49.15,1.2,0.51
1992-06-02,39.14,26.06,41.23,0.0,0.5
1992-06-03,40.7,25.02,38.94,3.29,0.5
1992-06-04,40.18,24.92,48.33,0.05,0.5
1992-06-05,37.59,26.17,56.11,4.91,0.51
1992-06-06,32.05,25.13,69.99,3.82,0.51
1992-06-07,35.06,23.59,66.95,6.9,0.52
1992-06-08,34.28,24.06,65.21,0.06,0.52
1992-06-09,32.41,25.01,66.65,0.65,0.51
1992-06-10,33.62,25.09,64.33,0.24,0.51
1992-06-11,32.85,24.39,64.52,0.1,0.51
1992-06-12,31.05,24.95,70.71,0.37,0.51
1992-06-13,35.47,24.4,62.91,1.51,0.51
1992-06-14,35.69,25.03,62.32,1.32,0.51
1992-06-15,34.77,25.35,58.75,0.49,0.51
1992-06-16,35.7,25.99,60.17,0.03,0.5
1992-06-17,37.82,25.4,58.31,0.88,0.5
1992-06-18,36.64,25.35,61.08,2.29,0.5
1992-06-19,36.68,25.21,58.97,1.3,0.5
1992-06-20,36.7,25.42,61.8,3.37,0.51
1992-06-21,34.97,25.37,62.69,0.49,0.51
1992-06-22,36.52,25.84,59.94,0.27,0.5
1992-06-23,35.71,25.68,61.21,0.55,0.5
1992-06-24,35.48,25.51,61.84,1.27,0.5
1992-06-25,35.59,25.43,60.99,0.68,0.5
1992-06-26,34.02,25.15,63.79,0.93,0.5
1992-06-27,35.89,24.68,63.69,3.86,0.5
1992-06-28,36.38,25.55,61.45,0.06,0.5
1992-06-29,37.6,24.36,55.97,0.3,0.5
1992-06-30,37.27,24.82,60.05,1.2,0.5
1992-07-01,36.45,26.02,61.67,0.58,0.5
1992-07-02,34.86,25.94,64.9,0.65,0.5
1992-07-03,35.14,25.59,61.56,0.47,0.5
1992-07-04,36.53,25.08,60.99,1.79,0.5
1992-07-05,34.3,25.04,64.78,0.36,0.5
1992-07-06,34.42,24.62,66.65,1.63,0.5
1992-07-07,34.76,24.72,60.41,1.05,0.5
1992-07-08,32.52,24.22,66.83,1.64,0.5
1992-07-09,33.5,24.33,67.13,0.36,0.5
1992-07-10,32.14,23.75,66.11,1.2,0.5
1992-07-11,34.7,24.13,61.65,0.57,0.5
1992-07-12,36.82,25.03,55.05,0.17,0.5
1992-07-13,36.5,25.72,54.82,0.42,0.5
1992-07-14,34.44,25.8,61.15,0.68,0.5
1992-07-15,34.44,25.18,64.81,0.68,0.5
1992-07-16,35.74,24.05,66.59,2.25,0.5
1992-07-17,31.86,23.37,69.35,3.32,0.5
1992-07-18,32.92,24.0,66.44,0.24,0.5
1992-07-19,34.06,24.37,63.75,0.92,0.5
1992-07-20,35.83,24.8,60.59,0.94,0.5
1992-07-21,36.75,25.07,57.58,0.18,0.5
1992-07-22,34.81,25.86,59.35,0.94,0.5
1992-07-23,35.9,25.69,60.5,2.44,0.5
1992-07-24,35.64,25.16,66.84,1.77,0.5
1992-07-25,35.99,25.04,66.91,1.32,0.5
1992-07-26,31.18,24.29,76.97,1.74,0.5
1992-07-27,33.3,23.57,67.64,0.41,0.5
1992-07-28,35.3,24.2,61.6,0.13,0.5
1992-07-29,36.92,25.14,60.66,1.5,0.5
1992-07-30,33.46,25.62,66.56,3.21,0.5
1992-07-31,34.56,24.92,68.71,4.81,0.51
1992-08-01,34.3,23.89,66.44,0.11,0.51
1992-08-02,37.87,24.7,57.89,0.34,0.51
1992-08-03,35.24,25.26,60.24,0.37,0.5
1992-08-04,32.95,24.64,68.23,6.06,0.51
1992-08-05,27.27,23.35,87.19,5.08,0.51
1992-08-06,26.92,23.12,88.44,6.17,0.53
1992-08-07,30.61,22.31,73.96,0.01,0.53
1992-08-08,34.99,23.21,65.96,0.0,0.52
1992-08-09,35.68,23.79,62.58,0.02,0.51
1992-08-10,35.72,24.61,63.78,1.41,0.51
1992-08-11,33.39,25.21,69.79,2.82,0.51
1992-08-12,38.91,24.27,58.19,0.01,0.51
1992-08-13,36.31,24.7,61.53,0.0,0.51
1992-08-14,37.73,24.69,62.2,0.01,0.5
1992-08-15,34.91,25.17,63.67,0.41,0.5
1992-08-16,34.53,24.52,62.2,0.03,0.5
1992-08-17,37.42,24.2,58.71,0.19,0.5
1992-08-18,36.97,25.38,59.41,0.35,0.5
1992-08-19,37.12,25.17,58.55,0.49,0.5
1992-08-20,36.6,23.98,62.18,1.71,0.5
1992-08-21,37.97,24.23,56.79,0.03,0.5
1992-08-22,37.61,24.47,55.4,0.36,0.5
1992-08-23,30.71,24.33,67.4,2.32,0.5
1992-08-24,33.47,24.33,65.38,0.51,0.5
1992-08-25,39.31,24.91,57.91,0.65,0.5
1992-08-26,36.1,24.17,62.44,0.81,0.5
1992-08-27,36.29,25.57,59.29,0.0,0.5
1992-08-28,37.09,25.84,55.76,0.0,0.5
1992-08-29,38.69,27.09,49.11,0.0,0.5
1992-08-30,35.88,28.03,52.99,0.23,0.5
1992-08-31,30.49,25.43,77.94,11.01,0.51
1992-09-01,30.15,24.71,82.15,0.0,0.52
1992-09-02,36.12,24.4,64.99,0.03,0.51
1992-09-03,37.23,24.34,61.76,0.34,0.51
1992-09-04,37.43,24.51,56.97,0.01,0.51
1992-09-05,37.32,24.81,55.28,0.13,0.5
1992-09-06,36.68,25.68,57.08,0.26,0.5
1992-09-07,36.99,25.3,57.45,0.35,0.5
1992-09-08,37.07,24.9,57.49,1.0,0.5
1992-09-09,30.98,24.52,73.95,4.8,0.5
1992-09-10,34.66,23.87,69.99,3.73,0.51
1992-09-11,32.4,23.77,68.54,0.78,0.51
1992-09-12,34.59,22.63,66.89,2.87,0.51
1992-09-13,34.7,22.47,66.15,3.36,0.51
1992-09-14,33.43,23.47,70.66,4.82,0.51
1992-09-15,34.6,23.19,68.89,3.23,0.51
1992-09-16,32.92,23.11,74.77,4.56,0.52
1992-09-17,30.57,22.89,74.97,0.72,0.52
1992-09-18,32.6,23.4,68.36,1.34,0.51
1992-09-19,35.43,23.74,63.15,0.29,0.51
1992-09-20,38.2,24.84,58.37,1.09,0.51
1992-09-21,39.37,25.25,52.31,0.39,0.51
1992-09-22,39.05,25.42,54.11,0.5,0.5
1992-09-23,36.29,24.86,61.67,0.81,0.5
1992-09-24,32.32,25.3,65.15,0.37,0.5
1992-09-25,33.77,24.44,66.22,1.42,0.5
1992-09-26,37.45,24.07,59.49,3.63,0.51
1992-09-27,37.41,23.95,54.84,0.0,0.51
1992-09-28,35.32,25.88,57.28,0.02,0.5
1992-09-29,32.03,25.37,63.63,0.04,0.5
1992-09-30,33.21,24.59,62.08,0.0,0.5
1992-10-01,35.2,24.46,55.19,0.0,0.5
1992-10-02,35.69,25.0,56.31,0.09,0.5
1992-10-03,32.19,25.31,64.07,0.36,0.5
1992-10-04,32.39,24.03,61.62,0.0,0.5
1992-10-05,32.42,24.18,58.67,0.08,0.5
1992-10-06,36.91,23.46,49.8,0.0,0.5
1992-10-07,34.91,25.44,51.72,0.0,0.5
1992-10-08,38.26,25.21,46.39,0.0,0.5
1992-10-09,39.11,26.28,41.97,0.0,0.5
1992-10-10,37.81,26.41,45.63,0.02,0.5
1992-10-11,35.54,26.13,52.12,0.01,0.49
1992-10-12,33.04,25.56,54.81,0.09,0.49
1992-10-13,34.48,25.41,56.27,0.25,0.49
1992-10-14,30.7,24.63,68.76,1.15,0.5
1992-10-15,29.74,22.74,74.46,1.92,0.5
1992-10-16,32.9,20.85,65.81,1.33,0.5
1992-10-17,31.35,20.93,55.99,1.17,0.5
1992-10-18,28.41,19.8,56.9,0.28,0.5
1992-10-19,32.56,20.44,51.51,0.0,0.5
1992-10-20,34.91,22.28,50.06,1.11,0.5
1992-10-21,26.59,22.39,79.5,5.56,0.5
1992-10-22,29.78,22.64,76.57,1.21,0.51
1992-10-23,31.69,23.32,69.72,0.3,0.51
1992-10-24,33.37,21.11,60.96,0.45,0.5
1992-10-25,33.06,20.93,55.68,4.14,0.51
1992-10-26,31.25,21.6,64.64,0.0,0.51
1992-10-27,30.07,22.34,68.24,0.0,0.5
1992-10-28,36.11,20.12,53.61,0.0,0.5
1992-10-29,36.72,21.09,46.44,0.0,0.5
1992-10-30,35.67,20.95,47.41,0.0,0.5
1992-10-31,33.1,21.58,49.98,0.0,0.5
1992-11-01,32.89,22.89,51.06,0.0,0.5
1992-11-02,29.43,23.27,55.58,0.0,0.5
1992-11-03,30.51,22.44,54.53,0.0,0.5
1992-11-04,33.82,22.68,48.65,0.0,0.5
1992-11-05,34.23,22.01,45.82,0.0,0.5
1992-11-06,33.42,23.49,50.8,0.0,0.5
1992-11-07,34.22,23.31,47.44,0.0,0.5
1992-11-08,33.71,22.6,46.56,0.0,0.5
1992-11-09,28.32,17.45,45.2,0.01,0.49
1992-11-10,22.38,15.91,42.73,0.0,0.49
1992-11-11,29.88,17.35,40.12,0.0,0.49
1992-11-12,32.42,16.69,34.95,0.0,0.49
1992-11-13,33.43,16.38,36.49,0.0,0.49
1992-11-14,32.76,16.41,35.18,0.0,0.49
1992-11-15,33.57,15.65,38.13,0.14,0.49
1992-11-16,29.79,19.24,48.02,0.0,0.49
1992-11-17,31.3,21.08,53.92,0.0,0.49
1992-11-18,30.1,20.45,56.54,0.0,0.49
1992-11-19,28.69,21.28,49.4,0.0,0.49
1992-11-20,30.58,20.96,57.46,0.0,0.49
1992-11-21,28.39,21.25,62.1,0.0,0.49
1992-11-22,30.45,21.02,61.42,0.07,0.49
1992-11-23,31.27,21.06,59.13,0.01,0.49
1992-11-24,32.69,19.34,49.75,0.01,0.49
1992-11-25,31.47,18.99,50.6,0.36,0.49
1992-11-26,29.85,17.59,56.54,2.67,0.5
1992-11-27,28.65,15.31,52.14,0.01,0.5
1992-11-28,29.11,15.95,50.89,0.0,0.5
1992-11-29,29.88,15.83,47.74,0.0,0.5
1992-11-30,29.52,15.65,46.8,0.0,0.5
1992-12-01,30.11,15.93,45.62,0.02,0.5
1992-12-02,28.56,15.13,50.2,0.57,0.5
1992-12-03,28.09,13.76,47.34,0.0,0.5
1992-12-04,28.78,14.19,48.63,0.0,0.49
1992-12-05,28.82,14.38,48.55,0.0,0.49
1992-12-06,29.8,13.82,45.15,0.0,0.49
1992-12-07,28.92,13.2,39.6,0.0,0.49
1992-12-08,28.77,12.68,36.67,0.0,0.49
1992-12-09,29.34,12.77,34.61,0.0,0.49
1992-12-10,27.34,14.97,35.49,0.0,0.49
1992-12-11,29.14,13.4,37.35,0.0,0.49
1992-12-12,29.47,13.06,34.37,0.0,0.49
1992-12-13,29.4,13.12,32.74,0.0,0.49
1992-12-14,29.83,12.92,31.83,0.0,0.49
1992-12-15,30.65,13.67,31.67,0.0,0.49
1992-12-16,30.05,14.03,35.05,0.0,0.49
1992-12-17,28.39,13.58,38.48,0.0,0.49
1992-12-18,28.82,13.73,43.39,0.0,0.49
1992-12-19,29.18,13.83,35.99,0.0,0.49
1992-12-20,29.18,12.48,28.59,0.0,0.49
1992-12-21,28.07,11.57,30.36,0.0,0.49
1992-12-22,29.3,12.08,29.88,0.01,0.49
1992-12-23,29.64,12.22,46.71,11.53,0.5
1992-12-24,27.82,13.07,60.02,0.55,0.51
1992-12-25,26.14,13.13,60.23,0.0,0.51
1992-12-26,26.65,12.18,54.36,0.0,0.51
1992-12-27,27.24,12.14,50.16,0.0,0.51
1992-12-28,27.22,11.78,47.48,0.0,0.5
1992-12-29,27.66,12.01,44.49,0.0,0.5
1992-12-30,28.53,10.55,40.95,0.0,0.5
1992-12-31,27.51,10.92,38.13,0.0,0.5
1993-01-01,28.24,10.91,34.26,0.0,0.5
1993-01-02,28.61,11.84,33.99,0.0,0.5
1993-01-03,29.02,12.96,39.82,0.0,0.5
1993-01-04,29.43,13.17,41.9,0.0,0.5
1993-01-05,29.61,13.35,38.72,0.0,0.5
1993-01-06,29.63,13.42,39.07,0.0,0.5
1993-01-07,30.38,13.71,37.92,0.0,0.5
1993-01-08,30.13,14.63,37.37,0.0,0.5
1993-01-09,30.26,15.04,42.13,0.0,0.49
1993-01-10,29.6,14.82,41.7,0.0,0.49
1993-01-11,29.06,13.9,36.57,0.0,0.49
1993-01-12,28.89,15.51,45.75,0.01,0.49
1993-01-13,28.35,16.61,49.42,0.27,0.49
1993-01-14,28.0,15.0,56.15,0.35,0.49
1993-01-15,28.6,14.83,39.51,0.0,0.49
1993-01-16,28.35,11.22,25.06,0.0,0.49
1993-01-17,28.72,10.85,24.16,0.0,0.49
1993-01-18,27.77,10.92,25.49,0.0,0.49
1993-01-19,27.84,9.98,26.16,0.0,0.49
1993-01-20,28.2,10.25,28.14,0.0,0.49
1993-01-21,28.2,10.78,29.59,0.0,0.49
1993-01-22,27.96,12.91,31.93,0.0,0.49
1993-01-23,27.74,10.63,26.96,0.0,0.49
1993-01-24,28.46,10.01,23.28,0.0,0.49
1993-01-25,27.73,9.82,22.41,0.0,0.49
1993-01-26,29.23,9.97,21.42,0.0,0.49
1993-01-27,28.94,10.7,33.4,0.04,0.49
1993-01-28,24.7,13.98,57.75,0.0,0.49
1993-01-29,27.44,13.44,47.24,0.0,0.49
1993-01-30,28.86,14.11,44.02,0.0,0.49
1993-01-31,29.22,14.26,41.17,0.0,0.49
1993-02-01,29.99,15.12,38.18,0.0,0.49
1993-02-02,30.02,15.84,38.71,0.0,0.49
1993-02-03,30.39,14.49,38.12,0.0,0.49
1993-02-04,31.48,13.6,34.11,0.0,0.49
1993-02-05,30.55,13.7,31.25,0.0,0.49
1993-02-06,31.77,14.2,29.08,0.0,0.49
1993-02-07,32.89,13.28,25.97,0.0,0.49
1993-02-08,31.4,14.69,23.08,0.0,0.49
1993-02-09,32.94,14.43,21.34,0.0,0.49
1993-02-10,32.31,15.16,25.47,0.0,0.49
1993-02-11,32.73,15.37,26.26,0.0,0.49
1993-02-12,32.81,13.73,19.16,0.0,0.49
1993-02-13,32.98,14.86,20.69,0.0,0.49
1993-02-14,32.67,15.53,33.15,0.0,0.49
1993-02-15,32.5,17.19,39.58,0.0,0.49
1993-02-16,32.64,17.83,43.71,0.05,0.49
1993-02-17,33.21,17.14,43.25,0.18,0.49
1993-02-18,33.05,16.66,44.48,0.56,0.49
1993-02-19,32.71,16.08,41.73,0.08,0.49
1993-02-20,31.92,16.78,44.55,0.02,0.49
1993-02-21,30.81,17.14,53.33,0.01,0.49
1993-02-22,29.15,17.35,53.36,0.03,0.49
1993-02-23,29.47,16.1,46.51,0.0,0.49
1993-02-24,30.78,13.46,28.49,0.0,0.49
1993-02-25,31.84,13.13,25.57,0.0,0.49
1993-02-26,33.02,14.0,22.26,0.0,0.49
1993-02-27,33.33,15.05,22.04,0.0,0.49
1993-02-28,34.45,15.39,23.92,0.0,0.49
1993-03-01,34.69,16.19,24.48,0.0,0.49
1993-03-02,34.67,16.64,24.49,0.0,0.49
1993-03-03,35.29,16.82,26.25,0.0,0.49
1993-03-04,35.02,17.22,28.49,0.0,0.49
1993-03-05,34.72,18.93,24.51,0.0,0.49
1993-03-06,34.99,16.78,22.09,0.0,0.49
1993-03-07,35.21,16.17,18.18,0.0,0.49
1993-03-08,35.71,16.68,19.83,0.01,0.49
1993-03-09,36.46,18.13,23.94,0.03,0.49
1993-03-10,36.39,18.96,25.23,0.0,0.49
1993-03-11,36.27,19.88,27.28,0.14,0.49
1993-03-12,35.61,21.16,25.43,0.0,0.49
1993-03-13,34.53,18.03,28.08,0.0,0.49
1993-03-14,35.19,20.31,25.99,0.0,0.49
1993-03-15,35.99,18.81,31.36,0.0,0.49
1993-03-16,35.98,20.62,36.38,0.0,0.49
1993-03-17,35.76,21.45,32.26,0.0,0.49
1993-03-18,35.65,22.2,24.01,0.0,0.49
1993-03-19,34.84,18.43,21.12,0.0,0.49
1993-03-20,34.17,17.08,23.6,0.0,0.49
1993-03-21,34.43,19.81,27.37,0.0,0.49
1993-03-22,34.65,20.36,31.52,0.0,0.49
1993-03-23,33.59,20.98,33.11,0.0,0.49
1993-03-24,31.68,21.32,47.24,0.06,0.49
1993-03-25,35.67,20.73,44.62,0.0,0.49
1993-03-26,35.99,21.35,41.57,0.0,0.49
1993-03-27,36.51,21.67,39.68,0.0,0.49
1993-03-28,36.28,21.7,36.5,0.0,0.49
1993-03-29,36.7,18.89,19.38,0.0,0.49
1993-03-30,36.44,17.52,15.4,0.0,0.49
1993-03-31,36.3,18.82,12.8,0.0,0.49
1993-04-01,37.15,19.35,12.45,0.0,0.49
1993-04-02,38.73,20.45,13.6,0.0,0.49
1993-04-03,38.95,21.1,17.04,0.0,0.49
1993-04-04,38.53,21.73,20.92,0.0,0.49
1993-04-05,39.1,20.65,17.1,0.0,0.49
1993-04-06,39.53,21.38,15.89,0.0,0.49
1993-04-07,40.21,22.03,18.21,0.0,0.49
1993-04-08,40.17,22.62,19.95,0.0,0.49
1993-04-09,38.56,23.91,31.34,0.01,0.49
1993-04-10,36.09,23.63,36.15,0.0,0.49
1993-04-11,37.42,23.87,30.92,0.0,0.49
1993-04-12,37.2,24.13,29.79,0.01,0.49
1993-04-13,37.86,23.49,28.98,0.03,0.49
1993-04-14,35.54,24.25,35.0,0.0,0.49
1993-04-15,37.76,22.27,30.7,0.0,0.49
1993-04-16,38.54,22.85,28.84,0.0,0.49
1993-04-17,38.37,26.38,30.38,0.0,0.49
1993-04-18,39.27,26.65,29.59,0.0,0.49
1993-04-19,39.58,25.62,24.36,0.0,0.49
1993-04-20,40.06,25.14,22.59,0.0,0.49
1993-04-21,40.61,25.51,22.6,0.07,0.49
1993-04-22,36.49,25.51,30.09,0.05,0.49
1993-04-23,38.78,26.91,31.11,0.0,0.49
1993-04-24,38.89,27.57,31.55,0.0,0.49
1993-04-25,38.63,26.31,32.2,0.0,0.49
1993-04-26,39.51,27.26,28.27,0.03,0.49
1993-04-27,38.74,27.38,33.79,0.0,0.49
1993-04-28,39.23,26.11,34.3,0.0,0.49
1993-04-29,33.75,26.38,49.0,0.0,0.49
1993-04-30,33.59,25.77,49.6,0.01,0.49
1993-05-01,33.46,25.26,44.91,0.05,0.49
1993-05-02,35.25,24.21,46.93,0.78,0.49
1993-05-03,36.44,25.81,48.37,0.03,0.49
1993-05-04,38.16,26.05,48.45,0.3,0.49
1993-05-05,38.92,26.75,44.0,1.29,0.49
1993-05-06,38.17,25.68,44.73,0.18,0.49
1993-05-07,38.06,27.23,38.29,0.0,0.49
1993-05-08,38.04,26.0,40.02,0.01,0.49
1993-05-09,33.78,26.18,47.03,0.0,0.49
1993-05-10,37.13,26.13,44.73,0.02,0.49
1993-05-11,38.57,26.59,40.99,0.14,0.49
1993-05-12,35.6,26.3,46.48,0.0,0.49
1993-05-13,38.06,26.33,41.36,0.0,0.49
1993-05-14,38.52,26.47,37.12,0.0,0.49
1993-05-15,36.07,26.39,38.55,0.0,0.49
1993-05-16,39.03,25.49,40.44,0.03,0.49
1993-05-17,38.64,25.07,36.83,0.05,0.49
1993-05-18,39.17,27.53,35.93,0.0,0.49
1993-05-19,39.08,26.88,36.04,0.0,0.49
1993-05-20,40.17,26.57,33.97,0.0,0.49
1993-05-21,39.94,27.64,38.2,0.0,0.49
1993-05-22,33.62,27.17,50.64,0.01,0.49
1993-05-23,38.81,25.49,39.45,0.0,0.49
1993-05-24,39.27,27.45,39.39,0.0,0.49
1993-05-25,39.37,26.68,41.5,0.03,0.49
1993-05-26,35.59,28.15,45.85,0.03,0.49
1993-05-27,31.3,26.09,56.91,0.0,0.49
1993-05-28,33.02,25.14,56.98,1.45,0.49
1993-05-29,33.18,23.45,69.08,6.72,0.5
1993-05-30,32.71,24.24,68.31,0.52,0.5
1993-05-31,34.54,25.4,65.41,0.37,0.5
1993-06-01,34.36,24.96,61.13,0.01,0.5
1993-06-02,37.53,25.39,51.04,0.19,0.5
1993-06-03,34.04,25.1,58.3,0.01,0.5
1993-06-04,37.09,26.51,48.81,0.03,0.5
1993-06-05,37.67,26.3,47.22,0.04,0.5
1993-06-06,37.78,26.25,48.65,1.36,0.5
1993-06-07,38.86,26.82,45.71,0.04,0.5
1993-06-08,37.54,26.74,45.43,0.0,0.5
1993-06-09,38.4,27.11,45.36,0.02,0.49
1993-06-10,34.43,27.48,50.73,0.28,0.49
1993-06-11,33.78,25.31,65.25,2.35,0.5
1993-06-12,28.48,24.44,78.74,4.34,0.5
1993-06-13,30.74,24.38,75.0,3.15,0.51
1993-06-14,31.93,23.85,71.34,1.66,0.51
1993-06-15,31.53,24.55,67.64,1.0,0.51
1993-06-16,34.85,24.52,64.06,0.28,0.5
1993-06-17,31.66,24.95,71.91,3.27,0.5
1993-06-18,31.07,24.55,71.94,0.32,0.51
1993-06-19,33.98,25.01,68.91,2.23,0.51
1993-06-20,33.99,25.29,63.71,0.0,0.5
1993-06-21,34.14,25.37,60.28,0.01,0.5
1993-06-22,37.47,25.3,53.91,0.0,0.5
1993-06-23,38.04,25.56,52.62,0.0,0.5
1993-06-24,37.55,26.26,55.99,0.04,0.5
1993-06-25,36.85,25.5,55.24,0.0,0.5
1993-06-26,38.78,25.28,48.16,0.0,0.5
1993-06-27,39.6,26.89,45.04,0.0,0.49
1993-06-28,37.83,28.42,47.54,0.0,0.49
1993-06-29,34.14,27.71,57.1,0.03,0.49
1993-06-30,33.0,26.74,61.98,0.09,0.49
1993-07-01,37.41,25.7,53.45,0.04,0.49
1993-07-02,39.04,26.28,50.82,0.0,0.49
1993-07-03,38.77,27.11,49.7,0.0,0.49
1993-07-04,37.66,27.67,50.32,0.01,0.49
1993-07-05,38.2,27.85,48.4,0.02,0.49
1993-07-06,34.16,26.34,59.88,0.03,0.49
1993-07-07,34.51,26.32,58.18,0.02,0.49
1993-07-08,33.13,26.34,59.66,0.01,0.49
1993-07-09,37.02,25.52,53.18,0.0,0.49
1993-07-10,39.25,26.44,48.72,0.0,0.49
1993-07-11,37.45,26.63,51.05,0.0,0.49
1993-07-12,38.98,26.67,50.55,0.01,0.49
1993-07-13,35.93,27.15,55.6,0.03,0.49
1993-07-14,35.3,25.92,56.55,0.02,0.49
1993-07-15,35.8,25.88,56.66,0.0,0.49
1993-07-16,38.54,25.58,48.2,0.02,0.49
1993-07-17,34.4,27.41,52.64,0.07,0.49
1993-07-18,37.99,26.97,48.05,0.05,0.49
1993-07-19,36.36,27.08,52.68,0.07,0.49
1993-07-20,37.57,26.32,52.27,0.02,0.49
1993-07-21,35.67,26.53,53.72,0.0,0.49
1993-07-22,36.73,25.86,52.03,0.0,0.49
1993-07-23,37.2,26.37,52.53,0.0,0.49
1993-07-24,34.38,25.74,56.77,0.0,0.49
1993-07-25,33.17,26.7,60.06,0.03,0.49
1993-07-26,38.46,26.36,49.59,0.0,0.49
1993-07-27,39.75,27.11,44.41,0.01,0.49
1993-07-28,37.26,27.86,46.45,0.0,0.49
1993-07-29,37.44,28.46,46.82,0.01,0.49
1993-07-30,38.77,26.9,48.74,0.03,0.49
1993-07-31,36.82,26.3,55.97,0.5,0.49
1993-08-01,36.17,26.23,54.24,0.07,0.49
1993-08-02,35.93,26.14,55.03,0.59,0.49
1993-08-03,33.58,25.47,63.86,0.09,0.49
1993-08-04,33.88,25.05,59.57,0.0,0.49
1993-08-05,36.52,24.83,51.92,0.04,0.49
1993-08-06,38.64,26.27,48.85,0.0,0.49
1993-08-07,34.42,25.93,58.01,0.02,0.49
1993-08-08,35.54,25.17,60.29,0.01,0.49
1993-08-09,36.64,25.83,59.79,0.02,0.49
1993-08-10,37.97,26.34,55.85,0.0,0.49
1993-08-11,36.97,25.74,54.45,0.01,0.49
1993-08-12,38.47,25.99,51.54,0.0,0.49
1993-08-13,33.7,26.23,57.34,0.02,0.49
1993-08-14,34.8,26.07,57.22,0.01,0.49
1993-08-15,38.04,25.46,54.72,0.0,0.49
1993-08-16,35.28,26.29,57.63,0.04,0.49
1993-08-17,35.92,25.32,55.57,0.17,0.49
1993-08-18,37.4,25.82,55.44,0.03,0.49
1993-08-19,36.31,25.15,58.48,0.01,0.49
1993-08-20,36.55,24.52,55.47,0.06,0.49
1993-08-21,37.02,24.86,55.1,0.01,0.49
1993-08-22,36.52,25.59,56.7,0.08,0.49
1993-08-23,35.18,25.48,62.55,0.02,0.49
1993-08-24,35.28,24.64,57.62,0.12,0.49
1993-08-25,36.67,24.76,52.72,0.28,0.49
1993-08-26,35.33,25.67,55.62,0.41,0.49
1993-08-27,32.93,24.65,62.91,1.11,0.49
1993-08-28,36.62,23.95,60.48,5.87,0.5
1993-08-29,32.98,24.55,66.43,0.93,0.5
1993-08-30,35.17,25.59,59.91,0.54,0.5
1993-08-31,36.91,25.96,55.91,0.2,0.5
1993-09-01,34.85,25.23,60.66,0.2,0.5
1993-09-02,31.83,25.62,59.84,0.19,0.5
1993-09-03,35.42,25.44,57.17,0.02,0.5
1993-09-04,35.08,25.93,58.96,0.02,0.5
1993-09-05,34.06,25.35,59.42,0.09,0.5
1993-09-06,36.69,23.97,55.48,0.0,0.5
1993-09-07,38.37,24.08,49.8,0.0,0.49
1993-09-08,37.46,26.0,49.78,0.0,0.49
1993-09-09,37.22,26.5,47.0,0.02,0.49
1993-09-10,40.11,27.47,43.52,0.02,0.49
1993-09-11,37.34,27.0,47.53,0.09,0.49
1993-09-12,31.28,26.19,59.99,0.0,0.49
1993-09-13,36.64,25.14,53.93,0.0,0.49
1993-09-14,34.57,25.46,56.0,0.0,0.49
1993-09-15,36.56,25.61,51.16,0.0,0.49
1993-09-16,38.78,25.78,44.96,0.0,0.49
1993-09-17,39.93,27.58,39.92,0.0,0.49
1993-09-18,39.42,28.37,42.92,0.0,0.49
1993-09-19,39.51,26.47,48.43,0.0,0.49
1993-09-20,36.9,26.93,52.29,0.02,0.49
1993-09-21,38.82,25.77,47.03,0.14,0.49
1993-09-22,39.23,25.89,47.91,0.0,0.49
1993-09-23,38.75,26.18,43.78,0.0,0.49
1993-09-24,39.43,25.37,41.29,0.0,0.49
1993-09-25,38.47,26.95,43.49,0.0,0.49
1993-09-26,36.08,27.25,48.74,0.06,0.49
1993-09-27,33.85,26.27,57.64,0.0,0.49
1993-09-28,35.95,25.74,53.16,0.0,0.49
1993-09-29,37.8,25.28,47.92,0.01,0.49
1993-09-30,37.47,27.03,46.21,0.14,0.49
1993-10-01,36.01,26.58,52.75,0.2,0.49
1993-10-02,33.97,25.81,55.3,0.07,0.49
1993-10-03,36.68,25.88,52.23,0.02,0.49
1993-10-04,34.65,26.25,54.91,0.0,0.49
1993-10-05,31.93,26.38,58.15,0.0,0.49
1993-10-06,32.94,25.58,56.58,0.01,0.49
1993-10-07,34.59,24.58,51.96,0.0,0.49
1993-10-08,36.71,25.47,47.17,0.01,0.49
1993-10-09,37.58,25.96,45.41,0.0,0.49
1993-10-10,38.4,26.48,41.46,0.11,0.49
1993-10-11,38.68,25.82,42.62,0.0,0.49
1993-10-12,36.55,25.99,49.35,0.0,0.49
1993-10-13,34.67,25.42,52.87,0.0,0.49
1993-10-14,35.85,25.23,45.5,0.01,0.49
1993-10-15,36.95,25.66,44.07,0.04,0.49
1993-10-16,36.21,26.43,46.79,0.0,0.49
1993-10-17,36.65,25.68,47.91,0.0,0.49
1993-10-18,37.56,25.84,41.33,0.01,0.49
1993-10-19,36.64,26.01,41.56,0.01,0.49
1993-10-20,31.4,25.2,49.88,0.04,0.49
1993-10-21,34.32,24.0,54.57,0.03,0.49
1993-10-22,33.85,23.74,54.7,0.05,0.49
1993-10-23,34.25,24.2,51.96,0.02,0.49
1993-10-24,33.74,24.12,50.49,0.41,0.49
1993-10-25,35.15,24.24,48.64,0.06,0.49
1993-10-26,34.96,24.14,46.52,0.0,0.49
1993-10-27,35.92,24.55,44.63,0.0,0.49
1993-10-28,36.02,25.16,43.53,0.0,0.49
1993-10-29,31.07,25.25,57.49,0.02,0.49
1993-10-30,31.92,22.4,55.32,0.04,0.49
1993-10-31,30.38,21.87,54.22,0.0,0.49
1993-11-01,33.68,21.15,46.7,0.0,0.49
1993-11-02,32.51,22.53,40.18,0.0,0.49
1993-11-03,31.61,22.3,38.67,0.0,0.49
1993-11-04,34.54,21.44,37.12,0.01,0.49
1993-11-05,34.07,19.57,39.41,0.0,0.49
1993-11-06,34.63,21.45,36.79,0.0,0.49
1993-11-07,34.67,20.5,37.23,0.0,0.49
1993-11-08,34.21,19.58,35.25,0.0,0.49
1993-11-09,33.97,18.57,33.12,0.0,0.49
1993-11-10,34.24,18.31,31.73,0.0,0.49
1993-11-11,34.39,17.97,30.89,0.0,0.49
1993-11-12,33.53,17.79,33.68,0.0,0.49
1993-11-13,32.8,18.17,32.21,0.0,0.49
1993-11-14,32.63,17.78,31.58,0.0,0.49
1993-11-15,31.97,16.69,28.9,0.01,0.49
1993-11-16,32.95,15.73,29.21,0.03,0.49
1993-11-17,32.58,16.47,33.78,0.0,0.49
1993-11-18,31.25,17.45,46.54,0.0,0.49
1993-11-19,32.82,18.45,43.22,0.0,0.49
1993-11-20,33.06,18.22,35.09,0.0,0.49
1993-11-21,34.13,17.6,34.29,0.0,0.49
1993-11-22,34.06,18.37,39.53,0.0,0.49
1993-11-23,33.42,18.59,34.84,0.0,0.49
1993-11-24,34.0,19.4,39.37,0.0,0.49
1993-11-25,33.33,19.92,45.28,0.0,0.49
1993-11-26,33.69,19.54,40.62,0.0,0.49
1993-11-27,33.44,20.68,41.74,0.0,0.49
1993-11-28,33.16,18.42,44.55,0.0,0.49
1993-11-29,32.26,18.38,39.82,0.0,0.49
1993-11-30,33.14,17.67,35.62,0.0,0.49
1993-12-01,33.31,18.14,35.89,0.0,0.49
1993-12-02,31.58,18.46,39.0,0.0,0.49
1993-12-03,32.36,18.04,36.65,0.0,0.49
1993-12-04,32.43,16.75,31.79,0.0,0.49
1993-12-05,33.57,16.42,30.42,0.0,0.49
1993-12-06,33.29,16.95,42.98,0.0,0.49
1993-12-07,33.4,17.8,43.26,0.0,0.49
1993-12-08,32.25,16.96,40.95,0.0,0.49
1993-12-09,32.14,17.5,40.65,0.0,0.49
1993-12-10,32.5,16.92,43.24,0.0,0.49
1993-12-11,32.24,18.15,44.53,0.0,0.49
1993-12-12,31.66,18.4,45.61,0.0,0.49
1993-12-13,31.16,18.63,45.41,0.0,0.49
1993-12-14,30.92,18.37,45.19,0.0,0.49
1993-12-15,31.31,17.66,40.18,0.0,0.49
1993-12-16,31.96,16.16,36.97,0.0,0.49
1993-12-17,32.23,16.64,45.05,0.0,0.49
1993-12-18,30.92,18.18,46.09,0.0,0.49
1993-12-19,30.34,18.05,45.22,0.0,0.49
1993-12-20,29.79,15.13,35.33,0.0,0.49
1993-12-21,29.92,14.79,35.0,0.0,0.49
1993-12-22,29.91,15.3,43.52,0.0,0.49
1993-12-23,30.64,14.61,43.59,0.0,0.49
1993-12-24,31.69,14.86,38.93,0.0,0.49
1993-12-25,30.38,15.38,35.68,0.0,0.49
1993-12-26,30.97,13.33,28.29,0.0,0.49
1993-12-27,30.2,13.08,27.02,0.0,0.49
1993-12-28,29.79,12.41,24.15,0.0,0.49
1993-12-29,28.51,11.79,23.84,0.0,0.49
1993-12-30,30.29,12.28,22.97,0.0,0.49
1993-12-31,31.66,15.49,22.97,0.0,0.49
1994-01-01,30.2,15.6,23.46,0.0,0.49
1994-01-02,31.85,15.95,23.68,0.0,0.49
1994-01-03,32.1,16.26,21.22,0.0,0.49
1994-01-04,31.33,17.04,23.46,0.0,0.49
1994-01-05,32.12,15.07,30.38,0.0,0.49
1994-01-06,31.25,16.54,34.97,0.0,0.49
1994-01-07,30.73,14.64,30.35,0.0,0.49
1994-01-08,31.03,13.16,23.0,0.0,0.49
1994-01-09,30.34,13.16,22.6,0.0,0.49
1994-01-10,30.5,12.39,22.36,0.0,0.49
1994-01-11,30.15,12.63,21.65,0.0,0.49
1994-01-12,30.52,13.48,19.54,0.0,0.49
1994-01-13,31.46,13.11,18.16,0.0,0.49
1994-01-14,32.63,13.37,19.33,0.0,0.49
1994-01-15,30.5,14.08,23.82,0.0,0.49
1994-01-16,31.31,14.81,35.53,0.0,0.49
1994-01-17,29.56,14.73,47.48,0.0,0.49
1994-01-18,30.9,15.41,42.39,0.0,0.49
1994-01-19,31.58,14.86,34.88,0.0,0.49
1994-01-20,32.21,14.46,26.67,0.0,0.49
1994-01-21,30.57,13.77,26.57,1.03,0.49
1994-01-22,32.24,14.62,24.1,0.0,0.49
1994-01-23,31.77,14.51,26.97,0.0,0.49
1994-01-24,30.97,15.3,29.42,0.0,0.49
1994-01-25,30.91,13.53,29.3,0.0,0.49
1994-01-26,31.37,13.87,31.83,0.0,0.49
1994-01-27,31.03,14.92,34.29,0.0,0.49
1994-01-28,31.17,15.18,35.36,0.0,0.49
1994-01-29,32.68,15.11,29.19,0.0,0.49
1994-01-30,31.65,15.14,31.79,0.0,0.49
1994-01-31,30.31,15.03,34.94,0.0,0.49
1994-02-01,31.42,14.85,32.62,0.0,0.49
1994-02-02,30.64,15.91,41.05,0.35,0.49
1994-02-03,30.81,19.78,47.04,0.0,0.49
1994-02-04,28.92,15.32,36.51,0.0,0.49
1994-02-05,31.31,13.66,23.56,0.0,0.49
1994-02-06,32.63,14.23,21.56,0.0,0.49
1994-02-07,32.5,14.29,21.94,0.0,0.49
1994-02-08,33.98,14.13,19.22,0.0,0.49
1994-02-09,29.71,15.18,26.38,0.08,0.49
1994-02-10,29.21,16.59,32.76,0.0,0.49
1994-02-11,30.78,13.0,29.83,0.22,0.49
1994-02-12,31.39,13.24,23.42,0.0,0.49
1994-02-13,31.54,16.64,19.09,0.0,0.49
1994-02-14,32.63,13.1,20.4,0.0,0.49
1994-02-15,32.81,13.58,19.34,0.0,0.49
1994-02-16,31.91,14.06,18.77,0.0,0.49
1994-02-17,33.21,14.48,18.51,0.0,0.49
1994-02-18,32.08,15.01,17.81,0.0,0.49
1994-02-19,31.61,15.03,22.22,0.0,0.49
1994-02-20,32.79,14.17,22.49,0.0,0.49
1994-02-21,33.05,14.38,16.53,0.0,0.49
1994-02-22,33.08,14.44,20.94,0.0,0.49
1994-02-23,30.77,15.61,49.95,0.0,0.49
1994-02-24,32.59,15.96,37.31,0.0,0.49
1994-02-25,32.53,15.42,26.07,0.0,0.49
1994-02-26,32.34,15.9,20.29,0.0,0.49
1994-02-27,32.97,14.71,18.99,0.0,0.49
1994-02-28,32.92,14.58,18.94,0.0,0.49
1994-03-01,33.06,14.68,19.53,0.0,0.49
1994-03-02,34.95,15.89,22.34,0.0,0.49
1994-03-03,33.99,16.46,21.81,0.0,0.49
1994-03-04,33.52,15.81,22.09,0.0,0.49
1994-03-05,33.65,17.84,16.02,0.0,0.49
1994-03-06,35.03,16.66,17.79,0.0,0.49
1994-03-07,36.0,18.18,21.29,0.0,0.49
1994-03-08,36.48,18.85,22.74,0.0,0.49
1994-03-09,36.62,20.16,17.81,0.0,0.49
1994-03-10,35.96,16.11,11.9,0.0,0.49
1994-03-11,35.77,17.66,13.56,0.0,0.49
1994-03-12,35.6,16.0,16.72,0.0,0.49
1994-03-13,35.25,17.72,20.86,0.0,0.49
1994-03-14,36.96,18.86,24.36,0.0,0.49
1994-03-15,37.74,20.1,26.81,0.0,0.49
1994-03-16,37.54,20.48,28.96,0.0,0.49
1994-03-17,38.76,20.73,24.82,0.0,0.49
1994-03-18,38.16,21.22,25.39,0.0,0.49
1994-03-19,38.11,21.25,30.04,0.0,0.49
1994-03-20,38.18,21.55,32.14,0.0,0.49
1994-03-21,37.47,20.83,31.76,0.0,0.49
1994-03-22,38.99,21.51,31.63,0.0,0.49
1994-03-23,38.47,23.4,38.66,0.2,0.49
1994-03-24,37.34,23.44,45.12,0.09,0.49
1994-03-25,36.09,23.58,44.82,0.23,0.49
1994-03-26,36.26,22.21,46.01,1.11,0.49
1994-03-27,34.61,21.9,45.64,1.84,0.49
1994-03-28,33.57,22.5,52.27,0.21,0.49
1994-03-29,33.88,22.16,48.46,0.01,0.49
1994-03-30,35.2,23.58,37.79,0.0,0.49
1994-03-31,35.91,22.2,39.68,0.0,0.49
1994-04-01,35.97,25.02,40.97,0.0,0.49
1994-04-02,30.62,24.32,47.42,0.03,0.49
1994-04-03,33.76,22.26,40.48,0.0,0.49
1994-04-04,36.55,21.51,33.1,0.0,0.49
1994-04-05,37.35,21.17,29.56,0.0,0.49
1994-04-06,38.02,21.98,29.19,0.0,0.49
1994-04-07,38.58,22.91,31.48,0.0,0.49
1994-04-08,39.42,24.73,30.57,0.0,0.49
1994-04-09,40.27,25.04,30.65,0.0,0.49
1994-04-10,40.56,25.64,26.93,0.0,0.49
1994-04-11,40.03,25.5,25.08,0.0,0.49
1994-04-12,40.24,25.5,29.3,0.0,0.49
1994-04-13,40.06,24.65,30.13,0.0,0.49
1994-04-14,40.13,26.46,33.42,0.0,0.49
1994-04-15,41.05,25.99,29.0,0.0,0.49
1994-04-16,39.71,24.74,32.26,0.0,0.49
1994-04-17,38.32,25.5,34.05,0.06,0.49
1994-04-18,37.43,25.7,36.16,0.0,0.49
1994-04-19,37.98,24.89,40.05,0.34,0.49
1994-04-20,37.86,25.18,36.17,0.22,0.49
1994-04-21,39.27,25.69,31.34,0.0,0.49
1994-04-22,39.32,24.39,29.02,0.0,0.49
1994-04-23,39.41,25.6,34.54,0.0,0.49
1994-04-24,37.44,28.55,36.26,0.0,0.49
1994-04-25,39.74,26.77,31.23,0.0,0.49
1994-04-26,39.25,25.85,29.04,0.0,0.49
1994-04-27,41.71,25.17,26.99,0.01,0.49
1994-04-28,40.58,26.0,29.94,0.0,0.49
1994-04-29,39.03,27.63,37.88,0.01,0.49
1994-04-30,35.0,27.54,45.81,0.0,0.49
1994-05-01,38.55,26.86,40.52,0.0,0.49
1994-05-02,38.45,26.29,41.07,0.0,0.49
1994-05-03,35.26,27.56,52.72,0.04,0.49
1994-05-04,38.28,24.97,47.93,0.03,0.49
1994-05-05,40.68,27.11,39.68,0.01,0.49
1994-05-06,41.79,27.42,40.38,0.0,0.49
1994-05-07,39.02,28.77,40.93,0.01,0.49
1994-05-08,38.18,28.29,41.19,0.01,0.49
1994-05-09,36.93,27.34,43.43,0.0,0.49
1994-05-10,38.99,27.67,35.78,0.0,0.49
1994-05-11,40.02,28.11,34.78,0.0,0.49
1994-05-12,40.3,29.01,31.82,0.0,0.49
1994-05-13,40.46,28.5,31.54,0.0,0.49
1994-05-14,42.29,29.08,29.43,0.0,0.49
1994-05-15,39.62,28.98,40.17,0.0,0.49
1994-05-16,39.35,28.12,38.41,0.0,0.49
1994-05-17,38.3,27.25,37.83,0.27,0.49
1994-05-18,40.13,26.47,28.57,0.09,0.49
1994-05-19,40.37,27.04,28.66,0.3,0.49
1994-05-20,40.86,26.15,32.46,0.0,0.49
1994-05-21,40.59,29.4,35.14,0.0,0.49
1994-05-22,40.57,28.66,37.63,0.01,0.49
1994-05-23,40.14,27.97,40.34,0.0,0.49
1994-05-24,39.46,28.26,41.15,0.01,0.49
1994-05-25,40.5,28.87,38.55,0.0,0.49
1994-05-26,38.86,29.69,41.38,0.02,0.49
1994-05-27,38.42,29.34,43.62,0.01,0.49
1994-05-28,34.79,28.74,51.52,0.04,0.49
1994-05-29,39.1,27.89,44.55,0.02,0.49
1994-05-30,37.27,28.55,45.2,0.01,0.49
1994-05-31,38.3,28.72,46.89,0.0,0.49
1994-06-01,39.05,27.27,46.82,0.0,0.49
1994-06-02,39.74,27.68,42.86,0.0,0.49
1994-06-03,36.96,27.8,49.66,0.0,0.49
1994-06-04,36.32,27.94,49.97,0.0,0.49
1994-06-05,36.57,28.21,49.47,0.02,0.49
1994-06-06,38.28,27.83,49.55,0.02,0.49
1994-06-07,33.93,27.96,56.72,0.08,0.49
1994-06-08,35.85,27.58,54.17,0.22,0.49
1994-06-09,35.66,27.03,55.1,0.02,0.49
1994-06-10,34.94,26.61,59.67,0.03,0.49
1994-06-11,35.38,26.14,57.65,0.04,0.49
1994-06-12,37.41,26.51,53.09,0.05,0.49
1994-06-13,38.0,26.67,52.3,0.02,0.49
1994-06-14,37.8,27.08,53.15,0.02,0.49
1994-06-15,37.1,26.98,54.4,0.0,0.49
1994-06-16,34.69,26.64,61.03,0.11,0.49
1994-06-17,36.49,25.35,57.66,3.06,0.49
1994-06-18,36.47,25.82,54.0,0.02,0.49
1994-06-19,36.6,25.31,51.77,0.04,0.49
1994-06-20,38.34,26.54,53.53,0.01,0.49
1994-06-21,37.5,25.83,54.19,0.07,0.49
1994-06-22,36.33,27.03,54.96,0.01,0.49
1994-06-23,37.74,26.78,54.3,0.11,0.49
1994-06-24,35.88,26.07,56.75,0.02,0.49
1994-06-25,37.11,26.61,55.72,0.05,0.49
1994-06-26,32.22,26.09,67.39,0.42,0.49
1994-06-27,33.88,24.41,65.62,0.67,0.49
1994-06-28,37.1,25.26,56.92,0.0,0.49
1994-06-29,36.95,25.91,51.9,0.03,0.49
1994-06-30,32.72,26.67,59.14,0.07,0.49
1994-07-01,38.61,26.87,53.64,0.26,0.49
1994-07-02,36.78,26.68,52.35,0.03,0.49
1994-07-03,35.69,25.89,51.72,0.03,0.49
1994-07-04,37.46,26.78,47.76,0.0,0.49
1994-07-05,39.55,26.63,46.66,0.05,0.49
1994-07-06,38.42,27.72,48.96,0.07,0.49
1994-07-07,37.7,26.52,54.05,0.07,0.49
1994-07-08,37.17,26.74,53.01,0.0,0.49
1994-07-09,37.83,26.43,54.61,0.01,0.49
1994-07-10,35.48,26.02,62.07,0.02,0.49
1994-07-11,35.05,25.71,63.1,0.05,0.49
1994-07-12,34.23,25.57,65.11,0.09,0.49
1994-07-13,37.02,25.39,58.72,0.01,0.49
1994-07-14,35.33,26.11,61.16,0.0,0.49
1994-07-15,35.94,25.83,59.25,0.0,0.49
1994-07-16,37.07,26.84,56.61,0.02,0.49
1994-07-17,36.69,25.94,59.57,0.02,0.49
1994-07-18,35.38,24.84,58.45,0.01,0.49
1994-07-19,36.88,24.79,58.07,0.06,0.49
1994-07-20,36.46,24.6,55.91,0.01,0.49
1994-07-21,36.61,25.46,53.67,0.01,0.49
1994-07-22,37.19,25.7,52.1,0.01,0.49
1994-07-23,38.42,25.37,50.42,0.04,0.49
1994-07-24,36.1,26.13,54.67,0.02,0.49
1994-07-25,32.55,25.21,58.69,0.07,0.49
1994-07-26,35.79,25.39,54.16,0.01,0.49
1994-07-27,34.47,25.8,58.56,0.04,0.49
1994-07-28,37.96,25.41,57.95,0.01,0.49
1994-07-29,36.59,25.17,56.76,0.0,0.49
1994-07-30,37.32,25.15,54.51,0.0,0.49
1994-07-31,37.61,25.63,49.77,0.03,0.49
1994-08-01,36.2,26.22,64.47,0.27,0.49
1994-08-02,37.43,24.79,57.05,1.15,0.49
1994-08-03,37.04,26.45,53.11,0.01,0.49
1994-08-04,34.38,26.26,56.33,0.03,0.49
1994-08-05,37.02,26.52,54.73,0.02,0.49
1994-08-06,33.23,26.7,59.24,0.02,0.49
1994-08-07,37.91,26.25,50.08,0.03,0.49
1994-08-08,35.83,26.5,53.86,0.16,0.49
1994-08-09,31.15,24.72,65.98,0.42,0.49
1994-08-10,33.38,24.78,62.24,0.01,0.49
1994-08-11,36.69,24.68,55.46,0.01,0.49
1994-08-12,36.8,25.0,50.93,0.03,0.49
1994-08-13,33.96,25.37,58.95,0.06,0.49
1994-08-14,31.57,25.26,63.87,0.08,0.49
1994-08-15,37.96,24.98,57.48,0.02,0.49
1994-08-16,38.26,25.84,54.94,0.0,0.49
1994-08-17,35.94,25.66,57.36,0.01,0.49
1994-08-18,34.78,25.37,57.3,0.03,0.49
1994-08-19,37.22,25.27,50.4,0.02,0.49
1994-08-20,36.63,26.81,54.58,0.05,0.49
1994-08-21,37.76,26.18,50.32,0.04,0.49
1994-08-22,37.22,25.54,53.59,0.17,0.49
1994-08-23,32.59,25.93,59.1,0.11,0.49
1994-08-24,34.7,25.48,56.44,0.01,0.49
1994-08-25,37.57,25.61,54.85,0.01,0.49
1994-08-26,35.43,26.17,54.14,0.61,0.49
1994-08-27,36.97,24.37,59.29,2.41,0.49
1994-08-28,37.91,25.34,53.77,0.04,0.49
1994-08-29,35.58,25.85,53.38,0.01,0.49
1994-08-30,33.33,26.06,60.32,0.03,0.49
1994-08-31,31.73,24.93,66.38,0.0,0.49
1994-09-01,39.35,25.67,53.8,0.0,0.49
1994-09-02,39.67,24.91,47.89,0.0,0.49
1994-09-03,39.64,26.19,48.09,0.0,0.49
1994-09-04,39.33,26.0,47.34,0.0,0.49
1994-09-05,39.02,26.04,47.81,0.0,0.49
1994-09-06,38.93,26.55,47.97,0.02,0.49
1994-09-07,37.53,27.83,52.5,0.05,0.49
1994-09-08,35.94,26.6,57.9,0.23,0.49
1994-09-09,36.09,25.99,56.07,0.03,0.49
1994-09-10,35.76,26.02,57.96,0.33,0.49
1994-09-11,36.46,25.52,55.48,0.06,0.49
1994-09-12,34.02,25.9,54.62,0.04,0.49
1994-09-13,38.64,26.81,51.99,0.01,0.49
1994-09-14,40.45,25.56,45.11,0.02,0.49
1994-09-15,35.85,26.54,55.39,0.03,0.49
1994-09-16,30.36,25.71,67.25,0.03,0.49
1994-09-17,36.16,24.93,53.7,0.08,0.49
1994-09-18,35.95,25.27,45.57,0.01,0.49
1994-09-19,37.48,25.56,48.49,0.01,0.49
1994-09-20,37.08,26.24,50.58,0.04,0.49
1994-09-21,38.19,26.06,47.68,0.0,0.49
1994-09-22,37.16,26.37,49.63,0.0,0.49
1994-09-23,36.35,26.07,50.82,0.0,0.49
1994-09-24,36.83,26.54,48.91,0.01,0.49
1994-09-25,35.9,26.5,52.46,0.1,0.49
1994-09-26,33.94,25.99,57.34,0.01,0.49
1994-09-27,30.88,24.95,62.2,0.0,0.49
1994-09-28,36.71,25.84,50.22,0.01,0.49
1994-09-29,28.91,25.42,71.57,0.15,0.49
1994-09-30,31.14,24.88,68.39,0.01,0.49
1994-10-01,35.37,24.79,53.49,0.05,0.49
1994-10-02,33.44,25.99,52.57,0.02,0.49
1994-10-03,33.3,25.08,52.13,0.12,0.49
1994-10-04,32.66,25.41,54.2,0.06,0.49
1994-10-05,35.03,23.57,51.99,0.04,0.49
1994-10-06,32.61,24.78,55.2,0.0,0.49
1994-10-07,31.39,24.97,57.6,0.04,0.49
1994-10-08,30.97,24.79,59.83,0.0,0.49
1994-10-09,34.14,24.15,54.86,0.0,0.49
1994-10-10,34.37,25.66,53.22,0.01,0.49
1994-10-11,36.17,24.69,49.8,0.05,0.49
1994-10-12,35.34,25.18,50.2,0.02,0.49
1994-10-13,37.32,24.18,38.69,0.0,0.49
1994-10-14,37.39,22.66,32.06,0.0,0.49
1994-10-15,37.11,21.39,31.82,0.03,0.49
1994-10-16,38.22,23.26,29.98,0.05,0.49
1994-10-17,37.38,23.99,42.41,0.0,0.49
1994-10-18,37.22,23.4,37.37,0.0,0.49
1994-10-19,38.19,23.77,39.19,0.0,0.49
1994-10-20,37.11,25.82,43.02,0.01,0.49
1994-10-21,34.06,23.23,36.31,0.0,0.49
1994-10-22,33.39,22.48,37.05,0.0,0.49
1994-10-23,34.54,23.09,33.49,0.0,0.49
1994-10-24,35.6,21.74,33.74,0.0,0.49
1994-10-25,35.98,21.02,34.31,0.0,0.49
1994-10-26,35.36,20.72,37.24,0.0,0.49
1994-10-27,35.16,20.84,37.86,0.0,0.49
1994-10-28,35.14,21.43,39.98,0.0,0.49
1994-10-29,34.33,23.33,42.48,0.0,0.49
1994-10-30,35.54,21.22,39.8,0.0,0.49
1994-10-31,34.92,23.62,39.31,0.0,0.49
1994-11-01,34.36,21.71,48.15,0.0,0.49
1994-11-02,33.4,22.86,51.89,0.0,0.49
1994-11-03,34.6,22.9,46.29,0.0,0.49
1994-11-04,34.23,20.38,44.98,0.0,0.49
1994-11-05,35.38,20.67,40.4,0.0,0.49
1994-11-06,35.02,21.8,40.81,0.0,0.49
1994-11-07,35.21,22.41,35.2,0.0,0.49
1994-11-08,33.52,20.05,37.15,0.0,0.49
1994-11-09,34.2,18.29,36.27,0.0,0.49
1994-11-10,33.42,19.11,39.0,0.03,0.49
1994-11-11,31.61,19.64,38.56,0.0,0.49
1994-11-12,33.24,19.4,41.06,0.01,0.49
1994-11-13,32.96,21.54,42.51,0.0,0.49
1994-11-14,33.1,20.43,40.81,0.0,0.49
1994-11-15,33.72,20.18,37.29,0.0,0.49
1994-11-16,33.1,21.95,40.31,0.0,0.49
1994-11-17,33.09,20.57,41.82,0.0,0.49
1994-11-18,32.37,20.83,42.37,0.02,0.49
1994-11-19,30.32,20.84,46.72,0.12,0.49
1994-11-20,33.68,18.84,42.97,0.0,0.49
1994-11-21,32.85,20.4,36.51,0.0,0.49
1994-11-22,34.33,19.09,39.63,0.0,0.49
1994-11-23,33.48,20.7,40.98,0.0,0.49
1994-11-24,29.23,20.84,52.3,0.02,0.49
1994-11-25,23.84,19.47,79.18,9.78,0.5
1994-11-26,25.14,18.7,86.27,7.58,0.51
1994-11-27,27.88,19.11,78.34,3.95,0.52
1994-11-28,30.24,16.67,62.23,0.08,0.52
1994-11-29,30.46,16.45,55.33,0.12,0.51
1994-11-30,29.75,15.73,54.82,0.9,0.51
1994-12-01,30.21,15.85,54.62,0.91,0.51
1994-12-02,30.92,14.45,46.07,0.0,0.51
1994-12-03,30.32,13.25,43.99,0.13,0.5
1994-12-04,30.49,14.99,45.75,0.01,0.5
1994-12-05,30.38,15.53,45.59,0.05,0.5
1994-12-06,30.7,14.84,40.99,0.0,0.5
1994-12-07,30.35,13.4,38.54,0.0,0.5
1994-12-08,29.16,13.43,35.51,0.0,0.5
1994-12-09,29.82,12.66,32.11,0.0,0.5
1994-12-10,29.89,13.03,30.44,0.0,0.5
1994-12-11,30.34,12.68,30.79,0.0,0.5
1994-12-12,30.15,13.11,32.14,0.0,0.5
1994-12-13,29.6,12.22,31.97,0.0,0.5
1994-12-14,29.9,12.64,28.9,0.0,0.49
1994-12-15,30.83,13.35,30.34,0.0,0.49
1994-12-16,28.43,14.19,34.51,0.0,0.49
1994-12-17,31.13,13.22,30.28,0.0,0.49
1994-12-18,29.24,15.22,43.12,0.63,0.49
1994-12-19,29.53,15.27,43.88,0.01,0.49
1994-12-20,29.77,18.23,48.58,0.06,0.49
1994-12-21,26.12,19.53,65.66,0.01,0.49
1994-12-22,29.4,17.87,55.21,0.0,0.49
1994-12-23,28.84,18.23,51.02,0.0,0.49
1994-12-24,29.68,15.28,43.0,0.0,0.49
1994-12-25,29.86,14.32,36.36,0.0,0.49
1994-12-26,30.08,13.48,33.55,0.0,0.49
1994-12-27,29.81,13.27,30.98,0.0,0.49
1994-12-28,29.99,13.25,29.5,0.0,0.49
1994-12-29,29.74,14.46,33.39,0.0,0.49
1994-12-30,28.8,14.36,36.02,0.0,0.49
1994-12-31,29.31,14.19,39.78,0.0,0.49
1995-01-01,28.36,15.44,44.17,0.09,0.49
1995-01-02,27.56,13.71,38.73,0.21,0.49
1995-01-03,27.65,11.24,30.5,0.0,0.49
1995-01-04,28.96,10.68,26.76,0.0,0.49
1995-01-05,29.37,11.19,22.2,0.0,0.49
1995-01-06,28.91,11.93,37.63,0.0,0.49
1995-01-07,28.75,13.25,28.04,0.0,0.49
1995-01-08,31.19,12.61,23.24,0.0,0.49
1995-01-09,28.67,15.75,26.08,0.0,0.49
1995-01-10,29.76,13.46,29.22,0.0,0.49
1995-01-11,31.0,13.84,31.75,0.0,0.49
1995-01-12,31.34,14.72,34.3,0.0,0.49
1995-01-13,30.28,16.25,41.79,0.0,0.49
1995-01-14,29.43,16.4,45.94,0.0,0.49
1995-01-15,31.43,15.23,40.81,0.0,0.49
1995-01-16,32.57,15.67,36.06,0.0,0.49
1995-01-17,32.63,16.87,37.86,0.0,0.49
1995-01-18,32.08,16.91,35.53,0.0,0.49
1995-01-19,31.1,17.39,35.2,0.0,0.49
1995-01-20,29.86,15.3,37.16,0.0,0.49
1995-01-21,28.68,13.62,30.71,0.0,0.49
1995-01-22,28.85,13.0,25.04,0.0,0.49
1995-01-23,28.03,10.63,23.39,0.0,0.49
1995-01-24,29.17,9.53,20.08,0.0,0.49
1995-01-25,28.64,10.21,17.11,0.0,0.49
1995-01-26,29.46,9.96,16.5,0.0,0.49
1995-01-27,29.2,10.48,15.69,0.0,0.49
1995-01-28,30.12,10.47,15.46,0.0,0.49
1995-01-29,30.76,12.32,21.0,0.0,0.49
1995-01-30,30.25,13.74,24.98,0.0,0.49
1995-01-31,30.65,11.89,18.1,0.0,0.49
1995-02-01,31.33,12.98,27.74,0.0,0.49
1995-02-02,29.94,14.42,40.11,0.0,0.49
1995-02-03,29.4,14.37,28.64,0.0,0.49
1995-02-04,30.26,13.63,35.29,0.0,0.49
1995-02-05,31.12,15.03,45.08,0.01,0.49
1995-02-06,29.58,17.41,33.63,0.23,0.49
1995-02-07,29.43,15.77,28.81,0.01,0.49
1995-02-08,30.25,11.68,23.85,0.0,0.49
1995-02-09,29.7,12.82,21.57,0.0,0.49
1995-02-10,29.96,13.18,26.61,0.0,0.49
1995-02-11,31.07,14.04,25.36,0.0,0.49
1995-02-12,31.81,15.8,29.53,0.01,0.49
1995-02-13,32.03,16.63,37.7,0.0,0.49
1995-02-14,33.7,16.79,31.95,0.0,0.49
1995-02-15,33.84,17.74,31.07,0.0,0.49
1995-02-16,32.2,16.44,35.46,0.0,0.49
1995-02-17,29.0,16.52,35.81,0.0,0.49
1995-02-18,30.8,13.61,24.63,0.0,0.49
1995-02-19,31.06,13.76,23.28,0.0,0.49
1995-02-20,30.93,15.37,32.05,0.0,0.49
1995-02-21,32.5,16.86,31.61,0.0,0.49
1995-02-22,33.32,15.62,23.71,0.0,0.49
1995-02-23,33.65,16.27,25.65,0.0,0.49
1995-02-24,33.59,16.77,30.8,0.01,0.49
1995-02-25,31.91,17.73,39.69,0.0,0.49
1995-02-26,31.65,16.48,33.6,0.0,0.49
1995-02-27,33.66,16.85,20.07,0.0,0.49
1995-02-28,32.89,16.3,20.28,0.0,0.49
1995-03-01,32.57,18.76,22.27,0.0,0.49
1995-03-02,32.81,17.18,20.83,0.0,0.49
1995-03-03,33.74,15.85,18.85,0.0,0.49
1995-03-04,34.38,15.72,17.13,0.0,0.49
1995-03-05,34.41,16.54,18.24,0.0,0.49
1995-03-06,34.76,18.19,21.43,0.0,0.49
1995-03-07,35.96,18.11,21.52,0.0,0.49
1995-03-08,35.87,18.88,21.32,0.0,0.49
1995-03-09,36.82,19.1,23.13,0.0,0.49
1995-03-10,36.53,19.51,21.05,0.0,0.49
1995-03-11,35.84,19.19,21.9,0.0,0.49
1995-03-12,35.57,21.26,23.8,0.0,0.49
1995-03-13,35.03,19.07,25.03,0.0,0.49
1995-03-14,35.92,18.77,20.59,0.0,0.49
1995-03-15,36.34,19.24,15.33,0.0,0.49
1995-03-16,35.91,18.91,13.46,0.0,0.49
1995-03-17,37.2,18.3,19.79,0.0,0.49
1995-03-18,37.53,20.12,19.48,0.0,0.49
1995-03-19,39.37,19.97,19.78,0.0,0.49
1995-03-20,37.16,20.23,20.35,0.0,0.49
1995-03-21,37.36,20.21,22.94,0.0,0.49
1995-03-22,37.86,20.21,19.96,0.0,0.49
1995-03-23,38.97,20.87,15.14,0.0,0.49
1995-03-24,38.27,21.82,24.12,0.0,0.49
1995-03-25,37.4,22.81,30.38,0.0,0.49
1995-03-26,39.77,21.15,22.57,0.12,0.49
1995-03-27,37.99,23.25,34.3,0.01,0.49
1995-03-28,36.59,23.48,34.09,0.18,0.49
1995-03-29,35.8,21.08,37.28,0.0,0.49
1995-03-30,37.25,22.44,31.57,0.0,0.49
1995-03-31,38.58,23.91,31.19,0.0,0.49
1995-04-01,38.68,23.47,31.65,0.0,0.49
1995-04-02,39.44,24.4,29.63,0.0,0.49
1995-04-03,39.46,23.96,27.7,0.0,0.49
1995-04-04,38.57,24.16,27.7,0.0,0.49
1995-04-05,36.26,23.78,21.69,0.0,0.49
1995-04-06,37.38,24.74,31.92,0.0,0.49
1995-04-07,38.64,23.08,25.55,0.01,0.49
1995-04-08,36.87,22.43,37.61,0.01,0.49
1995-04-09,39.59,23.84,31.75,0.0,0.49
1995-04-10,40.03,25.0,29.78,0.0,0.49
1995-04-11,40.72,26.35,24.3,0.0,0.49
1995-04-12,39.72,27.91,26.64,0.45,0.49
1995-04-13,39.35,25.36,33.34,0.11,0.49
1995-04-14,38.66,25.01,32.47,0.0,0.49
1995-04-15,37.0,26.89,33.55,0.0,0.49
1995-04-16,38.87,26.44,26.15,0.0,0.49
1995-04-17,40.24,26.23,22.87,0.0,0.49
1995-04-18,41.32,24.77,23.25,0.0,0.49
1995-04-19,41.12,25.27,23.08,0.0,0.49
1995-04-20,38.72,26.53,26.57,0.0,0.49
1995-04-21,38.94,24.63,29.65,0.0,0.49
1995-04-22,38.33,26.78,26.86,0.0,0.49
1995-04-23,39.58,24.96,24.24,0.0,0.49
1995-04-24,39.08,27.0,29.07,0.0,0.49
1995-04-25,39.28,26.34,30.54,0.0,0.49
1995-04-26,41.15,25.41,29.52,0.0,0.49
1995-04-27,40.75,26.06,26.15,0.0,0.49
1995-04-28,40.53,26.61,28.71,0.01,0.49
1995-04-29,41.05,26.13,30.01,0.0,0.49
1995-04-30,42.5,28.6,31.02,0.0,0.49
1995-05-01,40.71,27.48,30.96,0.0,0.49
1995-05-02,41.14,26.07,30.45,0.0,0.49
1995-05-03,39.03,27.98,35.86,0.0,0.49
1995-05-04,41.48,27.72,31.25,0.0,0.49
1995-05-05,40.84,28.88,33.48,0.04,0.49
1995-05-06,39.53,29.68,34.64,0.02,0.49
1995-05-07,40.0,29.48,33.58,0.02,0.49
1995-05-08,37.43,28.58,40.5,0.02,0.49
1995-05-09,32.84,27.23,53.36,0.0,0.49
1995-05-10,34.41,27.14,51.45,0.11,0.49
1995-05-11,33.41,25.65,55.41,0.0,0.49
1995-05-12,34.75,25.17,55.67,0.0,0.49
1995-05-13,36.57,26.47,51.48,0.02,0.49
1995-05-14,33.01,25.36,60.88,0.03,0.49
1995-05-15,32.99,24.98,60.53,0.02,0.49
1995-05-16,35.28,26.42,55.53,0.08,0.49
1995-05-17,35.16,26.21,54.47,0.08,0.49
1995-05-18,37.4,26.24,52.72,0.31,0.49
1995-05-19,39.58,26.51,46.03,0.0,0.49
1995-05-20,39.6,25.41,43.57,0.0,0.49
1995-05-21,39.4,26.44,37.37,0.0,0.49
1995-05-22,40.34,25.95,39.04,0.01,0.49
1995-05-23,40.7,28.17,37.39,0.0,0.49
1995-05-24,39.71,29.34,35.24,0.0,0.49
1995-05-25,38.98,29.19,40.42,0.0,0.49
1995-05-26,40.43,29.09,40.93,2.14,0.49
1995-05-27,37.73,29.36,44.18,2.41,0.49
1995-05-28,37.7,27.52,49.17,0.6,0.5
1995-05-29,36.61,26.7,55.31,0.36,0.5
1995-05-30,39.53,25.95,50.6,3.64,0.5
1995-05-31,37.99,26.65,50.39,0.02,0.5
1995-06-01,36.43,26.72,53.08,0.01,0.5
1995-06-02,36.16,27.15,53.87,0.11,0.5
1995-06-03,35.9,27.22,57.8,0.13,0.5
1995-06-04,35.64,26.53,59.23,1.23,0.5
1995-06-05,35.42,26.31,61.14,0.3,0.5
1995-06-06,36.25,26.15,53.05,0.05,0.5
1995-06-07,35.8,26.7,58.14,0.06,0.5
1995-06-08,34.66,26.88,62.05,0.05,0.5
1995-06-09,34.39,26.72,59.81,0.02,0.5
1995-06-10,33.25,26.23,64.72,0.05,0.49
1995-06-11,34.74,25.73,61.63,0.05,0.49
1995-06-12,36.92,25.75,52.62,0.01,0.49
1995-06-13,36.91,26.29,52.09,0.07,0.49
1995-06-14,35.63,26.55,58.06,0.0,0.49
1995-06-15,39.51,26.98,48.88,0.01,0.49
1995-06-16,34.91,27.67,53.7,0.02,0.49
1995-06-17,36.53,27.13,52.35,0.02,0.49
1995-06-18,38.08,26.98,50.17,0.0,0.49
1995-06-19,37.72,27.31,50.99,0.01,0.49
1995-06-20,33.15,27.48,57.02,0.0,0.49
1995-06-21,35.41,26.2,58.92,0.02,0.49
1995-06-22,34.35,26.1,59.3,0.04,0.49
1995-06-23,35.72,26.45,56.26,0.01,0.49
1995-06-24,37.0,26.65,52.38,0.0,0.49
1995-06-25,38.2,26.39,50.97,0.0,0.49
1995-06-26,38.54,26.72,49.64,0.0,0.49
1995-06-27,38.73,27.03,48.86,0.0,0.49
1995-06-28,37.87,26.78,49.17,0.0,0.49
1995-06-29,37.72,27.08,50.65,0.0,0.49
1995-06-30,36.34,26.97,54.32,0.01,0.49
1995-07-01,35.55,26.64,59.34,0.04,0.49
1995-07-02,34.49,26.28,65.65,0.02,0.49
1995-07-03,34.21,26.55,58.12,0.19,0.49
1995-07-04,37.58,26.16,52.83,0.02,0.49
1995-07-05,37.66,26.82,49.84,0.01,0.49
1995-07-06,37.83,27.25,48.74,0.01,0.49
1995-07-07,36.06,27.16,50.79,0.03,0.49
1995-07-08,33.83,26.87,60.02,0.1,0.49
1995-07-09,35.83,26.29,55.44,0.09,0.49
1995-07-10,36.67,26.74,53.94,0.05,0.49
1995-07-11,35.95,25.85,56.41,0.03,0.49
1995-07-12,36.15,26.3,55.94,0.03,0.49
1995-07-13,36.71,26.01,53.15,0.03,0.49
1995-07-14,35.25,26.7,54.3,0.02,0.49
1995-07-15,34.33,26.85,56.22,0.04,0.49
1995-07-16,34.39,26.29,57.88,0.08,0.49
1995-07-17,35.5,25.99,59.01,0.05,0.49
1995-07-18,34.8,25.43,57.35,0.18,0.49
1995-07-19,38.47,25.37,52.39,0.01,0.49
1995-07-20,38.4,25.2,50.3,0.0,0.49
1995-07-21,37.18,25.86,53.59,0.0,0.49
1995-07-22,37.92,25.3,49.49,0.0,0.49
1995-07-23,38.5,26.48,45.39,0.0,0.49
1995-07-24,38.57,26.75,47.78,0.01,0.49
1995-07-25,36.74,27.54,48.64,0.03,0.49
1995-07-26,34.26,26.74,57.46,0.08,0.49
1995-07-27,33.01,24.96,63.44,0.0,0.49
1995-07-28,34.94,26.13,52.85,0.01,0.49
1995-07-29,37.01,26.18,52.01,0.08,0.49
1995-07-30,33.5,26.3,63.73,0.03,0.49
1995-07-31,41.19,25.53,48.51,0.14,0.49
1995-08-01,36.04,26.99,56.75,0.02,0.49
1995-08-02,33.77,25.54,65.21,0.03,0.49
1995-08-03,37.25,24.93,53.76,0.0,0.49
1995-08-04,38.71,26.88,47.92,0.01,0.49
1995-08-05,34.44,27.15,54.57,0.0,0.49
1995-08-06,33.46,27.18,61.12,0.0,0.49
1995-08-07,35.51,25.94,60.68,0.01,0.49
1995-08-08,34.9,25.43,59.79,0.02,0.49
1995-08-09,34.8,25.18,59.16,0.01,0.49
1995-08-10,36.52,25.77,52.31,0.04,0.49
1995-08-11,32.51,26.76,58.54,0.04,0.49
1995-08-12,33.71,25.57,58.86,0.03,0.49
1995-08-13,34.06,25.24,57.76,0.04,0.49
1995-08-14,36.52,25.74,56.19,0.0,0.49
1995-08-15,34.86,26.24,56.05,0.04,0.49
1995-08-16,36.46,25.06,56.33,0.08,0.49
1995-08-17,36.17,26.07,55.89,0.02,0.49
1995-08-18,35.14,26.11,56.54,0.02,0.49
1995-08-19,35.43,26.3,51.95,0.0,0.49
1995-08-20,35.51,26.32,53.97,0.03,0.49
1995-08-21,37.21,26.89,49.44,0.13,0.49
1995-08-22,33.59,25.24,61.91,0.04,0.49
1995-08-23,30.97,24.92,65.5,0.19,0.49
1995-08-24,35.74,25.58,57.44,0.01,0.49
1995-08-25,37.29,26.58,51.2,0.0,0.49
1995-08-26,37.31,27.32,52.14,0.0,0.49
1995-08-27,40.93,27.27,47.1,0.0,0.49
1995-08-28,43.16,28.13,39.82,0.0,0.49
1995-08-29,41.68,28.43,46.01,0.03,0.49
1995-08-30,37.9,27.07,50.0,0.0,0.49
1995-08-31,37.44,25.93,56.35,0.02,0.49
1995-09-01,34.77,25.76,59.91,0.03,0.49
1995-09-02,36.48,26.22,58.45,0.06,0.49
1995-09-03,34.38,25.75,62.02,0.1,0.49
1995-09-04,32.53,24.59,61.68,0.22,0.49
1995-09-05,35.12,24.69,57.07,0.03,0.49
1995-09-06,37.45,26.25,52.75,0.0,0.49
1995-09-07,37.27,26.47,50.21,0.0,0.49
1995-09-08,38.04,27.08,49.49,0.04,0.49
1995-09-09,29.37,25.73,72.03,0.04,0.49
1995-09-10,37.71,25.01,50.56,0.0,0.49
1995-09-11,38.55,25.86,47.21,0.0,0.49
1995-09-12,38.42,27.21,45.1,0.0,0.49
1995-09-13,40.02,28.4,44.79,0.0,0.49
1995-09-14,39.29,27.15,45.15,0.02,0.49
1995-09-15,35.25,26.95,54.47,0.09,0.49
1995-09-16,37.81,26.82,50.65,0.01,0.49
1995-09-17,35.06,26.5,52.42,0.0,0.49
1995-09-18,38.96,26.43,44.57,0.02,0.49
1995-09-19,36.51,27.71,51.15,0.05,0.49
1995-09-20,34.1,27.33,56.11,0.08,0.49
1995-09-21,32.0,25.53,61.35,0.04,0.49
1995-09-22,33.76,26.19,56.63,0.06,0.49
1995-09-23,35.57,25.49,57.19,0.5,0.49
1995-09-24,30.09,25.82,68.55,0.25,0.49
1995-09-25,34.23,24.98,58.53,0.03,0.49
1995-09-26,38.1,24.02,45.9,0.0,0.49
1995-09-27,38.79,26.95,43.52,0.0,0.49
1995-09-28,35.98,27.22,50.16,0.0,0.49
1995-09-29,34.74,26.2,52.39,0.0,0.49
1995-09-30,38.28,26.35,45.21,0.0,0.49
1995-10-01,39.69,26.98,42.52,0.01,0.49
1995-10-02,37.22,27.95,46.81,0.04,0.49
1995-10-03,33.05,27.57,54.23,0.0,0.49
1995-10-04,35.33,26.65,52.76,0.29,0.49
1995-10-05,33.34,25.27,63.19,0.52,0.49
1995-10-06,33.13,25.55,57.77,0.29,0.49
1995-10-07,34.52,24.62,63.75,3.64,0.49
1995-10-08,28.99,24.09,76.35,4.55,0.5
1995-10-09,36.19,23.79,60.79,0.08,0.5
1995-10-10,30.1,24.01,68.61,0.02,0.5
1995-10-11,34.49,23.41,55.24,0.0,0.5
1995-10-12,35.5,23.95,54.24,0.0,0.5
1995-10-13,36.11,24.88,49.74,0.02,0.5
1995-10-14,36.29,25.34,49.8,1.29,0.5
1995-10-15,37.73,25.22,46.09,0.0,0.5
1995-10-16,37.29,25.73,45.88,0.0,0.5
1995-10-17,33.77,25.63,55.66,0.0,0.5
1995-10-18,31.68,25.3,56.0,0.07,0.5
1995-10-19,34.19,23.99,52.67,0.01,0.49
1995-10-20,34.24,25.4,49.33,0.0,0.49
1995-10-21,36.75,24.23,45.84,0.0,0.49
1995-10-22,36.04,25.68,45.86,0.0,0.49
1995-10-23,36.19,25.95,48.76,0.0,0.49
1995-10-24,36.57,26.3,48.43,0.01,0.49
1995-10-25,35.72,26.47,46.68,0.0,0.49
1995-10-26,36.59,25.57,44.38,0.0,0.49
1995-10-27,38.3,23.68,39.67,0.0,0.49
1995-10-28,36.86,23.77,41.44,0.0,0.49
1995-10-29,36.04,25.86,44.26,0.0,0.49
1995-10-30,35.41,26.23,46.54,0.0,0.49
1995-10-31,34.65,26.22,48.94,0.01,0.49
1995-11-01,34.04,24.92,54.96,0.09,0.49
1995-11-02,28.41,24.48,66.55,0.18,0.49
1995-11-03,33.55,23.34,57.12,0.04,0.49
1995-11-04,30.69,24.07,60.3,0.08,0.49
1995-11-05,33.33,23.82,54.05,0.0,0.49
1995-11-06,31.82,24.35,56.31,0.0,0.49
1995-11-07,36.33,23.54,47.73,0.0,0.49
1995-11-08,37.49,25.02,40.11,0.0,0.49
1995-11-09,37.02,23.66,40.82,0.0,0.49
1995-11-10,35.85,25.09,46.56,0.0,0.49
1995-11-11,33.13,24.45,51.83,0.02,0.49
1995-11-12,32.92,25.09,55.33,0.75,0.49
1995-11-13,29.87,23.17,62.68,0.08,0.49
1995-11-14,33.8,21.54,50.73,0.16,0.49
1995-11-15,34.35,18.4,42.97,0.0,0.49
1995-11-16,33.16,18.91,43.01,0.0,0.49
1995-11-17,33.22,21.53,43.86,0.0,0.49
1995-11-18,27.43,21.6,63.48,0.3,0.49
1995-11-19,26.88,20.83,75.53,1.74,0.49
1995-11-20,28.79,20.6,68.23,0.14,0.49
1995-11-21,31.17,20.47,59.0,0.0,0.49
1995-11-22,31.6,22.12,55.37,0.0,0.49
1995-11-23,32.76,20.91,51.75,0.0,0.49
1995-11-24,28.5,21.96,56.4,0.05,0.49
1995-11-25,30.2,20.57,50.33,0.1,0.49
1995-11-26,30.32,20.91,59.21,0.13,0.49
1995-11-27,31.49,18.64,50.37,0.0,0.49
1995-11-28,31.29,17.46,44.54,0.04,0.49
1995-11-29,30.81,15.9,37.53,0.0,0.49
1995-11-30,31.04,15.61,34.82,0.0,0.49
1995-12-01,30.93,15.59,37.11,0.0,0.49
1995-12-02,30.73,16.44,40.54,0.0,0.49
1995-12-03,31.01,15.82,39.37,0.0,0.49
1995-12-04,30.24,15.04,34.84,0.0,0.49
1995-12-05,30.09,15.3,38.46,0.0,0.49
1995-12-06,29.85,16.86,45.44,0.0,0.49
1995-12-07,27.12,18.08,56.46,0.0,0.49
1995-12-08,28.85,15.76,48.23,0.0,0.49
1995-12-09,29.1,14.67,44.72,0.0,0.49
1995-12-10,29.37,15.03,43.43,0.0,0.49
1995-12-11,29.53,14.58,40.92,0.0,0.49
1995-12-12,29.52,14.09,36.79,0.0,0.49
1995-12-13,29.34,13.76,35.68,0.0,0.49
1995-12-14,29.97,13.44,34.36,0.0,0.49
1995-12-15,30.02,13.91,29.59,0.0,0.49
1995-12-16,29.73,13.81,30.71,0.0,0.49
1995-12-17,30.86,13.77,30.79,0.0,0.49
1995-12-18,30.69,13.89,29.23,0.0,0.49
1995-12-19,30.08,13.4,27.35,0.0,0.49
1995-12-20,30.1,13.06,25.44,0.0,0.49
1995-12-21,30.03,13.32,27.65,0.0,0.49
1995-12-22,30.44,13.45,28.55,0.0,0.49
1995-12-23,29.9,13.13,26.44,0.0,0.49
1995-12-24,30.4,13.42,25.87,0.0,0.49
1995-12-25,30.04,14.32,43.4,0.0,0.49
1995-12-26,30.03,13.94,41.29,0.0,0.49
1995-12-27,29.15,13.97,45.59,0.0,0.49
1995-12-28,29.28,14.67,47.18,0.0,0.49
1995-12-29,28.39,14.51,45.63,0.0,0.49
1995-12-30,27.83,14.02,44.54,0.0,0.49
1995-12-31,29.05,13.71,39.68,0.0,0.49
1996-01-01,27.84,13.4,41.19,0.0,0.49
1996-01-02,29.47,14.13,40.71,0.0,0.49
1996-01-03,29.85,15.31,39.49,0.07,0.49
1996-01-04,28.98,15.33,40.41,0.0,0.49
1996-01-05,29.08,15.06,42.77,0.0,0.49
1996-01-06,28.94,14.1,42.22,0.0,0.49
1996-01-07,28.88,14.04,38.88,0.0,0.49
1996-01-08,29.88,13.88,37.56,0.0,0.49
1996-01-09,28.88,13.86,37.18,0.0,0.49
1996-01-10,28.69,13.51,39.09,0.0,0.49
1996-01-11,27.45,13.39,38.16,0.0,0.49
1996-01-12,29.14,12.9,33.88,0.0,0.49
1996-01-13,29.62,13.61,33.97,0.0,0.49
1996-01-14,29.23,13.83,32.92,0.0,0.49
1996-01-15,29.1,12.65,29.38,0.0,0.49
1996-01-16,29.86,12.0,24.7,0.0,0.49
1996-01-17,29.76,13.09,22.43,0.0,0.49
1996-01-18,29.78,12.69,29.94,0.0,0.49
1996-01-19,28.87,12.42,35.39,0.0,0.49
1996-01-20,28.37,11.39,29.39,0.0,0.49
1996-01-21,29.06,10.78,24.15,0.0,0.49
1996-01-22,30.05,11.17,22.0,0.0,0.49
1996-01-23,29.9,11.07,21.57,0.0,0.49
1996-01-24,29.77,11.96,20.18,0.0,0.49
1996-01-25,29.95,12.68,24.05,0.0,0.49
1996-01-26,30.3,12.88,22.85,0.0,0.49
1996-01-27,30.5,12.45,22.31,0.0,0.49
1996-01-28,31.25,13.46,23.89,0.0,0.49
1996-01-29,31.44,13.37,24.7,0.0,0.49
1996-01-30,31.12,14.06,28.39,0.0,0.49
1996-01-31,31.56,13.69,26.86,0.0,0.49
1996-02-01,31.54,14.05,28.49,0.0,0.49
1996-02-02,31.57,15.45,35.79,0.0,0.49
1996-02-03,30.98,16.31,40.09,0.01,0.49
1996-02-04,31.33,16.72,33.62,0.0,0.49
1996-02-05,32.13,13.93,23.47,0.0,0.49
1996-02-06,30.7,13.2,27.26,0.0,0.49
1996-02-07,30.84,14.23,27.98,0.0,0.49
1996-02-08,32.03,13.72,25.97,0.0,0.49
1996-02-09,33.39,14.94,25.11,0.0,0.49
1996-02-10,31.53,17.48,41.98,0.0,0.49
1996-02-11,32.1,16.17,34.9,0.0,0.49
1996-02-12,30.76,19.14,31.62,0.0,0.49
1996-02-13,31.68,17.73,36.03,0.0,0.49
1996-02-14,32.31,15.59,33.87,0.0,0.49
1996-02-15,33.4,15.47,27.36,0.0,0.49
1996-02-16,32.22,15.21,23.56,0.0,0.49
1996-02-17,33.46,16.2,21.17,0.0,0.49
1996-02-18,33.93,14.14,20.23,0.0,0.49
1996-02-19,33.61,14.52,14.33,0.0,0.49
1996-02-20,32.03,13.97,21.44,0.08,0.49
1996-02-21,31.2,15.9,47.27,0.15,0.49
1996-02-22,30.85,18.73,55.75,0.05,0.49
1996-02-23,29.54,19.78,59.71,0.17,0.49
1996-02-24,31.53,19.6,51.67,0.0,0.49
1996-02-25,33.52,17.66,39.27,0.0,0.49
1996-02-26,35.3,19.21,36.23,0.0,0.49
1996-02-27,34.69,20.71,35.74,0.0,0.49
1996-02-28,34.5,18.7,33.68,0.0,0.49
1996-02-29,34.6,18.77,21.43,0.0,0.49
1996-03-01,35.24,15.25,14.6,0.0,0.49
1996-03-02,34.95,15.13,15.68,0.0,0.49
1996-03-03,35.38,16.12,14.64,0.0,0.49
1996-03-04,35.66,17.03,20.59,0.0,0.49
1996-03-05,35.19,18.46,27.29,0.0,0.49
1996-03-06,34.07,17.19,28.55,0.0,0.49
1996-03-07,34.59,18.04,32.77,0.0,0.49
1996-03-08,35.0,18.32,30.89,0.0,0.49
1996-03-09,35.38,19.04,29.79,0.0,0.49
1996-03-10,36.24,18.17,24.08,0.0,0.49
1996-03-11,35.82,18.98,26.7,0.0,0.49
1996-03-12,36.12,19.26,30.73,0.02,0.49
1996-03-13,35.09,20.0,36.7,0.0,0.49
1996-03-14,36.1,20.03,38.07,0.0,0.49
1996-03-15,36.39,20.87,39.43,0.0,0.49
1996-03-16,36.62,20.62,37.69,0.0,0.49
1996-03-17,38.37,21.13,37.6,0.0,0.49
1996-03-18,38.68,22.39,33.55,0.0,0.49
1996-03-19,38.86,23.2,28.99,0.0,0.49
1996-03-20,36.8,24.88,27.22,0.0,0.49
1996-03-21,38.23,23.62,31.02,0.0,0.49
1996-03-22,38.42,22.8,30.35,0.0,0.49
1996-03-23,38.75,23.11,31.02,0.0,0.49
1996-03-24,38.04,22.61,32.13,0.12,0.49
1996-03-25,36.41,23.78,33.69,0.29,0.49
1996-03-26,37.18,22.27,35.98,0.44,0.49
1996-03-27,29.18,23.62,56.39,3.25,0.49
1996-03-28,35.18,21.96,48.54,0.03,0.49
1996-03-29,36.31,24.49,47.3,0.24,0.49
1996-03-30,37.84,23.92,43.56,0.11,0.49
1996-03-31,38.37,23.25,42.33,0.18,0.49
1996-04-01,38.38,23.67,40.5,0.0,0.49
1996-04-02,36.68,23.89,40.29,0.0,0.49
1996-04-03,37.69,23.76,28.44,0.0,0.49
1996-04-04,37.55,20.48,20.5,0.0,0.49
1996-04-05,37.73,20.01,20.3,0.0,0.49
1996-04-06,38.52,21.32,20.73,0.0,0.49
1996-04-07,39.21,21.49,20.58,0.0,0.49
1996-04-08,40.2,23.42,21.66,0.0,0.49
1996-04-09,40.19,23.17,23.1,0.0,0.49
1996-04-10,39.83,23.07,25.38,0.0,0.49
1996-04-11,39.85,24.01,28.37,0.0,0.49
1996-04-12,38.92,25.42,22.73,0.0,0.49
1996-04-13,37.81,25.51,30.98,0.0,0.49
1996-04-14,38.98,26.29,33.09,0.0,0.49
1996-04-15,38.6,25.71,25.8,0.0,0.49
1996-04-16,40.3,25.86,30.23,0.0,0.49
1996-04-17,39.45,27.04,35.77,0.0,0.49
1996-04-18,38.72,26.56,38.57,0.01,0.49
1996-04-19,39.35,28.57,32.25,0.0,0.49
1996-04-20,41.6,29.17,27.41,0.0,0.49
1996-04-21,41.54,27.18,32.56,0.02,0.49
1996-04-22,36.76,28.64,40.01,0.11,0.49
1996-04-23,36.94,27.82,45.2,0.0,0.49
1996-04-24,38.04,27.03,44.19,0.01,0.49
1996-04-25,34.94,25.25,44.22,0.01,0.49
1996-04-26,34.99,26.14,33.99,0.04,0.49
1996-04-27,36.88,24.2,43.35,0.09,0.49
1996-04-28,36.98,25.27,41.97,0.0,0.49
1996-04-29,37.93,25.28,36.61,0.0,0.49
1996-04-30,38.95,26.04,36.85,0.0,0.49
1996-05-01,37.5,27.18,43.27,0.09,0.49
1996-05-02,35.86,27.37,49.53,0.13,0.49
1996-05-03,35.66,27.4,46.64,0.02,0.49
1996-05-04,39.1,26.25,44.81,0.08,0.49
1996-05-05,36.01,26.94,52.1,0.02,0.49
1996-05-06,36.7,26.78,52.32,0.07,0.49
1996-05-07,31.56,24.78,60.6,0.14,0.49
1996-05-08,34.47,26.3,55.64,0.27,0.49
1996-05-09,38.54,25.03,46.21,0.0,0.49
1996-05-10,39.31,24.53,44.35,0.04,0.49
1996-05-11,39.87,26.52,42.54,0.04,0.49
1996-05-12,38.55,26.41,38.22,0.05,0.49
1996-05-13,40.1,26.17,36.34,0.03,0.49
1996-05-14,39.52,26.43,42.94,0.0,0.49
1996-05-15,40.12,26.15,38.18,0.02,0.49
1996-05-16,40.21,26.33,39.66,0.0,0.49
1996-05-17,40.71,28.91,32.51,0.0,0.49
1996-05-18,40.19,29.86,30.0,0.0,0.49
1996-05-19,39.29,27.84,29.73,0.0,0.49
1996-05-20,39.44,26.7,28.38,0.0,0.49
1996-05-21,42.06,26.19,35.26,0.0,0.49
1996-05-22,38.88,28.65,35.76,0.0,0.49
1996-05-23,39.11,28.92,39.53,0.01,0.49
1996-05-24,37.23,28.74,46.46,0.02,0.49
1996-05-25,36.49,27.34,49.8,0.01,0.49
1996-05-26,37.79,27.63,47.8,0.04,0.49
1996-05-27,31.64,25.82,63.46,0.22,0.49
1996-05-28,37.35,24.81,49.8,0.23,0.49
1996-05-29,37.05,26.45,46.44,0.03,0.49
1996-05-30,37.85,26.97,48.48,0.0,0.49
1996-05-31,35.97,26.0,53.15,0.03,0.49
1996-06-01,36.87,27.53,49.73,0.01,0.49
1996-06-02,38.98,27.28,43.87,0.02,0.49
1996-06-03,39.3,27.08,42.07,0.01,0.49
1996-06-04,39.3,27.18,40.5,0.0,0.49
1996-06-05,33.6,27.28,49.89,0.0,0.49
1996-06-06,34.24,25.81,51.04,0.03,0.49
1996-06-07,38.71,25.83,47.03,0.01,0.49
1996-06-08,33.96,26.44,54.66,0.33,0.49
1996-06-09,33.08,25.97,55.3,0.09,0.49
1996-06-10,36.66,26.46,50.84,0.14,0.49
1996-06-11,33.25,26.98,55.65,0.11,0.49
1996-06-12,34.47,25.62,50.7,0.01,0.49
1996-06-13,33.6,25.89,47.35,0.01,0.49
1996-06-14,39.46,24.39,39.88,0.0,0.49
1996-06-15,40.04,25.78,43.57,0.02,0.49
1996-06-16,40.4,26.28,46.56,0.01,0.49
1996-06-17,38.93,26.63,50.79,0.05,0.49
1996-06-18,35.49,26.1,59.31,0.0,0.49
1996-06-19,35.42,26.16,61.98,0.03,0.49
1996-06-20,36.28,26.32,61.94,0.11,0.49
1996-06-21,34.02,26.63,60.26,0.21,0.49
1996-06-22,33.97,25.42,61.99,0.2,0.49
1996-06-23,37.27,24.57,55.53,0.01,0.49
1996-06-24,37.57,25.74,52.17,0.0,0.49
1996-06-25,38.68,26.14,49.82,0.0,0.49
1996-06-26,34.1,26.61,53.64,0.01,0.49
1996-06-27,36.73,26.24,54.51,0.01,0.49
1996-06-28,36.06,25.92,56.01,0.0,0.49
1996-06-29,35.61,25.87,57.91,0.01,0.49
1996-06-30,36.42,25.41,56.67,0.0,0.49
1996-07-01,36.77,25.5,55.55,0.0,0.49
1996-07-02,34.15,25.84,61.86,0.03,0.49
1996-07-03,33.66,25.6,56.58,0.01,0.49
1996-07-04,34.77,25.79,54.99,0.06,0.49
1996-07-05,33.6,24.71,58.13,0.03,0.49
1996-07-06,38.53,25.15,44.46,0.0,0.49
1996-07-07,37.79,26.37,47.7,0.0,0.49
1996-07-08,35.53,27.49,52.32,0.0,0.49
1996-07-09,37.15,27.11,47.19,0.01,0.49
1996-07-10,37.5,28.52,46.6,0.05,0.49
1996-07-11,35.15,28.5,51.34,0.04,0.49
1996-07-12,39.77,27.58,46.0,0.03,0.49
1996-07-13,37.9,27.18,50.36,0.01,0.49
1996-07-14,35.01,26.59,55.11,0.01,0.49
1996-07-15,35.9,26.25,52.27,0.01,0.49
1996-07-16,36.14,26.92,51.61,0.03,0.49
1996-07-17,37.12,26.56,51.06,0.11,0.49
1996-07-18,36.14,27.13,54.07,0.13,0.49
1996-07-19,36.17,27.09,54.43,0.06,0.49
1996-07-20,35.84,26.69,57.53,0.01,0.49
1996-07-21,35.27,26.15,59.25,0.01,0.49
1996-07-22,34.48,26.5,59.53,0.09,0.49
1996-07-23,35.34,25.88,59.1,0.03,0.49
1996-07-24,34.68,25.99,60.7,0.08,0.49
1996-07-25,36.83,26.11,59.57,0.33,0.49
1996-07-26,32.95,25.59,67.41,0.12,0.49
1996-07-27,36.21,24.8,57.95,0.04,0.49
1996-07-28,37.92,25.19,51.67,0.0,0.49
1996-07-29,35.74,26.95,53.16,0.01,0.49
1996-07-30,36.92,26.4,53.87,0.04,0.49
1996-07-31,39.84,26.43,53.49,0.0,0.49
1996-08-01,35.58,26.34,57.65,0.02,0.49
1996-08-02,32.59,25.93,67.23,0.03,0.49
1996-08-03,35.08,25.34,58.52,0.02,0.49
1996-08-04,38.05,25.56,53.06,0.03,0.49
1996-08-05,35.36,26.55,53.93,0.01,0.49
1996-08-06,30.31,26.0,65.9,0.01,0.49
1996-08-07,36.27,25.05,57.12,0.02,0.49
1996-08-08,34.5,25.21,55.12,0.0,0.49
1996-08-09,38.95,25.62,45.02,0.0,0.49
1996-08-10,34.36,27.27,55.97,0.07,0.49
1996-08-11,36.76,26.35,52.3,0.22,0.49
1996-08-12,33.72,26.31,57.39,0.1,0.49
1996-08-13,31.49,25.57,66.15,0.0,0.49
1996-08-14,30.45,24.86,67.56,0.0,0.49
1996-08-15,35.94,25.45,53.03,0.01,0.49
1996-08-16,32.72,26.69,58.05,0.01,0.49
1996-08-17,36.04,25.85,54.92,0.06,0.49
1996-08-18,33.92,25.65,55.88,0.14,0.49
1996-08-19,30.97,25.16,60.91,0.14,0.49
1996-08-20,29.03,24.45,66.79,0.05,0.49
1996-08-21,35.54,23.3,53.8,0.0,0.49
1996-08-22,38.2,25.61,45.2,0.0,0.49
1996-08-23,38.09,26.99,46.47,0.03,0.49
1996-08-24,37.56,26.93,51.25,0.02,0.49
1996-08-25,38.89,25.48,44.65,0.0,0.49
1996-08-26,41.41,27.0,38.55,0.0,0.49
1996-08-27,37.76,27.06,46.83,0.03,0.49
1996-08-28,37.22,25.89,49.88,0.05,0.49
1996-08-29,37.55,26.28,47.99,0.0,0.49
1996-08-30,33.04,27.01,54.12,0.02,0.49
1996-08-31,31.66,26.28,55.71,0.07,0.49
1996-09-01,36.23,25.32,51.37,0.01,0.49
1996-09-02,33.49,26.88,51.7,0.0,0.49
1996-09-03,38.88,25.33,55.47,0.0,0.49
1996-09-04,38.0,24.77,50.93,0.0,0.49
1996-09-05,37.66,25.83,47.4,0.0,0.49
1996-09-06,37.68,26.3,46.91,0.0,0.49
1996-09-07,38.16,26.42,44.52,0.02,0.49
1996-09-08,35.21,26.13,50.84,0.01,0.49
1996-09-09,40.33,26.34,37.88,0.05,0.49
1996-09-10,39.49,27.7,41.53,0.04,0.49
1996-09-11,35.16,25.74,54.85,0.0,0.49
1996-09-12,39.95,26.69,41.1,0.0,0.49
1996-09-13,41.79,28.64,37.05,0.0,0.49
1996-09-14,40.76,28.58,36.98,0.0,0.49
1996-09-15,38.93,28.34,47.29,0.0,0.49
1996-09-16,35.88,27.15,54.7,0.1,0.49
1996-09-17,35.72,26.03,57.12,0.53,0.49
1996-09-18,34.41,26.18,57.71,0.11,0.49
1996-09-19,33.96,26.22,58.42,0.02,0.49
1996-09-20,36.25,25.57,54.28,0.01,0.49
1996-09-21,37.28,26.12,51.66,0.0,0.49
1996-09-22,37.22,25.9,53.64,0.01,0.49
1996-09-23,35.74,25.93,56.46,0.2,0.49
1996-09-24,35.94,26.77,52.72,0.0,0.49
1996-09-25,34.74,26.07,54.56,0.02,0.49
1996-09-26,32.21,25.67,61.0,0.03,0.49
1996-09-27,36.28,25.31,50.31,0.0,0.49
1996-09-28,37.51,26.13,47.95,0.0,0.49
1996-09-29,38.73,27.05,46.32,0.0,0.49
1996-09-30,37.59,27.2,47.82,0.0,0.49
1996-10-01,40.54,27.14,42.81,0.0,0.49
1996-10-02,38.48,26.09,44.7,0.0,0.49
1996-10-03,36.38,26.45,48.99,0.04,0.49
1996-10-04,29.7,25.2,66.79,0.9,0.49
1996-10-05,31.25,24.24,65.67,0.1,0.49
1996-10-06,35.01,24.37,58.88,0.16,0.49
1996-10-07,34.65,24.75,58.34,0.0,0.49
1996-10-08,35.34,24.97,55.57,0.05,0.49
1996-10-09,36.25,24.47,50.74,0.0,0.49
1996-10-10,35.78,25.02,45.5,0.01,0.49
1996-10-11,37.32,24.67,40.34,0.0,0.49
1996-10-12,37.52,25.55,44.9,0.02,0.49
1996-10-13,34.83,26.06,49.65,0.0,0.49
1996-10-14,37.47,25.84,40.65,0.0,0.49
1996-10-15,37.34,26.16,42.36,0.0,0.49
1996-10-16,35.16,26.55,49.31,0.0,0.49
1996-10-17,36.26,26.13,46.92,0.0,0.49
1996-10-18,33.33,26.07,53.0,0.0,0.49
1996-10-19,36.76,24.14,46.4,0.0,0.49
1996-10-20,38.1,23.89,41.74,0.03,0.49
1996-10-21,37.03,26.2,40.86,0.05,0.49
1996-10-22,37.21,25.41,39.5,0.0,0.49
1996-10-23,36.37,25.5,44.15,0.0,0.49
1996-10-24,37.48,24.69,41.27,0.0,0.49
1996-10-25,37.28,25.18,38.28,0.0,0.49
1996-10-26,34.86,25.95,45.65,0.04,0.49
1996-10-27,35.14,24.51,47.86,0.0,0.49
1996-10-28,36.92,23.56,41.88,0.0,0.49
1996-10-29,37.06,23.16,40.36,0.0,0.49
1996-10-30,36.53,24.14,45.2,0.0,0.49
1996-10-31,35.28,25.18,46.18,0.01,0.49
1996-11-01,34.44,25.85,49.4,0.04,0.49
1996-11-02,35.9,25.27,49.64,0.03,0.49
1996-11-03,32.8,25.54,56.44,0.1,0.49
1996-11-04,36.58,23.66,46.24,0.0,0.49
1996-11-05,34.44,25.16,54.01,0.86,0.49
1996-11-06,29.89,24.51,66.32,0.05,0.49
1996-11-07,32.48,23.32,54.59,0.01,0.49
1996-11-08,35.55,21.98,44.62,0.0,0.49
1996-11-09,35.66,23.49,45.18,0.0,0.49
1996-11-10,35.33,21.42,38.47,0.0,0.49
1996-11-11,35.32,19.15,31.26,0.0,0.49
1996-11-12,34.27,18.15,28.29,0.0,0.49
1996-11-13,33.54,18.13,28.6,0.0,0.49
1996-11-14,33.71,19.03,31.97,0.0,0.49
1996-11-15,33.86,19.03,32.05,0.0,0.49
1996-11-16,33.6,20.43,40.78,0.0,0.49
1996-11-17,33.17,22.16,41.83,0.0,0.49
1996-11-18,34.15,22.65,42.66,0.0,0.49
1996-11-19,33.91,20.83,42.24,0.0,0.49
1996-11-20,33.98,21.95,40.45,0.0,0.49
1996-11-21,34.09,21.8,41.87,0.0,0.49
1996-11-22,33.46,21.74,45.84,0.0,0.49
1996-11-23,33.95,20.86,44.88,0.0,0.49
1996-11-24,32.92,20.19,42.12,0.0,0.49
1996-11-25,31.72,19.45,46.19,0.0,0.49
1996-11-26,32.99,19.48,42.5,0.0,0.49
1996-11-27,33.19,18.79,36.42,0.0,0.49
1996-11-28,32.37,18.89,40.72,0.0,0.49
1996-11-29,31.91,19.73,48.48,0.0,0.49
1996-11-30,26.38,21.8,68.89,0.0,0.49
1996-12-01,31.35,20.92,56.99,0.0,0.49
1996-12-02,31.55,21.49,57.92,0.0,0.49
1996-12-03,32.18,22.34,56.59,0.0,0.49
1996-12-04,33.21,21.58,49.24,0.0,0.49
1996-12-05,33.15,21.85,53.17,0.0,0.49
1996-12-06,32.83,23.03,52.6,0.05,0.49
1996-12-07,31.57,20.57,52.83,0.01,0.49
1996-12-08,31.8,22.66,56.93,0.0,0.49
1996-12-09,32.06,22.54,56.07,0.0,0.49
1996-12-10,31.92,22.11,52.64,0.0,0.49
1996-12-11,31.59,21.98,53.98,0.0,0.49
1996-12-12,30.97,20.83,48.19,0.0,0.49
1996-12-13,31.71,19.0,48.14,0.0,0.49
1996-12-14,31.35,18.43,43.12,0.0,0.49
1996-12-15,29.75,15.9,38.51,0.0,0.49
1996-12-16,30.49,13.92,30.91,0.0,0.49
1996-12-17,30.75,13.02,25.71,0.0,0.49
1996-12-18,29.88,13.57,35.48,0.0,0.49
1996-12-19,32.17,14.48,39.41,0.0,0.49
1996-12-20,31.2,16.87,43.07,0.0,0.49
1996-12-21,29.84,16.71,42.8,0.0,0.49
1996-12-22,30.13,18.47,43.46,0.0,0.49
1996-12-23,30.52,15.93,42.68,0.0,0.49
1996-12-24,29.21,15.31,39.94,0.0,0.49
1996-12-25,30.21,14.82,40.38,0.0,0.49
1996-12-26,29.39,14.9,37.64,0.0,0.49
1996-12-27,30.01,14.3,37.9,0.0,0.49
1996-12-28,30.61,13.9,36.01,0.0,0.49
1996-12-29,30.22,14.6,34.94,0.0,0.49
1996-12-30,30.08,13.97,32.1,0.0,0.49
1996-12-31,31.26,12.85,26.81,0.0,0.49
1997-01-01,31.38,12.25,22.82,0.0,0.49
1997-01-02,29.84,12.89,22.09,0.0,0.49
1997-01-03,28.92,12.43,26.35,0.0,0.49
1997-01-04,28.34,14.78,36.14,0.0,0.49
1997-01-05,29.85,13.55,33.89,0.0,0.49
1997-01-06,28.64,14.04,34.36,0.0,0.49
1997-01-07,28.67,12.86,36.08,0.0,0.49
1997-01-08,29.19,13.83,34.93,0.0,0.49
1997-01-09,29.85,14.67,37.82,0.0,0.49
1997-01-10,30.42,15.02,36.34,0.0,0.49
1997-01-11,29.25,14.77,38.63,0.0,0.49
1997-01-12,29.29,15.35,47.85,0.0,0.49
1997-01-13,29.03,15.53,33.05,0.0,0.49
1997-01-14,29.62,11.65,24.71,0.0,0.49
1997-01-15,29.26,11.53,23.23,0.0,0.49
1997-01-16,29.88,12.29,21.49,0.0,0.49
1997-01-17,28.89,13.04,25.4,0.0,0.49
1997-01-18,28.54,11.8,27.63,0.0,0.49
1997-01-19,28.96,10.51,25.08,0.0,0.49
1997-01-20,29.2,11.4,22.07,0.0,0.49
1997-01-21,29.17,11.86,27.32,0.03,0.49
1997-01-22,25.5,14.25,44.07,0.21,0.49
1997-01-23,25.51,12.02,36.53,0.0,0.49
1997-01-24,26.84,10.56,30.19,0.0,0.49
1997-01-25,28.52,10.34,30.3,0.0,0.49
1997-01-26,28.31,10.63,27.26,0.0,0.49
1997-01-27,29.97,10.8,21.75,0.0,0.49
1997-01-28,30.04,11.66,23.49,0.0,0.49
1997-01-29,28.77,13.13,27.97,0.0,0.49
1997-01-30,29.87,11.9,25.37,0.0,0.49
1997-01-31,28.93,13.29,20.98,0.0,0.49
1997-02-01,28.31,10.99,22.73,0.0,0.49
1997-02-02,28.3,12.86,30.96,0.0,0.49
1997-02-03,29.5,12.52,29.6,0.0,0.49
1997-02-04,29.67,13.41,25.27,0.0,0.49
1997-02-05,28.83,15.13,42.18,0.0,0.49
1997-02-06,28.88,14.37,43.36,0.0,0.49
1997-02-07,28.57,13.68,40.54,0.0,0.49
1997-02-08,26.95,13.47,35.53,0.0,0.49
1997-02-09,27.67,10.63,19.8,0.0,0.49
1997-02-10,28.23,8.64,17.22,0.0,0.49
1997-02-11,30.08,10.35,20.46,0.0,0.49
1997-02-12,30.6,12.35,23.12,0.0,0.49
1997-02-13,31.05,13.63,27.87,0.0,0.49
1997-02-14,32.02,14.12,25.79,0.0,0.49
1997-02-15,31.45,14.54,20.27,0.0,0.49
1997-02-16,32.15,13.24,20.94,0.0,0.49
1997-02-17,31.81,14.28,31.45,0.0,0.49
1997-02-18,33.04,15.72,29.21,0.0,0.49
1997-02-19,32.64,15.72,31.99,0.0,0.49
1997-02-20,32.29,16.24,32.88,0.0,0.49
1997-02-21,32.32,17.99,29.71,0.0,0.49
1997-02-22,31.15,17.67,32.32,0.15,0.49
1997-02-23,31.1,18.0,29.64,0.29,0.49
1997-02-24,30.97,15.2,22.4,0.0,0.49
1997-02-25,32.28,12.71,19.82,0.0,0.49
1997-02-26,31.6,13.26,15.86,0.0,0.49
1997-02-27,33.67,14.54,16.83,0.0,0.49
1997-02-28,33.18,16.17,27.75,0.0,0.49
1997-03-01,33.67,17.37,27.74,0.0,0.49
1997-03-02,35.74,16.01,20.51,0.0,0.49
1997-03-03,35.13,16.97,18.04,0.0,0.49
1997-03-04,35.01,17.0,19.35,0.0,0.49
1997-03-05,35.44,17.3,18.37,0.0,0.49
1997-03-06,35.67,17.85,16.23,0.0,0.49
1997-03-07,35.82,16.57,13.41,0.0,0.49
1997-03-08,36.63,19.04,14.69,0.0,0.49
1997-03-09,35.94,18.46,21.46,0.0,0.49
1997-03-10,35.89,18.46,24.91,0.0,0.49
1997-03-11,36.97,18.68,21.22,0.0,0.49
1997-03-12,37.16,19.79,21.15,0.0,0.49
1997-03-13,37.01,19.69,31.15,0.0,0.49
1997-03-14,36.89,20.94,33.52,0.02,0.49
1997-03-15,35.33,21.75,40.47,0.13,0.49
1997-03-16,36.87,23.02,36.85,0.62,0.49
1997-03-17,37.05,22.83,41.12,0.27,0.49
1997-03-18,35.32,22.22,46.65,0.96,0.49
1997-03-19,36.21,23.05,40.81,0.02,0.49
1997-03-20,35.55,21.94,45.43,0.01,0.49
1997-03-21,30.89,22.98,57.44,0.04,0.49
1997-03-22,30.71,22.22,56.34,0.11,0.49
1997-03-23,30.66,22.4,51.35,0.03,0.49
1997-03-24,33.63,20.45,47.68,0.0,0.49
1997-03-25,31.59,21.47,41.64,0.02,0.49
1997-03-26,35.05,19.35,40.99,0.31,0.49
1997-03-27,36.52,20.27,32.8,0.03,0.49
1997-03-28,36.4,22.68,28.36,0.0,0.49
1997-03-29,36.85,23.14,26.39,0.02,0.49
1997-03-30,35.3,21.89,31.62,0.19,0.49
1997-03-31,33.41,21.06,34.92,0.16,0.49
1997-04-01,34.33,19.6,32.09,0.0,0.49
1997-04-02,34.24,20.78,35.76,0.0,0.49
1997-04-03,36.22,23.07,30.56,0.0,0.49
1997-04-04,37.7,21.71,27.75,0.0,0.49
1997-04-05,35.66,24.8,31.8,0.09,0.49
1997-04-06,33.5,23.97,42.2,0.44,0.49
1997-04-07,34.66,22.6,37.21,0.02,0.49
1997-04-08,33.2,22.03,30.05,0.33,0.49
1997-04-09,35.53,19.66,27.7,0.24,0.49
1997-04-10,36.39,20.29,28.13,0.0,0.49
1997-04-11,34.05,23.04,36.72,0.25,0.49
1997-04-12,34.38,21.94,35.08,0.01,0.49
1997-04-13,33.59,21.75,38.17,0.36,0.49
1997-04-14,34.3,20.98,42.63,0.0,0.49
1997-04-15,36.7,21.31,34.6,0.0,0.49
1997-04-16,36.8,21.89,34.11,0.0,0.49
1997-04-17,35.78,25.07,38.2,0.0,0.49
1997-04-18,37.82,23.87,34.24,0.0,0.49
1997-04-19,37.88,24.47,28.38,0.0,0.49
1997-04-20,35.77,23.87,31.52,0.0,0.49
1997-04-21,38.27,24.25,24.68,0.0,0.49
1997-04-22,38.26,23.34,24.36,0.0,0.49
1997-04-23,38.33,24.75,28.05,0.06,0.49
1997-04-24,36.52,23.82,33.34,0.82,0.49
1997-04-25,37.11,24.69,29.56,0.02,0.49
1997-04-26,35.22,24.89,35.97,0.0,0.49
1997-04-27,34.05,25.4,35.76,0.0,0.49
1997-04-28,36.76,24.43,34.76,0.0,0.49
1997-04-29,36.81,26.01,34.6,0.03,0.49
1997-04-30,34.2,26.03,42.73,0.0,0.49
1997-05-01,39.05,23.87,37.86,0.0,0.49
1997-05-02,37.52,27.14,41.12,0.0,0.49
1997-05-03,36.33,26.88,39.23,0.02,0.49
1997-05-04,38.58,27.01,36.77,0.0,0.49
1997-05-05,36.92,27.85,33.88,0.0,0.49
1997-05-06,39.14,27.52,30.72,0.0,0.49
1997-05-07,36.55,27.22,34.22,0.03,0.49
1997-05-08,39.96,27.12,30.58,0.73,0.49
1997-05-09,40.31,26.37,28.39,0.14,0.49
1997-05-10,40.21,26.25,32.76,0.0,0.49
1997-05-11,39.16,28.68,34.46,0.0,0.49
1997-05-12,40.4,29.11,28.96,0.0,0.49
1997-05-13,40.17,28.69,25.62,0.0,0.49
1997-05-14,40.7,27.77,26.41,0.0,0.49
1997-05-15,42.45,27.88,26.62,0.68,0.49
1997-05-16,42.9,29.04,26.97,0.0,0.49
1997-05-17,36.8,27.67,48.51,0.77,0.49
1997-05-18,33.35,25.41,57.82,1.26,0.49
1997-05-19,38.53,25.3,51.07,0.53,0.49
1997-05-20,31.13,25.78,58.87,1.3,0.49
1997-05-21,36.8,23.95,52.09,1.14,0.5
1997-05-22,38.19,24.66,49.33,0.87,0.5
1997-05-23,38.31,25.61,49.07,0.67,0.5
1997-05-24,38.82,25.4,46.26,0.7,0.5
1997-05-25,36.31,26.69,51.86,2.61,0.5
1997-05-26,34.34,26.04,55.93,0.66,0.5
1997-05-27,36.68,24.69,53.36,2.19,0.5
1997-05-28,35.75,24.2,56.7,2.76,0.5
1997-05-29,34.98,25.01,58.99,2.22,0.5
1997-05-30,35.65,25.14,54.77,0.95,0.5
1997-05-31,37.23,25.6,50.8,1.35,0.5
1997-06-01,36.1,25.92,54.46,0.43,0.5
1997-06-02,36.43,26.63,49.55,0.2,0.5
1997-06-03,38.9,25.91,49.29,0.91,0.5
1997-06-04,33.69,26.92,57.52,0.0,0.5
1997-06-05,39.03,25.42,46.77,0.2,0.5
1997-06-06,36.66,26.7,50.65,1.37,0.5
1997-06-07,29.78,25.7,68.95,4.79,0.5
1997-06-08,34.99,24.26,65.57,4.58,0.51
1997-06-09,32.23,24.02,65.59,1.04,0.51
1997-06-10,33.11,24.36,70.16,4.01,0.51
1997-06-11,33.12,24.01,72.41,3.14,0.51
1997-06-12,32.02,24.07,75.52,7.18,0.52
1997-06-13,33.28,23.72,70.42,2.62,0.52
1997-06-14,34.63,23.69,64.72,0.75,0.52
1997-06-15,35.23,24.75,62.23,0.05,0.51
1997-06-16,34.8,25.36,62.7,0.45,0.51
1997-06-17,33.4,25.7,61.66,0.29,0.51
1997-06-18,33.2,24.32,68.97,5.47,0.51
1997-06-19,32.14,24.79,67.83,0.35,0.51
1997-06-20,31.93,24.85,69.57,1.59,0.51
1997-06-21,34.49,24.91,66.23,0.88,0.51
1997-06-22,36.14,24.65,60.89,0.74,0.51
1997-06-23,34.86,25.16,57.92,0.34,0.5
1997-06-24,35.32,25.77,62.52,1.11,0.5
1997-06-25,36.55,25.68,59.66,0.38,0.5
1997-06-26,36.41,25.53,60.3,0.49,0.5
1997-06-27,33.4,25.27,66.77,2.57,0.5
1997-06-28,33.39,23.72,66.83,1.01,0.5
1997-06-29,36.01,25.14,60.44,0.45,0.5
1997-06-30,37.21,25.53,57.68,0.53,0.5
1997-07-01,38.31,25.49,58.98,2.39,0.5
1997-07-02,35.13,24.91,64.79,4.52,0.5
1997-07-03,32.5,24.72,66.23,1.07,0.51
1997-07-04,33.24,24.29,68.7,2.43,0.51
1997-07-05,31.69,24.63,70.94,0.02,0.51
1997-07-06,32.76,25.27,68.42,0.01,0.5
1997-07-07,35.2,24.91,61.92,0.02,0.5
1997-07-08,32.26,25.44,62.66,0.02,0.5
1997-07-09,33.23,24.84,61.68,0.25,0.5
1997-07-10,31.88,25.23,72.98,2.74,0.5
1997-07-11,32.98,25.38,68.39,0.05,0.5
1997-07-12,32.06,24.82,66.16,0.02,0.5
1997-07-13,37.79,24.81,58.58,0.03,0.5
1997-07-14,34.77,25.79,60.01,0.06,0.5
1997-07-15,36.08,26.53,57.73,0.02,0.5
1997-07-16,35.54,26.59,61.38,0.14,0.5
1997-07-17,37.25,25.39,59.96,0.29,0.5
1997-07-18,35.55,25.9,59.27,0.03,0.5
1997-07-19,36.18,25.8,54.62,0.26,0.5
1997-07-20,35.89,25.51,58.34,0.68,0.5
1997-07-21,34.18,25.68,57.35,0.0,0.5
1997-07-22,34.94,26.46,57.89,0.12,0.5
1997-07-23,32.65,25.61,69.38,1.85,0.5
1997-07-24,33.76,25.03,69.2,1.49,0.5
1997-07-25,32.49,25.45,72.61,1.67,0.5
1997-07-26,35.46,24.33,63.76,0.76,0.5
1997-07-27,36.69,25.08,61.1,2.63,0.5
1997-07-28,35.36,25.86,67.59,3.14,0.5
1997-07-29,35.1,25.45,66.67,0.11,0.5
1997-07-30,35.68,24.38,62.77,1.52,0.5
1997-07-31,35.16,25.05,65.39,0.75,0.5
1997-08-01,33.73,25.35,71.38,1.69,0.5
1997-08-02,34.94,24.44,70.86,1.49,0.5
1997-08-03,36.44,25.74,63.27,1.25,0.5
1997-08-04,34.85,25.93,63.79,1.09,0.5
1997-08-05,34.75,25.45,61.11,0.85,0.5
1997-08-06,34.69,24.49,61.53,0.91,0.5
1997-08-07,36.11,24.15,63.51,3.89,0.5
1997-08-08,33.88,24.76,72.76,7.55,0.51
1997-08-09,31.97,24.88,77.98,1.47,0.51
1997-08-10,31.98,24.25,74.49,1.61,0.51
1997-08-11,33.6,23.85,76.85,6.19,0.52
1997-08-12,32.14,23.76,76.99,2.54,0.52
1997-08-13,32.5,23.63,72.0,1.63,0.52
1997-08-14,34.09,24.18,67.67,1.26,0.51
1997-08-15,34.54,24.48,67.99,1.22,0.51
1997-08-16,34.33,24.51,69.75,1.51,0.51
1997-08-17,34.86,25.13,67.76,0.24,0.51
1997-08-18,37.2,24.88,58.96,0.04,0.51
1997-08-19,36.2,24.91,58.39,0.27,0.5
1997-08-20,34.36,24.46,63.85,1.56,0.5
1997-08-21,37.41,24.4,56.06,0.15,0.5
1997-08-22,36.22,24.38,55.85,0.73,0.5
1997-08-23,35.52,26.08,59.12,0.0,0.5
1997-08-24,40.45,26.15,49.83,0.04,0.5
1997-08-25,39.48,26.85,50.15,0.04,0.5
1997-08-26,40.49,26.21,50.85,1.93,0.5
1997-08-27,37.91,26.42,57.35,1.1,0.5
1997-08-28,35.47,25.72,67.4,6.73,0.5
1997-08-29,32.97,24.29,75.24,1.92,0.51
1997-08-30,31.84,24.35,72.78,0.45,0.51
1997-08-31,32.55,24.24,69.61,0.76,0.51
1997-09-01,34.46,24.27,63.08,1.75,0.51
1997-09-02,33.72,24.03,68.21,1.12,0.51
1997-09-03,34.1,24.83,64.43,0.03,0.5
1997-09-04,34.11,24.97,64.16,0.15,0.5
1997-09-05,34.07,25.0,62.89,0.18,0.5
1997-09-06,29.31,24.78,73.92,0.13,0.5
1997-09-07,34.98,24.38,62.03,0.01,0.5
1997-09-08,38.12,22.97,50.2,0.0,0.5
1997-09-09,37.04,25.38,50.81,0.0,0.5
1997-09-10,36.69,25.44,51.7,0.0,0.5
1997-09-11,38.49,25.69,45.29,0.01,0.5
1997-09-12,34.3,26.65,52.15,0.0,0.5
1997-09-13,32.91,25.76,59.87,0.02,0.5
1997-09-14,36.13,24.67,55.29,0.14,0.49
1997-09-15,36.83,25.4,53.41,0.19,0.49
1997-09-16,38.36,25.66,47.63,0.01,0.49
1997-09-17,34.86,26.77,54.87,0.03,0.49
1997-09-18,36.3,26.26,52.58,0.01,0.49
1997-09-19,37.48,26.19,50.7,0.02,0.49
1997-09-20,33.3,27.03,55.52,0.07,0.49
1997-09-21,35.03,26.15,50.47,0.0,0.49
1997-09-22,32.61,24.59,49.18,0.0,0.49
1997-09-23,37.77,24.91,45.83,0.0,0.49
1997-09-24,33.41,25.21,59.71,0.01,0.49
1997-09-25,30.25,25.09,65.03,0.1,0.49
1997-09-26,32.86,23.98,64.92,0.25,0.49
1997-09-27,31.35,24.33,63.61,0.11,0.49
1997-09-28,34.77,25.16,60.43,0.32,0.49
1997-09-29,35.36,24.23,55.05,0.0,0.49
1997-09-30,36.13,24.75,51.19,0.0,0.49
1997-10-01,35.16,24.55,52.52,0.0,0.49
1997-10-02,32.32,23.91,55.45,0.0,0.49
1997-10-03,37.52,23.89,44.17,0.0,0.49
1997-10-04,38.02,24.99,41.77,0.0,0.49
1997-10-05,36.68,26.92,46.53,0.04,0.49
1997-10-06,33.16,25.17,58.97,0.07,0.49
1997-10-07,31.38,24.32,65.12,0.32,0.49
1997-10-08,33.48,24.01,61.55,0.41,0.49
1997-10-09,35.16,24.78,53.29,0.0,0.49
1997-10-10,36.92,23.36,45.75,0.0,0.49
1997-10-11,37.88,24.01,41.83,0.0,0.49
1997-10-12,37.62,25.73,40.42,0.0,0.49
1997-10-13,36.23,25.78,46.47,0.0,0.49
1997-10-14,36.11,24.88,47.51,0.0,0.49
1997-10-15,35.91,24.57,45.86,0.0,0.49
1997-10-16,35.16,25.3,41.91,0.0,0.49
1997-10-17,38.05,25.35,37.72,0.02,0.49
1997-10-18,36.49,25.87,41.95,0.5,0.49
1997-10-19,37.46,25.92,42.26,0.0,0.49
1997-10-20,37.01,26.24,39.43,0.0,0.49
1997-10-21,36.6,24.95,40.52,0.0,0.49
1997-10-22,36.08,24.74,39.17,0.0,0.49
1997-10-23,35.66,23.55,36.94,0.0,0.49
1997-10-24,32.53,23.78,40.18,0.05,0.49
1997-10-25,36.26,22.18,44.15,4.73,0.49
1997-10-26,33.67,23.34,54.74,1.71,0.5
1997-10-27,35.09,22.65,56.59,0.36,0.5
1997-10-28,32.24,24.09,61.23,0.06,0.5
1997-10-29,31.78,23.94,60.9,0.03,0.5
1997-10-30,33.45,23.99,56.76,0.0,0.5
1997-10-31,32.39,23.63,57.02,0.0,0.5
1997-11-01,31.12,24.11,50.03,0.0,0.5
1997-11-02,28.88,21.15,57.29,0.0,0.5
1997-11-03,34.74,21.74,49.68,0.03,0.5
1997-11-04,37.47,22.88,41.57,0.28,0.5
1997-11-05,34.9,22.67,45.28,0.02,0.5
1997-11-06,33.64,23.33,42.8,0.05,0.49
1997-11-07,31.39,23.14,46.96,0.06,0.49
1997-11-08,32.31,22.34,51.53,0.0,0.49
1997-11-09,32.87,22.43,50.45,0.0,0.49
1997-11-10,32.68,22.9,50.93,0.02,0.49
1997-11-11,28.67,22.07,62.2,0.07,0.49
1997-11-12,30.28,21.76,60.35,0.06,0.49
1997-11-13,31.39,22.69,57.64,0.09,0.49
1997-11-14,33.48,21.84,48.13,0.0,0.49
1997-11-15,33.35,19.54,41.8,0.0,0.49
1997-11-16,34.51,19.33,37.59,0.0,0.49
1997-11-17,29.8,20.39,46.83,0.0,0.49
1997-11-18,32.29,19.72,50.4,0.0,0.49
1997-11-19,27.05,20.9,61.87,0.02,0.49
1997-11-20,28.28,20.0,60.29,0.02,0.49
1997-11-21,32.49,21.38,48.15,0.0,0.49
1997-11-22,33.55,20.84,43.84,0.0,0.49
1997-11-23,33.06,19.94,41.1,0.0,0.49
1997-11-24,33.32,19.75,40.12,0.0,0.49
1997-11-25,33.24,18.75,38.51,0.0,0.49
1997-11-26,33.58,18.19,40.54,0.0,0.49
1997-11-27,34.09,18.88,37.57,0.0,0.49
1997-11-28,34.58,19.62,38.98,0.0,0.49
1997-11-29,34.53,19.7,41.4,0.0,0.49
1997-11-30,34.91,19.84,37.38,0.0,0.49
1997-12-01,34.03,19.9,35.39,0.0,0.49
1997-12-02,33.58,20.22,33.73,0.01,0.49
1997-12-03,33.79,19.98,36.76,0.0,0.49
1997-12-04,31.96,20.92,49.82,0.0,0.49
1997-12-05,32.55,21.82,48.75,0.0,0.49
1997-12-06,32.9,20.18,45.16,0.0,0.49
1997-12-07,32.58,18.07,41.01,0.0,0.49
1997-12-08,32.73,18.68,36.01,0.0,0.49
1997-12-09,32.62,18.92,44.92,0.0,0.49
1997-12-10,30.11,21.0,53.28,0.03,0.49
1997-12-11,25.95,21.04,64.51,0.13,0.49
1997-12-12,30.63,19.91,53.34,0.0,0.49
1997-12-13,30.26,16.67,44.88,0.0,0.49
1997-12-14,30.16,20.14,49.26,0.27,0.49
1997-12-15,25.03,19.19,66.6,0.05,0.49
1997-12-16,30.33,18.71,55.58,0.0,0.49
1997-12-17,32.33,17.13,44.32,0.01,0.49
1997-12-18,30.45,18.81,38.82,0.0,0.49
1997-12-19,32.32,15.96,32.21,0.0,0.49
1997-12-20,30.56,15.7,32.62,0.0,0.49
1997-12-21,30.46,13.97,31.75,0.0,0.49
1997-12-22,30.46,13.13,28.74,0.0,0.49
1997-12-23,29.22,13.11,27.04,0.0,0.49
1997-12-24,28.53,13.73,37.81,0.0,0.49
1997-12-25,28.47,13.76,46.26,0.0,0.49
1997-12-26,28.76,12.87,39.96,0.0,0.49
1997-12-27,30.08,13.98,36.56,0.0,0.49
1997-12-28,29.52,14.86,41.42,0.0,0.49
1997-12-29,29.99,15.24,44.68,0.0,0.49
1997-12-30,30.29,14.65,39.06,0.0,0.49
1997-12-31,31.85,14.72,34.16,0.0,0.49
1998-01-01,30.74,15.02,34.09,0.0,0.49
1998-01-02,30.71,14.29,34.78,0.0,0.49
1998-01-03,30.66,14.66,33.54,0.0,0.49
1998-01-04,32.94,13.01,25.74,0.0,0.49
1998-01-05,31.03,15.45,19.61,0.0,0.49
1998-01-06,29.56,15.73,32.6,0.0,0.49
1998-01-07,28.8,12.98,32.8,0.0,0.49
1998-01-08,29.59,12.58,23.92,0.0,0.49
1998-01-09,29.82,12.04,20.38,0.0,0.49
1998-01-10,30.28,12.0,19.07,0.0,0.49
1998-01-11,30.67,12.09,18.3,0.0,0.49
1998-01-12,28.1,12.64,19.86,0.0,0.49
1998-01-13,27.64,14.62,22.58,0.0,0.49
1998-01-14,28.58,12.6,33.67,0.0,0.49
1998-01-15,27.96,11.85,34.77,0.0,0.49
1998-01-16,27.71,12.71,36.12,0.0,0.49
1998-01-17,30.26,12.21,36.17,0.21,0.49
1998-01-18,30.37,12.71,36.4,0.46,0.49
1998-01-19,30.33,17.64,36.16,0.15,0.49
1998-01-20,29.81,15.23,42.58,0.0,0.49
1998-01-21,29.42,14.39,46.0,5.65,0.5
1998-01-22,26.17,14.27,63.18,1.38,0.5
1998-01-23,28.25,14.63,59.93,0.0,0.5
1998-01-24,30.16,14.55,52.89,0.0,0.5
1998-01-25,29.93,14.83,47.01,0.0,0.5
1998-01-26,30.05,14.49,41.93,0.0,0.5
1998-01-27,31.04,15.11,38.21,0.0,0.5
1998-01-28,32.44,15.3,35.96,0.0,0.5
1998-01-29,31.65,15.08,34.1,0.0,0.49
1998-01-30,30.84,15.48,34.58,0.01,0.49
1998-01-31,32.47,15.04,37.86,0.0,0.49
1998-02-01,31.82,14.91,40.03,0.0,0.49
1998-02-02,31.8,15.17,33.6,0.0,0.49
1998-02-03,31.94,14.08,24.7,0.0,0.49
1998-02-04,32.48,14.08,24.52,0.0,0.49
1998-02-05,31.68,15.23,31.88,0.0,0.49
1998-02-06,29.95,16.0,32.54,0.0,0.49
1998-02-07,30.32,13.69,28.08,0.0,0.49
1998-02-08,30.4,15.39,23.54,0.01,0.49
1998-02-09,31.62,13.91,27.77,0.0,0.49
1998-02-10,32.49,14.01,25.82,0.0,0.49
1998-02-11,34.57,12.38,20.28,0.0,0.49
1998-02-12,31.72,13.6,17.1,0.0,0.49
1998-02-13,31.69,13.06,18.27,0.0,0.49
1998-02-14,31.75,12.72,17.36,0.0,0.49
1998-02-15,31.94,13.19,19.43,0.0,0.49
1998-02-16,29.96,14.06,33.38,0.0,0.49
1998-02-17,32.25,15.54,29.49,0.0,0.49
1998-02-18,33.53,17.11,32.28,0.0,0.49
1998-02-19,32.81,18.72,36.7,0.02,0.49
1998-02-20,32.17,18.32,43.88,0.0,0.49
1998-02-21,32.71,19.67,37.94,0.07,0.49
1998-02-22,31.79,18.65,41.08,0.0,0.49
1998-02-23,32.84,19.79,29.96,0.0,0.49
1998-02-24,33.98,18.16,31.84,0.0,0.49
1998-02-25,35.4,19.37,31.56,0.0,0.49
1998-02-26,35.1,20.62,37.03,0.01,0.49
1998-02-27,34.21,20.76,44.21,0.0,0.49
1998-02-28,35.46,21.61,36.88,0.0,0.49
1998-03-01,34.91,19.27,31.82,0.0,0.49
1998-03-02,33.51,19.21,26.4,0.0,0.49
1998-03-03,34.91,17.08,21.46,0.0,0.49
1998-03-04,34.57,15.68,17.68,0.0,0.49
1998-03-05,35.3,16.66,14.81,0.0,0.49
1998-03-06,35.29,18.41,18.77,0.0,0.49
1998-03-07,34.3,18.97,31.37,0.0,0.49
1998-03-08,32.96,19.22,46.41,0.03,0.49
1998-03-09,32.48,19.33,31.16,0.0,0.49
1998-03-10,32.82,15.59,15.36,0.0,0.49
1998-03-11,33.95,15.96,17.28,0.0,0.49
1998-03-12,34.56,17.09,21.72,0.0,0.49
1998-03-13,35.6,18.57,26.29,0.0,0.49
1998-03-14,35.61,20.73,32.08,0.0,0.49
1998-03-15,35.4,21.91,34.03,0.0,0.49
1998-03-16,35.8,19.86,29.43,0.0,0.49
1998-03-17,37.51,17.69,20.3,0.0,0.49
1998-03-18,35.95,20.24,17.09,0.0,0.49
1998-03-19,33.28,19.36,20.39,0.0,0.49
1998-03-20,35.23,18.89,21.42,0.0,0.49
1998-03-21,36.18,20.76,22.63,0.0,0.49
1998-03-22,37.44,19.97,25.85,0.0,0.49
1998-03-23,36.7,22.74,36.41,0.01,0.49
1998-03-24,38.57,22.99,30.37,0.0,0.49
1998-03-25,35.76,20.6,28.34,0.0,0.49
1998-03-26,33.6,22.39,44.47,0.0,0.49
1998-03-27,35.81,21.45,35.63,0.11,0.49
1998-03-28,37.48,21.28,27.01,0.0,0.49
1998-03-29,37.28,20.97,24.91,0.66,0.49
1998-03-30,38.59,21.49,25.75,0.17,0.49
1998-03-31,35.02,22.83,33.61,0.01,0.49
1998-04-01,36.24,20.1,34.91,0.0,0.49
1998-04-02,37.93,19.53,21.95,0.0,0.49
1998-04-03,38.14,20.98,24.51,0.0,0.49
1998-04-04,38.03,22.33,29.67,0.0,0.49
1998-04-05,38.45,22.5,28.96,0.0,0.49
1998-04-06,37.69,22.02,24.4,0.03,0.49
1998-04-07,37.01,22.45,27.8,0.03,0.49
1998-04-08,38.1,24.05,27.28,0.0,0.49
1998-04-09,39.51,23.96,26.72,0.01,0.49
1998-04-10,39.78,24.73,34.85,0.0,0.49
1998-04-11,39.59,25.88,34.39,0.0,0.49
1998-04-12,41.24,26.67,23.7,0.0,0.49
1998-04-13,40.93,26.67,24.18,0.0,0.49
1998-04-14,40.29,26.54,30.24,0.0,0.49
1998-04-15,40.23,29.21,27.09,0.0,0.49
1998-04-16,40.52,27.26,23.33,0.0,0.49
1998-04-17,37.57,27.62,28.47,0.04,0.49
1998-04-18,38.13,24.07,33.58,0.0,0.49
1998-04-19,37.85,25.39,30.15,0.0,0.49
1998-04-20,37.33,25.37,34.92,0.0,0.49
1998-04-21,38.24,26.11,39.14,0.03,0.49
1998-04-22,34.47,25.47,52.05,0.38,0.49
1998-04-23,34.09,23.77,54.61,0.03,0.49
1998-04-24,36.17,24.48,50.0,1.35,0.49
1998-04-25,38.44,24.51,37.76,0.0,0.49
1998-04-26,38.99,26.46,35.51,0.0,0.49
1998-04-27,38.65,25.78,36.03,0.76,0.49
1998-04-28,38.42,25.81,40.01,0.0,0.49
1998-04-29,36.34,27.43,42.98,0.01,0.49
1998-04-30,34.97,26.15,48.06,0.61,0.49
1998-05-01,40.04,26.52,37.96,0.0,0.49
1998-05-02,39.17,28.29,36.91,0.02,0.49
1998-05-03,38.14,27.52,37.87,0.01,0.49
1998-05-04,39.3,27.09,37.18,0.02,0.49
1998-05-05,37.17,28.61,38.6,0.05,0.49
1998-05-06,38.95,27.52,37.41,0.0,0.49
1998-05-07,40.83,26.82,31.88,0.0,0.49
1998-05-08,41.51,26.34,29.54,0.02,0.49
1998-05-09,41.21,28.26,35.93,0.0,0.49
1998-05-10,42.25,27.92,34.26,0.0,0.49
1998-05-11,40.86,28.47,37.75,0.04,0.49
1998-05-12,41.43,28.3,35.81,2.44,0.49
1998-05-13,36.33,29.05,42.03,1.72,0.5
1998-05-14,40.81,26.86,39.83,0.0,0.5
1998-05-15,40.89,28.5,37.99,0.0,0.49
1998-05-16,40.86,29.07,36.47,0.0,0.49
1998-05-17,35.4,28.16,47.55,0.01,0.49
1998-05-18,33.63,25.81,54.75,0.01,0.49
1998-05-19,34.95,24.92,59.83,1.95,0.49
1998-05-20,36.38,26.26,62.91,6.5,0.5
1998-05-21,32.0,26.26,71.48,0.18,0.51
1998-05-22,33.68,24.99,68.32,1.36,0.5
1998-05-23,37.22,25.84,55.32,0.19,0.5
1998-05-24,38.22,27.47,50.89,0.0,0.5
1998-05-25,37.13,28.51,51.4,0.07,0.5
1998-05-26,33.52,27.37,58.8,0.63,0.5
1998-05-27,31.42,25.46,70.48,11.64,0.51
1998-05-28,36.83,24.22,61.77,0.17,0.51
1998-05-29,36.47,26.45,57.75,0.02,0.51
1998-05-30,37.61,26.91,54.87,0.0,0.51
1998-05-31,39.29,27.97,53.13,0.05,0.5
1998-06-01,35.72,27.32,57.78,0.02,0.5
1998-06-02,34.45,27.63,59.56,0.01,0.5
1998-06-03,40.81,26.58,45.36,0.04,0.5
1998-06-04,38.31,28.21,45.23,0.07,0.5
1998-06-05,37.57,28.47,46.34,0.05,0.5
1998-06-06,38.03,27.88,49.42,0.07,0.5
1998-06-07,36.51,27.84,51.81,0.05,0.49
1998-06-08,37.53,27.28,50.66,0.09,0.49
1998-06-09,41.05,26.54,46.15,0.0,0.49
1998-06-10,37.24,29.07,48.28,0.01,0.49
1998-06-11,36.32,27.91,53.88,0.01,0.49
1998-06-12,37.96,27.93,53.36,0.02,0.49
1998-06-13,38.89,27.43,48.48,0.18,0.49
1998-06-14,39.64,28.2,46.35,0.07,0.49
1998-06-15,36.32,27.5,60.27,12.91,0.5
1998-06-16,35.76,26.81,62.32,0.03,0.51
1998-06-17,32.19,27.09,66.31,0.03,0.51
1998-06-18,36.5,26.57,56.76,0.02,0.51
1998-06-19,35.65,27.18,55.74,0.02,0.5
1998-06-20,35.92,27.11,55.86,0.01,0.5
1998-06-21,38.21,27.03,56.32,0.01,0.5
1998-06-22,36.33,27.42,55.74,0.01,0.5
1998-06-23,37.82,27.3,54.53,0.05,0.5
1998-06-24,38.62,27.03,52.31,0.3,0.5
1998-06-25,37.98,27.26,52.05,0.01,0.5
1998-06-26,38.43,27.77,53.15,0.0,0.5
1998-06-27,38.47,27.67,50.76,0.07,0.49
1998-06-28,37.21,27.91,52.66,0.0,0.49
1998-06-29,36.24,28.01,52.23,0.04,0.49
1998-06-30,36.25,28.07,50.61,0.03,0.49
1998-07-01,37.91,28.74,50.01,0.0,0.49
1998-07-02,36.2,28.06,55.9,0.02,0.49
1998-07-03,33.55,26.87,62.17,0.01,0.49
1998-07-04,34.11,25.6,64.1,0.0,0.49
1998-07-05,31.63,25.2,68.17,0.01,0.49
1998-07-06,33.96,25.16,66.98,0.01,0.49
1998-07-07,35.16,25.1,61.04,0.0,0.49
1998-07-08,33.86,25.88,57.98,0.0,0.49
1998-07-09,33.87,26.66,62.87,0.02,0.49
1998-07-10,34.16,25.57,60.59,0.01,0.49
1998-07-11,31.26,25.87,67.22,0.01,0.49
1998-07-12,33.15,25.37,61.18,0.02,0.49
1998-07-13,33.07,25.32,58.3,0.0,0.49
1998-07-14,35.98,25.19,54.66,0.0,0.49
1998-07-15,36.0,25.94,53.7,0.03,0.49
1998-07-16,34.93,25.97,58.42,0.02,0.49
1998-07-17,33.98,25.52,61.5,0.02,0.49
1998-07-18,32.22,25.34,62.01,0.02,0.49
1998-07-19,33.46,26.31,57.38,0.0,0.49
1998-07-20,37.65,26.22,48.55,0.0,0.49
1998-07-21,40.42,27.63,41.33,0.0,0.49
1998-07-22,41.19,29.59,39.38,0.02,0.49
1998-07-23,35.68,29.08,50.57,3.52,0.49
1998-07-24,33.55,27.93,54.88,0.05,0.5
1998-07-25,36.57,27.03,55.57,0.31,0.5
1998-07-26,34.24,26.74,60.02,2.07,0.5
1998-07-27,33.45,26.86,56.55,0.03,0.5
1998-07-28,38.07,26.94,49.68,0.04,0.5
1998-07-29,37.33,27.58,50.72,0.41,0.5
1998-07-30,35.95,26.64,56.53,1.39,0.5
1998-07-31,37.71,28.28,53.17,0.09,0.5
1998-08-01,35.19,27.9,56.15,0.02,0.5
1998-08-02,36.59,27.36,54.59,0.04,0.5
1998-08-03,36.55,26.43,54.9,0.04,0.5
1998-08-04,36.17,26.7,54.14,0.0,0.49
1998-08-05,36.06,26.39,54.95,0.0,0.49
1998-08-06,39.29,26.51,48.3,0.0,0.49
1998-08-07,38.49,27.48,47.72,0.01,0.49
1998-08-08,33.11,27.6,60.65,0.08,0.49
1998-08-09,35.6,26.56,58.48,0.41,0.49
1998-08-10,36.37,25.71,62.75,2.03,0.5
1998-08-11,35.74,26.25,59.5,0.0,0.5
1998-08-12,36.95,26.14,54.62,0.04,0.5
1998-08-13,34.6,26.23,55.91,0.11,0.5
1998-08-14,35.23,25.84,55.34,0.04,0.49
1998-08-15,37.0,27.01,51.02,0.05,0.49
1998-08-16,36.08,27.49,51.63,0.0,0.49
1998-08-17,36.28,27.49,51.4,0.0,0.49
1998-08-18,34.54,26.39,62.89,0.01,0.49
1998-08-19,38.95,25.4,50.45,0.02,0.49
1998-08-20,41.4,27.83,42.39,0.27,0.49
1998-08-21,40.29,28.12,47.36,0.06,0.49
1998-08-22,37.6,26.54,55.21,0.04,0.49
1998-08-23,35.96,26.64,55.6,0.02,0.49
1998-08-24,34.21,26.31,61.19,2.44,0.49
1998-08-25,36.01,26.93,55.65,0.04,0.5
1998-08-26,33.35,26.16,57.49,0.03,0.49
1998-08-27,36.96,25.62,52.58,0.31,0.49
1998-08-28,36.26,26.64,52.99,0.0,0.49
1998-08-29,36.25,26.49,52.38,0.0,0.49
1998-08-30,38.21,26.73,49.64,0.0,0.49
1998-08-31,40.31,27.55,44.72,0.04,0.49
1998-09-01,35.96,27.83,51.96,0.05,0.49
1998-09-02,35.18,27.67,54.22,0.08,0.49
1998-09-03,38.08,26.49,52.93,0.0,0.49
1998-09-04,34.08,27.7,53.89,0.14,0.49
1998-09-05,32.45,27.14,59.9,0.11,0.49
1998-09-06,32.06,25.53,58.84,0.01,0.49
1998-09-07,32.99,25.08,50.28,0.02,0.49
1998-09-08,32.4,23.67,60.8,0.02,0.49
1998-09-09,31.05,24.36,61.42,0.0,0.49
1998-09-10,34.43,24.09,57.79,0.02,0.49
1998-09-11,40.61,24.25,47.24,0.0,0.49
1998-09-12,40.63,28.01,39.98,0.0,0.49
1998-09-13,39.69,27.2,41.76,0.0,0.49
1998-09-14,38.62,28.19,41.68,0.0,0.49
1998-09-15,39.9,28.25,41.89,0.0,0.49
1998-09-16,33.57,28.11,56.36,0.0,0.49
1998-09-17,39.64,27.06,49.02,0.0,0.49
1998-09-18,38.75,28.25,46.8,0.0,0.49
1998-09-19,38.29,28.41,47.47,0.0,0.49
1998-09-20,41.18,28.3,44.54,0.0,0.49
1998-09-21,38.67,27.89,44.46,0.01,0.49
1998-09-22,38.69,27.44,45.78,0.0,0.49
1998-09-23,37.39,27.67,49.59,0.0,0.49
1998-09-24,39.15,28.57,42.89,0.0,0.49
1998-09-25,41.33,29.32,39.72,0.0,0.49
1998-09-26,41.05,29.74,42.36,0.0,0.49
1998-09-27,37.18,29.43,42.89,0.02,0.49
1998-09-28,40.83,28.08,33.45,0.0,0.49
1998-09-29,41.24,26.36,25.65,0.0,0.49
1998-09-30,40.5,25.1,27.01,0.0,0.49
1998-10-01,39.61,25.8,32.68,0.0,0.49
1998-10-02,40.4,25.17,25.58,0.0,0.49
1998-10-03,39.96,23.92,26.96,0.0,0.49
1998-10-04,39.91,23.28,28.84,0.0,0.49
1998-10-05,40.07,23.6,28.97,0.0,0.49
1998-10-06,40.67,25.01,30.76,0.0,0.49
1998-10-07,40.17,28.52,37.04,0.0,0.49
1998-10-08,40.28,29.23,40.96,0.01,0.49
1998-10-09,34.93,25.79,57.73,0.0,0.49
1998-10-10,37.49,28.09,46.41,0.05,0.49
1998-10-11,36.37,28.01,51.7,0.01,0.49
1998-10-12,39.5,26.84,44.78,0.01,0.49
1998-10-13,37.32,27.17,52.53,0.01,0.49
1998-10-14,37.04,26.79,49.97,0.01,0.49
1998-10-15,33.24,25.97,66.76,0.02,0.49
1998-10-16,38.07,24.71,50.85,0.03,0.49
1998-10-17,37.87,27.19,46.49,0.0,0.49
1998-10-18,38.44,27.16,47.56,0.1,0.49
1998-10-19,35.47,27.68,51.07,0.07,0.49
1998-10-20,37.23,26.16,48.32,0.49,0.49
1998-10-21,35.43,25.17,53.78,0.0,0.49
1998-10-22,36.34,25.94,48.67,0.0,0.49
1998-10-23,37.0,26.86,44.97,0.03,0.49
1998-10-24,38.94,26.17,39.97,0.0,0.49
1998-10-25,39.04,27.87,37.3,0.0,0.49
1998-10-26,37.96,26.95,43.22,0.01,0.49
1998-10-27,35.92,27.14,45.25,0.0,0.49
1998-10-28,35.8,26.39,50.41,0.0,0.49
1998-10-29,37.64,25.48,46.28,0.0,0.49
1998-10-30,36.49,25.93,43.81,0.02,0.49
1998-10-31,36.54,24.68,45.93,0.0,0.49
1998-11-01,37.69,23.86,41.81,0.0,0.49
1998-11-02,37.09,25.41,39.5,0.0,0.49
1998-11-03,32.69,23.01,45.96,0.0,0.49
1998-11-04,35.2,19.56,38.55,0.0,0.49
1998-11-05,36.13,22.52,35.72,0.0,0.49
1998-11-06,35.99,22.32,32.81,0.0,0.49
1998-11-07,35.91,22.98,34.05,0.0,0.49
1998-11-08,35.78,21.28,32.94,0.0,0.49
1998-11-09,35.56,20.76,32.98,0.0,0.49
1998-11-10,36.31,20.79,33.42,0.0,0.49
1998-11-11,36.29,22.17,33.99,0.0,0.49
1998-11-12,35.81,23.47,36.83,0.0,0.49
1998-11-13,35.64,23.86,35.23,0.0,0.49
1998-11-14,36.13,22.54,35.91,0.0,0.49
1998-11-15,35.25,21.64,35.57,0.0,0.49
1998-11-16,36.17,21.17,35.91,0.0,0.49
1998-11-17,37.05,21.35,33.83,0.0,0.49
1998-11-18,37.56,22.37,33.39,0.03,0.49
1998-11-19,37.85,24.35,35.78,0.59,0.49
1998-11-20,34.84,24.96,51.23,0.0,0.49
1998-11-21,34.57,25.68,49.89,1.15,0.49
1998-11-22,31.21,23.0,60.94,2.91,0.49
1998-11-23,32.46,22.04,52.52,0.0,0.49
1998-11-24,33.59,23.87,48.08,0.0,0.49
1998-11-25,34.54,23.93,51.4,0.03,0.49
1998-11-26,34.06,23.75,51.77,0.0,0.49
1998-11-27,36.35,22.67,49.79,0.0,0.49
1998-11-28,35.19,24.16,47.08,0.01,0.49
1998-11-29,34.63,24.28,47.32,0.0,0.49
1998-11-30,34.42,23.29,47.34,0.0,0.49
1998-12-01,34.07,22.6,45.53,0.0,0.49
1998-12-02,34.66,21.02,43.09,0.0,0.49
1998-12-03,34.55,22.04,35.89,0.0,0.49
1998-12-04,34.09,19.36,35.99,0.0,0.49
1998-12-05,34.6,19.27,35.54,0.0,0.49
1998-12-06,34.27,19.2,36.64,0.0,0.49
1998-12-07,34.09,19.12,37.63,0.0,0.49
1998-12-08,33.15,19.77,42.11,0.0,0.49
1998-12-09,31.07,19.0,51.0,0.0,0.49
1998-12-10,30.17,21.06,51.05,0.0,0.49
1998-12-11,30.78,20.52,37.76,0.0,0.49
1998-12-12,30.53,17.43,37.1,0.0,0.49
1998-12-13,31.79,16.86,37.55,0.0,0.49
1998-12-14,31.96,17.61,33.25,0.0,0.49
1998-12-15,30.67,16.39,33.77,0.0,0.49
1998-12-16,30.07,16.12,40.78,0.0,0.49
1998-12-17,30.56,16.87,41.89,0.0,0.49
1998-12-18,30.49,16.41,38.74,0.0,0.49
1998-12-19,31.07,16.38,37.15,0.0,0.49
1998-12-20,32.07,15.96,39.65,0.03,0.49
1998-12-21,31.02,16.81,39.09,0.0,0.49
1998-12-22,31.52,16.48,37.45,0.0,0.49
1998-12-23,31.54,16.25,36.02,0.0,0.49
1998-12-24,32.07,16.42,37.82,0.0,0.49
1998-12-25,32.33,17.42,39.91,0.0,0.49
1998-12-26,31.5,21.02,43.48,0.0,0.49
1998-12-27,32.11,17.53,42.93,0.0,0.49
1998-12-28,31.94,16.36,39.28,0.0,0.49
1998-12-29,31.86,17.8,40.96,0.0,0.49
1998-12-30,30.93,16.07,38.99,0.0,0.49
1998-12-31,31.16,16.16,41.14,0.0,0.49
1999-01-01,31.23,15.72,35.5,0.0,0.49
1999-01-02,31.52,14.82,32.15,0.0,0.49
1999-01-03,31.07,14.42,27.5,0.0,0.49
1999-01-04,30.52,13.33,24.74,0.0,0.49
1999-01-05,30.25,13.12,22.71,0.0,0.49
1999-01-06,31.55,12.41,23.11,0.0,0.49
1999-01-07,31.59,13.79,21.84,0.0,0.49
1999-01-08,30.0,16.45,25.82,0.0,0.49
1999-01-09,30.04,16.77,37.76,0.0,0.49
1999-01-10,27.63,17.75,55.03,0.07,0.49
1999-01-11,29.21,14.66,45.19,0.0,0.49
1999-01-12,28.37,12.42,31.56,0.0,0.49
1999-01-13,30.22,13.91,33.77,0.0,0.49
1999-01-14,29.41,14.93,39.93,0.03,0.49
1999-01-15,31.3,15.65,38.19,0.0,0.49
1999-01-16,31.27,16.8,35.68,0.01,0.49
1999-01-17,30.2,15.63,32.9,0.01,0.49
1999-01-18,30.61,13.16,19.32,0.0,0.49
1999-01-19,30.46,12.45,22.94,0.0,0.49
1999-01-20,32.25,13.36,22.47,0.0,0.49
1999-01-21,31.5,14.32,23.24,0.0,0.49
1999-01-22,32.31,14.16,23.74,0.0,0.49
1999-01-23,33.13,14.28,21.83,0.0,0.49
1999-01-24,32.75,13.56,21.12,0.0,0.49
1999-01-25,32.59,13.48,19.66,0.0,0.49
1999-01-26,31.6,13.33,20.96,0.0,0.49
1999-01-27,32.24,13.84,24.05,0.0,0.49
1999-01-28,31.79,14.73,27.16,0.0,0.49
1999-01-29,33.19,17.84,33.66,0.0,0.49
1999-01-30,30.6,16.34,25.1,0.0,0.49
1999-01-31,31.98,15.89,21.48,0.0,0.49
1999-02-01,31.37,15.13,22.12,0.0,0.49
1999-02-02,32.86,15.26,18.9,0.0,0.49
1999-02-03,34.24,15.55,18.09,0.0,0.49
1999-02-04,34.3,18.0,22.77,0.0,0.49
1999-02-05,32.83,20.66,40.11,0.0,0.49
1999-02-06,32.06,21.57,49.02,0.0,0.49
1999-02-07,35.02,18.99,37.63,0.0,0.49
1999-02-08,35.1,18.61,26.16,0.0,0.49
1999-02-09,34.9,18.09,26.84,0.0,0.49
1999-02-10,35.41,18.3,26.19,0.0,0.49
1999-02-11,35.79,19.17,23.74,0.0,0.49
1999-02-12,36.66,19.72,23.66,0.0,0.49
1999-02-13,36.77,19.49,24.24,0.0,0.49
1999-02-14,35.64,19.65,26.78,0.0,0.49
1999-02-15,36.17,18.43,27.59,0.0,0.49
1999-02-16,36.24,17.9,23.76,0.0,0.49
1999-02-17,35.97,18.91,21.36,0.0,0.49
1999-02-18,37.19,18.45,19.04,0.0,0.49
1999-02-19,35.98,17.3,16.62,0.0,0.49
1999-02-20,33.95,16.76,19.25,0.0,0.49
1999-02-21,33.92,15.3,24.72,0.26,0.49
1999-02-22,33.58,16.49,22.93,0.0,0.49
1999-02-23,35.14,16.04,19.09,0.0,0.49
1999-02-24,34.82,17.01,18.38,0.0,0.49
1999-02-25,35.0,17.57,20.65,0.0,0.49
1999-02-26,36.13,18.47,22.74,0.0,0.49
1999-02-27,38.53,18.93,21.13,0.0,0.49
1999-02-28,37.55,20.72,21.36,0.04,0.49
1999-03-01,35.27,22.52,26.78,0.01,0.49
1999-03-02,34.92,20.24,25.91,0.0,0.49
1999-03-03,35.76,17.36,21.58,0.0,0.49
1999-03-04,36.9,16.93,15.02,0.0,0.49
1999-03-05,35.94,17.88,14.18,0.0,0.49
1999-03-06,35.04,16.53,16.78,0.0,0.49
1999-03-07,35.31,17.34,16.89,0.0,0.49
1999-03-08,33.85,18.12,29.31,0.0,0.49
1999-03-09,36.13,18.94,28.13,0.0,0.49
1999-03-10,36.43,19.15,29.71,0.0,0.49
1999-03-11,36.6,19.71,32.68,0.0,0.49
1999-03-12,36.86,20.68,33.82,0.0,0.49
1999-03-13,36.77,21.8,33.38,0.0,0.49
1999-03-14,36.71,21.56,35.77,0.0,0.49
1999-03-15,36.76,21.71,30.65,0.0,0.49
1999-03-16,36.13,21.71,20.86,0.0,0.49
1999-03-17,35.62,19.03,14.55,0.0,0.49
1999-03-18,35.93,17.42,26.38,0.0,0.49
1999-03-19,36.88,19.43,29.37,0.0,0.49
1999-03-20,37.05,20.89,24.54,0.0,0.49
1999-03-21,36.83,20.01,17.57,0.0,0.49
1999-03-22,36.92,20.33,14.35,0.0,0.49
1999-03-23,37.68,18.8,14.55,0.08,0.49
1999-03-24,35.53,18.67,21.68,0.0,0.49
1999-03-25,35.07,19.6,36.02,0.0,0.49
1999-03-26,36.79,20.21,29.14,0.0,0.49
1999-03-27,36.56,20.62,36.73,0.0,0.49
1999-03-28,36.41,21.54,33.0,0.0,0.49
1999-03-29,38.36,21.19,22.7,0.0,0.49
1999-03-30,38.68,21.13,23.62,0.0,0.49
1999-03-31,38.1,22.24,29.18,0.0,0.49
1999-04-01,38.4,21.67,30.89,0.0,0.49
1999-04-02,39.85,23.09,31.83,0.0,0.49
1999-04-03,40.61,23.66,27.83,0.0,0.49
1999-04-04,41.18,24.42,21.65,0.0,0.49
1999-04-05,38.4,25.27,27.7,0.02,0.49
1999-04-06,36.68,24.36,40.03,0.9,0.49
1999-04-07,33.11,23.82,60.08,7.82,0.5
1999-04-08,34.36,24.12,55.1,0.0,0.5
1999-04-09,34.23,23.68,51.7,0.0,0.5
1999-04-10,34.64,24.45,46.99,0.0,0.5
1999-04-11,38.11,23.52,43.63,0.0,0.5
1999-04-12,39.65,24.12,35.92,0.0,0.5
1999-04-13,39.99,24.02,34.99,0.0,0.49
1999-04-14,38.91,25.6,44.77,0.01,0.49
1999-04-15,34.94,26.59,53.94,0.02,0.49
1999-04-16,35.09,25.28,56.86,0.01,0.49
1999-04-17,38.88,25.16,48.73,0.0,0.49
1999-04-18,39.63,25.56,43.04,0.0,0.49
1999-04-19,38.2,26.7,43.39,0.0,0.49
1999-04-20,37.51,27.05,43.68,0.0,0.49
1999-04-21,39.83,26.15,37.92,0.0,0.49
1999-04-22,40.63,26.61,37.49,0.0,0.49
1999-04-23,40.2,26.71,39.05,0.0,0.49
1999-04-24,40.05,27.08,42.53,0.0,0.49
1999-04-25,39.98,27.05,42.47,0.0,0.49
1999-04-26,41.95,27.52,35.5,0.0,0.49
1999-04-27,43.28,27.07,31.8,0.01,0.49
1999-04-28,40.87,28.61,39.99,0.01,0.49
1999-04-29,36.67,28.21,48.19,0.03,0.49
1999-04-30,37.13,26.4,49.01,0.04,0.49
1999-05-01,40.74,26.94,40.26,0.01,0.49
1999-05-02,40.07,28.09,43.9,0.01,0.49
1999-05-03,38.39,27.31,44.58,0.0,0.49
1999-05-04,37.17,27.9,44.81,0.0,0.49
1999-05-05,32.82,27.02,52.73,0.04,0.49
1999-05-06,35.95,25.39,47.07,0.01,0.49
1999-05-07,38.44,25.65,40.92,0.01,0.49
1999-05-08,34.34,27.21,47.08,0.0,0.49
1999-05-09,34.32,27.04,46.72,0.0,0.49
1999-05-10,36.88,25.39,49.94,0.01,0.49
1999-05-11,34.39,24.01,48.2,0.01,0.49
1999-05-12,30.14,22.55,50.14,0.0,0.49
1999-05-13,38.41,22.65,43.79,0.0,0.49
1999-05-14,36.54,25.15,49.64,0.02,0.49
1999-05-15,34.68,26.01,48.7,0.0,0.49
1999-05-16,38.45,25.18,39.48,0.0,0.49
1999-05-17,38.95,25.16,41.7,0.0,0.49
1999-05-18,38.3,25.91,40.63,0.0,0.49
1999-05-19,35.09,26.91,48.38,0.01,0.49
1999-05-20,31.49,26.57,58.4,0.1,0.49
1999-05-21,32.33,25.42,62.85,0.03,0.49
1999-05-22,33.81,24.65,61.67,0.02,0.49
1999-05-23,37.36,25.7,55.27,0.02,0.49
1999-05-24,36.85,26.46,53.24,0.01,0.49
1999-05-25,36.33,26.4,56.8,0.05,0.49
1999-05-26,38.74,26.84,51.65,0.02,0.49
1999-05-27,37.73,26.44,55.0,0.01,0.49
1999-05-28,33.23,26.47,60.56,0.02,0.49
1999-05-29,34.95,26.32,56.79,0.03,0.49
1999-05-30,35.6,26.07,52.54,0.01,0.49
1999-05-31,39.29,25.88,46.75,0.0,0.49
1999-06-01,37.96,26.64,47.17,0.03,0.49
1999-06-02,38.4,27.88,41.52,0.0,0.49
1999-06-03,37.22,27.7,46.28,0.01,0.49
1999-06-04,33.45,26.55,57.72,0.02,0.49
1999-06-05,37.32,25.64,52.11,0.0,0.49
1999-06-06,38.51,27.32,45.97,0.0,0.49
1999-06-07,37.84,27.97,46.61,0.0,0.49
1999-06-08,37.39,27.74,53.03,0.57,0.49
1999-06-09,36.27,26.26,58.4,6.94,0.49
1999-06-10,35.5,25.63,56.66,0.0,0.5
1999-06-11,38.8,26.23,48.4,0.01,0.5
1999-06-12,38.01,26.6,47.36,0.03,0.5
1999-06-13,35.18,27.56,52.11,0.01,0.5
1999-06-14,36.43,26.45,55.33,0.05,0.5
1999-06-15,32.55,27.37,59.02,0.0,0.5
1999-06-16,37.57,25.73,52.06,0.0,0.49
1999-06-17,37.23,26.67,48.02,0.0,0.49
1999-06-18,36.22,26.53,47.35,0.0,0.49
1999-06-19,38.45,26.42,50.01,0.0,0.49
1999-06-20,37.88,26.33,53.4,0.0,0.49
1999-06-21,34.42,26.16,55.82,0.02,0.49
1999-06-22,37.12,26.01,56.16,0.02,0.49
1999-06-23,35.57,26.07,58.83,0.05,0.49
1999-06-24,36.67,25.15,57.4,0.03,0.49
1999-06-25,34.85,25.5,55.83,0.01,0.49
1999-06-26,35.61,26.06,56.65,0.01,0.49
1999-06-27,34.81,25.68,59.06,0.01,0.49
1999-06-28,35.45,26.3,52.76,0.0,0.49
1999-06-29,37.38,25.53,48.59,0.0,0.49
1999-06-30,39.44,27.04,47.98,0.01,0.49
1999-07-01,38.14,26.67,50.44,0.02,0.49
1999-07-02,35.14,26.97,54.7,0.01,0.49
1999-07-03,33.85,27.3,55.34,0.0,0.49
1999-07-04,33.98,26.52,57.39,0.0,0.49
1999-07-05,35.15,25.77,56.47,0.02,0.49
1999-07-06,35.65,25.66,57.32,0.04,0.49
1999-07-07,37.82,25.28,51.44,0.01,0.49
1999-07-08,35.22,26.54,49.74,0.01,0.49
1999-07-09,36.97,26.21,47.64,0.01,0.49
1999-07-10,34.2,26.83,56.67,0.02,0.49
1999-07-11,36.86,25.34,56.57,0.02,0.49
1999-07-12,37.83,24.62,51.34,0.0,0.49
1999-07-13,38.78,25.23,49.41,0.0,0.49
1999-07-14,37.68,26.66,51.31,0.0,0.49
1999-07-15,39.24,26.61,49.02,0.0,0.49
1999-07-16,32.94,27.53,58.02,0.0,0.49
1999-07-17,34.39,26.69,57.08,0.03,0.49
1999-07-18,36.78,26.47,52.66,0.02,0.49
1999-07-19,37.18,26.25,50.15,0.02,0.49
1999-07-20,36.75,26.46,52.65,0.0,0.49
1999-07-21,36.57,25.9,53.67,0.01,0.49
1999-07-22,34.43,26.16,57.1,0.01,0.49
1999-07-23,36.0,26.59,52.32,0.0,0.49
1999-07-24,38.09,26.61,51.07,0.02,0.49
1999-07-25,33.58,26.84,57.64,0.0,0.49
1999-07-26,37.5,25.92,54.51,0.01,0.49
1999-07-27,37.6,25.77,50.96,0.0,0.49
1999-07-28,38.52,26.25,49.48,0.0,0.49
1999-07-29,38.67,26.84,50.37,0.0,0.49
1999-07-30,37.92,26.75,48.46,0.0,0.49
1999-07-31,37.53,28.54,47.01,0.04,0.49
1999-08-01,38.84,26.26,52.82,0.01,0.49
1999-08-02,36.6,26.39,55.1,0.0,0.49
1999-08-03,37.71,25.53,49.64,0.01,0.49
1999-08-04,33.51,25.92,56.68,0.02,0.49
1999-08-05,33.75,25.83,57.44,0.0,0.49
1999-08-06,37.51,25.72,57.94,0.0,0.49
1999-08-07,33.86,25.39,64.89,0.0,0.49
1999-08-08,30.46,25.22,71.71,0.01,0.49
1999-08-09,32.58,25.1,64.91,0.01,0.49
1999-08-10,35.86,24.86,53.93,0.02,0.49
1999-08-11,36.12,25.93,52.25,0.03,0.49
1999-08-12,36.23,25.29,56.19,0.03,0.49
1999-08-13,32.19,25.84,61.17,0.01,0.49
1999-08-14,32.58,24.23,59.84,0.03,0.49
1999-08-15,36.22,24.96,56.01,0.02,0.49
1999-08-16,37.71,25.68,51.9,0.0,0.49
1999-08-17,35.15,25.73,56.72,0.03,0.49
1999-08-18,34.46,25.13,57.11,0.03,0.49
1999-08-19,34.15,25.74,57.32,0.0,0.49
1999-08-20,37.93,25.49,50.52,0.0,0.49
1999-08-21,38.06,26.52,46.36,0.01,0.49
1999-08-22,38.09,27.15,45.15,0.01,0.49
1999-08-23,35.45,28.04,53.09,0.0,0.49
1999-08-24,34.73,25.47,58.74,0.01,0.49
1999-08-25,37.13,26.2,55.24,0.05,0.49
1999-08-26,35.68,26.08,54.81,0.01,0.49
1999-08-27,35.33,26.12,57.08,0.01,0.49
1999-08-28,36.78,25.79,51.73,0.07,0.49
1999-08-29,37.11,26.05,52.06,0.02,0.49
1999-08-30,36.63,25.87,55.48,0.01,0.49
1999-08-31,35.83,25.23,57.81,0.0,0.49
1999-09-01,34.98,25.66,56.97,0.0,0.49
1999-09-02,36.61,25.67,52.38,0.0,0.49
1999-09-03,37.89,26.09,50.02,0.01,0.49
1999-09-04,35.83,26.83,50.87,0.0,0.49
1999-09-05,37.28,27.16,48.8,0.01,0.49
1999-09-06,38.03,26.81,49.64,0.0,0.49
1999-09-07,35.1,26.75,56.63,0.0,0.49
1999-09-08,33.34,26.05,56.34,0.0,0.49
1999-09-09,35.7,26.09,56.35,0.0,0.49
1999-09-10,35.33,25.3,55.58,0.01,0.49
1999-09-11,35.13,25.9,53.52,0.03,0.49
1999-09-12,36.31,25.0,52.82,0.0,0.49
1999-09-13,36.43,25.87,51.22,0.0,0.49
1999-09-14,38.59,25.47,47.1,0.0,0.49
1999-09-15,35.36,27.96,47.77,0.05,0.49
1999-09-16,36.01,27.29,51.25,0.0,0.49
1999-09-17,37.08,25.91,54.5,0.02,0.49
1999-09-18,34.12,25.45,58.5,0.05,0.49
1999-09-19,31.32,25.04,64.21,0.09,0.49
1999-09-20,34.01,25.29,60.6,0.01,0.49
1999-09-21,34.39,25.64,55.07,0.06,0.49
1999-09-22,35.86,25.22,48.78,0.0,0.49
1999-09-23,37.93,25.6,42.95,0.04,0.49
1999-09-24,39.19,27.09,43.53,0.0,0.49
1999-09-25,41.1,27.58,38.0,0.0,0.49
1999-09-26,41.31,28.01,41.1,0.0,0.49
1999-09-27,35.27,26.02,54.25,0.0,0.49
1999-09-28,38.92,27.19,43.95,0.03,0.49
1999-09-29,30.75,24.97,63.45,0.04,0.49
1999-09-30,40.07,24.01,42.29,0.01,0.49
1999-10-01,39.21,27.01,38.81,0.08,0.49
1999-10-02,36.89,26.39,43.2,0.0,0.49
1999-10-03,37.39,26.55,43.93,0.05,0.49
1999-10-04,32.29,25.2,57.67,0.0,0.49
1999-10-05,37.44,24.34,46.38,0.0,0.49
1999-10-06,34.11,26.7,52.79,0.01,0.49
1999-10-07,37.56,25.89,45.99,0.01,0.49
1999-10-08,37.91,26.0,45.42,0.06,0.49
1999-10-09,38.0,27.17,44.88,0.0,0.49
1999-10-10,35.27,27.34,48.72,0.0,0.49
1999-10-11,37.32,26.93,44.95,0.01,0.49
1999-10-12,34.71,25.59,54.41,0.03,0.49
1999-10-13,34.0,24.87,54.39,0.02,0.49
1999-10-14,37.47,25.04,48.02,0.01,0.49
1999-10-15,34.34,24.73,58.16,0.07,0.49
1999-10-16,35.53,26.21,47.82,0.0,0.49
1999-10-17,37.28,25.67,42.03,0.0,0.49
1999-10-18,39.05,26.05,39.94,0.0,0.49
1999-10-19,38.38,23.45,38.14,0.0,0.49
1999-10-20,38.97,24.5,31.84,0.0,0.49
1999-10-21,36.8,25.04,38.97,0.0,0.49
1999-10-22,35.97,25.96,45.44,0.0,0.49
1999-10-23,36.54,26.16,44.3,0.0,0.49
1999-10-24,36.23,27.08,47.44,0.0,0.49
1999-10-25,35.83,26.46,48.97,0.02,0.49
1999-10-26,37.93,26.19,45.65,0.02,0.49
1999-10-27,31.02,25.07,56.93,0.04,0.49
1999-10-28,29.49,24.62,69.29,0.1,0.49
1999-10-29,32.23,24.02,63.68,0.12,0.49
1999-10-30,30.49,24.31,66.32,0.17,0.49
1999-10-31,31.54,24.14,60.62,0.12,0.49
1999-11-01,34.77,23.82,56.2,0.14,0.49
1999-11-02,31.79,22.83,53.99,0.11,0.49
1999-11-03,29.9,22.78,57.5,0.05,0.49
1999-11-04,32.69,22.54,54.44,0.06,0.49
1999-11-05,34.56,23.63,49.65,0.07,0.49
1999-11-06,36.1,23.76,46.52,0.0,0.49
1999-11-07,35.27,25.39,46.68,0.0,0.49
1999-11-08,35.93,25.3,44.0,0.01,0.49
1999-11-09,34.16,25.41,49.39,0.08,0.49
1999-11-10,35.82,22.93,41.75,0.0,0.49
1999-11-11,35.84,22.11,36.38,0.0,0.49
1999-11-12,35.71,20.93,34.43,0.0,0.49
1999-11-13,35.62,19.69,32.23,0.0,0.49
1999-11-14,35.71,20.09,29.49,0.0,0.49
1999-11-15,35.61,20.09,29.77,0.0,0.49
1999-11-16,35.1,19.51,29.1,0.0,0.49
1999-11-17,34.36,20.44,41.1,0.0,0.49
1999-11-18,32.53,22.67,50.2,0.0,0.49
1999-11-19,32.9,20.19,49.89,0.0,0.49
1999-11-20,33.09,20.03,40.64,0.0,0.49
1999-11-21,32.64,18.53,37.08,0.0,0.49
1999-11-22,33.76,18.32,37.42,0.0,0.49
1999-11-23,32.36,17.06,36.97,0.0,0.49
1999-11-24,33.53,16.77,32.84,0.0,0.49
1999-11-25,34.25,17.57,31.77,0.0,0.49
1999-11-26,34.62,18.71,34.33,0.0,0.49
1999-11-27,33.97,20.49,43.02,0.0,0.49
1999-11-28,34.69,21.08,44.87,0.0,0.49
1999-11-29,34.64,20.86,42.71,0.0,0.49
1999-11-30,33.15,21.21,47.0,0.0,0.49
1999-12-01,34.17,22.16,43.45,0.0,0.49
1999-12-02,32.13,21.41,41.7,0.0,0.49
1999-12-03,33.03,18.73,37.01,0.0,0.49
1999-12-04,32.39,18.26,38.82,0.01,0.49
1999-12-05,33.04,18.81,43.34,0.2,0.49
1999-12-06,29.3,19.39,58.25,1.6,0.49
1999-12-07,30.99,19.23,51.62,0.0,0.49
1999-12-08,33.75,19.08,45.56,0.0,0.49
1999-12-09,30.55,20.26,47.73,0.0,0.49
1999-12-10,32.3,20.93,48.63,0.0,0.49
1999-12-11,33.49,20.66,46.86,0.05,0.49
1999-12-12,31.88,21.33,47.07,0.0,0.49
1999-12-13,33.17,20.24,48.54,0.0,0.49
1999-12-14,33.95,19.09,44.02,0.07,0.49
1999-12-15,33.27,18.94,38.51,0.0,0.49
1999-12-16,31.56,17.33,33.08,0.0,0.49
1999-12-17,32.52,15.96,33.12,0.0,0.49
1999-12-18,33.58,16.71,36.73,0.0,0.49
1999-12-19,31.97,17.55,36.43,0.0,0.49
1999-12-20,30.47,16.12,33.5,0.0,0.49
1999-12-21,29.1,14.56,34.13,0.0,0.49
1999-12-22,27.14,13.55,31.36,0.0,0.49
1999-12-23,26.48,12.49,28.87,0.0,0.49
1999-12-24,25.62,12.71,24.67,0.0,0.49
1999-12-25,27.05,11.1,21.21,0.0,0.49
1999-12-26,27.55,11.04,21.13,0.0,0.49
1999-12-27,27.05,10.3,23.45,0.0,0.49
1999-12-28,29.01,10.3,23.68,0.0,0.49
1999-12-29,29.99,10.67,23.08,0.0,0.49
1999-12-30,27.23,10.98,23.5,0.0,0.49
1999-12-31,29.45,11.21,22.91,0.0,0.49
2000-01-01,31.21,13.03,23.79,0.0,0.49
2000-01-02,31.39,13.05,25.4,0.0,0.49
2000-01-03,31.67,14.0,25.81,0.0,0.49
2000-01-04,31.29,15.47,30.03,0.0,0.49
2000-01-05,31.9,14.96,27.37,0.0,0.49
2000-01-06,31.79,14.69,24.5,0.0,0.49
2000-01-07,30.27,17.24,30.27,0.0,0.49
2000-01-08,30.69,14.06,32.46,0.0,0.49
2000-01-09,30.02,13.15,22.37,0.0,0.49
2000-01-10,31.22,12.97,17.17,0.0,0.49
2000-01-11,32.09,13.34,19.17,0.0,0.49
2000-01-12,32.2,13.5,19.58,0.0,0.49
2000-01-13,32.04,13.87,18.85,0.0,0.49
2000-01-14,31.24,13.52,17.82,0.0,0.49
2000-01-15,31.52,13.76,22.61,0.0,0.49
2000-01-16,32.65,14.25,27.43,0.0,0.49
2000-01-17,31.74,14.41,30.01,0.0,0.49
2000-01-18,31.46,13.68,31.51,0.0,0.49
2000-01-19,31.36,13.45,27.52,0.0,0.49
2000-01-20,29.79,14.68,27.22,0.0,0.49
2000-01-21,27.75,13.23,30.31,0.0,0.49
2000-01-22,29.91,12.61,28.05,0.0,0.49
2000-01-23,28.53,14.33,35.27,0.0,0.49
2000-01-24,30.83,13.72,35.01,0.0,0.49
2000-01-25,30.71,14.06,35.8,0.0,0.49
2000-01-26,32.19,14.18,31.05,0.0,0.49
2000-01-27,31.47,13.98,28.34,0.0,0.49
2000-01-28,30.04,15.2,29.74,0.0,0.49
2000-01-29,29.97,14.83,33.06,0.05,0.49
2000-01-30,28.18,15.26,31.92,0.0,0.49
2000-01-31,31.52,14.18,31.68,0.0,0.49
2000-02-01,29.52,15.82,38.04,0.0,0.49
2000-02-02,29.85,14.8,40.54,0.0,0.49
2000-02-03,30.1,13.26,33.78,0.0,0.49
2000-02-04,31.54,13.97,27.78,0.0,0.49
2000-02-05,31.93,14.56,31.11,0.0,0.49
2000-02-06,32.11,15.7,31.7,0.0,0.49
2000-02-07,30.8,15.22,30.29,0.02,0.49
2000-02-08,30.58,17.62,33.29,0.0,0.49
2000-02-09,30.41,15.5,37.48,0.0,0.49
2000-02-10,30.07,14.3,30.12,0.0,0.49
2000-02-11,31.05,13.52,29.02,0.0,0.49
2000-02-12,32.59,14.79,30.76,0.0,0.49
2000-02-13,33.79,16.45,29.17,0.0,0.49
2000-02-14,32.79,17.39,30.63,0.0,0.49
2000-02-15,33.57,18.62,30.39,0.0,0.49
2000-02-16,33.74,15.93,25.91,0.0,0.49
2000-02-17,32.96,15.71,18.99,0.0,0.49
2000-02-18,30.9,14.44,21.71,0.16,0.49
2000-02-19,31.18,17.07,30.11,0.0,0.49
2000-02-20,30.76,15.16,24.66,0.0,0.49
2000-02-21,30.88,13.4,19.29,0.0,0.49
2000-02-22,32.38,13.23,15.88,0.0,0.49
2000-02-23,32.55,15.23,20.59,0.0,0.49
2000-02-24,31.81,15.1,19.71,0.0,0.49
2000-02-25,34.11,17.55,19.58,0.01,0.49
2000-02-26,31.91,18.7,35.34,0.13,0.49
2000-02-27,28.02,18.05,45.68,0.0,0.49
2000-02-28,31.36,15.93,29.07,0.0,0.49
2000-02-29,32.57,14.39,22.42,0.0,0.49
2000-03-01,32.28,14.69,23.21,0.0,0.49
2000-03-02,33.17,15.99,31.87,0.02,0.49
2000-03-03,34.12,18.23,31.63,0.0,0.49
2000-03-04,33.53,18.15,31.68,0.0,0.49
2000-03-05,35.17,18.02,28.27,0.0,0.49
2000-03-06,35.73,19.63,26.32,0.0,0.49
2000-03-07,35.94,19.97,27.44,0.0,0.49
2000-03-08,34.63,20.1,27.83,0.0,0.49
2000-03-09,33.37,18.8,34.06,0.0,0.49
2000-03-10,32.28,18.74,48.43,0.02,0.49
2000-03-11,33.79,19.88,44.71,0.0,0.49
2000-03-12,34.3,19.07,40.02,0.0,0.49
2000-03-13,34.64,18.61,37.94,0.0,0.49
2000-03-14,36.1,20.56,32.93,0.0,0.49
2000-03-15,35.39,19.9,36.62,0.0,0.49
2000-03-16,33.21,20.54,39.05,0.0,0.49
2000-03-17,33.64,19.73,42.2,0.0,0.49
2000-03-18,35.45,19.16,24.51,0.0,0.49
2000-03-19,35.68,17.83,17.58,0.0,0.49
2000-03-20,35.9,17.75,17.8,0.0,0.49
2000-03-21,35.55,18.89,22.03,0.0,0.49
2000-03-22,37.37,18.83,20.26,0.0,0.49
2000-03-23,39.39,19.01,17.25,0.0,0.49
2000-03-24,39.76,20.27,14.91,0.07,0.49
2000-03-25,36.45,23.94,33.24,0.0,0.49
2000-03-26,32.6,24.17,52.84,0.65,0.49
2000-03-27,29.2,22.39,59.66,0.0,0.49
2000-03-28,31.24,21.36,57.71,0.0,0.49
2000-03-29,28.94,22.2,62.71,0.06,0.49
2000-03-30,32.85,20.74,50.87,0.0,0.49
2000-03-31,36.93,20.65,39.74,0.0,0.49
2000-04-01,37.82,21.71,34.63,0.0,0.49
2000-04-02,37.99,21.26,32.38,0.0,0.49
2000-04-03,38.95,22.27,30.39,0.0,0.49
2000-04-04,38.78,22.83,27.07,0.0,0.49
2000-04-05,40.1,23.34,25.49,0.0,0.49
2000-04-06,39.72,23.68,22.36,0.0,0.49
2000-04-07,39.98,25.14,23.2,0.0,0.49
2000-04-08,39.25,24.22,24.55,0.0,0.49
2000-04-09,39.95,23.61,27.26,0.0,0.49
2000-04-10,40.43,23.68,26.64,0.0,0.49
2000-04-11,38.39,24.76,35.19,0.03,0.49
2000-04-12,37.04,25.76,41.41,0.01,0.49
2000-04-13,38.0,25.09,37.1,0.0,0.49
2000-04-14,37.83,23.65,37.82,0.0,0.49
2000-04-15,38.41,25.5,36.95,0.05,0.49
2000-04-16,38.52,26.72,37.9,0.01,0.49
2000-04-17,38.69,26.96,37.8,0.02,0.49
2000-04-18,38.68,25.88,38.06,0.0,0.49
2000-04-19,39.21,25.71,37.88,0.0,0.49
2000-04-20,39.43,26.08,38.48,0.11,0.49
2000-04-21,39.97,27.08,38.13,0.0,0.49
2000-04-22,39.63,27.62,37.57,0.0,0.49
2000-04-23,40.64,26.94,35.06,0.0,0.49
2000-04-24,38.7,26.21,34.13,0.02,0.49
2000-04-25,34.84,25.64,39.29,0.0,0.49
2000-04-26,38.91,23.78,34.86,0.01,0.49
2000-04-27,38.73,25.78,41.9,0.05,0.49
2000-04-28,38.02,25.88,42.76,1.34,0.49
2000-04-29,38.84,26.06,42.73,0.37,0.49
2000-04-30,35.39,25.82,54.8,5.72,0.5
2000-05-01,37.6,25.97,49.0,0.01,0.5
2000-05-02,35.05,27.16,50.37,0.0,0.5
2000-05-03,30.52,26.22,58.52,0.0,0.5
2000-05-04,35.31,24.68,46.49,0.0,0.5
2000-05-05,33.16,23.5,50.15,0.0,0.5
2000-05-06,35.59,24.31,45.65,0.02,0.49
2000-05-07,33.7,25.67,47.95,0.0,0.49
2000-05-08,35.67,25.43,50.4,0.0,0.49
2000-05-09,37.69,25.21,46.1,0.0,0.49
2000-05-10,40.59,26.35,38.1,0.0,0.49
2000-05-11,41.14,27.39,38.15,0.03,0.49
2000-05-12,39.9,28.96,38.4,0.01,0.49
2000-05-13,39.56,26.68,35.86,0.0,0.49
2000-05-14,38.17,26.96,35.68,0.0,0.49
2000-05-15,40.54,27.67,36.67,0.02,0.49
2000-05-16,34.79,27.8,50.88,0.02,0.49
2000-05-17,38.54,27.8,47.16,0.05,0.49
2000-05-18,34.94,27.76,50.68,0.05,0.49
2000-05-19,29.63,24.85,63.0,0.01,0.49
2000-05-20,38.32,23.82,39.53,0.0,0.49
2000-05-21,37.01,26.65,42.63,0.0,0.49
2000-05-22,36.13,25.02,48.23,0.02,0.49
2000-05-23,32.23,25.72,58.69,0.02,0.49
2000-05-24,33.88,25.95,56.6,0.06,0.49
2000-05-25,30.22,24.92,67.81,0.04,0.49
2000-05-26,32.83,25.68,59.49,0.01,0.49
2000-05-27,36.07,25.31,53.02,0.05,0.49
2000-05-28,38.66,25.8,46.11,0.87,0.49
2000-05-29,39.3,26.68,46.11,0.04,0.49
2000-05-30,39.51,27.46,42.74,0.01,0.49
2000-05-31,35.19,28.38,51.77,0.04,0.49
2000-06-01,34.14,26.44,57.57,0.0,0.49
2000-06-02,32.31,27.09,60.79,0.01,0.49
2000-06-03,38.53,26.85,47.78,0.04,0.49
2000-06-04,37.27,27.72,48.14,0.01,0.49
2000-06-05,37.5,27.31,50.0,0.02,0.49
2000-06-06,37.92,26.89,48.97,0.03,0.49
2000-06-07,38.53,27.29,47.27,0.01,0.49
2000-06-08,38.24,27.2,47.9,0.01,0.49
2000-06-09,37.05,26.9,53.1,0.0,0.49
2000-06-10,35.01,26.5,58.2,0.0,0.49
2000-06-11,38.08,26.15,52.18,0.0,0.49
2000-06-12,35.43,25.79,58.64,0.04,0.49
2000-06-13,36.3,26.03,55.15,0.03,0.49
2000-06-14,35.21,26.73,56.3,0.02,0.49
2000-06-15,36.51,27.06,52.71,0.03,0.49
2000-06-16,36.27,26.75,53.19,0.0,0.49
2000-06-17,37.1,26.41,52.07,0.0,0.49
2000-06-18,37.1,26.45,49.94,0.02,0.49
2000-06-19,38.55,27.35,47.75,0.01,0.49
2000-06-20,38.23,26.86,48.57,0.03,0.49
2000-06-21,37.14,26.54,49.17,0.0,0.49
2000-06-22,38.05,26.06,47.98,0.01,0.49
2000-06-23,37.89,26.53,50.08,0.0,0.49
2000-06-24,38.39,25.83,50.99,0.03,0.49
2000-06-25,36.45,26.21,55.29,0.01,0.49
2000-06-26,35.05,25.73,54.57,0.0,0.49
2000-06-27,32.95,26.95,60.01,0.0,0.49
2000-06-28,37.86,25.62,50.92,0.0,0.49
2000-06-29,35.72,26.66,53.37,0.0,0.49
2000-06-30,33.96,26.89,57.73,0.01,0.49
2000-07-01,37.44,26.19,47.3,0.0,0.49
2000-07-02,38.04,27.57,45.22,0.0,0.49
2000-07-03,39.36,28.36,41.32,0.0,0.49
2000-07-04,37.95,29.49,44.16,0.01,0.49
2000-07-05,31.13,26.14,65.95,0.04,0.49
2000-07-06,35.21,25.92,57.79,0.04,0.49
2000-07-07,37.41,26.58,52.79,0.39,0.49
2000-07-08,37.14,25.5,55.47,1.42,0.49
2000-07-09,37.27,25.69,56.54,1.6,0.49
2000-07-10,37.51,26.52,55.2,0.84,0.49
2000-07-11,38.0,27.01,54.88,0.11,0.49
2000-07-12,34.25,25.06,59.43,0.43,0.49
2000-07-13,35.92,25.03,57.41,0.53,0.49
2000-07-14,36.21,25.09,56.06,0.0,0.49
2000-07-15,36.15,25.82,55.12,0.0,0.49
2000-07-16,36.51,26.66,56.41,0.03,0.49
2000-07-17,35.73,25.58,60.5,0.01,0.49
2000-07-18,33.4,25.79,60.15,0.02,0.49
2000-07-19,33.97,25.3,56.95,0.0,0.49
2000-07-20,33.04,25.37,59.3,0.0,0.49
2000-07-21,35.21,25.43,55.89,0.0,0.49
2000-07-22,33.74,25.28,59.85,0.02,0.49
2000-07-23,28.64,23.92,70.94,0.01,0.49
2000-07-24,36.0,24.29,54.87,0.0,0.49
2000-07-25,36.47,24.82,50.4,0.01,0.49
2000-07-26,34.91,25.02,58.61,0.0,0.49
2000-07-27,37.83,24.24,52.05,0.0,0.49
2000-07-28,36.24,26.01,50.37,0.0,0.49
2000-07-29,35.11,26.66,52.69,0.0,0.49
2000-07-30,37.07,26.34,51.44,0.02,0.49
2000-07-31,37.15,26.43,51.19,0.02,0.49
2000-08-01,37.79,26.14,46.96,0.02,0.49
2000-08-02,38.42,25.57,46.53,0.0,0.49
2000-08-03,37.92,26.13,48.59,0.0,0.49
2000-08-04,37.28,26.61,49.79,0.0,0.49
2000-08-05,32.49,26.55,60.52,0.04,0.49
2000-08-06,36.99,25.46,56.5,0.0,0.49
2000-08-07,38.2,26.33,52.94,0.0,0.49
2000-08-08,37.94,26.6,48.42,0.01,0.49
2000-08-09,38.58,26.35,50.84,0.01,0.49
2000-08-10,37.2,25.69,54.99,0.01,0.49
2000-08-11,32.41,26.36,55.49,0.0,0.49
2000-08-12,32.28,25.27,63.1,0.06,0.49
2000-08-13,35.14,25.09,58.48,0.05,0.49
2000-08-14,35.57,25.63,53.34,0.01,0.49
2000-08-15,31.36,24.9,62.89,0.01,0.49
2000-08-16,36.96,25.42,52.8,0.01,0.49
2000-08-17,37.98,26.15,49.87,0.05,0.49
2000-08-18,35.57,27.14,53.43,0.02,0.49
2000-08-19,37.56,25.55,54.21,0.01,0.49
2000-08-20,37.07,26.45,51.21,0.0,0.49
2000-08-21,38.52,26.43,46.79,0.0,0.49
2000-08-22,34.84,27.94,54.42,0.03,0.49
2000-08-23,41.46,27.07,45.92,0.0,0.49
2000-08-24,41.54,26.95,44.59,0.0,0.49
2000-08-25,39.68,28.09,46.65,0.0,0.49
2000-08-26,40.26,27.89,44.38,0.0,0.49
2000-08-27,37.35,28.07,46.65,0.0,0.49
2000-08-28,31.75,26.55,65.76,0.01,0.49
2000-08-29,34.9,25.64,57.64,0.04,0.49
2000-08-30,35.64,25.92,54.61,0.02,0.49
2000-08-31,37.03,26.43,53.87,0.0,0.49
2000-09-01,39.97,27.0,51.79,0.0,0.49
2000-09-02,34.44,27.29,55.85,0.0,0.49
2000-09-03,34.57,25.78,57.83,0.04,0.49
2000-09-04,35.55,25.67,53.75,0.04,0.49
2000-09-05,35.12,25.34,56.72,0.02,0.49
2000-09-06,36.65,25.22,54.65,0.0,0.49
2000-09-07,35.24,25.41,55.7,0.01,0.49
2000-09-08,33.92,25.04,52.54,0.0,0.49
2000-09-09,39.2,25.0,47.55,0.0,0.49
2000-09-10,38.96,26.18,47.98,0.0,0.49
2000-09-11,36.85,27.41,53.38,0.03,0.49
2000-09-12,40.15,26.31,48.18,0.0,0.49
2000-09-13,35.99,27.7,48.6,0.05,0.49
2000-09-14,36.2,26.02,51.81,0.09,0.49
2000-09-15,41.49,26.23,41.7,0.0,0.49
2000-09-16,38.59,27.54,45.03,0.0,0.49
2000-09-17,29.77,26.53,63.06,0.01,0.49
2000-09-18,31.81,24.13,64.13,0.03,0.49
2000-09-19,32.93,23.49,58.18,0.02,0.49
2000-09-20,38.47,24.34,43.92,0.01,0.49
2000-09-21,38.82,26.37,40.31,0.0,0.49
2000-09-22,36.81,26.66,44.95,0.0,0.49
2000-09-23,30.13,25.94,63.27,0.0,0.49
2000-09-24,35.15,25.29,54.58,0.03,0.49
2000-09-25,33.51,26.34,53.69,0.02,0.49
2000-09-26,35.61,25.15,50.66,0.01,0.49
2000-09-27,36.82,26.0,49.31,0.0,0.49
2000-09-28,37.45,26.67,46.52,0.02,0.49
2000-09-29,35.33,26.12,52.79,0.02,0.49
2000-09-30,33.26,25.86,57.16,0.05,0.49
2000-10-01,35.6,24.82,56.51,0.12,0.49
2000-10-02,35.87,25.13,52.44,0.0,0.49
2000-10-03,36.09,26.09,49.12,0.01,0.49
2000-10-04,35.21,26.17,48.97,0.0,0.49
2000-10-05,31.98,26.63,57.82,0.0,0.49
2000-10-06,33.2,25.06,58.89,0.0,0.49
2000-10-07,36.62,24.14,51.87,0.0,0.49
2000-10-08,38.44,25.19,46.17,0.0,0.49
2000-10-09,35.11,25.27,52.82,0.0,0.49
2000-10-10,36.76,26.4,45.0,0.0,0.49
2000-10-11,34.1,26.32,53.44,0.04,0.49
2000-10-12,35.76,26.61,51.43,0.0,0.49
2000-10-13,32.66,25.77,57.64,0.0,0.49
2000-10-14,36.65,25.35,50.72,0.0,0.49
2000-10-15,40.02,25.69,39.54,0.0,0.49
2000-10-16,39.09,26.24,36.46,0.0,0.49
2000-10-17,38.96,26.35,37.51,0.01,0.49
2000-10-18,31.69,25.8,56.98,0.01,0.49
2000-10-19,37.42,24.25,50.29,0.0,0.49
2000-10-20,37.85,26.53,44.57,0.0,0.49
2000-10-21,36.01,26.34,49.05,0.0,0.49
2000-10-22,36.85,26.12,44.81,0.06,0.49
2000-10-23,37.76,24.98,39.64,0.0,0.49
2000-10-24,36.88,24.81,43.97,0.02,0.49
2000-10-25,31.73,25.66,57.09,0.02,0.49
2000-10-26,35.51,25.07,52.41,0.06,0.49
2000-10-27,34.07,24.8,59.53,0.02,0.49
2000-10-28,34.75,23.59,53.04,0.09,0.49
2000-10-29,29.75,23.14,70.39,5.43,0.49
2000-10-30,35.57,20.47,49.39,0.18,0.5
2000-10-31,36.29,20.61,43.86,0.0,0.5
2000-11-01,36.0,21.11,37.54,0.0,0.5
2000-11-02,35.79,19.81,31.25,0.0,0.49
2000-11-03,35.54,18.29,27.96,0.0,0.49
2000-11-04,36.14,17.89,26.35,0.0,0.49
2000-11-05,34.78,17.84,27.93,0.0,0.49
2000-11-06,34.57,19.75,38.85,0.0,0.49
2000-11-07,34.5,19.15,37.62,0.0,0.49
2000-11-08,36.33,19.26,34.18,0.0,0.49
2000-11-09,34.96,19.13,27.95,0.0,0.49
2000-11-10,34.38,17.93,32.43,0.0,0.49
2000-11-11,34.34,19.79,34.31,0.0,0.49
2000-11-12,33.13,20.0,36.43,0.0,0.49
2000-11-13,34.02,20.02,37.17,0.0,0.49
2000-11-14,33.9,19.16,36.46,0.0,0.49
2000-11-15,34.66,18.96,35.26,0.0,0.49
2000-11-16,35.31,19.35,33.14,0.0,0.49
2000-11-17,33.67,21.21,41.21,0.0,0.49
2000-11-18,34.18,20.81,45.82,0.0,0.49
2000-11-19,33.63,19.41,41.8,0.0,0.49
2000-11-20,33.68,21.1,41.64,0.01,0.49
2000-11-21,32.7,21.58,44.37,0.0,0.49
2000-11-22,32.01,20.27,47.42,0.0,0.49
2000-11-23,33.13,19.87,44.17,0.0,0.49
2000-11-24,32.98,17.8,35.35,0.0,0.49
2000-11-25,32.94,17.06,32.39,0.0,0.49
2000-11-26,34.12,17.24,28.94,0.0,0.49
2000-11-27,34.36,19.45,30.02,0.0,0.49
2000-11-28,30.98,22.03,44.52,0.06,0.49
2000-11-29,30.89,21.42,49.03,0.05,0.49
2000-11-30,30.47,21.08,43.82,0.0,0.49
2000-12-01,30.24,21.06,45.96,0.0,0.49
2000-12-02,29.49,20.36,42.83,0.0,0.49
2000-12-03,33.44,16.92,34.5,0.0,0.49
2000-12-04,31.65,16.01,27.43,0.0,0.49
2000-12-05,31.11,16.23,36.79,0.0,0.49
2000-12-06,30.73,15.37,40.2,0.0,0.49
2000-12-07,31.05,15.68,40.35,0.0,0.49
2000-12-08,30.88,15.69,36.16,0.0,0.49
2000-12-09,31.04,15.07,34.9,0.0,0.49
2000-12-10,31.73,15.63,32.42,0.0,0.49
2000-12-11,31.62,15.46,32.7,0.0,0.49
2000-12-12,29.4,14.81,32.18,0.0,0.49
2000-12-13,32.76,13.63,23.85,0.0,0.49
2000-12-14,31.25,14.0,21.87,0.0,0.49
2000-12-15,30.44,13.5,24.8,0.02,0.49
2000-12-16,31.27,13.95,30.82,0.0,0.49
2000-12-17,30.56,14.23,31.22,0.0,0.49
2000-12-18,29.62,13.83,33.24,0.0,0.49
2000-12-19,30.23,13.9,34.88,0.0,0.49
2000-12-20,30.73,14.05,29.77,0.0,0.49
2000-12-21,31.62,14.35,30.38,0.0,0.49
2000-12-22,32.73,14.65,28.72,0.0,0.49
2000-12-23,32.15,14.34,28.19,0.0,0.49
2000-12-24,32.79,14.75,27.13,0.0,0.49
2000-12-25,31.37,15.15,31.79,0.0,0.49
2000-12-26,29.96,15.89,44.34,0.0,0.49
2000-12-27,30.9,15.87,44.1,0.0,0.49
2000-12-28,30.21,15.5,40.3,0.0,0.49
2000-12-29,29.61,14.64,37.75,0.0,0.49
2000-12-30,30.14,14.15,35.37,0.0,0.49
2000-12-31,29.45,13.38,36.57,0.0,0.49
2001-01-01,30.24,14.62,36.0,0.0,0.49
2001-01-02,30.85,15.21,42.64,0.0,0.49
2001-01-03,31.52,15.4,36.44,0.0,0.49
2001-01-04,30.41,15.72,38.46,0.0,0.49
2001-01-05,29.07,16.47,43.16,0.0,0.49
2001-01-06,29.21,13.6,32.94,0.0,0.49
2001-01-07,28.94,12.15,29.47,0.0,0.49
2001-01-08,28.46,12.28,26.6,0.0,0.49
2001-01-09,28.16,11.25,27.33,0.0,0.49
2001-01-10,27.98,10.3,24.7,0.0,0.49
2001-01-11,27.41,9.47,27.63,0.0,0.49
2001-01-12,28.81,9.69,26.58,0.0,0.49
2001-01-13,28.01,11.19,25.46,0.0,0.49
2001-01-14,29.93,11.77,23.4,0.0,0.49
2001-01-15,30.36,11.25,23.0,0.0,0.49
2001-01-16,30.09,12.08,27.57,0.09,0.49
2001-01-17,30.11,15.84,34.01,0.0,0.49
2001-01-18,30.87,13.02,32.52,0.0,0.49
2001-01-19,32.24,13.72,27.64,0.0,0.49
2001-01-20,31.51,14.09,28.21,0.0,0.49
2001-01-21,31.28,15.03,27.95,0.0,0.49
2001-01-22,30.46,12.68,21.88,0.0,0.49
2001-01-23,30.62,13.88,28.28,0.0,0.49
2001-01-24,29.15,13.25,25.25,0.0,0.49
2001-01-25,27.44,14.07,26.38,0.0,0.49
2001-01-26,29.4,10.86,25.83,0.0,0.49
2001-01-27,29.58,10.07,20.16,0.0,0.49
2001-01-28,31.26,11.18,17.14,0.0,0.49
2001-01-29,30.78,11.82,16.49,0.0,0.49
2001-01-30,31.7,12.6,18.85,0.0,0.49
2001-01-31,32.16,13.95,21.26,0.0,0.49
2001-02-01,32.83,14.31,21.74,0.0,0.49
2001-02-02,32.95,15.14,25.47,0.0,0.49
2001-02-03,32.93,16.5,27.22,0.0,0.49
2001-02-04,33.16,15.98,28.21,0.0,0.49
2001-02-05,32.17,16.54,31.09,0.0,0.49
2001-02-06,32.32,15.58,29.15,0.0,0.49
2001-02-07,33.01,15.15,28.03,0.0,0.49
2001-02-08,32.84,14.79,27.18,0.0,0.49
2001-02-09,31.69,14.34,19.71,0.0,0.49
2001-02-10,32.01,13.3,17.77,0.0,0.49
2001-02-11,31.44,12.79,21.07,0.0,0.49
2001-02-12,32.66,13.69,22.54,0.0,0.49
2001-02-13,34.33,14.6,20.75,0.0,0.49
2001-02-14,34.44,16.01,19.22,0.0,0.49
2001-02-15,33.98,17.07,20.99,0.0,0.49
2001-02-16,32.97,20.02,30.35,0.0,0.49
2001-02-17,34.68,19.71,34.54,0.02,0.49
2001-02-18,34.06,17.42,29.76,0.0,0.49
2001-02-19,34.06,18.93,22.25,0.0,0.49
2001-02-20,33.56,18.64,26.21,0.0,0.49
2001-02-21,33.49,16.24,29.33,0.04,0.49
2001-02-22,33.28,17.36,27.37,0.02,0.49
2001-02-23,33.49,18.01,31.58,0.0,0.49
2001-02-24,33.69,19.77,28.87,0.01,0.49
2001-02-25,33.9,17.89,27.75,0.0,0.49
2001-02-26,34.91,18.65,31.78,0.0,0.49
2001-02-27,34.45,18.26,28.13,0.0,0.49
2001-02-28,34.95,18.81,28.37,0.0,0.49
2001-03-01,36.08,18.3,30.04,0.0,0.49
2001-03-02,35.53,19.26,27.03,0.0,0.49
2001-03-03,36.87,19.51,28.92,0.0,0.49
2001-03-04,37.29,18.54,23.24,0.0,0.49
2001-03-05,36.23,19.54,16.19,0.0,0.49
2001-03-06,33.65,19.82,21.17,0.0,0.49
2001-03-07,34.65,16.7,24.07,0.0,0.49
2001-03-08,35.92,15.76,17.5,0.0,0.49
2001-03-09,36.07,17.55,15.86,0.0,0.49
2001-03-10,34.23,17.8,23.07,0.01,0.49
2001-03-11,34.3,17.7,28.96,0.0,0.49
2001-03-12,34.79,19.88,27.16,0.02,0.49
2001-03-13,34.21,19.7,42.57,0.01,0.49
2001-03-14,34.03,21.56,50.22,0.0,0.49
2001-03-15,35.09,21.25,46.41,0.01,0.49
2001-03-16,35.39,20.68,40.52,0.0,0.49
2001-03-17,36.06,21.05,27.21,0.0,0.49
2001-03-18,36.78,21.27,22.81,0.0,0.49
2001-03-19,36.95,21.01,23.33,0.0,0.49
2001-03-20,39.2,19.09,19.7,0.0,0.49
2001-03-21,37.32,21.49,18.82,0.0,0.49
2001-03-22,38.11,22.52,19.29,0.0,0.49
2001-03-23,37.76,21.49,23.23,0.0,0.49
2001-03-24,37.13,21.62,32.12,0.0,0.49
2001-03-25,36.86,23.98,34.1,0.0,0.49
2001-03-26,37.33,23.25,29.44,0.0,0.49
2001-03-27,36.83,24.43,22.59,0.0,0.49
2001-03-28,37.05,24.99,23.95,0.0,0.49
2001-03-29,38.82,21.6,22.58,0.0,0.49
2001-03-30,38.83,25.0,28.86,0.0,0.49
2001-03-31,37.01,23.83,33.83,0.0,0.49
2001-04-01,37.65,24.18,34.86,0.0,0.49
2001-04-02,37.45,24.56,36.57,0.0,0.49
2001-04-03,38.32,24.79,32.71,0.0,0.49
2001-04-04,38.5,23.72,23.8,0.0,0.49
2001-04-05,40.35,21.88,18.76,0.0,0.49
2001-04-06,40.79,23.65,18.55,0.0,0.49
2001-04-07,38.26,23.71,26.61,0.0,0.49
2001-04-08,39.53,24.2,22.57,0.0,0.49
2001-04-09,38.62,25.33,28.18,0.0,0.49
2001-04-10,40.61,25.0,27.3,0.0,0.49
2001-04-11,38.82,26.01,21.03,0.0,0.49
2001-04-12,41.33,26.08,20.97,0.0,0.49
2001-04-13,39.13,25.75,26.53,0.0,0.49
2001-04-14,40.08,26.6,24.88,0.0,0.49
2001-04-15,38.09,25.77,30.43,0.0,0.49
2001-04-16,37.58,25.59,32.53,0.0,0.49
2001-04-17,37.88,26.12,35.63,0.0,0.49
2001-04-18,39.23,27.02,32.97,0.0,0.49
2001-04-19,38.35,26.28,32.37,0.0,0.49
2001-04-20,38.7,27.39,26.51,0.0,0.49
2001-04-21,39.64,25.78,25.45,0.0,0.49
2001-04-22,39.74,26.12,23.93,0.0,0.49
2001-04-23,39.93,25.12,26.55,0.0,0.49
2001-04-24,40.15,25.45,29.36,0.0,0.49
2001-04-25,40.43,26.33,23.75,0.0,0.49
2001-04-26,41.04,26.81,30.73,0.0,0.49
2001-04-27,40.49,25.02,28.02,0.0,0.49
2001-04-28,40.59,25.01,33.2,0.0,0.49
2001-04-29,40.33,27.07,35.85,0.0,0.49
2001-04-30,42.06,27.16,31.55,0.0,0.49
2001-05-01,40.57,27.27,31.56,0.0,0.49
2001-05-02,38.94,27.8,36.72,0.01,0.49
2001-05-03,38.49,28.23,40.04,0.0,0.49
2001-05-04,39.77,27.61,37.79,0.0,0.49
2001-05-05,35.69,27.64,44.93,0.0,0.49
2001-05-06,34.31,26.35,43.34,0.02,0.49
2001-05-07,33.65,24.92,44.22,0.01,0.49
2001-05-08,33.27,25.24,53.68,0.03,0.49
2001-05-09,34.55,25.47,55.46,0.03,0.49
2001-05-10,36.93,25.17,47.47,0.02,0.49
2001-05-11,33.34,26.45,53.78,0.01,0.49
2001-05-12,32.04,24.78,55.57,0.02,0.49
2001-05-13,34.61,23.2,55.19,0.05,0.49
2001-05-14,36.29,25.59,45.3,0.0,0.49
2001-05-15,40.99,25.67,34.79,0.0,0.49
2001-05-16,39.25,28.61,40.54,0.0,0.49
2001-05-17,36.38,27.34,52.19,0.0,0.49
2001-05-18,38.01,27.03,49.35,0.0,0.49
2001-05-19,36.72,27.5,52.74,0.0,0.49
2001-05-20,36.83,26.91,47.1,0.0,0.49
2001-05-21,37.62,28.28,46.63,0.0,0.49
2001-05-22,39.82,27.17,40.51,0.0,0.49
2001-05-23,38.88,27.21,43.79,0.05,0.49
2001-05-24,37.74,26.43,49.07,0.03,0.49
2001-05-25,32.34,26.22,59.11,0.0,0.49
2001-05-26,36.0,26.04,50.66,0.0,0.49
2001-05-27,35.92,27.32,52.38,0.01,0.49
2001-05-28,34.74,26.8,56.28,0.04,0.49
2001-05-29,31.02,25.88,63.76,0.0,0.49
2001-05-30,33.93,26.05,59.65,0.02,0.49
2001-05-31,35.29,26.44,57.8,0.05,0.49
2001-06-01,32.26,25.87,69.27,0.2,0.49
2001-06-02,31.84,26.18,66.71,0.04,0.49
2001-06-03,32.64,24.79,63.03,0.01,0.49
2001-06-04,34.37,24.38,56.03,0.1,0.49
2001-06-05,32.7,25.49,58.72,0.05,0.49
2001-06-06,34.79,25.03,53.33,0.15,0.49
2001-06-07,33.39,26.32,58.02,0.04,0.49
2001-06-08,34.63,26.31,54.29,0.15,0.49
2001-06-09,35.9,26.66,54.76,0.01,0.49
2001-06-10,35.12,26.27,57.86,0.11,0.49
2001-06-11,38.62,26.25,53.26,0.27,0.49
2001-06-12,34.63,25.81,61.85,2.08,0.49
2001-06-13,32.22,24.87,66.02,1.21,0.49
2001-06-14,33.81,24.24,61.47,0.0,0.49
2001-06-15,33.35,24.97,60.78,0.01,0.49
2001-06-16,33.9,24.7,62.25,0.11,0.49
2001-06-17,32.82,24.46,63.71,0.48,0.49
2001-06-18,33.74,23.81,59.02,0.01,0.49
2001-06-19,36.54,24.62,53.99,0.0,0.49
2001-06-20,37.75,25.43,52.53,0.0,0.49
2001-06-21,36.82,25.98,53.11,0.03,0.49
2001-06-22,38.17,26.9,46.58,0.01,0.49
2001-06-23,37.66,27.37,49.79,0.0,0.49
2001-06-24,38.82,26.51,50.35,0.0,0.49
2001-06-25,35.48,26.21,54.63,0.0,0.49
2001-06-26,35.05,26.61,54.43,0.01,0.49
2001-06-27,36.43,26.56,54.3,0.0,0.49
2001-06-28,36.64,25.79,51.74,0.01,0.49
2001-06-29,37.11,26.41,49.84,0.01,0.49
2001-06-30,33.69,25.82,56.7,0.04,0.49
2001-07-01,33.08,25.87,59.69,0.0,0.49
2001-07-02,38.0,25.29,49.63,0.0,0.49
2001-07-03,39.41,26.42,46.03,0.0,0.49
2001-07-04,36.47,27.68,52.17,0.0,0.49
2001-07-05,36.75,28.14,52.56,0.03,0.49
2001-07-06,36.69,26.7,54.82,0.02,0.49
2001-07-07,35.83,26.64,63.65,0.0,0.49
2001-07-08,37.25,25.8,55.74,0.02,0.49
2001-07-09,32.68,26.77,60.6,0.01,0.49
2001-07-10,37.5,26.01,50.95,0.01,0.49
2001-07-11,36.71,25.8,52.33,0.01,0.49
2001-07-12,37.73,25.91,51.73,0.0,0.49
2001-07-13,34.76,26.18,52.66,0.0,0.49
2001-07-14,35.38,26.66,55.16,0.0,0.49
2001-07-15,32.07,25.6,61.72,0.0,0.49
2001-07-16,38.07,25.84,52.94,0.0,0.49
2001-07-17,33.71,25.74,60.49,0.0,0.49
2001-07-18,36.39,25.41,57.23,0.0,0.49
2001-07-19,34.97,25.77,57.85,0.01,0.49
2001-07-20,35.79,25.81,54.8,0.0,0.49
2001-07-21,37.67,25.88,51.63,0.0,0.49
2001-07-22,37.41,26.28,53.82,0.0,0.49
2001-07-23,40.53,26.77,49.26,0.01,0.49
2001-07-24,33.27,25.87,59.97,0.0,0.49
2001-07-25,35.81,25.52,53.48,0.0,0.49
2001-07-26,34.49,27.05,55.32,0.0,0.49
2001-07-27,36.65,25.96,52.98,0.0,0.49
2001-07-28,34.63,26.35,54.3,0.0,0.49
2001-07-29,37.22,26.4,50.48,0.01,0.49
2001-07-30,37.94,26.46,49.22,0.02,0.49
2001-07-31,35.52,27.16,54.26,0.03,0.49
2001-08-01,36.58,26.45,56.2,0.02,0.49
2001-08-02,32.13,25.91,66.88,0.0,0.49
2001-08-03,38.0,25.4,54.67,0.0,0.49
2001-08-04,38.24,25.96,49.33,0.01,0.49
2001-08-05,33.84,26.24,61.14,0.0,0.49
2001-08-06,40.69,27.27,43.86,0.0,0.49
2001-08-07,38.2,27.7,53.51,0.0,0.49
2001-08-08,38.74,26.06,52.46,0.01,0.49
2001-08-09,38.16,26.4,49.57,0.0,0.49
2001-08-10,39.16,27.2,47.98,0.0,0.49
2001-08-11,38.34,26.66,50.1,0.09,0.49
2001-08-12,38.88,27.25,50.65,0.0,0.49
2001-08-13,36.42,26.07,56.2,0.01,0.49
2001-08-14,35.59,25.92,53.77,0.0,0.49
2001-08-15,37.27,25.96,54.22,0.0,0.49
2001-08-16,39.43,25.84,48.64,0.0,0.49
2001-08-17,39.58,27.63,48.72,0.0,0.49
2001-08-18,39.3,27.35,50.48,0.0,0.49
2001-08-19,39.59,27.36,49.19,0.0,0.49
2001-08-20,37.81,27.67,50.26,0.04,0.49
2001-08-21,38.8,27.18,50.49,0.48,0.49
2001-08-22,39.27,25.88,48.0,0.7,0.49
2001-08-23,40.08,27.07,43.54,0.0,0.49
2001-08-24,39.97,27.29,46.46,0.0,0.49
2001-08-25,39.57,27.14,48.23,0.0,0.49
2001-08-26,34.16,27.22,54.13,0.0,0.49
2001-08-27,37.84,27.29,50.28,0.01,0.49
2001-08-28,38.54,28.42,49.77,0.0,0.49
2001-08-29,33.24,27.79,60.25,0.02,0.49
2001-08-30,36.5,26.6,56.36,0.0,0.49
2001-08-31,33.45,26.66,55.2,0.0,0.49
2001-09-01,37.38,26.09,49.85,0.0,0.49
2001-09-02,38.49,26.71,45.94,0.0,0.49
2001-09-03,37.15,27.42,47.65,0.0,0.49
2001-09-04,33.99,27.22,56.24,0.09,0.49
2001-09-05,37.58,26.67,52.48,0.0,0.49
2001-09-06,36.63,26.85,52.57,0.0,0.49
2001-09-07,36.77,27.23,51.22,0.01,0.49
2001-09-08,38.12,26.16,49.99,0.0,0.49
2001-09-09,33.59,26.91,55.43,0.11,0.49
2001-09-10,35.89,26.22,57.94,0.08,0.49
2001-09-11,38.13,25.38,53.25,0.0,0.49
2001-09-12,38.03,26.2,48.79,0.0,0.49
2001-09-13,36.67,26.74,52.3,0.0,0.49
2001-09-14,36.66,26.27,51.17,0.02,0.49
2001-09-15,36.62,26.92,53.76,0.0,0.49
2001-09-16,37.06,26.29,50.16,0.0,0.49
2001-09-17,35.76,26.2,51.22,0.0,0.49
2001-09-18,35.16,25.34,51.7,0.0,0.49
2001-09-19,37.81,25.61,48.59,0.0,0.49
2001-09-20,38.01,25.77,46.82,0.0,0.49
2001-09-21,36.45,27.36,46.87,0.0,0.49
2001-09-22,37.53,26.6,47.22,0.02,0.49
2001-09-23,36.6,26.45,50.66,0.0,0.49
2001-09-24,38.95,26.21,45.48,0.0,0.49
2001-09-25,39.13,27.33,43.95,0.0,0.49
2001-09-26,38.5,27.04,49.69,0.0,0.49
2001-09-27,38.06,26.74,46.41,0.0,0.49
2001-09-28,39.42,27.83,43.84,0.0,0.49
2001-09-29,37.38,27.54,47.2,0.01,0.49
2001-09-30,36.2,26.12,51.16,0.0,0.49
2001-10-01,37.63,26.95,46.25,0.02,0.49
2001-10-02,32.9,26.98,58.28,0.09,0.49
2001-10-03,35.21,25.7,55.01,0.15,0.49
2001-10-04,34.63,25.73,53.57,0.02,0.49
2001-10-05,34.87,26.18,55.09,0.01,0.49
2001-10-06,38.1,26.31,45.91,0.01,0.49
2001-10-07,34.66,27.12,55.01,0.0,0.49
2001-10-08,38.25,26.18,46.64,0.0,0.49
2001-10-09,31.28,26.92,62.36,0.04,0.49
2001-10-10,32.08,25.65,59.58,0.01,0.49
2001-10-11,33.88,25.0,52.75,0.01,0.49
2001-10-12,35.96,25.67,52.73,0.0,0.49
2001-10-13,36.34,26.95,51.79,0.0,0.49
2001-10-14,35.64,26.94,49.61,0.0,0.49
2001-10-15,37.02,26.76,45.94,0.01,0.49
2001-10-16,35.65,27.43,47.78,0.01,0.49
2001-10-17,37.73,25.49,49.43,0.01,0.49
2001-10-18,34.15,25.6,49.62,0.13,0.49
2001-10-19,35.67,25.22,47.22,0.0,0.49
2001-10-20,36.52,26.15,45.67,0.0,0.49
2001-10-21,34.11,25.92,51.77,0.0,0.49
2001-10-22,39.55,24.71,39.84,0.0,0.49
2001-10-23,39.25,26.15,36.14,0.0,0.49
2001-10-24,38.28,26.02,40.92,0.17,0.49
2001-10-25,34.26,26.04,50.9,0.35,0.49
2001-10-26,33.84,25.52,52.65,0.03,0.49
2001-10-27,29.02,25.15,64.79,0.13,0.49
2001-10-28,28.42,23.69,65.23,0.02,0.49
2001-10-29,31.02,22.81,58.03,0.04,0.49
2001-10-30,28.0,22.6,71.1,0.03,0.49
2001-10-31,29.03,22.52,67.62,0.07,0.49
2001-11-01,29.4,22.48,65.36,0.25,0.49
2001-11-02,33.35,22.49,58.55,0.0,0.49
2001-11-03,35.98,23.9,49.35,0.0,0.49
2001-11-04,34.21,24.88,54.54,0.0,0.49
2001-11-05,33.29,25.35,52.4,0.0,0.49
2001-11-06,34.29,24.55,51.01,0.0,0.49
2001-11-07,31.94,24.42,56.8,0.0,0.49
2001-11-08,33.15,22.83,55.95,0.0,0.49
2001-11-09,33.13,23.17,50.33,0.01,0.49
2001-11-10,34.98,23.06,46.05,0.0,0.49
2001-11-11,34.36,22.82,49.74,0.0,0.49
2001-11-12,34.35,22.74,50.49,0.0,0.49
2001-11-13,35.8,23.16,46.66,0.01,0.49
2001-11-14,34.63,22.85,43.94,0.01,0.49
2001-11-15,34.31,19.6,37.26,0.0,0.49
2001-11-16,33.78,18.73,34.74,0.0,0.49
2001-11-17,33.43,17.51,35.73,0.0,0.49
2001-11-18,33.43,18.63,39.96,0.0,0.49
2001-11-19,31.48,20.89,40.57,0.0,0.49
2001-11-20,31.88,19.46,31.78,0.0,0.49
2001-11-21,31.91,16.31,34.18,0.0,0.49
2001-11-22,31.63,15.65,31.45,0.0,0.49
2001-11-23,30.85,15.32,29.28,0.0,0.49
2001-11-24,32.2,15.63,32.89,0.0,0.49
2001-11-25,33.12,16.59,36.69,0.0,0.49
2001-11-26,32.94,17.8,36.19,0.0,0.49
2001-11-27,31.06,16.37,37.41,0.0,0.49
2001-11-28,29.69,15.24,36.59,0.0,0.49
2001-11-29,31.19,15.41,36.04,0.0,0.49
2001-11-30,31.75,15.0,32.95,0.0,0.49
2001-12-01,31.14,14.88,31.69,0.0,0.49
2001-12-02,30.2,14.84,31.1,0.0,0.49
2001-12-03,30.46,14.57,34.7,0.0,0.49
2001-12-04,30.05,15.07,37.06,0.0,0.49
2001-12-05,31.02,14.99,36.0,0.0,0.49
2001-12-06,31.69,15.71,33.98,0.0,0.49
2001-12-07,31.0,15.21,32.91,0.0,0.49
2001-12-08,31.62,15.42,30.98,0.0,0.49
2001-12-09,31.51,15.64,31.37,0.0,0.49
2001-12-10,31.98,14.65,26.64,0.0,0.49
2001-12-11,32.05,13.94,28.04,0.0,0.49
2001-12-12,32.66,14.1,27.6,0.0,0.49
2001-12-13,32.6,14.58,29.19,0.0,0.49
2001-12-14,33.03,16.6,31.98,0.0,0.49
2001-12-15,31.96,18.73,45.71,0.0,0.49
2001-12-16,32.47,19.6,45.63,0.0,0.49
2001-12-17,31.59,19.3,45.15,0.0,0.49
2001-12-18,32.84,18.22,41.13,0.0,0.49
2001-12-19,32.92,17.63,37.28,0.01,0.49
2001-12-20,33.08,16.98,33.82,0.0,0.49
2001-12-21,31.07,19.28,39.98,0.0,0.49
2001-12-22,30.18,19.62,46.96,0.0,0.49
2001-12-23,31.28,17.25,39.29,0.0,0.49
2001-12-24,30.08,16.06,37.83,0.0,0.49
2001-12-25,28.52,18.1,48.31,0.0,0.49
2001-12-26,29.16,19.05,59.32,0.0,0.49
2001-12-27,30.91,17.1,49.97,0.0,0.49
2001-12-28,31.39,16.6,46.41,0.0,0.49
2001-12-29,31.35,16.56,37.85,0.0,0.49
2001-12-30,27.73,17.14,39.18,0.0,0.49
2001-12-31,27.83,16.49,42.04,0.0,0.49
2002-01-01,27.6,15.43,34.17,0.0,0.49
2002-01-02,28.33,17.24,40.58,0.0,0.49
2002-01-03,29.35,17.96,54.41,0.0,0.49
2002-01-04,31.27,16.25,45.33,0.0,0.49
2002-01-05,29.92,15.27,40.76,0.0,0.49
2002-01-06,31.54,14.64,34.99,0.0,0.49
2002-01-07,30.35,16.37,41.2,0.0,0.49
2002-01-08,29.32,17.18,49.13,0.03,0.49
2002-01-09,23.76,17.45,65.32,0.06,0.49
2002-01-10,28.77,16.99,51.53,0.0,0.49
2002-01-11,29.44,15.04,38.47,0.0,0.49
2002-01-12,29.43,12.23,32.61,0.0,0.49
2002-01-13,30.6,11.89,27.16,0.0,0.49
2002-01-14,29.92,12.39,25.4,0.0,0.49
2002-01-15,29.75,12.8,25.62,0.0,0.49
2002-01-16,30.88,13.46,25.5,0.0,0.49
2002-01-17,31.57,14.5,25.83,0.0,0.49
2002-01-18,31.56,14.2,24.22,0.0,0.49
2002-01-19,33.29,14.08,19.69,0.0,0.49
2002-01-20,32.57,13.98,19.49,0.0,0.49
2002-01-21,32.45,13.46,17.99,0.0,0.49
2002-01-22,32.16,14.09,19.3,0.0,0.49
2002-01-23,30.51,14.4,32.52,0.06,0.49
2002-01-24,29.91,16.05,39.99,0.0,0.49
2002-01-25,28.6,16.28,58.53,0.0,0.49
2002-01-26,29.22,17.12,55.62,0.0,0.49
2002-01-27,30.31,13.16,36.55,0.0,0.49
2002-01-28,31.32,12.71,26.97,0.0,0.49
2002-01-29,30.75,13.59,22.38,0.0,0.49
2002-01-30,30.9,13.92,28.06,0.04,0.49
2002-01-31,29.19,15.05,42.04,0.01,0.49
2002-02-01,30.33,14.37,39.54,0.0,0.49
2002-02-02,30.58,14.21,31.47,0.0,0.49
2002-02-03,29.4,13.48,26.56,0.0,0.49
2002-02-04,30.77,13.0,24.41,0.0,0.49
2002-02-05,30.48,12.5,22.86,0.0,0.49
2002-02-06,30.96,12.6,20.76,0.0,0.49
2002-02-07,31.99,13.03,21.45,0.0,0.49
2002-02-08,33.35,14.4,23.02,0.0,0.49
2002-02-09,34.05,16.03,25.27,0.0,0.49
2002-02-10,35.28,17.48,29.84,0.0,0.49
2002-02-11,36.34,17.27,27.32,0.0,0.49
2002-02-12,35.74,18.67,23.96,0.0,0.49
2002-02-13,34.77,19.29,21.03,0.0,0.49
2002-02-14,35.62,18.0,20.34,0.0,0.49
2002-02-15,35.61,18.99,20.17,0.03,0.49
2002-02-16,35.09,17.87,21.4,0.0,0.49
2002-02-17,34.67,16.64,21.54,0.0,0.49
2002-02-18,34.58,16.0,15.86,0.0,0.49
2002-02-19,33.91,15.81,15.54,0.0,0.49
2002-02-20,32.52,16.74,20.17,0.0,0.49
2002-02-21,32.31,14.85,23.18,0.0,0.49
2002-02-22,32.79,15.5,24.32,0.0,0.49
2002-02-23,33.98,15.6,25.5,0.0,0.49
2002-02-24,34.26,16.39,29.01,4.99,0.5
2002-02-25,34.87,16.4,25.47,0.0,0.5
2002-02-26,34.58,18.0,25.29,0.0,0.49
2002-02-27,34.13,18.29,26.79,0.0,0.49
2002-02-28,34.06,19.47,27.05,0.0,0.49
2002-03-01,35.25,16.55,24.93,0.0,0.49
2002-03-02,35.25,16.13,23.59,0.0,0.49
2002-03-03,35.85,17.04,22.23,0.0,0.49
2002-03-04,35.02,18.41,24.54,0.09,0.49
2002-03-05,35.46,19.23,31.62,0.0,0.49
2002-03-06,35.59,21.35,32.68,0.0,0.49
2002-03-07,35.36,19.27,25.32,0.0,0.49
2002-03-08,35.17,17.35,29.52,0.0,0.49
2002-03-09,34.77,17.07,24.58,0.0,0.49
2002-03-10,35.65,18.72,24.75,0.0,0.49
2002-03-11,36.38,19.65,24.73,0.0,0.49
2002-03-12,35.87,20.3,28.98,0.0,0.49
2002-03-13,36.85,21.04,28.21,0.0,0.49
2002-03-14,36.21,20.71,31.89,0.0,0.49
2002-03-15,37.7,20.87,21.57,0.0,0.49
2002-03-16,36.41,20.78,20.82,0.0,0.49
2002-03-17,37.93,19.69,23.35,0.02,0.49
2002-03-18,38.15,20.34,23.53,0.0,0.49
2002-03-19,37.82,21.07,21.07,0.0,0.49
2002-03-20,37.06,19.62,18.66,0.0,0.49
2002-03-21,37.39,19.36,15.41,0.0,0.49
2002-03-22,36.49,19.18,20.4,0.0,0.49
2002-03-23,36.53,19.32,24.05,0.02,0.49
2002-03-24,36.13,19.26,32.41,0.02,0.49
2002-03-25,35.81,21.28,40.9,0.0,0.49
2002-03-26,37.82,24.88,32.07,0.0,0.49
2002-03-27,38.31,22.31,33.2,0.0,0.49
2002-03-28,38.75,22.95,31.37,0.0,0.49
2002-03-29,38.06,25.33,33.67,0.02,0.49
2002-03-30,34.59,24.02,34.95,0.0,0.49
2002-03-31,37.11,21.19,29.21,0.0,0.49
2002-04-01,37.93,22.86,24.14,0.0,0.49
2002-04-02,37.88,22.15,26.7,0.0,0.49
2002-04-03,36.45,21.55,31.76,0.01,0.49
2002-04-04,35.09,22.12,34.75,0.0,0.49
2002-04-05,37.62,21.12,27.3,0.0,0.49
2002-04-06,39.03,22.09,24.44,0.0,0.49
2002-04-07,39.49,23.3,25.61,0.0,0.49
2002-04-08,39.85,24.4,25.62,0.0,0.49
2002-04-09,38.77,23.6,33.97,0.07,0.49
2002-04-10,38.05,24.14,34.98,0.0,0.49
2002-04-11,37.74,24.54,30.18,0.0,0.49
2002-04-12,39.31,22.75,28.92,0.02,0.49
2002-04-13,35.04,24.11,32.06,0.0,0.49
2002-04-14,37.72,23.45,35.95,0.0,0.49
2002-04-15,38.44,21.95,29.22,0.0,0.49
2002-04-16,39.71,23.43,34.21,0.0,0.49
2002-04-17,39.37,24.89,36.0,0.0,0.49
2002-04-18,41.26,25.22,33.47,0.0,0.49
2002-04-19,40.8,25.06,31.61,0.0,0.49
2002-04-20,40.25,27.06,32.54,0.0,0.49
2002-04-21,37.62,28.13,30.55,0.0,0.49
2002-04-22,37.03,26.74,32.95,0.01,0.49
2002-04-23,39.61,26.01,30.86,0.0,0.49
2002-04-24,40.44,26.91,30.84,0.0,0.49
2002-04-25,39.92,25.55,35.59,0.0,0.49
2002-04-26,40.21,25.44,33.06,0.17,0.49
2002-04-27,38.47,25.55,33.41,0.84,0.49
2002-04-28,39.51,24.85,33.82,0.3,0.49
2002-04-29,40.02,25.08,29.39,0.0,0.49
2002-04-30,40.58,24.42,28.79,0.0,0.49
2002-05-01,40.52,25.62,29.92,0.0,0.49
2002-05-02,42.03,25.76,27.87,0.0,0.49
2002-05-03,40.77,26.64,30.17,0.0,0.49
2002-05-04,40.9,27.92,31.2,0.0,0.49
2002-05-05,40.51,27.69,31.52,0.0,0.49
2002-05-06,39.5,27.85,32.24,0.02,0.49
2002-05-07,37.56,27.35,42.57,0.27,0.49
2002-05-08,37.48,26.06,47.06,0.7,0.49
2002-05-09,38.79,26.02,44.96,1.72,0.49
2002-05-10,39.73,26.88,40.64,0.09,0.49
2002-05-11,39.3,27.45,44.45,3.07,0.49
2002-05-12,37.75,26.42,54.51,10.9,0.51
2002-05-13,36.71,25.72,57.43,0.0,0.51
2002-05-14,34.01,25.21,58.92,0.0,0.51
2002-05-15,32.41,25.27,61.17,0.0,0.5
2002-05-16,34.97,23.58,53.05,0.0,0.5
2002-05-17,35.77,25.1,57.05,0.01,0.5
2002-05-18,31.71,25.23,62.09,0.04,0.5
2002-05-19,32.65,24.92,67.8,0.02,0.5
2002-05-20,35.25,25.65,58.43,0.01,0.5
2002-05-21,34.46,27.24,56.56,0.0,0.5
2002-05-22,36.11,26.12,52.79,0.0,0.5
2002-05-23,34.84,26.83,51.97,0.0,0.5
2002-05-24,39.34,26.0,41.9,0.0,0.49
2002-05-25,35.82,27.74,44.06,0.0,0.49
2002-05-26,33.58,26.19,47.11,0.01,0.49
2002-05-27,35.7,26.09,47.06,0.01,0.49
2002-05-28,35.71,25.81,47.37,0.0,0.49
2002-05-29,38.24,25.75,45.29,0.0,0.49
2002-05-30,38.27,27.08,43.4,0.0,0.49
2002-05-31,38.06,27.11,43.68,0.06,0.49
2002-06-01,38.14,26.05,48.33,3.45,0.5
2002-06-02,39.7,25.96,43.41,0.27,0.5
2002-06-03,40.96,27.75,38.49,0.0,0.5
2002-06-04,39.12,28.3,42.34,0.0,0.49
2002-06-05,34.66,28.92,51.3,0.0,0.49
2002-06-06,36.2,27.01,48.67,0.03,0.49
2002-06-07,39.93,26.54,42.91,0.02,0.49
2002-06-08,39.31,27.81,43.96,0.0,0.49
2002-06-09,35.4,29.0,51.11,0.02,0.49
2002-06-10,37.81,26.21,51.42,0.03,0.49
2002-06-11,35.51,27.83,50.72,0.0,0.49
2002-06-12,37.57,27.16,49.52,0.04,0.49
2002-06-13,39.26,26.81,47.34,0.02,0.49
2002-06-14,37.8,27.38,48.03,0.02,0.49
2002-06-15,36.64,27.29,50.06,1.0,0.49
2002-06-16,34.57,27.66,56.57,0.51,0.49
2002-06-17,36.15,26.24,56.81,1.01,0.49
2002-06-18,34.76,26.55,60.2,1.03,0.49
2002-06-19,36.14,25.78,60.79,1.46,0.49
2002-06-20,34.71,25.04,63.83,1.17,0.5
2002-06-21,37.46,25.72,58.3,0.72,0.5
2002-06-22,36.42,25.64,59.15,1.43,0.5
2002-06-23,35.35,25.58,58.85,0.34,0.5
2002-06-24,38.22,25.34,57.03,0.66,0.5
2002-06-25,36.88,25.04,53.97,0.01,0.5
2002-06-26,36.42,25.71,51.16,0.1,0.5
2002-06-27,38.41,24.79,53.9,2.68,0.5
2002-06-28,36.5,26.6,57.91,0.7,0.5
2002-06-29,36.2,26.57,57.27,0.86,0.5
2002-06-30,39.14,24.95,58.83,2.35,0.5
2002-07-01,37.59,26.11,60.73,1.3,0.5
2002-07-02,33.22,25.65,69.08,1.57,0.5
2002-07-03,36.62,25.33,62.4,0.75,0.5
2002-07-04,36.69,24.64,61.45,2.93,0.5
2002-07-05,37.68,24.85,57.64,0.54,0.5
2002-07-06,37.3,25.87,56.48,0.22,0.5
2002-07-07,35.13,25.68,59.02,0.28,0.5
2002-07-08,36.42,26.58,59.63,0.05,0.5
2002-07-09,36.12,26.53,60.73,0.59,0.5
2002-07-10,37.09,25.07,63.38,2.66,0.5
2002-07-11,31.76,24.78,65.84,0.01,0.5
2002-07-12,36.26,25.87,58.51,0.0,0.5
2002-07-13,33.85,25.79,66.02,0.02,0.5
2002-07-14,32.68,25.37,63.18,0.08,0.5
2002-07-15,37.8,25.02,54.21,0.01,0.5
2002-07-16,36.23,26.27,57.94,0.0,0.5
2002-07-17,34.81,26.66,59.92,0.0,0.5
2002-07-18,35.31,25.67,57.15,0.02,0.49
2002-07-19,34.89,25.59,58.49,0.02,0.49
2002-07-20,35.07,25.36,60.42,0.0,0.49
2002-07-21,35.61,24.93,62.14,0.0,0.49
2002-07-22,33.54,25.04,62.08,0.0,0.49
2002-07-23,37.39,24.87,56.85,0.04,0.49
2002-07-24,37.92,25.72,56.89,0.35,0.49
2002-07-25,38.18,25.69,56.27,0.11,0.49
2002-07-26,36.28,26.03,56.33,0.47,0.49
2002-07-27,35.5,25.95,55.7,0.23,0.49
2002-07-28,35.45,26.53,54.53,0.02,0.49
2002-07-29,38.22,26.09,53.83,0.05,0.49
2002-07-30,34.12,26.57,62.01,0.0,0.49
2002-07-31,36.39,25.34,51.64,0.0,0.49
2002-08-01,37.71,26.28,49.62,0.01,0.49
2002-08-02,34.0,25.8,60.46,0.02,0.49
2002-08-03,29.14,24.67,75.33,0.02,0.49
2002-08-04,38.53,24.23,53.55,0.02,0.49
2002-08-05,36.68,26.21,54.68,0.28,0.49
2002-08-06,31.14,26.07,68.05,0.0,0.49
2002-08-07,35.75,24.96,58.05,0.03,0.49
2002-08-08,36.71,25.58,57.44,0.14,0.49
2002-08-09,36.27,25.38,58.12,0.01,0.49
2002-08-10,34.77,25.76,60.11,0.0,0.49
2002-08-11,34.59,25.59,64.53,0.02,0.49
2002-08-12,31.44,25.62,69.18,0.05,0.49
2002-08-13,35.41,25.14,61.06,0.0,0.49
2002-08-14,37.45,26.15,55.06,0.0,0.49
2002-08-15,37.37,25.79,53.79,0.0,0.49
2002-08-16,37.11,25.76,55.18,0.0,0.49
2002-08-17,37.54,25.16,51.74,0.01,0.49
2002-08-18,37.67,25.88,51.03,0.05,0.49
2002-08-19,36.49,27.03,48.68,0.0,0.49
2002-08-20,36.4,26.84,49.09,0.01,0.49
2002-08-21,40.91,25.25,44.5,0.0,0.49
2002-08-22,37.0,26.46,46.2,0.0,0.49
2002-08-23,33.89,26.55,53.68,0.0,0.49
2002-08-24,31.95,25.21,61.85,0.0,0.49
2002-08-25,32.94,26.08,59.65,0.01,0.49
2002-08-26,35.54,25.19,58.83,0.01,0.49
2002-08-27,40.2,26.43,47.92,0.0,0.49
2002-08-28,36.85,26.77,53.54,0.0,0.49
2002-08-29,38.75,24.94,50.29,0.0,0.49
2002-08-30,39.58,26.06,44.1,0.03,0.49
2002-08-31,40.47,26.85,41.39,0.0,0.49
2002-09-01,41.94,27.65,38.05,0.0,0.49
2002-09-02,38.72,28.12,42.29,0.0,0.49
2002-09-03,34.7,27.57,53.31,0.03,0.49
2002-09-04,36.8,27.27,49.49,0.0,0.49
2002-09-05,37.02,26.29,48.88,0.0,0.49
2002-09-06,37.95,26.28,48.22,0.0,0.49
2002-09-07,36.09,27.03,49.61,0.0,0.49
2002-09-08,33.88,25.85,61.57,0.0,0.49
2002-09-09,30.58,25.38,66.56,0.01,0.49
2002-09-10,33.95,24.37,61.01,0.0,0.49
2002-09-11,36.0,25.42,54.11,0.0,0.49
2002-09-12,38.59,25.45,47.11,0.01,0.49
2002-09-13,36.3,27.37,48.43,0.13,0.49
2002-09-14,31.45,25.42,66.06,1.44,0.49
2002-09-15,30.54,24.54,69.14,1.85,0.49
2002-09-16,33.21,23.61,64.33,1.47,0.5
2002-09-17,36.93,23.94,54.5,0.0,0.5
2002-09-18,37.01,26.32,50.23,0.0,0.49
2002-09-19,39.81,26.05,46.61,0.0,0.49
2002-09-20,39.89,26.3,45.81,0.01,0.49
2002-09-21,38.72,26.51,46.5,0.0,0.49
2002-09-22,38.39,27.17,46.69,0.0,0.49
2002-09-23,37.15,26.27,46.95,0.03,0.49
2002-09-24,34.0,24.92,55.94,0.19,0.49
2002-09-25,37.98,26.58,45.21,0.01,0.49
2002-09-26,38.36,26.33,49.71,0.14,0.49
2002-09-27,36.51,26.56,54.24,0.0,0.49
2002-09-28,34.45,26.01,57.21,0.01,0.49
2002-09-29,37.21,25.53,49.82,0.0,0.49
2002-09-30,37.92,26.57,47.73,0.0,0.49
2002-10-01,37.49,26.42,49.05,0.0,0.49
2002-10-02,38.36,26.69,46.47,0.0,0.49
2002-10-03,33.14,26.53,58.12,0.0,0.49
2002-10-04,34.11,25.96,54.75,0.02,0.49
2002-10-05,33.9,26.19,52.59,0.0,0.49
2002-10-06,34.62,26.25,47.06,0.0,0.49
2002-10-07,38.94,25.03,27.7,0.0,0.49
2002-10-08,35.35,22.36,21.24,0.0,0.49
2002-10-09,36.95,21.86,26.96,0.0,0.49
2002-10-10,35.22,22.44,30.34,0.0,0.49
2002-10-11,37.51,21.69,32.57,0.0,0.49
2002-10-12,36.84,24.11,40.58,0.0,0.49
2002-10-13,35.7,24.75,43.65,0.0,0.49
2002-10-14,33.99,25.34,54.67,0.01,0.49
2002-10-15,29.97,23.86,64.79,0.98,0.49
2002-10-16,31.54,23.14,75.16,9.92,0.5
2002-10-17,33.69,22.68,67.83,0.0,0.51
2002-10-18,34.94,23.66,59.8,0.0,0.5
2002-10-19,35.06,24.59,59.56,0.05,0.5
2002-10-20,34.74,24.51,58.73,0.56,0.5
2002-10-21,34.93,24.16,58.47,0.01,0.5
2002-10-22,34.36,23.74,58.57,0.0,0.5
2002-10-23,33.61,24.31,60.39,0.01,0.5
2002-10-24,34.31,23.8,56.16,0.05,0.5
2002-10-25,35.79,23.97,53.33,0.05,0.5
2002-10-26,33.89,25.14,50.64,0.05,0.5
2002-10-27,35.23,24.41,51.51,0.0,0.5
2002-10-28,35.01,24.42,52.39,0.05,0.49
2002-10-29,34.04,22.51,49.5,0.0,0.49
2002-10-30,35.36,22.51,44.86,0.0,0.49
2002-10-31,36.34,21.86,41.74,0.0,0.49
2002-11-01,37.34,21.96,36.06,0.0,0.49
2002-11-02,30.61,23.18,54.07,0.3,0.49
2002-11-03,28.63,22.36,64.34,0.24,0.49
2002-11-04,26.5,20.54,49.86,0.0,0.49
2002-11-05,33.18,18.41,44.47,0.0,0.49
2002-11-06,35.67,19.38,40.4,0.0,0.49
2002-11-07,36.59,19.98,38.39,0.0,0.49
2002-11-08,36.2,20.62,38.5,0.0,0.49
2002-11-09,36.39,20.1,39.48,0.0,0.49
2002-11-10,36.04,21.41,36.52,0.0,0.49
2002-11-11,36.98,23.49,35.74,0.0,0.49
2002-11-12,35.37,24.0,41.78,0.0,0.49
2002-11-13,32.16,23.69,53.67,0.0,0.49
2002-11-14,33.22,23.81,59.96,0.0,0.49
2002-11-15,33.9,22.45,48.44,0.0,0.49
2002-11-16,34.92,19.58,38.13,0.0,0.49
2002-11-17,33.83,18.95,34.78,0.12,0.49
2002-11-18,33.82,21.61,41.6,0.0,0.49
2002-11-19,32.39,20.62,37.52,0.0,0.49
2002-11-20,32.02,18.46,37.0,0.0,0.49
2002-11-21,33.73,20.0,42.54,0.0,0.49
2002-11-22,33.58,19.85,44.98,0.0,0.49
2002-11-23,32.51,21.03,45.81,0.0,0.49
2002-11-24,32.75,21.36,55.18,0.0,0.49
2002-11-25,31.98,22.85,69.37,0.02,0.49
2002-11-26,30.62,22.59,67.77,0.11,0.49
2002-11-27,28.72,21.95,68.07,0.0,0.49
2002-11-28,28.95,19.79,65.27,0.0,0.49
2002-11-29,28.99,21.32,66.36,0.02,0.49
2002-11-30,33.28,22.1,53.64,0.09,0.49
2002-12-01,32.63,20.26,48.44,0.02,0.49
2002-12-02,33.03,19.22,42.24,0.0,0.49
2002-12-03,32.82,17.86,42.04,0.0,0.49
2002-12-04,32.24,17.78,40.57,0.0,0.49
2002-12-05,32.2,17.52,37.54,0.0,0.49
2002-12-06,32.26,17.21,34.8,0.0,0.49
2002-12-07,33.54,16.99,32.28,0.0,0.49
2002-12-08,32.93,16.7,25.37,0.0,0.49
2002-12-09,33.54,16.7,27.11,0.0,0.49
2002-12-10,28.91,17.99,48.52,0.0,0.49
2002-12-11,32.47,15.86,47.38,0.0,0.49
2002-12-12,31.7,16.25,41.92,0.0,0.49
2002-12-13,31.52,18.0,54.71,0.0,0.49
2002-12-14,31.14,18.71,50.91,0.0,0.49
2002-12-15,28.51,18.91,60.25,0.04,0.49
2002-12-16,29.4,18.3,55.52,1.36,0.49
2002-12-17,29.42,18.31,47.34,0.02,0.49
2002-12-18,29.32,15.43,42.99,0.05,0.49
2002-12-19,29.87,14.48,44.0,0.79,0.49
2002-12-20,29.83,14.46,45.36,0.0,0.49
2002-12-21,30.46,14.39,42.35,0.0,0.49
2002-12-22,30.63,14.12,41.15,0.0,0.49
2002-12-23,29.99,13.19,36.97,0.0,0.49
2002-12-24,28.18,12.91,37.83,0.03,0.49
2002-12-25,27.73,15.45,43.2,1.06,0.49
2002-12-26,29.16,12.09,43.46,0.03,0.49
2002-12-27,28.64,12.18,36.37,0.0,0.49
2002-12-28,28.01,12.49,35.59,0.0,0.49
2002-12-29,27.86,11.66,34.3,0.0,0.49
2002-12-30,28.06,11.12,33.9,0.0,0.49
2002-12-31,28.42,11.68,34.98,0.0,0.49
2003-01-01,25.56,14.15,44.91,0.0,0.49
2003-01-02,29.79,15.66,48.91,0.0,0.49
2003-01-03,30.19,13.54,35.78,0.0,0.49
2003-01-04,29.39,13.79,44.02,2.32,0.49
2003-01-05,25.22,15.16,68.91,6.36,0.51
2003-01-06,29.87,12.58,49.83,0.0,0.5
2003-01-07,27.61,12.78,49.17,0.0,0.5
2003-01-08,27.78,13.17,54.07,0.0,0.5
2003-01-09,27.97,13.61,58.8,0.0,0.5
2003-01-10,28.64,13.39,50.69,0.0,0.5
2003-01-11,28.74,13.75,52.38,0.0,0.5
2003-01-12,29.65,14.83,50.72,0.0,0.5
2003-01-13,29.4,15.57,44.47,0.0,0.5
2003-01-14,28.59,14.63,44.4,0.0,0.5
2003-01-15,31.23,15.15,33.97,0.0,0.5
2003-01-16,28.93,12.94,34.21,0.0,0.5
2003-01-17,30.36,12.89,36.33,0.0,0.49
2003-01-18,30.44,12.93,30.08,0.0,0.49
2003-01-19,30.09,12.77,25.91,0.0,0.49
2003-01-20,30.18,12.58,26.68,0.0,0.49
2003-01-21,29.12,12.84,29.68,0.0,0.49
2003-01-22,29.41,13.02,36.07,0.0,0.49
2003-01-23,28.61,14.32,35.31,0.0,0.49
2003-01-24,28.38,11.72,29.58,0.0,0.49
2003-01-25,28.64,11.47,28.25,0.0,0.49
2003-01-26,28.71,11.3,31.31,0.0,0.49
2003-01-27,32.17,11.64,26.72,0.0,0.49
2003-01-28,30.31,12.48,26.3,0.0,0.49
2003-01-29,30.49,13.57,28.75,0.0,0.49
2003-01-30,28.62,13.57,43.89,0.02,0.49
2003-01-31,29.86,14.64,43.63,0.0,0.49
2003-02-01,31.85,16.21,43.59,0.0,0.49
2003-02-02,33.29,15.46,42.83,0.0,0.49
2003-02-03,34.68,18.7,35.44,0.0,0.49
2003-02-04,35.58,18.53,31.56,0.0,0.49
2003-02-05,30.19,20.11,40.6,0.02,0.49
2003-02-06,29.54,19.47,50.46,0.07,0.49
2003-02-07,30.59,17.05,44.19,0.0,0.49
2003-02-08,30.84,14.61,36.24,0.0,0.49
2003-02-09,31.47,14.62,29.87,0.0,0.49
2003-02-10,32.3,14.28,26.84,0.0,0.49
2003-02-11,32.28,16.22,27.12,0.0,0.49
2003-02-12,33.05,15.91,24.08,0.0,0.49
2003-02-13,31.64,15.96,30.08,0.03,0.49
2003-02-14,30.98,16.96,39.75,0.02,0.49
2003-02-15,31.19,16.62,38.81,0.0,0.49
2003-02-16,31.36,13.25,28.28,0.0,0.49
2003-02-17,31.96,13.24,25.85,0.0,0.49
2003-02-18,33.88,14.17,26.74,0.0,0.49
2003-02-19,35.29,15.77,25.68,0.0,0.49
2003-02-20,34.39,17.58,27.0,0.0,0.49
2003-02-21,33.23,17.66,33.45,0.01,0.49
2003-02-22,31.46,17.83,30.26,0.0,0.49
2003-02-23,33.5,14.62,22.1,0.0,0.49
2003-02-24,33.62,15.01,20.62,0.0,0.49
2003-02-25,32.71,15.37,22.99,0.0,0.49
2003-02-26,33.36,16.54,22.16,0.0,0.49
2003-02-27,33.39,16.3,24.29,0.0,0.49
2003-02-28,33.92,16.64,28.94,0.0,0.49
2003-03-01,34.18,17.18,28.56,0.0,0.49
2003-03-02,34.25,18.32,31.22,0.0,0.49
2003-03-03,35.09,18.82,30.76,0.0,0.49
2003-03-04,35.24,19.8,28.23,0.0,0.49
2003-03-05,34.43,19.45,35.49,0.0,0.49
2003-03-06,34.29,18.33,37.41,0.0,0.49
2003-03-07,34.26,16.36,17.3,0.0,0.49
2003-03-08,33.45,16.13,15.53,0.0,0.49
2003-03-09,35.74,14.42,15.19,0.0,0.49
2003-03-10,34.5,15.25,15.06,0.0,0.49
2003-03-11,33.47,15.53,17.57,0.0,0.49
2003-03-12,34.34,16.71,18.19,0.0,0.49
2003-03-13,32.45,18.36,28.78,0.0,0.49
2003-03-14,33.24,18.38,34.28,0.02,0.49
2003-03-15,33.43,19.34,36.07,0.0,0.49
2003-03-16,34.92,20.05,41.12,0.0,0.49
2003-03-17,33.55,21.44,46.59,0.37,0.49
2003-03-18,31.82,22.23,39.88,0.0,0.49
2003-03-19,35.03,20.01,39.21,0.01,0.49
2003-03-20,35.11,20.25,31.94,0.0,0.49
2003-03-21,35.46,20.69,27.51,0.0,0.49
2003-03-22,35.92,19.73,28.05,0.0,0.49
2003-03-23,36.38,19.96,27.65,0.0,0.49
2003-03-24,37.24,20.35,25.62,0.0,0.49
2003-03-25,37.0,20.67,25.84,0.0,0.49
2003-03-26,36.85,21.52,33.9,0.0,0.49
2003-03-27,37.0,22.29,31.46,0.0,0.49
2003-03-28,37.8,22.83,31.66,0.01,0.49
2003-03-29,35.49,23.3,36.26,0.0,0.49
2003-03-30,36.88,21.5,32.32,0.0,0.49
2003-03-31,35.92,21.61,38.52,0.01,0.49
2003-04-01,36.33,24.59,36.11,0.0,0.49
2003-04-02,36.85,23.8,35.1,0.0,0.49
2003-04-03,37.39,22.35,27.31,0.0,0.49
2003-04-04,39.0,22.19,26.03,0.0,0.49
2003-04-05,39.66,23.16,26.41,0.0,0.49
2003-04-06,38.97,24.75,28.7,0.0,0.49
2003-04-07,38.17,25.6,34.86,0.0,0.49
2003-04-08,37.85,25.74,32.12,0.0,0.49
2003-04-09,39.26,25.97,30.75,0.0,0.49
2003-04-10,39.51,25.37,24.74,0.0,0.49
2003-04-11,39.02,25.76,27.13,0.0,0.49
2003-04-12,37.53,24.74,34.47,0.0,0.49
2003-04-13,38.36,23.59,36.54,0.0,0.49
2003-04-14,39.25,25.28,28.0,0.0,0.49
2003-04-15,38.64,27.47,28.16,0.0,0.49
2003-04-16,39.78,26.59,34.71,0.0,0.49
2003-04-17,38.64,27.02,40.67,0.01,0.49
2003-04-18,38.48,26.28,38.32,0.01,0.49
2003-04-19,39.07,26.36,33.56,0.0,0.49
2003-04-20,39.81,27.52,36.19,0.0,0.49
2003-04-21,39.61,27.3,38.55,0.0,0.49
2003-04-22,37.66,27.25,40.11,0.02,0.49
2003-04-23,39.49,27.03,35.17,0.0,0.49
2003-04-24,39.7,27.37,30.55,0.0,0.49
2003-04-25,41.21,26.55,28.3,0.0,0.49
2003-04-26,41.58,26.69,28.69,0.0,0.49
2003-04-27,42.46,27.03,28.97,0.02,0.49
2003-04-28,40.76,27.61,30.63,0.0,0.49
2003-04-29,39.22,28.88,32.69,0.0,0.49
2003-04-30,31.93,25.38,47.74,0.01,0.49
2003-05-01,29.08,23.49,56.48,0.02,0.49
2003-05-02,37.2,22.99,42.15,0.01,0.49
2003-05-03,38.06,25.04,42.44,0.03,0.49
2003-05-04,38.92,26.52,46.59,0.0,0.49
2003-05-05,39.97,26.28,43.28,0.0,0.49
2003-05-06,40.31,26.22,39.45,0.0,0.49
2003-05-07,41.19,27.59,35.1,0.0,0.49
2003-05-08,42.55,26.59,30.38,0.0,0.49
2003-05-09,43.16,26.92,25.27,0.0,0.49
2003-05-10,40.09,28.51,35.4,0.01,0.49
2003-05-11,35.65,28.13,43.55,0.0,0.49
2003-05-12,37.34,26.65,42.56,0.01,0.49
2003-05-13,36.85,27.0,46.11,0.01,0.49
2003-05-14,36.27,26.35,50.9,0.0,0.49
2003-05-15,38.37,27.41,47.86,0.02,0.49
2003-05-16,37.18,27.5,51.3,0.09,0.49
2003-05-17,36.76,28.15,49.94,0.08,0.49
2003-05-18,34.84,25.31,59.72,0.05,0.49
2003-05-19,37.28,26.09,55.11,0.03,0.49
2003-05-20,33.7,26.24,54.9,0.03,0.49
2003-05-21,37.52,24.59,45.47,0.0,0.49
2003-05-22,37.47,27.11,42.95,0.0,0.49
2003-05-23,39.59,27.31,39.44,0.0,0.49
2003-05-24,39.73,28.13,38.9,0.01,0.49
2003-05-25,40.28,27.09,40.74,0.01,0.49
2003-05-26,39.97,28.15,42.43,0.0,0.49
2003-05-27,41.07,27.43,42.36,0.0,0.49
2003-05-28,41.37,29.52,37.91,0.0,0.49
2003-05-29,42.97,28.14,36.33,0.0,0.49
2003-05-30,43.49,28.26,24.67,0.0,0.49
2003-05-31,44.47,29.2,24.96,0.02,0.49
2003-06-01,40.96,28.79,40.52,0.0,0.49
2003-06-02,40.39,29.53,43.68,0.03,0.49
2003-06-03,36.76,27.8,52.51,0.02,0.49
2003-06-04,32.39,27.37,61.28,0.05,0.49
2003-06-05,33.43,27.09,55.52,0.03,0.49
2003-06-06,34.88,26.48,54.36,0.01,0.49
2003-06-07,37.72,25.5,48.86,0.01,0.49
2003-06-08,32.52,26.43,56.28,0.01,0.49
2003-06-09,37.04,25.0,54.96,0.01,0.49
2003-06-10,37.54,25.47,55.74,0.03,0.49
2003-06-11,37.32,25.84,54.52,0.01,0.49
2003-06-12,37.81,25.03,50.0,0.0,0.49
2003-06-13,39.37,25.78,45.86,0.0,0.49
2003-06-14,36.8,27.53,49.09,0.0,0.49
2003-06-15,39.72,26.64,44.14,0.0,0.49
2003-06-16,36.61,27.43,48.57,0.0,0.49
2003-06-17,39.27,26.42,46.15,0.0,0.49
2003-06-18,36.27,27.52,52.83,0.0,0.49
2003-06-19,38.41,27.06,50.6,0.0,0.49
2003-06-20,33.1,26.5,57.93,0.02,0.49
2003-06-21,38.37,25.74,51.18,0.01,0.49
2003-06-22,39.73,27.16,46.75,0.01,0.49
2003-06-23,39.34,27.28,47.75,0.01,0.49
2003-06-24,33.98,27.08,59.32,0.01,0.49
2003-06-25,36.92,25.6,53.77,0.01,0.49
2003-06-26,36.32,26.34,55.01,0.02,0.49
2003-06-27,34.71,25.7,54.23,0.01,0.49
2003-06-28,37.85,25.85,51.88,0.02,0.49
2003-06-29,36.69,25.69,57.13,0.12,0.49
2003-06-30,37.36,25.31,55.84,0.62,0.49
2003-07-01,37.56,25.84,50.87,0.0,0.49
2003-07-02,34.39,25.63,57.44,0.02,0.49
2003-07-03,35.45,25.98,50.74,0.0,0.49
2003-07-04,36.82,26.71,49.82,0.02,0.49
2003-07-05,40.01,26.74,44.65,0.0,0.49
2003-07-06,33.9,27.79,54.3,0.0,0.49
2003-07-07,37.62,26.8,47.91,0.01,0.49
2003-07-08,38.13,27.15,47.57,0.0,0.49
2003-07-09,38.05,27.35,48.95,0.0,0.49
2003-07-10,35.91,27.02,52.72,0.0,0.49
2003-07-11,36.95,26.1,52.07,0.01,0.49
2003-07-12,36.93,26.71,49.64,0.02,0.49
2003-07-13,36.29,26.83,53.06,0.01,0.49
2003-07-14,38.82,26.17,50.62,0.0,0.49
2003-07-15,38.75,26.53,46.27,0.0,0.49
2003-07-16,38.39,27.18,49.04,0.0,0.49
2003-07-17,39.48,26.75,47.34,0.0,0.49
2003-07-18,40.36,27.63,42.38,0.0,0.49
2003-07-19,40.41,27.2,44.48,0.0,0.49
2003-07-20,39.96,27.21,46.82,0.01,0.49
2003-07-21,37.32,28.33,49.32,0.06,0.49
2003-07-22,36.56,28.02,51.0,0.0,0.49
2003-07-23,34.81,28.21,55.64,0.0,0.49
2003-07-24,32.54,26.34,65.4,0.01,0.49
2003-07-25,37.52,26.19,57.84,0.0,0.49
2003-07-26,38.38,26.07,50.26,0.0,0.49
2003-07-27,37.82,26.7,48.49,0.01,0.49
2003-07-28,38.58,26.55,48.07,0.0,0.49
2003-07-29,33.12,26.99,59.31,0.02,0.49
2003-07-30,32.89,25.51,61.38,0.03,0.49
2003-07-31,32.68,24.7,60.3,0.0,0.49
2003-08-01,36.73,25.61,50.57,0.01,0.49
2003-08-02,38.0,26.07,48.18,0.0,0.49
2003-08-03,37.39,26.44,48.84,0.01,0.49
2003-08-04,39.6,27.05,44.56,0.0,0.49
2003-08-05,40.61,28.18,42.41,0.0,0.49
2003-08-06,38.82,28.7,46.92,0.0,0.49
2003-08-07,39.44,27.22,47.57,0.0,0.49
2003-08-08,35.35,27.89,50.59,0.01,0.49
2003-08-09,37.07,26.77,54.33,0.0,0.49
2003-08-10,34.04,26.16,55.24,0.03,0.49
2003-08-11,37.93,26.94,50.87,0.0,0.49
2003-08-12,33.47,26.61,61.81,0.01,0.49
2003-08-13,37.1,26.08,53.19,0.0,0.49
2003-08-14,36.86,26.27,53.18,0.01,0.49
2003-08-15,38.28,26.53,49.32,0.0,0.49
2003-08-16,38.84,27.31,46.65,0.0,0.49
2003-08-17,37.56,27.66,50.1,0.01,0.49
2003-08-18,37.09,26.97,57.26,0.02,0.49
2003-08-19,37.92,26.53,51.19,0.0,0.49
2003-08-20,38.21,27.71,50.9,0.0,0.49
2003-08-21,38.9,27.06,52.06,0.0,0.49
2003-08-22,38.38,26.51,50.79,0.02,0.49
2003-08-23,36.41,26.54,49.01,0.01,0.49
2003-08-24,36.11,27.42,51.0,0.0,0.49
2003-08-25,40.75,27.04,47.32,0.0,0.49
2003-08-26,39.87,25.86,49.3,0.0,0.49
2003-08-27,34.53,26.97,56.52,0.02,0.49
2003-08-28,36.62,25.79,51.19,0.0,0.49
2003-08-29,37.15,25.45,44.69,0.0,0.49
2003-08-30,37.5,26.16,47.53,0.03,0.49
2003-08-31,35.54,26.58,50.62,0.01,0.49
2003-09-01,37.7,25.7,52.54,0.0,0.49
2003-09-02,36.31,25.64,54.92,0.0,0.49
2003-09-03,38.23,25.52,48.45,0.0,0.49
2003-09-04,37.31,26.38,51.69,0.06,0.49
2003-09-05,37.11,26.82,53.24,0.04,0.49
2003-09-06,38.12,26.26,49.88,0.01,0.49
2003-09-07,36.81,26.4,50.71,0.01,0.49
2003-09-08,37.83,25.6,50.55,0.0,0.49
2003-09-09,40.19,27.24,44.26,0.01,0.49
2003-09-10,41.32,27.91,42.38,0.0,0.49
2003-09-11,39.19,28.28,49.87,0.0,0.49
2003-09-12,39.44,26.72,50.02,0.0,0.49
2003-09-13,38.5,27.08,47.78,0.01,0.49
2003-09-14,37.69,27.04,53.03,0.01,0.49
2003-09-15,40.02,26.46,42.98,0.0,0.49
2003-09-16,38.47,27.98,45.72,0.0,0.49
2003-09-17,37.66,27.49,48.22,0.0,0.49
2003-09-18,34.36,27.75,54.62,0.0,0.49
2003-09-19,37.45,26.16,49.63,0.0,0.49
2003-09-20,32.42,27.11,57.74,0.0,0.49
2003-09-21,35.99,26.92,52.47,0.02,0.49
2003-09-22,38.01,27.2,48.07,0.0,0.49
2003-09-23,30.68,26.13,60.53,0.01,0.49
2003-09-24,36.44,25.91,50.29,0.05,0.49
2003-09-25,39.31,26.03,44.99,0.0,0.49
2003-09-26,37.2,27.93,48.73,0.01,0.49
2003-09-27,34.78,26.52,55.65,0.0,0.49
2003-09-28,38.19,26.55,46.45,0.06,0.49
2003-09-29,35.95,27.09,51.76,0.0,0.49
2003-09-30,32.26,26.85,59.72,0.01,0.49
2003-10-01,34.79,26.58,57.74,0.01,0.49
2003-10-02,36.15,25.42,55.05,0.01,0.49
2003-10-03,38.98,26.59,42.72,0.0,0.49
2003-10-04,40.15,26.29,38.41,0.0,0.49
2003-10-05,39.03,28.43,37.14,0.0,0.49
2003-10-06,39.14,27.77,38.79,0.0,0.49
2003-10-07,35.75,27.66,48.01,0.04,0.49
2003-10-08,36.01,26.28,48.4,0.03,0.49
2003-10-09,36.79,26.56,50.28,0.0,0.49
2003-10-10,38.14,26.02,49.13,0.02,0.49
2003-10-11,36.49,26.34,50.21,0.06,0.49
2003-10-12,36.68,26.88,50.48,0.03,0.49
2003-10-13,35.74,27.5,50.13,0.07,0.49
2003-10-14,30.31,25.92,64.29,0.1,0.49
2003-10-15,38.34,24.14,43.37,0.01,0.49
2003-10-16,36.89,25.93,39.46,0.0,0.49
2003-10-17,37.72,25.97,40.7,0.0,0.49
2003-10-18,36.53,27.59,46.36,0.0,0.49
2003-10-19,35.23,27.26,48.43,0.0,0.49
2003-10-20,36.15,26.06,53.65,0.1,0.49
2003-10-21,32.68,26.11,56.94,0.17,0.49
2003-10-22,35.01,24.71,55.43,0.0,0.49
2003-10-23,36.38,24.64,50.06,0.0,0.49
2003-10-24,31.95,25.39,58.75,0.0,0.49
2003-10-25,36.12,24.2,47.99,0.01,0.49
2003-10-26,36.74,25.97,42.81,0.0,0.49
2003-10-27,36.94,26.4,41.64,0.0,0.49
2003-10-28,36.38,26.17,42.06,0.0,0.49
2003-10-29,37.49,25.05,41.14,0.16,0.49
2003-10-30,37.77,26.3,39.13,0.01,0.49
2003-10-31,37.39,25.4,36.77,0.0,0.49
2003-11-01,36.21,25.57,36.74,0.0,0.49
2003-11-02,35.99,24.65,38.78,0.0,0.49
2003-11-03,37.08,24.36,32.42,0.06,0.49
2003-11-04,37.12,24.46,30.75,0.0,0.49
2003-11-05,35.65,21.39,30.58,0.0,0.49
2003-11-06,35.27,21.06,36.38,0.0,0.49
2003-11-07,34.26,19.97,36.21,0.0,0.49
2003-11-08,34.38,19.97,29.13,0.0,0.49
2003-11-09,34.04,18.5,29.98,0.0,0.49
2003-11-10,34.61,18.58,29.47,0.0,0.49
2003-11-11,35.31,18.56,27.78,0.0,0.49
2003-11-12,35.64,19.74,33.86,0.0,0.49
2003-11-13,34.5,20.51,36.5,0.0,0.49
2003-11-14,35.61,19.83,32.3,0.0,0.49
2003-11-15,35.83,18.6,28.04,0.0,0.49
2003-11-16,34.83,18.44,23.66,0.0,0.49
2003-11-17,34.66,18.16,24.97,0.0,0.49
2003-11-18,33.91,16.82,27.38,0.0,0.49
2003-11-19,33.74,17.42,26.86,0.0,0.49
2003-11-20,33.75,16.88,31.57,0.0,0.49
2003-11-21,34.02,16.52,32.71,0.0,0.49
2003-11-22,32.46,15.95,29.53,0.0,0.49
2003-11-23,32.38,17.11,31.88,0.0,0.49
2003-11-24,32.04,17.15,36.4,0.0,0.49
2003-11-25,32.04,17.29,37.93,0.0,0.49
2003-11-26,32.88,16.78,32.82,0.0,0.49
2003-11-27,33.16,16.67,31.04,0.0,0.49
2003-11-28,32.28,17.99,42.37,0.0,0.49
2003-11-29,31.68,18.95,46.68,0.0,0.49
2003-11-30,31.91,17.69,46.2,0.0,0.49
2003-12-01,31.73,17.73,45.03,0.0,0.49
2003-12-02,32.0,16.91,39.52,0.0,0.49
2003-12-03,31.33,17.24,38.94,0.0,0.49
2003-12-04,30.65,16.85,42.37,0.0,0.49
2003-12-05,31.23,16.33,42.91,0.0,0.49
2003-12-06,31.06,16.28,41.54,0.0,0.49
2003-12-07,30.23,16.64,42.81,0.0,0.49
2003-12-08,32.17,17.3,43.06,0.0,0.49
2003-12-09,31.13,19.17,42.32,0.0,0.49
2003-12-10,31.96,19.84,44.58,0.0,0.49
2003-12-11,32.84,17.63,43.37,0.0,0.49
2003-12-12,32.57,17.65,38.74,0.0,0.49
2003-12-13,33.24,17.14,35.71,0.0,0.49
2003-12-14,31.66,18.48,36.93,0.0,0.49
2003-12-15,31.87,16.34,36.8,0.0,0.49
2003-12-16,31.99,15.81,35.63,0.0,0.49
2003-12-17,30.5,17.4,39.2,0.0,0.49
2003-12-18,30.13,19.53,46.81,0.0,0.49
2003-12-19,30.21,20.3,46.82,0.01,0.49
2003-12-20,28.55,20.55,52.5,0.09,0.49
2003-12-21,30.21,19.54,51.21,0.0,0.49
2003-12-22,29.76,20.38,50.0,0.0,0.49
2003-12-23,30.36,18.02,53.76,0.0,0.49
2003-12-24,30.89,16.99,45.23,0.0,0.49
2003-12-25,30.96,17.7,45.21,0.0,0.49
2003-12-26,31.64,15.77,41.11,0.0,0.49
2003-12-27,31.35,15.41,36.23,0.0,0.49
2003-12-28,30.9,16.18,38.45,0.0,0.49
2003-12-29,29.48,17.67,48.92,0.0,0.49
2003-12-30,30.98,15.73,46.9,0.0,0.49
2003-12-31,28.74,15.09,42.26,0.0,0.49
2004-01-01,29.75,14.01,41.59,0.0,0.49
2004-01-02,29.56,14.36,40.02,0.0,0.49
2004-01-03,29.25,13.86,41.5,0.0,0.49
2004-01-04,29.48,13.9,39.79,0.0,0.49
2004-01-05,29.43,14.23,35.81,0.0,0.49
2004-01-06,30.37,14.03,35.67,0.0,0.49
2004-01-07,30.68,15.42,34.88,0.0,0.49
2004-01-08,31.7,16.59,36.68,0.0,0.49
2004-01-09,28.64,16.32,42.2,0.03,0.49
2004-01-10,29.79,13.03,34.4,0.0,0.49
2004-01-11,30.26,13.08,32.04,0.0,0.49
2004-01-12,29.98,13.64,34.51,0.0,0.49
2004-01-13,29.63,14.1,32.19,0.0,0.49
2004-01-14,27.45,13.53,30.14,0.01,0.49
2004-01-15,28.56,12.64,33.88,0.0,0.49
2004-01-16,29.64,12.71,37.57,0.0,0.49
2004-01-17,28.98,13.5,39.28,0.0,0.49
2004-01-18,29.75,13.49,36.7,0.0,0.49
2004-01-19,28.95,13.99,34.63,0.0,0.49
2004-01-20,30.32,14.17,35.21,0.0,0.49
2004-01-21,30.02,14.08,40.06,0.0,0.49
2004-01-22,30.63,13.56,35.6,0.0,0.49
2004-01-23,30.12,15.05,32.14,0.0,0.49
2004-01-24,31.01,14.92,33.01,0.0,0.49
2004-01-25,29.85,14.96,37.67,0.01,0.49
2004-01-26,26.84,14.34,49.81,0.0,0.49
2004-01-27,29.2,15.44,40.56,0.0,0.49
2004-01-28,27.58,14.48,32.66,0.0,0.49
2004-01-29,29.97,11.17,25.7,0.0,0.49
2004-01-30,28.99,11.22,21.31,0.0,0.49
2004-01-31,31.22,12.79,18.09,0.0,0.49
2004-02-01,31.68,13.88,20.62,0.0,0.49
2004-02-02,31.98,15.07,26.38,0.0,0.49
2004-02-03,29.36,17.81,37.73,0.0,0.49
2004-02-04,28.34,14.76,35.19,0.0,0.49
2004-02-05,30.98,11.46,25.87,0.0,0.49
2004-02-06,28.44,11.12,20.96,0.0,0.49
2004-02-07,29.29,13.48,25.7,0.0,0.49
2004-02-08,31.41,12.42,26.4,0.0,0.49
2004-02-09,30.73,13.65,29.21,0.0,0.49
2004-02-10,30.65,14.54,37.19,0.0,0.49
2004-02-11,31.76,15.18,35.91,0.0,0.49
2004-02-12,32.82,14.51,30.59,0.0,0.49
2004-02-13,34.22,16.18,32.09,0.0,0.49
2004-02-14,31.6,16.39,42.4,0.0,0.49
2004-02-15,31.29,16.22,36.25,0.0,0.49
2004-02-16,31.99,14.9,26.12,0.0,0.49
2004-02-17,32.95,14.48,26.53,0.0,0.49
2004-02-18,32.64,14.95,24.99,0.0,0.49
2004-02-19,31.19,14.85,27.54,0.0,0.49
2004-02-20,30.79,15.24,32.58,0.0,0.49
2004-02-21,32.58,15.19,31.77,0.0,0.49
2004-02-22,33.17,16.18,33.93,0.0,0.49
2004-02-23,32.15,14.84,25.91,0.0,0.49
2004-02-24,33.07,15.34,24.26,0.0,0.49
2004-02-25,33.74,16.37,30.25,0.0,0.49
2004-02-26,33.94,17.05,33.43,0.0,0.49
2004-02-27,33.71,18.07,34.61,0.0,0.49
2004-02-28,32.32,17.57,36.29,0.0,0.49
2004-02-29,33.47,16.96,37.31,0.0,0.49
2004-03-01,34.05,17.59,30.24,0.0,0.49
2004-03-02,34.12,18.56,27.55,0.0,0.49
2004-03-03,35.84,16.58,19.77,0.0,0.49
2004-03-04,34.37,19.07,19.31,0.0,0.49
2004-03-05,34.11,15.56,18.19,0.0,0.49
2004-03-06,36.27,15.54,16.9,0.0,0.49
2004-03-07,36.78,17.16,17.56,0.0,0.49
2004-03-08,34.91,20.52,33.11,0.0,0.49
2004-03-09,34.45,23.4,37.64,0.0,0.49
2004-03-10,34.93,22.04,34.12,0.0,0.49
2004-03-11,34.71,20.87,30.7,0.0,0.49
2004-03-12,36.2,19.61,27.45,0.0,0.49
2004-03-13,35.75,19.71,26.21,0.0,0.49
2004-03-14,36.8,18.81,27.14,0.0,0.49
2004-03-15,37.96,21.13,26.77,0.0,0.49
2004-03-16,36.74,20.57,24.56,0.0,0.49
2004-03-17,36.1,20.56,27.6,0.0,0.49
2004-03-18,36.16,20.65,30.48,0.0,0.49
2004-03-19,37.03,21.02,25.88,0.0,0.49
2004-03-20,37.02,19.89,26.73,0.0,0.49
2004-03-21,37.02,21.54,31.73,0.0,0.49
2004-03-22,37.16,21.21,33.46,0.0,0.49
2004-03-23,37.65,21.02,36.43,0.0,0.49
2004-03-24,37.73,21.34,37.31,0.0,0.49
2004-03-25,37.81,21.83,35.83,0.0,0.49
2004-03-26,38.38,22.46,32.97,0.0,0.49
2004-03-27,39.34,22.37,31.89,0.0,0.49
2004-03-28,38.79,22.01,33.57,0.0,0.49
2004-03-29,38.38,23.57,36.03,0.0,0.49
2004-03-30,38.71,23.49,33.02,0.0,0.49
2004-03-31,34.49,26.07,36.95,0.01,0.49
2004-04-01,32.48,23.48,48.31,0.01,0.49
2004-04-02,35.39,20.73,41.79,0.0,0.49
2004-04-03,38.07,22.75,30.46,0.0,0.49
2004-04-04,38.06,24.61,30.23,0.0,0.49
2004-04-05,35.33,25.92,35.98,0.0,0.49
2004-04-06,35.23,24.97,37.51,0.0,0.49
2004-04-07,34.06,24.91,39.85,0.01,0.49
2004-04-08,31.42,24.08,45.85,0.04,0.49
2004-04-09,35.23,22.11,41.0,0.02,0.49
2004-04-10,37.11,22.21,39.72,0.0,0.49
2004-04-11,37.98,24.0,42.82,0.0,0.49
2004-04-12,38.25,25.53,41.77,0.01,0.49
2004-04-13,39.63,26.06,36.31,0.04,0.49
2004-04-14,39.47,25.56,34.12,0.0,0.49
2004-04-15,39.38,24.94,38.93,0.07,0.49
2004-04-16,37.32,24.92,46.17,0.08,0.49
2004-04-17,37.39,25.32,49.9,0.03,0.49
2004-04-18,34.72,25.48,50.24,0.0,0.49
2004-04-19,33.07,25.83,51.78,0.0,0.49
2004-04-20,33.55,24.63,49.19,0.01,0.49
2004-04-21,38.37,23.77,34.44,0.0,0.49
2004-04-22,39.98,25.88,29.35,0.04,0.49
2004-04-23,39.65,26.08,37.25,0.0,0.49
2004-04-24,39.67,25.43,37.04,0.0,0.49
2004-04-25,39.82,25.55,34.27,0.0,0.49
2004-04-26,40.23,26.54,28.47,0.0,0.49
2004-04-27,41.33,25.87,28.35,0.04,0.49
2004-04-28,38.89,25.56,36.53,0.02,0.49
2004-04-29,39.54,27.13,30.92,0.01,0.49
2004-04-30,40.53,25.74,32.98,0.02,0.49
2004-05-01,41.12,26.86,32.12,0.0,0.49
2004-05-02,41.27,26.87,34.21,0.0,0.49
2004-05-03,41.52,26.85,34.04,0.0,0.49
2004-05-04,40.04,29.77,33.24,0.0,0.49
2004-05-05,39.98,29.08,32.46,0.01,0.49
2004-05-06,39.69,27.36,31.55,0.0,0.49
2004-05-07,40.24,27.51,38.06,0.0,0.49
2004-05-08,40.79,27.45,35.82,0.0,0.49
2004-05-09,41.26,26.79,35.68,0.0,0.49
2004-05-10,41.38,29.69,38.27,0.0,0.49
2004-05-11,40.93,29.16,42.61,0.02,0.49
2004-05-12,40.24,27.42,45.96,0.0,0.49
2004-05-13,40.73,28.17,43.07,0.0,0.49
2004-05-14,36.74,29.18,49.33,0.0,0.49
2004-05-15,35.5,27.78,59.37,0.06,0.49
2004-05-16,35.35,27.07,62.69,1.06,0.49
2004-05-17,33.2,26.29,70.48,4.19,0.49
2004-05-18,34.19,25.3,69.01,7.75,0.5
2004-05-19,33.52,25.31,69.29,0.41,0.51
2004-05-20,29.56,24.35,70.76,0.01,0.5
2004-05-21,31.63,23.99,67.15,0.18,0.5
2004-05-22,31.77,25.93,66.71,1.3,0.5
2004-05-23,32.22,24.47,67.43,1.86,0.5
2004-05-24,36.35,23.09,57.65,0.56,0.5
2004-05-25,36.07,23.93,58.14,5.6,0.51
2004-05-26,35.47,25.29,59.82,0.95,0.51
2004-05-27,33.7,25.35,63.2,0.52,0.5
2004-05-28,29.82,24.82,80.46,7.03,0.51
2004-05-29,33.14,23.45,73.42,8.85,0.52
2004-05-30,33.39,23.59,69.43,0.1,0.52
2004-05-31,35.22,24.07,62.22,0.01,0.52
2004-06-01,33.84,25.65,61.71,0.11,0.51
2004-06-02,30.77,24.37,71.81,0.51,0.51
2004-06-03,34.83,24.78,60.38,0.18,0.51
2004-06-04,36.84,24.99,56.39,0.1,0.5
2004-06-05,36.77,25.69,57.14,1.0,0.5
2004-06-06,36.8,26.67,53.09,0.01,0.5
2004-06-07,32.28,26.26,64.82,0.03,0.5
2004-06-08,36.45,26.28,52.24,0.0,0.5
2004-06-09,32.35,27.1,62.43,0.0,0.5
2004-06-10,31.98,25.74,63.42,0.01,0.5
2004-06-11,39.65,26.07,51.14,0.0,0.5
2004-06-12,35.11,26.73,54.95,0.0,0.5
2004-06-13,35.07,26.35,55.78,0.0,0.5
2004-06-14,38.74,27.05,48.54,0.0,0.5
2004-06-15,36.03,27.24,50.46,0.02,0.49
2004-06-16,38.32,26.86,51.68,0.02,0.49
2004-06-17,38.86,26.95,55.28,0.02,0.49
2004-06-18,34.16,26.14,57.96,0.03,0.49
2004-06-19,37.29,25.93,53.6,0.07,0.49
2004-06-20,36.77,26.1,55.62,0.05,0.49
2004-06-21,33.62,26.13,58.34,0.07,0.49
2004-06-22,35.58,25.92,55.31,0.0,0.49
2004-06-23,36.51,26.06,52.14,0.01,0.49
2004-06-24,38.02,25.79,49.19,0.0,0.49
2004-06-25,37.51,26.16,47.55,0.0,0.49
2004-06-26,37.98,26.43,46.52,0.0,0.49
2004-06-27,36.95,26.1,53.7,0.01,0.49
2004-06-28,33.05,26.32,59.29,0.0,0.49
2004-06-29,34.78,24.53,58.46,0.01,0.49
2004-06-30,38.91,26.06,43.9,0.0,0.49
2004-07-01,40.31,26.58,41.89,0.01,0.49
2004-07-02,39.15,26.05,48.21,0.01,0.49
2004-07-03,38.35,26.72,46.44,0.01,0.49
2004-07-04,37.44,27.61,50.93,0.05,0.49
2004-07-05,33.4,27.04,53.77,0.11,0.49
2004-07-06,34.43,26.51,56.42,0.0,0.49
2004-07-07,35.53,26.04,50.53,0.0,0.49
2004-07-08,36.51,25.94,49.38,0.01,0.49
2004-07-09,33.9,24.73,52.88,0.1,0.49
2004-07-10,33.37,25.32,59.28,0.04,0.49
2004-07-11,34.86,24.72,57.66,0.71,0.49
2004-07-12,36.2,24.49,60.52,6.92,0.5
2004-07-13,35.21,25.13,67.52,3.71,0.51
2004-07-14,33.96,24.7,67.22,0.09,0.51
2004-07-15,31.2,24.84,69.6,0.01,0.5
2004-07-16,35.7,25.31,56.17,0.0,0.5
2004-07-17,36.42,25.7,53.37,0.0,0.5
2004-07-18,35.62,25.89,55.33,0.0,0.5
2004-07-19,33.83,26.13,56.99,0.0,0.5
2004-07-20,37.24,26.25,50.69,0.02,0.5
2004-07-21,35.24,25.22,51.58,0.01,0.5
2004-07-22,35.72,25.94,52.35,0.01,0.5
2004-07-23,31.56,25.72,61.48,0.06,0.5
2004-07-24,33.81,24.53,57.51,0.01,0.49
2004-07-25,36.29,25.0,55.55,0.03,0.49
2004-07-26,36.13,25.79,49.53,0.01,0.49
2004-07-27,38.26,26.43,47.2,0.15,0.49
2004-07-28,32.45,25.94,58.85,3.3,0.5
2004-07-29,36.32,25.52,53.68,0.0,0.5
2004-07-30,38.24,25.55,47.57,0.01,0.5
2004-07-31,37.05,26.33,51.31,0.24,0.5
2004-08-01,35.67,26.61,54.9,0.01,0.5
2004-08-02,40.02,26.15,50.49,0.01,0.49
2004-08-03,36.38,26.88,55.15,0.03,0.49
2004-08-04,33.11,25.26,62.64,0.24,0.49
2004-08-05,34.45,24.59,59.19,0.0,0.49
2004-08-06,37.33,24.85,50.91,0.02,0.49
2004-08-07,37.44,25.84,52.71,0.0,0.49
2004-08-08,34.83,26.36,56.97,0.03,0.49
2004-08-09,34.75,25.62,56.84,0.0,0.49
2004-08-10,32.48,25.86,61.55,0.01,0.49
2004-08-11,34.84,24.73,58.59,0.0,0.49
2004-08-12,34.98,25.46,57.38,0.0,0.49
2004-08-13,35.16,25.39,57.06,0.0,0.49
2004-08-14,36.02,25.57,55.99,0.02,0.49
2004-08-15,36.03,25.43,53.37,0.01,0.49
2004-08-16,37.3,26.41,50.28,0.06,0.49
2004-08-17,35.86,27.25,53.08,0.0,0.49
2004-08-18,35.39,26.32,60.99,0.0,0.49
2004-08-19,36.44,25.48,57.73,0.0,0.49
2004-08-20,38.09,26.68,50.35,0.01,0.49
2004-08-21,39.04,26.77,49.95,0.01,0.49
2004-08-22,39.19,27.13,48.02,0.0,0.49
2004-08-23,37.09,27.15,53.67,0.0,0.49
2004-08-24,37.87,26.6,50.27,0.0,0.49
2004-08-25,36.64,27.12,51.53,0.02,0.49
2004-08-26,33.22,25.95,58.37,0.09,0.49
2004-08-27,32.23,26.29,60.75,0.01,0.49
2004-08-28,34.3,25.77,59.2,0.02,0.49
2004-08-29,34.5,26.25,58.23,0.0,0.49
2004-08-30,37.98,25.84,51.94,0.01,0.49
2004-08-31,37.41,26.21,49.39,0.06,0.49
2004-09-01,36.54,26.52,51.24,0.08,0.49
2004-09-02,33.26,26.84,59.05,0.03,0.49
2004-09-03,36.9,25.87,50.33,0.0,0.49
2004-09-04,34.85,26.04,55.6,0.0,0.49
2004-09-05,38.04,25.9,52.35,0.0,0.49
2004-09-06,38.39,26.3,47.83,0.02,0.49
2004-09-07,31.98,26.9,56.56,0.14,0.49
2004-09-08,35.43,26.14,60.15,0.26,0.49
2004-09-09,37.28,25.56,55.81,0.83,0.49
2004-09-10,33.37,23.89,71.81,15.59,0.51
2004-09-11,29.34,23.48,72.52,0.12,0.52
2004-09-12,33.27,24.0,64.52,0.27,0.51
2004-09-13,32.73,24.31,67.65,0.03,0.51
2004-09-14,33.33,24.14,70.4,0.06,0.51
2004-09-15,34.14,24.05,62.81,0.01,0.51
2004-09-16,32.54,24.73,63.82,0.03,0.5
2004-09-17,34.71,24.62,59.98,0.02,0.5
2004-09-18,33.29,25.27,60.77,0.0,0.5
2004-09-19,35.56,25.2,54.1,0.0,0.5
2004-09-20,37.82,25.75,49.48,0.03,0.5
2004-09-21,37.1,25.84,53.71,3.09,0.5
2004-09-22,30.13,23.23,78.87,13.27,0.52
2004-09-23,34.5,23.36,68.49,0.0,0.52
2004-09-24,36.01,24.01,59.99,0.0,0.52
2004-09-25,35.87,24.76,58.52,0.0,0.51
2004-09-26,28.22,24.51,73.51,0.0,0.51
2004-09-27,35.71,23.47,60.99,0.0,0.51
2004-09-28,35.74,24.96,61.17,0.0,0.5
2004-09-29,36.09,25.2,57.04,0.0,0.5
2004-09-30,36.04,26.45,55.87,0.0,0.5
2004-10-01,39.44,24.8,49.59,0.02,0.5
2004-10-02,39.16,27.34,43.66,0.01,0.5
2004-10-03,38.08,24.7,44.6,0.01,0.5
2004-10-04,35.36,24.74,54.71,0.06,0.5
2004-10-05,33.0,25.22,57.47,0.18,0.5
2004-10-06,35.11,25.04,54.49,0.1,0.5
2004-10-07,35.23,25.24,52.49,0.02,0.5
2004-10-08,36.05,25.01,50.71,0.05,0.5
2004-10-09,36.87,25.2,48.16,0.03,0.49
2004-10-10,36.18,26.41,49.48,1.34,0.5
2004-10-11,37.04,26.26,50.64,0.88,0.5
2004-10-12,32.8,25.75,60.76,1.24,0.5
2004-10-13,31.97,24.75,65.78,0.84,0.5
2004-10-14,29.8,23.77,69.72,0.11,0.5
2004-10-15,30.62,23.37,68.07,0.3,0.5
2004-10-16,33.29,23.28,67.17,1.35,0.5
2004-10-17,35.48,23.31,54.14,0.0,0.5
2004-10-18,37.41,24.14,44.11,0.01,0.5
2004-10-19,37.99,25.4,42.83,0.05,0.5
2004-10-20,36.37,24.9,52.43,0.0,0.5
2004-10-21,36.93,24.79,45.6,0.02,0.5
2004-10-22,36.23,24.52,44.51,0.45,0.5
2004-10-23,34.7,25.24,46.94,0.0,0.49
2004-10-24,34.96,24.87,46.54,0.0,0.49
2004-10-25,37.3,24.57,36.59,0.02,0.49
2004-10-26,36.57,24.8,33.91,0.01,0.49
2004-10-27,34.5,22.06,36.79,0.0,0.49
2004-10-28,34.26,20.89,37.23,0.0,0.49
2004-10-29,35.46,20.02,38.64,0.0,0.49
2004-10-30,35.5,21.34,35.96,0.0,0.49
2004-10-31,36.71,21.01,35.88,0.0,0.49
2004-11-01,35.97,21.65,35.01,0.0,0.49
2004-11-02,34.36,23.06,41.91,0.0,0.49
2004-11-03,34.29,24.17,46.17,0.0,0.49
2004-11-04,33.92,23.96,47.52,0.0,0.49
2004-11-05,35.29,23.64,45.75,0.0,0.49
2004-11-06,34.51,23.83,45.28,0.01,0.49
2004-11-07,34.41,23.03,45.92,0.03,0.49
2004-11-08,34.75,22.57,42.4,0.0,0.49
2004-11-09,34.06,19.83,32.05,0.0,0.49
2004-11-10,34.22,19.48,32.82,0.0,0.49
2004-11-11,34.57,19.84,34.54,0.0,0.49
2004-11-12,34.47,20.54,34.51,0.0,0.49
2004-11-13,34.84,19.34,30.58,0.0,0.49
2004-11-14,35.23,18.51,30.57,0.0,0.49
2004-11-15,34.05,17.69,30.54,0.0,0.49
2004-11-16,34.11,17.64,30.87,0.0,0.49
2004-11-17,33.48,17.67,33.87,0.02,0.49
2004-11-18,33.4,18.7,46.33,0.0,0.49
2004-11-19,31.98,20.97,50.92,0.01,0.49
2004-11-20,32.84,19.95,43.48,0.48,0.49
2004-11-21,33.42,21.18,39.96,0.36,0.49
2004-11-22,30.88,21.25,51.99,0.0,0.49
2004-11-23,31.45,21.32,46.01,0.1,0.49
2004-11-24,31.8,20.74,46.83,0.11,0.49
2004-11-25,33.23,20.03,39.73,0.01,0.49
2004-11-26,33.07,19.71,45.98,0.6,0.49
2004-11-27,32.14,20.08,50.82,0.16,0.49
2004-11-28,32.63,21.15,49.54,1.78,0.49
2004-11-29,27.79,19.66,63.68,1.73,0.5
2004-11-30,31.39,16.86,47.89,0.0,0.5
2004-12-01,31.16,16.56,42.05,0.0,0.5
2004-12-02,31.52,17.17,44.09,0.0,0.49
2004-12-03,31.83,16.72,42.99,0.0,0.49
2004-12-04,32.85,16.66,40.07,0.0,0.49
2004-12-05,30.47,16.42,40.72,0.0,0.49
2004-12-06,30.96,16.34,40.9,0.0,0.49
2004-12-07,30.5,18.57,40.56,0.0,0.49
2004-12-08,30.19,16.39,38.82,0.0,0.49
2004-12-09,30.45,16.04,40.37,0.0,0.49
2004-12-10,30.38,16.71,41.86,0.0,0.49
2004-12-11,31.71,16.18,40.15,0.0,0.49
2004-12-12,32.31,16.79,36.63,0.0,0.49
2004-12-13,30.05,15.75,41.6,0.0,0.49
2004-12-14,30.62,15.27,42.3,0.0,0.49
2004-12-15,29.54,15.72,43.4,0.0,0.49
2004-12-16,29.66,16.65,44.39,0.01,0.49
2004-12-17,30.12,15.64,42.94,0.02,0.49
2004-12-18,30.74,14.8,40.09,0.0,0.49
2004-12-19,30.2,13.85,33.87,0.0,0.49
2004-12-20,27.69,13.85,40.75,0.0,0.49
2004-12-21,28.0,14.09,41.75,0.0,0.49
2004-12-22,28.88,13.36,43.27,0.0,0.49
2004-12-23,29.31,13.57,47.86,0.0,0.49
2004-12-24,29.49,13.28,42.31,0.0,0.49
2004-12-25,30.05,14.05,38.12,0.0,0.49
2004-12-26,29.23,14.22,38.32,0.0,0.49
2004-12-27,27.55,13.71,43.45,0.0,0.49
2004-12-28,29.04,12.35,41.94,0.0,0.49
2004-12-29,28.41,12.65,39.68,0.0,0.49
2004-12-30,29.21,13.31,36.06,0.0,0.49
2004-12-31,30.06,13.58,37.69,0.0,0.49
2005-01-01,28.44,14.3,45.8,0.0,0.49
2005-01-02,30.02,13.97,39.9,0.0,0.49
2005-01-03,30.91,14.48,33.3,0.0,0.49
2005-01-04,31.79,15.47,34.13,0.0,0.49
2005-01-05,32.45,15.85,34.52,0.0,0.49
2005-01-06,31.75,14.97,31.63,0.0,0.49
2005-01-07,30.79,15.27,34.37,0.0,0.49
2005-01-08,30.03,15.02,41.18,0.0,0.49
2005-01-09,29.58,14.76,41.47,0.0,0.49
2005-01-10,27.12,12.5,34.99,0.0,0.49
2005-01-11,27.43,11.45,31.18,0.0,0.49
2005-01-12,25.96,13.05,38.73,0.0,0.49
2005-01-13,27.81,13.08,45.93,0.0,0.49
2005-01-14,28.16,12.74,45.34,0.0,0.49
2005-01-15,29.56,13.31,40.88,0.0,0.49
2005-01-16,29.59,13.68,38.87,0.0,0.49
2005-01-17,29.9,13.51,35.0,0.0,0.49
2005-01-18,29.49,13.83,44.1,0.0,0.49
2005-01-19,29.32,15.04,49.21,0.0,0.49
2005-01-20,27.83,13.86,41.61,0.0,0.49
2005-01-21,29.57,12.93,37.78,0.0,0.49
2005-01-22,28.66,12.62,37.07,0.0,0.49
2005-01-23,30.07,13.42,32.93,0.0,0.49
2005-01-24,28.77,13.73,33.72,0.0,0.49
2005-01-25,29.45,13.41,31.79,0.0,0.49
2005-01-26,30.29,14.17,39.32,0.0,0.49
2005-01-27,30.41,14.46,39.7,0.0,0.49
2005-01-28,31.08,14.35,32.64,0.0,0.49
2005-01-29,30.28,14.91,27.83,0.0,0.49
2005-01-30,33.31,15.57,27.56,0.0,0.49
2005-01-31,34.99,16.09,28.08,0.0,0.49
2005-02-01,33.24,16.8,26.25,0.0,0.49
2005-02-02,30.87,15.41,28.79,0.0,0.49
2005-02-03,31.25,16.57,28.57,0.0,0.49
2005-02-04,31.93,14.58,27.17,0.0,0.49
2005-02-05,30.8,13.64,25.14,0.0,0.49
2005-02-06,30.94,14.3,22.91,0.0,0.49
2005-02-07,32.41,14.08,21.94,0.0,0.49
2005-02-08,33.49,13.89,26.51,0.0,0.49
2005-02-09,32.82,14.76,29.62,0.0,0.49
2005-02-10,33.45,15.65,29.02,0.0,0.49
2005-02-11,34.14,15.18,28.04,0.0,0.49
2005-02-12,33.23,15.88,28.76,0.0,0.49
2005-02-13,33.64,16.27,25.86,0.0,0.49
2005-02-14,32.08,17.17,43.2,0.0,0.49
2005-02-15,31.89,17.24,47.11,0.0,0.49
2005-02-16,32.48,17.21,45.93,0.0,0.49
2005-02-17,33.05,17.47,37.71,0.0,0.49
2005-02-18,34.19,18.7,36.18,0.0,0.49
2005-02-19,36.05,18.4,29.09,0.0,0.49
2005-02-20,35.65,18.71,27.56,0.0,0.49
2005-02-21,35.16,19.59,28.2,0.0,0.49
2005-02-22,35.26,20.54,30.26,0.0,0.49
2005-02-23,33.92,18.48,31.04,0.0,0.49
2005-02-24,33.89,19.0,28.67,0.0,0.49
2005-02-25,31.53,17.96,32.15,0.0,0.49
2005-02-26,34.3,18.53,24.97,0.0,0.49
2005-02-27,34.46,18.47,22.04,0.0,0.49
2005-02-28,34.04,17.07,22.82,0.0,0.49
2005-03-01,34.06,17.73,24.26,0.0,0.49
2005-03-02,35.22,18.16,23.99,0.0,0.49
2005-03-03,35.69,18.83,28.61,0.0,0.49
2005-03-04,36.45,19.26,32.76,0.02,0.49
2005-03-05,34.37,20.06,34.67,0.04,0.49
2005-03-06,31.71,22.76,41.26,0.03,0.49
2005-03-07,35.84,20.65,39.1,0.0,0.49
2005-03-08,36.14,20.94,35.89,0.0,0.49
2005-03-09,35.41,23.57,33.43,0.0,0.49
2005-03-10,35.52,20.8,36.0,0.0,0.49
2005-03-11,36.12,22.46,35.13,0.0,0.49
2005-03-12,34.5,22.26,34.57,0.0,0.49
2005-03-13,33.76,23.31,36.19,0.0,0.49
2005-03-14,36.48,22.07,33.1,0.02,0.49
2005-03-15,35.11,21.2,36.2,0.02,0.49
2005-03-16,34.11,20.47,37.89,0.0,0.49
2005-03-17,36.16,19.08,27.51,0.0,0.49
2005-03-18,37.4,20.4,25.05,0.0,0.49
2005-03-19,38.38,20.48,22.8,0.02,0.49
2005-03-20,36.62,20.83,29.93,0.0,0.49
2005-03-21,36.98,21.22,30.37,0.0,0.49
2005-03-22,37.92,21.76,30.76,0.0,0.49
2005-03-23,37.54,23.68,34.86,0.01,0.49
2005-03-24,37.26,23.52,32.86,0.05,0.49
2005-03-25,33.81,21.31,39.36,0.03,0.49
2005-03-26,33.6,20.96,44.32,0.0,0.49
2005-03-27,35.06,21.0,38.11,0.0,0.49
2005-03-28,36.8,21.93,28.96,0.0,0.49
2005-03-29,37.6,21.94,29.84,0.0,0.49
2005-03-30,37.57,22.09,32.35,0.0,0.49
2005-03-31,37.9,22.74,30.47,0.0,0.49
2005-04-01,38.56,23.8,31.59,0.0,0.49
2005-04-02,38.76,24.58,32.67,0.0,0.49
2005-04-03,39.13,25.42,33.66,2.28,0.49
2005-04-04,37.53,23.96,37.22,0.04,0.49
2005-04-05,36.31,23.75,35.57,0.0,0.49
2005-04-06,36.94,21.75,36.48,0.0,0.49
2005-04-07,37.38,22.71,31.97,0.0,0.49
2005-04-08,37.92,21.43,28.01,0.0,0.49
2005-04-09,38.64,22.07,31.84,0.0,0.49
2005-04-10,38.72,24.76,46.51,0.01,0.49
2005-04-11,32.54,26.0,56.89,0.36,0.49
2005-04-12,38.04,25.41,46.75,0.0,0.49
2005-04-13,39.86,25.33,39.36,0.0,0.49
2005-04-14,40.26,23.98,25.09,0.0,0.49
2005-04-15,39.07,23.65,21.99,0.0,0.49
2005-04-16,39.67,23.32,30.8,0.0,0.49
2005-04-17,39.43,24.28,30.62,0.0,0.49
2005-04-18,35.39,26.69,35.59,0.0,0.49
2005-04-19,40.5,26.44,30.42,0.0,0.49
2005-04-20,37.51,27.19,28.24,0.01,0.49
2005-04-21,35.56,26.64,38.4,0.0,0.49
2005-04-22,38.54,25.25,41.44,0.0,0.49
2005-04-23,39.4,26.06,38.56,0.0,0.49
2005-04-24,39.49,26.35,38.79,0.01,0.49
2005-04-25,39.76,27.67,35.54,0.0,0.49
2005-04-26,36.68,27.62,40.26,0.03,0.49
2005-04-27,34.53,26.92,45.08,0.01,0.49
2005-04-28,37.25,25.15,43.08,0.0,0.49
2005-04-29,37.59,25.55,40.36,0.0,0.49
2005-04-30,38.26,26.29,36.1,0.0,0.49
2005-05-01,37.75,25.56,34.38,0.0,0.49
2005-05-02,37.95,26.29,38.05,0.02,0.49
2005-05-03,36.13,25.53,42.06,0.01,0.49
2005-05-04,37.78,25.87,38.31,0.0,0.49
2005-05-05,36.58,26.39,40.62,0.0,0.49
2005-05-06,35.78,26.4,44.9,0.05,0.49
2005-05-07,36.03,25.46,47.04,0.04,0.49
2005-05-08,37.02,26.19,43.17,0.0,0.49
2005-05-09,39.18,26.4,40.16,0.0,0.49
2005-05-10,38.92,27.39,44.25,0.0,0.49
2005-05-11,39.96,26.68,43.32,0.0,0.49
2005-05-12,39.19,27.27,40.36,0.01,0.49
2005-05-13,40.6,26.56,28.22,0.0,0.49
2005-05-14,40.57,25.77,28.66,0.0,0.49
2005-05-15,40.71,27.27,32.0,0.0,0.49
2005-05-16,40.54,26.36,35.81,0.0,0.49
2005-05-17,40.48,27.28,35.0,0.0,0.49
2005-05-18,41.03,27.86,28.49,0.01,0.49
2005-05-19,41.16,29.52,29.17,0.0,0.49
2005-05-20,40.93,29.12,29.52,0.0,0.49
2005-05-21,37.84,28.18,38.66,0.0,0.49
2005-05-22,39.98,27.93,35.42,0.0,0.49
2005-05-23,40.76,28.16,33.6,0.0,0.49
2005-05-24,38.44,29.58,38.46,0.0,0.49
2005-05-25,39.26,28.66,41.95,0.01,0.49
2005-05-26,38.46,29.02,45.84,0.0,0.49
2005-05-27,37.15,29.08,43.46,0.0,0.49
2005-05-28,37.67,27.19,45.75,0.0,0.49
2005-05-29,40.97,27.31,41.71,0.0,0.49
2005-05-30,42.81,29.22,33.04,0.01,0.49
2005-05-31,39.21,29.25,44.5,0.06,0.49
2005-06-01,35.44,27.71,55.99,0.03,0.49
2005-06-02,35.8,27.67,52.67,0.0,0.49
2005-06-03,40.14,26.55,44.52,0.0,0.49
2005-06-04,38.76,28.51,40.87,0.0,0.49
2005-06-05,41.32,27.58,39.01,0.0,0.49
2005-06-06,40.57,28.01,38.86,0.0,0.49
2005-06-07,40.18,28.21,43.25,0.01,0.49
2005-06-08,33.83,28.26,56.09,0.05,0.49
2005-06-09,39.47,27.42,49.86,0.01,0.49
2005-06-10,37.66,28.55,55.97,0.0,0.49
2005-06-11,36.88,26.57,53.85,0.01,0.49
2005-06-12,38.87,27.51,50.49,0.0,0.49
2005-06-13,38.36,28.16,48.39,0.01,0.49
2005-06-14,39.06,27.78,48.0,0.0,0.49
2005-06-15,37.66,27.41,53.85,0.01,0.49
2005-06-16,38.63,27.27,55.14,0.0,0.49
2005-06-17,33.08,26.21,61.06,0.03,0.49
2005-06-18,34.66,26.74,57.66,0.04,0.49
2005-06-19,36.9,27.1,51.84,0.0,0.49
2005-06-20,34.65,27.58,55.97,0.07,0.49
2005-06-21,37.16,27.8,53.13,0.03,0.49
2005-06-22,37.28,27.95,51.68,0.0,0.49
2005-06-23,36.88,27.49,58.14,0.02,0.49
2005-06-24,37.39,26.37,55.9,0.02,0.49
2005-06-25,36.38,26.12,56.43,0.67,0.49
2005-06-26,33.51,25.34,66.96,3.83,0.49
2005-06-27,34.05,25.12,65.09,0.5,0.49
2005-06-28,36.61,25.55,54.96,0.02,0.49
2005-06-29,36.79,25.55,53.19,0.0,0.49
2005-06-30,36.23,25.96,58.37,0.0,0.49
2005-07-01,34.45,25.5,62.97,0.01,0.49
2005-07-02,36.66,25.03,55.84,0.0,0.49
2005-07-03,36.22,25.9,55.42,0.0,0.49
2005-07-04,36.76,25.99,50.76,0.0,0.49
2005-07-05,38.84,26.29,48.48,0.0,0.49
2005-07-06,39.43,26.54,48.45,0.01,0.49
2005-07-07,39.72,27.31,46.42,0.0,0.49
2005-07-08,38.58,27.69,47.42,0.0,0.49
2005-07-09,37.25,26.59,49.7,0.0,0.49
2005-07-10,36.65,26.51,49.44,0.01,0.49
2005-07-11,34.87,27.21,54.12,0.0,0.49
2005-07-12,36.75,26.1,50.42,0.01,0.49
2005-07-13,35.79,28.0,49.68,0.01,0.49
2005-07-14,36.69,27.88,47.31,0.0,0.49
2005-07-15,31.43,26.66,57.51,0.02,0.49
2005-07-16,37.13,25.19,49.87,0.04,0.49
2005-07-17,37.6,26.08,48.39,0.01,0.49
2005-07-18,35.77,27.49,52.29,0.04,0.49
2005-07-19,36.33,27.66,50.72,0.02,0.49
2005-07-20,33.37,26.81,59.23,0.02,0.49
2005-07-21,37.32,25.81,52.07,0.0,0.49
2005-07-22,35.84,26.66,58.14,0.0,0.49
2005-07-23,37.47,25.83,54.37,0.0,0.49
2005-07-24,37.7,26.62,50.59,0.0,0.49
2005-07-25,37.17,26.63,52.75,0.07,0.49
2005-07-26,33.53,26.73,60.01,0.0,0.49
2005-07-27,36.05,26.33,55.48,0.0,0.49
2005-07-28,39.32,25.99,51.91,0.01,0.49
2005-07-29,39.42,26.45,49.73,0.0,0.49
2005-07-30,39.66,27.51,48.53,0.0,0.49
2005-07-31,36.3,26.81,53.07,0.0,0.49
2005-08-01,36.48,27.12,56.42,0.04,0.49
2005-08-02,37.69,26.63,55.31,0.0,0.49
2005-08-03,36.23,26.39,57.18,0.0,0.49
2005-08-04,36.77,26.24,53.69,0.0,0.49
2005-08-05,36.66,26.09,53.4,0.0,0.49
2005-08-06,34.84,25.88,56.07,0.0,0.49
2005-08-07,39.03,26.24,50.93,0.0,0.49
2005-08-08,38.97,27.46,51.64,0.02,0.49
2005-08-09,38.68,27.22,53.64,0.01,0.49
2005-08-10,37.96,27.01,56.97,0.0,0.49
2005-08-11,38.72,27.07,48.44,0.01,0.49
2005-08-12,37.81,27.5,52.2,0.0,0.49
2005-08-13,36.08,26.58,63.25,0.0,0.49
2005-08-14,36.54,26.03,56.62,0.0,0.49
2005-08-15,37.0,25.98,54.36,0.0,0.49
2005-08-16,38.3,26.11,50.83,0.01,0.49
2005-08-17,37.52,26.07,52.54,0.04,0.49
2005-08-18,37.64,26.74,52.08,0.02,0.49
2005-08-19,34.41,26.98,57.44,0.03,0.49
2005-08-20,36.53,25.51,53.25,0.02,0.49
2005-08-21,35.51,26.22,53.22,0.0,0.49
2005-08-22,34.22,26.6,55.14,0.0,0.49
2005-08-23,36.67,25.71,54.18,0.03,0.49
2005-08-24,35.5,26.39,56.19,0.01,0.49
2005-08-25,34.98,25.77,55.84,0.0,0.49
2005-08-26,38.04,26.61,50.57,0.02,0.49
2005-08-27,36.23,26.45,50.75,0.02,0.49
2005-08-28,34.78,26.73,48.09,0.05,0.49
2005-08-29,36.68,26.41,50.12,0.01,0.49
2005-08-30,37.63,27.77,46.74,0.0,0.49
2005-08-31,40.72,27.42,47.26,0.01,0.49
2005-09-01,37.98,27.73,47.74,0.01,0.49
2005-09-02,43.56,27.64,43.87,0.0,0.49
2005-09-03,37.84,27.49,51.73,0.0,0.49
2005-09-04,40.35,26.0,44.59,0.0,0.49
2005-09-05,41.07,29.07,38.46,0.01,0.49
2005-09-06,36.87,29.24,47.8,0.01,0.49
2005-09-07,34.19,28.06,56.78,0.05,0.49
2005-09-08,34.74,26.95,56.83,0.02,0.49
2005-09-09,38.91,26.15,48.24,0.0,0.49
2005-09-10,33.02,26.3,52.19,0.01,0.49
2005-09-11,37.71,25.4,51.13,0.02,0.49
2005-09-12,41.0,24.72,45.67,0.01,0.49
2005-09-13,40.38,25.57,38.3,0.0,0.49
2005-09-14,39.71,26.0,35.16,0.0,0.49
2005-09-15,38.95,28.85,43.64,0.0,0.49
2005-09-16,34.63,27.63,55.16,0.0,0.49
2005-09-17,38.19,26.43,49.34,0.05,0.49
2005-09-18,39.46,27.24,45.8,0.06,0.49
2005-09-19,35.81,28.26,46.68,0.02,0.49
2005-09-20,36.41,25.5,55.61,0.01,0.49
2005-09-21,36.3,25.48,51.42,0.01,0.49
2005-09-22,36.37,26.1,50.62,0.0,0.49
2005-09-23,36.93,26.58,50.33,0.0,0.49
2005-09-24,37.04,26.27,49.77,0.0,0.49
2005-09-25,38.91,27.38,44.46,0.0,0.49
2005-09-26,40.35,28.59,42.07,0.0,0.49
2005-09-27,39.29,28.83,44.39,0.02,0.49
2005-09-28,39.02,26.65,54.16,0.04,0.49
2005-09-29,29.95,25.09,69.93,0.06,0.49
2005-09-30,31.71,24.77,66.28,0.01,0.49
2005-10-01,34.76,24.73,53.63,0.0,0.49
2005-10-02,37.9,25.03,42.58,0.0,0.49
2005-10-03,39.19,25.52,41.17,0.01,0.49
2005-10-04,37.69,27.16,41.33,0.01,0.49
2005-10-05,35.92,27.01,50.05,0.0,0.49
2005-10-06,38.95,26.13,42.58,0.01,0.49
2005-10-07,38.47,27.07,43.07,0.01,0.49
2005-10-08,38.19,27.21,41.49,0.0,0.49
2005-10-09,38.59,25.96,36.64,0.0,0.49
2005-10-10,38.63,27.09,35.8,0.0,0.49
2005-10-11,39.37,27.07,36.41,0.0,0.49
2005-10-12,39.32,28.54,36.27,0.0,0.49
2005-10-13,40.01,28.12,34.98,0.0,0.49
2005-10-14,35.11,28.4,45.51,0.0,0.49
2005-10-15,37.27,26.66,47.97,0.02,0.49
2005-10-16,32.28,24.87,64.57,0.01,0.49
2005-10-17,35.47,25.42,49.86,0.0,0.49
2005-10-18,35.16,26.08,49.14,0.01,0.49
2005-10-19,37.0,25.06,42.89,0.0,0.49
2005-10-20,38.93,26.33,38.76,0.0,0.49
2005-10-21,38.83,26.81,37.08,0.0,0.49
2005-10-22,39.08,27.35,35.55,0.0,0.49
2005-10-23,36.3,26.61,45.53,0.11,0.49
2005-10-24,33.26,24.92,54.71,0.03,0.49
2005-10-25,36.28,24.58,43.79,0.0,0.49
2005-10-26,35.96,25.68,45.12,0.0,0.49
2005-10-27,33.8,25.67,54.07,0.02,0.49
2005-10-28,30.15,24.68,63.57,0.07,0.49
2005-10-29,30.74,23.72,62.9,0.08,0.49
2005-10-30,35.32,23.27,55.39,0.07,0.49
2005-10-31,30.9,23.68,56.48,0.08,0.49
2005-11-01,32.27,23.46,58.39,0.0,0.49
2005-11-02,33.68,24.07,54.93,0.0,0.49
2005-11-03,34.8,24.29,50.84,0.0,0.49
2005-11-04,35.49,25.13,45.92,0.0,0.49
2005-11-05,36.47,24.92,44.79,0.0,0.49
2005-11-06,36.35,24.79,44.57,0.0,0.49
2005-11-07,33.0,25.82,53.91,0.04,0.49
2005-11-08,31.03,24.59,61.9,0.04,0.49
2005-11-09,26.65,22.28,70.52,0.06,0.49
2005-11-10,30.84,21.26,55.16,0.03,0.49
2005-11-11,35.82,19.63,38.22,0.0,0.49
2005-11-12,35.03,19.95,29.11,0.0,0.49
2005-11-13,35.14,18.9,29.66,0.0,0.49
2005-11-14,35.26,18.95,30.39,0.0,0.49
2005-11-15,34.11,18.16,31.75,0.0,0.49
2005-11-16,34.48,18.13,30.36,0.0,0.49
2005-11-17,34.33,18.12,27.42,0.0,0.49
2005-11-18,34.16,17.93,36.52,0.0,0.49
2005-11-19,34.5,21.95,44.91,0.0,0.49
2005-11-20,34.23,23.14,46.28,0.0,0.49
2005-11-21,31.72,23.61,51.04,0.01,0.49
2005-11-22,31.73,22.24,52.37,0.0,0.49
2005-11-23,32.31,21.74,45.99,0.0,0.49
2005-11-24,33.02,19.67,44.92,0.0,0.49
2005-11-25,32.71,19.04,42.24,0.0,0.49
2005-11-26,33.13,18.15,37.51,0.0,0.49
2005-11-27,32.76,17.39,34.09,0.0,0.49
2005-11-28,33.6,17.92,32.07,0.0,0.49
2005-11-29,32.55,16.94,29.77,0.0,0.49
2005-11-30,31.94,17.64,36.58,0.0,0.49
2005-12-01,32.06,20.18,42.46,0.0,0.49
2005-12-02,33.41,20.67,38.8,0.0,0.49
2005-12-03,34.57,19.6,34.42,0.0,0.49
2005-12-04,34.32,20.39,34.84,0.0,0.49
2005-12-05,33.74,20.4,37.05,0.0,0.49
2005-12-06,33.28,19.17,36.46,0.01,0.49
2005-12-07,28.34,21.25,55.05,0.23,0.49
2005-12-08,26.3,19.29,65.92,0.15,0.49
2005-12-09,25.09,20.4,74.99,0.0,0.49
2005-12-10,30.59,20.96,63.36,0.0,0.49
2005-12-11,33.04,18.72,52.98,0.0,0.49
2005-12-12,33.41,19.91,41.62,0.0,0.49
2005-12-13,33.06,20.24,43.06,0.0,0.49
2005-12-14,28.84,20.09,55.52,0.0,0.49
2005-12-15,29.07,19.49,44.47,0.0,0.49
2005-12-16,32.17,17.72,41.75,0.0,0.49
2005-12-17,32.58,18.46,40.4,0.0,0.49
2005-12-18,30.93,18.23,39.57,0.0,0.49
2005-12-19,30.92,19.08,44.77,0.0,0.49
2005-12-20,31.43,19.81,44.88,0.0,0.49
2005-12-21,32.03,19.11,33.72,0.0,0.49
2005-12-22,28.52,17.68,33.38,1.0,0.49
2005-12-23,24.24,15.51,56.92,0.06,0.49
2005-12-24,23.46,16.58,71.59,0.31,0.49
2005-12-25,26.31,18.09,70.88,0.12,0.49
2005-12-26,27.01,16.02,58.62,0.01,0.49
2005-12-27,30.03,13.28,43.48,0.0,0.49
2005-12-28,31.02,13.08,33.35,0.0,0.49
2005-12-29,29.75,14.02,33.72,0.0,0.49
2005-12-30,30.8,13.73,34.98,0.0,0.49
2005-12-31,30.54,13.42,34.42,0.0,0.49
2006-01-01,30.86,13.35,32.08,0.0,0.49
2006-01-02,29.37,13.81,31.43,0.0,0.49
2006-01-03,29.35,14.2,30.98,0.0,0.49
2006-01-04,30.65,15.09,28.08,0.0,0.49
2006-01-05,31.47,14.02,21.6,0.0,0.49
2006-01-06,31.27,13.99,20.59,0.0,0.49
2006-01-07,31.67,14.7,23.85,0.0,0.49
2006-01-08,30.02,16.05,26.82,0.0,0.49
2006-01-09,32.26,16.37,33.88,0.0,0.49
2006-01-10,31.66,16.84,35.38,0.0,0.49
2006-01-11,31.43,15.29,32.31,0.0,0.49
2006-01-12,30.95,15.0,30.93,0.0,0.49
2006-01-13,30.45,13.75,23.46,0.0,0.49
2006-01-14,30.5,13.06,21.8,0.0,0.49
2006-01-15,30.48,13.46,27.91,0.0,0.49
2006-01-16,29.11,13.3,32.39,0.0,0.49
2006-01-17,29.64,13.34,33.57,0.0,0.49
2006-01-18,30.42,13.62,31.94,0.0,0.49
2006-01-19,30.83,14.1,34.28,0.0,0.49
2006-01-20,29.61,15.02,37.03,0.0,0.49
2006-01-21,30.82,13.95,34.21,0.0,0.49
2006-01-22,30.4,12.88,30.6,0.0,0.49
2006-01-23,31.31,12.54,25.58,0.0,0.49
2006-01-24,30.53,13.26,28.14,0.0,0.49
2006-01-25,31.27,14.52,32.38,0.0,0.49
2006-01-26,31.98,15.4,32.52,0.0,0.49
2006-01-27,31.84,15.54,33.19,0.0,0.49
2006-01-28,32.26,14.76,29.5,0.0,0.49
2006-01-29,31.98,13.75,29.26,0.0,0.49
2006-01-30,32.44,15.07,31.74,0.0,0.49
2006-01-31,33.0,16.06,34.4,0.0,0.49
2006-02-01,32.53,16.35,35.61,0.0,0.49
2006-02-02,32.79,16.63,29.28,0.0,0.49
2006-02-03,33.85,16.15,28.06,0.0,0.49
2006-02-04,33.28,15.24,28.59,0.37,0.49
2006-02-05,33.25,15.17,28.18,0.01,0.49
2006-02-06,33.04,16.14,29.33,0.0,0.49
2006-02-07,33.3,15.6,29.23,0.0,0.49
2006-02-08,33.23,15.8,25.6,0.0,0.49
2006-02-09,33.47,16.98,24.5,0.0,0.49
2006-02-10,29.95,18.05,32.52,0.01,0.49
2006-02-11,31.64,19.87,31.8,0.25,0.49
2006-02-12,32.49,16.71,27.48,0.0,0.49
2006-02-13,32.07,15.24,23.4,0.0,0.49
2006-02-14,32.33,16.19,27.3,0.0,0.49
2006-02-15,32.35,16.31,29.64,0.0,0.49
2006-02-16,33.25,17.01,31.5,0.0,0.49
2006-02-17,32.75,17.26,30.02,0.0,0.49
2006-02-18,34.97,17.31,27.59,0.0,0.49
2006-02-19,34.98,18.11,33.1,0.0,0.49
2006-02-20,35.41,18.96,33.42,0.0,0.49
2006-02-21,34.79,19.57,27.31,0.0,0.49
2006-02-22,36.21,19.01,25.24,0.0,0.49
2006-02-23,35.26,19.32,24.28,0.0,0.49
2006-02-24,35.44,18.18,26.51,0.0,0.49
2006-02-25,35.02,18.79,25.17,0.0,0.49
2006-02-26,35.39,18.15,24.93,0.0,0.49
2006-02-27,35.18,18.86,27.84,0.0,0.49
2006-02-28,36.14,19.07,32.64,0.0,0.49
2006-03-01,36.53,20.23,30.09,0.0,0.49
2006-03-02,37.58,23.01,29.44,0.0,0.49
2006-03-03,35.68,22.64,31.46,0.25,0.49
2006-03-04,34.71,22.57,31.87,0.11,0.49
2006-03-05,34.46,21.67,31.7,0.0,0.49
2006-03-06,35.98,20.3,30.65,0.0,0.49
2006-03-07,35.55,22.96,29.12,0.0,0.49
2006-03-08,37.09,19.38,26.46,0.0,0.49
2006-03-09,37.28,18.85,22.13,0.0,0.49
2006-03-10,36.77,19.18,21.18,0.0,0.49
2006-03-11,37.41,22.17,22.92,0.0,0.49
2006-03-12,35.21,20.64,38.53,0.0,0.49
2006-03-13,34.74,19.98,33.49,0.0,0.49
2006-03-14,36.07,19.67,30.55,0.0,0.49
2006-03-15,36.36,19.42,29.0,0.0,0.49
2006-03-16,35.55,18.89,29.85,0.0,0.49
2006-03-17,35.38,19.84,36.64,0.0,0.49
2006-03-18,35.97,20.99,33.44,0.0,0.49
2006-03-19,36.77,20.29,29.09,0.0,0.49
2006-03-20,37.08,19.6,20.38,0.0,0.49
2006-03-21,36.39,18.66,14.64,0.0,0.49
2006-03-22,35.44,17.61,23.13,0.0,0.49
2006-03-23,36.92,20.44,23.74,0.0,0.49
2006-03-24,36.78,20.93,28.33,0.0,0.49
2006-03-25,36.72,20.65,28.25,0.0,0.49
2006-03-26,37.83,21.9,24.49,0.0,0.49
2006-03-27,38.48,21.49,28.7,0.0,0.49
2006-03-28,39.3,22.47,25.53,0.0,0.49
2006-03-29,37.03,24.94,23.26,0.01,0.49
2006-03-30,35.55,25.81,28.57,0.06,0.49
2006-03-31,31.92,23.35,46.66,0.0,0.49
2006-04-01,36.71,21.9,33.1,0.0,0.49
2006-04-02,38.01,22.29,30.62,0.01,0.49
2006-04-03,37.61,21.78,32.41,0.03,0.49
2006-04-04,36.52,20.92,32.31,0.0,0.49
2006-04-05,37.93,22.5,35.4,0.0,0.49
2006-04-06,38.47,23.95,35.56,0.0,0.49
2006-04-07,39.24,24.3,30.07,0.0,0.49
2006-04-08,38.88,24.88,29.15,0.01,0.49
2006-04-09,38.61,23.61,27.68,0.0,0.49
2006-04-10,39.32,23.96,31.95,0.0,0.49
2006-04-11,39.87,24.53,36.28,0.0,0.49
2006-04-12,39.83,24.65,36.91,0.0,0.49
2006-04-13,41.63,26.13,32.32,0.0,0.49
2006-04-14,40.93,26.56,34.29,0.0,0.49
2006-04-15,39.98,28.11,33.59,0.0,0.49
2006-04-16,36.05,28.44,40.1,0.02,0.49
2006-04-17,33.78,27.31,45.92,0.01,0.49
2006-04-18,34.72,24.33,44.91,0.01,0.49
2006-04-19,35.2,23.5,45.6,0.04,0.49
2006-04-20,36.19,25.46,43.69,0.0,0.49
2006-04-21,38.89,25.15,36.15,0.0,0.49
2006-04-22,38.51,23.9,25.91,0.0,0.49
2006-04-23,39.83,26.03,25.48,0.0,0.49
2006-04-24,39.09,25.84,29.12,0.0,0.49
2006-04-25,39.4,26.43,30.01,0.0,0.49
2006-04-26,39.47,26.11,34.82,0.03,0.49
2006-04-27,32.06,26.72,52.5,0.0,0.49
2006-04-28,32.34,25.59,54.77,0.03,0.49
2006-04-29,30.06,23.78,52.86,0.03,0.49
2006-04-30,34.56,22.48,45.15,0.0,0.49
2006-05-01,38.99,24.29,35.22,0.0,0.49
2006-05-02,40.17,27.56,31.66,0.0,0.49
2006-05-03,39.12,28.51,34.94,0.0,0.49
2006-05-04,39.47,27.99,36.33,0.01,0.49
2006-05-05,38.42,27.92,38.68,0.0,0.49
2006-05-06,40.11,28.35,33.97,0.0,0.49
2006-05-07,37.01,28.79,38.65,0.0,0.49
2006-05-08,34.69,26.74,43.81,0.26,0.49
2006-05-09,35.3,25.45,49.4,0.46,0.49
2006-05-10,36.07,25.59,48.2,0.55,0.49
2006-05-11,36.73,25.08,50.72,1.8,0.49
2006-05-12,37.1,25.37,48.76,2.24,0.49
2006-05-13,34.77,25.85,57.03,7.53,0.5
2006-05-14,32.35,23.5,68.68,5.63,0.51
2006-05-15,31.44,21.83,55.56,0.02,0.51
2006-05-16,34.88,21.75,47.71,0.0,0.51
2006-05-17,38.69,23.68,42.43,0.0,0.5
2006-05-18,40.12,25.53,37.79,0.0,0.5
2006-05-19,38.9,26.64,41.29,0.0,0.5
2006-05-20,34.98,27.4,47.21,0.0,0.5
2006-05-21,38.68,26.61,39.76,0.0,0.5
2006-05-22,42.07,26.47,34.44,0.0,0.49
2006-05-23,37.83,28.89,40.52,0.01,0.49
2006-05-24,37.47,28.37,46.05,0.45,0.49
2006-05-25,30.72,24.97,68.38,3.24,0.5
2006-05-26,32.23,24.17,67.56,6.1,0.51
2006-05-27,33.89,24.16,65.47,2.14,0.51
2006-05-28,32.93,24.32,72.14,8.08,0.52
2006-05-29,33.61,24.04,70.96,3.77,0.52
2006-05-30,31.79,24.57,70.2,0.05,0.52
2006-05-31,30.11,24.22,69.6,0.04,0.51
2006-06-01,34.64,24.39,64.89,0.0,0.51
2006-06-02,37.0,24.37,58.78,0.0,0.51
2006-06-03,37.76,25.27,55.42,0.0,0.5
2006-06-04,37.15,25.79,56.11,0.01,0.5
2006-06-05,36.76,25.62,55.6,0.04,0.5
2006-06-06,35.66,25.87,56.79,0.0,0.5
2006-06-07,37.41,25.61,52.67,0.01,0.5
2006-06-08,36.54,26.69,53.67,0.01,0.5
2006-06-09,35.74,26.35,58.17,0.0,0.5
2006-06-10,35.98,25.59,57.62,0.02,0.5
2006-06-11,36.19,25.93,54.91,0.02,0.5
2006-06-12,37.16,25.93,51.8,0.0,0.49
2006-06-13,38.08,26.07,51.15,0.0,0.49
2006-06-14,37.15,26.63,51.5,0.0,0.49
2006-06-15,35.71,27.55,54.52,0.0,0.49
2006-06-16,37.98,26.78,49.84,0.02,0.49
2006-06-17,41.17,27.37,43.18,0.0,0.49
2006-06-18,39.66,28.87,47.96,0.0,0.49
2006-06-19,38.48,27.81,52.32,0.03,0.49
2006-06-20,37.83,27.72,49.83,0.02,0.49
2006-06-21,37.06,27.96,48.14,0.01,0.49
2006-06-22,37.35,27.18,46.78,0.02,0.49
2006-06-23,36.18,27.95,49.77,0.01,0.49
2006-06-24,36.29,27.11,49.37,0.03,0.49
2006-06-25,38.31,28.24,47.37,0.01,0.49
2006-06-26,34.4,26.86,58.04,0.02,0.49
2006-06-27,35.24,27.46,52.98,0.0,0.49
2006-06-28,38.43,26.65,50.07,0.0,0.49
2006-06-29,37.99,27.56,51.83,0.01,0.49
2006-06-30,37.59,26.95,50.84,0.0,0.49
2006-07-01,38.32,27.04,50.41,0.01,0.49
2006-07-02,37.23,27.78,53.08,0.01,0.49
2006-07-03,38.18,26.87,52.13,0.01,0.49
2006-07-04,38.62,26.65,52.55,0.01,0.49
2006-07-05,34.41,26.96,57.78,0.05,0.49
2006-07-06,33.46,27.41,59.58,0.04,0.49
2006-07-07,38.03,25.94,54.19,0.0,0.49
2006-07-08,36.76,26.28,54.57,0.01,0.49
2006-07-09,34.0,26.47,60.1,0.0,0.49
2006-07-10,38.21,26.19,51.55,0.0,0.49
2006-07-11,38.22,26.25,51.82,0.0,0.49
2006-07-12,38.31,26.49,50.57,0.0,0.49
2006-07-13,33.76,26.8,57.79,0.03,0.49
2006-07-14,36.08,26.86,55.49,0.01,0.49
2006-07-15,36.53,26.42,51.7,0.01,0.49
2006-07-16,37.88,26.59,51.56,0.0,0.49
2006-07-17,34.29,26.99,57.62,0.05,0.49
2006-07-18,33.43,25.81,56.19,0.04,0.49
2006-07-19,32.54,24.9,59.73,0.14,0.49
2006-07-20,36.1,24.94,53.07,0.01,0.49
2006-07-21,38.56,25.67,46.98,0.12,0.49
2006-07-22,38.0,25.28,47.84,0.64,0.49
2006-07-23,38.77,25.73,48.36,0.01,0.49
2006-07-24,39.78,26.57,44.27,0.12,0.49
2006-07-25,36.7,27.5,56.32,2.96,0.49
2006-07-26,31.99,25.38,68.12,2.13,0.5
2006-07-27,29.75,24.37,77.63,1.48,0.5
2006-07-28,33.52,23.7,66.3,0.74,0.5
2006-07-29,36.52,24.78,60.72,0.83,0.5
2006-07-30,34.71,24.58,66.31,1.53,0.5
2006-07-31,30.96,24.83,70.15,0.03,0.5
2006-08-01,36.2,25.0,61.76,0.0,0.5
2006-08-02,33.87,25.47,60.51,0.04,0.5
2006-08-03,33.72,24.82,59.4,0.0,0.5
2006-08-04,31.71,24.66,59.96,0.0,0.5
2006-08-05,37.72,23.28,51.25,0.0,0.5
2006-08-06,39.73,25.69,46.23,0.0,0.49
2006-08-07,39.12,27.23,46.64,0.0,0.49
2006-08-08,36.73,26.81,52.36,0.0,0.49
2006-08-09,38.16,27.79,53.23,0.0,0.49
2006-08-10,38.97,26.23,49.41,0.01,0.49
2006-08-11,38.88,26.96,54.42,0.01,0.49
2006-08-12,37.02,25.94,54.81,0.04,0.49
2006-08-13,36.08,26.19,55.49,0.01,0.49
2006-08-14,37.3,26.34,54.38,0.0,0.49
2006-08-15,41.36,26.43,46.84,0.0,0.49
2006-08-16,37.4,27.32,48.37,0.01,0.49
2006-08-17,36.7,26.9,52.02,0.0,0.49
2006-08-18,36.01,26.54,52.27,0.02,0.49
2006-08-19,37.05,26.79,52.54,0.01,0.49
2006-08-20,34.61,26.33,61.85,0.02,0.49
2006-08-21,34.01,25.12,58.46,0.01,0.49
2006-08-22,36.18,25.1,53.51,0.0,0.49
2006-08-23,36.83,24.65,50.35,0.01,0.49
2006-08-24,38.0,25.42,49.85,0.02,0.49
2006-08-25,34.6,26.02,59.43,0.02,0.49
2006-08-26,38.76,26.07,50.92,0.0,0.49
2006-08-27,33.87,24.45,61.82,0.03,0.49
2006-08-28,38.27,25.35,54.75,0.01,0.49
2006-08-29,34.83,25.87,53.63,0.0,0.49
2006-08-30,36.04,25.97,49.33,0.03,0.49
2006-08-31,34.44,25.7,57.5,0.0,0.49
2006-09-01,39.65,26.09,53.27,0.0,0.49
2006-09-02,36.75,25.78,51.33,0.0,0.49
2006-09-03,36.7,25.43,50.63,0.0,0.49
2006-09-04,38.62,25.14,45.18,0.0,0.49
2006-09-05,38.74,26.18,45.03,0.0,0.49
2006-09-06,35.08,27.56,51.4,0.01,0.49
2006-09-07,38.05,26.43,48.26,0.0,0.49
2006-09-08,32.71,27.51,55.4,0.01,0.49
2006-09-09,30.84,26.6,65.12,0.02,0.49
2006-09-10,36.57,25.77,58.01,0.04,0.49
2006-09-11,37.32,25.74,48.49,0.06,0.49
2006-09-12,37.55,26.62,48.61,0.0,0.49
2006-09-13,35.76,25.1,55.27,0.01,0.49
2006-09-14,35.87,26.28,54.79,0.0,0.49
2006-09-15,37.38,26.78,50.72,0.0,0.49
2006-09-16,33.13,25.18,60.76,0.0,0.49
2006-09-17,37.54,25.32,50.78,0.0,0.49
2006-09-18,35.4,26.08,52.6,0.05,0.49
2006-09-19,34.25,25.87,62.62,0.01,0.49
2006-09-20,31.75,24.89,58.0,0.01,0.49
2006-09-21,30.09,23.82,65.66,0.01,0.49
2006-09-22,34.68,24.25,53.96,0.05,0.49
2006-09-23,33.73,24.73,51.92,0.0,0.49
2006-09-24,38.88,25.19,44.38,0.0,0.49
2006-09-25,38.3,26.68,46.82,0.0,0.49
2006-09-26,33.05,26.79,58.65,0.01,0.49
2006-09-27,39.48,27.37,43.5,0.0,0.49
2006-09-28,38.39,26.82,45.18,0.0,0.49
2006-09-29,37.21,26.51,48.48,0.01,0.49
2006-09-30,37.92,26.08,50.41,0.0,0.49
2006-10-01,38.85,27.86,46.18,0.01,0.49
2006-10-02,39.79,28.32,39.71,0.0,0.49
2006-10-03,39.3,29.22,42.22,0.0,0.49
2006-10-04,38.61,27.54,48.84,0.07,0.49
2006-10-05,31.74,25.64,69.31,0.07,0.49
2006-10-06,32.15,25.93,63.07,0.17,0.49
2006-10-07,36.24,26.05,54.93,0.23,0.49
2006-10-08,31.51,25.62,67.19,0.05,0.49
2006-10-09,32.98,24.98,61.67,0.04,0.49
2006-10-10,34.68,24.39,54.92,0.01,0.49
2006-10-11,34.13,25.38,56.2,0.17,0.49
2006-10-12,31.66,24.85,61.05,0.08,0.49
2006-10-13,31.76,25.39,56.3,0.0,0.49
2006-10-14,35.54,25.52,47.18,0.0,0.49
2006-10-15,35.98,24.74,45.72,0.0,0.49
2006-10-16,37.03,26.06,41.41,0.0,0.49
2006-10-17,37.35,25.55,42.8,0.0,0.49
2006-10-18,34.57,26.36,45.16,0.0,0.49
2006-10-19,34.88,25.1,44.13,0.01,0.49
2006-10-20,34.42,25.19,46.87,0.0,0.49
2006-10-21,32.65,24.33,50.97,0.01,0.49
2006-10-22,33.84,23.57,45.84,0.0,0.49
2006-10-23,36.42,23.39,40.8,0.05,0.49
2006-10-24,37.15,24.06,40.06,0.0,0.49
2006-10-25,37.38,24.19,38.16,0.0,0.49
2006-10-26,35.98,25.22,38.83,0.0,0.49
2006-10-27,35.28,23.45,39.46,0.0,0.49
2006-10-28,34.08,25.22,39.64,0.0,0.49
2006-10-29,36.9,23.69,39.92,0.0,0.49
2006-10-30,37.73,24.6,35.54,0.0,0.49
2006-10-31,37.4,26.01,33.18,0.0,0.49
2006-11-01,35.49,26.29,41.91,0.0,0.49
2006-11-02,36.03,24.88,43.29,0.0,0.49
2006-11-03,36.25,24.29,37.95,0.0,0.49
2006-11-04,36.72,24.26,40.74,0.0,0.49
2006-11-05,35.87,24.66,44.97,0.0,0.49
2006-11-06,36.4,25.13,41.08,0.05,0.49
2006-11-07,32.96,23.49,51.74,1.41,0.49
2006-11-08,27.93,21.67,62.07,0.0,0.49
2006-11-09,34.3,21.08,48.91,0.0,0.49
2006-11-10,36.69,21.5,40.95,0.0,0.49
2006-11-11,36.82,22.87,38.14,0.0,0.49
2006-11-12,32.66,25.0,44.43,0.04,0.49
2006-11-13,33.44,23.46,47.26,0.01,0.49
2006-11-14,34.52,23.37,42.64,0.0,0.49
2006-11-15,34.64,24.24,39.19,0.0,0.49
2006-11-16,32.46,23.66,43.4,0.0,0.49
2006-11-17,34.65,21.57,46.94,0.0,0.49
2006-11-18,34.86,21.75,43.01,0.0,0.49
2006-11-19,34.66,22.01,38.98,0.0,0.49
2006-11-20,32.72,19.56,32.54,0.0,0.49
2006-11-21,32.38,17.47,27.81,0.0,0.49
2006-11-22,32.79,17.02,35.5,0.0,0.49
2006-11-23,31.26,16.3,36.34,0.0,0.49
2006-11-24,31.44,17.17,34.21,0.0,0.49
2006-11-25,31.4,17.22,36.05,0.0,0.49
2006-11-26,31.59,17.71,36.08,0.0,0.49
2006-11-27,31.22,16.19,39.95,0.0,0.49
2006-11-28,30.58,14.71,35.84,0.0,0.49
2006-11-29,31.78,14.78,31.92,0.0,0.49
2006-11-30,31.41,14.48,31.17,0.0,0.49
2006-12-01,31.5,15.31,32.18,0.0,0.49
2006-12-02,32.19,15.54,30.85,0.0,0.49
2006-12-03,32.11,14.92,28.42,0.0,0.49
2006-12-04,31.39,14.33,27.37,0.0,0.49
2006-12-05,31.7,14.63,27.8,0.0,0.49
2006-12-06,31.44,15.29,28.57,0.0,0.49
2006-12-07,31.55,15.22,28.9,0.0,0.49
2006-12-08,31.97,15.2,27.3,0.0,0.49
2006-12-09,32.74,15.65,26.11,0.0,0.49
2006-12-10,32.06,15.92,32.68,0.0,0.49
2006-12-11,32.07,15.91,34.31,0.0,0.49
2006-12-12,31.22,15.45,33.98,0.0,0.49
2006-12-13,31.71,13.98,33.59,0.0,0.49
2006-12-14,30.22,14.53,37.46,0.0,0.49
2006-12-15,31.25,14.44,39.27,0.0,0.49
2006-12-16,32.28,15.06,39.1,0.0,0.49
2006-12-17,30.16,19.08,46.17,0.0,0.49
2006-12-18,29.57,17.75,47.23,0.0,0.49
2006-12-19,29.46,19.02,42.35,0.0,0.49
2006-12-20,29.97,16.18,35.64,0.0,0.49
2006-12-21,30.03,14.41,35.05,0.0,0.49
2006-12-22,30.03,13.79,30.94,0.0,0.49
2006-12-23,28.92,13.32,35.3,0.0,0.49
2006-12-24,30.78,12.94,33.92,0.0,0.49
2006-12-25,28.2,12.55,33.67,0.0,0.49
2006-12-26,28.66,12.69,37.53,0.0,0.49
2006-12-27,29.33,13.4,39.46,0.0,0.49
2006-12-28,29.33,13.65,37.73,0.0,0.49
2006-12-29,29.18,13.81,37.04,0.0,0.49
2006-12-30,28.09,13.33,39.65,0.03,0.49
2006-12-31,27.89,14.51,47.66,0.0,0.49
2007-01-01,28.7,14.4,49.36,0.0,0.49
2007-01-02,27.66,13.24,52.55,0.0,0.49
2007-01-03,27.94,13.16,49.88,0.0,0.49
2007-01-04,28.11,12.45,49.57,0.0,0.49
2007-01-05,28.47,12.19,44.82,0.0,0.49
2007-01-06,31.26,13.47,41.81,0.0,0.49
2007-01-07,30.25,14.54,42.55,0.0,0.49
2007-01-08,29.93,14.68,38.72,0.0,0.49
2007-01-09,29.91,14.54,44.34,0.0,0.49
2007-01-10,29.66,14.48,41.0,0.0,0.49
2007-01-11,30.39,13.39,36.01,0.0,0.49
2007-01-12,30.43,13.13,28.88,0.0,0.49
2007-01-13,30.43,13.02,24.3,0.0,0.49
2007-01-14,27.39,11.79,27.08,0.0,0.49
2007-01-15,26.95,11.44,33.06,0.0,0.49
2007-01-16,29.75,12.45,33.82,0.0,0.49
2007-01-17,29.37,13.77,34.44,0.0,0.49
2007-01-18,30.34,13.91,38.26,0.0,0.49
2007-01-19,28.68,13.38,36.5,0.0,0.49
2007-01-20,28.99,13.0,33.07,0.0,0.49
2007-01-21,29.63,11.99,30.99,0.0,0.49
2007-01-22,30.89,12.46,27.58,0.0,0.49
2007-01-23,30.26,12.29,28.75,0.0,0.49
2007-01-24,30.89,11.49,26.59,0.0,0.49
2007-01-25,30.25,12.74,25.75,0.0,0.49
2007-01-26,30.7,13.87,22.22,0.0,0.49
2007-01-27,32.07,13.22,22.64,0.0,0.49
2007-01-28,32.37,15.34,37.19,0.0,0.49
2007-01-29,29.68,14.88,47.09,0.0,0.49
2007-01-30,31.04,15.73,36.79,0.0,0.49
2007-01-31,31.49,19.03,34.42,0.0,0.49
2007-02-01,30.12,17.76,43.44,0.0,0.49
2007-02-02,27.22,16.12,53.04,0.0,0.49
2007-02-03,27.83,15.68,48.43,0.0,0.49
2007-02-04,27.43,15.86,48.7,0.0,0.49
2007-02-05,28.75,14.78,43.81,0.0,0.49
2007-02-06,28.21,14.99,43.4,0.0,0.49
2007-02-07,29.58,14.77,39.42,0.0,0.49
2007-02-08,30.22,14.72,36.81,0.0,0.49
2007-02-09,30.69,15.63,37.16,0.0,0.49
2007-02-10,32.6,15.75,38.87,0.0,0.49
2007-02-11,32.24,15.88,33.86,0.0,0.49
2007-02-12,30.93,15.8,33.51,0.0,0.49
2007-02-13,29.74,14.59,35.49,0.0,0.49
2007-02-14,29.74,17.61,43.27,0.0,0.49
2007-02-15,25.82,17.09,61.98,0.0,0.49
2007-02-16,27.54,13.47,45.53,0.0,0.49
2007-02-17,29.19,12.84,32.16,0.0,0.49
2007-02-18,29.75,12.94,33.16,0.0,0.49
2007-02-19,30.51,13.02,30.85,0.0,0.49
2007-02-20,30.6,12.47,25.23,0.0,0.49
2007-02-21,32.33,12.37,22.68,0.0,0.49
2007-02-22,32.93,13.42,21.94,0.0,0.49
2007-02-23,33.77,13.94,17.37,0.0,0.49
2007-02-24,33.89,13.8,15.88,0.0,0.49
2007-02-25,34.11,14.93,20.14,0.0,0.49
2007-02-26,32.58,16.28,24.98,0.0,0.49
2007-02-27,32.41,16.51,25.81,0.0,0.49
2007-02-28,33.31,15.72,29.35,0.0,0.49
2007-03-01,33.37,16.51,27.6,0.0,0.49
2007-03-02,33.66,16.27,26.59,0.0,0.49
2007-03-03,32.17,16.25,34.29,0.0,0.49
2007-03-04,33.99,16.12,30.46,0.0,0.49
2007-03-05,34.56,17.17,25.9,0.0,0.49
2007-03-06,33.4,16.54,20.77,0.0,0.49
2007-03-07,32.26,16.28,18.68,0.0,0.49
2007-03-08,32.3,16.84,19.33,0.0,0.49
2007-03-09,32.69,15.09,19.37,0.0,0.49
2007-03-10,33.11,15.27,22.25,0.0,0.49
2007-03-11,33.93,16.51,22.87,0.0,0.49
2007-03-12,35.8,17.71,24.16,0.0,0.49
2007-03-13,36.23,18.34,25.78,0.0,0.49
2007-03-14,35.92,19.22,25.31,0.0,0.49
2007-03-15,35.13,19.2,27.08,0.0,0.49
2007-03-16,34.05,20.64,29.28,0.0,0.49
2007-03-17,34.53,16.91,23.96,0.0,0.49
2007-03-18,35.93,15.71,16.3,0.0,0.49
2007-03-19,36.77,16.81,15.0,0.0,0.49
2007-03-20,36.0,17.37,19.66,0.0,0.49
2007-03-21,34.9,17.78,27.4,0.0,0.49
2007-03-22,35.19,18.74,23.51,0.0,0.49
2007-03-23,35.3,19.54,32.76,0.0,0.49
2007-03-24,35.88,22.21,35.89,0.0,0.49
2007-03-25,37.5,22.63,29.09,0.0,0.49
2007-03-26,36.73,22.11,37.84,0.0,0.49
2007-03-27,36.4,20.93,30.33,0.0,0.49
2007-03-28,38.07,20.82,22.38,0.0,0.49
2007-03-29,37.69,21.93,20.91,0.0,0.49
2007-03-30,38.58,21.92,27.72,0.0,0.49
2007-03-31,38.02,21.41,27.38,0.0,0.49
2007-04-01,36.72,19.4,28.81,0.0,0.49
2007-04-02,37.97,20.41,28.86,0.0,0.49
2007-04-03,38.3,21.18,30.24,0.0,0.49
2007-04-04,38.26,22.33,31.07,0.0,0.49
2007-04-05,37.96,22.42,33.24,0.0,0.49
2007-04-06,37.98,22.35,30.37,0.0,0.49
2007-04-07,37.44,22.85,34.78,1.43,0.49
2007-04-08,37.27,22.94,33.55,0.01,0.49
2007-04-09,38.42,22.48,35.63,0.0,0.49
2007-04-10,37.22,23.38,35.06,0.0,0.49
2007-04-11,35.82,23.34,35.94,0.0,0.49
2007-04-12,30.91,23.25,48.51,0.0,0.49
2007-04-13,34.26,22.38,40.15,0.0,0.49
2007-04-14,34.33,23.45,37.26,0.0,0.49
2007-04-15,33.9,23.72,40.62,0.0,0.49
2007-04-16,33.57,24.5,44.7,0.0,0.49
2007-04-17,33.06,24.54,51.2,0.0,0.49
2007-04-18,39.61,23.27,32.57,0.0,0.49
2007-04-19,39.09,28.18,32.88,0.0,0.49
2007-04-20,39.02,25.67,35.78,0.0,0.49
2007-04-21,38.97,25.72,39.35,0.0,0.49
2007-04-22,37.45,25.56,42.2,0.0,0.49
2007-04-23,35.19,25.87,45.86,0.0,0.49
2007-04-24,39.63,25.23,39.2,0.0,0.49
2007-04-25,40.43,25.32,35.32,0.0,0.49
2007-04-26,39.51,26.07,33.0,0.0,0.49
2007-04-27,38.92,26.74,32.94,0.0,0.49
2007-04-28,35.67,25.72,39.25,0.0,0.49
2007-04-29,39.9,23.09,34.71,0.0,0.49
2007-04-30,42.45,24.47,23.75,0.0,0.49
2007-05-01,41.83,25.16,26.69,0.0,0.49
2007-05-02,39.66,26.6,39.94,0.0,0.49
2007-05-03,36.86,27.18,42.41,0.0,0.49
2007-05-04,35.71,27.48,44.1,0.0,0.49
2007-05-05,38.63,25.0,39.73,0.0,0.49
2007-05-06,41.0,26.17,39.28,0.0,0.49
2007-05-07,37.92,27.52,42.79,0.0,0.49
2007-05-08,37.54,26.81,47.51,0.0,0.49
2007-05-09,36.16,25.97,47.46,0.0,0.49
2007-05-10,31.6,27.29,55.4,0.0,0.49
2007-05-11,34.79,25.49,53.57,0.0,0.49
2007-05-12,32.43,25.01,63.85,0.01,0.49
2007-05-13,33.83,25.59,58.46,0.0,0.49
2007-05-14,34.23,25.09,55.71,0.0,0.49
2007-05-15,36.46,26.47,49.86,0.0,0.49
2007-05-16,37.59,26.23,46.16,0.0,0.49
2007-05-17,34.23,26.9,47.0,0.0,0.49
2007-05-18,30.31,25.89,66.6,0.0,0.49
2007-05-19,31.47,25.11,65.26,0.0,0.49
2007-05-20,30.33,24.56,68.86,0.0,0.49
2007-05-21,32.34,24.65,62.64,0.0,0.49
2007-05-22,34.35,24.87,55.92,0.0,0.49
2007-05-23,38.13,25.13,51.44,0.0,0.49
2007-05-24,38.78,26.15,47.48,0.0,0.49
2007-05-25,36.64,27.51,44.79,0.0,0.49
2007-05-26,38.98,26.9,40.3,0.0,0.49
2007-05-27,41.18,25.87,34.58,0.0,0.49
2007-05-28,42.23,26.54,34.9,0.0,0.49
2007-05-29,41.19,29.59,38.08,0.0,0.49
2007-05-30,40.35,29.25,39.38,0.0,0.49
2007-05-31,39.72,29.44,40.94,0.0,0.49
2007-06-01,36.81,28.15,46.5,0.0,0.49
2007-06-02,39.77,27.27,42.45,0.0,0.49
2007-06-03,40.84,28.2,40.47,0.0,0.49
2007-06-04,36.19,28.32,48.63,0.0,0.49
2007-06-05,39.1,27.77,41.97,0.0,0.49
2007-06-06,39.52,27.82,42.7,0.0,0.49
2007-06-07,38.54,27.68,44.81,0.0,0.49
2007-06-08,37.19,27.28,46.35,0.0,0.49
2007-06-09,35.42,27.39,50.62,0.0,0.49
2007-06-10,36.83,26.53,51.74,0.0,0.49
2007-06-11,35.92,27.24,54.83,0.0,0.49
2007-06-12,31.48,26.95,61.18,0.0,0.49
2007-06-13,30.82,25.63,65.49,0.0,0.49
2007-06-14,39.54,24.87,51.68,0.0,0.49
2007-06-15,38.92,25.65,48.84,0.0,0.49
2007-06-16,37.94,27.22,46.17,0.16,0.49
2007-06-17,38.54,27.12,49.14,1.22,0.49
2007-06-18,40.19,27.61,44.94,0.0,0.49
2007-06-19,37.13,29.0,48.27,0.0,0.49
2007-06-20,34.75,26.85,58.17,0.0,0.49
2007-06-21,41.04,27.59,42.62,0.0,0.49
2007-06-22,40.46,26.56,47.3,0.0,0.49
2007-06-23,38.66,28.67,43.92,0.0,0.49
2007-06-24,40.23,28.32,41.92,0.0,0.49
2007-06-25,37.87,29.62,44.46,0.0,0.49
2007-06-26,39.45,28.82,45.88,0.0,0.49
2007-06-27,36.82,27.58,52.75,0.0,0.49
2007-06-28,35.8,27.2,51.71,0.01,0.49
2007-06-29,36.42,26.83,52.19,0.0,0.49
2007-06-30,34.7,26.94,57.29,0.0,0.49
2007-07-01,38.14,25.6,54.92,0.0,0.49
2007-07-02,37.38,26.24,55.94,0.0,0.49
2007-07-03,35.61,26.58,54.75,0.0,0.49
2007-07-04,37.94,26.43,50.38,0.0,0.49
2007-07-05,37.74,27.03,53.18,0.0,0.49
2007-07-06,35.87,26.03,55.57,0.0,0.49
2007-07-07,35.38,26.11,54.89,0.0,0.49
2007-07-08,34.99,25.82,52.93,0.0,0.49
2007-07-09,38.85,25.51,47.47,0.0,0.49
2007-07-10,38.69,27.02,47.27,0.0,0.49
2007-07-11,36.79,27.61,50.13,0.0,0.49
2007-07-12,38.24,27.18,49.8,0.0,0.49
2007-07-13,36.88,27.78,53.37,0.0,0.49
2007-07-14,36.95,27.77,54.17,0.0,0.49
2007-07-15,37.13,27.16,58.22,0.0,0.49
2007-07-16,36.18,26.43,54.79,0.0,0.49
2007-07-17,38.38,26.4,50.69,0.0,0.49
2007-07-18,35.61,26.59,55.77,0.0,0.49
2007-07-19,33.15,26.1,59.26,0.0,0.49
2007-07-20,31.87,25.24,65.62,0.01,0.49
2007-07-21,31.41,24.59,66.34,0.0,0.49
2007-07-22,35.8,23.91,56.26,0.0,0.49
2007-07-23,37.48,24.64,50.66,0.0,0.49
2007-07-24,36.45,25.53,50.77,0.0,0.49
2007-07-25,34.45,26.09,50.93,0.0,0.49
2007-07-26,32.84,25.74,53.05,0.0,0.49
2007-07-27,33.63,25.41,53.01,0.0,0.49
2007-07-28,33.01,25.94,49.96,0.0,0.49
2007-07-29,38.58,25.35,43.97,0.0,0.49
2007-07-30,39.43,26.91,38.71,0.0,0.49
2007-07-31,36.98,28.21,46.82,0.0,0.49
2007-08-01,33.15,27.3,55.38,0.0,0.49
2007-08-02,36.88,26.43,52.11,0.0,0.49
2007-08-03,35.01,26.02,58.26,0.0,0.49
2007-08-04,36.28,25.61,58.92,0.0,0.49
2007-08-05,39.15,26.75,47.77,0.02,0.49
2007-08-06,33.92,27.75,54.29,0.0,0.49
2007-08-07,39.01,25.95,50.97,0.0,0.49
2007-08-08,40.21,26.7,46.52,0.0,0.49
2007-08-09,42.23,28.12,42.52,0.21,0.49
2007-08-10,42.7,28.79,46.02,3.63,0.49
2007-08-11,34.63,27.28,59.32,4.29,0.5
2007-08-12,35.67,25.63,61.68,2.04,0.5
2007-08-13,34.78,25.28,58.37,2.24,0.5
2007-08-14,35.8,25.38,59.94,1.75,0.5
2007-08-15,34.66,25.66,64.23,1.41,0.5
2007-08-16,33.13,25.36,72.8,2.91,0.5
2007-08-17,33.07,25.54,69.53,0.0,0.5
2007-08-18,36.96,25.47,57.9,0.0,0.5
2007-08-19,35.61,25.27,55.48,0.0,0.5
2007-08-20,37.02,24.84,50.59,0.0,0.5
2007-08-21,37.76,26.87,50.4,0.0,0.5
2007-08-22,29.79,26.33,67.5,0.0,0.5
2007-08-23,35.45,25.64,55.83,0.0,0.5
2007-08-24,34.93,25.83,55.12,0.0,0.5
2007-08-25,35.41,26.04,56.5,0.01,0.49
2007-08-26,34.68,25.39,57.34,0.0,0.49
2007-08-27,35.92,26.12,51.45,0.0,0.49
2007-08-28,37.36,26.76,51.68,0.0,0.49
2007-08-29,35.0,26.72,54.18,0.0,0.49
2007-08-30,37.92,26.34,51.05,0.0,0.49
2007-08-31,37.26,25.89,51.48,0.0,0.49
2007-09-01,37.83,26.54,48.71,0.0,0.49
2007-09-02,37.0,26.35,53.69,0.0,0.49
2007-09-03,37.46,26.54,52.88,0.0,0.49
2007-09-04,36.53,26.19,54.77,0.0,0.49
2007-09-05,36.98,26.25,54.54,0.0,0.49
2007-09-06,36.87,25.82,50.95,0.0,0.49
2007-09-07,37.05,25.75,50.37,0.0,0.49
2007-09-08,36.31,25.81,52.06,0.0,0.49
2007-09-09,35.22,25.48,51.96,0.01,0.49
2007-09-10,37.05,26.31,50.36,0.0,0.49
2007-09-11,36.67,26.81,54.54,0.0,0.49
2007-09-12,34.24,25.78,61.27,0.0,0.49
2007-09-13,37.92,26.58,53.23,0.0,0.49
2007-09-14,37.39,26.71,52.99,0.0,0.49
2007-09-15,37.17,27.34,54.96,0.01,0.49
2007-09-16,32.82,26.03,67.37,0.0,0.49
2007-09-17,35.61,25.12,60.56,0.0,0.49
2007-09-18,37.78,27.11,43.54,0.0,0.49
2007-09-19,38.35,25.87,39.03,0.01,0.49
2007-09-20,37.65,26.21,34.77,0.03,0.49
2007-09-21,36.04,24.34,29.95,0.0,0.49
2007-09-22,33.7,24.56,36.58,0.0,0.49
2007-09-23,35.14,23.99,46.16,0.0,0.49
2007-09-24,33.73,24.77,42.93,0.0,0.49
2007-09-25,40.09,23.78,38.74,0.01,0.49
2007-09-26,39.34,25.53,40.04,0.16,0.49
2007-09-27,36.74,26.61,49.94,0.61,0.49
2007-09-28,32.68,25.47,64.41,1.16,0.49
2007-09-29,36.5,24.79,59.63,0.06,0.49
2007-09-30,33.44,24.68,59.82,0.28,0.49
2007-10-01,37.99,26.12,46.02,0.01,0.49
2007-10-02,38.94,27.21,45.08,0.06,0.49
2007-10-03,40.19,28.09,42.62,0.8,0.49
2007-10-04,41.29,27.24,48.04,3.6,0.49
2007-10-05,38.86,26.84,51.66,1.43,0.5
2007-10-06,33.38,24.03,68.0,2.1,0.5
2007-10-07,33.4,23.16,74.98,7.58,0.51
2007-10-08,32.68,23.37,66.5,0.64,0.51
2007-10-09,35.27,23.49,61.41,0.0,0.51
2007-10-10,33.73,23.69,61.8,0.0,0.5
2007-10-11,31.85,24.65,67.07,0.0,0.5
2007-10-12,32.3,24.22,62.76,0.0,0.5
2007-10-13,36.72,24.43,52.35,0.0,0.5
2007-10-14,35.35,24.42,53.62,0.35,0.5
2007-10-15,32.56,24.18,62.39,1.81,0.5
2007-10-16,30.25,23.76,68.91,0.0,0.5
2007-10-17,31.41,23.64,64.45,0.0,0.5
2007-10-18,33.57,23.48,57.5,0.0,0.5
2007-10-19,33.26,24.47,56.44,0.0,0.5
2007-10-20,33.35,25.12,57.48,0.0,0.5
2007-10-21,33.49,24.25,57.25,0.06,0.5
2007-10-22,34.73,24.02,53.75,0.0,0.5
2007-10-23,34.99,24.0,51.76,0.0,0.5
2007-10-24,37.35,23.58,46.35,0.0,0.49
2007-10-25,37.76,23.71,38.61,0.0,0.49
2007-10-26,37.67,23.01,37.75,0.0,0.49
2007-10-27,36.07,22.24,41.72,0.0,0.49
2007-10-28,36.95,22.04,39.28,0.0,0.49
2007-10-29,37.46,21.75,36.11,0.0,0.49
2007-10-30,37.02,24.72,41.5,0.0,0.49
2007-10-31,37.04,24.04,41.78,0.0,0.49
2007-11-01,37.4,23.95,40.59,0.0,0.49
2007-11-02,29.02,24.2,53.59,0.01,0.49
2007-11-03,30.5,23.47,58.98,0.0,0.49
2007-11-04,32.55,22.38,50.97,0.0,0.49
2007-11-05,33.33,22.13,45.73,0.0,0.49
2007-11-06,33.34,22.87,47.09,0.0,0.49
2007-11-07,33.05,23.32,48.45,0.0,0.49
2007-11-08,34.34,22.06,48.25,0.0,0.49
2007-11-09,35.55,21.96,36.69,0.0,0.49
2007-11-10,34.97,20.38,32.87,0.0,0.49
2007-11-11,34.62,19.81,34.14,0.0,0.49
2007-11-12,35.41,20.36,36.95,0.0,0.49
2007-11-13,33.91,23.57,38.2,0.0,0.49
2007-11-14,28.7,22.91,58.35,0.0,0.49
2007-11-15,34.11,22.45,57.09,0.01,0.49
2007-11-16,32.89,23.53,58.52,0.0,0.49
2007-11-17,34.26,23.19,52.01,0.0,0.49
2007-11-18,36.89,23.22,46.51,0.0,0.49
2007-11-19,36.19,22.87,40.51,0.0,0.49
2007-11-20,35.13,22.4,44.28,0.0,0.49
2007-11-21,33.8,24.46,50.19,0.0,0.49
2007-11-22,29.67,22.64,61.71,0.0,0.49
2007-11-23,32.12,21.02,52.49,0.0,0.49
2007-11-24,32.24,19.8,37.71,0.0,0.49
2007-11-25,33.65,18.3,35.62,0.0,0.49
2007-11-26,33.66,17.52,31.02,0.0,0.49
2007-11-27,31.87,17.42,35.68,0.0,0.49
2007-11-28,30.99,16.4,35.12,0.0,0.49
2007-11-29,30.44,18.1,38.58,0.0,0.49
2007-11-30,29.01,17.92,40.74,0.0,0.49
2007-12-01,29.24,16.29,43.12,0.0,0.49
2007-12-02,31.64,16.38,42.35,0.0,0.49
2007-12-03,30.04,17.56,41.98,0.0,0.49
2007-12-04,29.47,17.34,42.97,0.0,0.49
2007-12-05,31.52,16.34,41.35,0.0,0.49
2007-12-06,31.96,16.42,38.22,0.0,0.49
2007-12-07,31.01,15.79,40.74,0.0,0.49
2007-12-08,30.22,16.01,40.62,0.0,0.49
2007-12-09,30.75,15.44,37.79,0.0,0.49
2007-12-10,30.69,15.89,35.32,0.0,0.49
2007-12-11,30.67,15.85,39.15,0.0,0.49
2007-12-12,31.25,15.03,36.45,0.0,0.49
2007-12-13,32.16,14.98,31.99,0.0,0.49
2007-12-14,32.76,15.0,31.08,0.0,0.49
2007-12-15,32.0,15.39,29.05,0.0,0.49
2007-12-16,32.34,15.76,26.33,0.0,0.49
2007-12-17,31.67,19.11,27.85,0.0,0.49
2007-12-18,31.4,20.77,41.71,0.0,0.49
2007-12-19,33.27,18.7,36.47,0.0,0.49
2007-12-20,33.46,17.27,34.87,0.0,0.49
2007-12-21,30.78,16.87,31.07,0.0,0.49
2007-12-22,28.45,15.07,27.42,0.0,0.49
2007-12-23,29.87,12.99,30.32,0.0,0.49
2007-12-24,28.99,13.03,35.01,0.0,0.49
2007-12-25,29.34,13.78,38.61,0.0,0.49
2007-12-26,29.64,14.85,41.31,0.0,0.49
2007-12-27,28.54,14.4,45.15,0.0,0.49
2007-12-28,30.23,14.34,44.55,0.0,0.49
2007-12-29,30.45,14.8,40.64,0.0,0.49
2007-12-30,30.87,15.44,41.65,0.0,0.49
2007-12-31,32.01,15.36,39.34,0.0,0.49
2008-01-01,32.14,16.56,36.35,0.0,0.49
2008-01-02,30.59,16.27,47.19,0.0,0.49
2008-01-03,30.68,16.2,43.1,0.0,0.49
2008-01-04,30.59,16.18,40.8,0.0,0.49
2008-01-05,31.02,15.59,35.12,0.0,0.49
2008-01-06,30.51,14.28,31.87,0.0,0.49
2008-01-07,30.66,13.89,30.58,0.0,0.49
2008-01-08,31.67,13.3,26.54,0.0,0.49
2008-01-09,31.81,13.89,27.22,0.0,0.49
2008-01-10,31.32,14.63,29.89,0.0,0.49
2008-01-11,31.2,13.99,29.7,0.0,0.49
2008-01-12,30.51,14.23,35.83,0.0,0.49
2008-01-13,30.66,13.91,38.12,0.0,0.49
2008-01-14,29.94,13.34,40.09,0.0,0.49
2008-01-15,30.71,13.74,37.34,0.0,0.49
2008-01-16,30.76,13.15,32.67,0.0,0.49
2008-01-17,31.22,14.31,30.65,0.0,0.49
2008-01-18,30.91,14.0,25.12,0.0,0.49
2008-01-19,29.74,13.97,26.75,0.0,0.49
2008-01-20,29.37,13.74,29.23,0.0,0.49
2008-01-21,29.31,13.22,27.03,0.0,0.49
2008-01-22,30.7,13.21,29.17,0.0,0.49
2008-01-23,31.02,14.1,30.51,0.0,0.49
2008-01-24,31.05,15.33,35.83,0.0,0.49
2008-01-25,30.6,16.48,48.0,0.0,0.49
2008-01-26,30.78,16.97,46.99,0.02,0.49
2008-01-27,30.15,17.62,55.32,0.01,0.49
2008-01-28,25.74,14.3,48.45,0.0,0.49
2008-01-29,26.42,11.62,34.38,0.0,0.49
2008-01-30,26.85,11.28,30.77,0.0,0.49
2008-01-31,28.4,12.18,29.82,0.01,0.49
2008-02-01,27.49,13.78,43.88,0.0,0.49
2008-02-02,28.01,13.61,38.74,0.0,0.49
2008-02-03,28.93,11.92,31.19,0.0,0.49
2008-02-04,29.54,11.59,24.41,0.0,0.49
2008-02-05,30.85,12.65,26.08,0.0,0.49
2008-02-06,31.28,14.53,33.73,0.0,0.49
2008-02-07,32.19,15.9,34.59,0.0,0.49
2008-02-08,33.0,16.1,34.74,0.0,0.49
2008-02-09,33.14,17.37,34.71,0.0,0.49
2008-02-10,28.21,20.19,46.12,0.0,0.49
2008-02-11,29.52,18.29,59.88,0.0,0.49
2008-02-12,30.52,18.62,52.3,0.0,0.49
2008-02-13,31.8,16.69,39.77,0.0,0.49
2008-02-14,31.74,15.47,29.25,0.0,0.49
2008-02-15,30.72,13.7,19.54,0.0,0.49
2008-02-16,29.68,12.76,16.18,0.0,0.49
2008-02-17,31.17,12.15,18.18,0.0,0.49
2008-02-18,31.48,12.74,21.33,0.0,0.49
2008-02-19,30.69,14.6,25.18,0.0,0.49
2008-02-20,30.27,14.04,31.15,0.0,0.49
2008-02-21,29.35,14.53,39.35,0.0,0.49
2008-02-22,32.16,13.77,37.39,0.0,0.49
2008-02-23,32.64,14.8,28.82,0.0,0.49
2008-02-24,33.19,15.36,24.85,0.0,0.49
2008-02-25,32.55,15.04,22.45,0.0,0.49
2008-02-26,33.54,15.37,22.89,0.0,0.49
2008-02-27,34.45,15.88,27.1,0.0,0.49
2008-02-28,32.68,18.64,31.7,0.0,0.49
2008-02-29,34.77,16.65,25.6,0.0,0.49
2008-03-01,33.88,15.65,18.81,0.0,0.49
2008-03-02,33.71,16.33,22.33,0.0,0.49
2008-03-03,33.78,16.71,27.0,0.0,0.49
2008-03-04,33.77,17.53,32.49,0.0,0.49
2008-03-05,33.53,17.15,29.62,0.0,0.49
2008-03-06,33.93,16.63,24.46,0.0,0.49
2008-03-07,35.16,17.19,24.06,0.0,0.49
2008-03-08,34.76,17.68,23.99,0.0,0.49
2008-03-09,34.22,17.3,23.85,0.0,0.49
2008-03-10,34.1,17.35,27.7,0.0,0.49
2008-03-11,33.21,19.17,34.36,0.0,0.49
2008-03-12,34.52,19.51,34.9,0.0,0.49
2008-03-13,36.74,21.46,28.24,0.0,0.49
2008-03-14,36.43,22.24,27.59,0.0,0.49
2008-03-15,36.09,20.85,30.84,0.0,0.49
2008-03-16,36.39,22.68,30.54,0.0,0.49
2008-03-17,34.78,24.49,34.31,0.0,0.49
2008-03-18,36.45,23.03,29.34,0.0,0.49
2008-03-19,36.85,19.99,26.12,0.0,0.49
2008-03-20,37.02,20.05,24.76,0.0,0.49
2008-03-21,36.95,21.48,31.86,0.0,0.49
2008-03-22,36.87,23.16,36.5,0.0,0.49
2008-03-23,37.58,21.36,28.93,0.0,0.49
2008-03-24,35.72,23.39,33.18,0.0,0.49
2008-03-25,36.5,22.67,37.52,0.0,0.49
2008-03-26,37.23,24.99,35.77,0.0,0.49
2008-03-27,35.98,25.09,39.26,0.0,0.49
2008-03-28,36.19,23.48,42.23,0.0,0.49
2008-03-29,36.87,23.74,40.93,0.0,0.49
2008-03-30,36.84,25.39,36.48,0.0,0.49
2008-03-31,34.75,25.1,42.8,0.0,0.49
2008-04-01,32.98,25.0,50.34,0.0,0.49
2008-04-02,34.49,23.45,48.08,0.0,0.49
2008-04-03,36.32,23.11,37.26,0.0,0.49
2008-04-04,36.88,23.98,32.6,0.0,0.49
2008-04-05,38.38,22.96,31.8,0.0,0.49
2008-04-06,39.45,24.43,29.14,0.0,0.49
2008-04-07,38.23,24.86,35.82,0.0,0.49
2008-04-08,38.27,24.24,30.92,0.0,0.49
2008-04-09,38.38,23.51,22.59,0.0,0.49
2008-04-10,38.91,22.86,23.46,0.0,0.49
2008-04-11,39.27,24.39,24.59,0.0,0.49
2008-04-12,36.02,25.37,34.63,0.0,0.49
2008-04-13,39.2,24.1,34.7,0.0,0.49
2008-04-14,39.07,24.02,29.1,0.0,0.49
2008-04-15,38.46,25.82,36.47,0.0,0.49
2008-04-16,39.65,25.6,30.68,0.0,0.49
2008-04-17,40.81,25.32,28.48,0.0,0.49
2008-04-18,41.28,25.61,31.05,0.0,0.49
2008-04-19,40.52,25.88,33.21,0.0,0.49
2008-04-20,40.78,27.53,28.71,0.0,0.49
2008-04-21,40.86,24.97,26.52,0.0,0.49
2008-04-22,41.15,25.7,22.17,0.0,0.49
2008-04-23,40.39,25.82,30.19,0.0,0.49
2008-04-24,40.62,26.18,31.46,0.0,0.49
2008-04-25,40.42,26.1,34.66,0.0,0.49
2008-04-26,39.24,26.25,40.9,0.0,0.49
2008-04-27,39.69,26.93,35.02,0.0,0.49
2008-04-28,38.29,26.49,40.63,0.0,0.49
2008-04-29,37.86,27.91,43.99,0.0,0.49
2008-04-30,35.92,26.66,46.46,0.0,0.49
2008-05-01,35.29,26.35,49.94,0.0,0.49
2008-05-02,35.9,26.74,49.41,0.0,0.49
2008-05-03,39.26,26.08,42.71,2.21,0.49
2008-05-04,34.36,24.71,42.79,0.32,0.49
2008-05-05,37.18,25.58,41.12,0.42,0.49
2008-05-06,37.28,26.33,42.39,0.3,0.49
2008-05-07,38.64,26.13,39.8,0.0,0.49
2008-05-08,36.39,26.47,44.97,0.04,0.49
2008-05-09,38.67,26.42,44.2,0.43,0.49
2008-05-10,37.7,27.19,44.64,1.4,0.49
2008-05-11,36.15,26.62,47.33,0.92,0.49
2008-05-12,34.72,26.22,51.6,0.31,0.49
2008-05-13,34.91,25.67,54.39,0.0,0.49
2008-05-14,35.77,25.83,50.32,0.0,0.49
2008-05-15,37.54,26.47,49.78,0.0,0.49
2008-05-16,32.61,25.46,61.88,0.0,0.49
2008-05-17,29.84,25.02,69.38,0.0,0.49
2008-05-18,34.78,25.43,54.33,0.19,0.49
2008-05-19,34.3,25.38,55.8,4.03,0.5
2008-05-20,35.42,24.38,53.95,0.8,0.5
2008-05-21,36.23,24.93,45.76,0.0,0.5
2008-05-22,37.5,25.11,41.87,0.22,0.5
2008-05-23,36.4,25.31,47.77,0.48,0.5
2008-05-24,34.73,26.8,47.95,0.78,0.5
2008-05-25,36.94,25.63,46.71,1.15,0.5
2008-05-26,37.58,25.65,47.28,1.19,0.5
2008-05-27,35.66,25.55,59.22,6.26,0.5
2008-05-28,33.4,23.84,65.97,3.63,0.51
2008-05-29,34.96,23.07,64.98,4.17,0.51
2008-05-30,34.2,24.23,66.34,1.92,0.51
2008-05-31,32.22,25.05,72.84,3.45,0.51
2008-06-01,33.57,23.9,64.96,0.28,0.51
2008-06-02,35.38,24.64,59.08,0.48,0.51
2008-06-03,34.68,25.3,64.46,4.08,0.51
2008-06-04,28.98,24.33,77.4,2.68,0.51
2008-06-05,29.48,23.94,79.41,1.81,0.51
2008-06-06,30.37,23.19,79.61,2.4,0.51
2008-06-07,30.57,23.11,77.1,4.72,0.52
2008-06-08,30.31,23.35,76.81,3.71,0.52
2008-06-09,34.53,23.3,67.01,0.94,0.52
2008-06-10,35.39,23.83,65.26,7.03,0.52
2008-06-11,36.52,24.3,61.93,3.24,0.52
2008-06-12,34.0,24.8,68.75,9.48,0.53
2008-06-13,36.87,24.48,61.37,0.25,0.52
2008-06-14,36.07,25.98,65.35,1.06,0.52
2008-06-15,34.44,25.1,69.19,2.18,0.52
2008-06-16,31.53,24.49,73.02,2.12,0.52
2008-06-17,33.2,24.15,69.68,2.57,0.52
2008-06-18,31.76,23.49,65.98,1.07,0.51
2008-06-19,34.79,23.99,62.28,0.14,0.51
2008-06-20,36.26,23.97,57.33,0.37,0.51
2008-06-21,36.07,24.58,57.2,0.74,0.51
2008-06-22,35.25,24.57,60.48,2.72,0.51
2008-06-23,37.53,24.88,53.74,0.21,0.5
2008-06-24,37.68,24.91,54.7,0.6,0.5
2008-06-25,36.61,25.49,57.18,2.92,0.5
2008-06-26,36.27,24.54,62.18,3.79,0.51
2008-06-27,33.55,24.24,66.58,1.92,0.51
2008-06-28,31.55,24.19,70.56,1.77,0.51
2008-06-29,32.38,23.08,69.33,1.78,0.51
2008-06-30,33.54,23.64,73.32,2.74,0.51
2008-07-01,31.56,23.72,72.81,1.88,0.51
2008-07-02,34.68,22.91,65.6,0.93,0.51
2008-07-03,34.57,24.02,67.12,1.52,0.51
2008-07-04,34.17,24.11,66.61,0.78,0.51
2008-07-05,35.34,23.72,70.96,2.8,0.51
2008-07-06,31.66,24.18,72.85,1.58,0.51
2008-07-07,30.32,23.81,74.14,0.48,0.51
2008-07-08,33.14,23.64,69.36,0.18,0.51
2008-07-09,32.84,23.98,66.12,0.44,0.5
2008-07-10,33.74,23.94,66.16,0.41,0.5
2008-07-11,35.43,24.11,61.5,0.28,0.5
2008-07-12,34.76,23.94,65.0,1.69,0.5
2008-07-13,33.63,24.2,67.18,1.05,0.5
2008-07-14,33.19,23.53,66.69,0.77,0.5
2008-07-15,35.83,24.03,61.03,0.22,0.5
2008-07-16,32.82,24.23,63.72,1.32,0.5
2008-07-17,30.95,24.08,74.88,2.62,0.5
2008-07-18,29.26,24.04,78.41,2.09,0.5
2008-07-19,33.78,23.37,71.39,1.68,0.51
2008-07-20,33.46,24.1,69.22,1.31,0.51
2008-07-21,33.38,24.35,71.28,1.75,0.5
2008-07-22,30.15,23.83,77.54,3.86,0.51
2008-07-23,31.72,23.47,74.54,2.19,0.51
2008-07-24,35.95,23.65,70.36,1.06,0.51
2008-07-25,34.17,24.11,68.99,1.6,0.51
2008-07-26,29.33,24.72,78.71,2.22,0.51
2008-07-27,33.61,24.09,71.56,0.62,0.51
2008-07-28,32.71,24.23,73.8,1.56,0.51
2008-07-29,35.22,23.33,67.2,0.86,0.51
2008-07-30,34.94,24.05,64.29,0.31,0.5
2008-07-31,37.1,24.44,59.88,0.18,0.5
2008-08-01,36.13,25.6,60.76,0.37,0.5
2008-08-02,31.8,25.2,71.59,1.47,0.5
2008-08-03,34.3,23.95,64.1,0.41,0.5
2008-08-04,34.87,24.59,64.05,1.47,0.5
2008-08-05,35.8,24.33,66.0,3.57,0.5
2008-08-06,33.79,23.93,66.04,0.95,0.5
2008-08-07,31.95,24.9,71.32,2.06,0.5
2008-08-08,33.87,25.28,69.03,2.05,0.51
2008-08-09,31.46,24.72,76.25,1.28,0.51
2008-08-10,29.82,24.12,79.99,2.57,0.51
2008-08-11,34.32,23.53,71.97,1.19,0.51
2008-08-12,32.68,23.74,70.56,0.92,0.51
2008-08-13,35.76,24.5,65.02,0.24,0.5
2008-08-14,34.94,24.61,65.92,1.1,0.5
2008-08-15,35.47,23.78,66.32,2.05,0.5
2008-08-16,34.03,24.11,69.72,2.14,0.5
2008-08-17,34.06,23.49,69.54,3.35,0.5
2008-08-18,32.65,22.95,73.93,2.84,0.51
2008-08-19,33.93,23.06,67.23,0.57,0.51
2008-08-20,36.03,23.73,62.87,0.67,0.5
2008-08-21,34.91,24.18,68.67,6.16,0.51
2008-08-22,35.32,24.18,64.2,0.09,0.51
2008-08-23,33.18,24.86,64.35,0.02,0.51
2008-08-24,34.69,24.17,60.63,0.08,0.5
2008-08-25,35.48,24.58,58.33,0.34,0.5
2008-08-26,35.29,23.83,63.56,2.48,0.5
2008-08-27,30.89,24.55,78.11,5.31,0.51
2008-08-28,34.25,23.74,68.67,0.84,0.51
2008-08-29,35.11,23.77,64.83,0.77,0.51
2008-08-30,35.52,23.83,63.03,0.79,0.51
2008-08-31,33.55,24.73,65.98,1.42,0.5
2008-09-01,34.73,24.73,62.51,2.92,0.51
2008-09-02,32.78,24.81,65.84,0.32,0.51
2008-09-03,35.54,23.43,64.12,0.75,0.5
2008-09-04,33.09,23.92,70.0,3.34,0.51
2008-09-05,30.68,24.47,73.48,0.45,0.51
2008-09-06,28.77,24.44,80.96,1.71,0.51
2008-09-07,33.07,23.46,74.62,7.61,0.51
2008-09-08,34.08,23.54,71.18,0.74,0.52
2008-09-09,30.3,24.41,73.55,1.22,0.51
2008-09-10,35.39,24.13,67.41,2.39,0.51
2008-09-11,37.85,24.18,61.7,1.56,0.51
2008-09-12,39.03,24.55,57.35,0.73,0.51
2008-09-13,36.12,25.68,60.11,0.58,0.51
2008-09-14,37.45,24.39,61.75,2.61,0.51
2008-09-15,35.98,24.59,65.6,1.54,0.51
2008-09-16,32.44,24.1,71.95,3.01,0.51
2008-09-17,34.67,23.45,64.57,0.33,0.51
2008-09-18,36.1,23.98,60.2,0.49,0.51
2008-09-19,35.82,25.2,61.23,0.07,0.5
2008-09-20,34.01,25.44,66.79,0.73,0.5
2008-09-21,33.73,25.55,64.87,0.34,0.5
2008-09-22,33.32,24.15,67.77,0.54,0.5
2008-09-23,36.63,23.85,57.04,0.08,0.5
2008-09-24,36.29,24.5,58.52,0.85,0.5
2008-09-25,36.1,24.92,60.15,0.52,0.5
2008-09-26,36.07,24.0,62.58,2.12,0.5
2008-09-27,35.06,22.93,66.36,5.46,0.51
2008-09-28,35.75,23.36,59.22,0.02,0.51
2008-09-29,36.18,23.55,57.79,0.28,0.5
2008-09-30,37.38,24.77,53.52,0.66,0.5
2008-10-01,35.54,26.14,58.5,1.12,0.5
2008-10-02,34.92,24.68,60.32,0.63,0.5
2008-10-03,32.41,25.27,62.46,0.89,0.5
2008-10-04,32.72,23.77,73.27,7.33,0.51
2008-10-05,30.56,23.33,78.89,6.71,0.52
2008-10-06,31.55,22.82,72.2,2.52,0.52
2008-10-07,33.79,22.61,68.28,2.9,0.52
2008-10-08,34.08,22.32,65.03,0.44,0.52
2008-10-09,35.15,22.93,62.98,0.36,0.51
2008-10-10,34.62,23.86,65.14,1.26,0.51
2008-10-11,33.12,24.87,67.7,0.2,0.51
2008-10-12,33.8,24.12,65.81,1.74,0.51
2008-10-13,35.2,23.94,61.59,1.44,0.51
2008-10-14,34.1,23.07,60.96,1.53,0.51
2008-10-15,36.77,23.07,55.33,0.0,0.51
2008-10-16,38.23,23.8,49.39,0.0,0.51
2008-10-17,38.43,24.49,49.23,0.0,0.5
2008-10-18,37.34,25.04,47.02,0.01,0.5
2008-10-19,37.79,25.03,47.94,1.14,0.5
2008-10-20,33.15,24.03,67.85,4.32,0.5
2008-10-21,33.04,23.52,63.19,0.13,0.51
2008-10-22,35.47,22.88,59.19,1.95,0.51
2008-10-23,33.76,24.32,58.57,0.59,0.51
2008-10-24,33.4,23.38,67.18,4.03,0.51
2008-10-25,29.76,23.18,81.29,6.36,0.52
2008-10-26,34.51,22.46,74.22,2.91,0.52
2008-10-27,31.17,22.83,78.9,5.09,0.52
2008-10-28,28.99,21.68,80.97,6.66,0.53
2008-10-29,27.69,22.44,82.25,4.7,0.53
2008-10-30,32.16,21.04,71.8,2.09,0.53
2008-10-31,33.97,21.39,65.22,0.3,0.53
2008-11-01,33.53,22.74,66.68,1.98,0.52
2008-11-02,32.58,20.88,67.64,3.32,0.52
2008-11-03,32.64,21.06,68.21,0.7,0.52
2008-11-04,33.18,22.77,69.03,0.64,0.52
2008-11-05,31.57,22.77,72.54,2.96,0.52
2008-11-06,32.25,21.35,69.44,0.79,0.52
2008-11-07,34.52,19.35,56.98,0.03,0.51
2008-11-08,35.26,18.85,53.51,0.01,0.51
2008-11-09,34.96,19.35,47.31,0.0,0.51
2008-11-10,33.28,16.11,43.81,0.0,0.51
2008-11-11,32.66,15.46,43.51,0.0,0.5
2008-11-12,31.84,15.58,45.27,0.0,0.5
2008-11-13,33.11,15.7,45.73,0.0,0.5
2008-11-14,31.38,17.35,48.38,0.0,0.5
2008-11-15,32.76,18.29,41.15,0.0,0.5
2008-11-16,32.86,18.14,43.76,0.0,0.5
2008-11-17,34.21,19.26,44.65,0.0,0.5
2008-11-18,34.66,20.66,46.04,0.0,0.5
2008-11-19,33.39,22.71,54.96,3.17,0.5
2008-11-20,32.58,22.32,62.71,0.07,0.5
2008-11-21,31.8,21.81,70.5,5.05,0.51
2008-11-22,32.45,20.74,63.03,0.02,0.51
2008-11-23,33.89,19.15,52.59,0.0,0.51
2008-11-24,32.64,17.56,49.88,0.0,0.5
2008-11-25,32.17,20.16,51.97,0.0,0.5
2008-11-26,32.64,19.08,53.3,0.0,0.5
2008-11-27,33.5,19.17,48.51,0.0,0.5
2008-11-28,32.15,17.31,45.45,0.0,0.5
2008-11-29,32.36,16.67,41.01,0.0,0.5
2008-11-30,30.73,15.83,37.01,0.0,0.5
2008-12-01,30.68,14.07,38.14,0.0,0.5
2008-12-02,28.78,13.85,43.47,0.0,0.5
2008-12-03,29.34,15.66,48.24,0.0,0.5
2008-12-04,32.03,15.92,47.18,0.0,0.5
2008-12-05,31.95,17.44,49.49,0.0,0.5
2008-12-06,30.88,17.28,51.6,0.0,0.5
2008-12-07,29.82,17.5,52.05,0.04,0.5
2008-12-08,31.97,16.83,47.99,0.0,0.5
2008-12-09,29.41,16.62,49.04,0.0,0.5
2008-12-10,30.3,16.36,50.14,0.0,0.5
2008-12-11,31.33,16.66,49.31,0.0,0.5
2008-12-12,30.93,17.28,50.29,0.0,0.5
2008-12-13,32.59,16.7,45.57,0.0,0.5
2008-12-14,31.5,15.61,41.8,0.0,0.5
2008-12-15,30.57,15.53,45.75,0.0,0.5
2008-12-16,30.69,15.89,46.29,0.0,0.5
2008-12-17,30.61,16.06,47.09,0.0,0.49
2008-12-18,30.33,15.23,48.53,0.0,0.49
2008-12-19,29.78,14.95,49.07,0.0,0.49
2008-12-20,28.95,15.61,54.32,0.0,0.49
2008-12-21,29.09,15.53,55.64,0.0,0.49
2008-12-22,29.52,15.92,54.22,0.0,0.49
2008-12-23,29.79,17.2,52.1,0.0,0.49
2008-12-24,28.89,16.56,53.85,0.0,0.49
2008-12-25,27.63,18.35,54.67,0.0,0.49
2008-12-26,29.36,17.09,57.21,1.09,0.49
2008-12-27,27.09,16.8,59.78,1.91,0.5
2008-12-28,29.02,13.03,51.73,0.0,0.5
2008-12-29,28.73,13.49,44.13,0.0,0.5
2008-12-30,29.46,13.93,43.74,0.0,0.5
2008-12-31,29.72,14.08,41.03,0.0,0.5
2009-01-01,31.06,14.19,38.57,0.11,0.5
2009-01-02,29.42,18.12,52.67,0.54,0.5
2009-01-03,28.86,16.27,50.97,0.0,0.5
2009-01-04,29.47,15.18,44.86,0.0,0.5
2009-01-05,28.4,14.07,41.8,0.0,0.5
2009-01-06,28.97,13.23,42.57,0.0,0.5
2009-01-07,29.46,14.39,40.18,0.0,0.5
2009-01-08,30.18,14.65,39.97,0.0,0.49
2009-01-09,30.85,14.79,39.63,0.0,0.49
2009-01-10,29.63,14.75,43.27,0.0,0.49
2009-01-11,29.13,14.67,46.07,0.0,0.49
2009-01-12,30.88,15.01,43.96,0.0,0.49
2009-01-13,29.93,14.89,45.33,0.0,0.49
2009-01-14,29.19,14.91,47.72,0.0,0.49
2009-01-15,28.67,14.56,46.77,0.0,0.49
2009-01-16,28.71,14.47,49.93,0.0,0.49
2009-01-17,28.82,14.57,49.27,0.0,0.49
2009-01-18,29.95,14.59,46.5,0.0,0.49
2009-01-19,30.2,14.93,48.46,0.0,0.49
2009-01-20,30.07,15.06,47.75,0.0,0.49
2009-01-21,31.88,14.95,40.79,0.0,0.49
2009-01-22,29.55,15.37,45.0,0.0,0.49
2009-01-23,31.7,15.84,48.55,0.0,0.49
2009-01-24,31.77,16.27,44.76,0.0,0.49
2009-01-25,31.12,17.07,43.53,0.02,0.49
2009-01-26,30.86,15.61,38.75,0.0,0.49
2009-01-27,31.51,16.33,35.99,0.0,0.49
2009-01-28,31.18,16.18,38.96,0.0,0.49
2009-01-29,32.77,15.88,38.18,0.0,0.49
2009-01-30,31.97,14.54,34.42,0.0,0.49
2009-01-31,32.1,15.73,37.83,0.55,0.49
2009-02-01,30.99,15.0,31.01,0.0,0.49
2009-02-02,31.1,13.98,29.42,0.0,0.49
2009-02-03,31.77,14.16,32.55,0.0,0.49
2009-02-04,31.06,14.38,34.66,0.0,0.49
2009-02-05,32.21,14.5,33.6,0.0,0.49
2009-02-06,31.73,15.1,31.67,0.0,0.49
2009-02-07,32.06,15.06,34.99,0.0,0.49
2009-02-08,32.6,15.69,33.46,0.0,0.49
2009-02-09,33.61,15.43,30.65,0.0,0.49
2009-02-10,33.88,15.83,31.46,0.0,0.49
2009-02-11,32.59,16.41,33.02,0.01,0.49
2009-02-12,31.35,16.17,28.38,0.0,0.49
2009-02-13,31.88,17.14,32.38,0.0,0.49
2009-02-14,33.1,14.86,32.96,0.0,0.49
2009-02-15,33.64,15.82,31.02,0.0,0.49
2009-02-16,34.63,16.66,32.03,0.0,0.49
2009-02-17,34.97,17.46,28.62,0.0,0.49
2009-02-18,34.85,17.66,24.95,0.0,0.49
2009-02-19,35.21,17.57,25.84,0.0,0.49
2009-02-20,35.12,18.49,25.39,0.0,0.49
2009-02-21,33.76,17.46,22.36,0.0,0.49
2009-02-22,32.12,15.32,21.51,0.0,0.49
2009-02-23,33.33,16.46,23.19,0.0,0.49
2009-02-24,32.9,16.89,21.73,0.0,0.49
2009-02-25,33.57,17.59,29.47,0.01,0.49
2009-02-26,34.91,19.01,34.65,0.0,0.49
2009-02-27,33.74,18.33,39.57,0.76,0.49
2009-02-28,34.91,19.33,33.03,0.0,0.49
2009-03-01,34.17,18.65,39.03,0.0,0.49
2009-03-02,34.37,18.98,31.03,0.0,0.49
2009-03-03,33.74,18.18,30.95,0.0,0.49
2009-03-04,32.98,18.0,33.41,0.0,0.49
2009-03-05,33.33,18.22,37.49,0.11,0.49
2009-03-06,35.42,18.86,37.49,0.0,0.49
2009-03-07,35.49,20.16,35.41,0.0,0.49
2009-03-08,35.29,18.62,29.85,0.0,0.49
2009-03-09,36.16,19.21,25.96,0.0,0.49
2009-03-10,36.36,19.17,25.78,0.0,0.49
2009-03-11,35.67,22.73,25.99,0.0,0.49
2009-03-12,35.14,21.53,30.02,0.0,0.49
2009-03-13,36.82,21.45,24.53,0.0,0.49
2009-03-14,37.43,19.07,23.1,0.0,0.49
2009-03-15,33.05,20.93,45.73,0.0,0.49
2009-03-16,29.55,22.48,46.81,0.0,0.49
2009-03-17,29.83,22.22,51.96,3.46,0.49
2009-03-18,30.34,21.7,52.44,0.03,0.5
2009-03-19,35.6,19.13,38.38,0.0,0.5
2009-03-20,36.34,22.12,33.28,0.0,0.49
2009-03-21,35.37,20.07,33.27,0.0,0.49
2009-03-22,35.83,20.47,33.53,0.0,0.49
2009-03-23,36.51,21.53,31.34,0.04,0.49
2009-03-24,36.95,20.74,31.75,1.57,0.49
2009-03-25,36.69,20.8,33.32,0.0,0.49
2009-03-26,34.75,19.65,42.1,3.97,0.5
2009-03-27,33.48,20.41,46.37,0.7,0.5
2009-03-28,34.51,22.42,38.11,0.0,0.5
2009-03-29,35.78,20.04,34.72,0.0,0.5
2009-03-30,36.17,20.08,34.82,0.27,0.5
2009-03-31,35.67,22.75,35.23,0.46,0.5
2009-04-01,34.34,20.77,42.05,4.56,0.5
2009-04-02,36.18,20.32,44.35,0.0,0.5
2009-04-03,36.8,21.06,36.84,0.01,0.5
2009-04-04,37.13,22.43,34.49,0.13,0.5
2009-04-05,37.98,22.39,33.97,0.0,0.5
2009-04-06,38.12,22.73,34.92,0.02,0.49
2009-04-07,37.49,23.72,35.45,0.09,0.49
2009-04-08,38.08,23.64,35.89,0.19,0.49
2009-04-09,38.06,23.79,36.58,0.01,0.49
2009-04-10,37.55,23.48,40.37,4.0,0.5
2009-04-11,37.21,23.46,38.64,0.14,0.5
2009-04-12,37.9,23.97,36.0,0.0,0.5
2009-04-13,38.03,22.61,33.27,0.0,0.5
2009-04-14,37.01,23.39,45.03,2.42,0.5
2009-04-15,36.69,24.35,55.26,0.67,0.5
2009-04-16,36.29,25.11,50.62,0.56,0.5
2009-04-17,31.87,25.06,70.6,18.27,0.52
2009-04-18,31.83,24.06,71.47,2.35,0.53
2009-04-19,35.43,22.83,59.75,0.04,0.52
2009-04-20,36.24,24.55,55.64,0.03,0.52
2009-04-21,36.18,24.07,55.25,0.39,0.51
2009-04-22,36.59,23.97,57.64,2.29,0.51
2009-04-23,36.69,24.6,57.32,1.52,0.51
2009-04-24,37.46,25.94,52.69,0.0,0.51
2009-04-25,40.39,24.13,36.71,0.0,0.5
2009-04-26,40.6,22.79,35.15,0.94,0.5
2009-04-27,35.33,26.75,53.3,0.0,0.5
2009-04-28,39.55,25.31,45.11,0.55,0.5
2009-04-29,39.74,25.02,39.47,0.0,0.5
2009-04-30,39.61,24.8,40.5,1.07,0.5
2009-05-01,39.84,24.37,40.79,3.67,0.5
2009-05-02,39.14,24.8,41.25,2.16,0.5
2009-05-03,36.58,25.3,51.06,1.48,0.5
2009-05-04,38.79,25.0,48.97,0.22,0.5
2009-05-05,37.08,27.06,49.45,0.77,0.5
2009-05-06,39.28,26.15,45.0,0.0,0.5
2009-05-07,39.84,27.06,40.51,0.0,0.5
2009-05-08,40.09,25.91,39.61,0.0,0.5
2009-05-09,40.3,26.45,40.09,0.06,0.49
2009-05-10,39.95,26.16,40.48,0.16,0.49
2009-05-11,40.08,26.44,40.72,0.33,0.49
2009-05-12,37.54,28.28,44.24,1.51,0.5
2009-05-13,34.68,27.21,50.68,0.59,0.5
2009-05-14,37.76,25.91,46.77,1.86,0.5
2009-05-15,35.04,27.37,51.67,0.55,0.5
2009-05-16,37.1,26.3,49.58,0.95,0.5
2009-05-17,35.14,25.66,54.16,1.26,0.5
2009-05-18,36.39,25.41,52.32,2.6,0.5
2009-05-19,35.17,25.9,52.85,1.61,0.5
2009-05-20,38.25,23.95,49.99,0.0,0.5
2009-05-21,40.5,25.12,42.55,0.0,0.5
2009-05-22,38.34,27.53,45.77,0.53,0.5
2009-05-23,37.16,27.27,49.7,0.14,0.5
2009-05-24,38.25,26.31,55.65,5.31,0.5
2009-05-25,36.61,25.66,63.93,1.37,0.5
2009-05-26,36.79,25.64,57.62,0.46,0.5
2009-05-27,37.42,25.32,55.16,0.77,0.5
2009-05-28,38.31,26.21,52.63,1.09,0.5
2009-05-29,34.19,25.73,68.18,4.33,0.5
2009-05-30,32.54,24.46,76.28,8.42,0.51
2009-05-31,34.08,24.32,70.28,3.32,0.52
2009-06-01,33.53,24.34,69.37,1.9,0.52
2009-06-02,35.04,23.94,62.35,1.35,0.51
2009-06-03,36.54,24.57,55.47,0.13,0.51
2009-06-04,35.31,24.67,63.73,10.28,0.52
2009-06-05,31.56,24.34,69.94,1.54,0.52
2009-06-06,30.82,24.07,71.7,2.48,0.52
2009-06-07,31.92,23.32,73.3,4.85,0.52
2009-06-08,29.16,23.92,79.37,4.15,0.52
2009-06-09,30.8,23.2,71.52,0.27,0.52
2009-06-10,35.79,23.68,58.33,0.01,0.52
2009-06-11,36.52,23.8,57.21,0.93,0.51
2009-06-12,36.91,23.56,58.02,2.18,0.51
2009-06-13,35.15,24.83,59.99,0.19,0.51
2009-06-14,35.95,24.23,57.34,2.56,0.51
2009-06-15,38.0,25.15,53.46,0.2,0.51
2009-06-16,38.54,26.72,51.19,0.34,0.5
2009-06-17,33.97,26.8,59.85,0.63,0.5
2009-06-18,35.17,25.59,61.71,2.02,0.5
2009-06-19,36.24,25.39,58.58,0.41,0.5
2009-06-20,35.55,25.6,58.98,0.6,0.5
2009-06-21,35.89,25.87,59.02,0.45,0.5
2009-06-22,34.62,25.47,58.81,1.47,0.5
2009-06-23,33.0,25.88,61.76,1.3,0.5
2009-06-24,36.63,25.53,56.07,0.14,0.5
2009-06-25,37.71,24.77,55.64,0.75,0.5
2009-06-26,37.08,25.68,57.34,1.52,0.5
2009-06-27,35.46,24.88,60.15,2.05,0.5
2009-06-28,33.25,24.82,65.79,1.62,0.5
2009-06-29,33.72,24.22,65.59,1.8,0.5
2009-06-30,32.72,24.32,68.6,2.21,0.5
2009-07-01,33.07,23.81,67.8,2.19,0.5
2009-07-02,33.17,23.27,67.56,1.45,0.51
2009-07-03,34.98,23.67,62.52,1.22,0.5
2009-07-04,33.77,24.77,63.65,0.73,0.5
2009-07-05,32.75,24.4,68.52,1.67,0.5
2009-07-06,29.54,24.21,78.74,2.43,0.51
2009-07-07,35.3,23.25,66.83,2.0,0.51
2009-07-08,35.17,23.09,66.52,1.98,0.51
2009-07-09,35.96,24.43,61.5,0.48,0.5
2009-07-10,37.75,24.47,56.32,0.15,0.5
2009-07-11,37.71,25.16,55.88,0.11,0.5
2009-07-12,38.29,26.69,55.09,0.54,0.5
2009-07-13,36.49,26.22,63.55,2.58,0.5
2009-07-14,36.84,25.3,64.47,0.48,0.5
2009-07-15,37.78,24.73,58.12,0.34,0.5
2009-07-16,37.53,25.25,56.36,0.11,0.5
2009-07-17,38.51,25.16,54.33,0.2,0.5
2009-07-18,33.22,26.54,66.99,0.47,0.5
2009-07-19,31.75,25.83,66.7,0.48,0.5
2009-07-20,37.53,25.11,61.46,4.54,0.5
2009-07-21,34.73,24.69,66.49,1.15,0.5
2009-07-22,36.22,24.87,59.26,0.14,0.5
2009-07-23,37.92,25.25,56.05,0.04,0.5
2009-07-24,38.21,25.58,54.91,0.52,0.5
2009-07-25,35.64,26.01,62.44,0.4,0.5
2009-07-26,36.84,25.68,62.14,0.78,0.5
2009-07-27,36.84,25.39,61.15,1.24,0.5
2009-07-28,34.05,24.92,67.94,3.76,0.5
2009-07-29,34.5,24.99,67.49,1.2,0.5
2009-07-30,34.41,25.08,67.49,1.08,0.5
2009-07-31,34.76,24.57,64.34,0.48,0.5
2009-08-01,37.04,24.99,61.27,0.09,0.5
2009-08-02,36.82,26.15,61.73,0.32,0.5
2009-08-03,38.55,26.06,56.05,0.12,0.5
2009-08-04,38.19,26.46,56.54,0.61,0.5
2009-08-05,35.27,25.56,66.63,4.56,0.5
2009-08-06,34.11,26.16,68.61,0.62,0.5
2009-08-07,35.39,25.57,64.99,0.96,0.5
2009-08-08,36.77,24.92,60.49,0.43,0.5
2009-08-09,38.35,24.8,55.89,0.43,0.5
2009-08-10,39.34,25.74,54.41,0.22,0.5
2009-08-11,36.8,25.09,59.69,3.94,0.5
2009-08-12,36.16,24.78,64.58,3.39,0.5
2009-08-13,34.56,24.74,68.54,2.26,0.5
2009-08-14,32.68,25.53,72.91,2.9,0.51
2009-08-15,29.23,24.36,79.03,2.35,0.51
2009-08-16,33.88,23.88,66.57,1.23,0.51
2009-08-17,31.82,24.82,70.43,2.11,0.51
2009-08-18,32.94,23.51,66.95,1.24,0.51
2009-08-19,33.84,23.79,70.88,2.51,0.51
2009-08-20,31.49,23.2,75.05,4.02,0.51
2009-08-21,33.19,22.81,69.55,1.87,0.51
2009-08-22,32.15,23.23,76.17,1.57,0.51
2009-08-23,31.93,23.4,73.97,3.99,0.51
2009-08-24,34.12,23.44,73.21,8.67,0.52
2009-08-25,32.95,23.91,71.55,0.17,0.52
2009-08-26,32.91,24.08,72.4,0.28,0.52
2009-08-27,35.45,23.79,64.05,0.04,0.51
2009-08-28,35.35,24.93,63.14,0.4,0.51
2009-08-29,35.84,25.63,63.32,3.25,0.51
2009-08-30,29.95,25.35,80.18,0.96,0.51
2009-08-31,29.75,24.5,80.65,0.3,0.51
2009-09-01,35.8,23.59,67.61,1.08,0.51
2009-09-02,38.78,24.14,62.59,0.94,0.51
2009-09-03,32.82,25.47,67.62,1.53,0.51
2009-09-04,33.16,25.0,65.09,0.31,0.5
2009-09-05,34.88,24.91,60.16,0.29,0.5
2009-09-06,36.63,24.72,59.79,1.29,0.5
2009-09-07,36.42,24.97,61.59,1.45,0.5
2009-09-08,32.81,25.23,67.46,0.09,0.5
2009-09-09,35.42,24.13,60.65,0.1,0.5
2009-09-10,31.6,25.14,64.92,0.01,0.5
2009-09-11,39.25,24.87,51.36,0.01,0.5
2009-09-12,38.28,27.09,54.14,0.66,0.5
2009-09-13,31.7,25.63,73.28,0.99,0.5
2009-09-14,35.15,25.06,62.88,1.08,0.5
2009-09-15,36.01,25.35,57.74,0.32,0.5
2009-09-16,37.34,24.72,55.15,2.14,0.5
2009-09-17,33.68,24.14,72.62,8.87,0.51
2009-09-18,30.49,23.71,77.82,1.75,0.51
2009-09-19,31.85,23.48,71.48,0.76,0.51
2009-09-20,35.48,22.61,62.23,0.54,0.51
2009-09-21,33.2,24.15,66.74,1.18,0.51
2009-09-22,33.37,23.97,67.07,0.75,0.51
2009-09-23,31.06,24.06,71.15,0.78,0.51
2009-09-24,34.83,24.02,60.2,0.13,0.5
2009-09-25,37.01,24.93,59.09,0.9,0.5
2009-09-26,40.21,24.8,50.61,0.3,0.5
2009-09-27,39.16,25.42,48.82,0.3,0.5
2009-09-28,36.95,25.68,48.97,0.12,0.5
2009-09-29,39.52,25.45,45.84,0.07,0.5
2009-09-30,40.05,25.09,37.3,0.01,0.5
2009-10-01,39.61,24.85,39.03,0.12,0.5
2009-10-02,39.66,26.76,44.3,0.43,0.5
2009-10-03,37.01,26.68,55.46,2.11,0.5
2009-10-04,35.66,24.75,64.33,2.14,0.5
2009-10-05,32.34,24.96,73.03,2.43,0.5
2009-10-06,31.28,24.59,72.14,0.96,0.5
2009-10-07,34.66,24.75,67.59,1.75,0.5
2009-10-08,36.35,24.85,62.4,0.78,0.5
2009-10-09,36.42,23.94,61.91,1.38,0.5
2009-10-10,35.85,23.65,64.04,2.18,0.5
2009-10-11,35.8,24.63,60.23,0.69,0.5
2009-10-12,36.33,24.67,56.73,0.09,0.5
2009-10-13,35.53,25.19,56.41,0.48,0.5
2009-10-14,33.61,25.13,59.43,0.29,0.5
2009-10-15,35.27,24.13,61.54,1.7,0.5
2009-10-16,30.51,24.54,72.42,1.89,0.5
2009-10-17,33.7,23.6,64.58,1.36,0.5
2009-10-18,36.11,23.31,59.07,0.12,0.5
2009-10-19,35.73,24.34,56.98,0.06,0.5
2009-10-20,36.25,23.97,54.77,0.02,0.5
2009-10-21,36.07,25.31,53.08,0.12,0.5
2009-10-22,36.34,25.39,57.75,0.95,0.5
2009-10-23,35.58,25.63,57.9,0.77,0.5
2009-10-24,35.74,23.52,56.7,0.71,0.5
2009-10-25,36.89,23.46,52.76,0.0,0.5
2009-10-26,35.97,25.09,48.92,0.0,0.5
2009-10-27,36.61,24.3,47.71,0.0,0.5
2009-10-28,36.99,24.81,50.14,0.0,0.5
2009-10-29,37.39,24.77,47.9,0.0,0.49
2009-10-30,37.58,24.27,45.73,0.0,0.49
2009-10-31,37.29,23.41,43.84,0.0,0.49
2009-11-01,38.75,22.15,36.05,0.0,0.49
2009-11-02,35.94,23.2,40.62,0.0,0.49
2009-11-03,34.0,20.59,32.22,0.0,0.49
2009-11-04,36.11,19.81,35.44,0.0,0.49
2009-11-05,36.45,23.1,36.93,0.0,0.49
2009-11-06,36.56,22.0,37.25,0.0,0.49
2009-11-07,32.48,22.65,40.5,0.0,0.49
2009-11-08,36.1,21.28,40.01,0.0,0.49
2009-11-09,36.34,22.28,35.56,0.0,0.49
2009-11-10,34.75,21.05,39.19,0.0,0.49
2009-11-11,34.74,21.47,39.65,0.0,0.49
2009-11-12,35.48,21.18,38.98,0.0,0.49
2009-11-13,35.19,21.81,39.93,0.0,0.49
2009-11-14,35.57,22.22,41.27,0.0,0.49
2009-11-15,32.99,23.15,52.81,0.46,0.49
2009-11-16,35.04,22.45,51.97,0.02,0.49
2009-11-17,34.66,23.12,50.43,0.65,0.49
2009-11-18,33.22,20.98,59.65,6.77,0.5
2009-11-19,31.19,19.71,68.3,4.06,0.51
2009-11-20,30.56,20.35,67.86,1.93,0.51
2009-11-21,30.82,20.58,67.95,1.35,0.51
2009-11-22,29.58,19.12,61.55,0.04,0.5
2009-11-23,29.67,19.19,61.52,0.0,0.5
2009-11-24,29.77,17.27,53.44,0.0,0.5
2009-11-25,30.38,15.76,51.62,0.0,0.5
2009-11-26,29.17,17.06,51.15,0.0,0.5
2009-11-27,29.97,17.51,51.69,0.0,0.5
2009-11-28,31.28,16.34,44.98,0.0,0.5
2009-11-29,30.79,16.14,44.83,0.0,0.5
2009-11-30,31.65,17.2,44.22,0.0,0.5
2009-12-01,31.27,17.45,43.59,0.0,0.5
2009-12-02,31.71,16.84,43.63,0.0,0.5
2009-12-03,31.49,16.73,44.05,0.0,0.5
2009-12-04,30.35,16.68,46.62,0.0,0.49
2009-12-05,30.23,16.42,47.13,0.0,0.49
2009-12-06,29.71,16.16,47.96,0.0,0.49
2009-12-07,29.18,16.04,51.31,0.0,0.49
2009-12-08,30.04,16.24,49.39,0.0,0.49
2009-12-09,30.02,15.86,49.63,0.0,0.49
2009-12-10,29.83,14.93,44.33,0.0,0.49
2009-12-11,29.57,14.49,40.3,0.0,0.49
2009-12-12,30.91,14.79,41.18,0.0,0.49
2009-12-13,30.71,15.95,42.08,0.0,0.49
2009-12-14,30.5,15.94,40.8,0.0,0.49
2009-12-15,30.93,14.82,40.42,0.0,0.49
2009-12-16,30.85,15.04,37.7,0.0,0.49
2009-12-17,30.81,15.49,37.25,0.0,0.49
2009-12-18,31.54,16.47,40.33,0.01,0.49
2009-12-19,31.21,17.31,38.92,0.0,0.49
2009-12-20,30.85,16.61,39.6,0.0,0.49
2009-12-21,30.59,14.78,40.1,0.0,0.49
2009-12-22,29.71,14.92,38.5,0.0,0.49
2009-12-23,28.63,15.23,40.91,0.0,0.49
2009-12-24,27.33,15.33,44.35,0.0,0.49
2009-12-25,28.17,12.76,42.2,0.0,0.49
2009-12-26,27.73,12.33,36.93,0.0,0.49
2009-12-27,28.36,11.86,37.29,0.0,0.49
2009-12-28,26.58,11.95,35.82,0.0,0.49
2009-12-29,28.23,11.58,33.27,0.0,0.49
2009-12-30,28.04,11.42,33.26,0.0,0.49
2009-12-31,29.13,12.22,28.8,0.0,0.49
2010-01-01,28.16,13.24,31.82,0.0,0.49
2010-01-02,29.78,11.54,38.04,0.0,0.49
2010-01-03,29.04,11.22,29.49,0.0,0.49
2010-01-04,28.46,11.91,26.94,0.0,0.49
2010-01-05,29.91,12.98,26.07,0.0,0.49
2010-01-06,30.44,14.29,31.16,0.0,0.49
2010-01-07,31.32,14.03,36.0,0.06,0.49
2010-01-08,30.99,14.1,35.31,0.0,0.49
2010-01-09,30.63,17.08,35.71,0.0,0.49
2010-01-10,31.02,14.29,39.45,0.0,0.49
2010-01-11,31.42,15.39,38.96,0.0,0.49
2010-01-12,31.4,15.42,36.74,0.0,0.49
2010-01-13,32.1,15.77,34.95,0.0,0.49
2010-01-14,30.95,16.33,35.06,0.0,0.49
2010-01-15,31.74,18.14,37.47,0.0,0.49
2010-01-16,31.14,15.56,36.25,0.0,0.49
2010-01-17,31.66,15.3,34.54,0.0,0.49
2010-01-18,31.08,16.0,36.19,0.0,0.49
2010-01-19,30.41,16.92,41.9,0.0,0.49
2010-01-20,31.53,17.52,41.69,0.0,0.49
2010-01-21,32.79,15.99,35.08,0.0,0.49
2010-01-22,31.71,16.03,30.3,0.0,0.49
2010-01-23,32.27,14.95,26.75,0.0,0.49
2010-01-24,31.78,14.72,26.38,0.0,0.49
2010-01-25,32.64,15.1,32.93,0.66,0.49
2010-01-26,28.65,18.45,48.84,6.1,0.49
2010-01-27,29.74,14.68,47.02,0.0,0.5
2010-01-28,30.15,13.01,36.76,0.0,0.5
2010-01-29,31.08,14.06,33.38,0.0,0.5
2010-01-30,29.42,13.51,34.28,0.0,0.5
2010-01-31,29.78,14.1,36.76,0.0,0.5
2010-02-01,28.13,14.23,35.84,0.0,0.5
2010-02-02,30.09,14.24,32.11,0.0,0.5
2010-02-03,30.87,14.31,28.08,0.0,0.49
2010-02-04,30.56,12.37,24.27,0.0,0.49
2010-02-05,29.33,14.87,24.12,0.0,0.49
2010-02-06,30.9,13.02,27.24,0.0,0.49
2010-02-07,30.5,11.71,24.11,0.0,0.49
2010-02-08,32.13,12.84,20.15,0.0,0.49
2010-02-09,31.31,13.64,20.19,0.0,0.49
2010-02-10,31.86,14.66,22.06,0.0,0.49
2010-02-11,32.25,14.94,23.15,0.0,0.49
2010-02-12,32.99,15.76,28.29,0.0,0.49
2010-02-13,31.8,15.08,28.41,0.0,0.49
2010-02-14,33.19,16.16,27.47,0.0,0.49
2010-02-15,33.0,16.64,29.06,0.0,0.49
2010-02-16,31.94,17.36,33.18,0.0,0.49
2010-02-17,33.95,18.05,31.14,0.05,0.49
2010-02-18,32.09,19.08,43.84,0.17,0.49
2010-02-19,31.38,20.28,43.13,0.0,0.49
2010-02-20,32.57,18.07,31.9,0.0,0.49
2010-02-21,32.01,16.01,25.03,0.0,0.49
2010-02-22,32.53,14.87,25.11,0.0,0.49
2010-02-23,32.41,15.28,24.25,0.0,0.49
2010-02-24,30.94,15.03,29.48,0.21,0.49
2010-02-25,32.63,16.94,33.32,0.01,0.49
2010-02-26,33.72,17.36,34.39,0.0,0.49
2010-02-27,34.01,18.02,34.01,0.0,0.49
2010-02-28,33.76,17.74,34.07,0.0,0.49
2010-03-01,34.24,18.26,30.94,0.0,0.49
2010-03-02,33.59,17.81,30.23,0.0,0.49
2010-03-03,34.08,17.23,32.94,0.0,0.49
2010-03-04,33.59,17.59,34.88,0.1,0.49
2010-03-05,33.8,17.65,42.19,0.31,0.49
2010-03-06,34.69,19.52,47.28,0.07,0.49
2010-03-07,35.54,19.84,44.27,0.12,0.49
2010-03-08,36.9,21.22,33.9,0.0,0.49
2010-03-09,37.6,20.62,31.09,0.0,0.49
2010-03-10,37.5,20.7,30.32,0.0,0.49
2010-03-11,34.9,20.16,28.28,0.0,0.49
2010-03-12,34.74,18.81,24.29,0.0,0.49
2010-03-13,33.33,20.42,25.26,0.0,0.49
2010-03-14,33.33,20.0,22.73,0.0,0.49
2010-03-15,34.77,19.82,19.69,0.0,0.49
2010-03-16,34.11,19.6,26.33,0.0,0.49
2010-03-17,37.62,19.69,26.7,0.0,0.49
2010-03-18,37.26,21.4,22.75,0.01,0.49
2010-03-19,37.52,22.08,23.43,0.0,0.49
2010-03-20,37.75,21.23,24.95,0.0,0.49
2010-03-21,38.14,21.57,24.07,0.0,0.49
2010-03-22,37.29,21.5,33.21,0.0,0.49
2010-03-23,36.32,20.37,30.65,0.0,0.49
2010-03-24,37.08,20.09,32.9,0.0,0.49
2010-03-25,37.86,21.78,29.77,0.0,0.49
2010-03-26,37.87,22.61,25.96,0.0,0.49
2010-03-27,38.19,22.33,31.73,1.16,0.49
2010-03-28,36.47,21.43,41.01,6.57,0.5
2010-03-29,36.0,22.61,46.06,1.68,0.5
2010-03-30,33.71,21.79,58.63,2.81,0.5
2010-03-31,32.79,21.72,62.49,6.52,0.51
2010-04-01,33.37,21.87,65.41,4.26,0.51
2010-04-02,35.48,22.08,60.12,2.36,0.51
2010-04-03,36.21,22.24,52.4,0.1,0.51
2010-04-04,37.97,23.1,45.68,0.0,0.51
2010-04-05,37.94,23.3,42.99,0.0,0.5
2010-04-06,37.28,24.06,39.35,0.0,0.5
2010-04-07,39.12,24.07,34.1,0.0,0.5
2010-04-08,40.16,22.7,27.74,0.0,0.5
2010-04-09,39.38,23.87,29.77,0.0,0.5
2010-04-10,38.02,23.67,30.15,0.0,0.49
2010-04-11,38.23,23.05,34.3,0.0,0.49
2010-04-12,38.9,24.29,38.49,0.0,0.49
2010-04-13,38.59,25.29,38.29,0.0,0.49
2010-04-14,38.83,24.06,36.13,0.08,0.49
2010-04-15,38.41,26.31,35.95,0.0,0.49
2010-04-16,39.37,26.83,38.57,0.39,0.49
2010-04-17,38.31,26.27,42.28,2.9,0.5
2010-04-18,38.04,24.13,42.0,2.11,0.5
2010-04-19,38.1,24.81,40.48,0.48,0.5
2010-04-20,37.95,23.98,47.96,2.66,0.5
2010-04-21,37.99,24.81,50.58,0.19,0.5
2010-04-22,39.23,25.28,45.58,0.05,0.5
2010-04-23,40.3,25.63,38.3,0.09,0.5
2010-04-24,38.09,24.83,39.85,1.58,0.5
2010-04-25,37.61,25.03,42.55,1.0,0.5
2010-04-26,36.61,25.28,44.24,0.2,0.5
2010-04-27,36.49,25.51,42.93,0.56,0.5
2010-04-28,37.59,24.0,38.84,0.13,0.5
2010-04-29,38.75,25.78,35.16,0.0,0.49
2010-04-30,38.34,27.26,38.2,0.13,0.49
2010-05-01,39.12,26.43,36.56,0.02,0.49
2010-05-02,39.1,27.16,39.68,0.62,0.49
2010-05-03,39.47,28.77,38.92,0.09,0.49
2010-05-04,38.24,28.08,38.07,0.0,0.49
2010-05-05,37.45,28.35,35.1,0.11,0.49
2010-05-06,40.11,26.76,36.77,0.07,0.49
2010-05-07,39.52,27.33,39.53,2.47,0.49
2010-05-08,36.23,28.1,45.22,0.14,0.5
2010-05-09,39.78,26.0,42.28,0.45,0.5
2010-05-10,39.95,27.49,36.72,0.29,0.49
2010-05-11,41.89,28.41,33.67,0.08,0.49
2010-05-12,41.44,27.95,38.74,0.24,0.49
2010-05-13,40.36,27.69,40.83,0.19,0.49
2010-05-14,39.63,27.56,42.83,0.24,0.49
2010-05-15,41.79,28.07,33.57,0.07,0.49
2010-05-16,40.66,28.48,37.64,1.6,0.49
2010-05-17,40.45,27.18,39.37,1.14,0.5
2010-05-18,38.93,28.44,43.01,0.5,0.49
2010-05-19,35.02,26.44,57.27,6.22,0.5
2010-05-20,35.85,24.99,58.41,2.1,0.5
2010-05-21,33.87,25.18,65.37,2.87,0.5
2010-05-22,32.63,23.98,67.24,0.86,0.5
2010-05-23,30.72,23.99,71.75,2.76,0.5
2010-05-24,30.56,23.35,77.41,8.33,0.51
2010-05-25,30.64,24.0,78.43,2.06,0.52
2010-05-26,33.08,24.99,69.72,1.76,0.52
2010-05-27,34.13,23.69,60.19,0.62,0.51
2010-05-28,35.2,23.43,59.41,0.77,0.51
2010-05-29,36.11,23.87,55.38,0.11,0.51
2010-05-30,35.65,25.13,57.01,1.5,0.5
2010-05-31,32.83,23.98,63.49,1.65,0.5
2010-06-01,38.01,24.72,54.28,0.58,0.5
2010-06-02,37.64,25.66,54.61,0.34,0.5
2010-06-03,35.58,26.15,56.13,0.2,0.5
2010-06-04,36.79,26.8,55.26,1.09,0.5
2010-06-05,37.01,25.77,58.66,2.22,0.5
2010-06-06,37.72,25.83,53.35,1.61,0.5
2010-06-07,35.91,25.47,60.27,1.95,0.5
2010-06-08,37.76,25.87,53.68,1.02,0.5
2010-06-09,38.6,26.62,53.4,1.73,0.5
2010-06-10,37.58,26.65,57.76,3.72,0.5
2010-06-11,38.28,26.32,59.22,5.15,0.51
2010-06-12,35.82,25.0,65.04,4.91,0.51
2010-06-13,33.14,24.92,72.07,4.9,0.51
2010-06-14,33.57,23.95,70.96,3.83,0.52
2010-06-15,31.74,23.84,73.29,4.08,0.52
2010-06-16,31.74,24.39,72.46,3.09,0.52
2010-06-17,33.93,24.3,65.12,0.61,0.52
2010-06-18,36.14,25.4,61.92,0.48,0.51
2010-06-19,36.9,25.12,60.42,0.32,0.51
2010-06-20,31.81,25.73,67.71,0.19,0.51
2010-06-21,33.65,24.9,66.75,1.35,0.5
2010-06-22,36.17,25.42,63.88,0.71,0.5
2010-06-23,36.56,25.13,61.46,1.44,0.5
2010-06-24,36.01,25.56,60.48,1.25,0.5
2010-06-25,35.81,25.2,62.2,2.18,0.5
2010-06-26,37.17,25.8,61.56,0.54,0.5
2010-06-27,34.2,26.47,62.34,0.14,0.5
2010-06-28,37.26,25.09,58.83,0.08,0.5
2010-06-29,37.86,25.72,55.23,0.31,0.5
2010-06-30,34.88,25.83,61.71,1.12,0.5
2010-07-01,30.78,24.91,70.0,2.55,0.5
2010-07-02,34.18,25.25,61.84,0.85,0.5
2010-07-03,33.37,25.14,68.87,2.23,0.5
2010-07-04,35.82,23.56,62.18,1.67,0.5
2010-07-05,36.86,24.56,57.83,0.34,0.5
2010-07-06,34.96,24.99,58.54,2.14,0.5
2010-07-07,37.54,25.22,56.62,1.05,0.5
2010-07-08,37.7,25.14,54.19,0.3,0.5
2010-07-09,35.72,25.49,63.17,3.35,0.5
2010-07-10,36.1,25.17,60.65,0.36,0.5
2010-07-11,34.11,26.18,63.43,0.42,0.5
2010-07-12,35.58,25.44,62.18,0.36,0.5
2010-07-13,31.72,25.61,66.83,0.33,0.5
2010-07-14,36.9,24.11,59.51,0.98,0.5
2010-07-15,38.78,26.33,53.02,0.04,0.5
2010-07-16,37.74,26.73,52.4,0.1,0.5
2010-07-17,36.77,26.14,58.55,0.88,0.5
2010-07-18,33.28,25.11,63.33,1.9,0.5
2010-07-19,32.46,24.95,66.38,1.12,0.5
2010-07-20,36.61,24.56,59.78,1.45,0.5
2010-07-21,33.17,25.41,65.98,2.1,0.5
2010-07-22,36.14,24.96,63.81,4.59,0.5
2010-07-23,32.19,24.76,70.71,1.66,0.5
2010-07-24,32.44,24.31,68.98,0.52,0.5
2010-07-25,34.34,24.51,62.7,0.4,0.5
2010-07-26,31.66,24.86,66.15,0.86,0.5
2010-07-27,37.7,25.09,57.9,0.72,0.5
2010-07-28,35.63,26.07,60.48,1.68,0.5
2010-07-29,30.31,24.66,75.76,4.2,0.5
2010-07-30,29.73,24.6,79.84,2.53,0.51
2010-07-31,29.47,24.35,77.8,0.73,0.51
2010-08-01,33.89,23.27,65.56,0.35,0.51
2010-08-02,36.61,24.3,62.44,1.39,0.5
2010-08-03,31.54,25.04,70.4,1.54,0.5
2010-08-04,32.01,24.41,68.52,0.57,0.5
2010-08-05,35.42,23.71,65.95,2.27,0.5
2010-08-06,32.29,24.18,71.96,2.16,0.5
2010-08-07,38.72,24.41,62.68,1.25,0.51
2010-08-08,38.12,24.08,57.61,0.44,0.5
2010-08-09,36.22,26.17,61.21,0.7,0.5
2010-08-10,32.81,25.25,74.95,11.17,0.51
2010-08-11,33.75,24.81,75.72,2.74,0.52
2010-08-12,32.89,24.65,73.92,1.47,0.52
2010-08-13,34.96,24.37,67.65,1.18,0.52
2010-08-14,33.83,23.96,71.61,1.83,0.51
2010-08-15,34.87,24.14,70.03,1.86,0.51
2010-08-16,33.72,23.87,69.02,2.15,0.51
2010-08-17,34.03,24.0,68.27,2.74,0.51
2010-08-18,34.04,23.87,71.7,2.55,0.51
2010-08-19,32.85,23.51,71.95,2.25,0.51
2010-08-20,36.99,24.31,58.59,0.39,0.51
2010-08-21,34.79,25.25,65.54,2.59,0.51
2010-08-22,35.24,25.19,66.8,0.51,0.51
2010-08-23,35.67,24.39,64.74,0.53,0.5
2010-08-24,38.86,25.05,56.58,0.85,0.5
2010-08-25,36.7,26.68,58.68,0.5,0.5
2010-08-26,33.35,24.88,64.58,0.49,0.5
2010-08-27,32.67,23.58,71.65,8.47,0.51
2010-08-28,30.96,23.88,77.32,0.74,0.51
2010-08-29,36.92,23.04,65.69,1.38,0.51
2010-08-30,33.03,24.16,69.92,1.16,0.51
2010-08-31,36.12,23.45,64.09,0.25,0.51
2010-09-01,36.27,24.44,61.03,0.38,0.5
2010-09-02,36.63,25.48,60.39,0.24,0.5
2010-09-03,38.47,25.82,59.28,0.56,0.5
2010-09-04,36.42,25.21,58.21,0.27,0.5
2010-09-05,37.83,24.51,58.47,1.53,0.5
2010-09-06,37.74,25.29,57.33,0.01,0.5
2010-09-07,35.58,25.88,58.31,0.25,0.5
2010-09-08,35.78,25.68,59.85,0.47,0.5
2010-09-09,32.1,25.07,71.47,2.89,0.5
2010-09-10,30.33,24.46,82.26,5.65,0.51
2010-09-11,29.34,24.04,85.44,3.08,0.51
2010-09-12,31.35,23.17,76.25,1.32,0.51
2010-09-13,33.9,23.34,72.34,2.44,0.51
2010-09-14,34.53,23.05,67.72,1.17,0.51
2010-09-15,33.46,23.32,68.48,1.67,0.51
2010-09-16,32.82,22.66,73.72,3.15,0.51
2010-09-17,29.61,24.1,77.28,0.86,0.51
2010-09-18,34.25,24.07,70.33,0.99,0.51
2010-09-19,33.4,23.94,69.23,0.62,0.51
2010-09-20,32.3,24.68,68.78,0.08,0.51
2010-09-21,34.69,24.31,61.61,0.44,0.5
2010-09-22,37.61,23.9,54.99,0.27,0.5
2010-09-23,37.21,25.32,57.48,1.12,0.5
2010-09-24,30.85,23.83,77.39,4.35,0.51
2010-09-25,32.4,22.78,77.31,9.82,0.52
2010-09-26,32.33,23.52,74.84,1.55,0.52
2010-09-27,34.08,23.42,69.4,2.07,0.52
2010-09-28,35.5,23.36,66.43,0.9,0.52
2010-09-29,30.12,24.28,80.76,3.02,0.52
2010-09-30,34.96,23.54,66.51,0.16,0.51
2010-10-01,34.94,24.33,62.97,0.13,0.51
2010-10-02,39.44,24.42,53.49,0.0,0.51
2010-10-03,37.47,26.65,51.57,0.02,0.5
2010-10-04,38.79,25.48,48.76,0.02,0.5
2010-10-05,36.57,25.71,51.74,1.08,0.5
2010-10-06,31.8,24.45,70.85,6.82,0.51
2010-10-07,31.18,23.28,81.08,12.95,0.52
2010-10-08,28.07,22.92,87.36,7.6,0.54
2010-10-09,29.67,23.82,83.12,4.38,0.54
2010-10-10,31.27,23.15,80.01,5.1,0.54
2010-10-11,33.53,22.95,74.35,3.08,0.54
2010-10-12,30.13,23.91,81.3,0.66,0.54
2010-10-13,34.53,23.21,69.38,0.61,0.53
2010-10-14,36.23,23.66,65.48,0.95,0.53
2010-10-15,31.9,23.84,73.64,3.6,0.53
2010-10-16,34.56,22.55,69.85,4.35,0.53
2010-10-17,37.22,22.85,58.8,0.07,0.53
2010-10-18,36.69,23.5,60.46,0.57,0.52
2010-10-19,36.08,23.61,64.21,2.17,0.52
2010-10-20,29.48,23.53,82.45,12.09,0.53
2010-10-21,31.19,22.56,75.53,1.67,0.54
2010-10-22,32.29,22.42,72.54,1.12,0.53
2010-10-23,28.29,22.73,83.1,4.22,0.53
2010-10-24,31.79,22.65,75.07,0.62,0.53
2010-10-25,33.77,22.21,67.23,0.01,0.53
2010-10-26,35.5,22.04,65.13,1.61,0.52
2010-10-27,33.65,22.8,70.82,6.18,0.53
2010-10-28,32.22,22.62,70.16,0.22,0.53
2010-10-29,32.96,22.64,68.59,0.82,0.53
2010-10-30,33.12,21.63,58.66,0.0,0.52
2010-10-31,33.28,18.61,52.11,0.09,0.52
2010-11-01,33.64,17.39,54.4,0.26,0.52
2010-11-02,34.69,18.64,55.25,0.1,0.51
2010-11-03,34.44,20.55,52.4,0.0,0.51
2010-11-04,34.38,20.28,46.23,0.0,0.51
2010-11-05,34.83,18.09,46.5,0.0,0.51
2010-11-06,35.14,18.97,46.74,0.0,0.5
2010-11-07,34.33,19.47,48.05,0.0,0.5
2010-11-08,35.25,19.27,45.9,0.0,0.5
2010-11-09,35.06,20.75,45.35,0.0,0.5
2010-11-10,33.63,20.64,45.4,0.0,0.5
2010-11-11,32.74,19.45,49.35,0.0,0.5
2010-11-12,32.06,19.64,49.55,0.03,0.5
2010-11-13,31.94,20.51,51.7,0.78,0.5
2010-11-14,33.84,20.76,52.26,0.32,0.5
2010-11-15,34.39,21.0,50.96,0.05,0.5
2010-11-16,33.78,22.79,50.57,0.07,0.5
2010-11-17,33.48,22.2,53.79,0.0,0.5
2010-11-18,33.77,21.06,48.51,0.0,0.5
2010-11-19,33.53,19.37,50.43,0.63,0.5
2010-11-20,32.33,20.07,50.94,0.22,0.5
2010-11-21,30.89,19.17,60.66,2.3,0.5
2010-11-22,32.11,19.38,58.99,0.0,0.5
2010-11-23,32.04,19.3,50.49,0.0,0.5
2010-11-24,32.95,17.74,47.51,0.0,0.5
2010-11-25,33.02,19.01,46.92,0.0,0.5
2010-11-26,33.22,19.33,46.66,0.0,0.5
2010-11-27,33.13,19.27,46.54,0.0,0.5
2010-11-28,33.05,20.18,49.7,0.0,0.5
2010-11-29,33.21,20.09,49.41,0.0,0.5
2010-11-30,33.03,19.23,48.4,0.0,0.5
2010-12-01,32.51,19.52,50.37,0.0,0.5
2010-12-02,33.09,18.61,45.88,0.0,0.5
2010-12-03,32.92,17.95,46.49,0.0,0.5
2010-12-04,32.87,18.26,47.0,0.0,0.5
2010-12-05,32.89,19.36,45.68,0.0,0.5
2010-12-06,34.27,19.17,45.51,0.0,0.5
2010-12-07,34.3,19.72,45.63,0.09,0.5
2010-12-08,32.64,21.09,50.66,1.14,0.5
2010-12-09,30.22,21.58,69.74,13.49,0.51
2010-12-10,26.76,20.19,88.05,22.67,0.54
2010-12-11,28.08,21.62,87.72,8.72,0.57
2010-12-12,26.43,17.62,80.78,0.03,0.56
2010-12-13,27.45,15.35,66.16,0.0,0.55
2010-12-14,26.48,13.82,64.4,0.0,0.54
2010-12-15,27.58,12.61,63.92,0.0,0.54
2010-12-16,29.27,11.95,61.96,0.01,0.53
2010-12-17,28.14,14.15,63.94,0.04,0.53
2010-12-18,28.23,14.82,66.34,0.0,0.53
2010-12-19,28.9,16.93,64.24,0.0,0.52
2010-12-20,29.39,14.56,56.69,0.0,0.52
2010-12-21,27.87,11.65,51.52,0.0,0.52
2010-12-22,27.39,11.48,47.13,0.0,0.52
2010-12-23,27.6,11.73,48.64,0.0,0.51
2010-12-24,28.28,11.69,48.95,0.0,0.51
2010-12-25,28.54,11.88,50.73,0.0,0.51
2010-12-26,27.61,11.2,49.47,0.0,0.51
2010-12-27,27.83,11.78,49.11,0.0,0.51
2010-12-28,27.89,11.43,48.29,0.0,0.51
2010-12-29,28.77,11.85,48.69,0.0,0.51
2010-12-30,29.98,12.63,46.85,0.0,0.5
2010-12-31,29.73,13.49,44.49,0.0,0.5
2011-01-01,29.45,13.51,45.79,0.0,0.5
2011-01-02,28.28,13.24,52.15,0.0,0.5
2011-01-03,28.89,13.74,54.69,0.0,0.5
2011-01-04,28.49,13.07,54.18,0.0,0.5
2011-01-05,29.64,14.69,51.45,0.0,0.5
2011-01-06,29.8,17.7,51.91,0.07,0.5
2011-01-07,31.65,20.18,50.26,0.23,0.5
2011-01-08,28.46,19.25,65.06,2.13,0.5
2011-01-09,28.63,17.12,74.71,7.86,0.51
2011-01-10,25.13,18.15,80.61,4.09,0.52
2011-01-11,26.35,16.09,72.82,0.32,0.52
2011-01-12,26.3,13.16,64.65,0.0,0.52
2011-01-13,27.03,12.55,59.6,0.0,0.52
2011-01-14,27.44,11.8,54.47,0.0,0.52
2011-01-15,29.22,11.46,52.26,0.0,0.51
2011-01-16,27.01,12.23,53.83,1.84,0.51
2011-01-17,24.45,11.63,67.53,4.47,0.52
2011-01-18,23.75,13.7,73.43,0.19,0.52
2011-01-19,24.45,11.0,58.18,0.0,0.52
2011-01-20,26.22,10.68,53.93,0.0,0.51
2011-01-21,26.09,9.11,51.94,0.0,0.51
2011-01-22,27.51,10.22,47.85,0.0,0.51
2011-01-23,27.5,11.04,47.67,0.0,0.51
2011-01-24,28.37,11.56,48.39,0.0,0.51
2011-01-25,29.64,12.33,45.94,0.0,0.51
2011-01-26,30.58,13.03,44.21,0.0,0.5
2011-01-27,30.61,13.92,42.86,0.0,0.5
2011-01-28,31.6,14.41,42.71,0.0,0.5
2011-01-29,31.61,13.06,41.57,0.04,0.5
2011-01-30,30.42,13.71,35.6,0.0,0.5
2011-01-31,30.2,13.02,36.85,0.0,0.5
2011-02-01,29.9,13.44,38.52,0.0,0.5
2011-02-02,30.98,14.24,42.11,0.0,0.5
2011-02-03,31.21,14.06,42.85,0.0,0.5
2011-02-04,31.1,14.2,39.4,0.0,0.5
2011-02-05,30.93,13.76,34.48,0.0,0.5
2011-02-06,31.3,13.86,32.75,0.0,0.5
2011-02-07,30.88,13.93,35.73,0.0,0.5
2011-02-08,31.07,15.25,38.12,0.0,0.5
2011-02-09,32.21,14.93,38.31,0.0,0.5
2011-02-10,32.52,14.86,33.06,0.0,0.5
2011-02-11,32.72,14.17,29.78,0.0,0.5
2011-02-12,31.19,13.68,28.04,0.0,0.5
2011-02-13,31.44,13.96,27.78,0.0,0.5
2011-02-14,32.43,14.13,27.14,0.0,0.5
2011-02-15,32.01,15.55,31.36,0.0,0.49
2011-02-16,32.83,15.89,31.95,0.0,0.49
2011-02-17,31.1,16.2,34.97,0.08,0.49
2011-02-18,30.75,18.81,40.89,0.0,0.49
2011-02-19,32.0,17.4,41.62,0.0,0.49
2011-02-20,31.8,15.87,39.1,0.0,0.49
2011-02-21,33.09,16.8,35.88,0.0,0.49
2011-02-22,33.19,17.67,39.44,0.0,0.49
2011-02-23,33.67,17.23,39.49,0.0,0.49
2011-02-24,33.64,16.74,33.24,0.0,0.49
2011-02-25,34.44,16.78,27.69,0.0,0.49
2011-02-26,34.04,16.9,24.85,0.0,0.49
2011-02-27,34.93,15.91,23.9,0.0,0.49
2011-02-28,34.88,16.97,30.15,0.0,0.49
2011-03-01,35.94,16.82,28.4,0.0,0.49
2011-03-02,35.57,18.02,25.71,0.0,0.49
2011-03-03,36.09,18.19,26.22,0.0,0.49
2011-03-04,35.89,18.34,22.08,0.0,0.49
2011-03-05,36.29,20.28,22.57,0.0,0.49
2011-03-06,36.11,20.88,28.22,0.0,0.49
2011-03-07,35.65,20.09,28.16,0.0,0.49
2011-03-08,35.65,18.92,20.26,0.0,0.49
2011-03-09,35.86,17.87,19.93,0.0,0.49
2011-03-10,36.92,18.32,24.06,0.04,0.49
2011-03-11,35.43,17.9,30.33,0.01,0.49
2011-03-12,35.24,18.94,30.21,0.28,0.49
2011-03-13,35.18,18.86,33.93,0.0,0.49
2011-03-14,35.38,19.05,32.87,0.01,0.49
2011-03-15,31.13,21.7,51.77,6.01,0.49
2011-03-16,22.19,17.71,67.34,5.24,0.51
2011-03-17,30.18,15.31,55.55,1.04,0.51
2011-03-18,30.9,14.75,52.82,0.0,0.51
2011-03-19,31.72,17.56,49.44,0.0,0.51
2011-03-20,34.29,18.07,46.27,0.0,0.5
2011-03-21,34.91,17.81,46.27,0.0,0.5
2011-03-22,36.4,20.23,43.81,0.0,0.5
2011-03-23,36.41,20.68,36.86,0.0,0.5
2011-03-24,36.85,20.47,35.86,0.05,0.5
2011-03-25,36.14,19.27,42.48,3.74,0.5
2011-03-26,33.98,20.23,57.22,6.39,0.51
2011-03-27,32.58,20.33,57.83,0.12,0.51
2011-03-28,29.34,20.28,61.19,5.86,0.51
2011-03-29,27.09,18.15,67.42,1.86,0.52
2011-03-30,29.11,18.01,69.19,3.05,0.52
2011-03-31,31.78,19.8,61.73,1.73,0.52
2011-04-01,32.29,20.14,61.35,0.01,0.51
2011-04-02,33.35,20.44,55.62,0.0,0.51
2011-04-03,35.95,20.66,45.69,0.0,0.51
2011-04-04,37.33,20.29,37.5,0.0,0.5
2011-04-05,37.97,20.96,34.68,0.0,0.5
2011-04-06,35.94,22.97,42.08,0.78,0.5
2011-04-07,36.98,24.03,40.72,0.0,0.5
2011-04-08,37.01,22.46,34.59,0.04,0.5
2011-04-09,37.45,22.19,36.36,1.15,0.5
2011-04-10,37.81,22.8,36.06,0.0,0.5
2011-04-11,38.28,23.63,37.15,0.0,0.5
2011-04-12,38.26,23.21,33.56,0.13,0.5
2011-04-13,37.81,23.77,38.42,0.02,0.49
2011-04-14,35.8,24.76,42.68,0.54,0.5
2011-04-15,35.38,23.36,41.7,0.0,0.49
2011-04-16,36.3,23.89,39.62,0.0,0.49
2011-04-17,38.45,25.15,36.47,0.0,0.49
2011-04-18,39.1,26.32,32.83,0.07,0.49
2011-04-19,35.88,26.26,41.41,2.58,0.5
2011-04-20,35.74,24.34,43.85,0.52,0.5
2011-04-21,35.61,25.1,44.25,0.0,0.5
2011-04-22,36.55,24.96,44.94,0.08,0.5
2011-04-23,34.32,25.53,49.73,2.49,0.5
2011-04-24,33.39,23.94,52.84,0.46,0.5
2011-04-25,31.93,22.66,56.43,2.35,0.5
2011-04-26,32.06,21.31,59.94,0.32,0.5
2011-04-27,34.07,22.91,54.17,0.74,0.5
2011-04-28,33.01,21.87,64.41,5.27,0.51
2011-04-29,34.26,22.03,60.66,0.27,0.51
2011-04-30,32.97,22.85,63.06,1.43,0.5
2011-05-01,35.14,21.75,58.83,1.77,0.5
2011-05-02,31.23,23.37,70.67,5.77,0.51
2011-05-03,34.7,21.82,66.3,6.55,0.52
2011-05-04,34.79,22.77,61.65,0.54,0.52
2011-05-05,34.45,24.13,62.18,1.24,0.51
2011-05-06,34.67,23.73,56.77,0.01,0.51
2011-05-07,36.74,24.02,49.75,1.01,0.51
2011-05-08,37.76,23.63,49.01,0.07,0.5
2011-05-09,37.07,24.73,52.87,0.81,0.5
2011-05-10,38.02,25.55,52.08,0.74,0.5
2011-05-11,38.45,24.17,49.66,0.2,0.5
2011-05-12,38.41,24.93,48.35,0.0,0.5
2011-05-13,40.2,25.79,37.73,0.06,0.5
2011-05-14,37.21,26.54,50.07,2.25,0.5
2011-05-15,36.09,25.42,56.96,1.94,0.5
2011-05-16,34.59,25.74,61.28,4.8,0.51
2011-05-17,33.49,25.07,64.11,1.05,0.51
2011-05-18,34.65,24.18,64.22,2.24,0.51
2011-05-19,31.22,23.74,69.86,2.51,0.51
2011-05-20,31.23,23.86,73.72,6.73,0.52
2011-05-21,30.57,23.26,77.5,4.15,0.52
2011-05-22,33.3,23.81,75.29,2.68,0.52
2011-05-23,34.49,23.74,69.08,0.92,0.52
2011-05-24,35.46,24.8,63.9,0.08,0.51
2011-05-25,34.82,25.88,60.57,0.08,0.51
2011-05-26,34.57,25.69,59.23,1.19,0.51
2011-05-27,31.8,24.05,68.23,0.47,0.51
2011-05-28,31.79,23.54,74.36,2.29,0.51
2011-05-29,35.12,24.0,66.35,2.28,0.51
2011-05-30,35.1,24.12,64.75,4.05,0.51
2011-05-31,35.41,24.57,60.91,0.42,0.51
2011-06-01,34.74,24.98,61.13,0.39,0.51
2011-06-02,35.49,25.24,62.7,4.88,0.51
2011-06-03,32.94,24.91,73.02,2.9,0.51
2011-06-04,33.65,24.43,70.83,1.95,0.51
2011-06-05,34.01,24.77,72.49,7.0,0.52
2011-06-06,36.2,24.08,66.44,0.84,0.52
2011-06-07,34.21,24.52,66.26,0.95,0.51
2011-06-08,35.77,24.54,71.27,4.22,0.51
2011-06-09,30.3,24.84,74.26,2.88,0.52
2011-06-10,33.99,23.65,71.18,4.29,0.52
2011-06-11,34.2,24.42,65.77,1.01,0.52
2011-06-12,34.13,24.04,68.72,4.19,0.52
2011-06-13,35.79,25.12,67.29,1.76,0.52
2011-06-14,35.27,24.72,67.46,2.08,0.51
2011-06-15,35.41,24.59,65.78,0.98,0.51
2011-06-16,34.64,25.12,64.04,1.94,0.51
2011-06-17,35.15,24.99,62.97,0.48,0.51
2011-06-18,36.31,24.82,62.13,1.92,0.51
2011-06-19,36.11,24.63,61.63,0.14,0.51
2011-06-20,34.96,25.4,63.26,0.9,0.51
2011-06-21,36.6,24.36,60.2,0.56,0.5
2011-06-22,37.26,24.46,54.77,0.32,0.5
2011-06-23,37.31,25.57,56.61,0.93,0.5
2011-06-24,34.57,25.46,64.45,0.59,0.5
2011-06-25,33.92,26.04,69.19,0.4,0.5
2011-06-26,36.59,24.31,64.61,2.92,0.5
2011-06-27,31.27,23.84,71.14,2.68,0.51
2011-06-28,33.2,23.23,69.17,3.12,0.51
2011-06-29,34.4,23.24,64.07,0.81,0.51
2011-06-30,35.24,24.41,62.25,0.77,0.51
2011-07-01,34.2,23.99,66.07,1.55,0.5
2011-07-02,32.85,24.28,72.4,2.5,0.51
2011-07-03,31.3,23.58,72.48,1.98,0.51
2011-07-04,33.86,23.21,64.37,0.38,0.51
2011-07-05,35.59,23.64,60.77,0.79,0.5
2011-07-06,36.77,23.97,57.05,0.1,0.5
2011-07-07,36.13,24.17,58.21,1.07,0.5
2011-07-08,33.09,24.47,58.61,0.41,0.5
2011-07-09,36.05,25.0,58.33,0.94,0.5
2011-07-10,35.75,25.11,61.31,0.64,0.5
2011-07-11,31.89,25.01,70.98,1.92,0.5
2011-07-12,37.41,24.2,57.21,0.58,0.5
2011-07-13,35.68,25.72,59.04,0.49,0.5
2011-07-14,37.48,25.64,57.95,1.15,0.5
2011-07-15,34.21,24.98,65.43,1.74,0.5
2011-07-16,33.96,24.61,64.66,0.56,0.5
2011-07-17,34.21,24.46,66.87,1.07,0.5
2011-07-18,34.86,24.35,64.8,2.03,0.5
2011-07-19,30.18,24.29,75.75,3.28,0.5
2011-07-20,29.81,24.22,80.79,2.53,0.51
2011-07-21,30.53,23.55,75.03,1.06,0.51
2011-07-22,33.65,23.31,69.34,1.56,0.51
2011-07-23,34.9,23.86,64.04,0.25,0.51
2011-07-24,35.83,24.17,60.9,1.04,0.5
2011-07-25,34.52,24.54,62.3,0.1,0.5
2011-07-26,36.2,25.52,58.16,0.07,0.5
2011-07-27,36.38,25.67,56.27,0.4,0.5
2011-07-28,34.91,26.56,58.57,0.14,0.5
2011-07-29,39.87,25.37,51.52,0.22,0.5
2011-07-30,38.68,25.54,53.63,0.65,0.5
2011-07-31,37.48,26.12,64.39,7.22,0.5
2011-08-01,37.29,25.93,63.37,1.61,0.51
2011-08-02,34.31,24.29,68.04,1.54,0.51
2011-08-03,34.92,24.36,66.94,4.42,0.51
2011-08-04,33.4,24.17,74.35,1.19,0.51
2011-08-05,33.62,24.17,73.24,3.19,0.51
2011-08-06,34.49,23.96,74.93,6.31,0.51
2011-08-07,33.65,24.58,72.06,0.69,0.52
2011-08-08,31.23,23.89,76.93,2.21,0.51
2011-08-09,29.81,23.47,79.49,1.88,0.51
2011-08-10,30.25,23.19,76.43,0.44,0.51
2011-08-11,35.33,23.14,68.65,1.65,0.51
2011-08-12,28.84,24.02,81.85,3.02,0.51
2011-08-13,30.62,23.19,76.18,2.33,0.51
2011-08-14,30.69,23.68,77.32,1.76,0.51
2011-08-15,29.22,24.26,78.8,3.35,0.52
2011-08-16,28.93,23.35,84.17,6.0,0.53
2011-08-17,28.16,22.93,81.06,1.54,0.53
2011-08-18,32.65,22.31,69.12,0.08,0.52
2011-08-19,34.54,23.06,66.2,0.46,0.52
2011-08-20,32.65,24.48,74.98,1.26,0.52
2011-08-21,34.45,23.45,69.8,0.83,0.51
2011-08-22,35.15,23.6,65.4,0.82,0.51
2011-08-23,36.07,23.4,65.69,2.0,0.51
2011-08-24,33.86,23.88,70.66,2.0,0.51
2011-08-25,32.95,23.85,70.99,0.47,0.51
2011-08-26,29.25,24.74,76.99,1.27,0.51
2011-08-27,31.29,24.03,70.43,0.73,0.51
2011-08-28,32.62,23.32,73.88,2.82,0.51
2011-08-29,35.34,24.25,67.38,0.51,0.51
2011-08-30,35.89,25.23,65.8,1.52,0.51
2011-08-31,31.73,23.79,74.25,2.68,0.51
2011-09-01,34.62,22.96,69.45,1.83,0.51
2011-09-02,35.23,22.89,68.1,1.92,0.51
2011-09-03,35.67,23.17,63.97,0.56,0.51
2011-09-04,36.01,24.0,66.59,3.58,0.51
2011-09-05,29.33,24.26,82.7,2.52,0.51
2011-09-06,30.13,23.7,79.38,1.53,0.51
2011-09-07,31.34,22.83,79.45,3.59,0.51
2011-09-08,32.07,22.27,73.02,1.36,0.51
2011-09-09,34.82,23.04,69.54,1.5,0.51
2011-09-10,36.32,24.25,66.13,1.37,0.51
2011-09-11,40.02,24.95,55.71,0.35,0.51
2011-09-12,40.21,25.75,50.15,0.49,0.51
2011-09-13,34.04,26.05,61.0,1.21,0.5
2011-09-14,33.59,24.67,69.01,1.34,0.5
2011-09-15,33.57,23.71,73.81,3.97,0.51
2011-09-16,32.81,23.44,76.02,3.76,0.51
2011-09-17,34.66,23.56,69.17,0.79,0.51
2011-09-18,36.79,24.31,60.9,0.13,0.51
2011-09-19,36.76,24.86,64.63,1.97,0.51
2011-09-20,32.97,24.57,69.77,1.28,0.51
2011-09-21,36.08,23.31,68.28,1.17,0.51
2011-09-22,33.74,24.25,67.32,0.68,0.51
2011-09-23,35.38,23.96,62.69,1.21,0.5
2011-09-24,33.21,23.06,68.8,3.72,0.51
2011-09-25,35.76,23.39,57.92,0.26,0.51
2011-09-26,36.43,23.58,57.93,1.24,0.51
2011-09-27,36.44,24.42,62.41,1.92,0.51
2011-09-28,34.26,25.74,67.37,1.33,0.51
2011-09-29,29.26,24.21,80.52,1.37,0.51
2011-09-30,33.98,23.57,71.23,1.35,0.51
2011-10-01,33.2,24.34,74.16,6.69,0.51
2011-10-02,32.74,23.32,77.4,2.97,0.52
2011-10-03,33.25,23.01,65.99,0.2,0.52
2011-10-04,32.76,22.96,62.68,0.08,0.51
2011-10-05,35.35,22.66,57.19,0.72,0.51
2011-10-06,33.63,24.03,63.93,0.51,0.51
2011-10-07,32.59,23.67,70.18,5.73,0.51
2011-10-08,33.47,22.81,66.4,0.47,0.51
2011-10-09,35.95,23.19,62.24,1.25,0.51
2011-10-10,36.97,23.7,57.96,0.02,0.51
2011-10-11,38.87,24.52,51.72,0.0,0.51
2011-10-12,38.02,25.46,51.69,0.0,0.5
2011-10-13,38.48,25.43,51.21,0.0,0.5
2011-10-14,38.49,25.14,53.83,0.05,0.5
2011-10-15,36.9,25.36,58.84,1.85,0.5
2011-10-16,35.9,25.41,58.07,1.77,0.5
2011-10-17,31.25,24.55,68.27,0.59,0.5
2011-10-18,32.11,23.08,73.03,4.29,0.5
2011-10-19,28.04,22.67,85.38,2.9,0.51
2011-10-20,30.81,22.37,75.28,1.72,0.51
2011-10-21,32.8,21.57,70.16,1.09,0.51
2011-10-22,33.66,22.16,67.31,3.22,0.51
2011-10-23,34.18,21.36,65.34,0.8,0.51
2011-10-24,36.03,21.78,55.15,0.03,0.51
2011-10-25,34.52,23.89,56.28,1.0,0.51
2011-10-26,32.47,23.12,63.08,1.93,0.51
2011-10-27,32.49,22.9,66.35,1.45,0.51
2011-10-28,32.77,22.65,63.35,0.24,0.51
2011-10-29,33.05,22.26,59.04,1.91,0.51
2011-10-30,32.89,20.58,60.63,2.07,0.51
2011-10-31,32.56,20.81,59.48,0.06,0.51
2011-11-01,32.49,20.9,57.11,0.32,0.51
2011-11-02,32.69,20.42,57.23,1.22,0.51
2011-11-03,31.87,20.38,60.56,2.15,0.51
2011-11-04,32.32,19.25,53.95,0.0,0.51
2011-11-05,32.63,20.39,51.62,0.0,0.5
2011-11-06,31.57,21.44,54.69,0.23,0.5
2011-11-07,32.48,19.53,51.43,0.29,0.5
2011-11-08,33.11,18.13,49.02,0.42,0.5
2011-11-09,34.04,19.06,47.66,0.09,0.5
2011-11-10,33.82,18.14,45.03,0.0,0.5
2011-11-11,32.48,16.89,42.17,0.0,0.5
2011-11-12,32.39,17.6,46.45,0.0,0.5
2011-11-13,32.8,18.71,46.98,0.0,0.5
2011-11-14,32.11,19.78,47.21,0.0,0.5
2011-11-15,32.64,19.66,46.59,0.0,0.5
2011-11-16,31.9,17.77,45.12,0.0,0.5
2011-11-17,31.95,18.13,46.92,0.0,0.5
2011-11-18,32.39,16.02,42.63,0.0,0.5
2011-11-19,33.12,16.71,40.97,0.0,0.5
2011-11-20,34.06,17.39,45.82,0.0,0.5
2011-11-21,33.55,18.2,47.77,0.0,0.49
2011-11-22,34.06,17.64,46.55,0.0,0.49
2011-11-23,34.54,19.12,51.7,0.0,0.49
2011-11-24,34.32,21.11,50.59,0.0,0.49
2011-11-25,34.34,20.13,48.4,0.0,0.49
2011-11-26,32.58,18.72,45.06,0.0,0.49
2011-11-27,32.14,17.75,44.82,0.0,0.49
2011-11-28,31.41,17.99,46.14,0.0,0.49
2011-11-29,31.47,18.04,41.88,0.0,0.49
2011-11-30,32.09,16.75,41.42,0.0,0.49
2011-12-01,31.95,19.31,42.17,0.0,0.49
2011-12-02,30.76,18.09,49.22,0.0,0.49
2011-12-03,29.54,18.96,54.11,0.17,0.49
2011-12-04,28.84,18.01,66.25,1.83,0.49
2011-12-05,29.43,17.84,65.62,0.15,0.49
2011-12-06,30.09,17.8,57.35,0.0,0.49
2011-12-07,32.84,19.85,51.16,0.0,0.49
2011-12-08,32.94,19.3,50.17,0.0,0.49
2011-12-09,33.24,19.04,47.05,0.06,0.49
2011-12-10,32.08,18.59,49.41,0.43,0.49
2011-12-11,30.04,18.22,59.99,0.29,0.49
2011-12-12,28.47,16.72,52.4,0.04,0.49
2011-12-13,28.92,14.14,43.93,0.0,0.49
2011-12-14,29.26,13.78,43.86,0.0,0.49
2011-12-15,29.47,13.8,43.36,0.0,0.49
2011-12-16,30.49,14.49,38.96,0.0,0.49
2011-12-17,30.18,13.95,42.03,0.0,0.49
2011-12-18,30.63,14.0,36.33,0.0,0.49
2011-12-19,29.13,13.36,45.98,0.0,0.49
2011-12-20,30.07,13.67,40.37,0.0,0.49
2011-12-21,30.04,13.93,38.64,0.0,0.49
2011-12-22,30.39,14.19,39.46,0.0,0.49
2011-12-23,30.44,14.39,41.35,0.03,0.49
2011-12-24,29.81,16.82,42.2,0.0,0.49
2011-12-25,27.89,17.86,57.11,0.0,0.49
2011-12-26,27.72,19.23,55.2,0.01,0.49
2011-12-27,29.38,17.39,61.04,0.7,0.49
2011-12-28,25.96,18.47,72.39,0.29,0.49
2011-12-29,30.24,18.42,61.96,0.0,0.49
2011-12-30,31.68,17.84,55.07,0.0,0.49
2011-12-31,31.76,18.95,48.94,0.0,0.49
2012-01-01,31.77,19.04,49.48,0.03,0.49
2012-01-02,31.56,19.79,52.07,1.36,0.49
2012-01-03,30.45,18.56,58.75,2.36,0.5
2012-01-04,28.79,17.39,57.74,1.13,0.5
2012-01-05,28.57,15.13,58.57,0.09,0.5
2012-01-06,29.21,15.62,52.67,0.0,0.5
2012-01-07,30.09,15.45,46.15,0.0,0.5
2012-01-08,30.43,16.1,43.8,0.06,0.5
2012-01-09,30.73,15.55,48.52,0.25,0.5
2012-01-10,29.27,15.42,50.42,0.13,0.5
2012-01-11,30.04,14.94,45.56,0.0,0.5
2012-01-12,29.66,15.04,47.02,0.16,0.5
2012-01-13,27.72,15.63,49.91,1.1,0.5
2012-01-14,26.03,11.71,49.34,0.01,0.5
2012-01-15,27.6,11.43,42.77,0.0,0.5
2012-01-16,26.98,10.98,36.22,0.0,0.5
2012-01-17,27.57,11.66,37.02,0.0,0.49
2012-01-18,28.73,12.47,34.5,0.0,0.49
2012-01-19,28.21,11.9,32.22,0.0,0.49
2012-01-20,28.83,11.62,32.86,0.05,0.49
2012-01-21,28.45,11.99,34.6,0.0,0.49
2012-01-22,28.91,11.93,37.85,0.0,0.49
2012-01-23,30.05,12.25,35.28,0.0,0.49
2012-01-24,28.81,12.29,30.56,0.0,0.49
2012-01-25,29.12,11.68,30.67,0.0,0.49
2012-01-26,29.22,11.56,31.16,0.0,0.49
2012-01-27,29.71,12.22,34.15,0.0,0.49
2012-01-28,30.41,13.16,36.65,0.0,0.49
2012-01-29,30.1,12.46,31.79,0.0,0.49
2012-01-30,31.43,12.59,29.24,0.0,0.49
2012-01-31,31.64,13.47,30.69,0.02,0.49
2012-02-01,31.17,13.98,27.66,0.0,0.49
2012-02-02,30.96,13.46,29.13,0.0,0.49
2012-02-03,30.33,13.02,27.98,0.0,0.49
2012-02-04,30.83,13.82,22.94,0.0,0.49
2012-02-05,32.41,13.57,19.99,0.0,0.49
2012-02-06,31.59,14.9,22.59,0.0,0.49
2012-02-07,32.34,14.11,27.73,0.0,0.49
2012-02-08,33.45,14.74,26.93,0.0,0.49
2012-02-09,32.2,15.54,24.85,0.0,0.49
2012-02-10,30.79,15.27,31.69,0.0,0.49
2012-02-11,30.67,16.09,33.28,0.0,0.49
2012-02-12,29.45,13.77,32.02,0.0,0.49
2012-02-13,31.49,13.99,22.55,0.0,0.49
2012-02-14,33.1,14.21,19.99,0.0,0.49
2012-02-15,33.71,15.91,26.9,0.0,0.49
2012-02-16,34.48,16.53,31.35,0.0,0.49
2012-02-17,34.66,17.95,29.9,0.0,0.49
2012-02-18,34.74,17.03,26.84,0.0,0.49
2012-02-19,33.76,16.96,25.97,0.0,0.49
2012-02-20,31.28,16.41,28.0,0.0,0.49
2012-02-21,31.69,14.89,27.64,0.0,0.49
2012-02-22,32.4,15.0,27.14,0.0,0.49
2012-02-23,33.72,15.91,29.36,0.0,0.49
2012-02-24,34.24,16.07,26.52,0.0,0.49
2012-02-25,35.42,15.82,23.4,0.0,0.49
2012-02-26,35.41,16.32,18.61,0.0,0.49
2012-02-27,34.08,16.79,17.48,0.0,0.49
2012-02-28,32.82,16.36,22.62,0.0,0.49
2012-02-29,31.94,15.07,38.04,0.25,0.49
2012-03-01,32.18,16.92,44.96,0.62,0.49
2012-03-02,32.05,17.73,55.39,2.57,0.49
2012-03-03,28.74,19.19,62.7,5.06,0.5
2012-03-04,29.83,18.11,59.24,0.18,0.5
2012-03-05,31.17,15.37,47.47,0.7,0.5
2012-03-06,33.38,17.87,42.54,0.21,0.5
2012-03-07,34.08,17.29,38.01,0.0,0.5
2012-03-08,34.41,18.32,38.04,0.0,0.5
2012-03-09,34.18,17.31,35.6,0.0,0.5
2012-03-10,36.53,19.21,30.9,0.0,0.5
2012-03-11,37.27,19.32,31.61,0.0,0.49
2012-03-12,36.86,20.17,31.46,0.0,0.49
2012-03-13,37.07,20.1,29.53,0.52,0.49
2012-03-14,36.43,20.64,24.44,0.03,0.49
2012-03-15,35.01,19.35,26.66,0.0,0.49
2012-03-16,33.58,18.69,29.39,0.0,0.49
2012-03-17,33.98,17.0,23.42,0.0,0.49
2012-03-18,34.84,16.65,23.03,0.0,0.49
2012-03-19,35.29,18.25,26.1,0.0,0.49
2012-03-20,35.99,19.63,28.26,0.0,0.49
2012-03-21,36.01,21.25,44.35,0.0,0.49
2012-03-22,37.03,21.95,43.32,0.0,0.49
2012-03-23,37.45,22.51,34.88,0.0,0.49
2012-03-24,38.15,21.61,31.48,0.0,0.49
2012-03-25,37.08,20.83,27.73,0.0,0.49
2012-03-26,36.94,18.94,22.09,0.0,0.49
2012-03-27,37.36,20.54,23.68,0.0,0.49
2012-03-28,37.23,20.51,26.73,0.0,0.49
2012-03-29,37.22,20.44,27.41,0.07,0.49
2012-03-30,35.05,22.83,34.35,0.0,0.49
2012-03-31,35.44,23.55,29.43,0.01,0.49
2012-04-01,32.94,24.2,46.3,0.0,0.49
2012-04-02,34.94,23.58,47.61,0.0,0.49
2012-04-03,37.85,24.07,39.02,0.0,0.49
2012-04-04,37.03,25.59,42.74,7.79,0.5
2012-04-05,36.01,23.53,53.13,0.12,0.5
2012-04-06,30.79,22.54,67.96,13.87,0.52
2012-04-07,31.64,21.67,68.32,4.11,0.53
2012-04-08,33.85,21.27,57.82,0.41,0.52
2012-04-09,33.01,21.56,57.17,0.22,0.52
2012-04-10,32.18,21.18,57.05,0.89,0.51
2012-04-11,33.18,20.88,56.85,0.09,0.51
2012-04-12,35.96,20.95,48.94,0.09,0.51
2012-04-13,34.64,23.12,51.38,0.07,0.5
2012-04-14,37.19,22.61,44.45,0.0,0.5
2012-04-15,38.59,23.21,35.1,0.04,0.5
2012-04-16,38.01,23.26,34.2,0.02,0.5
2012-04-17,38.01,24.01,36.7,0.0,0.5
2012-04-18,36.96,24.63,40.93,0.0,0.5
2012-04-19,38.99,23.98,38.87,0.0,0.5
2012-04-20,39.59,26.64,32.84,0.0,0.49
2012-04-21,38.73,26.85,35.88,0.31,0.49
2012-04-22,39.46,25.21,38.07,1.07,0.49
2012-04-23,37.99,24.85,45.0,0.07,0.49
2012-04-24,38.02,24.9,46.67,0.84,0.5
2012-04-25,35.74,26.42,47.16,0.05,0.49
2012-04-26,39.25,25.42,41.95,0.2,0.49
2012-04-27,37.89,26.5,41.14,0.9,0.5
2012-04-28,37.49,26.76,44.82,1.09,0.5
2012-04-29,36.06,24.43,55.1,0.85,0.5
2012-04-30,37.62,24.15,51.54,0.69,0.5
2012-05-01,34.56,24.73,54.67,1.0,0.5
2012-05-02,37.68,23.91,46.82,0.0,0.5
2012-05-03,38.84,25.49,38.98,0.12,0.5
2012-05-04,35.88,27.08,41.59,0.76,0.5
2012-05-05,35.78,25.58,46.34,1.33,0.5
2012-05-06,33.91,22.8,54.26,0.47,0.5
2012-05-07,37.9,25.66,47.64,4.18,0.5
2012-05-08,37.89,24.95,52.7,0.07,0.5
2012-05-09,37.19,26.01,50.06,0.01,0.5
2012-05-10,38.16,25.66,47.66,0.2,0.5
2012-05-11,37.54,26.11,48.36,0.13,0.5
2012-05-12,36.12,26.3,53.18,1.0,0.5
2012-05-13,38.71,25.47,48.43,0.12,0.5
2012-05-14,39.92,26.04,45.44,0.23,0.5
2012-05-15,39.83,26.36,45.81,0.82,0.5
2012-05-16,38.11,26.77,48.66,0.08,0.5
2012-05-17,40.08,27.02,40.94,0.23,0.49
2012-05-18,40.62,27.06,38.71,0.0,0.49
2012-05-19,38.54,27.79,42.59,0.26,0.49
2012-05-20,39.04,27.59,45.51,0.14,0.49
2012-05-21,38.11,27.68,45.41,1.04,0.49
2012-05-22,39.12,27.72,46.72,0.26,0.49
2012-05-23,39.46,27.5,46.35,0.48,0.49
2012-05-24,38.76,26.81,52.42,5.44,0.5
2012-05-25,39.03,25.48,53.17,1.34,0.5
2012-05-26,36.43,27.02,60.4,0.56,0.5
2012-05-27,34.66,25.82,61.51,0.52,0.5
2012-05-28,36.58,26.11,56.98,1.78,0.5
2012-05-29,32.36,25.38,72.7,17.18,0.52
2012-05-30,35.61,24.58,70.3,5.5,0.53
2012-05-31,34.58,25.07,70.86,3.7,0.53
2012-06-01,32.72,25.16,73.99,6.42,0.53
2012-06-02,33.2,24.59,72.43,1.8,0.53
2012-06-03,34.61,25.42,69.68,1.73,0.53
2012-06-04,34.96,25.16,72.99,6.95,0.53
2012-06-05,35.64,25.36,68.25,2.99,0.53
2012-06-06,37.38,24.74,63.0,0.17,0.53
2012-06-07,38.12,25.32,59.92,3.13,0.52
2012-06-08,37.55,25.61,61.88,1.21,0.52
2012-06-09,34.92,25.76,67.41,3.37,0.52
2012-06-10,34.24,24.41,69.64,5.46,0.52
2012-06-11,35.63,24.6,67.84,2.62,0.52
2012-06-12,35.26,24.96,66.53,1.47,0.52
2012-06-13,31.52,25.02,77.33,2.36,0.52
2012-06-14,30.28,24.29,82.22,5.54,0.52
2012-06-15,33.11,23.52,72.43,0.8,0.52
2012-06-16,34.46,24.0,65.11,0.35,0.52
2012-06-17,34.59,24.13,61.34,0.22,0.52
2012-06-18,34.08,24.59,64.74,0.68,0.51
2012-06-19,35.49,25.06,65.93,1.36,0.51
2012-06-20,36.53,24.33,65.81,2.3,0.51
2012-06-21,35.0,25.14,67.14,1.39,0.51
2012-06-22,35.25,23.91,68.95,3.53,0.51
2012-06-23,32.47,24.42,70.37,0.98,0.51
2012-06-24,29.63,23.73,73.33,2.2,0.51
2012-06-25,32.26,24.09,67.87,1.32,0.51
2012-06-26,30.86,23.37,73.41,1.48,0.51
2012-06-27,35.67,23.86,61.92,0.2,0.51
2012-06-28,35.19,24.01,62.18,0.47,0.51
2012-06-29,35.94,24.47,61.09,1.34,0.5
2012-06-30,35.23,25.12,62.0,0.84,0.5
2012-07-01,36.14,24.86,60.96,1.92,0.5
2012-07-02,35.94,23.99,62.99,0.57,0.5
2012-07-03,34.57,24.58,61.59,0.33,0.5
2012-07-04,34.1,24.62,63.25,0.56,0.5
2012-07-05,33.71,24.4,68.66,3.3,0.51
2012-07-06,34.59,24.15,65.78,0.1,0.51
2012-07-07,36.72,24.38,67.24,0.62,0.5
2012-07-08,34.99,23.9,67.39,1.18,0.5
2012-07-09,35.72,23.29,64.04,1.02,0.5
2012-07-10,35.99,23.68,64.49,1.95,0.5
2012-07-11,36.58,23.98,62.77,1.29,0.5
2012-07-12,37.66,25.03,58.0,0.39,0.5
2012-07-13,36.71,25.26,61.24,1.87,0.5
2012-07-14,33.0,24.22,70.08,2.37,0.5
2012-07-15,35.35,24.62,62.43,0.78,0.5
2012-07-16,35.19,24.88,66.56,1.48,0.5
2012-07-17,30.08,24.09,74.83,1.38,0.5
2012-07-18,32.43,24.19,71.74,2.28,0.51
2012-07-19,36.69,24.08,63.8,0.83,0.5
2012-07-20,33.49,24.11,68.64,3.07,0.51
2012-07-21,35.75,23.78,64.01,0.76,0.51
2012-07-22,33.61,23.97,67.82,2.56,0.51
2012-07-23,31.01,23.86,76.18,4.02,0.51
2012-07-24,34.13,23.54,70.84,1.25,0.51
2012-07-25,34.06,23.5,70.69,3.04,0.51
2012-07-26,30.84,23.56,73.55,1.71,0.51
2012-07-27,31.33,22.25,73.07,2.27,0.51
2012-07-28,30.85,22.99,75.42,2.63,0.51
2012-07-29,28.95,23.04,74.39,0.59,0.51
2012-07-30,33.35,22.9,69.93,0.37,0.51
2012-07-31,34.38,24.22,68.56,1.41,0.51
2012-08-01,34.53,23.71,69.56,2.5,0.51
2012-08-02,34.38,24.2,65.64,0.6,0.51
2012-08-03,35.06,24.14,68.13,1.91,0.51
2012-08-04,31.84,24.6,73.04,0.63,0.51
2012-08-05,34.73,24.58,67.53,0.44,0.5
2012-08-06,33.46,23.74,70.42,2.13,0.5
2012-08-07,33.81,23.6,70.04,2.31,0.51
2012-08-08,34.95,23.82,68.48,1.96,0.51
2012-08-09,37.01,24.21,65.22,1.19,0.51
2012-08-10,36.05,24.34,63.2,0.72,0.5
2012-08-11,32.15,24.21,69.61,0.68,0.5
2012-08-12,35.61,24.0,68.19,1.04,0.5
2012-08-13,35.71,23.52,65.19,0.86,0.5
2012-08-14,33.84,24.01,64.9,0.41,0.5
2012-08-15,35.07,23.93,65.94,1.54,0.5
2012-08-16,33.33,24.12,69.77,1.43,0.5
2012-08-17,36.2,24.09,64.5,0.34,0.5
2012-08-18,36.6,23.51,64.12,2.47,0.5
2012-08-19,28.55,22.46,80.02,7.98,0.51
2012-08-20,30.04,21.49,77.03,3.15,0.52
2012-08-21,34.89,21.97,65.02,0.13,0.52
2012-08-22,34.75,23.57,66.13,0.97,0.51
2012-08-23,36.15,24.28,67.1,1.39,0.51
2012-08-24,36.86,25.31,67.1,1.75,0.51
2012-08-25,36.89,24.8,62.7,0.51,0.51
2012-08-26,35.95,25.61,64.62,0.51,0.51
2012-08-27,31.29,24.25,72.01,0.81,0.5
2012-08-28,36.9,24.62,61.37,0.06,0.5
2012-08-29,37.51,25.56,59.25,0.24,0.5
2012-08-30,35.65,25.65,59.56,0.15,0.5
2012-08-31,31.41,24.89,67.17,0.15,0.5
2012-09-01,35.85,24.44,63.22,1.18,0.5
2012-09-02,35.85,23.68,68.2,6.38,0.51
2012-09-03,31.72,24.69,75.33,0.88,0.51
2012-09-04,33.3,24.13,73.89,1.39,0.51
2012-09-05,31.63,23.74,73.81,1.22,0.51
2012-09-06,37.58,24.11,59.23,0.27,0.51
2012-09-07,37.2,26.33,54.29,0.28,0.5
2012-09-08,33.37,25.32,60.5,0.69,0.5
2012-09-09,34.21,24.3,66.38,1.05,0.5
2012-09-10,34.54,23.5,69.26,3.12,0.51
2012-09-11,35.35,24.0,65.38,0.53,0.51
2012-09-12,35.47,23.73,64.33,1.27,0.5
2012-09-13,32.94,23.83,72.12,3.55,0.51
2012-09-14,30.6,24.2,76.47,2.41,0.51
2012-09-15,31.86,23.48,70.3,0.54,0.51
2012-09-16,37.65,23.73,57.8,0.27,0.51
2012-09-17,35.3,25.1,64.02,0.07,0.5
2012-09-18,36.8,24.84,59.82,0.07,0.5
2012-09-19,37.42,24.8,58.84,0.04,0.5
2012-09-20,36.17,24.93,59.93,0.11,0.5
2012-09-21,37.97,24.51,57.09,1.33,0.5
2012-09-22,37.4,24.91,58.28,0.44,0.5
2012-09-23,38.0,24.33,57.54,0.41,0.5
2012-09-24,36.0,24.97,60.49,2.4,0.5
2012-09-25,35.12,25.09,63.17,0.24,0.5
2012-09-26,35.33,25.22,59.57,0.06,0.5
2012-09-27,37.11,25.88,57.74,0.59,0.5
2012-09-28,38.07,25.5,61.42,3.69,0.5
2012-09-29,37.7,25.08,61.35,0.75,0.5
2012-09-30,34.56,24.55,65.86,1.39,0.5
2012-10-01,31.61,25.25,70.99,2.75,0.5
2012-10-02,30.03,24.04,82.19,4.23,0.51
2012-10-03,30.98,23.51,78.49,3.37,0.51
2012-10-04,31.45,23.42,76.64,2.76,0.51
2012-10-05,35.12,22.8,65.81,0.63,0.51
2012-10-06,35.79,23.32,62.41,0.67,0.51
2012-10-07,33.09,24.41,67.23,0.75,0.51
2012-10-08,34.26,25.03,63.41,0.31,0.51
2012-10-09,37.78,23.41,55.01,0.91,0.5
2012-10-10,33.74,24.04,65.01,0.76,0.5
2012-10-11,34.64,23.04,63.11,1.69,0.5
2012-10-12,34.71,23.44,58.25,0.3,0.5
2012-10-13,34.41,23.0,59.72,2.09,0.5
2012-10-14,34.02,22.17,68.86,5.81,0.51
2012-10-15,34.56,22.96,63.88,0.44,0.51
2012-10-16,35.84,23.21,59.15,0.0,0.51
2012-10-17,36.43,23.58,55.11,0.16,0.5
2012-10-18,35.8,24.55,54.52,0.0,0.5
2012-10-19,35.52,24.28,55.5,0.0,0.5
2012-10-20,36.73,23.67,50.24,0.0,0.5
2012-10-21,37.46,23.57,48.42,0.01,0.5
2012-10-22,37.91,23.18,43.96,0.0,0.5
2012-10-23,37.08,21.74,41.78,0.0,0.5
2012-10-24,37.33,22.26,43.1,0.0,0.5
2012-10-25,36.22,22.32,46.13,0.0,0.5
2012-10-26,36.54,22.47,47.57,0.16,0.5
2012-10-27,35.85,24.0,47.97,1.61,0.5
2012-10-28,35.91,23.87,51.31,0.0,0.5
2012-10-29,35.99,24.35,48.84,0.0,0.5
2012-10-30,37.39,24.7,44.76,0.0,0.5
2012-10-31,37.57,25.03,41.01,0.04,0.5
2012-11-01,35.66,24.73,48.14,0.03,0.49
2012-11-02,35.87,23.63,46.42,0.0,0.49
2012-11-03,33.54,24.17,52.2,0.39,0.49
2012-11-04,32.98,23.76,57.44,0.3,0.49
2012-11-05,34.37,22.5,53.25,2.13,0.5
2012-11-06,35.03,21.85,49.34,2.11,0.5
2012-11-07,34.66,21.63,50.01,1.33,0.5
2012-11-08,32.59,21.72,56.76,0.69,0.5
2012-11-09,32.26,21.72,61.04,0.0,0.5
2012-11-10,33.79,21.24,54.48,0.0,0.5
2012-11-11,33.77,19.96,46.79,0.0,0.5
2012-11-12,34.19,19.96,46.89,0.01,0.5
2012-11-13,34.34,22.77,50.02,0.11,0.5
2012-11-14,33.35,22.59,53.71,0.6,0.5
2012-11-15,30.19,22.39,67.48,1.88,0.5
2012-11-16,33.45,21.75,58.34,0.07,0.5
2012-11-17,34.24,22.54,54.83,0.01,0.5
2012-11-18,34.07,23.67,49.59,0.24,0.5
2012-11-19,32.97,22.85,57.86,1.3,0.5
2012-11-20,31.03,22.77,75.72,5.67,0.5
2012-11-21,32.46,21.9,69.9,0.0,0.51
2012-11-22,32.86,21.51,64.65,0.0,0.5
2012-11-23,33.93,21.28,53.56,0.0,0.5
2012-11-24,33.43,19.6,54.71,0.01,0.5
2012-11-25,31.95,19.03,49.4,0.0,0.5
2012-11-26,32.31,17.46,50.84,0.0,0.5
2012-11-27,30.85,17.51,53.73,0.19,0.5
2012-11-28,31.02,15.57,47.86,0.03,0.5
2012-11-29,31.28,16.03,53.86,0.01,0.5
2012-11-30,28.09,19.41,71.42,0.36,0.5
2012-12-01,31.56,17.87,53.7,0.51,0.5
2012-12-02,31.33,19.78,68.1,1.09,0.5
2012-12-03,32.75,18.0,58.88,0.0,0.5
2012-12-04,32.27,17.97,43.45,0.0,0.5
2012-12-05,33.9,16.34,34.21,0.0,0.5
2012-12-06,31.92,16.63,36.29,0.0,0.5
2012-12-07,31.94,16.26,34.75,0.0,0.5
2012-12-08,32.01,15.6,32.44,0.0,0.49
2012-12-09,30.93,15.08,36.37,0.0,0.49
2012-12-10,30.56,14.95,42.19,0.0,0.49
2012-12-11,31.35,14.85,39.58,0.0,0.49
2012-12-12,30.8,15.65,40.58,0.0,0.49
2012-12-13,30.24,15.83,46.21,0.0,0.49
2012-12-14,31.18,15.99,43.03,0.0,0.49
2012-12-15,31.07,15.45,42.03,0.0,0.49
2012-12-16,31.31,14.51,38.06,0.0,0.49
2012-12-17,31.31,15.08,36.29,0.0,0.49
2012-12-18,33.47,15.54,35.32,0.0,0.49
2012-12-19,29.98,14.78,34.92,0.0,0.49
2012-12-20,28.88,14.06,36.25,0.0,0.49
2012-12-21,30.43,13.03,27.66,0.0,0.49
2012-12-22,31.26,13.04,26.25,0.0,0.49
2012-12-23,32.43,13.51,29.32,0.0,0.49
2012-12-24,29.83,15.37,47.37,0.0,0.49
2012-12-25,29.74,15.03,49.99,0.0,0.49
2012-12-26,28.84,15.84,52.11,0.0,0.49
2012-12-27,29.8,14.71,42.52,0.0,0.49
2012-12-28,29.99,14.67,41.25,0.0,0.49
2012-12-29,29.58,15.41,47.84,0.0,0.49
2012-12-30,30.87,15.37,47.99,0.0,0.49
2012-12-31,29.63,15.19,43.63,0.0,0.49
2013-01-01,28.93,13.95,36.53,0.0,0.49
2013-01-02,29.2,13.25,35.42,0.0,0.49
2013-01-03,29.36,14.16,36.35,0.0,0.49
2013-01-04,29.68,15.13,44.95,0.0,0.49
2013-01-05,30.4,14.55,45.11,0.0,0.49
2013-01-06,30.98,14.56,41.05,0.0,0.49
2013-01-07,28.7,15.08,42.23,0.0,0.49
2013-01-08,27.02,13.48,43.05,0.0,0.49
2013-01-09,27.86,13.23,46.37,0.0,0.49
2013-01-10,27.39,12.62,34.35,0.0,0.49
2013-01-11,25.69,11.68,26.58,0.0,0.49
2013-01-12,27.35,9.66,26.83,0.0,0.49
2013-01-13,27.81,10.59,28.24,0.0,0.49
2013-01-14,28.46,11.66,38.12,0.0,0.49
2013-01-15,29.94,12.87,36.51,0.0,0.49
2013-01-16,30.05,13.13,35.42,0.0,0.49
2013-01-17,31.42,13.81,34.87,0.0,0.49
2013-01-18,31.36,14.4,33.85,0.0,0.49
2013-01-19,31.37,14.91,41.13,0.0,0.49
2013-01-20,29.88,16.05,41.19,0.0,0.49
2013-01-21,30.44,14.75,40.65,0.0,0.49
2013-01-22,31.26,14.42,38.31,0.0,0.49
2013-01-23,31.23,14.75,38.98,0.0,0.49
2013-01-24,31.82,14.18,31.01,0.0,0.49
2013-01-25,31.28,13.63,22.86,0.0,0.49
2013-01-26,31.76,13.67,22.31,0.0,0.49
2013-01-27,30.8,13.27,25.32,0.0,0.49
2013-01-28,28.91,13.75,28.45,0.0,0.49
2013-01-29,30.51,13.59,34.96,0.19,0.49
2013-01-30,26.54,16.33,58.39,10.33,0.51
2013-01-31,29.79,13.89,53.38,0.0,0.51
2013-02-01,29.06,12.61,40.86,0.0,0.5
2013-02-02,30.16,16.18,44.18,0.01,0.5
2013-02-03,28.22,14.94,50.32,0.01,0.5
2013-02-04,30.5,15.32,47.06,0.0,0.5
2013-02-05,32.51,14.54,33.51,0.0,0.5
2013-02-06,33.79,15.53,31.9,0.0,0.5
2013-02-07,34.13,16.5,28.53,0.0,0.5
2013-02-08,34.72,17.35,28.14,0.0,0.5
2013-02-09,33.82,17.67,31.73,0.0,0.49
2013-02-10,34.24,18.2,37.5,0.0,0.49
2013-02-11,33.93,18.75,35.34,0.0,0.49
2013-02-12,35.88,17.94,30.26,0.0,0.49
2013-02-13,36.33,19.96,32.72,0.0,0.49
2013-02-14,34.9,20.33,29.49,0.01,0.49
2013-02-15,34.54,18.85,31.15,0.0,0.49
2013-02-16,36.28,19.3,30.66,0.0,0.49
2013-02-17,35.91,20.85,35.45,0.12,0.49
2013-02-18,30.59,17.85,38.29,0.39,0.49
2013-02-19,32.28,17.93,39.11,0.0,0.49
2013-02-20,33.73,16.46,27.22,0.0,0.49
2013-02-21,33.79,16.24,21.78,0.0,0.49
2013-02-22,36.15,16.6,21.94,0.0,0.49
2013-02-23,36.13,18.1,31.38,0.0,0.49
2013-02-24,35.78,19.72,30.7,0.0,0.49
2013-02-25,35.58,18.47,29.87,0.0,0.49
2013-02-26,36.95,19.11,27.2,0.0,0.49
2013-02-27,36.94,18.47,20.11,0.0,0.49
2013-02-28,36.37,17.97,19.48,0.0,0.49
2013-03-01,34.97,17.12,20.04,0.0,0.49
2013-03-02,37.5,17.5,21.04,0.0,0.49
2013-03-03,37.47,19.74,32.39,0.05,0.49
2013-03-04,36.33,20.33,33.71,1.01,0.49
2013-03-05,36.04,19.82,31.1,0.0,0.49
2013-03-06,35.65,19.18,36.65,0.01,0.49
2013-03-07,35.54,19.05,32.32,0.01,0.49
2013-03-08,34.96,20.28,31.79,1.38,0.49
2013-03-09,34.23,18.07,28.13,0.0,0.49
2013-03-10,34.84,18.42,30.63,0.0,0.49
2013-03-11,33.51,18.65,40.39,3.01,0.49
2013-03-12,33.38,18.39,39.06,0.01,0.5
2013-03-13,35.54,18.87,34.02,0.0,0.5
2013-03-14,36.08,19.59,32.31,0.0,0.49
2013-03-15,36.41,20.09,33.01,0.0,0.49
2013-03-16,36.95,20.62,32.83,0.0,0.49
2013-03-17,35.91,20.58,36.54,0.09,0.49
2013-03-18,34.12,20.69,38.26,0.47,0.49
2013-03-19,33.99,20.81,32.75,0.0,0.49
2013-03-20,35.65,17.85,22.39,0.0,0.49
2013-03-21,36.21,19.27,26.83,0.0,0.49
2013-03-22,35.05,20.2,33.31,0.86,0.49
2013-03-23,35.91,20.94,31.21,0.0,0.49
2013-03-24,36.66,20.51,27.52,0.0,0.49
2013-03-25,35.95,20.28,36.26,0.92,0.49
2013-03-26,37.29,21.18,34.3,0.24,0.49
2013-03-27,37.56,21.7,35.78,0.04,0.49
2013-03-28,37.89,21.82,35.56,0.0,0.49
2013-03-29,37.72,22.77,33.92,0.31,0.49
2013-03-30,38.49,23.97,32.0,0.14,0.49
2013-03-31,39.24,26.63,31.19,0.31,0.49
2013-04-01,37.91,23.78,33.35,0.14,0.49
2013-04-02,37.8,23.28,30.15,0.0,0.49
2013-04-03,38.66,22.99,31.08,0.19,0.49
2013-04-04,39.13,23.91,34.49,0.28,0.49
2013-04-05,38.46,23.22,37.23,0.0,0.49
2013-04-06,37.94,22.71,31.81,0.0,0.49
2013-04-07,37.26,22.17,32.04,0.0,0.49
2013-04-08,37.59,21.98,32.35,0.0,0.49
2013-04-09,38.07,22.98,35.61,0.0,0.49
2013-04-10,38.94,24.12,34.74,0.0,0.49
2013-04-11,39.65,24.17,31.35,0.0,0.49
2013-04-12,40.0,23.79,30.5,0.0,0.49
2013-04-13,40.28,25.41,29.87,0.0,0.49
2013-04-14,39.85,24.86,32.51,0.46,0.49
2013-04-15,38.17,24.95,32.54,1.53,0.49
2013-04-16,36.38,24.68,39.2,0.76,0.49
2013-04-17,34.85,23.57,43.96,0.6,0.49
2013-04-18,35.8,22.8,44.96,0.0,0.49
2013-04-19,37.02,23.48,43.29,0.0,0.49
2013-04-20,37.82,23.58,44.99,0.15,0.49
2013-04-21,39.8,25.36,34.82,0.01,0.49
2013-04-22,39.01,26.22,35.97,1.03,0.49
2013-04-23,38.5,25.39,35.44,0.26,0.49
2013-04-24,38.49,23.56,36.11,0.25,0.49
2013-04-25,39.27,24.41,32.78,0.06,0.49
2013-04-26,39.49,25.82,36.35,0.22,0.49
2013-04-27,38.65,25.47,40.64,0.27,0.49
2013-04-28,36.8,24.78,45.48,0.21,0.49
2013-04-29,39.36,26.17,41.41,0.34,0.49
2013-04-30,40.43,26.67,40.66,0.03,0.49
2013-05-01,40.23,26.63,39.26,0.99,0.49
2013-05-02,39.22,26.15,43.56,1.22,0.49
2013-05-03,34.15,25.82,54.41,5.51,0.5
2013-05-04,35.01,24.73,57.1,1.67,0.5
2013-05-05,33.52,23.95,61.82,1.68,0.5
2013-05-06,34.41,23.43,59.61,2.45,0.5
2013-05-07,30.4,24.09,66.18,1.17,0.5
2013-05-08,36.58,22.9,61.36,0.55,0.5
2013-05-09,33.79,23.45,62.9,1.18,0.5
2013-05-10,35.2,25.05,61.16,0.69,0.5
2013-05-11,33.94,25.71,60.34,1.25,0.5
2013-05-12,33.99,26.32,58.91,0.35,0.5
2013-05-13,36.79,25.31,50.46,0.52,0.5
2013-05-14,31.72,24.41,65.84,3.76,0.5
2013-05-15,33.3,24.6,66.35,1.07,0.5
2013-05-16,36.39,25.7,58.14,0.66,0.5
2013-05-17,37.4,25.5,55.07,1.69,0.5
2013-05-18,39.21,25.37,48.37,0.14,0.5
2013-05-19,39.38,26.75,45.01,0.64,0.5
2013-05-20,37.69,26.09,51.51,2.29,0.5
2013-05-21,34.57,24.95,59.14,0.54,0.5
2013-05-22,38.11,25.27,52.47,0.17,0.5
2013-05-23,35.89,24.98,57.34,2.95,0.5
2013-05-24,34.88,24.06,64.6,9.24,0.51
2013-05-25,32.6,23.83,70.63,1.39,0.51
2013-05-26,35.7,24.16,60.29,0.19,0.51
2013-05-27,34.17,25.16,66.19,0.67,0.51
2013-05-28,33.27,24.41,67.51,2.88,0.51
2013-05-29,37.16,24.61,58.13,0.79,0.51
2013-05-30,34.93,24.94,57.73,0.87,0.5
2013-05-31,35.64,24.91,56.04,0.31,0.5
2013-06-01,37.46,24.42,53.92,1.36,0.5
2013-06-02,37.71,26.28,51.86,0.9,0.5
2013-06-03,34.12,26.49,60.78,1.96,0.5
2013-06-04,35.43,25.23,62.39,1.1,0.5
2013-06-05,33.76,24.71,67.25,3.35,0.5
2013-06-06,35.85,23.81,61.98,1.5,0.5
2013-06-07,36.57,24.22,60.76,4.34,0.51
2013-06-08,34.68,24.12,65.4,2.3,0.51
2013-06-09,32.25,24.65,69.21,1.31,0.51
2013-06-10,35.3,24.41,66.49,2.77,0.51
2013-06-11,32.21,23.86,57.14,0.06,0.5
2013-06-12,37.67,23.65,48.63,0.07,0.5
2013-06-13,38.96,24.6,47.33,0.0,0.5
2013-06-14,39.54,25.41,48.71,0.0,0.5
2013-06-15,40.33,26.46,45.95,0.02,0.5
2013-06-16,39.62,26.83,46.24,0.42,0.5
2013-06-17,38.96,27.44,46.42,1.06,0.5
2013-06-18,40.15,27.25,43.28,1.39,0.5
2013-06-19,38.48,27.51,51.19,0.68,0.5
2013-06-20,35.45,26.23,59.32,0.95,0.5
2013-06-21,35.83,25.62,57.08,0.68,0.5
2013-06-22,37.95,26.12,51.43,0.12,0.5
2013-06-23,38.27,27.26,49.49,0.68,0.5
2013-06-24,36.84,25.05,56.23,2.48,0.5
2013-06-25,35.94,25.14,59.1,1.8,0.5
2013-06-26,35.69,25.01,60.63,1.55,0.5
2013-06-27,35.53,24.33,62.79,2.56,0.5
2013-06-28,32.89,25.13,64.84,0.69,0.5
2013-06-29,36.44,24.8,61.0,0.67,0.5
2013-06-30,35.42,25.39,61.29,0.85,0.5
2013-07-01,33.96,23.89,61.81,2.64,0.5
2013-07-02,36.44,23.96,60.48,2.13,0.5
2013-07-03,35.85,24.35,62.99,3.54,0.5
2013-07-04,35.85,24.51,63.96,2.23,0.5
2013-07-05,36.59,24.42,59.31,0.83,0.5
2013-07-06,34.9,25.41,58.17,0.7,0.5
2013-07-07,36.5,25.48,59.33,2.7,0.5
2013-07-08,35.42,24.62,62.68,2.4,0.5
2013-07-09,34.92,24.77,61.87,0.95,0.5
2013-07-10,33.75,24.76,64.53,2.0,0.5
2013-07-11,34.03,24.25,64.42,1.69,0.5
2013-07-12,33.84,24.23,64.27,1.05,0.5
2013-07-13,35.15,24.13,61.94,0.45,0.5
2013-07-14,35.18,24.17,61.06,1.7,0.5
2013-07-15,36.83,24.65,56.95,0.62,0.5
2013-07-16,34.94,25.45,64.7,1.69,0.5
2013-07-17,34.06,25.23,62.49,0.7,0.5
2013-07-18,36.33,24.14,58.63,0.68,0.5
2013-07-19,36.6,25.25,58.16,0.25,0.5
2013-07-20,34.6,25.03,62.66,0.77,0.5
2013-07-21,37.32,25.23,58.58,0.48,0.5
2013-07-22,35.88,25.96,58.37,0.69,0.5
2013-07-23,36.62,25.81,57.63,1.44,0.5
2013-07-24,38.3,26.18,59.52,0.85,0.5
2013-07-25,33.02,24.97,69.98,1.09,0.5
2013-07-26,30.52,24.6,74.48,1.54,0.5
2013-07-27,32.57,24.85,71.84,1.3,0.5
2013-07-28,34.52,24.41,69.63,1.2,0.5
2013-07-29,34.02,24.42,68.98,1.38,0.5
2013-07-30,34.25,24.21,68.18,2.17,0.5
2013-07-31,34.17,23.15,64.3,1.53,0.5
2013-08-01,35.02,23.8,63.98,0.72,0.5
2013-08-02,33.78,24.59,62.04,0.08,0.5
2013-08-03,36.0,24.84,60.16,1.49,0.5
2013-08-04,29.39,24.62,77.0,6.73,0.5
2013-08-05,33.83,23.45,67.02,0.84,0.51
2013-08-06,33.9,23.82,66.13,0.89,0.51
2013-08-07,35.17,24.1,67.36,3.98,0.51
2013-08-08,33.09,24.34,75.31,6.47,0.51
2013-08-09,31.75,24.2,75.35,1.34,0.52
2013-08-10,27.72,23.1,79.14,0.53,0.51
2013-08-11,34.75,23.14,65.08,0.96,0.51
2013-08-12,32.56,23.85,73.77,8.24,0.52
2013-08-13,31.75,23.74,76.12,2.8,0.52
2013-08-14,33.75,23.97,68.56,0.88,0.52
2013-08-15,34.08,23.26,68.54,1.99,0.52
2013-08-16,29.69,23.37,79.33,4.22,0.52
2013-08-17,30.02,23.61,81.08,2.35,0.52
2013-08-18,30.36,23.57,75.9,0.83,0.52
2013-08-19,30.53,23.78,76.31,0.94,0.51
2013-08-20,30.08,23.19,77.83,2.22,0.51
2013-08-21,33.07,23.63,71.41,1.38,0.52
2013-08-22,33.68,22.99,68.9,0.51,0.51
2013-08-23,36.47,23.17,65.85,0.99,0.51
2013-08-24,36.51,23.31,63.77,0.3,0.51
2013-08-25,32.29,23.98,71.7,3.35,0.51
2013-08-26,29.62,23.16,76.68,1.94,0.51
2013-08-27,33.15,23.53,70.73,1.68,0.51
2013-08-28,32.63,22.69,62.25,0.48,0.51
2013-08-29,35.05,23.15,69.45,6.94,0.51
2013-08-30,32.98,23.54,74.67,2.36,0.52
2013-08-31,35.36,24.06,71.32,3.04,0.51
2013-09-01,33.1,23.81,74.05,2.4,0.51
2013-09-02,35.26,23.07,67.03,0.86,0.51
2013-09-03,34.37,23.77,67.17,1.45,0.51
2013-09-04,34.74,23.81,65.93,1.0,0.51
2013-09-05,33.79,24.24,71.44,3.58,0.51
2013-09-06,31.68,24.07,76.88,1.87,0.51
2013-09-07,33.91,23.0,70.29,2.53,0.51
2013-09-08,32.85,23.71,70.43,2.3,0.51
2013-09-09,32.75,23.83,74.62,2.45,0.51
2013-09-10,31.13,24.29,76.05,1.98,0.51
2013-09-11,32.94,24.23,69.15,0.71,0.51
2013-09-12,35.54,24.86,63.27,0.98,0.51
2013-09-13,36.42,25.14,63.37,0.72,0.51
2013-09-14,33.94,23.82,74.42,5.54,0.51
2013-09-15,31.91,24.04,80.33,1.91,0.51
2013-09-16,34.83,23.4,71.68,2.4,0.51
2013-09-17,36.74,23.93,66.18,0.48,0.51
2013-09-18,35.1,23.66,63.67,0.18,0.51
2013-09-19,36.4,23.72,60.4,0.44,0.51
2013-09-20,37.93,24.39,57.88,0.01,0.5
2013-09-21,39.6,25.42,51.57,0.05,0.5
2013-09-22,40.28,26.11,49.13,0.11,0.5
2013-09-23,37.11,26.59,55.71,0.87,0.5
2013-09-24,36.77,26.54,57.64,2.68,0.5
2013-09-25,32.91,25.75,68.98,4.67,0.51
2013-09-26,35.96,24.57,69.17,1.14,0.51
2013-09-27,34.07,22.99,68.49,1.86,0.51
2013-09-28,27.75,24.39,81.88,2.4,0.51
2013-09-29,31.45,23.67,73.9,0.7,0.51
2013-09-30,36.71,22.82,51.56,0.0,0.51
2013-10-01,37.84,20.84,45.77,0.01,0.5
2013-10-02,36.89,25.24,54.82,0.99,0.5
2013-10-03,34.18,23.45,67.54,4.14,0.51
2013-10-04,30.22,23.78,74.57,1.36,0.51
2013-10-05,32.62,23.35,67.37,1.27,0.51
2013-10-06,32.1,23.54,70.36,1.75,0.51
2013-10-07,35.62,23.91,64.49,0.62,0.51
2013-10-08,32.46,22.85,64.3,0.48,0.51
2013-10-09,37.26,21.14,47.85,0.0,0.5
2013-10-10,36.98,22.19,48.65,0.0,0.5
2013-10-11,38.14,22.28,45.15,0.03,0.5
2013-10-12,36.52,23.99,52.6,0.23,0.5
2013-10-13,35.48,24.21,57.11,0.28,0.5
2013-10-14,36.48,24.86,54.39,0.0,0.5
2013-10-15,38.2,26.68,49.81,0.02,0.5
2013-10-16,39.1,25.65,44.38,0.01,0.5
2013-10-17,39.26,25.27,43.24,0.44,0.5
2013-10-18,37.49,24.66,51.6,2.11,0.5
2013-10-19,34.19,23.62,73.16,8.61,0.51
2013-10-20,28.24,22.78,81.63,2.16,0.51
2013-10-21,30.3,21.88,74.79,2.58,0.51
2013-10-22,31.74,21.87,73.81,4.01,0.52
2013-10-23,32.23,22.24,69.62,0.22,0.51
2013-10-24,35.48,21.75,57.97,0.05,0.51
2013-10-25,31.73,22.07,67.23,3.52,0.51
2013-10-26,24.97,20.38,80.73,8.11,0.51
2013-10-27,26.61,20.39,86.23,7.27,0.53
2013-10-28,29.64,21.08,78.68,3.34,0.54
2013-10-29,30.89,21.29,77.22,0.71,0.53
2013-10-30,32.73,20.72,71.93,0.14,0.53
2013-10-31,33.62,20.75,64.41,0.0,0.52
2013-11-01,33.65,20.54,61.22,0.0,0.52
2013-11-02,34.08,19.87,55.33,0.0,0.51
2013-11-03,34.29,19.48,52.35,0.0,0.51
2013-11-04,34.43,18.7,47.36,0.0,0.51
2013-11-05,33.92,18.34,48.69,0.0,0.51
2013-11-06,34.44,18.31,49.41,0.0,0.5
2013-11-07,35.35,18.77,47.23,0.0,0.5
2013-11-08,34.42,19.14,47.04,0.0,0.5
2013-11-09,36.79,19.99,43.88,0.0,0.5
2013-11-10,36.81,21.92,46.0,0.0,0.5
2013-11-11,34.82,22.95,45.06,0.0,0.5
2013-11-12,35.8,22.44,44.65,0.03,0.5
2013-11-13,35.48,21.47,45.46,0.0,0.5
2013-11-14,35.69,22.07,42.82,0.22,0.5
2013-11-15,35.79,21.67,40.46,0.12,0.5
2013-11-16,34.85,21.57,48.56,0.14,0.5
2013-11-17,35.58,21.75,50.93,0.04,0.5
2013-11-18,33.99,24.11,55.77,0.24,0.5
2013-11-19,33.43,22.81,59.89,0.63,0.5
2013-11-20,33.6,21.77,56.04,0.02,0.5
2013-11-21,33.1,20.35,52.5,0.0,0.5
2013-11-22,33.31,21.09,50.49,0.0,0.5
2013-11-23,33.97,21.96,49.12,0.0,0.5
2013-11-24,33.91,21.61,50.34,0.0,0.5
2013-11-25,33.5,22.15,47.13,0.0,0.5
2013-11-26,32.47,22.73,57.42,0.03,0.5
2013-11-27,32.9,22.73,58.96,0.0,0.5
2013-11-28,33.77,23.12,56.53,0.02,0.5
2013-11-29,33.15,22.84,55.95,0.01,0.5
2013-11-30,32.73,23.3,56.43,0.03,0.5
2013-12-01,33.35,21.67,53.31,0.04,0.5
2013-12-02,31.48,21.69,56.73,0.0,0.5
2013-12-03,32.99,20.22,51.91,0.0,0.5
2013-12-04,32.43,21.29,50.42,0.0,0.5
2013-12-05,33.08,19.67,46.82,0.0,0.5
2013-12-06,32.97,19.27,43.84,0.0,0.49
2013-12-07,31.34,18.87,49.7,0.0,0.49
2013-12-08,30.95,22.08,50.85,0.01,0.49
2013-12-09,28.27,21.1,59.99,0.07,0.49
2013-12-10,29.61,19.69,63.13,0.04,0.49
2013-12-11,31.71,19.84,58.93,0.24,0.49
2013-12-12,29.86,19.13,71.05,6.42,0.5
2013-12-13,26.45,15.98,71.18,4.52,0.51
2013-12-14,25.73,14.31,70.65,4.28,0.51
2013-12-15,25.33,11.22,65.82,2.04,0.52
2013-12-16,25.32,11.13,56.51,0.07,0.52
2013-12-17,25.88,10.43,45.11,0.0,0.51
2013-12-18,25.45,9.79,46.5,0.0,0.51
2013-12-19,25.66,10.73,49.7,0.0,0.51
2013-12-20,26.07,11.44,52.89,0.0,0.51
2013-12-21,27.4,12.76,52.33,0.0,0.51
2013-12-22,27.65,12.66,51.27,0.0,0.5
2013-12-23,27.59,11.92,50.35,0.0,0.5
2013-12-24,28.62,13.0,49.43,0.0,0.5
2013-12-25,28.4,12.71,47.49,0.0,0.5
2013-12-26,29.0,13.12,45.81,0.0,0.5
2013-12-27,29.16,13.09,44.47,0.0,0.5
2013-12-28,28.62,14.05,51.83,0.0,0.5
2013-12-29,28.57,14.35,54.42,0.0,0.5
2013-12-30,29.3,14.28,52.6,0.0,0.5
2013-12-31,30.25,14.06,44.64,0.0,0.5
2014-01-01,30.16,13.87,41.13,0.0,0.5
2014-01-02,30.46,14.48,40.0,0.0,0.5
2014-01-03,30.1,13.31,40.29,0.0,0.5
2014-01-04,30.08,13.02,37.83,0.0,0.5
2014-01-05,28.92,13.33,34.66,0.0,0.5
2014-01-06,27.97,12.48,37.75,0.0,0.5
2014-01-07,28.0,13.51,42.39,0.0,0.49
2014-01-08,29.45,11.97,44.31,0.0,0.49
2014-01-09,30.19,12.85,37.42,0.0,0.49
2014-01-10,30.11,13.31,32.61,0.0,0.49
2014-01-11,30.48,13.91,33.31,0.0,0.49
2014-01-12,29.24,14.09,39.2,0.0,0.49
2014-01-13,31.34,14.27,36.89,0.0,0.49
2014-01-14,29.34,14.76,47.86,0.0,0.49
2014-01-15,29.16,15.41,53.72,0.0,0.49
2014-01-16,28.16,15.88,53.96,0.0,0.49
2014-01-17,30.95,16.24,48.29,0.0,0.49
2014-01-18,31.24,16.68,46.29,0.01,0.49
2014-01-19,29.21,15.76,49.78,0.57,0.49
2014-01-20,30.33,15.51,47.63,0.12,0.49
2014-01-21,29.85,16.06,46.45,0.0,0.49
2014-01-22,30.29,15.06,40.2,0.0,0.49
2014-01-23,29.79,13.75,38.78,0.0,0.49
2014-01-24,29.76,15.36,42.14,0.0,0.49
2014-01-25,31.93,15.25,41.52,0.0,0.49
2014-01-26,32.19,15.83,38.47,0.0,0.49
2014-01-27,32.64,16.3,38.17,0.0,0.49
2014-01-28,30.75,17.45,40.68,0.0,0.49
2014-01-29,31.2,16.93,39.02,0.0,0.49
2014-01-30,32.69,15.76,33.55,0.0,0.49
2014-01-31,33.04,15.97,30.26,0.0,0.49
2014-02-01,33.49,16.29,31.12,0.0,0.49
2014-02-02,33.33,16.28,33.62,0.0,0.49
2014-02-03,33.66,15.75,30.38,0.0,0.49
2014-02-04,32.83,15.5,27.09,0.0,0.49
2014-02-05,31.94,14.64,26.33,0.0,0.49
2014-02-06,30.77,14.9,30.35,0.0,0.49
2014-02-07,31.81,13.93,28.79,0.0,0.49
2014-02-08,30.35,14.4,29.56,0.0,0.49
2014-02-09,30.32,14.72,35.64,0.0,0.49
2014-02-10,31.1,15.84,40.19,0.0,0.49
2014-02-11,31.37,16.21,40.33,0.0,0.49
2014-02-12,29.68,16.48,48.38,0.0,0.49
2014-02-13,31.73,18.58,41.45,0.0,0.49
2014-02-14,31.85,16.48,37.85,0.0,0.49
2014-02-15,31.81,15.91,33.78,0.0,0.49
2014-02-16,30.59,14.99,45.24,1.25,0.49
2014-02-17,30.29,15.18,59.17,3.99,0.49
2014-02-18,27.46,14.85,48.99,0.09,0.5
2014-02-19,31.28,11.83,37.08,0.0,0.5
2014-02-20,31.93,14.19,35.79,0.0,0.5
2014-02-21,31.53,15.64,35.78,0.0,0.5
2014-02-22,32.4,16.08,33.31,0.0,0.5
2014-02-23,32.99,15.09,30.83,0.0,0.5
2014-02-24,32.81,15.99,27.1,0.0,0.49
2014-02-25,33.85,16.36,29.24,0.0,0.49
2014-02-26,34.32,16.74,32.58,0.0,0.49
2014-02-27,34.32,17.07,26.78,0.0,0.49
2014-02-28,34.51,17.38,25.92,0.0,0.49
2014-03-01,35.5,17.97,28.21,0.0,0.49
2014-03-02,35.04,17.91,26.54,0.0,0.49
2014-03-03,34.66,18.36,27.19,0.0,0.49
2014-03-04,34.77,18.11,28.2,0.0,0.49
2014-03-05,33.01,20.46,27.88,0.0,0.49
2014-03-06,33.21,16.7,28.88,0.02,0.49
2014-03-07,34.01,17.14,26.21,0.0,0.49
2014-03-08,34.19,18.59,24.38,0.0,0.49
2014-03-09,34.11,17.75,25.14,0.0,0.49
2014-03-10,34.27,18.28,25.44,0.0,0.49
2014-03-11,34.78,19.57,22.62,0.0,0.49
2014-03-12,34.99,20.15,22.71,0.0,0.49
2014-03-13,35.35,19.29,25.18,0.0,0.49
2014-03-14,34.78,19.96,30.19,0.0,0.49
2014-03-15,36.49,20.75,30.41,0.0,0.49
2014-03-16,38.07,20.46,24.81,0.0,0.49
2014-03-17,37.49,19.75,20.79,0.0,0.49
2014-03-18,36.28,18.84,22.05,0.0,0.49
2014-03-19,35.69,18.85,24.35,0.2,0.49
2014-03-20,36.51,20.24,29.07,0.36,0.49
2014-03-21,36.13,19.98,29.82,0.13,0.49
2014-03-22,36.12,19.58,33.28,1.6,0.49
2014-03-23,33.81,19.45,32.91,0.92,0.49
2014-03-24,35.21,21.48,36.32,0.09,0.49
2014-03-25,35.92,21.57,33.42,0.12,0.49
2014-03-26,35.77,23.2,34.98,0.0,0.49
2014-03-27,37.36,20.9,30.19,0.0,0.49
2014-03-28,37.56,21.72,30.89,0.0,0.49
2014-03-29,38.7,22.65,32.11,0.0,0.49
2014-03-30,39.06,21.85,23.75,0.0,0.49
2014-03-31,38.74,21.64,32.92,0.16,0.49
2014-04-01,38.44,22.81,34.51,0.22,0.49
2014-04-02,37.46,24.09,35.65,0.22,0.49
2014-04-03,38.62,25.24,32.67,0.01,0.49
2014-04-04,38.43,22.49,30.62,1.69,0.49
2014-04-05,35.45,24.33,36.38,0.11,0.49
2014-04-06,35.17,23.59,44.68,0.25,0.49
2014-04-07,35.49,23.86,41.72,0.05,0.49
2014-04-08,37.77,24.36,40.11,1.36,0.49
2014-04-09,37.28,23.88,46.43,0.09,0.49
2014-04-10,33.6,25.51,53.01,0.0,0.49
2014-04-11,37.91,24.96,45.61,0.61,0.49
2014-04-12,38.6,24.05,35.8,0.0,0.49
2014-04-13,39.07,25.01,27.34,0.0,0.49
2014-04-14,39.17,23.98,27.67,0.01,0.49
2014-04-15,39.07,25.24,30.47,0.0,0.49
2014-04-16,39.07,26.77,33.84,0.0,0.49
2014-04-17,40.34,25.59,33.42,0.0,0.49
2014-04-18,40.69,26.14,29.38,0.0,0.49
2014-04-19,40.8,26.0,29.68,0.0,0.49
2014-04-20,40.9,26.64,29.57,0.0,0.49
2014-04-21,41.05,27.54,28.65,0.02,0.49
2014-04-22,40.49,27.3,36.46,0.0,0.49
2014-04-23,40.8,27.21,31.85,0.0,0.49
2014-04-24,39.98,25.65,29.55,0.0,0.49
2014-04-25,39.85,26.67,32.04,0.22,0.49
2014-04-26,40.52,26.44,31.72,0.0,0.49
2014-04-27,38.47,26.82,37.48,0.08,0.49
2014-04-28,39.55,27.55,36.36,0.02,0.49
2014-04-29,38.1,27.79,40.14,0.12,0.49
2014-04-30,37.9,25.86,42.24,0.03,0.49
2014-05-01,39.36,26.96,34.61,0.0,0.49
2014-05-02,30.5,26.38,55.68,1.21,0.49
2014-05-03,34.97,25.58,46.23,0.64,0.49
2014-05-04,36.53,25.74,43.24,0.07,0.49
2014-05-05,35.01,26.4,46.52,1.86,0.49
2014-05-06,35.35,26.41,45.88,6.28,0.5
2014-05-07,36.21,24.68,54.17,2.08,0.51
2014-05-08,37.61,24.46,48.04,1.17,0.51
2014-05-09,36.47,24.88,56.46,1.74,0.5
2014-05-10,33.02,25.62,64.14,0.76,0.5
2014-05-11,32.03,25.51,64.85,2.21,0.5
2014-05-12,37.77,24.46,55.29,0.05,0.5
2014-05-13,36.95,26.45,54.31,0.0,0.5
2014-05-14,36.57,26.9,57.18,3.55,0.5
2014-05-15,36.29,25.96,58.18,0.42,0.5
2014-05-16,38.79,25.07,49.13,0.0,0.5
2014-05-17,39.49,26.37,45.43,0.0,0.5
2014-05-18,38.36,27.49,41.81,0.36,0.5
2014-05-19,32.18,27.06,57.55,0.11,0.5
2014-05-20,38.55,26.8,48.89,0.86,0.5
2014-05-21,37.19,27.15,50.06,0.36,0.5
2014-05-22,37.06,26.97,50.7,0.44,0.5
2014-05-23,36.69,27.13,53.21,0.15,0.5
2014-05-24,37.81,27.54,50.34,2.36,0.5
2014-05-25,38.85,28.05,45.31,0.09,0.5
2014-05-26,38.12,28.22,47.33,0.4,0.5
2014-05-27,39.53,27.93,43.46,1.1,0.5
2014-05-28,37.52,27.64,45.44,2.1,0.5
2014-05-29,38.43,27.03,52.38,3.07,0.5
2014-05-30,38.11,26.03,53.1,0.0,0.5
2014-05-31,38.84,25.64,48.9,1.56,0.5
2014-06-01,39.0,26.74,49.3,0.54,0.5
2014-06-02,38.13,26.51,50.43,1.89,0.5
2014-06-03,39.62,26.64,47.62,0.41,0.5
2014-06-04,38.77,27.78,50.44,4.12,0.5
2014-06-05,36.67,27.71,55.65,0.29,0.5
2014-06-06,39.08,27.06,50.12,0.13,0.5
2014-06-07,37.09,27.26,52.7,1.47,0.5
2014-06-08,37.7,26.52,58.83,6.52,0.51
2014-06-09,35.77,24.73,68.03,7.22,0.51
2014-06-10,31.38,25.35,77.69,8.05,0.52
2014-06-11,34.28,24.73,69.88,3.24,0.52
2014-06-12,37.4,25.49,67.05,3.76,0.52
2014-06-13,35.13,25.97,72.08,5.09,0.52
2014-06-14,32.98,24.89,76.21,3.12,0.53
2014-06-15,35.18,25.14,68.68,2.27,0.52
2014-06-16,35.95,24.55,66.55,1.86,0.52
2014-06-17,36.94,25.51,67.04,5.5,0.52
2014-06-18,33.15,25.11,73.03,5.38,0.52
2014-06-19,31.73,24.14,70.37,0.72,0.52
2014-06-20,34.62,25.37,62.03,1.19,0.52
2014-06-21,34.89,25.21,61.27,1.11,0.52
2014-06-22,35.56,25.0,62.68,1.54,0.51
2014-06-23,36.99,24.69,60.61,0.47,0.51
2014-06-24,36.27,24.68,59.43,0.9,0.51
2014-06-25,36.37,25.04,64.33,3.16,0.51
2014-06-26,35.36,25.34,60.78,0.19,0.51
2014-06-27,37.08,25.19,55.26,0.1,0.5
2014-06-28,37.88,25.57,56.74,0.54,0.5
2014-06-29,34.02,25.29,64.61,1.53,0.5
2014-06-30,37.29,25.7,61.4,0.6,0.5
2014-07-01,37.17,25.46,58.69,2.17,0.5
2014-07-02,36.61,24.51,59.91,1.17,0.5
2014-07-03,35.6,24.89,63.03,1.2,0.5
2014-07-04,37.29,25.18,57.3,0.16,0.5
2014-07-05,37.4,26.1,56.65,0.19,0.5
2014-07-06,37.61,25.65,56.41,0.39,0.5
2014-07-07,30.47,25.16,69.49,0.78,0.5
2014-07-08,38.1,24.24,57.07,0.62,0.5
2014-07-09,29.27,25.83,66.58,0.7,0.5
2014-07-10,37.52,23.92,52.81,0.24,0.5
2014-07-11,38.6,26.24,54.22,0.3,0.5
2014-07-12,34.07,26.24,62.56,0.4,0.5
2014-07-13,36.47,26.07,61.0,1.3,0.5
2014-07-14,36.26,25.11,66.78,2.37,0.5
2014-07-15,35.72,24.81,64.21,1.51,0.5
2014-07-16,34.34,25.44,61.39,0.23,0.5
2014-07-17,35.87,24.94,61.07,0.44,0.5
2014-07-18,37.28,24.81,64.51,1.19,0.5
2014-07-19,36.01,25.1,66.71,3.58,0.5
2014-07-20,34.42,24.79,69.45,4.21,0.51
2014-07-21,30.24,24.16,77.14,4.21,0.51
2014-07-22,30.85,23.1,74.99,3.84,0.51
2014-07-23,27.79,22.97,79.45,1.29,0.52
2014-07-24,35.95,22.98,63.74,0.04,0.51
2014-07-25,37.87,25.55,59.86,0.1,0.51
2014-07-26,35.3,26.02,61.55,0.72,0.51
2014-07-27,33.91,25.77,67.09,0.3,0.5
2014-07-28,36.11,24.27,62.24,0.55,0.5
2014-07-29,35.17,25.24,62.23,0.47,0.5
2014-07-30,35.78,25.33,62.72,0.31,0.5
2014-07-31,36.52,25.29,60.72,0.3,0.5
2014-08-01,37.55,25.7,59.0,1.13,0.5
2014-08-02,34.9,24.79,67.27,3.06,0.5
2014-08-03,31.03,24.39,69.71,1.17,0.5
2014-08-04,32.47,24.6,68.94,1.27,0.5
2014-08-05,35.68,24.13,66.05,2.66,0.5
2014-08-06,33.48,24.18,66.37,0.64,0.5
2014-08-07,33.3,24.22,68.52,1.24,0.5
2014-08-08,37.42,24.67,59.61,0.51,0.5
2014-08-09,34.87,24.33,65.81,1.39,0.5
2014-08-10,34.03,24.72,67.62,0.27,0.5
2014-08-11,36.19,23.96,62.47,0.56,0.5
2014-08-12,34.4,24.7,64.53,0.61,0.5
2014-08-13,33.79,24.21,71.11,4.37,0.5
2014-08-14,31.62,24.65,74.62,1.95,0.51
2014-08-15,32.21,23.87,70.65,2.54,0.51
2014-08-16,34.9,23.06,64.08,1.21,0.51
2014-08-17,36.09,23.69,61.5,0.25,0.5
2014-08-18,36.31,24.67,60.13,0.24,0.5
2014-08-19,33.4,24.97,71.98,2.19,0.5
2014-08-20,34.85,24.64,68.38,0.48,0.5
2014-08-21,36.34,23.76,61.55,1.05,0.5
2014-08-22,36.02,23.83,60.22,1.51,0.5
2014-08-23,36.66,24.6,61.15,0.65,0.5
2014-08-24,35.88,24.75,59.91,0.41,0.5
2014-08-25,36.71,24.78,59.55,1.24,0.5
2014-08-26,35.94,25.02,59.35,0.44,0.5
2014-08-27,36.0,24.64,60.83,1.26,0.5
2014-08-28,37.48,25.34,57.92,1.11,0.5
2014-08-29,36.81,25.7,60.91,1.62,0.5
2014-08-30,30.57,24.58,76.42,2.16,0.5
2014-08-31,35.73,23.52,63.99,0.56,0.5
2014-09-01,35.54,24.06,61.08,0.74,0.5
2014-09-02,36.59,24.31,61.05,1.53,0.5
2014-09-03,37.48,25.17,61.92,0.69,0.5
2014-09-04,36.27,24.29,58.83,0.37,0.5
2014-09-05,35.75,24.71,59.61,0.16,0.5
2014-09-06,36.12,24.68,57.99,0.39,0.5
2014-09-07,35.37,25.22,63.18,1.99,0.5
2014-09-08,36.85,23.86,60.87,0.25,0.5
2014-09-09,37.91,24.37,55.56,0.28,0.5
2014-09-10,36.67,25.64,55.41,0.22,0.5
2014-09-11,33.46,25.81,61.51,0.62,0.5
2014-09-12,34.21,24.71,60.9,1.4,0.5
2014-09-13,36.98,25.04,55.31,0.05,0.5
2014-09-14,35.34,25.49,56.53,0.16,0.5
2014-09-15,36.55,25.49,57.1,0.97,0.5
2014-09-16,37.75,24.72,55.31,0.34,0.5
2014-09-17,38.02,25.72,56.51,2.46,0.5
2014-09-18,29.19,24.44,79.74,4.3,0.5
2014-09-19,32.13,23.46,72.48,2.36,0.51
2014-09-20,34.33,23.26,68.79,2.14,0.51
2014-09-21,35.57,23.69,64.55,2.13,0.51
2014-09-22,35.98,23.92,60.84,0.73,0.5
2014-09-23,35.27,24.77,62.42,1.19,0.5
2014-09-24,36.29,24.36,63.19,1.35,0.5
2014-09-25,35.42,24.09,64.3,1.84,0.5
2014-09-26,34.44,23.84,61.65,0.98,0.5
2014-09-27,36.36,23.99,56.72,0.07,0.5
2014-09-28,37.67,24.09,52.58,0.17,0.5
2014-09-29,38.33,24.96,48.2,0.02,0.5
2014-09-30,33.02,26.02,58.59,0.07,0.5
2014-10-01,30.89,25.5,65.97,1.37,0.5
2014-10-02,35.24,24.32,55.12,0.55,0.5
2014-10-03,35.05,25.08,53.28,0.07,0.5
2014-10-04,33.76,25.28,57.26,0.33,0.5
2014-10-05,37.39,24.61,54.15,2.12,0.5
2014-10-06,37.36,23.76,50.94,0.24,0.5
2014-10-07,37.86,24.3,44.35,0.0,0.5
2014-10-08,38.72,23.56,37.06,0.0,0.5
2014-10-09,37.96,23.14,43.87,0.0,0.5
2014-10-10,36.72,24.29,52.58,0.07,0.49
2014-10-11,36.73,24.89,54.4,1.53,0.5
2014-10-12,36.98,24.95,58.12,1.54,0.5
2014-10-13,35.8,24.61,63.38,2.93,0.5
2014-10-14,35.78,24.92,58.67,0.04,0.5
2014-10-15,37.08,24.97,52.24,0.74,0.5
2014-10-16,36.12,24.96,56.31,1.48,0.5
2014-10-17,34.14,25.12,58.14,0.69,0.5
2014-10-18,35.35,25.5,54.54,0.12,0.5
2014-10-19,33.88,24.21,58.62,2.15,0.5
2014-10-20,34.51,23.78,56.54,0.07,0.5
2014-10-21,36.15,23.41,51.34,0.15,0.5
2014-10-22,33.65,24.51,60.83,1.81,0.5
2014-10-23,35.72,22.87,55.96,0.02,0.5
2014-10-24,36.64,22.69,49.49,0.0,0.5
2014-10-25,36.71,21.89,44.64,0.0,0.5
2014-10-26,36.43,24.27,46.13,0.16,0.5
2014-10-27,34.0,24.21,52.26,0.27,0.5
2014-10-28,31.35,23.22,58.51,0.92,0.5
2014-10-29,33.66,21.69,55.78,0.27,0.5
2014-10-30,33.18,23.74,54.09,0.16,0.5
2014-10-31,36.14,23.07,49.68,0.13,0.5
2014-11-01,36.09,24.69,49.79,0.01,0.49
2014-11-02,37.21,25.07,47.86,0.08,0.49
2014-11-03,34.0,25.35,60.39,1.69,0.5
2014-11-04,33.84,24.24,62.09,0.53,0.5
2014-11-05,32.18,23.14,67.02,2.96,0.5
2014-11-06,32.56,22.35,74.74,3.15,0.5
2014-11-07,30.61,22.81,75.21,0.27,0.5
2014-11-08,34.41,23.08,63.16,0.0,0.5
2014-11-09,33.55,23.34,55.35,0.0,0.5
2014-11-10,35.0,22.23,52.09,0.0,0.5
2014-11-11,35.3,24.36,51.71,0.0,0.5
2014-11-12,35.74,22.4,50.66,0.0,0.5
2014-11-13,35.45,23.43,48.39,0.0,0.5
2014-11-14,35.0,22.42,45.64,0.0,0.5
2014-11-15,34.21,20.62,45.05,0.0,0.5
2014-11-16,34.05,21.69,50.37,0.22,0.49
2014-11-17,33.08,21.08,54.14,0.94,0.49
2014-11-18,33.98,20.97,52.09,0.0,0.49
2014-11-19,33.64,22.65,51.67,0.25,0.49
2014-11-20,32.15,21.62,53.34,0.6,0.49
2014-11-21,31.64,19.25,50.12,0.0,0.49
2014-11-22,32.52,17.78,39.69,0.0,0.49
2014-11-23,32.0,16.95,40.86,0.0,0.49
2014-11-24,32.28,17.18,43.13,0.0,0.49
2014-11-25,32.43,17.13,39.25,0.0,0.49
2014-11-26,31.78,16.74,36.38,0.0,0.49
2014-11-27,31.13,15.86,34.98,0.0,0.49
2014-11-28,30.55,14.03,30.08,0.0,0.49
2014-11-29,31.29,14.13,29.13,0.0,0.49
2014-11-30,31.83,14.79,34.84,0.0,0.49
2014-12-01,31.51,14.94,36.94,0.0,0.49
2014-12-02,31.08,16.16,40.01,0.0,0.49
2014-12-03,31.77,16.22,34.26,0.0,0.49
2014-12-04,31.9,16.09,34.72,0.0,0.49
2014-12-05,33.16,16.88,37.92,0.0,0.49
2014-12-06,32.09,18.9,54.68,0.0,0.49
2014-12-07,32.21,18.39,50.23,0.0,0.49
2014-12-08,32.01,16.86,40.94,0.0,0.49
2014-12-09,32.41,16.36,33.81,0.0,0.49
2014-12-10,32.48,16.88,32.04,0.0,0.49
2014-12-11,31.96,16.74,40.07,0.04,0.49
2014-12-12,32.6,17.15,39.62,0.0,0.49
2014-12-13,32.43,17.35,38.01,0.0,0.49
2014-12-14,32.79,17.87,39.66,0.0,0.49
2014-12-15,32.45,17.79,40.38,0.0,0.49
2014-12-16,32.63,17.35,38.44,0.16,0.49
2014-12-17,26.92,19.05,69.23,9.82,0.5
2014-12-18,26.27,16.34,67.3,2.05,0.51
2014-12-19,29.43,14.07,56.07,0.0,0.51
2014-12-20,27.85,13.25,51.4,0.0,0.5
2014-12-21,30.43,14.19,48.0,0.0,0.5
2014-12-22,28.79,15.52,51.85,0.0,0.5
2014-12-23,29.6,15.32,53.41,0.0,0.5
2014-12-24,30.21,15.69,47.65,0.0,0.5
2014-12-25,30.78,15.3,43.22,0.0,0.5
2014-12-26,30.46,15.05,41.15,0.0,0.5
2014-12-27,31.46,15.68,42.22,0.0,0.5
2014-12-28,32.41,17.11,44.8,0.0,0.5
2014-12-29,32.1,18.01,45.46,0.0,0.5
2014-12-30,31.11,19.25,48.41,0.03,0.49
2014-12-31,33.06,20.69,47.16,0.06,0.49
2015-01-01,33.08,20.34,45.55,0.16,0.49
2015-01-02,31.62,20.42,46.6,0.0,0.49
2015-01-03,32.79,19.46,46.17,0.24,0.49
2015-01-04,32.06,19.01,58.16,4.47,0.49
2015-01-05,29.37,18.68,67.2,1.93,0.5
2015-01-06,30.16,17.38,57.51,0.0,0.5
2015-01-07,30.19,15.39,48.05,0.0,0.5
2015-01-08,29.43,15.09,58.34,16.33,0.51
2015-01-09,25.37,14.2,63.6,9.81,0.54
2015-01-10,26.34,13.08,69.0,1.18,0.54
2015-01-11,26.22,12.48,66.88,2.92,0.54
2015-01-12,27.43,10.98,57.16,0.0,0.53
2015-01-13,27.21,11.72,55.41,0.0,0.53
2015-01-14,28.28,14.33,55.93,0.0,0.52
2015-01-15,29.02,15.13,63.08,0.31,0.52
2015-01-16,22.99,18.16,82.81,1.32,0.52
2015-01-17,27.37,17.68,79.63,8.03,0.52
2015-01-18,24.52,17.93,82.7,7.96,0.54
2015-01-19,26.39,15.34,65.16,0.5,0.54
2015-01-20,27.25,13.11,61.11,0.0,0.53
2015-01-21,29.01,13.2,56.6,0.0,0.53
2015-01-22,27.91,15.01,55.49,0.0,0.52
2015-01-23,28.71,13.87,54.02,0.0,0.52
2015-01-24,28.35,12.97,49.6,0.0,0.52
2015-01-25,29.67,12.96,49.3,0.0,0.51
2015-01-26,30.3,13.22,48.72,0.0,0.51
2015-01-27,30.39,13.53,45.06,0.0,0.51
2015-01-28,31.17,14.15,43.06,0.0,0.51
2015-01-29,31.39,14.72,41.12,0.0,0.51
2015-01-30,30.47,14.69,40.56,0.0,0.5
2015-01-31,28.45,14.36,44.33,0.11,0.5
2015-02-01,29.2,13.8,36.89,0.0,0.5
2015-02-02,30.45,12.19,31.35,0.0,0.5
2015-02-03,31.82,13.29,29.73,0.0,0.5
2015-02-04,31.85,14.13,33.35,0.0,0.5
2015-02-05,32.12,14.99,30.38,0.0,0.5
2015-02-06,31.3,13.82,29.36,0.0,0.5
2015-02-07,29.81,14.42,27.46,0.0,0.5
2015-02-08,31.28,14.21,27.65,0.0,0.5
2015-02-09,30.85,15.93,35.9,0.0,0.5
2015-02-10,30.66,16.24,39.02,0.0,0.5
2015-02-11,32.15,16.94,36.0,0.0,0.5
2015-02-12,30.87,15.96,35.96,0.0,0.5
2015-02-13,29.91,14.43,35.24,0.25,0.5
2015-02-14,29.13,13.59,41.39,0.0,0.5
2015-02-15,30.5,13.62,36.16,0.0,0.5
2015-02-16,30.97,14.25,36.75,0.0,0.5
2015-02-17,31.4,14.83,37.7,0.0,0.5
2015-02-18,31.13,15.08,35.09,0.0,0.5
2015-02-19,31.58,15.6,30.65,0.0,0.49
2015-02-20,32.5,15.49,30.57,0.0,0.49
2015-02-21,32.58,15.24,32.36,0.16,0.49
2015-02-22,32.96,15.42,28.18,0.0,0.49
2015-02-23,33.74,16.43,28.9,0.0,0.49
2015-02-24,33.89,16.5,29.15,0.0,0.49
2015-02-25,34.48,17.43,28.47,0.0,0.49
2015-02-26,33.68,17.48,31.81,0.08,0.49
2015-02-27,33.77,17.53,33.03,0.0,0.49
2015-02-28,34.73,17.96,30.76,0.0,0.49
2015-03-01,36.82,17.92,24.64,0.0,0.49
2015-03-02,36.81,18.35,22.02,0.0,0.49
2015-03-03,35.51,18.56,33.44,0.0,0.49
2015-03-04,34.92,19.79,36.72,0.01,0.49
2015-03-05,33.86,21.19,40.88,0.0,0.49
2015-03-06,33.96,19.52,33.69,0.0,0.49
2015-03-07,34.32,17.79,28.3,0.0,0.49
2015-03-08,35.92,17.23,25.81,0.0,0.49
2015-03-09,36.51,18.38,22.24,0.0,0.49
2015-03-10,37.07,19.05,20.4,0.0,0.49
2015-03-11,36.89,17.98,20.88,0.0,0.49
2015-03-12,37.37,18.86,17.06,0.0,0.49
2015-03-13,35.77,18.7,17.98,0.0,0.49
2015-03-14,35.24,18.92,19.07,0.0,0.49
2015-03-15,36.3,20.8,24.19,0.0,0.49
2015-03-16,37.21,22.94,26.58,0.0,0.49
2015-03-17,36.73,21.87,27.95,0.0,0.49
2015-03-18,36.76,20.71,28.77,0.0,0.49
2015-03-19,36.62,21.9,32.49,0.0,0.49
2015-03-20,37.45,22.33,31.93,0.0,0.49
2015-03-21,38.58,21.65,23.19,0.0,0.49
2015-03-22,37.81,20.42,19.99,0.0,0.49
2015-03-23,37.67,20.07,22.28,1.1,0.49
2015-03-24,35.26,19.79,30.58,2.25,0.5
2015-03-25,34.23,21.05,44.39,2.69,0.5
2015-03-26,33.74,21.66,51.62,1.3,0.5
2015-03-27,34.61,22.15,44.7,0.02,0.5
2015-03-28,35.77,22.58,43.03,1.36,0.5
2015-03-29,35.86,21.11,37.5,0.0,0.5
2015-03-30,36.77,22.71,35.73,0.0,0.5
2015-03-31,35.35,21.71,40.46,0.6,0.5
2015-04-01,35.04,22.94,49.78,1.29,0.5
2015-04-02,35.6,22.0,51.23,2.01,0.5
2015-04-03,35.52,22.68,51.25,0.19,0.5
2015-04-04,36.76,22.94,47.04,1.15,0.5
2015-04-05,37.21,22.11,45.77,2.26,0.5
2015-04-06,35.94,22.58,46.91,0.18,0.5
2015-04-07,36.88,22.87,46.5,0.02,0.5
2015-04-08,38.93,24.07,39.41,0.02,0.5
2015-04-09,37.77,24.05,38.88,0.79,0.5
2015-04-10,36.6,23.91,44.6,0.34,0.5
2015-04-11,37.92,23.56,39.44,0.01,0.5
2015-04-12,38.28,24.42,34.36,0.04,0.49
2015-04-13,36.25,26.01,42.63,0.33,0.49
2015-04-14,34.94,24.87,49.83,0.04,0.49
2015-04-15,37.47,24.84,40.27,0.77,0.49
2015-04-16,39.14,24.89,33.89,0.05,0.49
2015-04-17,38.71,24.77,35.48,0.18,0.49
2015-04-18,36.71,24.8,40.74,4.83,0.5
2015-04-19,37.36,23.71,45.68,0.2,0.5
2015-04-20,38.47,25.19,43.1,1.48,0.5
2015-04-21,36.78,25.14,51.36,3.16,0.5
2015-04-22,35.9,25.28,53.81,1.47,0.5
2015-04-23,34.24,23.93,58.6,0.87,0.5
2015-04-24,32.2,24.54,58.42,0.08,0.5
2015-04-25,32.21,24.03,52.57,0.49,0.5
2015-04-26,32.43,22.8,48.87,0.51,0.5
2015-04-27,34.34,23.96,45.22,0.44,0.5
2015-04-28,36.35,22.69,47.54,2.26,0.5
2015-04-29,36.65,22.84,46.04,1.52,0.5
2015-04-30,36.52,22.93,47.18,0.45,0.5
2015-05-01,38.08,24.53,43.73,0.01,0.5
2015-05-02,38.62,25.23,42.66,0.0,0.5
2015-05-03,38.87,26.02,43.55,0.0,0.5
2015-05-04,40.42,26.03,38.54,0.0,0.49
2015-05-05,39.92,26.11,39.39,0.23,0.49
2015-05-06,38.58,26.01,42.13,0.67,0.49
2015-05-07,39.18,26.34,38.3,0.0,0.49
2015-05-08,39.75,27.09,38.74,2.2,0.49
2015-05-09,39.18,25.15,37.81,0.11,0.5
2015-05-10,39.09,27.41,38.64,0.04,0.49
2015-05-11,39.25,26.52,42.87,0.01,0.49
2015-05-12,38.36,27.76,41.57,0.07,0.49
2015-05-13,39.82,28.06,40.43,0.23,0.49
2015-05-14,40.4,27.68,44.06,0.02,0.49
2015-05-15,40.07,28.1,42.74,0.83,0.49
2015-05-16,35.6,27.69,48.19,0.88,0.49
2015-05-17,38.33,27.52,47.5,0.73,0.49
2015-05-18,35.35,25.62,60.3,1.32,0.5
2015-05-19,33.83,24.5,63.94,2.1,0.5
2015-05-20,34.52,25.01,64.63,1.46,0.5
2015-05-21,34.68,24.91,59.29,1.73,0.5
2015-05-22,33.78,25.29,64.52,1.13,0.5
2015-05-23,32.03,24.07,73.28,5.43,0.51
2015-05-24,34.15,24.28,65.35,0.07,0.51
2015-05-25,36.14,25.01,58.47,0.94,0.5
2015-05-26,39.39,24.16,46.48,0.19,0.5
2015-05-27,38.84,25.49,46.63,0.01,0.5
2015-05-28,39.18,25.73,49.42,0.01,0.5
2015-05-29,39.26,26.15,48.1,0.05,0.5
2015-05-30,38.63,26.26,53.79,3.6,0.5
2015-05-31,37.19,25.44,58.91,3.63,0.5
2015-06-01,36.8,24.51,61.54,3.42,0.51
2015-06-02,36.03,25.55,60.98,0.61,0.5
2015-06-03,37.58,25.58,56.46,0.24,0.5
2015-06-04,39.56,26.12,51.81,0.73,0.5
2015-06-05,38.26,26.23,56.17,4.73,0.5
2015-06-06,37.96,24.84,57.68,1.41,0.5
2015-06-07,35.1,25.45,63.62,4.01,0.51
2015-06-08,34.55,25.27,70.23,11.56,0.52
2015-06-09,33.9,24.59,68.7,4.66,0.52
2015-06-10,34.18,24.06,68.23,3.03,0.52
2015-06-11,34.57,24.57,65.71,1.81,0.52
2015-06-12,35.99,24.31,60.75,1.48,0.52
2015-06-13,33.25,25.03,65.39,0.62,0.51
2015-06-14,34.95,24.3,61.14,3.04,0.51
2015-06-15,36.91,24.71,59.63,0.91,0.51
2015-06-16,36.12,24.42,63.74,4.71,0.51
2015-06-17,34.22,24.82,66.7,1.94,0.51
2015-06-18,36.3,24.9,61.33,3.45,0.51
2015-06-19,34.53,25.12,65.86,4.13,0.51
2015-06-20,36.62,24.95,59.53,0.67,0.51
2015-06-21,37.24,25.28,59.33,0.63,0.51
2015-06-22,36.48,24.82,61.01,1.39,0.51
2015-06-23,36.0,25.11,64.04,2.38,0.51
2015-06-24,36.43,24.89,66.0,1.86,0.51
2015-06-25,32.73,25.64,71.97,1.52,0.51
2015-06-26,35.56,24.96,68.43,1.27,0.51
2015-06-27,31.77,25.26,67.39,0.9,0.51
2015-06-28,34.57,24.05,62.71,0.42,0.5
2015-06-29,35.42,23.4,58.8,0.09,0.5
2015-06-30,36.68,23.43,56.84,0.08,0.5
2015-07-01,36.94,24.12,58.31,0.36,0.5
2015-07-02,37.07,24.79,59.32,0.33,0.5
2015-07-03,36.91,24.82,60.88,0.78,0.5
2015-07-04,37.97,25.16,57.68,0.35,0.5
2015-07-05,36.54,26.18,57.37,0.37,0.5
2015-07-06,35.33,26.21,58.73,0.26,0.5
2015-07-07,35.66,26.93,57.67,0.5,0.5
2015-07-08,30.28,25.74,72.66,1.13,0.5
2015-07-09,35.35,24.85,59.61,0.41,0.5
2015-07-10,35.6,23.98,56.48,1.62,0.5
2015-07-11,34.98,25.75,57.55,0.09,0.5
2015-07-12,38.03,25.34,57.58,1.46,0.5
2015-07-13,39.82,25.38,52.25,0.03,0.5
2015-07-14,40.52,27.13,52.2,0.16,0.5
2015-07-15,35.22,26.5,58.6,1.1,0.5
2015-07-16,37.09,26.3,60.82,1.7,0.5
2015-07-17,32.59,26.28,68.01,3.19,0.5
2015-07-18,34.02,25.09,67.88,3.45,0.5
2015-07-19,35.65,23.98,65.69,1.81,0.51
2015-07-20,36.89,23.79,63.12,1.3,0.5
2015-07-21,36.13,24.68,64.86,2.01,0.5
2015-07-22,35.15,24.27,69.11,3.35,0.51
2015-07-23,33.58,24.11,71.8,6.82,0.51
2015-07-24,30.34,24.31,80.02,3.08,0.51
2015-07-25,27.51,23.34,84.89,1.45,0.52
2015-07-26,29.91,22.97,76.63,1.42,0.51
2015-07-27,30.39,22.75,73.15,1.43,0.51
2015-07-28,29.85,23.76,79.72,2.96,0.51
2015-07-29,31.09,23.69,75.0,2.62,0.51
2015-07-30,28.85,23.73,78.94,2.08,0.52
2015-07-31,30.65,24.32,70.22,1.24,0.51
2015-08-01,31.81,23.98,71.73,1.73,0.51
2015-08-02,33.05,22.6,72.69,2.61,0.51
2015-08-03,31.62,22.85,70.55,0.64,0.51
2015-08-04,35.39,23.39,64.65,0.44,0.51
2015-08-05,34.67,23.91,66.19,1.18,0.51
2015-08-06,34.79,23.87,68.42,2.45,0.51
2015-08-07,37.21,25.16,63.29,1.28,0.51
2015-08-08,35.5,25.12,66.59,1.23,0.51
2015-08-09,32.43,24.83,74.26,1.93,0.51
2015-08-10,36.95,25.17,59.63,0.64,0.51
2015-08-11,35.25,26.05,62.75,1.03,0.5
2015-08-12,34.99,25.45,64.86,1.06,0.5
2015-08-13,32.14,25.31,73.31,2.05,0.51
2015-08-14,35.01,24.29,67.79,1.63,0.51
2015-08-15,34.41,23.99,68.92,1.67,0.51
2015-08-16,35.52,23.74,62.43,1.14,0.5
2015-08-17,35.39,23.87,61.78,0.9,0.5
2015-08-18,36.34,24.28,64.14,1.07,0.5
2015-08-19,36.0,24.45,64.62,0.93,0.5
2015-08-20,35.67,24.43,66.56,2.36,0.5
2015-08-21,36.69,24.72,63.22,1.69,0.5
2015-08-22,36.75,24.44,63.9,1.05,0.5
2015-08-23,37.18,24.42,61.54,0.75,0.5
2015-08-24,36.98,25.35,56.73,0.03,0.5
2015-08-25,36.79,26.19,56.74,0.03,0.5
2015-08-26,34.93,26.18,61.87,0.69,0.5
2015-08-27,36.46,24.68,59.3,0.67,0.5
2015-08-28,36.43,24.26,60.7,0.73,0.5
2015-08-29,35.73,24.13,61.62,1.29,0.5
2015-08-30,35.21,24.14,65.27,3.0,0.5
2015-08-31,33.87,24.46,66.35,1.74,0.5
2015-09-01,32.85,23.89,72.25,1.27,0.5
2015-09-02,33.21,24.16,64.64,1.44,0.5
2015-09-03,35.59,24.38,60.31,0.34,0.5
2015-09-04,33.88,24.57,61.35,0.67,0.5
2015-09-05,34.83,24.52,63.36,0.7,0.5
2015-09-06,31.96,24.21,70.19,1.1,0.5
2015-09-07,33.74,24.63,66.01,0.93,0.5
2015-09-08,34.93,24.39,66.5,1.68,0.5
2015-09-09,34.3,25.18,64.81,0.74,0.5
2015-09-10,34.88,25.74,67.09,1.81,0.5
2015-09-11,38.31,24.9,59.62,0.4,0.5
2015-09-12,39.13,25.03,58.66,2.71,0.5
2015-09-13,37.44,26.2,64.82,1.47,0.5
2015-09-14,33.4,24.69,65.07,0.35,0.5
2015-09-15,36.55,25.36,58.5,0.32,0.5
2015-09-16,39.11,25.68,55.45,1.22,0.5
2015-09-17,41.34,26.41,50.53,2.77,0.5
2015-09-18,39.65,26.07,59.67,4.96,0.5
2015-09-19,32.62,24.32,69.21,2.16,0.51
2015-09-20,33.31,24.04,68.06,1.17,0.51
2015-09-21,35.28,24.76,63.43,0.21,0.51
2015-09-22,36.9,24.47,61.19,0.58,0.5
2015-09-23,36.83,24.44,60.67,1.12,0.5
2015-09-24,36.06,24.12,66.37,3.23,0.5
2015-09-25,36.28,23.82,67.41,3.3,0.5
2015-09-26,36.47,24.88,61.19,0.26,0.5
2015-09-27,35.75,25.9,57.19,0.01,0.5
2015-09-28,34.87,26.08,59.15,0.09,0.5
2015-09-29,38.88,25.13,52.53,0.1,0.5
2015-09-30,36.6,26.51,59.15,1.51,0.5
2015-10-01,30.37,24.93,73.03,1.52,0.5
2015-10-02,35.36,23.9,62.82,0.41,0.5
2015-10-03,37.61,24.49,53.39,0.24,0.5
2015-10-04,36.38,25.81,56.63,0.28,0.5
2015-10-05,35.59,25.0,59.87,1.59,0.5
2015-10-06,31.82,24.57,70.44,0.28,0.5
2015-10-07,33.69,24.7,66.47,1.95,0.5
2015-10-08,33.78,24.12,72.39,4.28,0.5
2015-10-09,28.89,23.55,83.06,5.34,0.51
2015-10-10,32.06,24.07,75.8,2.74,0.51
2015-10-11,28.16,20.75,67.07,2.09,0.52
2015-10-12,27.25,20.45,68.49,1.98,0.51
2015-10-13,30.95,19.16,66.16,0.41,0.51
2015-10-14,33.85,20.04,60.35,0.01,0.51
2015-10-15,33.88,22.77,62.11,0.13,0.51
2015-10-16,35.58,22.46,55.53,0.02,0.5
2015-10-17,36.43,22.98,52.24,0.66,0.5
2015-10-18,35.47,23.16,56.41,3.69,0.5
2015-10-19,36.24,22.49,52.85,0.0,0.51
2015-10-20,36.56,21.87,49.15,0.0,0.5
2015-10-21,36.34,21.82,48.65,0.0,0.5
2015-10-22,36.52,22.13,44.4,0.0,0.5
2015-10-23,36.66,22.09,45.4,0.0,0.5
2015-10-24,36.13,23.41,47.15,0.0,0.5
2015-10-25,32.32,24.14,57.75,0.0,0.5
2015-10-26,35.8,22.71,52.8,0.0,0.5
2015-10-27,35.9,23.24,51.05,0.0,0.5
2015-10-28,35.5,24.23,49.59,0.02,0.5
2015-10-29,32.8,23.87,55.55,0.07,0.49
2015-10-30,30.75,21.01,63.26,1.13,0.5
2015-10-31,34.48,21.39,61.61,4.63,0.5
2015-11-01,29.32,21.49,71.88,1.15,0.5
2015-11-02,30.1,21.27,69.56,2.73,0.51
2015-11-03,33.2,19.77,60.69,0.83,0.51
2015-11-04,33.72,20.98,57.9,0.0,0.5
2015-11-05,34.0,21.18,54.47,0.0,0.5
2015-11-06,34.52,22.19,51.2,0.0,0.5
2015-11-07,35.33,21.13,48.71,0.0,0.5
2015-11-08,35.37,20.9,44.78,0.0,0.5
2015-11-09,35.43,21.09,43.11,0.13,0.5
2015-11-10,32.65,22.85,65.09,3.85,0.5
2015-11-11,30.25,22.83,76.56,3.65,0.5
2015-11-12,32.13,22.1,69.28,0.9,0.51
2015-11-13,34.16,20.63,55.11,0.0,0.5
2015-11-14,33.14,20.41,55.46,0.0,0.5
2015-11-15,32.93,19.99,50.09,0.0,0.5
2015-11-16,33.26,17.58,41.61,0.0,0.5
2015-11-17,33.25,17.16,36.04,0.18,0.5
2015-11-18,33.52,18.61,38.79,0.0,0.5
2015-11-19,33.95,21.79,45.95,0.0,0.5
2015-11-20,34.41,19.98,47.19,0.0,0.5
2015-11-21,34.26,19.9,47.42,0.0,0.5
2015-11-22,34.33,19.46,42.84,0.0,0.5
2015-11-23,33.94,18.53,39.11,0.0,0.49
2015-11-24,33.31,18.25,37.78,0.0,0.49
2015-11-25,34.13,18.3,36.6,0.0,0.49
2015-11-26,33.14,17.92,45.22,1.35,0.49
2015-11-27,31.17,19.8,61.54,1.38,0.49
2015-11-28,30.67,20.68,64.24,0.0,0.5
2015-11-29,32.25,21.38,55.84,0.0,0.49
2015-11-30,33.1,20.45,48.36,0.0,0.49
2015-12-01,32.91,19.65,46.28,0.0,0.49
2015-12-02,31.95,20.08,46.06,0.03,0.49
2015-12-03,26.62,18.56,62.84,2.64,0.49
2015-12-04,30.32,16.73,57.6,2.0,0.5
2015-12-05,31.18,16.26,49.08,0.0,0.5
2015-12-06,31.02,16.16,48.83,0.0,0.5
2015-12-07,30.16,16.95,48.49,0.7,0.5
2015-12-08,29.8,17.69,51.1,0.21,0.5
2015-12-09,29.45,16.55,46.92,0.0,0.5
2015-12-10,30.12,15.63,43.24,0.0,0.5
2015-12-11,30.55,16.2,44.36,0.0,0.5
2015-12-12,30.94,17.49,43.15,0.0,0.5
2015-12-13,31.58,16.82,44.64,0.0,0.5
2015-12-14,31.08,17.44,44.46,0.01,0.49
2015-12-15,29.05,16.68,54.47,1.18,0.49
2015-12-16,30.4,18.92,54.24,0.05,0.5
2015-12-17,29.72,17.16,57.67,0.38,0.5
2015-12-18,29.11,16.54,55.42,0.27,0.5
2015-12-19,24.82,17.53,68.98,2.97,0.5
2015-12-20,28.13,16.06,62.59,0.02,0.5
2015-12-21,28.71,13.09,43.34,0.0,0.5
2015-12-22,28.14,12.48,36.33,0.1,0.5
2015-12-23,29.7,12.79,35.98,0.05,0.5
2015-12-24,29.89,13.93,41.79,0.0,0.5
2015-12-25,30.13,14.7,44.24,0.06,0.5
2015-12-26,30.37,16.74,48.68,0.0,0.49
2015-12-27,29.34,15.35,50.35,0.0,0.49
2015-12-28,30.17,16.44,44.98,0.0,0.49
2015-12-29,30.65,14.91,39.18,0.0,0.49
2015-12-30,30.65,15.58,38.74,0.01,0.49
2015-12-31,28.21,17.55,58.41,1.14,0.49
2016-01-01,27.82,19.15,65.73,2.25,0.5
2016-01-02,30.2,16.81,50.74,0.0,0.5
2016-01-03,29.1,15.25,42.83,0.0,0.5
2016-01-04,28.83,14.38,43.49,0.0,0.5
2016-01-05,29.96,13.48,40.34,0.0,0.5
2016-01-06,29.36,13.19,35.62,0.0,0.5
2016-01-07,29.59,13.35,33.73,0.0,0.49
2016-01-08,28.5,13.84,33.15,0.0,0.49
2016-01-09,27.8,12.24,37.85,0.88,0.49
2016-01-10,28.15,12.31,37.42,0.02,0.49
2016-01-11,28.2,12.29,44.98,0.0,0.49
2016-01-12,28.25,12.68,37.14,0.0,0.49
2016-01-13,28.36,12.56,34.68,0.0,0.49
2016-01-14,27.21,12.51,31.71,0.0,0.49
2016-01-15,28.66,11.26,27.58,0.0,0.49
2016-01-16,27.43,11.04,32.59,0.0,0.49
2016-01-17,28.63,11.72,41.37,0.0,0.49
2016-01-18,28.55,12.01,40.97,0.0,0.49
2016-01-19,29.9,12.35,36.99,0.0,0.49
2016-01-20,30.55,13.63,31.49,0.06,0.49
2016-01-21,29.7,13.89,33.49,3.24,0.5
2016-01-22,28.75,18.46,45.85,0.17,0.5
2016-01-23,28.53,15.8,51.66,0.0,0.5
2016-01-24,30.36,14.53,44.53,0.27,0.5
2016-01-25,26.06,12.29,55.42,2.54,0.5
2016-01-26,24.67,11.61,64.17,1.29,0.5
2016-01-27,25.49,14.31,62.81,0.29,0.5
2016-01-28,26.76,11.83,51.03,0.04,0.5
2016-01-29,28.36,11.98,42.55,0.0,0.5
2016-01-30,28.33,13.13,46.08,0.0,0.5
2016-01-31,28.84,13.7,46.03,0.0,0.5
2016-02-01,30.06,14.26,41.52,0.0,0.5
2016-02-02,31.16,14.72,35.7,0.0,0.5
2016-02-03,30.86,14.09,31.71,0.0,0.49
2016-02-04,31.43,13.93,33.12,0.0,0.49
2016-02-05,30.99,14.41,38.22,0.0,0.49
2016-02-06,33.46,15.05,35.52,0.0,0.49
2016-02-07,31.27,16.51,40.99,0.0,0.49
2016-02-08,30.36,16.75,38.52,0.02,0.49
2016-02-09,28.94,16.46,46.8,1.02,0.49
2016-02-10,29.68,16.92,52.73,0.88,0.49
2016-02-11,29.87,16.72,56.22,0.75,0.5
2016-02-12,29.89,16.21,49.85,0.05,0.5
2016-02-13,31.88,18.19,43.04,0.0,0.49
2016-02-14,33.89,17.17,41.44,0.0,0.49
2016-02-15,34.24,17.63,34.25,0.0,0.49
2016-02-16,34.59,18.34,32.86,0.0,0.49
2016-02-17,34.98,18.4,33.43,0.0,0.49
2016-02-18,34.36,18.94,33.76,0.0,0.49
2016-02-19,34.09,18.07,36.91,0.0,0.49
2016-02-20,36.27,20.97,36.16,0.0,0.49
2016-02-21,35.2,20.56,39.31,0.02,0.49
2016-02-22,33.77,20.95,43.49,0.0,0.49
2016-02-23,34.1,19.31,42.0,0.29,0.49
2016-02-24,34.01,21.12,43.08,1.24,0.49
2016-02-25,34.19,21.81,50.35,3.19,0.5
2016-02-26,31.5,21.01,59.17,2.05,0.5
2016-02-27,31.39,19.77,60.02,1.55,0.5
2016-02-28,32.27,20.02,53.46,0.0,0.5
2016-02-29,29.24,19.56,57.02,0.73,0.5
2016-03-01,33.42,19.66,45.84,0.01,0.5
2016-03-02,33.86,19.79,41.32,0.18,0.5
2016-03-03,34.94,18.77,35.59,0.0,0.5
2016-03-04,34.91,19.1,32.84,0.0,0.5
2016-03-05,35.6,20.7,30.48,0.0,0.49
2016-03-06,35.76,20.92,29.25,0.0,0.49
2016-03-07,36.16,22.16,31.77,0.0,0.49
2016-03-08,35.59,21.21,41.88,0.0,0.49
2016-03-09,35.83,20.48,41.78,0.09,0.49
2016-03-10,37.05,21.72,38.9,0.0,0.49
2016-03-11,35.27,22.78,35.75,0.0,0.49
2016-03-12,35.86,22.35,37.13,0.01,0.49
2016-03-13,35.45,22.58,36.87,0.0,0.49
2016-03-14,36.45,23.41,31.89,0.0,0.49
2016-03-15,35.99,23.54,31.41,0.0,0.49
2016-03-16,34.47,21.73,38.49,0.0,0.49
2016-03-17,35.04,20.49,37.79,0.0,0.49
2016-03-18,36.12,20.52,29.28,0.0,0.49
2016-03-19,36.95,19.73,29.53,0.25,0.49
2016-03-20,36.57,21.82,33.96,0.11,0.49
2016-03-21,36.2,22.31,39.96,0.74,0.49
2016-03-22,35.96,21.91,47.07,0.19,0.49
2016-03-23,36.68,21.88,41.71,0.27,0.49
2016-03-24,37.58,23.82,30.37,0.0,0.49
2016-03-25,39.72,21.06,20.42,0.01,0.49
2016-03-26,37.98,22.22,26.6,0.0,0.49
2016-03-27,37.28,24.25,37.21,0.72,0.49
2016-03-28,36.64,21.38,39.58,0.38,0.49
2016-03-29,33.63,20.18,40.79,0.07,0.49
2016-03-30,34.53,22.73,44.86,0.62,0.49
2016-03-31,35.4,21.92,42.13,2.01,0.49
2016-04-01,34.08,23.41,46.91,2.31,0.5
2016-04-02,33.4,21.14,52.97,2.99,0.5
2016-04-03,36.51,22.33,44.32,0.05,0.5
2016-04-04,37.29,24.69,42.4,0.06,0.5
2016-04-05,37.46,23.74,43.66,2.42,0.5
2016-04-06,37.52,22.89,48.94,0.29,0.5
2016-04-07,39.36,24.29,45.57,0.05,0.5
2016-04-08,40.35,25.19,40.68,0.04,0.5
2016-04-09,39.71,25.25,39.67,0.14,0.49
2016-04-10,40.28,25.86,36.84,0.0,0.49
2016-04-11,40.85,26.27,30.58,0.0,0.49
2016-04-12,40.67,25.46,37.56,0.24,0.49
2016-04-13,39.27,25.73,42.24,0.86,0.49
2016-04-14,39.46,25.18,39.07,0.26,0.49
2016-04-15,39.32,25.04,40.48,0.17,0.49
2016-04-16,39.58,26.11,39.71,2.56,0.5
2016-04-17,39.46,25.6,42.73,0.33,0.5
2016-04-18,41.06,27.04,35.78,0.22,0.49
2016-04-19,37.3,26.48,33.03,0.67,0.49
2016-04-20,41.09,25.55,31.26,0.0,0.49
2016-04-21,40.23,25.37,34.8,0.29,0.49
2016-04-22,37.74,25.18,45.32,3.39,0.5
2016-04-23,38.2,24.9,51.83,3.64,0.5
2016-04-24,34.12,25.13,62.2,7.45,0.51
2016-04-25,37.04,24.18,59.43,1.58,0.51
2016-04-26,37.28,25.72,51.84,0.01,0.51
2016-04-27,38.13,26.62,46.91,0.03,0.5
2016-04-28,41.62,25.78,37.7,0.04,0.5
2016-04-29,39.12,26.36,43.27,0.0,0.5
2016-04-30,37.21,26.69,45.95,1.44,0.5
2016-05-01,33.24,27.05,55.92,3.59,0.5
2016-05-02,33.65,25.03,61.02,2.27,0.5
2016-05-03,35.27,23.92,53.53,1.05,0.5
2016-05-04,36.44,23.84,53.14,0.03,0.5
2016-05-05,36.34,25.78,50.37,0.32,0.5
2016-05-06,39.1,25.07,41.22,0.0,0.5
2016-05-07,39.24,25.1,39.36,0.0,0.5
2016-05-08,41.02,26.38,34.12,0.19,0.5
2016-05-09,38.61,27.69,41.45,0.0,0.49
2016-05-10,41.16,26.62,36.47,0.0,0.49
2016-05-11,40.93,29.68,33.39,0.01,0.49
2016-05-12,39.94,28.63,38.28,1.72,0.49
2016-05-13,36.5,28.14,42.71,0.91,0.5
2016-05-14,41.45,26.09,38.1,0.51,0.5
2016-05-15,41.82,27.25,36.14,0.99,0.49
2016-05-16,39.89,28.83,43.5,3.28,0.5
2016-05-17,39.65,25.95,49.68,3.92,0.5
2016-05-18,37.33,26.0,56.95,4.93,0.51
2016-05-19,29.1,24.22,76.55,11.69,0.52
2016-05-20,29.37,23.4,80.31,4.56,0.53
2016-05-21,29.17,23.69,77.29,4.07,0.53
2016-05-22,34.12,24.88,64.19,1.6,0.53
2016-05-23,31.42,24.49,73.52,3.7,0.52
2016-05-24,31.07,23.62,72.2,0.68,0.52
2016-05-25,32.27,24.53,70.39,2.67,0.52
2016-05-26,34.35,24.19,67.15,2.2,0.52
2016-05-27,36.57,23.81,59.29,0.53,0.52
2016-05-28,37.59,24.61,55.8,0.13,0.51
2016-05-29,38.41,25.0,51.88,0.14,0.51
2016-05-30,35.58,25.51,57.12,0.37,0.5
2016-05-31,37.85,25.58,57.12,1.58,0.5
2016-06-01,35.58,25.14,58.14,1.53,0.5
2016-06-02,32.71,24.94,62.88,1.02,0.5
2016-06-03,37.07,24.88,54.71,0.61,0.5
2016-06-04,35.8,25.75,61.43,0.97,0.5
2016-06-05,32.95,25.39,67.27,3.24,0.5
2016-06-06,34.72,24.57,64.12,2.16,0.51
2016-06-07,35.16,24.33,67.11,4.9,0.51
2016-06-08,32.13,23.33,71.93,7.91,0.52
2016-06-09,30.13,23.91,70.75,3.48,0.52
2016-06-10,32.08,23.46,69.17,3.54,0.52
2016-06-11,29.58,24.0,77.36,9.82,0.53
2016-06-12,30.62,23.58,75.97,4.2,0.54
2016-06-13,32.82,23.54,71.27,1.49,0.53
2016-06-14,34.12,23.14,67.93,0.79,0.53
2016-06-15,35.19,23.96,67.53,1.02,0.52
2016-06-16,33.61,24.98,69.09,1.94,0.52
2016-06-17,36.74,24.61,68.49,2.89,0.52
2016-06-18,34.69,24.32,67.14,1.39,0.52
2016-06-19,32.55,24.56,67.84,0.82,0.52
2016-06-20,34.8,24.42,61.51,0.51,0.51
2016-06-21,35.67,25.26,59.61,0.75,0.51
2016-06-22,34.64,25.6,62.24,0.81,0.51
2016-06-23,33.57,25.98,63.72,0.18,0.51
2016-06-24,36.65,25.56,59.22,0.47,0.51
2016-06-25,33.83,25.23,65.41,3.72,0.51
2016-06-26,37.56,24.6,59.83,0.46,0.51
2016-06-27,37.38,25.2,58.18,0.19,0.5
2016-06-28,37.93,26.17,54.67,0.18,0.5
2016-06-29,37.92,27.12,55.2,0.22,0.5
2016-06-30,36.02,26.67,61.36,1.43,0.5
2016-07-01,33.11,25.1,71.37,2.46,0.5
2016-07-02,32.35,24.8,70.7,1.4,0.51
2016-07-03,33.55,24.95,68.29,1.83,0.51
2016-07-04,35.44,24.99,64.06,1.08,0.51
2016-07-05,35.72,24.35,66.37,1.86,0.5
2016-07-06,35.23,24.22,68.64,2.29,0.51
2016-07-07,35.48,24.68,66.19,1.13,0.51
2016-07-08,37.1,25.0,59.5,0.48,0.5
2016-07-09,32.05,25.95,70.22,1.49,0.5
2016-07-10,33.9,24.21,68.0,1.06,0.5
2016-07-11,35.7,24.17,64.11,1.1,0.5
2016-07-12,34.82,24.44,66.36,1.06,0.5
2016-07-13,33.33,24.68,70.57,0.85,0.5
2016-07-14,33.17,24.42,73.69,7.54,0.51
2016-07-15,33.08,23.6,71.48,1.31,0.51
2016-07-16,32.49,23.83,74.42,2.48,0.51
2016-07-17,33.53,23.94,68.43,0.52,0.51
2016-07-18,35.42,24.2,63.54,0.44,0.51
2016-07-19,32.96,24.36,67.9,1.26,0.51
2016-07-20,35.85,24.3,63.89,1.11,0.51
2016-07-21,34.38,24.91,66.56,1.67,0.51
2016-07-22,34.01,23.6,66.36,1.61,0.51
2016-07-23,33.69,24.05,63.73,1.89,0.51
2016-07-24,31.1,24.05,68.13,1.14,0.51
2016-07-25,32.44,23.53,67.73,0.7,0.51
2016-07-26,37.95,22.89,55.37,0.03,0.5
2016-07-27,38.46,25.24,54.45,0.63,0.5
2016-07-28,33.53,25.94,68.88,1.15,0.5
2016-07-29,30.83,25.35,76.33,3.15,0.5
2016-07-30,29.81,24.37,80.32,2.18,0.51
2016-07-31,33.41,24.05,69.6,0.71,0.51
2016-08-01,35.36,24.14,66.1,0.38,0.51
2016-08-02,36.04,25.06,62.23,0.26,0.5
2016-08-03,34.61,25.57,66.14,0.35,0.5
2016-08-04,33.74,25.31,68.58,0.7,0.5
2016-08-05,32.85,24.47,71.04,4.36,0.51
2016-08-06,34.56,23.69,67.02,2.16,0.51
2016-08-07,35.06,23.75,65.32,1.0,0.51
2016-08-08,31.47,23.91,72.37,1.44,0.51
2016-08-09,34.59,23.42,66.39,1.33,0.51
2016-08-10,35.37,23.89,60.8,0.46,0.5
2016-08-11,37.14,24.55,61.22,1.86,0.5
2016-08-12,34.54,24.47,71.39,5.22,0.51
2016-08-13,33.29,24.35,75.23,2.67,0.51
2016-08-14,34.4,24.09,70.57,0.81,0.51
2016-08-15,31.18,23.59,77.11,4.23,0.51
2016-08-16,34.9,24.2,72.6,2.84,0.51
2016-08-17,34.26,23.23,64.96,0.35,0.51
2016-08-18,35.4,24.21,62.97,0.35,0.51
2016-08-19,36.95,24.83,63.86,1.12,0.51
2016-08-20,30.48,24.49,81.06,1.9,0.51
2016-08-21,35.71,24.45,61.78,0.2,0.51
2016-08-22,35.0,24.0,64.36,0.77,0.5
2016-08-23,35.84,25.65,61.51,0.4,0.5
2016-08-24,37.54,25.38,61.46,1.8,0.5
2016-08-25,37.42,25.85,61.41,0.84,0.5
2016-08-26,35.24,25.84,70.93,4.46,0.51
2016-08-27,33.35,25.85,74.66,1.48,0.51
2016-08-28,34.94,25.2,72.13,1.9,0.51
2016-08-29,31.5,25.23,74.03,0.69,0.51
2016-08-30,35.17,24.25,70.74,1.38,0.51
2016-08-31,35.03,23.81,69.57,3.69,0.51
2016-09-01,34.62,23.87,70.56,1.0,0.51
2016-09-02,33.82,24.32,73.18,1.74,0.51
2016-09-03,33.37,24.57,72.48,0.88,0.51
2016-09-04,34.7,24.63,68.93,1.02,0.51
2016-09-05,35.78,24.46,65.33,0.32,0.5
2016-09-06,35.19,25.08,65.82,0.58,0.5
2016-09-07,36.53,24.3,62.76,0.2,0.5
2016-09-08,35.69,24.36,63.02,0.81,0.5
2016-09-09,33.85,24.97,65.16,1.23,0.5
2016-09-10,36.7,24.1,61.54,2.39,0.5
2016-09-11,34.32,25.04,68.71,0.93,0.5
2016-09-12,36.33,24.11,62.85,1.11,0.5
2016-09-13,35.75,24.54,61.05,0.33,0.5
2016-09-14,38.4,24.42,54.71,0.75,0.5
2016-09-15,37.74,26.01,56.86,0.56,0.5
2016-09-16,35.3,25.88,67.19,1.29,0.5
2016-09-17,35.81,25.12,63.85,0.42,0.5
2016-09-18,33.53,25.83,66.31,0.7,0.5
2016-09-19,33.47,25.29,67.84,1.49,0.5
2016-09-20,29.02,24.89,79.22,3.04,0.5
2016-09-21,36.83,24.01,65.04,1.42,0.51
2016-09-22,38.44,23.28,55.94,0.24,0.5
2016-09-23,37.55,25.0,54.64,0.41,0.5
2016-09-24,35.6,26.18,60.73,1.69,0.5
2016-09-25,37.24,25.42,57.93,0.19,0.5
2016-09-26,33.72,25.96,65.82,0.55,0.5
2016-09-27,35.48,24.54,64.4,1.74,0.5
2016-09-28,37.51,25.07,58.95,0.43,0.5
2016-09-29,30.41,25.96,70.96,1.67,0.5
2016-09-30,36.69,24.8,63.41,1.29,0.5
2016-10-01,29.66,24.89,81.38,6.98,0.51
2016-10-02,35.67,24.64,67.06,0.07,0.51
2016-10-03,37.6,24.86,62.45,0.68,0.51
2016-10-04,35.04,25.38,63.75,0.56,0.51
2016-10-05,35.62,24.15,63.39,0.13,0.5
2016-10-06,38.44,24.31,56.78,0.35,0.5
2016-10-07,33.88,25.17,64.63,0.41,0.5
2016-10-08,36.09,24.22,62.25,1.94,0.5
2016-10-09,31.26,24.03,77.24,3.13,0.51
2016-10-10,35.28,23.08,69.56,0.92,0.5
2016-10-11,34.6,22.89,70.5,1.32,0.5
2016-10-12,33.97,23.01,69.61,3.91,0.51
2016-10-13,33.99,23.74,66.28,0.82,0.51
2016-10-14,37.57,24.06,60.4,0.81,0.51
2016-10-15,37.86,24.52,55.92,0.0,0.5
2016-10-16,37.98,24.87,53.43,0.28,0.5
2016-10-17,37.1,24.93,57.26,1.62,0.5
2016-10-18,36.79,24.79,55.23,0.05,0.5
2016-10-19,36.0,24.65,54.97,0.22,0.5
2016-10-20,35.87,25.23,57.86,1.03,0.5
2016-10-21,36.31,24.85,55.73,0.0,0.5
2016-10-22,35.55,24.37,56.25,0.0,0.5
2016-10-23,35.2,24.45,59.83,0.27,0.5
2016-10-24,36.3,24.63,60.38,0.82,0.5
2016-10-25,35.23,24.69,62.47,0.73,0.5
2016-10-26,29.06,24.09,75.85,2.68,0.5
2016-10-27,30.01,23.84,73.35,2.56,0.5
2016-10-28,28.3,22.68,79.09,7.69,0.51
2016-10-29,27.61,22.75,82.52,3.26,0.52
2016-10-30,32.09,21.9,74.6,1.73,0.52
2016-10-31,31.99,23.17,69.47,0.53,0.52
2016-11-01,35.17,22.13,59.35,0.03,0.51
2016-11-02,34.8,24.55,59.04,0.28,0.51
2016-11-03,35.14,22.94,61.24,0.51,0.51
2016-11-04,31.93,23.48,67.69,1.63,0.51
2016-11-05,31.87,22.39,71.08,5.02,0.51
2016-11-06,34.11,22.84,70.15,1.02,0.51
2016-11-07,33.79,22.93,67.9,1.35,0.51
2016-11-08,31.32,22.66,73.8,6.02,0.51
2016-11-09,33.44,22.71,72.38,0.29,0.51
2016-11-10,31.92,23.05,75.98,2.01,0.51
2016-11-11,32.71,22.18,70.52,0.26,0.51
2016-11-12,32.6,22.13,66.24,0.0,0.51
2016-11-13,33.25,22.47,64.58,0.0,0.51
2016-11-14,34.15,22.11,52.95,0.0,0.5
2016-11-15,33.95,19.31,47.82,0.35,0.5
2016-11-16,34.33,19.86,47.52,0.0,0.5
2016-11-17,34.92,20.69,48.31,0.0,0.5
2016-11-18,34.39,20.72,47.94,0.0,0.5
2016-11-19,34.32,19.04,41.66,0.0,0.5
2016-11-20,33.53,18.46,38.81,0.0,0.5
2016-11-21,33.15,16.98,35.62,0.0,0.5
2016-11-22,33.57,16.06,33.36,0.0,0.5
2016-11-23,32.64,15.66,39.77,0.0,0.5
2016-11-24,31.44,15.4,43.45,0.0,0.5
2016-11-25,31.79,15.48,38.41,0.0,0.5
2016-11-26,33.31,16.09,40.02,0.0,0.49
2016-11-27,32.5,16.24,38.79,0.06,0.49
2016-11-28,30.66,17.27,52.15,0.83,0.49
2016-11-29,30.6,17.47,56.5,1.41,0.49
2016-11-30,31.3,17.6,59.94,0.01,0.5
2016-12-01,30.25,19.96,65.77,0.26,0.5
2016-12-02,31.3,21.23,62.97,0.17,0.5
2016-12-03,32.02,20.53,56.19,0.0,0.5
2016-12-04,34.0,19.63,47.05,0.0,0.5
2016-12-05,33.6,17.07,41.32,0.0,0.49
2016-12-06,33.2,17.81,47.6,0.0,0.49
2016-12-07,33.93,18.83,48.66,0.0,0.49
2016-12-08,34.06,19.29,46.62,0.0,0.49
2016-12-09,33.23,18.18,46.65,0.0,0.49
2016-12-10,33.7,17.61,43.21,0.0,0.49
2016-12-11,32.73,18.86,41.85,0.0,0.49
2016-12-12,32.06,20.25,52.08,0.0,0.49
2016-12-13,33.14,19.25,47.92,0.0,0.49
2016-12-14,33.92,19.02,40.79,0.0,0.49
2016-12-15,33.46,18.47,43.89,0.0,0.49
2016-12-16,33.1,19.61,48.7,0.01,0.49
2016-12-17,30.94,20.59,52.78,0.0,0.49
2016-12-18,30.9,20.37,57.95,0.0,0.49
2016-12-19,30.87,18.98,53.8,0.0,0.49
2016-12-20,30.21,16.4,43.79,0.0,0.49
2016-12-21,30.64,15.13,38.69,0.0,0.49
2016-12-22,32.0,16.2,42.2,0.0,0.49
2016-12-23,30.92,16.68,49.77,0.0,0.49
2016-12-24,30.31,17.89,55.33,0.0,0.49
2016-12-25,30.13,17.73,56.67,0.0,0.49
2016-12-26,31.69,18.11,51.45,0.12,0.49
2016-12-27,31.38,18.31,47.29,0.1,0.49
2016-12-28,32.14,17.05,42.48,0.0,0.49
2016-12-29,31.64,17.42,45.47,0.0,0.49
2016-12-30,31.4,18.34,51.19,0.0,0.49
2016-12-31,31.65,18.86,46.01,0.0,0.49
2017-01-01,31.51,17.38,47.28,0.03,0.49
2017-01-02,31.67,19.19,55.29,1.19,0.49
2017-01-03,27.24,20.53,72.31,8.05,0.5
2017-01-04,28.33,19.06,68.24,1.19,0.51
2017-01-05,28.85,18.06,62.06,0.02,0.51
2017-01-06,29.31,16.93,57.47,0.0,0.5
2017-01-07,30.37,14.79,46.03,0.0,0.5
2017-01-08,30.52,14.2,37.6,0.0,0.5
2017-01-09,30.11,13.75,36.89,0.0,0.5
2017-01-10,31.01,13.79,38.84,0.64,0.5
2017-01-11,29.82,17.86,37.8,0.07,0.5
2017-01-12,29.19,14.16,38.96,0.0,0.5
2017-01-13,29.02,13.12,40.96,0.0,0.5
2017-01-14,28.79,12.31,38.75,0.0,0.5
2017-01-15,30.56,12.25,33.33,0.0,0.5
2017-01-16,30.68,13.23,29.86,0.0,0.5
2017-01-17,30.85,14.11,31.89,0.0,0.49
2017-01-18,31.46,14.66,33.97,0.0,0.49
2017-01-19,31.46,14.4,33.47,0.0,0.49
2017-01-20,33.08,14.93,30.33,0.0,0.49
2017-01-21,34.25,15.1,30.1,0.0,0.49
2017-01-22,33.66,15.91,35.43,0.0,0.49
2017-01-23,32.24,17.44,45.07,0.0,0.49
2017-01-24,32.05,18.75,44.24,0.0,0.49
2017-01-25,34.06,17.43,40.38,0.0,0.49
2017-01-26,32.61,17.25,45.05,0.0,0.49
2017-01-27,33.13,17.3,38.32,0.0,0.49
2017-01-28,32.06,17.26,33.35,0.0,0.49
2017-01-29,32.11,16.97,35.5,0.0,0.49
2017-01-30,31.61,15.87,40.29,0.0,0.49
2017-01-31,31.45,16.43,37.04,0.0,0.49
2017-02-01,32.08,15.51,37.63,0.0,0.49
2017-02-02,31.59,16.33,35.27,0.12,0.49
2017-02-03,31.21,16.03,40.05,1.63,0.49
2017-02-04,34.62,16.06,36.55,0.0,0.49
2017-02-05,35.07,16.12,27.49,0.0,0.49
2017-02-06,33.0,16.81,29.79,0.0,0.49
2017-02-07,31.4,15.91,32.73,0.0,0.49
2017-02-08,32.59,15.69,35.61,0.0,0.49
2017-02-09,34.18,15.75,32.17,0.0,0.49
2017-02-10,33.21,16.55,25.72,0.0,0.49
2017-02-11,33.86,15.89,22.03,0.0,0.49
2017-02-12,33.6,15.72,25.5,0.0,0.49
2017-02-13,33.22,16.33,29.95,0.0,0.49
2017-02-14,33.13,17.24,31.35,0.23,0.49
2017-02-15,32.59,18.22,34.87,0.19,0.49
2017-02-16,33.45,17.35,33.43,0.0,0.49
2017-02-17,34.3,17.97,31.67,0.0,0.49
2017-02-18,34.17,18.1,32.85,0.0,0.49
2017-02-19,33.84,18.17,34.98,0.0,0.49
2017-02-20,32.44,17.18,35.41,0.38,0.49
2017-02-21,32.67,17.49,45.55,0.13,0.49
2017-02-22,33.65,17.7,42.16,0.16,0.49
2017-02-23,33.93,17.85,38.81,0.39,0.49
2017-02-24,33.14,18.59,41.04,0.0,0.49
2017-02-25,33.01,18.51,32.05,0.0,0.49
2017-02-26,33.98,16.23,23.0,0.0,0.49
2017-02-27,33.07,15.31,22.93,0.0,0.49
2017-02-28,34.3,15.62,23.1,0.0,0.49
2017-03-01,35.76,17.03,23.86,0.0,0.49
2017-03-02,35.52,17.69,22.0,0.0,0.49
2017-03-03,34.57,17.4,25.67,0.0,0.49
2017-03-04,33.99,18.02,28.4,0.0,0.49
2017-03-05,34.81,17.89,24.33,0.39,0.49
2017-03-06,33.87,17.94,35.43,0.78,0.49
2017-03-07,33.9,18.98,43.89,0.2,0.49
2017-03-08,33.81,20.7,44.45,2.11,0.49
2017-03-09,32.44,19.53,48.03,0.41,0.5
2017-03-10,31.6,20.9,57.41,1.79,0.5
2017-03-11,33.95,20.68,59.54,5.62,0.5
2017-03-12,31.73,20.12,68.99,1.99,0.51
2017-03-13,31.75,20.0,59.49,0.0,0.51
2017-03-14,32.85,17.63,43.19,0.0,0.5
2017-03-15,34.84,17.42,37.61,0.0,0.5
2017-03-16,33.94,18.66,37.08,0.0,0.5
2017-03-17,33.94,17.65,35.68,0.07,0.5
2017-03-18,34.0,16.49,36.12,0.25,0.5
2017-03-19,33.48,18.06,40.13,0.04,0.5
2017-03-20,34.37,19.31,41.14,0.56,0.5
2017-03-21,31.01,18.44,44.69,0.0,0.49
2017-03-22,33.95,16.69,34.53,0.0,0.49
2017-03-23,35.67,18.03,32.25,0.0,0.49
2017-03-24,36.46,19.9,30.54,0.0,0.49
2017-03-25,36.74,19.37,36.92,0.78,0.49
2017-03-26,37.17,20.07,31.33,0.03,0.49
2017-03-27,36.93,21.65,35.6,0.69,0.49
2017-03-28,36.87,22.0,39.77,0.0,0.49
2017-03-29,36.42,22.66,39.33,1.48,0.49
2017-03-30,36.35,21.87,45.68,2.56,0.5
2017-03-31,36.24,23.55,49.83,0.44,0.5
2017-04-01,37.97,23.94,40.91,1.13,0.5
2017-04-02,37.37,22.76,48.08,4.06,0.5
2017-04-03,34.07,22.11,58.5,6.39,0.51
2017-04-04,31.33,22.86,65.32,1.67,0.51
2017-04-05,35.1,21.5,53.5,0.29,0.51
2017-04-06,36.71,22.23,47.16,0.11,0.5
2017-04-07,38.27,24.99,42.24,0.0,0.5
2017-04-08,38.38,25.16,44.63,0.04,0.5
2017-04-09,39.22,25.23,40.72,0.0,0.5
2017-04-10,39.03,24.72,41.0,0.0,0.5
2017-04-11,37.91,24.53,37.23,0.0,0.49
2017-04-12,38.73,23.83,29.3,0.0,0.49
2017-04-13,39.18,24.54,25.21,0.01,0.49
2017-04-14,36.27,23.44,32.47,0.26,0.49
2017-04-15,36.15,24.27,37.76,1.01,0.49
2017-04-16,33.05,24.3,54.45,5.84,0.5
2017-04-17,31.09,22.71,70.3,7.05,0.51
2017-04-18,35.04,22.24,54.45,0.2,0.51
2017-04-19,35.64,23.16,51.63,0.92,0.51
2017-04-20,34.66,22.59,58.67,6.62,0.51
2017-04-21,30.11,23.15,75.59,6.46,0.52
2017-04-22,30.38,23.23,70.84,1.43,0.52
2017-04-23,33.19,22.61,67.06,4.48,0.52
2017-04-24,34.85,22.44,64.03,2.68,0.52
2017-04-25,35.14,22.38,66.43,2.16,0.52
2017-04-26,36.83,22.64,60.16,0.57,0.52
2017-04-27,37.38,24.34,53.47,0.0,0.51
2017-04-28,37.21,25.17,52.06,1.2,0.51
2017-04-29,36.0,24.24,55.35,0.01,0.51
2017-04-30,37.43,24.57,51.76,0.18,0.5
2017-05-01,37.83,24.31,51.12,1.67,0.5
2017-05-02,38.18,23.88,45.34,0.0,0.5
2017-05-03,38.99,26.37,40.27,0.0,0.5
2017-05-04,39.1,27.43,41.7,0.01,0.5
2017-05-05,40.37,26.76,36.67,0.31,0.5
2017-05-06,40.14,25.12,40.74,2.11,0.5
2017-05-07,37.7,26.07,45.31,0.25,0.5
2017-05-08,38.1,26.8,41.43,0.0,0.5
2017-05-09,36.1,27.61,44.09,0.5,0.5
2017-05-10,38.2,26.77,41.83,0.05,0.5
2017-05-11,38.66,27.21,43.14,0.01,0.5
2017-05-12,41.6,27.8,37.47,0.21,0.49
2017-05-13,39.31,28.27,47.39,1.06,0.5
2017-05-14,39.73,27.05,47.9,0.56,0.5
2017-05-15,36.95,28.2,49.39,1.35,0.5
2017-05-16,37.95,26.65,52.47,2.32,0.5
2017-05-17,32.17,25.55,61.26,1.1,0.5
2017-05-18,38.12,24.8,60.43,1.07,0.5
2017-05-19,36.88,26.41,57.02,0.27,0.5
2017-05-20,40.24,26.7,47.89,0.62,0.5
2017-05-21,39.29,27.08,49.73,0.14,0.5
2017-05-22,37.89,27.71,50.26,0.12,0.5
2017-05-23,40.43,28.43,42.26,0.01,0.5
2017-05-24,39.37,28.58,43.93,0.22,0.5
2017-05-25,37.67,28.98,49.81,0.36,0.49
2017-05-26,37.37,27.74,53.73,0.79,0.5
2017-05-27,33.16,26.6,60.35,3.46,0.5
2017-05-28,32.45,25.22,72.65,1.59,0.5
2017-05-29,36.33,25.61,59.59,2.94,0.5
2017-05-30,36.76,25.5,61.46,2.37,0.51
2017-05-31,36.61,25.04,58.02,2.01,0.5
2017-06-01,37.51,25.13,60.42,6.76,0.51
2017-06-02,36.8,24.24,60.62,6.18,0.52
2017-06-03,37.84,24.61,57.67,2.29,0.51
2017-06-04,37.79,25.31,57.28,0.54,0.51
2017-06-05,36.55,26.79,57.77,0.0,0.51
2017-06-06,35.94,26.95,55.2,0.57,0.5
2017-06-07,32.98,26.21,67.24,1.12,0.5
2017-06-08,36.58,25.43,61.68,1.4,0.5
2017-06-09,37.24,25.52,61.43,0.65,0.5
2017-06-10,35.62,26.41,64.99,2.39,0.5
2017-06-11,32.65,24.69,70.68,4.39,0.51
2017-06-12,34.95,25.2,68.9,3.57,0.51
2017-06-13,32.7,25.07,75.75,5.03,0.52
2017-06-14,34.31,24.69,71.62,2.94,0.51
2017-06-15,34.45,24.08,67.25,1.2,0.51
2017-06-16,35.41,23.69,61.22,2.28,0.51
2017-06-17,35.67,24.7,63.71,1.82,0.51
2017-06-18,34.94,24.38,70.08,5.35,0.51
2017-06-19,32.6,23.38,70.13,3.14,0.51
2017-06-20,33.28,22.83,67.82,2.54,0.51
2017-06-21,34.47,23.94,65.66,1.18,0.51
2017-06-22,33.75,24.88,66.32,1.01,0.51
2017-06-23,36.13,25.19,64.11,1.36,0.51
2017-06-24,36.84,24.55,63.42,2.41,0.51
2017-06-25,36.8,25.3,62.07,1.61,0.51
2017-06-26,37.07,25.05,60.48,1.06,0.5
2017-06-27,36.97,24.73,60.76,1.42,0.5
2017-06-28,36.63,25.28,59.09,0.31,0.5
2017-06-29,34.68,25.88,61.78,0.77,0.5
2017-06-30,34.66,25.39,62.58,1.13,0.5
2017-07-01,33.95,25.03,62.54,1.07,0.5
2017-07-02,35.95,25.04,58.97,0.97,0.5
2017-07-03,34.14,24.88,63.92,2.64,0.5
2017-07-04,34.21,24.16,62.96,1.04,0.5
2017-07-05,35.49,24.67,62.21,1.23,0.5
2017-07-06,36.48,24.65,61.34,0.59,0.5
2017-07-07,34.56,25.09,60.69,0.82,0.5
2017-07-08,35.4,24.83,61.67,1.95,0.5
2017-07-09,33.42,24.85,65.56,1.02,0.5
2017-07-10,34.73,25.01,66.83,2.31,0.5
2017-07-11,34.24,24.97,65.2,0.69,0.5
2017-07-12,34.64,23.76,65.27,3.79,0.51
2017-07-13,32.89,23.69,70.63,2.96,0.51
2017-07-14,35.72,23.54,63.12,0.29,0.51
2017-07-15,35.73,25.38,59.82,0.48,0.5
2017-07-16,36.94,25.62,63.47,1.69,0.5
2017-07-17,38.99,25.9,63.0,1.28,0.5
2017-07-18,30.02,25.66,77.33,0.89,0.5
2017-07-19,34.3,25.18,64.71,2.61,0.5
2017-07-20,32.76,23.84,74.81,20.43,0.52
2017-07-21,31.78,24.34,75.35,0.45,0.54
2017-07-22,30.94,23.66,78.59,2.65,0.53
2017-07-23,29.93,23.34,81.17,2.13,0.53
2017-07-24,30.74,23.48,75.86,1.08,0.53
2017-07-25,34.43,23.56,67.38,0.72,0.52
2017-07-26,34.63,24.0,66.75,1.15,0.52
2017-07-27,37.75,24.39,62.06,0.6,0.52
2017-07-28,33.04,26.18,70.29,0.13,0.51
2017-07-29,31.78,25.56,74.43,0.35,0.51
2017-07-30,36.44,24.49,64.17,0.13,0.51
2017-07-31,36.86,25.01,61.72,0.37,0.51
2017-08-01,36.03,25.74,64.25,1.78,0.5
2017-08-02,32.91,24.72,72.53,1.36,0.51
2017-08-03,33.68,24.3,71.12,0.71,0.51
2017-08-04,36.67,24.83,65.53,1.71,0.5
2017-08-05,35.71,24.9,68.64,1.55,0.5
2017-08-06,32.34,24.75,73.4,1.27,0.51
2017-08-07,35.6,24.35,62.59,0.44,0.5
2017-08-08,34.81,24.26,67.3,2.27,0.5
2017-08-09,35.38,24.4,67.25,1.23,0.5
2017-08-10,35.67,23.8,66.48,2.98,0.5
2017-08-11,34.02,23.57,69.67,3.63,0.51
2017-08-12,32.69,23.99,70.44,1.67,0.51
2017-08-13,32.65,24.21,72.49,0.47,0.51
2017-08-14,35.37,23.87,67.17,0.56,0.51
2017-08-15,32.41,24.7,74.64,1.92,0.5
2017-08-16,34.05,23.83,67.33,0.69,0.51
2017-08-17,35.78,23.62,60.9,0.5,0.5
2017-08-18,35.78,25.07,60.41,0.36,0.5
2017-08-19,38.46,25.1,56.17,0.2,0.5
2017-08-20,36.3,25.74,61.77,2.72,0.5
2017-08-21,34.89,25.22,68.61,5.54,0.51
2017-08-22,35.4,24.5,67.8,0.17,0.51
2017-08-23,36.93,24.84,62.09,0.68,0.51
2017-08-24,34.29,25.06,70.84,2.58,0.51
2017-08-25,28.74,24.19,82.71,5.36,0.51
2017-08-26,30.72,23.76,80.14,4.38,0.52
2017-08-27,33.97,23.1,68.78,0.36,0.52
2017-08-28,32.18,24.42,72.64,1.89,0.51
2017-08-29,36.06,23.76,69.36,4.22,0.52
2017-08-30,31.29,24.03,78.85,2.91,0.52
2017-08-31,29.9,24.52,82.65,2.35,0.52
2017-09-01,34.51,23.69,71.91,2.33,0.52
2017-09-02,34.64,23.83,72.48,3.57,0.52
2017-09-03,36.02,24.0,66.57,0.78,0.52
2017-09-04,31.05,24.68,71.98,0.17,0.51
2017-09-05,34.98,24.91,67.3,1.12,0.51
2017-09-06,34.12,24.86,70.18,1.31,0.51
2017-09-07,34.2,24.7,69.81,0.82,0.51
2017-09-08,30.52,23.75,76.88,1.83,0.51
2017-09-09,32.96,23.51,69.71,1.58,0.51
2017-09-10,32.63,23.79,76.38,9.36,0.52
2017-09-11,34.19,23.78,70.68,2.24,0.52
2017-09-12,33.96,23.54,68.74,2.37,0.52
2017-09-13,35.73,23.78,66.94,0.64,0.52
2017-09-14,36.27,24.35,64.52,0.38,0.51
2017-09-15,36.19,25.49,62.64,0.44,0.51
2017-09-16,40.38,25.79,59.89,4.25,0.51
2017-09-17,30.04,25.09,78.36,3.58,0.52
2017-09-18,33.76,24.06,72.69,2.0,0.52
2017-09-19,34.85,24.2,69.04,1.25,0.51
2017-09-20,33.71,24.41,71.04,0.49,0.51
2017-09-21,33.2,24.91,67.98,0.5,0.51
2017-09-22,35.72,24.94,65.5,0.9,0.51
2017-09-23,37.28,24.93,64.69,1.21,0.51
2017-09-24,38.22,25.49,61.56,0.12,0.51
2017-09-25,35.95,25.78,63.58,0.78,0.5
2017-09-26,28.09,24.46,82.73,2.27,0.5
2017-09-27,35.73,23.78,68.34,1.92,0.51
2017-09-28,36.66,23.87,66.08,1.14,0.51
2017-09-29,35.49,24.06,66.44,0.74,0.51
2017-09-30,35.47,25.22,62.46,0.18,0.5
2017-10-01,35.93,25.17,62.24,0.92,0.5
2017-10-02,31.82,25.41,71.11,1.06,0.5
2017-10-03,32.41,24.93,76.28,12.58,0.51
2017-10-04,34.87,24.05,70.16,5.87,0.53
2017-10-05,36.16,24.06,65.87,2.92,0.53
2017-10-06,35.49,23.11,72.12,4.99,0.53
2017-10-07,34.54,22.91,70.59,1.31,0.53
2017-10-08,32.13,24.32,76.0,2.21,0.53
2017-10-09,35.78,24.4,69.77,0.22,0.52
2017-10-10,36.93,23.96,66.78,1.69,0.52
2017-10-11,33.01,25.08,71.25,1.75,0.52
2017-10-12,29.62,24.23,83.2,1.68,0.52
2017-10-13,32.43,23.7,76.73,1.91,0.52
2017-10-14,35.08,23.35,72.05,3.76,0.52
2017-10-15,36.94,23.68,65.38,0.03,0.52
2017-10-16,36.75,25.04,64.1,1.36,0.51
2017-10-17,36.94,23.53,64.22,1.1,0.51
2017-10-18,35.37,23.66,59.78,0.33,0.51
2017-10-19,36.21,22.37,62.66,1.14,0.51
2017-10-20,32.27,23.5,73.2,2.22,0.51
2017-10-21,33.86,22.85,71.51,4.71,0.51
2017-10-22,33.15,23.1,74.73,2.13,0.52
2017-10-23,32.91,22.51,73.33,1.05,0.51
2017-10-24,33.05,21.88,66.43,1.61,0.51
2017-10-25,33.25,20.38,63.65,3.12,0.52
2017-10-26,33.63,20.64,62.15,4.56,0.52
2017-10-27,35.14,19.81,56.18,0.0,0.52
2017-10-28,35.32,20.29,54.75,0.17,0.51
2017-10-29,30.08,22.26,71.89,3.31,0.51
2017-10-30,32.94,20.75,72.31,1.68,0.51
2017-10-31,31.92,18.81,58.73,0.09,0.51
2017-11-01,33.0,18.53,51.48,0.08,0.51
2017-11-02,34.51,19.17,53.52,0.0,0.51
2017-11-03,34.39,21.34,53.31,0.28,0.51
2017-11-04,34.45,21.46,48.7,0.0,0.5
2017-11-05,34.79,18.51,43.68,0.0,0.5
2017-11-06,35.07,19.93,45.13,0.0,0.5
2017-11-07,35.52,19.64,51.1,0.01,0.5
2017-11-08,34.99,20.98,52.95,0.02,0.5
2017-11-09,33.3,22.33,55.16,0.14,0.5
2017-11-10,34.64,22.68,55.42,0.0,0.5
2017-11-11,34.21,23.04,55.66,0.01,0.5
2017-11-12,35.09,22.18,55.26,0.05,0.5
2017-11-13,35.22,22.68,54.07,0.0,0.5
2017-11-14,35.23,21.87,50.15,0.0,0.5
2017-11-15,31.04,22.85,58.89,0.71,0.5
2017-11-16,34.68,22.71,53.81,0.09,0.5
2017-11-17,34.1,23.01,50.0,0.2,0.5
2017-11-18,35.33,22.38,51.74,0.0,0.5
2017-11-19,35.77,22.66,47.23,0.0,0.5
2017-11-20,35.98,22.92,44.99,0.0,0.5
2017-11-21,34.91,22.62,45.1,0.12,0.5
2017-11-22,32.86,23.37,61.52,5.77,0.5
2017-11-23,30.99,21.99,79.37,5.26,0.51
2017-11-24,28.95,21.37,80.42,4.13,0.52
2017-11-25,29.17,20.5,80.65,3.43,0.52
2017-11-26,30.19,20.48,75.27,0.83,0.52
2017-11-27,30.52,18.74,67.58,0.0,0.52
2017-11-28,30.31,17.48,56.74,0.0,0.51
2017-11-29,30.46,15.29,45.53,0.0,0.51
2017-11-30,31.53,15.68,43.09,0.0,0.51
2017-12-01,32.05,15.63,48.84,0.0,0.51
2017-12-02,32.18,16.13,49.93,0.0,0.5
2017-12-03,31.54,15.37,42.69,0.0,0.5
2017-12-04,31.93,14.89,42.61,0.0,0.5
2017-12-05,31.92,15.5,49.15,0.0,0.5
2017-12-06,30.49,15.69,50.41,0.0,0.5
2017-12-07,31.0,18.68,57.18,0.04,0.5
2017-12-08,29.41,21.51,75.8,3.01,0.5
2017-12-09,25.85,21.07,88.59,5.67,0.51
2017-12-10,26.16,20.73,86.41,3.03,0.52
2017-12-11,28.98,20.5,76.79,1.62,0.52
2017-12-12,30.26,19.71,74.09,0.08,0.51
2017-12-13,30.52,18.28,68.02,0.0,0.51
2017-12-14,29.96,15.69,60.75,0.0,0.51
2017-12-15,30.54,13.93,55.93,0.0,0.51
2017-12-16,31.03,13.86,53.63,0.0,0.51
2017-12-17,30.18,15.75,62.94,0.0,0.5
2017-12-18,30.29,17.66,61.84,0.0,0.5
2017-12-19,29.25,17.77,49.19,0.0,0.5
2017-12-20,27.72,14.61,41.32,0.0,0.5
2017-12-21,27.96,11.02,36.42,0.0,0.5
2017-12-22,27.23,11.17,42.14,0.0,0.5
2017-12-23,29.38,12.21,42.18,0.0,0.5
2017-12-24,32.37,13.51,44.41,0.0,0.5
2017-12-25,30.15,15.45,57.44,0.0,0.5
2017-12-26,30.53,15.37,54.05,0.02,0.5
2017-12-27,30.25,17.77,57.37,2.55,0.5
2017-12-28,31.09,15.78,58.29,0.05,0.5
2017-12-29,31.52,17.37,60.78,0.67,0.5
2017-12-30,31.04,18.89,60.0,0.33,0.5
2017-12-31,29.1,20.26,67.11,1.56,0.5
2018-01-01,25.06,19.66,83.84,2.79,0.5
2018-01-02,25.23,18.15,86.23,5.94,0.51
2018-01-03,24.63,18.49,89.33,7.0,0.52
2018-01-04,27.48,16.69,72.69,0.18,0.52
2018-01-05,27.22,15.13,62.16,0.27,0.52
2018-01-06,27.1,15.84,66.1,0.04,0.52
2018-01-07,25.81,14.74,63.19,0.08,0.52
2018-01-08,28.23,13.63,49.31,0.0,0.51
2018-01-09,28.5,11.64,43.3,0.0,0.51
2018-01-10,28.47,12.26,45.01,0.0,0.51
2018-01-11,28.4,11.34,41.15,0.0,0.51
2018-01-12,26.32,14.04,63.94,0.0,0.51
2018-01-13,27.61,16.16,57.4,0.0,0.5
2018-01-14,27.75,14.63,59.05,0.0,0.5
2018-01-15,27.32,15.8,60.28,0.0,0.5
2018-01-16,28.5,14.33,55.43,0.0,0.5
2018-01-17,28.8,13.69,50.2,0.0,0.5
2018-01-18,29.71,13.52,47.42,0.0,0.5
2018-01-19,30.77,13.93,45.29,0.0,0.5
2018-01-20,30.54,14.1,42.32,0.0,0.5
2018-01-21,30.65,13.83,40.94,0.0,0.5
2018-01-22,30.08,13.14,39.56,0.0,0.5
2018-01-23,30.96,13.42,33.06,0.0,0.5
2018-01-24,30.56,12.73,27.83,0.0,0.5
2018-01-25,28.88,14.27,34.44,0.0,0.5
2018-01-26,30.32,12.84,33.54,0.0,0.5
2018-01-27,28.24,12.58,32.06,0.0,0.5
2018-01-28,28.6,11.18,30.9,0.0,0.5
2018-01-29,28.63,9.95,30.06,0.0,0.5
2018-01-30,29.05,10.24,28.63,0.0,0.49
2018-01-31,30.54,11.25,28.93,0.0,0.49
2018-02-01,28.62,11.89,33.5,0.0,0.49
2018-02-02,29.1,13.52,41.09,0.0,0.49
2018-02-03,29.9,13.7,45.69,0.0,0.49
2018-02-04,29.92,14.25,41.08,0.0,0.49
2018-02-05,30.37,14.57,41.45,0.0,0.49
2018-02-06,31.18,15.11,41.04,0.0,0.49
2018-02-07,29.7,15.5,42.56,0.0,0.49
2018-02-08,29.52,15.94,43.42,0.0,0.49
2018-02-09,30.8,15.82,45.59,0.0,0.49
2018-02-10,30.37,17.39,44.05,0.0,0.49
2018-02-11,31.84,17.2,42.74,0.0,0.49
2018-02-12,33.66,19.25,40.3,0.0,0.49
2018-02-13,34.34,18.22,37.26,0.0,0.49
2018-02-14,33.7,20.17,35.19,0.0,0.49
2018-02-15,32.81,18.63,34.44,0.0,0.49
2018-02-16,33.42,15.6,34.43,0.0,0.49
2018-02-17,32.94,15.51,28.7,0.0,0.49
2018-02-18,31.83,16.68,28.0,0.0,0.49
2018-02-19,33.28,16.53,25.19,0.0,0.49
2018-02-20,33.89,14.98,24.52,0.0,0.49
2018-02-21,33.92,14.44,19.06,0.0,0.49
2018-02-22,32.92,14.68,24.66,0.0,0.49
2018-02-23,32.91,16.1,26.43,0.01,0.49
2018-02-24,33.56,16.4,30.51,0.0,0.49
2018-02-25,35.33,17.59,34.23,0.24,0.49
2018-02-26,35.08,18.03,31.74,0.46,0.49
2018-02-27,33.62,18.12,34.34,0.0,0.49
2018-02-28,33.53,17.58,36.42,0.0,0.49
2018-03-01,34.59,18.07,33.3,0.0,0.49
2018-03-02,34.48,17.96,32.34,0.0,0.49
2018-03-03,33.94,18.02,35.17,0.01,0.49
2018-03-04,34.57,18.08,35.68,0.0,0.49
2018-03-05,36.36,19.69,30.36,0.0,0.49
2018-03-06,36.48,20.1,29.34,0.01,0.49
2018-03-07,35.8,20.69,30.98,0.0,0.49
2018-03-08,37.12,18.82,28.78,0.0,0.49
2018-03-09,36.82,18.37,28.29,0.53,0.49
2018-03-10,34.99,18.95,32.28,1.2,0.49
2018-03-11,33.78,18.51,28.39,0.08,0.49
2018-03-12,34.27,17.27,30.47,0.62,0.49
2018-03-13,34.09,18.34,30.97,0.23,0.49
2018-03-14,34.7,19.66,37.67,0.05,0.49
2018-03-15,35.43,20.18,35.05,0.41,0.49
2018-03-16,35.03,20.25,35.22,0.0,0.49
2018-03-17,33.87,21.42,38.68,0.17,0.49
2018-03-18,34.4,20.3,37.2,0.27,0.49
2018-03-19,35.61,20.95,32.25,0.0,0.49
2018-03-20,36.85,18.13,26.55,0.0,0.49
2018-03-21,36.41,19.54,26.14,0.0,0.49
2018-03-22,36.77,21.09,32.67,0.17,0.49
2018-03-23,36.64,21.73,36.44,0.51,0.49
2018-03-24,36.56,21.93,35.82,0.0,0.49
2018-03-25,36.48,23.28,34.75,0.01,0.49
2018-03-26,36.89,22.86,39.73,1.84,0.49
2018-03-27,35.31,21.95,47.97,1.81,0.49
2018-03-28,35.87,22.37,41.84,0.0,0.5
2018-03-29,36.51,21.89,37.04,0.01,0.5
2018-03-30,37.12,23.0,36.14,0.05,0.49
2018-03-31,37.97,22.83,34.96,1.06,0.5
2018-04-01,37.17,22.6,31.72,0.01,0.49
2018-04-02,37.33,24.8,36.27,0.06,0.49
2018-04-03,36.53,24.23,44.3,0.81,0.49
2018-04-04,36.99,23.59,37.67,0.15,0.49
2018-04-05,37.21,22.6,36.38,0.34,0.49
2018-04-06,36.48,22.58,39.7,0.93,0.49
2018-04-07,36.69,22.78,42.06,0.02,0.49
2018-04-08,28.93,20.92,50.28,0.78,0.5
2018-04-09,35.61,22.43,42.93,0.04,0.5
2018-04-10,36.82,24.1,40.04,0.69,0.5
2018-04-11,37.85,23.11,38.69,0.05,0.49
2018-04-12,38.43,22.81,36.3,0.24,0.49
2018-04-13,37.13,24.91,38.42,0.06,0.49
2018-04-14,39.37,24.74,34.19,0.11,0.49
2018-04-15,37.53,25.05,34.09,0.14,0.49
2018-04-16,39.68,27.29,32.85,0.25,0.49
2018-04-17,39.05,24.97,35.95,1.09,0.49
2018-04-18,37.28,23.68,44.15,4.09,0.49
2018-04-19,36.29,24.43,50.09,0.5,0.5
2018-04-20,36.88,23.12,49.46,0.4,0.5
2018-04-21,38.1,24.06,48.5,0.18,0.5
2018-04-22,39.42,25.17,43.56,0.09,0.5
2018-04-23,39.24,25.93,42.33,0.02,0.5
2018-04-24,39.64,26.92,35.39,0.01,0.49
2018-04-25,39.07,26.34,36.13,0.05,0.49
2018-04-26,38.74,25.33,39.03,0.1,0.49
2018-04-27,38.13,24.52,36.8,0.29,0.49
2018-04-28,37.63,26.14,41.94,1.18,0.49
2018-04-29,36.41,25.56,44.48,4.19,0.5
2018-04-30,36.71,24.76,48.38,0.11,0.5
2018-05-01,38.53,24.8,42.94,2.07,0.5
2018-05-02,30.3,25.05,67.87,3.06,0.5
2018-05-03,33.05,23.84,63.14,0.67,0.5
2018-05-04,34.87,25.26,54.82,1.6,0.5
2018-05-05,36.46,23.6,54.6,3.58,0.5
2018-05-06,37.99,23.92,57.93,5.77,0.51
2018-05-07,38.31,24.33,54.94,0.46,0.51
2018-05-08,39.1,26.28,51.59,0.33,0.51
2018-05-09,31.78,26.11,63.0,1.78,0.5
2018-05-10,37.46,24.73,50.82,0.7,0.5
2018-05-11,34.86,25.31,52.48,1.01,0.5
2018-05-12,32.63,24.47,60.89,1.86,0.5
2018-05-13,32.07,22.95,65.94,1.0,0.5
2018-05-14,33.78,23.19,58.81,0.1,0.5
2018-05-15,35.9,23.35,49.23,0.23,0.5
2018-05-16,37.43,24.81,47.12,0.2,0.5
2018-05-17,37.54,24.26,45.65,0.15,0.5
2018-05-18,37.99,25.29,45.66,0.08,0.5
2018-05-19,37.96,24.74,46.14,0.12,0.5
2018-05-20,37.69,25.33,47.29,0.71,0.5
2018-05-21,38.96,26.04,45.29,0.19,0.49
2018-05-22,39.35,26.53,44.46,0.07,0.49
2018-05-23,38.47,27.53,44.94,1.69,0.49
2018-05-24,37.47,25.74,51.93,1.4,0.5
2018-05-25,38.79,25.61,52.53,0.36,0.5
2018-05-26,36.7,25.94,59.11,2.85,0.5
2018-05-27,34.81,25.94,63.64,1.52,0.5
2018-05-28,34.86,24.71,66.86,2.71,0.5
2018-05-29,32.5,24.95,75.03,6.07,0.51
2018-05-30,31.77,24.35,68.65,5.66,0.52
2018-05-31,32.22,24.61,71.7,0.41,0.52
2018-06-01,36.02,23.69,62.77,2.05,0.51
2018-06-02,36.1,24.9,59.88,0.77,0.51
2018-06-03,36.32,25.06,59.86,5.53,0.51
2018-06-04,37.15,24.07,62.53,4.9,0.52
2018-06-05,33.05,25.46,73.15,4.48,0.52
2018-06-06,33.36,25.65,67.18,0.79,0.52
2018-06-07,35.04,25.38,63.98,0.24,0.51
2018-06-08,34.07,25.96,67.43,1.68,0.51
2018-06-09,35.3,25.24,67.8,2.37,0.51
2018-06-10,32.19,24.87,71.0,8.64,0.52
2018-06-11,30.91,24.51,78.19,10.81,0.53
2018-06-12,30.56,23.83,74.36,3.66,0.54
2018-06-13,31.14,23.8,74.96,4.5,0.54
2018-06-14,31.5,24.2,77.79,1.7,0.53
2018-06-15,34.68,24.59,68.75,0.32,0.53
2018-06-16,36.14,23.38,62.11,0.37,0.52
2018-06-17,37.64,24.2,60.5,0.67,0.52
2018-06-18,35.4,24.9,69.99,7.13,0.52
2018-06-19,36.17,24.97,64.49,0.24,0.52
2018-06-20,33.78,25.28,67.36,0.64,0.52
2018-06-21,34.67,24.6,71.47,3.29,0.52
2018-06-22,33.69,24.3,72.98,2.81,0.52
2018-06-23,32.77,24.73,70.76,0.7,0.52
2018-06-24,34.03,24.38,69.36,1.58,0.51
2018-06-25,33.99,23.41,68.75,2.71,0.51
2018-06-26,34.15,22.92,66.02,4.52,0.52
2018-06-27,32.92,23.65,68.77,1.41,0.52
2018-06-28,34.93,22.83,66.96,1.57,0.51
2018-06-29,36.07,23.34,62.9,0.58,0.51
2018-06-30,35.2,24.36,65.46,1.22,0.51
2018-07-01,34.13,24.61,65.96,0.58,0.51
2018-07-02,34.24,24.19,63.87,0.64,0.51
2018-07-03,32.39,24.7,68.15,2.28,0.51
2018-07-04,33.75,23.79,68.93,2.92,0.51
2018-07-05,36.42,23.94,61.31,0.19,0.51
2018-07-06,37.33,24.45,64.06,3.28,0.51
2018-07-07,35.77,24.73,66.98,1.32,0.51
2018-07-08,32.97,24.66,71.25,1.43,0.51
2018-07-09,35.09,23.98,65.99,0.92,0.51
2018-07-10,32.24,24.93,70.63,0.88,0.51
2018-07-11,36.13,24.61,66.61,1.09,0.51
2018-07-12,37.0,25.05,61.09,0.59,0.5
2018-07-13,37.67,25.59,58.8,0.43,0.5
2018-07-14,36.78,26.09,59.9,0.41,0.5
2018-07-15,36.03,25.83,61.69,0.21,0.5
2018-07-16,35.89,24.72,64.89,1.01,0.5
2018-07-17,36.59,24.85,61.73,1.54,0.5
2018-07-18,38.42,26.11,57.26,0.24,0.5
2018-07-19,39.34,27.83,52.69,1.06,0.5
2018-07-20,36.45,27.24,60.19,0.55,0.5
2018-07-21,32.44,25.65,71.43,0.55,0.5
2018-07-22,33.16,24.65,72.09,2.14,0.5
2018-07-23,34.95,24.19,69.82,3.46,0.5
2018-07-24,29.41,23.92,79.23,3.09,0.51
2018-07-25,31.59,23.07,75.1,1.36,0.51
2018-07-26,34.44,23.61,70.85,2.36,0.51
2018-07-27,30.05,23.93,79.27,2.33,0.51
2018-07-28,33.91,23.82,70.27,1.13,0.51
2018-07-29,33.85,24.03,70.79,1.91,0.51
2018-07-30,33.08,23.58,70.39,2.14,0.51
2018-07-31,31.24,23.54,75.1,2.05,0.51
2018-08-01,33.81,23.65,68.23,1.21,0.51
2018-08-02,34.5,23.79,64.74,0.31,0.51
2018-08-03,34.76,22.91,65.51,1.39,0.51
2018-08-04,30.74,24.0,74.75,2.81,0.51
2018-08-05,35.45,23.96,68.99,1.51,0.51
2018-08-06,36.79,24.26,64.07,1.19,0.51
2018-08-07,36.14,24.91,60.35,0.37,0.5
2018-08-08,32.55,25.21,68.17,0.25,0.5
2018-08-09,36.23,24.45,58.2,0.25,0.5
2018-08-10,35.06,25.52,63.56,0.48,0.5
2018-08-11,34.66,24.4,67.87,2.24,0.5
2018-08-12,34.08,23.97,67.5,1.43,0.5
2018-08-13,36.19,25.34,65.97,1.98,0.5
2018-08-14,34.2,25.21,69.09,2.73,0.5
2018-08-15,34.64,25.1,70.04,1.25,0.51
2018-08-16,34.74,24.7,69.05,1.53,0.51
2018-08-17,32.08,25.06,77.73,3.56,0.51
2018-08-18,34.88,25.12,67.59,0.7,0.51
2018-08-19,36.24,24.76,62.31,0.56,0.51
2018-08-20,36.66,24.06,61.16,0.73,0.5
2018-08-21,31.66,24.56,77.86,16.02,0.52
2018-08-22,32.62,24.31,77.41,7.55,0.54
2018-08-23,32.22,23.83,78.54,1.22,0.54
2018-08-24,33.81,24.31,71.47,1.03,0.53
2018-08-25,33.72,24.37,73.31,3.04,0.53
2018-08-26,35.33,23.58,68.97,1.53,0.52
2018-08-27,34.71,24.38,69.51,0.41,0.52
2018-08-28,35.21,24.22,67.65,0.4,0.52
2018-08-29,34.63,23.71,68.41,2.14,0.51
2018-08-30,34.72,23.75,66.52,1.12,0.51
2018-08-31,31.24,23.86,77.93,6.1,0.51
2018-09-01,29.15,23.34,80.07,1.92,0.52
2018-09-02,33.53,23.15,71.15,0.38,0.52
2018-09-03,29.13,23.69,79.96,3.27,0.52
2018-09-04,32.39,24.12,76.09,1.33,0.52
2018-09-05,34.95,24.13,66.26,0.45,0.52
2018-09-06,35.63,22.6,65.82,0.2,0.51
2018-09-07,33.42,24.24,64.65,0.28,0.51
2018-09-08,32.97,24.36,64.34,0.42,0.51
2018-09-09,32.84,24.26,67.03,0.82,0.51
2018-09-10,35.15,24.7,64.99,1.15,0.51
2018-09-11,32.62,24.32,71.46,1.29,0.51
2018-09-12,33.94,24.23,66.57,2.18,0.51
2018-09-13,35.83,23.82,64.64,1.29,0.51
2018-09-14,33.63,24.85,67.89,0.86,0.51
2018-09-15,38.35,23.83,59.0,0.33,0.51
2018-09-16,39.78,25.55,52.09,0.48,0.5
2018-09-17,38.05,25.68,59.03,1.66,0.5
2018-09-18,35.08,25.83,67.9,3.43,0.51
2018-09-19,36.67,24.95,67.88,4.02,0.51
2018-09-20,36.06,24.04,65.75,0.62,0.51
2018-09-21,35.64,23.92,61.26,0.13,0.51
2018-09-22,37.15,24.79,58.15,0.52,0.51
2018-09-23,35.08,25.66,63.1,1.78,0.51
2018-09-24,36.15,24.99,59.66,1.48,0.51
2018-09-25,36.17,24.29,61.94,0.74,0.51
2018-09-26,37.28,24.97,57.02,0.04,0.5
2018-09-27,35.58,25.39,59.22,0.18,0.5
2018-09-28,35.58,26.02,59.77,0.41,0.5
2018-09-29,33.84,26.72,60.72,0.09,0.5
2018-09-30,36.53,25.76,56.74,0.53,0.5
2018-10-01,33.01,25.6,65.19,4.63,0.5
2018-10-02,30.82,23.66,76.67,3.09,0.51
2018-10-03,29.94,23.25,79.67,1.2,0.51
2018-10-04,32.24,23.74,70.95,1.11,0.51
2018-10-05,31.84,24.25,67.72,0.05,0.51
2018-10-06,33.56,24.1,63.09,0.53,0.51
2018-10-07,35.83,23.68,61.58,1.62,0.51
2018-10-08,33.58,23.28,70.8,5.77,0.51
2018-10-09,27.14,22.54,84.73,6.57,0.52
2018-10-10,29.4,22.2,79.08,2.28,0.52
2018-10-11,28.68,22.28,82.18,4.55,0.52
2018-10-12,26.99,21.94,84.11,4.85,0.53
2018-10-13,29.19,21.86,81.58,7.64,0.54
2018-10-14,31.24,21.76,76.5,0.44,0.54
2018-10-15,31.17,21.54,71.7,0.22,0.53
2018-10-16,33.51,21.8,67.47,0.0,0.53
2018-10-17,33.97,22.57,66.74,0.0,0.52
2018-10-18,33.05,21.63,66.38,1.04,0.52
2018-10-19,34.2,19.73,59.24,0.0,0.52
2018-10-20,35.88,20.22,51.39,0.01,0.51
2018-10-21,35.73,21.45,57.18,1.05,0.51
2018-10-22,33.84,23.23,67.51,0.71,0.51
2018-10-23,33.43,21.72,68.72,1.07,0.51
2018-10-24,33.34,22.79,67.59,0.29,0.51
2018-10-25,32.92,23.62,69.2,0.26,0.51
2018-10-26,34.08,23.05,63.09,0.19,0.51
2018-10-27,34.66,23.49,61.18,0.98,0.5
2018-10-28,33.3,23.27,57.94,0.29,0.5
2018-10-29,33.49,21.93,59.34,0.41,0.5
2018-10-30,28.12,22.58,70.84,1.1,0.5
2018-10-31,30.14,21.22,64.11,0.37,0.5
2018-11-01,32.98,20.45,53.29,0.02,0.5
2018-11-02,33.98,18.95,48.58,0.05,0.5
2018-11-03,33.23,19.32,52.15,0.0,0.5
2018-11-04,33.4,20.19,54.75,0.0,0.5
2018-11-05,33.66,20.49,52.9,0.03,0.5
2018-11-06,34.37,19.94,50.36,0.0,0.5
2018-11-07,33.81,19.78,49.21,0.0,0.5
2018-11-08,33.82,20.31,49.81,0.07,0.5
2018-11-09,33.23,18.94,48.29,0.81,0.5
2018-11-10,32.12,18.54,51.19,0.98,0.5
2018-11-11,31.13,21.79,67.87,0.11,0.5
2018-11-12,31.07,21.92,69.47,0.5,0.5
2018-11-13,32.43,22.12,62.84,0.01,0.5
2018-11-14,32.4,21.67,62.13,0.23,0.5
2018-11-15,32.88,22.67,60.05,0.26,0.5
2018-11-16,34.0,20.84,49.08,0.0,0.5
2018-11-17,32.92,19.74,45.89,0.0,0.5
2018-11-18,33.21,18.92,41.35,0.0,0.5
2018-11-19,32.76,18.72,39.27,0.0,0.5
2018-11-20,32.75,17.67,38.92,0.0,0.5
2018-11-21,33.24,17.55,40.63,0.0,0.5
2018-11-22,33.59,17.57,42.3,0.0,0.5
2018-11-23,31.87,17.06,40.81,0.0,0.5
2018-11-24,32.2,16.61,42.13,0.0,0.5
2018-11-25,33.46,17.4,40.23,0.0,0.5
2018-11-26,32.61,17.39,47.35,0.0,0.5
2018-11-27,32.67,17.45,47.73,0.0,0.49
2018-11-28,33.24,17.02,42.99,0.0,0.49
2018-11-29,31.24,16.04,43.41,0.0,0.49
2018-11-30,31.57,16.66,46.54,0.0,0.49
2018-12-01,31.78,16.87,47.61,0.0,0.49
2018-12-02,30.64,18.54,58.22,0.0,0.49
2018-12-03,31.26,20.37,54.31,0.01,0.49
2018-12-04,31.53,20.15,54.3,0.0,0.49
2018-12-05,32.14,17.84,44.55,0.0,0.49
2018-12-06,31.71,16.99,38.99,0.0,0.49
2018-12-07,30.13,19.09,43.15,0.01,0.49
2018-12-08,30.66,18.11,52.99,0.89,0.49
2018-12-09,30.5,19.38,60.72,0.23,0.5
2018-12-10,30.34,19.04,57.38,0.02,0.5
2018-12-11,29.25,19.56,74.6,3.63,0.5
2018-12-12,31.47,20.23,66.2,0.18,0.5
2018-12-13,32.51,18.0,59.22,1.56,0.5
2018-12-14,27.24,19.81,67.24,0.12,0.5
2018-12-15,32.06,20.04,56.38,0.0,0.5
2018-12-16,34.02,20.72,50.86,0.03,0.5
2018-12-17,33.99,19.93,53.73,0.63,0.5
2018-12-18,30.8,20.68,66.41,4.03,0.5
2018-12-19,25.42,19.73,81.66,6.62,0.51
2018-12-20,30.11,18.64,66.89,0.01,0.51
2018-12-21,30.58,16.32,53.08,0.0,0.51
2018-12-22,30.85,17.34,52.05,0.0,0.51
2018-12-23,31.72,15.89,52.57,0.0,0.51
2018-12-24,30.73,15.93,46.8,0.0,0.5
2018-12-25,29.04,14.79,43.06,0.0,0.5
2018-12-26,28.79,13.35,43.68,0.0,0.5
2018-12-27,29.34,13.47,44.23,0.0,0.5
2018-12-28,29.2,14.44,48.36,0.09,0.5
2018-12-29,26.82,14.1,58.51,1.37,0.5
2018-12-30,29.75,14.41,56.0,1.71,0.5
2018-12-31,27.29,15.26,55.89,1.36,0.5
2019-01-01,28.78,15.24,60.89,0.03,0.5
2019-01-02,29.52,15.42,54.56,0.0,0.5
2019-01-03,29.23,15.45,54.28,0.0,0.5
2019-01-04,29.43,14.41,50.44,0.0,0.5
2019-01-05,31.32,14.78,45.29,0.01,0.5
2019-01-06,31.04,15.21,50.67,0.66,0.5
2019-01-07,29.05,17.36,64.97,16.83,0.51
2019-01-08,23.42,18.21,87.41,12.03,0.54
2019-01-09,27.71,16.29,68.53,0.47,0.55
2019-01-10,27.16,14.43,63.58,0.03,0.54
2019-01-11,28.29,13.76,58.59,0.0,0.53
2019-01-12,29.01,14.34,58.34,0.02,0.53
2019-01-13,28.93,14.63,57.37,0.0,0.52
2019-01-14,29.33,14.79,55.33,0.0,0.52
2019-01-15,28.93,15.07,50.26,0.0,0.52
2019-01-16,29.2,12.08,50.25,0.0,0.51
2019-01-17,29.57,12.62,48.69,0.0,0.51
2019-01-18,29.43,13.62,51.34,0.1,0.51
2019-01-19,28.58,14.97,46.72,0.0,0.51
2019-01-20,29.09,12.99,44.78,0.0,0.51
2019-01-21,29.96,13.15,39.52,0.0,0.5
2019-01-22,30.92,13.6,38.06,0.0,0.5
2019-01-23,31.07,13.56,37.99,0.0,0.5
2019-01-24,31.54,13.47,34.27,0.0,0.5
2019-01-25,32.05,13.57,35.81,0.0,0.5
2019-01-26,32.6,14.3,40.16,0.0,0.5
2019-01-27,31.61,15.6,43.79,0.0,0.5
2019-01-28,30.95,16.15,43.73,0.0,0.5
2019-01-29,30.83,16.43,47.01,0.24,0.5
2019-01-30,29.59,15.33,43.4,0.0,0.5
2019-01-31,31.34,12.97,39.82,0.0,0.5
2019-02-01,31.94,13.57,37.29,0.0,0.5
2019-02-02,31.77,14.52,29.83,0.0,0.5
2019-02-03,30.97,14.89,35.12,0.0,0.5
2019-02-04,32.31,14.98,33.2,0.0,0.5
2019-02-05,33.57,13.91,31.18,0.0,0.5
2019-02-06,31.62,14.28,27.61,0.0,0.5
2019-02-07,32.51,13.37,22.0,0.0,0.5
2019-02-08,33.79,14.17,20.64,0.0,0.49
2019-02-09,34.33,16.41,21.31,0.0,0.49
2019-02-10,32.94,17.06,32.94,0.0,0.49
2019-02-11,33.89,17.03,38.68,0.0,0.49
2019-02-12,34.36,17.64,31.49,0.0,0.49
2019-02-13,33.56,16.62,24.04,0.0,0.49
2019-02-14,34.58,15.81,21.3,0.0,0.49
2019-02-15,35.23,16.34,21.21,0.0,0.49
2019-02-16,34.01,17.35,27.29,0.6,0.49
2019-02-17,31.02,16.68,37.6,1.63,0.49
2019-02-18,28.75,15.9,47.27,0.0,0.5
2019-02-19,30.15,15.24,46.7,0.0,0.5
2019-02-20,32.45,15.98,37.7,0.0,0.5
2019-02-21,32.33,15.97,37.7,0.0,0.5
2019-02-22,31.45,16.57,37.73,0.0,0.5
2019-02-23,33.77,17.6,34.2,0.0,0.49
2019-02-24,34.98,21.19,28.86,0.0,0.49
2019-02-25,32.35,19.26,41.27,2.52,0.5
2019-02-26,30.77,19.42,47.14,1.18,0.5
2019-02-27,32.39,19.69,48.7,0.89,0.5
2019-02-28,32.95,17.14,46.21,1.22,0.5
2019-03-01,31.46,16.7,45.86,0.0,0.5
2019-03-02,32.39,16.87,41.56,0.0,0.5
2019-03-03,32.88,15.23,32.74,0.0,0.5
2019-03-04,33.14,17.57,29.85,0.03,0.5
2019-03-05,33.14,19.14,42.72,5.3,0.5
2019-03-06,30.31,18.14,58.32,1.12,0.5
2019-03-07,31.22,19.77,60.91,0.09,0.5
2019-03-08,32.05,19.26,58.11,1.01,0.5
2019-03-09,30.07,16.68,40.68,0.0,0.5
2019-03-10,31.29,15.25,31.1,0.0,0.5
2019-03-11,32.69,16.87,36.51,0.0,0.5
2019-03-12,33.31,18.19,35.75,0.0,0.5
2019-03-13,35.16,18.76,27.63,0.0,0.5
2019-03-14,35.43,17.9,30.1,0.0,0.5
2019-03-15,37.65,19.53,31.04,0.0,0.49
2019-03-16,37.69,21.93,31.73,0.0,0.49
2019-03-17,36.92,22.25,31.38,0.2,0.49
2019-03-18,35.92,20.98,38.07,3.23,0.5
2019-03-19,34.54,19.87,39.4,0.27,0.5
2019-03-20,33.69,19.43,43.21,0.31,0.5
2019-03-21,34.77,20.16,38.56,0.0,0.5
2019-03-22,35.72,21.7,30.65,0.14,0.5
2019-03-23,36.63,20.6,28.12,0.0,0.49
2019-03-24,36.2,22.09,30.57,0.0,0.49
2019-03-25,37.59,19.94,29.77,0.0,0.49
2019-03-26,37.33,21.01,27.54,0.0,0.49
2019-03-27,35.91,18.96,30.57,2.58,0.5
2019-03-28,33.52,20.35,39.99,0.12,0.5
2019-03-29,36.77,18.85,34.09,0.0,0.5
2019-03-30,37.29,20.94,30.37,0.0,0.49
2019-03-31,36.6,21.0,33.85,0.48,0.49
2019-04-01,36.9,22.2,40.6,0.24,0.49
2019-04-02,36.9,22.81,39.0,3.76,0.5
2019-04-03,36.04,24.09,41.49,0.19,0.5
2019-04-04,36.49,20.86,35.12,0.01,0.5
2019-04-05,37.12,22.48,33.26,0.0,0.5
2019-04-06,36.55,23.82,35.55,0.08,0.5
2019-04-07,37.09,24.52,39.56,2.08,0.5
2019-04-08,36.08,22.55,45.8,3.63,0.5
2019-04-09,36.24,24.02,44.47,0.95,0.5
2019-04-10,36.78,22.76,37.42,0.0,0.5
2019-04-11,36.76,22.63,38.96,0.0,0.5
2019-04-12,39.02,23.84,35.78,0.0,0.5
2019-04-13,39.58,25.3,35.24,0.01,0.5
2019-04-14,39.47,25.26,35.34,0.02,0.49
2019-04-15,39.92,25.6,33.78,0.07,0.49
2019-04-16,41.56,26.01,28.35,0.16,0.49
2019-04-17,41.51,25.47,26.98,0.0,0.49
2019-04-18,41.54,27.54,30.19,0.0,0.49
2019-04-19,40.45,28.17,29.73,0.0,0.49
2019-04-20,39.57,26.26,28.17,0.1,0.49
2019-04-21,38.74,26.82,26.39,0.01,0.49
2019-04-22,40.5,25.26,23.53,0.0,0.49
2019-04-23,39.93,25.99,27.28,0.06,0.49
2019-04-24,40.45,27.35,27.05,0.0,0.49
2019-04-25,40.71,26.31,25.45,0.0,0.49
2019-04-26,40.67,25.68,28.41,0.0,0.49
2019-04-27,41.1,24.33,29.71,0.69,0.49
2019-04-28,40.76,26.91,32.84,0.13,0.49
2019-04-29,40.47,27.28,34.11,0.19,0.49
2019-04-30,40.84,25.9,35.58,0.87,0.49
2019-05-01,39.95,25.89,40.54,1.31,0.49
2019-05-02,39.61,26.11,43.93,0.0,0.49
2019-05-03,39.86,27.42,42.55,0.3,0.49
2019-05-04,40.01,27.36,45.2,0.28,0.49
2019-05-05,40.03,26.83,45.25,0.08,0.49
2019-05-06,40.78,26.68,30.93,0.0,0.49
2019-05-07,40.88,27.5,30.65,0.0,0.49
2019-05-08,41.69,27.21,25.83,0.0,0.49
2019-05-09,41.48,27.04,23.82,0.0,0.49
2019-05-10,42.18,27.68,35.09,0.0,0.49
2019-05-11,40.67,27.61,39.17,0.11,0.49
2019-05-12,39.59,27.53,47.41,1.77,0.49
2019-05-13,34.48,28.06,55.6,0.05,0.49
2019-05-14,37.45,26.8,55.33,1.93,0.5
2019-05-15,38.24,26.72,51.65,0.09,0.5
2019-05-16,39.11,26.36,50.78,5.14,0.5
2019-05-17,38.98,27.76,44.73,0.02,0.5
2019-05-18,40.48,26.04,42.34,0.01,0.5
2019-05-19,41.37,26.2,38.55,0.02,0.5
2019-05-20,39.6,27.51,43.28,0.0,0.5
2019-05-21,38.3,29.08,42.67,0.02,0.49
2019-05-22,36.82,27.74,54.71,2.71,0.5
2019-05-23,36.59,25.8,59.26,0.61,0.5
2019-05-24,35.27,25.61,64.78,3.34,0.5
2019-05-25,35.63,25.01,62.55,3.33,0.5
2019-05-26,36.6,25.36,61.72,0.58,0.5
2019-05-27,39.48,26.3,52.97,0.01,0.5
2019-05-28,40.74,26.36,48.31,0.16,0.5
2019-05-29,38.49,26.78,57.41,2.96,0.5
2019-05-30,34.25,25.91,64.22,2.49,0.5
2019-05-31,37.5,25.52,56.66,0.45,0.5
2019-06-01,36.62,25.55,52.98,0.19,0.5
2019-06-02,35.78,26.17,53.11,0.45,0.5
2019-06-03,36.45,25.67,60.15,1.7,0.5
2019-06-04,37.79,25.65,55.35,0.52,0.5
2019-06-05,36.13,25.36,58.22,3.22,0.5
2019-06-06,36.5,25.75,54.96,0.93,0.5
2019-06-07,37.93,25.24,51.52,0.23,0.5
2019-06-08,39.06,26.51,51.02,0.13,0.5
2019-06-09,37.38,26.6,55.33,0.84,0.5
2019-06-10,34.32,26.44,61.67,1.67,0.5
2019-06-11,35.82,25.12,61.75,2.66,0.5
2019-06-12,39.12,25.85,56.01,0.27,0.5
2019-06-13,36.28,26.07,59.49,0.59,0.5
2019-06-14,37.98,25.6,55.7,1.23,0.5
2019-06-15,35.79,25.57,62.81,3.23,0.5
2019-06-16,35.24,25.49,64.12,1.16,0.5
2019-06-17,38.32,25.86,58.24,6.39,0.5
2019-06-18,35.16,25.02,78.07,34.54,0.56
2019-06-19,34.47,24.36,71.73,2.91,0.56
2019-06-20,36.26,25.04,64.9,0.67,0.55
2019-06-21,36.37,25.38,65.48,0.8,0.54
2019-06-22,37.65,25.62,61.4,0.47,0.53
2019-06-23,36.49,25.41,64.75,9.88,0.53
2019-06-24,34.35,26.14,70.92,1.32,0.53
2019-06-25,34.74,25.69,68.18,2.21,0.53
2019-06-26,33.25,25.05,68.31,4.84,0.53
2019-06-27,34.46,24.11,66.24,1.88,0.53
2019-06-28,35.3,24.34,62.72,0.26,0.52
2019-06-29,35.21,25.4,60.9,0.56,0.52
2019-06-30,36.94,24.59,65.37,2.84,0.52
2019-07-01,31.33,25.92,71.31,0.84,0.52
2019-07-02,35.07,24.18,62.51,0.55,0.51
2019-07-03,34.24,24.62,62.35,0.48,0.51
2019-07-04,35.4,25.34,62.71,1.0,0.51
2019-07-05,34.23,24.46,69.2,3.13,0.51
2019-07-06,35.51,24.21,65.67,1.32,0.51
2019-07-07,36.5,24.32,63.5,0.42,0.51
2019-07-08,35.52,24.76,64.05,1.21,0.51
2019-07-09,33.57,24.85,67.13,1.94,0.51
2019-07-10,35.02,24.47,64.39,0.82,0.51
2019-07-11,33.03,24.79,66.78,2.28,0.51
2019-07-12,31.62,23.84,72.4,2.64,0.51
2019-07-13,33.09,23.7,70.57,1.76,0.51
2019-07-14,33.79,24.19,69.44,2.12,0.51
2019-07-15,35.85,24.12,64.35,0.07,0.51
2019-07-16,36.33,24.84,60.76,0.26,0.5
2019-07-17,37.65,24.93,55.74,0.27,0.5
2019-07-18,35.59,25.85,57.22,0.15,0.5
2019-07-19,37.25,26.52,55.79,0.03,0.5
2019-07-20,36.24,26.6,59.46,0.48,0.5
2019-07-21,30.32,25.96,69.89,1.4,0.5
2019-07-22,32.11,24.94,68.28,1.5,0.5
2019-07-23,33.27,24.14,67.94,4.32,0.5
2019-07-24,30.28,24.45,77.78,2.06,0.51
2019-07-25,34.32,24.11,71.84,5.55,0.51
2019-07-26,32.2,23.31,70.46,2.86,0.52
2019-07-27,31.35,23.66,69.75,1.82,0.51
2019-07-28,34.89,23.59,65.37,0.46,0.51
2019-07-29,35.1,24.11,65.86,0.37,0.51
2019-07-30,31.06,24.6,73.55,0.97,0.51
2019-07-31,31.09,23.86,76.37,1.86,0.51
2019-08-01,33.68,23.65,70.2,0.69,0.51
2019-08-02,35.88,23.58,67.56,0.77,0.51
2019-08-03,35.93,23.96,65.41,0.84,0.51
2019-08-04,33.96,24.8,70.22,1.1,0.5
2019-08-05,36.36,24.49,64.88,1.14,0.5
2019-08-06,37.27,25.17,61.46,0.35,0.5
2019-08-07,33.85,25.23,66.49,1.03,0.5
2019-08-08,36.33,24.15,65.11,1.14,0.5
2019-08-09,36.89,23.94,65.73,3.76,0.51
2019-08-10,35.0,25.02,73.28,5.56,0.51
2019-08-11,37.74,25.73,69.23,2.47,0.51
2019-08-12,31.15,24.83,78.16,7.82,0.52
2019-08-13,33.71,23.75,72.65,5.13,0.52
2019-08-14,32.01,24.03,77.36,6.04,0.53
2019-08-15,35.69,24.13,70.96,3.96,0.53
2019-08-16,30.21,25.01,80.35,2.63,0.53
2019-08-17,32.1,23.52,75.36,2.28,0.53
2019-08-18,34.48,22.01,66.44,1.12,0.53
2019-08-19,33.51,24.07,73.82,2.29,0.52
2019-08-20,34.03,24.53,73.74,1.29,0.52
2019-08-21,34.58,24.84,74.56,4.35,0.52
2019-08-22,34.16,24.3,68.82,3.89,0.52
2019-08-23,28.73,23.69,82.19,13.35,0.54
2019-08-24,34.52,22.84,72.06,1.97,0.54
2019-08-25,35.63,24.79,67.73,0.3,0.54
2019-08-26,36.09,24.13,67.17,0.25,0.53
2019-08-27,34.33,25.11,73.28,1.6,0.53
2019-08-28,37.09,25.09,65.15,0.34,0.52
2019-08-29,36.51,25.07,67.41,0.32,0.52
2019-08-30,32.96,25.22,74.05,2.45,0.52
2019-08-31,38.38,24.99,64.2,1.04,0.52
2019-09-01,35.64,25.25,71.76,1.57,0.52
2019-09-02,36.78,23.77,69.54,2.06,0.52
2019-09-03,37.12,24.26,65.1,1.07,0.51
2019-09-04,36.4,24.49,65.77,0.69,0.51
2019-09-05,34.44,24.77,71.58,9.15,0.51
2019-09-06,32.03,23.92,76.79,2.91,0.53
2019-09-07,34.98,24.31,69.23,0.97,0.52
2019-09-08,34.9,24.05,68.79,0.92,0.52
2019-09-09,33.78,24.29,74.06,3.66,0.52
2019-09-10,31.19,24.34,80.64,4.35,0.52
2019-09-11,30.28,23.61,81.66,9.28,0.53
2019-09-12,33.41,22.95,73.68,1.03,0.54
2019-09-13,35.06,23.4,68.65,0.3,0.53
2019-09-14,36.22,24.57,66.45,0.41,0.52
2019-09-15,35.48,26.19,66.87,0.48,0.52
2019-09-16,38.45,25.47,62.76,0.38,0.52
2019-09-17,37.21,25.93,62.02,0.31,0.51
2019-09-18,38.14,25.39,60.9,0.93,0.51
2019-09-19,38.86,26.07,58.21,0.67,0.51
2019-09-20,35.98,25.83,62.77,0.64,0.51
2019-09-21,37.49,25.79,61.63,1.88,0.51
2019-09-22,37.29,25.44,58.95,0.57,0.51
2019-09-23,37.89,23.92,55.03,0.87,0.51
2019-09-24,38.11,24.11,54.35,0.36,0.5
2019-09-25,33.59,24.71,60.25,0.62,0.5
2019-09-26,33.42,23.01,63.87,1.87,0.51
2019-09-27,37.19,22.22,55.16,0.56,0.51
2019-09-28,38.03,23.78,51.53,0.01,0.5
2019-09-29,35.69,25.61,57.31,1.18,0.5
2019-09-30,32.36,24.13,63.42,0.37,0.5
2019-10-01,32.53,24.05,66.36,3.17,0.5
2019-10-02,34.44,24.04,64.46,0.1,0.51
2019-10-03,35.31,24.22,59.38,0.39,0.5
2019-10-04,35.37,23.64,60.73,1.34,0.5
2019-10-05,34.68,23.93,64.57,1.7,0.5
2019-10-06,34.25,23.65,66.23,1.44,0.51
2019-10-07,33.61,23.49,66.61,1.27,0.51
2019-10-08,36.71,23.52,58.24,0.5,0.51
2019-10-09,33.69,23.79,64.84,1.75,0.51
2019-10-10,31.01,23.06,74.69,4.87,0.51
2019-10-11,33.02,22.52,71.39,1.26,0.51
2019-10-12,34.85,23.08,64.64,0.0,0.51
2019-10-13,36.76,23.86,59.81,0.47,0.51
2019-10-14,36.1,24.34,66.08,1.33,0.51
2019-10-15,31.59,23.34,72.62,1.05,0.51
2019-10-16,35.58,22.67,62.55,0.47,0.51
2019-10-17,35.4,23.68,59.37,0.81,0.5
2019-10-18,35.21,24.68,60.63,0.11,0.5
2019-10-19,36.77,24.11,55.28,0.0,0.5
2019-10-20,37.75,24.59,53.7,0.0,0.5
2019-10-21,36.15,24.97,58.69,1.08,0.5
2019-10-22,35.91,23.54,62.72,2.1,0.5
2019-10-23,35.94,23.54,58.08,0.3,0.5
2019-10-24,36.56,23.82,54.17,0.28,0.5
2019-10-25,36.22,23.57,55.9,0.22,0.5
2019-10-26,36.25,24.33,57.18,1.06,0.5
2019-10-27,36.16,24.28,57.03,0.34,0.5
2019-10-28,36.35,24.98,53.27,0.22,0.5
2019-10-29,37.01,23.88,48.5,1.15,0.5
2019-10-30,36.31,23.39,58.47,1.8,0.5
2019-10-31,36.42,24.09,56.32,0.0,0.5
2019-11-01,37.4,23.56,50.75,0.0,0.5
2019-11-02,37.53,23.31,47.2,0.03,0.5
2019-11-03,37.3,23.95,49.38,0.21,0.5
2019-11-04,35.12,24.84,59.13,1.59,0.5
2019-11-05,33.22,23.59,67.62,2.96,0.5
2019-11-06,33.94,21.9,62.92,1.23,0.5
2019-11-07,33.96,21.83,55.42,0.08,0.5
2019-11-08,29.14,23.47,76.72,2.1,0.5
2019-11-09,31.58,22.24,68.77,0.83,0.5
2019-11-10,31.67,22.55,69.93,3.74,0.51
2019-11-11,31.37,21.81,78.13,4.96,0.51
2019-11-12,33.03,21.59,67.92,0.03,0.51
2019-11-13,36.18,21.53,59.5,0.02,0.51
2019-11-14,34.57,21.7,60.69,0.11,0.51
2019-11-15,34.43,21.85,58.78,0.01,0.5
2019-11-16,34.06,21.62,56.82,0.0,0.5
2019-11-17,33.69,20.82,55.32,0.0,0.5
2019-11-18,34.82,20.36,51.67,0.0,0.5
2019-11-19,33.97,20.73,49.55,0.0,0.5
2019-11-20,32.78,19.9,51.75,0.0,0.5
2019-11-21,32.78,20.54,51.56,0.0,0.5
2019-11-22,32.04,20.41,52.92,0.0,0.5
2019-11-23,32.42,19.34,51.04,0.0,0.5
2019-11-24,32.66,18.22,48.59,0.0,0.5
2019-11-25,33.8,19.03,48.17,0.0,0.5
2019-11-26,33.58,19.43,48.78,0.0,0.5
2019-11-27,35.65,19.36,46.19,0.0,0.5
2019-11-28,35.67,19.68,44.88,0.0,0.5
2019-11-29,34.21,19.79,47.87,0.0,0.5
2019-11-30,33.46,20.47,50.5,0.0,0.49
2019-12-01,33.18,19.02,47.98,0.0,0.49
2019-12-02,33.2,20.09,40.95,0.0,0.49
2019-12-03,30.73,19.25,53.69,0.16,0.49
2019-12-04,30.08,19.04,60.49,1.29,0.5
2019-12-05,32.24,18.04,47.67,0.0,0.5
2019-12-06,30.13,17.8,39.7,0.0,0.5
2019-12-07,29.06,14.25,30.12,0.0,0.5
2019-12-08,28.1,13.12,30.26,0.0,0.49
2019-12-09,28.77,12.73,30.02,0.0,0.49
2019-12-10,27.79,12.63,37.76,0.0,0.49
2019-12-11,28.76,13.74,41.38,0.0,0.49
2019-12-12,29.43,13.48,46.2,0.0,0.49
2019-12-13,29.78,14.21,46.8,0.0,0.49
2019-12-14,30.56,15.28,43.94,0.0,0.49
2019-12-15,31.07,15.57,40.38,0.0,0.49
2019-12-16,30.79,15.39,38.53,0.02,0.49
2019-12-17,31.49,15.41,37.06,0.0,0.49
2019-12-18,31.11,15.27,40.42,0.0,0.49
2019-12-19,30.99,15.31,40.39,0.0,0.49
2019-12-20,30.23,15.53,41.37,0.0,0.49
2019-12-21,29.57,14.85,40.88,0.0,0.49
2019-12-22,29.87,14.69,38.92,0.0,0.49
2019-12-23,30.31,13.72,33.14,0.0,0.49
2019-12-24,29.39,14.23,33.98,0.0,0.49
2019-12-25,29.62,14.48,34.38,0.0,0.49
2019-12-26,30.63,13.5,39.22,0.21,0.49
2019-12-27,28.93,16.21,44.48,1.59,0.49
2019-12-28,25.64,15.71,64.6,3.14,0.5
2019-12-29,28.36,13.91,61.15,0.04,0.5
2019-12-30,29.0,14.37,51.96,0.0,0.5
2019-12-31,30.2,17.43,50.05,0.21,0.5
2020-01-01,29.21,17.9,64.14,4.79,0.5
2020-01-02,30.14,17.65,66.13,0.76,0.5
2020-01-03,26.78,17.9,75.17,9.95,0.51
2020-01-04,27.62,18.01,79.23,6.08,0.53
2020-01-05,26.91,17.26,79.46,9.39,0.53
2020-01-06,26.32,14.86,76.57,0.08,0.54
2020-01-07,27.05,12.95,63.79,0.0,0.53
2020-01-08,29.54,13.2,56.51,0.0,0.52
2020-01-09,29.66,14.14,49.67,0.03,0.52
2020-01-10,29.05,13.76,47.5,0.0,0.52
2020-01-11,28.98,13.83,56.97,0.0,0.51
2020-01-12,28.35,12.77,60.55,0.0,0.51
2020-01-13,28.69,12.67,53.02,0.0,0.51
2020-01-14,28.86,13.28,47.16,0.0,0.51
2020-01-15,29.28,13.72,46.78,0.0,0.51
2020-01-16,30.83,13.44,47.79,0.0,0.5
2020-01-17,31.36,13.76,45.55,0.0,0.5
2020-01-18,30.43,13.36,41.62,0.0,0.5
2020-01-19,31.32,12.91,38.14,0.0,0.5
2020-01-20,29.9,14.44,35.23,0.0,0.5
2020-01-21,29.7,13.87,37.84,0.0,0.5
2020-01-22,30.36,13.99,36.67,0.0,0.5
2020-01-23,29.53,13.41,32.05,0.0,0.5
2020-01-24,27.62,16.59,39.72,0.0,0.5
2020-01-25,26.99,12.52,40.11,0.0,0.5
2020-01-26,27.92,10.03,31.02,0.0,0.5
2020-01-27,26.81,10.48,31.69,0.0,0.5
2020-01-28,27.07,12.61,35.22,0.0,0.5
2020-01-29,28.25,12.34,39.21,0.0,0.5
2020-01-30,30.14,13.87,45.3,0.54,0.5
2020-01-31,29.58,16.34,44.21,0.18,0.5
2020-02-01,29.62,14.09,46.09,0.0,0.5
2020-02-02,28.63,13.62,40.28,0.0,0.5
2020-02-03,27.34,12.23,38.0,0.0,0.5
2020-02-04,29.9,11.44,32.51,0.0,0.5
2020-02-05,30.24,12.48,29.18,0.0,0.5
2020-02-06,30.22,14.53,27.75,0.0,0.49
2020-02-07,30.15,16.3,38.06,0.0,0.49
2020-02-08,32.27,16.01,44.23,0.0,0.49
2020-02-09,32.38,17.4,43.15,0.26,0.49
2020-02-10,29.44,16.9,46.66,0.2,0.49
2020-02-11,29.95,15.33,43.12,0.0,0.49
2020-02-12,30.82,14.83,32.13,0.0,0.49
2020-02-13,30.54,13.79,21.98,0.0,0.49
2020-02-14,29.89,14.73,27.05,0.0,0.49
2020-02-15,29.2,13.37,46.66,0.0,0.49
2020-02-16,33.27,15.23,37.42,0.0,0.49
2020-02-17,34.63,16.53,37.84,0.0,0.49
2020-02-18,33.7,16.66,30.48,0.0,0.49
2020-02-19,31.66,14.59,28.56,0.0,0.49
2020-02-20,33.04,15.34,27.47,0.0,0.49
2020-02-21,34.8,15.6,26.19,0.0,0.49
2020-02-22,34.98,17.69,30.49,0.44,0.49
2020-02-23,32.65,20.65,43.72,1.53,0.49
2020-02-24,32.17,18.21,39.87,0.83,0.5
2020-02-25,33.19,16.7,32.77,0.36,0.5
2020-02-26,33.4,17.02,33.17,0.34,0.5
2020-02-27,31.72,16.87,46.23,0.15,0.5
2020-02-28,31.79,17.15,44.53,0.08,0.49
2020-02-29,32.88,16.82,34.58,0.0,0.49
2020-03-01,33.98,17.07,31.17,0.0,0.49
2020-03-02,34.2,17.53,32.09,0.0,0.49
2020-03-03,33.84,17.65,33.19,0.39,0.49
2020-03-04,33.4,17.91,32.75,0.0,0.49
2020-03-05,34.05,17.82,31.58,0.02,0.49
2020-03-06,33.43,19.01,36.48,0.12,0.49
2020-03-07,34.17,18.63,34.41,0.0,0.49
2020-03-08,33.99,21.53,34.45,0.0,0.49
2020-03-09,34.2,20.08,33.81,0.0,0.49
2020-03-10,35.45,17.96,27.74,0.0,0.49
2020-03-11,35.41,17.58,25.88,0.0,0.49
2020-03-12,36.88,19.05,25.9,0.0,0.49
2020-03-13,37.96,20.81,30.24,0.0,0.49
2020-03-14,38.27,21.69,30.38,0.0,0.49
2020-03-15,38.59,22.5,28.11,0.0,0.49
2020-03-16,36.96,21.33,29.88,0.0,0.49
2020-03-17,36.17,20.81,30.0,0.0,0.49
2020-03-18,35.46,21.61,30.2,0.0,0.49
2020-03-19,35.78,20.67,27.01,0.0,0.49
2020-03-20,34.66,19.69,25.47,0.0,0.49
2020-03-21,33.79,19.41,29.98,0.0,0.49
2020-03-22,34.53,19.64,31.73,0.02,0.49
2020-03-23,34.52,20.2,30.85,0.79,0.49
2020-03-24,34.87,19.15,29.8,0.1,0.49
2020-03-25,36.0,19.86,29.82,0.0,0.49
2020-03-26,36.22,20.98,34.15,0.0,0.49
2020-03-27,36.67,21.78,32.36,0.0,0.49
2020-03-28,37.89,22.78,34.94,0.0,0.49
2020-03-29,38.06,23.32,35.29,0.0,0.49
2020-03-30,38.05,22.2,34.53,0.0,0.49
2020-03-31,38.17,23.36,24.25,0.0,0.49
2020-04-01,38.26,21.99,24.88,0.0,0.49
2020-04-02,37.47,21.08,29.2,0.04,0.49
2020-04-03,37.79,22.4,37.37,0.06,0.49
2020-04-04,37.07,23.58,40.52,0.14,0.49
2020-04-05,38.0,23.65,33.78,0.07,0.49
2020-04-06,36.95,24.19,31.53,0.0,0.49
2020-04-07,36.88,22.5,33.28,0.0,0.49
2020-04-08,36.69,22.83,28.93,0.0,0.49
2020-04-09,37.52,23.83,30.67,0.1,0.49
2020-04-10,37.36,24.28,37.13,0.39,0.49
2020-04-11,37.36,25.34,34.37,0.14,0.49
2020-04-12,37.93,26.26,33.42,0.24,0.49
2020-04-13,37.99,23.94,37.27,0.07,0.49
2020-04-14,39.02,24.71,31.81,0.0,0.49
2020-04-15,39.52,25.14,32.65,0.46,0.49
2020-04-16,38.95,24.61,32.23,0.37,0.49
2020-04-17,36.88,25.63,40.92,0.37,0.49
2020-04-18,38.95,24.86,34.9,0.15,0.49
2020-04-19,38.07,27.37,34.24,0.13,0.49
2020-04-20,38.52,25.51,34.98,0.08,0.49
2020-04-21,39.25,26.85,34.18,0.45,0.49
2020-04-22,39.55,25.21,35.01,0.18,0.49
2020-04-23,34.49,23.86,40.33,0.34,0.49
2020-04-24,37.91,23.92,37.93,2.81,0.5
2020-04-25,34.38,25.03,49.77,2.4,0.5
2020-04-26,31.62,24.9,57.57,1.6,0.5
2020-04-27,29.43,23.31,63.08,1.67,0.5
2020-04-28,28.22,22.04,68.57,3.11,0.51
2020-04-29,32.77,21.9,62.76,2.92,0.51
2020-04-30,34.08,23.16,61.71,1.57,0.51
2020-05-01,34.78,23.13,59.23,0.14,0.5
2020-05-02,35.77,24.42,52.6,0.41,0.5
2020-05-03,36.95,23.09,49.95,0.77,0.5
2020-05-04,37.62,24.28,49.86,1.03,0.5
2020-05-05,38.12,25.57,50.16,0.06,0.5
2020-05-06,39.29,25.53,44.8,0.57,0.5
2020-05-07,39.47,25.4,42.28,0.81,0.5
2020-05-08,40.52,24.97,36.09,0.07,0.5
2020-05-09,40.5,25.24,32.66,0.0,0.49
2020-05-10,40.92,27.67,32.36,0.42,0.49
2020-05-11,41.37,28.24,38.5,0.01,0.49
2020-05-12,38.64,28.74,37.04,0.02,0.49
2020-05-13,36.76,26.89,40.98,0.9,0.49
2020-05-14,40.01,24.69,31.15,0.0,0.49
2020-05-15,39.96,25.8,37.17,0.13,0.49
2020-05-16,41.48,26.55,31.85,0.29,0.49
2020-05-17,41.83,26.72,35.3,0.01,0.49
2020-05-18,41.4,27.83,33.43,0.0,0.49
2020-05-19,36.19,28.08,47.86,1.27,0.49
2020-05-20,37.05,27.57,49.57,1.69,0.49
2020-05-21,37.69,25.97,51.9,2.1,0.5
2020-05-22,37.26,25.31,50.02,1.79,0.5
2020-05-23,37.8,24.78,53.98,1.38,0.5
2020-05-24,38.47,26.14,56.1,1.58,0.5
2020-05-25,40.08,26.14,50.71,0.75,0.5
2020-05-26,36.89,25.28,54.61,2.72,0.5
2020-05-27,35.37,26.11,59.95,4.11,0.5
2020-05-28,32.49,24.75,70.1,0.7,0.51
2020-05-29,34.17,24.47,66.42,2.87,0.51
2020-05-30,32.73,24.62,68.4,0.92,0.51
2020-05-31,36.32,24.51,57.33,0.78,0.5
2020-06-01,34.12,25.3,62.98,2.39,0.5
2020-06-02,36.09,24.66,58.02,0.89,0.5
2020-06-03,36.71,25.44,57.46,1.34,0.5
2020-06-04,37.01,25.58,54.27,1.37,0.5
2020-06-05,34.55,26.02,59.46,0.05,0.5
2020-06-06,34.85,26.19,59.98,0.52,0.5
2020-06-07,30.99,25.31,75.93,4.66,0.5
2020-06-08,33.52,24.6,69.33,0.77,0.51
2020-06-09,33.61,25.97,67.11,1.56,0.5
2020-06-10,36.26,25.49,62.33,2.67,0.51
2020-06-11,32.38,24.64,72.65,5.31,0.51
2020-06-12,35.63,24.76,64.56,1.37,0.51
2020-06-13,36.03,25.16,64.5,2.34,0.51
2020-06-14,37.75,25.73,60.79,1.97,0.51
2020-06-15,32.97,25.43,73.0,5.01,0.51
2020-06-16,33.5,24.58,70.36,3.62,0.51
2020-06-17,34.58,24.8,70.79,2.28,0.51
2020-06-18,33.61,24.4,69.28,1.54,0.51
2020-06-19,32.41,24.69,70.55,2.9,0.51
2020-06-20,37.73,23.8,62.77,0.78,0.51
2020-06-21,36.11,24.48,61.02,0.48,0.51
2020-06-22,37.27,24.71,59.68,1.48,0.5
2020-06-23,34.65,26.13,63.72,4.88,0.51
2020-06-24,31.36,25.31,77.39,15.92,0.53
2020-06-25,33.84,24.65,72.54,6.34,0.54
2020-06-26,34.21,24.61,68.99,0.58,0.53
2020-06-27,35.3,24.43,64.86,0.13,0.53
2020-06-28,33.74,24.66,66.2,0.26,0.52
2020-06-29,35.79,24.79,63.18,0.12,0.52
2020-06-30,34.94,24.92,66.21,0.18,0.51
2020-07-01,34.64,24.99,68.27,1.24,0.51
2020-07-02,32.84,24.96,69.4,0.7,0.51
2020-07-03,34.74,25.2,66.67,1.59,0.51
2020-07-04,32.63,24.81,74.05,2.79,0.51
2020-07-05,32.89,24.46,68.89,0.44,0.51
2020-07-06,35.89,24.51,59.79,0.34,0.51
2020-07-07,33.18,24.94,67.79,1.99,0.51
2020-07-08,36.16,25.18,67.46,0.73,0.51
2020-07-09,35.05,25.35,66.65,5.97,0.51
2020-07-10,33.37,24.27,72.56,22.89,0.54
2020-07-11,30.58,24.31,84.12,30.62,0.59
2020-07-12,31.05,24.02,79.11,2.58,0.59
2020-07-13,27.66,22.83,83.29,3.14,0.58
2020-07-14,34.04,22.31,69.99,0.35,0.57
2020-07-15,33.49,23.66,71.62,0.34,0.56
2020-07-16,35.95,24.29,66.87,0.5,0.55
2020-07-17,32.93,24.61,72.28,1.28,0.54
2020-07-18,31.37,24.6,74.87,2.68,0.54
2020-07-19,32.91,23.91,74.52,4.77,0.54
2020-07-20,35.0,23.81,68.06,1.67,0.54
2020-07-21,34.61,24.6,67.19,0.75,0.53
2020-07-22,33.8,24.16,69.12,2.03,0.53
2020-07-23,34.84,23.91,67.11,2.05,0.53
2020-07-24,35.76,24.52,64.75,0.09,0.53
2020-07-25,36.75,24.89,62.5,0.11,0.52
2020-07-26,33.48,25.85,66.64,0.01,0.52
2020-07-27,36.76,25.43,62.67,2.23,0.52
2020-07-28,35.42,25.26,63.99,0.64,0.52
2020-07-29,35.33,24.76,65.64,1.37,0.52
2020-07-30,35.89,24.95,62.39,0.08,0.51
2020-07-31,36.07,24.99,62.19,0.37,0.51
2020-08-01,36.73,26.34,61.47,0.48,0.51
2020-08-02,35.66,26.29,67.07,1.85,0.51
2020-08-03,34.76,26.78,71.3,2.02,0.51
2020-08-04,38.09,24.65,61.08,1.12,0.51
2020-08-05,34.79,25.68,64.07,0.38,0.51
2020-08-06,35.43,24.14,68.5,0.94,0.51
2020-08-07,36.59,24.59,67.81,1.8,0.51
2020-08-08,35.26,24.61,67.39,2.05,0.51
2020-08-09,35.54,25.28,66.42,2.8,0.51
2020-08-10,33.36,24.75,72.33,2.78,0.51
2020-08-11,31.06,24.34,76.7,1.35,0.51
2020-08-12,35.22,24.42,66.18,0.93,0.51
2020-08-13,36.19,24.45,61.56,0.63,0.51
2020-08-14,35.06,24.96,67.38,5.03,0.51
2020-08-15,31.37,24.32,74.39,1.5,0.52
2020-08-16,33.33,23.83,69.24,1.17,0.51
2020-08-17,30.53,23.32,77.14,3.65,0.51
2020-08-18,27.38,22.58,83.68,6.76,0.52
2020-08-19,30.43,23.13,78.75,1.18,0.53
2020-08-20,30.22,22.63,74.67,1.46,0.53
2020-08-21,34.82,23.35,72.46,3.48,0.53
2020-08-22,33.31,23.42,74.82,3.04,0.53
2020-08-23,30.14,24.35,82.12,4.27,0.53
2020-08-24,29.95,23.46,79.34,1.22,0.53
2020-08-25,29.62,23.34,80.14,5.15,0.53
2020-08-26,32.67,23.2,73.72,0.33,0.53
2020-08-27,34.05,23.98,70.16,0.3,0.53
2020-08-28,34.74,23.44,72.75,3.83,0.53
2020-08-29,34.96,24.26,72.54,2.92,0.53
2020-08-30,33.7,24.75,72.8,1.65,0.53
2020-08-31,32.3,24.44,78.76,7.75,0.53
2020-09-01,35.04,24.7,70.15,0.07,0.53
2020-09-02,37.06,24.01,63.76,0.03,0.53
2020-09-03,38.59,24.28,58.31,0.01,0.52
2020-09-04,38.03,26.01,59.92,0.24,0.52
2020-09-05,35.46,25.67,66.78,1.84,0.52
2020-09-06,36.62,24.89,63.63,1.34,0.51
2020-09-07,32.24,24.57,76.1,3.92,0.52
2020-09-08,35.07,24.23,71.59,2.08,0.52
2020-09-09,33.41,24.36,72.46,1.2,0.52
2020-09-10,35.31,23.83,66.47,1.12,0.52
2020-09-11,35.83,24.31,66.5,0.59,0.51
2020-09-12,33.71,25.16,69.22,2.3,0.51
2020-09-13,32.91,24.73,76.37,3.33,0.51
2020-09-14,35.16,23.95,67.69,0.97,0.52
2020-09-15,34.24,24.55,71.0,1.7,0.51
2020-09-16,33.29,24.34,69.08,1.19,0.51
2020-09-17,35.95,24.84,63.57,0.17,0.51
2020-09-18,36.49,25.94,66.16,0.91,0.51
2020-09-19,38.73,24.74,60.98,0.97,0.51
2020-09-20,33.02,25.24,68.86,2.39,0.51
2020-09-21,33.72,24.6,74.41,7.57,0.51
2020-09-22,32.71,24.15,77.89,8.33,0.52
2020-09-23,33.15,24.33,75.97,2.06,0.53
2020-09-24,33.04,24.43,77.41,4.08,0.53
2020-09-25,34.53,23.49,73.23,2.5,0.53
2020-09-26,34.49,23.22,73.39,3.35,0.53
2020-09-27,34.67,23.48,72.6,3.09,0.53
2020-09-28,31.71,24.26,77.73,0.81,0.53
2020-09-29,33.34,24.77,73.84,1.7,0.53
2020-09-30,33.55,24.8,71.3,0.83,0.53
2020-10-01,34.78,23.84,69.19,0.39,0.52
2020-10-02,31.16,24.98,78.08,1.01,0.52
2020-10-03,31.86,24.79,79.56,4.66,0.52
2020-10-04,31.82,24.66,80.74,6.89,0.53
2020-10-05,31.39,23.9,80.9,4.81,0.54
2020-10-06,31.54,23.88,78.39,3.73,0.54
2020-10-07,33.23,23.67,75.2,2.26,0.54
2020-10-08,35.75,24.57,67.57,0.04,0.53
2020-10-09,38.24,24.1,56.68,0.0,0.53
2020-10-10,38.23,22.94,55.25,0.04,0.52
2020-10-11,36.68,24.32,63.23,0.7,0.52
2020-10-12,37.33,24.6,63.39,1.12,0.52
2020-10-13,37.73,24.05,61.7,2.08,0.52
2020-10-14,36.91,22.78,62.07,3.19,0.52
2020-10-15,38.46,23.45,62.23,1.27,0.52
2020-10-16,37.69,24.03,58.24,0.18,0.51
2020-10-17,36.06,25.13,58.0,0.33,0.51
2020-10-18,34.95,24.03,56.75,0.38,0.51
2020-10-19,35.24,23.46,59.95,2.24,0.51
2020-10-20,35.63,22.02,57.9,0.49,0.51
2020-10-21,34.6,22.9,61.48,0.77,0.51
2020-10-22,28.97,22.57,76.18,3.16,0.51
2020-10-23,32.41,22.81,71.24,2.65,0.51
2020-10-24,34.63,21.71,61.58,0.74,0.51
2020-10-25,34.21,22.95,66.78,0.15,0.51
2020-10-26,35.51,24.03,64.4,0.03,0.51
2020-10-27,34.88,24.58,64.06,0.05,0.51
2020-10-28,33.82,24.44,63.7,0.41,0.51
2020-10-29,38.03,23.52,58.72,1.61,0.51
2020-10-30,30.42,23.74,71.53,18.21,0.53
2020-10-31,31.9,22.42,71.92,1.91,0.54
2020-11-01,30.6,22.95,80.9,5.88,0.54
2020-11-02,31.51,23.41,79.76,2.45,0.54
2020-11-03,30.59,23.51,80.42,3.71,0.54
2020-11-04,30.9,22.72,81.33,1.1,0.54
2020-11-05,32.48,21.78,72.34,0.13,0.53
2020-11-06,35.13,21.37,63.23,0.0,0.53
2020-11-07,34.84,21.28,62.24,0.0,0.52
2020-11-08,35.13,21.75,61.04,0.0,0.52
2020-11-09,34.42,20.73,61.72,0.7,0.52
2020-11-10,34.92,20.78,55.1,0.0,0.52
2020-11-11,34.61,20.03,49.17,0.01,0.51
2020-11-12,35.56,18.65,49.46,0.0,0.51
2020-11-13,35.3,19.7,54.86,0.0,0.51
2020-11-14,34.59,20.11,54.11,0.0,0.51
2020-11-15,35.3,20.0,50.86,0.0,0.51
2020-11-16,34.38,18.92,49.68,0.0,0.5
2020-11-17,32.6,18.97,52.46,0.0,0.5
2020-11-18,32.49,18.59,49.59,0.0,0.5
2020-11-19,32.31,16.79,47.59,0.0,0.5
2020-11-20,32.19,16.93,50.69,0.0,0.5
2020-11-21,32.59,17.01,50.32,0.03,0.5
2020-11-22,32.85,16.85,48.36,0.0,0.5
2020-11-23,33.23,17.07,46.37,0.0,0.5
2020-11-24,32.86,17.92,51.9,0.0,0.5
2020-11-25,33.97,17.93,47.2,0.0,0.5
2020-11-26,33.83,17.35,44.62,0.0,0.5
2020-11-27,34.16,18.0,50.29,0.0,0.5
2020-11-28,33.16,18.72,51.8,0.0,0.5
2020-11-29,33.8,18.36,47.71,0.0,0.5
2020-11-30,32.96,18.75,51.12,0.0,0.5
2020-12-01,33.11,18.2,48.64,0.0,0.5
2020-12-02,32.9,17.77,48.36,0.0,0.5
2020-12-03,31.27,19.17,54.25,0.0,0.5
2020-12-04,30.85,17.94,52.43,0.48,0.5
2020-12-05,30.52,17.31,51.9,0.15,0.5
2020-12-06,30.26,15.1,48.28,0.0,0.5
2020-12-07,31.17,15.29,43.35,0.0,0.5
2020-12-08,30.42,14.87,45.02,0.0,0.5
2020-12-09,29.99,15.6,46.88,0.0,0.5
2020-12-10,30.87,15.13,48.17,0.0,0.5
2020-12-11,30.14,15.51,48.64,0.0,0.5
2020-12-12,30.84,15.4,47.57,0.0,0.5
2020-12-13,30.7,15.93,45.66,0.0,0.5
2020-12-14,31.41,16.07,45.09,0.0,0.5
2020-12-15,31.8,16.7,47.86,0.0,0.5
2020-12-16,32.16,17.79,47.44,0.02,0.5
2020-12-17,31.66,17.74,47.75,0.0,0.5
2020-12-18,31.11,17.11,48.61,0.0,0.5
2020-12-19,31.45,16.12,48.84,0.0,0.5
2020-12-20,30.86,15.62,46.02,0.0,0.5
2020-12-21,30.23,16.42,54.63,0.02,0.5
2020-12-22,28.76,17.19,52.71,0.0,0.5
2020-12-23,29.33,15.0,51.84,0.02,0.5
2020-12-24,30.21,14.44,47.54,0.0,0.5
2020-12-25,30.19,14.72,45.68,0.0,0.5
2020-12-26,30.83,14.23,37.72,0.0,0.5
2020-12-27,30.73,13.98,38.99,0.0,0.5
2020-12-28,30.02,14.24,43.42,0.0,0.5
2020-12-29,30.62,14.19,41.67,0.0,0.5
2020-12-30,32.05,14.06,40.24,0.03,0.5
2020-12-31,31.11,15.14,49.36,0.01,0.5
2021-01-01,31.51,16.38,49.89,0.0,0.5
2021-01-02,30.51,15.99,50.26,0.0,0.5
2021-01-03,31.39,15.48,47.8,0.0,0.5
2021-01-04,32.06,15.77,46.28,0.0,0.5
2021-01-05,32.44,16.19,42.74,0.03,0.5
2021-01-06,32.98,16.93,37.48,0.0,0.5
2021-01-07,32.85,17.59,35.68,0.0,0.5
2021-01-08,32.75,17.21,37.0,0.0,0.49
2021-01-09,31.84,18.15,40.17,0.0,0.49
2021-01-10,31.01,18.23,41.17,0.0,0.49
2021-01-11,31.69,19.44,40.54,0.0,0.49
2021-01-12,27.11,17.1,49.94,0.06,0.49
2021-01-13,28.38,17.24,53.56,0.03,0.49
2021-01-14,28.6,14.11,48.66,0.0,0.49
2021-01-15,29.11,13.64,42.12,0.0,0.49
2021-01-16,28.75,13.78,40.24,0.0,0.49
2021-01-17,30.4,13.96,39.98,0.0,0.49
2021-01-18,30.56,16.13,46.52,0.01,0.49
2021-01-19,28.26,15.43,56.47,0.38,0.49
2021-01-20,27.06,14.35,55.73,0.53,0.5
2021-01-21,28.33,13.99,46.11,0.24,0.5
2021-01-22,29.01,14.95,54.09,0.05,0.5
2021-01-23,28.81,14.63,48.12,0.0,0.5
2021-01-24,28.87,13.65,38.53,0.0,0.49
2021-01-25,29.88,13.26,39.66,0.0,0.49
2021-01-26,30.82,14.14,41.22,0.0,0.49
2021-01-27,31.35,14.33,33.98,0.0,0.49
2021-01-28,32.75,14.72,31.54,0.0,0.49
2021-01-29,32.28,14.91,31.83,0.0,0.49
2021-01-30,30.59,15.09,31.25,0.23,0.49
2021-01-31,28.76,15.55,33.28,0.0,0.49
2021-02-01,28.34,12.53,31.26,0.0,0.49
2021-02-02,30.36,11.48,22.31,0.0,0.49
2021-02-03,31.54,12.02,19.85,0.0,0.49
2021-02-04,32.31,13.4,24.29,0.0,0.49
2021-02-05,31.76,14.91,32.73,0.0,0.49
2021-02-06,30.85,15.87,38.94,0.25,0.49
2021-02-07,29.09,15.73,52.08,4.28,0.5
2021-02-08,27.67,14.43,60.27,4.52,0.51
2021-02-09,29.21,13.55,52.09,0.0,0.51
2021-02-10,32.49,13.79,43.64,0.0,0.5
2021-02-11,31.75,14.59,39.24,0.0,0.5
2021-02-12,30.81,14.41,32.86,0.0,0.5
2021-02-13,31.95,13.99,30.54,0.0,0.5
2021-02-14,32.01,14.2,34.35,0.0,0.5
2021-02-15,31.95,14.74,32.53,0.0,0.5
2021-02-16,33.11,14.24,29.31,0.0,0.5
2021-02-17,34.16,15.33,29.36,0.0,0.5
2021-02-18,34.16,17.11,36.69,1.19,0.5
2021-02-19,32.23,20.07,46.5,0.0,0.5
2021-02-20,30.46,20.59,51.12,0.27,0.5
2021-02-21,32.67,19.01,47.09,0.15,0.5
2021-02-22,34.83,18.39,37.3,0.0,0.5
2021-02-23,35.23,19.26,35.78,0.03,0.49
2021-02-24,33.53,19.03,30.68,0.03,0.49
2021-02-25,32.66,16.99,36.84,0.0,0.49
2021-02-26,32.46,17.49,34.36,0.0,0.49
2021-02-27,33.21,17.42,31.91,0.0,0.49
2021-02-28,34.02,17.42,28.74,0.0,0.49
2021-03-01,34.63,17.98,30.29,0.0,0.49
2021-03-02,34.39,18.19,30.72,0.0,0.49
2021-03-03,35.07,18.49,26.06,0.0,0.49
2021-03-04,33.56,17.46,33.16,0.0,0.49
2021-03-05,33.32,16.69,28.87,0.0,0.49
2021-03-06,34.47,17.49,27.43,0.0,0.49
2021-03-07,34.61,17.98,24.41,0.0,0.49
2021-03-08,33.84,17.79,30.26,0.17,0.49
2021-03-09,36.01,19.08,30.1,0.37,0.49
2021-03-10,36.27,19.35,27.98,0.0,0.49
2021-03-11,36.13,20.65,28.13,0.0,0.49
2021-03-12,36.92,20.88,28.64,0.0,0.49
2021-03-13,36.91,20.08,24.87,0.0,0.49
2021-03-14,36.83,22.49,25.68,0.0,0.49
2021-03-15,35.8,22.2,27.6,0.0,0.49
2021-03-16,36.47,21.85,27.39,0.0,0.49
2021-03-17,37.63,20.49,25.13,0.0,0.49
2021-03-18,37.86,18.92,22.07,0.0,0.49
2021-03-19,38.32,20.72,19.36,0.0,0.49
2021-03-20,37.2,21.49,21.58,0.0,0.49
2021-03-21,34.91,21.0,28.15,0.0,0.49
2021-03-22,39.21,22.73,29.33,0.08,0.49
2021-03-23,38.31,22.23,32.37,0.08,0.49
2021-03-24,37.98,24.83,24.26,0.0,0.49
2021-03-25,38.63,23.85,24.54,0.0,0.49
2021-03-26,38.02,23.03,24.05,0.0,0.49
2021-03-27,38.56,22.36,22.9,0.0,0.49
2021-03-28,36.98,22.77,21.4,0.0,0.49
2021-03-29,35.94,24.72,21.67,0.01,0.49
2021-03-30,36.86,20.66,31.54,1.55,0.49
2021-03-31,37.55,23.27,39.96,0.27,0.49
2021-04-01,37.65,22.72,37.83,0.0,0.49
2021-04-02,37.55,22.48,36.01,0.02,0.49
2021-04-03,39.81,21.25,25.61,0.01,0.49
2021-04-04,36.83,24.1,34.24,0.75,0.49
2021-04-05,36.6,21.24,41.76,2.27,0.49
2021-04-06,35.97,21.66,44.18,0.98,0.5
2021-04-07,35.72,21.38,45.05,0.0,0.5
2021-04-08,37.18,22.82,44.11,0.69,0.5
2021-04-09,37.96,24.77,40.22,0.05,0.49
2021-04-10,38.76,24.46,38.99,0.68,0.49
2021-04-11,38.84,24.75,36.89,0.7,0.49
2021-04-12,39.77,25.48,32.94,0.06,0.49
2021-04-13,38.63,25.57,40.26,0.04,0.49
2021-04-14,38.48,26.01,35.01,0.0,0.49
2021-04-15,36.35,26.56,36.46,0.0,0.49
2021-04-16,34.28,25.2,42.28,1.19,0.49
2021-04-17,35.42,22.65,46.12,1.2,0.5
2021-04-18,36.71,23.68,38.87,0.06,0.5
2021-04-19,36.42,24.14,40.1,1.87,0.5
2021-04-20,37.44,25.5,38.89,0.0,0.5
2021-04-21,39.44,24.74,29.86,0.0,0.5
2021-04-22,40.07,24.33,27.44,0.0,0.49
2021-04-23,39.28,26.74,33.43,0.0,0.49
2021-04-24,40.07,25.96,32.37,0.0,0.49
2021-04-25,39.97,26.25,32.88,1.21,0.49
2021-04-26,38.44,25.52,46.74,3.27,0.5
2021-04-27,37.69,24.84,55.83,3.31,0.5
2021-04-28,34.05,24.75,64.15,1.4,0.5
2021-04-29,35.53,25.67,54.54,0.05,0.5
2021-04-30,31.61,25.7,64.02,3.0,0.51
2021-05-01,33.74,23.98,63.41,7.11,0.51
2021-05-02,33.09,23.44,63.88,3.48,0.52
2021-05-03,35.47,23.54,57.77,1.0,0.51
2021-05-04,35.49,23.65,55.29,0.7,0.51
2021-05-05,34.37,24.29,55.74,1.38,0.51
2021-05-06,35.94,24.26,60.75,11.43,0.52
2021-05-07,35.11,23.12,61.1,1.97,0.52
2021-05-08,35.55,24.94,53.46,0.55,0.52
2021-05-09,36.66,24.77,53.54,1.91,0.51
2021-05-10,35.38,24.4,57.15,1.95,0.51
2021-05-11,36.71,24.38,55.56,4.29,0.51
2021-05-12,35.18,24.41,62.16,3.48,0.51
2021-05-13,35.43,24.54,60.12,0.19,0.51
2021-05-14,37.49,23.61,47.77,1.13,0.51
2021-05-15,37.72,24.35,51.7,1.19,0.51
2021-05-16,39.82,26.7,42.76,0.0,0.5
2021-05-17,40.81,27.46,39.74,0.0,0.5
2021-05-18,41.54,29.18,39.49,0.42,0.5
2021-05-19,39.61,27.66,47.34,3.44,0.5
2021-05-20,41.43,27.04,43.89,2.09,0.5
2021-05-21,40.06,28.51,46.89,1.11,0.5
2021-05-22,40.6,28.26,45.99,0.45,0.5
2021-05-23,37.66,26.91,55.52,1.11,0.5
2021-05-24,37.51,26.5,58.96,0.85,0.5
2021-05-25,38.37,25.59,57.19,0.75,0.5
2021-05-26,37.64,26.3,50.11,1.03,0.5
2021-05-27,38.57,25.37,47.95,0.43,0.5
2021-05-28,37.44,26.68,53.84,3.74,0.5
2021-05-29,38.52,25.76,53.91,0.72,0.5
2021-05-30,31.27,25.34,65.65,1.25,0.5
2021-05-31,31.33,24.74,67.95,4.32,0.5
2021-06-01,37.61,24.44,55.79,3.22,0.51
2021-06-02,34.8,25.3,66.38,6.11,0.51
2021-06-03,37.48,25.38,58.28,0.92,0.51
2021-06-04,33.8,26.42,65.0,3.1,0.51
2021-06-05,35.21,25.6,65.75,3.16,0.51
2021-06-06,37.45,24.92,59.85,3.7,0.51
2021-06-07,36.23,25.04,59.73,0.43,0.51
2021-06-08,29.97,24.61,78.38,5.19,0.51
2021-06-09,34.97,24.05,73.08,3.76,0.52
2021-06-10,31.49,24.17,74.19,3.14,0.52
2021-06-11,35.79,23.07,64.91,1.54,0.52
2021-06-12,36.36,23.95,60.13,0.61,0.51
2021-06-13,36.37,25.02,59.82,1.16,0.51
2021-06-14,36.94,24.97,61.32,2.27,0.51
2021-06-15,34.85,24.62,64.57,1.99,0.51
2021-06-16,35.47,25.32,62.75,0.55,0.51
2021-06-17,34.36,25.04,62.69,0.85,0.51
2021-06-18,33.69,23.92,66.73,0.92,0.5
2021-06-19,35.07,24.07,63.77,0.91,0.5
2021-06-20,35.26,23.42,61.01,1.28,0.5
2021-06-21,36.6,24.42,59.51,0.79,0.5
2021-06-22,36.77,24.51,55.56,0.5,0.5
2021-06-23,35.91,24.34,59.39,0.72,0.5
2021-06-24,32.94,24.71,67.53,1.77,0.5
2021-06-25,33.63,23.6,65.53,2.8,0.5
2021-06-26,37.75,23.95,55.16,0.57,0.5
2021-06-27,34.76,25.59,59.66,0.76,0.5
2021-06-28,34.72,25.24,64.15,3.64,0.5
2021-06-29,34.98,24.52,62.95,3.04,0.51
2021-06-30,31.91,24.35,72.0,2.36,0.51
2021-07-01,30.19,23.16,73.03,2.57,0.51
2021-07-02,32.74,23.29,73.7,3.42,0.51
2021-07-03,35.75,22.57,61.36,0.73,0.51
2021-07-04,34.72,24.0,63.08,0.2,0.51
2021-07-05,35.95,24.48,61.04,0.26,0.5
2021-07-06,33.07,24.93,67.85,1.23,0.5
2021-07-07,34.89,25.0,66.24,0.74,0.5
2021-07-08,38.31,24.98,57.67,0.64,0.5
2021-07-09,33.98,25.6,62.94,1.66,0.5
2021-07-10,38.12,25.25,57.18,0.4,0.5
2021-07-11,40.53,27.07,51.69,1.09,0.5
2021-07-12,37.82,26.82,58.84,4.65,0.5
2021-07-13,35.08,24.38,62.14,3.38,0.51
2021-07-14,36.47,24.99,60.73,3.09,0.51
2021-07-15,36.83,25.35,60.78,0.63,0.51
2021-07-16,32.92,25.54,65.27,0.39,0.51
2021-07-17,35.16,24.64,61.37,0.66,0.5
2021-07-18,37.74,24.56,57.56,0.59,0.5
2021-07-19,35.51,25.95,62.42,0.43,0.5
2021-07-20,30.67,25.48,72.11,0.54,0.5
2021-07-21,36.29,24.82,59.23,0.21,0.5
2021-07-22,33.84,25.78,65.45,1.32,0.5
2021-07-23,35.34,24.91,63.51,1.09,0.5
2021-07-24,35.9,25.0,63.3,2.64,0.5
2021-07-25,34.26,25.2,69.11,4.57,0.51
2021-07-26,33.48,24.93,70.4,1.14,0.51
2021-07-27,36.25,24.27,65.8,0.65,0.51
2021-07-28,35.57,25.21,63.94,0.53,0.5
2021-07-29,36.43,25.28,58.01,0.55,0.5
2021-07-30,32.68,24.16,66.21,2.41,0.5
2021-07-31,34.13,24.86,70.81,5.04,0.51
2021-08-01,31.59,24.83,78.47,3.92,0.51
2021-08-02,32.43,24.28,73.94,0.93,0.51
2021-08-03,33.65,24.22,69.65,1.8,0.51
2021-08-04,34.74,23.69,63.33,0.39,0.51
2021-08-05,36.74,23.8,63.25,0.88,0.51
2021-08-06,34.93,24.3,66.97,1.68,0.5
2021-08-07,36.05,23.34,64.89,0.81,0.5
2021-08-08,37.4,24.66,61.42,0.57,0.5
2021-08-09,37.37,25.14,59.59,0.15,0.5
2021-08-10,34.91,25.76,61.31,0.68,0.5
2021-08-11,37.54,25.71,60.33,2.78,0.5
2021-08-12,35.05,25.2,63.95,1.74,0.5
2021-08-13,35.05,24.83,68.28,4.88,0.51
2021-08-14,33.95,24.38,66.93,2.63,0.51
2021-08-15,35.33,24.54,67.33,1.92,0.51
2021-08-16,32.59,24.71,75.97,4.59,0.51
2021-08-17,32.31,23.63,75.04,4.16,0.51
2021-08-18,29.74,23.07,81.05,6.99,0.52
2021-08-19,31.51,23.07,76.3,1.54,0.52
2021-08-20,32.1,23.69,73.04,0.28,0.52
2021-08-21,35.82,22.85,61.24,0.81,0.52
2021-08-22,35.57,23.85,64.27,2.11,0.51
2021-08-23,34.51,25.12,66.71,0.96,0.51
2021-08-24,33.94,24.38,69.31,0.98,0.51
2021-08-25,33.57,24.64,67.23,1.88,0.51
2021-08-26,36.95,24.28,59.85,0.81,0.51
2021-08-27,37.97,25.3,60.7,0.76,0.51
2021-08-28,38.71,25.86,58.71,0.81,0.51
2021-08-29,34.13,25.4,65.36,0.46,0.5
2021-08-30,36.82,25.28,56.45,0.15,0.5
2021-08-31,38.34,25.5,52.85,0.68,0.5
2021-09-01,33.11,26.02,64.08,1.53,0.5
2021-09-02,38.82,25.37,55.13,0.35,0.5
2021-09-03,36.45,25.43,58.17,0.34,0.5
2021-09-04,35.85,25.5,59.23,0.08,0.5
2021-09-05,35.15,25.42,60.67,0.97,0.5
2021-09-06,35.61,24.75,61.22,0.89,0.5
2021-09-07,37.22,24.78,57.64,1.25,0.5
2021-09-08,35.95,25.23,59.81,1.53,0.5
2021-09-09,40.33,25.56,52.15,0.34,0.5
2021-09-10,38.52,26.32,55.73,0.23,0.5
2021-09-11,34.22,25.59,60.85,0.13,0.5
2021-09-12,38.4,24.57,55.23,0.03,0.5
2021-09-13,37.01,24.66,56.19,0.64,0.5
2021-09-14,35.16,25.63,58.03,1.11,0.5
2021-09-15,37.3,25.01,64.86,6.12,0.5
2021-09-16,34.49,25.49,73.38,2.88,0.51
2021-09-17,32.49,24.6,76.13,3.63,0.51
2021-09-18,35.15,23.72,66.82,1.49,0.51
2021-09-19,33.63,24.29,67.35,0.73,0.51
2021-09-20,30.32,24.7,78.62,6.92,0.52
2021-09-21,31.42,24.32,76.4,0.77,0.52
2021-09-22,36.14,24.16,65.34,1.33,0.51
2021-09-23,37.59,24.56,61.68,2.44,0.51
2021-09-24,35.57,25.22,66.97,4.26,0.51
2021-09-25,36.59,23.39,67.58,3.79,0.52
2021-09-26,36.08,24.64,63.25,0.12,0.52
2021-09-27,33.32,24.53,64.56,0.13,0.51
2021-09-28,32.21,24.68,71.06,0.29,0.51
2021-09-29,34.78,23.81,64.15,0.25,0.51
2021-09-30,36.88,24.95,55.58,0.18,0.51
2021-10-01,34.32,25.61,57.63,0.67,0.5
2021-10-02,35.23,24.8,62.92,0.6,0.5
2021-10-03,33.65,24.54,67.1,1.42,0.5
2021-10-04,36.06,23.99,59.7,0.07,0.5
2021-10-05,36.99,25.34,55.93,0.19,0.5
2021-10-06,38.0,25.35,51.61,0.24,0.5
2021-10-07,38.87,25.76,53.92,2.77,0.5
2021-10-08,34.12,26.12,63.28,0.06,0.5
2021-10-09,36.62,24.95,57.41,0.26,0.5
2021-10-10,38.7,25.64,55.69,1.41,0.5
2021-10-11,39.66,25.68,51.31,1.0,0.5
2021-10-12,37.76,25.44,48.56,0.21,0.5
2021-10-13,40.27,25.16,46.4,0.34,0.5
2021-10-14,41.25,26.12,40.83,0.13,0.5
2021-10-15,35.51,26.56,49.18,0.52,0.5
2021-10-16,34.39,24.74,54.24,0.56,0.5
2021-10-17,32.53,24.07,51.81,1.1,0.5
2021-10-18,36.18,22.25,52.95,0.27,0.5
2021-10-19,34.19,24.32,58.75,1.12,0.5
2021-10-20,34.45,24.23,67.98,2.33,0.5
2021-10-21,31.75,23.62,78.39,7.63,0.51
2021-10-22,33.17,22.95,75.17,2.65,0.51
2021-10-23,32.21,23.06,76.89,8.5,0.52
2021-10-24,34.13,22.13,68.72,0.63,0.52
2021-10-25,31.89,23.01,72.21,0.85,0.52
2021-10-26,34.0,22.59,65.46,0.71,0.51
2021-10-27,33.84,23.38,63.27,1.08,0.51
2021-10-28,33.02,24.5,65.78,2.21,0.51
2021-10-29,36.08,23.82,59.69,0.16,0.51
2021-10-30,34.84,24.15,60.41,0.32,0.51
2021-10-31,34.62,24.0,63.64,0.3,0.51
2021-11-01,34.66,22.9,59.29,0.14,0.5
2021-11-02,34.75,22.58,59.72,2.44,0.51
2021-11-03,33.81,22.36,62.65,1.86,0.51
2021-11-04,31.55,22.58,69.77,0.39,0.51
2021-11-05,33.23,22.32,63.38,0.0,0.51
2021-11-06,34.42,22.43,55.02,0.0,0.5
2021-11-07,35.84,21.31,46.04,0.0,0.5
2021-11-08,36.92,21.61,44.89,0.01,0.5
2021-11-09,35.67,22.27,54.25,0.04,0.5
2021-11-10,36.06,23.21,54.73,0.05,0.5
2021-11-11,34.41,24.06,55.31,0.06,0.5
2021-11-12,35.8,23.38,52.76,0.49,0.5
2021-11-13,30.22,23.63,71.18,3.66,0.5
2021-11-14,31.43,22.86,70.59,1.76,0.5
2021-11-15,31.32,22.27,72.46,6.04,0.51
2021-11-16,32.87,22.24,69.51,0.17,0.51
2021-11-17,34.38,22.2,61.99,0.13,0.51
2021-11-18,34.1,22.15,56.72,0.28,0.51
2021-11-19,33.79,20.75,51.81,0.0,0.5
2021-11-20,33.45,19.61,48.63,0.0,0.5
2021-11-21,34.22,19.27,45.44,0.0,0.5
2021-11-22,34.66,20.9,45.59,0.0,0.5
2021-11-23,34.14,22.62,43.38,0.04,0.5
2021-11-24,32.58,20.28,50.45,0.66,0.5
2021-11-25,32.53,20.12,52.24,0.0,0.5
2021-11-26,30.23,21.64,59.58,0.0,0.5
2021-11-27,32.24,20.22,56.65,0.19,0.5
2021-11-28,33.03,20.28,48.78,0.12,0.5
2021-11-29,33.88,20.76,46.72,0.0,0.5
2021-11-30,33.93,20.36,48.12,0.0,0.5
2021-12-01,33.48,19.93,45.06,0.0,0.5
2021-12-02,33.54,18.03,46.01,0.0,0.5
2021-12-03,33.06,17.88,47.12,0.01,0.5
2021-12-04,32.7,17.93,45.32,0.06,0.5
2021-12-05,32.41,17.65,50.57,1.17,0.5
2021-12-06,29.03,18.46,63.02,4.8,0.5
2021-12-07,30.46,18.1,62.62,1.7,0.5
2021-12-08,31.43,18.56,61.05,0.29,0.5
2021-12-09,32.8,18.96,58.76,0.05,0.5
2021-12-10,31.34,20.44,59.24,0.13,0.5
2021-12-11,31.28,19.93,60.04,0.75,0.5
2021-12-12,31.53,18.93,57.17,0.59,0.5
2021-12-13,30.17,18.18,54.19,0.21,0.5
2021-12-14,30.35,16.99,52.01,0.0,0.5
2021-12-15,30.04,15.93,50.74,0.0,0.5
2021-12-16,31.64,15.4,40.07,0.0,0.5
2021-12-17,32.46,14.78,40.52,0.0,0.5
2021-12-18,32.02,15.7,46.96,0.0,0.5
2021-12-19,29.5,16.68,53.46,0.0,0.5
2021-12-20,28.42,18.95,56.67,0.0,0.5
2021-12-21,28.78,16.71,54.03,0.12,0.5
2021-12-22,27.78,17.7,60.47,3.73,0.5
2021-12-23,26.43,14.98,59.84,1.8,0.5
2021-12-24,28.42,12.79,53.23,0.41,0.5
2021-12-25,28.47,14.08,48.07,0.0,0.5
2021-12-26,29.27,14.51,47.85,0.0,0.5
2021-12-27,29.68,15.09,48.24,0.0,0.5
2021-12-28,30.42,15.04,45.85,0.0,0.5
2021-12-29,31.21,14.98,43.98,0.0,0.5
2021-12-30,31.72,15.92,44.73,0.0,0.5
2021-12-31,31.12,15.82,45.98,0.0,0.5
2022-01-01,31.03,15.55,41.23,0.0,0.5
2022-01-02,30.49,15.67,40.35,0.0,0.5
2022-01-03,29.8,16.53,45.32,0.0,0.5
2022-01-04,30.71,15.52,41.99,0.0,0.49
2022-01-05,30.26,14.16,37.77,0.0,0.49
2022-01-06,30.89,14.55,34.77,0.0,0.49
2022-01-07,30.88,14.94,34.37,0.0,0.49
2022-01-08,31.72,16.02,34.57,0.0,0.49
2022-01-09,31.46,15.16,34.69,0.0,0.49
2022-01-10,30.64,15.76,36.32,0.0,0.49
2022-01-11,31.57,15.76,34.48,0.0,0.49
2022-01-12,29.74,18.73,37.82,0.07,0.49
2022-01-13,30.77,17.14,41.39,0.23,0.49
2022-01-14,30.63,16.05,45.97,0.77,0.49
2022-01-15,29.79,16.63,52.13,2.15,0.49
2022-01-16,27.39,17.03,61.1,1.69,0.5
2022-01-17,29.93,14.5,51.96,0.0,0.5
2022-01-18,30.29,14.4,43.85,0.03,0.5
2022-01-19,28.98,14.96,49.2,1.55,0.5
2022-01-20,26.39,14.19,59.43,1.18,0.5
2022-01-21,26.27,13.47,57.38,0.43,0.5
2022-01-22,27.57,11.86,45.93,0.12,0.5
2022-01-23,28.82,12.59,45.47,0.35,0.5
2022-01-24,28.28,14.14,46.27,0.86,0.5
2022-01-25,27.72,14.83,52.82,0.52,0.5
2022-01-26,27.47,15.26,63.47,1.33,0.5
2022-01-27,27.68,17.44,63.74,0.81,0.5
2022-01-28,26.73,13.01,55.78,0.02,0.5
2022-01-29,26.61,11.49,44.28,0.0,0.5
2022-01-30,26.67,11.09,35.72,0.0,0.5
2022-01-31,27.71,12.41,34.54,0.0,0.5
2022-02-01,27.33,10.71,35.52,0.45,0.5
2022-02-02,25.98,9.78,43.86,0.1,0.5
2022-02-03,29.37,11.95,43.01,0.0,0.5
2022-02-04,30.71,12.51,43.33,1.3,0.5
2022-02-05,29.49,13.89,49.63,6.62,0.5
2022-02-06,25.15,12.73,64.41,3.08,0.51
2022-02-07,27.6,9.93,43.03,0.0,0.51
2022-02-08,28.86,10.92,40.09,0.0,0.51
2022-02-09,28.82,11.14,37.67,0.0,0.5
2022-02-10,29.57,11.72,35.86,0.0,0.5
2022-02-11,30.4,12.96,37.31,0.0,0.5
2022-02-12,27.94,14.26,40.22,0.0,0.5
2022-02-13,30.69,10.7,32.93,0.0,0.5
2022-02-14,31.63,11.77,26.6,0.0,0.5
2022-02-15,32.23,12.64,24.63,0.0,0.5
2022-02-16,30.52,14.05,29.62,0.0,0.5
2022-02-17,30.85,14.91,31.11,0.0,0.49
2022-02-18,31.12,16.17,27.0,1.12,0.5
2022-02-19,30.25,13.87,31.61,0.71,0.5
2022-02-20,29.09,13.46,36.2,0.3,0.5
2022-02-21,24.33,13.73,49.37,3.5,0.5
2022-02-22,28.7,14.95,52.85,0.73,0.5
2022-02-23,30.46,13.56,42.24,0.0,0.5
2022-02-24,32.04,14.55,39.63,0.08,0.5
2022-02-25,33.58,15.26,36.55,0.0,0.5
2022-02-26,34.12,16.41,38.55,0.0,0.5
2022-02-27,33.81,17.2,35.73,0.0,0.5
2022-02-28,34.25,16.35,30.66,0.0,0.5
2022-03-01,34.71,16.58,31.97,0.0,0.49
2022-03-02,34.96,16.73,29.93,0.0,0.49
2022-03-03,35.45,16.86,24.9,0.0,0.49
2022-03-04,34.94,17.17,23.98,0.0,0.49
2022-03-05,34.09,17.91,21.22,0.0,0.49
2022-03-06,36.29,18.38,24.47,0.0,0.49
2022-03-07,37.64,19.05,25.26,0.09,0.49
2022-03-08,36.76,21.36,33.91,0.11,0.49
2022-03-09,36.9,20.88,34.06,0.0,0.49
2022-03-10,38.25,20.7,28.61,0.0,0.49
2022-03-11,38.04,20.64,23.77,0.0,0.49
2022-03-12,38.62,21.51,22.9,0.0,0.49
2022-03-13,38.58,22.36,23.97,0.0,0.49
2022-03-14,39.49,22.59,24.69,0.07,0.49
2022-03-15,38.74,23.47,24.79,0.01,0.49
2022-03-16,37.32,21.3,24.06,0.0,0.49
2022-03-17,38.23,20.86,27.32,0.0,0.49
2022-03-18,38.51,21.68,28.79,0.27,0.49
2022-03-19,38.4,23.88,24.72,0.0,0.49
2022-03-20,38.2,21.58,31.08,0.01,0.49
2022-03-21,38.1,22.33,31.39,0.17,0.49
2022-03-22,35.3,24.43,50.77,2.56,0.49
2022-03-23,31.39,23.83,68.98,6.21,0.5
2022-03-24,33.71,22.53,65.69,2.51,0.51
2022-03-25,35.71,20.77,51.42,1.73,0.51
2022-03-26,35.91,21.02,51.52,0.76,0.5
2022-03-27,34.83,22.37,50.25,0.62,0.5
2022-03-28,36.29,21.85,42.77,0.14,0.5
2022-03-29,35.43,22.48,48.28,0.02,0.5
2022-03-30,37.26,22.41,39.05,0.0,0.5
2022-03-31,38.07,23.53,37.05,0.0,0.5
2022-04-01,38.33,24.32,38.98,0.86,0.5
2022-04-02,38.02,24.04,42.36,0.11,0.5
2022-04-03,35.1,21.21,40.72,0.65,0.5
2022-04-04,37.36,22.79,40.25,2.87,0.5
2022-04-05,38.17,24.65,41.07,0.47,0.5
2022-04-06,37.93,25.15,42.41,0.42,0.5
2022-04-07,38.08,25.88,38.98,0.04,0.5
2022-04-08,35.32,25.14,43.8,0.29,0.5
2022-04-09,37.83,25.85,37.12,0.37,0.49
2022-04-10,38.58,24.02,31.23,0.04,0.49
2022-04-11,38.39,24.55,37.27,0.21,0.49
2022-04-12,37.31,26.44,40.09,0.07,0.49
2022-04-13,39.67,25.84,36.89,0.0,0.49
2022-04-14,39.44,25.01,39.36,0.38,0.49
2022-04-15,37.64,25.41,47.46,1.53,0.49
2022-04-16,38.74,25.86,44.91,3.19,0.5
2022-04-17,33.3,25.33,62.22,5.07,0.51
2022-04-18,32.48,24.21,65.54,5.24,0.51
2022-04-19,35.06,23.42,60.49,3.42,0.51
2022-04-20,34.47,24.13,60.19,2.06,0.51
2022-04-21,33.89,23.31,58.74,0.12,0.51
2022-04-22,35.91,22.93,54.15,0.29,0.51
2022-04-23,37.97,24.22,48.14,0.08,0.5
2022-04-24,39.33,25.75,41.88,0.21,0.5
2022-04-25,40.04,25.22,39.04,0.0,0.5
2022-04-26,38.84,27.22,42.8,0.39,0.5
2022-04-27,40.61,27.45,34.98,0.03,0.5
2022-04-28,41.4,27.14,38.12,0.02,0.5
2022-04-29,36.6,27.69,45.72,2.5,0.5
2022-04-30,38.95,26.47,49.23,5.24,0.5
2022-05-01,36.7,25.17,55.37,0.85,0.5
2022-05-02,38.96,25.57,45.76,2.12,0.5
2022-05-03,32.27,22.74,56.18,0.82,0.5
2022-05-04,31.98,23.95,59.28,3.42,0.5
2022-05-05,34.25,22.72,59.41,1.26,0.51
2022-05-06,37.12,23.24,50.81,0.05,0.5
2022-05-07,38.16,25.61,48.02,0.42,0.5
2022-05-08,34.87,25.68,62.91,4.97,0.51
2022-05-09,32.57,24.55,72.54,7.04,0.51
2022-05-10,30.07,23.79,78.13,7.91,0.53
2022-05-11,31.47,23.22,73.44,8.85,0.53
2022-05-12,34.33,23.11,68.81,8.39,0.54
2022-05-13,35.49,23.77,67.17,10.15,0.55
2022-05-14,37.11,24.28,62.0,0.69,0.54
2022-05-15,37.61,24.77,60.25,0.6,0.53
2022-05-16,34.0,25.8,63.94,1.08,0.53
2022-05-17,33.62,25.36,64.71,1.6,0.52
2022-05-18,34.23,24.33,64.63,2.9,0.52
2022-05-19,33.52,25.17,67.15,2.05,0.52
2022-05-20,32.94,25.37,68.22,2.82,0.52
2022-05-21,36.04,23.89,61.93,4.46,0.52
2022-05-22,36.15,24.39,61.07,0.22,0.52
2022-05-23,34.31,24.84,60.04,0.19,0.52
2022-05-24,36.21,24.26,55.4,0.19,0.51
2022-05-25,34.92,24.73,62.39,0.56,0.51
2022-05-26,36.39,24.28,56.2,0.74,0.51
2022-05-27,37.0,23.97,56.66,1.08,0.51
2022-05-28,36.86,24.66,54.6,0.61,0.5
2022-05-29,36.37,24.7,56.74,0.18,0.5
2022-05-30,37.42,25.11,49.69,0.3,0.5
2022-05-31,35.92,25.36,52.88,0.63,0.5
2022-06-01,36.67,25.28,55.65,1.75,0.5
2022-06-02,35.08,24.88,58.86,4.16,0.5
2022-06-03,31.26,25.07,66.87,1.66,0.51
2022-06-04,33.65,24.35,66.92,3.49,0.51
2022-06-05,35.45,24.5,61.93,1.32,0.51
2022-06-06,36.7,24.86,55.56,0.69,0.51
2022-06-07,36.19,25.13,60.81,5.7,0.51
2022-06-08,35.7,24.82,64.51,2.16,0.51
2022-06-09,32.84,23.72,70.3,3.01,0.51
2022-06-10,35.1,23.9,67.03,3.12,0.51
2022-06-11,35.2,25.08,66.26,2.15,0.51
2022-06-12,33.34,23.66,65.0,1.59,0.51
2022-06-13,35.49,24.23,62.15,0.62,0.51
2022-06-14,33.34,24.22,66.64,0.95,0.51
2022-06-15,33.28,25.08,62.28,0.97,0.51
2022-06-16,34.75,23.93,64.55,3.66,0.51
2022-06-17,32.64,23.98,72.67,3.34,0.51
2022-06-18,34.74,22.82,65.62,2.41,0.51
2022-06-19,31.59,23.31,70.03,2.75,0.51
2022-06-20,32.37,23.58,71.24,1.23,0.51
2022-06-21,34.94,22.45,65.49,1.12,0.51
2022-06-22,33.37,23.31,69.65,2.7,0.51
2022-06-23,32.58,23.9,71.35,2.14,0.51
2022-06-24,33.5,23.7,70.14,5.06,0.51
2022-06-25,35.81,22.9,63.12,1.34,0.51
2022-06-26,37.37,24.24,58.55,1.36,0.51
2022-06-27,35.87,25.09,63.18,4.12,0.51
2022-06-28,33.2,24.4,70.77,2.31,0.51
2022-06-29,32.43,24.39,68.6,3.74,0.52
2022-06-30,32.53,23.98,74.92,5.77,0.52
2022-07-01,33.16,24.5,75.06,3.14,0.52
2022-07-02,34.52,24.08,72.42,2.43,0.52
2022-07-03,33.45,24.37,71.24,0.78,0.52
2022-07-04,34.09,24.22,65.25,0.18,0.52
2022-07-05,34.44,24.73,66.57,1.7,0.51
2022-07-06,35.97,24.56,64.01,1.92,0.51
2022-07-07,37.12,24.42,63.06,1.95,0.51
2022-07-08,37.06,24.07,62.19,0.62,0.51
2022-07-09,36.34,24.7,58.96,0.2,0.51
2022-07-10,37.48,24.82,58.32,0.58,0.5
2022-07-11,35.51,25.78,57.51,0.05,0.5
2022-07-12,36.79,25.67,56.77,0.13,0.5
2022-07-13,33.91,26.65,64.45,1.3,0.5
2022-07-14,35.29,25.57,60.51,1.15,0.5
2022-07-15,38.34,26.48,55.02,0.29,0.5
2022-07-16,36.85,25.89,55.41,0.28,0.5
2022-07-17,37.76,25.19,57.08,0.54,0.5
2022-07-18,38.15,26.4,56.52,0.37,0.5
2022-07-19,36.8,24.85,60.51,2.43,0.5
2022-07-20,36.38,25.36,58.72,0.4,0.5
2022-07-21,37.51,25.57,56.59,1.25,0.5
2022-07-22,33.72,25.4,68.04,1.56,0.5
2022-07-23,35.84,24.56,66.4,2.81,0.5
2022-07-24,33.88,24.01,68.37,1.5,0.51
2022-07-25,36.42,25.06,57.7,0.14,0.5
2022-07-26,36.51,26.26,54.23,0.04,0.5
2022-07-27,38.35,26.44,48.57,0.0,0.5
2022-07-28,38.33,26.93,50.65,2.32,0.5
2022-07-29,37.31,26.49,55.53,1.48,0.5
2022-07-30,34.17,26.21,67.43,4.67,0.51
2022-07-31,34.18,25.11,65.78,0.23,0.51
2022-08-01,35.13,25.41,65.03,1.86,0.51
2022-08-02,35.65,25.51,67.29,2.12,0.51
2022-08-03,36.23,25.35,62.97,0.31,0.51
2022-08-04,36.65,25.51,58.31,0.41,0.5
2022-08-05,33.32,24.92,68.08,2.18,0.5
2022-08-06,34.65,25.31,65.48,0.37,0.5
2022-08-07,32.75,25.13,72.19,4.56,0.5
2022-08-08,34.99,25.09,70.17,1.62,0.51
2022-08-09,34.78,24.24,65.66,1.6,0.51
2022-08-10,33.66,24.17,66.45,0.71,0.51
2022-08-11,36.03,23.76,64.24,3.3,0.51
2022-08-12,31.55,24.53,77.27,2.38,0.51
2022-08-13,33.46,23.66,70.25,1.32,0.51
2022-08-14,36.11,23.92,62.85,0.55,0.51
2022-08-15,37.43,24.28,60.02,1.28,0.51
2022-08-16,37.32,25.27,63.3,4.51,0.51
2022-08-17,34.62,26.13,67.12,2.45,0.51
2022-08-18,32.53,24.99,69.78,2.63,0.51
2022-08-19,35.77,23.71,65.56,1.27,0.51
2022-08-20,35.28,24.44,67.68,1.85,0.51
2022-08-21,33.79,24.38,70.61,1.79,0.51
2022-08-22,32.41,25.13,75.24,2.85,0.51
2022-08-23,37.16,24.0,62.05,0.13,0.51
2022-08-24,35.04,24.64,61.85,0.04,0.51
2022-08-25,35.76,25.7,56.27,0.08,0.5
2022-08-26,32.48,24.57,76.77,6.7,0.51
2022-08-27,30.53,23.84,78.51,1.41,0.52
2022-08-28,35.35,23.27,66.08,0.78,0.51
2022-08-29,36.31,24.87,59.14,0.26,0.51
2022-08-30,36.59,25.43,57.71,0.02,0.51
2022-08-31,35.08,25.61,63.07,2.04,0.51
2022-09-01,35.52,25.53,62.66,0.65,0.51
2022-09-02,37.21,25.32,57.35,0.41,0.5
2022-09-03,38.08,25.94,54.72,1.02,0.5
2022-09-04,36.42,25.04,62.77,1.78,0.5
2022-09-05,36.69,25.66,61.29,2.41,0.5
2022-09-06,40.23,26.0,53.92,0.12,0.5
2022-09-07,39.94,26.49,47.45,0.19,0.5
2022-09-08,39.99,25.41,47.78,0.64,0.5
2022-09-09,35.75,25.77,62.16,4.06,0.5
2022-09-10,30.95,24.95,77.84,5.12,0.51
2022-09-11,27.79,22.54,84.19,5.18,0.52
2022-09-12,30.9,21.73,76.5,6.31,0.53
2022-09-13,34.03,22.07,73.58,2.24,0.53
2022-09-14,33.17,23.82,76.24,2.44,0.52
2022-09-15,34.18,23.03,72.13,3.23,0.52
2022-09-16,32.14,23.65,75.6,1.55,0.52
2022-09-17,34.04,24.03,70.91,1.15,0.52
2022-09-18,34.42,23.72,69.43,1.53,0.52
2022-09-19,34.81,24.63,68.05,0.43,0.51
2022-09-20,34.64,23.17,70.27,1.83,0.51
2022-09-21,34.92,23.72,66.22,1.33,0.51
2022-09-22,36.73,24.77,61.71,0.29,0.51
2022-09-23,36.33,24.62,63.3,1.91,0.51
2022-09-24,37.08,24.11,64.01,1.6,0.51
2022-09-25,37.44,24.49,60.2,0.4,0.51
2022-09-26,37.65,24.88,57.5,0.51,0.51
2022-09-27,37.58,25.5,57.7,0.01,0.5
2022-09-28,39.65,25.09,51.94,0.11,0.5
2022-09-29,39.41,26.31,51.42,0.31,0.5
2022-09-30,39.86,26.17,51.65,0.8,0.5
2022-10-01,36.63,26.09,66.82,4.25,0.5
2022-10-02,32.13,24.93,74.52,2.58,0.51
2022-10-03,32.92,24.29,77.33,3.14,0.51
2022-10-04,36.22,24.26,66.48,1.72,0.51
2022-10-05,36.38,24.04,64.14,0.37,0.51
2022-10-06,35.61,24.07,62.22,0.37,0.51
2022-10-07,37.66,24.45,54.92,0.41,0.51
2022-10-08,36.43,24.72,61.89,2.45,0.51
2022-10-09,35.27,24.55,66.68,3.18,0.51
2022-10-10,31.79,25.01,74.31,1.82,0.51
2022-10-11,33.81,24.02,66.82,0.9,0.51
2022-10-12,34.39,22.88,66.57,2.05,0.51
2022-10-13,35.29,23.62,63.29,0.22,0.51
2022-10-14,36.35,24.62,57.73,0.54,0.51
2022-10-15,36.79,24.96,54.26,0.04,0.5
2022-10-16,39.27,24.5,47.14,0.11,0.5
2022-10-17,37.42,24.09,47.66,0.08,0.5
2022-10-18,37.19,23.87,44.28,0.12,0.5
2022-10-19,37.08,22.05,40.36,0.11,0.5
2022-10-20,37.4,21.25,39.98,0.04,0.5
2022-10-21,38.08,21.81,44.02,0.0,0.5
2022-10-22,38.14,23.99,47.41,0.12,0.5
2022-10-23,37.93,24.66,52.41,1.23,0.5
2022-10-24,36.52,23.13,56.33,2.07,0.5
2022-10-25,35.34,23.02,61.44,0.99,0.5
2022-10-26,33.99,23.7,60.85,0.24,0.5
2022-10-27,36.14,22.81,48.56,0.13,0.5
2022-10-28,35.59,23.09,48.16,0.43,0.5
2022-10-29,35.89,24.3,52.22,0.03,0.5
2022-10-30,35.79,25.09,51.75,0.0,0.5
2022-10-31,37.22,24.12,48.59,0.0,0.5
2022-11-01,36.6,23.09,46.85,0.0,0.5
2022-11-02,36.48,20.99,42.65,0.01,0.5
2022-11-03,36.34,19.56,34.98,0.0,0.5
2022-11-04,35.56,19.93,38.11,0.0,0.49
2022-11-05,34.76,22.31,42.33,0.0,0.49
2022-11-06,35.18,21.68,42.11,0.0,0.49
2022-11-07,34.82,19.74,39.82,0.0,0.49
2022-11-08,35.5,18.97,36.07,0.0,0.49
2022-11-09,34.85,18.77,37.49,0.0,0.49
2022-11-10,35.03,19.69,38.69,0.0,0.49
2022-11-11,34.78,19.19,40.58,0.0,0.49
2022-11-12,34.37,19.6,41.42,0.0,0.49
2022-11-13,34.97,19.95,41.71,0.0,0.49
2022-11-14,35.31,19.49,45.22,0.0,0.49
2022-11-15,34.46,20.56,42.07,0.01,0.49
2022-11-16,34.5,18.91,38.57,0.0,0.49
2022-11-17,34.59,19.95,37.66,0.45,0.49
2022-11-18,34.47,22.52,33.48,0.02,0.49
2022-11-19,35.51,20.74,41.44,0.62,0.49
2022-11-20,34.08,22.65,42.47,0.09,0.49
2022-11-21,34.68,21.77,39.62,0.0,0.49
2022-11-22,36.19,21.15,40.63,0.0,0.49
2022-11-23,35.77,19.9,40.0,0.0,0.49
2022-11-24,35.35,19.24,41.65,0.18,0.49
2022-11-25,35.0,18.86,48.3,1.49,0.49
2022-11-26,34.31,20.2,41.26,0.01,0.49
2022-11-27,33.55,20.77,48.57,0.02,0.49
2022-11-28,32.57,22.87,59.34,0.52,0.49
2022-11-29,33.86,21.97,55.9,0.64,0.49
2022-11-30,34.2,21.69,50.49,0.12,0.49
2022-12-01,34.18,22.16,60.77,11.83,0.5
2022-12-02,32.82,22.19,66.87,0.72,0.52
2022-12-03,33.02,20.92,62.33,0.0,0.51
2022-12-04,33.38,19.63,57.38,0.0,0.51
2022-12-05,33.52,19.35,51.11,0.0,0.51
2022-12-06,33.11,19.1,48.19,0.0,0.5
2022-12-07,32.78,18.69,47.1,0.0,0.5
2022-12-08,33.03,19.16,48.58,0.0,0.5
2022-12-09,31.67,17.98,47.7,0.02,0.5
2022-12-10,31.28,18.22,46.23,0.02,0.5
2022-12-11,32.34,16.98,43.36,0.0,0.5
2022-12-12,32.57,17.02,43.43,0.0,0.5
2022-12-13,31.57,17.45,44.88,0.0,0.5
2022-12-14,31.5,17.45,52.88,0.0,0.5
2022-12-15,30.8,19.07,52.01,0.0,0.5
2022-12-16,30.6,16.18,47.97,0.0,0.5
2022-12-17,32.77,16.74,51.79,0.94,0.5
2022-12-18,29.58,17.75,63.23,1.81,0.5
2022-12-19,28.65,18.6,58.94,0.06,0.5
2022-12-20,30.27,19.88,56.26,0.0,0.5
2022-12-21,31.07,18.58,46.85,0.0,0.5
2022-12-22,30.46,16.2,39.95,0.0,0.5
2022-12-23,31.01,15.72,38.46,0.0,0.5
2022-12-24,31.29,15.53,36.19,0.0,0.5
2022-12-25,30.03,15.17,38.07,0.0,0.5
2022-12-26,29.31,14.37,43.92,0.36,0.5
2022-12-27,28.62,14.21,43.25,0.44,0.5
2022-12-28,28.56,14.53,47.0,0.34,0.5
2022-12-29,27.47,16.37,55.16,0.64,0.5
2022-12-30,27.74,16.14,50.76,0.21,0.5
2022-12-31,27.46,14.07,48.37,0.11,0.5
2023-01-01,28.04,12.95,49.19,0.3,0.5
2023-01-02,29.46,13.89,44.7,0.0,0.5
2023-01-03,30.03,14.81,46.7,0.0,0.5
2023-01-04,29.92,14.24,45.5,0.0,0.5
2023-01-05,31.04,15.2,41.05,0.0,0.49
2023-01-06,32.23,15.13,47.17,0.0,0.49
2023-01-07,30.83,17.91,48.91,0.0,0.49
2023-01-08,30.54,15.87,46.06,0.0,0.49
2023-01-09,30.44,15.75,42.11,0.0,0.49
2023-01-10,29.77,14.79,42.49,0.0,0.49
2023-01-11,29.73,14.71,41.9,0.0,0.49
2023-01-12,29.67,14.24,40.21,0.0,0.49
2023-01-13,30.08,13.82,32.39,0.0,0.49
2023-01-14,29.73,14.45,26.76,0.0,0.49
2023-01-15,28.67,12.83,39.04,0.0,0.49
2023-01-16,29.66,12.97,39.6,0.0,0.49
2023-01-17,29.63,13.39,39.61,0.0,0.49
2023-01-18,29.09,14.01,41.6,0.0,0.49
2023-01-19,30.28,13.64,37.64,0.0,0.49
2023-01-20,30.17,13.59,35.27,0.0,0.49
2023-01-21,30.05,13.35,31.13,0.0,0.49
2023-01-22,30.73,13.12,30.09,0.0,0.49
2023-01-23,30.94,12.94,30.05,0.0,0.49
2023-01-24,34.17,13.11,26.56,0.0,0.49
2023-01-25,31.25,14.5,43.12,0.0,0.49
2023-01-26,32.23,14.47,31.57,0.0,0.49
2023-01-27,34.32,16.09,32.32,0.0,0.49
2023-01-28,32.15,16.43,45.29,0.0,0.49
2023-01-29,32.94,17.72,47.69,0.0,0.49
2023-01-30,32.65,18.18,45.47,0.0,0.49
2023-01-31,33.12,18.15,44.43,0.0,0.49
2023-02-01,34.24,18.61,41.18,0.0,0.49
2023-02-02,34.08,19.75,38.44,0.1,0.49
2023-02-03,33.69,19.49,39.75,0.31,0.49
2023-02-04,32.95,18.24,35.03,0.0,0.49
2023-02-05,31.89,14.25,23.3,0.0,0.49
2023-02-06,30.83,14.2,26.29,0.0,0.49
2023-02-07,29.91,13.69,25.92,0.0,0.49
2023-02-08,31.09,15.93,26.69,0.0,0.49
2023-02-09,32.01,13.98,28.5,0.0,0.49
2023-02-10,32.25,14.85,28.72,0.0,0.49
2023-02-11,31.5,16.89,28.76,0.0,0.49
2023-02-12,32.2,15.67,27.4,0.0,0.49
2023-02-13,32.59,16.35,27.68,0.0,0.49
2023-02-14,34.09,15.54,30.55,0.0,0.49
2023-02-15,34.46,16.06,28.11,0.11,0.49
2023-02-16,32.39,16.5,49.51,8.74,0.5
2023-02-17,31.52,17.26,58.6,2.25,0.51
2023-02-18,31.31,17.32,55.85,0.0,0.51
2023-02-19,33.55,16.55,44.03,0.0,0.5
2023-02-20,33.03,17.19,40.89,0.0,0.5
2023-02-21,33.43,17.29,39.96,0.0,0.5
2023-02-22,34.03,17.22,38.02,0.0,0.5
2023-02-23,33.37,16.79,35.98,0.0,0.5
2023-02-24,34.63,16.86,34.41,0.0,0.5
2023-02-25,34.96,17.6,31.94,0.03,0.5
2023-02-26,32.7,20.87,52.03,2.81,0.5
2023-02-27,31.93,19.39,52.19,3.98,0.5
2023-02-28,32.83,18.12,45.56,0.0,0.5
2023-03-01,33.98,17.3,39.56,0.0,0.5
2023-03-02,34.9,18.18,36.33,0.0,0.5
2023-03-03,35.06,18.1,32.03,0.0,0.5
2023-03-04,35.11,17.91,27.57,0.0,0.5
2023-03-05,35.52,17.21,27.33,0.0,0.5
2023-03-06,34.73,18.76,35.13,0.0,0.49
2023-03-07,35.14,19.16,35.12,0.0,0.49
2023-03-08,34.75,21.33,30.02,0.0,0.49
2023-03-09,36.78,21.93,27.59,0.0,0.49
2023-03-10,35.89,20.77,25.8,0.0,0.49
2023-03-11,36.23,21.62,25.97,0.0,0.49
2023-03-12,37.18,21.78,27.62,0.07,0.49
2023-03-13,37.33,22.38,28.89,1.09,0.49
2023-03-14,34.74,21.15,44.35,0.99,0.49
2023-03-15,33.03,20.28,43.9,1.14,0.5
2023-03-16,33.69,21.85,46.59,0.32,0.5
2023-03-17,34.78,21.03,39.88,0.01,0.5
2023-03-18,34.06,21.86,35.02,0.05,0.5
2023-03-19,34.11,20.08,38.9,0.56,0.5
2023-03-20,32.73,21.59,44.53,2.73,0.5
2023-03-21,31.63,19.55,47.22,1.09,0.5
2023-03-22,32.47,19.73,43.68,0.94,0.5
2023-03-23,33.26,19.02,45.24,0.14,0.5
2023-03-24,34.83,19.99,43.19,0.0,0.5
2023-03-25,35.89,20.93,37.61,0.0,0.5
2023-03-26,35.84,21.74,37.75,0.05,0.5
2023-03-27,36.72,21.54,37.71,0.2,0.49
2023-03-28,35.89,21.83,40.0,0.44,0.49
2023-03-29,35.2,21.77,46.64,0.51,0.49
2023-03-30,35.69,23.54,41.5,0.4,0.49
2023-03-31,36.05,21.82,42.18,0.69,0.5
2023-04-01,36.93,22.76,40.48,0.68,0.5
2023-04-02,34.79,20.85,49.22,1.69,0.5
2023-04-03,34.04,21.01,52.57,1.64,0.5
2023-04-04,34.83,21.3,47.36,0.07,0.5
2023-04-05,37.21,22.27,37.6,0.16,0.5
2023-04-06,37.8,22.96,38.51,0.02,0.5
2023-04-07,38.28,22.64,30.51,0.0,0.49
2023-04-08,39.02,24.62,27.15,0.0,0.49
2023-04-09,38.86,24.46,25.44,0.0,0.49
2023-04-10,38.29,23.97,28.55,0.0,0.49
2023-04-11,39.51,24.12,29.15,0.0,0.49
2023-04-12,39.49,24.41,27.39,0.0,0.49
2023-04-13,39.48,25.04,24.93,0.0,0.49
2023-04-14,40.27,22.95,26.08,0.0,0.49
2023-04-15,40.5,26.23,26.91,0.0,0.49
2023-04-16,39.45,26.06,30.54,0.0,0.49
2023-04-17,40.19,25.82,36.26,0.0,0.49
2023-04-18,40.38,26.37,30.26,0.0,0.49
2023-04-19,40.41,26.92,36.63,0.05,0.49
2023-04-20,40.46,26.17,39.32,2.48,0.49
2023-04-21,39.77,25.25,44.76,0.28,0.49
2023-04-22,37.73,25.63,47.24,0.89,0.49
2023-04-23,38.72,25.59,38.12,0.21,0.49
2023-04-24,36.42,25.84,37.21,0.28,0.49
2023-04-25,39.16,25.01,34.82,0.0,0.49
2023-04-26,40.52,25.83,29.06,0.19,0.49
2023-04-27,38.74,24.8,34.4,0.41,0.49
2023-04-28,38.67,25.59,35.49,0.15,0.49
2023-04-29,39.27,27.17,36.52,0.14,0.49
2023-04-30,40.32,25.93,31.42,0.0,0.49
2023-05-01,39.67,25.86,33.35,0.62,0.49
2023-05-02,38.03,26.43,38.35,0.23,0.49
2023-05-03,39.02,27.05,34.82,0.03,0.49
2023-05-04,39.24,26.84,35.78,0.41,0.49
2023-05-05,39.42,27.0,34.64,0.15,0.49
2023-05-06,39.99,26.26,36.78,0.2,0.49
2023-05-07,40.61,27.46,32.26,0.0,0.49
2023-05-08,41.94,28.36,31.58,2.37,0.49
2023-05-09,40.41,27.27,41.96,0.95,0.49
2023-05-10,37.9,27.03,51.78,5.01,0.5
2023-05-11,37.69,26.93,52.36,0.19,0.5
2023-05-12,32.78,25.66,64.11,1.8,0.5
2023-05-13,30.29,24.23,74.28,5.18,0.51
2023-05-14,37.89,23.64,59.15,4.59,0.51
2023-05-15,32.96,25.32,67.0,6.73,0.52
2023-05-16,35.16,23.8,63.38,1.4,0.52
2023-05-17,33.87,23.87,66.89,1.35,0.51
2023-05-18,34.94,24.11,63.02,0.13,0.51
2023-05-19,37.23,23.88,53.93,0.18,0.51
2023-05-20,38.55,24.86,50.17,0.0,0.5
2023-05-21,39.44,24.7,43.98,0.2,0.5
2023-05-22,38.95,25.25,44.43,0.05,0.5
2023-05-23,38.16,27.7,45.27,0.05,0.5
2023-05-24,35.91,26.9,50.7,3.02,0.5
2023-05-25,35.44,25.55,56.05,1.45,0.5
2023-05-26,37.4,25.13,55.6,1.45,0.5
2023-05-27,38.42,25.68,51.48,0.01,0.5
2023-05-28,39.36,26.13,47.49,0.08,0.5
2023-05-29,41.64,27.43,37.7,0.66,0.5
2023-05-30,41.62,27.9,39.47,0.01,0.5
2023-05-31,41.66,28.76,39.45,0.18,0.49
2023-06-01,39.12,28.22,49.26,0.16,0.49
2023-06-02,36.1,27.54,52.62,4.66,0.5
2023-06-03,38.66,26.05,49.48,1.0,0.5
2023-06-04,38.61,26.54,47.31,0.0,0.5
2023-06-05,38.51,27.31,47.51,0.14,0.5
2023-06-06,34.45,26.3,62.44,4.51,0.5
2023-06-07,34.67,25.15,70.58,5.24,0.51
2023-06-08,33.47,25.37,69.37,1.56,0.51
2023-06-09,36.7,25.36,66.05,1.48,0.51
2023-06-10,35.43,25.49,65.19,2.73,0.51
2023-06-11,36.6,25.01,60.66,0.69,0.51
2023-06-12,36.83,24.76,58.93,5.09,0.51
2023-06-13,35.87,24.9,63.8,1.4,0.51
2023-06-14,34.52,24.58,66.42,5.89,0.51
2023-06-15,36.81,24.43,62.06,1.71,0.51
2023-06-16,37.99,24.9,59.3,1.35,0.51
2023-06-17,38.58,25.06,55.73,2.48,0.51
2023-06-18,38.74,25.59,54.5,0.17,0.5
2023-06-19,37.01,26.21,56.92,0.74,0.5
2023-06-20,37.15,25.58,56.86,1.5,0.5
2023-06-21,35.3,25.06,59.94,2.34,0.5
2023-06-22,34.99,25.01,60.32,2.61,0.5
2023-06-23,33.57,24.95,62.98,4.96,0.51
2023-06-24,31.51,24.56,69.88,1.28,0.51
2023-06-25,35.24,23.32,64.35,1.11,0.51
2023-06-26,35.66,24.49,59.51,1.13,0.5
2023-06-27,37.2,24.14,57.73,0.63,0.5
2023-06-28,38.6,24.48,55.14,0.96,0.5
2023-06-29,39.02,25.42,53.66,0.67,0.5
2023-06-30,39.08,25.67,51.71,0.57,0.5
2023-07-01,36.31,26.36,55.43,1.04,0.5
2023-07-02,39.06,25.27,52.84,2.5,0.5
2023-07-03,37.61,26.3,54.75,1.59,0.5
2023-07-04,37.11,26.24,55.87,0.82,0.5
2023-07-05,36.35,25.54,58.07,2.92,0.5
2023-07-06,34.92,25.86,61.75,0.53,0.5
2023-07-07,38.0,25.25,55.55,0.31,0.5
2023-07-08,38.28,26.34,52.44,0.23,0.5
2023-07-09,37.3,26.19,60.38,1.58,0.5
2023-07-10,35.65,26.21,59.98,0.39,0.5
2023-07-11,37.96,25.16,54.35,2.31,0.5
2023-07-12,36.1,24.93,58.49,2.02,0.5
2023-07-13,34.91,25.36,63.67,2.51,0.5
2023-07-14,36.11,25.27,62.15,1.05,0.5
2023-07-15,36.86,24.0,59.54,0.88,0.5
2023-07-16,36.73,25.17,53.61,0.05,0.5
2023-07-17,39.03,25.9,50.35,0.06,0.5
2023-07-18,38.64,26.95,50.33,0.44,0.5
2023-07-19,39.12,26.61,54.69,2.12,0.5
2023-07-20,31.77,25.87,67.65,1.37,0.5
2023-07-21,37.3,25.88,57.81,0.66,0.5
2023-07-22,38.89,26.71,53.09,0.26,0.5
2023-07-23,38.32,27.43,51.14,0.49,0.5
2023-07-24,41.14,26.91,47.6,0.13,0.5
2023-07-25,39.13,27.09,50.75,0.43,0.5
2023-07-26,38.48,26.59,54.45,0.54,0.5
2023-07-27,38.36,25.46,56.95,3.34,0.5
2023-07-28,35.98,25.88,62.95,4.9,0.5
2023-07-29,37.25,25.51,63.67,1.73,0.5
2023-07-30,36.79,25.75,63.18,2.38,0.5
2023-07-31,36.47,26.94,62.56,1.37,0.5
2023-08-01,35.92,26.06,69.01,2.11,0.5
2023-08-02,32.79,25.72,70.58,1.07,0.5
2023-08-03,32.96,24.44,68.72,1.85,0.5
2023-08-04,34.65,24.37,66.44,4.95,0.5
2023-08-05,35.52,24.4,67.48,2.78,0.51
2023-08-06,31.95,24.6,75.31,2.52,0.51
2023-08-07,33.94,24.22,73.87,5.98,0.51
2023-08-08,33.89,23.57,72.96,4.44,0.52
2023-08-09,34.7,23.3,74.62,7.37,0.52
2023-08-10,32.07,24.24,72.44,0.43,0.52
2023-08-11,32.08,23.7,68.82,0.18,0.52
2023-08-12,33.33,23.7,66.76,0.38,0.51
2023-08-13,36.21,23.53,63.77,0.66,0.51
2023-08-14,34.99,24.23,67.56,1.58,0.51
2023-08-15,34.48,25.02,66.83,0.29,0.51
2023-08-16,30.3,24.83,77.93,2.02,0.51
2023-08-17,36.24,24.45,64.55,0.53,0.51
2023-08-18,37.0,24.37,60.02,0.49,0.5
2023-08-19,37.06,24.34,58.76,0.84,0.5
2023-08-20,37.68,26.55,58.03,1.5,0.5
2023-08-21,30.87,25.89,75.78,1.26,0.5
2023-08-22,37.34,24.88,60.19,1.17,0.5
2023-08-23,36.6,25.01,60.27,1.14,0.5
2023-08-24,37.3,24.39,58.69,1.0,0.5
2023-08-25,36.42,24.74,61.42,1.37,0.5
2023-08-26,35.65,24.78,70.13,1.9,0.5
2023-08-27,35.27,24.34,67.42,1.33,0.5
2023-08-28,36.61,24.2,60.42,0.15,0.5
2023-08-29,36.05,26.31,64.01,1.56,0.5
2023-08-30,32.61,25.14,71.25,1.46,0.5
2023-08-31,36.29,25.89,60.93,0.63,0.5
2023-09-01,36.03,25.81,63.5,4.14,0.5
2023-09-02,33.71,25.85,66.44,1.05,0.51
2023-09-03,36.31,25.86,59.54,0.22,0.5
2023-09-04,39.71,25.69,57.48,2.14,0.5
2023-09-05,34.86,25.97,63.57,1.88,0.51
2023-09-06,34.79,26.08,66.41,3.37,0.5
2023-09-07,32.66,24.59,76.63,10.75,0.52
2023-09-08,29.52,24.56,83.45,14.18,0.54
2023-09-09,35.0,24.01,72.45,4.06,0.55
2023-09-10,34.83,24.73,74.69,5.74,0.54
2023-09-11,35.06,24.62,74.01,4.21,0.54
2023-09-12,31.75,24.7,79.87,2.33,0.54
2023-09-13,33.64,23.84,74.61,3.13,0.54
2023-09-14,34.25,24.12,74.31,1.58,0.53
2023-09-15,35.25,23.2,66.27,0.21,0.53
2023-09-16,37.64,24.43,64.61,1.35,0.52
2023-09-17,37.33,25.67,64.26,2.11,0.52
2023-09-18,30.93,25.13,80.17,4.94,0.52
2023-09-19,31.84,24.15,77.42,2.8,0.53
2023-09-20,33.74,24.4,72.76,0.88,0.52
2023-09-21,35.51,24.44,67.66,0.21,0.52
2023-09-22,35.94,24.95,63.05,0.23,0.52
2023-09-23,37.23,25.02,60.61,0.11,0.51
2023-09-24,36.65,25.49,59.49,0.1,0.51
2023-09-25,37.31,25.72,57.87,1.21,0.51
2023-09-26,35.84,25.9,61.8,1.07,0.51
2023-09-27,38.78,25.41,59.63,3.09,0.51
2023-09-28,38.84,26.24,61.72,1.51,0.51
2023-09-29,35.79,25.51,68.89,3.21,0.51
2023-09-30,32.31,24.9,75.15,2.32,0.51
2023-10-01,36.36,23.65,66.68,1.24,0.51
2023-10-02,35.39,23.7,67.11,1.47,0.51
2023-10-03,34.9,22.95,67.72,1.77,0.51
2023-10-04,36.04,23.85,61.82,0.1,0.51
2023-10-05,37.03,24.41,57.21,0.21,0.51
2023-10-06,36.39,25.93,60.09,1.03,0.5
2023-10-07,36.06,25.08,65.75,3.75,0.51
2023-10-08,34.93,24.29,69.99,1.42,0.51
2023-10-09,34.55,25.21,70.76,5.48,0.51
2023-10-10,35.26,24.36,71.35,2.45,0.52
2023-10-11,30.77,24.09,77.05,2.56,0.52
2023-10-12,31.47,23.69,77.18,3.66,0.52
2023-10-13,32.79,23.63,75.16,2.64,0.52
2023-10-14,34.39,22.86,65.86,1.36,0.52
2023-10-15,35.84,22.79,56.6,0.33,0.52
2023-10-16,37.09,22.07,49.37,0.56,0.51
2023-10-17,36.5,21.89,52.06,0.27,0.51
2023-10-18,36.46,23.01,51.04,0.23,0.51
2023-10-19,35.75,22.27,54.96,3.52,0.51
2023-10-20,37.49,21.04,46.86,0.03,0.51
2023-10-21,37.82,22.02,46.37,0.5,0.51
2023-10-22,34.94,24.63,55.24,0.31,0.5
2023-10-23,32.1,23.93,69.25,3.43,0.51
2023-10-24,29.94,23.27,80.1,4.49,0.51
2023-10-25,34.24,22.77,68.21,0.49,0.51
2023-10-26,35.05,22.67,61.91,0.02,0.51
2023-10-27,34.52,23.08,61.95,1.48,0.51
2023-10-28,33.82,24.06,60.68,0.06,0.51
2023-10-29,36.3,22.36,53.19,0.15,0.51
2023-10-30,35.53,24.35,49.59,0.82,0.5
2023-10-31,33.61,24.33,61.92,0.31,0.5
2023-11-01,33.23,23.85,63.45,2.01,0.5
2023-11-02,30.63,23.58,67.19,0.31,0.51
2023-11-03,34.2,22.65,59.19,0.0,0.5
2023-11-04,34.31,22.7,58.25,0.0,0.5
2023-11-05,35.87,23.05,54.7,0.0,0.5
2023-11-06,35.69,23.79,46.16,0.0,0.5
2023-11-07,35.89,23.85,43.6,0.01,0.5
2023-11-08,35.12,23.24,50.1,0.26,0.5
2023-11-09,35.08,21.73,49.1,0.01,0.5
2023-11-10,35.42,22.68,44.0,0.0,0.5
2023-11-11,35.72,21.75,39.33,0.01,0.5
2023-11-12,35.25,21.83,41.72,0.01,0.5
2023-11-13,35.93,22.29,41.55,0.08,0.5
2023-11-14,36.74,23.98,41.52,0.37,0.5
2023-11-15,32.71,23.98,62.6,0.39,0.5
2023-11-16,29.6,21.11,79.36,9.74,0.5
2023-11-17,24.17,19.05,79.8,17.88,0.53
2023-11-18,28.14,18.97,74.97,5.73,0.55
2023-11-19,30.96,19.4,69.54,0.21,0.54
2023-11-20,31.38,19.08,68.57,0.0,0.53
2023-11-21,31.77,18.5,64.0,0.0,0.53
2023-11-22,32.02,19.71,63.03,0.01,0.52
2023-11-23,32.35,17.44,61.24,0.47,0.52
2023-11-24,31.8,17.97,57.3,0.06,0.52
2023-11-25,32.31,18.33,58.37,0.07,0.51
2023-11-26,33.54,18.35,56.86,0.04,0.51
2023-11-27,32.69,18.22,57.81,0.0,0.51
2023-11-28,32.64,17.7,57.17,0.0,0.51
2023-11-29,30.68,19.02,56.89,0.0,0.51
2023-11-30,31.75,19.66,51.13,0.0,0.51
2023-12-01,33.49,20.21,51.33,0.0,0.5
2023-12-02,32.93,21.89,54.06,0.04,0.5
2023-12-03,31.6,22.09,55.78,0.08,0.5
2023-12-04,34.53,21.64,54.83,0.02,0.5
2023-12-05,32.03,21.51,59.79,0.24,0.5
2023-12-06,32.63,20.49,60.77,4.0,0.5
2023-12-07,30.91,20.79,75.51,5.34,0.51
2023-12-08,29.55,21.46,80.48,7.99,0.52
2023-12-09,30.5,20.96,74.58,0.09,0.53
2023-12-10,29.81,19.19,67.35,0.07,0.52
2023-12-11,30.35,17.65,65.29,0.55,0.52
2023-12-12,29.71,18.02,66.18,1.57,0.52
2023-12-13,28.59,20.36,77.71,6.51,0.52
2023-12-14,28.94,18.89,73.72,0.13,0.52
2023-12-15,29.81,17.47,57.99,0.0,0.52
2023-12-16,30.17,14.41,53.48,0.0,0.52
2023-12-17,30.51,15.0,55.05,0.0,0.51
2023-12-18,30.1,16.33,56.09,0.0,0.51
2023-12-19,31.04,16.56,58.54,0.0,0.51
2023-12-20,31.15,16.46,57.38,0.0,0.51
2023-12-21,30.12,16.2,59.46,0.0,0.51
2023-12-22,28.32,18.02,64.63,0.0,0.51
2023-12-23,30.85,19.18,54.09,0.0,0.51
2023-12-24,30.22,16.77,51.68,0.32,0.5
2023-12-25,28.11,16.05,59.9,3.89,0.51
2023-12-26,29.25,15.93,60.34,0.0,0.51
2023-12-27,30.33,16.61,57.38,0.0,0.51
2023-12-28,29.78,16.68,57.38,0.0,0.51
2023-12-29,29.99,18.66,56.26,0.0,0.5
2023-12-30,29.89,16.39,50.79,0.0,0.5
2023-12-31,29.32,15.36,49.0,0.0,0.5
2024-01-01,29.84,14.71,48.1,0.0,0.5
2024-01-02,30.52,14.95,45.19,0.0,0.5
2024-01-03,30.6,14.64,43.23,0.0,0.5
2024-01-04,30.38,14.9,43.51,0.0,0.5
2024-01-05,30.24,14.84,46.57,0.0,0.5
2024-01-06,30.65,14.64,43.3,0.0,0.5
2024-01-07,30.09,14.2,38.3,0.0,0.5
2024-01-08,30.2,14.16,41.55,0.0,0.5
2024-01-09,30.13,13.94,39.82,0.0,0.5
2024-01-10,29.17,12.57,37.59,0.0,0.5
2024-01-11,29.42,13.23,38.77,0.0,0.5
2024-01-12,30.47,12.44,40.24,0.0,0.5
2024-01-13,29.83,12.47,38.83,0.01,0.5
2024-01-14,30.15,13.03,34.34,0.0,0.5
2024-01-15,29.9,14.62,38.77,0.0,0.5
2024-01-16,28.72,16.03,49.43,1.47,0.5
2024-01-17,29.31,14.86,47.95,0.05,0.5
2024-01-18,27.14,13.02,37.56,0.02,0.5
2024-01-19,29.67,12.47,37.21,0.04,0.5
2024-01-20,29.03,13.67,43.43,0.0,0.5
2024-01-21,27.93,13.55,38.78,0.0,0.5
2024-01-22,28.99,13.33,35.14,0.0,0.5
2024-01-23,29.6,13.71,41.09,0.0,0.5
2024-01-24,28.37,13.83,45.51,0.2,0.5
2024-01-25,26.7,14.07,52.04,3.58,0.5
2024-01-26,28.26,14.3,54.93,0.86,0.5
2024-01-27,28.06,14.93,55.47,0.1,0.5
2024-01-28,28.94,14.55,46.34,0.1,0.5
2024-01-29,28.35,12.44,39.26,0.0,0.5
2024-01-30,28.68,12.53,35.75,0.0,0.5
2024-01-31,28.99,13.78,29.84,0.0,0.5
2024-02-01,29.75,12.63,34.02,0.31,0.5
2024-02-02,29.49,13.52,40.53,0.4,0.5
2024-02-03,29.99,16.85,39.23,0.0,0.5
2024-02-04,29.21,14.56,38.79,0.0,0.5
2024-02-05,29.93,13.44,37.08,0.0,0.5
2024-02-06,31.66,14.98,38.17,0.02,0.5
2024-02-07,31.11,17.63,42.41,0.0,0.5
2024-02-08,31.1,16.94,41.67,0.0,0.5
2024-02-09,30.65,14.45,31.07,0.0,0.49
2024-02-10,31.96,12.6,28.83,0.03,0.49
2024-02-11,32.76,14.55,26.61,0.0,0.49
2024-02-12,31.49,15.26,32.36,0.0,0.49
2024-02-13,31.63,16.74,29.82,0.0,0.49
2024-02-14,33.28,15.29,30.69,0.0,0.49
2024-02-15,34.28,16.52,32.48,0.0,0.49
2024-02-16,34.09,17.78,36.8,0.0,0.49
2024-02-17,32.59,17.14,33.93,0.0,0.49
2024-02-18,31.98,15.99,24.56,0.0,0.49
2024-02-19,33.13,14.61,24.02,0.0,0.49
2024-02-20,31.7,15.24,27.06,0.01,0.49
2024-02-21,33.28,14.71,32.3,0.23,0.49
2024-02-22,33.66,17.21,39.74,1.37,0.49
2024-02-23,33.2,17.76,42.29,0.14,0.49
2024-02-24,33.57,17.47,41.42,0.0,0.49
2024-02-25,34.04,18.18,41.83,0.0,0.49
2024-02-26,35.5,18.55,35.28,0.0,0.49
2024-02-27,35.04,19.11,37.37,0.0,0.49
2024-02-28,34.44,19.99,33.25,0.0,0.49
2024-02-29,34.01,19.07,31.17,0.0,0.49
2024-03-01,35.04,17.67,30.51,0.0,0.49
2024-03-02,35.18,17.16,27.25,0.0,0.49
2024-03-03,34.39,16.98,22.67,0.0,0.49
2024-03-04,35.21,20.88,24.81,0.0,0.49
2024-03-05,35.12,19.42,30.31,0.0,0.49
2024-03-06,35.24,17.86,25.76,0.0,0.49
2024-03-07,35.81,15.96,17.82,0.0,0.49
2024-03-08,35.73,17.97,17.93,0.0,0.49
2024-03-09,34.27,17.62,20.89,0.0,0.49
2024-03-10,34.42,16.87,18.51,0.0,0.49
2024-03-11,36.29,17.04,20.99,0.0,0.49
2024-03-12,36.05,17.79,25.48,0.0,0.49
2024-03-13,34.79,18.05,29.96,0.0,0.49
2024-03-14,35.28,20.17,28.34,0.04,0.49
2024-03-15,36.74,20.36,29.92,0.1,0.49
2024-03-16,37.09,21.54,32.21,0.0,0.49
2024-03-17,37.9,20.75,25.62,0.0,0.49
2024-03-18,37.54,22.49,26.5,0.0,0.49
2024-03-19,38.94,21.91,29.62,0.05,0.49
2024-03-20,38.61,22.74,30.77,1.22,0.49
2024-03-21,36.65,21.09,40.66,4.63,0.49
2024-03-22,31.48,19.07,52.6,0.36,0.5
2024-03-23,33.45,17.59,42.52,0.36,0.5
2024-03-24,35.43,19.9,37.9,0.34,0.5
2024-03-25,36.36,20.22,37.0,0.11,0.5
2024-03-26,37.48,21.04,34.09,0.14,0.5
2024-03-27,37.61,21.16,34.33,0.2,0.5
2024-03-28,37.19,22.97,35.87,0.03,0.49
2024-03-29,37.58,22.99,33.06,0.07,0.49
2024-03-30,37.12,22.82,41.17,1.28,0.49
2024-03-31,38.29,23.75,43.03,1.94,0.5
2024-04-01,38.21,23.01,41.5,0.47,0.5
2024-04-02,38.41,23.25,40.91,0.03,0.5
2024-04-03,38.72,25.1,36.86,0.0,0.5
2024-04-04,39.72,25.31,31.01,0.0,0.49
2024-04-05,39.96,24.66,28.95,0.01,0.49
2024-04-06,40.53,25.91,31.95,0.01,0.49
2024-04-07,41.05,26.0,29.26,0.11,0.49
2024-04-08,39.98,27.56,32.46,0.0,0.49
2024-04-09,40.95,25.6,28.57,0.03,0.49
2024-04-10,40.75,25.13,24.36,0.39,0.49
2024-04-11,39.8,25.07,27.25,0.0,0.49
2024-04-12,39.99,25.18,27.95,0.02,0.49
2024-04-13,39.6,25.23,27.05,0.02,0.49
2024-04-14,38.48,26.45,26.08,0.0,0.49
2024-04-15,40.03,26.29,25.23,0.0,0.49
2024-04-16,40.07,26.94,27.18,0.0,0.49
2024-04-17,39.76,26.58,35.05,1.83,0.49
2024-04-18,38.77,26.37,44.41,2.53,0.49
2024-04-19,38.41,26.38,46.28,1.28,0.5
2024-04-20,39.35,24.99,44.15,1.42,0.5
2024-04-21,39.54,24.97,47.33,1.57,0.5
2024-04-22,36.79,25.38,45.21,0.47,0.5
2024-04-23,40.75,25.2,39.49,0.0,0.5
2024-04-24,40.99,26.1,35.12,0.74,0.5
2024-04-25,40.83,26.55,36.13,0.12,0.5
2024-04-26,41.01,28.84,28.29,0.01,0.49
2024-04-27,41.37,27.09,26.17,0.0,0.49
2024-04-28,42.31,27.86,26.48,0.14,0.49
2024-04-29,41.62,27.73,33.63,0.22,0.49
2024-04-30,41.88,28.19,28.11,0.19,0.49
2024-05-01,41.2,27.14,38.36,0.67,0.49
2024-05-02,39.5,27.61,43.5,2.57,0.49
2024-05-03,36.85,26.21,46.36,0.3,0.5
2024-05-04,38.89,26.33,45.37,0.45,0.5
2024-05-05,34.98,26.32,55.72,2.98,0.5
2024-05-06,37.05,25.91,50.59,1.41,0.5
2024-05-07,35.62,25.5,47.08,0.41,0.5
2024-05-08,37.61,25.68,43.56,0.41,0.5
2024-05-09,37.74,26.89,47.12,4.96,0.5
2024-05-10,36.94,25.15,57.62,1.62,0.5
2024-05-11,38.13,24.97,48.3,0.28,0.5
2024-05-12,39.02,25.99,42.42,0.13,0.5
2024-05-13,40.18,26.84,37.19,0.33,0.5
2024-05-14,40.64,27.34,36.79,0.09,0.5
2024-05-15,40.78,29.49,38.44,0.01,0.49
2024-05-16,41.92,28.79,39.42,2.9,0.5
2024-05-17,39.77,28.47,46.85,7.63,0.51
2024-05-18,37.14,26.57,56.5,0.54,0.51
2024-05-19,39.38,28.38,45.13,0.12,0.5
2024-05-20,30.56,25.58,69.28,9.6,0.51
2024-05-21,38.62,25.11,54.33,0.05,0.51
2024-05-22,35.69,26.65,61.6,0.66,0.51
2024-05-23,38.64,25.93,56.87,3.9,0.51
2024-05-24,37.62,26.18,61.58,2.14,0.51
2024-05-25,30.58,25.37,77.69,3.35,0.51
2024-05-26,31.31,25.15,76.13,3.27,0.51
2024-05-27,30.08,25.87,81.19,4.77,0.52
2024-05-28,34.16,25.23,72.99,3.89,0.52
2024-05-29,36.92,25.45,69.51,8.55,0.52
2024-05-30,36.31,25.4,70.37,5.29,0.53
2024-05-31,37.41,25.58,66.97,5.63,0.53
2024-06-01,36.69,26.02,67.1,1.88,0.53
2024-06-02,33.0,25.62,73.13,1.16,0.53
2024-06-03,34.81,24.81,69.79,3.27,0.52
2024-06-04,34.13,24.66,70.25,4.76,0.53
2024-06-05,36.71,24.59,64.52,1.08,0.52
2024-06-06,35.88,26.14,64.62,0.57,0.52
2024-06-07,31.69,25.52,74.52,1.99,0.52
2024-06-08,36.95,24.4,62.4,1.71,0.52
2024-06-09,37.86,25.3,59.69,0.47,0.51
2024-06-10,37.85,26.49,60.99,1.32,0.51
2024-06-11,36.12,25.17,65.17,2.09,0.51
2024-06-12,33.85,25.08,73.21,4.93,0.51
2024-06-13,35.69,24.48,68.96,2.71,0.51
2024-06-14,34.38,25.21,69.51,3.7,0.52
2024-06-15,36.51,25.1,62.84,0.62,0.51
2024-06-16,35.81,25.4,66.71,1.78,0.51
2024-06-17,36.57,25.38,64.6,2.04,0.51
2024-06-18,32.02,25.2,71.13,2.21,0.51
2024-06-19,34.56,24.42,67.82,0.74,0.51
2024-06-20,36.28,24.61,68.17,2.44,0.51
2024-06-21,37.63,24.76,60.99,1.04,0.51
2024-06-22,38.04,25.72,58.18,1.03,0.51
2024-06-23,33.55,26.43,69.51,2.75,0.51
2024-06-24,36.03,25.31,63.24,0.69,0.51
2024-06-25,36.26,25.58,65.78,5.55,0.51
2024-06-26,32.32,25.59,79.27,12.04,0.53
2024-06-27,35.26,24.66,68.26,1.37,0.53
2024-06-28,35.85,25.71,67.58,1.2,0.53
2024-06-29,36.6,25.03,65.67,0.88,0.52
2024-06-30,33.96,25.14,75.71,29.22,0.54
2024-07-01,29.08,24.1,86.57,31.78,0.6
2024-07-02,31.63,24.89,81.68,1.43,0.6
2024-07-03,32.18,24.54,78.16,0.92,0.59
2024-07-04,33.18,23.86,75.51,2.16,0.57
2024-07-05,35.06,23.87,69.94,0.36,0.56
2024-07-06,35.16,24.8,71.13,2.23,0.56
2024-07-07,35.99,25.45,69.35,0.26,0.55
2024-07-08,36.04,25.19,67.07,0.26,0.54
2024-07-09,36.05,24.81,68.51,1.61,0.54
2024-07-10,32.88,24.9,73.83,4.06,0.54
2024-07-11,32.63,24.09,74.09,1.91,0.54
2024-07-12,33.1,24.33,71.45,0.52,0.53
2024-07-13,34.43,24.02,69.71,1.4,0.53
2024-07-14,37.0,24.52,66.1,1.8,0.53
2024-07-15,36.75,24.79,64.89,0.72,0.52
2024-07-16,35.43,25.73,71.19,3.28,0.52
2024-07-17,38.55,25.61,66.27,0.34,0.52
2024-07-18,37.26,26.04,64.17,0.43,0.52
2024-07-19,35.0,25.79,66.19,0.31,0.52
2024-07-20,34.0,25.53,68.06,1.04,0.51
2024-07-21,32.82,24.61,72.67,1.87,0.52
2024-07-22,33.69,24.82,70.5,1.53,0.52
2024-07-23,35.13,24.46,69.73,4.46,0.52
2024-07-24,36.81,24.35,68.28,1.7,0.52
2024-07-25,35.83,25.34,68.53,2.07,0.52
2024-07-26,35.83,25.25,69.0,1.91,0.52
2024-07-27,37.14,25.61,64.93,0.45,0.52
2024-07-28,36.24,25.21,64.92,0.45,0.51
2024-07-29,35.38,25.29,66.89,4.25,0.51
2024-07-30,33.52,24.21,73.02,5.02,0.52
2024-07-31,30.36,23.57,83.21,3.93,0.52
2024-08-01,31.16,23.75,79.81,1.92,0.53
2024-08-02,33.21,23.05,76.1,2.15,0.53
2024-08-03,34.5,23.77,69.93,1.97,0.52
2024-08-04,33.54,23.55,74.42,3.28,0.52
2024-08-05,32.51,23.93,78.0,3.51,0.53
2024-08-06,35.52,23.87,70.64,1.75,0.53
2024-08-07,34.55,23.96,72.65,3.53,0.53
2024-08-08,34.61,23.68,70.51,0.62,0.53
2024-08-09,36.09,23.82,63.49,0.26,0.52
2024-08-10,37.22,24.27,63.52,0.77,0.52
2024-08-11,32.89,24.78,71.88,2.45,0.52
2024-08-12,35.42,25.12,71.06,1.84,0.52
2024-08-13,34.04,25.02,71.98,1.15,0.52
2024-08-14,36.03,24.25,67.34,0.81,0.51
2024-08-15,35.57,24.81,67.48,1.74,0.51
2024-08-16,32.22,24.9,76.24,5.38,0.52
2024-08-17,33.64,23.67,72.1,1.06,0.52
2024-08-18,35.42,24.46,68.03,1.95,0.52
2024-08-19,35.41,24.37,69.11,2.01,0.52
2024-08-20,36.22,24.12,65.38,1.43,0.52
2024-08-21,35.39,24.12,69.92,2.31,0.52
2024-08-22,36.06,24.6,70.49,1.75,0.51
2024-08-23,30.98,23.62,77.43,3.46,0.52
2024-08-24,31.63,23.12,77.7,2.8,0.52
2024-08-25,29.88,23.49,78.54,0.84,0.52
2024-08-26,35.44,23.58,65.99,0.29,0.52
2024-08-27,32.32,24.21,75.23,2.88,0.52
2024-08-28,34.22,23.52,70.64,2.95,0.52
2024-08-29,34.16,24.41,71.36,0.65,0.52
2024-08-30,33.7,24.83,69.38,0.54,0.52
2024-08-31,30.35,25.07,78.18,1.3,0.51
2024-09-01,36.19,24.33,64.51,0.3,0.51
2024-09-02,35.74,25.21,69.28,3.98,0.51
2024-09-03,38.05,24.95,67.48,2.45,0.52
2024-09-04,35.0,25.71,70.43,2.48,0.52
2024-09-05,34.93,24.8,69.05,0.81,0.52
2024-09-06,37.52,25.18,61.35,0.08,0.51
2024-09-07,36.1,25.76,64.26,0.62,0.51
2024-09-08,35.38,25.46,67.92,1.21,0.51
2024-09-09,31.88,25.57,76.12,2.06,0.51
2024-09-10,32.38,24.92,81.81,3.12,0.51
2024-09-11,33.47,25.64,70.34,2.05,0.51
2024-09-12,31.39,24.59,76.73,2.37,0.52
2024-09-13,32.42,24.06,66.08,1.6,0.51
2024-09-14,33.02,23.24,64.45,0.19,0.51
2024-09-15,32.12,23.54,67.92,0.03,0.51
2024-09-16,36.55,23.87,61.31,0.03,0.51
2024-09-17,37.83,25.0,60.52,1.54,0.51
2024-09-18,39.55,26.15,57.3,0.96,0.51
2024-09-19,41.05,25.86,53.06,1.3,0.51
2024-09-20,41.06,26.51,54.01,1.59,0.51
2024-09-21,41.44,26.93,52.44,1.44,0.51
2024-09-22,41.11,27.33,51.72,0.46,0.51
2024-09-23,37.94,26.24,61.51,1.15,0.5
2024-09-24,34.23,25.42,70.2,8.3,0.51
2024-09-25,33.8,24.05,74.21,6.52,0.52
2024-09-26,32.93,24.05,76.07,3.8,0.53
2024-09-27,30.19,24.18,80.44,2.33,0.53
2024-09-28,35.82,24.04,68.71,0.18,0.52
2024-09-29,36.85,25.43,64.75,0.29,0.52
2024-09-30,35.81,25.42,69.73,2.17,0.52
2024-10-01,32.22,25.34,77.58,3.09,0.52
2024-10-02,35.68,24.72,73.22,6.06,0.52
2024-10-03,31.9,24.18,79.61,4.68,0.53
2024-10-04,32.61,23.53,72.87,1.69,0.53
2024-10-05,34.64,23.85,71.59,1.68,0.53
2024-10-06,35.14,24.33,70.97,1.23,0.52
2024-10-07,35.88,24.79,68.48,1.62,0.52
2024-10-08,31.27,24.48,74.2,1.21,0.52
2024-10-09,35.07,23.13,67.25,2.12,0.52
2024-10-10,34.48,23.85,66.02,0.41,0.52
2024-10-11,32.54,24.06,68.09,0.8,0.52
2024-10-12,35.91,24.32,61.92,0.0,0.51
2024-10-13,36.51,24.82,57.39,0.21,0.51
2024-10-14,36.9,25.25,55.42,0.0,0.51
2024-10-15,35.44,25.04,58.28,0.07,0.51
2024-10-16,35.14,24.52,62.05,1.3,0.51
2024-10-17,35.69,24.84,58.93,0.6,0.51
2024-10-18,36.26,24.32,55.22,0.57,0.51
2024-10-19,37.05,24.42,52.02,0.73,0.51
2024-10-20,36.17,25.1,58.72,2.58,0.51
2024-10-21,35.62,24.93,57.13,0.36,0.51
2024-10-22,35.6,24.64,60.63,0.26,0.51
2024-10-23,34.06,25.0,64.0,0.63,0.51
2024-10-24,36.71,23.48,56.68,0.03,0.51
2024-10-25,36.5,23.65,51.95,0.01,0.5
2024-10-26,37.25,24.22,50.04,0.03,0.5
2024-10-27,38.28,23.61,50.09,0.36,0.5
2024-10-28,38.91,23.97,47.94,0.16,0.5
2024-10-29,37.52,24.28,48.68,0.25,0.5
2024-10-30,37.47,24.18,47.77,0.09,0.5
2024-10-31,36.97,23.64,49.84,0.01,0.5
2024-11-01,37.01,23.39,47.09,0.09,0.5
2024-11-02,37.86,22.82,50.88,2.03,0.5
2024-11-03,36.2,23.97,50.94,0.03,0.5
2024-11-04,36.7,23.01,46.69,0.08,0.5
2024-11-05,36.41,22.21,47.9,1.43,0.5
2024-11-06,28.68,21.95,72.17,10.98,0.51
2024-11-07,25.86,20.41,82.95,13.14,0.54
2024-11-08,30.3,19.23,70.68,0.9,0.54
2024-11-09,31.9,20.07,66.88,0.01,0.54
2024-11-10,32.84,21.74,65.68,0.0,0.53
2024-11-11,33.21,21.4,62.58,0.0,0.52
2024-11-12,33.73,23.02,60.06,0.0,0.52
2024-11-13,34.47,21.04,56.24,0.0,0.52
2024-11-14,34.96,19.9,54.23,0.0,0.51
2024-11-15,34.39,19.53,51.99,0.0,0.51
2024-11-16,34.43,18.62,46.05,0.01,0.51
2024-11-17,34.27,17.71,44.16,0.0,0.51
2024-11-18,34.69,18.98,47.24,0.01,0.51
2024-11-19,32.25,22.16,58.69,0.05,0.51
2024-11-20,32.56,21.33,60.41,1.34,0.51
2024-11-21,31.7,21.05,62.56,3.82,0.51
2024-11-22,30.65,20.72,65.05,1.03,0.51
2024-11-23,31.07,20.02,60.0,0.42,0.51
2024-11-24,31.58,19.08,54.05,0.0,0.51
2024-11-25,31.53,16.6,45.14,0.0,0.51
2024-11-26,32.63,16.63,46.97,0.0,0.51
2024-11-27,32.92,19.76,50.25,0.17,0.5
2024-11-28,33.55,20.12,59.46,2.85,0.5
2024-11-29,27.29,20.27,73.71,2.12,0.51
2024-11-30,32.63,19.08,60.1,0.0,0.51
2024-12-01,32.02,18.88,54.97,0.0,0.51
2024-12-02,32.85,19.29,53.18,0.0,0.51
2024-12-03,33.76,20.3,53.31,0.0,0.51
2024-12-04,33.33,21.44,51.85,0.0,0.5
2024-12-05,32.2,19.87,51.22,0.0,0.5
2024-12-06,31.16,17.08,48.7,0.0,0.5
2024-12-07,31.7,15.94,45.93,0.0,0.5
2024-12-08,31.53,18.2,48.78,0.0,0.5
2024-12-09,31.04,19.41,56.26,0.0,0.5
2024-12-10,31.2,19.53,57.54,0.03,0.5
2024-12-11,31.44,16.92,52.21,0.0,0.5
2024-12-12,31.88,16.16,47.9,0.0,0.5
2024-12-13,32.82,16.74,45.54,0.0,0.5
2024-12-14,32.1,16.74,48.03,0.47,0.5
2024-12-15,31.54,18.3,60.33,2.72,0.5
2024-12-16,31.04,16.8,59.81,0.02,0.5
2024-12-17,31.45,18.29,53.81,0.0,0.5
2024-12-18,30.25,19.56,52.33,0.0,0.5
2024-12-19,31.83,18.66,52.98,0.0,0.5
2024-12-20,31.1,19.2,51.41,0.01,0.5
2024-12-21,30.97,20.42,51.15,0.35,0.5
2024-12-22,30.28,18.81,48.62,0.26,0.5
2024-12-23,30.28,16.92,53.51,0.03,0.5
2024-12-24,30.07,17.11,51.64,0.0,0.5
2024-12-25,30.67,16.86,52.91,0.0,0.5
2024-12-26,32.34,17.62,49.81,0.0,0.5
2024-12-27,33.3,17.41,47.28,0.0,0.5
2024-12-28,33.66,18.17,47.32,0.0,0.5
2024-12-29,31.46,17.69,49.84,0.0,0.5
2024-12-30,31.75,18.98,49.75,0.0,0.5
2024-12-31,31.29,16.54,46.88,0.0,0.5
2025-01-01,30.36,16.04,45.66,0.0,0.5
2025-01-02,30.65,15.93,47.23,0.0,0.5
2025-01-03,31.32,16.05,47.67,0.0,0.5
2025-01-04,30.21,17.02,48.84,0.0,0.5
2025-01-05,31.17,16.69,50.7,0.0,0.5
2025-01-06,29.05,17.35,51.75,0.0,0.5
2025-01-07,30.07,16.42,50.63,0.07,0.5
2025-01-08,27.55,16.33,57.23,0.03,0.5
2025-01-09,30.08,15.42,53.16,0.0,0.5
2025-01-10,30.12,15.73,49.76,0.0,0.5
2025-01-11,31.84,16.21,46.22,0.0,0.5
2025-01-12,29.4,17.14,49.2,0.0,0.5
2025-01-13,29.57,15.02,46.74,0.0,0.5
2025-01-14,30.15,15.26,47.06,0.0,0.5
2025-01-15,31.64,15.16,45.43,0.0,0.5
2025-01-16,30.73,15.03,45.22,0.0,0.5
2025-01-17,30.35,14.59,46.57,0.03,0.5
2025-01-18,31.06,15.29,41.89,0.0,0.49
2025-01-19,31.07,15.07,41.9,0.0,0.49
2025-01-20,31.54,15.12,40.18,0.0,0.49
2025-01-21,30.57,15.49,38.45,0.0,0.49
2025-01-22,30.94,14.54,39.81,0.0,0.49
2025-01-23,32.29,15.3,31.87,0.0,0.49
2025-01-24,30.96,15.89,35.39,0.0,0.49
2025-01-25,29.5,14.67,31.92,0.0,0.49
2025-01-26,31.14,13.35,37.24,0.0,0.49
2025-01-27,30.44,15.47,41.68,0.02,0.49
2025-01-28,29.46,15.54,54.19,0.02,0.49
2025-01-29,29.08,15.1,43.42,0.0,0.49
2025-01-30,29.08,12.93,34.24,0.0,0.49
2025-01-31,29.02,12.83,44.79,0.05,0.49
2025-02-01,29.95,14.96,46.46,0.0,0.49
2025-02-02,31.05,15.42,42.35,0.0,0.49
2025-02-03,32.81,15.07,35.76,0.0,0.49
2025-02-04,32.99,14.16,32.34,0.0,0.49
2025-02-05,30.5,15.32,35.77,0.0,0.49
2025-02-06,32.2,16.27,33.98,0.0,0.49
2025-02-07,34.15,16.12,33.49,0.0,0.49
2025-02-08,33.68,16.37,33.66,0.0,0.49
2025-02-09,33.04,17.15,31.0,0.01,0.49
2025-02-10,32.03,14.22,26.1,0.0,0.49
2025-02-11,31.89,14.23,26.59,0.0,0.49
2025-02-12,32.68,14.06,24.88,0.04,0.49
2025-02-13,33.18,15.24,28.63,0.08,0.49
2025-02-14,32.15,16.37,41.12,0.0,0.49
2025-02-15,30.97,16.76,46.71,0.0,0.49
2025-02-16,32.0,16.68,35.4,0.01,0.49
2025-02-17,33.27,15.53,32.21,0.0,0.49
2025-02-18,32.95,15.81,31.04,0.11,0.49
2025-02-19,32.7,16.77,28.87,0.0,0.49
2025-02-20,34.21,17.68,30.02,0.0,0.49
2025-02-21,33.77,18.11,33.31,0.0,0.49
2025-02-22,34.39,18.16,33.68,0.0,0.49
2025-02-23,34.48,17.47,37.46,0.44,0.49
2025-02-24,34.29,18.13,33.96,0.2,0.49
2025-02-25,33.21,19.37,34.98,0.61,0.49
2025-02-26,34.44,17.28,34.48,0.1,0.49
2025-02-27,33.29,16.64,30.31,0.0,0.49
2025-02-28,34.04,17.19,26.71,0.01,0.49
2025-03-01,34.02,17.4,30.32,1.39,0.49
2025-03-02,36.3,18.13,29.8,1.05,0.5
2025-03-03,35.44,20.67,32.8,0.2,0.49
2025-03-04,34.23,20.9,35.12,0.0,0.49
2025-03-05,34.71,18.37,32.06,0.0,0.49
2025-03-06,35.3,17.62,31.63,0.0,0.49
2025-03-07,34.99,18.12,29.84,0.0,0.49
2025-03-08,34.13,16.73,32.02,0.0,0.49
2025-03-09,33.48,17.14,32.16,0.13,0.49
2025-03-10,36.37,18.21,26.28,0.0,0.49
2025-03-11,36.01,18.09,26.9,0.0,0.49
2025-03-12,35.17,18.42,30.55,0.18,0.49
2025-03-13,36.02,19.95,28.72,0.23,0.49
2025-03-14,37.49,19.86,30.76,1.37,0.49
2025-03-15,36.91,21.31,29.15,0.0,0.49
2025-03-16,38.12,22.33,27.12,0.0,0.49
2025-03-17,38.91,22.3,25.47,0.0,0.49
2025-03-18,38.49,22.42,30.95,0.0,0.49
2025-03-19,38.21,23.47,34.07,0.0,0.49
2025-03-20,36.92,22.0,34.61,0.02,0.49
2025-03-21,37.22,23.26,34.58,1.01,0.49
2025-03-22,36.36,23.23,43.9,1.52,0.49
2025-03-23,36.81,22.32,40.68,1.2,0.5
2025-03-24,37.16,22.04,40.46,0.78,0.5
2025-03-25,36.39,21.12,40.54,1.57,0.5
2025-03-26,36.32,21.99,33.86,0.11,0.5
2025-03-27,36.86,23.46,28.19,0.0,0.5
2025-03-28,36.92,22.27,29.84,0.0,0.5
2025-03-29,38.42,22.72,37.89,0.0,0.49
2025-03-30,38.52,23.62,33.58,0.0,0.49
2025-03-31,38.59,21.93,27.91,0.0,0.49
2025-04-01,37.19,20.77,30.24,0.0,0.49
2025-04-02,39.13,22.26,25.3,0.0,0.49
2025-04-03,39.33,23.27,25.23,0.0,0.49
2025-04-04,38.34,23.71,30.84,0.02,0.49
2025-04-05,38.36,24.42,31.53,0.18,0.49
2025-04-06,35.19,25.49,41.78,0.08,0.49
2025-04-07,33.36,24.64,38.24,1.0,0.49
2025-04-08,35.71,24.59,40.71,0.28,0.49
2025-04-09,37.24,26.07,37.59,0.0,0.49
2025-04-10,38.09,24.51,35.24,0.41,0.49
2025-04-11,33.53,25.06,49.04,1.54,0.5
2025-04-12,34.21,24.41,46.16,0.15,0.5
2025-04-13,37.14,25.47,44.23,1.87,0.5
2025-04-14,37.01,25.11,45.5,0.34,0.5
2025-04-15,35.17,27.23,48.58,0.54,0.5
2025-04-16,36.2,26.13,51.24,2.49,0.5
2025-04-17,34.79,25.35,50.84,1.0,0.5
2025-04-18,36.32,24.42,48.87,1.6,0.5
2025-04-19,36.43,24.22,46.76,0.54,0.5
2025-04-20,37.49,25.32,44.72,0.72,0.5
2025-04-21,37.08,24.99,51.54,1.84,0.5
2025-04-22,38.56,26.89,43.99,1.81,0.5
2025-04-23,39.66,26.47,47.1,0.87,0.5
2025-04-24,40.39,26.47,42.41,0.0,0.5
2025-04-25,39.42,25.62,44.21,0.06,0.5
2025-04-26,40.48,26.35,42.49,0.0,0.5
2025-04-27,41.01,26.84,41.65,0.02,0.49
2025-04-28,39.93,27.51,38.71,0.73,0.49
2025-04-29,35.74,26.48,48.02,0.66,0.49
2025-04-30,34.06,26.33,49.32,1.14,0.5
2025-05-01,33.23,24.83,59.18,6.07,0.5
2025-05-02,33.55,24.0,64.76,3.79,0.51
2025-05-03,35.59,24.03,57.15,1.18,0.51
2025-05-04,37.16,24.64,48.34,0.08,0.5
2025-05-05,38.23,23.97,41.49,0.01,0.5
2025-05-06,39.24,25.47,41.11,0.04,0.5
2025-05-07,39.48,26.53,40.21,0.12,0.5
2025-05-08,39.42,26.48,43.45,0.06,0.5
2025-05-09,38.36,28.08,37.5,0.01,0.49
2025-05-10,39.71,27.78,41.07,0.01,0.49
2025-05-11,38.21,28.32,49.17,5.6,0.5
2025-05-12,38.19,27.1,51.06,1.55,0.5
2025-05-13,33.95,26.08,65.01,6.96,0.51
2025-05-14,33.95,25.22,64.69,3.14,0.51
2025-05-15,35.06,25.07,65.8,1.68,0.51
2025-05-16,30.5,25.22,75.56,6.57,0.52
2025-05-17,29.44,24.56,81.37,1.95,0.52
2025-05-18,30.54,24.05,79.22,3.65,0.52
2025-05-19,35.39,23.74,62.64,0.03,0.52
2025-05-20,37.52,24.25,56.24,2.71,0.51
2025-05-21,35.28,25.32,63.1,3.21,0.51
2025-05-22,34.89,25.04,59.75,0.12,0.51
2025-05-23,33.5,25.3,67.84,9.03,0.52
2025-05-24,35.22,24.67,68.06,1.11,0.52
2025-05-25,35.29,25.6,65.67,3.67,0.52
2025-05-26,34.29,24.88,64.38,2.36,0.52
2025-05-27,34.02,24.62,69.63,3.38,0.52
2025-05-28,33.46,24.73,72.22,4.66,0.52
2025-05-29,31.9,24.85,74.89,3.73,0.52
2025-05-30,33.05,25.63,71.52,2.82,0.52
2025-05-31,33.56,24.46,71.26,3.58,0.52
2025-06-01,31.59,25.14,74.89,5.57,0.52
2025-06-02,30.5,24.74,82.76,8.1,0.53
2025-06-03,34.54,24.08,68.13,0.56,0.54
2025-06-04,34.84,23.57,66.52,3.41,0.53
2025-06-05,36.32,22.97,61.27,0.63,0.53
2025-06-06,37.76,24.45,57.15,0.05,0.52
2025-06-07,37.6,24.51,57.69,0.96,0.52
2025-06-08,36.55,25.78,61.35,1.82,0.51
2025-06-09,34.43,25.88,66.4,1.51,0.51
2025-06-10,31.21,25.81,74.94,3.12,0.51
2025-06-11,31.55,25.41,75.15,1.59,0.52
2025-06-12,31.88,24.48,73.38,0.71,0.51
2025-06-13,35.86,24.73,63.07,1.12,0.51
2025-06-14,37.49,24.73,58.72,0.29,0.51
2025-06-15,35.78,25.15,63.03,1.07,0.51
2025-06-16,35.7,24.51,67.18,1.84,0.51
2025-06-17,33.12,25.16,68.31,1.24,0.51
2025-06-18,34.77,24.59,73.07,1.6,0.51
2025-06-19,34.72,23.85,68.52,4.03,0.51
2025-06-20,33.78,24.58,67.42,1.07,0.51
2025-06-21,34.14,25.34,67.27,0.63,0.51
2025-06-22,35.02,23.92,67.26,6.06,0.51
2025-06-23,34.59,25.09,68.13,2.36,0.51
2025-06-24,34.44,24.95,70.39,1.43,0.51
2025-06-25,36.46,24.52,67.32,4.03,0.51
2025-06-26,35.12,24.31,68.96,3.59,0.52
2025-06-27,34.87,24.23,66.51,0.5,0.52
2025-06-28,36.39,24.38,63.88,1.54,0.51
2025-06-29,35.94,24.4,65.36,1.73,0.51
2025-06-30,34.88,23.83,67.18,1.57,0.51
2025-07-01,33.56,24.7,72.64,5.23,0.51
2025-07-02,32.62,23.7,71.58,1.86,0.52
2025-07-03,32.99,23.99,71.17,2.72,0.52
2025-07-04,33.92,24.47,69.46,0.63,0.52
2025-07-05,33.0,24.35,71.67,4.57,0.52
2025-07-06,34.48,23.75,71.56,2.13,0.52
2025-07-07,33.21,24.23,70.91,2.54,0.52
2025-07-08,31.96,24.43,77.4,6.44,0.52
2025-07-09,33.5,24.18,71.16,3.13,0.53
2025-07-10,35.0,23.88,67.63,1.03,0.52
2025-07-11,31.76,23.75,76.55,3.62,0.52
2025-07-12,32.21,24.74,80.3,0.58,0.52
2025-07-13,33.57,24.9,71.69,0.45,0.52
2025-07-14,33.53,25.17,68.36,0.1,0.52
2025-07-15,33.24,25.11,70.97,1.3,0.51
2025-07-16,30.49,24.79,80.47,1.08,0.51
2025-07-17,30.98,24.64,74.45,0.51,0.51
2025-07-18,34.54,24.36,65.81,0.19,0.51
2025-07-19,36.92,24.17,60.35,0.33,0.51
2025-07-20,37.78,25.44,57.27,0.35,0.51
2025-07-21,33.69,26.24,63.47,0.46,0.5
2025-07-22,37.36,25.1,61.11,1.66,0.5
2025-07-23,30.84,25.41,78.82,2.79,0.51
2025-07-24,33.95,24.81,68.63,0.59,0.51
2025-07-25,35.12,25.4,67.48,1.67,0.51
2025-07-26,34.52,24.49,70.84,1.66,0.51
2025-07-27,30.85,24.83,82.31,5.88,0.51
2025-07-28,30.0,23.87,79.71,1.19,0.52
2025-07-29,35.26,23.78,69.09,0.78,0.51
2025-07-30,35.16,24.7,66.49,0.31,0.51
2025-07-31,35.79,24.71,65.79,0.57,0.51
2025-08-01,35.05,24.54,67.39,0.85,0.51
2025-08-02,36.63,25.2,65.09,1.0,0.51
2025-08-03,36.5,24.41,65.26,4.13,0.51
2025-08-04,35.56,24.57,65.26,1.55,0.51
2025-08-05,35.05,24.61,65.14,1.48,0.51
2025-08-06,29.26,24.72,79.14,2.7,0.51
2025-08-07,31.18,23.96,75.95,3.33,0.51
2025-08-08,32.6,23.15,67.04,0.58,0.51
2025-08-09,36.46,23.9,58.74,0.21,0.51
2025-08-10,37.08,24.81,57.94,0.34,0.51
2025-08-11,38.23,24.99,57.33,0.33,0.5
2025-08-12,35.14,26.24,61.91,1.51,0.5
2025-08-13,33.86,25.1,65.2,2.34,0.51
2025-08-14,34.3,24.67,71.06,6.51,0.51
2025-08-15,35.17,24.17,70.86,1.98,0.51
2025-08-16,33.55,25.13,69.9,0.57,0.51
2025-08-17,37.54,24.85,64.06,1.7,0.51
2025-08-18,37.15,24.99,62.0,0.29,0.51
2025-08-19,37.39,24.55,58.61,0.42,0.51
2025-08-20,35.62,24.95,60.62,0.97,0.5
2025-08-21,36.14,25.13,65.68,1.16,0.5
2025-08-22,36.63,24.64,65.9,5.25,0.5
2025-08-23,32.46,24.24,71.57,2.45,0.51
2025-08-24,34.63,23.44,68.72,3.55,0.51
2025-08-25,36.49,23.86,64.13,0.34,0.51
2025-08-26,37.78,25.19,64.11,6.53,0.51
2025-08-27,33.82,24.24,70.48,3.54,0.52
2025-08-28,33.28,23.75,69.5,1.08,0.52
2025-08-29,31.67,23.79,70.42,0.7,0.52
2025-08-30,37.86,23.47,61.36,0.36,0.51
2025-08-31,39.11,25.8,56.32,0.21,0.51
2025-09-01,38.75,26.53,55.42,0.64,0.51
2025-09-02,37.16,25.82,56.79,0.24,0.51
2025-09-03,36.99,25.44,57.29,0.2,0.5
2025-09-04,36.3,25.67,58.02,0.09,0.5
2025-09-05,38.53,24.79,53.97,0.57,0.5
2025-09-06,36.07,26.49,59.02,0.32,0.5
2025-09-07,36.55,26.12,57.35,0.41,0.5
2025-09-08,37.73,25.57,56.18,0.25,0.5
2025-09-09,32.57,26.34,66.71,1.42,0.5
2025-09-10,32.87,25.66,69.78,0.28,0.5
2025-09-11,36.24,24.73,61.2,0.61,0.5
2025-09-12,34.6,24.63,66.8,3.22,0.5
2025-09-13,32.78,24.94,73.2,4.73,0.51
2025-09-14,32.76,24.39,76.45,2.98,0.51
2025-09-15,31.23,23.97,75.19,3.37,0.51
2025-09-16,35.86,23.53,64.47,1.07,0.51
2025-09-17,35.89,24.69,60.91,0.33,0.51
2025-09-18,37.51,25.43,59.11,0.75,0.51
2025-09-19,37.58,26.49,58.57,0.49,0.51
2025-09-20,39.18,25.89,57.22,1.09,0.5
2025-09-21,39.09,26.2,53.39,0.48,0.5
2025-09-22,31.94,25.61,69.76,2.47,0.5
2025-09-23,35.48,24.17,72.65,6.45,0.51
2025-09-24,36.13,24.28,73.05,3.94,0.52
2025-09-25,36.34,24.24,69.51,1.63,0.52
2025-09-26,36.91,24.05,67.1,1.26,0.51
2025-09-27,35.72,25.2,67.21,0.58,0.51
2025-09-28,37.04,24.99,60.39,0.03,0.51
2025-09-29,40.19,25.25,50.69,0.6,0.51
2025-09-30,36.26,25.32,66.09,7.87,0.51
2025-10-01,31.22,23.99,76.72,4.21,0.52
2025-10-02,31.98,23.99,73.51,0.97,0.52
2025-10-03,35.29,23.65,65.91,0.17,0.52
2025-10-04,37.05,24.17,60.77,0.5,0.51
2025-10-05,35.74,24.46,62.34,1.63,0.51
2025-10-06,35.04,23.89,65.58,1.06,0.51
2025-10-07,35.44,23.4,67.23,1.08,0.51
2025-10-08,34.33,23.75,66.6,1.07,0.51
2025-10-09,36.25,24.44,65.88,4.92,0.51
2025-10-10,33.94,23.99,71.72,3.78,0.52
2025-10-11,35.71,23.54,68.11,1.0,0.52
2025-10-12,35.98,23.87,61.02,0.06,0.51
2025-10-13,37.25,24.43,58.39,1.21,0.51
2025-10-14,36.8,24.84,58.67,0.51,0.51
2025-10-15,34.56,24.68,66.06,3.81,0.51
2025-10-16,32.23,24.24,75.37,4.6,0.51
2025-10-17,32.08,23.77,71.93,2.74,0.52
2025-10-18,34.44,24.18,64.71,2.47,0.52
2025-10-19,35.62,23.73,64.95,2.53,0.52
2025-10-20,36.12,23.66,61.2,0.45,0.52
2025-10-21,36.88,23.75,57.12,0.07,0.51
2025-10-22,37.07,25.12,56.0,0.84,0.51
2025-10-23,33.71,24.1,55.36,0.74,0.51
2025-10-24,36.53,22.2,51.28,0.19,0.51
2025-10-25,37.13,23.58,49.68,0.0,0.5
2025-10-26,36.97,23.98,48.14,0.01,0.5
2025-10-27,37.75,23.6,47.38,0.03,0.5
2025-10-28,37.04,24.88,48.73,0.0,0.5
2025-10-29,37.59,24.76,48.22,0.01,0.5
2025-10-30,37.94,25.62,48.2,0.0,0.5
2025-10-31,38.13,25.53,51.81,0.58,0.5
2025-11-01,34.87,26.14,62.4,1.4,0.5
2025-11-02,32.82,24.47,74.2,5.5,0.51
2025-11-03,31.68,23.89,78.17,7.39,0.52
2025-11-04,33.48,23.21,75.32,6.59,0.52
2025-11-05,32.61,23.01,74.21,1.65,0.53
2025-11-06,33.28,22.53,68.39,0.55,0.52
2025-11-07,33.51,22.78,64.3,0.14,0.52
2025-11-08,34.34,23.7,65.64,2.56,0.52
2025-11-09,33.66,23.23,64.21,4.18,0.52
2025-11-10,34.29,21.93,61.46,0.3,0.52
2025-11-11,33.82,20.42,55.78,0.0,0.51
2025-11-12,34.74,19.72,52.58,0.0,0.51
2025-11-13,34.77,19.47,49.8,0.0,0.51
2025-11-14,34.8,19.48,45.48,0.02,0.51
2025-11-15,35.27,19.2,43.95,0.0,0.5
2025-11-16,34.31,20.13,52.3,0.0,0.5
2025-11-17,34.9,19.56,47.49,0.07,0.5
2025-11-18,33.26,21.44,58.45,0.18,0.5
2025-11-19,25.5,20.97,62.59,0.13,0.5
2025-11-20,31.26,19.78,55.86,0.0,0.5
2025-11-21,33.33,20.57,49.77,0.0,0.5
2025-11-22,32.9,18.84,47.06,0.0,0.5
2025-11-23,32.28,17.9,47.57,0.0,0.5
2025-11-24,33.41,16.98,45.57,0.0,0.5
2025-11-25,33.13,18.23,46.45,0.01,0.5
2025-11-26,32.33,16.98,46.23,0.0,0.5
2025-11-27,31.4,16.45,41.27,0.0,0.5
2025-11-28,30.81,14.2,37.17,0.0,0.5
2025-11-29,30.35,13.25,36.6,0.0,0.5
2025-11-30,30.85,13.95,35.89,0.0,0.5
2025-12-01,31.11,14.82,38.56,0.0,0.5
2025-12-02,30.97,15.1,40.77,0.0,0.5
2025-12-03,33.83,17.2,41.0,0.0,0.5
2025-12-04,32.33,17.87,44.19,0.02,0.5
2025-12-05,33.59,17.52,41.34,0.02,0.5
2025-12-06,32.19,17.3,41.35,0.0,0.5
2025-12-07,31.87,16.21,40.06,0.0,0.49
2025-12-08,31.74,16.13,41.43,0.0,0.49
2025-12-09,31.39,16.01,43.87,0.03,0.49
2025-12-10,31.64,16.1,42.09,0.02,0.49
2025-12-11,31.58,16.07,46.61,0.01,0.49
2025-12-12,31.09,15.99,51.11,0.0,0.49
2025-12-13,32.17,16.76,48.44,0.02,0.49
2025-12-14,31.86,17.09,52.73,0.0,0.49
2025-12-15,31.19,16.85,50.14,0.04,0.49
2025-12-16,31.54,17.05,44.48,0.04,0.49
2025-12-17,30.72,16.32,48.25,0.35,0.49
2025-12-18,30.16,16.31,48.55,0.28,0.49
2025-12-19,30.86,15.43,44.16,0.0,0.49
2025-12-20,30.85,14.79,40.95,0.02,0.49
2025-12-21,31.65,15.73,44.84,0.02,0.49
2025-12-22,29.62,15.7,49.37,0.02,0.49
2025-12-23,29.56,15.46,51.55,0.0,0.49
2025-12-24,29.77,16.17,50.94,0.0,0.49
2025-12-25,30.43,15.95,49.01,0.0,0.49
2025-12-26,30.54,15.68,47.57,0.0,0.49
2025-12-27,30.29,15.46,44.63,0.0,0.49
2025-12-28,30.18,15.6,43.47,0.0,0.49
2025-12-29,30.02,15.2,46.44,0.0,0.49
2025-12-30,30.44,14.4,41.35,0.0,0.49
2025-12-31,28.59,13.97,35.77,0.0,0.49
