,T2M_MAX,T2M_MIN,RH2M,PRECTOTCORR,GWETROOT
1981-01-01,31.1,15.28,44.23,1.23,0.52
1981-01-02,30.56,14.61,46.88,0.1,0.52
1981-01-03,30.58,13.59,40.49,0.0,0.52
1981-01-04,30.24,12.98,28.77,0.0,0.52
1981-01-05,27.97,11.8,38.77,0.0,0.52
1981-01-06,29.53,12.1,37.89,0.06,0.52
1981-01-07,29.3,12.46,51.15,0.74,0.52
1981-01-08,29.88,13.93,64.12,0.57,0.52
1981-01-09,29.27,15.28,56.36,0.0,0.52
1981-01-10,29.02,15.78,56.15,0.0,0.52
1981-01-11,30.18,15.08,48.62,0.0,0.52
1981-01-12,29.99,15.23,49.58,0.01,0.52
1981-01-13,30.67,16.43,48.08,0.0,0.52
1981-01-14,29.79,16.31,47.94,0.01,0.52
1981-01-15,29.76,15.69,49.62,0.0,0.52
1981-01-16,29.96,14.03,41.7,0.0,0.52
1981-01-17,30.79,13.62,41.21,0.0,0.52
1981-01-18,30.13,13.79,36.29,0.0,0.52
1981-01-19,29.78,13.35,36.5,0.0,0.52
1981-01-20,29.66,17.17,37.73,0.0,0.52
1981-01-21,29.76,14.19,40.0,0.0,0.52
1981-01-22,29.72,13.33,39.67,0.0,0.52
1981-01-23,29.74,13.83,33.09,0.0,0.52
1981-01-24,30.74,13.07,34.36,0.0,0.52
1981-01-25,31.69,13.92,38.83,0.01,0.52
1981-01-26,32.24,15.58,40.16,0.0,0.52
1981-01-27,32.27,16.28,36.61,0.0,0.52
1981-01-28,31.07,17.0,38.65,0.0,0.52
1981-01-29,30.96,14.66,36.59,0.0,0.52
1981-01-30,30.93,13.88,31.39,0.0,0.52
1981-01-31,32.03,13.61,32.1,0.01,0.52
1981-02-01,32.41,13.95,36.36,0.78,0.52
1981-02-02,31.44,14.93,44.51,0.0,0.52
1981-02-03,30.89,17.49,44.41,0.0,0.52
1981-02-04,30.5,15.47,39.88,0.0,0.52
1981-02-05,31.21,13.91,39.21,0.0,0.52
1981-02-06,33.07,14.18,37.62,0.0,0.52
1981-02-07,33.86,15.27,31.21,0.0,0.52
1981-02-08,33.15,15.67,31.94,0.0,0.52
1981-02-09,32.93,15.44,33.74,0.03,0.52
1981-02-10,33.08,15.46,41.21,3.37,0.52
1981-02-11,31.52,14.71,50.07,1.14,0.53
1981-02-12,28.35,13.81,45.82,0.0,0.53
1981-02-13,28.88,13.3,41.41,0.0,0.53
1981-02-14,30.47,13.74,40.62,0.0,0.53
1981-02-15,31.42,14.49,37.77,0.0,0.52
1981-02-16,31.81,14.23,33.96,0.0,0.52
1981-02-17,32.9,14.63,33.13,0.0,0.52
1981-02-18,33.03,15.3,33.8,0.0,0.52
1981-02-19,33.23,15.54,30.92,0.0,0.52
1981-02-20,34.05,14.43,27.67,0.0,0.52
1981-02-21,34.74,15.55,22.81,0.0,0.52
1981-02-22,34.14,15.14,23.69,0.0,0.52
1981-02-23,34.35,14.96,23.62,0.0,0.52
1981-02-24,35.18,15.48,22.49,0.0,0.52
1981-02-25,35.68,15.35,19.11,0.0,0.52
1981-02-26,36.33,15.68,21.06,0.0,0.52
1981-02-27,36.44,16.5,22.56,0.0,0.52
1981-02-28,36.62,18.34,27.35,0.0,0.52
1981-03-01,37.61,19.33,28.24,0.01,0.52
1981-03-02,38.32,19.07,29.41,0.2,0.52
1981-03-03,36.6,20.47,28.9,0.06,0.52
1981-03-04,36.25,20.72,31.7,0.0,0.52
1981-03-05,36.46,19.68,28.26,0.0,0.52
1981-03-06,36.73,19.36,23.89,0.0,0.52
1981-03-07,36.99,17.42,20.61,0.0,0.52
1981-03-08,37.2,20.28,24.3,0.0,0.52
1981-03-09,37.37,21.28,22.28,0.0,0.52
1981-03-10,37.03,21.97,27.15,0.0,0.52
1981-03-11,37.1,20.99,28.57,0.0,0.52
1981-03-12,36.68,22.08,27.14,0.0,0.52
1981-03-13,36.5,21.61,29.99,0.0,0.52
1981-03-14,36.08,21.47,35.46,0.06,0.52
1981-03-15,34.78,19.83,37.0,0.0,0.52
1981-03-16,35.96,20.72,28.21,0.0,0.52
1981-03-17,35.56,19.49,30.0,0.0,0.52
1981-03-18,36.05,20.12,28.88,0.0,0.52
1981-03-19,37.72,19.79,24.63,0.0,0.52
1981-03-20,38.46,20.78,23.84,0.0,0.52
1981-03-21,38.16,21.49,22.27,0.0,0.52
1981-03-22,37.15,23.76,32.8,0.19,0.52
1981-03-23,37.8,24.67,32.72,0.04,0.52
1981-03-24,37.31,22.71,31.49,0.04,0.52
1981-03-25,33.7,24.01,31.85,0.15,0.52
1981-03-26,34.21,22.24,31.73,0.09,0.52
1981-03-27,36.38,20.06,30.08,0.67,0.52
1981-03-28,33.52,20.28,32.46,0.02,0.52
1981-03-29,36.41,19.89,31.09,0.0,0.52
1981-03-30,37.21,20.93,27.69,0.04,0.52
1981-03-31,36.76,22.26,29.3,0.08,0.52
1981-04-01,39.27,21.84,31.69,0.32,0.52
1981-04-02,38.55,21.99,37.06,0.31,0.52
1981-04-03,38.71,25.27,32.49,0.02,0.52
1981-04-04,41.66,23.28,28.43,0.01,0.52
1981-04-05,42.95,23.72,29.8,0.04,0.52
1981-04-06,41.6,25.28,31.18,0.02,0.52
1981-04-07,40.05,24.03,25.57,0.02,0.52
1981-04-08,39.23,23.17,20.78,0.0,0.52
1981-04-09,40.58,21.95,20.55,0.0,0.52
1981-04-10,39.46,21.99,23.45,0.0,0.52
1981-04-11,39.41,23.17,25.05,0.04,0.52
1981-04-12,39.88,23.72,25.61,1.85,0.52
1981-04-13,37.63,23.26,37.64,0.41,0.52
1981-04-14,36.84,25.26,42.23,0.55,0.52
1981-04-15,38.35,23.42,42.18,0.66,0.52
1981-04-16,37.98,24.79,47.2,1.55,0.52
1981-04-17,36.6,23.28,55.27,2.74,0.53
1981-04-18,33.16,23.34,67.49,8.11,0.54
1981-04-19,36.84,21.77,61.41,1.19,0.54
1981-04-20,35.49,22.52,56.26,0.92,0.54
1981-04-21,34.1,22.1,53.6,0.06,0.54
1981-04-22,37.92,23.63,45.38,0.09,0.53
1981-04-23,37.36,25.72,46.11,0.0,0.53
1981-04-24,38.79,26.63,41.2,0.0,0.53
1981-04-25,38.61,27.31,41.47,0.02,0.53
1981-04-26,38.33,27.15,42.66,3.7,0.53
1981-04-27,38.05,25.27,47.65,0.83,0.53
1981-04-28,39.56,26.59,38.51,1.04,0.53
1981-04-29,40.45,26.89,34.71,0.0,0.53
1981-04-30,40.77,26.1,34.27,0.03,0.53
1981-05-01,37.86,27.36,38.72,0.1,0.52
1981-05-02,39.88,28.04,34.32,0.03,0.52
1981-05-03,40.94,28.69,31.06,0.09,0.52
1981-05-04,38.67,25.82,40.16,0.0,0.52
1981-05-05,29.45,24.96,59.38,0.0,0.52
1981-05-06,37.63,23.9,39.83,0.0,0.52
1981-05-07,38.11,25.8,40.07,3.99,0.53
1981-05-08,38.28,26.42,39.08,0.0,0.53
1981-05-09,40.87,26.1,35.85,0.0,0.53
1981-05-10,39.69,28.06,37.25,0.05,0.52
1981-05-11,38.86,29.15,39.72,1.05,0.52
1981-05-12,40.72,27.8,32.75,0.67,0.52
1981-05-13,40.74,27.36,38.45,2.91,0.52
1981-05-14,37.7,26.7,55.23,16.61,0.55
1981-05-15,38.48,25.19,55.34,0.29,0.55
1981-05-16,38.5,26.34,51.29,0.21,0.54
1981-05-17,34.81,25.86,60.67,1.58,0.54
1981-05-18,35.93,26.83,63.2,3.84,0.54
1981-05-19,35.6,25.37,66.43,1.71,0.54
1981-05-20,33.42,26.26,67.42,3.25,0.55
1981-05-21,34.49,23.62,55.14,0.09,0.54
1981-05-22,37.04,24.67,57.83,1.19,0.54
1981-05-23,37.27,25.59,56.9,0.93,0.54
1981-05-24,38.36,26.11,55.88,0.2,0.54
1981-05-25,38.52,27.06,53.41,0.38,0.53
1981-05-26,36.74,27.0,59.54,3.48,0.54
1981-05-27,33.71,26.11,65.75,0.98,0.54
1981-05-28,39.41,25.85,55.86,0.52,0.54
1981-05-29,39.44,25.37,55.74,0.65,0.53
1981-05-30,37.97,26.03,58.44,0.97,0.53
1981-05-31,35.81,25.45,64.81,7.51,0.54
1981-06-01,35.98,25.17,65.28,1.99,0.54
1981-06-02,31.98,25.59,75.68,12.78,0.55
1981-06-03,32.27,24.48,74.42,5.71,0.57
1981-06-04,30.31,24.31,80.07,8.6,0.57
1981-06-05,30.81,23.68,78.15,3.85,0.58
1981-06-06,34.76,23.61,68.75,0.55,0.58
1981-06-07,36.21,23.63,63.18,2.11,0.57
1981-06-08,34.43,24.75,67.63,5.82,0.58
1981-06-09,36.1,24.55,62.71,0.04,0.58
1981-06-10,37.47,25.04,59.19,0.07,0.57
1981-06-11,38.73,25.47,58.08,0.05,0.56
1981-06-12,38.61,25.81,60.42,0.41,0.56
1981-06-13,38.03,26.16,61.27,1.12,0.55
1981-06-14,34.61,26.8,71.56,2.43,0.55
1981-06-15,31.14,25.25,83.01,15.55,0.57
1981-06-16,36.37,23.66,65.15,0.47,0.58
1981-06-17,35.13,24.26,63.01,0.58,0.57
1981-06-18,36.29,25.8,63.62,1.45,0.57
1981-06-19,34.79,24.67,71.57,6.53,0.57
1981-06-20,36.08,24.76,68.77,2.94,0.57
1981-06-21,34.76,25.49,70.04,1.17,0.57
1981-06-22,34.36,24.73,72.46,8.69,0.58
1981-06-23,36.64,24.86,66.34,0.78,0.58
1981-06-24,33.62,25.0,70.85,7.69,0.58
1981-06-25,34.26,25.17,72.47,0.83,0.58
1981-06-26,36.26,24.01,65.05,0.12,0.58
1981-06-27,36.26,24.89,64.64,0.14,0.57
1981-06-28,35.71,24.68,70.05,7.71,0.57
1981-06-29,31.03,24.85,79.13,5.03,0.58
1981-06-30,34.86,24.72,72.79,2.59,0.58
1981-07-01,35.57,25.2,70.17,0.89,0.58
1981-07-02,35.15,25.51,70.52,0.19,0.58
1981-07-03,35.61,25.09,71.28,1.72,0.57
1981-07-04,36.34,25.0,68.68,0.66,0.57
1981-07-05,37.12,25.32,68.08,0.53,0.57
1981-07-06,33.89,25.71,71.76,1.09,0.56
1981-07-07,35.02,25.14,68.17,0.83,0.56
1981-07-08,35.24,25.01,66.64,0.23,0.56
1981-07-09,34.7,24.45,67.94,0.22,0.55
1981-07-10,35.86,25.38,66.56,0.22,0.55
1981-07-11,35.44,24.8,69.05,0.35,0.55
1981-07-12,36.6,24.12,64.38,0.34,0.55
1981-07-13,37.13,24.41,63.7,0.22,0.54
1981-07-14,37.23,24.89,63.65,0.2,0.54
1981-07-15,36.49,25.43,63.85,2.42,0.54
1981-07-16,37.55,25.07,62.25,0.44,0.54
1981-07-17,36.83,25.93,61.7,0.64,0.54
1981-07-18,33.66,26.46,63.88,0.09,0.54
1981-07-19,36.41,26.22,60.24,0.7,0.54
1981-07-20,37.39,26.32,60.73,2.19,0.54
1981-07-21,33.93,27.06,70.21,2.71,0.54
1981-07-22,37.11,25.98,62.57,0.36,0.54
1981-07-23,36.23,24.56,66.8,13.93,0.55
1981-07-24,34.78,25.01,72.15,11.8,0.57
1981-07-25,35.25,25.62,68.84,0.4,0.57
1981-07-26,33.36,25.43,74.48,4.6,0.57
1981-07-27,35.18,23.85,74.46,18.62,0.59
1981-07-28,36.45,24.14,68.72,1.7,0.59
1981-07-29,36.68,25.67,68.38,0.54,0.59
1981-07-30,32.44,25.65,74.7,0.84,0.58
1981-07-31,35.6,24.9,70.43,0.73,0.58
1981-08-01,35.1,24.7,68.24,0.15,0.58
1981-08-02,36.03,24.4,68.39,0.78,0.57
1981-08-03,34.17,25.0,73.56,1.46,0.57
1981-08-04,36.1,24.67,69.54,0.57,0.57
1981-08-05,35.81,25.44,69.76,0.4,0.56
1981-08-06,34.4,25.64,77.64,5.8,0.56
1981-08-07,34.13,25.1,74.82,0.73,0.57
1981-08-08,33.77,25.04,73.67,2.14,0.57
1981-08-09,37.46,24.31,67.25,0.42,0.56
1981-08-10,37.23,25.4,63.88,5.19,0.56
1981-08-11,31.44,25.82,79.79,6.93,0.57
1981-08-12,33.6,25.17,77.73,3.53,0.58
1981-08-13,34.75,25.31,73.15,0.25,0.57
1981-08-14,34.55,24.93,73.24,0.51,0.57
1981-08-15,34.98,24.6,70.81,0.3,0.57
1981-08-16,38.35,24.43,63.65,0.42,0.56
1981-08-17,35.48,24.99,65.41,0.32,0.56
1981-08-18,37.02,25.33,64.17,0.23,0.55
1981-08-19,34.24,25.98,67.17,0.09,0.55
1981-08-20,37.38,25.25,67.43,0.67,0.55
1981-08-21,35.34,26.01,70.51,1.23,0.55
1981-08-22,35.69,25.08,69.85,0.7,0.55
1981-08-23,35.72,24.71,66.91,0.6,0.55
1981-08-24,38.4,24.31,63.42,0.17,0.54
1981-08-25,37.97,24.28,67.03,6.84,0.55
1981-08-26,36.38,24.75,68.87,6.63,0.55
1981-08-27,32.64,24.84,73.18,0.08,0.56
1981-08-28,33.81,24.93,71.62,0.21,0.55
1981-08-29,36.45,24.14,68.27,0.19,0.55
1981-08-30,36.78,25.29,66.05,0.3,0.55
1981-08-31,37.73,24.91,62.63,0.04,0.54
1981-09-01,35.62,25.3,66.74,1.12,0.54
1981-09-02,35.71,25.56,65.13,1.26,0.54
1981-09-03,33.13,25.33,70.67,0.6,0.54
1981-09-04,35.43,24.64,69.69,5.41,0.54
1981-09-05,34.01,24.62,70.04,1.06,0.54
1981-09-06,31.87,25.0,77.91,3.61,0.55
1981-09-07,35.06,24.15,70.81,1.63,0.55
1981-09-08,34.37,24.28,73.71,1.73,0.55
1981-09-09,33.48,24.84,74.68,1.91,0.55
1981-09-10,34.53,24.63,69.4,2.31,0.55
1981-09-11,33.67,24.23,75.23,14.83,0.57
1981-09-12,34.84,24.57,74.99,11.76,0.58
1981-09-13,35.81,24.07,70.31,0.92,0.58
1981-09-14,35.44,24.74,70.01,0.09,0.58
1981-09-15,33.02,24.67,73.55,0.81,0.57
1981-09-16,36.8,23.87,62.56,0.05,0.57
1981-09-17,36.74,24.75,59.93,0.18,0.56
1981-09-18,34.43,25.57,67.12,0.91,0.56
1981-09-19,33.08,25.53,65.53,0.99,0.56
1981-09-20,33.32,24.63,72.88,15.48,0.57
1981-09-21,34.49,25.42,69.13,0.07,0.58
1981-09-22,36.95,25.89,64.04,0.08,0.57
1981-09-23,35.96,26.49,71.42,2.28,0.57
1981-09-24,35.12,26.23,69.13,0.12,0.57
1981-09-25,33.78,25.19,70.06,0.17,0.57
1981-09-26,33.82,24.19,70.33,0.13,0.56
1981-09-27,35.81,24.73,64.8,0.62,0.56
1981-09-28,36.7,25.39,65.47,0.07,0.56
1981-09-29,32.56,25.41,77.21,0.94,0.55
1981-09-30,33.8,25.22,72.53,0.46,0.55
1981-10-01,36.52,24.9,67.96,3.17,0.55
1981-10-02,35.19,25.14,71.38,3.31,0.55
1981-10-03,33.64,24.77,74.63,2.28,0.56
1981-10-04,32.61,25.25,77.42,4.91,0.56
1981-10-05,32.67,24.31,75.57,1.22,0.56
1981-10-06,34.44,22.95,74.47,1.03,0.56
1981-10-07,32.56,24.35,72.43,0.19,0.55
1981-10-08,35.31,24.21,66.45,0.0,0.55
1981-10-09,35.86,23.25,64.37,0.01,0.55
1981-10-10,35.24,24.12,66.18,0.08,0.55
1981-10-11,35.96,22.77,64.82,0.0,0.54
1981-10-12,36.39,23.13,63.18,0.12,0.54
1981-10-13,30.12,24.38,77.45,7.97,0.54
1981-10-14,29.87,23.94,79.8,0.33,0.55
1981-10-15,32.69,23.71,70.61,0.01,0.55
1981-10-16,35.06,22.64,63.49,0.74,0.55
1981-10-17,36.13,23.84,66.89,5.89,0.55
1981-10-18,31.95,24.48,78.97,3.51,0.56
1981-10-19,32.75,23.9,78.96,4.89,0.56
1981-10-20,34.22,22.28,72.79,2.34,0.56
1981-10-21,34.73,23.15,67.92,0.0,0.56
1981-10-22,35.97,22.32,62.81,0.0,0.55
1981-10-23,36.38,22.42,63.74,0.0,0.55
1981-10-24,31.54,23.89,74.13,0.1,0.55
1981-10-25,33.82,23.56,73.86,1.52,0.55
1981-10-26,33.05,23.49,73.54,1.47,0.55
1981-10-27,35.29,22.58,67.36,0.01,0.54
1981-10-28,35.86,23.85,59.81,0.02,0.54
1981-10-29,36.84,23.32,57.96,0.0,0.54
1981-10-30,35.89,23.94,58.37,0.0,0.54
1981-10-31,36.25,23.72,55.53,0.0,0.53
1981-11-01,36.72,22.39,55.07,0.0,0.53
1981-11-02,37.48,22.83,51.73,0.0,0.53
1981-11-03,37.36,22.62,51.0,0.0,0.53
1981-11-04,36.9,22.61,53.16,0.12,0.53
1981-11-05,36.85,22.87,53.78,0.53,0.53
1981-11-06,35.22,23.14,66.85,15.42,0.54
1981-11-07,31.25,23.88,75.13,0.35,0.55
1981-11-08,33.54,22.41,72.99,1.17,0.55
1981-11-09,24.74,18.7,73.07,0.46,0.55
1981-11-10,24.21,17.93,73.22,1.41,0.55
1981-11-11,28.59,17.71,76.42,0.96,0.55
1981-11-12,29.3,20.51,73.22,0.11,0.55
1981-11-13,29.26,20.77,70.5,0.0,0.54
1981-11-14,31.89,19.68,62.78,0.0,0.54
1981-11-15,31.4,20.79,63.98,0.0,0.54
1981-11-16,33.15,18.97,55.28,0.0,0.54
1981-11-17,33.26,16.96,56.07,0.97,0.54
1981-11-18,27.57,20.91,80.86,16.19,0.55
1981-11-19,25.67,21.05,90.43,39.05,0.58
1981-11-20,25.05,20.51,92.25,35.18,0.66
1981-11-21,24.77,21.23,91.13,1.99,0.68
1981-11-22,27.8,20.45,86.04,0.89,0.67
1981-11-23,28.32,19.95,79.94,0.0,0.66
1981-11-24,29.0,17.92,74.96,0.0,0.66
1981-11-25,28.34,16.88,67.99,0.0,0.65
1981-11-26,28.54,15.79,64.01,0.0,0.65
1981-11-27,29.05,14.67,63.69,0.0,0.64
1981-11-28,29.42,15.5,64.02,0.0,0.64
1981-11-29,29.68,17.79,69.02,0.0,0.63
1981-11-30,28.87,17.58,71.83,0.0,0.63
1981-12-01,26.31,18.29,74.82,0.0,0.62
1981-12-02,27.11,15.67,65.08,0.0,0.62
1981-12-03,27.14,13.09,62.97,0.0,0.62
1981-12-04,28.26,13.54,62.77,0.0,0.61
1981-12-05,28.18,14.66,63.59,0.0,0.61
1981-12-06,28.88,14.83,64.39,0.0,0.61
1981-12-07,27.4,16.57,69.16,0.0,0.6
1981-12-08,25.93,18.89,73.84,0.02,0.6
1981-12-09,28.78,18.38,76.43,0.13,0.6
1981-12-10,28.9,19.0,76.18,0.66,0.6
1981-12-11,28.91,19.0,78.52,0.47,0.6
1981-12-12,31.25,17.69,72.3,0.01,0.59
1981-12-13,29.32,17.61,69.1,0.0,0.59
1981-12-14,29.71,16.29,63.4,0.0,0.59
1981-12-15,28.58,15.96,71.15,0.0,0.58
1981-12-16,29.21,15.98,70.37,0.0,0.58
1981-12-17,27.24,11.88,61.75,0.0,0.58
1981-12-18,28.38,15.63,59.94,0.13,0.58
1981-12-19,26.94,10.91,52.82,0.0,0.57
1981-12-20,27.21,12.58,58.63,0.0,0.57
1981-12-21,25.67,15.72,67.23,0.0,0.57
1981-12-22,27.25,13.21,63.78,0.0,0.57
1981-12-23,27.2,14.73,62.38,0.0,0.57
1981-12-24,25.52,14.86,67.92,0.0,0.57
1981-12-25,25.52,14.89,69.81,0.0,0.56
1981-12-26,27.34,14.65,62.07,0.0,0.56
1981-12-27,27.62,13.09,61.42,0.0,0.56
1981-12-28,27.98,12.68,60.44,0.0,0.56
1981-12-29,28.16,12.24,56.29,0.0,0.56
1981-12-30,28.36,12.43,53.18,0.0,0.55
1981-12-31,27.84,11.8,54.5,0.0,0.55
1982-01-01,27.52,11.67,56.14,0.0,0.55
1982-01-02,27.22,11.96,56.46,0.0,0.55
1982-01-03,26.53,10.54,52.43,0.01,0.55
1982-01-04,27.04,11.1,50.91,0.01,0.54
1982-01-05,28.26,11.42,55.21,0.0,0.54
1982-01-06,28.27,13.98,50.9,0.0,0.54
1982-01-07,29.76,14.52,54.06,0.0,0.54
1982-01-08,30.03,14.81,51.02,0.0,0.54
1982-01-09,29.84,13.78,53.28,0.0,0.54
1982-01-10,29.7,13.74,51.43,0.0,0.54
1982-01-11,29.36,12.71,45.42,0.0,0.53
1982-01-12,29.74,13.62,45.63,0.0,0.53
1982-01-13,29.06,14.3,51.06,0.0,0.53
1982-01-14,28.62,13.55,54.34,0.23,0.53
1982-01-15,29.13,12.9,45.73,0.0,0.53
1982-01-16,29.45,13.3,42.12,0.0,0.53
1982-01-17,28.91,13.41,42.67,0.0,0.53
1982-01-18,29.63,13.04,44.17,0.0,0.53
1982-01-19,29.77,13.27,43.03,0.0,0.53
1982-01-20,29.13,12.09,37.18,0.0,0.53
1982-01-21,29.16,12.18,35.96,0.0,0.53
1982-01-22,29.22,11.42,36.73,0.0,0.52
1982-01-23,30.29,12.14,35.42,0.0,0.52
1982-01-24,30.09,12.51,38.66,0.0,0.52
1982-01-25,30.64,12.77,41.22,0.0,0.52
1982-01-26,31.88,13.37,37.78,0.0,0.52
1982-01-27,31.74,13.78,33.04,0.0,0.52
1982-01-28,31.73,13.84,32.27,0.0,0.52
1982-01-29,32.0,14.21,32.29,0.0,0.52
1982-01-30,31.67,14.69,35.47,0.0,0.52
1982-01-31,31.13,14.21,37.97,0.0,0.52
1982-02-01,31.48,14.63,37.03,0.0,0.52
1982-02-02,31.5,14.64,34.02,0.0,0.52
1982-02-03,29.67,15.25,41.38,0.0,0.52
1982-02-04,30.55,13.61,35.35,0.0,0.52
1982-02-05,31.28,14.64,33.2,0.01,0.52
1982-02-06,28.49,18.6,50.16,0.03,0.52
1982-02-07,30.29,15.93,35.94,0.0,0.52
1982-02-08,29.38,13.03,30.03,0.0,0.52
1982-02-09,29.21,13.01,36.95,0.0,0.52
1982-02-10,29.42,13.25,31.25,0.0,0.52
1982-02-11,29.73,11.92,32.89,0.0,0.52
1982-02-12,31.11,12.87,32.19,0.0,0.52
1982-02-13,32.42,14.24,32.33,0.0,0.52
1982-02-14,32.09,15.85,38.24,0.18,0.52
1982-02-15,31.27,18.64,43.29,0.0,0.52
1982-02-16,32.84,17.64,33.71,0.0,0.52
1982-02-17,32.98,16.61,34.67,0.06,0.52
1982-02-18,30.76,18.23,43.14,0.07,0.52
1982-02-19,34.09,18.88,45.17,0.02,0.52
1982-02-20,33.04,20.04,38.42,0.0,0.52
1982-02-21,33.38,17.6,33.83,0.0,0.52
1982-02-22,34.41,17.93,30.76,0.0,0.52
1982-02-23,34.17,17.73,29.3,0.0,0.52
1982-02-24,34.83,16.89,28.46,0.0,0.52
1982-02-25,34.65,18.22,28.29,0.0,0.52
1982-02-26,34.25,18.14,20.93,0.0,0.52
1982-02-27,35.64,16.45,20.46,0.0,0.52
1982-02-28,35.92,16.37,19.78,0.04,0.52
1982-03-01,35.72,17.26,23.16,0.0,0.52
1982-03-02,37.18,18.2,25.3,0.0,0.52
1982-03-03,37.13,19.08,30.2,0.0,0.52
1982-03-04,35.9,21.01,33.97,0.0,0.52
1982-03-05,34.29,17.63,26.22,0.0,0.52
1982-03-06,34.12,17.25,25.18,0.0,0.52
1982-03-07,36.27,17.93,31.31,0.31,0.52
1982-03-08,35.0,21.53,38.63,0.0,0.52
1982-03-09,35.87,18.91,20.83,0.0,0.52
1982-03-10,37.28,17.99,18.19,0.0,0.52
1982-03-11,36.89,19.47,22.1,0.0,0.52
1982-03-12,37.38,20.11,25.58,0.0,0.52
1982-03-13,36.7,21.89,31.1,0.0,0.52
1982-03-14,35.86,22.93,27.94,0.0,0.52
1982-03-15,36.66,18.45,23.08,0.0,0.52
1982-03-16,37.21,19.04,18.5,0.0,0.52
1982-03-17,37.86,18.49,21.05,0.0,0.52
1982-03-18,37.57,19.41,22.55,0.0,0.52
1982-03-19,37.8,21.13,27.3,0.0,0.52
1982-03-20,37.76,22.27,30.36,0.0,0.52
1982-03-21,37.77,23.58,26.16,0.0,0.52
1982-03-22,39.24,21.96,23.55,0.0,0.52
1982-03-23,39.14,22.15,20.62,0.0,0.52
1982-03-24,39.93,21.12,20.17,0.0,0.52
1982-03-25,40.45,21.86,20.11,0.0,0.52
1982-03-26,40.19,24.89,23.4,0.0,0.52
1982-03-27,38.73,23.65,27.29,0.0,0.52
1982-03-28,38.26,23.81,24.62,0.0,0.52
1982-03-29,39.27,22.47,21.95,0.0,0.52
1982-03-30,39.21,21.39,22.01,0.0,0.52
1982-03-31,38.7,23.11,35.13,0.13,0.52
1982-04-01,39.66,23.13,40.5,0.13,0.52
1982-04-02,40.52,23.45,45.46,0.03,0.52
1982-04-03,40.77,24.06,41.25,0.07,0.52
1982-04-04,39.61,24.48,36.94,0.07,0.52
1982-04-05,40.51,26.51,33.9,0.02,0.52
1982-04-06,40.46,28.05,32.69,0.0,0.52
1982-04-07,40.97,28.51,32.65,0.24,0.52
1982-04-08,40.77,29.1,33.69,0.39,0.52
1982-04-09,39.03,28.52,34.52,0.02,0.52
1982-04-10,33.22,26.8,45.07,0.01,0.52
1982-04-11,39.18,25.98,32.39,0.11,0.52
1982-04-12,38.55,25.56,31.5,0.06,0.52
1982-04-13,38.92,24.3,29.95,0.02,0.52
1982-04-14,40.11,24.12,28.25,0.01,0.52
1982-04-15,38.66,24.14,34.75,0.09,0.52
1982-04-16,38.55,25.27,32.29,0.1,0.52
1982-04-17,36.56,25.1,38.51,0.17,0.52
1982-04-18,38.22,25.04,35.45,0.02,0.52
1982-04-19,39.29,24.5,31.47,0.01,0.52
1982-04-20,37.16,24.97,33.0,0.0,0.52
1982-04-21,40.41,25.36,29.66,0.02,0.52
1982-04-22,39.16,25.75,30.98,0.03,0.52
1982-04-23,39.37,27.18,30.76,0.01,0.52
1982-04-24,39.87,27.61,28.05,0.05,0.52
1982-04-25,40.76,27.99,29.24,0.01,0.52
1982-04-26,40.01,28.86,29.0,0.25,0.52
1982-04-27,41.05,26.39,30.96,0.01,0.52
1982-04-28,39.61,29.94,30.05,0.02,0.52
1982-04-29,40.6,26.83,31.12,0.0,0.52
1982-04-30,38.32,29.21,29.69,0.05,0.52
1982-05-01,41.81,24.97,28.58,0.02,0.52
1982-05-02,40.34,28.83,33.5,0.02,0.52
1982-05-03,39.01,30.22,33.45,0.0,0.52
1982-05-04,39.36,27.36,34.43,0.08,0.52
1982-05-05,40.15,26.73,32.61,0.18,0.52
1982-05-06,38.69,29.38,33.91,0.0,0.52
1982-05-07,39.81,27.77,31.68,0.0,0.52
1982-05-08,39.61,29.95,31.31,0.0,0.52
1982-05-09,42.7,29.09,30.76,0.0,0.52
1982-05-10,42.61,30.88,30.61,0.0,0.52
1982-05-11,43.9,29.92,28.29,0.02,0.52
1982-05-12,42.36,29.19,34.12,0.27,0.52
1982-05-13,41.08,31.65,33.4,0.04,0.52
1982-05-14,40.55,30.82,35.95,0.55,0.52
1982-05-15,33.61,27.05,62.91,13.6,0.53
1982-05-16,36.28,26.92,57.38,0.47,0.54
1982-05-17,36.93,26.15,52.62,0.01,0.54
1982-05-18,33.51,26.3,55.06,2.03,0.54
1982-05-19,38.78,25.05,49.55,0.65,0.53
1982-05-20,39.98,27.13,43.11,0.0,0.53
1982-05-21,40.11,28.26,42.99,5.96,0.54
1982-05-22,40.61,26.41,45.56,0.0,0.53
1982-05-23,39.91,28.35,44.18,0.0,0.53
1982-05-24,34.04,28.79,52.8,0.04,0.53
1982-05-25,34.3,26.83,53.86,0.83,0.53
1982-05-26,35.56,26.78,56.67,0.19,0.53
1982-05-27,35.58,27.51,57.24,0.01,0.53
1982-05-28,35.27,27.05,56.93,0.15,0.53
1982-05-29,35.47,25.52,54.26,0.04,0.53
1982-05-30,36.58,26.31,55.64,1.72,0.53
1982-05-31,36.54,26.49,55.42,0.16,0.53
1982-06-01,34.86,26.94,63.8,6.59,0.54
1982-06-02,34.23,25.67,67.5,0.75,0.54
1982-06-03,35.69,25.95,65.94,4.58,0.54
1982-06-04,36.48,25.38,61.11,0.95,0.54
1982-06-05,38.43,26.64,54.55,0.0,0.53
1982-06-06,40.32,28.09,50.6,0.12,0.53
1982-06-07,37.14,29.22,50.51,0.09,0.53
1982-06-08,34.76,28.0,56.6,0.96,0.53
1982-06-09,33.46,26.8,64.92,2.68,0.53
1982-06-10,31.32,25.3,77.05,7.94,0.54
1982-06-11,31.96,24.96,75.02,0.4,0.54
1982-06-12,35.01,24.9,68.12,0.37,0.54
1982-06-13,36.14,24.97,62.75,0.71,0.54
1982-06-14,35.76,24.67,68.27,0.54,0.53
1982-06-15,34.49,25.72,69.1,0.08,0.53
1982-06-16,36.98,25.42,63.15,0.35,0.53
1982-06-17,35.7,26.31,66.65,2.03,0.53
1982-06-18,34.36,25.87,70.0,0.36,0.53
1982-06-19,37.01,25.69,61.93,0.19,0.53
1982-06-20,37.58,25.22,56.44,0.34,0.53
1982-06-21,38.03,25.13,53.65,0.44,0.53
1982-06-22,37.05,26.6,56.8,0.55,0.53
1982-06-23,36.77,25.62,58.19,0.02,0.53
1982-06-24,37.8,25.34,58.5,0.68,0.53
1982-06-25,36.97,25.3,61.3,0.32,0.53
1982-06-26,36.88,26.01,61.52,0.53,0.53
1982-06-27,39.45,25.67,51.51,0.01,0.53
1982-06-28,38.82,27.1,50.67,0.03,0.52
1982-06-29,38.32,27.35,49.29,0.06,0.52
1982-06-30,38.89,26.74,52.96,0.0,0.52
1982-07-01,39.48,26.75,53.87,0.02,0.52
1982-07-02,38.2,26.8,55.91,0.62,0.52
1982-07-03,37.59,27.94,49.47,0.28,0.52
1982-07-04,39.2,27.92,50.73,0.12,0.52
1982-07-05,40.36,26.75,55.49,2.47,0.52
1982-07-06,38.26,27.3,52.23,0.01,0.53
1982-07-07,38.5,27.03,52.26,0.0,0.52
1982-07-08,33.2,26.97,62.18,0.12,0.52
1982-07-09,35.51,26.21,58.8,0.03,0.52
1982-07-10,37.35,25.87,58.78,0.08,0.52
1982-07-11,37.66,25.97,54.8,0.47,0.52
1982-07-12,36.76,27.06,53.44,0.01,0.52
1982-07-13,34.56,27.32,57.44,0.01,0.52
1982-07-14,38.63,27.57,49.71,0.05,0.52
1982-07-15,39.97,27.71,51.14,0.02,0.52
1982-07-16,40.03,27.21,50.73,0.06,0.52
1982-07-17,40.27,27.49,49.76,0.0,0.52
1982-07-18,39.24,28.24,50.54,0.0,0.52
1982-07-19,37.52,27.05,56.88,0.01,0.52
1982-07-20,38.7,26.65,56.03,0.31,0.52
1982-07-21,39.25,26.51,54.9,0.05,0.52
1982-07-22,35.24,26.03,59.73,0.21,0.52
1982-07-23,39.04,25.21,54.07,0.03,0.52
1982-07-24,39.81,26.13,52.24,0.25,0.52
1982-07-25,40.41,26.24,51.25,0.07,0.52
1982-07-26,36.36,26.82,64.43,0.35,0.52
1982-07-27,38.15,26.07,58.88,0.16,0.52
1982-07-28,35.24,25.22,63.17,0.19,0.52
1982-07-29,37.8,26.6,60.55,0.47,0.52
1982-07-30,38.39,26.07,58.38,0.8,0.52
1982-07-31,36.54,25.67,59.08,0.96,0.52
1982-08-01,33.73,26.21,65.94,0.33,0.52
1982-08-02,35.38,25.07,62.87,0.93,0.52
1982-08-03,37.83,24.61,59.75,0.38,0.52
1982-08-04,39.73,25.52,55.22,0.1,0.52
1982-08-05,36.48,27.36,61.14,1.47,0.52
1982-08-06,35.96,25.84,63.34,0.37,0.53
1982-08-07,33.44,24.93,78.02,39.58,0.56
1982-08-08,30.58,24.57,78.62,0.26,0.59
1982-08-09,34.09,24.53,73.46,0.39,0.58
1982-08-10,36.81,25.34,65.07,0.02,0.58
1982-08-11,33.86,25.64,71.48,0.03,0.57
1982-08-12,35.71,24.87,66.67,0.46,0.57
1982-08-13,35.56,25.16,69.61,1.07,0.57
1982-08-14,36.64,25.37,65.78,0.37,0.56
1982-08-15,37.65,24.88,65.27,0.27,0.56
1982-08-16,36.05,25.42,70.4,8.74,0.56
1982-08-17,31.09,25.63,79.81,1.85,0.57
1982-08-18,34.1,25.38,70.17,0.49,0.57
1982-08-19,35.91,25.83,66.6,0.1,0.56
1982-08-20,36.29,25.1,68.36,1.82,0.56
1982-08-21,34.48,25.36,70.11,0.26,0.56
1982-08-22,34.82,24.98,70.83,0.1,0.55
1982-08-23,36.2,25.61,65.77,0.34,0.55
1982-08-24,36.64,24.8,66.41,0.43,0.55
1982-08-25,36.86,25.25,65.92,0.65,0.54
1982-08-26,35.19,26.53,66.67,0.1,0.54
1982-08-27,37.61,25.3,63.04,0.02,0.54
1982-08-28,35.38,25.57,63.92,0.04,0.54
1982-08-29,35.92,24.66,64.25,0.57,0.54
1982-08-30,38.45,24.88,58.66,0.15,0.53
1982-08-31,38.48,25.5,54.47,0.01,0.53
1982-09-01,38.02,28.47,51.59,0.08,0.53
1982-09-02,36.59,27.3,56.09,2.47,0.53
1982-09-03,30.06,25.42,82.46,9.94,0.54
1982-09-04,35.39,23.96,69.83,2.47,0.55
1982-09-05,33.67,24.81,71.82,5.66,0.55
1982-09-06,35.26,24.18,70.77,3.06,0.56
1982-09-07,37.63,25.26,64.79,0.02,0.55
1982-09-08,38.81,26.32,59.58,0.01,0.55
1982-09-09,33.52,25.38,72.42,1.88,0.54
1982-09-10,35.2,23.18,70.94,7.87,0.55
1982-09-11,37.06,22.8,62.78,0.05,0.55
1982-09-12,39.01,24.09,60.13,0.01,0.55
1982-09-13,38.1,24.45,60.14,0.02,0.54
1982-09-14,38.36,24.58,59.33,0.01,0.54
1982-09-15,37.29,23.18,61.34,0.36,0.54
1982-09-16,37.11,24.83,60.94,0.52,0.53
1982-09-17,37.66,25.42,61.02,0.05,0.53
1982-09-18,33.96,25.92,62.82,0.14,0.53
1982-09-19,35.38,24.9,60.75,0.7,0.53
1982-09-20,35.86,25.06,61.21,1.31,0.53
1982-09-21,36.95,25.04,56.73,0.01,0.53
1982-09-22,38.8,24.92,47.94,0.04,0.53
1982-09-23,37.74,26.6,49.93,0.0,0.53
1982-09-24,36.61,26.48,57.68,0.0,0.53
1982-09-25,36.68,25.63,63.78,5.07,0.53
1982-09-26,31.6,24.83,73.04,0.13,0.53
1982-09-27,35.62,23.88,64.53,0.33,0.53
1982-09-28,34.09,24.5,66.41,0.24,0.53
1982-09-29,32.13,24.88,72.04,0.58,0.53
1982-09-30,30.85,24.46,74.94,1.13,0.53
1982-10-01,31.41,23.45,73.4,5.34,0.54
1982-10-02,32.86,22.18,72.01,13.21,0.55
1982-10-03,33.73,21.6,73.96,2.92,0.56
1982-10-04,30.02,23.01,76.96,1.91,0.56
1982-10-05,33.87,22.35,67.95,0.33,0.56
1982-10-06,33.38,23.0,65.73,0.14,0.55
1982-10-07,31.33,23.89,71.24,6.89,0.56
1982-10-08,35.1,23.01,67.25,0.0,0.56
1982-10-09,35.42,23.2,64.79,0.0,0.55
1982-10-10,35.16,22.87,62.69,0.0,0.55
1982-10-11,35.5,23.14,61.97,0.06,0.55
1982-10-12,31.65,24.06,71.39,0.77,0.54
1982-10-13,33.63,23.71,65.65,1.73,0.54
1982-10-14,34.96,23.3,61.22,0.05,0.54
1982-10-15,36.62,24.57,54.74,0.0,0.54
1982-10-16,38.07,23.06,51.55,0.0,0.53
1982-10-17,36.65,24.18,57.12,0.0,0.53
1982-10-18,38.31,23.93,48.9,0.0,0.53
1982-10-19,38.15,23.84,46.99,0.0,0.53
1982-10-20,38.04,24.27,45.31,0.0,0.53
1982-10-21,37.18,25.8,48.34,0.0,0.53
1982-10-22,36.29,25.82,51.64,0.01,0.53
1982-10-23,35.34,25.49,53.9,0.51,0.53
1982-10-24,34.28,24.83,54.76,0.01,0.53
1982-10-25,36.08,24.59,50.71,0.29,0.53
1982-10-26,32.93,22.61,66.07,7.85,0.53
1982-10-27,32.66,20.89,65.47,0.86,0.54
1982-10-28,34.46,20.3,56.86,0.0,0.53
1982-10-29,35.65,20.12,50.57,0.0,0.53
1982-10-30,35.47,20.69,48.48,0.0,0.53
1982-10-31,35.86,21.05,45.13,0.0,0.53
1982-11-01,36.48,21.68,43.75,0.0,0.53
1982-11-02,37.02,22.34,45.08,0.16,0.53
1982-11-03,36.19,23.33,46.72,0.0,0.52
1982-11-04,35.76,22.04,46.43,0.0,0.52
1982-11-05,34.87,23.69,42.0,0.0,0.52
1982-11-06,34.27,21.85,42.58,0.0,0.52
1982-11-07,35.04,21.49,36.6,0.0,0.52
1982-11-08,34.14,19.04,39.45,0.0,0.52
1982-11-09,34.87,21.29,37.75,0.0,0.52
1982-11-10,30.27,23.1,38.81,0.05,0.52
1982-11-11,32.79,21.04,44.66,1.03,0.52
1982-11-12,32.41,19.3,60.07,1.46,0.52
1982-11-13,30.02,21.95,63.0,1.04,0.53
1982-11-14,31.97,19.97,58.43,0.0,0.53
1982-11-15,32.09,20.52,49.65,0.0,0.52
1982-11-16,33.07,18.8,46.21,0.0,0.52
1982-11-17,33.52,18.5,45.56,0.0,0.52
1982-11-18,33.34,18.3,47.12,0.0,0.52
1982-11-19,33.46,17.79,45.04,0.0,0.52
1982-11-20,33.72,17.78,41.16,0.0,0.52
1982-11-21,33.54,17.81,35.42,0.0,0.52
1982-11-22,33.63,16.33,36.99,0.0,0.52
1982-11-23,28.49,17.03,46.91,0.0,0.52
1982-11-24,32.48,16.7,44.5,0.01,0.52
1982-11-25,33.31,17.89,39.32,0.0,0.52
1982-11-26,33.04,16.79,39.56,0.0,0.52
1982-11-27,32.51,15.6,31.79,0.02,0.52
1982-11-28,31.1,15.75,35.38,0.0,0.52
1982-11-29,30.1,14.47,39.9,0.0,0.52
1982-11-30,29.87,13.78,37.27,0.0,0.52
1982-12-01,29.43,13.47,36.7,0.01,0.52
1982-12-02,29.6,12.83,37.21,0.0,0.52
1982-12-03,29.84,12.93,38.05,0.0,0.52
1982-12-04,30.13,13.15,35.92,0.0,0.52
1982-12-05,30.63,12.76,37.85,0.0,0.52
1982-12-06,31.67,14.35,31.99,0.0,0.52
1982-12-07,31.16,14.4,29.62,0.0,0.52
1982-12-08,31.03,13.57,35.82,0.0,0.52
1982-12-09,30.42,13.3,37.95,0.0,0.52
1982-12-10,30.37,13.15,34.7,0.0,0.52
1982-12-11,30.35,13.48,35.17,0.0,0.52
1982-12-12,30.85,14.15,37.89,0.0,0.52
1982-12-13,29.31,14.67,39.29,0.0,0.52
1982-12-14,31.93,17.05,42.1,0.0,0.52
1982-12-15,29.08,17.6,36.99,0.0,0.52
1982-12-16,31.65,15.43,36.22,0.0,0.52
1982-12-17,31.16,16.02,39.99,0.0,0.52
1982-12-18,30.11,15.06,40.68,0.0,0.52
1982-12-19,29.97,14.06,40.03,0.0,0.52
1982-12-20,30.41,16.16,34.45,0.0,0.52
1982-12-21,29.34,15.09,45.38,0.0,0.52
1982-12-22,29.59,14.7,46.47,0.0,0.52
1982-12-23,30.02,16.15,39.85,0.0,0.52
1982-12-24,30.27,13.58,33.69,0.0,0.52
1982-12-25,29.7,13.78,37.6,0.02,0.52
1982-12-26,29.22,15.09,46.24,0.0,0.52
1982-12-27,27.63,13.59,45.41,0.0,0.52
1982-12-28,27.48,12.71,43.29,0.0,0.52
1982-12-29,28.36,13.04,41.63,0.0,0.52
1982-12-30,28.28,12.88,39.07,0.0,0.52
1982-12-31,27.86,12.44,42.17,0.06,0.52
1983-01-01,27.99,12.44,41.18,0.0,0.52
1983-01-02,28.1,11.41,36.91,0.0,0.52
1983-01-03,26.84,11.71,38.51,0.0,0.52
1983-01-04,26.62,11.78,37.61,0.0,0.52
1983-01-05,25.39,9.35,29.55,0.0,0.52
1983-01-06,25.94,8.8,25.16,0.0,0.52
1983-01-07,25.91,8.73,25.8,0.0,0.52
1983-01-08,27.39,8.98,28.46,0.0,0.52
1983-01-09,27.85,10.57,30.02,0.0,0.52
1983-01-10,29.4,10.22,35.86,0.11,0.52
1983-01-11,28.03,11.62,43.4,0.25,0.52
1983-01-12,27.89,11.72,47.45,0.0,0.52
1983-01-13,28.26,11.27,41.34,0.0,0.52
1983-01-14,28.3,11.83,40.13,0.0,0.52
1983-01-15,28.63,11.85,36.78,0.0,0.52
1983-01-16,28.48,10.7,35.08,0.0,0.52
1983-01-17,30.03,11.92,28.15,0.0,0.52
1983-01-18,30.19,11.54,28.76,0.0,0.52
1983-01-19,30.54,12.01,28.15,0.0,0.52
1983-01-20,29.34,13.19,29.74,0.0,0.52
1983-01-21,29.93,12.98,32.86,0.0,0.52
1983-01-22,28.56,12.42,40.27,0.0,0.52
1983-01-23,29.71,11.86,33.19,0.0,0.52
1983-01-24,29.23,14.26,33.02,0.0,0.52
1983-01-25,29.58,15.23,39.53,0.0,0.52
1983-01-26,30.35,15.12,40.22,0.0,0.52
1983-01-27,28.76,14.03,48.0,0.0,0.52
1983-01-28,30.01,14.28,38.06,0.0,0.52
1983-01-29,31.05,13.63,31.73,0.0,0.52
1983-01-30,30.13,13.26,35.26,0.0,0.52
1983-01-31,30.73,14.58,42.24,0.1,0.52
1983-02-01,29.66,15.4,42.52,0.01,0.52
1983-02-02,29.43,14.5,33.46,0.02,0.52
1983-02-03,29.19,12.88,36.31,0.0,0.52
1983-02-04,28.95,14.09,31.35,0.0,0.52
1983-02-05,27.04,12.7,24.01,0.0,0.52
1983-02-06,26.98,10.17,27.73,0.0,0.52
1983-02-07,28.61,11.63,25.95,0.0,0.52
1983-02-08,29.61,12.75,26.26,0.0,0.52
1983-02-09,30.8,14.47,27.08,0.0,0.52
1983-02-10,32.03,16.22,38.25,0.0,0.52
1983-02-11,32.23,16.46,27.75,0.0,0.52
1983-02-12,31.45,15.5,22.2,0.0,0.52
1983-02-13,31.58,13.35,23.66,0.0,0.52
1983-02-14,32.9,14.03,20.05,0.0,0.52
1983-02-15,34.34,15.04,26.19,0.0,0.52
1983-02-16,35.38,17.16,30.04,0.0,0.52
1983-02-17,35.54,17.75,31.88,0.0,0.52
1983-02-18,35.13,17.68,29.84,0.0,0.52
1983-02-19,34.69,17.74,34.03,0.02,0.52
1983-02-20,32.24,19.36,42.69,0.0,0.52
1983-02-21,32.7,19.37,29.64,0.0,0.52
1983-02-22,32.43,16.41,29.6,0.84,0.52
1983-02-23,33.04,16.67,31.83,0.02,0.52
1983-02-24,32.29,18.87,32.58,0.0,0.52
1983-02-25,33.26,16.23,26.02,0.0,0.52
1983-02-26,32.89,16.89,29.03,0.01,0.52
1983-02-27,33.65,17.46,39.51,0.28,0.52
1983-02-28,33.03,17.99,33.61,1.12,0.52
1983-03-01,32.05,16.42,35.72,0.0,0.52
1983-03-02,32.91,15.54,31.13,0.0,0.52
1983-03-03,34.75,16.28,28.33,0.0,0.52
1983-03-04,36.57,17.35,28.08,0.02,0.52
1983-03-05,35.24,19.46,35.72,0.0,0.52
1983-03-06,35.7,19.76,33.29,0.13,0.52
1983-03-07,33.69,19.61,37.42,0.0,0.52
1983-03-08,34.36,18.99,34.12,0.0,0.52
1983-03-09,35.45,19.22,33.01,0.01,0.52
1983-03-10,37.1,19.68,32.7,0.03,0.52
1983-03-11,38.75,21.11,31.37,0.0,0.52
1983-03-12,39.13,20.81,26.41,0.0,0.52
1983-03-13,41.21,20.26,26.45,0.0,0.52
1983-03-14,39.49,20.61,33.18,0.01,0.52
1983-03-15,37.55,20.15,33.42,0.0,0.52
1983-03-16,36.62,21.25,40.08,1.19,0.52
1983-03-17,34.37,19.52,42.36,0.0,0.52
1983-03-18,38.5,21.19,32.72,0.0,0.52
1983-03-19,38.65,21.06,32.67,0.26,0.52
1983-03-20,38.58,21.16,33.95,0.07,0.52
1983-03-21,36.49,22.02,40.02,0.44,0.52
1983-03-22,38.43,22.52,41.07,0.37,0.52
1983-03-23,36.32,22.31,38.1,0.0,0.52
1983-03-24,34.45,19.48,21.22,0.0,0.52
1983-03-25,35.49,16.85,22.58,0.0,0.52
1983-03-26,37.0,16.63,21.57,0.0,0.52
1983-03-27,39.48,18.76,23.0,0.0,0.52
1983-03-28,40.16,20.86,27.4,0.0,0.52
1983-03-29,40.46,22.38,26.33,0.01,0.52
1983-03-30,40.19,23.36,27.01,0.03,0.52
1983-03-31,38.38,23.97,28.48,0.0,0.52
1983-04-01,39.39,22.55,22.06,0.0,0.52
1983-04-02,39.81,21.11,17.42,0.0,0.52
1983-04-03,40.18,21.94,19.83,0.0,0.52
1983-04-04,41.74,22.95,27.68,0.0,0.52
1983-04-05,42.26,24.86,24.46,0.01,0.52
1983-04-06,41.15,24.1,25.74,0.0,0.52
1983-04-07,40.9,23.43,29.65,0.03,0.52
1983-04-08,41.68,23.4,31.52,0.04,0.52
1983-04-09,41.37,24.05,33.17,0.06,0.52
1983-04-10,41.65,23.95,29.64,0.03,0.52
1983-04-11,39.33,25.09,30.49,0.0,0.52
1983-04-12,39.2,23.3,29.17,0.0,0.52
1983-04-13,39.6,23.89,27.31,0.3,0.52
1983-04-14,41.41,24.64,30.24,0.1,0.52
1983-04-15,41.01,25.88,31.81,0.0,0.52
1983-04-16,36.19,26.76,35.36,0.0,0.52
1983-04-17,41.22,25.41,30.52,0.0,0.52
1983-04-18,41.77,26.38,32.16,0.0,0.52
1983-04-19,42.36,27.27,30.68,0.0,0.52
1983-04-20,41.56,27.14,29.23,0.0,0.52
1983-04-21,40.51,25.12,21.52,0.0,0.52
1983-04-22,39.11,23.93,21.77,0.0,0.52
1983-04-23,38.86,23.23,24.75,0.0,0.52
1983-04-24,39.67,25.76,26.79,0.06,0.52
1983-04-25,38.06,22.14,37.13,1.02,0.52
1983-04-26,39.03,25.85,30.64,0.97,0.52
1983-04-27,40.35,24.97,36.56,0.03,0.52
1983-04-28,41.35,25.63,32.49,0.62,0.52
1983-04-29,37.74,25.91,51.0,38.46,0.55
1983-04-30,37.41,23.95,57.55,1.01,0.58
1983-05-01,37.91,23.48,56.83,2.23,0.57
1983-05-02,37.67,23.6,55.58,0.02,0.57
1983-05-03,38.98,22.92,51.24,0.01,0.57
1983-05-04,39.34,24.66,49.28,0.12,0.56
1983-05-05,37.87,25.08,51.13,0.02,0.55
1983-05-06,38.14,25.35,48.33,0.0,0.55
1983-05-07,37.4,25.35,48.69,0.0,0.55
1983-05-08,36.05,25.51,51.91,0.0,0.55
1983-05-09,37.43,25.13,49.94,3.68,0.55
1983-05-10,34.53,24.87,56.23,0.0,0.55
1983-05-11,34.17,24.81,52.12,0.0,0.54
1983-05-12,37.34,25.74,44.92,0.0,0.54
1983-05-13,39.36,24.98,44.28,0.0,0.54
1983-05-14,39.59,26.53,42.0,0.05,0.54
1983-05-15,39.83,27.81,42.41,0.0,0.53
1983-05-16,38.55,28.03,43.88,0.0,0.53
1983-05-17,37.25,28.71,45.59,0.0,0.53
1983-05-18,37.15,27.9,43.5,0.0,0.53
1983-05-19,41.51,25.82,37.7,0.01,0.53
1983-05-20,38.93,28.89,39.52,0.01,0.53
1983-05-21,39.73,28.38,40.0,0.02,0.52
1983-05-22,42.01,28.25,35.6,0.02,0.52
1983-05-23,40.95,28.95,35.59,0.01,0.52
1983-05-24,42.56,29.02,34.83,0.01,0.52
1983-05-25,41.83,29.54,34.75,0.0,0.52
1983-05-26,41.52,30.57,34.58,0.0,0.52
1983-05-27,40.85,29.61,34.7,0.0,0.52
1983-05-28,39.2,29.97,37.25,0.0,0.52
1983-05-29,39.71,30.52,37.73,0.07,0.52
1983-05-30,39.71,29.52,41.69,0.0,0.52
1983-05-31,37.99,30.6,43.96,0.0,0.52
1983-06-01,37.08,29.38,50.91,0.0,0.52
1983-06-02,38.15,27.9,51.84,0.0,0.52
1983-06-03,40.02,27.93,48.31,0.01,0.52
1983-06-04,41.38,27.91,44.47,0.01,0.52
1983-06-05,39.42,28.53,49.11,0.0,0.52
1983-06-06,39.17,27.83,49.88,0.01,0.52
1983-06-07,42.84,29.5,37.05,0.0,0.52
1983-06-08,43.19,30.5,35.02,0.02,0.52
1983-06-09,40.12,30.07,40.02,0.0,0.52
1983-06-10,39.47,29.78,39.02,0.0,0.52
1983-06-11,38.71,30.32,39.88,0.0,0.52
1983-06-12,36.54,30.05,43.51,0.06,0.52
1983-06-13,38.04,27.75,49.96,0.0,0.52
1983-06-14,39.88,27.88,46.47,0.02,0.52
1983-06-15,38.91,27.88,52.77,0.31,0.52
1983-06-16,37.45,28.82,46.88,0.02,0.52
1983-06-17,40.62,28.79,39.79,0.05,0.52
1983-06-18,41.03,28.69,40.17,0.02,0.52
1983-06-19,43.26,28.47,36.99,0.03,0.52
1983-06-20,42.92,29.39,37.04,0.01,0.52
1983-06-21,41.9,30.34,38.33,0.0,0.52
1983-06-22,41.92,30.22,38.71,0.0,0.52
1983-06-23,40.05,30.68,40.74,0.0,0.52
1983-06-24,40.06,30.14,43.63,0.0,0.52
1983-06-25,35.9,29.45,51.18,0.01,0.52
1983-06-26,38.43,28.33,47.55,0.0,0.52
1983-06-27,40.72,28.37,43.3,0.0,0.52
1983-06-28,39.5,29.09,45.5,0.0,0.52
1983-06-29,39.15,28.25,48.09,0.0,0.52
1983-06-30,41.59,28.41,43.75,0.0,0.52
1983-07-01,40.11,30.05,42.71,0.02,0.52
1983-07-02,38.91,29.06,50.65,0.12,0.52
1983-07-03,38.71,27.36,52.74,0.12,0.52
1983-07-04,39.11,26.98,49.91,0.0,0.52
1983-07-05,41.39,27.09,43.68,0.0,0.52
1983-07-06,41.55,28.01,42.85,0.0,0.52
1983-07-07,41.48,29.37,42.32,0.0,0.52
1983-07-08,41.48,29.62,42.23,0.03,0.52
1983-07-09,39.9,29.32,42.82,0.01,0.52
1983-07-10,40.26,29.56,39.79,0.0,0.52
1983-07-11,39.88,29.91,41.29,0.0,0.52
1983-07-12,41.48,31.27,38.6,0.0,0.52
1983-07-13,37.29,31.84,44.28,0.0,0.52
1983-07-14,38.39,30.6,44.38,0.01,0.52
1983-07-15,38.11,30.53,46.94,0.0,0.52
1983-07-16,39.02,30.23,44.67,0.0,0.52
1983-07-17,39.85,30.63,42.47,0.0,0.52
1983-07-18,38.97,29.15,45.96,0.0,0.52
1983-07-19,38.09,28.47,51.13,0.0,0.52
1983-07-20,38.87,27.1,54.73,0.0,0.52
1983-07-21,38.89,27.1,53.83,0.0,0.52
1983-07-22,37.95,28.48,45.69,0.08,0.52
1983-07-23,33.89,29.1,54.46,0.36,0.52
1983-07-24,36.55,28.47,49.37,0.29,0.52
1983-07-25,40.51,28.43,42.59,0.32,0.52
1983-07-26,41.33,27.89,38.64,0.06,0.52
1983-07-27,40.62,29.25,41.0,0.81,0.52
1983-07-28,38.35,29.02,45.26,0.06,0.52
1983-07-29,35.65,27.92,50.25,0.0,0.52
1983-07-30,38.21,27.01,51.45,0.0,0.52
1983-07-31,38.58,27.77,51.36,0.02,0.52
1983-08-01,32.53,27.35,63.2,0.61,0.52
1983-08-02,32.98,25.87,74.05,1.8,0.52
1983-08-03,33.54,24.81,72.67,8.83,0.53
1983-08-04,33.05,24.59,69.53,1.71,0.54
1983-08-05,36.25,25.32,60.4,0.38,0.54
1983-08-06,33.33,26.33,62.23,0.01,0.53
1983-08-07,37.29,26.14,53.56,0.0,0.53
1983-08-08,39.07,27.17,49.86,0.0,0.53
1983-08-09,38.7,27.76,52.13,0.02,0.53
1983-08-10,40.11,26.62,50.81,0.01,0.53
1983-08-11,40.19,26.7,49.51,0.0,0.53
1983-08-12,36.41,28.08,51.65,0.0,0.52
1983-08-13,37.92,27.46,53.19,0.0,0.52
1983-08-14,36.41,26.87,58.46,0.03,0.52
1983-08-15,40.88,26.41,49.66,0.0,0.52
1983-08-16,38.52,28.11,47.73,0.0,0.52
1983-08-17,40.76,27.49,46.77,0.0,0.52
1983-08-18,36.53,27.79,52.83,0.04,0.52
1983-08-19,41.1,27.13,47.22,0.0,0.52
1983-08-20,38.53,29.98,48.17,0.0,0.52
1983-08-21,35.33,29.09,52.85,0.02,0.52
1983-08-22,39.84,27.27,49.84,0.31,0.52
1983-08-23,38.63,26.83,53.1,2.67,0.52
1983-08-24,40.06,27.16,45.65,0.17,0.52
1983-08-25,36.88,28.87,50.95,0.34,0.52
1983-08-26,32.72,26.84,63.04,0.32,0.52
1983-08-27,37.8,26.88,55.42,0.06,0.52
1983-08-28,39.12,26.5,49.51,0.62,0.52
1983-08-29,39.12,26.27,50.1,0.06,0.52
1983-08-30,38.59,27.32,50.73,1.29,0.52
1983-08-31,36.66,28.35,55.64,1.18,0.53
1983-09-01,33.26,26.07,67.29,2.55,0.53
1983-09-02,35.05,26.03,59.84,0.47,0.53
1983-09-03,36.44,26.13,57.39,0.3,0.53
1983-09-04,37.47,26.12,54.82,0.09,0.53
1983-09-05,37.95,26.24,51.24,0.0,0.53
1983-09-06,37.79,26.45,52.8,0.02,0.53
1983-09-07,39.89,26.25,48.97,0.19,0.52
1983-09-08,38.4,27.75,48.81,0.01,0.52
1983-09-09,37.37,28.21,50.13,0.05,0.52
1983-09-10,34.77,28.64,54.37,1.43,0.53
1983-09-11,38.68,27.28,47.97,0.0,0.53
1983-09-12,38.4,28.01,48.21,0.0,0.52
1983-09-13,39.8,28.11,46.25,0.0,0.52
1983-09-14,34.81,27.8,56.61,0.08,0.52
1983-09-15,35.25,25.81,57.52,0.95,0.52
1983-09-16,35.32,25.12,56.77,0.65,0.52
1983-09-17,35.66,26.14,57.3,0.05,0.52
1983-09-18,37.73,26.84,52.18,0.05,0.52
1983-09-19,36.11,28.07,53.5,0.0,0.52
1983-09-20,32.96,27.39,56.57,0.01,0.52
1983-09-21,35.99,25.79,55.8,0.03,0.52
1983-09-22,37.04,26.09,50.59,0.0,0.52
1983-09-23,36.57,25.38,50.53,0.01,0.52
1983-09-24,40.48,26.89,40.26,0.0,0.52
1983-09-25,41.21,27.83,38.42,0.0,0.52
1983-09-26,41.3,29.46,37.86,0.0,0.52
1983-09-27,40.73,29.41,40.3,0.0,0.52
1983-09-28,39.22,29.76,42.21,0.0,0.52
1983-09-29,32.32,28.25,56.25,0.0,0.52
1983-09-30,38.33,26.61,49.6,0.0,0.52
1983-10-01,37.23,27.05,50.19,0.0,0.52
1983-10-02,37.39,27.7,49.0,0.02,0.52
1983-10-03,37.95,28.31,45.52,0.16,0.52
1983-10-04,41.72,28.13,41.88,0.11,0.52
1983-10-05,32.96,27.75,61.54,1.51,0.52
1983-10-06,34.37,25.39,64.37,1.56,0.52
1983-10-07,34.78,26.11,58.96,0.81,0.52
1983-10-08,31.01,26.54,66.57,0.0,0.52
1983-10-09,34.46,25.64,57.25,0.0,0.52
1983-10-10,35.59,25.78,54.69,0.06,0.52
1983-10-11,37.87,27.13,48.23,0.0,0.52
1983-10-12,38.23,27.87,43.89,0.0,0.52
1983-10-13,36.9,27.22,48.59,0.01,0.52
1983-10-14,38.02,27.4,50.5,0.09,0.52
1983-10-15,35.95,24.24,64.57,2.07,0.52
1983-10-16,35.28,23.99,60.73,2.2,0.53
1983-10-17,36.23,21.54,48.36,0.05,0.53
1983-10-18,36.93,21.93,42.41,0.0,0.53
1983-10-19,35.63,25.9,50.74,1.04,0.53
1983-10-20,30.84,24.19,69.23,1.44,0.53
1983-10-21,33.08,23.41,66.15,0.25,0.53
1983-10-22,36.71,23.0,54.56,0.21,0.53
1983-10-23,38.34,24.73,45.01,0.05,0.53
1983-10-24,38.59,27.38,42.64,0.01,0.52
1983-10-25,38.09,26.68,44.37,0.05,0.52
1983-10-26,37.61,26.73,43.41,0.0,0.52
1983-10-27,37.55,25.27,46.06,0.0,0.52
1983-10-28,37.88,24.88,41.17,0.0,0.52
1983-10-29,37.54,27.41,40.71,0.0,0.52
1983-10-30,36.98,27.5,42.81,0.0,0.52
1983-10-31,38.22,26.5,38.26,0.0,0.52
1983-11-01,34.63,26.97,43.17,0.0,0.52
1983-11-02,32.31,24.86,56.87,0.01,0.52
1983-11-03,34.22,22.55,55.12,0.0,0.52
1983-11-04,35.52,24.16,46.57,0.01,0.52
1983-11-05,36.08,25.3,40.57,0.0,0.52
1983-11-06,34.73,25.44,41.73,0.0,0.52
1983-11-07,33.35,22.36,50.12,0.25,0.52
1983-11-08,25.16,20.61,83.79,4.48,0.53
1983-11-09,26.76,21.02,86.76,11.27,0.53
1983-11-10,28.99,21.85,86.64,13.17,0.57
1983-11-11,30.05,21.25,79.76,3.3,0.57
1983-11-12,30.15,21.01,74.6,0.0,0.57
1983-11-13,29.38,20.02,72.57,2.11,0.56
1983-11-14,29.1,20.73,80.64,15.04,0.58
1983-11-15,29.76,21.2,79.13,3.33,0.59
1983-11-16,30.83,20.83,69.82,0.0,0.59
1983-11-17,30.47,21.22,68.34,0.03,0.58
1983-11-18,32.38,20.05,64.47,0.18,0.58
1983-11-19,31.75,18.03,62.36,0.68,0.57
1983-11-20,31.46,16.74,60.6,0.0,0.57
1983-11-21,31.39,17.14,60.71,0.0,0.57
1983-11-22,31.57,16.68,56.91,0.0,0.57
1983-11-23,29.15,17.73,57.17,0.09,0.56
1983-11-24,28.87,19.27,65.34,1.06,0.56
1983-11-25,30.01,16.7,61.74,0.0,0.56
1983-11-26,29.36,15.48,55.63,0.0,0.56
1983-11-27,28.43,15.09,52.04,0.0,0.55
1983-11-28,28.57,14.2,55.56,0.0,0.55
1983-11-29,28.8,14.78,53.71,0.0,0.55
1983-11-30,27.47,14.02,50.84,0.0,0.55
1983-12-01,28.09,14.22,49.84,0.0,0.55
1983-12-02,27.67,11.57,51.19,0.0,0.54
1983-12-03,28.16,11.55,50.51,0.0,0.54
1983-12-04,27.78,12.04,50.49,0.0,0.54
1983-12-05,28.14,12.29,50.26,0.0,0.54
1983-12-06,29.0,12.42,49.52,0.0,0.54
1983-12-07,29.29,14.77,50.29,0.0,0.54
1983-12-08,29.65,13.3,49.34,0.0,0.53
1983-12-09,29.19,13.71,50.43,0.0,0.53
1983-12-10,29.76,14.52,51.25,0.0,0.53
1983-12-11,30.48,14.39,51.06,0.0,0.53
1983-12-12,28.98,15.52,51.4,0.0,0.53
1983-12-13,30.98,15.48,47.89,0.0,0.53
1983-12-14,29.54,14.32,47.16,0.0,0.53
1983-12-15,29.31,14.26,40.32,0.0,0.53
1983-12-16,30.5,14.05,38.86,0.0,0.53
1983-12-17,30.69,13.13,38.0,0.0,0.53
1983-12-18,30.85,12.72,35.02,0.0,0.53
1983-12-19,30.54,12.65,34.63,0.0,0.52
1983-12-20,29.52,12.05,30.95,0.0,0.52
1983-12-21,29.17,11.18,30.03,0.0,0.52
1983-12-22,29.16,10.82,29.0,0.0,0.52
1983-12-23,29.08,10.97,27.96,0.0,0.52
1983-12-24,28.19,10.41,28.62,0.0,0.52
1983-12-25,29.06,10.67,30.19,0.0,0.52
1983-12-26,28.35,13.86,32.46,0.02,0.52
1983-12-27,27.82,13.78,64.52,2.39,0.52
1983-12-28,27.25,13.47,64.63,2.53,0.53
1983-12-29,26.24,11.23,58.75,0.0,0.53
1983-12-30,26.65,10.36,54.86,0.0,0.53
1983-12-31,25.95,10.6,53.51,0.0,0.53
1984-01-01,26.47,9.97,51.21,0.0,0.53
1984-01-02,26.55,10.12,45.59,0.0,0.53
1984-01-03,27.29,12.09,42.5,0.0,0.53
1984-01-04,29.06,10.79,41.95,0.0,0.53
1984-01-05,28.95,11.64,42.54,0.0,0.52
1984-01-06,28.21,12.03,46.66,0.0,0.52
1984-01-07,28.37,12.06,45.57,0.0,0.52
1984-01-08,27.11,13.4,44.58,0.0,0.52
1984-01-09,25.25,14.31,44.77,0.0,0.52
1984-01-10,25.85,14.96,45.89,0.0,0.52
1984-01-11,30.02,14.3,43.52,0.0,0.52
1984-01-12,30.42,13.27,41.14,0.0,0.52
1984-01-13,31.59,12.48,37.08,0.0,0.52
1984-01-14,31.15,12.7,30.2,0.0,0.52
1984-01-15,30.21,14.2,30.56,0.0,0.52
1984-01-16,32.24,14.87,31.12,0.01,0.52
1984-01-17,34.75,16.34,36.43,0.01,0.52
1984-01-18,28.19,16.42,49.7,0.01,0.52
1984-01-19,28.62,12.85,30.88,0.0,0.52
1984-01-20,27.93,11.19,27.99,0.0,0.52
1984-01-21,27.57,9.96,26.95,0.0,0.52
1984-01-22,27.66,9.45,28.16,0.0,0.52
1984-01-23,28.99,9.78,25.81,0.0,0.52
1984-01-24,29.31,11.36,33.2,0.0,0.52
1984-01-25,29.58,12.58,37.95,0.0,0.52
1984-01-26,31.01,12.41,33.49,0.0,0.52
1984-01-27,29.15,12.22,28.76,0.0,0.52
1984-01-28,29.65,11.54,26.98,0.0,0.52
1984-01-29,30.62,11.63,25.8,0.0,0.52
1984-01-30,30.31,12.97,32.0,0.0,0.52
1984-01-31,30.25,13.03,30.85,0.0,0.52
1984-02-01,30.46,11.77,28.76,0.0,0.52
1984-02-02,31.14,11.75,24.22,0.0,0.52
1984-02-03,31.42,11.31,21.56,0.0,0.52
1984-02-04,33.64,12.94,20.91,0.0,0.52
1984-02-05,32.39,14.64,32.99,0.0,0.52
1984-02-06,32.25,15.42,30.07,0.0,0.52
1984-02-07,33.49,17.04,27.81,0.0,0.52
1984-02-08,33.79,18.16,39.89,0.01,0.52
1984-02-09,29.82,14.67,40.74,0.02,0.52
1984-02-10,29.3,13.28,31.53,0.0,0.52
1984-02-11,31.03,12.57,29.82,0.0,0.52
1984-02-12,32.95,13.25,30.28,0.0,0.52
1984-02-13,32.76,18.17,28.92,0.03,0.52
1984-02-14,31.93,18.42,26.63,0.0,0.52
1984-02-15,33.24,19.23,32.77,0.0,0.52
1984-02-16,32.23,19.24,40.34,0.0,0.52
1984-02-17,33.9,18.17,34.37,0.0,0.52
1984-02-18,34.58,18.78,32.54,0.0,0.52
1984-02-19,35.36,18.08,30.76,0.0,0.52
1984-02-20,36.19,17.47,29.39,0.0,0.52
1984-02-21,37.02,18.04,25.39,0.0,0.52
1984-02-22,37.36,18.67,29.09,0.0,0.52
1984-02-23,34.48,17.94,25.42,0.0,0.52
1984-02-24,35.5,17.11,23.44,0.0,0.52
1984-02-25,34.84,16.73,17.59,0.0,0.52
1984-02-26,35.78,16.36,19.28,0.0,0.52
1984-02-27,35.67,16.57,16.36,0.15,0.52
1984-02-28,34.36,14.0,12.99,0.0,0.52
1984-02-29,35.67,16.25,12.41,0.0,0.52
1984-03-01,34.58,13.75,12.1,0.0,0.52
1984-03-02,34.49,14.47,11.95,0.0,0.52
1984-03-03,34.58,15.62,12.63,0.0,0.52
1984-03-04,34.7,15.57,16.65,0.0,0.52
1984-03-05,34.55,15.16,16.6,0.0,0.52
1984-03-06,35.42,17.02,15.44,0.0,0.52
1984-03-07,35.28,15.6,16.99,0.0,0.52
1984-03-08,35.91,15.78,16.43,0.0,0.52
1984-03-09,35.42,16.07,15.48,0.0,0.52
1984-03-10,36.41,15.88,16.16,0.0,0.52
1984-03-11,36.4,16.73,17.79,0.0,0.52
1984-03-12,36.11,17.21,17.41,0.0,0.52
1984-03-13,36.64,17.22,20.83,0.0,0.52
1984-03-14,37.56,19.39,24.66,0.0,0.52
1984-03-15,37.99,20.36,23.64,0.0,0.52
1984-03-16,38.85,21.55,21.93,0.0,0.52
1984-03-17,39.38,20.93,18.19,0.0,0.52
1984-03-18,39.19,20.77,20.54,0.0,0.52
1984-03-19,40.38,21.25,22.9,0.0,0.52
1984-03-20,39.73,22.1,20.77,0.0,0.52
1984-03-21,38.68,21.87,20.19,0.0,0.52
1984-03-22,38.53,20.91,12.61,0.0,0.52
1984-03-23,39.39,19.37,12.32,0.0,0.52
1984-03-24,38.15,18.98,16.55,0.35,0.52
1984-03-25,38.53,19.74,19.92,0.0,0.52
1984-03-26,39.86,20.7,22.17,0.0,0.52
1984-03-27,40.12,23.6,21.94,0.0,0.52
1984-03-28,39.42,24.24,22.0,0.0,0.52
1984-03-29,39.13,23.94,25.05,0.0,0.52
1984-03-30,40.55,23.84,24.49,0.0,0.52
1984-03-31,40.62,23.43,26.58,0.0,0.52
1984-04-01,40.5,24.66,25.3,0.0,0.52
1984-04-02,42.88,23.75,22.17,0.0,0.52
1984-04-03,42.71,24.4,23.87,0.0,0.52
1984-04-04,43.49,23.45,29.6,0.0,0.52
1984-04-05,42.11,26.98,27.3,0.0,0.52
1984-04-06,41.9,25.53,29.35,0.0,0.52
1984-04-07,41.58,25.98,26.82,0.0,0.52
1984-04-08,41.17,27.87,28.49,0.0,0.52
1984-04-09,39.92,27.12,30.39,0.0,0.52
1984-04-10,39.67,27.88,28.07,0.0,0.52
1984-04-11,40.2,27.38,26.75,0.0,0.52
1984-04-12,41.27,27.98,22.73,0.0,0.52
1984-04-13,38.98,27.44,19.31,0.0,0.52
1984-04-14,40.56,23.81,16.98,0.0,0.52
1984-04-15,40.65,24.59,17.79,0.0,0.52
1984-04-16,41.39,24.51,23.01,0.0,0.52
1984-04-17,42.43,25.58,24.33,0.0,0.52
1984-04-18,43.19,29.01,24.68,0.0,0.52
1984-04-19,43.26,25.87,29.9,0.0,0.52
1984-04-20,40.98,27.65,30.06,0.0,0.52
1984-04-21,42.54,28.01,27.85,0.0,0.52
1984-04-22,41.09,29.03,26.29,0.01,0.52
1984-04-23,36.0,27.87,42.18,0.05,0.52
1984-04-24,32.51,26.84,55.74,0.0,0.52
1984-04-25,34.38,25.56,52.66,0.34,0.52
1984-04-26,35.61,25.12,54.08,1.0,0.52
1984-04-27,36.26,27.25,44.43,0.0,0.52
1984-04-28,35.42,27.83,41.55,0.0,0.52
1984-04-29,41.28,25.27,36.61,0.34,0.52
1984-04-30,41.25,27.62,32.89,0.01,0.52
1984-05-01,42.51,28.71,26.78,0.02,0.52
1984-05-02,40.65,29.33,28.61,0.06,0.52
1984-05-03,41.43,29.83,25.36,0.0,0.52
1984-05-04,41.88,27.76,25.1,0.0,0.52
1984-05-05,41.64,29.23,24.49,0.0,0.52
1984-05-06,42.34,27.7,28.22,0.01,0.52
1984-05-07,39.98,25.94,35.96,0.01,0.52
1984-05-08,38.47,28.04,33.86,0.0,0.52
1984-05-09,39.93,28.56,32.28,0.01,0.52
1984-05-10,40.07,28.68,32.75,0.05,0.52
1984-05-11,38.71,28.33,38.45,0.01,0.52
1984-05-12,38.57,27.39,39.33,0.06,0.52
1984-05-13,40.69,27.08,40.91,1.01,0.52
1984-05-14,40.42,25.99,39.28,0.07,0.52
1984-05-15,41.45,26.94,38.64,0.23,0.52
1984-05-16,41.29,27.39,37.4,1.56,0.52
1984-05-17,41.0,29.24,36.12,0.0,0.52
1984-05-18,42.63,28.73,31.7,0.01,0.52
1984-05-19,42.54,28.49,37.16,2.09,0.52
1984-05-20,42.15,28.74,36.47,0.0,0.52
1984-05-21,41.96,30.93,34.87,0.06,0.52
1984-05-22,40.81,30.35,38.05,0.65,0.52
1984-05-23,39.85,28.95,39.03,0.02,0.52
1984-05-24,42.14,28.65,38.64,0.0,0.52
1984-05-25,40.66,28.27,40.47,0.0,0.52
1984-05-26,41.73,30.11,34.73,0.0,0.52
1984-05-27,38.96,31.39,37.26,0.01,0.52
1984-05-28,39.64,30.32,37.64,0.0,0.52
1984-05-29,39.59,29.6,41.0,0.02,0.52
1984-05-30,38.37,28.88,48.23,0.39,0.52
1984-05-31,37.3,26.99,54.76,1.93,0.52
1984-06-01,35.46,26.84,62.21,3.78,0.53
1984-06-02,31.82,26.02,71.96,9.32,0.53
1984-06-03,31.33,24.98,79.44,25.79,0.58
1984-06-04,34.12,24.62,70.98,1.41,0.59
1984-06-05,33.29,26.17,70.78,1.25,0.58
1984-06-06,34.17,25.58,65.91,0.3,0.58
1984-06-07,37.38,25.56,63.73,6.71,0.58
1984-06-08,35.07,26.27,64.32,0.03,0.58
1984-06-09,36.61,26.21,61.01,0.0,0.57
1984-06-10,35.25,26.35,63.43,0.0,0.57
1984-06-11,38.15,26.06,57.63,0.03,0.56
1984-06-12,37.79,26.56,58.32,0.0,0.56
1984-06-13,33.96,26.62,62.95,0.0,0.55
1984-06-14,37.05,25.59,61.35,0.05,0.55
1984-06-15,37.92,26.0,60.35,0.17,0.54
1984-06-16,39.21,25.98,58.86,0.99,0.54
1984-06-17,38.3,24.47,58.43,1.98,0.54
1984-06-18,37.11,26.55,63.8,1.83,0.54
1984-06-19,34.12,26.89,67.93,1.33,0.54
1984-06-20,38.26,26.22,58.53,0.16,0.54
1984-06-21,38.61,26.13,53.81,0.07,0.53
1984-06-22,36.28,27.05,55.2,0.51,0.53
1984-06-23,36.61,26.06,59.07,1.86,0.53
1984-06-24,35.84,25.1,58.67,0.03,0.53
1984-06-25,38.65,26.04,55.73,0.1,0.53
1984-06-26,38.69,26.02,54.55,1.93,0.53
1984-06-27,35.21,27.59,56.79,0.33,0.53
1984-06-28,32.72,26.68,60.72,0.14,0.53
1984-06-29,37.87,24.79,55.05,0.02,0.53
1984-06-30,36.96,25.76,56.11,0.1,0.53
1984-07-01,37.42,26.16,55.65,0.02,0.53
1984-07-02,39.72,26.57,51.08,0.03,0.53
1984-07-03,37.63,27.28,54.79,0.2,0.52
1984-07-04,36.19,27.37,56.09,0.0,0.52
1984-07-05,38.72,26.37,53.83,0.05,0.52
1984-07-06,39.02,26.5,48.11,0.1,0.52
1984-07-07,41.49,27.86,42.63,0.0,0.52
1984-07-08,36.96,28.08,48.56,0.02,0.52
1984-07-09,39.62,27.42,46.05,0.02,0.52
1984-07-10,34.85,27.95,55.52,0.07,0.52
1984-07-11,32.46,25.52,65.61,1.04,0.52
1984-07-12,34.99,25.53,59.91,0.14,0.52
1984-07-13,34.35,25.52,63.93,0.07,0.52
1984-07-14,36.76,26.28,61.79,0.79,0.52
1984-07-15,34.27,25.72,63.8,0.18,0.52
1984-07-16,35.43,25.26,61.16,0.18,0.52
1984-07-17,35.89,25.65,60.37,0.45,0.52
1984-07-18,38.94,25.7,54.59,0.0,0.52
1984-07-19,38.97,27.14,47.88,0.0,0.52
1984-07-20,40.41,28.62,45.45,0.0,0.52
1984-07-21,40.18,28.47,42.9,0.01,0.52
1984-07-22,36.39,27.5,47.04,0.02,0.52
1984-07-23,40.71,26.13,45.34,0.01,0.52
1984-07-24,39.84,27.78,44.74,0.0,0.52
1984-07-25,40.0,27.54,45.96,0.01,0.52
1984-07-26,38.37,26.48,48.19,0.0,0.52
1984-07-27,38.36,27.92,51.93,0.0,0.52
1984-07-28,36.88,27.19,53.75,0.15,0.52
1984-07-29,36.93,26.07,54.6,4.0,0.53
1984-07-30,36.81,25.89,56.98,0.09,0.53
1984-07-31,38.21,25.45,53.48,0.26,0.53
1984-08-01,36.13,25.27,53.99,0.01,0.53
1984-08-02,39.99,24.89,50.09,0.08,0.52
1984-08-03,38.8,26.63,49.82,0.1,0.52
1984-08-04,37.19,28.07,50.87,0.01,0.52
1984-08-05,35.72,28.84,52.82,0.05,0.52
1984-08-06,35.9,27.65,56.57,0.29,0.52
1984-08-07,37.38,27.21,57.96,0.02,0.52
1984-08-08,36.7,26.05,55.96,0.01,0.52
1984-08-09,39.69,25.95,51.16,0.25,0.52
1984-08-10,39.66,25.9,53.1,0.81,0.52
1984-08-11,34.18,27.06,57.59,0.0,0.52
1984-08-12,38.1,26.77,54.27,0.56,0.52
1984-08-13,31.62,27.1,71.47,8.34,0.53
1984-08-14,32.0,25.95,75.73,8.76,0.55
1984-08-15,34.91,24.86,69.06,0.2,0.55
1984-08-16,33.49,24.88,67.2,0.57,0.54
1984-08-17,35.25,24.14,66.12,0.44,0.54
1984-08-18,38.68,24.95,58.58,0.02,0.54
1984-08-19,37.07,26.84,57.68,0.04,0.53
1984-08-20,33.88,27.51,62.3,4.37,0.53
1984-08-21,32.67,25.7,79.18,57.47,0.6
1984-08-22,29.73,25.41,84.26,14.35,0.64
1984-08-23,31.57,25.22,78.99,1.0,0.64
1984-08-24,31.69,24.84,82.25,4.87,0.64
1984-08-25,32.02,24.35,80.54,4.47,0.64
1984-08-26,31.9,24.19,79.12,0.03,0.64
1984-08-27,30.44,23.69,79.31,0.33,0.63
1984-08-28,34.83,23.37,74.28,4.05,0.63
1984-08-29,34.55,24.2,72.19,1.99,0.63
1984-08-30,35.39,24.48,71.25,0.01,0.62
1984-08-31,34.83,24.82,71.23,0.28,0.61
1984-09-01,32.76,25.12,74.18,0.3,0.61
1984-09-02,30.0,24.6,81.79,1.36,0.61
1984-09-03,32.25,23.99,78.54,1.08,0.61
1984-09-04,32.06,24.02,74.46,0.45,0.6
1984-09-05,34.82,23.01,70.24,0.28,0.6
1984-09-06,35.74,23.46,68.95,0.01,0.59
1984-09-07,35.29,25.12,66.44,0.01,0.59
1984-09-08,33.47,24.74,71.39,0.01,0.58
1984-09-09,33.6,24.59,71.28,0.02,0.58
1984-09-10,33.15,23.67,73.04,0.35,0.58
1984-09-11,35.01,23.89,66.14,0.05,0.58
1984-09-12,37.32,23.44,61.1,0.0,0.57
1984-09-13,35.74,25.0,57.7,0.0,0.57
1984-09-14,36.3,24.18,61.88,0.0,0.56
1984-09-15,36.1,24.42,61.85,0.0,0.56
1984-09-16,36.2,23.95,59.44,0.0,0.55
1984-09-17,33.9,23.96,66.55,0.0,0.55
1984-09-18,35.06,24.2,64.9,0.01,0.55
1984-09-19,35.7,23.96,64.88,0.0,0.55
1984-09-20,36.01,24.96,61.58,0.0,0.54
1984-09-21,34.73,24.95,60.79,0.0,0.54
1984-09-22,36.42,25.32,55.98,0.14,0.54
1984-09-23,35.48,24.88,61.01,0.76,0.54
1984-09-24,39.15,24.17,53.59,0.0,0.54
1984-09-25,37.9,25.97,51.57,0.0,0.53
1984-09-26,38.2,26.5,52.73,0.0,0.53
1984-09-27,38.06,26.46,52.23,0.0,0.53
1984-09-28,40.09,26.27,47.74,0.0,0.53
1984-09-29,40.46,27.28,44.82,0.13,0.53
1984-09-30,37.07,28.54,51.17,0.0,0.53
1984-10-01,36.6,27.59,56.3,0.09,0.53
1984-10-02,32.66,25.61,71.58,2.32,0.53
1984-10-03,31.38,24.64,81.89,23.68,0.55
1984-10-04,34.23,24.2,71.6,0.17,0.57
1984-10-05,35.84,24.28,65.06,0.25,0.56
1984-10-06,38.13,24.31,58.66,0.0,0.56
1984-10-07,35.6,24.84,63.24,0.0,0.55
1984-10-08,30.94,24.96,72.66,0.0,0.55
1984-10-09,36.25,24.69,61.84,0.18,0.55
1984-10-10,36.0,24.13,62.88,0.0,0.54
1984-10-11,36.07,24.45,61.68,0.19,0.54
1984-10-12,34.63,24.13,70.09,3.35,0.54
1984-10-13,34.14,24.23,69.73,0.23,0.54
1984-10-14,35.89,23.35,62.94,0.5,0.54
1984-10-15,33.45,23.96,64.22,0.13,0.54
1984-10-16,36.99,24.2,56.38,0.15,0.53
1984-10-17,36.45,25.09,59.07,0.31,0.53
1984-10-18,34.01,26.2,60.69,0.06,0.53
1984-10-19,32.54,25.43,63.12,0.14,0.53
1984-10-20,33.12,24.03,63.15,0.51,0.53
1984-10-21,34.64,23.23,62.41,0.54,0.53
1984-10-22,36.09,23.27,54.77,0.01,0.53
1984-10-23,35.78,23.13,50.87,0.01,0.53
1984-10-24,36.26,20.98,46.64,0.0,0.53
1984-10-25,36.21,21.22,45.62,0.0,0.53
1984-10-26,35.69,20.94,45.7,0.0,0.52
1984-10-27,36.07,20.7,43.0,0.0,0.52
1984-10-28,35.53,20.75,43.0,0.0,0.52
1984-10-29,35.03,23.92,47.31,0.0,0.52
1984-10-30,33.21,23.3,53.22,0.0,0.52
1984-10-31,34.85,24.34,48.7,0.0,0.52
1984-11-01,34.49,23.68,47.37,0.0,0.52
1984-11-02,33.43,24.31,48.02,0.0,0.52
1984-11-03,35.79,23.18,42.65,0.0,0.52
1984-11-04,36.39,22.64,41.36,0.0,0.52
1984-11-05,36.61,24.2,40.93,0.0,0.52
1984-11-06,35.97,24.47,42.73,0.0,0.52
1984-11-07,36.08,23.06,41.12,0.0,0.52
1984-11-08,36.09,21.89,38.47,0.01,0.52
1984-11-09,35.54,21.37,35.24,0.0,0.52
1984-11-10,35.4,19.7,33.01,0.0,0.52
1984-11-11,34.1,18.61,34.63,0.0,0.52
1984-11-12,34.59,17.57,30.52,0.0,0.52
1984-11-13,33.22,17.27,33.25,0.0,0.52
1984-11-14,33.04,16.34,35.08,0.0,0.52
1984-11-15,34.2,16.43,33.58,0.0,0.52
1984-11-16,34.26,17.49,33.63,0.0,0.52
1984-11-17,34.01,17.28,34.72,0.0,0.52
1984-11-18,33.31,17.16,33.73,0.0,0.52
1984-11-19,33.57,16.2,30.96,0.0,0.52
1984-11-20,33.37,16.29,32.33,0.0,0.52
1984-11-21,33.47,16.53,30.54,0.0,0.52
1984-11-22,32.78,16.79,29.22,0.0,0.52
1984-11-23,32.89,15.82,33.35,0.0,0.52
1984-11-24,32.61,16.27,37.74,0.0,0.52
1984-11-25,33.11,17.26,36.84,0.0,0.52
1984-11-26,32.74,18.13,35.01,0.0,0.52
1984-11-27,32.19,18.65,35.66,0.0,0.52
1984-11-28,31.89,16.82,42.17,0.0,0.52
1984-11-29,32.02,17.17,38.58,0.0,0.52
1984-11-30,31.82,19.09,41.88,0.0,0.52
1984-12-01,32.83,19.74,44.23,0.0,0.52
1984-12-02,32.54,18.01,43.14,0.0,0.52
1984-12-03,32.51,17.17,37.24,0.0,0.52
1984-12-04,32.26,16.46,36.18,0.0,0.52
1984-12-05,31.94,16.54,36.46,0.0,0.52
1984-12-06,32.34,15.8,36.54,0.0,0.52
1984-12-07,32.13,16.61,35.71,0.0,0.52
1984-12-08,30.36,14.35,29.14,0.0,0.52
1984-12-09,30.11,13.06,28.32,0.0,0.52
1984-12-10,30.02,12.98,30.88,0.0,0.52
1984-12-11,30.66,13.79,30.32,0.0,0.52
1984-12-12,30.81,14.68,31.81,0.0,0.52
1984-12-13,31.46,14.02,34.63,0.0,0.52
1984-12-14,31.81,14.72,37.12,0.0,0.52
1984-12-15,31.6,15.32,39.46,0.01,0.52
1984-12-16,30.29,15.8,44.81,0.06,0.52
1984-12-17,29.53,13.53,28.44,0.0,0.52
1984-12-18,30.2,11.9,28.52,0.0,0.52
1984-12-19,28.54,11.07,24.44,0.0,0.52
1984-12-20,29.46,10.59,23.5,0.0,0.52
1984-12-21,29.08,10.09,22.45,0.0,0.52
1984-12-22,30.14,10.14,20.84,0.0,0.52
1984-12-23,28.2,13.19,32.36,0.0,0.52
1984-12-24,23.48,15.93,70.99,0.0,0.52
1984-12-25,30.07,16.33,61.31,0.0,0.52
1984-12-26,30.18,18.44,60.71,0.0,0.52
1984-12-27,27.53,18.89,61.28,0.0,0.52
1984-12-28,29.03,18.63,58.69,0.0,0.52
1984-12-29,30.87,17.65,43.25,0.0,0.52
1984-12-30,31.62,17.05,30.49,0.0,0.52
1984-12-31,31.12,15.18,29.26,0.0,0.52
1985-01-01,31.75,15.4,32.0,0.01,0.52
1985-01-02,31.23,15.58,38.92,1.31,0.52
1985-01-03,28.33,16.91,56.11,2.05,0.52
1985-01-04,28.77,16.18,51.02,0.0,0.52
1985-01-05,29.17,14.39,44.76,0.0,0.52
1985-01-06,30.41,14.0,37.38,0.0,0.52
1985-01-07,30.09,15.12,35.64,0.0,0.52
1985-01-08,30.42,15.68,37.58,0.0,0.52
1985-01-09,30.59,15.08,37.38,0.0,0.52
1985-01-10,30.73,15.16,35.32,0.0,0.52
1985-01-11,30.25,14.62,33.09,0.0,0.52
1985-01-12,28.53,13.91,28.79,0.0,0.52
1985-01-13,25.34,13.72,31.6,0.0,0.52
1985-01-14,28.3,14.16,26.19,0.0,0.52
1985-01-15,28.67,12.67,23.36,0.0,0.52
1985-01-16,27.5,10.64,24.49,0.0,0.52
1985-01-17,27.86,10.68,30.65,0.0,0.52
1985-01-18,28.48,11.53,30.58,0.0,0.52
1985-01-19,28.97,10.72,27.03,0.0,0.52
1985-01-20,30.08,11.16,24.0,0.0,0.52
1985-01-21,30.37,11.08,21.75,0.0,0.52
1985-01-22,30.96,11.41,21.42,0.0,0.52
1985-01-23,30.19,11.5,22.89,0.0,0.52
1985-01-24,30.17,12.84,28.4,0.0,0.52
1985-01-25,29.66,12.03,28.94,0.0,0.52
1985-01-26,30.9,11.81,23.14,0.0,0.52
1985-01-27,31.78,12.71,18.25,0.0,0.52
1985-01-28,31.82,12.48,20.41,0.0,0.52
1985-01-29,32.25,13.89,21.84,0.0,0.52
1985-01-30,32.59,13.87,22.18,0.0,0.52
1985-01-31,32.99,13.99,23.02,0.0,0.52
1985-02-01,32.41,14.19,25.15,0.01,0.52
1985-02-02,31.61,14.85,30.45,0.01,0.52
1985-02-03,30.14,16.12,35.07,0.0,0.52
1985-02-04,29.77,14.07,30.09,0.0,0.52
1985-02-05,30.37,13.48,32.85,0.0,0.52
1985-02-06,33.32,14.98,31.62,0.04,0.52
1985-02-07,32.32,16.35,36.47,0.0,0.52
1985-02-08,30.25,14.03,17.53,0.0,0.52
1985-02-09,29.29,10.89,15.68,0.0,0.52
1985-02-10,29.27,10.33,16.43,0.0,0.52
1985-02-11,29.79,10.64,15.01,0.0,0.52
1985-02-12,30.47,10.92,15.5,0.0,0.52
1985-02-13,31.22,11.01,15.42,0.0,0.52
1985-02-14,31.53,12.16,14.23,0.0,0.52
1985-02-15,32.67,14.31,13.28,0.0,0.52
1985-02-16,31.68,16.63,38.91,0.03,0.52
1985-02-17,29.79,15.48,44.28,0.0,0.52
1985-02-18,31.95,14.68,31.98,0.0,0.52
1985-02-19,32.5,14.03,22.9,0.0,0.52
1985-02-20,33.12,13.77,18.59,0.0,0.52
1985-02-21,33.8,12.9,14.97,0.0,0.52
1985-02-22,33.72,13.38,17.45,0.0,0.52
1985-02-23,34.47,14.41,18.16,0.0,0.52
1985-02-24,34.2,14.51,15.3,0.0,0.52
1985-02-25,34.26,14.51,16.69,0.0,0.52
1985-02-26,34.73,14.75,21.37,0.0,0.52
1985-02-27,34.07,15.39,20.26,0.0,0.52
1985-02-28,34.11,14.74,20.04,0.0,0.52
1985-03-01,33.89,15.03,27.08,0.0,0.52
1985-03-02,35.13,16.0,30.88,0.01,0.52
1985-03-03,35.56,16.92,31.75,0.0,0.52
1985-03-04,36.63,19.11,32.34,0.0,0.52
1985-03-05,36.46,20.03,28.21,0.0,0.52
1985-03-06,37.8,20.5,26.52,0.0,0.52
1985-03-07,37.92,20.02,26.99,0.01,0.52
1985-03-08,39.17,19.54,29.62,0.0,0.52
1985-03-09,40.14,20.08,21.14,0.0,0.52
1985-03-10,39.57,20.83,25.79,0.0,0.52
1985-03-11,39.25,21.11,19.36,0.0,0.52
1985-03-12,39.15,19.45,17.3,0.0,0.52
1985-03-13,38.38,20.36,20.84,0.0,0.52
1985-03-14,39.96,20.45,23.46,0.0,0.52
1985-03-15,39.64,21.06,33.34,0.0,0.52
1985-03-16,40.0,19.89,39.83,0.0,0.52
1985-03-17,39.24,20.82,36.52,0.0,0.52
1985-03-18,39.47,19.39,29.37,0.0,0.52
1985-03-19,40.72,21.94,35.0,0.33,0.52
1985-03-20,39.41,21.62,40.36,0.59,0.52
1985-03-21,37.76,22.66,36.59,0.02,0.52
1985-03-22,38.26,22.8,27.62,0.0,0.52
1985-03-23,38.11,22.07,27.04,0.0,0.52
1985-03-24,38.4,22.37,26.55,0.0,0.52
1985-03-25,34.82,22.32,35.23,1.11,0.52
1985-03-26,37.62,20.32,34.0,0.06,0.52
1985-03-27,37.54,22.48,34.23,0.0,0.52
1985-03-28,38.92,25.39,29.38,0.0,0.52
1985-03-29,40.31,25.23,26.55,0.0,0.52
1985-03-30,39.49,25.41,30.09,0.0,0.52
1985-03-31,41.0,24.21,29.28,0.0,0.52
1985-04-01,40.51,27.16,27.14,0.0,0.52
1985-04-02,38.52,26.29,31.21,0.0,0.52
1985-04-03,38.53,27.31,27.43,0.0,0.52
1985-04-04,40.83,26.47,24.74,0.0,0.52
1985-04-05,39.71,24.74,27.01,0.0,0.52
1985-04-06,39.43,27.99,27.76,0.0,0.52
1985-04-07,37.58,27.84,31.03,0.0,0.52
1985-04-08,37.27,25.15,29.53,0.21,0.52
1985-04-09,41.34,24.18,29.54,0.01,0.52
1985-04-10,40.44,25.46,32.3,0.0,0.52
1985-04-11,42.02,25.51,39.26,0.08,0.52
1985-04-12,41.46,25.73,34.1,0.0,0.52
1985-04-13,42.14,26.83,27.0,0.0,0.52
1985-04-14,42.33,25.69,28.74,0.0,0.52
1985-04-15,41.67,24.55,30.73,0.0,0.52
1985-04-16,41.69,26.68,28.36,0.0,0.52
1985-04-17,40.32,27.11,30.37,0.01,0.52
1985-04-18,38.87,27.99,31.93,0.01,0.52
1985-04-19,39.07,29.36,29.83,0.0,0.52
1985-04-20,39.72,28.88,32.34,0.0,0.52
1985-04-21,40.6,30.43,30.23,0.0,0.52
1985-04-22,41.97,30.21,30.76,0.0,0.52
1985-04-23,42.42,28.99,32.19,0.0,0.52
1985-04-24,42.52,27.08,36.16,0.02,0.52
1985-04-25,43.15,28.18,33.6,0.0,0.52
1985-04-26,40.37,29.21,36.07,0.0,0.52
1985-04-27,40.14,29.45,33.94,1.7,0.52
1985-04-28,35.61,27.46,40.43,2.55,0.52
1985-04-29,37.78,24.65,41.6,0.0,0.52
1985-04-30,37.18,25.61,36.73,0.19,0.52
1985-05-01,36.63,25.62,39.77,0.02,0.52
1985-05-02,36.87,26.82,42.98,1.28,0.52
1985-05-03,40.92,25.92,37.45,0.0,0.52
1985-05-04,40.08,26.31,40.02,0.04,0.52
1985-05-05,39.23,25.75,40.94,0.01,0.52
1985-05-06,37.9,27.42,37.48,0.38,0.52
1985-05-07,40.31,26.88,30.87,0.01,0.52
1985-05-08,41.34,28.89,27.7,0.0,0.52
1985-05-09,39.85,30.64,30.39,0.0,0.52
1985-05-10,41.08,30.08,29.46,0.01,0.52
1985-05-11,40.66,30.38,28.77,0.0,0.52
1985-05-12,41.03,29.05,31.91,0.0,0.52
1985-05-13,41.75,30.11,28.32,0.0,0.52
1985-05-14,41.66,29.82,31.08,0.01,0.52
1985-05-15,42.98,30.36,30.27,0.02,0.52
1985-05-16,43.0,31.05,30.43,0.05,0.52
1985-05-17,39.76,32.26,33.86,0.0,0.52
1985-05-18,36.36,30.32,43.0,0.02,0.52
1985-05-19,35.75,28.44,46.35,1.07,0.52
1985-05-20,37.27,27.63,52.71,10.2,0.53
1985-05-21,36.04,26.08,59.43,0.62,0.54
1985-05-22,36.42,26.92,54.64,0.02,0.53
1985-05-23,35.15,26.49,60.69,2.05,0.53
1985-05-24,29.87,24.97,80.55,23.8,0.56
1985-05-25,32.12,24.8,75.1,24.82,0.6
1985-05-26,34.82,24.17,69.82,8.35,0.61
1985-05-27,36.49,24.0,64.82,0.28,0.61
1985-05-28,36.74,25.54,65.73,1.94,0.6
1985-05-29,36.52,26.11,64.29,0.0,0.6
1985-05-30,35.44,25.98,63.21,0.0,0.59
1985-05-31,33.1,25.7,67.33,0.03,0.59
1985-06-01,32.39,25.05,71.32,0.06,0.58
1985-06-02,35.18,25.23,65.1,0.05,0.58
1985-06-03,34.97,25.33,67.33,0.12,0.57
1985-06-04,35.87,25.71,65.62,0.41,0.57
1985-06-05,36.11,25.17,65.43,2.2,0.57
1985-06-06,35.03,24.72,65.28,1.24,0.57
1985-06-07,32.84,25.66,69.72,2.3,0.56
1985-06-08,36.49,24.48,65.28,1.61,0.57
1985-06-09,38.39,25.67,58.03,0.48,0.56
1985-06-10,37.01,25.71,58.46,0.01,0.56
1985-06-11,36.71,25.59,59.41,0.45,0.55
1985-06-12,37.1,26.98,61.9,0.0,0.55
1985-06-13,37.19,25.23,55.3,0.05,0.54
1985-06-14,36.34,25.91,58.36,0.07,0.54
1985-06-15,35.18,24.53,62.47,2.38,0.54
1985-06-16,35.45,24.67,66.22,4.8,0.54
1985-06-17,38.02,24.8,63.05,2.06,0.55
1985-06-18,37.15,26.32,57.72,0.01,0.54
1985-06-19,35.88,25.83,64.29,3.5,0.54
1985-06-20,36.16,26.34,62.99,0.0,0.54
1985-06-21,32.36,26.63,66.05,0.0,0.54
1985-06-22,35.52,26.69,61.3,0.02,0.54
1985-06-23,36.37,26.05,61.22,0.41,0.53
1985-06-24,36.17,26.27,62.3,0.07,0.53
1985-06-25,34.39,26.52,65.16,0.05,0.53
1985-06-26,34.81,26.17,63.18,0.0,0.53
1985-06-27,36.23,26.13,59.39,0.03,0.53
1985-06-28,37.0,25.54,60.34,0.08,0.53
1985-06-29,36.43,25.97,63.73,0.48,0.53
1985-06-30,36.34,25.46,63.25,0.07,0.53
1985-07-01,38.72,26.21,58.2,0.16,0.53
1985-07-02,37.49,25.38,59.75,5.8,0.53
1985-07-03,37.58,26.43,58.74,0.01,0.53
1985-07-04,36.81,25.53,59.09,0.0,0.53
1985-07-05,36.48,25.8,58.36,0.03,0.53
1985-07-06,35.78,25.8,60.51,0.19,0.53
1985-07-07,34.17,25.45,63.18,1.71,0.53
1985-07-08,36.59,24.76,65.34,1.33,0.53
1985-07-09,36.04,24.8,62.57,2.38,0.53
1985-07-10,35.58,24.66,62.24,2.52,0.54
1985-07-11,36.45,23.87,59.88,0.4,0.53
1985-07-12,35.4,25.11,58.7,0.02,0.53
1985-07-13,35.89,25.25,59.01,0.01,0.53
1985-07-14,35.71,25.32,59.08,0.2,0.53
1985-07-15,36.94,24.97,55.49,0.09,0.53
1985-07-16,37.84,25.24,52.27,0.11,0.53
1985-07-17,38.82,24.84,53.03,4.39,0.53
1985-07-18,37.6,26.72,51.22,0.27,0.53
1985-07-19,35.12,26.39,64.08,11.88,0.54
1985-07-20,33.45,25.16,67.96,0.15,0.55
1985-07-21,31.97,24.42,68.22,0.05,0.54
1985-07-22,31.61,24.35,69.74,0.04,0.54
1985-07-23,34.86,25.1,65.42,0.09,0.54
1985-07-24,31.48,24.97,68.63,0.1,0.54
1985-07-25,32.52,23.5,63.81,0.41,0.53
1985-07-26,36.48,23.31,62.06,4.26,0.54
1985-07-27,36.07,25.22,61.69,0.73,0.54
1985-07-28,37.07,25.78,57.93,0.66,0.53
1985-07-29,35.8,27.02,60.61,0.69,0.53
1985-07-30,35.42,25.84,62.16,0.04,0.53
1985-07-31,38.18,25.27,58.19,0.07,0.53
1985-08-01,36.41,25.12,59.55,0.01,0.53
1985-08-02,36.83,25.82,57.34,0.1,0.53
1985-08-03,38.66,26.01,53.12,0.0,0.53
1985-08-04,37.12,27.22,52.89,0.01,0.53
1985-08-05,36.65,27.07,58.78,0.11,0.52
1985-08-06,32.44,26.15,66.3,0.39,0.52
1985-08-07,39.09,25.37,54.97,1.04,0.53
1985-08-08,37.32,25.74,52.25,0.04,0.53
1985-08-09,35.56,27.47,52.54,0.1,0.52
1985-08-10,33.9,26.24,66.45,3.8,0.53
1985-08-11,39.32,25.63,54.95,0.0,0.53
1985-08-12,39.15,27.16,50.31,0.05,0.53
1985-08-13,35.62,27.52,55.76,0.05,0.53
1985-08-14,38.19,26.11,52.58,0.01,0.53
1985-08-15,38.31,27.07,54.31,0.0,0.52
1985-08-16,37.88,28.08,52.01,0.0,0.52
1985-08-17,33.72,27.03,58.35,0.08,0.52
1985-08-18,36.94,26.02,55.24,0.09,0.52
1985-08-19,38.11,25.46,55.44,0.34,0.52
1985-08-20,36.17,26.92,55.62,0.06,0.52
1985-08-21,37.39,27.22,51.58,0.33,0.52
1985-08-22,37.64,25.57,54.81,2.72,0.53
1985-08-23,38.7,26.12,53.71,0.03,0.53
1985-08-24,37.49,26.63,54.61,0.01,0.53
1985-08-25,37.75,27.34,57.19,0.14,0.53
1985-08-26,38.47,27.03,53.8,0.03,0.52
1985-08-27,39.21,27.19,48.95,0.01,0.52
1985-08-28,37.15,27.45,53.16,0.01,0.52
1985-08-29,37.6,26.18,52.64,0.04,0.52
1985-08-30,36.87,26.37,52.66,0.01,0.52
1985-08-31,36.98,25.87,50.53,0.0,0.52
1985-09-01,38.04,27.07,50.87,0.0,0.52
1985-09-02,38.77,26.82,49.09,0.0,0.52
1985-09-03,39.83,26.76,45.91,0.03,0.52
1985-09-04,38.86,26.49,46.92,0.0,0.52
1985-09-05,39.64,26.49,48.11,0.04,0.52
1985-09-06,39.92,27.02,49.09,0.01,0.52
1985-09-07,36.01,28.05,53.79,0.01,0.52
1985-09-08,37.64,26.84,53.23,0.01,0.52
1985-09-09,36.09,26.55,59.01,0.17,0.52
1985-09-10,30.91,25.48,68.91,0.56,0.52
1985-09-11,36.59,24.09,57.06,1.19,0.52
1985-09-12,35.8,26.8,55.23,0.65,0.52
1985-09-13,37.14,25.41,56.84,0.85,0.52
1985-09-14,36.63,25.43,53.68,0.08,0.52
1985-09-15,37.55,25.03,51.22,0.05,0.52
1985-09-16,38.45,26.12,44.84,0.13,0.52
1985-09-17,37.41,26.16,53.54,6.51,0.53
1985-09-18,38.92,25.64,54.65,0.0,0.53
1985-09-19,38.2,26.2,52.2,0.03,0.53
1985-09-20,37.77,26.79,52.56,0.07,0.53
1985-09-21,39.41,25.94,48.42,0.01,0.53
1985-09-22,38.75,27.0,45.5,0.0,0.53
1985-09-23,37.19,28.01,48.7,0.16,0.52
1985-09-24,38.1,26.26,52.48,0.31,0.52
1985-09-25,37.89,24.83,57.97,6.35,0.53
1985-09-26,38.03,25.15,53.4,0.04,0.53
1985-09-27,37.87,25.74,51.95,0.55,0.53
1985-09-28,38.29,25.8,53.36,0.54,0.53
1985-09-29,39.28,26.59,49.21,0.0,0.53
1985-09-30,37.55,26.84,50.27,0.0,0.53
1985-10-01,37.21,27.08,49.04,0.0,0.53
1985-10-02,34.52,27.64,54.22,0.04,0.52
1985-10-03,33.88,25.99,56.72,0.31,0.52
1985-10-04,38.37,24.24,42.52,0.0,0.52
1985-10-05,38.14,24.58,38.68,0.0,0.52
1985-10-06,38.0,23.11,37.86,0.0,0.52
1985-10-07,38.02,23.97,39.57,0.0,0.52
1985-10-08,37.8,25.28,43.06,0.0,0.52
1985-10-09,38.94,25.99,42.5,0.0,0.52
1985-10-10,39.14,26.04,42.52,0.0,0.52
1985-10-11,39.37,27.07,41.03,0.01,0.52
1985-10-12,40.79,27.14,37.88,0.02,0.52
1985-10-13,40.56,26.96,37.45,0.0,0.52
1985-10-14,38.97,29.33,41.22,0.0,0.52
1985-10-15,36.95,27.46,48.5,0.02,0.52
1985-10-16,36.66,26.27,50.87,0.15,0.52
1985-10-17,37.19,26.86,47.21,0.64,0.52
1985-10-18,37.13,26.99,50.15,0.54,0.52
1985-10-19,37.53,24.79,52.54,0.57,0.52
1985-10-20,37.25,25.69,48.66,0.0,0.52
1985-10-21,37.3,24.97,45.89,1.6,0.52
1985-10-22,35.32,24.45,51.32,0.0,0.52
1985-10-23,35.89,25.54,47.9,0.0,0.52
1985-10-24,35.25,25.41,51.04,0.0,0.52
1985-10-25,34.85,25.23,48.07,0.02,0.52
1985-10-26,34.29,25.07,52.02,0.0,0.52
1985-10-27,35.7,24.99,49.15,0.0,0.52
1985-10-28,36.48,24.16,39.49,0.0,0.52
1985-10-29,36.49,20.6,37.78,0.06,0.52
1985-10-30,36.44,20.24,32.67,0.0,0.52
1985-10-31,35.84,20.94,36.15,0.0,0.52
1985-11-01,36.39,22.05,34.22,0.0,0.52
1985-11-02,36.1,21.2,32.21,0.0,0.52
1985-11-03,34.9,24.02,42.73,0.0,0.52
1985-11-04,35.2,22.58,37.81,0.0,0.52
1985-11-05,34.16,22.61,36.91,0.0,0.52
1985-11-06,33.14,21.09,33.27,0.01,0.52
1985-11-07,34.58,18.35,30.96,0.0,0.52
1985-11-08,34.52,18.27,33.02,0.0,0.52
1985-11-09,34.41,17.87,32.21,0.0,0.52
1985-11-10,34.18,17.81,30.6,0.0,0.52
1985-11-11,33.46,18.02,29.74,0.01,0.52
1985-11-12,30.85,19.89,35.59,0.0,0.52
1985-11-13,33.02,19.89,42.17,0.06,0.52
1985-11-14,28.62,22.31,57.67,1.14,0.52
1985-11-15,29.61,20.55,67.53,1.36,0.52
1985-11-16,32.58,20.36,59.25,0.09,0.52
1985-11-17,30.86,20.96,62.09,0.03,0.52
1985-11-18,32.78,21.64,58.38,0.56,0.52
1985-11-19,30.68,22.08,75.91,6.74,0.52
1985-11-20,25.2,18.83,88.57,15.3,0.55
1985-11-21,29.46,17.73,70.29,0.0,0.56
1985-11-22,29.69,15.64,55.88,0.0,0.55
1985-11-23,29.78,15.08,51.68,0.0,0.55
1985-11-24,30.08,14.9,50.9,0.0,0.55
1985-11-25,30.09,14.72,53.06,0.0,0.55
1985-11-26,30.49,14.88,52.01,0.0,0.54
1985-11-27,30.69,14.87,51.76,0.0,0.54
1985-11-28,30.61,15.58,49.83,0.0,0.54
1985-11-29,31.58,14.76,49.89,0.0,0.54
1985-11-30,31.82,15.87,49.5,0.0,0.54
1985-12-01,31.66,16.63,50.1,0.0,0.53
1985-12-02,31.41,16.73,49.04,0.0,0.53
1985-12-03,30.75,15.63,44.87,0.0,0.53
1985-12-04,30.59,14.62,41.86,0.0,0.53
1985-12-05,29.98,13.62,38.76,0.0,0.53
1985-12-06,29.58,12.8,39.83,0.02,0.53
1985-12-07,29.6,12.9,39.25,0.0,0.53
1985-12-08,30.08,13.31,38.49,0.0,0.53
1985-12-09,30.03,13.82,39.08,0.0,0.53
1985-12-10,29.7,13.55,41.27,0.0,0.53
1985-12-11,30.33,14.08,41.6,0.0,0.52
1985-12-12,30.86,13.85,38.64,0.0,0.52
1985-12-13,31.04,13.93,37.46,0.0,0.52
1985-12-14,30.74,14.53,35.58,0.0,0.52
1985-12-15,31.48,14.63,34.92,0.0,0.52
1985-12-16,31.46,15.52,35.85,0.0,0.52
1985-12-17,30.8,15.23,40.12,0.0,0.52
1985-12-18,31.04,16.36,43.52,0.0,0.52
1985-12-19,31.1,18.04,46.42,0.0,0.52
1985-12-20,30.46,17.1,47.99,0.0,0.52
1985-12-21,29.87,15.66,44.59,0.0,0.52
1985-12-22,31.05,14.5,35.32,0.0,0.52
1985-12-23,31.01,15.69,36.71,0.0,0.52
1985-12-24,27.68,16.93,46.38,0.0,0.52
1985-12-25,28.67,17.35,50.23,0.0,0.52
1985-12-26,29.82,15.17,46.41,0.0,0.52
1985-12-27,30.38,14.4,39.91,0.0,0.52
1985-12-28,31.46,15.28,34.02,0.0,0.52
1985-12-29,29.66,15.02,47.61,0.15,0.52
1985-12-30,29.89,14.25,44.43,0.0,0.52
1985-12-31,28.85,12.73,32.59,0.0,0.52
1986-01-01,29.41,12.17,30.57,0.0,0.52
1986-01-02,28.99,12.24,28.23,0.0,0.52
1986-01-03,28.78,12.8,26.26,0.0,0.52
1986-01-04,29.11,13.51,33.83,0.0,0.52
1986-01-05,29.77,15.33,41.98,0.0,0.52
1986-01-06,27.81,12.93,41.84,0.0,0.52
1986-01-07,29.61,14.14,38.61,0.0,0.52
1986-01-08,29.86,15.16,40.92,0.0,0.52
1986-01-09,30.6,15.08,46.24,0.0,0.52
1986-01-10,29.98,15.83,43.88,0.0,0.52
1986-01-11,30.04,15.66,42.51,0.0,0.52
1986-01-12,30.52,16.82,39.64,0.0,0.52
1986-01-13,29.59,17.09,51.14,0.0,0.52
1986-01-14,30.1,16.78,48.75,0.0,0.52
1986-01-15,31.11,14.58,41.35,0.0,0.52
1986-01-16,29.47,15.64,35.94,0.16,0.52
1986-01-17,27.37,15.12,55.55,0.1,0.52
1986-01-18,28.06,13.12,45.64,0.0,0.52
1986-01-19,28.76,12.66,36.56,0.0,0.52
1986-01-20,29.63,11.79,31.96,0.0,0.52
1986-01-21,31.11,12.04,27.43,0.0,0.52
1986-01-22,31.26,12.68,24.45,0.0,0.52
1986-01-23,31.11,12.64,23.43,0.0,0.52
1986-01-24,29.26,11.96,27.62,0.0,0.52
1986-01-25,30.25,11.62,25.85,0.0,0.52
1986-01-26,31.67,11.88,24.1,0.0,0.52
1986-01-27,31.25,12.96,20.84,0.0,0.52
1986-01-28,31.47,12.84,24.93,0.0,0.52
1986-01-29,31.34,13.03,26.22,0.0,0.52
1986-01-30,30.66,12.76,23.93,0.0,0.52
1986-01-31,31.68,13.02,28.66,0.0,0.52
1986-02-01,32.29,14.38,34.91,0.06,0.52
1986-02-02,31.29,16.44,40.94,0.01,0.52
1986-02-03,31.4,15.77,34.61,0.0,0.52
1986-02-04,32.31,14.7,31.05,0.0,0.52
1986-02-05,32.63,14.98,24.09,0.0,0.52
1986-02-06,33.39,14.63,25.22,0.0,0.52
1986-02-07,31.47,16.83,30.19,0.0,0.52
1986-02-08,33.15,17.05,31.06,0.0,0.52
1986-02-09,33.1,17.39,31.57,0.0,0.52
1986-02-10,32.71,17.45,32.73,0.0,0.52
1986-02-11,33.39,17.25,28.0,0.0,0.52
1986-02-12,33.76,16.0,24.51,0.0,0.52
1986-02-13,33.36,16.55,31.98,0.0,0.52
1986-02-14,33.21,17.96,33.73,0.0,0.52
1986-02-15,33.6,16.89,30.56,0.0,0.52
1986-02-16,32.72,17.53,35.35,0.0,0.52
1986-02-17,31.18,17.53,25.2,0.0,0.52
1986-02-18,31.57,14.27,18.63,0.0,0.52
1986-02-19,31.0,12.78,14.74,0.0,0.52
1986-02-20,31.76,12.55,16.82,0.0,0.52
1986-02-21,34.7,13.31,16.97,0.0,0.52
1986-02-22,34.95,14.21,15.78,0.0,0.52
1986-02-23,34.5,16.49,19.8,0.0,0.52
1986-02-24,34.78,16.24,22.71,0.0,0.52
1986-02-25,34.5,16.94,24.41,0.0,0.52
1986-02-26,35.26,17.57,17.46,0.0,0.52
1986-02-27,33.93,15.03,13.82,0.0,0.52
1986-02-28,33.9,14.41,12.6,0.0,0.52
1986-03-01,33.75,14.28,15.67,0.0,0.52
1986-03-02,33.89,16.44,23.51,0.12,0.52
1986-03-03,31.92,17.87,41.32,0.0,0.52
1986-03-04,30.1,17.64,46.57,0.0,0.52
1986-03-05,31.91,15.22,38.99,0.0,0.52
1986-03-06,34.4,21.29,28.32,0.0,0.52
1986-03-07,34.18,19.17,29.2,0.0,0.52
1986-03-08,34.73,18.97,25.82,0.0,0.52
1986-03-09,35.43,18.37,26.05,0.0,0.52
1986-03-10,36.2,18.87,26.72,0.0,0.52
1986-03-11,37.59,20.15,25.35,0.0,0.52
1986-03-12,38.34,20.79,29.78,0.0,0.52
1986-03-13,38.81,21.62,32.78,0.14,0.52
1986-03-14,38.9,22.7,33.22,0.18,0.52
1986-03-15,38.97,22.88,26.87,0.0,0.52
1986-03-16,40.0,20.53,25.29,0.04,0.52
1986-03-17,37.47,21.82,33.57,0.11,0.52
1986-03-18,37.79,20.03,19.64,0.0,0.52
1986-03-19,39.0,19.16,18.55,0.05,0.52
1986-03-20,39.63,20.0,20.87,0.0,0.52
1986-03-21,39.18,21.07,26.05,0.0,0.52
1986-03-22,38.03,22.03,22.1,0.0,0.52
1986-03-23,38.9,19.52,13.51,0.0,0.52
1986-03-24,40.31,19.77,14.34,0.0,0.52
1986-03-25,39.73,21.49,21.7,0.0,0.52
1986-03-26,40.19,22.28,21.1,0.0,0.52
1986-03-27,39.06,21.93,19.54,0.0,0.52
1986-03-28,39.93,21.1,18.87,0.0,0.52
1986-03-29,41.59,21.3,19.83,0.06,0.52
1986-03-30,42.62,22.17,22.29,0.0,0.52
1986-03-31,42.22,22.76,27.16,0.02,0.52
1986-04-01,40.93,25.1,31.14,0.09,0.52
1986-04-02,41.86,26.9,28.84,0.0,0.52
1986-04-03,41.31,26.21,22.08,0.0,0.52
1986-04-04,40.7,25.7,21.88,0.1,0.52
1986-04-05,40.52,24.4,25.35,0.07,0.52
1986-04-06,40.86,23.31,29.53,0.0,0.52
1986-04-07,39.14,23.96,28.05,0.0,0.52
1986-04-08,40.32,24.29,24.67,0.0,0.52
1986-04-09,39.74,23.78,28.73,0.02,0.52
1986-04-10,40.16,24.03,31.87,0.06,0.52
1986-04-11,41.14,27.39,27.55,0.01,0.52
1986-04-12,41.48,27.82,27.56,0.0,0.52
1986-04-13,41.85,27.31,27.54,0.01,0.52
1986-04-14,42.05,25.71,32.62,0.04,0.52
1986-04-15,42.26,26.61,32.67,0.0,0.52
1986-04-16,43.18,25.0,33.26,0.0,0.52
1986-04-17,42.75,24.73,35.25,0.0,0.52
1986-04-18,36.35,26.11,47.24,0.0,0.52
1986-04-19,38.69,24.93,42.57,0.05,0.52
1986-04-20,39.46,25.83,39.55,0.0,0.52
1986-04-21,36.46,26.53,38.39,0.0,0.52
1986-04-22,36.99,26.26,34.22,0.0,0.52
1986-04-23,38.85,26.87,28.43,0.03,0.52
1986-04-24,39.82,26.38,27.94,0.29,0.52
1986-04-25,39.9,26.21,29.31,0.05,0.52
1986-04-26,40.15,26.75,30.6,0.0,0.52
1986-04-27,41.33,27.69,26.38,0.01,0.52
1986-04-28,38.64,27.33,28.25,0.03,0.52
1986-04-29,39.39,26.12,30.11,0.0,0.52
1986-04-30,39.39,25.26,34.38,0.02,0.52
1986-05-01,38.81,28.45,32.48,0.0,0.52
1986-05-02,40.21,28.17,29.61,0.04,0.52
1986-05-03,42.34,28.98,30.43,1.24,0.52
1986-05-04,41.36,27.76,34.13,0.0,0.52
1986-05-05,40.07,28.75,34.74,0.0,0.52
1986-05-06,37.36,28.88,38.4,0.05,0.52
1986-05-07,34.02,27.0,46.39,1.02,0.52
1986-05-08,33.28,25.28,42.07,0.0,0.52
1986-05-09,39.25,23.97,36.53,0.02,0.52
1986-05-10,40.9,27.41,28.85,0.01,0.52
1986-05-11,41.07,30.2,29.41,0.0,0.52
1986-05-12,41.07,28.86,31.97,0.0,0.52
1986-05-13,39.46,28.6,34.25,0.01,0.52
1986-05-14,39.57,29.06,34.48,0.32,0.52
1986-05-15,39.12,27.6,41.08,6.75,0.53
1986-05-16,37.47,25.84,55.58,8.21,0.54
1986-05-17,36.29,26.11,59.35,0.0,0.54
1986-05-18,38.22,26.7,48.65,0.0,0.53
1986-05-19,40.32,27.63,43.2,0.0,0.53
1986-05-20,41.82,28.64,37.66,0.04,0.53
1986-05-21,39.66,30.38,45.28,3.9,0.53
1986-05-22,37.06,28.51,51.73,0.0,0.53
1986-05-23,41.62,27.28,38.49,0.0,0.53
1986-05-24,41.88,27.03,30.02,0.0,0.53
1986-05-25,42.51,23.87,20.02,0.0,0.52
1986-05-26,42.0,25.5,20.04,0.06,0.52
1986-05-27,42.61,26.95,27.89,0.01,0.52
1986-05-28,42.9,27.72,30.26,0.27,0.52
1986-05-29,41.82,28.67,32.68,0.0,0.52
1986-05-30,42.03,29.2,32.49,0.0,0.52
1986-05-31,40.87,31.25,35.1,0.02,0.52
1986-06-01,43.34,30.07,30.3,0.02,0.52
1986-06-02,42.69,30.65,31.99,0.01,0.52
1986-06-03,42.79,31.12,35.91,0.0,0.52
1986-06-04,40.39,29.96,41.6,0.0,0.52
1986-06-05,40.3,30.18,38.22,0.0,0.52
1986-06-06,41.02,30.82,38.48,0.0,0.52
1986-06-07,39.66,30.96,40.41,0.0,0.52
1986-06-08,39.79,30.01,43.6,0.0,0.52
1986-06-09,37.81,29.23,46.46,0.02,0.52
1986-06-10,37.77,29.29,44.84,0.36,0.52
1986-06-11,40.52,28.54,43.41,0.01,0.52
1986-06-12,42.14,30.47,38.11,0.0,0.52
1986-06-13,40.1,31.74,39.89,0.17,0.52
1986-06-14,33.3,29.37,53.79,0.75,0.52
1986-06-15,37.65,27.31,50.0,0.1,0.52
1986-06-16,38.04,27.81,49.7,0.51,0.52
1986-06-17,37.19,27.18,61.38,15.77,0.54
1986-06-18,38.42,26.42,58.94,0.01,0.54
1986-06-19,38.84,26.2,59.86,0.02,0.54
1986-06-20,37.32,27.02,59.11,0.18,0.54
1986-06-21,37.33,26.35,58.37,0.76,0.53
1986-06-22,34.73,26.1,64.49,0.28,0.53
1986-06-23,35.84,27.15,63.66,0.05,0.53
1986-06-24,34.78,26.7,61.75,0.02,0.53
1986-06-25,34.82,26.61,65.59,0.14,0.53
1986-06-26,37.49,26.92,58.88,0.05,0.53
1986-06-27,38.57,26.63,56.12,0.17,0.53
1986-06-28,36.54,26.67,60.4,0.31,0.53
1986-06-29,35.09,27.05,62.81,0.32,0.53
1986-06-30,33.21,26.59,65.92,0.36,0.53
1986-07-01,39.25,26.06,53.65,0.27,0.53
1986-07-02,37.81,27.94,50.44,0.04,0.52
1986-07-03,40.4,28.33,47.38,0.0,0.52
1986-07-04,35.8,28.02,56.52,0.0,0.52
1986-07-05,37.01,27.47,56.57,0.0,0.52
1986-07-06,38.09,27.67,53.77,0.04,0.52
1986-07-07,33.94,27.25,60.9,0.19,0.52
1986-07-08,36.77,26.62,56.08,0.12,0.52
1986-07-09,39.51,27.03,50.67,1.16,0.52
1986-07-10,38.47,27.9,49.76,0.77,0.52
1986-07-11,38.22,28.23,51.2,0.0,0.52
1986-07-12,37.39,26.59,56.53,0.01,0.52
1986-07-13,39.01,25.98,50.73,0.2,0.52
1986-07-14,38.39,26.97,48.01,0.06,0.52
1986-07-15,37.94,27.83,48.91,0.0,0.52
1986-07-16,40.33,27.96,46.47,0.0,0.52
1986-07-17,39.53,27.84,48.62,0.0,0.52
1986-07-18,39.17,27.13,54.94,0.0,0.52
1986-07-19,36.28,26.61,57.43,0.04,0.52
1986-07-20,35.53,25.83,58.48,0.02,0.52
1986-07-21,35.66,26.11,57.23,0.01,0.52
1986-07-22,37.5,24.85,55.98,0.62,0.52
1986-07-23,36.13,24.93,55.88,0.88,0.52
1986-07-24,35.82,26.31,54.05,0.07,0.52
1986-07-25,38.4,27.29,48.6,0.11,0.52
1986-07-26,34.53,25.93,58.74,0.32,0.52
1986-07-27,31.66,24.93,66.99,0.69,0.52
1986-07-28,33.23,25.13,60.88,0.19,0.52
1986-07-29,37.18,26.01,51.14,0.1,0.52
1986-07-30,35.55,26.79,53.21,0.0,0.52
1986-07-31,38.61,26.44,47.28,0.03,0.52
1986-08-01,32.46,27.65,54.62,0.09,0.52
1986-08-02,39.45,26.57,45.76,1.12,0.52
1986-08-03,40.54,28.43,44.27,0.06,0.52
1986-08-04,36.1,26.67,65.19,1.05,0.52
1986-08-05,36.48,25.32,62.66,3.68,0.53
1986-08-06,35.17,25.94,58.13,0.18,0.53
1986-08-07,37.86,26.45,54.25,0.12,0.53
1986-08-08,38.52,27.52,50.92,0.0,0.53
1986-08-09,38.4,28.25,45.7,0.0,0.53
1986-08-10,39.11,28.64,46.28,0.0,0.52
1986-08-11,39.61,28.45,47.78,0.01,0.52
1986-08-12,37.39,27.74,53.4,0.01,0.52
1986-08-13,38.01,26.27,53.04,0.02,0.52
1986-08-14,39.22,26.58,49.12,0.4,0.52
1986-08-15,32.24,27.55,61.07,1.43,0.52
1986-08-16,35.93,26.53,55.99,0.09,0.52
1986-08-17,39.11,27.2,47.56,0.12,0.52
1986-08-18,39.8,27.33,48.91,0.0,0.52
1986-08-19,37.52,26.68,51.05,0.0,0.52
1986-08-20,40.84,26.69,47.66,0.0,0.52
1986-08-21,40.1,27.35,48.76,0.03,0.52
1986-08-22,39.04,27.23,49.46,0.03,0.52
1986-08-23,40.52,26.68,48.39,0.21,0.52
1986-08-24,40.14,28.0,45.67,0.0,0.52
1986-08-25,34.3,28.43,54.8,0.03,0.52
1986-08-26,38.37,27.44,50.15,0.1,0.52
1986-08-27,39.05,29.69,49.16,0.0,0.52
1986-08-28,40.85,27.5,46.91,0.0,0.52
1986-08-29,41.01,27.83,44.28,0.01,0.52
1986-08-30,40.77,27.61,45.23,0.03,0.52
1986-08-31,33.19,28.21,57.64,0.13,0.52
1986-09-01,37.31,27.08,50.54,0.01,0.52
1986-09-02,35.56,27.8,50.27,0.06,0.52
1986-09-03,39.26,27.92,44.98,0.0,0.52
1986-09-04,36.84,29.52,49.0,0.07,0.52
1986-09-05,36.46,27.91,50.62,0.09,0.52
1986-09-06,36.12,27.08,59.93,0.15,0.52
1986-09-07,37.21,26.79,53.44,0.12,0.52
1986-09-08,37.15,26.79,53.82,1.15,0.52
1986-09-09,33.56,25.99,60.6,2.25,0.52
1986-09-10,35.89,25.11,57.65,0.04,0.53
1986-09-11,37.11,25.53,51.41,0.04,0.52
1986-09-12,38.49,26.03,49.96,0.0,0.52
1986-09-13,39.89,26.75,42.8,0.0,0.52
1986-09-14,40.12,26.79,41.93,0.01,0.52
1986-09-15,37.71,28.26,44.43,0.04,0.52
1986-09-16,37.12,27.66,46.16,0.0,0.52
1986-09-17,38.97,27.38,43.05,0.02,0.52
1986-09-18,39.8,28.01,39.29,0.0,0.52
1986-09-19,39.53,28.46,42.2,1.07,0.52
1986-09-20,29.19,24.54,81.55,26.43,0.55
1986-09-21,27.79,23.52,79.22,0.99,0.57
1986-09-22,30.71,22.38,77.51,4.2,0.57
1986-09-23,32.38,22.16,69.43,0.0,0.57
1986-09-24,34.39,23.85,62.39,0.0,0.56
1986-09-25,34.06,25.16,63.56,0.02,0.56
1986-09-26,31.97,24.54,68.02,0.12,0.56
1986-09-27,33.72,23.77,65.58,0.37,0.55
1986-09-28,33.28,23.9,67.48,0.37,0.55
1986-09-29,33.32,24.05,66.59,0.08,0.55
1986-09-30,31.99,24.0,72.62,1.84,0.55
1986-10-01,31.48,24.31,74.91,2.62,0.55
1986-10-02,32.99,23.57,71.07,0.05,0.55
1986-10-03,32.95,23.51,71.31,0.0,0.55
1986-10-04,31.18,24.21,72.08,0.31,0.54
1986-10-05,33.88,23.45,68.42,0.66,0.54
1986-10-06,33.17,24.08,69.97,2.16,0.54
1986-10-07,35.25,24.22,65.53,0.1,0.54
1986-10-08,36.24,24.07,60.77,0.46,0.54
1986-10-09,33.84,23.61,67.4,2.67,0.54
1986-10-10,33.82,24.08,69.92,1.93,0.54
1986-10-11,37.13,23.43,58.27,0.03,0.54
1986-10-12,36.66,23.53,58.54,0.04,0.53
1986-10-13,36.4,23.4,53.97,0.07,0.53
1986-10-14,37.1,24.09,49.89,1.14,0.53
1986-10-15,37.27,21.96,47.27,0.12,0.53
1986-10-16,37.12,21.99,45.4,0.18,0.53
1986-10-17,37.11,22.31,41.72,0.0,0.53
1986-10-18,36.82,20.51,41.27,0.0,0.53
1986-10-19,36.77,20.28,40.4,0.0,0.53
1986-10-20,36.37,20.14,40.56,0.0,0.52
1986-10-21,36.47,20.29,37.38,0.0,0.52
1986-10-22,36.94,20.64,36.47,0.0,0.52
1986-10-23,36.29,22.73,45.97,0.0,0.52
1986-10-24,33.91,24.44,49.97,1.34,0.52
1986-10-25,34.89,24.58,47.35,0.0,0.52
1986-10-26,37.79,24.25,44.16,0.0,0.52
1986-10-27,37.93,24.25,43.84,0.0,0.52
1986-10-28,36.55,24.71,44.68,0.0,0.52
1986-10-29,36.84,24.12,42.76,0.0,0.52
1986-10-30,34.92,25.66,51.58,0.0,0.52
1986-10-31,35.73,24.91,54.97,0.0,0.52
1986-11-01,35.93,24.99,50.18,0.0,0.52
1986-11-02,36.71,25.15,42.98,0.0,0.52
1986-11-03,37.6,26.27,40.84,0.0,0.52
1986-11-04,38.16,25.63,38.0,0.0,0.52
1986-11-05,37.02,25.5,42.17,0.18,0.52
1986-11-06,34.93,23.69,50.58,0.01,0.52
1986-11-07,36.25,24.84,43.49,0.0,0.52
1986-11-08,31.33,23.83,59.23,2.02,0.52
1986-11-09,29.02,22.88,79.15,3.29,0.52
1986-11-10,29.26,23.31,83.96,6.88,0.54
1986-11-11,32.41,22.25,63.53,1.19,0.54
1986-11-12,32.32,20.69,62.64,0.0,0.54
1986-11-13,32.17,19.53,54.97,0.0,0.53
1986-11-14,32.17,18.01,50.03,0.0,0.53
1986-11-15,32.91,16.87,45.1,0.0,0.53
1986-11-16,33.55,17.12,41.56,0.0,0.53
1986-11-17,33.43,17.38,42.37,0.0,0.53
1986-11-18,33.08,17.75,42.79,0.0,0.53
1986-11-19,32.76,17.75,43.62,0.0,0.53
1986-11-20,32.83,16.58,38.33,0.0,0.53
1986-11-21,33.39,16.18,35.28,0.03,0.52
1986-11-22,33.07,16.12,34.4,0.0,0.52
1986-11-23,33.05,16.08,34.69,0.0,0.52
1986-11-24,32.82,15.76,35.69,0.0,0.52
1986-11-25,32.61,15.96,36.54,0.0,0.52
1986-11-26,32.87,16.34,37.2,0.0,0.52
1986-11-27,32.48,16.5,38.43,0.0,0.52
1986-11-28,33.05,16.6,37.45,0.0,0.52
1986-11-29,33.15,16.93,38.06,0.0,0.52
1986-11-30,34.38,18.34,35.88,0.0,0.52
1986-12-01,32.96,17.81,39.5,0.0,0.52
1986-12-02,31.74,17.43,41.96,0.0,0.52
1986-12-03,31.14,18.18,39.58,0.0,0.52
1986-12-04,33.56,19.04,37.65,0.0,0.52
1986-12-05,32.9,17.44,37.63,0.0,0.52
1986-12-06,33.25,16.69,35.38,0.0,0.52
1986-12-07,33.19,16.73,36.5,0.0,0.52
1986-12-08,32.48,16.16,37.53,0.01,0.52
1986-12-09,33.08,16.28,36.67,0.02,0.52
1986-12-10,32.76,16.63,38.29,0.04,0.52
1986-12-11,32.62,17.62,32.23,0.13,0.52
1986-12-12,30.67,15.88,36.82,0.2,0.52
1986-12-13,30.46,14.94,36.31,0.0,0.52
1986-12-14,30.77,14.25,35.29,0.0,0.52
1986-12-15,31.2,14.59,32.36,0.0,0.52
1986-12-16,30.69,15.16,36.5,0.0,0.52
1986-12-17,31.37,14.95,38.3,0.0,0.52
1986-12-18,30.9,15.22,38.92,0.0,0.52
1986-12-19,31.5,15.12,36.65,0.0,0.52
1986-12-20,30.91,15.23,35.68,0.0,0.52
1986-12-21,30.1,15.5,37.28,0.01,0.52
1986-12-22,30.28,14.45,40.8,0.0,0.52
1986-12-23,30.53,13.75,36.85,0.0,0.52
1986-12-24,30.95,13.51,30.82,0.0,0.52
1986-12-25,31.15,13.05,30.63,0.0,0.52
1986-12-26,31.38,13.91,28.04,0.0,0.52
1986-12-27,31.13,14.12,31.38,0.0,0.52
1986-12-28,30.29,15.17,32.39,0.0,0.52
1986-12-29,30.32,17.5,35.82,0.0,0.52
1986-12-30,29.69,14.67,37.92,0.3,0.52
1986-12-31,28.16,12.45,51.89,7.23,0.53
1987-01-01,25.21,11.49,57.51,1.95,0.53
1987-01-02,26.55,11.73,54.98,0.0,0.53
1987-01-03,27.28,11.85,48.16,0.0,0.53
1987-01-04,27.44,10.81,47.05,0.0,0.53
1987-01-05,28.48,10.66,38.98,0.0,0.53
1987-01-06,30.26,12.31,34.15,0.0,0.53
1987-01-07,30.38,11.26,34.14,0.0,0.53
1987-01-08,31.72,15.16,36.47,1.34,0.53
1987-01-09,28.66,15.82,53.73,5.43,0.53
1987-01-10,29.0,13.61,60.33,0.0,0.54
1987-01-11,29.71,13.86,55.22,0.0,0.53
1987-01-12,31.07,14.03,49.27,0.08,0.53
1987-01-13,30.95,14.91,47.82,0.0,0.53
1987-01-14,31.42,14.41,46.15,0.0,0.53
1987-01-15,29.04,14.11,43.33,0.0,0.53
1987-01-16,29.18,13.47,43.49,0.0,0.53
1987-01-17,30.07,13.04,39.8,0.0,0.53
1987-01-18,31.57,14.08,34.18,0.0,0.53
1987-01-19,31.12,14.12,35.3,0.0,0.52
1987-01-20,31.44,14.31,35.21,0.0,0.52
1987-01-21,30.43,13.9,31.13,0.0,0.52
1987-01-22,31.48,14.23,33.8,0.01,0.52
1987-01-23,32.74,13.95,34.17,0.0,0.52
1987-01-24,33.86,15.3,27.92,0.0,0.52
1987-01-25,33.12,14.39,29.39,0.85,0.52
1987-01-26,32.8,15.16,31.1,0.02,0.52
1987-01-27,32.95,17.0,41.24,0.5,0.52
1987-01-28,31.77,16.5,50.26,0.0,0.52
1987-01-29,30.79,15.73,34.68,0.0,0.52
1987-01-30,31.24,15.94,27.59,0.09,0.52
1987-01-31,32.05,15.0,24.01,0.0,0.52
1987-02-01,32.56,13.96,25.83,0.0,0.52
1987-02-02,25.26,17.48,43.34,0.02,0.52
1987-02-03,23.27,16.86,79.18,2.21,0.52
1987-02-04,29.12,16.66,71.42,3.08,0.53
1987-02-05,30.83,18.0,64.3,1.42,0.53
1987-02-06,29.25,16.66,56.48,0.0,0.53
1987-02-07,29.92,13.33,42.97,0.0,0.53
1987-02-08,31.36,12.69,33.25,0.0,0.53
1987-02-09,32.31,13.82,31.23,0.0,0.53
1987-02-10,30.73,13.54,30.03,0.0,0.53
1987-02-11,30.62,12.78,28.61,0.0,0.52
1987-02-12,32.34,13.75,24.31,0.0,0.52
1987-02-13,32.9,14.36,22.73,0.0,0.52
1987-02-14,32.78,14.5,23.75,0.0,0.52
1987-02-15,33.52,15.04,23.46,0.0,0.52
1987-02-16,33.38,15.61,21.77,0.0,0.52
1987-02-17,32.94,14.58,22.14,0.0,0.52
1987-02-18,32.01,16.01,23.74,0.01,0.52
1987-02-19,33.58,16.11,23.52,0.0,0.52
1987-02-20,34.54,15.74,27.32,0.0,0.52
1987-02-21,34.58,15.59,22.69,0.0,0.52
1987-02-22,34.41,15.87,21.24,0.0,0.52
1987-02-23,34.29,15.82,26.02,0.0,0.52
1987-02-24,35.09,17.25,25.63,0.0,0.52
1987-02-25,35.3,17.21,24.53,0.0,0.52
1987-02-26,35.94,16.91,22.77,0.0,0.52
1987-02-27,35.27,17.43,24.76,0.0,0.52
1987-02-28,35.23,18.6,29.83,0.0,0.52
1987-03-01,34.35,19.83,29.46,0.0,0.52
1987-03-02,34.54,19.85,31.98,0.0,0.52
1987-03-03,31.76,20.63,35.58,0.0,0.52
1987-03-04,30.8,18.6,34.54,0.0,0.52
1987-03-05,34.17,20.24,26.16,0.0,0.52
1987-03-06,34.36,17.79,25.14,0.0,0.52
1987-03-07,34.12,18.05,20.73,0.0,0.52
1987-03-08,34.85,16.96,24.42,0.05,0.52
1987-03-09,35.89,17.68,29.4,0.15,0.52
1987-03-10,35.17,18.33,28.87,0.0,0.52
1987-03-11,34.68,19.73,32.54,0.09,0.52
1987-03-12,34.46,19.78,34.78,1.21,0.52
1987-03-13,35.84,17.79,32.2,0.0,0.52
1987-03-14,32.45,19.71,33.85,0.0,0.52
1987-03-15,34.79,18.72,29.83,0.01,0.52
1987-03-16,35.67,20.15,26.22,0.0,0.52
1987-03-17,37.32,20.13,28.1,0.01,0.52
1987-03-18,38.18,20.35,31.92,0.38,0.52
1987-03-19,37.66,21.33,35.3,0.04,0.52
1987-03-20,36.68,22.77,26.3,0.0,0.52
1987-03-21,37.61,20.75,25.11,0.05,0.52
1987-03-22,37.43,22.25,29.81,0.0,0.52
1987-03-23,37.38,21.75,27.56,0.0,0.52
1987-03-24,38.78,21.89,24.84,0.0,0.52
1987-03-25,39.86,22.42,24.42,0.0,0.52
1987-03-26,40.68,22.33,21.18,0.0,0.52
1987-03-27,37.81,22.63,22.6,0.0,0.52
1987-03-28,38.11,23.65,28.62,0.0,0.52
1987-03-29,38.95,24.46,26.94,0.0,0.52
1987-03-30,39.86,24.22,24.65,0.0,0.52
1987-03-31,40.53,24.57,20.22,0.0,0.52
1987-04-01,40.59,23.53,20.6,0.0,0.52
1987-04-02,40.43,23.5,24.98,0.0,0.52
1987-04-03,41.66,23.29,29.81,0.0,0.52
1987-04-04,42.09,23.95,35.46,0.0,0.52
1987-04-05,41.9,25.18,30.59,0.0,0.52
1987-04-06,41.56,23.86,31.81,0.0,0.52
1987-04-07,39.88,26.48,27.55,0.0,0.52
1987-04-08,40.97,26.16,24.71,0.0,0.52
1987-04-09,40.27,24.26,34.15,0.0,0.52
1987-04-10,39.25,24.82,49.55,3.11,0.52
1987-04-11,37.69,24.53,51.77,0.03,0.52
1987-04-12,39.67,24.65,46.83,0.18,0.52
1987-04-13,40.66,24.26,42.99,0.44,0.52
1987-04-14,40.84,25.62,38.52,0.7,0.52
1987-04-15,39.91,27.38,32.95,0.02,0.52
1987-04-16,39.63,27.55,27.77,0.05,0.52
1987-04-17,40.63,25.98,21.85,0.0,0.52
1987-04-18,40.99,27.23,22.3,0.0,0.52
1987-04-19,38.26,26.34,24.21,0.0,0.52
1987-04-20,36.11,26.62,26.37,0.1,0.52
1987-04-21,34.54,25.17,34.85,0.1,0.52
1987-04-22,37.39,26.16,34.41,0.06,0.52
1987-04-23,38.88,26.09,38.42,1.1,0.52
1987-04-24,40.5,25.14,40.39,0.02,0.52
1987-04-25,41.29,25.39,37.13,0.37,0.52
1987-04-26,38.21,27.37,37.45,1.07,0.52
1987-04-27,38.02,26.75,39.07,0.0,0.52
1987-04-28,34.69,26.74,42.95,0.22,0.52
1987-04-29,31.49,25.52,49.82,0.55,0.52
1987-04-30,35.18,23.68,45.42,0.07,0.52
1987-05-01,40.02,23.81,39.93,1.55,0.52
1987-05-02,39.11,26.07,38.19,0.0,0.52
1987-05-03,39.71,26.49,36.11,0.81,0.52
1987-05-04,39.63,27.07,38.67,1.84,0.53
1987-05-05,34.43,25.42,45.86,0.16,0.53
1987-05-06,36.98,24.46,40.04,0.02,0.52
1987-05-07,38.09,25.64,37.35,0.03,0.52
1987-05-08,39.99,28.43,33.0,0.04,0.52
1987-05-09,41.2,28.3,32.58,0.02,0.52
1987-05-10,41.5,28.62,30.45,0.01,0.52
1987-05-11,41.81,29.04,29.93,0.01,0.52
1987-05-12,41.7,29.61,25.03,0.0,0.52
1987-05-13,41.95,28.81,26.23,0.0,0.52
1987-05-14,42.58,30.21,24.75,0.0,0.52
1987-05-15,43.19,28.63,25.51,0.0,0.52
1987-05-16,42.81,31.37,28.1,0.0,0.52
1987-05-17,42.84,32.54,27.02,0.02,0.52
1987-05-18,43.27,31.37,28.8,0.54,0.52
1987-05-19,43.42,31.22,29.85,0.12,0.52
1987-05-20,42.26,30.29,29.11,0.46,0.52
1987-05-21,43.31,30.8,28.58,0.0,0.52
1987-05-22,42.85,32.82,28.37,0.0,0.52
1987-05-23,44.02,32.87,26.77,0.0,0.52
1987-05-24,43.64,31.05,32.25,0.04,0.52
1987-05-25,41.56,30.61,37.77,0.79,0.52
1987-05-26,43.49,30.29,33.6,0.0,0.52
1987-05-27,42.81,31.54,31.04,0.11,0.52
1987-05-28,41.45,31.73,36.62,0.0,0.52
1987-05-29,43.42,29.93,34.07,0.0,0.52
1987-05-30,41.81,31.76,35.52,0.02,0.52
1987-05-31,40.75,29.98,42.05,0.53,0.52
1987-06-01,37.77,30.07,47.36,0.07,0.52
1987-06-02,38.32,29.48,46.14,0.23,0.52
1987-06-03,35.45,27.77,58.49,1.19,0.52
1987-06-04,33.59,26.78,58.96,0.97,0.52
1987-06-05,37.48,27.32,55.37,4.24,0.53
1987-06-06,39.21,26.82,54.7,0.85,0.53
1987-06-07,38.96,28.19,51.03,0.02,0.53
1987-06-08,39.33,29.08,47.82,0.38,0.53
1987-06-09,38.93,29.18,48.71,1.48,0.53
1987-06-10,38.78,27.76,54.24,0.8,0.53
1987-06-11,34.44,26.59,65.33,1.94,0.53
1987-06-12,35.46,26.2,62.57,1.02,0.53
1987-06-13,40.84,27.26,48.85,0.25,0.53
1987-06-14,41.75,28.54,44.63,0.2,0.53
1987-06-15,38.86,28.38,51.89,1.48,0.53
1987-06-16,37.54,28.27,57.08,0.44,0.53
1987-06-17,39.37,27.02,56.46,0.36,0.53
1987-06-18,37.9,27.65,59.58,0.65,0.53
1987-06-19,38.92,27.9,51.82,0.82,0.53
1987-06-20,38.76,27.2,56.77,1.43,0.53
1987-06-21,36.7,26.71,58.62,0.18,0.53
1987-06-22,36.52,26.19,55.38,2.01,0.53
1987-06-23,38.43,26.53,54.19,0.26,0.53
1987-06-24,42.25,26.99,47.34,0.05,0.53
1987-06-25,42.17,27.81,44.41,0.39,0.53
1987-06-26,40.41,29.13,45.84,0.05,0.52
1987-06-27,41.4,29.32,42.44,0.48,0.52
1987-06-28,36.68,30.33,50.78,0.47,0.52
1987-06-29,35.64,28.84,56.28,0.41,0.52
1987-06-30,41.09,26.98,48.22,0.06,0.52
1987-07-01,38.88,28.59,49.22,0.47,0.52
1987-07-02,38.43,28.46,47.88,0.24,0.52
1987-07-03,37.34,28.06,55.39,0.91,0.52
1987-07-04,38.87,27.58,54.86,0.09,0.52
1987-07-05,38.19,27.04,55.32,0.89,0.52
1987-07-06,37.2,26.44,61.32,1.27,0.53
1987-07-07,34.15,26.69,64.74,1.0,0.53
1987-07-08,38.35,26.09,61.11,0.69,0.53
1987-07-09,35.93,27.14,63.35,0.6,0.53
1987-07-10,35.5,26.36,61.89,0.08,0.53
1987-07-11,33.74,26.74,63.45,1.28,0.53
1987-07-12,35.88,25.64,60.22,0.14,0.53
1987-07-13,39.39,25.57,54.5,0.73,0.53
1987-07-14,40.07,26.34,49.97,0.67,0.53
1987-07-15,39.38,27.33,52.53,2.52,0.53
1987-07-16,38.82,27.6,56.66,2.93,0.53
1987-07-17,36.87,28.09,61.66,0.86,0.53
1987-07-18,38.28,26.56,60.74,0.43,0.53
1987-07-19,38.47,25.39,57.82,0.3,0.53
1987-07-20,36.6,26.33,57.74,1.15,0.53
1987-07-21,40.77,26.9,48.96,0.18,0.53
1987-07-22,39.19,27.17,53.37,1.16,0.53
1987-07-23,36.64,27.25,57.79,1.31,0.53
1987-07-24,33.01,27.13,64.51,0.41,0.53
1987-07-25,34.28,25.99,66.1,3.66,0.53
1987-07-26,36.51,25.64,62.29,1.22,0.53
1987-07-27,33.04,25.81,64.55,0.76,0.53
1987-07-28,38.6,25.8,56.09,0.38,0.53
1987-07-29,40.19,26.2,51.33,0.16,0.53
1987-07-30,36.55,26.6,55.92,0.19,0.53
1987-07-31,38.27,26.12,56.34,0.61,0.53
1987-08-01,38.7,25.91,54.27,0.48,0.53
1987-08-02,36.39,26.88,58.1,0.04,0.53
1987-08-03,37.62,26.14,55.48,0.0,0.52
1987-08-04,34.22,26.09,61.54,0.0,0.52
1987-08-05,37.53,25.54,53.51,0.0,0.52
1987-08-06,38.22,27.09,49.92,0.01,0.52
1987-08-07,39.35,28.03,47.39,0.12,0.52
1987-08-08,34.44,29.09,54.62,0.19,0.52
1987-08-09,33.15,27.38,58.42,0.12,0.52
1987-08-10,39.07,26.44,49.74,2.12,0.52
1987-08-11,37.0,26.15,54.49,0.68,0.53
1987-08-12,37.78,27.54,52.42,0.0,0.53
1987-08-13,36.8,27.33,55.72,0.03,0.52
1987-08-14,39.58,27.28,49.36,0.15,0.52
1987-08-15,40.35,28.65,46.38,0.14,0.52
1987-08-16,41.14,29.79,42.48,0.0,0.52
1987-08-17,41.05,29.92,44.05,0.04,0.52
1987-08-18,39.41,30.38,47.33,0.66,0.52
1987-08-19,32.11,27.24,67.39,0.67,0.52
1987-08-20,35.73,26.9,59.91,0.1,0.52
1987-08-21,40.57,27.01,51.57,0.7,0.52
1987-08-22,39.24,28.21,49.91,0.08,0.52
1987-08-23,34.75,28.79,61.36,1.01,0.52
1987-08-24,37.82,27.73,58.57,1.63,0.52
1987-08-25,35.22,26.79,65.88,1.54,0.53
1987-08-26,34.74,26.25,66.25,0.46,0.53
1987-08-27,37.84,25.64,59.52,0.74,0.53
1987-08-28,37.79,25.68,57.39,0.2,0.53
1987-08-29,38.72,26.27,54.19,0.04,0.53
1987-08-30,37.92,27.03,57.58,0.91,0.53
1987-08-31,40.29,25.73,55.5,0.02,0.53
1987-09-01,39.94,26.94,55.47,0.05,0.52
1987-09-02,37.85,27.53,56.59,0.02,0.52
1987-09-03,37.15,27.07,57.75,0.0,0.52
1987-09-04,38.29,26.48,57.14,0.04,0.52
1987-09-05,39.36,26.33,52.9,0.0,0.52
1987-09-06,40.54,27.7,48.72,0.02,0.52
1987-09-07,38.49,28.84,49.52,0.01,0.52
1987-09-08,37.07,28.42,52.12,0.01,0.52
1987-09-09,36.94,28.86,52.76,0.11,0.52
1987-09-10,37.99,27.17,53.59,0.15,0.52
1987-09-11,36.85,26.33,59.03,1.14,0.52
1987-09-12,35.87,26.75,59.86,0.74,0.52
1987-09-13,34.74,26.05,61.84,0.7,0.52
1987-09-14,36.7,26.71,59.46,1.04,0.53
1987-09-15,32.97,27.35,62.36,0.06,0.53
1987-09-16,36.14,26.83,58.15,0.43,0.53
1987-09-17,37.96,26.18,55.6,0.07,0.53
1987-09-18,38.76,27.95,48.38,0.1,0.52
1987-09-19,37.3,27.8,49.07,0.01,0.52
1987-09-20,33.37,26.28,65.42,0.81,0.52
1987-09-21,36.29,24.49,60.25,0.51,0.52
1987-09-22,35.92,25.24,62.52,2.75,0.53
1987-09-23,34.45,24.91,68.4,7.55,0.53
1987-09-24,34.64,23.76,68.03,0.08,0.54
1987-09-25,37.53,25.26,59.27,0.01,0.54
1987-09-26,38.57,24.86,55.54,0.29,0.53
1987-09-27,37.96,25.62,53.03,0.0,0.53
1987-09-28,37.07,24.98,52.31,0.0,0.53
1987-09-29,35.93,26.44,54.68,0.0,0.53
1987-09-30,35.87,26.77,54.09,0.04,0.53
1987-10-01,35.92,26.86,50.05,0.35,0.53
1987-10-02,38.99,26.03,43.86,0.0,0.53
1987-10-03,38.5,26.28,45.18,0.01,0.52
1987-10-04,39.2,25.96,45.27,0.18,0.52
1987-10-05,34.16,27.54,55.55,0.0,0.52
1987-10-06,34.3,26.49,56.84,0.01,0.52
1987-10-07,33.87,26.17,53.96,0.01,0.52
1987-10-08,33.0,25.67,59.13,0.01,0.52
1987-10-09,38.5,24.31,51.16,0.04,0.52
1987-10-10,37.78,25.82,47.07,0.05,0.52
1987-10-11,37.53,26.88,50.15,0.02,0.52
1987-10-12,37.95,26.71,46.44,0.0,0.52
1987-10-13,39.48,26.07,38.34,0.0,0.52
1987-10-14,39.93,25.74,37.47,0.0,0.52
1987-10-15,39.44,26.83,40.56,0.0,0.52
1987-10-16,39.24,27.77,41.24,0.0,0.52
1987-10-17,40.44,27.68,37.21,0.0,0.52
1987-10-18,39.9,27.6,37.05,0.0,0.52
1987-10-19,39.63,26.67,41.07,0.0,0.52
1987-10-20,38.97,27.52,44.47,0.05,0.52
1987-10-21,36.88,25.13,46.99,0.1,0.52
1987-10-22,36.98,25.21,49.52,0.0,0.52
1987-10-23,38.38,25.72,41.21,0.0,0.52
1987-10-24,38.75,26.39,39.64,0.0,0.52
1987-10-25,37.61,27.65,42.17,0.0,0.52
1987-10-26,33.62,24.28,55.59,0.13,0.52
1987-10-27,31.44,23.28,57.15,1.18,0.52
1987-10-28,35.72,21.55,47.48,0.0,0.52
1987-10-29,37.17,23.05,35.85,0.0,0.52
1987-10-30,36.88,23.37,36.94,0.0,0.52
1987-10-31,36.52,23.63,38.48,0.0,0.52
1987-11-01,38.06,22.2,37.82,0.0,0.52
1987-11-02,34.2,26.43,47.48,0.6,0.52
1987-11-03,37.72,25.0,42.08,0.0,0.52
1987-11-04,35.11,25.37,45.22,0.0,0.52
1987-11-05,31.28,22.73,56.46,0.01,0.52
1987-11-06,33.89,23.86,52.03,0.01,0.52
1987-11-07,34.62,25.34,44.88,0.0,0.52
1987-11-08,36.66,23.36,39.15,0.0,0.52
1987-11-09,32.56,24.19,52.03,0.0,0.52
1987-11-10,35.83,22.6,46.83,0.0,0.52
1987-11-11,36.84,24.35,43.61,0.0,0.52
1987-11-12,36.68,26.61,41.6,0.0,0.52
1987-11-13,35.58,26.93,44.38,0.03,0.52
1987-11-14,30.24,23.2,63.2,0.11,0.52
1987-11-15,30.07,23.58,76.67,1.57,0.52
1987-11-16,34.97,23.68,67.24,1.79,0.52
1987-11-17,34.79,24.01,60.44,0.0,0.52
1987-11-18,35.47,23.32,48.31,0.0,0.52
1987-11-19,35.18,22.39,42.89,0.0,0.52
1987-11-20,35.59,21.6,40.8,0.0,0.52
1987-11-21,35.37,20.93,38.58,0.0,0.52
1987-11-22,34.77,19.73,37.82,0.0,0.52
1987-11-23,34.72,20.42,37.9,0.0,0.52
1987-11-24,34.77,19.36,35.39,0.0,0.52
1987-11-25,35.04,20.1,34.22,0.0,0.52
1987-11-26,34.24,19.61,35.3,0.0,0.52
1987-11-27,34.59,18.86,34.89,0.0,0.52
1987-11-28,34.66,17.96,33.84,0.0,0.52
1987-11-29,35.67,17.25,29.87,0.0,0.52
1987-11-30,34.48,17.91,30.68,0.0,0.52
1987-12-01,33.94,19.07,43.0,0.0,0.52
1987-12-02,32.73,22.1,50.38,0.0,0.52
1987-12-03,32.5,21.86,53.47,0.0,0.52
1987-12-04,32.84,20.17,50.31,0.0,0.52
1987-12-05,33.25,19.04,42.42,0.0,0.52
1987-12-06,32.22,17.14,42.46,0.0,0.52
1987-12-07,31.49,20.53,45.72,0.02,0.52
1987-12-08,32.14,19.53,48.24,0.12,0.52
1987-12-09,33.22,18.73,41.4,0.0,0.52
1987-12-10,33.05,18.88,35.99,0.0,0.52
1987-12-11,32.61,18.59,35.91,0.0,0.52
1987-12-12,31.6,18.65,37.5,0.01,0.52
1987-12-13,30.79,15.98,42.36,0.02,0.52
1987-12-14,30.07,19.19,56.81,0.39,0.52
1987-12-15,29.73,19.78,64.61,0.03,0.52
1987-12-16,31.32,17.87,53.82,0.0,0.52
1987-12-17,31.07,19.34,47.44,0.0,0.52
1987-12-18,31.47,19.4,43.86,0.0,0.52
1987-12-19,31.08,17.72,44.44,0.0,0.52
1987-12-20,31.77,17.59,40.05,0.0,0.52
1987-12-21,30.39,19.25,38.87,0.0,0.52
1987-12-22,31.41,15.75,35.32,0.0,0.52
1987-12-23,31.36,14.0,31.46,0.0,0.52
1987-12-24,30.76,14.82,28.02,0.0,0.52
1987-12-25,30.58,14.23,28.67,0.0,0.52
1987-12-26,30.62,14.09,32.34,0.0,0.52
1987-12-27,30.94,13.76,30.57,0.0,0.52
1987-12-28,30.29,13.08,25.21,0.0,0.52
1987-12-29,30.06,12.47,22.64,0.0,0.52
1987-12-30,29.62,12.07,24.08,0.0,0.52
1987-12-31,30.52,11.98,23.39,0.0,0.52
1988-01-01,30.45,12.24,21.84,0.0,0.52
1988-01-02,30.25,11.9,22.62,0.0,0.52
1988-01-03,30.84,12.27,23.59,0.0,0.52
1988-01-04,30.88,13.38,26.03,0.0,0.52
1988-01-05,30.18,13.65,28.97,0.0,0.52
1988-01-06,31.08,13.71,31.0,0.0,0.52
1988-01-07,30.41,14.94,34.92,0.0,0.52
1988-01-08,30.54,14.27,32.25,0.0,0.52
1988-01-09,29.97,13.66,30.89,0.0,0.52
1988-01-10,31.2,14.34,31.21,0.0,0.52
1988-01-11,31.71,14.83,33.26,0.0,0.52
1988-01-12,32.28,14.87,33.7,0.0,0.52
1988-01-13,32.39,15.95,32.89,0.0,0.52
1988-01-14,31.47,15.75,28.75,0.0,0.52
1988-01-15,30.43,13.82,31.69,0.0,0.52
1988-01-16,30.45,14.78,33.72,0.0,0.52
1988-01-17,30.47,14.11,34.23,0.0,0.52
1988-01-18,30.34,13.05,29.8,0.0,0.52
1988-01-19,31.02,12.77,26.92,0.0,0.52
1988-01-20,29.92,12.36,23.32,0.0,0.52
1988-01-21,30.18,12.17,23.69,0.0,0.52
1988-01-22,29.76,11.95,22.57,0.0,0.52
1988-01-23,30.8,11.79,20.13,0.0,0.52
1988-01-24,30.36,11.55,20.2,0.0,0.52
1988-01-25,30.14,11.58,18.05,0.0,0.52
1988-01-26,31.47,12.2,18.32,0.0,0.52
1988-01-27,30.76,12.42,23.95,0.0,0.52
1988-01-28,31.5,12.4,22.37,0.0,0.52
1988-01-29,31.52,12.19,16.75,0.0,0.52
1988-01-30,30.96,11.82,16.16,0.0,0.52
1988-01-31,30.98,11.45,17.31,0.0,0.52
1988-02-01,30.65,11.29,17.45,0.0,0.52
1988-02-02,31.74,11.87,16.07,0.0,0.52
1988-02-03,31.58,13.0,14.17,0.0,0.52
1988-02-04,33.38,12.98,14.3,0.0,0.52
1988-02-05,33.51,14.65,13.97,0.0,0.52
1988-02-06,34.51,14.68,14.94,0.0,0.52
1988-02-07,33.49,13.98,15.79,0.0,0.52
1988-02-08,33.19,14.75,15.52,0.0,0.52
1988-02-09,32.75,13.05,15.62,0.0,0.52
1988-02-10,33.77,13.35,16.74,0.0,0.52
1988-02-11,34.14,14.69,15.95,0.0,0.52
1988-02-12,33.37,13.64,16.11,0.0,0.52
1988-02-13,33.58,13.83,15.62,0.0,0.52
1988-02-14,34.5,14.5,16.27,0.0,0.52
1988-02-15,34.27,15.3,18.01,0.0,0.52
1988-02-16,33.68,16.17,25.58,0.0,0.52
1988-02-17,34.83,16.87,28.78,0.08,0.52
1988-02-18,33.19,18.69,34.76,0.1,0.52
1988-02-19,34.5,18.61,25.89,0.0,0.52
1988-02-20,35.13,16.12,25.07,0.0,0.52
1988-02-21,34.89,16.54,16.67,0.0,0.52
1988-02-22,34.14,16.01,16.21,0.0,0.52
1988-02-23,35.0,16.21,19.88,0.04,0.52
1988-02-24,34.25,17.24,33.9,0.01,0.52
1988-02-25,33.05,19.27,42.9,0.0,0.52
1988-02-26,34.84,19.08,40.49,0.0,0.52
1988-02-27,34.02,18.18,31.89,0.0,0.52
1988-02-28,36.05,18.52,20.32,0.0,0.52
1988-02-29,36.72,17.96,17.2,0.0,0.52
1988-03-01,36.53,18.56,26.08,1.13,0.52
1988-03-02,33.27,20.56,42.24,0.0,0.52
1988-03-03,34.9,21.03,39.79,0.0,0.52
1988-03-04,33.92,20.72,26.32,0.0,0.52
1988-03-05,33.99,18.47,22.47,0.0,0.52
1988-03-06,33.86,18.42,21.56,0.01,0.52
1988-03-07,36.14,17.48,21.92,0.0,0.52
1988-03-08,36.01,19.04,26.89,0.0,0.52
1988-03-09,34.8,21.11,27.03,0.0,0.52
1988-03-10,35.57,20.42,27.69,0.0,0.52
1988-03-11,34.98,22.12,30.98,0.0,0.52
1988-03-12,37.25,20.57,29.25,0.18,0.52
1988-03-13,38.08,19.79,26.87,0.0,0.52
1988-03-14,38.98,19.66,34.11,0.51,0.52
1988-03-15,39.16,21.4,38.61,0.18,0.52
1988-03-16,38.33,22.01,31.04,0.0,0.52
1988-03-17,38.13,19.21,19.5,0.0,0.52
1988-03-18,39.32,18.87,18.55,0.0,0.52
1988-03-19,41.55,22.03,19.82,0.07,0.52
1988-03-20,39.49,22.86,30.54,0.61,0.52
1988-03-21,38.38,20.11,30.5,0.37,0.52
1988-03-22,35.88,19.48,16.57,0.0,0.52
1988-03-23,36.24,16.39,14.3,0.0,0.52
1988-03-24,36.69,17.33,18.72,0.0,0.52
1988-03-25,37.25,18.38,20.44,0.0,0.52
1988-03-26,38.74,19.05,19.88,0.0,0.52
1988-03-27,38.82,20.09,24.81,0.0,0.52
1988-03-28,39.61,21.35,33.32,0.0,0.52
1988-03-29,38.95,23.5,31.88,0.0,0.52
1988-03-30,38.57,22.32,23.46,0.0,0.52
1988-03-31,38.29,21.4,20.41,0.0,0.52
1988-04-01,38.07,21.13,21.08,0.0,0.52
1988-04-02,39.56,21.13,21.64,0.0,0.52
1988-04-03,39.9,22.69,19.97,0.0,0.52
1988-04-04,41.01,23.01,21.62,0.0,0.52
1988-04-05,41.07,24.45,23.6,0.0,0.52
1988-04-06,42.44,25.2,24.32,0.0,0.52
1988-04-07,42.61,25.55,23.0,0.0,0.52
1988-04-08,43.34,26.18,21.57,0.0,0.52
1988-04-09,42.03,26.95,19.97,0.01,0.52
1988-04-10,42.34,27.1,24.29,0.15,0.52
1988-04-11,42.84,26.97,26.15,0.0,0.52
1988-04-12,42.76,27.84,20.69,0.09,0.52
1988-04-13,38.64,27.19,26.54,0.14,0.52
1988-04-14,40.16,24.32,35.87,0.11,0.52
1988-04-15,36.8,24.52,56.39,12.2,0.53
1988-04-16,31.97,22.54,63.54,0.17,0.54
1988-04-17,33.47,23.65,56.14,0.0,0.54
1988-04-18,34.46,23.29,50.24,0.03,0.53
1988-04-19,36.76,23.77,47.42,0.29,0.53
1988-04-20,38.58,23.34,44.81,0.23,0.53
1988-04-21,37.68,24.25,41.37,0.09,0.53
1988-04-22,38.6,26.36,41.17,0.4,0.53
1988-04-23,34.48,26.55,44.4,0.42,0.53
1988-04-24,38.4,23.97,37.46,0.05,0.52
1988-04-25,38.64,26.8,35.77,0.0,0.52
1988-04-26,38.84,27.03,35.26,0.26,0.52
1988-04-27,34.9,26.04,42.34,0.23,0.52
1988-04-28,39.15,25.8,36.07,0.18,0.52
1988-04-29,40.06,27.87,32.04,0.1,0.52
1988-04-30,36.26,27.8,40.52,0.07,0.52
1988-05-01,35.84,26.87,40.61,0.04,0.52
1988-05-02,38.78,26.35,38.16,0.2,0.52
1988-05-03,40.58,27.43,39.24,0.12,0.52
1988-05-04,40.8,28.77,38.44,0.02,0.52
1988-05-05,39.81,29.17,37.9,2.57,0.52
1988-05-06,41.04,28.31,37.58,0.43,0.52
1988-05-07,41.22,28.85,37.33,0.11,0.52
1988-05-08,43.5,29.6,31.35,0.04,0.52
1988-05-09,42.13,30.77,32.6,0.21,0.52
1988-05-10,42.17,28.22,39.9,0.08,0.52
1988-05-11,43.17,29.14,39.12,0.3,0.52
1988-05-12,42.26,30.15,40.05,2.59,0.52
1988-05-13,38.88,28.13,47.46,3.45,0.53
1988-05-14,35.2,28.62,53.38,1.77,0.53
1988-05-15,36.79,27.09,51.0,0.93,0.53
1988-05-16,32.54,26.07,60.89,0.59,0.53
1988-05-17,31.86,25.25,70.23,2.33,0.53
1988-05-18,33.43,24.51,69.29,1.22,0.53
1988-05-19,33.24,25.1,71.52,1.17,0.53
1988-05-20,35.9,25.99,63.85,2.41,0.53
1988-05-21,36.88,26.26,55.89,0.59,0.53
1988-05-22,38.03,26.58,55.88,0.78,0.53
1988-05-23,39.48,27.38,50.41,0.04,0.53
1988-05-24,40.32,27.55,45.55,0.03,0.53
1988-05-25,38.73,28.48,45.12,0.09,0.53
1988-05-26,41.73,29.31,40.81,0.01,0.52
1988-05-27,43.41,29.14,36.7,0.04,0.52
1988-05-28,43.39,28.99,35.83,0.01,0.52
1988-05-29,42.9,29.29,36.93,0.11,0.52
1988-05-30,42.57,29.44,38.22,0.1,0.52
1988-05-31,39.99,28.93,41.78,0.26,0.52
1988-06-01,35.9,30.21,47.72,0.4,0.52
1988-06-02,35.39,28.01,51.7,0.64,0.52
1988-06-03,33.98,24.48,53.64,0.85,0.52
1988-06-04,35.6,24.5,54.86,0.24,0.52
1988-06-05,37.43,26.12,53.12,1.01,0.52
1988-06-06,34.11,27.38,61.64,0.36,0.52
1988-06-07,37.18,25.05,60.01,0.22,0.52
1988-06-08,38.29,25.84,57.39,0.02,0.52
1988-06-09,36.51,25.71,58.88,0.68,0.52
1988-06-10,36.56,25.62,55.88,0.0,0.52
1988-06-11,35.56,26.92,60.93,0.01,0.52
1988-06-12,33.64,26.27,61.16,0.22,0.52
1988-06-13,37.21,25.89,56.27,0.18,0.52
1988-06-14,39.61,26.3,50.47,0.02,0.52
1988-06-15,39.98,28.14,48.27,0.04,0.52
1988-06-16,39.41,26.83,47.74,0.01,0.52
1988-06-17,40.46,27.23,46.94,0.0,0.52
1988-06-18,41.21,28.38,44.25,0.0,0.52
1988-06-19,37.63,29.77,46.49,0.0,0.52
1988-06-20,38.54,29.27,50.54,0.01,0.52
1988-06-21,37.9,28.17,53.02,0.14,0.52
1988-06-22,38.82,27.1,51.87,1.18,0.52
1988-06-23,40.96,27.01,47.6,0.29,0.52
1988-06-24,38.97,27.35,56.48,1.56,0.52
1988-06-25,36.61,26.97,63.03,2.32,0.53
1988-06-26,34.29,26.83,67.88,2.57,0.53
1988-06-27,34.57,25.92,68.72,2.63,0.53
1988-06-28,37.98,26.44,58.62,0.74,0.53
1988-06-29,40.46,27.17,53.19,0.0,0.53
1988-06-30,34.22,28.98,59.05,0.0,0.53
1988-07-01,34.69,27.68,58.94,0.02,0.53
1988-07-02,36.43,25.95,58.96,0.93,0.53
1988-07-03,38.43,25.8,54.21,0.01,0.53
1988-07-04,40.11,26.34,49.45,0.06,0.53
1988-07-05,40.15,26.46,47.05,0.12,0.52
1988-07-06,39.53,26.5,48.32,0.28,0.52
1988-07-07,39.46,26.33,51.44,0.15,0.52
1988-07-08,37.36,26.77,56.69,1.09,0.52
1988-07-09,35.82,26.59,54.76,0.01,0.52
1988-07-10,36.66,26.83,55.88,0.21,0.52
1988-07-11,39.05,28.38,44.91,0.0,0.52
1988-07-12,38.52,29.64,50.38,0.05,0.52
1988-07-13,36.21,27.25,60.97,0.16,0.52
1988-07-14,38.34,27.32,52.91,0.37,0.52
1988-07-15,40.54,28.2,49.13,0.04,0.52
1988-07-16,39.85,28.92,52.17,0.06,0.52
1988-07-17,39.14,27.16,60.74,0.33,0.52
1988-07-18,34.1,26.69,61.68,0.01,0.52
1988-07-19,40.64,26.81,47.8,0.01,0.52
1988-07-20,39.24,30.26,44.55,0.0,0.52
1988-07-21,39.88,29.5,49.12,0.01,0.52
1988-07-22,36.85,28.6,52.45,0.02,0.52
1988-07-23,35.96,26.74,58.26,1.14,0.52
1988-07-24,36.09,26.62,59.42,0.26,0.52
1988-07-25,36.36,26.21,59.05,1.56,0.52
1988-07-26,39.42,25.87,55.45,0.49,0.52
1988-07-27,36.48,27.13,53.88,0.27,0.52
1988-07-28,41.57,27.19,47.47,0.0,0.52
1988-07-29,41.28,27.97,49.0,0.56,0.52
1988-07-30,33.34,27.81,62.79,0.11,0.52
1988-07-31,36.92,26.59,62.83,0.39,0.52
1988-08-01,37.8,26.79,61.65,0.09,0.52
1988-08-02,36.57,27.15,60.68,0.05,0.52
1988-08-03,38.47,26.83,54.98,0.37,0.52
1988-08-04,41.05,27.5,48.52,0.56,0.52
1988-08-05,37.36,28.58,51.6,0.97,0.52
1988-08-06,36.18,28.72,56.25,0.23,0.52
1988-08-07,33.61,27.67,61.72,0.68,0.52
1988-08-08,37.18,26.9,60.41,1.15,0.53
1988-08-09,36.4,26.91,57.02,0.05,0.53
1988-08-10,36.9,27.08,53.62,0.14,0.52
1988-08-11,38.85,26.22,50.21,0.46,0.52
1988-08-12,38.93,28.39,46.71,0.33,0.52
1988-08-13,41.03,29.12,42.26,0.78,0.52
1988-08-14,37.85,29.69,48.16,0.36,0.52
1988-08-15,35.99,27.7,60.21,2.28,0.53
1988-08-16,39.67,27.08,58.32,0.76,0.53
1988-08-17,38.34,27.32,54.28,0.04,0.53
1988-08-18,39.01,26.94,49.02,0.0,0.53
1988-08-19,40.84,28.25,46.57,0.02,0.52
1988-08-20,39.28,28.06,49.5,0.75,0.52
1988-08-21,37.11,27.37,52.21,0.03,0.52
1988-08-22,38.85,27.11,49.03,0.01,0.52
1988-08-23,39.1,27.19,49.75,0.05,0.52
1988-08-24,40.71,27.66,47.94,0.04,0.52
1988-08-25,41.31,28.54,44.09,0.22,0.52
1988-08-26,39.98,29.07,45.46,0.57,0.52
1988-08-27,39.43,28.82,47.24,0.31,0.52
1988-08-28,38.85,27.28,51.35,1.69,0.52
1988-08-29,38.56,27.81,45.97,0.16,0.52
1988-08-30,38.42,27.61,52.14,1.45,0.52
1988-08-31,37.38,27.38,57.2,1.61,0.53
1988-09-01,36.64,26.55,63.19,0.85,0.53
1988-09-02,37.44,26.27,57.47,0.87,0.53
1988-09-03,39.69,26.34,51.87,0.9,0.53
1988-09-04,40.42,26.18,47.64,0.59,0.53
1988-09-05,38.92,28.78,48.8,0.95,0.53
1988-09-06,38.31,27.88,54.41,1.25,0.53
1988-09-07,36.48,26.11,58.24,2.67,0.53
1988-09-08,37.88,26.23,58.54,3.07,0.53
1988-09-09,38.04,25.88,56.53,0.05,0.53
1988-09-10,37.59,28.06,53.5,0.37,0.53
1988-09-11,33.27,27.72,62.52,1.56,0.53
1988-09-12,35.65,26.06,63.81,0.85,0.53
1988-09-13,37.53,27.49,54.36,0.64,0.53
1988-09-14,35.09,27.91,58.1,0.12,0.53
1988-09-15,35.07,26.84,61.56,0.35,0.53
1988-09-16,34.42,25.9,60.17,0.38,0.53
1988-09-17,37.06,25.87,55.73,1.2,0.53
1988-09-18,39.71,27.81,45.19,0.03,0.53
1988-09-19,41.7,29.26,41.06,0.08,0.53
1988-09-20,40.59,28.43,43.41,1.3,0.53
1988-09-21,39.55,27.91,47.81,0.91,0.53
1988-09-22,35.59,27.37,58.15,0.04,0.53
1988-09-23,39.65,27.22,47.84,0.22,0.52
1988-09-24,40.31,28.56,43.12,0.45,0.52
1988-09-25,40.45,29.31,42.86,0.18,0.52
1988-09-26,41.07,28.83,42.03,0.2,0.52
1988-09-27,41.03,28.61,44.57,0.19,0.52
1988-09-28,39.84,28.44,47.29,0.81,0.52
1988-09-29,38.43,28.92,50.16,0.0,0.52
1988-09-30,38.24,28.06,50.76,0.01,0.52
1988-10-01,39.58,28.5,46.9,0.03,0.52
1988-10-02,34.98,28.51,54.26,0.63,0.52
1988-10-03,39.21,27.37,50.42,1.25,0.52
1988-10-04,36.4,27.88,56.83,3.42,0.53
1988-10-05,38.44,25.99,59.22,2.02,0.53
1988-10-06,39.26,25.15,55.29,1.27,0.53
1988-10-07,37.1,26.26,58.22,0.92,0.53
1988-10-08,34.17,27.27,59.55,0.19,0.53
1988-10-09,33.84,26.93,60.2,0.14,0.53
1988-10-10,36.57,26.22,57.82,0.76,0.53
1988-10-11,37.01,27.01,55.46,0.28,0.53
1988-10-12,38.82,27.53,47.64,0.47,0.53
1988-10-13,37.07,27.17,54.96,2.24,0.53
1988-10-14,33.59,26.43,69.19,3.62,0.53
1988-10-15,32.23,25.91,72.97,0.49,0.53
1988-10-16,34.75,25.76,66.1,0.02,0.53
1988-10-17,38.22,26.39,58.29,0.1,0.53
1988-10-18,35.31,26.15,61.3,1.17,0.53
1988-10-19,32.82,24.47,69.8,1.74,0.53
1988-10-20,34.63,22.06,61.93,1.28,0.53
1988-10-21,37.17,22.23,52.95,0.31,0.53
1988-10-22,37.24,24.37,49.43,0.0,0.53
1988-10-23,38.37,24.59,44.37,0.0,0.53
1988-10-24,38.22,25.03,39.46,0.03,0.53
1988-10-25,37.7,24.82,45.39,0.0,0.52
1988-10-26,36.35,25.58,44.4,0.0,0.52
1988-10-27,37.27,26.11,37.19,0.0,0.52
1988-10-28,37.17,23.69,36.62,0.0,0.52
1988-10-29,35.79,23.39,32.9,0.0,0.52
1988-10-30,36.32,21.91,31.71,0.0,0.52
1988-10-31,36.27,22.63,31.19,0.0,0.52
1988-11-01,36.41,21.73,33.03,0.0,0.52
1988-11-02,36.58,21.77,32.5,0.0,0.52
1988-11-03,36.57,24.19,33.6,0.0,0.52
1988-11-04,35.87,24.22,40.16,0.0,0.52
1988-11-05,34.48,24.74,48.59,0.02,0.52
1988-11-06,34.68,24.99,39.98,0.0,0.52
1988-11-07,35.02,22.29,41.8,0.0,0.52
1988-11-08,35.58,21.15,37.75,0.0,0.52
1988-11-09,35.96,21.08,33.83,0.0,0.52
1988-11-10,35.97,21.29,34.73,0.0,0.52
1988-11-11,35.22,21.98,31.96,0.0,0.52
1988-11-12,34.61,20.36,31.24,0.0,0.52
1988-11-13,32.66,22.53,33.06,0.0,0.52
1988-11-14,35.32,22.36,36.13,0.0,0.52
1988-11-15,35.38,20.81,41.28,0.19,0.52
1988-11-16,35.33,20.92,49.63,0.44,0.52
1988-11-17,32.55,20.11,55.5,2.21,0.52
1988-11-18,23.71,19.99,81.28,6.51,0.53
1988-11-19,24.6,18.82,86.45,2.37,0.54
1988-11-20,25.96,17.92,75.34,0.04,0.54
1988-11-21,26.31,19.0,73.59,0.12,0.53
1988-11-22,29.26,19.13,68.07,0.06,0.53
1988-11-23,30.45,19.82,70.51,1.12,0.53
1988-11-24,33.03,20.81,66.62,0.15,0.53
1988-11-25,34.36,22.11,58.63,0.0,0.53
1988-11-26,34.05,21.61,58.09,0.04,0.53
1988-11-27,32.38,23.32,65.21,0.89,0.53
1988-11-28,28.07,22.38,80.77,4.56,0.53
1988-11-29,31.32,21.02,70.39,1.81,0.54
1988-11-30,29.2,19.47,73.07,7.69,0.54
1988-12-01,31.2,19.15,71.31,0.26,0.55
1988-12-02,31.46,18.94,67.18,0.0,0.54
1988-12-03,32.37,19.34,63.68,0.04,0.54
1988-12-04,32.01,17.88,58.37,0.0,0.54
1988-12-05,32.22,17.83,56.19,0.0,0.54
1988-12-06,31.91,19.79,56.33,0.0,0.53
1988-12-07,31.24,18.32,54.26,0.0,0.53
1988-12-08,29.95,17.27,53.99,0.0,0.53
1988-12-09,31.5,17.7,53.34,0.0,0.53
1988-12-10,30.78,20.54,61.86,0.01,0.53
1988-12-11,31.95,19.14,53.74,0.0,0.53
1988-12-12,30.84,21.32,52.92,0.0,0.53
1988-12-13,31.52,20.33,49.87,0.0,0.53
1988-12-14,31.3,18.18,47.21,0.0,0.53
1988-12-15,30.59,17.3,48.31,0.0,0.53
1988-12-16,30.06,18.67,49.18,0.0,0.53
1988-12-17,30.34,17.42,49.56,0.0,0.52
1988-12-18,29.81,18.0,52.92,0.0,0.52
1988-12-19,30.74,16.67,51.83,0.0,0.52
1988-12-20,30.78,16.16,47.9,0.0,0.52
1988-12-21,31.11,16.06,41.84,0.0,0.52
1988-12-22,31.28,15.69,39.57,0.0,0.52
1988-12-23,31.44,14.77,40.93,0.0,0.52
1988-12-24,30.71,14.73,38.88,0.0,0.52
1988-12-25,31.47,15.04,38.69,0.0,0.52
1988-12-26,30.33,15.3,37.95,0.0,0.52
1988-12-27,32.52,15.15,37.11,0.0,0.52
1988-12-28,31.57,15.88,36.11,0.0,0.52
1988-12-29,30.73,15.69,39.49,0.02,0.52
1988-12-30,30.83,14.94,39.29,0.0,0.52
1988-12-31,30.62,14.84,39.34,0.0,0.52
1989-01-01,30.79,15.05,38.72,0.0,0.52
1989-01-02,30.46,14.57,35.55,0.0,0.52
1989-01-03,31.14,13.51,30.47,0.0,0.52
1989-01-04,29.25,12.38,33.49,0.0,0.52
1989-01-05,28.73,12.82,35.14,0.19,0.52
1989-01-06,28.83,12.49,38.78,0.0,0.52
1989-01-07,29.33,12.96,37.49,0.0,0.52
1989-01-08,29.97,12.64,35.36,0.0,0.52
1989-01-09,30.94,12.07,29.45,0.0,0.52
1989-01-10,28.62,11.55,29.87,0.0,0.52
1989-01-11,28.15,11.94,34.83,0.0,0.52
1989-01-12,27.88,11.63,25.17,0.0,0.52
1989-01-13,26.83,9.44,23.14,0.0,0.52
1989-01-14,28.61,9.33,21.52,0.0,0.52
1989-01-15,28.79,9.48,19.9,0.0,0.52
1989-01-16,29.1,9.86,19.79,0.0,0.52
1989-01-17,27.49,10.21,21.74,0.0,0.52
1989-01-18,28.06,10.4,24.87,0.0,0.52
1989-01-19,27.21,9.51,28.78,0.0,0.52
1989-01-20,27.46,9.6,25.4,0.0,0.52
1989-01-21,28.21,9.9,23.98,0.0,0.52
1989-01-22,28.25,9.84,23.69,0.0,0.52
1989-01-23,29.76,10.32,21.33,0.0,0.52
1989-01-24,28.39,10.64,21.49,0.1,0.52
1989-01-25,28.09,11.26,20.62,0.0,0.52
1989-01-26,29.77,10.54,19.2,0.0,0.52
1989-01-27,30.83,10.52,18.77,0.0,0.52
1989-01-28,30.35,10.25,18.53,0.0,0.52
1989-01-29,29.59,10.07,16.72,0.0,0.52
1989-01-30,29.3,10.29,17.0,0.0,0.52
1989-01-31,30.71,10.9,17.01,0.0,0.52
1989-02-01,31.36,11.33,17.27,0.0,0.52
1989-02-02,31.25,11.29,18.79,0.0,0.52
1989-02-03,32.24,12.12,19.63,0.0,0.52
1989-02-04,31.75,12.74,24.44,0.0,0.52
1989-02-05,32.39,13.98,31.27,0.0,0.52
1989-02-06,33.91,14.74,31.99,0.0,0.52
1989-02-07,35.31,14.52,38.79,0.13,0.52
1989-02-08,33.29,15.86,34.16,0.0,0.52
1989-02-09,32.64,15.44,29.1,0.0,0.52
1989-02-10,33.13,14.44,23.14,0.0,0.52
1989-02-11,33.62,14.46,21.22,0.0,0.52
1989-02-12,33.68,14.97,23.25,0.01,0.52
1989-02-13,31.99,16.08,32.71,0.01,0.52
1989-02-14,31.67,15.14,25.2,0.0,0.52
1989-02-15,34.71,15.01,30.39,0.1,0.52
1989-02-16,33.92,17.63,37.74,0.0,0.52
1989-02-17,33.51,15.71,28.49,0.0,0.52
1989-02-18,32.72,16.14,28.65,0.0,0.52
1989-02-19,35.74,16.21,27.66,1.34,0.52
1989-02-20,34.13,16.75,38.11,0.0,0.52
1989-02-21,30.57,15.16,25.54,0.0,0.52
1989-02-22,31.44,12.95,22.35,0.0,0.52
1989-02-23,32.2,13.15,21.52,0.0,0.52
1989-02-24,32.62,15.13,23.31,0.0,0.52
1989-02-25,33.87,13.29,17.92,0.0,0.52
1989-02-26,34.49,14.19,19.47,0.0,0.52
1989-02-27,35.21,14.77,20.73,0.0,0.52
1989-02-28,35.28,15.63,19.12,0.0,0.52
1989-03-01,35.9,16.07,19.98,0.0,0.52
1989-03-02,35.37,16.03,21.24,0.0,0.52
1989-03-03,37.14,16.59,19.13,0.0,0.52
1989-03-04,36.02,16.77,16.02,0.0,0.52
1989-03-05,35.32,14.59,11.23,0.0,0.52
1989-03-06,35.58,13.81,10.09,0.0,0.52
1989-03-07,34.94,17.96,11.64,0.0,0.52
1989-03-08,36.24,15.55,13.51,0.0,0.52
1989-03-09,36.3,17.11,16.57,0.0,0.52
1989-03-10,36.15,19.6,24.6,0.0,0.52
1989-03-11,36.22,19.22,24.54,0.01,0.52
1989-03-12,35.23,20.17,29.9,0.37,0.52
1989-03-13,34.52,20.28,34.03,0.22,0.52
1989-03-14,35.23,20.0,26.92,0.0,0.52
1989-03-15,35.81,19.12,25.68,0.0,0.52
1989-03-16,36.53,19.62,23.29,0.0,0.52
1989-03-17,36.93,19.43,21.37,0.0,0.52
1989-03-18,36.58,20.77,22.53,0.0,0.52
1989-03-19,37.32,19.74,22.22,0.0,0.52
1989-03-20,37.14,20.46,22.71,0.13,0.52
1989-03-21,37.57,20.01,27.26,1.01,0.52
1989-03-22,37.79,21.19,28.64,0.21,0.52
1989-03-23,38.64,23.71,32.21,0.03,0.52
1989-03-24,38.93,21.86,39.81,0.0,0.52
1989-03-25,37.95,24.51,35.93,0.0,0.52
1989-03-26,39.89,24.02,23.71,0.0,0.52
1989-03-27,40.47,23.33,21.47,0.0,0.52
1989-03-28,40.36,24.06,24.21,0.0,0.52
1989-03-29,36.8,24.54,25.09,0.3,0.52
1989-03-30,36.46,22.5,33.64,1.35,0.52
1989-03-31,35.11,20.93,30.78,0.01,0.52
1989-04-01,37.08,20.11,27.82,0.07,0.52
1989-04-02,39.6,22.26,33.82,0.69,0.52
1989-04-03,39.02,22.54,36.87,0.24,0.52
1989-04-04,39.52,24.73,30.16,0.0,0.52
1989-04-05,39.33,26.18,27.2,0.0,0.52
1989-04-06,39.55,23.21,20.42,0.0,0.52
1989-04-07,40.15,22.04,19.18,0.0,0.52
1989-04-08,39.72,21.91,17.46,0.0,0.52
1989-04-09,40.83,21.47,18.23,0.0,0.52
1989-04-10,40.85,22.93,27.52,0.0,0.52
1989-04-11,40.96,22.66,35.2,0.0,0.52
1989-04-12,40.2,22.97,37.72,0.01,0.52
1989-04-13,40.96,25.67,32.7,0.14,0.52
1989-04-14,41.43,25.3,25.41,0.0,0.52
1989-04-15,41.8,24.67,20.83,0.0,0.52
1989-04-16,42.39,23.74,24.58,0.0,0.52
1989-04-17,43.58,25.04,25.93,0.01,0.52
1989-04-18,42.87,23.6,23.35,0.0,0.52
1989-04-19,42.94,26.1,23.31,0.01,0.52
1989-04-20,42.07,26.39,24.76,0.0,0.52
1989-04-21,41.25,28.03,22.23,0.0,0.52
1989-04-22,42.23,27.96,20.28,0.0,0.52
1989-04-23,42.84,25.8,24.9,0.0,0.52
1989-04-24,39.01,27.77,30.12,0.12,0.52
1989-04-25,41.11,24.36,37.66,0.38,0.52
1989-04-26,41.56,25.36,37.61,0.08,0.52
1989-04-27,39.91,25.46,40.37,0.02,0.52
1989-04-28,39.04,26.23,40.99,1.16,0.52
1989-04-29,38.12,24.7,47.63,4.7,0.53
1989-04-30,36.17,25.34,51.82,0.06,0.53
1989-05-01,39.0,25.68,42.65,0.0,0.53
1989-05-02,40.47,27.89,35.4,0.0,0.52
1989-05-03,41.8,28.4,33.32,0.0,0.52
1989-05-04,42.24,29.56,32.84,0.0,0.52
1989-05-05,43.45,28.67,33.12,0.0,0.52
1989-05-06,42.66,29.01,33.53,0.0,0.52
1989-05-07,44.04,28.87,29.6,0.0,0.52
1989-05-08,43.04,30.11,31.05,0.0,0.52
1989-05-09,42.68,28.01,23.79,0.0,0.52
1989-05-10,42.64,26.92,21.04,0.0,0.52
1989-05-11,43.02,26.43,24.46,0.0,0.52
1989-05-12,41.1,29.59,40.28,0.04,0.52
1989-05-13,39.21,29.43,46.62,2.34,0.52
1989-05-14,38.97,28.1,45.34,0.24,0.52
1989-05-15,38.61,27.97,46.19,0.02,0.52
1989-05-16,39.32,27.94,41.6,0.0,0.52
1989-05-17,39.47,29.6,38.82,0.0,0.52
1989-05-18,40.97,30.08,36.31,0.0,0.52
1989-05-19,38.45,30.59,41.89,0.0,0.52
1989-05-20,36.15,29.83,45.76,0.0,0.52
1989-05-21,38.21,29.15,47.72,0.07,0.52
1989-05-22,40.4,27.31,49.46,0.0,0.52
1989-05-23,40.31,28.67,48.84,0.0,0.52
1989-05-24,39.71,27.5,49.74,0.01,0.52
1989-05-25,38.23,28.18,49.59,0.02,0.52
1989-05-26,40.3,28.12,46.11,0.01,0.52
1989-05-27,39.99,27.06,45.13,0.26,0.52
1989-05-28,41.8,27.9,39.02,0.0,0.52
1989-05-29,42.5,28.12,34.83,0.0,0.52
1989-05-30,41.76,30.58,33.21,0.0,0.52
1989-05-31,42.37,30.19,32.92,0.0,0.52
1989-06-01,41.47,30.84,34.09,0.0,0.52
1989-06-02,41.34,30.3,38.15,0.01,0.52
1989-06-03,41.1,30.12,38.21,0.02,0.52
1989-06-04,40.44,31.13,41.2,0.09,0.52
1989-06-05,39.24,29.53,45.65,0.01,0.52
1989-06-06,38.48,29.16,47.16,0.02,0.52
1989-06-07,39.63,29.42,43.88,0.06,0.52
1989-06-08,37.63,30.35,45.13,0.0,0.52
1989-06-09,40.18,29.02,39.57,0.0,0.52
1989-06-10,39.02,29.24,50.45,0.12,0.52
1989-06-11,39.02,26.79,51.32,0.0,0.52
1989-06-12,39.11,27.54,51.91,0.01,0.52
1989-06-13,35.6,27.61,59.37,1.2,0.52
1989-06-14,37.87,26.55,53.52,0.37,0.52
1989-06-15,36.92,26.71,50.04,0.44,0.52
1989-06-16,38.58,26.14,53.37,0.03,0.52
1989-06-17,34.48,26.68,60.03,0.0,0.52
1989-06-18,37.11,26.25,55.25,0.09,0.52
1989-06-19,39.95,26.55,53.83,0.01,0.52
1989-06-20,38.64,26.25,55.57,0.06,0.52
1989-06-21,36.88,26.06,52.39,0.0,0.52
1989-06-22,40.93,26.14,46.19,0.04,0.52
1989-06-23,40.0,28.9,43.85,1.44,0.52
1989-06-24,35.76,30.2,49.57,0.19,0.52
1989-06-25,39.62,28.37,45.92,0.19,0.52
1989-06-26,40.6,28.55,45.26,0.09,0.52
1989-06-27,39.26,28.87,44.68,0.0,0.52
1989-06-28,37.72,28.97,48.37,0.0,0.52
1989-06-29,37.06,27.54,51.73,0.01,0.52
1989-06-30,39.97,26.74,48.84,0.01,0.52
1989-07-01,40.55,26.9,46.74,0.03,0.52
1989-07-02,40.27,26.77,49.16,0.05,0.52
1989-07-03,40.25,27.26,46.29,0.04,0.52
1989-07-04,37.48,27.78,49.16,0.03,0.52
1989-07-05,38.54,28.34,48.52,0.0,0.52
1989-07-06,37.43,28.48,48.35,0.01,0.52
1989-07-07,34.42,28.92,54.25,0.03,0.52
1989-07-08,35.53,27.74,51.74,0.01,0.52
1989-07-09,42.52,28.07,36.08,0.0,0.52
1989-07-10,43.53,30.4,32.78,0.01,0.52
1989-07-11,38.91,32.09,41.41,0.96,0.52
1989-07-12,31.74,27.33,65.98,0.09,0.52
1989-07-13,36.61,26.31,58.49,0.56,0.52
1989-07-14,38.13,26.29,50.4,0.45,0.52
1989-07-15,39.63,28.07,44.15,0.02,0.52
1989-07-16,38.87,29.22,42.55,0.2,0.52
1989-07-17,37.39,28.44,49.55,0.12,0.52
1989-07-18,42.42,29.06,38.89,0.03,0.52
1989-07-19,40.07,31.7,40.89,0.02,0.52
1989-07-20,37.16,29.61,49.92,0.15,0.52
1989-07-21,38.96,27.89,49.69,0.0,0.52
1989-07-22,40.17,27.42,47.6,0.0,0.52
1989-07-23,40.49,27.97,42.65,0.01,0.52
1989-07-24,38.23,28.21,47.31,0.0,0.52
1989-07-25,39.16,29.44,46.91,0.02,0.52
1989-07-26,39.66,28.08,54.54,0.0,0.52
1989-07-27,36.83,26.94,56.14,0.08,0.52
1989-07-28,38.37,27.38,50.98,0.95,0.52
1989-07-29,37.96,26.67,53.29,3.47,0.52
1989-07-30,36.42,26.83,57.62,3.18,0.53
1989-07-31,34.28,25.61,64.01,1.49,0.53
1989-08-01,37.75,25.94,55.56,0.24,0.53
1989-08-02,37.96,25.45,54.31,0.13,0.53
1989-08-03,38.31,26.14,53.25,0.19,0.53
1989-08-04,35.99,26.68,55.2,1.28,0.53
1989-08-05,36.04,26.22,54.82,0.25,0.53
1989-08-06,38.07,26.49,50.74,0.01,0.53
1989-08-07,39.73,26.68,48.13,0.01,0.53
1989-08-08,39.22,27.91,44.07,0.07,0.52
1989-08-09,37.28,27.93,49.48,1.11,0.52
1989-08-10,38.88,28.39,45.74,0.06,0.52
1989-08-11,39.85,28.75,46.9,0.15,0.52
1989-08-12,40.44,27.82,47.06,0.0,0.52
1989-08-13,40.52,27.1,45.63,0.21,0.52
1989-08-14,33.59,28.15,56.67,0.39,0.52
1989-08-15,37.47,26.38,54.59,0.76,0.52
1989-08-16,37.53,26.29,55.18,0.06,0.52
1989-08-17,39.81,26.69,49.09,0.09,0.52
1989-08-18,41.23,27.13,43.43,0.0,0.52
1989-08-19,40.18,29.37,42.99,0.04,0.52
1989-08-20,37.7,30.56,47.25,0.59,0.52
1989-08-21,36.31,28.9,54.27,0.16,0.52
1989-08-22,36.54,27.58,51.41,0.29,0.52
1989-08-23,36.18,27.65,51.64,0.07,0.52
1989-08-24,39.01,27.83,49.58,0.02,0.52
1989-08-25,40.22,28.36,45.58,0.0,0.52
1989-08-26,41.59,29.31,41.24,0.0,0.52
1989-08-27,37.02,29.27,48.29,0.17,0.52
1989-08-28,36.01,28.67,53.47,0.78,0.52
1989-08-29,38.38,28.53,52.96,0.0,0.52
1989-08-30,38.94,26.79,54.11,0.3,0.52
1989-08-31,33.55,26.94,58.81,0.46,0.52
1989-09-01,38.37,26.9,50.46,0.14,0.52
1989-09-02,39.48,29.47,44.39,0.4,0.52
1989-09-03,36.91,29.46,45.41,0.36,0.52
1989-09-04,40.97,29.14,42.87,0.01,0.52
1989-09-05,39.71,28.89,46.88,0.5,0.52
1989-09-06,39.33,27.74,49.57,0.02,0.52
1989-09-07,39.92,28.21,47.05,0.22,0.52
1989-09-08,39.9,28.51,49.08,4.52,0.53
1989-09-09,39.36,28.93,50.09,0.02,0.53
1989-09-10,36.24,28.06,53.2,0.51,0.53
1989-09-11,35.72,27.85,55.76,0.14,0.53
1989-09-12,38.63,27.13,52.62,0.14,0.53
1989-09-13,39.55,26.85,49.18,0.08,0.53
1989-09-14,41.37,27.46,43.76,0.0,0.52
1989-09-15,37.95,29.87,46.5,0.03,0.52
1989-09-16,36.86,29.06,48.17,0.58,0.52
1989-09-17,31.09,28.07,64.21,0.01,0.52
1989-09-18,36.98,26.51,53.93,0.05,0.52
1989-09-19,37.25,27.7,47.58,0.02,0.52
1989-09-20,40.1,27.9,44.69,0.0,0.52
1989-09-21,40.96,28.27,40.44,0.0,0.52
1989-09-22,39.33,29.94,42.66,0.05,0.52
1989-09-23,36.08,28.64,50.75,0.01,0.52
1989-09-24,37.33,28.09,48.0,0.1,0.52
1989-09-25,35.56,25.94,55.25,0.62,0.52
1989-09-26,37.4,26.2,51.91,0.05,0.52
1989-09-27,34.77,25.55,55.3,0.09,0.52
1989-09-28,39.33,25.72,45.46,0.01,0.52
1989-09-29,39.44,27.7,41.24,0.08,0.52
1989-09-30,38.85,28.59,44.74,0.0,0.52
1989-10-01,38.66,29.03,42.49,0.19,0.52
1989-10-02,39.52,28.35,43.91,0.03,0.52
1989-10-03,38.59,27.89,51.21,0.23,0.52
1989-10-04,39.33,28.3,44.6,0.72,0.52
1989-10-05,37.33,28.3,50.07,0.05,0.52
1989-10-06,37.2,26.89,52.54,0.58,0.52
1989-10-07,35.72,26.81,56.93,0.4,0.52
1989-10-08,36.29,26.99,53.81,0.05,0.52
1989-10-09,37.67,26.29,52.76,0.36,0.52
1989-10-10,36.14,26.47,53.0,0.12,0.52
1989-10-11,34.09,26.12,55.82,0.11,0.52
1989-10-12,38.79,25.06,45.58,0.0,0.52
1989-10-13,39.07,27.3,41.22,0.0,0.52
1989-10-14,40.81,27.56,38.35,0.01,0.52
1989-10-15,37.18,28.4,51.44,0.24,0.52
1989-10-16,31.51,26.65,65.38,0.9,0.52
1989-10-17,37.02,25.37,56.04,0.42,0.52
1989-10-18,37.84,25.85,51.63,2.03,0.52
1989-10-19,32.73,26.38,58.6,1.12,0.53
1989-10-20,33.95,25.77,58.77,0.12,0.53
1989-10-21,28.91,23.2,67.63,0.33,0.53
1989-10-22,30.4,21.78,69.45,0.73,0.53
1989-10-23,30.67,23.05,62.9,0.14,0.53
1989-10-24,32.75,23.1,59.46,0.06,0.53
1989-10-25,33.82,23.68,60.38,0.96,0.53
1989-10-26,35.42,23.88,58.25,1.87,0.53
1989-10-27,36.02,24.24,56.56,0.05,0.53
1989-10-28,36.9,24.02,48.56,0.0,0.53
1989-10-29,35.88,23.7,46.11,0.0,0.53
1989-10-30,34.72,24.4,46.53,0.01,0.52
1989-10-31,31.76,23.55,56.26,0.58,0.52
1989-11-01,33.88,21.85,53.45,0.58,0.53
1989-11-02,34.87,21.6,46.89,0.0,0.52
1989-11-03,35.5,22.71,42.54,0.0,0.52
1989-11-04,34.9,21.09,41.97,0.0,0.52
1989-11-05,34.83,20.2,41.86,0.0,0.52
1989-11-06,34.91,19.67,39.52,0.0,0.52
1989-11-07,34.76,18.85,36.44,0.0,0.52
1989-11-08,34.39,18.97,35.49,0.0,0.52
1989-11-09,34.51,18.65,36.66,0.0,0.52
1989-11-10,34.41,19.02,39.58,0.0,0.52
1989-11-11,35.51,20.45,36.39,0.0,0.52
1989-11-12,35.45,19.73,34.88,0.0,0.52
1989-11-13,33.99,20.64,36.78,0.0,0.52
1989-11-14,35.16,20.26,36.56,0.0,0.52
1989-11-15,35.42,20.02,31.49,0.0,0.52
1989-11-16,35.41,19.74,30.59,0.0,0.52
1989-11-17,33.96,19.81,34.75,0.0,0.52
1989-11-18,33.67,18.58,34.35,0.0,0.52
1989-11-19,33.3,18.21,33.23,0.0,0.52
1989-11-20,32.13,20.22,34.43,0.0,0.52
1989-11-21,33.11,19.98,38.21,0.0,0.52
1989-11-22,32.35,18.78,37.1,0.03,0.52
1989-11-23,32.4,17.34,34.19,0.0,0.52
1989-11-24,32.78,16.87,34.78,0.0,0.52
1989-11-25,33.47,17.43,34.24,0.0,0.52
1989-11-26,33.3,17.78,34.31,0.0,0.52
1989-11-27,32.6,18.13,34.76,0.0,0.52
1989-11-28,33.66,17.11,33.15,0.01,0.52
1989-11-29,32.82,18.0,40.42,0.01,0.52
1989-11-30,30.55,20.14,47.91,0.0,0.52
1989-12-01,31.03,19.33,43.07,0.0,0.52
1989-12-02,31.45,16.6,38.57,0.01,0.52
1989-12-03,30.69,15.84,36.8,0.0,0.52
1989-12-04,30.19,14.54,31.73,0.0,0.52
1989-12-05,30.04,13.7,28.99,0.0,0.52
1989-12-06,29.94,12.58,27.18,0.0,0.52
1989-12-07,29.8,12.43,26.94,0.0,0.52
1989-12-08,31.29,12.83,24.81,0.0,0.52
1989-12-09,31.28,12.74,22.62,0.0,0.52
1989-12-10,30.7,12.38,21.58,0.0,0.52
1989-12-11,30.38,12.28,21.24,0.0,0.52
1989-12-12,29.79,11.47,25.27,0.0,0.52
1989-12-13,30.19,13.17,28.55,0.0,0.52
1989-12-14,30.04,13.4,31.81,0.0,0.52
1989-12-15,30.32,14.04,39.78,0.0,0.52
1989-12-16,27.74,17.2,43.08,0.01,0.52
1989-12-17,29.48,14.75,45.74,0.0,0.52
1989-12-18,28.93,13.34,36.98,0.0,0.52
1989-12-19,28.82,12.37,30.49,0.0,0.52
1989-12-20,28.81,12.24,29.52,0.0,0.52
1989-12-21,29.28,12.73,31.91,0.0,0.52
1989-12-22,29.04,12.9,32.7,0.0,0.52
1989-12-23,28.94,12.75,33.41,0.0,0.52
1989-12-24,29.03,12.18,31.91,0.0,0.52
1989-12-25,29.93,12.27,30.87,0.0,0.52
1989-12-26,29.66,12.83,31.61,0.0,0.52
1989-12-27,30.56,13.15,29.82,0.01,0.52
1989-12-28,27.96,14.82,45.75,0.0,0.52
1989-12-29,27.78,12.95,40.3,0.0,0.52
1989-12-30,28.03,11.67,28.62,0.0,0.52
1989-12-31,27.92,10.2,24.25,0.0,0.52
1990-01-01,27.89,10.72,24.63,0.0,0.52
1990-01-02,28.28,10.12,26.8,0.0,0.52
1990-01-03,29.35,10.46,25.66,0.0,0.52
1990-01-04,29.55,11.29,25.79,0.0,0.52
1990-01-05,29.72,11.91,23.77,0.0,0.52
1990-01-06,29.55,11.18,21.72,0.0,0.52
1990-01-07,30.15,10.84,21.62,0.0,0.52
1990-01-08,29.41,10.96,20.8,0.0,0.52
1990-01-09,28.45,10.53,22.39,0.0,0.52
1990-01-10,28.12,9.76,22.5,0.0,0.52
1990-01-11,28.37,9.91,22.69,0.0,0.52
1990-01-12,28.37,10.06,24.66,0.0,0.52
1990-01-13,28.46,10.34,24.17,0.0,0.52
1990-01-14,28.83,10.47,22.69,0.0,0.52
1990-01-15,29.46,10.99,23.01,0.0,0.52
1990-01-16,29.89,11.28,26.95,0.0,0.52
1990-01-17,29.74,11.66,26.3,0.0,0.52
1990-01-18,30.22,12.01,26.43,0.0,0.52
1990-01-19,30.56,12.28,30.86,0.7,0.52
1990-01-20,31.28,12.12,32.99,0.0,0.52
1990-01-21,32.19,14.22,30.9,0.0,0.52
1990-01-22,32.95,14.4,32.52,0.0,0.52
1990-01-23,32.62,14.72,29.8,0.0,0.52
1990-01-24,32.62,15.07,25.21,0.0,0.52
1990-01-25,31.72,15.74,32.29,0.0,0.52
1990-01-26,32.67,17.08,35.65,0.0,0.52
1990-01-27,32.83,17.11,36.23,0.0,0.52
1990-01-28,32.62,16.29,31.96,0.0,0.52
1990-01-29,33.36,15.62,28.01,0.0,0.52
1990-01-30,34.17,15.89,27.95,0.0,0.52
1990-01-31,33.57,16.26,30.92,0.0,0.52
1990-02-01,34.42,15.82,26.29,0.0,0.52
1990-02-02,32.75,14.78,23.07,0.0,0.52
1990-02-03,32.32,15.06,25.15,0.09,0.52
1990-02-04,32.5,14.54,24.58,0.0,0.52
1990-02-05,31.67,13.8,25.58,0.0,0.52
1990-02-06,32.51,14.51,25.24,0.0,0.52
1990-02-07,32.21,15.39,24.69,0.0,0.52
1990-02-08,32.96,15.08,25.75,0.0,0.52
1990-02-09,32.32,15.49,26.25,0.0,0.52
1990-02-10,34.11,15.86,25.34,0.0,0.52
1990-02-11,33.42,17.98,25.92,0.0,0.52
1990-02-12,33.74,17.46,26.5,0.06,0.52
1990-02-13,32.93,16.67,25.59,0.0,0.52
1990-02-14,33.82,15.77,23.75,0.0,0.52
1990-02-15,32.76,16.24,26.49,0.0,0.52
1990-02-16,31.65,20.15,32.07,0.01,0.52
1990-02-17,31.95,18.75,35.2,0.0,0.52
1990-02-18,30.83,17.91,32.95,0.0,0.52
1990-02-19,27.91,18.35,42.16,0.0,0.52
1990-02-20,30.59,16.36,45.41,0.16,0.52
1990-02-21,30.49,19.36,41.59,0.03,0.52
1990-02-22,30.92,17.13,43.34,0.57,0.52
1990-02-23,30.35,18.56,45.05,0.01,0.52
1990-02-24,31.88,18.48,39.1,0.0,0.52
1990-02-25,32.95,16.99,29.14,0.0,0.52
1990-02-26,33.41,15.72,30.06,0.1,0.52
1990-02-27,32.69,17.6,42.51,0.41,0.52
1990-02-28,34.65,17.93,37.02,0.24,0.52
1990-03-01,35.83,19.36,32.4,0.0,0.52
1990-03-02,36.81,20.29,34.77,0.14,0.52
1990-03-03,30.62,20.33,55.55,3.49,0.52
1990-03-04,28.42,19.26,60.72,1.58,0.53
1990-03-05,31.67,16.77,51.15,0.44,0.53
1990-03-06,32.96,16.75,33.61,0.01,0.53
1990-03-07,33.9,17.04,29.48,0.04,0.52
1990-03-08,33.25,17.42,33.26,0.01,0.52
1990-03-09,34.23,17.27,30.84,0.0,0.52
1990-03-10,34.88,19.33,24.97,0.0,0.52
1990-03-11,35.21,17.58,26.11,0.0,0.52
1990-03-12,32.63,19.58,35.4,0.15,0.52
1990-03-13,32.66,16.6,44.3,0.17,0.52
1990-03-14,31.8,20.77,34.86,0.06,0.52
1990-03-15,33.38,18.31,35.5,0.0,0.52
1990-03-16,35.46,18.91,26.79,0.0,0.52
1990-03-17,36.9,17.58,27.85,0.0,0.52
1990-03-18,37.49,19.13,24.2,0.0,0.52
1990-03-19,37.3,20.0,23.46,0.0,0.52
1990-03-20,37.14,19.83,21.85,0.0,0.52
1990-03-21,37.44,20.3,29.43,0.27,0.52
1990-03-22,38.46,21.34,33.13,0.08,0.52
1990-03-23,38.81,21.03,33.52,0.02,0.52
1990-03-24,38.2,22.93,35.31,0.07,0.52
1990-03-25,37.27,24.64,33.81,0.02,0.52
1990-03-26,33.94,23.44,37.07,0.19,0.52
1990-03-27,35.98,21.89,30.9,0.0,0.52
1990-03-28,27.62,21.76,46.64,0.01,0.52
1990-03-29,33.76,19.97,42.78,0.0,0.52
1990-03-30,37.36,21.22,35.68,0.01,0.52
1990-03-31,37.75,22.54,29.62,0.0,0.52
1990-04-01,38.41,22.81,29.02,0.03,0.52
1990-04-02,38.11,23.74,33.07,0.0,0.52
1990-04-03,33.26,23.46,37.52,0.0,0.52
1990-04-04,33.69,23.6,33.94,0.0,0.52
1990-04-05,37.27,21.1,30.78,0.0,0.52
1990-04-06,35.91,19.28,25.0,0.0,0.52
1990-04-07,36.3,20.17,25.51,0.0,0.52
1990-04-08,39.46,22.06,24.85,0.02,0.52
1990-04-09,39.11,22.19,33.58,0.03,0.52
1990-04-10,38.99,23.8,37.74,0.08,0.52
1990-04-11,38.55,24.1,30.52,0.0,0.52
1990-04-12,39.62,23.48,28.65,0.0,0.52
1990-04-13,41.26,24.61,25.62,0.0,0.52
1990-04-14,40.44,24.29,29.53,0.22,0.52
1990-04-15,40.68,24.18,32.73,0.0,0.52
1990-04-16,38.31,26.05,32.83,0.06,0.52
1990-04-17,37.06,26.59,33.54,0.43,0.52
1990-04-18,40.71,25.4,31.03,0.19,0.52
1990-04-19,40.62,24.66,36.58,1.01,0.52
1990-04-20,41.62,24.68,38.99,0.01,0.52
1990-04-21,41.55,25.18,34.37,0.01,0.52
1990-04-22,41.72,25.97,35.2,0.02,0.52
1990-04-23,41.3,28.02,32.04,0.0,0.52
1990-04-24,42.53,28.27,28.99,0.14,0.52
1990-04-25,41.04,28.5,31.69,0.18,0.52
1990-04-26,39.88,28.31,33.01,0.0,0.52
1990-04-27,41.16,27.25,34.11,0.0,0.52
1990-04-28,42.33,27.42,26.36,0.03,0.52
1990-04-29,41.59,26.35,25.7,0.13,0.52
1990-04-30,36.9,27.38,29.24,0.0,0.52
1990-05-01,39.22,27.23,25.64,0.0,0.52
1990-05-02,40.65,26.95,31.37,0.0,0.52
1990-05-03,41.1,28.57,29.67,0.01,0.52
1990-05-04,40.8,28.03,30.44,0.0,0.52
1990-05-05,39.67,29.91,34.42,0.04,0.52
1990-05-06,40.07,28.97,37.0,0.11,0.52
1990-05-07,35.47,26.25,47.32,0.0,0.52
1990-05-08,37.61,28.38,36.14,0.09,0.52
1990-05-09,36.57,27.19,38.11,0.01,0.52
1990-05-10,38.73,27.58,38.72,0.64,0.52
1990-05-11,39.94,26.63,40.69,0.0,0.52
1990-05-12,41.19,29.11,33.16,0.0,0.52
1990-05-13,39.61,30.45,36.72,0.3,0.52
1990-05-14,33.26,27.7,51.19,2.16,0.52
1990-05-15,30.54,25.33,67.48,12.92,0.53
1990-05-16,33.11,25.54,69.99,1.96,0.55
1990-05-17,35.29,25.77,63.93,0.59,0.54
1990-05-18,36.58,24.47,57.19,0.0,0.54
1990-05-19,37.58,25.46,53.55,0.01,0.54
1990-05-20,37.94,27.17,52.45,0.01,0.53
1990-05-21,33.62,26.4,62.54,0.01,0.53
1990-05-22,32.44,26.48,63.98,0.1,0.53
1990-05-23,32.48,26.31,67.71,2.34,0.53
1990-05-24,35.14,25.52,64.16,4.43,0.54
1990-05-25,36.14,24.86,62.94,1.26,0.54
1990-05-26,37.3,26.68,54.94,0.01,0.53
1990-05-27,38.46,27.75,50.27,0.18,0.53
1990-05-28,37.7,28.78,49.61,0.0,0.53
1990-05-29,40.1,28.22,43.29,0.0,0.53
1990-05-30,40.37,29.09,42.26,0.01,0.52
1990-05-31,39.46,29.67,44.78,0.09,0.52
1990-06-01,37.17,29.25,46.84,0.01,0.52
1990-06-02,40.45,28.44,46.77,0.02,0.52
1990-06-03,37.05,29.5,51.93,0.0,0.52
1990-06-04,35.32,28.16,55.39,0.06,0.52
1990-06-05,39.98,27.47,48.36,0.24,0.52
1990-06-06,35.7,26.57,52.3,0.67,0.52
1990-06-07,40.14,26.64,48.27,0.02,0.52
1990-06-08,36.32,28.59,50.17,0.38,0.52
1990-06-09,39.51,28.43,43.09,0.01,0.52
1990-06-10,38.18,29.54,44.4,0.21,0.52
1990-06-11,35.82,29.21,50.47,0.0,0.52
1990-06-12,39.79,28.29,43.03,0.0,0.52
1990-06-13,39.1,28.34,49.83,0.0,0.52
1990-06-14,36.08,27.49,58.42,0.12,0.52
1990-06-15,40.44,27.16,50.82,0.01,0.52
1990-06-16,37.38,27.84,52.59,0.0,0.52
1990-06-17,39.98,27.74,51.1,0.01,0.52
1990-06-18,41.37,28.31,45.16,0.05,0.52
1990-06-19,39.57,28.56,50.75,1.63,0.52
1990-06-20,38.38,28.2,51.18,0.0,0.52
1990-06-21,39.34,27.82,48.27,0.01,0.52
1990-06-22,40.02,28.22,47.56,0.24,0.52
1990-06-23,36.33,27.89,58.86,0.08,0.52
1990-06-24,37.01,28.17,59.28,0.55,0.52
1990-06-25,35.73,27.13,60.89,0.64,0.52
1990-06-26,36.29,26.91,61.54,0.06,0.52
1990-06-27,38.77,26.02,55.9,0.01,0.52
1990-06-28,37.22,26.7,55.63,0.03,0.52
1990-06-29,38.82,27.57,54.06,0.0,0.52
1990-06-30,38.29,27.8,55.1,0.03,0.52
1990-07-01,40.41,28.41,51.57,0.01,0.52
1990-07-02,34.85,28.06,62.81,0.25,0.52
1990-07-03,33.01,27.29,64.93,0.13,0.52
1990-07-04,32.92,25.79,68.0,1.64,0.52
1990-07-05,37.9,25.16,59.74,0.05,0.52
1990-07-06,40.08,26.62,51.94,0.0,0.52
1990-07-07,39.16,26.65,50.85,0.02,0.52
1990-07-08,39.49,27.93,48.15,0.08,0.52
1990-07-09,34.28,28.43,58.27,0.07,0.52
1990-07-10,39.69,27.29,52.93,0.04,0.52
1990-07-11,36.55,28.05,59.03,0.0,0.52
1990-07-12,36.82,26.99,56.28,0.0,0.52
1990-07-13,34.0,27.12,61.21,0.14,0.52
1990-07-14,35.16,26.54,59.78,0.0,0.52
1990-07-15,38.9,26.12,53.38,0.0,0.52
1990-07-16,37.43,26.68,52.29,0.02,0.52
1990-07-17,38.67,26.4,52.05,0.0,0.52
1990-07-18,34.22,26.73,61.53,0.0,0.52
1990-07-19,38.05,26.65,53.77,0.01,0.52
1990-07-20,37.77,25.89,56.19,0.34,0.52
1990-07-21,35.12,26.04,65.04,0.07,0.52
1990-07-22,35.4,26.88,58.39,0.0,0.52
1990-07-23,39.98,25.96,50.93,0.0,0.52
1990-07-24,40.38,27.17,49.17,0.0,0.52
1990-07-25,39.32,27.5,49.89,0.01,0.52
1990-07-26,35.96,27.36,52.37,0.17,0.52
1990-07-27,37.75,26.97,52.76,0.1,0.52
1990-07-28,37.64,27.42,50.94,0.17,0.52
1990-07-29,38.98,28.32,46.82,0.21,0.52
1990-07-30,39.62,28.65,44.54,0.1,0.52
1990-07-31,40.65,29.76,43.72,0.15,0.52
1990-08-01,35.58,27.94,56.84,0.27,0.52
1990-08-02,37.77,26.31,51.39,0.06,0.52
1990-08-03,39.82,27.28,47.15,0.12,0.52
1990-08-04,39.6,28.73,45.08,0.03,0.52
1990-08-05,38.03,29.47,46.79,0.0,0.52
1990-08-06,39.86,28.49,46.91,0.04,0.52
1990-08-07,41.08,27.87,45.06,0.01,0.52
1990-08-08,41.14,28.44,43.2,0.0,0.52
1990-08-09,39.65,28.36,43.58,0.0,0.52
1990-08-10,39.04,29.86,44.65,0.0,0.52
1990-08-11,37.83,28.96,47.55,0.09,0.52
1990-08-12,38.61,28.86,50.21,0.03,0.52
1990-08-13,40.11,27.64,47.25,0.51,0.52
1990-08-14,34.7,27.91,53.92,0.0,0.52
1990-08-15,36.18,27.34,54.92,0.0,0.52
1990-08-16,38.61,26.98,50.8,0.0,0.52
1990-08-17,41.65,26.68,45.65,0.04,0.52
1990-08-18,41.82,28.3,42.83,0.01,0.52
1990-08-19,41.17,28.52,44.89,0.0,0.52
1990-08-20,40.13,28.36,47.69,0.0,0.52
1990-08-21,40.85,27.54,48.1,0.0,0.52
1990-08-22,40.31,27.71,47.78,0.01,0.52
1990-08-23,42.24,29.02,41.89,0.0,0.52
1990-08-24,35.59,29.38,52.26,0.02,0.52
1990-08-25,36.81,28.42,53.26,0.07,0.52
1990-08-26,35.67,27.97,54.63,0.01,0.52
1990-08-27,37.1,27.26,50.78,0.1,0.52
1990-08-28,39.88,27.38,45.03,0.0,0.52
1990-08-29,42.43,28.32,42.22,0.01,0.52
1990-08-30,41.55,29.49,39.11,0.0,0.52
1990-08-31,39.67,30.3,38.03,0.02,0.52
1990-09-01,37.75,26.97,54.28,0.29,0.52
1990-09-02,33.85,26.67,65.69,0.16,0.52
1990-09-03,39.17,26.11,54.66,0.62,0.52
1990-09-04,37.34,25.22,55.97,2.37,0.52
1990-09-05,38.89,25.85,53.58,0.94,0.52
1990-09-06,38.8,27.03,48.73,0.12,0.52
1990-09-07,38.47,28.53,46.56,0.18,0.52
1990-09-08,38.6,28.82,46.23,0.24,0.52
1990-09-09,37.42,29.55,48.55,0.12,0.52
1990-09-10,39.45,27.86,49.85,0.01,0.52
1990-09-11,40.87,28.1,45.79,0.02,0.52
1990-09-12,39.68,26.99,47.16,0.0,0.52
1990-09-13,39.74,26.47,47.76,0.0,0.52
1990-09-14,39.68,27.75,44.41,0.02,0.52
1990-09-15,40.05,29.51,45.54,0.0,0.52
1990-09-16,34.73,29.27,53.0,0.08,0.52
1990-09-17,30.99,27.69,64.89,0.04,0.52
1990-09-18,34.23,26.66,58.69,0.03,0.52
1990-09-19,37.04,24.22,50.33,0.0,0.52
1990-09-20,38.38,26.62,45.09,0.0,0.52
1990-09-21,39.35,27.71,41.57,0.0,0.52
1990-09-22,40.29,27.89,44.8,0.27,0.52
1990-09-23,39.7,28.45,45.95,0.06,0.52
1990-09-24,37.48,27.97,49.45,0.64,0.52
1990-09-25,38.68,26.82,46.45,0.84,0.52
1990-09-26,36.54,27.99,48.29,0.4,0.52
1990-09-27,37.12,26.53,51.86,0.77,0.52
1990-09-28,36.46,27.27,52.28,1.38,0.52
1990-09-29,35.96,26.84,53.59,0.71,0.52
1990-09-30,36.94,26.75,49.21,0.24,0.52
1990-10-01,35.22,27.18,52.21,0.27,0.52
1990-10-02,37.81,26.7,47.75,0.03,0.52
1990-10-03,37.19,26.35,49.02,0.07,0.52
1990-10-04,38.21,26.82,46.66,0.0,0.52
1990-10-05,39.89,27.77,41.15,0.04,0.52
1990-10-06,39.92,28.51,44.19,0.13,0.52
1990-10-07,33.13,26.5,57.32,0.61,0.52
1990-10-08,34.6,24.42,53.16,3.92,0.53
1990-10-09,33.57,23.54,56.5,0.2,0.53
1990-10-10,38.6,24.06,48.77,0.02,0.53
1990-10-11,38.62,26.06,46.38,0.0,0.53
1990-10-12,38.28,26.47,44.75,0.01,0.52
1990-10-13,38.11,26.81,43.22,0.0,0.52
1990-10-14,37.94,26.58,44.46,0.0,0.52
1990-10-15,37.33,28.33,44.76,0.0,0.52
1990-10-16,37.46,26.23,47.88,0.0,0.52
1990-10-17,38.14,27.26,40.91,0.0,0.52
1990-10-18,38.71,26.35,38.66,0.0,0.52
1990-10-19,39.27,26.04,36.21,0.0,0.52
1990-10-20,38.54,25.14,36.58,0.0,0.52
1990-10-21,38.66,24.74,32.7,0.0,0.52
1990-10-22,38.29,25.07,33.51,0.0,0.52
1990-10-23,38.33,24.04,32.88,0.0,0.52
1990-10-24,38.46,23.3,29.89,0.0,0.52
1990-10-25,39.3,23.78,30.55,0.0,0.52
1990-10-26,39.21,27.44,33.05,0.01,0.52
1990-10-27,38.58,25.61,34.36,0.02,0.52
1990-10-28,34.8,24.97,38.04,0.0,0.52
1990-10-29,35.74,25.18,38.38,0.0,0.52
1990-10-30,37.78,25.26,38.47,0.0,0.52
1990-10-31,37.41,24.97,42.09,0.0,0.52
1990-11-01,36.55,24.16,40.24,0.0,0.52
1990-11-02,35.05,24.99,43.78,0.0,0.52
1990-11-03,34.66,25.14,44.65,0.02,0.52
1990-11-04,35.18,26.1,49.41,0.13,0.52
1990-11-05,33.51,24.31,58.2,0.06,0.52
1990-11-06,36.51,24.44,52.76,0.0,0.52
1990-11-07,33.7,25.96,52.03,0.03,0.52
1990-11-08,35.26,24.37,51.58,0.01,0.52
1990-11-09,35.72,23.48,46.16,0.01,0.52
1990-11-10,28.22,20.66,34.95,0.0,0.52
1990-11-11,30.74,19.42,40.93,0.0,0.52
1990-11-12,31.36,21.33,47.07,0.0,0.52
1990-11-13,35.58,21.51,48.27,0.01,0.52
1990-11-14,37.23,23.66,42.76,0.0,0.52
1990-11-15,37.12,22.14,38.14,0.0,0.52
1990-11-16,36.56,21.02,26.9,0.0,0.52
1990-11-17,36.51,19.29,26.28,0.0,0.52
1990-11-18,35.42,19.4,27.42,0.0,0.52
1990-11-19,34.76,18.48,32.16,0.0,0.52
1990-11-20,35.3,19.27,31.61,0.0,0.52
1990-11-21,35.54,22.96,37.6,0.0,0.52
1990-11-22,34.74,23.31,44.84,0.0,0.52
1990-11-23,35.13,22.8,45.19,0.0,0.52
1990-11-24,35.0,21.87,38.65,0.0,0.52
1990-11-25,34.3,21.15,35.41,0.0,0.52
1990-11-26,35.04,20.69,33.41,0.0,0.52
1990-11-27,35.0,20.25,34.64,0.0,0.52
1990-11-28,34.79,20.2,34.98,0.0,0.52
1990-11-29,33.4,19.2,35.25,0.0,0.52
1990-11-30,32.38,18.06,37.59,0.0,0.52
1990-12-01,33.44,18.51,36.19,0.01,0.52
1990-12-02,31.6,17.51,46.46,0.0,0.52
1990-12-03,31.09,19.3,50.22,0.0,0.52
1990-12-04,29.67,17.81,50.58,0.0,0.52
1990-12-05,30.73,16.87,42.43,0.0,0.52
1990-12-06,30.85,16.42,38.62,0.0,0.52
1990-12-07,30.8,16.28,38.56,0.0,0.52
1990-12-08,30.84,16.17,37.43,0.0,0.52
1990-12-09,30.07,16.71,35.38,0.0,0.52
1990-12-10,30.34,14.45,32.8,0.0,0.52
1990-12-11,31.63,14.23,29.89,0.0,0.52
1990-12-12,31.42,14.76,30.67,0.0,0.52
1990-12-13,30.72,14.6,30.51,0.0,0.52
1990-12-14,30.66,13.7,29.94,0.0,0.52
1990-12-15,28.43,15.8,29.08,0.0,0.52
1990-12-16,28.07,16.53,30.33,0.0,0.52
1990-12-17,26.27,17.86,36.38,0.0,0.52
1990-12-18,30.14,17.77,46.33,0.1,0.52
1990-12-19,29.2,16.89,57.9,0.02,0.52
1990-12-20,29.89,18.29,53.34,0.01,0.52
1990-12-21,29.35,15.3,43.6,0.0,0.52
1990-12-22,29.78,14.19,35.5,0.0,0.52
1990-12-23,30.33,13.93,31.22,0.0,0.52
1990-12-24,29.72,13.29,28.39,0.0,0.52
1990-12-25,30.05,12.91,26.36,0.0,0.52
1990-12-26,29.83,12.38,30.07,0.0,0.52
1990-12-27,29.92,12.58,28.17,0.0,0.52
1990-12-28,30.37,12.91,24.82,0.0,0.52
1990-12-29,29.92,12.62,25.15,0.0,0.52
1990-12-30,29.89,12.2,23.52,0.0,0.52
1990-12-31,29.42,11.5,24.22,0.0,0.52
1991-01-01,29.68,11.63,23.42,0.0,0.52
1991-01-02,30.92,13.05,22.59,0.02,0.52
1991-01-03,30.51,16.13,43.89,0.41,0.52
1991-01-04,27.63,15.19,60.19,0.0,0.52
1991-01-05,28.65,13.91,51.9,0.0,0.52
1991-01-06,28.19,12.5,39.7,0.0,0.52
1991-01-07,28.84,12.01,33.01,0.0,0.52
1991-01-08,28.85,11.3,30.05,0.0,0.52
1991-01-09,29.29,11.24,26.53,0.0,0.52
1991-01-10,29.92,12.56,27.56,0.0,0.52
1991-01-11,29.65,13.73,32.54,0.0,0.52
1991-01-12,30.73,13.94,34.61,0.0,0.52
1991-01-13,30.31,14.06,32.21,0.0,0.52
1991-01-14,29.82,14.06,34.97,0.0,0.52
1991-01-15,30.71,13.67,35.36,0.0,0.52
1991-01-16,30.58,15.52,33.39,0.0,0.52
1991-01-17,30.08,13.7,27.39,0.0,0.52
1991-01-18,30.25,13.44,26.27,0.0,0.52
1991-01-19,29.19,13.35,26.56,0.0,0.52
1991-01-20,27.8,12.04,26.85,0.0,0.52
1991-01-21,28.38,10.86,26.14,0.0,0.52
1991-01-22,29.18,10.94,24.77,0.0,0.52
1991-01-23,29.21,11.71,21.45,0.0,0.52
1991-01-24,29.56,10.93,20.76,0.0,0.52
1991-01-25,29.5,11.73,22.13,0.0,0.52
1991-01-26,29.32,10.68,22.73,0.0,0.52
1991-01-27,30.67,11.46,20.98,0.0,0.52
1991-01-28,32.06,12.08,19.39,0.0,0.52
1991-01-29,32.92,15.68,24.7,0.0,0.52
1991-01-30,32.0,14.11,26.18,0.0,0.52
1991-01-31,31.37,14.06,24.71,0.0,0.52
1991-02-01,32.72,13.96,25.17,0.0,0.52
1991-02-02,32.85,14.4,24.78,0.0,0.52
1991-02-03,32.4,15.59,30.33,0.0,0.52
1991-02-04,32.53,16.82,26.98,0.0,0.52
1991-02-05,30.13,16.06,39.18,0.0,0.52
1991-02-06,30.42,14.68,35.66,0.0,0.52
1991-02-07,31.57,14.0,29.14,0.0,0.52
1991-02-08,32.52,14.19,24.19,0.0,0.52
1991-02-09,32.55,14.99,23.11,0.0,0.52
1991-02-10,32.41,14.45,23.81,0.0,0.52
1991-02-11,32.7,14.36,22.32,0.0,0.52
1991-02-12,35.1,14.85,23.79,0.0,0.52
1991-02-13,35.4,16.99,28.71,0.0,0.52
1991-02-14,34.1,17.88,25.85,0.0,0.52
1991-02-15,33.24,15.26,19.56,0.0,0.52
1991-02-16,32.51,14.05,16.04,0.0,0.52
1991-02-17,33.46,13.35,13.45,0.0,0.52
1991-02-18,34.75,14.06,13.59,0.0,0.52
1991-02-19,32.43,15.09,16.8,0.0,0.52
1991-02-20,35.07,16.13,20.34,0.0,0.52
1991-02-21,36.25,16.05,18.36,0.0,0.52
1991-02-22,36.06,16.26,16.28,0.0,0.52
1991-02-23,36.15,16.15,17.5,0.0,0.52
1991-02-24,36.38,16.76,23.29,0.0,0.52
1991-02-25,36.54,18.79,28.95,0.0,0.52
1991-02-26,37.23,20.54,28.01,0.0,0.52
1991-02-27,36.71,20.24,29.5,0.0,0.52
1991-02-28,37.08,20.32,29.75,0.0,0.52
1991-03-01,35.99,20.52,28.01,0.0,0.52
1991-03-02,35.34,18.92,29.9,0.0,0.52
1991-03-03,35.68,20.82,28.58,0.0,0.52
1991-03-04,36.23,19.99,27.16,0.0,0.52
1991-03-05,36.29,19.0,19.73,0.0,0.52
1991-03-06,36.66,19.73,24.06,0.0,0.52
1991-03-07,36.69,21.44,35.28,0.0,0.52
1991-03-08,36.43,22.71,23.53,0.0,0.52
1991-03-09,37.44,19.51,21.01,0.0,0.52
1991-03-10,38.32,19.99,17.0,0.0,0.52
1991-03-11,38.59,19.8,20.57,0.0,0.52
1991-03-12,38.81,20.92,23.43,0.0,0.52
1991-03-13,38.8,22.02,23.04,0.0,0.52
1991-03-14,39.57,22.12,21.97,0.0,0.52
1991-03-15,39.66,22.96,21.54,0.0,0.52
1991-03-16,40.01,23.69,23.19,0.0,0.52
1991-03-17,40.18,25.22,23.09,0.0,0.52
1991-03-18,40.44,23.77,20.67,0.0,0.52
1991-03-19,40.33,22.57,18.98,0.01,0.52
1991-03-20,39.58,22.18,22.85,0.0,0.52
1991-03-21,40.43,22.96,26.2,0.0,0.52
1991-03-22,40.02,24.02,22.93,0.0,0.52
1991-03-23,39.96,24.81,23.43,0.0,0.52
1991-03-24,39.68,23.15,24.3,0.0,0.51
1991-03-25,40.79,24.86,25.9,0.0,0.51
1991-03-26,38.86,24.53,25.63,0.0,0.51
1991-03-27,39.43,23.65,20.86,0.0,0.51
1991-03-28,40.02,23.17,19.54,0.0,0.51
1991-03-29,40.67,24.12,21.45,0.0,0.51
1991-03-30,40.15,25.8,23.2,0.0,0.51
1991-03-31,40.37,26.87,25.19,0.07,0.51
1991-04-01,37.59,26.63,33.16,0.03,0.51
1991-04-02,39.58,23.57,43.92,0.0,0.51
1991-04-03,41.05,24.09,39.25,0.0,0.51
1991-04-04,40.02,23.9,37.4,0.02,0.51
1991-04-05,38.3,25.92,37.95,0.0,0.51
1991-04-06,38.73,25.66,35.12,0.21,0.51
1991-04-07,38.36,26.83,28.97,0.0,0.52
1991-04-08,37.67,23.63,26.75,0.0,0.52
1991-04-09,39.5,24.05,29.16,0.0,0.52
1991-04-10,37.91,26.58,26.75,0.0,0.52
1991-04-11,39.0,25.39,27.44,0.0,0.52
1991-04-12,39.59,25.18,25.33,0.0,0.52
1991-04-13,40.48,25.71,22.02,0.0,0.52
1991-04-14,41.81,25.26,19.36,0.0,0.52
1991-04-15,43.05,25.53,20.32,0.0,0.52
1991-04-16,43.48,26.38,24.3,0.0,0.51
1991-04-17,42.62,28.37,25.74,0.0,0.51
1991-04-18,42.22,26.34,21.81,0.0,0.51
1991-04-19,42.92,27.43,22.74,0.0,0.51
1991-04-20,41.24,27.31,21.79,0.0,0.51
1991-04-21,41.41,26.4,19.37,0.0,0.51
1991-04-22,41.38,25.4,20.97,0.0,0.51
1991-04-23,40.76,26.97,24.27,0.0,0.51
1991-04-24,40.15,28.48,29.9,0.0,0.51
1991-04-25,40.7,28.52,31.53,0.0,0.51
1991-04-26,38.75,28.22,37.43,0.0,0.51
1991-04-27,35.86,26.49,43.97,0.0,0.51
1991-04-28,37.54,27.34,41.73,0.0,0.51
1991-04-29,40.38,28.77,40.52,0.03,0.51
1991-04-30,41.18,27.55,41.8,1.02,0.52
1991-05-01,40.31,26.03,43.16,0.06,0.52
1991-05-02,42.76,25.95,40.53,0.01,0.52
1991-05-03,42.2,26.39,39.44,0.0,0.52
1991-05-04,44.22,27.07,32.62,0.0,0.52
1991-05-05,43.46,27.24,29.55,0.0,0.52
1991-05-06,42.97,29.0,29.77,0.07,0.52
1991-05-07,41.88,26.22,39.56,0.55,0.52
1991-05-08,41.85,26.76,41.76,0.02,0.52
1991-05-09,42.82,26.37,40.35,0.0,0.52
1991-05-10,42.06,27.01,38.41,0.0,0.52
1991-05-11,42.77,28.56,30.55,0.0,0.52
1991-05-12,42.22,28.78,33.36,0.0,0.52
1991-05-13,42.97,30.28,31.31,0.0,0.52
1991-05-14,41.58,31.45,30.7,0.0,0.52
1991-05-15,40.72,31.61,30.76,0.0,0.52
1991-05-16,40.38,30.79,32.54,0.0,0.52
1991-05-17,41.4,30.87,30.49,0.0,0.52
1991-05-18,40.45,29.37,32.95,0.0,0.52
1991-05-19,40.8,28.34,32.59,0.0,0.52
1991-05-20,42.06,30.79,28.09,0.0,0.52
1991-05-21,41.85,32.36,28.68,0.0,0.52
1991-05-22,41.25,31.82,33.95,0.0,0.52
1991-05-23,42.95,29.23,32.8,0.0,0.52
1991-05-24,41.5,29.8,35.36,0.05,0.52
1991-05-25,42.2,30.28,31.67,0.0,0.52
1991-05-26,43.38,32.24,30.99,0.0,0.52
1991-05-27,43.4,31.04,34.83,0.05,0.52
1991-05-28,39.3,30.17,44.25,0.11,0.52
1991-05-29,35.68,29.15,51.1,0.24,0.52
1991-05-30,35.64,28.49,54.37,0.89,0.52
1991-05-31,33.82,28.42,56.31,0.23,0.52
1991-06-01,39.55,27.6,46.91,1.93,0.52
1991-06-02,37.12,28.89,52.69,3.76,0.53
1991-06-03,38.28,27.07,52.21,0.04,0.53
1991-06-04,36.65,28.28,55.58,0.09,0.53
1991-06-05,33.7,28.17,56.2,0.01,0.53
1991-06-06,31.32,27.11,65.73,0.01,0.53
1991-06-07,35.5,26.62,63.78,0.09,0.53
1991-06-08,32.47,25.9,67.53,0.68,0.53
1991-06-09,32.64,26.94,72.86,0.13,0.53
1991-06-10,36.14,26.73,61.1,0.14,0.53
1991-06-11,36.47,26.78,59.58,1.34,0.53
1991-06-12,39.81,26.3,49.51,0.0,0.53
1991-06-13,40.6,27.0,46.04,0.0,0.52
1991-06-14,40.46,28.06,48.08,0.05,0.52
1991-06-15,40.73,28.25,46.36,0.06,0.52
1991-06-16,40.98,28.43,46.33,0.23,0.52
1991-06-17,41.65,27.84,52.74,0.64,0.52
1991-06-18,35.23,27.31,64.18,13.94,0.54
1991-06-19,36.43,26.47,58.25,0.04,0.54
1991-06-20,39.86,26.34,52.98,0.0,0.54
1991-06-21,36.61,27.74,55.47,0.0,0.53
1991-06-22,34.15,27.51,56.67,0.0,0.53
1991-06-23,38.42,27.22,51.42,0.01,0.53
1991-06-24,39.43,28.46,50.93,0.02,0.53
1991-06-25,37.44,27.52,56.72,0.0,0.53
1991-06-26,38.09,27.92,55.67,0.0,0.53
1991-06-27,37.29,27.04,58.87,0.01,0.53
1991-06-28,38.16,27.0,55.74,0.0,0.52
1991-06-29,38.07,27.0,52.22,0.01,0.52
1991-06-30,39.73,26.83,49.8,0.0,0.52
1991-07-01,39.71,27.92,47.1,0.0,0.52
1991-07-02,39.4,28.8,43.41,0.03,0.52
1991-07-03,40.97,27.89,46.76,0.0,0.52
1991-07-04,36.16,27.57,53.05,0.03,0.52
1991-07-05,37.63,27.74,52.27,0.01,0.52
1991-07-06,39.15,27.32,53.12,0.0,0.52
1991-07-07,38.63,27.53,52.61,0.0,0.52
1991-07-08,38.13,27.49,52.33,0.01,0.52
1991-07-09,36.93,27.65,54.09,0.0,0.52
1991-07-10,37.36,27.85,52.39,0.04,0.52
1991-07-11,41.01,27.75,45.31,0.0,0.52
1991-07-12,40.81,29.3,43.92,0.02,0.52
1991-07-13,41.0,30.04,44.21,0.0,0.52
1991-07-14,40.93,29.8,45.67,0.03,0.52
1991-07-15,40.44,28.38,49.09,0.37,0.52
1991-07-16,34.88,27.22,60.26,0.0,0.52
1991-07-17,37.08,26.58,56.74,0.07,0.52
1991-07-18,36.12,26.17,54.16,0.09,0.52
1991-07-19,37.58,26.42,55.04,0.21,0.52
1991-07-20,37.55,27.04,51.92,0.02,0.52
1991-07-21,38.34,27.29,52.7,0.01,0.52
1991-07-22,38.83,27.39,49.77,0.0,0.52
1991-07-23,40.47,27.43,47.55,0.05,0.52
1991-07-24,35.92,28.75,51.86,0.0,0.52
1991-07-25,39.5,28.09,48.21,0.0,0.52
1991-07-26,39.52,28.49,48.71,0.0,0.52
1991-07-27,37.47,28.54,55.43,0.02,0.52
1991-07-28,37.4,27.58,58.31,0.14,0.52
1991-07-29,38.47,26.77,56.98,0.03,0.52
1991-07-30,38.24,27.45,53.65,0.07,0.52
1991-07-31,38.8,27.78,47.88,0.07,0.52
1991-08-01,37.73,28.13,54.54,0.43,0.52
1991-08-02,34.1,27.26,66.07,0.95,0.52
1991-08-03,32.72,25.67,70.77,3.63,0.52
1991-08-04,34.23,25.1,65.44,0.38,0.53
1991-08-05,38.69,25.97,56.12,0.02,0.53
1991-08-06,38.07,27.06,54.35,0.12,0.53
1991-08-07,40.24,26.7,49.99,0.0,0.52
1991-08-08,40.02,27.3,49.43,0.0,0.52
1991-08-09,37.45,27.44,56.48,0.0,0.52
1991-08-10,31.5,27.52,66.61,0.02,0.52
1991-08-11,36.29,27.08,61.06,0.0,0.52
1991-08-12,35.56,26.86,60.6,0.0,0.52
1991-08-13,38.2,26.48,57.13,0.01,0.52
1991-08-14,37.03,27.43,57.79,0.03,0.52
1991-08-15,36.76,26.31,56.47,0.0,0.52
1991-08-16,34.26,26.23,59.03,0.01,0.52
1991-08-17,39.12,26.46,53.77,0.0,0.52
1991-08-18,41.12,27.37,47.15,0.01,0.52
1991-08-19,41.12,29.2,43.98,0.0,0.52
1991-08-20,43.8,30.94,39.16,0.84,0.52
1991-08-21,37.01,28.37,51.97,0.78,0.52
1991-08-22,36.3,27.59,58.32,0.06,0.52
1991-08-23,38.75,26.81,54.76,0.68,0.52
1991-08-24,33.35,28.91,59.82,0.75,0.52
1991-08-25,37.32,27.26,55.31,0.2,0.52
1991-08-26,37.9,26.63,55.3,0.28,0.52
1991-08-27,38.51,26.1,53.74,0.34,0.52
1991-08-28,39.57,27.6,50.98,0.0,0.52
1991-08-29,39.57,27.68,50.53,0.01,0.52
1991-08-30,35.2,27.54,58.21,0.07,0.52
1991-08-31,37.45,26.77,51.09,0.02,0.52
1991-09-01,40.46,27.22,47.27,0.02,0.52
1991-09-02,39.89,27.97,45.17,0.0,0.52
1991-09-03,37.06,28.07,47.04,0.02,0.52
1991-09-04,38.7,28.63,48.84,0.15,0.52
1991-09-05,36.28,28.31,54.49,0.16,0.52
1991-09-06,34.11,27.82,57.17,0.1,0.52
1991-09-07,35.43,27.57,53.9,0.06,0.52
1991-09-08,37.57,27.4,51.73,0.0,0.52
1991-09-09,38.44,27.88,48.04,0.0,0.52
1991-09-10,38.52,28.32,47.16,0.0,0.52
1991-09-11,35.54,27.77,51.8,0.0,0.52
1991-09-12,38.66,27.96,48.54,0.03,0.52
1991-09-13,34.84,28.16,52.86,0.01,0.52
1991-09-14,37.31,27.35,49.14,0.04,0.52
1991-09-15,33.11,27.81,58.57,0.0,0.52
1991-09-16,33.64,26.63,57.4,0.0,0.52
1991-09-17,39.09,26.66,46.78,0.0,0.52
1991-09-18,38.96,28.12,44.77,0.0,0.52
1991-09-19,36.89,28.61,50.36,0.0,0.52
1991-09-20,39.49,28.39,48.68,0.0,0.52
1991-09-21,33.49,27.94,58.96,0.02,0.52
1991-09-22,37.39,26.74,52.28,0.06,0.52
1991-09-23,38.53,27.67,46.39,0.02,0.52
1991-09-24,37.88,27.31,49.24,0.11,0.52
1991-09-25,36.43,27.82,52.05,0.02,0.52
1991-09-26,39.45,26.99,45.75,0.0,0.52
1991-09-27,41.02,28.29,38.73,0.01,0.52
1991-09-28,40.68,28.97,38.42,0.0,0.52
1991-09-29,40.57,29.34,38.67,0.0,0.52
1991-09-30,38.45,28.86,45.17,0.0,0.52
1991-10-01,38.3,28.69,45.44,0.0,0.52
1991-10-02,33.19,27.24,58.44,0.0,0.52
1991-10-03,35.09,26.35,53.89,0.02,0.52
1991-10-04,37.52,26.9,48.82,0.31,0.52
1991-10-05,33.27,27.76,55.08,0.01,0.52
1991-10-06,36.16,26.25,49.58,0.11,0.52
1991-10-07,35.95,27.05,49.46,0.29,0.52
1991-10-08,36.51,27.32,51.48,0.03,0.52
1991-10-09,36.68,26.86,51.25,0.0,0.52
1991-10-10,37.48,27.39,47.58,0.0,0.52
1991-10-11,38.03,26.44,50.38,0.0,0.52
1991-10-12,36.1,27.47,51.72,0.31,0.52
1991-10-13,32.44,26.31,60.73,0.55,0.52
1991-10-14,36.24,26.21,52.64,0.11,0.52
1991-10-15,35.34,25.7,55.52,0.04,0.52
1991-10-16,38.78,25.95,46.13,0.05,0.52
1991-10-17,38.15,26.33,45.31,0.0,0.52
1991-10-18,37.55,26.45,43.0,0.0,0.52
1991-10-19,37.57,27.34,41.1,0.0,0.52
1991-10-20,37.17,26.18,44.29,0.0,0.52
1991-10-21,37.58,25.13,42.54,0.0,0.52
1991-10-22,36.76,25.96,44.21,0.0,0.52
1991-10-23,35.17,26.4,49.01,0.0,0.52
1991-10-24,30.43,25.5,57.72,0.0,0.52
1991-10-25,33.72,24.32,55.32,0.0,0.52
1991-10-26,35.35,25.27,50.09,0.0,0.52
1991-10-27,34.32,26.17,45.73,0.0,0.52
1991-10-28,30.16,24.91,57.12,0.09,0.52
1991-10-29,33.34,23.43,53.03,0.0,0.52
1991-10-30,32.81,25.08,50.8,0.23,0.52
1991-10-31,31.77,22.92,68.15,2.02,0.52
1991-11-01,30.5,24.14,79.28,2.44,0.52
1991-11-02,32.4,22.81,67.86,0.02,0.52
1991-11-03,31.67,23.63,58.2,0.27,0.52
1991-11-04,29.25,21.94,67.71,0.4,0.52
1991-11-05,31.57,22.13,68.7,0.0,0.52
1991-11-06,33.45,22.0,59.02,0.0,0.52
1991-11-07,33.95,21.15,48.56,0.0,0.52
1991-11-08,33.42,19.51,41.73,0.0,0.52
1991-11-09,34.3,19.09,39.41,0.0,0.52
1991-11-10,34.94,19.97,39.08,0.0,0.52
1991-11-11,34.97,21.08,40.02,0.0,0.52
1991-11-12,34.37,22.06,45.08,0.0,0.52
1991-11-13,34.07,24.12,49.55,0.0,0.52
1991-11-14,33.38,23.7,43.49,0.0,0.52
1991-11-15,27.79,23.3,59.65,0.0,0.52
1991-11-16,30.13,22.77,64.63,0.0,0.52
1991-11-17,31.0,22.49,55.73,0.0,0.52
1991-11-18,31.75,23.03,53.58,0.0,0.52
1991-11-19,33.2,23.32,50.33,0.0,0.52
1991-11-20,34.07,22.67,44.08,0.0,0.52
1991-11-21,32.43,21.98,45.02,0.0,0.52
1991-11-22,31.98,19.95,46.55,0.0,0.52
1991-11-23,32.54,18.38,40.74,0.0,0.52
1991-11-24,32.22,17.6,37.74,0.0,0.52
1991-11-25,32.84,16.4,34.56,0.0,0.52
1991-11-26,32.8,16.61,32.78,0.0,0.52
1991-11-27,31.54,15.87,32.87,0.0,0.52
1991-11-28,31.42,15.66,29.4,0.0,0.52
1991-11-29,30.88,15.15,33.58,0.0,0.52
1991-11-30,30.83,14.91,33.92,0.0,0.52
1991-12-01,29.52,14.57,38.19,0.0,0.52
1991-12-02,29.43,14.14,35.9,0.0,0.52
1991-12-03,29.21,13.27,33.41,0.0,0.52
1991-12-04,29.89,12.92,30.14,0.0,0.52
1991-12-05,29.5,12.44,27.58,0.0,0.52
1991-12-06,29.85,12.42,28.8,0.0,0.52
1991-12-07,30.19,13.02,31.34,0.0,0.52
1991-12-08,30.18,16.93,36.79,0.0,0.52
1991-12-09,30.02,18.76,51.5,0.0,0.52
1991-12-10,30.33,16.72,50.1,0.0,0.52
1991-12-11,30.93,16.49,47.26,0.0,0.52
1991-12-12,31.36,16.55,43.18,0.0,0.52
1991-12-13,30.99,15.72,40.96,0.0,0.52
1991-12-14,30.56,15.84,39.42,0.0,0.52
1991-12-15,31.42,16.22,39.4,0.0,0.52
1991-12-16,30.88,16.7,41.46,0.0,0.52
1991-12-17,30.38,16.58,39.7,0.0,0.52
1991-12-18,29.2,15.69,34.15,0.0,0.52
1991-12-19,28.72,14.93,31.41,0.0,0.52
1991-12-20,29.04,16.23,32.4,0.0,0.52
1991-12-21,28.77,14.35,36.96,0.0,0.52
1991-12-22,29.91,15.06,39.19,0.0,0.52
1991-12-23,29.68,14.49,39.26,0.0,0.52
1991-12-24,30.47,15.88,38.3,0.01,0.52
1991-12-25,29.87,13.38,46.5,0.09,0.52
1991-12-26,30.03,13.89,58.0,0.02,0.52
1991-12-27,28.82,15.89,61.32,0.04,0.52
1991-12-28,27.2,15.12,51.2,0.0,0.52
1991-12-29,27.3,12.76,43.08,0.0,0.52
1991-12-30,27.36,11.99,37.89,0.0,0.52
1991-12-31,26.15,11.94,30.96,0.0,0.52
1992-01-01,26.86,10.85,32.91,0.0,0.52
1992-01-02,26.6,12.84,40.77,0.0,0.52
1992-01-03,26.27,10.91,39.48,0.0,0.52
1992-01-04,26.52,11.04,33.54,0.0,0.52
1992-01-05,26.72,8.79,27.9,0.0,0.52
1992-01-06,26.82,11.28,27.95,0.0,0.52
1992-01-07,27.2,10.51,33.45,0.0,0.52
1992-01-08,27.89,10.88,32.91,0.0,0.52
1992-01-09,28.6,11.67,34.34,0.0,0.52
1992-01-10,28.35,11.55,31.55,0.0,0.52
1992-01-11,28.5,11.33,28.49,0.0,0.52
1992-01-12,28.97,11.37,29.05,0.0,0.52
1992-01-13,28.48,10.86,32.52,0.0,0.52
1992-01-14,28.97,12.71,32.69,0.0,0.52
1992-01-15,29.25,11.33,32.77,0.0,0.52
1992-01-16,28.56,13.2,31.7,0.0,0.52
1992-01-17,29.52,12.35,32.18,0.0,0.52
1992-01-18,29.21,12.73,35.95,0.0,0.52
1992-01-19,30.08,12.59,32.39,0.0,0.52
1992-01-20,29.34,14.58,30.02,0.0,0.52
1992-01-21,29.21,14.55,33.28,0.12,0.52
1992-01-22,30.19,15.58,37.14,0.01,0.52
1992-01-23,28.67,14.48,36.93,0.0,0.52
1992-01-24,28.74,13.42,37.97,0.0,0.52
1992-01-25,28.7,12.98,34.65,0.0,0.52
1992-01-26,29.12,12.25,32.02,0.0,0.52
1992-01-27,30.07,12.7,28.9,0.0,0.52
1992-01-28,30.22,12.85,29.62,0.0,0.52
1992-01-29,30.62,14.32,28.97,0.0,0.52
1992-01-30,31.4,13.02,26.92,0.0,0.52
1992-01-31,31.79,13.66,25.78,0.0,0.52
1992-02-01,30.09,14.99,32.25,3.68,0.52
1992-02-02,28.99,14.38,50.03,0.14,0.52
1992-02-03,30.89,15.45,43.37,0.04,0.52
1992-02-04,29.34,16.03,44.78,0.0,0.52
1992-02-05,29.06,14.04,32.99,0.0,0.52
1992-02-06,29.42,12.96,30.31,0.0,0.52
1992-02-07,29.48,12.44,30.39,0.0,0.52
1992-02-08,32.79,14.28,31.06,0.06,0.52
1992-02-09,30.21,15.24,42.32,0.0,0.52
1992-02-10,28.39,19.29,42.3,0.01,0.52
1992-02-11,29.56,17.73,33.19,0.0,0.52
1992-02-12,28.27,13.35,27.95,0.0,0.52
1992-02-13,28.81,10.84,23.6,0.0,0.52
1992-02-14,31.43,12.05,25.14,0.0,0.52
1992-02-15,31.75,13.36,33.88,0.01,0.52
1992-02-16,31.41,15.44,44.06,0.03,0.52
1992-02-17,31.29,15.26,36.11,0.0,0.52
1992-02-18,30.77,15.54,45.56,0.17,0.52
1992-02-19,30.1,17.66,37.31,0.0,0.52
1992-02-20,30.01,13.13,22.17,0.0,0.52
1992-02-21,31.13,12.74,19.91,0.0,0.52
1992-02-22,31.77,14.25,24.19,0.01,0.52
1992-02-23,32.41,17.62,30.37,0.0,0.52
1992-02-24,28.49,19.27,47.78,0.23,0.52
1992-02-25,24.13,16.69,68.95,0.54,0.52
1992-02-26,27.4,16.19,48.66,0.0,0.52
1992-02-27,30.16,13.85,32.81,0.0,0.52
1992-02-28,30.89,13.14,26.71,0.0,0.52
1992-02-29,32.24,13.98,30.41,0.02,0.52
1992-03-01,33.47,16.61,35.28,0.0,0.52
1992-03-02,34.39,17.74,35.08,0.0,0.52
1992-03-03,34.06,17.51,32.53,0.0,0.52
1992-03-04,35.17,16.12,22.66,0.0,0.52
1992-03-05,34.82,16.78,24.8,0.0,0.52
1992-03-06,37.19,16.78,25.9,0.0,0.52
1992-03-07,37.08,18.12,29.05,0.0,0.52
1992-03-08,36.54,18.71,33.87,0.0,0.52
1992-03-09,35.07,18.79,29.59,0.0,0.52
1992-03-10,34.71,18.43,23.82,0.0,0.52
1992-03-11,35.69,17.98,25.22,0.0,0.52
1992-03-12,35.17,18.98,26.73,0.0,0.52
1992-03-13,36.14,19.36,26.13,0.0,0.52
1992-03-14,37.14,19.46,26.14,0.0,0.52
1992-03-15,38.77,20.07,25.26,0.0,0.52
1992-03-16,39.39,19.7,30.65,0.03,0.52
1992-03-17,36.89,20.34,29.43,0.0,0.52
1992-03-18,37.52,20.02,29.32,0.0,0.52
1992-03-19,37.67,20.94,32.2,0.0,0.52
1992-03-20,37.35,21.99,30.78,0.01,0.52
1992-03-21,39.67,22.7,28.02,0.0,0.52
1992-03-22,41.32,22.88,27.45,0.0,0.52
1992-03-23,41.95,23.59,29.88,0.0,0.52
1992-03-24,41.78,22.72,31.98,0.0,0.52
1992-03-25,41.69,21.98,35.72,0.01,0.52
1992-03-26,41.2,23.11,29.49,0.0,0.52
1992-03-27,41.73,22.9,20.99,0.0,0.52
1992-03-28,41.57,22.16,21.76,0.0,0.52
1992-03-29,42.67,23.23,20.69,0.0,0.52
1992-03-30,41.29,23.7,26.45,0.0,0.52
1992-03-31,39.83,26.89,28.27,1.11,0.52
1992-04-01,39.5,24.71,28.95,0.0,0.52
1992-04-02,38.75,25.43,22.09,0.0,0.52
1992-04-03,39.33,22.59,22.09,0.0,0.52
1992-04-04,40.06,23.0,21.06,0.0,0.52
1992-04-05,40.54,23.88,21.9,0.0,0.52
1992-04-06,40.38,25.29,22.53,0.0,0.52
1992-04-07,41.25,28.13,26.63,0.0,0.52
1992-04-08,40.93,25.52,33.12,0.0,0.52
1992-04-09,41.25,27.97,32.37,0.0,0.52
1992-04-10,41.64,25.42,28.93,0.0,0.52
1992-04-11,42.37,26.76,23.73,0.0,0.52
1992-04-12,43.53,26.22,24.23,0.0,0.52
1992-04-13,43.23,27.94,27.87,0.0,0.52
1992-04-14,44.27,27.19,28.54,0.0,0.52
1992-04-15,42.28,27.58,29.36,0.22,0.52
1992-04-16,38.43,28.56,45.99,10.17,0.53
1992-04-17,39.64,25.81,45.03,0.0,0.53
1992-04-18,41.09,24.33,37.26,0.0,0.53
1992-04-19,40.45,27.74,30.38,0.01,0.53
1992-04-20,41.28,25.7,29.97,0.01,0.52
1992-04-21,41.19,25.87,30.26,0.0,0.52
1992-04-22,43.49,26.79,26.03,0.0,0.52
1992-04-23,41.37,27.72,27.92,0.0,0.52
1992-04-24,38.08,29.0,30.57,0.0,0.52
1992-04-25,38.17,27.89,30.72,0.0,0.52
1992-04-26,39.7,27.76,30.81,0.0,0.52
1992-04-27,37.77,28.08,29.03,0.0,0.52
1992-04-28,35.59,28.17,36.97,0.0,0.52
1992-04-29,38.93,25.61,38.44,4.7,0.53
1992-04-30,40.71,25.67,34.25,0.0,0.53
1992-05-01,40.56,26.92,32.45,0.01,0.52
1992-05-02,39.36,29.01,33.4,0.02,0.52
1992-05-03,39.17,25.67,33.21,0.0,0.52
1992-05-04,39.7,27.36,33.57,0.01,0.52
1992-05-05,41.04,26.92,27.41,0.0,0.52
1992-05-06,40.77,29.36,31.41,0.0,0.52
1992-05-07,39.85,30.32,29.51,0.0,0.52
1992-05-08,41.45,29.12,27.24,0.0,0.52
1992-05-09,42.01,29.1,24.57,0.0,0.52
1992-05-10,42.29,28.94,22.98,0.0,0.52
1992-05-11,43.71,30.69,23.41,0.0,0.52
1992-05-12,43.57,31.13,24.11,0.01,0.52
1992-05-13,43.39,31.86,24.02,0.08,0.52
1992-05-14,43.85,32.11,25.29,0.0,0.52
1992-05-15,42.4,31.56,28.61,0.01,0.52
1992-05-16,43.62,30.97,30.75,0.01,0.52
1992-05-17,42.29,29.16,37.54,0.02,0.52
1992-05-18,34.22,27.89,49.37,1.8,0.52
1992-05-19,29.49,25.41,78.89,28.46,0.55
1992-05-20,35.83,24.65,63.4,0.0,0.57
1992-05-21,36.2,25.1,64.07,13.67,0.58
1992-05-22,32.06,24.99,69.34,0.06,0.59
1992-05-23,34.39,24.49,61.81,0.06,0.58
1992-05-24,34.09,24.68,59.99,1.44,0.57
1992-05-25,32.61,23.57,67.06,12.65,0.58
1992-05-26,32.16,24.68,64.64,0.13,0.59
1992-05-27,33.62,24.28,65.25,2.31,0.59
1992-05-28,35.76,25.29,57.74,0.05,0.58
1992-05-29,38.1,23.79,55.28,0.04,0.58
1992-05-30,38.42,25.22,56.36,0.49,0.57
1992-05-31,37.35,26.46,56.94,0.41,0.56
1992-06-01,40.62,26.77,48.7,0.32,0.56
1992-06-02,41.09,27.88,46.51,0.02,0.55
1992-06-03,40.87,28.12,45.75,0.95,0.55
1992-06-04,41.03,26.34,45.8,0.01,0.55
1992-06-05,40.57,27.84,46.02,1.15,0.54
1992-06-06,35.76,28.11,55.0,0.95,0.54
1992-06-07,37.4,26.99,55.63,1.62,0.54
1992-06-08,38.38,27.24,53.89,0.03,0.54
1992-06-09,36.08,28.06,56.87,0.17,0.54
1992-06-10,38.29,27.29,52.01,0.67,0.54
1992-06-11,35.78,27.16,55.06,0.03,0.53
1992-06-12,36.87,27.71,56.24,0.12,0.53
1992-06-13,39.0,27.3,51.02,0.44,0.53
1992-06-14,38.01,27.87,52.31,0.25,0.53
1992-06-15,36.73,27.76,55.8,0.28,0.53
1992-06-16,36.48,27.55,60.44,0.01,0.53
1992-06-17,38.57,27.07,56.37,0.18,0.53
1992-06-18,38.07,26.81,56.25,0.51,0.53
1992-06-19,38.77,27.51,55.3,0.1,0.53
1992-06-20,37.68,27.28,52.39,0.67,0.53
1992-06-21,38.2,27.11,53.77,0.13,0.53
1992-06-22,38.47,27.28,54.36,0.32,0.53
1992-06-23,36.43,27.53,57.64,1.15,0.53
1992-06-24,37.26,26.84,59.26,0.94,0.53
1992-06-25,37.13,27.22,60.37,0.83,0.53
1992-06-26,33.11,26.85,70.43,1.19,0.53
1992-06-27,39.43,25.9,53.64,1.91,0.53
1992-06-28,37.93,27.9,51.89,0.01,0.53
1992-06-29,39.76,27.43,50.49,0.05,0.53
1992-06-30,38.88,28.02,52.69,0.31,0.53
1992-07-01,37.92,28.1,56.26,0.39,0.53
1992-07-02,36.86,27.88,57.89,0.35,0.53
1992-07-03,37.65,27.14,53.19,0.4,0.53
1992-07-04,38.8,27.37,52.27,0.45,0.52
1992-07-05,38.5,26.8,55.11,0.66,0.53
1992-07-06,39.19,26.96,55.92,0.43,0.52
1992-07-07,34.68,26.76,55.14,0.67,0.52
1992-07-08,34.13,26.03,61.73,0.5,0.53
1992-07-09,36.39,26.3,62.91,0.13,0.53
1992-07-10,31.71,25.39,67.93,0.63,0.53
1992-07-11,35.37,25.51,60.18,0.67,0.53
1992-07-12,38.22,26.36,52.9,0.53,0.53
1992-07-13,38.69,27.24,48.72,0.09,0.53
1992-07-14,32.31,28.52,62.7,0.14,0.52
1992-07-15,36.77,27.76,56.03,0.31,0.52
1992-07-16,36.49,26.47,57.82,0.67,0.52
1992-07-17,35.19,25.88,57.88,0.98,0.53
1992-07-18,34.32,26.24,58.82,0.28,0.53
1992-07-19,37.57,26.07,56.97,0.93,0.53
1992-07-20,37.39,26.21,57.68,1.53,0.53
1992-07-21,38.38,26.64,55.11,0.16,0.53
1992-07-22,37.2,27.93,53.24,0.68,0.53
1992-07-23,38.9,26.34,48.74,1.23,0.53
1992-07-24,37.5,27.55,65.28,0.66,0.53
1992-07-25,37.65,26.71,62.53,0.4,0.53
1992-07-26,33.72,26.17,71.67,0.56,0.53
1992-07-27,32.94,25.71,65.65,0.19,0.53
1992-07-28,34.32,25.55,62.38,0.37,0.53
1992-07-29,39.28,25.73,53.88,1.28,0.53
1992-07-30,33.72,27.8,62.51,1.07,0.53
1992-07-31,34.82,26.62,65.5,5.13,0.53
1992-08-01,36.0,25.48,64.18,0.07,0.53
1992-08-02,37.59,25.59,57.75,0.23,0.53
1992-08-03,36.66,26.83,56.99,0.14,0.53
1992-08-04,35.16,26.36,59.46,1.6,0.53
1992-08-05,33.21,25.46,70.43,1.81,0.53
1992-08-06,32.53,24.94,72.62,5.2,0.54
1992-08-07,35.84,23.86,62.06,0.21,0.54
1992-08-08,37.07,25.46,58.34,0.02,0.53
1992-08-09,37.67,26.9,52.8,0.07,0.53
1992-08-10,37.99,27.08,55.25,3.06,0.53
1992-08-11,31.63,26.49,72.89,1.99,0.53
1992-08-12,37.29,26.29,61.48,0.0,0.53
1992-08-13,38.33,26.6,57.42,0.0,0.53
1992-08-14,39.3,26.36,56.63,0.14,0.53
1992-08-15,36.74,26.27,60.42,2.31,0.53
1992-08-16,38.21,26.55,54.99,0.01,0.53
1992-08-17,38.81,26.26,54.86,0.07,0.53
1992-08-18,39.11,26.4,54.64,0.2,0.53
1992-08-19,40.63,26.7,52.83,1.26,0.53
1992-08-20,39.14,25.83,55.09,1.98,0.53
1992-08-21,41.1,25.9,49.04,0.0,0.53
1992-08-22,39.94,25.99,47.99,0.01,0.53
1992-08-23,34.67,28.19,53.02,0.44,0.53
1992-08-24,36.04,27.72,55.88,0.2,0.53
1992-08-25,38.89,27.41,50.61,0.15,0.52
1992-08-26,37.56,27.09,54.52,0.35,0.52
1992-08-27,38.69,27.59,52.07,0.03,0.52
1992-08-28,40.12,27.42,49.09,0.0,0.52
1992-08-29,40.17,29.1,46.67,0.0,0.52
1992-08-30,38.39,29.93,47.19,0.01,0.52
1992-08-31,36.47,28.0,59.13,2.4,0.52
1992-09-01,35.56,27.8,60.66,0.04,0.53
1992-09-02,36.66,26.06,60.58,0.01,0.53
1992-09-03,40.52,25.95,49.77,0.09,0.53
1992-09-04,40.61,26.93,47.51,0.0,0.52
1992-09-05,40.46,26.94,46.57,0.04,0.52
1992-09-06,39.15,27.94,51.26,0.08,0.52
1992-09-07,36.62,27.64,56.55,0.09,0.52
1992-09-08,38.46,27.17,50.44,0.42,0.52
1992-09-09,33.78,27.32,58.9,1.28,0.52
1992-09-10,37.17,26.22,56.71,0.87,0.53
1992-09-11,37.57,25.55,53.06,1.19,0.53
1992-09-12,39.01,26.13,47.36,0.84,0.53
1992-09-13,37.36,27.03,51.63,1.77,0.53
1992-09-14,36.19,26.8,55.77,1.39,0.53
1992-09-15,35.62,27.0,57.16,0.75,0.53
1992-09-16,35.98,25.0,62.84,1.4,0.53
1992-09-17,36.76,25.74,56.17,0.12,0.53
1992-09-18,36.58,26.74,52.57,0.24,0.53
1992-09-19,37.31,26.74,51.65,0.06,0.53
1992-09-20,36.66,27.46,52.87,0.46,0.53
1992-09-21,40.44,28.05,43.41,0.07,0.53
1992-09-22,39.56,28.64,48.91,0.12,0.52
1992-09-23,37.87,26.67,56.24,0.34,0.52
1992-09-24,36.22,26.95,57.15,0.24,0.52
1992-09-25,36.55,26.61,56.45,0.45,0.52
1992-09-26,38.58,25.6,52.18,1.15,0.52
1992-09-27,39.16,27.12,46.86,0.01,0.52
1992-09-28,37.21,28.41,51.99,0.01,0.52
1992-09-29,33.04,27.12,58.28,0.01,0.52
1992-09-30,33.64,26.72,58.88,0.0,0.52
1992-10-01,36.87,26.15,53.08,0.0,0.52
1992-10-02,38.75,26.49,48.54,0.02,0.52
1992-10-03,33.08,27.09,56.2,0.63,0.52
1992-10-04,31.41,25.3,62.54,0.0,0.52
1992-10-05,30.21,24.1,70.37,0.01,0.52
1992-10-06,34.51,23.96,56.57,0.0,0.52
1992-10-07,36.82,25.56,47.84,0.0,0.52
1992-10-08,38.56,26.71,41.95,0.0,0.52
1992-10-09,39.29,27.78,40.4,0.0,0.52
1992-10-10,39.32,27.13,42.04,0.01,0.52
1992-10-11,39.09,27.45,45.6,0.0,0.52
1992-10-12,34.86,27.22,52.73,0.01,0.52
1992-10-13,38.31,27.04,48.35,0.23,0.52
1992-10-14,33.07,26.95,60.35,0.88,0.52
1992-10-15,31.92,24.98,71.5,1.04,0.52
1992-10-16,32.33,20.96,70.03,2.16,0.52
1992-10-17,27.57,21.54,69.57,1.21,0.53
1992-10-18,31.36,20.49,58.08,0.06,0.53
1992-10-19,33.67,21.37,52.71,0.03,0.53
1992-10-20,34.18,23.56,55.08,0.75,0.53
1992-10-21,28.63,23.45,75.55,2.68,0.53
1992-10-22,33.17,24.07,68.31,0.11,0.53
1992-10-23,35.27,24.63,55.3,0.04,0.53
1992-10-24,35.15,23.41,47.7,0.59,0.53
1992-10-25,34.86,20.47,46.18,1.69,0.53
1992-10-26,35.42,20.04,49.45,0.0,0.53
1992-10-27,32.42,22.57,60.18,0.0,0.53
1992-10-28,35.53,22.96,48.19,0.0,0.53
1992-10-29,37.08,22.97,43.86,0.0,0.53
1992-10-30,37.22,23.93,40.49,0.0,0.52
1992-10-31,35.65,23.79,47.41,0.0,0.52
1992-11-01,32.07,25.49,50.15,0.0,0.52
1992-11-02,31.57,24.76,52.16,0.0,0.52
1992-11-03,32.15,23.46,51.64,0.0,0.52
1992-11-04,35.42,23.4,45.31,0.0,0.52
1992-11-05,35.61,23.47,43.94,0.0,0.52
1992-11-06,34.41,24.94,46.49,0.0,0.52
1992-11-07,35.04,24.59,46.58,0.0,0.52
1992-11-08,34.96,22.78,41.66,0.0,0.52
1992-11-09,29.47,20.35,44.51,0.0,0.52
1992-11-10,27.66,18.25,43.78,0.0,0.52
1992-11-11,30.24,16.28,39.97,0.02,0.52
1992-11-12,31.98,18.51,37.45,0.0,0.52
1992-11-13,33.01,16.84,35.74,0.0,0.52
1992-11-14,32.51,16.29,35.13,0.0,0.52
1992-11-15,32.87,15.93,35.21,0.0,0.52
1992-11-16,30.96,18.49,36.07,0.0,0.52
1992-11-17,33.53,18.7,39.18,0.0,0.52
1992-11-18,32.16,20.83,49.45,0.0,0.52
1992-11-19,31.44,21.93,49.28,0.02,0.52
1992-11-20,29.41,21.96,58.05,0.02,0.52
1992-11-21,30.37,21.49,63.13,0.04,0.52
1992-11-22,32.69,20.66,55.78,0.0,0.52
1992-11-23,32.58,21.15,54.48,0.0,0.52
1992-11-24,34.36,21.94,41.23,0.0,0.52
1992-11-25,32.48,19.57,42.03,0.12,0.52
1992-11-26,30.99,20.87,50.51,0.12,0.52
1992-11-27,29.45,16.88,50.45,0.0,0.52
1992-11-28,30.38,17.02,47.98,0.0,0.52
1992-11-29,30.49,15.91,43.69,0.0,0.52
1992-11-30,30.66,16.02,39.95,0.0,0.52
1992-12-01,28.49,16.86,52.25,0.16,0.52
1992-12-02,26.11,16.48,71.53,2.39,0.52
1992-12-03,28.35,13.62,59.61,0.02,0.52
1992-12-04,28.45,15.87,54.98,0.02,0.52
1992-12-05,29.36,14.91,53.6,0.0,0.52
1992-12-06,29.35,15.08,48.2,0.0,0.52
1992-12-07,29.02,13.08,40.07,0.0,0.52
1992-12-08,28.82,12.59,35.26,0.0,0.52
1992-12-09,29.79,12.06,32.89,0.0,0.52
1992-12-10,26.8,13.55,35.09,0.0,0.52
1992-12-11,28.74,13.05,35.43,0.0,0.52
1992-12-12,29.94,12.74,33.23,0.0,0.52
1992-12-13,29.87,13.18,30.55,0.0,0.52
1992-12-14,30.05,12.5,31.85,0.0,0.52
1992-12-15,29.77,12.59,32.83,0.0,0.52
1992-12-16,30.27,13.15,30.51,0.0,0.52
1992-12-17,28.96,12.52,32.44,0.0,0.52
1992-12-18,29.22,12.39,34.2,0.0,0.52
1992-12-19,29.22,12.88,32.94,0.0,0.52
1992-12-20,28.98,11.91,31.18,0.0,0.52
1992-12-21,29.09,11.79,30.6,0.0,0.52
1992-12-22,29.83,11.71,29.1,0.0,0.52
1992-12-23,29.34,11.54,38.35,3.37,0.53
1992-12-24,28.13,12.37,40.51,0.09,0.53
1992-12-25,28.68,13.41,46.35,0.0,0.52
1992-12-26,28.56,14.54,44.81,0.0,0.52
1992-12-27,28.09,12.95,45.19,0.0,0.52
1992-12-28,28.11,12.73,40.59,0.0,0.52
1992-12-29,27.82,12.26,37.12,0.0,0.52
1992-12-30,27.81,11.13,36.1,0.0,0.52
1992-12-31,28.11,11.05,32.56,0.0,0.52
1993-01-01,28.65,11.51,31.07,0.0,0.52
1993-01-02,29.72,12.35,32.02,0.0,0.52
1993-01-03,29.88,13.55,35.31,0.0,0.52
1993-01-04,30.27,13.05,36.29,0.0,0.52
1993-01-05,30.04,13.77,36.92,0.0,0.52
1993-01-06,29.01,13.65,34.84,0.0,0.52
1993-01-07,30.21,13.05,33.71,0.0,0.52
1993-01-08,31.13,14.27,32.7,0.0,0.52
1993-01-09,32.0,14.17,30.74,0.0,0.52
1993-01-10,31.27,13.68,30.41,0.0,0.52
1993-01-11,28.98,15.69,45.01,0.0,0.52
1993-01-12,30.04,15.8,41.61,0.0,0.52
1993-01-13,30.77,15.2,42.81,0.04,0.52
1993-01-14,29.4,16.3,48.88,0.06,0.52
1993-01-15,29.24,14.29,26.5,0.0,0.52
1993-01-16,28.97,10.92,18.61,0.0,0.52
1993-01-17,29.07,10.52,18.2,0.0,0.52
1993-01-18,28.33,10.31,22.53,0.0,0.52
1993-01-19,28.23,10.96,24.49,0.0,0.52
1993-01-20,27.61,10.26,27.08,0.0,0.52
1993-01-21,27.97,10.38,25.87,0.0,0.52
1993-01-22,27.85,11.0,22.4,0.0,0.52
1993-01-23,27.64,10.21,20.29,0.0,0.52
1993-01-24,28.12,9.51,19.89,0.0,0.52
1993-01-25,28.25,9.56,19.63,0.0,0.52
1993-01-26,28.14,9.68,19.86,0.0,0.52
1993-01-27,29.3,11.3,23.53,0.0,0.52
1993-01-28,28.4,11.49,45.15,0.0,0.52
1993-01-29,28.5,12.54,47.9,0.0,0.52
1993-01-30,29.4,13.7,41.03,0.0,0.52
1993-01-31,29.97,16.43,37.33,0.0,0.52
1993-02-01,30.1,15.64,36.5,0.0,0.52
1993-02-02,30.41,17.38,36.45,0.0,0.52
1993-02-03,30.16,14.19,38.78,0.0,0.52
1993-02-04,31.17,14.09,33.81,0.0,0.52
1993-02-05,31.47,14.28,30.36,0.0,0.52
1993-02-06,32.25,14.4,27.55,0.0,0.52
1993-02-07,32.86,14.13,24.34,0.0,0.52
1993-02-08,32.76,15.27,20.6,0.0,0.52
1993-02-09,33.75,16.74,19.69,0.0,0.52
1993-02-10,33.72,16.27,22.21,0.0,0.52
1993-02-11,33.29,15.2,22.88,0.0,0.52
1993-02-12,33.86,14.4,20.32,0.0,0.52
1993-02-13,33.75,15.43,20.65,0.0,0.52
1993-02-14,34.25,16.57,33.21,0.0,0.52
1993-02-15,34.55,19.88,34.08,0.0,0.52
1993-02-16,34.81,20.63,33.76,0.0,0.52
1993-02-17,35.1,17.67,38.04,0.09,0.52
1993-02-18,35.32,17.12,45.32,0.09,0.52
1993-02-19,34.82,16.78,47.87,0.48,0.52
1993-02-20,34.81,17.35,49.56,0.66,0.52
1993-02-21,32.24,18.81,50.49,0.08,0.52
1993-02-22,30.71,18.71,51.56,0.94,0.52
1993-02-23,29.56,14.89,42.72,0.0,0.52
1993-02-24,29.75,13.55,29.48,0.0,0.52
1993-02-25,32.15,13.23,25.97,0.0,0.52
1993-02-26,33.79,13.93,23.45,0.0,0.52
1993-02-27,33.61,14.91,24.73,0.0,0.52
1993-02-28,34.63,15.5,28.37,0.0,0.52
1993-03-01,34.94,16.42,27.55,0.0,0.52
1993-03-02,35.11,16.83,27.23,0.0,0.52
1993-03-03,35.36,17.61,29.48,0.0,0.52
1993-03-04,35.46,18.55,28.38,0.0,0.52
1993-03-05,35.77,17.66,23.45,0.0,0.52
1993-03-06,35.14,17.35,20.36,0.0,0.52
1993-03-07,35.45,16.1,15.59,0.0,0.52
1993-03-08,36.09,15.91,16.73,0.0,0.52
1993-03-09,37.29,16.98,19.58,0.0,0.52
1993-03-10,37.5,18.69,19.13,0.0,0.52
1993-03-11,37.27,18.57,18.53,0.0,0.52
1993-03-12,37.15,18.52,18.03,0.0,0.52
1993-03-13,36.62,18.89,22.97,0.0,0.52
1993-03-14,38.16,21.08,27.93,0.01,0.52
1993-03-15,38.77,21.58,25.33,0.01,0.52
1993-03-16,37.92,23.38,29.6,0.0,0.52
1993-03-17,38.32,22.15,29.04,0.0,0.52
1993-03-18,37.9,20.72,25.58,0.0,0.52
1993-03-19,36.87,18.65,17.77,0.0,0.52
1993-03-20,36.36,18.19,20.68,0.0,0.52
1993-03-21,36.54,20.98,27.92,0.03,0.52
1993-03-22,37.63,21.8,30.08,0.08,0.52
1993-03-23,35.02,21.12,35.8,0.44,0.52
1993-03-24,33.74,21.59,42.18,0.4,0.52
1993-03-25,37.45,21.37,39.95,0.05,0.52
1993-03-26,37.19,22.6,36.92,0.36,0.52
1993-03-27,39.6,22.24,39.33,0.35,0.52
1993-03-28,37.19,22.05,36.44,0.0,0.52
1993-03-29,37.37,20.07,18.9,0.0,0.52
1993-03-30,37.31,18.33,16.51,0.0,0.52
1993-03-31,37.44,17.99,15.2,0.0,0.52
1993-04-01,38.07,19.05,14.37,0.0,0.52
1993-04-02,39.41,19.27,17.06,0.0,0.52
1993-04-03,39.93,20.69,20.68,0.0,0.52
1993-04-04,39.71,23.23,21.36,0.0,0.52
1993-04-05,39.92,21.19,16.87,0.0,0.52
1993-04-06,40.96,21.82,16.63,0.0,0.52
1993-04-07,41.18,23.06,18.5,0.0,0.52
1993-04-08,41.99,23.15,23.7,0.0,0.52
1993-04-09,40.88,25.06,29.64,0.0,0.52
1993-04-10,40.09,26.43,27.98,0.0,0.52
1993-04-11,39.14,25.92,26.48,0.0,0.52
1993-04-12,37.01,26.39,29.34,0.06,0.52
1993-04-13,38.5,24.92,33.13,0.0,0.52
1993-04-14,37.25,25.31,33.39,0.0,0.52
1993-04-15,38.63,26.17,27.1,0.0,0.52
1993-04-16,39.94,24.94,27.83,0.0,0.52
1993-04-17,39.37,28.29,29.58,0.0,0.52
1993-04-18,40.31,28.36,26.47,0.01,0.52
1993-04-19,39.64,27.03,24.41,0.0,0.52
1993-04-20,40.63,26.92,23.9,0.0,0.52
1993-04-21,41.42,26.07,23.1,0.0,0.52
1993-04-22,39.5,28.73,28.48,0.0,0.52
1993-04-23,40.74,29.16,26.18,0.0,0.52
1993-04-24,40.09,28.98,28.64,0.0,0.52
1993-04-25,40.02,29.27,30.14,0.0,0.52
1993-04-26,40.68,29.67,27.24,0.01,0.52
1993-04-27,41.05,29.99,28.85,0.01,0.52
1993-04-28,41.09,27.95,30.84,0.0,0.52
1993-04-29,36.73,30.63,35.39,0.0,0.52
1993-04-30,37.14,28.33,38.52,0.0,0.52
1993-05-01,33.92,27.44,45.54,0.0,0.52
1993-05-02,37.75,26.74,41.7,0.02,0.52
1993-05-03,39.51,27.15,44.39,0.01,0.52
1993-05-04,42.77,28.27,40.08,0.72,0.52
1993-05-05,41.92,28.27,40.16,5.88,0.52
1993-05-06,39.77,27.43,44.3,0.58,0.53
1993-05-07,40.95,27.97,38.42,0.01,0.53
1993-05-08,40.15,27.77,36.94,0.0,0.52
1993-05-09,39.4,30.14,39.3,0.0,0.52
1993-05-10,40.93,26.78,41.05,0.08,0.52
1993-05-11,41.6,27.64,34.68,0.01,0.52
1993-05-12,38.68,27.94,38.87,0.01,0.52
1993-05-13,40.91,28.24,34.33,0.0,0.52
1993-05-14,38.88,29.08,35.31,0.0,0.52
1993-05-15,39.12,28.68,33.6,0.0,0.52
1993-05-16,41.85,28.59,32.9,0.01,0.52
1993-05-17,40.81,28.35,33.89,0.03,0.52
1993-05-18,41.62,29.83,31.92,0.04,0.52
1993-05-19,40.33,30.07,32.47,0.0,0.52
1993-05-20,41.28,29.79,31.09,0.0,0.52
1993-05-21,41.76,29.68,32.43,0.0,0.52
1993-05-22,34.52,28.21,49.98,0.0,0.52
1993-05-23,39.79,27.27,38.97,0.0,0.52
1993-05-24,41.82,27.88,38.5,0.0,0.52
1993-05-25,41.62,29.23,34.66,0.0,0.52
1993-05-26,39.84,29.83,37.89,0.0,0.52
1993-05-27,34.75,28.38,45.57,0.0,0.52
1993-05-28,29.73,25.53,60.35,0.14,0.52
1993-05-29,35.75,23.87,59.66,1.08,0.52
1993-05-30,36.45,26.25,57.04,0.1,0.52
1993-05-31,35.68,27.51,53.65,0.13,0.52
1993-06-01,36.47,27.37,58.79,0.07,0.52
1993-06-02,39.39,26.87,47.24,0.01,0.52
1993-06-03,38.75,26.95,48.81,0.0,0.52
1993-06-04,40.7,28.09,42.7,0.0,0.52
1993-06-05,41.03,28.46,40.92,0.0,0.52
1993-06-06,42.55,29.79,37.06,0.18,0.52
1993-06-07,42.36,29.3,37.79,0.01,0.52
1993-06-08,37.8,30.38,41.62,0.0,0.52
1993-06-09,39.7,30.33,38.05,0.0,0.52
1993-06-10,38.08,29.83,44.63,0.05,0.52
1993-06-11,37.04,27.66,56.31,1.01,0.52
1993-06-12,34.48,26.23,66.53,1.33,0.52
1993-06-13,30.79,26.5,68.53,0.68,0.52
1993-06-14,33.19,25.25,65.2,0.42,0.52
1993-06-15,35.99,26.29,59.85,0.23,0.52
1993-06-16,34.93,26.63,59.26,0.08,0.52
1993-06-17,33.95,26.25,65.7,0.85,0.52
1993-06-18,34.87,26.17,66.66,1.87,0.53
1993-06-19,33.63,26.68,70.56,1.64,0.53
1993-06-20,36.95,26.89,61.01,0.28,0.53
1993-06-21,34.84,26.57,63.58,0.03,0.53
1993-06-22,38.98,26.68,53.94,0.06,0.53
1993-06-23,39.76,27.17,50.77,0.0,0.53
1993-06-24,37.9,27.69,57.58,0.0,0.52
1993-06-25,38.11,27.02,53.81,0.01,0.52
1993-06-26,39.87,26.53,47.84,0.01,0.52
1993-06-27,40.94,28.83,43.6,0.0,0.52
1993-06-28,39.64,31.03,42.44,0.0,0.52
1993-06-29,38.68,31.21,44.28,0.0,0.52
1993-06-30,35.35,28.75,55.62,0.06,0.52
1993-07-01,39.77,27.25,49.24,0.03,0.52
1993-07-02,40.32,28.84,49.3,0.0,0.52
1993-07-03,39.42,28.67,48.08,0.0,0.52
1993-07-04,40.13,29.26,44.09,0.01,0.52
1993-07-05,41.7,29.32,45.88,0.01,0.52
1993-07-06,35.46,28.28,54.99,0.01,0.52
1993-07-07,37.61,28.53,52.85,0.0,0.52
1993-07-08,34.13,27.61,56.57,0.0,0.52
1993-07-09,38.97,27.27,49.6,0.01,0.52
1993-07-10,40.18,27.47,49.49,0.0,0.52
1993-07-11,39.29,27.42,50.61,0.0,0.52
1993-07-12,40.9,27.88,48.08,0.0,0.52
1993-07-13,40.53,29.02,47.21,0.0,0.52
1993-07-14,36.97,28.13,53.13,0.0,0.52
1993-07-15,35.57,27.47,55.76,0.01,0.52
1993-07-16,41.71,27.0,42.67,0.0,0.52
1993-07-17,39.02,29.97,42.11,0.0,0.52
1993-07-18,41.76,29.96,39.55,0.0,0.52
1993-07-19,39.69,29.86,44.08,0.01,0.52
1993-07-20,41.93,28.91,41.86,0.03,0.52
1993-07-21,39.74,29.31,46.07,0.01,0.52
1993-07-22,38.35,27.89,48.2,0.04,0.52
1993-07-23,40.6,28.96,47.69,0.0,0.52
1993-07-24,37.19,28.55,48.98,0.0,0.52
1993-07-25,38.59,28.84,49.6,0.0,0.52
1993-07-26,40.53,28.39,45.63,0.0,0.52
1993-07-27,41.8,28.25,42.74,0.0,0.52
1993-07-28,40.65,29.21,41.28,0.0,0.52
1993-07-29,40.15,30.05,44.01,0.0,0.52
1993-07-30,40.89,28.48,44.3,0.0,0.52
1993-07-31,38.69,28.4,50.23,0.08,0.52
1993-08-01,39.89,27.75,51.06,0.0,0.52
1993-08-02,39.92,27.71,49.78,0.01,0.52
1993-08-03,34.6,27.89,57.69,0.01,0.52
1993-08-04,36.79,27.55,53.66,0.01,0.52
1993-08-05,38.58,26.55,48.06,0.02,0.52
1993-08-06,41.05,27.98,43.67,0.02,0.52
1993-08-07,37.96,29.35,46.59,0.05,0.52
1993-08-08,40.01,28.34,46.51,0.02,0.52
1993-08-09,40.14,27.9,53.58,0.0,0.52
1993-08-10,40.14,27.92,52.65,0.0,0.52
1993-08-11,39.92,27.54,52.48,0.0,0.52
1993-08-12,40.0,27.04,51.81,0.0,0.52
1993-08-13,38.24,27.11,52.57,0.0,0.52
1993-08-14,39.27,27.58,50.21,0.0,0.52
1993-08-15,39.64,27.47,51.54,0.0,0.52
1993-08-16,38.56,28.42,51.61,0.0,0.52
1993-08-17,38.06,27.24,52.94,0.08,0.52
1993-08-18,40.33,27.79,49.73,0.0,0.52
1993-08-19,39.26,27.66,52.13,0.06,0.52
1993-08-20,40.7,26.47,47.83,0.04,0.52
1993-08-21,39.03,27.16,52.72,0.15,0.52
1993-08-22,38.61,27.49,55.33,0.08,0.52
1993-08-23,36.77,27.01,57.17,0.08,0.52
1993-08-24,38.54,26.92,52.17,0.0,0.52
1993-08-25,38.84,26.64,51.56,0.01,0.52
1993-08-26,37.72,27.3,52.59,0.1,0.52
1993-08-27,30.73,25.85,65.87,1.97,0.52
1993-08-28,39.56,25.18,52.49,1.85,0.52
1993-08-29,36.9,27.15,54.53,0.89,0.52
1993-08-30,35.06,27.36,55.2,0.21,0.52
1993-08-31,36.3,27.47,59.39,0.65,0.52
1993-09-01,35.3,26.25,56.14,0.1,0.52
1993-09-02,33.81,26.69,54.62,0.04,0.52
1993-09-03,35.56,26.58,53.94,0.0,0.52
1993-09-04,35.82,26.79,54.85,0.0,0.52
1993-09-05,37.28,26.41,54.09,0.0,0.52
1993-09-06,37.81,25.96,52.03,0.01,0.52
1993-09-07,39.03,25.95,48.09,0.0,0.52
1993-09-08,39.92,27.17,44.74,0.06,0.52
1993-09-09,39.37,27.56,44.51,0.67,0.52
1993-09-10,39.22,28.78,44.82,0.0,0.52
1993-09-11,39.67,29.2,47.53,0.05,0.52
1993-09-12,33.23,26.94,59.07,0.06,0.52
1993-09-13,36.89,26.18,53.0,0.02,0.52
1993-09-14,37.18,26.11,52.39,0.0,0.52
1993-09-15,40.2,26.28,44.48,0.0,0.52
1993-09-16,40.0,28.17,41.6,0.0,0.52
1993-09-17,40.06,29.08,40.99,0.0,0.52
1993-09-18,40.57,29.34,38.53,0.0,0.52
1993-09-19,40.09,27.5,45.98,0.0,0.52
1993-09-20,31.46,27.93,64.02,0.13,0.52
1993-09-21,38.86,26.58,53.29,2.82,0.52
1993-09-22,36.42,27.41,53.74,0.0,0.52
1993-09-23,37.71,27.39,47.94,0.0,0.52
1993-09-24,38.14,27.09,47.87,0.0,0.52
1993-09-25,39.0,27.47,46.31,0.0,0.52
1993-09-26,38.37,27.6,47.17,0.0,0.52
1993-09-27,37.23,27.95,49.81,0.0,0.52
1993-09-28,39.55,28.38,42.31,0.0,0.52
1993-09-29,38.69,28.19,44.48,0.0,0.52
1993-09-30,39.81,28.22,41.35,0.01,0.52
1993-10-01,36.4,28.84,48.61,0.02,0.52
1993-10-02,33.92,27.82,53.96,0.0,0.52
1993-10-03,38.23,27.02,49.92,0.0,0.52
1993-10-04,34.26,28.23,54.4,0.0,0.52
1993-10-05,32.15,26.59,60.28,0.0,0.52
1993-10-06,33.01,25.28,64.59,0.01,0.52
1993-10-07,34.96,25.52,56.84,0.05,0.52
1993-10-08,38.46,25.82,45.07,0.0,0.52
1993-10-09,39.36,26.82,43.07,0.0,0.52
1993-10-10,39.76,26.76,41.05,0.0,0.52
1993-10-11,39.62,28.21,40.48,0.0,0.52
1993-10-12,37.05,28.38,46.86,0.0,0.52
1993-10-13,37.63,27.35,46.75,0.0,0.52
1993-10-14,35.54,26.87,46.89,0.02,0.52
1993-10-15,36.76,26.1,46.92,0.0,0.52
1993-10-16,39.25,25.85,40.02,0.0,0.52
1993-10-17,38.16,27.96,40.99,0.0,0.52
1993-10-18,37.25,27.59,42.25,0.0,0.52
1993-10-19,38.97,26.41,39.06,0.0,0.52
1993-10-20,32.97,27.79,52.9,0.0,0.52
1993-10-21,36.14,25.87,52.91,0.0,0.52
1993-10-22,35.77,26.24,52.54,0.0,0.52
1993-10-23,36.67,25.06,48.39,0.02,0.52
1993-10-24,36.03,25.43,48.49,0.06,0.52
1993-10-25,37.21,25.59,47.77,0.0,0.52
1993-10-26,36.6,25.39,44.19,0.0,0.52
1993-10-27,37.98,25.45,38.1,0.0,0.52
1993-10-28,38.54,26.1,36.03,0.0,0.52
1993-10-29,32.94,25.72,50.94,0.0,0.52
1993-10-30,35.41,24.31,50.38,0.0,0.52
1993-10-31,26.33,22.74,64.39,0.0,0.52
1993-11-01,33.49,21.93,50.03,0.0,0.52
1993-11-02,34.4,23.92,38.55,0.0,0.52
1993-11-03,32.47,24.05,38.65,0.0,0.52
1993-11-04,35.5,22.41,36.28,0.01,0.52
1993-11-05,35.36,21.62,34.63,0.0,0.52
1993-11-06,35.61,22.61,34.37,0.0,0.52
1993-11-07,35.21,22.62,34.27,0.0,0.52
1993-11-08,34.92,20.67,33.36,0.0,0.52
1993-11-09,35.0,19.36,31.09,0.0,0.52
1993-11-10,35.33,19.42,29.07,0.0,0.52
1993-11-11,34.85,18.69,30.05,0.0,0.52
1993-11-12,34.95,18.56,29.46,0.0,0.52
1993-11-13,34.35,19.33,29.72,0.0,0.52
1993-11-14,34.32,19.73,28.58,0.0,0.52
1993-11-15,33.82,17.69,27.3,0.0,0.52
1993-11-16,33.17,17.12,28.86,0.0,0.52
1993-11-17,33.55,17.45,30.53,0.0,0.52
1993-11-18,33.92,18.02,36.06,0.0,0.52
1993-11-19,34.26,19.31,38.16,0.0,0.52
1993-11-20,34.0,18.48,32.61,0.0,0.52
1993-11-21,33.93,17.86,31.03,0.0,0.52
1993-11-22,34.3,17.44,32.81,0.0,0.52
1993-11-23,34.03,18.69,33.16,0.0,0.52
1993-11-24,34.95,19.91,35.36,0.0,0.52
1993-11-25,34.52,19.28,33.12,0.0,0.52
1993-11-26,34.01,19.08,36.32,0.0,0.52
1993-11-27,33.73,18.47,35.8,0.0,0.52
1993-11-28,33.22,18.17,35.47,0.0,0.52
1993-11-29,33.18,18.6,36.64,0.0,0.52
1993-11-30,33.49,17.76,33.22,0.0,0.52
1993-12-01,33.61,17.25,32.84,0.0,0.52
1993-12-02,32.67,17.46,30.48,0.0,0.52
1993-12-03,32.02,17.65,30.79,0.0,0.52
1993-12-04,32.69,16.63,31.41,0.0,0.52
1993-12-05,33.56,15.81,31.12,0.0,0.52
1993-12-06,33.41,16.17,30.29,0.0,0.52
1993-12-07,33.57,16.41,28.72,0.0,0.52
1993-12-08,33.69,17.86,30.53,0.0,0.52
1993-12-09,33.16,17.87,31.36,0.0,0.52
1993-12-10,33.01,16.89,34.41,0.0,0.52
1993-12-11,33.08,17.54,37.42,0.0,0.52
1993-12-12,33.35,17.9,39.62,0.0,0.52
1993-12-13,32.76,17.63,37.83,0.0,0.52
1993-12-14,32.51,17.07,36.4,0.0,0.52
1993-12-15,32.7,16.0,26.53,0.0,0.52
1993-12-16,31.81,13.96,27.37,0.0,0.52
1993-12-17,32.32,14.53,30.83,0.0,0.52
1993-12-18,31.86,17.12,32.2,0.0,0.52
1993-12-19,31.74,17.28,34.13,0.0,0.52
1993-12-20,29.92,14.06,26.33,0.0,0.52
1993-12-21,30.45,15.84,28.55,0.0,0.52
1993-12-22,30.83,15.24,31.48,0.0,0.52
1993-12-23,30.77,14.83,32.93,0.0,0.52
1993-12-24,30.91,14.69,35.6,0.0,0.52
1993-12-25,29.64,14.75,36.56,0.0,0.52
1993-12-26,29.9,13.59,34.97,0.0,0.52
1993-12-27,29.72,12.95,29.66,0.0,0.52
1993-12-28,29.73,12.5,25.57,0.0,0.52
1993-12-29,29.67,13.44,23.34,0.0,0.52
1993-12-30,30.77,14.6,22.89,0.0,0.52
1993-12-31,30.36,14.97,25.47,0.0,0.52
1994-01-01,31.33,14.78,24.16,0.0,0.52
1994-01-02,31.42,15.9,23.44,0.0,0.52
1994-01-03,31.75,14.74,22.81,0.0,0.52
1994-01-04,31.45,15.38,23.03,0.0,0.52
1994-01-05,31.51,14.21,28.16,0.0,0.52
1994-01-06,31.27,14.5,26.4,0.0,0.52
1994-01-07,30.46,13.5,25.0,0.0,0.52
1994-01-08,30.28,13.04,23.94,0.0,0.52
1994-01-09,30.19,12.56,24.32,0.0,0.52
1994-01-10,29.71,12.22,23.65,0.0,0.52
1994-01-11,31.36,12.39,21.78,0.0,0.52
1994-01-12,31.29,12.74,18.07,0.0,0.52
1994-01-13,31.17,12.88,15.83,0.0,0.52
1994-01-14,31.7,13.18,15.9,0.0,0.52
1994-01-15,31.06,13.74,18.44,0.0,0.52
1994-01-16,33.32,12.72,34.53,0.0,0.52
1994-01-17,32.12,14.42,50.36,0.07,0.52
1994-01-18,30.76,15.92,33.43,0.0,0.52
1994-01-19,32.05,14.37,30.98,0.0,0.52
1994-01-20,31.29,13.57,24.38,0.0,0.52
1994-01-21,31.74,13.28,25.59,0.25,0.52
1994-01-22,31.92,13.66,24.71,0.0,0.52
1994-01-23,33.44,13.61,23.45,0.0,0.52
1994-01-24,31.58,13.92,19.35,0.0,0.52
1994-01-25,31.4,13.04,18.77,0.0,0.52
1994-01-26,31.98,13.08,22.87,0.0,0.52
1994-01-27,32.15,15.37,30.31,0.0,0.52
1994-01-28,32.47,15.03,28.32,0.0,0.52
1994-01-29,32.35,15.83,27.77,0.0,0.52
1994-01-30,31.99,13.81,29.72,0.0,0.52
1994-01-31,31.42,13.1,36.76,0.0,0.52
1994-02-01,32.17,15.77,26.77,0.0,0.52
1994-02-02,33.69,14.27,31.01,0.02,0.52
1994-02-03,33.26,16.99,28.73,0.0,0.52
1994-02-04,31.02,14.61,33.0,0.0,0.52
1994-02-05,31.28,13.83,27.92,0.0,0.52
1994-02-06,32.67,14.14,22.8,0.0,0.52
1994-02-07,32.03,14.07,21.4,0.0,0.52
1994-02-08,33.49,14.45,18.98,0.0,0.52
1994-02-09,30.6,15.66,28.82,0.04,0.52
1994-02-10,31.36,14.79,37.19,0.01,0.52
1994-02-11,30.82,13.66,31.7,0.08,0.52
1994-02-12,30.75,13.26,24.75,0.0,0.52
1994-02-13,31.98,14.22,21.38,0.0,0.52
1994-02-14,31.62,14.92,19.03,0.0,0.52
1994-02-15,32.32,13.21,18.56,0.0,0.52
1994-02-16,32.64,14.01,18.2,0.0,0.52
1994-02-17,33.67,13.75,18.18,0.0,0.52
1994-02-18,32.95,14.61,18.03,0.0,0.52
1994-02-19,33.14,14.74,23.77,0.0,0.52
1994-02-20,32.62,15.0,21.19,0.0,0.52
1994-02-21,33.94,14.3,14.32,0.0,0.52
1994-02-22,34.47,15.1,21.34,0.01,0.52
1994-02-23,32.93,16.99,44.2,0.06,0.52
1994-02-24,32.62,17.36,29.7,0.0,0.52
1994-02-25,33.29,15.32,17.18,0.0,0.52
1994-02-26,33.16,15.21,14.94,0.0,0.52
1994-02-27,33.4,13.81,16.07,0.0,0.52
1994-02-28,33.81,14.59,16.57,0.0,0.52
1994-03-01,34.49,14.7,19.21,0.0,0.52
1994-03-02,34.85,16.1,20.85,0.0,0.52
1994-03-03,35.76,16.37,20.43,0.0,0.52
1994-03-04,34.77,15.84,15.61,0.0,0.52
1994-03-05,35.17,15.21,15.48,0.0,0.52
1994-03-06,36.61,17.57,25.07,0.0,0.52
1994-03-07,36.61,19.06,28.89,0.0,0.52
1994-03-08,37.71,19.14,23.85,0.0,0.52
1994-03-09,37.28,18.84,15.75,0.0,0.52
1994-03-10,36.86,17.03,10.89,0.0,0.52
1994-03-11,36.79,17.13,10.9,0.0,0.52
1994-03-12,37.24,15.9,11.66,0.0,0.52
1994-03-13,36.88,17.21,16.15,0.0,0.52
1994-03-14,38.29,19.5,22.15,0.0,0.52
1994-03-15,39.66,21.37,25.03,0.0,0.52
1994-03-16,39.7,22.23,25.51,0.0,0.52
1994-03-17,41.26,22.09,23.24,0.0,0.52
1994-03-18,40.42,22.95,24.59,0.0,0.51
1994-03-19,40.2,22.77,27.21,0.0,0.51
1994-03-20,40.99,22.95,28.89,0.0,0.51
1994-03-21,40.9,21.97,30.81,0.0,0.51
1994-03-22,40.45,21.37,34.15,0.0,0.51
1994-03-23,41.08,22.73,32.68,0.01,0.51
1994-03-24,40.04,24.28,32.32,0.0,0.51
1994-03-25,39.11,25.6,32.31,0.01,0.51
1994-03-26,38.98,23.71,36.17,0.27,0.52
1994-03-27,36.9,23.07,41.18,0.46,0.52
1994-03-28,37.15,23.41,46.33,0.15,0.52
1994-03-29,35.94,23.16,39.95,0.01,0.52
1994-03-30,38.31,24.86,32.01,0.05,0.52
1994-03-31,38.3,24.34,35.52,0.07,0.52
1994-04-01,38.84,25.9,36.21,0.07,0.52
1994-04-02,34.24,25.8,44.41,0.3,0.52
1994-04-03,35.07,23.76,37.24,0.06,0.52
1994-04-04,37.55,22.76,33.62,0.0,0.52
1994-04-05,38.48,23.0,31.29,0.0,0.52
1994-04-06,39.99,24.23,27.13,0.0,0.52
1994-04-07,40.26,25.05,31.37,0.0,0.52
1994-04-08,41.2,26.47,29.74,0.0,0.52
1994-04-09,41.44,27.93,27.35,0.0,0.52
1994-04-10,41.48,27.68,24.32,0.0,0.52
1994-04-11,41.37,26.57,22.65,0.0,0.52
1994-04-12,41.5,25.95,21.83,0.0,0.52
1994-04-13,42.05,25.23,18.8,0.0,0.52
1994-04-14,41.94,27.01,23.07,0.0,0.52
1994-04-15,42.94,27.03,25.36,0.0,0.52
1994-04-16,41.39,26.83,22.7,0.0,0.52
1994-04-17,39.44,29.3,29.17,0.0,0.52
1994-04-18,40.15,27.84,30.62,0.05,0.52
1994-04-19,40.2,27.71,30.19,0.0,0.52
1994-04-20,38.22,26.6,32.03,0.18,0.52
1994-04-21,40.22,26.5,28.14,0.01,0.52
1994-04-22,39.99,27.11,29.78,0.0,0.52
1994-04-23,41.47,26.95,32.12,0.0,0.52
1994-04-24,38.07,28.58,36.81,0.0,0.52
1994-04-25,41.62,28.75,25.16,0.0,0.52
1994-04-26,39.07,27.64,27.56,0.0,0.52
1994-04-27,42.15,27.67,25.83,0.0,0.52
1994-04-28,41.33,28.79,25.87,0.0,0.52
1994-04-29,41.77,29.3,28.27,0.0,0.52
1994-04-30,38.9,30.76,36.32,0.0,0.52
1994-05-01,39.16,27.5,42.24,0.0,0.52
1994-05-02,35.75,27.74,47.45,0.01,0.52
1994-05-03,34.16,27.55,56.46,0.04,0.52
1994-05-04,42.38,27.7,36.84,0.0,0.52
1994-05-05,42.78,30.57,34.06,0.0,0.52
1994-05-06,43.79,30.72,37.25,0.0,0.52
1994-05-07,42.93,30.24,33.58,0.0,0.52
1994-05-08,39.96,31.65,32.0,0.0,0.52
1994-05-09,39.78,29.6,37.15,0.01,0.52
1994-05-10,40.89,30.52,32.89,0.0,0.52
1994-05-11,42.24,30.63,28.63,0.0,0.52
1994-05-12,42.66,31.96,31.62,0.0,0.52
1994-05-13,42.8,30.41,30.51,0.0,0.52
1994-05-14,42.06,32.29,31.26,0.0,0.52
1994-05-15,41.85,31.18,34.26,0.0,0.52
1994-05-16,42.38,32.7,30.52,0.02,0.52
1994-05-17,41.81,28.99,35.74,0.69,0.52
1994-05-18,42.4,30.0,27.65,0.05,0.52
1994-05-19,41.79,30.15,27.61,0.31,0.52
1994-05-20,42.74,29.43,28.72,0.0,0.52
1994-05-21,42.78,29.71,31.68,0.01,0.52
1994-05-22,42.71,30.66,35.18,0.0,0.52
1994-05-23,41.74,29.93,37.82,0.0,0.52
1994-05-24,41.68,30.4,37.56,0.01,0.52
1994-05-25,41.33,30.42,39.19,0.0,0.52
1994-05-26,40.68,30.11,40.99,0.0,0.52
1994-05-27,40.29,32.28,38.91,0.0,0.52
1994-05-28,40.43,31.75,41.05,0.0,0.52
1994-05-29,40.74,31.64,39.4,0.01,0.52
1994-05-30,39.36,30.74,41.01,0.0,0.52
1994-05-31,40.19,30.92,42.57,0.0,0.52
1994-06-01,40.85,29.94,42.83,0.0,0.52
1994-06-02,42.02,31.54,38.13,0.0,0.52
1994-06-03,42.74,31.94,38.11,0.0,0.52
1994-06-04,39.26,31.92,41.25,0.0,0.52
1994-06-05,39.19,30.93,43.63,0.09,0.52
1994-06-06,39.75,29.53,49.76,0.0,0.52
1994-06-07,39.1,30.06,49.59,0.0,0.52
1994-06-08,39.67,30.17,45.64,0.01,0.52
1994-06-09,38.93,29.75,47.66,0.0,0.52
1994-06-10,38.58,29.31,51.42,0.01,0.52
1994-06-11,37.85,28.44,51.09,0.02,0.52
1994-06-12,38.74,28.58,49.3,0.12,0.52
1994-06-13,39.25,27.93,50.95,0.01,0.52
1994-06-14,38.4,28.77,53.69,0.13,0.52
1994-06-15,39.13,27.85,53.45,0.02,0.52
1994-06-16,38.29,28.31,54.24,0.02,0.52
1994-06-17,39.91,28.02,51.16,1.43,0.52
1994-06-18,40.09,27.4,49.73,0.25,0.52
1994-06-19,40.38,27.48,50.23,0.05,0.52
1994-06-20,40.1,27.98,51.7,0.01,0.52
1994-06-21,38.92,28.08,50.23,0.02,0.52
1994-06-22,38.84,28.51,49.58,0.09,0.52
1994-06-23,38.01,28.47,52.87,0.0,0.52
1994-06-24,35.76,28.21,56.36,0.0,0.52
1994-06-25,37.97,28.04,56.4,0.01,0.52
1994-06-26,35.54,27.55,62.49,0.13,0.52
1994-06-27,32.95,25.96,68.58,0.63,0.52
1994-06-28,36.1,26.28,62.98,0.01,0.52
1994-06-29,37.99,26.11,53.15,0.01,0.52
1994-06-30,34.27,28.13,52.37,0.0,0.52
1994-07-01,40.49,27.6,47.74,0.15,0.52
1994-07-02,35.8,27.04,57.2,0.67,0.52
1994-07-03,37.66,27.09,50.97,0.0,0.52
1994-07-04,37.16,28.43,48.42,0.01,0.52
1994-07-05,41.29,28.46,42.66,0.03,0.52
1994-07-06,41.53,29.51,41.1,0.0,0.52
1994-07-07,40.49,30.27,45.33,0.05,0.52
1994-07-08,39.78,28.33,49.39,0.0,0.52
1994-07-09,39.3,27.54,51.17,0.0,0.52
1994-07-10,38.33,28.42,51.69,0.01,0.52
1994-07-11,33.4,27.67,62.77,0.0,0.52
1994-07-12,34.65,27.49,61.29,0.0,0.52
1994-07-13,36.07,27.35,59.08,0.0,0.52
1994-07-14,35.69,27.58,60.27,0.0,0.52
1994-07-15,36.64,27.27,57.31,0.0,0.52
1994-07-16,39.02,28.16,55.19,0.0,0.52
1994-07-17,38.67,27.94,55.86,0.0,0.52
1994-07-18,38.03,26.99,52.99,0.0,0.52
1994-07-19,36.96,26.65,54.46,0.02,0.52
1994-07-20,38.43,26.3,51.21,0.02,0.52
1994-07-21,39.75,27.0,51.03,0.0,0.52
1994-07-22,39.76,27.35,47.32,0.01,0.52
1994-07-23,40.9,28.06,44.02,0.0,0.52
1994-07-24,39.05,27.82,48.68,0.0,0.52
1994-07-25,38.3,27.61,51.82,0.0,0.52
1994-07-26,39.38,27.65,49.24,0.0,0.52
1994-07-27,38.95,27.6,52.02,0.0,0.52
1994-07-28,39.72,27.93,52.53,0.01,0.52
1994-07-29,39.33,28.0,49.85,0.01,0.52
1994-07-30,39.67,27.44,48.55,0.0,0.52
1994-07-31,40.81,27.0,46.99,0.01,0.52
1994-08-01,40.24,28.56,54.53,0.01,0.52
1994-08-02,40.05,27.58,49.26,0.04,0.52
1994-08-03,39.48,27.95,48.57,0.01,0.52
1994-08-04,39.17,27.93,48.75,0.02,0.52
1994-08-05,37.73,28.22,51.9,0.05,0.52
1994-08-06,36.79,28.65,51.71,0.05,0.52
1994-08-07,40.0,28.61,47.46,0.0,0.52
1994-08-08,38.96,28.51,48.63,0.01,0.52
1994-08-09,35.41,27.52,55.99,0.02,0.52
1994-08-10,36.17,26.08,58.38,0.01,0.52
1994-08-11,38.54,26.51,52.26,0.0,0.52
1994-08-12,40.54,26.21,46.33,0.01,0.52
1994-08-13,40.42,29.03,42.73,0.0,0.52
1994-08-14,37.64,29.77,47.33,0.01,0.52
1994-08-15,38.84,28.25,49.38,0.01,0.52
1994-08-16,40.41,28.7,47.74,0.0,0.52
1994-08-17,37.92,27.71,51.83,0.0,0.52
1994-08-18,37.36,27.23,52.42,0.0,0.52
1994-08-19,41.13,26.64,45.35,0.0,0.52
1994-08-20,37.16,27.3,51.2,0.0,0.52
1994-08-21,33.06,26.27,62.68,0.0,0.52
1994-08-22,38.88,26.19,51.03,0.01,0.52
1994-08-23,35.12,27.9,52.13,0.01,0.52
1994-08-24,33.34,27.15,56.66,0.01,0.52
1994-08-25,39.87,27.05,47.09,0.01,0.52
1994-08-26,36.72,27.71,50.46,1.19,0.52
1994-08-27,36.39,25.26,61.25,8.57,0.53
1994-08-28,37.3,26.08,55.84,0.0,0.53
1994-08-29,36.94,26.41,54.39,0.0,0.53
1994-08-30,37.77,27.47,52.09,0.0,0.53
1994-08-31,31.97,27.75,62.32,0.03,0.53
1994-09-01,37.66,26.75,58.51,0.01,0.53
1994-09-02,39.39,25.94,47.97,0.0,0.53
1994-09-03,38.81,27.27,51.2,0.0,0.52
1994-09-04,40.44,26.8,46.82,0.0,0.52
1994-09-05,41.32,27.46,44.32,0.0,0.52
1994-09-06,40.04,29.49,45.27,0.0,0.52
1994-09-07,39.36,29.83,45.18,0.0,0.52
1994-09-08,36.38,27.8,57.43,0.05,0.52
1994-09-09,37.08,26.99,52.73,0.2,0.52
1994-09-10,38.15,27.17,51.14,0.04,0.52
1994-09-11,38.22,27.19,51.53,0.03,0.52
1994-09-12,38.39,27.51,50.01,0.0,0.52
1994-09-13,38.06,28.37,48.95,0.0,0.52
1994-09-14,40.45,27.35,44.19,0.0,0.52
1994-09-15,38.73,28.78,45.56,0.01,0.52
1994-09-16,34.8,27.12,58.44,0.02,0.52
1994-09-17,37.97,27.25,48.31,0.0,0.52
1994-09-18,38.53,27.13,42.66,0.0,0.52
1994-09-19,40.31,27.15,45.53,0.0,0.52
1994-09-20,38.41,27.9,50.13,0.01,0.52
1994-09-21,39.66,26.58,48.81,0.04,0.52
1994-09-22,39.26,27.59,46.4,0.0,0.52
1994-09-23,37.85,27.74,48.89,0.0,0.52
1994-09-24,37.68,28.39,47.82,0.0,0.52
1994-09-25,33.82,28.86,54.94,0.0,0.52
1994-09-26,34.89,27.81,51.97,0.0,0.52
1994-09-27,36.8,27.04,47.26,0.0,0.52
1994-09-28,38.52,27.06,44.17,0.0,0.52
1994-09-29,35.72,28.07,52.36,0.0,0.52
1994-09-30,36.15,26.8,53.46,0.0,0.52
1994-10-01,37.18,26.4,48.88,0.0,0.52
1994-10-02,33.91,27.46,53.07,0.0,0.52
1994-10-03,35.14,26.71,49.19,0.0,0.52
1994-10-04,32.15,27.16,54.94,0.0,0.52
1994-10-05,37.17,25.18,49.41,0.0,0.52
1994-10-06,34.75,25.89,51.43,0.01,0.52
1994-10-07,33.67,26.66,52.48,0.05,0.52
1994-10-08,34.36,25.89,54.4,0.01,0.52
1994-10-09,35.59,25.79,51.63,0.03,0.52
1994-10-10,38.76,26.85,45.42,0.02,0.52
1994-10-11,38.76,27.4,43.04,0.04,0.52
1994-10-12,37.81,27.87,43.0,0.0,0.52
1994-10-13,38.27,25.19,33.24,0.0,0.52
1994-10-14,38.16,23.52,31.3,0.0,0.52
1994-10-15,37.8,22.95,31.53,0.0,0.52
1994-10-16,38.66,23.03,32.88,0.0,0.52
1994-10-17,38.6,25.63,39.53,0.0,0.52
1994-10-18,39.15,25.55,32.26,0.0,0.52
1994-10-19,39.59,24.52,31.31,0.0,0.52
1994-10-20,39.44,24.79,32.21,0.0,0.52
1994-10-21,34.0,26.02,38.61,0.0,0.52
1994-10-22,33.61,24.45,44.39,0.0,0.52
1994-10-23,32.51,24.43,46.19,0.0,0.52
1994-10-24,36.3,23.05,35.32,0.0,0.52
1994-10-25,37.23,22.97,32.43,0.0,0.52
1994-10-26,37.3,23.47,31.29,0.0,0.52
1994-10-27,36.33,25.02,34.33,0.0,0.52
1994-10-28,34.19,25.11,39.29,0.0,0.52
1994-10-29,35.42,24.1,40.45,0.0,0.52
1994-10-30,36.54,23.5,36.75,0.0,0.52
1994-10-31,36.62,23.89,31.68,0.0,0.52
1994-11-01,35.95,24.13,40.31,0.0,0.52
1994-11-02,35.34,23.92,48.17,0.0,0.52
1994-11-03,33.6,25.19,50.24,0.0,0.52
1994-11-04,35.86,22.95,47.27,0.0,0.52
1994-11-05,36.45,24.27,38.67,0.0,0.52
1994-11-06,36.44,24.55,38.58,0.0,0.52
1994-11-07,33.26,23.99,40.45,0.0,0.52
1994-11-08,33.55,23.02,40.21,0.0,0.52
1994-11-09,34.89,20.98,33.51,0.0,0.52
1994-11-10,32.11,22.96,32.72,1.03,0.52
1994-11-11,34.79,21.03,36.79,0.0,0.52
1994-11-12,34.12,21.43,41.39,0.16,0.52
1994-11-13,31.45,22.69,48.51,0.0,0.52
1994-11-14,33.18,21.5,42.53,0.0,0.52
1994-11-15,34.33,21.14,36.81,0.0,0.52
1994-11-16,34.3,20.71,32.19,0.0,0.52
1994-11-17,33.93,19.28,38.24,0.0,0.52
1994-11-18,31.6,22.21,41.76,0.0,0.52
1994-11-19,32.3,21.15,47.38,0.0,0.52
1994-11-20,33.7,19.29,43.75,0.0,0.52
1994-11-21,33.53,19.04,32.65,0.0,0.52
1994-11-22,34.75,18.61,32.12,0.0,0.52
1994-11-23,33.64,19.81,33.59,0.0,0.52
1994-11-24,28.66,21.21,45.48,0.17,0.52
1994-11-25,24.3,19.41,76.96,5.89,0.53
1994-11-26,28.61,19.08,78.95,2.61,0.53
1994-11-27,30.06,19.63,69.99,1.35,0.53
1994-11-28,31.09,17.33,58.68,0.01,0.53
1994-11-29,32.0,19.29,49.48,0.03,0.53
1994-11-30,31.04,15.92,51.52,0.31,0.53
1994-12-01,31.44,15.89,46.8,0.32,0.53
1994-12-02,31.3,15.84,43.1,0.0,0.53
1994-12-03,30.05,13.66,36.34,0.02,0.53
1994-12-04,31.39,13.78,32.29,0.0,0.53
1994-12-05,32.18,14.51,32.26,0.0,0.52
1994-12-06,31.41,15.03,33.01,0.0,0.52
1994-12-07,30.43,13.62,34.02,0.0,0.52
1994-12-08,31.11,14.62,30.29,0.0,0.52
1994-12-09,30.74,13.31,30.31,0.0,0.52
1994-12-10,30.14,12.74,30.6,0.0,0.52
1994-12-11,30.54,12.67,28.59,0.0,0.52
1994-12-12,29.75,13.15,32.98,0.0,0.52
1994-12-13,29.91,12.5,33.28,0.0,0.52
1994-12-14,30.2,12.12,28.79,0.0,0.52
1994-12-15,31.22,11.99,29.58,0.0,0.52
1994-12-16,29.53,12.69,26.83,0.0,0.52
1994-12-17,30.64,11.55,26.48,0.0,0.52
1994-12-18,31.02,13.26,26.9,0.0,0.52
1994-12-19,30.81,12.88,28.77,0.0,0.52
1994-12-20,31.31,15.57,33.87,0.0,0.52
1994-12-21,31.71,18.93,42.04,0.0,0.52
1994-12-22,31.21,17.24,40.91,0.0,0.52
1994-12-23,29.6,18.38,44.24,0.0,0.52
1994-12-24,30.29,14.91,41.27,0.0,0.52
1994-12-25,30.13,14.34,36.13,0.0,0.52
1994-12-26,29.35,13.69,32.64,0.0,0.52
1994-12-27,29.92,13.11,30.15,0.0,0.52
1994-12-28,30.92,13.97,28.09,0.0,0.52
1994-12-29,30.91,14.2,29.78,0.0,0.52
1994-12-30,29.13,13.95,28.61,0.0,0.52
1994-12-31,29.7,12.47,31.58,0.0,0.52
1995-01-01,29.03,15.01,29.76,0.01,0.52
1995-01-02,28.16,12.38,35.81,4.03,0.53
1995-01-03,27.33,10.88,34.62,0.0,0.53
1995-01-04,28.04,10.11,27.5,0.0,0.53
1995-01-05,29.28,9.96,25.11,0.0,0.53
1995-01-06,29.13,10.41,23.67,0.0,0.52
1995-01-07,29.49,11.76,24.86,0.0,0.52
1995-01-08,29.94,12.13,24.4,0.0,0.52
1995-01-09,29.03,16.3,25.83,0.0,0.52
1995-01-10,29.88,13.82,27.95,0.01,0.52
1995-01-11,30.52,13.69,33.45,0.0,0.52
1995-01-12,31.09,14.52,36.88,0.0,0.52
1995-01-13,30.39,16.08,39.45,0.0,0.52
1995-01-14,30.02,16.2,46.03,0.0,0.52
1995-01-15,30.59,15.0,41.95,0.0,0.52
1995-01-16,32.12,14.34,37.83,0.0,0.52
1995-01-17,32.99,16.1,34.34,0.0,0.52
1995-01-18,32.4,16.54,32.26,0.0,0.52
1995-01-19,31.25,18.1,32.74,0.0,0.52
1995-01-20,30.55,15.09,30.47,0.0,0.52
1995-01-21,30.23,13.18,24.57,0.0,0.52
1995-01-22,28.1,12.25,23.2,0.0,0.52
1995-01-23,27.83,10.65,22.62,0.0,0.52
1995-01-24,28.06,9.67,18.08,0.0,0.52
1995-01-25,27.94,9.33,16.61,0.0,0.52
1995-01-26,28.21,9.28,16.14,0.0,0.52
1995-01-27,28.34,9.56,16.17,0.0,0.52
1995-01-28,29.51,9.73,15.72,0.0,0.52
1995-01-29,31.36,10.64,18.63,0.0,0.52
1995-01-30,30.39,12.21,18.6,0.0,0.52
1995-01-31,30.55,11.75,18.54,0.0,0.52
1995-02-01,31.54,12.3,16.44,0.0,0.52
1995-02-02,30.62,12.29,17.3,0.0,0.52
1995-02-03,30.01,11.8,17.53,0.0,0.52
1995-02-04,30.35,12.88,20.14,0.0,0.52
1995-02-05,32.37,13.59,24.68,0.0,0.52
1995-02-06,31.04,14.87,23.29,0.01,0.52
1995-02-07,30.69,14.08,26.95,0.0,0.52
1995-02-08,30.27,12.13,19.39,0.0,0.52
1995-02-09,30.5,12.77,18.37,0.0,0.52
1995-02-10,30.41,12.0,20.34,0.0,0.52
1995-02-11,31.99,13.79,23.14,0.0,0.52
1995-02-12,33.13,15.33,32.39,0.0,0.52
1995-02-13,33.58,17.52,36.32,0.0,0.52
1995-02-14,34.67,18.71,31.21,0.0,0.52
1995-02-15,35.14,17.57,29.91,0.0,0.52
1995-02-16,33.95,16.89,32.53,0.0,0.52
1995-02-17,30.58,17.34,34.12,0.0,0.52
1995-02-18,31.42,14.45,22.02,0.0,0.52
1995-02-19,32.77,14.32,21.7,0.0,0.52
1995-02-20,31.58,16.04,30.32,0.02,0.52
1995-02-21,32.95,16.73,29.41,0.0,0.52
1995-02-22,33.31,15.62,22.59,0.0,0.52
1995-02-23,33.8,16.07,25.25,0.0,0.52
1995-02-24,36.81,16.78,28.57,0.01,0.52
1995-02-25,33.5,19.34,38.59,0.01,0.52
1995-02-26,32.76,17.23,20.67,0.0,0.52
1995-02-27,34.74,14.95,16.54,0.0,0.52
1995-02-28,33.78,15.66,21.04,0.0,0.52
1995-03-01,34.82,16.78,27.22,0.0,0.52
1995-03-02,33.96,17.59,26.47,0.0,0.52
1995-03-03,35.97,16.42,20.39,0.0,0.52
1995-03-04,35.33,16.25,18.03,0.0,0.52
1995-03-05,35.75,16.61,19.32,0.0,0.52
1995-03-06,36.68,17.46,19.38,0.0,0.52
1995-03-07,36.69,18.64,19.31,0.0,0.52
1995-03-08,37.12,19.25,21.75,0.0,0.52
1995-03-09,37.62,19.7,24.45,0.0,0.52
1995-03-10,37.08,19.48,22.56,0.0,0.52
1995-03-11,37.04,19.84,24.95,0.0,0.52
1995-03-12,36.52,19.47,26.07,0.0,0.52
1995-03-13,36.09,19.48,25.35,0.0,0.52
1995-03-14,36.57,19.02,15.74,0.0,0.52
1995-03-15,36.6,18.06,12.39,0.0,0.52
1995-03-16,37.55,17.89,14.28,0.0,0.52
1995-03-17,38.13,18.17,13.98,0.0,0.52
1995-03-18,37.91,19.68,20.5,0.0,0.52
1995-03-19,38.83,20.91,20.42,0.0,0.52
1995-03-20,37.63,20.61,19.68,0.0,0.52
1995-03-21,38.5,20.26,16.79,0.0,0.52
1995-03-22,38.58,21.32,16.68,0.0,0.52
1995-03-23,39.86,21.11,16.74,0.0,0.52
1995-03-24,40.29,23.29,18.05,0.0,0.52
1995-03-25,39.3,23.83,23.19,0.0,0.52
1995-03-26,40.81,23.29,24.27,0.0,0.52
1995-03-27,40.33,24.18,26.46,0.0,0.52
1995-03-28,39.43,23.74,25.03,0.01,0.52
1995-03-29,37.87,22.11,30.86,0.0,0.52
1995-03-30,38.09,26.2,32.21,0.08,0.52
1995-03-31,41.04,24.07,29.67,0.03,0.52
1995-04-01,39.49,25.69,31.52,0.02,0.52
1995-04-02,39.79,28.21,28.3,0.0,0.52
1995-04-03,40.4,25.24,26.9,0.0,0.52
1995-04-04,40.23,24.84,17.07,0.0,0.52
1995-04-05,38.07,23.73,17.77,0.0,0.52
1995-04-06,39.54,24.36,19.6,0.0,0.52
1995-04-07,39.42,24.22,23.85,0.0,0.52
1995-04-08,38.27,23.0,30.51,0.12,0.52
1995-04-09,41.43,23.09,32.07,0.0,0.52
1995-04-10,41.06,27.45,28.01,0.0,0.52
1995-04-11,42.1,27.2,24.67,0.0,0.52
1995-04-12,40.76,29.52,27.72,0.29,0.52
1995-04-13,41.2,27.64,29.93,0.41,0.52
1995-04-14,39.52,25.82,33.02,0.0,0.52
1995-04-15,37.41,29.57,29.95,0.0,0.52
1995-04-16,39.3,24.82,24.49,0.0,0.52
1995-04-17,40.53,25.6,24.24,0.0,0.52
1995-04-18,42.31,26.69,22.91,0.0,0.52
1995-04-19,42.55,27.82,23.72,0.0,0.52
1995-04-20,41.18,28.69,23.79,0.0,0.52
1995-04-21,40.47,26.6,26.91,0.0,0.52
1995-04-22,38.15,27.41,30.87,0.0,0.52
1995-04-23,40.05,26.55,25.11,0.0,0.52
1995-04-24,38.7,27.77,25.33,0.0,0.52
1995-04-25,41.75,26.21,24.42,0.0,0.52
1995-04-26,42.86,26.98,26.7,0.0,0.52
1995-04-27,42.97,26.98,25.49,0.0,0.52
1995-04-28,42.97,28.63,24.32,0.0,0.52
1995-04-29,43.47,28.75,27.48,0.0,0.52
1995-04-30,43.77,31.65,24.57,0.0,0.52
1995-05-01,43.23,29.67,25.75,0.0,0.52
1995-05-02,43.16,28.64,27.06,0.0,0.52
1995-05-03,39.6,31.3,35.42,0.0,0.52
1995-05-04,42.64,29.85,30.03,0.0,0.52
1995-05-05,42.76,30.02,28.13,0.0,0.52
1995-05-06,40.66,30.95,32.04,0.0,0.52
1995-05-07,40.36,30.59,34.27,0.0,0.52
1995-05-08,41.15,29.16,38.18,0.0,0.52
1995-05-09,37.13,29.97,41.23,0.0,0.52
1995-05-10,35.38,29.76,44.44,0.0,0.52
1995-05-11,33.5,26.87,60.96,0.0,0.52
1995-05-12,35.36,26.24,57.39,0.02,0.52
1995-05-13,35.97,28.08,53.2,0.0,0.52
1995-05-14,33.93,27.0,58.13,0.0,0.52
1995-05-15,34.09,25.96,58.21,0.01,0.52
1995-05-16,36.34,27.36,52.35,0.08,0.52
1995-05-17,38.44,27.07,53.94,0.41,0.52
1995-05-18,41.73,27.59,47.87,0.14,0.52
1995-05-19,42.47,27.02,43.18,0.0,0.52
1995-05-20,42.09,26.5,37.26,0.0,0.52
1995-05-21,41.67,29.0,32.03,0.0,0.52
1995-05-22,40.32,28.71,39.49,0.0,0.52
1995-05-23,42.81,28.65,35.93,0.0,0.52
1995-05-24,41.5,30.73,33.95,0.0,0.52
1995-05-25,37.76,31.78,41.9,0.0,0.52
1995-05-26,43.5,31.24,34.81,0.57,0.52
1995-05-27,42.74,32.2,33.14,0.65,0.52
1995-05-28,39.51,29.86,40.63,0.15,0.52
1995-05-29,39.23,28.19,46.13,0.01,0.52
1995-05-30,42.17,29.43,37.6,0.76,0.52
1995-05-31,40.55,30.76,39.38,0.0,0.52
1995-06-01,36.32,30.02,50.24,0.0,0.52
1995-06-02,38.48,29.51,47.31,0.0,0.52
1995-06-03,40.05,29.78,48.38,0.04,0.52
1995-06-04,38.06,29.44,54.61,2.41,0.52
1995-06-05,35.81,28.35,58.58,0.0,0.52
1995-06-06,39.36,27.51,51.57,0.0,0.52
1995-06-07,39.24,28.36,53.18,0.01,0.52
1995-06-08,37.5,29.0,55.33,0.0,0.52
1995-06-09,35.73,28.33,59.13,0.0,0.52
1995-06-10,36.25,27.86,61.06,0.0,0.52
1995-06-11,38.31,27.39,56.41,0.01,0.52
1995-06-12,36.69,26.88,54.62,0.05,0.52
1995-06-13,39.08,27.51,48.79,0.02,0.52
1995-06-14,39.03,28.15,45.59,0.0,0.52
1995-06-15,41.71,27.98,44.95,0.0,0.52
1995-06-16,39.15,29.11,48.6,0.0,0.52
1995-06-17,39.71,28.8,47.78,0.0,0.52
1995-06-18,39.97,29.29,45.76,0.0,0.52
1995-06-19,39.16,29.29,47.4,0.0,0.52
1995-06-20,37.1,28.9,51.86,0.01,0.52
1995-06-21,35.65,27.77,56.58,0.02,0.52
1995-06-22,36.58,27.55,53.84,0.0,0.52
1995-06-23,38.32,27.5,52.16,0.01,0.52
1995-06-24,39.33,27.83,50.41,0.01,0.52
1995-06-25,41.04,27.67,46.08,0.0,0.52
1995-06-26,41.79,28.92,44.42,0.0,0.52
1995-06-27,41.81,28.87,45.64,0.0,0.52
1995-06-28,40.48,28.45,47.06,0.01,0.52
1995-06-29,39.99,28.65,48.92,0.01,0.52
1995-06-30,38.94,28.8,49.42,0.0,0.52
1995-07-01,38.52,28.03,55.41,0.01,0.52
1995-07-02,34.46,28.01,61.82,0.31,0.52
1995-07-03,38.19,27.45,54.35,0.06,0.52
1995-07-04,39.66,27.98,52.26,0.05,0.52
1995-07-05,40.16,27.57,48.38,0.01,0.52
1995-07-06,38.75,28.28,47.88,0.0,0.52
1995-07-07,38.88,28.85,46.14,0.0,0.52
1995-07-08,36.56,27.78,54.55,0.0,0.52
1995-07-09,38.04,28.8,54.24,0.0,0.52
1995-07-10,39.22,28.27,51.97,0.0,0.52
1995-07-11,35.28,27.41,55.19,0.01,0.52
1995-07-12,37.27,27.55,54.23,0.01,0.52
1995-07-13,39.02,27.61,51.54,0.01,0.52
1995-07-14,37.35,27.43,53.52,0.0,0.52
1995-07-15,35.56,28.15,55.84,0.06,0.52
1995-07-16,38.58,27.46,54.07,0.15,0.52
1995-07-17,37.35,28.02,59.07,0.08,0.52
1995-07-18,34.61,27.1,58.22,0.02,0.52
1995-07-19,39.42,26.19,55.64,0.01,0.52
1995-07-20,39.9,26.48,49.41,0.0,0.52
1995-07-21,37.16,26.31,49.91,0.02,0.52
1995-07-22,37.77,26.25,49.5,0.09,0.52
1995-07-23,39.8,26.51,47.97,0.01,0.52
1995-07-24,41.32,28.08,42.66,0.01,0.52
1995-07-25,40.38,30.62,38.85,0.0,0.52
1995-07-26,37.43,30.29,45.94,0.01,0.52
1995-07-27,35.73,27.74,62.56,0.03,0.52
1995-07-28,33.25,27.04,60.84,0.05,0.52
1995-07-29,39.39,26.91,51.02,0.01,0.52
1995-07-30,36.99,28.76,51.56,0.17,0.52
1995-07-31,40.35,28.23,46.85,0.16,0.52
1995-08-01,36.72,29.6,50.23,0.01,0.52
1995-08-02,33.85,27.78,59.75,0.05,0.52
1995-08-03,36.98,26.66,52.64,0.06,0.52
1995-08-04,40.83,26.94,47.45,0.04,0.52
1995-08-05,36.33,29.59,50.03,0.0,0.52
1995-08-06,34.59,29.55,54.31,0.01,0.52
1995-08-07,34.43,28.08,59.88,0.01,0.52
1995-08-08,34.29,27.03,61.42,0.01,0.52
1995-08-09,37.76,26.16,52.55,0.13,0.52
1995-08-10,37.62,27.25,52.09,0.01,0.52
1995-08-11,35.86,27.21,56.11,0.0,0.52
1995-08-12,35.43,26.93,58.02,0.02,0.52
1995-08-13,37.16,26.9,54.39,0.06,0.52
1995-08-14,36.64,27.09,57.43,0.08,0.52
1995-08-15,38.45,26.93,54.56,0.0,0.52
1995-08-16,33.97,27.25,57.68,0.0,0.52
1995-08-17,37.96,26.78,51.91,0.0,0.52
1995-08-18,38.63,27.61,49.8,0.02,0.52
1995-08-19,38.85,28.0,46.88,0.0,0.52
1995-08-20,40.08,28.66,43.67,0.04,0.52
1995-08-21,39.0,29.06,44.73,0.02,0.52
1995-08-22,39.28,29.03,46.78,0.0,0.52
1995-08-23,34.16,27.37,57.94,0.01,0.52
1995-08-24,36.06,28.41,55.35,0.0,0.52
1995-08-25,40.29,27.44,49.12,0.0,0.52
1995-08-26,39.57,28.99,46.1,0.01,0.52
1995-08-27,40.66,30.17,45.29,0.0,0.52
1995-08-28,42.33,30.21,44.24,0.02,0.52
1995-08-29,40.33,29.41,45.97,0.28,0.52
1995-08-30,40.49,28.82,43.27,0.0,0.52
1995-08-31,39.08,29.01,49.5,0.0,0.52
1995-09-01,37.61,28.55,53.3,0.0,0.52
1995-09-02,36.42,28.36,58.3,0.01,0.52
1995-09-03,37.34,27.01,54.82,0.08,0.52
1995-09-04,32.08,27.03,57.24,0.06,0.52
1995-09-05,34.94,26.1,57.73,0.01,0.52
1995-09-06,36.46,27.16,56.94,0.04,0.52
1995-09-07,40.08,27.47,47.09,0.0,0.52
1995-09-08,39.98,28.76,44.89,0.0,0.52
1995-09-09,36.31,28.78,53.41,0.03,0.52
1995-09-10,35.83,27.58,50.86,0.11,0.52
1995-09-11,38.5,27.63,47.62,0.0,0.52
1995-09-12,39.86,27.74,43.23,0.0,0.52
1995-09-13,37.47,29.92,45.18,0.0,0.52
1995-09-14,38.12,28.56,48.5,0.0,0.52
1995-09-15,35.71,28.23,56.57,0.0,0.52
1995-09-16,35.87,27.84,56.03,0.0,0.52
1995-09-17,37.56,26.94,48.38,0.01,0.52
1995-09-18,39.71,27.85,45.16,0.03,0.52
1995-09-19,38.85,29.41,45.86,0.0,0.52
1995-09-20,34.46,28.89,55.9,0.0,0.52
1995-09-21,33.49,27.36,56.91,0.0,0.52
1995-09-22,37.12,27.57,52.55,0.04,0.52
1995-09-23,37.36,26.65,53.24,0.2,0.52
1995-09-24,33.2,27.23,60.42,0.13,0.52
1995-09-25,36.22,26.95,51.44,0.01,0.52
1995-09-26,38.19,27.01,46.93,0.05,0.52
1995-09-27,37.36,27.47,47.37,0.01,0.52
1995-09-28,36.88,28.26,49.51,0.01,0.52
1995-09-29,38.36,26.95,48.85,0.0,0.52
1995-09-30,38.81,26.4,48.11,0.0,0.52
1995-10-01,40.82,28.14,41.43,0.0,0.52
1995-10-02,39.22,29.11,43.79,0.0,0.52
1995-10-03,37.8,28.64,45.78,0.0,0.52
1995-10-04,38.3,28.87,43.72,0.01,0.52
1995-10-05,35.89,28.69,51.55,0.05,0.52
1995-10-06,32.9,27.05,59.0,0.03,0.52
1995-10-07,35.07,26.05,56.76,1.09,0.52
1995-10-08,33.06,25.81,65.54,2.39,0.52
1995-10-09,36.12,24.37,59.88,0.07,0.52
1995-10-10,34.89,25.05,55.98,0.0,0.52
1995-10-11,34.01,26.0,55.04,0.0,0.52
1995-10-12,33.32,25.75,55.34,0.0,0.52
1995-10-13,37.19,26.12,45.21,0.0,0.52
1995-10-14,38.2,26.89,42.58,0.05,0.52
1995-10-15,38.19,26.33,40.57,0.0,0.52
1995-10-16,39.52,26.74,39.35,0.0,0.52
1995-10-17,37.12,28.2,46.74,0.0,0.52
1995-10-18,33.84,26.84,57.67,0.01,0.52
1995-10-19,35.41,25.72,53.7,0.03,0.52
1995-10-20,35.14,26.67,49.09,0.0,0.52
1995-10-21,36.87,25.59,48.89,0.0,0.52
1995-10-22,37.63,27.29,44.67,0.01,0.52
1995-10-23,36.76,27.67,44.91,0.0,0.52
1995-10-24,37.22,26.44,44.01,0.0,0.52
1995-10-25,37.1,27.43,44.33,0.0,0.52
1995-10-26,37.45,27.04,44.94,0.0,0.52
1995-10-27,38.41,25.54,41.85,0.0,0.52
1995-10-28,38.3,24.76,36.62,0.0,0.52
1995-10-29,37.4,27.31,39.1,0.0,0.52
1995-10-30,34.85,27.96,45.05,0.0,0.52
1995-10-31,35.08,26.75,48.85,0.0,0.52
1995-11-01,32.27,23.7,63.36,0.06,0.52
1995-11-02,30.04,22.79,69.89,0.06,0.52
1995-11-03,34.02,23.72,58.34,0.01,0.52
1995-11-04,33.9,25.04,53.48,0.01,0.52
1995-11-05,34.99,25.27,51.84,0.0,0.52
1995-11-06,30.1,24.91,62.41,0.0,0.52
1995-11-07,36.09,24.73,51.96,0.0,0.52
1995-11-08,37.57,24.56,43.52,0.0,0.52
1995-11-09,36.73,27.15,42.58,0.02,0.52
1995-11-10,34.25,27.04,48.56,0.07,0.52
1995-11-11,34.12,24.45,54.81,0.06,0.52
1995-11-12,35.0,24.65,53.23,0.11,0.52
1995-11-13,32.63,24.04,56.31,0.0,0.52
1995-11-14,35.08,21.99,47.42,0.0,0.52
1995-11-15,34.31,21.33,42.39,0.0,0.52
1995-11-16,34.21,21.51,40.33,0.0,0.52
1995-11-17,34.46,23.04,41.62,0.0,0.52
1995-11-18,27.03,21.88,63.54,0.12,0.52
1995-11-19,29.11,20.44,70.3,0.9,0.52
1995-11-20,29.7,21.44,67.33,0.02,0.52
1995-11-21,32.6,21.59,58.44,0.01,0.52
1995-11-22,32.83,22.34,52.06,0.0,0.52
1995-11-23,32.04,21.64,49.83,0.0,0.52
1995-11-24,28.73,22.21,51.72,0.02,0.52
1995-11-25,29.8,20.22,60.75,0.25,0.52
1995-11-26,30.82,20.1,59.29,0.37,0.52
1995-11-27,31.41,19.32,49.79,0.0,0.52
1995-11-28,31.57,17.1,42.79,0.02,0.52
1995-11-29,31.65,16.22,39.83,0.0,0.52
1995-11-30,31.63,15.76,38.47,0.0,0.52
1995-12-01,31.62,15.63,36.63,0.0,0.52
1995-12-02,31.44,15.41,37.25,0.0,0.52
1995-12-03,30.98,15.39,35.94,0.0,0.52
1995-12-04,30.91,14.76,34.78,0.0,0.52
1995-12-05,30.81,15.62,35.55,0.0,0.52
1995-12-06,30.98,16.03,41.19,0.0,0.52
1995-12-07,30.05,17.9,49.48,0.0,0.52
1995-12-08,29.98,16.54,49.05,0.0,0.52
1995-12-09,30.55,16.05,43.11,0.0,0.52
1995-12-10,30.2,16.62,41.47,0.0,0.52
1995-12-11,30.2,15.51,41.06,0.0,0.52
1995-12-12,30.38,14.7,37.03,0.0,0.52
1995-12-13,30.54,14.78,35.64,0.0,0.52
1995-12-14,30.16,14.26,34.91,0.0,0.52
1995-12-15,31.21,14.87,30.54,0.0,0.52
1995-12-16,31.0,14.57,30.81,0.0,0.52
1995-12-17,30.35,13.85,31.49,0.0,0.52
1995-12-18,30.68,13.38,30.81,0.0,0.52
1995-12-19,30.76,12.79,30.24,0.0,0.52
1995-12-20,30.26,12.79,28.44,0.0,0.52
1995-12-21,30.28,12.38,26.68,0.0,0.52
1995-12-22,30.83,12.66,26.48,0.0,0.52
1995-12-23,30.67,12.87,27.44,0.0,0.52
1995-12-24,31.28,13.42,26.05,0.0,0.52
1995-12-25,30.34,13.45,29.2,0.0,0.52
1995-12-26,31.23,13.85,30.57,0.0,0.52
1995-12-27,29.99,13.65,33.5,0.0,0.52
1995-12-28,29.89,13.85,38.63,0.0,0.52
1995-12-29,29.58,14.45,39.09,0.0,0.52
1995-12-30,29.0,15.08,40.07,0.0,0.52
1995-12-31,29.06,15.91,39.68,0.0,0.52
1996-01-01,29.2,14.58,40.5,0.0,0.52
1996-01-02,29.63,15.8,37.67,0.0,0.52
1996-01-03,30.25,16.04,37.44,0.02,0.52
1996-01-04,30.32,16.05,38.0,0.0,0.52
1996-01-05,29.05,17.18,39.4,0.0,0.52
1996-01-06,29.55,14.71,40.54,0.0,0.52
1996-01-07,29.46,14.34,38.9,0.0,0.52
1996-01-08,30.03,14.14,37.24,0.0,0.52
1996-01-09,29.68,14.21,37.92,0.0,0.52
1996-01-10,29.66,13.86,36.02,0.0,0.52
1996-01-11,28.69,13.06,34.75,0.0,0.52
1996-01-12,29.72,13.24,33.41,0.0,0.52
1996-01-13,29.69,13.73,35.83,0.0,0.52
1996-01-14,29.42,14.01,30.81,0.0,0.52
1996-01-15,30.1,12.04,23.24,0.0,0.52
1996-01-16,30.75,12.03,24.14,0.0,0.52
1996-01-17,31.42,13.5,22.57,0.0,0.52
1996-01-18,29.61,12.85,35.59,0.0,0.52
1996-01-19,29.0,13.16,32.93,0.0,0.52
1996-01-20,27.85,11.36,25.38,0.0,0.52
1996-01-21,29.58,10.82,22.93,0.0,0.52
1996-01-22,29.64,10.84,24.09,0.0,0.52
1996-01-23,29.26,10.97,24.9,0.0,0.52
1996-01-24,31.41,12.73,20.29,0.0,0.52
1996-01-25,30.22,12.45,28.63,0.0,0.52
1996-01-26,29.98,12.26,24.86,0.0,0.52
1996-01-27,30.57,12.33,26.54,0.0,0.52
1996-01-28,31.43,12.93,24.33,0.0,0.52
1996-01-29,32.02,12.95,23.4,0.0,0.52
1996-01-30,31.42,13.16,20.83,0.0,0.52
1996-01-31,31.65,12.58,21.64,0.0,0.52
1996-02-01,32.51,12.73,25.73,0.0,0.52
1996-02-02,33.28,14.59,29.14,0.0,0.52
1996-02-03,32.84,16.09,31.02,0.0,0.52
1996-02-04,32.03,15.2,27.3,0.0,0.52
1996-02-05,31.49,13.36,22.13,0.0,0.52
1996-02-06,32.06,13.42,18.01,0.0,0.52
1996-02-07,31.98,13.97,22.73,0.0,0.52
1996-02-08,32.61,14.16,22.19,0.0,0.52
1996-02-09,32.79,15.01,23.36,0.0,0.52
1996-02-10,32.56,16.41,31.75,0.0,0.52
1996-02-11,32.56,16.76,31.35,0.0,0.52
1996-02-12,31.95,18.78,32.12,0.0,0.52
1996-02-13,31.86,17.38,37.18,0.0,0.52
1996-02-14,33.04,16.47,31.68,0.0,0.52
1996-02-15,34.02,16.39,26.58,0.0,0.52
1996-02-16,33.64,15.54,21.27,0.0,0.52
1996-02-17,33.4,15.62,20.71,0.0,0.52
1996-02-18,33.66,14.64,17.75,0.0,0.52
1996-02-19,34.56,13.87,14.06,0.0,0.52
1996-02-20,34.38,13.86,17.96,0.0,0.52
1996-02-21,33.34,15.28,29.75,0.06,0.52
1996-02-22,34.9,16.26,43.86,0.08,0.52
1996-02-23,31.93,19.19,56.2,0.34,0.52
1996-02-24,34.78,19.67,44.63,0.0,0.52
1996-02-25,34.98,19.39,37.31,0.0,0.52
1996-02-26,36.41,20.25,35.3,0.0,0.52
1996-02-27,36.47,20.9,32.62,0.0,0.52
1996-02-28,36.25,19.84,33.71,0.0,0.52
1996-02-29,35.3,19.09,21.83,0.0,0.52
1996-03-01,35.52,16.35,16.82,0.0,0.52
1996-03-02,35.52,15.15,16.63,0.0,0.52
1996-03-03,36.38,16.76,14.58,0.0,0.52
1996-03-04,37.3,16.46,18.27,0.0,0.52
1996-03-05,36.58,17.52,18.69,0.0,0.52
1996-03-06,35.66,18.03,27.62,0.0,0.52
1996-03-07,35.51,19.54,26.24,0.0,0.52
1996-03-08,36.0,19.57,28.01,0.0,0.52
1996-03-09,36.37,19.6,26.71,0.01,0.52
1996-03-10,37.28,19.22,24.89,0.0,0.52
1996-03-11,38.32,20.48,24.84,0.0,0.52
1996-03-12,37.84,22.08,33.08,0.0,0.52
1996-03-13,38.71,20.78,33.48,0.01,0.52
1996-03-14,39.69,20.8,39.17,0.02,0.52
1996-03-15,38.84,21.49,36.94,0.0,0.52
1996-03-16,39.34,21.31,33.03,0.0,0.52
1996-03-17,41.08,22.22,29.29,0.0,0.52
1996-03-18,40.65,24.65,28.67,0.0,0.52
1996-03-19,40.83,24.01,27.44,0.0,0.52
1996-03-20,38.4,25.14,24.05,0.0,0.52
1996-03-21,39.48,23.77,26.03,0.0,0.52
1996-03-22,39.2,24.19,27.43,0.0,0.52
1996-03-23,41.66,23.98,26.5,0.0,0.52
1996-03-24,39.77,23.68,31.49,0.01,0.52
1996-03-25,37.82,24.58,31.11,0.03,0.52
1996-03-26,38.72,23.17,34.1,0.06,0.52
1996-03-27,34.76,24.58,49.46,0.99,0.52
1996-03-28,37.87,22.66,44.72,0.14,0.52
1996-03-29,40.24,25.54,40.21,0.02,0.52
1996-03-30,40.58,24.53,39.36,0.01,0.52
1996-03-31,40.87,24.72,37.38,0.02,0.52
1996-04-01,39.94,24.77,40.75,0.01,0.52
1996-04-02,37.41,24.75,40.33,0.0,0.52
1996-04-03,38.39,26.53,23.55,0.0,0.52
1996-04-04,38.52,22.61,19.29,0.0,0.52
1996-04-05,39.09,21.4,19.24,0.0,0.52
1996-04-06,39.34,21.95,20.35,0.0,0.52
1996-04-07,40.85,22.43,21.31,0.0,0.52
1996-04-08,42.4,24.03,22.86,0.0,0.52
1996-04-09,42.62,24.75,22.79,0.0,0.52
1996-04-10,42.16,25.31,23.43,0.0,0.52
1996-04-11,39.46,26.03,25.56,0.0,0.52
1996-04-12,38.53,26.65,25.01,0.0,0.52
1996-04-13,39.27,26.74,28.1,0.0,0.52
1996-04-14,40.61,28.02,28.52,0.0,0.52
1996-04-15,39.91,27.38,25.4,0.0,0.52
1996-04-16,41.57,27.91,29.92,0.0,0.52
1996-04-17,41.18,28.56,32.22,0.0,0.52
1996-04-18,40.64,29.36,30.41,0.0,0.52
1996-04-19,40.21,29.18,28.79,0.0,0.52
1996-04-20,43.33,30.34,26.02,0.0,0.52
1996-04-21,42.81,30.37,26.55,0.0,0.52
1996-04-22,38.59,30.17,38.24,0.0,0.52
1996-04-23,39.33,29.3,42.29,0.0,0.52
1996-04-24,40.62,27.94,38.93,0.0,0.52
1996-04-25,36.93,26.78,38.15,0.0,0.52
1996-04-26,37.22,26.78,31.36,0.0,0.52
1996-04-27,38.93,25.43,34.48,0.0,0.52
1996-04-28,39.02,28.3,32.24,0.0,0.52
1996-04-29,40.12,28.22,32.95,0.0,0.52
1996-04-30,40.25,28.25,35.93,0.0,0.52
1996-05-01,38.78,28.25,43.05,0.0,0.52
1996-05-02,40.03,28.7,44.11,0.04,0.52
1996-05-03,37.29,29.72,45.15,0.0,0.52
1996-05-04,40.57,28.03,39.13,0.0,0.52
1996-05-05,38.17,29.52,47.59,0.0,0.52
1996-05-06,37.95,28.45,48.82,0.0,0.52
1996-05-07,32.87,27.17,57.58,0.0,0.52
1996-05-08,37.16,27.01,54.88,0.01,0.52
1996-05-09,41.95,26.3,40.21,0.0,0.52
1996-05-10,41.78,25.8,41.2,0.0,0.52
1996-05-11,41.53,26.58,40.59,0.01,0.52
1996-05-12,41.14,28.74,34.68,0.01,0.52
1996-05-13,41.64,28.74,32.08,0.02,0.52
1996-05-14,41.61,28.24,37.12,0.03,0.52
1996-05-15,42.03,28.24,36.96,0.01,0.52
1996-05-16,41.02,28.51,38.68,0.0,0.52
1996-05-17,42.61,30.96,31.47,0.0,0.52
1996-05-18,42.39,31.79,29.1,0.0,0.52
1996-05-19,41.1,31.59,31.27,0.0,0.52
1996-05-20,40.99,31.12,33.15,0.0,0.52
1996-05-21,42.94,30.23,31.68,0.0,0.52
1996-05-22,41.31,30.48,30.09,0.0,0.52
1996-05-23,40.99,30.55,33.11,0.0,0.52
1996-05-24,38.13,31.03,40.03,0.0,0.52
1996-05-25,38.26,30.19,43.93,0.0,0.52
1996-05-26,39.24,28.47,49.1,0.0,0.52
1996-05-27,31.49,27.43,65.83,0.0,0.52
1996-05-28,39.21,26.5,46.87,0.0,0.52
1996-05-29,40.76,28.82,41.78,0.0,0.52
1996-05-30,41.07,27.79,42.94,0.06,0.52
1996-05-31,36.59,28.2,49.36,0.0,0.52
1996-06-01,39.27,29.03,44.17,0.0,0.52
1996-06-02,41.39,29.78,37.67,0.0,0.52
1996-06-03,42.19,30.82,34.18,0.01,0.52
1996-06-04,41.37,29.63,36.36,0.01,0.52
1996-06-05,37.36,29.55,40.24,0.0,0.52
1996-06-06,36.76,28.4,44.1,0.0,0.52
1996-06-07,37.75,27.77,47.28,0.0,0.52
1996-06-08,35.81,28.58,48.76,0.01,0.52
1996-06-09,33.72,27.76,52.29,0.0,0.52
1996-06-10,37.33,27.5,47.82,0.01,0.52
1996-06-11,34.49,29.31,49.62,0.01,0.52
1996-06-12,35.73,28.41,46.52,0.0,0.52
1996-06-13,36.17,27.09,45.64,0.0,0.52
1996-06-14,40.72,26.74,37.52,0.0,0.52
1996-06-15,41.4,27.63,42.8,0.0,0.52
1996-06-16,40.97,27.5,47.65,0.0,0.52
1996-06-17,40.63,27.63,53.11,0.0,0.52
1996-06-18,33.63,27.46,64.36,0.01,0.52
1996-06-19,33.36,26.82,67.64,0.03,0.52
1996-06-20,36.12,27.46,63.32,0.06,0.52
1996-06-21,39.26,27.04,55.61,0.13,0.52
1996-06-22,39.47,26.92,49.88,0.01,0.52
1996-06-23,39.57,26.32,46.96,0.01,0.52
1996-06-24,40.42,27.21,48.6,0.0,0.52
1996-06-25,40.93,28.05,45.29,0.01,0.52
1996-06-26,38.01,28.56,46.92,0.02,0.52
1996-06-27,39.0,28.15,49.17,0.0,0.52
1996-06-28,38.43,28.03,53.41,0.0,0.52
1996-06-29,38.04,27.5,54.83,0.0,0.52
1996-06-30,38.16,27.66,52.76,0.0,0.52
1996-07-01,38.85,27.57,51.86,0.02,0.52
1996-07-02,33.97,28.03,57.57,0.01,0.52
1996-07-03,39.04,27.5,47.78,0.03,0.52
1996-07-04,37.45,26.68,55.98,0.04,0.52
1996-07-05,37.52,26.05,51.33,0.0,0.52
1996-07-06,40.0,26.83,45.55,0.0,0.52
1996-07-07,39.93,27.35,48.41,0.0,0.52
1996-07-08,38.07,28.88,47.85,0.0,0.52
1996-07-09,40.59,29.69,40.81,0.0,0.52
1996-07-10,39.84,30.94,41.12,0.0,0.52
1996-07-11,37.29,28.45,49.36,0.01,0.52
1996-07-12,40.88,29.91,43.48,0.0,0.52
1996-07-13,37.67,28.91,50.44,0.0,0.52
1996-07-14,35.82,28.28,52.68,0.0,0.52
1996-07-15,35.42,27.79,54.81,0.0,0.52
1996-07-16,35.23,28.59,52.25,0.0,0.52
1996-07-17,37.91,28.76,46.88,0.0,0.52
1996-07-18,37.43,29.22,49.53,0.0,0.52
1996-07-19,36.65,29.31,50.77,0.0,0.52
1996-07-20,37.73,28.36,53.37,0.0,0.52
1996-07-21,36.41,27.71,57.56,0.0,0.52
1996-07-22,39.22,27.64,54.0,0.01,0.52
1996-07-23,39.0,27.74,53.88,0.04,0.52
1996-07-24,35.17,28.42,62.47,0.0,0.52
1996-07-25,37.9,27.44,57.35,0.02,0.52
1996-07-26,36.95,28.19,56.98,0.04,0.52
1996-07-27,40.05,27.23,46.93,0.01,0.52
1996-07-28,41.82,28.46,42.0,0.01,0.52
1996-07-29,38.91,29.75,47.77,0.0,0.52
1996-07-30,38.6,28.87,51.0,0.0,0.52
1996-07-31,39.57,28.1,52.3,0.0,0.52
1996-08-01,38.17,27.73,53.39,0.02,0.52
1996-08-02,35.81,28.14,58.12,0.0,0.52
1996-08-03,37.03,26.93,54.04,0.11,0.52
1996-08-04,39.45,27.48,50.25,0.02,0.52
1996-08-05,38.07,27.66,51.71,0.02,0.52
1996-08-06,35.08,27.52,59.65,0.01,0.52
1996-08-07,38.25,27.12,53.33,0.01,0.52
1996-08-08,37.87,27.33,51.65,0.01,0.52
1996-08-09,40.55,26.99,44.18,0.0,0.52
1996-08-10,35.86,28.52,52.56,0.0,0.52
1996-08-11,40.48,28.22,45.18,0.01,0.52
1996-08-12,36.17,29.31,48.91,0.07,0.52
1996-08-13,37.15,28.63,51.98,0.01,0.52
1996-08-14,35.93,27.64,55.55,0.09,0.52
1996-08-15,39.51,28.06,45.18,0.02,0.52
1996-08-16,36.5,29.65,48.35,0.1,0.52
1996-08-17,36.57,27.88,52.02,0.01,0.52
1996-08-18,37.45,27.94,48.44,0.02,0.52
1996-08-19,38.59,28.05,46.71,0.02,0.52
1996-08-20,37.46,27.37,46.78,0.02,0.52
1996-08-21,37.49,25.49,48.41,0.07,0.52
1996-08-22,40.5,27.26,41.62,0.0,0.52
1996-08-23,40.5,30.18,39.9,0.0,0.52
1996-08-24,37.25,28.17,46.59,0.0,0.52
1996-08-25,39.31,26.26,51.1,0.02,0.52
1996-08-26,40.18,28.33,44.93,0.0,0.52
1996-08-27,39.79,28.72,48.28,0.0,0.52
1996-08-28,39.55,27.04,48.82,0.0,0.52
1996-08-29,39.23,27.88,48.15,0.0,0.52
1996-08-30,34.81,27.71,54.23,0.0,0.52
1996-08-31,34.7,27.07,53.76,0.0,0.52
1996-09-01,36.05,26.32,48.62,0.0,0.52
1996-09-02,38.65,28.02,44.39,0.0,0.52
1996-09-03,39.19,27.95,52.12,0.04,0.52
1996-09-04,39.23,26.95,50.02,0.0,0.52
1996-09-05,38.56,27.81,47.17,0.0,0.52
1996-09-06,39.6,27.93,43.73,0.01,0.52
1996-09-07,39.61,28.22,43.03,0.01,0.52
1996-09-08,36.27,29.05,47.75,0.0,0.52
1996-09-09,42.14,28.07,36.55,0.0,0.52
1996-09-10,40.97,30.83,36.24,0.0,0.52
1996-09-11,34.11,29.57,51.28,0.01,0.52
1996-09-12,40.52,28.0,41.53,0.0,0.52
1996-09-13,42.93,30.14,34.73,0.0,0.52
1996-09-14,42.32,31.05,34.62,0.0,0.52
1996-09-15,38.15,28.35,50.23,0.0,0.52
1996-09-16,35.7,27.93,57.19,0.15,0.52
1996-09-17,35.23,28.22,57.84,0.11,0.52
1996-09-18,38.5,27.38,49.97,0.03,0.52
1996-09-19,37.37,27.58,53.19,0.0,0.52
1996-09-20,37.53,26.54,50.77,0.01,0.52
1996-09-21,37.85,27.16,51.62,0.04,0.52
1996-09-22,40.67,27.36,46.6,0.01,0.52
1996-09-23,35.69,28.88,54.31,0.0,0.52
1996-09-24,33.09,27.74,57.42,0.02,0.52
1996-09-25,32.19,26.57,59.52,0.01,0.52
1996-09-26,33.36,25.97,60.38,0.0,0.52
1996-09-27,36.13,26.64,56.21,0.01,0.52
1996-09-28,35.7,27.13,51.4,0.0,0.52
1996-09-29,38.16,27.38,47.42,0.0,0.52
1996-09-30,38.15,28.56,46.51,0.0,0.52
1996-10-01,39.71,28.87,42.0,0.0,0.52
1996-10-02,37.77,26.91,46.62,0.01,0.52
1996-10-03,35.83,27.2,50.55,0.05,0.52
1996-10-04,32.48,26.28,60.47,0.34,0.52
1996-10-05,33.25,25.25,63.09,0.09,0.52
1996-10-06,38.32,25.31,53.91,0.03,0.52
1996-10-07,37.29,26.53,50.78,0.05,0.52
1996-10-08,37.27,26.77,48.49,0.0,0.52
1996-10-09,38.04,26.5,43.27,0.0,0.52
1996-10-10,37.79,25.77,40.74,0.0,0.52
1996-10-11,38.37,25.98,36.43,0.0,0.52
1996-10-12,38.64,26.93,37.65,0.0,0.52
1996-10-13,37.27,26.78,44.61,0.0,0.52
1996-10-14,39.21,26.5,37.33,0.0,0.52
1996-10-15,38.86,26.88,33.91,0.0,0.52
1996-10-16,36.47,28.3,49.0,0.0,0.52
1996-10-17,37.07,25.72,50.9,0.0,0.52
1996-10-18,34.05,27.04,48.29,0.0,0.52
1996-10-19,37.21,25.87,43.38,0.0,0.52
1996-10-20,39.18,24.64,36.5,0.0,0.52
1996-10-21,37.34,26.73,38.65,0.0,0.52
1996-10-22,37.29,26.73,40.24,0.0,0.52
1996-10-23,38.32,26.89,40.79,0.0,0.52
1996-10-24,38.19,27.49,41.66,0.0,0.52
1996-10-25,38.53,25.84,40.75,0.0,0.52
1996-10-26,32.88,27.13,53.7,0.01,0.52
1996-10-27,34.72,25.04,53.86,0.05,0.52
1996-10-28,35.7,25.28,49.83,0.21,0.52
1996-10-29,37.07,25.32,46.72,0.11,0.52
1996-10-30,37.56,24.63,48.79,0.12,0.52
1996-10-31,37.56,25.12,46.9,0.08,0.52
1996-11-01,35.89,26.61,51.64,0.0,0.52
1996-11-02,35.27,26.43,52.62,0.0,0.52
1996-11-03,33.49,26.63,57.2,0.01,0.52
1996-11-04,37.0,25.3,50.59,0.0,0.52
1996-11-05,37.38,25.38,45.85,0.02,0.52
1996-11-06,33.08,25.72,62.53,0.02,0.52
1996-11-07,35.28,25.16,54.56,0.01,0.52
1996-11-08,36.64,25.36,43.72,0.0,0.52
1996-11-09,36.57,26.07,42.75,0.0,0.52
1996-11-10,35.94,24.09,31.52,0.0,0.52
1996-11-11,35.57,20.13,26.44,0.0,0.52
1996-11-12,34.85,18.79,27.86,0.0,0.52
1996-11-13,34.48,18.38,27.28,0.0,0.52
1996-11-14,34.69,17.95,26.99,0.0,0.52
1996-11-15,34.73,18.01,27.53,0.0,0.52
1996-11-16,33.72,18.9,35.36,0.0,0.52
1996-11-17,33.05,21.2,38.05,0.0,0.52
1996-11-18,34.85,20.43,34.93,0.0,0.52
1996-11-19,34.29,20.66,38.69,0.0,0.52
1996-11-20,34.78,21.1,38.24,0.0,0.52
1996-11-21,34.87,20.94,36.91,0.0,0.52
1996-11-22,35.07,21.21,37.12,0.0,0.52
1996-11-23,34.65,21.12,36.96,0.0,0.52
1996-11-24,34.32,20.21,38.62,0.0,0.52
1996-11-25,33.41,19.42,32.69,0.0,0.52
1996-11-26,33.45,18.06,34.39,0.0,0.52
1996-11-27,33.63,17.62,31.81,0.0,0.52
1996-11-28,32.81,17.55,31.3,0.0,0.52
1996-11-29,31.95,17.98,37.94,0.0,0.52
1996-11-30,31.88,21.87,62.88,0.0,0.52
1996-12-01,32.51,22.46,58.68,0.0,0.52
1996-12-02,33.14,21.3,54.53,0.0,0.52
1996-12-03,32.52,23.25,54.88,0.0,0.52
1996-12-04,33.86,22.72,48.36,0.01,0.52
1996-12-05,33.5,23.28,52.44,0.0,0.52
1996-12-06,31.8,22.46,52.7,0.0,0.52
1996-12-07,31.97,21.85,53.7,0.0,0.52
1996-12-08,34.22,23.12,49.51,0.0,0.52
1996-12-09,33.14,22.81,49.44,0.0,0.52
1996-12-10,33.67,20.38,46.93,0.0,0.52
1996-12-11,33.89,19.7,42.91,0.0,0.52
1996-12-12,32.99,19.38,27.2,0.0,0.52
1996-12-13,32.78,17.94,33.58,0.0,0.52
1996-12-14,32.74,17.02,31.13,0.0,0.52
1996-12-15,30.65,15.44,28.49,0.0,0.52
1996-12-16,30.34,14.15,28.48,0.0,0.52
1996-12-17,29.79,12.76,25.32,0.0,0.52
1996-12-18,30.68,12.91,24.85,0.0,0.52
1996-12-19,31.17,13.43,29.12,0.0,0.52
1996-12-20,31.04,15.99,36.09,0.0,0.52
1996-12-21,31.38,16.02,39.06,0.0,0.52
1996-12-22,31.44,18.07,38.01,0.0,0.52
1996-12-23,31.43,16.06,37.91,0.0,0.52
1996-12-24,30.64,15.8,37.15,0.0,0.52
1996-12-25,30.55,15.74,37.44,0.0,0.52
1996-12-26,30.39,14.96,36.0,0.0,0.52
1996-12-27,30.48,15.06,35.43,0.0,0.52
1996-12-28,30.32,14.7,34.68,0.0,0.52
1996-12-29,30.14,14.59,34.35,0.0,0.52
1996-12-30,30.21,14.21,31.77,0.0,0.52
1996-12-31,30.4,13.26,28.03,0.0,0.52
1997-01-01,30.52,12.4,23.3,0.0,0.52
1997-01-02,30.32,12.54,21.63,0.0,0.52
1997-01-03,29.92,12.85,27.27,0.0,0.52
1997-01-04,29.42,13.33,29.78,0.0,0.52
1997-01-05,29.32,13.44,31.59,0.0,0.52
1997-01-06,29.51,13.47,33.36,0.0,0.52
1997-01-07,29.67,12.16,31.56,0.0,0.52
1997-01-08,29.88,13.61,32.82,0.0,0.52
1997-01-09,30.08,14.09,36.12,0.0,0.52
1997-01-10,30.6,15.0,33.36,0.0,0.52
1997-01-11,30.92,14.4,29.73,0.0,0.52
1997-01-12,30.78,14.76,30.26,0.0,0.52
1997-01-13,29.85,14.24,23.41,0.0,0.52
1997-01-14,28.66,12.59,23.03,0.0,0.52
1997-01-15,28.97,11.82,21.54,0.0,0.52
1997-01-16,29.51,12.2,20.27,0.0,0.52
1997-01-17,29.14,12.4,28.15,0.01,0.52
1997-01-18,28.26,13.88,33.03,0.0,0.52
1997-01-19,28.09,11.19,27.4,0.0,0.52
1997-01-20,29.79,11.77,22.18,0.0,0.52
1997-01-21,29.6,13.77,25.37,0.0,0.52
1997-01-22,28.04,14.81,32.4,0.01,0.52
1997-01-23,26.38,12.54,31.33,0.01,0.52
1997-01-24,26.88,9.96,26.67,0.0,0.52
1997-01-25,27.67,10.44,27.79,0.0,0.52
1997-01-26,27.97,10.43,24.82,0.0,0.52
1997-01-27,29.47,9.99,20.65,0.0,0.52
1997-01-28,31.59,11.59,19.06,0.0,0.52
1997-01-29,30.77,12.02,19.62,0.0,0.52
1997-01-30,29.83,11.76,20.55,0.0,0.52
1997-01-31,29.83,11.71,19.51,0.0,0.52
1997-02-01,29.38,10.8,23.13,0.0,0.52
1997-02-02,31.34,13.87,32.84,0.0,0.52
1997-02-03,29.5,13.03,26.23,0.0,0.52
1997-02-04,30.98,12.22,24.0,0.0,0.52
1997-02-05,30.37,16.17,34.88,0.03,0.52
1997-02-06,29.04,17.43,41.3,0.0,0.52
1997-02-07,29.54,14.9,34.48,0.0,0.52
1997-02-08,28.42,12.94,24.05,0.0,0.52
1997-02-09,28.49,9.83,14.47,0.0,0.52
1997-02-10,28.09,9.63,16.33,0.0,0.52
1997-02-11,30.6,10.6,20.51,0.0,0.52
1997-02-12,30.83,12.4,24.63,0.0,0.52
1997-02-13,31.43,13.5,28.85,0.0,0.52
1997-02-14,32.65,14.0,23.67,0.0,0.52
1997-02-15,32.04,13.05,18.21,0.0,0.52
1997-02-16,33.46,13.36,24.07,0.0,0.52
1997-02-17,33.84,15.63,30.02,0.0,0.52
1997-02-18,33.87,16.16,32.71,0.0,0.52
1997-02-19,33.37,17.27,34.4,0.0,0.52
1997-02-20,33.73,17.42,29.92,0.0,0.52
1997-02-21,33.03,17.81,32.44,0.0,0.52
1997-02-22,32.09,19.43,26.81,0.01,0.52
1997-02-23,32.6,17.79,19.17,0.02,0.52
1997-02-24,31.05,13.97,19.92,0.0,0.52
1997-02-25,31.59,13.36,16.72,0.0,0.52
1997-02-26,33.02,13.52,15.84,0.0,0.52
1997-02-27,34.99,15.36,17.84,0.0,0.52
1997-02-28,34.24,16.99,28.54,0.0,0.52
1997-03-01,34.62,19.11,26.95,0.0,0.52
1997-03-02,35.99,16.59,19.0,0.0,0.52
1997-03-03,36.49,16.37,17.66,0.0,0.52
1997-03-04,37.07,17.59,18.69,0.0,0.52
1997-03-05,36.77,17.62,20.04,0.0,0.52
1997-03-06,37.25,17.86,16.86,0.0,0.52
1997-03-07,37.12,17.13,14.74,0.0,0.52
1997-03-08,37.8,18.3,19.31,0.0,0.51
1997-03-09,37.24,19.19,18.81,0.0,0.51
1997-03-10,37.11,18.6,18.86,0.0,0.51
1997-03-11,37.42,19.11,19.29,0.0,0.51
1997-03-12,38.06,19.41,21.78,0.0,0.51
1997-03-13,38.7,21.01,25.01,0.0,0.51
1997-03-14,38.95,21.94,30.12,0.0,0.51
1997-03-15,36.78,23.3,37.16,0.0,0.51
1997-03-16,38.69,23.41,34.01,0.3,0.51
1997-03-17,40.13,25.25,30.23,0.06,0.52
1997-03-18,38.84,23.22,37.28,0.69,0.52
1997-03-19,39.15,24.07,31.71,0.0,0.52
1997-03-20,39.7,22.74,36.46,0.0,0.52
1997-03-21,36.18,24.64,47.82,0.0,0.52
1997-03-22,35.32,24.06,48.25,0.06,0.52
1997-03-23,33.29,23.92,45.62,0.3,0.52
1997-03-24,34.85,21.11,42.37,0.0,0.52
1997-03-25,30.27,22.05,41.97,0.0,0.52
1997-03-26,33.97,19.87,42.33,0.1,0.52
1997-03-27,37.19,20.66,30.67,0.0,0.52
1997-03-28,38.12,25.23,26.07,0.0,0.52
1997-03-29,37.96,24.62,24.03,0.0,0.52
1997-03-30,34.71,24.4,30.86,0.02,0.52
1997-03-31,35.29,22.37,31.71,0.04,0.52
1997-04-01,35.24,21.31,32.46,0.0,0.52
1997-04-02,35.33,23.22,32.97,0.0,0.52
1997-04-03,37.42,23.58,28.53,0.0,0.52
1997-04-04,37.94,23.84,29.6,0.0,0.52
1997-04-05,37.09,26.66,31.42,0.01,0.52
1997-04-06,34.95,25.85,38.92,0.06,0.52
1997-04-07,35.61,23.23,36.38,0.0,0.52
1997-04-08,33.95,24.0,27.84,0.76,0.52
1997-04-09,36.48,20.69,30.7,1.41,0.52
1997-04-10,36.95,23.6,29.18,0.0,0.52
1997-04-11,35.73,25.13,31.8,0.01,0.52
1997-04-12,33.95,25.37,33.21,0.0,0.52
1997-04-13,35.34,22.69,35.56,0.03,0.52
1997-04-14,36.14,23.31,36.9,0.0,0.52
1997-04-15,38.39,22.45,33.57,0.0,0.52
1997-04-16,38.94,24.23,31.18,0.01,0.52
1997-04-17,38.08,26.95,31.67,0.0,0.52
1997-04-18,38.89,28.03,28.85,0.0,0.52
1997-04-19,38.46,26.52,27.91,0.0,0.52
1997-04-20,37.91,26.21,27.0,0.0,0.52
1997-04-21,38.99,23.05,23.97,0.0,0.52
1997-04-22,39.36,26.3,22.29,0.0,0.52
1997-04-23,38.85,27.74,28.94,0.02,0.52
1997-04-24,37.29,25.8,35.04,0.06,0.52
1997-04-25,38.27,26.76,30.02,0.02,0.52
1997-04-26,37.46,26.35,34.31,0.02,0.52
1997-04-27,35.9,24.76,38.65,0.0,0.52
1997-04-28,37.71,26.42,33.32,0.0,0.52
1997-04-29,37.72,28.42,34.0,0.0,0.52
1997-04-30,34.34,28.62,42.56,0.0,0.52
1997-05-01,40.25,26.12,35.56,0.0,0.52
1997-05-02,38.57,29.56,35.28,0.0,0.52
1997-05-03,38.07,28.57,33.12,0.0,0.52
1997-05-04,40.24,29.36,31.96,0.0,0.52
1997-05-05,38.29,30.32,29.66,0.0,0.52
1997-05-06,40.09,28.36,33.98,0.0,0.52
1997-05-07,39.11,28.34,31.93,0.01,0.52
1997-05-08,42.02,27.12,27.45,0.24,0.52
1997-05-09,41.59,27.82,27.34,0.0,0.52
1997-05-10,42.08,28.64,28.56,0.0,0.52
1997-05-11,40.62,28.83,32.99,0.0,0.52
1997-05-12,42.89,28.97,28.79,0.0,0.52
1997-05-13,42.5,29.49,24.93,0.0,0.52
1997-05-14,42.59,30.94,27.93,0.0,0.52
1997-05-15,43.35,30.35,28.47,0.19,0.52
1997-05-16,44.46,32.05,22.64,0.0,0.52
1997-05-17,39.96,30.01,40.09,0.11,0.52
1997-05-18,34.04,26.66,54.14,1.07,0.52
1997-05-19,37.21,26.27,55.3,1.64,0.52
1997-05-20,34.58,26.74,57.77,1.71,0.52
1997-05-21,40.25,25.17,50.74,0.95,0.52
1997-05-22,40.77,25.4,43.71,2.63,0.53
1997-05-23,40.59,27.13,49.59,1.42,0.53
1997-05-24,40.67,25.24,45.48,1.83,0.53
1997-05-25,38.15,27.91,48.96,1.33,0.53
1997-05-26,38.23,27.1,49.16,1.36,0.53
1997-05-27,38.71,26.1,48.5,2.75,0.53
1997-05-28,36.87,25.81,56.17,2.53,0.53
1997-05-29,36.09,25.24,58.53,1.59,0.53
1997-05-30,37.22,25.94,56.14,0.92,0.53
1997-05-31,39.38,25.99,49.06,0.18,0.53
1997-06-01,40.18,27.67,43.43,0.22,0.53
1997-06-02,39.54,29.21,41.09,0.14,0.53
1997-06-03,40.6,28.77,41.8,2.55,0.53
1997-06-04,34.83,28.61,53.03,0.0,0.53
1997-06-05,40.03,27.84,42.37,0.03,0.53
1997-06-06,37.81,28.9,45.91,0.41,0.53
1997-06-07,36.19,28.55,51.33,1.44,0.53
1997-06-08,38.39,27.54,51.56,1.13,0.53
1997-06-09,35.56,26.9,54.49,0.23,0.53
1997-06-10,33.43,26.54,61.89,0.89,0.53
1997-06-11,36.24,25.64,55.46,1.39,0.53
1997-06-12,36.32,26.3,62.87,1.92,0.53
1997-06-13,37.54,25.78,55.48,0.86,0.53
1997-06-14,35.72,26.74,56.16,0.06,0.53
1997-06-15,35.72,27.25,56.29,0.01,0.53
1997-06-16,38.82,27.6,49.38,0.02,0.53
1997-06-17,36.67,28.77,52.41,0.03,0.53
1997-06-18,32.67,26.92,62.36,1.28,0.53
1997-06-19,34.65,26.24,65.76,1.71,0.53
1997-06-20,33.42,26.28,68.77,0.8,0.53
1997-06-21,36.34,25.92,61.16,1.62,0.53
1997-06-22,38.04,27.12,54.58,0.08,0.53
1997-06-23,36.34,26.98,58.78,0.09,0.53
1997-06-24,34.92,26.75,62.7,0.38,0.53
1997-06-25,36.37,26.78,60.94,0.09,0.53
1997-06-26,36.42,27.03,60.99,0.33,0.53
1997-06-27,33.61,26.64,64.05,1.01,0.53
1997-06-28,35.23,25.34,62.43,0.89,0.53
1997-06-29,37.83,26.36,55.95,0.29,0.53
1997-06-30,39.68,27.08,52.87,0.39,0.53
1997-07-01,39.56,27.04,55.53,1.33,0.53
1997-07-02,37.79,26.8,57.89,1.22,0.53
1997-07-03,35.84,26.21,61.17,2.19,0.53
1997-07-04,35.49,25.49,67.01,2.45,0.53
1997-07-05,36.66,26.1,64.42,0.2,0.53
1997-07-06,35.4,26.91,63.89,0.01,0.53
1997-07-07,37.48,26.3,58.1,0.0,0.53
1997-07-08,36.27,26.86,59.65,0.13,0.53
1997-07-09,36.01,26.36,63.4,0.35,0.53
1997-07-10,30.73,26.32,78.02,3.39,0.53
1997-07-11,33.78,25.93,72.0,1.58,0.53
1997-07-12,32.16,25.7,72.13,0.46,0.53
1997-07-13,38.19,25.54,62.05,0.02,0.53
1997-07-14,37.09,26.43,59.57,0.0,0.53
1997-07-15,36.94,28.18,58.01,0.06,0.53
1997-07-16,35.56,28.38,59.84,0.07,0.53
1997-07-17,36.4,27.22,60.62,0.09,0.53
1997-07-18,36.03,27.04,58.89,0.0,0.53
1997-07-19,37.34,26.53,56.29,0.11,0.53
1997-07-20,36.7,26.56,65.54,2.28,0.53
1997-07-21,35.82,26.01,59.53,0.59,0.53
1997-07-22,35.19,27.63,59.87,0.08,0.53
1997-07-23,37.15,26.93,59.89,1.26,0.53
1997-07-24,33.23,26.94,69.89,0.36,0.53
1997-07-25,34.93,26.47,65.9,0.56,0.53
1997-07-26,35.69,26.31,62.0,0.21,0.53
1997-07-27,38.15,26.56,57.97,0.86,0.53
1997-07-28,37.77,27.22,62.45,1.29,0.53
1997-07-29,37.08,27.17,62.87,0.2,0.53
1997-07-30,36.97,25.76,62.1,0.46,0.53
1997-07-31,38.2,26.27,62.35,1.81,0.53
1997-08-01,33.01,26.6,72.89,3.95,0.53
1997-08-02,37.75,25.64,68.33,2.39,0.54
1997-08-03,37.87,27.16,63.33,1.53,0.54
1997-08-04,35.15,26.27,69.91,0.55,0.53
1997-08-05,36.94,25.98,62.17,0.5,0.53
1997-08-06,37.52,25.55,59.41,0.48,0.53
1997-08-07,38.71,25.86,56.45,0.98,0.53
1997-08-08,36.52,26.81,62.6,2.01,0.53
1997-08-09,34.59,26.7,67.76,0.55,0.53
1997-08-10,35.5,26.29,63.29,0.62,0.53
1997-08-11,36.6,25.46,65.91,1.93,0.53
1997-08-12,31.1,25.51,77.13,2.99,0.53
1997-08-13,34.03,24.7,71.43,1.93,0.54
1997-08-14,35.84,25.18,70.52,5.91,0.54
1997-08-15,37.34,25.14,66.49,0.28,0.54
1997-08-16,36.41,25.57,65.76,0.48,0.54
1997-08-17,36.84,26.3,61.53,0.07,0.53
1997-08-18,34.28,26.72,61.62,0.0,0.53
1997-08-19,36.73,25.54,58.39,0.04,0.53
1997-08-20,36.85,25.77,58.48,0.22,0.53
1997-08-21,36.91,25.18,57.12,0.05,0.53
1997-08-22,39.27,25.45,51.52,0.19,0.53
1997-08-23,39.17,28.33,48.52,0.0,0.53
1997-08-24,39.38,28.93,47.8,0.0,0.53
1997-08-25,40.18,28.75,49.12,0.03,0.52
1997-08-26,39.01,27.51,52.68,0.45,0.52
1997-08-27,38.88,27.76,55.71,0.81,0.52
1997-08-28,36.41,26.62,63.02,1.81,0.53
1997-08-29,33.8,26.34,66.9,1.35,0.53
1997-08-30,34.28,25.32,67.87,0.49,0.53
1997-08-31,32.69,24.85,66.44,0.51,0.53
1997-09-01,39.4,25.57,55.38,1.54,0.53
1997-09-02,37.61,26.8,53.62,0.26,0.53
1997-09-03,38.23,27.78,54.01,0.01,0.53
1997-09-04,35.3,26.96,62.78,0.08,0.53
1997-09-05,32.96,26.55,65.99,0.1,0.53
1997-09-06,31.05,26.38,72.42,0.02,0.53
1997-09-07,35.76,25.31,62.82,0.01,0.53
1997-09-08,39.42,25.55,51.87,0.0,0.52
1997-09-09,40.12,25.72,47.83,0.0,0.52
1997-09-10,39.37,28.01,45.31,0.0,0.52
1997-09-11,39.1,27.29,44.47,0.03,0.52
1997-09-12,36.86,27.51,50.05,0.04,0.52
1997-09-13,37.39,27.32,51.77,0.37,0.52
1997-09-14,35.31,26.09,59.14,1.01,0.52
1997-09-15,39.12,26.9,50.87,0.38,0.52
1997-09-16,40.09,26.96,48.09,0.0,0.52
1997-09-17,37.86,27.8,50.43,0.01,0.52
1997-09-18,37.65,28.3,51.83,0.01,0.52
1997-09-19,38.9,28.0,49.84,0.0,0.52
1997-09-20,35.06,28.44,54.4,0.0,0.52
1997-09-21,33.99,25.42,62.42,0.0,0.52
1997-09-22,30.29,25.3,59.7,0.0,0.52
1997-09-23,36.09,25.3,51.5,0.01,0.52
1997-09-24,31.94,26.66,66.91,0.04,0.52
1997-09-25,31.76,25.82,69.28,0.0,0.52
1997-09-26,33.1,24.78,64.53,0.14,0.52
1997-09-27,31.95,25.46,65.65,0.02,0.52
1997-09-28,38.66,25.55,53.25,0.01,0.52
1997-09-29,37.89,26.0,50.15,0.02,0.52
1997-09-30,36.71,26.13,49.3,0.06,0.52
1997-10-01,36.16,25.86,49.6,0.14,0.52
1997-10-02,34.57,25.41,48.38,0.0,0.52
1997-10-03,37.66,24.79,40.36,0.0,0.52
1997-10-04,38.97,26.14,38.67,0.0,0.52
1997-10-05,38.38,27.43,40.4,0.0,0.52
1997-10-06,35.01,26.95,54.81,0.01,0.52
1997-10-07,32.4,25.01,66.43,0.19,0.52
1997-10-08,34.07,25.57,58.48,0.03,0.52
1997-10-09,37.29,24.99,49.09,0.0,0.52
1997-10-10,37.24,25.06,48.03,0.0,0.52
1997-10-11,38.4,26.09,41.39,0.0,0.52
1997-10-12,37.88,26.43,37.95,0.0,0.52
1997-10-13,38.39,26.88,38.9,0.0,0.52
1997-10-14,38.23,26.77,37.31,0.0,0.52
1997-10-15,36.48,26.46,39.77,0.0,0.52
1997-10-16,35.78,26.21,38.28,0.0,0.52
1997-10-17,39.5,26.0,32.97,0.0,0.52
1997-10-18,38.38,26.23,36.57,0.17,0.52
1997-10-19,38.9,27.07,35.52,0.0,0.52
1997-10-20,38.76,27.21,33.19,0.0,0.52
1997-10-21,38.39,24.98,33.25,0.0,0.52
1997-10-22,37.71,25.02,37.07,0.0,0.52
1997-10-23,36.3,24.41,34.79,0.0,0.52
1997-10-24,33.11,24.9,38.69,0.02,0.52
1997-10-25,36.27,24.06,38.77,1.28,0.52
1997-10-26,35.11,26.31,43.26,0.55,0.52
1997-10-27,37.37,24.24,45.0,0.02,0.52
1997-10-28,36.84,25.97,45.57,0.0,0.52
1997-10-29,35.09,24.04,46.54,0.0,0.52
1997-10-30,37.14,24.72,44.53,0.0,0.52
1997-10-31,32.48,25.42,55.32,0.0,0.52
1997-11-01,30.83,24.63,63.25,0.0,0.52
1997-11-02,33.08,23.2,57.15,0.0,0.52
1997-11-03,35.13,23.17,48.38,0.0,0.52
1997-11-04,37.71,24.19,38.79,0.09,0.52
1997-11-05,34.35,25.61,47.37,0.0,0.52
1997-11-06,34.41,25.66,43.72,0.02,0.52
1997-11-07,33.19,25.14,53.16,0.14,0.52
1997-11-08,30.94,23.03,62.05,0.0,0.52
1997-11-09,33.94,23.72,50.56,0.0,0.52
1997-11-10,33.32,23.69,50.12,0.04,0.52
1997-11-11,32.32,22.57,57.16,0.02,0.52
1997-11-12,33.58,22.59,54.4,0.0,0.52
1997-11-13,31.67,23.65,54.48,0.0,0.52
1997-11-14,33.76,21.75,51.0,0.0,0.52
1997-11-15,34.08,20.27,40.38,0.0,0.52
1997-11-16,33.58,20.58,37.84,0.0,0.52
1997-11-17,29.63,21.92,40.95,0.0,0.52
1997-11-18,32.04,20.02,38.11,0.0,0.52
1997-11-19,29.66,21.78,54.56,0.0,0.52
1997-11-20,30.35,20.67,59.8,0.0,0.52
1997-11-21,32.94,21.73,47.46,0.0,0.52
1997-11-22,34.09,20.36,41.79,0.0,0.52
1997-11-23,33.71,19.94,39.27,0.0,0.52
1997-11-24,34.34,20.04,36.03,0.0,0.52
1997-11-25,33.55,19.81,40.14,0.0,0.52
1997-11-26,34.23,19.54,39.52,0.0,0.52
1997-11-27,34.92,19.27,36.23,0.0,0.52
1997-11-28,33.5,20.83,41.33,0.0,0.52
1997-11-29,34.29,20.06,40.86,0.0,0.52
1997-11-30,35.66,20.56,37.72,0.0,0.52
1997-12-01,33.55,20.57,36.91,0.0,0.52
1997-12-02,33.74,20.5,34.04,0.0,0.52
1997-12-03,34.72,20.34,34.2,0.0,0.52
1997-12-04,33.68,19.18,39.5,0.0,0.52
1997-12-05,34.3,18.76,39.74,0.0,0.52
1997-12-06,33.58,19.46,38.13,0.0,0.52
1997-12-07,32.57,18.65,38.69,0.0,0.52
1997-12-08,33.29,19.47,34.84,0.0,0.52
1997-12-09,34.17,18.85,34.54,0.0,0.52
1997-12-10,30.16,20.58,44.99,0.28,0.52
1997-12-11,28.05,20.5,68.1,0.02,0.52
1997-12-12,31.1,20.06,63.68,0.0,0.52
1997-12-13,30.93,17.87,43.48,0.0,0.52
1997-12-14,31.66,16.64,36.76,0.06,0.52
1997-12-15,29.24,19.47,54.38,0.0,0.52
1997-12-16,30.88,17.84,51.35,0.0,0.52
1997-12-17,31.82,15.9,41.34,0.0,0.52
1997-12-18,31.56,17.64,36.96,0.0,0.52
1997-12-19,31.27,15.4,32.11,0.0,0.52
1997-12-20,30.12,14.48,33.82,0.0,0.52
1997-12-21,29.39,13.63,33.52,0.0,0.52
1997-12-22,29.43,13.2,32.52,0.0,0.52
1997-12-23,29.84,11.98,28.76,0.0,0.52
1997-12-24,29.5,14.8,32.47,0.0,0.52
1997-12-25,27.49,13.33,38.76,0.0,0.52
1997-12-26,28.88,12.67,36.95,0.0,0.52
1997-12-27,29.98,13.29,35.23,0.0,0.52
1997-12-28,30.37,13.88,39.28,0.0,0.52
1997-12-29,30.45,14.77,37.6,0.0,0.52
1997-12-30,30.5,14.54,37.09,0.0,0.52
1997-12-31,31.35,14.57,34.84,0.0,0.52
1998-01-01,30.51,15.64,35.28,0.0,0.52
1998-01-02,30.24,13.92,35.69,0.0,0.52
1998-01-03,30.2,13.91,33.75,0.0,0.52
1998-01-04,30.6,12.89,25.05,0.0,0.52
1998-01-05,30.93,14.17,18.9,0.0,0.52
1998-01-06,30.66,13.37,19.51,0.0,0.52
1998-01-07,29.31,11.45,23.68,0.0,0.52
1998-01-08,30.18,10.95,22.24,0.0,0.52
1998-01-09,29.16,11.02,22.86,0.0,0.52
1998-01-10,29.57,11.05,20.79,0.0,0.52
1998-01-11,30.45,11.04,20.84,0.0,0.52
1998-01-12,30.01,10.46,19.36,0.0,0.52
1998-01-13,29.45,10.89,26.62,0.0,0.52
1998-01-14,28.49,12.4,35.99,0.0,0.52
1998-01-15,30.06,12.61,35.76,0.0,0.52
1998-01-16,29.63,12.42,35.75,0.0,0.52
1998-01-17,29.29,12.36,40.2,1.91,0.52
1998-01-18,28.95,12.59,47.37,7.5,0.53
1998-01-19,30.42,15.74,53.14,0.03,0.53
1998-01-20,30.0,15.86,48.84,0.05,0.53
1998-01-21,30.11,15.23,55.29,4.61,0.54
1998-01-22,26.12,13.82,70.04,0.22,0.54
1998-01-23,27.98,13.89,62.36,0.0,0.53
1998-01-24,28.7,13.88,56.12,0.0,0.53
1998-01-25,29.11,14.52,49.15,0.0,0.53
1998-01-26,29.21,14.1,43.35,0.0,0.53
1998-01-27,30.6,13.76,43.51,0.0,0.53
1998-01-28,31.82,15.16,40.21,0.0,0.53
1998-01-29,31.62,14.39,39.98,0.0,0.53
1998-01-30,32.27,14.77,40.27,0.0,0.53
1998-01-31,30.71,16.41,42.85,0.0,0.52
1998-02-01,30.95,15.06,38.53,0.0,0.52
1998-02-02,32.06,14.88,33.86,0.0,0.52
1998-02-03,32.02,13.96,31.02,0.0,0.52
1998-02-04,31.59,15.58,32.33,0.0,0.52
1998-02-05,31.76,15.02,35.62,0.0,0.52
1998-02-06,29.87,14.78,31.1,0.0,0.52
1998-02-07,29.93,13.03,23.39,0.0,0.52
1998-02-08,30.84,14.69,26.02,0.0,0.52
1998-02-09,30.49,14.78,29.41,0.0,0.52
1998-02-10,31.21,14.18,29.02,0.0,0.52
1998-02-11,32.2,13.13,21.81,0.0,0.52
1998-02-12,32.57,12.97,18.75,0.0,0.52
1998-02-13,30.84,12.61,20.43,0.0,0.52
1998-02-14,32.27,13.49,16.57,0.0,0.52
1998-02-15,32.52,14.44,20.55,0.0,0.52
1998-02-16,32.12,14.01,27.08,0.0,0.52
1998-02-17,33.27,15.63,32.04,0.0,0.52
1998-02-18,34.46,17.33,34.68,0.02,0.52
1998-02-19,34.21,20.02,39.47,0.5,0.52
1998-02-20,32.22,21.21,43.35,0.0,0.52
1998-02-21,31.33,20.75,44.84,0.0,0.52
1998-02-22,33.04,19.36,37.59,0.0,0.52
1998-02-23,33.37,18.6,25.45,0.0,0.52
1998-02-24,34.8,18.48,30.07,0.0,0.52
1998-02-25,36.74,20.13,31.09,0.0,0.52
1998-02-26,37.3,20.79,34.64,0.06,0.52
1998-02-27,34.52,22.19,44.07,0.04,0.52
1998-02-28,36.2,23.44,36.56,0.0,0.52
1998-03-01,35.03,20.46,34.96,0.0,0.52
1998-03-02,34.42,19.32,23.56,0.0,0.52
1998-03-03,34.46,16.95,19.4,0.0,0.52
1998-03-04,34.57,15.63,16.62,0.0,0.52
1998-03-05,36.55,16.16,17.41,0.0,0.52
1998-03-06,35.84,17.53,21.62,0.0,0.52
1998-03-07,35.22,18.9,30.99,0.09,0.52
1998-03-08,34.07,19.99,41.29,0.0,0.52
1998-03-09,33.33,17.37,20.12,0.0,0.52
1998-03-10,34.26,14.7,16.14,0.0,0.52
1998-03-11,35.23,16.16,20.26,0.0,0.52
1998-03-12,35.95,17.63,26.72,0.0,0.52
1998-03-13,37.0,19.06,29.48,0.01,0.52
1998-03-14,36.42,22.18,33.04,0.0,0.52
1998-03-15,35.79,23.94,35.11,0.0,0.52
1998-03-16,36.57,21.32,23.4,0.0,0.52
1998-03-17,37.25,19.03,16.0,0.0,0.52
1998-03-18,35.24,20.6,16.17,0.0,0.52
1998-03-19,34.33,19.41,20.92,0.0,0.52
1998-03-20,36.29,18.75,26.96,0.0,0.52
1998-03-21,37.46,20.84,23.75,0.0,0.52
1998-03-22,38.82,21.48,30.38,0.03,0.52
1998-03-23,40.06,23.99,34.63,0.1,0.52
1998-03-24,41.28,23.63,34.03,0.12,0.52
1998-03-25,38.07,21.79,25.48,0.01,0.52
1998-03-26,35.45,23.16,39.72,0.0,0.52
1998-03-27,36.37,23.29,30.84,0.0,0.52
1998-03-28,38.21,21.42,25.33,0.0,0.52
1998-03-29,39.5,20.72,22.64,0.18,0.52
1998-03-30,40.65,22.03,20.88,0.01,0.52
1998-03-31,35.79,22.93,35.91,0.0,0.52
1998-04-01,36.46,21.14,30.99,0.0,0.52
1998-04-02,38.33,20.5,22.19,0.0,0.52
1998-04-03,40.08,22.66,22.47,0.0,0.52
1998-04-04,39.77,22.68,28.45,0.0,0.52
1998-04-05,40.35,24.34,23.47,0.0,0.52
1998-04-06,39.72,23.1,25.64,0.03,0.52
1998-04-07,38.01,24.5,32.17,0.0,0.52
1998-04-08,39.29,24.87,29.76,0.0,0.52
1998-04-09,40.63,27.35,28.49,0.0,0.52
1998-04-10,42.06,27.66,30.18,0.0,0.52
1998-04-11,42.44,26.14,31.56,0.0,0.52
1998-04-12,42.78,26.54,27.83,0.0,0.52
1998-04-13,42.99,25.54,26.14,0.0,0.52
1998-04-14,42.47,28.44,27.53,0.0,0.52
1998-04-15,41.57,31.5,24.77,0.0,0.52
1998-04-16,41.98,30.01,25.61,0.0,0.52
1998-04-17,37.58,28.59,30.5,0.0,0.52
1998-04-18,38.69,25.63,28.83,0.0,0.52
1998-04-19,39.43,29.11,28.79,0.0,0.52
1998-04-20,38.23,27.96,35.66,0.01,0.52
1998-04-21,40.8,28.07,36.49,0.16,0.52
1998-04-22,37.35,26.28,51.08,4.82,0.52
1998-04-23,36.32,24.82,53.12,0.07,0.53
1998-04-24,36.45,26.22,48.01,0.3,0.52
1998-04-25,39.04,27.28,36.98,0.0,0.52
1998-04-26,40.35,27.83,33.59,0.0,0.52
1998-04-27,39.85,27.83,35.69,0.23,0.52
1998-04-28,39.44,28.56,38.6,0.08,0.52
1998-04-29,39.09,29.29,36.18,0.07,0.52
1998-04-30,39.08,28.26,39.85,0.02,0.52
1998-05-01,40.59,29.09,36.31,0.0,0.52
1998-05-02,41.07,30.49,34.66,0.87,0.52
1998-05-03,35.34,28.99,42.82,0.23,0.52
1998-05-04,39.2,28.88,39.6,0.02,0.52
1998-05-05,38.79,28.57,41.15,0.01,0.52
1998-05-06,41.14,27.87,34.48,0.0,0.52
1998-05-07,42.11,27.75,32.57,0.0,0.52
1998-05-08,42.55,28.99,31.37,0.0,0.52
1998-05-09,43.38,30.54,30.53,0.0,0.52
1998-05-10,43.38,31.11,31.14,0.01,0.52
1998-05-11,42.29,32.03,31.84,0.04,0.52
1998-05-12,42.36,31.03,32.92,0.63,0.52
1998-05-13,39.47,30.13,34.42,0.58,0.52
1998-05-14,42.34,31.05,31.71,0.0,0.52
1998-05-15,42.95,31.25,27.91,0.0,0.52
1998-05-16,41.79,32.33,28.21,0.0,0.52
1998-05-17,37.96,30.67,35.97,0.0,0.52
1998-05-18,33.58,27.14,57.51,0.02,0.52
1998-05-19,34.61,24.73,65.5,0.85,0.52
1998-05-20,34.37,26.79,69.59,8.11,0.53
1998-05-21,37.26,28.29,61.16,0.03,0.53
1998-05-22,37.59,27.27,57.5,0.26,0.53
1998-05-23,40.69,28.04,45.67,0.01,0.53
1998-05-24,41.61,29.56,43.33,0.11,0.53
1998-05-25,39.83,29.6,48.26,0.01,0.53
1998-05-26,37.25,27.81,60.68,0.42,0.52
1998-05-27,34.77,27.49,61.56,5.08,0.53
1998-05-28,40.8,25.82,52.59,0.01,0.53
1998-05-29,40.71,28.65,48.22,0.0,0.53
1998-05-30,43.26,30.09,42.82,0.0,0.53
1998-05-31,41.89,30.87,41.91,0.0,0.52
1998-06-01,39.05,29.96,45.74,0.0,0.52
1998-06-02,37.82,28.89,51.4,0.0,0.52
1998-06-03,43.32,28.95,39.45,0.02,0.52
1998-06-04,41.46,31.6,38.07,0.0,0.52
1998-06-05,39.09,31.26,43.07,0.0,0.52
1998-06-06,40.12,30.75,43.85,0.0,0.52
1998-06-07,40.08,29.63,45.51,0.01,0.52
1998-06-08,39.44,29.18,48.16,0.1,0.52
1998-06-09,41.6,28.29,45.51,0.0,0.52
1998-06-10,37.41,29.92,51.24,0.0,0.52
1998-06-11,38.51,28.81,50.43,0.0,0.52
1998-06-12,40.59,29.65,46.56,0.0,0.52
1998-06-13,40.18,29.8,45.97,0.01,0.52
1998-06-14,40.67,30.3,44.35,0.08,0.52
1998-06-15,39.2,30.05,50.74,4.52,0.53
1998-06-16,36.01,30.25,55.79,0.0,0.53
1998-06-17,37.91,29.29,50.44,0.0,0.53
1998-06-18,38.5,29.62,49.41,0.02,0.53
1998-06-19,38.48,29.34,52.44,0.01,0.52
1998-06-20,39.79,28.3,52.69,0.02,0.52
1998-06-21,40.23,28.67,51.77,0.01,0.52
1998-06-22,39.26,28.39,52.58,0.01,0.52
1998-06-23,40.1,28.6,52.43,0.01,0.52
1998-06-24,40.55,28.75,49.52,0.24,0.52
1998-06-25,39.5,28.68,50.73,0.0,0.52
1998-06-26,39.65,29.23,51.19,0.0,0.52
1998-06-27,40.47,29.04,49.96,0.0,0.52
1998-06-28,39.89,29.47,49.08,0.01,0.52
1998-06-29,39.86,29.89,45.26,0.0,0.52
1998-06-30,40.02,30.13,45.46,0.0,0.52
1998-07-01,41.38,29.89,47.41,0.0,0.52
1998-07-02,37.34,29.45,54.58,0.03,0.52
1998-07-03,38.01,28.54,56.25,0.1,0.52
1998-07-04,38.19,27.75,54.98,0.1,0.52
1998-07-05,37.98,27.02,55.38,0.15,0.52
1998-07-06,36.21,27.41,56.91,0.09,0.52
1998-07-07,37.16,27.24,54.4,0.0,0.52
1998-07-08,37.59,27.56,53.06,0.01,0.52
1998-07-09,38.37,28.15,55.96,0.02,0.52
1998-07-10,37.57,27.41,55.81,0.02,0.52
1998-07-11,36.58,27.42,58.67,0.06,0.52
1998-07-12,35.51,26.79,58.24,0.08,0.52
1998-07-13,35.15,26.42,57.85,0.06,0.52
1998-07-14,38.15,27.41,49.09,0.01,0.52
1998-07-15,37.99,27.38,52.77,0.02,0.52
1998-07-16,38.11,27.7,51.85,0.09,0.52
1998-07-17,35.19,27.3,61.14,0.0,0.52
1998-07-18,37.56,26.94,55.41,0.01,0.52
1998-07-19,37.6,28.32,48.34,0.0,0.52
1998-07-20,39.92,28.92,43.08,0.0,0.52
1998-07-21,42.41,29.69,39.75,0.01,0.52
1998-07-22,43.98,30.37,35.64,0.02,0.52
1998-07-23,40.64,31.18,41.89,0.26,0.52
1998-07-24,36.1,29.62,52.53,0.0,0.52
1998-07-25,40.47,29.4,47.03,0.06,0.52
1998-07-26,36.76,29.45,51.63,1.39,0.52
1998-07-27,38.55,28.64,50.76,0.0,0.52
1998-07-28,40.39,28.69,47.26,0.0,0.52
1998-07-29,41.21,28.61,46.21,0.04,0.52
1998-07-30,39.65,29.0,45.17,0.32,0.52
1998-07-31,40.05,30.79,46.49,0.0,0.52
1998-08-01,36.63,29.32,52.07,0.02,0.52
1998-08-02,39.66,28.56,51.01,0.07,0.52
1998-08-03,40.21,27.83,48.59,0.11,0.52
1998-08-04,39.71,28.97,46.92,0.03,0.52
1998-08-05,38.17,28.59,51.86,0.01,0.52
1998-08-06,40.19,27.82,48.51,0.0,0.52
1998-08-07,41.43,27.95,45.85,0.0,0.52
1998-08-08,37.88,30.25,48.51,0.0,0.52
1998-08-09,36.88,28.46,55.17,0.69,0.52
1998-08-10,35.45,26.77,61.54,4.46,0.53
1998-08-11,38.41,27.0,59.31,0.08,0.53
1998-08-12,38.86,26.67,53.71,0.17,0.53
1998-08-13,36.44,27.17,58.13,0.16,0.53
1998-08-14,38.01,26.61,52.86,0.01,0.53
1998-08-15,39.68,28.49,49.11,0.02,0.52
1998-08-16,37.22,29.38,49.75,0.0,0.52
1998-08-17,37.47,29.38,50.02,0.0,0.52
1998-08-18,36.51,29.58,49.23,0.0,0.52
1998-08-19,39.9,27.5,47.73,0.0,0.52
1998-08-20,42.02,29.08,42.94,0.01,0.52
1998-08-21,38.87,30.69,47.89,0.0,0.52
1998-08-22,36.98,28.21,55.55,0.0,0.52
1998-08-23,36.94,29.48,50.43,0.11,0.52
1998-08-24,36.57,28.06,56.0,2.25,0.52
1998-08-25,38.98,28.16,50.11,0.04,0.52
1998-08-26,36.11,28.46,50.96,0.03,0.52
1998-08-27,40.4,27.48,47.12,0.1,0.52
1998-08-28,39.46,28.7,46.78,0.07,0.52
1998-08-29,38.4,28.72,49.05,0.19,0.52
1998-08-30,39.13,28.17,48.97,0.11,0.52
1998-08-31,41.41,27.96,47.69,0.01,0.52
1998-09-01,37.89,28.91,48.9,0.01,0.52
1998-09-02,40.32,28.11,47.84,0.05,0.52
1998-09-03,39.13,28.57,49.32,0.0,0.52
1998-09-04,38.9,28.97,49.14,0.03,0.52
1998-09-05,34.5,27.25,63.95,0.02,0.52
1998-09-06,32.3,26.64,67.74,0.01,0.52
1998-09-07,31.54,26.23,56.62,0.0,0.52
1998-09-08,33.94,24.43,58.26,0.01,0.52
1998-09-09,31.94,25.96,64.35,0.01,0.52
1998-09-10,36.25,24.92,58.94,0.0,0.52
1998-09-11,39.83,25.6,49.45,0.02,0.52
1998-09-12,40.11,28.9,42.98,0.0,0.52
1998-09-13,40.0,28.86,42.24,0.01,0.52
1998-09-14,40.83,29.44,41.52,0.0,0.52
1998-09-15,42.26,30.34,38.05,0.0,0.52
1998-09-16,37.14,30.63,48.51,0.01,0.52
1998-09-17,40.01,28.68,44.37,0.02,0.52
1998-09-18,38.86,30.31,45.53,0.0,0.52
1998-09-19,36.46,29.49,49.15,0.01,0.52
1998-09-20,40.79,28.67,43.79,0.0,0.52
1998-09-21,40.31,28.71,44.36,0.0,0.52
1998-09-22,40.33,29.37,43.25,0.0,0.52
1998-09-23,39.67,29.92,45.09,0.02,0.52
1998-09-24,41.03,29.41,41.73,0.0,0.52
1998-09-25,41.32,29.92,39.86,0.0,0.52
1998-09-26,40.08,30.9,43.03,0.0,0.52
1998-09-27,34.43,29.82,51.79,0.0,0.52
1998-09-28,37.68,28.02,43.17,0.0,0.52
1998-09-29,41.57,26.08,32.24,0.04,0.52
1998-09-30,40.91,26.03,31.03,0.0,0.52
1998-10-01,40.63,26.41,31.64,0.0,0.52
1998-10-02,40.56,28.15,36.33,0.01,0.52
1998-10-03,40.04,27.57,36.15,0.0,0.52
1998-10-04,39.7,25.31,28.37,0.0,0.52
1998-10-05,39.94,24.92,25.89,0.0,0.52
1998-10-06,41.46,25.81,26.47,0.0,0.52
1998-10-07,41.67,28.1,31.14,0.0,0.52
1998-10-08,40.04,30.44,41.29,0.08,0.52
1998-10-09,36.42,28.76,51.44,0.0,0.52
1998-10-10,38.4,28.45,46.01,0.0,0.52
1998-10-11,36.79,28.91,49.44,0.01,0.52
1998-10-12,38.61,28.23,45.78,0.06,0.52
1998-10-13,32.74,28.01,59.61,0.05,0.52
1998-10-14,37.28,27.06,50.48,0.01,0.52
1998-10-15,35.63,27.38,56.98,0.15,0.52
1998-10-16,39.73,26.13,48.39,0.12,0.52
1998-10-17,39.68,28.22,44.89,0.0,0.52
1998-10-18,40.08,28.5,46.14,0.15,0.52
1998-10-19,36.23,28.09,52.28,0.03,0.52
1998-10-20,38.43,27.85,48.07,0.17,0.52
1998-10-21,37.53,27.16,49.84,0.09,0.52
1998-10-22,39.02,26.64,44.81,0.0,0.52
1998-10-23,38.1,27.91,44.64,0.0,0.52
1998-10-24,39.67,27.59,40.14,0.0,0.52
1998-10-25,40.48,27.84,38.0,0.0,0.52
1998-10-26,38.77,28.76,41.66,0.0,0.52
1998-10-27,36.47,28.7,46.2,0.0,0.52
1998-10-28,37.69,27.44,46.22,0.01,0.52
1998-10-29,38.86,27.38,41.69,0.15,0.52
1998-10-30,37.23,26.23,46.43,0.17,0.52
1998-10-31,34.99,24.26,49.67,0.02,0.52
1998-11-01,38.17,24.94,41.7,0.0,0.52
1998-11-02,37.54,27.44,40.11,0.0,0.52
1998-11-03,34.79,24.18,49.35,0.0,0.52
1998-11-04,35.6,21.21,36.44,0.0,0.52
1998-11-05,36.72,21.33,34.36,0.0,0.52
1998-11-06,36.58,23.3,31.74,0.0,0.52
1998-11-07,36.09,21.91,30.18,0.0,0.52
1998-11-08,36.27,21.05,30.98,0.0,0.52
1998-11-09,36.15,20.91,30.09,0.0,0.52
1998-11-10,36.87,20.82,29.33,0.0,0.52
1998-11-11,37.24,22.56,30.55,0.0,0.52
1998-11-12,36.44,23.12,36.37,0.0,0.52
1998-11-13,35.57,24.16,35.95,0.0,0.52
1998-11-14,36.22,22.49,34.85,0.0,0.52
1998-11-15,35.95,22.82,34.25,0.0,0.52
1998-11-16,37.28,21.95,34.81,0.0,0.52
1998-11-17,37.81,22.68,32.71,0.0,0.52
1998-11-18,38.11,22.81,33.19,0.0,0.52
1998-11-19,38.13,24.13,34.88,0.21,0.52
1998-11-20,36.6,25.94,48.35,0.0,0.52
1998-11-21,32.56,27.16,55.45,3.28,0.52
1998-11-22,29.64,23.37,76.63,19.12,0.55
1998-11-23,31.83,22.44,70.94,0.06,0.56
1998-11-24,33.15,22.8,67.34,0.0,0.55
1998-11-25,33.52,23.57,64.61,0.0,0.55
1998-11-26,33.28,23.61,63.57,0.0,0.55
1998-11-27,34.18,22.54,63.46,0.0,0.54
1998-11-28,34.64,21.87,55.94,0.0,0.54
1998-11-29,35.01,21.3,52.68,0.0,0.54
1998-11-30,34.99,21.33,50.69,0.0,0.54
1998-12-01,34.45,21.35,48.67,0.0,0.53
1998-12-02,34.15,20.28,48.57,0.0,0.53
1998-12-03,33.55,19.54,42.11,0.0,0.53
1998-12-04,33.96,17.81,39.51,0.0,0.53
1998-12-05,34.38,17.54,38.42,0.0,0.53
1998-12-06,34.23,17.09,34.2,0.0,0.53
1998-12-07,34.32,16.36,32.35,0.0,0.53
1998-12-08,33.76,16.62,34.75,0.0,0.53
1998-12-09,32.86,15.67,34.72,0.0,0.53
1998-12-10,32.42,17.3,36.17,0.0,0.52
1998-12-11,31.22,18.08,36.88,0.0,0.52
1998-12-12,31.04,17.98,40.56,0.0,0.52
1998-12-13,31.22,16.69,41.14,0.0,0.52
1998-12-14,32.1,16.42,37.29,0.0,0.52
1998-12-15,30.3,16.13,34.86,0.0,0.52
1998-12-16,30.52,14.75,35.83,0.0,0.52
1998-12-17,31.43,15.61,38.62,0.0,0.52
1998-12-18,30.92,15.74,37.61,0.0,0.52
1998-12-19,31.22,15.58,36.36,0.0,0.52
1998-12-20,31.4,15.77,32.93,0.0,0.52
1998-12-21,31.96,15.67,31.83,0.0,0.52
1998-12-22,31.63,15.17,32.13,0.0,0.52
1998-12-23,31.62,15.28,33.57,0.0,0.52
1998-12-24,32.31,15.58,35.76,0.0,0.52
1998-12-25,32.74,15.97,36.92,0.0,0.52
1998-12-26,32.46,17.2,35.3,0.0,0.52
1998-12-27,32.57,16.18,31.91,0.0,0.52
1998-12-28,32.28,15.79,33.84,0.0,0.52
1998-12-29,32.86,15.99,31.74,0.0,0.52
1998-12-30,31.99,13.95,33.8,0.0,0.52
1998-12-31,31.65,14.71,29.78,0.0,0.52
1999-01-01,31.26,14.41,26.52,0.0,0.52
1999-01-02,30.84,14.03,30.38,0.0,0.52
1999-01-03,30.67,13.68,28.65,0.0,0.52
1999-01-04,30.82,12.66,21.16,0.0,0.52
1999-01-05,30.58,12.28,20.5,0.0,0.52
1999-01-06,30.39,11.89,20.52,0.0,0.52
1999-01-07,31.28,13.26,20.94,0.0,0.52
1999-01-08,30.44,15.77,23.01,0.0,0.52
1999-01-09,30.3,15.47,31.09,0.0,0.52
1999-01-10,29.84,18.04,40.15,0.0,0.52
1999-01-11,28.27,14.97,39.53,0.0,0.52
1999-01-12,28.7,11.29,28.58,0.0,0.52
1999-01-13,30.37,12.13,25.17,0.0,0.52
1999-01-14,30.95,14.02,32.42,0.0,0.52
1999-01-15,31.65,13.81,30.11,0.0,0.52
1999-01-16,30.99,12.93,26.82,0.0,0.52
1999-01-17,31.75,13.56,25.45,0.0,0.52
1999-01-18,30.48,13.55,21.21,0.0,0.52
1999-01-19,30.32,12.35,19.55,0.0,0.52
1999-01-20,31.72,12.31,20.25,0.0,0.52
1999-01-21,32.17,13.17,21.27,0.0,0.52
1999-01-22,32.94,13.51,21.6,0.0,0.52
1999-01-23,32.67,13.99,22.87,0.0,0.52
1999-01-24,32.51,13.49,21.74,0.0,0.52
1999-01-25,32.09,13.66,21.88,0.0,0.52
1999-01-26,31.19,13.2,25.99,0.0,0.52
1999-01-27,30.83,14.53,26.94,0.0,0.52
1999-01-28,29.64,13.34,28.51,0.0,0.52
1999-01-29,33.4,14.99,26.96,0.0,0.52
1999-01-30,31.79,14.0,25.32,0.0,0.52
1999-01-31,31.95,15.38,24.44,0.0,0.52
1999-02-01,31.21,15.5,22.31,0.0,0.52
1999-02-02,32.3,14.45,20.38,0.0,0.52
1999-02-03,34.33,15.69,17.75,0.0,0.52
1999-02-04,34.89,18.73,19.6,0.0,0.52
1999-02-05,35.52,21.68,32.82,0.0,0.52
1999-02-06,34.57,20.23,34.58,0.0,0.52
1999-02-07,34.89,19.47,27.61,0.0,0.52
1999-02-08,35.78,17.85,26.1,0.0,0.52
1999-02-09,35.66,18.25,26.9,0.0,0.52
1999-02-10,35.9,18.88,26.4,0.0,0.52
1999-02-11,36.56,18.95,23.39,0.0,0.52
1999-02-12,37.34,19.69,24.02,0.0,0.52
1999-02-13,36.79,20.57,24.52,0.0,0.52
1999-02-14,37.22,19.6,24.22,0.0,0.52
1999-02-15,36.44,18.54,22.36,0.0,0.52
1999-02-16,36.7,17.94,21.89,0.0,0.52
1999-02-17,36.5,17.59,20.92,0.0,0.52
1999-02-18,36.24,17.06,18.6,0.0,0.52
1999-02-19,36.12,16.38,17.78,0.0,0.52
1999-02-20,36.47,16.6,19.44,0.0,0.52
1999-02-21,35.73,17.43,21.96,0.11,0.52
1999-02-22,35.17,17.63,16.44,0.0,0.52
1999-02-23,34.67,16.31,17.99,0.0,0.52
1999-02-24,35.9,16.49,17.5,0.0,0.52
1999-02-25,36.8,17.34,18.13,0.0,0.52
1999-02-26,36.7,18.47,21.96,0.0,0.52
1999-02-27,38.16,19.3,20.62,0.0,0.52
1999-02-28,37.9,20.6,23.36,0.0,0.52
1999-03-01,36.74,20.7,20.66,0.0,0.52
1999-03-02,35.22,19.71,23.36,0.0,0.52
1999-03-03,35.2,18.32,19.97,0.0,0.52
1999-03-04,36.66,16.25,14.62,0.0,0.52
1999-03-05,37.08,16.34,15.66,0.0,0.52
1999-03-06,36.31,17.52,14.85,0.0,0.52
1999-03-07,35.86,17.03,18.59,0.0,0.52
1999-03-08,36.42,18.32,26.83,0.0,0.52
1999-03-09,39.18,18.77,23.41,0.0,0.52
1999-03-10,39.79,19.02,24.17,0.0,0.52
1999-03-11,39.43,20.81,27.68,0.0,0.52
1999-03-12,39.97,21.01,30.48,0.0,0.52
1999-03-13,38.62,22.54,33.49,0.0,0.52
1999-03-14,38.65,24.84,32.71,0.0,0.52
1999-03-15,37.56,26.28,21.91,0.0,0.52
1999-03-16,37.49,20.62,14.58,0.0,0.52
1999-03-17,36.96,18.28,12.47,0.0,0.52
1999-03-18,39.63,19.23,25.64,0.0,0.52
1999-03-19,39.66,21.1,28.31,0.0,0.52
1999-03-20,38.25,22.39,24.9,0.0,0.52
1999-03-21,37.04,20.26,12.92,0.0,0.52
1999-03-22,36.85,18.91,12.28,0.0,0.52
1999-03-23,37.63,18.68,11.76,0.0,0.52
1999-03-24,37.03,17.97,15.55,0.0,0.52
1999-03-25,38.42,19.85,29.63,0.0,0.52
1999-03-26,38.55,20.84,28.41,0.02,0.52
1999-03-27,39.39,21.63,37.03,0.0,0.52
1999-03-28,38.69,21.37,33.47,0.0,0.52
1999-03-29,39.25,23.57,22.18,0.0,0.52
1999-03-30,40.2,23.16,23.51,0.0,0.52
1999-03-31,40.22,24.74,25.44,0.0,0.52
1999-04-01,40.26,24.25,29.63,0.0,0.52
1999-04-02,41.99,25.76,28.9,0.0,0.52
1999-04-03,42.23,27.11,26.42,0.0,0.52
1999-04-04,41.92,26.09,20.7,0.0,0.51
1999-04-05,38.74,26.92,20.9,0.03,0.51
1999-04-06,38.83,26.23,31.42,0.92,0.52
1999-04-07,35.66,26.48,48.3,2.15,0.52
1999-04-08,35.98,25.79,47.82,0.01,0.52
1999-04-09,37.29,25.98,40.98,0.0,0.52
1999-04-10,37.41,27.14,37.91,0.0,0.52
1999-04-11,40.09,26.25,32.63,0.0,0.52
1999-04-12,40.91,28.15,32.58,0.0,0.52
1999-04-13,41.95,27.37,31.8,0.0,0.52
1999-04-14,39.49,27.93,37.83,0.0,0.52
1999-04-15,36.99,29.31,45.53,0.0,0.52
1999-04-16,37.66,28.07,48.26,0.0,0.52
1999-04-17,40.88,26.77,42.86,0.0,0.52
1999-04-18,40.33,28.07,38.45,0.0,0.52
1999-04-19,40.4,29.19,34.97,0.0,0.52
1999-04-20,40.52,29.85,32.05,0.0,0.52
1999-04-21,41.2,30.54,32.11,0.0,0.52
1999-04-22,42.78,28.86,30.06,0.0,0.52
1999-04-23,42.4,29.2,32.21,0.0,0.52
1999-04-24,41.9,29.08,36.6,0.0,0.52
1999-04-25,43.06,29.74,32.28,0.0,0.52
1999-04-26,43.6,30.36,28.83,0.0,0.52
1999-04-27,45.09,29.83,25.68,0.0,0.52
1999-04-28,40.09,31.04,40.63,0.0,0.52
1999-04-29,42.07,30.64,39.81,0.0,0.52
1999-04-30,41.4,29.76,36.72,0.0,0.52
1999-05-01,41.8,30.66,33.52,0.0,0.52
1999-05-02,43.01,29.64,37.13,0.0,0.52
1999-05-03,40.41,30.34,38.14,0.0,0.52
1999-05-04,39.99,30.33,39.07,0.0,0.52
1999-05-05,37.39,30.66,42.6,0.0,0.52
1999-05-06,37.64,28.81,41.82,0.0,0.52
1999-05-07,41.12,27.1,37.35,0.0,0.52
1999-05-08,39.45,29.5,36.33,0.0,0.52
1999-05-09,34.41,29.67,45.47,0.0,0.52
1999-05-10,35.13,27.22,51.47,0.0,0.52
1999-05-11,33.02,26.62,47.83,0.0,0.52
1999-05-12,32.33,25.03,44.7,0.0,0.52
1999-05-13,39.17,24.34,41.03,0.0,0.52
1999-05-14,39.01,27.85,42.26,0.0,0.52
1999-05-15,38.42,28.04,41.77,0.0,0.52
1999-05-16,39.63,27.71,37.4,0.0,0.52
1999-05-17,41.11,27.64,36.17,0.0,0.52
1999-05-18,38.79,29.11,39.37,0.0,0.52
1999-05-19,36.47,29.21,42.63,0.0,0.52
1999-05-20,34.73,27.93,52.91,0.0,0.52
1999-05-21,36.06,27.42,50.19,0.0,0.52
1999-05-22,36.4,27.38,50.84,0.01,0.52
1999-05-23,36.96,27.23,51.37,0.0,0.52
1999-05-24,39.5,28.01,46.97,0.0,0.52
1999-05-25,37.4,28.75,52.79,0.0,0.52
1999-05-26,37.35,27.91,51.89,0.0,0.52
1999-05-27,37.95,28.14,50.85,0.0,0.52
1999-05-28,36.42,28.25,53.04,0.0,0.52
1999-05-29,37.19,27.62,54.87,0.0,0.52
1999-05-30,40.07,27.38,46.4,0.0,0.52
1999-05-31,42.01,27.85,42.76,0.0,0.52
1999-06-01,41.56,29.31,43.86,0.0,0.52
1999-06-02,41.84,28.19,33.7,0.0,0.52
1999-06-03,41.11,30.4,37.0,0.0,0.52
1999-06-04,36.37,29.6,47.66,0.0,0.52
1999-06-05,38.2,26.78,53.08,0.0,0.52
1999-06-06,40.96,28.09,42.07,0.0,0.52
1999-06-07,40.26,30.63,40.75,0.01,0.52
1999-06-08,39.24,30.37,47.13,0.05,0.52
1999-06-09,38.0,28.65,55.0,2.01,0.52
1999-06-10,37.83,27.3,52.44,0.0,0.52
1999-06-11,40.26,27.76,45.95,0.0,0.52
1999-06-12,40.21,27.94,43.34,0.0,0.52
1999-06-13,39.14,30.03,45.82,0.0,0.52
1999-06-14,37.88,29.46,49.51,0.0,0.52
1999-06-15,35.84,29.26,53.94,0.0,0.52
1999-06-16,39.55,27.61,49.16,0.0,0.52
1999-06-17,40.39,27.92,46.93,0.0,0.52
1999-06-18,39.82,27.35,46.68,0.0,0.52
1999-06-19,41.51,28.95,43.63,0.0,0.52
1999-06-20,40.88,29.25,45.34,0.0,0.52
1999-06-21,38.16,27.77,52.49,0.0,0.52
1999-06-22,40.65,27.1,51.9,0.0,0.52
1999-06-23,39.05,28.27,50.28,0.0,0.52
1999-06-24,40.48,27.79,48.23,0.0,0.52
1999-06-25,39.02,27.13,52.02,0.0,0.52
1999-06-26,39.22,27.46,53.86,0.0,0.52
1999-06-27,38.66,27.6,51.77,0.04,0.52
1999-06-28,39.3,28.17,46.58,0.0,0.52
1999-06-29,39.49,27.18,44.94,0.02,0.52
1999-06-30,41.91,30.03,41.91,0.05,0.52
1999-07-01,40.85,29.97,43.49,0.03,0.52
1999-07-02,35.41,29.37,56.09,0.0,0.52
1999-07-03,37.05,28.63,47.28,0.0,0.52
1999-07-04,37.71,29.3,47.19,0.0,0.52
1999-07-05,36.7,28.15,50.6,0.0,0.52
1999-07-06,38.36,27.24,53.3,0.01,0.52
1999-07-07,41.64,27.0,45.22,0.0,0.52
1999-07-08,40.63,28.96,40.71,0.01,0.52
1999-07-09,40.7,29.36,40.09,0.0,0.52
1999-07-10,37.8,30.07,44.75,0.01,0.52
1999-07-11,39.59,28.61,48.6,0.26,0.52
1999-07-12,39.68,26.68,48.26,0.06,0.52
1999-07-13,40.05,26.65,49.56,0.02,0.52
1999-07-14,40.17,28.35,51.89,0.0,0.52
1999-07-15,40.73,27.73,48.29,0.01,0.52
1999-07-16,38.73,28.81,51.83,0.0,0.52
1999-07-17,38.19,27.96,52.82,0.01,0.52
1999-07-18,38.24,27.66,52.68,0.03,0.52
1999-07-19,38.98,27.51,50.41,0.08,0.52
1999-07-20,39.11,27.54,50.7,0.03,0.52
1999-07-21,36.74,27.29,55.11,0.01,0.52
1999-07-22,37.4,27.43,50.51,0.0,0.52
1999-07-23,39.29,27.56,50.79,0.0,0.52
1999-07-24,40.31,27.67,48.58,0.0,0.52
1999-07-25,37.58,28.28,52.52,0.0,0.52
1999-07-26,38.83,27.69,53.7,0.01,0.52
1999-07-27,39.4,26.99,51.36,0.0,0.52
1999-07-28,40.28,27.69,50.63,0.01,0.52
1999-07-29,40.28,27.95,49.77,0.0,0.52
1999-07-30,40.33,28.66,45.62,0.01,0.52
1999-07-31,39.14,29.84,47.03,0.0,0.52
1999-08-01,39.84,28.14,51.56,0.01,0.52
1999-08-02,38.07,28.03,51.63,0.03,0.52
1999-08-03,40.98,26.8,46.08,0.04,0.52
1999-08-04,36.78,28.29,49.79,0.0,0.52
1999-08-05,36.96,27.93,53.57,0.04,0.52
1999-08-06,35.52,27.84,56.9,0.03,0.52
1999-08-07,32.03,26.34,69.27,0.04,0.52
1999-08-08,31.23,26.19,71.28,0.08,0.52
1999-08-09,34.73,26.4,62.35,0.04,0.52
1999-08-10,39.07,25.97,50.53,0.03,0.52
1999-08-11,39.73,28.07,44.87,0.05,0.52
1999-08-12,38.65,28.07,50.2,0.2,0.52
1999-08-13,38.66,28.23,47.87,0.04,0.52
1999-08-14,37.72,26.09,53.05,0.06,0.52
1999-08-15,35.71,26.18,57.81,0.03,0.52
1999-08-16,40.03,26.71,50.07,0.0,0.52
1999-08-17,36.18,27.1,52.02,0.0,0.52
1999-08-18,36.15,26.99,53.32,0.01,0.52
1999-08-19,39.91,27.25,47.5,0.01,0.52
1999-08-20,41.25,28.7,44.71,0.0,0.52
1999-08-21,40.82,28.16,43.74,0.0,0.52
1999-08-22,41.77,29.39,40.41,0.03,0.52
1999-08-23,38.89,30.51,45.46,0.0,0.52
1999-08-24,36.38,28.87,51.32,0.0,0.52
1999-08-25,38.99,28.36,50.07,0.01,0.52
1999-08-26,36.9,27.83,53.91,0.08,0.52
1999-08-27,37.03,27.15,53.66,0.06,0.52
1999-08-28,38.61,27.3,49.12,0.01,0.52
1999-08-29,37.82,28.1,49.84,0.01,0.52
1999-08-30,39.24,26.82,50.42,0.02,0.52
1999-08-31,38.33,26.93,52.29,0.01,0.52
1999-09-01,36.84,26.88,50.37,0.0,0.52
1999-09-02,38.9,27.8,47.84,0.0,0.52
1999-09-03,40.14,27.34,47.67,0.0,0.52
1999-09-04,40.2,28.33,44.46,0.0,0.52
1999-09-05,39.88,29.29,43.44,0.0,0.52
1999-09-06,37.67,29.38,49.06,0.0,0.52
1999-09-07,36.0,28.63,52.63,0.0,0.52
1999-09-08,33.39,27.87,53.94,0.01,0.52
1999-09-09,37.42,27.59,51.7,0.0,0.52
1999-09-10,36.05,27.21,53.62,0.02,0.52
1999-09-11,35.07,27.87,51.86,0.01,0.52
1999-09-12,39.44,26.12,47.53,0.0,0.52
1999-09-13,38.13,27.59,47.62,0.01,0.52
1999-09-14,40.27,28.22,44.23,0.06,0.52
1999-09-15,40.84,28.66,42.32,0.0,0.52
1999-09-16,38.05,29.63,45.33,0.01,0.52
1999-09-17,37.28,28.56,50.64,0.0,0.52
1999-09-18,34.56,27.67,55.32,0.0,0.52
1999-09-19,35.4,27.33,54.12,0.02,0.52
1999-09-20,35.7,27.21,53.49,0.03,0.52
1999-09-21,36.41,26.58,52.37,0.1,0.52
1999-09-22,37.09,26.47,49.83,0.07,0.52
1999-09-23,38.22,26.78,45.54,0.0,0.52
1999-09-24,38.18,28.5,42.19,0.0,0.52
1999-09-25,38.16,29.31,46.02,0.0,0.52
1999-09-26,41.07,29.0,47.59,0.0,0.52
1999-09-27,39.94,27.61,47.67,0.0,0.52
1999-09-28,40.09,27.72,42.91,0.0,0.52
1999-09-29,33.91,27.54,53.94,0.0,0.52
1999-09-30,40.43,26.51,42.45,0.0,0.52
1999-10-01,40.1,27.56,39.93,0.0,0.52
1999-10-02,38.26,28.61,42.55,0.0,0.52
1999-10-03,36.67,28.53,43.18,0.05,0.52
1999-10-04,33.78,25.29,56.59,0.04,0.52
1999-10-05,37.9,26.37,45.26,0.0,0.52
1999-10-06,37.87,27.48,45.52,0.05,0.52
1999-10-07,39.63,27.65,43.17,0.0,0.52
1999-10-08,39.82,28.27,41.25,0.0,0.52
1999-10-09,39.58,29.28,41.05,0.02,0.52
1999-10-10,36.21,29.31,46.31,0.0,0.52
1999-10-11,38.11,28.57,45.89,0.0,0.52
1999-10-12,36.96,27.84,49.07,0.0,0.52
1999-10-13,35.66,26.37,50.98,0.0,0.52
1999-10-14,38.4,27.07,43.15,0.0,0.52
1999-10-15,34.0,27.52,52.76,0.0,0.52
1999-10-16,33.59,27.09,57.04,0.0,0.52
1999-10-17,36.5,26.35,48.11,0.03,0.52
1999-10-18,38.07,26.23,50.22,0.13,0.52
1999-10-19,37.36,24.53,48.82,0.07,0.52
1999-10-20,37.94,26.57,46.18,0.03,0.52
1999-10-21,38.52,25.21,44.91,0.0,0.52
1999-10-22,37.88,27.25,44.57,0.0,0.52
1999-10-23,37.39,27.86,44.93,0.0,0.52
1999-10-24,34.39,27.94,52.97,0.0,0.52
1999-10-25,35.46,26.76,50.71,0.0,0.52
1999-10-26,38.76,26.21,43.32,0.0,0.52
1999-10-27,32.08,26.55,56.88,0.0,0.52
1999-10-28,32.05,24.96,64.49,0.0,0.52
1999-10-29,31.65,25.8,66.55,0.02,0.52
1999-10-30,35.84,24.98,61.02,0.01,0.52
1999-10-31,34.62,24.91,55.81,0.0,0.52
1999-11-01,35.93,24.8,49.51,0.0,0.52
1999-11-02,33.65,25.15,47.93,0.0,0.52
1999-11-03,30.01,24.38,62.29,0.01,0.52
1999-11-04,33.62,23.01,53.99,0.0,0.52
1999-11-05,34.45,24.9,49.61,0.0,0.52
1999-11-06,36.47,25.13,45.22,0.0,0.52
1999-11-07,35.59,26.02,46.02,0.0,0.52
1999-11-08,37.56,24.77,41.96,0.0,0.52
1999-11-09,37.06,24.8,40.7,0.0,0.52
1999-11-10,36.79,23.31,37.88,0.0,0.52
1999-11-11,37.14,22.54,35.27,0.0,0.52
1999-11-12,36.63,22.15,31.79,0.0,0.52
1999-11-13,35.84,20.34,31.25,0.0,0.52
1999-11-14,35.62,19.98,29.21,0.0,0.52
1999-11-15,36.1,19.36,28.95,0.0,0.52
1999-11-16,36.17,19.46,27.8,0.0,0.52
1999-11-17,35.72,20.66,28.87,0.0,0.52
1999-11-18,34.83,21.87,36.65,0.0,0.52
1999-11-19,33.89,21.28,44.19,0.0,0.52
1999-11-20,34.42,20.38,36.77,0.0,0.52
1999-11-21,34.08,20.43,33.46,0.0,0.52
1999-11-22,33.32,18.54,33.68,0.0,0.52
1999-11-23,32.9,17.81,30.64,0.0,0.52
1999-11-24,33.32,17.08,31.38,0.0,0.52
1999-11-25,34.7,17.34,31.88,0.0,0.52
1999-11-26,35.3,19.16,33.52,0.0,0.52
1999-11-27,35.38,22.16,40.85,0.0,0.52
1999-11-28,35.55,21.96,38.76,0.0,0.52
1999-11-29,35.53,20.59,37.47,0.0,0.52
1999-11-30,34.72,19.7,37.27,0.0,0.52
1999-12-01,34.8,20.62,39.2,0.0,0.52
1999-12-02,33.91,19.77,39.73,0.0,0.52
1999-12-03,33.33,19.45,41.64,0.0,0.52
1999-12-04,33.19,18.65,36.65,0.0,0.52
1999-12-05,33.54,17.83,32.52,0.0,0.52
1999-12-06,32.14,20.44,45.61,0.53,0.52
1999-12-07,31.11,21.08,60.37,0.0,0.52
1999-12-08,33.09,21.18,49.87,0.03,0.52
1999-12-09,28.56,21.69,54.79,0.47,0.52
1999-12-10,30.56,20.68,62.43,0.44,0.52
1999-12-11,31.96,19.85,52.57,0.02,0.52
1999-12-12,32.02,21.04,56.52,0.0,0.52
1999-12-13,33.01,21.31,49.75,0.0,0.52
1999-12-14,33.78,20.13,44.72,0.02,0.52
1999-12-15,34.18,18.59,35.9,0.0,0.52
1999-12-16,31.97,17.14,34.34,0.0,0.52
1999-12-17,32.02,15.93,33.31,0.0,0.52
1999-12-18,32.8,16.06,31.27,0.0,0.52
1999-12-19,31.91,16.95,33.66,0.0,0.52
1999-12-20,30.87,16.62,35.49,0.0,0.52
1999-12-21,29.66,17.4,37.78,0.0,0.52
1999-12-22,28.21,14.08,35.51,0.0,0.52
1999-12-23,26.94,13.38,31.03,0.0,0.52
1999-12-24,25.92,11.39,27.65,0.0,0.52
1999-12-25,26.37,10.26,25.37,0.0,0.52
1999-12-26,27.18,10.39,21.81,0.01,0.52
1999-12-27,27.89,10.5,22.5,0.0,0.52
1999-12-28,28.31,10.58,24.88,0.0,0.52
1999-12-29,28.88,11.41,24.25,0.0,0.52
1999-12-30,29.33,11.21,23.68,0.0,0.52
1999-12-31,29.34,11.34,22.23,0.0,0.52
2000-01-01,30.51,11.3,22.01,0.0,0.52
2000-01-02,30.81,11.57,19.96,0.0,0.52
2000-01-03,31.84,12.08,17.74,0.0,0.52
2000-01-04,31.56,13.14,18.17,0.0,0.52
2000-01-05,31.5,12.7,19.74,0.0,0.52
2000-01-06,30.67,13.85,18.59,0.0,0.52
2000-01-07,32.13,17.69,21.89,0.0,0.52
2000-01-08,29.69,13.6,24.32,0.0,0.52
2000-01-09,30.18,12.61,22.52,0.0,0.52
2000-01-10,31.84,12.75,19.32,0.0,0.52
2000-01-11,31.65,12.66,21.58,0.0,0.52
2000-01-12,32.05,12.92,22.53,0.0,0.52
2000-01-13,32.48,13.0,21.81,0.0,0.52
2000-01-14,32.19,13.14,22.98,0.0,0.52
2000-01-15,31.54,13.34,26.36,0.0,0.52
2000-01-16,31.98,13.9,30.52,0.0,0.52
2000-01-17,31.84,14.9,31.85,0.0,0.52
2000-01-18,31.49,14.67,30.61,0.0,0.52
2000-01-19,31.85,13.7,28.38,0.0,0.52
2000-01-20,31.26,12.79,30.67,0.0,0.52
2000-01-21,29.33,12.17,34.66,0.09,0.52
2000-01-22,30.49,13.02,30.26,0.02,0.52
2000-01-23,30.23,14.97,39.41,0.01,0.52
2000-01-24,30.18,14.47,36.44,0.0,0.52
2000-01-25,30.53,14.33,36.61,0.0,0.52
2000-01-26,31.83,14.23,32.06,0.0,0.52
2000-01-27,32.37,13.54,29.44,0.0,0.52
2000-01-28,30.93,14.05,24.68,0.01,0.52
2000-01-29,31.79,12.89,23.96,0.07,0.52
2000-01-30,29.17,13.71,39.3,0.0,0.52
2000-01-31,30.66,12.91,28.57,0.0,0.52
2000-02-01,31.11,13.42,29.79,0.0,0.52
2000-02-02,32.0,13.47,27.95,0.0,0.52
2000-02-03,31.9,13.9,27.69,0.0,0.52
2000-02-04,31.42,15.09,34.17,0.0,0.52
2000-02-05,32.61,15.44,34.35,0.01,0.52
2000-02-06,33.41,15.79,31.01,0.0,0.52
2000-02-07,32.38,16.28,35.41,0.0,0.52
2000-02-08,30.62,17.43,40.58,0.0,0.52
2000-02-09,30.95,16.75,37.3,0.0,0.52
2000-02-10,30.71,15.58,27.43,0.0,0.52
2000-02-11,31.18,14.23,28.73,0.0,0.52
2000-02-12,32.67,14.73,29.01,0.0,0.52
2000-02-13,33.73,16.39,27.58,0.0,0.52
2000-02-14,31.8,17.89,30.77,0.0,0.52
2000-02-15,34.69,17.75,29.31,0.0,0.52
2000-02-16,33.4,16.88,22.11,0.0,0.52
2000-02-17,33.73,15.44,19.02,0.0,0.52
2000-02-18,32.54,14.45,17.39,0.0,0.52
2000-02-19,32.1,15.62,25.93,0.0,0.52
2000-02-20,30.82,15.03,19.29,0.0,0.52
2000-02-21,31.71,14.15,14.8,0.0,0.52
2000-02-22,32.03,13.26,16.8,0.0,0.52
2000-02-23,32.5,15.25,21.17,0.0,0.52
2000-02-24,32.73,14.95,18.51,0.0,0.52
2000-02-25,33.71,16.95,19.44,0.0,0.52
2000-02-26,32.63,18.29,30.57,0.0,0.52
2000-02-27,29.8,19.07,39.26,0.0,0.52
2000-02-28,31.85,15.63,23.36,0.0,0.52
2000-02-29,32.7,14.98,18.32,0.0,0.52
2000-03-01,33.64,14.51,21.83,0.01,0.52
2000-03-02,35.58,16.36,28.3,0.05,0.52
2000-03-03,37.13,18.59,32.68,0.0,0.52
2000-03-04,36.58,20.06,29.17,0.0,0.52
2000-03-05,36.2,20.33,32.24,0.0,0.52
2000-03-06,37.24,21.55,25.37,0.0,0.52
2000-03-07,36.61,22.32,31.09,0.0,0.52
2000-03-08,36.2,20.54,29.86,0.19,0.52
2000-03-09,35.4,20.7,34.83,0.16,0.52
2000-03-10,34.9,21.18,45.17,0.0,0.52
2000-03-11,35.4,20.71,30.98,0.0,0.52
2000-03-12,35.7,20.85,27.44,0.01,0.52
2000-03-13,36.92,19.52,35.65,0.0,0.52
2000-03-14,38.43,22.63,31.81,0.0,0.52
2000-03-15,37.62,21.01,35.39,0.0,0.52
2000-03-16,33.78,22.36,37.89,0.0,0.52
2000-03-17,34.82,22.05,33.35,0.0,0.52
2000-03-18,35.95,19.35,18.67,0.0,0.52
2000-03-19,36.19,18.71,16.88,0.0,0.52
2000-03-20,36.89,18.53,19.31,0.0,0.52
2000-03-21,36.72,20.38,22.49,0.0,0.52
2000-03-22,38.12,20.15,19.06,0.0,0.52
2000-03-23,39.21,19.95,14.99,0.0,0.52
2000-03-24,40.28,21.16,14.16,0.0,0.52
2000-03-25,38.86,23.11,22.47,0.0,0.52
2000-03-26,33.67,24.99,34.71,0.0,0.52
2000-03-27,32.77,24.27,47.26,0.0,0.52
2000-03-28,31.63,22.54,53.58,0.0,0.52
2000-03-29,30.49,22.54,59.59,0.0,0.52
2000-03-30,34.85,22.21,48.78,0.0,0.52
2000-03-31,39.08,22.35,36.16,0.0,0.52
2000-04-01,39.18,24.01,30.72,0.0,0.52
2000-04-02,40.55,22.95,29.74,0.0,0.52
2000-04-03,41.17,23.52,27.55,0.0,0.52
2000-04-04,40.61,24.37,28.76,0.0,0.52
2000-04-05,41.77,24.2,22.93,0.0,0.52
2000-04-06,41.91,24.18,26.4,0.0,0.52
2000-04-07,41.42,24.97,25.49,0.0,0.52
2000-04-08,41.42,25.26,28.4,0.0,0.52
2000-04-09,41.34,24.75,27.48,0.0,0.52
2000-04-10,40.89,25.03,25.7,0.0,0.51
2000-04-11,40.32,26.72,31.11,0.0,0.51
2000-04-12,39.02,27.61,38.13,0.0,0.51
2000-04-13,39.52,27.59,28.69,0.0,0.51
2000-04-14,39.8,26.85,32.51,0.0,0.51
2000-04-15,39.59,26.45,37.35,0.0,0.51
2000-04-16,39.93,27.61,31.59,0.0,0.51
2000-04-17,40.38,28.22,30.74,0.0,0.51
2000-04-18,40.66,27.51,32.1,0.0,0.51
2000-04-19,41.08,28.81,30.14,0.0,0.51
2000-04-20,41.15,29.72,30.63,0.0,0.51
2000-04-21,42.24,30.36,28.39,0.0,0.51
2000-04-22,42.02,30.98,26.74,0.0,0.51
2000-04-23,43.56,29.26,29.18,0.0,0.51
2000-04-24,41.35,29.54,30.93,0.0,0.51
2000-04-25,38.04,28.92,32.16,0.02,0.51
2000-04-26,40.16,25.75,37.86,0.0,0.51
2000-04-27,40.55,27.12,37.83,0.14,0.51
2000-04-28,39.36,27.29,41.55,1.97,0.52
2000-04-29,39.72,27.28,42.6,0.82,0.52
2000-04-30,39.33,27.1,46.63,2.42,0.52
2000-05-01,40.76,26.86,42.28,0.05,0.52
2000-05-02,38.04,27.96,41.56,0.01,0.52
2000-05-03,34.74,27.78,45.7,0.0,0.52
2000-05-04,35.33,26.65,43.13,0.02,0.52
2000-05-05,35.08,25.0,46.87,0.0,0.52
2000-05-06,36.37,25.76,42.74,0.01,0.52
2000-05-07,35.82,27.4,45.83,0.01,0.52
2000-05-08,37.19,26.94,45.06,0.01,0.52
2000-05-09,39.74,27.82,41.45,0.0,0.52
2000-05-10,42.26,28.84,34.57,0.0,0.52
2000-05-11,41.98,30.05,33.23,0.0,0.52
2000-05-12,40.23,31.5,34.56,0.0,0.52
2000-05-13,41.62,28.86,36.37,0.0,0.52
2000-05-14,38.6,28.5,39.86,0.0,0.52
2000-05-15,39.91,29.18,40.16,0.02,0.52
2000-05-16,35.21,29.28,50.29,0.01,0.52
2000-05-17,39.4,28.95,44.24,0.01,0.52
2000-05-18,37.77,28.62,50.31,0.06,0.52
2000-05-19,32.32,26.91,59.25,0.07,0.52
2000-05-20,38.07,25.48,43.87,0.06,0.52
2000-05-21,34.48,25.9,54.8,0.0,0.52
2000-05-22,35.94,26.06,53.64,0.04,0.52
2000-05-23,34.19,26.05,61.63,0.1,0.52
2000-05-24,34.77,26.89,62.14,0.04,0.52
2000-05-25,35.72,26.58,59.46,0.09,0.52
2000-05-26,34.1,26.6,59.05,0.1,0.52
2000-05-27,38.1,25.86,50.35,0.15,0.52
2000-05-28,41.26,26.18,46.09,4.08,0.52
2000-05-29,40.36,27.87,45.89,0.01,0.53
2000-05-30,41.11,29.12,39.24,0.0,0.52
2000-05-31,37.02,29.63,48.02,0.0,0.52
2000-06-01,37.06,29.41,49.99,0.0,0.52
2000-06-02,35.65,29.2,51.86,0.01,0.52
2000-06-03,39.59,28.71,45.2,0.0,0.52
2000-06-04,35.94,29.93,49.95,0.05,0.52
2000-06-05,39.11,28.06,49.22,0.0,0.52
2000-06-06,39.37,29.02,47.47,0.01,0.52
2000-06-07,40.87,27.91,46.01,0.05,0.52
2000-06-08,40.88,29.38,44.12,0.0,0.52
2000-06-09,40.77,29.16,45.12,0.0,0.52
2000-06-10,41.2,30.09,46.01,0.05,0.52
2000-06-11,39.87,28.28,48.23,0.14,0.52
2000-06-12,37.12,27.4,58.08,0.1,0.52
2000-06-13,38.08,27.87,53.64,0.0,0.52
2000-06-14,35.43,28.08,56.24,0.0,0.52
2000-06-15,37.75,27.81,52.58,0.0,0.52
2000-06-16,38.6,27.53,51.25,0.0,0.52
2000-06-17,38.79,27.9,50.71,0.01,0.52
2000-06-18,37.53,27.4,52.54,0.0,0.52
2000-06-19,38.84,27.74,48.85,0.03,0.52
2000-06-20,39.04,27.63,49.63,0.0,0.52
2000-06-21,39.99,27.79,46.91,0.04,0.52
2000-06-22,40.28,27.41,45.98,0.01,0.52
2000-06-23,39.79,28.37,46.73,0.06,0.52
2000-06-24,40.32,27.49,50.37,0.14,0.52
2000-06-25,39.12,28.24,49.49,0.0,0.52
2000-06-26,36.84,27.64,50.88,0.0,0.52
2000-06-27,36.8,28.64,55.86,0.0,0.52
2000-06-28,40.14,27.55,49.83,0.0,0.52
2000-06-29,39.21,27.69,43.48,0.0,0.52
2000-06-30,37.12,29.9,48.72,0.01,0.52
2000-07-01,40.04,29.01,42.87,0.0,0.52
2000-07-02,40.9,30.14,38.96,0.0,0.52
2000-07-03,42.31,30.17,38.17,0.0,0.52
2000-07-04,41.21,31.36,40.38,0.0,0.52
2000-07-05,38.21,28.87,52.89,0.0,0.52
2000-07-06,36.66,29.0,57.13,0.02,0.52
2000-07-07,39.93,27.78,50.37,0.15,0.52
2000-07-08,39.45,27.72,50.89,0.9,0.52
2000-07-09,39.67,27.55,52.29,1.46,0.52
2000-07-10,40.42,28.17,49.63,0.2,0.52
2000-07-11,39.64,28.87,51.7,0.64,0.52
2000-07-12,34.91,26.89,62.37,1.81,0.52
2000-07-13,36.45,25.68,62.77,2.19,0.53
2000-07-14,38.35,26.08,56.94,0.01,0.53
2000-07-15,37.72,27.06,54.31,0.0,0.53
2000-07-16,38.55,27.53,54.56,0.0,0.53
2000-07-17,33.95,26.8,64.95,0.0,0.52
2000-07-18,37.21,27.44,55.99,0.0,0.52
2000-07-19,39.02,26.44,51.06,0.06,0.52
2000-07-20,34.8,26.88,55.01,0.04,0.52
2000-07-21,36.12,26.97,55.25,0.0,0.52
2000-07-22,37.71,26.7,54.54,0.0,0.52
2000-07-23,32.31,26.73,65.55,0.0,0.52
2000-07-24,37.7,25.71,55.7,0.0,0.52
2000-07-25,38.25,26.26,50.88,0.0,0.52
2000-07-26,37.84,26.77,53.47,0.01,0.52
2000-07-27,40.39,27.1,45.97,0.0,0.52
2000-07-28,39.1,28.56,44.76,0.0,0.52
2000-07-29,36.24,29.24,48.31,0.0,0.52
2000-07-30,38.27,28.47,50.13,0.01,0.52
2000-07-31,40.59,28.92,44.65,0.03,0.52
2000-08-01,39.66,28.2,45.62,0.06,0.52
2000-08-02,41.1,27.71,43.14,0.05,0.52
2000-08-03,39.38,28.89,42.11,0.01,0.52
2000-08-04,38.89,28.91,44.99,0.03,0.52
2000-08-05,36.5,29.55,49.41,0.0,0.52
2000-08-06,38.03,28.04,53.64,0.0,0.52
2000-08-07,39.36,28.11,50.05,0.0,0.52
2000-08-08,40.83,27.38,47.28,0.0,0.52
2000-08-09,39.85,28.83,48.08,0.0,0.52
2000-08-10,38.67,27.31,51.22,0.01,0.52
2000-08-11,37.38,27.88,49.43,0.0,0.52
2000-08-12,32.55,26.54,64.16,0.0,0.52
2000-08-13,37.91,26.62,56.14,0.02,0.52
2000-08-14,37.77,27.67,48.72,0.08,0.52
2000-08-15,35.34,27.78,55.51,0.06,0.52
2000-08-16,39.96,27.98,47.12,0.05,0.52
2000-08-17,41.26,27.59,46.22,0.0,0.52
2000-08-18,38.59,28.64,48.04,0.0,0.52
2000-08-19,39.57,27.07,48.78,0.0,0.52
2000-08-20,35.89,27.56,51.64,0.0,0.52
2000-08-21,40.49,27.62,45.68,0.0,0.52
2000-08-22,35.19,29.38,51.59,0.0,0.52
2000-08-23,38.61,28.0,50.68,0.0,0.52
2000-08-24,41.7,28.59,45.18,0.0,0.52
2000-08-25,39.52,29.5,46.01,0.0,0.52
2000-08-26,41.65,28.91,43.05,0.0,0.52
2000-08-27,40.83,28.82,44.8,0.0,0.52
2000-08-28,36.06,29.01,55.56,0.07,0.52
2000-08-29,36.77,27.64,55.33,0.08,0.52
2000-08-30,37.85,27.28,55.82,0.05,0.52
2000-08-31,36.62,27.65,55.84,0.05,0.52
2000-09-01,38.44,27.7,60.16,0.0,0.52
2000-09-02,37.21,27.91,57.26,0.0,0.52
2000-09-03,34.6,26.81,56.5,0.0,0.52
2000-09-04,39.14,26.56,48.79,0.0,0.52
2000-09-05,39.69,27.96,48.37,0.0,0.52
2000-09-06,39.4,27.11,50.14,0.0,0.52
2000-09-07,37.14,26.65,52.11,0.0,0.52
2000-09-08,39.08,26.52,48.85,0.0,0.52
2000-09-09,41.04,27.2,45.47,0.02,0.52
2000-09-10,41.04,28.71,44.67,0.0,0.52
2000-09-11,40.05,29.35,48.89,0.0,0.52
2000-09-12,40.93,27.77,52.64,0.0,0.52
2000-09-13,36.5,27.58,52.85,0.0,0.52
2000-09-14,38.33,27.33,50.76,0.0,0.52
2000-09-15,39.84,27.7,47.33,0.0,0.52
2000-09-16,37.49,28.88,48.78,0.0,0.52
2000-09-17,33.02,27.37,59.21,0.01,0.52
2000-09-18,32.82,25.51,68.34,0.0,0.52
2000-09-19,33.46,24.49,61.22,0.0,0.52
2000-09-20,36.06,25.83,50.26,0.0,0.52
2000-09-21,40.05,27.2,38.65,0.0,0.52
2000-09-22,38.87,27.86,41.32,0.0,0.52
2000-09-23,36.02,28.22,50.4,0.0,0.52
2000-09-24,37.04,27.12,49.76,0.02,0.52
2000-09-25,38.29,28.74,43.74,0.01,0.52
2000-09-26,38.42,27.93,45.9,0.0,0.52
2000-09-27,39.96,27.81,41.09,0.0,0.52
2000-09-28,40.77,28.67,40.59,0.0,0.52
2000-09-29,32.66,27.88,60.72,0.0,0.52
2000-09-30,32.82,25.89,64.42,0.0,0.52
2000-10-01,36.12,26.42,54.43,0.01,0.52
2000-10-02,35.51,25.94,55.84,0.01,0.52
2000-10-03,38.89,25.96,45.49,0.0,0.52
2000-10-04,36.77,28.16,48.13,0.0,0.52
2000-10-05,31.34,26.56,63.53,0.02,0.52
2000-10-06,34.2,25.85,58.34,0.0,0.52
2000-10-07,38.09,25.16,50.07,0.01,0.52
2000-10-08,39.4,26.66,45.41,0.0,0.52
2000-10-09,37.52,26.84,46.91,0.0,0.52
2000-10-10,39.53,27.01,41.24,0.0,0.52
2000-10-11,39.17,28.18,42.12,0.0,0.52
2000-10-12,38.64,28.19,43.04,0.0,0.52
2000-10-13,33.74,28.85,54.12,0.0,0.52
2000-10-14,37.83,27.03,50.42,0.0,0.52
2000-10-15,39.85,27.11,42.15,0.0,0.52
2000-10-16,38.68,28.4,39.48,0.04,0.52
2000-10-17,37.83,28.38,44.72,0.05,0.52
2000-10-18,30.45,26.68,62.01,0.0,0.52
2000-10-19,38.25,25.41,50.31,0.04,0.52
2000-10-20,39.28,27.57,45.67,0.04,0.52
2000-10-21,37.22,26.93,49.94,0.01,0.52
2000-10-22,37.6,27.05,40.28,0.0,0.52
2000-10-23,39.18,25.14,36.99,0.0,0.52
2000-10-24,39.45,24.67,37.8,0.0,0.52
2000-10-25,34.75,26.95,53.44,0.01,0.52
2000-10-26,33.93,26.48,54.68,0.16,0.52
2000-10-27,33.16,25.22,62.12,0.26,0.52
2000-10-28,36.5,24.76,57.65,0.48,0.52
2000-10-29,33.83,22.63,57.34,0.7,0.52
2000-10-30,34.87,22.53,45.26,0.0,0.52
2000-10-31,36.36,20.28,33.65,0.0,0.52
2000-11-01,36.67,21.07,33.61,0.0,0.52
2000-11-02,36.01,20.98,30.89,0.0,0.52
2000-11-03,37.0,20.5,28.21,0.0,0.52
2000-11-04,36.81,20.66,28.62,0.0,0.52
2000-11-05,36.8,21.44,30.5,0.0,0.52
2000-11-06,36.38,21.61,36.25,0.0,0.52
2000-11-07,35.64,21.29,35.18,0.0,0.52
2000-11-08,36.74,20.43,31.24,0.0,0.52
2000-11-09,36.44,19.86,27.33,0.0,0.52
2000-11-10,35.67,19.79,29.41,0.0,0.52
2000-11-11,35.64,20.07,29.84,0.0,0.52
2000-11-12,35.59,20.21,31.13,0.01,0.52
2000-11-13,35.26,22.06,30.76,0.18,0.52
2000-11-14,35.13,19.78,35.83,0.0,0.52
2000-11-15,35.19,19.33,35.59,0.0,0.52
2000-11-16,35.31,19.47,31.19,0.0,0.52
2000-11-17,34.83,18.91,30.36,0.0,0.52
2000-11-18,35.7,19.28,34.78,0.0,0.52
2000-11-19,36.06,19.47,33.51,0.0,0.52
2000-11-20,36.15,19.68,33.2,0.0,0.52
2000-11-21,34.68,21.93,38.9,0.0,0.52
2000-11-22,34.4,20.37,41.19,0.0,0.52
2000-11-23,34.02,19.9,34.52,0.0,0.52
2000-11-24,33.4,18.06,31.74,0.0,0.52
2000-11-25,33.25,17.74,31.83,0.0,0.52
2000-11-26,34.08,17.18,29.3,0.0,0.52
2000-11-27,34.82,17.56,29.32,0.05,0.52
2000-11-28,33.17,22.04,44.32,0.16,0.52
2000-11-29,30.49,21.04,54.83,0.0,0.52
2000-11-30,31.46,21.3,40.34,0.0,0.52
2000-12-01,33.04,20.26,34.29,0.0,0.52
2000-12-02,32.3,19.26,33.55,0.0,0.52
2000-12-03,32.1,17.03,30.39,0.0,0.52
2000-12-04,32.51,15.02,26.45,0.0,0.52
2000-12-05,31.66,15.54,24.86,0.0,0.52
2000-12-06,30.71,14.56,26.58,0.0,0.52
2000-12-07,31.6,14.24,28.87,0.0,0.52
2000-12-08,31.46,14.69,31.5,0.0,0.52
2000-12-09,31.83,14.74,30.01,0.0,0.52
2000-12-10,32.18,14.71,29.91,0.0,0.52
2000-12-11,32.5,14.8,25.55,0.0,0.52
2000-12-12,30.71,13.26,28.61,0.0,0.52
2000-12-13,31.51,13.3,25.6,0.0,0.52
2000-12-14,31.99,13.59,22.66,0.0,0.52
2000-12-15,30.54,13.82,22.27,0.05,0.52
2000-12-16,30.75,13.0,24.62,0.0,0.52
2000-12-17,30.48,12.86,28.24,0.0,0.52
2000-12-18,30.25,13.43,28.75,0.0,0.52
2000-12-19,29.86,14.63,28.57,0.0,0.52
2000-12-20,31.03,13.54,27.81,0.0,0.52
2000-12-21,31.81,13.8,27.46,0.0,0.52
2000-12-22,31.92,14.07,26.31,0.0,0.52
2000-12-23,32.26,14.29,25.76,0.0,0.52
2000-12-24,32.45,14.29,24.46,0.0,0.52
2000-12-25,31.51,16.31,29.71,0.0,0.52
2000-12-26,30.74,15.95,37.36,0.0,0.52
2000-12-27,30.92,15.66,40.29,0.0,0.52
2000-12-28,31.16,15.85,39.2,0.0,0.52
2000-12-29,30.6,15.23,36.35,0.0,0.52
2000-12-30,29.8,14.06,35.11,0.0,0.52
2000-12-31,29.85,14.16,37.07,0.0,0.52
2001-01-01,31.15,14.24,39.01,0.0,0.52
2001-01-02,31.18,16.06,31.28,0.0,0.52
2001-01-03,31.87,16.1,27.76,0.0,0.52
2001-01-04,30.6,15.78,35.98,0.0,0.52
2001-01-05,30.09,15.44,39.53,0.0,0.52
2001-01-06,29.19,13.51,28.8,0.0,0.52
2001-01-07,29.43,11.55,27.48,0.0,0.52
2001-01-08,28.96,10.84,23.27,0.0,0.52
2001-01-09,28.52,11.02,20.82,0.0,0.52
2001-01-10,27.57,10.94,28.53,0.0,0.52
2001-01-11,27.35,10.97,32.07,0.0,0.52
2001-01-12,27.7,10.4,28.3,0.0,0.52
2001-01-13,29.08,10.63,25.91,0.0,0.52
2001-01-14,29.46,11.43,23.77,0.0,0.52
2001-01-15,29.99,11.64,23.12,0.0,0.52
2001-01-16,30.39,11.39,23.93,0.0,0.52
2001-01-17,30.75,13.31,22.33,0.0,0.52
2001-01-18,31.09,12.48,21.93,0.0,0.52
2001-01-19,31.92,12.12,19.14,0.0,0.52
2001-01-20,32.04,12.51,21.34,0.0,0.52
2001-01-21,31.56,12.82,20.72,0.0,0.52
2001-01-22,31.95,12.8,18.52,0.0,0.52
2001-01-23,32.66,11.31,18.81,0.0,0.52
2001-01-24,31.79,13.31,28.59,0.0,0.52
2001-01-25,28.2,12.95,29.39,0.0,0.52
2001-01-26,28.29,11.03,21.6,0.0,0.52
2001-01-27,29.19,10.12,19.65,0.0,0.52
2001-01-28,30.65,10.35,17.68,0.0,0.52
2001-01-29,31.23,11.36,17.19,0.0,0.52
2001-01-30,32.43,14.24,16.33,0.0,0.52
2001-01-31,32.89,12.93,18.64,0.0,0.52
2001-02-01,33.64,14.04,22.67,0.0,0.52
2001-02-02,34.63,15.21,23.89,0.0,0.52
2001-02-03,32.71,16.29,29.21,0.0,0.52
2001-02-04,33.73,16.66,27.76,0.0,0.52
2001-02-05,33.14,16.54,22.03,0.0,0.52
2001-02-06,33.19,14.95,21.77,0.0,0.52
2001-02-07,32.5,15.44,28.02,0.0,0.52
2001-02-08,33.69,14.91,24.3,0.0,0.52
2001-02-09,31.75,14.39,19.93,0.0,0.52
2001-02-10,32.01,14.82,16.46,0.0,0.52
2001-02-11,31.9,14.0,19.19,0.0,0.52
2001-02-12,32.66,13.59,19.85,0.0,0.52
2001-02-13,34.06,14.14,18.78,0.0,0.52
2001-02-14,34.56,15.36,18.19,0.0,0.52
2001-02-15,34.16,17.97,18.14,0.0,0.52
2001-02-16,35.82,19.1,22.08,0.0,0.52
2001-02-17,36.19,16.78,19.03,0.0,0.52
2001-02-18,35.28,17.32,22.81,0.0,0.52
2001-02-19,35.03,18.39,24.06,0.0,0.52
2001-02-20,34.28,17.73,28.99,0.0,0.52
2001-02-21,34.34,16.67,26.2,0.12,0.52
2001-02-22,33.89,17.13,26.63,0.0,0.52
2001-02-23,34.0,19.46,29.27,0.0,0.52
2001-02-24,34.11,20.56,26.02,0.0,0.52
2001-02-25,34.48,18.31,29.42,0.01,0.52
2001-02-26,37.16,19.19,30.24,0.02,0.52
2001-02-27,36.53,18.6,34.26,0.0,0.52
2001-02-28,35.67,21.05,33.72,0.0,0.52
2001-03-01,36.63,21.24,28.24,0.0,0.52
2001-03-02,36.4,20.1,27.58,0.0,0.52
2001-03-03,36.52,20.7,29.7,0.0,0.52
2001-03-04,38.2,18.58,21.33,0.0,0.52
2001-03-05,36.8,18.29,16.38,0.0,0.52
2001-03-06,34.86,17.37,24.1,0.0,0.52
2001-03-07,34.47,18.43,22.67,0.0,0.52
2001-03-08,36.02,16.49,17.45,0.0,0.52
2001-03-09,36.41,17.16,17.26,0.0,0.52
2001-03-10,35.47,18.83,20.06,0.0,0.52
2001-03-11,35.22,17.88,20.29,0.0,0.52
2001-03-12,35.76,18.68,21.73,0.0,0.52
2001-03-13,36.1,20.73,37.81,0.0,0.51
2001-03-14,37.6,20.79,41.13,0.0,0.51
2001-03-15,36.86,20.58,30.8,0.0,0.51
2001-03-16,36.5,21.01,32.3,0.0,0.51
2001-03-17,36.69,21.76,25.63,0.0,0.51
2001-03-18,37.7,20.9,22.89,0.0,0.51
2001-03-19,37.7,21.88,23.22,0.0,0.51
2001-03-20,38.9,20.31,17.69,0.0,0.51
2001-03-21,38.77,20.41,16.01,0.0,0.51
2001-03-22,39.32,21.26,19.99,0.0,0.51
2001-03-23,39.54,22.48,22.89,0.0,0.51
2001-03-24,38.24,23.69,33.61,0.01,0.51
2001-03-25,37.74,25.4,29.9,0.0,0.51
2001-03-26,38.81,24.38,27.69,0.0,0.51
2001-03-27,37.93,23.62,28.83,0.0,0.51
2001-03-28,38.02,26.49,24.24,0.0,0.51
2001-03-29,39.24,26.07,25.3,0.0,0.51
2001-03-30,39.56,25.05,30.61,0.0,0.51
2001-03-31,37.76,25.74,35.61,0.0,0.51
2001-04-01,38.01,25.95,37.24,0.0,0.51
2001-04-02,38.98,25.57,37.24,0.0,0.51
2001-04-03,38.82,28.25,29.26,0.0,0.51
2001-04-04,39.49,26.89,21.15,0.0,0.51
2001-04-05,40.67,23.48,18.15,0.0,0.51
2001-04-06,41.43,24.02,19.54,0.0,0.51
2001-04-07,41.13,25.54,19.51,0.0,0.51
2001-04-08,40.59,25.05,22.34,0.0,0.51
2001-04-09,40.71,26.51,28.75,0.0,0.51
2001-04-10,41.45,26.95,23.47,0.0,0.51
2001-04-11,39.25,26.73,20.27,0.0,0.51
2001-04-12,41.7,26.99,22.55,0.0,0.51
2001-04-13,39.99,27.19,25.29,0.02,0.51
2001-04-14,39.71,26.1,24.09,0.0,0.51
2001-04-15,38.03,27.07,27.4,0.0,0.51
2001-04-16,39.15,26.28,30.07,0.0,0.51
2001-04-17,38.81,28.84,33.06,0.0,0.51
2001-04-18,39.99,28.32,30.3,0.0,0.51
2001-04-19,40.16,27.42,31.11,0.0,0.51
2001-04-20,40.33,27.72,24.33,0.0,0.51
2001-04-21,40.54,28.63,26.62,0.0,0.51
2001-04-22,40.07,29.13,25.08,0.0,0.51
2001-04-23,40.93,27.23,22.72,0.0,0.51
2001-04-24,41.44,28.48,20.61,0.0,0.51
2001-04-25,42.09,26.61,22.81,0.0,0.51
2001-04-26,43.02,28.96,25.29,0.0,0.51
2001-04-27,42.48,25.88,24.54,0.0,0.51
2001-04-28,42.42,27.62,28.52,0.0,0.51
2001-04-29,42.46,29.16,30.96,0.0,0.51
2001-04-30,42.91,29.61,31.08,0.0,0.51
2001-05-01,41.63,29.58,32.19,0.0,0.51
2001-05-02,41.22,30.88,31.85,0.0,0.51
2001-05-03,40.35,28.95,36.38,0.08,0.51
2001-05-04,41.04,29.03,36.41,0.01,0.51
2001-05-05,38.6,29.88,36.71,0.01,0.51
2001-05-06,34.85,28.26,39.92,0.01,0.51
2001-05-07,36.36,27.15,40.7,0.06,0.51
2001-05-08,34.69,26.82,57.99,0.0,0.51
2001-05-09,39.66,27.02,44.62,0.05,0.51
2001-05-10,39.05,26.95,45.93,0.12,0.51
2001-05-11,35.97,27.31,50.95,0.11,0.51
2001-05-12,33.49,25.88,57.65,0.0,0.51
2001-05-13,35.93,24.88,49.74,0.0,0.51
2001-05-14,39.94,26.31,39.77,0.0,0.51
2001-05-15,41.35,28.45,32.22,0.0,0.51
2001-05-16,42.27,29.8,35.26,0.0,0.51
2001-05-17,39.04,29.96,44.85,0.0,0.51
2001-05-18,39.19,29.05,45.24,0.0,0.51
2001-05-19,42.48,29.31,37.15,0.0,0.51
2001-05-20,39.42,31.26,40.71,0.02,0.51
2001-05-21,42.92,31.32,32.95,0.01,0.51
2001-05-22,40.53,31.09,30.66,0.0,0.51
2001-05-23,41.35,29.93,37.31,0.02,0.51
2001-05-24,40.74,30.26,41.12,0.0,0.51
2001-05-25,35.58,28.47,47.51,0.0,0.51
2001-05-26,37.71,28.57,45.29,0.0,0.51
2001-05-27,35.19,29.02,57.63,0.0,0.51
2001-05-28,35.17,27.64,59.85,0.0,0.51
2001-05-29,36.17,26.89,61.29,0.0,0.51
2001-05-30,36.06,27.55,52.8,0.01,0.51
2001-05-31,33.17,27.76,61.64,0.01,0.51
2001-06-01,32.99,27.21,68.62,0.04,0.51
2001-06-02,33.21,27.07,67.02,0.04,0.51
2001-06-03,34.83,26.18,59.25,0.07,0.51
2001-06-04,34.88,26.1,53.39,0.02,0.51
2001-06-05,35.08,26.93,50.99,0.04,0.51
2001-06-06,37.52,26.97,51.53,0.01,0.51
2001-06-07,34.09,27.07,57.56,0.0,0.51
2001-06-08,36.35,27.35,55.18,0.05,0.51
2001-06-09,35.97,27.88,56.2,0.0,0.51
2001-06-10,35.62,27.44,56.87,0.07,0.51
2001-06-11,39.38,27.55,51.66,0.04,0.51
2001-06-12,35.14,27.14,59.52,1.16,0.52
2001-06-13,32.87,26.72,67.82,2.17,0.52
2001-06-14,36.63,25.37,61.64,0.12,0.52
2001-06-15,32.05,26.72,66.46,0.06,0.52
2001-06-16,32.4,25.92,69.05,0.49,0.52
2001-06-17,36.05,25.95,65.66,3.22,0.52
2001-06-18,34.75,25.03,61.15,0.02,0.53
2001-06-19,38.17,25.56,51.86,0.09,0.53
2001-06-20,39.89,26.3,51.89,0.05,0.52
2001-06-21,38.24,27.14,51.98,0.0,0.52
2001-06-22,38.52,27.79,52.14,0.0,0.52
2001-06-23,40.05,28.08,50.06,0.0,0.52
2001-06-24,39.5,27.54,52.91,0.0,0.52
2001-06-25,38.73,27.35,51.2,0.0,0.52
2001-06-26,38.22,27.3,51.91,0.0,0.52
2001-06-27,38.33,27.2,51.08,0.0,0.52
2001-06-28,39.47,26.64,50.76,0.01,0.52
2001-06-29,39.41,27.21,50.38,0.01,0.52
2001-06-30,38.47,27.04,50.09,0.05,0.52
2001-07-01,33.72,28.29,56.16,0.02,0.52
2001-07-02,38.34,26.96,50.2,0.0,0.52
2001-07-03,41.5,27.81,45.28,0.0,0.52
2001-07-04,39.37,29.0,47.61,0.0,0.52
2001-07-05,37.85,29.68,52.17,0.0,0.52
2001-07-06,39.2,28.5,51.26,0.0,0.52
2001-07-07,36.82,28.46,57.31,0.0,0.52
2001-07-08,38.51,27.89,54.71,0.0,0.52
2001-07-09,35.72,28.11,57.34,0.01,0.52
2001-07-10,36.14,27.28,58.56,0.03,0.52
2001-07-11,37.95,26.49,52.33,0.0,0.52
2001-07-12,39.89,27.35,50.69,0.0,0.52
2001-07-13,37.14,28.94,47.55,0.0,0.52
2001-07-14,38.98,29.02,46.61,0.0,0.52
2001-07-15,36.28,27.6,55.04,0.0,0.52
2001-07-16,38.65,27.49,52.5,0.0,0.52
2001-07-17,35.77,27.74,57.15,0.0,0.52
2001-07-18,39.13,27.0,54.7,0.01,0.52
2001-07-19,37.21,27.14,53.82,0.02,0.52
2001-07-20,37.81,26.79,51.58,0.01,0.52
2001-07-21,40.31,27.39,46.27,0.0,0.52
2001-07-22,37.1,28.64,50.43,0.01,0.52
2001-07-23,40.85,28.35,48.45,0.01,0.52
2001-07-24,34.03,28.56,56.52,0.01,0.52
2001-07-25,37.07,27.24,51.14,0.01,0.52
2001-07-26,38.17,28.72,47.27,0.04,0.52
2001-07-27,39.56,28.99,45.1,0.0,0.52
2001-07-28,41.66,29.23,43.88,0.0,0.52
2001-07-29,40.33,28.72,46.11,0.02,0.52
2001-07-30,39.27,28.55,48.02,0.01,0.52
2001-07-31,38.96,28.6,49.32,0.04,0.52
2001-08-01,38.86,28.24,52.61,0.02,0.52
2001-08-02,36.24,27.57,57.44,0.01,0.52
2001-08-03,38.25,27.2,51.61,0.0,0.52
2001-08-04,37.25,27.65,53.84,0.01,0.52
2001-08-05,33.64,27.16,59.31,0.01,0.52
2001-08-06,40.31,28.1,43.14,0.0,0.52
2001-08-07,36.24,29.59,54.15,0.01,0.52
2001-08-08,40.05,28.09,48.29,0.0,0.52
2001-08-09,41.1,28.17,45.61,0.0,0.52
2001-08-10,40.97,29.86,44.34,0.0,0.52
2001-08-11,41.16,29.85,42.61,0.0,0.52
2001-08-12,39.52,31.42,42.84,0.0,0.52
2001-08-13,35.24,29.22,51.91,0.02,0.52
2001-08-14,39.69,27.06,49.43,0.02,0.52
2001-08-15,38.66,27.66,51.25,0.01,0.52
2001-08-16,41.12,27.23,47.85,0.01,0.52
2001-08-17,41.83,28.71,47.96,0.0,0.52
2001-08-18,40.86,28.55,49.0,0.0,0.52
2001-08-19,41.17,28.5,48.41,0.0,0.52
2001-08-20,38.51,29.03,50.1,0.01,0.52
2001-08-21,40.84,28.69,47.76,0.2,0.52
2001-08-22,41.38,27.51,45.56,0.26,0.52
2001-08-23,41.63,28.29,42.55,0.0,0.52
2001-08-24,42.39,28.78,43.67,0.0,0.52
2001-08-25,41.0,29.7,44.79,0.01,0.52
2001-08-26,37.86,29.36,48.74,0.02,0.52
2001-08-27,39.79,28.56,48.97,0.0,0.52
2001-08-28,37.91,29.32,50.33,0.0,0.52
2001-08-29,37.74,29.6,51.18,0.0,0.52
2001-08-30,38.2,29.1,48.66,0.0,0.52
2001-08-31,39.03,27.74,49.88,0.0,0.52
2001-09-01,40.08,27.26,46.03,0.0,0.52
2001-09-02,39.84,28.96,43.53,0.0,0.52
2001-09-03,39.83,29.38,45.94,0.0,0.52
2001-09-04,37.48,30.02,48.53,0.0,0.52
2001-09-05,39.53,29.53,45.48,0.0,0.52
2001-09-06,40.18,28.69,46.41,0.01,0.52
2001-09-07,37.5,27.99,49.75,0.0,0.52
2001-09-08,39.19,28.8,45.73,0.0,0.52
2001-09-09,38.35,29.42,46.92,0.0,0.52
2001-09-10,35.26,28.58,54.8,0.0,0.52
2001-09-11,39.54,27.3,50.54,0.02,0.52
2001-09-12,40.38,27.5,46.95,0.0,0.52
2001-09-13,41.28,27.79,44.37,0.0,0.52
2001-09-14,40.05,29.0,43.84,0.0,0.52
2001-09-15,34.2,29.86,52.49,0.08,0.52
2001-09-16,37.95,27.14,52.78,0.01,0.52
2001-09-17,34.45,27.03,56.73,0.06,0.52
2001-09-18,37.83,25.72,52.41,0.01,0.52
2001-09-19,39.42,26.46,48.71,0.0,0.52
2001-09-20,40.35,27.58,44.24,0.0,0.52
2001-09-21,36.92,28.69,47.97,0.0,0.52
2001-09-22,37.78,27.94,50.26,0.0,0.52
2001-09-23,35.44,27.9,53.42,0.0,0.52
2001-09-24,39.4,27.44,45.64,0.0,0.52
2001-09-25,38.02,29.2,44.29,0.0,0.52
2001-09-26,35.03,28.4,55.3,0.0,0.52
2001-09-27,37.34,26.82,51.47,0.0,0.52
2001-09-28,39.49,28.7,45.65,0.0,0.52
2001-09-29,39.43,27.8,46.67,0.0,0.52
2001-09-30,36.04,28.18,48.74,0.0,0.52
2001-10-01,34.08,28.52,53.12,0.0,0.52
2001-10-02,34.42,27.21,54.66,0.03,0.52
2001-10-03,35.09,26.68,53.75,0.03,0.52
2001-10-04,34.53,26.66,56.78,0.0,0.52
2001-10-05,36.38,26.76,53.23,0.0,0.52
2001-10-06,38.67,26.95,49.59,0.0,0.52
2001-10-07,33.12,28.38,57.64,0.0,0.52
2001-10-08,39.84,26.91,45.22,0.0,0.52
2001-10-09,33.33,28.76,55.56,0.07,0.52
2001-10-10,34.35,27.04,55.52,0.0,0.52
2001-10-11,34.55,26.94,52.44,0.0,0.52
2001-10-12,37.32,27.27,48.99,0.0,0.52
2001-10-13,38.36,27.6,46.72,0.0,0.52
2001-10-14,36.52,28.16,48.4,0.0,0.52
2001-10-15,36.0,28.29,47.67,0.0,0.52
2001-10-16,36.96,28.12,45.37,0.0,0.52
2001-10-17,38.7,27.3,47.91,0.03,0.52
2001-10-18,35.09,27.11,50.47,0.02,0.52
2001-10-19,37.72,26.24,41.68,0.01,0.52
2001-10-20,37.22,27.21,43.34,0.0,0.52
2001-10-21,36.45,26.26,44.68,0.0,0.52
2001-10-22,39.47,26.08,39.78,0.0,0.52
2001-10-23,39.93,27.73,33.86,0.0,0.52
2001-10-24,38.57,28.91,35.78,0.01,0.52
2001-10-25,37.42,28.22,43.93,0.02,0.52
2001-10-26,34.96,27.5,48.8,0.05,0.52
2001-10-27,30.62,25.61,66.62,0.07,0.52
2001-10-28,28.55,23.97,71.18,0.01,0.52
2001-10-29,30.97,23.2,60.13,0.02,0.52
2001-10-30,30.58,23.66,64.97,0.03,0.52
2001-10-31,31.83,23.32,68.1,0.01,0.52
2001-11-01,34.23,23.96,59.4,0.03,0.52
2001-11-02,35.72,24.51,54.14,0.03,0.52
2001-11-03,36.71,25.96,48.1,0.0,0.52
2001-11-04,34.87,26.4,51.25,0.0,0.52
2001-11-05,34.44,27.02,51.77,0.0,0.52
2001-11-06,35.18,25.58,53.35,0.0,0.52
2001-11-07,34.95,25.54,51.92,0.01,0.52
2001-11-08,31.2,24.92,53.3,0.02,0.52
2001-11-09,33.57,23.78,50.75,0.01,0.52
2001-11-10,34.92,24.36,47.26,0.08,0.52
2001-11-11,32.63,24.55,57.05,0.04,0.52
2001-11-12,34.65,22.94,54.11,0.03,0.52
2001-11-13,35.33,24.75,46.87,0.0,0.52
2001-11-14,36.31,25.27,43.6,0.0,0.52
2001-11-15,34.61,23.29,37.81,0.0,0.52
2001-11-16,34.31,19.97,36.87,0.0,0.52
2001-11-17,34.73,20.79,38.25,0.0,0.52
2001-11-18,33.68,23.1,43.47,0.0,0.52
2001-11-19,29.11,22.97,47.84,0.0,0.52
2001-11-20,29.36,20.08,51.64,0.0,0.52
2001-11-21,32.6,17.36,42.01,0.0,0.52
2001-11-22,33.03,16.78,30.03,0.0,0.52
2001-11-23,32.35,17.63,28.24,0.0,0.52
2001-11-24,32.61,17.44,32.8,0.0,0.52
2001-11-25,33.17,17.58,36.49,0.0,0.52
2001-11-26,32.94,17.72,35.02,0.0,0.52
2001-11-27,31.73,18.66,36.95,0.0,0.52
2001-11-28,31.14,17.87,37.79,0.0,0.52
2001-11-29,31.25,16.66,34.75,0.0,0.52
2001-11-30,31.6,15.47,31.4,0.0,0.52
2001-12-01,31.51,14.93,28.72,0.0,0.52
2001-12-02,31.55,15.39,28.07,0.0,0.52
2001-12-03,30.66,14.9,33.6,0.0,0.52
2001-12-04,30.57,14.55,35.86,0.0,0.52
2001-12-05,31.69,14.94,33.89,0.0,0.52
2001-12-06,31.98,15.44,33.28,0.0,0.52
2001-12-07,31.89,15.39,32.22,0.0,0.52
2001-12-08,32.85,15.07,30.5,0.0,0.52
2001-12-09,32.22,14.56,25.91,0.0,0.52
2001-12-10,32.38,14.39,25.79,0.0,0.52
2001-12-11,31.48,13.86,27.35,0.0,0.52
2001-12-12,31.96,14.03,27.04,0.0,0.52
2001-12-13,32.44,14.32,25.9,0.0,0.52
2001-12-14,32.93,14.28,26.4,0.0,0.52
2001-12-15,33.72,16.83,27.37,0.0,0.52
2001-12-16,34.33,18.95,40.36,0.0,0.52
2001-12-17,32.74,18.42,36.28,0.0,0.52
2001-12-18,33.01,16.91,33.49,0.0,0.52
2001-12-19,32.93,16.09,31.77,0.0,0.52
2001-12-20,32.99,15.87,25.12,0.0,0.52
2001-12-21,33.26,17.25,30.11,0.1,0.52
2001-12-22,29.92,18.95,43.79,0.0,0.52
2001-12-23,31.57,18.71,44.8,0.0,0.52
2001-12-24,30.6,16.92,32.62,0.0,0.52
2001-12-25,28.85,19.38,49.0,0.0,0.52
2001-12-26,31.15,18.68,58.64,0.0,0.52
2001-12-27,32.24,16.91,43.8,0.0,0.52
2001-12-28,32.54,16.44,32.67,0.0,0.52
2001-12-29,32.26,16.3,31.38,0.0,0.52
2001-12-30,29.54,16.03,28.92,0.0,0.52
2001-12-31,28.08,16.32,30.24,0.0,0.52
2002-01-01,28.65,15.55,30.67,0.0,0.52
2002-01-02,29.59,15.02,32.22,0.0,0.52
2002-01-03,30.92,15.64,37.93,0.0,0.52
2002-01-04,30.97,15.58,38.64,0.0,0.52
2002-01-05,30.98,14.99,34.57,0.0,0.52
2002-01-06,31.31,14.85,30.6,0.0,0.52
2002-01-07,30.97,15.95,31.24,0.0,0.52
2002-01-08,28.88,17.36,46.38,0.0,0.52
2002-01-09,24.32,15.5,64.86,0.0,0.52
2002-01-10,29.09,16.17,50.62,0.0,0.52
2002-01-11,30.02,14.78,38.57,0.0,0.52
2002-01-12,29.47,13.59,32.19,0.0,0.52
2002-01-13,29.19,12.83,30.14,0.0,0.52
2002-01-14,30.01,12.19,26.2,0.0,0.52
2002-01-15,30.64,13.12,25.92,0.0,0.52
2002-01-16,31.65,13.71,25.15,0.0,0.52
2002-01-17,32.53,15.33,24.88,0.0,0.52
2002-01-18,32.51,14.06,26.06,0.0,0.52
2002-01-19,32.97,13.96,25.46,0.0,0.52
2002-01-20,32.55,13.39,21.59,0.0,0.52
2002-01-21,32.68,13.07,22.61,0.0,0.52
2002-01-22,33.54,14.18,25.51,0.0,0.52
2002-01-23,31.93,15.76,34.82,0.02,0.52
2002-01-24,32.0,17.12,45.12,0.0,0.52
2002-01-25,29.72,17.24,50.43,0.0,0.52
2002-01-26,30.41,17.89,33.5,0.0,0.52
2002-01-27,29.4,13.52,24.83,0.0,0.52
2002-01-28,30.58,12.33,25.81,0.0,0.52
2002-01-29,31.31,13.3,23.95,0.0,0.52
2002-01-30,31.4,15.0,28.34,0.0,0.52
2002-01-31,29.41,16.82,42.47,0.0,0.52
2002-02-01,30.21,15.08,39.92,0.0,0.52
2002-02-02,31.08,14.25,29.54,0.0,0.52
2002-02-03,29.81,13.63,30.33,0.0,0.52
2002-02-04,30.21,13.18,25.22,0.0,0.52
2002-02-05,30.74,12.64,22.5,0.0,0.52
2002-02-06,31.84,12.59,20.64,0.0,0.52
2002-02-07,33.17,14.19,19.13,0.0,0.52
2002-02-08,33.49,15.4,21.05,0.0,0.52
2002-02-09,34.99,16.2,24.62,0.0,0.52
2002-02-10,35.02,17.49,29.89,0.0,0.52
2002-02-11,36.82,18.02,26.84,0.0,0.52
2002-02-12,37.4,18.45,22.88,0.0,0.52
2002-02-13,33.95,19.0,18.72,0.0,0.52
2002-02-14,32.73,19.08,23.47,0.0,0.52
2002-02-15,35.74,16.83,22.92,0.0,0.52
2002-02-16,36.24,17.3,16.63,0.0,0.52
2002-02-17,35.94,15.05,15.36,0.0,0.52
2002-02-18,35.76,14.79,15.93,0.0,0.52
2002-02-19,35.35,15.93,19.69,0.0,0.52
2002-02-20,34.44,16.13,22.16,0.0,0.52
2002-02-21,33.87,15.29,21.61,0.0,0.52
2002-02-22,33.16,15.9,23.95,0.0,0.52
2002-02-23,34.17,16.24,24.86,0.0,0.52
2002-02-24,35.24,16.35,26.04,0.25,0.52
2002-02-25,35.83,17.02,21.25,0.0,0.52
2002-02-26,36.22,17.2,20.41,0.0,0.52
2002-02-27,34.97,18.39,27.33,0.0,0.52
2002-02-28,35.14,19.13,23.38,0.0,0.52
2002-03-01,34.69,18.24,21.18,0.0,0.52
2002-03-02,35.29,17.11,22.25,0.04,0.52
2002-03-03,37.35,17.48,22.54,0.12,0.52
2002-03-04,35.99,18.8,24.74,0.0,0.52
2002-03-05,36.68,20.62,30.91,0.0,0.52
2002-03-06,36.66,20.22,24.11,0.0,0.52
2002-03-07,35.98,19.25,20.06,0.0,0.52
2002-03-08,35.16,19.68,19.88,0.0,0.52
2002-03-09,35.8,18.05,22.7,0.0,0.52
2002-03-10,36.62,19.62,21.56,0.0,0.52
2002-03-11,37.91,20.08,23.45,0.0,0.52
2002-03-12,36.87,20.75,29.29,0.0,0.52
2002-03-13,38.15,21.88,27.51,0.0,0.52
2002-03-14,37.74,22.57,19.67,0.0,0.52
2002-03-15,38.65,20.53,18.22,0.0,0.52
2002-03-16,37.18,21.48,20.4,0.0,0.52
2002-03-17,37.32,21.37,22.96,0.0,0.52
2002-03-18,38.98,20.59,20.32,0.0,0.52
2002-03-19,39.16,21.19,17.56,0.0,0.52
2002-03-20,39.08,20.22,15.7,0.0,0.52
2002-03-21,38.67,20.43,18.98,0.0,0.52
2002-03-22,38.14,20.48,19.98,0.0,0.52
2002-03-23,37.99,19.87,23.03,0.01,0.52
2002-03-24,37.77,21.57,31.14,0.1,0.52
2002-03-25,38.58,23.01,37.47,0.01,0.52
2002-03-26,38.52,24.83,32.72,0.01,0.52
2002-03-27,39.98,25.32,32.31,0.04,0.52
2002-03-28,39.95,25.35,32.37,0.0,0.52
2002-03-29,38.67,27.6,32.3,0.0,0.52
2002-03-30,32.45,25.71,32.15,0.0,0.52
2002-03-31,37.67,22.46,26.96,0.0,0.52
2002-04-01,39.01,24.87,26.13,0.0,0.52
2002-04-02,38.33,23.7,30.14,0.05,0.52
2002-04-03,37.2,22.95,32.05,0.02,0.52
2002-04-04,37.03,22.87,33.43,0.0,0.52
2002-04-05,38.89,22.89,27.67,0.0,0.52
2002-04-06,39.63,23.73,25.73,0.0,0.52
2002-04-07,40.61,25.4,27.3,0.0,0.52
2002-04-08,41.07,25.75,27.8,0.0,0.51
2002-04-09,41.27,25.4,29.73,0.0,0.51
2002-04-10,40.02,27.28,31.42,0.02,0.51
2002-04-11,33.62,26.82,37.12,0.0,0.51
2002-04-12,39.0,25.04,28.2,0.0,0.51
2002-04-13,36.51,25.52,28.3,0.0,0.51
2002-04-14,39.07,24.01,25.03,0.0,0.51
2002-04-15,40.43,24.34,27.3,0.0,0.51
2002-04-16,40.55,26.59,32.08,0.0,0.51
2002-04-17,41.33,26.55,32.64,0.0,0.51
2002-04-18,43.15,28.33,30.18,0.0,0.51
2002-04-19,42.7,25.47,32.99,0.0,0.51
2002-04-20,41.74,30.9,30.92,0.0,0.51
2002-04-21,39.03,31.24,28.49,0.0,0.51
2002-04-22,37.49,29.72,30.68,0.0,0.51
2002-04-23,39.15,27.83,29.48,0.0,0.51
2002-04-24,41.81,27.15,31.57,0.0,0.51
2002-04-25,40.95,27.63,35.14,0.19,0.51
2002-04-26,41.61,28.64,32.75,0.78,0.52
2002-04-27,40.91,28.06,30.91,0.22,0.52
2002-04-28,40.97,28.08,30.09,0.31,0.52
2002-04-29,41.64,27.73,25.5,0.0,0.52
2002-04-30,41.66,27.32,27.97,0.0,0.52
2002-05-01,40.85,28.45,29.05,0.0,0.52
2002-05-02,42.72,29.55,27.84,0.0,0.52
2002-05-03,42.47,29.78,27.95,0.0,0.52
2002-05-04,42.69,30.47,29.41,0.0,0.52
2002-05-05,40.93,29.52,31.55,0.0,0.52
2002-05-06,41.21,29.36,31.86,0.04,0.52
2002-05-07,39.06,28.2,39.76,0.33,0.52
2002-05-08,37.9,28.87,41.84,0.19,0.52
2002-05-09,41.02,28.84,40.51,0.9,0.52
2002-05-10,41.08,28.71,42.45,0.16,0.52
2002-05-11,42.4,28.22,38.88,1.68,0.52
2002-05-12,41.27,28.14,40.17,2.48,0.52
2002-05-13,39.62,30.21,45.92,0.02,0.52
2002-05-14,36.07,28.28,51.24,0.0,0.52
2002-05-15,36.11,27.91,50.89,0.0,0.52
2002-05-16,35.64,26.23,54.83,0.0,0.52
2002-05-17,37.78,26.71,58.16,0.0,0.52
2002-05-18,31.39,26.52,68.41,0.0,0.52
2002-05-19,37.36,26.35,53.03,0.0,0.52
2002-05-20,41.42,28.11,53.7,0.0,0.52
2002-05-21,39.46,28.46,52.24,0.0,0.52
2002-05-22,40.86,27.42,47.59,0.0,0.52
2002-05-23,38.91,28.52,44.21,0.03,0.52
2002-05-24,40.76,27.44,40.33,0.01,0.52
2002-05-25,36.0,28.81,44.88,0.02,0.52
2002-05-26,34.86,27.26,47.54,0.05,0.52
2002-05-27,36.42,27.45,45.3,0.0,0.52
2002-05-28,35.88,26.9,54.25,0.0,0.52
2002-05-29,38.03,26.25,47.46,0.0,0.52
2002-05-30,40.31,28.23,38.81,0.0,0.52
2002-05-31,40.4,29.28,37.92,0.01,0.52
2002-06-01,40.41,29.0,40.12,1.42,0.52
2002-06-02,41.43,29.35,34.99,0.05,0.52
2002-06-03,42.59,29.83,33.88,0.0,0.52
2002-06-04,42.45,30.6,34.84,0.03,0.52
2002-06-05,38.86,31.87,39.43,0.0,0.52
2002-06-06,36.14,29.65,48.87,0.05,0.52
2002-06-07,41.57,28.76,41.95,0.02,0.52
2002-06-08,41.53,29.55,39.66,0.0,0.52
2002-06-09,38.97,30.86,41.22,0.0,0.52
2002-06-10,38.31,29.9,46.3,0.01,0.52
2002-06-11,40.11,29.5,42.47,0.01,0.52
2002-06-12,40.16,30.13,41.67,0.02,0.52
2002-06-13,40.51,29.1,48.01,0.0,0.52
2002-06-14,40.29,28.84,46.13,0.01,0.52
2002-06-15,39.56,28.35,46.04,0.23,0.52
2002-06-16,37.13,28.8,51.76,0.17,0.52
2002-06-17,38.24,28.16,51.86,0.19,0.52
2002-06-18,36.95,28.74,50.71,0.15,0.52
2002-06-19,37.61,28.21,52.79,0.4,0.52
2002-06-20,36.13,27.1,59.07,0.13,0.52
2002-06-21,38.57,27.08,56.22,0.3,0.52
2002-06-22,39.0,27.06,58.53,0.58,0.52
2002-06-23,34.1,26.68,63.62,0.5,0.52
2002-06-24,38.53,26.45,54.98,0.69,0.52
2002-06-25,38.13,26.58,51.28,0.01,0.52
2002-06-26,40.58,26.96,46.71,0.04,0.52
2002-06-27,40.68,27.6,46.63,1.04,0.52
2002-06-28,36.88,29.94,51.28,1.75,0.52
2002-06-29,39.13,28.04,54.26,1.28,0.53
2002-06-30,39.68,26.8,62.71,5.21,0.53
2002-07-01,37.51,26.81,67.02,1.62,0.53
2002-07-02,35.38,26.6,68.81,2.41,0.53
2002-07-03,38.31,25.73,62.65,0.92,0.53
2002-07-04,37.51,26.14,60.38,1.34,0.53
2002-07-05,39.85,26.26,57.29,0.47,0.53
2002-07-06,38.51,27.86,56.99,0.41,0.53
2002-07-07,37.61,27.7,58.21,0.09,0.53
2002-07-08,37.84,27.57,60.84,0.05,0.53
2002-07-09,39.35,27.51,57.09,0.82,0.53
2002-07-10,38.04,27.18,63.68,1.23,0.53
2002-07-11,35.04,26.66,62.57,0.0,0.53
2002-07-12,34.39,26.89,61.03,0.0,0.53
2002-07-13,36.71,27.7,58.92,0.02,0.53
2002-07-14,36.38,26.65,60.15,0.24,0.53
2002-07-15,40.12,26.72,51.76,0.0,0.52
2002-07-16,35.96,28.19,59.67,0.0,0.52
2002-07-17,36.51,27.5,59.36,0.0,0.52
2002-07-18,37.95,26.57,56.06,0.01,0.52
2002-07-19,37.05,26.65,56.94,0.03,0.52
2002-07-20,38.0,26.62,55.96,0.03,0.52
2002-07-21,38.61,26.14,57.51,0.04,0.52
2002-07-22,37.79,26.89,59.0,0.07,0.52
2002-07-23,37.45,27.12,56.24,0.07,0.52
2002-07-24,39.83,26.91,53.29,0.13,0.52
2002-07-25,39.86,26.72,51.13,0.19,0.52
2002-07-26,35.27,28.1,56.14,0.17,0.52
2002-07-27,38.78,27.23,52.75,0.15,0.52
2002-07-28,40.76,27.95,49.38,0.0,0.52
2002-07-29,37.24,28.24,52.91,0.0,0.52
2002-07-30,38.28,28.52,52.1,0.0,0.52
2002-07-31,38.93,27.2,49.36,0.0,0.52
2002-08-01,39.23,27.47,50.83,0.0,0.52
2002-08-02,35.12,29.15,54.46,0.0,0.52
2002-08-03,34.92,26.61,64.51,0.0,0.52
2002-08-04,39.21,25.97,55.18,0.03,0.52
2002-08-05,39.76,27.88,50.36,0.07,0.52
2002-08-06,34.91,28.64,59.28,0.01,0.52
2002-08-07,35.88,26.48,56.69,0.05,0.52
2002-08-08,38.13,26.38,56.03,0.38,0.52
2002-08-09,38.46,27.25,56.55,0.02,0.52
2002-08-10,35.77,27.16,60.42,0.02,0.52
2002-08-11,36.7,26.77,62.33,0.04,0.52
2002-08-12,35.11,27.37,62.75,0.01,0.52
2002-08-13,35.44,26.54,61.55,0.01,0.52
2002-08-14,36.06,26.33,62.49,0.01,0.52
2002-08-15,38.59,26.53,55.36,0.03,0.52
2002-08-16,37.89,27.26,56.59,0.04,0.52
2002-08-17,39.94,26.49,48.66,0.0,0.52
2002-08-18,39.08,27.46,47.39,0.0,0.52
2002-08-19,37.85,27.96,48.33,0.0,0.52
2002-08-20,34.87,27.98,56.54,0.0,0.52
2002-08-21,37.25,26.45,52.54,0.0,0.52
2002-08-22,38.36,27.35,48.79,0.0,0.52
2002-08-23,37.93,27.21,51.13,0.0,0.52
2002-08-24,35.39,27.92,52.9,0.0,0.52
2002-08-25,34.74,28.32,52.72,0.01,0.52
2002-08-26,36.42,27.85,52.53,0.01,0.52
2002-08-27,40.64,28.21,45.36,0.01,0.52
2002-08-28,34.53,26.94,66.04,0.0,0.52
2002-08-29,38.54,25.48,50.91,0.0,0.52
2002-08-30,40.04,26.42,46.6,0.0,0.52
2002-08-31,40.73,28.13,42.39,0.0,0.52
2002-09-01,42.15,28.69,40.06,0.0,0.52
2002-09-02,39.04,30.54,40.73,0.0,0.52
2002-09-03,38.04,30.01,43.99,0.02,0.52
2002-09-04,34.76,28.78,52.03,0.0,0.52
2002-09-05,36.12,27.82,49.74,0.01,0.52
2002-09-06,37.25,27.08,49.61,0.01,0.52
2002-09-07,35.64,28.06,55.56,0.02,0.52
2002-09-08,35.1,27.35,61.99,0.1,0.52
2002-09-09,34.66,25.8,59.47,0.0,0.52
2002-09-10,34.57,26.07,55.18,0.0,0.52
2002-09-11,36.73,26.14,51.31,0.0,0.52
2002-09-12,38.17,27.64,45.23,0.0,0.52
2002-09-13,38.35,28.04,46.39,0.01,0.52
2002-09-14,34.8,28.16,54.55,0.43,0.52
2002-09-15,34.64,26.09,58.8,0.77,0.52
2002-09-16,40.06,25.36,50.81,0.52,0.52
2002-09-17,38.66,26.9,48.43,0.0,0.52
2002-09-18,36.41,28.41,48.76,0.0,0.52
2002-09-19,39.3,28.08,48.04,0.0,0.52
2002-09-20,37.17,26.99,54.18,0.0,0.52
2002-09-21,37.55,27.76,50.06,0.0,0.52
2002-09-22,37.02,28.17,47.75,0.01,0.52
2002-09-23,37.99,27.7,48.34,0.03,0.52
2002-09-24,38.51,27.56,46.26,0.01,0.52
2002-09-25,37.09,28.46,48.49,0.05,0.52
2002-09-26,37.27,28.08,54.69,1.23,0.52
2002-09-27,35.67,27.56,56.48,0.02,0.52
2002-09-28,36.57,26.59,51.88,0.0,0.52
2002-09-29,36.07,27.99,49.35,0.0,0.52
2002-09-30,38.7,27.76,46.46,0.0,0.52
2002-10-01,40.51,27.95,43.47,0.0,0.52
2002-10-02,39.48,28.11,45.18,0.0,0.52
2002-10-03,34.9,28.62,54.47,0.0,0.52
2002-10-04,34.49,27.87,54.86,0.0,0.52
2002-10-05,34.77,27.41,52.62,0.0,0.52
2002-10-06,34.65,27.19,50.35,0.0,0.52
2002-10-07,37.58,25.29,42.67,0.0,0.52
2002-10-08,35.95,22.75,38.59,0.0,0.52
2002-10-09,36.85,22.41,32.28,0.0,0.52
2002-10-10,35.73,24.33,32.42,0.01,0.52
2002-10-11,38.85,23.58,34.81,0.0,0.52
2002-10-12,38.45,25.5,37.96,0.0,0.52
2002-10-13,37.95,25.96,44.0,0.06,0.52
2002-10-14,31.76,26.01,60.49,0.2,0.52
2002-10-15,28.19,24.11,72.85,0.6,0.52
2002-10-16,35.19,24.1,71.7,4.3,0.53
2002-10-17,35.85,24.22,60.93,0.0,0.53
2002-10-18,36.18,26.48,53.82,0.0,0.53
2002-10-19,38.47,25.23,48.59,0.04,0.52
2002-10-20,37.46,25.54,49.13,0.03,0.52
2002-10-21,36.94,26.14,51.79,0.0,0.52
2002-10-22,36.48,25.57,52.79,0.0,0.52
2002-10-23,36.26,26.59,51.35,0.0,0.52
2002-10-24,36.36,25.29,53.38,0.0,0.52
2002-10-25,36.47,25.12,49.21,0.0,0.52
2002-10-26,34.91,26.32,50.57,0.0,0.52
2002-10-27,37.41,25.91,46.89,0.0,0.52
2002-10-28,37.09,25.16,45.83,0.0,0.52
2002-10-29,33.81,25.77,51.77,0.0,0.52
2002-10-30,36.39,23.98,43.58,0.0,0.52
2002-10-31,37.65,23.38,37.55,0.0,0.52
2002-11-01,38.0,23.17,35.06,0.0,0.52
2002-11-02,35.61,23.8,43.69,0.01,0.52
2002-11-03,30.06,23.89,60.41,0.0,0.52
2002-11-04,26.62,21.53,56.58,0.0,0.52
2002-11-05,33.31,19.83,45.51,0.0,0.52
2002-11-06,35.44,20.68,37.72,0.0,0.52
2002-11-07,34.45,21.69,35.05,0.0,0.52
2002-11-08,36.17,21.74,32.63,0.0,0.52
2002-11-09,36.23,22.1,34.05,0.0,0.52
2002-11-10,36.33,22.19,33.49,0.0,0.52
2002-11-11,36.97,25.17,37.4,0.11,0.52
2002-11-12,35.04,23.75,49.06,0.14,0.52
2002-11-13,33.89,23.79,56.86,0.01,0.52
2002-11-14,35.77,23.83,54.32,0.0,0.52
2002-11-15,34.27,22.89,42.56,0.0,0.52
2002-11-16,34.91,20.81,38.15,0.0,0.52
2002-11-17,34.65,19.43,33.37,0.0,0.52
2002-11-18,34.63,19.35,33.33,0.0,0.52
2002-11-19,33.76,18.62,36.66,0.0,0.52
2002-11-20,32.63,17.43,37.75,0.0,0.52
2002-11-21,34.0,18.31,31.32,0.0,0.52
2002-11-22,34.12,18.63,36.51,0.0,0.52
2002-11-23,35.11,19.28,39.49,0.0,0.52
2002-11-24,34.62,21.33,45.68,0.01,0.52
2002-11-25,34.39,24.02,62.48,0.07,0.52
2002-11-26,32.75,24.22,64.67,0.15,0.52
2002-11-27,30.83,22.2,59.52,0.01,0.52
2002-11-28,32.47,20.94,54.58,0.08,0.52
2002-11-29,30.94,22.8,65.14,0.06,0.52
2002-11-30,33.24,22.75,60.83,0.01,0.52
2002-12-01,32.94,22.66,55.03,0.0,0.52
2002-12-02,33.5,19.7,44.96,0.0,0.52
2002-12-03,32.86,19.4,45.64,0.0,0.52
2002-12-04,32.86,18.87,41.29,0.0,0.52
2002-12-05,32.29,17.83,35.27,0.0,0.52
2002-12-06,32.66,16.76,31.76,0.0,0.52
2002-12-07,33.21,16.49,28.71,0.0,0.52
2002-12-08,32.17,16.78,28.32,0.0,0.52
2002-12-09,32.23,16.41,27.7,0.0,0.52
2002-12-10,30.36,16.53,34.87,0.0,0.52
2002-12-11,31.58,15.73,37.96,0.0,0.52
2002-12-12,32.2,15.24,30.62,0.0,0.52
2002-12-13,32.64,15.99,33.85,0.0,0.52
2002-12-14,32.59,18.41,42.84,0.0,0.52
2002-12-15,31.69,17.93,41.41,0.02,0.52
2002-12-16,31.5,15.43,38.62,0.33,0.52
2002-12-17,30.59,14.77,35.31,0.0,0.52
2002-12-18,29.53,15.1,38.97,0.01,0.52
2002-12-19,30.34,15.05,42.47,0.43,0.52
2002-12-20,30.02,15.05,51.82,0.02,0.52
2002-12-21,30.14,15.31,43.53,0.0,0.52
2002-12-22,29.2,15.24,48.77,0.0,0.52
2002-12-23,28.73,13.64,42.64,0.0,0.52
2002-12-24,28.19,12.41,39.22,0.0,0.52
2002-12-25,28.58,12.98,36.71,0.46,0.52
2002-12-26,28.95,12.46,35.51,0.01,0.52
2002-12-27,29.46,12.86,36.2,0.0,0.52
2002-12-28,28.26,12.69,38.5,0.0,0.52
2002-12-29,28.27,12.19,36.61,0.0,0.52
2002-12-30,27.54,11.36,38.88,0.0,0.52
2002-12-31,27.86,11.82,38.69,0.0,0.52
2003-01-01,29.64,11.94,45.5,0.0,0.52
2003-01-02,29.26,13.26,47.53,0.0,0.52
2003-01-03,29.91,13.38,36.23,0.0,0.52
2003-01-04,30.78,14.19,40.94,3.5,0.52
2003-01-05,28.54,13.81,53.76,2.48,0.53
2003-01-06,28.77,13.06,47.87,0.0,0.53
2003-01-07,29.49,13.17,46.55,0.0,0.53
2003-01-08,28.61,13.59,47.08,0.0,0.53
2003-01-09,27.97,13.22,48.93,0.0,0.53
2003-01-10,28.87,13.15,46.35,0.0,0.53
2003-01-11,29.42,13.48,45.88,0.0,0.53
2003-01-12,29.69,14.58,44.99,0.0,0.52
2003-01-13,30.17,16.2,41.64,0.0,0.52
2003-01-14,28.01,15.02,42.3,0.0,0.52
2003-01-15,29.94,14.73,34.16,0.0,0.52
2003-01-16,29.7,11.8,27.58,0.0,0.52
2003-01-17,29.79,12.0,28.85,0.0,0.52
2003-01-18,30.35,12.24,27.3,0.0,0.52
2003-01-19,30.89,12.05,24.88,0.0,0.52
2003-01-20,30.82,14.07,24.29,0.0,0.52
2003-01-21,30.26,13.67,29.06,0.0,0.52
2003-01-22,29.23,13.06,34.48,0.0,0.52
2003-01-23,29.56,13.54,36.0,0.0,0.52
2003-01-24,29.39,12.16,29.45,0.0,0.52
2003-01-25,28.44,11.58,28.1,0.0,0.52
2003-01-26,28.35,11.6,29.84,0.0,0.52
2003-01-27,30.41,12.01,27.39,0.0,0.52
2003-01-28,31.05,12.46,25.55,0.0,0.52
2003-01-29,31.28,13.42,28.36,0.01,0.52
2003-01-30,30.51,13.72,32.62,0.0,0.52
2003-01-31,31.12,14.39,41.15,0.0,0.52
2003-02-01,31.87,15.91,43.32,0.0,0.52
2003-02-02,32.76,16.66,41.31,0.0,0.52
2003-02-03,33.44,18.72,33.74,0.0,0.52
2003-02-04,35.58,18.15,29.5,0.0,0.52
2003-02-05,31.25,21.22,31.6,0.0,0.52
2003-02-06,30.69,18.83,41.75,0.0,0.52
2003-02-07,30.83,17.41,41.69,0.0,0.52
2003-02-08,31.86,16.18,32.75,0.0,0.52
2003-02-09,32.42,17.05,27.84,0.0,0.52
2003-02-10,33.34,15.03,26.25,0.0,0.52
2003-02-11,33.07,15.41,23.81,0.0,0.52
2003-02-12,33.07,15.6,24.14,0.0,0.52
2003-02-13,32.61,16.3,29.72,0.01,0.52
2003-02-14,32.1,16.9,39.17,0.0,0.52
2003-02-15,31.3,16.72,36.41,0.0,0.52
2003-02-16,31.21,14.3,29.24,0.0,0.52
2003-02-17,31.95,14.43,25.52,0.0,0.52
2003-02-18,33.43,14.92,24.7,0.0,0.52
2003-02-19,34.65,16.11,23.81,0.0,0.52
2003-02-20,35.65,17.62,26.5,0.0,0.52
2003-02-21,34.15,18.36,35.23,0.0,0.52
2003-02-22,32.98,18.04,31.29,0.0,0.52
2003-02-23,33.22,15.06,22.98,0.0,0.52
2003-02-24,34.12,15.31,21.42,0.0,0.52
2003-02-25,33.35,15.5,21.44,0.0,0.52
2003-02-26,33.31,16.02,25.25,0.0,0.52
2003-02-27,34.04,16.44,25.87,0.0,0.52
2003-02-28,34.27,18.69,28.05,0.0,0.52
2003-03-01,35.33,18.24,27.71,0.0,0.52
2003-03-02,35.65,19.36,30.64,0.0,0.52
2003-03-03,36.91,19.1,30.13,0.0,0.52
2003-03-04,37.41,19.77,29.78,0.0,0.52
2003-03-05,36.37,22.07,31.63,0.0,0.52
2003-03-06,35.58,19.17,21.5,0.0,0.52
2003-03-07,33.64,17.03,13.6,0.0,0.52
2003-03-08,33.85,15.1,14.56,0.0,0.52
2003-03-09,34.14,15.24,16.79,0.0,0.52
2003-03-10,34.89,15.32,15.1,0.0,0.52
2003-03-11,34.75,15.7,18.06,0.0,0.52
2003-03-12,35.69,16.71,22.27,0.05,0.52
2003-03-13,32.76,19.72,33.22,0.01,0.52
2003-03-14,33.71,18.57,35.43,0.01,0.52
2003-03-15,35.38,19.34,36.74,0.15,0.52
2003-03-16,37.09,21.55,36.59,0.05,0.52
2003-03-17,33.17,24.19,43.87,0.28,0.52
2003-03-18,32.48,22.94,41.68,0.0,0.52
2003-03-19,35.6,21.03,38.91,0.0,0.52
2003-03-20,35.49,22.86,28.02,0.0,0.52
2003-03-21,36.15,20.88,27.58,0.0,0.52
2003-03-22,36.3,20.57,27.09,0.0,0.52
2003-03-23,36.96,21.4,25.97,0.0,0.52
2003-03-24,37.55,21.68,26.3,0.0,0.52
2003-03-25,38.51,23.37,25.89,0.0,0.52
2003-03-26,37.97,24.35,28.8,0.0,0.52
2003-03-27,37.86,26.42,30.69,0.0,0.52
2003-03-28,38.04,26.12,31.95,0.0,0.52
2003-03-29,37.71,25.8,35.49,0.0,0.52
2003-03-30,38.37,22.58,31.76,0.0,0.52
2003-03-31,38.64,23.77,35.16,0.01,0.52
2003-04-01,39.22,23.94,34.71,0.0,0.52
2003-04-02,39.53,23.9,32.56,0.0,0.52
2003-04-03,39.14,23.04,29.14,0.0,0.52
2003-04-04,39.49,24.35,29.39,0.0,0.52
2003-04-05,40.05,25.59,26.78,0.0,0.52
2003-04-06,39.73,26.59,27.56,0.0,0.52
2003-04-07,40.55,27.0,29.38,0.0,0.52
2003-04-08,38.72,27.59,29.17,0.0,0.52
2003-04-09,40.57,26.97,29.38,0.0,0.52
2003-04-10,39.81,27.15,23.26,0.0,0.52
2003-04-11,40.32,26.82,26.66,0.0,0.52
2003-04-12,39.72,27.08,30.31,0.0,0.52
2003-04-13,40.19,24.65,32.4,0.0,0.52
2003-04-14,39.73,27.46,32.4,0.0,0.52
2003-04-15,40.08,28.53,29.69,0.0,0.52
2003-04-16,41.83,27.42,31.57,0.0,0.52
2003-04-17,41.71,29.71,29.33,0.0,0.52
2003-04-18,41.12,28.66,33.87,0.0,0.52
2003-04-19,41.07,28.47,29.35,0.0,0.52
2003-04-20,41.03,29.54,32.52,0.0,0.52
2003-04-21,40.95,29.49,35.46,0.0,0.52
2003-04-22,40.09,29.26,35.81,0.0,0.52
2003-04-23,40.55,28.57,31.5,0.0,0.52
2003-04-24,40.71,29.26,29.66,0.0,0.52
2003-04-25,41.61,29.27,29.46,0.0,0.52
2003-04-26,43.19,30.27,27.42,0.0,0.52
2003-04-27,43.79,29.17,24.73,0.0,0.52
2003-04-28,41.96,29.99,31.22,0.0,0.52
2003-04-29,39.8,29.88,31.17,0.0,0.52
2003-04-30,35.29,26.58,47.69,0.01,0.52
2003-05-01,30.8,25.17,53.48,0.02,0.52
2003-05-02,39.01,24.15,40.2,0.05,0.52
2003-05-03,40.38,26.26,39.26,0.0,0.52
2003-05-04,41.54,27.96,39.82,0.0,0.52
2003-05-05,43.14,27.72,38.13,0.0,0.52
2003-05-06,42.26,28.53,35.34,0.0,0.52
2003-05-07,43.06,30.14,31.33,0.0,0.52
2003-05-08,43.08,31.32,28.7,0.0,0.52
2003-05-09,43.78,29.27,27.01,0.0,0.52
2003-05-10,41.69,29.78,33.56,0.0,0.52
2003-05-11,39.61,28.48,39.06,0.0,0.52
2003-05-12,39.9,29.04,40.57,0.0,0.52
2003-05-13,39.01,29.14,44.7,0.0,0.52
2003-05-14,36.17,25.76,57.1,0.0,0.52
2003-05-15,39.08,27.86,49.03,0.0,0.52
2003-05-16,38.0,28.8,50.63,0.0,0.52
2003-05-17,38.74,28.74,48.07,0.0,0.52
2003-05-18,34.2,27.2,58.21,0.0,0.52
2003-05-19,36.72,26.15,61.38,0.01,0.52
2003-05-20,32.46,26.58,54.74,0.05,0.52
2003-05-21,39.34,26.53,41.78,0.0,0.52
2003-05-22,38.98,28.72,41.63,0.0,0.52
2003-05-23,41.29,29.41,34.91,0.0,0.52
2003-05-24,41.26,30.57,35.73,0.01,0.52
2003-05-25,42.13,30.87,35.3,0.0,0.52
2003-05-26,41.61,30.26,36.79,0.0,0.52
2003-05-27,44.22,29.28,33.79,0.01,0.52
2003-05-28,42.6,31.59,35.63,0.0,0.52
2003-05-29,44.22,31.93,28.82,0.0,0.52
2003-05-30,44.0,32.0,26.49,0.0,0.52
2003-05-31,44.9,30.81,23.95,0.0,0.52
2003-06-01,44.14,31.26,30.13,0.0,0.52
2003-06-02,40.01,30.39,43.2,0.0,0.52
2003-06-03,35.07,28.76,57.2,0.03,0.52
2003-06-04,35.96,28.61,59.01,0.03,0.52
2003-06-05,36.76,27.48,54.27,0.0,0.52
2003-06-06,38.26,27.67,48.36,0.0,0.52
2003-06-07,38.11,27.73,45.57,0.0,0.52
2003-06-08,36.07,28.13,47.15,0.0,0.52
2003-06-09,40.57,27.39,48.4,0.0,0.52
2003-06-10,39.51,27.5,46.29,0.0,0.52
2003-06-11,40.35,28.13,46.65,0.01,0.52
2003-06-12,40.23,26.42,46.0,0.0,0.52
2003-06-13,40.92,27.38,42.59,0.0,0.52
2003-06-14,40.76,29.79,38.9,0.0,0.52
2003-06-15,40.93,28.42,43.47,0.0,0.52
2003-06-16,37.6,29.09,48.1,0.0,0.52
2003-06-17,39.93,27.89,45.98,0.0,0.52
2003-06-18,37.2,27.72,50.15,0.0,0.52
2003-06-19,37.03,27.89,51.81,0.0,0.52
2003-06-20,36.31,27.66,53.91,0.0,0.52
2003-06-21,39.65,28.05,50.96,0.0,0.52
2003-06-22,41.27,27.79,49.09,0.0,0.52
2003-06-23,40.42,27.9,48.69,0.0,0.52
2003-06-24,36.65,28.53,54.86,0.0,0.52
2003-06-25,39.74,26.74,49.61,0.0,0.52
2003-06-26,38.88,29.24,48.45,0.0,0.52
2003-06-27,38.25,27.55,49.73,0.0,0.52
2003-06-28,40.79,27.49,47.47,0.0,0.52
2003-06-29,39.03,27.58,50.33,0.07,0.52
2003-06-30,40.26,27.67,51.22,0.8,0.52
2003-07-01,37.77,26.99,50.78,0.01,0.52
2003-07-02,34.32,27.77,55.49,0.0,0.52
2003-07-03,37.64,27.6,48.05,0.0,0.52
2003-07-04,39.24,28.4,46.07,0.0,0.52
2003-07-05,40.92,28.88,43.61,0.0,0.52
2003-07-06,39.83,29.29,47.64,0.0,0.52
2003-07-07,39.51,28.74,44.45,0.0,0.52
2003-07-08,40.43,28.78,45.36,0.0,0.52
2003-07-09,40.45,28.56,45.49,0.01,0.52
2003-07-10,38.41,28.42,49.03,0.02,0.52
2003-07-11,39.03,27.69,50.69,0.0,0.52
2003-07-12,39.32,28.38,47.76,0.0,0.52
2003-07-13,39.01,29.02,47.51,0.0,0.52
2003-07-14,39.05,27.98,49.14,0.0,0.52
2003-07-15,40.75,28.18,47.72,0.0,0.52
2003-07-16,39.1,28.76,46.89,0.0,0.52
2003-07-17,41.57,28.44,43.6,0.0,0.52
2003-07-18,42.37,28.58,42.38,0.0,0.52
2003-07-19,42.38,29.49,41.34,0.01,0.52
2003-07-20,41.97,30.09,43.26,0.01,0.52
2003-07-21,39.62,30.23,43.53,0.02,0.52
2003-07-22,38.37,30.39,45.7,0.0,0.52
2003-07-23,38.05,30.24,46.48,0.0,0.52
2003-07-24,35.09,29.42,60.18,0.01,0.52
2003-07-25,37.25,27.19,55.12,0.03,0.52
2003-07-26,38.74,28.23,50.61,0.0,0.52
2003-07-27,39.31,27.79,49.31,0.02,0.52
2003-07-28,40.53,27.73,46.77,0.03,0.52
2003-07-29,35.76,29.09,54.85,0.06,0.52
2003-07-30,33.01,26.95,61.55,0.03,0.52
2003-07-31,37.49,26.13,54.7,0.02,0.52
2003-08-01,39.17,26.75,49.73,0.0,0.52
2003-08-02,39.79,27.1,47.93,0.0,0.52
2003-08-03,39.47,28.19,44.03,0.0,0.52
2003-08-04,39.8,29.97,44.81,0.0,0.52
2003-08-05,41.66,30.01,41.36,0.0,0.52
2003-08-06,41.5,29.88,43.35,0.0,0.52
2003-08-07,40.97,29.43,45.97,0.0,0.52
2003-08-08,39.73,28.64,49.22,0.02,0.52
2003-08-09,41.14,28.21,48.32,0.0,0.52
2003-08-10,39.7,28.45,46.48,0.02,0.52
2003-08-11,41.87,28.99,44.39,0.07,0.52
2003-08-12,36.39,29.8,49.26,0.01,0.52
2003-08-13,39.56,28.36,47.7,0.02,0.52
2003-08-14,39.82,27.81,50.23,0.01,0.52
2003-08-15,40.72,27.95,47.04,0.0,0.52
2003-08-16,42.33,28.38,42.2,0.0,0.52
2003-08-17,39.64,30.8,44.78,0.0,0.52
2003-08-18,37.68,29.0,52.06,0.0,0.52
2003-08-19,40.51,27.77,47.38,0.0,0.52
2003-08-20,40.82,29.57,45.24,0.0,0.52
2003-08-21,40.48,29.04,47.16,0.01,0.52
2003-08-22,38.94,28.15,50.74,0.01,0.52
2003-08-23,39.2,27.12,45.03,0.0,0.52
2003-08-24,36.87,30.45,46.96,0.0,0.52
2003-08-25,41.0,28.44,47.03,0.01,0.52
2003-08-26,41.07,27.61,50.01,0.0,0.52
2003-08-27,38.91,28.2,50.62,0.0,0.52
2003-08-28,38.02,27.32,48.83,0.0,0.52
2003-08-29,39.23,26.56,45.76,0.0,0.52
2003-08-30,40.3,27.5,46.44,0.0,0.52
2003-08-31,37.69,28.64,47.15,0.0,0.52
2003-09-01,40.31,27.17,47.05,0.0,0.52
2003-09-02,38.24,28.36,48.28,0.04,0.52
2003-09-03,40.37,27.64,45.05,0.0,0.52
2003-09-04,40.59,28.46,45.76,0.0,0.52
2003-09-05,38.46,28.17,48.91,0.0,0.52
2003-09-06,40.15,27.51,48.27,0.0,0.52
2003-09-07,40.06,27.74,48.14,0.06,0.52
2003-09-08,38.2,27.4,48.28,0.0,0.52
2003-09-09,39.67,29.16,45.34,0.0,0.52
2003-09-10,41.1,28.78,47.6,0.0,0.52
2003-09-11,37.95,29.26,50.8,0.0,0.52
2003-09-12,40.45,27.51,48.51,0.0,0.52
2003-09-13,37.91,28.46,48.46,0.0,0.52
2003-09-14,37.18,27.96,51.54,0.0,0.52
2003-09-15,40.31,28.16,44.58,0.0,0.52
2003-09-16,39.38,29.5,46.4,0.0,0.52
2003-09-17,40.19,28.5,45.83,0.0,0.52
2003-09-18,37.8,29.19,47.44,0.0,0.52
2003-09-19,39.86,28.66,45.45,0.0,0.52
2003-09-20,36.93,29.53,51.55,0.0,0.52
2003-09-21,38.68,28.36,48.96,0.0,0.52
2003-09-22,36.96,29.05,49.83,0.0,0.52
2003-09-23,36.39,28.08,51.65,0.0,0.52
2003-09-24,37.91,26.66,49.25,0.0,0.52
2003-09-25,38.82,27.51,46.93,0.01,0.52
2003-09-26,34.32,29.07,54.06,0.0,0.52
2003-09-27,36.97,27.69,51.74,0.0,0.52
2003-09-28,39.63,28.31,43.47,0.0,0.52
2003-09-29,38.73,29.32,46.04,0.0,0.52
2003-09-30,39.31,28.24,46.16,0.0,0.52
2003-10-01,35.57,28.8,52.7,0.01,0.52
2003-10-02,36.08,27.62,52.22,0.01,0.52
2003-10-03,37.25,28.09,46.06,0.01,0.52
2003-10-04,39.68,27.53,43.2,0.0,0.52
2003-10-05,39.07,29.61,38.22,0.0,0.52
2003-10-06,38.39,28.0,42.2,0.01,0.52
2003-10-07,36.25,28.04,50.99,0.01,0.52
2003-10-08,38.43,27.38,45.38,0.12,0.52
2003-10-09,38.71,27.37,47.51,0.02,0.52
2003-10-10,39.95,27.74,46.32,0.05,0.52
2003-10-11,37.59,27.77,48.22,0.0,0.52
2003-10-12,38.07,28.68,47.88,0.0,0.52
2003-10-13,35.63,29.31,49.98,0.0,0.52
2003-10-14,33.37,27.67,60.14,0.06,0.52
2003-10-15,38.48,25.81,50.02,0.01,0.52
2003-10-16,35.97,26.35,49.46,0.0,0.52
2003-10-17,39.83,26.9,39.69,0.0,0.52
2003-10-18,37.53,28.8,44.43,0.0,0.52
2003-10-19,36.11,28.64,47.42,0.0,0.52
2003-10-20,38.23,27.54,46.46,0.0,0.52
2003-10-21,34.52,28.11,52.77,0.02,0.52
2003-10-22,32.0,26.53,62.19,0.25,0.52
2003-10-23,37.84,26.22,47.17,0.0,0.52
2003-10-24,35.93,27.3,50.09,0.01,0.52
2003-10-25,36.4,25.87,49.34,0.06,0.52
2003-10-26,37.82,26.83,43.36,0.0,0.52
2003-10-27,38.42,26.73,41.0,0.0,0.52
2003-10-28,37.73,27.3,42.16,0.0,0.52
2003-10-29,38.95,26.64,38.7,0.0,0.52
2003-10-30,38.52,27.63,39.74,0.0,0.52
2003-10-31,38.84,25.85,34.9,0.0,0.52
2003-11-01,35.99,28.01,37.11,0.0,0.52
2003-11-02,37.46,25.06,36.73,0.0,0.52
2003-11-03,37.6,24.5,35.13,0.0,0.52
2003-11-04,37.95,23.72,33.06,0.0,0.52
2003-11-05,37.15,22.76,30.03,0.0,0.52
2003-11-06,36.52,22.82,31.68,0.0,0.52
2003-11-07,36.02,21.87,31.62,0.0,0.52
2003-11-08,35.67,21.96,25.4,0.0,0.52
2003-11-09,35.17,19.14,27.87,0.0,0.52
2003-11-10,35.41,20.0,27.32,0.0,0.52
2003-11-11,35.83,21.37,25.75,0.0,0.52
2003-11-12,35.9,19.21,27.28,0.0,0.52
2003-11-13,35.7,19.8,29.17,0.0,0.52
2003-11-14,35.88,19.26,29.5,0.0,0.52
2003-11-15,35.62,18.54,25.78,0.0,0.52
2003-11-16,35.98,18.27,25.41,0.0,0.52
2003-11-17,34.81,18.26,23.72,0.0,0.52
2003-11-18,34.85,16.88,24.8,0.0,0.52
2003-11-19,35.13,18.3,25.41,0.0,0.52
2003-11-20,33.59,17.57,36.24,0.0,0.52
2003-11-21,32.94,17.62,36.4,0.0,0.52
2003-11-22,32.88,17.56,36.94,0.0,0.52
2003-11-23,33.42,18.6,34.62,0.0,0.52
2003-11-24,33.36,18.45,33.76,0.0,0.52
2003-11-25,32.96,17.66,33.47,0.0,0.52
2003-11-26,33.12,17.65,29.93,0.0,0.52
2003-11-27,33.52,16.14,31.13,0.0,0.52
2003-11-28,33.45,17.79,35.1,0.0,0.52
2003-11-29,32.93,17.5,34.36,0.0,0.52
2003-11-30,33.1,17.06,39.58,0.0,0.52
2003-12-01,31.84,17.84,38.26,0.0,0.52
2003-12-02,32.29,16.87,38.34,0.0,0.52
2003-12-03,31.95,16.96,39.21,0.0,0.52
2003-12-04,32.34,18.18,39.87,0.0,0.52
2003-12-05,31.79,17.09,38.57,0.0,0.52
2003-12-06,31.32,16.9,40.35,0.0,0.52
2003-12-07,31.31,16.81,42.23,0.0,0.52
2003-12-08,32.42,17.29,40.54,0.0,0.52
2003-12-09,31.46,18.11,39.77,0.0,0.52
2003-12-10,32.47,19.07,43.03,0.0,0.52
2003-12-11,32.46,18.18,42.78,0.0,0.52
2003-12-12,32.11,17.36,39.77,0.0,0.52
2003-12-13,32.36,17.13,37.01,0.0,0.52
2003-12-14,31.63,17.34,33.53,0.0,0.52
2003-12-15,32.41,16.53,31.96,0.0,0.52
2003-12-16,32.73,16.75,33.36,0.0,0.52
2003-12-17,31.69,18.49,38.5,0.02,0.52
2003-12-18,30.91,20.46,47.27,0.04,0.52
2003-12-19,32.09,18.2,48.4,0.03,0.52
2003-12-20,31.63,21.02,53.78,0.01,0.52
2003-12-21,30.8,19.05,56.33,0.0,0.52
2003-12-22,30.42,20.52,56.02,0.0,0.52
2003-12-23,31.11,18.72,52.98,0.0,0.52
2003-12-24,32.0,18.12,45.1,0.0,0.52
2003-12-25,30.87,18.66,41.39,0.0,0.52
2003-12-26,30.87,15.98,39.67,0.0,0.52
2003-12-27,31.25,14.95,32.2,0.0,0.52
2003-12-28,32.34,16.17,35.54,0.0,0.52
2003-12-29,31.25,18.37,42.46,0.0,0.52
2003-12-30,30.09,16.03,40.47,0.0,0.52
2003-12-31,29.17,14.41,40.56,0.0,0.52
2004-01-01,30.2,14.18,38.67,0.0,0.52
2004-01-02,29.97,14.37,39.39,0.0,0.52
2004-01-03,29.77,13.61,38.28,0.0,0.52
2004-01-04,29.25,13.55,38.87,0.0,0.52
2004-01-05,28.92,13.29,35.12,0.0,0.52
2004-01-06,30.02,13.59,35.38,0.0,0.52
2004-01-07,30.78,14.74,34.46,0.0,0.52
2004-01-08,32.58,16.03,36.69,0.0,0.52
2004-01-09,29.94,15.44,41.1,0.0,0.52
2004-01-10,29.16,13.53,40.9,0.0,0.52
2004-01-11,29.74,13.48,37.81,0.0,0.52
2004-01-12,30.33,13.67,34.86,0.0,0.52
2004-01-13,30.17,14.59,31.32,0.0,0.52
2004-01-14,29.84,13.2,34.09,0.0,0.52
2004-01-15,28.59,13.24,40.03,0.0,0.52
2004-01-16,29.08,13.44,38.5,0.0,0.52
2004-01-17,29.69,13.85,37.06,0.0,0.52
2004-01-18,30.23,13.77,35.87,0.0,0.52
2004-01-19,30.26,13.9,35.04,0.0,0.52
2004-01-20,29.76,14.56,35.87,0.0,0.52
2004-01-21,29.99,14.09,39.88,0.0,0.52
2004-01-22,31.38,14.0,35.82,0.0,0.52
2004-01-23,29.2,14.56,37.55,0.0,0.52
2004-01-24,31.6,16.93,33.74,0.0,0.52
2004-01-25,31.56,14.15,32.65,0.0,0.52
2004-01-26,28.39,14.78,44.22,0.0,0.52
2004-01-27,29.76,16.82,37.76,0.0,0.52
2004-01-28,28.43,15.14,25.4,0.0,0.52
2004-01-29,28.75,11.47,24.29,0.0,0.52
2004-01-30,29.02,11.5,21.78,0.0,0.52
2004-01-31,30.88,12.21,19.34,0.0,0.52
2004-02-01,31.33,13.11,20.86,0.0,0.52
2004-02-02,32.6,14.85,26.41,0.0,0.52
2004-02-03,31.11,16.85,40.35,0.0,0.52
2004-02-04,28.88,14.51,29.59,0.0,0.52
2004-02-05,29.8,12.01,23.69,0.0,0.52
2004-02-06,30.04,11.84,24.37,0.0,0.52
2004-02-07,28.94,12.61,27.25,0.0,0.52
2004-02-08,30.26,13.38,25.72,0.0,0.52
2004-02-09,31.12,13.01,27.31,0.0,0.52
2004-02-10,31.98,14.28,33.21,0.0,0.52
2004-02-11,32.91,14.48,25.87,0.0,0.52
2004-02-12,32.68,14.33,25.27,0.0,0.52
2004-02-13,33.58,15.46,28.8,0.0,0.52
2004-02-14,33.55,17.19,29.84,0.0,0.52
2004-02-15,33.13,16.87,25.97,0.0,0.52
2004-02-16,32.49,14.32,20.28,0.0,0.52
2004-02-17,33.46,14.63,20.73,0.0,0.52
2004-02-18,33.16,15.44,21.08,0.0,0.52
2004-02-19,33.43,15.11,25.92,0.0,0.52
2004-02-20,32.54,15.44,25.79,0.0,0.52
2004-02-21,32.67,15.17,29.34,0.0,0.52
2004-02-22,33.75,16.72,28.57,0.0,0.52
2004-02-23,33.24,16.27,28.94,0.0,0.52
2004-02-24,33.46,16.16,25.5,0.0,0.52
2004-02-25,33.81,16.74,29.77,0.0,0.52
2004-02-26,34.47,18.38,32.45,0.0,0.52
2004-02-27,34.93,19.84,32.0,0.0,0.52
2004-02-28,34.33,18.35,35.25,0.0,0.52
2004-02-29,34.89,18.68,31.66,0.0,0.52
2004-03-01,35.55,18.16,30.6,0.0,0.52
2004-03-02,35.44,19.39,26.39,0.0,0.51
2004-03-03,35.67,17.31,20.57,0.0,0.51
2004-03-04,34.96,16.77,17.11,0.0,0.51
2004-03-05,34.88,15.48,16.85,0.0,0.51
2004-03-06,36.35,15.9,16.76,0.0,0.51
2004-03-07,36.45,18.42,17.54,0.0,0.51
2004-03-08,34.96,20.29,31.33,0.0,0.51
2004-03-09,35.4,22.4,33.28,0.0,0.51
2004-03-10,36.17,22.1,31.39,0.0,0.51
2004-03-11,35.31,21.41,31.42,0.0,0.51
2004-03-12,36.17,19.7,27.26,0.0,0.51
2004-03-13,36.31,20.76,26.67,0.03,0.51
2004-03-14,37.13,20.17,24.02,0.0,0.51
2004-03-15,38.66,21.15,23.43,0.0,0.51
2004-03-16,37.91,21.59,22.83,0.0,0.51
2004-03-17,37.22,21.52,27.4,0.0,0.51
2004-03-18,37.85,23.01,30.0,0.0,0.51
2004-03-19,38.59,22.98,27.24,0.0,0.51
2004-03-20,39.39,21.42,32.56,0.0,0.51
2004-03-21,39.34,22.92,35.1,0.0,0.51
2004-03-22,38.81,22.34,33.38,0.0,0.51
2004-03-23,39.75,22.64,34.98,0.0,0.51
2004-03-24,40.44,22.15,34.4,0.0,0.51
2004-03-25,39.69,22.9,35.63,0.0,0.51
2004-03-26,40.68,24.62,31.8,0.0,0.51
2004-03-27,41.15,24.61,26.36,0.0,0.51
2004-03-28,41.06,24.52,29.1,0.0,0.51
2004-03-29,41.16,25.09,29.12,0.0,0.51
2004-03-30,40.5,26.55,28.47,0.0,0.51
2004-03-31,36.33,28.24,34.11,0.0,0.51
2004-04-01,30.86,23.98,43.73,0.04,0.51
2004-04-02,37.56,21.62,37.61,0.0,0.51
2004-04-03,38.94,24.98,29.54,0.0,0.51
2004-04-04,38.87,26.58,28.96,0.0,0.51
2004-04-05,37.76,28.09,32.75,0.0,0.51
2004-04-06,36.52,28.69,33.35,0.02,0.51
2004-04-07,34.31,26.94,37.89,0.0,0.51
2004-04-08,32.08,24.32,42.87,0.07,0.51
2004-04-09,36.18,22.86,40.09,0.01,0.51
2004-04-10,39.22,23.48,36.96,0.03,0.51
2004-04-11,40.35,24.86,38.29,0.0,0.51
2004-04-12,40.98,27.56,34.07,0.0,0.51
2004-04-13,42.11,26.78,32.36,0.0,0.51
2004-04-14,42.69,25.72,33.9,0.0,0.51
2004-04-15,42.23,25.62,41.74,0.01,0.51
2004-04-16,41.13,25.45,45.8,0.0,0.51
2004-04-17,39.24,26.4,46.56,0.0,0.51
2004-04-18,37.37,26.24,47.12,0.05,0.51
2004-04-19,34.54,26.59,50.93,0.0,0.51
2004-04-20,34.69,24.96,50.18,0.0,0.51
2004-04-21,39.7,25.41,33.56,0.0,0.51
2004-04-22,40.98,28.8,31.71,0.13,0.51
2004-04-23,40.42,28.95,35.51,0.0,0.51
2004-04-24,40.82,27.27,34.63,0.0,0.51
2004-04-25,40.47,28.37,34.18,0.0,0.51
2004-04-26,39.87,29.69,32.52,0.0,0.51
2004-04-27,41.43,28.25,35.36,0.0,0.51
2004-04-28,38.68,27.52,38.16,0.0,0.51
2004-04-29,40.89,27.71,31.19,0.0,0.51
2004-04-30,41.61,29.65,29.86,0.0,0.51
2004-05-01,42.16,29.97,29.4,0.0,0.51
2004-05-02,42.42,29.75,30.24,0.0,0.51
2004-05-03,42.87,30.11,30.8,0.0,0.51
2004-05-04,41.1,30.31,27.0,0.0,0.51
2004-05-05,41.37,29.42,22.57,0.0,0.51
2004-05-06,41.27,29.51,23.98,0.0,0.51
2004-05-07,42.69,29.93,28.25,0.0,0.51
2004-05-08,42.8,29.76,29.32,0.0,0.51
2004-05-09,42.38,30.59,29.93,0.0,0.51
2004-05-10,43.46,31.84,31.61,0.0,0.51
2004-05-11,43.19,31.49,38.43,0.02,0.51
2004-05-12,42.83,30.09,41.33,0.0,0.51
2004-05-13,42.66,31.07,38.65,0.0,0.51
2004-05-14,40.29,31.58,42.59,0.0,0.51
2004-05-15,39.12,28.86,51.17,0.02,0.51
2004-05-16,37.72,30.29,49.02,0.36,0.51
2004-05-17,36.47,28.44,61.14,2.2,0.52
2004-05-18,33.67,27.36,63.69,2.04,0.52
2004-05-19,34.96,27.03,63.65,0.05,0.52
2004-05-20,34.34,24.57,60.99,0.0,0.52
2004-05-21,35.51,25.16,60.65,1.43,0.52
2004-05-22,35.13,26.41,66.59,10.3,0.54
2004-05-23,34.33,25.05,65.65,0.44,0.54
2004-05-24,37.27,23.7,56.97,0.13,0.54
2004-05-25,37.61,24.18,57.23,1.56,0.54
2004-05-26,38.14,26.27,54.22,0.27,0.53
2004-05-27,35.97,27.47,56.24,0.1,0.53
2004-05-28,34.08,27.15,66.36,1.68,0.53
2004-05-29,36.4,25.53,61.62,1.75,0.53
2004-05-30,33.91,26.71,61.6,0.0,0.53
2004-05-31,38.17,27.15,51.11,0.0,0.53
2004-06-01,33.39,27.64,56.94,0.0,0.53
2004-06-02,31.68,27.23,61.72,0.43,0.53
2004-06-03,34.64,26.65,57.76,0.02,0.53
2004-06-04,38.98,26.88,50.97,0.02,0.53
2004-06-05,37.94,28.22,50.3,0.24,0.53
2004-06-06,37.39,28.59,50.9,0.0,0.52
2004-06-07,34.28,28.97,54.6,0.0,0.52
2004-06-08,39.15,27.8,46.43,0.0,0.52
2004-06-09,33.93,29.49,52.37,0.0,0.52
2004-06-10,34.76,27.63,57.21,0.0,0.52
2004-06-11,38.82,27.87,51.43,0.01,0.52
2004-06-12,37.97,27.7,51.16,0.0,0.52
2004-06-13,38.87,28.0,48.54,0.0,0.52
2004-06-14,40.86,28.22,45.84,0.0,0.52
2004-06-15,36.86,29.47,48.64,0.0,0.52
2004-06-16,38.74,29.4,49.37,0.02,0.52
2004-06-17,39.33,28.62,53.77,0.01,0.52
2004-06-18,35.23,28.24,56.49,0.01,0.52
2004-06-19,38.84,27.76,54.04,0.05,0.52
2004-06-20,38.69,27.59,55.74,0.0,0.52
2004-06-21,41.15,27.23,48.71,0.01,0.52
2004-06-22,40.05,27.82,48.15,0.0,0.52
2004-06-23,40.92,28.09,41.86,0.02,0.52
2004-06-24,41.79,28.94,41.59,0.0,0.52
2004-06-25,39.9,29.79,38.53,0.0,0.52
2004-06-26,40.46,29.09,41.73,0.0,0.52
2004-06-27,39.37,30.48,44.69,0.0,0.52
2004-06-28,37.84,30.13,44.89,0.0,0.52
2004-06-29,35.42,27.18,50.44,0.0,0.52
2004-06-30,41.34,27.92,40.71,0.0,0.52
2004-07-01,42.31,27.94,39.58,0.0,0.52
2004-07-02,39.76,27.74,48.25,0.0,0.52
2004-07-03,38.98,28.14,44.75,0.01,0.52
2004-07-04,39.41,28.78,48.92,0.02,0.52
2004-07-05,38.29,28.04,47.8,0.01,0.52
2004-07-06,35.9,28.66,49.27,0.02,0.52
2004-07-07,38.05,28.2,45.32,0.03,0.52
2004-07-08,37.25,27.41,47.4,0.02,0.52
2004-07-09,38.76,25.6,50.14,0.28,0.52
2004-07-10,36.62,27.24,52.28,0.03,0.52
2004-07-11,36.16,26.23,56.12,0.1,0.52
2004-07-12,36.23,26.43,53.48,1.34,0.52
2004-07-13,36.86,26.85,58.37,13.78,0.53
2004-07-14,32.11,26.17,69.72,0.01,0.54
2004-07-15,32.67,25.93,69.61,0.02,0.54
2004-07-16,36.34,26.03,58.64,0.01,0.54
2004-07-17,39.04,26.48,53.33,0.0,0.53
2004-07-18,37.8,27.12,51.79,0.0,0.53
2004-07-19,36.29,27.46,53.1,0.03,0.53
2004-07-20,38.84,27.41,49.72,0.01,0.53
2004-07-21,36.95,27.23,51.03,0.0,0.53
2004-07-22,37.08,26.76,52.95,0.0,0.53
2004-07-23,35.08,27.9,53.97,0.0,0.52
2004-07-24,36.68,26.89,53.43,0.0,0.52
2004-07-25,37.26,27.09,51.6,0.01,0.52
2004-07-26,38.61,26.56,48.4,0.0,0.52
2004-07-27,40.02,27.4,46.11,0.0,0.52
2004-07-28,36.2,27.49,49.96,0.84,0.52
2004-07-29,38.34,27.17,51.33,0.0,0.52
2004-07-30,40.57,27.31,45.23,0.0,0.52
2004-07-31,37.5,28.83,49.26,0.0,0.52
2004-08-01,39.07,28.71,46.77,0.0,0.52
2004-08-02,40.62,28.55,46.76,0.0,0.52
2004-08-03,37.54,27.97,54.34,0.0,0.52
2004-08-04,35.02,26.57,60.99,0.9,0.52
2004-08-05,36.09,25.98,59.28,0.01,0.52
2004-08-06,40.31,26.08,50.1,0.04,0.52
2004-08-07,39.55,27.45,49.11,0.0,0.52
2004-08-08,38.8,28.22,49.04,0.0,0.52
2004-08-09,37.39,27.71,52.73,0.0,0.52
2004-08-10,35.51,27.07,57.98,0.0,0.52
2004-08-11,32.79,26.24,62.26,0.06,0.52
2004-08-12,34.82,26.34,60.59,0.03,0.52
2004-08-13,38.05,26.46,57.01,0.02,0.52
2004-08-14,38.67,26.76,51.49,0.01,0.52
2004-08-15,38.03,27.22,48.3,0.0,0.52
2004-08-16,40.09,27.83,46.16,0.0,0.52
2004-08-17,40.03,28.21,48.47,0.01,0.52
2004-08-18,37.56,27.71,56.1,0.02,0.52
2004-08-19,39.27,27.62,53.05,0.0,0.52
2004-08-20,39.16,27.88,53.11,0.0,0.52
2004-08-21,41.38,27.37,45.75,0.0,0.52
2004-08-22,40.65,28.6,47.03,0.0,0.52
2004-08-23,40.06,29.01,47.89,0.0,0.52
2004-08-24,39.91,29.35,44.71,0.0,0.52
2004-08-25,37.87,30.05,48.21,0.01,0.52
2004-08-26,35.72,27.61,55.94,0.03,0.52
2004-08-27,36.27,27.75,58.1,0.0,0.52
2004-08-28,38.76,27.6,53.26,0.01,0.52
2004-08-29,37.11,28.45,53.23,0.0,0.52
2004-08-30,40.54,28.15,47.65,0.0,0.52
2004-08-31,38.79,28.75,46.76,0.01,0.52
2004-09-01,37.57,29.06,49.15,0.0,0.52
2004-09-02,37.15,27.95,50.85,0.0,0.52
2004-09-03,40.4,28.01,44.5,0.0,0.52
2004-09-04,38.77,28.95,49.56,0.0,0.52
2004-09-05,40.24,27.87,48.47,0.0,0.52
2004-09-06,38.84,28.92,47.28,0.0,0.52
2004-09-07,34.86,28.95,52.63,0.0,0.52
2004-09-08,37.78,28.37,51.83,0.0,0.52
2004-09-09,31.65,27.19,65.84,0.96,0.52
2004-09-10,35.26,25.45,72.01,21.41,0.54
2004-09-11,32.93,24.61,70.6,0.08,0.56
2004-09-12,34.21,25.15,63.34,0.05,0.55
2004-09-13,32.34,25.27,71.0,0.09,0.55
2004-09-14,32.67,25.0,71.88,0.03,0.55
2004-09-15,34.08,24.57,68.05,0.01,0.54
2004-09-16,36.08,24.95,61.48,0.0,0.54
2004-09-17,34.98,25.65,62.11,0.0,0.54
2004-09-18,33.36,26.45,63.52,0.0,0.53
2004-09-19,34.5,25.83,63.09,0.0,0.53
2004-09-20,37.11,25.89,54.52,0.0,0.53
2004-09-21,33.9,27.17,60.03,2.1,0.53
2004-09-22,31.12,24.88,79.63,32.38,0.57
2004-09-23,35.78,23.79,68.04,0.0,0.59
2004-09-24,36.15,25.57,62.5,0.0,0.58
2004-09-25,36.82,25.81,64.53,0.0,0.57
2004-09-26,33.98,25.47,70.22,0.0,0.57
2004-09-27,35.16,24.71,67.74,0.0,0.56
2004-09-28,36.13,24.85,64.92,0.0,0.56
2004-09-29,37.1,25.79,62.26,0.0,0.56
2004-09-30,35.97,26.03,63.19,0.0,0.55
2004-10-01,36.66,25.13,61.77,0.0,0.55
2004-10-02,36.75,26.71,59.31,0.01,0.54
2004-10-03,36.36,25.25,59.94,0.04,0.54
2004-10-04,36.4,25.32,62.41,0.11,0.54
2004-10-05,35.65,25.32,59.06,0.07,0.54
2004-10-06,35.89,25.75,54.98,0.03,0.53
2004-10-07,37.04,25.58,55.11,0.03,0.53
2004-10-08,37.21,25.1,53.76,0.06,0.53
2004-10-09,37.79,24.81,51.94,0.0,0.53
2004-10-10,38.17,27.29,47.74,0.36,0.53
2004-10-11,38.73,27.16,46.76,0.38,0.53
2004-10-12,34.15,27.8,56.16,0.05,0.53
2004-10-13,34.23,26.74,60.49,0.31,0.53
2004-10-14,30.6,25.02,68.53,0.71,0.53
2004-10-15,33.52,24.07,68.38,0.42,0.53
2004-10-16,35.61,23.06,62.39,0.5,0.53
2004-10-17,37.28,24.44,49.67,0.0,0.53
2004-10-18,37.9,25.36,43.12,0.0,0.53
2004-10-19,39.33,26.43,37.98,0.0,0.52
2004-10-20,37.82,25.58,44.84,0.0,0.52
2004-10-21,38.01,25.87,41.28,0.0,0.52
2004-10-22,37.9,26.01,38.53,0.13,0.52
2004-10-23,37.2,24.94,41.2,0.0,0.52
2004-10-24,34.26,25.63,48.66,0.0,0.52
2004-10-25,37.22,25.16,39.98,0.01,0.52
2004-10-26,36.71,25.63,37.09,0.06,0.52
2004-10-27,34.91,25.31,35.66,0.0,0.52
2004-10-28,34.9,23.23,36.24,0.0,0.52
2004-10-29,35.35,21.38,36.4,0.0,0.52
2004-10-30,36.1,21.49,35.56,0.0,0.52
2004-10-31,36.68,21.7,35.24,0.0,0.52
2004-11-01,36.6,22.92,34.66,0.0,0.52
2004-11-02,36.89,22.73,34.26,0.0,0.52
2004-11-03,35.63,25.31,42.6,0.0,0.52
2004-11-04,34.9,25.21,44.51,0.0,0.52
2004-11-05,35.47,25.28,46.08,0.0,0.52
2004-11-06,34.22,24.2,46.64,0.02,0.52
2004-11-07,34.89,24.37,47.67,0.0,0.52
2004-11-08,36.5,23.31,36.25,0.0,0.52
2004-11-09,34.98,19.68,34.98,0.0,0.52
2004-11-10,34.38,20.79,32.14,0.0,0.52
2004-11-11,34.83,20.08,34.98,0.0,0.52
2004-11-12,35.22,20.54,33.9,0.0,0.52
2004-11-13,35.15,20.01,31.49,0.0,0.52
2004-11-14,34.94,19.96,34.39,0.0,0.52
2004-11-15,34.22,18.28,32.13,0.0,0.52
2004-11-16,33.89,17.96,32.27,0.0,0.52
2004-11-17,34.27,17.72,31.39,0.0,0.52
2004-11-18,34.31,19.55,29.45,0.0,0.52
2004-11-19,34.55,18.15,33.56,0.0,0.52
2004-11-20,33.21,17.03,30.69,0.05,0.52
2004-11-21,34.16,16.98,29.51,0.15,0.52
2004-11-22,33.62,20.18,35.71,0.0,0.52
2004-11-23,31.98,21.7,46.19,0.0,0.52
2004-11-24,32.33,21.01,47.98,0.06,0.52
2004-11-25,32.9,20.05,47.6,0.0,0.52
2004-11-26,33.31,19.34,41.94,0.04,0.52
2004-11-27,33.17,19.64,45.57,0.01,0.52
2004-11-28,32.91,20.93,48.88,0.81,0.52
2004-11-29,30.87,20.74,57.37,0.13,0.52
2004-11-30,31.8,18.94,42.56,0.0,0.52
2004-12-01,32.04,16.61,39.49,0.0,0.52
2004-12-02,32.15,17.82,40.06,0.0,0.52
2004-12-03,31.77,16.96,40.33,0.0,0.52
2004-12-04,31.72,16.23,37.15,0.0,0.52
2004-12-05,31.56,16.31,36.35,0.0,0.52
2004-12-06,31.47,17.1,36.63,0.0,0.52
2004-12-07,31.53,16.72,43.31,0.0,0.52
2004-12-08,30.65,18.88,41.49,0.0,0.52
2004-12-09,30.61,17.0,42.78,0.0,0.52
2004-12-10,30.85,18.15,41.73,0.0,0.52
2004-12-11,31.54,17.04,44.11,0.0,0.52
2004-12-12,31.77,16.98,40.91,0.0,0.52
2004-12-13,31.45,16.62,39.95,0.0,0.52
2004-12-14,30.5,16.62,42.04,0.0,0.52
2004-12-15,30.56,17.27,41.68,0.0,0.52
2004-12-16,29.86,19.25,43.6,0.0,0.52
2004-12-17,30.6,16.23,45.77,0.0,0.52
2004-12-18,30.82,15.41,38.71,0.0,0.52
2004-12-19,30.53,14.47,35.67,0.0,0.52
2004-12-20,29.62,14.97,38.01,0.0,0.52
2004-12-21,29.26,14.62,36.65,0.0,0.52
2004-12-22,28.73,13.75,43.03,0.0,0.52
2004-12-23,28.73,14.14,50.63,0.0,0.52
2004-12-24,29.55,13.72,46.1,0.0,0.52
2004-12-25,30.42,14.39,41.05,0.0,0.52
2004-12-26,28.54,14.77,43.5,0.0,0.52
2004-12-27,27.93,14.14,45.26,0.0,0.52
2004-12-28,28.0,12.5,40.64,0.0,0.52
2004-12-29,29.25,11.83,35.82,0.0,0.52
2004-12-30,29.5,12.57,34.74,0.0,0.52
2004-12-31,29.58,12.35,38.12,0.0,0.52
2005-01-01,30.19,13.02,41.49,0.0,0.52
2005-01-02,30.98,14.21,36.46,0.0,0.52
2005-01-03,32.52,15.12,30.75,0.0,0.52
2005-01-04,32.85,16.18,29.75,0.0,0.52
2005-01-05,31.97,17.22,32.92,0.0,0.52
2005-01-06,31.63,14.47,32.12,0.0,0.52
2005-01-07,31.45,15.71,32.05,0.0,0.52
2005-01-08,30.92,16.31,30.22,0.0,0.52
2005-01-09,29.83,15.27,28.12,0.0,0.52
2005-01-10,28.86,12.54,34.54,0.0,0.52
2005-01-11,28.48,11.74,28.68,0.22,0.52
2005-01-12,26.63,12.31,40.84,0.0,0.52
2005-01-13,27.82,13.22,39.88,0.0,0.52
2005-01-14,28.21,12.7,43.49,0.0,0.52
2005-01-15,29.69,13.38,40.18,0.0,0.52
2005-01-16,29.91,13.61,38.03,0.0,0.52
2005-01-17,30.55,13.76,35.06,0.0,0.52
2005-01-18,30.52,14.36,34.25,0.0,0.52
2005-01-19,30.6,12.22,36.25,0.0,0.52
2005-01-20,28.37,13.77,42.51,0.0,0.52
2005-01-21,29.27,13.59,38.78,0.0,0.52
2005-01-22,29.24,12.81,35.31,0.0,0.52
2005-01-23,31.12,13.85,27.75,0.0,0.52
2005-01-24,30.71,12.64,29.33,0.0,0.52
2005-01-25,29.76,13.59,32.83,0.0,0.52
2005-01-26,30.37,14.42,40.57,0.0,0.52
2005-01-27,30.58,15.25,40.49,0.0,0.52
2005-01-28,31.11,14.87,32.12,0.0,0.52
2005-01-29,30.66,15.93,28.06,0.0,0.52
2005-01-30,32.34,15.01,27.87,0.0,0.52
2005-01-31,34.14,15.91,28.08,0.0,0.52
2005-02-01,34.85,18.51,25.5,0.0,0.52
2005-02-02,31.8,16.84,33.74,0.0,0.52
2005-02-03,31.46,16.15,35.4,0.0,0.52
2005-02-04,31.84,14.44,26.63,0.0,0.52
2005-02-05,32.07,15.01,21.71,0.0,0.52
2005-02-06,31.38,13.46,19.76,0.0,0.52
2005-02-07,32.27,13.83,21.57,0.0,0.52
2005-02-08,32.57,14.52,26.46,0.0,0.52
2005-02-09,33.03,15.26,29.6,0.0,0.52
2005-02-10,33.6,16.04,28.86,0.0,0.52
2005-02-11,33.74,16.2,27.92,0.0,0.52
2005-02-12,34.15,16.02,30.1,0.0,0.52
2005-02-13,36.12,16.23,29.61,0.0,0.52
2005-02-14,35.74,18.21,41.33,0.0,0.52
2005-02-15,34.4,16.88,42.18,0.0,0.52
2005-02-16,34.9,17.84,40.3,0.14,0.52
2005-02-17,35.64,17.9,41.13,0.0,0.52
2005-02-18,36.0,19.38,38.97,0.0,0.52
2005-02-19,36.93,20.02,30.93,0.0,0.52
2005-02-20,36.81,19.6,29.06,0.0,0.52
2005-02-21,36.87,21.13,28.97,0.0,0.52
2005-02-22,35.74,23.05,28.58,0.0,0.52
2005-02-23,35.84,19.43,28.13,0.0,0.52
2005-02-24,33.84,19.72,29.73,0.0,0.52
2005-02-25,33.27,19.02,30.51,0.0,0.52
2005-02-26,34.54,19.09,25.67,0.0,0.52
2005-02-27,34.64,17.53,24.2,0.0,0.52
2005-02-28,35.0,17.9,24.34,0.0,0.52
2005-03-01,35.48,17.84,25.7,0.0,0.52
2005-03-02,36.22,18.29,26.04,0.0,0.52
2005-03-03,36.73,19.44,29.07,0.0,0.52
2005-03-04,38.56,21.4,31.61,0.0,0.52
2005-03-05,36.2,22.83,34.65,0.0,0.52
2005-03-06,32.31,24.24,38.29,0.0,0.52
2005-03-07,37.78,21.04,34.88,0.0,0.52
2005-03-08,37.35,23.39,33.47,0.0,0.52
2005-03-09,36.56,24.98,32.18,0.0,0.52
2005-03-10,37.15,23.4,34.86,0.0,0.52
2005-03-11,37.42,23.98,31.99,0.0,0.52
2005-03-12,36.45,23.98,33.47,0.0,0.52
2005-03-13,35.89,25.33,35.16,0.0,0.52
2005-03-14,37.26,24.32,33.65,0.0,0.52
2005-03-15,35.58,22.44,40.98,0.0,0.52
2005-03-16,35.1,19.69,37.2,0.0,0.52
2005-03-17,37.08,22.03,26.17,0.0,0.52
2005-03-18,38.57,23.15,25.36,0.0,0.52
2005-03-19,39.45,22.4,23.38,0.0,0.52
2005-03-20,38.63,23.48,30.24,0.0,0.52
2005-03-21,39.75,22.82,28.6,0.0,0.52
2005-03-22,39.35,23.39,30.84,0.0,0.52
2005-03-23,38.9,24.72,31.88,0.01,0.52
2005-03-24,38.25,26.46,33.36,0.1,0.52
2005-03-25,34.38,23.37,43.89,0.02,0.52
2005-03-26,34.62,21.21,43.6,0.0,0.52
2005-03-27,36.24,23.5,33.78,0.03,0.52
2005-03-28,38.22,23.44,29.55,0.0,0.52
2005-03-29,39.19,22.73,31.89,0.0,0.52
2005-03-30,38.78,26.98,28.48,0.0,0.52
2005-03-31,39.5,24.86,31.28,0.0,0.52
2005-04-01,38.79,26.99,33.75,0.0,0.52
2005-04-02,39.54,26.83,31.08,0.0,0.52
2005-04-03,40.09,27.03,28.23,0.42,0.52
2005-04-04,39.23,25.68,32.43,0.0,0.52
2005-04-05,39.01,25.44,24.85,0.0,0.52
2005-04-06,37.96,24.61,27.81,0.0,0.52
2005-04-07,39.67,24.42,26.62,0.0,0.52
2005-04-08,39.66,23.6,27.67,0.0,0.52
2005-04-09,40.21,23.6,28.93,0.06,0.52
2005-04-10,40.13,26.04,41.96,0.07,0.52
2005-04-11,35.51,27.9,50.01,1.77,0.52
2005-04-12,39.43,27.33,42.4,0.0,0.52
2005-04-13,40.79,27.92,34.12,0.0,0.52
2005-04-14,40.67,25.2,22.1,0.0,0.52
2005-04-15,39.59,24.87,21.64,0.0,0.52
2005-04-16,40.6,25.68,24.29,0.0,0.52
2005-04-17,40.15,26.29,27.56,0.0,0.52
2005-04-18,36.42,29.09,35.16,0.0,0.52
2005-04-19,39.68,27.6,32.6,0.0,0.52
2005-04-20,37.94,28.23,33.8,0.01,0.52
2005-04-21,37.52,27.57,34.6,0.0,0.52
2005-04-22,40.46,26.84,31.11,0.0,0.52
2005-04-23,41.11,28.37,33.21,0.0,0.52
2005-04-24,40.69,30.1,33.5,0.04,0.52
2005-04-25,40.57,30.53,32.51,0.0,0.52
2005-04-26,37.07,30.04,35.74,0.0,0.52
2005-04-27,38.37,28.47,35.87,0.0,0.52
2005-04-28,38.97,26.48,37.66,0.0,0.52
2005-04-29,39.9,26.94,34.53,0.01,0.52
2005-04-30,39.15,27.67,33.25,0.0,0.52
2005-05-01,38.67,27.65,32.72,0.0,0.52
2005-05-02,37.16,27.29,39.8,0.0,0.52
2005-05-03,36.88,27.54,37.37,0.0,0.52
2005-05-04,38.66,28.33,33.3,0.0,0.52
2005-05-05,38.63,29.7,31.15,0.01,0.52
2005-05-06,36.95,28.71,37.2,0.0,0.52
2005-05-07,38.73,27.35,38.56,0.0,0.52
2005-05-08,39.96,27.72,34.02,0.0,0.52
2005-05-09,41.55,28.93,34.74,0.0,0.52
2005-05-10,41.2,30.02,37.01,0.0,0.52
2005-05-11,41.57,29.81,35.44,0.0,0.52
2005-05-12,40.62,31.47,32.57,0.0,0.52
2005-05-13,40.88,30.76,27.75,0.0,0.52
2005-05-14,41.6,28.66,27.22,0.0,0.52
2005-05-15,42.81,30.43,27.49,0.0,0.52
2005-05-16,42.42,30.19,29.93,0.0,0.52
2005-05-17,41.03,30.05,28.64,0.0,0.52
2005-05-18,42.0,29.6,29.62,0.0,0.52
2005-05-19,42.14,31.72,29.64,0.0,0.52
2005-05-20,42.92,30.42,29.12,0.0,0.52
2005-05-21,39.2,32.09,34.29,0.03,0.52
2005-05-22,41.13,29.85,31.69,0.0,0.52
2005-05-23,42.62,31.0,29.92,0.0,0.52
2005-05-24,39.54,32.74,36.5,0.04,0.52
2005-05-25,40.91,30.93,38.26,0.0,0.52
2005-05-26,41.05,31.68,38.84,0.0,0.52
2005-05-27,37.3,29.98,46.53,0.0,0.52
2005-05-28,40.22,29.97,39.81,0.0,0.52
2005-05-29,41.68,30.0,37.7,0.0,0.52
2005-05-30,44.53,30.06,33.1,0.0,0.52
2005-05-31,43.14,32.88,31.58,0.0,0.52
2005-06-01,42.69,31.98,36.15,0.0,0.52
2005-06-02,39.28,31.89,40.05,0.0,0.52
2005-06-03,42.95,30.3,36.24,0.0,0.52
2005-06-04,41.89,31.0,28.92,0.06,0.52
2005-06-05,43.38,30.73,32.39,0.0,0.52
2005-06-06,41.7,30.57,38.32,0.0,0.52
2005-06-07,41.95,30.88,40.0,0.0,0.52
2005-06-08,40.2,31.15,42.54,0.0,0.52
2005-06-09,41.19,30.41,43.74,0.0,0.52
2005-06-10,38.82,27.97,55.06,0.0,0.52
2005-06-11,38.74,27.57,51.53,0.0,0.52
2005-06-12,40.35,29.44,44.39,0.0,0.52
2005-06-13,40.04,30.06,45.32,0.0,0.52
2005-06-14,40.32,29.2,46.97,0.0,0.52
2005-06-15,38.72,29.35,52.41,0.0,0.52
2005-06-16,39.4,28.95,56.04,0.0,0.52
2005-06-17,33.12,28.71,60.87,0.0,0.52
2005-06-18,38.77,27.71,56.34,0.0,0.52
2005-06-19,40.49,28.23,49.74,0.0,0.52
2005-06-20,38.38,29.74,45.08,0.0,0.52
2005-06-21,39.01,29.58,47.51,0.0,0.52
2005-06-22,39.16,29.14,47.71,0.0,0.52
2005-06-23,34.84,28.31,60.22,0.0,0.52
2005-06-24,37.3,27.41,56.15,0.0,0.52
2005-06-25,39.08,28.39,53.78,0.14,0.52
2005-06-26,35.07,27.96,60.84,1.26,0.52
2005-06-27,36.18,27.37,60.22,0.39,0.52
2005-06-28,37.87,26.49,56.59,0.01,0.52
2005-06-29,37.94,26.86,54.49,0.02,0.52
2005-06-30,37.86,27.21,52.89,0.04,0.52
2005-07-01,36.54,27.19,62.38,0.02,0.52
2005-07-02,38.72,27.47,52.42,0.04,0.52
2005-07-03,39.99,27.71,49.39,0.01,0.52
2005-07-04,39.06,27.24,51.76,0.03,0.52
2005-07-05,40.1,27.34,50.73,0.0,0.52
2005-07-06,40.75,27.87,47.92,0.0,0.52
2005-07-07,41.2,28.28,45.43,0.0,0.52
2005-07-08,41.47,28.38,47.11,0.0,0.52
2005-07-09,39.91,27.7,48.51,0.01,0.52
2005-07-10,39.29,27.87,48.22,0.01,0.52
2005-07-11,37.84,28.03,51.28,0.0,0.52
2005-07-12,39.47,28.39,43.65,0.0,0.52
2005-07-13,36.21,30.48,46.27,0.01,0.52
2005-07-14,38.98,28.88,44.83,0.01,0.52
2005-07-15,36.64,28.89,49.86,0.0,0.52
2005-07-16,38.42,27.25,48.65,0.0,0.52
2005-07-17,40.19,28.75,43.3,0.0,0.52
2005-07-18,37.63,30.49,45.25,0.0,0.52
2005-07-19,40.02,29.41,42.4,0.0,0.52
2005-07-20,33.9,29.64,52.96,0.0,0.52
2005-07-21,39.45,28.04,47.99,0.0,0.52
2005-07-22,37.25,28.08,58.55,0.0,0.52
2005-07-23,39.73,27.5,51.93,0.0,0.52
2005-07-24,40.7,28.22,48.76,0.0,0.52
2005-07-25,39.98,27.6,50.52,0.0,0.52
2005-07-26,35.65,28.27,57.7,0.0,0.52
2005-07-27,39.46,27.85,51.22,0.0,0.52
2005-07-28,38.46,27.64,55.69,0.01,0.52
2005-07-29,40.69,27.76,50.61,0.0,0.52
2005-07-30,41.77,28.61,46.88,0.01,0.52
2005-07-31,39.6,28.34,47.76,0.0,0.52
2005-08-01,39.17,29.08,50.04,0.01,0.52
2005-08-02,40.65,27.9,52.09,0.0,0.52
2005-08-03,40.63,28.21,51.32,0.04,0.52
2005-08-04,39.33,28.09,50.42,0.0,0.52
2005-08-05,41.14,28.08,47.91,0.03,0.52
2005-08-06,38.71,28.22,48.81,0.01,0.52
2005-08-07,41.7,27.92,48.6,0.04,0.52
2005-08-08,42.16,29.35,49.28,0.0,0.52
2005-08-09,40.77,28.53,53.1,0.0,0.52
2005-08-10,38.82,27.92,52.22,0.01,0.52
2005-08-11,40.38,28.46,48.73,0.0,0.52
2005-08-12,40.78,29.78,46.77,0.0,0.52
2005-08-13,38.89,27.44,56.58,0.01,0.52
2005-08-14,38.99,26.93,52.82,0.01,0.52
2005-08-15,38.75,27.92,50.87,0.01,0.52
2005-08-16,39.87,27.44,49.38,0.0,0.52
2005-08-17,39.4,27.77,48.82,0.0,0.52
2005-08-18,39.26,28.39,48.95,0.0,0.52
2005-08-19,36.78,28.01,52.69,0.01,0.52
2005-08-20,39.2,27.27,51.46,0.02,0.52
2005-08-21,39.43,27.24,49.57,0.03,0.52
2005-08-22,39.46,27.77,49.37,0.01,0.52
2005-08-23,38.89,28.11,51.17,0.01,0.52
2005-08-24,39.18,28.42,51.45,0.11,0.52
2005-08-25,35.88,28.5,51.6,0.01,0.52
2005-08-26,40.1,28.11,46.14,0.0,0.52
2005-08-27,37.41,29.01,46.57,0.01,0.52
2005-08-28,37.14,28.7,46.03,0.0,0.52
2005-08-29,37.6,28.87,46.24,0.02,0.52
2005-08-30,39.23,29.02,45.64,0.0,0.52
2005-08-31,37.96,29.7,51.0,0.0,0.52
2005-09-01,40.33,28.92,45.67,0.03,0.52
2005-09-02,43.5,30.18,41.92,0.0,0.52
2005-09-03,40.16,28.85,48.22,0.0,0.52
2005-09-04,40.39,28.34,44.15,0.0,0.52
2005-09-05,41.66,29.97,40.52,0.0,0.52
2005-09-06,34.57,30.49,49.67,0.0,0.52
2005-09-07,36.81,29.01,49.69,0.0,0.52
2005-09-08,36.06,28.92,53.59,0.0,0.52
2005-09-09,37.69,27.11,53.44,0.0,0.52
2005-09-10,33.41,27.16,57.15,0.0,0.52
2005-09-11,36.6,26.08,58.67,0.0,0.52
2005-09-12,39.73,25.79,51.42,0.0,0.52
2005-09-13,39.75,26.59,44.75,0.0,0.52
2005-09-14,41.54,26.81,33.81,0.0,0.52
2005-09-15,38.68,29.93,43.31,0.02,0.52
2005-09-16,32.66,26.46,56.39,0.0,0.52
2005-09-17,39.01,26.35,47.93,0.0,0.52
2005-09-18,38.31,28.49,46.26,0.0,0.52
2005-09-19,39.49,29.99,45.08,0.02,0.52
2005-09-20,36.28,27.56,52.48,0.02,0.52
2005-09-21,39.27,26.76,47.17,0.0,0.52
2005-09-22,39.62,28.6,43.34,0.0,0.52
2005-09-23,37.84,29.35,43.3,0.03,0.52
2005-09-24,37.4,29.82,45.31,0.0,0.52
2005-09-25,39.75,29.08,42.32,0.0,0.52
2005-09-26,40.26,30.58,40.81,0.0,0.52
2005-09-27,40.04,29.99,45.48,0.0,0.52
2005-09-28,35.19,29.72,54.02,0.0,0.52
2005-09-29,30.49,26.9,68.16,0.02,0.52
2005-09-30,32.38,25.97,67.71,0.09,0.52
2005-10-01,36.11,25.32,53.71,0.05,0.52
2005-10-02,40.06,25.89,41.57,0.0,0.52
2005-10-03,41.07,27.91,37.53,0.01,0.52
2005-10-04,40.11,27.51,39.42,0.01,0.52
2005-10-05,36.04,28.59,47.38,0.0,0.52
2005-10-06,39.77,27.55,42.12,0.0,0.52
2005-10-07,40.22,27.96,40.26,0.0,0.52
2005-10-08,38.88,28.76,39.7,0.0,0.52
2005-10-09,37.69,29.28,41.15,0.01,0.52
2005-10-10,38.78,28.31,41.14,0.01,0.52
2005-10-11,39.64,28.86,37.27,0.0,0.52
2005-10-12,39.9,29.27,38.06,0.0,0.52
2005-10-13,40.53,28.76,37.32,0.0,0.52
2005-10-14,34.24,29.22,47.63,0.0,0.52
2005-10-15,36.33,28.26,49.43,0.0,0.52
2005-10-16,34.43,27.84,53.38,0.0,0.52
2005-10-17,39.16,26.52,43.53,0.0,0.52
2005-10-18,38.23,27.61,40.24,0.0,0.52
2005-10-19,38.34,27.13,40.45,0.0,0.52
2005-10-20,37.78,27.88,43.92,0.0,0.52
2005-10-21,38.5,26.79,42.3,0.02,0.52
2005-10-22,38.24,27.57,41.34,0.05,0.52
2005-10-23,34.3,26.23,52.89,0.03,0.52
2005-10-24,36.05,24.47,52.27,0.0,0.52
2005-10-25,36.74,26.18,44.14,0.0,0.52
2005-10-26,37.21,26.85,43.7,0.0,0.52
2005-10-27,36.49,26.71,48.63,0.01,0.52
2005-10-28,31.86,25.23,62.57,0.01,0.52
2005-10-29,33.33,24.38,60.81,0.0,0.52
2005-10-30,35.11,24.55,56.7,0.04,0.52
2005-10-31,32.15,25.12,62.69,0.01,0.52
2005-11-01,34.16,25.33,58.5,0.01,0.52
2005-11-02,34.11,25.65,55.76,0.0,0.52
2005-11-03,35.55,25.16,48.46,0.0,0.52
2005-11-04,36.61,24.36,44.07,0.0,0.52
2005-11-05,37.03,26.37,42.4,0.0,0.52
2005-11-06,37.36,25.19,38.06,0.0,0.52
2005-11-07,31.95,25.96,53.68,0.0,0.52
2005-11-08,32.79,25.67,59.13,0.02,0.52
2005-11-09,29.46,23.6,57.43,0.0,0.52
2005-11-10,30.9,22.54,49.93,0.0,0.52
2005-11-11,35.9,21.71,38.38,0.0,0.52
2005-11-12,35.9,21.14,31.85,0.0,0.52
2005-11-13,35.71,20.15,31.75,0.0,0.52
2005-11-14,34.99,19.27,32.35,0.0,0.52
2005-11-15,34.41,19.16,33.41,0.0,0.52
2005-11-16,34.91,18.82,29.94,0.0,0.52
2005-11-17,35.03,18.73,26.04,0.0,0.52
2005-11-18,34.84,18.85,36.37,0.0,0.52
2005-11-19,35.46,20.07,34.17,0.0,0.52
2005-11-20,35.95,21.64,36.6,0.0,0.52
2005-11-21,34.37,22.29,45.36,0.0,0.52
2005-11-22,33.09,22.0,45.37,0.0,0.52
2005-11-23,33.64,20.04,38.08,0.0,0.52
2005-11-24,33.96,20.74,39.94,0.0,0.52
2005-11-25,33.53,20.32,39.61,0.0,0.52
2005-11-26,33.13,18.2,38.74,0.0,0.52
2005-11-27,32.99,17.48,34.87,0.0,0.52
2005-11-28,33.21,17.33,32.77,0.0,0.52
2005-11-29,33.17,16.69,30.06,0.0,0.52
2005-11-30,32.13,17.25,31.37,0.0,0.52
2005-12-01,31.37,17.56,32.19,0.0,0.52
2005-12-02,34.35,17.18,33.06,0.0,0.52
2005-12-03,34.57,18.58,32.36,0.0,0.52
2005-12-04,34.67,19.9,30.82,0.0,0.52
2005-12-05,34.34,19.56,31.36,0.0,0.52
2005-12-06,34.04,18.55,30.59,0.0,0.52
2005-12-07,32.29,20.49,49.62,0.0,0.52
2005-12-08,28.38,22.11,68.84,0.0,0.52
2005-12-09,28.6,21.49,71.27,0.0,0.52
2005-12-10,32.07,20.88,59.97,0.0,0.52
2005-12-11,32.68,19.9,48.28,0.0,0.52
2005-12-12,33.57,20.64,37.96,0.0,0.52
2005-12-13,33.98,18.99,36.35,0.0,0.52
2005-12-14,31.72,18.6,49.82,0.0,0.52
2005-12-15,28.77,20.85,64.21,0.0,0.52
2005-12-16,31.97,19.33,49.25,0.0,0.52
2005-12-17,33.32,19.95,40.72,0.0,0.52
2005-12-18,31.15,18.76,42.53,0.0,0.52
2005-12-19,29.69,20.94,53.56,0.0,0.52
2005-12-20,30.56,21.76,54.26,0.0,0.52
2005-12-21,31.93,21.54,48.8,0.01,0.52
2005-12-22,26.99,17.25,45.52,4.44,0.52
2005-12-23,24.04,15.94,66.22,0.0,0.52
2005-12-24,23.17,16.14,70.68,0.01,0.52
2005-12-25,25.76,17.35,70.32,0.0,0.52
2005-12-26,26.87,16.12,58.8,0.0,0.52
2005-12-27,29.47,14.0,46.41,0.0,0.52
2005-12-28,29.56,13.61,39.1,0.0,0.52
2005-12-29,30.05,13.63,34.53,0.0,0.52
2005-12-30,29.93,13.8,36.82,0.0,0.52
2005-12-31,29.34,13.6,37.04,0.0,0.52
2006-01-01,29.45,13.04,35.31,0.0,0.52
2006-01-02,29.59,13.48,32.77,0.0,0.52
2006-01-03,29.47,14.4,32.19,0.0,0.52
2006-01-04,28.23,15.37,31.52,0.0,0.52
2006-01-05,27.84,14.2,29.29,0.0,0.52
2006-01-06,30.92,12.6,26.78,0.0,0.52
2006-01-07,32.43,14.06,24.41,0.0,0.52
2006-01-08,31.97,15.99,24.27,0.0,0.52
2006-01-09,32.68,15.72,26.75,0.0,0.52
2006-01-10,31.77,16.03,24.7,0.0,0.52
2006-01-11,32.12,14.67,26.32,0.0,0.52
2006-01-12,30.37,14.25,29.69,0.0,0.52
2006-01-13,30.93,13.38,25.97,0.0,0.52
2006-01-14,29.88,12.42,24.14,0.0,0.52
2006-01-15,29.84,12.44,27.65,0.0,0.52
2006-01-16,30.08,12.81,31.61,0.0,0.52
2006-01-17,29.88,13.84,33.92,0.0,0.52
2006-01-18,31.68,12.83,33.05,0.0,0.52
2006-01-19,31.13,14.32,35.16,0.0,0.52
2006-01-20,31.22,15.18,39.28,0.0,0.52
2006-01-21,30.67,14.21,35.55,0.0,0.52
2006-01-22,30.73,13.68,28.41,0.0,0.52
2006-01-23,30.12,12.57,25.83,0.0,0.52
2006-01-24,31.04,12.28,27.96,0.0,0.52
2006-01-25,31.18,13.75,29.21,0.0,0.52
2006-01-26,31.42,14.29,31.49,0.0,0.52
2006-01-27,31.86,15.03,31.72,0.0,0.52
2006-01-28,31.65,14.9,29.71,0.0,0.52
2006-01-29,31.65,14.58,31.72,0.0,0.52
2006-01-30,32.3,15.97,31.12,0.0,0.52
2006-01-31,32.85,15.85,32.46,0.0,0.52
2006-02-01,33.26,16.49,35.29,0.0,0.52
2006-02-02,34.09,17.51,29.77,0.0,0.52
2006-02-03,33.39,16.39,23.06,0.0,0.52
2006-02-04,34.04,16.58,21.09,0.0,0.52
2006-02-05,32.57,15.8,28.98,0.0,0.52
2006-02-06,32.9,16.22,31.96,0.0,0.52
2006-02-07,33.26,15.73,30.04,0.0,0.52
2006-02-08,33.56,16.76,24.88,0.0,0.52
2006-02-09,33.62,16.64,23.23,0.0,0.52
2006-02-10,31.26,17.82,31.84,0.0,0.52
2006-02-11,33.03,17.2,32.37,0.0,0.52
2006-02-12,33.59,18.11,23.78,0.0,0.52
2006-02-13,33.77,17.38,22.51,0.0,0.52
2006-02-14,33.53,15.96,27.36,0.0,0.52
2006-02-15,34.13,16.74,34.22,0.0,0.52
2006-02-16,34.67,18.4,37.51,0.01,0.52
2006-02-17,34.11,17.96,38.61,0.0,0.52
2006-02-18,35.59,19.27,31.03,0.0,0.52
2006-02-19,35.85,19.31,31.52,0.0,0.52
2006-02-20,36.62,20.57,30.52,0.01,0.52
2006-02-21,36.46,20.28,32.91,0.01,0.52
2006-02-22,36.35,20.57,31.81,0.0,0.52
2006-02-23,37.03,20.7,28.2,0.0,0.52
2006-02-24,37.22,19.81,28.39,0.0,0.52
2006-02-25,36.58,19.49,30.25,0.0,0.52
2006-02-26,36.68,19.18,27.6,0.0,0.52
2006-02-27,37.46,18.98,25.16,0.0,0.52
2006-02-28,37.89,20.11,30.83,0.0,0.52
2006-03-01,38.39,21.56,28.69,0.0,0.52
2006-03-02,38.04,25.81,27.73,0.0,0.52
2006-03-03,36.91,23.0,26.8,0.0,0.52
2006-03-04,35.81,21.65,27.35,0.0,0.52
2006-03-05,35.84,21.51,22.98,0.0,0.52
2006-03-06,36.79,21.64,31.7,0.0,0.52
2006-03-07,36.59,23.49,28.9,0.0,0.52
2006-03-08,36.98,21.43,25.33,0.0,0.52
2006-03-09,37.7,20.15,21.13,0.0,0.52
2006-03-10,36.89,20.26,20.85,0.0,0.52
2006-03-11,37.89,22.23,26.05,0.0,0.52
2006-03-12,37.3,22.39,31.2,0.0,0.52
2006-03-13,35.6,22.19,30.0,0.0,0.52
2006-03-14,37.0,21.53,30.24,0.0,0.52
2006-03-15,37.22,21.34,25.8,0.0,0.52
2006-03-16,37.07,21.75,27.31,0.0,0.52
2006-03-17,35.83,22.48,33.18,0.0,0.52
2006-03-18,36.19,23.1,32.09,0.0,0.52
2006-03-19,36.62,21.84,21.41,0.0,0.52
2006-03-20,38.01,20.51,17.01,0.0,0.52
2006-03-21,37.17,19.49,15.51,0.0,0.52
2006-03-22,36.69,18.41,18.46,0.0,0.52
2006-03-23,37.39,22.04,25.9,0.0,0.52
2006-03-24,37.39,22.9,29.38,0.0,0.52
2006-03-25,38.29,22.6,24.01,0.0,0.52
2006-03-26,39.23,22.26,23.62,0.0,0.52
2006-03-27,40.66,22.72,23.89,0.0,0.52
2006-03-28,40.38,24.71,27.02,0.0,0.52
2006-03-29,38.04,26.12,22.02,0.0,0.52
2006-03-30,38.25,27.46,23.32,0.0,0.52
2006-03-31,34.79,24.8,33.8,0.0,0.52
2006-04-01,37.76,23.12,32.04,0.0,0.52
2006-04-02,39.35,24.21,28.4,0.0,0.52
2006-04-03,39.3,23.63,28.69,0.0,0.52
2006-04-04,38.6,22.19,29.38,0.0,0.52
2006-04-05,40.12,24.03,33.23,0.0,0.52
2006-04-06,39.55,26.67,33.93,0.0,0.52
2006-04-07,40.25,29.27,28.41,0.0,0.52
2006-04-08,40.07,28.18,27.34,0.0,0.52
2006-04-09,39.85,26.85,29.08,0.0,0.52
2006-04-10,41.09,26.72,30.19,0.0,0.52
2006-04-11,42.51,27.79,30.05,0.0,0.52
2006-04-12,41.9,26.55,32.66,0.0,0.52
2006-04-13,42.18,29.29,30.72,0.0,0.52
2006-04-14,42.82,28.81,30.0,0.0,0.52
2006-04-15,40.45,29.89,30.82,0.0,0.52
2006-04-16,37.92,29.83,35.75,0.0,0.52
2006-04-17,36.33,29.11,40.2,0.05,0.52
2006-04-18,33.92,26.5,43.96,0.02,0.52
2006-04-19,35.81,24.74,45.29,0.0,0.52
2006-04-20,38.52,26.78,40.95,0.0,0.52
2006-04-21,39.85,26.98,30.57,0.0,0.52
2006-04-22,39.34,24.8,25.04,0.0,0.52
2006-04-23,40.74,27.28,25.77,0.0,0.52
2006-04-24,40.76,28.48,26.06,0.0,0.52
2006-04-25,40.84,30.68,23.99,0.0,0.52
2006-04-26,41.44,29.12,26.55,0.0,0.52
2006-04-27,38.26,29.75,38.08,0.0,0.52
2006-04-28,34.5,26.94,50.42,0.01,0.52
2006-04-29,31.66,25.25,51.46,0.02,0.52
2006-04-30,37.42,23.96,39.32,0.0,0.52
2006-05-01,41.75,27.05,31.64,0.0,0.52
2006-05-02,42.42,30.68,27.48,0.0,0.52
2006-05-03,40.67,31.38,32.65,0.02,0.52
2006-05-04,39.8,30.5,34.39,0.0,0.52
2006-05-05,39.46,29.84,34.32,0.0,0.52
2006-05-06,39.6,30.43,34.89,0.05,0.52
2006-05-07,36.82,29.5,38.05,0.01,0.52
2006-05-08,37.61,27.79,36.27,0.05,0.52
2006-05-09,35.63,27.2,50.0,1.0,0.52
2006-05-10,36.29,26.5,49.32,2.05,0.52
2006-05-11,38.52,26.58,50.23,3.35,0.52
2006-05-12,37.93,26.92,51.62,3.54,0.53
2006-05-13,33.64,26.6,64.19,1.79,0.53
2006-05-14,33.19,22.37,72.22,5.0,0.54
2006-05-15,32.19,21.99,61.44,0.0,0.54
2006-05-16,34.86,22.17,46.79,0.0,0.53
2006-05-17,39.05,25.62,40.18,0.0,0.53
2006-05-18,40.56,25.31,39.47,0.0,0.53
2006-05-19,41.1,26.68,40.09,0.04,0.53
2006-05-20,38.19,28.7,45.94,0.01,0.52
2006-05-21,39.22,28.26,42.24,0.0,0.52
2006-05-22,42.33,28.66,33.02,0.0,0.52
2006-05-23,37.97,30.53,41.99,0.01,0.52
2006-05-24,36.8,28.96,46.93,1.31,0.52
2006-05-25,31.0,25.42,73.18,14.87,0.54
2006-05-26,31.06,24.13,74.79,14.38,0.57
2006-05-27,34.36,23.46,70.57,8.39,0.57
2006-05-28,34.91,24.65,70.06,5.32,0.58
2006-05-29,32.7,24.92,74.54,6.76,0.59
2006-05-30,33.29,25.19,70.78,0.01,0.59
2006-05-31,32.56,24.82,73.53,0.02,0.58
2006-06-01,35.09,25.28,66.25,0.02,0.58
2006-06-02,37.61,25.05,63.98,0.0,0.57
2006-06-03,35.99,25.81,64.24,0.01,0.57
2006-06-04,36.31,25.6,64.19,0.02,0.56
2006-06-05,37.13,25.96,60.99,0.05,0.56
2006-06-06,36.62,26.01,62.23,0.03,0.55
2006-06-07,37.24,25.64,61.63,0.06,0.55
2006-06-08,37.32,26.78,59.37,0.02,0.55
2006-06-09,36.38,26.46,61.36,0.13,0.54
2006-06-10,37.2,25.42,59.36,0.03,0.54
2006-06-11,38.14,25.91,56.27,0.0,0.54
2006-06-12,39.08,26.52,51.41,0.01,0.54
2006-06-13,39.42,27.11,48.41,0.03,0.53
2006-06-14,38.52,27.98,53.21,0.0,0.53
2006-06-15,38.67,27.91,53.04,0.0,0.53
2006-06-16,37.91,28.89,52.03,0.0,0.53
2006-06-17,41.84,28.62,44.38,0.0,0.53
2006-06-18,39.53,30.31,48.9,0.0,0.53
2006-06-19,36.08,27.38,58.21,0.0,0.53
2006-06-20,37.71,28.41,51.19,0.02,0.53
2006-06-21,37.9,28.59,50.09,0.01,0.53
2006-06-22,39.66,28.16,47.27,0.01,0.53
2006-06-23,39.33,28.78,48.34,0.0,0.52
2006-06-24,37.79,28.45,50.45,0.0,0.52
2006-06-25,39.52,28.58,47.51,0.01,0.52
2006-06-26,34.22,27.6,60.02,0.02,0.52
2006-06-27,39.14,27.97,47.31,0.01,0.52
2006-06-28,39.75,29.1,50.06,0.0,0.52
2006-06-29,38.97,28.47,53.6,0.0,0.52
2006-06-30,39.72,27.91,50.75,0.0,0.52
2006-07-01,40.15,28.56,49.37,0.0,0.52
2006-07-02,37.68,28.44,55.24,0.0,0.52
2006-07-03,40.08,28.26,51.48,0.06,0.52
2006-07-04,40.83,28.43,48.39,0.03,0.52
2006-07-05,39.55,29.02,46.86,0.0,0.52
2006-07-06,34.78,29.61,55.43,0.03,0.52
2006-07-07,40.11,27.47,51.99,0.03,0.52
2006-07-08,38.3,28.1,53.51,0.05,0.52
2006-07-09,34.59,28.56,57.16,0.02,0.52
2006-07-10,39.56,27.67,50.88,0.03,0.52
2006-07-11,37.89,27.39,52.74,0.03,0.52
2006-07-12,40.67,28.27,46.89,0.01,0.52
2006-07-13,37.14,28.42,54.29,0.0,0.52
2006-07-14,39.0,28.61,50.69,0.01,0.52
2006-07-15,39.16,27.49,49.06,0.0,0.52
2006-07-16,38.0,28.11,51.63,0.0,0.52
2006-07-17,37.83,28.07,52.1,0.0,0.52
2006-07-18,38.63,27.72,49.99,0.02,0.52
2006-07-19,35.84,26.95,54.63,0.01,0.52
2006-07-20,38.97,26.33,50.75,0.0,0.52
2006-07-21,39.69,27.25,47.83,0.01,0.52
2006-07-22,40.12,26.75,47.55,1.32,0.52
2006-07-23,39.42,27.89,46.99,0.0,0.52
2006-07-24,42.06,28.86,41.46,0.0,0.52
2006-07-25,37.69,30.35,50.21,0.87,0.52
2006-07-26,32.38,26.47,66.14,2.03,0.52
2006-07-27,31.42,25.74,72.27,1.46,0.53
2006-07-28,34.85,25.64,65.25,0.7,0.53
2006-07-29,32.57,25.14,69.57,1.06,0.53
2006-07-30,36.46,24.95,63.53,0.5,0.53
2006-07-31,36.32,26.78,60.16,0.0,0.53
2006-08-01,35.3,26.6,63.37,0.0,0.53
2006-08-02,36.86,26.16,55.65,0.0,0.53
2006-08-03,36.46,26.26,54.49,0.0,0.52
2006-08-04,35.7,26.34,55.15,0.0,0.52
2006-08-05,40.1,25.7,44.72,0.0,0.52
2006-08-06,41.8,28.19,40.78,0.05,0.52
2006-08-07,41.9,29.06,41.25,0.02,0.52
2006-08-08,40.96,30.1,41.39,0.0,0.52
2006-08-09,37.19,27.65,53.96,0.02,0.52
2006-08-10,40.33,26.7,51.42,0.02,0.52
2006-08-11,38.55,28.07,53.91,0.0,0.52
2006-08-12,37.01,27.08,53.98,0.01,0.52
2006-08-13,38.58,28.14,50.64,0.0,0.52
2006-08-14,39.04,27.72,49.97,0.0,0.52
2006-08-15,37.49,28.94,51.63,0.0,0.52
2006-08-16,36.48,28.44,47.24,0.0,0.52
2006-08-17,38.37,27.95,49.27,0.0,0.52
2006-08-18,40.23,28.34,46.06,0.0,0.52
2006-08-19,39.48,29.42,45.97,0.0,0.52
2006-08-20,37.4,28.61,53.9,0.03,0.52
2006-08-21,34.89,27.17,59.27,0.02,0.52
2006-08-22,38.18,26.38,52.16,0.02,0.52
2006-08-23,38.52,25.41,50.12,0.03,0.52
2006-08-24,41.0,26.62,47.37,0.01,0.52
2006-08-25,35.16,29.08,52.51,0.0,0.52
2006-08-26,40.79,28.01,47.18,0.0,0.52
2006-08-27,33.58,28.65,56.27,0.01,0.52
2006-08-28,37.05,26.74,63.08,0.01,0.52
2006-08-29,34.47,26.65,58.29,0.01,0.52
2006-08-30,39.84,26.19,45.53,0.0,0.52
2006-08-31,34.21,28.88,51.25,0.01,0.52
2006-09-01,35.29,26.09,60.81,0.0,0.52
2006-09-02,36.79,27.17,56.13,0.0,0.52
2006-09-03,37.65,26.27,52.09,0.0,0.52
2006-09-04,39.99,25.35,47.03,0.0,0.52
2006-09-05,40.93,28.05,41.97,0.0,0.52
2006-09-06,37.39,29.97,46.78,0.0,0.52
2006-09-07,40.94,28.12,43.8,0.0,0.52
2006-09-08,37.82,30.22,45.49,0.01,0.52
2006-09-09,33.12,28.43,59.54,0.0,0.52
2006-09-10,35.78,27.3,54.97,0.03,0.52
2006-09-11,39.59,26.91,44.36,0.0,0.52
2006-09-12,39.2,28.34,42.29,0.0,0.52
2006-09-13,37.28,27.23,49.7,0.0,0.52
2006-09-14,34.01,27.85,57.22,0.0,0.52
2006-09-15,36.52,27.45,50.95,0.0,0.52
2006-09-16,37.01,27.1,50.61,0.0,0.52
2006-09-17,37.14,27.95,49.04,0.0,0.52
2006-09-18,35.11,27.23,55.31,0.04,0.52
2006-09-19,31.65,26.66,63.34,0.08,0.52
2006-09-20,30.81,25.76,66.28,0.04,0.52
2006-09-21,33.87,24.59,60.27,0.17,0.52
2006-09-22,32.6,25.19,59.74,0.13,0.52
2006-09-23,38.23,24.96,51.34,0.02,0.52
2006-09-24,40.23,26.8,42.17,0.01,0.52
2006-09-25,41.29,27.81,41.83,0.0,0.52
2006-09-26,36.63,28.58,54.88,0.0,0.52
2006-09-27,40.0,27.17,45.52,0.0,0.52
2006-09-28,38.53,28.01,49.29,0.05,0.52
2006-09-29,37.31,27.82,50.57,0.04,0.52
2006-09-30,38.27,28.28,47.69,0.0,0.52
2006-10-01,36.72,29.24,45.89,0.0,0.52
2006-10-02,41.34,28.43,38.72,0.0,0.52
2006-10-03,40.76,29.46,40.62,0.04,0.52
2006-10-04,37.52,30.1,48.38,0.0,0.52
2006-10-05,33.65,27.26,61.74,0.01,0.52
2006-10-06,34.31,26.71,60.09,0.01,0.52
2006-10-07,37.06,27.33,52.97,0.01,0.52
2006-10-08,30.9,25.81,71.41,0.0,0.52
2006-10-09,31.42,25.12,68.34,0.02,0.52
2006-10-10,35.95,25.22,53.71,0.0,0.52
2006-10-11,36.8,26.33,50.06,0.0,0.52
2006-10-12,32.75,26.53,61.04,0.06,0.52
2006-10-13,35.15,26.32,53.41,0.0,0.52
2006-10-14,37.3,26.05,45.85,0.0,0.52
2006-10-15,37.39,26.62,43.46,0.0,0.52
2006-10-16,37.92,28.11,40.26,0.0,0.52
2006-10-17,39.31,26.5,39.41,0.0,0.52
2006-10-18,37.45,28.3,41.07,0.01,0.52
2006-10-19,35.88,27.24,42.12,0.02,0.52
2006-10-20,32.21,26.33,49.16,0.0,0.52
2006-10-21,32.93,24.71,49.18,0.0,0.52
2006-10-22,36.99,23.74,40.32,0.0,0.52
2006-10-23,37.28,24.6,37.29,0.0,0.52
2006-10-24,37.41,25.7,40.39,0.0,0.52
2006-10-25,36.49,27.16,41.62,0.0,0.52
2006-10-26,36.03,25.86,41.98,0.0,0.52
2006-10-27,35.6,25.09,40.39,0.0,0.52
2006-10-28,35.24,25.61,39.58,0.0,0.52
2006-10-29,37.12,24.55,40.7,0.0,0.52
2006-10-30,38.4,24.08,37.58,0.0,0.52
2006-10-31,38.58,26.19,34.29,0.0,0.52
2006-11-01,36.86,26.16,39.17,0.0,0.52
2006-11-02,37.39,26.44,39.67,0.0,0.52
2006-11-03,38.79,25.6,35.95,0.0,0.52
2006-11-04,38.77,25.62,37.28,0.0,0.52
2006-11-05,38.02,27.65,38.35,0.0,0.52
2006-11-06,37.81,26.97,37.07,0.0,0.52
2006-11-07,35.51,23.98,47.91,0.8,0.52
2006-11-08,27.14,22.76,66.77,0.07,0.52
2006-11-09,34.05,21.9,50.91,0.0,0.52
2006-11-10,36.35,22.9,41.02,0.0,0.52
2006-11-11,36.97,23.98,36.8,0.0,0.52
2006-11-12,33.64,25.29,44.8,0.01,0.52
2006-11-13,34.06,24.93,47.37,0.0,0.52
2006-11-14,35.94,24.44,39.98,0.0,0.52
2006-11-15,36.41,23.36,43.01,0.0,0.52
2006-11-16,33.94,25.58,42.4,0.0,0.52
2006-11-17,34.95,23.95,45.98,0.0,0.52
2006-11-18,35.38,23.2,42.26,0.0,0.52
2006-11-19,35.97,23.58,34.08,0.0,0.52
2006-11-20,34.02,19.63,36.13,0.0,0.52
2006-11-21,32.65,19.28,35.3,0.0,0.52
2006-11-22,33.25,19.2,37.79,0.0,0.52
2006-11-23,32.19,18.18,37.05,0.0,0.52
2006-11-24,32.3,18.39,36.19,0.0,0.52
2006-11-25,32.31,18.12,36.87,0.0,0.52
2006-11-26,31.74,18.01,37.84,0.0,0.52
2006-11-27,31.23,18.44,39.54,0.0,0.52
2006-11-28,30.97,15.86,35.67,0.0,0.52
2006-11-29,31.17,15.2,33.14,0.0,0.52
2006-11-30,31.22,14.54,31.93,0.0,0.52
2006-12-01,31.43,15.08,32.29,0.0,0.52
2006-12-02,32.0,15.97,31.38,0.0,0.52
2006-12-03,30.63,14.26,30.41,0.0,0.52
2006-12-04,31.03,13.69,29.45,0.0,0.52
2006-12-05,32.38,14.01,27.13,0.0,0.52
2006-12-06,32.19,14.56,28.56,0.0,0.52
2006-12-07,31.67,14.57,29.27,0.0,0.52
2006-12-08,32.16,14.88,29.65,0.0,0.52
2006-12-09,31.99,14.38,28.63,0.0,0.52
2006-12-10,31.97,14.16,29.34,0.0,0.52
2006-12-11,32.16,14.76,27.8,0.0,0.52
2006-12-12,31.43,14.45,28.97,0.0,0.52
2006-12-13,31.3,13.97,34.71,0.0,0.52
2006-12-14,30.32,14.42,39.05,0.0,0.52
2006-12-15,30.43,14.42,39.74,0.0,0.52
2006-12-16,32.31,14.37,38.2,0.0,0.52
2006-12-17,30.09,18.54,47.86,0.0,0.52
2006-12-18,30.7,19.0,49.62,0.01,0.52
2006-12-19,29.24,19.07,50.81,0.0,0.52
2006-12-20,30.1,16.0,42.22,0.0,0.52
2006-12-21,29.18,14.22,40.93,0.0,0.52
2006-12-22,29.44,13.87,37.82,0.0,0.52
2006-12-23,29.64,13.6,33.96,0.0,0.52
2006-12-24,29.84,13.92,38.0,0.0,0.52
2006-12-25,28.8,14.21,38.69,0.0,0.52
2006-12-26,28.86,14.19,37.99,0.0,0.52
2006-12-27,29.51,14.25,38.9,0.0,0.52
2006-12-28,29.4,13.79,37.85,0.0,0.52
2006-12-29,29.73,14.08,36.75,0.0,0.52
2006-12-30,28.97,13.75,38.11,0.0,0.52
2006-12-31,29.27,14.91,45.49,0.0,0.52
2007-01-01,29.48,15.19,48.14,0.0,0.52
2007-01-02,28.43,14.94,49.37,0.0,0.52
2007-01-03,27.75,14.02,48.92,0.0,0.52
2007-01-04,27.83,12.94,52.12,0.0,0.52
2007-01-05,28.32,12.46,46.4,0.0,0.52
2007-01-06,29.42,13.13,45.03,0.0,0.52
2007-01-07,29.77,14.48,44.62,0.0,0.52
2007-01-08,30.14,14.63,37.3,0.0,0.52
2007-01-09,30.14,14.09,32.18,0.0,0.52
2007-01-10,30.52,12.98,28.3,0.0,0.52
2007-01-11,30.67,12.43,27.41,0.0,0.52
2007-01-12,30.62,12.43,27.39,0.0,0.52
2007-01-13,30.39,12.09,24.36,0.0,0.52
2007-01-14,28.18,11.61,30.82,0.0,0.52
2007-01-15,27.51,12.84,34.04,0.0,0.52
2007-01-16,29.5,12.41,35.2,0.0,0.52
2007-01-17,29.6,13.3,33.54,0.0,0.52
2007-01-18,29.28,14.03,34.75,0.0,0.52
2007-01-19,29.51,12.56,32.54,0.0,0.52
2007-01-20,29.36,12.71,29.53,0.0,0.52
2007-01-21,28.48,12.03,27.83,0.0,0.52
2007-01-22,29.71,11.7,27.18,0.0,0.52
2007-01-23,29.24,11.88,31.13,0.0,0.52
2007-01-24,29.71,12.15,29.07,0.0,0.52
2007-01-25,31.17,12.61,26.1,0.0,0.52
2007-01-26,30.86,14.01,21.62,0.0,0.52
2007-01-27,31.59,12.94,19.23,0.0,0.52
2007-01-28,32.37,14.2,24.69,0.0,0.52
2007-01-29,31.05,13.2,24.68,0.0,0.52
2007-01-30,30.82,15.82,27.64,0.0,0.52
2007-01-31,32.27,14.74,31.35,0.0,0.52
2007-02-01,31.33,16.17,39.57,0.0,0.52
2007-02-02,27.6,16.15,47.59,0.0,0.52
2007-02-03,29.48,16.09,45.17,0.0,0.52
2007-02-04,28.96,18.89,47.35,0.01,0.52
2007-02-05,30.76,16.15,43.58,0.01,0.52
2007-02-06,29.41,15.1,48.61,0.0,0.52
2007-02-07,29.8,15.54,40.79,0.0,0.52
2007-02-08,31.32,15.14,43.45,0.0,0.52
2007-02-09,31.62,15.77,38.54,0.0,0.52
2007-02-10,32.46,15.88,39.21,0.0,0.52
2007-02-11,33.2,16.59,36.07,0.0,0.52
2007-02-12,32.79,15.81,34.77,0.0,0.52
2007-02-13,30.8,15.31,36.66,0.01,0.52
2007-02-14,28.92,16.38,44.73,0.02,0.52
2007-02-15,30.47,16.2,51.96,0.0,0.52
2007-02-16,28.22,14.87,36.62,0.0,0.52
2007-02-17,29.46,13.98,29.95,0.0,0.52
2007-02-18,29.8,15.01,33.86,0.0,0.52
2007-02-19,30.3,14.9,31.61,0.0,0.52
2007-02-20,30.99,13.01,26.47,0.0,0.52
2007-02-21,31.79,13.8,24.23,0.0,0.52
2007-02-22,32.25,14.1,22.57,0.0,0.52
2007-02-23,33.15,13.89,21.44,0.0,0.52
2007-02-24,33.66,13.6,20.2,0.0,0.52
2007-02-25,34.53,13.95,19.29,0.0,0.52
2007-02-26,33.18,15.28,26.43,0.0,0.52
2007-02-27,32.91,16.98,32.26,0.0,0.52
2007-02-28,33.25,17.46,27.69,0.0,0.52
2007-03-01,34.01,16.73,25.24,0.0,0.52
2007-03-02,34.73,17.08,25.79,0.0,0.52
2007-03-03,34.92,18.26,31.68,0.0,0.52
2007-03-04,34.3,18.16,29.47,0.0,0.52
2007-03-05,34.69,17.58,27.61,0.0,0.52
2007-03-06,33.96,16.85,22.05,0.0,0.52
2007-03-07,32.74,15.94,21.0,0.0,0.52
2007-03-08,32.46,16.01,20.62,0.0,0.52
2007-03-09,32.9,14.87,19.18,0.0,0.52
2007-03-10,33.5,16.99,19.87,0.0,0.52
2007-03-11,34.46,17.15,21.91,0.0,0.52
2007-03-12,36.12,18.04,23.07,0.0,0.52
2007-03-13,36.85,18.92,23.56,0.0,0.52
2007-03-14,36.54,19.62,26.92,0.0,0.52
2007-03-15,36.6,20.48,31.61,0.0,0.52
2007-03-16,35.64,20.82,31.04,0.0,0.52
2007-03-17,34.48,18.13,19.3,0.0,0.52
2007-03-18,34.58,16.44,15.32,0.0,0.52
2007-03-19,36.83,16.21,15.88,0.0,0.52
2007-03-20,37.04,17.6,17.97,0.0,0.52
2007-03-21,37.12,19.06,22.04,0.0,0.52
2007-03-22,36.51,19.44,26.27,0.0,0.52
2007-03-23,37.08,21.04,38.32,0.0,0.52
2007-03-24,37.44,22.54,36.92,0.0,0.52
2007-03-25,38.28,23.98,31.02,0.0,0.52
2007-03-26,38.43,24.25,29.93,0.0,0.52
2007-03-27,37.52,22.98,21.48,0.01,0.52
2007-03-28,38.34,21.1,19.69,0.0,0.52
2007-03-29,38.59,21.45,21.34,0.0,0.52
2007-03-30,39.98,22.54,23.47,0.0,0.52
2007-03-31,39.58,21.44,21.09,0.0,0.52
2007-04-01,38.74,21.46,25.67,0.0,0.52
2007-04-02,39.44,22.52,29.82,0.0,0.52
2007-04-03,39.77,22.78,29.02,0.0,0.52
2007-04-04,40.33,23.9,32.13,0.0,0.52
2007-04-05,39.46,25.86,32.43,0.0,0.52
2007-04-06,39.92,24.3,26.78,0.02,0.52
2007-04-07,38.76,23.82,37.53,9.29,0.52
2007-04-08,38.33,25.2,40.71,0.01,0.53
2007-04-09,39.1,23.05,40.7,0.01,0.53
2007-04-10,38.2,23.27,38.56,0.01,0.53
2007-04-11,37.36,24.22,41.31,0.01,0.53
2007-04-12,32.62,24.56,47.17,0.0,0.52
2007-04-13,35.54,23.8,38.81,0.0,0.52
2007-04-14,35.45,24.21,37.66,0.0,0.52
2007-04-15,33.93,25.12,41.32,0.0,0.52
2007-04-16,35.02,26.0,41.28,0.0,0.52
2007-04-17,36.5,25.31,43.04,0.0,0.52
2007-04-18,40.24,24.8,34.79,0.0,0.52
2007-04-19,39.35,27.87,35.7,0.0,0.52
2007-04-20,39.83,28.54,34.47,0.0,0.52
2007-04-21,41.12,27.36,34.24,0.0,0.52
2007-04-22,39.28,27.27,38.73,0.01,0.52
2007-04-23,37.47,26.7,42.48,0.0,0.52
2007-04-24,40.8,25.92,40.69,0.0,0.52
2007-04-25,41.16,26.38,39.18,0.0,0.52
2007-04-26,42.16,27.51,29.75,0.0,0.52
2007-04-27,40.51,27.92,34.93,0.0,0.52
2007-04-28,36.21,26.19,42.51,0.0,0.52
2007-04-29,40.29,25.51,34.59,0.0,0.52
2007-04-30,42.26,26.44,24.57,0.0,0.52
2007-05-01,43.23,26.12,23.84,0.0,0.52
2007-05-02,41.33,29.31,37.81,0.0,0.52
2007-05-03,39.2,28.43,38.78,0.0,0.52
2007-05-04,37.61,28.81,41.81,0.0,0.52
2007-05-05,38.7,27.08,42.22,0.0,0.52
2007-05-06,39.11,27.67,40.98,0.0,0.52
2007-05-07,37.21,28.75,44.52,0.0,0.52
2007-05-08,34.39,27.61,50.46,0.0,0.52
2007-05-09,34.52,26.57,56.92,0.0,0.52
2007-05-10,34.62,28.01,48.27,0.0,0.52
2007-05-11,36.97,27.17,51.28,0.0,0.52
2007-05-12,32.7,26.35,65.66,0.0,0.52
2007-05-13,30.47,25.52,70.34,0.01,0.52
2007-05-14,34.48,24.34,62.74,0.03,0.52
2007-05-15,37.07,26.88,53.07,0.0,0.52
2007-05-16,39.12,26.48,47.94,0.0,0.52
2007-05-17,39.4,27.51,39.78,0.0,0.52
2007-05-18,32.85,26.25,56.4,0.0,0.52
2007-05-19,32.38,26.82,60.43,0.03,0.52
2007-05-20,32.77,26.11,65.3,0.0,0.52
2007-05-21,35.2,25.73,58.01,0.0,0.52
2007-05-22,37.41,26.23,52.42,0.0,0.52
2007-05-23,41.06,26.33,46.67,0.0,0.52
2007-05-24,38.87,28.04,49.22,0.0,0.52
2007-05-25,40.27,28.37,41.64,0.0,0.52
2007-05-26,40.05,28.52,37.0,0.0,0.52
2007-05-27,42.79,28.15,32.88,0.0,0.52
2007-05-28,43.26,29.98,34.81,0.0,0.52
2007-05-29,43.18,30.44,35.07,0.0,0.52
2007-05-30,40.81,32.35,37.05,0.0,0.52
2007-05-31,42.72,30.53,35.15,0.0,0.52
2007-06-01,38.98,32.06,39.53,0.0,0.52
2007-06-02,42.02,29.77,35.41,0.0,0.52
2007-06-03,42.8,31.54,34.28,0.0,0.52
2007-06-04,39.45,31.25,39.86,0.0,0.52
2007-06-05,40.32,31.02,38.98,0.0,0.52
2007-06-06,41.7,29.3,38.99,0.0,0.52
2007-06-07,40.81,29.52,40.8,0.0,0.52
2007-06-08,39.74,28.46,43.64,0.0,0.52
2007-06-09,37.11,27.88,50.79,0.01,0.52
2007-06-10,39.58,27.39,50.71,0.03,0.52
2007-06-11,34.26,28.86,56.78,0.04,0.52
2007-06-12,33.3,27.76,64.96,0.0,0.52
2007-06-13,35.41,26.91,61.78,0.0,0.52
2007-06-14,42.28,26.52,48.57,0.03,0.52
2007-06-15,41.71,28.69,42.58,0.02,0.52
2007-06-16,36.96,28.92,45.47,0.03,0.52
2007-06-17,40.72,28.51,43.72,1.31,0.52
2007-06-18,42.16,29.16,41.0,0.0,0.52
2007-06-19,40.81,30.61,42.7,0.0,0.52
2007-06-20,38.8,31.28,42.88,0.0,0.52
2007-06-21,40.8,30.11,41.67,0.0,0.52
2007-06-22,41.46,29.61,43.82,0.0,0.52
2007-06-23,41.71,29.93,40.3,0.0,0.52
2007-06-24,43.04,30.04,38.08,0.0,0.52
2007-06-25,39.19,31.62,41.63,0.0,0.52
2007-06-26,41.61,30.37,42.63,0.0,0.52
2007-06-27,35.36,30.24,50.95,0.0,0.52
2007-06-28,36.5,28.65,52.18,0.0,0.52
2007-06-29,36.76,28.11,53.97,0.02,0.52
2007-06-30,34.83,27.86,59.88,0.01,0.52
2007-07-01,40.28,26.9,50.5,0.01,0.52
2007-07-02,40.4,28.08,48.43,0.01,0.52
2007-07-03,37.64,27.91,54.75,0.01,0.52
2007-07-04,40.53,28.15,51.13,0.03,0.52
2007-07-05,38.82,28.23,58.32,0.01,0.52
2007-07-06,38.31,27.64,52.37,0.01,0.52
2007-07-07,39.08,27.74,51.52,0.0,0.52
2007-07-08,39.47,27.32,47.91,0.0,0.52
2007-07-09,41.55,27.85,43.03,0.0,0.52
2007-07-10,41.34,28.76,44.59,0.0,0.52
2007-07-11,41.21,29.0,45.34,0.0,0.52
2007-07-12,40.84,29.4,45.67,0.0,0.52
2007-07-13,38.41,29.69,50.75,0.0,0.52
2007-07-14,38.09,29.13,52.51,0.0,0.52
2007-07-15,37.89,29.21,55.37,0.01,0.52
2007-07-16,37.11,28.36,52.44,0.0,0.52
2007-07-17,40.41,27.87,49.26,0.01,0.52
2007-07-18,37.86,28.4,51.67,0.03,0.52
2007-07-19,35.78,28.41,55.28,0.02,0.52
2007-07-20,35.66,27.0,61.3,0.02,0.52
2007-07-21,35.04,26.33,59.92,0.02,0.52
2007-07-22,36.39,26.03,56.17,0.01,0.52
2007-07-23,39.46,25.61,49.2,0.0,0.52
2007-07-24,38.98,26.98,47.78,0.0,0.52
2007-07-25,38.67,27.63,45.54,0.0,0.52
2007-07-26,34.6,27.42,49.29,0.0,0.52
2007-07-27,35.25,26.75,52.32,0.0,0.52
2007-07-28,33.84,27.11,53.47,0.0,0.52
2007-07-29,39.96,26.74,45.32,0.0,0.52
2007-07-30,40.8,28.24,38.96,0.0,0.52
2007-07-31,37.69,29.99,46.35,0.0,0.52
2007-08-01,36.57,28.87,47.28,0.0,0.52
2007-08-02,38.55,28.41,48.66,0.0,0.52
2007-08-03,36.47,28.67,52.88,0.0,0.52
2007-08-04,38.38,28.39,52.42,0.0,0.52
2007-08-05,40.52,27.36,49.79,0.0,0.52
2007-08-06,34.95,29.19,52.62,0.01,0.52
2007-08-07,40.94,26.84,48.58,0.0,0.52
2007-08-08,42.19,29.04,42.08,0.0,0.52
2007-08-09,42.82,31.37,39.84,0.05,0.52
2007-08-10,42.2,30.42,46.04,1.09,0.52
2007-08-11,39.59,27.86,57.08,2.79,0.52
2007-08-12,37.14,27.65,60.35,2.39,0.53
2007-08-13,36.03,26.84,60.82,3.04,0.53
2007-08-14,34.13,26.46,68.97,2.92,0.53
2007-08-15,36.43,26.13,64.0,0.51,0.53
2007-08-16,33.85,26.92,66.32,0.86,0.53
2007-08-17,33.35,27.23,64.81,0.0,0.53
2007-08-18,37.24,26.25,58.85,0.0,0.53
2007-08-19,36.83,25.95,54.99,0.0,0.53
2007-08-20,39.36,25.69,50.15,0.0,0.53
2007-08-21,40.56,27.92,47.01,0.0,0.53
2007-08-22,35.98,29.1,54.98,0.0,0.52
2007-08-23,36.47,27.72,55.06,0.01,0.52
2007-08-24,36.9,27.3,52.31,0.0,0.52
2007-08-25,37.9,27.87,51.89,0.01,0.52
2007-08-26,34.16,26.79,58.88,0.01,0.52
2007-08-27,39.0,26.84,49.47,0.0,0.52
2007-08-28,37.32,28.75,48.63,0.0,0.52
2007-08-29,36.5,28.88,51.21,0.0,0.52
2007-08-30,39.81,27.91,47.61,0.0,0.52
2007-08-31,39.38,28.27,48.9,0.0,0.52
2007-09-01,40.48,27.92,46.58,0.0,0.52
2007-09-02,39.89,28.17,48.6,0.0,0.52
2007-09-03,39.87,27.92,51.19,0.0,0.52
2007-09-04,39.79,27.8,51.19,0.01,0.52
2007-09-05,37.58,27.42,54.72,0.02,0.52
2007-09-06,38.11,26.49,52.74,0.02,0.52
2007-09-07,38.89,26.69,49.91,0.02,0.52
2007-09-08,36.5,26.95,53.12,0.01,0.52
2007-09-09,36.62,26.9,50.68,0.0,0.52
2007-09-10,38.86,28.2,47.98,0.0,0.52
2007-09-11,38.4,29.19,47.91,0.0,0.52
2007-09-12,35.63,28.64,54.89,0.0,0.52
2007-09-13,38.37,27.58,50.38,0.0,0.52
2007-09-14,38.86,28.74,48.03,0.0,0.52
2007-09-15,37.11,29.14,51.92,0.0,0.52
2007-09-16,35.88,28.75,55.32,0.0,0.52
2007-09-17,34.61,27.12,56.81,0.0,0.52
2007-09-18,39.66,28.26,44.0,0.0,0.52
2007-09-19,35.15,27.89,52.52,0.05,0.52
2007-09-20,37.6,26.55,45.03,0.18,0.52
2007-09-21,35.93,26.49,42.4,0.0,0.52
2007-09-22,33.33,25.42,51.17,0.0,0.52
2007-09-23,35.03,24.28,51.37,0.0,0.52
2007-09-24,34.25,25.7,47.47,0.0,0.52
2007-09-25,39.84,25.88,42.54,0.0,0.52
2007-09-26,41.12,27.09,40.63,0.0,0.52
2007-09-27,39.99,27.9,45.68,0.03,0.52
2007-09-28,35.24,28.44,53.04,0.17,0.52
2007-09-29,33.31,26.47,62.59,0.04,0.52
2007-09-30,33.65,25.27,62.23,0.5,0.52
2007-10-01,38.49,26.43,49.25,0.03,0.52
2007-10-02,38.81,28.49,45.03,0.09,0.52
2007-10-03,39.19,29.19,43.82,0.35,0.52
2007-10-04,41.48,29.46,44.96,1.85,0.52
2007-10-05,39.73,29.3,47.85,0.94,0.52
2007-10-06,30.84,25.22,71.17,4.53,0.53
2007-10-07,31.12,23.67,81.76,13.8,0.55
2007-10-08,33.98,23.99,73.11,6.23,0.56
2007-10-09,36.15,23.57,65.52,0.0,0.56
2007-10-10,36.2,24.17,61.47,0.0,0.55
2007-10-11,33.55,25.23,67.91,0.0,0.55
2007-10-12,35.01,24.32,64.07,0.0,0.54
2007-10-13,35.5,25.71,59.4,0.0,0.54
2007-10-14,33.31,25.17,64.58,0.6,0.54
2007-10-15,30.31,24.64,76.52,10.02,0.55
2007-10-16,28.39,24.1,83.62,0.02,0.55
2007-10-17,34.27,23.5,70.6,0.0,0.55
2007-10-18,34.42,23.98,66.96,0.0,0.55
2007-10-19,34.01,24.68,65.48,0.0,0.55
2007-10-20,33.56,25.08,63.92,0.01,0.54
2007-10-21,33.72,24.47,63.88,0.0,0.54
2007-10-22,35.28,24.07,61.11,0.0,0.54
2007-10-23,36.09,23.78,51.32,0.0,0.54
2007-10-24,36.68,21.44,44.8,0.0,0.53
2007-10-25,37.58,22.82,39.46,0.0,0.53
2007-10-26,38.37,23.26,41.57,0.0,0.53
2007-10-27,36.63,23.07,46.52,0.0,0.53
2007-10-28,37.33,22.13,44.61,0.0,0.53
2007-10-29,37.43,24.05,41.83,0.0,0.53
2007-10-30,37.49,25.73,44.29,0.0,0.53
2007-10-31,36.81,25.74,45.48,0.0,0.53
2007-11-01,38.58,25.19,41.19,0.0,0.52
2007-11-02,33.25,26.36,57.54,0.03,0.52
2007-11-03,32.86,22.97,55.99,0.0,0.52
2007-11-04,32.79,23.9,52.23,0.0,0.52
2007-11-05,34.13,23.47,48.01,0.0,0.52
2007-11-06,33.72,23.82,48.24,0.0,0.52
2007-11-07,31.91,24.43,54.9,0.0,0.52
2007-11-08,32.14,23.31,57.23,0.0,0.52
2007-11-09,35.43,23.56,46.36,0.01,0.52
2007-11-10,34.65,23.84,41.08,0.0,0.52
2007-11-11,35.05,22.02,39.68,0.0,0.52
2007-11-12,35.09,21.57,41.18,0.0,0.52
2007-11-13,33.23,23.98,42.06,0.0,0.52
2007-11-14,28.58,23.15,61.49,0.02,0.52
2007-11-15,33.59,21.98,58.85,0.04,0.52
2007-11-16,33.49,22.62,55.31,0.0,0.52
2007-11-17,34.45,22.84,51.61,0.0,0.52
2007-11-18,36.39,22.29,44.08,0.0,0.52
2007-11-19,36.99,21.8,36.45,0.0,0.52
2007-11-20,36.69,23.03,35.97,0.0,0.52
2007-11-21,35.98,23.83,44.56,0.0,0.52
2007-11-22,32.41,20.74,57.75,0.0,0.52
2007-11-23,32.48,20.76,55.23,0.0,0.52
2007-11-24,32.71,22.48,46.49,0.0,0.52
2007-11-25,33.77,19.8,40.11,0.0,0.52
2007-11-26,33.47,17.86,36.07,0.0,0.52
2007-11-27,33.3,16.89,32.49,0.0,0.52
2007-11-28,32.18,18.95,35.02,0.0,0.52
2007-11-29,31.19,20.38,43.15,0.0,0.52
2007-11-30,30.55,19.52,41.14,0.0,0.52
2007-12-01,30.77,19.38,45.62,0.0,0.52
2007-12-02,31.06,18.17,44.68,0.0,0.52
2007-12-03,30.66,19.7,42.42,0.0,0.52
2007-12-04,30.59,18.73,43.14,0.0,0.52
2007-12-05,31.13,16.71,42.33,0.0,0.52
2007-12-06,31.3,16.91,39.37,0.0,0.52
2007-12-07,31.63,16.4,35.48,0.0,0.52
2007-12-08,31.21,16.01,37.18,0.0,0.52
2007-12-09,31.23,15.55,36.7,0.0,0.52
2007-12-10,31.21,15.34,35.42,0.0,0.52
2007-12-11,31.36,15.86,34.28,0.0,0.52
2007-12-12,31.56,15.08,34.67,0.0,0.52
2007-12-13,31.84,14.99,34.73,0.0,0.52
2007-12-14,32.41,15.65,33.03,0.0,0.52
2007-12-15,31.5,15.39,32.12,0.0,0.52
2007-12-16,32.43,15.53,30.08,0.0,0.52
2007-12-17,32.12,18.63,31.26,0.0,0.52
2007-12-18,32.03,19.33,30.1,0.0,0.52
2007-12-19,33.55,16.61,29.07,0.0,0.52
2007-12-20,34.15,16.84,28.82,0.0,0.52
2007-12-21,32.55,15.42,22.08,0.0,0.52
2007-12-22,30.9,12.93,25.72,0.0,0.52
2007-12-23,29.49,13.81,33.62,0.0,0.52
2007-12-24,29.08,13.5,38.25,0.0,0.52
2007-12-25,30.06,15.37,40.51,0.0,0.52
2007-12-26,30.5,16.17,39.98,0.0,0.52
2007-12-27,29.44,14.92,44.18,0.0,0.52
2007-12-28,29.45,15.02,45.28,0.0,0.52
2007-12-29,30.81,14.97,42.48,0.0,0.52
2007-12-30,31.38,15.43,42.17,0.0,0.52
2007-12-31,31.59,15.47,38.69,0.0,0.52
2008-01-01,32.12,15.32,38.32,0.0,0.52
2008-01-02,31.34,16.19,37.61,0.0,0.52
2008-01-03,31.53,16.62,40.33,0.0,0.52
2008-01-04,30.87,16.02,38.93,0.0,0.52
2008-01-05,30.89,15.73,37.34,0.0,0.52
2008-01-06,30.98,14.57,34.97,0.0,0.52
2008-01-07,30.67,13.78,30.92,0.0,0.52
2008-01-08,31.57,13.82,27.78,0.0,0.52
2008-01-09,32.02,14.29,27.85,0.0,0.52
2008-01-10,32.32,14.79,28.89,0.0,0.52
2008-01-11,31.19,14.24,31.94,0.0,0.52
2008-01-12,30.13,14.39,36.19,0.0,0.52
2008-01-13,29.57,14.39,39.58,0.0,0.52
2008-01-14,30.06,13.54,40.59,0.0,0.52
2008-01-15,29.79,13.98,39.55,0.0,0.52
2008-01-16,30.66,13.63,37.85,0.0,0.52
2008-01-17,31.73,14.18,35.78,0.0,0.52
2008-01-18,31.57,15.19,26.53,0.0,0.52
2008-01-19,30.41,11.81,33.7,0.0,0.52
2008-01-20,30.66,13.66,33.42,0.0,0.52
2008-01-21,29.62,13.64,28.83,0.0,0.52
2008-01-22,29.82,13.83,34.69,0.0,0.52
2008-01-23,31.32,13.37,34.74,0.0,0.52
2008-01-24,32.46,15.03,35.76,0.0,0.52
2008-01-25,32.18,14.84,34.77,0.0,0.52
2008-01-26,31.28,15.52,43.99,0.03,0.52
2008-01-27,30.58,16.31,58.68,0.0,0.52
2008-01-28,26.54,14.52,48.27,0.0,0.52
2008-01-29,26.71,11.76,35.34,0.0,0.52
2008-01-30,27.8,11.47,32.74,0.0,0.52
2008-01-31,29.85,12.47,34.49,0.0,0.52
2008-02-01,28.91,14.39,43.65,0.0,0.52
2008-02-02,28.37,14.34,33.57,0.0,0.52
2008-02-03,28.45,12.2,28.23,0.0,0.52
2008-02-04,29.86,11.39,26.7,0.0,0.52
2008-02-05,30.12,12.25,28.14,0.0,0.52
2008-02-06,31.17,13.58,33.11,0.0,0.52
2008-02-07,32.85,15.28,33.18,0.0,0.52
2008-02-08,33.14,16.81,38.32,0.0,0.52
2008-02-09,34.88,17.49,38.78,0.01,0.52
2008-02-10,31.3,21.69,51.36,0.0,0.52
2008-02-11,29.85,19.84,56.96,0.0,0.52
2008-02-12,31.47,17.9,36.25,0.0,0.52
2008-02-13,32.13,17.12,28.44,0.0,0.52
2008-02-14,31.25,15.24,24.23,0.0,0.52
2008-02-15,31.14,12.94,19.15,0.0,0.52
2008-02-16,30.28,11.85,21.91,0.0,0.52
2008-02-17,30.2,13.82,20.56,0.0,0.52
2008-02-18,32.09,14.04,23.61,0.0,0.52
2008-02-19,31.38,14.34,32.53,0.0,0.52
2008-02-20,31.21,15.14,33.81,0.0,0.52
2008-02-21,28.53,18.24,40.43,0.0,0.52
2008-02-22,31.87,14.28,36.87,0.0,0.52
2008-02-23,33.3,15.09,26.51,0.0,0.52
2008-02-24,34.37,15.6,24.51,0.0,0.52
2008-02-25,34.16,16.04,23.87,0.0,0.52
2008-02-26,33.38,16.38,28.54,0.0,0.52
2008-02-27,36.28,17.59,25.69,0.0,0.52
2008-02-28,34.16,18.57,33.16,0.0,0.52
2008-02-29,34.85,17.0,21.52,0.0,0.52
2008-03-01,34.56,17.63,17.46,0.0,0.52
2008-03-02,34.45,17.88,22.1,0.0,0.52
2008-03-03,34.53,18.58,29.06,0.0,0.52
2008-03-04,35.17,18.15,29.58,0.0,0.52
2008-03-05,34.47,18.79,29.81,0.0,0.52
2008-03-06,34.76,19.42,29.71,0.0,0.52
2008-03-07,35.96,19.51,22.58,0.0,0.52
2008-03-08,35.98,19.48,25.21,0.0,0.52
2008-03-09,35.36,18.21,26.39,0.0,0.52
2008-03-10,35.39,20.49,25.72,0.0,0.52
2008-03-11,34.25,21.13,32.1,0.0,0.52
2008-03-12,36.38,21.52,36.17,0.0,0.52
2008-03-13,37.52,22.96,33.2,0.0,0.52
2008-03-14,38.48,24.06,26.72,0.0,0.52
2008-03-15,36.93,22.59,29.89,0.0,0.52
2008-03-16,37.61,23.56,29.4,0.0,0.52
2008-03-17,36.51,25.68,30.36,0.0,0.52
2008-03-18,37.69,23.67,27.15,0.0,0.52
2008-03-19,38.18,21.24,24.6,0.0,0.52
2008-03-20,38.72,21.23,25.45,0.0,0.52
2008-03-21,38.7,23.1,33.28,0.0,0.52
2008-03-22,38.1,24.0,35.26,0.0,0.52
2008-03-23,37.82,22.98,31.18,0.0,0.52
2008-03-24,35.85,26.39,32.96,0.0,0.52
2008-03-25,37.09,24.06,35.03,0.0,0.52
2008-03-26,38.35,27.19,32.95,0.0,0.52
2008-03-27,36.56,26.43,31.55,0.0,0.52
2008-03-28,37.15,25.39,37.12,0.0,0.52
2008-03-29,38.18,25.22,31.44,0.0,0.52
2008-03-30,38.17,26.26,30.56,0.0,0.52
2008-03-31,36.3,26.48,34.44,0.0,0.52
2008-04-01,35.28,26.48,39.12,0.0,0.52
2008-04-02,37.32,24.17,34.63,0.0,0.52
2008-04-03,37.68,24.36,32.48,0.0,0.52
2008-04-04,37.55,25.69,31.79,0.0,0.52
2008-04-05,39.41,24.97,29.25,0.0,0.52
2008-04-06,40.23,26.23,27.9,0.0,0.52
2008-04-07,39.62,27.4,30.94,0.0,0.52
2008-04-08,38.92,25.75,27.71,0.0,0.52
2008-04-09,39.27,24.9,21.79,0.0,0.52
2008-04-10,39.68,24.07,22.62,0.0,0.52
2008-04-11,40.31,24.6,26.78,0.0,0.52
2008-04-12,36.98,27.01,30.18,0.0,0.52
2008-04-13,41.23,25.85,27.05,0.0,0.52
2008-04-14,40.73,24.1,28.02,0.0,0.52
2008-04-15,40.32,27.18,32.43,0.0,0.52
2008-04-16,40.93,27.58,29.51,0.0,0.52
2008-04-17,41.62,29.03,28.69,0.0,0.52
2008-04-18,43.21,28.82,29.38,0.0,0.52
2008-04-19,41.82,28.85,33.56,0.0,0.52
2008-04-20,41.78,29.82,26.03,0.0,0.52
2008-04-21,41.79,27.4,23.28,0.0,0.52
2008-04-22,42.46,27.08,19.98,0.0,0.52
2008-04-23,42.23,26.7,21.46,0.0,0.52
2008-04-24,41.87,28.06,24.19,0.0,0.52
2008-04-25,42.3,26.85,28.37,0.0,0.51
2008-04-26,41.74,28.4,29.3,0.0,0.51
2008-04-27,41.57,27.37,29.84,0.0,0.51
2008-04-28,40.61,27.86,36.05,0.0,0.51
2008-04-29,37.53,30.07,42.52,0.0,0.51
2008-04-30,36.78,27.78,48.08,0.0,0.51
2008-05-01,37.19,28.17,47.9,0.0,0.51
2008-05-02,35.67,28.85,47.77,0.01,0.51
2008-05-03,41.04,27.3,40.62,0.61,0.52
2008-05-04,37.92,27.75,41.25,0.88,0.52
2008-05-05,40.67,27.61,38.13,2.22,0.52
2008-05-06,39.13,27.43,41.14,0.56,0.52
2008-05-07,40.46,27.35,37.15,0.11,0.52
2008-05-08,38.8,28.4,42.21,0.83,0.52
2008-05-09,41.06,27.72,35.18,0.09,0.52
2008-05-10,42.33,29.13,33.25,0.32,0.52
2008-05-11,37.64,29.67,42.63,0.52,0.52
2008-05-12,37.46,28.08,44.24,0.52,0.52
2008-05-13,35.43,28.51,48.47,0.0,0.52
2008-05-14,35.84,26.76,51.76,0.0,0.52
2008-05-15,32.63,26.71,61.27,0.0,0.52
2008-05-16,31.83,26.18,66.49,0.01,0.52
2008-05-17,35.61,25.84,57.24,0.0,0.52
2008-05-18,39.11,27.7,41.74,0.06,0.52
2008-05-19,35.32,27.7,52.81,1.57,0.52
2008-05-20,37.06,26.69,47.42,0.29,0.52
2008-05-21,38.95,27.42,35.92,0.0,0.52
2008-05-22,39.48,28.49,40.17,1.13,0.52
2008-05-23,37.8,29.47,43.96,0.14,0.52
2008-05-24,36.73,28.94,46.02,0.56,0.52
2008-05-25,39.65,28.37,39.66,0.27,0.52
2008-05-26,40.33,28.8,41.37,1.03,0.52
2008-05-27,37.73,28.72,48.66,2.08,0.53
2008-05-28,36.66,26.93,53.08,0.67,0.53
2008-05-29,36.8,26.52,54.4,1.14,0.53
2008-05-30,38.24,27.57,51.56,2.46,0.53
2008-05-31,36.32,27.78,57.57,0.77,0.53
2008-06-01,38.55,27.17,53.33,0.69,0.53
2008-06-02,37.7,28.44,48.66,0.97,0.53
2008-06-03,38.0,28.0,50.03,0.8,0.53
2008-06-04,34.0,26.25,67.05,1.57,0.53
2008-06-05,34.42,26.1,61.31,0.43,0.53
2008-06-06,33.0,25.94,64.77,0.48,0.53
2008-06-07,34.32,25.28,66.27,1.1,0.53
2008-06-08,31.4,25.05,73.77,1.83,0.53
2008-06-09,37.17,24.42,60.24,0.81,0.53
2008-06-10,38.32,25.69,54.02,1.62,0.53
2008-06-11,40.02,26.41,50.18,1.0,0.53
2008-06-12,38.41,26.81,55.65,1.87,0.53
2008-06-13,40.34,27.45,49.25,0.08,0.53
2008-06-14,38.55,27.59,55.01,0.88,0.53
2008-06-15,37.63,26.96,60.32,1.27,0.53
2008-06-16,34.34,25.92,68.11,6.59,0.54
2008-06-17,34.0,25.81,70.06,3.45,0.54
2008-06-18,32.42,24.89,70.26,1.79,0.54
2008-06-19,36.91,24.8,61.88,1.14,0.54
2008-06-20,37.8,24.84,59.27,0.15,0.54
2008-06-21,36.78,25.67,59.17,1.08,0.53
2008-06-22,37.88,26.61,54.93,0.73,0.53
2008-06-23,39.61,26.93,50.75,0.03,0.53
2008-06-24,40.84,26.99,50.33,0.05,0.53
2008-06-25,38.45,27.32,52.51,0.5,0.53
2008-06-26,37.85,26.0,60.47,2.23,0.53
2008-06-27,33.75,25.72,66.42,1.21,0.53
2008-06-28,33.29,25.24,73.03,4.72,0.53
2008-06-29,32.29,24.5,74.9,3.8,0.54
2008-06-30,34.88,24.97,70.09,1.19,0.54
2008-07-01,34.29,24.82,70.19,3.53,0.54
2008-07-02,36.19,23.96,66.77,2.97,0.54
2008-07-03,36.41,25.44,66.4,1.4,0.54
2008-07-04,36.11,25.02,68.1,2.0,0.54
2008-07-05,32.34,25.35,76.53,1.87,0.54
2008-07-06,30.56,25.36,78.16,1.54,0.54
2008-07-07,33.84,24.61,72.79,1.32,0.54
2008-07-08,33.73,24.96,71.55,0.22,0.54
2008-07-09,33.48,25.3,69.95,0.69,0.54
2008-07-10,35.96,25.63,66.96,0.77,0.54
2008-07-11,36.85,25.14,61.98,0.65,0.54
2008-07-12,33.92,24.74,68.96,3.22,0.54
2008-07-13,34.3,24.7,72.18,4.94,0.54
2008-07-14,35.78,24.37,69.06,1.41,0.54
2008-07-15,37.3,24.39,63.14,0.47,0.54
2008-07-16,36.28,25.43,61.43,0.44,0.54
2008-07-17,34.79,25.72,69.11,1.5,0.54
2008-07-18,32.9,25.71,71.25,0.91,0.54
2008-07-19,35.78,25.21,67.87,0.67,0.54
2008-07-20,35.77,25.54,65.46,0.6,0.54
2008-07-21,36.74,25.27,65.83,1.01,0.53
2008-07-22,36.02,25.78,64.35,1.3,0.53
2008-07-23,34.14,25.25,65.8,1.16,0.53
2008-07-24,37.73,25.6,66.05,1.3,0.53
2008-07-25,34.26,25.91,69.33,1.44,0.53
2008-07-26,35.52,25.15,67.54,1.24,0.53
2008-07-27,31.47,26.02,72.78,0.3,0.53
2008-07-28,35.02,25.21,66.93,0.47,0.53
2008-07-29,36.64,24.96,65.02,0.82,0.53
2008-07-30,36.84,25.08,63.95,1.02,0.53
2008-07-31,38.52,25.23,59.7,0.07,0.53
2008-08-01,37.92,26.38,58.74,0.11,0.53
2008-08-02,35.19,26.62,63.62,0.38,0.53
2008-08-03,34.15,25.74,64.73,0.34,0.53
2008-08-04,38.26,25.13,60.54,1.25,0.53
2008-08-05,38.86,25.42,61.08,1.65,0.53
2008-08-06,36.34,25.86,61.5,0.48,0.53
2008-08-07,35.0,26.72,63.1,0.45,0.53
2008-08-08,34.89,26.78,66.12,1.27,0.53
2008-08-09,33.63,25.74,71.93,1.38,0.53
2008-08-10,34.78,25.64,70.02,1.28,0.53
2008-08-11,35.2,25.15,70.19,3.03,0.53
2008-08-12,36.0,24.61,68.61,1.66,0.53
2008-08-13,37.4,25.69,64.95,0.56,0.53
2008-08-14,36.5,25.54,67.56,2.44,0.53
2008-08-15,35.61,24.7,67.19,1.46,0.53
2008-08-16,35.64,24.9,72.17,4.82,0.54
2008-08-17,36.84,24.52,68.04,2.79,0.54
2008-08-18,34.92,24.24,72.32,4.91,0.54
2008-08-19,34.09,24.13,71.88,0.7,0.54
2008-08-20,36.97,24.89,64.07,0.17,0.54
2008-08-21,38.41,24.87,61.56,1.57,0.54
2008-08-22,37.33,26.24,58.32,0.3,0.53
2008-08-23,36.54,26.37,58.93,0.23,0.53
2008-08-24,35.58,26.18,61.29,0.34,0.53
2008-08-25,37.87,25.85,58.03,0.18,0.53
2008-08-26,35.99,26.58,57.39,0.56,0.53
2008-08-27,33.02,26.44,67.16,6.0,0.53
2008-08-28,35.16,25.54,70.27,3.93,0.54
2008-08-29,36.39,24.62,68.04,4.23,0.54
2008-08-30,36.85,24.41,62.29,0.71,0.54
2008-08-31,34.67,26.1,65.54,0.21,0.54
2008-09-01,35.59,26.0,63.55,0.84,0.54
2008-09-02,31.96,25.53,68.81,0.41,0.54
2008-09-03,35.94,24.23,67.57,0.91,0.54
2008-09-04,32.4,25.2,73.25,3.05,0.54
2008-09-05,35.06,25.27,65.91,0.1,0.54
2008-09-06,32.23,26.02,70.08,0.31,0.54
2008-09-07,35.01,25.45,65.22,1.64,0.54
2008-09-08,36.36,25.15,63.95,0.23,0.53
2008-09-09,32.15,26.04,66.3,0.25,0.53
2008-09-10,36.1,24.79,61.24,0.85,0.53
2008-09-11,37.53,26.01,58.61,0.75,0.53
2008-09-12,37.87,26.73,55.32,1.28,0.53
2008-09-13,36.44,27.63,58.93,0.95,0.53
2008-09-14,36.78,24.88,60.37,0.83,0.53
2008-09-15,35.76,25.39,66.76,2.42,0.53
2008-09-16,34.64,24.6,68.95,1.26,0.53
2008-09-17,35.91,24.9,64.07,1.11,0.53
2008-09-18,36.68,24.74,61.09,0.57,0.53
2008-09-19,36.95,25.78,61.16,0.37,0.53
2008-09-20,33.36,26.49,69.5,0.72,0.53
2008-09-21,35.96,25.44,66.07,0.61,0.53
2008-09-22,37.23,24.7,64.76,1.33,0.53
2008-09-23,37.63,24.52,59.4,0.4,0.53
2008-09-24,38.76,25.3,57.5,0.2,0.53
2008-09-25,38.68,25.92,59.52,1.46,0.53
2008-09-26,37.59,25.27,61.98,1.33,0.53
2008-09-27,35.55,24.18,64.64,1.75,0.53
2008-09-28,36.08,25.11,60.75,0.09,0.53
2008-09-29,38.24,24.65,54.9,0.06,0.53
2008-09-30,40.15,25.48,49.72,0.15,0.53
2008-10-01,32.13,27.98,60.92,2.24,0.53
2008-10-02,36.51,24.88,61.61,0.97,0.53
2008-10-03,37.77,25.13,56.04,0.49,0.53
2008-10-04,35.67,25.87,61.64,2.35,0.53
2008-10-05,33.31,25.28,69.74,1.72,0.53
2008-10-06,32.62,24.49,73.04,2.61,0.53
2008-10-07,36.49,24.03,61.7,1.07,0.53
2008-10-08,35.41,24.47,62.35,0.21,0.53
2008-10-09,37.17,24.15,59.15,0.04,0.53
2008-10-10,36.94,25.21,57.69,0.19,0.53
2008-10-11,35.25,26.12,58.97,0.03,0.53
2008-10-12,34.87,26.49,58.65,0.39,0.53
2008-10-13,36.56,26.02,54.92,0.07,0.53
2008-10-14,35.99,26.8,55.46,0.57,0.53
2008-10-15,36.89,25.79,49.76,0.0,0.53
2008-10-16,38.81,26.76,43.62,0.0,0.53
2008-10-17,38.4,25.4,43.51,0.0,0.52
2008-10-18,37.47,27.79,43.45,0.0,0.52
2008-10-19,37.87,27.37,42.98,0.16,0.52
2008-10-20,33.95,25.81,62.09,1.03,0.52
2008-10-21,33.45,24.88,64.18,0.2,0.52
2008-10-22,35.87,24.68,54.36,1.06,0.53
2008-10-23,33.37,25.82,59.6,0.84,0.53
2008-10-24,32.18,24.77,71.6,5.37,0.53
2008-10-25,30.35,23.62,81.41,6.03,0.54
2008-10-26,31.05,22.28,81.51,7.5,0.55
2008-10-27,33.42,23.58,69.05,1.08,0.55
2008-10-28,32.11,22.15,72.04,1.81,0.55
2008-10-29,30.37,22.06,75.9,1.25,0.55
2008-10-30,33.65,20.89,67.89,0.53,0.55
2008-10-31,34.65,21.08,61.66,0.03,0.54
2008-11-01,34.8,20.04,55.82,0.19,0.54
2008-11-02,35.33,19.83,53.87,0.14,0.54
2008-11-03,35.19,20.13,53.32,0.07,0.53
2008-11-04,34.71,21.12,60.03,2.47,0.53
2008-11-05,35.12,22.55,66.95,1.18,0.53
2008-11-06,29.99,21.39,66.47,0.2,0.53
2008-11-07,33.44,17.96,50.92,0.01,0.53
2008-11-08,34.65,18.43,46.26,0.0,0.53
2008-11-09,34.98,19.2,46.03,0.0,0.53
2008-11-10,33.47,17.1,42.51,0.0,0.53
2008-11-11,33.85,17.34,36.99,0.0,0.53
2008-11-12,33.06,17.76,43.77,0.0,0.53
2008-11-13,33.25,18.37,43.52,0.0,0.53
2008-11-14,32.88,18.97,42.48,0.0,0.52
2008-11-15,33.42,19.56,39.05,0.0,0.52
2008-11-16,34.18,19.19,39.34,0.0,0.52
2008-11-17,35.13,20.14,42.76,0.0,0.52
2008-11-18,35.57,20.49,42.4,0.0,0.52
2008-11-19,35.48,22.2,48.02,1.02,0.52
2008-11-20,36.14,23.17,51.94,0.0,0.52
2008-11-21,35.48,22.07,54.12,1.46,0.52
2008-11-22,34.98,20.89,44.52,0.0,0.52
2008-11-23,34.25,20.61,48.33,0.0,0.52
2008-11-24,33.94,18.18,42.23,0.0,0.52
2008-11-25,34.21,19.31,40.44,0.0,0.52
2008-11-26,33.45,19.67,44.27,0.0,0.52
2008-11-27,33.81,18.56,44.06,0.0,0.52
2008-11-28,33.06,19.3,44.29,0.0,0.52
2008-11-29,32.34,18.47,40.57,0.0,0.52
2008-11-30,30.95,17.0,41.17,0.0,0.52
2008-12-01,30.96,15.81,37.65,0.0,0.52
2008-12-02,30.45,16.98,39.84,0.0,0.52
2008-12-03,30.62,17.61,45.23,0.0,0.52
2008-12-04,31.58,16.91,47.77,0.0,0.52
2008-12-05,31.64,16.67,49.55,0.0,0.52
2008-12-06,31.95,17.67,46.32,0.0,0.52
2008-12-07,31.56,19.7,47.12,0.0,0.52
2008-12-08,32.36,17.65,46.31,0.0,0.52
2008-12-09,31.32,17.04,46.74,0.0,0.52
2008-12-10,31.94,18.75,47.27,0.0,0.52
2008-12-11,32.38,18.38,45.95,0.0,0.52
2008-12-12,32.32,18.62,47.65,0.0,0.52
2008-12-13,32.25,17.68,47.93,0.0,0.52
2008-12-14,31.61,17.09,44.43,0.0,0.52
2008-12-15,31.48,15.89,40.99,0.0,0.52
2008-12-16,31.24,15.69,43.12,0.0,0.52
2008-12-17,31.0,15.23,47.75,0.0,0.52
2008-12-18,31.01,15.95,45.42,0.0,0.52
2008-12-19,30.52,15.63,43.65,0.0,0.52
2008-12-20,30.62,16.49,48.74,0.0,0.52
2008-12-21,29.9,16.84,55.06,0.0,0.52
2008-12-22,30.32,16.36,54.73,0.0,0.52
2008-12-23,30.95,18.44,51.83,0.0,0.52
2008-12-24,29.2,17.8,57.4,0.0,0.52
2008-12-25,29.48,18.43,54.61,0.0,0.52
2008-12-26,30.85,18.15,49.73,0.05,0.52
2008-12-27,29.33,14.53,44.75,0.36,0.52
2008-12-28,28.71,13.64,46.7,0.0,0.52
2008-12-29,29.08,13.73,44.9,0.0,0.52
2008-12-30,29.28,14.29,45.58,0.0,0.52
2008-12-31,30.23,14.39,41.67,0.0,0.52
2009-01-01,31.34,14.96,33.75,0.0,0.52
2009-01-02,31.51,16.51,31.03,0.0,0.52
2009-01-03,30.19,14.79,34.76,0.0,0.52
2009-01-04,30.88,13.94,38.45,0.0,0.52
2009-01-05,29.1,13.28,33.57,0.0,0.52
2009-01-06,29.62,13.02,30.07,0.0,0.52
2009-01-07,29.56,13.11,37.22,0.0,0.52
2009-01-08,30.15,13.79,42.28,0.0,0.52
2009-01-09,30.63,14.73,43.25,0.0,0.52
2009-01-10,30.77,15.17,41.51,0.0,0.52
2009-01-11,30.4,14.93,38.92,0.0,0.52
2009-01-12,30.6,15.33,41.63,0.0,0.52
2009-01-13,30.26,14.54,41.45,0.0,0.52
2009-01-14,30.36,14.85,42.48,0.0,0.52
2009-01-15,30.2,16.35,45.24,0.0,0.52
2009-01-16,29.91,16.91,45.67,0.0,0.52
2009-01-17,30.16,15.5,46.31,0.0,0.52
2009-01-18,30.96,16.13,43.08,0.0,0.52
2009-01-19,30.68,15.76,45.24,0.0,0.52
2009-01-20,30.47,15.78,45.02,0.0,0.52
2009-01-21,31.47,14.98,41.17,0.0,0.52
2009-01-22,30.69,15.56,45.54,0.0,0.52
2009-01-23,31.7,15.91,46.57,0.0,0.52
2009-01-24,31.91,16.33,43.43,0.0,0.52
2009-01-25,32.93,16.32,37.55,0.0,0.52
2009-01-26,32.28,16.11,39.45,0.0,0.52
2009-01-27,32.7,17.55,37.5,0.0,0.52
2009-01-28,32.15,16.89,40.28,0.0,0.52
2009-01-29,32.53,17.57,36.73,0.0,0.52
2009-01-30,32.01,15.04,36.85,0.0,0.52
2009-01-31,30.08,15.37,49.96,16.22,0.55
2009-02-01,30.1,14.66,49.71,0.0,0.55
2009-02-02,30.41,13.77,47.24,0.0,0.54
2009-02-03,30.1,13.28,45.47,0.0,0.54
2009-02-04,30.2,14.08,44.52,0.0,0.54
2009-02-05,30.89,14.56,45.22,0.0,0.54
2009-02-06,31.07,14.42,42.65,0.0,0.53
2009-02-07,31.83,15.36,42.39,0.0,0.53
2009-02-08,32.81,16.17,38.35,0.0,0.53
2009-02-09,33.18,15.1,35.4,0.0,0.53
2009-02-10,33.14,15.6,36.82,0.0,0.53
2009-02-11,33.31,16.34,41.15,0.22,0.53
2009-02-12,32.89,15.81,36.43,0.0,0.53
2009-02-13,31.93,16.11,37.26,0.0,0.53
2009-02-14,33.21,15.89,35.21,0.0,0.52
2009-02-15,34.2,16.23,32.74,0.0,0.52
2009-02-16,34.47,16.66,32.41,0.0,0.52
2009-02-17,35.47,17.44,30.2,0.0,0.52
2009-02-18,35.79,17.19,27.54,0.0,0.52
2009-02-19,36.45,17.08,25.55,0.0,0.52
2009-02-20,35.94,16.25,23.85,0.0,0.52
2009-02-21,35.32,16.64,21.97,0.0,0.52
2009-02-22,35.23,16.37,22.59,0.0,0.52
2009-02-23,34.0,15.68,23.22,0.0,0.52
2009-02-24,34.03,15.9,23.99,0.0,0.52
2009-02-25,35.54,17.37,34.6,0.03,0.52
2009-02-26,36.52,20.26,38.91,0.0,0.52
2009-02-27,36.21,19.86,39.84,2.29,0.52
2009-02-28,35.96,19.51,35.81,0.0,0.52
2009-03-01,36.25,20.56,36.69,0.0,0.52
2009-03-02,35.28,19.68,29.02,0.0,0.52
2009-03-03,34.66,19.51,31.9,0.0,0.52
2009-03-04,34.91,18.9,30.88,0.0,0.52
2009-03-05,35.3,18.94,37.92,0.3,0.52
2009-03-06,36.4,20.27,35.18,0.0,0.52
2009-03-07,37.16,21.03,32.58,0.0,0.52
2009-03-08,36.9,19.72,30.16,0.0,0.52
2009-03-09,36.6,20.37,25.59,0.0,0.52
2009-03-10,37.53,20.45,25.69,0.0,0.52
2009-03-11,36.49,23.37,27.77,0.0,0.52
2009-03-12,36.35,21.23,29.0,0.0,0.52
2009-03-13,36.98,22.48,23.54,0.0,0.52
2009-03-14,37.37,19.81,20.52,0.0,0.52
2009-03-15,34.78,23.04,31.26,0.0,0.52
2009-03-16,31.79,21.64,26.5,0.1,0.52
2009-03-17,31.28,22.51,32.43,0.88,0.52
2009-03-18,32.12,21.61,32.38,0.01,0.52
2009-03-19,35.9,20.96,31.38,0.0,0.52
2009-03-20,37.89,24.69,26.74,0.0,0.52
2009-03-21,37.41,21.22,29.86,0.0,0.52
2009-03-22,36.91,22.49,29.09,0.04,0.52
2009-03-23,38.01,22.49,26.77,0.2,0.52
2009-03-24,37.68,21.73,29.84,0.22,0.52
2009-03-25,37.95,23.38,27.25,0.45,0.52
2009-03-26,36.77,22.06,30.39,1.4,0.52
2009-03-27,35.15,22.23,41.86,1.65,0.52
2009-03-28,35.17,23.28,35.92,0.0,0.52
2009-03-29,36.86,21.68,35.18,0.0,0.52
2009-03-30,36.2,23.54,33.56,0.08,0.52
2009-03-31,36.55,23.15,37.95,4.44,0.53
2009-04-01,36.2,22.13,46.4,0.82,0.53
2009-04-02,36.74,22.18,45.38,0.01,0.53
2009-04-03,37.66,24.9,37.27,0.03,0.53
2009-04-04,38.69,24.75,34.27,0.0,0.53
2009-04-05,39.33,24.55,34.5,0.0,0.52
2009-04-06,39.54,24.48,34.32,0.0,0.52
2009-04-07,39.05,25.74,33.82,0.0,0.52
2009-04-08,39.64,25.28,33.31,0.29,0.52
2009-04-09,38.62,26.21,35.59,0.01,0.52
2009-04-10,39.35,26.53,33.56,0.76,0.52
2009-04-11,39.74,25.23,30.45,0.05,0.52
2009-04-12,39.31,26.52,29.57,0.0,0.52
2009-04-13,39.37,25.11,27.54,0.0,0.52
2009-04-14,40.1,25.45,33.41,0.75,0.52
2009-04-15,39.8,27.08,45.22,1.89,0.52
2009-04-16,38.2,27.92,48.04,4.69,0.53
2009-04-17,33.08,26.29,68.14,12.27,0.54
2009-04-18,37.73,25.34,64.02,0.59,0.55
2009-04-19,38.37,24.06,54.04,0.02,0.54
2009-04-20,38.54,25.35,48.59,0.08,0.54
2009-04-21,38.89,24.86,46.44,0.13,0.53
2009-04-22,39.4,25.16,51.03,0.74,0.53
2009-04-23,40.11,26.2,47.93,0.52,0.53
2009-04-24,40.47,27.97,40.25,0.0,0.53
2009-04-25,41.35,27.46,30.97,0.0,0.53
2009-04-26,41.48,25.48,31.19,0.25,0.52
2009-04-27,40.42,29.16,36.54,0.0,0.52
2009-04-28,42.13,28.02,33.63,0.14,0.52
2009-04-29,41.24,28.64,28.21,0.0,0.52
2009-04-30,41.98,28.99,28.42,0.23,0.52
2009-05-01,42.88,27.37,30.77,1.02,0.52
2009-05-02,41.45,27.37,37.88,4.69,0.53
2009-05-03,38.53,26.61,47.32,0.74,0.53
2009-05-04,38.5,28.08,46.56,0.0,0.53
2009-05-05,39.99,27.41,42.18,0.13,0.53
2009-05-06,41.05,28.75,38.0,0.03,0.52
2009-05-07,41.39,28.26,34.77,0.0,0.52
2009-05-08,41.78,28.82,35.16,0.0,0.52
2009-05-09,41.2,28.68,33.11,0.18,0.52
2009-05-10,41.53,27.87,34.5,1.45,0.52
2009-05-11,41.53,29.3,36.28,0.08,0.52
2009-05-12,39.57,29.51,36.05,0.32,0.52
2009-05-13,40.2,28.95,40.21,2.15,0.52
2009-05-14,39.56,28.57,40.33,0.44,0.53
2009-05-15,36.94,28.98,45.48,1.71,0.53
2009-05-16,37.98,28.81,46.65,1.03,0.53
2009-05-17,37.36,27.39,47.08,1.34,0.53
2009-05-18,39.31,27.78,42.39,0.76,0.53
2009-05-19,37.86,28.01,45.31,0.3,0.53
2009-05-20,40.24,26.85,41.54,0.0,0.53
2009-05-21,42.33,28.29,36.94,0.0,0.52
2009-05-22,41.62,28.3,41.45,0.47,0.52
2009-05-23,40.27,29.44,43.7,0.79,0.52
2009-05-24,36.77,27.14,56.86,7.89,0.53
2009-05-25,33.68,25.96,70.06,6.46,0.54
2009-05-26,36.5,25.85,66.24,6.55,0.55
2009-05-27,39.31,25.33,57.41,0.13,0.55
2009-05-28,36.36,27.31,57.98,0.33,0.54
2009-05-29,36.91,26.73,61.46,3.21,0.54
2009-05-30,33.02,26.8,72.57,1.69,0.54
2009-05-31,34.7,26.17,70.39,3.22,0.54
2009-06-01,37.09,25.14,63.09,1.19,0.54
2009-06-02,37.22,25.36,55.34,1.07,0.54
2009-06-03,39.13,25.6,50.65,0.67,0.53
2009-06-04,37.45,26.75,57.13,3.31,0.54
2009-06-05,34.92,26.45,61.54,1.16,0.54
2009-06-06,32.79,25.53,71.56,3.39,0.54
2009-06-07,32.82,24.91,73.34,3.56,0.54
2009-06-08,33.73,24.98,70.84,2.85,0.54
2009-06-09,37.03,25.09,61.51,0.03,0.54
2009-06-10,36.78,26.06,57.96,0.04,0.54
2009-06-11,38.36,26.26,52.6,0.16,0.53
2009-06-12,38.63,26.45,51.81,0.63,0.53
2009-06-13,37.78,26.83,53.55,0.37,0.53
2009-06-14,39.12,27.45,46.81,0.55,0.53
2009-06-15,41.82,27.49,42.43,0.03,0.53
2009-06-16,42.35,29.94,37.3,0.07,0.53
2009-06-17,40.54,29.62,45.33,0.14,0.52
2009-06-18,37.15,28.43,56.07,0.53,0.52
2009-06-19,37.13,27.59,58.33,0.24,0.52
2009-06-20,38.47,27.59,52.83,0.17,0.52
2009-06-21,37.44,28.36,52.65,0.06,0.52
2009-06-22,38.8,28.06,48.32,0.03,0.52
2009-06-23,35.47,28.18,54.09,0.31,0.52
2009-06-24,38.33,27.45,52.65,0.27,0.52
2009-06-25,39.63,26.75,53.16,0.61,0.52
2009-06-26,39.56,27.11,49.8,0.5,0.52
2009-06-27,37.99,26.93,56.78,2.64,0.53
2009-06-28,36.33,26.44,63.0,1.78,0.53
2009-06-29,37.0,25.91,59.75,3.49,0.53
2009-06-30,35.59,25.34,65.17,1.76,0.53
2009-07-01,35.31,25.39,67.63,3.71,0.53
2009-07-02,34.64,24.98,66.59,1.27,0.54
2009-07-03,36.59,25.26,61.68,1.16,0.53
2009-07-04,37.54,26.02,60.29,0.22,0.53
2009-07-05,35.61,25.96,66.99,1.44,0.53
2009-07-06,32.56,25.42,77.12,3.41,0.54
2009-07-07,36.75,24.77,65.8,2.13,0.54
2009-07-08,37.17,24.53,65.05,2.89,0.54
2009-07-09,37.8,25.63,63.52,2.08,0.54
2009-07-10,38.89,25.21,58.18,0.46,0.54
2009-07-11,39.73,26.58,54.07,0.51,0.53
2009-07-12,40.57,28.63,51.9,0.06,0.53
2009-07-13,39.4,28.52,56.83,0.76,0.53
2009-07-14,37.73,27.57,62.17,0.85,0.53
2009-07-15,38.62,25.93,61.29,2.04,0.53
2009-07-16,39.15,26.43,57.49,0.29,0.53
2009-07-17,39.95,27.26,52.88,0.04,0.53
2009-07-18,34.4,27.65,58.76,0.14,0.53
2009-07-19,35.09,27.27,60.96,0.02,0.53
2009-07-20,38.82,27.26,59.83,1.53,0.53
2009-07-21,34.92,26.37,65.3,1.09,0.53
2009-07-22,37.92,26.28,58.26,0.41,0.53
2009-07-23,39.95,26.13,55.18,0.35,0.53
2009-07-24,40.01,26.79,54.58,0.91,0.53
2009-07-25,37.7,28.04,56.94,0.4,0.53
2009-07-26,38.59,26.91,62.83,1.54,0.53
2009-07-27,38.25,26.75,63.84,4.76,0.53
2009-07-28,34.02,25.07,73.25,8.09,0.54
2009-07-29,35.29,25.3,73.13,5.9,0.55
2009-07-30,35.54,25.45,73.16,5.1,0.55
2009-07-31,37.03,25.0,67.66,0.55,0.55
2009-08-01,36.02,26.41,66.16,0.51,0.55
2009-08-02,37.76,26.74,65.1,0.25,0.54
2009-08-03,39.25,27.06,60.16,0.17,0.54
2009-08-04,38.56,26.72,62.13,1.88,0.54
2009-08-05,35.68,27.51,67.89,2.08,0.54
2009-08-06,34.7,27.1,72.85,2.22,0.54
2009-08-07,38.17,26.49,64.42,0.96,0.54
2009-08-08,38.81,26.47,62.27,1.07,0.54
2009-08-09,39.02,25.98,60.13,0.44,0.54
2009-08-10,39.62,27.01,58.62,0.25,0.53
2009-08-11,38.95,26.61,57.44,1.29,0.53
2009-08-12,39.08,25.95,58.66,1.27,0.53
2009-08-13,34.83,26.91,65.26,1.58,0.53
2009-08-14,33.68,26.9,70.12,3.72,0.54
2009-08-15,33.09,25.59,70.12,0.86,0.54
2009-08-16,36.46,25.26,59.25,0.37,0.54
2009-08-17,33.84,26.05,66.05,1.5,0.54
2009-08-18,33.72,25.07,67.24,3.07,0.54
2009-08-19,33.52,25.42,73.46,5.66,0.54
2009-08-20,31.93,24.48,77.21,7.26,0.55
2009-08-21,35.46,23.8,70.57,3.64,0.56
2009-08-22,28.78,24.61,87.44,5.75,0.56
2009-08-23,32.99,23.87,74.12,1.02,0.56
2009-08-24,33.44,24.41,72.23,2.63,0.56
2009-08-25,35.2,24.31,69.88,1.26,0.56
2009-08-26,32.16,24.64,77.86,3.01,0.56
2009-08-27,35.85,24.06,67.19,0.06,0.56
2009-08-28,36.98,25.5,62.58,0.06,0.55
2009-08-29,36.1,26.55,64.79,2.7,0.55
2009-08-30,31.38,25.94,76.24,0.86,0.55
2009-08-31,32.06,25.59,75.08,0.24,0.55
2009-09-01,33.33,24.81,71.6,0.24,0.55
2009-09-02,37.41,25.56,63.83,0.41,0.54
2009-09-03,34.35,26.27,67.19,0.48,0.54
2009-09-04,33.84,25.8,70.89,0.74,0.54
2009-09-05,32.69,25.8,69.77,1.1,0.54
2009-09-06,33.07,25.0,70.32,1.55,0.54
2009-09-07,36.17,24.97,70.91,5.12,0.54
2009-09-08,30.51,24.28,77.47,0.94,0.55
2009-09-09,35.75,24.43,68.04,0.4,0.54
2009-09-10,35.35,25.62,62.58,0.08,0.54
2009-09-11,38.97,26.21,55.49,0.02,0.54
2009-09-12,39.31,27.15,57.34,3.66,0.54
2009-09-13,35.39,27.0,68.28,3.22,0.54
2009-09-14,32.93,26.05,74.94,3.85,0.55
2009-09-15,36.94,25.28,66.87,0.78,0.55
2009-09-16,37.21,25.05,64.1,0.45,0.54
2009-09-17,37.43,25.02,65.71,2.06,0.54
2009-09-18,33.46,25.23,73.01,1.34,0.54
2009-09-19,34.08,24.75,69.61,2.23,0.54
2009-09-20,36.56,23.55,63.47,0.4,0.54
2009-09-21,34.6,25.37,64.2,2.05,0.54
2009-09-22,36.02,23.87,65.03,3.68,0.54
2009-09-23,35.24,25.37,65.88,0.96,0.54
2009-09-24,37.59,24.85,59.2,0.04,0.54
2009-09-25,34.66,26.76,63.01,0.21,0.54
2009-09-26,40.76,26.95,50.78,0.07,0.54
2009-09-27,38.16,26.77,52.07,0.17,0.53
2009-09-28,35.55,26.34,55.55,0.04,0.53
2009-09-29,38.69,26.73,51.55,0.02,0.53
2009-09-30,38.93,26.93,51.88,0.0,0.53
2009-10-01,40.28,25.86,46.81,0.46,0.53
2009-10-02,40.13,27.64,49.66,3.13,0.53
2009-10-03,36.42,26.1,62.85,4.6,0.53
2009-10-04,33.54,24.81,73.81,3.39,0.54
2009-10-05,34.91,24.95,71.46,1.0,0.54
2009-10-06,33.62,25.51,73.59,1.69,0.54
2009-10-07,36.41,25.74,67.96,2.16,0.54
2009-10-08,37.07,25.29,69.59,6.02,0.54
2009-10-09,37.15,24.07,67.09,2.98,0.55
2009-10-10,36.21,24.49,67.46,0.84,0.55
2009-10-11,37.24,25.19,62.35,0.14,0.54
2009-10-12,37.91,24.42,59.74,0.03,0.54
2009-10-13,37.28,24.82,58.99,0.13,0.54
2009-10-14,34.21,26.11,64.71,0.61,0.53
2009-10-15,36.06,24.93,61.99,0.97,0.53
2009-10-16,33.95,25.29,69.27,5.29,0.54
2009-10-17,35.33,24.53,69.52,1.06,0.54
2009-10-18,36.64,24.61,62.56,0.19,0.54
2009-10-19,37.25,25.29,56.45,0.02,0.54
2009-10-20,37.19,25.36,53.32,0.01,0.53
2009-10-21,36.26,26.09,53.34,0.01,0.53
2009-10-22,37.07,26.45,55.51,0.26,0.53
2009-10-23,37.72,25.71,55.6,0.11,0.53
2009-10-24,36.3,25.01,59.16,0.19,0.53
2009-10-25,36.56,24.85,54.57,0.0,0.53
2009-10-26,36.45,26.17,45.45,0.0,0.53
2009-10-27,37.94,25.02,44.24,0.0,0.53
2009-10-28,38.6,25.5,48.65,0.0,0.53
2009-10-29,38.91,25.38,46.83,0.0,0.53
2009-10-30,39.26,25.01,43.33,0.0,0.52
2009-10-31,38.52,24.38,39.86,0.0,0.52
2009-11-01,38.77,22.57,36.85,0.0,0.52
2009-11-02,37.01,22.69,38.09,0.0,0.52
2009-11-03,33.91,22.01,35.01,0.0,0.52
2009-11-04,35.75,21.36,37.38,0.0,0.52
2009-11-05,34.55,24.21,39.96,0.0,0.52
2009-11-06,37.06,24.08,40.55,0.0,0.52
2009-11-07,35.06,23.74,42.95,0.0,0.52
2009-11-08,36.89,22.63,43.04,0.0,0.52
2009-11-09,36.67,24.59,38.08,0.0,0.52
2009-11-10,35.71,22.76,39.9,0.0,0.52
2009-11-11,35.31,22.38,38.65,0.0,0.52
2009-11-12,36.45,21.69,38.75,0.0,0.52
2009-11-13,36.44,22.31,37.71,0.0,0.52
2009-11-14,36.95,22.74,41.82,0.23,0.52
2009-11-15,35.25,22.94,55.43,1.12,0.52
2009-11-16,36.65,23.06,56.13,0.86,0.52
2009-11-17,36.44,23.98,52.63,2.21,0.52
2009-11-18,34.23,20.67,69.14,8.8,0.53
2009-11-19,32.29,21.09,71.7,1.17,0.54
2009-11-20,32.31,20.67,66.33,0.24,0.54
2009-11-21,30.3,21.05,70.09,0.36,0.53
2009-11-22,31.95,19.45,60.7,0.0,0.53
2009-11-23,32.25,17.71,49.56,0.0,0.53
2009-11-24,30.52,14.69,52.11,0.0,0.53
2009-11-25,31.14,17.56,45.16,0.0,0.53
2009-11-26,30.98,18.21,45.31,0.0,0.53
2009-11-27,30.84,17.94,48.81,0.0,0.53
2009-11-28,31.29,16.28,47.62,0.0,0.53
2009-11-29,31.06,16.21,45.58,0.0,0.53
2009-11-30,32.13,16.73,44.4,0.0,0.53
2009-12-01,32.35,17.07,40.65,0.0,0.52
2009-12-02,31.74,16.67,43.75,0.0,0.52
2009-12-03,31.6,16.66,45.58,0.0,0.52
2009-12-04,31.07,17.07,46.94,0.0,0.52
2009-12-05,31.17,17.45,44.85,0.0,0.52
2009-12-06,31.0,18.19,46.04,0.0,0.52
2009-12-07,30.3,15.37,46.98,0.0,0.52
2009-12-08,30.59,16.37,44.78,0.0,0.52
2009-12-09,30.35,16.95,47.98,0.0,0.52
2009-12-10,29.61,15.09,50.06,0.0,0.52
2009-12-11,29.72,14.74,42.09,0.0,0.52
2009-12-12,30.7,14.5,42.18,0.0,0.52
2009-12-13,31.25,15.54,40.5,0.0,0.52
2009-12-14,31.22,16.73,37.53,0.0,0.52
2009-12-15,30.42,14.64,41.6,0.0,0.52
2009-12-16,31.7,14.99,39.54,0.0,0.52
2009-12-17,31.37,15.79,37.66,0.0,0.52
2009-12-18,31.8,15.6,39.95,0.0,0.52
2009-12-19,31.99,16.68,38.02,0.0,0.52
2009-12-20,30.96,15.78,45.76,0.0,0.52
2009-12-21,30.6,15.56,45.53,0.0,0.52
2009-12-22,29.96,14.66,39.71,0.0,0.52
2009-12-23,28.41,15.44,40.08,0.0,0.52
2009-12-24,27.42,13.66,44.65,0.0,0.52
2009-12-25,28.4,13.05,42.79,0.0,0.52
2009-12-26,27.97,12.57,38.94,0.0,0.52
2009-12-27,27.8,12.07,39.86,0.0,0.52
2009-12-28,27.59,12.04,36.56,0.0,0.52
2009-12-29,27.57,11.32,35.79,0.0,0.52
2009-12-30,27.97,11.24,35.22,0.0,0.52
2009-12-31,29.41,12.03,31.53,0.0,0.52
2010-01-01,28.28,13.29,41.04,0.0,0.52
2010-01-02,28.39,12.44,44.98,0.0,0.52
2010-01-03,29.21,11.86,36.31,0.0,0.52
2010-01-04,29.7,11.69,27.04,0.0,0.52
2010-01-05,29.4,12.18,29.03,0.0,0.52
2010-01-06,30.3,12.78,36.63,0.0,0.52
2010-01-07,30.54,13.4,40.48,0.01,0.52
2010-01-08,31.16,13.54,38.15,0.0,0.52
2010-01-09,31.33,14.52,34.63,0.0,0.52
2010-01-10,30.83,13.92,39.03,0.0,0.52
2010-01-11,31.26,14.76,38.57,0.0,0.52
2010-01-12,31.09,14.34,38.61,0.0,0.52
2010-01-13,31.8,14.79,35.26,0.0,0.52
2010-01-14,31.99,15.65,32.14,0.0,0.52
2010-01-15,31.87,16.13,35.17,0.0,0.52
2010-01-16,31.21,14.68,36.78,0.0,0.52
2010-01-17,31.45,15.02,36.46,0.0,0.52
2010-01-18,32.24,15.08,35.73,0.0,0.52
2010-01-19,30.91,18.16,37.34,0.0,0.52
2010-01-20,31.92,15.88,39.95,0.0,0.52
2010-01-21,31.75,15.33,33.6,0.0,0.52
2010-01-22,32.19,14.56,30.51,0.0,0.52
2010-01-23,32.78,14.66,26.64,0.0,0.52
2010-01-24,32.53,13.93,23.66,0.0,0.52
2010-01-25,32.16,13.62,31.0,1.75,0.52
2010-01-26,32.5,18.53,38.69,1.33,0.52
2010-01-27,30.85,15.57,38.81,0.0,0.52
2010-01-28,31.07,14.41,36.03,0.0,0.52
2010-01-29,31.71,15.37,30.31,0.0,0.52
2010-01-30,30.1,13.75,30.3,0.0,0.52
2010-01-31,29.76,14.15,29.24,0.0,0.52
2010-02-01,28.85,14.63,29.66,0.0,0.52
2010-02-02,30.49,14.6,28.2,0.0,0.52
2010-02-03,31.24,13.89,25.69,0.0,0.52
2010-02-04,30.34,12.51,25.79,0.0,0.52
2010-02-05,29.5,14.98,25.1,0.0,0.52
2010-02-06,30.43,12.94,25.14,0.0,0.52
2010-02-07,30.49,11.47,25.32,0.0,0.52
2010-02-08,32.46,13.56,20.11,0.0,0.52
2010-02-09,31.89,14.25,21.89,0.0,0.52
2010-02-10,33.35,14.69,21.18,0.0,0.52
2010-02-11,32.81,15.75,22.09,0.0,0.52
2010-02-12,32.99,16.3,28.14,0.0,0.52
2010-02-13,33.09,15.69,28.32,0.0,0.52
2010-02-14,33.95,17.51,27.48,0.0,0.52
2010-02-15,33.12,16.74,31.9,0.0,0.52
2010-02-16,32.37,18.46,33.43,0.0,0.52
2010-02-17,35.5,19.22,31.3,0.12,0.52
2010-02-18,34.78,20.38,39.29,0.0,0.52
2010-02-19,32.5,22.1,33.65,0.0,0.52
2010-02-20,33.17,17.71,23.69,0.0,0.52
2010-02-21,32.38,16.45,20.98,0.0,0.52
2010-02-22,33.12,15.6,23.44,0.0,0.52
2010-02-23,33.36,17.28,22.5,0.0,0.52
2010-02-24,32.95,15.87,29.8,0.78,0.52
2010-02-25,33.98,17.29,32.16,0.53,0.52
2010-02-26,34.41,18.61,37.06,0.0,0.52
2010-02-27,34.06,19.94,34.49,0.0,0.52
2010-02-28,34.51,19.36,31.73,0.0,0.52
2010-03-01,35.11,18.88,30.26,0.0,0.52
2010-03-02,36.39,18.47,28.46,0.0,0.52
2010-03-03,36.69,19.26,30.66,0.0,0.52
2010-03-04,36.43,18.99,33.65,0.3,0.52
2010-03-05,36.29,19.95,38.13,0.79,0.52
2010-03-06,37.73,21.91,39.53,0.33,0.52
2010-03-07,37.39,22.49,40.26,0.34,0.52
2010-03-08,37.47,21.8,34.6,0.0,0.52
2010-03-09,37.9,22.66,30.8,0.0,0.52
2010-03-10,37.91,21.94,27.58,0.0,0.52
2010-03-11,35.65,20.57,27.24,0.0,0.52
2010-03-12,36.29,20.06,22.35,0.0,0.52
2010-03-13,35.57,18.59,22.35,0.0,0.52
2010-03-14,35.58,19.55,21.72,0.0,0.52
2010-03-15,34.95,19.71,24.79,0.1,0.52
2010-03-16,33.86,21.42,29.58,0.0,0.52
2010-03-17,36.91,20.22,29.56,0.0,0.52
2010-03-18,37.87,22.47,25.11,0.0,0.52
2010-03-19,38.3,22.15,24.33,0.0,0.52
2010-03-20,39.02,22.76,23.43,0.0,0.52
2010-03-21,39.3,23.12,23.29,0.0,0.52
2010-03-22,39.36,22.42,26.09,0.0,0.52
2010-03-23,38.34,21.51,32.63,0.0,0.52
2010-03-24,38.95,21.54,34.15,0.0,0.52
2010-03-25,39.58,22.67,30.14,0.0,0.52
2010-03-26,40.53,24.13,27.5,0.0,0.52
2010-03-27,39.59,23.22,32.57,0.76,0.52
2010-03-28,38.02,22.29,39.27,7.22,0.53
2010-03-29,39.12,23.02,45.26,1.12,0.53
2010-03-30,36.36,22.98,53.04,4.0,0.53
2010-03-31,35.05,22.36,60.08,5.08,0.54
2010-04-01,35.97,22.79,60.78,2.85,0.54
2010-04-02,37.98,22.91,55.68,1.22,0.54
2010-04-03,38.04,23.05,49.7,0.0,0.53
2010-04-04,40.38,24.13,40.83,0.0,0.53
2010-04-05,40.63,24.89,38.37,0.0,0.53
2010-04-06,39.36,26.38,37.14,0.0,0.53
2010-04-07,40.59,25.53,31.82,0.0,0.52
2010-04-08,40.99,24.23,30.36,0.0,0.52
2010-04-09,41.72,25.5,26.32,0.0,0.52
2010-04-10,40.28,24.81,28.68,0.0,0.52
2010-04-11,40.43,24.3,34.78,0.0,0.52
2010-04-12,40.67,25.64,31.08,0.0,0.52
2010-04-13,40.73,26.86,31.95,0.02,0.52
2010-04-14,40.02,26.03,36.29,0.11,0.52
2010-04-15,37.84,28.79,39.78,0.0,0.52
2010-04-16,39.94,27.67,40.54,0.07,0.52
2010-04-17,40.2,29.14,35.18,1.58,0.52
2010-04-18,41.16,25.83,33.98,1.16,0.52
2010-04-19,41.78,26.52,37.97,1.01,0.52
2010-04-20,42.58,25.37,44.38,0.62,0.52
2010-04-21,40.99,26.14,45.73,0.19,0.52
2010-04-22,40.97,26.7,41.75,0.19,0.52
2010-04-23,42.58,26.75,34.97,0.12,0.52
2010-04-24,40.68,27.67,35.16,2.41,0.53
2010-04-25,39.36,26.34,40.45,0.93,0.53
2010-04-26,37.64,27.15,44.77,0.2,0.53
2010-04-27,37.73,26.56,42.55,0.19,0.53
2010-04-28,38.59,24.82,38.27,0.06,0.52
2010-04-29,38.79,27.99,36.36,0.14,0.52
2010-04-30,39.79,27.82,38.58,0.04,0.52
2010-05-01,39.99,28.77,38.91,0.0,0.52
2010-05-02,38.99,30.45,37.53,0.22,0.52
2010-05-03,42.08,29.82,35.24,0.57,0.52
2010-05-04,38.3,29.65,37.0,0.12,0.52
2010-05-05,37.58,27.96,37.61,1.44,0.52
2010-05-06,40.66,27.95,38.6,0.38,0.52
2010-05-07,38.92,28.69,41.67,0.54,0.52
2010-05-08,39.17,28.92,40.9,0.22,0.52
2010-05-09,42.14,28.38,35.38,0.8,0.52
2010-05-10,42.28,29.08,33.59,0.73,0.52
2010-05-11,42.95,30.8,34.0,0.29,0.52
2010-05-12,43.38,29.79,35.66,0.71,0.52
2010-05-13,41.6,29.23,37.52,0.67,0.52
2010-05-14,41.67,30.64,38.97,0.72,0.52
2010-05-15,43.76,31.37,29.9,0.01,0.52
2010-05-16,42.73,30.6,33.47,0.56,0.52
2010-05-17,42.95,30.69,33.79,0.15,0.52
2010-05-18,41.39,32.04,34.84,0.35,0.52
2010-05-19,39.47,27.68,50.92,9.08,0.53
2010-05-20,36.57,25.92,63.57,5.53,0.54
2010-05-21,35.14,25.69,67.92,9.08,0.55
2010-05-22,32.88,25.3,70.28,4.11,0.56
2010-05-23,32.89,25.09,72.81,17.01,0.57
2010-05-24,32.18,24.22,75.02,2.63,0.58
2010-05-25,34.15,24.99,75.69,1.87,0.58
2010-05-26,35.47,25.18,71.88,4.37,0.58
2010-05-27,34.97,24.55,68.44,3.83,0.58
2010-05-28,34.73,23.92,67.66,2.42,0.58
2010-05-29,35.27,23.91,65.62,2.04,0.58
2010-05-30,36.49,24.7,63.98,2.36,0.58
2010-05-31,34.4,25.21,68.54,1.55,0.57
2010-06-01,39.01,25.19,58.02,1.09,0.57
2010-06-02,38.35,26.28,61.12,0.52,0.57
2010-06-03,38.17,27.2,58.84,0.98,0.56
2010-06-04,35.68,27.66,64.67,2.0,0.56
2010-06-05,37.78,26.13,59.68,2.23,0.56
2010-06-06,37.14,25.49,62.51,0.91,0.56
2010-06-07,37.39,25.96,61.33,0.66,0.55
2010-06-08,37.65,26.51,60.02,2.45,0.55
2010-06-09,37.92,26.92,62.33,2.03,0.55
2010-06-10,38.6,26.93,59.79,0.86,0.55
2010-06-11,37.96,27.04,62.27,2.09,0.54
2010-06-12,33.57,25.94,70.82,4.92,0.55
2010-06-13,34.2,25.73,75.09,8.71,0.55
2010-06-14,32.59,24.88,77.92,9.99,0.57
2010-06-15,33.99,25.2,72.96,2.24,0.58
2010-06-16,31.91,25.89,78.86,1.06,0.57
2010-06-17,32.34,25.28,76.46,2.71,0.57
2010-06-18,35.69,25.58,69.93,1.78,0.57
2010-06-19,36.76,25.3,67.44,2.01,0.57
2010-06-20,37.19,26.25,65.0,0.75,0.57
2010-06-21,34.83,26.28,69.27,0.6,0.56
2010-06-22,38.11,26.45,63.47,0.5,0.56
2010-06-23,37.11,26.58,64.75,0.5,0.55
2010-06-24,36.82,25.55,64.09,2.07,0.55
2010-06-25,34.76,25.64,71.43,2.84,0.55
2010-06-26,36.75,26.1,67.48,0.93,0.55
2010-06-27,35.37,26.49,68.03,0.48,0.55
2010-06-28,38.11,25.14,65.04,2.28,0.55
2010-06-29,38.28,25.65,61.99,0.92,0.55
2010-06-30,33.91,27.09,68.91,0.26,0.55
2010-07-01,34.31,24.99,66.28,1.33,0.54
2010-07-02,35.24,25.66,64.86,0.25,0.54
2010-07-03,36.71,25.41,65.43,1.09,0.54
2010-07-04,36.91,25.1,63.97,0.59,0.54
2010-07-05,37.2,25.64,61.09,0.27,0.54
2010-07-06,37.21,25.52,58.04,0.63,0.54
2010-07-07,38.97,26.3,55.64,0.53,0.54
2010-07-08,40.34,25.91,51.18,0.91,0.53
2010-07-09,39.8,26.57,55.57,1.6,0.53
2010-07-10,39.88,27.51,53.96,1.28,0.53
2010-07-11,35.11,27.34,67.31,3.03,0.54
2010-07-12,37.09,26.47,64.09,0.84,0.54
2010-07-13,33.44,26.54,66.96,0.29,0.54
2010-07-14,37.24,25.28,62.93,1.6,0.54
2010-07-15,39.6,27.33,56.31,0.03,0.54
2010-07-16,39.37,27.42,54.93,0.24,0.53
2010-07-17,37.47,28.4,60.02,0.8,0.53
2010-07-18,34.88,27.17,61.6,0.68,0.53
2010-07-19,36.74,26.72,61.33,0.73,0.53
2010-07-20,38.39,26.5,57.76,0.57,0.53
2010-07-21,34.24,26.13,67.07,1.82,0.53
2010-07-22,39.45,25.83,58.85,1.07,0.53
2010-07-23,37.76,26.64,58.4,0.78,0.53
2010-07-24,37.38,26.09,62.83,0.75,0.53
2010-07-25,34.59,26.42,64.27,0.72,0.53
2010-07-26,34.75,25.89,60.94,0.52,0.53
2010-07-27,37.57,26.48,56.82,0.4,0.53
2010-07-28,36.6,26.85,60.13,1.33,0.53
2010-07-29,32.66,25.91,70.29,1.63,0.53
2010-07-30,30.99,25.68,77.78,3.85,0.54
2010-07-31,34.93,24.8,68.16,0.36,0.54
2010-08-01,35.54,24.91,64.62,0.57,0.53
2010-08-02,38.66,25.67,59.36,0.34,0.53
2010-08-03,35.5,26.37,62.47,0.5,0.53
2010-08-04,33.34,25.26,67.1,0.53,0.53
2010-08-05,37.46,24.84,60.92,0.42,0.53
2010-08-06,36.21,26.31,59.82,0.56,0.53
2010-08-07,35.53,27.07,60.35,0.48,0.53
2010-08-08,39.55,26.69,54.1,0.22,0.53
2010-08-09,38.77,28.34,52.33,0.08,0.53
2010-08-10,36.68,27.53,61.82,3.53,0.53
2010-08-11,31.46,27.06,78.53,1.36,0.53
2010-08-12,35.66,25.76,65.23,2.05,0.53
2010-08-13,37.15,25.03,64.94,1.72,0.53
2010-08-14,35.75,26.01,66.32,0.73,0.53
2010-08-15,36.39,25.5,64.77,1.53,0.53
2010-08-16,34.3,25.64,67.16,1.59,0.53
2010-08-17,38.17,25.39,60.61,0.77,0.53
2010-08-18,35.74,25.7,64.2,1.6,0.53
2010-08-19,33.86,25.03,66.4,0.95,0.53
2010-08-20,39.18,25.18,57.8,3.76,0.53
2010-08-21,37.22,26.81,58.84,0.84,0.53
2010-08-22,38.22,27.13,56.57,0.13,0.53
2010-08-23,34.96,26.78,69.23,2.68,0.53
2010-08-24,39.24,25.91,58.85,0.87,0.53
2010-08-25,37.62,26.59,62.8,3.18,0.53
2010-08-26,37.77,25.74,59.96,0.79,0.53
2010-08-27,37.16,25.14,63.4,4.23,0.53
2010-08-28,33.42,25.78,70.7,1.23,0.54
2010-08-29,37.63,24.53,64.62,2.76,0.54
2010-08-30,37.21,25.45,67.05,1.79,0.54
2010-08-31,38.23,25.24,60.58,0.42,0.53
2010-09-01,38.59,26.44,57.12,0.31,0.53
2010-09-02,37.25,26.95,58.4,0.16,0.53
2010-09-03,37.72,27.61,61.12,2.34,0.53
2010-09-04,37.45,26.3,58.45,0.4,0.53
2010-09-05,39.19,26.66,58.09,0.83,0.53
2010-09-06,38.84,27.0,56.99,0.19,0.53
2010-09-07,38.52,26.82,58.23,0.73,0.53
2010-09-08,36.0,26.31,58.99,0.64,0.53
2010-09-09,36.34,26.14,67.94,2.13,0.53
2010-09-10,34.21,26.13,71.7,2.19,0.53
2010-09-11,33.35,26.24,68.78,0.81,0.53
2010-09-12,33.97,25.12,71.79,1.9,0.53
2010-09-13,34.66,25.03,69.03,1.3,0.53
2010-09-14,34.38,24.46,69.32,2.15,0.53
2010-09-15,36.63,24.37,64.28,1.06,0.53
2010-09-16,35.52,24.24,66.76,1.75,0.53
2010-09-17,33.11,25.29,70.04,0.55,0.53
2010-09-18,32.52,25.24,66.68,0.52,0.53
2010-09-19,32.52,25.58,71.25,2.13,0.53
2010-09-20,31.99,25.24,70.78,0.19,0.53
2010-09-21,34.61,25.02,63.95,0.08,0.53
2010-09-22,37.44,25.82,54.84,0.07,0.53
2010-09-23,36.23,27.16,59.54,1.44,0.53
2010-09-24,35.43,25.38,69.4,2.49,0.53
2010-09-25,36.42,24.51,67.06,2.88,0.53
2010-09-26,34.53,25.23,68.61,0.92,0.53
2010-09-27,36.27,25.47,62.3,0.47,0.53
2010-09-28,37.5,25.14,59.63,0.15,0.53
2010-09-29,30.93,25.93,72.78,0.68,0.53
2010-09-30,36.82,24.44,61.11,0.02,0.53
2010-10-01,36.89,25.86,55.42,0.0,0.53
2010-10-02,40.95,26.54,46.21,0.0,0.53
2010-10-03,35.63,28.75,52.14,0.0,0.53
2010-10-04,38.09,27.78,47.35,0.14,0.52
2010-10-05,36.14,26.76,59.57,5.65,0.53
2010-10-06,29.63,24.04,79.3,11.05,0.54
2010-10-07,29.5,23.15,84.27,15.5,0.56
2010-10-08,29.57,21.89,84.55,10.17,0.59
2010-10-09,31.34,24.61,81.97,2.7,0.59
2010-10-10,34.39,24.35,75.26,1.3,0.59
2010-10-11,35.59,24.36,71.15,0.71,0.58
2010-10-12,33.62,22.99,69.12,0.47,0.58
2010-10-13,32.37,24.35,76.46,2.31,0.58
2010-10-14,35.54,23.89,70.29,1.26,0.57
2010-10-15,33.67,24.23,72.33,0.61,0.57
2010-10-16,33.9,25.05,70.68,1.13,0.57
2010-10-17,35.69,23.73,64.53,0.05,0.57
2010-10-18,36.94,24.7,62.86,0.11,0.56
2010-10-19,34.62,26.05,65.48,0.78,0.56
2010-10-20,28.82,24.84,80.91,3.12,0.56
2010-10-21,32.28,23.26,76.5,0.46,0.56
2010-10-22,30.87,23.86,77.07,0.9,0.56
2010-10-23,31.21,24.02,80.88,2.71,0.56
2010-10-24,34.51,23.08,69.85,0.52,0.56
2010-10-25,34.82,22.93,66.42,0.01,0.56
2010-10-26,35.46,22.65,67.09,0.35,0.55
2010-10-27,35.52,23.55,67.55,1.62,0.55
2010-10-28,35.02,23.68,66.47,0.02,0.55
2010-10-29,34.49,23.89,64.09,0.22,0.55
2010-10-30,31.97,23.48,65.06,0.08,0.54
2010-10-31,32.78,22.06,61.93,2.63,0.54
2010-11-01,33.6,19.82,57.43,1.13,0.54
2010-11-02,34.2,20.45,55.37,0.27,0.54
2010-11-03,33.91,22.1,59.24,0.0,0.54
2010-11-04,34.27,22.58,54.66,0.0,0.54
2010-11-05,34.32,20.14,49.18,0.0,0.53
2010-11-06,34.9,20.5,47.65,0.0,0.53
2010-11-07,35.0,20.92,48.94,0.0,0.53
2010-11-08,35.2,19.83,47.19,0.0,0.53
2010-11-09,35.31,21.05,45.77,0.0,0.53
2010-11-10,33.35,21.21,50.03,0.0,0.53
2010-11-11,31.8,22.55,53.49,0.0,0.53
2010-11-12,32.81,21.22,50.47,0.0,0.53
2010-11-13,32.9,22.0,51.48,0.25,0.53
2010-11-14,34.24,21.17,50.3,0.01,0.53
2010-11-15,34.97,21.23,48.96,0.0,0.53
2010-11-16,34.64,22.37,49.06,0.0,0.52
2010-11-17,35.32,22.08,46.57,0.0,0.52
2010-11-18,35.49,20.59,40.91,0.0,0.52
2010-11-19,34.98,19.97,49.47,1.75,0.52
2010-11-20,33.75,19.12,58.47,1.14,0.53
2010-11-21,32.73,20.77,54.38,0.74,0.53
2010-11-22,33.22,20.97,53.83,0.0,0.53
2010-11-23,33.51,19.85,47.79,0.0,0.53
2010-11-24,33.75,19.05,46.99,0.0,0.52
2010-11-25,33.72,19.89,46.37,0.0,0.52
2010-11-26,34.65,20.36,44.57,0.0,0.52
2010-11-27,34.44,20.0,47.74,0.0,0.52
2010-11-28,34.49,21.11,49.02,0.0,0.52
2010-11-29,34.27,21.52,47.42,0.0,0.52
2010-11-30,33.98,20.55,46.12,0.0,0.52
2010-12-01,33.34,19.68,49.02,0.0,0.52
2010-12-02,33.04,19.24,47.45,0.0,0.52
2010-12-03,31.72,17.41,50.62,2.68,0.52
2010-12-04,32.63,17.74,47.76,0.0,0.53
2010-12-05,32.47,18.54,45.25,0.0,0.52
2010-12-06,32.91,19.42,42.43,0.0,0.52
2010-12-07,34.61,19.63,39.31,0.06,0.52
2010-12-08,34.84,19.36,51.27,3.32,0.52
2010-12-09,30.4,20.42,74.68,15.98,0.54
2010-12-10,26.2,20.57,91.12,15.36,0.57
2010-12-11,30.84,21.69,79.67,1.12,0.58
2010-12-12,29.24,18.96,69.2,0.01,0.58
2010-12-13,27.45,15.94,64.35,0.0,0.57
2010-12-14,27.0,13.33,65.62,0.0,0.57
2010-12-15,26.91,13.25,65.83,0.0,0.57
2010-12-16,27.41,12.59,63.09,0.0,0.56
2010-12-17,28.63,12.91,58.06,0.0,0.56
2010-12-18,29.42,13.34,60.7,0.0,0.56
2010-12-19,29.48,15.0,64.1,0.0,0.56
2010-12-20,28.87,14.79,63.88,0.0,0.55
2010-12-21,26.89,12.43,60.62,0.0,0.55
2010-12-22,27.0,11.59,54.99,0.0,0.55
2010-12-23,27.01,11.21,54.04,0.0,0.55
2010-12-24,28.04,11.45,54.84,0.0,0.55
2010-12-25,27.27,11.58,61.56,0.0,0.54
2010-12-26,27.09,11.38,58.03,0.0,0.54
2010-12-27,27.46,11.37,53.97,0.0,0.54
2010-12-28,27.65,11.73,52.82,0.0,0.54
2010-12-29,27.86,11.63,54.97,0.0,0.54
2010-12-30,28.89,11.61,54.59,0.0,0.54
2010-12-31,29.41,12.74,49.58,0.0,0.54
2011-01-01,30.59,14.14,46.71,0.0,0.53
2011-01-02,28.12,12.08,54.83,0.0,0.53
2011-01-03,27.8,13.55,62.18,0.0,0.53
2011-01-04,28.02,13.2,60.5,0.0,0.53
2011-01-05,29.37,13.68,53.92,0.0,0.53
2011-01-06,30.52,15.06,53.93,0.0,0.53
2011-01-07,32.3,17.83,47.95,0.01,0.53
2011-01-08,29.86,18.43,60.56,2.55,0.53
2011-01-09,30.17,18.43,70.2,2.27,0.53
2011-01-10,28.04,17.66,74.45,0.78,0.53
2011-01-11,26.24,17.71,70.14,0.06,0.53
2011-01-12,27.9,13.65,59.61,0.0,0.53
2011-01-13,27.95,12.97,58.16,0.0,0.53
2011-01-14,28.46,12.09,55.43,0.0,0.53
2011-01-15,28.84,12.5,51.45,0.0,0.53
2011-01-16,27.85,11.96,56.83,6.61,0.54
2011-01-17,26.37,12.0,66.35,1.09,0.54
2011-01-18,25.73,13.4,67.93,0.0,0.54
2011-01-19,26.41,12.03,63.85,0.0,0.54
2011-01-20,25.57,11.44,59.06,0.0,0.53
2011-01-21,25.32,10.4,55.72,0.0,0.53
2011-01-22,26.5,10.16,52.21,0.0,0.53
2011-01-23,27.51,10.79,53.9,0.0,0.53
2011-01-24,28.33,11.44,52.85,0.0,0.53
2011-01-25,29.68,11.6,49.96,0.0,0.53
2011-01-26,30.46,12.35,47.22,0.0,0.53
2011-01-27,31.72,13.5,44.5,0.0,0.53
2011-01-28,30.54,14.22,48.17,0.0,0.53
2011-01-29,30.88,13.36,47.64,0.0,0.53
2011-01-30,31.05,12.54,41.39,0.0,0.52
2011-01-31,32.12,12.85,39.06,0.03,0.52
2011-02-01,30.72,15.35,43.09,0.0,0.52
2011-02-02,30.47,14.74,43.85,0.0,0.52
2011-02-03,30.78,14.3,46.54,0.0,0.52
2011-02-04,31.48,14.21,40.95,0.0,0.52
2011-02-05,32.25,13.84,33.22,0.0,0.52
2011-02-06,32.58,14.05,31.04,0.0,0.52
2011-02-07,32.11,14.29,33.77,0.0,0.52
2011-02-08,32.36,14.98,38.45,0.0,0.52
2011-02-09,32.86,15.54,34.37,0.0,0.52
2011-02-10,32.57,15.39,32.96,0.0,0.52
2011-02-11,32.41,14.65,28.08,0.0,0.52
2011-02-12,32.27,13.55,24.91,0.0,0.52
2011-02-13,31.69,13.69,28.66,0.0,0.52
2011-02-14,33.5,14.75,27.61,0.0,0.52
2011-02-15,33.19,15.6,32.11,0.0,0.52
2011-02-16,34.69,16.83,29.25,0.0,0.52
2011-02-17,33.52,16.05,41.93,0.43,0.52
2011-02-18,32.41,18.83,37.73,0.0,0.52
2011-02-19,32.13,19.6,37.63,0.0,0.52
2011-02-20,32.4,16.74,36.24,0.0,0.52
2011-02-21,33.17,16.88,34.9,0.04,0.52
2011-02-22,33.32,18.68,38.78,0.0,0.52
2011-02-23,33.5,18.52,39.31,0.0,0.52
2011-02-24,34.16,17.38,32.43,0.0,0.52
2011-02-25,35.42,17.93,23.79,0.0,0.52
2011-02-26,35.15,15.56,22.8,0.0,0.52
2011-02-27,35.09,16.44,25.59,0.0,0.52
2011-02-28,35.18,18.71,29.62,0.0,0.52
2011-03-01,34.88,17.36,28.12,0.0,0.52
2011-03-02,36.33,17.36,25.2,0.0,0.52
2011-03-03,36.58,17.45,22.73,0.0,0.52
2011-03-04,36.94,18.23,23.23,0.0,0.52
2011-03-05,37.99,19.53,25.78,0.0,0.52
2011-03-06,37.67,20.54,27.88,0.0,0.52
2011-03-07,37.53,21.5,26.56,0.0,0.52
2011-03-08,38.28,17.9,16.37,0.0,0.52
2011-03-09,37.01,17.69,19.48,0.0,0.52
2011-03-10,37.48,20.2,21.33,0.01,0.52
2011-03-11,37.12,20.45,25.42,0.02,0.52
2011-03-12,36.8,19.74,28.69,0.07,0.52
2011-03-13,35.81,21.94,34.51,0.0,0.52
2011-03-14,36.36,20.83,28.77,0.0,0.52
2011-03-15,37.02,20.75,33.55,1.33,0.52
2011-03-16,27.83,21.36,58.69,1.24,0.52
2011-03-17,32.46,19.17,47.75,0.12,0.52
2011-03-18,33.68,19.37,45.48,0.0,0.52
2011-03-19,36.4,19.45,43.24,0.0,0.52
2011-03-20,37.35,18.71,39.61,0.0,0.52
2011-03-21,37.68,19.2,41.78,0.0,0.52
2011-03-22,38.18,21.39,38.08,0.0,0.52
2011-03-23,38.49,22.07,32.41,0.0,0.52
2011-03-24,38.71,22.18,29.62,0.14,0.52
2011-03-25,38.23,22.39,33.66,0.97,0.52
2011-03-26,36.47,21.2,46.39,2.84,0.52
2011-03-27,34.41,23.29,46.49,0.0,0.53
2011-03-28,31.31,21.79,59.72,2.12,0.53
2011-03-29,30.81,20.04,63.94,1.66,0.53
2011-03-30,32.15,20.38,61.61,3.84,0.53
2011-03-31,33.52,21.13,61.63,9.87,0.54
2011-04-01,33.78,20.41,61.33,0.31,0.55
2011-04-02,33.69,22.98,55.7,0.0,0.54
2011-04-03,36.28,20.01,48.04,0.0,0.54
2011-04-04,37.55,21.63,41.58,0.0,0.53
2011-04-05,38.21,22.89,38.95,0.0,0.53
2011-04-06,37.42,23.84,41.09,0.15,0.53
2011-04-07,38.23,24.39,34.65,0.0,0.53
2011-04-08,37.99,22.49,31.58,0.0,0.53
2011-04-09,38.93,23.43,32.22,0.29,0.52
2011-04-10,40.03,24.51,33.13,0.0,0.52
2011-04-11,39.25,27.35,33.05,0.0,0.52
2011-04-12,39.88,26.32,32.41,0.0,0.52
2011-04-13,39.84,26.65,30.88,0.01,0.52
2011-04-14,38.48,27.66,35.77,0.13,0.52
2011-04-15,35.09,27.21,42.01,0.0,0.52
2011-04-16,37.2,26.86,39.81,0.0,0.52
2011-04-17,39.38,27.07,33.87,0.0,0.52
2011-04-18,39.33,28.08,33.45,0.26,0.52
2011-04-19,40.63,28.71,32.73,0.84,0.52
2011-04-20,37.31,26.15,41.62,0.72,0.52
2011-04-21,37.85,27.06,38.63,0.03,0.52
2011-04-22,37.52,28.44,39.54,0.01,0.52
2011-04-23,33.94,25.77,53.4,0.93,0.52
2011-04-24,35.08,24.18,44.26,0.05,0.52
2011-04-25,32.52,24.95,48.55,1.06,0.52
2011-04-26,34.01,23.85,55.73,3.31,0.53
2011-04-27,35.32,23.94,58.03,2.46,0.53
2011-04-28,34.88,23.1,59.99,3.02,0.53
2011-04-29,36.2,23.04,57.16,0.15,0.53
2011-04-30,36.88,24.18,55.77,2.04,0.53
2011-05-01,38.1,23.89,52.36,0.59,0.53
2011-05-02,36.67,25.17,54.43,2.42,0.53
2011-05-03,38.63,24.92,52.13,2.36,0.53
2011-05-04,38.1,24.85,53.18,1.2,0.53
2011-05-05,35.59,25.77,55.91,3.3,0.53
2011-05-06,36.65,25.66,52.86,0.05,0.53
2011-05-07,38.46,26.24,44.72,1.01,0.53
2011-05-08,39.38,26.99,45.36,0.0,0.53
2011-05-09,39.15,27.55,43.69,0.31,0.53
2011-05-10,41.11,28.15,39.62,1.0,0.53
2011-05-11,40.2,26.74,44.29,2.94,0.53
2011-05-12,40.22,27.67,40.84,0.01,0.53
2011-05-13,41.59,27.23,39.11,1.26,0.53
2011-05-14,41.79,28.16,40.41,0.5,0.53
2011-05-15,40.44,28.52,43.68,1.35,0.53
2011-05-16,38.69,28.13,47.17,0.91,0.53
2011-05-17,37.1,28.43,49.38,1.53,0.53
2011-05-18,35.74,26.57,54.83,2.86,0.53
2011-05-19,33.17,26.21,64.47,1.12,0.53
2011-05-20,33.14,25.61,65.68,5.58,0.54
2011-05-21,34.81,24.87,71.06,7.69,0.54
2011-05-22,34.22,25.25,71.47,3.9,0.55
2011-05-23,34.53,25.18,69.7,2.96,0.55
2011-05-24,36.15,25.85,64.89,0.41,0.55
2011-05-25,34.97,26.86,66.53,1.84,0.55
2011-05-26,35.1,25.95,61.87,0.25,0.54
2011-05-27,33.22,25.72,68.06,0.25,0.54
2011-05-28,32.31,24.77,73.02,1.23,0.54
2011-05-29,36.31,25.13,65.73,3.96,0.54
2011-05-30,34.84,24.88,67.63,2.41,0.54
2011-05-31,36.73,25.54,62.02,2.0,0.54
2011-06-01,38.0,24.92,57.89,0.06,0.54
2011-06-02,39.57,26.05,53.41,0.75,0.54
2011-06-03,36.92,27.19,59.53,0.6,0.53
2011-06-04,38.75,27.23,58.51,0.54,0.53
2011-06-05,36.7,27.47,60.34,1.41,0.53
2011-06-06,38.06,26.68,63.52,0.53,0.53
2011-06-07,34.82,26.63,68.49,2.62,0.53
2011-06-08,34.23,25.88,67.35,1.05,0.53
2011-06-09,36.25,26.13,63.28,1.58,0.53
2011-06-10,36.31,26.01,63.81,2.63,0.53
2011-06-11,38.29,26.61,54.76,0.33,0.53
2011-06-12,37.69,26.53,55.19,2.79,0.53
2011-06-13,35.69,26.95,62.25,1.37,0.53
2011-06-14,36.67,26.1,59.46,0.67,0.53
2011-06-15,38.26,26.41,61.14,1.42,0.53
2011-06-16,35.4,26.47,64.57,4.85,0.54
2011-06-17,35.38,25.83,66.66,3.04,0.54
2011-06-18,36.33,25.37,66.94,3.75,0.54
2011-06-19,37.4,25.63,61.26,0.02,0.54
2011-06-20,37.65,26.49,59.1,0.77,0.53
2011-06-21,38.46,26.25,56.3,0.38,0.53
2011-06-22,39.48,26.21,54.61,0.16,0.53
2011-06-23,38.7,27.27,54.24,1.08,0.53
2011-06-24,33.06,27.52,69.27,1.62,0.53
2011-06-25,38.56,27.18,60.31,0.76,0.53
2011-06-26,36.89,27.42,63.55,3.97,0.53
2011-06-27,36.72,25.69,64.71,2.98,0.54
2011-06-28,33.96,24.78,70.15,3.44,0.54
2011-06-29,35.29,24.3,67.7,1.33,0.54
2011-06-30,32.93,24.76,75.83,3.13,0.54
2011-07-01,36.26,24.13,68.16,2.31,0.54
2011-07-02,35.26,25.34,67.75,0.4,0.54
2011-07-03,32.78,24.88,69.51,0.46,0.54
2011-07-04,34.52,24.62,63.6,0.45,0.54
2011-07-05,37.39,24.53,58.67,0.29,0.53
2011-07-06,37.6,24.67,57.62,0.1,0.53
2011-07-07,39.18,25.06,53.63,0.27,0.53
2011-07-08,40.07,25.61,47.47,0.12,0.53
2011-07-09,39.09,27.84,49.93,0.59,0.53
2011-07-10,38.58,27.36,53.18,0.18,0.53
2011-07-11,35.44,28.39,60.59,0.25,0.53
2011-07-12,38.78,25.98,55.68,0.14,0.53
2011-07-13,36.49,27.05,59.71,0.47,0.53
2011-07-14,38.97,26.61,56.79,1.43,0.53
2011-07-15,36.47,26.12,63.29,1.09,0.53
2011-07-16,36.39,25.94,60.54,0.51,0.53
2011-07-17,35.26,25.89,64.71,0.97,0.53
2011-07-18,36.72,25.9,64.19,4.73,0.53
2011-07-19,30.35,25.84,78.67,4.92,0.54
2011-07-20,31.71,25.39,78.24,3.75,0.55
2011-07-21,31.5,25.12,75.04,1.77,0.55
2011-07-22,33.93,24.59,70.43,1.05,0.54
2011-07-23,37.92,24.66,61.4,0.01,0.54
2011-07-24,37.65,25.83,58.19,0.35,0.54
2011-07-25,35.74,26.04,59.33,0.28,0.53
2011-07-26,37.31,26.33,59.85,0.52,0.53
2011-07-27,37.18,27.03,60.78,0.56,0.53
2011-07-28,35.17,27.16,61.45,0.02,0.53
2011-07-29,40.79,26.21,55.46,0.26,0.53
2011-07-30,39.35,26.92,56.13,0.91,0.53
2011-07-31,40.65,27.61,53.93,2.63,0.53
2011-08-01,38.7,26.85,62.23,4.35,0.54
2011-08-02,36.12,25.74,64.39,1.09,0.54
2011-08-03,36.33,25.98,66.97,2.7,0.54
2011-08-04,36.26,25.6,71.05,5.55,0.54
2011-08-05,35.76,25.35,71.59,3.8,0.54
2011-08-06,36.02,25.15,74.16,6.43,0.55
2011-08-07,34.03,25.41,75.26,3.62,0.55
2011-08-08,32.68,24.82,79.06,9.84,0.56
2011-08-09,33.25,24.36,78.92,6.7,0.57
2011-08-10,31.69,24.1,79.31,1.05,0.57
2011-08-11,34.94,24.61,71.09,0.32,0.57
2011-08-12,32.51,25.23,71.86,0.88,0.56
2011-08-13,31.58,24.68,76.47,1.47,0.56
2011-08-14,32.44,24.97,71.64,0.47,0.56
2011-08-15,32.12,25.54,73.02,0.66,0.56
2011-08-16,29.66,25.0,82.29,2.76,0.56
2011-08-17,30.47,24.06,76.28,0.58,0.56
2011-08-18,33.45,23.48,68.36,0.04,0.56
2011-08-19,36.68,23.54,63.62,0.18,0.55
2011-08-20,34.8,26.07,67.78,0.85,0.55
2011-08-21,34.23,24.82,72.16,2.37,0.55
2011-08-22,35.5,24.49,71.24,2.51,0.55
2011-08-23,37.51,24.5,65.76,1.5,0.55
2011-08-24,34.47,25.59,67.87,0.69,0.55
2011-08-25,32.69,25.07,73.0,0.35,0.54
2011-08-26,30.84,25.32,77.12,0.79,0.54
2011-08-27,30.78,25.05,74.88,0.31,0.54
2011-08-28,30.82,24.52,76.2,0.55,0.54
2011-08-29,35.4,24.48,66.3,0.32,0.54
2011-08-30,35.89,26.08,64.44,0.95,0.54
2011-08-31,32.97,25.61,72.95,2.21,0.54
2011-09-01,36.32,24.62,68.82,1.15,0.54
2011-09-02,37.29,24.54,63.98,0.79,0.54
2011-09-03,37.53,24.52,60.86,0.03,0.54
2011-09-04,38.2,25.15,59.33,1.05,0.54
2011-09-05,33.11,26.36,71.27,1.68,0.54
2011-09-06,33.23,25.15,75.24,5.47,0.54
2011-09-07,30.95,24.32,81.47,5.57,0.55
2011-09-08,33.8,23.31,74.27,2.32,0.55
2011-09-09,35.31,24.2,70.89,1.03,0.55
2011-09-10,35.35,24.76,67.24,0.38,0.55
2011-09-11,38.83,25.42,59.8,2.64,0.54
2011-09-12,39.87,27.45,53.46,0.47,0.54
2011-09-13,36.3,26.42,61.02,1.18,0.54
2011-09-14,31.94,25.37,78.31,5.12,0.54
2011-09-15,32.74,24.73,79.57,9.73,0.55
2011-09-16,34.27,24.4,76.35,2.76,0.56
2011-09-17,35.83,24.4,70.41,1.44,0.56
2011-09-18,38.04,24.21,64.66,0.06,0.55
2011-09-19,36.98,25.84,68.12,0.82,0.55
2011-09-20,34.99,25.26,70.79,1.48,0.55
2011-09-21,36.05,24.88,73.0,0.45,0.55
2011-09-22,32.61,24.89,73.24,0.92,0.54
2011-09-23,35.87,24.07,67.2,1.16,0.54
2011-09-24,37.45,23.55,63.19,1.46,0.54
2011-09-25,37.51,24.28,57.19,0.37,0.54
2011-09-26,38.41,24.24,57.45,0.24,0.54
2011-09-27,38.75,25.7,56.49,0.4,0.54
2011-09-28,35.26,26.83,61.71,0.43,0.53
2011-09-29,33.89,26.13,71.36,2.13,0.54
2011-09-30,36.01,25.22,64.0,0.29,0.54
2011-10-01,31.48,25.87,73.7,3.73,0.54
2011-10-02,29.6,24.65,79.44,1.63,0.54
2011-10-03,30.97,24.09,75.82,0.17,0.54
2011-10-04,34.0,24.32,65.72,0.0,0.54
2011-10-05,36.08,23.88,58.25,0.48,0.54
2011-10-06,33.77,24.82,62.27,0.04,0.54
2011-10-07,33.68,25.06,62.81,0.71,0.53
2011-10-08,33.51,25.51,61.08,0.05,0.53
2011-10-09,36.97,24.98,55.87,0.23,0.53
2011-10-10,38.29,25.59,52.94,0.0,0.53
2011-10-11,40.11,26.43,45.62,0.0,0.53
2011-10-12,40.35,26.41,42.71,0.0,0.53
2011-10-13,40.36,26.65,43.93,0.0,0.53
2011-10-14,40.24,26.19,47.38,0.0,0.53
2011-10-15,37.88,26.89,51.54,0.38,0.53
2011-10-16,36.98,26.99,58.77,0.98,0.53
2011-10-17,32.36,24.62,70.4,3.13,0.53
2011-10-18,30.49,23.72,80.47,4.82,0.53
2011-10-19,28.08,22.75,83.06,1.66,0.54
2011-10-20,29.26,23.12,77.97,0.41,0.54
2011-10-21,33.33,22.4,73.88,2.29,0.54
2011-10-22,34.94,22.03,69.37,4.25,0.54
2011-10-23,34.06,22.44,66.69,0.11,0.54
2011-10-24,35.9,22.86,57.94,0.0,0.54
2011-10-25,35.7,23.76,56.47,0.15,0.54
2011-10-26,34.75,24.56,58.07,0.23,0.53
2011-10-27,35.97,24.55,56.53,0.16,0.53
2011-10-28,34.02,23.8,56.04,0.0,0.53
2011-10-29,34.82,22.34,47.35,0.24,0.53
2011-10-30,34.92,22.01,51.61,0.45,0.53
2011-10-31,34.8,22.03,52.76,0.0,0.53
2011-11-01,35.34,21.48,45.83,0.0,0.53
2011-11-02,34.77,19.03,42.4,0.09,0.53
2011-11-03,34.33,18.73,43.87,0.28,0.53
2011-11-04,34.13,19.72,40.09,0.0,0.53
2011-11-05,34.18,20.31,43.07,0.0,0.52
2011-11-06,33.34,21.38,45.68,0.0,0.52
2011-11-07,33.45,22.1,43.37,0.01,0.52
2011-11-08,33.9,19.87,42.99,0.0,0.52
2011-11-09,34.45,19.75,43.18,0.01,0.52
2011-11-10,33.93,19.3,44.36,0.0,0.52
2011-11-11,34.23,18.56,41.65,0.0,0.52
2011-11-12,33.96,18.69,51.27,0.0,0.52
2011-11-13,33.61,19.08,48.67,0.0,0.52
2011-11-14,33.68,20.79,44.33,0.0,0.52
2011-11-15,34.11,19.23,46.0,0.0,0.52
2011-11-16,33.67,16.34,39.33,0.0,0.52
2011-11-17,32.82,16.22,36.67,0.0,0.52
2011-11-18,32.11,16.83,45.67,0.0,0.52
2011-11-19,32.2,17.9,46.64,0.0,0.52
2011-11-20,33.42,17.45,42.01,0.0,0.52
2011-11-21,33.74,17.68,38.62,0.0,0.52
2011-11-22,33.7,17.91,41.99,0.0,0.52
2011-11-23,33.96,18.54,47.71,0.0,0.52
2011-11-24,34.66,21.25,46.53,0.0,0.52
2011-11-25,34.71,20.82,45.79,0.0,0.52
2011-11-26,33.77,18.47,40.21,0.0,0.52
2011-11-27,33.34,19.25,40.02,0.0,0.52
2011-11-28,33.05,19.41,43.31,0.0,0.52
2011-11-29,32.89,19.87,37.24,0.0,0.52
2011-11-30,32.79,16.98,36.28,0.01,0.52
2011-12-01,32.83,19.65,40.98,0.0,0.52
2011-12-02,33.01,18.53,42.93,0.0,0.52
2011-12-03,32.23,20.73,43.49,0.04,0.52
2011-12-04,31.46,17.62,49.09,0.25,0.52
2011-12-05,31.94,17.39,53.35,0.0,0.52
2011-12-06,30.96,19.11,58.14,0.0,0.52
2011-12-07,33.55,20.38,46.15,0.0,0.52
2011-12-08,33.38,20.87,47.57,0.0,0.52
2011-12-09,34.22,19.73,46.42,0.0,0.52
2011-12-10,33.9,18.16,39.28,0.01,0.52
2011-12-11,32.0,14.76,33.57,0.0,0.52
2011-12-12,29.61,14.17,40.57,0.0,0.52
2011-12-13,29.56,14.38,38.78,0.0,0.52
2011-12-14,28.87,14.43,47.36,0.0,0.52
2011-12-15,28.8,13.86,47.21,0.0,0.52
2011-12-16,29.98,13.67,41.88,0.0,0.52
2011-12-17,30.12,13.1,40.25,0.0,0.52
2011-12-18,30.1,13.05,41.53,0.0,0.52
2011-12-19,29.5,13.0,42.26,0.0,0.52
2011-12-20,29.66,13.34,41.93,0.0,0.52
2011-12-21,30.26,13.1,42.61,0.0,0.52
2011-12-22,30.51,13.63,42.89,0.0,0.52
2011-12-23,30.75,13.8,41.04,0.0,0.52
2011-12-24,30.23,15.49,39.0,0.0,0.52
2011-12-25,29.6,17.34,42.16,0.0,0.52
2011-12-26,28.98,19.86,56.73,0.03,0.52
2011-12-27,27.61,18.44,74.48,3.85,0.52
2011-12-28,26.36,19.77,78.5,1.16,0.53
2011-12-29,30.46,18.72,60.01,0.0,0.53
2011-12-30,31.87,18.32,55.1,0.0,0.53
2011-12-31,32.01,18.83,47.55,0.0,0.52
2012-01-01,32.53,18.46,46.24,0.01,0.52
2012-01-02,32.56,18.89,46.43,0.84,0.52
2012-01-03,31.94,17.83,52.96,0.53,0.52
2012-01-04,30.78,17.75,50.95,0.13,0.52
2012-01-05,29.4,17.04,50.35,0.0,0.52
2012-01-06,29.02,15.53,51.78,0.0,0.52
2012-01-07,29.81,15.51,48.72,0.01,0.52
2012-01-08,30.46,15.43,47.88,0.11,0.52
2012-01-09,30.99,15.53,52.3,0.49,0.52
2012-01-10,29.79,15.02,55.76,0.23,0.52
2012-01-11,30.22,15.23,48.1,0.0,0.52
2012-01-12,30.44,14.68,43.53,0.01,0.52
2012-01-13,30.49,13.77,43.04,0.07,0.52
2012-01-14,26.59,13.03,42.38,0.0,0.52
2012-01-15,27.18,12.57,38.91,0.0,0.52
2012-01-16,27.38,11.09,38.64,0.0,0.52
2012-01-17,28.62,11.36,38.99,0.0,0.52
2012-01-18,29.58,12.21,35.95,0.0,0.52
2012-01-19,28.53,11.98,37.13,0.0,0.52
2012-01-20,27.88,11.71,42.28,0.09,0.52
2012-01-21,29.62,12.31,40.02,0.0,0.52
2012-01-22,28.15,13.12,43.37,0.0,0.52
2012-01-23,29.93,11.88,37.05,0.0,0.52
2012-01-24,28.75,13.05,35.0,0.0,0.52
2012-01-25,28.51,12.66,33.05,0.0,0.52
2012-01-26,28.86,11.56,33.27,0.0,0.52
2012-01-27,29.17,12.16,36.67,0.0,0.52
2012-01-28,29.66,13.41,38.09,0.0,0.52
2012-01-29,29.41,12.73,35.33,0.0,0.52
2012-01-30,30.68,12.53,34.53,0.0,0.52
2012-01-31,31.29,13.96,34.35,0.0,0.52
2012-02-01,30.91,13.34,31.19,0.0,0.52
2012-02-02,30.45,14.74,28.02,0.0,0.52
2012-02-03,30.76,12.17,25.57,0.0,0.52
2012-02-04,31.0,12.43,24.38,0.0,0.52
2012-02-05,32.72,13.3,23.23,0.0,0.52
2012-02-06,32.3,13.94,26.78,0.0,0.52
2012-02-07,32.34,14.77,28.23,0.0,0.52
2012-02-08,33.63,14.45,28.83,0.0,0.52
2012-02-09,33.68,15.68,27.89,0.0,0.52
2012-02-10,33.17,15.93,36.23,0.0,0.52
2012-02-11,32.1,15.69,33.59,0.0,0.52
2012-02-12,31.16,14.28,22.37,0.0,0.52
2012-02-13,31.68,13.13,18.92,0.0,0.52
2012-02-14,33.5,13.92,20.88,0.0,0.52
2012-02-15,33.79,15.51,26.9,0.0,0.52
2012-02-16,34.34,16.2,32.32,0.0,0.52
2012-02-17,35.06,17.89,30.22,0.0,0.52
2012-02-18,34.65,17.82,30.89,0.0,0.52
2012-02-19,34.14,17.17,28.5,0.0,0.52
2012-02-20,32.92,15.86,25.46,0.0,0.52
2012-02-21,32.84,15.41,22.71,0.0,0.52
2012-02-22,33.51,15.55,26.66,0.0,0.52
2012-02-23,34.95,16.52,29.78,0.0,0.52
2012-02-24,35.01,17.26,28.75,0.0,0.52
2012-02-25,35.73,16.85,23.85,0.0,0.52
2012-02-26,35.59,16.45,18.51,0.0,0.52
2012-02-27,34.57,15.94,19.91,0.0,0.52
2012-02-28,34.89,15.5,21.8,0.13,0.52
2012-02-29,34.64,16.25,30.22,0.49,0.52
2012-03-01,34.35,20.01,41.03,0.54,0.52
2012-03-02,34.69,19.92,47.72,4.72,0.52
2012-03-03,29.33,19.6,63.84,5.25,0.53
2012-03-04,30.63,18.81,58.45,0.01,0.54
2012-03-05,30.95,17.3,51.51,1.43,0.54
2012-03-06,34.86,18.69,46.12,0.39,0.53
2012-03-07,35.8,18.5,42.45,0.0,0.53
2012-03-08,36.37,19.6,36.55,0.0,0.53
2012-03-09,35.04,19.48,38.17,0.0,0.53
2012-03-10,36.32,19.85,33.29,0.0,0.53
2012-03-11,37.56,19.54,34.23,0.0,0.52
2012-03-12,37.6,19.87,28.45,0.0,0.52
2012-03-13,36.97,19.34,21.54,0.09,0.52
2012-03-14,37.24,20.65,21.93,0.0,0.52
2012-03-15,35.92,19.68,26.48,0.0,0.52
2012-03-16,34.73,19.84,29.26,0.0,0.52
2012-03-17,34.24,18.52,21.17,0.0,0.52
2012-03-18,34.79,17.79,22.08,0.0,0.52
2012-03-19,35.5,18.62,27.5,0.0,0.52
2012-03-20,36.97,20.37,30.2,0.0,0.52
2012-03-21,37.88,22.06,38.72,0.0,0.52
2012-03-22,38.67,24.31,34.15,0.0,0.52
2012-03-23,38.44,23.71,31.25,0.0,0.52
2012-03-24,38.96,23.51,28.68,0.0,0.52
2012-03-25,38.85,21.5,22.17,0.0,0.52
2012-03-26,38.08,21.26,24.03,0.0,0.52
2012-03-27,38.93,21.43,27.08,0.0,0.52
2012-03-28,38.16,22.34,27.43,0.0,0.52
2012-03-29,38.57,22.05,28.87,0.12,0.52
2012-03-30,38.05,23.59,27.48,0.0,0.52
2012-03-31,35.15,25.33,27.18,0.0,0.52
2012-04-01,35.31,24.5,34.15,0.0,0.52
2012-04-02,38.5,24.83,35.24,0.0,0.52
2012-04-03,39.49,26.37,31.73,0.0,0.52
2012-04-04,39.2,25.2,38.31,1.26,0.52
2012-04-05,39.14,24.85,34.16,0.29,0.52
2012-04-06,37.14,24.54,44.21,2.83,0.52
2012-04-07,36.8,23.9,45.88,1.59,0.53
2012-04-08,36.46,23.27,53.5,6.07,0.53
2012-04-09,35.12,22.9,57.09,2.73,0.54
2012-04-10,33.59,21.57,60.29,4.8,0.54
2012-04-11,34.8,21.78,55.82,0.03,0.54
2012-04-12,37.91,22.42,48.35,0.86,0.53
2012-04-13,36.98,23.9,47.89,0.24,0.53
2012-04-14,38.16,24.02,43.01,0.0,0.53
2012-04-15,39.02,23.85,37.79,0.1,0.53
2012-04-16,39.04,24.79,36.58,0.06,0.53
2012-04-17,38.97,26.3,36.49,0.0,0.52
2012-04-18,39.47,26.01,35.62,0.0,0.52
2012-04-19,41.07,25.73,34.93,0.01,0.52
2012-04-20,40.13,25.73,35.0,0.24,0.52
2012-04-21,39.48,28.85,35.0,0.12,0.52
2012-04-22,42.01,27.54,33.41,0.37,0.52
2012-04-23,40.29,27.0,35.05,0.15,0.52
2012-04-24,40.22,27.66,36.1,0.27,0.52
2012-04-25,38.28,28.03,38.77,0.57,0.52
2012-04-26,41.24,27.58,36.74,0.97,0.52
2012-04-27,40.77,28.4,37.6,0.42,0.52
2012-04-28,40.5,27.41,40.64,5.82,0.53
2012-04-29,37.64,25.16,55.74,2.15,0.53
2012-04-30,39.53,24.32,56.49,6.64,0.53
2012-05-01,34.45,24.44,63.99,3.2,0.54
2012-05-02,38.48,24.67,54.51,0.11,0.54
2012-05-03,36.84,25.23,49.89,0.28,0.53
2012-05-04,35.72,25.66,48.83,0.14,0.53
2012-05-05,36.29,26.82,47.05,0.21,0.53
2012-05-06,37.07,24.74,45.02,0.05,0.53
2012-05-07,40.08,27.17,39.3,0.68,0.53
2012-05-08,40.86,27.83,37.81,0.02,0.53
2012-05-09,40.36,28.31,38.75,0.03,0.52
2012-05-10,40.28,29.29,39.62,0.02,0.52
2012-05-11,39.27,28.21,45.59,2.07,0.52
2012-05-12,39.79,27.46,49.6,3.69,0.53
2012-05-13,41.09,26.86,46.02,0.75,0.53
2012-05-14,41.06,27.11,44.96,1.17,0.53
2012-05-15,40.85,28.61,44.24,3.43,0.53
2012-05-16,40.11,27.03,45.48,0.08,0.53
2012-05-17,41.33,28.71,40.02,0.22,0.53
2012-05-18,42.34,28.59,34.82,0.01,0.53
2012-05-19,40.99,30.9,38.78,1.67,0.53
2012-05-20,41.7,29.5,37.47,0.06,0.53
2012-05-21,41.49,30.08,40.53,0.14,0.52
2012-05-22,42.15,30.44,38.72,0.03,0.52
2012-05-23,43.35,30.63,35.29,0.1,0.52
2012-05-24,42.5,30.42,39.08,0.86,0.52
2012-05-25,40.93,31.32,39.77,0.16,0.52
2012-05-26,40.57,30.91,43.69,0.36,0.52
2012-05-27,37.53,28.84,49.25,0.36,0.52
2012-05-28,40.08,29.92,44.1,0.14,0.52
2012-05-29,39.76,29.24,50.01,4.34,0.53
2012-05-30,38.17,27.33,61.02,2.59,0.53
2012-05-31,37.48,26.83,65.85,4.16,0.53
2012-06-01,34.86,26.32,66.52,1.84,0.54
2012-06-02,38.35,25.96,57.25,1.7,0.53
2012-06-03,38.78,27.09,57.67,1.68,0.53
2012-06-04,39.69,27.97,55.82,4.72,0.53
2012-06-05,38.65,26.89,59.27,0.42,0.53
2012-06-06,41.46,26.7,49.69,1.37,0.53
2012-06-07,41.32,29.3,47.44,1.23,0.53
2012-06-08,41.39,29.4,47.89,0.27,0.53
2012-06-09,37.89,28.87,56.34,2.92,0.53
2012-06-10,39.07,27.06,55.5,0.68,0.53
2012-06-11,38.82,27.85,54.35,0.34,0.53
2012-06-12,38.52,27.65,57.19,1.05,0.53
2012-06-13,34.33,27.4,71.88,6.13,0.53
2012-06-14,31.86,25.84,81.33,9.85,0.55
2012-06-15,34.46,24.97,74.58,5.77,0.56
2012-06-16,35.37,25.14,68.62,1.83,0.56
2012-06-17,33.67,25.18,69.1,0.08,0.55
2012-06-18,37.75,25.61,64.46,0.32,0.55
2012-06-19,36.38,26.47,64.83,0.65,0.55
2012-06-20,37.37,25.91,65.1,1.0,0.54
2012-06-21,35.61,26.12,68.1,1.91,0.54
2012-06-22,36.32,25.41,67.33,2.17,0.54
2012-06-23,32.5,25.49,69.79,2.81,0.54
2012-06-24,32.04,24.71,75.6,2.04,0.55
2012-06-25,33.53,25.12,69.29,0.77,0.54
2012-06-26,33.35,24.83,70.45,1.99,0.54
2012-06-27,37.39,25.21,57.42,0.11,0.54
2012-06-28,35.6,25.73,59.36,0.17,0.54
2012-06-29,38.13,25.56,59.33,0.39,0.54
2012-06-30,37.94,26.65,57.63,0.23,0.53
2012-07-01,37.45,26.25,58.5,0.85,0.53
2012-07-02,36.21,25.91,60.13,0.2,0.53
2012-07-03,36.79,25.85,60.82,0.4,0.53
2012-07-04,37.23,25.64,60.27,0.35,0.53
2012-07-05,37.06,25.68,62.08,1.83,0.53
2012-07-06,38.05,26.42,58.48,0.22,0.53
2012-07-07,38.18,26.34,60.06,0.49,0.53
2012-07-08,36.12,25.57,63.67,1.81,0.53
2012-07-09,36.59,24.12,61.62,1.16,0.53
2012-07-10,38.93,25.77,57.5,1.45,0.53
2012-07-11,38.0,26.16,59.33,2.29,0.53
2012-07-12,37.56,26.97,59.79,1.96,0.53
2012-07-13,37.62,27.78,59.5,1.15,0.53
2012-07-14,35.72,26.36,63.49,1.78,0.53
2012-07-15,37.32,25.29,61.78,2.09,0.53
2012-07-16,36.66,25.48,66.28,2.52,0.54
2012-07-17,35.71,25.03,70.66,3.09,0.54
2012-07-18,32.03,25.19,75.3,2.52,0.54
2012-07-19,37.52,25.21,69.35,0.26,0.54
2012-07-20,36.76,25.34,65.3,1.14,0.54
2012-07-21,36.95,25.2,63.26,0.95,0.54
2012-07-22,36.04,25.38,64.83,2.17,0.54
2012-07-23,34.24,25.36,70.79,2.88,0.54
2012-07-24,36.23,24.79,68.86,3.4,0.54
2012-07-25,37.19,25.49,62.57,0.66,0.54
2012-07-26,33.33,24.61,69.0,3.04,0.54
2012-07-27,34.28,23.59,70.83,3.44,0.54
2012-07-28,30.61,24.31,76.28,3.53,0.54
2012-07-29,29.91,23.79,79.31,1.93,0.55
2012-07-30,31.9,23.88,79.33,2.01,0.55
2012-07-31,36.28,24.8,69.33,1.65,0.55
2012-08-01,36.03,24.96,68.11,2.43,0.55
2012-08-02,35.07,25.45,67.0,0.29,0.54
2012-08-03,36.44,25.5,69.84,1.88,0.54
2012-08-04,32.28,25.54,77.46,2.29,0.54
2012-08-05,35.74,25.32,69.19,0.17,0.54
2012-08-06,35.38,24.91,69.2,1.28,0.54
2012-08-07,34.6,24.68,72.13,2.57,0.54
2012-08-08,37.08,25.03,65.97,1.26,0.54
2012-08-09,36.35,26.47,65.57,0.57,0.54
2012-08-10,36.5,26.24,64.66,1.01,0.54
2012-08-11,38.06,24.99,64.66,3.06,0.54
2012-08-12,36.11,25.25,71.25,3.88,0.54
2012-08-13,38.19,24.77,63.29,0.72,0.54
2012-08-14,36.69,26.11,60.8,0.03,0.54
2012-08-15,36.23,25.91,64.16,0.32,0.54
2012-08-16,34.34,25.94,68.75,0.53,0.54
2012-08-17,37.59,24.83,64.34,0.05,0.54
2012-08-18,38.21,24.73,60.94,0.52,0.53
2012-08-19,30.36,23.97,76.47,4.89,0.54
2012-08-20,32.91,23.24,73.52,1.92,0.54
2012-08-21,37.57,23.29,62.95,0.04,0.54
2012-08-22,37.75,25.55,58.94,0.33,0.54
2012-08-23,35.15,26.81,62.76,0.21,0.53
2012-08-24,36.61,26.54,65.18,0.46,0.53
2012-08-25,37.27,26.61,63.42,0.19,0.53
2012-08-26,37.85,27.03,60.52,0.55,0.53
2012-08-27,33.25,26.47,64.87,0.83,0.53
2012-08-28,37.88,26.46,61.39,0.28,0.53
2012-08-29,39.43,27.15,58.69,0.11,0.53
2012-08-30,38.36,26.65,58.74,0.51,0.53
2012-08-31,36.63,25.68,62.19,0.87,0.53
2012-09-01,37.3,26.26,59.84,0.33,0.53
2012-09-02,37.23,24.98,63.05,2.18,0.53
2012-09-03,35.36,25.69,68.32,2.38,0.53
2012-09-04,33.99,24.99,73.9,5.18,0.54
2012-09-05,31.12,24.24,75.91,1.69,0.54
2012-09-06,37.8,24.88,60.12,0.03,0.54
2012-09-07,37.53,27.37,55.2,0.38,0.54
2012-09-08,34.91,26.13,64.03,1.44,0.53
2012-09-09,32.23,25.43,73.35,1.32,0.53
2012-09-10,34.98,24.28,73.3,4.87,0.54
2012-09-11,36.72,24.58,68.73,1.18,0.54
2012-09-12,36.81,24.08,67.41,3.26,0.54
2012-09-13,35.51,24.62,70.83,2.53,0.54
2012-09-14,32.08,25.26,75.39,1.43,0.54
2012-09-15,31.31,25.04,75.85,0.77,0.54
2012-09-16,37.07,24.6,64.34,0.29,0.54
2012-09-17,36.88,25.33,63.86,0.21,0.53
2012-09-18,38.43,26.04,60.48,0.08,0.53
2012-09-19,39.54,26.24,58.65,0.32,0.53
2012-09-20,39.34,25.88,59.15,0.06,0.53
2012-09-21,40.11,25.63,56.23,0.27,0.53
2012-09-22,39.52,26.35,58.09,1.13,0.53
2012-09-23,39.47,25.97,58.5,1.95,0.53
2012-09-24,36.38,26.82,61.79,1.04,0.53
2012-09-25,35.44,25.64,70.46,2.41,0.53
2012-09-26,36.56,25.22,63.9,0.24,0.53
2012-09-27,34.43,26.38,64.18,0.19,0.53
2012-09-28,36.38,26.11,63.37,1.06,0.53
2012-09-29,36.09,25.64,64.07,0.24,0.53
2012-09-30,32.88,26.08,69.75,0.27,0.53
2012-10-01,32.98,26.39,68.74,0.58,0.53
2012-10-02,35.44,25.81,69.36,2.05,0.53
2012-10-03,35.62,24.71,69.42,2.02,0.53
2012-10-04,34.91,25.2,68.25,1.57,0.53
2012-10-05,36.25,24.33,65.76,0.74,0.53
2012-10-06,37.94,23.9,55.0,0.19,0.53
2012-10-07,36.78,24.45,55.98,0.34,0.53
2012-10-08,36.49,25.2,59.77,0.91,0.53
2012-10-09,37.04,25.58,61.42,2.66,0.53
2012-10-10,31.03,25.12,71.82,1.41,0.53
2012-10-11,33.66,22.98,73.05,4.95,0.54
2012-10-12,36.28,23.39,65.2,0.07,0.54
2012-10-13,35.44,24.83,65.26,0.69,0.53
2012-10-14,36.66,24.5,61.15,3.41,0.54
2012-10-15,35.97,24.06,62.92,0.21,0.53
2012-10-16,37.52,24.38,56.48,0.13,0.53
2012-10-17,37.26,25.18,53.95,0.03,0.53
2012-10-18,36.74,25.96,52.93,0.0,0.53
2012-10-19,37.64,25.44,53.61,0.0,0.53
2012-10-20,37.92,25.1,51.22,0.0,0.53
2012-10-21,38.76,25.32,47.29,0.0,0.53
2012-10-22,39.22,25.23,43.91,0.0,0.52
2012-10-23,38.74,24.13,43.07,0.0,0.52
2012-10-24,38.67,22.91,43.2,0.0,0.52
2012-10-25,37.75,20.84,46.59,0.0,0.52
2012-10-26,37.48,20.94,45.81,0.03,0.52
2012-10-27,37.17,23.42,43.62,0.27,0.52
2012-10-28,35.4,25.25,46.65,0.0,0.52
2012-10-29,36.05,26.6,49.47,0.0,0.52
2012-10-30,38.17,25.53,45.41,0.0,0.52
2012-10-31,38.9,24.85,43.93,0.0,0.52
2012-11-01,38.28,25.25,42.86,0.0,0.52
2012-11-02,37.42,24.88,44.11,0.01,0.52
2012-11-03,35.05,25.96,49.49,0.64,0.52
2012-11-04,36.32,24.15,52.27,0.47,0.52
2012-11-05,36.15,23.72,50.11,1.64,0.52
2012-11-06,36.53,23.53,56.56,3.77,0.53
2012-11-07,36.62,22.86,57.11,2.09,0.53
2012-11-08,33.33,23.15,60.73,0.19,0.53
2012-11-09,33.18,22.72,58.28,0.0,0.53
2012-11-10,33.75,22.62,53.03,0.0,0.53
2012-11-11,34.54,20.29,49.36,0.0,0.53
2012-11-12,35.37,19.51,43.96,0.0,0.53
2012-11-13,36.23,22.97,42.61,0.01,0.53
2012-11-14,34.85,22.32,51.12,0.29,0.52
2012-11-15,31.9,22.9,62.19,0.95,0.52
2012-11-16,34.4,23.4,59.56,0.06,0.52
2012-11-17,34.82,22.42,47.69,0.0,0.52
2012-11-18,35.48,24.68,47.19,0.05,0.52
2012-11-19,35.13,24.24,53.71,0.94,0.52
2012-11-20,34.24,23.46,64.0,1.02,0.53
2012-11-21,33.0,24.12,61.26,0.0,0.53
2012-11-22,34.34,23.9,57.06,0.0,0.53
2012-11-23,35.06,22.88,49.23,0.0,0.52
2012-11-24,34.79,19.38,42.32,0.0,0.52
2012-11-25,33.65,16.61,43.99,0.0,0.52
2012-11-26,32.41,15.85,35.48,0.0,0.52
2012-11-27,32.25,14.02,37.63,0.03,0.52
2012-11-28,31.25,14.84,36.88,0.0,0.52
2012-11-29,32.42,14.02,41.52,0.0,0.52
2012-11-30,33.11,15.14,35.9,0.07,0.52
2012-12-01,32.13,14.64,36.99,0.0,0.52
2012-12-02,33.35,17.5,34.54,0.26,0.52
2012-12-03,32.14,17.46,44.58,0.0,0.52
2012-12-04,33.31,16.98,39.67,0.0,0.52
2012-12-05,33.48,17.8,32.95,0.0,0.52
2012-12-06,33.22,18.03,34.49,0.0,0.52
2012-12-07,32.15,17.24,38.61,0.0,0.52
2012-12-08,31.62,16.36,36.07,0.0,0.52
2012-12-09,31.0,14.81,35.54,0.0,0.52
2012-12-10,31.15,14.95,36.58,0.0,0.52
2012-12-11,31.51,15.82,33.43,0.0,0.52
2012-12-12,32.11,16.73,32.52,0.0,0.52
2012-12-13,30.79,16.33,43.31,0.0,0.52
2012-12-14,31.66,17.26,41.15,0.0,0.52
2012-12-15,31.25,16.13,45.38,0.0,0.52
2012-12-16,31.08,15.04,40.92,0.0,0.52
2012-12-17,31.32,15.21,36.18,0.0,0.52
2012-12-18,32.38,15.82,36.97,0.0,0.52
2012-12-19,30.53,14.72,34.23,0.0,0.52
2012-12-20,28.38,13.4,34.12,0.0,0.52
2012-12-21,30.75,14.09,28.3,0.0,0.52
2012-12-22,30.75,14.29,24.06,0.0,0.52
2012-12-23,31.14,12.86,26.8,0.0,0.52
2012-12-24,30.84,13.99,37.3,0.0,0.52
2012-12-25,31.42,14.74,35.57,0.0,0.52
2012-12-26,31.03,13.42,32.98,0.0,0.52
2012-12-27,30.14,12.87,26.72,0.0,0.52
2012-12-28,31.36,13.04,27.96,0.0,0.52
2012-12-29,30.33,11.91,27.93,0.0,0.52
2012-12-30,31.26,14.54,32.67,0.0,0.52
2012-12-31,30.28,13.36,29.75,0.0,0.52
2013-01-01,29.56,13.63,28.91,0.0,0.52
2013-01-02,29.06,13.44,25.49,0.0,0.52
2013-01-03,29.26,14.81,29.89,0.0,0.52
2013-01-04,29.96,15.49,37.72,0.0,0.52
2013-01-05,30.48,14.07,40.02,0.0,0.52
2013-01-06,31.08,14.88,34.66,0.0,0.52
2013-01-07,29.84,12.16,36.59,0.0,0.52
2013-01-08,28.77,12.83,41.75,0.0,0.52
2013-01-09,28.53,13.34,41.23,0.0,0.52
2013-01-10,28.32,11.68,30.75,0.0,0.52
2013-01-11,27.22,10.85,28.55,0.0,0.52
2013-01-12,27.07,10.34,29.09,0.0,0.52
2013-01-13,28.12,12.83,26.53,0.0,0.52
2013-01-14,28.39,12.29,32.82,0.0,0.52
2013-01-15,29.26,12.47,34.64,0.0,0.52
2013-01-16,30.38,12.31,33.25,0.0,0.52
2013-01-17,31.48,14.52,33.88,0.0,0.52
2013-01-18,31.96,14.79,34.03,0.0,0.52
2013-01-19,33.01,17.63,31.03,0.0,0.52
2013-01-20,31.68,15.5,34.39,0.0,0.52
2013-01-21,30.76,14.51,34.32,0.0,0.52
2013-01-22,31.06,15.16,35.98,0.0,0.52
2013-01-23,31.39,15.1,34.51,0.0,0.52
2013-01-24,31.15,15.64,31.15,0.0,0.52
2013-01-25,31.08,14.71,24.98,0.0,0.52
2013-01-26,31.2,13.13,21.86,0.0,0.52
2013-01-27,31.02,12.58,19.16,0.0,0.52
2013-01-28,28.67,13.4,22.63,0.0,0.52
2013-01-29,31.4,14.36,17.19,0.0,0.52
2013-01-30,30.51,11.74,37.39,1.58,0.52
2013-01-31,30.67,12.34,29.25,0.0,0.52
2013-02-01,28.88,14.3,28.6,0.0,0.52
2013-02-02,32.39,16.25,23.85,0.0,0.52
2013-02-03,31.9,13.63,26.24,0.0,0.52
2013-02-04,32.02,14.43,34.48,0.0,0.52
2013-02-05,33.68,16.74,29.15,0.0,0.52
2013-02-06,35.23,18.64,23.72,0.0,0.52
2013-02-07,35.44,16.6,25.47,0.0,0.52
2013-02-08,36.07,17.2,29.03,0.0,0.52
2013-02-09,34.91,17.98,32.5,0.0,0.52
2013-02-10,35.45,17.68,31.94,0.0,0.52
2013-02-11,35.18,17.03,26.45,0.0,0.52
2013-02-12,36.15,17.9,17.78,0.0,0.52
2013-02-13,38.38,19.55,16.72,0.0,0.52
2013-02-14,36.52,19.3,19.22,0.0,0.52
2013-02-15,35.46,18.86,22.69,0.0,0.52
2013-02-16,37.48,19.3,23.06,0.0,0.52
2013-02-17,38.61,20.69,23.67,0.42,0.52
2013-02-18,34.12,20.55,34.22,0.07,0.52
2013-02-19,33.14,19.06,35.45,0.0,0.52
2013-02-20,34.47,17.4,25.1,0.0,0.52
2013-02-21,35.04,17.1,24.61,0.0,0.52
2013-02-22,36.81,17.82,20.7,0.0,0.52
2013-02-23,37.44,19.76,20.18,0.0,0.52
2013-02-24,37.47,19.78,22.81,0.0,0.52
2013-02-25,37.57,18.78,24.59,0.0,0.52
2013-02-26,37.11,19.42,24.87,0.0,0.52
2013-02-27,37.86,19.32,22.49,0.0,0.52
2013-02-28,37.97,18.04,18.58,0.0,0.52
2013-03-01,36.43,18.14,18.87,0.0,0.52
2013-03-02,37.14,19.08,17.03,0.0,0.52
2013-03-03,39.0,19.19,17.01,0.0,0.52
2013-03-04,38.43,17.17,17.07,0.14,0.52
2013-03-05,37.68,18.73,22.39,0.0,0.52
2013-03-06,37.36,19.45,18.96,0.0,0.52
2013-03-07,36.69,19.5,22.07,0.0,0.52
2013-03-08,37.02,19.37,23.75,0.05,0.52
2013-03-09,36.1,19.45,25.12,0.0,0.52
2013-03-10,35.67,19.98,28.53,0.0,0.52
2013-03-11,35.44,20.15,31.22,0.57,0.52
2013-03-12,35.96,19.96,35.2,0.0,0.52
2013-03-13,36.92,20.48,31.62,0.0,0.52
2013-03-14,38.1,21.19,29.63,0.0,0.52
2013-03-15,36.89,22.94,31.99,0.0,0.52
2013-03-16,39.57,23.18,28.88,0.0,0.52
2013-03-17,37.5,23.61,35.98,0.34,0.52
2013-03-18,35.98,23.75,35.56,0.08,0.52
2013-03-19,35.91,22.62,24.81,0.0,0.52
2013-03-20,36.4,19.69,24.9,0.0,0.52
2013-03-21,37.8,20.62,25.34,0.0,0.52
2013-03-22,37.25,21.28,31.54,0.34,0.52
2013-03-23,36.94,24.19,30.48,0.0,0.52
2013-03-24,38.13,23.1,28.61,0.0,0.52
2013-03-25,38.91,23.48,32.27,0.65,0.52
2013-03-26,39.34,22.32,30.51,0.0,0.52
2013-03-27,39.92,23.29,32.02,0.0,0.52
2013-03-28,40.06,24.59,31.22,0.0,0.52
2013-03-29,40.11,24.16,27.8,0.05,0.52
2013-03-30,40.31,25.36,29.34,0.04,0.52
2013-03-31,40.52,25.55,28.57,0.04,0.52
2013-04-01,39.85,25.93,28.33,0.0,0.52
2013-04-02,39.55,24.81,30.28,0.0,0.52
2013-04-03,40.51,25.38,30.5,0.43,0.52
2013-04-04,42.64,24.93,30.9,1.04,0.52
2013-04-05,41.4,25.31,31.37,0.0,0.52
2013-04-06,40.8,22.94,25.67,0.0,0.52
2013-04-07,39.01,23.4,25.57,0.0,0.52
2013-04-08,39.57,23.34,28.4,0.0,0.52
2013-04-09,40.26,24.86,29.13,0.0,0.52
2013-04-10,40.55,25.17,29.91,0.02,0.52
2013-04-11,42.08,24.05,28.01,0.0,0.52
2013-04-12,42.71,25.01,27.66,0.0,0.52
2013-04-13,42.14,26.1,27.85,0.01,0.52
2013-04-14,41.71,28.44,28.22,0.48,0.52
2013-04-15,40.3,27.07,30.52,2.8,0.52
2013-04-16,37.77,25.19,40.63,5.44,0.53
2013-04-17,34.65,23.34,49.87,2.44,0.53
2013-04-18,36.59,22.85,47.03,0.0,0.53
2013-04-19,37.32,24.32,42.44,0.09,0.53
2013-04-20,37.48,26.71,43.49,0.29,0.53
2013-04-21,40.51,26.08,38.81,0.01,0.53
2013-04-22,39.0,27.76,35.94,0.15,0.52
2013-04-23,40.08,25.86,32.4,0.01,0.52
2013-04-24,40.24,25.81,33.9,0.01,0.52
2013-04-25,40.22,27.12,33.02,0.0,0.52
2013-04-26,40.85,30.12,31.02,0.02,0.52
2013-04-27,40.14,29.59,35.32,0.98,0.52
2013-04-28,40.33,28.67,36.03,0.02,0.52
2013-04-29,42.22,28.59,34.49,0.05,0.52
2013-04-30,42.86,29.81,33.22,0.02,0.52
2013-05-01,43.25,29.25,32.94,0.35,0.52
2013-05-02,42.33,28.88,37.79,0.59,0.52
2013-05-03,37.45,27.21,50.15,8.11,0.53
2013-05-04,36.87,25.21,60.2,10.43,0.55
2013-05-05,34.31,24.17,65.89,7.08,0.55
2013-05-06,34.67,23.0,66.57,14.38,0.57
2013-05-07,34.44,23.59,68.83,3.41,0.57
2013-05-08,37.33,23.33,66.28,3.88,0.57
2013-05-09,34.81,23.99,67.19,2.08,0.57
2013-05-10,36.62,25.3,67.65,1.64,0.57
2013-05-11,37.03,25.59,62.6,0.51,0.57
2013-05-12,35.58,25.62,62.89,0.37,0.56
2013-05-13,37.87,24.65,55.96,1.15,0.56
2013-05-14,33.58,24.33,63.63,1.2,0.56
2013-05-15,34.58,24.83,67.51,8.07,0.56
2013-05-16,35.15,25.58,67.03,1.25,0.57
2013-05-17,39.17,25.49,57.33,0.75,0.56
2013-05-18,39.65,24.9,56.25,0.56,0.56
2013-05-19,40.58,25.14,50.52,1.01,0.55
2013-05-20,38.72,24.54,59.24,9.1,0.55
2013-05-21,35.82,25.58,65.89,3.14,0.56
2013-05-22,38.42,25.02,59.58,2.44,0.56
2013-05-23,36.03,24.77,65.91,5.81,0.56
2013-05-24,34.49,24.21,69.2,4.08,0.57
2013-05-25,34.36,24.57,69.83,2.32,0.57
2013-05-26,35.24,24.54,65.01,0.95,0.56
2013-05-27,33.75,25.71,70.85,2.83,0.56
2013-05-28,32.28,25.42,73.44,4.32,0.57
2013-05-29,35.6,25.14,65.97,1.56,0.57
2013-05-30,34.06,25.16,66.6,2.68,0.56
2013-05-31,36.8,24.52,59.82,0.5,0.56
2013-06-01,38.76,24.71,56.67,0.17,0.56
2013-06-02,38.24,26.28,58.82,0.52,0.55
2013-06-03,35.73,26.8,63.61,0.39,0.55
2013-06-04,34.82,26.1,64.28,0.6,0.55
2013-06-05,35.12,25.94,65.95,1.3,0.55
2013-06-06,36.5,24.8,65.65,2.1,0.54
2013-06-07,37.0,24.76,62.98,2.21,0.54
2013-06-08,36.1,25.22,66.44,3.47,0.55
2013-06-09,34.84,26.0,67.09,0.44,0.55
2013-06-10,37.41,25.35,64.63,0.98,0.54
2013-06-11,31.3,25.44,70.81,0.93,0.54
2013-06-12,35.19,25.48,62.96,0.76,0.54
2013-06-13,37.68,25.43,56.03,0.01,0.54
2013-06-14,39.42,26.3,52.55,0.02,0.54
2013-06-15,40.76,27.03,49.4,0.0,0.53
2013-06-16,41.95,28.96,45.74,0.04,0.53
2013-06-17,41.43,29.44,45.89,0.26,0.53
2013-06-18,42.1,27.73,45.37,0.33,0.53
2013-06-19,40.93,29.12,48.53,0.16,0.53
2013-06-20,36.71,27.79,60.21,1.91,0.53
2013-06-21,38.59,26.68,54.25,0.39,0.53
2013-06-22,39.13,26.76,54.04,0.5,0.53
2013-06-23,38.59,26.87,55.41,0.68,0.53
2013-06-24,37.59,26.41,58.18,1.98,0.53
2013-06-25,36.91,25.92,61.01,2.23,0.53
2013-06-26,38.63,25.64,60.8,1.6,0.53
2013-06-27,36.67,25.81,64.04,5.61,0.54
2013-06-28,33.73,25.86,71.32,6.14,0.55
2013-06-29,36.06,25.2,70.52,4.25,0.55
2013-06-30,36.93,25.64,66.43,0.31,0.55
2013-07-01,35.37,25.28,65.48,1.09,0.54
2013-07-02,36.16,25.41,66.21,1.19,0.54
2013-07-03,35.5,25.55,66.85,1.21,0.54
2013-07-04,37.24,25.44,61.01,0.42,0.54
2013-07-05,37.9,25.43,59.09,0.18,0.54
2013-07-06,37.36,25.72,57.28,0.93,0.53
2013-07-07,38.41,26.84,56.93,0.84,0.53
2013-07-08,37.83,26.15,60.06,0.91,0.53
2013-07-09,36.72,26.13,61.57,0.38,0.53
2013-07-10,34.91,26.05,64.9,2.16,0.53
2013-07-11,34.55,25.16,67.74,1.41,0.53
2013-07-12,33.07,25.18,70.41,2.78,0.54
2013-07-13,37.19,25.05,63.75,0.46,0.54
2013-07-14,38.14,25.6,58.23,0.83,0.53
2013-07-15,37.78,26.41,57.99,0.73,0.53
2013-07-16,35.3,26.64,65.16,0.55,0.53
2013-07-17,35.68,26.07,63.68,0.74,0.53
2013-07-18,37.88,24.94,59.75,0.3,0.53
2013-07-19,36.74,25.49,62.75,0.6,0.53
2013-07-20,35.67,26.24,65.22,0.66,0.53
2013-07-21,38.23,26.24,61.13,0.22,0.53
2013-07-22,37.93,26.82,58.21,0.26,0.53
2013-07-23,37.65,27.03,58.42,0.36,0.53
2013-07-24,37.98,27.08,60.58,0.51,0.53
2013-07-25,33.76,26.31,70.95,4.33,0.53
2013-07-26,32.23,25.59,74.45,2.56,0.54
2013-07-27,33.14,25.36,77.07,8.01,0.54
2013-07-28,35.91,24.85,71.79,1.36,0.55
2013-07-29,36.96,25.22,65.35,0.75,0.54
2013-07-30,35.7,25.48,68.83,2.25,0.54
2013-07-31,34.7,24.17,65.96,1.74,0.54
2013-08-01,36.9,25.02,64.86,0.8,0.54
2013-08-02,37.18,25.8,59.97,0.11,0.54
2013-08-03,38.23,26.44,57.87,0.24,0.54
2013-08-04,32.72,27.07,68.03,1.6,0.53
2013-08-05,34.87,25.62,63.7,0.28,0.53
2013-08-06,34.67,25.21,65.22,1.42,0.53
2013-08-07,37.4,24.9,61.88,0.64,0.53
2013-08-08,36.64,26.62,58.84,0.99,0.53
2013-08-09,34.53,27.22,60.31,0.21,0.53
2013-08-10,32.03,26.59,65.55,0.29,0.53
2013-08-11,37.63,25.1,58.47,0.43,0.53
2013-08-12,37.49,25.35,60.55,1.8,0.53
2013-08-13,34.43,26.03,66.5,2.61,0.53
2013-08-14,34.5,25.68,67.13,1.1,0.53
2013-08-15,35.81,25.13,65.19,1.84,0.53
2013-08-16,32.51,25.45,77.86,7.25,0.54
2013-08-17,30.5,25.0,83.93,4.84,0.55
2013-08-18,31.28,24.52,80.72,3.3,0.55
2013-08-19,30.3,24.78,80.93,2.42,0.55
2013-08-20,31.83,23.95,78.78,2.66,0.55
2013-08-21,34.98,24.37,68.95,0.34,0.55
2013-08-22,37.13,24.52,63.99,0.56,0.55
2013-08-23,38.3,24.77,62.66,0.44,0.54
2013-08-24,38.75,24.88,62.07,0.26,0.54
2013-08-25,35.48,26.46,67.59,1.1,0.54
2013-08-26,31.48,24.88,78.6,4.37,0.54
2013-08-27,33.66,24.88,72.66,1.72,0.54
2013-08-28,35.59,23.3,66.41,1.67,0.54
2013-08-29,38.23,24.39,63.41,2.17,0.54
2013-08-30,35.18,25.25,67.54,1.47,0.54
2013-08-31,37.87,25.51,66.42,1.87,0.54
2013-09-01,36.87,25.87,65.65,0.81,0.54
2013-09-02,36.04,24.06,65.08,1.09,0.54
2013-09-03,35.68,24.99,66.37,1.18,0.54
2013-09-04,36.44,24.62,65.96,1.09,0.54
2013-09-05,36.97,25.23,66.0,1.06,0.54
2013-09-06,34.94,25.94,68.07,0.37,0.53
2013-09-07,35.99,24.91,63.03,0.89,0.53
2013-09-08,37.11,24.86,62.07,1.51,0.53
2013-09-09,33.12,25.46,71.44,3.25,0.54
2013-09-10,34.66,24.97,67.31,0.47,0.54
2013-09-11,35.54,25.86,62.21,0.23,0.53
2013-09-12,35.29,26.0,63.94,1.14,0.53
2013-09-13,35.29,26.13,62.69,1.02,0.53
2013-09-14,32.54,25.32,75.05,7.14,0.54
2013-09-15,33.15,24.73,76.74,2.32,0.54
2013-09-16,34.86,24.4,74.34,6.34,0.55
2013-09-17,35.69,24.16,72.94,3.06,0.55
2013-09-18,35.28,24.38,69.11,0.96,0.55
2013-09-19,36.92,24.18,64.96,0.14,0.54
2013-09-20,37.71,24.67,61.41,0.02,0.54
2013-09-21,38.41,26.28,57.54,0.36,0.54
2013-09-22,40.68,27.04,54.16,0.35,0.53
2013-09-23,39.18,27.14,57.93,1.4,0.53
2013-09-24,38.78,27.11,59.67,3.42,0.54
2013-09-25,34.85,27.02,68.1,3.32,0.54
2013-09-26,34.82,25.47,69.79,1.51,0.54
2013-09-27,34.26,23.62,71.55,1.7,0.54
2013-09-28,31.38,24.78,77.03,1.82,0.54
2013-09-29,30.48,24.19,83.26,1.9,0.54
2013-09-30,35.17,23.85,64.08,0.03,0.54
2013-10-01,38.29,23.41,49.9,0.07,0.54
2013-10-02,35.76,26.23,58.78,2.53,0.53
2013-10-03,33.55,24.77,71.62,5.92,0.54
2013-10-04,34.91,24.24,72.84,4.64,0.54
2013-10-05,35.38,24.2,68.7,1.39,0.55
2013-10-06,33.61,24.59,68.41,0.58,0.54
2013-10-07,34.65,24.61,67.72,1.22,0.54
2013-10-08,29.1,22.71,74.31,2.06,0.54
2013-10-09,35.86,21.55,54.64,0.0,0.54
2013-10-10,37.48,21.67,52.69,0.0,0.54
2013-10-11,36.92,23.25,57.57,0.13,0.53
2013-10-12,33.94,24.56,64.98,1.1,0.53
2013-10-13,35.74,24.9,62.98,1.65,0.53
2013-10-14,37.5,25.2,58.38,0.0,0.53
2013-10-15,36.68,27.1,55.92,0.09,0.53
2013-10-16,37.77,27.41,53.12,0.0,0.53
2013-10-17,38.03,26.8,52.87,0.07,0.53
2013-10-18,38.36,25.68,54.34,0.54,0.53
2013-10-19,32.55,24.31,76.09,4.72,0.53
2013-10-20,32.41,23.81,73.39,0.63,0.54
2013-10-21,32.82,23.19,73.22,2.05,0.54
2013-10-22,34.96,22.59,66.86,0.92,0.54
2013-10-23,33.2,23.22,63.88,0.05,0.53
2013-10-24,35.48,24.28,55.25,0.25,0.53
2013-10-25,32.04,24.25,67.88,2.2,0.53
2013-10-26,27.04,21.46,85.51,17.6,0.55
2013-10-27,25.36,21.14,88.82,1.81,0.57
2013-10-28,32.31,20.77,74.52,0.44,0.56
2013-10-29,33.9,21.73,69.99,0.08,0.56
2013-10-30,34.14,21.47,67.47,0.02,0.56
2013-10-31,34.87,21.14,62.67,0.0,0.55
2013-11-01,34.34,20.35,59.13,0.0,0.55
2013-11-02,34.56,19.95,58.59,0.0,0.54
2013-11-03,34.36,19.69,55.07,0.0,0.54
2013-11-04,34.69,19.41,53.7,0.0,0.54
2013-11-05,34.31,19.21,52.34,0.0,0.54
2013-11-06,34.38,18.92,48.26,0.0,0.54
2013-11-07,34.85,19.09,48.43,0.0,0.53
2013-11-08,35.17,19.24,50.44,0.0,0.53
2013-11-09,36.48,19.56,45.16,0.0,0.53
2013-11-10,35.34,20.73,46.43,0.0,0.53
2013-11-11,36.74,22.75,40.96,0.0,0.53
2013-11-12,36.69,21.79,43.75,0.0,0.53
2013-11-13,36.74,21.43,43.7,0.0,0.53
2013-11-14,36.52,22.33,41.44,0.04,0.53
2013-11-15,36.42,22.02,39.65,0.0,0.53
2013-11-16,36.5,22.2,40.02,0.0,0.52
2013-11-17,37.05,22.55,43.85,0.0,0.52
2013-11-18,36.37,23.76,51.87,0.02,0.52
2013-11-19,36.36,23.79,49.54,0.09,0.52
2013-11-20,35.63,20.69,40.93,0.0,0.52
2013-11-21,34.58,18.21,42.75,0.0,0.52
2013-11-22,35.21,20.24,42.49,0.0,0.52
2013-11-23,35.39,21.36,45.25,0.0,0.52
2013-11-24,34.68,21.73,45.15,0.0,0.52
2013-11-25,34.84,20.86,46.8,0.0,0.52
2013-11-26,34.87,20.55,44.98,0.01,0.52
2013-11-27,34.32,21.51,45.6,0.0,0.52
2013-11-28,34.49,23.33,53.23,0.0,0.52
2013-11-29,34.27,23.67,51.33,0.0,0.52
2013-11-30,34.26,23.08,52.42,0.02,0.52
2013-12-01,34.6,22.59,50.45,0.0,0.52
2013-12-02,34.51,20.67,46.3,0.0,0.52
2013-12-03,33.8,21.33,47.17,0.0,0.52
2013-12-04,33.68,20.4,43.07,0.0,0.52
2013-12-05,34.08,20.23,40.93,0.0,0.52
2013-12-06,34.08,20.19,39.87,0.0,0.52
2013-12-07,33.23,21.31,41.71,0.0,0.52
2013-12-08,32.97,20.76,46.11,0.0,0.52
2013-12-09,28.35,20.2,57.71,0.0,0.52
2013-12-10,30.99,19.7,60.95,0.01,0.52
2013-12-11,33.34,19.99,51.03,0.05,0.52
2013-12-12,31.35,18.59,52.62,1.28,0.52
2013-12-13,29.94,14.07,49.11,0.71,0.52
2013-12-14,29.43,12.09,43.4,0.49,0.52
2013-12-15,28.73,14.1,46.29,0.33,0.52
2013-12-16,26.76,13.4,41.79,0.0,0.52
2013-12-17,26.77,11.33,39.39,0.0,0.52
2013-12-18,26.79,9.74,38.07,0.0,0.52
2013-12-19,26.91,11.84,45.42,0.0,0.52
2013-12-20,27.28,11.88,54.16,0.0,0.52
2013-12-21,27.66,13.74,47.08,0.0,0.52
2013-12-22,28.16,13.37,45.29,0.0,0.52
2013-12-23,28.32,12.84,46.59,0.0,0.52
2013-12-24,28.71,13.26,46.41,0.0,0.52
2013-12-25,29.66,13.62,45.35,0.0,0.52
2013-12-26,30.16,15.06,41.15,0.0,0.52
2013-12-27,30.1,14.82,41.47,0.0,0.52
2013-12-28,30.09,14.56,45.02,0.0,0.52
2013-12-29,29.43,14.19,45.93,0.0,0.52
2013-12-30,29.58,15.23,50.1,0.0,0.52
2013-12-31,30.2,14.24,46.56,0.0,0.52
2014-01-01,31.16,14.1,39.91,0.0,0.52
2014-01-02,30.93,13.98,37.75,0.0,0.52
2014-01-03,29.54,13.96,42.8,0.0,0.52
2014-01-04,29.78,12.82,42.85,0.0,0.52
2014-01-05,29.47,14.07,33.34,0.0,0.52
2014-01-06,29.34,12.75,33.41,0.0,0.52
2014-01-07,28.24,12.67,44.68,0.0,0.52
2014-01-08,28.87,12.36,44.62,0.0,0.52
2014-01-09,30.56,12.64,40.26,0.0,0.52
2014-01-10,30.94,14.04,30.78,0.0,0.52
2014-01-11,31.29,13.26,27.43,0.0,0.52
2014-01-12,30.48,12.01,28.63,0.0,0.52
2014-01-13,30.35,13.43,36.49,0.0,0.52
2014-01-14,30.74,14.12,42.85,0.0,0.52
2014-01-15,30.01,14.4,47.21,0.0,0.52
2014-01-16,30.13,14.51,47.93,0.0,0.52
2014-01-17,30.66,16.9,39.75,0.0,0.52
2014-01-18,31.19,16.16,42.76,0.0,0.52
2014-01-19,30.93,17.94,46.06,0.1,0.52
2014-01-20,30.39,17.91,46.34,0.0,0.52
2014-01-21,30.69,14.73,42.31,0.0,0.52
2014-01-22,30.71,17.08,37.15,0.0,0.52
2014-01-23,31.54,16.16,39.73,0.0,0.52
2014-01-24,31.13,17.1,40.54,0.0,0.52
2014-01-25,32.51,16.99,38.88,0.0,0.52
2014-01-26,32.45,16.8,37.85,0.0,0.52
2014-01-27,33.73,17.5,36.88,0.0,0.52
2014-01-28,31.45,16.66,32.39,0.0,0.52
2014-01-29,32.07,17.48,35.91,0.0,0.52
2014-01-30,33.12,16.71,33.81,0.0,0.52
2014-01-31,33.55,16.51,31.72,0.0,0.52
2014-02-01,33.39,16.51,29.99,0.0,0.52
2014-02-02,33.55,16.73,33.61,0.0,0.52
2014-02-03,33.89,16.45,28.95,0.0,0.52
2014-02-04,33.46,15.17,25.19,0.0,0.52
2014-02-05,32.51,14.57,24.48,0.0,0.52
2014-02-06,31.68,14.59,27.53,0.0,0.52
2014-02-07,31.15,14.79,31.57,0.0,0.52
2014-02-08,32.7,14.78,31.2,0.0,0.52
2014-02-09,32.77,15.87,37.74,0.0,0.52
2014-02-10,33.26,17.37,37.54,0.0,0.52
2014-02-11,32.62,17.43,38.95,0.0,0.52
2014-02-12,32.63,18.81,40.63,0.0,0.52
2014-02-13,32.42,19.21,33.93,0.0,0.52
2014-02-14,33.05,16.57,29.55,0.0,0.52
2014-02-15,33.16,16.57,25.71,0.0,0.52
2014-02-16,33.16,14.52,43.2,8.96,0.53
2014-02-17,30.56,17.51,64.88,1.75,0.54
2014-02-18,28.09,15.57,53.4,0.0,0.53
2014-02-19,29.32,13.17,45.05,0.0,0.53
2014-02-20,32.5,13.29,40.53,0.0,0.53
2014-02-21,32.89,14.43,39.8,0.0,0.53
2014-02-22,32.87,14.52,32.89,0.0,0.53
2014-02-23,33.57,15.66,31.3,0.0,0.53
2014-02-24,33.94,16.08,32.51,0.0,0.52
2014-02-25,33.9,17.34,35.87,0.0,0.52
2014-02-26,34.68,17.78,32.61,0.0,0.52
2014-02-27,35.01,17.08,29.42,0.0,0.52
2014-02-28,35.17,17.42,29.88,0.0,0.52
2014-03-01,36.57,18.65,28.83,0.0,0.52
2014-03-02,36.1,18.1,29.73,0.0,0.52
2014-03-03,36.19,18.74,27.29,0.0,0.52
2014-03-04,35.63,19.24,30.79,0.0,0.52
2014-03-05,36.14,20.67,28.27,0.0,0.52
2014-03-06,34.18,18.43,26.93,0.0,0.52
2014-03-07,34.54,17.42,22.49,0.0,0.52
2014-03-08,34.82,17.89,23.28,0.0,0.52
2014-03-09,33.88,18.04,23.02,0.0,0.52
2014-03-10,35.57,17.87,22.01,0.0,0.52
2014-03-11,36.67,19.71,19.68,0.0,0.52
2014-03-12,35.5,19.2,22.48,0.0,0.52
2014-03-13,33.95,20.01,24.55,0.0,0.52
2014-03-14,33.12,20.97,32.09,0.0,0.52
2014-03-15,36.84,20.11,30.86,0.0,0.52
2014-03-16,37.79,20.47,25.78,0.0,0.52
2014-03-17,38.04,21.0,22.17,0.0,0.52
2014-03-18,38.68,19.58,21.49,0.0,0.52
2014-03-19,37.73,20.59,29.63,0.52,0.52
2014-03-20,36.8,21.36,35.19,0.64,0.52
2014-03-21,37.64,21.09,29.78,0.23,0.52
2014-03-22,37.65,21.08,34.89,2.24,0.52
2014-03-23,35.69,20.98,35.48,0.0,0.52
2014-03-24,35.89,22.53,34.71,0.02,0.52
2014-03-25,36.81,23.14,35.92,0.2,0.52
2014-03-26,37.6,25.34,33.84,0.0,0.52
2014-03-27,39.0,22.43,29.68,0.0,0.52
2014-03-28,38.68,23.98,32.53,0.0,0.52
2014-03-29,41.18,23.67,27.41,0.0,0.52
2014-03-30,41.23,21.86,23.72,0.0,0.52
2014-03-31,41.31,22.78,25.46,0.25,0.52
2014-04-01,39.82,23.96,30.73,0.01,0.52
2014-04-02,39.18,24.78,33.23,0.02,0.52
2014-04-03,39.92,27.1,27.77,0.43,0.52
2014-04-04,39.14,24.15,29.95,0.51,0.52
2014-04-05,37.73,26.0,34.26,0.07,0.52
2014-04-06,37.52,24.5,39.53,0.04,0.52
2014-04-07,38.05,25.92,36.18,0.17,0.52
2014-04-08,40.51,25.25,34.15,0.14,0.52
2014-04-09,39.82,26.38,40.51,0.02,0.52
2014-04-10,36.8,28.68,42.06,0.0,0.52
2014-04-11,40.53,27.01,33.34,0.12,0.52
2014-04-12,39.86,26.99,24.41,0.0,0.52
2014-04-13,39.89,25.51,22.67,0.0,0.52
2014-04-14,40.31,26.09,27.39,0.0,0.52
2014-04-15,40.63,26.64,26.09,0.0,0.52
2014-04-16,40.27,28.61,27.38,0.0,0.52
2014-04-17,42.06,27.79,26.29,0.0,0.52
2014-04-18,42.28,27.69,25.41,0.0,0.52
2014-04-19,42.1,29.35,26.93,0.0,0.52
2014-04-20,41.1,29.13,25.89,0.0,0.52
2014-04-21,42.69,29.04,26.25,0.0,0.52
2014-04-22,42.18,29.48,29.07,0.0,0.52
2014-04-23,42.69,28.33,22.06,0.0,0.52
2014-04-24,42.37,27.62,23.05,0.0,0.52
2014-04-25,41.57,28.69,25.12,0.07,0.52
2014-04-26,41.9,30.53,26.4,0.11,0.52
2014-04-27,41.0,29.86,31.52,0.49,0.52
2014-04-28,40.49,30.79,30.79,0.05,0.52
2014-04-29,40.74,30.76,30.81,1.22,0.52
2014-04-30,41.02,29.4,30.62,0.0,0.52
2014-05-01,41.55,29.02,30.96,0.22,0.52
2014-05-02,36.91,29.19,42.92,0.61,0.52
2014-05-03,38.77,27.68,39.22,0.13,0.52
2014-05-04,40.0,27.09,34.04,0.27,0.52
2014-05-05,35.57,28.13,42.55,0.3,0.52
2014-05-06,38.46,28.19,40.7,4.2,0.52
2014-05-07,39.13,26.76,44.21,2.14,0.53
2014-05-08,39.7,26.63,46.75,3.85,0.53
2014-05-09,38.61,25.67,54.44,2.67,0.53
2014-05-10,37.1,26.51,62.45,4.13,0.54
2014-05-11,34.74,26.03,67.15,7.44,0.55
2014-05-12,38.25,24.53,60.03,0.0,0.54
2014-05-13,40.44,27.14,52.69,0.04,0.54
2014-05-14,40.75,27.82,47.36,0.7,0.53
2014-05-15,41.23,28.0,45.12,0.53,0.53
2014-05-16,40.48,27.49,42.3,0.0,0.53
2014-05-17,41.68,29.14,36.76,0.0,0.53
2014-05-18,39.51,29.36,41.7,0.07,0.53
2014-05-19,37.5,29.61,47.81,0.02,0.52
2014-05-20,41.72,28.98,41.93,0.12,0.52
2014-05-21,40.58,29.28,45.76,0.02,0.52
2014-05-22,38.19,29.8,47.27,0.06,0.52
2014-05-23,38.1,28.83,48.28,0.52,0.52
2014-05-24,37.79,27.82,56.73,3.14,0.53
2014-05-25,40.14,28.95,44.63,0.3,0.53
2014-05-26,39.87,28.99,46.64,1.48,0.53
2014-05-27,41.77,29.72,42.43,0.64,0.53
2014-05-28,41.8,30.01,42.36,2.2,0.53
2014-05-29,42.63,28.76,40.25,0.88,0.53
2014-05-30,41.16,29.63,43.93,1.23,0.53
2014-05-31,40.55,29.02,45.8,1.43,0.53
2014-06-01,41.49,29.11,44.41,0.86,0.53
2014-06-02,41.95,28.7,41.96,0.51,0.53
2014-06-03,42.76,29.78,41.39,0.41,0.52
2014-06-04,41.28,30.89,41.8,1.49,0.53
2014-06-05,37.85,31.05,47.91,0.55,0.53
2014-06-06,39.87,29.42,48.11,0.02,0.53
2014-06-07,37.26,30.2,48.61,0.19,0.52
2014-06-08,40.06,29.67,50.13,2.35,0.53
2014-06-09,37.85,27.59,58.68,2.14,0.53
2014-06-10,33.31,27.79,71.89,5.86,0.54
2014-06-11,35.49,26.67,67.94,0.51,0.54
2014-06-12,39.49,27.45,56.88,0.5,0.53
2014-06-13,36.74,27.98,62.31,1.91,0.53
2014-06-14,33.43,27.17,71.88,4.85,0.54
2014-06-15,37.54,26.5,64.66,1.05,0.54
2014-06-16,38.91,26.63,58.72,1.0,0.53
2014-06-17,37.9,27.79,62.91,3.13,0.53
2014-06-18,34.86,26.98,68.91,3.47,0.54
2014-06-19,34.13,25.73,69.74,2.13,0.54
2014-06-20,35.63,25.95,67.67,6.72,0.54
2014-06-21,36.01,25.73,65.5,4.31,0.55
2014-06-22,36.39,25.71,69.05,6.62,0.55
2014-06-23,38.42,25.29,64.28,2.28,0.55
2014-06-24,38.2,25.7,61.02,0.12,0.55
2014-06-25,37.23,26.31,63.76,3.99,0.55
2014-06-26,36.22,26.23,63.41,0.16,0.54
2014-06-27,37.89,25.66,60.44,0.97,0.54
2014-06-28,39.32,25.66,61.74,3.19,0.54
2014-06-29,36.07,26.23,65.91,2.69,0.54
2014-06-30,37.09,26.09,67.35,0.79,0.54
2014-07-01,37.86,26.58,62.98,0.98,0.54
2014-07-02,35.96,25.57,67.44,1.16,0.54
2014-07-03,36.66,25.08,64.96,1.85,0.54
2014-07-04,37.09,25.46,64.18,0.25,0.54
2014-07-05,38.4,26.51,59.46,0.44,0.54
2014-07-06,38.4,27.34,57.16,0.07,0.53
2014-07-07,37.07,28.04,57.56,0.21,0.53
2014-07-08,40.79,26.59,49.64,0.1,0.53
2014-07-09,36.35,27.47,55.14,0.11,0.53
2014-07-10,38.57,25.89,55.38,1.25,0.53
2014-07-11,38.56,27.09,57.41,0.18,0.53
2014-07-12,35.99,27.47,63.23,0.19,0.53
2014-07-13,38.72,27.04,58.98,0.44,0.53
2014-07-14,36.74,26.47,64.79,1.12,0.53
2014-07-15,37.3,26.14,63.55,1.83,0.53
2014-07-16,34.13,26.09,65.98,2.17,0.53
2014-07-17,37.1,25.7,65.01,1.78,0.53
2014-07-18,37.7,25.76,65.88,0.87,0.53
2014-07-19,35.52,26.1,68.79,3.97,0.54
2014-07-20,36.56,25.52,67.9,2.66,0.54
2014-07-21,32.21,26.24,71.0,1.24,0.54
2014-07-22,30.4,24.89,76.45,2.03,0.54
2014-07-23,30.35,24.08,75.93,0.38,0.54
2014-07-24,37.17,24.07,62.86,0.16,0.54
2014-07-25,36.41,26.14,63.18,0.54,0.53
2014-07-26,35.18,26.39,63.88,0.1,0.53
2014-07-27,36.94,26.78,64.14,0.41,0.53
2014-07-28,36.8,25.28,64.34,1.05,0.53
2014-07-29,37.42,26.25,62.9,0.33,0.53
2014-07-30,37.04,26.46,65.42,0.86,0.53
2014-07-31,37.03,25.99,64.62,0.2,0.53
2014-08-01,38.8,26.61,60.84,1.37,0.53
2014-08-02,36.14,25.76,67.46,2.21,0.53
2014-08-03,33.64,25.46,69.64,1.64,0.53
2014-08-04,33.19,25.22,71.69,2.61,0.54
2014-08-05,36.33,24.71,66.44,1.86,0.54
2014-08-06,36.33,25.29,65.52,0.75,0.54
2014-08-07,33.79,25.98,69.74,0.78,0.53
2014-08-08,37.45,25.76,65.49,0.36,0.53
2014-08-09,36.43,25.68,64.5,0.65,0.53
2014-08-10,36.06,25.94,65.07,0.89,0.53
2014-08-11,37.27,25.1,62.64,1.09,0.53
2014-08-12,37.62,25.28,60.44,1.06,0.53
2014-08-13,38.04,25.15,65.05,3.89,0.54
2014-08-14,34.26,25.76,72.78,7.89,0.54
2014-08-15,35.1,24.93,70.81,4.44,0.55
2014-08-16,35.2,24.1,66.65,1.78,0.55
2014-08-17,36.07,24.3,66.08,0.81,0.55
2014-08-18,37.65,24.9,63.74,0.07,0.54
2014-08-19,35.14,26.1,69.0,0.99,0.54
2014-08-20,37.65,26.25,63.89,0.28,0.54
2014-08-21,37.69,25.05,61.7,2.19,0.54
2014-08-22,37.03,24.65,61.97,1.75,0.54
2014-08-23,38.83,25.0,61.16,0.88,0.54
2014-08-24,38.32,26.01,57.77,0.27,0.53
2014-08-25,37.53,25.89,62.33,0.87,0.53
2014-08-26,37.89,26.08,60.7,0.28,0.53
2014-08-27,37.94,25.77,59.16,0.4,0.53
2014-08-28,35.93,26.29,61.65,0.25,0.53
2014-08-29,38.35,26.38,60.66,1.39,0.53
2014-08-30,31.58,25.68,78.05,3.03,0.53
2014-08-31,36.6,24.52,66.45,0.79,0.53
2014-09-01,37.19,24.66,60.85,1.03,0.53
2014-09-02,37.61,24.9,60.17,0.36,0.53
2014-09-03,36.67,26.18,67.97,1.38,0.53
2014-09-04,36.4,24.49,67.43,1.78,0.53
2014-09-05,36.16,24.86,63.54,0.64,0.53
2014-09-06,37.89,25.26,60.38,0.33,0.53
2014-09-07,36.36,25.82,64.05,0.54,0.53
2014-09-08,39.21,25.19,59.28,0.53,0.53
2014-09-09,38.77,25.75,56.49,0.05,0.53
2014-09-10,38.39,26.7,57.66,0.38,0.53
2014-09-11,38.13,26.28,57.29,0.44,0.53
2014-09-12,36.29,25.96,61.28,3.66,0.53
2014-09-13,37.42,25.77,60.4,0.39,0.53
2014-09-14,38.0,26.18,60.96,1.29,0.53
2014-09-15,36.97,26.1,64.61,3.88,0.53
2014-09-16,37.72,26.22,60.06,0.0,0.53
2014-09-17,39.95,26.41,57.16,0.73,0.53
2014-09-18,31.5,26.13,77.71,6.68,0.54
2014-09-19,33.29,24.87,75.71,5.42,0.54
2014-09-20,35.6,23.67,72.28,4.0,0.55
2014-09-21,37.04,24.21,65.98,1.79,0.55
2014-09-22,36.87,23.98,67.07,4.98,0.55
2014-09-23,35.29,25.19,71.07,6.72,0.55
2014-09-24,35.12,24.3,73.85,0.92,0.55
2014-09-25,33.15,24.94,73.08,0.4,0.55
2014-09-26,36.7,25.07,64.89,0.17,0.55
2014-09-27,37.11,24.39,63.85,0.0,0.54
2014-09-28,37.42,24.56,60.43,0.01,0.54
2014-09-29,38.48,25.22,52.12,0.0,0.54
2014-09-30,36.93,26.24,57.61,0.04,0.54
2014-10-01,33.42,26.17,68.25,1.96,0.54
2014-10-02,35.35,25.77,61.15,0.05,0.54
2014-10-03,36.52,25.51,56.67,0.09,0.53
2014-10-04,35.05,25.88,62.85,0.6,0.53
2014-10-05,35.49,26.17,58.26,0.43,0.53
2014-10-06,36.21,26.47,54.46,1.88,0.53
2014-10-07,36.17,26.08,54.13,0.0,0.53
2014-10-08,37.8,25.68,50.57,0.0,0.53
2014-10-09,38.25,24.29,52.7,0.07,0.53
2014-10-10,37.15,24.81,58.35,0.5,0.53
2014-10-11,35.17,25.01,68.83,7.69,0.54
2014-10-12,34.96,24.98,69.94,0.76,0.54
2014-10-13,34.72,25.72,70.77,1.95,0.54
2014-10-14,36.31,24.45,65.56,0.39,0.54
2014-10-15,37.58,24.74,62.07,0.9,0.53
2014-10-16,36.21,25.6,61.24,0.11,0.53
2014-10-17,34.81,25.98,61.3,0.02,0.53
2014-10-18,36.46,25.59,58.89,0.09,0.53
2014-10-19,36.37,24.01,58.71,0.3,0.53
2014-10-20,37.23,23.37,55.4,0.0,0.53
2014-10-21,36.78,23.99,53.32,0.0,0.53
2014-10-22,35.34,24.59,56.01,0.32,0.53
2014-10-23,36.05,24.27,55.97,0.0,0.53
2014-10-24,37.13,24.32,49.9,0.0,0.53
2014-10-25,37.14,24.75,46.2,0.0,0.52
2014-10-26,37.51,24.05,47.64,0.08,0.52
2014-10-27,36.42,24.32,47.29,0.29,0.52
2014-10-28,31.39,23.14,58.34,0.45,0.52
2014-10-29,33.84,21.72,54.22,0.01,0.52
2014-10-30,34.24,23.85,53.93,0.17,0.52
2014-10-31,36.67,23.54,50.35,0.0,0.52
2014-11-01,37.51,25.35,48.36,0.0,0.52
2014-11-02,37.84,25.78,49.88,0.01,0.52
2014-11-03,37.17,25.71,55.89,0.25,0.52
2014-11-04,36.24,24.44,57.49,0.02,0.52
2014-11-05,31.87,24.67,65.17,0.64,0.52
2014-11-06,34.07,23.69,73.99,1.97,0.52
2014-11-07,35.69,24.82,62.06,0.05,0.52
2014-11-08,35.25,24.8,58.54,0.0,0.52
2014-11-09,33.92,25.96,54.78,0.0,0.52
2014-11-10,36.21,23.61,47.68,0.0,0.52
2014-11-11,36.6,24.31,49.07,0.0,0.52
2014-11-12,37.71,22.08,46.51,0.0,0.52
2014-11-13,37.62,22.69,37.82,0.0,0.52
2014-11-14,36.7,21.99,41.26,0.0,0.52
2014-11-15,35.54,19.94,48.27,0.0,0.52
2014-11-16,36.02,19.62,48.8,0.0,0.52
2014-11-17,34.86,17.94,44.0,0.15,0.52
2014-11-18,35.57,20.6,37.77,0.0,0.52
2014-11-19,35.8,20.09,42.22,0.0,0.52
2014-11-20,34.53,19.01,37.93,0.05,0.52
2014-11-21,33.34,17.42,36.28,0.0,0.52
2014-11-22,32.65,16.74,44.21,0.0,0.52
2014-11-23,32.91,17.89,41.92,0.0,0.52
2014-11-24,32.27,16.98,40.4,0.0,0.52
2014-11-25,33.29,18.43,36.15,0.0,0.52
2014-11-26,32.64,17.9,38.02,0.0,0.52
2014-11-27,30.44,13.88,37.09,0.0,0.52
2014-11-28,31.01,14.93,27.66,0.0,0.52
2014-11-29,31.52,16.52,29.82,0.0,0.52
2014-11-30,30.45,15.01,37.65,0.0,0.52
2014-12-01,31.65,16.55,42.07,0.0,0.52
2014-12-02,32.58,18.8,38.75,0.0,0.52
2014-12-03,32.3,18.09,34.69,0.0,0.52
2014-12-04,32.58,18.09,33.05,0.0,0.52
2014-12-05,34.16,17.31,38.73,0.0,0.52
2014-12-06,34.69,16.83,35.01,0.0,0.52
2014-12-07,32.4,15.74,38.77,0.0,0.52
2014-12-08,32.32,17.53,36.24,0.0,0.52
2014-12-09,32.02,15.75,39.24,0.0,0.52
2014-12-10,32.29,15.44,31.78,0.0,0.52
2014-12-11,32.46,15.04,28.46,0.08,0.52
2014-12-12,32.58,15.17,30.96,0.0,0.52
2014-12-13,32.88,15.84,33.66,0.0,0.52
2014-12-14,33.77,17.52,34.69,0.0,0.52
2014-12-15,33.84,17.83,36.43,0.0,0.52
2014-12-16,33.14,17.54,30.07,0.0,0.52
2014-12-17,32.61,16.17,34.38,1.72,0.52
2014-12-18,29.3,16.14,52.05,0.33,0.52
2014-12-19,29.32,14.74,53.29,0.0,0.52
2014-12-20,29.09,13.96,45.22,0.0,0.52
2014-12-21,29.67,15.08,45.08,0.0,0.52
2014-12-22,30.35,14.93,45.26,0.0,0.52
2014-12-23,30.62,14.78,45.35,0.0,0.52
2014-12-24,31.39,16.67,43.4,0.0,0.52
2014-12-25,31.75,16.28,40.41,0.0,0.52
2014-12-26,31.09,16.66,39.8,0.0,0.52
2014-12-27,31.03,14.72,33.52,0.0,0.52
2014-12-28,32.51,15.6,39.13,0.0,0.52
2014-12-29,33.95,17.75,43.23,0.01,0.52
2014-12-30,32.65,18.61,42.02,0.21,0.52
2014-12-31,32.53,21.38,51.92,0.63,0.52
2015-01-01,32.05,19.86,54.6,1.13,0.52
2015-01-02,33.14,20.47,48.79,0.0,0.52
2015-01-03,34.04,20.42,44.67,0.41,0.52
2015-01-04,33.32,21.04,54.58,3.97,0.52
2015-01-05,33.13,19.71,58.19,0.75,0.53
2015-01-06,30.0,18.3,53.93,0.0,0.53
2015-01-07,30.12,16.53,54.04,0.0,0.53
2015-01-08,30.89,14.64,40.43,1.14,0.53
2015-01-09,28.0,12.08,52.27,4.66,0.54
2015-01-10,27.12,11.31,58.6,0.02,0.53
2015-01-11,26.79,12.65,65.55,1.32,0.53
2015-01-12,26.69,11.01,62.4,0.0,0.53
2015-01-13,27.38,11.04,57.13,0.0,0.53
2015-01-14,29.32,14.56,53.77,0.0,0.53
2015-01-15,30.15,15.56,62.88,1.75,0.53
2015-01-16,23.48,18.16,84.65,1.38,0.53
2015-01-17,28.96,17.28,78.64,3.01,0.53
2015-01-18,27.01,14.97,73.6,1.84,0.54
2015-01-19,28.19,14.39,61.08,0.01,0.54
2015-01-20,28.0,14.31,53.66,0.0,0.53
2015-01-21,28.9,13.8,52.46,0.0,0.53
2015-01-22,29.62,15.58,51.62,0.0,0.53
2015-01-23,30.2,15.59,44.95,0.0,0.53
2015-01-24,29.52,13.33,42.75,0.0,0.53
2015-01-25,29.99,13.63,44.32,0.0,0.53
2015-01-26,30.45,14.03,41.86,0.0,0.53
2015-01-27,31.22,14.59,40.6,0.0,0.53
2015-01-28,32.67,15.27,35.53,0.0,0.53
2015-01-29,32.35,16.01,33.71,0.0,0.52
2015-01-30,31.46,16.05,35.95,0.0,0.52
2015-01-31,29.61,15.36,44.61,0.04,0.52
2015-02-01,30.21,14.44,40.09,0.0,0.52
2015-02-02,30.64,13.44,29.36,0.0,0.52
2015-02-03,32.63,13.91,23.36,0.0,0.52
2015-02-04,32.85,14.68,22.28,0.0,0.52
2015-02-05,32.04,14.5,26.34,0.0,0.52
2015-02-06,31.71,14.22,27.3,0.0,0.52
2015-02-07,30.2,16.32,26.23,0.0,0.52
2015-02-08,31.13,15.92,22.89,0.0,0.52
2015-02-09,32.14,17.16,28.25,0.0,0.52
2015-02-10,30.69,16.34,29.78,0.0,0.52
2015-02-11,32.3,16.7,31.69,0.0,0.52
2015-02-12,31.47,16.32,34.32,0.0,0.52
2015-02-13,31.19,15.27,31.8,0.04,0.52
2015-02-14,30.11,15.68,34.68,0.0,0.52
2015-02-15,31.52,16.23,31.48,0.0,0.52
2015-02-16,31.21,16.45,34.97,0.0,0.52
2015-02-17,31.77,15.96,34.6,0.0,0.52
2015-02-18,32.81,16.96,32.03,0.0,0.52
2015-02-19,32.98,15.79,32.54,0.0,0.52
2015-02-20,32.53,15.74,31.74,0.0,0.52
2015-02-21,33.69,16.76,33.67,0.29,0.52
2015-02-22,33.73,17.16,30.44,0.0,0.52
2015-02-23,34.69,17.84,30.92,0.0,0.52
2015-02-24,35.37,18.82,29.12,0.0,0.52
2015-02-25,35.55,19.47,30.48,0.02,0.52
2015-02-26,34.42,19.7,36.35,0.12,0.52
2015-02-27,35.77,18.15,37.57,0.0,0.52
2015-02-28,36.15,19.96,33.0,0.0,0.52
2015-03-01,37.86,21.38,23.68,0.0,0.52
2015-03-02,39.0,19.38,26.5,0.0,0.52
2015-03-03,38.85,20.48,31.02,0.02,0.52
2015-03-04,37.38,21.7,37.06,0.33,0.52
2015-03-05,36.54,21.98,39.99,0.0,0.52
2015-03-06,34.75,20.67,30.72,0.0,0.52
2015-03-07,35.0,18.23,22.78,0.0,0.52
2015-03-08,35.41,17.42,20.77,0.0,0.52
2015-03-09,37.79,18.3,18.8,0.0,0.52
2015-03-10,39.37,19.14,17.55,0.0,0.52
2015-03-11,37.52,19.27,17.79,0.0,0.52
2015-03-12,37.89,18.28,16.64,0.0,0.52
2015-03-13,36.6,17.93,13.29,0.0,0.52
2015-03-14,36.93,18.88,19.71,0.0,0.52
2015-03-15,37.63,21.17,26.6,0.0,0.52
2015-03-16,38.95,22.61,27.11,0.0,0.52
2015-03-17,38.19,22.36,25.73,0.0,0.52
2015-03-18,38.08,21.71,30.18,0.0,0.52
2015-03-19,36.82,23.04,32.78,0.0,0.52
2015-03-20,38.0,23.17,26.72,0.0,0.52
2015-03-21,38.4,22.34,20.53,0.0,0.52
2015-03-22,37.94,20.51,19.23,0.0,0.52
2015-03-23,38.37,21.35,20.39,0.0,0.52
2015-03-24,36.58,21.56,25.41,0.03,0.52
2015-03-25,35.72,21.04,38.33,4.02,0.52
2015-03-26,35.8,23.03,41.48,0.25,0.53
2015-03-27,37.65,23.83,35.23,0.01,0.52
2015-03-28,37.02,25.72,38.11,0.73,0.52
2015-03-29,36.44,23.29,42.02,0.0,0.52
2015-03-30,38.52,24.95,36.03,0.04,0.52
2015-03-31,37.37,24.68,39.15,0.98,0.52
2015-04-01,37.73,24.66,42.09,1.36,0.52
2015-04-02,37.61,23.3,47.99,7.4,0.53
2015-04-03,37.6,22.63,54.54,1.19,0.54
2015-04-04,38.26,22.54,48.85,0.89,0.53
2015-04-05,38.44,22.78,51.37,4.81,0.53
2015-04-06,35.94,22.73,57.36,0.6,0.54
2015-04-07,37.21,23.37,51.31,0.07,0.53
2015-04-08,39.89,24.74,43.69,0.0,0.53
2015-04-09,39.21,24.79,40.33,0.22,0.53
2015-04-10,38.51,26.18,40.72,0.27,0.53
2015-04-11,39.06,25.34,37.1,0.0,0.52
2015-04-12,39.19,27.17,33.71,0.01,0.52
2015-04-13,34.87,25.07,46.84,1.12,0.52
2015-04-14,36.48,24.3,51.75,0.0,0.52
2015-04-15,38.52,26.64,38.8,0.18,0.52
2015-04-16,40.59,26.03,33.82,0.09,0.52
2015-04-17,41.04,26.21,36.58,0.77,0.52
2015-04-18,38.68,26.63,38.86,3.06,0.53
2015-04-19,39.78,25.18,40.48,0.07,0.53
2015-04-20,40.01,26.58,39.83,0.84,0.53
2015-04-21,40.95,27.99,41.61,3.17,0.53
2015-04-22,37.48,26.12,54.18,7.12,0.54
2015-04-23,34.56,24.2,63.63,1.99,0.54
2015-04-24,32.96,24.42,62.57,0.14,0.54
2015-04-25,34.65,24.62,56.08,0.32,0.53
2015-04-26,33.48,23.54,53.84,0.1,0.53
2015-04-27,35.68,24.25,46.79,0.18,0.53
2015-04-28,37.04,24.9,47.67,0.52,0.53
2015-04-29,37.34,25.53,44.56,0.58,0.53
2015-04-30,38.28,25.2,43.56,1.41,0.53
2015-05-01,40.08,26.44,40.08,0.15,0.53
2015-05-02,40.62,27.65,37.09,0.0,0.52
2015-05-03,40.15,28.92,37.52,0.0,0.52
2015-05-04,41.62,29.23,34.21,0.0,0.52
2015-05-05,41.06,30.37,31.8,0.05,0.52
2015-05-06,40.77,29.22,30.18,0.16,0.52
2015-05-07,39.92,27.58,34.46,0.12,0.52
2015-05-08,41.16,28.45,35.71,0.8,0.52
2015-05-09,40.76,27.25,34.39,0.01,0.52
2015-05-10,39.88,30.34,34.88,0.24,0.52
2015-05-11,37.84,30.08,42.61,0.2,0.52
2015-05-12,40.12,28.68,40.37,0.04,0.52
2015-05-13,42.16,29.49,34.54,0.04,0.52
2015-05-14,43.6,30.9,32.24,0.03,0.52
2015-05-15,43.43,31.42,33.74,0.88,0.52
2015-05-16,40.52,30.99,38.41,0.49,0.52
2015-05-17,40.65,29.82,43.08,2.23,0.52
2015-05-18,36.0,27.33,55.46,2.46,0.53
2015-05-19,36.85,25.71,59.29,0.39,0.53
2015-05-20,35.78,26.55,59.31,0.2,0.53
2015-05-21,32.3,26.79,67.28,0.46,0.53
2015-05-22,37.39,26.75,57.14,2.54,0.53
2015-05-23,36.18,26.23,63.91,5.94,0.54
2015-05-24,36.83,25.31,64.39,0.39,0.54
2015-05-25,38.87,25.59,55.28,0.35,0.53
2015-05-26,39.88,26.51,46.39,0.09,0.53
2015-05-27,40.59,27.54,44.67,0.03,0.53
2015-05-28,42.12,28.17,44.28,0.02,0.53
2015-05-29,42.32,28.63,41.22,0.02,0.52
2015-05-30,41.43,29.91,45.18,0.92,0.52
2015-05-31,41.22,29.14,47.57,1.17,0.53
2015-06-01,40.96,28.78,45.27,1.17,0.53
2015-06-02,40.92,29.5,45.84,0.46,0.53
2015-06-03,40.2,30.18,48.54,0.93,0.53
2015-06-04,38.36,30.08,50.52,0.26,0.53
2015-06-05,39.63,29.12,52.02,3.6,0.53
2015-06-06,40.29,27.62,55.11,2.73,0.53
2015-06-07,36.85,26.66,60.99,2.59,0.53
2015-06-08,37.6,27.27,63.03,7.7,0.54
2015-06-09,36.97,26.29,63.39,1.81,0.54
2015-06-10,36.3,25.91,64.23,2.5,0.54
2015-06-11,36.85,25.91,62.62,2.03,0.54
2015-06-12,36.3,25.73,62.04,0.78,0.54
2015-06-13,34.32,26.39,64.12,0.49,0.54
2015-06-14,33.18,25.89,67.1,1.48,0.53
2015-06-15,38.0,25.21,61.1,1.92,0.53
2015-06-16,38.28,25.44,58.97,1.65,0.53
2015-06-17,37.89,26.19,56.18,0.62,0.53
2015-06-18,38.6,27.24,55.44,1.05,0.53
2015-06-19,37.45,26.69,55.8,1.61,0.53
2015-06-20,38.17,27.15,57.12,1.08,0.53
2015-06-21,38.13,26.27,61.51,2.81,0.53
2015-06-22,37.6,25.52,64.98,4.0,0.53
2015-06-23,37.94,25.91,65.27,5.48,0.54
2015-06-24,37.54,25.67,68.95,6.96,0.55
2015-06-25,36.31,27.16,71.16,3.61,0.55
2015-06-26,36.97,26.35,69.4,4.88,0.55
2015-06-27,32.07,25.76,73.04,1.49,0.55
2015-06-28,35.47,24.72,66.09,0.71,0.55
2015-06-29,37.27,24.28,60.8,0.35,0.54
2015-06-30,37.93,24.13,61.12,0.04,0.54
2015-07-01,37.92,25.01,62.01,1.47,0.54
2015-07-02,37.29,25.43,63.29,0.63,0.54
2015-07-03,39.39,25.51,61.36,0.95,0.53
2015-07-04,40.31,26.32,57.14,0.06,0.53
2015-07-05,39.67,27.21,57.62,0.21,0.53
2015-07-06,35.47,27.32,62.84,0.88,0.53
2015-07-07,35.85,26.63,62.98,0.74,0.53
2015-07-08,33.34,26.32,68.77,2.13,0.53
2015-07-09,35.9,25.67,63.62,0.6,0.53
2015-07-10,36.5,24.73,59.14,0.65,0.53
2015-07-11,36.78,27.26,59.02,0.38,0.53
2015-07-12,36.25,27.48,60.47,0.32,0.53
2015-07-13,39.84,27.85,54.5,0.02,0.53
2015-07-14,41.77,28.89,52.39,0.27,0.53
2015-07-15,38.41,28.03,57.38,1.93,0.53
2015-07-16,39.41,26.91,58.28,0.85,0.53
2015-07-17,34.9,27.32,65.77,3.99,0.53
2015-07-18,34.71,26.23,72.22,3.45,0.54
2015-07-19,37.8,24.62,63.92,1.51,0.54
2015-07-20,38.16,24.67,62.59,0.76,0.53
2015-07-21,37.62,25.9,63.66,1.04,0.53
2015-07-22,37.59,24.98,64.66,2.35,0.53
2015-07-23,34.65,25.4,68.85,5.6,0.54
2015-07-24,33.04,25.31,77.85,5.63,0.54
2015-07-25,29.17,24.28,84.47,6.54,0.55
2015-07-26,31.2,23.8,81.42,7.3,0.56
2015-07-27,30.77,24.06,78.71,2.64,0.57
2015-07-28,31.77,24.78,79.94,2.48,0.56
2015-07-29,31.71,25.01,75.35,1.6,0.56
2015-07-30,30.5,24.72,80.07,5.2,0.57
2015-07-31,32.03,25.09,76.09,5.26,0.57
2015-08-01,30.55,24.42,76.21,0.68,0.57
2015-08-02,34.45,22.99,69.85,0.53,0.57
2015-08-03,36.36,24.29,66.92,0.76,0.57
2015-08-04,35.91,24.69,67.93,0.6,0.56
2015-08-05,36.3,25.55,64.7,0.28,0.56
2015-08-06,35.98,25.45,68.46,0.79,0.55
2015-08-07,38.02,25.55,64.68,1.05,0.55
2015-08-08,33.77,26.41,74.1,1.85,0.55
2015-08-09,31.99,26.36,74.95,1.0,0.55
2015-08-10,36.23,25.79,67.6,1.8,0.55
2015-08-11,36.9,26.27,65.31,0.32,0.55
2015-08-12,36.16,26.34,66.38,0.86,0.54
2015-08-13,32.77,25.79,75.54,3.04,0.55
2015-08-14,36.83,25.2,68.17,1.13,0.55
2015-08-15,35.89,25.33,67.55,1.38,0.54
2015-08-16,37.08,24.57,65.05,2.88,0.54
2015-08-17,37.07,24.31,64.93,2.52,0.54
2015-08-18,38.58,24.62,66.45,4.79,0.54
2015-08-19,36.87,24.48,71.37,5.17,0.55
2015-08-20,35.92,25.24,71.11,2.92,0.55
2015-08-21,37.23,25.05,67.83,1.35,0.55
2015-08-22,36.57,24.73,69.63,1.71,0.55
2015-08-23,37.3,25.27,64.58,0.8,0.54
2015-08-24,37.26,25.35,63.92,0.2,0.54
2015-08-25,37.63,26.25,61.41,0.02,0.54
2015-08-26,36.69,26.52,64.07,1.09,0.54
2015-08-27,37.0,25.46,63.13,0.86,0.54
2015-08-28,37.43,24.57,65.57,2.67,0.54
2015-08-29,36.8,24.64,65.27,2.8,0.54
2015-08-30,36.33,24.7,69.72,3.86,0.54
2015-08-31,34.3,24.82,76.85,9.98,0.55
2015-09-01,31.85,24.51,81.35,4.19,0.56
2015-09-02,32.84,24.41,77.62,4.66,0.56
2015-09-03,35.53,24.33,69.25,0.13,0.56
2015-09-04,35.57,24.66,68.18,0.18,0.56
2015-09-05,33.95,25.48,72.1,1.04,0.55
2015-09-06,35.36,25.23,71.27,0.45,0.55
2015-09-07,34.62,24.81,72.55,0.48,0.55
2015-09-08,34.16,25.24,71.91,0.77,0.55
2015-09-09,34.56,25.57,73.57,2.66,0.55
2015-09-10,34.18,25.44,73.85,0.82,0.55
2015-09-11,37.15,25.08,63.53,0.82,0.54
2015-09-12,37.92,25.28,63.51,3.16,0.54
2015-09-13,35.22,26.94,68.97,1.49,0.54
2015-09-14,37.35,25.24,62.42,0.08,0.54
2015-09-15,38.21,25.55,61.37,0.25,0.54
2015-09-16,39.2,25.29,57.87,0.65,0.54
2015-09-17,41.85,27.55,51.11,0.83,0.53
2015-09-18,39.42,27.8,57.07,6.2,0.53
2015-09-19,31.08,24.9,75.67,4.66,0.55
2015-09-20,32.56,24.58,76.23,1.51,0.55
2015-09-21,35.56,25.03,70.19,0.43,0.54
2015-09-22,39.15,24.47,65.19,1.58,0.54
2015-09-23,38.9,24.78,67.43,4.15,0.54
2015-09-24,38.07,24.73,66.03,2.55,0.54
2015-09-25,37.48,24.83,65.72,1.17,0.54
2015-09-26,37.63,26.56,60.92,0.06,0.54
2015-09-27,38.21,25.29,58.66,0.0,0.54
2015-09-28,37.39,26.08,61.09,0.02,0.53
2015-09-29,39.27,26.6,54.07,0.13,0.53
2015-09-30,37.88,27.73,59.96,2.15,0.53
2015-10-01,30.2,25.83,79.34,1.58,0.53
2015-10-02,35.65,24.53,69.0,1.35,0.54
2015-10-03,37.69,24.71,60.25,1.03,0.53
2015-10-04,35.29,25.87,62.51,0.27,0.53
2015-10-05,37.01,26.21,59.33,1.04,0.53
2015-10-06,32.52,25.99,73.39,1.63,0.53
2015-10-07,32.17,24.77,76.24,4.69,0.54
2015-10-08,33.11,25.18,78.4,10.72,0.54
2015-10-09,29.15,24.52,83.83,2.03,0.56
2015-10-10,34.69,24.15,71.62,1.74,0.56
2015-10-11,28.74,20.88,80.74,3.47,0.56
2015-10-12,28.41,20.26,79.79,2.1,0.56
2015-10-13,29.83,21.19,74.3,0.06,0.56
2015-10-14,31.54,21.78,67.97,0.01,0.55
2015-10-15,34.31,22.66,65.4,0.19,0.55
2015-10-16,35.8,22.82,60.91,0.0,0.55
2015-10-17,36.95,23.23,58.19,0.12,0.54
2015-10-18,36.0,24.06,57.98,0.91,0.54
2015-10-19,37.13,23.53,52.8,0.0,0.54
2015-10-20,37.47,23.12,51.07,0.0,0.54
2015-10-21,37.73,23.62,48.41,0.0,0.53
2015-10-22,37.02,23.17,49.64,0.0,0.53
2015-10-23,37.35,22.73,48.44,0.0,0.53
2015-10-24,37.19,22.88,48.92,0.0,0.53
2015-10-25,36.07,23.99,51.1,0.0,0.53
2015-10-26,37.86,23.49,49.9,0.0,0.53
2015-10-27,37.12,23.47,51.86,0.0,0.53
2015-10-28,36.25,24.33,53.43,0.02,0.53
2015-10-29,35.04,24.41,56.61,0.32,0.52
2015-10-30,31.04,21.72,67.21,3.85,0.53
2015-10-31,33.34,21.96,65.13,2.87,0.53
2015-11-01,33.1,21.94,64.93,0.73,0.53
2015-11-02,34.14,22.34,60.69,0.58,0.53
2015-11-03,35.22,20.88,56.01,0.21,0.53
2015-11-04,35.22,21.23,60.0,0.0,0.53
2015-11-05,35.43,21.73,57.83,0.0,0.53
2015-11-06,35.52,22.82,52.4,0.0,0.53
2015-11-07,35.91,23.12,48.35,0.0,0.53
2015-11-08,36.02,22.61,44.05,0.0,0.53
2015-11-09,36.44,21.51,44.71,0.0,0.52
2015-11-10,34.93,22.31,53.94,0.81,0.52
2015-11-11,34.53,22.95,53.58,0.69,0.52
2015-11-12,35.28,20.7,47.76,0.23,0.52
2015-11-13,35.56,22.29,44.71,0.0,0.52
2015-11-14,35.43,21.64,48.15,0.0,0.52
2015-11-15,34.22,18.25,48.52,0.0,0.52
2015-11-16,34.02,18.56,43.17,0.0,0.52
2015-11-17,33.64,18.93,47.31,1.16,0.52
2015-11-18,32.48,21.54,43.85,0.12,0.52
2015-11-19,34.38,21.62,45.62,0.0,0.52
2015-11-20,34.35,20.15,44.04,0.0,0.52
2015-11-21,34.87,19.78,43.46,0.0,0.52
2015-11-22,34.99,18.7,39.05,0.0,0.52
2015-11-23,34.7,17.98,36.06,0.0,0.52
2015-11-24,34.14,18.44,40.99,0.0,0.52
2015-11-25,34.53,18.04,37.36,0.0,0.52
2015-11-26,34.28,17.22,39.23,0.34,0.52
2015-11-27,33.59,17.53,41.6,0.25,0.52
2015-11-28,33.44,16.56,45.45,0.0,0.52
2015-11-29,33.88,18.62,44.96,0.0,0.52
2015-11-30,34.6,19.91,37.36,0.0,0.52
2015-12-01,34.24,18.76,37.16,0.0,0.52
2015-12-02,32.81,21.54,36.35,0.01,0.52
2015-12-03,28.41,19.74,52.66,0.34,0.52
2015-12-04,31.77,17.23,56.41,2.13,0.52
2015-12-05,31.34,18.16,51.2,0.0,0.52
2015-12-06,31.16,17.03,46.81,0.0,0.52
2015-12-07,31.56,18.73,42.07,0.02,0.52
2015-12-08,30.84,17.78,45.53,0.01,0.52
2015-12-09,30.03,17.67,45.22,0.0,0.52
2015-12-10,31.08,17.25,40.64,0.0,0.52
2015-12-11,31.34,18.61,46.19,0.0,0.52
2015-12-12,31.73,18.03,42.56,0.0,0.52
2015-12-13,32.46,18.73,40.05,0.0,0.52
2015-12-14,31.96,17.34,46.04,0.41,0.52
2015-12-15,30.4,16.37,53.7,0.49,0.52
2015-12-16,30.97,17.94,50.63,0.03,0.52
2015-12-17,30.87,16.0,46.64,0.23,0.52
2015-12-18,31.28,12.41,37.28,0.04,0.52
2015-12-19,27.26,16.71,65.21,1.59,0.52
2015-12-20,29.13,16.03,54.42,0.0,0.52
2015-12-21,29.43,13.14,37.71,0.0,0.52
2015-12-22,28.84,11.34,33.2,0.03,0.52
2015-12-23,28.86,12.29,35.84,0.02,0.52
2015-12-24,29.52,13.65,44.42,0.0,0.52
2015-12-25,29.89,14.49,47.43,0.01,0.52
2015-12-26,29.62,17.01,47.73,0.0,0.52
2015-12-27,29.92,15.24,46.83,0.0,0.52
2015-12-28,30.11,15.15,41.39,0.0,0.52
2015-12-29,29.93,14.53,37.15,0.0,0.52
2015-12-30,30.51,14.96,34.86,0.0,0.52
2015-12-31,28.72,17.07,37.6,0.03,0.52
2016-01-01,31.24,17.12,40.72,0.09,0.52
2016-01-02,31.49,16.63,40.6,0.0,0.52
2016-01-03,30.27,14.49,31.91,0.0,0.52
2016-01-04,29.25,13.89,33.47,0.0,0.52
2016-01-05,29.5,13.68,33.24,0.0,0.52
2016-01-06,29.66,13.08,32.7,0.0,0.52
2016-01-07,30.28,13.49,33.54,0.0,0.52
2016-01-08,29.78,15.11,30.68,0.0,0.52
2016-01-09,28.34,13.54,39.16,0.89,0.52
2016-01-10,28.24,13.4,43.46,0.01,0.52
2016-01-11,28.04,13.17,44.19,0.0,0.52
2016-01-12,28.46,13.11,40.61,0.0,0.52
2016-01-13,29.08,13.97,36.28,0.0,0.52
2016-01-14,28.31,11.25,32.62,0.0,0.52
2016-01-15,28.42,12.37,30.88,0.0,0.52
2016-01-16,27.66,11.29,37.83,0.0,0.52
2016-01-17,28.69,12.21,36.55,0.0,0.52
2016-01-18,28.25,12.13,38.73,0.0,0.52
2016-01-19,30.01,13.49,36.19,0.0,0.52
2016-01-20,31.18,14.82,32.0,0.35,0.52
2016-01-21,31.1,15.37,35.65,1.29,0.52
2016-01-22,29.08,17.65,55.61,0.03,0.52
2016-01-23,29.62,18.19,47.0,0.0,0.52
2016-01-24,29.96,14.9,41.3,0.05,0.52
2016-01-25,28.19,13.01,51.37,0.65,0.52
2016-01-26,26.88,13.48,59.02,0.06,0.52
2016-01-27,27.76,11.2,42.73,0.0,0.52
2016-01-28,28.38,11.29,34.92,0.01,0.52
2016-01-29,29.32,12.44,36.68,0.0,0.52
2016-01-30,29.44,13.7,41.45,0.0,0.52
2016-01-31,30.03,14.23,43.45,0.0,0.52
2016-02-01,31.36,14.68,39.25,0.0,0.52
2016-02-02,32.35,14.9,35.64,0.0,0.52
2016-02-03,31.79,14.57,34.41,0.0,0.52
2016-02-04,30.89,14.32,33.24,0.0,0.52
2016-02-05,31.07,14.77,37.95,0.0,0.52
2016-02-06,32.54,15.37,38.05,0.0,0.52
2016-02-07,31.99,17.16,39.41,0.0,0.52
2016-02-08,30.66,16.95,42.52,0.05,0.52
2016-02-09,30.85,17.11,48.1,0.37,0.52
2016-02-10,31.94,18.29,48.54,0.64,0.52
2016-02-11,31.65,17.89,49.79,1.51,0.52
2016-02-12,32.48,17.26,43.44,0.15,0.52
2016-02-13,32.91,18.3,40.86,0.0,0.52
2016-02-14,33.99,18.27,37.8,0.0,0.52
2016-02-15,34.62,19.14,32.48,0.0,0.52
2016-02-16,35.64,19.2,31.9,0.0,0.52
2016-02-17,35.83,19.4,32.77,0.0,0.52
2016-02-18,35.44,20.33,34.3,0.0,0.52
2016-02-19,36.16,20.27,35.56,0.0,0.52
2016-02-20,37.35,22.79,34.56,0.0,0.52
2016-02-21,38.14,20.77,43.33,0.24,0.52
2016-02-22,37.2,21.47,44.14,0.0,0.52
2016-02-23,35.54,20.01,46.15,0.9,0.52
2016-02-24,35.59,22.59,43.66,1.31,0.52
2016-02-25,31.86,23.87,48.06,0.71,0.52
2016-02-26,34.21,22.18,48.56,1.11,0.53
2016-02-27,33.62,21.48,50.56,0.2,0.53
2016-02-28,32.38,20.7,52.83,0.0,0.53
2016-02-29,33.0,22.38,42.24,0.04,0.52
2016-03-01,35.49,20.57,39.85,0.0,0.52
2016-03-02,35.22,19.64,34.69,0.0,0.52
2016-03-03,36.41,22.45,30.69,0.0,0.52
2016-03-04,37.02,21.28,32.06,0.0,0.52
2016-03-05,36.73,22.43,28.11,0.0,0.52
2016-03-06,37.29,23.86,27.39,0.0,0.52
2016-03-07,38.18,22.13,30.64,0.0,0.52
2016-03-08,37.87,22.94,35.08,0.0,0.52
2016-03-09,38.87,22.59,35.19,0.17,0.52
2016-03-10,37.37,25.05,35.74,0.0,0.52
2016-03-11,36.9,25.14,34.4,0.0,0.52
2016-03-12,38.69,24.91,34.83,0.02,0.52
2016-03-13,36.08,24.72,36.16,0.0,0.52
2016-03-14,39.42,24.13,30.97,0.0,0.52
2016-03-15,36.55,24.79,29.72,0.0,0.52
2016-03-16,36.39,23.85,34.12,0.01,0.52
2016-03-17,36.54,22.91,33.7,0.0,0.52
2016-03-18,37.09,22.71,29.38,0.0,0.52
2016-03-19,38.44,20.96,25.64,0.37,0.52
2016-03-20,37.87,23.28,34.12,0.28,0.52
2016-03-21,38.89,24.42,39.07,4.55,0.53
2016-03-22,37.98,22.83,43.81,0.35,0.53
2016-03-23,37.65,23.0,40.61,0.57,0.53
2016-03-24,38.35,23.74,34.47,0.0,0.53
2016-03-25,39.23,21.79,25.71,0.0,0.52
2016-03-26,39.57,23.17,30.15,0.0,0.52
2016-03-27,38.9,25.3,37.45,1.37,0.52
2016-03-28,36.64,24.28,43.84,4.8,0.53
2016-03-29,36.01,20.99,50.02,0.05,0.53
2016-03-30,36.59,24.92,47.61,1.33,0.53
2016-03-31,34.87,24.62,57.46,3.99,0.53
2016-04-01,33.65,23.36,59.65,2.89,0.54
2016-04-02,34.43,21.57,59.86,0.76,0.54
2016-04-03,37.53,24.0,49.04,0.09,0.53
2016-04-04,40.01,26.48,41.55,0.18,0.53
2016-04-05,38.9,24.38,45.46,1.36,0.53
2016-04-06,41.5,23.95,43.99,0.14,0.53
2016-04-07,41.41,24.82,42.76,0.07,0.53
2016-04-08,41.95,26.15,37.93,0.0,0.52
2016-04-09,41.83,26.09,36.56,0.01,0.52
2016-04-10,43.45,25.47,35.77,0.0,0.52
2016-04-11,43.29,25.15,30.55,0.0,0.52
2016-04-12,43.47,26.62,35.51,0.1,0.52
2016-04-13,43.08,26.29,36.83,0.94,0.52
2016-04-14,41.51,25.69,38.87,0.73,0.52
2016-04-15,41.61,25.91,40.43,0.74,0.52
2016-04-16,41.56,26.4,39.5,1.33,0.52
2016-04-17,41.25,25.16,40.06,0.11,0.52
2016-04-18,43.77,26.83,34.58,0.09,0.52
2016-04-19,41.55,27.26,33.87,0.01,0.52
2016-04-20,43.09,26.26,32.9,0.0,0.52
2016-04-21,43.8,26.02,36.87,0.09,0.52
2016-04-22,42.12,26.38,43.15,0.81,0.52
2016-04-23,42.48,26.57,46.4,2.0,0.52
2016-04-24,40.28,27.01,50.68,3.17,0.53
2016-04-25,40.5,26.25,50.11,1.0,0.53
2016-04-26,41.14,27.39,42.9,0.03,0.53
2016-04-27,39.57,28.21,38.82,0.15,0.53
2016-04-28,43.82,27.5,36.99,0.16,0.52
2016-04-29,41.06,28.58,37.69,0.0,0.52
2016-04-30,40.26,28.19,37.45,0.96,0.52
2016-05-01,37.62,27.73,48.69,3.19,0.53
2016-05-02,35.58,26.29,56.29,4.11,0.53
2016-05-03,37.31,23.97,57.4,3.0,0.53
2016-05-04,38.26,24.23,51.54,0.02,0.53
2016-05-05,38.16,26.5,48.59,0.68,0.53
2016-05-06,40.16,26.1,40.83,0.0,0.53
2016-05-07,40.1,27.54,36.18,0.0,0.53
2016-05-08,41.95,27.52,33.49,0.06,0.52
2016-05-09,36.71,30.3,41.29,0.0,0.52
2016-05-10,40.17,28.39,36.52,0.0,0.52
2016-05-11,40.69,30.26,33.97,0.01,0.52
2016-05-12,41.04,29.91,35.44,0.86,0.52
2016-05-13,40.28,29.51,36.3,1.14,0.52
2016-05-14,43.55,27.28,36.29,0.43,0.52
2016-05-15,43.53,29.09,35.34,0.67,0.52
2016-05-16,39.65,31.21,38.46,1.37,0.52
2016-05-17,42.47,29.41,41.4,4.07,0.53
2016-05-18,40.22,27.77,50.81,4.97,0.53
2016-05-19,31.29,25.75,72.43,11.27,0.55
2016-05-20,28.85,24.95,82.08,13.23,0.56
2016-05-21,30.59,24.73,78.99,13.92,0.59
2016-05-22,36.95,26.76,63.7,2.31,0.59
2016-05-23,32.7,25.3,77.9,7.49,0.59
2016-05-24,33.47,24.61,74.76,0.73,0.59
2016-05-25,34.38,25.65,67.61,1.84,0.59
2016-05-26,37.57,24.99,64.54,2.12,0.59
2016-05-27,37.66,25.19,62.31,0.28,0.58
2016-05-28,38.14,25.24,59.17,0.24,0.58
2016-05-29,37.81,25.78,60.28,0.28,0.57
2016-05-30,36.95,26.28,59.93,0.07,0.57
2016-05-31,38.6,26.54,52.71,0.86,0.56
2016-06-01,37.49,25.64,58.13,0.29,0.56
2016-06-02,35.99,26.08,59.35,0.12,0.55
2016-06-03,38.07,25.55,59.45,0.26,0.55
2016-06-04,35.51,25.79,63.76,1.84,0.55
2016-06-05,35.48,26.08,66.11,2.26,0.55
2016-06-06,36.82,24.63,59.8,2.12,0.55
2016-06-07,37.23,24.69,63.06,2.59,0.55
2016-06-08,36.36,25.05,65.94,4.57,0.55
2016-06-09,33.79,25.51,66.07,1.9,0.55
2016-06-10,32.88,24.86,68.57,2.81,0.55
2016-06-11,33.27,25.27,72.36,3.81,0.55
2016-06-12,36.33,25.16,68.68,1.94,0.55
2016-06-13,34.74,24.65,67.51,0.66,0.55
2016-06-14,36.64,24.15,65.65,0.35,0.55
2016-06-15,36.33,25.66,64.75,0.87,0.55
2016-06-16,36.9,25.65,65.75,1.53,0.54
2016-06-17,37.69,25.78,65.07,1.84,0.54
2016-06-18,37.0,25.92,62.55,0.75,0.54
2016-06-19,35.95,26.19,62.07,0.21,0.54
2016-06-20,39.15,25.98,55.16,0.18,0.54
2016-06-21,38.25,27.37,54.43,0.13,0.53
2016-06-22,37.62,27.32,56.78,0.53,0.53
2016-06-23,38.15,27.3,56.64,0.41,0.53
2016-06-24,39.76,27.12,55.56,0.24,0.53
2016-06-25,36.97,27.17,59.07,2.35,0.53
2016-06-26,39.13,26.13,57.46,0.43,0.53
2016-06-27,38.83,26.72,57.18,0.91,0.53
2016-06-28,39.66,27.57,54.38,0.4,0.53
2016-06-29,39.6,27.84,54.07,0.65,0.53
2016-06-30,38.22,28.07,57.21,1.19,0.53
2016-07-01,34.56,26.43,67.45,2.87,0.53
2016-07-02,34.91,25.84,68.64,2.55,0.53
2016-07-03,34.83,25.45,70.94,7.55,0.54
2016-07-04,35.69,25.95,68.35,5.09,0.55
2016-07-05,37.34,25.57,67.26,3.56,0.55
2016-07-06,38.42,25.45,66.87,3.14,0.55
2016-07-07,37.68,25.7,66.46,1.08,0.55
2016-07-08,37.42,25.53,63.92,0.51,0.54
2016-07-09,34.83,26.76,71.5,1.53,0.54
2016-07-10,33.58,25.28,71.36,1.6,0.54
2016-07-11,36.54,25.05,66.34,2.1,0.54
2016-07-12,35.45,25.3,67.29,0.98,0.54
2016-07-13,35.2,25.42,69.92,0.78,0.54
2016-07-14,36.23,25.62,70.32,3.98,0.54
2016-07-15,34.02,24.59,72.95,1.31,0.54
2016-07-16,32.69,25.11,73.72,4.36,0.55
2016-07-17,36.29,24.72,67.57,0.93,0.55
2016-07-18,35.47,24.71,65.58,0.63,0.54
2016-07-19,35.47,25.28,65.14,0.5,0.54
2016-07-20,38.05,25.08,62.36,0.5,0.54
2016-07-21,36.37,25.85,65.15,0.59,0.54
2016-07-22,33.9,25.3,67.68,1.12,0.54
2016-07-23,33.87,25.3,69.54,1.34,0.54
2016-07-24,33.35,24.88,67.47,1.8,0.54
2016-07-25,31.52,24.26,71.99,1.05,0.54
2016-07-26,39.04,23.17,58.96,0.18,0.53
2016-07-27,39.49,26.34,55.63,0.93,0.53
2016-07-28,34.49,28.44,62.27,1.0,0.53
2016-07-29,33.37,27.02,68.36,1.43,0.53
2016-07-30,30.98,25.85,75.96,0.86,0.53
2016-07-31,33.75,24.34,72.34,2.77,0.54
2016-08-01,35.75,25.28,69.06,0.55,0.54
2016-08-02,37.28,26.04,65.27,0.82,0.53
2016-08-03,35.42,25.77,67.81,0.64,0.53
2016-08-04,32.92,25.95,71.84,1.61,0.53
2016-08-05,34.54,25.33,72.89,6.27,0.54
2016-08-06,36.09,24.11,68.22,1.83,0.54
2016-08-07,36.54,24.39,65.88,0.92,0.54
2016-08-08,34.13,24.39,73.42,4.2,0.54
2016-08-09,35.46,24.34,69.19,2.95,0.54
2016-08-10,36.22,24.1,69.58,3.52,0.54
2016-08-11,37.31,24.73,68.92,1.85,0.54
2016-08-12,37.54,25.75,65.22,2.4,0.54
2016-08-13,34.02,26.19,74.3,5.19,0.54
2016-08-14,36.45,25.55,66.42,0.39,0.55
2016-08-15,37.01,25.67,67.39,2.07,0.54
2016-08-16,34.53,25.72,73.39,2.31,0.54
2016-08-17,35.14,24.51,67.72,0.69,0.54
2016-08-18,37.74,25.1,64.26,0.34,0.54
2016-08-19,38.1,27.32,56.84,0.47,0.54
2016-08-20,36.43,26.81,64.87,5.77,0.54
2016-08-21,33.05,24.98,71.02,0.38,0.54
2016-08-22,37.18,23.81,62.34,0.23,0.54
2016-08-23,36.55,26.3,64.5,0.61,0.54
2016-08-24,37.12,26.44,62.21,1.02,0.54
2016-08-25,37.76,26.68,62.73,0.59,0.53
2016-08-26,33.79,26.53,74.17,4.2,0.54
2016-08-27,32.31,26.6,77.5,3.24,0.54
2016-08-28,36.75,25.73,68.26,0.33,0.54
2016-08-29,35.8,26.0,68.72,0.57,0.54
2016-08-30,34.58,25.57,72.08,2.91,0.54
2016-08-31,36.78,23.92,71.37,8.07,0.54
2016-09-01,34.42,24.26,74.53,4.36,0.55
2016-09-02,35.38,25.11,74.95,3.86,0.55
2016-09-03,35.59,25.09,72.67,3.02,0.55
2016-09-04,34.85,25.09,74.29,5.96,0.56
2016-09-05,36.05,24.77,72.27,2.21,0.56
2016-09-06,35.67,25.17,72.26,3.91,0.56
2016-09-07,36.47,24.6,68.87,0.2,0.56
2016-09-08,36.64,25.19,65.67,0.11,0.55
2016-09-09,36.89,25.44,65.86,0.4,0.55
2016-09-10,36.1,25.41,66.25,1.15,0.55
2016-09-11,32.7,25.81,73.34,0.5,0.55
2016-09-12,36.11,24.93,68.41,2.11,0.54
2016-09-13,36.01,24.95,65.92,1.28,0.54
2016-09-14,38.55,25.17,58.48,0.33,0.54
2016-09-15,37.61,25.6,61.74,0.5,0.54
2016-09-16,33.48,26.3,73.95,3.02,0.54
2016-09-17,33.33,25.62,76.84,1.89,0.54
2016-09-18,32.28,25.82,77.43,0.68,0.54
2016-09-19,32.36,25.62,77.64,1.18,0.54
2016-09-20,31.94,25.22,77.43,1.89,0.54
2016-09-21,32.91,24.46,74.54,3.5,0.55
2016-09-22,37.57,24.67,62.61,0.52,0.54
2016-09-23,37.22,25.11,63.1,1.04,0.54
2016-09-24,36.6,25.68,65.92,2.28,0.54
2016-09-25,37.11,25.72,66.08,0.78,0.54
2016-09-26,35.89,25.41,68.69,2.41,0.54
2016-09-27,35.18,25.27,74.99,8.22,0.55
2016-09-28,36.92,25.0,70.05,1.3,0.55
2016-09-29,34.93,25.57,72.19,1.37,0.55
2016-09-30,35.35,24.91,73.75,4.57,0.55
2016-10-01,30.87,25.03,82.43,11.56,0.56
2016-10-02,35.34,25.05,69.16,0.53,0.57
2016-10-03,34.79,25.96,69.74,3.49,0.57
2016-10-04,34.3,26.19,71.09,0.76,0.56
2016-10-05,35.48,25.06,68.83,0.25,0.56
2016-10-06,36.75,25.24,65.12,0.52,0.56
2016-10-07,36.05,25.12,68.85,1.44,0.55
2016-10-08,35.74,24.53,72.68,3.82,0.55
2016-10-09,34.69,24.5,75.38,5.87,0.56
2016-10-10,35.23,23.87,74.66,3.59,0.56
2016-10-11,32.68,23.35,77.75,7.15,0.57
2016-10-12,33.64,21.61,75.97,10.02,0.58
2016-10-13,34.91,24.07,71.05,1.2,0.58
2016-10-14,35.96,24.49,67.19,0.32,0.58
2016-10-15,36.73,24.85,64.0,0.0,0.57
2016-10-16,37.28,25.87,61.82,0.04,0.57
2016-10-17,35.03,26.36,67.79,0.65,0.56
2016-10-18,34.04,26.13,70.13,0.37,0.56
2016-10-19,35.83,25.25,65.23,0.95,0.56
2016-10-20,36.14,25.03,63.16,0.23,0.55
2016-10-21,36.65,24.85,61.85,0.0,0.55
2016-10-22,35.9,24.43,62.48,0.0,0.55
2016-10-23,35.64,24.63,65.26,0.0,0.55
2016-10-24,34.94,24.61,65.92,0.32,0.54
2016-10-25,35.42,24.22,64.61,0.81,0.54
2016-10-26,35.05,24.16,65.74,0.45,0.54
2016-10-27,33.34,24.39,70.14,1.79,0.54
2016-10-28,29.2,23.14,80.55,5.02,0.55
2016-10-29,28.17,23.38,85.91,2.03,0.55
2016-10-30,33.71,22.08,73.42,1.6,0.55
2016-10-31,33.57,23.14,71.22,0.17,0.55
2016-11-01,35.02,23.32,62.28,0.0,0.55
2016-11-02,32.31,25.1,66.21,0.13,0.54
2016-11-03,32.02,23.62,69.77,2.25,0.54
2016-11-04,32.54,23.81,74.79,10.91,0.55
2016-11-05,31.24,21.94,78.81,20.54,0.59
2016-11-06,32.49,23.37,78.32,4.64,0.6
2016-11-07,30.87,23.75,81.45,7.28,0.6
2016-11-08,32.26,23.0,78.05,1.32,0.6
2016-11-09,33.42,23.12,76.6,0.02,0.59
2016-11-10,33.29,23.31,74.53,0.13,0.59
2016-11-11,33.96,22.82,69.57,0.07,0.58
2016-11-12,32.77,20.11,65.68,0.0,0.58
2016-11-13,33.56,21.6,66.17,0.0,0.58
2016-11-14,33.72,21.0,54.72,0.0,0.57
2016-11-15,33.07,18.92,55.52,0.08,0.57
2016-11-16,33.88,19.13,59.52,0.0,0.57
2016-11-17,34.25,19.99,62.7,0.0,0.56
2016-11-18,34.26,20.09,59.19,0.0,0.56
2016-11-19,33.38,18.77,52.9,0.0,0.56
2016-11-20,32.79,17.42,47.07,0.0,0.55
2016-11-21,32.17,16.21,50.1,0.0,0.55
2016-11-22,31.81,16.04,51.05,0.0,0.55
2016-11-23,31.11,15.51,50.27,0.0,0.55
2016-11-24,30.49,15.12,51.88,0.0,0.54
2016-11-25,30.95,15.64,50.94,0.0,0.54
2016-11-26,31.44,17.07,52.69,0.0,0.54
2016-11-27,31.75,17.47,53.0,0.0,0.54
2016-11-28,31.17,18.63,57.96,0.05,0.54
2016-11-29,31.28,16.99,54.57,0.0,0.54
2016-11-30,31.85,17.31,53.16,0.0,0.53
2016-12-01,32.85,15.53,57.59,0.01,0.53
2016-12-02,33.22,19.24,58.28,0.0,0.53
2016-12-03,32.93,20.13,57.48,0.0,0.53
2016-12-04,33.72,20.29,49.08,0.0,0.53
2016-12-05,32.46,17.32,44.1,0.0,0.53
2016-12-06,32.39,16.75,45.45,0.0,0.53
2016-12-07,33.37,17.59,44.8,0.0,0.53
2016-12-08,33.88,18.27,44.8,0.0,0.53
2016-12-09,33.11,17.64,43.26,0.0,0.53
2016-12-10,33.45,16.67,43.04,0.0,0.53
2016-12-11,33.71,18.23,46.15,0.0,0.53
2016-12-12,33.61,20.08,50.02,0.0,0.52
2016-12-13,33.39,19.95,44.45,0.0,0.52
2016-12-14,33.73,18.55,42.02,0.0,0.52
2016-12-15,33.5,18.23,43.57,0.0,0.52
2016-12-16,33.68,18.9,44.57,0.0,0.52
2016-12-17,31.94,20.05,58.19,0.0,0.52
2016-12-18,33.01,18.84,55.98,0.0,0.52
2016-12-19,32.13,17.04,48.59,0.0,0.52
2016-12-20,30.74,15.24,42.18,0.0,0.52
2016-12-21,31.17,16.53,40.46,0.0,0.52
2016-12-22,31.34,16.99,41.97,0.0,0.52
2016-12-23,31.32,18.02,43.23,0.0,0.52
2016-12-24,32.31,14.78,50.88,0.0,0.52
2016-12-25,31.41,13.97,46.23,0.0,0.52
2016-12-26,32.05,14.63,44.93,0.16,0.52
2016-12-27,31.98,15.62,46.43,0.0,0.52
2016-12-28,31.9,16.97,44.94,0.0,0.52
2016-12-29,31.98,16.31,43.57,0.0,0.52
2016-12-30,32.02,16.9,42.37,0.0,0.52
2016-12-31,31.89,20.04,45.09,0.0,0.52
2017-01-01,32.28,17.86,45.66,0.0,0.52
2017-01-02,32.5,19.82,46.07,0.02,0.52
2017-01-03,29.55,20.53,61.22,3.45,0.52
2017-01-04,31.14,16.92,59.12,1.87,0.53
2017-01-05,29.62,16.77,54.74,0.0,0.53
2017-01-06,30.5,16.0,49.07,0.0,0.53
2017-01-07,30.54,15.65,44.67,0.0,0.53
2017-01-08,30.57,14.03,39.69,0.0,0.53
2017-01-09,30.1,13.71,37.25,0.0,0.53
2017-01-10,31.38,13.48,35.53,0.0,0.52
2017-01-11,30.64,14.08,37.54,0.0,0.52
2017-01-12,28.92,14.35,40.04,0.0,0.52
2017-01-13,29.0,13.8,43.3,0.0,0.52
2017-01-14,28.76,13.12,40.04,0.0,0.52
2017-01-15,29.72,12.83,35.06,0.0,0.52
2017-01-16,31.71,13.05,30.81,0.0,0.52
2017-01-17,31.3,14.38,29.46,0.0,0.52
2017-01-18,31.71,13.99,29.97,0.0,0.52
2017-01-19,32.07,14.24,31.15,0.0,0.52
2017-01-20,32.7,15.09,30.63,0.0,0.52
2017-01-21,33.21,14.27,28.53,0.0,0.52
2017-01-22,33.86,15.48,28.86,0.0,0.52
2017-01-23,33.38,16.08,33.16,0.0,0.52
2017-01-24,32.83,16.69,31.26,0.0,0.52
2017-01-25,33.41,16.19,33.33,0.0,0.52
2017-01-26,33.31,16.5,34.78,0.0,0.52
2017-01-27,34.02,17.51,33.07,0.0,0.52
2017-01-28,34.06,17.55,29.61,0.0,0.52
2017-01-29,31.5,17.37,38.72,0.0,0.52
2017-01-30,32.81,16.28,37.46,0.0,0.52
2017-01-31,32.86,15.21,33.8,0.0,0.52
2017-02-01,32.27,15.21,32.88,0.0,0.52
2017-02-02,32.47,16.06,32.29,0.01,0.52
2017-02-03,31.41,15.49,39.49,0.58,0.52
2017-02-04,32.57,15.48,37.84,0.0,0.52
2017-02-05,34.44,15.36,32.65,0.0,0.52
2017-02-06,33.75,16.24,33.65,0.0,0.52
2017-02-07,33.19,16.4,38.28,0.0,0.52
2017-02-08,32.94,16.87,33.6,0.0,0.52
2017-02-09,34.83,16.84,29.56,0.0,0.52
2017-02-10,34.51,16.53,25.11,0.0,0.52
2017-02-11,34.11,16.32,20.34,0.0,0.52
2017-02-12,34.15,16.26,22.46,0.0,0.52
2017-02-13,33.99,16.82,28.95,0.0,0.52
2017-02-14,33.58,18.01,30.64,0.0,0.52
2017-02-15,34.05,21.24,30.37,0.0,0.52
2017-02-16,34.23,18.97,31.7,0.0,0.52
2017-02-17,35.37,19.4,31.49,0.0,0.52
2017-02-18,35.89,19.37,32.87,0.0,0.52
2017-02-19,35.95,19.77,27.82,0.0,0.52
2017-02-20,34.46,18.43,39.51,0.55,0.52
2017-02-21,35.1,19.35,46.56,0.2,0.52
2017-02-22,36.07,18.02,44.06,0.24,0.52
2017-02-23,36.23,18.53,44.11,1.32,0.52
2017-02-24,35.59,20.42,41.11,0.0,0.52
2017-02-25,34.12,18.69,30.12,0.0,0.52
2017-02-26,34.41,16.24,22.3,0.0,0.52
2017-02-27,33.74,15.93,23.25,0.0,0.52
2017-02-28,34.52,16.33,24.8,0.0,0.52
2017-03-01,35.49,17.25,23.75,0.0,0.52
2017-03-02,36.77,18.61,21.76,0.0,0.52
2017-03-03,37.3,18.18,24.26,0.0,0.52
2017-03-04,36.09,18.89,31.81,0.0,0.52
2017-03-05,36.54,17.67,34.03,2.22,0.52
2017-03-06,35.45,18.62,43.67,4.57,0.53
2017-03-07,34.71,19.91,51.13,1.11,0.53
2017-03-08,34.36,20.97,48.41,2.95,0.53
2017-03-09,33.74,19.61,58.48,5.17,0.53
2017-03-10,32.51,19.65,67.78,10.76,0.55
2017-03-11,33.79,19.87,69.55,23.28,0.57
2017-03-12,32.73,19.88,71.32,8.6,0.6
2017-03-13,32.31,18.87,58.84,0.0,0.59
2017-03-14,32.2,19.58,48.11,0.0,0.58
2017-03-15,33.32,17.55,50.75,0.0,0.58
2017-03-16,33.16,16.78,47.89,0.0,0.57
2017-03-17,33.35,16.04,49.58,0.11,0.57
2017-03-18,33.65,16.53,49.92,1.11,0.57
2017-03-19,34.2,17.4,53.32,0.44,0.56
2017-03-20,34.04,18.81,52.47,0.94,0.56
2017-03-21,31.46,17.63,54.69,0.0,0.56
2017-03-22,33.47,16.55,49.23,0.0,0.55
2017-03-23,34.96,18.34,48.91,0.0,0.55
2017-03-24,36.08,19.05,48.57,0.01,0.54
2017-03-25,36.71,19.68,49.0,1.25,0.54
2017-03-26,36.45,20.44,45.79,0.0,0.54
2017-03-27,38.11,23.54,43.4,0.25,0.54
2017-03-28,37.71,23.17,45.82,0.03,0.53
2017-03-29,37.27,23.86,45.55,2.03,0.53
2017-03-30,38.46,21.47,50.39,3.05,0.53
2017-03-31,37.59,23.03,52.06,0.6,0.54
2017-04-01,39.51,23.86,45.37,0.78,0.53
2017-04-02,39.01,23.44,49.35,1.58,0.53
2017-04-03,35.58,21.55,57.87,7.72,0.54
2017-04-04,34.11,22.97,66.94,8.71,0.56
2017-04-05,36.52,20.62,59.41,1.26,0.55
2017-04-06,38.23,22.88,53.55,0.82,0.55
2017-04-07,39.05,25.03,52.73,0.0,0.54
2017-04-08,39.5,24.89,48.77,0.08,0.54
2017-04-09,40.11,25.92,46.51,0.0,0.54
2017-04-10,40.68,25.53,41.81,0.0,0.53
2017-04-11,38.91,23.31,41.78,0.0,0.53
2017-04-12,38.82,23.94,36.11,0.0,0.53
2017-04-13,39.79,23.73,34.31,0.0,0.53
2017-04-14,37.27,23.42,37.42,0.02,0.53
2017-04-15,38.19,24.37,43.36,0.25,0.52
2017-04-16,35.97,24.33,51.47,2.12,0.52
2017-04-17,35.76,23.02,61.01,2.08,0.53
2017-04-18,37.38,24.15,49.76,0.26,0.53
2017-04-19,37.27,25.43,50.28,7.05,0.54
2017-04-20,36.79,23.4,63.85,13.32,0.55
2017-04-21,32.66,24.0,68.38,6.72,0.56
2017-04-22,31.8,24.36,76.31,8.37,0.57
2017-04-23,35.73,23.4,65.5,5.45,0.58
2017-04-24,36.59,23.03,66.07,5.71,0.58
2017-04-25,37.25,23.07,64.54,3.15,0.58
2017-04-26,37.86,23.64,62.55,2.0,0.58
2017-04-27,38.62,23.79,57.18,0.0,0.57
2017-04-28,38.0,26.43,54.62,0.38,0.57
2017-04-29,36.2,24.46,57.29,0.1,0.56
2017-04-30,37.42,24.97,54.6,0.35,0.56
2017-05-01,38.78,24.09,52.44,1.04,0.55
2017-05-02,39.37,24.25,50.45,0.03,0.55
2017-05-03,39.19,25.72,48.64,0.0,0.54
2017-05-04,39.71,26.76,47.41,0.0,0.54
2017-05-05,40.98,25.85,42.27,0.03,0.54
2017-05-06,40.91,24.12,47.9,1.12,0.53
2017-05-07,38.81,27.15,43.27,0.05,0.53
2017-05-08,39.43,27.92,42.06,0.0,0.53
2017-05-09,36.46,29.39,45.21,0.09,0.53
2017-05-10,39.25,27.28,42.85,0.01,0.53
2017-05-11,39.5,28.17,43.39,0.01,0.53
2017-05-12,42.03,29.18,38.22,0.13,0.53
2017-05-13,41.35,30.46,39.96,1.25,0.53
2017-05-14,42.25,29.46,42.36,0.78,0.53
2017-05-15,37.12,29.92,50.63,2.36,0.53
2017-05-16,41.25,27.76,46.48,3.31,0.53
2017-05-17,36.83,27.87,57.73,1.5,0.53
2017-05-18,38.93,26.75,55.57,0.55,0.53
2017-05-19,41.74,28.66,46.05,0.62,0.53
2017-05-20,42.01,27.95,42.8,1.89,0.53
2017-05-21,41.39,29.05,46.2,0.48,0.53
2017-05-22,42.17,30.35,42.98,0.08,0.53
2017-05-23,41.14,31.49,41.63,0.02,0.52
2017-05-24,41.98,32.16,38.2,0.36,0.52
2017-05-25,40.19,31.21,47.17,0.0,0.52
2017-05-26,38.72,28.35,52.08,0.7,0.52
2017-05-27,35.92,29.2,54.22,1.44,0.53
2017-05-28,36.14,27.72,58.98,4.57,0.53
2017-05-29,34.6,26.67,63.37,5.91,0.53
2017-05-30,36.11,26.11,64.8,3.15,0.54
2017-05-31,38.58,26.05,58.4,2.46,0.54
2017-06-01,39.37,25.98,59.7,6.23,0.54
2017-06-02,39.9,25.13,56.19,2.87,0.54
2017-06-03,39.85,25.74,56.76,2.94,0.54
2017-06-04,39.79,26.08,57.63,1.12,0.54
2017-06-05,37.91,27.26,57.78,0.09,0.54
2017-06-06,38.22,28.66,54.57,0.28,0.53
2017-06-07,36.82,28.18,59.58,1.87,0.53
2017-06-08,37.78,27.45,61.79,4.37,0.54
2017-06-09,37.79,26.99,62.22,1.21,0.54
2017-06-10,36.33,26.75,66.14,5.48,0.53
2017-06-11,32.08,25.8,76.08,10.21,0.55
2017-06-12,34.37,25.63,73.68,13.98,0.57
2017-06-13,35.09,25.99,70.02,2.16,0.58
2017-06-14,31.68,26.13,75.7,2.19,0.57
2017-06-15,37.22,25.07,64.87,1.19,0.57
2017-06-16,36.01,24.03,64.67,1.94,0.57
2017-06-17,37.02,25.5,67.03,1.62,0.56
2017-06-18,37.22,25.36,65.82,4.48,0.56
2017-06-19,35.09,24.1,69.05,2.55,0.57
2017-06-20,35.7,23.97,67.05,1.86,0.56
2017-06-21,34.42,24.93,71.84,2.04,0.56
2017-06-22,35.7,25.66,68.5,2.67,0.56
2017-06-23,37.33,25.73,65.13,1.35,0.56
2017-06-24,36.78,25.3,65.76,1.32,0.56
2017-06-25,37.19,25.58,62.86,0.98,0.55
2017-06-26,37.1,25.58,65.73,1.05,0.55
2017-06-27,37.08,25.43,64.13,0.59,0.55
2017-06-28,37.55,25.62,61.93,0.59,0.54
2017-06-29,36.07,26.63,64.37,0.76,0.54
2017-06-30,35.37,25.4,67.31,1.96,0.54
2017-07-01,33.12,25.44,70.94,4.4,0.55
2017-07-02,35.15,24.94,69.03,3.44,0.55
2017-07-03,36.44,25.03,68.15,4.47,0.55
2017-07-04,36.97,25.35,63.29,1.52,0.55
2017-07-05,36.71,25.17,64.78,0.68,0.55
2017-07-06,37.36,25.2,64.65,1.29,0.54
2017-07-07,36.55,25.63,63.77,1.18,0.54
2017-07-08,37.8,25.77,60.92,1.31,0.54
2017-07-09,37.08,25.72,62.31,0.51,0.54
2017-07-10,37.9,25.75,64.24,2.03,0.54
2017-07-11,34.9,25.85,68.45,2.34,0.54
2017-07-12,35.82,24.61,65.46,1.5,0.54
2017-07-13,32.1,25.05,72.99,1.89,0.54
2017-07-14,37.31,24.5,61.38,0.45,0.54
2017-07-15,32.51,26.43,69.52,0.8,0.54
2017-07-16,36.27,25.66,65.0,1.06,0.53
2017-07-17,36.65,26.43,65.84,0.4,0.53
2017-07-18,32.36,26.53,74.53,0.61,0.53
2017-07-19,34.55,25.76,69.27,4.4,0.54
2017-07-20,35.01,24.72,74.2,21.79,0.56
2017-07-21,33.79,25.34,73.81,1.84,0.57
2017-07-22,32.88,24.88,76.0,3.93,0.57
2017-07-23,31.26,24.23,80.32,4.84,0.57
2017-07-24,32.64,24.47,78.45,7.5,0.58
2017-07-25,33.13,24.2,75.42,1.16,0.58
2017-07-26,35.28,24.67,70.97,2.69,0.58
2017-07-27,38.05,25.53,66.0,0.7,0.58
2017-07-28,34.65,26.69,72.66,0.43,0.57
2017-07-29,32.37,26.26,76.86,1.02,0.57
2017-07-30,36.73,25.22,68.2,0.79,0.57
2017-07-31,37.92,25.84,65.35,0.67,0.57
2017-08-01,36.68,26.38,67.35,0.84,0.56
2017-08-02,34.96,25.84,72.21,0.6,0.56
2017-08-03,34.57,25.37,73.49,1.94,0.56
2017-08-04,36.7,25.78,68.77,0.88,0.55
2017-08-05,36.37,26.31,70.12,1.19,0.55
2017-08-06,33.67,25.86,73.01,0.71,0.55
2017-08-07,37.68,24.65,63.68,0.35,0.55
2017-08-08,36.0,24.85,69.73,3.12,0.55
2017-08-09,36.12,25.14,68.39,2.52,0.55
2017-08-10,37.62,25.02,66.48,3.82,0.55
2017-08-11,35.21,24.53,73.87,15.85,0.56
2017-08-12,33.91,24.62,75.51,10.52,0.58
2017-08-13,34.41,24.67,75.47,1.82,0.58
2017-08-14,36.41,25.06,69.8,1.2,0.58
2017-08-15,35.55,25.41,73.26,3.3,0.58
2017-08-16,36.1,24.85,69.17,1.68,0.58
2017-08-17,36.56,24.01,66.53,0.27,0.57
2017-08-18,36.91,25.14,64.25,0.95,0.57
2017-08-19,37.3,24.94,65.39,0.34,0.56
2017-08-20,34.79,25.6,68.69,2.74,0.56
2017-08-21,34.25,24.97,73.0,2.11,0.56
2017-08-22,36.92,25.13,67.97,0.69,0.56
2017-08-23,37.53,24.74,66.22,1.69,0.56
2017-08-24,36.63,25.8,68.59,2.95,0.56
2017-08-25,32.62,25.88,75.21,2.76,0.56
2017-08-26,31.17,25.09,80.04,3.21,0.56
2017-08-27,36.09,24.11,68.46,0.5,0.56
2017-08-28,36.56,24.81,66.1,0.61,0.55
2017-08-29,37.7,25.03,66.37,2.52,0.55
2017-08-30,31.58,25.96,80.63,3.53,0.56
2017-08-31,30.79,25.67,82.09,3.26,0.56
2017-09-01,36.51,24.7,71.99,4.19,0.56
2017-09-02,36.29,24.65,72.33,3.26,0.56
2017-09-03,37.97,24.84,67.21,1.74,0.56
2017-09-04,34.29,26.04,69.75,0.96,0.56
2017-09-05,35.49,25.81,71.96,1.15,0.55
2017-09-06,32.23,26.05,77.2,0.53,0.55
2017-09-07,34.95,25.75,73.39,1.48,0.55
2017-09-08,31.25,25.1,76.01,2.35,0.55
2017-09-09,34.2,24.56,75.44,3.2,0.55
2017-09-10,34.99,25.01,72.25,5.08,0.56
2017-09-11,36.89,23.66,68.22,3.21,0.56
2017-09-12,33.32,25.05,74.34,1.87,0.56
2017-09-13,34.92,24.88,72.46,1.71,0.56
2017-09-14,35.97,24.9,70.43,2.47,0.56
2017-09-15,36.66,26.18,64.16,0.19,0.55
2017-09-16,39.09,26.83,64.21,6.49,0.56
2017-09-17,30.41,25.39,80.43,2.02,0.56
2017-09-18,31.61,24.4,80.48,6.09,0.56
2017-09-19,32.66,24.64,80.21,7.31,0.57
2017-09-20,33.34,25.0,76.96,2.16,0.58
2017-09-21,34.2,25.0,73.81,0.61,0.57
2017-09-22,36.0,25.35,70.36,0.79,0.57
2017-09-23,35.61,25.78,74.06,2.6,0.57
2017-09-24,37.0,25.8,69.45,1.03,0.57
2017-09-25,35.94,25.93,71.04,2.78,0.56
2017-09-26,31.2,25.96,82.59,1.09,0.56
2017-09-27,35.23,25.14,73.36,1.97,0.57
2017-09-28,35.11,24.35,74.64,4.4,0.56
2017-09-29,35.01,24.54,73.8,3.65,0.57
2017-09-30,35.68,24.75,70.0,0.41,0.57
2017-10-01,35.8,25.75,69.94,0.9,0.56
2017-10-02,33.96,25.62,75.16,1.99,0.56
2017-10-03,31.72,25.35,78.96,4.9,0.57
2017-10-04,34.34,25.46,69.7,11.09,0.58
2017-10-05,36.1,25.24,66.8,5.86,0.59
2017-10-06,34.39,24.75,72.77,3.28,0.59
2017-10-07,34.03,24.05,75.16,3.16,0.59
2017-10-08,34.07,23.87,75.84,3.97,0.59
2017-10-09,33.45,24.97,76.79,0.68,0.59
2017-10-10,36.91,24.71,67.62,0.51,0.58
2017-10-11,35.36,26.16,67.67,1.3,0.58
2017-10-12,27.69,24.86,87.97,2.02,0.58
2017-10-13,34.51,23.57,71.45,0.48,0.58
2017-10-14,36.5,23.99,68.46,0.76,0.57
2017-10-15,37.14,23.73,67.41,0.02,0.57
2017-10-16,35.8,25.2,69.76,1.6,0.57
2017-10-17,34.76,25.36,74.41,1.89,0.57
2017-10-18,33.96,24.92,71.71,1.41,0.56
2017-10-19,32.85,23.51,75.28,4.36,0.57
2017-10-20,32.49,23.36,77.93,5.28,0.57
2017-10-21,32.72,23.57,79.88,8.1,0.57
2017-10-22,33.64,23.54,80.27,5.41,0.58
2017-10-23,34.54,22.4,69.46,0.05,0.58
2017-10-24,33.77,20.21,67.86,0.04,0.58
2017-10-25,32.97,21.41,73.14,1.65,0.57
2017-10-26,33.99,21.82,68.2,2.16,0.57
2017-10-27,34.62,21.33,60.59,0.01,0.57
2017-10-28,34.59,21.04,58.51,0.73,0.57
2017-10-29,30.92,22.04,71.31,9.85,0.57
2017-10-30,26.91,20.79,83.96,4.4,0.58
2017-10-31,29.65,19.67,74.22,0.85,0.58
2017-11-01,30.49,20.17,68.4,0.53,0.58
2017-11-02,32.59,20.25,62.8,0.0,0.58
2017-11-03,33.18,21.18,61.32,0.01,0.57
2017-11-04,32.87,21.55,62.67,0.0,0.57
2017-11-05,32.83,18.58,58.94,0.0,0.56
2017-11-06,33.34,18.84,56.3,0.0,0.56
2017-11-07,33.77,18.7,58.39,0.0,0.56
2017-11-08,34.2,18.6,56.7,0.0,0.55
2017-11-09,34.55,21.15,57.73,0.03,0.55
2017-11-10,33.98,21.68,61.9,0.0,0.55
2017-11-11,34.26,23.62,60.57,0.0,0.55
2017-11-12,35.05,22.55,59.09,0.0,0.54
2017-11-13,34.77,23.02,59.94,0.0,0.54
2017-11-14,34.95,21.83,54.69,0.05,0.54
2017-11-15,34.85,21.33,58.48,2.45,0.54
2017-11-16,33.43,21.58,59.6,0.53,0.54
2017-11-17,34.24,22.5,60.49,0.51,0.54
2017-11-18,34.78,23.71,59.01,0.0,0.54
2017-11-19,35.53,22.95,54.39,0.0,0.54
2017-11-20,36.18,22.71,48.95,0.0,0.53
2017-11-21,35.51,22.29,52.64,0.0,0.53
2017-11-22,34.47,23.01,59.38,0.56,0.53
2017-11-23,34.07,23.07,72.49,1.59,0.53
2017-11-24,33.65,21.91,67.77,0.57,0.53
2017-11-25,32.74,17.55,64.24,0.52,0.53
2017-11-26,33.71,19.98,57.73,0.17,0.53
2017-11-27,32.69,16.06,45.99,0.0,0.53
2017-11-28,31.6,16.08,45.06,0.0,0.53
2017-11-29,31.65,15.12,39.79,0.0,0.53
2017-11-30,31.7,14.77,36.46,0.0,0.53
2017-12-01,32.46,15.28,42.87,0.0,0.53
2017-12-02,32.42,15.94,45.21,0.0,0.53
2017-12-03,31.71,16.02,43.23,0.0,0.53
2017-12-04,31.37,14.92,38.42,0.0,0.53
2017-12-05,31.67,14.19,43.91,0.0,0.52
2017-12-06,31.96,15.2,47.02,0.0,0.52
2017-12-07,32.21,17.55,53.62,0.24,0.52
2017-12-08,29.63,19.79,74.65,6.61,0.53
2017-12-09,22.82,19.94,91.98,9.5,0.55
2017-12-10,27.61,20.09,84.76,4.98,0.56
2017-12-11,31.25,19.9,78.76,4.47,0.56
2017-12-12,32.04,19.95,75.27,0.58,0.56
2017-12-13,31.03,19.88,70.48,0.0,0.56
2017-12-14,29.99,17.12,64.32,0.0,0.55
2017-12-15,28.96,14.86,62.54,0.0,0.55
2017-12-16,29.07,13.86,62.51,0.0,0.55
2017-12-17,29.93,14.16,60.31,0.0,0.55
2017-12-18,29.83,15.39,61.58,0.0,0.55
2017-12-19,28.3,15.99,68.12,0.0,0.54
2017-12-20,27.49,14.4,54.43,0.01,0.54
2017-12-21,26.03,11.66,47.37,0.0,0.54
2017-12-22,27.37,10.6,45.65,0.0,0.54
2017-12-23,27.96,12.76,46.93,0.0,0.54
2017-12-24,29.89,13.22,54.03,0.0,0.54
2017-12-25,29.11,13.4,55.74,0.0,0.53
2017-12-26,29.4,14.29,55.38,0.01,0.53
2017-12-27,30.66,16.84,53.9,0.52,0.53
2017-12-28,30.41,14.17,54.72,0.0,0.53
2017-12-29,30.87,15.48,52.2,0.19,0.53
2017-12-30,31.4,15.67,58.96,1.37,0.53
2017-12-31,30.25,17.71,71.88,5.08,0.53
2018-01-01,26.84,20.07,85.57,10.59,0.55
2018-01-02,24.82,18.52,89.82,3.72,0.56
2018-01-03,23.49,17.96,87.66,6.77,0.57
2018-01-04,26.67,16.53,73.69,0.03,0.57
2018-01-05,27.32,13.44,65.6,0.06,0.57
2018-01-06,28.06,13.56,60.05,0.0,0.56
2018-01-07,27.34,11.15,59.05,0.0,0.56
2018-01-08,26.78,10.81,51.62,0.0,0.56
2018-01-09,27.13,9.96,52.67,0.0,0.55
2018-01-10,27.77,9.84,53.25,0.0,0.55
2018-01-11,27.48,9.84,49.05,0.0,0.55
2018-01-12,27.46,10.26,54.72,0.0,0.55
2018-01-13,27.02,10.86,61.06,0.0,0.55
2018-01-14,26.81,10.19,61.91,0.0,0.54
2018-01-15,26.59,11.11,54.38,0.0,0.54
2018-01-16,27.37,10.61,57.58,0.0,0.54
2018-01-17,28.17,12.67,52.45,0.0,0.54
2018-01-18,28.86,13.32,54.83,0.0,0.54
2018-01-19,29.82,13.76,54.26,0.0,0.54
2018-01-20,30.42,14.01,52.66,0.0,0.54
2018-01-21,29.73,12.31,47.51,0.0,0.53
2018-01-22,30.05,13.09,46.96,0.0,0.53
2018-01-23,30.53,12.43,42.67,0.0,0.53
2018-01-24,29.59,11.58,41.3,0.0,0.53
2018-01-25,29.98,10.84,40.05,0.0,0.53
2018-01-26,29.32,12.16,40.62,0.0,0.53
2018-01-27,28.63,11.38,43.49,0.0,0.53
2018-01-28,28.4,11.24,35.23,0.0,0.53
2018-01-29,27.71,10.21,32.16,0.0,0.53
2018-01-30,28.49,9.93,32.91,0.0,0.53
2018-01-31,28.74,10.54,34.85,0.0,0.52
2018-02-01,29.68,11.66,39.31,0.0,0.52
2018-02-02,28.49,13.02,49.84,0.0,0.52
2018-02-03,30.12,13.37,51.55,0.0,0.52
2018-02-04,31.03,13.02,46.82,0.0,0.52
2018-02-05,30.96,14.65,44.04,0.0,0.52
2018-02-06,32.16,15.63,41.57,0.0,0.52
2018-02-07,32.0,15.11,47.95,0.0,0.52
2018-02-08,30.94,15.74,48.15,0.0,0.52
2018-02-09,32.37,16.67,45.96,0.0,0.52
2018-02-10,32.49,17.55,42.47,0.0,0.52
2018-02-11,31.82,18.96,42.51,0.0,0.52
2018-02-12,33.58,20.43,39.83,0.0,0.52
2018-02-13,34.62,18.92,38.76,0.0,0.52
2018-02-14,35.39,21.73,33.94,0.0,0.52
2018-02-15,33.09,18.65,35.36,0.0,0.52
2018-02-16,31.95,15.83,33.05,0.0,0.52
2018-02-17,33.44,16.73,30.34,0.0,0.52
2018-02-18,32.55,17.0,27.59,0.0,0.52
2018-02-19,33.84,16.73,28.35,0.0,0.52
2018-02-20,33.55,15.56,24.43,0.0,0.52
2018-02-21,34.54,16.3,20.13,0.09,0.52
2018-02-22,33.73,15.51,31.51,0.08,0.52
2018-02-23,34.97,16.89,32.66,0.0,0.52
2018-02-24,34.86,18.04,33.17,0.0,0.52
2018-02-25,35.98,18.74,33.14,0.57,0.52
2018-02-26,36.41,19.13,32.0,0.52,0.52
2018-02-27,34.27,20.44,40.46,0.0,0.52
2018-02-28,34.59,18.6,33.38,0.0,0.52
2018-03-01,35.98,19.27,34.59,0.0,0.52
2018-03-02,36.26,20.28,35.24,0.0,0.52
2018-03-03,36.72,20.01,34.18,0.0,0.52
2018-03-04,37.08,19.69,34.63,0.0,0.52
2018-03-05,37.97,21.16,31.05,0.0,0.52
2018-03-06,37.93,21.5,28.52,0.01,0.52
2018-03-07,36.37,22.76,32.25,0.0,0.52
2018-03-08,36.43,20.46,29.43,0.0,0.52
2018-03-09,37.6,20.01,27.94,0.03,0.52
2018-03-10,36.21,19.15,25.17,0.02,0.52
2018-03-11,35.97,18.39,27.84,0.0,0.52
2018-03-12,35.46,19.34,31.55,0.72,0.52
2018-03-13,35.77,20.49,32.22,0.63,0.52
2018-03-14,35.64,20.36,40.78,0.34,0.52
2018-03-15,37.06,21.27,35.62,0.62,0.52
2018-03-16,36.99,20.96,34.14,0.02,0.52
2018-03-17,36.4,23.12,38.55,0.14,0.52
2018-03-18,35.78,21.55,41.16,0.06,0.52
2018-03-19,37.26,24.0,30.59,0.0,0.52
2018-03-20,36.72,20.02,29.23,0.0,0.52
2018-03-21,37.65,21.52,28.21,0.0,0.52
2018-03-22,38.3,23.42,29.31,0.03,0.52
2018-03-23,38.01,23.64,28.86,0.02,0.52
2018-03-24,36.94,26.68,34.82,0.0,0.52
2018-03-25,37.83,26.23,32.02,0.03,0.52
2018-03-26,37.47,26.14,35.21,1.69,0.52
2018-03-27,35.92,25.55,42.44,0.91,0.52
2018-03-28,37.21,22.98,39.43,0.0,0.52
2018-03-29,36.76,24.94,36.07,0.04,0.52
2018-03-30,38.02,25.21,32.9,0.07,0.52
2018-03-31,38.61,24.81,31.07,0.21,0.52
2018-04-01,37.53,22.93,32.47,0.0,0.52
2018-04-02,35.57,25.74,37.93,0.2,0.52
2018-04-03,37.04,24.27,43.88,4.14,0.52
2018-04-04,37.42,23.35,43.25,0.85,0.53
2018-04-05,37.92,22.5,42.69,0.3,0.53
2018-04-06,35.43,25.42,44.16,0.58,0.53
2018-04-07,35.44,24.82,45.67,0.12,0.53
2018-04-08,34.21,23.95,49.21,3.76,0.53
2018-04-09,36.18,22.62,50.1,0.19,0.53
2018-04-10,38.18,25.04,43.42,0.89,0.53
2018-04-11,38.78,25.17,42.34,0.1,0.53
2018-04-12,39.68,25.22,36.96,0.07,0.53
2018-04-13,39.04,26.72,38.92,0.0,0.52
2018-04-14,40.45,26.16,34.92,0.0,0.52
2018-04-15,38.99,27.39,33.32,0.0,0.52
2018-04-16,40.8,28.54,30.91,0.35,0.52
2018-04-17,39.76,28.49,33.77,2.36,0.52
2018-04-18,38.39,25.17,48.4,5.97,0.53
2018-04-19,36.89,23.14,56.36,4.71,0.54
2018-04-20,37.6,22.2,56.03,1.71,0.54
2018-04-21,39.6,24.14,49.33,0.85,0.53
2018-04-22,40.79,25.15,44.57,0.59,0.53
2018-04-23,39.59,26.99,43.45,0.19,0.53
2018-04-24,40.15,28.3,37.31,0.0,0.53
2018-04-25,40.68,27.57,35.01,0.33,0.53
2018-04-26,39.71,26.82,33.14,0.6,0.52
2018-04-27,38.8,26.89,36.44,0.95,0.52
2018-04-28,39.59,27.06,40.51,2.07,0.53
2018-04-29,37.64,26.81,45.68,2.25,0.53
2018-04-30,38.46,25.68,46.26,0.87,0.53
2018-05-01,39.47,26.38,41.99,1.66,0.53
2018-05-02,33.27,25.1,60.72,0.53,0.53
2018-05-03,35.63,23.9,54.31,0.58,0.53
2018-05-04,34.96,26.56,51.75,1.9,0.53
2018-05-05,38.9,24.14,48.6,2.61,0.53
2018-05-06,41.17,25.89,49.75,3.99,0.53
2018-05-07,41.31,24.83,50.39,1.42,0.53
2018-05-08,41.0,26.92,52.14,1.83,0.53
2018-05-09,34.26,28.26,62.22,2.16,0.53
2018-05-10,37.03,26.29,55.91,1.28,0.53
2018-05-11,35.98,26.45,54.58,2.94,0.53
2018-05-12,32.91,24.89,67.09,6.75,0.54
2018-05-13,33.59,23.45,67.4,1.32,0.54
2018-05-14,31.89,24.69,69.35,0.52,0.54
2018-05-15,38.11,22.6,53.39,1.15,0.54
2018-05-16,38.3,24.76,50.91,1.31,0.54
2018-05-17,38.35,25.0,50.15,1.09,0.53
2018-05-18,39.27,25.32,47.99,0.55,0.53
2018-05-19,38.13,25.03,50.18,0.39,0.53
2018-05-20,40.59,26.4,45.45,0.29,0.53
2018-05-21,41.08,28.28,41.99,0.07,0.53
2018-05-22,40.71,28.99,40.43,0.02,0.52
2018-05-23,41.4,28.57,40.56,0.96,0.52
2018-05-24,39.22,28.97,46.77,1.69,0.53
2018-05-25,40.76,26.86,50.24,1.92,0.53
2018-05-26,37.5,28.02,55.02,0.66,0.53
2018-05-27,37.37,28.33,55.2,0.37,0.53
2018-05-28,37.83,26.62,58.83,1.65,0.53
2018-05-29,32.2,26.65,71.21,1.93,0.53
2018-05-30,34.34,26.12,67.68,3.95,0.53
2018-05-31,34.58,26.07,68.28,1.7,0.54
2018-06-01,38.1,24.76,54.78,0.52,0.53
2018-06-02,40.13,25.76,49.36,1.26,0.53
2018-06-03,37.78,27.14,57.38,3.44,0.53
2018-06-04,38.35,25.87,58.81,2.99,0.53
2018-06-05,37.53,26.37,62.13,3.02,0.54
2018-06-06,33.96,27.32,65.46,1.34,0.53
2018-06-07,36.8,26.87,62.18,0.55,0.53
2018-06-08,34.06,27.29,65.89,2.86,0.53
2018-06-09,33.4,26.14,72.57,4.44,0.54
2018-06-10,31.53,25.71,77.04,21.12,0.56
2018-06-11,31.93,25.9,81.35,27.52,0.6
2018-06-12,32.51,25.32,76.32,5.92,0.62
2018-06-13,30.91,25.69,81.49,10.9,0.62
2018-06-14,33.23,25.56,79.21,3.29,0.63
2018-06-15,35.84,25.05,70.04,1.41,0.62
2018-06-16,37.05,23.99,67.6,1.65,0.62
2018-06-17,38.26,24.54,63.41,0.47,0.61
2018-06-18,37.4,25.43,65.24,2.48,0.61
2018-06-19,36.65,26.41,68.02,0.14,0.6
2018-06-20,34.93,26.31,70.53,0.82,0.6
2018-06-21,35.57,25.39,70.61,1.42,0.6
2018-06-22,33.71,25.33,76.56,4.53,0.6
2018-06-23,33.55,25.49,74.39,1.64,0.6
2018-06-24,36.41,24.4,67.81,3.44,0.6
2018-06-25,34.85,23.92,69.47,1.25,0.59
2018-06-26,34.64,24.35,67.52,1.82,0.59
2018-06-27,35.01,24.79,67.7,0.52,0.59
2018-06-28,35.54,24.15,67.95,0.93,0.58
2018-06-29,37.17,24.09,65.53,0.81,0.58
2018-06-30,35.72,25.66,66.93,0.46,0.57
2018-07-01,36.47,25.39,65.57,1.62,0.57
2018-07-02,35.87,24.95,66.91,1.93,0.57
2018-07-03,34.64,25.17,71.25,6.68,0.57
2018-07-04,34.81,24.58,71.01,1.14,0.58
2018-07-05,37.48,24.49,64.76,0.12,0.57
2018-07-06,38.1,25.57,64.67,1.32,0.57
2018-07-07,36.11,25.77,68.73,0.76,0.56
2018-07-08,34.69,25.38,72.48,1.76,0.56
2018-07-09,36.91,24.84,67.47,0.25,0.56
2018-07-10,33.74,25.57,70.13,0.51,0.56
2018-07-11,35.32,25.61,70.24,1.41,0.55
2018-07-12,35.74,26.07,68.33,0.41,0.55
2018-07-13,37.32,25.87,66.84,0.85,0.55
2018-07-14,36.84,26.48,64.79,0.59,0.55
2018-07-15,36.36,25.99,66.87,0.83,0.54
2018-07-16,35.64,25.83,69.12,3.06,0.54
2018-07-17,37.64,25.5,64.79,1.0,0.55
2018-07-18,37.54,26.58,60.88,0.05,0.54
2018-07-19,38.2,28.78,58.02,0.41,0.54
2018-07-20,36.87,27.33,64.21,0.48,0.54
2018-07-21,33.06,26.85,72.71,0.75,0.54
2018-07-22,34.96,25.7,71.17,1.73,0.54
2018-07-23,36.95,25.6,67.68,4.16,0.54
2018-07-24,32.94,24.98,76.06,4.17,0.55
2018-07-25,36.06,24.21,73.04,4.17,0.55
2018-07-26,37.36,24.55,68.46,3.31,0.55
2018-07-27,32.28,25.25,77.29,1.6,0.55
2018-07-28,36.43,24.97,66.69,0.93,0.55
2018-07-29,36.24,25.26,68.58,1.18,0.54
2018-07-30,37.33,24.97,66.1,2.2,0.54
2018-07-31,35.43,24.76,71.05,2.25,0.54
2018-08-01,35.61,24.7,68.04,1.34,0.54
2018-08-02,37.01,24.63,65.56,1.05,0.54
2018-08-03,37.2,24.22,64.26,1.98,0.54
2018-08-04,35.66,24.88,68.92,2.22,0.54
2018-08-05,35.75,25.34,68.84,1.66,0.54
2018-08-06,31.7,25.44,74.96,0.6,0.54
2018-08-07,37.48,25.34,64.39,0.32,0.54
2018-08-08,35.23,25.66,65.57,0.62,0.54
2018-08-09,38.06,25.46,60.12,0.7,0.53
2018-08-10,36.72,27.7,63.21,1.98,0.53
2018-08-11,36.21,25.81,68.0,2.16,0.54
2018-08-12,36.16,25.34,67.3,0.78,0.54
2018-08-13,36.31,26.56,70.75,2.79,0.53
2018-08-14,34.08,26.0,71.08,0.97,0.54
2018-08-15,36.7,25.81,68.59,0.51,0.54
2018-08-16,37.68,26.04,64.26,0.72,0.53
2018-08-17,34.29,26.98,66.33,1.85,0.53
2018-08-18,35.67,27.21,64.91,1.12,0.53
2018-08-19,37.77,25.44,63.48,1.46,0.53
2018-08-20,36.29,25.84,65.77,1.45,0.53
2018-08-21,32.64,25.52,78.88,12.72,0.55
2018-08-22,37.17,25.12,70.22,3.08,0.56
2018-08-23,34.1,25.0,74.51,1.33,0.55
2018-08-24,36.08,25.32,69.65,0.97,0.55
2018-08-25,35.57,25.46,71.13,3.79,0.55
2018-08-26,37.06,24.82,68.14,0.88,0.55
2018-08-27,34.31,25.75,70.49,0.99,0.55
2018-08-28,36.46,24.83,69.57,0.84,0.54
2018-08-29,38.23,24.95,62.32,1.17,0.54
2018-08-30,35.76,25.58,64.77,0.59,0.54
2018-08-31,35.94,25.55,67.01,2.51,0.54
2018-09-01,31.75,24.09,75.98,1.93,0.54
2018-09-02,36.42,24.36,68.85,1.07,0.54
2018-09-03,34.2,24.52,70.88,2.2,0.54
2018-09-04,31.79,25.97,77.03,2.78,0.54
2018-09-05,35.39,24.71,69.91,2.62,0.54
2018-09-06,35.96,23.77,69.15,1.49,0.54
2018-09-07,36.3,24.69,64.51,0.02,0.54
2018-09-08,38.8,25.31,57.59,0.34,0.54
2018-09-09,34.72,25.68,65.25,0.23,0.53
2018-09-10,37.01,26.03,62.79,1.88,0.53
2018-09-11,33.76,25.96,72.47,3.8,0.54
2018-09-12,36.05,24.37,67.96,11.6,0.55
2018-09-13,35.24,25.19,71.48,2.76,0.55
2018-09-14,35.44,25.61,70.48,0.31,0.55
2018-09-15,35.49,24.46,68.89,1.68,0.55
2018-09-16,38.34,25.7,60.6,1.53,0.55
2018-09-17,39.32,26.51,57.52,0.31,0.54
2018-09-18,34.17,26.81,68.96,1.0,0.54
2018-09-19,35.14,25.29,70.14,1.42,0.54
2018-09-20,36.81,24.62,64.26,0.53,0.54
2018-09-21,37.31,24.21,61.79,0.5,0.54
2018-09-22,39.06,25.29,58.14,0.2,0.53
2018-09-23,37.56,27.17,57.99,2.94,0.54
2018-09-24,37.68,25.63,63.84,6.29,0.54
2018-09-25,36.36,25.39,67.31,0.71,0.54
2018-09-26,36.32,26.1,65.38,0.63,0.54
2018-09-27,36.31,25.67,65.34,0.87,0.54
2018-09-28,36.58,26.76,62.57,0.19,0.54
2018-09-29,36.21,27.39,59.26,0.06,0.53
2018-09-30,38.2,26.15,58.07,0.54,0.53
2018-10-01,34.34,26.69,69.14,5.42,0.53
2018-10-02,33.69,25.54,76.54,3.48,0.54
2018-10-03,33.25,24.82,74.63,0.21,0.54
2018-10-04,35.03,24.97,68.76,0.27,0.54
2018-10-05,34.7,24.75,67.44,0.18,0.54
2018-10-06,34.6,25.24,68.31,1.47,0.54
2018-10-07,37.11,24.32,64.15,0.85,0.54
2018-10-08,36.83,23.43,66.32,3.23,0.54
2018-10-09,28.96,24.06,83.69,7.26,0.55
2018-10-10,28.92,22.67,84.11,7.31,0.55
2018-10-11,27.73,23.0,88.45,12.25,0.57
2018-10-12,28.35,22.86,87.48,16.21,0.59
2018-10-13,28.34,22.51,88.62,5.66,0.61
2018-10-14,33.2,22.67,79.52,2.7,0.61
2018-10-15,33.31,22.43,76.11,0.15,0.6
2018-10-16,33.67,23.28,71.81,0.0,0.6
2018-10-17,33.82,22.52,68.78,0.03,0.59
2018-10-18,32.61,21.11,71.29,5.49,0.59
2018-10-19,33.6,20.68,62.67,0.0,0.59
2018-10-20,34.94,20.02,59.94,0.0,0.58
2018-10-21,35.11,20.97,63.4,0.24,0.58
2018-10-22,34.31,22.82,67.37,0.09,0.58
2018-10-23,33.09,22.68,71.97,0.15,0.57
2018-10-24,33.56,22.87,74.23,0.07,0.57
2018-10-25,34.83,23.26,70.14,0.07,0.57
2018-10-26,33.55,23.38,72.07,0.04,0.56
2018-10-27,34.22,23.39,71.05,2.37,0.56
2018-10-28,30.14,22.75,71.12,1.27,0.56
2018-10-29,29.04,21.17,72.22,2.41,0.56
2018-10-30,28.68,20.96,76.95,1.1,0.56
2018-10-31,29.8,21.25,70.22,0.06,0.56
2018-11-01,32.26,20.54,60.0,0.01,0.56
2018-11-02,33.39,18.39,56.08,0.26,0.55
2018-11-03,33.54,20.6,60.31,0.0,0.55
2018-11-04,33.67,22.01,63.08,0.04,0.55
2018-11-05,33.96,21.3,59.2,0.31,0.55
2018-11-06,34.15,20.76,56.21,0.02,0.54
2018-11-07,33.73,20.15,57.15,0.0,0.54
2018-11-08,33.5,20.98,52.05,0.0,0.54
2018-11-09,33.48,19.48,51.97,0.19,0.54
2018-11-10,33.43,20.31,56.08,0.24,0.54
2018-11-11,34.09,21.29,61.89,0.0,0.53
2018-11-12,34.15,22.49,67.13,0.12,0.53
2018-11-13,34.26,21.97,62.6,0.0,0.53
2018-11-14,33.76,22.24,60.42,0.0,0.53
2018-11-15,35.35,22.67,51.96,0.0,0.53
2018-11-16,34.46,19.46,42.33,0.0,0.53
2018-11-17,34.28,18.86,43.35,0.0,0.53
2018-11-18,33.3,18.5,45.02,0.05,0.53
2018-11-19,33.01,18.58,46.17,0.0,0.53
2018-11-20,33.28,18.55,44.89,0.0,0.53
2018-11-21,33.07,17.21,41.57,0.0,0.53
2018-11-22,32.78,17.47,44.47,0.0,0.52
2018-11-23,32.62,17.22,44.16,0.0,0.52
2018-11-24,32.35,16.25,46.1,0.0,0.52
2018-11-25,32.68,17.38,38.63,0.0,0.52
2018-11-26,33.28,16.74,39.56,0.0,0.52
2018-11-27,33.3,17.96,38.26,0.0,0.52
2018-11-28,32.53,16.84,40.93,0.0,0.52
2018-11-29,32.1,15.38,38.4,0.0,0.52
2018-11-30,31.88,16.55,42.28,0.0,0.52
2018-12-01,32.4,16.92,48.72,0.0,0.52
2018-12-02,32.61,15.54,47.68,0.0,0.52
2018-12-03,32.84,16.34,40.06,0.0,0.52
2018-12-04,33.28,17.07,35.46,0.0,0.52
2018-12-05,32.85,17.13,34.09,0.0,0.52
2018-12-06,30.7,16.83,29.43,0.0,0.52
2018-12-07,32.39,17.79,30.32,0.0,0.52
2018-12-08,31.69,15.43,41.0,0.15,0.52
2018-12-09,32.42,17.79,39.25,0.0,0.52
2018-12-10,32.52,14.05,43.83,0.0,0.52
2018-12-11,31.84,17.09,56.96,0.67,0.52
2018-12-12,33.67,18.31,53.28,0.0,0.52
2018-12-13,32.46,18.32,55.91,0.79,0.52
2018-12-14,29.28,20.66,60.74,0.0,0.52
2018-12-15,32.11,20.33,54.62,0.0,0.52
2018-12-16,33.76,21.29,42.76,0.05,0.52
2018-12-17,33.95,19.07,51.2,1.59,0.52
2018-12-18,32.34,19.58,63.79,2.7,0.53
2018-12-19,30.31,21.4,71.16,2.99,0.53
2018-12-20,30.97,18.2,66.02,0.0,0.53
2018-12-21,31.89,16.55,51.71,0.0,0.53
2018-12-22,31.12,15.81,46.61,0.0,0.53
2018-12-23,31.22,15.81,52.33,0.0,0.53
2018-12-24,31.56,15.67,46.46,0.0,0.53
2018-12-25,30.76,13.49,39.57,0.0,0.53
2018-12-26,28.72,12.38,41.77,0.0,0.53
2018-12-27,29.29,13.4,44.11,0.0,0.52
2018-12-28,29.43,14.38,45.64,0.0,0.52
2018-12-29,28.63,13.04,42.91,0.2,0.52
2018-12-30,29.68,13.29,46.59,0.92,0.52
2018-12-31,29.28,13.25,42.98,0.08,0.52
2019-01-01,29.95,13.48,38.94,0.0,0.52
2019-01-02,30.25,14.32,40.19,0.0,0.52
2019-01-03,30.37,14.55,40.65,0.0,0.52
2019-01-04,30.14,13.55,37.62,0.0,0.52
2019-01-05,29.77,13.29,39.06,0.0,0.52
2019-01-06,30.75,13.47,40.88,0.07,0.52
2019-01-07,31.29,15.06,47.97,3.87,0.52
2019-01-08,29.09,18.65,73.2,2.38,0.53
2019-01-09,29.05,15.55,58.66,0.15,0.53
2019-01-10,28.81,14.56,50.34,0.0,0.53
2019-01-11,29.03,13.26,52.34,0.0,0.53
2019-01-12,29.74,13.62,49.01,0.01,0.53
2019-01-13,30.0,14.02,46.87,0.0,0.53
2019-01-14,30.3,14.32,42.36,0.0,0.53
2019-01-15,29.5,14.03,36.15,0.0,0.53
2019-01-16,28.95,13.13,42.19,0.0,0.53
2019-01-17,30.28,12.82,43.46,0.0,0.52
2019-01-18,30.64,13.89,37.12,0.05,0.52
2019-01-19,29.95,12.34,34.22,0.0,0.52
2019-01-20,29.86,12.39,32.12,0.0,0.52
2019-01-21,30.77,13.01,31.91,0.0,0.52
2019-01-22,31.62,14.2,29.3,0.0,0.52
2019-01-23,31.78,14.02,28.03,0.0,0.52
2019-01-24,32.1,13.88,25.39,0.0,0.52
2019-01-25,31.5,13.63,28.94,0.0,0.52
2019-01-26,31.99,13.76,34.4,0.0,0.52
2019-01-27,32.81,15.4,33.08,0.0,0.52
2019-01-28,32.8,16.29,37.46,0.0,0.52
2019-01-29,32.47,16.12,39.47,0.28,0.52
2019-01-30,29.88,16.09,41.42,0.0,0.52
2019-01-31,30.12,13.17,37.3,0.0,0.52
2019-02-01,32.49,13.77,31.13,0.0,0.52
2019-02-02,33.96,13.95,26.26,0.0,0.52
2019-02-03,31.84,13.79,31.18,0.0,0.52
2019-02-04,32.7,14.67,28.85,0.0,0.52
2019-02-05,32.69,14.49,25.62,0.0,0.52
2019-02-06,31.92,13.78,24.41,0.0,0.52
2019-02-07,32.51,14.15,20.41,0.0,0.52
2019-02-08,34.71,15.38,18.64,0.0,0.52
2019-02-09,35.2,17.4,18.16,0.0,0.52
2019-02-10,34.52,18.69,32.3,0.0,0.52
2019-02-11,33.97,18.31,34.3,0.0,0.52
2019-02-12,35.52,17.35,27.96,0.0,0.52
2019-02-13,34.38,16.2,22.56,0.0,0.52
2019-02-14,35.83,16.12,19.45,0.0,0.52
2019-02-15,36.01,15.82,23.92,0.0,0.52
2019-02-16,35.74,17.05,28.09,0.33,0.52
2019-02-17,33.63,17.26,38.96,1.91,0.52
2019-02-18,31.51,16.59,44.45,0.0,0.52
2019-02-19,31.99,16.43,37.3,0.0,0.52
2019-02-20,33.54,16.59,33.09,0.0,0.52
2019-02-21,33.26,17.37,36.34,0.0,0.52
2019-02-22,34.38,17.94,35.31,0.0,0.52
2019-02-23,36.28,17.74,33.8,0.0,0.52
2019-02-24,36.8,19.08,34.75,0.0,0.52
2019-02-25,34.64,18.93,44.36,5.82,0.53
2019-02-26,32.42,19.37,53.15,0.87,0.53
2019-02-27,34.42,17.8,53.4,1.07,0.53
2019-02-28,34.17,17.8,53.8,1.74,0.53
2019-03-01,32.48,16.5,52.07,0.0,0.53
2019-03-02,32.77,16.74,37.17,0.0,0.53
2019-03-03,33.04,14.99,30.25,0.0,0.53
2019-03-04,35.94,17.33,32.55,0.08,0.53
2019-03-05,35.84,18.99,44.39,4.52,0.53
2019-03-06,30.36,18.49,65.03,0.75,0.53
2019-03-07,33.39,19.89,58.14,0.18,0.53
2019-03-08,32.45,19.15,47.92,0.47,0.53
2019-03-09,32.68,16.99,34.82,0.0,0.53
2019-03-10,33.4,16.42,36.38,0.0,0.53
2019-03-11,34.0,18.02,38.33,0.0,0.53
2019-03-12,36.04,20.09,35.08,0.0,0.52
2019-03-13,37.39,19.33,33.58,0.0,0.52
2019-03-14,37.04,20.2,32.15,0.0,0.52
2019-03-15,38.51,20.59,30.31,0.0,0.52
2019-03-16,39.3,23.26,29.95,0.0,0.52
2019-03-17,38.26,22.6,33.09,0.63,0.52
2019-03-18,36.05,22.05,42.79,6.99,0.53
2019-03-19,35.58,19.71,47.48,0.23,0.53
2019-03-20,34.66,20.82,45.5,0.02,0.53
2019-03-21,35.74,20.01,40.5,0.03,0.53
2019-03-22,37.48,19.5,36.79,0.64,0.53
2019-03-23,38.02,21.06,39.09,0.0,0.53
2019-03-24,37.09,22.51,34.6,0.0,0.52
2019-03-25,38.35,20.69,30.89,0.0,0.52
2019-03-26,38.6,21.1,24.95,0.0,0.52
2019-03-27,37.96,20.96,33.39,1.68,0.52
2019-03-28,35.51,21.97,35.13,0.01,0.52
2019-03-29,38.21,20.17,32.07,0.0,0.52
2019-03-30,38.42,21.82,30.73,0.0,0.52
2019-03-31,37.0,22.05,42.44,2.34,0.53
2019-04-01,36.64,23.4,44.85,1.14,0.53
2019-04-02,37.92,22.31,42.76,2.11,0.53
2019-04-03,38.2,22.43,39.75,0.04,0.53
2019-04-04,38.11,22.14,37.75,0.07,0.53
2019-04-05,38.85,23.69,33.08,0.0,0.52
2019-04-06,37.75,26.38,34.46,0.06,0.52
2019-04-07,39.21,26.85,32.67,1.07,0.52
2019-04-08,39.77,23.49,37.43,1.64,0.53
2019-04-09,37.76,23.53,40.29,1.78,0.53
2019-04-10,39.68,23.1,36.12,0.0,0.53
2019-04-11,38.61,23.96,37.53,0.0,0.52
2019-04-12,40.18,25.6,34.92,0.0,0.52
2019-04-13,40.69,28.15,33.21,0.0,0.52
2019-04-14,41.01,29.01,32.85,0.0,0.52
2019-04-15,41.98,27.89,30.06,0.25,0.52
2019-04-16,42.76,27.86,29.66,0.48,0.52
2019-04-17,41.6,27.73,30.68,0.0,0.52
2019-04-18,43.05,29.46,30.03,0.0,0.52
2019-04-19,41.7,28.16,28.82,0.04,0.52
2019-04-20,40.56,27.84,27.58,0.25,0.52
2019-04-21,39.59,27.85,26.2,0.0,0.52
2019-04-22,39.99,25.92,25.02,0.0,0.52
2019-04-23,40.62,27.62,28.49,0.0,0.52
2019-04-24,41.4,28.64,25.92,0.0,0.52
2019-04-25,41.96,27.68,24.95,0.0,0.52
2019-04-26,41.95,28.44,28.59,0.0,0.52
2019-04-27,43.32,27.95,27.03,0.32,0.52
2019-04-28,43.46,28.95,28.83,0.31,0.52
2019-04-29,42.81,28.72,28.91,0.12,0.52
2019-04-30,42.78,27.29,30.26,0.32,0.52
2019-05-01,42.16,28.34,36.33,1.02,0.52
2019-05-02,40.94,27.62,40.95,0.02,0.52
2019-05-03,42.7,29.4,38.35,0.45,0.52
2019-05-04,41.51,29.02,42.7,0.72,0.52
2019-05-05,42.94,27.2,39.12,0.42,0.52
2019-05-06,42.41,27.61,31.91,0.0,0.52
2019-05-07,42.09,29.59,27.68,0.0,0.52
2019-05-08,43.36,27.91,22.39,0.0,0.52
2019-05-09,43.45,28.13,24.86,0.0,0.52
2019-05-10,44.12,29.45,29.99,0.0,0.52
2019-05-11,42.84,29.89,33.22,0.66,0.52
2019-05-12,43.68,30.47,34.93,1.53,0.52
2019-05-13,36.87,30.74,49.1,0.41,0.52
2019-05-14,40.92,27.13,47.02,3.23,0.53
2019-05-15,40.21,30.0,40.67,0.06,0.53
2019-05-16,42.09,29.94,38.75,3.51,0.53
2019-05-17,41.53,28.23,39.82,0.42,0.53
2019-05-18,42.44,27.65,37.43,0.26,0.53
2019-05-19,42.91,27.9,35.98,0.03,0.52
2019-05-20,41.3,32.07,36.3,0.02,0.52
2019-05-21,41.76,30.87,34.96,0.06,0.52
2019-05-22,42.23,30.85,39.46,2.11,0.52
2019-05-23,41.0,29.83,45.41,2.25,0.53
2019-05-24,35.78,27.92,63.27,11.0,0.54
2019-05-25,39.19,25.94,60.72,3.44,0.55
2019-05-26,38.95,27.28,55.44,0.29,0.54
2019-05-27,41.43,28.74,47.38,0.0,0.54
2019-05-28,41.55,29.36,43.9,0.07,0.53
2019-05-29,41.87,26.96,42.28,0.52,0.53
2019-05-30,41.37,28.7,45.61,0.59,0.53
2019-05-31,39.42,27.3,41.53,1.43,0.53
2019-06-01,40.92,28.31,41.94,0.39,0.53
2019-06-02,39.13,28.48,47.9,0.84,0.53
2019-06-03,41.14,27.83,49.13,0.55,0.53
2019-06-04,38.72,27.65,53.35,2.32,0.53
2019-06-05,37.86,26.85,56.25,2.19,0.53
2019-06-06,38.19,26.64,52.98,1.71,0.53
2019-06-07,37.88,26.08,56.28,0.81,0.53
2019-06-08,39.82,27.35,52.54,0.6,0.53
2019-06-09,39.93,27.46,51.49,0.39,0.53
2019-06-10,37.11,28.67,55.77,0.41,0.53
2019-06-11,39.38,27.92,53.38,0.75,0.53
2019-06-12,39.4,28.01,57.18,0.25,0.53
2019-06-13,39.19,27.71,54.22,0.83,0.53
2019-06-14,39.64,27.24,51.55,1.39,0.53
2019-06-15,39.31,27.48,52.67,1.25,0.53
2019-06-16,37.83,27.69,55.22,0.34,0.53
2019-06-17,41.71,27.95,49.11,1.24,0.53
2019-06-18,35.09,26.82,74.5,40.88,0.58
2019-06-19,35.49,25.63,69.72,3.95,0.59
2019-06-20,37.06,26.54,65.02,1.07,0.58
2019-06-21,37.43,26.86,64.33,0.34,0.58
2019-06-22,39.28,26.59,58.62,0.26,0.57
2019-06-23,39.07,27.08,60.18,3.04,0.57
2019-06-24,38.63,27.87,64.23,0.73,0.56
2019-06-25,37.22,27.66,63.11,2.05,0.56
2019-06-26,36.77,26.61,64.72,2.77,0.56
2019-06-27,38.1,25.91,59.13,0.64,0.56
2019-06-28,34.82,26.25,63.81,0.07,0.55
2019-06-29,35.51,26.71,64.42,0.43,0.55
2019-06-30,36.39,25.62,65.08,2.39,0.55
2019-07-01,35.25,25.89,67.43,0.51,0.55
2019-07-02,38.11,25.63,60.07,0.51,0.54
2019-07-03,35.99,25.89,65.08,2.51,0.54
2019-07-04,36.56,26.14,67.1,1.49,0.54
2019-07-05,35.23,25.88,70.35,2.78,0.54
2019-07-06,37.4,25.44,65.74,4.7,0.54
2019-07-07,36.69,25.21,67.42,1.91,0.55
2019-07-08,36.58,25.51,67.59,6.74,0.55
2019-07-09,35.3,25.21,70.0,4.97,0.55
2019-07-10,36.52,25.24,68.12,3.35,0.56
2019-07-11,35.77,25.42,69.09,5.68,0.56
2019-07-12,35.24,25.01,71.89,3.34,0.56
2019-07-13,34.51,24.17,73.23,9.07,0.56
2019-07-14,35.17,24.66,70.41,2.74,0.57
2019-07-15,37.4,24.74,65.72,0.33,0.57
2019-07-16,37.24,25.65,65.11,0.4,0.56
2019-07-17,37.79,25.63,65.42,1.8,0.56
2019-07-18,38.46,26.18,63.24,0.83,0.55
2019-07-19,38.42,27.24,61.53,0.08,0.55
2019-07-20,37.36,27.35,64.56,0.92,0.55
2019-07-21,32.2,27.07,72.11,0.5,0.55
2019-07-22,33.17,25.83,70.75,0.58,0.54
2019-07-23,35.82,25.0,68.72,3.05,0.54
2019-07-24,32.52,25.35,75.61,3.48,0.55
2019-07-25,35.09,25.44,71.37,4.29,0.55
2019-07-26,34.85,24.88,68.01,2.7,0.55
2019-07-27,35.17,24.95,66.95,1.81,0.55
2019-07-28,37.12,24.55,64.65,0.89,0.55
2019-07-29,34.1,24.69,71.48,1.67,0.55
2019-07-30,33.17,25.4,72.47,1.75,0.55
2019-07-31,34.68,25.31,70.6,1.02,0.55
2019-08-01,36.02,24.8,68.57,1.1,0.54
2019-08-02,37.5,24.76,66.71,1.54,0.54
2019-08-03,37.63,25.54,65.14,0.65,0.54
2019-08-04,35.9,25.94,68.35,0.55,0.54
2019-08-05,39.48,25.85,62.46,0.8,0.54
2019-08-06,37.97,26.4,64.31,0.68,0.54
2019-08-07,34.55,25.73,68.13,1.86,0.54
2019-08-08,37.13,24.95,67.51,3.86,0.54
2019-08-09,39.08,25.17,62.48,0.88,0.54
2019-08-10,36.23,27.96,67.52,2.06,0.54
2019-08-11,37.7,27.22,66.98,1.69,0.54
2019-08-12,35.48,26.45,69.71,3.27,0.54
2019-08-13,33.98,25.06,71.85,3.53,0.54
2019-08-14,33.85,25.05,72.67,3.25,0.54
2019-08-15,38.41,24.95,65.92,2.8,0.54
2019-08-16,30.26,25.8,77.33,4.5,0.55
2019-08-17,32.87,25.02,74.87,0.87,0.55
2019-08-18,37.81,23.15,64.73,1.01,0.55
2019-08-19,38.07,25.27,60.93,0.73,0.54
2019-08-20,35.63,26.42,65.41,0.61,0.54
2019-08-21,34.55,26.56,69.58,1.49,0.54
2019-08-22,34.43,25.27,70.42,1.76,0.54
2019-08-23,33.06,24.82,77.7,9.76,0.55
2019-08-24,34.44,24.39,72.47,1.82,0.55
2019-08-25,35.84,25.13,69.96,1.99,0.55
2019-08-26,37.3,25.06,66.83,1.03,0.55
2019-08-27,36.46,25.82,69.52,2.87,0.55
2019-08-28,38.09,25.83,65.01,0.21,0.55
2019-08-29,38.01,26.32,61.01,0.06,0.54
2019-08-30,35.03,27.1,66.77,0.62,0.54
2019-08-31,39.41,26.22,61.38,1.92,0.54
2019-09-01,36.58,27.18,67.5,1.52,0.54
2019-09-02,37.36,25.14,68.0,1.38,0.54
2019-09-03,37.56,25.64,66.88,1.44,0.54
2019-09-04,37.57,25.45,65.29,1.28,0.54
2019-09-05,36.91,25.85,66.8,3.28,0.54
2019-09-06,34.87,25.26,72.37,2.98,0.54
2019-09-07,36.21,25.47,69.87,2.62,0.54
2019-09-08,36.98,25.07,70.17,4.38,0.54
2019-09-09,36.22,25.3,73.49,5.81,0.54
2019-09-10,32.77,25.53,81.43,7.62,0.55
2019-09-11,31.8,24.71,80.66,9.47,0.57
2019-09-12,34.8,23.95,74.35,5.47,0.57
2019-09-13,36.41,24.11,69.58,2.07,0.57
2019-09-14,35.91,26.0,66.07,0.13,0.57
2019-09-15,32.75,26.35,74.99,0.58,0.56
2019-09-16,36.41,25.97,70.47,0.7,0.56
2019-09-17,36.88,25.9,67.95,2.02,0.56
2019-09-18,37.63,25.39,64.26,0.67,0.56
2019-09-19,37.28,26.86,62.78,1.42,0.55
2019-09-20,34.86,26.61,68.11,0.59,0.55
2019-09-21,35.69,26.17,65.6,1.47,0.55
2019-09-22,32.94,25.75,74.27,2.62,0.55
2019-09-23,33.34,24.04,72.0,6.27,0.56
2019-09-24,32.15,25.35,74.52,1.13,0.56
2019-09-25,28.69,23.85,82.9,0.32,0.56
2019-09-26,33.07,22.48,73.21,0.52,0.56
2019-09-27,35.31,23.39,65.79,0.32,0.55
2019-09-28,35.71,23.88,63.03,0.12,0.55
2019-09-29,33.71,25.32,69.64,4.85,0.55
2019-09-30,33.42,23.94,69.68,1.63,0.55
2019-10-01,32.81,24.13,72.17,3.4,0.55
2019-10-02,35.64,24.07,66.65,0.54,0.55
2019-10-03,37.01,23.89,63.77,0.28,0.55
2019-10-04,35.42,24.06,68.84,2.64,0.55
2019-10-05,35.01,24.55,70.45,1.6,0.55
2019-10-06,33.06,23.85,72.34,1.39,0.55
2019-10-07,33.47,23.45,70.79,1.1,0.55
2019-10-08,32.89,25.38,65.82,0.99,0.55
2019-10-09,31.85,24.38,72.56,9.74,0.55
2019-10-10,30.67,23.5,81.25,24.16,0.58
2019-10-11,33.62,22.78,73.66,0.66,0.6
2019-10-12,34.41,23.2,71.75,0.0,0.59
2019-10-13,35.62,24.5,65.86,0.07,0.58
2019-10-14,35.89,25.67,66.74,0.77,0.58
2019-10-15,30.74,23.95,79.71,5.4,0.58
2019-10-16,33.82,23.41,69.26,0.87,0.58
2019-10-17,36.26,23.15,62.78,0.19,0.58
2019-10-18,35.85,24.71,64.54,0.0,0.57
2019-10-19,35.89,25.23,63.18,0.0,0.57
2019-10-20,37.34,25.12,61.49,0.02,0.56
2019-10-21,36.89,25.17,64.37,1.11,0.56
2019-10-22,37.23,23.51,64.36,1.08,0.56
2019-10-23,36.56,23.78,61.62,0.08,0.55
2019-10-24,37.1,24.57,60.23,0.12,0.55
2019-10-25,36.72,23.81,60.98,0.39,0.55
2019-10-26,36.88,24.22,62.19,1.9,0.55
2019-10-27,37.02,23.81,61.96,0.49,0.55
2019-10-28,36.67,24.04,58.36,0.06,0.54
2019-10-29,37.66,23.98,56.33,0.15,0.54
2019-10-30,36.98,24.22,56.76,0.55,0.54
2019-10-31,36.48,24.14,59.19,0.0,0.54
2019-11-01,37.15,22.62,56.43,0.0,0.54
2019-11-02,37.24,24.0,54.75,0.0,0.53
2019-11-03,37.14,24.77,54.6,0.05,0.53
2019-11-04,36.06,25.34,60.15,0.51,0.53
2019-11-05,36.61,23.72,59.62,0.77,0.53
2019-11-06,34.42,21.91,55.92,0.72,0.53
2019-11-07,35.46,23.05,55.12,0.23,0.53
2019-11-08,29.25,24.17,80.71,6.22,0.53
2019-11-09,31.99,23.37,80.64,4.88,0.55
2019-11-10,31.25,22.14,81.38,16.34,0.56
2019-11-11,31.58,21.43,80.48,15.58,0.59
2019-11-12,33.53,21.19,73.03,0.01,0.59
2019-11-13,34.17,22.04,63.9,0.0,0.58
2019-11-14,34.62,21.72,65.14,0.16,0.58
2019-11-15,34.59,22.43,67.03,0.1,0.58
2019-11-16,34.48,21.3,65.06,0.0,0.57
2019-11-17,33.69,20.46,60.57,0.0,0.57
2019-11-18,33.41,20.11,61.56,0.0,0.56
2019-11-19,33.44,20.58,63.48,0.0,0.56
2019-11-20,33.01,19.5,62.73,0.0,0.56
2019-11-21,32.91,18.54,61.43,0.0,0.56
2019-11-22,32.75,19.08,61.6,0.0,0.55
2019-11-23,32.42,17.49,55.13,0.0,0.55
2019-11-24,31.55,17.52,58.24,0.0,0.55
2019-11-25,32.51,18.66,56.64,0.0,0.54
2019-11-26,32.86,19.13,60.8,0.0,0.54
2019-11-27,33.49,19.53,59.36,0.0,0.54
2019-11-28,34.71,19.69,56.98,0.0,0.54
2019-11-29,34.17,20.53,58.62,0.0,0.54
2019-11-30,33.55,19.22,52.56,0.0,0.54
2019-12-01,32.59,15.48,45.32,0.0,0.53
2019-12-02,33.22,17.09,47.1,0.0,0.53
2019-12-03,32.16,16.23,49.5,0.0,0.53
2019-12-04,31.26,14.81,49.91,0.3,0.53
2019-12-05,32.21,17.47,49.21,0.0,0.53
2019-12-06,29.35,17.62,50.96,0.0,0.53
2019-12-07,28.8,14.28,38.3,0.0,0.53
2019-12-08,28.33,14.61,34.62,0.0,0.53
2019-12-09,29.09,15.18,36.2,0.0,0.53
2019-12-10,28.97,15.31,41.9,0.0,0.53
2019-12-11,28.99,14.62,51.14,0.0,0.53
2019-12-12,29.13,13.99,50.53,0.0,0.53
2019-12-13,29.69,14.34,48.59,0.0,0.53
2019-12-14,31.17,15.49,46.25,0.0,0.53
2019-12-15,31.17,15.35,44.6,0.0,0.52
2019-12-16,31.41,16.61,37.72,0.01,0.52
2019-12-17,31.73,15.33,36.87,0.0,0.52
2019-12-18,30.49,14.49,45.28,0.0,0.52
2019-12-19,31.09,14.81,43.87,0.0,0.52
2019-12-20,30.82,13.83,39.72,0.0,0.52
2019-12-21,29.37,11.3,36.04,0.0,0.52
2019-12-22,30.03,12.49,31.73,0.0,0.52
2019-12-23,30.7,12.56,35.5,0.0,0.52
2019-12-24,30.14,13.97,34.77,0.0,0.52
2019-12-25,30.49,13.32,36.81,0.0,0.52
2019-12-26,29.38,12.34,43.96,0.97,0.52
2019-12-27,29.31,14.67,49.06,1.54,0.52
2019-12-28,25.13,17.09,68.52,0.95,0.52
2019-12-29,27.75,13.85,58.68,0.0,0.52
2019-12-30,28.4,13.34,49.6,0.02,0.52
2019-12-31,30.52,15.84,49.68,0.74,0.52
2020-01-01,29.42,16.02,63.07,5.77,0.53
2020-01-02,29.78,16.55,68.81,2.57,0.53
2020-01-03,26.81,16.78,79.07,23.48,0.57
2020-01-04,27.98,17.01,81.12,2.25,0.58
2020-01-05,28.13,16.52,82.05,3.52,0.58
2020-01-06,26.37,14.33,71.28,0.0,0.58
2020-01-07,26.56,11.99,61.27,0.0,0.57
2020-01-08,27.75,12.35,58.38,0.0,0.57
2020-01-09,29.72,12.97,56.6,0.05,0.57
2020-01-10,29.62,12.97,59.94,0.0,0.57
2020-01-11,27.69,14.52,63.69,0.0,0.56
2020-01-12,27.0,12.92,61.02,0.0,0.56
2020-01-13,28.28,12.84,56.33,0.0,0.56
2020-01-14,28.85,12.22,55.72,0.0,0.56
2020-01-15,29.4,12.42,53.62,0.0,0.55
2020-01-16,29.86,13.61,53.86,0.0,0.55
2020-01-17,30.46,13.8,51.89,0.0,0.55
2020-01-18,30.13,12.02,47.53,0.0,0.55
2020-01-19,29.4,12.06,46.28,0.0,0.54
2020-01-20,29.49,11.83,49.32,0.0,0.54
2020-01-21,29.23,12.09,55.45,0.0,0.54
2020-01-22,30.08,12.52,49.62,0.0,0.54
2020-01-23,30.21,11.98,48.09,0.0,0.54
2020-01-24,28.5,14.74,54.97,0.0,0.54
2020-01-25,26.89,10.51,42.77,0.0,0.53
2020-01-26,27.68,11.05,39.32,0.0,0.53
2020-01-27,27.65,10.34,45.24,0.0,0.53
2020-01-28,28.62,10.7,44.01,0.0,0.53
2020-01-29,29.2,12.11,46.56,0.0,0.53
2020-01-30,30.41,14.1,49.34,0.88,0.53
2020-01-31,30.54,15.88,48.92,0.23,0.53
2020-02-01,29.68,14.99,52.49,0.0,0.53
2020-02-02,31.82,13.44,44.69,0.0,0.53
2020-02-03,28.16,11.78,39.96,0.0,0.53
2020-02-04,28.9,11.26,37.08,0.0,0.53
2020-02-05,31.93,11.94,34.03,0.0,0.53
2020-02-06,29.92,15.17,32.7,0.0,0.52
2020-02-07,30.26,13.76,39.22,0.0,0.52
2020-02-08,32.45,15.7,37.74,0.0,0.52
2020-02-09,33.34,17.99,39.03,0.18,0.52
2020-02-10,32.1,17.28,47.97,0.01,0.52
2020-02-11,31.68,15.37,40.33,0.0,0.52
2020-02-12,31.48,14.9,34.24,0.0,0.52
2020-02-13,31.23,15.43,27.21,0.0,0.52
2020-02-14,32.41,15.62,30.3,0.0,0.52
2020-02-15,32.2,15.31,39.84,0.0,0.52
2020-02-16,32.75,16.57,41.34,0.0,0.52
2020-02-17,33.58,16.68,38.33,0.0,0.52
2020-02-18,34.6,16.88,32.12,0.0,0.52
2020-02-19,32.96,16.71,31.41,0.0,0.52
2020-02-20,33.63,14.77,26.58,0.0,0.52
2020-02-21,35.09,14.89,23.42,0.0,0.52
2020-02-22,35.36,16.84,26.89,0.0,0.52
2020-02-23,34.91,19.13,33.11,0.36,0.52
2020-02-24,34.01,18.87,32.64,0.3,0.52
2020-02-25,34.66,16.39,34.24,0.21,0.52
2020-02-26,34.29,17.49,44.03,1.05,0.52
2020-02-27,32.07,18.44,51.76,0.57,0.52
2020-02-28,32.06,18.31,47.11,0.0,0.52
2020-02-29,34.16,18.48,33.56,0.0,0.52
2020-03-01,35.18,17.03,29.44,0.0,0.52
2020-03-02,35.61,17.94,28.66,0.0,0.52
2020-03-03,35.34,18.12,33.13,0.02,0.52
2020-03-04,34.38,19.41,34.92,0.0,0.52
2020-03-05,35.7,20.19,29.15,0.01,0.52
2020-03-06,35.47,20.07,33.74,0.17,0.52
2020-03-07,35.59,20.75,36.02,0.0,0.52
2020-03-08,36.35,20.62,32.77,0.0,0.52
2020-03-09,35.4,20.18,34.73,0.0,0.52
2020-03-10,35.77,19.98,26.39,0.0,0.52
2020-03-11,37.0,18.02,23.62,0.0,0.52
2020-03-12,37.92,19.48,26.17,0.0,0.52
2020-03-13,38.63,22.25,30.95,0.0,0.52
2020-03-14,38.92,23.0,28.12,0.0,0.52
2020-03-15,40.22,24.09,25.56,0.0,0.52
2020-03-16,38.62,22.19,32.08,0.0,0.52
2020-03-17,37.1,23.37,32.2,0.0,0.52
2020-03-18,36.95,21.99,31.31,0.0,0.52
2020-03-19,36.51,21.28,29.53,0.01,0.52
2020-03-20,36.31,21.37,23.55,0.0,0.52
2020-03-21,34.56,20.43,30.14,0.0,0.52
2020-03-22,35.38,22.14,32.78,0.04,0.52
2020-03-23,35.31,21.25,30.78,0.6,0.52
2020-03-24,35.18,21.8,33.79,0.06,0.52
2020-03-25,36.84,22.36,31.29,0.0,0.52
2020-03-26,37.52,23.65,31.73,0.0,0.52
2020-03-27,38.26,23.59,32.98,0.0,0.52
2020-03-28,39.79,24.19,30.2,0.0,0.52
2020-03-29,40.95,24.59,30.69,0.0,0.52
2020-03-30,40.16,23.31,26.16,0.0,0.52
2020-03-31,39.35,22.92,20.58,0.0,0.52
2020-04-01,39.23,22.32,20.07,0.0,0.52
2020-04-02,40.19,20.97,24.92,0.19,0.52
2020-04-03,40.13,23.26,35.06,0.44,0.52
2020-04-04,38.66,24.6,37.93,0.97,0.52
2020-04-05,39.34,25.69,30.63,0.71,0.52
2020-04-06,38.2,25.56,32.61,0.01,0.52
2020-04-07,39.05,23.89,26.61,0.02,0.52
2020-04-08,37.43,24.72,29.2,0.0,0.52
2020-04-09,38.47,24.58,33.41,0.04,0.52
2020-04-10,38.92,25.65,33.67,0.41,0.52
2020-04-11,38.38,28.75,31.43,0.13,0.52
2020-04-12,39.71,27.26,29.47,0.02,0.52
2020-04-13,39.24,26.54,31.76,0.01,0.52
2020-04-14,41.17,26.48,28.24,0.0,0.52
2020-04-15,40.93,26.62,30.76,0.16,0.52
2020-04-16,41.23,26.88,28.71,0.21,0.52
2020-04-17,39.58,27.74,32.67,0.28,0.52
2020-04-18,40.73,27.06,31.13,0.64,0.52
2020-04-19,39.99,29.05,31.49,0.99,0.52
2020-04-20,40.6,26.78,32.74,0.18,0.52
2020-04-21,39.78,29.12,34.16,0.56,0.52
2020-04-22,40.45,26.5,39.63,0.29,0.52
2020-04-23,33.72,25.18,45.43,0.72,0.52
2020-04-24,38.94,24.38,39.55,2.7,0.53
2020-04-25,34.61,25.06,51.11,2.78,0.53
2020-04-26,33.49,25.81,58.02,2.94,0.53
2020-04-27,30.11,24.87,66.78,1.35,0.53
2020-04-28,33.29,24.03,64.94,2.08,0.53
2020-04-29,35.94,23.84,55.95,2.06,0.53
2020-04-30,36.44,24.0,56.08,2.68,0.53
2020-05-01,35.94,24.57,57.64,0.07,0.53
2020-05-02,35.7,26.17,56.44,2.75,0.53
2020-05-03,36.54,24.42,57.51,2.43,0.53
2020-05-04,38.17,24.44,53.6,1.45,0.53
2020-05-05,39.97,26.32,48.9,0.38,0.53
2020-05-06,39.81,27.2,44.34,0.53,0.53
2020-05-07,41.62,27.44,38.14,0.27,0.53
2020-05-08,41.49,26.43,32.3,0.01,0.52
2020-05-09,41.0,27.83,31.36,0.0,0.52
2020-05-10,42.47,28.0,29.5,0.08,0.52
2020-05-11,42.96,29.56,32.87,0.02,0.52
2020-05-12,38.86,30.39,36.48,0.11,0.52
2020-05-13,40.35,28.98,36.0,0.35,0.52
2020-05-14,42.51,26.68,35.74,0.0,0.52
2020-05-15,41.18,28.8,35.68,0.0,0.52
2020-05-16,43.4,30.39,29.98,0.01,0.52
2020-05-17,42.66,31.48,31.79,0.0,0.52
2020-05-18,42.92,31.23,32.42,0.02,0.52
2020-05-19,35.27,29.44,49.66,2.58,0.52
2020-05-20,37.83,28.13,49.68,3.58,0.53
2020-05-21,38.62,26.83,51.54,4.97,0.53
2020-05-22,37.78,24.8,63.1,15.9,0.55
2020-05-23,36.92,25.34,64.64,10.17,0.57
2020-05-24,40.72,26.58,56.2,0.56,0.56
2020-05-25,40.83,26.78,54.11,0.53,0.56
2020-05-26,39.81,26.08,56.95,4.72,0.56
2020-05-27,37.99,26.39,62.77,11.44,0.56
2020-05-28,34.67,25.32,69.61,2.83,0.57
2020-05-29,35.14,25.2,67.08,1.52,0.57
2020-05-30,35.47,25.51,65.5,0.93,0.57
2020-05-31,35.78,24.39,63.9,1.24,0.56
2020-06-01,36.52,26.08,64.88,3.19,0.56
2020-06-02,36.98,25.76,62.61,0.98,0.56
2020-06-03,39.21,25.28,54.72,1.93,0.56
2020-06-04,38.21,24.97,56.14,1.14,0.55
2020-06-05,36.4,27.19,58.84,0.27,0.55
2020-06-06,34.36,27.48,66.97,0.88,0.55
2020-06-07,33.18,26.42,72.93,1.34,0.55
2020-06-08,36.94,25.8,63.97,0.21,0.55
2020-06-09,32.9,26.74,69.89,1.8,0.54
2020-06-10,35.74,26.22,63.6,1.1,0.54
2020-06-11,34.29,26.08,69.69,2.7,0.55
2020-06-12,35.49,26.24,67.34,0.86,0.54
2020-06-13,35.82,25.97,67.72,1.7,0.54
2020-06-14,37.41,26.74,66.05,1.88,0.54
2020-06-15,35.67,27.1,68.99,2.74,0.54
2020-06-16,35.58,26.01,68.19,4.23,0.54
2020-06-17,32.49,25.88,76.39,4.15,0.55
2020-06-18,35.86,25.27,69.36,4.27,0.55
2020-06-19,34.7,25.44,72.69,2.87,0.55
2020-06-20,36.45,25.16,67.71,1.05,0.55
2020-06-21,37.74,24.7,63.49,0.78,0.55
2020-06-22,37.39,25.31,64.29,1.14,0.55
2020-06-23,36.32,25.96,61.29,1.51,0.54
2020-06-24,32.79,26.08,75.2,10.11,0.55
2020-06-25,35.87,25.97,70.99,3.55,0.56
2020-06-26,35.22,26.06,68.49,0.86,0.56
2020-06-27,38.49,25.16,63.46,0.63,0.55
2020-06-28,33.8,25.72,66.38,0.76,0.55
2020-06-29,36.12,26.15,65.67,0.79,0.55
2020-06-30,34.78,26.48,68.99,0.79,0.55
2020-07-01,36.57,26.41,67.76,1.35,0.54
2020-07-02,33.94,26.42,70.86,0.42,0.54
2020-07-03,36.09,26.27,68.1,0.34,0.54
2020-07-04,35.75,25.98,68.65,1.85,0.54
2020-07-05,33.1,26.19,70.58,0.4,0.54
2020-07-06,37.02,24.94,64.28,0.99,0.54
2020-07-07,34.44,25.53,71.44,1.38,0.54
2020-07-08,37.44,25.54,69.25,1.0,0.54
2020-07-09,36.97,26.06,65.99,7.77,0.54
2020-07-10,36.28,25.09,69.58,21.91,0.58
2020-07-11,33.94,25.55,77.15,29.98,0.62
2020-07-12,32.99,25.59,78.15,1.75,0.62
2020-07-13,29.52,25.03,81.83,2.31,0.62
2020-07-14,34.72,23.92,73.88,0.59,0.61
2020-07-15,33.62,24.56,74.2,0.6,0.61
2020-07-16,37.53,24.93,68.43,0.69,0.6
2020-07-17,33.94,25.81,73.25,0.64,0.6
2020-07-18,32.96,25.95,75.44,2.12,0.6
2020-07-19,35.44,24.69,72.13,3.07,0.6
2020-07-20,36.47,24.64,68.31,1.59,0.59
2020-07-21,36.88,25.12,66.88,1.53,0.59
2020-07-22,35.94,25.21,69.63,1.11,0.59
2020-07-23,35.79,25.14,68.8,1.27,0.58
2020-07-24,37.01,25.36,66.03,0.16,0.58
2020-07-25,37.55,26.17,64.5,0.03,0.57
2020-07-26,34.35,27.67,72.64,0.02,0.57
2020-07-27,37.46,26.73,67.98,0.89,0.57
2020-07-28,33.75,26.33,70.05,0.59,0.56
2020-07-29,37.61,25.61,65.23,1.83,0.56
2020-07-30,36.58,25.67,66.17,0.47,0.56
2020-07-31,37.22,25.99,65.16,0.77,0.56
2020-08-01,37.01,27.15,65.63,0.64,0.55
2020-08-02,38.59,27.24,63.38,0.84,0.55
2020-08-03,33.72,27.65,75.56,2.54,0.55
2020-08-04,37.62,26.12,68.7,2.62,0.55
2020-08-05,35.82,26.52,69.63,0.77,0.55
2020-08-06,36.85,25.43,69.28,0.88,0.55
2020-08-07,37.0,25.59,68.24,0.57,0.54
2020-08-08,38.46,26.01,62.65,0.87,0.54
2020-08-09,37.42,26.02,62.32,2.04,0.54
2020-08-10,35.39,25.45,68.47,2.17,0.54
2020-08-11,34.2,25.68,74.17,2.33,0.54
2020-08-12,36.91,25.73,66.69,0.39,0.54
2020-08-13,37.92,25.49,62.35,0.36,0.54
2020-08-14,35.04,25.81,68.84,2.62,0.54
2020-08-15,35.57,25.81,67.58,1.47,0.54
2020-08-16,35.75,25.3,68.12,2.37,0.54
2020-08-17,34.11,24.95,72.26,3.39,0.54
2020-08-18,33.07,24.53,79.88,5.57,0.55
2020-08-19,30.37,24.6,80.4,2.72,0.55
2020-08-20,30.69,23.62,78.76,1.92,0.55
2020-08-21,37.04,23.92,68.69,2.41,0.55
2020-08-22,36.78,25.87,68.6,1.71,0.55
2020-08-23,31.17,25.77,78.74,2.24,0.55
2020-08-24,32.2,24.77,76.56,1.56,0.55
2020-08-25,35.15,24.1,71.49,2.85,0.55
2020-08-26,34.62,24.54,73.43,1.5,0.55
2020-08-27,36.67,24.83,68.52,0.4,0.55
2020-08-28,38.6,24.34,65.04,1.77,0.54
2020-08-29,39.26,25.22,62.09,1.17,0.54
2020-08-30,36.65,26.55,65.61,0.55,0.54
2020-08-31,33.0,26.22,77.12,3.24,0.54
2020-09-01,36.24,25.65,68.06,0.28,0.54
2020-09-02,37.2,25.44,63.0,0.23,0.54
2020-09-03,40.05,25.45,56.25,0.0,0.54
2020-09-04,41.47,27.37,54.04,0.01,0.53
2020-09-05,38.99,27.02,62.57,0.98,0.53
2020-09-06,39.05,26.92,60.97,0.48,0.53
2020-09-07,36.04,26.76,63.81,1.38,0.53
2020-09-08,36.85,26.14,65.57,1.86,0.53
2020-09-09,32.03,26.03,74.79,2.14,0.53
2020-09-10,36.78,25.0,67.76,1.87,0.53
2020-09-11,36.79,25.31,67.35,0.62,0.53
2020-09-12,33.29,26.35,73.27,1.31,0.53
2020-09-13,36.52,25.51,69.38,1.49,0.53
2020-09-14,38.38,25.29,64.28,0.89,0.53
2020-09-15,36.09,25.68,70.05,2.97,0.53
2020-09-16,35.84,25.54,68.67,2.0,0.54
2020-09-17,36.01,26.32,64.64,0.02,0.53
2020-09-18,33.68,27.73,67.48,0.41,0.53
2020-09-19,41.44,26.64,56.74,1.14,0.53
2020-09-20,34.51,26.58,68.24,5.06,0.54
2020-09-21,34.2,25.5,76.97,6.49,0.54
2020-09-22,32.4,25.15,81.82,7.08,0.55
2020-09-23,34.53,25.32,77.47,5.69,0.56
2020-09-24,34.63,24.99,77.32,4.48,0.56
2020-09-25,36.33,24.64,73.9,8.07,0.56
2020-09-26,34.99,24.21,75.82,5.52,0.58
2020-09-27,35.24,24.22,74.11,2.04,0.57
2020-09-28,34.47,24.95,74.5,2.83,0.57
2020-09-29,34.61,25.03,75.05,7.43,0.58
2020-09-30,34.63,25.07,71.78,0.83,0.58
2020-10-01,34.12,24.77,74.72,1.14,0.58
2020-10-02,35.22,25.43,73.25,0.89,0.57
2020-10-03,33.28,24.65,78.89,5.51,0.57
2020-10-04,32.43,25.01,81.4,8.91,0.58
2020-10-05,33.05,24.75,78.58,2.4,0.59
2020-10-06,33.74,24.41,76.14,1.26,0.59
2020-10-07,33.56,25.06,73.94,0.54,0.58
2020-10-08,35.73,24.59,68.91,0.04,0.58
2020-10-09,38.02,26.25,61.69,0.09,0.58
2020-10-10,37.34,24.75,63.92,0.21,0.57
2020-10-11,36.26,25.39,66.55,3.68,0.57
2020-10-12,36.36,25.13,68.62,2.62,0.57
2020-10-13,35.07,25.33,72.88,8.16,0.58
2020-10-14,35.12,24.31,73.15,7.92,0.59
2020-10-15,37.42,24.19,63.61,2.5,0.59
2020-10-16,37.14,25.35,62.84,0.86,0.58
2020-10-17,32.51,26.14,75.92,2.21,0.58
2020-10-18,34.9,24.76,68.74,1.08,0.58
2020-10-19,33.66,25.16,72.41,3.83,0.58
2020-10-20,34.45,24.02,69.32,0.42,0.58
2020-10-21,32.42,23.34,75.85,2.15,0.57
2020-10-22,28.46,23.57,86.79,15.2,0.59
2020-10-23,30.46,23.49,84.47,12.49,0.61
2020-10-24,31.6,23.34,80.98,2.77,0.61
2020-10-25,32.91,23.6,79.16,0.57,0.61
2020-10-26,33.9,24.06,75.26,0.0,0.6
2020-10-27,32.67,24.59,73.91,0.03,0.6
2020-10-28,31.46,25.06,72.21,0.57,0.6
2020-10-29,35.29,23.47,70.81,3.89,0.6
2020-10-30,32.19,24.05,77.78,12.98,0.61
2020-10-31,31.73,23.89,77.4,6.28,0.61
2020-11-01,30.06,23.9,87.65,11.09,0.63
2020-11-02,31.98,23.75,82.82,3.97,0.63
2020-11-03,32.03,23.31,80.51,4.18,0.63
2020-11-04,30.27,23.36,83.65,4.79,0.64
2020-11-05,32.02,21.54,74.2,0.05,0.63
2020-11-06,32.75,21.87,69.57,0.0,0.63
2020-11-07,33.56,20.28,64.28,0.0,0.62
2020-11-08,33.43,20.51,64.73,0.0,0.61
2020-11-09,32.88,20.03,64.47,0.28,0.61
2020-11-10,32.08,22.11,67.24,0.0,0.61
2020-11-11,32.76,21.11,62.9,0.11,0.6
2020-11-12,33.06,17.98,58.07,0.0,0.6
2020-11-13,33.2,18.41,59.61,0.0,0.59
2020-11-14,33.49,19.58,59.89,0.0,0.59
2020-11-15,33.39,19.5,61.67,0.0,0.59
2020-11-16,33.33,18.63,60.71,0.0,0.58
2020-11-17,32.45,19.05,64.93,0.0,0.58
2020-11-18,31.68,16.9,58.31,0.0,0.58
2020-11-19,30.54,16.55,56.98,0.0,0.57
2020-11-20,31.11,16.6,58.06,0.0,0.57
2020-11-21,31.13,17.27,61.4,0.12,0.57
2020-11-22,31.34,17.66,63.14,0.0,0.57
2020-11-23,31.41,18.06,61.55,0.0,0.56
2020-11-24,31.83,17.88,62.05,0.0,0.56
2020-11-25,32.33,17.29,59.5,0.0,0.56
2020-11-26,32.5,17.4,56.58,0.0,0.56
2020-11-27,32.54,16.61,55.54,0.0,0.55
2020-11-28,32.8,17.6,52.43,0.0,0.55
2020-11-29,32.6,17.26,54.71,0.0,0.55
2020-11-30,32.41,17.58,51.41,0.0,0.55
2020-12-01,32.55,17.27,53.75,0.0,0.54
2020-12-02,32.63,16.63,57.64,0.0,0.54
2020-12-03,32.2,15.29,52.95,0.0,0.54
2020-12-04,31.1,13.47,48.27,0.0,0.54
2020-12-05,30.78,13.12,52.64,0.0,0.54
2020-12-06,30.22,12.82,51.88,0.0,0.54
2020-12-07,30.56,14.56,48.44,0.0,0.53
2020-12-08,30.11,15.03,49.23,0.0,0.53
2020-12-09,30.6,15.58,52.41,0.0,0.53
2020-12-10,30.64,15.72,52.68,0.0,0.53
2020-12-11,30.8,15.64,49.81,0.0,0.53
2020-12-12,31.39,16.3,49.16,0.0,0.53
2020-12-13,30.66,16.77,52.29,0.0,0.53
2020-12-14,31.59,16.38,43.68,0.0,0.53
2020-12-15,31.57,17.0,49.55,0.0,0.53
2020-12-16,32.29,17.94,50.31,0.01,0.53
2020-12-17,32.3,17.89,50.05,0.0,0.53
2020-12-18,31.21,17.51,49.41,0.0,0.53
2020-12-19,30.27,16.24,48.54,0.0,0.53
2020-12-20,30.31,14.91,50.83,0.0,0.53
2020-12-21,30.54,14.67,46.64,0.01,0.53
2020-12-22,29.85,15.65,49.26,0.0,0.52
2020-12-23,29.46,14.18,44.14,0.01,0.52
2020-12-24,30.01,14.04,44.87,0.0,0.52
2020-12-25,31.46,15.02,47.74,0.0,0.52
2020-12-26,30.55,12.84,41.8,0.0,0.52
2020-12-27,30.77,13.39,38.06,0.0,0.52
2020-12-28,30.43,13.05,35.29,0.0,0.52
2020-12-29,29.81,12.65,38.21,0.0,0.52
2020-12-30,30.45,14.05,43.97,0.01,0.52
2020-12-31,31.79,14.08,40.18,0.06,0.52
2021-01-01,32.17,14.83,42.05,0.0,0.52
2021-01-02,31.53,15.93,42.81,0.0,0.52
2021-01-03,31.66,15.72,43.82,0.0,0.52
2021-01-04,32.02,15.92,45.64,0.0,0.52
2021-01-05,33.59,16.06,41.51,0.01,0.52
2021-01-06,34.16,17.8,37.01,0.0,0.52
2021-01-07,34.35,16.87,33.27,0.0,0.52
2021-01-08,32.87,17.14,37.3,0.0,0.52
2021-01-09,33.12,18.0,41.59,0.0,0.52
2021-01-10,31.53,17.41,43.22,0.0,0.52
2021-01-11,32.08,18.95,38.46,0.0,0.52
2021-01-12,30.74,19.59,47.34,0.0,0.52
2021-01-13,28.7,18.01,58.28,0.0,0.52
2021-01-14,29.03,15.41,52.33,0.0,0.52
2021-01-15,29.25,14.15,42.66,0.0,0.52
2021-01-16,28.18,14.19,43.95,0.0,0.52
2021-01-17,29.38,15.07,40.99,0.0,0.52
2021-01-18,31.17,14.53,43.19,0.0,0.52
2021-01-19,31.13,14.3,43.25,0.15,0.52
2021-01-20,29.2,12.82,46.08,0.84,0.52
2021-01-21,30.26,15.05,49.31,0.04,0.52
2021-01-22,28.11,16.08,49.89,0.0,0.52
2021-01-23,29.42,14.56,42.89,0.0,0.52
2021-01-24,29.8,13.41,42.93,0.0,0.52
2021-01-25,29.6,13.21,43.17,0.0,0.52
2021-01-26,30.75,14.24,47.05,0.0,0.52
2021-01-27,31.86,14.35,39.29,0.0,0.52
2021-01-28,32.65,13.64,31.6,0.0,0.52
2021-01-29,33.15,13.6,29.42,0.0,0.52
2021-01-30,32.19,13.06,26.74,0.04,0.52
2021-01-31,30.17,14.54,38.68,0.0,0.52
2021-02-01,29.46,12.1,26.9,0.0,0.52
2021-02-02,29.8,11.1,23.76,0.0,0.52
2021-02-03,31.56,12.58,19.79,0.0,0.52
2021-02-04,32.47,13.97,21.64,0.0,0.52
2021-02-05,32.62,13.49,26.34,0.0,0.52
2021-02-06,32.95,14.26,27.04,0.01,0.52
2021-02-07,31.57,13.66,34.44,0.81,0.52
2021-02-08,29.61,15.99,50.45,1.1,0.52
2021-02-09,31.02,15.06,43.06,0.0,0.52
2021-02-10,32.97,16.71,33.22,0.0,0.52
2021-02-11,33.43,15.75,30.57,0.0,0.52
2021-02-12,32.5,13.86,28.18,0.0,0.52
2021-02-13,32.35,15.95,23.26,0.0,0.52
2021-02-14,32.36,15.65,26.63,0.0,0.52
2021-02-15,32.2,16.53,28.07,0.0,0.52
2021-02-16,33.3,14.84,28.01,0.0,0.52
2021-02-17,33.91,15.69,26.32,0.0,0.52
2021-02-18,36.11,18.4,27.77,0.19,0.52
2021-02-19,34.14,19.68,37.44,0.01,0.52
2021-02-20,31.34,22.12,40.19,0.04,0.52
2021-02-21,33.98,20.84,41.8,0.04,0.52
2021-02-22,35.47,19.33,36.01,0.0,0.52
2021-02-23,36.18,20.74,31.24,0.0,0.52
2021-02-24,35.12,18.75,31.84,0.0,0.52
2021-02-25,35.22,19.0,32.16,0.0,0.52
2021-02-26,34.66,18.82,32.47,0.0,0.52
2021-02-27,35.18,17.76,29.39,0.0,0.52
2021-02-28,35.89,18.39,29.32,0.0,0.52
2021-03-01,36.02,19.5,30.33,0.0,0.52
2021-03-02,35.96,20.52,32.05,0.0,0.52
2021-03-03,35.85,19.8,28.77,0.0,0.52
2021-03-04,36.91,20.06,28.98,0.0,0.52
2021-03-05,36.07,17.81,28.75,0.0,0.52
2021-03-06,35.81,18.69,27.79,0.0,0.52
2021-03-07,37.07,18.59,26.41,0.01,0.52
2021-03-08,35.76,19.91,31.84,0.25,0.52
2021-03-09,37.21,20.35,30.9,0.15,0.52
2021-03-10,37.06,22.47,29.67,0.0,0.52
2021-03-11,36.8,23.13,28.84,0.0,0.52
2021-03-12,37.99,22.46,28.88,0.0,0.52
2021-03-13,37.37,22.22,26.84,0.0,0.52
2021-03-14,38.41,23.07,28.34,0.0,0.52
2021-03-15,37.25,21.45,27.58,0.0,0.52
2021-03-16,36.5,21.78,32.6,0.0,0.52
2021-03-17,38.49,21.85,25.21,0.0,0.52
2021-03-18,38.63,20.67,18.98,0.0,0.52
2021-03-19,38.86,21.28,19.68,0.0,0.52
2021-03-20,37.02,21.96,22.42,0.0,0.52
2021-03-21,34.44,22.56,28.84,0.0,0.52
2021-03-22,39.22,23.65,27.12,0.0,0.52
2021-03-23,39.67,23.64,25.25,0.0,0.52
2021-03-24,39.76,23.87,22.46,0.0,0.52
2021-03-25,39.98,24.71,27.98,0.0,0.52
2021-03-26,39.29,24.13,24.16,0.0,0.52
2021-03-27,38.95,23.34,21.79,0.0,0.52
2021-03-28,37.74,25.24,19.31,0.0,0.52
2021-03-29,38.34,24.6,19.57,0.03,0.52
2021-03-30,40.0,21.63,31.19,2.14,0.52
2021-03-31,41.04,23.05,38.77,0.45,0.52
2021-04-01,40.47,22.79,34.46,0.01,0.52
2021-04-02,38.12,24.0,32.19,0.01,0.52
2021-04-03,39.74,23.25,26.01,0.0,0.52
2021-04-04,37.38,23.9,39.93,2.53,0.52
2021-04-05,36.93,22.76,45.98,1.19,0.53
2021-04-06,36.49,24.35,40.89,0.09,0.53
2021-04-07,37.16,23.47,40.77,0.01,0.52
2021-04-08,39.74,25.29,35.57,0.24,0.52
2021-04-09,38.39,28.28,35.1,0.0,0.52
2021-04-10,40.69,28.28,31.31,0.19,0.52
2021-04-11,40.86,28.45,29.8,0.19,0.52
2021-04-12,40.96,28.37,28.7,0.0,0.52
2021-04-13,40.53,27.51,29.07,0.07,0.52
2021-04-14,39.42,28.54,28.05,0.0,0.52
2021-04-15,38.14,28.27,29.26,0.0,0.52
2021-04-16,34.39,27.2,35.25,2.56,0.52
2021-04-17,36.44,24.65,45.04,5.93,0.53
2021-04-18,37.64,23.29,47.17,0.09,0.53
2021-04-19,37.75,25.14,43.97,1.12,0.53
2021-04-20,38.65,25.83,35.69,0.0,0.53
2021-04-21,40.03,24.32,32.54,0.0,0.53
2021-04-22,41.53,26.34,30.68,0.0,0.52
2021-04-23,40.66,29.42,32.81,0.0,0.52
2021-04-24,41.07,28.45,27.25,0.0,0.52
2021-04-25,41.62,25.63,23.1,0.25,0.52
2021-04-26,41.04,26.57,33.73,0.65,0.52
2021-04-27,40.58,27.09,41.01,0.74,0.52
2021-04-28,38.94,29.0,40.88,0.55,0.52
2021-04-29,38.21,28.73,43.95,0.04,0.52
2021-04-30,35.01,28.14,53.91,2.51,0.53
2021-05-01,37.61,26.94,48.67,1.95,0.53
2021-05-02,35.96,26.94,48.7,1.77,0.53
2021-05-03,37.34,26.76,49.77,1.65,0.53
2021-05-04,35.19,25.42,53.92,0.34,0.53
2021-05-05,35.54,26.72,49.71,0.5,0.53
2021-05-06,38.46,25.59,49.03,2.6,0.53
2021-05-07,38.43,25.95,49.92,0.96,0.53
2021-05-08,38.62,27.04,45.22,0.29,0.53
2021-05-09,40.41,27.78,40.65,1.49,0.53
2021-05-10,39.59,28.17,40.44,1.08,0.53
2021-05-11,39.39,26.95,40.44,2.06,0.53
2021-05-12,35.62,27.11,52.46,6.19,0.53
2021-05-13,36.41,24.82,57.9,0.53,0.54
2021-05-14,40.15,25.61,45.12,0.9,0.53
2021-05-15,40.52,26.3,45.02,0.85,0.53
2021-05-16,40.62,27.01,37.96,0.03,0.53
2021-05-17,40.62,28.93,42.38,0.01,0.53
2021-05-18,43.37,30.75,34.67,0.55,0.52
2021-05-19,42.8,29.91,36.51,1.08,0.52
2021-05-20,44.28,31.21,36.83,0.87,0.52
2021-05-21,42.66,31.79,38.7,0.22,0.52
2021-05-22,41.72,30.74,42.5,1.19,0.52
2021-05-23,39.71,29.88,49.02,2.1,0.53
2021-05-24,37.56,28.9,54.28,2.09,0.53
2021-05-25,38.0,27.5,54.66,2.12,0.53
2021-05-26,37.85,26.49,50.93,1.73,0.53
2021-05-27,39.31,25.5,48.78,0.29,0.53
2021-05-28,41.16,27.81,45.45,0.88,0.53
2021-05-29,42.32,28.81,41.77,0.03,0.53
2021-05-30,35.66,29.71,49.7,0.38,0.53
2021-05-31,35.29,28.0,58.16,1.58,0.53
2021-06-01,41.08,27.64,46.37,4.71,0.53
2021-06-02,39.06,27.76,55.77,2.32,0.53
2021-06-03,41.37,27.46,45.55,0.81,0.53
2021-06-04,39.07,28.92,48.79,1.79,0.53
2021-06-05,41.41,28.1,48.5,3.58,0.53
2021-06-06,40.47,25.87,49.0,3.02,0.53
2021-06-07,39.39,27.24,50.89,1.21,0.53
2021-06-08,36.51,27.54,57.38,1.95,0.53
2021-06-09,36.04,26.67,65.35,1.47,0.53
2021-06-10,34.24,26.25,65.94,2.28,0.53
2021-06-11,37.46,24.44,60.05,1.29,0.53
2021-06-12,34.54,25.68,59.88,1.65,0.53
2021-06-13,38.06,26.55,58.79,0.98,0.53
2021-06-14,38.78,26.2,58.92,1.4,0.53
2021-06-15,36.56,26.4,65.95,2.13,0.53
2021-06-16,35.94,26.2,64.75,2.09,0.53
2021-06-17,35.95,25.34,62.77,2.1,0.53
2021-06-18,34.93,25.05,66.18,3.31,0.54
2021-06-19,32.37,24.37,74.74,2.23,0.54
2021-06-20,37.53,23.9,62.33,1.5,0.54
2021-06-21,38.72,25.01,59.62,1.01,0.53
2021-06-22,38.08,25.16,57.63,0.86,0.53
2021-06-23,38.19,25.4,58.91,1.05,0.53
2021-06-24,37.59,25.93,62.15,1.31,0.53
2021-06-25,36.81,25.53,60.0,1.36,0.53
2021-06-26,39.56,26.13,52.56,0.11,0.53
2021-06-27,39.45,27.36,52.7,0.53,0.53
2021-06-28,39.45,26.88,54.72,1.97,0.53
2021-06-29,39.03,26.14,53.09,2.02,0.53
2021-06-30,35.88,26.44,61.78,2.83,0.53
2021-07-01,33.12,24.94,70.02,1.3,0.53
2021-07-02,35.9,25.12,68.51,1.71,0.53
2021-07-03,37.61,24.19,59.29,0.58,0.53
2021-07-04,32.95,25.17,64.37,0.51,0.53
2021-07-05,37.99,25.21,58.57,0.65,0.53
2021-07-06,37.14,26.72,60.42,0.88,0.53
2021-07-07,36.77,26.95,61.15,0.88,0.53
2021-07-08,40.27,26.94,53.42,0.32,0.53
2021-07-09,37.84,27.86,53.06,1.12,0.53
2021-07-10,39.83,27.51,51.82,0.22,0.53
2021-07-11,39.96,28.61,51.63,2.2,0.53
2021-07-12,39.21,28.37,54.23,0.67,0.53
2021-07-13,38.03,26.24,59.16,2.67,0.53
2021-07-14,40.58,26.33,51.31,0.92,0.53
2021-07-15,39.41,28.17,52.57,0.32,0.53
2021-07-16,34.93,28.46,60.43,0.98,0.53
2021-07-17,36.23,27.22,59.43,0.52,0.53
2021-07-18,40.51,26.45,55.16,2.14,0.53
2021-07-19,34.64,28.87,63.06,0.87,0.53
2021-07-20,35.44,27.57,63.13,0.59,0.53
2021-07-21,38.13,26.57,57.68,0.37,0.53
2021-07-22,34.01,26.32,67.66,1.98,0.53
2021-07-23,36.46,26.26,65.29,1.15,0.53
2021-07-24,36.64,26.14,62.76,1.64,0.53
2021-07-25,36.99,26.32,62.68,2.07,0.53
2021-07-26,36.46,26.38,67.19,2.43,0.53
2021-07-27,35.23,25.02,70.01,2.7,0.53
2021-07-28,36.21,26.32,66.32,0.94,0.53
2021-07-29,37.06,26.1,61.65,1.08,0.53
2021-07-30,33.27,25.07,74.41,1.68,0.53
2021-07-31,36.76,25.61,69.49,4.14,0.54
2021-08-01,33.33,25.66,76.72,3.09,0.54
2021-08-02,36.07,25.31,70.74,1.64,0.54
2021-08-03,35.88,25.22,68.54,2.51,0.54
2021-08-04,36.27,25.16,64.4,1.27,0.54
2021-08-05,34.25,24.91,69.83,3.28,0.54
2021-08-06,37.45,25.18,68.92,3.08,0.54
2021-08-07,37.53,24.31,66.19,1.44,0.54
2021-08-08,39.18,25.05,62.3,2.43,0.54
2021-08-09,39.62,25.71,58.66,0.22,0.53
2021-08-10,34.5,27.66,60.3,0.89,0.53
2021-08-11,39.5,26.88,60.76,1.55,0.53
2021-08-12,38.51,26.12,62.72,1.07,0.53
2021-08-13,36.97,26.2,64.24,2.92,0.53
2021-08-14,39.03,25.19,61.23,1.29,0.53
2021-08-15,37.91,26.23,61.36,0.56,0.53
2021-08-16,32.86,25.94,73.42,3.1,0.53
2021-08-17,34.34,24.52,72.34,2.09,0.53
2021-08-18,33.65,24.93,74.63,3.12,0.54
2021-08-19,34.13,24.58,71.15,1.08,0.54
2021-08-20,33.98,25.06,65.01,0.4,0.53
2021-08-21,36.99,24.37,61.33,0.74,0.53
2021-08-22,38.1,26.68,55.87,1.0,0.53
2021-08-23,38.78,27.69,52.92,1.27,0.53
2021-08-24,36.82,26.53,60.23,1.89,0.53
2021-08-25,37.68,26.5,62.28,3.25,0.53
2021-08-26,36.16,25.75,67.84,1.75,0.53
2021-08-27,37.21,25.65,64.2,1.33,0.53
2021-08-28,34.43,26.0,65.55,1.85,0.53
2021-08-29,33.87,25.53,67.91,2.03,0.53
2021-08-30,36.97,25.63,64.71,0.66,0.53
2021-08-31,37.97,25.89,57.91,2.56,0.53
2021-09-01,34.08,26.34,67.83,1.67,0.53
2021-09-02,37.65,26.56,61.2,1.74,0.53
2021-09-03,37.84,25.62,62.7,1.29,0.53
2021-09-04,37.36,26.44,58.85,0.06,0.53
2021-09-05,34.5,25.98,61.11,0.97,0.53
2021-09-06,36.89,25.86,63.35,1.02,0.53
2021-09-07,37.68,25.21,57.44,1.1,0.53
2021-09-08,37.02,26.31,58.78,2.48,0.53
2021-09-09,39.73,27.24,53.23,0.13,0.53
2021-09-10,37.73,27.36,56.65,0.88,0.53
2021-09-11,35.92,26.25,59.32,0.14,0.53
2021-09-12,38.48,24.86,58.64,0.33,0.53
2021-09-13,38.15,25.46,57.4,0.83,0.53
2021-09-14,38.03,26.25,55.15,0.71,0.53
2021-09-15,36.18,26.99,65.13,4.98,0.53
2021-09-16,35.98,25.74,68.42,1.22,0.53
2021-09-17,31.63,25.16,78.12,2.81,0.53
2021-09-18,35.94,24.32,69.02,2.12,0.53
2021-09-19,34.73,24.68,68.74,0.64,0.53
2021-09-20,30.29,25.26,79.07,2.76,0.54
2021-09-21,30.73,24.59,77.66,0.55,0.54
2021-09-22,33.44,24.49,69.42,0.37,0.53
2021-09-23,37.61,24.46,57.55,0.95,0.53
2021-09-24,34.91,26.4,64.85,2.49,0.53
2021-09-25,36.48,25.45,63.63,1.42,0.53
2021-09-26,36.57,26.24,57.96,0.95,0.53
2021-09-27,33.39,25.53,64.09,0.62,0.53
2021-09-28,33.38,24.96,67.85,1.67,0.53
2021-09-29,36.79,24.46,61.83,1.3,0.53
2021-09-30,38.67,26.41,52.7,0.04,0.53
2021-10-01,37.9,27.97,52.27,1.06,0.53
2021-10-02,35.74,26.65,64.01,2.68,0.53
2021-10-03,36.19,25.66,66.55,0.46,0.53
2021-10-04,37.38,25.14,58.78,0.23,0.53
2021-10-05,36.85,26.1,54.87,0.17,0.53
2021-10-06,38.89,26.85,48.06,0.49,0.53
2021-10-07,40.53,27.13,47.51,1.25,0.53
2021-10-08,36.29,27.21,60.05,1.47,0.53
2021-10-09,38.32,26.46,56.3,0.2,0.53
2021-10-10,39.37,27.87,51.87,0.98,0.53
2021-10-11,39.91,28.29,50.3,2.37,0.53
2021-10-12,38.73,26.81,54.73,0.92,0.53
2021-10-13,38.43,27.29,54.3,2.07,0.53
2021-10-14,40.66,27.4,46.72,0.34,0.53
2021-10-15,36.76,28.04,53.35,2.03,0.53
2021-10-16,36.8,25.57,58.07,1.87,0.53
2021-10-17,33.51,24.16,63.48,4.72,0.53
2021-10-18,34.71,24.16,64.21,2.86,0.54
2021-10-19,34.46,24.36,69.7,2.98,0.54
2021-10-20,35.79,24.63,70.65,4.63,0.54
2021-10-21,34.92,24.95,72.64,2.99,0.54
2021-10-22,35.92,23.68,69.58,0.73,0.54
2021-10-23,34.82,23.84,70.05,1.76,0.54
2021-10-24,35.8,22.97,62.6,0.08,0.54
2021-10-25,34.92,23.46,63.74,0.26,0.53
2021-10-26,35.37,23.73,63.54,0.6,0.53
2021-10-27,35.35,24.87,61.26,0.4,0.53
2021-10-28,34.36,25.16,61.17,0.69,0.53
2021-10-29,36.86,25.4,54.26,0.07,0.53
2021-10-30,37.14,25.97,52.46,0.0,0.53
2021-10-31,36.88,25.91,55.81,0.05,0.53
2021-11-01,36.04,24.51,55.39,0.03,0.53
2021-11-02,35.71,24.55,57.21,0.53,0.53
2021-11-03,34.53,24.66,60.43,0.38,0.53
2021-11-04,35.41,23.77,52.12,0.08,0.53
2021-11-05,35.42,23.59,51.48,0.0,0.52
2021-11-06,35.94,23.85,48.59,0.0,0.52
2021-11-07,36.11,24.0,44.28,0.0,0.52
2021-11-08,37.18,22.39,39.24,0.0,0.52
2021-11-09,37.03,22.67,42.83,0.0,0.52
2021-11-10,36.59,24.34,54.85,0.0,0.52
2021-11-11,36.55,24.73,50.11,0.0,0.52
2021-11-12,37.0,25.74,50.17,0.9,0.52
2021-11-13,33.9,25.68,60.98,3.56,0.52
2021-11-14,33.38,23.5,69.78,3.06,0.53
2021-11-15,34.05,23.75,67.68,3.62,0.53
2021-11-16,35.06,22.66,64.82,0.01,0.53
2021-11-17,35.27,24.1,58.93,0.01,0.53
2021-11-18,35.66,22.89,53.26,0.0,0.53
2021-11-19,35.51,21.75,48.16,0.0,0.53
2021-11-20,34.59,20.18,44.74,0.0,0.53
2021-11-21,35.4,20.03,42.55,0.0,0.53
2021-11-22,36.02,22.51,44.41,0.0,0.53
2021-11-23,34.94,22.02,38.81,0.01,0.52
2021-11-24,34.13,21.07,41.82,0.13,0.52
2021-11-25,34.15,20.61,45.08,0.0,0.52
2021-11-26,33.5,21.36,46.5,0.0,0.52
2021-11-27,33.23,21.28,51.1,0.0,0.52
2021-11-28,33.47,21.3,45.13,0.0,0.52
2021-11-29,34.23,22.49,41.81,0.0,0.52
2021-11-30,34.69,20.44,40.0,0.0,0.52
2021-12-01,34.22,21.96,40.03,0.0,0.52
2021-12-02,34.02,19.64,40.13,0.0,0.52
2021-12-03,33.28,19.44,47.52,0.17,0.52
2021-12-04,33.0,19.67,53.66,0.81,0.52
2021-12-05,32.46,20.23,61.18,5.72,0.53
2021-12-06,29.55,20.62,71.85,18.6,0.55
2021-12-07,30.78,18.42,71.88,2.69,0.57
2021-12-08,30.79,19.86,71.25,1.8,0.56
2021-12-09,30.84,19.47,70.71,0.08,0.56
2021-12-10,30.87,21.08,68.85,0.07,0.56
2021-12-11,31.1,19.52,68.63,0.25,0.56
2021-12-12,30.31,19.14,64.4,0.02,0.55
2021-12-13,29.67,16.58,55.71,0.0,0.55
2021-12-14,30.04,15.87,57.84,0.0,0.55
2021-12-15,29.6,16.27,57.69,0.0,0.55
2021-12-16,29.5,16.31,57.86,0.0,0.54
2021-12-17,30.02,14.28,54.93,0.0,0.54
2021-12-18,30.56,14.82,50.96,0.0,0.54
2021-12-19,29.47,15.37,55.87,0.0,0.54
2021-12-20,29.49,17.82,60.43,0.0,0.54
2021-12-21,28.31,16.45,60.11,0.01,0.53
2021-12-22,27.91,15.82,58.52,1.21,0.53
2021-12-23,26.99,12.21,55.53,0.68,0.53
2021-12-24,28.08,13.05,56.36,0.01,0.53
2021-12-25,28.34,13.25,52.43,0.0,0.53
2021-12-26,29.04,13.76,52.1,0.0,0.53
2021-12-27,29.44,14.27,50.51,0.0,0.53
2021-12-28,29.41,14.1,48.32,0.0,0.53
2021-12-29,30.29,13.46,48.79,0.0,0.53
2021-12-30,31.07,14.36,46.38,0.0,0.53
2021-12-31,31.48,14.84,42.78,0.0,0.53
2022-01-01,30.36,14.6,45.96,0.0,0.53
2022-01-02,30.81,14.04,40.61,0.0,0.53
2022-01-03,29.28,13.73,39.48,0.0,0.53
2022-01-04,30.56,13.49,35.83,0.0,0.52
2022-01-05,30.43,13.6,38.62,0.0,0.52
2022-01-06,31.03,13.52,33.7,0.0,0.52
2022-01-07,31.72,13.94,33.35,0.0,0.52
2022-01-08,31.88,14.64,33.2,0.0,0.52
2022-01-09,31.82,14.26,36.15,0.0,0.52
2022-01-10,31.57,14.06,36.97,0.0,0.52
2022-01-11,31.97,15.01,32.86,0.0,0.52
2022-01-12,32.87,16.44,35.06,0.33,0.52
2022-01-13,31.72,15.54,37.57,0.2,0.52
2022-01-14,30.69,16.45,47.68,0.83,0.52
2022-01-15,30.16,16.24,57.52,1.21,0.52
2022-01-16,28.41,17.49,61.89,0.31,0.52
2022-01-17,29.64,15.97,51.79,0.0,0.52
2022-01-18,29.4,13.84,46.61,0.0,0.52
2022-01-19,29.9,14.68,42.71,0.3,0.52
2022-01-20,28.27,12.06,49.15,1.08,0.52
2022-01-21,28.52,12.1,49.65,0.01,0.52
2022-01-22,28.06,13.32,42.84,0.0,0.52
2022-01-23,28.84,13.28,42.71,1.19,0.53
2022-01-24,29.65,14.45,50.77,3.83,0.53
2022-01-25,27.62,15.28,65.78,3.36,0.54
2022-01-26,22.61,14.97,78.79,2.6,0.54
2022-01-27,28.46,15.68,68.57,0.5,0.54
2022-01-28,27.69,12.9,53.84,0.0,0.54
2022-01-29,26.44,10.56,43.99,0.0,0.53
2022-01-30,27.86,9.97,42.28,0.0,0.53
2022-01-31,27.89,11.23,42.07,0.0,0.53
2022-02-01,27.97,10.47,44.51,0.65,0.53
2022-02-02,28.59,11.19,50.74,0.14,0.53
2022-02-03,28.17,11.92,50.02,0.0,0.53
2022-02-04,28.64,12.3,53.09,4.56,0.53
2022-02-05,30.21,13.03,53.67,4.95,0.54
2022-02-06,27.75,13.64,56.13,1.3,0.54
2022-02-07,27.99,9.99,47.97,0.0,0.54
2022-02-08,28.24,10.18,44.6,0.0,0.54
2022-02-09,28.79,11.11,42.46,0.0,0.53
2022-02-10,29.7,10.92,41.21,0.01,0.53
2022-02-11,30.18,12.72,46.51,0.0,0.53
2022-02-12,29.71,13.28,40.86,0.0,0.53
2022-02-13,29.07,11.72,37.34,0.0,0.53
2022-02-14,31.15,11.67,32.68,0.0,0.53
2022-02-15,32.49,12.68,27.9,0.0,0.53
2022-02-16,32.27,11.99,27.18,0.0,0.52
2022-02-17,32.14,12.43,25.06,0.0,0.52
2022-02-18,31.87,13.07,26.53,0.24,0.52
2022-02-19,32.02,13.07,28.48,0.14,0.52
2022-02-20,30.75,12.05,32.33,1.29,0.53
2022-02-21,26.8,14.76,56.13,3.02,0.53
2022-02-22,29.36,13.56,51.77,0.33,0.53
2022-02-23,30.67,13.36,43.85,0.0,0.53
2022-02-24,33.0,14.46,40.71,0.25,0.53
2022-02-25,33.44,15.44,38.05,0.0,0.53
2022-02-26,34.41,17.58,41.36,0.0,0.53
2022-02-27,34.42,17.56,36.66,0.0,0.52
2022-02-28,35.07,16.28,28.38,0.0,0.52
2022-03-01,34.14,17.94,33.46,0.0,0.52
2022-03-02,34.64,16.81,27.85,0.0,0.52
2022-03-03,35.74,16.66,25.98,0.0,0.52
2022-03-04,35.75,16.55,20.57,0.0,0.52
2022-03-05,34.9,16.45,20.91,0.0,0.52
2022-03-06,35.33,17.71,26.7,0.0,0.52
2022-03-07,37.13,18.67,25.18,0.0,0.52
2022-03-08,38.71,20.9,25.13,0.02,0.52
2022-03-09,38.85,20.83,27.23,0.0,0.52
2022-03-10,38.96,20.0,22.48,0.0,0.52
2022-03-11,39.08,20.83,22.18,0.0,0.52
2022-03-12,39.44,20.62,20.66,0.0,0.52
2022-03-13,39.92,21.31,19.86,0.0,0.52
2022-03-14,41.38,21.76,20.06,0.0,0.52
2022-03-15,40.56,23.28,19.72,0.0,0.52
2022-03-16,39.25,22.16,23.02,0.0,0.52
2022-03-17,38.91,21.27,23.66,0.0,0.52
2022-03-18,39.39,22.2,25.26,0.06,0.52
2022-03-19,40.08,22.94,24.02,0.0,0.52
2022-03-20,39.76,23.56,27.2,0.0,0.52
2022-03-21,40.48,22.48,27.22,0.03,0.52
2022-03-22,39.71,24.42,32.49,0.48,0.52
2022-03-23,34.1,26.38,56.38,1.81,0.52
2022-03-24,38.46,23.94,47.39,0.79,0.52
2022-03-25,40.73,22.16,33.46,0.66,0.52
2022-03-26,40.63,22.55,36.99,0.91,0.52
2022-03-27,35.69,24.8,42.81,0.33,0.52
2022-03-28,37.9,24.41,37.93,0.53,0.52
2022-03-29,37.73,24.2,39.09,0.0,0.52
2022-03-30,39.41,24.57,35.51,0.0,0.52
2022-03-31,40.06,26.71,34.56,0.0,0.52
2022-04-01,41.29,26.57,32.35,0.01,0.52
2022-04-02,40.34,27.28,32.58,0.05,0.52
2022-04-03,37.02,25.35,37.48,0.39,0.52
2022-04-04,39.58,25.48,38.43,0.8,0.52
2022-04-05,40.12,26.33,37.58,0.27,0.52
2022-04-06,39.59,27.83,36.06,0.61,0.52
2022-04-07,40.09,27.6,34.94,0.01,0.52
2022-04-08,39.5,27.2,33.48,0.05,0.52
2022-04-09,39.98,25.46,30.06,0.12,0.52
2022-04-10,39.53,26.36,30.43,0.1,0.52
2022-04-11,40.89,27.19,29.76,0.14,0.52
2022-04-12,39.59,27.14,35.66,0.01,0.52
2022-04-13,41.22,27.21,33.99,0.01,0.52
2022-04-14,43.01,27.16,31.32,0.66,0.52
2022-04-15,37.06,28.41,39.99,0.48,0.52
2022-04-16,41.16,26.33,37.21,1.01,0.52
2022-04-17,35.77,28.1,47.35,1.89,0.53
2022-04-18,36.47,26.07,46.16,1.66,0.53
2022-04-19,38.64,25.81,47.13,2.25,0.53
2022-04-20,36.47,26.38,51.57,1.61,0.53
2022-04-21,37.02,25.64,47.16,0.53,0.53
2022-04-22,37.94,25.85,44.1,1.61,0.53
2022-04-23,39.92,26.19,41.08,0.99,0.53
2022-04-24,40.91,25.16,37.06,0.04,0.53
2022-04-25,41.12,26.69,34.76,0.0,0.52
2022-04-26,40.92,29.02,32.86,0.66,0.52
2022-04-27,41.91,27.31,31.43,0.21,0.52
2022-04-28,40.23,28.67,31.65,0.0,0.52
2022-04-29,40.59,28.83,31.66,0.93,0.52
2022-04-30,40.89,29.03,36.89,2.13,0.52
2022-05-01,39.87,26.99,44.19,0.47,0.53
2022-05-02,40.53,27.76,39.29,1.24,0.53
2022-05-03,32.42,25.79,56.63,1.86,0.53
2022-05-04,32.51,25.83,56.87,1.4,0.53
2022-05-05,36.43,25.0,54.09,1.18,0.53
2022-05-06,37.93,25.79,48.68,0.0,0.53
2022-05-07,40.14,26.93,42.48,0.26,0.53
2022-05-08,36.36,28.4,52.04,2.54,0.53
2022-05-09,33.55,26.5,62.55,3.89,0.53
2022-05-10,32.24,25.15,70.43,3.82,0.54
2022-05-11,35.56,24.82,63.67,5.52,0.54
2022-05-12,36.96,24.81,62.53,4.75,0.55
2022-05-13,38.57,25.49,60.03,4.42,0.55
2022-05-14,40.52,25.92,55.03,1.23,0.54
2022-05-15,40.29,26.1,55.5,1.42,0.54
2022-05-16,36.49,27.38,61.32,3.08,0.54
2022-05-17,34.24,26.1,67.34,3.31,0.54
2022-05-18,36.22,25.98,61.37,5.98,0.55
2022-05-19,34.48,25.96,68.44,3.34,0.55
2022-05-20,34.19,26.95,67.25,2.54,0.55
2022-05-21,38.06,25.79,57.2,2.03,0.55
2022-05-22,38.2,26.14,54.27,0.85,0.54
2022-05-23,36.53,25.76,57.31,0.52,0.54
2022-05-24,36.72,26.59,57.72,0.83,0.54
2022-05-25,34.82,26.58,60.75,1.78,0.54
2022-05-26,39.25,24.67,52.73,3.14,0.54
2022-05-27,39.3,24.4,53.05,1.4,0.54
2022-05-28,39.64,25.35,50.57,2.1,0.53
2022-05-29,37.93,25.85,53.06,0.4,0.53
2022-05-30,38.22,26.56,51.48,0.94,0.53
2022-05-31,37.79,26.89,52.74,1.19,0.53
2022-06-01,38.77,26.8,52.56,2.8,0.53
2022-06-02,35.81,26.0,60.46,3.59,0.53
2022-06-03,33.18,25.88,70.58,5.6,0.54
2022-06-04,36.33,24.88,65.01,3.4,0.54
2022-06-05,37.28,25.61,60.82,0.46,0.54
2022-06-06,38.25,26.25,55.17,0.39,0.54
2022-06-07,37.86,26.58,58.07,3.37,0.54
2022-06-08,38.25,26.43,59.01,0.82,0.53
2022-06-09,35.78,26.43,62.62,1.7,0.53
2022-06-10,38.05,25.78,58.83,1.73,0.53
2022-06-11,36.78,27.21,60.29,0.44,0.53
2022-06-12,37.46,26.27,57.25,0.64,0.53
2022-06-13,38.21,26.5,55.8,0.91,0.53
2022-06-14,37.5,27.06,57.69,1.11,0.53
2022-06-15,34.65,26.91,60.97,1.57,0.53
2022-06-16,34.77,25.69,63.49,2.93,0.53
2022-06-17,36.32,25.12,63.53,3.09,0.53
2022-06-18,37.87,24.31,63.18,4.76,0.54
2022-06-19,35.81,24.59,67.83,6.54,0.54
2022-06-20,34.16,24.29,67.63,2.02,0.55
2022-06-21,36.69,23.81,64.28,1.42,0.54
2022-06-22,35.82,24.86,66.99,2.63,0.54
2022-06-23,34.0,25.54,70.45,0.88,0.54
2022-06-24,35.71,25.35,64.6,1.98,0.54
2022-06-25,37.14,25.1,61.54,0.81,0.54
2022-06-26,38.92,25.64,54.59,0.32,0.53
2022-06-27,39.15,26.97,54.44,1.71,0.53
2022-06-28,37.4,26.65,59.15,0.73,0.53
2022-06-29,36.48,26.85,57.74,1.35,0.53
2022-06-30,36.07,27.04,58.6,1.3,0.53
2022-07-01,36.78,27.28,60.22,1.85,0.53
2022-07-02,36.39,26.94,63.45,3.01,0.53
2022-07-03,37.99,26.42,59.02,0.39,0.53
2022-07-04,33.69,26.34,62.35,0.67,0.53
2022-07-05,37.83,26.34,60.25,1.28,0.53
2022-07-06,37.73,26.2,59.82,0.93,0.53
2022-07-07,40.34,26.5,54.31,0.63,0.53
2022-07-08,39.39,27.27,52.86,0.2,0.53
2022-07-09,39.44,27.33,50.65,0.09,0.53
2022-07-10,39.47,26.39,54.25,1.07,0.53
2022-07-11,36.64,26.74,57.77,0.29,0.53
2022-07-12,39.21,26.11,53.98,0.13,0.52
2022-07-13,35.0,28.15,58.42,0.45,0.52
2022-07-14,38.54,26.74,54.16,0.33,0.52
2022-07-15,38.46,27.87,52.81,0.14,0.52
2022-07-16,39.24,27.34,52.67,1.11,0.52
2022-07-17,39.71,27.59,53.08,0.41,0.52
2022-07-18,40.82,27.99,49.9,0.2,0.52
2022-07-19,41.66,27.99,46.26,0.96,0.52
2022-07-20,39.6,27.79,49.57,0.83,0.52
2022-07-21,41.44,27.66,48.75,0.81,0.52
2022-07-22,35.58,27.68,59.66,1.52,0.53
2022-07-23,37.2,26.48,62.1,1.72,0.53
2022-07-24,37.18,25.66,57.67,1.71,0.53
2022-07-25,38.04,26.68,54.88,0.54,0.53
2022-07-26,38.29,27.35,49.48,0.25,0.53
2022-07-27,41.31,27.91,44.24,0.01,0.53
2022-07-28,40.3,29.38,46.01,0.98,0.52
2022-07-29,39.01,29.12,49.71,1.3,0.53
2022-07-30,34.21,28.01,68.99,14.32,0.54
2022-07-31,33.46,26.53,68.66,0.43,0.55
2022-08-01,38.58,26.62,59.43,1.52,0.55
2022-08-02,35.79,26.99,68.89,4.1,0.55
2022-08-03,37.56,26.7,61.85,0.33,0.54
2022-08-04,38.64,26.68,58.01,0.22,0.54
2022-08-05,35.5,26.67,63.09,0.74,0.54
2022-08-06,36.66,26.97,62.09,0.27,0.53
2022-08-07,34.08,26.52,69.61,2.38,0.53
2022-08-08,34.52,26.16,71.25,1.35,0.54
2022-08-09,37.26,25.47,63.68,0.66,0.53
2022-08-10,34.84,25.2,65.55,1.75,0.53
2022-08-11,38.31,24.9,62.12,1.66,0.53
2022-08-12,34.01,26.46,65.92,2.28,0.53
2022-08-13,32.85,25.53,71.88,0.66,0.53
2022-08-14,35.05,24.87,66.11,0.69,0.53
2022-08-15,40.32,24.68,54.25,0.3,0.53
2022-08-16,40.0,28.91,48.44,0.88,0.53
2022-08-17,37.69,29.03,54.12,1.46,0.53
2022-08-18,34.36,26.72,65.52,1.61,0.53
2022-08-19,36.88,24.92,63.53,1.13,0.53
2022-08-20,38.02,25.67,60.26,0.34,0.53
2022-08-21,38.06,26.08,58.02,0.81,0.53
2022-08-22,32.63,26.64,69.1,3.87,0.53
2022-08-23,38.06,25.31,60.87,0.49,0.53
2022-08-24,37.6,25.02,57.22,0.18,0.53
2022-08-25,40.57,27.15,49.09,0.02,0.53
2022-08-26,35.32,27.84,64.03,2.53,0.53
2022-08-27,35.72,25.87,64.68,0.87,0.53
2022-08-28,38.69,24.52,57.95,1.81,0.53
2022-08-29,39.67,25.83,55.31,1.36,0.53
2022-08-30,39.18,27.11,53.36,0.02,0.53
2022-08-31,37.71,27.45,57.47,0.85,0.53
2022-09-01,36.01,27.51,61.71,0.94,0.53
2022-09-02,38.97,26.66,57.24,2.27,0.53
2022-09-03,38.28,27.23,60.26,3.19,0.53
2022-09-04,38.7,26.85,59.07,1.44,0.53
2022-09-05,37.45,27.42,60.25,1.8,0.53
2022-09-06,39.05,27.38,56.47,0.34,0.53
2022-09-07,41.05,28.66,47.81,0.29,0.53
2022-09-08,38.85,27.92,53.27,0.76,0.53
2022-09-09,35.73,27.46,59.95,2.8,0.53
2022-09-10,31.9,26.12,76.47,2.66,0.53
2022-09-11,30.84,23.79,77.11,3.82,0.54
2022-09-12,29.47,22.81,80.73,4.76,0.54
2022-09-13,36.5,23.84,72.27,3.73,0.54
2022-09-14,36.66,24.94,65.85,0.86,0.54
2022-09-15,35.46,25.33,64.63,1.31,0.54
2022-09-16,33.77,25.68,68.64,0.34,0.54
2022-09-17,34.37,25.53,70.12,1.16,0.54
2022-09-18,34.7,25.02,69.78,1.09,0.54
2022-09-19,37.01,25.1,65.32,0.78,0.54
2022-09-20,37.1,24.46,63.92,0.79,0.53
2022-09-21,37.27,25.08,59.81,0.55,0.53
2022-09-22,37.59,25.68,61.59,0.71,0.53
2022-09-23,37.3,25.84,61.08,2.37,0.53
2022-09-24,34.9,25.83,69.04,2.69,0.53
2022-09-25,35.31,25.68,65.79,1.14,0.53
2022-09-26,35.05,25.68,64.7,2.03,0.53
2022-09-27,36.62,26.17,63.57,0.0,0.53
2022-09-28,38.37,25.5,57.58,0.23,0.53
2022-09-29,40.11,26.73,51.64,1.13,0.53
2022-09-30,40.13,27.37,50.48,0.72,0.53
2022-10-01,37.33,27.15,60.1,2.92,0.53
2022-10-02,34.12,26.14,74.04,3.12,0.53
2022-10-03,35.45,25.22,70.62,1.26,0.53
2022-10-04,34.16,25.03,71.01,2.47,0.53
2022-10-05,36.33,25.16,64.36,1.84,0.53
2022-10-06,37.07,24.18,61.49,0.24,0.53
2022-10-07,38.01,25.86,54.05,0.04,0.53
2022-10-08,37.43,25.97,57.09,1.27,0.53
2022-10-09,34.55,25.02,69.73,5.56,0.54
2022-10-10,33.3,25.06,74.09,5.55,0.54
2022-10-11,34.78,24.0,70.04,1.71,0.54
2022-10-12,35.47,23.33,71.47,5.52,0.55
2022-10-13,36.45,23.62,66.49,0.03,0.55
2022-10-14,36.6,25.3,60.07,0.14,0.54
2022-10-15,37.16,26.02,57.89,0.32,0.54
2022-10-16,37.63,26.32,57.47,0.47,0.54
2022-10-17,37.16,24.99,53.34,0.3,0.53
2022-10-18,34.47,25.27,57.77,0.67,0.53
2022-10-19,34.91,24.86,50.83,0.64,0.53
2022-10-20,37.13,23.49,45.0,0.26,0.53
2022-10-21,38.14,23.56,41.36,0.0,0.53
2022-10-22,38.13,26.1,42.7,0.25,0.53
2022-10-23,35.93,25.68,59.12,5.71,0.53
2022-10-24,34.18,24.52,70.89,4.38,0.54
2022-10-25,32.08,24.17,77.41,3.32,0.54
2022-10-26,34.19,23.3,68.04,0.01,0.54
2022-10-27,35.69,21.28,52.91,0.0,0.54
2022-10-28,35.74,21.45,50.48,0.0,0.53
2022-10-29,35.95,22.52,48.47,0.38,0.53
2022-10-30,37.24,23.65,48.75,0.01,0.53
2022-10-31,37.76,24.73,42.8,0.0,0.53
2022-11-01,37.39,22.57,37.58,0.0,0.53
2022-11-02,36.57,21.28,38.43,0.0,0.53
2022-11-03,35.98,20.81,39.34,0.0,0.52
2022-11-04,35.51,21.85,38.17,0.0,0.52
2022-11-05,36.26,22.84,38.84,0.0,0.52
2022-11-06,36.01,23.87,41.34,0.0,0.52
2022-11-07,35.92,22.15,36.73,0.0,0.52
2022-11-08,36.07,20.66,34.56,0.0,0.52
2022-11-09,35.68,20.04,36.21,0.0,0.52
2022-11-10,35.11,20.19,38.11,0.0,0.52
2022-11-11,36.22,20.55,40.18,0.0,0.52
2022-11-12,35.69,21.4,42.89,0.0,0.52
2022-11-13,35.18,20.64,41.08,0.0,0.52
2022-11-14,34.7,20.02,40.74,0.0,0.52
2022-11-15,35.32,19.64,39.38,0.0,0.52
2022-11-16,34.84,19.38,41.15,0.0,0.52
2022-11-17,35.25,19.4,38.66,0.06,0.52
2022-11-18,34.92,21.2,34.66,0.0,0.52
2022-11-19,35.17,20.2,34.48,0.14,0.52
2022-11-20,34.88,20.67,32.56,0.01,0.52
2022-11-21,35.31,20.74,39.83,0.0,0.52
2022-11-22,36.05,22.4,40.44,0.0,0.52
2022-11-23,35.64,20.98,41.18,0.0,0.52
2022-11-24,35.3,20.29,40.04,0.0,0.52
2022-11-25,34.71,19.81,38.08,0.34,0.52
2022-11-26,34.89,18.74,36.68,0.01,0.52
2022-11-27,34.76,20.77,45.89,0.18,0.52
2022-11-28,33.62,23.26,63.75,3.74,0.52
2022-11-29,33.29,23.05,66.79,3.89,0.53
2022-11-30,33.72,23.21,59.51,0.48,0.53
2022-12-01,34.76,22.66,59.74,4.14,0.53
2022-12-02,33.9,22.65,64.87,0.01,0.53
2022-12-03,34.1,22.35,58.51,0.0,0.53
2022-12-04,34.19,21.15,55.04,0.0,0.53
2022-12-05,34.09,20.02,49.23,0.0,0.53
2022-12-06,34.25,20.34,45.97,0.0,0.53
2022-12-07,33.78,19.05,42.83,0.0,0.53
2022-12-08,32.96,18.89,43.52,0.0,0.53
2022-12-09,32.2,18.02,47.97,0.01,0.53
2022-12-10,32.7,18.72,45.26,0.01,0.52
2022-12-11,33.03,18.06,42.47,0.0,0.52
2022-12-12,32.22,17.62,41.47,0.0,0.52
2022-12-13,32.58,17.04,42.96,0.0,0.52
2022-12-14,32.24,17.16,38.36,0.0,0.52
2022-12-15,32.19,17.24,43.74,0.0,0.52
2022-12-16,30.7,15.51,38.37,0.0,0.52
2022-12-17,32.29,15.87,44.68,0.06,0.52
2022-12-18,29.31,18.92,64.36,1.0,0.52
2022-12-19,30.06,18.54,60.97,0.01,0.52
2022-12-20,31.91,18.72,50.28,0.0,0.52
2022-12-21,32.02,16.78,34.69,0.0,0.52
2022-12-22,31.96,15.29,33.2,0.0,0.52
2022-12-23,31.42,16.5,32.24,0.0,0.52
2022-12-24,32.6,15.47,34.27,0.0,0.52
2022-12-25,30.95,13.4,40.29,0.01,0.52
2022-12-26,31.34,15.17,39.6,0.54,0.52
2022-12-27,31.34,14.32,47.64,1.54,0.52
2022-12-28,29.32,15.61,59.31,2.47,0.52
2022-12-29,28.69,15.3,58.06,0.34,0.53
2022-12-30,28.57,14.98,48.46,0.01,0.53
2022-12-31,28.54,13.57,48.46,0.0,0.53
2023-01-01,28.11,13.39,43.42,0.0,0.53
2023-01-02,29.14,12.93,44.05,0.0,0.53
2023-01-03,29.5,13.54,44.18,0.0,0.53
2023-01-04,29.73,13.57,41.91,0.0,0.52
2023-01-05,30.07,14.08,43.96,0.0,0.52
2023-01-06,30.89,14.57,45.31,0.0,0.52
2023-01-07,31.08,15.65,45.57,0.0,0.52
2023-01-08,30.93,16.54,46.5,0.0,0.52
2023-01-09,30.96,15.89,45.16,0.0,0.52
2023-01-10,30.14,15.7,40.87,0.0,0.52
2023-01-11,30.44,14.74,37.73,0.0,0.52
2023-01-12,30.81,14.67,38.37,0.0,0.52
2023-01-13,30.52,12.98,33.29,0.0,0.52
2023-01-14,30.03,12.77,33.24,0.0,0.52
2023-01-15,28.75,13.11,40.19,0.0,0.52
2023-01-16,28.97,13.35,42.9,0.0,0.52
2023-01-17,28.94,13.29,41.6,0.0,0.52
2023-01-18,29.23,13.54,37.65,0.0,0.52
2023-01-19,29.55,13.3,33.35,0.0,0.52
2023-01-20,30.57,12.73,35.7,0.0,0.52
2023-01-21,30.29,12.65,32.46,0.0,0.52
2023-01-22,30.49,12.91,29.58,0.0,0.52
2023-01-23,30.79,12.95,29.83,0.0,0.52
2023-01-24,31.82,13.24,28.72,0.0,0.52
2023-01-25,31.71,14.0,28.93,0.0,0.52
2023-01-26,32.48,14.23,28.82,0.0,0.52
2023-01-27,33.77,15.48,29.69,0.0,0.52
2023-01-28,33.63,17.07,32.86,0.0,0.52
2023-01-29,33.35,18.1,39.12,0.0,0.52
2023-01-30,33.28,19.81,46.07,0.02,0.52
2023-01-31,33.93,19.76,44.55,0.0,0.52
2023-02-01,34.29,19.81,39.48,0.0,0.52
2023-02-02,34.03,20.33,33.0,0.0,0.52
2023-02-03,35.3,19.05,34.16,0.0,0.52
2023-02-04,34.96,16.47,24.72,0.0,0.52
2023-02-05,33.34,14.79,22.01,0.0,0.52
2023-02-06,32.1,14.62,28.12,0.0,0.52
2023-02-07,31.27,14.29,28.69,0.0,0.52
2023-02-08,31.79,14.52,27.91,0.0,0.52
2023-02-09,31.84,14.61,29.39,0.0,0.52
2023-02-10,32.42,14.9,33.12,0.0,0.52
2023-02-11,34.21,15.64,30.95,0.0,0.52
2023-02-12,33.59,15.06,26.91,0.0,0.52
2023-02-13,33.24,15.86,32.76,0.0,0.52
2023-02-14,33.33,15.69,24.98,0.0,0.52
2023-02-15,34.46,15.37,25.56,0.0,0.52
2023-02-16,34.28,14.25,33.82,1.8,0.52
2023-02-17,35.2,16.64,33.22,0.56,0.52
2023-02-18,34.56,16.29,36.82,0.0,0.52
2023-02-19,34.88,17.5,31.98,0.0,0.52
2023-02-20,35.24,18.07,32.6,0.0,0.52
2023-02-21,35.57,18.86,31.2,0.0,0.52
2023-02-22,36.13,19.4,36.24,0.0,0.52
2023-02-23,35.5,18.82,36.79,0.0,0.52
2023-02-24,34.93,17.98,31.62,0.0,0.52
2023-02-25,35.85,18.46,30.75,0.51,0.52
2023-02-26,35.3,20.66,35.98,1.7,0.52
2023-02-27,35.45,18.52,37.38,0.52,0.52
2023-02-28,34.52,18.51,29.8,0.0,0.52
2023-03-01,34.95,18.19,28.72,0.0,0.52
2023-03-02,36.4,19.11,28.24,0.0,0.52
2023-03-03,36.02,19.74,26.33,0.0,0.52
2023-03-04,35.91,19.05,23.96,0.0,0.52
2023-03-05,36.93,19.92,22.88,0.0,0.52
2023-03-06,37.03,19.59,29.91,0.0,0.52
2023-03-07,36.47,20.24,28.14,0.0,0.52
2023-03-08,33.92,21.3,24.24,0.0,0.52
2023-03-09,37.59,21.59,21.71,0.0,0.52
2023-03-10,36.65,21.35,23.67,0.0,0.52
2023-03-11,35.98,21.9,24.54,0.0,0.52
2023-03-12,37.48,22.06,26.46,0.12,0.52
2023-03-13,38.92,21.2,26.76,0.39,0.52
2023-03-14,37.1,19.97,32.84,0.33,0.52
2023-03-15,34.37,22.06,39.16,0.2,0.52
2023-03-16,35.35,22.49,36.01,0.01,0.52
2023-03-17,34.53,22.23,33.61,0.02,0.52
2023-03-18,36.65,23.43,32.79,0.12,0.52
2023-03-19,36.73,21.69,36.69,1.23,0.52
2023-03-20,34.13,22.56,45.76,4.05,0.53
2023-03-21,32.29,19.89,53.08,5.84,0.54
2023-03-22,33.12,18.21,54.16,1.68,0.54
2023-03-23,33.54,19.2,53.14,0.19,0.53
2023-03-24,35.55,20.5,45.41,0.0,0.53
2023-03-25,36.2,23.18,40.79,0.01,0.53
2023-03-26,37.06,23.58,40.26,0.08,0.53
2023-03-27,37.42,22.45,39.58,0.52,0.53
2023-03-28,36.84,22.31,43.68,0.46,0.53
2023-03-29,36.05,23.95,44.6,1.39,0.53
2023-03-30,36.18,24.09,43.35,1.89,0.53
2023-03-31,35.46,22.46,49.73,4.23,0.53
2023-04-01,36.92,22.87,51.09,1.71,0.53
2023-04-02,35.52,21.32,51.0,2.41,0.53
2023-04-03,35.49,21.09,56.29,3.05,0.53
2023-04-04,36.03,22.3,48.88,0.16,0.53
2023-04-05,37.68,22.03,45.8,0.41,0.53
2023-04-06,38.41,23.92,42.46,0.13,0.53
2023-04-07,39.01,24.1,32.83,0.0,0.53
2023-04-08,39.88,22.99,28.59,0.0,0.52
2023-04-09,39.87,23.75,28.89,0.0,0.52
2023-04-10,39.91,24.47,29.47,0.0,0.52
2023-04-11,40.33,25.56,30.86,0.0,0.52
2023-04-12,40.01,25.94,28.68,0.0,0.52
2023-04-13,40.95,25.37,25.92,0.0,0.52
2023-04-14,41.61,25.34,26.32,0.0,0.52
2023-04-15,41.39,27.02,27.46,0.0,0.52
2023-04-16,42.94,27.74,26.13,0.0,0.52
2023-04-17,41.89,27.32,32.25,0.0,0.52
2023-04-18,41.15,27.74,29.07,0.0,0.52
2023-04-19,42.82,28.77,30.22,0.09,0.52
2023-04-20,41.92,28.98,33.94,1.23,0.52
2023-04-21,41.4,27.21,38.72,1.27,0.52
2023-04-22,40.34,27.8,38.47,0.67,0.52
2023-04-23,40.23,26.14,33.94,0.38,0.52
2023-04-24,37.97,28.26,35.62,0.04,0.52
2023-04-25,40.05,27.2,32.29,0.0,0.52
2023-04-26,41.56,27.04,28.54,0.02,0.52
2023-04-27,40.63,26.85,31.24,0.13,0.52
2023-04-28,39.39,27.61,32.84,0.03,0.52
2023-04-29,40.69,29.87,30.12,0.17,0.52
2023-04-30,40.9,28.18,28.1,0.0,0.52
2023-05-01,40.83,28.0,29.9,0.47,0.52
2023-05-02,40.05,27.71,35.23,0.03,0.52
2023-05-03,40.76,28.19,30.66,0.01,0.52
2023-05-04,40.6,29.56,30.28,0.09,0.52
2023-05-05,40.79,28.1,30.9,0.41,0.52
2023-05-06,41.73,28.45,34.03,1.24,0.52
2023-05-07,41.47,29.06,31.99,0.0,0.52
2023-05-08,42.91,29.4,28.84,1.41,0.52
2023-05-09,43.48,29.61,29.09,0.32,0.52
2023-05-10,42.68,28.76,37.26,1.19,0.52
2023-05-11,40.84,30.6,40.7,0.04,0.52
2023-05-12,32.75,28.22,55.08,1.08,0.52
2023-05-13,31.96,25.56,65.88,3.36,0.53
2023-05-14,35.9,24.59,64.89,3.31,0.53
2023-05-15,37.12,25.04,54.35,2.42,0.54
2023-05-16,37.76,25.08,56.85,2.12,0.53
2023-05-17,37.88,25.6,57.05,2.04,0.53
2023-05-18,38.1,26.22,53.01,0.88,0.53
2023-05-19,39.72,26.22,44.29,0.48,0.53
2023-05-20,40.09,27.2,40.86,0.05,0.53
2023-05-21,41.03,26.78,35.59,0.61,0.53
2023-05-22,40.09,28.15,36.91,0.34,0.52
2023-05-23,40.22,29.85,38.01,0.26,0.52
2023-05-24,40.08,29.87,39.14,1.93,0.53
2023-05-25,39.39,27.61,42.75,0.8,0.53
2023-05-26,40.13,28.26,42.91,0.53,0.53
2023-05-27,41.07,28.46,41.9,0.18,0.52
2023-05-28,40.53,29.93,39.91,0.12,0.52
2023-05-29,42.18,30.43,34.89,0.13,0.52
2023-05-30,43.66,30.71,35.01,0.0,0.52
2023-05-31,43.67,31.08,36.73,1.23,0.52
2023-06-01,38.86,31.47,44.07,0.61,0.52
2023-06-02,42.49,28.88,35.87,1.44,0.52
2023-06-03,40.08,29.46,43.3,0.36,0.52
2023-06-04,40.42,29.63,39.24,0.01,0.52
2023-06-05,40.44,29.53,42.21,0.45,0.52
2023-06-06,36.83,28.73,54.66,4.22,0.53
2023-06-07,33.85,27.34,67.04,2.21,0.53
2023-06-08,34.69,27.57,62.28,1.01,0.53
2023-06-09,38.07,26.82,62.23,2.35,0.53
2023-06-10,37.48,26.67,60.54,1.72,0.53
2023-06-11,37.72,26.12,57.2,1.41,0.53
2023-06-12,38.94,26.44,54.15,1.8,0.53
2023-06-13,39.67,27.6,52.56,0.41,0.53
2023-06-14,39.01,26.97,54.55,2.54,0.53
2023-06-15,39.99,27.36,52.85,1.5,0.53
2023-06-16,41.4,26.98,49.72,1.17,0.53
2023-06-17,40.06,27.46,53.04,1.98,0.53
2023-06-18,39.43,27.5,54.31,0.97,0.53
2023-06-19,38.28,27.9,56.91,2.11,0.53
2023-06-20,39.27,26.95,56.45,0.78,0.53
2023-06-21,36.05,27.57,60.12,0.74,0.53
2023-06-22,35.27,26.39,61.1,1.88,0.53
2023-06-23,36.37,25.97,60.55,2.33,0.53
2023-06-24,33.34,26.03,66.07,0.85,0.53
2023-06-25,38.64,24.8,59.27,0.58,0.53
2023-06-26,38.59,26.12,55.11,0.85,0.53
2023-06-27,39.2,26.01,54.48,0.83,0.53
2023-06-28,40.36,26.37,50.92,0.69,0.53
2023-06-29,41.83,27.41,47.52,1.04,0.53
2023-06-30,42.67,28.59,43.2,0.38,0.53
2023-07-01,39.73,29.7,50.96,0.29,0.53
2023-07-02,39.89,29.16,49.18,1.0,0.52
2023-07-03,39.76,28.61,49.37,0.58,0.53
2023-07-04,39.27,28.55,50.65,0.35,0.52
2023-07-05,38.86,27.63,57.76,2.09,0.53
2023-07-06,34.78,27.03,61.34,0.75,0.53
2023-07-07,39.52,26.47,54.68,0.15,0.53
2023-07-08,40.47,27.67,49.96,0.19,0.53
2023-07-09,38.8,28.31,55.34,0.61,0.53
2023-07-10,37.46,28.2,54.69,0.33,0.53
2023-07-11,40.93,26.66,49.1,1.22,0.53
2023-07-12,38.44,26.7,52.14,1.08,0.53
2023-07-13,37.34,26.75,58.85,2.27,0.53
2023-07-14,36.24,26.59,65.71,0.97,0.53
2023-07-15,39.6,25.56,55.23,0.96,0.53
2023-07-16,38.2,26.78,51.97,0.19,0.53
2023-07-17,38.61,27.32,50.88,0.4,0.53
2023-07-18,39.38,28.38,47.99,0.54,0.53
2023-07-19,40.95,28.33,48.67,1.03,0.53
2023-07-20,34.67,28.48,59.63,0.77,0.53
2023-07-21,40.13,27.28,52.91,0.4,0.53
2023-07-22,40.21,28.23,48.96,0.03,0.52
2023-07-23,40.86,28.93,46.98,0.42,0.52
2023-07-24,41.35,28.77,47.94,0.12,0.52
2023-07-25,41.3,28.62,48.75,0.25,0.52
2023-07-26,40.64,28.04,50.25,0.26,0.52
2023-07-27,41.55,28.13,49.2,1.71,0.52
2023-07-28,40.65,29.58,48.08,1.83,0.53
2023-07-29,39.76,28.43,55.47,0.82,0.53
2023-07-30,39.02,27.77,57.3,0.83,0.53
2023-07-31,37.66,28.26,59.78,1.27,0.53
2023-08-01,35.75,27.27,67.45,2.42,0.53
2023-08-02,34.54,26.82,71.31,2.7,0.53
2023-08-03,35.63,25.53,67.76,3.72,0.53
2023-08-04,37.74,25.0,63.64,3.23,0.54
2023-08-05,38.93,25.47,61.65,1.37,0.54
2023-08-06,36.14,26.04,70.5,6.2,0.53
2023-08-07,36.04,25.36,73.59,8.09,0.55
2023-08-08,34.16,25.26,74.72,4.07,0.55
2023-08-09,36.64,24.8,71.5,4.84,0.55
2023-08-10,36.71,25.39,67.58,0.82,0.56
2023-08-11,34.4,24.98,67.21,0.62,0.55
2023-08-12,36.04,25.2,64.64,0.91,0.55
2023-08-13,38.3,25.0,63.94,1.09,0.54
2023-08-14,34.85,25.34,70.47,1.16,0.54
2023-08-15,36.54,26.23,65.72,0.45,0.54
2023-08-16,32.11,26.46,76.77,3.77,0.54
2023-08-17,36.13,25.45,66.61,0.29,0.54
2023-08-18,37.64,25.23,62.69,0.37,0.54
2023-08-19,38.79,25.11,59.52,0.25,0.54
2023-08-20,39.55,27.25,57.42,0.43,0.53
2023-08-21,30.25,26.79,70.37,1.35,0.53
2023-08-22,38.84,25.56,58.18,1.42,0.53
2023-08-23,37.86,26.06,61.0,2.07,0.53
2023-08-24,38.69,25.25,62.3,3.43,0.53
2023-08-25,35.71,25.01,70.05,5.5,0.54
2023-08-26,36.37,25.58,72.86,6.49,0.54
2023-08-27,36.77,24.9,71.2,3.16,0.55
2023-08-28,38.08,25.03,62.03,0.08,0.55
2023-08-29,36.92,26.53,64.11,0.44,0.54
2023-08-30,32.8,26.95,70.73,1.23,0.54
2023-08-31,37.49,27.07,63.06,0.51,0.54
2023-09-01,38.87,26.42,61.59,2.27,0.54
2023-09-02,33.63,27.41,71.07,1.74,0.54
2023-09-03,35.54,25.7,64.01,0.61,0.54
2023-09-04,37.31,26.41,59.26,0.82,0.53
2023-09-05,35.15,27.53,62.49,0.9,0.53
2023-09-06,34.62,26.86,67.28,0.64,0.53
2023-09-07,34.06,25.7,76.05,9.1,0.54
2023-09-08,34.62,25.76,73.81,4.14,0.55
2023-09-09,37.26,25.87,67.51,2.07,0.55
2023-09-10,35.9,26.94,69.23,4.43,0.55
2023-09-11,36.65,26.03,69.88,2.22,0.55
2023-09-12,33.01,26.19,77.14,1.86,0.55
2023-09-13,33.41,24.75,73.46,2.28,0.55
2023-09-14,35.71,25.27,74.54,2.12,0.55
2023-09-15,35.68,24.6,69.37,1.04,0.55
2023-09-16,38.06,25.26,64.53,1.86,0.54
2023-09-17,34.76,26.83,71.23,5.81,0.55
2023-09-18,31.27,25.84,82.71,3.71,0.55
2023-09-19,30.95,25.11,81.79,3.92,0.56
2023-09-20,34.81,24.96,75.98,1.79,0.56
2023-09-21,37.23,24.86,67.0,0.4,0.55
2023-09-22,38.14,25.29,63.91,0.26,0.55
2023-09-23,38.37,25.71,61.67,0.07,0.54
2023-09-24,37.46,26.66,59.53,0.1,0.54
2023-09-25,38.57,26.55,57.68,0.5,0.54
2023-09-26,36.94,26.72,61.67,3.65,0.54
2023-09-27,37.24,26.35,64.46,6.68,0.55
2023-09-28,37.69,26.63,64.29,1.9,0.55
2023-09-29,35.33,26.43,70.09,2.23,0.55
2023-09-30,35.26,25.45,71.25,1.16,0.54
2023-10-01,36.11,24.67,70.04,2.73,0.54
2023-10-02,35.57,24.72,72.73,4.17,0.55
2023-10-03,35.07,23.97,72.75,3.1,0.55
2023-10-04,37.42,23.88,62.91,0.68,0.55
2023-10-05,38.12,24.07,62.13,1.91,0.54
2023-10-06,38.8,25.46,61.38,1.01,0.54
2023-10-07,36.29,26.12,65.47,0.83,0.54
2023-10-08,35.99,25.74,66.56,0.35,0.54
2023-10-09,38.42,26.19,60.64,1.39,0.54
2023-10-10,34.3,26.47,69.53,1.35,0.54
2023-10-11,32.81,25.54,76.52,3.64,0.54
2023-10-12,35.44,24.7,69.21,1.34,0.54
2023-10-13,36.82,24.77,64.57,0.6,0.54
2023-10-14,36.1,24.58,63.07,0.29,0.54
2023-10-15,37.14,25.3,53.7,0.04,0.53
2023-10-16,38.03,23.79,46.92,0.07,0.53
2023-10-17,38.64,23.64,43.66,0.05,0.53
2023-10-18,38.28,23.6,47.9,0.0,0.53
2023-10-19,37.51,24.32,49.58,0.88,0.53
2023-10-20,38.22,24.43,45.92,0.0,0.53
2023-10-21,38.62,24.02,40.1,0.12,0.53
2023-10-22,36.5,26.46,45.9,0.91,0.53
2023-10-23,31.42,25.3,68.64,7.96,0.53
2023-10-24,30.38,23.96,81.33,6.85,0.55
2023-10-25,31.47,23.55,78.05,1.47,0.55
2023-10-26,35.35,23.65,66.1,0.0,0.55
2023-10-27,35.63,22.42,58.8,0.35,0.54
2023-10-28,34.73,23.5,60.43,0.01,0.54
2023-10-29,36.1,23.09,51.95,0.0,0.54
2023-10-30,36.29,22.58,49.74,0.21,0.53
2023-10-31,35.86,24.0,54.25,0.02,0.53
2023-11-01,34.38,25.7,60.38,0.52,0.53
2023-11-02,33.19,24.88,61.21,0.05,0.53
2023-11-03,35.59,24.65,55.67,0.0,0.53
2023-11-04,37.09,23.79,52.54,0.0,0.53
2023-11-05,37.49,24.05,46.25,0.0,0.53
2023-11-06,36.11,24.4,42.99,0.0,0.53
2023-11-07,37.03,23.49,46.46,0.0,0.53
2023-11-08,36.9,22.96,42.47,0.0,0.52
2023-11-09,36.31,20.31,41.64,0.0,0.52
2023-11-10,36.45,22.19,41.74,0.0,0.52
2023-11-11,36.91,22.32,42.69,0.0,0.52
2023-11-12,36.19,23.09,41.68,0.0,0.52
2023-11-13,36.73,23.21,39.48,0.0,0.52
2023-11-14,37.5,24.27,44.2,0.1,0.52
2023-11-15,32.81,25.4,64.77,0.99,0.52
2023-11-16,27.96,23.39,83.52,22.59,0.54
2023-11-17,23.16,19.82,88.99,20.97,0.59
2023-11-18,28.86,20.95,77.91,2.47,0.6
2023-11-19,30.32,20.27,76.24,0.34,0.59
2023-11-20,31.43,19.38,72.2,0.06,0.59
2023-11-21,30.01,20.41,71.28,0.0,0.59
2023-11-22,30.7,20.13,71.08,0.0,0.58
2023-11-23,30.88,17.84,66.92,0.12,0.58
2023-11-24,31.33,17.44,63.17,0.01,0.58
2023-11-25,31.75,17.91,62.41,0.15,0.57
2023-11-26,31.79,18.85,64.76,0.01,0.57
2023-11-27,30.64,17.03,60.33,0.0,0.57
2023-11-28,31.3,17.67,61.41,0.0,0.56
2023-11-29,30.35,18.29,64.5,0.0,0.56
2023-11-30,31.73,19.85,60.82,0.0,0.56
2023-12-01,32.81,19.38,59.46,0.0,0.56
2023-12-02,32.06,21.84,59.46,0.0,0.55
2023-12-03,31.31,21.56,61.94,0.0,0.55
2023-12-04,31.77,20.82,63.98,0.0,0.55
2023-12-05,32.73,21.15,65.06,0.12,0.55
2023-12-06,30.95,21.02,70.12,4.79,0.55
2023-12-07,29.57,20.82,78.84,5.73,0.56
2023-12-08,31.15,20.45,81.99,8.44,0.57
2023-12-09,31.95,20.83,72.59,0.02,0.57
2023-12-10,30.6,18.29,59.93,0.01,0.57
2023-12-11,30.02,17.76,64.3,0.15,0.56
2023-12-12,30.51,16.35,67.37,0.58,0.56
2023-12-13,31.08,19.68,68.88,2.36,0.56
2023-12-14,29.81,16.57,59.34,0.01,0.56
2023-12-15,29.79,14.32,54.95,0.0,0.56
2023-12-16,29.66,14.52,61.57,0.0,0.55
2023-12-17,30.23,14.46,59.12,0.0,0.55
2023-12-18,31.07,14.67,59.72,0.0,0.55
2023-12-19,30.51,14.84,57.44,0.0,0.55
2023-12-20,29.99,15.84,59.77,0.0,0.55
2023-12-21,29.58,16.02,63.41,0.0,0.54
2023-12-22,29.91,16.17,65.55,0.0,0.54
2023-12-23,30.68,19.5,64.11,0.01,0.54
2023-12-24,29.83,17.84,65.93,0.56,0.54
2023-12-25,30.19,17.32,64.59,1.76,0.54
2023-12-26,29.45,17.79,64.76,0.0,0.54
2023-12-27,30.17,16.3,63.5,0.0,0.54
2023-12-28,30.65,16.85,59.72,0.0,0.54
2023-12-29,30.94,17.45,58.6,0.0,0.53
2023-12-30,29.95,16.49,55.43,0.0,0.53
2023-12-31,29.71,15.46,52.69,0.0,0.53
2024-01-01,29.78,14.87,51.83,0.0,0.53
2024-01-02,30.14,14.04,48.87,0.0,0.53
2024-01-03,30.52,14.12,47.56,0.0,0.53
2024-01-04,30.72,14.04,44.19,0.0,0.53
2024-01-05,29.78,13.71,42.99,0.0,0.53
2024-01-06,30.26,13.97,46.86,0.0,0.53
2024-01-07,29.93,13.99,39.54,0.0,0.53
2024-01-08,30.06,14.47,43.41,0.0,0.53
2024-01-09,29.59,14.1,41.07,0.0,0.52
2024-01-10,28.84,13.11,40.06,0.0,0.52
2024-01-11,29.83,13.47,39.12,0.0,0.52
2024-01-12,29.34,12.51,39.34,0.0,0.52
2024-01-13,29.3,12.67,41.92,0.0,0.52
2024-01-14,30.36,12.56,36.83,0.0,0.52
2024-01-15,30.89,12.47,37.31,0.0,0.52
2024-01-16,31.18,11.96,37.58,0.26,0.52
2024-01-17,30.75,11.13,35.55,0.0,0.52
2024-01-18,28.85,10.49,36.95,0.15,0.52
2024-01-19,29.09,12.26,41.69,0.28,0.52
2024-01-20,28.96,13.78,43.55,0.0,0.52
2024-01-21,28.85,12.9,39.87,0.0,0.52
2024-01-22,28.76,13.35,39.91,0.0,0.52
2024-01-23,29.43,13.46,36.79,0.0,0.52
2024-01-24,28.74,11.64,35.77,1.21,0.52
2024-01-25,25.59,12.69,52.03,3.16,0.53
2024-01-26,29.09,15.55,56.45,0.41,0.53
2024-01-27,29.62,14.32,48.65,0.0,0.53
2024-01-28,29.58,13.98,40.84,0.0,0.53
2024-01-29,29.71,12.93,36.94,0.0,0.53
2024-01-30,29.24,12.62,36.85,0.0,0.53
2024-01-31,29.75,13.57,32.21,0.0,0.52
2024-02-01,29.29,13.15,40.39,0.5,0.52
2024-02-02,30.37,14.23,46.91,0.58,0.52
2024-02-03,32.02,15.15,43.66,0.0,0.52
2024-02-04,30.67,13.96,40.41,0.0,0.52
2024-02-05,31.18,14.14,38.74,0.0,0.52
2024-02-06,33.23,15.29,38.14,0.01,0.52
2024-02-07,33.91,17.56,45.29,0.0,0.52
2024-02-08,32.68,17.37,43.23,0.0,0.52
2024-02-09,30.62,15.0,30.0,0.0,0.52
2024-02-10,31.8,13.47,29.21,0.0,0.52
2024-02-11,34.01,14.63,26.01,0.0,0.52
2024-02-12,33.35,15.05,26.88,0.0,0.52
2024-02-13,32.91,16.13,28.66,0.0,0.52
2024-02-14,33.37,15.74,26.4,0.0,0.52
2024-02-15,34.15,16.83,29.98,0.0,0.52
2024-02-16,34.24,18.93,36.93,0.0,0.52
2024-02-17,33.0,18.18,31.7,0.0,0.52
2024-02-18,32.31,16.48,32.58,0.0,0.52
2024-02-19,33.31,16.03,26.64,0.0,0.52
2024-02-20,32.69,14.64,28.4,0.04,0.52
2024-02-21,34.24,15.15,32.98,0.43,0.52
2024-02-22,36.12,18.31,40.73,2.51,0.52
2024-02-23,35.79,19.28,40.39,0.14,0.52
2024-02-24,33.4,19.17,49.76,0.02,0.52
2024-02-25,34.68,20.06,37.29,0.0,0.52
2024-02-26,34.72,19.86,40.27,0.0,0.52
2024-02-27,35.62,19.76,38.73,0.0,0.52
2024-02-28,36.63,19.19,30.28,0.0,0.52
2024-02-29,35.21,19.26,32.13,0.0,0.52
2024-03-01,34.72,18.12,31.42,0.0,0.52
2024-03-02,35.49,17.36,26.97,0.0,0.52
2024-03-03,35.36,16.76,26.01,0.0,0.52
2024-03-04,36.78,18.92,30.01,0.0,0.52
2024-03-05,37.05,19.45,33.6,0.0,0.52
2024-03-06,36.57,18.71,26.24,0.0,0.52
2024-03-07,35.98,15.78,19.12,0.0,0.52
2024-03-08,36.69,16.86,18.73,0.0,0.52
2024-03-09,36.1,18.91,19.39,0.0,0.52
2024-03-10,35.79,16.09,17.31,0.0,0.52
2024-03-11,36.79,16.63,19.87,0.0,0.52
2024-03-12,37.12,18.3,22.62,0.0,0.52
2024-03-13,36.38,20.99,29.98,0.0,0.52
2024-03-14,36.69,20.7,32.5,0.21,0.52
2024-03-15,37.2,21.7,35.94,0.59,0.52
2024-03-16,37.94,23.68,30.62,0.0,0.52
2024-03-17,38.35,22.8,24.41,0.0,0.52
2024-03-18,38.25,23.21,28.32,0.01,0.52
2024-03-19,39.38,23.8,27.77,0.08,0.52
2024-03-20,39.67,24.48,32.05,1.88,0.52
2024-03-21,34.16,22.09,46.33,3.63,0.52
2024-03-22,35.1,19.21,49.04,0.04,0.53
2024-03-23,34.32,20.24,45.46,2.81,0.53
2024-03-24,36.31,20.05,45.62,1.88,0.53
2024-03-25,36.52,20.98,43.62,0.19,0.53
2024-03-26,37.87,21.78,38.94,0.13,0.53
2024-03-27,37.26,22.81,41.41,0.23,0.53
2024-03-28,37.91,24.97,36.87,0.08,0.53
2024-03-29,38.58,25.8,33.98,0.01,0.52
2024-03-30,38.57,25.38,38.58,2.35,0.53
2024-03-31,39.95,24.19,44.1,3.18,0.53
2024-04-01,41.08,23.26,42.36,0.25,0.53
2024-04-02,40.86,24.33,38.55,0.01,0.53
2024-04-03,40.86,25.77,35.69,0.0,0.52
2024-04-04,41.79,24.6,31.69,0.0,0.52
2024-04-05,41.73,24.27,33.41,0.08,0.52
2024-04-06,42.86,25.91,30.93,0.1,0.52
2024-04-07,42.88,25.04,28.7,0.43,0.52
2024-04-08,41.54,27.88,32.95,0.0,0.52
2024-04-09,41.92,26.34,26.52,0.0,0.52
2024-04-10,41.8,25.44,26.09,0.07,0.52
2024-04-11,41.5,25.77,22.69,0.0,0.52
2024-04-12,40.68,25.36,23.56,0.0,0.52
2024-04-13,41.02,26.18,25.97,0.0,0.52
2024-04-14,40.37,27.12,25.31,0.0,0.52
2024-04-15,40.95,27.2,25.67,0.0,0.52
2024-04-16,41.32,27.73,26.36,0.0,0.52
2024-04-17,41.8,28.27,30.37,0.89,0.52
2024-04-18,41.38,27.94,36.18,1.03,0.52
2024-04-19,42.02,28.25,35.38,0.52,0.52
2024-04-20,43.63,26.41,33.04,0.46,0.52
2024-04-21,43.85,26.88,33.0,0.4,0.52
2024-04-22,40.11,27.59,36.02,0.35,0.52
2024-04-23,42.59,26.57,31.81,0.01,0.52
2024-04-24,43.44,27.75,28.74,0.36,0.52
2024-04-25,42.0,29.16,30.35,0.08,0.52
2024-04-26,43.26,29.88,23.91,0.0,0.52
2024-04-27,43.4,27.57,26.18,0.0,0.52
2024-04-28,44.33,27.66,27.47,0.08,0.52
2024-04-29,44.18,28.15,28.07,0.1,0.52
2024-04-30,44.53,27.7,27.34,0.7,0.52
2024-05-01,43.95,27.23,33.43,1.81,0.52
2024-05-02,42.12,27.5,41.93,4.27,0.52
2024-05-03,38.35,26.83,49.65,2.25,0.53
2024-05-04,39.23,26.8,49.47,3.05,0.53
2024-05-05,37.2,27.02,55.35,3.76,0.53
2024-05-06,37.39,25.42,56.77,3.7,0.54
2024-05-07,35.05,24.93,56.52,1.67,0.54
2024-05-08,36.69,25.4,53.47,2.71,0.54
2024-05-09,39.2,25.1,51.09,2.38,0.54
2024-05-10,37.33,25.4,54.95,0.84,0.53
2024-05-11,38.29,25.88,48.5,0.09,0.53
2024-05-12,39.62,27.37,42.37,0.01,0.53
2024-05-13,41.0,27.9,38.89,0.08,0.53
2024-05-14,41.31,29.37,37.36,0.01,0.52
2024-05-15,41.79,30.57,36.62,0.0,0.52
2024-05-16,43.06,31.36,35.0,1.03,0.52
2024-05-17,43.37,30.42,34.64,2.61,0.53
2024-05-18,40.18,30.49,39.2,0.59,0.53
2024-05-19,41.31,29.58,36.73,0.58,0.53
2024-05-20,36.36,29.31,50.77,3.33,0.53
2024-05-21,39.81,27.89,46.54,0.02,0.53
2024-05-22,40.42,28.92,42.89,0.18,0.53
2024-05-23,40.08,29.21,45.22,1.34,0.53
2024-05-24,38.78,29.95,49.88,1.46,0.53
2024-05-25,36.56,27.54,61.83,4.94,0.53
2024-05-26,31.87,26.59,79.05,6.76,0.54
2024-05-27,33.98,27.3,76.02,12.65,0.56
2024-05-28,37.96,26.08,65.61,4.44,0.56
2024-05-29,39.86,26.49,64.56,3.75,0.56
2024-05-30,39.56,26.43,63.73,2.96,0.56
2024-05-31,40.04,27.87,60.64,2.43,0.56
2024-06-01,38.72,27.7,63.97,1.21,0.56
2024-06-02,36.42,28.28,64.45,0.91,0.55
2024-06-03,37.23,26.51,62.68,2.86,0.55
2024-06-04,35.09,26.42,62.49,2.51,0.55
2024-06-05,38.68,26.44,60.05,0.11,0.55
2024-06-06,36.64,28.03,64.06,1.72,0.55
2024-06-07,38.51,27.12,60.85,2.86,0.55
2024-06-08,39.23,25.96,56.73,4.15,0.55
2024-06-09,41.03,26.87,54.71,0.75,0.54
2024-06-10,39.29,28.05,56.93,0.78,0.54
2024-06-11,37.25,27.89,62.93,1.95,0.54
2024-06-12,34.25,27.11,70.45,2.79,0.54
2024-06-13,36.63,25.93,68.96,1.59,0.54
2024-06-14,36.03,26.36,66.14,1.12,0.54
2024-06-15,38.91,26.16,59.11,1.35,0.54
2024-06-16,39.34,26.8,59.48,1.26,0.53
2024-06-17,39.1,26.6,60.12,1.28,0.53
2024-06-18,34.98,27.07,67.0,4.47,0.53
2024-06-19,36.6,25.69,65.51,0.45,0.54
2024-06-20,38.5,26.15,63.41,1.28,0.54
2024-06-21,39.45,26.79,57.47,0.64,0.53
2024-06-22,40.22,27.73,53.01,0.17,0.53
2024-06-23,36.13,28.7,61.79,1.73,0.53
2024-06-24,38.17,27.56,57.44,0.34,0.53
2024-06-25,39.41,27.59,54.84,2.27,0.53
2024-06-26,34.26,27.08,72.68,9.96,0.54
2024-06-27,35.87,25.96,67.18,0.81,0.55
2024-06-28,34.84,26.6,68.55,1.26,0.54
2024-06-29,38.19,26.28,62.76,1.32,0.54
2024-06-30,36.62,26.47,69.36,10.11,0.54
2024-07-01,30.81,25.93,84.84,28.25,0.58
2024-07-02,31.46,26.14,83.15,2.87,0.6
2024-07-03,31.89,25.43,79.91,1.52,0.6
2024-07-04,35.15,24.55,72.58,5.53,0.6
2024-07-05,36.64,24.69,69.14,0.55,0.59
2024-07-06,37.96,26.07,66.15,0.76,0.59
2024-07-07,36.25,26.72,70.08,0.3,0.58
2024-07-08,38.24,25.94,64.78,0.54,0.58
2024-07-09,38.21,26.06,67.21,1.49,0.57
2024-07-10,37.1,26.15,68.51,2.49,0.57
2024-07-11,35.82,25.92,70.56,2.25,0.57
2024-07-12,33.99,25.37,73.78,0.91,0.57
2024-07-13,35.81,25.16,68.29,0.61,0.57
2024-07-14,37.15,25.89,67.22,0.69,0.56
2024-07-15,37.38,25.91,65.98,0.57,0.56
2024-07-16,36.37,26.71,68.05,1.08,0.56
2024-07-17,38.74,26.81,63.8,0.3,0.55
2024-07-18,38.82,27.32,62.39,0.09,0.55
2024-07-19,36.07,26.87,66.34,0.37,0.54
2024-07-20,36.1,26.41,67.32,0.54,0.54
2024-07-21,35.11,26.11,70.96,2.04,0.54
2024-07-22,35.73,25.73,69.38,1.51,0.54
2024-07-23,37.54,26.13,65.32,1.9,0.54
2024-07-24,39.33,25.95,64.63,1.18,0.54
2024-07-25,37.97,26.8,64.83,1.1,0.54
2024-07-26,37.68,26.55,66.18,1.83,0.54
2024-07-27,38.39,26.92,63.65,0.2,0.54
2024-07-28,37.79,26.61,63.85,0.44,0.53
2024-07-29,38.43,26.12,63.25,4.87,0.54
2024-07-30,37.33,25.45,68.04,6.19,0.54
2024-07-31,32.15,25.4,81.9,5.28,0.55
2024-08-01,33.76,24.82,75.26,3.79,0.55
2024-08-02,35.59,24.98,72.73,2.21,0.55
2024-08-03,36.91,24.79,68.44,3.83,0.55
2024-08-04,36.05,25.0,72.94,3.08,0.55
2024-08-05,33.24,25.26,75.61,3.2,0.56
2024-08-06,36.18,25.17,71.22,0.96,0.55
2024-08-07,36.36,24.95,67.83,2.5,0.55
2024-08-08,34.8,24.66,71.28,0.95,0.55
2024-08-09,37.83,24.56,64.1,0.5,0.55
2024-08-10,39.32,25.69,60.86,1.92,0.54
2024-08-11,38.03,26.07,64.13,1.99,0.54
2024-08-12,36.11,26.98,67.91,0.88,0.54
2024-08-13,37.01,26.71,64.55,0.45,0.54
2024-08-14,36.68,26.5,65.91,0.87,0.54
2024-08-15,38.67,25.94,64.57,2.14,0.54
2024-08-16,30.71,25.36,80.06,6.03,0.55
2024-08-17,32.68,24.49,77.16,3.4,0.55
2024-08-18,35.61,24.85,72.91,5.43,0.55
2024-08-19,36.77,24.83,69.76,3.48,0.55
2024-08-20,37.54,24.68,69.03,4.36,0.55
2024-08-21,36.75,24.94,71.72,6.91,0.56
2024-08-22,37.0,25.14,71.11,2.47,0.56
2024-08-23,33.07,24.87,75.78,2.62,0.56
2024-08-24,30.59,24.66,81.42,3.91,0.56
2024-08-25,30.67,24.57,81.22,1.61,0.56
2024-08-26,35.58,24.02,69.07,0.98,0.56
2024-08-27,34.49,24.66,71.91,1.3,0.56
2024-08-28,36.72,24.86,68.16,1.66,0.56
2024-08-29,34.52,26.01,72.36,1.33,0.55
2024-08-30,36.53,25.22,68.44,1.27,0.55
2024-08-31,33.08,26.03,74.2,0.66,0.55
2024-09-01,37.03,25.32,66.64,0.41,0.55
2024-09-02,35.6,26.54,71.29,4.03,0.55
2024-09-03,36.24,26.67,70.28,0.9,0.55
2024-09-04,36.23,25.97,70.11,3.06,0.55
2024-09-05,35.66,25.63,70.03,1.97,0.55
2024-09-06,36.52,25.98,66.57,0.27,0.55
2024-09-07,37.49,26.45,64.28,0.34,0.54
2024-09-08,37.77,26.43,65.13,0.77,0.54
2024-09-09,33.98,26.78,72.28,0.92,0.54
2024-09-10,33.49,25.99,74.32,3.55,0.54
2024-09-11,36.48,26.95,66.65,7.58,0.54
2024-09-12,35.05,25.78,76.86,13.33,0.57
2024-09-13,31.1,24.7,79.68,5.0,0.58
2024-09-14,30.77,24.01,80.5,1.74,0.57
2024-09-15,33.16,24.07,76.08,0.54,0.57
2024-09-16,36.28,24.29,67.58,0.05,0.57
2024-09-17,38.12,25.36,62.32,0.68,0.56
2024-09-18,37.92,27.27,62.6,1.49,0.56
2024-09-19,40.1,27.31,57.92,0.69,0.56
2024-09-20,40.8,27.71,55.45,1.47,0.55
2024-09-21,40.43,28.09,56.81,2.15,0.55
2024-09-22,40.44,27.74,57.44,1.34,0.55
2024-09-23,35.41,26.55,67.28,0.98,0.55
2024-09-24,35.23,24.89,71.59,5.11,0.55
2024-09-25,35.04,24.74,74.38,2.62,0.55
2024-09-26,35.69,25.15,70.9,1.03,0.55
2024-09-27,33.92,25.99,71.52,1.01,0.55
2024-09-28,35.62,25.41,69.91,1.04,0.55
2024-09-29,38.68,26.83,61.34,0.85,0.55
2024-09-30,37.59,26.17,66.5,3.43,0.55
2024-10-01,30.05,26.47,83.99,3.24,0.55
2024-10-02,29.7,25.13,82.45,5.63,0.56
2024-10-03,33.8,24.35,79.6,3.33,0.56
2024-10-04,33.58,24.66,76.92,1.71,0.56
2024-10-05,35.14,24.47,73.06,1.01,0.56
2024-10-06,35.74,25.0,72.45,0.68,0.55
2024-10-07,37.9,24.62,65.32,0.64,0.55
2024-10-08,35.71,25.23,67.7,3.01,0.55
2024-10-09,33.86,25.69,72.86,3.03,0.55
2024-10-10,35.56,24.85,68.31,0.8,0.55
2024-10-11,35.18,24.68,68.11,0.57,0.55
2024-10-12,37.39,24.31,63.72,0.01,0.55
2024-10-13,37.45,25.57,60.24,0.09,0.54
2024-10-14,37.63,26.06,56.58,0.0,0.54
2024-10-15,37.03,26.55,56.93,0.05,0.54
2024-10-16,36.84,26.23,61.28,0.37,0.54
2024-10-17,37.08,25.54,59.35,0.39,0.53
2024-10-18,36.98,25.44,54.28,0.67,0.53
2024-10-19,37.57,24.9,53.76,1.09,0.53
2024-10-20,36.26,25.47,57.7,0.87,0.53
2024-10-21,36.61,25.79,55.37,0.18,0.53
2024-10-22,35.32,25.88,60.21,0.64,0.53
2024-10-23,33.23,24.82,68.26,1.79,0.53
2024-10-24,35.76,24.67,63.42,0.34,0.53
2024-10-25,37.4,24.23,55.48,0.03,0.53
2024-10-26,38.21,25.5,49.43,0.0,0.53
2024-10-27,38.91,25.43,46.36,0.02,0.53
2024-10-28,39.31,25.69,45.85,0.01,0.53
2024-10-29,39.21,25.72,46.6,0.04,0.53
2024-10-30,39.05,26.27,45.39,0.08,0.53
2024-10-31,38.66,26.04,45.18,0.27,0.52
2024-11-01,37.93,25.69,45.87,0.88,0.53
2024-11-02,37.93,24.36,46.08,0.4,0.53
2024-11-03,36.38,26.45,47.79,0.44,0.53
2024-11-04,36.85,23.85,45.88,0.45,0.52
2024-11-05,36.63,24.66,46.46,1.25,0.53
2024-11-06,29.32,23.91,65.37,3.76,0.53
2024-11-07,30.45,21.76,73.75,3.64,0.53
2024-11-08,31.45,19.84,68.2,0.16,0.54
2024-11-09,32.65,20.18,62.11,0.0,0.53
2024-11-10,32.63,22.85,61.8,0.0,0.53
2024-11-11,34.66,22.78,57.14,0.0,0.53
2024-11-12,35.29,23.5,53.6,0.0,0.53
2024-11-13,35.87,22.61,49.34,0.0,0.53
2024-11-14,36.05,22.24,47.74,0.0,0.53
2024-11-15,35.59,21.48,47.61,0.0,0.53
2024-11-16,34.94,20.37,43.96,0.0,0.53
2024-11-17,34.9,19.23,38.74,0.0,0.52
2024-11-18,34.89,18.38,36.84,0.0,0.52
2024-11-19,33.81,19.43,46.96,0.0,0.52
2024-11-20,34.2,22.44,56.25,2.19,0.53
2024-11-21,32.69,21.09,65.43,3.12,0.53
2024-11-22,31.42,20.19,63.92,0.67,0.53
2024-11-23,32.39,19.5,57.96,0.04,0.53
2024-11-24,33.13,18.34,47.18,0.0,0.53
2024-11-25,31.36,15.71,44.22,0.0,0.53
2024-11-26,32.85,15.62,44.11,0.0,0.53
2024-11-27,32.98,17.82,45.83,0.0,0.53
2024-11-28,33.24,19.37,53.26,0.38,0.52
2024-11-29,29.79,22.09,66.27,0.13,0.52
2024-11-30,33.54,21.82,56.16,0.0,0.52
2024-12-01,33.13,20.49,50.54,0.0,0.52
2024-12-02,33.71,20.33,49.54,0.0,0.52
2024-12-03,34.73,21.39,48.91,0.0,0.52
2024-12-04,34.21,21.83,48.78,0.0,0.52
2024-12-05,33.13,19.31,36.77,0.0,0.52
2024-12-06,31.0,16.42,38.12,0.0,0.52
2024-12-07,31.31,15.25,42.76,0.0,0.52
2024-12-08,32.1,16.87,43.99,0.0,0.52
2024-12-09,32.83,17.85,48.29,0.0,0.52
2024-12-10,32.46,17.94,44.58,0.17,0.52
2024-12-11,31.05,17.34,49.21,0.0,0.52
2024-12-12,31.03,16.14,49.46,0.0,0.52
2024-12-13,32.06,16.17,49.28,0.0,0.52
2024-12-14,32.01,15.78,47.61,0.08,0.52
2024-12-15,31.72,15.54,48.23,0.66,0.52
2024-12-16,31.69,15.89,45.65,0.0,0.52
2024-12-17,32.04,18.19,45.03,0.0,0.52
2024-12-18,32.49,19.37,43.46,0.0,0.52
2024-12-19,32.53,19.38,45.82,0.0,0.52
2024-12-20,32.93,20.13,44.73,0.01,0.52
2024-12-21,32.19,18.8,37.96,0.16,0.52
2024-12-22,31.64,17.39,42.16,0.14,0.52
2024-12-23,30.41,18.9,47.57,0.01,0.52
2024-12-24,30.98,16.93,50.35,0.0,0.52
2024-12-25,31.98,17.46,47.15,0.0,0.52
2024-12-26,32.39,18.64,45.52,0.0,0.52
2024-12-27,32.23,17.66,44.38,0.0,0.52
2024-12-28,33.06,17.39,48.35,0.0,0.52
2024-12-29,32.85,18.12,48.11,0.0,0.52
2024-12-30,32.1,18.31,44.93,0.0,0.52
2024-12-31,31.09,17.59,45.56,0.0,0.52
2025-01-01,30.87,16.04,46.19,0.0,0.52
2025-01-02,30.6,15.79,48.96,0.0,0.52
2025-01-03,31.02,16.19,49.67,0.0,0.52
2025-01-04,30.79,16.46,44.97,0.0,0.52
2025-01-05,31.47,15.87,44.91,0.0,0.52
2025-01-06,31.0,17.28,47.16,0.0,0.52
2025-01-07,31.09,17.33,46.45,0.13,0.52
2025-01-08,29.9,16.03,50.13,0.18,0.52
2025-01-09,29.68,15.82,48.75,0.0,0.52
2025-01-10,29.9,15.36,49.23,0.0,0.52
2025-01-11,31.2,15.82,46.74,0.0,0.52
2025-01-12,30.48,15.59,47.64,0.0,0.52
2025-01-13,31.02,16.94,45.57,0.0,0.52
2025-01-14,30.23,16.2,42.85,0.0,0.52
2025-01-15,30.27,15.98,48.47,0.0,0.52
2025-01-16,30.91,15.51,44.92,0.0,0.52
2025-01-17,30.7,15.43,45.16,0.21,0.52
2025-01-18,31.71,15.77,39.4,0.0,0.52
2025-01-19,31.6,15.6,39.73,0.0,0.52
2025-01-20,33.2,16.37,36.14,0.0,0.52
2025-01-21,31.27,14.75,34.74,0.0,0.52
2025-01-22,31.18,14.43,35.16,0.0,0.52
2025-01-23,33.31,15.87,29.84,0.0,0.52
2025-01-24,31.81,14.32,26.29,0.0,0.52
2025-01-25,31.42,13.77,29.33,0.0,0.52
2025-01-26,29.45,14.46,40.62,0.0,0.52
2025-01-27,30.99,14.26,37.33,0.01,0.52
2025-01-28,30.73,12.86,32.46,0.0,0.52
2025-01-29,29.69,12.84,34.53,0.0,0.52
2025-01-30,30.54,12.5,30.31,0.0,0.52
2025-01-31,31.23,14.61,40.39,0.09,0.52
2025-02-01,31.57,15.49,44.95,0.0,0.52
2025-02-02,32.75,16.21,42.86,0.0,0.52
2025-02-03,32.42,15.61,35.77,0.0,0.52
2025-02-04,32.43,15.38,34.06,0.0,0.52
2025-02-05,31.51,15.12,36.15,0.0,0.52
2025-02-06,33.94,15.72,34.83,0.0,0.52
2025-02-07,33.68,17.36,35.08,0.0,0.52
2025-02-08,33.82,15.97,27.85,0.0,0.52
2025-02-09,34.4,15.06,22.21,0.12,0.52
2025-02-10,33.6,15.19,18.54,0.0,0.52
2025-02-11,33.88,14.18,22.4,0.01,0.52
2025-02-12,33.86,14.92,31.21,0.07,0.52
2025-02-13,34.09,15.19,35.68,0.13,0.52
2025-02-14,34.39,17.45,40.0,0.0,0.52
2025-02-15,32.62,18.6,40.57,0.0,0.52
2025-02-16,32.97,16.62,26.65,0.0,0.52
2025-02-17,32.83,16.37,28.17,0.0,0.52
2025-02-18,33.68,15.94,30.73,0.19,0.52
2025-02-19,33.54,17.14,31.04,0.0,0.52
2025-02-20,34.06,18.71,29.05,0.0,0.52
2025-02-21,34.51,18.68,33.29,0.0,0.52
2025-02-22,34.4,19.14,35.97,0.0,0.52
2025-02-23,34.49,18.12,36.19,0.4,0.52
2025-02-24,35.07,18.18,34.87,0.03,0.52
2025-02-25,35.36,18.04,30.82,0.0,0.52
2025-02-26,34.28,19.18,28.3,0.0,0.52
2025-02-27,34.3,17.12,28.3,0.0,0.52
2025-02-28,35.03,17.02,27.96,0.08,0.52
2025-03-01,36.63,17.6,32.1,2.38,0.52
2025-03-02,38.44,18.49,32.78,0.61,0.52
2025-03-03,36.31,20.24,38.64,0.08,0.52
2025-03-04,36.49,21.14,35.09,0.0,0.52
2025-03-05,35.37,18.86,31.14,0.0,0.52
2025-03-06,34.95,18.31,31.88,0.0,0.52
2025-03-07,36.23,18.21,28.41,0.0,0.52
2025-03-08,35.48,17.3,23.31,0.0,0.52
2025-03-09,34.37,17.58,26.8,0.03,0.52
2025-03-10,36.45,18.66,26.54,0.0,0.52
2025-03-11,37.39,18.75,23.25,0.0,0.52
2025-03-12,36.34,19.49,32.78,0.31,0.52
2025-03-13,38.04,20.08,32.82,0.41,0.52
2025-03-14,40.03,20.49,31.61,2.37,0.52
2025-03-15,39.13,21.46,33.65,0.01,0.52
2025-03-16,40.29,22.36,32.08,0.0,0.52
2025-03-17,41.95,22.68,28.88,0.0,0.52
2025-03-18,40.1,24.17,29.52,0.0,0.52
2025-03-19,39.16,23.43,34.65,0.0,0.52
2025-03-20,38.73,23.8,33.22,0.0,0.52
2025-03-21,38.63,25.51,34.12,0.27,0.52
2025-03-22,37.82,24.5,38.04,0.81,0.52
2025-03-23,37.31,23.44,33.59,0.8,0.52
2025-03-24,36.4,23.72,41.26,5.81,0.52
2025-03-25,35.55,22.84,44.92,4.32,0.54
2025-03-26,37.24,21.02,38.85,0.01,0.54
2025-03-27,37.83,21.07,33.18,0.0,0.53
2025-03-28,38.0,21.97,38.2,0.0,0.53
2025-03-29,39.69,22.81,39.62,0.0,0.53
2025-03-30,39.37,23.23,35.46,0.0,0.53
2025-03-31,40.24,22.08,31.93,0.01,0.53
2025-04-01,38.16,22.28,38.83,0.0,0.53
2025-04-02,39.92,22.88,35.47,0.0,0.53
2025-04-03,40.33,23.81,35.04,0.0,0.53
2025-04-04,39.17,25.65,34.78,0.0,0.52
2025-04-05,39.13,24.39,34.29,0.17,0.52
2025-04-06,37.55,25.29,37.23,0.05,0.52
2025-04-07,34.04,26.12,41.04,0.09,0.52
2025-04-08,35.67,25.66,42.01,0.1,0.52
2025-04-09,39.13,26.54,37.32,0.0,0.52
2025-04-10,38.96,24.72,38.57,1.07,0.52
2025-04-11,36.47,25.76,44.89,1.32,0.53
2025-04-12,35.05,25.35,47.4,0.02,0.52
2025-04-13,36.65,27.06,44.06,1.35,0.52
2025-04-14,36.58,26.67,51.99,1.52,0.53
2025-04-15,36.74,26.4,51.78,2.07,0.53
2025-04-16,36.78,25.49,50.16,1.24,0.53
2025-04-17,36.36,25.51,47.9,1.26,0.53
2025-04-18,37.71,24.9,48.39,2.45,0.53
2025-04-19,36.68,26.57,50.04,2.25,0.53
2025-04-20,38.55,24.96,47.11,0.62,0.53
2025-04-21,40.05,26.7,44.89,0.99,0.53
2025-04-22,40.8,28.03,41.19,0.65,0.53
2025-04-23,42.77,27.6,38.27,0.29,0.53
2025-04-24,42.51,26.64,37.95,0.0,0.52
2025-04-25,41.06,25.98,39.04,0.14,0.52
2025-04-26,42.39,27.7,37.02,0.0,0.52
2025-04-27,42.23,27.81,35.58,0.0,0.52
2025-04-28,40.42,28.9,36.01,1.27,0.52
2025-04-29,38.07,26.67,40.76,1.28,0.52
2025-04-30,35.13,26.68,48.57,0.59,0.52
2025-05-01,35.88,25.2,54.32,3.42,0.53
2025-05-02,35.41,24.64,58.76,1.76,0.53
2025-05-03,37.46,25.28,50.21,0.48,0.53
2025-05-04,38.6,26.79,42.72,0.52,0.53
2025-05-05,39.89,27.17,39.1,0.03,0.53
2025-05-06,39.64,29.17,40.08,0.21,0.52
2025-05-07,40.84,29.5,35.66,0.23,0.52
2025-05-08,40.44,28.91,38.84,0.0,0.52
2025-05-09,39.93,29.53,36.35,0.01,0.52
2025-05-10,42.62,29.67,35.31,0.09,0.52
2025-05-11,40.98,31.77,41.16,5.68,0.53
2025-05-12,39.19,28.98,46.08,0.66,0.53
2025-05-13,40.24,29.3,48.09,2.3,0.53
2025-05-14,38.83,28.48,51.78,1.12,0.53
2025-05-15,36.53,28.89,55.77,1.73,0.53
2025-05-16,33.11,27.01,69.31,3.24,0.53
2025-05-17,30.8,25.97,80.39,6.77,0.54
2025-05-18,31.29,25.74,77.73,3.55,0.55
2025-05-19,39.06,24.68,57.79,0.07,0.54
2025-05-20,39.19,25.8,56.17,4.03,0.54
2025-05-21,38.04,26.09,58.19,1.73,0.54
2025-05-22,35.85,26.4,59.75,0.98,0.54
2025-05-23,34.65,26.51,64.81,2.53,0.54
2025-05-24,39.91,26.03,56.35,0.21,0.54
2025-05-25,39.04,26.97,55.25,1.69,0.53
2025-05-26,34.2,27.15,67.51,4.21,0.54
2025-05-27,33.64,25.9,70.8,2.69,0.54
2025-05-28,31.51,25.48,77.58,6.64,0.54
2025-05-29,32.16,25.82,77.03,12.36,0.57
2025-05-30,35.11,26.27,71.97,6.52,0.57
2025-05-31,35.86,25.77,72.66,10.03,0.58
2025-06-01,32.43,25.95,79.0,8.99,0.59
2025-06-02,32.72,26.41,81.18,8.11,0.6
2025-06-03,37.64,24.82,64.83,1.15,0.6
2025-06-04,36.53,25.12,67.15,5.0,0.6
2025-06-05,37.63,24.59,63.74,0.92,0.6
2025-06-06,38.16,25.6,60.64,0.02,0.59
2025-06-07,38.41,26.29,60.38,0.21,0.58
2025-06-08,37.51,27.06,62.95,0.42,0.58
2025-06-09,36.18,27.04,64.94,0.36,0.57
2025-06-10,35.37,26.56,69.16,2.31,0.57
2025-06-11,33.76,26.15,71.83,0.77,0.57
2025-06-12,35.61,25.63,66.17,0.42,0.57
2025-06-13,37.7,25.83,61.98,0.74,0.56
2025-06-14,37.88,25.48,61.28,0.85,0.56
2025-06-15,37.36,25.15,64.99,1.19,0.55
2025-06-16,35.51,25.7,69.95,2.91,0.55
2025-06-17,33.44,26.13,72.31,2.51,0.56
2025-06-18,33.38,25.43,75.18,2.48,0.56
2025-06-19,36.62,25.05,66.98,2.94,0.56
2025-06-20,36.54,25.46,68.27,2.59,0.56
2025-06-21,36.62,26.08,66.72,1.22,0.56
2025-06-22,36.74,25.01,64.85,1.85,0.55
2025-06-23,34.0,26.03,73.65,1.45,0.55
2025-06-24,33.82,25.18,72.25,0.92,0.55
2025-06-25,37.23,25.57,68.0,1.11,0.55
2025-06-26,36.0,25.42,67.24,1.72,0.55
2025-06-27,37.6,25.54,63.33,0.86,0.54
2025-06-28,37.95,25.69,60.3,1.13,0.54
2025-06-29,38.03,25.68,62.44,1.39,0.54
2025-06-30,37.42,25.19,63.18,0.63,0.54
2025-07-01,33.06,26.04,73.06,1.93,0.54
2025-07-02,35.85,24.83,67.57,1.0,0.54
2025-07-03,34.35,25.39,69.26,2.4,0.54
2025-07-04,36.9,25.33,67.42,0.73,0.54
2025-07-05,34.97,25.56,69.76,2.0,0.54
2025-07-06,36.0,25.34,68.25,2.67,0.54
2025-07-07,34.59,25.2,70.97,3.55,0.54
2025-07-08,33.63,25.99,71.92,4.64,0.54
2025-07-09,36.11,25.02,69.24,2.55,0.55
2025-07-10,36.61,25.02,64.19,0.59,0.54
2025-07-11,36.3,25.6,64.98,0.99,0.54
2025-07-12,33.33,27.01,75.01,0.68,0.54
2025-07-13,35.48,25.96,69.94,0.92,0.54
2025-07-14,36.71,26.16,64.35,0.37,0.54
2025-07-15,36.93,26.2,64.89,0.75,0.53
2025-07-16,33.18,26.68,71.83,0.3,0.53
2025-07-17,32.89,26.8,67.2,0.54,0.53
2025-07-18,36.11,26.25,63.24,0.98,0.53
2025-07-19,38.4,25.06,59.82,1.08,0.53
2025-07-20,39.64,26.72,55.13,0.41,0.53
2025-07-21,37.22,27.09,57.81,0.31,0.53
2025-07-22,39.44,27.21,56.77,1.02,0.53
2025-07-23,35.0,27.45,66.81,2.01,0.53
2025-07-24,37.42,26.61,67.2,0.22,0.53
2025-07-25,36.73,26.38,65.72,1.35,0.53
2025-07-26,36.43,25.98,67.77,2.64,0.53
2025-07-27,33.88,26.14,77.69,5.66,0.54
2025-07-28,32.73,25.29,75.28,1.98,0.54
2025-07-29,37.51,24.9,65.47,0.9,0.54
2025-07-30,37.18,25.45,64.28,0.94,0.54
2025-07-31,38.68,25.46,63.08,1.2,0.54
2025-08-01,38.76,25.13,64.94,2.73,0.53
2025-08-02,38.13,25.84,63.05,1.23,0.53
2025-08-03,38.61,25.46,61.9,1.97,0.53
2025-08-04,35.53,25.65,63.55,1.15,0.53
2025-08-05,38.75,26.35,58.5,2.03,0.53
2025-08-06,33.91,26.68,64.66,2.65,0.53
2025-08-07,33.98,25.82,68.76,1.32,0.53
2025-08-08,35.1,24.83,63.24,0.79,0.53
2025-08-09,39.95,24.9,53.92,0.27,0.53
2025-08-10,38.67,27.24,51.8,0.11,0.53
2025-08-11,40.48,27.83,51.34,0.02,0.53
2025-08-12,38.57,28.39,56.98,0.84,0.53
2025-08-13,36.87,26.37,59.23,1.11,0.53
2025-08-14,33.42,26.36,68.64,3.29,0.53
2025-08-15,37.52,25.69,62.05,0.98,0.53
2025-08-16,34.02,27.03,64.62,0.69,0.53
2025-08-17,37.01,26.58,58.62,1.37,0.53
2025-08-18,38.12,25.97,58.83,0.6,0.53
2025-08-19,39.25,26.05,55.15,0.67,0.53
2025-08-20,37.99,26.2,58.71,1.29,0.53
2025-08-21,34.86,25.97,69.91,2.77,0.53
2025-08-22,37.02,25.29,66.42,3.78,0.53
2025-08-23,35.48,24.89,68.82,1.36,0.54
2025-08-24,36.5,24.53,65.35,2.41,0.53
2025-08-25,36.42,25.28,63.48,0.32,0.53
2025-08-26,38.41,26.62,58.3,2.45,0.53
2025-08-27,37.4,26.18,58.94,1.95,0.53
2025-08-28,35.91,26.42,58.91,0.61,0.53
2025-08-29,32.7,25.85,67.85,1.15,0.53
2025-08-30,38.7,25.33,59.29,0.36,0.53
2025-08-31,39.33,27.52,52.86,0.13,0.53
2025-09-01,37.54,27.5,57.85,1.1,0.53
2025-09-02,38.78,25.98,58.23,0.75,0.53
2025-09-03,37.98,26.25,58.63,0.48,0.53
2025-09-04,38.72,26.03,56.0,0.33,0.53
2025-09-05,40.26,26.4,53.08,0.28,0.53
2025-09-06,37.78,27.78,57.28,1.37,0.53
2025-09-07,38.6,26.53,59.18,2.38,0.53
2025-09-08,38.9,26.4,60.32,1.22,0.53
2025-09-09,34.98,27.15,63.73,2.15,0.53
2025-09-10,34.05,26.88,68.15,0.71,0.53
2025-09-11,35.75,25.92,68.19,1.64,0.53
2025-09-12,36.22,25.31,68.73,4.21,0.53
2025-09-13,35.47,25.37,72.29,7.08,0.54
2025-09-14,31.59,25.56,77.63,3.16,0.55
2025-09-15,33.84,24.92,72.28,3.04,0.55
2025-09-16,37.6,24.87,62.97,1.37,0.55
2025-09-17,37.86,25.36,60.87,0.1,0.54
2025-09-18,37.87,26.81,60.32,0.26,0.54
2025-09-19,37.6,27.58,61.03,1.19,0.54
2025-09-20,38.16,26.97,63.71,4.32,0.54
2025-09-21,36.7,27.06,65.28,1.26,0.54
2025-09-22,34.74,25.5,69.97,1.65,0.54
2025-09-23,36.71,25.0,68.79,3.33,0.54
2025-09-24,33.16,25.79,76.21,4.89,0.54
2025-09-25,35.68,25.6,71.15,1.58,0.54
2025-09-26,36.36,25.19,68.51,0.63,0.54
2025-09-27,32.99,25.83,73.43,0.39,0.54
2025-09-28,35.3,25.61,63.21,0.06,0.54
2025-09-29,40.34,26.13,50.75,0.22,0.53
2025-09-30,38.96,27.43,56.44,2.53,0.53
2025-10-01,31.47,25.72,78.49,4.25,0.54
2025-10-02,32.4,25.06,77.68,2.49,0.54
2025-10-03,38.05,24.2,63.22,0.36,0.54
2025-10-04,38.03,25.01,62.76,0.49,0.54
2025-10-05,37.19,25.46,62.08,1.77,0.53
2025-10-06,35.34,26.06,65.12,1.79,0.53
2025-10-07,36.19,25.01,65.66,0.95,0.53
2025-10-08,34.23,25.1,73.39,4.07,0.53
2025-10-09,35.3,24.68,69.58,1.99,0.54
2025-10-10,34.72,24.55,73.52,6.93,0.54
2025-10-11,35.41,24.62,70.4,2.6,0.55
2025-10-12,37.91,23.52,61.05,0.09,0.54
2025-10-13,38.14,25.02,55.36,0.24,0.54
2025-10-14,36.11,26.36,59.64,0.11,0.54
2025-10-15,34.64,25.88,64.8,1.12,0.53
2025-10-16,32.35,25.17,75.13,1.71,0.54
2025-10-17,34.46,24.38,69.94,1.5,0.54
2025-10-18,36.15,25.2,59.59,0.46,0.53
2025-10-19,36.67,26.03,56.07,0.95,0.53
2025-10-20,35.97,26.64,56.46,0.39,0.53
2025-10-21,36.38,26.13,54.22,0.17,0.53
2025-10-22,35.98,27.3,54.99,0.57,0.53
2025-10-23,36.19,25.32,57.0,1.6,0.53
2025-10-24,36.28,24.37,56.03,1.03,0.53
2025-10-25,36.66,24.58,53.6,0.0,0.53
2025-10-26,37.24,24.96,50.46,0.27,0.53
2025-10-27,38.36,25.48,48.04,0.09,0.53
2025-10-28,38.66,25.82,46.54,0.0,0.53
2025-10-29,38.95,26.23,46.95,0.02,0.52
2025-10-30,38.97,26.76,48.45,0.0,0.52
2025-10-31,38.74,27.92,48.36,0.12,0.52
2025-11-01,37.37,27.54,55.74,0.42,0.52
2025-11-02,35.85,25.32,63.64,1.95,0.52
2025-11-03,34.1,25.31,69.6,2.85,0.53
2025-11-04,31.64,24.5,77.3,7.23,0.53
2025-11-05,33.4,24.01,75.34,4.24,0.54
2025-11-06,35.3,21.67,66.37,0.81,0.54
2025-11-07,35.51,23.41,59.81,0.0,0.54
2025-11-08,36.43,24.28,56.52,0.5,0.54
2025-11-09,35.73,23.45,58.44,0.71,0.53
2025-11-10,36.68,24.6,54.12,0.06,0.53
2025-11-11,35.59,23.04,52.42,0.0,0.53
2025-11-12,35.69,22.76,48.15,0.0,0.53
2025-11-13,35.88,22.48,47.34,0.0,0.53
2025-11-14,36.17,21.97,40.93,0.0,0.53
2025-11-15,35.98,21.32,39.73,0.0,0.53
2025-11-16,35.48,20.14,38.96,0.0,0.52
2025-11-17,34.95,22.61,44.43,0.0,0.52
2025-11-18,35.26,20.7,46.74,0.01,0.52
2025-11-19,30.19,23.06,60.98,0.01,0.52
2025-11-20,32.32,22.11,57.4,0.0,0.52
2025-11-21,34.03,22.06,49.79,0.0,0.52
2025-11-22,34.21,19.92,47.43,0.0,0.52
2025-11-23,33.5,17.52,43.11,0.0,0.52
2025-11-24,33.52,18.06,37.87,0.0,0.52
2025-11-25,33.66,18.98,39.37,0.11,0.52
2025-11-26,33.03,18.64,49.01,0.0,0.52
2025-11-27,32.65,17.2,38.97,0.0,0.52
2025-11-28,30.64,16.43,37.5,0.0,0.52
2025-11-29,31.24,15.05,36.48,0.0,0.52
2025-11-30,31.62,15.54,35.5,0.0,0.52
2025-12-01,31.68,15.82,35.33,0.0,0.52
2025-12-02,31.83,16.02,39.07,0.0,0.52
2025-12-03,32.98,17.57,41.18,0.0,0.52
2025-12-04,33.65,18.82,41.19,0.01,0.52
2025-12-05,33.25,17.7,40.38,0.01,0.52
2025-12-06,31.7,17.33,41.31,0.0,0.52
2025-12-07,31.23,16.32,41.09,0.0,0.52
2025-12-08,30.17,15.98,40.34,0.0,0.52
2025-12-09,31.45,16.3,36.26,0.01,0.52
2025-12-10,31.33,15.79,39.91,0.01,0.52
2025-12-11,31.24,16.62,38.6,0.0,0.52
2025-12-12,30.62,15.82,40.84,0.0,0.52
2025-12-13,30.89,15.93,47.91,0.0,0.52
2025-12-14,31.59,16.94,45.43,0.02,0.52
2025-12-15,31.85,16.19,50.16,0.45,0.52
2025-12-16,32.44,16.74,44.31,0.01,0.52
2025-12-17,31.05,16.01,41.19,0.0,0.52
2025-12-18,30.76,15.75,46.55,0.0,0.52
2025-12-19,30.77,15.37,40.7,0.0,0.52
2025-12-20,30.71,14.43,42.24,0.01,0.52
2025-12-21,31.04,15.26,41.56,0.01,0.52
2025-12-22,30.24,15.56,45.38,0.01,0.52
2025-12-23,29.84,15.9,50.05,0.0,0.52
2025-12-24,30.97,16.87,47.81,0.0,0.52
2025-12-25,29.93,15.52,50.32,0.0,0.52
2025-12-26,30.39,15.34,48.27,0.0,0.52
2025-12-27,30.73,14.86,45.63,0.0,0.52
2025-12-28,30.98,15.04,43.75,0.0,0.52
2025-12-29,30.62,15.05,43.4,0.0,0.52
2025-12-30,31.51,13.98,38.36,0.0,0.52
2025-12-31,29.82,12.8,36.41,0.0,0.52
