,T2M_MAX,T2M_MIN,RH2M,PRECTOTCORR,GWETROOT
1981-01-01,32.76,20.68,64.21,0.0,0.5
1981-01-02,32.64,18.89,63.62,0.03,0.49
1981-01-03,32.6,18.25,62.73,0.11,0.49
1981-01-04,31.8,18.96,64.65,0.14,0.49
1981-01-05,31.29,17.63,60.43,0.0,0.49
1981-01-06,31.29,16.89,64.85,0.0,0.48
1981-01-07,31.85,17.55,68.04,0.0,0.48
1981-01-08,32.48,18.25,63.87,0.05,0.48
1981-01-09,32.52,16.93,65.56,0.0,0.48
1981-01-10,32.88,17.45,61.55,0.0,0.48
1981-01-11,31.18,18.23,64.79,0.0,0.47
1981-01-12,29.99,20.61,59.72,0.0,0.47
1981-01-13,32.29,18.86,56.91,0.0,0.47
1981-01-14,32.61,19.99,60.54,0.0,0.47
1981-01-15,32.97,20.45,58.81,0.0,0.47
1981-01-16,33.32,18.54,53.38,0.0,0.47
1981-01-17,32.39,20.85,56.03,0.0,0.47
1981-01-18,32.0,18.76,54.8,0.0,0.47
1981-01-19,29.88,20.14,62.18,0.0,0.46
1981-01-20,31.31,20.32,59.5,0.0,0.46
1981-01-21,31.94,19.16,53.8,0.0,0.46
1981-01-22,32.28,19.09,53.67,0.0,0.46
1981-01-23,32.75,18.46,57.09,0.0,0.46
1981-01-24,34.37,18.22,53.84,0.0,0.46
1981-01-25,35.19,19.83,53.59,0.0,0.46
1981-01-26,34.8,20.62,52.16,0.0,0.46
1981-01-27,34.81,21.0,47.12,0.0,0.46
1981-01-28,34.89,22.65,48.35,0.0,0.46
1981-01-29,34.77,19.48,49.0,0.0,0.46
1981-01-30,34.82,18.65,52.08,0.0,0.46
1981-01-31,35.7,18.22,47.99,0.0,0.46
1981-02-01,36.55,18.23,51.41,0.0,0.46
1981-02-02,35.98,20.02,49.65,0.0,0.46
1981-02-03,36.38,18.14,56.87,0.0,0.46
1981-02-04,36.17,18.92,53.86,0.0,0.46
1981-02-05,35.36,17.65,50.67,0.0,0.46
1981-02-06,36.59,16.24,51.96,0.0,0.46
1981-02-07,37.36,18.15,54.96,0.0,0.46
1981-02-08,36.34,21.24,51.49,0.0,0.46
1981-02-09,34.87,22.63,53.58,0.01,0.46
1981-02-10,35.83,20.92,56.95,0.02,0.46
1981-02-11,33.45,20.41,66.29,2.16,0.46
1981-02-12,32.79,17.83,55.85,0.0,0.46
1981-02-13,32.63,16.95,52.79,0.0,0.46
1981-02-14,32.36,17.18,52.93,0.0,0.46
1981-02-15,33.71,17.62,50.95,0.0,0.46
1981-02-16,35.83,18.08,52.76,0.0,0.46
1981-02-17,36.78,18.37,52.46,0.0,0.46
1981-02-18,37.24,18.18,55.18,0.0,0.46
1981-02-19,37.4,18.73,53.8,0.0,0.46
1981-02-20,37.24,19.24,51.73,0.0,0.46
1981-02-21,37.53,18.89,46.13,0.0,0.46
1981-02-22,38.19,19.74,46.21,0.0,0.46
1981-02-23,37.44,20.32,48.5,0.0,0.46
1981-02-24,37.79,18.18,52.4,0.0,0.46
1981-02-25,36.44,17.46,58.74,5.68,0.47
1981-02-26,37.25,17.72,58.12,0.02,0.47
1981-02-27,37.55,18.9,57.19,0.02,0.47
1981-02-28,36.53,19.93,60.5,0.0,0.46
1981-03-01,38.16,19.62,59.05,0.0,0.46
1981-03-02,38.59,19.61,57.25,0.0,0.46
1981-03-03,38.9,20.11,55.66,0.49,0.46
1981-03-04,39.26,19.27,50.84,0.0,0.46
1981-03-05,39.22,20.6,46.74,0.0,0.46
1981-03-06,37.6,19.68,46.63,0.13,0.46
1981-03-07,39.4,21.58,44.25,0.7,0.46
1981-03-08,38.81,20.25,44.18,0.0,0.46
1981-03-09,38.7,19.32,55.08,0.0,0.46
1981-03-10,38.94,19.28,54.53,0.0,0.46
1981-03-11,37.83,19.21,56.73,0.0,0.46
1981-03-12,38.45,19.48,55.13,0.0,0.46
1981-03-13,38.02,19.77,54.17,0.0,0.46
1981-03-14,38.83,19.97,54.18,0.0,0.46
1981-03-15,39.87,19.67,49.54,0.0,0.46
1981-03-16,39.52,20.04,52.56,0.0,0.46
1981-03-17,36.5,20.32,58.06,0.0,0.46
1981-03-18,37.14,21.48,59.03,0.0,0.46
1981-03-19,37.48,21.34,61.39,0.0,0.46
1981-03-20,38.7,22.22,56.33,0.0,0.46
1981-03-21,38.14,22.76,59.01,0.0,0.46
1981-03-22,38.23,20.7,60.91,0.0,0.46
1981-03-23,35.44,23.44,69.5,0.1,0.46
1981-03-24,38.68,22.13,61.97,0.0,0.46
1981-03-25,39.32,22.64,58.33,1.59,0.46
1981-03-26,38.12,23.41,54.26,0.0,0.46
1981-03-27,37.99,21.84,59.4,0.0,0.46
1981-03-28,38.23,20.95,54.41,5.18,0.47
1981-03-29,39.8,20.86,47.63,0.0,0.47
1981-03-30,40.54,21.46,48.41,0.0,0.46
1981-03-31,39.74,22.02,53.17,0.0,0.46
1981-04-01,39.27,22.36,55.8,0.06,0.46
1981-04-02,38.86,21.27,54.7,0.0,0.46
1981-04-03,38.69,21.99,60.23,0.0,0.46
1981-04-04,39.6,23.29,61.42,0.0,0.46
1981-04-05,38.69,23.12,63.59,0.0,0.46
1981-04-06,39.92,22.97,60.99,0.0,0.46
1981-04-07,40.99,23.74,61.2,0.0,0.46
1981-04-08,40.98,23.55,56.33,0.0,0.46
1981-04-09,41.16,23.22,52.12,0.0,0.46
1981-04-10,40.83,22.43,47.28,0.0,0.46
1981-04-11,41.17,22.63,47.96,0.0,0.46
1981-04-12,39.81,25.23,52.61,0.14,0.46
1981-04-13,37.38,25.51,57.85,0.03,0.46
1981-04-14,37.57,24.55,58.37,1.38,0.46
1981-04-15,36.93,25.6,56.61,1.97,0.46
1981-04-16,36.12,25.37,57.56,0.38,0.46
1981-04-17,36.04,24.83,61.93,1.08,0.46
1981-04-18,37.42,24.94,62.34,0.91,0.47
1981-04-19,37.45,25.12,61.03,0.28,0.46
1981-04-20,37.69,25.35,64.31,1.83,0.47
1981-04-21,36.61,24.45,64.75,0.01,0.47
1981-04-22,38.33,24.22,62.26,0.13,0.47
1981-04-23,38.0,24.67,61.92,0.0,0.46
1981-04-24,39.77,25.1,59.15,0.0,0.46
1981-04-25,39.71,24.26,57.46,0.0,0.46
1981-04-26,40.05,24.98,56.46,0.0,0.46
1981-04-27,40.66,24.42,53.88,0.0,0.46
1981-04-28,39.98,25.29,54.91,0.0,0.46
1981-04-29,40.34,24.5,54.7,0.0,0.46
1981-04-30,40.47,24.71,54.38,0.0,0.46
1981-05-01,40.29,24.37,57.65,0.0,0.46
1981-05-02,39.93,24.88,58.43,0.0,0.46
1981-05-03,40.46,25.02,55.48,0.0,0.46
1981-05-04,39.92,24.98,54.2,0.01,0.46
1981-05-05,38.64,25.14,53.75,0.0,0.46
1981-05-06,37.66,26.59,51.31,0.0,0.46
1981-05-07,39.38,26.25,52.76,0.07,0.46
1981-05-08,37.47,27.17,54.37,0.0,0.46
1981-05-09,38.64,27.12,58.78,0.0,0.46
1981-05-10,39.35,26.34,59.33,0.01,0.46
1981-05-11,37.92,26.84,62.06,0.11,0.46
1981-05-12,36.87,26.94,63.76,1.21,0.46
1981-05-13,34.21,27.04,65.07,1.64,0.46
1981-05-14,35.03,26.29,64.02,0.0,0.46
1981-05-15,39.14,27.0,58.3,0.2,0.46
1981-05-16,39.3,26.92,54.94,0.11,0.46
1981-05-17,35.25,25.85,65.2,8.9,0.47
1981-05-18,30.58,24.75,84.19,33.87,0.5
1981-05-19,35.14,25.33,76.32,25.92,0.55
1981-05-20,31.83,25.68,82.68,37.63,0.63
1981-05-21,31.3,25.34,82.03,62.12,0.67
1981-05-22,33.37,24.86,78.52,0.4,0.7
1981-05-23,32.78,25.16,80.28,9.97,0.7
1981-05-24,31.16,25.75,85.78,9.83,0.7
1981-05-25,32.49,25.06,82.33,4.3,0.7
1981-05-26,33.06,24.36,81.1,1.32,0.69
1981-05-27,32.72,24.63,80.74,1.58,0.68
1981-05-28,32.99,25.05,79.67,1.6,0.68
1981-05-29,33.0,25.15,82.31,7.43,0.68
1981-05-30,29.5,25.45,89.14,20.82,0.69
1981-05-31,30.86,25.07,84.82,1.85,0.71
1981-06-01,28.13,25.7,92.48,40.83,0.73
1981-06-02,29.42,25.95,89.35,13.73,0.77
1981-06-03,31.21,25.7,86.01,20.69,0.78
1981-06-04,30.29,25.17,86.44,12.36,0.79
1981-06-05,29.72,25.11,84.04,1.26,0.79
1981-06-06,30.38,25.21,84.63,4.17,0.78
1981-06-07,30.16,25.19,88.51,5.66,0.78
1981-06-08,28.73,25.4,91.07,7.38,0.79
1981-06-09,29.34,24.18,82.24,12.91,0.79
1981-06-10,31.46,24.07,83.3,14.55,0.8
1981-06-11,30.87,24.52,85.0,9.26,0.8
1981-06-12,30.99,24.74,84.48,4.63,0.8
1981-06-13,30.02,24.55,85.99,13.48,0.81
1981-06-14,30.11,24.89,87.35,13.81,0.81
1981-06-15,30.36,24.55,85.72,1.82,0.82
1981-06-16,30.16,23.82,84.83,3.19,0.81
1981-06-17,27.37,24.07,90.33,6.41,0.81
1981-06-18,30.77,23.37,85.91,18.8,0.82
1981-06-19,29.96,25.08,89.58,9.3,0.83
1981-06-20,30.14,25.03,89.17,23.53,0.84
1981-06-21,30.06,25.18,91.11,73.3,0.89
1981-06-22,29.92,24.76,90.57,1.6,0.91
1981-06-23,29.1,25.28,91.05,3.39,0.9
1981-06-24,29.48,24.64,87.92,9.68,0.9
1981-06-25,30.14,24.05,87.0,18.57,0.91
1981-06-26,30.96,24.26,84.96,2.61,0.91
1981-06-27,29.62,24.53,89.16,4.16,0.91
1981-06-28,28.91,24.42,90.49,13.51,0.91
1981-06-29,30.02,23.9,87.61,16.31,0.92
1981-06-30,28.97,24.77,90.18,10.37,0.92
1981-07-01,29.72,25.0,89.02,9.05,0.92
1981-07-02,30.43,24.58,87.8,3.05,0.92
1981-07-03,30.06,25.43,89.22,17.88,0.92
1981-07-04,28.06,25.15,93.07,11.26,0.93
1981-07-05,28.06,24.7,90.91,15.06,0.93
1981-07-06,27.4,24.49,92.59,27.07,0.95
1981-07-07,27.6,24.33,93.57,36.57,0.98
1981-07-08,29.24,25.15,91.81,2.92,0.98
1981-07-09,27.86,24.05,91.06,3.07,0.97
1981-07-10,27.57,24.03,93.33,17.93,0.97
1981-07-11,27.76,23.96,91.93,45.78,0.99
1981-07-12,29.46,23.88,90.16,52.53,1.0
1981-07-13,30.34,23.91,88.56,3.44,0.99
1981-07-14,29.96,24.58,89.77,7.66,0.99
1981-07-15,29.18,24.99,91.14,5.17,0.98
1981-07-16,29.56,24.98,90.04,0.19,0.98
1981-07-17,29.33,24.31,89.83,0.14,0.97
1981-07-18,29.87,24.21,88.9,0.96,0.96
1981-07-19,30.18,24.67,89.92,11.43,0.96
1981-07-20,28.82,25.0,92.64,36.88,0.98
1981-07-21,28.11,24.18,91.64,7.83,0.98
1981-07-22,30.23,23.4,88.59,1.68,0.98
1981-07-23,30.34,24.39,87.58,6.72,0.97
1981-07-24,30.16,23.97,88.96,11.37,0.97
1981-07-25,29.7,24.45,89.75,2.53,0.97
1981-07-26,29.5,24.26,89.1,8.12,0.97
1981-07-27,29.92,23.96,90.64,5.78,0.96
1981-07-28,30.12,24.43,88.97,4.03,0.96
1981-07-29,28.59,24.83,92.71,13.28,0.96
1981-07-30,28.36,24.68,92.97,56.14,0.98
1981-07-31,29.16,23.96,91.26,4.07,0.98
1981-08-01,28.38,24.7,93.52,1.53,0.98
1981-08-02,28.47,24.68,92.46,2.56,0.97
1981-08-03,30.25,24.32,89.91,11.35,0.97
1981-08-04,28.67,24.74,92.24,34.5,0.98
1981-08-05,26.88,25.06,94.73,62.97,1.0
1981-08-06,27.83,25.34,94.25,14.27,1.0
1981-08-07,28.84,24.93,93.35,19.71,1.0
1981-08-08,29.72,24.85,89.9,11.22,0.99
1981-08-09,30.14,24.53,90.5,9.41,0.99
1981-08-10,28.47,24.84,93.16,13.39,0.99
1981-08-11,27.24,24.26,93.08,65.4,1.0
1981-08-12,27.37,23.9,91.92,31.55,1.0
1981-08-13,28.44,24.7,91.4,15.85,1.0
1981-08-14,27.65,24.37,93.43,21.25,1.0
1981-08-15,28.6,24.37,93.18,22.2,1.0
1981-08-16,27.94,24.36,93.62,29.27,1.0
1981-08-17,28.38,24.12,92.83,30.17,1.0
1981-08-18,29.04,24.18,90.7,4.62,1.0
1981-08-19,28.02,24.46,92.25,3.69,0.99
1981-08-20,28.38,24.73,92.96,45.74,1.0
1981-08-21,28.18,24.93,94.34,12.21,1.0
1981-08-22,28.14,24.94,94.03,1.68,0.99
1981-08-23,29.45,24.66,92.23,8.82,0.99
1981-08-24,29.82,24.81,91.58,3.21,0.99
1981-08-25,29.61,25.09,91.28,4.52,0.99
1981-08-26,28.0,23.99,92.83,19.93,0.99
1981-08-27,27.4,23.63,92.46,4.89,0.99
1981-08-28,29.37,23.64,89.72,7.73,0.99
1981-08-29,28.64,24.12,93.21,10.51,0.98
1981-08-30,28.91,24.69,91.63,0.98,0.98
1981-08-31,28.93,24.58,92.66,3.89,0.98
1981-09-01,28.73,23.98,91.35,41.35,0.99
1981-09-02,28.89,23.48,91.14,25.86,1.0
1981-09-03,29.98,23.45,90.04,1.78,0.99
1981-09-04,29.37,23.93,89.88,14.62,0.99
1981-09-05,29.63,23.78,90.13,11.64,0.99
1981-09-06,27.59,24.0,91.86,6.06,0.98
1981-09-07,28.7,23.29,91.13,5.59,0.98
1981-09-08,28.99,24.17,90.84,4.25,0.98
1981-09-09,29.78,23.5,87.78,0.06,0.97
1981-09-10,29.02,24.46,87.45,0.0,0.97
1981-09-11,29.42,23.42,83.93,0.0,0.96
1981-09-12,31.63,23.46,81.84,0.0,0.96
1981-09-13,33.12,23.23,81.42,0.15,0.95
1981-09-14,29.94,24.61,86.62,4.23,0.95
1981-09-15,29.73,24.25,84.89,13.64,0.95
1981-09-16,30.97,23.47,85.21,0.76,0.95
1981-09-17,30.42,23.54,86.32,1.68,0.94
1981-09-18,31.06,24.02,85.94,0.24,0.93
1981-09-19,30.76,24.58,85.84,0.12,0.92
1981-09-20,29.27,24.55,86.76,2.48,0.92
1981-09-21,30.02,24.4,89.7,3.7,0.91
1981-09-22,31.04,25.22,90.11,19.25,0.92
1981-09-23,30.72,24.83,89.83,3.27,0.93
1981-09-24,27.78,25.23,95.09,23.75,0.94
1981-09-25,27.57,23.77,93.29,16.08,0.96
1981-09-26,31.05,23.21,88.2,0.0,0.95
1981-09-27,30.92,24.15,87.89,0.04,0.94
1981-09-28,30.67,24.2,88.56,0.01,0.93
1981-09-29,29.67,24.21,90.15,0.89,0.92
1981-09-30,29.79,24.49,89.91,3.27,0.92
1981-10-01,29.47,24.65,90.86,17.59,0.93
1981-10-02,29.98,24.15,88.74,5.07,0.93
1981-10-03,29.48,24.35,91.56,5.38,0.92
1981-10-04,27.26,23.87,93.41,4.89,0.92
1981-10-05,29.25,23.77,89.64,11.75,0.93
1981-10-06,28.93,23.51,90.03,2.85,0.92
1981-10-07,29.69,23.31,87.73,0.17,0.92
1981-10-08,30.28,23.31,85.22,0.0,0.9
1981-10-09,29.63,22.58,86.94,0.0,0.9
1981-10-10,30.37,22.48,85.18,0.05,0.89
1981-10-11,30.35,22.83,84.39,0.19,0.88
1981-10-12,29.67,24.1,85.62,5.66,0.87
1981-10-13,28.59,23.66,92.59,1.74,0.87
1981-10-14,28.17,23.71,89.28,0.44,0.87
1981-10-15,29.34,23.99,89.24,1.08,0.86
1981-10-16,29.11,24.05,90.54,5.3,0.86
1981-10-17,28.57,24.41,91.84,8.64,0.87
1981-10-18,28.94,24.16,90.52,3.13,0.87
1981-10-19,30.18,23.59,87.52,0.04,0.86
1981-10-20,31.23,23.78,84.81,9.32,0.86
1981-10-21,30.56,23.67,86.98,1.18,0.85
1981-10-22,31.15,23.3,83.72,1.25,0.84
1981-10-23,30.43,23.2,87.08,0.11,0.83
1981-10-24,25.51,21.46,91.63,0.09,0.83
1981-10-25,27.91,21.03,87.43,0.51,0.82
1981-10-26,30.08,22.56,82.78,0.0,0.82
1981-10-27,30.73,23.35,82.18,0.0,0.81
1981-10-28,31.09,23.01,80.35,0.0,0.8
1981-10-29,30.16,23.85,83.41,0.0,0.79
1981-10-30,31.2,23.5,85.05,0.0,0.78
1981-10-31,30.81,23.47,82.77,0.04,0.77
1981-11-01,31.33,23.91,83.99,0.15,0.76
1981-11-02,31.83,24.27,83.26,0.0,0.75
1981-11-03,31.27,24.15,83.41,0.01,0.74
1981-11-04,30.65,24.04,83.3,3.65,0.74
1981-11-05,30.58,24.45,85.57,4.67,0.74
1981-11-06,31.36,24.89,81.47,1.9,0.74
1981-11-07,29.49,24.04,84.14,10.72,0.74
1981-11-08,24.23,21.57,93.62,20.77,0.76
1981-11-09,21.22,18.73,93.74,37.19,0.8
1981-11-10,22.21,18.07,92.28,24.15,0.83
1981-11-11,26.41,19.41,90.92,3.71,0.85
1981-11-12,27.78,20.92,86.86,0.0,0.84
1981-11-13,29.64,20.88,84.66,0.0,0.83
1981-11-14,29.06,22.34,84.01,0.01,0.82
1981-11-15,28.22,23.3,87.5,0.25,0.82
1981-11-16,28.29,22.7,90.77,2.36,0.82
1981-11-17,28.18,22.42,90.11,3.45,0.81
1981-11-18,25.89,23.18,95.44,113.61,0.86
1981-11-19,27.17,23.17,94.05,23.68,0.9
1981-11-20,28.43,23.12,92.74,21.08,0.92
1981-11-21,29.56,23.44,83.49,0.01,0.92
1981-11-22,29.4,23.45,83.61,0.0,0.91
1981-11-23,29.05,22.84,87.19,0.0,0.9
1981-11-24,29.24,22.34,87.44,0.0,0.9
1981-11-25,29.02,22.33,85.58,0.02,0.89
1981-11-26,29.16,21.16,86.19,0.06,0.88
1981-11-27,29.88,21.38,86.16,7.09,0.88
1981-11-28,29.19,21.61,88.88,0.0,0.87
1981-11-29,27.82,21.73,88.71,0.0,0.86
1981-11-30,27.33,19.41,85.63,0.0,0.86
1981-12-01,25.1,18.46,84.29,0.0,0.85
1981-12-02,24.03,16.89,83.21,0.0,0.84
1981-12-03,24.79,17.04,82.18,0.0,0.83
1981-12-04,27.15,17.69,80.91,0.0,0.82
1981-12-05,27.99,18.78,81.34,0.0,0.82
1981-12-06,28.61,19.39,86.29,0.0,0.81
1981-12-07,25.8,18.78,84.64,0.0,0.8
1981-12-08,25.3,17.01,81.54,0.0,0.79
1981-12-09,27.02,16.55,83.71,0.0,0.78
1981-12-10,28.22,16.89,86.51,1.82,0.78
1981-12-11,29.02,19.42,88.07,0.23,0.77
1981-12-12,29.0,21.3,86.28,0.94,0.76
1981-12-13,29.73,21.81,82.9,0.0,0.76
1981-12-14,29.28,21.41,86.93,0.0,0.75
1981-12-15,26.89,21.31,87.65,0.0,0.75
1981-12-16,28.24,20.38,80.53,0.0,0.74
1981-12-17,28.3,20.18,81.99,0.0,0.73
1981-12-18,26.86,19.88,84.49,0.0,0.73
1981-12-19,26.72,17.96,83.83,0.0,0.72
1981-12-20,25.69,17.31,84.54,0.02,0.72
1981-12-21,26.9,16.78,81.83,1.15,0.71
1981-12-22,25.86,14.97,78.71,0.0,0.71
1981-12-23,26.3,15.25,75.35,0.0,0.7
1981-12-24,26.53,15.76,74.19,0.0,0.69
1981-12-25,26.52,16.6,75.15,0.0,0.69
1981-12-26,27.62,17.48,72.14,0.0,0.68
1981-12-27,27.97,17.83,73.94,0.0,0.68
1981-12-28,28.01,17.81,77.6,0.0,0.67
1981-12-29,28.35,17.24,76.09,0.0,0.66
1981-12-30,28.79,18.04,79.07,0.0,0.66
1981-12-31,28.56,17.78,77.74,0.0,0.65
1982-01-01,28.13,16.91,78.02,0.0,0.65
1982-01-02,28.05,16.47,80.05,0.0,0.64
1982-01-03,27.47,15.33,75.43,0.0,0.64
1982-01-04,27.29,15.54,70.52,0.0,0.63
1982-01-05,28.42,16.37,68.14,0.0,0.63
1982-01-06,28.81,17.12,73.67,0.0,0.62
1982-01-07,29.91,17.71,78.17,0.0,0.62
1982-01-08,29.92,19.41,74.71,0.0,0.61
1982-01-09,29.8,19.01,74.11,0.0,0.61
1982-01-10,29.67,18.15,76.07,0.0,0.6
1982-01-11,30.08,18.08,76.07,0.0,0.6
1982-01-12,30.18,17.0,70.69,0.0,0.59
1982-01-13,30.81,17.36,72.23,0.0,0.59
1982-01-14,30.28,18.0,69.5,0.0,0.58
1982-01-15,29.88,16.53,69.41,0.0,0.58
1982-01-16,29.83,16.77,69.58,0.0,0.57
1982-01-17,30.22,16.74,63.2,0.0,0.57
1982-01-18,30.42,17.42,66.94,0.0,0.56
1982-01-19,29.91,18.83,69.96,0.0,0.56
1982-01-20,29.63,19.96,70.9,0.0,0.56
1982-01-21,30.34,17.57,65.42,0.0,0.55
1982-01-22,30.06,16.2,64.63,0.0,0.55
1982-01-23,30.2,16.95,68.11,0.0,0.54
1982-01-24,31.18,17.52,64.43,0.0,0.54
1982-01-25,32.09,16.15,54.41,0.0,0.54
1982-01-26,33.41,17.55,58.98,0.0,0.53
1982-01-27,32.83,18.5,65.83,0.0,0.53
1982-01-28,32.64,20.8,64.04,0.0,0.53
1982-01-29,32.72,19.85,63.37,0.26,0.52
1982-01-30,32.65,20.09,63.58,0.53,0.52
1982-01-31,33.11,20.58,64.51,0.09,0.52
1982-02-01,33.85,19.65,63.32,0.0,0.51
1982-02-02,32.95,17.99,65.14,0.0,0.51
1982-02-03,32.23,16.55,65.73,0.0,0.51
1982-02-04,32.41,16.74,61.21,0.0,0.51
1982-02-05,32.39,16.66,60.78,0.0,0.5
1982-02-06,32.64,17.87,71.5,0.0,0.5
1982-02-07,31.38,16.77,64.49,0.0,0.5
1982-02-08,30.96,15.77,61.84,0.0,0.49
1982-02-09,31.86,17.2,69.53,0.0,0.49
1982-02-10,32.09,17.07,63.12,0.0,0.49
1982-02-11,33.13,17.05,57.07,0.0,0.49
1982-02-12,33.03,18.49,57.93,0.0,0.48
1982-02-13,33.93,17.18,59.55,0.0,0.48
1982-02-14,34.41,18.11,64.72,0.0,0.48
1982-02-15,34.54,19.16,67.17,0.0,0.47
1982-02-16,34.79,19.42,65.54,0.0,0.47
1982-02-17,34.8,20.04,66.11,0.0,0.47
1982-02-18,35.45,19.52,62.54,0.0,0.47
1982-02-19,35.42,18.7,63.97,0.0,0.47
1982-02-20,36.04,19.35,64.77,0.0,0.47
1982-02-21,36.49,19.48,61.4,0.0,0.47
1982-02-22,36.73,18.51,57.89,0.0,0.46
1982-02-23,37.92,17.81,56.32,0.0,0.46
1982-02-24,37.31,18.76,56.94,0.0,0.46
1982-02-25,38.07,19.3,56.89,0.0,0.46
1982-02-26,37.86,19.53,53.53,0.0,0.46
1982-02-27,38.2,19.06,51.84,0.0,0.46
1982-02-28,38.15,19.35,52.6,0.0,0.46
1982-03-01,38.89,19.55,50.75,0.0,0.46
1982-03-02,39.98,19.48,48.09,0.0,0.46
1982-03-03,36.02,20.81,56.02,0.0,0.46
1982-03-04,38.43,20.92,57.37,0.0,0.46
1982-03-05,37.28,20.1,56.09,0.0,0.46
1982-03-06,37.16,19.56,53.42,0.0,0.46
1982-03-07,37.09,20.31,59.51,0.2,0.46
1982-03-08,38.15,20.76,63.97,0.0,0.46
1982-03-09,38.48,20.94,55.72,0.0,0.46
1982-03-10,39.07,20.45,49.68,0.0,0.46
1982-03-11,39.03,20.78,54.48,0.0,0.46
1982-03-12,40.0,21.07,52.67,0.0,0.46
1982-03-13,39.49,21.67,57.97,0.0,0.46
1982-03-14,38.62,21.54,59.62,0.0,0.46
1982-03-15,38.15,18.85,54.5,0.0,0.46
1982-03-16,37.69,17.65,52.41,0.0,0.46
1982-03-17,38.16,16.96,48.49,0.0,0.46
1982-03-18,39.1,17.34,49.69,0.0,0.46
1982-03-19,39.21,19.56,50.3,0.0,0.46
1982-03-20,39.41,19.35,54.97,0.0,0.46
1982-03-21,39.94,20.08,55.33,0.0,0.46
1982-03-22,39.4,21.2,56.01,0.0,0.46
1982-03-23,38.65,20.46,56.98,0.0,0.46
1982-03-24,38.58,19.43,57.62,0.0,0.46
1982-03-25,39.12,20.38,59.47,0.0,0.46
1982-03-26,40.03,21.61,57.27,0.0,0.46
1982-03-27,40.0,22.37,54.54,0.0,0.46
1982-03-28,39.65,22.56,56.49,0.0,0.46
1982-03-29,39.41,22.8,55.89,0.0,0.46
1982-03-30,38.87,22.32,58.09,0.0,0.46
1982-03-31,38.82,22.25,60.19,0.0,0.46
1982-04-01,37.69,23.28,64.1,0.0,0.46
1982-04-02,37.57,24.75,60.13,0.0,0.46
1982-04-03,38.95,24.48,59.46,0.0,0.46
1982-04-04,39.12,24.35,60.36,0.0,0.46
1982-04-05,39.7,24.03,58.19,0.0,0.46
1982-04-06,40.26,24.79,54.41,0.0,0.46
1982-04-07,39.27,24.86,59.15,0.0,0.46
1982-04-08,39.71,23.4,59.05,0.0,0.46
1982-04-09,40.72,22.96,55.02,0.0,0.46
1982-04-10,38.94,24.65,53.81,0.0,0.46
1982-04-11,38.23,25.98,50.74,0.03,0.46
1982-04-12,35.57,25.51,54.44,0.24,0.46
1982-04-13,37.81,24.69,51.05,0.0,0.46
1982-04-14,39.48,24.75,46.79,0.0,0.46
1982-04-15,39.38,24.31,49.65,0.0,0.46
1982-04-16,36.21,25.57,55.58,0.0,0.46
1982-04-17,36.99,24.44,58.1,0.0,0.46
1982-04-18,38.67,23.74,55.53,0.0,0.46
1982-04-19,38.39,23.64,56.82,0.0,0.46
1982-04-20,38.54,23.41,56.95,0.03,0.46
1982-04-21,38.95,22.89,57.4,1.92,0.46
1982-04-22,38.44,22.85,61.35,0.01,0.46
1982-04-23,37.67,24.01,62.5,0.0,0.46
1982-04-24,38.66,23.01,59.85,1.6,0.46
1982-04-25,37.56,24.75,62.12,0.0,0.46
1982-04-26,38.75,24.27,62.39,0.0,0.46
1982-04-27,38.93,24.89,63.79,0.0,0.46
1982-04-28,40.16,24.8,62.39,0.0,0.46
1982-04-29,39.31,24.24,61.74,0.0,0.46
1982-04-30,39.8,24.14,59.61,0.0,0.46
1982-05-01,38.44,25.31,58.86,0.0,0.46
1982-05-02,38.88,25.75,60.56,0.0,0.46
1982-05-03,38.96,25.26,57.71,0.01,0.46
1982-05-04,31.83,26.08,74.2,4.78,0.46
1982-05-05,33.49,25.08,74.19,26.68,0.51
1982-05-06,33.13,25.13,77.31,0.0,0.51
1982-05-07,37.54,24.41,66.45,0.11,0.51
1982-05-08,34.42,24.81,72.8,0.51,0.5
1982-05-09,35.28,24.59,74.32,5.08,0.51
1982-05-10,35.83,24.29,69.44,0.0,0.5
1982-05-11,34.51,24.86,69.13,0.0,0.5
1982-05-12,35.54,25.24,66.55,0.0,0.5
1982-05-13,35.71,25.93,66.43,0.0,0.49
1982-05-14,36.01,26.14,66.22,0.06,0.49
1982-05-15,34.33,26.38,68.15,0.0,0.49
1982-05-16,33.0,26.0,68.73,0.78,0.49
1982-05-17,35.54,24.88,63.94,0.03,0.48
1982-05-18,37.12,24.88,63.41,1.34,0.48
1982-05-19,38.78,25.29,59.3,0.0,0.48
1982-05-20,38.75,25.46,59.48,0.04,0.47
1982-05-21,38.67,25.26,61.94,0.0,0.47
1982-05-22,39.05,25.93,57.51,0.22,0.47
1982-05-23,35.95,26.52,68.38,9.83,0.48
1982-05-24,31.43,26.11,77.77,0.21,0.48
1982-05-25,34.37,25.64,73.56,4.07,0.48
1982-05-26,29.58,25.33,87.21,14.55,0.5
1982-05-27,31.44,24.93,80.11,3.45,0.51
1982-05-28,31.89,24.73,80.38,15.31,0.53
1982-05-29,32.73,24.47,76.71,6.41,0.54
1982-05-30,36.2,25.01,72.0,1.86,0.54
1982-05-31,34.78,25.18,74.67,3.14,0.54
1982-06-01,30.16,25.83,86.39,11.81,0.55
1982-06-02,32.63,25.91,81.76,3.92,0.56
1982-06-03,31.77,25.11,77.29,0.21,0.55
1982-06-04,32.41,24.93,78.38,2.9,0.55
1982-06-05,35.16,25.17,74.18,0.24,0.55
1982-06-06,34.47,25.45,76.19,0.48,0.55
1982-06-07,32.08,25.99,86.21,11.08,0.55
1982-06-08,30.55,25.69,84.91,5.54,0.56
1982-06-09,31.18,25.23,83.98,9.43,0.58
1982-06-10,30.49,25.09,83.81,1.99,0.58
1982-06-11,29.91,25.27,87.37,13.16,0.59
1982-06-12,30.64,25.54,86.57,8.45,0.6
1982-06-13,29.74,25.17,89.66,28.87,0.63
1982-06-14,29.3,25.46,89.14,18.88,0.67
1982-06-15,29.33,25.16,87.21,7.33,0.68
1982-06-16,31.05,24.93,83.46,8.52,0.68
1982-06-17,30.18,25.41,86.77,27.49,0.71
1982-06-18,29.18,25.39,90.56,35.16,0.75
1982-06-19,29.17,25.42,89.98,2.51,0.77
1982-06-20,29.19,24.87,88.64,1.46,0.76
1982-06-21,27.95,24.49,92.08,28.89,0.78
1982-06-22,28.31,23.78,86.62,2.02,0.79
1982-06-23,29.71,23.61,85.34,15.76,0.79
1982-06-24,29.37,24.24,89.08,84.23,0.85
1982-06-25,29.87,24.69,88.61,24.6,0.89
1982-06-26,27.91,24.64,92.19,50.38,0.92
1982-06-27,28.46,25.04,91.26,17.69,0.95
1982-06-28,27.91,24.32,92.57,31.7,0.95
1982-06-29,30.08,23.6,88.87,22.78,0.96
1982-06-30,30.05,24.76,89.74,1.68,0.96
1982-07-01,29.33,24.65,89.06,14.9,0.96
1982-07-02,30.27,24.12,88.3,4.76,0.96
1982-07-03,30.6,25.11,89.71,1.79,0.95
1982-07-04,30.76,25.41,88.58,0.13,0.94
1982-07-05,30.33,24.69,88.27,0.01,0.93
1982-07-06,28.33,23.83,89.73,0.15,0.92
1982-07-07,28.76,23.78,87.81,0.11,0.92
1982-07-08,30.54,23.59,82.35,1.06,0.91
1982-07-09,30.39,23.59,86.6,2.54,0.9
1982-07-10,30.27,24.56,87.64,9.21,0.9
1982-07-11,30.08,24.01,86.23,0.17,0.9
1982-07-12,30.7,23.64,85.25,2.01,0.89
1982-07-13,31.52,23.25,82.68,0.3,0.88
1982-07-14,30.52,24.05,86.67,5.37,0.87
1982-07-15,29.26,24.57,88.37,0.22,0.87
1982-07-16,30.46,24.1,87.4,1.3,0.86
1982-07-17,30.71,24.6,86.61,0.7,0.85
1982-07-18,30.23,25.24,87.45,3.76,0.85
1982-07-19,28.07,24.34,90.52,3.1,0.84
1982-07-20,29.6,23.98,90.96,21.65,0.86
1982-07-21,28.57,23.72,88.24,25.38,0.88
1982-07-22,27.47,23.56,89.62,6.65,0.89
1982-07-23,29.92,23.32,88.87,7.41,0.89
1982-07-24,29.97,23.68,88.36,9.42,0.89
1982-07-25,29.56,24.34,89.0,3.2,0.89
1982-07-26,28.41,24.45,90.38,20.73,0.9
1982-07-27,28.76,24.32,90.19,58.69,0.93
1982-07-28,29.12,24.33,90.02,44.48,0.96
1982-07-29,28.8,24.38,91.92,2.81,0.96
1982-07-30,28.12,24.9,92.67,27.26,0.97
1982-07-31,28.77,24.09,92.12,41.48,0.98
1982-08-01,29.18,24.85,91.27,9.81,0.99
1982-08-02,29.21,24.7,92.16,3.78,0.98
1982-08-03,29.56,24.68,91.31,3.38,0.97
1982-08-04,29.31,24.41,90.22,1.13,0.97
1982-08-05,27.74,23.51,89.82,6.71,0.97
1982-08-06,27.03,23.49,92.67,28.25,0.98
1982-08-07,27.56,24.62,94.1,19.08,0.98
1982-08-08,28.75,24.44,91.52,7.45,0.98
1982-08-09,28.26,24.69,92.51,16.45,0.98
1982-08-10,28.52,24.08,93.39,15.94,0.99
1982-08-11,29.41,24.33,92.22,9.24,0.98
1982-08-12,27.88,25.41,94.68,22.07,0.99
1982-08-13,28.09,25.11,93.85,20.32,0.99
1982-08-14,29.09,24.84,92.0,9.64,0.99
1982-08-15,29.24,24.89,91.89,6.55,0.99
1982-08-16,27.87,24.95,94.32,19.01,0.99
1982-08-17,28.19,25.21,93.0,1.57,0.99
1982-08-18,27.78,24.88,94.21,3.41,0.99
1982-08-19,29.18,24.55,91.11,5.81,0.98
1982-08-20,28.92,24.56,91.95,65.79,0.99
1982-08-21,28.15,24.28,92.71,29.47,1.0
1982-08-22,28.21,24.39,91.62,0.35,0.99
1982-08-23,28.68,24.44,90.6,12.76,0.99
1982-08-24,27.62,24.27,93.47,19.89,0.99
1982-08-25,27.9,24.18,92.49,89.66,1.0
1982-08-26,29.95,23.8,91.45,0.51,0.99
1982-08-27,28.99,24.46,90.42,1.76,0.99
1982-08-28,29.29,23.94,89.77,3.05,0.98
1982-08-29,30.04,24.32,89.6,7.41,0.98
1982-08-30,30.4,24.46,89.01,2.65,0.97
1982-08-31,30.25,24.08,87.72,0.26,0.97
1982-09-01,29.57,24.54,90.17,0.0,0.96
1982-09-02,28.06,24.36,91.48,0.09,0.95
1982-09-03,28.2,23.56,90.77,0.2,0.95
1982-09-04,29.62,22.86,87.86,0.26,0.94
1982-09-05,30.13,23.45,88.53,4.59,0.94
1982-09-06,29.21,24.36,90.07,5.97,0.94
1982-09-07,28.69,24.27,91.03,1.04,0.93
1982-09-08,26.79,24.1,93.62,2.2,0.93
1982-09-09,30.15,23.68,87.39,0.61,0.92
1982-09-10,30.49,23.53,88.29,4.72,0.91
1982-09-11,30.95,22.44,85.21,0.02,0.91
1982-09-12,30.53,22.6,87.03,0.69,0.9
1982-09-13,30.65,23.47,85.41,3.98,0.89
1982-09-14,30.42,23.36,86.12,0.0,0.88
1982-09-15,30.56,23.48,85.07,0.0,0.86
1982-09-16,30.85,23.13,85.08,0.24,0.85
1982-09-17,30.33,23.8,87.21,4.45,0.85
1982-09-18,30.11,23.71,87.0,4.49,0.85
1982-09-19,30.61,23.71,84.25,0.08,0.84
1982-09-20,30.61,23.61,86.2,0.09,0.83
1982-09-21,30.33,23.73,88.97,1.42,0.82
1982-09-22,30.09,23.88,89.25,5.1,0.82
1982-09-23,30.31,23.59,84.86,0.05,0.81
1982-09-24,30.08,23.46,87.15,1.25,0.8
1982-09-25,29.93,23.55,88.44,2.2,0.79
1982-09-26,29.29,23.9,89.2,7.1,0.79
1982-09-27,28.91,23.85,90.49,1.43,0.79
1982-09-28,27.92,23.98,91.81,17.02,0.8
1982-09-29,28.78,23.86,91.5,6.15,0.81
1982-09-30,27.35,23.82,93.85,6.67,0.81
1982-10-01,29.04,23.56,91.38,1.43,0.81
1982-10-02,27.77,22.79,89.02,11.14,0.82
1982-10-03,29.12,23.18,82.43,1.54,0.82
1982-10-04,30.29,23.6,81.96,0.0,0.81
1982-10-05,31.12,22.88,82.3,0.1,0.8
1982-10-06,31.57,22.58,81.63,0.0,0.79
1982-10-07,31.15,23.03,84.92,0.0,0.78
1982-10-08,30.66,22.98,83.95,0.09,0.77
1982-10-09,31.41,23.44,78.34,0.56,0.76
1982-10-10,31.11,23.58,81.21,0.02,0.75
1982-10-11,29.09,23.67,81.44,1.31,0.75
1982-10-12,30.12,22.44,81.28,1.67,0.74
1982-10-13,30.88,22.96,80.46,0.37,0.74
1982-10-14,30.48,23.53,82.64,0.13,0.73
1982-10-15,32.57,23.56,79.11,0.0,0.72
1982-10-16,29.55,24.02,84.83,0.0,0.72
1982-10-17,31.69,22.34,78.79,0.0,0.71
1982-10-18,31.51,23.34,82.17,0.05,0.7
1982-10-19,31.78,24.17,83.86,0.14,0.69
1982-10-20,30.09,25.05,86.99,0.64,0.69
1982-10-21,31.0,24.74,82.17,0.0,0.68
1982-10-22,29.95,24.45,83.23,0.01,0.68
1982-10-23,31.26,23.49,82.58,0.12,0.67
1982-10-24,31.86,23.95,81.56,0.0,0.66
1982-10-25,29.87,24.38,84.45,0.15,0.66
1982-10-26,31.2,23.33,79.38,0.0,0.65
1982-10-27,31.68,22.9,77.1,0.0,0.65
1982-10-28,32.13,21.8,74.99,0.0,0.64
1982-10-29,32.22,24.43,74.17,0.02,0.63
1982-10-30,31.44,25.01,76.41,0.0,0.63
1982-10-31,29.53,24.09,81.33,0.0,0.62
1982-11-01,30.79,23.54,79.92,0.0,0.62
1982-11-02,32.79,22.11,71.89,0.0,0.61
1982-11-03,33.49,22.65,70.35,0.0,0.61
1982-11-04,33.29,24.0,71.31,0.0,0.6
1982-11-05,33.82,22.62,71.1,0.0,0.59
1982-11-06,32.99,20.97,67.31,0.0,0.59
1982-11-07,33.24,20.14,62.45,0.0,0.58
1982-11-08,33.59,19.82,64.62,0.0,0.58
1982-11-09,33.71,19.76,64.85,0.0,0.57
1982-11-10,33.71,22.07,65.08,0.0,0.57
1982-11-11,33.08,22.69,71.24,0.0,0.56
1982-11-12,33.36,23.29,71.93,0.0,0.56
1982-11-13,33.36,22.86,71.65,0.01,0.55
1982-11-14,33.36,21.14,74.01,0.0,0.55
1982-11-15,33.34,22.05,72.25,0.0,0.54
1982-11-16,33.09,19.51,64.02,0.0,0.54
1982-11-17,33.77,19.12,65.96,0.0,0.54
1982-11-18,34.28,19.67,63.88,0.0,0.53
1982-11-19,34.69,19.63,62.11,0.0,0.53
1982-11-20,34.73,20.88,63.19,0.0,0.52
1982-11-21,34.1,21.96,63.75,0.0,0.52
1982-11-22,34.56,21.04,60.28,0.0,0.52
1982-11-23,34.16,21.48,65.45,0.25,0.51
1982-11-24,33.15,22.96,68.42,0.0,0.51
1982-11-25,34.78,21.23,64.29,0.0,0.51
1982-11-26,34.63,21.39,62.99,0.0,0.51
1982-11-27,34.15,21.54,65.25,0.0,0.5
1982-11-28,33.95,19.51,59.35,0.0,0.5
1982-11-29,32.8,18.87,61.39,0.0,0.5
1982-11-30,32.28,17.78,58.34,0.0,0.49
1982-12-01,32.36,18.56,59.05,0.06,0.49
1982-12-02,32.99,18.07,62.34,0.0,0.49
1982-12-03,33.24,18.34,62.25,0.0,0.49
1982-12-04,32.66,17.81,61.21,0.0,0.48
1982-12-05,32.52,16.72,62.43,0.0,0.48
1982-12-06,33.15,17.36,59.69,0.0,0.48
1982-12-07,33.86,18.07,62.41,0.0,0.48
1982-12-08,33.17,20.8,61.71,0.0,0.48
1982-12-09,33.49,20.47,63.47,0.0,0.47
1982-12-10,33.73,18.93,66.18,0.0,0.47
1982-12-11,30.74,18.04,60.44,0.0,0.47
1982-12-12,33.1,18.28,55.9,0.0,0.47
1982-12-13,32.57,20.32,61.75,0.0,0.47
1982-12-14,33.2,18.84,59.43,0.0,0.47
1982-12-15,33.06,19.07,55.68,0.0,0.47
1982-12-16,34.12,20.56,55.55,0.0,0.47
1982-12-17,34.35,20.45,56.01,0.0,0.47
1982-12-18,33.72,20.87,57.61,0.0,0.46
1982-12-19,31.0,19.94,58.96,0.0,0.46
1982-12-20,31.48,17.45,54.17,0.0,0.46
1982-12-21,31.55,16.8,52.89,0.0,0.46
1982-12-22,32.04,17.26,53.31,0.0,0.46
1982-12-23,32.34,19.13,57.83,0.0,0.46
1982-12-24,33.34,18.64,56.41,0.0,0.46
1982-12-25,34.45,18.63,53.96,0.0,0.46
1982-12-26,34.22,17.65,55.04,0.0,0.46
1982-12-27,31.37,18.46,53.26,0.0,0.46
1982-12-28,31.58,16.89,52.92,0.0,0.46
1982-12-29,31.59,16.41,48.69,0.0,0.46
1982-12-30,31.51,17.95,61.25,0.0,0.46
1982-12-31,31.45,17.08,61.88,0.0,0.46
1983-01-01,31.85,15.93,55.63,0.0,0.46
1983-01-02,32.13,16.84,55.87,0.0,0.46
1983-01-03,32.09,16.47,53.02,0.0,0.46
1983-01-04,31.73,15.38,55.68,0.0,0.46
1983-01-05,32.12,15.46,45.13,0.0,0.46
1983-01-06,32.04,17.38,56.24,0.0,0.46
1983-01-07,31.52,15.43,59.06,0.0,0.46
1983-01-08,32.17,17.02,58.93,0.0,0.46
1983-01-09,32.52,16.84,57.13,0.0,0.46
1983-01-10,33.8,15.2,54.18,0.0,0.46
1983-01-11,34.56,15.57,55.48,0.0,0.46
1983-01-12,33.86,17.15,58.36,0.0,0.46
1983-01-13,33.43,17.39,56.47,0.0,0.46
1983-01-14,33.71,16.81,49.67,0.0,0.46
1983-01-15,33.71,18.29,44.06,0.0,0.46
1983-01-16,33.12,19.13,48.52,0.0,0.46
1983-01-17,32.58,17.42,46.95,0.0,0.46
1983-01-18,32.72,16.89,57.73,0.0,0.46
1983-01-19,33.46,16.51,57.92,0.0,0.46
1983-01-20,33.45,16.91,54.62,0.0,0.46
1983-01-21,34.23,16.46,50.98,0.0,0.46
1983-01-22,33.27,15.82,54.33,0.0,0.46
1983-01-23,31.38,18.76,48.99,0.0,0.46
1983-01-24,30.94,16.24,47.22,0.0,0.46
1983-01-25,28.53,18.24,47.91,0.0,0.46
1983-01-26,31.88,16.04,46.33,0.0,0.46
1983-01-27,32.87,18.48,51.0,0.0,0.46
1983-01-28,33.44,18.2,58.86,0.0,0.46
1983-01-29,32.97,17.12,61.06,0.0,0.46
1983-01-30,32.96,15.84,56.22,0.0,0.46
1983-01-31,33.4,17.27,64.49,0.0,0.46
1983-02-01,33.79,19.02,63.01,0.0,0.46
1983-02-02,34.57,18.47,60.06,0.0,0.46
1983-02-03,35.04,18.98,60.7,0.0,0.46
1983-02-04,34.16,19.16,63.3,0.0,0.46
1983-02-05,33.74,18.79,53.59,0.0,0.46
1983-02-06,33.45,17.6,45.38,0.0,0.46
1983-02-07,35.11,18.66,42.35,0.0,0.46
1983-02-08,35.63,18.92,45.83,0.0,0.46
1983-02-09,35.52,18.74,53.66,0.0,0.46
1983-02-10,36.3,18.47,58.8,0.0,0.46
1983-02-11,35.96,19.16,58.48,0.0,0.46
1983-02-12,35.33,18.6,53.03,0.0,0.46
1983-02-13,35.56,18.58,50.36,0.0,0.46
1983-02-14,36.5,18.1,51.73,0.0,0.46
1983-02-15,37.2,19.21,53.15,0.0,0.46
1983-02-16,36.26,19.3,62.7,0.0,0.46
1983-02-17,37.21,20.17,61.73,0.0,0.46
1983-02-18,37.81,20.47,58.89,0.0,0.46
1983-02-19,36.8,20.86,61.57,0.0,0.46
1983-02-20,36.58,21.1,66.8,0.0,0.46
1983-02-21,35.8,21.33,66.17,0.0,0.46
1983-02-22,36.46,20.59,61.88,0.0,0.46
1983-02-23,36.85,19.1,59.99,0.0,0.46
1983-02-24,36.63,19.4,57.71,0.0,0.46
1983-02-25,36.9,18.57,52.44,0.0,0.46
1983-02-26,36.78,18.39,54.61,0.0,0.46
1983-02-27,36.82,19.44,57.71,0.0,0.46
1983-02-28,35.84,20.3,65.05,0.0,0.46
1983-03-01,35.64,20.31,57.42,0.0,0.46
1983-03-02,36.97,18.45,52.17,0.0,0.46
1983-03-03,38.52,19.35,49.91,0.0,0.46
1983-03-04,39.15,19.31,54.65,0.0,0.46
1983-03-05,38.81,19.87,57.89,0.0,0.46
1983-03-06,38.28,19.8,55.76,0.0,0.46
1983-03-07,37.64,20.38,58.68,0.0,0.46
1983-03-08,37.14,20.41,60.33,0.0,0.46
1983-03-09,37.8,20.31,55.44,0.0,0.46
1983-03-10,38.45,19.65,55.2,0.0,0.46
1983-03-11,39.0,20.4,59.64,0.0,0.46
1983-03-12,38.27,21.25,64.26,0.0,0.46
1983-03-13,39.73,20.97,65.13,0.0,0.46
1983-03-14,39.04,21.91,64.99,0.0,0.46
1983-03-15,38.01,22.25,65.93,0.0,0.46
1983-03-16,39.02,22.32,59.16,0.0,0.46
1983-03-17,39.1,22.01,58.0,0.0,0.46
1983-03-18,38.59,21.77,58.87,0.0,0.46
1983-03-19,38.43,20.96,59.71,0.0,0.46
1983-03-20,37.21,21.66,62.46,0.0,0.46
1983-03-21,37.67,22.28,61.81,0.0,0.46
1983-03-22,37.5,23.08,61.34,0.0,0.46
1983-03-23,37.46,22.76,61.9,0.0,0.46
1983-03-24,36.56,21.57,61.18,0.0,0.46
1983-03-25,37.97,19.87,52.36,0.0,0.46
1983-03-26,38.7,19.81,48.1,0.0,0.46
1983-03-27,40.24,20.33,53.51,0.0,0.46
1983-03-28,39.15,21.93,62.5,0.0,0.46
1983-03-29,40.08,22.76,63.51,0.0,0.46
1983-03-30,40.6,22.8,62.55,0.0,0.46
1983-03-31,41.25,23.11,57.18,0.0,0.46
1983-04-01,39.97,23.36,56.9,0.0,0.46
1983-04-02,39.98,22.22,58.91,0.0,0.46
1983-04-03,38.29,22.54,63.51,0.0,0.46
1983-04-04,36.91,24.13,65.94,0.0,0.46
1983-04-05,37.42,25.28,65.72,0.0,0.46
1983-04-06,38.04,25.41,64.0,0.02,0.46
1983-04-07,37.77,25.15,61.99,1.21,0.46
1983-04-08,38.81,25.05,60.19,0.0,0.46
1983-04-09,39.09,24.88,61.16,0.0,0.46
1983-04-10,40.75,24.16,62.24,0.0,0.46
1983-04-11,40.69,24.2,59.15,0.0,0.46
1983-04-12,39.92,23.59,63.01,0.0,0.46
1983-04-13,39.94,24.19,57.9,0.0,0.46
1983-04-14,40.39,23.7,60.21,0.0,0.46
1983-04-15,41.59,24.72,58.86,0.0,0.46
1983-04-16,39.94,24.73,60.23,0.0,0.46
1983-04-17,42.18,24.83,56.37,0.0,0.46
1983-04-18,41.66,24.21,54.89,0.0,0.46
1983-04-19,42.07,25.59,55.1,0.0,0.46
1983-04-20,42.05,26.41,54.11,0.0,0.46
1983-04-21,41.36,25.79,55.2,0.0,0.46
1983-04-22,40.52,24.6,55.03,0.0,0.46
1983-04-23,39.73,24.42,59.89,0.0,0.46
1983-04-24,40.33,23.96,58.5,0.0,0.46
1983-04-25,41.1,24.01,54.71,1.37,0.46
1983-04-26,41.45,25.57,51.89,0.02,0.46
1983-04-27,41.41,26.03,50.51,0.0,0.46
1983-04-28,41.3,25.56,56.11,0.0,0.46
1983-04-29,40.24,25.17,59.25,0.0,0.46
1983-04-30,39.04,25.75,61.26,0.03,0.46
1983-05-01,39.41,26.83,59.32,0.0,0.46
1983-05-02,40.27,26.66,58.86,0.0,0.46
1983-05-03,38.63,26.61,57.93,0.0,0.46
1983-05-04,40.66,26.64,54.74,0.0,0.46
1983-05-05,38.54,27.49,58.67,0.0,0.46
1983-05-06,40.84,26.27,59.27,0.0,0.46
1983-05-07,39.99,26.11,58.04,0.0,0.46
1983-05-08,39.3,24.7,58.97,0.0,0.46
1983-05-09,38.25,27.04,58.47,0.0,0.46
1983-05-10,34.93,26.5,60.5,0.0,0.46
1983-05-11,37.08,24.9,53.88,0.0,0.46
1983-05-12,36.79,26.05,57.7,0.0,0.46
1983-05-13,38.27,25.98,56.81,0.22,0.46
1983-05-14,38.78,26.77,54.72,0.0,0.46
1983-05-15,36.49,27.28,58.83,0.0,0.46
1983-05-16,34.73,27.67,60.44,0.0,0.46
1983-05-17,40.13,27.05,50.74,0.0,0.46
1983-05-18,40.51,26.2,54.14,0.0,0.46
1983-05-19,36.59,27.56,57.68,0.0,0.46
1983-05-20,37.24,27.25,60.17,0.0,0.46
1983-05-21,36.38,27.56,60.87,0.0,0.46
1983-05-22,37.96,27.87,60.29,0.0,0.46
1983-05-23,38.84,27.27,59.42,0.0,0.46
1983-05-24,34.54,27.44,66.35,0.0,0.46
1983-05-25,36.19,27.3,62.45,0.01,0.46
1983-05-26,33.93,27.23,67.43,0.36,0.46
1983-05-27,34.11,26.12,68.05,10.05,0.47
1983-05-28,36.04,25.38,64.0,0.01,0.47
1983-05-29,36.28,26.21,61.99,0.0,0.47
1983-05-30,36.6,26.67,59.38,0.01,0.47
1983-05-31,35.58,27.19,62.31,0.02,0.47
1983-06-01,32.79,26.96,67.7,0.02,0.47
1983-06-02,31.56,26.62,73.52,0.14,0.47
1983-06-03,33.51,26.46,71.44,0.45,0.47
1983-06-04,33.83,26.85,68.78,0.05,0.47
1983-06-05,33.73,27.56,66.59,0.08,0.47
1983-06-06,32.7,26.8,71.6,0.08,0.47
1983-06-07,33.76,27.66,64.79,0.04,0.47
1983-06-08,31.7,27.01,64.9,0.85,0.47
1983-06-09,32.89,26.4,61.1,0.02,0.47
1983-06-10,35.45,25.69,65.56,0.0,0.46
1983-06-11,33.82,26.29,68.35,0.07,0.46
1983-06-12,32.53,25.74,68.88,1.43,0.47
1983-06-13,36.87,25.34,58.92,0.01,0.47
1983-06-14,33.51,26.43,62.86,0.06,0.47
1983-06-15,37.0,26.57,61.52,0.0,0.46
1983-06-16,37.91,26.6,61.26,0.02,0.46
1983-06-17,40.02,27.16,58.79,0.25,0.46
1983-06-18,38.51,26.73,60.89,0.01,0.46
1983-06-19,38.33,27.38,58.96,0.05,0.46
1983-06-20,36.38,27.49,64.94,0.0,0.46
1983-06-21,38.49,27.36,59.74,0.0,0.46
1983-06-22,36.62,27.38,60.93,0.0,0.46
1983-06-23,33.68,27.52,65.83,0.0,0.46
1983-06-24,32.04,27.12,71.82,0.09,0.46
1983-06-25,32.19,26.86,72.96,0.87,0.46
1983-06-26,33.36,26.25,69.54,0.0,0.46
1983-06-27,34.5,27.36,65.04,0.08,0.46
1983-06-28,32.26,27.18,67.7,0.52,0.46
1983-06-29,35.72,26.36,62.83,0.01,0.46
1983-06-30,37.27,27.34,56.24,0.03,0.46
1983-07-01,36.24,27.37,59.53,0.26,0.46
1983-07-02,34.62,26.91,66.25,4.02,0.47
1983-07-03,32.15,27.45,69.46,0.04,0.47
1983-07-04,32.71,26.79,68.92,0.06,0.47
1983-07-05,36.17,26.42,63.99,0.0,0.47
1983-07-06,35.73,25.92,63.81,0.0,0.47
1983-07-07,32.32,26.68,67.66,0.0,0.47
1983-07-08,32.94,26.48,68.85,0.0,0.47
1983-07-09,35.64,26.36,62.84,0.0,0.46
1983-07-10,35.14,26.85,63.17,0.12,0.46
1983-07-11,34.16,26.8,68.79,0.92,0.47
1983-07-12,35.21,26.62,65.3,0.0,0.47
1983-07-13,36.75,27.2,61.77,0.0,0.46
1983-07-14,34.92,27.22,62.8,0.03,0.46
1983-07-15,34.63,26.77,60.95,0.0,0.46
1983-07-16,36.16,27.18,62.55,0.12,0.46
1983-07-17,34.33,27.17,67.4,0.06,0.46
1983-07-18,33.51,26.53,75.34,0.56,0.46
1983-07-19,32.41,26.03,73.96,1.21,0.46
1983-07-20,33.54,26.36,72.03,1.18,0.47
1983-07-21,33.91,26.36,69.89,0.36,0.47
1983-07-22,35.25,26.01,66.26,0.02,0.47
1983-07-23,35.55,26.23,64.24,0.21,0.47
1983-07-24,35.49,26.1,60.1,0.04,0.46
1983-07-25,31.82,26.34,71.6,0.26,0.46
1983-07-26,37.13,25.1,59.31,0.04,0.46
1983-07-27,35.87,25.95,62.17,2.22,0.47
1983-07-28,34.94,25.46,60.91,0.02,0.47
1983-07-29,33.13,26.07,68.2,0.83,0.47
1983-07-30,31.68,25.68,79.0,6.86,0.48
1983-07-31,33.83,25.84,71.79,0.23,0.48
1983-08-01,33.12,26.28,74.39,2.16,0.48
1983-08-02,31.51,26.17,74.9,0.05,0.48
1983-08-03,34.52,25.33,70.05,3.94,0.48
1983-08-04,34.13,25.25,71.8,2.52,0.48
1983-08-05,31.54,25.98,74.66,0.06,0.48
1983-08-06,31.92,25.17,71.92,0.03,0.47
1983-08-07,33.33,25.5,74.41,2.12,0.47
1983-08-08,31.05,25.16,77.83,0.12,0.47
1983-08-09,32.53,25.36,70.94,0.0,0.47
1983-08-10,34.23,25.21,67.93,0.0,0.47
1983-08-11,33.94,25.9,68.91,0.1,0.47
1983-08-12,34.74,25.89,67.45,0.05,0.47
1983-08-13,32.53,26.66,69.99,0.04,0.47
1983-08-14,33.29,25.73,70.18,0.09,0.47
1983-08-15,34.24,25.61,72.65,0.97,0.47
1983-08-16,33.36,26.44,68.82,0.05,0.47
1983-08-17,34.54,25.21,67.28,1.99,0.47
1983-08-18,35.09,25.57,70.01,4.39,0.47
1983-08-19,36.74,25.52,67.09,0.2,0.47
1983-08-20,32.15,26.46,72.92,0.0,0.47
1983-08-21,34.01,26.23,67.63,0.0,0.47
1983-08-22,37.03,25.87,60.06,0.05,0.47
1983-08-23,37.06,25.32,62.65,0.84,0.47
1983-08-24,36.09,26.56,65.85,0.06,0.47
1983-08-25,33.48,26.46,74.53,1.17,0.47
1983-08-26,31.58,26.44,73.44,0.01,0.47
1983-08-27,31.84,25.94,75.64,0.03,0.47
1983-08-28,31.64,25.97,76.26,0.17,0.47
1983-08-29,33.48,25.2,74.05,1.48,0.47
1983-08-30,32.82,25.94,75.0,0.14,0.47
1983-08-31,34.78,25.51,69.28,0.55,0.47
1983-09-01,36.7,25.24,64.49,0.05,0.47
1983-09-02,33.07,25.76,67.99,0.43,0.47
1983-09-03,30.13,25.04,81.89,4.92,0.47
1983-09-04,31.56,24.71,78.2,1.21,0.47
1983-09-05,32.68,24.72,75.17,0.01,0.47
1983-09-06,35.88,25.06,67.64,0.06,0.47
1983-09-07,35.91,25.87,65.85,0.01,0.47
1983-09-08,32.16,25.76,71.58,0.22,0.47
1983-09-09,35.71,24.65,66.08,0.32,0.47
1983-09-10,37.9,24.92,60.0,0.01,0.47
1983-09-11,37.36,25.89,62.13,0.1,0.47
1983-09-12,31.85,25.81,74.53,0.48,0.47
1983-09-13,32.69,24.95,72.25,0.32,0.47
1983-09-14,31.85,24.78,75.94,0.44,0.47
1983-09-15,32.0,25.45,76.17,0.01,0.47
1983-09-16,35.5,25.14,69.69,0.02,0.47
1983-09-17,32.47,25.58,74.17,1.13,0.47
1983-09-18,31.78,25.7,76.96,0.09,0.47
1983-09-19,31.84,24.69,77.83,2.22,0.47
1983-09-20,34.22,24.02,68.79,0.0,0.47
1983-09-21,36.7,24.46,60.68,0.0,0.47
1983-09-22,34.95,25.9,61.39,0.0,0.47
1983-09-23,34.62,25.49,67.27,0.02,0.47
1983-09-24,33.44,25.47,70.36,0.0,0.47
1983-09-25,38.63,24.66,63.66,0.0,0.46
1983-09-26,38.62,25.38,64.18,0.03,0.46
1983-09-27,37.33,26.02,63.3,0.0,0.46
1983-09-28,37.53,26.37,63.2,0.17,0.46
1983-09-29,34.48,26.4,71.42,1.85,0.46
1983-09-30,32.6,26.12,74.95,0.0,0.47
1983-10-01,33.41,25.92,72.85,0.25,0.47
1983-10-02,35.77,24.98,68.19,1.71,0.47
1983-10-03,35.29,25.2,70.35,0.68,0.47
1983-10-04,34.22,26.46,68.23,0.72,0.47
1983-10-05,34.13,25.5,69.6,0.5,0.47
1983-10-06,36.86,24.75,61.95,0.44,0.47
1983-10-07,36.79,24.86,60.6,0.0,0.47
1983-10-08,35.48,25.65,63.89,0.1,0.46
1983-10-09,31.27,25.08,76.63,3.33,0.47
1983-10-10,32.09,24.85,76.95,3.55,0.47
1983-10-11,32.18,25.97,73.78,1.08,0.47
1983-10-12,31.97,25.94,74.24,0.19,0.47
1983-10-13,29.75,25.32,85.65,1.73,0.47
1983-10-14,30.77,24.83,76.52,0.82,0.47
1983-10-15,29.59,24.38,89.87,6.43,0.48
1983-10-16,30.3,24.28,83.83,1.45,0.48
1983-10-17,35.74,23.25,65.48,1.73,0.48
1983-10-18,36.77,23.17,66.93,2.57,0.48
1983-10-19,30.15,24.42,82.09,6.49,0.48
1983-10-20,30.91,22.73,78.92,1.78,0.49
1983-10-21,35.15,24.0,67.99,0.01,0.49
1983-10-22,36.93,23.89,63.34,0.01,0.48
1983-10-23,36.79,25.01,64.15,0.01,0.48
1983-10-24,32.56,25.77,71.55,0.22,0.48
1983-10-25,36.32,24.62,64.88,0.03,0.48
1983-10-26,37.25,24.97,62.58,0.27,0.47
1983-10-27,35.72,25.92,64.84,0.0,0.47
1983-10-28,35.05,25.64,60.99,0.0,0.47
1983-10-29,35.6,23.81,63.79,0.0,0.47
1983-10-30,35.09,25.48,60.43,0.0,0.47
1983-10-31,35.91,25.66,61.04,0.09,0.47
1983-11-01,32.27,24.92,69.01,0.21,0.47
1983-11-02,30.8,23.95,71.51,0.3,0.47
1983-11-03,29.92,24.39,79.58,0.53,0.47
1983-11-04,33.27,23.38,80.1,1.86,0.47
1983-11-05,31.5,24.43,72.88,0.0,0.47
1983-11-06,32.8,24.61,66.66,0.0,0.47
1983-11-07,33.03,24.1,71.0,0.0,0.47
1983-11-08,33.09,24.88,71.49,0.01,0.47
1983-11-09,34.44,24.73,70.26,0.65,0.47
1983-11-10,32.39,24.03,79.4,10.39,0.47
1983-11-11,33.55,23.52,73.68,0.13,0.48
1983-11-12,34.23,23.38,69.24,0.07,0.48
1983-11-13,30.68,23.85,74.02,0.22,0.48
1983-11-14,33.79,22.54,68.61,3.33,0.47
1983-11-15,33.05,23.32,75.99,5.15,0.49
1983-11-16,32.72,24.01,71.57,0.1,0.48
1983-11-17,31.05,22.79,79.17,25.28,0.5
1983-11-18,32.0,22.1,76.32,0.0,0.53
1983-11-19,33.0,21.17,70.85,0.0,0.52
1983-11-20,33.24,22.46,68.34,0.04,0.51
1983-11-21,33.2,23.23,66.58,0.0,0.51
1983-11-22,32.97,22.79,65.75,0.0,0.51
1983-11-23,32.62,21.51,61.88,0.0,0.5
1983-11-24,31.41,20.5,60.9,0.0,0.5
1983-11-25,31.59,18.77,57.72,0.0,0.5
1983-11-26,29.88,17.49,57.75,0.0,0.5
1983-11-27,30.37,15.64,59.75,0.0,0.49
1983-11-28,29.92,15.49,63.29,0.0,0.49
1983-11-29,30.07,15.57,60.67,0.0,0.49
1983-11-30,29.74,14.87,57.67,0.0,0.49
1983-12-01,29.97,14.17,57.18,0.0,0.48
1983-12-02,30.19,14.16,58.84,0.0,0.48
1983-12-03,30.65,15.0,61.05,0.0,0.48
1983-12-04,31.06,15.23,60.84,0.0,0.48
1983-12-05,31.25,15.86,60.24,0.0,0.48
1983-12-06,31.58,17.44,60.28,0.0,0.47
1983-12-07,31.86,16.89,62.77,0.0,0.47
1983-12-08,32.17,17.61,62.36,0.0,0.47
1983-12-09,32.28,17.29,58.98,0.0,0.47
1983-12-10,32.98,17.69,58.74,0.0,0.47
1983-12-11,33.49,18.38,57.0,0.0,0.47
1983-12-12,33.85,19.08,59.45,0.0,0.47
1983-12-13,33.75,19.04,57.45,0.0,0.47
1983-12-14,34.2,19.07,57.0,0.0,0.46
1983-12-15,34.37,18.75,53.05,0.0,0.46
1983-12-16,34.93,19.67,51.97,0.0,0.46
1983-12-17,35.01,18.88,54.97,0.0,0.46
1983-12-18,35.65,20.16,55.44,0.0,0.46
1983-12-19,35.11,20.45,57.83,0.0,0.46
1983-12-20,34.24,19.71,58.69,0.0,0.46
1983-12-21,34.34,17.58,54.95,0.0,0.46
1983-12-22,34.47,18.15,52.67,0.0,0.46
1983-12-23,33.72,17.88,52.17,0.0,0.46
1983-12-24,34.12,18.74,54.48,0.0,0.46
1983-12-25,33.79,20.6,56.34,0.0,0.46
1983-12-26,33.5,20.98,59.46,0.0,0.46
1983-12-27,32.86,20.33,67.78,0.05,0.46
1983-12-28,32.39,22.5,71.98,0.22,0.46
1983-12-29,33.24,20.96,61.52,0.0,0.46
1983-12-30,32.14,18.16,58.54,0.0,0.46
1983-12-31,31.85,15.8,57.12,0.0,0.46
1984-01-01,32.49,15.86,55.25,0.0,0.46
1984-01-02,33.13,17.21,58.3,0.0,0.46
1984-01-03,33.55,18.92,60.76,0.0,0.46
1984-01-04,34.44,18.51,52.8,0.0,0.46
1984-01-05,33.62,19.14,53.96,0.0,0.46
1984-01-06,33.22,18.53,59.34,0.0,0.46
1984-01-07,32.19,20.29,57.9,0.0,0.46
1984-01-08,31.82,19.0,52.59,0.0,0.46
1984-01-09,32.29,18.3,50.91,0.0,0.46
1984-01-10,32.97,17.59,51.34,0.0,0.46
1984-01-11,34.53,19.25,53.09,0.0,0.46
1984-01-12,34.95,18.8,54.04,0.0,0.46
1984-01-13,35.15,19.98,53.97,0.0,0.46
1984-01-14,34.85,21.12,56.43,0.0,0.46
1984-01-15,34.74,20.51,57.94,0.0,0.46
1984-01-16,35.51,20.48,54.37,0.0,0.46
1984-01-17,34.7,20.63,62.66,0.0,0.46
1984-01-18,33.26,19.8,66.82,0.0,0.46
1984-01-19,34.63,16.92,51.07,0.0,0.46
1984-01-20,33.79,17.07,51.82,0.0,0.46
1984-01-21,33.13,15.36,47.91,0.0,0.46
1984-01-22,32.2,15.91,49.75,0.0,0.46
1984-01-23,33.13,16.13,52.73,0.0,0.46
1984-01-24,34.68,14.94,53.45,0.0,0.46
1984-01-25,35.16,17.07,56.8,0.0,0.46
1984-01-26,34.78,19.1,57.97,0.0,0.46
1984-01-27,35.18,20.15,53.24,0.0,0.46
1984-01-28,35.1,20.07,49.05,0.0,0.46
1984-01-29,35.35,18.88,49.99,0.0,0.46
1984-01-30,36.02,18.79,48.62,0.0,0.46
1984-01-31,36.0,18.69,50.11,0.0,0.46
1984-02-01,36.16,18.94,46.12,0.0,0.46
1984-02-02,36.28,18.72,46.09,0.0,0.46
1984-02-03,37.09,20.88,43.89,0.0,0.46
1984-02-04,37.36,21.45,48.35,0.0,0.46
1984-02-05,37.44,20.8,48.75,0.0,0.46
1984-02-06,38.31,20.98,52.27,0.0,0.46
1984-02-07,34.85,22.43,55.57,0.01,0.46
1984-02-08,34.46,24.25,55.59,0.05,0.46
1984-02-09,33.15,22.93,63.71,0.0,0.46
1984-02-10,35.05,20.32,52.37,0.0,0.46
1984-02-11,36.29,21.39,44.98,0.0,0.46
1984-02-12,35.73,22.34,47.69,0.03,0.46
1984-02-13,36.82,25.08,52.9,0.04,0.46
1984-02-14,37.94,23.8,52.66,0.0,0.46
1984-02-15,38.7,23.49,47.4,0.01,0.46
1984-02-16,38.09,24.04,43.36,0.0,0.46
1984-02-17,37.99,22.79,48.21,0.0,0.46
1984-02-18,37.94,22.33,46.26,0.0,0.46
1984-02-19,38.88,21.98,46.07,0.0,0.46
1984-02-20,39.43,22.45,44.48,0.0,0.46
1984-02-21,39.4,22.29,47.51,0.0,0.46
1984-02-22,39.61,21.93,51.35,0.0,0.46
1984-02-23,39.5,21.74,52.95,0.0,0.46
1984-02-24,39.69,22.54,47.84,0.0,0.46
1984-02-25,39.0,22.9,47.6,0.0,0.46
1984-02-26,38.1,23.34,46.36,1.52,0.46
1984-02-27,36.96,23.08,55.35,18.04,0.47
1984-02-28,33.2,21.44,60.65,0.0,0.49
1984-02-29,36.47,20.56,56.21,0.0,0.49
1984-03-01,35.58,21.8,56.64,0.01,0.48
1984-03-02,35.74,21.93,55.92,0.0,0.48
1984-03-03,34.7,20.7,53.99,0.0,0.48
1984-03-04,36.29,19.65,50.07,0.0,0.47
1984-03-05,33.32,21.0,55.9,0.0,0.47
1984-03-06,35.26,18.4,54.44,0.0,0.47
1984-03-07,36.24,19.02,55.96,0.0,0.47
1984-03-08,35.8,19.41,56.69,0.0,0.47
1984-03-09,36.42,18.7,57.33,0.0,0.47
1984-03-10,35.85,18.24,58.25,0.0,0.46
1984-03-11,36.92,19.24,58.59,0.0,0.46
1984-03-12,37.43,20.27,55.81,0.0,0.46
1984-03-13,37.53,19.87,55.52,0.0,0.46
1984-03-14,37.45,19.86,56.77,0.0,0.46
1984-03-15,39.08,20.67,59.8,0.0,0.46
1984-03-16,39.68,22.73,56.74,0.0,0.46
1984-03-17,40.88,22.36,53.79,0.0,0.46
1984-03-18,39.66,22.02,53.08,0.0,0.46
1984-03-19,39.01,20.68,58.49,0.0,0.46
1984-03-20,39.75,20.51,60.04,0.0,0.46
1984-03-21,40.3,22.2,58.92,0.0,0.46
1984-03-22,39.95,22.53,53.14,0.0,0.46
1984-03-23,40.11,21.23,49.36,0.0,0.46
1984-03-24,39.46,21.39,49.59,0.0,0.46
1984-03-25,39.87,22.05,44.02,0.0,0.46
1984-03-26,39.78,21.67,43.18,0.0,0.46
1984-03-27,37.58,21.03,48.35,0.0,0.46
1984-03-28,41.26,20.18,53.12,0.0,0.46
1984-03-29,40.29,22.24,56.89,0.0,0.46
1984-03-30,40.55,22.59,55.97,0.0,0.46
1984-03-31,39.73,24.48,53.42,0.0,0.46
1984-04-01,41.36,24.85,47.03,0.0,0.46
1984-04-02,39.37,25.66,56.87,0.0,0.46
1984-04-03,38.58,24.22,64.06,0.0,0.46
1984-04-04,38.96,24.58,61.34,0.0,0.46
1984-04-05,40.11,23.81,60.49,0.0,0.46
1984-04-06,39.62,24.34,61.46,0.0,0.46
1984-04-07,39.77,24.67,60.97,0.0,0.46
1984-04-08,40.24,24.91,60.19,0.0,0.46
1984-04-09,41.23,24.79,56.14,0.0,0.46
1984-04-10,35.28,25.76,64.6,0.0,0.46
1984-04-11,39.2,24.79,58.71,0.0,0.46
1984-04-12,36.0,25.71,63.05,0.0,0.46
1984-04-13,41.0,24.44,55.52,0.07,0.46
1984-04-14,41.42,24.99,50.93,0.0,0.46
1984-04-15,39.91,24.6,53.13,0.0,0.46
1984-04-16,40.46,23.82,55.22,0.0,0.46
1984-04-17,39.18,24.22,59.31,0.0,0.46
1984-04-18,37.11,24.57,63.75,0.0,0.46
1984-04-19,36.88,25.17,64.85,0.0,0.46
1984-04-20,37.48,24.69,62.73,0.0,0.46
1984-04-21,38.58,25.9,59.51,0.02,0.46
1984-04-22,37.94,26.23,58.05,0.08,0.46
1984-04-23,35.06,25.97,55.97,0.04,0.46
1984-04-24,36.78,25.51,54.32,0.29,0.46
1984-04-25,38.63,25.64,56.11,0.05,0.46
1984-04-26,34.07,25.64,71.39,9.02,0.47
1984-04-27,32.15,25.33,75.31,8.07,0.48
1984-04-28,36.06,24.74,68.04,0.0,0.48
1984-04-29,36.78,25.71,63.55,0.02,0.48
1984-04-30,35.07,25.97,63.4,0.0,0.47
1984-05-01,38.71,24.94,63.2,0.0,0.47
1984-05-02,38.66,26.18,59.25,0.0,0.47
1984-05-03,38.58,24.96,59.65,0.0,0.47
1984-05-04,39.0,24.96,58.59,0.0,0.47
1984-05-05,38.44,24.99,59.51,0.0,0.47
1984-05-06,39.01,24.34,57.52,0.02,0.46
1984-05-07,39.42,24.86,57.33,0.0,0.46
1984-05-08,39.41,25.13,57.12,0.0,0.46
1984-05-09,39.63,25.0,53.19,0.0,0.46
1984-05-10,39.96,25.73,52.04,0.0,0.46
1984-05-11,38.09,26.74,56.54,0.0,0.46
1984-05-12,34.6,26.51,63.9,0.0,0.46
1984-05-13,34.63,25.72,65.11,0.01,0.46
1984-05-14,35.53,25.57,65.36,0.24,0.46
1984-05-15,35.24,26.17,65.13,0.0,0.46
1984-05-16,37.75,25.51,62.28,0.02,0.46
1984-05-17,38.34,26.24,61.05,0.0,0.46
1984-05-18,36.12,26.69,64.82,0.0,0.46
1984-05-19,37.71,26.67,62.78,0.01,0.46
1984-05-20,37.48,26.33,63.72,0.0,0.46
1984-05-21,35.7,27.22,62.34,0.52,0.46
1984-05-22,32.39,26.94,67.37,2.02,0.46
1984-05-23,38.73,25.82,54.48,0.0,0.46
1984-05-24,39.78,25.99,58.01,0.0,0.46
1984-05-25,39.96,26.83,55.8,0.01,0.46
1984-05-26,34.49,28.03,59.01,0.56,0.46
1984-05-27,38.47,27.48,56.44,1.48,0.46
1984-05-28,37.62,26.26,58.64,1.11,0.46
1984-05-29,34.86,27.27,63.61,0.11,0.47
1984-05-30,33.2,27.44,71.39,0.14,0.46
1984-05-31,31.42,27.36,75.5,1.28,0.46
1984-06-01,30.61,26.36,81.61,7.98,0.48
1984-06-02,34.48,25.75,72.64,2.84,0.48
1984-06-03,31.05,25.62,82.35,14.05,0.5
1984-06-04,32.38,25.89,80.16,1.53,0.5
1984-06-05,32.85,26.06,75.99,0.13,0.5
1984-06-06,31.39,25.84,81.97,0.48,0.5
1984-06-07,35.8,24.85,67.14,0.37,0.5
1984-06-08,33.66,25.6,73.29,2.16,0.5
1984-06-09,32.99,25.95,74.58,1.5,0.5
1984-06-10,36.55,25.38,67.53,0.0,0.49
1984-06-11,32.79,26.81,73.63,0.69,0.49
1984-06-12,30.33,26.55,86.3,11.65,0.5
1984-06-13,31.86,26.03,81.39,3.63,0.51
1984-06-14,31.24,25.88,82.55,5.57,0.52
1984-06-15,32.85,25.63,77.96,0.82,0.52
1984-06-16,30.2,25.29,84.44,10.09,0.53
1984-06-17,29.97,24.9,84.1,9.88,0.54
1984-06-18,31.91,25.4,79.38,9.38,0.55
1984-06-19,30.83,25.29,82.71,28.52,0.58
1984-06-20,30.9,25.53,81.84,16.88,0.62
1984-06-21,30.43,25.1,82.3,12.85,0.62
1984-06-22,30.13,24.86,86.32,30.7,0.66
1984-06-23,30.62,24.78,84.37,18.71,0.69
1984-06-24,31.66,24.59,82.48,0.13,0.69
1984-06-25,31.62,25.17,79.91,2.68,0.68
1984-06-26,31.41,24.99,85.46,18.14,0.69
1984-06-27,29.28,24.67,84.72,0.12,0.7
1984-06-28,30.66,24.46,80.94,0.62,0.69
1984-06-29,29.9,24.43,85.59,1.71,0.69
1984-06-30,30.6,24.39,83.16,0.37,0.68
1984-07-01,31.69,24.1,82.44,9.54,0.69
1984-07-02,31.36,23.98,83.95,26.55,0.7
1984-07-03,30.12,24.69,86.7,1.52,0.71
1984-07-04,29.44,24.67,87.05,5.55,0.71
1984-07-05,30.03,24.22,85.78,0.66,0.71
1984-07-06,32.04,23.52,79.1,0.0,0.71
1984-07-07,31.88,24.15,80.79,0.06,0.7
1984-07-08,31.09,24.54,82.36,0.12,0.69
1984-07-09,30.23,24.22,83.36,1.25,0.68
1984-07-10,30.07,24.48,86.88,15.02,0.7
1984-07-11,29.23,24.68,89.28,7.98,0.71
1984-07-12,28.97,24.5,89.4,3.45,0.71
1984-07-13,28.42,24.42,91.32,3.12,0.71
1984-07-14,27.5,24.37,92.34,46.64,0.75
1984-07-15,27.58,24.46,92.28,5.27,0.78
1984-07-16,28.57,24.69,89.35,6.06,0.78
1984-07-17,28.86,24.32,90.3,2.75,0.78
1984-07-18,30.52,23.97,84.06,0.0,0.78
1984-07-19,32.0,23.33,82.44,0.0,0.77
1984-07-20,30.62,24.22,87.0,0.23,0.76
1984-07-21,30.68,24.53,85.21,0.07,0.75
1984-07-22,30.24,23.71,84.99,0.72,0.74
1984-07-23,29.93,24.25,85.92,0.33,0.74
1984-07-24,31.27,23.58,82.19,0.05,0.73
1984-07-25,31.41,23.53,82.06,0.03,0.72
1984-07-26,30.92,24.42,83.16,0.06,0.71
1984-07-27,29.74,24.7,86.27,1.97,0.71
1984-07-28,28.58,24.85,90.43,18.36,0.72
1984-07-29,29.07,23.89,87.35,4.62,0.73
1984-07-30,29.88,24.4,86.88,6.42,0.74
1984-07-31,29.24,23.89,88.01,0.22,0.73
1984-08-01,28.89,23.93,87.23,8.13,0.73
1984-08-02,29.66,23.71,88.83,29.19,0.75
1984-08-03,29.09,24.36,88.65,6.62,0.77
1984-08-04,30.51,24.45,84.68,0.73,0.77
1984-08-05,28.23,24.28,88.39,1.31,0.76
1984-08-06,30.95,23.84,85.17,7.91,0.76
1984-08-07,30.61,24.69,86.14,9.22,0.76
1984-08-08,28.67,24.53,90.16,3.74,0.76
1984-08-09,29.73,24.47,88.65,13.81,0.77
1984-08-10,28.84,24.35,90.15,10.59,0.79
1984-08-11,28.46,24.02,90.58,4.54,0.79
1984-08-12,29.03,23.75,90.42,0.82,0.79
1984-08-13,30.43,24.29,87.69,0.92,0.78
1984-08-14,29.49,24.22,88.0,3.09,0.77
1984-08-15,29.75,24.9,88.56,6.24,0.77
1984-08-16,28.97,23.98,90.59,3.57,0.78
1984-08-17,30.14,23.79,88.06,7.21,0.78
1984-08-18,31.29,24.65,84.85,2.96,0.78
1984-08-19,29.34,24.81,88.59,1.21,0.77
1984-08-20,29.57,24.57,85.55,0.49,0.76
1984-08-21,30.15,24.36,88.3,7.65,0.76
1984-08-22,29.06,24.42,88.24,0.46,0.76
1984-08-23,30.47,24.59,85.64,8.41,0.76
1984-08-24,29.97,24.68,88.89,7.86,0.77
1984-08-25,29.13,24.67,88.61,2.76,0.77
1984-08-26,30.0,24.36,86.36,2.2,0.76
1984-08-27,30.99,24.03,85.62,10.79,0.77
1984-08-28,29.54,24.58,87.23,2.45,0.77
1984-08-29,30.41,24.75,85.71,3.52,0.76
1984-08-30,29.85,25.17,86.76,2.74,0.76
1984-08-31,27.89,25.04,90.97,0.22,0.75
1984-09-01,29.45,24.65,91.35,2.16,0.75
1984-09-02,28.69,25.15,89.73,6.22,0.75
1984-09-03,29.56,24.04,88.25,5.81,0.76
1984-09-04,28.89,23.52,86.72,1.6,0.75
1984-09-05,29.5,23.97,86.73,8.0,0.76
1984-09-06,30.5,23.64,84.99,0.0,0.75
1984-09-07,30.19,24.04,86.22,0.39,0.74
1984-09-08,28.5,23.92,89.26,5.33,0.74
1984-09-09,29.41,23.6,86.46,6.64,0.75
1984-09-10,28.94,23.53,88.85,6.67,0.75
1984-09-11,29.85,23.22,83.57,0.0,0.75
1984-09-12,31.72,23.02,83.99,0.0,0.74
1984-09-13,30.45,23.54,86.15,0.0,0.73
1984-09-14,31.12,23.2,81.9,0.0,0.72
1984-09-15,30.4,23.19,82.87,0.0,0.72
1984-09-16,30.99,23.48,81.74,0.0,0.71
1984-09-17,30.3,23.14,84.03,0.0,0.7
1984-09-18,31.53,23.09,82.81,0.14,0.7
1984-09-19,31.04,23.25,82.66,1.7,0.69
1984-09-20,31.84,23.23,78.53,0.0,0.68
1984-09-21,31.69,23.32,81.0,0.07,0.67
1984-09-22,32.17,23.6,80.1,0.02,0.67
1984-09-23,32.06,23.92,79.17,1.44,0.66
1984-09-24,29.53,24.48,84.24,0.0,0.66
1984-09-25,30.39,24.25,84.1,0.0,0.65
1984-09-26,29.72,24.87,86.64,0.0,0.65
1984-09-27,31.2,24.5,83.12,0.02,0.65
1984-09-28,33.56,24.44,77.36,0.8,0.64
1984-09-29,29.92,25.02,87.22,8.06,0.64
1984-09-30,29.68,24.55,84.05,0.29,0.65
1984-10-01,30.03,24.37,86.2,3.86,0.64
1984-10-02,30.5,23.6,85.44,0.06,0.64
1984-10-03,28.9,23.86,86.71,0.54,0.64
1984-10-04,31.04,23.85,82.46,0.05,0.63
1984-10-05,30.66,24.07,82.39,0.03,0.63
1984-10-06,30.49,24.62,79.92,0.07,0.63
1984-10-07,33.49,23.91,73.36,0.01,0.62
1984-10-08,30.3,24.02,82.86,0.8,0.61
1984-10-09,30.31,23.31,84.5,8.07,0.62
1984-10-10,31.95,23.77,81.66,0.65,0.62
1984-10-11,31.88,23.81,82.55,0.29,0.61
1984-10-12,29.97,24.47,86.26,2.63,0.61
1984-10-13,30.86,23.6,82.48,1.03,0.61
1984-10-14,30.38,22.68,81.06,0.09,0.6
1984-10-15,31.52,23.05,80.9,1.48,0.6
1984-10-16,29.51,24.16,85.92,0.0,0.6
1984-10-17,30.17,24.23,83.66,0.0,0.59
1984-10-18,32.34,23.94,78.5,0.0,0.59
1984-10-19,31.75,23.99,74.54,0.37,0.58
1984-10-20,30.58,24.14,79.06,0.01,0.58
1984-10-21,32.86,23.6,75.77,0.31,0.58
1984-10-22,33.27,23.84,72.63,0.09,0.57
1984-10-23,34.15,23.11,71.37,0.05,0.57
1984-10-24,34.97,23.12,71.1,0.0,0.56
1984-10-25,34.66,23.31,69.14,0.0,0.55
1984-10-26,34.52,23.61,68.11,0.0,0.55
1984-10-27,33.62,23.59,67.85,0.0,0.54
1984-10-28,33.08,24.49,67.68,0.0,0.54
1984-10-29,31.08,23.46,69.52,0.14,0.54
1984-10-30,32.77,22.76,69.08,0.78,0.53
1984-10-31,33.23,22.31,67.81,0.0,0.53
1984-11-01,34.02,23.54,65.7,0.0,0.53
1984-11-02,34.82,22.75,65.14,0.0,0.52
1984-11-03,34.31,23.57,67.46,0.0,0.52
1984-11-04,33.99,23.18,66.73,0.0,0.52
1984-11-05,34.01,23.29,67.98,0.0,0.51
1984-11-06,34.16,23.63,67.97,0.0,0.51
1984-11-07,35.42,23.99,68.41,0.0,0.51
1984-11-08,35.39,24.19,67.23,0.0,0.5
1984-11-09,35.68,23.5,68.07,0.06,0.5
1984-11-10,36.31,22.11,62.06,0.0,0.5
1984-11-11,36.04,20.82,61.06,0.0,0.49
1984-11-12,36.5,21.64,58.83,0.0,0.49
1984-11-13,36.47,21.61,58.57,0.0,0.49
1984-11-14,36.04,22.84,59.55,0.0,0.48
1984-11-15,36.35,23.29,59.41,0.0,0.48
1984-11-16,36.39,23.15,60.83,0.0,0.48
1984-11-17,35.83,23.4,58.92,0.0,0.48
1984-11-18,36.4,22.45,56.2,0.0,0.48
1984-11-19,36.4,22.56,58.25,0.0,0.47
1984-11-20,36.75,22.82,59.11,0.0,0.47
1984-11-21,36.02,22.23,58.04,0.0,0.47
1984-11-22,35.76,22.44,55.55,0.0,0.47
1984-11-23,35.35,22.69,55.59,0.0,0.47
1984-11-24,35.15,21.55,56.49,0.0,0.47
1984-11-25,35.34,20.72,55.69,0.0,0.47
1984-11-26,34.31,20.15,56.2,0.0,0.47
1984-11-27,34.38,19.92,52.69,0.0,0.47
1984-11-28,34.44,20.75,51.62,0.0,0.46
1984-11-29,32.38,20.64,62.77,0.0,0.46
1984-11-30,34.22,20.99,60.05,0.0,0.46
1984-12-01,33.78,21.39,59.72,0.0,0.46
1984-12-02,35.62,21.68,55.94,0.0,0.46
1984-12-03,35.37,22.55,57.19,0.0,0.46
1984-12-04,35.19,22.48,54.75,0.0,0.46
1984-12-05,34.81,21.39,52.73,0.0,0.46
1984-12-06,35.15,21.19,53.62,0.0,0.46
1984-12-07,34.58,21.2,57.72,0.0,0.46
1984-12-08,33.91,19.62,60.97,0.0,0.46
1984-12-09,32.58,18.1,55.52,0.0,0.46
1984-12-10,32.41,17.23,57.44,0.0,0.46
1984-12-11,32.77,17.55,57.82,0.0,0.46
1984-12-12,33.47,18.71,55.49,0.0,0.46
1984-12-13,33.41,18.7,57.39,0.0,0.46
1984-12-14,33.57,19.08,58.69,0.0,0.46
1984-12-15,33.67,18.53,59.6,0.0,0.46
1984-12-16,34.01,18.22,62.44,0.0,0.46
1984-12-17,33.94,17.47,58.57,0.0,0.46
1984-12-18,33.31,16.89,54.91,0.0,0.46
1984-12-19,33.84,16.19,52.52,0.0,0.46
1984-12-20,34.66,16.09,51.71,0.0,0.46
1984-12-21,35.14,18.14,50.51,0.0,0.46
1984-12-22,32.96,21.06,42.55,0.0,0.46
1984-12-23,29.08,23.13,59.68,0.02,0.46
1984-12-24,30.22,20.17,61.05,0.0,0.46
1984-12-25,32.46,21.2,57.87,0.01,0.46
1984-12-26,35.27,20.17,54.69,0.0,0.46
1984-12-27,35.45,22.69,49.07,0.0,0.46
1984-12-28,34.95,22.61,49.02,0.0,0.46
1984-12-29,34.48,23.32,55.74,0.0,0.46
1984-12-30,34.55,23.32,53.86,0.0,0.46
1984-12-31,34.2,22.97,55.42,0.0,0.46
1985-01-01,34.83,21.4,54.37,0.19,0.46
1985-01-02,34.96,21.37,55.11,0.02,0.46
1985-01-03,35.07,20.51,58.76,0.03,0.46
1985-01-04,34.71,21.09,58.58,0.0,0.46
1985-01-05,34.44,18.52,57.09,0.0,0.46
1985-01-06,33.99,18.19,59.17,0.0,0.46
1985-01-07,33.65,18.61,57.97,0.0,0.46
1985-01-08,34.92,19.22,57.63,0.0,0.46
1985-01-09,33.24,20.02,62.69,0.0,0.46
1985-01-10,34.7,19.22,60.94,0.0,0.46
1985-01-11,35.0,18.66,58.75,0.0,0.46
1985-01-12,35.83,19.96,51.71,0.01,0.46
1985-01-13,32.69,19.64,49.03,0.0,0.46
1985-01-14,35.35,19.27,46.78,0.0,0.46
1985-01-15,35.24,20.71,32.64,0.0,0.46
1985-01-16,34.53,18.78,41.65,0.0,0.46
1985-01-17,34.22,18.01,42.42,0.0,0.46
1985-01-18,34.03,14.97,32.31,0.0,0.46
1985-01-19,33.92,17.68,47.06,0.0,0.46
1985-01-20,33.85,18.3,49.95,0.0,0.46
1985-01-21,34.71,17.49,56.01,0.0,0.46
1985-01-22,35.96,19.67,50.52,0.0,0.46
1985-01-23,36.03,20.15,47.32,0.0,0.46
1985-01-24,35.5,19.96,48.08,0.0,0.46
1985-01-25,34.64,19.22,47.79,0.0,0.46
1985-01-26,35.74,18.13,46.96,0.0,0.46
1985-01-27,35.61,19.63,54.6,0.0,0.46
1985-01-28,34.59,21.45,53.63,0.0,0.46
1985-01-29,34.84,21.5,54.91,0.0,0.46
1985-01-30,36.86,21.67,50.56,0.0,0.46
1985-01-31,35.97,23.67,49.26,0.0,0.46
1985-02-01,36.0,22.15,50.52,0.0,0.46
1985-02-02,34.23,22.28,51.2,0.0,0.46
1985-02-03,34.89,19.37,53.12,0.0,0.46
1985-02-04,34.22,18.86,54.38,0.0,0.46
1985-02-05,33.79,18.05,55.83,0.0,0.46
1985-02-06,35.29,18.02,55.36,0.0,0.46
1985-02-07,35.36,18.75,60.7,0.0,0.46
1985-02-08,34.02,19.17,60.93,0.0,0.46
1985-02-09,33.11,16.67,48.61,0.0,0.46
1985-02-10,32.81,15.91,47.9,0.0,0.46
1985-02-11,34.55,16.12,43.9,0.0,0.46
1985-02-12,35.58,17.35,46.17,0.0,0.46
1985-02-13,36.99,18.49,41.66,0.0,0.46
1985-02-14,38.42,21.96,37.65,0.0,0.46
1985-02-15,38.37,22.21,44.5,0.0,0.46
1985-02-16,37.12,21.88,52.05,0.0,0.46
1985-02-17,35.23,20.75,54.24,0.0,0.46
1985-02-18,34.32,17.61,49.71,0.0,0.46
1985-02-19,34.29,16.9,49.68,0.0,0.46
1985-02-20,34.85,16.37,48.1,0.0,0.46
1985-02-21,36.3,16.64,49.09,0.0,0.46
1985-02-22,36.69,16.79,54.11,0.0,0.46
1985-02-23,36.25,17.61,55.55,0.0,0.46
1985-02-24,34.37,17.58,52.59,0.0,0.46
1985-02-25,36.22,19.09,47.8,0.0,0.46
1985-02-26,35.38,17.03,51.84,0.0,0.46
1985-02-27,36.68,16.7,52.85,0.0,0.46
1985-02-28,36.16,16.69,56.71,0.0,0.46
1985-03-01,35.31,16.94,58.57,0.0,0.46
1985-03-02,34.82,17.47,63.65,0.0,0.46
1985-03-03,35.55,18.04,62.85,0.0,0.46
1985-03-04,36.04,19.07,62.7,0.0,0.46
1985-03-05,37.71,18.66,59.16,0.0,0.46
1985-03-06,36.97,19.82,61.98,0.0,0.46
1985-03-07,38.09,19.72,58.18,0.0,0.46
1985-03-08,39.09,19.43,53.72,0.0,0.46
1985-03-09,39.89,19.69,53.53,0.0,0.46
1985-03-10,40.14,19.56,54.82,0.0,0.46
1985-03-11,40.14,19.65,52.9,0.0,0.46
1985-03-12,40.0,19.91,53.13,0.0,0.46
1985-03-13,39.04,19.65,51.54,0.0,0.46
1985-03-14,39.59,19.42,56.42,0.0,0.46
1985-03-15,39.74,22.53,53.94,0.0,0.46
1985-03-16,39.7,21.67,51.9,0.0,0.46
1985-03-17,39.68,21.3,53.66,0.0,0.46
1985-03-18,37.42,21.53,63.67,0.0,0.46
1985-03-19,33.83,22.46,69.75,0.0,0.46
1985-03-20,38.66,21.26,61.66,0.0,0.46
1985-03-21,39.6,21.35,56.82,0.0,0.46
1985-03-22,39.57,21.63,58.11,0.0,0.46
1985-03-23,38.25,21.63,59.04,0.0,0.46
1985-03-24,37.83,21.5,62.12,0.0,0.46
1985-03-25,34.4,23.27,65.31,0.0,0.46
1985-03-26,37.69,22.41,60.33,0.0,0.46
1985-03-27,37.84,22.52,63.84,0.0,0.46
1985-03-28,38.99,22.09,62.08,0.0,0.46
1985-03-29,38.97,22.19,62.34,0.0,0.46
1985-03-30,40.21,23.27,60.25,0.0,0.46
1985-03-31,40.52,22.94,55.81,0.0,0.46
1985-04-01,39.65,24.19,53.61,0.0,0.46
1985-04-02,40.54,23.37,59.59,0.0,0.46
1985-04-03,39.03,23.2,59.66,0.0,0.46
1985-04-04,40.69,24.22,55.8,0.0,0.46
1985-04-05,40.21,24.43,59.32,0.0,0.46
1985-04-06,39.24,24.14,61.93,0.0,0.46
1985-04-07,37.3,24.34,61.22,0.0,0.46
1985-04-08,38.01,25.1,62.1,0.0,0.46
1985-04-09,40.93,23.48,61.04,0.0,0.46
1985-04-10,39.13,25.67,58.95,0.01,0.46
1985-04-11,37.68,25.05,62.71,0.0,0.46
1985-04-12,37.92,26.2,62.05,0.0,0.46
1985-04-13,38.68,25.72,60.59,0.0,0.46
1985-04-14,39.47,24.36,56.75,0.0,0.46
1985-04-15,40.86,23.82,55.02,0.0,0.46
1985-04-16,40.72,24.96,54.24,0.0,0.46
1985-04-17,39.79,25.01,57.04,0.02,0.46
1985-04-18,38.77,23.95,60.51,0.04,0.46
1985-04-19,38.08,25.13,59.95,0.0,0.46
1985-04-20,39.28,23.53,59.46,0.0,0.46
1985-04-21,39.71,24.88,57.06,0.0,0.46
1985-04-22,38.99,24.81,57.87,0.0,0.46
1985-04-23,38.86,24.11,56.97,0.0,0.46
1985-04-24,39.74,25.03,55.58,0.0,0.46
1985-04-25,39.24,25.45,58.9,0.01,0.46
1985-04-26,36.2,26.64,61.16,0.05,0.46
1985-04-27,37.84,26.09,60.68,0.02,0.46
1985-04-28,38.75,26.24,53.66,0.05,0.46
1985-04-29,37.89,26.26,56.41,0.03,0.46
1985-04-30,38.4,24.82,60.01,0.06,0.46
1985-05-01,37.93,24.46,59.85,0.8,0.46
1985-05-02,36.97,25.95,60.45,0.64,0.46
1985-05-03,38.58,26.22,58.14,0.0,0.46
1985-05-04,39.12,27.03,58.4,0.0,0.46
1985-05-05,36.12,27.27,62.3,0.0,0.46
1985-05-06,40.21,26.28,57.44,0.0,0.46
1985-05-07,40.68,26.52,56.68,0.0,0.46
1985-05-08,37.19,26.77,54.59,0.0,0.46
1985-05-09,38.84,26.51,54.07,1.32,0.46
1985-05-10,38.17,25.9,55.43,0.0,0.46
1985-05-11,39.31,25.65,59.44,0.0,0.46
1985-05-12,38.69,25.35,61.44,0.0,0.46
1985-05-13,38.96,25.92,59.8,0.0,0.46
1985-05-14,38.96,26.64,59.16,0.01,0.46
1985-05-15,38.12,26.97,59.91,0.0,0.46
1985-05-16,37.56,26.71,59.88,0.01,0.46
1985-05-17,32.98,27.5,65.58,1.81,0.46
1985-05-18,33.1,25.68,71.73,10.2,0.47
1985-05-19,34.12,24.89,69.12,0.06,0.48
1985-05-20,35.02,25.29,67.75,3.56,0.48
1985-05-21,35.48,25.16,66.31,2.32,0.48
1985-05-22,34.85,25.75,72.74,3.64,0.48
1985-05-23,31.6,27.15,77.48,2.01,0.48
1985-05-24,30.44,26.13,79.52,4.6,0.49
1985-05-25,34.0,25.98,71.2,0.0,0.48
1985-05-26,35.09,25.78,68.58,0.18,0.48
1985-05-27,33.63,25.67,74.1,6.85,0.49
1985-05-28,29.61,26.19,82.89,0.1,0.49
1985-05-29,33.38,25.3,75.17,0.64,0.49
1985-05-30,31.38,26.31,83.62,2.47,0.49
1985-05-31,31.46,26.28,79.61,1.58,0.49
1985-06-01,32.01,26.22,80.3,2.75,0.49
1985-06-02,32.1,25.9,79.38,1.86,0.49
1985-06-03,31.32,26.33,81.74,1.89,0.49
1985-06-04,32.54,25.99,75.4,0.14,0.49
1985-06-05,31.4,25.54,77.05,0.65,0.49
1985-06-06,32.13,25.54,73.62,0.25,0.49
1985-06-07,32.32,25.97,76.3,7.74,0.49
1985-06-08,30.16,26.04,85.15,16.51,0.52
1985-06-09,30.09,25.09,81.84,4.51,0.53
1985-06-10,32.29,24.45,78.37,0.44,0.53
1985-06-11,31.94,25.65,74.79,3.04,0.53
1985-06-12,33.3,25.04,71.93,0.12,0.52
1985-06-13,32.66,25.54,74.88,1.82,0.52
1985-06-14,31.41,25.29,77.64,6.27,0.52
1985-06-15,32.4,24.64,79.13,13.58,0.54
1985-06-16,31.51,25.63,81.35,3.86,0.55
1985-06-17,30.86,24.96,80.43,5.74,0.55
1985-06-18,32.11,24.87,74.97,0.91,0.55
1985-06-19,32.65,24.34,72.89,0.03,0.55
1985-06-20,33.43,24.28,72.65,0.08,0.55
1985-06-21,32.3,24.74,75.07,0.13,0.54
1985-06-22,33.47,25.91,74.43,1.3,0.54
1985-06-23,30.07,25.47,82.91,7.02,0.55
1985-06-24,31.53,25.67,82.85,5.29,0.55
1985-06-25,30.69,25.52,81.27,0.1,0.55
1985-06-26,29.75,25.47,82.13,0.36,0.55
1985-06-27,30.79,25.13,80.12,0.13,0.55
1985-06-28,31.0,25.63,81.61,2.28,0.55
1985-06-29,29.34,25.38,84.68,9.84,0.56
1985-06-30,30.66,25.39,81.35,0.83,0.56
1985-07-01,30.5,24.72,80.36,7.78,0.57
1985-07-02,29.57,24.22,85.95,31.58,0.6
1985-07-03,29.98,24.3,83.2,2.3,0.62
1985-07-04,30.54,24.61,79.81,2.92,0.62
1985-07-05,30.89,24.33,80.01,3.52,0.61
1985-07-06,29.5,24.56,83.29,1.04,0.61
1985-07-07,29.21,24.93,83.19,2.08,0.61
1985-07-08,30.93,24.85,81.28,6.97,0.62
1985-07-09,29.35,24.68,83.83,1.5,0.62
1985-07-10,31.21,24.08,76.61,1.4,0.61
1985-07-11,31.69,23.19,79.53,8.46,0.61
1985-07-12,29.71,23.65,82.24,2.13,0.62
1985-07-13,29.39,23.54,79.07,0.45,0.62
1985-07-14,29.87,22.92,82.43,8.56,0.62
1985-07-15,30.65,23.64,79.65,1.4,0.62
1985-07-16,32.75,23.27,74.53,0.29,0.62
1985-07-17,33.69,23.31,74.15,6.88,0.62
1985-07-18,31.06,24.5,81.03,15.55,0.63
1985-07-19,29.14,24.25,82.79,1.45,0.64
1985-07-20,32.11,23.09,77.84,2.28,0.63
1985-07-21,31.11,23.63,78.78,1.27,0.63
1985-07-22,33.1,23.14,78.13,1.57,0.62
1985-07-23,33.55,23.84,75.03,0.01,0.62
1985-07-24,30.99,24.33,77.28,0.01,0.61
1985-07-25,33.76,23.53,71.19,0.13,0.6
1985-07-26,33.31,24.06,73.27,0.09,0.6
1985-07-27,32.45,24.56,77.4,0.12,0.59
1985-07-28,31.0,25.16,81.7,4.26,0.59
1985-07-29,28.74,24.92,86.94,2.88,0.6
1985-07-30,29.74,24.79,80.68,1.78,0.6
1985-07-31,31.87,24.68,78.38,2.03,0.59
1985-08-01,29.8,24.76,82.51,1.22,0.59
1985-08-02,31.94,24.55,79.01,1.58,0.59
1985-08-03,30.36,24.83,80.29,0.09,0.59
1985-08-04,30.34,24.67,79.54,0.04,0.58
1985-08-05,29.65,24.47,80.95,0.3,0.58
1985-08-06,30.62,24.72,80.42,1.48,0.58
1985-08-07,30.24,25.16,82.58,4.34,0.58
1985-08-08,33.48,25.29,73.19,0.27,0.58
1985-08-09,31.77,25.24,76.87,0.22,0.57
1985-08-10,28.63,24.28,84.27,14.03,0.59
1985-08-11,29.63,23.91,84.32,0.0,0.59
1985-08-12,32.2,24.92,77.28,0.5,0.59
1985-08-13,29.4,25.08,88.27,8.24,0.6
1985-08-14,28.95,24.98,87.41,4.88,0.6
1985-08-15,30.21,24.69,82.7,0.34,0.6
1985-08-16,31.01,25.28,82.52,3.31,0.6
1985-08-17,31.57,25.3,83.09,6.73,0.6
1985-08-18,29.88,25.35,85.24,2.01,0.61
1985-08-19,30.72,24.62,85.13,36.85,0.65
1985-08-20,30.31,24.48,85.6,23.79,0.68
1985-08-21,29.05,23.95,84.8,0.07,0.68
1985-08-22,31.37,23.74,81.39,3.06,0.68
1985-08-23,31.39,24.36,83.25,0.12,0.67
1985-08-24,29.39,24.31,88.18,8.83,0.67
1985-08-25,29.31,24.78,86.8,0.27,0.68
1985-08-26,29.53,24.37,88.94,0.04,0.67
1985-08-27,29.65,24.85,88.91,1.03,0.67
1985-08-28,28.62,24.73,91.38,11.06,0.67
1985-08-29,28.59,24.39,93.31,29.71,0.72
1985-08-30,31.27,24.13,87.38,0.38,0.72
1985-08-31,29.6,23.98,85.59,0.74,0.71
1985-09-01,30.15,24.03,85.72,0.0,0.71
1985-09-02,30.89,23.88,83.53,0.0,0.7
1985-09-03,30.91,24.04,81.72,0.0,0.69
1985-09-04,29.67,23.48,85.15,0.04,0.68
1985-09-05,30.44,24.18,85.72,14.7,0.69
1985-09-06,31.18,24.32,85.71,2.98,0.7
1985-09-07,30.95,23.9,83.71,0.08,0.69
1985-09-08,30.54,23.97,87.53,0.25,0.68
1985-09-09,29.29,24.61,89.96,3.09,0.68
1985-09-10,29.57,24.24,88.87,9.19,0.69
1985-09-11,30.72,23.7,86.47,11.34,0.7
1985-09-12,30.16,23.8,85.31,0.03,0.7
1985-09-13,30.03,23.38,85.39,0.08,0.69
1985-09-14,29.45,23.61,86.13,0.05,0.68
1985-09-15,31.51,22.93,78.18,0.18,0.67
1985-09-16,29.92,23.68,85.09,1.24,0.67
1985-09-17,29.89,24.1,87.43,5.27,0.67
1985-09-18,28.42,24.41,90.7,7.04,0.68
1985-09-19,29.69,23.98,87.53,1.21,0.68
1985-09-20,31.62,23.31,82.88,0.0,0.67
1985-09-21,32.66,23.53,78.35,0.0,0.66
1985-09-22,31.71,24.2,79.92,0.0,0.65
1985-09-23,30.89,24.23,81.65,0.02,0.65
1985-09-24,31.16,24.36,79.39,0.08,0.64
1985-09-25,31.99,23.61,75.98,0.0,0.64
1985-09-26,32.82,24.05,74.41,0.0,0.63
1985-09-27,34.15,23.83,72.21,0.01,0.62
1985-09-28,33.18,24.12,75.8,0.08,0.61
1985-09-29,32.12,24.65,75.89,0.02,0.61
1985-09-30,32.88,24.18,74.73,0.0,0.6
1985-10-01,32.45,23.44,79.2,0.48,0.6
1985-10-02,34.43,23.87,74.72,0.04,0.59
1985-10-03,32.88,24.71,77.12,0.42,0.58
1985-10-04,28.2,22.96,81.22,0.0,0.58
1985-10-05,33.44,22.44,70.29,0.0,0.58
1985-10-06,33.6,23.39,70.01,0.0,0.57
1985-10-07,33.33,23.43,73.2,0.0,0.57
1985-10-08,33.73,23.5,73.31,0.0,0.56
1985-10-09,30.35,24.27,80.76,0.01,0.56
1985-10-10,32.54,23.92,79.14,0.0,0.55
1985-10-11,34.26,24.18,74.25,0.0,0.55
1985-10-12,33.31,24.86,75.35,0.0,0.55
1985-10-13,32.31,25.66,76.73,0.03,0.54
1985-10-14,30.26,25.28,82.41,0.11,0.54
1985-10-15,31.1,24.67,78.7,0.63,0.54
1985-10-16,32.42,24.03,81.64,5.01,0.54
1985-10-17,32.93,24.26,80.59,1.35,0.54
1985-10-18,30.9,24.41,81.53,1.27,0.54
1985-10-19,31.58,23.57,81.36,11.87,0.55
1985-10-20,34.45,22.93,72.6,0.09,0.55
1985-10-21,34.36,23.0,73.15,0.13,0.55
1985-10-22,30.13,23.67,75.4,1.25,0.54
1985-10-23,31.41,23.38,76.91,0.0,0.54
1985-10-24,28.99,22.42,81.45,0.02,0.54
1985-10-25,32.29,22.72,77.55,0.0,0.54
1985-10-26,34.68,23.45,69.34,0.0,0.53
1985-10-27,34.95,23.62,68.58,0.0,0.53
1985-10-28,34.96,23.77,68.06,0.0,0.52
1985-10-29,35.29,23.59,66.43,0.04,0.52
1985-10-30,36.08,23.03,64.08,0.0,0.52
1985-10-31,34.87,24.46,66.04,0.0,0.51
1985-11-01,35.18,24.05,66.39,0.0,0.51
1985-11-02,33.68,23.07,70.67,0.0,0.51
1985-11-03,34.35,22.99,66.64,0.0,0.5
1985-11-04,34.31,24.16,65.57,0.0,0.5
1985-11-05,35.5,23.23,64.03,0.0,0.5
1985-11-06,35.28,24.11,63.95,0.0,0.49
1985-11-07,35.2,24.32,60.97,0.0,0.49
1985-11-08,36.62,23.03,58.38,0.0,0.49
1985-11-09,36.44,23.17,58.25,0.0,0.49
1985-11-10,34.92,23.34,61.37,0.0,0.48
1985-11-11,31.8,24.37,71.16,0.45,0.48
1985-11-12,30.76,23.19,81.3,9.79,0.49
1985-11-13,29.38,22.01,87.8,41.99,0.52
1985-11-14,26.81,23.82,94.72,67.8,0.64
1985-11-15,28.05,23.48,90.75,4.43,0.67
1985-11-16,27.72,23.03,88.27,20.24,0.69
1985-11-17,28.9,22.16,82.04,0.0,0.69
1985-11-18,29.58,23.31,79.59,0.07,0.68
1985-11-19,29.4,22.52,84.14,0.09,0.68
1985-11-20,28.53,22.06,88.9,0.31,0.67
1985-11-21,30.31,20.62,81.06,0.09,0.66
1985-11-22,28.28,17.8,75.58,0.0,0.66
1985-11-23,27.9,17.14,68.69,0.0,0.65
1985-11-24,27.97,17.68,72.23,0.0,0.64
1985-11-25,28.75,18.24,72.42,0.0,0.64
1985-11-26,30.26,19.62,74.07,0.0,0.63
1985-11-27,30.83,19.41,73.75,0.0,0.62
1985-11-28,31.23,20.16,73.41,0.0,0.62
1985-11-29,31.91,21.74,76.3,0.0,0.61
1985-11-30,30.83,22.36,77.2,0.0,0.61
1985-12-01,31.54,22.48,78.95,0.0,0.6
1985-12-02,30.54,22.06,80.02,0.09,0.6
1985-12-03,30.94,22.39,76.07,0.0,0.6
1985-12-04,32.09,21.32,68.72,0.0,0.59
1985-12-05,31.36,19.22,67.69,0.0,0.59
1985-12-06,31.41,18.5,69.1,0.0,0.58
1985-12-07,31.12,18.01,67.29,0.0,0.58
1985-12-08,31.34,18.01,72.57,0.0,0.57
1985-12-09,31.27,18.93,74.37,0.0,0.57
1985-12-10,30.65,19.07,74.61,0.0,0.56
1985-12-11,31.66,19.85,69.96,0.0,0.56
1985-12-12,32.22,20.29,64.09,0.0,0.55
1985-12-13,32.04,19.8,72.52,0.0,0.55
1985-12-14,32.13,19.13,70.99,0.0,0.55
1985-12-15,31.23,19.99,71.65,0.0,0.54
1985-12-16,30.57,17.86,68.95,0.0,0.54
1985-12-17,30.45,17.19,69.68,0.0,0.54
1985-12-18,31.1,18.26,68.32,0.0,0.53
1985-12-19,31.56,20.36,68.38,0.0,0.53
1985-12-20,31.03,19.61,68.67,0.0,0.53
1985-12-21,31.76,19.34,65.74,0.0,0.52
1985-12-22,32.08,18.53,67.78,0.0,0.52
1985-12-23,31.87,18.68,69.21,0.0,0.52
1985-12-24,30.08,17.98,64.81,0.0,0.52
1985-12-25,30.22,15.94,58.82,0.0,0.51
1985-12-26,30.86,16.23,60.71,0.0,0.51
1985-12-27,31.36,17.98,61.97,0.0,0.51
1985-12-28,31.49,18.09,59.4,0.0,0.51
1985-12-29,31.35,17.47,66.09,0.0,0.5
1985-12-30,30.83,17.39,69.86,0.0,0.5
1985-12-31,31.27,16.31,62.35,0.0,0.5
1986-01-01,31.6,17.65,56.87,0.0,0.5
1986-01-02,31.77,17.09,64.74,0.0,0.49
1986-01-03,31.46,17.17,67.69,0.0,0.49
1986-01-04,31.72,17.59,62.05,0.0,0.49
1986-01-05,31.03,18.83,63.5,0.0,0.49
1986-01-06,30.25,16.2,60.36,0.0,0.48
1986-01-07,28.65,16.83,61.56,0.0,0.48
1986-01-08,29.91,14.54,61.16,0.0,0.48
1986-01-09,29.9,14.44,60.01,0.0,0.48
1986-01-10,30.42,14.36,63.02,0.0,0.48
1986-01-11,31.6,14.73,60.71,0.0,0.48
1986-01-12,32.27,15.66,58.05,0.0,0.47
1986-01-13,33.01,16.21,55.35,0.0,0.47
1986-01-14,33.89,17.64,60.4,0.0,0.47
1986-01-15,34.03,20.02,60.19,0.0,0.47
1986-01-16,33.43,19.77,54.88,0.0,0.47
1986-01-17,32.64,19.56,61.67,0.0,0.47
1986-01-18,34.01,19.45,56.91,0.0,0.47
1986-01-19,34.19,19.36,52.66,0.0,0.46
1986-01-20,34.57,17.86,49.18,0.0,0.46
1986-01-21,35.34,18.43,49.65,0.0,0.46
1986-01-22,35.01,18.87,51.25,0.0,0.46
1986-01-23,32.67,18.44,51.46,0.0,0.46
1986-01-24,32.68,17.18,55.04,0.0,0.46
1986-01-25,34.29,16.41,50.87,0.0,0.46
1986-01-26,35.01,18.36,54.79,0.0,0.46
1986-01-27,34.42,20.83,53.0,0.0,0.46
1986-01-28,34.4,20.85,54.46,0.0,0.46
1986-01-29,34.95,19.67,49.65,0.0,0.46
1986-01-30,34.24,18.59,48.59,0.0,0.46
1986-01-31,34.14,17.46,56.04,0.0,0.46
1986-02-01,34.09,18.84,58.9,0.0,0.46
1986-02-02,34.46,19.62,59.04,0.0,0.46
1986-02-03,34.45,18.89,58.74,0.0,0.46
1986-02-04,35.48,19.13,56.37,0.0,0.46
1986-02-05,35.46,19.38,53.54,0.0,0.46
1986-02-06,36.41,18.03,49.44,0.0,0.46
1986-02-07,37.2,18.43,50.78,0.0,0.46
1986-02-08,37.23,19.35,47.39,0.0,0.46
1986-02-09,36.84,21.76,45.19,0.0,0.46
1986-02-10,38.38,22.07,44.58,0.0,0.46
1986-02-11,35.0,24.47,49.1,0.0,0.46
1986-02-12,36.98,21.31,52.26,0.0,0.46
1986-02-13,36.61,20.98,51.29,0.0,0.46
1986-02-14,35.68,19.33,58.1,0.0,0.46
1986-02-15,36.36,19.76,59.15,0.0,0.46
1986-02-16,35.73,19.83,58.74,0.0,0.46
1986-02-17,36.23,20.84,51.46,0.0,0.46
1986-02-18,34.79,20.39,42.55,0.0,0.46
1986-02-19,33.73,17.29,42.27,0.0,0.46
1986-02-20,35.78,16.97,36.27,0.0,0.46
1986-02-21,37.31,16.69,44.74,0.0,0.46
1986-02-22,36.36,18.62,54.34,0.0,0.46
1986-02-23,35.82,17.91,54.45,0.0,0.46
1986-02-24,36.27,16.47,52.75,0.0,0.46
1986-02-25,36.85,16.86,56.68,0.0,0.46
1986-02-26,36.29,18.94,56.52,0.0,0.46
1986-02-27,36.93,19.77,47.51,0.0,0.46
1986-02-28,36.84,19.24,49.21,0.0,0.46
1986-03-01,37.25,19.55,47.33,0.0,0.46
1986-03-02,35.61,19.87,53.93,0.0,0.46
1986-03-03,33.73,21.38,39.45,0.0,0.46
1986-03-04,34.17,19.67,42.72,0.0,0.46
1986-03-05,34.91,20.94,46.88,0.0,0.46
1986-03-06,36.29,20.04,50.5,0.0,0.46
1986-03-07,36.85,20.53,51.99,0.0,0.46
1986-03-08,37.22,19.83,53.15,0.0,0.46
1986-03-09,36.47,20.88,48.43,0.0,0.46
1986-03-10,36.81,21.32,50.56,0.0,0.46
1986-03-11,38.48,21.45,48.94,0.0,0.46
1986-03-12,37.39,20.61,53.67,0.0,0.46
1986-03-13,38.13,18.89,58.03,0.0,0.46
1986-03-14,38.34,19.92,60.95,0.0,0.46
1986-03-15,39.37,20.91,61.36,0.0,0.46
1986-03-16,39.17,21.34,60.67,0.0,0.46
1986-03-17,38.97,21.03,62.07,0.0,0.46
1986-03-18,38.63,20.73,57.01,0.0,0.46
1986-03-19,39.39,19.78,59.1,0.0,0.46
1986-03-20,38.23,20.86,62.25,0.0,0.46
1986-03-21,39.15,21.15,60.58,0.0,0.46
1986-03-22,40.51,21.31,56.75,0.0,0.46
1986-03-23,40.99,22.38,50.9,0.0,0.46
1986-03-24,40.73,21.57,54.13,0.0,0.46
1986-03-25,38.55,23.29,56.64,0.0,0.46
1986-03-26,39.21,22.7,60.86,0.0,0.46
1986-03-27,39.53,22.57,59.39,0.0,0.46
1986-03-28,40.53,22.33,57.99,0.0,0.46
1986-03-29,39.66,22.42,60.53,0.9,0.46
1986-03-30,38.55,21.51,62.84,0.0,0.46
1986-03-31,39.55,23.08,62.34,0.0,0.46
1986-04-01,39.42,24.02,62.38,0.0,0.46
1986-04-02,39.86,23.84,62.99,0.0,0.46
1986-04-03,41.28,23.91,58.8,0.0,0.46
1986-04-04,40.99,24.23,56.39,0.0,0.46
1986-04-05,41.84,24.36,52.01,0.17,0.46
1986-04-06,40.67,24.9,52.95,0.0,0.46
1986-04-07,40.37,25.05,53.79,0.0,0.46
1986-04-08,40.29,24.37,56.81,0.0,0.46
1986-04-09,39.78,23.85,59.17,0.0,0.46
1986-04-10,39.47,23.68,60.33,0.0,0.46
1986-04-11,40.47,23.02,59.2,0.0,0.46
1986-04-12,40.71,23.57,61.14,0.0,0.46
1986-04-13,39.49,23.62,61.11,0.0,0.46
1986-04-14,40.48,23.68,59.66,0.0,0.46
1986-04-15,39.59,24.98,61.63,0.0,0.46
1986-04-16,39.98,25.09,60.34,0.0,0.46
1986-04-17,38.8,25.64,61.02,0.0,0.46
1986-04-18,38.26,25.37,62.74,0.0,0.46
1986-04-19,34.58,26.04,65.04,0.0,0.46
1986-04-20,36.99,25.29,60.61,0.0,0.46
1986-04-21,36.0,25.23,62.21,0.0,0.46
1986-04-22,38.53,25.62,59.4,0.0,0.46
1986-04-23,40.32,25.9,49.76,0.0,0.46
1986-04-24,40.04,25.76,51.05,0.0,0.46
1986-04-25,40.19,25.53,50.28,0.0,0.46
1986-04-26,39.29,25.38,56.25,0.0,0.46
1986-04-27,38.62,25.85,58.59,0.0,0.46
1986-04-28,35.0,25.63,61.89,0.0,0.46
1986-04-29,33.36,25.57,63.59,0.02,0.46
1986-04-30,39.27,24.95,53.25,0.05,0.46
1986-05-01,39.9,25.29,51.65,0.0,0.46
1986-05-02,40.07,25.35,51.5,0.0,0.46
1986-05-03,39.88,25.28,57.12,0.0,0.46
1986-05-04,38.92,26.16,60.95,0.0,0.46
1986-05-05,38.17,27.03,60.88,0.0,0.46
1986-05-06,38.43,27.11,56.7,0.09,0.46
1986-05-07,35.71,27.53,60.58,1.22,0.46
1986-05-08,37.96,25.9,52.67,0.01,0.46
1986-05-09,38.42,26.59,53.56,0.32,0.46
1986-05-10,37.5,27.61,56.26,0.48,0.46
1986-05-11,38.55,26.02,55.02,0.0,0.46
1986-05-12,37.3,26.79,56.3,0.01,0.46
1986-05-13,34.87,27.35,57.22,0.62,0.46
1986-05-14,37.65,25.59,59.04,0.01,0.46
1986-05-15,36.88,27.07,61.31,0.07,0.46
1986-05-16,35.83,26.86,62.39,0.04,0.46
1986-05-17,34.3,27.25,63.46,1.15,0.46
1986-05-18,36.75,27.76,61.2,3.06,0.47
1986-05-19,36.4,28.01,58.72,0.01,0.47
1986-05-20,33.56,27.7,66.98,0.01,0.47
1986-05-21,35.76,26.97,59.47,0.77,0.46
1986-05-22,33.86,26.49,70.72,5.62,0.47
1986-05-23,34.89,26.37,67.33,1.25,0.47
1986-05-24,34.87,26.72,62.56,0.05,0.47
1986-05-25,38.11,26.64,59.63,0.5,0.47
1986-05-26,38.98,26.41,57.58,0.0,0.47
1986-05-27,38.61,26.09,57.77,0.0,0.47
1986-05-28,38.77,26.47,59.14,0.0,0.46
1986-05-29,38.78,26.55,53.71,0.0,0.46
1986-05-30,38.25,26.6,54.2,0.22,0.46
1986-05-31,32.71,25.77,73.95,33.28,0.5
1986-06-01,36.75,25.21,67.18,0.0,0.52
1986-06-02,35.92,26.54,66.64,0.03,0.51
1986-06-03,35.39,26.66,68.56,0.01,0.51
1986-06-04,34.97,27.04,70.09,0.32,0.5
1986-06-05,33.27,26.52,68.66,0.46,0.5
1986-06-06,35.05,25.64,66.26,1.05,0.5
1986-06-07,35.77,25.53,65.36,1.55,0.5
1986-06-08,33.97,26.64,67.34,0.04,0.49
1986-06-09,30.52,25.75,76.3,0.11,0.49
1986-06-10,30.98,25.11,77.6,1.5,0.49
1986-06-11,32.81,25.09,75.13,0.18,0.49
1986-06-12,35.46,25.45,69.2,1.0,0.49
1986-06-13,34.54,26.3,67.46,0.19,0.48
1986-06-14,33.64,25.38,70.83,0.12,0.48
1986-06-15,32.01,26.15,74.3,1.1,0.48
1986-06-16,30.56,25.87,84.7,6.32,0.49
1986-06-17,33.11,25.79,77.06,0.57,0.49
1986-06-18,30.51,25.86,85.05,16.17,0.51
1986-06-19,30.59,25.67,83.59,3.16,0.52
1986-06-20,32.1,25.63,81.45,11.31,0.53
1986-06-21,32.32,25.4,74.91,0.28,0.53
1986-06-22,31.26,25.53,81.78,7.99,0.54
1986-06-23,32.47,25.51,79.26,4.63,0.54
1986-06-24,30.93,25.46,75.2,1.11,0.54
1986-06-25,30.21,25.92,80.33,5.21,0.54
1986-06-26,31.57,25.67,79.86,6.24,0.55
1986-06-27,31.95,25.57,80.11,8.67,0.56
1986-06-28,30.72,25.73,82.08,8.66,0.57
1986-06-29,32.73,24.94,76.02,0.67,0.57
1986-06-30,33.18,25.52,76.9,2.98,0.57
1986-07-01,33.85,25.33,73.52,0.06,0.57
1986-07-02,33.06,25.46,74.7,0.15,0.56
1986-07-03,31.95,25.5,76.24,1.68,0.56
1986-07-04,31.3,25.46,78.49,14.61,0.57
1986-07-05,29.74,25.05,84.64,1.25,0.58
1986-07-06,31.8,25.44,79.71,1.54,0.58
1986-07-07,33.1,25.06,73.82,0.12,0.57
1986-07-08,32.63,25.4,76.3,0.04,0.57
1986-07-09,32.94,25.52,75.34,0.09,0.56
1986-07-10,31.6,25.73,79.44,6.0,0.56
1986-07-11,28.94,24.38,81.49,0.23,0.57
1986-07-12,31.73,23.7,76.68,2.66,0.57
1986-07-13,30.41,24.79,80.64,0.17,0.56
1986-07-14,30.61,24.62,81.29,0.21,0.56
1986-07-15,33.04,24.26,75.39,0.02,0.56
1986-07-16,33.06,25.32,74.66,0.25,0.55
1986-07-17,31.09,25.34,82.55,5.74,0.56
1986-07-18,30.59,25.41,84.11,3.58,0.56
1986-07-19,30.62,25.35,84.0,4.08,0.57
1986-07-20,30.34,25.07,81.43,1.32,0.57
1986-07-21,31.86,24.78,75.32,1.37,0.56
1986-07-22,34.02,24.33,71.58,3.3,0.56
1986-07-23,32.45,24.28,74.67,1.82,0.56
1986-07-24,33.13,25.52,72.13,0.23,0.56
1986-07-25,30.91,24.98,76.88,0.17,0.55
1986-07-26,29.3,24.05,80.4,3.42,0.56
1986-07-27,31.06,23.29,81.97,11.69,0.57
1986-07-28,30.22,23.88,78.58,1.15,0.57
1986-07-29,29.41,23.81,83.87,15.16,0.58
1986-07-30,30.98,23.68,78.33,0.0,0.59
1986-07-31,33.31,24.16,72.37,0.02,0.58
1986-08-01,33.6,24.52,74.18,1.5,0.58
1986-08-02,31.71,25.65,79.48,0.32,0.57
1986-08-03,31.9,26.19,78.37,0.2,0.57
1986-08-04,30.28,24.7,81.54,1.91,0.57
1986-08-05,33.96,23.95,73.41,0.01,0.57
1986-08-06,33.46,23.93,72.18,0.85,0.56
1986-08-07,30.07,24.56,85.32,10.3,0.57
1986-08-08,31.2,24.54,79.89,1.68,0.58
1986-08-09,34.07,24.45,75.87,0.65,0.57
1986-08-10,31.53,25.31,81.73,1.36,0.57
1986-08-11,30.83,25.02,80.76,0.12,0.57
1986-08-12,29.89,24.78,83.39,5.12,0.57
1986-08-13,30.72,24.99,80.53,0.21,0.57
1986-08-14,30.92,25.1,80.73,2.6,0.57
1986-08-15,30.3,25.03,82.09,1.31,0.57
1986-08-16,30.39,24.72,81.2,1.51,0.57
1986-08-17,32.17,23.77,76.55,0.0,0.56
1986-08-18,31.66,24.72,75.26,0.22,0.56
1986-08-19,32.05,24.28,78.9,1.89,0.56
1986-08-20,32.75,24.71,77.06,2.1,0.56
1986-08-21,33.88,25.19,72.98,0.09,0.55
1986-08-22,32.32,25.56,78.33,3.22,0.55
1986-08-23,31.79,25.33,79.09,2.32,0.55
1986-08-24,33.32,25.06,74.48,0.07,0.55
1986-08-25,31.8,25.45,75.51,3.78,0.55
1986-08-26,30.74,24.49,81.01,7.41,0.56
1986-08-27,34.4,24.5,73.75,0.55,0.56
1986-08-28,31.82,24.36,82.68,6.7,0.56
1986-08-29,31.95,25.2,80.26,0.35,0.56
1986-08-30,31.4,24.83,79.39,0.43,0.56
1986-08-31,31.14,24.96,81.48,3.72,0.56
1986-09-01,32.86,24.53,78.17,0.59,0.56
1986-09-02,31.52,24.95,81.85,5.5,0.56
1986-09-03,31.01,25.24,79.87,0.61,0.56
1986-09-04,29.91,25.14,84.75,0.29,0.56
1986-09-05,31.66,25.5,79.28,0.01,0.55
1986-09-06,32.46,25.03,79.61,0.43,0.55
1986-09-07,29.99,24.74,85.97,3.43,0.55
1986-09-08,29.89,24.63,85.41,0.16,0.55
1986-09-09,31.02,24.26,81.36,5.15,0.55
1986-09-10,30.02,23.56,83.59,6.48,0.56
1986-09-11,29.44,23.28,83.48,1.32,0.56
1986-09-12,32.55,23.44,75.61,0.0,0.56
1986-09-13,35.27,23.9,69.48,0.0,0.55
1986-09-14,34.81,24.33,68.94,0.0,0.55
1986-09-15,34.1,25.16,70.63,0.02,0.54
1986-09-16,34.37,24.77,72.28,0.12,0.54
1986-09-17,36.2,24.31,70.36,0.0,0.54
1986-09-18,35.07,25.11,68.31,0.02,0.53
1986-09-19,35.44,24.29,68.49,0.32,0.53
1986-09-20,34.56,25.23,70.12,3.63,0.53
1986-09-21,34.47,24.35,68.74,0.26,0.53
1986-09-22,33.13,24.55,72.94,4.24,0.53
1986-09-23,32.13,23.8,82.72,43.89,0.56
1986-09-24,33.93,23.86,76.1,0.0,0.6
1986-09-25,34.22,24.03,74.9,0.0,0.59
1986-09-26,35.14,24.2,72.18,0.0,0.58
1986-09-27,33.13,24.94,76.56,0.0,0.57
1986-09-28,33.73,24.96,74.56,0.0,0.57
1986-09-29,35.36,24.38,70.43,0.01,0.56
1986-09-30,33.59,24.72,73.27,0.14,0.56
1986-10-01,35.34,24.53,70.85,0.57,0.55
1986-10-02,32.66,25.03,74.57,0.0,0.55
1986-10-03,30.53,24.26,79.78,0.04,0.55
1986-10-04,30.65,23.57,81.59,1.06,0.54
1986-10-05,32.9,23.52,77.67,0.42,0.54
1986-10-06,31.92,23.56,77.09,1.32,0.54
1986-10-07,32.84,23.83,74.96,0.59,0.54
1986-10-08,34.05,24.12,73.15,0.01,0.53
1986-10-09,34.66,24.08,71.59,0.1,0.53
1986-10-10,33.26,24.53,71.69,0.28,0.53
1986-10-11,31.53,24.43,76.38,0.05,0.52
1986-10-12,34.53,24.03,72.25,0.33,0.52
1986-10-13,31.77,24.85,73.28,0.0,0.52
1986-10-14,34.39,24.04,68.83,0.59,0.52
1986-10-15,34.24,23.51,69.93,2.49,0.52
1986-10-16,35.87,23.36,65.9,0.0,0.51
1986-10-17,36.65,23.91,63.01,0.0,0.51
1986-10-18,37.93,24.36,59.35,0.0,0.5
1986-10-19,37.59,23.4,58.71,0.0,0.5
1986-10-20,37.46,25.47,59.39,0.0,0.5
1986-10-21,37.4,25.2,59.85,0.0,0.49
1986-10-22,37.34,25.05,59.97,0.0,0.49
1986-10-23,37.8,26.34,59.2,0.72,0.49
1986-10-24,31.02,25.04,78.71,9.81,0.49
1986-10-25,35.37,23.99,69.19,0.05,0.5
1986-10-26,33.77,25.47,70.23,0.0,0.5
1986-10-27,34.15,25.15,67.75,0.02,0.49
1986-10-28,33.81,25.0,71.45,0.85,0.49
1986-10-29,34.63,24.76,68.41,0.0,0.49
1986-10-30,32.75,24.47,67.18,0.0,0.49
1986-10-31,35.92,23.29,62.76,0.0,0.48
1986-11-01,35.57,24.63,63.06,0.0,0.48
1986-11-02,35.34,25.18,66.49,0.0,0.48
1986-11-03,36.29,25.1,64.51,0.0,0.48
1986-11-04,36.75,25.76,61.43,0.0,0.47
1986-11-05,33.12,24.56,68.32,0.0,0.47
1986-11-06,32.18,23.95,68.67,0.01,0.47
1986-11-07,33.52,24.75,67.1,0.02,0.47
1986-11-08,36.74,24.51,64.09,0.44,0.47
1986-11-09,37.49,24.08,60.79,0.0,0.47
1986-11-10,36.05,24.27,64.47,0.44,0.47
1986-11-11,34.0,24.13,72.48,2.33,0.47
1986-11-12,35.82,23.1,67.12,0.0,0.47
1986-11-13,35.51,24.02,61.0,0.0,0.47
1986-11-14,36.39,21.19,51.87,0.0,0.47
1986-11-15,36.04,21.73,56.99,0.0,0.47
1986-11-16,35.17,22.4,61.99,0.0,0.47
1986-11-17,34.79,22.15,62.26,0.0,0.46
1986-11-18,35.22,21.76,58.38,0.0,0.46
1986-11-19,36.14,22.32,54.36,0.0,0.46
1986-11-20,36.52,22.01,52.67,0.0,0.46
1986-11-21,35.24,23.68,54.05,0.02,0.46
1986-11-22,35.21,23.52,52.59,0.0,0.46
1986-11-23,35.83,22.51,53.28,0.0,0.46
1986-11-24,34.66,21.54,54.41,0.0,0.46
1986-11-25,34.34,23.53,52.36,0.0,0.46
1986-11-26,36.11,21.94,50.52,0.0,0.46
1986-11-27,36.14,23.88,50.17,0.0,0.46
1986-11-28,35.85,23.67,51.17,0.0,0.46
1986-11-29,36.28,24.84,51.03,0.0,0.46
1986-11-30,34.63,24.47,51.7,0.0,0.46
1986-12-01,35.19,22.76,53.43,0.0,0.46
1986-12-02,35.33,22.66,53.29,0.0,0.46
1986-12-03,36.52,21.26,49.22,0.0,0.46
1986-12-04,34.92,22.0,57.12,0.26,0.46
1986-12-05,33.53,22.17,58.25,0.41,0.46
1986-12-06,34.97,23.11,56.4,0.0,0.46
1986-12-07,35.89,23.91,56.21,0.01,0.46
1986-12-08,35.87,23.76,53.87,0.03,0.46
1986-12-09,35.91,23.96,51.79,0.04,0.46
1986-12-10,34.51,23.87,54.19,0.06,0.46
1986-12-11,34.48,23.2,55.1,0.0,0.46
1986-12-12,34.34,21.94,60.38,0.0,0.46
1986-12-13,34.19,19.91,56.96,0.0,0.46
1986-12-14,35.22,19.44,53.88,0.0,0.46
1986-12-15,34.88,20.47,55.19,0.0,0.46
1986-12-16,34.96,20.48,53.4,0.0,0.46
1986-12-17,35.12,20.64,54.77,0.0,0.46
1986-12-18,35.35,19.54,50.1,0.0,0.46
1986-12-19,35.89,19.78,48.1,0.0,0.46
1986-12-20,34.31,21.54,47.16,0.0,0.46
1986-12-21,34.54,22.93,53.0,0.0,0.46
1986-12-22,35.31,19.57,51.84,0.0,0.46
1986-12-23,34.2,20.04,54.82,0.0,0.46
1986-12-24,34.76,20.67,53.55,0.0,0.46
1986-12-25,34.67,21.15,53.51,0.0,0.46
1986-12-26,34.59,20.79,52.95,0.0,0.46
1986-12-27,34.13,20.92,49.86,0.0,0.46
1986-12-28,35.75,21.92,43.18,0.0,0.46
1986-12-29,35.1,22.9,49.59,0.0,0.46
1986-12-30,34.0,22.96,57.06,1.0,0.46
1986-12-31,30.13,21.3,75.93,15.26,0.47
1987-01-01,30.12,18.64,69.08,0.0,0.49
1987-01-02,31.46,16.35,58.31,0.0,0.48
1987-01-03,31.22,16.55,61.34,0.0,0.48
1987-01-04,32.3,14.69,55.28,0.0,0.48
1987-01-05,33.56,15.02,50.86,0.0,0.47
1987-01-06,34.63,17.1,51.59,0.0,0.47
1987-01-07,35.9,20.29,48.57,0.0,0.47
1987-01-08,34.69,20.79,49.83,0.0,0.47
1987-01-09,34.49,19.96,58.46,0.0,0.47
1987-01-10,35.53,20.15,54.35,0.0,0.47
1987-01-11,36.37,19.92,47.26,0.0,0.47
1987-01-12,36.68,20.53,45.3,0.0,0.46
1987-01-13,35.48,21.89,51.61,0.0,0.46
1987-01-14,35.22,20.89,56.43,0.0,0.46
1987-01-15,34.16,19.82,57.91,0.0,0.46
1987-01-16,34.21,18.78,52.51,0.0,0.46
1987-01-17,34.31,18.99,55.87,0.0,0.46
1987-01-18,34.81,19.35,55.76,0.0,0.46
1987-01-19,34.69,19.1,54.76,0.0,0.46
1987-01-20,34.75,19.32,56.57,0.0,0.46
1987-01-21,34.27,19.11,57.15,0.0,0.46
1987-01-22,35.25,18.85,54.67,0.0,0.46
1987-01-23,36.45,19.91,54.83,0.0,0.46
1987-01-24,36.4,20.14,55.2,0.0,0.46
1987-01-25,35.77,20.53,59.25,1.23,0.46
1987-01-26,34.19,21.34,56.38,0.1,0.46
1987-01-27,33.5,22.27,56.65,0.88,0.46
1987-01-28,34.18,21.04,54.56,0.0,0.46
1987-01-29,34.43,20.09,59.52,0.0,0.46
1987-01-30,34.99,19.06,53.04,0.01,0.46
1987-01-31,35.66,19.33,50.85,0.0,0.46
1987-02-01,35.77,20.08,52.92,0.0,0.46
1987-02-02,31.97,22.09,54.19,0.0,0.46
1987-02-03,35.28,21.59,46.22,0.01,0.46
1987-02-04,32.15,22.64,58.31,0.08,0.46
1987-02-05,34.0,22.11,58.45,0.01,0.46
1987-02-06,34.24,19.45,55.24,0.0,0.46
1987-02-07,35.32,17.68,45.88,0.0,0.46
1987-02-08,35.42,18.06,46.81,0.0,0.46
1987-02-09,34.45,20.18,53.57,0.0,0.46
1987-02-10,33.76,20.1,60.64,0.0,0.46
1987-02-11,33.73,18.4,50.38,0.0,0.46
1987-02-12,35.0,16.77,49.0,0.0,0.46
1987-02-13,35.1,17.87,53.98,0.0,0.46
1987-02-14,35.67,18.17,53.8,0.0,0.46
1987-02-15,36.16,17.39,50.37,0.0,0.46
1987-02-16,36.27,17.85,50.26,0.0,0.46
1987-02-17,36.49,18.76,50.47,0.0,0.46
1987-02-18,36.4,19.15,51.66,0.0,0.46
1987-02-19,36.7,19.72,51.01,0.0,0.46
1987-02-20,38.42,19.16,52.81,0.0,0.46
1987-02-21,37.94,19.87,51.5,0.0,0.46
1987-02-22,37.44,19.69,49.01,0.0,0.46
1987-02-23,37.04,18.16,56.41,0.0,0.46
1987-02-24,38.12,18.7,58.98,0.0,0.46
1987-02-25,38.0,20.26,57.98,0.0,0.46
1987-02-26,37.09,19.75,58.88,0.0,0.46
1987-02-27,37.24,18.54,57.54,0.0,0.46
1987-02-28,36.85,18.93,59.02,0.0,0.46
1987-03-01,37.97,19.1,53.84,0.01,0.46
1987-03-02,36.3,20.5,53.56,3.38,0.46
1987-03-03,35.46,22.41,48.32,0.0,0.46
1987-03-04,36.62,20.54,46.63,0.0,0.46
1987-03-05,34.21,23.06,52.36,4.55,0.46
1987-03-06,36.28,21.32,51.2,0.0,0.47
1987-03-07,36.6,20.25,49.63,0.0,0.47
1987-03-08,36.45,19.74,47.26,0.0,0.46
1987-03-09,36.74,18.1,51.91,0.0,0.46
1987-03-10,37.44,18.74,59.45,0.0,0.46
1987-03-11,36.97,18.81,57.63,0.0,0.46
1987-03-12,36.87,19.46,58.33,0.0,0.46
1987-03-13,36.93,21.33,57.08,0.0,0.46
1987-03-14,37.72,20.22,57.72,0.0,0.46
1987-03-15,35.39,21.36,55.63,0.0,0.46
1987-03-16,36.25,20.2,56.49,0.0,0.46
1987-03-17,36.59,20.38,61.83,0.0,0.46
1987-03-18,36.16,22.1,63.77,0.0,0.46
1987-03-19,37.3,22.82,65.19,0.0,0.46
1987-03-20,37.32,21.72,64.13,0.0,0.46
1987-03-21,37.09,21.28,64.82,0.0,0.46
1987-03-22,37.57,22.28,63.26,0.0,0.46
1987-03-23,39.13,21.47,58.93,0.0,0.46
1987-03-24,39.61,21.31,54.22,0.0,0.46
1987-03-25,40.78,21.12,50.38,0.0,0.46
1987-03-26,41.11,22.31,51.79,0.0,0.46
1987-03-27,39.98,22.95,54.81,0.0,0.46
1987-03-28,38.22,23.24,55.32,0.0,0.46
1987-03-29,39.89,22.4,49.57,0.0,0.46
1987-03-30,40.7,23.17,49.34,0.0,0.46
1987-03-31,40.72,23.57,52.43,0.0,0.46
1987-04-01,40.15,23.93,55.4,0.0,0.46
1987-04-02,39.54,22.38,55.84,0.0,0.46
1987-04-03,38.82,22.2,60.76,0.0,0.46
1987-04-04,38.55,23.76,60.89,0.0,0.46
1987-04-05,37.01,24.61,63.79,0.0,0.46
1987-04-06,38.66,25.32,59.44,0.0,0.46
1987-04-07,38.11,24.26,60.87,0.0,0.46
1987-04-08,39.11,24.81,56.4,0.0,0.46
1987-04-09,38.31,24.13,59.87,0.0,0.46
1987-04-10,38.07,25.06,61.97,0.0,0.46
1987-04-11,38.47,25.76,58.5,0.0,0.46
1987-04-12,38.89,25.66,57.98,0.0,0.46
1987-04-13,39.87,24.76,58.56,0.0,0.46
1987-04-14,40.47,24.24,59.21,0.0,0.46
1987-04-15,41.24,24.41,59.01,0.0,0.46
1987-04-16,41.34,24.7,54.43,0.05,0.46
1987-04-17,40.21,25.99,51.56,0.0,0.46
1987-04-18,39.27,26.59,49.05,1.62,0.46
1987-04-19,37.26,27.19,55.08,0.0,0.46
1987-04-20,37.16,25.8,53.14,0.02,0.46
1987-04-21,39.42,24.69,45.04,5.51,0.47
1987-04-22,34.79,26.03,53.22,0.4,0.47
1987-04-23,36.99,25.03,56.5,0.0,0.47
1987-04-24,36.83,25.69,60.38,0.0,0.47
1987-04-25,39.09,24.43,61.56,0.0,0.46
1987-04-26,40.15,24.56,56.98,0.02,0.46
1987-04-27,39.35,25.86,52.34,0.02,0.46
1987-04-28,37.67,27.93,53.22,0.14,0.46
1987-04-29,34.34,25.66,55.38,0.05,0.46
1987-04-30,35.81,24.44,47.8,0.0,0.46
1987-05-01,37.24,25.16,52.67,0.0,0.46
1987-05-02,34.56,26.4,61.69,0.0,0.46
1987-05-03,34.54,26.18,64.32,0.65,0.46
1987-05-04,36.19,25.9,61.34,1.84,0.46
1987-05-05,38.11,25.97,58.78,1.15,0.47
1987-05-06,37.8,25.19,56.88,0.0,0.47
1987-05-07,38.69,23.9,56.46,0.0,0.46
1987-05-08,38.91,24.76,59.3,0.0,0.46
1987-05-09,40.16,25.43,57.03,0.0,0.46
1987-05-10,40.82,25.27,54.6,0.0,0.46
1987-05-11,41.04,26.03,52.27,0.02,0.46
1987-05-12,40.95,27.24,52.19,0.06,0.46
1987-05-13,40.43,26.92,55.06,0.29,0.46
1987-05-14,39.67,26.55,55.53,0.11,0.46
1987-05-15,39.98,26.95,54.37,0.0,0.46
1987-05-16,39.68,26.19,57.67,0.0,0.46
1987-05-17,39.9,26.25,55.16,0.02,0.46
1987-05-18,39.86,25.96,58.5,1.15,0.46
1987-05-19,38.41,27.02,58.11,0.05,0.46
1987-05-20,39.42,26.56,58.46,1.4,0.46
1987-05-21,39.04,27.21,58.03,0.0,0.46
1987-05-22,39.93,26.3,57.92,0.0,0.46
1987-05-23,39.94,26.52,59.63,0.0,0.46
1987-05-24,37.42,27.41,62.39,0.0,0.46
1987-05-25,38.2,27.61,58.61,0.0,0.46
1987-05-26,36.81,28.23,61.93,0.34,0.46
1987-05-27,33.49,27.14,73.36,7.31,0.47
1987-05-28,32.15,26.57,74.94,0.0,0.47
1987-05-29,36.85,25.67,60.61,0.02,0.47
1987-05-30,33.57,27.04,63.98,0.1,0.47
1987-05-31,31.78,26.68,80.04,3.34,0.47
1987-06-01,32.23,26.23,75.7,0.4,0.47
1987-06-02,32.46,25.91,78.6,7.04,0.48
1987-06-03,31.09,26.33,84.34,5.68,0.49
1987-06-04,34.51,26.28,74.04,1.3,0.49
1987-06-05,36.61,26.56,69.11,1.39,0.49
1987-06-06,34.87,26.64,68.87,0.17,0.48
1987-06-07,35.81,26.15,71.98,3.72,0.48
1987-06-08,34.16,26.42,74.54,4.92,0.49
1987-06-09,31.93,25.74,79.7,2.92,0.49
1987-06-10,32.29,26.76,81.53,7.16,0.5
1987-06-11,32.95,26.56,77.25,0.16,0.5
1987-06-12,32.16,26.76,78.91,0.86,0.5
1987-06-13,31.8,25.96,78.23,7.39,0.51
1987-06-14,32.0,25.51,76.98,3.76,0.51
1987-06-15,34.11,25.02,74.58,7.82,0.52
1987-06-16,33.85,26.14,76.43,3.03,0.52
1987-06-17,31.32,26.66,82.38,7.64,0.52
1987-06-18,31.9,26.34,79.89,3.85,0.53
1987-06-19,30.62,25.98,82.68,6.98,0.54
1987-06-20,31.15,25.8,82.05,12.13,0.55
1987-06-21,31.08,25.81,81.45,4.15,0.56
1987-06-22,34.36,25.16,72.5,0.47,0.56
1987-06-23,34.07,26.28,77.04,8.54,0.56
1987-06-24,34.91,26.08,72.83,0.53,0.56
1987-06-25,34.15,25.77,75.23,0.57,0.56
1987-06-26,32.89,26.07,78.55,1.98,0.55
1987-06-27,33.05,25.91,80.37,5.58,0.56
1987-06-28,32.39,26.04,78.85,0.16,0.56
1987-06-29,32.69,25.99,76.46,1.92,0.56
1987-06-30,30.74,25.73,84.61,5.54,0.56
1987-07-01,29.18,26.0,84.29,7.98,0.57
1987-07-02,31.53,26.0,77.47,1.42,0.57
1987-07-03,31.54,25.35,79.67,1.55,0.57
1987-07-04,33.23,25.85,69.2,0.84,0.57
1987-07-05,31.77,25.12,74.52,9.34,0.57
1987-07-06,32.93,24.8,74.62,3.53,0.57
1987-07-07,29.63,24.96,82.0,4.34,0.58
1987-07-08,32.45,25.12,76.47,3.41,0.58
1987-07-09,32.54,25.22,77.52,7.88,0.58
1987-07-10,31.2,25.39,79.79,5.54,0.59
1987-07-11,30.11,25.32,82.09,6.17,0.59
1987-07-12,31.82,25.2,78.5,0.38,0.59
1987-07-13,33.4,25.18,75.92,2.52,0.59
1987-07-14,32.73,25.78,75.64,2.75,0.59
1987-07-15,30.71,25.71,79.86,1.8,0.59
1987-07-16,31.28,25.73,79.07,2.01,0.58
1987-07-17,30.07,25.49,81.59,0.86,0.58
1987-07-18,33.47,25.21,72.34,2.63,0.58
1987-07-19,34.06,25.04,74.86,6.46,0.58
1987-07-20,34.15,25.25,76.64,2.75,0.58
1987-07-21,33.29,25.87,73.42,0.01,0.58
1987-07-22,33.53,25.96,74.74,0.51,0.57
1987-07-23,31.77,25.41,79.66,2.41,0.57
1987-07-24,31.99,25.38,78.81,2.39,0.57
1987-07-25,33.9,24.48,76.5,5.06,0.57
1987-07-26,34.17,25.67,73.97,0.09,0.57
1987-07-27,34.94,25.59,72.04,0.28,0.57
1987-07-28,34.15,25.97,73.97,1.9,0.56
1987-07-29,35.49,25.07,72.09,0.0,0.56
1987-07-30,31.72,25.75,77.49,0.09,0.55
1987-07-31,32.63,25.36,76.3,3.88,0.55
1987-08-01,29.59,24.91,83.46,1.88,0.56
1987-08-02,30.78,25.1,79.11,0.0,0.55
1987-08-03,32.22,25.31,73.92,0.29,0.55
1987-08-04,29.88,24.99,81.31,3.64,0.55
1987-08-05,32.63,24.23,78.66,2.84,0.55
1987-08-06,31.71,24.4,80.96,0.0,0.55
1987-08-07,34.79,24.55,73.43,0.04,0.55
1987-08-08,34.5,25.69,72.29,0.65,0.54
1987-08-09,36.4,25.25,68.61,0.0,0.54
1987-08-10,35.51,25.47,69.78,0.03,0.54
1987-08-11,34.02,25.53,73.85,0.33,0.53
1987-08-12,32.57,25.29,80.18,2.84,0.53
1987-08-13,34.47,24.72,72.41,0.01,0.53
1987-08-14,35.28,25.44,70.76,0.37,0.53
1987-08-15,35.41,25.83,72.24,5.26,0.53
1987-08-16,31.97,26.0,79.83,0.39,0.53
1987-08-17,32.18,26.44,77.13,0.17,0.53
1987-08-18,30.13,26.24,81.48,0.11,0.52
1987-08-19,32.16,25.98,77.63,0.02,0.52
1987-08-20,34.43,26.03,73.8,0.05,0.52
1987-08-21,33.75,26.27,71.78,0.01,0.52
1987-08-22,31.59,26.59,80.54,1.38,0.51
1987-08-23,29.71,25.42,87.65,19.75,0.54
1987-08-24,29.23,25.4,85.74,11.4,0.56
1987-08-25,29.05,25.58,87.84,17.17,0.58
1987-08-26,31.05,25.03,79.89,0.9,0.59
1987-08-27,29.95,24.75,86.41,11.43,0.6
1987-08-28,31.15,25.0,80.67,0.01,0.6
1987-08-29,30.05,25.19,81.88,0.03,0.59
1987-08-30,30.48,25.54,81.01,0.72,0.59
1987-08-31,31.81,25.41,80.64,15.03,0.6
1987-09-01,32.19,25.05,80.57,3.45,0.61
1987-09-02,31.53,25.57,79.54,0.0,0.6
1987-09-03,31.92,25.59,76.98,0.01,0.6
1987-09-04,33.46,25.81,74.69,0.0,0.59
1987-09-05,33.27,25.65,75.52,0.0,0.59
1987-09-06,32.81,25.86,78.18,0.0,0.58
1987-09-07,32.77,25.79,76.7,0.06,0.58
1987-09-08,31.67,25.13,79.3,0.02,0.57
1987-09-09,32.44,25.16,76.39,0.01,0.57
1987-09-10,32.31,24.7,77.99,0.04,0.56
1987-09-11,32.98,24.83,77.98,3.17,0.56
1987-09-12,31.56,24.85,85.2,16.14,0.58
1987-09-13,30.84,25.04,83.09,0.6,0.59
1987-09-14,32.53,25.18,80.32,1.14,0.58
1987-09-15,34.58,25.18,75.48,0.0,0.58
1987-09-16,35.41,24.74,73.3,1.69,0.57
1987-09-17,34.05,25.49,78.54,3.22,0.57
1987-09-18,31.69,26.09,78.61,0.01,0.57
1987-09-19,28.78,24.78,84.86,0.83,0.57
1987-09-20,30.93,24.31,83.07,6.14,0.57
1987-09-21,29.93,24.8,89.0,5.03,0.58
1987-09-22,30.05,24.77,87.12,3.01,0.58
1987-09-23,30.88,24.55,81.26,0.0,0.58
1987-09-24,34.27,24.04,76.07,0.0,0.57
1987-09-25,35.07,24.55,74.72,0.0,0.57
1987-09-26,32.96,25.54,76.78,0.0,0.56
1987-09-27,32.36,25.17,75.14,0.02,0.56
1987-09-28,34.22,23.43,74.83,0.0,0.56
1987-09-29,32.94,24.51,76.05,0.0,0.55
1987-09-30,33.87,24.88,75.05,0.06,0.55
1987-10-01,30.33,25.08,84.55,2.83,0.55
1987-10-02,29.96,24.79,84.9,3.16,0.55
1987-10-03,33.64,23.96,76.85,0.23,0.55
1987-10-04,29.04,24.65,87.81,2.56,0.55
1987-10-05,32.79,24.09,79.64,0.01,0.55
1987-10-06,34.39,24.54,73.57,0.04,0.54
1987-10-07,36.06,25.28,68.83,0.01,0.54
1987-10-08,35.64,24.94,68.92,0.01,0.53
1987-10-09,33.47,25.2,71.9,0.05,0.53
1987-10-10,34.53,25.35,71.09,0.0,0.53
1987-10-11,35.76,25.02,69.49,0.04,0.52
1987-10-12,35.99,24.86,69.58,0.01,0.52
1987-10-13,34.77,25.81,70.42,0.01,0.52
1987-10-14,34.73,25.99,72.07,0.14,0.51
1987-10-15,34.12,25.72,73.15,0.05,0.51
1987-10-16,34.97,25.38,71.47,0.16,0.51
1987-10-17,35.83,25.44,71.2,0.0,0.51
1987-10-18,37.26,25.43,68.68,0.0,0.5
1987-10-19,32.52,26.89,74.86,0.02,0.5
1987-10-20,34.46,26.36,67.15,0.01,0.5
1987-10-21,34.24,25.6,66.97,0.01,0.5
1987-10-22,36.57,24.42,64.4,0.11,0.49
1987-10-23,36.91,26.07,63.09,0.05,0.49
1987-10-24,36.67,25.43,63.91,0.31,0.49
1987-10-25,35.26,25.69,66.4,0.0,0.48
1987-10-26,31.89,25.93,71.39,0.11,0.48
1987-10-27,32.21,24.9,70.48,0.76,0.48
1987-10-28,35.74,23.58,61.64,0.0,0.48
1987-10-29,36.85,23.44,57.27,0.0,0.48
1987-10-30,36.71,22.95,64.86,0.0,0.47
1987-10-31,33.23,25.13,66.77,0.0,0.47
1987-11-01,35.68,25.8,61.28,0.36,0.47
1987-11-02,33.98,26.37,70.87,3.58,0.47
1987-11-03,31.33,25.89,76.76,0.0,0.48
1987-11-04,34.58,25.0,68.36,0.0,0.47
1987-11-05,33.44,24.52,67.9,0.03,0.47
1987-11-06,35.45,25.38,64.82,0.32,0.47
1987-11-07,32.45,26.31,73.83,0.32,0.47
1987-11-08,32.16,25.33,74.97,0.61,0.47
1987-11-09,30.42,24.02,72.19,0.12,0.47
1987-11-10,31.08,24.11,70.16,0.0,0.47
1987-11-11,31.2,24.82,74.12,0.03,0.47
1987-11-12,31.01,25.32,79.57,0.0,0.47
1987-11-13,31.19,24.99,78.46,0.01,0.47
1987-11-14,31.98,24.06,74.81,0.1,0.47
1987-11-15,33.45,24.02,72.05,0.28,0.47
1987-11-16,33.52,24.16,74.09,3.14,0.47
1987-11-17,35.52,23.92,69.1,0.0,0.47
1987-11-18,36.55,24.18,66.09,0.03,0.47
1987-11-19,36.26,24.16,63.42,0.16,0.47
1987-11-20,36.26,25.17,61.13,0.0,0.47
1987-11-21,36.8,24.29,57.76,0.01,0.47
1987-11-22,37.11,25.13,56.19,0.0,0.47
1987-11-23,36.92,25.76,57.5,0.01,0.46
1987-11-24,37.0,25.65,58.37,0.15,0.46
1987-11-25,36.43,26.37,58.39,0.0,0.46
1987-11-26,36.99,25.92,57.2,0.0,0.46
1987-11-27,37.59,24.7,58.04,0.0,0.46
1987-11-28,37.02,24.07,55.98,0.05,0.46
1987-11-29,36.97,25.14,58.41,0.0,0.46
1987-11-30,35.84,25.1,56.1,0.0,0.46
1987-12-01,34.63,22.89,51.71,0.0,0.46
1987-12-02,32.92,20.61,48.38,0.0,0.46
1987-12-03,33.75,18.82,51.16,0.0,0.46
1987-12-04,34.54,18.64,55.23,0.0,0.46
1987-12-05,35.08,19.61,58.39,0.0,0.46
1987-12-06,31.88,21.72,45.14,0.0,0.46
1987-12-07,31.6,18.98,42.54,0.0,0.46
1987-12-08,32.5,19.84,39.22,0.0,0.46
1987-12-09,34.64,17.61,44.21,0.0,0.46
1987-12-10,34.93,19.33,49.73,0.0,0.46
1987-12-11,34.31,20.82,54.29,0.0,0.46
1987-12-12,34.24,21.45,52.41,0.0,0.46
1987-12-13,34.42,20.85,54.06,0.0,0.46
1987-12-14,35.41,21.32,56.69,0.0,0.46
1987-12-15,33.38,22.76,55.31,0.0,0.46
1987-12-16,34.06,21.91,54.39,0.0,0.46
1987-12-17,34.17,19.66,51.32,0.0,0.46
1987-12-18,34.03,19.76,49.97,0.0,0.46
1987-12-19,33.49,20.25,44.92,0.0,0.46
1987-12-20,32.31,21.93,41.48,0.0,0.46
1987-12-21,32.38,19.0,44.32,0.0,0.46
1987-12-22,32.88,18.8,44.96,0.0,0.46
1987-12-23,34.04,18.32,47.52,0.0,0.46
1987-12-24,34.09,19.4,48.6,0.0,0.46
1987-12-25,33.86,19.14,46.84,0.0,0.46
1987-12-26,34.97,19.48,43.22,0.0,0.46
1987-12-27,35.14,18.69,40.64,0.0,0.46
1987-12-28,34.7,17.5,35.24,0.0,0.46
1987-12-29,34.11,17.36,51.35,0.0,0.46
1987-12-30,34.34,17.93,40.41,0.0,0.46
1987-12-31,34.39,16.3,33.76,0.0,0.46
1988-01-01,34.62,18.56,42.61,0.0,0.46
1988-01-02,34.44,17.61,44.65,0.0,0.46
1988-01-03,34.51,20.53,51.36,0.0,0.46
1988-01-04,34.05,20.89,53.49,0.0,0.46
1988-01-05,35.1,20.4,52.57,0.0,0.46
1988-01-06,35.17,20.68,61.44,0.0,0.46
1988-01-07,34.35,20.1,59.82,0.0,0.46
1988-01-08,32.22,20.32,59.25,0.0,0.46
1988-01-09,33.56,18.73,51.1,0.0,0.46
1988-01-10,34.78,19.36,47.78,0.0,0.46
1988-01-11,35.53,19.05,51.99,0.0,0.46
1988-01-12,36.21,21.13,51.1,0.0,0.46
1988-01-13,35.46,21.69,54.31,0.0,0.46
1988-01-14,35.71,19.92,56.58,0.0,0.46
1988-01-15,34.95,19.5,56.93,0.0,0.46
1988-01-16,36.04,18.2,54.86,0.0,0.46
1988-01-17,35.94,18.92,53.7,0.0,0.46
1988-01-18,36.47,19.74,49.0,0.0,0.46
1988-01-19,34.67,20.01,54.18,0.0,0.46
1988-01-20,34.03,19.51,55.38,0.0,0.46
1988-01-21,33.7,17.96,52.38,0.0,0.46
1988-01-22,34.04,17.51,53.09,0.0,0.46
1988-01-23,34.58,16.74,49.92,0.0,0.46
1988-01-24,34.8,16.93,49.43,0.0,0.46
1988-01-25,34.98,17.67,49.69,0.0,0.46
1988-01-26,36.27,17.61,46.88,0.0,0.46
1988-01-27,36.09,18.81,52.61,0.0,0.46
1988-01-28,35.44,19.3,49.93,0.0,0.46
1988-01-29,35.9,18.54,48.58,0.0,0.46
1988-01-30,35.72,18.77,49.93,0.0,0.46
1988-01-31,34.93,18.35,50.17,0.0,0.46
1988-02-01,36.54,17.75,48.19,0.0,0.46
1988-02-02,36.22,19.02,52.27,0.0,0.46
1988-02-03,35.17,19.56,56.72,0.0,0.46
1988-02-04,35.35,19.52,52.44,0.0,0.46
1988-02-05,36.9,19.18,52.36,0.0,0.46
1988-02-06,37.11,20.13,56.47,0.0,0.46
1988-02-07,37.18,20.09,55.38,0.0,0.46
1988-02-08,37.96,19.62,51.85,0.0,0.46
1988-02-09,38.36,20.6,50.04,0.0,0.46
1988-02-10,37.79,21.67,48.78,0.0,0.46
1988-02-11,37.73,22.1,50.46,0.0,0.46
1988-02-12,37.59,20.85,46.38,0.0,0.46
1988-02-13,38.02,21.48,43.11,0.0,0.46
1988-02-14,38.5,21.15,43.2,0.0,0.46
1988-02-15,37.09,20.08,54.17,0.0,0.46
1988-02-16,37.4,19.71,55.64,0.0,0.46
1988-02-17,38.18,20.06,54.36,0.0,0.46
1988-02-18,37.58,20.59,58.09,0.0,0.46
1988-02-19,37.36,21.83,52.63,0.01,0.46
1988-02-20,37.26,20.11,47.48,0.0,0.46
1988-02-21,37.14,21.41,55.82,0.0,0.46
1988-02-22,37.23,21.63,52.49,0.0,0.46
1988-02-23,37.93,20.69,45.37,0.0,0.46
1988-02-24,37.96,20.54,50.03,0.0,0.46
1988-02-25,38.12,20.25,50.93,0.0,0.46
1988-02-26,38.05,21.83,51.09,0.0,0.46
1988-02-27,36.49,20.8,60.41,0.0,0.46
1988-02-28,38.58,19.97,56.68,0.0,0.46
1988-02-29,38.52,20.74,50.89,0.0,0.46
1988-03-01,37.56,20.88,59.81,0.0,0.46
1988-03-02,38.96,21.66,58.1,0.0,0.46
1988-03-03,37.38,22.93,55.71,0.0,0.46
1988-03-04,37.64,21.02,58.62,0.0,0.46
1988-03-05,36.18,19.66,53.19,0.0,0.46
1988-03-06,36.61,19.96,55.67,0.0,0.46
1988-03-07,37.23,21.11,53.24,0.0,0.46
1988-03-08,38.86,20.47,53.54,0.0,0.46
1988-03-09,38.29,22.8,53.81,0.0,0.46
1988-03-10,35.43,24.59,53.93,0.0,0.46
1988-03-11,35.79,24.61,53.81,0.0,0.46
1988-03-12,38.36,24.16,57.72,0.0,0.46
1988-03-13,39.38,22.24,58.03,0.0,0.46
1988-03-14,39.66,21.52,54.92,0.0,0.46
1988-03-15,40.53,20.52,55.12,0.0,0.46
1988-03-16,39.82,21.87,55.38,0.0,0.46
1988-03-17,40.88,20.19,47.7,0.0,0.46
1988-03-18,41.8,20.6,49.81,0.0,0.46
1988-03-19,41.91,22.33,52.66,0.0,0.46
1988-03-20,39.75,22.62,55.14,0.0,0.46
1988-03-21,39.25,21.41,55.36,0.0,0.46
1988-03-22,38.7,21.54,55.8,0.0,0.46
1988-03-23,38.62,20.99,50.09,0.0,0.46
1988-03-24,39.29,20.67,52.6,0.0,0.46
1988-03-25,39.55,21.57,51.1,0.0,0.46
1988-03-26,39.35,21.64,49.98,0.0,0.46
1988-03-27,39.94,21.99,53.28,0.0,0.46
1988-03-28,38.47,23.16,58.94,0.0,0.46
1988-03-29,38.33,21.45,61.89,0.0,0.46
1988-03-30,38.13,22.68,57.15,0.0,0.46
1988-03-31,38.5,21.43,57.16,0.0,0.46
1988-04-01,37.87,21.49,59.61,0.0,0.46
1988-04-02,40.14,21.45,55.55,0.0,0.46
1988-04-03,40.96,22.91,54.1,0.0,0.46
1988-04-04,40.28,24.08,57.38,0.0,0.46
1988-04-05,40.75,23.39,54.85,0.0,0.46
1988-04-06,42.18,22.95,52.62,0.0,0.46
1988-04-07,42.36,23.55,53.77,0.0,0.46
1988-04-08,41.69,24.55,54.28,0.0,0.46
1988-04-09,42.48,25.81,49.69,0.0,0.46
1988-04-10,39.9,26.0,55.51,0.0,0.46
1988-04-11,41.26,25.75,54.82,0.02,0.46
1988-04-12,41.89,25.67,54.5,0.0,0.46
1988-04-13,40.42,25.22,55.47,1.18,0.46
1988-04-14,39.01,25.86,54.69,0.03,0.46
1988-04-15,37.3,26.29,54.71,1.1,0.46
1988-04-16,35.97,26.51,57.84,0.0,0.46
1988-04-17,35.34,25.87,50.46,0.93,0.46
1988-04-18,35.51,25.19,58.32,15.97,0.48
1988-04-19,33.8,24.65,72.63,6.04,0.49
1988-04-20,35.86,24.52,66.53,0.08,0.49
1988-04-21,36.39,24.97,64.95,0.0,0.49
1988-04-22,35.98,25.7,66.58,0.04,0.48
1988-04-23,36.11,25.68,65.82,0.0,0.48
1988-04-24,38.43,24.51,61.54,0.74,0.48
1988-04-25,37.64,25.37,59.93,0.0,0.47
1988-04-26,37.37,26.38,59.91,0.0,0.47
1988-04-27,40.47,25.42,53.6,0.15,0.47
1988-04-28,38.25,25.91,62.86,7.76,0.48
1988-04-29,36.07,26.4,65.68,0.51,0.48
1988-04-30,38.21,24.91,59.79,0.18,0.47
1988-05-01,33.9,26.32,62.72,1.64,0.47
1988-05-02,34.9,26.13,62.18,1.27,0.47
1988-05-03,36.04,25.96,65.29,2.89,0.47
1988-05-04,34.86,26.48,68.29,1.25,0.47
1988-05-05,32.19,25.93,78.71,11.14,0.48
1988-05-06,34.39,25.85,73.46,7.33,0.5
1988-05-07,37.5,26.16,65.07,1.74,0.5
1988-05-08,37.85,26.52,62.97,0.04,0.49
1988-05-09,36.69,26.75,64.43,0.43,0.49
1988-05-10,38.21,26.33,62.97,0.17,0.48
1988-05-11,39.25,26.41,59.77,0.01,0.48
1988-05-12,39.04,27.33,60.2,0.68,0.48
1988-05-13,33.78,27.64,68.85,0.17,0.47
1988-05-14,31.87,25.86,77.24,4.37,0.48
1988-05-15,34.54,24.93,75.5,3.4,0.48
1988-05-16,30.56,25.57,85.31,4.83,0.49
1988-05-17,30.36,25.32,86.7,14.85,0.51
1988-05-18,31.55,26.08,85.72,3.07,0.52
1988-05-19,32.79,26.78,80.27,2.97,0.52
1988-05-20,34.26,26.64,72.94,0.45,0.52
1988-05-21,34.59,26.36,72.48,2.25,0.51
1988-05-22,33.03,26.38,79.34,4.01,0.52
1988-05-23,33.15,26.24,76.57,0.0,0.51
1988-05-24,35.73,26.22,69.49,0.0,0.51
1988-05-25,35.4,26.33,68.8,0.02,0.51
1988-05-26,35.06,26.78,69.15,0.0,0.5
1988-05-27,35.83,26.78,67.88,0.0,0.5
1988-05-28,36.21,27.14,65.95,0.03,0.5
1988-05-29,34.62,27.05,72.82,1.83,0.5
1988-05-30,33.28,27.25,75.65,0.01,0.49
1988-05-31,33.26,26.85,74.42,0.04,0.49
1988-06-01,31.72,26.52,74.01,0.18,0.49
1988-06-02,34.47,25.89,72.2,0.1,0.49
1988-06-03,31.98,27.45,75.31,0.26,0.49
1988-06-04,33.08,27.01,70.61,0.52,0.49
1988-06-05,31.82,26.05,79.85,6.97,0.49
1988-06-06,30.42,25.72,79.25,0.16,0.49
1988-06-07,33.34,24.98,73.13,0.09,0.49
1988-06-08,31.27,25.94,74.1,0.01,0.49
1988-06-09,30.96,26.41,77.49,0.28,0.49
1988-06-10,30.98,26.23,83.35,3.59,0.49
1988-06-11,31.66,26.08,78.94,0.02,0.49
1988-06-12,31.66,25.71,77.33,0.31,0.49
1988-06-13,34.01,25.59,71.46,0.41,0.49
1988-06-14,32.93,25.68,74.1,1.5,0.49
1988-06-15,34.95,26.31,67.23,0.02,0.48
1988-06-16,33.45,26.73,68.03,0.0,0.48
1988-06-17,32.35,26.18,73.61,0.01,0.48
1988-06-18,34.04,26.19,68.99,0.1,0.48
1988-06-19,33.98,26.46,71.49,0.15,0.47
1988-06-20,31.69,26.78,71.2,0.02,0.47
1988-06-21,33.1,26.1,67.87,0.77,0.47
1988-06-22,32.86,26.39,72.37,6.42,0.48
1988-06-23,36.35,25.65,67.35,0.04,0.48
1988-06-24,34.01,27.43,68.96,0.16,0.48
1988-06-25,34.52,27.14,69.79,1.14,0.47
1988-06-26,31.93,26.06,80.94,11.89,0.49
1988-06-27,32.89,25.87,76.24,3.49,0.5
1988-06-28,31.71,25.91,74.39,0.15,0.5
1988-06-29,33.12,25.47,73.02,0.05,0.49
1988-06-30,34.26,25.42,71.4,0.02,0.49
1988-07-01,33.1,26.01,71.26,0.24,0.49
1988-07-02,33.43,26.03,70.46,0.13,0.48
1988-07-03,34.54,25.72,68.46,0.04,0.48
1988-07-04,33.84,26.25,70.69,0.93,0.48
1988-07-05,36.27,25.16,66.53,0.03,0.48
1988-07-06,32.03,26.6,69.83,0.09,0.48
1988-07-07,33.47,25.77,70.45,0.35,0.47
1988-07-08,34.1,25.33,72.17,3.56,0.48
1988-07-09,33.79,25.82,71.5,0.01,0.48
1988-07-10,33.93,26.17,69.76,0.07,0.47
1988-07-11,35.7,26.47,67.03,0.04,0.47
1988-07-12,32.54,27.22,69.45,0.01,0.47
1988-07-13,36.69,25.99,65.83,0.07,0.47
1988-07-14,32.49,27.04,73.95,0.05,0.47
1988-07-15,35.43,26.63,69.94,0.37,0.47
1988-07-16,30.9,27.28,80.57,3.59,0.47
1988-07-17,31.23,26.73,80.82,0.14,0.47
1988-07-18,31.2,26.06,78.73,0.03,0.47
1988-07-19,36.33,25.42,68.0,0.02,0.47
1988-07-20,34.48,26.29,69.03,0.14,0.47
1988-07-21,33.8,26.65,69.97,0.03,0.47
1988-07-22,31.41,26.41,74.61,0.03,0.47
1988-07-23,34.06,25.29,70.82,0.06,0.47
1988-07-24,34.71,25.42,69.19,0.14,0.47
1988-07-25,32.94,26.52,72.56,0.03,0.47
1988-07-26,32.88,26.06,69.58,0.14,0.47
1988-07-27,33.09,26.01,71.68,0.06,0.47
1988-07-28,33.77,26.39,70.16,0.5,0.47
1988-07-29,34.45,25.96,70.9,2.38,0.47
1988-07-30,32.35,26.3,77.57,8.29,0.48
1988-07-31,31.09,26.04,82.15,10.23,0.49
1988-08-01,30.91,25.97,82.45,7.72,0.5
1988-08-02,32.5,26.08,77.38,2.46,0.51
1988-08-03,32.87,25.94,74.74,0.24,0.51
1988-08-04,32.37,25.54,77.72,4.36,0.51
1988-08-05,34.32,25.29,72.83,0.0,0.51
1988-08-06,30.72,25.9,78.48,0.03,0.5
1988-08-07,31.72,25.65,75.81,0.06,0.5
1988-08-08,31.54,26.09,76.15,0.0,0.5
1988-08-09,33.15,26.11,74.59,0.01,0.5
1988-08-10,35.06,25.75,70.62,0.39,0.49
1988-08-11,33.85,25.61,73.84,5.02,0.5
1988-08-12,36.22,25.23,70.03,1.04,0.5
1988-08-13,36.41,26.05,68.75,1.57,0.5
1988-08-14,32.71,26.41,74.59,0.65,0.49
1988-08-15,32.46,25.9,76.49,0.03,0.49
1988-08-16,30.95,26.21,81.58,0.02,0.49
1988-08-17,33.74,25.69,72.0,0.02,0.49
1988-08-18,32.76,25.0,75.71,0.0,0.49
1988-08-19,32.34,25.74,73.58,0.02,0.48
1988-08-20,33.53,25.23,73.7,0.05,0.48
1988-08-21,34.53,25.36,70.28,0.01,0.48
1988-08-22,32.17,25.22,71.84,0.0,0.48
1988-08-23,35.49,25.06,66.58,0.0,0.48
1988-08-24,36.89,25.78,63.76,0.01,0.47
1988-08-25,36.78,26.1,64.63,0.0,0.47
1988-08-26,35.95,26.55,64.69,0.0,0.47
1988-08-27,36.41,26.04,66.24,0.4,0.47
1988-08-28,32.06,26.0,75.95,3.08,0.47
1988-08-29,33.38,25.31,70.72,0.11,0.47
1988-08-30,35.47,25.22,70.62,0.18,0.47
1988-08-31,34.33,25.43,72.34,1.38,0.47
1988-09-01,30.67,25.47,80.99,2.11,0.47
1988-09-02,33.39,24.65,74.42,0.76,0.47
1988-09-03,34.99,25.05,71.89,0.58,0.47
1988-09-04,37.19,24.85,67.74,0.06,0.47
1988-09-05,34.26,26.12,72.03,2.39,0.47
1988-09-06,31.93,25.59,71.84,0.25,0.47
1988-09-07,36.65,24.39,63.03,0.22,0.47
1988-09-08,36.02,25.86,63.07,0.59,0.47
1988-09-09,37.39,26.56,59.74,0.68,0.47
1988-09-10,34.55,26.68,71.39,4.01,0.47
1988-09-11,31.89,25.93,78.05,3.32,0.48
1988-09-12,31.77,25.71,76.99,0.35,0.48
1988-09-13,34.54,25.55,72.36,0.29,0.47
1988-09-14,34.01,25.54,71.03,0.16,0.47
1988-09-15,35.32,25.69,68.12,0.5,0.47
1988-09-16,33.37,25.47,74.08,2.57,0.47
1988-09-17,34.39,25.53,73.32,0.82,0.47
1988-09-18,35.57,25.5,74.45,4.17,0.47
1988-09-19,32.69,25.9,81.72,2.51,0.48
1988-09-20,30.43,25.53,83.41,0.76,0.48
1988-09-21,34.7,25.04,73.0,0.2,0.47
1988-09-22,33.74,25.74,69.24,0.02,0.47
1988-09-23,34.78,25.64,66.97,0.34,0.47
1988-09-24,32.81,25.94,71.97,0.08,0.47
1988-09-25,37.21,24.91,67.22,0.89,0.47
1988-09-26,34.46,25.72,69.34,0.09,0.47
1988-09-27,36.62,25.58,69.06,0.42,0.47
1988-09-28,32.78,26.46,79.44,4.1,0.47
1988-09-29,33.26,26.39,75.32,0.14,0.47
1988-09-30,33.27,25.86,74.17,0.08,0.47
1988-10-01,37.34,25.16,64.29,0.16,0.47
1988-10-02,36.02,25.45,68.74,2.14,0.47
1988-10-03,36.02,26.17,71.15,0.32,0.47
1988-10-04,31.65,26.24,75.53,0.49,0.47
1988-10-05,32.01,25.84,79.56,3.23,0.47
1988-10-06,31.28,25.6,76.85,0.23,0.47
1988-10-07,32.86,25.98,72.14,0.36,0.47
1988-10-08,32.83,25.19,76.59,3.79,0.47
1988-10-09,33.76,24.85,78.36,7.01,0.47
1988-10-10,34.77,24.88,75.35,4.14,0.48
1988-10-11,32.67,25.3,77.69,0.21,0.49
1988-10-12,33.74,26.32,71.54,0.26,0.48
1988-10-13,31.55,24.9,78.04,0.7,0.48
1988-10-14,34.45,24.25,74.68,1.29,0.48
1988-10-15,34.04,25.34,72.14,0.37,0.48
1988-10-16,32.41,25.67,81.33,2.32,0.48
1988-10-17,32.02,25.48,82.45,12.81,0.48
1988-10-18,31.39,24.43,84.47,8.34,0.51
1988-10-19,33.41,23.16,71.55,0.14,0.51
1988-10-20,34.07,23.53,69.55,0.0,0.51
1988-10-21,35.67,24.08,66.88,0.0,0.5
1988-10-22,35.82,24.62,68.51,0.0,0.5
1988-10-23,36.39,25.41,66.47,0.01,0.5
1988-10-24,34.16,25.57,70.66,0.11,0.49
1988-10-25,34.01,25.41,69.69,0.02,0.49
1988-10-26,33.71,25.1,69.9,0.01,0.49
1988-10-27,36.09,25.02,65.89,0.1,0.49
1988-10-28,36.33,25.46,63.59,0.0,0.48
1988-10-29,36.76,25.05,60.7,0.0,0.48
1988-10-30,36.04,23.23,59.73,0.0,0.48
1988-10-31,35.82,22.55,59.5,0.0,0.47
1988-11-01,35.58,22.69,58.67,0.0,0.47
1988-11-02,36.24,23.23,58.32,0.0,0.47
1988-11-03,36.83,24.68,60.45,0.04,0.47
1988-11-04,35.15,25.17,59.26,0.0,0.47
1988-11-05,35.07,24.27,52.97,0.0,0.47
1988-11-06,35.09,20.84,53.7,0.0,0.47
1988-11-07,35.6,21.0,53.39,0.0,0.47
1988-11-08,36.56,22.02,51.2,0.0,0.46
1988-11-09,37.5,24.13,50.48,0.0,0.46
1988-11-10,36.9,23.46,49.21,0.0,0.46
1988-11-11,35.94,22.64,50.7,0.0,0.46
1988-11-12,35.95,21.54,45.49,0.0,0.46
1988-11-13,35.76,19.99,51.09,0.0,0.46
1988-11-14,36.52,22.52,53.23,0.06,0.46
1988-11-15,30.83,24.05,68.73,0.28,0.46
1988-11-16,23.71,20.64,86.09,1.83,0.46
1988-11-17,23.83,19.28,89.26,5.25,0.46
1988-11-18,27.09,21.58,89.87,21.95,0.49
1988-11-19,30.53,22.87,81.53,0.03,0.51
1988-11-20,31.49,22.27,71.55,0.0,0.5
1988-11-21,32.54,21.56,64.99,0.0,0.5
1988-11-22,32.68,22.27,67.24,0.0,0.5
1988-11-23,33.97,23.68,67.42,0.0,0.5
1988-11-24,29.56,23.26,73.98,0.0,0.49
1988-11-25,34.28,22.74,67.18,0.0,0.49
1988-11-26,31.79,22.98,71.65,0.0,0.49
1988-11-27,30.88,23.32,75.36,0.0,0.49
1988-11-28,30.93,23.01,74.14,0.0,0.49
1988-11-29,32.41,21.25,65.12,0.0,0.48
1988-11-30,33.03,19.13,62.77,0.03,0.48
1988-12-01,33.74,20.78,59.05,0.0,0.48
1988-12-02,33.49,21.42,60.72,0.0,0.48
1988-12-03,33.32,19.71,57.26,0.0,0.47
1988-12-04,34.01,21.12,58.04,0.0,0.47
1988-12-05,34.34,21.32,59.01,0.0,0.47
1988-12-06,33.91,21.93,62.03,0.0,0.47
1988-12-07,34.05,21.46,63.67,0.0,0.47
1988-12-08,34.56,21.39,61.11,0.0,0.47
1988-12-09,31.27,23.43,65.35,0.0,0.47
1988-12-10,33.06,22.95,56.56,0.0,0.47
1988-12-11,33.78,21.92,56.78,0.0,0.47
1988-12-12,32.98,19.65,55.09,0.0,0.46
1988-12-13,32.66,21.19,56.84,0.0,0.46
1988-12-14,32.56,21.51,59.72,0.0,0.46
1988-12-15,32.73,21.13,57.67,0.0,0.46
1988-12-16,32.56,19.68,52.27,0.0,0.46
1988-12-17,31.89,19.62,53.24,0.0,0.46
1988-12-18,33.13,17.51,51.98,0.0,0.46
1988-12-19,33.85,18.57,54.51,0.0,0.46
1988-12-20,34.91,19.93,52.98,0.0,0.46
1988-12-21,35.63,20.81,53.59,0.0,0.46
1988-12-22,35.4,20.63,56.94,0.0,0.46
1988-12-23,35.84,20.94,58.0,0.0,0.46
1988-12-24,35.76,20.12,58.9,0.0,0.46
1988-12-25,36.2,19.08,51.85,0.0,0.46
1988-12-26,35.48,19.61,50.69,0.0,0.46
1988-12-27,33.66,21.71,59.13,0.0,0.46
1988-12-28,33.71,21.74,57.49,0.0,0.46
1988-12-29,34.18,20.62,52.98,0.0,0.46
1988-12-30,34.32,21.58,52.32,0.0,0.46
1988-12-31,34.92,20.86,54.97,0.0,0.46
1989-01-01,35.52,20.84,53.34,0.0,0.46
1989-01-02,35.21,21.43,51.21,0.0,0.46
1989-01-03,35.62,20.87,53.52,0.0,0.46
1989-01-04,35.28,20.44,52.6,0.0,0.46
1989-01-05,34.53,19.1,49.29,0.0,0.46
1989-01-06,33.11,17.42,54.0,0.0,0.46
1989-01-07,34.35,16.71,54.93,0.0,0.46
1989-01-08,35.13,16.51,45.72,0.0,0.46
1989-01-09,35.86,16.3,46.94,0.0,0.46
1989-01-10,33.87,17.3,57.32,0.0,0.46
1989-01-11,32.83,17.12,61.85,0.0,0.46
1989-01-12,33.37,16.51,56.03,0.0,0.46
1989-01-13,33.76,16.22,49.32,0.0,0.46
1989-01-14,35.02,15.96,51.69,0.0,0.46
1989-01-15,35.1,17.91,53.41,0.0,0.46
1989-01-16,33.95,17.66,55.43,0.0,0.46
1989-01-17,32.65,16.92,54.83,0.0,0.46
1989-01-18,31.85,14.53,62.61,0.0,0.46
1989-01-19,32.21,15.32,54.57,0.0,0.46
1989-01-20,32.46,15.67,49.39,0.0,0.46
1989-01-21,33.67,15.43,52.44,0.0,0.46
1989-01-22,33.97,17.35,53.24,0.0,0.46
1989-01-23,33.56,16.4,55.39,0.01,0.46
1989-01-24,32.77,18.29,58.88,0.16,0.46
1989-01-25,33.67,19.74,51.69,0.02,0.46
1989-01-26,33.31,20.76,50.53,0.0,0.46
1989-01-27,33.91,21.14,46.5,0.0,0.46
1989-01-28,34.79,19.94,48.03,0.0,0.46
1989-01-29,33.73,18.32,46.34,0.0,0.46
1989-01-30,33.9,16.0,50.15,0.0,0.46
1989-01-31,34.39,16.75,51.31,0.0,0.46
1989-02-01,33.64,16.65,52.07,0.0,0.46
1989-02-02,32.53,15.46,57.18,0.0,0.46
1989-02-03,33.4,15.72,61.93,0.0,0.46
1989-02-04,32.91,16.46,63.34,0.0,0.46
1989-02-05,33.16,17.34,57.01,0.0,0.46
1989-02-06,33.86,17.36,59.89,0.0,0.46
1989-02-07,35.15,16.7,59.04,0.0,0.46
1989-02-08,35.71,16.69,60.86,0.0,0.46
1989-02-09,36.47,17.75,58.88,0.0,0.46
1989-02-10,37.72,18.2,56.53,0.0,0.46
1989-02-11,37.26,18.14,53.44,0.0,0.46
1989-02-12,36.52,18.6,54.54,0.0,0.46
1989-02-13,35.47,18.27,58.68,0.0,0.46
1989-02-14,35.63,18.21,60.35,0.0,0.46
1989-02-15,34.72,17.86,61.65,0.0,0.46
1989-02-16,33.78,17.99,67.01,0.0,0.46
1989-02-17,36.05,18.29,59.46,0.0,0.46
1989-02-18,36.89,18.58,54.39,0.0,0.46
1989-02-19,38.27,18.54,53.72,0.0,0.46
1989-02-20,37.28,17.93,54.03,0.0,0.46
1989-02-21,35.42,18.06,58.43,0.0,0.46
1989-02-22,35.89,17.13,46.28,0.0,0.46
1989-02-23,37.72,17.79,43.48,0.0,0.46
1989-02-24,36.76,17.96,48.17,0.0,0.46
1989-02-25,38.55,17.41,44.8,0.1,0.46
1989-02-26,37.57,18.63,50.51,0.0,0.46
1989-02-27,37.61,19.36,44.69,0.0,0.46
1989-02-28,36.95,19.43,48.3,0.0,0.46
1989-03-01,37.9,19.72,46.56,0.0,0.46
1989-03-02,37.3,19.04,48.44,0.0,0.46
1989-03-03,38.17,18.98,52.73,0.0,0.46
1989-03-04,38.39,18.62,52.01,0.0,0.46
1989-03-05,39.05,19.75,44.34,0.04,0.46
1989-03-06,38.59,19.63,45.51,0.05,0.46
1989-03-07,38.3,19.67,45.52,0.01,0.46
1989-03-08,35.36,22.92,50.74,0.0,0.46
1989-03-09,36.11,22.96,51.08,0.0,0.46
1989-03-10,37.33,22.74,48.27,0.0,0.46
1989-03-11,38.22,22.2,51.71,0.0,0.46
1989-03-12,35.31,22.1,57.82,0.0,0.46
1989-03-13,36.14,21.92,54.94,0.0,0.46
1989-03-14,37.03,22.11,53.94,0.0,0.46
1989-03-15,36.85,21.79,54.29,0.0,0.46
1989-03-16,37.14,20.0,57.8,0.0,0.46
1989-03-17,37.79,19.46,59.41,0.0,0.46
1989-03-18,38.86,21.32,59.39,0.0,0.46
1989-03-19,38.82,21.6,60.09,0.0,0.46
1989-03-20,39.49,21.66,59.28,0.0,0.46
1989-03-21,38.01,22.15,61.05,0.0,0.46
1989-03-22,38.02,21.73,61.45,0.0,0.46
1989-03-23,38.23,22.53,62.47,0.0,0.46
1989-03-24,37.9,23.0,61.6,0.0,0.46
1989-03-25,38.45,23.18,59.73,0.0,0.46
1989-03-26,40.0,22.28,56.66,0.0,0.46
1989-03-27,40.01,23.45,57.41,0.0,0.46
1989-03-28,39.71,23.1,59.66,0.82,0.46
1989-03-29,39.24,22.57,61.12,3.93,0.46
1989-03-30,35.65,25.22,57.92,0.0,0.46
1989-03-31,38.3,23.66,52.29,0.06,0.46
1989-04-01,37.75,21.5,53.51,0.0,0.46
1989-04-02,38.39,21.59,58.05,0.0,0.46
1989-04-03,38.57,21.63,62.71,0.0,0.46
1989-04-04,38.81,22.43,62.92,0.0,0.46
1989-04-05,38.93,21.77,61.2,0.0,0.46
1989-04-06,39.72,21.65,59.27,0.0,0.46
1989-04-07,38.97,21.66,57.75,0.0,0.46
1989-04-08,37.94,21.09,59.42,0.0,0.46
1989-04-09,38.55,20.8,59.58,0.0,0.46
1989-04-10,38.92,21.69,58.88,0.0,0.46
1989-04-11,37.76,22.09,59.67,0.0,0.46
1989-04-12,39.87,22.07,58.09,0.0,0.46
1989-04-13,39.66,22.03,60.86,0.25,0.46
1989-04-14,40.74,21.46,60.19,0.0,0.46
1989-04-15,40.57,22.45,59.48,0.02,0.46
1989-04-16,39.81,21.68,57.83,0.0,0.46
1989-04-17,40.16,21.04,58.44,0.0,0.46
1989-04-18,39.64,23.23,61.97,0.0,0.46
1989-04-19,40.47,23.28,61.92,0.0,0.46
1989-04-20,39.97,23.87,62.15,0.0,0.46
1989-04-21,38.4,23.31,63.65,0.0,0.46
1989-04-22,38.9,24.02,61.77,0.0,0.46
1989-04-23,39.34,23.73,59.09,0.0,0.46
1989-04-24,39.81,25.22,58.76,0.04,0.46
1989-04-25,38.17,24.22,62.75,0.57,0.46
1989-04-26,39.01,23.42,60.13,0.0,0.46
1989-04-27,39.09,24.68,57.54,0.0,0.46
1989-04-28,39.85,23.61,59.22,0.0,0.46
1989-04-29,40.09,24.88,57.79,0.0,0.46
1989-04-30,36.42,26.47,60.6,0.0,0.46
1989-05-01,38.25,26.29,59.38,0.0,0.46
1989-05-02,38.15,26.42,62.29,0.0,0.46
1989-05-03,39.15,25.21,62.24,0.0,0.46
1989-05-04,39.74,25.06,60.16,0.0,0.46
1989-05-05,40.2,25.36,59.09,0.0,0.46
1989-05-06,39.69,25.8,58.58,0.0,0.46
1989-05-07,39.18,26.18,58.92,0.0,0.46
1989-05-08,38.82,26.66,60.19,0.0,0.46
1989-05-09,39.27,27.16,58.13,0.01,0.46
1989-05-10,39.53,26.34,56.95,0.01,0.46
1989-05-11,33.6,27.01,64.59,0.78,0.46
1989-05-12,35.29,26.22,63.73,0.02,0.46
1989-05-13,35.96,26.94,61.25,0.1,0.46
1989-05-14,33.26,27.04,65.31,0.08,0.46
1989-05-15,33.44,26.33,64.37,0.01,0.46
1989-05-16,37.11,26.16,59.54,0.02,0.46
1989-05-17,37.96,26.96,58.22,0.01,0.46
1989-05-18,34.11,27.39,66.73,0.14,0.46
1989-05-19,34.39,26.87,70.06,0.03,0.46
1989-05-20,34.36,26.91,69.19,1.47,0.46
1989-05-21,32.23,25.87,79.32,21.65,0.48
1989-05-22,31.35,25.78,79.74,0.0,0.5
1989-05-23,30.98,26.29,79.08,0.09,0.5
1989-05-24,31.8,25.64,77.53,0.45,0.5
1989-05-25,33.16,25.52,74.17,1.02,0.49
1989-05-26,33.89,25.79,67.94,0.0,0.49
1989-05-27,34.85,25.57,68.92,0.03,0.49
1989-05-28,36.27,25.52,67.53,0.02,0.49
1989-05-29,37.03,26.51,63.44,0.03,0.48
1989-05-30,35.23,26.49,64.33,0.0,0.48
1989-05-31,37.26,25.86,61.87,0.0,0.48
1989-06-01,35.09,27.06,64.59,0.0,0.48
1989-06-02,35.1,26.91,66.31,0.02,0.47
1989-06-03,35.24,26.89,65.34,0.29,0.47
1989-06-04,34.81,26.94,68.08,0.56,0.47
1989-06-05,29.95,26.28,79.61,1.61,0.47
1989-06-06,34.25,26.0,74.37,0.55,0.47
1989-06-07,34.05,25.88,73.73,0.0,0.47
1989-06-08,32.3,26.83,72.48,0.08,0.47
1989-06-09,31.04,25.86,74.25,0.62,0.47
1989-06-10,30.77,26.08,76.13,0.73,0.47
1989-06-11,35.18,26.28,66.9,0.13,0.47
1989-06-12,34.63,27.32,68.86,0.58,0.47
1989-06-13,33.74,27.14,67.65,0.1,0.47
1989-06-14,32.9,26.76,71.1,0.04,0.47
1989-06-15,32.07,25.99,70.65,0.09,0.47
1989-06-16,33.49,25.87,67.06,0.08,0.47
1989-06-17,33.8,25.73,68.51,0.2,0.47
1989-06-18,30.85,25.94,77.48,2.14,0.47
1989-06-19,32.8,25.34,69.75,0.01,0.47
1989-06-20,31.49,26.15,71.7,0.33,0.47
1989-06-21,31.4,25.42,69.19,0.0,0.47
1989-06-22,36.58,25.19,63.01,0.31,0.47
1989-06-23,34.55,25.96,67.22,4.79,0.47
1989-06-24,33.42,25.88,69.79,4.29,0.48
1989-06-25,32.85,25.92,69.67,0.0,0.48
1989-06-26,33.23,26.21,71.84,0.04,0.47
1989-06-27,33.59,25.87,72.55,0.05,0.47
1989-06-28,31.03,25.78,74.59,1.32,0.47
1989-06-29,31.1,25.21,79.63,8.66,0.48
1989-06-30,33.95,25.05,71.33,0.06,0.49
1989-07-01,33.12,25.92,69.22,0.08,0.48
1989-07-02,36.61,25.27,63.25,0.0,0.48
1989-07-03,34.64,26.41,66.67,0.01,0.48
1989-07-04,32.11,26.51,71.06,0.0,0.47
1989-07-05,32.85,26.16,72.56,0.03,0.47
1989-07-06,33.41,25.96,70.59,0.03,0.47
1989-07-07,31.42,25.51,70.67,0.03,0.47
1989-07-08,37.43,25.19,59.77,0.0,0.47
1989-07-09,38.33,25.93,59.27,0.11,0.47
1989-07-10,37.66,25.71,64.66,0.45,0.47
1989-07-11,33.63,26.15,73.65,6.87,0.47
1989-07-12,33.48,25.3,72.05,0.36,0.48
1989-07-13,30.88,25.32,78.5,3.48,0.48
1989-07-14,33.29,24.79,73.52,1.18,0.48
1989-07-15,32.68,25.36,72.53,0.02,0.48
1989-07-16,33.71,25.65,69.61,0.52,0.48
1989-07-17,35.46,25.63,70.63,5.15,0.48
1989-07-18,31.41,26.07,82.69,23.16,0.51
1989-07-19,31.96,25.87,81.49,1.79,0.52
1989-07-20,32.57,25.17,78.97,0.13,0.52
1989-07-21,33.12,25.0,76.64,1.81,0.52
1989-07-22,32.03,25.73,78.7,0.01,0.51
1989-07-23,31.38,25.12,77.0,0.15,0.51
1989-07-24,30.98,25.39,78.88,0.01,0.51
1989-07-25,31.47,24.73,79.88,0.19,0.51
1989-07-26,30.69,25.23,76.56,0.05,0.51
1989-07-27,32.56,24.96,72.64,0.18,0.5
1989-07-28,33.84,25.57,70.51,0.3,0.5
1989-07-29,35.07,25.45,70.85,3.76,0.5
1989-07-30,33.14,25.21,76.31,11.89,0.51
1989-07-31,32.55,25.91,74.74,0.2,0.52
1989-08-01,34.28,26.4,70.58,0.11,0.51
1989-08-02,34.12,25.99,72.41,2.27,0.51
1989-08-03,33.05,25.83,71.28,0.07,0.51
1989-08-04,32.15,25.93,74.71,0.03,0.51
1989-08-05,30.9,25.34,74.22,0.11,0.5
1989-08-06,30.9,25.16,76.56,0.05,0.5
1989-08-07,33.31,25.08,70.43,0.0,0.5
1989-08-08,33.71,25.28,71.25,0.01,0.5
1989-08-09,32.15,26.02,72.54,0.11,0.49
1989-08-10,31.95,25.77,76.46,0.16,0.49
1989-08-11,32.05,25.78,74.07,0.0,0.49
1989-08-12,33.62,25.03,70.55,0.0,0.49
1989-08-13,34.01,25.95,70.42,0.04,0.49
1989-08-14,33.11,25.32,72.83,1.21,0.48
1989-08-15,29.68,25.54,84.31,4.62,0.49
1989-08-16,31.36,25.31,80.16,0.04,0.49
1989-08-17,32.29,25.45,76.28,0.0,0.49
1989-08-18,34.08,25.28,70.43,0.0,0.49
1989-08-19,33.79,24.98,72.51,0.0,0.48
1989-08-20,33.0,25.73,74.06,0.04,0.48
1989-08-21,33.29,25.94,74.21,0.02,0.48
1989-08-22,31.18,25.78,75.6,0.13,0.48
1989-08-23,31.84,25.48,78.28,1.5,0.48
1989-08-24,32.57,24.66,75.57,1.85,0.48
1989-08-25,32.1,25.7,74.37,0.02,0.48
1989-08-26,33.0,25.23,72.85,0.0,0.48
1989-08-27,32.1,25.84,75.74,0.08,0.47
1989-08-28,34.07,25.63,73.77,0.9,0.47
1989-08-29,31.21,25.75,83.87,7.59,0.48
1989-08-30,30.8,25.11,83.79,3.27,0.49
1989-08-31,30.56,24.5,80.35,0.0,0.49
1989-09-01,33.92,24.41,73.52,0.0,0.49
1989-09-02,33.51,25.24,72.76,0.0,0.48
1989-09-03,31.12,25.52,76.14,0.01,0.48
1989-09-04,32.5,25.19,74.94,0.06,0.48
1989-09-05,31.85,25.36,76.41,0.01,0.48
1989-09-06,32.95,25.33,75.77,0.37,0.48
1989-09-07,32.85,25.39,78.84,1.83,0.48
1989-09-08,35.59,25.01,72.34,0.09,0.48
1989-09-09,32.93,26.27,71.9,0.04,0.47
1989-09-10,33.68,26.24,68.44,0.02,0.47
1989-09-11,32.79,26.23,68.45,0.02,0.47
1989-09-12,36.11,26.08,64.74,0.0,0.47
1989-09-13,33.95,26.24,66.4,0.04,0.47
1989-09-14,34.05,25.38,70.34,0.0,0.47
1989-09-15,33.69,26.0,69.28,0.01,0.47
1989-09-16,34.55,25.66,66.18,0.03,0.47
1989-09-17,35.3,25.3,64.04,0.0,0.47
1989-09-18,34.27,25.54,66.23,0.01,0.47
1989-09-19,36.17,25.01,65.56,0.0,0.47
1989-09-20,35.46,25.63,64.17,0.02,0.46
1989-09-21,33.1,26.52,66.82,0.0,0.46
1989-09-22,34.95,25.77,66.95,0.0,0.46
1989-09-23,32.97,26.22,72.3,0.0,0.46
1989-09-24,32.28,25.65,73.6,0.03,0.46
1989-09-25,31.29,25.2,74.03,0.0,0.46
1989-09-26,30.95,25.15,68.99,0.0,0.46
1989-09-27,35.94,24.79,63.33,0.0,0.46
1989-09-28,36.61,25.11,64.52,0.0,0.46
1989-09-29,35.62,26.01,64.14,0.0,0.46
1989-09-30,36.14,26.18,61.2,0.0,0.46
1989-10-01,33.1,26.18,69.32,0.0,0.46
1989-10-02,33.96,25.63,71.05,0.06,0.46
1989-10-03,36.9,25.25,63.21,0.54,0.46
1989-10-04,35.17,25.27,65.03,0.99,0.46
1989-10-05,31.64,26.2,70.23,1.03,0.46
1989-10-06,34.56,24.64,73.81,6.8,0.47
1989-10-07,30.93,25.46,79.35,0.17,0.47
1989-10-08,35.96,24.49,68.02,0.3,0.47
1989-10-09,34.55,24.61,67.49,0.0,0.47
1989-10-10,37.72,24.37,62.81,0.0,0.47
1989-10-11,36.76,25.51,62.41,0.03,0.47
1989-10-12,35.14,26.61,61.88,0.01,0.47
1989-10-13,38.45,25.82,57.61,0.0,0.47
1989-10-14,37.37,26.25,60.21,0.09,0.46
1989-10-15,30.94,26.46,71.04,0.09,0.46
1989-10-16,34.09,25.38,67.64,0.11,0.46
1989-10-17,33.68,25.51,69.19,0.02,0.46
1989-10-18,34.29,24.67,68.96,0.6,0.46
1989-10-19,33.92,24.33,68.5,0.01,0.46
1989-10-20,28.82,24.9,76.41,0.0,0.46
1989-10-21,32.6,24.28,70.46,0.12,0.46
1989-10-22,36.31,24.16,59.3,0.2,0.46
1989-10-23,35.87,25.12,56.76,0.0,0.46
1989-10-24,35.36,24.32,59.34,0.0,0.46
1989-10-25,37.61,25.27,56.47,0.02,0.46
1989-10-26,37.7,24.94,58.75,0.13,0.46
1989-10-27,37.43,24.67,62.15,0.36,0.46
1989-10-28,36.14,25.25,65.97,3.04,0.47
1989-10-29,37.27,24.35,61.31,0.0,0.47
1989-10-30,35.49,25.7,62.68,0.01,0.47
1989-10-31,34.88,25.77,60.74,0.15,0.46
1989-11-01,36.32,24.59,54.23,0.0,0.46
1989-11-02,35.07,24.91,58.93,0.0,0.46
1989-11-03,37.17,24.58,54.26,0.01,0.46
1989-11-04,37.51,22.17,48.0,0.01,0.46
1989-11-05,37.94,22.45,53.41,0.05,0.46
1989-11-06,34.52,26.05,62.02,0.03,0.46
1989-11-07,37.43,24.83,55.75,0.01,0.46
1989-11-08,36.2,26.43,53.34,0.0,0.46
1989-11-09,37.2,26.59,50.24,0.0,0.46
1989-11-10,36.03,24.56,49.75,0.0,0.46
1989-11-11,37.4,25.05,53.76,0.0,0.46
1989-11-12,38.45,25.08,52.02,0.0,0.46
1989-11-13,38.4,25.52,50.44,0.0,0.46
1989-11-14,37.74,26.37,46.31,0.0,0.46
1989-11-15,37.62,25.27,47.44,0.0,0.46
1989-11-16,37.73,25.15,48.76,0.0,0.46
1989-11-17,36.91,25.4,49.41,0.0,0.46
1989-11-18,36.98,25.98,51.05,0.0,0.46
1989-11-19,33.58,26.5,57.25,0.0,0.46
1989-11-20,34.1,25.5,56.37,0.0,0.46
1989-11-21,34.1,25.32,54.04,0.0,0.46
1989-11-22,35.44,25.2,52.11,0.0,0.46
1989-11-23,34.98,23.98,55.94,0.0,0.46
1989-11-24,33.76,25.33,53.89,0.0,0.46
1989-11-25,35.79,24.63,50.27,0.0,0.46
1989-11-26,35.89,23.84,50.9,0.0,0.46
1989-11-27,36.35,25.07,48.01,0.0,0.46
1989-11-28,36.56,23.47,50.01,0.07,0.46
1989-11-29,33.95,23.11,49.1,0.0,0.46
1989-11-30,33.12,23.17,47.4,0.0,0.46
1989-12-01,33.86,21.84,42.61,0.0,0.46
1989-12-02,33.16,20.62,45.34,0.0,0.46
1989-12-03,33.12,19.41,44.44,0.0,0.46
1989-12-04,34.56,21.6,44.59,0.0,0.46
1989-12-05,34.54,21.13,43.82,0.0,0.46
1989-12-06,33.13,18.68,39.44,0.0,0.46
1989-12-07,34.3,16.09,32.72,0.0,0.46
1989-12-08,34.96,15.9,30.48,0.0,0.46
1989-12-09,34.81,16.88,37.79,0.0,0.46
1989-12-10,34.14,17.91,50.44,0.0,0.46
1989-12-11,33.47,18.01,50.26,0.0,0.46
1989-12-12,33.72,19.53,46.71,0.0,0.46
1989-12-13,33.99,19.61,48.83,0.0,0.46
1989-12-14,33.39,21.66,49.52,0.0,0.46
1989-12-15,33.26,20.83,49.19,0.0,0.46
1989-12-16,33.21,19.7,47.74,0.0,0.46
1989-12-17,33.16,19.42,45.71,0.0,0.46
1989-12-18,33.23,18.36,43.04,0.0,0.46
1989-12-19,32.76,18.14,45.35,0.0,0.46
1989-12-20,32.81,18.54,46.61,0.0,0.46
1989-12-21,32.98,19.1,51.7,0.0,0.46
1989-12-22,32.4,17.95,56.81,0.0,0.46
1989-12-23,33.13,17.49,53.21,0.0,0.46
1989-12-24,34.2,17.44,48.79,0.0,0.46
1989-12-25,34.3,18.15,46.2,0.0,0.46
1989-12-26,34.65,17.98,57.82,0.0,0.46
1989-12-27,33.76,19.21,62.36,0.0,0.46
1989-12-28,33.55,18.74,59.86,0.0,0.46
1989-12-29,34.28,19.34,54.01,0.0,0.46
1989-12-30,34.62,19.5,49.06,0.0,0.46
1989-12-31,34.49,18.0,53.47,0.0,0.46
1990-01-01,33.75,17.54,54.6,0.0,0.46
1990-01-02,35.2,18.1,45.02,0.0,0.46
1990-01-03,35.89,17.95,44.51,0.0,0.46
1990-01-04,35.59,19.48,53.44,0.0,0.46
1990-01-05,35.34,20.86,51.88,0.0,0.46
1990-01-06,35.3,20.74,51.42,0.0,0.46
1990-01-07,35.04,19.27,49.03,0.0,0.46
1990-01-08,34.42,18.76,53.78,0.0,0.46
1990-01-09,33.36,17.76,51.45,0.0,0.46
1990-01-10,32.68,16.43,50.51,0.0,0.46
1990-01-11,33.43,16.32,48.16,0.0,0.46
1990-01-12,33.16,15.9,51.52,0.0,0.46
1990-01-13,32.62,15.42,53.46,0.0,0.46
1990-01-14,32.02,16.64,58.27,0.0,0.46
1990-01-15,33.56,15.42,53.66,0.0,0.46
1990-01-16,35.4,16.11,57.54,0.0,0.46
1990-01-17,33.7,17.26,58.73,0.0,0.46
1990-01-18,33.19,17.16,58.17,0.0,0.46
1990-01-19,33.44,18.23,56.3,0.0,0.46
1990-01-20,33.65,18.92,54.67,0.0,0.46
1990-01-21,35.48,18.26,57.29,0.0,0.46
1990-01-22,35.42,19.44,57.4,0.0,0.46
1990-01-23,35.95,19.97,51.47,0.0,0.46
1990-01-24,34.54,20.32,54.29,0.0,0.46
1990-01-25,34.1,18.63,56.94,0.0,0.46
1990-01-26,34.64,19.17,53.47,0.0,0.46
1990-01-27,34.67,19.76,52.85,0.0,0.46
1990-01-28,34.87,20.06,57.78,0.0,0.46
1990-01-29,35.94,19.39,57.72,0.0,0.46
1990-01-30,35.9,19.31,58.02,0.0,0.46
1990-01-31,36.3,18.53,55.91,0.0,0.46
1990-02-01,35.84,17.92,58.08,0.0,0.46
1990-02-02,35.58,17.89,55.97,0.0,0.46
1990-02-03,34.9,18.22,50.84,0.0,0.46
1990-02-04,35.64,17.78,55.47,0.0,0.46
1990-02-05,35.48,16.68,53.64,0.0,0.46
1990-02-06,37.01,16.75,53.75,0.0,0.46
1990-02-07,36.94,19.74,49.3,0.0,0.46
1990-02-08,37.74,20.43,45.05,0.0,0.46
1990-02-09,37.93,20.44,41.14,0.0,0.46
1990-02-10,37.49,19.6,40.54,0.0,0.46
1990-02-11,38.6,19.84,38.15,0.0,0.46
1990-02-12,37.97,20.6,46.15,0.0,0.46
1990-02-13,36.84,20.47,51.85,0.0,0.46
1990-02-14,35.98,19.03,56.19,0.0,0.46
1990-02-15,34.71,19.07,64.27,0.0,0.46
1990-02-16,35.21,19.63,63.39,0.0,0.46
1990-02-17,35.41,19.1,56.75,0.0,0.46
1990-02-18,35.94,18.39,56.15,0.0,0.46
1990-02-19,36.47,19.74,54.87,0.0,0.46
1990-02-20,36.45,19.09,56.14,0.0,0.46
1990-02-21,35.36,21.65,60.38,0.02,0.46
1990-02-22,35.14,21.7,61.75,0.08,0.46
1990-02-23,35.01,21.37,64.53,0.0,0.46
1990-02-24,36.45,19.02,55.47,0.0,0.46
1990-02-25,35.81,20.4,49.09,0.0,0.46
1990-02-26,35.21,21.03,58.8,0.0,0.46
1990-02-27,34.89,22.24,66.45,0.01,0.46
1990-02-28,37.0,19.9,58.34,0.01,0.46
1990-03-01,37.68,20.41,57.19,0.0,0.46
1990-03-02,37.22,20.67,62.43,0.0,0.46
1990-03-03,37.58,20.66,61.07,0.06,0.46
1990-03-04,36.25,20.02,63.07,0.06,0.46
1990-03-05,36.44,20.97,66.2,0.0,0.46
1990-03-06,36.85,20.1,53.25,0.0,0.46
1990-03-07,37.33,20.52,51.77,0.0,0.46
1990-03-08,35.83,22.38,58.06,0.08,0.46
1990-03-09,36.14,20.23,50.88,0.0,0.46
1990-03-10,37.36,20.03,45.07,0.0,0.46
1990-03-11,37.7,20.61,52.47,0.01,0.46
1990-03-12,37.21,21.19,57.87,0.0,0.46
1990-03-13,36.98,20.85,57.97,0.0,0.46
1990-03-14,37.15,20.87,56.4,0.0,0.46
1990-03-15,37.49,19.88,48.49,0.0,0.46
1990-03-16,38.55,20.05,46.12,0.0,0.46
1990-03-17,39.37,21.18,49.16,0.2,0.46
1990-03-18,40.45,21.76,47.82,0.0,0.46
1990-03-19,39.25,23.27,52.81,0.0,0.46
1990-03-20,38.51,22.03,52.01,0.0,0.46
1990-03-21,37.79,20.75,49.96,0.0,0.46
1990-03-22,38.76,20.42,53.15,0.0,0.46
1990-03-23,38.54,20.98,58.39,0.0,0.46
1990-03-24,38.53,21.97,63.12,0.0,0.46
1990-03-25,39.19,21.53,59.59,0.0,0.46
1990-03-26,37.4,21.29,61.44,0.0,0.46
1990-03-27,38.2,21.53,60.37,0.0,0.46
1990-03-28,39.32,21.66,55.53,0.0,0.46
1990-03-29,39.72,21.4,56.05,0.0,0.46
1990-03-30,39.86,21.91,58.31,0.0,0.46
1990-03-31,39.33,22.46,60.17,0.0,0.46
1990-04-01,38.74,22.98,59.89,0.0,0.46
1990-04-02,39.72,21.77,57.79,0.0,0.46
1990-04-03,40.66,22.77,54.06,0.0,0.46
1990-04-04,41.82,23.24,48.54,0.0,0.46
1990-04-05,40.62,23.52,43.59,0.0,0.46
1990-04-06,40.56,24.88,37.38,0.0,0.46
1990-04-07,40.34,23.09,42.81,0.0,0.46
1990-04-08,39.33,22.3,51.19,0.0,0.46
1990-04-09,38.64,22.27,59.92,0.0,0.46
1990-04-10,38.73,23.29,60.64,0.0,0.46
1990-04-11,38.6,23.3,60.11,0.0,0.46
1990-04-12,39.63,23.01,61.56,0.0,0.46
1990-04-13,40.14,23.94,57.47,0.0,0.46
1990-04-14,39.75,23.79,55.71,0.0,0.46
1990-04-15,38.86,23.34,56.56,0.0,0.46
1990-04-16,34.25,25.22,61.15,0.0,0.46
1990-04-17,35.71,25.19,57.78,0.0,0.46
1990-04-18,32.35,25.84,65.35,0.01,0.46
1990-04-19,30.28,24.53,70.1,0.27,0.46
1990-04-20,37.79,26.15,66.31,4.55,0.46
1990-04-21,38.83,25.1,59.41,0.0,0.46
1990-04-22,39.21,25.59,59.37,0.0,0.46
1990-04-23,39.83,25.22,60.83,0.0,0.46
1990-04-24,41.53,24.41,56.7,0.0,0.46
1990-04-25,41.04,24.63,58.03,0.0,0.46
1990-04-26,41.66,24.26,55.07,0.02,0.46
1990-04-27,41.59,24.36,51.37,0.79,0.46
1990-04-28,41.52,24.79,50.49,0.0,0.46
1990-04-29,37.61,26.57,52.34,0.08,0.46
1990-04-30,39.49,26.97,50.6,0.01,0.46
1990-05-01,36.34,26.19,58.01,4.89,0.46
1990-05-02,39.34,26.17,53.88,0.0,0.47
1990-05-03,39.68,26.41,53.27,0.0,0.47
1990-05-04,38.59,26.67,52.57,0.11,0.46
1990-05-05,40.18,26.99,51.23,0.05,0.46
1990-05-06,36.62,27.82,59.89,6.39,0.47
1990-05-07,38.13,26.75,59.3,0.0,0.47
1990-05-08,39.96,27.03,52.85,0.02,0.47
1990-05-09,39.93,27.68,52.78,0.02,0.47
1990-05-10,36.57,27.93,53.36,0.0,0.47
1990-05-11,36.75,28.27,50.97,0.0,0.46
1990-05-12,35.23,27.55,62.63,0.0,0.46
1990-05-13,33.0,26.8,71.27,0.0,0.46
1990-05-14,37.33,26.17,58.42,0.05,0.46
1990-05-15,36.31,27.11,62.06,0.14,0.46
1990-05-16,36.06,27.96,63.17,0.08,0.46
1990-05-17,35.62,27.77,61.21,0.06,0.46
1990-05-18,35.98,27.23,57.79,0.02,0.46
1990-05-19,35.4,26.4,61.96,0.01,0.46
1990-05-20,33.11,26.9,71.62,0.0,0.46
1990-05-21,34.31,26.09,69.7,0.19,0.46
1990-05-22,32.07,25.63,70.81,3.18,0.46
1990-05-23,32.86,25.98,74.04,5.31,0.47
1990-05-24,34.41,25.6,68.14,1.89,0.48
1990-05-25,35.44,25.28,66.42,1.01,0.47
1990-05-26,34.58,26.28,67.35,0.0,0.47
1990-05-27,31.89,27.1,72.62,0.0,0.47
1990-05-28,34.16,26.42,70.94,0.05,0.47
1990-05-29,34.89,26.69,66.44,0.14,0.47
1990-05-30,36.81,26.73,63.21,0.73,0.47
1990-05-31,33.8,26.83,73.66,0.32,0.47
1990-06-01,33.94,26.54,71.81,0.0,0.47
1990-06-02,31.86,26.97,71.3,0.01,0.47
1990-06-03,34.4,26.26,65.77,0.01,0.47
1990-06-04,37.49,27.78,58.77,0.05,0.47
1990-06-05,37.06,27.88,58.7,0.02,0.46
1990-06-06,34.17,27.02,65.36,0.0,0.46
1990-06-07,36.67,26.68,62.83,0.0,0.46
1990-06-08,36.85,27.63,60.61,0.0,0.46
1990-06-09,34.6,27.96,67.87,0.01,0.46
1990-06-10,32.86,27.14,70.1,0.02,0.46
1990-06-11,33.6,27.19,67.89,0.37,0.46
1990-06-12,31.91,27.07,77.93,5.18,0.47
1990-06-13,31.85,26.58,78.2,4.16,0.48
1990-06-14,32.35,26.77,74.46,0.07,0.48
1990-06-15,31.68,26.41,75.64,0.06,0.47
1990-06-16,34.02,25.87,70.31,0.05,0.47
1990-06-17,30.82,26.94,72.08,0.04,0.47
1990-06-18,33.5,26.69,68.37,0.51,0.47
1990-06-19,33.25,26.83,73.72,6.26,0.48
1990-06-20,33.02,26.45,74.02,0.14,0.48
1990-06-21,35.61,26.41,68.6,0.0,0.47
1990-06-22,34.87,27.47,70.05,0.16,0.47
1990-06-23,31.95,27.24,73.21,0.46,0.47
1990-06-24,33.22,26.37,74.62,7.14,0.48
1990-06-25,32.66,25.95,74.51,0.27,0.48
1990-06-26,33.19,26.43,70.09,0.03,0.48
1990-06-27,35.21,26.84,64.03,0.18,0.48
1990-06-28,33.26,26.45,67.64,0.01,0.47
1990-06-29,33.05,27.12,71.61,0.15,0.47
1990-06-30,30.69,26.69,77.91,1.05,0.47
1990-07-01,32.05,27.17,74.35,0.73,0.47
1990-07-02,31.07,26.39,78.18,4.05,0.48
1990-07-03,30.81,25.73,77.48,0.26,0.48
1990-07-04,31.53,25.7,79.14,6.7,0.48
1990-07-05,31.88,25.04,78.37,0.2,0.48
1990-07-06,32.71,25.51,76.39,0.06,0.48
1990-07-07,31.13,25.59,75.68,0.12,0.48
1990-07-08,33.33,25.16,73.21,0.88,0.48
1990-07-09,33.92,26.65,69.06,0.05,0.48
1990-07-10,30.98,27.24,76.42,0.0,0.48
1990-07-11,31.77,26.66,74.11,0.41,0.47
1990-07-12,31.51,25.71,78.83,4.89,0.48
1990-07-13,31.1,25.71,82.98,8.45,0.49
1990-07-14,30.91,25.26,80.75,0.06,0.49
1990-07-15,31.87,25.44,72.1,0.12,0.49
1990-07-16,31.61,25.13,72.93,0.03,0.49
1990-07-17,30.75,25.2,75.26,0.28,0.49
1990-07-18,32.11,25.02,76.79,2.14,0.49
1990-07-19,30.04,25.78,77.53,0.06,0.49
1990-07-20,32.55,25.8,71.27,0.16,0.48
1990-07-21,31.17,25.92,74.17,0.1,0.48
1990-07-22,31.38,25.66,75.31,0.26,0.48
1990-07-23,32.83,25.04,77.39,1.11,0.48
1990-07-24,31.39,25.79,77.64,0.08,0.48
1990-07-25,32.31,25.99,71.87,0.03,0.48
1990-07-26,35.12,25.64,68.09,0.09,0.47
1990-07-27,32.92,26.58,71.75,0.02,0.47
1990-07-28,34.7,26.08,69.13,0.01,0.47
1990-07-29,34.07,26.89,67.27,0.02,0.47
1990-07-30,32.89,26.9,71.0,0.11,0.47
1990-07-31,34.3,26.33,70.37,0.66,0.47
1990-08-01,34.08,25.67,69.48,3.17,0.47
1990-08-02,31.73,25.64,76.78,6.03,0.48
1990-08-03,34.76,25.11,71.04,0.02,0.48
1990-08-04,34.17,26.04,70.33,0.02,0.48
1990-08-05,33.86,26.19,69.53,0.49,0.47
1990-08-06,34.0,26.06,70.8,0.85,0.47
1990-08-07,34.07,25.02,68.38,0.0,0.47
1990-08-08,34.87,25.7,67.11,0.0,0.47
1990-08-09,36.07,26.18,65.73,0.0,0.47
1990-08-10,33.08,27.03,67.19,0.05,0.47
1990-08-11,32.25,26.88,72.1,0.02,0.47
1990-08-12,34.82,25.89,64.81,0.05,0.47
1990-08-13,30.78,26.51,77.1,0.06,0.47
1990-08-14,31.56,26.23,74.19,0.01,0.47
1990-08-15,32.08,26.51,75.13,0.02,0.47
1990-08-16,32.55,26.35,72.89,0.0,0.47
1990-08-17,33.19,26.04,70.97,0.0,0.47
1990-08-18,34.73,26.06,68.52,0.0,0.47
1990-08-19,33.24,26.69,70.03,0.01,0.46
1990-08-20,34.07,26.62,67.88,0.01,0.46
1990-08-21,34.38,26.58,66.77,0.0,0.46
1990-08-22,34.89,25.95,68.03,0.0,0.46
1990-08-23,31.43,26.34,74.17,0.0,0.46
1990-08-24,33.2,26.02,72.31,0.01,0.46
1990-08-25,34.58,25.96,67.08,0.13,0.46
1990-08-26,32.66,25.65,71.46,0.04,0.46
1990-08-27,34.6,24.97,65.59,0.0,0.46
1990-08-28,34.78,26.03,63.86,1.26,0.46
1990-08-29,33.42,25.77,76.31,10.71,0.48
1990-08-30,34.89,25.58,71.68,0.09,0.48
1990-08-31,29.2,25.06,82.55,3.09,0.48
1990-09-01,31.36,24.95,78.89,0.0,0.48
1990-09-02,31.84,25.74,77.42,0.02,0.48
1990-09-03,33.47,25.56,72.97,0.22,0.48
1990-09-04,30.86,25.54,83.18,4.06,0.48
1990-09-05,30.53,24.9,80.17,0.67,0.48
1990-09-06,34.33,24.57,70.96,0.15,0.48
1990-09-07,34.69,24.75,69.52,0.24,0.48
1990-09-08,33.48,25.29,75.07,3.97,0.48
1990-09-09,31.43,25.7,79.21,0.04,0.48
1990-09-10,32.98,26.25,73.05,0.0,0.48
1990-09-11,33.7,25.37,69.49,0.02,0.47
1990-09-12,35.47,25.38,62.65,0.01,0.47
1990-09-13,34.4,25.3,67.47,0.0,0.47
1990-09-14,35.73,26.24,65.73,0.0,0.47
1990-09-15,32.08,26.42,70.86,0.01,0.47
1990-09-16,31.93,26.18,73.63,0.01,0.47
1990-09-17,31.56,25.99,74.86,0.44,0.47
1990-09-18,33.17,26.0,73.49,0.0,0.47
1990-09-19,36.25,25.06,65.74,0.02,0.47
1990-09-20,35.17,25.85,68.48,0.78,0.47
1990-09-21,33.06,24.93,73.98,0.77,0.47
1990-09-22,31.75,25.66,74.96,0.02,0.47
1990-09-23,35.25,25.17,69.9,1.64,0.47
1990-09-24,31.17,25.58,80.71,8.41,0.48
1990-09-25,34.65,24.98,71.96,0.49,0.48
1990-09-26,33.59,25.53,72.03,0.73,0.48
1990-09-27,34.08,25.04,70.73,0.07,0.48
1990-09-28,34.82,24.86,73.32,3.6,0.48
1990-09-29,31.87,25.15,78.08,0.93,0.48
1990-09-30,34.04,24.81,72.45,0.2,0.48
1990-10-01,33.89,24.83,69.7,0.01,0.47
1990-10-02,36.49,24.95,66.29,0.0,0.47
1990-10-03,37.22,24.67,62.41,0.01,0.47
1990-10-04,37.44,24.63,66.78,0.21,0.47
1990-10-05,33.4,25.6,74.55,2.31,0.47
1990-10-06,31.92,25.88,77.81,0.07,0.47
1990-10-07,33.8,24.39,65.77,0.14,0.47
1990-10-08,35.46,24.45,68.48,1.94,0.47
1990-10-09,37.07,24.41,67.22,0.95,0.47
1990-10-10,34.91,26.0,66.59,0.0,0.47
1990-10-11,35.43,25.28,62.91,0.0,0.47
1990-10-12,37.78,25.22,57.96,0.0,0.47
1990-10-13,36.52,26.09,60.15,0.05,0.47
1990-10-14,38.33,26.69,55.47,0.0,0.46
1990-10-15,38.52,26.71,51.21,0.0,0.46
1990-10-16,38.02,26.25,55.19,0.27,0.46
1990-10-17,36.51,26.7,56.39,0.02,0.46
1990-10-18,38.71,26.43,53.42,0.05,0.46
1990-10-19,37.86,27.64,56.08,0.04,0.46
1990-10-20,37.24,26.81,58.66,0.75,0.46
1990-10-21,35.77,27.15,62.02,2.59,0.46
1990-10-22,38.62,26.27,57.87,0.0,0.47
1990-10-23,39.17,26.19,52.06,0.0,0.47
1990-10-24,40.38,26.03,47.79,0.0,0.46
1990-10-25,38.14,26.84,56.55,0.21,0.46
1990-10-26,32.51,26.76,63.35,0.0,0.46
1990-10-27,32.43,25.05,61.14,0.0,0.46
1990-10-28,37.59,25.08,55.45,0.0,0.46
1990-10-29,37.66,25.78,55.12,0.12,0.46
1990-10-30,37.14,26.55,57.19,0.0,0.46
1990-10-31,34.73,27.11,59.83,0.0,0.46
1990-11-01,35.3,26.0,56.67,0.0,0.46
1990-11-02,34.53,26.04,61.1,0.0,0.46
1990-11-03,37.3,25.1,60.63,0.09,0.46
1990-11-04,35.82,24.6,66.51,1.84,0.46
1990-11-05,31.2,25.58,83.45,5.63,0.47
1990-11-06,30.53,25.02,80.8,0.08,0.47
1990-11-07,31.76,24.55,76.91,0.0,0.47
1990-11-08,34.23,23.72,71.88,0.14,0.47
1990-11-09,35.26,23.67,70.08,2.65,0.47
1990-11-10,28.79,20.51,65.14,0.05,0.47
1990-11-11,28.02,19.83,63.59,0.0,0.47
1990-11-12,34.89,20.72,55.54,0.0,0.47
1990-11-13,36.44,22.81,56.93,0.01,0.47
1990-11-14,37.52,24.68,56.9,0.0,0.47
1990-11-15,37.74,25.41,58.6,0.0,0.46
1990-11-16,38.26,25.31,56.66,0.0,0.46
1990-11-17,38.06,25.21,53.35,0.0,0.46
1990-11-18,37.39,24.7,49.19,0.0,0.46
1990-11-19,36.73,22.25,49.32,0.0,0.46
1990-11-20,36.5,23.44,54.07,0.0,0.46
1990-11-21,37.99,24.26,52.31,0.01,0.46
1990-11-22,35.87,25.5,54.41,0.0,0.46
1990-11-23,34.32,24.81,58.6,0.0,0.46
1990-11-24,36.86,24.7,54.15,0.0,0.46
1990-11-25,36.94,25.4,53.92,0.0,0.46
1990-11-26,35.94,25.46,56.26,0.0,0.46
1990-11-27,36.63,25.62,53.58,0.0,0.46
1990-11-28,36.49,24.66,51.92,0.0,0.46
1990-11-29,35.58,23.74,54.61,0.0,0.46
1990-11-30,35.22,22.55,54.2,0.0,0.46
1990-12-01,34.24,21.8,60.41,0.07,0.46
1990-12-02,33.43,21.73,51.68,0.0,0.46
1990-12-03,32.39,19.62,49.83,0.0,0.46
1990-12-04,32.38,18.42,47.52,0.0,0.46
1990-12-05,33.45,17.96,49.36,0.0,0.46
1990-12-06,33.26,18.03,51.46,0.0,0.46
1990-12-07,33.5,18.68,49.76,0.0,0.46
1990-12-08,34.17,19.66,50.02,0.0,0.46
1990-12-09,35.32,20.77,50.01,0.0,0.46
1990-12-10,35.87,19.89,51.98,0.0,0.46
1990-12-11,35.11,19.78,51.66,0.0,0.46
1990-12-12,36.33,19.56,54.36,0.0,0.46
1990-12-13,36.21,20.08,55.03,0.0,0.46
1990-12-14,36.44,20.94,50.36,0.0,0.46
1990-12-15,35.76,23.14,48.67,0.0,0.46
1990-12-16,36.22,23.87,51.48,0.0,0.46
1990-12-17,35.47,22.87,51.84,0.0,0.46
1990-12-18,36.17,22.63,59.77,0.0,0.46
1990-12-19,35.91,21.78,64.62,0.0,0.46
1990-12-20,35.83,23.07,64.23,0.0,0.46
1990-12-21,35.13,21.03,53.05,0.0,0.46
1990-12-22,34.54,18.85,54.44,0.0,0.46
1990-12-23,34.74,19.48,53.08,0.0,0.46
1990-12-24,34.3,19.84,55.32,0.0,0.46
1990-12-25,33.92,19.52,53.03,0.0,0.46
1990-12-26,34.32,17.9,51.69,0.0,0.46
1990-12-27,35.03,20.24,49.77,0.0,0.46
1990-12-28,35.37,19.22,50.7,0.0,0.46
1990-12-29,34.68,18.66,54.89,0.0,0.46
1990-12-30,34.18,18.49,49.21,0.0,0.46
1990-12-31,34.05,17.52,52.06,0.0,0.46
1991-01-01,34.48,16.83,50.96,0.0,0.46
1991-01-02,35.23,18.07,54.53,0.0,0.46
1991-01-03,35.58,19.92,58.9,0.0,0.46
1991-01-04,34.38,21.13,67.51,0.0,0.46
1991-01-05,35.46,20.86,60.28,0.0,0.46
1991-01-06,34.87,19.5,48.64,0.0,0.46
1991-01-07,35.18,18.34,51.18,0.0,0.46
1991-01-08,35.12,18.0,47.92,0.0,0.46
1991-01-09,33.9,16.73,53.51,0.0,0.46
1991-01-10,35.45,16.69,48.66,0.0,0.46
1991-01-11,35.5,18.22,52.52,0.0,0.46
1991-01-12,35.42,17.44,53.39,0.0,0.46
1991-01-13,34.23,17.45,58.27,0.0,0.46
1991-01-14,33.99,17.33,57.38,0.0,0.46
1991-01-15,35.16,17.6,56.68,0.0,0.46
1991-01-16,35.23,17.52,55.49,0.0,0.46
1991-01-17,34.38,17.61,56.85,0.0,0.46
1991-01-18,33.72,17.45,55.59,0.0,0.46
1991-01-19,32.99,18.76,53.31,0.0,0.46
1991-01-20,32.25,17.09,62.88,0.0,0.46
1991-01-21,33.15,16.4,57.7,0.0,0.46
1991-01-22,34.11,17.62,57.19,0.0,0.46
1991-01-23,34.75,15.82,48.28,0.0,0.46
1991-01-24,35.19,16.12,51.37,0.0,0.46
1991-01-25,35.68,16.79,50.96,0.0,0.46
1991-01-26,36.19,16.89,47.48,0.0,0.46
1991-01-27,35.72,17.85,53.13,0.0,0.46
1991-01-28,35.89,18.68,53.73,0.0,0.46
1991-01-29,35.84,19.24,57.41,0.0,0.46
1991-01-30,35.81,20.02,53.62,0.0,0.46
1991-01-31,35.82,20.15,53.51,0.0,0.46
1991-02-01,35.6,20.06,54.41,0.0,0.46
1991-02-02,34.84,19.08,55.14,0.0,0.46
1991-02-03,34.9,18.2,49.98,0.0,0.46
1991-02-04,35.44,18.08,44.26,0.0,0.46
1991-02-05,34.84,17.22,53.81,0.0,0.46
1991-02-06,35.89,18.35,54.32,0.0,0.46
1991-02-07,36.07,18.34,50.23,0.0,0.46
1991-02-08,35.52,18.09,48.58,0.0,0.46
1991-02-09,36.77,17.39,46.83,0.0,0.46
1991-02-10,37.32,18.56,49.69,0.0,0.46
1991-02-11,36.73,18.62,51.54,0.0,0.46
1991-02-12,36.2,17.91,52.87,0.0,0.46
1991-02-13,37.63,18.12,54.61,0.0,0.46
1991-02-14,36.19,19.32,62.33,0.0,0.46
1991-02-15,37.26,19.57,56.79,0.0,0.46
1991-02-16,38.07,19.67,45.79,0.0,0.46
1991-02-17,37.84,18.05,45.9,0.0,0.46
1991-02-18,38.0,17.78,46.5,0.0,0.46
1991-02-19,38.33,18.73,44.9,0.0,0.46
1991-02-20,38.35,19.37,45.65,0.0,0.46
1991-02-21,39.03,20.79,37.05,0.0,0.46
1991-02-22,38.36,21.05,46.66,0.0,0.46
1991-02-23,37.76,20.66,52.58,0.0,0.46
1991-02-24,38.01,22.21,47.63,0.0,0.46
1991-02-25,36.95,21.6,55.54,0.0,0.46
1991-02-26,37.72,21.3,51.51,0.0,0.46
1991-02-27,37.74,21.15,54.09,0.0,0.46
1991-02-28,36.37,21.52,53.33,0.0,0.46
1991-03-01,38.26,19.97,50.67,0.0,0.46
1991-03-02,37.98,21.05,56.33,0.0,0.46
1991-03-03,37.97,19.21,60.23,0.0,0.46
1991-03-04,38.28,20.12,60.84,0.0,0.46
1991-03-05,38.36,19.87,59.78,0.0,0.46
1991-03-06,36.91,20.59,65.13,0.0,0.46
1991-03-07,37.69,20.64,57.58,0.0,0.46
1991-03-08,38.42,20.74,58.56,0.0,0.46
1991-03-09,38.58,20.82,56.91,0.0,0.46
1991-03-10,39.01,19.72,56.61,0.0,0.46
1991-03-11,39.17,20.51,61.45,0.0,0.46
1991-03-12,39.89,22.23,59.3,0.0,0.46
1991-03-13,39.97,22.63,58.29,0.0,0.46
1991-03-14,40.3,23.12,56.05,0.0,0.46
1991-03-15,40.52,22.94,55.13,0.0,0.46
1991-03-16,41.15,22.86,54.7,0.0,0.46
1991-03-17,41.37,23.19,55.04,0.0,0.46
1991-03-18,41.27,23.53,53.73,0.66,0.46
1991-03-19,39.97,23.46,57.65,2.21,0.46
1991-03-20,39.9,22.72,57.58,0.0,0.46
1991-03-21,38.69,22.27,60.0,0.0,0.46
1991-03-22,40.08,21.26,60.84,0.0,0.46
1991-03-23,40.57,22.3,58.67,0.0,0.46
1991-03-24,39.43,23.54,58.24,0.0,0.46
1991-03-25,38.93,23.53,60.57,0.0,0.46
1991-03-26,39.86,22.6,56.22,0.0,0.46
1991-03-27,40.86,22.63,55.77,0.0,0.46
1991-03-28,41.13,22.15,53.26,0.0,0.46
1991-03-29,41.01,23.76,55.53,0.0,0.46
1991-03-30,39.9,23.09,58.67,0.0,0.46
1991-03-31,39.38,22.43,59.18,0.0,0.46
1991-04-01,39.82,23.86,56.47,0.0,0.46
1991-04-02,38.89,25.09,51.92,0.0,0.46
1991-04-03,39.56,25.3,54.24,0.17,0.46
1991-04-04,40.22,24.59,56.58,0.02,0.46
1991-04-05,39.85,24.96,58.92,0.01,0.46
1991-04-06,39.24,24.7,59.51,0.0,0.46
1991-04-07,38.25,26.55,58.72,0.0,0.46
1991-04-08,37.92,24.63,59.67,0.0,0.46
1991-04-09,39.37,24.52,58.84,0.0,0.46
1991-04-10,40.2,25.12,57.39,0.0,0.46
1991-04-11,36.6,25.56,60.67,0.0,0.46
1991-04-12,40.67,25.0,54.22,0.0,0.46
1991-04-13,41.93,24.0,54.42,0.0,0.46
1991-04-14,41.92,24.73,55.02,0.0,0.46
1991-04-15,41.57,24.45,57.64,0.0,0.46
1991-04-16,41.93,24.88,59.32,0.0,0.46
1991-04-17,41.82,24.66,60.73,0.0,0.46
1991-04-18,41.34,25.29,58.82,0.01,0.46
1991-04-19,40.96,25.51,59.95,0.26,0.46
1991-04-20,40.54,25.45,59.54,0.19,0.46
1991-04-21,40.48,25.22,57.11,0.0,0.46
1991-04-22,39.33,25.9,60.87,0.0,0.46
1991-04-23,38.77,25.11,53.76,0.15,0.46
1991-04-24,36.56,25.95,52.64,0.1,0.46
1991-04-25,35.68,26.88,58.9,0.08,0.46
1991-04-26,32.12,26.54,67.6,0.28,0.46
1991-04-27,34.61,26.23,63.87,0.0,0.46
1991-04-28,39.11,26.96,59.76,0.41,0.46
1991-04-29,37.73,27.8,61.6,4.61,0.46
1991-04-30,35.25,26.23,70.08,14.74,0.48
1991-05-01,37.49,26.0,66.75,1.62,0.49
1991-05-02,36.53,26.23,65.35,0.0,0.48
1991-05-03,39.08,25.01,61.21,0.01,0.48
1991-05-04,39.55,25.07,63.05,0.0,0.48
1991-05-05,39.44,24.99,61.0,0.0,0.47
1991-05-06,38.8,24.59,60.9,0.0,0.47
1991-05-07,38.98,25.04,61.63,0.0,0.47
1991-05-08,40.58,26.69,57.05,0.0,0.47
1991-05-09,39.88,26.93,55.01,0.0,0.47
1991-05-10,41.12,26.86,52.54,0.02,0.46
1991-05-11,39.81,27.2,52.82,0.0,0.46
1991-05-12,40.57,26.99,52.57,0.1,0.46
1991-05-13,39.7,26.57,53.12,0.03,0.46
1991-05-14,40.41,26.28,55.14,0.47,0.46
1991-05-15,39.83,26.54,58.21,0.0,0.46
1991-05-16,41.6,25.91,54.22,0.01,0.46
1991-05-17,40.93,26.92,55.81,0.01,0.46
1991-05-18,40.6,25.93,59.18,0.0,0.46
1991-05-19,39.92,25.89,58.89,0.0,0.46
1991-05-20,40.9,26.88,58.74,0.0,0.46
1991-05-21,41.03,26.64,56.01,0.06,0.46
1991-05-22,40.21,26.64,58.49,0.03,0.46
1991-05-23,39.74,26.98,58.26,0.04,0.46
1991-05-24,39.93,27.72,56.85,0.08,0.46
1991-05-25,39.42,28.31,56.51,0.13,0.46
1991-05-26,40.55,27.27,55.38,1.9,0.46
1991-05-27,36.38,27.65,64.84,9.52,0.47
1991-05-28,31.13,26.48,75.71,2.03,0.48
1991-05-29,32.12,25.8,79.25,2.97,0.48
1991-05-30,31.66,26.12,79.61,1.23,0.48
1991-05-31,32.83,26.13,78.77,3.06,0.48
1991-06-01,34.54,26.37,73.56,0.56,0.48
1991-06-02,33.28,26.27,77.64,4.48,0.48
1991-06-03,35.09,26.49,73.33,1.03,0.48
1991-06-04,34.97,26.38,71.49,0.72,0.48
1991-06-05,33.73,26.19,72.49,0.34,0.48
1991-06-06,36.24,26.36,67.48,0.25,0.48
1991-06-07,32.27,26.95,72.76,0.49,0.48
1991-06-08,32.34,27.07,77.08,1.43,0.47
1991-06-09,31.36,26.89,83.23,4.96,0.48
1991-06-10,31.23,26.86,83.35,11.72,0.49
1991-06-11,30.79,25.26,83.55,4.88,0.51
1991-06-12,33.96,25.04,76.16,3.8,0.51
1991-06-13,34.95,25.97,70.8,0.33,0.51
1991-06-14,35.0,26.77,69.77,0.34,0.5
1991-06-15,32.52,26.26,76.63,4.82,0.5
1991-06-16,31.96,25.78,77.68,4.64,0.51
1991-06-17,31.31,26.62,79.47,2.46,0.51
1991-06-18,32.52,26.44,77.19,3.78,0.51
1991-06-19,31.59,25.62,73.65,0.16,0.51
1991-06-20,35.3,25.36,68.64,0.51,0.51
1991-06-21,36.14,26.54,66.54,0.16,0.51
1991-06-22,33.46,27.27,71.69,1.25,0.5
1991-06-23,31.01,26.15,76.59,6.49,0.51
1991-06-24,30.97,26.21,80.36,13.39,0.52
1991-06-25,32.82,26.07,73.76,1.62,0.53
1991-06-26,30.44,26.24,80.21,0.72,0.53
1991-06-27,30.06,26.03,85.54,6.67,0.53
1991-06-28,30.14,25.81,83.07,0.49,0.54
1991-06-29,31.43,25.3,77.65,0.34,0.53
1991-06-30,34.14,25.74,71.29,2.92,0.53
1991-07-01,34.28,26.36,72.34,0.49,0.53
1991-07-02,32.0,26.41,77.5,1.53,0.53
1991-07-03,32.06,26.31,74.66,0.73,0.53
1991-07-04,32.22,25.63,77.47,3.41,0.53
1991-07-05,31.6,25.92,78.85,0.18,0.53
1991-07-06,32.41,26.02,75.4,0.28,0.52
1991-07-07,32.54,25.94,75.79,3.1,0.52
1991-07-08,33.03,25.34,74.73,0.27,0.52
1991-07-09,31.44,25.67,78.94,0.0,0.52
1991-07-10,33.26,25.63,75.03,0.02,0.52
1991-07-11,34.34,25.42,73.8,0.11,0.52
1991-07-12,32.53,26.44,74.48,0.07,0.51
1991-07-13,31.87,26.65,77.49,0.3,0.51
1991-07-14,31.08,26.08,79.66,1.41,0.51
1991-07-15,30.46,26.12,79.07,5.74,0.52
1991-07-16,30.83,26.27,74.67,0.36,0.52
1991-07-17,31.16,25.55,78.03,0.16,0.51
1991-07-18,31.73,25.49,76.5,0.5,0.51
1991-07-19,31.05,25.57,78.57,0.73,0.51
1991-07-20,33.08,25.61,75.41,1.33,0.51
1991-07-21,31.45,25.79,78.95,7.45,0.52
1991-07-22,31.75,25.27,77.14,1.44,0.52
1991-07-23,32.82,25.52,76.3,0.68,0.52
1991-07-24,32.47,25.43,79.51,0.56,0.51
1991-07-25,29.85,25.11,83.41,5.43,0.52
1991-07-26,30.56,25.82,81.85,12.75,0.53
1991-07-27,30.72,25.55,83.42,5.72,0.54
1991-07-28,29.87,25.74,86.06,7.34,0.55
1991-07-29,30.47,25.81,83.72,1.53,0.56
1991-07-30,30.39,25.27,80.47,0.51,0.55
1991-07-31,30.46,24.32,77.85,0.78,0.55
1991-08-01,33.86,24.25,75.25,0.75,0.55
1991-08-02,31.3,25.26,77.34,0.33,0.54
1991-08-03,31.32,24.54,78.81,2.39,0.54
1991-08-04,32.24,24.95,78.74,1.26,0.54
1991-08-05,30.42,25.26,82.76,0.98,0.54
1991-08-06,31.51,24.99,77.21,0.09,0.54
1991-08-07,33.4,25.19,77.62,0.26,0.54
1991-08-08,31.03,25.62,80.45,0.72,0.53
1991-08-09,31.26,25.54,81.87,2.49,0.53
1991-08-10,31.1,25.71,80.47,1.2,0.53
1991-08-11,31.75,25.62,76.33,1.25,0.53
1991-08-12,32.75,24.88,74.88,2.83,0.53
1991-08-13,31.14,25.29,81.98,7.73,0.54
1991-08-14,30.38,25.07,82.21,5.25,0.55
1991-08-15,31.92,25.05,79.51,3.76,0.55
1991-08-16,32.37,25.0,79.35,7.09,0.55
1991-08-17,31.74,25.24,79.5,0.46,0.55
1991-08-18,29.67,25.83,81.78,1.48,0.55
1991-08-19,31.83,25.78,83.05,2.17,0.55
1991-08-20,29.13,25.92,89.88,3.71,0.56
1991-08-21,32.16,25.55,80.89,1.13,0.56
1991-08-22,32.83,25.82,79.84,2.3,0.55
1991-08-23,30.42,25.5,80.26,1.12,0.55
1991-08-24,30.77,25.22,83.0,3.1,0.55
1991-08-25,31.31,25.54,81.89,0.71,0.55
1991-08-26,31.92,25.45,80.92,0.83,0.55
1991-08-27,31.53,25.41,82.34,0.62,0.55
1991-08-28,29.87,25.35,85.14,2.97,0.55
1991-08-29,29.72,24.49,87.17,11.26,0.56
1991-08-30,32.55,24.21,78.24,3.1,0.57
1991-08-31,33.3,24.11,75.37,0.24,0.56
1991-09-01,34.34,24.61,73.38,0.39,0.56
1991-09-02,32.69,25.08,74.58,0.13,0.55
1991-09-03,34.67,24.75,72.09,0.15,0.55
1991-09-04,33.15,25.57,74.62,0.35,0.55
1991-09-05,33.01,25.44,74.13,0.28,0.54
1991-09-06,34.92,25.75,71.12,0.51,0.54
1991-09-07,33.68,25.82,72.99,0.3,0.54
1991-09-08,33.08,25.7,73.12,0.05,0.53
1991-09-09,34.28,25.59,72.09,0.01,0.53
1991-09-10,31.36,25.73,75.44,0.08,0.53
1991-09-11,31.88,24.99,76.03,0.0,0.52
1991-09-12,30.27,25.29,80.28,0.07,0.52
1991-09-13,32.92,24.92,78.78,0.56,0.52
1991-09-14,33.7,24.56,77.04,5.15,0.52
1991-09-15,33.28,25.19,75.71,0.02,0.52
1991-09-16,35.06,25.32,73.72,0.01,0.52
1991-09-17,34.48,25.19,71.73,0.13,0.52
1991-09-18,35.27,25.41,69.61,0.03,0.51
1991-09-19,33.92,25.91,74.5,0.05,0.51
1991-09-20,33.46,25.67,75.87,1.2,0.51
1991-09-21,31.92,25.23,80.33,5.21,0.51
1991-09-22,34.89,25.18,71.71,0.16,0.51
1991-09-23,36.42,25.45,67.75,0.64,0.51
1991-09-24,34.41,25.55,70.39,0.13,0.5
1991-09-25,33.3,26.18,72.05,0.02,0.5
1991-09-26,33.22,25.74,72.51,0.01,0.5
1991-09-27,34.96,25.98,71.73,0.0,0.5
1991-09-28,33.95,25.85,73.24,0.02,0.49
1991-09-29,32.52,25.97,75.81,2.0,0.49
1991-09-30,31.83,25.52,78.0,1.55,0.49
1991-10-01,29.63,24.59,80.84,1.39,0.49
1991-10-02,33.23,24.03,77.08,0.35,0.49
1991-10-03,31.81,24.73,83.06,4.57,0.49
1991-10-04,33.11,24.4,77.43,0.51,0.5
1991-10-05,34.0,24.7,72.06,0.03,0.49
1991-10-06,34.52,24.76,72.02,1.28,0.49
1991-10-07,34.97,24.29,72.4,0.4,0.49
1991-10-08,35.4,24.8,69.73,0.03,0.49
1991-10-09,35.82,25.52,69.28,0.17,0.48
1991-10-10,35.23,25.95,68.65,0.05,0.48
1991-10-11,33.54,26.38,74.59,0.95,0.48
1991-10-12,32.24,25.25,78.77,0.84,0.48
1991-10-13,31.97,25.27,76.97,0.21,0.48
1991-10-14,32.85,24.8,73.07,0.01,0.48
1991-10-15,34.01,23.92,72.33,0.0,0.48
1991-10-16,37.75,23.74,62.25,0.04,0.48
1991-10-17,34.88,25.28,67.94,1.53,0.48
1991-10-18,34.64,25.75,66.34,0.37,0.48
1991-10-19,33.99,25.26,65.4,0.7,0.48
1991-10-20,34.5,25.23,62.07,0.01,0.48
1991-10-21,34.4,24.64,62.72,0.01,0.47
1991-10-22,31.38,25.43,72.05,0.02,0.47
1991-10-23,31.42,24.66,71.56,0.13,0.47
1991-10-24,33.26,23.8,72.23,0.0,0.47
1991-10-25,31.24,24.58,73.26,0.0,0.47
1991-10-26,34.64,23.69,67.71,0.0,0.47
1991-10-27,35.62,23.72,67.13,0.0,0.47
1991-10-28,35.44,24.03,64.37,0.0,0.47
1991-10-29,34.41,23.71,68.78,0.0,0.47
1991-10-30,34.21,24.49,68.08,0.0,0.47
1991-10-31,34.67,24.85,67.79,0.0,0.47
1991-11-01,35.43,24.04,65.53,0.03,0.47
1991-11-02,35.32,24.41,63.26,1.15,0.47
1991-11-03,34.37,24.3,70.43,3.81,0.47
1991-11-04,33.79,23.64,69.28,1.48,0.47
1991-11-05,35.1,22.78,66.23,0.29,0.47
1991-11-06,36.26,23.64,62.86,0.0,0.47
1991-11-07,36.7,23.37,60.67,0.0,0.47
1991-11-08,36.91,23.7,57.34,0.0,0.47
1991-11-09,37.43,23.98,56.3,0.0,0.46
1991-11-10,33.09,25.1,63.64,0.0,0.46
1991-11-11,30.62,25.07,66.15,0.0,0.46
1991-11-12,31.99,23.97,65.28,0.0,0.46
1991-11-13,35.04,22.94,61.32,0.0,0.46
1991-11-14,34.88,21.98,61.43,0.0,0.46
1991-11-15,33.98,21.94,58.54,0.0,0.46
1991-11-16,33.76,20.64,54.1,0.0,0.46
1991-11-17,34.54,19.95,55.3,0.0,0.46
1991-11-18,35.45,22.08,51.54,0.0,0.46
1991-11-19,35.82,21.94,56.54,0.0,0.46
1991-11-20,34.81,23.35,58.59,0.0,0.46
1991-11-21,34.59,21.1,53.33,0.0,0.46
1991-11-22,34.73,21.28,50.03,0.0,0.46
1991-11-23,35.4,21.16,51.61,0.0,0.46
1991-11-24,36.4,21.27,55.4,0.0,0.46
1991-11-25,36.43,22.26,51.59,0.0,0.46
1991-11-26,35.94,22.51,51.66,0.0,0.46
1991-11-27,35.08,21.13,54.24,0.0,0.46
1991-11-28,33.7,20.5,58.78,0.0,0.46
1991-11-29,33.5,18.9,55.41,0.0,0.46
1991-11-30,34.11,19.25,59.66,0.0,0.46
1991-12-01,33.12,19.07,55.5,0.0,0.46
1991-12-02,32.91,18.66,50.41,0.0,0.46
1991-12-03,33.75,18.81,50.07,0.0,0.46
1991-12-04,35.15,18.18,47.52,0.0,0.46
1991-12-05,34.32,18.51,51.63,0.0,0.46
1991-12-06,34.07,19.81,54.1,0.0,0.46
1991-12-07,33.86,22.04,51.55,0.0,0.46
1991-12-08,33.24,22.53,53.84,0.0,0.46
1991-12-09,33.68,20.18,53.0,0.0,0.46
1991-12-10,33.03,19.23,53.74,0.0,0.46
1991-12-11,34.28,20.21,49.46,0.0,0.46
1991-12-12,34.69,20.46,52.63,0.0,0.46
1991-12-13,33.4,22.23,59.56,0.0,0.46
1991-12-14,34.78,21.78,55.55,0.0,0.46
1991-12-15,34.3,23.12,52.53,0.0,0.46
1991-12-16,34.07,21.45,53.48,0.0,0.46
1991-12-17,34.95,21.02,51.13,0.0,0.46
1991-12-18,34.36,20.87,50.34,0.0,0.46
1991-12-19,33.87,19.18,47.9,0.0,0.46
1991-12-20,32.99,18.49,49.99,0.0,0.46
1991-12-21,31.18,18.34,53.12,0.0,0.46
1991-12-22,32.6,17.95,51.84,0.0,0.46
1991-12-23,32.93,19.02,55.73,0.0,0.46
1991-12-24,33.71,18.69,59.41,0.0,0.46
1991-12-25,35.1,19.46,58.7,0.01,0.46
1991-12-26,32.48,22.52,67.81,0.9,0.46
1991-12-27,32.73,20.99,73.23,1.57,0.46
1991-12-28,30.62,18.72,59.55,0.01,0.46
1991-12-29,30.24,18.57,56.07,0.0,0.46
1991-12-30,30.2,16.33,60.92,0.0,0.46
1991-12-31,31.4,17.09,55.38,0.0,0.46
1992-01-01,33.3,15.7,58.3,0.19,0.46
1992-01-02,33.55,17.65,62.09,0.0,0.46
1992-01-03,32.73,18.65,62.72,0.0,0.46
1992-01-04,31.46,17.48,54.54,0.0,0.46
1992-01-05,32.34,14.55,46.11,0.0,0.46
1992-01-06,30.07,16.74,63.62,0.0,0.46
1992-01-07,29.81,16.48,60.12,0.0,0.46
1992-01-08,30.08,16.6,59.58,0.0,0.46
1992-01-09,31.43,15.68,60.32,0.0,0.46
1992-01-10,32.49,15.68,55.82,0.0,0.46
1992-01-11,33.0,17.18,57.04,0.0,0.46
1992-01-12,32.22,18.68,66.3,0.0,0.46
1992-01-13,32.14,16.82,56.88,0.0,0.46
1992-01-14,33.71,15.92,53.82,0.0,0.46
1992-01-15,32.86,18.25,59.31,0.0,0.46
1992-01-16,32.78,18.36,59.76,0.0,0.46
1992-01-17,32.85,18.5,60.67,0.0,0.46
1992-01-18,32.12,17.21,59.61,0.0,0.46
1992-01-19,32.88,17.1,51.82,0.0,0.46
1992-01-20,31.5,17.73,54.26,0.0,0.46
1992-01-21,31.8,18.01,56.33,0.0,0.46
1992-01-22,32.3,17.54,54.3,0.0,0.46
1992-01-23,31.85,18.59,60.15,0.0,0.46
1992-01-24,31.6,16.73,59.61,0.0,0.46
1992-01-25,32.68,17.3,54.84,0.0,0.46
1992-01-26,33.03,17.21,50.01,0.0,0.46
1992-01-27,33.6,18.5,50.95,0.0,0.46
1992-01-28,34.39,17.71,51.86,0.0,0.46
1992-01-29,34.18,17.77,54.49,0.0,0.46
1992-01-30,34.48,17.1,51.16,0.0,0.46
1992-01-31,33.08,16.96,54.78,0.0,0.46
1992-02-01,31.61,17.34,63.56,0.0,0.46
1992-02-02,32.16,17.96,60.71,0.0,0.46
1992-02-03,33.02,18.09,62.68,0.0,0.46
1992-02-04,33.51,17.34,64.09,0.0,0.46
1992-02-05,33.68,18.24,58.0,0.0,0.46
1992-02-06,33.99,17.44,53.49,0.0,0.46
1992-02-07,34.72,17.4,50.19,0.0,0.46
1992-02-08,34.62,18.01,55.51,0.0,0.46
1992-02-09,33.85,19.12,67.86,0.0,0.46
1992-02-10,33.31,18.95,66.44,0.0,0.46
1992-02-11,33.32,18.55,62.01,0.0,0.46
1992-02-12,32.04,16.71,54.82,0.0,0.46
1992-02-13,32.25,16.57,53.81,0.0,0.46
1992-02-14,32.78,17.26,56.87,0.0,0.46
1992-02-15,33.81,17.15,62.28,0.0,0.46
1992-02-16,33.26,17.95,65.37,0.0,0.46
1992-02-17,32.77,19.15,66.1,0.0,0.46
1992-02-18,33.45,18.02,66.22,0.0,0.46
1992-02-19,33.0,19.36,63.08,0.0,0.46
1992-02-20,32.27,17.5,56.22,0.0,0.46
1992-02-21,33.58,16.93,51.83,0.0,0.46
1992-02-22,34.65,16.57,62.83,0.0,0.46
1992-02-23,35.58,18.37,61.2,0.0,0.46
1992-02-24,36.78,18.35,55.72,0.1,0.46
1992-02-25,33.76,19.33,64.35,6.47,0.46
1992-02-26,32.83,20.24,58.57,0.93,0.47
1992-02-27,33.04,15.88,45.67,0.0,0.47
1992-02-28,33.14,16.16,56.83,0.0,0.47
1992-02-29,34.68,16.91,60.77,0.0,0.47
1992-03-01,35.46,16.76,59.83,0.0,0.46
1992-03-02,35.08,18.53,66.11,0.0,0.46
1992-03-03,33.42,18.72,66.58,0.0,0.46
1992-03-04,34.46,18.3,66.09,0.0,0.46
1992-03-05,35.34,18.96,63.31,0.0,0.46
1992-03-06,36.73,18.84,59.24,0.0,0.46
1992-03-07,37.16,18.75,59.81,0.0,0.46
1992-03-08,36.71,19.32,61.79,0.0,0.46
1992-03-09,35.89,19.17,62.86,0.0,0.46
1992-03-10,35.88,18.91,61.92,0.0,0.46
1992-03-11,36.5,18.35,58.01,0.0,0.46
1992-03-12,37.08,18.59,57.21,0.0,0.46
1992-03-13,37.56,18.94,56.95,0.0,0.46
1992-03-14,37.35,18.94,58.57,0.0,0.46
1992-03-15,38.89,19.28,58.11,0.0,0.46
1992-03-16,37.79,20.18,59.82,0.0,0.46
1992-03-17,38.69,20.48,57.78,0.0,0.46
1992-03-18,38.26,21.19,58.13,0.0,0.46
1992-03-19,38.89,21.33,56.68,0.0,0.46
1992-03-20,39.6,20.39,54.41,0.0,0.46
1992-03-21,40.15,20.71,55.84,0.0,0.46
1992-03-22,40.47,21.01,56.67,0.0,0.46
1992-03-23,40.3,21.79,57.4,0.0,0.46
1992-03-24,39.97,21.81,58.13,0.0,0.46
1992-03-25,39.01,22.13,63.68,0.0,0.46
1992-03-26,39.15,22.3,62.26,0.0,0.46
1992-03-27,40.41,21.7,59.81,0.0,0.46
1992-03-28,40.12,22.43,60.48,0.0,0.46
1992-03-29,39.14,21.63,59.82,0.0,0.46
1992-03-30,39.87,22.38,59.15,0.0,0.46
1992-03-31,40.31,23.45,59.16,0.0,0.46
1992-04-01,37.65,23.66,60.02,0.0,0.46
1992-04-02,39.79,22.21,57.73,0.0,0.46
1992-04-03,39.18,20.86,59.54,0.0,0.46
1992-04-04,39.59,22.75,62.02,0.0,0.46
1992-04-05,38.66,23.29,62.21,0.0,0.46
1992-04-06,38.6,22.81,61.57,0.0,0.46
1992-04-07,38.78,23.46,61.03,0.0,0.46
1992-04-08,38.11,23.82,60.28,0.0,0.46
1992-04-09,38.05,24.08,59.57,0.0,0.46
1992-04-10,39.35,24.1,59.4,0.0,0.46
1992-04-11,40.73,24.05,56.65,0.0,0.46
1992-04-12,39.78,25.34,59.41,0.0,0.46
1992-04-13,40.05,24.26,60.54,0.0,0.46
1992-04-14,39.8,23.22,62.05,0.0,0.46
1992-04-15,40.34,23.73,60.06,0.0,0.46
1992-04-16,39.97,24.08,60.63,0.0,0.46
1992-04-17,39.69,24.45,60.27,0.0,0.46
1992-04-18,40.19,24.73,60.61,0.0,0.46
1992-04-19,40.49,24.95,60.64,0.0,0.46
1992-04-20,40.84,24.39,57.29,0.0,0.46
1992-04-21,40.8,23.24,59.12,0.0,0.46
1992-04-22,41.18,23.86,60.34,0.0,0.46
1992-04-23,41.01,23.8,61.04,0.0,0.46
1992-04-24,39.06,25.67,57.14,0.05,0.46
1992-04-25,38.29,26.01,61.34,0.06,0.46
1992-04-26,39.03,25.66,58.79,0.0,0.46
1992-04-27,40.88,25.48,53.72,0.0,0.46
1992-04-28,37.07,27.34,48.45,0.02,0.46
1992-04-29,40.75,25.93,46.02,0.61,0.46
1992-04-30,41.26,27.23,48.28,0.0,0.46
1992-05-01,39.88,27.21,52.99,0.01,0.46
1992-05-02,39.82,26.03,56.42,0.22,0.46
1992-05-03,39.24,26.34,55.85,0.28,0.46
1992-05-04,40.64,25.2,54.23,0.0,0.46
1992-05-05,40.81,25.0,54.89,0.0,0.46
1992-05-06,40.19,24.55,59.34,0.0,0.46
1992-05-07,38.63,25.51,63.91,0.0,0.46
1992-05-08,39.04,25.7,60.03,0.0,0.46
1992-05-09,39.97,24.78,60.03,0.0,0.46
1992-05-10,40.51,25.19,55.84,0.0,0.46
1992-05-11,41.1,26.37,54.3,0.06,0.46
1992-05-12,41.07,27.55,55.5,0.01,0.46
1992-05-13,39.78,27.64,53.87,0.41,0.46
1992-05-14,38.24,28.51,54.87,0.0,0.46
1992-05-15,33.9,28.13,62.84,0.01,0.46
1992-05-16,34.74,26.76,61.14,0.26,0.46
1992-05-17,32.05,26.43,75.06,2.82,0.46
1992-05-18,34.01,26.63,69.23,1.91,0.46
1992-05-19,33.18,27.1,72.6,8.52,0.48
1992-05-20,35.4,26.86,68.33,2.14,0.48
1992-05-21,31.72,25.46,81.24,38.21,0.52
1992-05-22,32.32,24.78,79.61,7.52,0.55
1992-05-23,32.65,24.69,74.03,0.6,0.55
1992-05-24,33.78,25.32,72.31,1.8,0.55
1992-05-25,36.11,24.99,68.9,4.02,0.55
1992-05-26,32.3,25.75,74.22,0.59,0.54
1992-05-27,33.16,25.97,75.92,0.15,0.54
1992-05-28,35.23,26.54,69.86,0.06,0.54
1992-05-29,35.64,26.21,69.92,0.79,0.53
1992-05-30,31.83,26.33,76.52,0.03,0.53
1992-05-31,33.85,25.96,74.75,0.05,0.53
1992-06-01,34.39,26.24,72.58,1.0,0.53
1992-06-02,35.38,26.75,70.79,0.09,0.52
1992-06-03,32.59,26.49,80.51,5.07,0.52
1992-06-04,31.93,26.07,80.16,1.97,0.53
1992-06-05,33.27,25.8,76.87,4.02,0.53
1992-06-06,31.58,25.54,80.73,8.28,0.54
1992-06-07,32.86,24.92,76.62,5.44,0.55
1992-06-08,36.18,25.0,66.68,1.73,0.54
1992-06-09,34.68,25.9,73.57,3.27,0.54
1992-06-10,33.14,26.34,73.57,0.24,0.54
1992-06-11,35.06,25.61,69.94,0.04,0.54
1992-06-12,35.18,25.6,73.17,0.79,0.53
1992-06-13,33.3,26.26,78.73,0.92,0.53
1992-06-14,30.76,26.85,86.13,3.13,0.53
1992-06-15,31.16,26.39,83.52,2.77,0.54
1992-06-16,31.6,26.5,81.31,1.33,0.54
1992-06-17,29.98,25.99,83.77,2.51,0.54
1992-06-18,30.5,25.59,84.59,3.47,0.54
1992-06-19,30.81,25.86,84.28,0.87,0.54
1992-06-20,31.7,25.96,78.35,0.02,0.54
1992-06-21,31.6,26.02,81.72,2.51,0.54
1992-06-22,33.33,26.2,81.86,3.91,0.54
1992-06-23,30.4,25.86,82.61,1.26,0.54
1992-06-24,31.6,26.07,80.95,5.74,0.55
1992-06-25,32.44,25.91,78.34,6.46,0.55
1992-06-26,32.75,26.04,74.03,10.9,0.56
1992-06-27,31.97,25.67,79.38,5.9,0.57
1992-06-28,30.68,25.59,81.45,6.4,0.58
1992-06-29,31.07,25.43,79.91,6.62,0.58
1992-06-30,32.05,25.27,80.29,4.14,0.58
1992-07-01,30.27,25.98,86.07,11.22,0.59
1992-07-02,29.76,25.93,86.09,2.57,0.6
1992-07-03,32.86,25.87,78.72,3.01,0.6
1992-07-04,32.08,26.16,78.79,2.33,0.6
1992-07-05,30.52,26.01,85.38,7.66,0.6
1992-07-06,31.03,25.65,82.88,10.92,0.61
1992-07-07,30.82,25.22,79.66,6.82,0.62
1992-07-08,30.92,24.83,81.67,9.78,0.63
1992-07-09,31.58,24.69,80.61,15.2,0.64
1992-07-10,32.53,24.5,79.8,1.52,0.65
1992-07-11,32.47,24.6,81.29,6.66,0.64
1992-07-12,31.8,24.95,81.73,4.16,0.65
1992-07-13,32.04,24.71,80.27,0.99,0.64
1992-07-14,29.86,25.28,85.59,6.4,0.64
1992-07-15,28.93,24.63,88.38,5.86,0.65
1992-07-16,30.29,24.04,81.86,3.4,0.65
1992-07-17,30.17,24.62,84.96,0.97,0.65
1992-07-18,30.14,24.99,85.06,0.39,0.65
1992-07-19,31.02,24.77,84.37,1.47,0.64
1992-07-20,29.93,25.2,85.89,0.99,0.64
1992-07-21,30.07,24.8,84.82,4.97,0.64
1992-07-22,31.21,25.07,82.11,4.92,0.64
1992-07-23,29.07,25.43,87.09,9.74,0.65
1992-07-24,29.94,25.41,86.64,5.11,0.66
1992-07-25,29.49,25.84,86.58,8.83,0.67
1992-07-26,29.51,25.53,87.31,2.87,0.67
1992-07-27,30.19,24.89,85.63,0.99,0.67
1992-07-28,30.37,24.84,85.47,1.71,0.66
1992-07-29,32.25,24.75,84.49,16.01,0.67
1992-07-30,32.35,25.45,83.64,8.99,0.69
1992-07-31,28.03,24.67,88.95,10.22,0.7
1992-08-01,29.18,24.43,89.83,2.93,0.7
1992-08-02,29.26,25.31,89.37,0.49,0.7
1992-08-03,29.85,24.82,87.02,0.98,0.69
1992-08-04,31.41,24.3,84.36,5.47,0.69
1992-08-05,30.7,24.52,87.28,27.14,0.72
1992-08-06,30.06,24.18,85.58,14.71,0.74
1992-08-07,28.7,24.01,90.11,0.73,0.74
1992-08-08,28.85,25.0,88.69,0.58,0.74
1992-08-09,29.76,24.9,85.9,0.11,0.73
1992-08-10,29.15,24.4,90.28,2.14,0.73
1992-08-11,29.26,25.2,89.91,6.45,0.73
1992-08-12,29.32,24.69,89.39,3.66,0.73
1992-08-13,29.21,24.98,89.64,4.33,0.73
1992-08-14,29.17,24.96,90.43,2.79,0.73
1992-08-15,29.26,24.98,89.88,15.75,0.74
1992-08-16,29.41,24.99,88.24,9.71,0.76
1992-08-17,30.26,24.86,87.0,1.83,0.76
1992-08-18,29.87,24.99,87.53,5.0,0.75
1992-08-19,30.12,25.06,87.25,3.77,0.75
1992-08-20,30.04,24.93,87.58,4.59,0.75
1992-08-21,30.99,25.06,85.9,2.5,0.75
1992-08-22,30.49,24.92,86.29,2.81,0.74
1992-08-23,29.34,24.89,89.21,4.57,0.74
1992-08-24,30.56,24.82,86.59,0.46,0.74
1992-08-25,27.35,23.38,90.73,2.52,0.74
1992-08-26,30.23,23.46,85.36,2.63,0.73
1992-08-27,31.23,23.57,83.83,0.04,0.73
1992-08-28,31.29,24.69,87.06,0.01,0.72
1992-08-29,31.44,25.24,85.06,0.0,0.71
1992-08-30,30.82,25.34,86.96,0.38,0.71
1992-08-31,30.27,24.92,87.81,2.55,0.7
1992-09-01,29.52,24.63,89.02,0.71,0.7
1992-09-02,29.64,24.64,86.97,1.08,0.7
1992-09-03,28.72,24.1,89.54,1.25,0.7
1992-09-04,30.36,23.81,85.2,0.63,0.69
1992-09-05,30.92,24.23,86.17,1.06,0.69
1992-09-06,29.14,25.37,89.17,0.59,0.68
1992-09-07,29.48,24.99,89.06,0.47,0.68
1992-09-08,29.54,24.7,87.78,0.8,0.68
1992-09-09,30.03,24.79,86.02,0.34,0.67
1992-09-10,28.98,24.58,88.41,2.98,0.67
1992-09-11,29.85,24.22,87.02,5.22,0.67
1992-09-12,29.86,23.81,85.64,1.5,0.67
1992-09-13,30.22,23.33,83.8,4.85,0.67
1992-09-14,30.04,24.08,87.97,20.42,0.68
1992-09-15,30.84,24.36,86.77,3.82,0.69
1992-09-16,28.79,23.89,88.82,6.55,0.7
1992-09-17,29.83,23.82,87.25,3.8,0.7
1992-09-18,30.55,23.56,85.24,0.99,0.69
1992-09-19,29.65,24.25,85.66,0.16,0.68
1992-09-20,30.62,23.92,86.42,9.22,0.69
1992-09-21,31.6,24.46,85.26,2.61,0.69
1992-09-22,29.48,24.54,87.94,0.61,0.68
1992-09-23,29.01,24.37,91.41,1.23,0.68
1992-09-24,28.55,24.56,91.16,4.89,0.68
1992-09-25,31.81,23.61,83.73,0.12,0.68
1992-09-26,31.57,23.75,83.81,0.89,0.67
1992-09-27,32.07,24.04,82.43,0.22,0.67
1992-09-28,31.6,24.95,82.34,3.47,0.66
1992-09-29,32.05,24.37,81.68,0.06,0.66
1992-09-30,32.54,23.83,79.75,0.48,0.65
1992-10-01,30.41,24.44,83.62,0.86,0.65
1992-10-02,30.15,24.3,85.31,0.9,0.64
1992-10-03,31.22,24.53,80.01,0.67,0.64
1992-10-04,32.02,23.95,80.95,0.1,0.63
1992-10-05,30.3,24.3,84.54,0.0,0.63
1992-10-06,32.3,23.3,81.75,0.02,0.62
1992-10-07,30.9,23.92,84.55,0.0,0.62
1992-10-08,31.1,23.92,85.68,0.02,0.61
1992-10-09,33.2,23.69,77.92,0.07,0.61
1992-10-10,32.96,24.32,82.36,2.3,0.6
1992-10-11,31.4,24.78,82.26,0.07,0.6
1992-10-12,31.73,24.13,80.77,0.0,0.59
1992-10-13,31.01,23.65,83.59,0.01,0.59
1992-10-14,30.18,24.2,85.87,0.76,0.59
1992-10-15,29.5,24.59,89.77,6.01,0.59
1992-10-16,27.93,24.48,94.24,17.44,0.61
1992-10-17,27.9,24.43,92.81,10.73,0.63
1992-10-18,26.82,22.01,92.11,2.61,0.64
1992-10-19,27.71,22.02,90.3,0.15,0.63
1992-10-20,29.18,22.41,86.35,0.06,0.63
1992-10-21,30.57,23.56,83.64,0.63,0.62
1992-10-22,28.24,24.38,91.61,2.39,0.62
1992-10-23,30.51,23.94,83.6,1.25,0.62
1992-10-24,31.95,22.77,79.79,0.01,0.61
1992-10-25,32.72,21.12,72.98,0.02,0.61
1992-10-26,32.74,21.85,72.94,0.0,0.6
1992-10-27,31.65,23.55,75.61,0.01,0.59
1992-10-28,32.84,21.91,69.17,0.22,0.59
1992-10-29,33.74,23.78,73.19,0.35,0.58
1992-10-30,31.38,22.95,78.65,0.55,0.58
1992-10-31,32.28,22.97,74.25,0.05,0.57
1992-11-01,32.33,22.85,73.87,0.0,0.57
1992-11-02,29.64,22.38,80.27,0.0,0.56
1992-11-03,30.85,22.68,76.57,0.0,0.56
1992-11-04,33.6,21.93,69.55,0.0,0.56
1992-11-05,34.13,22.68,72.6,0.0,0.55
1992-11-06,34.12,22.9,72.11,0.0,0.55
1992-11-07,34.13,22.98,72.0,0.0,0.54
1992-11-08,34.33,22.34,70.64,0.0,0.54
1992-11-09,31.1,21.73,72.64,0.0,0.54
1992-11-10,27.85,18.88,64.3,0.0,0.53
1992-11-11,29.13,17.1,62.95,0.0,0.53
1992-11-12,30.37,17.22,63.6,0.0,0.53
1992-11-13,31.84,17.61,65.96,0.0,0.52
1992-11-14,31.54,18.67,66.21,0.0,0.52
1992-11-15,33.23,19.04,62.93,0.0,0.52
1992-11-16,32.89,20.98,67.78,0.0,0.51
1992-11-17,33.59,21.16,67.12,0.0,0.51
1992-11-18,34.05,20.9,66.82,0.0,0.51
1992-11-19,33.96,21.93,69.27,0.0,0.5
1992-11-20,34.14,22.16,66.94,0.04,0.5
1992-11-21,34.22,22.11,69.9,0.0,0.5
1992-11-22,32.94,22.55,72.88,0.21,0.5
1992-11-23,33.97,22.68,70.82,1.14,0.49
1992-11-24,33.8,22.03,70.74,0.58,0.49
1992-11-25,33.09,22.37,68.33,0.25,0.49
1992-11-26,32.43,21.94,65.72,0.01,0.49
1992-11-27,31.19,20.58,67.71,0.0,0.49
1992-11-28,31.29,18.6,65.2,0.0,0.48
1992-11-29,32.19,19.19,62.51,0.0,0.48
1992-11-30,31.8,18.54,63.93,0.0,0.48
1992-12-01,30.4,18.32,62.12,0.0,0.48
1992-12-02,30.25,16.06,60.46,0.0,0.48
1992-12-03,30.26,15.05,57.96,0.0,0.47
1992-12-04,31.9,14.78,57.74,0.0,0.47
1992-12-05,32.89,15.81,54.02,0.0,0.47
1992-12-06,33.33,17.17,50.43,0.0,0.47
1992-12-07,33.25,16.6,53.1,0.0,0.47
1992-12-08,33.07,18.67,55.49,0.0,0.47
1992-12-09,33.36,17.99,54.17,0.0,0.47
1992-12-10,33.68,17.46,53.14,0.0,0.47
1992-12-11,33.89,16.32,56.89,0.0,0.46
1992-12-12,34.11,15.9,57.94,0.0,0.46
1992-12-13,33.61,18.43,63.39,0.0,0.46
1992-12-14,33.84,17.48,56.96,0.0,0.46
1992-12-15,34.19,17.2,53.53,0.0,0.46
1992-12-16,32.51,19.14,56.18,0.0,0.46
1992-12-17,34.11,21.55,55.67,0.0,0.46
1992-12-18,33.52,20.1,56.86,0.0,0.46
1992-12-19,33.86,19.72,55.9,0.0,0.46
1992-12-20,33.78,19.75,52.33,0.0,0.46
1992-12-21,33.95,18.39,47.11,0.0,0.46
1992-12-22,34.84,19.07,52.69,0.0,0.46
1992-12-23,32.7,19.46,64.36,11.96,0.48
1992-12-24,30.29,17.92,72.95,35.29,0.53
1992-12-25,28.65,15.68,70.57,0.0,0.54
1992-12-26,29.62,14.82,67.8,0.0,0.53
1992-12-27,29.91,14.81,68.23,0.0,0.53
1992-12-28,30.23,15.56,71.25,0.0,0.53
1992-12-29,30.38,15.46,62.37,0.0,0.52
1992-12-30,30.75,14.34,52.51,0.0,0.52
1992-12-31,30.99,14.49,53.99,0.0,0.52
1993-01-01,31.54,14.07,56.66,0.0,0.51
1993-01-02,31.52,14.91,67.16,0.0,0.51
1993-01-03,31.17,16.92,69.91,0.0,0.51
1993-01-04,31.64,16.6,66.23,0.0,0.51
1993-01-05,32.46,16.42,59.24,0.0,0.5
1993-01-06,31.97,16.37,63.68,0.0,0.5
1993-01-07,32.22,16.78,62.29,0.0,0.5
1993-01-08,32.89,18.37,60.09,0.0,0.5
1993-01-09,30.57,19.03,61.9,0.0,0.49
1993-01-10,30.19,18.13,70.5,0.0,0.49
1993-01-11,32.9,17.6,67.71,0.0,0.49
1993-01-12,32.86,17.72,70.04,0.0,0.49
1993-01-13,33.26,17.33,68.83,0.0,0.48
1993-01-14,32.57,18.01,72.3,0.0,0.48
1993-01-15,31.47,18.24,69.26,0.0,0.48
1993-01-16,32.04,16.66,56.56,0.0,0.48
1993-01-17,31.35,16.1,58.14,0.0,0.48
1993-01-18,31.74,16.44,62.32,0.0,0.47
1993-01-19,31.52,15.91,66.41,0.0,0.47
1993-01-20,31.17,16.63,61.47,0.0,0.47
1993-01-21,31.51,15.8,59.82,0.0,0.47
1993-01-22,31.63,15.77,57.62,0.0,0.47
1993-01-23,31.23,16.4,56.21,0.0,0.47
1993-01-24,30.2,15.11,56.98,0.0,0.47
1993-01-25,30.27,15.72,53.93,0.0,0.47
1993-01-26,30.45,15.99,53.0,0.0,0.46
1993-01-27,31.22,14.5,49.99,0.0,0.46
1993-01-28,30.71,15.9,57.77,0.0,0.46
1993-01-29,30.47,17.21,58.46,0.0,0.46
1993-01-30,30.97,15.45,51.18,0.0,0.46
1993-01-31,32.16,15.86,49.4,0.0,0.46
1993-02-01,32.44,17.1,46.14,0.0,0.46
1993-02-02,33.69,16.3,45.7,0.0,0.46
1993-02-03,34.3,18.28,46.53,0.0,0.46
1993-02-04,34.31,17.61,43.33,0.0,0.46
1993-02-05,34.39,18.38,48.17,0.0,0.46
1993-02-06,34.22,17.89,56.47,0.0,0.46
1993-02-07,34.05,18.28,55.65,0.0,0.46
1993-02-08,34.56,17.48,52.57,0.0,0.46
1993-02-09,35.61,17.44,50.66,0.0,0.46
1993-02-10,35.92,17.99,52.54,0.0,0.46
1993-02-11,36.88,18.46,42.79,0.0,0.46
1993-02-12,36.35,19.44,50.45,0.0,0.46
1993-02-13,36.04,19.04,57.88,0.0,0.46
1993-02-14,34.52,18.61,58.92,0.0,0.46
1993-02-15,34.19,18.01,65.86,0.0,0.46
1993-02-16,34.45,18.93,65.68,0.0,0.46
1993-02-17,34.8,19.05,63.61,0.0,0.46
1993-02-18,35.9,19.16,62.12,0.0,0.46
1993-02-19,35.41,19.19,60.16,0.0,0.46
1993-02-20,34.94,18.32,63.21,0.0,0.46
1993-02-21,34.46,19.3,64.32,0.0,0.46
1993-02-22,34.14,19.14,65.12,0.0,0.46
1993-02-23,34.41,19.03,63.69,0.0,0.46
1993-02-24,35.25,17.8,51.36,0.0,0.46
1993-02-25,35.97,16.54,48.4,0.0,0.46
1993-02-26,35.49,16.75,50.03,0.0,0.46
1993-02-27,36.57,17.46,58.1,0.0,0.46
1993-02-28,37.3,18.03,57.68,0.0,0.46
1993-03-01,38.13,19.48,53.98,0.0,0.46
1993-03-02,38.0,19.26,56.18,0.0,0.46
1993-03-03,37.72,20.58,56.79,0.0,0.46
1993-03-04,37.72,20.19,55.27,0.0,0.46
1993-03-05,37.68,19.27,54.71,0.0,0.46
1993-03-06,38.71,19.9,50.65,0.0,0.46
1993-03-07,39.29,19.95,49.54,0.0,0.46
1993-03-08,38.85,21.7,48.71,0.0,0.46
1993-03-09,38.84,22.04,49.27,0.84,0.46
1993-03-10,37.69,24.07,51.45,2.59,0.46
1993-03-11,35.82,24.32,54.03,0.57,0.46
1993-03-12,36.75,23.66,52.15,0.02,0.46
1993-03-13,37.76,22.33,53.22,0.0,0.46
1993-03-14,37.69,20.39,57.1,0.0,0.46
1993-03-15,38.3,19.83,56.95,0.0,0.46
1993-03-16,37.7,20.51,59.37,0.0,0.46
1993-03-17,37.55,21.03,63.96,0.0,0.46
1993-03-18,37.56,20.51,63.43,0.0,0.46
1993-03-19,36.93,21.07,62.39,0.0,0.46
1993-03-20,37.66,18.78,52.09,0.0,0.46
1993-03-21,38.5,18.79,51.7,0.01,0.46
1993-03-22,37.87,20.64,53.79,0.0,0.46
1993-03-23,37.66,21.0,57.5,0.0,0.46
1993-03-24,37.54,21.56,61.67,0.0,0.46
1993-03-25,37.54,22.24,62.55,0.0,0.46
1993-03-26,39.35,21.99,59.48,0.0,0.46
1993-03-27,37.25,21.68,64.0,0.0,0.46
1993-03-28,37.86,22.3,62.89,0.0,0.46
1993-03-29,40.37,21.32,52.07,0.0,0.46
1993-03-30,40.8,22.0,46.18,0.0,0.46
1993-03-31,40.48,21.9,47.08,0.0,0.46
1993-04-01,38.02,22.32,49.42,0.0,0.46
1993-04-02,41.02,21.79,51.5,0.0,0.46
1993-04-03,40.26,22.96,54.81,0.0,0.46
1993-04-04,40.13,22.49,57.87,0.0,0.46
1993-04-05,40.23,22.58,58.19,0.0,0.46
1993-04-06,42.45,22.21,54.78,0.0,0.46
1993-04-07,42.04,23.95,54.87,0.0,0.46
1993-04-08,40.93,23.79,54.92,0.04,0.46
1993-04-09,40.4,24.21,53.05,0.0,0.46
1993-04-10,39.64,24.49,54.19,0.0,0.46
1993-04-11,39.64,23.2,56.41,0.0,0.46
1993-04-12,39.56,22.36,57.99,0.42,0.46
1993-04-13,38.72,22.25,52.02,0.19,0.46
1993-04-14,39.81,23.03,47.22,0.0,0.46
1993-04-15,39.9,23.44,52.44,0.0,0.46
1993-04-16,38.36,23.58,58.44,0.0,0.46
1993-04-17,38.81,23.36,57.68,0.0,0.46
1993-04-18,39.38,22.76,60.53,0.0,0.46
1993-04-19,40.66,22.63,58.11,0.0,0.46
1993-04-20,40.88,24.47,58.16,0.0,0.46
1993-04-21,40.64,24.44,55.24,0.03,0.46
1993-04-22,40.38,24.91,53.49,0.01,0.46
1993-04-23,39.65,24.25,57.88,0.0,0.46
1993-04-24,39.88,24.78,58.68,0.0,0.46
1993-04-25,39.69,24.79,59.97,0.0,0.46
1993-04-26,39.56,25.38,60.35,0.0,0.46
1993-04-27,39.79,25.43,60.35,0.01,0.46
1993-04-28,37.56,25.63,60.1,0.0,0.46
1993-04-29,39.42,25.37,59.28,0.0,0.46
1993-04-30,38.07,26.95,60.52,0.0,0.46
1993-05-01,38.78,26.88,57.63,0.05,0.46
1993-05-02,38.65,26.69,60.32,0.81,0.46
1993-05-03,39.16,27.28,58.98,0.0,0.46
1993-05-04,39.88,27.57,57.37,0.0,0.46
1993-05-05,38.31,27.25,63.15,0.0,0.46
1993-05-06,38.91,26.95,62.16,0.0,0.46
1993-05-07,40.42,26.74,58.61,0.02,0.46
1993-05-08,38.11,25.8,60.9,0.0,0.46
1993-05-09,37.89,26.09,62.19,0.09,0.46
1993-05-10,38.94,26.33,59.01,0.0,0.46
1993-05-11,36.69,27.23,62.02,0.0,0.46
1993-05-12,36.73,26.49,63.88,0.0,0.46
1993-05-13,38.74,26.21,58.55,0.0,0.46
1993-05-14,38.83,25.8,58.97,0.35,0.46
1993-05-15,38.02,26.19,53.54,0.01,0.46
1993-05-16,36.0,26.69,52.12,0.53,0.46
1993-05-17,39.3,26.04,50.66,0.0,0.46
1993-05-18,39.65,26.84,52.52,0.02,0.46
1993-05-19,39.32,26.98,51.95,0.61,0.46
1993-05-20,34.67,27.85,59.2,0.2,0.46
1993-05-21,33.54,26.38,63.02,0.13,0.46
1993-05-22,30.02,26.23,78.76,0.1,0.46
1993-05-23,35.4,26.92,70.13,0.21,0.46
1993-05-24,31.72,26.58,76.43,0.45,0.46
1993-05-25,36.66,26.25,65.21,0.01,0.46
1993-05-26,34.73,27.08,61.95,0.39,0.46
1993-05-27,33.46,26.69,74.59,0.05,0.46
1993-05-28,31.21,27.03,80.22,1.07,0.46
1993-05-29,31.79,26.93,75.72,3.17,0.46
1993-05-30,32.25,26.75,83.06,19.11,0.49
1993-05-31,31.93,25.88,80.4,5.93,0.51
1993-06-01,36.86,24.98,70.9,0.04,0.51
1993-06-02,32.66,26.48,74.3,0.01,0.5
1993-06-03,33.22,25.84,72.44,0.0,0.5
1993-06-04,32.64,26.1,75.58,0.05,0.5
1993-06-05,33.55,26.01,73.8,0.0,0.49
1993-06-06,34.61,26.0,70.98,0.03,0.49
1993-06-07,36.64,25.98,67.6,0.02,0.49
1993-06-08,34.15,26.01,72.89,0.01,0.49
1993-06-09,33.02,26.3,74.67,0.2,0.48
1993-06-10,31.27,26.19,79.46,1.53,0.48
1993-06-11,32.22,26.11,80.59,7.88,0.49
1993-06-12,30.86,25.83,84.35,3.86,0.5
1993-06-13,32.22,26.08,80.38,10.82,0.51
1993-06-14,31.91,26.0,79.61,5.48,0.52
1993-06-15,32.17,26.11,79.5,3.46,0.52
1993-06-16,31.91,26.23,79.29,2.03,0.52
1993-06-17,31.43,26.21,78.6,1.16,0.52
1993-06-18,30.61,26.02,81.61,1.77,0.52
1993-06-19,30.55,25.73,82.36,1.81,0.52
1993-06-20,35.39,25.65,72.41,0.21,0.52
1993-06-21,33.34,26.42,75.46,0.45,0.52
1993-06-22,32.04,26.33,77.86,1.97,0.52
1993-06-23,31.52,25.96,76.74,0.95,0.52
1993-06-24,32.92,25.87,70.22,0.09,0.51
1993-06-25,32.51,25.72,71.99,0.01,0.51
1993-06-26,36.82,25.74,70.32,0.0,0.51
1993-06-27,35.87,26.47,70.36,0.02,0.5
1993-06-28,35.42,26.87,68.02,0.03,0.5
1993-06-29,31.91,26.91,76.25,0.51,0.5
1993-06-30,31.64,26.33,78.13,0.45,0.5
1993-07-01,32.56,25.7,76.84,0.18,0.5
1993-07-02,33.58,26.14,74.16,0.42,0.49
1993-07-03,34.8,25.48,71.18,0.0,0.49
1993-07-04,34.11,26.2,73.89,0.0,0.49
1993-07-05,32.5,26.04,76.57,0.3,0.49
1993-07-06,31.5,26.16,77.47,0.02,0.49
1993-07-07,31.67,26.04,77.92,0.06,0.48
1993-07-08,31.23,26.39,75.7,0.05,0.48
1993-07-09,32.95,26.14,75.01,0.49,0.48
1993-07-10,32.79,26.03,72.98,0.03,0.48
1993-07-11,33.55,26.72,71.72,0.47,0.48
1993-07-12,31.15,26.19,79.67,4.0,0.48
1993-07-13,30.38,25.78,83.9,13.14,0.5
1993-07-14,30.37,25.49,80.76,0.02,0.5
1993-07-15,32.36,25.64,76.08,0.01,0.5
1993-07-16,35.88,25.21,69.07,0.09,0.5
1993-07-17,32.76,25.98,70.66,0.01,0.49
1993-07-18,34.74,25.35,70.21,0.04,0.49
1993-07-19,33.11,26.1,74.29,0.69,0.49
1993-07-20,31.85,25.8,77.84,0.21,0.49
1993-07-21,32.87,26.13,72.72,0.05,0.49
1993-07-22,30.96,25.76,76.73,0.03,0.48
1993-07-23,32.94,25.57,74.01,0.0,0.48
1993-07-24,32.39,26.11,75.74,0.0,0.48
1993-07-25,31.63,26.31,75.28,0.01,0.48
1993-07-26,32.49,25.85,71.22,0.04,0.48
1993-07-27,34.19,26.02,70.63,0.0,0.48
1993-07-28,33.56,26.19,73.66,0.44,0.48
1993-07-29,31.31,26.37,77.82,0.09,0.47
1993-07-30,31.92,26.12,78.05,0.13,0.47
1993-07-31,31.68,26.08,79.26,5.58,0.48
1993-08-01,32.03,25.9,78.35,3.47,0.49
1993-08-02,31.74,25.83,77.32,1.85,0.49
1993-08-03,31.86,25.43,78.62,0.3,0.48
1993-08-04,33.1,24.77,74.84,0.45,0.48
1993-08-05,32.31,25.31,75.64,1.26,0.48
1993-08-06,31.8,25.54,74.75,0.01,0.48
1993-08-07,32.55,25.24,74.28,0.11,0.48
1993-08-08,33.19,25.92,71.53,0.1,0.48
1993-08-09,33.52,26.04,71.41,0.42,0.48
1993-08-10,31.65,26.2,72.79,0.23,0.47
1993-08-11,33.64,26.29,70.69,0.11,0.47
1993-08-12,33.94,26.06,70.93,0.03,0.47
1993-08-13,33.23,26.26,69.28,0.42,0.47
1993-08-14,32.28,25.35,74.21,4.43,0.48
1993-08-15,30.8,25.3,79.52,1.34,0.48
1993-08-16,31.97,25.65,73.22,0.03,0.48
1993-08-17,32.01,25.64,74.43,0.18,0.47
1993-08-18,30.33,25.53,76.58,0.92,0.47
1993-08-19,32.19,25.28,74.64,0.69,0.47
1993-08-20,32.83,25.75,73.09,1.41,0.47
1993-08-21,32.67,25.81,71.22,0.72,0.47
1993-08-22,31.35,25.51,76.8,0.88,0.47
1993-08-23,32.09,25.45,74.7,0.75,0.47
1993-08-24,32.65,25.08,73.1,0.26,0.47
1993-08-25,30.22,25.18,79.13,0.95,0.47
1993-08-26,33.97,24.56,72.08,0.54,0.47
1993-08-27,34.62,24.62,70.25,0.67,0.47
1993-08-28,32.38,25.32,75.95,5.08,0.47
1993-08-29,30.93,25.2,78.43,0.93,0.48
1993-08-30,32.31,24.88,80.58,4.64,0.48
1993-08-31,32.58,24.3,79.68,4.82,0.49
1993-09-01,34.08,24.2,73.89,0.01,0.49
1993-09-02,34.81,24.66,71.39,0.04,0.48
1993-09-03,32.23,25.77,75.98,0.45,0.48
1993-09-04,31.87,25.57,75.4,1.15,0.48
1993-09-05,32.78,25.13,75.49,2.49,0.48
1993-09-06,30.47,24.79,81.17,0.66,0.48
1993-09-07,33.71,24.47,72.68,0.21,0.48
1993-09-08,36.3,24.57,66.82,0.12,0.48
1993-09-09,32.68,25.11,74.64,0.92,0.47
1993-09-10,29.9,25.85,83.54,1.95,0.48
1993-09-11,28.3,24.31,87.79,3.92,0.48
1993-09-12,34.29,23.57,72.7,1.6,0.48
1993-09-13,34.08,24.59,70.96,0.2,0.48
1993-09-14,33.91,24.97,69.04,0.0,0.48
1993-09-15,35.73,25.14,69.27,0.0,0.47
1993-09-16,35.8,25.3,67.66,0.0,0.47
1993-09-17,34.7,26.15,69.35,0.1,0.47
1993-09-18,32.45,26.21,74.97,0.94,0.47
1993-09-19,31.93,25.88,73.89,0.35,0.47
1993-09-20,32.41,25.11,75.84,0.93,0.47
1993-09-21,32.45,24.82,79.73,3.85,0.47
1993-09-22,35.52,24.02,70.8,0.02,0.47
1993-09-23,34.37,24.37,71.25,0.04,0.47
1993-09-24,35.18,25.08,66.22,0.06,0.47
1993-09-25,36.15,25.3,66.78,0.26,0.47
1993-09-26,34.05,25.72,68.57,0.04,0.47
1993-09-27,33.42,25.69,71.57,0.0,0.47
1993-09-28,32.46,25.83,68.84,0.0,0.47
1993-09-29,34.87,25.61,66.11,0.0,0.47
1993-09-30,35.7,25.93,63.74,0.04,0.47
1993-10-01,33.61,26.22,68.11,0.66,0.47
1993-10-02,35.99,25.7,66.77,0.07,0.47
1993-10-03,34.35,25.75,69.08,0.0,0.46
1993-10-04,36.18,25.42,68.23,0.0,0.46
1993-10-05,34.71,25.2,69.82,0.0,0.46
1993-10-06,36.66,24.78,65.96,0.0,0.46
1993-10-07,37.65,23.66,60.74,0.0,0.46
1993-10-08,34.98,25.26,66.32,0.0,0.46
1993-10-09,36.52,25.02,67.88,0.0,0.46
1993-10-10,37.82,25.51,64.1,0.0,0.46
1993-10-11,37.55,25.2,64.83,0.0,0.46
1993-10-12,34.08,25.43,67.3,0.0,0.46
1993-10-13,36.85,24.0,60.74,0.0,0.46
1993-10-14,36.5,25.13,59.51,0.0,0.46
1993-10-15,37.98,25.55,58.97,0.0,0.46
1993-10-16,38.14,26.11,56.51,0.0,0.46
1993-10-17,38.46,25.6,53.67,0.0,0.46
1993-10-18,38.3,25.75,52.97,0.02,0.46
1993-10-19,37.3,27.01,56.68,0.24,0.46
1993-10-20,35.41,25.88,61.49,0.06,0.46
1993-10-21,32.73,25.2,74.51,0.88,0.46
1993-10-22,32.62,24.99,70.79,0.0,0.46
1993-10-23,34.22,24.13,65.4,0.09,0.46
1993-10-24,35.82,24.24,62.16,0.0,0.46
1993-10-25,35.68,25.21,62.72,0.01,0.46
1993-10-26,37.62,25.71,58.12,0.08,0.46
1993-10-27,36.76,26.0,59.59,0.0,0.46
1993-10-28,34.5,25.68,64.79,0.07,0.46
1993-10-29,32.96,26.08,62.03,0.15,0.46
1993-10-30,32.34,25.95,61.23,0.0,0.46
1993-10-31,34.6,24.92,54.95,0.0,0.46
1993-11-01,36.71,24.29,55.27,0.0,0.46
1993-11-02,37.04,21.99,53.29,0.0,0.46
1993-11-03,36.92,23.77,48.43,0.0,0.46
1993-11-04,36.62,22.77,50.07,0.0,0.46
1993-11-05,37.09,23.72,55.75,0.0,0.46
1993-11-06,37.25,23.92,54.18,0.0,0.46
1993-11-07,37.76,23.34,54.6,0.0,0.46
1993-11-08,38.34,23.64,50.67,0.0,0.46
1993-11-09,38.07,23.05,49.68,0.0,0.46
1993-11-10,37.96,23.17,48.69,0.0,0.46
1993-11-11,37.88,23.07,45.84,0.0,0.46
1993-11-12,37.47,22.35,46.72,0.0,0.46
1993-11-13,36.98,21.79,47.4,0.0,0.46
1993-11-14,36.62,21.09,47.35,0.0,0.46
1993-11-15,35.42,22.18,54.94,0.0,0.46
1993-11-16,35.45,21.8,57.88,0.0,0.46
1993-11-17,35.58,20.46,54.45,0.0,0.46
1993-11-18,35.57,21.37,54.17,0.0,0.46
1993-11-19,36.6,22.72,50.06,0.0,0.46
1993-11-20,37.31,22.59,48.72,0.0,0.46
1993-11-21,37.96,22.46,45.42,0.01,0.46
1993-11-22,36.21,24.44,50.81,0.0,0.46
1993-11-23,34.57,24.57,55.32,0.0,0.46
1993-11-24,36.62,24.72,54.14,0.0,0.46
1993-11-25,34.56,24.97,54.58,0.0,0.46
1993-11-26,36.03,24.97,53.58,0.0,0.46
1993-11-27,35.98,24.11,51.88,0.0,0.46
1993-11-28,35.91,23.32,52.92,0.0,0.46
1993-11-29,37.34,25.13,50.3,0.0,0.46
1993-11-30,38.05,24.44,49.41,0.0,0.46
1993-12-01,37.33,25.52,53.65,0.0,0.46
1993-12-02,36.13,25.59,52.71,0.0,0.46
1993-12-03,35.8,25.15,50.38,0.0,0.46
1993-12-04,37.95,23.23,44.43,0.0,0.46
1993-12-05,37.93,23.89,47.89,0.0,0.46
1993-12-06,37.08,23.55,47.61,0.0,0.46
1993-12-07,36.37,24.7,46.2,0.0,0.46
1993-12-08,34.79,22.28,47.75,0.0,0.46
1993-12-09,34.58,21.85,49.01,0.0,0.46
1993-12-10,35.21,22.06,49.52,0.0,0.46
1993-12-11,32.63,23.43,62.6,0.0,0.46
1993-12-12,35.05,23.79,59.08,0.0,0.46
1993-12-13,35.05,22.99,57.79,0.0,0.46
1993-12-14,35.87,22.2,61.57,0.0,0.46
1993-12-15,36.4,21.75,54.97,0.0,0.46
1993-12-16,36.35,20.99,50.14,0.0,0.46
1993-12-17,35.43,22.35,49.27,0.0,0.46
1993-12-18,34.5,20.28,48.53,0.0,0.46
1993-12-19,34.43,19.66,55.38,0.0,0.46
1993-12-20,34.11,19.71,60.23,0.0,0.46
1993-12-21,34.23,18.77,50.28,0.0,0.46
1993-12-22,31.55,20.28,53.23,0.0,0.46
1993-12-23,33.13,18.54,48.18,0.0,0.46
1993-12-24,33.23,18.66,47.12,0.0,0.46
1993-12-25,32.38,17.03,45.62,0.0,0.46
1993-12-26,32.34,16.15,42.09,0.0,0.46
1993-12-27,31.19,15.55,46.85,0.0,0.46
1993-12-28,31.64,13.92,44.17,0.0,0.46
1993-12-29,32.27,15.89,42.5,0.0,0.46
1993-12-30,32.96,16.31,53.74,0.0,0.46
1993-12-31,34.75,16.25,55.27,0.0,0.46
1994-01-01,34.9,17.65,54.91,0.0,0.46
1994-01-02,34.73,17.67,55.86,0.0,0.46
1994-01-03,35.72,19.11,56.26,0.0,0.46
1994-01-04,36.59,21.08,56.36,0.0,0.46
1994-01-05,36.89,21.64,56.63,0.0,0.46
1994-01-06,36.47,21.11,54.67,0.0,0.46
1994-01-07,36.09,21.39,46.54,0.0,0.46
1994-01-08,34.84,20.39,49.88,0.0,0.46
1994-01-09,33.74,18.54,52.86,0.0,0.46
1994-01-10,34.63,17.32,50.89,0.0,0.46
1994-01-11,36.0,18.16,49.02,0.0,0.46
1994-01-12,36.24,18.04,55.92,0.0,0.46
1994-01-13,35.86,19.11,59.65,0.0,0.46
1994-01-14,34.75,19.69,63.37,0.0,0.46
1994-01-15,34.96,20.66,59.36,0.0,0.46
1994-01-16,34.51,19.13,57.81,0.0,0.46
1994-01-17,34.53,19.7,63.71,0.0,0.46
1994-01-18,34.62,19.19,65.08,0.0,0.46
1994-01-19,35.86,18.37,60.08,0.0,0.46
1994-01-20,36.03,19.47,52.2,0.0,0.46
1994-01-21,35.24,19.72,54.49,0.0,0.46
1994-01-22,35.38,19.96,55.08,0.0,0.46
1994-01-23,35.55,20.18,55.44,0.0,0.46
1994-01-24,34.77,20.46,54.04,0.0,0.46
1994-01-25,34.05,18.36,58.59,0.0,0.46
1994-01-26,34.39,18.28,53.51,0.0,0.46
1994-01-27,35.18,18.64,52.91,0.0,0.46
1994-01-28,35.74,18.96,56.09,0.0,0.46
1994-01-29,35.13,18.96,58.94,0.0,0.46
1994-01-30,34.67,18.26,53.04,0.0,0.46
1994-01-31,35.03,17.83,55.36,0.0,0.46
1994-02-01,36.17,19.09,54.94,0.0,0.46
1994-02-02,36.53,22.79,52.32,0.0,0.46
1994-02-03,36.0,22.65,57.38,0.0,0.46
1994-02-04,36.24,21.47,56.44,0.0,0.46
1994-02-05,36.42,21.01,54.36,0.02,0.46
1994-02-06,37.0,20.7,51.08,0.0,0.46
1994-02-07,36.78,22.86,42.86,0.0,0.46
1994-02-08,38.67,20.88,45.4,0.0,0.46
1994-02-09,38.08,20.93,45.34,0.0,0.46
1994-02-10,35.99,21.67,53.37,0.0,0.46
1994-02-11,35.27,20.19,52.15,0.0,0.46
1994-02-12,34.07,18.9,49.61,0.0,0.46
1994-02-13,35.61,16.24,50.25,0.0,0.46
1994-02-14,37.13,18.82,49.52,0.0,0.46
1994-02-15,37.56,19.64,43.97,0.0,0.46
1994-02-16,38.25,21.3,40.36,0.0,0.46
1994-02-17,38.27,20.23,48.22,0.0,0.46
1994-02-18,36.86,20.94,52.24,0.0,0.46
1994-02-19,37.31,19.38,52.69,0.0,0.46
1994-02-20,37.14,20.49,50.16,0.0,0.46
1994-02-21,37.54,19.13,44.06,0.0,0.46
1994-02-22,36.07,19.28,60.9,0.0,0.46
1994-02-23,34.99,19.41,66.81,0.0,0.46
1994-02-24,35.39,19.07,58.03,0.0,0.46
1994-02-25,36.43,18.58,50.47,0.0,0.46
1994-02-26,35.12,18.1,44.05,0.0,0.46
1994-02-27,35.22,17.26,43.92,0.0,0.46
1994-02-28,35.11,17.44,47.46,0.0,0.46
1994-03-01,37.0,18.75,47.31,0.0,0.46
1994-03-02,37.7,20.2,46.63,0.0,0.46
1994-03-03,37.64,21.38,48.66,0.0,0.46
1994-03-04,37.27,20.36,48.26,0.0,0.46
1994-03-05,37.48,18.23,53.42,0.0,0.46
1994-03-06,37.8,18.88,57.19,0.0,0.46
1994-03-07,38.78,19.84,53.55,0.0,0.46
1994-03-08,39.43,21.16,55.24,0.0,0.46
1994-03-09,40.34,20.92,51.71,0.0,0.46
1994-03-10,40.1,21.68,49.26,0.0,0.46
1994-03-11,38.04,20.19,47.88,0.0,0.46
1994-03-12,37.89,17.53,53.56,0.0,0.46
1994-03-13,37.83,18.83,51.28,0.0,0.46
1994-03-14,39.6,21.73,46.37,0.0,0.46
1994-03-15,39.82,22.05,49.28,0.0,0.46
1994-03-16,40.34,22.81,49.03,0.0,0.46
1994-03-17,41.0,21.34,49.5,0.0,0.46
1994-03-18,39.82,21.19,55.84,0.0,0.46
1994-03-19,40.03,21.91,59.06,0.0,0.46
1994-03-20,40.6,21.44,54.65,0.0,0.46
1994-03-21,39.24,22.47,55.38,0.0,0.46
1994-03-22,34.81,26.01,63.22,0.17,0.46
1994-03-23,32.17,25.79,68.01,0.02,0.46
1994-03-24,35.18,24.78,66.32,0.07,0.46
1994-03-25,36.01,24.36,67.61,0.64,0.46
1994-03-26,36.6,25.34,62.65,0.69,0.46
1994-03-27,34.79,24.82,68.36,4.49,0.46
1994-03-28,36.59,23.91,64.47,1.66,0.47
1994-03-29,37.78,25.02,55.73,0.0,0.47
1994-03-30,39.46,24.22,53.54,0.0,0.46
1994-03-31,38.5,23.28,59.13,0.0,0.46
1994-04-01,38.84,23.73,61.91,0.0,0.46
1994-04-02,39.21,23.38,58.99,0.0,0.46
1994-04-03,37.82,23.71,55.29,0.0,0.46
1994-04-04,39.24,24.59,53.25,0.0,0.46
1994-04-05,38.37,23.85,52.66,0.0,0.46
1994-04-06,38.62,21.97,59.48,0.0,0.46
1994-04-07,38.69,23.69,61.09,0.0,0.46
1994-04-08,39.59,24.61,60.74,0.0,0.46
1994-04-09,39.92,24.51,60.22,0.0,0.46
1994-04-10,39.51,24.92,60.65,0.0,0.46
1994-04-11,39.83,25.43,58.39,0.0,0.46
1994-04-12,40.04,25.2,57.67,0.0,0.46
1994-04-13,41.16,25.66,52.63,0.16,0.46
1994-04-14,40.78,26.02,53.51,1.3,0.46
1994-04-15,40.66,27.02,49.83,0.0,0.46
1994-04-16,40.8,26.57,50.92,0.0,0.46
1994-04-17,40.27,26.05,57.9,0.0,0.46
1994-04-18,39.22,24.45,61.2,0.0,0.46
1994-04-19,39.45,24.7,59.23,0.0,0.46
1994-04-20,39.67,25.48,58.66,0.0,0.46
1994-04-21,39.88,25.72,55.84,0.0,0.46
1994-04-22,40.24,25.11,57.03,0.0,0.46
1994-04-23,40.91,25.65,55.79,0.0,0.46
1994-04-24,39.71,25.8,59.92,0.0,0.46
1994-04-25,40.71,25.47,59.67,0.0,0.46
1994-04-26,41.96,26.52,54.85,0.0,0.46
1994-04-27,42.7,25.81,49.32,0.07,0.46
1994-04-28,38.88,27.21,52.68,0.12,0.46
1994-04-29,32.98,27.24,63.87,0.0,0.46
1994-04-30,35.3,26.11,57.54,0.12,0.46
1994-05-01,31.82,25.7,67.82,0.03,0.46
1994-05-02,32.82,26.99,73.24,0.5,0.46
1994-05-03,38.38,26.48,61.38,0.23,0.46
1994-05-04,39.06,26.42,59.03,0.0,0.46
1994-05-05,39.03,26.39,57.7,0.0,0.46
1994-05-06,37.9,26.47,63.07,0.06,0.46
1994-05-07,38.76,26.39,64.02,0.13,0.46
1994-05-08,34.62,26.9,68.64,0.44,0.46
1994-05-09,30.56,26.59,75.88,1.16,0.46
1994-05-10,38.91,26.33,57.42,0.17,0.46
1994-05-11,36.05,26.69,65.43,0.51,0.46
1994-05-12,36.77,26.61,60.12,0.71,0.46
1994-05-13,39.81,26.95,57.73,0.03,0.46
1994-05-14,36.13,27.22,62.03,0.02,0.46
1994-05-15,36.67,27.24,64.43,0.64,0.46
1994-05-16,34.51,27.43,67.95,0.05,0.46
1994-05-17,37.85,27.14,60.16,0.44,0.46
1994-05-18,38.96,27.0,58.14,3.9,0.47
1994-05-19,36.97,27.44,61.43,5.43,0.47
1994-05-20,38.94,26.13,58.61,0.05,0.47
1994-05-21,36.47,26.48,61.51,0.47,0.47
1994-05-22,38.19,26.54,57.57,0.0,0.47
1994-05-23,39.44,26.8,54.3,0.0,0.47
1994-05-24,39.95,27.62,53.34,0.0,0.46
1994-05-25,36.61,28.38,57.14,0.0,0.46
1994-05-26,36.29,28.68,60.75,0.0,0.46
1994-05-27,35.74,27.88,62.59,0.04,0.46
1994-05-28,35.66,27.68,65.41,0.01,0.46
1994-05-29,37.12,27.38,61.61,0.02,0.46
1994-05-30,33.73,27.71,66.22,0.06,0.46
1994-05-31,34.2,27.53,69.23,0.02,0.46
1994-06-01,33.5,27.38,73.22,0.0,0.46
1994-06-02,34.0,27.7,65.14,0.0,0.46
1994-06-03,32.83,27.1,69.49,0.02,0.46
1994-06-04,34.8,27.28,63.19,0.0,0.46
1994-06-05,35.24,27.54,64.08,0.0,0.46
1994-06-06,33.77,26.65,67.95,0.01,0.46
1994-06-07,36.13,27.06,64.77,0.3,0.46
1994-06-08,35.57,26.7,68.05,2.48,0.46
1994-06-09,33.05,27.04,75.63,1.78,0.47
1994-06-10,32.02,26.78,75.94,0.0,0.47
1994-06-11,33.05,26.88,73.27,0.16,0.47
1994-06-12,32.08,26.31,77.32,3.63,0.47
1994-06-13,34.8,26.0,71.27,0.43,0.47
1994-06-14,33.4,26.89,74.22,0.02,0.47
1994-06-15,32.18,26.82,76.0,0.18,0.47
1994-06-16,32.78,26.73,72.84,1.86,0.47
1994-06-17,31.35,26.37,78.08,4.81,0.48
1994-06-18,31.3,25.75,79.05,3.72,0.48
1994-06-19,33.02,26.51,71.53,0.0,0.48
1994-06-20,33.06,26.01,68.56,0.25,0.48
1994-06-21,33.87,26.02,71.71,3.74,0.48
1994-06-22,34.25,26.56,69.46,0.38,0.48
1994-06-23,32.76,26.06,75.82,5.46,0.48
1994-06-24,32.32,26.22,74.87,0.09,0.48
1994-06-25,31.23,26.14,74.94,1.44,0.48
1994-06-26,31.16,25.56,78.77,6.39,0.48
1994-06-27,33.28,24.97,75.67,4.19,0.49
1994-06-28,31.29,25.26,77.17,0.03,0.49
1994-06-29,34.27,25.15,71.56,0.07,0.49
1994-06-30,33.27,25.74,73.32,0.17,0.49
1994-07-01,29.74,25.91,82.53,1.95,0.49
1994-07-02,31.27,25.49,76.66,0.0,0.49
1994-07-03,35.18,25.31,69.1,0.0,0.48
1994-07-04,35.69,25.62,68.35,0.0,0.48
1994-07-05,33.88,26.57,71.47,1.2,0.48
1994-07-06,31.64,26.42,77.2,7.51,0.49
1994-07-07,33.64,26.13,75.78,1.6,0.49
1994-07-08,31.74,26.48,76.84,0.04,0.49
1994-07-09,30.86,26.39,77.8,0.87,0.49
1994-07-10,30.44,26.12,83.23,12.71,0.5
1994-07-11,29.84,25.88,83.48,1.28,0.51
1994-07-12,30.92,26.03,76.57,0.1,0.51
1994-07-13,30.29,26.07,81.51,2.31,0.5
1994-07-14,29.6,25.33,85.0,5.0,0.51
1994-07-15,30.64,26.0,81.16,0.02,0.51
1994-07-16,31.45,26.6,78.17,0.08,0.51
1994-07-17,30.74,26.03,80.31,0.25,0.51
1994-07-18,30.14,25.47,83.17,2.66,0.51
1994-07-19,30.49,25.21,80.33,0.37,0.51
1994-07-20,32.16,24.54,76.86,2.65,0.51
1994-07-21,32.5,25.33,74.81,0.02,0.51
1994-07-22,34.38,25.01,73.35,0.02,0.5
1994-07-23,32.8,24.99,75.98,0.32,0.5
1994-07-24,32.46,25.67,73.47,0.05,0.5
1994-07-25,32.96,25.13,73.82,0.04,0.5
1994-07-26,34.19,25.17,73.95,2.14,0.5
1994-07-27,32.63,25.34,77.49,6.17,0.5
1994-07-28,32.0,25.68,76.2,0.25,0.5
1994-07-29,33.5,25.36,74.35,0.18,0.5
1994-07-30,30.95,25.87,78.38,1.36,0.5
1994-07-31,32.91,25.1,77.05,3.32,0.5
1994-08-01,32.86,25.49,75.69,0.28,0.5
1994-08-02,34.43,25.12,72.01,0.41,0.5
1994-08-03,32.11,25.39,74.76,0.16,0.49
1994-08-04,32.85,25.76,76.79,0.11,0.49
1994-08-05,31.12,26.57,78.85,0.0,0.49
1994-08-06,29.01,26.02,81.4,0.02,0.49
1994-08-07,32.36,25.38,75.7,0.01,0.49
1994-08-08,33.17,25.41,72.9,0.07,0.49
1994-08-09,32.61,25.58,68.31,0.01,0.48
1994-08-10,33.08,25.03,70.09,0.01,0.48
1994-08-11,35.33,25.32,65.36,0.13,0.48
1994-08-12,35.6,25.75,66.06,0.0,0.48
1994-08-13,36.44,26.08,64.8,0.01,0.48
1994-08-14,32.57,26.3,72.33,0.23,0.47
1994-08-15,31.2,25.87,79.8,6.56,0.48
1994-08-16,32.21,25.66,78.9,4.34,0.49
1994-08-17,33.58,25.67,72.68,0.07,0.49
1994-08-18,33.73,24.77,69.1,0.13,0.49
1994-08-19,30.95,25.3,75.85,1.25,0.48
1994-08-20,30.34,25.15,78.77,0.05,0.48
1994-08-21,32.07,24.87,78.0,0.37,0.48
1994-08-22,33.4,25.17,72.63,0.25,0.48
1994-08-23,31.5,25.55,79.72,4.32,0.48
1994-08-24,31.06,25.35,79.33,0.24,0.49
1994-08-25,30.5,25.47,80.76,0.42,0.48
1994-08-26,30.6,25.76,75.96,0.1,0.48
1994-08-27,31.34,25.27,78.22,0.47,0.48
1994-08-28,31.53,25.36,76.16,0.46,0.48
1994-08-29,31.69,25.2,78.22,0.59,0.48
1994-08-30,30.43,25.33,79.08,0.52,0.48
1994-08-31,30.52,25.1,80.67,2.87,0.48
1994-09-01,30.66,24.83,79.43,0.73,0.48
1994-09-02,30.44,25.11,75.96,0.02,0.48
1994-09-03,34.22,25.12,71.24,0.13,0.48
1994-09-04,35.91,25.08,67.77,0.0,0.48
1994-09-05,35.6,26.14,68.81,0.16,0.48
1994-09-06,31.93,26.19,74.2,0.0,0.48
1994-09-07,32.79,25.85,76.38,0.0,0.47
1994-09-08,32.65,25.41,73.53,0.02,0.47
1994-09-09,34.53,25.63,69.7,0.12,0.47
1994-09-10,34.09,25.67,69.47,0.3,0.47
1994-09-11,33.68,25.12,73.48,3.99,0.47
1994-09-12,32.49,25.66,73.4,0.0,0.48
1994-09-13,33.12,25.69,72.79,0.0,0.47
1994-09-14,34.71,25.43,71.44,0.03,0.47
1994-09-15,32.14,26.02,74.24,0.09,0.47
1994-09-16,31.65,25.43,72.89,1.25,0.47
1994-09-17,36.02,24.44,61.86,0.0,0.47
1994-09-18,36.25,24.41,62.77,0.0,0.47
1994-09-19,34.28,25.51,65.24,0.0,0.47
1994-09-20,32.53,25.87,72.57,0.03,0.47
1994-09-21,32.54,25.79,75.64,0.72,0.47
1994-09-22,31.12,25.09,75.28,0.0,0.47
1994-09-23,33.41,24.57,69.95,0.0,0.47
1994-09-24,34.33,24.98,68.2,0.0,0.47
1994-09-25,33.68,25.25,70.42,0.0,0.47
1994-09-26,34.13,24.9,66.76,0.0,0.47
1994-09-27,36.97,24.51,62.09,0.0,0.46
1994-09-28,35.67,25.47,61.6,0.02,0.46
1994-09-29,33.34,25.94,70.32,0.11,0.46
1994-09-30,35.01,25.16,69.84,0.03,0.46
1994-10-01,35.05,24.82,67.46,0.03,0.46
1994-10-02,35.02,25.09,65.79,0.0,0.46
1994-10-03,36.86,25.52,60.92,0.01,0.46
1994-10-04,36.04,25.7,61.42,0.05,0.46
1994-10-05,33.21,26.57,64.15,0.01,0.46
1994-10-06,33.38,25.8,65.14,0.11,0.46
1994-10-07,36.67,24.43,62.69,0.0,0.46
1994-10-08,36.25,25.53,62.32,0.0,0.46
1994-10-09,36.98,25.73,59.79,0.0,0.46
1994-10-10,36.32,26.04,61.36,0.0,0.46
1994-10-11,37.74,25.48,60.37,0.08,0.46
1994-10-12,35.65,25.68,65.29,0.15,0.46
1994-10-13,37.08,25.54,62.35,0.0,0.46
1994-10-14,37.25,25.33,56.98,0.11,0.46
1994-10-15,33.65,26.29,61.67,0.02,0.46
1994-10-16,32.61,25.99,68.88,0.01,0.46
1994-10-17,33.64,24.95,69.8,0.22,0.46
1994-10-18,37.25,24.62,60.44,0.0,0.46
1994-10-19,38.62,25.57,54.82,0.0,0.46
1994-10-20,37.46,26.88,59.63,0.0,0.46
1994-10-21,32.17,24.57,63.72,0.0,0.46
1994-10-22,35.58,22.48,56.11,0.0,0.46
1994-10-23,35.18,22.09,50.72,0.0,0.46
1994-10-24,35.26,20.91,51.81,0.0,0.46
1994-10-25,36.7,20.79,52.18,0.0,0.46
1994-10-26,36.64,22.09,50.7,0.0,0.46
1994-10-27,36.83,21.7,50.87,0.0,0.46
1994-10-28,37.59,23.27,53.95,0.0,0.46
1994-10-29,37.72,23.48,53.19,0.0,0.46
1994-10-30,37.66,24.7,53.62,0.0,0.46
1994-10-31,37.3,24.73,53.03,0.0,0.46
1994-11-01,35.53,22.21,54.18,0.0,0.46
1994-11-02,35.88,21.67,55.21,0.0,0.46
1994-11-03,35.72,23.0,53.48,0.0,0.46
1994-11-04,36.0,20.48,53.02,0.0,0.46
1994-11-05,35.26,20.08,54.62,0.0,0.46
1994-11-06,35.88,19.6,53.24,0.0,0.46
1994-11-07,36.22,20.92,54.63,0.0,0.46
1994-11-08,35.0,20.19,53.35,0.0,0.46
1994-11-09,35.17,19.15,54.69,0.0,0.46
1994-11-10,35.83,19.61,55.91,0.0,0.46
1994-11-11,35.29,21.13,53.28,0.0,0.46
1994-11-12,36.27,21.49,50.8,0.0,0.46
1994-11-13,36.79,22.94,52.08,0.0,0.46
1994-11-14,37.01,23.2,51.5,0.0,0.46
1994-11-15,36.73,24.05,51.85,0.0,0.46
1994-11-16,36.58,22.77,50.58,0.0,0.46
1994-11-17,36.81,23.54,51.38,0.0,0.46
1994-11-18,37.23,23.99,50.27,0.0,0.46
1994-11-19,36.99,24.34,49.28,0.0,0.46
1994-11-20,37.39,23.46,48.6,0.0,0.46
1994-11-21,37.5,24.56,50.81,0.0,0.46
1994-11-22,35.73,23.86,53.57,0.0,0.46
1994-11-23,33.78,24.27,57.45,0.0,0.46
1994-11-24,34.68,24.37,51.05,0.0,0.46
1994-11-25,33.36,23.32,56.19,0.31,0.46
1994-11-26,30.54,22.3,74.54,2.62,0.46
1994-11-27,32.58,22.09,75.64,4.07,0.47
1994-11-28,33.53,21.17,69.46,2.12,0.47
1994-11-29,34.7,19.74,62.88,0.05,0.47
1994-11-30,34.04,20.14,64.81,0.64,0.47
1994-12-01,34.27,20.61,61.69,0.61,0.47
1994-12-02,34.33,19.49,55.44,0.0,0.47
1994-12-03,34.33,19.09,57.4,1.0,0.47
1994-12-04,35.53,18.49,47.1,0.0,0.46
1994-12-05,34.78,23.06,54.17,0.0,0.46
1994-12-06,34.87,21.71,51.24,0.0,0.46
1994-12-07,34.35,18.67,47.62,0.0,0.46
1994-12-08,34.29,17.35,45.15,0.0,0.46
1994-12-09,33.63,17.81,56.74,0.0,0.46
1994-12-10,33.32,18.06,57.56,0.0,0.46
1994-12-11,33.82,17.93,55.51,0.0,0.46
1994-12-12,33.89,17.29,57.96,0.0,0.46
1994-12-13,34.64,16.73,47.68,0.0,0.46
1994-12-14,35.58,17.17,53.41,0.0,0.46
1994-12-15,34.88,20.29,58.53,0.0,0.46
1994-12-16,34.81,22.27,56.78,0.0,0.46
1994-12-17,35.78,21.5,52.94,0.0,0.46
1994-12-18,35.62,22.71,53.14,0.0,0.46
1994-12-19,35.43,23.22,53.68,0.0,0.46
1994-12-20,34.94,22.65,52.39,0.0,0.46
1994-12-21,34.18,21.91,51.74,0.0,0.46
1994-12-22,34.15,20.91,53.41,0.0,0.46
1994-12-23,34.0,21.3,53.37,0.0,0.46
1994-12-24,34.43,21.03,52.56,0.0,0.46
1994-12-25,34.24,20.42,48.12,0.0,0.46
1994-12-26,33.8,19.21,54.88,0.0,0.46
1994-12-27,33.62,18.16,51.34,0.0,0.46
1994-12-28,34.14,19.44,46.54,0.0,0.46
1994-12-29,34.95,20.07,49.41,0.0,0.46
1994-12-30,33.88,20.2,57.48,0.0,0.46
1994-12-31,33.69,19.82,60.02,0.0,0.46
1995-01-01,34.08,19.98,57.13,0.0,0.46
1995-01-02,33.53,18.74,53.26,0.0,0.46
1995-01-03,32.13,17.85,53.61,0.0,0.46
1995-01-04,34.12,16.12,42.53,0.0,0.46
1995-01-05,35.02,16.15,44.27,0.0,0.46
1995-01-06,32.73,19.93,54.2,0.0,0.46
1995-01-07,33.55,18.86,49.33,0.0,0.46
1995-01-08,33.8,18.88,50.0,0.0,0.46
1995-01-09,34.04,19.44,51.63,0.0,0.46
1995-01-10,34.24,17.73,53.92,0.0,0.46
1995-01-11,35.24,19.0,58.14,0.0,0.46
1995-01-12,35.36,19.44,57.01,0.0,0.46
1995-01-13,34.7,20.8,60.54,0.0,0.46
1995-01-14,34.46,20.11,59.61,0.0,0.46
1995-01-15,34.71,21.41,50.47,0.0,0.46
1995-01-16,35.3,22.26,51.54,0.0,0.46
1995-01-17,35.85,22.0,52.78,0.0,0.46
1995-01-18,36.06,21.05,56.13,0.0,0.46
1995-01-19,35.24,20.69,59.08,0.0,0.46
1995-01-20,33.92,20.04,63.38,0.0,0.46
1995-01-21,33.28,16.91,55.2,0.0,0.46
1995-01-22,32.29,17.17,52.15,0.0,0.46
1995-01-23,32.67,15.89,49.91,0.0,0.46
1995-01-24,33.29,15.05,46.45,0.0,0.46
1995-01-25,32.74,15.73,48.53,0.0,0.46
1995-01-26,33.34,15.45,51.04,0.12,0.46
1995-01-27,32.64,16.16,49.86,0.0,0.46
1995-01-28,34.52,18.63,57.54,0.0,0.46
1995-01-29,34.39,20.6,60.94,0.0,0.46
1995-01-30,34.64,19.64,51.02,0.0,0.46
1995-01-31,34.29,17.88,52.82,0.0,0.46
1995-02-01,34.94,18.32,48.72,0.0,0.46
1995-02-02,34.12,19.87,49.53,0.0,0.46
1995-02-03,34.21,21.98,49.79,0.0,0.46
1995-02-04,35.63,21.04,49.2,0.0,0.46
1995-02-05,35.08,21.97,51.21,0.0,0.46
1995-02-06,33.39,22.23,56.97,0.0,0.46
1995-02-07,33.81,20.07,58.47,0.0,0.46
1995-02-08,34.21,18.47,49.59,0.0,0.46
1995-02-09,33.09,17.66,49.87,0.0,0.46
1995-02-10,33.85,17.46,56.05,0.0,0.46
1995-02-11,34.48,17.85,60.97,0.0,0.46
1995-02-12,35.33,18.19,59.4,0.0,0.46
1995-02-13,35.57,18.49,59.75,0.0,0.46
1995-02-14,36.71,19.39,60.48,0.0,0.46
1995-02-15,37.68,20.22,56.38,0.0,0.46
1995-02-16,35.84,19.91,61.78,0.0,0.46
1995-02-17,34.54,17.78,62.26,0.0,0.46
1995-02-18,34.0,17.64,59.12,0.0,0.46
1995-02-19,34.42,16.87,57.7,0.0,0.46
1995-02-20,35.24,18.35,60.93,0.0,0.46
1995-02-21,35.37,18.85,63.09,0.0,0.46
1995-02-22,35.7,18.18,59.55,0.0,0.46
1995-02-23,37.3,18.24,56.3,0.0,0.46
1995-02-24,37.47,18.82,57.95,0.0,0.46
1995-02-25,36.91,18.27,59.36,0.0,0.46
1995-02-26,35.27,18.46,58.34,0.0,0.46
1995-02-27,36.2,17.28,52.16,0.0,0.46
1995-02-28,37.24,17.73,56.06,0.0,0.46
1995-03-01,37.15,19.02,59.21,0.0,0.46
1995-03-02,36.51,19.49,58.13,0.0,0.46
1995-03-03,38.76,19.67,52.78,0.0,0.46
1995-03-04,39.6,19.58,47.21,0.0,0.46
1995-03-05,38.19,20.17,50.58,0.0,0.46
1995-03-06,38.18,19.89,52.79,0.0,0.46
1995-03-07,37.79,19.87,59.77,0.0,0.46
1995-03-08,39.54,20.03,56.93,0.0,0.46
1995-03-09,40.4,21.17,53.79,0.0,0.46
1995-03-10,39.28,21.54,55.62,0.0,0.46
1995-03-11,38.98,20.5,56.94,0.0,0.46
1995-03-12,38.29,19.69,56.33,0.0,0.46
1995-03-13,39.66,20.6,54.21,0.0,0.46
1995-03-14,39.62,21.43,50.56,0.0,0.46
1995-03-15,38.73,19.82,51.69,0.0,0.46
1995-03-16,38.5,20.14,56.78,0.0,0.46
1995-03-17,38.93,20.05,59.11,0.0,0.46
1995-03-18,40.42,20.84,56.86,0.0,0.46
1995-03-19,38.78,21.59,56.05,0.0,0.46
1995-03-20,38.25,22.02,54.67,0.0,0.46
1995-03-21,39.76,22.07,51.08,0.0,0.46
1995-03-22,39.81,22.7,55.11,0.0,0.46
1995-03-23,38.94,22.09,58.69,0.0,0.46
1995-03-24,39.97,22.69,54.66,0.0,0.46
1995-03-25,40.76,24.45,51.16,0.0,0.46
1995-03-26,40.57,24.43,50.62,0.01,0.46
1995-03-27,38.97,24.11,52.32,0.0,0.46
1995-03-28,38.24,24.95,56.4,0.04,0.46
1995-03-29,39.14,22.39,57.61,0.0,0.46
1995-03-30,38.56,22.0,61.3,0.0,0.46
1995-03-31,39.77,21.68,60.1,0.0,0.46
1995-04-01,40.34,21.97,57.94,0.0,0.46
1995-04-02,41.04,23.16,54.41,0.0,0.46
1995-04-03,41.66,23.88,55.0,0.0,0.46
1995-04-04,40.15,24.74,58.61,0.0,0.46
1995-04-05,39.96,24.26,59.09,0.0,0.46
1995-04-06,40.57,24.21,57.31,0.0,0.46
1995-04-07,39.56,24.47,57.96,0.0,0.46
1995-04-08,38.79,22.83,59.22,0.0,0.46
1995-04-09,40.81,22.15,57.39,0.0,0.46
1995-04-10,41.67,23.52,52.78,0.0,0.46
1995-04-11,42.26,24.39,54.74,0.0,0.46
1995-04-12,41.34,24.64,56.75,0.0,0.46
1995-04-13,40.5,24.78,58.18,0.0,0.46
1995-04-14,39.07,23.45,56.17,0.0,0.46
1995-04-15,40.72,23.92,55.27,0.0,0.46
1995-04-16,40.89,25.6,53.85,0.0,0.46
1995-04-17,40.81,25.89,56.25,0.0,0.46
1995-04-18,41.87,26.22,53.54,0.0,0.46
1995-04-19,42.05,25.78,57.05,0.0,0.46
1995-04-20,41.31,25.8,54.71,0.0,0.46
1995-04-21,40.83,25.49,56.72,0.0,0.46
1995-04-22,41.92,24.56,57.81,0.0,0.46
1995-04-23,41.21,25.2,59.51,0.0,0.46
1995-04-24,41.25,25.49,58.13,0.0,0.46
1995-04-25,41.02,26.73,54.77,0.0,0.46
1995-04-26,42.62,26.37,48.01,0.01,0.46
1995-04-27,42.5,27.56,43.84,0.0,0.46
1995-04-28,41.02,28.04,46.53,0.0,0.46
1995-04-29,40.91,27.86,50.5,0.0,0.46
1995-04-30,42.22,26.99,51.23,0.0,0.46
1995-05-01,39.42,26.59,55.66,0.0,0.46
1995-05-02,41.75,25.71,52.49,0.0,0.46
1995-05-03,41.11,26.6,48.05,0.0,0.46
1995-05-04,42.24,26.38,51.77,0.01,0.46
1995-05-05,41.3,27.75,50.9,0.0,0.46
1995-05-06,38.57,28.46,52.16,0.0,0.46
1995-05-07,36.86,27.88,54.51,0.03,0.46
1995-05-08,36.41,28.25,56.7,0.0,0.46
1995-05-09,35.17,27.45,59.35,0.0,0.46
1995-05-10,32.71,27.25,66.67,0.0,0.46
1995-05-11,37.54,27.0,60.86,0.0,0.46
1995-05-12,32.29,26.97,74.22,0.01,0.46
1995-05-13,32.53,26.61,70.82,0.07,0.46
1995-05-14,31.5,26.31,72.12,1.13,0.46
1995-05-15,34.6,26.57,66.35,0.58,0.46
1995-05-16,34.07,27.89,64.34,0.02,0.46
1995-05-17,35.44,26.8,66.01,0.07,0.46
1995-05-18,35.32,27.46,65.16,0.03,0.46
1995-05-19,37.58,27.07,63.58,0.0,0.46
1995-05-20,36.42,26.91,60.82,0.0,0.46
1995-05-21,39.05,25.8,59.68,0.0,0.46
1995-05-22,38.96,25.7,61.63,0.0,0.46
1995-05-23,40.03,26.44,58.14,0.0,0.46
1995-05-24,38.79,27.11,60.32,0.0,0.46
1995-05-25,38.2,26.94,60.33,0.03,0.46
1995-05-26,38.82,27.36,59.82,1.63,0.46
1995-05-27,35.74,27.35,65.92,5.78,0.47
1995-05-28,34.33,26.68,72.39,6.85,0.47
1995-05-29,33.3,26.14,74.41,1.65,0.48
1995-05-30,35.08,25.5,70.64,1.92,0.48
1995-05-31,32.81,25.93,74.07,0.28,0.48
1995-06-01,34.44,26.08,70.35,0.0,0.48
1995-06-02,35.39,26.82,66.42,0.0,0.47
1995-06-03,35.25,26.84,67.88,0.34,0.47
1995-06-04,34.5,26.28,73.89,6.47,0.48
1995-06-05,31.34,26.54,81.87,0.15,0.48
1995-06-06,33.01,26.09,75.28,0.13,0.48
1995-06-07,33.44,26.59,76.23,1.32,0.48
1995-06-08,32.76,26.78,73.9,0.02,0.48
1995-06-09,34.02,26.92,71.46,0.08,0.47
1995-06-10,32.26,26.97,74.15,0.91,0.47
1995-06-11,33.18,26.65,76.82,3.68,0.48
1995-06-12,32.55,26.05,74.98,0.42,0.48
1995-06-13,33.7,25.27,72.17,1.16,0.47
1995-06-14,34.83,25.99,71.26,0.83,0.47
1995-06-15,35.17,26.62,70.45,0.04,0.47
1995-06-16,34.32,26.91,68.85,0.0,0.47
1995-06-17,34.66,26.74,68.98,0.01,0.47
1995-06-18,34.12,26.19,70.13,0.0,0.47
1995-06-19,33.74,26.45,69.72,0.0,0.47
1995-06-20,32.41,26.42,72.73,0.12,0.47
1995-06-21,32.13,26.0,74.55,0.47,0.47
1995-06-22,34.52,26.74,68.67,0.31,0.47
1995-06-23,33.64,26.63,69.73,2.13,0.47
1995-06-24,32.34,26.68,74.73,0.31,0.47
1995-06-25,32.92,26.56,70.21,0.17,0.47
1995-06-26,35.24,27.58,63.81,0.06,0.47
1995-06-27,32.79,26.65,71.38,0.93,0.47
1995-06-28,32.84,26.14,73.47,0.25,0.47
1995-06-29,31.03,26.29,78.06,0.68,0.47
1995-06-30,33.8,26.27,69.99,0.04,0.47
1995-07-01,31.94,27.19,74.08,0.22,0.47
1995-07-02,33.77,26.76,73.85,1.8,0.47
1995-07-03,32.36,26.88,76.9,3.66,0.47
1995-07-04,34.16,26.21,71.5,0.0,0.47
1995-07-05,36.15,25.94,66.52,0.02,0.47
1995-07-06,34.66,26.47,67.8,0.0,0.47
1995-07-07,34.05,26.53,69.68,0.03,0.47
1995-07-08,34.76,26.54,73.02,1.2,0.47
1995-07-09,32.54,26.19,81.15,17.62,0.49
1995-07-10,31.74,25.91,81.33,2.33,0.5
1995-07-11,32.89,26.08,75.43,0.02,0.5
1995-07-12,32.31,25.76,77.36,0.03,0.5
1995-07-13,32.94,25.33,73.79,0.11,0.49
1995-07-14,33.28,26.12,71.94,0.0,0.49
1995-07-15,32.56,26.51,71.8,0.06,0.49
1995-07-16,31.3,26.15,76.05,0.09,0.49
1995-07-17,32.16,25.89,75.65,0.69,0.49
1995-07-18,33.76,25.37,73.83,0.74,0.48
1995-07-19,31.94,25.56,74.2,0.01,0.48
1995-07-20,30.63,25.38,77.22,0.43,0.48
1995-07-21,30.89,25.06,79.91,6.78,0.49
1995-07-22,32.55,24.88,75.58,0.0,0.49
1995-07-23,33.54,25.22,73.04,0.0,0.49
1995-07-24,34.42,25.58,71.31,0.01,0.48
1995-07-25,30.65,26.08,76.21,0.37,0.48
1995-07-26,29.77,25.81,79.2,0.02,0.48
1995-07-27,34.94,25.08,70.96,0.0,0.48
1995-07-28,34.51,25.55,70.23,0.01,0.48
1995-07-29,32.88,26.09,74.15,1.99,0.48
1995-07-30,30.57,25.86,80.06,3.69,0.48
1995-07-31,31.7,25.7,74.64,0.06,0.48
1995-08-01,30.88,25.83,79.21,0.1,0.48
1995-08-02,33.78,26.04,72.98,0.01,0.48
1995-08-03,35.01,25.43,70.46,0.44,0.47
1995-08-04,35.4,25.54,71.45,1.13,0.47
1995-08-05,32.88,26.21,77.05,0.4,0.47
1995-08-06,30.18,26.01,81.23,1.67,0.48
1995-08-07,30.32,25.3,81.14,1.95,0.48
1995-08-08,31.34,25.13,76.12,0.03,0.48
1995-08-09,33.35,24.72,71.77,0.03,0.47
1995-08-10,33.98,25.23,69.2,0.08,0.47
1995-08-11,34.84,25.42,69.15,0.01,0.47
1995-08-12,34.96,25.58,69.74,0.05,0.47
1995-08-13,32.79,26.09,73.82,0.22,0.47
1995-08-14,33.39,25.45,75.67,0.85,0.47
1995-08-15,31.84,25.94,75.11,0.24,0.47
1995-08-16,33.54,25.32,70.14,0.01,0.47
1995-08-17,32.46,25.92,72.07,0.0,0.47
1995-08-18,33.71,25.62,70.23,0.1,0.47
1995-08-19,35.14,25.68,66.38,0.02,0.47
1995-08-20,33.79,26.29,67.96,0.02,0.47
1995-08-21,34.81,26.07,67.77,0.04,0.47
1995-08-22,35.83,26.45,65.96,0.03,0.46
1995-08-23,31.88,26.71,71.71,0.06,0.46
1995-08-24,35.92,25.9,67.65,0.0,0.46
1995-08-25,33.54,26.83,70.61,0.01,0.46
1995-08-26,35.0,26.64,69.09,0.01,0.46
1995-08-27,30.89,26.93,77.19,0.0,0.46
1995-08-28,32.99,26.72,74.63,0.0,0.46
1995-08-29,32.74,26.74,76.29,0.02,0.46
1995-08-30,31.07,26.6,77.76,0.15,0.46
1995-08-31,32.0,26.4,73.64,0.28,0.46
1995-09-01,31.86,26.41,76.75,0.2,0.46
1995-09-02,31.05,26.41,79.25,1.2,0.46
1995-09-03,32.39,25.62,68.73,0.75,0.47
1995-09-04,33.35,24.94,68.56,0.61,0.47
1995-09-05,34.55,25.22,70.07,0.55,0.47
1995-09-06,31.95,26.25,68.86,0.0,0.47
1995-09-07,34.61,25.74,65.9,0.0,0.47
1995-09-08,35.85,26.06,63.76,0.04,0.46
1995-09-09,34.25,26.38,65.68,0.0,0.46
1995-09-10,36.27,25.64,63.2,0.0,0.46
1995-09-11,36.0,26.14,64.85,0.02,0.46
1995-09-12,35.26,26.08,67.31,0.03,0.46
1995-09-13,33.37,27.24,67.21,0.0,0.46
1995-09-14,31.87,26.78,71.56,0.04,0.46
1995-09-15,32.75,26.41,73.34,0.11,0.46
1995-09-16,34.82,25.73,66.05,0.07,0.46
1995-09-17,36.26,25.97,62.9,0.0,0.46
1995-09-18,38.18,25.93,61.6,0.0,0.46
1995-09-19,36.25,26.78,64.82,0.0,0.46
1995-09-20,35.01,26.94,65.52,0.01,0.46
1995-09-21,34.61,26.21,66.67,0.02,0.46
1995-09-22,35.8,26.0,63.01,0.0,0.46
1995-09-23,35.48,26.4,62.2,0.26,0.46
1995-09-24,33.13,26.71,69.83,0.14,0.46
1995-09-25,37.2,25.9,63.17,0.0,0.46
1995-09-26,32.46,26.52,67.69,0.0,0.46
1995-09-27,36.85,25.39,61.37,0.0,0.46
1995-09-28,38.81,25.6,58.77,0.0,0.46
1995-09-29,40.04,25.78,55.85,0.0,0.46
1995-09-30,35.8,27.18,60.06,0.03,0.46
1995-10-01,34.29,27.59,66.87,0.02,0.46
1995-10-02,35.14,26.65,68.34,0.01,0.46
1995-10-03,34.13,26.22,69.33,0.05,0.46
1995-10-04,32.37,25.81,73.38,0.18,0.46
1995-10-05,33.44,25.65,72.35,0.52,0.46
1995-10-06,34.52,25.61,70.85,1.48,0.46
1995-10-07,30.95,25.35,81.33,4.68,0.47
1995-10-08,35.97,24.14,69.7,0.08,0.47
1995-10-09,33.01,25.12,71.9,0.48,0.47
1995-10-10,34.15,24.93,66.65,0.0,0.47
1995-10-11,33.85,24.69,69.11,0.0,0.47
1995-10-12,35.97,24.7,66.13,0.01,0.47
1995-10-13,38.07,24.9,60.61,0.0,0.47
1995-10-14,36.81,26.28,62.97,0.35,0.46
1995-10-15,33.02,25.86,70.39,0.03,0.46
1995-10-16,36.76,25.59,61.34,0.0,0.46
1995-10-17,32.66,26.04,68.16,0.11,0.46
1995-10-18,35.07,25.11,65.03,0.88,0.46
1995-10-19,36.26,24.93,58.95,0.0,0.46
1995-10-20,36.66,25.59,61.51,0.02,0.46
1995-10-21,37.56,25.72,58.36,0.02,0.46
1995-10-22,38.31,26.54,56.39,0.0,0.46
1995-10-23,39.03,26.33,53.62,0.0,0.46
1995-10-24,38.49,26.82,53.99,0.0,0.46
1995-10-25,38.39,24.32,53.71,0.0,0.46
1995-10-26,38.45,25.77,52.09,0.0,0.46
1995-10-27,39.16,25.83,47.86,0.0,0.46
1995-10-28,31.79,26.13,63.73,0.0,0.46
1995-10-29,37.51,24.63,59.08,0.0,0.46
1995-10-30,35.22,26.48,63.1,0.0,0.46
1995-10-31,34.22,26.36,64.87,0.0,0.46
1995-11-01,36.81,25.38,62.59,0.18,0.46
1995-11-02,37.07,24.64,59.28,0.0,0.46
1995-11-03,34.9,26.5,60.13,0.01,0.46
1995-11-04,33.23,24.99,67.42,0.0,0.46
1995-11-05,34.88,25.54,61.91,0.0,0.46
1995-11-06,38.23,24.71,52.82,0.0,0.46
1995-11-07,37.14,25.4,56.08,0.0,0.46
1995-11-08,36.05,25.49,60.29,0.0,0.46
1995-11-09,36.36,25.22,59.97,0.0,0.46
1995-11-10,36.08,24.62,58.14,0.0,0.46
1995-11-11,37.66,24.79,57.32,0.0,0.46
1995-11-12,35.29,25.95,61.93,0.1,0.46
1995-11-13,33.08,25.87,71.25,0.74,0.46
1995-11-14,32.22,24.94,79.67,3.46,0.46
1995-11-15,33.49,23.65,68.65,0.01,0.47
1995-11-16,31.46,23.32,61.66,0.0,0.47
1995-11-17,35.62,23.59,58.41,0.0,0.46
1995-11-18,36.56,24.22,58.02,0.0,0.46
1995-11-19,35.56,24.47,59.28,0.0,0.46
1995-11-20,34.14,23.3,59.12,0.0,0.46
1995-11-21,36.34,23.67,57.5,0.0,0.46
1995-11-22,37.01,24.03,55.56,0.0,0.46
1995-11-23,36.33,23.85,58.93,0.0,0.46
1995-11-24,33.45,24.3,59.4,0.0,0.46
1995-11-25,33.16,23.11,62.72,0.01,0.46
1995-11-26,34.73,22.96,64.45,0.04,0.46
1995-11-27,33.77,20.11,59.32,0.0,0.46
1995-11-28,34.18,19.94,54.85,0.0,0.46
1995-11-29,34.75,20.31,52.79,0.0,0.46
1995-11-30,34.91,21.38,55.75,0.0,0.46
1995-12-01,35.05,21.23,57.94,0.0,0.46
1995-12-02,34.79,21.29,60.89,0.0,0.46
1995-12-03,34.85,21.41,56.58,0.0,0.46
1995-12-04,33.19,20.31,56.96,0.0,0.46
1995-12-05,33.81,19.85,54.96,0.0,0.46
1995-12-06,32.35,20.78,55.96,0.0,0.46
1995-12-07,31.78,19.93,52.05,0.0,0.46
1995-12-08,31.77,18.29,50.93,0.0,0.46
1995-12-09,31.56,17.23,50.28,0.0,0.46
1995-12-10,31.67,15.97,49.16,0.0,0.46
1995-12-11,31.9,17.15,52.3,0.0,0.46
1995-12-12,32.34,17.4,50.21,0.0,0.46
1995-12-13,32.79,18.63,52.54,0.0,0.46
1995-12-14,33.27,18.03,52.74,0.0,0.46
1995-12-15,34.16,18.14,50.16,0.0,0.46
1995-12-16,35.36,17.48,57.3,0.0,0.46
1995-12-17,34.82,18.62,54.75,0.0,0.46
1995-12-18,34.99,18.99,53.06,0.0,0.46
1995-12-19,34.3,18.4,56.32,0.0,0.46
1995-12-20,33.53,17.08,56.94,0.0,0.46
1995-12-21,34.41,17.82,55.24,0.0,0.46
1995-12-22,34.38,17.96,55.13,0.0,0.46
1995-12-23,34.18,17.93,53.09,0.0,0.46
1995-12-24,34.06,20.32,51.02,0.0,0.46
1995-12-25,33.07,19.45,51.32,0.0,0.46
1995-12-26,33.14,17.51,49.9,0.0,0.46
1995-12-27,33.06,17.9,56.47,0.0,0.46
1995-12-28,32.48,18.17,53.64,0.0,0.46
1995-12-29,31.95,17.35,49.31,0.0,0.46
1995-12-30,31.17,17.72,50.6,0.0,0.46
1995-12-31,30.76,16.75,51.57,0.0,0.46
1996-01-01,31.08,15.86,50.3,0.0,0.46
1996-01-02,31.18,16.47,46.24,0.0,0.46
1996-01-03,32.17,16.93,51.28,0.0,0.46
1996-01-04,32.32,17.79,58.6,0.0,0.46
1996-01-05,32.1,18.45,59.0,0.0,0.46
1996-01-06,32.62,17.8,53.97,0.0,0.46
1996-01-07,32.93,18.51,51.62,0.0,0.46
1996-01-08,33.77,18.39,51.34,0.0,0.46
1996-01-09,33.74,18.85,53.53,0.0,0.46
1996-01-10,33.58,19.24,58.05,0.0,0.46
1996-01-11,32.73,18.75,60.12,0.0,0.46
1996-01-12,33.47,15.59,58.12,0.0,0.46
1996-01-13,33.5,18.87,59.72,0.0,0.46
1996-01-14,31.61,17.4,52.0,0.0,0.46
1996-01-15,33.68,16.31,46.29,0.0,0.46
1996-01-16,34.51,18.0,49.44,0.0,0.46
1996-01-17,34.19,18.02,57.61,0.0,0.46
1996-01-18,32.52,16.65,63.36,0.0,0.46
1996-01-19,32.92,17.89,56.88,0.0,0.46
1996-01-20,32.62,17.93,61.66,0.0,0.46
1996-01-21,33.46,17.0,51.19,0.0,0.46
1996-01-22,33.75,16.19,45.33,0.0,0.46
1996-01-23,34.23,15.51,47.21,0.0,0.46
1996-01-24,35.28,16.46,58.16,0.0,0.46
1996-01-25,34.35,16.74,50.25,0.0,0.46
1996-01-26,33.98,16.26,54.4,0.0,0.46
1996-01-27,35.14,15.59,53.08,0.0,0.46
1996-01-28,35.18,16.45,57.26,0.0,0.46
1996-01-29,35.46,18.59,52.95,0.0,0.46
1996-01-30,34.97,18.28,52.86,0.0,0.46
1996-01-31,34.9,16.67,53.89,0.0,0.46
1996-02-01,35.58,18.39,52.45,0.0,0.46
1996-02-02,35.45,19.46,54.3,0.0,0.46
1996-02-03,35.65,20.91,50.23,0.0,0.46
1996-02-04,35.07,20.24,47.75,0.0,0.46
1996-02-05,34.98,17.38,43.47,0.0,0.46
1996-02-06,35.12,20.5,44.75,0.0,0.46
1996-02-07,35.12,20.59,41.68,0.0,0.46
1996-02-08,35.11,19.02,43.27,0.0,0.46
1996-02-09,35.64,19.68,43.35,0.0,0.46
1996-02-10,34.38,19.7,47.16,0.0,0.46
1996-02-11,34.2,20.1,50.36,0.0,0.46
1996-02-12,34.45,21.92,57.25,0.0,0.46
1996-02-13,35.02,20.21,55.88,0.0,0.46
1996-02-14,34.58,17.51,52.71,0.0,0.46
1996-02-15,36.21,17.0,51.17,0.0,0.46
1996-02-16,35.39,17.2,55.24,0.0,0.46
1996-02-17,36.66,17.14,53.78,0.0,0.46
1996-02-18,38.44,17.51,50.33,0.0,0.46
1996-02-19,38.15,19.35,48.48,0.04,0.46
1996-02-20,33.57,22.15,59.08,0.1,0.46
1996-02-21,35.38,21.14,61.7,0.29,0.46
1996-02-22,34.63,22.59,59.16,0.18,0.46
1996-02-23,35.31,22.08,64.17,0.0,0.46
1996-02-24,35.97,21.05,62.8,0.0,0.46
1996-02-25,36.69,20.61,58.76,0.0,0.46
1996-02-26,37.71,20.51,57.63,0.0,0.46
1996-02-27,37.12,20.99,58.45,0.0,0.46
1996-02-28,37.39,19.47,58.36,0.0,0.46
1996-02-29,37.57,19.28,57.79,0.0,0.46
1996-03-01,39.3,19.59,46.17,0.0,0.46
1996-03-02,38.6,19.01,45.12,0.0,0.46
1996-03-03,37.82,23.54,47.52,0.0,0.46
1996-03-04,38.76,22.75,45.2,0.0,0.46
1996-03-05,37.35,22.81,50.56,0.0,0.46
1996-03-06,37.49,21.24,52.29,0.0,0.46
1996-03-07,36.4,19.64,57.33,0.0,0.46
1996-03-08,36.33,19.08,61.15,0.0,0.46
1996-03-09,36.77,19.68,57.68,0.0,0.46
1996-03-10,38.49,20.36,55.36,0.0,0.46
1996-03-11,38.57,20.75,54.13,0.0,0.46
1996-03-12,38.88,20.94,56.53,0.0,0.46
1996-03-13,38.81,21.45,54.77,0.0,0.46
1996-03-14,39.11,21.77,57.93,0.0,0.46
1996-03-15,37.94,22.06,63.04,0.0,0.46
1996-03-16,37.91,21.51,63.53,0.0,0.46
1996-03-17,38.46,21.61,63.3,0.0,0.46
1996-03-18,39.58,21.67,61.37,0.0,0.46
1996-03-19,40.17,22.49,59.08,0.0,0.46
1996-03-20,39.35,23.3,59.84,0.0,0.46
1996-03-21,39.68,23.57,60.21,0.0,0.46
1996-03-22,40.17,23.16,57.07,0.0,0.46
1996-03-23,41.33,23.29,54.63,0.0,0.46
1996-03-24,41.05,22.94,52.92,0.0,0.46
1996-03-25,39.84,23.25,57.93,0.0,0.46
1996-03-26,39.76,23.53,60.24,0.0,0.46
1996-03-27,40.16,24.07,60.35,0.02,0.46
1996-03-28,39.28,24.82,61.35,0.0,0.46
1996-03-29,40.29,25.51,57.86,0.0,0.46
1996-03-30,39.03,23.92,59.88,0.0,0.46
1996-03-31,39.26,24.1,59.66,0.0,0.46
1996-04-01,39.08,22.88,61.31,0.0,0.46
1996-04-02,38.9,22.14,61.32,0.0,0.46
1996-04-03,39.45,23.19,59.66,0.0,0.46
1996-04-04,38.97,20.47,53.04,0.0,0.46
1996-04-05,39.73,20.9,52.24,0.0,0.46
1996-04-06,40.34,22.26,50.66,0.0,0.46
1996-04-07,41.14,23.29,53.26,0.0,0.46
1996-04-08,41.79,24.26,52.24,0.0,0.46
1996-04-09,40.73,23.6,53.44,0.0,0.46
1996-04-10,39.75,23.85,54.2,0.0,0.46
1996-04-11,39.84,22.45,58.25,0.0,0.46
1996-04-12,39.81,24.36,56.0,0.01,0.46
1996-04-13,36.45,26.38,58.74,0.0,0.46
1996-04-14,35.11,26.6,61.04,0.01,0.46
1996-04-15,39.23,25.9,55.7,0.0,0.46
1996-04-16,39.86,26.94,52.84,0.0,0.46
1996-04-17,40.52,25.92,58.1,0.0,0.46
1996-04-18,40.23,25.53,59.51,0.0,0.46
1996-04-19,39.96,25.79,61.44,0.0,0.46
1996-04-20,41.05,25.55,60.01,0.0,0.46
1996-04-21,39.61,26.31,59.38,0.0,0.46
1996-04-22,40.23,26.75,52.65,0.0,0.46
1996-04-23,38.3,27.58,54.04,0.0,0.46
1996-04-24,39.38,26.34,54.5,0.0,0.46
1996-04-25,35.97,26.73,60.0,0.02,0.46
1996-04-26,33.03,25.93,67.16,0.84,0.46
1996-04-27,35.62,25.3,60.58,0.0,0.46
1996-04-28,39.82,25.55,52.48,0.0,0.46
1996-04-29,39.7,26.8,53.4,0.0,0.46
1996-04-30,39.98,25.67,53.31,0.0,0.46
1996-05-01,39.07,26.82,52.29,0.0,0.46
1996-05-02,39.09,27.96,51.72,0.01,0.46
1996-05-03,32.2,27.75,66.99,0.28,0.46
1996-05-04,31.74,26.63,71.69,0.23,0.46
1996-05-05,32.9,26.94,71.21,0.06,0.46
1996-05-06,33.21,27.2,73.21,0.15,0.46
1996-05-07,36.49,27.05,66.06,0.0,0.46
1996-05-08,35.74,27.29,61.65,0.02,0.46
1996-05-09,38.59,27.46,62.51,0.13,0.46
1996-05-10,37.01,27.11,61.53,0.0,0.46
1996-05-11,38.3,26.13,62.61,0.0,0.46
1996-05-12,40.14,26.92,56.51,0.0,0.46
1996-05-13,40.18,27.46,56.4,0.0,0.46
1996-05-14,40.42,26.59,56.37,0.0,0.46
1996-05-15,38.36,26.64,58.92,0.04,0.46
1996-05-16,36.73,27.02,61.46,0.03,0.46
1996-05-17,36.9,27.63,60.08,0.0,0.46
1996-05-18,39.31,27.33,56.96,0.0,0.46
1996-05-19,36.36,28.06,60.95,0.01,0.46
1996-05-20,35.77,27.67,63.99,0.0,0.46
1996-05-21,33.62,27.64,70.93,0.08,0.46
1996-05-22,36.7,26.99,62.61,0.62,0.46
1996-05-23,32.23,27.26,71.39,0.2,0.46
1996-05-24,37.4,26.31,64.85,5.21,0.46
1996-05-25,34.52,26.33,68.46,1.78,0.47
1996-05-26,34.16,27.14,66.38,0.48,0.47
1996-05-27,33.09,26.72,71.97,1.45,0.47
1996-05-28,34.07,26.6,69.67,2.71,0.47
1996-05-29,33.63,25.81,69.31,0.0,0.47
1996-05-30,34.27,25.88,67.93,0.55,0.47
1996-05-31,34.38,26.06,68.49,0.0,0.47
1996-06-01,37.21,25.83,62.76,0.67,0.47
1996-06-02,36.58,26.85,63.71,0.36,0.47
1996-06-03,35.54,26.38,64.28,1.02,0.47
1996-06-04,32.24,26.81,67.41,0.0,0.47
1996-06-05,32.84,26.03,70.24,0.09,0.47
1996-06-06,34.59,25.7,63.31,0.06,0.47
1996-06-07,36.9,26.36,61.51,0.0,0.46
1996-06-08,32.39,26.91,69.38,0.01,0.46
1996-06-09,34.55,26.2,64.38,0.01,0.46
1996-06-10,35.92,26.18,61.49,0.01,0.46
1996-06-11,37.89,25.82,57.01,0.0,0.46
1996-06-12,33.85,26.7,64.14,0.05,0.46
1996-06-13,34.3,27.22,65.4,0.0,0.46
1996-06-14,31.22,26.47,75.1,0.01,0.46
1996-06-15,32.13,27.0,73.65,0.23,0.46
1996-06-16,32.54,26.67,75.29,2.88,0.47
1996-06-17,31.83,26.75,73.85,0.12,0.47
1996-06-18,31.47,27.04,76.38,0.07,0.47
1996-06-19,32.53,26.86,77.8,3.25,0.47
1996-06-20,31.67,26.35,81.08,13.59,0.49
1996-06-21,30.84,26.39,82.41,1.12,0.5
1996-06-22,30.9,25.78,84.16,4.69,0.5
1996-06-23,30.41,25.45,79.44,0.1,0.5
1996-06-24,31.73,25.89,76.94,1.03,0.5
1996-06-25,31.06,25.49,79.03,0.1,0.5
1996-06-26,31.39,25.75,76.45,0.0,0.49
1996-06-27,31.0,25.13,75.81,0.06,0.49
1996-06-28,32.01,26.41,73.83,0.07,0.49
1996-06-29,32.17,26.45,74.09,0.35,0.49
1996-06-30,31.63,26.16,74.43,0.04,0.49
1996-07-01,32.1,26.25,75.19,0.29,0.49
1996-07-02,34.23,25.56,72.24,0.04,0.48
1996-07-03,34.6,25.47,71.45,0.0,0.48
1996-07-04,31.89,24.75,73.0,0.09,0.48
1996-07-05,35.63,24.35,67.01,0.02,0.48
1996-07-06,36.13,25.64,64.05,0.0,0.47
1996-07-07,35.05,25.35,64.35,0.0,0.47
1996-07-08,33.92,25.69,64.77,0.0,0.47
1996-07-09,37.65,25.43,59.1,0.0,0.47
1996-07-10,38.8,26.85,56.75,0.0,0.47
1996-07-11,35.12,27.37,63.63,0.03,0.47
1996-07-12,33.95,26.93,69.22,0.39,0.47
1996-07-13,33.06,27.23,71.05,0.02,0.47
1996-07-14,34.75,26.64,67.7,0.1,0.47
1996-07-15,34.12,26.95,67.58,0.01,0.47
1996-07-16,34.26,26.66,67.07,0.0,0.46
1996-07-17,34.56,26.45,66.89,0.03,0.46
1996-07-18,34.93,26.69,68.68,0.21,0.46
1996-07-19,32.86,26.45,74.82,1.43,0.47
1996-07-20,32.77,26.3,73.58,1.38,0.47
1996-07-21,31.81,26.68,73.3,0.01,0.47
1996-07-22,32.65,26.8,71.68,0.94,0.47
1996-07-23,30.51,26.41,80.22,9.91,0.48
1996-07-24,30.64,26.17,82.37,4.78,0.49
1996-07-25,32.17,26.08,76.68,3.11,0.49
1996-07-26,32.32,26.23,74.02,1.23,0.49
1996-07-27,30.45,25.93,79.29,9.34,0.51
1996-07-28,31.68,25.8,77.93,0.01,0.51
1996-07-29,32.19,26.2,73.7,0.0,0.5
1996-07-30,32.55,26.79,73.62,0.16,0.5
1996-07-31,31.35,26.45,80.53,4.77,0.5
1996-08-01,32.92,25.97,74.71,0.35,0.5
1996-08-02,31.99,26.15,78.61,3.51,0.5
1996-08-03,33.22,25.95,75.5,0.19,0.5
1996-08-04,33.57,25.89,75.22,0.98,0.5
1996-08-05,34.57,25.61,71.61,0.67,0.5
1996-08-06,31.9,25.32,75.07,2.26,0.5
1996-08-07,33.48,25.34,71.16,0.01,0.5
1996-08-08,32.48,25.94,73.4,0.01,0.5
1996-08-09,35.69,25.37,69.69,0.0,0.49
1996-08-10,33.88,26.02,72.35,0.0,0.49
1996-08-11,32.09,26.1,74.37,0.0,0.49
1996-08-12,32.71,25.38,73.7,0.06,0.49
1996-08-13,31.12,25.89,76.23,0.41,0.48
1996-08-14,32.8,25.27,73.8,0.01,0.48
1996-08-15,34.03,25.64,72.57,0.25,0.48
1996-08-16,31.93,25.47,77.52,1.53,0.48
1996-08-17,31.55,24.61,76.5,0.39,0.48
1996-08-18,35.39,24.36,66.35,0.02,0.48
1996-08-19,32.3,25.44,71.77,0.67,0.48
1996-08-20,30.65,24.4,74.22,1.03,0.48
1996-08-21,29.58,24.35,77.43,1.22,0.48
1996-08-22,34.81,24.43,67.76,0.0,0.48
1996-08-23,35.26,25.06,67.78,0.0,0.48
1996-08-24,32.24,25.77,71.97,0.02,0.48
1996-08-25,34.08,25.21,69.11,0.22,0.47
1996-08-26,33.04,25.42,70.76,0.0,0.47
1996-08-27,32.18,25.7,72.88,0.0,0.47
1996-08-28,35.43,25.18,69.12,0.0,0.47
1996-08-29,36.73,25.41,63.85,0.1,0.47
1996-08-30,33.43,26.29,66.71,0.0,0.47
1996-08-31,34.66,26.22,66.56,0.03,0.47
1996-09-01,34.04,25.84,66.83,0.18,0.47
1996-09-02,35.43,24.99,69.2,3.43,0.47
1996-09-03,32.13,25.61,71.94,0.07,0.47
1996-09-04,33.43,25.39,71.03,0.0,0.47
1996-09-05,33.98,25.11,69.05,0.0,0.47
1996-09-06,36.14,24.77,64.36,0.0,0.47
1996-09-07,35.71,25.76,63.04,0.0,0.47
1996-09-08,34.23,26.13,64.87,0.0,0.47
1996-09-09,36.11,26.45,64.73,0.06,0.47
1996-09-10,35.85,25.8,66.78,0.01,0.47
1996-09-11,33.05,25.82,69.23,0.0,0.46
1996-09-12,32.94,25.86,71.75,0.0,0.46
1996-09-13,36.79,25.73,67.08,0.02,0.46
1996-09-14,32.68,27.02,72.13,0.0,0.46
1996-09-15,33.12,26.69,74.13,0.01,0.46
1996-09-16,33.96,26.64,71.84,0.2,0.46
1996-09-17,32.2,26.44,77.39,1.39,0.47
1996-09-18,35.47,26.48,70.49,0.06,0.47
1996-09-19,32.74,26.73,70.67,0.05,0.47
1996-09-20,33.92,26.1,70.32,0.16,0.46
1996-09-21,32.49,25.73,74.38,1.07,0.47
1996-09-22,35.54,25.16,66.03,0.01,0.47
1996-09-23,34.31,26.35,67.75,0.41,0.46
1996-09-24,30.4,25.32,82.54,4.09,0.47
1996-09-25,33.07,24.86,71.31,0.06,0.47
1996-09-26,33.39,25.19,76.91,2.26,0.47
1996-09-27,30.1,25.3,78.41,0.01,0.47
1996-09-28,33.12,25.24,75.11,0.0,0.47
1996-09-29,34.44,25.02,71.92,0.0,0.47
1996-09-30,31.57,26.11,76.11,0.0,0.47
1996-10-01,32.48,24.98,73.96,0.05,0.47
1996-10-02,32.92,24.85,75.91,0.05,0.47
1996-10-03,32.7,24.75,74.01,0.11,0.47
1996-10-04,34.29,24.01,72.01,1.14,0.47
1996-10-05,34.44,25.25,67.61,0.06,0.47
1996-10-06,32.18,25.42,69.67,0.06,0.47
1996-10-07,34.75,24.73,70.48,0.0,0.47
1996-10-08,34.31,25.0,69.44,0.01,0.47
1996-10-09,35.05,25.25,64.5,0.03,0.46
1996-10-10,37.05,25.87,56.66,0.03,0.46
1996-10-11,37.09,24.76,60.92,0.07,0.46
1996-10-12,37.19,25.4,61.5,0.0,0.46
1996-10-13,38.18,25.62,59.12,0.0,0.46
1996-10-14,35.92,25.75,60.86,0.0,0.46
1996-10-15,38.72,25.89,56.89,0.0,0.46
1996-10-16,37.48,26.36,58.93,0.0,0.46
1996-10-17,39.34,25.85,54.46,0.0,0.46
1996-10-18,39.05,26.18,55.43,0.0,0.46
1996-10-19,38.88,26.94,54.0,0.0,0.46
1996-10-20,38.52,26.72,56.48,0.02,0.46
1996-10-21,37.16,26.2,56.13,0.01,0.46
1996-10-22,38.68,25.48,55.57,0.0,0.46
1996-10-23,38.28,25.69,56.22,0.0,0.46
1996-10-24,36.31,26.05,60.25,0.01,0.46
1996-10-25,33.01,25.78,68.81,0.07,0.46
1996-10-26,33.79,25.29,63.13,0.0,0.46
1996-10-27,33.64,25.71,64.23,0.0,0.46
1996-10-28,35.59,25.33,63.86,0.0,0.46
1996-10-29,36.57,24.05,62.59,0.0,0.46
1996-10-30,34.68,25.41,63.85,0.02,0.46
1996-10-31,33.78,25.63,66.45,0.08,0.46
1996-11-01,34.92,25.35,64.78,0.74,0.46
1996-11-02,34.36,26.1,68.56,0.21,0.46
1996-11-03,32.35,24.99,73.78,0.02,0.46
1996-11-04,33.85,24.9,73.18,0.42,0.46
1996-11-05,31.85,24.8,74.12,2.86,0.46
1996-11-06,35.18,23.15,66.79,0.3,0.47
1996-11-07,36.49,23.57,61.24,0.0,0.46
1996-11-08,36.9,23.96,61.57,0.01,0.46
1996-11-09,36.37,24.6,66.49,0.0,0.46
1996-11-10,37.25,23.68,59.65,0.0,0.46
1996-11-11,37.31,23.2,51.74,0.0,0.46
1996-11-12,36.21,22.19,56.52,0.0,0.46
1996-11-13,35.81,22.2,51.27,0.0,0.46
1996-11-14,36.32,22.09,56.94,0.0,0.46
1996-11-15,35.94,23.49,59.13,0.0,0.46
1996-11-16,36.71,23.65,53.83,0.0,0.46
1996-11-17,36.33,24.45,51.54,0.0,0.46
1996-11-18,35.27,24.65,57.85,0.93,0.46
1996-11-19,34.68,24.15,55.82,0.0,0.46
1996-11-20,33.59,24.02,57.9,0.0,0.46
1996-11-21,35.65,24.43,54.36,0.0,0.46
1996-11-22,36.61,23.62,54.03,0.0,0.46
1996-11-23,37.05,24.02,52.82,0.0,0.46
1996-11-24,36.33,24.16,55.23,0.0,0.46
1996-11-25,36.45,24.76,54.42,0.0,0.46
1996-11-26,36.93,23.78,54.54,0.0,0.46
1996-11-27,36.61,24.12,55.23,0.0,0.46
1996-11-28,35.75,24.17,57.09,0.0,0.46
1996-11-29,33.37,25.36,61.35,0.0,0.46
1996-11-30,31.69,24.56,67.81,0.0,0.46
1996-12-01,30.16,23.53,73.4,0.0,0.46
1996-12-02,29.67,23.25,71.25,0.0,0.46
1996-12-03,31.41,23.74,69.26,0.0,0.46
1996-12-04,34.43,24.73,68.61,0.0,0.46
1996-12-05,36.51,24.08,64.14,0.0,0.46
1996-12-06,34.43,24.76,63.03,0.0,0.46
1996-12-07,32.35,25.49,60.88,0.0,0.46
1996-12-08,35.94,23.96,53.85,0.0,0.46
1996-12-09,35.72,24.02,55.7,0.0,0.46
1996-12-10,35.11,23.03,59.62,0.0,0.46
1996-12-11,36.23,23.24,56.73,0.0,0.46
1996-12-12,36.36,23.93,55.89,0.0,0.46
1996-12-13,35.18,24.81,58.07,0.0,0.46
1996-12-14,34.07,22.83,63.65,0.0,0.46
1996-12-15,33.48,20.11,56.7,0.0,0.46
1996-12-16,33.53,18.44,50.83,0.0,0.46
1996-12-17,34.09,18.34,44.75,0.0,0.46
1996-12-18,33.88,20.09,54.08,0.0,0.46
1996-12-19,34.11,19.79,53.93,0.0,0.46
1996-12-20,34.05,20.05,57.6,0.0,0.46
1996-12-21,34.05,20.55,55.32,0.0,0.46
1996-12-22,33.16,22.15,55.4,0.0,0.46
1996-12-23,33.27,20.99,56.58,0.0,0.46
1996-12-24,33.57,20.86,51.01,0.0,0.46
1996-12-25,32.82,19.17,53.63,0.0,0.46
1996-12-26,32.5,19.45,51.31,0.0,0.46
1996-12-27,32.79,19.65,53.04,0.0,0.46
1996-12-28,33.0,19.33,57.89,0.0,0.46
1996-12-29,33.02,20.75,51.25,0.0,0.46
1996-12-30,32.33,19.82,53.01,0.0,0.46
1996-12-31,32.67,19.9,53.28,0.0,0.46
1997-01-01,33.18,19.9,52.68,0.0,0.46
1997-01-02,32.93,18.85,50.17,0.0,0.46
1997-01-03,32.26,17.76,58.53,0.0,0.46
1997-01-04,31.65,18.34,62.68,0.0,0.46
1997-01-05,32.31,17.32,56.69,0.0,0.46
1997-01-06,32.99,17.85,52.32,0.0,0.46
1997-01-07,32.99,17.78,50.43,0.0,0.46
1997-01-08,33.36,18.06,50.0,0.0,0.46
1997-01-09,33.55,17.63,51.62,0.0,0.46
1997-01-10,33.86,19.53,56.61,0.0,0.46
1997-01-11,33.23,19.61,58.37,0.0,0.46
1997-01-12,33.29,21.72,58.39,0.0,0.46
1997-01-13,33.81,20.52,59.12,0.0,0.46
1997-01-14,34.45,19.69,51.58,0.0,0.46
1997-01-15,34.55,18.93,51.85,0.0,0.46
1997-01-16,34.67,18.04,53.06,0.0,0.46
1997-01-17,33.24,19.55,58.79,0.0,0.46
1997-01-18,32.12,17.42,54.46,0.0,0.46
1997-01-19,33.14,15.83,48.68,0.0,0.46
1997-01-20,33.65,15.78,54.43,0.0,0.46
1997-01-21,32.27,17.97,63.3,0.0,0.46
1997-01-22,31.79,16.33,67.65,0.0,0.46
1997-01-23,29.86,17.37,57.95,0.0,0.46
1997-01-24,29.56,14.89,60.14,0.0,0.46
1997-01-25,31.3,15.23,54.52,0.0,0.46
1997-01-26,32.69,15.27,47.22,0.0,0.46
1997-01-27,33.71,14.94,47.29,0.0,0.46
1997-01-28,32.98,17.39,55.66,0.0,0.46
1997-01-29,33.11,17.88,61.0,0.0,0.46
1997-01-30,32.95,17.95,48.5,0.0,0.46
1997-01-31,31.51,15.46,46.26,0.0,0.46
1997-02-01,32.2,15.63,59.48,0.0,0.46
1997-02-02,33.6,16.86,63.51,0.0,0.46
1997-02-03,33.58,17.89,63.81,0.0,0.46
1997-02-04,34.08,17.16,62.56,0.0,0.46
1997-02-05,33.9,16.78,61.58,0.0,0.46
1997-02-06,33.13,17.53,62.75,0.0,0.46
1997-02-07,32.76,17.81,65.44,0.0,0.46
1997-02-08,30.92,16.93,53.95,0.0,0.46
1997-02-09,31.95,13.91,42.5,0.0,0.46
1997-02-10,33.05,14.68,41.44,0.0,0.46
1997-02-11,34.4,14.08,44.81,0.0,0.46
1997-02-12,34.83,15.1,57.69,0.0,0.46
1997-02-13,34.65,17.09,58.61,0.0,0.46
1997-02-14,34.52,16.26,49.32,0.0,0.46
1997-02-15,34.5,16.12,50.76,0.0,0.46
1997-02-16,35.23,15.49,54.06,0.0,0.46
1997-02-17,35.96,16.11,56.49,0.0,0.46
1997-02-18,36.02,16.06,56.42,0.0,0.46
1997-02-19,35.61,16.83,57.59,0.0,0.46
1997-02-20,35.09,17.27,61.5,0.0,0.46
1997-02-21,35.73,16.66,59.85,0.0,0.46
1997-02-22,35.58,17.94,56.46,0.0,0.46
1997-02-23,34.83,18.54,57.88,0.0,0.46
1997-02-24,33.89,17.12,50.24,0.0,0.46
1997-02-25,35.73,16.22,44.1,0.0,0.46
1997-02-26,36.4,17.43,49.97,0.0,0.46
1997-02-27,37.29,18.68,45.74,0.0,0.46
1997-02-28,37.01,18.5,51.34,0.0,0.46
1997-03-01,37.2,18.23,47.7,0.0,0.46
1997-03-02,38.61,18.55,52.68,0.0,0.46
1997-03-03,37.91,19.5,52.23,0.0,0.46
1997-03-04,38.37,19.4,50.75,0.0,0.46
1997-03-05,38.14,20.05,49.05,0.0,0.46
1997-03-06,39.02,20.49,45.87,0.0,0.46
1997-03-07,39.16,21.04,47.28,0.0,0.46
1997-03-08,39.47,21.69,51.72,0.0,0.46
1997-03-09,38.9,21.65,56.59,0.0,0.46
1997-03-10,38.53,19.64,57.17,0.0,0.46
1997-03-11,38.75,19.61,56.69,0.0,0.46
1997-03-12,38.0,20.18,62.63,0.0,0.46
1997-03-13,38.03,21.22,61.28,0.0,0.46
1997-03-14,38.76,21.09,60.34,0.0,0.46
1997-03-15,38.61,21.44,60.11,0.0,0.46
1997-03-16,38.55,21.7,62.47,0.0,0.46
1997-03-17,38.16,22.89,64.26,0.0,0.46
1997-03-18,37.45,22.71,66.21,0.0,0.46
1997-03-19,36.11,23.39,67.42,0.0,0.46
1997-03-20,37.74,22.11,65.02,0.0,0.46
1997-03-21,36.92,23.32,64.51,0.0,0.46
1997-03-22,36.81,22.36,64.9,0.0,0.46
1997-03-23,37.27,23.06,61.22,0.0,0.46
1997-03-24,34.96,24.15,60.93,0.0,0.46
1997-03-25,38.96,23.38,54.08,0.0,0.46
1997-03-26,40.24,23.43,43.74,0.0,0.46
1997-03-27,40.0,23.5,49.67,0.0,0.46
1997-03-28,38.77,22.16,55.63,0.01,0.46
1997-03-29,38.68,21.21,52.48,0.0,0.46
1997-03-30,38.72,20.92,55.42,0.0,0.46
1997-03-31,37.64,21.25,56.74,0.0,0.46
1997-04-01,37.86,21.59,56.73,0.0,0.46
1997-04-02,38.86,21.59,57.25,0.0,0.46
1997-04-03,39.7,22.51,58.63,0.0,0.46
1997-04-04,40.25,21.9,56.11,0.0,0.46
1997-04-05,38.81,23.56,56.88,0.0,0.46
1997-04-06,38.67,23.52,56.21,0.0,0.46
1997-04-07,35.74,24.01,52.28,0.02,0.46
1997-04-08,37.24,21.43,56.82,1.34,0.46
1997-04-09,37.25,20.65,56.56,0.0,0.46
1997-04-10,37.73,22.28,59.62,0.0,0.46
1997-04-11,37.11,23.39,57.39,0.0,0.46
1997-04-12,36.82,23.15,58.71,0.04,0.46
1997-04-13,36.79,22.56,59.63,0.0,0.46
1997-04-14,35.96,22.73,60.97,0.06,0.46
1997-04-15,36.44,22.42,59.49,0.0,0.46
1997-04-16,36.61,22.64,63.22,0.0,0.46
1997-04-17,37.67,24.27,59.5,0.0,0.46
1997-04-18,37.96,24.04,60.19,0.0,0.46
1997-04-19,39.71,24.23,56.81,0.0,0.46
1997-04-20,39.3,24.52,56.14,0.0,0.46
1997-04-21,39.86,24.33,54.99,0.0,0.46
1997-04-22,41.46,24.57,54.23,0.0,0.46
1997-04-23,39.94,24.59,52.66,0.01,0.46
1997-04-24,39.66,25.13,50.78,0.01,0.46
1997-04-25,39.36,25.14,46.46,0.0,0.46
1997-04-26,39.72,26.0,44.04,0.0,0.46
1997-04-27,38.23,25.59,47.91,0.09,0.46
1997-04-28,39.31,25.32,51.04,0.0,0.46
1997-04-29,40.59,24.2,52.12,0.0,0.46
1997-04-30,40.94,24.9,55.74,0.0,0.46
1997-05-01,40.19,25.91,58.72,0.0,0.46
1997-05-02,39.76,25.33,61.5,0.0,0.46
1997-05-03,39.19,25.59,63.27,0.0,0.46
1997-05-04,40.22,26.11,59.67,0.0,0.46
1997-05-05,39.93,26.63,59.06,0.0,0.46
1997-05-06,39.14,26.43,59.98,0.0,0.46
1997-05-07,40.78,26.67,58.04,0.07,0.46
1997-05-08,40.67,27.02,52.64,0.44,0.46
1997-05-09,41.23,25.73,53.78,0.0,0.46
1997-05-10,41.25,25.75,54.05,0.0,0.46
1997-05-11,41.19,27.08,54.77,0.0,0.46
1997-05-12,41.32,25.59,56.87,0.0,0.46
1997-05-13,41.75,25.5,57.07,0.0,0.46
1997-05-14,42.35,26.41,54.28,0.02,0.46
1997-05-15,41.93,26.95,52.4,0.54,0.46
1997-05-16,36.08,27.86,61.23,0.3,0.46
1997-05-17,32.55,27.23,70.76,0.63,0.46
1997-05-18,34.28,27.32,66.74,2.36,0.46
1997-05-19,36.03,27.32,59.05,1.91,0.46
1997-05-20,35.93,26.27,63.5,3.44,0.47
1997-05-21,37.13,26.36,62.74,1.34,0.47
1997-05-22,35.74,26.35,69.51,5.57,0.47
1997-05-23,35.15,25.47,69.86,0.72,0.47
1997-05-24,33.42,26.07,68.44,0.22,0.47
1997-05-25,32.53,25.05,72.93,2.36,0.47
1997-05-26,33.33,25.34,73.47,3.57,0.48
1997-05-27,35.17,24.93,70.66,1.19,0.48
1997-05-28,33.76,26.25,74.27,1.79,0.47
1997-05-29,33.28,26.18,75.34,1.61,0.48
1997-05-30,32.97,26.58,72.78,0.14,0.47
1997-05-31,32.51,26.34,74.41,0.17,0.47
1997-06-01,34.71,25.78,70.83,0.01,0.47
1997-06-02,33.27,26.22,73.33,0.09,0.47
1997-06-03,36.9,25.77,65.87,0.07,0.47
1997-06-04,35.67,26.05,67.83,0.0,0.47
1997-06-05,36.89,25.84,65.82,0.03,0.47
1997-06-06,32.88,26.34,69.11,0.91,0.47
1997-06-07,31.09,25.8,72.42,1.55,0.47
1997-06-08,33.15,25.62,68.87,1.02,0.47
1997-06-09,31.79,25.8,73.85,6.36,0.48
1997-06-10,32.55,25.93,76.32,2.34,0.48
1997-06-11,30.72,25.48,82.8,2.85,0.48
1997-06-12,32.51,25.43,77.15,2.27,0.48
1997-06-13,35.98,25.63,67.63,0.0,0.48
1997-06-14,37.46,24.27,66.5,0.0,0.48
1997-06-15,36.14,25.79,67.57,0.24,0.47
1997-06-16,31.99,26.82,72.88,0.19,0.47
1997-06-17,33.36,26.43,72.74,0.58,0.47
1997-06-18,32.36,26.21,76.13,5.49,0.48
1997-06-19,33.79,25.71,72.73,1.04,0.48
1997-06-20,32.96,26.32,78.05,10.3,0.49
1997-06-21,32.33,26.6,80.14,8.18,0.5
1997-06-22,31.01,26.35,83.75,3.46,0.51
1997-06-23,30.85,26.16,82.98,5.17,0.51
1997-06-24,30.64,25.89,84.16,4.28,0.52
1997-06-25,31.72,25.86,81.62,10.69,0.53
1997-06-26,32.72,25.96,80.96,12.88,0.54
1997-06-27,29.31,25.8,87.35,13.28,0.56
1997-06-28,31.34,25.48,84.92,10.73,0.58
1997-06-29,30.47,26.17,83.49,2.28,0.58
1997-06-30,30.97,25.66,83.1,5.07,0.58
1997-07-01,32.03,25.4,81.73,3.89,0.59
1997-07-02,30.49,25.34,84.76,4.18,0.59
1997-07-03,30.31,25.11,83.77,2.77,0.59
1997-07-04,30.14,25.02,83.63,3.09,0.59
1997-07-05,30.62,25.1,84.04,8.21,0.6
1997-07-06,30.04,24.68,83.12,1.86,0.6
1997-07-07,30.85,24.83,82.94,7.99,0.6
1997-07-08,29.86,25.07,85.2,5.99,0.61
1997-07-09,30.23,24.88,83.61,8.99,0.62
1997-07-10,29.75,24.96,84.25,4.68,0.62
1997-07-11,31.83,25.39,81.55,1.45,0.62
1997-07-12,30.59,25.26,83.89,1.67,0.62
1997-07-13,32.43,25.25,80.3,0.07,0.61
1997-07-14,31.69,26.01,84.44,0.37,0.61
1997-07-15,29.07,25.41,87.88,0.28,0.61
1997-07-16,30.97,25.13,82.1,1.96,0.61
1997-07-17,31.47,25.36,81.97,11.17,0.62
1997-07-18,31.75,25.0,79.75,7.05,0.62
1997-07-19,34.48,24.77,76.54,1.97,0.62
1997-07-20,33.86,25.23,77.88,0.56,0.61
1997-07-21,32.08,25.65,80.06,1.03,0.61
1997-07-22,32.13,25.78,80.92,3.62,0.61
1997-07-23,29.84,25.62,88.48,14.11,0.62
1997-07-24,29.31,25.84,89.51,5.77,0.63
1997-07-25,29.32,25.46,89.28,4.96,0.64
1997-07-26,30.07,25.62,85.81,5.77,0.64
1997-07-27,28.86,25.59,88.45,7.13,0.65
1997-07-28,29.69,25.56,89.36,6.47,0.65
1997-07-29,31.02,25.32,85.77,7.15,0.66
1997-07-30,29.05,25.59,88.49,8.84,0.67
1997-07-31,30.54,25.22,86.93,6.62,0.67
1997-08-01,29.09,25.31,90.37,25.36,0.7
1997-08-02,29.28,25.53,90.21,17.33,0.72
1997-08-03,29.44,25.88,88.33,11.99,0.74
1997-08-04,29.8,25.23,86.76,17.69,0.75
1997-08-05,30.91,25.32,85.24,7.32,0.76
1997-08-06,30.09,24.93,87.15,4.08,0.76
1997-08-07,31.03,24.31,85.45,5.78,0.75
1997-08-08,30.92,25.24,85.33,1.13,0.75
1997-08-09,29.9,25.0,88.3,2.68,0.74
1997-08-10,29.49,24.67,89.04,5.25,0.74
1997-08-11,30.07,24.99,88.57,5.64,0.75
1997-08-12,30.44,25.19,87.02,0.45,0.74
1997-08-13,30.23,25.48,88.15,3.17,0.74
1997-08-14,30.32,25.2,88.85,3.61,0.74
1997-08-15,29.8,25.06,89.51,3.63,0.74
1997-08-16,30.19,24.94,87.16,4.31,0.74
1997-08-17,29.28,25.07,89.87,3.95,0.74
1997-08-18,29.45,24.56,86.33,4.55,0.74
1997-08-19,30.2,25.12,85.45,0.55,0.73
1997-08-20,29.79,24.56,88.82,8.98,0.74
1997-08-21,30.35,24.48,86.54,9.97,0.75
1997-08-22,31.91,23.83,84.59,2.93,0.74
1997-08-23,30.58,25.05,87.3,0.03,0.74
1997-08-24,31.5,25.62,85.28,0.01,0.73
1997-08-25,29.05,24.91,90.08,0.59,0.72
1997-08-26,30.65,24.46,87.55,5.67,0.72
1997-08-27,30.91,25.09,86.0,1.35,0.72
1997-08-28,30.64,25.62,86.59,6.38,0.72
1997-08-29,30.94,25.31,87.42,5.21,0.72
1997-08-30,30.71,24.87,88.21,1.49,0.72
1997-08-31,31.05,25.1,86.33,1.15,0.71
1997-09-01,32.48,24.85,82.91,0.86,0.71
1997-09-02,31.04,24.6,85.46,2.79,0.7
1997-09-03,30.82,24.73,84.29,0.01,0.69
1997-09-04,30.54,25.17,84.75,0.01,0.69
1997-09-05,32.15,24.57,81.32,0.07,0.68
1997-09-06,32.16,24.38,81.97,0.04,0.67
1997-09-07,28.45,24.24,88.64,0.02,0.67
1997-09-08,30.55,24.0,82.44,0.0,0.66
1997-09-09,31.38,23.56,80.02,0.0,0.66
1997-09-10,33.02,23.75,78.63,0.0,0.65
1997-09-11,33.76,24.46,77.94,0.02,0.64
1997-09-12,33.22,24.55,78.2,0.0,0.63
1997-09-13,32.49,24.66,78.65,0.01,0.63
1997-09-14,32.93,24.53,77.63,0.08,0.62
1997-09-15,32.75,24.79,79.13,0.0,0.62
1997-09-16,32.66,25.24,78.75,0.02,0.61
1997-09-17,32.24,25.4,80.48,0.0,0.61
1997-09-18,34.51,24.73,76.24,0.02,0.6
1997-09-19,33.61,25.08,77.31,0.0,0.59
1997-09-20,31.89,25.45,80.22,0.0,0.59
1997-09-21,31.1,25.45,81.29,0.0,0.59
1997-09-22,29.77,24.86,85.7,0.0,0.58
1997-09-23,28.98,24.44,85.3,0.05,0.58
1997-09-24,29.94,25.32,85.67,0.01,0.58
1997-09-25,30.36,25.41,84.21,0.02,0.58
1997-09-26,31.39,25.59,82.33,0.01,0.57
1997-09-27,32.68,25.15,76.16,0.02,0.57
1997-09-28,32.58,25.8,75.94,0.18,0.57
1997-09-29,32.57,24.81,75.95,0.0,0.56
1997-09-30,34.6,24.27,73.04,0.0,0.56
1997-10-01,34.14,24.44,72.46,0.0,0.55
1997-10-02,33.55,24.35,73.3,0.0,0.55
1997-10-03,34.84,25.1,73.4,0.0,0.54
1997-10-04,34.82,24.99,72.58,0.01,0.54
1997-10-05,30.74,25.66,79.57,0.1,0.54
1997-10-06,32.44,24.88,76.47,0.2,0.53
1997-10-07,32.43,25.06,74.93,0.04,0.53
1997-10-08,32.68,24.28,73.96,0.0,0.53
1997-10-09,36.6,24.33,66.72,0.0,0.52
1997-10-10,36.33,24.72,66.64,0.0,0.52
1997-10-11,36.94,24.96,66.16,0.07,0.52
1997-10-12,33.0,25.9,72.08,0.25,0.51
1997-10-13,32.15,26.08,73.81,0.0,0.51
1997-10-14,31.24,25.7,73.67,0.0,0.51
1997-10-15,36.35,24.99,65.24,0.0,0.51
1997-10-16,36.68,25.52,64.85,0.0,0.5
1997-10-17,37.86,25.22,62.53,0.08,0.5
1997-10-18,37.3,25.98,65.9,1.2,0.5
1997-10-19,37.54,26.23,64.55,0.0,0.49
1997-10-20,37.63,26.08,62.75,0.0,0.49
1997-10-21,38.24,26.14,60.57,0.0,0.49
1997-10-22,36.17,26.02,61.28,0.0,0.48
1997-10-23,34.98,25.07,63.83,0.0,0.48
1997-10-24,34.02,25.05,64.99,0.08,0.48
1997-10-25,35.94,24.56,71.01,4.43,0.48
1997-10-26,34.49,25.65,68.29,0.15,0.48
1997-10-27,32.67,25.09,72.31,1.76,0.48
1997-10-28,34.48,23.81,69.08,0.0,0.48
1997-10-29,35.04,24.49,65.36,0.0,0.48
1997-10-30,34.33,23.88,63.6,0.0,0.48
1997-10-31,36.32,24.22,61.22,0.0,0.48
1997-11-01,35.55,24.69,57.27,0.0,0.47
1997-11-02,34.8,22.75,57.36,0.0,0.47
1997-11-03,36.8,22.3,55.57,0.0,0.47
1997-11-04,32.85,23.61,66.09,3.0,0.47
1997-11-05,27.13,22.59,77.35,0.01,0.47
1997-11-06,29.53,22.0,72.24,0.02,0.47
1997-11-07,28.69,22.46,70.54,0.0,0.47
1997-11-08,31.21,21.96,69.31,0.0,0.47
1997-11-09,31.65,22.85,70.45,0.0,0.47
1997-11-10,35.7,22.87,65.35,0.0,0.47
1997-11-11,36.32,23.92,60.23,0.0,0.47
1997-11-12,35.99,24.37,60.26,0.0,0.47
1997-11-13,35.75,24.55,64.73,0.0,0.47
1997-11-14,36.4,24.14,64.06,0.0,0.47
1997-11-15,36.56,24.36,61.81,0.0,0.46
1997-11-16,37.63,22.76,56.54,0.0,0.46
1997-11-17,38.23,23.95,51.86,0.0,0.46
1997-11-18,37.55,24.2,53.28,0.04,0.46
1997-11-19,35.94,24.87,55.75,0.0,0.46
1997-11-20,34.33,25.32,57.73,0.0,0.46
1997-11-21,36.09,23.63,56.04,0.0,0.46
1997-11-22,37.83,24.53,56.11,0.0,0.46
1997-11-23,37.68,24.46,58.29,0.0,0.46
1997-11-24,36.62,23.15,57.29,0.0,0.46
1997-11-25,36.76,21.57,57.54,0.0,0.46
1997-11-26,38.06,23.23,55.49,0.0,0.46
1997-11-27,38.14,24.27,54.6,0.0,0.46
1997-11-28,38.32,23.8,53.49,0.0,0.46
1997-11-29,38.07,23.88,55.09,0.0,0.46
1997-11-30,38.67,23.72,55.27,0.0,0.46
1997-12-01,38.68,22.77,50.58,0.0,0.46
1997-12-02,37.91,24.01,49.69,0.0,0.46
1997-12-03,37.22,24.26,51.27,0.0,0.46
1997-12-04,35.96,24.22,55.96,0.0,0.46
1997-12-05,35.96,23.6,55.71,0.0,0.46
1997-12-06,36.56,24.26,51.9,0.0,0.46
1997-12-07,36.71,23.39,52.05,0.0,0.46
1997-12-08,35.84,22.76,49.83,0.0,0.46
1997-12-09,34.42,24.53,55.65,0.0,0.46
1997-12-10,33.71,23.65,55.3,0.0,0.46
1997-12-11,33.24,24.51,57.01,0.0,0.46
1997-12-12,33.58,24.41,64.87,0.0,0.46
1997-12-13,35.52,24.06,56.89,0.0,0.46
1997-12-14,36.58,23.8,57.3,0.0,0.46
1997-12-15,35.79,23.65,63.81,0.0,0.46
1997-12-16,36.13,23.18,61.49,0.0,0.46
1997-12-17,37.63,23.41,58.2,0.0,0.46
1997-12-18,37.0,22.74,54.06,0.0,0.46
1997-12-19,37.24,21.74,55.04,0.0,0.46
1997-12-20,35.5,21.08,54.28,0.0,0.46
1997-12-21,32.16,19.3,52.15,0.0,0.46
1997-12-22,32.52,17.27,57.6,0.0,0.46
1997-12-23,33.51,17.99,63.28,0.0,0.46
1997-12-24,31.72,18.34,67.07,0.0,0.46
1997-12-25,31.24,16.88,59.05,0.0,0.46
1997-12-26,31.43,16.17,62.67,0.0,0.46
1997-12-27,34.06,17.37,59.5,0.0,0.46
1997-12-28,34.3,18.35,63.21,0.0,0.46
1997-12-29,34.02,19.14,62.35,0.0,0.46
1997-12-30,35.02,18.38,60.63,0.0,0.46
1997-12-31,34.63,18.61,61.54,0.0,0.46
1998-01-01,35.71,18.12,59.31,0.0,0.46
1998-01-02,35.22,18.74,63.6,0.0,0.46
1998-01-03,35.35,18.44,60.95,0.0,0.46
1998-01-04,36.22,17.61,52.95,0.0,0.46
1998-01-05,35.93,18.67,53.27,0.0,0.46
1998-01-06,34.89,19.63,57.23,0.0,0.46
1998-01-07,36.19,20.4,55.37,0.0,0.46
1998-01-08,34.96,20.26,58.19,0.0,0.46
1998-01-09,33.81,17.64,52.99,0.0,0.46
1998-01-10,32.67,15.28,52.36,0.0,0.46
1998-01-11,34.01,14.88,54.16,0.0,0.46
1998-01-12,33.08,15.72,60.74,0.0,0.46
1998-01-13,33.01,15.21,57.63,0.0,0.46
1998-01-14,32.78,16.81,60.89,0.0,0.46
1998-01-15,31.53,17.39,66.76,0.0,0.46
1998-01-16,31.94,17.93,62.79,0.0,0.46
1998-01-17,33.29,15.9,63.37,0.1,0.46
1998-01-18,34.99,17.52,63.47,0.1,0.46
1998-01-19,36.31,18.54,58.63,0.0,0.46
1998-01-20,36.57,18.82,56.95,0.0,0.46
1998-01-21,36.2,18.96,59.26,0.0,0.46
1998-01-22,34.2,20.8,67.0,0.0,0.46
1998-01-23,34.92,18.71,64.95,0.0,0.46
1998-01-24,34.51,18.7,61.84,0.0,0.46
1998-01-25,34.28,17.4,56.69,0.0,0.46
1998-01-26,35.4,17.13,58.28,0.0,0.46
1998-01-27,36.45,17.92,55.78,0.0,0.46
1998-01-28,37.15,19.86,51.2,0.0,0.46
1998-01-29,38.26,22.0,39.58,0.0,0.46
1998-01-30,37.4,22.15,46.92,0.0,0.46
1998-01-31,36.3,20.84,55.31,0.0,0.46
1998-02-01,35.92,19.27,53.37,0.0,0.46
1998-02-02,35.67,18.01,56.4,0.0,0.46
1998-02-03,34.99,17.54,57.11,0.0,0.46
1998-02-04,34.89,17.03,58.01,0.0,0.46
1998-02-05,35.74,17.73,61.48,0.0,0.46
1998-02-06,34.68,17.81,53.82,0.0,0.46
1998-02-07,35.03,18.44,44.41,0.0,0.46
1998-02-08,35.61,16.9,45.48,0.0,0.46
1998-02-09,34.29,19.68,45.12,0.0,0.46
1998-02-10,33.63,16.88,45.34,0.0,0.46
1998-02-11,36.14,16.52,49.22,0.0,0.46
1998-02-12,35.91,17.39,52.79,0.0,0.46
1998-02-13,34.72,15.9,53.31,0.0,0.46
1998-02-14,34.66,14.94,52.32,0.0,0.46
1998-02-15,33.88,15.26,57.11,0.0,0.46
1998-02-16,33.85,17.01,59.5,0.0,0.46
1998-02-17,35.16,16.73,61.01,0.0,0.46
1998-02-18,35.01,18.67,65.93,0.0,0.46
1998-02-19,34.51,18.85,66.02,0.0,0.46
1998-02-20,35.28,18.97,61.57,0.0,0.46
1998-02-21,35.86,19.14,58.95,0.0,0.46
1998-02-22,36.38,19.48,62.37,0.0,0.46
1998-02-23,38.07,18.46,54.32,0.0,0.46
1998-02-24,38.35,19.51,49.23,0.0,0.46
1998-02-25,38.04,20.63,49.68,0.0,0.46
1998-02-26,37.44,19.37,59.68,0.0,0.46
1998-02-27,37.78,20.45,62.56,0.0,0.46
1998-02-28,38.23,19.88,58.63,0.0,0.46
1998-03-01,36.65,19.32,60.18,0.0,0.46
1998-03-02,35.84,19.37,53.53,0.0,0.46
1998-03-03,36.62,19.5,52.75,0.0,0.46
1998-03-04,37.62,18.8,51.03,0.0,0.46
1998-03-05,37.24,18.84,51.22,0.0,0.46
1998-03-06,37.1,17.84,54.61,0.0,0.46
1998-03-07,36.5,18.51,58.91,0.0,0.46
1998-03-08,36.91,18.83,63.45,0.0,0.46
1998-03-09,34.48,21.43,61.75,0.0,0.46
1998-03-10,36.44,19.5,53.42,0.0,0.46
1998-03-11,36.73,19.22,51.94,0.0,0.46
1998-03-12,39.0,20.21,58.7,0.0,0.46
1998-03-13,39.57,20.93,57.11,0.0,0.46
1998-03-14,39.11,20.99,58.21,0.0,0.46
1998-03-15,38.81,21.08,60.48,0.0,0.46
1998-03-16,40.27,20.01,51.2,0.0,0.46
1998-03-17,42.14,20.89,48.76,0.0,0.46
1998-03-18,40.0,21.85,54.72,0.0,0.46
1998-03-19,38.97,22.12,52.37,0.0,0.46
1998-03-20,37.42,20.39,55.72,0.0,0.46
1998-03-21,38.21,22.06,55.42,0.0,0.46
1998-03-22,40.54,21.62,59.45,0.0,0.46
1998-03-23,40.93,22.49,55.57,0.0,0.46
1998-03-24,40.83,20.32,53.83,0.0,0.46
1998-03-25,39.62,22.73,60.33,0.0,0.46
1998-03-26,39.66,22.34,59.58,0.0,0.46
1998-03-27,39.28,23.31,54.7,0.0,0.46
1998-03-28,40.69,23.94,41.45,0.0,0.46
1998-03-29,41.05,23.47,43.02,0.41,0.46
1998-03-30,39.61,25.24,47.34,0.0,0.46
1998-03-31,37.27,25.96,49.71,0.0,0.46
1998-04-01,39.95,23.84,53.15,0.0,0.46
1998-04-02,40.24,22.38,54.54,0.0,0.46
1998-04-03,40.3,23.55,53.28,0.0,0.46
1998-04-04,39.78,23.97,48.14,0.0,0.46
1998-04-05,41.14,24.61,46.69,0.0,0.46
1998-04-06,40.58,24.68,48.03,0.0,0.46
1998-04-07,39.81,24.29,53.68,0.0,0.46
1998-04-08,39.95,23.0,57.72,0.0,0.46
1998-04-09,41.03,23.77,58.16,0.0,0.46
1998-04-10,40.67,23.78,58.52,0.0,0.46
1998-04-11,40.81,22.77,56.95,0.0,0.46
1998-04-12,41.93,24.33,59.1,0.0,0.46
1998-04-13,41.16,23.62,59.13,0.0,0.46
1998-04-14,42.59,23.19,57.38,0.0,0.46
1998-04-15,41.76,25.2,60.03,0.0,0.46
1998-04-16,42.63,25.99,59.7,0.0,0.46
1998-04-17,40.81,26.35,60.46,0.0,0.46
1998-04-18,40.82,25.28,55.95,0.0,0.46
1998-04-19,40.55,24.03,58.96,0.0,0.46
1998-04-20,40.17,24.68,59.9,0.0,0.46
1998-04-21,39.17,25.11,58.1,0.0,0.46
1998-04-22,40.32,25.25,57.34,0.05,0.46
1998-04-23,39.34,26.34,57.46,0.0,0.46
1998-04-24,40.33,24.4,54.95,0.05,0.46
1998-04-25,40.02,25.12,57.76,0.0,0.46
1998-04-26,41.46,26.42,53.04,0.0,0.46
1998-04-27,39.95,25.58,57.02,0.62,0.46
1998-04-28,39.84,26.67,57.33,0.0,0.46
1998-04-29,39.8,26.6,58.17,0.0,0.46
1998-04-30,39.77,26.12,59.92,0.0,0.46
1998-05-01,37.63,27.59,61.06,0.0,0.46
1998-05-02,38.86,27.49,59.1,0.0,0.46
1998-05-03,41.15,27.31,57.64,0.01,0.46
1998-05-04,41.76,26.98,56.03,0.0,0.46
1998-05-05,41.96,26.81,51.42,0.0,0.46
1998-05-06,42.48,27.44,48.41,0.0,0.46
1998-05-07,41.77,27.92,45.4,0.0,0.46
1998-05-08,42.73,28.64,45.37,0.01,0.46
1998-05-09,40.2,28.2,55.59,0.0,0.46
1998-05-10,41.13,26.75,56.13,0.0,0.46
1998-05-11,41.52,27.17,54.82,0.0,0.46
1998-05-12,40.08,27.53,56.7,1.02,0.46
1998-05-13,39.43,27.47,66.57,11.59,0.47
1998-05-14,36.46,27.44,69.22,0.0,0.48
1998-05-15,37.7,27.54,64.09,0.0,0.47
1998-05-16,32.78,27.86,68.78,0.0,0.47
1998-05-17,34.54,27.69,68.46,0.0,0.47
1998-05-18,33.47,27.2,74.18,0.05,0.47
1998-05-19,34.3,29.07,70.28,0.09,0.47
1998-05-20,35.56,28.57,70.77,3.1,0.47
1998-05-21,33.67,28.16,68.3,0.04,0.47
1998-05-22,35.58,27.4,65.55,0.73,0.47
1998-05-23,37.4,27.53,61.26,0.0,0.47
1998-05-24,37.01,28.48,60.92,0.0,0.47
1998-05-25,38.31,28.49,59.51,0.0,0.47
1998-05-26,39.82,27.92,57.46,0.21,0.46
1998-05-27,35.8,28.54,64.75,2.97,0.47
1998-05-28,37.59,28.82,64.68,0.07,0.47
1998-05-29,34.46,29.2,70.12,0.01,0.47
1998-05-30,35.07,28.62,68.68,0.0,0.47
1998-05-31,34.52,27.66,68.78,0.04,0.47
1998-06-01,35.12,27.36,65.36,0.0,0.47
1998-06-02,36.97,27.43,61.73,0.0,0.47
1998-06-03,35.55,27.86,67.43,0.0,0.46
1998-06-04,36.44,27.92,63.73,0.0,0.46
1998-06-05,34.56,27.77,69.25,0.0,0.46
1998-06-06,33.26,27.55,69.82,0.04,0.46
1998-06-07,33.35,27.22,67.63,0.0,0.46
1998-06-08,36.05,26.75,65.83,0.0,0.46
1998-06-09,32.45,27.49,71.81,0.0,0.46
1998-06-10,32.2,27.69,75.6,0.0,0.46
1998-06-11,33.45,27.56,71.82,0.01,0.46
1998-06-12,32.23,27.52,73.52,0.0,0.46
1998-06-13,35.11,27.1,67.21,0.0,0.46
1998-06-14,34.74,27.9,69.78,0.02,0.46
1998-06-15,34.3,27.05,69.36,0.23,0.46
1998-06-16,33.79,27.68,73.47,0.0,0.46
1998-06-17,34.49,27.14,71.62,0.0,0.46
1998-06-18,34.64,27.22,68.19,0.0,0.46
1998-06-19,33.8,27.21,71.65,0.0,0.46
1998-06-20,33.82,27.35,71.26,0.0,0.46
1998-06-21,33.82,27.33,68.88,0.01,0.46
1998-06-22,34.1,27.31,70.63,0.01,0.46
1998-06-23,33.71,27.37,70.29,0.51,0.46
1998-06-24,32.79,26.87,75.94,6.82,0.47
1998-06-25,34.01,26.5,73.75,0.01,0.47
1998-06-26,33.94,27.47,71.88,0.02,0.47
1998-06-27,34.73,26.81,72.28,0.12,0.47
1998-06-28,34.24,26.7,69.65,0.03,0.47
1998-06-29,36.54,26.9,67.31,0.15,0.47
1998-06-30,36.28,27.46,66.57,0.01,0.47
1998-07-01,34.56,28.09,68.69,0.01,0.47
1998-07-02,32.64,27.24,73.48,0.13,0.47
1998-07-03,33.1,27.11,72.58,0.11,0.47
1998-07-04,32.01,26.65,73.07,0.06,0.47
1998-07-05,33.59,26.05,70.72,0.05,0.47
1998-07-06,32.27,26.46,73.41,0.03,0.47
1998-07-07,33.87,26.49,70.93,0.0,0.46
1998-07-08,33.0,26.69,74.01,0.01,0.46
1998-07-09,31.53,26.8,73.23,0.01,0.46
1998-07-10,33.42,26.28,69.77,0.01,0.46
1998-07-11,33.11,27.0,69.59,0.01,0.46
1998-07-12,32.58,26.82,68.79,0.03,0.46
1998-07-13,34.63,26.26,66.01,0.01,0.46
1998-07-14,36.05,26.03,62.29,0.03,0.46
1998-07-15,36.12,26.53,61.55,0.02,0.46
1998-07-16,34.78,27.06,65.52,0.06,0.46
1998-07-17,33.73,27.01,67.99,0.0,0.46
1998-07-18,37.54,26.74,60.02,0.0,0.46
1998-07-19,36.58,27.99,62.3,0.0,0.46
1998-07-20,39.66,26.42,57.56,0.0,0.46
1998-07-21,38.79,28.32,58.4,0.02,0.46
1998-07-22,35.04,28.03,64.54,0.05,0.46
1998-07-23,34.4,27.87,64.04,0.0,0.46
1998-07-24,36.08,27.89,62.34,0.0,0.46
1998-07-25,32.71,27.49,70.41,0.0,0.46
1998-07-26,33.96,26.69,69.08,0.03,0.46
1998-07-27,34.06,27.03,70.28,0.0,0.46
1998-07-28,33.67,26.76,71.24,0.02,0.46
1998-07-29,34.74,26.63,68.38,0.26,0.46
1998-07-30,34.96,26.78,67.66,0.11,0.46
1998-07-31,32.69,27.01,76.7,0.01,0.46
1998-08-01,35.3,26.22,66.28,0.01,0.46
1998-08-02,34.27,26.7,68.7,0.01,0.46
1998-08-03,32.52,26.83,73.38,0.01,0.46
1998-08-04,32.74,26.73,72.07,0.01,0.46
1998-08-05,33.5,26.26,67.95,0.0,0.46
1998-08-06,35.56,26.24,66.71,0.0,0.46
1998-08-07,33.12,27.29,71.15,0.0,0.46
1998-08-08,31.49,26.88,74.64,0.0,0.46
1998-08-09,33.98,25.86,70.81,0.13,0.46
1998-08-10,31.55,26.68,78.63,2.83,0.46
1998-08-11,33.77,26.56,72.55,0.01,0.47
1998-08-12,35.75,26.36,66.79,0.01,0.47
1998-08-13,33.82,27.12,65.82,0.0,0.47
1998-08-14,34.75,26.25,67.46,0.0,0.46
1998-08-15,33.13,26.46,72.21,0.0,0.46
1998-08-16,34.3,26.19,69.72,0.01,0.46
1998-08-17,34.45,26.42,69.66,0.0,0.46
1998-08-18,34.41,26.73,63.96,0.0,0.46
1998-08-19,38.02,26.98,60.46,0.0,0.46
1998-08-20,35.24,27.48,64.54,0.0,0.46
1998-08-21,34.15,27.47,68.23,0.0,0.46
1998-08-22,35.35,27.67,67.83,0.02,0.46
1998-08-23,34.03,27.33,69.3,0.02,0.46
1998-08-24,35.61,26.84,65.46,0.0,0.46
1998-08-25,35.31,27.23,65.71,0.01,0.46
1998-08-26,36.48,26.72,62.38,0.0,0.46
1998-08-27,36.1,26.27,66.77,0.0,0.46
1998-08-28,35.18,26.76,67.33,0.0,0.46
1998-08-29,35.17,26.43,67.02,0.0,0.46
1998-08-30,35.59,27.36,63.04,0.0,0.46
1998-08-31,37.94,27.02,62.63,0.0,0.46
1998-09-01,34.99,27.1,66.49,0.0,0.46
1998-09-02,33.95,26.87,66.66,0.01,0.46
1998-09-03,35.41,26.83,65.83,0.0,0.46
1998-09-04,36.28,26.34,65.17,0.0,0.46
1998-09-05,34.58,26.88,68.43,0.0,0.46
1998-09-06,33.41,26.39,72.21,0.01,0.46
1998-09-07,31.64,25.96,73.96,0.0,0.46
1998-09-08,35.29,25.79,66.09,0.0,0.46
1998-09-09,35.83,26.21,66.41,0.0,0.46
1998-09-10,33.37,26.4,70.17,0.03,0.46
1998-09-11,32.44,25.72,74.55,0.0,0.46
1998-09-12,33.37,25.88,70.22,0.0,0.46
1998-09-13,36.57,25.54,63.09,0.0,0.46
1998-09-14,37.67,26.19,64.71,0.0,0.46
1998-09-15,35.84,27.11,65.48,0.0,0.46
1998-09-16,38.1,26.3,62.18,0.0,0.46
1998-09-17,34.53,26.96,64.67,0.01,0.46
1998-09-18,35.55,26.15,64.06,0.0,0.46
1998-09-19,34.75,26.45,65.71,0.0,0.46
1998-09-20,34.6,26.14,64.44,0.0,0.46
1998-09-21,35.13,26.07,64.51,0.0,0.46
1998-09-22,35.75,26.48,63.44,0.0,0.46
1998-09-23,37.39,26.2,60.91,0.0,0.46
1998-09-24,36.17,27.09,64.04,0.0,0.46
1998-09-25,38.39,26.62,59.35,0.0,0.46
1998-09-26,38.05,27.35,58.79,0.0,0.46
1998-09-27,38.86,26.95,62.64,0.0,0.46
1998-09-28,38.62,26.54,57.87,0.0,0.46
1998-09-29,39.19,27.81,53.92,0.0,0.46
1998-09-30,34.53,27.7,60.8,0.0,0.46
1998-10-01,37.63,26.36,60.33,0.01,0.46
1998-10-02,35.9,27.43,58.94,0.0,0.46
1998-10-03,39.04,26.72,52.55,0.0,0.46
1998-10-04,39.79,26.39,48.98,0.0,0.46
1998-10-05,39.91,27.25,48.82,0.0,0.46
1998-10-06,40.33,27.19,51.84,0.0,0.46
1998-10-07,37.12,28.5,56.87,0.0,0.46
1998-10-08,35.28,28.19,63.39,0.02,0.46
1998-10-09,36.94,26.83,61.98,0.01,0.46
1998-10-10,35.64,27.48,65.51,0.02,0.46
1998-10-11,34.21,26.58,68.19,0.01,0.46
1998-10-12,33.92,26.14,69.58,0.26,0.46
1998-10-13,33.85,25.7,72.04,1.67,0.46
1998-10-14,35.15,25.93,67.71,0.0,0.46
1998-10-15,36.37,25.98,64.59,0.05,0.46
1998-10-16,38.02,25.52,64.48,0.66,0.46
1998-10-17,37.62,26.6,64.4,0.0,0.46
1998-10-18,34.3,26.97,67.69,0.0,0.46
1998-10-19,32.51,26.86,70.18,0.23,0.46
1998-10-20,35.6,25.94,65.59,0.0,0.46
1998-10-21,36.11,25.74,63.28,0.0,0.46
1998-10-22,37.64,25.61,61.85,0.0,0.46
1998-10-23,36.41,26.72,62.83,0.0,0.46
1998-10-24,38.53,27.22,55.6,0.0,0.46
1998-10-25,39.61,27.37,53.28,0.0,0.46
1998-10-26,39.42,27.89,53.19,0.0,0.46
1998-10-27,37.88,27.09,55.69,0.0,0.46
1998-10-28,36.3,26.17,60.72,0.0,0.46
1998-10-29,39.23,25.29,55.92,0.02,0.46
1998-10-30,38.35,26.98,52.74,0.24,0.46
1998-10-31,39.27,26.98,52.78,0.0,0.46
1998-11-01,38.12,27.3,53.95,0.0,0.46
1998-11-02,37.93,27.45,53.47,0.0,0.46
1998-11-03,37.64,27.16,55.58,0.01,0.46
1998-11-04,35.47,26.92,57.09,0.0,0.46
1998-11-05,37.73,26.19,53.04,0.0,0.46
1998-11-06,37.49,26.42,53.29,0.0,0.46
1998-11-07,38.86,26.42,47.58,0.0,0.46
1998-11-08,38.6,26.3,46.65,0.0,0.46
1998-11-09,38.04,25.48,48.85,0.0,0.46
1998-11-10,38.22,26.25,49.38,0.0,0.46
1998-11-11,36.63,27.54,49.99,0.0,0.46
1998-11-12,33.98,27.08,52.48,0.0,0.46
1998-11-13,35.67,24.92,47.9,0.0,0.46
1998-11-14,36.98,22.99,50.66,0.0,0.46
1998-11-15,36.83,23.85,53.4,0.0,0.46
1998-11-16,38.86,24.7,54.03,0.0,0.46
1998-11-17,39.07,26.77,53.53,0.0,0.46
1998-11-18,36.86,26.8,56.33,0.0,0.46
1998-11-19,33.93,26.87,62.41,0.07,0.46
1998-11-20,31.75,26.15,71.25,0.01,0.46
1998-11-21,36.31,25.29,63.87,0.12,0.46
1998-11-22,33.69,25.19,62.8,0.12,0.46
1998-11-23,34.02,24.5,58.92,0.0,0.46
1998-11-24,34.74,24.26,57.93,0.0,0.46
1998-11-25,36.61,24.47,56.24,0.0,0.46
1998-11-26,37.54,24.94,57.66,0.0,0.46
1998-11-27,38.4,25.64,58.16,0.01,0.46
1998-11-28,35.88,26.19,60.39,0.0,0.46
1998-11-29,34.83,26.0,63.16,0.01,0.46
1998-11-30,35.04,25.29,63.6,0.0,0.46
1998-12-01,35.32,25.59,64.32,0.0,0.46
1998-12-02,36.2,24.98,64.06,0.0,0.46
1998-12-03,38.02,24.62,53.62,0.0,0.46
1998-12-04,37.84,25.57,51.25,0.16,0.46
1998-12-05,37.27,25.17,52.11,0.0,0.46
1998-12-06,37.34,25.13,53.42,0.0,0.46
1998-12-07,38.28,24.47,49.51,0.0,0.46
1998-12-08,36.67,24.19,54.37,0.0,0.46
1998-12-09,36.68,24.68,51.84,0.0,0.46
1998-12-10,33.88,23.17,50.13,0.0,0.46
1998-12-11,32.27,21.21,45.27,0.0,0.46
1998-12-12,34.24,20.47,44.51,0.0,0.46
1998-12-13,34.26,20.02,38.64,0.0,0.46
1998-12-14,34.36,19.66,42.49,0.0,0.46
1998-12-15,32.75,20.54,46.72,0.0,0.46
1998-12-16,32.3,19.7,47.77,0.0,0.46
1998-12-17,33.8,21.48,49.89,0.0,0.46
1998-12-18,33.92,21.66,54.2,0.0,0.46
1998-12-19,33.15,21.35,56.18,0.02,0.46
1998-12-20,34.79,20.33,46.45,0.01,0.46
1998-12-21,35.15,18.56,46.17,0.0,0.46
1998-12-22,35.69,21.49,50.3,0.0,0.46
1998-12-23,35.68,21.54,55.58,0.0,0.46
1998-12-24,36.33,21.96,51.38,0.0,0.46
1998-12-25,36.07,23.63,52.74,0.0,0.46
1998-12-26,36.3,24.61,53.68,0.0,0.46
1998-12-27,35.85,22.76,55.48,0.0,0.46
1998-12-28,36.69,22.45,53.13,0.0,0.46
1998-12-29,36.36,22.04,52.6,0.0,0.46
1998-12-30,35.59,21.25,55.92,0.0,0.46
1998-12-31,36.15,20.48,54.9,0.0,0.46
1999-01-01,35.84,20.47,55.87,0.0,0.46
1999-01-02,34.61,20.42,57.16,0.0,0.46
1999-01-03,35.18,19.97,47.52,0.0,0.46
1999-01-04,35.29,19.96,47.58,0.0,0.46
1999-01-05,34.62,18.31,52.23,0.0,0.46
1999-01-06,34.67,17.98,53.16,0.0,0.46
1999-01-07,34.53,18.57,56.55,0.0,0.46
1999-01-08,34.31,20.28,58.39,0.0,0.46
1999-01-09,35.14,20.99,56.27,0.0,0.46
1999-01-10,33.31,21.66,58.65,0.0,0.46
1999-01-11,34.64,21.71,50.11,0.0,0.46
1999-01-12,35.59,19.77,42.1,0.0,0.46
1999-01-13,35.72,19.75,47.46,0.0,0.46
1999-01-14,34.9,21.28,55.46,0.0,0.46
1999-01-15,35.41,22.07,56.83,0.0,0.46
1999-01-16,34.91,22.8,56.37,0.0,0.46
1999-01-17,35.75,22.56,53.12,0.0,0.46
1999-01-18,34.76,21.93,56.12,0.0,0.46
1999-01-19,35.51,20.81,55.14,0.0,0.46
1999-01-20,36.3,19.26,45.59,0.0,0.46
1999-01-21,37.24,19.93,47.92,0.0,0.46
1999-01-22,36.64,19.97,50.14,0.0,0.46
1999-01-23,36.47,19.52,47.06,0.0,0.46
1999-01-24,37.3,18.63,43.84,0.0,0.46
1999-01-25,36.84,17.77,44.98,0.0,0.46
1999-01-26,36.08,18.99,54.31,0.0,0.46
1999-01-27,34.14,19.21,51.65,0.0,0.46
1999-01-28,34.87,20.29,55.27,0.02,0.46
1999-01-29,36.32,22.75,55.27,1.33,0.46
1999-01-30,34.56,22.13,48.97,0.0,0.46
1999-01-31,34.46,19.48,50.65,0.0,0.46
1999-02-01,35.3,20.11,49.62,0.01,0.46
1999-02-02,38.03,22.05,48.74,0.0,0.46
1999-02-03,38.02,23.58,52.64,0.0,0.46
1999-02-04,33.08,24.33,62.17,0.0,0.46
1999-02-05,33.97,24.42,62.79,0.0,0.46
1999-02-06,34.95,23.45,62.34,0.0,0.46
1999-02-07,36.45,23.09,53.2,0.0,0.46
1999-02-08,37.01,22.89,50.17,0.0,0.46
1999-02-09,35.94,24.64,51.17,0.0,0.46
1999-02-10,37.32,22.99,56.31,0.0,0.46
1999-02-11,37.66,23.6,54.3,0.0,0.46
1999-02-12,39.06,23.62,51.63,0.0,0.46
1999-02-13,37.27,25.05,53.92,0.0,0.46
1999-02-14,38.13,23.58,54.19,0.0,0.46
1999-02-15,38.59,22.89,47.6,0.0,0.46
1999-02-16,39.03,22.54,47.31,0.0,0.46
1999-02-17,38.69,22.36,46.54,0.0,0.46
1999-02-18,38.4,20.89,46.71,0.0,0.46
1999-02-19,38.01,20.5,50.18,0.0,0.46
1999-02-20,36.72,21.77,49.62,0.0,0.46
1999-02-21,36.25,22.85,51.26,0.04,0.46
1999-02-22,36.25,22.48,49.76,0.0,0.46
1999-02-23,37.04,21.77,49.34,0.0,0.46
1999-02-24,38.62,21.02,45.58,0.0,0.46
1999-02-25,39.61,20.79,48.23,0.0,0.46
1999-02-26,39.38,21.79,48.47,0.0,0.46
1999-02-27,40.89,22.52,49.74,0.01,0.46
1999-02-28,38.51,23.63,55.15,0.55,0.46
1999-03-01,37.45,26.01,54.59,0.03,0.46
1999-03-02,38.19,24.08,50.75,0.0,0.46
1999-03-03,39.15,21.24,49.6,0.0,0.46
1999-03-04,39.95,20.59,48.15,0.0,0.46
1999-03-05,39.04,21.35,54.67,0.0,0.46
1999-03-06,38.29,20.46,53.51,0.0,0.46
1999-03-07,37.48,20.1,57.55,0.0,0.46
1999-03-08,37.35,21.03,61.13,0.0,0.46
1999-03-09,38.13,21.39,58.61,0.0,0.46
1999-03-10,38.77,21.72,58.36,0.0,0.46
1999-03-11,39.49,22.15,55.95,0.0,0.46
1999-03-12,38.39,22.7,61.7,0.0,0.46
1999-03-13,39.21,23.41,56.51,0.0,0.46
1999-03-14,39.51,21.31,58.06,0.0,0.46
1999-03-15,39.23,21.8,60.66,0.0,0.46
1999-03-16,37.99,21.28,57.25,0.0,0.46
1999-03-17,37.49,18.91,53.96,0.0,0.46
1999-03-18,37.32,19.21,62.26,0.0,0.46
1999-03-19,38.91,20.49,62.56,0.0,0.46
1999-03-20,38.52,22.4,60.58,0.0,0.46
1999-03-21,38.14,21.12,59.17,0.0,0.46
1999-03-22,39.33,21.48,56.12,0.0,0.46
1999-03-23,38.77,23.19,55.33,0.01,0.46
1999-03-24,38.75,22.27,51.03,0.01,0.46
1999-03-25,38.96,20.85,53.16,0.0,0.46
1999-03-26,38.76,20.55,57.45,0.0,0.46
1999-03-27,38.61,21.08,59.18,0.0,0.46
1999-03-28,39.2,20.87,58.52,0.0,0.46
1999-03-29,40.31,22.4,58.55,0.0,0.46
1999-03-30,41.16,22.24,55.62,0.0,0.46
1999-03-31,40.49,23.54,53.79,0.0,0.46
1999-04-01,40.85,22.36,56.04,0.0,0.46
1999-04-02,41.13,22.81,55.45,0.0,0.46
1999-04-03,42.05,24.5,52.32,0.07,0.46
1999-04-04,37.18,25.79,55.52,0.09,0.46
1999-04-05,37.55,25.57,69.23,18.83,0.47
1999-04-06,33.13,25.22,75.75,5.73,0.5
1999-04-07,32.69,24.3,77.9,17.39,0.51
1999-04-08,34.55,24.68,71.59,0.0,0.52
1999-04-09,36.43,25.63,66.13,0.0,0.51
1999-04-10,35.21,25.81,66.34,0.0,0.51
1999-04-11,35.95,25.93,63.17,0.0,0.51
1999-04-12,37.3,25.69,58.91,0.0,0.5
1999-04-13,32.52,26.44,69.75,0.0,0.5
1999-04-14,31.55,25.91,72.13,0.07,0.5
1999-04-15,32.87,25.34,75.42,0.03,0.49
1999-04-16,32.44,25.55,75.78,0.02,0.49
1999-04-17,33.18,25.58,76.72,0.0,0.49
1999-04-18,33.33,25.48,73.85,0.0,0.49
1999-04-19,34.23,25.65,70.67,0.0,0.49
1999-04-20,35.76,25.88,67.3,0.0,0.48
1999-04-21,35.53,26.2,67.36,0.0,0.48
1999-04-22,32.99,26.44,70.34,0.0,0.48
1999-04-23,34.33,25.5,70.96,0.0,0.48
1999-04-24,34.24,25.05,65.03,0.0,0.47
1999-04-25,37.55,26.3,60.65,0.0,0.47
1999-04-26,39.99,26.5,59.85,0.0,0.47
1999-04-27,36.64,26.48,64.31,0.0,0.47
1999-04-28,32.84,27.35,66.15,0.0,0.47
1999-04-29,33.05,26.61,66.92,0.0,0.47
1999-04-30,36.52,25.59,63.23,0.0,0.47
1999-05-01,36.12,26.84,60.99,0.0,0.47
1999-05-02,33.12,27.31,71.17,0.06,0.47
1999-05-03,32.68,26.73,70.05,0.0,0.47
1999-05-04,32.67,26.5,70.4,0.0,0.47
1999-05-05,32.51,26.13,69.14,0.01,0.47
1999-05-06,35.4,25.75,62.83,0.0,0.46
1999-05-07,38.11,25.31,57.98,0.0,0.46
1999-05-08,35.01,26.81,66.89,0.0,0.46
1999-05-09,32.37,26.18,69.76,0.0,0.46
1999-05-10,35.96,25.12,60.87,0.01,0.46
1999-05-11,32.15,26.09,70.02,0.03,0.46
1999-05-12,32.92,25.7,69.06,0.0,0.46
1999-05-13,33.74,25.37,64.76,0.0,0.46
1999-05-14,36.97,25.73,58.12,0.0,0.46
1999-05-15,35.31,26.13,63.61,0.0,0.46
1999-05-16,35.78,26.77,62.44,0.0,0.46
1999-05-17,35.53,26.81,65.8,0.0,0.46
1999-05-18,36.07,26.72,63.22,0.0,0.46
1999-05-19,33.68,26.47,65.16,0.0,0.46
1999-05-20,33.15,26.4,67.45,0.04,0.46
1999-05-21,32.43,26.64,71.37,0.01,0.46
1999-05-22,34.07,26.16,67.07,0.0,0.46
1999-05-23,35.97,26.16,60.39,0.0,0.46
1999-05-24,33.03,27.33,69.55,0.01,0.46
1999-05-25,34.05,27.75,69.44,0.03,0.46
1999-05-26,32.31,27.2,72.17,0.02,0.46
1999-05-27,32.81,27.56,68.72,0.01,0.46
1999-05-28,32.64,27.22,72.71,0.01,0.46
1999-05-29,31.98,27.37,73.37,0.0,0.46
1999-05-30,33.47,26.6,65.53,0.02,0.46
1999-05-31,35.2,26.17,61.17,0.0,0.46
1999-06-01,33.11,26.08,68.9,0.0,0.46
1999-06-02,37.61,25.7,62.36,0.0,0.46
1999-06-03,33.95,26.79,65.31,0.01,0.46
1999-06-04,32.71,26.26,68.28,0.0,0.46
1999-06-05,30.89,26.18,75.29,0.0,0.46
1999-06-06,32.34,25.75,71.7,0.0,0.46
1999-06-07,34.46,26.46,68.59,0.08,0.46
1999-06-08,31.75,26.06,75.03,3.64,0.46
1999-06-09,32.69,26.06,77.01,5.19,0.47
1999-06-10,33.36,25.67,70.76,0.01,0.47
1999-06-11,33.38,25.32,69.64,0.02,0.47
1999-06-12,32.86,26.25,69.71,0.0,0.47
1999-06-13,35.21,26.38,66.37,0.0,0.47
1999-06-14,34.41,26.48,67.81,0.0,0.47
1999-06-15,33.39,26.24,68.78,0.0,0.47
1999-06-16,33.41,25.98,69.85,0.03,0.47
1999-06-17,32.79,26.02,67.6,0.0,0.47
1999-06-18,34.82,25.48,67.57,0.0,0.47
1999-06-19,31.77,26.28,71.67,0.01,0.47
1999-06-20,33.36,25.76,70.77,0.0,0.46
1999-06-21,33.23,26.3,74.32,0.0,0.46
1999-06-22,30.63,26.36,76.62,0.02,0.46
1999-06-23,31.69,25.97,73.4,0.07,0.46
1999-06-24,31.52,25.78,71.73,0.0,0.46
1999-06-25,31.69,24.64,70.7,0.0,0.46
1999-06-26,31.35,25.95,74.57,0.0,0.46
1999-06-27,34.14,25.58,66.76,0.02,0.46
1999-06-28,34.71,25.67,67.86,0.0,0.46
1999-06-29,34.4,25.7,69.39,0.0,0.46
1999-06-30,35.39,26.26,68.56,0.0,0.46
1999-07-01,33.08,26.64,70.88,0.0,0.46
1999-07-02,31.23,25.9,76.34,0.0,0.46
1999-07-03,32.65,25.48,75.82,0.0,0.46
1999-07-04,32.99,25.44,69.44,0.0,0.46
1999-07-05,34.17,25.41,66.97,0.01,0.46
1999-07-06,32.72,25.9,67.5,0.01,0.46
1999-07-07,36.92,25.63,62.07,0.01,0.46
1999-07-08,36.27,26.46,64.73,0.0,0.46
1999-07-09,34.4,26.51,67.38,0.0,0.46
1999-07-10,31.83,26.49,71.64,0.01,0.46
1999-07-11,35.4,25.63,66.71,0.01,0.46
1999-07-12,33.14,26.39,66.24,0.01,0.46
1999-07-13,33.88,25.99,67.96,0.0,0.46
1999-07-14,33.07,26.12,69.89,0.0,0.46
1999-07-15,34.31,26.73,69.74,0.02,0.46
1999-07-16,31.94,26.68,74.33,0.0,0.46
1999-07-17,33.02,26.26,71.82,0.0,0.46
1999-07-18,33.23,26.13,71.13,0.0,0.46
1999-07-19,35.02,25.3,70.27,0.0,0.46
1999-07-20,33.48,26.55,69.84,0.0,0.46
1999-07-21,34.53,25.75,67.3,0.0,0.46
1999-07-22,33.22,26.98,69.62,0.0,0.46
1999-07-23,32.86,26.07,72.54,0.0,0.46
1999-07-24,31.59,26.62,74.08,0.03,0.46
1999-07-25,30.39,26.35,75.67,0.04,0.46
1999-07-26,33.33,26.54,68.68,0.03,0.46
1999-07-27,35.4,26.4,66.49,0.03,0.46
1999-07-28,35.22,26.85,66.26,0.01,0.46
1999-07-29,34.99,26.7,68.09,0.03,0.46
1999-07-30,33.53,26.54,73.8,0.0,0.46
1999-07-31,34.45,26.34,71.9,0.0,0.46
1999-08-01,31.94,25.89,73.0,0.01,0.46
1999-08-02,31.3,25.74,73.88,0.02,0.46
1999-08-03,32.02,25.6,72.48,0.04,0.46
1999-08-04,33.52,26.48,68.33,0.02,0.46
1999-08-05,33.73,26.29,70.46,0.06,0.46
1999-08-06,30.2,26.52,71.33,0.07,0.46
1999-08-07,32.13,26.52,70.42,0.04,0.46
1999-08-08,32.17,26.43,72.85,0.01,0.46
1999-08-09,33.01,25.87,69.76,0.0,0.46
1999-08-10,33.43,25.5,72.16,0.01,0.46
1999-08-11,33.86,25.74,69.08,0.02,0.46
1999-08-12,32.14,25.86,71.18,0.01,0.46
1999-08-13,34.13,25.6,66.75,0.01,0.46
1999-08-14,32.53,25.8,72.02,0.02,0.46
1999-08-15,32.6,25.31,71.75,0.0,0.46
1999-08-16,32.28,25.51,70.79,0.0,0.46
1999-08-17,32.82,24.84,68.2,0.02,0.46
1999-08-18,32.78,25.41,71.37,0.0,0.46
1999-08-19,36.46,25.31,64.13,0.01,0.46
1999-08-20,35.49,26.21,65.41,0.0,0.46
1999-08-21,34.61,25.85,65.2,0.0,0.46
1999-08-22,37.25,25.67,63.32,0.03,0.46
1999-08-23,35.19,27.35,62.05,0.0,0.46
1999-08-24,33.8,27.14,65.56,0.01,0.46
1999-08-25,33.56,26.33,71.21,0.0,0.46
1999-08-26,32.78,25.99,70.15,0.0,0.46
1999-08-27,32.01,25.89,69.37,0.0,0.46
1999-08-28,33.88,25.52,67.35,0.0,0.46
1999-08-29,33.03,26.03,68.89,0.06,0.46
1999-08-30,33.87,25.63,70.69,0.53,0.46
1999-08-31,31.0,26.11,73.1,0.0,0.46
1999-09-01,32.56,25.17,71.9,0.0,0.46
1999-09-02,32.31,25.4,70.76,0.0,0.46
1999-09-03,34.59,25.51,66.91,0.0,0.46
1999-09-04,35.76,26.1,65.55,0.0,0.46
1999-09-05,33.78,26.34,70.21,0.02,0.46
1999-09-06,34.42,26.13,69.86,0.0,0.46
1999-09-07,30.25,25.69,76.69,0.0,0.46
1999-09-08,33.74,25.37,68.42,0.0,0.46
1999-09-09,34.12,25.77,67.41,0.0,0.46
1999-09-10,33.16,26.36,71.18,0.01,0.46
1999-09-11,34.39,25.55,69.06,0.02,0.46
1999-09-12,34.25,25.95,67.27,0.0,0.46
1999-09-13,34.63,26.03,68.75,0.0,0.46
1999-09-14,34.4,26.31,71.63,0.0,0.46
1999-09-15,33.35,26.66,71.53,0.02,0.46
1999-09-16,33.09,26.54,71.62,0.03,0.46
1999-09-17,34.06,25.95,67.83,0.0,0.46
1999-09-18,35.81,25.5,61.29,0.0,0.46
1999-09-19,36.76,25.51,62.9,0.0,0.46
1999-09-20,36.81,25.75,63.5,0.01,0.46
1999-09-21,37.0,25.61,63.59,0.0,0.46
1999-09-22,38.68,24.77,62.36,0.0,0.46
1999-09-23,39.14,25.94,60.09,0.0,0.46
1999-09-24,39.24,25.81,60.82,0.01,0.46
1999-09-25,33.0,27.14,70.86,0.0,0.46
1999-09-26,31.5,26.51,72.18,0.0,0.46
1999-09-27,36.3,25.14,61.58,0.0,0.46
1999-09-28,35.26,26.3,62.11,0.01,0.46
1999-09-29,36.34,26.54,60.22,0.0,0.46
1999-09-30,36.17,25.81,58.91,0.0,0.46
1999-10-01,31.91,26.34,67.03,0.01,0.46
1999-10-02,34.29,25.21,64.16,0.02,0.46
1999-10-03,31.33,25.74,72.9,0.01,0.46
1999-10-04,34.18,24.59,65.56,0.0,0.46
1999-10-05,36.35,25.78,59.85,0.01,0.46
1999-10-06,36.14,25.99,61.06,0.0,0.46
1999-10-07,37.31,25.98,64.33,0.04,0.46
1999-10-08,38.13,25.5,64.91,0.0,0.46
1999-10-09,35.37,26.01,68.89,0.0,0.46
1999-10-10,35.39,25.69,68.08,0.0,0.46
1999-10-11,33.57,25.98,69.15,0.04,0.46
1999-10-12,34.28,25.29,68.31,0.0,0.46
1999-10-13,34.54,24.84,67.92,0.01,0.46
1999-10-14,36.45,26.01,60.69,0.01,0.46
1999-10-15,31.55,26.01,67.46,0.01,0.46
1999-10-16,31.84,25.68,74.02,0.03,0.46
1999-10-17,29.63,25.5,79.52,0.05,0.46
1999-10-18,29.43,24.91,77.74,0.0,0.46
1999-10-19,35.23,23.97,63.73,0.0,0.46
1999-10-20,38.42,23.84,55.86,0.0,0.46
1999-10-21,35.88,24.93,63.0,0.0,0.46
1999-10-22,35.05,25.33,63.92,0.0,0.46
1999-10-23,38.06,25.35,59.86,0.0,0.46
1999-10-24,35.58,26.41,61.14,0.0,0.46
1999-10-25,36.89,27.0,51.69,0.01,0.46
1999-10-26,31.1,27.88,66.64,0.02,0.46
1999-10-27,31.97,27.11,73.47,0.03,0.46
1999-10-28,31.59,26.43,74.34,0.01,0.46
1999-10-29,32.93,25.5,74.29,0.16,0.46
1999-10-30,33.16,24.85,68.3,0.02,0.46
1999-10-31,33.26,25.36,66.3,0.02,0.46
1999-11-01,35.29,24.96,64.97,0.03,0.46
1999-11-02,32.11,25.96,69.44,0.05,0.46
1999-11-03,36.11,24.61,56.15,0.0,0.46
1999-11-04,35.01,24.6,57.76,0.0,0.46
1999-11-05,36.86,25.54,55.1,0.0,0.46
1999-11-06,36.21,26.22,58.33,0.0,0.46
1999-11-07,35.66,26.6,62.79,0.0,0.46
1999-11-08,34.8,26.32,63.51,0.0,0.46
1999-11-09,32.93,26.25,64.67,0.0,0.46
1999-11-10,37.19,25.8,55.51,0.0,0.46
1999-11-11,36.37,25.83,52.86,0.0,0.46
1999-11-12,37.0,25.98,54.41,0.0,0.46
1999-11-13,37.2,24.9,55.58,0.0,0.46
1999-11-14,37.45,24.99,56.69,0.01,0.46
1999-11-15,38.58,24.91,51.93,0.01,0.46
1999-11-16,34.04,25.89,58.79,0.01,0.46
1999-11-17,36.31,24.44,52.44,0.0,0.46
1999-11-18,36.6,22.88,50.48,0.0,0.46
1999-11-19,35.53,22.33,49.95,0.0,0.46
1999-11-20,35.23,23.24,49.21,0.0,0.46
1999-11-21,35.55,21.92,48.25,0.0,0.46
1999-11-22,35.59,21.33,49.56,0.0,0.46
1999-11-23,36.15,22.02,49.43,0.0,0.46
1999-11-24,37.14,23.52,51.38,0.0,0.46
1999-11-25,37.39,24.35,53.57,0.0,0.46
1999-11-26,37.75,24.89,53.08,0.0,0.46
1999-11-27,36.97,24.89,56.96,0.0,0.46
1999-11-28,37.57,24.03,56.56,0.0,0.46
1999-11-29,37.23,24.32,52.04,0.0,0.46
1999-11-30,36.25,24.61,52.01,0.0,0.46
1999-12-01,35.31,22.36,50.5,0.0,0.46
1999-12-02,35.45,21.48,50.98,0.0,0.46
1999-12-03,35.65,20.77,46.45,0.0,0.46
1999-12-04,35.08,20.97,56.41,0.04,0.46
1999-12-05,34.76,23.68,57.55,0.77,0.46
1999-12-06,30.88,21.73,70.91,1.1,0.46
1999-12-07,31.99,20.79,62.8,0.05,0.46
1999-12-08,34.33,22.45,55.63,0.0,0.46
1999-12-09,33.53,23.02,51.18,0.0,0.46
1999-12-10,35.14,21.05,52.63,0.0,0.46
1999-12-11,35.18,21.42,51.74,0.0,0.46
1999-12-12,35.86,21.71,51.83,0.0,0.46
1999-12-13,35.77,24.06,55.2,0.0,0.46
1999-12-14,36.72,23.76,52.71,0.0,0.46
1999-12-15,36.21,22.97,50.21,0.0,0.46
1999-12-16,35.64,21.83,50.35,0.0,0.46
1999-12-17,35.31,19.71,45.36,0.0,0.46
1999-12-18,35.49,18.67,49.34,0.0,0.46
1999-12-19,33.95,20.83,50.82,0.0,0.46
1999-12-20,32.56,18.94,50.06,0.0,0.46
1999-12-21,31.99,17.53,49.16,0.0,0.46
1999-12-22,29.66,17.67,44.84,0.0,0.46
1999-12-23,28.16,15.13,43.18,0.0,0.46
1999-12-24,27.82,13.67,43.79,0.0,0.46
1999-12-25,28.23,12.09,40.66,0.0,0.46
1999-12-26,28.8,12.61,42.27,0.0,0.46
1999-12-27,29.67,13.08,42.32,0.0,0.46
1999-12-28,30.28,13.06,42.12,0.0,0.46
1999-12-29,32.21,13.76,41.18,0.0,0.46
1999-12-30,33.37,14.91,51.56,0.0,0.46
1999-12-31,34.68,17.04,57.26,0.0,0.46
2000-01-01,36.04,20.15,57.7,0.0,0.46
2000-01-02,36.62,20.95,53.22,0.0,0.46
2000-01-03,36.55,20.96,55.26,0.0,0.46
2000-01-04,36.12,21.38,55.33,0.0,0.46
2000-01-05,36.49,21.11,54.65,0.0,0.46
2000-01-06,33.31,20.72,62.45,0.0,0.46
2000-01-07,34.49,21.13,63.58,0.0,0.46
2000-01-08,35.06,21.11,52.58,0.0,0.46
2000-01-09,34.99,20.01,51.33,0.0,0.46
2000-01-10,35.47,17.86,49.38,0.0,0.46
2000-01-11,36.96,17.6,50.89,0.0,0.46
2000-01-12,36.89,17.62,50.55,0.0,0.46
2000-01-13,36.9,17.88,54.78,0.0,0.46
2000-01-14,36.34,17.47,56.02,0.0,0.46
2000-01-15,35.94,16.78,59.61,0.0,0.46
2000-01-16,35.79,17.07,55.07,0.0,0.46
2000-01-17,36.3,18.08,58.57,0.0,0.46
2000-01-18,35.63,18.88,58.16,0.0,0.46
2000-01-19,34.54,16.67,54.69,0.0,0.46
2000-01-20,32.89,16.5,53.8,0.0,0.46
2000-01-21,33.55,17.88,53.83,0.0,0.46
2000-01-22,34.22,18.22,51.07,0.0,0.46
2000-01-23,33.95,18.33,47.94,0.0,0.46
2000-01-24,33.92,15.91,51.55,0.0,0.46
2000-01-25,35.06,17.28,52.42,0.0,0.46
2000-01-26,37.01,17.78,54.07,0.0,0.46
2000-01-27,35.03,21.75,52.07,0.0,0.46
2000-01-28,35.07,22.1,50.71,0.0,0.46
2000-01-29,34.29,21.69,55.94,0.0,0.46
2000-01-30,33.12,19.94,57.95,0.0,0.46
2000-01-31,34.47,18.86,45.49,0.0,0.46
2000-02-01,34.6,20.1,51.96,0.0,0.46
2000-02-02,34.9,20.71,53.52,0.0,0.46
2000-02-03,34.28,20.9,58.87,0.0,0.46
2000-02-04,34.71,18.59,58.43,0.0,0.46
2000-02-05,35.61,17.94,57.14,0.0,0.46
2000-02-06,36.08,17.98,56.43,0.0,0.46
2000-02-07,34.82,17.77,59.28,0.0,0.46
2000-02-08,34.4,17.49,58.1,0.0,0.46
2000-02-09,33.96,18.49,58.8,0.0,0.46
2000-02-10,34.58,17.68,57.53,0.0,0.46
2000-02-11,35.23,18.8,51.36,0.0,0.46
2000-02-12,34.45,17.82,56.93,0.0,0.46
2000-02-13,37.06,17.46,57.68,0.0,0.46
2000-02-14,38.43,20.46,55.17,0.0,0.46
2000-02-15,38.99,22.65,54.02,0.0,0.46
2000-02-16,38.27,23.46,49.29,0.0,0.46
2000-02-17,35.24,21.53,50.45,0.0,0.46
2000-02-18,35.99,22.91,53.03,0.02,0.46
2000-02-19,33.49,22.52,59.48,0.0,0.46
2000-02-20,35.79,21.16,53.31,0.0,0.46
2000-02-21,37.57,21.94,40.35,0.0,0.46
2000-02-22,38.67,20.88,42.12,0.0,0.46
2000-02-23,38.69,21.19,45.1,0.0,0.46
2000-02-24,38.89,21.32,46.97,0.0,0.46
2000-02-25,38.06,21.12,48.88,0.0,0.46
2000-02-26,38.24,21.8,52.01,0.01,0.46
2000-02-27,37.22,22.84,52.4,0.01,0.46
2000-02-28,36.39,22.88,50.84,0.0,0.46
2000-02-29,36.4,19.53,42.08,0.0,0.46
2000-03-01,35.97,18.94,47.56,0.0,0.46
2000-03-02,37.85,18.07,46.75,0.0,0.46
2000-03-03,38.15,19.27,49.04,0.0,0.46
2000-03-04,36.87,21.05,48.93,0.0,0.46
2000-03-05,38.36,20.17,46.01,0.0,0.46
2000-03-06,37.84,18.74,51.05,0.0,0.46
2000-03-07,38.47,18.34,55.41,0.0,0.46
2000-03-08,36.86,20.06,60.8,0.0,0.46
2000-03-09,35.96,18.81,54.62,0.0,0.46
2000-03-10,36.23,18.7,61.49,0.0,0.46
2000-03-11,35.34,20.32,63.07,0.0,0.46
2000-03-12,36.36,20.19,60.7,0.0,0.46
2000-03-13,36.5,19.05,60.89,0.0,0.46
2000-03-14,37.87,19.6,59.44,0.0,0.46
2000-03-15,37.97,20.19,60.02,0.0,0.46
2000-03-16,37.09,20.11,59.5,0.0,0.46
2000-03-17,36.11,19.77,60.6,0.0,0.46
2000-03-18,37.33,19.14,55.44,0.0,0.46
2000-03-19,39.47,19.94,54.9,0.0,0.46
2000-03-20,38.04,21.42,55.65,0.0,0.46
2000-03-21,39.45,20.72,51.64,0.0,0.46
2000-03-22,40.0,21.25,51.96,0.0,0.46
2000-03-23,41.51,22.44,43.96,0.0,0.46
2000-03-24,41.39,23.43,46.15,0.11,0.46
2000-03-25,35.9,26.04,51.25,0.0,0.46
2000-03-26,30.79,25.45,65.6,0.01,0.46
2000-03-27,32.15,24.21,63.33,0.0,0.46
2000-03-28,31.13,24.58,60.64,0.0,0.46
2000-03-29,33.24,23.77,64.09,0.0,0.46
2000-03-30,34.95,24.09,60.33,0.0,0.46
2000-03-31,37.26,25.34,55.75,0.0,0.46
2000-04-01,39.16,24.34,60.32,0.0,0.46
2000-04-02,39.54,23.81,58.54,0.0,0.46
2000-04-03,39.8,22.6,62.39,0.0,0.46
2000-04-04,40.4,22.93,61.05,0.0,0.46
2000-04-05,40.68,22.87,61.13,0.0,0.46
2000-04-06,40.6,23.34,59.57,0.0,0.46
2000-04-07,40.19,23.18,59.37,0.0,0.46
2000-04-08,41.24,22.93,57.71,0.0,0.46
2000-04-09,41.36,23.48,59.72,0.0,0.46
2000-04-10,41.37,23.41,57.68,0.02,0.46
2000-04-11,34.27,25.49,61.36,0.0,0.46
2000-04-12,30.74,25.93,68.23,0.01,0.46
2000-04-13,37.31,24.91,58.34,0.0,0.46
2000-04-14,38.74,24.98,57.8,0.0,0.46
2000-04-15,40.49,23.71,52.98,0.0,0.46
2000-04-16,39.11,24.23,51.93,0.0,0.46
2000-04-17,39.18,26.91,47.93,0.0,0.46
2000-04-18,39.2,26.74,51.83,0.0,0.46
2000-04-19,39.43,26.65,57.49,0.04,0.46
2000-04-20,39.06,26.51,59.83,0.16,0.46
2000-04-21,40.77,26.41,56.84,0.0,0.46
2000-04-22,40.55,25.75,54.71,0.02,0.46
2000-04-23,39.78,26.58,55.83,0.0,0.46
2000-04-24,39.02,27.29,57.26,0.0,0.46
2000-04-25,37.39,26.69,56.32,0.0,0.46
2000-04-26,35.24,26.8,54.51,0.0,0.46
2000-04-27,38.31,27.03,54.02,0.06,0.46
2000-04-28,37.01,27.28,60.99,1.74,0.46
2000-04-29,34.02,26.47,72.96,11.12,0.47
2000-04-30,32.05,25.7,79.51,1.86,0.48
2000-05-01,33.04,25.62,73.65,0.0,0.48
2000-05-02,33.8,25.42,66.93,0.0,0.47
2000-05-03,32.91,25.52,71.83,0.01,0.47
2000-05-04,33.62,24.91,68.09,0.0,0.47
2000-05-05,35.49,25.18,63.92,0.0,0.47
2000-05-06,36.1,25.96,62.54,0.0,0.47
2000-05-07,35.5,26.42,61.52,0.0,0.47
2000-05-08,34.48,26.01,68.4,0.0,0.47
2000-05-09,39.08,26.22,62.18,0.0,0.47
2000-05-10,39.46,26.24,61.32,0.01,0.46
2000-05-11,39.15,26.83,60.58,0.03,0.46
2000-05-12,38.33,26.86,63.27,0.01,0.46
2000-05-13,34.21,27.31,64.65,0.0,0.46
2000-05-14,34.74,26.41,63.92,0.01,0.46
2000-05-15,34.02,27.19,69.44,0.01,0.46
2000-05-16,34.09,27.25,67.95,0.0,0.46
2000-05-17,37.47,26.24,63.77,0.0,0.46
2000-05-18,32.06,27.18,71.12,0.01,0.46
2000-05-19,34.73,26.34,68.41,0.02,0.46
2000-05-20,32.45,26.19,72.29,0.01,0.46
2000-05-21,35.38,25.62,67.16,0.0,0.46
2000-05-22,35.57,25.5,61.42,0.01,0.46
2000-05-23,38.36,26.85,59.68,0.0,0.46
2000-05-24,36.06,27.37,62.94,0.0,0.46
2000-05-25,36.81,27.32,63.46,0.01,0.46
2000-05-26,35.72,26.9,65.32,0.01,0.46
2000-05-27,37.5,26.47,65.0,0.01,0.46
2000-05-28,34.35,26.88,70.26,0.33,0.46
2000-05-29,34.13,26.88,72.36,3.09,0.46
2000-05-30,34.86,26.23,68.44,0.0,0.47
2000-05-31,32.94,26.34,70.17,0.06,0.47
2000-06-01,34.86,26.3,64.14,0.0,0.47
2000-06-02,33.29,27.02,69.88,0.0,0.47
2000-06-03,34.22,26.98,73.01,0.01,0.47
2000-06-04,32.76,27.03,70.56,0.01,0.46
2000-06-05,33.11,27.19,71.69,0.0,0.46
2000-06-06,35.11,26.47,64.0,0.0,0.46
2000-06-07,34.25,26.63,66.39,0.0,0.46
2000-06-08,34.76,26.2,68.07,0.0,0.46
2000-06-09,33.29,26.93,70.07,0.0,0.46
2000-06-10,31.53,27.06,71.97,0.0,0.46
2000-06-11,34.29,26.02,65.98,0.0,0.46
2000-06-12,32.66,26.86,69.32,0.01,0.46
2000-06-13,34.8,26.07,67.17,0.02,0.46
2000-06-14,34.38,26.58,71.22,0.01,0.46
2000-06-15,34.46,26.86,67.68,0.02,0.46
2000-06-16,35.18,26.55,66.44,0.01,0.46
2000-06-17,34.2,26.28,64.95,0.02,0.46
2000-06-18,36.55,26.25,61.65,0.0,0.46
2000-06-19,35.83,26.66,61.47,0.0,0.46
2000-06-20,34.21,26.69,62.94,0.0,0.46
2000-06-21,36.34,26.84,59.24,0.05,0.46
2000-06-22,36.46,26.52,60.42,0.01,0.46
2000-06-23,33.9,26.89,64.96,0.0,0.46
2000-06-24,32.85,26.77,70.21,0.0,0.46
2000-06-25,35.1,26.55,63.6,0.01,0.46
2000-06-26,33.36,26.29,66.51,0.0,0.46
2000-06-27,31.17,26.17,69.36,0.0,0.46
2000-06-28,33.64,25.81,66.39,0.01,0.46
2000-06-29,36.27,25.94,62.17,0.0,0.46
2000-06-30,33.38,26.74,68.45,0.03,0.46
2000-07-01,34.89,26.39,63.4,0.0,0.46
2000-07-02,38.15,26.6,59.1,0.0,0.46
2000-07-03,36.92,26.98,57.88,0.0,0.46
2000-07-04,33.66,27.84,64.23,0.0,0.46
2000-07-05,35.26,27.64,71.17,0.0,0.46
2000-07-06,32.57,26.91,72.64,0.34,0.46
2000-07-07,32.42,26.19,75.07,6.28,0.47
2000-07-08,31.14,26.1,79.28,3.37,0.48
2000-07-09,30.89,25.65,82.05,3.04,0.48
2000-07-10,31.53,26.29,82.39,5.23,0.48
2000-07-11,32.02,26.31,76.59,0.99,0.49
2000-07-12,30.79,25.54,80.2,5.28,0.49
2000-07-13,31.21,25.07,78.46,2.7,0.49
2000-07-14,33.83,25.04,72.97,0.0,0.49
2000-07-15,33.32,26.73,72.53,0.02,0.49
2000-07-16,32.59,26.42,74.32,0.02,0.49
2000-07-17,30.92,26.33,74.58,0.02,0.48
2000-07-18,33.29,26.24,73.49,0.01,0.48
2000-07-19,31.8,26.17,75.34,0.01,0.48
2000-07-20,31.71,25.48,74.56,0.05,0.48
2000-07-21,34.03,25.63,70.96,0.01,0.48
2000-07-22,33.46,25.42,72.75,0.01,0.48
2000-07-23,33.7,26.06,69.13,0.0,0.47
2000-07-24,33.5,26.12,72.26,0.0,0.47
2000-07-25,33.6,25.35,71.94,0.0,0.47
2000-07-26,33.13,25.47,69.54,0.01,0.47
2000-07-27,34.93,25.14,68.34,0.0,0.47
2000-07-28,35.11,25.67,67.68,0.0,0.47
2000-07-29,35.25,26.86,64.56,0.0,0.47
2000-07-30,35.07,26.66,65.94,0.0,0.47
2000-07-31,35.2,26.19,60.68,0.0,0.47
2000-08-01,33.93,26.07,66.55,0.0,0.46
2000-08-02,32.45,26.3,70.62,0.01,0.46
2000-08-03,34.2,26.14,67.65,0.0,0.46
2000-08-04,34.93,25.84,67.95,0.01,0.46
2000-08-05,34.17,25.97,69.2,0.0,0.46
2000-08-06,33.04,26.63,69.99,0.0,0.46
2000-08-07,33.95,26.02,68.04,0.01,0.46
2000-08-08,32.88,26.15,68.74,0.01,0.46
2000-08-09,33.86,26.05,67.93,0.02,0.46
2000-08-10,32.58,26.03,70.86,0.0,0.46
2000-08-11,32.89,25.33,68.4,0.0,0.46
2000-08-12,36.07,25.68,65.66,0.01,0.46
2000-08-13,33.24,25.92,70.88,0.01,0.46
2000-08-14,33.5,25.61,67.41,0.0,0.46
2000-08-15,33.75,25.39,66.85,0.0,0.46
2000-08-16,34.48,25.61,68.61,0.0,0.46
2000-08-17,31.59,25.77,75.26,0.0,0.46
2000-08-18,34.09,26.25,70.39,0.02,0.46
2000-08-19,33.05,26.47,68.67,0.0,0.46
2000-08-20,33.55,25.53,67.69,0.0,0.46
2000-08-21,36.22,25.0,63.39,0.0,0.46
2000-08-22,33.5,26.38,67.83,0.09,0.46
2000-08-23,34.63,25.89,70.49,0.48,0.46
2000-08-24,36.1,25.72,69.75,0.29,0.46
2000-08-25,34.21,26.11,70.41,0.0,0.46
2000-08-26,35.98,25.86,68.25,0.04,0.46
2000-08-27,32.17,26.02,75.58,0.4,0.46
2000-08-28,32.3,26.06,73.6,0.45,0.46
2000-08-29,31.78,25.91,73.2,0.44,0.46
2000-08-30,33.44,26.15,70.78,0.43,0.46
2000-08-31,34.14,26.19,71.59,0.42,0.46
2000-09-01,31.36,26.35,75.42,0.12,0.46
2000-09-02,33.61,25.91,70.62,0.28,0.46
2000-09-03,35.06,25.81,67.3,0.41,0.46
2000-09-04,32.28,25.74,72.61,0.55,0.46
2000-09-05,30.85,25.83,75.66,0.31,0.46
2000-09-06,31.88,25.16,70.3,0.35,0.46
2000-09-07,35.04,24.72,65.99,0.08,0.46
2000-09-08,37.18,25.61,64.64,0.0,0.46
2000-09-09,33.35,26.0,69.73,0.05,0.46
2000-09-10,33.07,26.05,72.32,0.5,0.46
2000-09-11,32.76,26.24,74.39,0.56,0.46
2000-09-12,31.3,26.32,76.41,0.13,0.46
2000-09-13,32.57,25.58,72.73,0.01,0.46
2000-09-14,33.59,25.42,69.22,0.2,0.46
2000-09-15,35.17,25.4,68.89,0.11,0.46
2000-09-16,33.53,26.4,69.47,0.0,0.46
2000-09-17,37.79,25.59,61.38,0.0,0.46
2000-09-18,39.55,24.91,54.5,0.0,0.46
2000-09-19,39.44,25.85,56.29,0.0,0.46
2000-09-20,39.63,26.28,55.64,0.0,0.46
2000-09-21,36.3,26.98,59.52,0.06,0.46
2000-09-22,36.76,26.56,58.81,0.0,0.46
2000-09-23,35.71,26.68,60.59,0.0,0.46
2000-09-24,36.61,26.05,60.82,0.01,0.46
2000-09-25,35.91,25.96,62.04,0.0,0.46
2000-09-26,35.66,26.04,63.31,0.01,0.46
2000-09-27,33.05,26.14,70.99,0.01,0.46
2000-09-28,33.36,25.8,69.47,0.24,0.46
2000-09-29,32.73,25.95,73.36,1.39,0.46
2000-09-30,31.07,25.33,79.1,0.31,0.46
2000-10-01,31.03,25.67,73.42,0.44,0.46
2000-10-02,36.39,24.88,63.72,0.0,0.46
2000-10-03,38.51,24.57,59.85,0.01,0.46
2000-10-04,37.62,26.06,58.13,0.05,0.46
2000-10-05,34.26,26.87,62.45,0.04,0.46
2000-10-06,35.58,26.17,62.1,0.03,0.46
2000-10-07,34.96,25.44,63.98,0.04,0.46
2000-10-08,34.67,26.27,64.5,0.0,0.46
2000-10-09,34.79,25.99,64.94,0.02,0.46
2000-10-10,32.41,25.68,65.89,0.02,0.46
2000-10-11,35.97,26.01,65.05,0.0,0.46
2000-10-12,35.92,25.83,68.78,0.03,0.46
2000-10-13,33.02,25.99,74.02,0.0,0.46
2000-10-14,33.25,26.03,76.39,0.0,0.46
2000-10-15,32.41,26.17,74.06,0.0,0.46
2000-10-16,33.0,26.17,76.54,0.02,0.46
2000-10-17,36.8,25.44,66.03,0.0,0.46
2000-10-18,35.51,25.66,64.0,0.03,0.46
2000-10-19,37.11,25.85,64.85,0.03,0.46
2000-10-20,33.91,26.57,68.17,0.0,0.46
2000-10-21,35.86,26.43,64.83,0.0,0.46
2000-10-22,35.97,26.59,62.68,0.05,0.46
2000-10-23,34.32,26.24,62.4,0.0,0.46
2000-10-24,32.5,26.4,68.76,0.0,0.46
2000-10-25,30.71,25.68,75.48,0.0,0.46
2000-10-26,33.44,25.37,70.24,0.0,0.46
2000-10-27,34.65,24.46,68.11,0.0,0.46
2000-10-28,33.51,24.62,68.99,0.35,0.46
2000-10-29,35.43,24.56,71.56,6.48,0.47
2000-10-30,33.62,24.98,73.2,0.12,0.47
2000-10-31,35.45,25.08,64.91,0.0,0.47
2000-11-01,36.28,24.79,57.26,0.0,0.47
2000-11-02,35.79,21.14,56.42,0.0,0.47
2000-11-03,35.78,19.66,53.07,0.0,0.47
2000-11-04,36.13,19.53,54.48,0.0,0.46
2000-11-05,36.38,20.17,48.15,0.0,0.46
2000-11-06,36.54,22.16,52.48,0.0,0.46
2000-11-07,36.79,23.05,50.68,0.0,0.46
2000-11-08,37.77,22.5,52.49,1.65,0.46
2000-11-09,37.0,22.74,62.95,8.6,0.47
2000-11-10,35.0,22.93,66.71,0.0,0.48
2000-11-11,35.25,23.08,61.18,0.0,0.48
2000-11-12,36.0,21.99,54.21,0.0,0.47
2000-11-13,36.04,22.68,54.07,0.0,0.47
2000-11-14,36.13,22.04,56.16,0.0,0.47
2000-11-15,37.16,22.57,56.99,0.0,0.47
2000-11-16,37.28,23.58,57.04,0.0,0.47
2000-11-17,37.33,23.94,53.13,0.0,0.46
2000-11-18,35.63,24.27,55.28,0.0,0.46
2000-11-19,36.56,23.88,58.66,0.0,0.46
2000-11-20,37.93,24.89,52.59,0.0,0.46
2000-11-21,37.49,24.9,53.95,0.0,0.46
2000-11-22,36.4,23.41,52.44,0.0,0.46
2000-11-23,36.54,22.87,51.77,0.0,0.46
2000-11-24,36.48,22.55,47.4,0.0,0.46
2000-11-25,37.28,22.03,47.18,0.0,0.46
2000-11-26,35.59,23.95,51.62,0.0,0.46
2000-11-27,32.78,25.72,66.58,0.0,0.46
2000-11-28,32.08,25.84,66.18,0.0,0.46
2000-11-29,32.9,25.35,65.88,0.0,0.46
2000-11-30,37.13,24.0,58.01,0.0,0.46
2000-12-01,36.52,24.54,61.63,0.0,0.46
2000-12-02,35.68,23.52,61.33,0.0,0.46
2000-12-03,36.44,23.52,57.3,0.0,0.46
2000-12-04,35.31,23.47,59.13,0.0,0.46
2000-12-05,34.3,21.71,64.06,0.0,0.46
2000-12-06,34.49,20.52,61.37,0.0,0.46
2000-12-07,34.85,20.59,57.41,0.0,0.46
2000-12-08,35.52,20.69,50.82,0.0,0.46
2000-12-09,35.35,21.07,51.41,0.0,0.46
2000-12-10,35.92,20.31,53.13,0.0,0.46
2000-12-11,34.72,21.79,50.16,0.0,0.46
2000-12-12,36.43,22.37,46.75,0.0,0.46
2000-12-13,36.17,21.1,48.05,0.0,0.46
2000-12-14,35.63,19.86,51.9,0.0,0.46
2000-12-15,34.73,19.07,52.83,0.0,0.46
2000-12-16,35.54,19.44,51.35,0.0,0.46
2000-12-17,36.16,18.88,46.6,0.0,0.46
2000-12-18,35.66,18.83,59.89,0.0,0.46
2000-12-19,34.52,19.83,60.81,0.0,0.46
2000-12-20,36.29,18.65,51.43,0.0,0.46
2000-12-21,37.64,20.42,50.19,0.0,0.46
2000-12-22,36.9,21.01,46.73,0.0,0.46
2000-12-23,36.03,18.91,43.81,0.0,0.46
2000-12-24,35.51,20.78,50.0,0.0,0.46
2000-12-25,34.13,21.4,54.61,0.0,0.46
2000-12-26,33.74,19.99,54.04,0.0,0.46
2000-12-27,33.98,19.15,53.04,0.0,0.46
2000-12-28,34.69,19.38,49.2,0.0,0.46
2000-12-29,35.15,19.72,51.14,0.0,0.46
2000-12-30,34.7,18.89,51.43,0.0,0.46
2000-12-31,35.18,18.75,57.18,0.0,0.46
2001-01-01,35.12,19.83,60.51,0.0,0.46
2001-01-02,34.56,18.99,64.46,0.0,0.46
2001-01-03,34.24,19.5,61.65,0.0,0.46
2001-01-04,34.4,19.54,56.17,0.0,0.46
2001-01-05,34.7,19.9,59.14,0.0,0.46
2001-01-06,34.47,19.44,53.97,0.0,0.46
2001-01-07,34.46,19.13,54.65,0.0,0.46
2001-01-08,33.47,19.79,58.88,0.0,0.46
2001-01-09,32.53,18.66,56.27,0.0,0.46
2001-01-10,31.07,16.69,51.13,0.0,0.46
2001-01-11,31.85,15.42,52.26,0.0,0.46
2001-01-12,32.9,16.11,53.18,0.0,0.46
2001-01-13,33.81,14.98,44.76,0.0,0.46
2001-01-14,33.77,16.73,61.13,0.0,0.46
2001-01-15,35.49,19.59,50.06,0.0,0.46
2001-01-16,34.3,20.9,48.64,0.0,0.46
2001-01-17,35.07,22.8,49.43,0.0,0.46
2001-01-18,35.59,22.03,48.69,0.0,0.46
2001-01-19,36.73,21.15,46.87,0.0,0.46
2001-01-20,36.12,21.51,50.49,0.0,0.46
2001-01-21,36.81,22.22,48.32,0.0,0.46
2001-01-22,36.04,21.58,49.67,0.0,0.46
2001-01-23,37.22,23.88,53.5,0.0,0.46
2001-01-24,35.0,21.8,54.84,0.0,0.46
2001-01-25,33.37,18.67,51.14,0.0,0.46
2001-01-26,33.05,15.93,45.3,0.0,0.46
2001-01-27,33.01,15.17,48.03,0.0,0.46
2001-01-28,34.18,16.92,50.14,0.0,0.46
2001-01-29,35.48,16.9,52.52,0.0,0.46
2001-01-30,35.47,18.07,54.36,0.0,0.46
2001-01-31,35.35,16.75,59.18,0.0,0.46
2001-02-01,35.36,17.78,62.18,0.0,0.46
2001-02-02,36.29,17.82,59.37,0.0,0.46
2001-02-03,36.25,18.81,59.29,0.0,0.46
2001-02-04,36.9,19.39,58.09,0.0,0.46
2001-02-05,36.33,20.51,57.38,0.0,0.46
2001-02-06,36.5,19.99,54.11,0.0,0.46
2001-02-07,36.5,18.0,51.41,0.0,0.46
2001-02-08,37.28,18.19,49.9,0.0,0.46
2001-02-09,35.05,17.38,51.29,0.0,0.46
2001-02-10,33.07,17.61,52.57,0.0,0.46
2001-02-11,33.69,16.03,53.81,0.0,0.46
2001-02-12,34.37,16.58,57.91,0.0,0.46
2001-02-13,36.34,17.38,58.17,0.0,0.46
2001-02-14,38.56,18.09,50.17,0.0,0.46
2001-02-15,35.54,22.29,51.67,0.0,0.46
2001-02-16,34.55,23.76,58.27,0.0,0.46
2001-02-17,35.19,24.1,59.93,0.0,0.46
2001-02-18,36.56,21.96,54.32,0.0,0.46
2001-02-19,36.26,19.25,57.86,0.0,0.46
2001-02-20,35.39,18.86,63.36,0.0,0.46
2001-02-21,36.76,19.31,61.21,0.0,0.46
2001-02-22,37.11,20.07,60.26,0.0,0.46
2001-02-23,35.35,20.22,67.48,0.0,0.46
2001-02-24,35.16,18.73,62.07,0.0,0.46
2001-02-25,36.39,19.06,57.98,0.0,0.46
2001-02-26,37.44,19.85,55.32,0.0,0.46
2001-02-27,38.36,21.28,55.87,0.0,0.46
2001-02-28,38.39,20.43,54.73,0.0,0.46
2001-03-01,38.96,20.31,52.32,0.0,0.46
2001-03-02,39.12,20.68,52.79,0.0,0.46
2001-03-03,40.13,20.89,49.25,0.0,0.46
2001-03-04,41.11,21.17,51.37,0.0,0.46
2001-03-05,39.57,22.25,51.23,0.0,0.46
2001-03-06,37.76,19.94,55.49,0.0,0.46
2001-03-07,39.14,20.04,47.18,0.0,0.46
2001-03-08,40.47,19.85,47.19,0.02,0.46
2001-03-09,38.53,22.84,57.52,0.08,0.46
2001-03-10,36.69,24.56,56.85,0.05,0.46
2001-03-11,35.81,24.83,64.34,0.0,0.46
2001-03-12,34.52,24.61,63.75,0.01,0.46
2001-03-13,33.79,24.08,64.01,0.04,0.46
2001-03-14,35.24,23.92,62.0,0.06,0.46
2001-03-15,36.23,24.99,60.54,0.03,0.46
2001-03-16,38.97,24.37,56.72,0.0,0.46
2001-03-17,39.41,23.2,56.73,0.0,0.46
2001-03-18,40.2,23.11,56.89,0.0,0.46
2001-03-19,40.22,23.35,55.86,0.0,0.46
2001-03-20,41.25,22.73,51.76,0.0,0.46
2001-03-21,41.09,24.28,50.56,0.01,0.46
2001-03-22,39.72,25.4,52.29,0.0,0.46
2001-03-23,38.29,26.51,51.58,0.0,0.46
2001-03-24,38.98,24.8,50.08,0.0,0.46
2001-03-25,39.29,23.75,58.03,0.0,0.46
2001-03-26,38.01,22.91,59.81,0.0,0.46
2001-03-27,38.43,24.71,58.5,0.0,0.46
2001-03-28,37.94,23.43,60.63,0.0,0.46
2001-03-29,40.29,22.81,54.9,0.0,0.46
2001-03-30,40.05,24.14,55.59,0.0,0.46
2001-03-31,40.62,23.99,53.82,0.0,0.46
2001-04-01,41.48,23.62,53.8,0.0,0.46
2001-04-02,40.87,24.25,56.17,0.0,0.46
2001-04-03,40.48,24.15,55.49,0.0,0.46
2001-04-04,41.24,23.5,56.27,0.0,0.46
2001-04-05,42.34,24.48,54.29,0.0,0.46
2001-04-06,42.11,25.62,52.37,0.0,0.46
2001-04-07,41.47,26.67,56.78,0.0,0.46
2001-04-08,41.06,25.23,57.21,0.0,0.46
2001-04-09,39.68,24.27,60.13,0.0,0.46
2001-04-10,40.92,24.17,60.27,0.0,0.46
2001-04-11,41.81,24.44,60.65,0.0,0.46
2001-04-12,40.19,24.97,62.36,0.0,0.46
2001-04-13,40.99,24.8,60.7,0.0,0.46
2001-04-14,39.92,25.21,58.85,0.0,0.46
2001-04-15,40.38,24.58,56.48,0.0,0.46
2001-04-16,42.34,24.68,53.98,0.0,0.46
2001-04-17,40.94,25.7,56.32,0.0,0.46
2001-04-18,40.29,25.66,57.78,0.0,0.46
2001-04-19,40.57,25.1,56.07,0.0,0.46
2001-04-20,40.6,25.56,58.88,0.0,0.46
2001-04-21,40.17,24.62,60.37,0.0,0.46
2001-04-22,40.45,24.74,57.26,0.0,0.46
2001-04-23,40.88,24.04,57.79,0.0,0.46
2001-04-24,41.8,23.65,57.37,0.0,0.46
2001-04-25,41.59,24.96,58.73,0.0,0.46
2001-04-26,41.63,24.54,56.41,0.0,0.46
2001-04-27,40.54,26.08,54.64,0.0,0.46
2001-04-28,40.23,25.3,52.28,0.0,0.46
2001-04-29,41.35,24.45,56.92,0.0,0.46
2001-04-30,42.59,25.54,53.54,0.01,0.46
2001-05-01,40.7,27.87,52.44,0.0,0.46
2001-05-02,37.45,27.77,54.8,0.0,0.46
2001-05-03,38.86,26.45,54.38,0.0,0.46
2001-05-04,39.52,27.47,52.92,0.0,0.46
2001-05-05,39.26,27.23,53.81,0.0,0.46
2001-05-06,35.94,27.97,58.27,0.0,0.46
2001-05-07,38.8,27.12,56.22,0.0,0.46
2001-05-08,34.96,27.96,62.74,0.0,0.46
2001-05-09,35.14,27.36,63.24,0.0,0.46
2001-05-10,38.5,27.92,60.78,0.0,0.46
2001-05-11,35.79,28.13,63.82,0.0,0.46
2001-05-12,38.68,27.84,55.01,0.0,0.46
2001-05-13,33.32,26.98,62.91,0.0,0.46
2001-05-14,38.8,25.81,55.68,0.0,0.46
2001-05-15,38.24,27.14,54.97,0.0,0.46
2001-05-16,38.03,27.66,52.38,0.01,0.46
2001-05-17,36.94,27.36,57.54,0.0,0.46
2001-05-18,36.75,27.69,59.35,0.0,0.46
2001-05-19,36.35,27.56,60.42,0.0,0.46
2001-05-20,37.44,28.02,60.03,0.0,0.46
2001-05-21,36.23,28.04,63.49,0.0,0.46
2001-05-22,35.44,27.61,68.14,0.0,0.46
2001-05-23,33.2,27.76,69.47,0.0,0.46
2001-05-24,35.33,27.01,63.38,0.0,0.46
2001-05-25,32.78,26.77,69.91,0.0,0.46
2001-05-26,34.45,26.46,67.97,0.01,0.46
2001-05-27,34.74,26.46,68.68,0.0,0.46
2001-05-28,35.06,27.23,61.93,0.0,0.46
2001-05-29,33.71,27.65,68.48,0.02,0.46
2001-05-30,35.87,26.99,66.52,0.01,0.46
2001-05-31,32.78,27.63,71.16,0.04,0.46
2001-06-01,33.25,27.74,70.24,0.01,0.46
2001-06-02,34.37,27.51,67.77,0.04,0.46
2001-06-03,33.61,26.46,67.16,0.0,0.46
2001-06-04,37.06,25.85,62.35,0.0,0.46
2001-06-05,35.4,26.8,63.24,0.0,0.46
2001-06-06,34.17,26.97,64.93,0.0,0.46
2001-06-07,32.98,27.24,69.67,0.01,0.46
2001-06-08,35.11,26.26,67.55,0.0,0.46
2001-06-09,33.89,26.77,70.39,0.08,0.46
2001-06-10,31.45,26.5,73.79,1.29,0.46
2001-06-11,33.22,26.45,72.4,0.92,0.46
2001-06-12,33.46,26.03,74.1,4.99,0.46
2001-06-13,30.87,25.62,79.91,9.5,0.48
2001-06-14,30.6,25.37,78.8,0.02,0.48
2001-06-15,31.21,25.56,77.29,0.0,0.48
2001-06-16,31.6,26.06,74.58,0.07,0.48
2001-06-17,34.15,25.37,72.57,0.67,0.48
2001-06-18,36.61,25.14,63.94,0.0,0.47
2001-06-19,34.83,26.4,69.55,0.0,0.47
2001-06-20,35.06,26.94,69.45,0.0,0.47
2001-06-21,33.58,27.01,66.7,0.0,0.47
2001-06-22,33.95,27.2,69.05,0.0,0.47
2001-06-23,31.72,26.71,74.7,0.02,0.47
2001-06-24,33.61,26.49,66.76,0.0,0.47
2001-06-25,33.9,26.61,66.49,0.0,0.47
2001-06-26,32.14,26.45,70.96,0.0,0.47
2001-06-27,33.98,26.6,64.04,0.0,0.47
2001-06-28,36.21,25.34,63.29,0.0,0.47
2001-06-29,36.29,27.19,61.99,0.0,0.46
2001-06-30,36.45,27.38,61.56,0.01,0.46
2001-07-01,33.09,27.13,69.35,0.01,0.46
2001-07-02,34.7,26.49,68.79,0.01,0.46
2001-07-03,33.81,26.41,69.95,0.0,0.46
2001-07-04,33.9,26.96,71.13,0.05,0.46
2001-07-05,33.3,26.82,70.79,0.01,0.46
2001-07-06,31.47,26.89,74.48,0.0,0.46
2001-07-07,35.65,27.04,66.84,0.01,0.46
2001-07-08,32.18,26.94,72.92,0.01,0.46
2001-07-09,32.11,26.69,69.78,0.01,0.46
2001-07-10,35.47,25.73,66.88,0.0,0.46
2001-07-11,31.97,26.26,71.18,0.0,0.46
2001-07-12,33.18,25.4,74.13,0.0,0.46
2001-07-13,33.47,25.9,69.98,0.0,0.46
2001-07-14,32.78,26.42,72.19,0.0,0.46
2001-07-15,31.87,25.94,75.32,0.02,0.46
2001-07-16,33.55,26.41,72.31,0.09,0.46
2001-07-17,32.71,26.55,70.57,0.01,0.46
2001-07-18,32.62,26.45,70.89,0.0,0.46
2001-07-19,32.89,26.25,70.5,0.02,0.46
2001-07-20,35.69,25.59,68.1,0.01,0.46
2001-07-21,34.72,26.79,65.69,0.02,0.46
2001-07-22,31.49,26.68,73.01,0.01,0.46
2001-07-23,35.35,25.97,66.59,0.0,0.46
2001-07-24,35.18,26.06,64.79,0.0,0.46
2001-07-25,38.03,25.66,62.48,0.0,0.46
2001-07-26,35.87,27.17,63.87,0.0,0.46
2001-07-27,38.87,25.95,59.72,0.0,0.46
2001-07-28,34.65,26.36,64.72,0.0,0.46
2001-07-29,32.44,26.96,69.33,0.01,0.46
2001-07-30,35.54,25.68,67.22,0.0,0.46
2001-07-31,33.52,26.71,70.38,0.0,0.46
2001-08-01,32.19,26.09,74.51,0.01,0.46
2001-08-02,31.38,26.07,74.16,0.01,0.46
2001-08-03,31.03,25.92,75.13,0.0,0.46
2001-08-04,32.17,26.09,73.42,0.0,0.46
2001-08-05,36.24,25.96,67.27,0.01,0.46
2001-08-06,32.27,26.81,71.19,0.0,0.46
2001-08-07,31.44,26.01,75.22,0.01,0.46
2001-08-08,33.82,26.06,69.98,0.0,0.46
2001-08-09,34.48,26.42,69.51,0.04,0.46
2001-08-10,35.25,26.37,65.83,0.0,0.46
2001-08-11,34.64,26.56,70.72,0.05,0.46
2001-08-12,30.76,26.17,74.8,0.01,0.46
2001-08-13,32.16,26.06,72.26,0.0,0.46
2001-08-14,34.83,25.87,66.3,0.0,0.46
2001-08-15,33.98,26.13,67.37,0.0,0.46
2001-08-16,32.77,26.92,73.02,0.01,0.46
2001-08-17,32.62,26.57,74.47,0.04,0.46
2001-08-18,34.63,27.24,70.68,0.0,0.46
2001-08-19,35.95,27.05,68.37,0.0,0.46
2001-08-20,34.85,26.73,64.4,0.03,0.46
2001-08-21,35.54,26.1,62.77,0.2,0.46
2001-08-22,37.6,26.65,58.87,0.1,0.46
2001-08-23,36.82,26.8,65.48,0.0,0.46
2001-08-24,36.49,26.87,65.21,0.0,0.46
2001-08-25,33.3,26.98,69.99,0.0,0.46
2001-08-26,33.08,27.06,73.98,0.0,0.46
2001-08-27,33.87,26.67,71.85,0.0,0.46
2001-08-28,31.15,26.35,76.65,0.0,0.46
2001-08-29,32.66,26.07,72.52,0.01,0.46
2001-08-30,33.16,26.04,69.06,0.0,0.46
2001-08-31,35.5,26.1,59.29,0.0,0.46
2001-09-01,38.57,25.67,59.25,0.0,0.46
2001-09-02,38.15,26.01,64.58,0.0,0.46
2001-09-03,36.01,27.13,65.12,0.0,0.46
2001-09-04,35.87,26.63,69.05,0.0,0.46
2001-09-05,36.68,26.27,65.18,0.0,0.46
2001-09-06,36.06,26.88,61.74,0.0,0.46
2001-09-07,34.81,26.37,66.86,0.01,0.46
2001-09-08,34.07,26.31,69.83,0.0,0.46
2001-09-09,35.39,26.19,67.96,0.03,0.46
2001-09-10,36.04,26.15,60.53,0.0,0.46
2001-09-11,35.89,25.77,60.17,0.0,0.46
2001-09-12,34.8,26.03,65.25,0.0,0.46
2001-09-13,36.6,25.79,62.83,0.04,0.46
2001-09-14,32.2,26.35,68.2,0.02,0.46
2001-09-15,31.99,25.95,72.92,0.0,0.46
2001-09-16,37.41,25.43,64.42,0.0,0.46
2001-09-17,34.88,26.06,66.28,0.0,0.46
2001-09-18,34.67,25.61,69.49,0.0,0.46
2001-09-19,32.52,25.36,73.89,0.0,0.46
2001-09-20,35.63,25.51,66.77,0.01,0.46
2001-09-21,34.12,25.91,67.7,0.0,0.46
2001-09-22,34.92,25.91,66.66,0.0,0.46
2001-09-23,33.18,25.87,68.98,0.0,0.46
2001-09-24,33.14,25.67,67.84,0.01,0.46
2001-09-25,34.09,25.87,68.1,0.0,0.46
2001-09-26,32.0,25.95,73.38,0.0,0.46
2001-09-27,35.25,25.51,69.81,0.0,0.46
2001-09-28,36.13,25.89,65.7,0.0,0.46
2001-09-29,31.94,26.11,74.65,0.0,0.46
2001-09-30,34.87,25.85,69.32,0.0,0.46
2001-10-01,35.88,25.74,64.94,0.0,0.46
2001-10-02,34.85,25.27,65.96,0.0,0.46
2001-10-03,34.05,25.48,64.15,0.0,0.46
2001-10-04,36.75,25.95,60.32,0.0,0.46
2001-10-05,37.0,26.38,62.08,0.0,0.46
2001-10-06,36.66,26.06,64.46,0.02,0.46
2001-10-07,33.35,26.37,65.95,0.0,0.46
2001-10-08,33.2,26.61,68.42,0.0,0.46
2001-10-09,32.28,26.05,73.24,0.05,0.46
2001-10-10,31.3,24.78,74.5,0.04,0.46
2001-10-11,34.67,24.82,67.27,0.07,0.46
2001-10-12,35.29,24.87,66.21,0.0,0.46
2001-10-13,35.21,25.59,65.34,0.04,0.46
2001-10-14,35.71,25.59,64.62,0.0,0.46
2001-10-15,36.65,26.31,61.89,0.01,0.46
2001-10-16,37.72,26.16,60.61,0.06,0.46
2001-10-17,35.13,26.76,61.06,0.01,0.46
2001-10-18,38.37,26.13,54.25,0.0,0.46
2001-10-19,36.4,25.32,57.04,0.0,0.46
2001-10-20,38.27,26.4,54.44,0.0,0.46
2001-10-21,37.66,26.73,52.96,0.0,0.46
2001-10-22,39.22,26.6,52.54,0.0,0.46
2001-10-23,39.45,27.26,49.97,0.0,0.46
2001-10-24,37.2,27.0,53.79,0.03,0.46
2001-10-25,31.11,26.3,74.31,0.05,0.46
2001-10-26,32.17,25.84,73.48,0.01,0.46
2001-10-27,32.84,25.99,71.75,0.01,0.46
2001-10-28,35.23,25.31,63.61,0.0,0.46
2001-10-29,33.25,25.22,68.82,0.01,0.46
2001-10-30,32.37,25.15,70.57,0.0,0.46
2001-10-31,30.34,24.94,73.46,0.0,0.46
2001-11-01,32.53,24.19,69.49,0.02,0.46
2001-11-02,32.41,24.29,67.04,0.0,0.46
2001-11-03,34.12,25.09,67.47,0.0,0.46
2001-11-04,35.71,25.12,65.47,0.08,0.46
2001-11-05,34.12,26.9,64.8,0.0,0.46
2001-11-06,35.87,26.41,57.41,0.0,0.46
2001-11-07,37.78,26.04,53.04,0.0,0.46
2001-11-08,36.09,26.0,56.12,0.0,0.46
2001-11-09,37.87,25.56,52.36,0.0,0.46
2001-11-10,37.33,25.01,54.14,0.0,0.46
2001-11-11,36.95,23.52,55.4,0.0,0.46
2001-11-12,37.06,24.47,52.93,0.0,0.46
2001-11-13,38.94,25.83,49.89,0.0,0.46
2001-11-14,35.49,26.61,56.85,0.01,0.46
2001-11-15,35.81,24.26,51.91,0.0,0.46
2001-11-16,35.09,21.84,48.06,0.0,0.46
2001-11-17,35.96,21.43,49.9,0.0,0.46
2001-11-18,36.42,22.24,50.81,0.0,0.46
2001-11-19,35.02,23.0,49.43,0.0,0.46
2001-11-20,34.36,21.37,45.56,0.0,0.46
2001-11-21,34.14,19.12,41.75,0.0,0.46
2001-11-22,33.85,18.32,46.52,0.0,0.46
2001-11-23,33.7,19.4,46.65,0.0,0.46
2001-11-24,33.76,19.54,44.95,0.0,0.46
2001-11-25,34.35,19.03,47.02,0.0,0.46
2001-11-26,33.86,18.81,50.52,0.0,0.46
2001-11-27,32.69,19.15,47.11,0.0,0.46
2001-11-28,32.8,16.89,49.86,0.0,0.46
2001-11-29,33.42,18.14,49.14,0.0,0.46
2001-11-30,34.5,19.04,49.6,0.0,0.46
2001-12-01,35.43,18.99,56.57,0.0,0.46
2001-12-02,35.22,20.47,56.38,0.0,0.46
2001-12-03,33.74,21.16,55.73,0.0,0.46
2001-12-04,34.4,20.07,55.09,0.0,0.46
2001-12-05,33.63,19.79,53.51,0.0,0.46
2001-12-06,34.83,18.89,54.14,0.0,0.46
2001-12-07,34.66,19.44,64.74,0.0,0.46
2001-12-08,36.19,20.59,57.52,0.0,0.46
2001-12-09,35.61,20.31,51.96,0.0,0.46
2001-12-10,36.23,19.78,51.6,0.0,0.46
2001-12-11,35.16,19.09,55.22,0.0,0.46
2001-12-12,36.08,18.63,51.02,0.0,0.46
2001-12-13,36.1,18.86,53.05,0.0,0.46
2001-12-14,32.51,24.19,53.1,0.0,0.46
2001-12-15,34.84,24.38,53.3,0.0,0.46
2001-12-16,36.27,21.86,55.99,0.0,0.46
2001-12-17,36.37,23.03,53.77,0.0,0.46
2001-12-18,36.3,23.23,54.52,0.0,0.46
2001-12-19,36.6,23.74,48.86,0.03,0.46
2001-12-20,34.05,23.4,55.89,0.0,0.46
2001-12-21,35.35,25.07,53.07,0.0,0.46
2001-12-22,34.96,25.07,51.9,0.0,0.46
2001-12-23,30.96,21.89,56.27,0.0,0.46
2001-12-24,33.17,20.51,52.63,0.0,0.46
2001-12-25,33.01,22.43,49.74,0.0,0.46
2001-12-26,31.91,22.04,48.52,0.0,0.46
2001-12-27,34.47,21.55,49.19,0.0,0.46
2001-12-28,34.43,20.62,50.14,0.0,0.46
2001-12-29,34.4,21.43,55.32,0.0,0.46
2001-12-30,34.41,22.12,57.74,0.0,0.46
2001-12-31,31.13,20.83,64.6,0.0,0.46
2002-01-01,32.22,21.41,57.69,0.0,0.46
2002-01-02,31.56,21.94,62.36,0.0,0.46
2002-01-03,32.76,19.94,55.61,0.0,0.46
2002-01-04,33.19,20.48,51.89,0.0,0.46
2002-01-05,33.28,19.79,50.34,0.0,0.46
2002-01-06,34.34,21.35,49.06,0.0,0.46
2002-01-07,34.09,19.87,53.23,0.0,0.46
2002-01-08,34.0,21.47,52.95,0.0,0.46
2002-01-09,33.64,20.85,51.17,0.0,0.46
2002-01-10,34.09,22.29,53.2,0.0,0.46
2002-01-11,33.86,19.85,51.15,0.0,0.46
2002-01-12,32.39,16.85,52.18,0.0,0.46
2002-01-13,32.91,16.02,47.25,0.0,0.46
2002-01-14,33.4,15.0,35.54,0.0,0.46
2002-01-15,33.52,15.78,57.2,0.0,0.46
2002-01-16,34.57,16.87,55.11,0.0,0.46
2002-01-17,35.04,18.25,57.9,0.0,0.46
2002-01-18,35.63,18.2,55.54,0.0,0.46
2002-01-19,36.46,18.13,51.97,0.0,0.46
2002-01-20,37.0,19.29,54.07,0.0,0.46
2002-01-21,36.92,19.98,55.82,0.0,0.46
2002-01-22,37.15,21.55,52.81,0.0,0.46
2002-01-23,36.42,22.15,54.19,0.0,0.46
2002-01-24,34.32,21.64,63.54,0.0,0.46
2002-01-25,35.26,20.83,63.35,0.0,0.46
2002-01-26,33.5,19.5,64.42,0.0,0.46
2002-01-27,32.53,16.93,52.69,0.0,0.46
2002-01-28,33.25,16.28,48.94,0.0,0.46
2002-01-29,33.78,17.18,49.79,0.0,0.46
2002-01-30,35.08,20.43,53.01,0.0,0.46
2002-01-31,35.22,21.16,55.57,0.0,0.46
2002-02-01,34.52,21.2,58.91,0.0,0.46
2002-02-02,33.63,19.03,60.5,0.0,0.46
2002-02-03,32.97,19.27,53.33,0.0,0.46
2002-02-04,32.3,17.0,50.41,0.0,0.46
2002-02-05,32.81,15.8,51.06,0.0,0.46
2002-02-06,32.99,16.72,51.93,0.0,0.46
2002-02-07,34.17,16.94,51.89,0.0,0.46
2002-02-08,35.95,18.36,54.29,0.0,0.46
2002-02-09,37.41,19.89,51.73,0.0,0.46
2002-02-10,38.66,19.4,50.54,0.0,0.46
2002-02-11,39.28,20.26,54.84,0.0,0.46
2002-02-12,37.88,22.81,54.38,0.0,0.46
2002-02-13,38.72,22.41,48.61,0.0,0.46
2002-02-14,38.28,21.14,49.24,0.0,0.46
2002-02-15,36.19,21.99,49.0,0.03,0.46
2002-02-16,34.56,22.58,59.07,0.0,0.46
2002-02-17,37.66,22.41,47.11,0.0,0.46
2002-02-18,38.29,21.95,43.44,0.0,0.46
2002-02-19,37.94,20.04,42.88,0.0,0.46
2002-02-20,37.49,19.68,47.06,0.0,0.46
2002-02-21,37.0,19.68,47.44,0.0,0.46
2002-02-22,37.05,18.76,54.28,0.0,0.46
2002-02-23,37.23,19.28,52.49,0.0,0.46
2002-02-24,38.07,19.38,50.72,0.0,0.46
2002-02-25,38.94,19.84,50.97,0.0,0.46
2002-02-26,37.19,20.53,54.03,0.0,0.46
2002-02-27,36.1,19.14,62.32,0.0,0.46
2002-02-28,36.25,19.89,60.19,0.0,0.46
2002-03-01,38.28,19.18,49.39,0.0,0.46
2002-03-02,39.32,19.51,50.41,0.0,0.46
2002-03-03,39.92,20.29,51.93,0.0,0.46
2002-03-04,38.06,20.96,56.1,0.0,0.46
2002-03-05,38.45,19.08,57.23,0.0,0.46
2002-03-06,36.84,20.12,57.58,0.0,0.46
2002-03-07,37.49,18.86,53.67,0.0,0.46
2002-03-08,37.07,20.09,55.87,0.0,0.46
2002-03-09,37.31,21.04,51.84,0.0,0.46
2002-03-10,38.21,21.18,55.09,0.0,0.46
2002-03-11,39.21,21.43,53.97,0.0,0.46
2002-03-12,39.67,21.45,55.21,0.0,0.46
2002-03-13,38.8,22.0,60.94,0.0,0.46
2002-03-14,38.05,21.52,62.95,0.0,0.46
2002-03-15,39.6,20.46,61.29,0.0,0.46
2002-03-16,40.57,21.42,54.76,0.0,0.46
2002-03-17,40.93,21.34,52.57,0.0,0.46
2002-03-18,41.07,22.04,51.69,1.03,0.46
2002-03-19,39.47,22.93,54.8,0.22,0.46
2002-03-20,40.59,23.05,49.82,0.0,0.46
2002-03-21,40.95,22.96,49.62,0.0,0.46
2002-03-22,39.74,23.2,51.24,0.0,0.46
2002-03-23,37.44,24.33,51.04,0.01,0.46
2002-03-24,38.46,21.3,53.31,0.0,0.46
2002-03-25,38.89,21.37,55.46,0.0,0.46
2002-03-26,39.87,21.15,55.01,0.0,0.46
2002-03-27,40.48,21.71,55.49,0.0,0.46
2002-03-28,40.46,22.12,55.2,0.0,0.46
2002-03-29,39.79,22.22,59.0,0.0,0.46
2002-03-30,39.51,22.26,60.61,0.0,0.46
2002-03-31,40.2,22.71,59.83,0.0,0.46
2002-04-01,39.25,22.9,60.38,0.0,0.46
2002-04-02,38.84,22.48,57.68,0.0,0.46
2002-04-03,38.78,21.33,55.98,0.0,0.46
2002-04-04,39.06,22.62,57.24,0.0,0.46
2002-04-05,39.09,23.94,55.37,0.0,0.46
2002-04-06,41.33,22.42,56.61,0.0,0.46
2002-04-07,41.19,23.05,58.69,0.0,0.46
2002-04-08,40.81,23.26,58.82,0.0,0.46
2002-04-09,39.36,23.18,61.95,0.0,0.46
2002-04-10,39.83,23.11,61.64,0.0,0.46
2002-04-11,40.99,24.89,58.31,0.0,0.46
2002-04-12,39.54,25.69,51.91,0.0,0.46
2002-04-13,36.67,27.07,57.27,0.0,0.46
2002-04-14,38.86,25.98,50.47,0.0,0.46
2002-04-15,40.24,23.7,56.04,0.0,0.46
2002-04-16,40.21,23.16,59.25,0.0,0.46
2002-04-17,39.5,23.92,60.99,0.0,0.46
2002-04-18,41.4,23.29,58.14,0.0,0.46
2002-04-19,41.24,23.67,54.79,0.0,0.46
2002-04-20,41.49,24.12,54.14,0.0,0.46
2002-04-21,41.37,24.44,57.46,0.0,0.46
2002-04-22,41.05,24.69,57.76,0.0,0.46
2002-04-23,40.93,24.92,53.74,0.0,0.46
2002-04-24,42.42,26.48,45.62,0.0,0.46
2002-04-25,41.43,27.58,43.92,0.0,0.46
2002-04-26,40.26,25.72,54.5,6.35,0.47
2002-04-27,40.57,25.78,55.46,0.65,0.47
2002-04-28,39.79,25.26,56.71,0.31,0.47
2002-04-29,40.39,26.32,52.02,0.0,0.46
2002-04-30,40.71,25.71,52.9,0.0,0.46
2002-05-01,40.52,26.45,46.77,0.01,0.46
2002-05-02,42.75,25.87,47.11,0.0,0.46
2002-05-03,42.6,27.52,46.65,0.0,0.46
2002-05-04,41.04,27.43,50.86,0.02,0.46
2002-05-05,40.19,27.61,54.31,0.01,0.46
2002-05-06,40.63,26.35,55.19,0.2,0.46
2002-05-07,40.45,26.71,57.4,0.0,0.46
2002-05-08,39.76,26.38,57.97,0.01,0.46
2002-05-09,40.12,27.54,55.84,0.04,0.46
2002-05-10,39.53,27.32,56.52,0.06,0.46
2002-05-11,36.84,28.1,61.49,5.57,0.46
2002-05-12,31.2,26.97,72.43,0.13,0.47
2002-05-13,34.88,27.35,58.82,0.0,0.47
2002-05-14,33.41,26.74,62.95,0.01,0.47
2002-05-15,33.67,26.67,65.93,0.0,0.47
2002-05-16,33.29,26.53,70.64,0.07,0.47
2002-05-17,32.78,27.08,72.9,0.12,0.47
2002-05-18,33.41,26.67,70.79,0.06,0.47
2002-05-19,34.84,27.82,68.13,0.01,0.47
2002-05-20,35.57,28.59,67.28,0.0,0.47
2002-05-21,33.47,27.76,70.44,0.0,0.46
2002-05-22,35.95,26.73,68.71,0.0,0.46
2002-05-23,37.78,26.94,61.96,0.0,0.46
2002-05-24,38.88,26.71,60.93,0.0,0.46
2002-05-25,39.06,25.74,62.0,0.0,0.46
2002-05-26,38.17,26.29,59.6,0.0,0.46
2002-05-27,33.46,27.02,65.81,0.0,0.46
2002-05-28,36.82,26.33,64.49,0.03,0.46
2002-05-29,37.78,26.44,61.02,0.0,0.46
2002-05-30,35.62,27.2,59.67,0.0,0.46
2002-05-31,36.18,27.11,60.01,0.02,0.46
2002-06-01,34.14,27.27,67.18,0.93,0.46
2002-06-02,32.01,27.12,74.82,5.15,0.47
2002-06-03,36.15,26.94,67.13,0.0,0.47
2002-06-04,32.76,27.78,68.48,0.0,0.47
2002-06-05,32.31,27.2,71.67,0.0,0.47
2002-06-06,32.17,27.07,70.88,0.0,0.47
2002-06-07,36.07,26.94,65.21,0.01,0.47
2002-06-08,32.66,26.88,70.96,0.0,0.47
2002-06-09,32.56,27.14,69.15,0.03,0.47
2002-06-10,37.42,25.74,60.72,0.0,0.47
2002-06-11,36.64,27.44,64.23,0.0,0.46
2002-06-12,35.34,26.95,64.41,0.0,0.46
2002-06-13,35.97,26.76,64.11,0.0,0.46
2002-06-14,34.41,27.3,69.03,0.0,0.46
2002-06-15,32.88,26.76,72.1,0.31,0.46
2002-06-16,34.81,26.26,69.8,2.75,0.47
2002-06-17,31.47,26.47,80.45,4.5,0.47
2002-06-18,32.48,26.39,81.0,6.61,0.48
2002-06-19,31.23,26.49,81.03,5.66,0.49
2002-06-20,32.54,26.09,79.75,5.42,0.5
2002-06-21,32.61,26.08,78.87,10.0,0.51
2002-06-22,31.88,26.22,81.4,14.19,0.52
2002-06-23,30.44,25.73,80.6,7.74,0.54
2002-06-24,29.8,25.45,85.59,5.06,0.55
2002-06-25,34.09,24.52,75.36,0.0,0.54
2002-06-26,33.22,25.87,74.74,0.58,0.54
2002-06-27,33.25,25.67,78.14,5.54,0.54
2002-06-28,30.81,26.2,81.63,1.58,0.54
2002-06-29,33.16,25.82,76.85,2.38,0.54
2002-06-30,32.24,25.93,79.38,3.91,0.54
2002-07-01,32.89,25.87,78.83,7.7,0.55
2002-07-02,33.38,26.04,78.64,9.59,0.56
2002-07-03,32.95,26.17,80.95,11.26,0.57
2002-07-04,32.85,26.42,79.97,10.41,0.59
2002-07-05,32.71,25.93,77.06,6.16,0.59
2002-07-06,32.71,25.85,79.21,7.8,0.6
2002-07-07,29.98,26.15,82.58,7.44,0.6
2002-07-08,30.65,26.13,82.36,0.86,0.6
2002-07-09,31.62,25.64,80.01,3.81,0.6
2002-07-10,31.23,26.07,82.28,5.21,0.61
2002-07-11,30.31,25.81,84.93,2.48,0.61
2002-07-12,32.18,26.07,80.2,0.01,0.61
2002-07-13,31.03,26.06,80.73,0.25,0.6
2002-07-14,30.83,25.19,83.31,6.51,0.61
2002-07-15,30.84,24.99,80.59,0.0,0.6
2002-07-16,32.54,25.8,78.05,0.01,0.6
2002-07-17,32.11,25.6,76.39,0.0,0.59
2002-07-18,32.64,25.4,75.4,0.0,0.59
2002-07-19,33.58,25.31,74.52,0.0,0.58
2002-07-20,31.57,25.41,76.69,0.0,0.58
2002-07-21,32.27,25.98,77.06,0.02,0.58
2002-07-22,33.01,25.35,73.61,0.01,0.57
2002-07-23,32.9,25.44,75.18,0.28,0.57
2002-07-24,32.29,26.03,79.3,3.18,0.57
2002-07-25,31.29,25.62,81.05,1.37,0.57
2002-07-26,32.19,25.94,76.91,2.37,0.57
2002-07-27,31.89,25.4,80.35,9.0,0.57
2002-07-28,29.08,25.27,81.97,0.01,0.58
2002-07-29,32.31,25.25,80.24,0.0,0.57
2002-07-30,31.47,25.31,77.82,0.0,0.57
2002-07-31,34.71,24.25,73.22,0.0,0.56
2002-08-01,33.89,25.44,72.87,0.0,0.56
2002-08-02,33.12,25.18,74.45,0.01,0.55
2002-08-03,31.59,25.21,78.71,0.13,0.55
2002-08-04,33.21,25.03,77.37,0.88,0.55
2002-08-05,29.89,25.58,86.15,2.38,0.55
2002-08-06,30.67,25.31,79.81,0.0,0.55
2002-08-07,30.84,25.81,81.17,1.06,0.55
2002-08-08,30.18,25.6,81.77,2.31,0.55
2002-08-09,32.1,25.24,76.83,0.0,0.55
2002-08-10,30.57,25.51,80.69,0.03,0.54
2002-08-11,30.57,25.59,79.76,0.01,0.54
2002-08-12,30.28,25.8,80.4,0.01,0.54
2002-08-13,31.2,25.9,79.01,0.01,0.54
2002-08-14,32.27,25.67,75.65,0.01,0.53
2002-08-15,31.82,25.92,75.46,0.01,0.53
2002-08-16,31.37,25.84,75.53,0.01,0.53
2002-08-17,32.6,26.3,75.18,0.02,0.53
2002-08-18,34.13,25.45,74.39,0.04,0.52
2002-08-19,32.8,26.1,74.94,0.02,0.52
2002-08-20,32.8,25.85,74.23,0.02,0.52
2002-08-21,32.18,25.6,72.42,0.01,0.51
2002-08-22,30.54,24.99,75.53,0.0,0.51
2002-08-23,35.59,24.75,67.22,0.0,0.51
2002-08-24,34.97,25.29,70.32,0.01,0.51
2002-08-25,33.22,25.91,73.44,0.01,0.5
2002-08-26,32.53,25.61,74.91,0.0,0.5
2002-08-27,30.88,25.58,77.76,0.0,0.5
2002-08-28,32.38,24.98,75.43,0.01,0.5
2002-08-29,33.28,25.44,73.94,0.08,0.49
2002-08-30,32.95,25.5,74.18,0.0,0.49
2002-08-31,35.01,25.32,72.63,0.01,0.49
2002-09-01,36.21,25.12,70.43,0.01,0.49
2002-09-02,30.93,26.0,77.0,0.01,0.48
2002-09-03,31.6,25.72,78.92,0.01,0.48
2002-09-04,30.8,25.07,79.11,0.02,0.48
2002-09-05,31.27,24.84,76.42,0.0,0.48
2002-09-06,33.24,25.12,74.31,0.01,0.48
2002-09-07,33.1,25.59,72.32,0.0,0.48
2002-09-08,32.09,24.97,76.58,0.01,0.48
2002-09-09,32.49,24.79,73.41,0.0,0.48
2002-09-10,34.49,25.05,68.19,0.0,0.47
2002-09-11,36.24,24.26,63.43,0.0,0.47
2002-09-12,35.37,25.72,65.35,0.0,0.47
2002-09-13,31.96,25.77,71.79,0.23,0.47
2002-09-14,33.15,24.99,74.94,3.14,0.47
2002-09-15,33.23,25.07,76.45,2.64,0.48
2002-09-16,30.63,25.25,83.61,9.39,0.48
2002-09-17,31.83,25.43,79.67,0.0,0.49
2002-09-18,32.21,25.05,75.79,0.01,0.49
2002-09-19,33.58,24.88,73.77,0.02,0.48
2002-09-20,31.71,25.74,76.08,0.13,0.48
2002-09-21,34.26,24.67,70.33,0.01,0.48
2002-09-22,32.12,24.99,70.75,0.0,0.48
2002-09-23,36.26,23.99,68.58,0.0,0.48
2002-09-24,32.03,25.82,71.97,0.0,0.47
2002-09-25,33.97,25.41,69.69,0.57,0.47
2002-09-26,34.43,25.08,72.13,2.14,0.47
2002-09-27,35.37,25.06,67.7,0.0,0.47
2002-09-28,33.35,25.79,69.82,0.0,0.47
2002-09-29,32.48,25.63,72.64,0.0,0.47
2002-09-30,33.92,25.1,69.52,0.0,0.47
2002-10-01,34.93,25.38,67.7,0.01,0.47
2002-10-02,35.42,26.27,65.07,0.04,0.47
2002-10-03,34.5,26.52,67.84,0.01,0.47
2002-10-04,33.9,26.26,67.05,0.0,0.47
2002-10-05,35.32,26.16,65.04,0.0,0.47
2002-10-06,33.59,26.17,68.51,0.02,0.47
2002-10-07,30.91,26.2,70.14,0.0,0.47
2002-10-08,36.25,25.4,54.72,0.0,0.47
2002-10-09,37.97,24.57,49.21,0.0,0.46
2002-10-10,38.52,22.61,51.42,0.0,0.46
2002-10-11,38.23,24.03,54.43,0.0,0.46
2002-10-12,37.08,26.39,55.39,0.0,0.46
2002-10-13,35.15,26.57,59.5,0.0,0.46
2002-10-14,37.88,26.33,55.6,0.0,0.46
2002-10-15,38.04,25.55,56.88,0.0,0.46
2002-10-16,37.25,26.19,63.01,0.0,0.46
2002-10-17,38.01,25.97,63.0,0.0,0.46
2002-10-18,37.63,26.07,62.43,0.02,0.46
2002-10-19,33.7,27.06,63.77,0.0,0.46
2002-10-20,35.42,26.34,62.63,0.0,0.46
2002-10-21,36.04,26.25,62.29,0.0,0.46
2002-10-22,32.7,26.72,69.59,0.0,0.46
2002-10-23,36.06,25.68,59.47,0.02,0.46
2002-10-24,33.14,26.21,63.76,0.01,0.46
2002-10-25,36.44,25.27,62.16,0.0,0.46
2002-10-26,36.25,25.64,60.57,0.0,0.46
2002-10-27,35.56,26.51,59.73,0.01,0.46
2002-10-28,32.64,26.67,65.8,0.0,0.46
2002-10-29,34.27,25.91,64.15,0.01,0.46
2002-10-30,36.74,25.84,60.65,0.0,0.46
2002-10-31,37.01,25.96,59.17,0.0,0.46
2002-11-01,33.46,26.83,63.29,0.01,0.46
2002-11-02,29.87,25.66,72.19,0.06,0.46
2002-11-03,31.08,25.4,68.11,0.03,0.46
2002-11-04,29.68,24.22,63.19,0.0,0.46
2002-11-05,34.25,22.5,51.62,0.0,0.46
2002-11-06,36.83,22.37,53.29,0.0,0.46
2002-11-07,37.31,22.02,52.47,0.0,0.46
2002-11-08,37.6,22.55,52.99,0.0,0.46
2002-11-09,36.16,24.33,54.05,0.0,0.46
2002-11-10,36.4,23.42,51.19,0.0,0.46
2002-11-11,38.02,23.38,55.87,0.0,0.46
2002-11-12,37.45,24.38,57.32,0.0,0.46
2002-11-13,36.72,25.71,62.02,0.0,0.46
2002-11-14,36.01,24.97,68.67,0.01,0.46
2002-11-15,34.54,25.0,64.71,0.0,0.46
2002-11-16,37.77,23.18,54.68,0.0,0.46
2002-11-17,37.28,23.33,62.44,4.69,0.46
2002-11-18,37.22,24.05,60.31,0.0,0.47
2002-11-19,36.51,23.9,58.83,0.0,0.47
2002-11-20,35.86,24.43,58.27,0.0,0.46
2002-11-21,37.52,23.65,53.12,0.0,0.46
2002-11-22,37.49,24.47,53.13,0.0,0.46
2002-11-23,35.12,25.34,61.72,0.01,0.46
2002-11-24,33.06,26.2,68.41,0.11,0.46
2002-11-25,31.93,25.96,72.64,0.06,0.46
2002-11-26,32.53,24.47,67.88,0.05,0.46
2002-11-27,33.46,25.52,67.04,0.03,0.46
2002-11-28,32.58,25.52,71.03,0.0,0.46
2002-11-29,34.01,25.41,68.95,0.0,0.46
2002-11-30,35.58,24.29,63.32,0.0,0.46
2002-12-01,36.24,23.57,62.64,0.0,0.46
2002-12-02,36.5,22.9,58.39,0.0,0.46
2002-12-03,37.11,22.49,56.57,1.94,0.46
2002-12-04,36.87,23.08,53.67,0.0,0.46
2002-12-05,36.95,24.01,54.62,0.0,0.46
2002-12-06,36.88,24.54,55.52,0.0,0.46
2002-12-07,34.97,24.27,54.06,0.0,0.46
2002-12-08,36.86,22.1,51.08,0.0,0.46
2002-12-09,36.76,21.96,57.11,0.08,0.46
2002-12-10,34.68,24.41,60.88,0.01,0.46
2002-12-11,33.64,24.99,62.05,0.0,0.46
2002-12-12,35.2,24.6,56.76,0.0,0.46
2002-12-13,35.88,24.04,54.88,0.0,0.46
2002-12-14,35.25,24.32,56.73,0.0,0.46
2002-12-15,35.32,23.63,57.4,0.0,0.46
2002-12-16,34.68,23.09,60.26,0.0,0.46
2002-12-17,34.11,21.57,62.01,0.0,0.46
2002-12-18,33.67,19.53,61.51,0.0,0.46
2002-12-19,34.33,18.41,59.88,0.0,0.46
2002-12-20,33.86,18.05,57.39,0.0,0.46
2002-12-21,33.21,18.74,53.69,0.0,0.46
2002-12-22,33.31,18.16,50.42,0.0,0.46
2002-12-23,33.46,18.77,56.09,0.0,0.46
2002-12-24,33.76,21.58,56.08,0.06,0.46
2002-12-25,30.85,21.25,72.96,9.42,0.47
2002-12-26,31.48,19.09,62.16,1.0,0.48
2002-12-27,31.81,17.63,60.63,0.0,0.47
2002-12-28,30.77,17.1,59.66,0.0,0.47
2002-12-29,31.14,16.44,53.94,0.0,0.47
2002-12-30,30.95,15.79,54.29,0.0,0.47
2002-12-31,32.47,16.25,59.59,0.0,0.47
2003-01-01,30.75,21.96,70.54,0.0,0.47
2003-01-02,31.65,22.12,65.91,0.0,0.47
2003-01-03,35.52,22.72,56.73,0.0,0.47
2003-01-04,33.98,23.8,60.15,0.09,0.46
2003-01-05,32.18,22.08,61.84,0.9,0.46
2003-01-06,32.54,19.6,52.77,0.0,0.46
2003-01-07,33.22,18.27,58.84,0.0,0.46
2003-01-08,33.61,19.11,59.17,0.0,0.46
2003-01-09,32.88,18.43,65.19,0.0,0.46
2003-01-10,32.93,18.72,67.22,0.0,0.46
2003-01-11,33.03,18.61,64.9,0.0,0.46
2003-01-12,32.99,18.4,64.14,0.0,0.46
2003-01-13,33.93,19.11,60.82,0.0,0.46
2003-01-14,33.37,19.29,64.9,0.0,0.46
2003-01-15,33.56,18.53,60.37,0.0,0.46
2003-01-16,34.06,19.97,57.43,0.0,0.46
2003-01-17,33.91,20.33,55.13,0.0,0.46
2003-01-18,34.96,21.17,50.73,0.0,0.46
2003-01-19,35.65,20.72,46.81,0.0,0.46
2003-01-20,34.68,19.46,59.94,0.0,0.46
2003-01-21,32.17,18.41,63.06,0.0,0.46
2003-01-22,31.54,17.02,55.65,0.0,0.46
2003-01-23,31.3,16.71,50.36,0.0,0.46
2003-01-24,32.01,16.16,52.09,0.0,0.46
2003-01-25,32.7,16.23,58.28,0.0,0.46
2003-01-26,33.76,16.48,53.75,0.0,0.46
2003-01-27,34.54,16.42,46.38,0.0,0.46
2003-01-28,35.57,17.19,49.13,0.0,0.46
2003-01-29,34.86,20.03,53.28,0.0,0.46
2003-01-30,34.26,20.54,63.05,0.0,0.46
2003-01-31,34.53,20.0,57.68,0.0,0.46
2003-02-01,35.98,18.57,51.35,0.0,0.46
2003-02-02,37.45,19.19,49.59,0.0,0.46
2003-02-03,38.05,20.12,51.09,0.0,0.46
2003-02-04,37.56,21.81,52.13,0.0,0.46
2003-02-05,36.08,23.17,55.92,0.0,0.46
2003-02-06,34.41,23.38,54.46,0.0,0.46
2003-02-07,34.4,21.3,55.54,0.0,0.46
2003-02-08,34.55,19.1,52.2,0.0,0.46
2003-02-09,35.23,18.39,55.12,0.0,0.46
2003-02-10,36.43,20.44,52.37,0.0,0.46
2003-02-11,37.74,21.2,48.87,0.0,0.46
2003-02-12,38.34,22.38,48.09,0.39,0.46
2003-02-13,36.84,20.87,50.74,1.32,0.46
2003-02-14,37.26,20.22,50.7,0.0,0.46
2003-02-15,36.24,20.27,52.04,0.0,0.46
2003-02-16,36.23,19.92,51.6,0.0,0.46
2003-02-17,36.43,18.95,48.84,0.0,0.46
2003-02-18,37.57,18.43,42.9,0.0,0.46
2003-02-19,37.62,18.99,50.2,0.0,0.46
2003-02-20,37.77,20.13,58.71,0.0,0.46
2003-02-21,37.93,21.23,57.15,0.0,0.46
2003-02-22,37.32,21.11,53.31,0.0,0.46
2003-02-23,37.42,20.01,44.98,0.0,0.46
2003-02-24,36.29,19.51,54.02,0.0,0.46
2003-02-25,35.43,18.35,53.77,0.0,0.46
2003-02-26,35.24,18.79,52.5,0.0,0.46
2003-02-27,36.44,18.82,57.13,0.0,0.46
2003-02-28,38.25,18.64,56.31,0.0,0.46
2003-03-01,37.9,19.1,58.88,0.0,0.46
2003-03-02,38.62,18.69,57.24,0.0,0.46
2003-03-03,37.71,19.82,58.17,0.0,0.46
2003-03-04,37.77,18.95,58.46,0.0,0.46
2003-03-05,36.55,20.18,59.61,0.0,0.46
2003-03-06,36.87,21.12,60.92,0.0,0.46
2003-03-07,36.79,19.0,41.85,0.0,0.46
2003-03-08,37.08,17.82,42.81,0.0,0.46
2003-03-09,37.2,17.94,40.94,0.0,0.46
2003-03-10,37.23,19.19,46.45,0.0,0.46
2003-03-11,37.35,21.26,51.52,0.0,0.46
2003-03-12,38.52,22.71,49.5,0.0,0.46
2003-03-13,35.77,24.02,56.92,0.03,0.46
2003-03-14,35.91,24.92,52.28,0.03,0.46
2003-03-15,37.15,21.99,51.3,0.0,0.46
2003-03-16,37.15,20.42,57.3,0.0,0.46
2003-03-17,37.66,20.88,60.16,0.01,0.46
2003-03-18,36.7,22.59,60.69,0.0,0.46
2003-03-19,38.06,22.32,58.5,0.0,0.46
2003-03-20,37.43,21.55,54.88,0.0,0.46
2003-03-21,34.02,21.83,55.19,0.0,0.46
2003-03-22,37.22,21.14,52.69,0.0,0.46
2003-03-23,38.23,20.59,53.1,0.0,0.46
2003-03-24,39.04,21.69,55.35,0.0,0.46
2003-03-25,39.4,22.77,54.32,0.0,0.46
2003-03-26,38.04,23.99,53.11,0.0,0.46
2003-03-27,39.22,22.71,52.35,0.0,0.46
2003-03-28,38.3,24.8,52.84,0.0,0.46
2003-03-29,37.97,24.79,52.09,0.0,0.46
2003-03-30,37.74,24.44,54.03,0.01,0.46
2003-03-31,39.12,23.54,52.36,0.0,0.46
2003-04-01,39.86,22.87,56.08,0.0,0.46
2003-04-02,39.06,22.91,60.58,0.0,0.46
2003-04-03,39.09,22.51,60.56,0.0,0.46
2003-04-04,40.08,22.99,59.65,0.0,0.46
2003-04-05,40.8,24.76,57.83,0.0,0.46
2003-04-06,40.86,25.7,58.67,0.0,0.46
2003-04-07,40.48,26.16,59.62,0.0,0.46
2003-04-08,40.38,24.27,63.05,0.0,0.46
2003-04-09,40.72,24.61,64.24,0.0,0.46
2003-04-10,41.37,24.66,60.42,0.0,0.46
2003-04-11,41.27,25.13,59.54,0.0,0.46
2003-04-12,40.15,23.71,59.39,0.0,0.46
2003-04-13,41.25,23.46,57.87,0.0,0.46
2003-04-14,41.83,24.2,56.39,0.0,0.46
2003-04-15,41.55,25.5,55.57,0.0,0.46
2003-04-16,40.13,25.42,58.68,0.0,0.46
2003-04-17,40.29,24.52,59.66,0.0,0.46
2003-04-18,40.72,24.5,59.91,0.0,0.46
2003-04-19,40.03,24.47,60.55,0.0,0.46
2003-04-20,40.3,25.01,58.55,0.0,0.46
2003-04-21,40.35,25.19,59.89,0.0,0.46
2003-04-22,41.16,25.03,57.05,0.0,0.46
2003-04-23,41.05,26.53,56.62,0.0,0.46
2003-04-24,40.74,26.13,55.95,0.0,0.46
2003-04-25,40.93,25.56,56.98,0.01,0.46
2003-04-26,41.25,26.03,54.97,0.0,0.46
2003-04-27,40.42,27.1,51.89,0.01,0.46
2003-04-28,41.31,26.7,49.09,0.0,0.46
2003-04-29,42.43,27.61,43.32,0.01,0.46
2003-04-30,40.19,28.39,52.21,0.01,0.46
2003-05-01,34.82,27.99,59.13,0.0,0.46
2003-05-02,38.54,26.56,56.29,0.0,0.46
2003-05-03,39.96,26.71,55.09,0.0,0.46
2003-05-04,39.75,26.32,58.85,0.0,0.46
2003-05-05,40.46,26.44,58.62,0.0,0.46
2003-05-06,41.81,26.12,55.14,0.0,0.46
2003-05-07,42.06,26.65,54.54,0.0,0.46
2003-05-08,42.77,27.18,48.48,0.0,0.46
2003-05-09,40.84,28.33,46.2,0.01,0.46
2003-05-10,38.93,29.2,48.68,0.0,0.46
2003-05-11,35.86,29.0,56.08,0.0,0.46
2003-05-12,32.76,27.91,72.33,0.02,0.46
2003-05-13,34.69,27.64,66.0,0.01,0.46
2003-05-14,36.58,28.15,59.86,0.0,0.46
2003-05-15,36.49,28.02,61.12,0.0,0.46
2003-05-16,33.94,27.95,66.53,0.0,0.46
2003-05-17,33.84,27.55,66.65,0.0,0.46
2003-05-18,32.98,27.45,67.93,0.01,0.46
2003-05-19,35.6,27.24,60.65,0.0,0.46
2003-05-20,37.49,26.78,59.63,0.02,0.46
2003-05-21,35.87,26.48,54.33,0.0,0.46
2003-05-22,36.4,26.19,56.39,0.0,0.46
2003-05-23,34.48,27.41,64.37,0.02,0.46
2003-05-24,37.92,27.21,58.93,0.0,0.46
2003-05-25,37.37,27.32,63.24,0.0,0.46
2003-05-26,37.0,27.77,62.48,0.0,0.46
2003-05-27,36.55,28.19,62.89,0.0,0.46
2003-05-28,35.83,28.44,60.52,0.0,0.46
2003-05-29,36.84,27.39,64.93,0.0,0.46
2003-05-30,35.71,28.73,66.73,0.0,0.46
2003-05-31,35.36,27.81,66.44,0.0,0.46
2003-06-01,32.59,27.09,69.49,0.01,0.46
2003-06-02,29.77,26.53,77.56,0.01,0.46
2003-06-03,30.24,26.22,79.98,0.0,0.46
2003-06-04,35.94,26.51,65.5,0.01,0.46
2003-06-05,34.74,26.27,65.75,0.0,0.46
2003-06-06,36.06,27.06,65.95,0.0,0.46
2003-06-07,36.23,26.97,61.76,0.0,0.46
2003-06-08,32.53,27.55,72.6,0.01,0.46
2003-06-09,32.92,27.36,72.61,0.0,0.46
2003-06-10,33.43,26.66,70.14,0.02,0.46
2003-06-11,35.37,26.99,68.56,0.0,0.46
2003-06-12,33.23,27.08,72.76,0.0,0.46
2003-06-13,34.36,26.17,69.43,0.0,0.46
2003-06-14,36.5,26.07,62.82,0.0,0.46
2003-06-15,34.28,27.03,68.09,0.0,0.46
2003-06-16,35.67,26.84,65.61,0.0,0.46
2003-06-17,34.02,26.84,68.62,0.0,0.46
2003-06-18,34.39,26.93,68.41,0.0,0.46
2003-06-19,32.22,26.79,73.51,0.01,0.46
2003-06-20,33.65,27.08,66.48,0.01,0.46
2003-06-21,36.29,26.8,66.36,0.0,0.46
2003-06-22,34.99,27.5,68.01,0.06,0.46
2003-06-23,33.54,27.32,70.41,0.01,0.46
2003-06-24,32.23,26.76,72.39,0.0,0.46
2003-06-25,32.42,26.39,72.01,0.01,0.46
2003-06-26,34.95,26.62,67.98,0.02,0.46
2003-06-27,34.9,27.26,67.4,0.05,0.46
2003-06-28,32.6,26.89,71.37,0.01,0.46
2003-06-29,32.81,26.27,70.65,0.96,0.46
2003-06-30,32.87,25.87,72.79,6.26,0.47
2003-07-01,34.08,25.64,69.89,0.0,0.47
2003-07-02,33.88,25.97,66.5,0.01,0.47
2003-07-03,30.37,25.78,71.67,0.01,0.47
2003-07-04,34.63,25.18,64.16,0.04,0.47
2003-07-05,35.17,26.49,65.6,0.0,0.47
2003-07-06,36.75,26.08,63.15,0.0,0.47
2003-07-07,34.99,27.41,64.79,0.01,0.46
2003-07-08,32.78,27.06,69.41,0.01,0.46
2003-07-09,33.05,26.55,70.23,0.0,0.46
2003-07-10,34.65,26.36,66.82,0.01,0.46
2003-07-11,33.29,26.47,68.15,0.0,0.46
2003-07-12,34.67,26.16,69.33,0.01,0.46
2003-07-13,33.09,26.56,70.67,0.02,0.46
2003-07-14,32.26,26.16,72.25,0.0,0.46
2003-07-15,35.08,25.23,68.38,0.0,0.46
2003-07-16,32.83,25.68,69.75,0.0,0.46
2003-07-17,33.54,25.66,70.23,0.0,0.46
2003-07-18,35.5,25.85,66.76,0.0,0.46
2003-07-19,35.1,26.45,67.23,0.0,0.46
2003-07-20,36.01,26.84,64.88,0.01,0.46
2003-07-21,35.48,27.12,66.65,0.0,0.46
2003-07-22,33.97,26.9,72.42,0.02,0.46
2003-07-23,31.02,27.21,76.58,0.04,0.46
2003-07-24,32.39,26.93,75.07,0.14,0.46
2003-07-25,32.52,27.41,69.33,0.01,0.46
2003-07-26,32.91,26.81,66.78,0.0,0.46
2003-07-27,35.21,26.09,62.84,0.0,0.46
2003-07-28,34.06,26.45,65.66,0.01,0.46
2003-07-29,33.75,26.57,67.32,0.0,0.46
2003-07-30,32.59,25.91,70.2,0.0,0.46
2003-07-31,32.72,26.0,70.33,0.0,0.46
2003-08-01,32.09,26.22,72.24,0.0,0.46
2003-08-02,32.85,26.19,71.84,0.0,0.46
2003-08-03,36.37,25.4,65.19,0.0,0.46
2003-08-04,33.84,26.79,68.76,0.0,0.46
2003-08-05,35.43,26.55,68.1,0.0,0.46
2003-08-06,31.74,27.23,75.27,0.0,0.46
2003-08-07,32.35,27.02,73.33,0.0,0.46
2003-08-08,32.14,26.37,74.93,0.0,0.46
2003-08-09,34.9,26.0,67.47,0.01,0.46
2003-08-10,37.39,26.65,63.81,0.0,0.46
2003-08-11,36.08,27.5,64.66,0.0,0.46
2003-08-12,36.02,27.79,64.25,0.01,0.46
2003-08-13,35.25,27.15,64.4,0.0,0.46
2003-08-14,33.99,26.62,65.73,0.0,0.46
2003-08-15,35.49,26.53,64.04,0.0,0.46
2003-08-16,37.98,26.81,60.32,0.0,0.46
2003-08-17,34.01,27.63,66.74,0.0,0.46
2003-08-18,33.87,26.9,68.06,0.0,0.46
2003-08-19,35.18,26.36,65.36,0.01,0.46
2003-08-20,32.15,27.13,70.81,0.07,0.46
2003-08-21,34.96,27.18,68.13,0.02,0.46
2003-08-22,34.82,27.03,64.28,0.0,0.46
2003-08-23,35.72,27.14,62.0,0.0,0.46
2003-08-24,32.74,27.03,70.96,0.01,0.46
2003-08-25,30.14,26.23,76.49,0.0,0.46
2003-08-26,34.7,26.63,68.37,0.0,0.46
2003-08-27,32.61,26.97,68.79,0.01,0.46
2003-08-28,32.89,26.24,67.2,0.02,0.46
2003-08-29,33.36,25.49,63.19,0.0,0.46
2003-08-30,35.31,26.03,64.76,0.0,0.46
2003-08-31,30.44,26.11,69.58,0.01,0.46
2003-09-01,33.35,25.42,71.25,0.01,0.46
2003-09-02,32.84,26.04,70.38,0.0,0.46
2003-09-03,33.11,26.09,72.36,0.0,0.46
2003-09-04,33.7,25.96,66.87,0.0,0.46
2003-09-05,35.02,25.62,64.0,0.0,0.46
2003-09-06,33.52,26.36,68.49,0.0,0.46
2003-09-07,32.34,25.97,71.73,0.0,0.46
2003-09-08,35.24,25.62,69.22,0.0,0.46
2003-09-09,32.9,26.53,71.98,0.01,0.46
2003-09-10,30.4,26.36,75.12,0.0,0.46
2003-09-11,35.56,26.04,66.64,0.0,0.46
2003-09-12,32.42,26.19,67.97,0.0,0.46
2003-09-13,34.16,25.71,64.18,0.01,0.46
2003-09-14,33.82,25.68,62.75,0.01,0.46
2003-09-15,36.83,25.71,64.32,0.0,0.46
2003-09-16,36.49,26.03,63.56,0.0,0.46
2003-09-17,32.81,26.61,70.43,0.0,0.46
2003-09-18,33.31,25.97,71.78,0.0,0.46
2003-09-19,32.6,25.75,71.6,0.0,0.46
2003-09-20,35.71,25.3,66.69,0.01,0.46
2003-09-21,34.68,25.93,65.66,0.0,0.46
2003-09-22,33.13,26.2,67.68,0.06,0.46
2003-09-23,34.87,25.77,65.54,0.02,0.46
2003-09-24,34.31,26.85,65.84,0.0,0.46
2003-09-25,35.89,26.36,63.05,0.0,0.46
2003-09-26,38.54,26.38,59.37,0.0,0.46
2003-09-27,34.17,26.99,64.27,0.0,0.46
2003-09-28,36.9,25.98,63.06,0.0,0.46
2003-09-29,35.02,26.92,67.99,0.0,0.46
2003-09-30,33.75,27.16,68.45,0.0,0.46
2003-10-01,33.74,26.98,70.5,0.03,0.46
2003-10-02,32.01,25.84,71.36,0.0,0.46
2003-10-03,34.96,25.07,68.3,0.0,0.46
2003-10-04,37.32,24.42,62.8,0.0,0.46
2003-10-05,37.42,25.79,60.39,0.0,0.46
2003-10-06,36.64,26.38,62.54,0.0,0.46
2003-10-07,35.54,26.63,64.73,0.01,0.46
2003-10-08,33.18,26.27,66.68,0.03,0.46
2003-10-09,37.53,25.39,60.98,0.0,0.46
2003-10-10,37.92,25.95,63.88,0.0,0.46
2003-10-11,38.85,25.74,63.1,0.0,0.46
2003-10-12,35.93,26.68,67.88,0.0,0.46
2003-10-13,37.54,26.2,65.57,0.04,0.46
2003-10-14,33.84,26.93,67.15,0.02,0.46
2003-10-15,33.77,26.39,62.49,0.0,0.46
2003-10-16,37.16,25.95,56.73,0.0,0.46
2003-10-17,37.08,25.36,59.3,0.0,0.46
2003-10-18,38.43,26.25,56.34,0.0,0.46
2003-10-19,38.8,25.87,56.28,0.01,0.46
2003-10-20,38.63,26.67,56.87,0.0,0.46
2003-10-21,36.3,27.19,59.93,0.0,0.46
2003-10-22,37.33,26.92,61.49,0.0,0.46
2003-10-23,38.01,26.83,57.55,0.0,0.46
2003-10-24,37.98,26.53,54.24,0.0,0.46
2003-10-25,37.87,26.06,54.8,0.0,0.46
2003-10-26,34.47,25.92,63.63,0.0,0.46
2003-10-27,37.0,24.93,60.79,0.0,0.46
2003-10-28,38.84,25.52,52.23,0.0,0.46
2003-10-29,39.38,26.25,48.29,0.0,0.46
2003-10-30,38.57,26.54,53.31,0.0,0.46
2003-10-31,36.08,27.29,57.81,0.0,0.46
2003-11-01,38.02,26.46,51.1,0.0,0.46
2003-11-02,38.23,26.46,52.28,0.0,0.46
2003-11-03,38.41,26.09,53.36,0.0,0.46
2003-11-04,38.61,26.13,51.91,0.0,0.46
2003-11-05,38.21,25.67,53.35,0.0,0.46
2003-11-06,37.97,25.6,52.91,0.0,0.46
2003-11-07,37.23,24.44,51.99,0.0,0.46
2003-11-08,37.49,22.85,51.78,0.0,0.46
2003-11-09,37.36,22.35,53.62,0.0,0.46
2003-11-10,38.02,22.62,49.42,0.0,0.46
2003-11-11,38.54,22.37,46.9,0.0,0.46
2003-11-12,37.65,24.07,49.56,0.0,0.46
2003-11-13,37.48,25.45,50.43,0.0,0.46
2003-11-14,38.75,26.25,46.02,0.0,0.46
2003-11-15,38.89,25.25,45.89,0.0,0.46
2003-11-16,38.88,24.34,52.19,0.0,0.46
2003-11-17,37.56,23.55,56.66,0.0,0.46
2003-11-18,36.88,23.08,55.52,0.0,0.46
2003-11-19,37.04,21.48,52.17,0.0,0.46
2003-11-20,36.82,20.71,55.19,0.0,0.46
2003-11-21,35.94,19.96,53.79,0.0,0.46
2003-11-22,36.55,19.88,50.98,0.0,0.46
2003-11-23,36.75,21.31,50.07,0.0,0.46
2003-11-24,36.81,21.8,47.68,0.0,0.46
2003-11-25,37.18,20.27,49.27,0.0,0.46
2003-11-26,37.06,20.36,51.57,0.0,0.46
2003-11-27,37.76,22.97,50.36,0.0,0.46
2003-11-28,36.99,23.8,52.93,0.0,0.46
2003-11-29,35.38,24.15,56.59,0.0,0.46
2003-11-30,35.42,24.0,53.16,0.0,0.46
2003-12-01,35.82,22.85,55.79,0.0,0.46
2003-12-02,35.35,21.92,53.99,0.0,0.46
2003-12-03,34.59,22.27,52.94,0.0,0.46
2003-12-04,34.75,21.95,52.87,0.0,0.46
2003-12-05,34.95,21.92,53.21,0.0,0.46
2003-12-06,34.89,21.25,54.98,0.0,0.46
2003-12-07,34.89,21.55,53.08,0.0,0.46
2003-12-08,35.35,21.61,53.29,0.0,0.46
2003-12-09,35.84,22.38,50.09,0.0,0.46
2003-12-10,35.99,21.48,53.09,0.0,0.46
2003-12-11,36.08,22.37,51.39,0.0,0.46
2003-12-12,36.21,23.63,46.02,0.0,0.46
2003-12-13,36.06,25.17,46.16,0.0,0.46
2003-12-14,35.22,22.85,53.27,0.0,0.46
2003-12-15,34.89,21.42,49.46,0.0,0.46
2003-12-16,34.43,20.64,46.08,0.0,0.46
2003-12-17,34.53,20.99,46.13,0.0,0.46
2003-12-18,32.05,21.62,54.7,0.0,0.46
2003-12-19,35.21,22.0,50.64,0.0,0.46
2003-12-20,33.24,21.58,49.7,0.0,0.46
2003-12-21,33.79,20.46,47.73,0.0,0.46
2003-12-22,33.89,20.93,48.92,0.0,0.46
2003-12-23,34.84,21.1,53.81,0.0,0.46
2003-12-24,34.89,20.47,63.88,0.0,0.46
2003-12-25,35.3,20.51,60.01,0.0,0.46
2003-12-26,35.52,19.95,54.57,0.0,0.46
2003-12-27,35.05,19.82,56.38,0.0,0.46
2003-12-28,33.71,22.55,52.57,0.0,0.46
2003-12-29,33.96,21.25,52.43,0.0,0.46
2003-12-30,34.17,20.18,53.56,0.0,0.46
2003-12-31,34.37,19.37,58.5,0.0,0.46
2004-01-01,33.41,18.57,62.35,0.0,0.46
2004-01-02,33.28,18.61,62.29,0.0,0.46
2004-01-03,33.98,18.65,61.47,0.0,0.46
2004-01-04,33.9,19.12,64.2,0.0,0.46
2004-01-05,34.23,19.61,59.74,0.0,0.46
2004-01-06,35.01,19.81,58.95,0.0,0.46
2004-01-07,35.14,20.07,60.29,0.0,0.46
2004-01-08,32.12,20.05,65.4,0.0,0.46
2004-01-09,33.72,21.16,59.97,0.0,0.46
2004-01-10,35.16,20.05,48.64,0.0,0.46
2004-01-11,35.53,19.18,54.72,0.0,0.46
2004-01-12,33.49,20.73,62.03,0.02,0.46
2004-01-13,34.15,20.22,51.52,0.0,0.46
2004-01-14,33.75,19.46,57.39,0.0,0.46
2004-01-15,33.28,18.39,51.14,0.0,0.46
2004-01-16,34.64,17.21,51.37,0.0,0.46
2004-01-17,34.26,18.12,54.44,0.0,0.46
2004-01-18,33.42,17.32,51.86,0.0,0.46
2004-01-19,33.68,16.92,59.16,0.0,0.46
2004-01-20,33.62,16.5,60.65,0.0,0.46
2004-01-21,33.19,17.33,60.25,0.0,0.46
2004-01-22,34.82,17.12,56.78,0.0,0.46
2004-01-23,35.41,19.22,49.3,0.0,0.46
2004-01-24,35.63,19.51,53.12,0.0,0.46
2004-01-25,32.31,21.36,60.0,0.0,0.46
2004-01-26,34.41,21.15,59.8,0.0,0.46
2004-01-27,33.59,20.57,56.74,0.0,0.46
2004-01-28,33.89,20.83,47.31,0.0,0.46
2004-01-29,33.59,17.65,51.67,0.0,0.46
2004-01-30,33.92,16.91,53.47,0.0,0.46
2004-01-31,35.35,15.95,54.13,0.0,0.46
2004-02-01,37.52,16.73,51.29,0.0,0.46
2004-02-02,35.51,18.59,51.3,0.0,0.46
2004-02-03,35.59,21.16,55.4,0.0,0.46
2004-02-04,33.33,18.31,54.2,0.0,0.46
2004-02-05,33.91,15.76,47.21,0.0,0.46
2004-02-06,33.15,18.94,47.72,0.0,0.46
2004-02-07,34.74,17.73,51.3,0.0,0.46
2004-02-08,33.24,19.63,53.69,0.0,0.46
2004-02-09,34.4,19.49,56.11,0.0,0.46
2004-02-10,35.26,19.09,55.97,0.0,0.46
2004-02-11,35.29,19.61,58.71,0.0,0.46
2004-02-12,35.98,18.58,54.33,0.0,0.46
2004-02-13,35.61,18.81,54.67,0.0,0.46
2004-02-14,34.74,20.42,54.94,0.0,0.46
2004-02-15,35.32,20.35,50.02,0.0,0.46
2004-02-16,35.91,19.25,45.44,0.0,0.46
2004-02-17,35.87,18.51,41.85,0.0,0.46
2004-02-18,36.33,17.65,46.25,0.0,0.46
2004-02-19,35.55,19.11,52.74,0.0,0.46
2004-02-20,34.78,18.77,56.84,0.0,0.46
2004-02-21,34.98,18.41,57.16,0.0,0.46
2004-02-22,36.53,18.4,51.89,0.0,0.46
2004-02-23,34.99,18.47,56.06,0.0,0.46
2004-02-24,35.32,17.92,52.48,0.0,0.46
2004-02-25,36.01,18.98,51.59,0.0,0.46
2004-02-26,36.2,19.11,55.33,0.0,0.46
2004-02-27,36.32,19.42,57.02,0.0,0.46
2004-02-28,35.21,19.54,60.12,0.0,0.46
2004-02-29,34.78,19.39,64.89,0.0,0.46
2004-03-01,36.02,19.56,61.64,0.0,0.46
2004-03-02,37.31,19.02,61.68,0.0,0.46
2004-03-03,38.66,19.96,58.65,0.0,0.46
2004-03-04,38.24,20.13,57.91,0.0,0.46
2004-03-05,37.47,18.24,55.89,0.0,0.46
2004-03-06,37.88,19.26,55.21,0.0,0.46
2004-03-07,38.98,19.52,52.94,0.0,0.46
2004-03-08,34.51,24.71,50.65,0.0,0.46
2004-03-09,36.3,24.54,44.3,0.0,0.46
2004-03-10,37.31,23.76,54.54,0.0,0.46
2004-03-11,37.88,23.19,55.51,0.0,0.46
2004-03-12,38.17,22.92,50.81,0.0,0.46
2004-03-13,38.05,22.07,55.18,0.0,0.46
2004-03-14,41.05,21.85,54.17,0.0,0.46
2004-03-15,39.43,22.96,56.86,0.0,0.46
2004-03-16,39.34,22.84,54.86,0.0,0.46
2004-03-17,38.74,21.25,55.38,0.0,0.46
2004-03-18,39.91,19.95,52.0,0.0,0.46
2004-03-19,39.95,20.91,49.05,0.0,0.46
2004-03-20,39.26,20.66,56.0,0.0,0.46
2004-03-21,39.1,20.69,58.74,0.0,0.46
2004-03-22,38.31,21.84,60.53,0.0,0.46
2004-03-23,38.75,21.52,62.58,0.0,0.46
2004-03-24,38.13,21.42,63.18,0.0,0.46
2004-03-25,38.44,21.58,62.6,0.0,0.46
2004-03-26,39.72,22.11,62.32,0.0,0.46
2004-03-27,39.49,22.84,62.26,0.0,0.46
2004-03-28,39.39,23.34,63.89,0.0,0.46
2004-03-29,39.28,22.63,61.06,0.0,0.46
2004-03-30,39.66,23.44,61.83,0.0,0.46
2004-03-31,39.27,22.99,65.05,0.0,0.46
2004-04-01,39.65,23.76,61.55,0.0,0.46
2004-04-02,39.89,24.48,58.94,0.0,0.46
2004-04-03,39.69,24.72,57.42,0.0,0.46
2004-04-04,39.0,25.19,59.5,0.0,0.46
2004-04-05,39.23,24.05,58.35,0.0,0.46
2004-04-06,38.59,24.37,60.79,0.0,0.46
2004-04-07,39.17,25.44,57.08,0.0,0.46
2004-04-08,35.03,25.33,53.11,0.0,0.46
2004-04-09,38.4,23.72,55.73,0.0,0.46
2004-04-10,39.63,24.19,57.01,0.0,0.46
2004-04-11,40.06,24.03,57.9,0.0,0.46
2004-04-12,40.35,23.75,56.5,0.0,0.46
2004-04-13,40.97,23.69,57.83,0.0,0.46
2004-04-14,40.15,24.71,60.84,0.0,0.46
2004-04-15,40.65,24.65,61.29,0.0,0.46
2004-04-16,39.81,25.79,58.88,0.0,0.46
2004-04-17,39.26,25.03,60.27,0.0,0.46
2004-04-18,40.1,26.18,57.33,0.0,0.46
2004-04-19,40.79,26.0,56.5,0.0,0.46
2004-04-20,41.58,26.95,48.94,0.0,0.46
2004-04-21,40.99,27.07,46.57,0.0,0.46
2004-04-22,40.92,25.73,51.87,0.0,0.46
2004-04-23,41.24,24.9,57.01,0.0,0.46
2004-04-24,41.28,24.42,57.85,0.0,0.46
2004-04-25,41.93,24.6,53.16,1.51,0.46
2004-04-26,42.7,26.0,47.78,0.0,0.46
2004-04-27,41.51,26.85,51.58,0.01,0.46
2004-04-28,41.1,27.02,49.59,0.0,0.46
2004-04-29,39.45,28.66,47.28,0.0,0.46
2004-04-30,39.96,28.09,52.72,0.0,0.46
2004-05-01,41.85,27.49,51.74,0.0,0.46
2004-05-02,41.66,27.6,49.55,0.0,0.46
2004-05-03,41.73,27.75,48.88,0.0,0.46
2004-05-04,41.56,27.4,53.67,0.0,0.46
2004-05-05,39.78,27.92,56.74,0.0,0.46
2004-05-06,38.35,28.33,55.88,0.02,0.46
2004-05-07,38.3,27.7,56.55,0.01,0.46
2004-05-08,35.38,28.77,60.73,0.0,0.46
2004-05-09,38.57,28.15,59.34,0.0,0.46
2004-05-10,37.32,28.87,58.92,0.0,0.46
2004-05-11,33.81,28.14,70.23,0.01,0.46
2004-05-12,33.86,27.47,68.25,0.0,0.46
2004-05-13,33.46,27.61,70.36,0.0,0.46
2004-05-14,35.91,27.86,68.13,0.0,0.46
2004-05-15,34.68,27.78,67.16,0.05,0.46
2004-05-16,33.49,27.28,71.58,2.25,0.46
2004-05-17,34.79,26.85,71.96,7.53,0.47
2004-05-18,33.57,26.45,75.16,4.46,0.48
2004-05-19,33.17,27.4,73.41,0.04,0.48
2004-05-20,32.37,27.82,77.34,0.05,0.47
2004-05-21,32.63,27.2,77.0,0.13,0.47
2004-05-22,33.36,26.65,76.25,1.03,0.47
2004-05-23,32.89,25.98,76.7,2.19,0.47
2004-05-24,31.97,25.74,75.15,0.17,0.47
2004-05-25,34.2,25.31,73.78,3.7,0.48
2004-05-26,34.18,25.09,76.66,2.73,0.48
2004-05-27,31.37,25.38,80.21,2.03,0.48
2004-05-28,30.12,25.26,83.5,4.1,0.48
2004-05-29,32.33,24.72,81.85,4.94,0.49
2004-05-30,31.17,25.24,81.27,0.61,0.49
2004-05-31,31.12,25.8,75.78,0.02,0.49
2004-06-01,32.89,25.28,70.81,0.0,0.48
2004-06-02,34.14,24.92,70.03,0.0,0.48
2004-06-03,34.57,25.45,69.33,0.0,0.48
2004-06-04,35.89,25.38,66.0,0.0,0.48
2004-06-05,35.32,26.45,65.14,0.0,0.47
2004-06-06,33.93,26.72,67.02,0.0,0.47
2004-06-07,34.65,26.57,67.72,0.0,0.47
2004-06-08,34.08,26.35,68.39,0.56,0.47
2004-06-09,30.8,26.48,82.79,3.47,0.47
2004-06-10,31.98,26.04,76.68,0.01,0.47
2004-06-11,33.85,26.86,73.93,0.01,0.47
2004-06-12,34.19,27.42,68.68,0.03,0.47
2004-06-13,33.38,26.52,70.2,0.0,0.47
2004-06-14,36.15,26.44,66.5,0.07,0.47
2004-06-15,33.06,26.8,72.57,0.6,0.47
2004-06-16,31.19,26.79,73.81,0.01,0.47
2004-06-17,31.23,26.63,74.22,0.02,0.47
2004-06-18,34.86,26.74,64.59,0.02,0.47
2004-06-19,35.49,27.34,62.74,0.02,0.47
2004-06-20,35.16,27.3,65.34,0.02,0.47
2004-06-21,33.76,27.94,65.51,0.02,0.46
2004-06-22,33.4,27.59,69.23,0.13,0.46
2004-06-23,35.64,27.01,59.6,0.04,0.46
2004-06-24,36.03,26.01,66.21,0.02,0.46
2004-06-25,36.33,25.14,55.7,0.0,0.46
2004-06-26,35.28,26.65,60.55,0.0,0.46
2004-06-27,30.2,26.29,73.02,0.0,0.46
2004-06-28,32.64,26.72,70.8,0.01,0.46
2004-06-29,33.88,26.6,71.2,0.0,0.46
2004-06-30,35.71,25.92,66.06,0.0,0.46
2004-07-01,34.64,27.57,62.33,0.01,0.46
2004-07-02,32.68,27.19,68.58,0.01,0.46
2004-07-03,36.33,26.98,64.18,0.05,0.46
2004-07-04,34.19,27.59,66.8,0.0,0.46
2004-07-05,34.28,27.03,63.4,0.0,0.46
2004-07-06,32.62,26.86,64.93,0.01,0.46
2004-07-07,36.18,26.43,57.79,0.01,0.46
2004-07-08,37.18,25.75,54.26,0.05,0.46
2004-07-09,37.17,25.64,56.74,0.86,0.46
2004-07-10,34.13,26.7,63.95,0.02,0.46
2004-07-11,31.37,26.47,70.3,0.02,0.46
2004-07-12,32.56,25.83,73.38,0.81,0.46
2004-07-13,31.51,26.08,78.57,10.96,0.47
2004-07-14,30.77,25.85,79.42,0.07,0.48
2004-07-15,32.77,26.15,71.84,0.64,0.48
2004-07-16,35.58,26.28,66.12,0.0,0.48
2004-07-17,33.63,26.04,69.68,0.0,0.48
2004-07-18,35.38,26.11,67.89,0.0,0.47
2004-07-19,35.09,26.93,65.66,0.01,0.47
2004-07-20,34.14,26.53,68.03,0.01,0.47
2004-07-21,31.09,25.69,69.68,0.0,0.47
2004-07-22,33.95,24.86,66.48,0.0,0.47
2004-07-23,34.35,26.31,63.76,0.01,0.47
2004-07-24,32.27,26.0,67.57,0.0,0.47
2004-07-25,33.32,26.26,67.57,0.0,0.47
2004-07-26,33.07,25.87,71.96,0.0,0.47
2004-07-27,32.28,25.86,71.42,0.02,0.47
2004-07-28,32.61,25.91,70.33,0.31,0.47
2004-07-29,35.66,25.59,63.52,0.0,0.46
2004-07-30,35.24,26.27,63.47,0.01,0.46
2004-07-31,32.56,26.62,72.6,0.04,0.46
2004-08-01,31.49,26.06,77.66,0.55,0.46
2004-08-02,30.4,25.69,82.94,8.92,0.47
2004-08-03,31.34,25.72,77.67,1.09,0.48
2004-08-04,31.23,25.12,81.36,17.92,0.5
2004-08-05,30.97,25.12,79.38,0.0,0.51
2004-08-06,32.47,24.97,76.25,0.0,0.51
2004-08-07,33.06,25.62,73.96,0.0,0.5
2004-08-08,33.37,25.78,74.23,0.0,0.5
2004-08-09,32.96,25.81,76.09,0.01,0.5
2004-08-10,33.51,26.3,71.26,0.0,0.49
2004-08-11,32.44,26.2,71.57,0.0,0.49
2004-08-12,31.2,25.85,74.31,0.02,0.49
2004-08-13,31.05,26.11,78.49,0.02,0.49
2004-08-14,31.34,25.9,76.79,0.0,0.49
2004-08-15,30.26,26.0,78.31,0.01,0.49
2004-08-16,31.7,25.9,75.57,0.06,0.48
2004-08-17,32.07,26.14,76.19,0.53,0.48
2004-08-18,32.29,25.68,80.6,1.93,0.48
2004-08-19,31.76,25.74,76.7,0.0,0.48
2004-08-20,33.56,25.66,72.91,0.0,0.48
2004-08-21,32.62,25.42,74.22,0.0,0.48
2004-08-22,31.33,26.11,78.18,0.0,0.48
2004-08-23,34.29,25.11,74.02,0.0,0.48
2004-08-24,32.67,25.79,74.76,0.0,0.47
2004-08-25,32.39,25.64,74.1,0.0,0.47
2004-08-26,33.88,26.17,71.01,0.0,0.47
2004-08-27,33.45,26.11,71.4,0.0,0.47
2004-08-28,33.46,26.84,67.32,0.0,0.47
2004-08-29,34.37,26.26,68.19,0.01,0.47
2004-08-30,34.72,25.86,68.98,0.0,0.47
2004-08-31,31.05,25.93,70.94,0.0,0.47
2004-09-01,32.04,26.23,71.21,0.0,0.47
2004-09-02,34.04,25.82,69.85,0.01,0.47
2004-09-03,31.62,26.21,69.96,0.0,0.47
2004-09-04,36.71,25.01,65.66,0.0,0.47
2004-09-05,36.57,25.28,61.33,0.0,0.46
2004-09-06,34.53,26.47,66.26,0.01,0.46
2004-09-07,35.2,26.27,65.9,0.0,0.46
2004-09-08,31.34,26.5,75.57,0.02,0.46
2004-09-09,31.0,25.96,78.66,1.54,0.46
2004-09-10,32.62,25.75,78.31,8.41,0.48
2004-09-11,31.76,25.45,75.82,0.01,0.48
2004-09-12,32.76,25.69,73.39,0.0,0.48
2004-09-13,32.94,25.46,73.55,0.1,0.47
2004-09-14,32.68,25.92,76.06,1.4,0.47
2004-09-15,33.12,25.75,70.59,0.04,0.47
2004-09-16,33.16,24.58,72.05,0.0,0.47
2004-09-17,33.03,24.87,70.42,0.01,0.47
2004-09-18,35.24,25.27,66.55,0.05,0.47
2004-09-19,36.18,25.23,63.45,0.0,0.47
2004-09-20,35.04,25.58,64.09,0.01,0.47
2004-09-21,33.38,26.47,67.69,0.21,0.47
2004-09-22,32.71,25.24,74.79,5.01,0.47
2004-09-23,35.61,24.2,69.44,0.0,0.47
2004-09-24,36.5,24.96,66.16,0.0,0.47
2004-09-25,34.15,25.84,66.31,0.0,0.47
2004-09-26,38.06,25.77,60.54,0.0,0.47
2004-09-27,39.16,27.41,53.24,0.0,0.47
2004-09-28,36.46,27.46,56.97,0.01,0.46
2004-09-29,35.09,27.25,59.56,0.0,0.46
2004-09-30,38.47,26.42,55.5,0.0,0.46
2004-10-01,33.28,26.99,65.59,0.02,0.46
2004-10-02,34.18,25.66,63.66,0.23,0.46
2004-10-03,36.15,24.7,69.1,1.69,0.46
2004-10-04,37.65,24.55,62.32,0.0,0.46
2004-10-05,37.58,24.8,61.12,0.02,0.46
2004-10-06,35.6,25.25,63.38,0.05,0.46
2004-10-07,38.06,25.3,59.59,0.0,0.46
2004-10-08,38.9,25.26,59.7,0.0,0.46
2004-10-09,39.04,25.83,59.14,0.17,0.46
2004-10-10,38.32,26.05,61.02,1.05,0.46
2004-10-11,37.7,26.8,61.31,0.62,0.46
2004-10-12,35.11,26.64,62.36,0.18,0.46
2004-10-13,33.1,26.0,67.59,0.68,0.46
2004-10-14,36.15,25.29,63.29,0.17,0.46
2004-10-15,36.55,25.42,61.36,0.02,0.46
2004-10-16,38.48,24.77,57.04,0.0,0.46
2004-10-17,37.72,26.03,56.95,0.0,0.46
2004-10-18,35.96,26.23,63.15,0.0,0.46
2004-10-19,36.64,26.23,56.68,0.0,0.46
2004-10-20,39.01,25.32,53.31,0.0,0.46
2004-10-21,39.72,25.87,49.47,0.01,0.46
2004-10-22,37.35,26.57,54.77,0.45,0.46
2004-10-23,35.41,26.96,54.19,0.0,0.46
2004-10-24,37.68,26.19,47.55,0.0,0.46
2004-10-25,38.7,25.16,46.26,0.0,0.46
2004-10-26,38.98,26.06,47.96,0.0,0.46
2004-10-27,37.0,24.26,46.5,0.0,0.46
2004-10-28,37.06,22.82,49.26,0.0,0.46
2004-10-29,37.96,24.57,49.7,0.0,0.46
2004-10-30,39.1,25.42,48.73,0.0,0.46
2004-10-31,39.46,25.2,48.62,0.0,0.46
2004-11-01,38.4,24.98,50.84,0.0,0.46
2004-11-02,38.17,25.84,48.86,0.0,0.46
2004-11-03,38.1,26.3,49.34,0.0,0.46
2004-11-04,38.11,26.87,48.98,0.0,0.46
2004-11-05,38.63,26.62,51.25,0.0,0.46
2004-11-06,38.85,26.56,49.72,0.0,0.46
2004-11-07,38.4,25.95,53.07,0.0,0.46
2004-11-08,38.91,25.73,51.33,0.0,0.46
2004-11-09,38.23,24.97,59.25,0.0,0.46
2004-11-10,37.71,23.93,57.87,0.0,0.46
2004-11-11,38.09,23.22,56.3,0.0,0.46
2004-11-12,39.27,23.5,52.27,0.0,0.46
2004-11-13,39.1,23.93,49.24,0.0,0.46
2004-11-14,38.19,22.87,47.42,0.0,0.46
2004-11-15,38.49,22.16,50.27,0.0,0.46
2004-11-16,37.87,22.51,50.03,0.0,0.46
2004-11-17,37.57,22.38,47.73,0.01,0.46
2004-11-18,36.17,24.08,56.84,0.0,0.46
2004-11-19,36.19,25.22,57.67,0.01,0.46
2004-11-20,36.07,26.07,55.39,0.12,0.46
2004-11-21,36.14,25.46,54.23,0.15,0.46
2004-11-22,35.01,25.01,52.91,0.0,0.46
2004-11-23,34.82,23.33,48.91,0.0,0.46
2004-11-24,35.58,22.17,46.41,0.0,0.46
2004-11-25,36.22,22.48,45.47,0.03,0.46
2004-11-26,36.04,24.27,51.12,0.15,0.46
2004-11-27,36.23,25.41,52.2,0.01,0.46
2004-11-28,34.57,25.1,53.65,0.3,0.46
2004-11-29,33.9,24.13,70.13,8.84,0.46
2004-11-30,33.88,23.82,65.8,0.0,0.47
2004-12-01,34.43,23.03,61.88,0.0,0.47
2004-12-02,35.25,23.03,56.16,0.0,0.47
2004-12-03,35.28,21.42,54.56,0.0,0.47
2004-12-04,34.85,19.36,52.08,0.0,0.47
2004-12-05,34.68,19.98,51.43,0.0,0.46
2004-12-06,34.05,20.75,52.04,0.0,0.46
2004-12-07,33.69,21.03,51.13,0.0,0.46
2004-12-08,33.44,19.82,47.26,0.0,0.46
2004-12-09,33.02,18.52,50.13,0.0,0.46
2004-12-10,33.14,17.89,49.58,0.0,0.46
2004-12-11,33.93,17.84,49.7,0.0,0.46
2004-12-12,34.36,17.85,48.69,0.0,0.46
2004-12-13,34.04,18.5,47.58,0.0,0.46
2004-12-14,33.17,18.66,49.21,0.0,0.46
2004-12-15,32.77,18.75,52.43,0.0,0.46
2004-12-16,32.72,20.36,55.59,0.0,0.46
2004-12-17,33.27,19.75,52.79,0.0,0.46
2004-12-18,33.86,17.89,49.29,0.0,0.46
2004-12-19,33.62,18.58,52.94,0.0,0.46
2004-12-20,33.07,18.04,54.37,0.0,0.46
2004-12-21,32.89,17.54,61.15,0.0,0.46
2004-12-22,32.82,18.06,63.05,0.0,0.46
2004-12-23,33.58,17.92,53.32,0.0,0.46
2004-12-24,34.36,17.33,49.04,0.0,0.46
2004-12-25,34.7,18.37,49.73,0.0,0.46
2004-12-26,34.04,17.98,59.18,0.0,0.46
2004-12-27,33.05,17.39,63.07,0.0,0.46
2004-12-28,34.2,17.14,54.06,0.0,0.46
2004-12-29,34.85,18.33,55.43,0.0,0.46
2004-12-30,33.61,18.8,63.83,0.0,0.46
2004-12-31,34.56,17.77,57.14,0.0,0.46
2005-01-01,33.0,17.02,56.94,0.0,0.46
2005-01-02,33.83,18.36,52.42,0.0,0.46
2005-01-03,34.11,18.2,53.68,0.0,0.46
2005-01-04,34.48,18.03,46.49,0.0,0.46
2005-01-05,34.22,17.35,49.75,0.0,0.46
2005-01-06,34.71,18.79,54.95,0.0,0.46
2005-01-07,34.72,19.53,56.19,0.0,0.46
2005-01-08,34.25,20.12,61.31,0.0,0.46
2005-01-09,33.27,19.29,55.27,0.0,0.46
2005-01-10,33.08,17.81,55.06,0.0,0.46
2005-01-11,32.87,17.14,51.61,0.01,0.46
2005-01-12,33.64,16.53,49.17,0.0,0.46
2005-01-13,32.61,16.63,65.7,0.0,0.46
2005-01-14,32.14,17.64,60.81,0.0,0.46
2005-01-15,32.73,17.57,58.94,0.0,0.46
2005-01-16,33.38,17.54,57.27,0.0,0.46
2005-01-17,33.8,18.79,59.5,0.0,0.46
2005-01-18,33.57,19.9,64.2,0.0,0.46
2005-01-19,34.14,20.88,64.08,0.0,0.46
2005-01-20,33.52,18.16,59.67,0.0,0.46
2005-01-21,33.95,17.08,52.92,0.0,0.46
2005-01-22,34.52,16.38,56.24,0.03,0.46
2005-01-23,33.63,20.04,57.34,0.0,0.46
2005-01-24,33.51,20.23,56.48,0.0,0.46
2005-01-25,33.91,17.51,61.58,0.0,0.46
2005-01-26,33.6,18.58,59.85,0.0,0.46
2005-01-27,35.33,18.13,56.28,0.0,0.46
2005-01-28,36.35,18.53,52.36,0.0,0.46
2005-01-29,36.91,19.22,52.21,0.0,0.46
2005-01-30,37.77,19.62,46.6,0.0,0.46
2005-01-31,37.89,19.74,52.66,0.0,0.46
2005-02-01,38.14,19.99,57.22,0.0,0.46
2005-02-02,35.85,21.01,56.18,0.0,0.46
2005-02-03,35.83,20.35,58.47,0.0,0.46
2005-02-04,35.93,19.63,58.81,0.0,0.46
2005-02-05,35.42,21.49,55.5,0.0,0.46
2005-02-06,34.96,19.17,52.96,0.0,0.46
2005-02-07,36.83,17.17,47.97,0.0,0.46
2005-02-08,37.98,17.88,46.67,0.0,0.46
2005-02-09,37.9,17.68,50.13,0.0,0.46
2005-02-10,38.28,19.02,50.26,0.0,0.46
2005-02-11,38.32,18.4,50.62,0.0,0.46
2005-02-12,37.26,18.8,58.27,0.0,0.46
2005-02-13,36.86,17.75,60.7,0.0,0.46
2005-02-14,36.18,19.2,60.84,0.0,0.46
2005-02-15,36.15,19.62,60.62,0.0,0.46
2005-02-16,36.47,19.25,61.04,0.0,0.46
2005-02-17,36.46,19.41,60.8,0.0,0.46
2005-02-18,37.97,18.02,61.43,0.0,0.46
2005-02-19,39.44,19.43,57.99,0.0,0.46
2005-02-20,39.32,19.42,56.96,0.0,0.46
2005-02-21,38.15,19.81,58.49,0.0,0.46
2005-02-22,38.1,19.05,58.43,0.0,0.46
2005-02-23,37.5,19.64,59.53,0.0,0.46
2005-02-24,36.76,19.0,58.79,0.0,0.46
2005-02-25,37.41,19.42,56.54,0.0,0.46
2005-02-26,37.54,19.32,54.67,0.0,0.46
2005-02-27,37.59,18.72,58.79,0.0,0.46
2005-02-28,36.48,18.97,58.13,0.0,0.46
2005-03-01,38.62,19.6,57.11,0.0,0.46
2005-03-02,38.23,20.51,58.25,0.0,0.46
2005-03-03,38.85,21.23,56.18,0.0,0.46
2005-03-04,38.95,20.88,54.95,0.0,0.46
2005-03-05,36.61,22.64,56.23,0.0,0.46
2005-03-06,36.16,22.69,55.69,0.0,0.46
2005-03-07,36.98,23.97,57.94,0.0,0.46
2005-03-08,38.13,23.31,55.67,0.0,0.46
2005-03-09,38.23,22.26,59.78,0.0,0.46
2005-03-10,38.14,21.53,62.88,0.0,0.46
2005-03-11,39.45,22.09,59.06,0.0,0.46
2005-03-12,40.23,22.46,58.48,0.0,0.46
2005-03-13,38.62,23.77,57.0,0.0,0.46
2005-03-14,37.73,22.58,54.69,0.0,0.46
2005-03-15,35.33,23.73,60.64,0.0,0.46
2005-03-16,38.07,22.13,49.89,0.0,0.46
2005-03-17,39.58,22.17,47.68,0.0,0.46
2005-03-18,40.07,22.13,48.75,0.0,0.46
2005-03-19,40.74,23.37,51.3,0.13,0.46
2005-03-20,40.4,23.83,51.99,0.0,0.46
2005-03-21,40.9,23.57,45.6,0.0,0.46
2005-03-22,39.9,23.12,51.17,0.0,0.46
2005-03-23,40.1,23.42,56.19,0.0,0.46
2005-03-24,40.19,22.63,55.16,0.19,0.46
2005-03-25,39.54,23.93,53.3,0.0,0.46
2005-03-26,38.1,24.85,55.97,0.0,0.46
2005-03-27,37.92,22.91,57.19,0.0,0.46
2005-03-28,39.6,22.4,51.76,0.0,0.46
2005-03-29,39.1,21.58,53.59,0.0,0.46
2005-03-30,40.06,22.45,48.51,0.0,0.46
2005-03-31,39.89,22.3,54.93,0.0,0.46
2005-04-01,41.51,22.17,54.05,0.0,0.46
2005-04-02,40.51,23.7,53.56,0.21,0.46
2005-04-03,37.01,26.47,60.06,6.03,0.46
2005-04-04,39.19,26.18,53.66,0.0,0.47
2005-04-05,33.7,24.65,57.54,0.0,0.47
2005-04-06,39.24,23.6,52.4,0.0,0.46
2005-04-07,39.06,24.35,53.65,0.0,0.46
2005-04-08,38.39,25.46,56.74,0.0,0.46
2005-04-09,39.06,25.68,61.6,0.0,0.46
2005-04-10,37.3,25.95,64.41,0.02,0.46
2005-04-11,39.34,25.58,62.32,0.39,0.46
2005-04-12,39.58,25.44,62.21,0.0,0.46
2005-04-13,37.98,26.43,63.56,0.0,0.46
2005-04-14,39.59,25.03,56.95,0.0,0.46
2005-04-15,39.67,22.69,58.35,0.0,0.46
2005-04-16,39.65,23.32,58.82,0.0,0.46
2005-04-17,40.29,22.93,57.37,0.0,0.46
2005-04-18,40.32,23.32,58.52,0.52,0.46
2005-04-19,39.36,24.28,54.7,0.07,0.46
2005-04-20,38.69,26.08,59.56,2.37,0.46
2005-04-21,36.89,27.79,56.06,0.04,0.46
2005-04-22,38.31,27.3,54.98,0.0,0.46
2005-04-23,39.45,27.26,54.82,0.0,0.46
2005-04-24,40.35,26.23,57.51,0.0,0.46
2005-04-25,40.71,25.58,59.78,0.0,0.46
2005-04-26,38.94,25.26,61.89,0.0,0.46
2005-04-27,38.84,26.53,61.76,0.0,0.46
2005-04-28,39.39,26.59,59.7,0.0,0.46
2005-04-29,38.2,26.3,58.2,0.0,0.46
2005-04-30,38.96,26.65,54.83,0.0,0.46
2005-05-01,38.13,25.81,55.79,0.0,0.46
2005-05-02,36.47,27.29,57.79,0.0,0.46
2005-05-03,37.93,26.97,55.75,0.0,0.46
2005-05-04,36.98,27.04,56.55,0.0,0.46
2005-05-05,35.7,26.76,59.9,0.0,0.46
2005-05-06,34.69,25.96,58.04,0.0,0.46
2005-05-07,36.16,26.8,59.35,0.02,0.46
2005-05-08,35.05,26.79,64.82,0.01,0.46
2005-05-09,39.66,25.87,58.06,0.0,0.46
2005-05-10,37.96,27.39,59.0,0.0,0.46
2005-05-11,37.25,27.83,62.29,0.0,0.46
2005-05-12,37.94,27.83,64.98,0.0,0.46
2005-05-13,37.61,27.45,63.61,0.0,0.46
2005-05-14,35.96,27.56,65.37,0.0,0.46
2005-05-15,39.95,26.94,60.79,0.0,0.46
2005-05-16,40.88,28.01,57.04,0.0,0.46
2005-05-17,40.7,27.4,56.7,0.0,0.46
2005-05-18,41.94,27.22,54.91,0.0,0.46
2005-05-19,41.78,27.68,52.79,0.0,0.46
2005-05-20,40.53,28.78,49.56,0.0,0.46
2005-05-21,38.9,28.23,52.9,0.01,0.46
2005-05-22,37.81,28.25,54.3,0.0,0.46
2005-05-23,39.4,28.44,53.59,0.0,0.46
2005-05-24,36.94,28.53,61.07,0.0,0.46
2005-05-25,34.28,28.05,64.99,0.0,0.46
2005-05-26,35.73,27.72,68.15,0.0,0.46
2005-05-27,30.64,26.94,77.64,0.0,0.46
2005-05-28,36.8,26.57,61.38,0.0,0.46
2005-05-29,35.68,27.23,67.61,0.03,0.46
2005-05-30,32.95,27.91,75.11,0.01,0.46
2005-05-31,34.8,28.07,61.3,0.0,0.46
2005-06-01,33.32,27.61,69.85,0.01,0.46
2005-06-02,34.19,27.61,66.3,0.01,0.46
2005-06-03,34.26,26.76,67.85,0.01,0.46
2005-06-04,34.68,27.26,67.27,0.01,0.46
2005-06-05,36.0,26.9,62.19,0.0,0.46
2005-06-06,35.22,26.87,64.9,0.0,0.46
2005-06-07,36.28,27.09,65.62,0.0,0.46
2005-06-08,32.01,26.88,70.58,0.0,0.46
2005-06-09,30.41,26.38,76.55,0.01,0.46
2005-06-10,33.45,27.55,67.55,0.01,0.46
2005-06-11,34.63,27.08,67.7,0.01,0.46
2005-06-12,35.81,27.6,65.41,0.0,0.46
2005-06-13,34.86,27.58,61.92,0.0,0.46
2005-06-14,37.31,27.17,59.21,0.0,0.46
2005-06-15,34.49,28.22,66.3,0.0,0.46
2005-06-16,33.23,27.7,71.33,0.03,0.46
2005-06-17,35.53,27.04,63.0,0.01,0.46
2005-06-18,34.61,26.88,60.84,0.0,0.46
2005-06-19,33.08,27.29,69.0,0.02,0.46
2005-06-20,32.38,27.19,71.65,0.07,0.46
2005-06-21,35.38,27.15,66.94,0.02,0.46
2005-06-22,33.99,27.14,67.67,0.02,0.46
2005-06-23,34.77,27.05,66.7,0.03,0.46
2005-06-24,35.07,27.37,66.05,0.01,0.46
2005-06-25,34.19,27.52,67.11,0.94,0.46
2005-06-26,33.5,27.11,73.38,5.92,0.47
2005-06-27,32.26,26.48,80.35,10.4,0.48
2005-06-28,31.61,26.09,78.1,0.01,0.49
2005-06-29,34.24,26.0,69.55,0.0,0.48
2005-06-30,32.05,26.66,73.29,0.0,0.48
2005-07-01,31.0,26.36,74.49,0.0,0.48
2005-07-02,31.34,26.4,73.88,0.0,0.48
2005-07-03,32.27,26.67,74.25,0.0,0.48
2005-07-04,33.7,25.96,70.12,0.0,0.47
2005-07-05,31.67,26.0,74.75,0.0,0.47
2005-07-06,33.17,25.67,70.73,0.0,0.47
2005-07-07,34.5,26.58,69.49,0.0,0.47
2005-07-08,33.6,26.36,69.93,0.02,0.47
2005-07-09,32.5,26.57,72.18,0.09,0.47
2005-07-10,35.68,25.97,65.2,0.0,0.47
2005-07-11,36.01,26.75,59.56,0.0,0.47
2005-07-12,39.14,26.03,60.07,0.02,0.47
2005-07-13,33.12,27.64,66.21,0.04,0.46
2005-07-14,32.76,26.3,65.89,0.0,0.46
2005-07-15,37.32,25.71,60.65,0.02,0.46
2005-07-16,36.09,26.71,58.6,0.04,0.46
2005-07-17,36.87,27.12,62.28,0.0,0.46
2005-07-18,37.52,27.13,62.42,0.0,0.46
2005-07-19,35.42,27.79,66.02,0.01,0.46
2005-07-20,34.17,27.2,68.63,0.0,0.46
2005-07-21,34.25,26.61,70.23,0.01,0.46
2005-07-22,33.13,26.93,70.98,0.09,0.46
2005-07-23,33.03,26.9,72.6,0.03,0.46
2005-07-24,33.7,26.54,71.04,0.1,0.46
2005-07-25,33.14,27.03,69.67,0.18,0.46
2005-07-26,33.48,26.95,68.59,0.01,0.46
2005-07-27,32.79,26.52,72.61,0.01,0.46
2005-07-28,33.32,26.92,71.13,0.01,0.46
2005-07-29,34.22,27.48,68.74,0.01,0.46
2005-07-30,33.22,27.52,70.32,0.07,0.46
2005-07-31,34.17,26.83,68.63,0.03,0.46
2005-08-01,31.21,27.39,75.5,0.13,0.46
2005-08-02,31.04,26.84,76.0,0.0,0.46
2005-08-03,32.55,26.77,71.91,0.01,0.46
2005-08-04,33.27,27.11,69.71,0.02,0.46
2005-08-05,33.42,26.55,69.0,0.01,0.46
2005-08-06,36.07,27.03,64.63,0.01,0.46
2005-08-07,35.09,27.79,67.59,0.02,0.46
2005-08-08,32.44,27.32,70.13,0.01,0.46
2005-08-09,34.68,27.66,67.88,0.04,0.46
2005-08-10,31.7,27.05,72.69,0.01,0.46
2005-08-11,33.35,26.51,68.83,0.01,0.46
2005-08-12,35.56,26.48,65.47,0.02,0.46
2005-08-13,32.18,26.37,72.92,0.02,0.46
2005-08-14,33.6,26.34,72.05,0.05,0.46
2005-08-15,32.55,26.51,69.84,0.03,0.46
2005-08-16,34.85,26.53,66.99,0.0,0.46
2005-08-17,33.33,26.16,72.94,0.01,0.46
2005-08-18,32.06,26.64,74.79,0.01,0.46
2005-08-19,32.31,26.76,73.2,0.04,0.46
2005-08-20,33.07,26.14,71.82,0.0,0.46
2005-08-21,33.11,26.16,70.89,0.0,0.46
2005-08-22,34.7,26.12,68.23,0.0,0.46
2005-08-23,34.61,26.14,65.71,0.0,0.46
2005-08-24,35.77,25.94,65.14,0.0,0.46
2005-08-25,34.39,25.97,68.07,0.0,0.46
2005-08-26,32.89,26.28,70.09,0.0,0.46
2005-08-27,35.39,26.06,69.65,0.0,0.46
2005-08-28,35.26,26.21,64.87,0.0,0.46
2005-08-29,32.18,26.21,71.35,0.0,0.46
2005-08-30,31.97,26.1,72.75,0.0,0.46
2005-08-31,35.89,26.1,68.86,0.03,0.46
2005-09-01,34.19,26.63,68.13,0.01,0.46
2005-09-02,33.28,26.6,71.12,0.0,0.46
2005-09-03,34.4,26.46,65.58,0.0,0.46
2005-09-04,37.82,26.42,60.06,0.07,0.46
2005-09-05,35.32,26.5,60.95,0.0,0.46
2005-09-06,34.74,26.97,67.28,0.0,0.46
2005-09-07,32.26,26.98,73.79,0.05,0.46
2005-09-08,34.84,26.27,71.35,0.09,0.46
2005-09-09,34.48,26.52,70.61,0.02,0.46
2005-09-10,30.85,25.84,75.09,0.0,0.46
2005-09-11,31.61,26.01,77.22,0.01,0.46
2005-09-12,31.53,25.79,73.63,0.01,0.46
2005-09-13,35.82,25.05,65.32,0.0,0.46
2005-09-14,37.33,26.05,66.19,0.01,0.46
2005-09-15,31.47,27.25,76.41,0.02,0.46
2005-09-16,34.49,26.75,72.81,0.0,0.46
2005-09-17,34.62,26.01,69.11,0.0,0.46
2005-09-18,35.82,26.45,62.3,0.0,0.46
2005-09-19,31.25,26.65,73.52,0.03,0.46
2005-09-20,32.72,26.16,69.16,0.03,0.46
2005-09-21,35.76,25.32,64.18,0.01,0.46
2005-09-22,34.87,25.69,67.17,0.0,0.46
2005-09-23,35.25,26.05,63.96,0.0,0.46
2005-09-24,34.32,25.68,68.94,0.0,0.46
2005-09-25,34.82,26.22,69.94,0.0,0.46
2005-09-26,32.78,26.94,72.69,0.0,0.46
2005-09-27,36.97,25.66,67.65,0.0,0.46
2005-09-28,33.03,26.91,68.55,0.01,0.46
2005-09-29,32.72,26.55,68.1,0.01,0.46
2005-09-30,33.92,25.96,66.46,0.0,0.46
2005-10-01,37.62,25.36,61.31,0.0,0.46
2005-10-02,37.67,26.09,61.47,0.0,0.46
2005-10-03,36.91,25.61,64.49,0.0,0.46
2005-10-04,37.25,25.3,59.8,0.0,0.46
2005-10-05,33.28,26.63,65.91,0.0,0.46
2005-10-06,32.61,25.82,68.2,0.0,0.46
2005-10-07,38.1,25.47,59.25,0.01,0.46
2005-10-08,37.46,26.92,58.15,0.0,0.46
2005-10-09,38.21,27.07,57.7,0.0,0.46
2005-10-10,35.81,26.12,58.61,0.0,0.46
2005-10-11,39.0,26.77,53.39,0.0,0.46
2005-10-12,38.75,27.33,53.34,0.0,0.46
2005-10-13,35.51,27.23,59.42,0.05,0.46
2005-10-14,34.94,27.67,62.08,0.01,0.46
2005-10-15,33.25,26.72,67.24,0.0,0.46
2005-10-16,36.93,25.93,57.22,0.0,0.46
2005-10-17,37.26,25.46,59.56,0.0,0.46
2005-10-18,38.67,24.28,58.87,0.0,0.46
2005-10-19,37.71,25.73,57.81,0.0,0.46
2005-10-20,37.09,26.58,55.51,0.0,0.46
2005-10-21,37.86,26.4,53.04,0.0,0.46
2005-10-22,38.69,27.05,51.69,0.0,0.46
2005-10-23,38.35,25.98,53.21,0.0,0.46
2005-10-24,37.37,26.25,57.67,0.0,0.46
2005-10-25,34.78,26.43,62.18,0.0,0.46
2005-10-26,34.9,25.62,65.88,0.0,0.46
2005-10-27,32.38,26.26,72.72,0.0,0.46
2005-10-28,33.46,25.34,67.97,0.02,0.46
2005-10-29,35.58,25.61,66.21,0.0,0.46
2005-10-30,36.14,26.53,61.78,0.03,0.46
2005-10-31,33.32,26.26,66.16,0.07,0.46
2005-11-01,35.88,25.85,61.64,0.0,0.46
2005-11-02,36.37,26.01,60.3,0.0,0.46
2005-11-03,37.61,25.38,60.96,0.0,0.46
2005-11-04,35.3,26.83,59.17,0.0,0.46
2005-11-05,33.59,27.14,61.49,0.0,0.46
2005-11-06,33.91,26.08,63.57,0.0,0.46
2005-11-07,33.51,25.43,68.68,0.0,0.46
2005-11-08,35.04,25.37,64.33,0.0,0.46
2005-11-09,33.15,24.87,71.44,0.01,0.46
2005-11-10,32.0,25.37,70.44,0.0,0.46
2005-11-11,35.34,24.48,63.7,0.0,0.46
2005-11-12,38.65,24.94,56.34,0.0,0.46
2005-11-13,37.74,24.64,60.98,0.0,0.46
2005-11-14,36.97,23.18,57.72,0.0,0.46
2005-11-15,37.1,20.96,55.8,0.0,0.46
2005-11-16,37.05,20.07,55.63,0.0,0.46
2005-11-17,36.58,22.54,56.48,0.0,0.46
2005-11-18,37.06,24.15,55.3,0.0,0.46
2005-11-19,36.08,25.69,54.4,0.0,0.46
2005-11-20,36.13,25.15,53.2,0.0,0.46
2005-11-21,35.51,23.99,52.09,0.0,0.46
2005-11-22,35.32,22.75,50.48,0.0,0.46
2005-11-23,35.05,21.33,51.27,0.0,0.46
2005-11-24,35.24,20.33,53.53,0.0,0.46
2005-11-25,35.98,21.23,52.51,0.0,0.46
2005-11-26,35.66,23.73,53.14,0.0,0.46
2005-11-27,36.3,24.03,51.59,0.0,0.46
2005-11-28,37.51,24.65,52.44,0.0,0.46
2005-11-29,35.49,26.04,57.34,0.0,0.46
2005-11-30,35.16,25.28,56.82,0.0,0.46
2005-12-01,35.45,24.61,60.78,0.0,0.46
2005-12-02,36.96,24.56,56.64,0.0,0.46
2005-12-03,37.21,24.65,56.99,0.0,0.46
2005-12-04,36.13,24.96,54.73,0.0,0.46
2005-12-05,30.34,25.39,64.92,0.0,0.46
2005-12-06,32.11,24.24,69.49,0.0,0.46
2005-12-07,27.79,22.56,71.1,0.0,0.46
2005-12-08,32.52,21.92,64.97,0.0,0.46
2005-12-09,34.19,22.64,61.29,0.0,0.46
2005-12-10,35.45,25.1,62.66,0.0,0.46
2005-12-11,36.36,23.93,62.22,0.0,0.46
2005-12-12,36.41,24.25,60.24,0.0,0.46
2005-12-13,35.82,25.58,53.4,0.0,0.46
2005-12-14,36.28,22.74,51.9,0.0,0.46
2005-12-15,34.03,22.39,50.71,0.0,0.46
2005-12-16,34.81,21.29,50.3,0.0,0.46
2005-12-17,35.88,22.24,48.59,0.0,0.46
2005-12-18,33.45,22.25,47.48,0.0,0.46
2005-12-19,33.55,20.43,49.97,0.0,0.46
2005-12-20,33.21,19.65,48.62,0.0,0.46
2005-12-21,34.15,18.9,54.99,0.0,0.46
2005-12-22,25.51,20.43,50.47,0.25,0.46
2005-12-23,28.62,18.69,60.14,0.0,0.46
2005-12-24,30.87,22.39,71.4,0.02,0.46
2005-12-25,32.17,23.32,72.46,0.57,0.46
2005-12-26,33.79,22.11,67.61,0.01,0.46
2005-12-27,34.43,21.6,50.03,0.0,0.46
2005-12-28,34.38,18.11,44.35,0.0,0.46
2005-12-29,34.29,19.02,57.5,0.0,0.46
2005-12-30,34.06,19.21,59.99,0.0,0.46
2005-12-31,34.84,19.41,54.09,0.0,0.46
2006-01-01,35.66,17.89,45.44,0.0,0.46
2006-01-02,36.34,17.32,42.01,0.0,0.46
2006-01-03,35.94,16.67,40.06,0.0,0.46
2006-01-04,35.23,17.76,51.04,0.0,0.46
2006-01-05,35.5,17.5,49.87,0.0,0.46
2006-01-06,36.86,20.94,45.46,0.0,0.46
2006-01-07,36.07,22.16,49.63,0.0,0.46
2006-01-08,36.65,23.6,52.1,0.0,0.46
2006-01-09,35.99,21.3,52.98,0.0,0.46
2006-01-10,35.08,22.62,53.24,0.0,0.46
2006-01-11,36.3,21.14,53.38,0.0,0.46
2006-01-12,36.2,19.65,53.08,0.0,0.46
2006-01-13,35.51,18.53,57.24,0.0,0.46
2006-01-14,35.08,17.37,56.49,0.0,0.46
2006-01-15,34.09,16.69,53.74,0.0,0.46
2006-01-16,34.47,16.94,52.19,0.0,0.46
2006-01-17,34.93,18.02,52.0,0.0,0.46
2006-01-18,34.53,17.95,55.91,0.0,0.46
2006-01-19,34.6,18.75,60.66,0.0,0.46
2006-01-20,35.13,19.4,64.07,0.0,0.46
2006-01-21,35.32,19.17,58.05,0.0,0.46
2006-01-22,35.36,18.52,55.72,0.0,0.46
2006-01-23,35.63,18.81,49.95,0.0,0.46
2006-01-24,34.7,18.74,56.97,0.0,0.46
2006-01-25,32.19,20.6,58.86,0.0,0.46
2006-01-26,34.96,19.65,55.89,0.0,0.46
2006-01-27,34.11,19.66,57.63,0.0,0.46
2006-01-28,34.44,19.09,53.93,0.0,0.46
2006-01-29,34.67,18.73,53.51,0.0,0.46
2006-01-30,34.93,18.95,54.94,0.0,0.46
2006-01-31,36.08,18.72,53.55,0.0,0.46
2006-02-01,37.04,19.82,52.17,0.0,0.46
2006-02-02,37.2,20.28,49.3,0.0,0.46
2006-02-03,37.66,19.93,46.94,0.0,0.46
2006-02-04,36.16,18.78,53.65,0.0,0.46
2006-02-05,34.85,18.06,56.71,0.0,0.46
2006-02-06,35.4,17.95,51.24,0.0,0.46
2006-02-07,35.84,18.47,54.82,0.0,0.46
2006-02-08,36.15,22.08,46.53,0.0,0.46
2006-02-09,33.89,22.73,49.35,0.0,0.46
2006-02-10,35.22,21.4,48.22,0.04,0.46
2006-02-11,33.38,22.34,51.23,0.05,0.46
2006-02-12,35.79,21.81,47.1,0.0,0.46
2006-02-13,36.11,19.9,47.19,0.0,0.46
2006-02-14,36.03,19.59,50.21,0.0,0.46
2006-02-15,36.02,18.01,54.63,0.0,0.46
2006-02-16,37.09,18.32,54.53,0.0,0.46
2006-02-17,37.18,18.68,53.84,0.0,0.46
2006-02-18,37.77,17.87,53.24,0.0,0.46
2006-02-19,38.46,19.5,55.24,0.0,0.46
2006-02-20,38.83,20.75,54.27,0.0,0.46
2006-02-21,38.47,20.54,50.3,1.02,0.46
2006-02-22,38.31,20.03,47.91,0.01,0.46
2006-02-23,39.14,20.89,50.0,0.0,0.46
2006-02-24,38.78,20.41,50.89,0.0,0.46
2006-02-25,38.85,20.88,47.95,0.0,0.46
2006-02-26,37.36,19.12,57.58,0.0,0.46
2006-02-27,37.18,19.03,61.31,0.0,0.46
2006-02-28,37.31,19.48,58.0,0.0,0.46
2006-03-01,38.89,19.59,56.08,0.0,0.46
2006-03-02,39.25,21.47,57.06,0.0,0.46
2006-03-03,38.57,22.5,55.87,0.0,0.46
2006-03-04,36.9,21.84,59.03,0.0,0.46
2006-03-05,37.71,22.53,58.52,0.0,0.46
2006-03-06,38.3,21.44,55.75,0.0,0.46
2006-03-07,38.87,21.41,57.35,0.0,0.46
2006-03-08,39.93,21.53,57.52,0.15,0.46
2006-03-09,41.17,23.26,52.91,0.0,0.46
2006-03-10,41.08,23.82,51.92,0.0,0.46
2006-03-11,40.14,24.45,55.45,0.0,0.46
2006-03-12,38.37,23.01,60.09,0.0,0.46
2006-03-13,38.69,22.25,53.76,0.0,0.46
2006-03-14,39.05,22.02,54.0,0.0,0.46
2006-03-15,38.14,21.83,55.42,0.0,0.46
2006-03-16,38.63,21.93,56.07,0.0,0.46
2006-03-17,37.59,22.88,55.68,0.0,0.46
2006-03-18,39.16,21.76,57.63,0.0,0.46
2006-03-19,40.65,21.98,48.9,0.0,0.46
2006-03-20,39.77,23.31,43.01,0.0,0.46
2006-03-21,38.88,22.67,40.59,0.0,0.46
2006-03-22,37.98,20.61,51.29,0.0,0.46
2006-03-23,38.8,20.79,57.69,0.0,0.46
2006-03-24,38.94,21.61,58.27,0.0,0.46
2006-03-25,38.73,21.27,57.82,0.0,0.46
2006-03-26,40.22,21.59,57.08,0.11,0.46
2006-03-27,40.99,23.03,52.89,0.0,0.46
2006-03-28,41.53,24.32,50.29,0.0,0.46
2006-03-29,40.27,26.23,53.02,0.12,0.46
2006-03-30,35.03,26.65,56.24,0.01,0.46
2006-03-31,37.47,24.73,53.55,0.02,0.46
2006-04-01,38.51,23.81,55.57,0.0,0.46
2006-04-02,38.78,24.07,56.51,0.0,0.46
2006-04-03,39.0,23.56,56.99,0.0,0.46
2006-04-04,38.75,23.19,58.06,0.0,0.46
2006-04-05,38.71,23.25,58.19,0.0,0.46
2006-04-06,40.05,23.63,55.96,0.0,0.46
2006-04-07,41.13,24.0,56.86,0.0,0.46
2006-04-08,40.99,24.96,54.53,0.0,0.46
2006-04-09,41.05,25.39,53.78,0.0,0.46
2006-04-10,40.46,24.55,55.47,0.0,0.46
2006-04-11,38.73,24.58,61.86,0.0,0.46
2006-04-12,40.23,24.75,59.76,0.0,0.46
2006-04-13,39.38,25.35,61.83,0.0,0.46
2006-04-14,39.63,25.56,59.94,0.0,0.46
2006-04-15,40.04,25.27,56.98,0.0,0.46
2006-04-16,38.27,25.94,55.54,0.0,0.46
2006-04-17,36.83,26.66,57.6,0.0,0.46
2006-04-18,37.44,26.39,57.04,0.0,0.46
2006-04-19,35.58,26.58,58.97,0.0,0.46
2006-04-20,34.46,26.83,62.62,0.0,0.46
2006-04-21,36.72,25.93,60.49,0.0,0.46
2006-04-22,39.83,25.62,50.54,0.0,0.46
2006-04-23,41.14,26.29,51.3,0.0,0.46
2006-04-24,41.42,25.89,51.69,0.0,0.46
2006-04-25,35.87,27.74,56.32,0.0,0.46
2006-04-26,35.85,27.73,61.69,0.0,0.46
2006-04-27,33.21,27.13,67.32,0.01,0.46
2006-04-28,34.41,26.95,64.87,0.02,0.46
2006-04-29,31.71,27.99,68.59,0.01,0.46
2006-04-30,38.94,26.94,54.6,0.0,0.46
2006-05-01,40.14,26.13,54.26,0.0,0.46
2006-05-02,40.45,27.14,52.69,0.0,0.46
2006-05-03,39.87,26.91,57.25,0.0,0.46
2006-05-04,39.99,26.18,58.44,0.0,0.46
2006-05-05,39.21,26.31,60.11,0.0,0.46
2006-05-06,37.97,26.29,64.25,0.0,0.46
2006-05-07,34.57,27.27,66.57,0.01,0.46
2006-05-08,37.29,26.63,62.41,0.43,0.46
2006-05-09,35.88,26.52,62.89,1.03,0.46
2006-05-10,36.65,26.68,61.43,0.54,0.46
2006-05-11,34.8,27.11,62.75,0.4,0.46
2006-05-12,34.23,26.75,65.93,1.24,0.46
2006-05-13,35.18,26.36,67.43,0.26,0.46
2006-05-14,35.89,26.34,62.0,0.59,0.46
2006-05-15,35.29,26.94,63.67,0.26,0.46
2006-05-16,34.33,26.84,65.26,0.0,0.46
2006-05-17,33.53,25.66,64.4,0.0,0.46
2006-05-18,35.64,25.36,61.01,0.0,0.46
2006-05-19,34.83,25.87,59.94,0.0,0.46
2006-05-20,35.01,26.42,58.37,0.01,0.46
2006-05-21,34.67,26.48,62.53,0.04,0.46
2006-05-22,32.9,26.93,69.98,0.01,0.46
2006-05-23,34.64,26.73,67.28,0.01,0.46
2006-05-24,31.21,26.39,78.07,0.21,0.46
2006-05-25,34.18,26.26,69.95,1.31,0.46
2006-05-26,37.29,26.07,59.83,0.67,0.46
2006-05-27,34.74,26.74,67.68,0.94,0.46
2006-05-28,33.18,26.51,70.89,1.13,0.46
2006-05-29,33.33,26.17,75.05,4.24,0.47
2006-05-30,34.24,26.33,72.0,0.56,0.47
2006-05-31,34.89,26.2,68.93,0.1,0.47
2006-06-01,33.67,26.42,71.46,0.02,0.47
2006-06-02,33.91,26.3,67.75,0.0,0.47
2006-06-03,31.06,26.67,73.64,0.0,0.47
2006-06-04,33.89,26.63,68.14,0.0,0.47
2006-06-05,33.8,26.31,67.75,0.0,0.47
2006-06-06,32.79,26.65,71.73,0.0,0.47
2006-06-07,34.92,25.98,68.24,0.01,0.47
2006-06-08,33.95,26.62,69.65,0.06,0.46
2006-06-09,32.68,26.71,70.17,0.0,0.46
2006-06-10,32.52,26.59,69.39,0.0,0.46
2006-06-11,33.33,26.49,68.95,0.01,0.46
2006-06-12,35.59,26.71,64.36,0.0,0.46
2006-06-13,36.63,25.61,59.14,0.0,0.46
2006-06-14,36.22,26.48,66.05,0.0,0.46
2006-06-15,35.83,26.85,63.95,0.0,0.46
2006-06-16,36.54,27.48,65.2,0.0,0.46
2006-06-17,36.97,27.44,64.12,0.0,0.46
2006-06-18,33.91,27.2,70.22,0.0,0.46
2006-06-19,33.61,26.95,66.81,0.0,0.46
2006-06-20,33.15,26.46,66.31,0.02,0.46
2006-06-21,33.62,26.56,67.38,0.01,0.46
2006-06-22,33.16,25.98,69.88,0.0,0.46
2006-06-23,33.88,26.44,69.3,0.02,0.46
2006-06-24,35.76,26.18,64.09,0.02,0.46
2006-06-25,31.81,26.85,71.67,0.03,0.46
2006-06-26,35.72,25.56,64.8,0.01,0.46
2006-06-27,36.95,26.19,67.66,0.0,0.46
2006-06-28,31.99,27.02,72.78,0.0,0.46
2006-06-29,32.8,27.06,70.61,0.02,0.46
2006-06-30,34.4,27.57,67.51,0.01,0.46
2006-07-01,34.66,27.24,68.03,0.02,0.46
2006-07-02,33.54,26.84,71.22,0.0,0.46
2006-07-03,31.81,26.57,73.75,0.02,0.46
2006-07-04,34.46,26.69,69.16,0.01,0.46
2006-07-05,34.41,27.26,70.06,0.03,0.46
2006-07-06,31.8,27.47,74.25,0.02,0.46
2006-07-07,34.51,26.47,68.82,0.12,0.46
2006-07-08,33.65,27.29,69.63,0.1,0.46
2006-07-09,34.68,26.88,67.01,0.1,0.46
2006-07-10,35.63,26.77,65.89,0.03,0.46
2006-07-11,33.78,26.98,66.81,0.04,0.46
2006-07-12,32.36,26.36,69.86,0.0,0.46
2006-07-13,32.72,26.4,70.61,0.0,0.46
2006-07-14,32.42,26.59,74.58,0.01,0.46
2006-07-15,33.21,26.63,70.78,0.01,0.46
2006-07-16,32.85,26.34,71.38,0.0,0.46
2006-07-17,34.58,26.31,65.45,0.01,0.46
2006-07-18,33.92,27.09,68.32,0.08,0.46
2006-07-19,33.81,26.33,69.63,0.89,0.46
2006-07-20,33.68,25.19,66.08,0.01,0.46
2006-07-21,34.11,25.87,65.93,0.06,0.46
2006-07-22,35.45,25.45,64.48,0.87,0.46
2006-07-23,35.94,25.92,64.05,0.0,0.46
2006-07-24,34.69,26.4,66.75,0.18,0.46
2006-07-25,32.72,26.54,72.8,3.62,0.46
2006-07-26,30.41,25.67,79.36,11.81,0.48
2006-07-27,30.8,25.47,82.2,16.84,0.51
2006-07-28,31.07,25.39,78.02,7.74,0.52
2006-07-29,32.72,25.31,77.76,3.88,0.53
2006-07-30,30.18,25.38,83.06,5.44,0.53
2006-07-31,30.77,25.45,79.35,0.05,0.53
2006-08-01,31.86,25.2,76.31,0.05,0.53
2006-08-02,30.44,25.55,79.66,0.0,0.53
2006-08-03,30.7,25.32,77.09,0.01,0.52
2006-08-04,32.07,25.19,76.18,0.0,0.52
2006-08-05,33.35,25.08,73.84,0.0,0.52
2006-08-06,32.98,25.77,73.38,0.0,0.51
2006-08-07,33.95,25.97,72.75,0.0,0.51
2006-08-08,32.58,26.77,73.31,0.0,0.51
2006-08-09,29.64,26.09,75.5,0.02,0.51
2006-08-10,32.36,25.54,76.25,0.01,0.51
2006-08-11,31.16,26.13,75.41,0.04,0.5
2006-08-12,31.53,25.56,77.92,0.04,0.5
2006-08-13,31.39,25.54,76.99,0.02,0.5
2006-08-14,31.68,26.14,77.41,0.02,0.5
2006-08-15,31.33,25.97,77.42,0.0,0.5
2006-08-16,31.14,25.79,79.07,0.0,0.49
2006-08-17,34.56,25.24,71.18,0.0,0.49
2006-08-18,34.48,25.33,70.11,0.02,0.49
2006-08-19,32.91,25.83,74.83,0.02,0.49
2006-08-20,32.69,25.76,72.94,0.01,0.48
2006-08-21,30.67,25.32,76.51,0.05,0.48
2006-08-22,33.18,24.95,72.8,0.01,0.48
2006-08-23,35.0,24.77,69.8,0.0,0.48
2006-08-24,35.1,25.44,69.58,0.0,0.48
2006-08-25,33.64,25.72,71.68,0.0,0.47
2006-08-26,32.55,26.43,70.46,0.01,0.47
2006-08-27,31.65,25.83,73.62,0.01,0.47
2006-08-28,30.97,26.25,71.06,0.0,0.47
2006-08-29,35.5,25.68,61.91,0.12,0.47
2006-08-30,34.39,25.26,67.96,1.34,0.47
2006-08-31,29.87,25.95,77.07,0.03,0.47
2006-09-01,29.48,25.41,79.06,0.04,0.47
2006-09-02,31.95,24.16,73.1,0.0,0.47
2006-09-03,32.01,25.34,71.16,0.0,0.47
2006-09-04,36.49,24.64,65.89,0.0,0.47
2006-09-05,38.3,25.76,63.01,0.0,0.47
2006-09-06,35.36,26.52,67.41,0.0,0.47
2006-09-07,35.89,26.28,66.1,0.0,0.47
2006-09-08,36.93,25.76,63.38,0.0,0.46
2006-09-09,36.57,26.63,61.12,0.01,0.46
2006-09-10,33.82,27.02,65.64,0.02,0.46
2006-09-11,35.19,25.89,64.59,0.02,0.46
2006-09-12,33.79,26.32,64.63,0.01,0.46
2006-09-13,36.68,25.74,61.27,0.0,0.46
2006-09-14,34.87,26.41,65.96,0.0,0.46
2006-09-15,34.07,25.98,69.9,0.02,0.46
2006-09-16,31.39,25.85,77.74,0.07,0.46
2006-09-17,32.32,26.02,72.73,0.0,0.46
2006-09-18,31.91,25.32,73.88,0.03,0.46
2006-09-19,32.13,25.68,77.03,0.0,0.46
2006-09-20,31.17,25.65,75.81,0.01,0.46
2006-09-21,33.28,24.86,66.84,0.0,0.46
2006-09-22,34.31,24.9,69.53,0.02,0.46
2006-09-23,36.87,24.75,62.77,0.01,0.46
2006-09-24,35.7,26.13,65.34,0.0,0.46
2006-09-25,35.12,26.65,67.12,0.0,0.46
2006-09-26,34.1,26.67,70.12,0.01,0.46
2006-09-27,34.19,25.59,71.18,0.01,0.46
2006-09-28,35.36,25.41,68.57,0.0,0.46
2006-09-29,32.8,25.56,70.68,0.0,0.46
2006-09-30,36.58,25.31,65.5,0.0,0.46
2006-10-01,37.95,25.53,65.65,0.0,0.46
2006-10-02,38.86,25.85,59.2,0.16,0.46
2006-10-03,32.35,26.57,71.27,0.25,0.46
2006-10-04,34.8,25.68,64.32,0.01,0.46
2006-10-05,34.4,25.22,66.94,0.0,0.46
2006-10-06,34.89,25.8,71.29,0.05,0.46
2006-10-07,32.69,25.89,74.92,0.26,0.46
2006-10-08,32.35,25.23,72.82,0.07,0.46
2006-10-09,35.35,25.48,65.78,0.0,0.46
2006-10-10,36.43,25.42,63.49,0.0,0.46
2006-10-11,31.46,26.19,68.92,0.03,0.46
2006-10-12,37.02,25.05,61.32,0.01,0.46
2006-10-13,37.08,26.18,58.42,0.0,0.46
2006-10-14,37.82,25.64,57.15,0.0,0.46
2006-10-15,34.4,26.55,61.39,0.0,0.46
2006-10-16,34.67,26.78,60.45,0.0,0.46
2006-10-17,38.98,25.87,55.7,0.0,0.46
2006-10-18,37.49,26.8,56.74,0.0,0.46
2006-10-19,37.03,26.97,57.09,0.0,0.46
2006-10-20,33.94,27.11,58.33,0.0,0.46
2006-10-21,33.69,26.55,58.27,0.0,0.46
2006-10-22,37.15,25.52,54.35,0.0,0.46
2006-10-23,35.93,26.91,55.85,0.0,0.46
2006-10-24,35.6,25.61,54.96,0.0,0.46
2006-10-25,38.59,24.97,50.33,0.0,0.46
2006-10-26,37.27,26.45,52.3,0.0,0.46
2006-10-27,37.64,25.7,53.08,0.0,0.46
2006-10-28,38.46,26.61,51.1,0.0,0.46
2006-10-29,37.12,27.38,52.66,0.0,0.46
2006-10-30,38.7,26.8,50.9,0.0,0.46
2006-10-31,38.19,26.6,49.65,0.0,0.46
2006-11-01,38.14,26.02,48.73,0.0,0.46
2006-11-02,37.79,24.41,51.0,0.0,0.46
2006-11-03,38.24,25.5,48.6,0.0,0.46
2006-11-04,38.41,25.73,53.71,0.0,0.46
2006-11-05,37.3,26.26,59.47,0.0,0.46
2006-11-06,36.72,26.44,59.37,0.0,0.46
2006-11-07,33.85,26.51,58.15,0.08,0.46
2006-11-08,37.18,24.39,50.27,0.0,0.46
2006-11-09,37.75,24.37,49.84,0.0,0.46
2006-11-10,38.4,25.69,48.01,0.0,0.46
2006-11-11,36.85,26.7,54.2,0.0,0.46
2006-11-12,33.34,26.89,57.85,0.0,0.46
2006-11-13,33.78,25.91,60.11,0.0,0.46
2006-11-14,34.98,25.73,56.16,0.0,0.46
2006-11-15,37.22,26.08,53.55,0.0,0.46
2006-11-16,36.08,25.97,57.42,0.0,0.46
2006-11-17,35.49,26.52,56.9,0.0,0.46
2006-11-18,37.88,24.47,58.95,0.0,0.46
2006-11-19,37.69,24.44,56.54,0.0,0.46
2006-11-20,36.77,23.81,57.92,0.0,0.46
2006-11-21,36.22,22.81,53.38,0.0,0.46
2006-11-22,35.12,20.31,54.25,0.0,0.46
2006-11-23,34.44,20.04,54.22,0.0,0.46
2006-11-24,34.86,19.37,57.24,0.0,0.46
2006-11-25,35.73,20.59,61.41,0.0,0.46
2006-11-26,35.01,21.09,58.21,0.0,0.46
2006-11-27,34.75,19.68,53.01,0.0,0.46
2006-11-28,35.67,20.47,57.27,0.0,0.46
2006-11-29,35.73,20.57,54.38,0.0,0.46
2006-11-30,36.64,18.61,53.03,0.0,0.46
2006-12-01,35.68,18.89,56.2,0.0,0.46
2006-12-02,35.82,19.12,54.05,0.0,0.46
2006-12-03,36.7,19.6,56.11,0.0,0.46
2006-12-04,36.79,19.19,54.75,0.0,0.46
2006-12-05,36.17,19.88,55.57,0.0,0.46
2006-12-06,35.69,20.62,54.78,0.0,0.46
2006-12-07,35.03,19.55,51.91,0.0,0.46
2006-12-08,37.15,22.72,43.76,0.0,0.46
2006-12-09,37.54,22.58,41.92,0.02,0.46
2006-12-10,36.82,21.89,50.75,0.0,0.46
2006-12-11,35.69,21.91,52.65,0.0,0.46
2006-12-12,34.41,19.9,57.34,0.0,0.46
2006-12-13,34.42,18.78,55.84,0.0,0.46
2006-12-14,34.97,19.1,59.23,0.0,0.46
2006-12-15,34.49,18.52,61.31,0.0,0.46
2006-12-16,35.37,19.31,58.98,0.0,0.46
2006-12-17,33.45,20.18,53.24,0.0,0.46
2006-12-18,33.23,18.91,54.41,0.0,0.46
2006-12-19,32.82,19.47,50.47,0.0,0.46
2006-12-20,32.79,17.98,49.53,0.0,0.46
2006-12-21,32.17,17.28,46.97,0.0,0.46
2006-12-22,32.25,16.02,45.51,0.0,0.46
2006-12-23,31.62,15.34,46.08,0.0,0.46
2006-12-24,31.7,16.18,48.09,0.0,0.46
2006-12-25,31.63,16.69,51.64,0.0,0.46
2006-12-26,32.4,17.61,53.2,0.0,0.46
2006-12-27,32.38,18.05,54.44,0.0,0.46
2006-12-28,33.01,17.25,58.27,0.0,0.46
2006-12-29,33.02,17.36,54.28,0.0,0.46
2006-12-30,32.32,18.19,56.03,0.0,0.46
2006-12-31,32.13,18.05,59.15,0.0,0.46
2007-01-01,32.42,17.84,63.2,0.0,0.46
2007-01-02,30.73,18.17,65.36,0.0,0.46
2007-01-03,31.97,17.55,56.43,0.0,0.46
2007-01-04,33.09,17.45,51.97,0.0,0.46
2007-01-05,34.37,16.41,46.64,0.0,0.46
2007-01-06,35.63,17.31,45.43,0.0,0.46
2007-01-07,35.27,18.99,48.65,0.0,0.46
2007-01-08,34.71,19.0,49.43,0.0,0.46
2007-01-09,34.3,18.7,55.69,0.0,0.46
2007-01-10,34.94,19.3,55.63,0.0,0.46
2007-01-11,34.48,18.42,56.56,0.0,0.46
2007-01-12,34.21,17.49,54.45,0.0,0.46
2007-01-13,34.77,16.49,55.31,0.0,0.46
2007-01-14,33.89,16.26,53.23,0.0,0.46
2007-01-15,33.37,16.76,56.74,0.0,0.46
2007-01-16,33.36,15.33,64.69,0.0,0.46
2007-01-17,34.75,15.78,57.49,0.0,0.46
2007-01-18,33.89,16.5,62.46,0.0,0.46
2007-01-19,33.25,16.97,58.86,0.0,0.46
2007-01-20,33.14,16.45,51.72,0.0,0.46
2007-01-21,34.51,15.62,49.08,0.0,0.46
2007-01-22,34.69,16.67,52.88,0.0,0.46
2007-01-23,35.05,16.34,56.01,0.0,0.46
2007-01-24,35.53,16.88,51.5,0.0,0.46
2007-01-25,35.75,18.4,57.66,0.0,0.46
2007-01-26,36.33,19.7,51.71,0.0,0.46
2007-01-27,35.62,19.29,51.19,0.0,0.46
2007-01-28,35.53,18.51,49.63,0.0,0.46
2007-01-29,33.02,20.88,54.88,0.0,0.46
2007-01-30,33.6,20.43,54.27,0.0,0.46
2007-01-31,34.09,20.6,54.54,0.0,0.46
2007-02-01,33.81,20.63,53.53,0.0,0.46
2007-02-02,32.58,20.05,49.12,0.0,0.46
2007-02-03,32.76,17.27,45.23,0.0,0.46
2007-02-04,33.03,18.75,55.48,0.0,0.46
2007-02-05,33.44,18.21,56.66,0.0,0.46
2007-02-06,33.52,17.35,52.06,0.0,0.46
2007-02-07,33.6,17.42,51.78,0.0,0.46
2007-02-08,34.46,18.91,50.37,0.0,0.46
2007-02-09,35.58,19.44,46.48,0.0,0.46
2007-02-10,36.67,19.11,42.46,0.0,0.46
2007-02-11,37.27,19.25,44.47,0.0,0.46
2007-02-12,36.08,20.64,46.82,0.0,0.46
2007-02-13,36.56,19.6,48.4,0.0,0.46
2007-02-14,36.99,20.01,50.28,0.0,0.46
2007-02-15,34.14,20.52,65.62,0.0,0.46
2007-02-16,32.48,19.59,62.97,0.0,0.46
2007-02-17,33.48,16.69,49.98,0.0,0.46
2007-02-18,34.11,17.65,50.72,0.0,0.46
2007-02-19,34.84,17.98,53.21,0.0,0.46
2007-02-20,35.99,18.35,49.58,0.0,0.46
2007-02-21,36.23,17.8,50.65,0.0,0.46
2007-02-22,37.32,18.37,49.65,0.0,0.46
2007-02-23,38.32,19.5,44.1,0.0,0.46
2007-02-24,37.9,20.73,44.73,0.0,0.46
2007-02-25,38.5,21.56,48.94,0.0,0.46
2007-02-26,36.78,21.19,50.35,0.0,0.46
2007-02-27,36.35,20.87,49.29,0.0,0.46
2007-02-28,36.28,18.62,49.21,0.0,0.46
2007-03-01,37.3,17.81,51.97,0.0,0.46
2007-03-02,36.84,18.25,58.4,0.0,0.46
2007-03-03,36.7,18.52,58.35,0.0,0.46
2007-03-04,37.16,18.75,56.94,0.0,0.46
2007-03-05,37.17,18.24,51.93,0.0,0.46
2007-03-06,35.28,17.62,52.45,0.0,0.46
2007-03-07,34.02,17.1,48.77,0.0,0.46
2007-03-08,33.95,17.86,45.16,0.0,0.46
2007-03-09,35.38,17.31,49.22,0.0,0.46
2007-03-10,37.04,16.69,52.16,0.0,0.46
2007-03-11,38.01,16.08,50.49,0.0,0.46
2007-03-12,38.9,18.31,49.56,0.0,0.46
2007-03-13,39.32,20.27,47.74,0.0,0.46
2007-03-14,39.8,21.89,49.35,0.0,0.46
2007-03-15,38.61,21.3,56.71,0.0,0.46
2007-03-16,36.71,20.33,59.05,0.0,0.46
2007-03-17,37.7,20.22,49.46,0.0,0.46
2007-03-18,38.19,19.1,48.92,0.0,0.46
2007-03-19,38.5,19.55,50.52,0.0,0.46
2007-03-20,38.65,20.33,52.4,0.0,0.46
2007-03-21,37.75,20.64,56.55,0.0,0.46
2007-03-22,37.26,19.82,59.44,0.0,0.46
2007-03-23,38.03,19.56,58.81,0.0,0.46
2007-03-24,38.0,20.51,63.79,0.0,0.46
2007-03-25,37.78,21.17,64.9,0.0,0.46
2007-03-26,37.46,21.72,64.61,0.0,0.46
2007-03-27,38.19,20.9,60.85,0.0,0.46
2007-03-28,40.09,21.29,57.96,0.0,0.46
2007-03-29,40.68,22.93,52.86,0.0,0.46
2007-03-30,40.42,24.71,53.31,0.0,0.46
2007-03-31,40.82,25.05,54.15,0.0,0.46
2007-04-01,40.7,23.53,51.73,0.0,0.46
2007-04-02,39.86,21.93,58.67,0.0,0.46
2007-04-03,40.03,21.51,59.36,0.0,0.46
2007-04-04,41.22,21.58,51.67,0.0,0.46
2007-04-05,41.32,22.4,50.14,0.0,0.46
2007-04-06,39.22,23.74,52.82,0.0,0.46
2007-04-07,39.79,23.89,54.01,0.0,0.46
2007-04-08,40.36,22.68,54.47,0.0,0.46
2007-04-09,40.04,23.11,53.81,0.0,0.46
2007-04-10,38.64,24.07,54.28,0.0,0.46
2007-04-11,37.26,24.44,55.69,0.0,0.46
2007-04-12,37.28,24.42,53.39,0.0,0.46
2007-04-13,37.68,25.25,49.81,0.0,0.46
2007-04-14,33.77,26.16,52.86,0.0,0.46
2007-04-15,36.84,25.14,50.26,0.0,0.46
2007-04-16,32.58,27.0,60.52,0.0,0.46
2007-04-17,35.75,25.74,56.04,0.0,0.46
2007-04-18,38.31,26.15,57.59,0.0,0.46
2007-04-19,37.99,26.42,57.33,0.0,0.46
2007-04-20,40.13,25.12,56.97,0.0,0.46
2007-04-21,40.28,25.82,58.45,0.0,0.46
2007-04-22,40.4,26.07,61.04,0.0,0.46
2007-04-23,40.1,25.42,60.38,0.0,0.46
2007-04-24,37.79,25.56,62.41,0.0,0.46
2007-04-25,42.39,24.85,55.74,0.0,0.46
2007-04-26,42.09,25.92,52.7,0.0,0.46
2007-04-27,41.05,27.56,48.78,0.0,0.46
2007-04-28,40.49,27.72,50.3,0.0,0.46
2007-04-29,37.61,28.0,53.46,0.0,0.46
2007-04-30,40.73,26.96,50.6,0.0,0.46
2007-05-01,39.7,28.75,50.08,0.0,0.46
2007-05-02,37.16,28.64,55.07,0.0,0.46
2007-05-03,34.24,26.05,66.32,0.01,0.46
2007-05-04,30.08,26.17,78.52,0.04,0.46
2007-05-05,31.18,27.15,77.12,0.0,0.46
2007-05-06,31.13,27.17,77.5,0.0,0.46
2007-05-07,36.18,27.31,63.7,0.01,0.46
2007-05-08,37.35,27.19,58.79,0.0,0.46
2007-05-09,35.46,27.21,65.73,0.0,0.46
2007-05-10,36.12,26.73,60.55,0.0,0.46
2007-05-11,34.02,27.24,66.21,0.01,0.46
2007-05-12,32.63,26.97,69.73,0.0,0.46
2007-05-13,36.27,27.88,65.88,0.0,0.46
2007-05-14,35.29,28.37,62.8,0.02,0.46
2007-05-15,37.82,27.05,58.66,0.0,0.46
2007-05-16,36.48,27.2,61.16,0.0,0.46
2007-05-17,36.04,27.03,64.43,0.0,0.46
2007-05-18,34.97,26.42,64.35,0.0,0.46
2007-05-19,34.7,26.61,65.72,0.0,0.46
2007-05-20,33.24,26.96,68.36,0.0,0.46
2007-05-21,33.47,27.07,69.66,0.0,0.46
2007-05-22,33.35,26.57,69.25,0.0,0.46
2007-05-23,34.32,25.69,69.72,0.0,0.46
2007-05-24,36.65,25.91,64.45,0.0,0.46
2007-05-25,34.2,26.9,67.72,0.0,0.46
2007-05-26,36.29,26.08,68.32,0.0,0.46
2007-05-27,38.77,25.86,58.26,0.0,0.46
2007-05-28,36.86,26.57,66.01,0.0,0.46
2007-05-29,34.68,27.39,67.19,0.0,0.46
2007-05-30,33.8,27.35,67.01,0.0,0.46
2007-05-31,36.13,26.93,61.0,0.0,0.46
2007-06-01,37.41,27.06,60.15,0.0,0.46
2007-06-02,37.18,27.3,61.0,0.0,0.46
2007-06-03,35.73,27.43,62.22,0.0,0.46
2007-06-04,35.6,27.38,60.59,0.0,0.46
2007-06-05,35.92,27.21,60.58,0.0,0.46
2007-06-06,36.49,26.69,57.6,0.0,0.46
2007-06-07,33.99,27.49,63.46,0.0,0.46
2007-06-08,36.24,27.1,63.14,0.01,0.46
2007-06-09,35.25,28.07,64.53,0.0,0.46
2007-06-10,37.1,27.42,63.42,0.0,0.46
2007-06-11,36.25,27.89,63.96,0.0,0.46
2007-06-12,37.68,27.13,62.38,0.03,0.46
2007-06-13,35.41,27.65,63.48,0.3,0.46
2007-06-14,34.09,27.12,65.7,0.0,0.46
2007-06-15,34.52,26.71,65.57,0.0,0.46
2007-06-16,35.97,27.37,63.42,0.11,0.46
2007-06-17,33.09,27.46,71.28,1.4,0.46
2007-06-18,36.8,26.35,62.63,0.0,0.46
2007-06-19,37.09,27.77,64.21,0.0,0.46
2007-06-20,36.14,28.1,66.73,0.0,0.46
2007-06-21,32.8,27.98,72.2,0.0,0.46
2007-06-22,34.01,27.04,66.76,0.0,0.46
2007-06-23,34.68,27.34,64.35,0.0,0.46
2007-06-24,39.05,26.71,61.99,0.0,0.46
2007-06-25,36.38,28.02,63.27,0.0,0.46
2007-06-26,35.46,27.62,67.29,0.0,0.46
2007-06-27,33.39,27.61,68.93,0.0,0.46
2007-06-28,33.41,27.87,67.38,0.01,0.46
2007-06-29,35.09,28.03,62.27,0.01,0.46
2007-06-30,32.08,27.31,70.91,0.0,0.46
2007-07-01,31.24,26.76,73.98,0.0,0.46
2007-07-02,33.97,26.49,69.1,0.0,0.46
2007-07-03,32.44,27.12,70.01,0.02,0.46
2007-07-04,35.03,27.25,66.84,0.07,0.46
2007-07-05,32.04,27.67,71.29,0.04,0.46
2007-07-06,31.59,27.08,73.28,0.0,0.46
2007-07-07,31.17,26.09,72.03,0.01,0.46
2007-07-08,33.98,25.27,68.83,0.0,0.46
2007-07-09,32.43,26.43,70.58,0.0,0.46
2007-07-10,34.42,26.52,71.26,0.0,0.46
2007-07-11,33.73,26.3,68.5,0.0,0.46
2007-07-12,34.14,27.09,69.39,0.0,0.46
2007-07-13,34.89,27.37,68.46,0.0,0.46
2007-07-14,31.34,27.22,74.18,0.0,0.46
2007-07-15,33.35,27.41,68.72,0.0,0.46
2007-07-16,34.42,26.77,69.15,0.0,0.46
2007-07-17,35.33,26.94,66.37,0.0,0.46
2007-07-18,33.86,27.29,66.28,0.0,0.46
2007-07-19,36.36,26.22,63.26,0.0,0.46
2007-07-20,34.63,26.7,63.95,0.0,0.46
2007-07-21,30.9,26.01,69.76,0.01,0.46
2007-07-22,31.74,25.73,70.32,0.0,0.46
2007-07-23,33.81,25.56,64.91,0.0,0.46
2007-07-24,35.38,24.97,62.89,0.06,0.46
2007-07-25,35.45,25.46,60.12,0.0,0.46
2007-07-26,38.29,25.34,55.21,0.0,0.46
2007-07-27,38.05,26.21,57.88,0.0,0.46
2007-07-28,37.37,26.91,58.45,0.0,0.46
2007-07-29,35.83,27.16,58.97,0.0,0.46
2007-07-30,34.62,27.22,61.82,0.0,0.46
2007-07-31,32.41,26.92,68.63,0.0,0.46
2007-08-01,32.31,26.26,74.33,0.0,0.46
2007-08-02,30.96,26.2,74.77,0.0,0.46
2007-08-03,31.52,26.08,72.97,0.0,0.46
2007-08-04,31.82,26.74,72.29,0.01,0.46
2007-08-05,34.41,26.91,71.76,0.04,0.46
2007-08-06,32.61,26.7,69.51,0.01,0.46
2007-08-07,32.35,26.28,72.72,0.0,0.46
2007-08-08,35.84,26.2,67.23,0.0,0.46
2007-08-09,31.76,27.0,74.74,0.31,0.46
2007-08-10,33.38,26.62,76.37,4.71,0.46
2007-08-11,30.91,26.41,78.83,7.49,0.48
2007-08-12,32.09,25.88,78.3,3.17,0.48
2007-08-13,32.35,25.84,79.09,2.1,0.48
2007-08-14,32.72,26.35,79.19,4.24,0.49
2007-08-15,30.98,26.11,84.06,5.37,0.49
2007-08-16,33.2,25.86,75.48,4.5,0.5
2007-08-17,30.49,25.89,78.9,0.0,0.5
2007-08-18,34.16,25.6,70.15,0.0,0.49
2007-08-19,31.22,25.22,74.7,0.0,0.49
2007-08-20,33.55,24.69,73.19,0.0,0.49
2007-08-21,34.11,25.57,72.07,0.0,0.49
2007-08-22,33.97,25.73,70.31,0.0,0.48
2007-08-23,32.03,25.74,75.57,0.0,0.48
2007-08-24,33.53,25.16,73.02,0.0,0.48
2007-08-25,32.83,25.63,74.44,0.0,0.48
2007-08-26,32.98,25.14,73.25,0.0,0.48
2007-08-27,34.3,24.83,69.0,0.0,0.47
2007-08-28,36.0,25.16,67.7,0.0,0.47
2007-08-29,35.34,26.1,65.53,0.0,0.47
2007-08-30,32.03,26.33,72.44,0.0,0.47
2007-08-31,32.45,25.67,72.74,0.0,0.47
2007-09-01,32.03,25.37,73.8,0.0,0.47
2007-09-02,32.01,26.28,74.5,0.0,0.47
2007-09-03,32.2,26.21,75.02,0.0,0.47
2007-09-04,33.87,25.23,72.1,0.01,0.47
2007-09-05,33.97,25.57,70.8,0.0,0.47
2007-09-06,33.96,25.64,67.74,0.0,0.47
2007-09-07,36.5,25.38,64.17,0.0,0.47
2007-09-08,37.33,26.34,62.49,0.0,0.46
2007-09-09,33.03,26.68,70.49,0.0,0.46
2007-09-10,34.52,26.08,69.98,0.0,0.46
2007-09-11,34.49,26.33,67.68,0.0,0.46
2007-09-12,33.53,26.32,67.66,0.0,0.46
2007-09-13,34.86,26.04,69.16,0.0,0.46
2007-09-14,32.31,26.68,72.08,0.0,0.46
2007-09-15,35.11,25.4,66.9,0.0,0.46
2007-09-16,35.46,26.41,65.01,0.0,0.46
2007-09-17,34.53,26.36,64.86,0.0,0.46
2007-09-18,35.03,26.2,67.98,0.0,0.46
2007-09-19,32.74,26.11,72.41,0.02,0.46
2007-09-20,33.84,26.04,69.75,0.28,0.46
2007-09-21,32.32,26.19,73.47,0.01,0.46
2007-09-22,31.24,26.07,73.98,0.0,0.46
2007-09-23,35.62,25.29,61.85,0.0,0.46
2007-09-24,37.33,25.31,60.61,0.0,0.46
2007-09-25,37.39,25.99,64.03,0.0,0.46
2007-09-26,36.54,26.18,64.95,0.07,0.46
2007-09-27,34.87,25.81,69.53,2.0,0.46
2007-09-28,31.83,25.54,80.99,5.13,0.47
2007-09-29,33.08,24.77,72.15,0.23,0.47
2007-09-30,34.87,23.98,73.71,2.67,0.47
2007-10-01,35.96,24.94,69.85,0.9,0.47
2007-10-02,34.0,25.75,75.09,1.86,0.47
2007-10-03,34.35,26.3,74.11,1.4,0.47
2007-10-04,30.15,25.82,86.04,11.97,0.48
2007-10-05,29.41,25.52,90.59,12.95,0.5
2007-10-06,29.13,24.95,88.78,7.35,0.52
2007-10-07,31.68,25.0,83.8,6.16,0.53
2007-10-08,34.4,24.56,74.83,0.16,0.52
2007-10-09,33.21,24.69,75.53,0.0,0.52
2007-10-10,31.62,25.11,76.9,0.03,0.52
2007-10-11,31.74,24.62,77.32,0.0,0.52
2007-10-12,32.07,24.72,77.36,0.0,0.51
2007-10-13,29.67,24.93,82.83,0.0,0.51
2007-10-14,30.74,24.69,80.15,0.02,0.51
2007-10-15,33.9,24.26,73.38,0.12,0.51
2007-10-16,34.4,24.27,72.26,0.0,0.5
2007-10-17,32.02,23.88,73.06,0.0,0.5
2007-10-18,35.49,24.04,66.31,0.0,0.5
2007-10-19,35.8,24.8,67.19,0.0,0.5
2007-10-20,33.74,26.33,69.74,0.0,0.49
2007-10-21,33.29,25.13,69.46,0.0,0.49
2007-10-22,36.55,24.02,62.32,0.0,0.49
2007-10-23,36.69,22.42,62.65,0.0,0.49
2007-10-24,37.23,24.64,61.58,0.0,0.48
2007-10-25,36.15,24.26,60.63,0.0,0.48
2007-10-26,36.61,22.84,60.31,0.0,0.48
2007-10-27,36.56,23.54,61.17,0.0,0.47
2007-10-28,37.97,24.95,60.31,0.0,0.47
2007-10-29,37.05,25.99,63.34,0.0,0.47
2007-10-30,37.3,25.78,59.48,0.0,0.47
2007-10-31,36.84,25.37,60.15,0.0,0.47
2007-11-01,36.26,26.08,60.31,0.0,0.47
2007-11-02,35.57,25.13,64.75,0.0,0.47
2007-11-03,33.01,25.78,68.52,0.0,0.47
2007-11-04,31.6,25.27,71.76,0.0,0.47
2007-11-05,35.77,25.14,61.62,0.0,0.47
2007-11-06,36.06,23.81,58.56,0.0,0.46
2007-11-07,37.15,23.94,55.58,0.0,0.46
2007-11-08,37.2,23.08,51.71,0.0,0.46
2007-11-09,36.77,23.25,52.32,0.0,0.46
2007-11-10,36.5,22.49,49.24,0.0,0.46
2007-11-11,37.2,21.51,52.67,0.0,0.46
2007-11-12,36.58,24.6,57.86,0.0,0.46
2007-11-13,32.79,25.33,62.34,0.0,0.46
2007-11-14,32.0,25.28,68.74,0.0,0.46
2007-11-15,33.31,25.25,70.59,0.0,0.46
2007-11-16,33.67,24.58,66.78,0.0,0.46
2007-11-17,36.67,24.41,61.78,0.0,0.46
2007-11-18,38.36,24.3,55.3,0.0,0.46
2007-11-19,36.05,25.27,54.96,0.0,0.46
2007-11-20,35.86,25.47,56.68,0.0,0.46
2007-11-21,35.11,24.54,63.84,0.0,0.46
2007-11-22,31.47,25.34,66.84,0.0,0.46
2007-11-23,33.13,23.97,58.46,0.0,0.46
2007-11-24,34.4,24.24,54.28,0.0,0.46
2007-11-25,35.23,21.76,51.18,0.0,0.46
2007-11-26,35.69,22.03,48.28,0.0,0.46
2007-11-27,35.11,21.44,51.04,0.0,0.46
2007-11-28,33.96,21.41,48.02,0.0,0.46
2007-11-29,32.6,20.98,48.92,0.0,0.46
2007-11-30,31.58,18.91,50.07,0.0,0.46
2007-12-01,31.88,17.85,50.49,0.0,0.46
2007-12-02,32.69,18.34,50.81,0.0,0.46
2007-12-03,32.48,19.07,51.58,0.0,0.46
2007-12-04,33.25,19.85,48.54,0.0,0.46
2007-12-05,33.52,19.42,49.8,0.0,0.46
2007-12-06,35.01,19.17,45.5,0.0,0.46
2007-12-07,34.87,19.36,45.99,0.0,0.46
2007-12-08,35.24,20.34,50.64,0.0,0.46
2007-12-09,35.09,20.24,54.61,0.0,0.46
2007-12-10,35.12,20.19,55.78,0.0,0.46
2007-12-11,34.98,19.83,60.25,0.0,0.46
2007-12-12,35.25,19.33,56.66,0.0,0.46
2007-12-13,36.33,18.34,48.32,0.0,0.46
2007-12-14,36.75,18.72,44.51,0.0,0.46
2007-12-15,36.26,19.93,44.47,0.0,0.46
2007-12-16,34.98,23.14,47.33,0.0,0.46
2007-12-17,36.42,23.58,46.85,0.0,0.46
2007-12-18,37.24,23.25,46.14,0.0,0.46
2007-12-19,37.79,23.29,50.0,0.0,0.46
2007-12-20,37.46,22.5,51.31,0.0,0.46
2007-12-21,36.05,20.8,55.83,0.0,0.46
2007-12-22,34.94,19.44,52.52,0.0,0.46
2007-12-23,32.61,17.45,52.22,0.0,0.46
2007-12-24,30.93,17.66,52.56,0.0,0.46
2007-12-25,31.84,18.45,63.58,0.0,0.46
2007-12-26,32.89,19.77,58.97,0.0,0.46
2007-12-27,33.46,18.43,58.83,0.0,0.46
2007-12-28,32.84,18.72,63.48,0.0,0.46
2007-12-29,33.89,19.03,59.53,0.0,0.46
2007-12-30,35.15,19.56,57.06,0.0,0.46
2007-12-31,35.6,20.33,56.35,0.0,0.46
2008-01-01,34.03,21.34,53.86,0.0,0.46
2008-01-02,32.67,19.57,50.69,0.0,0.46
2008-01-03,32.39,17.36,50.48,0.0,0.46
2008-01-04,33.03,19.39,50.24,0.0,0.46
2008-01-05,34.38,20.62,54.99,0.0,0.46
2008-01-06,35.14,19.43,56.44,0.0,0.46
2008-01-07,35.43,19.85,54.07,0.0,0.46
2008-01-08,35.79,19.98,45.39,0.0,0.46
2008-01-09,36.01,18.53,50.96,0.0,0.46
2008-01-10,35.65,17.58,57.21,0.0,0.46
2008-01-11,35.16,17.53,59.72,0.0,0.46
2008-01-12,35.07,18.35,58.81,0.0,0.46
2008-01-13,34.74,18.59,52.52,0.0,0.46
2008-01-14,35.2,17.89,52.51,0.0,0.46
2008-01-15,35.12,17.99,56.4,0.0,0.46
2008-01-16,34.95,17.21,48.61,0.0,0.46
2008-01-17,35.37,18.08,49.05,0.0,0.46
2008-01-18,35.05,18.4,54.63,0.0,0.46
2008-01-19,34.63,19.64,56.96,0.0,0.46
2008-01-20,35.18,20.03,57.06,0.0,0.46
2008-01-21,34.08,19.19,60.08,0.0,0.46
2008-01-22,35.08,16.5,54.88,0.0,0.46
2008-01-23,36.21,17.47,55.8,0.0,0.46
2008-01-24,36.44,21.32,49.07,0.0,0.46
2008-01-25,36.49,20.74,51.57,0.0,0.46
2008-01-26,35.97,22.11,54.18,0.0,0.46
2008-01-27,35.85,22.17,65.31,0.0,0.46
2008-01-28,33.71,23.2,65.17,0.0,0.46
2008-01-29,32.77,20.09,55.04,0.0,0.46
2008-01-30,32.22,18.18,53.36,0.0,0.46
2008-01-31,30.6,21.85,44.95,0.0,0.46
2008-02-01,32.47,22.0,44.92,0.0,0.46
2008-02-02,33.73,19.81,59.52,0.0,0.46
2008-02-03,32.2,17.64,52.36,0.0,0.46
2008-02-04,33.18,15.33,52.47,0.0,0.46
2008-02-05,35.63,15.94,49.57,0.0,0.46
2008-02-06,36.34,16.63,49.81,0.0,0.46
2008-02-07,36.73,17.69,54.62,0.0,0.46
2008-02-08,37.42,17.34,55.56,0.0,0.46
2008-02-09,37.39,18.98,56.21,0.0,0.46
2008-02-10,37.21,18.79,54.35,0.0,0.46
2008-02-11,36.05,19.36,66.97,0.0,0.46
2008-02-12,35.6,19.82,61.37,0.0,0.46
2008-02-13,35.83,20.35,51.4,0.0,0.46
2008-02-14,35.07,19.7,50.97,0.0,0.46
2008-02-15,34.41,18.47,44.7,0.0,0.46
2008-02-16,33.06,17.01,46.39,0.0,0.46
2008-02-17,32.35,15.66,49.52,0.0,0.46
2008-02-18,33.64,16.26,50.01,0.0,0.46
2008-02-19,34.92,16.27,53.53,0.0,0.46
2008-02-20,34.86,17.94,55.82,0.0,0.46
2008-02-21,34.82,18.5,51.18,0.0,0.46
2008-02-22,35.6,18.33,49.94,0.0,0.46
2008-02-23,36.77,18.36,46.16,0.0,0.46
2008-02-24,37.19,18.17,48.46,0.0,0.46
2008-02-25,36.74,19.18,44.86,0.0,0.46
2008-02-26,34.71,18.81,48.58,0.0,0.46
2008-02-27,33.19,21.86,52.5,0.0,0.46
2008-02-28,37.55,23.43,43.63,0.0,0.46
2008-02-29,36.99,20.85,45.62,0.0,0.46
2008-03-01,36.03,17.72,52.6,0.0,0.46
2008-03-02,36.7,18.86,51.48,0.0,0.46
2008-03-03,37.23,19.47,51.25,0.0,0.46
2008-03-04,36.74,20.89,52.53,0.0,0.46
2008-03-05,36.41,20.28,45.97,0.0,0.46
2008-03-06,37.41,19.89,52.49,0.0,0.46
2008-03-07,37.84,18.85,48.0,0.0,0.46
2008-03-08,38.34,19.16,45.77,0.0,0.46
2008-03-09,37.58,20.02,48.42,0.0,0.46
2008-03-10,37.22,20.42,51.29,0.0,0.46
2008-03-11,36.67,19.06,56.66,0.0,0.46
2008-03-12,37.02,19.6,56.2,0.0,0.46
2008-03-13,38.44,19.33,57.77,0.0,0.46
2008-03-14,38.6,21.81,55.25,0.0,0.46
2008-03-15,39.63,22.93,47.47,0.0,0.46
2008-03-16,39.56,22.36,48.63,0.0,0.46
2008-03-17,39.19,21.68,56.82,0.0,0.46
2008-03-18,38.99,21.65,58.18,0.0,0.46
2008-03-19,39.15,21.1,54.58,0.0,0.46
2008-03-20,40.19,21.27,57.67,0.0,0.46
2008-03-21,39.92,21.84,57.04,0.0,0.46
2008-03-22,39.34,21.49,58.19,0.0,0.46
2008-03-23,40.18,22.92,54.77,0.0,0.46
2008-03-24,38.87,23.77,60.31,0.0,0.46
2008-03-25,40.44,23.31,58.87,0.0,0.46
2008-03-26,38.79,23.53,58.39,0.0,0.46
2008-03-27,37.19,24.32,60.32,0.0,0.46
2008-03-28,38.33,24.28,59.45,0.0,0.46
2008-03-29,34.4,25.13,60.86,0.0,0.46
2008-03-30,36.23,25.18,54.79,0.0,0.46
2008-03-31,33.21,24.84,60.64,0.0,0.46
2008-04-01,35.7,24.83,58.21,0.0,0.46
2008-04-02,36.91,24.81,57.85,0.0,0.46
2008-04-03,38.47,24.8,57.61,0.0,0.46
2008-04-04,40.01,24.44,52.87,0.0,0.46
2008-04-05,39.68,25.22,51.72,0.0,0.46
2008-04-06,38.87,25.27,51.46,0.0,0.46
2008-04-07,34.14,27.24,58.58,0.0,0.46
2008-04-08,36.87,26.05,50.88,0.0,0.46
2008-04-09,38.4,24.72,48.75,0.0,0.46
2008-04-10,39.27,24.63,55.72,0.0,0.46
2008-04-11,39.38,24.56,58.86,0.0,0.46
2008-04-12,39.57,24.54,57.21,0.0,0.46
2008-04-13,40.38,24.56,57.59,0.0,0.46
2008-04-14,41.48,23.4,55.02,0.0,0.46
2008-04-15,41.0,24.53,54.62,0.0,0.46
2008-04-16,40.61,24.33,54.64,0.0,0.46
2008-04-17,42.01,24.4,55.38,0.0,0.46
2008-04-18,41.19,25.51,57.69,0.0,0.46
2008-04-19,40.09,25.21,62.42,0.0,0.46
2008-04-20,41.78,25.31,58.93,0.0,0.46
2008-04-21,40.04,25.61,59.54,0.0,0.46
2008-04-22,41.87,25.6,53.81,0.0,0.46
2008-04-23,40.06,27.22,50.11,0.0,0.46
2008-04-24,38.55,28.43,51.34,0.0,0.46
2008-04-25,36.03,27.74,56.17,0.0,0.46
2008-04-26,38.8,27.47,52.13,0.0,0.46
2008-04-27,37.19,27.64,60.46,0.0,0.46
2008-04-28,33.52,26.55,65.71,0.0,0.46
2008-04-29,32.56,26.22,75.22,0.0,0.46
2008-04-30,33.19,26.85,71.66,0.01,0.46
2008-05-01,33.78,27.43,71.79,0.0,0.46
2008-05-02,35.07,27.27,68.87,2.3,0.46
2008-05-03,30.12,26.05,82.4,17.97,0.48
2008-05-04,34.0,26.66,77.04,0.8,0.49
2008-05-05,32.94,26.03,75.36,0.46,0.49
2008-05-06,33.89,24.86,62.75,0.32,0.49
2008-05-07,35.34,24.06,64.07,0.09,0.48
2008-05-08,36.07,24.76,65.73,1.25,0.48
2008-05-09,36.04,24.69,66.3,0.15,0.48
2008-05-10,34.19,25.93,77.85,8.86,0.48
2008-05-11,32.39,24.99,78.52,4.78,0.49
2008-05-12,29.21,24.34,81.49,1.58,0.5
2008-05-13,32.15,23.93,72.26,0.0,0.49
2008-05-14,34.6,24.91,66.64,0.0,0.49
2008-05-15,33.15,26.33,73.31,0.0,0.49
2008-05-16,34.83,25.59,67.21,0.0,0.48
2008-05-17,31.51,25.98,74.4,0.0,0.48
2008-05-18,35.41,25.3,67.74,0.17,0.48
2008-05-19,34.08,25.95,71.73,3.31,0.48
2008-05-20,34.82,25.18,69.06,0.76,0.48
2008-05-21,34.59,25.54,61.52,0.0,0.48
2008-05-22,36.93,25.5,59.63,0.06,0.47
2008-05-23,37.68,26.7,58.83,0.48,0.47
2008-05-24,36.23,27.24,58.35,0.46,0.47
2008-05-25,34.44,26.51,64.1,0.04,0.47
2008-05-26,35.74,25.96,64.78,0.45,0.47
2008-05-27,35.39,26.61,64.52,0.89,0.47
2008-05-28,33.66,26.09,72.61,6.95,0.48
2008-05-29,32.37,26.21,74.74,1.78,0.48
2008-05-30,32.22,25.48,72.42,0.51,0.48
2008-05-31,30.78,25.16,77.74,3.54,0.48
2008-06-01,35.07,24.37,70.46,3.31,0.48
2008-06-02,32.62,25.31,78.53,10.06,0.49
2008-06-03,35.43,25.49,73.89,3.04,0.5
2008-06-04,33.09,25.34,75.37,2.93,0.5
2008-06-05,32.72,25.04,74.36,1.4,0.5
2008-06-06,29.9,25.34,83.08,3.95,0.5
2008-06-07,30.54,25.14,83.8,5.96,0.51
2008-06-08,31.22,25.7,81.5,1.61,0.51
2008-06-09,33.72,24.7,73.62,0.03,0.51
2008-06-10,35.49,25.2,68.68,0.11,0.5
2008-06-11,35.26,25.71,70.39,1.38,0.5
2008-06-12,34.15,25.66,75.58,1.13,0.5
2008-06-13,32.13,25.98,81.27,3.39,0.5
2008-06-14,30.88,25.91,81.05,11.24,0.51
2008-06-15,31.15,26.22,79.54,7.56,0.53
2008-06-16,30.42,25.82,82.52,12.92,0.54
2008-06-17,31.72,25.8,80.05,7.22,0.55
2008-06-18,31.38,25.49,82.41,12.59,0.57
2008-06-19,34.86,25.42,73.98,0.25,0.57
2008-06-20,33.95,25.14,72.62,0.51,0.56
2008-06-21,31.77,25.36,78.82,0.39,0.56
2008-06-22,30.54,25.73,79.73,2.11,0.56
2008-06-23,32.01,25.27,74.78,0.06,0.55
2008-06-24,32.78,25.48,74.29,0.99,0.55
2008-06-25,33.53,24.85,74.35,3.44,0.55
2008-06-26,31.95,25.4,76.16,0.6,0.55
2008-06-27,33.87,24.91,74.05,1.17,0.55
2008-06-28,32.33,25.69,77.2,2.54,0.55
2008-06-29,32.46,25.42,78.54,5.87,0.55
2008-06-30,30.65,25.14,83.2,15.95,0.57
2008-07-01,32.87,25.08,79.02,8.76,0.58
2008-07-02,31.01,24.75,81.1,5.51,0.59
2008-07-03,29.8,24.5,83.88,3.28,0.59
2008-07-04,30.73,25.03,83.26,3.48,0.59
2008-07-05,28.92,24.96,86.01,10.66,0.6
2008-07-06,30.21,24.97,82.83,5.01,0.61
2008-07-07,31.51,24.75,79.73,7.14,0.61
2008-07-08,30.2,25.24,84.75,3.54,0.61
2008-07-09,30.78,24.76,83.96,3.67,0.62
2008-07-10,30.97,24.54,81.29,2.39,0.61
2008-07-11,31.53,24.79,81.48,0.53,0.61
2008-07-12,31.12,25.05,82.77,4.6,0.61
2008-07-13,31.42,24.9,82.74,12.12,0.62
2008-07-14,31.26,24.65,83.47,10.06,0.64
2008-07-15,32.67,24.16,78.4,1.86,0.64
2008-07-16,33.02,24.23,78.96,4.78,0.63
2008-07-17,32.32,25.27,79.75,2.76,0.63
2008-07-18,31.21,25.4,83.04,10.57,0.64
2008-07-19,31.03,25.08,85.33,16.89,0.65
2008-07-20,29.65,25.1,87.59,1.15,0.66
2008-07-21,30.29,24.75,85.32,5.84,0.66
2008-07-22,29.87,24.97,85.99,1.49,0.66
2008-07-23,29.78,24.77,88.33,5.07,0.66
2008-07-24,29.72,24.67,85.14,4.19,0.67
2008-07-25,29.94,24.67,85.57,4.04,0.67
2008-07-26,29.69,24.95,87.2,7.57,0.67
2008-07-27,31.55,24.85,82.77,1.36,0.67
2008-07-28,29.21,24.97,88.68,8.93,0.67
2008-07-29,29.04,24.92,88.93,4.13,0.68
2008-07-30,29.36,24.87,85.59,1.17,0.68
2008-07-31,31.41,24.36,83.78,2.16,0.67
2008-08-01,30.75,24.83,86.53,2.15,0.67
2008-08-02,30.4,24.64,86.25,1.36,0.67
2008-08-03,30.89,24.52,83.43,4.65,0.67
2008-08-04,32.32,24.19,81.83,3.3,0.67
2008-08-05,30.47,24.78,84.88,5.03,0.67
2008-08-06,27.71,24.31,88.34,3.0,0.67
2008-08-07,29.86,25.12,85.14,12.92,0.67
2008-08-08,29.55,25.66,86.21,18.19,0.7
2008-08-09,30.36,25.21,84.38,11.42,0.71
2008-08-10,30.87,25.07,85.31,4.56,0.71
2008-08-11,28.61,24.52,90.12,4.18,0.71
2008-08-12,30.02,24.4,87.3,3.54,0.71
2008-08-13,31.32,24.17,84.39,1.55,0.71
2008-08-14,29.69,24.48,87.55,0.89,0.7
2008-08-15,28.5,24.73,89.5,3.23,0.7
2008-08-16,29.8,24.57,87.08,3.76,0.7
2008-08-17,29.08,24.41,87.65,1.91,0.7
2008-08-18,29.2,23.97,86.29,2.24,0.7
2008-08-19,29.69,23.91,85.08,1.04,0.69
2008-08-20,30.95,23.67,84.06,0.78,0.69
2008-08-21,30.59,24.17,85.0,1.17,0.68
2008-08-22,30.27,24.61,85.06,0.17,0.68
2008-08-23,30.59,24.19,84.63,0.12,0.67
2008-08-24,30.18,24.38,85.49,1.61,0.67
2008-08-25,30.16,24.32,84.3,0.22,0.66
2008-08-26,32.6,24.37,81.35,2.63,0.66
2008-08-27,30.58,24.74,85.86,6.17,0.66
2008-08-28,30.42,24.33,84.24,0.36,0.66
2008-08-29,31.66,24.52,81.01,0.39,0.66
2008-08-30,32.57,24.7,79.47,0.04,0.65
2008-08-31,32.32,24.81,77.67,0.27,0.64
2008-09-01,33.03,25.28,79.84,0.88,0.64
2008-09-02,31.88,25.4,78.43,0.42,0.64
2008-09-03,31.6,24.94,80.37,1.22,0.63
2008-09-04,31.68,25.23,79.74,0.04,0.63
2008-09-05,30.8,24.99,82.63,0.84,0.62
2008-09-06,32.45,24.43,82.85,3.31,0.62
2008-09-07,29.81,24.38,86.71,5.51,0.62
2008-09-08,29.79,24.04,87.53,2.78,0.63
2008-09-09,31.82,24.09,83.26,2.02,0.62
2008-09-10,33.08,24.62,80.73,4.47,0.62
2008-09-11,32.89,24.4,80.61,10.47,0.62
2008-09-12,28.65,25.34,91.3,12.25,0.64
2008-09-13,27.98,24.08,88.7,13.8,0.66
2008-09-14,30.73,23.98,85.72,2.53,0.66
2008-09-15,27.88,24.89,91.76,5.9,0.67
2008-09-16,29.27,24.57,86.82,1.17,0.67
2008-09-17,31.37,24.81,83.44,1.71,0.66
2008-09-18,30.11,24.29,86.11,6.58,0.66
2008-09-19,30.38,24.41,87.42,7.82,0.67
2008-09-20,29.25,24.51,89.06,1.58,0.67
2008-09-21,28.87,24.54,85.65,0.64,0.66
2008-09-22,30.93,24.3,79.88,0.2,0.66
2008-09-23,31.29,24.03,82.67,1.54,0.65
2008-09-24,31.27,24.52,84.96,11.48,0.65
2008-09-25,29.09,24.88,88.62,2.62,0.66
2008-09-26,31.16,24.85,83.93,3.41,0.66
2008-09-27,31.77,24.55,82.11,0.76,0.65
2008-09-28,31.74,24.08,81.73,0.0,0.65
2008-09-29,32.74,23.23,78.8,0.1,0.64
2008-09-30,31.63,23.35,82.59,11.83,0.64
2008-10-01,29.08,24.59,89.58,5.22,0.65
2008-10-02,32.05,23.49,82.37,0.47,0.65
2008-10-03,31.92,24.25,79.85,1.76,0.64
2008-10-04,29.64,24.66,87.13,5.18,0.64
2008-10-05,31.16,24.34,83.1,1.19,0.64
2008-10-06,31.96,23.75,81.51,4.65,0.64
2008-10-07,30.66,23.95,82.64,7.21,0.64
2008-10-08,32.69,23.61,77.0,0.0,0.64
2008-10-09,33.54,24.58,77.23,0.21,0.63
2008-10-10,31.58,25.41,80.25,1.18,0.63
2008-10-11,32.17,25.63,75.22,4.32,0.63
2008-10-12,31.38,25.69,78.29,4.07,0.63
2008-10-13,33.01,25.26,75.24,0.28,0.63
2008-10-14,32.76,25.63,75.89,0.0,0.62
2008-10-15,33.15,25.21,75.91,0.01,0.61
2008-10-16,34.71,25.84,70.84,0.43,0.61
2008-10-17,33.32,25.91,74.22,0.02,0.6
2008-10-18,33.06,24.73,77.17,0.77,0.6
2008-10-19,30.59,25.14,83.01,2.13,0.59
2008-10-20,29.91,24.11,84.82,20.17,0.61
2008-10-21,32.29,24.07,77.06,3.28,0.63
2008-10-22,31.86,24.91,79.04,2.34,0.62
2008-10-23,31.72,25.33,81.34,2.3,0.62
2008-10-24,30.04,24.56,87.0,1.42,0.62
2008-10-25,28.71,24.46,92.24,7.85,0.62
2008-10-26,27.89,23.81,91.06,5.51,0.63
2008-10-27,30.09,23.63,85.82,2.11,0.63
2008-10-28,30.94,23.03,82.88,0.54,0.63
2008-10-29,31.77,23.45,80.61,0.49,0.62
2008-10-30,29.84,24.88,85.57,6.99,0.62
2008-10-31,29.52,24.22,88.38,11.32,0.64
2008-11-01,30.85,24.35,85.83,17.72,0.65
2008-11-02,31.48,24.57,83.86,0.35,0.66
2008-11-03,31.31,23.86,84.35,0.74,0.65
2008-11-04,31.59,22.31,81.53,0.13,0.64
2008-11-05,31.81,23.2,80.74,0.69,0.64
2008-11-06,33.18,23.77,76.69,1.5,0.63
2008-11-07,32.53,23.57,76.49,8.05,0.63
2008-11-08,33.35,21.71,72.2,1.33,0.63
2008-11-09,33.32,22.74,71.91,0.01,0.62
2008-11-10,31.4,20.46,75.55,0.0,0.61
2008-11-11,30.41,19.19,74.57,0.01,0.61
2008-11-12,30.23,18.93,71.17,0.0,0.6
2008-11-13,30.46,20.91,72.42,0.0,0.6
2008-11-14,29.95,19.5,76.05,0.01,0.59
2008-11-15,30.53,18.69,74.43,0.01,0.58
2008-11-16,33.08,17.99,66.76,0.0,0.58
2008-11-17,34.71,20.51,62.41,0.0,0.57
2008-11-18,34.37,22.89,71.12,0.0,0.57
2008-11-19,32.67,23.5,75.67,0.0,0.56
2008-11-20,31.11,23.17,74.01,0.63,0.56
2008-11-21,32.89,21.94,77.7,2.71,0.56
2008-11-22,34.25,22.45,71.93,0.0,0.56
2008-11-23,34.24,22.95,69.47,0.0,0.55
2008-11-24,34.03,23.52,71.12,0.0,0.55
2008-11-25,33.87,22.85,71.06,0.01,0.54
2008-11-26,33.97,22.62,69.21,0.0,0.54
2008-11-27,32.88,22.21,71.04,0.0,0.54
2008-11-28,31.54,19.97,69.51,0.0,0.53
2008-11-29,31.51,18.14,67.14,0.0,0.53
2008-11-30,30.28,16.37,69.02,0.0,0.53
2008-12-01,30.24,15.32,69.0,0.0,0.52
2008-12-02,30.65,14.98,67.05,0.0,0.52
2008-12-03,31.47,16.29,61.52,0.0,0.52
2008-12-04,32.51,18.74,67.76,0.0,0.51
2008-12-05,32.28,17.55,69.93,0.0,0.51
2008-12-06,32.2,18.23,71.35,0.0,0.51
2008-12-07,31.78,17.85,72.25,0.0,0.51
2008-12-08,32.24,18.15,68.67,0.0,0.5
2008-12-09,32.23,18.89,66.86,0.0,0.5
2008-12-10,32.05,19.84,65.88,0.0,0.5
2008-12-11,32.3,19.93,65.72,0.0,0.5
2008-12-12,32.34,20.53,65.66,0.0,0.49
2008-12-13,33.23,20.49,65.02,0.0,0.49
2008-12-14,33.8,19.94,64.93,0.0,0.49
2008-12-15,32.98,20.43,68.51,0.0,0.49
2008-12-16,32.66,19.4,65.26,0.0,0.49
2008-12-17,32.35,18.96,62.57,0.0,0.48
2008-12-18,32.33,18.35,62.59,0.0,0.48
2008-12-19,31.72,18.98,63.05,0.0,0.48
2008-12-20,31.11,17.85,61.41,0.0,0.48
2008-12-21,31.37,18.31,59.96,0.0,0.48
2008-12-22,32.02,17.37,59.03,0.0,0.47
2008-12-23,32.89,18.59,56.18,0.0,0.47
2008-12-24,33.06,19.8,61.23,0.0,0.47
2008-12-25,32.5,20.23,62.44,0.31,0.47
2008-12-26,33.03,20.47,70.53,3.05,0.47
2008-12-27,31.91,19.87,71.14,0.01,0.47
2008-12-28,31.98,16.67,58.86,0.0,0.47
2008-12-29,32.18,15.45,59.89,0.0,0.47
2008-12-30,33.03,16.33,56.02,0.0,0.47
2008-12-31,33.55,16.62,51.14,0.0,0.47
2009-01-01,34.19,16.91,60.02,0.0,0.47
2009-01-02,33.32,19.95,62.93,0.0,0.47
2009-01-03,33.34,18.98,60.69,0.0,0.46
2009-01-04,33.48,20.35,58.75,0.0,0.46
2009-01-05,33.17,20.04,57.18,0.0,0.46
2009-01-06,33.18,19.57,49.62,0.0,0.46
2009-01-07,33.51,19.22,51.46,0.0,0.46
2009-01-08,34.15,19.67,53.88,0.0,0.46
2009-01-09,34.21,19.54,53.91,0.0,0.46
2009-01-10,32.9,18.93,57.97,0.0,0.46
2009-01-11,32.3,18.87,53.1,0.0,0.46
2009-01-12,32.8,19.4,52.79,0.0,0.46
2009-01-13,31.78,17.87,52.15,0.0,0.46
2009-01-14,31.44,15.03,50.84,0.0,0.46
2009-01-15,30.3,15.35,52.86,0.0,0.46
2009-01-16,30.96,14.53,51.09,0.0,0.46
2009-01-17,31.66,17.18,45.27,0.0,0.46
2009-01-18,32.23,17.32,52.15,0.0,0.46
2009-01-19,33.0,17.29,53.13,0.0,0.46
2009-01-20,33.81,18.25,55.04,0.0,0.46
2009-01-21,34.43,18.47,51.49,0.0,0.46
2009-01-22,34.55,18.54,52.92,0.0,0.46
2009-01-23,34.64,18.32,56.19,0.0,0.46
2009-01-24,34.86,19.63,54.95,0.0,0.46
2009-01-25,35.92,19.66,58.71,0.0,0.46
2009-01-26,35.06,19.86,62.08,0.0,0.46
2009-01-27,34.8,18.29,61.99,0.0,0.46
2009-01-28,34.52,18.53,65.89,0.0,0.46
2009-01-29,35.33,18.74,57.66,0.0,0.46
2009-01-30,35.94,19.37,54.41,0.0,0.46
2009-01-31,35.05,18.38,56.66,0.0,0.46
2009-02-01,34.83,18.54,59.29,0.0,0.46
2009-02-02,34.5,18.62,60.86,0.0,0.46
2009-02-03,34.1,18.49,55.56,0.0,0.46
2009-02-04,34.16,17.52,52.25,0.0,0.46
2009-02-05,34.98,17.91,48.53,0.0,0.46
2009-02-06,35.66,18.07,50.52,0.0,0.46
2009-02-07,35.11,18.77,52.91,0.0,0.46
2009-02-08,35.78,20.36,47.12,0.0,0.46
2009-02-09,36.48,19.99,44.56,0.0,0.46
2009-02-10,37.0,19.34,43.9,0.0,0.46
2009-02-11,36.46,20.02,49.86,0.0,0.46
2009-02-12,34.15,19.4,59.38,0.0,0.46
2009-02-13,34.72,18.87,61.45,0.0,0.46
2009-02-14,35.91,20.27,57.17,0.0,0.46
2009-02-15,36.36,19.84,53.46,0.0,0.46
2009-02-16,37.07,19.95,54.83,0.0,0.46
2009-02-17,38.02,21.81,55.05,0.0,0.46
2009-02-18,38.43,21.53,55.39,0.0,0.46
2009-02-19,38.53,22.11,55.35,0.0,0.46
2009-02-20,39.58,23.29,48.2,0.04,0.46
2009-02-21,38.07,23.29,52.86,0.41,0.46
2009-02-22,37.7,20.63,48.61,0.0,0.46
2009-02-23,37.62,19.25,51.47,0.0,0.46
2009-02-24,37.59,18.67,53.05,0.0,0.46
2009-02-25,37.85,19.51,55.75,0.0,0.46
2009-02-26,38.3,19.39,55.55,0.0,0.46
2009-02-27,38.47,19.97,57.82,0.0,0.46
2009-02-28,38.4,19.97,59.4,0.0,0.46
2009-03-01,38.03,19.99,57.01,0.0,0.46
2009-03-02,39.15,19.87,56.15,0.04,0.46
2009-03-03,38.72,19.77,53.48,0.17,0.46
2009-03-04,37.8,19.83,59.86,0.0,0.46
2009-03-05,37.08,20.32,62.98,0.0,0.46
2009-03-06,37.56,19.56,58.58,0.0,0.46
2009-03-07,38.47,20.06,60.18,0.0,0.46
2009-03-08,38.61,20.74,58.39,0.0,0.46
2009-03-09,39.13,19.64,52.96,0.0,0.46
2009-03-10,39.89,20.29,53.03,0.0,0.46
2009-03-11,39.21,21.95,61.89,0.0,0.46
2009-03-12,37.77,22.45,62.43,0.0,0.46
2009-03-13,39.48,22.74,53.64,0.0,0.46
2009-03-14,40.51,24.56,40.47,0.0,0.46
2009-03-15,35.66,25.8,55.48,0.0,0.46
2009-03-16,32.02,25.79,62.06,0.35,0.46
2009-03-17,32.07,24.22,70.88,9.26,0.47
2009-03-18,33.23,23.97,66.13,0.94,0.47
2009-03-19,37.79,23.75,57.07,0.12,0.47
2009-03-20,37.28,23.67,62.4,5.01,0.47
2009-03-21,38.08,22.47,57.22,0.0,0.47
2009-03-22,38.68,21.3,55.27,0.01,0.47
2009-03-23,38.32,22.93,61.96,6.82,0.47
2009-03-24,37.31,22.82,63.72,3.26,0.48
2009-03-25,38.37,22.93,60.29,0.68,0.48
2009-03-26,37.94,23.06,61.64,0.84,0.47
2009-03-27,37.5,22.32,60.25,0.12,0.47
2009-03-28,38.28,22.5,56.92,0.0,0.47
2009-03-29,39.2,21.61,52.35,0.0,0.47
2009-03-30,39.31,21.86,53.99,0.0,0.46
2009-03-31,39.6,22.01,54.61,1.54,0.47
2009-04-01,39.26,23.48,52.83,0.0,0.46
2009-04-02,40.04,22.69,49.3,0.0,0.46
2009-04-03,39.86,22.78,51.19,0.0,0.46
2009-04-04,40.36,21.64,52.64,0.0,0.46
2009-04-05,40.09,22.87,55.45,0.0,0.46
2009-04-06,39.93,23.06,57.54,0.0,0.46
2009-04-07,39.37,24.16,58.06,0.97,0.46
2009-04-08,39.72,24.48,56.24,0.88,0.46
2009-04-09,40.25,25.03,56.91,2.89,0.46
2009-04-10,39.34,25.5,57.49,0.19,0.47
2009-04-11,36.6,26.81,60.7,0.37,0.46
2009-04-12,35.76,26.69,63.15,0.0,0.46
2009-04-13,34.1,26.7,67.03,0.14,0.46
2009-04-14,33.96,26.33,67.08,0.69,0.46
2009-04-15,35.49,26.46,65.02,0.85,0.47
2009-04-16,35.19,26.56,67.18,0.84,0.47
2009-04-17,32.86,26.6,74.36,2.39,0.47
2009-04-18,34.13,26.42,76.33,5.71,0.47
2009-04-19,35.91,26.16,70.85,2.95,0.48
2009-04-20,37.21,25.76,68.89,0.57,0.48
2009-04-21,37.27,25.64,67.07,0.06,0.47
2009-04-22,38.42,26.35,61.5,0.0,0.47
2009-04-23,38.04,26.47,59.58,0.0,0.47
2009-04-24,38.81,26.83,60.2,0.0,0.47
2009-04-25,39.76,26.64,59.83,0.39,0.47
2009-04-26,33.6,26.17,70.51,5.26,0.47
2009-04-27,37.67,25.55,65.18,0.05,0.47
2009-04-28,38.33,25.65,62.6,0.71,0.47
2009-04-29,38.67,26.4,59.65,0.58,0.47
2009-04-30,39.31,25.88,59.28,0.0,0.47
2009-05-01,39.84,26.58,57.94,0.35,0.47
2009-05-02,39.3,25.69,61.31,4.59,0.47
2009-05-03,37.85,25.77,62.78,2.36,0.47
2009-05-04,38.0,25.53,61.16,0.0,0.47
2009-05-05,37.6,26.58,59.49,0.01,0.47
2009-05-06,39.91,25.93,60.74,0.0,0.47
2009-05-07,39.47,27.25,59.58,0.0,0.46
2009-05-08,39.44,26.75,62.37,0.0,0.46
2009-05-09,39.13,25.89,64.06,0.05,0.46
2009-05-10,35.91,26.68,66.99,1.51,0.46
2009-05-11,35.28,27.06,62.57,0.84,0.47
2009-05-12,35.07,27.34,66.85,7.47,0.47
2009-05-13,34.79,26.19,72.79,9.39,0.49
2009-05-14,34.08,26.42,74.08,10.35,0.5
2009-05-15,33.82,26.56,73.11,2.67,0.5
2009-05-16,34.89,25.69,70.96,0.84,0.5
2009-05-17,35.62,25.27,69.34,1.44,0.5
2009-05-18,32.77,26.16,75.31,0.88,0.5
2009-05-19,32.35,25.57,80.43,7.21,0.5
2009-05-20,33.1,25.56,74.31,1.2,0.51
2009-05-21,34.96,25.37,71.06,0.2,0.5
2009-05-22,32.4,26.0,78.07,0.53,0.5
2009-05-23,31.12,26.51,79.83,0.37,0.5
2009-05-24,31.02,26.06,84.77,7.77,0.51
2009-05-25,30.77,26.55,84.7,2.74,0.51
2009-05-26,31.51,26.44,81.25,0.59,0.51
2009-05-27,36.17,25.66,73.61,1.58,0.51
2009-05-28,33.93,25.11,72.57,2.75,0.51
2009-05-29,34.68,24.43,72.3,4.34,0.51
2009-05-30,34.6,24.99,72.95,1.31,0.51
2009-05-31,31.76,25.57,78.75,4.53,0.51
2009-06-01,33.06,25.78,78.25,2.26,0.52
2009-06-02,31.42,26.32,78.89,3.37,0.52
2009-06-03,34.18,26.37,69.83,1.83,0.52
2009-06-04,30.19,25.63,82.59,8.41,0.52
2009-06-05,29.21,25.39,89.21,23.98,0.55
2009-06-06,31.31,25.59,81.11,23.61,0.6
2009-06-07,31.7,26.14,82.28,12.11,0.61
2009-06-08,32.39,26.24,79.83,11.62,0.63
2009-06-09,33.47,25.55,76.25,1.3,0.62
2009-06-10,31.98,24.7,81.25,0.54,0.62
2009-06-11,30.66,25.55,83.58,2.49,0.61
2009-06-12,28.88,24.67,84.97,4.69,0.62
2009-06-13,32.28,24.53,77.44,3.05,0.62
2009-06-14,33.64,25.03,77.25,3.49,0.62
2009-06-15,32.27,26.1,80.13,0.16,0.61
2009-06-16,31.32,26.27,82.22,4.58,0.61
2009-06-17,28.88,25.08,85.7,10.09,0.63
2009-06-18,30.52,24.35,85.87,7.84,0.63
2009-06-19,32.22,24.95,81.3,3.46,0.63
2009-06-20,31.91,25.4,82.84,8.42,0.64
2009-06-21,29.76,25.24,85.8,2.78,0.64
2009-06-22,29.91,25.41,84.63,3.05,0.64
2009-06-23,31.45,25.09,85.49,9.06,0.65
2009-06-24,31.28,25.11,83.43,0.79,0.65
2009-06-25,31.5,25.08,83.48,9.88,0.65
2009-06-26,31.03,25.31,84.3,2.02,0.66
2009-06-27,30.37,25.2,85.46,2.81,0.65
2009-06-28,30.36,24.92,88.0,5.78,0.66
2009-06-29,31.09,24.52,83.37,3.12,0.66
2009-06-30,29.98,24.54,86.76,7.02,0.66
2009-07-01,29.39,24.61,89.19,10.39,0.67
2009-07-02,30.28,25.13,87.96,3.22,0.68
2009-07-03,30.52,24.89,84.8,1.93,0.67
2009-07-04,30.64,24.99,86.09,3.28,0.67
2009-07-05,29.02,25.31,90.26,14.88,0.68
2009-07-06,28.52,24.85,89.16,9.98,0.7
2009-07-07,29.03,24.41,87.72,0.32,0.7
2009-07-08,28.87,24.66,88.6,2.31,0.7
2009-07-09,28.88,24.53,88.12,3.25,0.7
2009-07-10,31.57,24.03,82.63,3.78,0.7
2009-07-11,31.45,25.3,84.85,16.54,0.7
2009-07-12,30.6,26.2,86.12,3.4,0.71
2009-07-13,28.42,25.34,90.6,15.78,0.73
2009-07-14,28.92,24.78,87.95,4.19,0.73
2009-07-15,30.92,24.82,84.73,2.21,0.73
2009-07-16,30.49,25.33,86.39,2.61,0.72
2009-07-17,30.85,24.91,88.47,2.2,0.72
2009-07-18,30.22,25.53,86.61,5.7,0.72
2009-07-19,29.29,25.2,89.89,8.88,0.73
2009-07-20,29.83,26.01,89.16,6.6,0.73
2009-07-21,30.38,25.33,88.82,2.11,0.74
2009-07-22,31.08,25.47,86.4,2.19,0.73
2009-07-23,29.8,25.16,86.22,0.21,0.73
2009-07-24,30.9,25.53,84.07,0.36,0.72
2009-07-25,29.41,25.46,87.18,3.43,0.72
2009-07-26,30.53,25.6,83.76,4.89,0.72
2009-07-27,31.28,25.01,83.19,3.88,0.71
2009-07-28,31.7,25.31,84.11,6.66,0.71
2009-07-29,29.78,25.42,86.65,7.87,0.72
2009-07-30,29.61,25.17,87.68,21.37,0.74
2009-07-31,29.98,25.08,86.95,7.17,0.75
2009-08-01,29.46,24.96,85.35,0.99,0.74
2009-08-02,30.5,24.71,82.78,0.73,0.73
2009-08-03,30.72,25.15,86.6,0.98,0.73
2009-08-04,31.69,25.33,84.98,2.78,0.72
2009-08-05,31.37,25.37,84.9,3.95,0.72
2009-08-06,28.84,25.22,89.14,14.15,0.73
2009-08-07,29.37,25.03,86.63,11.01,0.74
2009-08-08,30.3,25.05,85.38,6.95,0.75
2009-08-09,29.69,25.15,87.54,3.09,0.75
2009-08-10,31.4,24.65,82.29,1.07,0.74
2009-08-11,31.69,24.35,81.22,0.82,0.73
2009-08-12,32.48,24.65,80.98,0.49,0.72
2009-08-13,31.58,24.78,84.33,1.52,0.72
2009-08-14,30.62,25.31,85.62,0.0,0.71
2009-08-15,31.65,24.74,84.07,0.11,0.71
2009-08-16,33.38,24.38,80.5,2.44,0.7
2009-08-17,29.39,24.68,85.82,6.58,0.7
2009-08-18,33.27,24.05,77.12,3.5,0.7
2009-08-19,31.98,24.83,78.4,1.3,0.7
2009-08-20,31.54,24.34,81.61,0.43,0.69
2009-08-21,30.26,24.55,86.0,0.98,0.68
2009-08-22,30.29,24.67,87.34,10.04,0.69
2009-08-23,29.62,24.54,87.39,5.35,0.7
2009-08-24,29.29,24.78,89.19,9.16,0.71
2009-08-25,29.05,24.89,90.11,0.26,0.7
2009-08-26,30.68,24.83,87.02,0.5,0.7
2009-08-27,30.67,24.57,86.27,5.32,0.7
2009-08-28,29.16,24.94,90.44,11.61,0.71
2009-08-29,30.78,24.57,84.69,5.59,0.71
2009-08-30,27.56,24.66,91.51,26.92,0.74
2009-08-31,30.12,24.16,87.23,15.13,0.76
2009-09-01,29.31,24.86,92.16,1.68,0.77
2009-09-02,29.12,25.02,92.0,2.66,0.77
2009-09-03,29.32,24.9,91.61,1.59,0.76
2009-09-04,29.22,25.45,92.36,10.71,0.77
2009-09-05,29.47,25.22,89.71,2.9,0.77
2009-09-06,28.55,25.07,90.83,1.27,0.77
2009-09-07,28.44,25.08,92.08,1.78,0.77
2009-09-08,29.87,24.56,89.07,0.56,0.76
2009-09-09,31.17,23.95,85.48,0.14,0.76
2009-09-10,31.09,24.56,86.98,3.88,0.75
2009-09-11,32.29,24.93,85.7,0.14,0.74
2009-09-12,31.48,25.16,86.67,0.46,0.74
2009-09-13,31.47,25.58,86.77,1.11,0.73
2009-09-14,29.66,25.12,90.22,2.11,0.73
2009-09-15,31.28,24.78,86.78,0.64,0.72
2009-09-16,31.05,24.83,86.79,3.68,0.72
2009-09-17,30.88,24.38,88.24,5.34,0.72
2009-09-18,30.61,24.45,87.41,0.6,0.72
2009-09-19,31.01,24.92,85.62,0.21,0.71
2009-09-20,31.77,24.08,85.24,1.82,0.71
2009-09-21,32.2,24.42,82.85,0.79,0.7
2009-09-22,31.82,24.69,83.93,0.86,0.69
2009-09-23,28.83,24.85,88.79,0.85,0.69
2009-09-24,32.19,24.02,82.53,1.17,0.68
2009-09-25,30.18,24.96,88.85,12.98,0.69
2009-09-26,29.76,24.64,89.29,10.52,0.7
2009-09-27,28.6,24.96,90.63,6.75,0.71
2009-09-28,30.15,25.15,89.26,0.62,0.71
2009-09-29,30.01,25.02,87.09,5.67,0.71
2009-09-30,29.94,24.29,86.04,3.17,0.71
2009-10-01,30.66,23.69,86.52,5.08,0.71
2009-10-02,29.43,25.15,90.94,7.89,0.71
2009-10-03,27.82,25.4,93.35,5.51,0.72
2009-10-04,30.68,24.81,89.13,2.91,0.72
2009-10-05,30.05,24.98,92.07,14.33,0.73
2009-10-06,30.17,24.84,88.92,1.05,0.73
2009-10-07,32.2,24.49,86.02,0.01,0.72
2009-10-08,31.99,24.84,84.2,0.02,0.71
2009-10-09,31.76,24.3,83.63,0.12,0.71
2009-10-10,31.13,24.31,86.8,0.28,0.7
2009-10-11,30.11,24.8,88.73,1.35,0.7
2009-10-12,29.15,24.76,88.42,9.93,0.7
2009-10-13,30.16,24.7,85.69,0.98,0.71
2009-10-14,29.39,24.06,87.91,0.07,0.7
2009-10-15,30.57,23.85,85.74,1.02,0.7
2009-10-16,31.17,24.24,84.62,9.76,0.7
2009-10-17,30.43,24.64,87.32,5.12,0.7
2009-10-18,30.12,24.67,87.36,1.41,0.7
2009-10-19,30.56,24.29,87.72,11.9,0.71
2009-10-20,30.53,24.47,85.85,3.57,0.71
2009-10-21,30.72,24.91,82.36,1.44,0.71
2009-10-22,31.76,25.02,81.09,2.35,0.71
2009-10-23,29.86,25.0,87.06,0.5,0.7
2009-10-24,30.72,24.59,84.05,0.86,0.7
2009-10-25,31.75,24.14,80.81,0.07,0.69
2009-10-26,30.16,25.66,82.55,0.0,0.69
2009-10-27,32.03,24.97,80.54,0.0,0.68
2009-10-28,31.08,25.49,80.57,0.0,0.68
2009-10-29,32.68,24.07,78.24,0.0,0.67
2009-10-30,33.18,24.52,75.72,0.0,0.66
2009-10-31,33.13,25.14,75.02,0.0,0.65
2009-11-01,32.79,24.51,76.62,0.0,0.65
2009-11-02,31.83,23.0,77.36,0.01,0.64
2009-11-03,30.24,21.62,76.71,0.56,0.63
2009-11-04,29.47,20.7,74.1,0.0,0.62
2009-11-05,31.54,20.83,76.47,0.0,0.62
2009-11-06,32.48,21.47,76.3,0.0,0.61
2009-11-07,33.34,23.02,71.88,0.0,0.6
2009-11-08,33.64,23.3,71.89,0.0,0.6
2009-11-09,34.29,23.19,73.06,0.0,0.59
2009-11-10,34.86,23.7,73.02,0.0,0.59
2009-11-11,34.94,23.53,70.47,0.0,0.58
2009-11-12,35.2,23.05,70.28,0.0,0.57
2009-11-13,35.71,23.77,69.03,0.0,0.57
2009-11-14,35.87,23.87,69.58,0.0,0.56
2009-11-15,34.93,23.32,72.67,0.01,0.56
2009-11-16,35.46,23.32,72.59,0.0,0.55
2009-11-17,36.03,23.52,71.97,0.21,0.55
2009-11-18,34.58,23.96,75.59,0.18,0.54
2009-11-19,31.72,23.82,77.55,0.02,0.54
2009-11-20,33.53,22.63,70.76,0.0,0.54
2009-11-21,33.51,21.39,68.52,0.0,0.53
2009-11-22,33.06,22.28,68.58,0.0,0.53
2009-11-23,32.66,21.41,67.31,0.0,0.53
2009-11-24,32.62,21.08,65.77,0.0,0.52
2009-11-25,32.28,20.88,66.73,0.0,0.52
2009-11-26,32.33,21.32,65.38,0.0,0.52
2009-11-27,32.75,21.28,65.15,0.0,0.51
2009-11-28,33.2,20.55,65.53,0.0,0.51
2009-11-29,33.33,19.73,63.79,0.0,0.51
2009-11-30,33.27,19.86,67.48,0.0,0.51
2009-12-01,33.49,19.69,62.17,0.0,0.5
2009-12-02,33.23,20.78,61.82,0.0,0.5
2009-12-03,33.02,19.53,61.12,0.0,0.5
2009-12-04,32.49,19.04,60.92,0.0,0.49
2009-12-05,31.93,19.75,61.88,0.0,0.49
2009-12-06,31.89,19.05,59.41,0.0,0.49
2009-12-07,31.6,20.42,64.2,0.0,0.49
2009-12-08,32.04,19.78,65.92,0.01,0.49
2009-12-09,32.46,20.87,66.41,0.0,0.48
2009-12-10,32.83,20.43,64.64,0.0,0.48
2009-12-11,32.55,19.95,63.44,0.0,0.48
2009-12-12,32.16,19.06,60.72,0.0,0.48
2009-12-13,32.59,18.71,59.27,0.0,0.48
2009-12-14,33.63,19.77,62.74,0.0,0.48
2009-12-15,33.67,19.28,64.81,0.0,0.47
2009-12-16,34.34,19.24,57.51,0.0,0.47
2009-12-17,34.68,20.69,58.86,0.0,0.47
2009-12-18,35.21,20.7,57.74,0.0,0.47
2009-12-19,34.87,21.68,59.8,0.0,0.47
2009-12-20,35.02,23.01,58.88,0.0,0.47
2009-12-21,34.47,22.96,56.6,0.0,0.47
2009-12-22,32.97,23.03,58.74,0.0,0.47
2009-12-23,33.14,22.76,58.07,0.0,0.47
2009-12-24,33.43,21.34,61.71,0.0,0.46
2009-12-25,32.69,19.86,54.17,0.0,0.46
2009-12-26,32.21,17.12,53.06,0.0,0.46
2009-12-27,31.51,16.76,54.93,0.0,0.46
2009-12-28,32.06,16.48,58.2,0.0,0.46
2009-12-29,31.38,16.83,58.33,0.0,0.46
2009-12-30,33.13,16.06,54.17,0.0,0.46
2009-12-31,34.16,17.59,55.96,0.0,0.46
2010-01-01,34.06,20.39,47.39,0.0,0.46
2010-01-02,34.39,17.79,46.66,0.0,0.46
2010-01-03,34.41,16.47,38.53,0.0,0.46
2010-01-04,34.98,17.84,55.4,0.0,0.46
2010-01-05,34.48,19.63,58.21,0.01,0.46
2010-01-06,34.16,20.78,62.27,2.9,0.46
2010-01-07,34.03,22.92,68.77,6.4,0.47
2010-01-08,33.8,23.72,71.31,0.0,0.47
2010-01-09,34.11,22.84,66.09,0.0,0.47
2010-01-10,34.31,21.22,63.97,0.0,0.47
2010-01-11,33.92,20.47,60.91,0.0,0.47
2010-01-12,34.48,20.1,54.95,0.0,0.47
2010-01-13,35.64,19.33,55.09,0.0,0.47
2010-01-14,35.6,20.78,54.61,0.0,0.47
2010-01-15,34.16,21.25,57.15,0.0,0.46
2010-01-16,35.32,20.14,54.7,0.0,0.46
2010-01-17,34.76,21.95,55.36,0.0,0.46
2010-01-18,31.94,23.71,58.72,0.0,0.46
2010-01-19,33.62,21.75,62.23,0.0,0.46
2010-01-20,34.95,21.19,54.94,0.0,0.46
2010-01-21,35.83,20.6,50.12,0.0,0.46
2010-01-22,36.36,21.31,52.67,0.0,0.46
2010-01-23,36.51,20.65,48.25,0.08,0.46
2010-01-24,36.89,21.4,52.14,0.17,0.46
2010-01-25,36.74,22.44,54.01,0.57,0.46
2010-01-26,33.92,23.3,60.03,4.35,0.46
2010-01-27,35.06,21.38,52.43,0.0,0.47
2010-01-28,35.5,19.41,49.91,0.0,0.47
2010-01-29,35.76,20.31,51.74,0.0,0.46
2010-01-30,34.95,21.03,52.85,0.0,0.46
2010-01-31,34.68,21.03,51.8,0.0,0.46
2010-02-01,33.66,19.9,52.04,0.0,0.46
2010-02-02,33.98,18.75,51.7,0.0,0.46
2010-02-03,34.47,17.9,48.81,0.0,0.46
2010-02-04,34.81,18.3,47.01,0.0,0.46
2010-02-05,32.65,18.94,44.6,0.0,0.46
2010-02-06,35.24,16.78,45.7,0.0,0.46
2010-02-07,36.24,16.36,48.99,0.0,0.46
2010-02-08,36.43,17.13,52.59,0.0,0.46
2010-02-09,36.6,18.04,49.59,0.0,0.46
2010-02-10,37.22,19.19,50.67,0.0,0.46
2010-02-11,37.66,20.2,48.25,0.0,0.46
2010-02-12,37.49,19.76,48.19,0.0,0.46
2010-02-13,37.03,19.69,51.98,0.0,0.46
2010-02-14,36.64,18.26,51.11,0.0,0.46
2010-02-15,37.23,18.72,52.2,0.0,0.46
2010-02-16,37.39,19.37,55.89,0.0,0.46
2010-02-17,37.42,18.92,57.38,0.0,0.46
2010-02-18,37.64,20.37,52.1,0.0,0.46
2010-02-19,34.98,21.14,55.15,0.0,0.46
2010-02-20,34.49,19.32,52.96,0.0,0.46
2010-02-21,34.85,17.84,49.66,0.0,0.46
2010-02-22,35.86,18.76,50.47,0.0,0.46
2010-02-23,35.94,18.9,54.78,0.0,0.46
2010-02-24,34.94,18.43,56.21,0.0,0.46
2010-02-25,36.48,18.33,58.0,0.0,0.46
2010-02-26,37.39,18.96,60.24,0.0,0.46
2010-02-27,36.57,19.74,62.21,0.0,0.46
2010-02-28,36.07,19.24,58.41,0.0,0.46
2010-03-01,37.39,19.85,60.32,0.0,0.46
2010-03-02,37.31,19.83,60.02,0.0,0.46
2010-03-03,37.01,19.25,59.96,0.0,0.46
2010-03-04,36.68,19.21,60.67,0.0,0.46
2010-03-05,36.19,19.04,62.47,0.0,0.46
2010-03-06,37.87,20.1,60.36,0.0,0.46
2010-03-07,37.84,20.86,64.68,0.0,0.46
2010-03-08,39.28,21.31,61.61,0.0,0.46
2010-03-09,39.38,22.02,62.16,0.0,0.46
2010-03-10,39.53,22.55,57.37,0.0,0.46
2010-03-11,38.42,22.91,53.56,0.0,0.46
2010-03-12,38.12,21.14,56.08,0.0,0.46
2010-03-13,37.9,21.48,61.75,0.0,0.46
2010-03-14,37.77,21.59,57.45,0.0,0.46
2010-03-15,39.63,21.55,53.47,0.0,0.46
2010-03-16,40.26,21.55,47.86,0.0,0.46
2010-03-17,41.07,22.55,45.8,0.0,0.46
2010-03-18,40.97,23.79,43.53,0.0,0.46
2010-03-19,39.3,24.86,49.91,0.0,0.46
2010-03-20,40.2,23.26,54.66,0.0,0.46
2010-03-21,39.85,21.46,57.72,0.0,0.46
2010-03-22,40.32,21.98,56.25,0.0,0.46
2010-03-23,39.52,22.43,58.18,0.0,0.46
2010-03-24,39.8,22.31,56.83,0.0,0.46
2010-03-25,40.44,21.71,53.86,0.0,0.46
2010-03-26,40.68,22.3,55.38,0.0,0.46
2010-03-27,40.25,23.33,57.42,1.15,0.46
2010-03-28,39.75,24.04,56.05,0.08,0.46
2010-03-29,39.97,24.13,56.37,0.01,0.46
2010-03-30,39.82,24.41,56.5,0.02,0.46
2010-03-31,39.23,25.31,58.51,0.01,0.46
2010-04-01,39.2,25.32,59.76,0.04,0.46
2010-04-02,38.07,25.89,63.91,0.07,0.46
2010-04-03,40.99,24.0,57.07,0.21,0.46
2010-04-04,42.14,23.89,56.53,0.0,0.46
2010-04-05,42.69,24.7,53.79,0.0,0.46
2010-04-06,41.93,22.96,53.91,0.0,0.46
2010-04-07,41.75,23.42,50.99,0.0,0.46
2010-04-08,43.18,24.12,53.42,0.0,0.46
2010-04-09,42.09,24.83,55.13,0.0,0.46
2010-04-10,41.3,23.0,54.19,0.0,0.46
2010-04-11,39.76,24.57,60.61,0.0,0.46
2010-04-12,39.78,24.94,60.8,0.0,0.46
2010-04-13,40.39,24.0,59.76,0.0,0.46
2010-04-14,40.28,24.36,59.51,0.0,0.46
2010-04-15,41.53,24.0,56.6,0.0,0.46
2010-04-16,40.82,25.21,59.91,0.01,0.46
2010-04-17,40.59,24.21,60.18,2.27,0.46
2010-04-18,41.08,24.11,57.47,0.0,0.46
2010-04-19,39.93,25.25,59.17,0.0,0.46
2010-04-20,40.07,24.93,59.54,0.0,0.46
2010-04-21,39.33,25.57,60.98,0.0,0.46
2010-04-22,40.75,26.41,55.79,0.0,0.46
2010-04-23,41.77,27.17,55.34,0.0,0.46
2010-04-24,41.29,26.91,55.06,0.05,0.46
2010-04-25,40.98,26.83,54.12,0.0,0.46
2010-04-26,39.91,27.45,54.66,0.01,0.46
2010-04-27,38.38,26.58,59.44,0.13,0.46
2010-04-28,37.45,26.79,56.54,0.12,0.46
2010-04-29,41.17,25.26,54.87,0.0,0.46
2010-04-30,41.38,27.31,52.11,0.2,0.46
2010-05-01,40.97,27.12,56.75,0.47,0.46
2010-05-02,38.73,27.43,58.81,0.5,0.46
2010-05-03,41.8,26.25,57.15,0.0,0.46
2010-05-04,41.27,25.94,56.69,0.0,0.46
2010-05-05,39.97,26.21,58.34,0.02,0.46
2010-05-06,37.38,26.2,57.18,0.0,0.46
2010-05-07,41.1,27.41,51.75,0.0,0.46
2010-05-08,38.81,28.7,58.55,0.0,0.46
2010-05-09,41.96,27.22,55.71,0.0,0.46
2010-05-10,41.47,28.06,55.99,0.01,0.46
2010-05-11,40.64,27.27,59.83,1.56,0.46
2010-05-12,41.57,28.42,56.41,0.0,0.46
2010-05-13,41.05,28.52,58.37,0.0,0.46
2010-05-14,40.86,28.59,58.88,0.0,0.46
2010-05-15,41.15,28.29,59.14,0.0,0.46
2010-05-16,35.98,28.75,62.63,0.34,0.46
2010-05-17,35.94,28.41,62.74,4.94,0.47
2010-05-18,35.29,27.85,65.9,0.34,0.47
2010-05-19,32.82,27.24,69.68,1.42,0.47
2010-05-20,37.74,26.06,62.7,2.15,0.47
2010-05-21,32.12,27.15,71.52,1.12,0.47
2010-05-22,35.86,26.86,65.21,2.09,0.47
2010-05-23,34.0,26.84,73.33,5.91,0.48
2010-05-24,33.31,26.45,77.37,1.98,0.48
2010-05-25,32.68,26.64,79.63,5.68,0.48
2010-05-26,37.15,26.47,64.4,0.56,0.48
2010-05-27,36.38,26.84,60.96,0.27,0.48
2010-05-28,36.8,26.49,63.76,0.45,0.48
2010-05-29,34.95,26.2,68.38,1.69,0.47
2010-05-30,36.42,26.13,66.67,2.29,0.48
2010-05-31,34.13,26.72,71.53,3.26,0.48
2010-06-01,37.67,26.07,68.3,0.38,0.48
2010-06-02,34.49,27.53,72.43,0.0,0.47
2010-06-03,35.11,27.03,70.28,0.04,0.47
2010-06-04,36.48,27.37,67.47,0.7,0.47
2010-06-05,33.5,27.73,72.56,0.61,0.47
2010-06-06,34.11,26.72,73.13,6.26,0.47
2010-06-07,31.77,26.25,80.8,1.77,0.48
2010-06-08,33.36,26.7,76.3,3.76,0.48
2010-06-09,32.91,26.45,80.34,4.2,0.49
2010-06-10,33.88,25.71,77.61,2.31,0.49
2010-06-11,32.43,26.79,78.94,1.76,0.49
2010-06-12,33.59,26.66,77.03,1.78,0.49
2010-06-13,33.5,26.56,77.66,2.79,0.49
2010-06-14,34.09,26.42,74.91,2.78,0.49
2010-06-15,34.58,26.34,73.87,3.03,0.49
2010-06-16,31.91,26.57,78.08,3.15,0.49
2010-06-17,32.22,25.91,76.2,0.89,0.49
2010-06-18,33.39,25.68,75.61,4.55,0.5
2010-06-19,33.88,26.18,72.98,0.41,0.49
2010-06-20,34.34,26.14,73.04,0.8,0.49
2010-06-21,33.37,26.44,78.66,9.03,0.5
2010-06-22,31.91,26.07,83.22,10.27,0.51
2010-06-23,33.36,25.4,78.96,20.55,0.54
2010-06-24,31.21,25.95,83.73,3.38,0.55
2010-06-25,32.0,26.37,84.02,8.87,0.56
2010-06-26,32.66,26.6,80.18,1.69,0.56
2010-06-27,34.61,25.71,74.57,0.63,0.56
2010-06-28,33.08,26.21,77.82,2.75,0.56
2010-06-29,33.88,25.88,74.16,1.23,0.55
2010-06-30,34.81,25.52,73.47,2.91,0.55
2010-07-01,31.92,25.38,80.27,23.72,0.57
2010-07-02,32.16,25.38,82.54,5.27,0.59
2010-07-03,30.52,25.41,85.58,9.31,0.6
2010-07-04,29.84,25.2,84.87,23.81,0.62
2010-07-05,30.66,24.76,82.35,1.72,0.64
2010-07-06,32.47,24.79,80.41,1.36,0.63
2010-07-07,33.14,24.91,76.74,0.05,0.63
2010-07-08,34.68,25.28,75.05,1.81,0.62
2010-07-09,31.45,25.77,83.74,20.03,0.64
2010-07-10,30.54,25.4,82.35,0.21,0.64
2010-07-11,32.62,25.49,78.42,4.07,0.64
2010-07-12,32.51,25.49,78.97,1.16,0.64
2010-07-13,30.36,25.61,82.55,3.39,0.63
2010-07-14,31.86,25.06,80.68,8.91,0.64
2010-07-15,32.8,25.14,79.94,5.01,0.64
2010-07-16,33.11,25.31,78.22,0.28,0.64
2010-07-17,33.29,25.56,78.64,2.95,0.64
2010-07-18,32.74,25.53,80.48,5.38,0.64
2010-07-19,31.38,25.09,81.3,3.63,0.64
2010-07-20,31.66,25.34,83.91,2.95,0.64
2010-07-21,31.97,25.98,83.11,1.16,0.63
2010-07-22,31.59,25.86,84.84,6.36,0.63
2010-07-23,30.2,25.55,86.24,15.65,0.65
2010-07-24,29.36,25.47,88.28,12.77,0.67
2010-07-25,30.47,25.4,85.65,2.14,0.67
2010-07-26,31.69,25.2,83.38,2.24,0.67
2010-07-27,32.49,25.17,81.54,4.06,0.67
2010-07-28,29.63,24.99,87.95,5.96,0.67
2010-07-29,29.92,25.49,86.85,6.01,0.68
2010-07-30,31.59,25.48,86.34,6.74,0.68
2010-07-31,31.8,25.38,82.13,0.74,0.68
2010-08-01,31.63,24.88,80.81,0.06,0.67
2010-08-02,30.34,25.15,84.95,4.25,0.67
2010-08-03,30.5,24.97,85.18,3.15,0.67
2010-08-04,28.81,24.65,87.9,4.1,0.67
2010-08-05,29.57,24.56,88.53,2.21,0.67
2010-08-06,29.8,24.81,87.57,12.65,0.68
2010-08-07,31.61,25.45,82.22,3.42,0.68
2010-08-08,32.08,25.19,82.09,3.36,0.68
2010-08-09,32.36,25.41,81.09,0.15,0.67
2010-08-10,32.02,25.3,82.11,2.18,0.67
2010-08-11,32.45,25.09,83.11,2.99,0.66
2010-08-12,31.31,25.61,85.11,4.92,0.66
2010-08-13,31.01,25.11,84.2,3.34,0.67
2010-08-14,29.96,24.74,84.5,0.95,0.66
2010-08-15,31.36,24.4,81.27,0.44,0.66
2010-08-16,31.97,24.01,82.92,8.18,0.66
2010-08-17,30.79,24.76,85.44,4.42,0.66
2010-08-18,29.68,25.08,87.56,13.29,0.67
2010-08-19,31.44,24.28,84.69,0.18,0.67
2010-08-20,33.38,25.07,76.82,1.86,0.67
2010-08-21,31.18,25.35,83.22,9.27,0.67
2010-08-22,30.15,24.61,83.66,15.9,0.69
2010-08-23,31.27,24.42,82.3,2.33,0.69
2010-08-24,31.31,24.87,82.97,1.63,0.69
2010-08-25,30.79,24.84,85.27,1.08,0.68
2010-08-26,30.02,24.92,87.25,1.62,0.68
2010-08-27,30.78,24.43,87.35,9.96,0.68
2010-08-28,30.57,24.88,85.4,8.57,0.69
2010-08-29,29.04,24.23,86.55,3.09,0.69
2010-08-30,31.17,24.2,82.73,3.7,0.69
2010-08-31,31.54,24.18,85.02,6.01,0.69
2010-09-01,30.62,24.68,86.55,10.12,0.69
2010-09-02,31.8,25.0,84.59,6.57,0.7
2010-09-03,30.43,24.56,87.72,4.74,0.7
2010-09-04,30.38,24.31,87.35,0.69,0.69
2010-09-05,30.51,24.77,87.95,1.25,0.69
2010-09-06,30.49,24.89,85.68,0.11,0.68
2010-09-07,31.78,25.07,83.15,0.12,0.68
2010-09-08,32.06,25.08,84.34,6.49,0.68
2010-09-09,31.74,24.8,83.19,2.95,0.68
2010-09-10,29.43,25.17,90.18,16.32,0.69
2010-09-11,30.53,24.34,84.94,2.11,0.7
2010-09-12,31.01,23.88,84.65,1.11,0.69
2010-09-13,30.61,24.38,86.62,2.31,0.69
2010-09-14,29.46,23.99,88.33,0.96,0.68
2010-09-15,30.6,24.02,86.5,6.02,0.68
2010-09-16,29.15,24.04,91.92,12.15,0.69
2010-09-17,30.76,23.83,86.89,4.93,0.7
2010-09-18,29.83,24.32,86.33,1.93,0.69
2010-09-19,30.54,24.37,85.65,4.14,0.69
2010-09-20,31.23,23.63,84.42,2.79,0.69
2010-09-21,30.7,24.82,87.87,5.12,0.69
2010-09-22,32.05,24.85,83.99,0.42,0.69
2010-09-23,31.1,24.72,84.45,0.33,0.68
2010-09-24,30.14,24.44,86.42,0.91,0.68
2010-09-25,30.85,24.22,85.36,2.82,0.67
2010-09-26,32.95,24.12,80.5,0.8,0.67
2010-09-27,30.69,24.86,85.82,3.76,0.66
2010-09-28,32.82,24.56,81.35,0.78,0.66
2010-09-29,30.81,25.07,84.23,6.3,0.66
2010-09-30,31.7,24.72,78.16,1.29,0.66
2010-10-01,33.33,25.2,73.05,0.4,0.65
2010-10-02,31.32,25.56,81.68,1.27,0.65
2010-10-03,32.14,25.37,79.32,0.23,0.65
2010-10-04,31.88,25.2,81.91,0.3,0.64
2010-10-05,29.56,25.32,87.07,0.3,0.64
2010-10-06,29.29,25.09,89.78,3.16,0.63
2010-10-07,31.91,24.88,86.23,3.77,0.63
2010-10-08,31.0,25.45,88.23,3.11,0.63
2010-10-09,30.27,25.24,90.15,2.87,0.63
2010-10-10,30.74,25.22,90.58,3.26,0.63
2010-10-11,29.69,25.26,88.3,1.76,0.63
2010-10-12,30.19,24.6,86.55,2.81,0.63
2010-10-13,29.05,24.13,91.09,4.71,0.63
2010-10-14,29.73,24.46,89.34,5.17,0.64
2010-10-15,30.79,24.37,85.13,9.72,0.64
2010-10-16,31.01,23.42,83.74,2.32,0.65
2010-10-17,31.72,24.28,83.77,2.52,0.64
2010-10-18,31.62,25.34,86.34,7.71,0.64
2010-10-19,28.82,24.86,90.47,25.78,0.67
2010-10-20,29.59,24.5,91.21,20.92,0.7
2010-10-21,27.79,25.09,94.78,7.71,0.72
2010-10-22,29.01,25.01,91.54,2.92,0.72
2010-10-23,29.9,24.6,89.27,1.54,0.71
2010-10-24,31.32,24.05,85.52,0.0,0.71
2010-10-25,29.3,23.35,82.97,0.35,0.7
2010-10-26,31.89,22.06,79.04,10.58,0.7
2010-10-27,30.55,24.52,88.57,0.12,0.7
2010-10-28,30.8,24.25,79.06,1.01,0.7
2010-10-29,31.51,23.91,79.31,1.14,0.69
2010-10-30,28.92,22.24,82.1,0.0,0.68
2010-10-31,28.87,21.24,79.59,0.0,0.67
2010-11-01,30.21,20.07,76.56,0.04,0.66
2010-11-02,30.41,21.19,77.62,0.0,0.65
2010-11-03,30.57,20.31,76.59,0.0,0.65
2010-11-04,29.93,19.73,78.91,0.01,0.64
2010-11-05,30.52,20.06,76.58,0.01,0.63
2010-11-06,31.12,20.7,76.78,0.0,0.62
2010-11-07,31.94,20.6,76.72,0.0,0.62
2010-11-08,32.75,21.47,76.37,0.0,0.61
2010-11-09,33.16,21.56,73.37,0.0,0.6
2010-11-10,31.97,22.68,74.74,0.0,0.6
2010-11-11,32.13,21.7,70.72,0.0,0.59
2010-11-12,31.59,22.33,71.73,0.0,0.59
2010-11-13,32.17,21.45,72.84,0.0,0.58
2010-11-14,33.29,22.04,73.25,0.0,0.58
2010-11-15,33.84,22.53,72.84,0.0,0.57
2010-11-16,33.84,23.04,70.78,0.0,0.57
2010-11-17,34.26,23.61,70.49,0.0,0.56
2010-11-18,34.9,24.41,70.17,0.0,0.56
2010-11-19,34.58,24.83,70.39,0.0,0.55
2010-11-20,34.19,23.45,68.76,0.02,0.55
2010-11-21,34.07,22.12,70.19,0.0,0.54
2010-11-22,34.47,21.93,66.01,0.0,0.54
2010-11-23,34.97,21.6,64.02,0.0,0.54
2010-11-24,35.2,21.29,64.65,0.0,0.53
2010-11-25,34.8,20.72,63.67,0.0,0.53
2010-11-26,34.58,20.09,62.2,0.0,0.53
2010-11-27,34.96,20.53,65.5,0.0,0.52
2010-11-28,34.88,22.1,67.88,0.0,0.52
2010-11-29,34.9,22.61,68.79,0.0,0.52
2010-11-30,34.79,22.78,67.74,0.0,0.51
2010-12-01,35.15,23.14,64.64,0.0,0.51
2010-12-02,35.13,22.55,66.15,0.0,0.51
2010-12-03,33.92,22.59,65.92,0.0,0.5
2010-12-04,33.77,21.72,65.53,0.01,0.5
2010-12-05,32.76,22.19,66.07,0.0,0.5
2010-12-06,34.97,21.16,63.84,0.0,0.5
2010-12-07,35.46,22.42,65.2,0.0,0.49
2010-12-08,32.23,23.81,72.39,0.03,0.49
2010-12-09,32.52,22.71,72.83,0.24,0.49
2010-12-10,27.94,23.83,88.58,3.73,0.49
2010-12-11,31.09,23.32,84.33,10.42,0.5
2010-12-12,31.71,21.37,73.42,2.4,0.51
2010-12-13,30.63,19.23,60.15,0.0,0.51
2010-12-14,31.79,18.57,66.4,0.0,0.5
2010-12-15,31.67,19.08,66.74,0.0,0.5
2010-12-16,31.85,16.48,61.84,2.83,0.5
2010-12-17,30.76,18.37,71.38,0.11,0.5
2010-12-18,31.24,18.99,71.05,0.0,0.5
2010-12-19,33.49,21.44,69.68,0.0,0.49
2010-12-20,31.22,22.55,72.49,0.0,0.49
2010-12-21,33.42,20.23,59.33,0.0,0.49
2010-12-22,32.81,17.47,62.61,0.0,0.49
2010-12-23,32.4,16.56,63.25,0.01,0.48
2010-12-24,33.18,17.23,61.35,0.01,0.48
2010-12-25,32.36,16.2,62.07,0.0,0.48
2010-12-26,33.13,14.46,56.47,0.0,0.48
2010-12-27,32.66,15.91,59.75,0.0,0.48
2010-12-28,31.95,17.6,60.24,0.0,0.47
2010-12-29,32.73,17.95,57.0,0.0,0.47
2010-12-30,33.44,16.87,57.26,0.0,0.47
2010-12-31,33.26,18.26,57.99,0.0,0.47
2011-01-01,33.64,18.88,59.94,0.0,0.47
2011-01-02,33.79,19.61,57.66,0.0,0.47
2011-01-03,34.49,20.12,53.35,0.01,0.47
2011-01-04,34.97,20.55,51.65,0.0,0.47
2011-01-05,35.32,20.22,58.62,0.0,0.47
2011-01-06,36.05,21.0,57.21,0.01,0.46
2011-01-07,32.82,22.28,60.45,0.0,0.46
2011-01-08,31.09,22.75,67.77,0.0,0.46
2011-01-09,33.38,21.74,65.81,0.65,0.46
2011-01-10,31.01,23.15,81.93,9.89,0.47
2011-01-11,30.84,17.51,65.13,0.55,0.48
2011-01-12,30.51,15.5,62.11,0.0,0.48
2011-01-13,30.31,15.92,63.94,0.0,0.47
2011-01-14,32.03,15.49,60.76,0.0,0.47
2011-01-15,33.1,17.28,56.53,0.0,0.47
2011-01-16,32.6,18.46,59.63,0.1,0.47
2011-01-17,32.21,19.45,60.57,0.0,0.47
2011-01-18,31.87,18.86,62.55,0.0,0.47
2011-01-19,32.05,18.28,60.04,0.0,0.47
2011-01-20,31.96,15.8,51.62,0.0,0.47
2011-01-21,32.49,15.9,52.22,0.0,0.46
2011-01-22,33.18,16.06,51.63,0.0,0.46
2011-01-23,34.21,15.36,52.05,0.0,0.46
2011-01-24,34.89,16.54,53.65,0.0,0.46
2011-01-25,35.73,17.09,52.29,0.0,0.46
2011-01-26,36.55,17.96,46.77,0.0,0.46
2011-01-27,36.62,20.11,49.68,0.0,0.46
2011-01-28,36.23,20.79,45.4,0.0,0.46
2011-01-29,36.58,19.84,44.42,0.0,0.46
2011-01-30,34.17,22.56,52.1,0.0,0.46
2011-01-31,34.42,22.53,54.12,0.09,0.46
2011-02-01,34.05,22.77,48.87,0.0,0.46
2011-02-02,35.28,19.36,45.51,0.0,0.46
2011-02-03,35.67,17.83,50.4,0.01,0.46
2011-02-04,35.19,18.66,53.62,0.0,0.46
2011-02-05,35.13,17.84,52.37,0.0,0.46
2011-02-06,35.25,17.34,54.0,0.0,0.46
2011-02-07,34.71,18.2,59.93,0.0,0.46
2011-02-08,34.45,16.97,56.23,0.0,0.46
2011-02-09,35.36,18.0,56.5,0.0,0.46
2011-02-10,35.33,18.17,52.87,0.0,0.46
2011-02-11,35.98,18.52,48.09,0.0,0.46
2011-02-12,36.55,19.09,49.75,0.0,0.46
2011-02-13,35.38,17.7,48.8,0.0,0.46
2011-02-14,35.19,16.85,52.32,0.0,0.46
2011-02-15,35.66,18.09,54.24,0.0,0.46
2011-02-16,36.14,19.37,59.03,0.0,0.46
2011-02-17,36.32,21.21,60.14,0.0,0.46
2011-02-18,36.29,22.47,54.14,0.0,0.46
2011-02-19,37.2,22.56,51.55,0.0,0.46
2011-02-20,37.44,19.76,52.37,0.0,0.46
2011-02-21,38.36,19.93,51.16,0.2,0.46
2011-02-22,37.08,20.55,57.95,0.0,0.46
2011-02-23,37.08,19.91,56.52,0.0,0.46
2011-02-24,37.34,20.19,53.2,0.0,0.46
2011-02-25,37.23,20.82,46.74,0.01,0.46
2011-02-26,37.99,22.73,41.51,0.0,0.46
2011-02-27,38.54,21.49,44.9,0.74,0.46
2011-02-28,38.55,22.41,45.91,0.0,0.46
2011-03-01,39.35,21.3,47.96,3.99,0.47
2011-03-02,39.14,21.87,49.08,0.02,0.46
2011-03-03,38.97,21.74,48.76,0.11,0.46
2011-03-04,39.09,21.5,50.56,0.0,0.46
2011-03-05,38.96,20.6,55.72,0.0,0.46
2011-03-06,39.98,20.87,56.93,0.0,0.46
2011-03-07,40.0,22.46,50.23,0.0,0.46
2011-03-08,39.72,21.19,45.19,0.31,0.46
2011-03-09,38.69,19.52,50.28,0.01,0.46
2011-03-10,36.39,21.53,62.16,7.9,0.47
2011-03-11,34.46,23.65,65.08,2.5,0.47
2011-03-12,32.03,23.55,71.41,5.45,0.48
2011-03-13,34.92,21.53,57.35,0.71,0.48
2011-03-14,33.52,22.65,65.68,0.79,0.47
2011-03-15,31.66,22.07,73.0,18.92,0.48
2011-03-16,27.03,20.17,79.97,25.29,0.54
2011-03-17,27.45,18.42,78.11,17.39,0.57
2011-03-18,31.02,16.48,69.94,0.01,0.57
2011-03-19,33.56,18.83,67.32,0.0,0.56
2011-03-20,34.4,19.78,66.28,0.0,0.55
2011-03-21,34.98,19.2,68.87,0.0,0.55
2011-03-22,35.38,19.09,65.4,0.0,0.54
2011-03-23,37.12,20.01,64.89,0.07,0.54
2011-03-24,35.99,21.36,70.0,2.03,0.53
2011-03-25,33.02,23.28,69.75,0.89,0.53
2011-03-26,33.45,23.12,70.25,8.06,0.53
2011-03-27,32.34,22.66,72.31,0.4,0.54
2011-03-28,33.0,21.04,69.66,3.35,0.53
2011-03-29,31.76,19.89,67.93,0.42,0.53
2011-03-30,33.84,18.49,62.47,0.05,0.53
2011-03-31,35.42,20.85,63.12,0.05,0.52
2011-04-01,35.54,22.58,65.23,0.0,0.52
2011-04-02,36.57,21.46,63.69,0.0,0.51
2011-04-03,36.86,22.13,63.92,0.02,0.51
2011-04-04,37.51,22.66,62.71,0.01,0.51
2011-04-05,36.85,24.69,63.1,0.0,0.5
2011-04-06,36.58,24.08,65.31,0.01,0.5
2011-04-07,37.37,22.66,65.33,0.01,0.49
2011-04-08,38.1,22.96,57.75,0.0,0.49
2011-04-09,38.67,21.62,60.91,2.0,0.49
2011-04-10,36.06,24.85,62.49,0.0,0.49
2011-04-11,38.5,25.01,55.98,0.0,0.48
2011-04-12,38.34,24.65,55.87,1.54,0.48
2011-04-13,38.29,25.01,58.38,0.86,0.48
2011-04-14,37.41,25.76,57.44,0.16,0.48
2011-04-15,37.79,25.07,56.14,0.0,0.47
2011-04-16,39.44,24.61,54.41,0.0,0.47
2011-04-17,39.32,24.32,59.01,0.0,0.47
2011-04-18,39.58,23.91,61.35,0.0,0.47
2011-04-19,39.56,25.15,61.83,0.15,0.47
2011-04-20,39.24,25.19,56.91,0.0,0.47
2011-04-21,39.92,25.34,55.35,0.0,0.46
2011-04-22,38.01,25.68,59.18,0.04,0.46
2011-04-23,38.76,25.34,62.33,3.58,0.47
2011-04-24,38.42,24.8,62.19,4.02,0.47
2011-04-25,32.99,25.99,76.14,13.03,0.48
2011-04-26,32.34,24.67,72.87,1.13,0.49
2011-04-27,31.81,24.81,66.28,0.23,0.49
2011-04-28,30.97,24.56,72.79,2.31,0.49
2011-04-29,34.68,23.49,67.16,0.96,0.49
2011-04-30,31.67,25.03,75.13,2.91,0.49
2011-05-01,32.13,24.71,73.5,0.46,0.49
2011-05-02,31.4,25.06,78.21,1.79,0.49
2011-05-03,31.77,25.31,78.89,2.03,0.49
2011-05-04,32.44,25.38,79.0,2.66,0.49
2011-05-05,31.75,25.67,82.06,11.01,0.5
2011-05-06,34.02,24.99,74.4,0.63,0.51
2011-05-07,35.86,24.91,68.58,1.1,0.5
2011-05-08,31.95,26.0,77.67,2.93,0.5
2011-05-09,31.96,25.86,77.98,16.6,0.52
2011-05-10,33.82,26.13,75.6,0.63,0.53
2011-05-11,37.15,26.46,66.55,0.02,0.52
2011-05-12,38.16,26.13,67.58,0.13,0.52
2011-05-13,35.74,26.23,71.56,1.46,0.51
2011-05-14,33.45,25.96,76.35,5.7,0.52
2011-05-15,32.44,26.12,78.08,3.91,0.52
2011-05-16,31.39,25.89,76.76,2.22,0.52
2011-05-17,33.09,25.91,73.82,1.27,0.52
2011-05-18,32.16,25.42,78.79,4.12,0.52
2011-05-19,30.97,25.51,82.89,2.67,0.53
2011-05-20,32.51,25.84,77.84,2.8,0.53
2011-05-21,35.85,26.03,72.4,2.84,0.53
2011-05-22,34.61,26.31,72.39,0.3,0.52
2011-05-23,34.66,26.07,75.13,0.0,0.52
2011-05-24,34.87,26.01,74.45,0.17,0.52
2011-05-25,33.28,25.49,77.54,2.85,0.52
2011-05-26,33.73,24.6,69.34,1.64,0.52
2011-05-27,35.0,25.29,70.47,6.6,0.52
2011-05-28,31.25,25.35,82.14,6.95,0.53
2011-05-29,32.79,25.58,75.45,0.26,0.53
2011-05-30,36.39,25.66,68.52,0.02,0.53
2011-05-31,33.3,25.69,76.83,0.04,0.52
2011-06-01,35.35,26.09,68.14,0.51,0.52
2011-06-02,35.04,25.79,75.68,7.82,0.52
2011-06-03,32.61,25.86,79.76,3.13,0.53
2011-06-04,33.59,25.51,79.15,4.17,0.53
2011-06-05,31.98,25.6,83.41,14.38,0.54
2011-06-06,32.0,26.05,82.49,1.97,0.55
2011-06-07,31.63,25.98,82.73,4.25,0.55
2011-06-08,33.53,25.43,76.35,1.64,0.55
2011-06-09,31.66,26.05,77.77,2.93,0.55
2011-06-10,32.01,25.81,77.38,0.92,0.55
2011-06-11,31.62,25.26,79.23,1.58,0.55
2011-06-12,31.81,25.33,80.67,7.01,0.56
2011-06-13,32.32,26.05,77.58,2.98,0.56
2011-06-14,31.82,25.65,80.74,9.72,0.57
2011-06-15,30.95,26.24,79.62,4.66,0.57
2011-06-16,31.44,25.97,81.52,4.4,0.57
2011-06-17,30.93,25.9,83.62,6.32,0.58
2011-06-18,31.72,25.65,82.19,8.44,0.59
2011-06-19,31.14,25.49,83.65,4.21,0.59
2011-06-20,29.71,25.63,81.96,3.44,0.6
2011-06-21,33.49,25.17,76.08,3.0,0.6
2011-06-22,33.03,25.12,76.91,2.86,0.59
2011-06-23,31.6,25.48,83.16,22.86,0.61
2011-06-24,31.29,25.16,82.86,20.03,0.64
2011-06-25,30.31,25.63,88.19,30.37,0.68
2011-06-26,28.69,25.11,89.83,29.0,0.71
2011-06-27,30.83,24.75,84.67,10.37,0.73
2011-06-28,31.19,24.8,82.27,4.54,0.73
2011-06-29,31.86,24.7,84.61,4.29,0.73
2011-06-30,30.38,24.59,84.93,12.85,0.74
2011-07-01,30.74,24.49,85.5,8.34,0.74
2011-07-02,28.77,24.83,89.3,17.3,0.75
2011-07-03,28.37,24.57,90.54,4.02,0.76
2011-07-04,30.33,24.15,86.19,1.19,0.76
2011-07-05,29.61,24.48,89.33,1.98,0.76
2011-07-06,30.54,24.06,85.37,1.89,0.75
2011-07-07,30.47,24.72,85.12,2.89,0.75
2011-07-08,30.9,24.61,81.29,1.94,0.74
2011-07-09,31.61,24.47,84.57,4.47,0.74
2011-07-10,29.47,25.26,87.94,1.34,0.74
2011-07-11,30.06,24.78,85.32,0.19,0.73
2011-07-12,30.67,24.56,86.45,0.07,0.73
2011-07-13,30.22,25.46,86.89,1.24,0.72
2011-07-14,31.64,25.19,82.35,2.02,0.72
2011-07-15,29.39,24.64,85.26,3.69,0.72
2011-07-16,28.92,24.41,87.96,3.06,0.72
2011-07-17,31.37,24.28,85.15,3.31,0.71
2011-07-18,29.61,25.2,88.22,8.52,0.72
2011-07-19,30.31,25.29,86.76,13.72,0.73
2011-07-20,28.53,25.05,90.28,19.55,0.75
2011-07-21,29.25,24.82,86.97,5.45,0.76
2011-07-22,29.39,24.74,88.56,5.83,0.76
2011-07-23,30.36,24.2,83.12,2.35,0.76
2011-07-24,30.46,23.51,83.21,3.34,0.75
2011-07-25,31.45,24.44,84.82,10.23,0.75
2011-07-26,31.14,24.46,84.23,0.25,0.76
2011-07-27,29.53,24.56,86.43,0.01,0.75
2011-07-28,31.06,24.29,85.61,0.01,0.74
2011-07-29,31.71,24.77,83.43,0.15,0.73
2011-07-30,31.67,24.73,86.25,4.1,0.73
2011-07-31,29.38,24.94,90.51,23.78,0.75
2011-08-01,29.27,24.03,87.24,11.45,0.77
2011-08-02,29.71,23.99,89.74,47.5,0.81
2011-08-03,28.89,24.53,89.84,19.03,0.84
2011-08-04,28.79,24.82,91.4,3.94,0.84
2011-08-05,29.51,25.1,90.3,6.52,0.84
2011-08-06,29.57,25.11,91.29,9.97,0.85
2011-08-07,29.91,24.9,87.99,3.77,0.85
2011-08-08,29.27,24.75,87.86,4.85,0.84
2011-08-09,31.2,24.33,85.4,2.12,0.84
2011-08-10,29.41,24.36,86.9,1.71,0.83
2011-08-11,27.76,24.15,93.16,6.04,0.83
2011-08-12,29.0,24.35,89.46,1.79,0.83
2011-08-13,29.67,24.11,87.09,0.02,0.82
2011-08-14,30.88,23.81,86.12,0.5,0.81
2011-08-15,29.23,24.62,89.35,5.65,0.81
2011-08-16,29.98,24.5,87.43,3.24,0.81
2011-08-17,29.3,24.11,88.78,9.65,0.81
2011-08-18,30.55,23.56,86.09,1.12,0.81
2011-08-19,29.64,24.22,88.53,3.89,0.81
2011-08-20,29.21,24.43,89.89,5.83,0.81
2011-08-21,27.96,23.92,91.18,4.64,0.81
2011-08-22,28.95,23.65,89.35,2.94,0.81
2011-08-23,30.14,24.24,86.95,0.74,0.8
2011-08-24,30.1,24.14,86.57,1.13,0.79
2011-08-25,30.15,24.36,87.49,1.89,0.79
2011-08-26,30.69,24.24,85.86,1.26,0.78
2011-08-27,30.04,24.4,88.51,2.56,0.78
2011-08-28,30.64,24.33,87.39,4.43,0.77
2011-08-29,31.48,24.88,86.47,4.14,0.77
2011-08-30,28.42,24.68,90.93,2.16,0.77
2011-08-31,29.17,24.65,92.01,3.88,0.77
2011-09-01,28.14,24.29,93.3,12.37,0.78
2011-09-02,28.21,23.77,88.08,4.65,0.79
2011-09-03,28.96,23.59,89.75,0.69,0.78
2011-09-04,31.04,23.66,86.49,0.79,0.77
2011-09-05,30.33,24.56,90.67,8.63,0.77
2011-09-06,29.06,24.64,90.48,6.77,0.78
2011-09-07,29.84,24.69,88.84,5.24,0.78
2011-09-08,29.3,24.32,90.47,7.99,0.78
2011-09-09,29.59,24.29,89.05,7.56,0.79
2011-09-10,31.22,23.98,87.32,2.78,0.79
2011-09-11,29.74,25.01,89.54,10.05,0.79
2011-09-12,30.22,25.07,91.71,11.98,0.8
2011-09-13,30.16,24.94,89.54,2.63,0.8
2011-09-14,29.24,24.6,91.3,4.15,0.8
2011-09-15,28.43,24.72,93.21,3.29,0.8
2011-09-16,29.31,24.74,90.77,0.46,0.8
2011-09-17,29.17,25.04,91.75,1.37,0.79
2011-09-18,30.04,24.94,89.02,0.2,0.79
2011-09-19,28.84,25.27,91.45,1.5,0.78
2011-09-20,28.88,24.65,90.31,1.1,0.78
2011-09-21,30.58,24.37,89.03,3.19,0.78
2011-09-22,28.63,24.2,90.54,0.68,0.77
2011-09-23,29.31,23.56,84.02,0.12,0.77
2011-09-24,29.87,23.11,84.32,0.05,0.76
2011-09-25,31.64,23.62,82.47,1.04,0.75
2011-09-26,31.46,23.62,86.57,17.62,0.75
2011-09-27,28.86,25.11,90.89,3.68,0.76
2011-09-28,28.09,24.23,90.3,1.23,0.76
2011-09-29,28.97,23.91,87.81,0.03,0.75
2011-09-30,30.45,23.78,85.56,0.16,0.75
2011-10-01,28.57,24.65,91.29,6.69,0.75
2011-10-02,28.52,24.57,91.54,3.97,0.75
2011-10-03,31.59,24.46,84.85,12.52,0.76
2011-10-04,28.35,24.23,90.85,3.31,0.76
2011-10-05,30.82,23.77,84.67,3.16,0.76
2011-10-06,29.72,24.3,83.83,1.65,0.76
2011-10-07,30.88,23.85,87.85,1.11,0.75
2011-10-08,29.17,24.47,90.42,2.34,0.75
2011-10-09,31.0,23.98,85.12,2.84,0.74
2011-10-10,30.89,24.34,85.17,4.71,0.74
2011-10-11,29.67,24.76,88.41,0.47,0.74
2011-10-12,31.31,24.91,85.08,0.21,0.74
2011-10-13,30.0,25.07,88.54,0.0,0.73
2011-10-14,32.25,24.58,83.79,1.02,0.72
2011-10-15,30.48,24.72,85.45,10.27,0.73
2011-10-16,29.13,24.17,91.09,3.01,0.73
2011-10-17,29.26,23.63,90.36,0.53,0.73
2011-10-18,29.33,23.72,88.83,0.24,0.73
2011-10-19,31.12,22.73,85.68,0.04,0.72
2011-10-20,31.15,23.49,83.86,0.0,0.71
2011-10-21,31.24,23.09,80.7,0.41,0.7
2011-10-22,31.96,23.66,79.08,0.12,0.7
2011-10-23,32.65,23.75,77.57,0.0,0.69
2011-10-24,32.48,24.25,79.07,0.0,0.68
2011-10-25,31.95,24.32,79.25,0.03,0.67
2011-10-26,32.28,24.65,73.97,1.69,0.67
2011-10-27,32.09,24.18,82.47,10.7,0.67
2011-10-28,32.13,24.99,78.5,0.04,0.67
2011-10-29,32.37,23.43,77.71,1.01,0.66
2011-10-30,31.46,24.65,76.86,2.64,0.66
2011-10-31,31.75,24.01,77.13,0.0,0.65
2011-11-01,32.3,24.28,74.91,0.04,0.65
2011-11-02,32.61,22.89,75.35,0.59,0.64
2011-11-03,32.56,23.26,73.97,0.97,0.64
2011-11-04,32.96,22.25,73.24,0.0,0.63
2011-11-05,32.93,22.14,72.64,0.0,0.62
2011-11-06,31.95,21.86,72.75,0.0,0.61
2011-11-07,31.47,20.09,73.7,0.0,0.61
2011-11-08,31.48,18.93,68.81,0.0,0.6
2011-11-09,31.21,20.97,67.2,14.93,0.62
2011-11-10,30.9,20.44,68.86,0.0,0.61
2011-11-11,30.93,21.25,73.81,0.0,0.61
2011-11-12,31.02,20.53,74.79,0.0,0.6
2011-11-13,31.77,20.08,73.45,0.0,0.59
2011-11-14,31.64,20.58,76.16,0.0,0.59
2011-11-15,32.3,21.64,73.07,0.0,0.58
2011-11-16,33.07,23.23,69.27,0.0,0.58
2011-11-17,33.72,22.82,68.47,0.0,0.57
2011-11-18,33.45,21.53,66.75,0.0,0.57
2011-11-19,33.43,19.71,60.52,0.0,0.56
2011-11-20,33.36,18.52,64.87,0.0,0.56
2011-11-21,33.23,21.44,70.79,0.0,0.55
2011-11-22,33.39,20.96,69.5,0.0,0.55
2011-11-23,33.93,21.79,71.29,0.01,0.54
2011-11-24,32.69,22.81,74.49,0.0,0.54
2011-11-25,33.68,21.39,72.95,0.0,0.54
2011-11-26,33.82,21.51,71.39,0.0,0.53
2011-11-27,33.92,22.21,60.86,0.0,0.53
2011-11-28,33.66,21.24,62.18,0.0,0.53
2011-11-29,32.86,19.67,66.76,0.0,0.52
2011-11-30,32.64,18.46,63.12,0.0,0.52
2011-12-01,33.2,19.38,57.54,0.0,0.52
2011-12-02,34.57,20.61,58.98,0.01,0.51
2011-12-03,33.7,22.47,65.86,0.0,0.51
2011-12-04,33.06,23.46,72.84,0.02,0.51
2011-12-05,31.51,23.28,75.31,0.33,0.51
2011-12-06,33.08,21.99,70.79,0.0,0.5
2011-12-07,34.14,20.96,63.3,0.0,0.5
2011-12-08,35.33,21.51,59.38,0.0,0.5
2011-12-09,35.78,22.27,65.7,0.05,0.49
2011-12-10,34.29,23.86,68.62,0.0,0.49
2011-12-11,33.68,22.34,64.15,0.0,0.49
2011-12-12,32.81,20.31,63.2,0.0,0.49
2011-12-13,32.57,20.56,65.32,0.0,0.48
2011-12-14,32.62,18.99,60.41,0.0,0.48
2011-12-15,33.11,18.01,58.99,0.0,0.48
2011-12-16,34.24,18.11,61.79,0.0,0.48
2011-12-17,34.44,19.19,56.93,0.0,0.48
2011-12-18,33.73,19.43,57.15,0.0,0.47
2011-12-19,32.93,19.5,64.88,0.0,0.47
2011-12-20,32.15,19.89,62.05,0.0,0.47
2011-12-21,33.24,18.67,56.83,0.0,0.47
2011-12-22,34.3,18.29,56.84,0.0,0.47
2011-12-23,35.0,18.45,55.36,0.0,0.47
2011-12-24,34.23,19.67,62.05,0.0,0.47
2011-12-25,31.43,21.52,54.21,0.03,0.47
2011-12-26,27.9,20.81,51.5,0.01,0.47
2011-12-27,29.36,19.53,59.19,1.02,0.47
2011-12-28,34.44,20.03,60.53,0.04,0.47
2011-12-29,35.32,21.14,57.77,0.0,0.46
2011-12-30,35.85,22.31,58.29,0.0,0.46
2011-12-31,36.16,23.31,57.98,0.0,0.46
2012-01-01,36.14,23.21,60.75,0.0,0.46
2012-01-02,36.7,23.0,57.71,0.03,0.46
2012-01-03,35.58,22.42,60.06,0.76,0.46
2012-01-04,35.6,21.69,60.79,0.0,0.46
2012-01-05,35.11,20.63,63.4,0.72,0.46
2012-01-06,34.53,19.65,63.14,0.0,0.46
2012-01-07,35.73,18.23,57.68,0.0,0.46
2012-01-08,35.43,18.29,55.49,0.0,0.46
2012-01-09,35.68,18.02,54.38,0.0,0.46
2012-01-10,34.95,19.54,52.41,0.0,0.46
2012-01-11,34.69,20.75,50.17,0.0,0.46
2012-01-12,34.68,21.57,53.0,0.05,0.46
2012-01-13,28.42,22.45,62.07,0.93,0.46
2012-01-14,30.46,17.25,53.05,0.37,0.46
2012-01-15,31.75,14.66,44.33,0.0,0.46
2012-01-16,32.82,15.02,58.01,0.0,0.46
2012-01-17,33.05,16.89,57.28,0.0,0.46
2012-01-18,33.94,17.19,55.05,0.0,0.46
2012-01-19,34.87,16.69,54.98,0.0,0.46
2012-01-20,34.91,18.57,48.3,0.0,0.46
2012-01-21,34.64,17.76,48.83,0.0,0.46
2012-01-22,34.31,17.86,58.67,0.0,0.46
2012-01-23,34.96,16.89,56.96,0.0,0.46
2012-01-24,34.29,18.25,49.25,0.0,0.46
2012-01-25,33.81,16.81,48.94,0.0,0.46
2012-01-26,33.36,15.95,51.82,0.0,0.46
2012-01-27,33.75,16.69,50.1,0.0,0.46
2012-01-28,34.58,16.82,54.12,0.0,0.46
2012-01-29,34.98,16.34,52.23,0.15,0.46
2012-01-30,36.54,16.7,47.28,0.0,0.46
2012-01-31,36.09,18.01,41.67,0.0,0.46
2012-02-01,35.91,21.98,42.15,0.12,0.46
2012-02-02,34.64,21.45,46.56,1.43,0.46
2012-02-03,36.36,21.35,47.34,0.22,0.46
2012-02-04,36.56,21.95,45.19,0.03,0.46
2012-02-05,36.88,20.9,43.5,0.0,0.46
2012-02-06,36.57,18.65,50.76,0.0,0.46
2012-02-07,37.37,18.67,52.01,0.0,0.46
2012-02-08,38.38,18.39,51.61,0.0,0.46
2012-02-09,36.35,18.84,54.11,0.0,0.46
2012-02-10,36.18,18.46,57.34,0.0,0.46
2012-02-11,36.12,18.58,57.96,0.0,0.46
2012-02-12,36.72,18.32,54.34,0.11,0.46
2012-02-13,37.01,19.03,46.76,0.0,0.46
2012-02-14,37.16,18.06,45.29,0.0,0.46
2012-02-15,37.67,17.42,51.14,0.0,0.46
2012-02-16,38.33,18.75,52.45,0.0,0.46
2012-02-17,39.09,19.13,49.17,0.0,0.46
2012-02-18,38.18,20.04,47.97,0.53,0.46
2012-02-19,36.86,19.06,52.55,0.0,0.46
2012-02-20,36.42,18.66,56.03,0.0,0.46
2012-02-21,35.24,18.88,53.31,0.0,0.46
2012-02-22,36.57,18.73,53.25,0.0,0.46
2012-02-23,38.34,19.29,54.87,0.0,0.46
2012-02-24,38.9,18.97,53.31,0.0,0.46
2012-02-25,39.7,18.93,49.09,0.0,0.46
2012-02-26,39.49,18.54,45.15,0.0,0.46
2012-02-27,37.94,19.03,49.64,0.0,0.46
2012-02-28,36.16,18.59,56.47,0.0,0.46
2012-02-29,37.18,18.53,53.0,0.0,0.46
2012-03-01,37.48,19.21,57.31,0.03,0.46
2012-03-02,37.33,19.49,60.86,0.05,0.46
2012-03-03,35.8,20.09,63.86,0.53,0.46
2012-03-04,35.89,19.92,67.23,0.0,0.46
2012-03-05,37.16,19.66,55.43,0.0,0.46
2012-03-06,37.13,19.66,57.84,0.0,0.46
2012-03-07,37.8,20.59,56.93,0.0,0.46
2012-03-08,38.88,20.53,54.7,0.0,0.46
2012-03-09,37.28,22.31,50.23,0.0,0.46
2012-03-10,38.35,23.91,53.5,1.57,0.46
2012-03-11,40.01,23.2,53.53,0.01,0.46
2012-03-12,37.16,26.38,51.84,0.18,0.46
2012-03-13,40.25,25.27,50.58,0.4,0.46
2012-03-14,39.88,23.37,49.35,0.2,0.46
2012-03-15,39.4,24.24,51.53,0.0,0.46
2012-03-16,38.08,22.36,49.49,0.0,0.46
2012-03-17,38.16,20.44,48.64,0.0,0.46
2012-03-18,38.18,20.81,51.97,0.0,0.46
2012-03-19,38.24,21.28,58.33,0.0,0.46
2012-03-20,38.16,22.26,63.18,0.0,0.46
2012-03-21,37.3,22.28,65.87,0.0,0.46
2012-03-22,38.09,22.83,61.68,0.0,0.46
2012-03-23,38.69,23.32,59.53,0.0,0.46
2012-03-24,40.32,23.25,55.78,0.13,0.46
2012-03-25,40.3,23.95,53.56,0.0,0.46
2012-03-26,39.72,24.0,53.75,0.23,0.46
2012-03-27,40.45,23.14,50.88,0.0,0.46
2012-03-28,39.95,22.51,49.9,0.0,0.46
2012-03-29,38.29,22.11,53.93,0.0,0.46
2012-03-30,39.45,22.11,54.62,0.0,0.46
2012-03-31,39.35,23.47,59.02,0.75,0.46
2012-04-01,36.78,25.66,59.5,0.0,0.46
2012-04-02,38.11,25.41,53.54,0.0,0.46
2012-04-03,38.53,26.23,52.55,0.0,0.46
2012-04-04,36.93,25.95,61.5,8.76,0.47
2012-04-05,34.58,25.03,68.76,0.09,0.47
2012-04-06,34.15,25.14,72.97,7.62,0.48
2012-04-07,36.47,24.26,65.51,0.42,0.48
2012-04-08,37.52,24.49,59.55,0.17,0.48
2012-04-09,38.77,25.32,56.52,0.04,0.47
2012-04-10,37.99,24.87,57.97,0.11,0.47
2012-04-11,38.8,23.81,56.08,0.0,0.47
2012-04-12,39.88,24.01,54.85,0.0,0.47
2012-04-13,40.3,24.24,57.08,0.01,0.47
2012-04-14,40.34,25.52,55.05,0.0,0.46
2012-04-15,41.13,24.82,56.15,0.0,0.46
2012-04-16,40.69,24.46,58.31,0.0,0.46
2012-04-17,40.49,24.52,58.16,0.0,0.46
2012-04-18,40.15,24.3,59.69,0.0,0.46
2012-04-19,40.7,24.23,57.73,0.0,0.46
2012-04-20,39.22,24.98,59.73,0.0,0.46
2012-04-21,40.48,25.37,56.01,0.0,0.46
2012-04-22,39.77,24.77,60.17,0.92,0.46
2012-04-23,39.44,25.85,59.12,0.02,0.46
2012-04-24,40.13,25.56,59.11,1.62,0.46
2012-04-25,40.05,26.57,59.01,0.0,0.46
2012-04-26,39.58,26.88,60.29,0.0,0.46
2012-04-27,39.55,25.77,61.53,1.55,0.46
2012-04-28,36.74,27.24,66.88,1.61,0.47
2012-04-29,34.06,26.58,71.19,0.85,0.47
2012-04-30,34.86,25.97,67.3,2.46,0.47
2012-05-01,39.43,25.75,58.8,0.36,0.47
2012-05-02,36.11,27.22,62.69,0.0,0.47
2012-05-03,35.63,27.36,62.78,0.95,0.47
2012-05-04,33.02,26.12,75.99,16.0,0.49
2012-05-05,33.77,25.09,72.16,13.21,0.5
2012-05-06,35.01,24.82,71.15,11.52,0.53
2012-05-07,35.06,25.74,72.83,3.73,0.53
2012-05-08,37.49,25.25,63.97,0.02,0.52
2012-05-09,37.47,25.89,61.9,0.05,0.52
2012-05-10,38.05,26.04,62.16,0.0,0.51
2012-05-11,37.97,25.55,62.79,0.01,0.51
2012-05-12,37.41,26.15,64.18,0.92,0.5
2012-05-13,37.54,26.69,63.22,0.01,0.5
2012-05-14,36.98,27.23,64.59,0.19,0.5
2012-05-15,35.95,27.42,69.77,1.94,0.49
2012-05-16,35.8,27.05,67.91,0.07,0.49
2012-05-17,36.5,26.05,67.04,1.9,0.49
2012-05-18,36.95,26.76,65.57,1.33,0.49
2012-05-19,36.43,27.04,67.25,0.6,0.49
2012-05-20,35.76,26.97,66.95,0.0,0.48
2012-05-21,35.61,27.33,67.3,0.36,0.48
2012-05-22,35.53,26.94,72.22,5.33,0.48
2012-05-23,34.67,26.33,72.71,1.74,0.49
2012-05-24,36.14,26.36,74.05,9.33,0.5
2012-05-25,32.8,26.48,76.86,1.18,0.5
2012-05-26,34.02,26.46,73.0,3.41,0.5
2012-05-27,35.84,25.4,68.33,1.12,0.5
2012-05-28,30.59,26.14,82.87,10.62,0.5
2012-05-29,30.17,25.89,85.01,6.17,0.52
2012-05-30,31.7,25.85,80.22,1.57,0.52
2012-05-31,32.18,26.18,82.64,4.77,0.52
2012-06-01,31.79,26.47,83.65,3.12,0.53
2012-06-02,31.14,26.27,83.74,3.61,0.53
2012-06-03,32.95,25.9,79.94,5.79,0.53
2012-06-04,34.28,25.91,78.05,4.52,0.54
2012-06-05,33.16,25.78,79.08,3.47,0.54
2012-06-06,33.3,26.04,76.55,1.82,0.54
2012-06-07,33.04,26.58,81.78,14.81,0.55
2012-06-08,31.4,26.26,84.32,14.63,0.58
2012-06-09,30.97,25.81,83.21,3.3,0.59
2012-06-10,32.59,25.39,80.2,2.08,0.58
2012-06-11,34.43,26.15,75.52,1.84,0.58
2012-06-12,33.17,26.1,79.03,2.64,0.58
2012-06-13,32.41,26.32,78.0,4.44,0.58
2012-06-14,32.71,26.03,78.32,9.67,0.59
2012-06-15,32.53,25.96,78.93,5.42,0.59
2012-06-16,31.81,25.85,83.7,9.28,0.6
2012-06-17,31.63,24.89,82.28,6.84,0.61
2012-06-18,29.55,26.1,84.38,6.69,0.61
2012-06-19,31.11,25.83,80.06,7.32,0.62
2012-06-20,30.19,25.84,84.33,18.22,0.63
2012-06-21,29.92,25.49,83.65,12.52,0.65
2012-06-22,30.72,25.23,85.01,21.71,0.67
2012-06-23,32.02,24.71,82.81,9.25,0.68
2012-06-24,30.76,25.32,84.16,4.17,0.69
2012-06-25,30.66,25.61,80.99,11.23,0.69
2012-06-26,30.13,25.36,83.12,17.24,0.7
2012-06-27,31.01,25.05,82.95,8.36,0.71
2012-06-28,31.27,25.02,83.08,2.62,0.71
2012-06-29,28.3,24.63,86.65,1.44,0.71
2012-06-30,28.22,23.97,90.29,2.3,0.71
2012-07-01,29.21,23.91,88.52,5.25,0.71
2012-07-02,29.27,24.75,88.26,8.11,0.71
2012-07-03,29.05,25.02,90.33,11.82,0.73
2012-07-04,31.58,24.56,84.07,0.9,0.72
2012-07-05,29.39,24.88,89.64,9.49,0.73
2012-07-06,30.53,24.34,85.21,3.98,0.73
2012-07-07,30.85,25.02,83.53,2.25,0.73
2012-07-08,29.1,24.52,88.67,2.5,0.72
2012-07-09,29.83,24.17,85.85,5.27,0.72
2012-07-10,30.54,23.93,84.71,3.71,0.73
2012-07-11,31.83,24.45,82.89,0.55,0.72
2012-07-12,32.19,24.83,81.78,0.55,0.71
2012-07-13,30.88,25.38,83.59,0.85,0.71
2012-07-14,30.98,24.8,83.26,1.86,0.7
2012-07-15,31.07,24.32,81.96,2.6,0.7
2012-07-16,30.94,24.48,83.66,3.35,0.7
2012-07-17,30.23,24.81,86.26,10.21,0.7
2012-07-18,28.76,25.27,90.08,10.79,0.71
2012-07-19,29.31,25.19,85.43,2.05,0.71
2012-07-20,31.2,24.34,82.82,3.0,0.71
2012-07-21,31.26,24.62,83.14,1.96,0.71
2012-07-22,29.86,25.22,86.8,3.45,0.7
2012-07-23,29.86,25.03,88.85,13.24,0.71
2012-07-24,30.03,25.33,88.5,26.84,0.74
2012-07-25,28.77,24.87,88.05,4.38,0.75
2012-07-26,29.21,24.59,87.24,6.25,0.75
2012-07-27,29.46,24.23,87.82,9.86,0.76
2012-07-28,29.18,24.22,84.68,4.65,0.76
2012-07-29,29.35,23.88,85.88,5.89,0.76
2012-07-30,28.46,24.93,86.77,10.87,0.77
2012-07-31,28.76,24.61,87.5,6.49,0.77
2012-08-01,29.77,24.96,83.73,6.07,0.77
2012-08-02,28.86,24.51,87.53,3.63,0.77
2012-08-03,29.79,24.86,86.96,7.03,0.77
2012-08-04,28.65,24.61,89.48,3.28,0.77
2012-08-05,29.36,24.72,87.45,3.2,0.77
2012-08-06,28.91,24.31,86.84,5.1,0.77
2012-08-07,29.05,23.98,89.34,4.1,0.77
2012-08-08,28.92,24.92,88.99,9.73,0.77
2012-08-09,27.89,24.68,90.38,7.44,0.78
2012-08-10,28.16,24.66,88.48,7.86,0.78
2012-08-11,29.82,24.3,87.47,6.34,0.79
2012-08-12,29.39,24.55,87.84,4.19,0.78
2012-08-13,29.81,24.3,87.13,2.57,0.78
2012-08-14,30.24,24.82,86.45,5.22,0.78
2012-08-15,30.64,24.65,85.83,3.24,0.77
2012-08-16,29.34,24.08,85.69,3.14,0.77
2012-08-17,30.68,24.11,83.88,3.36,0.76
2012-08-18,30.66,24.49,85.57,7.42,0.76
2012-08-19,30.42,24.37,85.2,7.13,0.76
2012-08-20,30.56,23.96,85.59,4.93,0.76
2012-08-21,30.95,23.56,82.87,10.95,0.77
2012-08-22,31.07,23.8,84.0,1.08,0.77
2012-08-23,29.94,24.36,86.66,4.69,0.76
2012-08-24,29.49,24.18,87.19,4.06,0.76
2012-08-25,29.19,24.68,90.38,0.85,0.76
2012-08-26,30.27,24.19,87.1,0.47,0.75
2012-08-27,30.67,24.83,85.37,0.59,0.74
2012-08-28,29.13,24.03,89.83,3.03,0.74
2012-08-29,30.84,23.24,85.81,1.39,0.74
2012-08-30,27.94,24.43,91.18,3.86,0.74
2012-08-31,28.4,24.2,89.34,1.58,0.74
2012-09-01,30.11,24.14,87.47,0.47,0.73
2012-09-02,29.84,24.34,87.13,1.71,0.72
2012-09-03,30.87,24.09,87.6,11.57,0.73
2012-09-04,30.95,24.17,84.61,2.51,0.73
2012-09-05,31.79,23.77,85.01,7.92,0.73
2012-09-06,29.66,24.32,89.1,8.96,0.73
2012-09-07,29.48,25.0,92.3,11.81,0.75
2012-09-08,31.37,24.66,86.7,0.76,0.74
2012-09-09,28.65,25.1,90.65,0.83,0.74
2012-09-10,28.61,24.7,91.37,2.9,0.74
2012-09-11,29.73,24.2,87.55,0.44,0.73
2012-09-12,30.42,24.13,86.14,0.72,0.73
2012-09-13,30.82,23.77,86.28,2.36,0.72
2012-09-14,30.16,24.51,86.79,11.8,0.72
2012-09-15,30.62,24.12,86.92,0.57,0.73
2012-09-16,31.75,24.93,85.61,1.54,0.72
2012-09-17,29.36,24.46,87.47,1.36,0.71
2012-09-18,31.07,23.81,84.3,0.0,0.71
2012-09-19,31.3,24.11,82.46,0.02,0.7
2012-09-20,31.76,23.78,84.26,0.28,0.69
2012-09-21,31.06,24.51,85.5,0.36,0.68
2012-09-22,31.33,24.56,84.31,0.39,0.68
2012-09-23,30.12,24.91,86.17,0.23,0.67
2012-09-24,29.72,25.09,86.99,0.04,0.67
2012-09-25,31.49,24.59,83.34,0.23,0.67
2012-09-26,31.01,24.47,82.47,0.61,0.66
2012-09-27,31.09,24.36,84.55,2.47,0.66
2012-09-28,32.35,23.77,82.4,0.63,0.65
2012-09-29,31.49,23.62,83.21,1.41,0.65
2012-09-30,32.53,23.72,83.28,3.42,0.64
2012-10-01,30.89,24.1,86.18,7.6,0.64
2012-10-02,30.64,24.65,84.0,0.38,0.65
2012-10-03,31.48,24.62,84.43,3.27,0.64
2012-10-04,31.37,24.78,81.94,0.16,0.64
2012-10-05,32.12,24.72,82.1,1.82,0.64
2012-10-06,30.54,24.2,87.0,13.65,0.64
2012-10-07,30.45,24.79,84.96,6.57,0.65
2012-10-08,32.67,23.82,78.6,0.91,0.65
2012-10-09,29.34,24.39,89.19,4.07,0.65
2012-10-10,28.46,23.73,89.88,1.46,0.65
2012-10-11,31.05,23.23,82.28,0.78,0.64
2012-10-12,31.47,23.89,79.78,0.0,0.64
2012-10-13,33.54,23.6,77.79,0.1,0.63
2012-10-14,33.4,23.8,78.11,6.63,0.63
2012-10-15,33.63,23.98,78.15,1.03,0.63
2012-10-16,33.47,24.27,76.56,0.06,0.62
2012-10-17,33.2,24.5,78.13,4.46,0.62
2012-10-18,32.89,25.61,76.64,0.05,0.61
2012-10-19,33.72,23.94,73.26,0.0,0.61
2012-10-20,33.98,24.07,72.24,0.0,0.6
2012-10-21,34.53,24.41,73.89,2.63,0.6
2012-10-22,33.55,25.06,76.11,0.0,0.59
2012-10-23,32.81,25.69,74.84,0.02,0.59
2012-10-24,34.33,25.47,72.61,0.42,0.58
2012-10-25,34.06,25.41,71.56,0.12,0.58
2012-10-26,33.34,24.88,70.56,0.2,0.57
2012-10-27,34.34,24.23,73.33,2.19,0.57
2012-10-28,34.7,25.73,71.32,0.0,0.57
2012-10-29,35.72,25.45,67.42,0.0,0.56
2012-10-30,36.28,24.97,68.71,0.61,0.56
2012-10-31,34.67,25.24,74.73,4.53,0.56
2012-11-01,32.21,25.2,77.57,0.0,0.56
2012-11-02,32.49,25.13,75.35,0.0,0.55
2012-11-03,35.23,24.98,68.65,0.0,0.55
2012-11-04,35.65,23.69,67.18,0.0,0.54
2012-11-05,35.65,24.31,69.01,0.0,0.54
2012-11-06,35.61,24.68,69.02,0.02,0.53
2012-11-07,35.94,24.42,67.82,0.47,0.53
2012-11-08,36.23,24.16,67.14,0.0,0.53
2012-11-09,35.87,24.34,67.6,0.0,0.52
2012-11-10,35.81,23.41,66.5,0.0,0.52
2012-11-11,36.2,23.39,63.6,0.0,0.52
2012-11-12,34.79,25.17,69.43,2.15,0.51
2012-11-13,33.35,24.93,71.84,0.58,0.51
2012-11-14,31.87,23.98,71.54,0.06,0.51
2012-11-15,32.82,23.01,69.94,0.14,0.51
2012-11-16,32.31,24.47,74.4,0.0,0.51
2012-11-17,34.19,24.14,69.44,0.2,0.5
2012-11-18,30.29,25.22,79.54,3.14,0.5
2012-11-19,29.46,23.78,89.73,29.49,0.54
2012-11-20,30.72,23.64,86.02,5.14,0.56
2012-11-21,32.81,24.38,77.22,0.33,0.56
2012-11-22,34.52,23.74,72.75,0.0,0.55
2012-11-23,34.56,22.57,71.36,0.0,0.55
2012-11-24,33.3,21.86,71.24,6.83,0.55
2012-11-25,32.06,21.78,73.88,21.85,0.59
2012-11-26,32.49,20.96,70.02,0.0,0.58
2012-11-27,32.25,21.12,74.5,3.12,0.58
2012-11-28,32.07,20.69,69.86,0.8,0.58
2012-11-29,31.62,20.96,75.63,0.02,0.57
2012-11-30,30.12,23.72,81.25,0.23,0.57
2012-12-01,31.46,24.32,79.7,0.08,0.56
2012-12-02,30.13,23.87,80.55,1.13,0.56
2012-12-03,34.46,22.54,72.86,0.0,0.56
2012-12-04,34.47,22.42,71.37,0.11,0.55
2012-12-05,34.45,20.56,65.29,0.0,0.55
2012-12-06,33.42,18.3,67.3,0.0,0.55
2012-12-07,32.45,17.38,67.37,0.0,0.54
2012-12-08,31.76,17.75,68.68,0.0,0.54
2012-12-09,31.04,17.54,70.85,0.0,0.54
2012-12-10,31.13,18.05,67.46,0.0,0.53
2012-12-11,31.81,16.82,62.84,0.0,0.53
2012-12-12,32.7,17.51,62.67,0.0,0.53
2012-12-13,33.19,17.75,67.95,0.0,0.52
2012-12-14,33.92,18.98,63.71,0.0,0.52
2012-12-15,32.89,17.89,61.32,0.0,0.52
2012-12-16,33.45,17.8,60.07,0.0,0.51
2012-12-17,33.9,17.26,60.38,0.0,0.51
2012-12-18,34.19,16.81,61.6,0.0,0.51
2012-12-19,33.2,17.92,65.96,0.0,0.5
2012-12-20,32.63,17.96,65.4,0.0,0.5
2012-12-21,31.66,17.01,63.08,0.0,0.5
2012-12-22,33.86,16.09,61.84,0.0,0.5
2012-12-23,34.29,17.54,64.29,0.0,0.49
2012-12-24,32.82,20.23,65.54,0.02,0.49
2012-12-25,33.13,20.94,64.49,0.0,0.49
2012-12-26,33.31,21.43,66.53,0.0,0.49
2012-12-27,33.98,20.93,65.85,0.0,0.49
2012-12-28,34.5,21.22,61.61,0.0,0.48
2012-12-29,34.69,20.69,62.04,0.0,0.48
2012-12-30,34.76,18.52,63.03,0.0,0.48
2012-12-31,33.74,19.46,68.65,0.0,0.48
2013-01-01,33.52,20.42,62.97,0.0,0.47
2013-01-02,33.62,20.68,59.88,0.0,0.47
2013-01-03,33.98,18.06,54.85,0.0,0.47
2013-01-04,34.77,20.13,62.99,0.0,0.47
2013-01-05,34.18,19.84,61.66,0.0,0.47
2013-01-06,34.18,18.78,58.37,0.0,0.47
2013-01-07,33.94,19.8,60.16,0.0,0.47
2013-01-08,33.23,17.62,62.32,0.0,0.47
2013-01-09,31.52,18.15,67.0,0.0,0.47
2013-01-10,31.85,16.93,55.07,0.0,0.46
2013-01-11,32.01,16.98,54.48,0.0,0.46
2013-01-12,29.81,15.14,57.09,0.0,0.46
2013-01-13,30.63,15.9,56.45,0.0,0.46
2013-01-14,31.25,16.3,58.07,0.0,0.46
2013-01-15,32.91,15.93,54.35,0.0,0.46
2013-01-16,33.58,16.73,53.61,0.0,0.46
2013-01-17,35.45,19.0,51.6,0.0,0.46
2013-01-18,34.61,18.79,57.18,0.0,0.46
2013-01-19,34.4,20.54,51.43,0.0,0.46
2013-01-20,34.68,20.19,51.6,0.0,0.46
2013-01-21,34.59,19.18,53.82,0.0,0.46
2013-01-22,34.72,18.7,55.76,0.0,0.46
2013-01-23,34.47,19.36,58.46,0.0,0.46
2013-01-24,34.9,18.04,52.2,0.0,0.46
2013-01-25,34.69,17.09,48.23,0.0,0.46
2013-01-26,34.19,17.27,49.44,0.0,0.46
2013-01-27,33.73,16.64,53.43,0.0,0.46
2013-01-28,33.97,16.81,51.38,0.0,0.46
2013-01-29,33.8,20.86,54.48,0.18,0.46
2013-01-30,31.64,20.61,66.75,7.58,0.47
2013-01-31,33.86,19.01,59.99,0.62,0.47
2013-02-01,34.48,17.67,56.48,0.01,0.47
2013-02-02,35.6,21.39,55.27,1.05,0.47
2013-02-03,35.85,20.64,51.28,0.0,0.47
2013-02-04,36.5,20.4,46.56,0.0,0.47
2013-02-05,37.16,19.19,44.72,0.0,0.46
2013-02-06,37.76,18.98,46.5,0.0,0.46
2013-02-07,36.35,18.77,51.15,0.0,0.46
2013-02-08,37.27,18.01,57.0,0.0,0.46
2013-02-09,37.77,19.34,55.37,0.0,0.46
2013-02-10,37.86,21.06,54.15,0.0,0.46
2013-02-11,38.44,21.92,49.39,0.0,0.46
2013-02-12,39.19,22.62,45.86,0.0,0.46
2013-02-13,38.31,23.74,46.14,0.0,0.46
2013-02-14,38.13,22.68,48.01,0.0,0.46
2013-02-15,38.35,22.17,50.0,0.84,0.46
2013-02-16,38.55,21.58,45.92,0.0,0.46
2013-02-17,38.04,22.64,50.07,0.06,0.46
2013-02-18,36.23,22.55,55.98,0.0,0.46
2013-02-19,36.98,21.61,53.47,0.0,0.46
2013-02-20,37.33,20.82,45.28,0.0,0.46
2013-02-21,37.43,19.68,46.91,0.0,0.46
2013-02-22,38.34,20.63,48.49,0.0,0.46
2013-02-23,37.61,21.61,51.28,0.0,0.46
2013-02-24,37.86,24.31,47.47,0.0,0.46
2013-02-25,39.6,23.42,44.36,0.0,0.46
2013-02-26,39.98,22.52,47.72,0.0,0.46
2013-02-27,40.27,22.84,45.98,0.0,0.46
2013-02-28,40.11,22.06,45.36,0.01,0.46
2013-03-01,39.5,21.51,48.32,0.0,0.46
2013-03-02,40.04,21.12,46.94,0.0,0.46
2013-03-03,40.39,23.04,49.92,0.32,0.46
2013-03-04,38.83,23.69,56.99,5.57,0.46
2013-03-05,38.08,24.84,54.02,0.0,0.47
2013-03-06,37.45,24.27,55.94,1.66,0.47
2013-03-07,38.04,23.06,50.42,1.02,0.47
2013-03-08,38.3,21.88,47.77,0.02,0.47
2013-03-09,36.62,20.69,52.83,0.0,0.46
2013-03-10,36.35,18.9,56.38,0.0,0.46
2013-03-11,35.76,19.22,57.16,0.0,0.46
2013-03-12,36.33,18.89,57.61,0.0,0.46
2013-03-13,37.62,20.59,54.85,0.0,0.46
2013-03-14,38.81,21.12,52.17,0.0,0.46
2013-03-15,38.42,22.02,59.6,1.28,0.46
2013-03-16,39.0,22.82,58.92,0.0,0.46
2013-03-17,39.27,23.03,58.0,0.0,0.46
2013-03-18,37.04,22.46,58.61,0.0,0.46
2013-03-19,37.47,21.31,51.74,0.0,0.46
2013-03-20,38.68,20.15,47.01,0.0,0.46
2013-03-21,39.27,20.51,53.12,0.0,0.46
2013-03-22,39.12,21.17,53.69,0.0,0.46
2013-03-23,40.36,21.08,51.5,0.0,0.46
2013-03-24,39.81,21.48,52.1,0.0,0.46
2013-03-25,38.8,20.95,58.1,0.0,0.46
2013-03-26,39.89,21.35,57.4,0.0,0.46
2013-03-27,40.64,22.04,57.11,0.0,0.46
2013-03-28,39.88,22.62,59.76,0.0,0.46
2013-03-29,40.14,23.23,59.82,0.0,0.46
2013-03-30,40.26,23.66,59.99,0.0,0.46
2013-03-31,40.1,23.61,57.38,0.0,0.46
2013-04-01,41.46,23.73,50.91,0.0,0.46
2013-04-02,41.5,23.19,49.72,0.0,0.46
2013-04-03,40.66,22.88,56.2,0.0,0.46
2013-04-04,40.42,23.27,56.77,0.0,0.46
2013-04-05,40.59,24.63,56.26,0.0,0.46
2013-04-06,39.31,25.43,59.76,0.0,0.46
2013-04-07,38.47,23.45,61.41,0.0,0.46
2013-04-08,38.49,21.87,58.25,0.0,0.46
2013-04-09,39.85,22.21,60.19,0.0,0.46
2013-04-10,39.97,24.01,58.95,0.0,0.46
2013-04-11,39.99,24.1,59.32,0.0,0.46
2013-04-12,41.23,23.65,56.35,0.02,0.46
2013-04-13,41.27,24.23,53.98,0.57,0.46
2013-04-14,41.43,24.36,49.61,0.0,0.46
2013-04-15,40.84,23.64,51.31,0.01,0.46
2013-04-16,39.88,23.92,59.19,0.38,0.46
2013-04-17,38.14,24.58,59.61,0.32,0.46
2013-04-18,38.25,25.25,59.2,0.0,0.46
2013-04-19,38.56,25.16,60.62,0.04,0.46
2013-04-20,40.46,25.08,59.03,0.17,0.46
2013-04-21,41.4,24.84,55.41,1.18,0.46
2013-04-22,40.56,25.2,55.71,1.71,0.46
2013-04-23,40.7,25.47,50.52,0.05,0.46
2013-04-24,40.72,24.69,52.25,0.5,0.46
2013-04-25,39.81,25.1,56.2,0.0,0.46
2013-04-26,40.21,24.94,57.97,0.0,0.46
2013-04-27,40.06,24.53,58.45,0.34,0.46
2013-04-28,39.73,24.68,57.24,0.0,0.46
2013-04-29,39.91,24.97,58.12,0.23,0.46
2013-04-30,41.02,25.19,55.37,0.0,0.46
2013-05-01,40.46,26.64,57.53,0.0,0.46
2013-05-02,39.7,26.4,58.97,0.34,0.46
2013-05-03,37.21,25.59,64.18,6.44,0.47
2013-05-04,38.01,25.59,62.03,2.12,0.47
2013-05-05,37.11,26.78,64.46,4.37,0.47
2013-05-06,37.09,27.15,65.29,1.99,0.48
2013-05-07,35.54,27.13,66.88,0.7,0.47
2013-05-08,36.75,26.54,63.7,0.3,0.47
2013-05-09,36.56,27.67,63.61,0.57,0.47
2013-05-10,39.0,27.05,60.48,0.0,0.47
2013-05-11,39.81,27.62,56.68,0.11,0.47
2013-05-12,37.76,28.43,58.96,0.0,0.47
2013-05-13,35.38,27.75,60.8,0.04,0.46
2013-05-14,34.71,27.85,67.95,0.5,0.46
2013-05-15,34.9,27.94,67.88,0.7,0.47
2013-05-16,34.56,28.36,70.19,1.82,0.47
2013-05-17,34.44,27.52,67.79,1.35,0.47
2013-05-18,36.73,26.52,63.93,0.15,0.47
2013-05-19,37.86,27.14,63.83,0.49,0.47
2013-05-20,37.41,26.28,65.64,1.92,0.47
2013-05-21,34.45,27.69,66.54,0.46,0.47
2013-05-22,36.0,26.96,62.5,0.51,0.47
2013-05-23,35.15,26.17,65.82,3.27,0.47
2013-05-24,36.31,25.81,63.38,1.72,0.47
2013-05-25,35.43,26.63,61.93,0.43,0.47
2013-05-26,36.3,26.63,63.33,0.36,0.47
2013-05-27,31.88,27.1,70.4,0.91,0.47
2013-05-28,30.83,26.92,77.1,0.92,0.47
2013-05-29,32.01,26.08,71.48,0.04,0.47
2013-05-30,34.33,26.99,66.45,0.42,0.47
2013-05-31,35.99,25.7,63.3,0.04,0.47
2013-06-01,36.32,25.79,64.25,1.93,0.47
2013-06-02,32.74,26.25,72.96,7.4,0.48
2013-06-03,31.7,25.38,80.07,7.91,0.48
2013-06-04,31.43,25.53,80.47,5.18,0.5
2013-06-05,30.53,25.53,83.83,4.02,0.5
2013-06-06,35.5,25.38,74.21,2.16,0.5
2013-06-07,34.93,25.25,72.37,1.0,0.5
2013-06-08,34.91,25.87,74.01,3.63,0.5
2013-06-09,34.96,26.06,74.68,1.31,0.5
2013-06-10,31.76,26.58,82.7,3.39,0.5
2013-06-11,34.76,25.88,75.28,2.49,0.5
2013-06-12,32.83,25.17,75.22,3.59,0.5
2013-06-13,32.9,25.01,75.14,1.16,0.5
2013-06-14,34.49,24.9,72.21,1.41,0.5
2013-06-15,33.92,25.52,71.92,0.46,0.5
2013-06-16,37.12,25.93,67.44,0.35,0.49
2013-06-17,38.46,26.36,63.6,0.49,0.49
2013-06-18,35.43,27.04,69.47,1.83,0.49
2013-06-19,31.98,26.21,77.08,4.1,0.49
2013-06-20,31.26,25.66,84.08,5.47,0.5
2013-06-21,32.65,25.49,76.49,6.57,0.51
2013-06-22,34.99,25.09,74.18,2.38,0.51
2013-06-23,30.82,25.89,80.53,10.43,0.52
2013-06-24,30.89,25.46,82.77,5.76,0.53
2013-06-25,30.6,26.12,84.23,9.21,0.54
2013-06-26,32.38,24.85,79.94,15.28,0.55
2013-06-27,31.9,25.39,78.05,3.55,0.56
2013-06-28,31.78,25.1,78.81,4.54,0.56
2013-06-29,30.18,25.5,83.82,3.17,0.57
2013-06-30,31.46,25.07,78.16,2.96,0.57
2013-07-01,33.28,24.88,77.62,9.59,0.57
2013-07-02,33.25,25.21,76.68,1.99,0.58
2013-07-03,31.57,25.49,81.04,0.36,0.57
2013-07-04,32.35,25.01,76.22,0.6,0.57
2013-07-05,33.81,24.54,74.19,0.1,0.56
2013-07-06,34.21,24.17,74.24,0.0,0.56
2013-07-07,31.65,25.3,75.56,0.8,0.56
2013-07-08,31.91,25.22,79.13,4.07,0.56
2013-07-09,32.09,24.72,79.01,1.3,0.56
2013-07-10,30.38,25.14,81.59,1.85,0.56
2013-07-11,30.41,25.4,86.43,9.79,0.56
2013-07-12,31.1,24.99,80.95,3.96,0.57
2013-07-13,31.19,25.12,79.92,0.98,0.57
2013-07-14,32.31,25.19,77.25,1.42,0.57
2013-07-15,31.8,24.88,78.92,1.5,0.57
2013-07-16,31.88,25.58,77.52,4.31,0.57
2013-07-17,31.12,24.9,77.52,0.94,0.57
2013-07-18,31.9,25.16,75.89,1.88,0.57
2013-07-19,30.74,25.22,82.99,2.76,0.57
2013-07-20,31.42,25.27,79.18,0.36,0.56
2013-07-21,30.49,25.11,82.0,1.58,0.56
2013-07-22,29.85,26.08,87.3,1.79,0.56
2013-07-23,29.4,25.46,89.51,4.0,0.57
2013-07-24,29.46,25.18,88.31,14.94,0.58
2013-07-25,30.42,25.03,85.34,7.02,0.6
2013-07-26,29.7,25.5,87.7,16.0,0.61
2013-07-27,30.38,25.58,85.29,14.56,0.63
2013-07-28,30.21,25.5,87.33,24.25,0.66
2013-07-29,28.39,25.31,88.77,25.74,0.69
2013-07-30,29.06,24.91,90.49,24.34,0.73
2013-07-31,28.64,24.31,90.28,1.92,0.74
2013-08-01,30.57,24.64,85.63,4.56,0.73
2013-08-02,29.8,24.65,86.33,0.16,0.73
2013-08-03,28.46,24.24,86.87,0.24,0.72
2013-08-04,29.59,24.2,87.36,2.28,0.72
2013-08-05,28.98,24.56,89.1,1.59,0.72
2013-08-06,30.79,24.56,84.57,0.15,0.71
2013-08-07,31.0,24.37,86.0,9.62,0.72
2013-08-08,29.31,24.7,88.79,12.58,0.73
2013-08-09,29.56,24.28,88.44,5.68,0.74
2013-08-10,31.21,24.09,84.12,2.01,0.73
2013-08-11,29.2,25.05,88.68,3.8,0.73
2013-08-12,30.27,24.44,86.63,2.27,0.73
2013-08-13,31.38,24.44,86.92,6.0,0.73
2013-08-14,30.42,25.26,87.32,2.77,0.73
2013-08-15,29.68,25.05,87.98,2.05,0.73
2013-08-16,29.24,24.81,89.04,5.26,0.73
2013-08-17,30.92,25.41,86.05,8.15,0.73
2013-08-18,29.75,25.44,87.19,5.35,0.74
2013-08-19,30.23,25.06,87.26,7.47,0.74
2013-08-20,29.07,25.39,90.36,11.2,0.75
2013-08-21,29.05,25.04,90.19,11.93,0.76
2013-08-22,30.41,24.74,87.56,4.58,0.76
2013-08-23,29.88,24.72,87.23,2.27,0.76
2013-08-24,29.35,24.61,87.52,1.37,0.75
2013-08-25,29.15,24.28,89.06,3.33,0.75
2013-08-26,29.28,24.15,87.12,3.41,0.75
2013-08-27,31.83,24.0,84.79,1.78,0.74
2013-08-28,31.42,24.6,85.63,2.96,0.74
2013-08-29,32.44,24.43,83.52,2.75,0.73
2013-08-30,31.47,24.6,83.15,0.67,0.73
2013-08-31,30.24,25.12,87.11,1.39,0.72
2013-09-01,30.12,24.52,85.4,0.56,0.72
2013-09-02,31.36,23.73,82.98,0.07,0.71
2013-09-03,31.51,24.29,83.89,0.23,0.7
2013-09-04,31.47,24.68,84.14,0.54,0.7
2013-09-05,29.55,25.19,88.52,1.51,0.69
2013-09-06,28.89,24.07,88.03,5.05,0.69
2013-09-07,30.18,23.49,86.27,7.23,0.7
2013-09-08,30.72,23.84,85.53,3.39,0.7
2013-09-09,29.95,23.8,84.5,2.42,0.69
2013-09-10,31.62,24.54,80.5,0.37,0.69
2013-09-11,30.2,24.75,83.52,6.14,0.69
2013-09-12,30.28,24.3,85.72,2.39,0.69
2013-09-13,31.77,24.09,84.14,4.96,0.69
2013-09-14,30.64,24.5,88.76,14.95,0.7
2013-09-15,29.15,24.97,89.95,3.46,0.71
2013-09-16,28.92,25.1,92.79,6.39,0.71
2013-09-17,28.83,24.83,90.85,1.99,0.71
2013-09-18,30.28,24.4,88.61,2.95,0.71
2013-09-19,31.73,23.72,82.23,0.98,0.7
2013-09-20,31.07,24.2,84.81,4.13,0.7
2013-09-21,29.63,24.45,87.96,1.91,0.69
2013-09-22,28.51,24.61,89.98,2.77,0.69
2013-09-23,31.56,25.1,85.27,1.48,0.69
2013-09-24,29.57,25.2,88.13,2.09,0.69
2013-09-25,29.48,25.49,90.18,2.54,0.69
2013-09-26,28.92,24.35,90.59,7.15,0.69
2013-09-27,30.68,24.05,84.0,2.28,0.69
2013-09-28,31.14,23.42,85.6,2.49,0.68
2013-09-29,29.82,24.68,86.76,3.31,0.68
2013-09-30,30.93,24.16,85.87,1.17,0.68
2013-10-01,33.26,24.46,80.75,1.01,0.67
2013-10-02,28.29,24.62,91.17,1.08,0.67
2013-10-03,30.92,23.75,84.45,3.23,0.67
2013-10-04,30.72,24.08,85.58,6.35,0.67
2013-10-05,32.04,23.53,83.02,3.94,0.67
2013-10-06,32.31,23.95,83.23,2.97,0.66
2013-10-07,33.14,24.76,78.9,0.14,0.66
2013-10-08,33.21,24.34,77.8,0.01,0.65
2013-10-09,31.67,24.07,80.49,0.0,0.64
2013-10-10,30.19,24.12,85.34,0.0,0.64
2013-10-11,30.5,24.67,86.56,0.03,0.63
2013-10-12,31.93,24.12,83.07,0.49,0.63
2013-10-13,33.2,24.32,78.91,0.0,0.62
2013-10-14,34.37,24.09,76.77,0.0,0.61
2013-10-15,32.8,25.13,77.89,0.02,0.61
2013-10-16,31.73,25.0,83.32,0.95,0.6
2013-10-17,32.57,25.26,80.39,2.32,0.6
2013-10-18,29.7,24.49,87.99,5.39,0.6
2013-10-19,31.69,23.63,85.33,2.59,0.61
2013-10-20,28.65,24.58,92.37,3.46,0.61
2013-10-21,30.41,23.58,86.0,2.39,0.61
2013-10-22,31.73,23.01,82.36,0.71,0.6
2013-10-23,32.7,23.49,77.69,0.03,0.6
2013-10-24,31.53,24.29,75.57,0.37,0.59
2013-10-25,32.07,24.53,78.37,0.89,0.59
2013-10-26,31.82,23.46,81.15,3.11,0.59
2013-10-27,31.03,23.95,82.77,3.94,0.59
2013-10-28,28.39,24.0,89.85,4.35,0.59
2013-10-29,31.1,23.7,83.63,0.45,0.59
2013-10-30,30.59,24.33,79.44,0.14,0.59
2013-10-31,33.26,23.94,75.57,0.0,0.59
2013-11-01,33.09,23.77,75.99,0.09,0.58
2013-11-02,34.44,23.95,73.53,0.0,0.58
2013-11-03,34.17,24.18,72.79,0.03,0.57
2013-11-04,33.94,24.09,71.28,0.0,0.56
2013-11-05,34.1,23.53,67.97,0.0,0.56
2013-11-06,34.66,20.86,61.66,0.0,0.55
2013-11-07,34.95,21.05,62.63,0.04,0.55
2013-11-08,35.02,24.23,69.08,1.19,0.54
2013-11-09,32.07,24.75,75.64,0.0,0.54
2013-11-10,33.24,24.38,72.52,0.0,0.54
2013-11-11,35.18,25.02,69.93,1.76,0.54
2013-11-12,35.29,24.16,72.25,4.29,0.54
2013-11-13,36.05,24.6,68.09,0.0,0.54
2013-11-14,35.84,24.29,68.27,0.25,0.53
2013-11-15,31.57,25.45,74.45,0.02,0.53
2013-11-16,34.85,23.92,68.86,0.19,0.53
2013-11-17,34.33,24.12,70.07,0.15,0.52
2013-11-18,32.57,24.06,77.34,4.87,0.52
2013-11-19,29.51,24.5,82.0,11.22,0.54
2013-11-20,31.86,24.0,74.72,0.0,0.54
2013-11-21,33.3,22.81,72.94,0.0,0.54
2013-11-22,34.37,22.94,68.04,0.0,0.53
2013-11-23,34.86,22.81,66.19,0.0,0.53
2013-11-24,34.07,23.3,71.45,0.02,0.53
2013-11-25,30.8,23.54,75.9,0.21,0.52
2013-11-26,29.21,23.7,85.27,1.9,0.52
2013-11-27,33.12,24.3,76.89,0.4,0.52
2013-11-28,33.52,23.82,78.19,2.95,0.52
2013-11-29,32.24,23.64,74.51,0.0,0.52
2013-11-30,33.98,22.15,70.5,0.0,0.52
2013-12-01,33.52,23.03,70.08,0.0,0.52
2013-12-02,33.71,21.96,64.61,0.0,0.51
2013-12-03,33.29,20.76,63.55,0.0,0.51
2013-12-04,33.76,21.72,64.18,0.0,0.51
2013-12-05,34.13,21.86,65.85,0.0,0.5
2013-12-06,33.61,22.5,61.53,0.0,0.5
2013-12-07,32.92,21.23,62.97,0.01,0.5
2013-12-08,33.31,21.37,61.9,0.0,0.5
2013-12-09,32.64,21.01,62.57,0.0,0.49
2013-12-10,33.02,22.62,64.08,0.01,0.49
2013-12-11,33.09,22.09,65.25,0.18,0.49
2013-12-12,32.71,22.64,70.05,5.33,0.49
2013-12-13,31.65,22.5,72.23,14.18,0.51
2013-12-14,31.91,23.16,73.09,3.52,0.52
2013-12-15,30.72,18.73,68.25,9.59,0.53
2013-12-16,30.05,15.86,56.4,0.0,0.53
2013-12-17,28.9,13.49,54.33,0.0,0.53
2013-12-18,29.21,12.9,59.72,0.0,0.52
2013-12-19,29.11,13.62,65.9,0.0,0.52
2013-12-20,29.26,14.36,62.64,0.0,0.52
2013-12-21,29.37,15.85,59.25,0.0,0.51
2013-12-22,29.37,14.96,62.92,0.0,0.51
2013-12-23,29.85,15.52,62.14,0.0,0.51
2013-12-24,30.43,15.63,57.55,0.0,0.51
2013-12-25,30.96,17.24,55.85,0.0,0.5
2013-12-26,30.94,17.48,62.88,0.0,0.5
2013-12-27,30.97,17.19,65.78,0.0,0.5
2013-12-28,30.37,17.2,61.69,0.0,0.5
2013-12-29,30.07,15.81,64.19,0.0,0.49
2013-12-30,30.47,16.1,64.64,0.0,0.49
2013-12-31,31.28,17.28,57.84,0.0,0.49
2014-01-01,32.52,17.5,55.34,0.0,0.49
2014-01-02,33.49,18.61,59.11,0.0,0.49
2014-01-03,33.52,16.98,61.32,0.0,0.48
2014-01-04,33.43,16.48,64.64,0.0,0.48
2014-01-05,33.33,17.42,66.27,0.0,0.48
2014-01-06,33.23,17.11,63.74,0.0,0.48
2014-01-07,33.33,16.93,62.91,0.0,0.47
2014-01-08,33.69,15.62,55.34,0.0,0.47
2014-01-09,34.09,14.98,55.98,0.0,0.47
2014-01-10,34.57,15.96,58.56,0.0,0.47
2014-01-11,34.57,20.46,53.49,0.0,0.47
2014-01-12,34.37,19.54,56.92,0.0,0.47
2014-01-13,33.66,16.68,55.19,0.0,0.47
2014-01-14,33.26,18.65,54.04,0.0,0.47
2014-01-15,33.23,19.76,57.64,0.0,0.46
2014-01-16,32.79,20.79,57.4,0.0,0.46
2014-01-17,32.72,19.94,52.76,0.0,0.46
2014-01-18,31.98,17.31,53.17,0.0,0.46
2014-01-19,31.51,17.23,53.68,0.0,0.46
2014-01-20,31.89,16.63,52.01,0.0,0.46
2014-01-21,31.21,17.23,51.81,0.0,0.46
2014-01-22,29.83,16.7,52.25,0.0,0.46
2014-01-23,30.63,14.55,46.28,0.0,0.46
2014-01-24,31.67,16.25,49.72,0.0,0.46
2014-01-25,33.63,17.51,58.61,0.0,0.46
2014-01-26,34.56,19.51,55.33,0.0,0.46
2014-01-27,34.58,19.5,57.47,0.0,0.46
2014-01-28,34.33,19.4,55.87,0.0,0.46
2014-01-29,34.87,19.25,53.18,0.0,0.46
2014-01-30,35.61,19.49,53.46,0.0,0.46
2014-01-31,35.5,20.33,50.4,0.0,0.46
2014-02-01,36.23,19.88,48.78,0.0,0.46
2014-02-02,36.66,19.19,54.94,0.0,0.46
2014-02-03,36.24,18.83,54.32,0.0,0.46
2014-02-04,35.33,17.57,54.79,0.0,0.46
2014-02-05,34.76,16.91,55.84,0.0,0.46
2014-02-06,34.43,17.34,55.98,0.0,0.46
2014-02-07,34.91,18.07,54.59,0.0,0.46
2014-02-08,33.98,18.09,56.45,0.0,0.46
2014-02-09,34.02,17.8,60.22,0.0,0.46
2014-02-10,34.53,17.85,60.82,0.0,0.46
2014-02-11,34.43,19.1,62.65,0.0,0.46
2014-02-12,34.68,18.59,63.95,0.0,0.46
2014-02-13,35.65,19.53,59.75,0.0,0.46
2014-02-14,35.89,19.59,54.37,0.0,0.46
2014-02-15,35.45,19.5,55.72,0.0,0.46
2014-02-16,35.48,19.7,59.15,0.65,0.46
2014-02-17,35.13,20.49,63.58,0.14,0.46
2014-02-18,33.49,20.2,66.14,0.0,0.46
2014-02-19,33.51,16.32,45.48,0.0,0.46
2014-02-20,35.73,17.88,53.48,0.0,0.46
2014-02-21,35.58,19.66,57.4,0.0,0.46
2014-02-22,35.52,19.36,58.27,0.0,0.46
2014-02-23,36.67,19.86,55.68,0.0,0.46
2014-02-24,36.94,19.99,53.38,0.0,0.46
2014-02-25,36.93,19.38,52.27,0.0,0.46
2014-02-26,37.84,18.8,55.4,0.0,0.46
2014-02-27,36.81,18.78,53.28,0.0,0.46
2014-02-28,37.09,18.43,55.96,0.0,0.46
2014-03-01,37.5,19.54,56.85,0.0,0.46
2014-03-02,37.18,19.72,57.29,0.0,0.46
2014-03-03,37.07,20.28,57.39,0.0,0.46
2014-03-04,38.04,18.7,52.32,0.0,0.46
2014-03-05,35.01,20.5,55.75,0.0,0.46
2014-03-06,37.0,19.78,53.75,0.0,0.46
2014-03-07,38.18,19.05,50.77,0.0,0.46
2014-03-08,37.69,19.2,52.1,0.0,0.46
2014-03-09,37.9,19.56,49.62,0.0,0.46
2014-03-10,38.32,19.37,49.78,0.0,0.46
2014-03-11,37.96,19.4,49.89,0.0,0.46
2014-03-12,38.67,19.61,51.53,0.0,0.46
2014-03-13,39.02,20.1,52.65,0.0,0.46
2014-03-14,40.07,19.65,55.7,0.0,0.46
2014-03-15,40.07,20.55,53.49,0.09,0.46
2014-03-16,39.89,20.57,52.77,0.0,0.46
2014-03-17,40.34,19.48,49.7,0.0,0.46
2014-03-18,39.75,21.25,50.01,0.76,0.46
2014-03-19,39.44,20.68,56.95,0.0,0.46
2014-03-20,39.16,21.21,57.88,0.0,0.46
2014-03-21,39.33,20.45,56.6,0.0,0.46
2014-03-22,39.36,20.02,55.14,0.0,0.46
2014-03-23,39.31,20.23,50.27,0.0,0.46
2014-03-24,39.17,21.24,49.23,0.68,0.46
2014-03-25,39.62,22.2,51.22,0.0,0.46
2014-03-26,39.38,21.43,56.84,0.0,0.46
2014-03-27,40.58,21.79,56.11,0.0,0.46
2014-03-28,40.35,22.36,59.21,0.0,0.46
2014-03-29,40.64,22.64,56.25,0.0,0.46
2014-03-30,41.48,23.57,53.91,0.0,0.46
2014-03-31,40.54,22.58,54.85,0.0,0.46
2014-04-01,40.24,23.03,57.34,0.0,0.46
2014-04-02,40.68,22.89,58.28,0.0,0.46
2014-04-03,41.19,23.25,57.27,0.0,0.46
2014-04-04,40.47,24.1,55.12,1.19,0.46
2014-04-05,39.52,22.86,59.25,0.24,0.46
2014-04-06,37.97,23.6,62.46,0.63,0.46
2014-04-07,38.36,22.98,63.23,0.0,0.46
2014-04-08,38.96,23.64,63.14,0.0,0.46
2014-04-09,38.41,24.16,65.06,0.0,0.46
2014-04-10,40.32,24.79,61.93,0.41,0.46
2014-04-11,39.75,25.25,63.29,0.42,0.46
2014-04-12,39.27,25.41,60.65,0.0,0.46
2014-04-13,39.7,24.72,60.21,0.51,0.46
2014-04-14,40.39,24.72,58.73,3.48,0.47
2014-04-15,39.46,25.7,58.33,0.0,0.47
2014-04-16,39.21,26.82,59.52,0.0,0.46
2014-04-17,40.06,25.62,59.81,0.19,0.46
2014-04-18,40.55,24.64,58.73,0.0,0.46
2014-04-19,42.24,24.26,57.6,0.0,0.46
2014-04-20,42.28,25.54,58.98,0.09,0.46
2014-04-21,39.81,26.85,67.43,10.92,0.47
2014-04-22,38.9,26.58,66.73,0.03,0.48
2014-04-23,37.95,26.97,66.67,0.0,0.47
2014-04-24,38.34,25.76,65.43,0.19,0.47
2014-04-25,39.94,26.44,61.31,0.08,0.47
2014-04-26,40.43,26.41,59.17,0.0,0.47
2014-04-27,40.96,26.48,57.18,0.0,0.47
2014-04-28,40.33,27.2,60.34,0.0,0.46
2014-04-29,37.97,25.83,63.12,0.21,0.46
2014-04-30,39.24,25.32,61.04,0.0,0.46
2014-05-01,39.85,25.5,58.45,0.01,0.46
2014-05-02,38.87,25.48,62.14,4.05,0.47
2014-05-03,39.02,25.63,59.45,0.0,0.47
2014-05-04,35.98,26.02,62.37,0.02,0.47
2014-05-05,36.43,25.72,57.42,0.86,0.47
2014-05-06,41.57,26.1,52.72,0.14,0.47
2014-05-07,40.95,27.25,54.31,0.02,0.46
2014-05-08,39.07,26.84,60.01,0.74,0.46
2014-05-09,34.28,27.81,67.09,0.65,0.46
2014-05-10,35.21,27.43,69.25,3.6,0.47
2014-05-11,34.41,26.98,69.25,0.66,0.47
2014-05-12,36.99,26.06,64.74,0.0,0.47
2014-05-13,35.44,27.78,68.73,0.15,0.47
2014-05-14,35.54,27.13,69.52,2.98,0.47
2014-05-15,36.58,27.07,66.1,0.55,0.47
2014-05-16,36.25,27.43,62.97,0.0,0.47
2014-05-17,38.27,27.44,59.59,0.06,0.47
2014-05-18,34.33,27.88,67.5,1.71,0.47
2014-05-19,33.68,26.56,68.72,1.09,0.47
2014-05-20,34.64,26.39,68.74,1.18,0.47
2014-05-21,33.48,26.73,71.42,0.04,0.47
2014-05-22,32.93,27.41,71.32,0.81,0.47
2014-05-23,36.26,26.57,65.93,0.06,0.47
2014-05-24,36.74,26.76,63.7,0.04,0.47
2014-05-25,34.68,27.0,66.23,0.6,0.47
2014-05-26,38.55,26.85,61.08,0.18,0.47
2014-05-27,36.44,26.96,65.77,7.39,0.47
2014-05-28,37.47,26.18,68.54,1.42,0.48
2014-05-29,37.13,26.7,68.2,2.35,0.48
2014-05-30,37.59,26.71,64.24,1.16,0.47
2014-05-31,35.66,26.38,71.8,9.3,0.48
2014-06-01,34.46,26.86,72.8,0.61,0.48
2014-06-02,35.15,26.56,68.16,0.3,0.48
2014-06-03,34.89,26.92,73.49,3.13,0.48
2014-06-04,36.52,26.37,70.35,0.11,0.48
2014-06-05,34.04,27.32,73.14,2.55,0.48
2014-06-06,32.26,26.55,79.92,6.56,0.48
2014-06-07,33.51,25.82,78.89,3.58,0.49
2014-06-08,31.87,26.23,80.56,9.47,0.5
2014-06-09,32.07,26.39,85.13,10.43,0.51
2014-06-10,32.8,26.3,79.66,4.34,0.52
2014-06-11,33.38,26.65,81.63,3.03,0.52
2014-06-12,32.65,26.62,78.21,1.06,0.52
2014-06-13,34.85,25.87,72.82,3.57,0.52
2014-06-14,33.28,25.73,75.91,3.8,0.53
2014-06-15,35.36,25.3,73.35,2.02,0.52
2014-06-16,33.12,26.27,77.68,6.67,0.53
2014-06-17,31.3,25.91,82.71,3.32,0.53
2014-06-18,31.58,25.43,79.14,9.17,0.54
2014-06-19,32.34,25.98,80.13,10.76,0.56
2014-06-20,32.26,26.25,81.3,5.8,0.56
2014-06-21,34.25,25.82,75.93,3.37,0.56
2014-06-22,32.72,26.17,77.59,8.71,0.57
2014-06-23,31.23,25.83,82.89,7.0,0.58
2014-06-24,33.34,25.36,78.02,3.32,0.58
2014-06-25,31.78,25.29,82.27,9.31,0.59
2014-06-26,31.76,25.36,79.25,3.54,0.59
2014-06-27,34.78,25.14,74.28,1.02,0.59
2014-06-28,32.38,25.8,80.51,2.49,0.58
2014-06-29,32.27,26.41,82.29,6.47,0.59
2014-06-30,31.56,26.15,83.65,5.15,0.59
2014-07-01,32.92,25.92,80.66,2.87,0.6
2014-07-02,34.5,25.2,74.15,1.09,0.59
2014-07-03,32.64,25.41,78.93,2.98,0.59
2014-07-04,33.35,25.82,78.43,0.09,0.59
2014-07-05,35.23,25.37,72.32,1.16,0.58
2014-07-06,33.75,25.65,78.19,9.95,0.59
2014-07-07,32.72,25.9,78.76,4.05,0.59
2014-07-08,31.91,25.42,80.07,10.14,0.6
2014-07-09,31.88,25.31,80.28,6.58,0.61
2014-07-10,32.47,24.8,83.17,4.96,0.61
2014-07-11,31.58,26.25,84.56,3.33,0.61
2014-07-12,31.57,26.19,83.75,3.47,0.61
2014-07-13,30.95,25.98,84.7,6.1,0.62
2014-07-14,30.26,25.74,88.03,17.14,0.63
2014-07-15,31.04,25.48,87.1,4.37,0.65
2014-07-16,29.99,25.19,85.57,1.96,0.64
2014-07-17,30.74,25.1,84.91,5.41,0.64
2014-07-18,30.16,25.24,85.92,4.8,0.65
2014-07-19,29.4,25.41,85.4,10.68,0.66
2014-07-20,30.86,25.22,82.28,4.94,0.66
2014-07-21,30.49,25.11,86.43,9.53,0.66
2014-07-22,32.13,24.44,83.09,1.85,0.67
2014-07-23,31.71,25.1,80.27,3.14,0.66
2014-07-24,29.86,25.21,86.3,0.68,0.66
2014-07-25,29.06,25.11,88.07,2.47,0.66
2014-07-26,30.91,24.96,87.03,8.38,0.66
2014-07-27,31.45,25.13,82.4,10.26,0.67
2014-07-28,30.66,24.97,85.12,4.22,0.67
2014-07-29,30.82,25.47,86.05,13.42,0.68
2014-07-30,30.49,25.65,86.74,2.86,0.69
2014-07-31,31.34,25.2,82.74,1.13,0.68
2014-08-01,30.99,25.51,84.01,5.39,0.68
2014-08-02,28.77,25.71,88.46,4.8,0.68
2014-08-03,29.76,25.57,85.99,7.23,0.69
2014-08-04,31.8,25.24,83.68,9.75,0.69
2014-08-05,30.19,25.2,86.74,8.36,0.7
2014-08-06,30.85,25.02,83.18,1.25,0.7
2014-08-07,31.0,24.73,85.31,3.65,0.69
2014-08-08,31.4,25.06,84.63,1.4,0.69
2014-08-09,30.02,24.83,86.0,2.12,0.69
2014-08-10,30.11,24.53,85.28,0.94,0.68
2014-08-11,31.23,24.79,85.04,3.35,0.68
2014-08-12,30.89,24.48,83.9,4.21,0.68
2014-08-13,30.67,24.18,86.5,8.68,0.68
2014-08-14,30.22,25.24,88.77,9.39,0.69
2014-08-15,30.78,24.43,86.2,9.71,0.7
2014-08-16,30.96,24.38,83.69,0.57,0.7
2014-08-17,31.64,24.11,83.17,0.14,0.69
2014-08-18,32.63,24.82,81.85,0.33,0.69
2014-08-19,31.56,24.81,84.19,2.49,0.68
2014-08-20,30.76,24.95,85.03,3.51,0.68
2014-08-21,30.82,24.53,83.16,1.74,0.68
2014-08-22,31.22,24.06,83.9,0.48,0.67
2014-08-23,31.14,24.16,82.58,0.55,0.67
2014-08-24,33.04,24.71,80.82,2.02,0.66
2014-08-25,30.86,25.11,85.54,5.25,0.66
2014-08-26,30.0,24.94,86.31,1.83,0.66
2014-08-27,31.07,24.01,85.55,5.61,0.66
2014-08-28,29.54,24.84,86.35,1.0,0.66
2014-08-29,29.72,24.48,88.38,5.99,0.66
2014-08-30,29.09,24.55,90.01,4.64,0.67
2014-08-31,28.72,24.1,89.29,1.78,0.67
2014-09-01,31.43,24.25,84.65,0.73,0.66
2014-09-02,30.7,24.53,83.08,1.75,0.66
2014-09-03,29.59,24.71,88.25,2.67,0.66
2014-09-04,30.31,24.44,85.65,3.2,0.66
2014-09-05,29.19,24.42,87.01,0.23,0.65
2014-09-06,30.16,24.33,85.83,0.65,0.65
2014-09-07,30.26,24.49,83.8,1.67,0.65
2014-09-08,31.8,24.08,80.08,0.1,0.64
2014-09-09,32.56,24.55,78.06,0.02,0.63
2014-09-10,32.09,24.84,77.74,0.01,0.62
2014-09-11,32.27,24.84,80.08,1.04,0.62
2014-09-12,32.15,24.74,80.79,0.6,0.61
2014-09-13,31.01,24.98,81.29,0.09,0.61
2014-09-14,32.49,24.58,81.7,0.15,0.61
2014-09-15,31.99,25.23,81.05,0.57,0.6
2014-09-16,33.56,24.22,79.64,0.27,0.6
2014-09-17,30.86,25.55,85.28,2.86,0.6
2014-09-18,29.75,24.81,87.14,4.14,0.6
2014-09-19,32.74,24.41,80.1,0.83,0.6
2014-09-20,33.1,24.81,79.11,1.15,0.59
2014-09-21,33.36,24.93,78.45,1.71,0.59
2014-09-22,33.35,25.26,77.09,0.81,0.59
2014-09-23,33.03,25.25,79.08,1.37,0.58
2014-09-24,29.42,24.38,86.38,6.05,0.58
2014-09-25,32.25,23.75,77.25,0.59,0.59
2014-09-26,34.43,24.56,74.08,0.0,0.58
2014-09-27,35.25,24.72,71.39,0.0,0.57
2014-09-28,35.5,24.75,72.66,0.56,0.57
2014-09-29,34.05,24.96,77.9,11.27,0.57
2014-09-30,32.55,25.83,79.57,3.99,0.58
2014-10-01,32.55,24.73,78.87,2.83,0.58
2014-10-02,33.47,24.96,73.19,2.96,0.58
2014-10-03,33.03,24.77,76.89,0.47,0.58
2014-10-04,33.03,24.9,72.92,0.27,0.57
2014-10-05,34.94,25.25,70.15,4.7,0.57
2014-10-06,33.81,24.79,75.96,0.17,0.57
2014-10-07,34.47,24.8,68.83,0.02,0.56
2014-10-08,33.43,24.23,73.02,0.03,0.56
2014-10-09,33.64,24.67,79.16,0.98,0.55
2014-10-10,32.68,25.07,80.31,3.39,0.55
2014-10-11,33.26,24.8,76.28,0.55,0.55
2014-10-12,33.59,24.03,82.46,6.3,0.55
2014-10-13,33.89,24.45,75.42,0.0,0.55
2014-10-14,35.2,23.56,69.21,0.0,0.55
2014-10-15,36.22,23.68,65.71,0.0,0.54
2014-10-16,35.24,25.09,68.34,0.0,0.54
2014-10-17,35.67,23.94,63.46,0.0,0.53
2014-10-18,36.12,24.05,63.54,0.01,0.53
2014-10-19,35.9,24.6,66.84,1.41,0.53
2014-10-20,34.74,24.64,71.71,4.45,0.52
2014-10-21,32.14,25.01,79.26,4.16,0.53
2014-10-22,32.66,24.5,74.53,2.62,0.53
2014-10-23,32.25,25.29,74.31,3.27,0.53
2014-10-24,33.75,24.18,72.52,0.2,0.53
2014-10-25,35.23,25.33,68.95,0.0,0.53
2014-10-26,35.68,25.54,67.53,0.04,0.52
2014-10-27,34.61,25.76,68.67,0.14,0.52
2014-10-28,36.33,25.19,69.9,2.42,0.52
2014-10-29,33.99,25.45,70.65,1.34,0.52
2014-10-30,35.91,24.49,69.8,0.62,0.51
2014-10-31,36.81,25.54,66.34,0.16,0.51
2014-11-01,36.23,25.92,67.33,0.03,0.51
2014-11-02,32.3,26.14,77.16,1.71,0.51
2014-11-03,33.12,25.04,75.49,3.82,0.51
2014-11-04,29.13,24.75,87.3,2.34,0.51
2014-11-05,29.46,25.16,91.7,7.68,0.52
2014-11-06,29.35,25.2,92.2,10.12,0.53
2014-11-07,33.41,24.62,78.73,0.87,0.54
2014-11-08,33.88,24.19,74.38,0.1,0.53
2014-11-09,35.49,24.72,72.03,0.2,0.53
2014-11-10,35.45,24.99,71.49,0.0,0.52
2014-11-11,35.71,25.3,68.2,0.0,0.52
2014-11-12,35.88,24.45,68.11,0.0,0.52
2014-11-13,36.63,24.62,64.47,0.0,0.51
2014-11-14,36.39,24.03,63.98,0.0,0.51
2014-11-15,36.07,24.73,65.77,0.0,0.51
2014-11-16,36.63,25.04,65.1,0.03,0.5
2014-11-17,35.42,23.83,66.62,0.78,0.5
2014-11-18,35.28,23.05,66.46,0.0,0.5
2014-11-19,35.6,22.51,63.83,0.01,0.49
2014-11-20,34.35,22.73,64.94,0.23,0.49
2014-11-21,35.03,23.25,64.67,0.0,0.49
2014-11-22,34.49,21.56,62.25,0.0,0.49
2014-11-23,34.63,21.59,59.1,0.0,0.48
2014-11-24,34.3,20.55,57.52,0.0,0.48
2014-11-25,35.02,19.99,61.67,0.0,0.48
2014-11-26,35.07,20.45,62.57,0.0,0.48
2014-11-27,34.3,20.56,59.46,0.0,0.47
2014-11-28,34.87,19.17,59.54,0.0,0.47
2014-11-29,35.46,19.46,57.43,0.0,0.47
2014-11-30,34.52,18.4,54.39,0.0,0.47
2014-12-01,34.25,17.64,57.27,0.0,0.47
2014-12-02,35.0,20.49,54.53,0.0,0.47
2014-12-03,35.05,19.04,59.66,0.0,0.47
2014-12-04,35.87,18.94,59.65,0.0,0.47
2014-12-05,37.01,22.43,59.24,0.06,0.46
2014-12-06,34.5,24.79,62.22,0.0,0.46
2014-12-07,36.53,25.0,62.63,0.0,0.46
2014-12-08,36.11,23.3,65.04,0.01,0.46
2014-12-09,36.16,22.17,59.44,0.0,0.46
2014-12-10,35.46,22.18,60.19,0.0,0.46
2014-12-11,36.18,22.99,53.57,0.0,0.46
2014-12-12,36.37,21.84,52.14,0.0,0.46
2014-12-13,36.31,21.53,52.75,0.0,0.46
2014-12-14,36.64,22.22,52.22,0.0,0.46
2014-12-15,36.49,23.65,49.99,0.0,0.46
2014-12-16,35.74,23.07,49.35,0.0,0.46
2014-12-17,34.06,22.79,52.41,0.0,0.46
2014-12-18,33.91,21.74,49.56,0.0,0.46
2014-12-19,34.28,20.06,48.48,0.0,0.46
2014-12-20,34.9,19.94,50.86,0.0,0.46
2014-12-21,34.86,18.62,44.21,0.0,0.46
2014-12-22,32.77,19.79,49.2,0.0,0.46
2014-12-23,33.06,17.39,50.68,0.0,0.46
2014-12-24,33.51,17.68,48.98,0.0,0.46
2014-12-25,34.35,18.11,52.35,0.0,0.46
2014-12-26,35.51,20.23,55.72,0.0,0.46
2014-12-27,36.59,20.8,53.93,0.0,0.46
2014-12-28,37.87,22.59,53.7,0.0,0.46
2014-12-29,34.63,24.2,56.89,0.0,0.46
2014-12-30,34.92,23.53,54.53,0.04,0.46
2014-12-31,35.96,21.87,51.42,0.05,0.46
2015-01-01,34.72,21.47,54.06,0.04,0.46
2015-01-02,34.56,20.22,51.67,0.0,0.46
2015-01-03,34.59,20.94,46.36,0.0,0.46
2015-01-04,35.38,21.74,53.35,0.0,0.46
2015-01-05,35.12,22.1,66.06,0.0,0.46
2015-01-06,34.41,21.08,63.14,0.0,0.46
2015-01-07,33.75,18.7,55.7,0.0,0.46
2015-01-08,33.75,18.87,66.56,13.13,0.47
2015-01-09,29.33,18.5,73.97,20.71,0.52
2015-01-10,29.3,16.47,70.34,1.22,0.52
2015-01-11,30.81,15.87,53.41,0.14,0.51
2015-01-12,30.66,14.32,63.66,0.0,0.51
2015-01-13,30.19,19.45,62.21,0.0,0.51
2015-01-14,32.34,18.95,61.75,0.0,0.5
2015-01-15,32.82,20.4,63.4,0.06,0.5
2015-01-16,33.76,19.96,62.49,0.02,0.5
2015-01-17,33.3,21.9,62.35,0.0,0.5
2015-01-18,32.06,20.09,70.11,0.0,0.49
2015-01-19,31.26,20.95,70.96,0.0,0.49
2015-01-20,31.4,20.26,67.41,0.0,0.49
2015-01-21,31.34,21.17,64.93,0.0,0.49
2015-01-22,32.94,20.01,65.12,0.0,0.48
2015-01-23,32.38,18.68,60.92,0.0,0.48
2015-01-24,31.57,17.32,63.69,0.0,0.48
2015-01-25,32.82,16.73,61.7,0.0,0.48
2015-01-26,33.19,17.95,61.07,0.0,0.47
2015-01-27,33.75,17.74,58.52,0.0,0.47
2015-01-28,33.97,17.99,60.46,0.0,0.47
2015-01-29,35.25,18.36,59.18,0.0,0.47
2015-01-30,34.87,18.74,60.86,0.0,0.47
2015-01-31,34.25,18.77,62.26,0.14,0.47
2015-02-01,34.2,19.19,57.56,0.0,0.47
2015-02-02,34.78,19.03,49.91,0.0,0.47
2015-02-03,35.48,21.07,46.71,0.0,0.46
2015-02-04,36.35,19.45,41.9,0.0,0.46
2015-02-05,36.13,17.95,45.59,0.0,0.46
2015-02-06,36.13,20.13,44.25,0.0,0.46
2015-02-07,35.21,19.48,45.35,0.0,0.46
2015-02-08,34.56,18.56,49.18,0.0,0.46
2015-02-09,32.75,20.11,52.61,0.0,0.46
2015-02-10,35.3,21.28,49.02,0.0,0.46
2015-02-11,33.44,20.56,49.24,0.0,0.46
2015-02-12,33.89,20.42,51.76,0.0,0.46
2015-02-13,33.39,17.64,53.01,0.0,0.46
2015-02-14,31.99,17.85,56.71,0.0,0.46
2015-02-15,34.32,16.83,53.43,0.0,0.46
2015-02-16,34.71,17.2,54.18,0.0,0.46
2015-02-17,35.47,17.9,53.11,0.0,0.46
2015-02-18,35.86,16.9,53.23,0.0,0.46
2015-02-19,35.53,17.17,53.94,0.0,0.46
2015-02-20,35.6,16.71,56.44,0.0,0.46
2015-02-21,36.45,17.13,55.42,0.0,0.46
2015-02-22,36.61,18.16,54.15,0.0,0.46
2015-02-23,36.86,17.96,54.45,0.0,0.46
2015-02-24,36.59,18.05,52.71,0.0,0.46
2015-02-25,37.27,18.48,54.96,0.0,0.46
2015-02-26,36.71,18.81,55.48,0.0,0.46
2015-02-27,36.04,17.98,59.08,0.0,0.46
2015-02-28,37.76,17.68,55.91,0.0,0.46
2015-03-01,40.11,19.26,53.05,0.0,0.46
2015-03-02,39.71,22.04,50.53,0.0,0.46
2015-03-03,39.97,23.32,53.86,0.0,0.46
2015-03-04,38.86,22.12,53.99,0.0,0.46
2015-03-05,37.97,21.22,61.52,0.0,0.46
2015-03-06,38.27,21.23,58.11,0.0,0.46
2015-03-07,37.75,19.41,48.24,0.0,0.46
2015-03-08,38.55,19.23,46.81,0.33,0.46
2015-03-09,39.79,19.91,48.45,0.0,0.46
2015-03-10,40.46,22.15,46.92,0.14,0.46
2015-03-11,40.74,22.13,45.56,0.0,0.46
2015-03-12,40.67,21.74,48.79,0.0,0.46
2015-03-13,39.28,20.19,50.96,0.0,0.46
2015-03-14,38.52,19.21,58.29,0.0,0.46
2015-03-15,39.25,21.35,59.91,0.0,0.46
2015-03-16,40.56,22.02,55.1,0.0,0.46
2015-03-17,41.31,22.76,50.42,0.0,0.46
2015-03-18,39.59,21.77,56.89,0.0,0.46
2015-03-19,38.9,20.77,61.25,0.0,0.46
2015-03-20,40.7,21.58,52.03,0.0,0.46
2015-03-21,40.91,20.27,46.65,0.53,0.46
2015-03-22,40.1,19.5,55.77,0.0,0.46
2015-03-23,39.34,21.32,55.84,1.11,0.46
2015-03-24,38.97,21.59,57.65,5.52,0.46
2015-03-25,35.65,24.12,63.01,1.24,0.47
2015-03-26,34.9,23.55,70.01,9.63,0.48
2015-03-27,36.47,23.98,63.53,0.04,0.48
2015-03-28,37.57,23.97,60.94,1.41,0.48
2015-03-29,37.77,23.36,56.26,0.0,0.47
2015-03-30,38.79,23.39,53.97,0.0,0.47
2015-03-31,38.12,22.57,58.72,0.0,0.47
2015-04-01,37.16,21.59,62.8,0.0,0.47
2015-04-02,37.3,23.22,64.68,0.0,0.47
2015-04-03,37.98,23.21,61.46,0.0,0.47
2015-04-04,38.83,23.77,63.64,0.0,0.46
2015-04-05,39.43,23.51,59.79,0.0,0.46
2015-04-06,39.88,23.25,60.14,0.0,0.46
2015-04-07,40.9,22.54,56.24,0.0,0.46
2015-04-08,41.9,23.33,57.01,0.01,0.46
2015-04-09,40.64,24.54,56.98,0.0,0.46
2015-04-10,40.4,24.13,56.76,0.5,0.46
2015-04-11,39.96,23.55,56.52,0.0,0.46
2015-04-12,38.83,23.56,59.62,4.72,0.47
2015-04-13,39.62,24.61,55.58,0.0,0.47
2015-04-14,36.74,27.31,51.98,0.01,0.47
2015-04-15,38.48,26.24,53.99,0.59,0.46
2015-04-16,40.39,26.26,54.52,0.0,0.46
2015-04-17,39.79,26.09,57.7,0.0,0.46
2015-04-18,36.63,26.52,60.55,0.0,0.46
2015-04-19,40.24,24.96,57.6,0.0,0.46
2015-04-20,40.42,25.78,56.89,0.01,0.46
2015-04-21,39.98,25.72,61.34,0.15,0.46
2015-04-22,39.0,25.82,64.2,1.05,0.46
2015-04-23,37.81,26.18,63.22,2.45,0.46
2015-04-24,34.23,25.95,69.53,3.7,0.47
2015-04-25,37.79,25.2,58.12,1.04,0.47
2015-04-26,38.82,25.7,56.61,1.16,0.47
2015-04-27,37.46,27.16,56.56,0.05,0.47
2015-04-28,38.85,24.91,58.67,1.79,0.47
2015-04-29,39.31,25.17,57.06,0.0,0.47
2015-04-30,38.98,24.2,61.33,0.0,0.47
2015-05-01,39.06,25.45,59.28,0.0,0.46
2015-05-02,38.9,25.71,61.31,0.0,0.46
2015-05-03,39.16,25.63,59.49,0.0,0.46
2015-05-04,39.3,26.27,58.91,0.02,0.46
2015-05-05,37.31,26.63,64.3,0.53,0.46
2015-05-06,38.65,25.91,62.48,1.7,0.46
2015-05-07,40.12,26.11,59.93,0.0,0.46
2015-05-08,39.98,25.78,56.15,0.0,0.46
2015-05-09,39.7,25.93,58.67,0.0,0.46
2015-05-10,40.05,26.61,60.09,0.0,0.46
2015-05-11,40.52,26.63,59.49,0.0,0.46
2015-05-12,40.31,26.18,60.31,0.0,0.46
2015-05-13,38.23,25.93,62.83,0.03,0.46
2015-05-14,41.15,27.88,56.44,0.32,0.46
2015-05-15,38.06,28.51,56.62,0.43,0.46
2015-05-16,36.82,28.27,61.14,0.81,0.46
2015-05-17,33.04,26.61,74.5,7.38,0.47
2015-05-18,31.99,26.08,78.53,3.07,0.48
2015-05-19,33.62,26.09,76.52,8.72,0.48
2015-05-20,34.21,25.27,75.51,2.9,0.49
2015-05-21,31.84,25.69,83.54,6.96,0.49
2015-05-22,30.08,25.52,84.57,8.7,0.51
2015-05-23,34.87,25.93,72.18,0.61,0.51
2015-05-24,35.33,25.72,67.93,0.1,0.51
2015-05-25,36.93,25.88,64.4,0.1,0.5
2015-05-26,38.35,25.64,64.61,0.06,0.5
2015-05-27,36.78,26.93,65.73,0.09,0.49
2015-05-28,34.99,26.9,67.37,0.18,0.49
2015-05-29,33.68,26.37,72.88,2.59,0.49
2015-05-30,34.87,26.23,74.53,3.05,0.49
2015-05-31,34.22,26.05,74.74,1.56,0.49
2015-06-01,32.13,26.07,80.59,3.64,0.5
2015-06-02,32.69,25.96,79.25,0.44,0.5
2015-06-03,35.91,26.16,70.53,0.06,0.49
2015-06-04,35.11,26.31,68.79,0.78,0.49
2015-06-05,36.18,26.09,69.72,0.16,0.49
2015-06-06,36.93,26.2,67.88,0.18,0.49
2015-06-07,37.38,26.86,66.88,0.75,0.48
2015-06-08,32.69,26.67,80.29,13.62,0.49
2015-06-09,32.52,25.85,78.98,8.68,0.52
2015-06-10,35.08,25.38,74.53,4.26,0.52
2015-06-11,37.42,25.1,67.09,1.87,0.52
2015-06-12,34.68,26.02,70.53,0.05,0.51
2015-06-13,33.58,26.18,72.15,0.16,0.51
2015-06-14,35.83,26.12,69.03,0.22,0.51
2015-06-15,33.9,26.14,73.99,4.84,0.51
2015-06-16,31.86,25.48,78.04,1.83,0.51
2015-06-17,33.56,25.12,76.39,0.27,0.51
2015-06-18,32.44,25.96,78.2,0.72,0.51
2015-06-19,33.65,25.92,74.46,0.63,0.5
2015-06-20,32.94,26.06,75.72,3.2,0.5
2015-06-21,33.27,25.6,75.63,1.18,0.51
2015-06-22,33.16,26.2,75.67,3.64,0.51
2015-06-23,32.29,26.48,78.89,16.87,0.53
2015-06-24,32.68,26.47,78.97,19.16,0.54
2015-06-25,29.04,25.71,86.72,11.12,0.58
2015-06-26,29.74,25.8,81.7,10.7,0.58
2015-06-27,28.96,24.85,82.48,11.24,0.6
2015-06-28,29.81,23.91,82.06,1.67,0.6
2015-06-29,30.15,23.68,79.37,0.64,0.6
2015-06-30,32.7,23.82,73.27,0.65,0.59
2015-07-01,34.03,24.51,74.47,2.52,0.59
2015-07-02,34.84,25.37,74.25,3.49,0.59
2015-07-03,33.53,26.51,79.88,8.42,0.59
2015-07-04,32.01,26.47,81.94,7.59,0.6
2015-07-05,30.88,26.3,83.58,7.09,0.61
2015-07-06,32.3,25.86,81.05,3.83,0.61
2015-07-07,32.23,25.79,80.91,4.0,0.61
2015-07-08,32.1,26.13,81.25,8.45,0.61
2015-07-09,31.51,25.22,82.55,21.46,0.64
2015-07-10,33.86,24.78,80.25,0.02,0.64
2015-07-11,31.12,25.27,83.05,0.33,0.64
2015-07-12,34.28,24.67,78.24,4.48,0.63
2015-07-13,33.35,25.45,81.88,18.38,0.65
2015-07-14,31.16,26.04,83.89,0.18,0.65
2015-07-15,32.3,26.02,82.06,1.82,0.65
2015-07-16,31.51,25.8,85.07,12.22,0.65
2015-07-17,30.38,26.0,86.94,8.98,0.66
2015-07-18,30.19,25.74,88.29,14.57,0.68
2015-07-19,30.47,25.16,84.86,2.57,0.68
2015-07-20,30.47,25.31,85.37,2.97,0.68
2015-07-21,28.73,25.1,90.65,21.72,0.7
2015-07-22,30.81,25.1,86.62,2.87,0.71
2015-07-23,30.55,25.31,86.9,5.95,0.71
2015-07-24,30.04,24.7,85.23,2.56,0.71
2015-07-25,30.59,24.8,87.07,10.55,0.71
2015-07-26,28.55,24.95,88.37,22.32,0.74
2015-07-27,31.19,24.63,82.57,10.67,0.75
2015-07-28,28.26,25.2,89.14,8.41,0.75
2015-07-29,29.95,25.19,87.27,12.14,0.76
2015-07-30,28.86,25.31,91.02,20.69,0.78
2015-07-31,28.57,25.59,92.48,4.65,0.79
2015-08-01,28.73,25.08,91.18,3.5,0.79
2015-08-02,28.57,24.43,90.87,13.82,0.8
2015-08-03,28.18,23.82,89.35,4.75,0.81
2015-08-04,28.13,23.99,92.82,5.12,0.81
2015-08-05,29.06,24.53,88.17,0.55,0.81
2015-08-06,30.33,24.61,87.36,1.42,0.8
2015-08-07,30.58,24.94,86.24,1.56,0.79
2015-08-08,31.3,24.76,86.87,0.6,0.79
2015-08-09,32.41,24.88,84.93,0.13,0.78
2015-08-10,29.62,24.58,87.97,0.79,0.77
2015-08-11,31.18,24.48,85.24,0.85,0.77
2015-08-12,30.75,25.3,87.89,7.04,0.76
2015-08-13,29.39,24.67,88.43,2.28,0.77
2015-08-14,30.53,24.06,85.17,4.58,0.76
2015-08-15,32.3,23.68,81.54,1.12,0.76
2015-08-16,31.17,24.07,83.89,4.39,0.75
2015-08-17,31.22,24.48,85.14,0.35,0.75
2015-08-18,30.79,24.66,86.85,2.06,0.74
2015-08-19,29.56,25.1,87.34,0.12,0.74
2015-08-20,29.42,25.12,88.44,1.14,0.73
2015-08-21,27.63,24.8,89.5,4.04,0.73
2015-08-22,29.84,24.44,87.55,1.27,0.73
2015-08-23,30.27,24.89,85.98,3.75,0.73
2015-08-24,30.39,25.21,86.63,3.02,0.73
2015-08-25,30.55,24.9,86.77,4.27,0.72
2015-08-26,30.67,24.75,83.29,1.01,0.72
2015-08-27,30.6,24.25,82.82,1.84,0.71
2015-08-28,31.92,24.3,82.49,1.0,0.7
2015-08-29,32.43,25.06,82.46,2.55,0.7
2015-08-30,31.68,25.22,84.03,5.49,0.7
2015-08-31,31.54,24.96,83.64,1.3,0.69
2015-09-01,32.28,25.24,83.37,1.86,0.69
2015-09-02,31.13,25.4,86.43,1.52,0.68
2015-09-03,32.69,25.11,80.5,0.0,0.67
2015-09-04,31.81,24.71,80.99,0.29,0.67
2015-09-05,28.81,24.6,88.72,2.66,0.66
2015-09-06,29.94,24.48,86.29,1.43,0.66
2015-09-07,30.9,24.75,85.91,1.62,0.66
2015-09-08,29.6,25.02,88.53,1.1,0.66
2015-09-09,30.53,25.38,86.53,0.17,0.65
2015-09-10,30.24,24.77,89.18,2.08,0.65
2015-09-11,31.01,24.68,87.99,3.6,0.65
2015-09-12,30.05,24.74,87.44,2.2,0.65
2015-09-13,29.65,24.67,87.28,1.45,0.65
2015-09-14,32.08,24.36,81.93,0.86,0.65
2015-09-15,30.43,24.86,83.6,1.47,0.64
2015-09-16,31.69,24.7,85.56,3.79,0.64
2015-09-17,32.43,25.68,84.37,7.02,0.64
2015-09-18,28.0,25.13,90.26,10.2,0.66
2015-09-19,30.66,24.89,84.78,0.4,0.65
2015-09-20,32.77,24.27,81.19,0.01,0.65
2015-09-21,32.85,24.55,82.45,0.28,0.64
2015-09-22,30.56,25.09,88.62,6.8,0.64
2015-09-23,31.77,25.31,86.77,5.41,0.65
2015-09-24,31.18,25.4,83.85,0.52,0.65
2015-09-25,33.03,24.83,80.42,0.44,0.64
2015-09-26,33.34,25.02,79.57,0.23,0.63
2015-09-27,33.95,24.88,76.33,0.01,0.62
2015-09-28,33.35,25.17,79.34,1.05,0.62
2015-09-29,31.82,25.23,81.43,0.29,0.61
2015-09-30,31.8,25.21,84.12,3.33,0.61
2015-10-01,32.87,25.24,82.52,1.02,0.61
2015-10-02,32.81,24.87,80.26,0.36,0.61
2015-10-03,32.5,24.92,80.91,3.53,0.6
2015-10-04,31.11,25.31,86.0,1.15,0.6
2015-10-05,32.25,24.55,84.95,3.15,0.6
2015-10-06,30.96,25.09,85.05,2.33,0.6
2015-10-07,31.07,25.13,85.91,2.07,0.6
2015-10-08,31.49,25.03,85.5,2.58,0.6
2015-10-09,30.68,24.83,89.04,7.14,0.6
2015-10-10,29.55,24.66,88.17,5.62,0.61
2015-10-11,29.66,23.77,87.2,7.79,0.62
2015-10-12,29.22,23.08,87.74,0.91,0.62
2015-10-13,31.34,23.33,82.89,0.0,0.61
2015-10-14,32.31,23.65,80.38,0.0,0.6
2015-10-15,33.35,24.09,74.04,0.0,0.6
2015-10-16,35.18,24.05,72.38,0.01,0.59
2015-10-17,35.41,24.53,73.52,1.31,0.58
2015-10-18,34.96,24.78,75.9,5.99,0.59
2015-10-19,35.77,24.78,71.53,0.0,0.58
2015-10-20,35.56,24.3,69.89,0.0,0.57
2015-10-21,35.95,23.79,67.84,0.0,0.57
2015-10-22,35.35,22.77,68.73,0.07,0.56
2015-10-23,35.7,22.26,67.78,0.74,0.56
2015-10-24,35.8,23.11,69.55,0.12,0.55
2015-10-25,35.11,23.95,69.78,0.0,0.55
2015-10-26,35.85,23.85,65.92,0.0,0.54
2015-10-27,35.37,24.26,66.07,0.24,0.54
2015-10-28,33.63,24.23,76.0,5.83,0.54
2015-10-29,30.71,24.69,79.81,1.52,0.54
2015-10-30,34.28,23.17,70.78,1.21,0.54
2015-10-31,32.62,23.85,73.1,2.47,0.54
2015-11-01,32.8,24.71,72.55,0.04,0.54
2015-11-02,34.25,23.84,70.92,2.97,0.54
2015-11-03,33.09,23.97,75.34,0.59,0.54
2015-11-04,35.69,23.58,69.3,0.0,0.53
2015-11-05,35.78,24.18,68.14,0.0,0.53
2015-11-06,35.93,24.22,65.65,0.0,0.53
2015-11-07,36.41,25.15,66.57,0.1,0.52
2015-11-08,34.25,25.09,73.56,3.35,0.52
2015-11-09,34.55,25.31,74.0,4.84,0.53
2015-11-10,30.57,24.99,80.04,3.92,0.53
2015-11-11,34.23,24.37,75.09,2.26,0.53
2015-11-12,34.75,24.64,73.47,0.97,0.53
2015-11-13,35.86,24.66,69.49,0.0,0.53
2015-11-14,36.02,24.62,67.19,0.0,0.52
2015-11-15,36.05,24.15,66.69,0.0,0.52
2015-11-16,36.3,23.57,64.1,0.0,0.51
2015-11-17,36.65,23.48,61.03,0.02,0.51
2015-11-18,36.97,23.6,60.89,0.0,0.51
2015-11-19,35.94,25.23,62.19,0.0,0.5
2015-11-20,36.99,24.2,62.72,0.0,0.5
2015-11-21,37.04,24.88,62.91,0.0,0.5
2015-11-22,36.99,24.38,61.95,0.0,0.49
2015-11-23,36.76,23.52,60.29,0.0,0.49
2015-11-24,36.13,22.88,56.27,0.0,0.49
2015-11-25,36.35,20.01,53.56,0.0,0.48
2015-11-26,36.59,22.02,60.66,1.08,0.48
2015-11-27,35.66,23.55,66.98,0.8,0.48
2015-11-28,35.93,23.3,65.16,0.0,0.48
2015-11-29,36.47,22.73,58.38,0.0,0.48
2015-11-30,36.73,23.41,60.1,0.0,0.47
2015-12-01,35.97,22.63,60.05,0.0,0.47
2015-12-02,36.2,21.9,59.1,0.0,0.47
2015-12-03,36.15,20.57,57.95,0.08,0.47
2015-12-04,31.82,22.25,56.55,4.38,0.47
2015-12-05,34.36,20.38,53.38,0.0,0.47
2015-12-06,34.35,21.47,63.72,1.42,0.47
2015-12-07,34.53,22.2,66.22,0.09,0.47
2015-12-08,35.09,22.21,63.32,0.0,0.47
2015-12-09,34.45,20.95,60.48,0.0,0.47
2015-12-10,33.04,18.46,66.16,0.0,0.47
2015-12-11,33.17,18.65,64.31,0.0,0.47
2015-12-12,33.48,19.4,60.16,0.0,0.47
2015-12-13,34.9,20.41,59.87,0.0,0.46
2015-12-14,35.98,21.45,61.6,0.0,0.46
2015-12-15,36.1,21.54,61.19,0.0,0.46
2015-12-16,35.13,22.01,62.56,0.02,0.46
2015-12-17,34.48,21.76,66.97,3.85,0.46
2015-12-18,34.83,21.52,60.39,0.02,0.47
2015-12-19,34.23,21.5,57.7,0.0,0.47
2015-12-20,34.03,22.63,55.34,0.0,0.47
2015-12-21,33.92,21.19,53.1,0.0,0.47
2015-12-22,34.53,19.63,49.17,0.0,0.46
2015-12-23,35.09,18.81,51.52,0.0,0.46
2015-12-24,34.79,20.32,59.59,0.0,0.46
2015-12-25,35.83,21.05,54.66,0.0,0.46
2015-12-26,35.51,21.2,55.25,0.0,0.46
2015-12-27,35.84,21.38,58.44,0.0,0.46
2015-12-28,35.86,21.28,59.64,0.0,0.46
2015-12-29,35.41,21.11,57.65,0.0,0.46
2015-12-30,34.88,21.3,55.0,0.0,0.46
2015-12-31,34.69,22.63,50.52,0.0,0.46
2016-01-01,34.6,21.48,52.13,0.0,0.46
2016-01-02,34.77,22.28,50.71,0.0,0.46
2016-01-03,33.25,21.14,57.26,0.0,0.46
2016-01-04,32.19,17.92,53.17,0.0,0.46
2016-01-05,33.14,16.11,45.78,0.0,0.46
2016-01-06,33.4,15.96,51.83,0.0,0.46
2016-01-07,33.82,17.57,54.39,0.0,0.46
2016-01-08,33.16,17.54,54.4,0.0,0.46
2016-01-09,30.87,17.44,54.24,0.0,0.46
2016-01-10,32.22,17.1,52.52,0.0,0.46
2016-01-11,32.59,18.32,45.99,0.0,0.46
2016-01-12,32.19,17.13,45.8,0.0,0.46
2016-01-13,32.69,17.03,54.56,0.0,0.46
2016-01-14,31.89,17.84,56.58,0.0,0.46
2016-01-15,32.33,16.32,52.08,0.0,0.46
2016-01-16,31.94,17.12,51.59,0.0,0.46
2016-01-17,32.81,15.9,46.7,0.0,0.46
2016-01-18,32.85,16.4,53.19,0.0,0.46
2016-01-19,34.39,16.05,49.51,0.0,0.46
2016-01-20,35.9,17.26,51.97,0.0,0.46
2016-01-21,36.4,18.42,52.97,0.0,0.46
2016-01-22,35.91,21.17,56.85,0.0,0.46
2016-01-23,35.16,20.49,59.08,0.0,0.46
2016-01-24,34.49,20.25,48.83,2.03,0.46
2016-01-25,28.01,16.09,60.47,11.56,0.47
2016-01-26,22.69,14.57,82.14,16.32,0.51
2016-01-27,28.64,15.28,78.37,0.75,0.51
2016-01-28,31.4,17.98,63.92,0.0,0.5
2016-01-29,31.79,15.91,66.84,0.0,0.5
2016-01-30,32.47,16.92,65.53,0.0,0.5
2016-01-31,32.34,16.48,63.11,0.0,0.49
2016-02-01,33.17,16.44,59.61,0.0,0.49
2016-02-02,35.46,16.16,58.82,0.0,0.49
2016-02-03,34.39,15.9,58.82,0.0,0.49
2016-02-04,33.86,17.14,58.84,0.0,0.48
2016-02-05,33.73,17.19,60.42,0.0,0.48
2016-02-06,34.85,16.73,61.25,0.0,0.48
2016-02-07,31.41,19.54,53.29,0.0,0.47
2016-02-08,31.49,17.62,45.06,0.0,0.47
2016-02-09,32.21,14.73,48.17,0.0,0.47
2016-02-10,32.71,18.17,56.51,0.0,0.47
2016-02-11,33.4,18.4,63.99,0.0,0.47
2016-02-12,34.04,17.58,61.77,0.0,0.47
2016-02-13,35.31,18.19,59.82,0.0,0.47
2016-02-14,36.34,18.57,58.79,0.0,0.46
2016-02-15,37.45,18.46,55.61,0.0,0.46
2016-02-16,38.48,19.69,52.42,0.0,0.46
2016-02-17,38.35,19.03,44.73,0.0,0.46
2016-02-18,38.68,19.29,50.95,0.0,0.46
2016-02-19,37.76,20.5,57.28,0.0,0.46
2016-02-20,37.82,19.75,59.85,0.0,0.46
2016-02-21,37.49,20.62,61.76,0.0,0.46
2016-02-22,37.41,20.47,57.87,0.0,0.46
2016-02-23,37.07,21.49,58.88,0.0,0.46
2016-02-24,37.79,21.16,54.87,0.0,0.46
2016-02-25,37.56,20.89,54.47,0.88,0.46
2016-02-26,37.07,22.26,51.77,0.69,0.46
2016-02-27,37.04,23.07,54.83,0.39,0.46
2016-02-28,36.87,23.23,51.99,0.07,0.46
2016-02-29,36.92,23.81,54.87,2.27,0.46
2016-03-01,35.3,23.61,58.25,0.0,0.46
2016-03-02,37.7,23.34,50.27,0.0,0.46
2016-03-03,38.52,23.21,46.69,0.0,0.46
2016-03-04,37.05,22.69,51.74,0.0,0.46
2016-03-05,38.11,21.73,54.51,0.0,0.46
2016-03-06,38.48,21.05,57.02,0.0,0.46
2016-03-07,39.1,22.07,56.89,0.0,0.46
2016-03-08,38.57,20.81,60.0,0.0,0.46
2016-03-09,38.05,21.76,62.69,0.0,0.46
2016-03-10,37.81,22.63,57.83,0.0,0.46
2016-03-11,39.67,21.45,55.88,0.0,0.46
2016-03-12,39.28,21.79,60.59,0.0,0.46
2016-03-13,39.08,22.22,60.83,0.0,0.46
2016-03-14,39.77,22.84,59.09,0.0,0.46
2016-03-15,38.45,22.86,58.52,0.0,0.46
2016-03-16,38.8,21.43,59.66,0.0,0.46
2016-03-17,39.26,22.44,57.57,0.0,0.46
2016-03-18,38.75,22.5,58.03,0.0,0.46
2016-03-19,38.95,21.91,54.65,0.0,0.46
2016-03-20,38.85,23.11,60.05,0.0,0.46
2016-03-21,39.17,22.76,61.56,0.12,0.46
2016-03-22,38.5,23.35,64.47,0.0,0.46
2016-03-23,38.19,23.67,62.44,0.0,0.46
2016-03-24,38.97,24.15,55.19,0.0,0.46
2016-03-25,40.98,24.17,55.31,0.0,0.46
2016-03-26,40.06,24.08,56.56,0.0,0.46
2016-03-27,39.08,22.79,57.03,0.62,0.46
2016-03-28,36.31,23.28,60.25,0.46,0.46
2016-03-29,36.33,23.25,58.22,0.01,0.46
2016-03-30,38.27,23.05,58.8,0.0,0.46
2016-03-31,38.65,22.18,58.39,0.1,0.46
2016-04-01,37.47,22.77,58.94,0.0,0.46
2016-04-02,38.47,24.07,57.86,0.0,0.46
2016-04-03,39.84,22.66,58.59,0.0,0.46
2016-04-04,40.71,23.64,55.89,0.0,0.46
2016-04-05,39.93,24.13,57.18,0.0,0.46
2016-04-06,39.06,24.1,61.44,0.0,0.46
2016-04-07,40.25,25.37,59.89,0.0,0.46
2016-04-08,40.93,24.68,60.85,0.0,0.46
2016-04-09,40.42,24.95,61.33,0.0,0.46
2016-04-10,41.07,24.53,59.15,0.11,0.46
2016-04-11,41.51,24.3,59.96,0.0,0.46
2016-04-12,40.08,25.35,61.7,0.0,0.46
2016-04-13,39.8,25.75,59.84,0.0,0.46
2016-04-14,40.52,25.82,59.82,0.0,0.46
2016-04-15,41.82,25.32,58.76,0.0,0.46
2016-04-16,41.61,25.41,59.83,0.0,0.46
2016-04-17,42.25,25.24,59.85,0.0,0.46
2016-04-18,42.2,25.48,58.31,0.0,0.46
2016-04-19,42.74,24.73,56.55,0.08,0.46
2016-04-20,41.39,24.95,57.78,0.0,0.46
2016-04-21,40.97,25.11,59.58,0.0,0.46
2016-04-22,39.62,26.49,60.3,0.0,0.46
2016-04-23,38.41,26.85,60.95,0.0,0.46
2016-04-24,40.29,27.6,56.55,0.0,0.46
2016-04-25,40.49,27.14,56.74,0.0,0.46
2016-04-26,41.13,26.88,57.34,0.0,0.46
2016-04-27,41.13,25.68,58.42,0.0,0.46
2016-04-28,41.17,26.5,60.48,0.04,0.46
2016-04-29,39.97,26.69,63.56,0.59,0.46
2016-04-30,40.42,26.32,64.06,4.2,0.46
2016-05-01,39.75,25.99,64.57,0.38,0.47
2016-05-02,39.71,26.46,62.08,0.72,0.47
2016-05-03,40.16,25.77,59.38,0.06,0.46
2016-05-04,39.81,25.91,58.38,0.09,0.46
2016-05-05,40.81,25.29,55.52,0.03,0.46
2016-05-06,40.42,26.06,56.31,0.0,0.46
2016-05-07,42.18,25.52,54.92,0.0,0.46
2016-05-08,41.72,26.69,55.06,0.0,0.46
2016-05-09,41.97,26.58,53.52,0.0,0.46
2016-05-10,41.99,26.5,56.15,0.0,0.46
2016-05-11,41.29,26.46,59.85,0.0,0.46
2016-05-12,40.8,26.77,61.12,0.02,0.46
2016-05-13,38.95,27.22,58.39,0.08,0.46
2016-05-14,42.94,27.39,49.97,0.31,0.46
2016-05-15,43.15,27.79,47.68,0.21,0.46
2016-05-16,42.7,28.0,50.15,0.31,0.46
2016-05-17,39.79,28.09,56.48,0.59,0.46
2016-05-18,37.62,28.44,57.17,0.23,0.46
2016-05-19,35.22,28.28,65.21,1.48,0.46
2016-05-20,33.27,27.38,67.24,1.3,0.46
2016-05-21,33.09,27.77,72.6,5.05,0.47
2016-05-22,36.23,26.92,68.02,2.23,0.47
2016-05-23,32.65,27.37,71.32,2.14,0.47
2016-05-24,34.05,26.89,72.53,2.15,0.48
2016-05-25,33.2,27.27,75.12,1.37,0.47
2016-05-26,37.58,27.09,66.0,0.68,0.47
2016-05-27,38.51,26.97,60.87,0.54,0.47
2016-05-28,36.5,27.02,65.9,0.08,0.47
2016-05-29,35.19,27.38,61.64,0.23,0.47
2016-05-30,37.02,26.22,62.06,1.91,0.47
2016-05-31,35.65,27.13,65.38,1.64,0.47
2016-06-01,35.07,26.19,71.79,3.03,0.47
2016-06-02,34.72,26.23,69.76,2.86,0.47
2016-06-03,36.62,26.44,68.4,1.56,0.47
2016-06-04,31.36,26.45,80.26,8.88,0.48
2016-06-05,32.22,25.95,79.38,3.84,0.49
2016-06-06,33.43,25.83,76.25,1.96,0.49
2016-06-07,31.79,25.86,80.15,7.15,0.5
2016-06-08,35.31,25.23,73.77,4.82,0.5
2016-06-09,32.48,26.14,75.73,1.17,0.5
2016-06-10,31.21,26.38,84.16,23.43,0.52
2016-06-11,30.94,26.39,86.1,20.09,0.56
2016-06-12,30.99,25.85,84.0,6.24,0.58
2016-06-13,30.38,25.38,82.92,4.95,0.58
2016-06-14,29.41,25.18,85.99,6.69,0.59
2016-06-15,30.12,25.87,85.43,3.54,0.59
2016-06-16,30.33,25.72,83.15,2.39,0.59
2016-06-17,31.92,25.09,83.6,5.91,0.59
2016-06-18,31.69,25.1,79.56,0.55,0.6
2016-06-19,34.84,24.24,73.62,0.63,0.59
2016-06-20,33.27,24.76,75.0,0.26,0.58
2016-06-21,35.17,25.19,73.77,8.61,0.58
2016-06-22,31.76,25.43,82.96,34.11,0.63
2016-06-23,33.84,24.98,77.17,1.02,0.64
2016-06-24,32.29,25.26,82.56,5.43,0.64
2016-06-25,30.27,25.79,86.96,6.46,0.64
2016-06-26,30.58,25.73,87.5,1.92,0.64
2016-06-27,30.33,26.16,87.93,0.16,0.64
2016-06-28,32.17,26.1,83.65,0.19,0.64
2016-06-29,32.22,25.72,83.76,0.61,0.63
2016-06-30,30.96,25.9,87.1,7.63,0.63
2016-07-01,31.04,25.75,83.68,5.6,0.64
2016-07-02,31.98,25.7,84.15,12.93,0.65
2016-07-03,31.5,26.04,85.93,14.87,0.66
2016-07-04,32.05,25.43,82.74,3.56,0.67
2016-07-05,30.95,25.36,85.79,14.59,0.68
2016-07-06,32.57,25.56,82.85,3.31,0.69
2016-07-07,30.03,25.29,85.21,4.55,0.69
2016-07-08,29.23,25.33,88.4,5.64,0.69
2016-07-09,31.04,25.77,84.79,6.33,0.69
2016-07-10,29.82,25.78,86.22,5.15,0.69
2016-07-11,31.73,25.67,83.76,9.48,0.7
2016-07-12,31.86,25.73,83.66,2.08,0.7
2016-07-13,31.22,26.04,86.4,3.64,0.7
2016-07-14,29.79,25.51,88.94,12.97,0.71
2016-07-15,30.71,24.98,82.64,2.07,0.71
2016-07-16,29.56,24.55,87.11,24.97,0.72
2016-07-17,30.66,24.71,84.72,0.64,0.74
2016-07-18,32.17,24.73,82.0,0.32,0.73
2016-07-19,31.03,24.89,85.02,3.19,0.73
2016-07-20,31.59,24.89,83.85,2.32,0.72
2016-07-21,30.81,24.81,84.86,2.34,0.72
2016-07-22,30.67,24.45,86.09,7.19,0.72
2016-07-23,30.86,24.89,86.06,2.63,0.72
2016-07-24,31.74,24.6,82.9,3.67,0.72
2016-07-25,29.91,24.38,81.84,0.8,0.72
2016-07-26,33.67,23.81,75.57,1.22,0.71
2016-07-27,31.74,24.94,83.67,8.51,0.71
2016-07-28,30.54,25.29,85.15,2.55,0.71
2016-07-29,29.44,25.39,88.44,6.1,0.71
2016-07-30,29.36,25.07,87.06,10.06,0.71
2016-07-31,29.87,25.02,86.91,3.63,0.72
2016-08-01,31.56,25.01,84.03,1.83,0.72
2016-08-02,31.18,25.68,85.87,1.48,0.71
2016-08-03,29.32,25.43,89.52,4.92,0.71
2016-08-04,29.74,25.23,88.55,4.49,0.72
2016-08-05,29.98,24.89,88.73,3.75,0.72
2016-08-06,30.58,24.74,85.46,0.83,0.71
2016-08-07,29.65,24.47,84.89,0.68,0.71
2016-08-08,30.81,24.43,83.39,2.25,0.7
2016-08-09,31.3,24.48,81.23,1.56,0.7
2016-08-10,32.48,24.72,81.86,0.95,0.69
2016-08-11,30.99,25.76,85.76,1.51,0.68
2016-08-12,29.8,25.98,89.18,2.46,0.68
2016-08-13,30.74,25.48,85.81,4.02,0.68
2016-08-14,28.31,25.11,85.92,5.39,0.69
2016-08-15,29.71,25.24,87.52,3.87,0.69
2016-08-16,31.0,24.93,83.77,7.42,0.69
2016-08-17,31.29,25.15,85.0,3.24,0.69
2016-08-18,32.17,25.66,84.27,4.04,0.69
2016-08-19,32.41,25.38,84.19,2.23,0.69
2016-08-20,31.42,25.81,84.12,1.73,0.68
2016-08-21,32.29,25.58,83.2,2.64,0.68
2016-08-22,33.39,24.81,80.58,3.04,0.67
2016-08-23,31.03,25.52,85.53,9.64,0.68
2016-08-24,30.76,25.1,86.09,1.0,0.68
2016-08-25,33.37,24.85,80.06,0.7,0.67
2016-08-26,31.15,25.48,85.08,3.39,0.67
2016-08-27,32.0,25.07,82.38,0.53,0.66
2016-08-28,31.73,25.58,84.1,3.17,0.66
2016-08-29,30.85,25.42,84.77,1.3,0.66
2016-08-30,30.35,24.83,85.38,0.96,0.65
2016-08-31,31.52,24.32,84.49,3.48,0.65
2016-09-01,29.44,25.31,89.41,3.72,0.65
2016-09-02,30.91,25.19,86.0,1.39,0.65
2016-09-03,29.07,25.43,85.99,1.57,0.65
2016-09-04,29.9,25.14,89.21,4.57,0.65
2016-09-05,30.49,25.17,87.12,0.36,0.65
2016-09-06,30.13,24.78,87.4,0.8,0.65
2016-09-07,32.87,24.19,78.41,0.54,0.64
2016-09-08,31.02,24.22,82.33,1.19,0.63
2016-09-09,32.08,24.65,83.73,3.63,0.63
2016-09-10,31.68,24.99,82.52,2.68,0.63
2016-09-11,29.48,24.27,86.23,9.4,0.64
2016-09-12,33.25,23.52,77.67,4.25,0.64
2016-09-13,31.29,24.01,79.71,8.09,0.64
2016-09-14,29.76,24.32,86.12,7.76,0.64
2016-09-15,31.88,24.77,83.25,1.41,0.65
2016-09-16,32.5,24.66,82.12,0.28,0.64
2016-09-17,33.17,25.2,82.8,0.26,0.63
2016-09-18,30.28,25.6,87.36,1.14,0.63
2016-09-19,33.34,24.8,80.15,2.42,0.63
2016-09-20,31.23,25.12,84.17,4.81,0.63
2016-09-21,31.62,24.59,83.76,2.68,0.63
2016-09-22,29.1,24.05,86.65,0.31,0.63
2016-09-23,30.28,23.38,83.03,0.22,0.62
2016-09-24,32.52,24.71,81.47,1.7,0.62
2016-09-25,29.24,25.0,89.82,5.02,0.62
2016-09-26,30.96,24.77,85.43,2.01,0.62
2016-09-27,31.65,24.7,81.72,0.35,0.62
2016-09-28,33.12,25.05,80.86,0.18,0.61
2016-09-29,30.14,24.93,87.61,4.41,0.61
2016-09-30,32.17,24.76,82.18,1.82,0.61
2016-10-01,32.14,24.36,81.33,3.73,0.61
2016-10-02,31.64,24.3,82.99,2.1,0.61
2016-10-03,29.7,25.23,90.08,12.34,0.61
2016-10-04,30.11,24.69,88.01,8.64,0.63
2016-10-05,30.98,24.3,85.99,5.99,0.63
2016-10-06,29.07,24.49,87.12,1.79,0.64
2016-10-07,30.4,23.87,87.78,2.34,0.63
2016-10-08,30.51,24.11,86.03,0.41,0.63
2016-10-09,30.38,24.18,86.66,2.52,0.63
2016-10-10,31.67,24.38,82.41,0.23,0.62
2016-10-11,33.74,24.07,77.07,0.9,0.62
2016-10-12,33.47,23.8,82.22,6.18,0.62
2016-10-13,32.4,24.97,80.91,1.72,0.61
2016-10-14,32.46,25.61,80.36,0.88,0.61
2016-10-15,31.55,25.67,82.6,2.27,0.61
2016-10-16,31.85,25.37,84.97,3.36,0.61
2016-10-17,31.83,25.07,79.89,0.69,0.61
2016-10-18,34.22,24.38,75.07,0.04,0.6
2016-10-19,34.6,24.79,76.99,0.52,0.59
2016-10-20,33.83,24.98,78.12,1.23,0.59
2016-10-21,33.59,24.37,79.1,0.21,0.58
2016-10-22,32.54,25.21,80.0,0.28,0.58
2016-10-23,32.4,25.63,82.31,0.89,0.58
2016-10-24,28.71,24.67,86.9,4.53,0.57
2016-10-25,31.39,24.09,81.63,5.06,0.58
2016-10-26,32.05,23.54,81.11,3.3,0.58
2016-10-27,29.68,23.89,85.13,7.18,0.58
2016-10-28,30.67,24.29,86.41,15.57,0.6
2016-10-29,32.05,24.0,77.26,1.21,0.61
2016-10-30,31.95,23.44,77.88,0.32,0.6
2016-10-31,30.58,24.51,78.25,0.08,0.6
2016-11-01,32.47,23.76,77.47,0.72,0.59
2016-11-02,30.78,23.3,83.91,0.81,0.59
2016-11-03,32.44,23.26,75.77,0.24,0.58
2016-11-04,33.72,21.96,73.5,0.07,0.58
2016-11-05,33.94,22.37,77.04,0.32,0.57
2016-11-06,32.92,24.48,78.98,0.2,0.57
2016-11-07,32.98,24.46,79.61,0.74,0.56
2016-11-08,32.73,24.87,81.61,4.43,0.56
2016-11-09,32.41,25.15,82.46,6.78,0.57
2016-11-10,32.17,24.24,82.69,2.87,0.57
2016-11-11,30.69,24.86,83.91,0.96,0.57
2016-11-12,33.84,25.02,73.27,0.0,0.57
2016-11-13,34.97,23.83,72.56,0.0,0.56
2016-11-14,35.41,23.75,71.96,0.0,0.56
2016-11-15,35.32,23.87,70.14,0.33,0.55
2016-11-16,35.28,23.89,70.81,0.0,0.55
2016-11-17,35.02,24.57,72.13,0.0,0.54
2016-11-18,35.54,23.64,66.29,0.0,0.54
2016-11-19,35.32,22.24,66.52,0.0,0.54
2016-11-20,35.39,23.06,64.32,0.0,0.53
2016-11-21,34.89,21.36,66.44,0.0,0.53
2016-11-22,34.62,21.14,65.36,0.0,0.52
2016-11-23,34.02,20.05,57.01,0.0,0.52
2016-11-24,33.89,18.06,58.41,0.0,0.52
2016-11-25,34.5,18.44,65.36,0.01,0.51
2016-11-26,34.16,19.29,68.73,0.4,0.51
2016-11-27,34.3,19.77,68.61,0.04,0.51
2016-11-28,34.06,20.66,68.88,0.0,0.5
2016-11-29,33.95,22.5,69.65,0.03,0.5
2016-11-30,34.69,23.0,67.7,0.07,0.5
2016-12-01,34.85,21.49,67.74,0.0,0.5
2016-12-02,35.39,21.04,65.82,0.0,0.49
2016-12-03,34.17,22.28,66.42,0.0,0.49
2016-12-04,35.36,23.71,64.83,0.0,0.49
2016-12-05,34.49,22.66,67.6,0.01,0.49
2016-12-06,33.64,23.77,66.44,0.51,0.49
2016-12-07,33.45,22.72,61.58,0.09,0.48
2016-12-08,29.09,23.07,69.98,0.06,0.48
2016-12-09,32.19,22.28,67.66,0.42,0.48
2016-12-10,34.56,21.84,65.44,0.03,0.48
2016-12-11,34.48,21.98,66.06,0.0,0.48
2016-12-12,34.2,23.44,68.6,0.0,0.47
2016-12-13,33.51,23.06,68.75,0.0,0.47
2016-12-14,35.86,23.19,64.39,0.0,0.47
2016-12-15,36.06,22.07,55.26,0.02,0.47
2016-12-16,33.07,21.73,62.82,0.2,0.47
2016-12-17,32.97,20.63,59.37,0.03,0.47
2016-12-18,35.11,21.54,59.01,0.0,0.47
2016-12-19,35.52,21.99,59.34,0.0,0.47
2016-12-20,34.12,21.14,65.15,0.0,0.47
2016-12-21,33.08,18.76,64.1,0.0,0.47
2016-12-22,34.41,18.1,59.62,0.0,0.46
2016-12-23,34.59,19.07,63.59,0.01,0.46
2016-12-24,34.74,21.74,61.99,0.0,0.46
2016-12-25,35.99,22.94,58.28,0.0,0.46
2016-12-26,35.99,23.09,57.91,0.0,0.46
2016-12-27,35.91,23.04,56.36,0.0,0.46
2016-12-28,35.19,22.69,55.6,0.0,0.46
2016-12-29,35.5,22.37,55.71,0.0,0.46
2016-12-30,33.71,20.51,55.09,0.0,0.46
2016-12-31,34.46,18.78,51.98,0.0,0.46
2017-01-01,34.53,21.37,56.08,0.0,0.46
2017-01-02,34.05,22.8,59.05,0.01,0.46
2017-01-03,33.87,23.3,63.42,2.13,0.46
2017-01-04,33.61,21.55,66.55,0.72,0.46
2017-01-05,32.59,23.49,68.27,1.72,0.47
2017-01-06,34.02,22.48,61.12,0.52,0.47
2017-01-07,35.2,22.38,53.43,0.0,0.46
2017-01-08,35.64,21.4,50.21,0.0,0.46
2017-01-09,35.74,21.33,50.65,0.05,0.46
2017-01-10,33.6,22.74,62.19,4.4,0.47
2017-01-11,31.69,22.81,63.24,1.13,0.47
2017-01-12,32.93,19.08,50.55,0.04,0.47
2017-01-13,32.28,16.4,48.74,0.0,0.47
2017-01-14,33.18,16.87,54.86,0.0,0.47
2017-01-15,34.08,17.26,54.67,0.0,0.46
2017-01-16,34.56,17.86,59.75,0.0,0.46
2017-01-17,35.16,17.99,57.74,0.0,0.46
2017-01-18,35.0,19.92,51.25,0.03,0.46
2017-01-19,37.44,22.25,45.63,0.0,0.46
2017-01-20,37.56,23.97,43.96,0.0,0.46
2017-01-21,37.21,22.07,47.08,0.0,0.46
2017-01-22,36.42,23.98,54.77,0.0,0.46
2017-01-23,36.0,23.02,53.39,0.0,0.46
2017-01-24,35.72,23.63,52.57,0.0,0.46
2017-01-25,36.53,21.37,50.64,0.0,0.46
2017-01-26,36.75,22.06,48.0,0.0,0.46
2017-01-27,36.57,22.2,49.39,0.0,0.46
2017-01-28,35.69,21.85,51.4,0.0,0.46
2017-01-29,35.79,19.41,55.14,0.0,0.46
2017-01-30,35.91,19.74,50.67,0.0,0.46
2017-01-31,34.97,19.54,57.75,0.0,0.46
2017-02-01,35.93,18.97,55.35,0.0,0.46
2017-02-02,35.89,20.61,52.08,0.0,0.46
2017-02-03,35.12,20.44,52.18,0.0,0.46
2017-02-04,36.37,18.51,43.15,0.0,0.46
2017-02-05,37.09,19.62,54.67,0.0,0.46
2017-02-06,36.28,19.53,56.25,0.0,0.46
2017-02-07,34.23,18.73,61.12,0.0,0.46
2017-02-08,35.46,18.54,55.2,0.0,0.46
2017-02-09,36.94,19.39,51.83,0.0,0.46
2017-02-10,36.79,20.01,54.06,0.0,0.46
2017-02-11,37.02,19.77,50.35,0.0,0.46
2017-02-12,36.87,22.22,44.37,0.0,0.46
2017-02-13,36.55,22.33,46.95,0.0,0.46
2017-02-14,36.48,22.44,47.34,0.0,0.46
2017-02-15,35.17,21.88,50.27,0.0,0.46
2017-02-16,36.21,22.32,48.21,0.0,0.46
2017-02-17,37.17,21.48,45.89,0.0,0.46
2017-02-18,37.19,21.19,46.52,0.0,0.46
2017-02-19,36.83,21.45,46.81,0.0,0.46
2017-02-20,35.26,20.43,53.4,0.0,0.46
2017-02-21,35.92,20.27,56.69,0.0,0.46
2017-02-22,36.31,20.42,60.61,0.0,0.46
2017-02-23,37.64,19.85,61.46,0.0,0.46
2017-02-24,38.58,19.34,61.73,0.0,0.46
2017-02-25,37.2,20.39,59.91,0.0,0.46
2017-02-26,36.48,18.57,50.68,0.12,0.46
2017-02-27,36.87,18.6,49.9,0.0,0.46
2017-02-28,38.23,18.62,47.09,0.0,0.46
2017-03-01,38.06,20.12,45.29,0.0,0.46
2017-03-02,38.88,19.88,47.45,0.0,0.46
2017-03-03,38.96,20.45,47.25,0.0,0.46
2017-03-04,38.01,20.69,54.72,0.0,0.46
2017-03-05,37.59,19.5,52.39,0.0,0.46
2017-03-06,38.26,19.82,56.35,0.0,0.46
2017-03-07,37.81,22.24,61.61,0.0,0.46
2017-03-08,39.43,22.3,59.73,0.01,0.46
2017-03-09,38.52,23.07,62.68,0.13,0.46
2017-03-10,38.59,22.9,62.85,0.38,0.46
2017-03-11,38.93,22.46,63.61,0.75,0.46
2017-03-12,37.69,22.91,64.37,0.19,0.46
2017-03-13,37.05,22.06,65.65,0.0,0.46
2017-03-14,37.23,20.85,55.23,0.0,0.46
2017-03-15,37.48,19.98,54.11,0.0,0.46
2017-03-16,37.5,19.95,49.93,0.0,0.46
2017-03-17,37.01,19.19,48.45,0.0,0.46
2017-03-18,37.78,19.78,56.38,0.0,0.46
2017-03-19,37.98,19.97,58.46,0.0,0.46
2017-03-20,37.37,20.59,61.65,0.01,0.46
2017-03-21,35.71,21.75,62.3,0.0,0.46
2017-03-22,37.94,20.43,51.61,0.0,0.46
2017-03-23,39.78,21.2,47.82,0.0,0.46
2017-03-24,40.0,21.36,53.02,0.0,0.46
2017-03-25,38.83,21.05,57.57,0.0,0.46
2017-03-26,39.8,20.58,59.32,0.53,0.46
2017-03-27,40.98,22.51,54.99,0.0,0.46
2017-03-28,39.82,23.55,53.86,0.1,0.46
2017-03-29,39.69,22.58,53.2,0.04,0.46
2017-03-30,39.32,22.11,59.18,0.0,0.46
2017-03-31,39.98,23.12,60.14,0.11,0.46
2017-04-01,39.11,23.56,65.92,2.38,0.46
2017-04-02,39.42,23.43,56.94,0.05,0.46
2017-04-03,39.5,24.22,53.62,0.11,0.46
2017-04-04,40.17,24.11,56.22,0.0,0.46
2017-04-05,39.42,24.15,56.95,0.0,0.46
2017-04-06,40.85,23.45,52.31,0.0,0.46
2017-04-07,41.02,24.34,58.19,0.0,0.46
2017-04-08,41.6,24.8,57.97,0.02,0.46
2017-04-09,40.11,26.17,62.72,0.1,0.46
2017-04-10,40.11,26.14,61.89,0.03,0.46
2017-04-11,40.3,25.34,59.81,0.0,0.46
2017-04-12,40.98,25.43,59.24,0.12,0.46
2017-04-13,40.1,25.07,54.9,0.46,0.46
2017-04-14,38.48,25.86,54.51,6.16,0.46
2017-04-15,34.32,24.6,61.06,2.11,0.47
2017-04-16,32.07,23.84,78.53,5.79,0.47
2017-04-17,36.22,25.21,69.19,2.13,0.48
2017-04-18,37.5,23.9,62.33,0.0,0.48
2017-04-19,37.97,24.05,62.75,0.13,0.47
2017-04-20,38.16,23.2,62.1,0.39,0.47
2017-04-21,37.82,24.75,63.59,0.11,0.47
2017-04-22,39.33,23.93,61.89,0.13,0.47
2017-04-23,38.42,24.13,62.44,0.06,0.47
2017-04-24,38.28,25.65,61.92,0.15,0.46
2017-04-25,38.17,25.57,62.99,0.0,0.46
2017-04-26,40.15,25.47,59.68,0.01,0.46
2017-04-27,40.51,25.08,62.06,0.25,0.46
2017-04-28,39.28,25.7,65.6,3.9,0.47
2017-04-29,39.22,25.86,61.81,0.0,0.47
2017-04-30,38.75,26.52,59.03,0.1,0.47
2017-05-01,39.33,26.14,59.7,1.16,0.47
2017-05-02,38.97,26.29,61.83,0.0,0.47
2017-05-03,40.0,26.51,58.04,0.2,0.46
2017-05-04,41.56,26.73,58.41,1.71,0.46
2017-05-05,40.03,27.03,59.05,1.44,0.47
2017-05-06,40.34,26.9,55.31,0.08,0.47
2017-05-07,39.53,25.29,57.4,0.12,0.46
2017-05-08,38.15,26.34,61.41,0.97,0.46
2017-05-09,39.53,26.44,60.48,5.17,0.47
2017-05-10,38.5,26.72,63.18,2.87,0.47
2017-05-11,38.39,26.66,60.52,0.76,0.47
2017-05-12,36.6,27.75,68.37,6.55,0.47
2017-05-13,30.68,26.11,84.58,3.17,0.48
2017-05-14,36.03,25.34,68.34,0.3,0.48
2017-05-15,35.08,27.05,72.0,1.39,0.48
2017-05-16,34.4,26.74,77.44,3.81,0.48
2017-05-17,36.61,25.96,72.42,5.08,0.49
2017-05-18,33.67,27.16,79.88,2.48,0.49
2017-05-19,32.26,27.6,83.43,2.39,0.49
2017-05-20,35.3,26.86,71.88,0.0,0.49
2017-05-21,36.32,27.14,71.21,0.0,0.48
2017-05-22,36.55,27.44,70.94,0.0,0.48
2017-05-23,36.73,27.49,69.24,0.0,0.48
2017-05-24,35.75,27.83,71.22,0.57,0.48
2017-05-25,34.72,27.54,76.11,4.6,0.48
2017-05-26,34.73,26.62,77.84,2.13,0.48
2017-05-27,33.11,26.99,80.05,3.36,0.48
2017-05-28,31.24,27.02,86.52,5.27,0.49
2017-05-29,31.5,26.26,82.36,5.33,0.5
2017-05-30,32.92,25.64,74.37,3.38,0.5
2017-05-31,34.56,26.13,73.43,1.42,0.5
2017-06-01,34.08,25.73,76.01,4.17,0.5
2017-06-02,33.52,26.3,77.04,1.63,0.5
2017-06-03,34.41,26.75,75.44,0.78,0.5
2017-06-04,34.02,26.99,76.07,3.97,0.5
2017-06-05,33.49,26.7,76.88,0.92,0.5
2017-06-06,34.58,25.53,72.85,9.17,0.5
2017-06-07,35.08,25.04,72.47,1.53,0.51
2017-06-08,33.17,26.01,75.26,1.06,0.51
2017-06-09,33.43,26.63,79.84,5.71,0.51
2017-06-10,30.54,26.62,86.13,7.22,0.52
2017-06-11,31.63,26.58,81.21,6.3,0.53
2017-06-12,32.68,26.04,77.64,2.8,0.53
2017-06-13,31.43,26.51,82.92,7.29,0.53
2017-06-14,31.36,25.95,82.76,8.63,0.55
2017-06-15,32.6,25.42,77.17,0.87,0.55
2017-06-16,33.08,26.36,76.64,1.58,0.55
2017-06-17,32.55,26.5,80.63,6.5,0.55
2017-06-18,31.11,26.18,83.71,11.28,0.56
2017-06-19,32.67,25.65,79.7,6.7,0.58
2017-06-20,34.13,24.92,75.47,8.32,0.58
2017-06-21,31.17,26.04,82.74,4.82,0.59
2017-06-22,32.5,26.17,81.31,4.26,0.59
2017-06-23,30.61,25.75,83.34,2.25,0.59
2017-06-24,31.2,25.65,82.98,2.01,0.59
2017-06-25,31.84,25.48,81.14,1.65,0.59
2017-06-26,30.94,25.41,80.87,0.57,0.59
2017-06-27,32.78,24.8,77.88,0.97,0.58
2017-06-28,32.98,25.33,81.15,2.58,0.58
2017-06-29,31.2,25.58,81.46,2.78,0.58
2017-06-30,31.9,25.43,82.56,5.62,0.59
2017-07-01,31.45,25.48,81.6,2.23,0.59
2017-07-02,32.49,25.6,79.02,4.07,0.59
2017-07-03,30.64,25.54,81.15,7.08,0.59
2017-07-04,30.47,25.02,83.52,10.22,0.6
2017-07-05,30.32,24.91,80.55,1.32,0.61
2017-07-06,30.91,24.6,83.71,0.24,0.6
2017-07-07,30.84,24.82,82.16,0.34,0.6
2017-07-08,33.12,24.99,80.1,1.11,0.6
2017-07-09,33.0,24.94,81.32,6.5,0.59
2017-07-10,31.71,25.0,83.54,18.26,0.62
2017-07-11,30.03,24.85,84.11,3.15,0.63
2017-07-12,29.29,24.14,82.68,3.22,0.63
2017-07-13,29.92,24.62,84.5,7.28,0.63
2017-07-14,29.48,24.66,88.58,4.53,0.63
2017-07-15,30.14,25.06,85.65,2.99,0.64
2017-07-16,30.47,25.65,87.26,8.08,0.64
2017-07-17,30.92,25.3,86.59,19.65,0.66
2017-07-18,30.13,25.33,86.46,7.42,0.68
2017-07-19,30.25,25.64,88.03,7.17,0.68
2017-07-20,29.26,25.29,89.92,91.64,0.75
2017-07-21,29.08,24.9,88.04,4.2,0.78
2017-07-22,29.02,24.86,88.63,2.35,0.77
2017-07-23,29.04,24.87,90.03,5.89,0.77
2017-07-24,31.4,24.86,84.71,2.55,0.77
2017-07-25,31.08,24.87,88.37,13.67,0.77
2017-07-26,28.89,25.05,90.31,3.77,0.78
2017-07-27,27.98,24.9,91.33,0.84,0.78
2017-07-28,30.96,24.41,83.84,0.62,0.77
2017-07-29,31.28,23.85,84.06,2.29,0.77
2017-07-30,32.5,24.74,80.88,3.5,0.76
2017-07-31,31.65,25.08,85.21,1.11,0.75
2017-08-01,30.95,25.93,86.58,4.97,0.75
2017-08-02,31.27,25.66,86.79,3.37,0.75
2017-08-03,32.02,25.22,84.61,3.07,0.74
2017-08-04,31.78,25.61,85.25,4.35,0.74
2017-08-05,30.4,25.44,88.47,3.71,0.74
2017-08-06,30.95,25.32,85.29,2.12,0.74
2017-08-07,30.35,24.82,86.88,3.69,0.73
2017-08-08,30.75,24.85,85.6,3.07,0.73
2017-08-09,30.11,24.3,86.87,1.46,0.73
2017-08-10,29.72,24.24,88.12,13.65,0.74
2017-08-11,28.86,24.14,88.24,2.48,0.74
2017-08-12,31.37,23.88,83.21,3.54,0.74
2017-08-13,31.55,24.33,84.18,0.29,0.73
2017-08-14,30.92,25.24,86.01,0.6,0.72
2017-08-15,30.64,25.27,87.19,3.34,0.72
2017-08-16,29.48,24.71,87.29,7.86,0.73
2017-08-17,28.53,24.35,90.19,4.89,0.73
2017-08-18,29.61,24.24,87.12,4.29,0.73
2017-08-19,29.52,24.51,90.94,1.35,0.73
2017-08-20,28.77,24.28,90.76,11.85,0.74
2017-08-21,30.45,23.86,85.7,2.99,0.74
2017-08-22,30.55,24.8,85.5,0.72,0.74
2017-08-23,31.5,24.65,85.21,0.47,0.73
2017-08-24,30.66,25.22,86.91,1.77,0.72
2017-08-25,30.22,25.04,87.25,3.42,0.72
2017-08-26,30.76,25.06,85.89,3.18,0.72
2017-08-27,31.11,24.46,86.05,1.4,0.71
2017-08-28,31.48,24.63,83.44,0.55,0.71
2017-08-29,29.89,24.93,85.87,2.48,0.71
2017-08-30,30.62,24.26,84.36,0.46,0.7
2017-08-31,31.76,24.36,84.47,1.24,0.69
2017-09-01,30.8,24.58,86.43,2.13,0.69
2017-09-02,29.96,25.09,88.35,2.43,0.69
2017-09-03,32.29,25.29,83.66,0.23,0.68
2017-09-04,32.46,25.15,81.81,0.33,0.67
2017-09-05,30.67,25.49,87.77,2.18,0.67
2017-09-06,29.45,25.3,87.42,1.21,0.67
2017-09-07,32.79,24.76,80.43,8.09,0.67
2017-09-08,32.83,25.0,80.7,1.12,0.67
2017-09-09,32.3,25.76,80.83,0.64,0.66
2017-09-10,31.39,25.32,79.76,0.73,0.66
2017-09-11,32.62,25.28,79.25,1.64,0.65
2017-09-12,31.96,25.27,79.37,0.43,0.65
2017-09-13,32.45,24.62,79.73,0.1,0.64
2017-09-14,34.3,24.78,78.48,0.55,0.64
2017-09-15,31.8,25.9,81.98,1.67,0.63
2017-09-16,29.55,25.57,88.2,18.69,0.64
2017-09-17,29.1,25.13,90.6,16.3,0.67
2017-09-18,30.45,25.53,86.85,2.57,0.68
2017-09-19,30.52,25.3,87.1,0.41,0.67
2017-09-20,32.57,24.88,83.09,0.09,0.67
2017-09-21,31.21,25.33,85.57,1.82,0.66
2017-09-22,29.89,25.13,87.23,1.65,0.66
2017-09-23,32.57,24.47,82.63,4.22,0.66
2017-09-24,31.48,25.21,84.45,1.02,0.66
2017-09-25,31.72,25.06,82.83,0.6,0.65
2017-09-26,29.01,25.26,90.72,3.76,0.65
2017-09-27,30.34,25.07,87.06,1.24,0.65
2017-09-28,33.17,24.13,81.12,1.3,0.65
2017-09-29,33.33,25.06,81.62,3.27,0.64
2017-09-30,32.37,25.39,81.91,0.15,0.64
2017-10-01,29.93,25.17,88.39,6.79,0.64
2017-10-02,31.81,24.7,81.5,0.16,0.64
2017-10-03,32.14,25.16,80.65,2.18,0.63
2017-10-04,31.62,25.1,88.21,7.62,0.64
2017-10-05,30.85,24.6,86.29,5.38,0.64
2017-10-06,30.74,24.26,87.85,6.79,0.65
2017-10-07,32.41,24.11,81.03,1.51,0.65
2017-10-08,33.21,24.09,79.75,3.5,0.64
2017-10-09,32.44,25.11,82.0,0.62,0.64
2017-10-10,33.22,25.06,81.85,8.13,0.63
2017-10-11,29.81,25.04,90.43,4.27,0.64
2017-10-12,31.03,24.59,87.83,2.65,0.64
2017-10-13,31.57,24.4,85.86,3.28,0.64
2017-10-14,31.56,25.03,86.77,4.02,0.64
2017-10-15,32.19,25.06,84.86,0.82,0.64
2017-10-16,31.28,25.49,84.57,1.39,0.63
2017-10-17,30.71,25.36,90.22,14.83,0.65
2017-10-18,28.84,24.44,90.07,5.23,0.65
2017-10-19,30.12,24.59,88.94,1.13,0.65
2017-10-20,32.15,24.5,83.28,0.17,0.65
2017-10-21,32.32,24.6,85.66,1.53,0.64
2017-10-22,31.01,25.23,89.0,2.56,0.64
2017-10-23,31.77,24.49,82.81,1.81,0.64
2017-10-24,30.29,24.39,84.71,5.23,0.63
2017-10-25,31.56,24.9,80.33,9.24,0.64
2017-10-26,30.88,24.16,83.74,22.49,0.66
2017-10-27,31.9,24.49,79.46,0.11,0.67
2017-10-28,31.5,24.83,81.3,0.0,0.66
2017-10-29,31.97,23.39,80.06,0.02,0.65
2017-10-30,30.96,22.99,79.91,0.03,0.65
2017-10-31,30.06,21.6,78.71,0.0,0.64
2017-11-01,31.02,20.33,76.07,0.04,0.63
2017-11-02,32.13,20.55,74.46,0.0,0.62
2017-11-03,32.39,22.75,73.33,0.01,0.61
2017-11-04,32.01,22.21,74.26,0.0,0.61
2017-11-05,32.79,20.7,70.21,0.01,0.6
2017-11-06,30.97,21.32,77.27,0.45,0.6
2017-11-07,32.61,21.18,77.01,0.88,0.59
2017-11-08,32.63,22.72,77.77,0.01,0.59
2017-11-09,31.52,23.23,80.74,0.68,0.58
2017-11-10,32.46,22.81,79.26,0.09,0.58
2017-11-11,32.35,23.68,80.49,5.56,0.58
2017-11-12,31.12,24.1,81.62,7.02,0.59
2017-11-13,33.08,23.54,77.25,0.05,0.59
2017-11-14,33.83,23.74,76.98,0.09,0.58
2017-11-15,33.82,24.71,77.34,0.33,0.57
2017-11-16,33.55,25.03,80.92,0.01,0.57
2017-11-17,34.51,24.29,71.74,0.0,0.57
2017-11-18,35.57,24.31,71.56,0.11,0.56
2017-11-19,35.39,24.46,72.8,0.59,0.56
2017-11-20,33.2,25.04,76.77,0.21,0.55
2017-11-21,33.53,24.39,75.99,1.82,0.55
2017-11-22,28.67,23.94,88.29,2.16,0.55
2017-11-23,28.75,23.26,89.33,3.44,0.55
2017-11-24,28.83,21.99,84.96,0.7,0.55
2017-11-25,31.19,20.53,80.25,2.52,0.55
2017-11-26,33.41,21.82,74.51,0.46,0.55
2017-11-27,34.17,22.86,70.75,0.0,0.55
2017-11-28,34.04,22.59,67.94,0.0,0.54
2017-11-29,33.9,22.68,64.12,0.0,0.54
2017-11-30,34.28,20.45,58.72,0.0,0.54
2017-12-01,33.94,20.3,69.27,0.0,0.53
2017-12-02,34.55,22.05,70.6,0.0,0.53
2017-12-03,34.29,21.65,65.94,0.0,0.53
2017-12-04,34.84,20.36,65.14,0.0,0.52
2017-12-05,33.7,21.82,69.41,0.22,0.52
2017-12-06,33.83,22.43,72.64,0.2,0.52
2017-12-07,33.19,23.11,73.53,0.18,0.51
2017-12-08,34.44,22.87,75.11,1.04,0.51
2017-12-09,34.05,24.0,75.49,0.03,0.51
2017-12-10,35.05,24.54,71.08,0.06,0.51
2017-12-11,34.66,23.71,74.25,0.13,0.5
2017-12-12,33.9,23.0,72.96,0.03,0.5
2017-12-13,33.98,21.53,70.72,0.0,0.5
2017-12-14,34.43,20.85,61.81,0.0,0.5
2017-12-15,33.64,18.03,55.59,0.0,0.49
2017-12-16,33.66,17.65,62.85,0.0,0.49
2017-12-17,32.75,21.17,67.86,0.0,0.49
2017-12-18,32.14,18.73,61.25,0.0,0.49
2017-12-19,28.06,17.42,59.47,0.0,0.48
2017-12-20,27.26,15.24,62.13,0.0,0.48
2017-12-21,27.5,13.65,55.28,0.0,0.48
2017-12-22,30.04,12.12,57.65,0.0,0.48
2017-12-23,32.73,14.64,51.43,0.0,0.48
2017-12-24,34.04,15.95,57.49,0.0,0.47
2017-12-25,32.82,18.75,64.74,0.0,0.47
2017-12-26,32.83,18.95,61.62,0.08,0.47
2017-12-27,29.84,18.88,78.49,6.48,0.47
2017-12-28,29.9,19.44,78.98,1.62,0.48
2017-12-29,32.87,21.14,74.46,0.4,0.48
2017-12-30,34.79,22.24,68.41,0.09,0.48
2017-12-31,33.11,22.76,67.57,0.4,0.47
2018-01-01,32.38,21.6,68.8,0.35,0.47
2018-01-02,30.78,21.74,72.87,0.83,0.47
2018-01-03,30.14,22.24,74.86,0.8,0.47
2018-01-04,32.88,22.05,69.02,0.65,0.47
2018-01-05,31.85,22.25,70.93,0.75,0.47
2018-01-06,33.39,22.53,68.34,0.01,0.47
2018-01-07,34.19,22.52,63.74,0.0,0.47
2018-01-08,34.98,21.71,55.87,0.0,0.47
2018-01-09,36.22,21.65,52.61,0.0,0.47
2018-01-10,37.01,21.81,48.59,0.0,0.47
2018-01-11,35.99,20.74,47.02,0.0,0.47
2018-01-12,34.1,20.4,52.6,0.0,0.46
2018-01-13,32.68,20.32,58.79,0.01,0.46
2018-01-14,33.26,21.21,59.57,0.02,0.46
2018-01-15,32.89,21.9,59.86,0.1,0.46
2018-01-16,31.96,19.69,61.27,0.0,0.46
2018-01-17,33.27,18.26,56.87,0.0,0.46
2018-01-18,34.09,17.43,57.64,0.0,0.46
2018-01-19,35.18,17.0,49.06,0.0,0.46
2018-01-20,35.47,17.91,47.44,0.0,0.46
2018-01-21,35.33,17.52,52.38,0.0,0.46
2018-01-22,36.1,16.09,49.93,0.0,0.46
2018-01-23,36.56,16.16,51.63,0.0,0.46
2018-01-24,36.52,17.18,55.85,0.0,0.46
2018-01-25,35.56,19.52,59.09,0.0,0.46
2018-01-26,35.07,20.6,51.15,0.29,0.46
2018-01-27,35.03,20.77,50.47,0.0,0.46
2018-01-28,35.23,19.6,42.99,0.0,0.46
2018-01-29,34.66,17.45,43.9,0.0,0.46
2018-01-30,32.64,14.94,46.83,0.0,0.46
2018-01-31,32.82,15.7,50.94,0.0,0.46
2018-02-01,32.7,16.69,61.75,0.0,0.46
2018-02-02,33.33,16.92,58.6,0.0,0.46
2018-02-03,34.99,17.28,56.14,0.0,0.46
2018-02-04,34.98,19.32,55.66,0.01,0.46
2018-02-05,35.57,19.08,55.84,0.01,0.46
2018-02-06,34.99,19.11,57.72,0.0,0.46
2018-02-07,33.86,18.1,62.38,0.0,0.46
2018-02-08,34.67,18.29,61.38,0.0,0.46
2018-02-09,32.99,19.35,64.65,0.0,0.46
2018-02-10,35.52,20.11,58.34,0.0,0.46
2018-02-11,37.03,18.72,52.21,0.0,0.46
2018-02-12,37.65,19.97,51.59,0.0,0.46
2018-02-13,37.89,21.44,50.76,0.0,0.46
2018-02-14,36.5,21.09,55.48,0.0,0.46
2018-02-15,35.73,18.78,54.8,0.0,0.46
2018-02-16,37.51,19.73,43.12,0.0,0.46
2018-02-17,37.0,18.36,55.27,0.0,0.46
2018-02-18,35.69,19.24,52.71,0.0,0.46
2018-02-19,37.06,17.47,51.02,0.0,0.46
2018-02-20,37.35,17.9,50.1,0.0,0.46
2018-02-21,37.06,20.77,47.14,0.0,0.46
2018-02-22,37.03,20.24,46.29,0.0,0.46
2018-02-23,37.75,20.02,51.09,1.1,0.46
2018-02-24,38.31,20.28,46.79,0.0,0.46
2018-02-25,39.4,19.85,43.18,0.04,0.46
2018-02-26,39.07,19.54,50.14,0.15,0.46
2018-02-27,38.05,19.41,54.02,0.0,0.46
2018-02-28,36.19,20.61,55.41,0.0,0.46
2018-03-01,37.83,21.23,52.33,0.0,0.46
2018-03-02,38.1,20.09,55.71,0.0,0.46
2018-03-03,37.38,19.42,60.24,0.0,0.46
2018-03-04,37.88,19.63,56.92,0.0,0.46
2018-03-05,39.37,20.11,51.63,0.0,0.46
2018-03-06,39.36,21.5,56.48,0.0,0.46
2018-03-07,39.26,20.4,56.29,0.0,0.46
2018-03-08,40.18,21.17,49.62,0.0,0.46
2018-03-09,40.51,21.49,53.17,0.15,0.46
2018-03-10,38.54,24.68,55.58,0.53,0.46
2018-03-11,38.08,24.32,53.86,0.0,0.46
2018-03-12,37.99,21.51,51.59,0.04,0.46
2018-03-13,37.88,19.78,54.02,0.0,0.46
2018-03-14,38.25,20.95,50.32,0.0,0.46
2018-03-15,38.4,20.23,60.09,0.0,0.46
2018-03-16,38.55,20.73,57.53,0.0,0.46
2018-03-17,38.78,21.32,55.69,0.0,0.46
2018-03-18,39.78,23.36,57.51,0.0,0.46
2018-03-19,39.44,22.78,57.38,0.0,0.46
2018-03-20,39.26,22.08,59.38,0.0,0.46
2018-03-21,38.62,21.99,59.29,0.0,0.46
2018-03-22,38.85,20.69,56.54,0.0,0.46
2018-03-23,38.24,21.87,56.33,0.0,0.46
2018-03-24,39.91,21.88,52.37,0.0,0.46
2018-03-25,39.81,21.98,53.98,0.0,0.46
2018-03-26,39.35,23.32,57.8,0.0,0.46
2018-03-27,38.36,22.6,58.88,0.0,0.46
2018-03-28,39.07,22.6,59.4,0.0,0.46
2018-03-29,39.0,23.28,61.08,0.0,0.46
2018-03-30,39.3,23.36,60.29,0.01,0.46
2018-03-31,39.25,24.21,58.51,2.24,0.46
2018-04-01,38.78,24.6,59.0,5.91,0.47
2018-04-02,37.37,25.29,57.41,0.48,0.47
2018-04-03,38.23,24.88,53.94,0.0,0.47
2018-04-04,39.13,24.37,53.58,0.19,0.47
2018-04-05,39.15,24.36,54.0,0.13,0.46
2018-04-06,39.56,23.56,54.96,0.0,0.46
2018-04-07,40.51,23.4,55.85,0.33,0.46
2018-04-08,36.62,23.44,47.21,0.81,0.46
2018-04-09,37.68,24.53,47.61,0.04,0.46
2018-04-10,39.61,24.87,50.87,0.34,0.46
2018-04-11,40.24,25.83,54.0,0.0,0.46
2018-04-12,40.06,24.58,54.13,0.0,0.46
2018-04-13,38.31,25.47,53.61,0.0,0.46
2018-04-14,40.82,24.86,52.82,0.0,0.46
2018-04-15,41.59,25.19,49.86,0.0,0.46
2018-04-16,41.7,24.82,54.75,0.27,0.46
2018-04-17,41.11,24.97,57.36,0.61,0.46
2018-04-18,40.34,24.15,55.48,0.03,0.46
2018-04-19,40.16,25.26,54.85,0.05,0.46
2018-04-20,39.62,24.74,57.93,0.0,0.46
2018-04-21,40.27,24.72,59.78,0.0,0.46
2018-04-22,40.26,24.98,59.54,0.0,0.46
2018-04-23,40.34,24.51,62.96,0.0,0.46
2018-04-24,39.65,26.11,61.6,0.02,0.46
2018-04-25,38.86,25.23,63.59,0.03,0.46
2018-04-26,39.29,25.56,60.02,0.57,0.46
2018-04-27,39.74,25.25,56.6,2.88,0.46
2018-04-28,39.08,26.89,53.85,0.97,0.46
2018-04-29,37.92,26.95,57.13,1.28,0.47
2018-04-30,38.97,26.94,55.36,0.14,0.47
2018-05-01,36.29,27.35,60.63,4.09,0.47
2018-05-02,33.27,26.29,72.68,14.07,0.49
2018-05-03,35.25,25.68,69.38,0.52,0.49
2018-05-04,32.95,26.14,70.1,0.39,0.49
2018-05-05,37.5,25.48,62.9,0.0,0.48
2018-05-06,37.64,26.03,66.5,0.08,0.48
2018-05-07,36.48,27.11,68.58,0.04,0.48
2018-05-08,36.7,27.17,68.62,0.83,0.48
2018-05-09,36.76,26.39,68.06,2.95,0.48
2018-05-10,36.77,25.23,72.72,8.76,0.48
2018-05-11,33.19,26.76,76.03,0.93,0.49
2018-05-12,32.27,26.39,78.99,5.32,0.49
2018-05-13,32.79,25.39,78.3,9.9,0.51
2018-05-14,33.51,25.3,73.75,0.09,0.51
2018-05-15,34.73,25.07,69.14,0.05,0.51
2018-05-16,35.56,25.48,66.55,0.06,0.5
2018-05-17,38.46,25.09,63.81,1.03,0.5
2018-05-18,36.82,25.85,63.69,0.05,0.49
2018-05-19,36.73,26.06,64.05,0.29,0.49
2018-05-20,36.46,26.44,67.87,0.28,0.49
2018-05-21,37.58,25.89,65.88,0.51,0.49
2018-05-22,37.19,27.01,63.83,0.07,0.48
2018-05-23,36.02,27.13,65.96,1.39,0.48
2018-05-24,34.06,27.26,69.39,0.21,0.48
2018-05-25,36.77,26.4,65.28,2.01,0.48
2018-05-26,34.42,26.96,72.54,3.09,0.48
2018-05-27,33.68,26.12,77.24,7.21,0.48
2018-05-28,30.49,26.82,82.95,4.4,0.49
2018-05-29,30.79,26.7,83.53,9.51,0.5
2018-05-30,30.6,26.05,84.28,2.73,0.51
2018-05-31,32.36,25.61,77.22,1.27,0.51
2018-06-01,33.88,24.95,78.65,1.52,0.51
2018-06-02,32.98,25.87,76.13,0.19,0.51
2018-06-03,33.82,25.83,73.0,0.3,0.51
2018-06-04,33.37,25.79,72.46,0.17,0.5
2018-06-05,33.96,25.49,74.41,2.23,0.5
2018-06-06,32.4,26.46,80.69,1.55,0.5
2018-06-07,30.44,26.62,83.73,4.53,0.51
2018-06-08,33.59,26.28,74.69,5.16,0.51
2018-06-09,31.97,26.43,80.52,10.02,0.52
2018-06-10,31.09,26.96,84.93,17.01,0.54
2018-06-11,30.94,25.52,83.2,20.13,0.57
2018-06-12,31.39,25.16,81.83,19.91,0.6
2018-06-13,30.85,25.41,81.12,15.27,0.62
2018-06-14,30.95,25.44,82.71,5.56,0.63
2018-06-15,29.4,25.67,85.74,3.42,0.63
2018-06-16,32.49,25.81,82.01,10.54,0.64
2018-06-17,32.91,25.68,81.92,4.63,0.64
2018-06-18,30.86,25.39,84.57,5.69,0.64
2018-06-19,32.76,24.99,76.23,0.77,0.64
2018-06-20,32.64,24.78,78.22,1.62,0.63
2018-06-21,30.72,25.19,85.03,9.24,0.64
2018-06-22,30.74,25.49,83.48,21.8,0.64
2018-06-23,31.15,25.47,87.08,47.39,0.71
2018-06-24,29.75,25.36,89.17,6.53,0.73
2018-06-25,29.94,25.06,87.64,7.91,0.74
2018-06-26,30.12,24.98,86.66,6.42,0.74
2018-06-27,28.85,24.6,87.69,2.6,0.74
2018-06-28,30.32,24.36,84.78,4.35,0.74
2018-06-29,31.22,23.84,82.27,3.64,0.73
2018-06-30,29.06,24.55,86.62,0.7,0.73
2018-07-01,29.8,24.76,86.42,2.95,0.73
2018-07-02,30.63,24.55,86.21,1.76,0.73
2018-07-03,29.5,25.33,89.33,12.5,0.74
2018-07-04,31.18,25.18,86.15,4.34,0.74
2018-07-05,30.63,25.83,84.71,1.2,0.74
2018-07-06,29.08,25.62,89.29,7.22,0.74
2018-07-07,30.08,25.23,86.85,3.77,0.74
2018-07-08,29.89,25.08,89.18,12.54,0.74
2018-07-09,30.38,25.07,86.65,9.83,0.76
2018-07-10,29.6,24.91,89.42,3.62,0.76
2018-07-11,28.59,25.56,89.41,3.16,0.76
2018-07-12,29.99,25.55,86.3,3.29,0.76
2018-07-13,29.68,25.42,89.4,2.37,0.75
2018-07-14,28.57,25.25,90.43,10.18,0.75
2018-07-15,29.48,25.3,87.93,10.22,0.77
2018-07-16,30.65,25.0,86.25,8.6,0.77
2018-07-17,30.81,25.22,87.52,6.02,0.78
2018-07-18,28.96,25.96,91.74,20.64,0.79
2018-07-19,28.73,25.65,91.25,3.52,0.8
2018-07-20,29.67,25.45,87.85,13.51,0.8
2018-07-21,29.72,26.04,90.1,13.78,0.81
2018-07-22,29.56,25.78,90.38,18.76,0.83
2018-07-23,28.53,25.58,92.17,8.4,0.85
2018-07-24,29.04,25.12,91.12,14.92,0.85
2018-07-25,29.27,25.04,90.12,13.33,0.86
2018-07-26,28.96,25.41,91.57,15.59,0.88
2018-07-27,29.35,25.42,92.28,15.88,0.89
2018-07-28,29.05,24.87,91.55,9.03,0.9
2018-07-29,30.03,25.03,89.79,4.82,0.9
2018-07-30,28.86,24.98,92.42,6.81,0.9
2018-07-31,27.35,24.81,91.66,2.51,0.9
2018-08-01,30.02,24.88,86.91,3.9,0.89
2018-08-02,27.43,23.92,90.15,6.72,0.89
2018-08-03,29.04,23.98,91.52,7.24,0.9
2018-08-04,29.86,24.77,88.08,1.03,0.89
2018-08-05,29.45,24.54,87.46,2.05,0.88
2018-08-06,28.66,24.56,89.6,1.36,0.88
2018-08-07,29.74,25.07,89.11,1.75,0.87
2018-08-08,30.29,24.78,87.74,0.31,0.86
2018-08-09,29.66,24.4,90.62,0.52,0.86
2018-08-10,29.04,24.51,88.4,0.85,0.85
2018-08-11,29.24,24.11,89.17,1.45,0.85
2018-08-12,29.43,25.09,89.93,4.28,0.84
2018-08-13,29.85,25.56,89.97,5.49,0.84
2018-08-14,29.62,25.32,90.28,2.55,0.84
2018-08-15,28.57,25.17,92.17,4.86,0.84
2018-08-16,29.7,24.95,88.67,3.84,0.84
2018-08-17,28.51,25.11,91.74,15.83,0.85
2018-08-18,28.86,24.74,89.47,3.05,0.85
2018-08-19,28.8,24.72,91.78,1.47,0.85
2018-08-20,30.39,25.32,89.69,7.18,0.85
2018-08-21,30.46,25.13,89.82,34.0,0.88
2018-08-22,30.17,25.2,90.05,17.25,0.89
2018-08-23,29.12,25.28,90.93,7.42,0.89
2018-08-24,28.73,24.95,92.9,8.9,0.89
2018-08-25,28.46,25.14,92.22,5.6,0.89
2018-08-26,29.1,25.02,90.44,3.78,0.89
2018-08-27,28.68,23.97,90.19,1.8,0.89
2018-08-28,28.85,23.86,88.92,2.02,0.88
2018-08-29,29.97,24.3,88.35,1.92,0.88
2018-08-30,28.41,24.37,91.54,3.78,0.87
2018-08-31,27.68,24.13,91.36,2.62,0.87
2018-09-01,30.28,24.44,88.42,1.58,0.87
2018-09-02,30.09,24.07,89.96,2.06,0.86
2018-09-03,29.84,25.0,90.61,7.06,0.86
2018-09-04,28.03,24.72,91.8,2.6,0.86
2018-09-05,27.97,23.83,89.83,0.66,0.85
2018-09-06,30.14,23.68,85.95,0.16,0.85
2018-09-07,31.07,23.96,86.53,0.39,0.84
2018-09-08,29.71,24.53,88.91,4.05,0.83
2018-09-09,29.97,24.56,87.13,14.12,0.84
2018-09-10,30.54,23.86,85.1,0.24,0.84
2018-09-11,31.19,24.2,86.7,0.22,0.83
2018-09-12,30.48,24.56,87.92,0.12,0.82
2018-09-13,30.94,24.85,87.61,12.22,0.82
2018-09-14,29.66,25.24,90.37,15.36,0.83
2018-09-15,30.04,25.43,90.49,0.78,0.84
2018-09-16,29.59,25.25,91.01,1.26,0.83
2018-09-17,30.31,24.63,89.22,2.4,0.83
2018-09-18,29.63,24.75,91.08,5.49,0.82
2018-09-19,28.78,24.41,90.35,5.05,0.83
2018-09-20,28.69,24.47,89.42,0.2,0.82
2018-09-21,30.04,24.24,88.15,1.59,0.82
2018-09-22,31.73,24.23,85.92,0.19,0.81
2018-09-23,29.79,24.66,89.08,0.28,0.8
2018-09-24,31.46,24.9,85.21,0.08,0.8
2018-09-25,31.15,23.93,85.72,0.0,0.79
2018-09-26,31.97,24.18,82.89,0.01,0.78
2018-09-27,31.63,24.47,83.56,0.2,0.77
2018-09-28,32.05,24.63,84.92,0.66,0.76
2018-09-29,31.45,25.52,88.01,1.24,0.76
2018-09-30,31.18,24.76,83.1,1.28,0.75
2018-10-01,30.63,25.08,83.11,6.39,0.76
2018-10-02,31.86,24.62,81.25,5.3,0.76
2018-10-03,29.97,24.8,85.9,5.15,0.76
2018-10-04,30.93,24.79,82.52,0.11,0.75
2018-10-05,32.31,25.12,77.48,0.05,0.74
2018-10-06,31.91,25.18,79.25,0.54,0.73
2018-10-07,29.08,24.28,89.45,2.83,0.73
2018-10-08,29.51,24.54,86.73,2.77,0.73
2018-10-09,29.71,23.51,85.28,6.87,0.73
2018-10-10,30.54,23.68,88.14,10.81,0.74
2018-10-11,29.56,24.53,87.2,1.93,0.74
2018-10-12,31.49,23.55,79.36,6.56,0.74
2018-10-13,31.62,24.54,82.35,0.02,0.74
2018-10-14,32.28,23.42,83.85,0.17,0.73
2018-10-15,31.39,24.46,86.66,0.07,0.72
2018-10-16,32.68,23.88,82.39,0.05,0.71
2018-10-17,31.31,23.68,81.29,0.01,0.7
2018-10-18,31.47,22.47,77.19,0.01,0.7
2018-10-19,32.12,21.89,75.88,1.18,0.69
2018-10-20,32.85,22.83,77.46,7.34,0.68
2018-10-21,27.53,23.75,89.72,6.39,0.69
2018-10-22,29.47,23.23,87.05,5.17,0.7
2018-10-23,30.12,24.47,88.7,5.77,0.7
2018-10-24,30.09,24.29,87.65,6.25,0.7
2018-10-25,30.19,24.09,86.03,2.06,0.7
2018-10-26,30.61,24.28,85.14,0.08,0.7
2018-10-27,32.08,23.89,81.13,0.03,0.69
2018-10-28,32.26,24.39,78.74,0.0,0.68
2018-10-29,31.79,24.15,76.52,0.06,0.68
2018-10-30,31.98,23.13,75.91,0.33,0.67
2018-10-31,31.37,22.89,79.09,0.0,0.66
2018-11-01,30.6,22.64,78.21,0.0,0.66
2018-11-02,31.11,22.69,78.54,0.0,0.65
2018-11-03,31.81,22.07,73.62,0.0,0.64
2018-11-04,32.56,22.49,67.57,0.0,0.64
2018-11-05,33.13,21.64,70.15,0.0,0.63
2018-11-06,33.59,22.34,69.13,0.0,0.62
2018-11-07,33.95,22.37,69.7,0.0,0.61
2018-11-08,33.88,22.3,69.56,0.0,0.61
2018-11-09,30.29,22.85,81.0,2.3,0.6
2018-11-10,29.27,23.64,87.77,2.98,0.6
2018-11-11,26.86,22.72,90.25,7.26,0.6
2018-11-12,28.0,22.19,87.1,4.79,0.62
2018-11-13,32.01,21.56,76.69,0.19,0.61
2018-11-14,33.43,22.86,72.81,0.0,0.61
2018-11-15,34.25,23.32,72.75,0.0,0.6
2018-11-16,34.66,23.55,72.21,0.01,0.59
2018-11-17,34.9,23.12,68.95,0.04,0.59
2018-11-18,34.81,22.7,64.62,0.0,0.58
2018-11-19,34.65,21.42,65.51,0.0,0.57
2018-11-20,34.68,21.31,65.21,0.72,0.57
2018-11-21,34.35,20.55,61.31,0.0,0.56
2018-11-22,35.06,20.13,63.98,0.0,0.56
2018-11-23,34.56,21.06,66.12,0.0,0.55
2018-11-24,33.44,21.94,70.21,0.0,0.55
2018-11-25,33.43,20.34,69.46,0.0,0.54
2018-11-26,33.72,19.85,70.61,0.0,0.54
2018-11-27,33.62,22.0,64.46,0.0,0.54
2018-11-28,33.16,20.6,64.8,0.0,0.53
2018-11-29,32.77,18.62,66.93,0.0,0.53
2018-11-30,33.05,20.36,71.86,0.14,0.53
2018-12-01,34.38,22.63,68.13,0.11,0.52
2018-12-02,34.7,22.79,67.14,0.0,0.52
2018-12-03,35.23,23.44,64.67,0.0,0.52
2018-12-04,36.06,22.8,63.57,0.0,0.51
2018-12-05,35.77,21.79,65.13,0.0,0.51
2018-12-06,32.75,20.38,66.77,0.0,0.51
2018-12-07,31.65,21.29,64.01,1.52,0.51
2018-12-08,32.44,22.34,69.96,1.46,0.51
2018-12-09,33.52,22.99,72.78,0.03,0.5
2018-12-10,33.45,23.12,73.32,0.45,0.5
2018-12-11,33.38,23.72,77.24,2.25,0.5
2018-12-12,31.88,24.36,75.17,0.57,0.5
2018-12-13,29.41,22.16,80.68,1.09,0.5
2018-12-14,30.43,21.42,72.67,0.0,0.5
2018-12-15,34.44,22.24,62.18,0.0,0.5
2018-12-16,35.2,22.27,63.99,0.05,0.49
2018-12-17,35.23,22.55,67.16,0.01,0.49
2018-12-18,35.11,22.21,66.21,0.14,0.49
2018-12-19,35.32,22.63,63.12,0.07,0.48
2018-12-20,33.46,24.03,70.37,0.86,0.48
2018-12-21,33.64,23.6,70.91,0.44,0.48
2018-12-22,35.59,22.67,62.42,0.0,0.48
2018-12-23,36.35,21.41,58.74,0.0,0.48
2018-12-24,35.5,22.61,63.2,0.0,0.48
2018-12-25,33.98,20.82,66.32,0.0,0.47
2018-12-26,33.27,18.05,63.94,0.0,0.47
2018-12-27,32.32,18.79,65.67,0.0,0.47
2018-12-28,32.39,18.74,64.58,0.0,0.47
2018-12-29,31.96,18.89,60.6,1.07,0.47
2018-12-30,31.62,17.61,62.45,1.37,0.47
2018-12-31,33.14,19.86,63.56,0.24,0.47
2019-01-01,33.21,20.64,62.88,0.05,0.47
2019-01-02,33.98,21.19,60.62,0.0,0.47
2019-01-03,33.76,20.73,58.74,0.0,0.47
2019-01-04,34.52,19.34,56.16,0.0,0.47
2019-01-05,35.89,21.04,54.2,0.14,0.46
2019-01-06,35.3,22.21,60.76,1.2,0.46
2019-01-07,31.62,22.31,78.31,15.96,0.48
2019-01-08,28.43,22.55,88.8,19.67,0.52
2019-01-09,32.38,19.95,70.61,0.0,0.53
2019-01-10,32.96,19.85,66.29,0.0,0.52
2019-01-11,32.83,19.76,69.53,0.0,0.52
2019-01-12,32.89,20.37,68.18,0.01,0.51
2019-01-13,33.19,20.34,66.85,0.0,0.51
2019-01-14,33.08,19.32,62.16,0.0,0.51
2019-01-15,32.58,17.71,58.59,0.02,0.5
2019-01-16,32.23,15.83,52.35,0.0,0.5
2019-01-17,33.55,14.77,49.17,0.0,0.5
2019-01-18,34.08,18.84,57.98,0.15,0.49
2019-01-19,33.61,19.93,64.65,0.0,0.49
2019-01-20,33.86,19.48,59.46,0.0,0.49
2019-01-21,34.05,17.41,56.6,0.0,0.49
2019-01-22,34.56,16.34,55.94,0.0,0.48
2019-01-23,34.86,16.99,50.08,0.0,0.48
2019-01-24,34.52,16.09,53.88,0.0,0.48
2019-01-25,34.08,15.9,54.4,0.0,0.48
2019-01-26,34.86,18.41,51.33,0.0,0.47
2019-01-27,34.56,20.91,58.24,0.0,0.47
2019-01-28,34.36,20.13,57.81,0.0,0.47
2019-01-29,34.67,19.43,56.13,0.0,0.47
2019-01-30,34.21,19.05,53.91,0.0,0.47
2019-01-31,35.76,17.84,44.29,0.0,0.47
2019-02-01,36.91,18.29,39.44,0.0,0.47
2019-02-02,36.37,19.66,52.56,0.0,0.46
2019-02-03,36.06,19.72,53.5,0.0,0.46
2019-02-04,37.98,20.64,47.46,0.0,0.46
2019-02-05,37.98,18.87,46.44,0.0,0.46
2019-02-06,36.7,19.17,46.45,0.0,0.46
2019-02-07,37.57,18.16,44.84,0.0,0.46
2019-02-08,38.1,18.32,48.57,0.0,0.46
2019-02-09,38.42,19.12,49.17,0.0,0.46
2019-02-10,38.01,19.03,50.35,0.0,0.46
2019-02-11,38.65,19.64,51.9,0.0,0.46
2019-02-12,37.89,20.2,49.91,0.0,0.46
2019-02-13,38.54,20.59,43.73,0.0,0.46
2019-02-14,38.58,20.35,46.36,0.0,0.46
2019-02-15,38.21,19.12,45.17,0.0,0.46
2019-02-16,35.85,20.46,54.96,0.0,0.46
2019-02-17,35.85,20.26,52.82,0.0,0.46
2019-02-18,35.17,19.55,57.44,0.0,0.46
2019-02-19,35.34,19.14,59.87,0.0,0.46
2019-02-20,36.76,19.82,55.78,0.0,0.46
2019-02-21,38.52,19.66,48.98,0.0,0.46
2019-02-22,38.2,19.33,52.72,0.0,0.46
2019-02-23,39.38,19.68,48.43,0.0,0.46
2019-02-24,38.65,20.15,57.03,0.0,0.46
2019-02-25,38.57,21.49,58.99,0.0,0.46
2019-02-26,39.64,21.4,53.98,0.0,0.46
2019-02-27,38.75,19.62,49.79,0.0,0.46
2019-02-28,37.97,19.57,56.15,0.0,0.46
2019-03-01,37.17,20.86,57.12,0.0,0.46
2019-03-02,38.14,19.63,53.61,0.0,0.46
2019-03-03,38.41,19.72,44.88,0.0,0.46
2019-03-04,37.84,18.61,52.61,0.0,0.46
2019-03-05,36.97,19.59,60.56,0.0,0.46
2019-03-06,37.38,20.25,60.3,0.0,0.46
2019-03-07,37.15,21.57,63.24,0.0,0.46
2019-03-08,36.97,21.97,65.35,0.0,0.46
2019-03-09,37.21,22.02,53.91,0.0,0.46
2019-03-10,36.66,18.92,50.28,0.0,0.46
2019-03-11,39.01,19.68,51.56,0.0,0.46
2019-03-12,38.81,20.91,51.42,0.0,0.46
2019-03-13,39.25,21.37,56.34,0.0,0.46
2019-03-14,40.11,22.06,48.22,0.0,0.46
2019-03-15,40.47,22.07,49.67,0.0,0.46
2019-03-16,39.89,21.82,55.84,0.0,0.46
2019-03-17,40.09,21.78,52.37,0.0,0.46
2019-03-18,40.58,21.7,52.52,0.14,0.46
2019-03-19,39.48,23.4,52.38,0.0,0.46
2019-03-20,39.52,22.41,51.18,0.0,0.46
2019-03-21,39.76,21.0,54.64,0.0,0.46
2019-03-22,39.65,21.18,56.96,0.0,0.46
2019-03-23,40.77,22.21,52.66,0.0,0.46
2019-03-24,40.65,22.29,55.13,0.0,0.46
2019-03-25,41.31,21.65,52.79,0.0,0.46
2019-03-26,39.41,22.33,59.47,10.46,0.47
2019-03-27,35.77,24.5,56.32,0.3,0.47
2019-03-28,38.69,22.31,58.09,0.0,0.47
2019-03-29,38.92,20.61,59.64,0.0,0.47
2019-03-30,39.47,22.3,59.81,0.0,0.47
2019-03-31,38.83,20.69,60.8,0.0,0.46
2019-04-01,39.22,22.25,61.7,0.0,0.46
2019-04-02,40.38,23.62,57.59,0.0,0.46
2019-04-03,40.87,23.6,55.33,0.0,0.46
2019-04-04,41.4,23.78,52.01,0.0,0.46
2019-04-05,41.06,23.75,51.82,0.03,0.46
2019-04-06,41.77,24.09,47.85,0.0,0.46
2019-04-07,41.28,23.78,53.11,0.0,0.46
2019-04-08,40.99,22.79,55.1,0.0,0.46
2019-04-09,41.09,23.06,49.96,0.0,0.46
2019-04-10,41.64,23.2,45.51,0.0,0.46
2019-04-11,42.11,24.92,46.51,0.0,0.46
2019-04-12,41.34,25.21,49.63,0.0,0.46
2019-04-13,40.78,24.57,56.63,0.0,0.46
2019-04-14,41.06,23.89,59.63,0.0,0.46
2019-04-15,40.47,24.71,61.92,0.0,0.46
2019-04-16,41.31,24.96,59.4,0.0,0.46
2019-04-17,42.31,25.16,57.06,0.0,0.46
2019-04-18,42.19,25.16,61.46,0.0,0.46
2019-04-19,40.71,25.87,62.01,0.0,0.46
2019-04-20,40.62,25.14,57.8,0.0,0.46
2019-04-21,42.62,26.23,49.3,0.01,0.46
2019-04-22,42.59,25.86,48.25,0.05,0.46
2019-04-23,42.88,26.07,46.22,0.03,0.46
2019-04-24,43.16,25.83,48.38,0.0,0.46
2019-04-25,42.82,26.17,51.07,0.0,0.46
2019-04-26,43.01,25.15,53.3,0.0,0.46
2019-04-27,42.38,25.08,53.54,0.0,0.46
2019-04-28,42.49,25.32,53.44,0.0,0.46
2019-04-29,42.17,25.89,55.61,0.08,0.46
2019-04-30,40.52,25.9,56.64,0.41,0.46
2019-05-01,38.16,28.01,55.82,0.0,0.46
2019-05-02,37.6,28.06,57.13,0.06,0.46
2019-05-03,39.99,27.71,60.3,0.01,0.46
2019-05-04,40.61,28.91,58.73,0.05,0.46
2019-05-05,36.68,28.76,65.63,0.0,0.46
2019-05-06,36.39,28.25,65.98,0.0,0.46
2019-05-07,39.34,28.0,60.39,0.0,0.46
2019-05-08,39.97,27.32,59.02,0.08,0.46
2019-05-09,39.01,27.99,60.74,0.35,0.46
2019-05-10,38.81,28.65,60.51,0.0,0.46
2019-05-11,34.65,28.51,67.26,0.21,0.46
2019-05-12,38.4,27.0,65.5,4.37,0.47
2019-05-13,35.24,28.09,65.04,0.93,0.47
2019-05-14,35.69,27.34,69.46,1.89,0.47
2019-05-15,38.57,27.29,61.72,1.03,0.47
2019-05-16,38.5,27.86,63.73,3.47,0.47
2019-05-17,37.31,27.53,63.75,0.0,0.47
2019-05-18,38.65,27.07,62.76,0.25,0.47
2019-05-19,35.73,27.98,70.15,5.88,0.48
2019-05-20,36.94,27.26,67.93,0.55,0.47
2019-05-21,34.03,27.48,75.6,4.38,0.48
2019-05-22,34.61,26.97,74.34,1.21,0.48
2019-05-23,36.32,26.82,66.99,0.05,0.48
2019-05-24,36.26,26.97,67.81,0.6,0.47
2019-05-25,35.08,27.2,69.17,0.71,0.47
2019-05-26,34.26,27.21,68.09,0.99,0.47
2019-05-27,34.18,26.96,77.52,4.46,0.48
2019-05-28,33.2,27.25,79.65,4.42,0.48
2019-05-29,34.6,26.92,75.9,4.82,0.49
2019-05-30,35.8,26.5,71.98,3.75,0.49
2019-05-31,36.59,26.62,71.03,3.77,0.49
2019-06-01,34.1,26.56,72.42,1.22,0.49
2019-06-02,33.0,26.68,78.11,5.28,0.49
2019-06-03,33.76,26.02,77.11,6.06,0.5
2019-06-04,35.61,25.4,72.08,0.59,0.5
2019-06-05,33.14,26.56,75.47,0.81,0.5
2019-06-06,34.69,26.47,68.71,0.4,0.5
2019-06-07,36.77,25.91,67.19,0.73,0.49
2019-06-08,35.52,26.53,70.01,0.39,0.49
2019-06-09,34.16,26.65,73.88,2.1,0.49
2019-06-10,33.49,26.46,77.77,2.44,0.49
2019-06-11,30.89,26.42,82.74,3.38,0.49
2019-06-12,32.34,26.26,80.22,5.39,0.5
2019-06-13,33.39,26.19,75.45,5.91,0.51
2019-06-14,34.84,26.1,74.28,5.65,0.51
2019-06-15,32.15,26.73,80.9,13.92,0.52
2019-06-16,32.39,26.23,81.92,5.74,0.54
2019-06-17,33.29,26.19,80.36,11.19,0.54
2019-06-18,31.37,25.85,83.7,58.06,0.62
2019-06-19,29.95,25.92,89.05,29.2,0.66
2019-06-20,32.24,25.56,84.99,0.33,0.66
2019-06-21,33.63,25.77,80.43,0.4,0.65
2019-06-22,34.83,25.78,77.44,0.12,0.64
2019-06-23,35.37,25.83,77.24,2.07,0.63
2019-06-24,34.03,26.64,79.0,2.3,0.63
2019-06-25,32.34,26.3,81.54,3.38,0.63
2019-06-26,31.71,25.57,82.85,11.46,0.63
2019-06-27,30.26,25.89,87.29,3.15,0.64
2019-06-28,32.29,25.62,83.0,3.33,0.64
2019-06-29,31.23,24.97,81.54,12.86,0.65
2019-06-30,31.5,25.89,81.23,5.89,0.66
2019-07-01,29.78,25.54,84.15,1.3,0.66
2019-07-02,30.09,25.34,85.05,6.13,0.66
2019-07-03,32.64,25.14,82.09,5.71,0.66
2019-07-04,31.27,25.11,82.1,7.5,0.66
2019-07-05,30.51,24.94,82.05,8.05,0.67
2019-07-06,31.88,24.82,81.99,8.16,0.67
2019-07-07,32.15,25.56,81.96,9.5,0.68
2019-07-08,30.62,25.73,85.75,27.45,0.71
2019-07-09,32.43,25.16,83.15,3.21,0.71
2019-07-10,30.6,25.27,86.16,3.87,0.71
2019-07-11,32.64,24.83,81.81,1.97,0.71
2019-07-12,32.31,25.22,84.03,5.27,0.7
2019-07-13,31.69,25.86,85.81,5.3,0.7
2019-07-14,30.32,25.27,87.69,7.91,0.71
2019-07-15,29.86,25.02,86.89,4.68,0.71
2019-07-16,30.73,25.07,81.54,2.29,0.71
2019-07-17,32.24,24.41,78.77,0.02,0.7
2019-07-18,32.18,24.91,82.4,0.24,0.69
2019-07-19,33.29,25.93,80.37,0.0,0.68
2019-07-20,33.7,25.8,79.36,0.19,0.68
2019-07-21,31.24,25.77,84.98,0.96,0.67
2019-07-22,31.57,24.97,84.27,3.21,0.67
2019-07-23,31.5,25.82,86.22,7.46,0.67
2019-07-24,29.32,25.74,89.71,10.13,0.68
2019-07-25,29.84,25.11,87.19,7.41,0.7
2019-07-26,30.97,24.79,83.19,2.26,0.69
2019-07-27,28.76,25.32,86.17,1.28,0.69
2019-07-28,31.32,24.52,82.35,3.84,0.68
2019-07-29,30.11,25.41,85.39,4.83,0.69
2019-07-30,30.53,25.15,83.18,1.41,0.69
2019-07-31,28.19,24.77,87.46,8.94,0.69
2019-08-01,30.0,24.83,83.91,8.51,0.7
2019-08-02,28.91,24.91,86.18,11.35,0.71
2019-08-03,29.24,25.08,84.42,6.01,0.71
2019-08-04,30.09,25.24,85.81,8.41,0.71
2019-08-05,28.05,25.31,88.52,13.76,0.73
2019-08-06,29.92,24.87,86.53,10.66,0.74
2019-08-07,29.94,25.31,88.41,8.33,0.74
2019-08-08,30.43,25.77,87.5,1.84,0.74
2019-08-09,29.94,25.56,89.75,11.08,0.74
2019-08-10,29.25,25.7,90.17,15.32,0.76
2019-08-11,28.86,25.64,91.52,2.45,0.77
2019-08-12,29.17,24.35,89.09,5.0,0.77
2019-08-13,30.09,24.27,89.35,3.86,0.77
2019-08-14,31.1,25.03,87.71,10.41,0.77
2019-08-15,31.07,25.08,86.57,0.65,0.77
2019-08-16,29.56,25.68,89.95,6.74,0.77
2019-08-17,30.9,23.91,81.39,1.9,0.77
2019-08-18,31.37,23.66,86.22,10.2,0.77
2019-08-19,29.97,25.5,90.16,12.37,0.78
2019-08-20,29.53,25.31,90.73,0.97,0.78
2019-08-21,30.43,24.57,85.84,1.32,0.77
2019-08-22,30.85,24.38,87.69,4.26,0.77
2019-08-23,29.89,25.47,89.51,7.8,0.77
2019-08-24,30.36,25.2,90.41,6.2,0.77
2019-08-25,28.7,25.11,90.3,2.61,0.78
2019-08-26,29.77,24.91,87.64,1.16,0.77
2019-08-27,29.23,24.41,86.27,1.63,0.76
2019-08-28,30.22,24.21,85.19,0.22,0.76
2019-08-29,31.12,24.25,85.02,0.46,0.75
2019-08-30,29.98,24.74,88.91,15.89,0.75
2019-08-31,29.43,25.02,90.37,11.79,0.77
2019-09-01,30.23,24.99,89.21,5.72,0.78
2019-09-02,29.05,25.31,90.98,3.99,0.78
2019-09-03,30.56,25.13,87.84,2.22,0.77
2019-09-04,29.86,24.85,88.94,6.24,0.77
2019-09-05,29.44,25.1,89.62,2.62,0.77
2019-09-06,30.04,24.86,90.74,2.06,0.77
2019-09-07,30.22,24.66,88.54,2.02,0.76
2019-09-08,30.5,24.89,86.36,3.44,0.76
2019-09-09,29.42,24.86,88.2,3.87,0.75
2019-09-10,29.46,24.79,89.12,2.78,0.75
2019-09-11,27.99,24.29,91.87,3.53,0.75
2019-09-12,28.68,23.81,91.24,1.86,0.75
2019-09-13,30.44,23.92,85.16,0.3,0.74
2019-09-14,30.71,24.75,87.68,1.57,0.74
2019-09-15,31.66,25.26,85.71,0.06,0.73
2019-09-16,33.0,24.5,83.64,0.09,0.72
2019-09-17,31.62,24.59,85.27,0.17,0.71
2019-09-18,32.85,24.48,83.0,3.93,0.71
2019-09-19,30.61,25.69,88.86,2.31,0.71
2019-09-20,30.97,25.0,85.24,4.11,0.71
2019-09-21,30.45,25.12,87.3,1.12,0.71
2019-09-22,30.54,24.74,88.04,0.58,0.7
2019-09-23,31.64,24.65,83.92,0.22,0.69
2019-09-24,32.18,24.07,81.75,0.0,0.68
2019-09-25,32.3,24.63,79.44,0.11,0.67
2019-09-26,32.49,24.14,82.21,6.17,0.67
2019-09-27,30.07,24.99,82.55,1.32,0.67
2019-09-28,32.59,23.74,78.95,1.46,0.67
2019-09-29,33.76,24.63,76.77,0.14,0.66
2019-09-30,34.1,23.86,79.17,0.02,0.65
2019-10-01,33.66,23.99,80.91,0.05,0.64
2019-10-02,33.86,23.84,79.82,0.0,0.64
2019-10-03,34.12,23.88,78.14,0.41,0.63
2019-10-04,31.06,24.65,84.93,3.29,0.63
2019-10-05,31.54,25.02,81.69,0.75,0.63
2019-10-06,30.51,24.3,83.0,0.53,0.62
2019-10-07,32.5,23.06,77.84,0.11,0.62
2019-10-08,32.61,23.76,77.45,0.73,0.61
2019-10-09,33.23,24.07,78.74,5.45,0.61
2019-10-10,33.25,24.85,78.97,11.5,0.62
2019-10-11,33.38,24.08,77.05,0.0,0.62
2019-10-12,32.7,24.33,80.73,0.05,0.61
2019-10-13,34.7,24.73,77.59,2.05,0.6
2019-10-14,32.92,25.34,81.33,1.76,0.6
2019-10-15,33.96,24.78,76.72,0.32,0.6
2019-10-16,34.8,25.03,71.71,0.28,0.59
2019-10-17,33.05,25.4,76.51,0.75,0.59
2019-10-18,35.8,24.79,69.76,0.03,0.58
2019-10-19,35.86,25.1,70.31,0.01,0.58
2019-10-20,35.64,25.44,70.48,0.06,0.57
2019-10-21,35.65,26.16,70.88,0.34,0.56
2019-10-22,36.87,25.0,70.49,0.12,0.56
2019-10-23,37.0,25.0,72.59,2.91,0.56
2019-10-24,36.58,25.26,71.43,1.22,0.55
2019-10-25,35.7,26.01,70.43,1.34,0.55
2019-10-26,35.58,26.36,67.43,0.09,0.54
2019-10-27,34.08,26.26,75.09,1.65,0.54
2019-10-28,33.82,26.41,72.55,0.57,0.54
2019-10-29,35.23,26.46,70.17,3.0,0.54
2019-10-30,34.95,25.98,71.29,2.39,0.54
2019-10-31,33.31,25.9,72.0,0.0,0.54
2019-11-01,36.6,24.24,59.54,0.0,0.54
2019-11-02,35.53,22.93,67.05,0.23,0.53
2019-11-03,35.36,24.8,70.28,0.58,0.53
2019-11-04,33.84,24.81,76.17,0.81,0.52
2019-11-05,32.91,25.13,78.75,0.0,0.52
2019-11-06,30.45,24.69,79.85,0.01,0.52
2019-11-07,31.21,24.24,83.92,0.53,0.52
2019-11-08,33.83,24.15,76.44,0.25,0.52
2019-11-09,33.99,23.87,74.16,0.14,0.51
2019-11-10,35.22,23.53,70.89,0.01,0.51
2019-11-11,35.94,24.22,67.57,0.04,0.51
2019-11-12,36.37,23.85,66.57,0.0,0.5
2019-11-13,36.27,24.04,68.93,0.65,0.5
2019-11-14,33.99,25.33,72.11,1.39,0.5
2019-11-15,36.15,23.78,65.08,0.04,0.5
2019-11-16,35.98,24.44,66.0,0.0,0.49
2019-11-17,36.11,24.7,66.58,0.0,0.49
2019-11-18,36.28,23.95,64.15,0.0,0.49
2019-11-19,36.62,24.05,61.83,0.0,0.49
2019-11-20,36.01,24.15,61.15,0.0,0.48
2019-11-21,35.71,22.54,58.37,0.0,0.48
2019-11-22,35.7,22.02,56.75,0.0,0.48
2019-11-23,35.68,22.72,57.93,0.0,0.48
2019-11-24,35.33,22.63,60.25,0.0,0.47
2019-11-25,35.88,21.86,59.43,0.0,0.47
2019-11-26,36.27,21.06,59.34,0.0,0.47
2019-11-27,36.65,20.91,58.73,0.0,0.47
2019-11-28,37.02,23.59,58.32,0.0,0.47
2019-11-29,37.07,23.61,56.49,0.0,0.47
2019-11-30,37.24,22.23,58.18,0.0,0.47
2019-12-01,37.34,23.32,56.18,0.0,0.47
2019-12-02,37.21,23.44,53.93,0.0,0.47
2019-12-03,35.16,23.68,59.24,0.0,0.46
2019-12-04,33.75,21.89,54.0,0.0,0.46
2019-12-05,32.55,19.9,51.59,0.0,0.46
2019-12-06,31.04,19.22,48.85,0.0,0.46
2019-12-07,29.26,16.32,47.17,0.0,0.46
2019-12-08,30.03,14.6,48.14,0.0,0.46
2019-12-09,30.84,14.09,51.15,0.0,0.46
2019-12-10,31.8,15.32,56.94,0.0,0.46
2019-12-11,31.79,15.97,54.71,0.0,0.46
2019-12-12,32.66,17.05,58.08,0.0,0.46
2019-12-13,33.92,17.68,53.39,0.0,0.46
2019-12-14,34.29,18.86,52.51,0.0,0.46
2019-12-15,35.37,19.33,54.21,0.0,0.46
2019-12-16,36.44,19.48,50.5,0.0,0.46
2019-12-17,37.18,19.84,48.97,0.0,0.46
2019-12-18,36.52,19.17,51.99,0.0,0.46
2019-12-19,36.26,19.18,60.29,0.0,0.46
2019-12-20,35.34,19.65,59.29,0.0,0.46
2019-12-21,35.53,20.02,58.37,0.0,0.46
2019-12-22,35.2,20.26,58.54,0.0,0.46
2019-12-23,33.92,19.12,57.26,0.0,0.46
2019-12-24,34.53,17.9,53.24,0.0,0.46
2019-12-25,34.79,17.99,53.34,0.0,0.46
2019-12-26,35.12,18.0,52.08,0.0,0.46
2019-12-27,35.07,19.21,51.79,0.0,0.46
2019-12-28,33.24,20.87,62.47,1.13,0.46
2019-12-29,33.41,21.67,59.68,0.0,0.46
2019-12-30,34.23,21.85,57.0,0.0,0.46
2019-12-31,36.44,22.5,50.25,0.07,0.46
2020-01-01,36.22,23.27,49.86,0.03,0.46
2020-01-02,36.35,22.9,48.51,0.04,0.46
2020-01-03,36.15,23.17,49.98,0.0,0.46
2020-01-04,36.72,21.82,53.9,0.0,0.46
2020-01-05,36.57,22.23,53.51,0.0,0.46
2020-01-06,34.81,21.53,63.3,0.0,0.46
2020-01-07,35.3,19.91,50.47,0.0,0.46
2020-01-08,35.93,18.54,51.06,0.0,0.46
2020-01-09,36.92,19.56,49.84,0.0,0.46
2020-01-10,35.96,19.72,54.06,0.0,0.46
2020-01-11,34.87,18.74,57.79,0.0,0.46
2020-01-12,34.03,18.21,51.59,0.0,0.46
2020-01-13,34.73,17.18,58.84,0.0,0.46
2020-01-14,34.91,18.13,60.99,0.0,0.46
2020-01-15,35.24,19.6,59.52,0.0,0.46
2020-01-16,36.17,18.8,51.77,0.0,0.46
2020-01-17,36.39,17.75,40.34,0.0,0.46
2020-01-18,36.48,16.6,43.62,0.0,0.46
2020-01-19,36.49,16.89,38.2,0.0,0.46
2020-01-20,36.31,18.22,53.25,0.0,0.46
2020-01-21,36.33,20.32,52.67,0.0,0.46
2020-01-22,36.16,19.84,54.8,0.0,0.46
2020-01-23,36.34,19.98,46.95,0.0,0.46
2020-01-24,35.39,18.37,54.87,0.0,0.46
2020-01-25,33.2,17.72,54.9,0.0,0.46
2020-01-26,32.58,14.88,52.44,0.0,0.46
2020-01-27,31.69,16.16,50.79,0.0,0.46
2020-01-28,32.45,15.08,49.1,0.0,0.46
2020-01-29,34.7,16.78,47.56,0.0,0.46
2020-01-30,35.71,17.82,50.11,0.0,0.46
2020-01-31,34.96,18.51,60.14,0.0,0.46
2020-02-01,35.52,18.54,55.72,0.0,0.46
2020-02-02,36.24,18.8,51.06,0.0,0.46
2020-02-03,34.62,18.66,47.89,0.0,0.46
2020-02-04,33.43,17.97,46.63,0.0,0.46
2020-02-05,34.4,15.41,51.23,0.0,0.46
2020-02-06,35.11,16.48,51.57,0.0,0.46
2020-02-07,36.4,18.91,47.41,0.0,0.46
2020-02-08,36.96,18.61,45.34,0.0,0.46
2020-02-09,37.46,19.39,45.37,0.0,0.46
2020-02-10,36.93,19.86,48.86,0.0,0.46
2020-02-11,36.48,19.68,49.01,0.0,0.46
2020-02-12,35.4,18.93,45.2,0.0,0.46
2020-02-13,33.42,17.59,48.31,0.0,0.46
2020-02-14,33.43,15.99,57.08,0.0,0.46
2020-02-15,34.53,17.85,63.59,0.0,0.46
2020-02-16,35.89,17.29,56.84,0.0,0.46
2020-02-17,36.67,17.47,54.03,0.0,0.46
2020-02-18,36.42,17.34,55.77,0.0,0.46
2020-02-19,36.4,18.99,56.06,0.0,0.46
2020-02-20,36.81,20.24,50.82,0.0,0.46
2020-02-21,37.81,19.89,42.35,0.0,0.46
2020-02-22,37.34,21.39,42.2,0.0,0.46
2020-02-23,37.24,21.22,43.09,0.0,0.46
2020-02-24,36.75,21.03,43.33,0.0,0.46
2020-02-25,37.02,19.93,44.43,0.0,0.46
2020-02-26,37.35,22.19,41.53,0.0,0.46
2020-02-27,36.63,22.18,47.37,0.0,0.46
2020-02-28,36.82,19.95,48.27,0.0,0.46
2020-02-29,37.72,19.76,45.84,0.0,0.46
2020-03-01,37.26,21.12,51.17,0.0,0.46
2020-03-02,36.47,20.7,56.21,0.0,0.46
2020-03-03,36.4,20.86,58.32,0.0,0.46
2020-03-04,35.73,19.92,62.22,0.0,0.46
2020-03-05,36.24,19.07,58.62,0.0,0.46
2020-03-06,36.69,18.8,57.9,0.0,0.46
2020-03-07,37.25,18.45,57.63,0.0,0.46
2020-03-08,37.29,19.39,57.33,0.0,0.46
2020-03-09,37.64,20.21,56.04,0.0,0.46
2020-03-10,36.82,19.81,52.87,0.0,0.46
2020-03-11,36.94,18.68,53.23,0.0,0.46
2020-03-12,39.18,18.9,54.44,0.0,0.46
2020-03-13,40.83,20.44,54.07,0.0,0.46
2020-03-14,41.06,21.44,52.02,0.0,0.46
2020-03-15,41.2,21.88,48.45,0.07,0.46
2020-03-16,40.99,23.37,48.48,0.0,0.46
2020-03-17,39.73,21.31,52.39,0.0,0.46
2020-03-18,38.48,21.25,55.97,0.0,0.46
2020-03-19,37.92,21.98,54.14,0.0,0.46
2020-03-20,39.22,22.89,54.94,0.0,0.46
2020-03-21,38.73,20.71,55.99,0.0,0.46
2020-03-22,38.24,19.77,54.68,0.0,0.46
2020-03-23,38.77,20.92,51.25,0.0,0.46
2020-03-24,37.85,20.55,50.62,0.0,0.46
2020-03-25,38.55,19.93,56.16,0.0,0.46
2020-03-26,38.64,20.81,59.52,0.0,0.46
2020-03-27,39.18,21.43,62.07,0.0,0.46
2020-03-28,39.2,22.06,62.42,0.0,0.46
2020-03-29,39.37,22.51,62.56,0.0,0.46
2020-03-30,40.15,22.62,61.29,0.0,0.46
2020-03-31,40.8,22.21,56.29,0.0,0.46
2020-04-01,39.86,21.44,57.91,0.0,0.46
2020-04-02,40.11,21.29,56.77,0.0,0.46
2020-04-03,40.38,21.76,58.69,0.0,0.46
2020-04-04,40.53,22.71,58.38,0.0,0.46
2020-04-05,41.15,22.57,57.44,0.0,0.46
2020-04-06,40.39,22.81,59.34,0.0,0.46
2020-04-07,37.71,23.69,60.13,0.0,0.46
2020-04-08,39.78,22.08,60.95,0.0,0.46
2020-04-09,39.29,24.02,58.04,0.0,0.46
2020-04-10,38.57,21.91,59.18,0.0,0.46
2020-04-11,39.91,22.87,59.48,0.08,0.46
2020-04-12,38.38,24.06,61.17,0.0,0.46
2020-04-13,40.04,22.71,55.82,0.0,0.46
2020-04-14,39.81,24.04,54.16,0.01,0.46
2020-04-15,39.91,24.84,56.49,0.3,0.46
2020-04-16,38.97,24.43,55.02,0.0,0.46
2020-04-17,37.31,23.81,54.51,0.32,0.46
2020-04-18,40.1,24.33,54.28,3.45,0.46
2020-04-19,40.01,23.39,57.99,0.0,0.46
2020-04-20,41.3,24.0,55.21,0.0,0.46
2020-04-21,39.22,25.13,57.25,0.0,0.46
2020-04-22,39.23,24.27,54.48,0.02,0.46
2020-04-23,41.57,24.7,51.72,0.23,0.46
2020-04-24,40.65,24.39,49.92,0.01,0.46
2020-04-25,39.52,25.57,52.35,2.3,0.46
2020-04-26,33.96,27.05,64.44,5.44,0.47
2020-04-27,32.48,26.48,70.04,4.41,0.48
2020-04-28,33.13,25.14,70.71,6.74,0.48
2020-04-29,32.44,25.56,74.32,3.37,0.49
2020-04-30,34.33,25.48,69.84,1.63,0.49
2020-05-01,36.66,25.44,64.63,0.37,0.48
2020-05-02,36.83,26.32,63.15,0.07,0.48
2020-05-03,37.54,26.87,60.04,0.26,0.48
2020-05-04,39.48,26.25,55.98,0.03,0.47
2020-05-05,40.37,25.85,58.95,0.0,0.47
2020-05-06,39.82,26.16,61.26,0.0,0.47
2020-05-07,38.53,26.11,62.19,0.78,0.47
2020-05-08,40.28,26.21,55.53,0.06,0.47
2020-05-09,41.34,26.08,52.69,0.04,0.47
2020-05-10,41.05,26.51,54.07,0.39,0.46
2020-05-11,41.96,27.73,50.86,0.49,0.46
2020-05-12,39.85,28.72,48.96,0.0,0.46
2020-05-13,38.49,27.74,51.48,0.1,0.46
2020-05-14,40.04,27.08,53.96,0.21,0.46
2020-05-15,38.66,27.7,53.95,0.0,0.46
2020-05-16,41.48,28.07,51.31,0.0,0.46
2020-05-17,39.15,28.88,51.32,0.0,0.46
2020-05-18,33.7,27.64,69.81,6.98,0.46
2020-05-19,33.71,27.5,71.35,0.71,0.47
2020-05-20,35.64,27.4,68.26,2.44,0.47
2020-05-21,36.02,27.55,69.82,1.28,0.47
2020-05-22,38.98,26.56,63.44,0.33,0.47
2020-05-23,40.08,27.23,60.25,0.43,0.47
2020-05-24,37.93,27.78,60.02,0.14,0.47
2020-05-25,39.89,26.89,58.64,0.1,0.47
2020-05-26,36.21,28.86,60.55,0.03,0.46
2020-05-27,36.42,28.0,60.78,0.7,0.46
2020-05-28,34.36,27.36,75.93,9.73,0.47
2020-05-29,33.36,26.03,77.65,2.99,0.48
2020-05-30,36.01,25.68,69.4,0.24,0.48
2020-05-31,34.46,26.54,69.93,0.93,0.48
2020-06-01,34.32,26.23,75.65,5.68,0.48
2020-06-02,33.1,26.65,76.23,4.2,0.49
2020-06-03,37.25,26.06,65.33,1.33,0.49
2020-06-04,33.62,26.8,71.61,0.38,0.49
2020-06-05,35.3,26.67,70.14,0.51,0.48
2020-06-06,33.19,25.9,74.03,3.61,0.48
2020-06-07,33.92,25.37,76.38,2.2,0.49
2020-06-08,30.92,25.68,82.67,4.1,0.49
2020-06-09,33.14,26.02,82.61,7.06,0.5
2020-06-10,32.7,26.2,77.99,0.67,0.5
2020-06-11,34.07,26.11,74.51,0.8,0.5
2020-06-12,33.41,26.44,75.24,1.2,0.5
2020-06-13,33.26,26.52,78.84,7.04,0.5
2020-06-14,32.39,26.41,82.02,8.23,0.52
2020-06-15,32.74,25.68,80.41,13.25,0.53
2020-06-16,31.63,25.37,82.15,7.82,0.54
2020-06-17,31.44,25.68,81.99,8.07,0.55
2020-06-18,33.3,25.01,76.55,4.74,0.56
2020-06-19,31.61,25.75,78.44,0.5,0.55
2020-06-20,33.55,25.25,74.86,3.37,0.55
2020-06-21,35.74,25.08,71.21,0.25,0.55
2020-06-22,35.41,26.1,74.63,2.61,0.55
2020-06-23,32.73,26.07,76.99,4.01,0.55
2020-06-24,34.39,25.78,75.24,8.33,0.55
2020-06-25,33.46,25.8,78.03,6.19,0.56
2020-06-26,32.82,25.74,79.22,7.89,0.57
2020-06-27,31.75,24.99,77.91,8.45,0.58
2020-06-28,33.39,25.18,73.87,0.56,0.58
2020-06-29,35.35,25.11,70.09,0.41,0.57
2020-06-30,34.28,25.58,74.78,2.86,0.57
2020-07-01,31.19,25.94,79.87,5.91,0.58
2020-07-02,31.33,25.97,82.6,5.79,0.58
2020-07-03,32.7,25.84,80.01,2.72,0.58
2020-07-04,31.25,25.32,79.33,2.39,0.58
2020-07-05,31.83,25.17,81.17,0.47,0.58
2020-07-06,32.97,25.59,75.33,0.66,0.58
2020-07-07,33.51,25.87,78.49,5.25,0.58
2020-07-08,32.0,25.58,81.19,0.31,0.58
2020-07-09,34.11,24.98,76.26,1.97,0.57
2020-07-10,34.27,25.34,76.16,3.96,0.57
2020-07-11,32.0,26.25,81.32,6.04,0.58
2020-07-12,33.0,25.59,78.06,6.65,0.59
2020-07-13,29.6,24.61,81.66,2.47,0.59
2020-07-14,32.87,24.03,76.52,0.65,0.58
2020-07-15,34.43,24.42,73.76,0.36,0.58
2020-07-16,32.95,25.38,75.79,1.57,0.58
2020-07-17,32.68,25.39,78.1,7.33,0.58
2020-07-18,34.24,25.57,75.48,0.09,0.58
2020-07-19,34.55,25.54,73.03,0.87,0.57
2020-07-20,33.56,25.54,76.21,0.84,0.57
2020-07-21,33.6,25.79,77.37,3.31,0.57
2020-07-22,30.92,25.4,77.24,0.68,0.57
2020-07-23,33.83,24.91,72.38,0.14,0.56
2020-07-24,34.41,24.99,72.59,1.49,0.56
2020-07-25,33.94,25.34,76.55,6.08,0.56
2020-07-26,35.11,25.91,75.64,2.94,0.57
2020-07-27,31.9,26.32,80.38,2.87,0.57
2020-07-28,31.02,25.77,82.89,10.46,0.58
2020-07-29,31.61,25.2,82.44,3.28,0.58
2020-07-30,32.53,24.42,79.2,2.84,0.58
2020-07-31,34.94,24.62,75.37,0.59,0.58
2020-08-01,31.86,26.21,80.24,1.41,0.57
2020-08-02,32.22,25.99,80.08,14.4,0.58
2020-08-03,29.87,26.4,88.26,11.85,0.61
2020-08-04,31.94,26.31,85.13,11.4,0.62
2020-08-05,30.28,25.85,84.69,2.59,0.62
2020-08-06,30.97,25.82,83.62,1.0,0.62
2020-08-07,30.0,25.46,87.72,3.07,0.62
2020-08-08,30.86,25.42,85.32,1.33,0.62
2020-08-09,33.48,25.14,81.23,1.78,0.61
2020-08-10,31.96,25.9,81.84,2.86,0.61
2020-08-11,30.85,25.75,86.43,5.27,0.62
2020-08-12,30.77,25.5,85.68,6.49,0.62
2020-08-13,30.13,25.52,85.34,3.22,0.63
2020-08-14,30.05,25.69,83.99,1.91,0.62
2020-08-15,31.18,25.25,83.42,2.52,0.62
2020-08-16,32.06,24.81,79.41,1.5,0.62
2020-08-17,32.97,24.41,75.54,1.87,0.61
2020-08-18,30.77,24.52,83.99,2.08,0.61
2020-08-19,31.77,24.91,82.02,1.85,0.61
2020-08-20,32.88,24.57,78.46,1.89,0.61
2020-08-21,30.03,25.1,83.05,9.47,0.61
2020-08-22,29.44,24.92,87.28,11.49,0.62
2020-08-23,29.38,24.96,82.9,2.7,0.63
2020-08-24,30.59,24.53,82.33,3.95,0.63
2020-08-25,30.29,25.05,85.96,1.17,0.63
2020-08-26,32.44,25.01,81.0,2.7,0.63
2020-08-27,33.49,24.98,80.1,1.31,0.62
2020-08-28,32.0,24.99,82.7,4.14,0.62
2020-08-29,32.59,24.64,81.68,2.04,0.62
2020-08-30,32.93,24.72,80.02,1.15,0.61
2020-08-31,33.19,25.27,80.25,9.56,0.62
2020-09-01,31.57,25.08,83.01,4.96,0.62
2020-09-02,33.11,25.33,77.37,0.0,0.62
2020-09-03,32.95,25.4,78.15,0.0,0.61
2020-09-04,33.98,25.36,76.84,0.05,0.61
2020-09-05,33.33,25.97,77.84,0.92,0.6
2020-09-06,33.22,25.63,80.24,1.27,0.6
2020-09-07,31.86,25.66,81.13,0.24,0.6
2020-09-08,31.67,25.14,82.7,2.91,0.6
2020-09-09,31.76,25.36,79.21,0.44,0.6
2020-09-10,34.14,24.73,74.35,0.28,0.59
2020-09-11,33.64,25.16,78.42,1.34,0.58
2020-09-12,33.38,25.7,78.39,0.3,0.58
2020-09-13,32.52,25.3,81.54,1.09,0.58
2020-09-14,33.17,25.35,79.17,0.32,0.58
2020-09-15,33.17,25.32,76.92,0.04,0.57
2020-09-16,32.98,25.17,79.15,0.49,0.57
2020-09-17,33.01,25.57,78.55,1.88,0.56
2020-09-18,31.43,25.57,85.13,8.24,0.57
2020-09-19,28.77,25.27,92.17,10.95,0.59
2020-09-20,31.99,25.56,83.99,4.85,0.6
2020-09-21,30.81,25.69,85.02,1.37,0.59
2020-09-22,32.54,25.48,82.16,1.77,0.59
2020-09-23,32.28,25.61,83.45,2.61,0.59
2020-09-24,30.38,24.79,86.87,6.5,0.6
2020-09-25,32.78,24.08,80.88,3.56,0.6
2020-09-26,32.51,24.64,79.29,0.14,0.59
2020-09-27,32.12,25.44,79.77,0.23,0.59
2020-09-28,31.86,25.75,82.92,1.58,0.58
2020-09-29,31.62,25.4,87.75,5.76,0.59
2020-09-30,31.91,24.77,84.76,0.65,0.59
2020-10-01,31.11,25.44,85.1,0.21,0.59
2020-10-02,31.37,25.49,82.61,0.27,0.58
2020-10-03,32.45,24.88,84.68,14.61,0.58
2020-10-04,30.75,24.91,85.74,7.16,0.61
2020-10-05,31.17,24.51,84.46,0.25,0.6
2020-10-06,32.38,24.43,82.47,3.24,0.6
2020-10-07,33.77,25.03,78.65,1.01,0.6
2020-10-08,34.5,25.12,77.02,1.63,0.59
2020-10-09,31.78,25.54,79.99,0.21,0.59
2020-10-10,32.57,24.54,76.34,0.2,0.58
2020-10-11,32.76,23.84,78.31,0.33,0.58
2020-10-12,31.64,24.52,84.76,5.25,0.58
2020-10-13,30.51,24.49,88.49,22.9,0.59
2020-10-14,30.71,24.11,86.94,1.94,0.61
2020-10-15,32.8,24.56,83.51,4.61,0.61
2020-10-16,28.24,25.12,92.16,4.51,0.62
2020-10-17,31.36,24.94,84.57,0.45,0.61
2020-10-18,31.61,24.32,81.47,0.95,0.61
2020-10-19,31.35,23.58,78.91,0.34,0.6
2020-10-20,31.26,24.32,83.96,0.12,0.6
2020-10-21,31.16,24.76,84.99,0.34,0.59
2020-10-22,32.54,23.82,81.62,0.4,0.59
2020-10-23,33.0,24.14,79.82,0.32,0.58
2020-10-24,33.58,23.65,79.41,0.18,0.58
2020-10-25,33.67,24.92,76.65,0.09,0.57
2020-10-26,31.26,24.81,79.44,0.92,0.57
2020-10-27,33.34,24.34,78.64,1.29,0.57
2020-10-28,32.77,25.01,80.72,1.6,0.56
2020-10-29,33.1,24.25,77.82,2.53,0.56
2020-10-30,30.91,24.42,85.27,6.52,0.57
2020-10-31,30.95,24.2,86.57,1.33,0.57
2020-11-01,31.88,24.79,82.57,0.53,0.57
2020-11-02,33.01,24.38,79.72,0.81,0.56
2020-11-03,28.54,25.3,91.12,13.63,0.58
2020-11-04,32.04,24.64,80.37,4.06,0.59
2020-11-05,34.22,24.03,75.02,0.0,0.58
2020-11-06,35.16,24.25,74.88,0.0,0.58
2020-11-07,34.27,24.2,74.6,0.01,0.57
2020-11-08,33.48,23.92,72.13,0.0,0.56
2020-11-09,33.5,24.25,70.35,0.06,0.56
2020-11-10,33.87,22.72,68.54,0.0,0.55
2020-11-11,33.39,21.23,67.28,0.07,0.55
2020-11-12,34.17,21.96,69.15,0.08,0.54
2020-11-13,35.16,23.03,68.8,0.18,0.54
2020-11-14,34.9,24.35,65.0,0.0,0.54
2020-11-15,35.3,22.5,65.33,0.0,0.53
2020-11-16,35.46,23.2,62.17,0.0,0.53
2020-11-17,35.73,23.14,66.33,0.0,0.52
2020-11-18,35.68,22.5,63.72,0.0,0.52
2020-11-19,34.97,19.68,61.97,0.0,0.52
2020-11-20,35.5,19.5,61.45,0.0,0.51
2020-11-21,35.57,18.27,55.79,0.0,0.51
2020-11-22,35.47,18.71,58.77,0.07,0.5
2020-11-23,35.68,19.85,60.84,0.06,0.5
2020-11-24,36.03,22.53,62.32,0.0,0.5
2020-11-25,34.23,24.64,67.67,0.0,0.5
2020-11-26,35.9,23.18,63.94,0.0,0.49
2020-11-27,36.02,22.7,62.31,0.0,0.49
2020-11-28,35.46,22.62,59.7,0.0,0.49
2020-11-29,35.56,21.69,60.73,0.0,0.49
2020-11-30,35.03,21.73,62.34,0.0,0.48
2020-12-01,35.14,22.69,63.61,0.0,0.48
2020-12-02,36.14,23.34,60.43,0.0,0.48
2020-12-03,35.35,23.18,62.54,0.03,0.48
2020-12-04,34.24,24.79,63.27,0.05,0.48
2020-12-05,33.95,22.89,62.65,0.01,0.47
2020-12-06,33.54,22.63,57.24,0.0,0.47
2020-12-07,35.3,23.18,56.57,0.0,0.47
2020-12-08,35.02,19.81,50.2,0.0,0.47
2020-12-09,34.24,20.96,57.75,0.0,0.47
2020-12-10,33.97,20.03,59.87,0.0,0.47
2020-12-11,34.23,19.49,59.41,0.0,0.47
2020-12-12,34.91,19.2,59.75,0.0,0.47
2020-12-13,34.31,18.9,61.59,0.0,0.47
2020-12-14,35.64,18.99,58.87,0.0,0.47
2020-12-15,36.1,19.61,53.58,0.0,0.46
2020-12-16,37.31,21.21,51.26,0.01,0.46
2020-12-17,34.41,22.81,55.15,0.0,0.46
2020-12-18,35.89,21.87,56.12,0.0,0.46
2020-12-19,35.75,21.43,54.7,0.16,0.46
2020-12-20,35.32,22.32,56.11,0.0,0.46
2020-12-21,33.73,21.7,56.47,0.0,0.46
2020-12-22,33.51,22.08,54.07,0.0,0.46
2020-12-23,34.04,20.51,57.53,0.0,0.46
2020-12-24,35.13,19.65,55.88,0.0,0.46
2020-12-25,36.38,20.16,50.66,0.0,0.46
2020-12-26,36.6,21.66,53.41,0.07,0.46
2020-12-27,36.61,22.34,53.88,0.01,0.46
2020-12-28,36.16,22.17,55.66,0.0,0.46
2020-12-29,35.48,21.39,57.96,0.0,0.46
2020-12-30,36.02,19.31,45.91,0.0,0.46
2020-12-31,35.23,19.89,51.13,0.04,0.46
2021-01-01,33.58,19.52,53.08,0.0,0.46
2021-01-02,33.83,19.85,51.29,0.0,0.46
2021-01-03,34.73,19.79,48.14,0.0,0.46
2021-01-04,35.73,20.61,50.89,0.0,0.46
2021-01-05,36.78,21.83,52.32,0.0,0.46
2021-01-06,37.7,21.08,53.6,0.0,0.46
2021-01-07,37.19,23.37,51.79,0.0,0.46
2021-01-08,37.68,22.74,52.14,0.0,0.46
2021-01-09,36.65,23.79,53.8,0.0,0.46
2021-01-10,36.08,23.92,56.71,0.02,0.46
2021-01-11,36.77,23.82,53.64,0.0,0.46
2021-01-12,33.14,22.41,53.39,0.0,0.46
2021-01-13,33.65,20.42,52.92,0.0,0.46
2021-01-14,33.14,20.14,57.38,0.0,0.46
2021-01-15,32.84,17.97,57.91,0.0,0.46
2021-01-16,32.4,18.91,58.94,0.0,0.46
2021-01-17,33.52,18.85,54.96,0.0,0.46
2021-01-18,34.64,18.89,58.05,0.0,0.46
2021-01-19,34.29,21.37,55.21,0.0,0.46
2021-01-20,33.64,20.73,62.5,0.0,0.46
2021-01-21,33.41,19.38,61.95,0.0,0.46
2021-01-22,33.4,20.44,58.75,0.0,0.46
2021-01-23,33.64,19.86,52.41,0.0,0.46
2021-01-24,33.43,17.49,54.13,0.0,0.46
2021-01-25,34.61,17.08,54.6,0.0,0.46
2021-01-26,35.37,17.23,50.54,0.0,0.46
2021-01-27,36.66,18.51,49.98,0.0,0.46
2021-01-28,37.07,19.76,51.36,0.0,0.46
2021-01-29,35.51,22.03,56.47,0.01,0.46
2021-01-30,34.95,22.16,53.01,1.03,0.46
2021-01-31,35.98,20.39,45.15,0.0,0.46
2021-02-01,34.56,20.42,47.1,0.0,0.46
2021-02-02,34.54,18.32,48.14,0.0,0.46
2021-02-03,34.83,16.63,49.59,0.0,0.46
2021-02-04,36.53,18.17,49.27,0.0,0.46
2021-02-05,36.79,19.98,52.94,0.0,0.46
2021-02-06,36.12,21.58,57.43,0.0,0.46
2021-02-07,34.68,22.18,58.3,2.82,0.46
2021-02-08,32.89,19.01,50.61,1.66,0.47
2021-02-09,34.51,16.59,48.56,0.0,0.46
2021-02-10,35.41,17.13,42.47,0.0,0.46
2021-02-11,35.59,18.61,48.54,0.0,0.46
2021-02-12,35.55,19.19,52.9,0.0,0.46
2021-02-13,35.29,19.14,50.67,0.0,0.46
2021-02-14,35.11,17.51,53.29,0.0,0.46
2021-02-15,33.75,18.43,57.94,0.39,0.46
2021-02-16,35.03,17.72,56.96,0.0,0.46
2021-02-17,36.48,18.84,55.61,0.0,0.46
2021-02-18,35.85,21.0,60.2,0.76,0.46
2021-02-19,34.23,22.54,55.56,0.0,0.46
2021-02-20,35.04,24.14,50.5,0.0,0.46
2021-02-21,36.82,22.27,53.54,0.0,0.46
2021-02-22,38.36,22.52,52.38,0.0,0.46
2021-02-23,37.91,22.38,51.56,0.0,0.46
2021-02-24,37.25,21.17,47.61,0.0,0.46
2021-02-25,36.42,19.62,55.58,0.0,0.46
2021-02-26,36.4,19.11,60.3,0.0,0.46
2021-02-27,37.34,18.53,58.06,0.0,0.46
2021-02-28,37.13,18.62,59.15,0.0,0.46
2021-03-01,37.4,19.08,55.5,0.0,0.46
2021-03-02,38.61,19.18,52.06,0.0,0.46
2021-03-03,38.22,19.54,50.95,0.05,0.46
2021-03-04,39.13,20.65,49.61,0.01,0.46
2021-03-05,39.25,20.92,48.52,0.0,0.46
2021-03-06,39.25,18.67,47.82,0.0,0.46
2021-03-07,39.46,19.43,50.04,0.0,0.46
2021-03-08,39.6,19.92,49.0,0.0,0.46
2021-03-09,39.35,20.27,49.77,0.0,0.46
2021-03-10,39.39,20.28,48.56,0.05,0.46
2021-03-11,40.05,20.51,43.04,0.0,0.46
2021-03-12,40.31,22.04,47.59,0.13,0.46
2021-03-13,40.81,23.12,49.29,0.0,0.46
2021-03-14,40.02,22.85,54.93,0.0,0.46
2021-03-15,39.81,22.28,55.82,0.0,0.46
2021-03-16,38.71,20.8,52.55,0.19,0.46
2021-03-17,38.23,21.3,57.45,0.0,0.46
2021-03-18,40.13,22.03,54.91,0.0,0.46
2021-03-19,40.33,22.17,51.83,0.0,0.46
2021-03-20,40.48,22.31,52.01,0.0,0.46
2021-03-21,41.62,22.77,52.47,0.0,0.46
2021-03-22,42.68,22.98,50.76,0.0,0.46
2021-03-23,40.72,24.67,54.38,0.0,0.46
2021-03-24,40.15,25.05,53.93,0.0,0.46
2021-03-25,41.41,24.68,54.08,0.02,0.46
2021-03-26,40.8,25.47,49.24,0.43,0.46
2021-03-27,41.67,25.86,46.33,0.05,0.46
2021-03-28,40.58,24.98,51.77,0.0,0.46
2021-03-29,40.11,24.66,52.2,0.0,0.46
2021-03-30,39.39,25.44,55.82,0.0,0.46
2021-03-31,40.36,24.59,59.52,0.01,0.46
2021-04-01,38.3,24.16,61.29,0.76,0.46
2021-04-02,39.8,24.34,56.94,0.04,0.46
2021-04-03,38.79,26.19,59.35,1.34,0.46
2021-04-04,33.39,26.09,68.98,5.11,0.47
2021-04-05,32.01,24.45,70.99,15.02,0.48
2021-04-06,33.76,23.27,76.65,5.04,0.5
2021-04-07,36.02,24.09,68.44,0.08,0.5
2021-04-08,37.51,24.17,63.13,0.0,0.49
2021-04-09,38.72,23.89,60.66,0.27,0.49
2021-04-10,39.17,23.67,58.65,0.23,0.48
2021-04-11,38.3,25.29,61.23,1.59,0.48
2021-04-12,33.97,25.81,72.9,20.23,0.51
2021-04-13,35.2,25.64,68.89,0.23,0.51
2021-04-14,33.66,25.93,68.1,0.51,0.51
2021-04-15,35.43,25.21,64.01,0.15,0.5
2021-04-16,30.22,24.55,74.66,13.53,0.51
2021-04-17,34.26,23.73,70.93,8.34,0.53
2021-04-18,36.01,24.83,66.72,0.07,0.53
2021-04-19,37.2,24.62,62.57,0.18,0.52
2021-04-20,37.44,24.49,64.61,0.0,0.52
2021-04-21,37.83,24.72,65.5,0.1,0.51
2021-04-22,38.01,24.86,66.61,0.0,0.51
2021-04-23,37.15,24.74,66.13,0.0,0.5
2021-04-24,38.02,25.97,65.18,0.2,0.5
2021-04-25,36.6,26.1,67.19,2.97,0.5
2021-04-26,33.48,25.36,75.38,10.89,0.52
2021-04-27,34.64,24.67,75.52,9.17,0.52
2021-04-28,35.74,25.44,71.98,1.35,0.53
2021-04-29,34.69,26.06,74.67,5.63,0.53
2021-04-30,35.26,26.31,71.43,8.19,0.53
2021-05-01,35.41,25.39,72.73,3.19,0.54
2021-05-02,35.97,25.66,67.33,0.09,0.53
2021-05-03,37.93,25.53,62.52,0.01,0.53
2021-05-04,37.42,25.78,61.25,0.06,0.52
2021-05-05,34.59,26.38,68.42,1.26,0.52
2021-05-06,35.38,25.39,72.99,9.58,0.52
2021-05-07,37.66,25.41,63.06,0.2,0.53
2021-05-08,35.99,26.35,69.45,6.5,0.53
2021-05-09,35.58,25.87,68.04,0.0,0.53
2021-05-10,36.21,26.57,67.17,0.03,0.52
2021-05-11,37.27,26.17,66.53,0.64,0.52
2021-05-12,31.46,26.94,78.6,0.01,0.52
2021-05-13,38.64,26.31,64.37,0.0,0.51
2021-05-14,38.97,26.01,64.22,0.04,0.51
2021-05-15,40.08,26.07,63.75,0.01,0.5
2021-05-16,40.89,26.77,60.33,0.0,0.5
2021-05-17,41.23,28.67,57.23,0.04,0.49
2021-05-18,39.32,28.23,63.05,0.0,0.49
2021-05-19,36.97,28.13,65.41,0.0,0.49
2021-05-20,38.65,27.39,61.88,0.02,0.48
2021-05-21,35.76,28.24,67.5,0.23,0.48
2021-05-22,32.15,27.12,77.98,0.61,0.48
2021-05-23,35.05,26.48,71.81,0.31,0.48
2021-05-24,32.87,27.17,71.72,0.12,0.48
2021-05-25,34.6,26.78,67.87,1.24,0.48
2021-05-26,35.34,25.98,68.79,0.27,0.48
2021-05-27,36.01,26.61,65.0,0.2,0.47
2021-05-28,34.8,26.82,76.34,26.21,0.49
2021-05-29,33.11,26.5,75.79,3.99,0.52
2021-05-30,36.31,26.07,68.59,2.83,0.52
2021-05-31,36.73,26.18,66.9,0.88,0.52
2021-06-01,37.7,26.45,66.11,0.24,0.51
2021-06-02,38.09,26.61,67.1,0.06,0.51
2021-06-03,38.09,26.41,65.71,0.26,0.51
2021-06-04,37.97,26.23,67.22,2.4,0.5
2021-06-05,34.94,27.04,75.36,6.94,0.51
2021-06-06,32.39,27.03,79.49,4.51,0.52
2021-06-07,33.15,26.86,73.33,1.28,0.52
2021-06-08,31.22,25.72,79.0,6.49,0.52
2021-06-09,31.59,25.55,80.21,3.81,0.52
2021-06-10,31.89,25.59,78.38,5.75,0.53
2021-06-11,34.1,25.17,73.05,2.52,0.53
2021-06-12,33.71,25.58,72.09,2.09,0.53
2021-06-13,33.31,25.93,72.99,2.42,0.53
2021-06-14,31.28,26.14,82.78,5.68,0.53
2021-06-15,30.79,26.09,83.79,7.96,0.54
2021-06-16,29.25,25.72,88.81,18.33,0.57
2021-06-17,29.83,25.29,83.76,6.09,0.58
2021-06-18,33.82,25.3,73.87,2.02,0.58
2021-06-19,33.73,24.9,74.57,2.8,0.58
2021-06-20,34.46,25.5,72.17,0.43,0.57
2021-06-21,33.33,26.23,77.95,4.6,0.57
2021-06-22,31.09,25.85,81.64,4.31,0.58
2021-06-23,30.16,25.26,83.88,19.26,0.6
2021-06-24,31.84,25.07,79.11,0.69,0.6
2021-06-25,33.31,24.77,74.37,1.2,0.6
2021-06-26,33.57,24.67,75.99,2.01,0.59
2021-06-27,33.62,25.28,78.06,8.99,0.6
2021-06-28,30.84,25.25,84.72,6.2,0.6
2021-06-29,32.27,24.73,81.48,13.88,0.62
2021-06-30,32.67,25.25,78.58,5.98,0.62
2021-07-01,33.24,24.77,79.0,5.88,0.62
2021-07-02,32.27,25.32,80.46,15.77,0.64
2021-07-03,31.37,25.11,80.22,6.59,0.65
2021-07-04,33.23,24.75,78.62,0.85,0.64
2021-07-05,32.93,25.38,79.81,0.2,0.64
2021-07-06,30.84,25.96,84.46,1.94,0.63
2021-07-07,30.51,25.42,83.57,3.15,0.63
2021-07-08,31.85,25.14,79.92,1.44,0.63
2021-07-09,31.34,25.0,80.1,9.21,0.64
2021-07-10,32.77,24.55,79.62,7.86,0.64
2021-07-11,28.38,24.81,87.2,13.82,0.66
2021-07-12,30.55,24.81,87.75,5.24,0.66
2021-07-13,31.83,24.38,81.97,0.91,0.66
2021-07-14,31.65,24.85,82.5,8.6,0.66
2021-07-15,31.58,25.53,83.59,7.61,0.67
2021-07-16,30.57,25.07,84.0,1.9,0.67
2021-07-17,32.75,24.56,77.34,1.49,0.67
2021-07-18,32.53,25.37,82.48,1.46,0.66
2021-07-19,29.95,25.15,83.87,7.37,0.66
2021-07-20,29.76,24.98,87.21,6.49,0.67
2021-07-21,31.07,25.46,85.63,10.8,0.68
2021-07-22,31.17,25.48,83.11,16.17,0.69
2021-07-23,31.23,25.97,84.41,8.14,0.7
2021-07-24,31.12,25.62,86.73,5.16,0.7
2021-07-25,30.37,26.07,87.05,16.94,0.71
2021-07-26,28.93,24.85,86.93,21.9,0.74
2021-07-27,30.63,24.77,84.86,11.04,0.75
2021-07-28,30.34,25.8,88.87,15.24,0.77
2021-07-29,31.17,26.18,87.51,7.41,0.77
2021-07-30,31.22,25.93,87.39,8.19,0.77
2021-07-31,29.75,25.93,90.49,7.87,0.78
2021-08-01,29.36,25.52,91.33,3.72,0.78
2021-08-02,29.39,25.2,90.1,5.75,0.78
2021-08-03,28.83,25.28,91.16,18.33,0.8
2021-08-04,29.55,24.93,88.39,3.49,0.8
2021-08-05,29.06,25.22,88.29,4.74,0.8
2021-08-06,30.14,24.92,89.33,4.1,0.8
2021-08-07,31.92,24.56,86.26,3.55,0.79
2021-08-08,31.73,25.4,86.75,0.3,0.79
2021-08-09,32.03,25.08,86.27,2.15,0.78
2021-08-10,32.8,25.15,83.89,0.76,0.77
2021-08-11,32.52,25.2,84.96,3.36,0.77
2021-08-12,30.96,25.31,86.67,1.92,0.76
2021-08-13,29.83,25.19,87.75,10.37,0.77
2021-08-14,31.29,24.97,87.44,2.51,0.77
2021-08-15,30.69,25.25,89.46,7.66,0.77
2021-08-16,29.91,24.91,89.73,2.11,0.77
2021-08-17,29.98,24.77,89.97,3.32,0.77
2021-08-18,29.13,24.22,87.69,1.87,0.77
2021-08-19,31.54,23.65,83.33,0.05,0.76
2021-08-20,30.64,24.66,86.59,0.1,0.75
2021-08-21,32.2,25.1,81.19,0.01,0.75
2021-08-22,31.37,24.25,84.27,0.74,0.74
2021-08-23,30.67,25.27,85.93,1.82,0.73
2021-08-24,30.07,25.19,88.82,27.12,0.75
2021-08-25,29.41,25.05,87.26,2.44,0.77
2021-08-26,28.3,24.37,87.69,2.36,0.76
2021-08-27,29.85,24.39,89.49,4.86,0.76
2021-08-28,31.31,24.59,85.45,3.49,0.76
2021-08-29,29.78,23.97,87.49,2.79,0.76
2021-08-30,30.65,23.71,85.07,2.64,0.75
2021-08-31,31.73,23.92,84.15,10.44,0.75
2021-09-01,28.95,24.96,89.86,2.9,0.76
2021-09-02,31.05,24.61,86.13,3.11,0.75
2021-09-03,27.53,24.69,93.86,1.55,0.75
2021-09-04,28.27,24.82,92.12,2.82,0.75
2021-09-05,29.49,24.9,90.6,1.77,0.75
2021-09-06,29.65,24.41,89.44,3.8,0.75
2021-09-07,31.95,23.84,82.42,2.83,0.74
2021-09-08,29.57,24.51,87.45,6.85,0.75
2021-09-09,29.2,24.98,91.24,7.63,0.75
2021-09-10,30.63,24.44,88.08,3.71,0.75
2021-09-11,29.15,24.54,89.75,6.84,0.75
2021-09-12,31.09,24.43,85.28,0.63,0.75
2021-09-13,31.57,24.47,86.76,1.3,0.74
2021-09-14,30.91,25.39,87.32,1.71,0.73
2021-09-15,30.4,24.91,88.72,4.05,0.73
2021-09-16,30.08,24.71,91.02,19.75,0.74
2021-09-17,30.23,24.46,87.69,0.43,0.75
2021-09-18,30.68,24.26,86.86,0.42,0.75
2021-09-19,31.58,24.14,85.42,0.39,0.74
2021-09-20,31.46,23.9,86.23,6.2,0.73
2021-09-21,31.19,24.31,85.04,7.16,0.74
2021-09-22,28.47,24.59,90.06,1.03,0.74
2021-09-23,27.73,24.74,93.43,7.55,0.74
2021-09-24,29.03,24.31,89.52,1.79,0.74
2021-09-25,30.39,24.37,88.19,10.43,0.74
2021-09-26,30.16,23.96,89.26,3.26,0.74
2021-09-27,29.43,24.26,91.73,2.85,0.74
2021-09-28,30.33,24.35,87.96,0.34,0.74
2021-09-29,32.62,23.56,82.43,0.47,0.73
2021-09-30,33.09,24.37,81.58,0.35,0.72
2021-10-01,32.22,25.34,83.35,2.3,0.72
2021-10-02,29.83,24.92,87.46,2.57,0.71
2021-10-03,31.9,24.18,81.35,1.54,0.71
2021-10-04,32.0,24.05,82.68,0.84,0.7
2021-10-05,32.79,24.53,80.9,0.85,0.7
2021-10-06,31.66,24.82,84.44,0.64,0.69
2021-10-07,30.44,25.59,88.67,3.78,0.69
2021-10-08,31.91,25.24,85.06,0.46,0.69
2021-10-09,32.89,24.93,81.6,0.18,0.68
2021-10-10,32.4,25.46,84.8,7.4,0.68
2021-10-11,29.15,25.95,92.49,4.13,0.68
2021-10-12,29.61,25.67,89.72,1.93,0.68
2021-10-13,31.93,25.15,82.09,0.91,0.68
2021-10-14,32.83,24.94,80.76,2.88,0.67
2021-10-15,31.46,25.48,85.22,4.42,0.67
2021-10-16,28.72,24.76,93.87,13.01,0.68
2021-10-17,28.79,24.75,89.07,0.96,0.69
2021-10-18,30.83,24.14,87.75,1.75,0.68
2021-10-19,31.66,23.66,84.82,0.92,0.68
2021-10-20,32.19,24.16,83.11,0.12,0.67
2021-10-21,31.1,24.87,85.23,1.78,0.66
2021-10-22,30.22,24.91,86.05,13.08,0.67
2021-10-23,31.2,24.54,80.77,11.3,0.69
2021-10-24,29.79,24.27,86.08,0.49,0.69
2021-10-25,31.3,22.93,83.23,0.38,0.68
2021-10-26,31.21,23.11,80.1,0.07,0.67
2021-10-27,32.8,24.07,76.4,0.02,0.66
2021-10-28,32.92,24.29,79.79,2.88,0.66
2021-10-29,32.25,24.87,81.42,0.55,0.66
2021-10-30,31.12,25.61,83.23,4.73,0.65
2021-10-31,28.52,25.14,89.34,6.67,0.66
2021-11-01,31.97,25.1,75.11,1.66,0.66
2021-11-02,31.87,23.43,81.75,11.35,0.66
2021-11-03,31.22,24.72,80.91,3.3,0.67
2021-11-04,29.44,24.6,86.15,14.94,0.68
2021-11-05,31.45,23.56,81.34,0.0,0.69
2021-11-06,32.38,23.29,80.54,0.01,0.68
2021-11-07,32.82,23.42,78.82,0.34,0.67
2021-11-08,33.06,23.82,83.72,2.18,0.66
2021-11-09,30.48,23.99,88.88,9.21,0.67
2021-11-10,32.12,23.06,83.14,0.28,0.66
2021-11-11,32.15,23.0,80.6,0.0,0.66
2021-11-12,32.53,23.38,80.44,0.08,0.65
2021-11-13,31.83,23.79,79.86,0.03,0.64
2021-11-14,32.02,24.32,81.15,0.17,0.64
2021-11-15,31.93,23.71,82.08,3.27,0.63
2021-11-16,32.37,23.13,81.54,0.14,0.63
2021-11-17,32.52,23.6,80.54,0.0,0.62
2021-11-18,32.35,24.39,81.98,0.0,0.62
2021-11-19,33.21,24.65,77.61,0.02,0.61
2021-11-20,34.39,24.32,69.8,0.0,0.6
2021-11-21,34.04,21.96,64.74,0.04,0.6
2021-11-22,34.33,21.79,69.12,0.0,0.59
2021-11-23,29.86,23.82,82.86,2.11,0.59
2021-11-24,30.13,23.84,83.45,0.73,0.59
2021-11-25,30.56,23.66,80.64,0.22,0.59
2021-11-26,32.05,23.02,77.47,0.0,0.58
2021-11-27,31.87,23.77,76.19,0.09,0.58
2021-11-28,32.36,22.47,72.91,0.0,0.57
2021-11-29,34.0,21.29,71.27,0.0,0.57
2021-11-30,33.16,21.77,73.72,0.1,0.56
2021-12-01,30.98,22.18,71.76,0.07,0.56
2021-12-02,30.68,20.43,68.81,0.2,0.55
2021-12-03,30.94,20.62,67.45,0.09,0.55
2021-12-04,31.39,19.71,67.64,0.32,0.54
2021-12-05,29.98,18.52,66.14,0.04,0.54
2021-12-06,30.5,16.8,67.5,0.1,0.54
2021-12-07,31.25,16.25,70.62,0.06,0.53
2021-12-08,31.62,17.14,67.74,0.0,0.53
2021-12-09,31.82,18.57,71.25,0.0,0.53
2021-12-10,33.04,19.91,71.83,0.0,0.52
2021-12-11,33.66,21.58,66.24,0.0,0.52
2021-12-12,32.84,21.24,68.99,0.03,0.52
2021-12-13,31.66,19.15,71.7,0.0,0.52
2021-12-14,32.31,19.06,68.69,0.0,0.51
2021-12-15,32.66,19.43,62.23,0.0,0.51
2021-12-16,33.24,19.62,61.49,0.0,0.51
2021-12-17,33.32,18.42,61.21,0.0,0.5
2021-12-18,33.26,19.38,68.9,0.0,0.5
2021-12-19,32.22,20.75,65.0,0.01,0.5
2021-12-20,30.88,18.82,66.37,0.09,0.5
2021-12-21,31.83,19.68,65.13,0.0,0.49
2021-12-22,31.31,19.88,69.37,0.0,0.49
2021-12-23,30.77,19.37,63.4,0.0,0.49
2021-12-24,30.44,17.29,64.64,0.0,0.49
2021-12-25,31.7,17.25,64.33,0.0,0.49
2021-12-26,33.43,17.58,59.56,0.0,0.48
2021-12-27,33.6,17.97,59.95,0.0,0.48
2021-12-28,33.91,20.02,62.65,0.0,0.48
2021-12-29,33.86,19.55,65.1,0.0,0.48
2021-12-30,33.79,20.64,65.19,0.0,0.48
2021-12-31,33.27,22.85,64.15,0.0,0.47
2022-01-01,34.0,22.35,59.39,0.0,0.47
2022-01-02,33.54,20.79,63.03,0.03,0.47
2022-01-03,34.4,20.91,60.86,0.0,0.47
2022-01-04,34.7,21.82,60.46,0.0,0.47
2022-01-05,35.33,20.97,57.86,0.0,0.47
2022-01-06,35.26,20.39,56.54,0.0,0.47
2022-01-07,35.86,20.76,53.18,0.0,0.47
2022-01-08,35.78,21.11,52.38,0.0,0.47
2022-01-09,35.76,20.31,52.56,0.0,0.46
2022-01-10,36.0,20.46,52.4,0.0,0.46
2022-01-11,34.4,20.92,52.67,0.0,0.46
2022-01-12,34.35,22.38,47.76,0.0,0.46
2022-01-13,35.02,22.21,54.76,0.09,0.46
2022-01-14,35.25,22.63,54.72,0.56,0.46
2022-01-15,33.5,23.12,59.9,0.11,0.46
2022-01-16,33.59,22.36,65.12,0.0,0.46
2022-01-17,34.99,21.18,57.82,0.0,0.46
2022-01-18,35.22,19.33,50.44,0.13,0.46
2022-01-19,34.54,19.43,58.72,1.12,0.46
2022-01-20,31.46,20.32,76.46,8.47,0.47
2022-01-21,29.31,18.52,75.25,3.42,0.48
2022-01-22,30.7,16.07,64.97,3.56,0.48
2022-01-23,31.8,16.76,64.93,0.1,0.48
2022-01-24,32.3,17.56,63.73,0.07,0.48
2022-01-25,32.85,18.42,60.17,0.09,0.48
2022-01-26,33.22,18.22,61.67,0.0,0.47
2022-01-27,33.92,18.89,64.88,0.0,0.47
2022-01-28,34.24,18.51,61.62,0.0,0.47
2022-01-29,31.77,17.31,59.3,0.0,0.47
2022-01-30,31.03,15.29,60.65,0.0,0.47
2022-01-31,32.18,15.98,59.03,0.0,0.47
2022-02-01,32.85,15.83,54.15,0.0,0.47
2022-02-02,32.37,15.1,52.97,0.0,0.46
2022-02-03,33.78,16.55,52.23,0.0,0.46
2022-02-04,35.08,16.36,52.75,4.45,0.47
2022-02-05,32.31,21.03,66.28,3.16,0.47
2022-02-06,33.3,20.19,67.46,0.02,0.47
2022-02-07,32.27,17.33,54.73,0.0,0.47
2022-02-08,33.13,15.39,57.79,0.0,0.47
2022-02-09,34.94,15.35,57.1,0.0,0.47
2022-02-10,36.16,15.66,52.2,0.04,0.47
2022-02-11,36.16,16.16,55.19,0.0,0.46
2022-02-12,33.63,17.63,55.98,0.0,0.46
2022-02-13,34.72,14.87,44.77,0.09,0.46
2022-02-14,36.84,15.29,44.71,0.65,0.46
2022-02-15,37.41,18.49,44.38,0.03,0.46
2022-02-16,37.01,22.06,52.13,0.85,0.46
2022-02-17,35.02,22.69,56.19,2.04,0.46
2022-02-18,35.19,21.5,58.97,8.54,0.47
2022-02-19,31.45,20.95,65.2,3.23,0.48
2022-02-20,32.87,18.86,53.37,0.27,0.48
2022-02-21,34.55,17.58,59.78,0.04,0.48
2022-02-22,34.67,19.32,60.38,0.0,0.47
2022-02-23,35.97,18.55,43.55,0.0,0.47
2022-02-24,36.08,17.48,47.62,0.0,0.47
2022-02-25,36.57,19.49,53.61,0.0,0.47
2022-02-26,37.46,20.73,47.72,0.0,0.47
2022-02-27,38.09,20.93,41.77,0.0,0.47
2022-02-28,37.99,20.81,36.57,0.0,0.46
2022-03-01,38.75,21.26,34.14,0.0,0.46
2022-03-02,39.23,20.54,38.59,0.0,0.46
2022-03-03,39.52,20.97,41.56,0.0,0.46
2022-03-04,39.55,21.62,46.03,0.0,0.46
2022-03-05,39.46,21.51,43.66,0.0,0.46
2022-03-06,38.09,21.3,44.75,0.42,0.46
2022-03-07,40.47,21.7,48.06,0.5,0.46
2022-03-08,38.71,23.78,49.99,0.09,0.46
2022-03-09,39.87,24.52,46.68,0.03,0.46
2022-03-10,39.58,23.95,48.91,0.26,0.46
2022-03-11,39.15,24.67,48.89,0.0,0.46
2022-03-12,40.26,23.61,47.09,0.0,0.46
2022-03-13,40.67,23.78,48.26,0.47,0.46
2022-03-14,41.28,24.29,43.42,0.0,0.46
2022-03-15,41.67,23.75,44.05,0.06,0.46
2022-03-16,37.47,25.13,49.9,0.0,0.46
2022-03-17,39.69,24.4,48.23,0.55,0.46
2022-03-18,40.19,24.2,49.85,0.28,0.46
2022-03-19,40.56,24.1,52.37,0.1,0.46
2022-03-20,39.54,24.16,63.19,11.34,0.47
2022-03-21,33.66,24.73,72.15,6.75,0.48
2022-03-22,33.2,25.64,78.47,2.42,0.49
2022-03-23,33.49,24.98,73.72,0.29,0.49
2022-03-24,36.3,23.5,64.68,0.05,0.48
2022-03-25,37.54,22.02,66.11,0.0,0.48
2022-03-26,37.83,22.27,65.96,0.0,0.48
2022-03-27,38.19,23.19,65.71,0.0,0.47
2022-03-28,38.68,23.7,63.52,0.0,0.47
2022-03-29,38.37,24.18,62.43,0.0,0.47
2022-03-30,38.29,23.51,62.9,0.0,0.47
2022-03-31,38.93,22.98,62.9,0.0,0.47
2022-04-01,39.99,23.77,59.09,0.0,0.46
2022-04-02,38.93,24.42,55.41,0.0,0.46
2022-04-03,34.93,25.77,47.04,0.0,0.46
2022-04-04,36.79,24.68,51.27,0.0,0.46
2022-04-05,39.81,25.02,50.39,0.53,0.46
2022-04-06,38.78,26.05,56.27,0.41,0.46
2022-04-07,40.47,26.38,51.18,0.01,0.46
2022-04-08,36.78,28.15,48.6,0.0,0.46
2022-04-09,39.69,26.76,49.01,0.0,0.46
2022-04-10,39.48,24.8,59.92,0.09,0.46
2022-04-11,39.95,24.27,59.52,0.0,0.46
2022-04-12,38.7,23.39,62.2,0.0,0.46
2022-04-13,39.62,24.71,61.13,0.0,0.46
2022-04-14,39.05,25.14,63.16,0.0,0.46
2022-04-15,39.53,25.29,60.49,0.24,0.46
2022-04-16,38.94,25.25,65.96,1.83,0.46
2022-04-17,38.83,25.28,62.54,0.52,0.46
2022-04-18,36.77,25.9,64.18,1.66,0.47
2022-04-19,37.27,26.28,62.47,0.92,0.47
2022-04-20,36.77,26.65,65.36,12.6,0.48
2022-04-21,37.33,25.41,65.54,0.03,0.48
2022-04-22,39.19,25.87,59.59,0.02,0.48
2022-04-23,39.37,26.27,61.5,0.01,0.47
2022-04-24,35.39,27.35,68.48,0.18,0.47
2022-04-25,38.63,26.41,65.41,0.04,0.47
2022-04-26,39.45,26.52,64.12,0.25,0.47
2022-04-27,38.83,26.78,63.58,0.24,0.47
2022-04-28,39.37,26.44,68.72,8.06,0.48
2022-04-29,37.57,26.61,66.06,0.07,0.48
2022-04-30,35.41,27.05,73.21,8.85,0.48
2022-05-01,36.82,26.17,70.04,3.44,0.49
2022-05-02,34.81,26.74,64.48,0.17,0.48
2022-05-03,32.83,25.99,64.51,0.0,0.48
2022-05-04,35.92,25.05,59.67,1.3,0.48
2022-05-05,35.95,25.92,64.21,1.62,0.48
2022-05-06,37.2,26.53,64.08,0.51,0.48
2022-05-07,31.35,26.25,79.67,13.29,0.49
2022-05-08,31.69,25.73,80.06,1.48,0.5
2022-05-09,32.86,25.59,76.93,4.57,0.5
2022-05-10,33.87,25.34,75.75,2.52,0.5
2022-05-11,36.41,25.55,70.12,3.47,0.5
2022-05-12,34.9,26.47,68.55,0.83,0.5
2022-05-13,34.39,26.32,72.71,0.33,0.5
2022-05-14,35.24,26.61,70.93,0.11,0.49
2022-05-15,37.61,26.0,67.8,0.09,0.49
2022-05-16,34.37,27.13,71.56,0.61,0.49
2022-05-17,32.11,26.17,80.83,9.63,0.5
2022-05-18,32.89,25.98,78.24,5.7,0.51
2022-05-19,30.09,25.91,85.21,14.18,0.51
2022-05-20,28.18,25.21,88.72,44.73,0.57
2022-05-21,31.2,25.31,84.05,21.41,0.64
2022-05-22,32.09,26.13,79.24,0.36,0.63
2022-05-23,31.32,25.53,79.41,1.68,0.62
2022-05-24,33.35,24.96,78.86,3.97,0.62
2022-05-25,33.36,26.01,76.66,1.43,0.62
2022-05-26,34.87,25.58,73.72,2.0,0.61
2022-05-27,33.62,25.95,77.09,3.31,0.61
2022-05-28,33.54,25.22,80.37,10.11,0.61
2022-05-29,34.92,25.39,70.74,1.92,0.62
2022-05-30,32.57,24.8,79.32,0.22,0.61
2022-05-31,32.32,25.24,78.08,0.52,0.6
2022-06-01,33.5,24.52,72.46,0.97,0.6
2022-06-02,34.27,24.33,73.68,0.2,0.59
2022-06-03,32.63,25.33,79.12,4.9,0.59
2022-06-04,32.89,25.16,79.78,3.8,0.59
2022-06-05,31.2,24.98,80.7,0.42,0.59
2022-06-06,32.07,25.14,79.43,0.81,0.59
2022-06-07,32.11,25.19,80.88,1.0,0.59
2022-06-08,30.66,25.14,81.74,1.6,0.58
2022-06-09,31.05,25.11,83.68,2.3,0.58
2022-06-10,31.92,25.71,81.12,4.7,0.59
2022-06-11,31.03,25.77,81.33,3.5,0.59
2022-06-12,32.64,25.33,79.93,2.46,0.59
2022-06-13,32.55,25.14,80.65,0.27,0.59
2022-06-14,34.64,25.22,73.14,0.07,0.58
2022-06-15,33.67,25.37,76.45,4.8,0.58
2022-06-16,33.34,25.15,76.36,1.94,0.58
2022-06-17,34.49,24.76,75.01,2.97,0.58
2022-06-18,31.93,25.42,80.61,3.68,0.58
2022-06-19,31.45,24.93,76.73,1.42,0.58
2022-06-20,33.69,24.65,74.36,2.86,0.58
2022-06-21,32.87,24.56,74.7,5.26,0.58
2022-06-22,34.2,24.78,71.67,1.65,0.58
2022-06-23,32.64,25.23,76.82,4.3,0.58
2022-06-24,32.73,24.82,73.83,0.21,0.58
2022-06-25,35.07,24.68,70.43,4.5,0.57
2022-06-26,32.95,25.22,79.06,15.37,0.59
2022-06-27,30.09,25.57,81.57,1.23,0.6
2022-06-28,33.22,24.96,76.76,1.65,0.59
2022-06-29,34.97,25.38,73.94,1.73,0.59
2022-06-30,30.87,26.18,84.03,16.12,0.6
2022-07-01,32.49,25.6,79.44,8.86,0.62
2022-07-02,31.84,24.73,83.6,7.89,0.62
2022-07-03,29.73,24.06,81.86,2.59,0.62
2022-07-04,32.07,23.86,81.35,3.35,0.62
2022-07-05,34.06,24.73,77.67,0.24,0.62
2022-07-06,33.37,25.71,78.45,5.69,0.62
2022-07-07,30.39,25.6,85.29,17.22,0.63
2022-07-08,30.27,25.01,87.48,36.78,0.68
2022-07-09,31.38,24.72,83.37,5.32,0.69
2022-07-10,29.06,25.01,91.13,29.52,0.73
2022-07-11,31.73,25.43,84.59,1.83,0.73
2022-07-12,30.55,25.53,88.18,1.36,0.72
2022-07-13,30.85,25.09,86.56,4.58,0.72
2022-07-14,29.43,25.34,88.24,7.06,0.73
2022-07-15,30.11,25.09,89.4,1.04,0.73
2022-07-16,29.55,24.9,89.0,0.65,0.72
2022-07-17,32.39,24.73,82.85,0.02,0.72
2022-07-18,31.0,25.48,87.18,1.44,0.71
2022-07-19,32.18,25.55,82.29,3.41,0.71
2022-07-20,30.3,25.52,85.86,1.48,0.71
2022-07-21,29.36,24.58,85.11,9.99,0.71
2022-07-22,29.96,24.36,88.93,7.96,0.72
2022-07-23,29.76,24.2,86.57,4.56,0.72
2022-07-24,30.5,24.42,85.41,1.41,0.72
2022-07-25,31.5,24.26,81.55,0.29,0.71
2022-07-26,33.18,25.16,77.35,0.06,0.71
2022-07-27,34.55,25.05,76.72,0.0,0.7
2022-07-28,33.96,25.55,78.79,0.24,0.69
2022-07-29,33.33,26.01,81.85,1.93,0.68
2022-07-30,33.38,25.89,79.01,2.02,0.68
2022-07-31,32.98,25.77,79.36,4.23,0.68
2022-08-01,33.35,25.63,79.52,8.76,0.69
2022-08-02,31.04,25.59,84.42,5.32,0.69
2022-08-03,31.72,24.93,83.6,1.16,0.68
2022-08-04,30.08,25.59,86.81,1.68,0.68
2022-08-05,30.47,25.56,86.57,1.98,0.68
2022-08-06,30.47,25.56,86.86,2.74,0.67
2022-08-07,29.87,25.62,89.44,10.38,0.68
2022-08-08,29.23,25.35,89.48,19.96,0.7
2022-08-09,28.92,24.79,89.84,9.3,0.72
2022-08-10,29.24,24.05,88.85,6.51,0.72
2022-08-11,30.34,24.63,88.41,5.71,0.73
2022-08-12,27.45,24.85,89.82,11.25,0.74
2022-08-13,30.8,24.73,86.57,2.37,0.74
2022-08-14,30.97,24.67,88.64,0.98,0.73
2022-08-15,31.5,25.47,84.54,2.51,0.73
2022-08-16,30.11,25.81,88.23,13.23,0.73
2022-08-17,29.13,25.32,89.73,8.22,0.75
2022-08-18,29.86,24.81,85.89,0.3,0.75
2022-08-19,31.81,24.98,84.96,1.19,0.74
2022-08-20,30.02,25.16,89.88,9.45,0.74
2022-08-21,30.31,25.21,90.2,0.65,0.74
2022-08-22,27.6,25.11,90.78,0.48,0.74
2022-08-23,30.06,24.39,84.42,0.03,0.73
2022-08-24,33.19,23.97,79.76,0.7,0.72
2022-08-25,31.75,24.98,85.15,0.8,0.72
2022-08-26,29.18,24.63,89.32,4.81,0.72
2022-08-27,30.83,24.31,85.45,5.03,0.72
2022-08-28,31.96,23.68,82.71,1.0,0.71
2022-08-29,33.49,24.91,79.41,4.2,0.71
2022-08-30,31.43,25.51,79.41,0.16,0.7
2022-08-31,32.82,25.29,81.16,0.67,0.7
2022-09-01,31.57,25.0,82.06,9.08,0.7
2022-09-02,33.12,25.07,78.82,0.01,0.7
2022-09-03,32.38,25.16,82.19,0.01,0.69
2022-09-04,32.05,25.66,79.97,0.06,0.68
2022-09-05,30.78,25.19,83.25,1.73,0.68
2022-09-06,32.18,25.33,80.81,2.7,0.67
2022-09-07,31.96,25.02,83.96,3.65,0.67
2022-09-08,30.84,25.05,86.39,9.4,0.68
2022-09-09,31.2,24.44,85.61,5.95,0.68
2022-09-10,29.25,23.5,84.88,7.25,0.69
2022-09-11,32.08,23.52,83.38,11.29,0.69
2022-09-12,31.22,24.8,84.29,11.78,0.7
2022-09-13,30.95,24.05,84.0,3.25,0.7
2022-09-14,29.82,24.47,85.8,2.57,0.7
2022-09-15,30.24,24.32,84.09,2.28,0.69
2022-09-16,31.33,24.6,84.2,1.76,0.69
2022-09-17,29.3,24.75,87.94,1.07,0.68
2022-09-18,28.47,24.3,91.22,4.33,0.68
2022-09-19,29.31,24.4,90.05,4.92,0.69
2022-09-20,30.02,23.83,85.79,1.82,0.69
2022-09-21,30.99,23.79,84.75,5.71,0.68
2022-09-22,31.09,24.58,83.84,1.86,0.68
2022-09-23,28.71,24.13,90.3,15.22,0.69
2022-09-24,30.68,24.38,85.99,5.83,0.7
2022-09-25,31.39,24.18,82.78,11.84,0.7
2022-09-26,29.29,24.44,88.66,13.89,0.72
2022-09-27,29.81,24.12,88.74,1.97,0.72
2022-09-28,31.4,23.84,84.93,0.87,0.71
2022-09-29,30.45,24.36,87.94,9.42,0.71
2022-09-30,28.54,24.9,91.99,17.91,0.73
2022-10-01,30.8,24.77,89.77,5.64,0.74
2022-10-02,29.12,24.49,90.88,5.24,0.74
2022-10-03,30.31,24.19,84.96,6.42,0.75
2022-10-04,30.62,23.9,87.61,1.84,0.74
2022-10-05,29.29,24.2,88.25,0.56,0.73
2022-10-06,29.54,23.71,84.64,2.6,0.73
2022-10-07,29.77,23.97,87.41,0.8,0.73
2022-10-08,28.9,23.69,89.18,2.06,0.73
2022-10-09,31.67,22.6,83.45,2.0,0.72
2022-10-10,28.77,24.37,90.45,3.3,0.72
2022-10-11,27.72,23.77,89.57,0.0,0.72
2022-10-12,31.12,22.88,85.93,0.06,0.71
2022-10-13,31.8,23.16,82.66,0.12,0.7
2022-10-14,32.51,23.78,84.21,4.35,0.69
2022-10-15,30.53,24.34,87.43,0.45,0.69
2022-10-16,30.51,23.56,82.7,0.07,0.69
2022-10-17,30.88,22.65,78.9,0.08,0.68
2022-10-18,31.86,22.13,75.57,0.0,0.67
2022-10-19,31.96,23.16,77.33,0.02,0.66
2022-10-20,32.33,21.8,75.65,0.02,0.65
2022-10-21,32.66,22.11,76.27,0.09,0.64
2022-10-22,29.59,23.9,85.71,0.08,0.64
2022-10-23,29.74,24.73,87.98,0.27,0.63
2022-10-24,29.02,24.31,88.36,0.35,0.63
2022-10-25,31.7,23.67,83.53,0.23,0.63
2022-10-26,32.02,24.39,79.2,0.04,0.62
2022-10-27,33.39,23.82,79.92,7.95,0.62
2022-10-28,31.2,25.3,78.37,0.68,0.62
2022-10-29,31.56,24.59,79.13,0.03,0.62
2022-10-30,33.7,23.04,70.9,0.0,0.61
2022-10-31,33.15,24.28,77.35,0.0,0.6
2022-11-01,33.87,24.64,72.06,0.0,0.6
2022-11-02,34.66,24.36,72.27,0.34,0.59
2022-11-03,33.56,23.98,75.91,1.82,0.59
2022-11-04,32.8,24.27,75.2,0.0,0.58
2022-11-05,32.76,23.4,72.67,0.0,0.58
2022-11-06,33.55,22.68,66.72,0.0,0.57
2022-11-07,34.38,23.53,66.88,0.0,0.57
2022-11-08,34.39,22.65,66.98,0.08,0.56
2022-11-09,34.39,21.47,64.1,0.12,0.55
2022-11-10,34.19,21.03,63.98,0.0,0.55
2022-11-11,34.86,22.7,66.67,0.0,0.55
2022-11-12,35.65,22.66,66.53,0.0,0.54
2022-11-13,35.18,21.89,65.97,0.02,0.54
2022-11-14,35.25,22.63,62.92,0.0,0.53
2022-11-15,32.12,24.36,72.38,0.15,0.53
2022-11-16,34.46,24.65,70.31,0.9,0.53
2022-11-17,33.73,23.96,75.51,9.69,0.54
2022-11-18,33.23,24.37,73.96,0.45,0.54
2022-11-19,35.29,23.8,69.38,7.48,0.54
2022-11-20,33.32,24.73,79.4,11.88,0.56
2022-11-21,35.06,23.27,69.13,0.0,0.56
2022-11-22,35.16,23.98,69.31,0.0,0.55
2022-11-23,34.97,24.22,70.57,0.09,0.55
2022-11-24,35.11,23.5,71.09,1.31,0.54
2022-11-25,33.1,24.58,77.55,4.03,0.54
2022-11-26,30.05,24.25,83.09,0.72,0.55
2022-11-27,33.16,23.63,76.41,0.04,0.54
2022-11-28,32.73,24.46,77.67,0.49,0.54
2022-11-29,32.37,24.86,77.02,4.81,0.54
2022-11-30,32.22,24.7,80.29,2.39,0.54
2022-12-01,31.2,24.72,83.32,14.38,0.56
2022-12-02,32.49,23.95,78.45,0.0,0.57
2022-12-03,33.99,23.82,74.09,0.0,0.56
2022-12-04,34.13,23.2,73.53,0.0,0.55
2022-12-05,33.79,23.88,74.49,0.1,0.55
2022-12-06,33.01,24.08,74.07,0.23,0.55
2022-12-07,32.98,23.13,71.79,0.18,0.54
2022-12-08,34.79,23.71,69.58,0.0,0.54
2022-12-09,33.84,24.7,69.72,0.0,0.54
2022-12-10,33.7,23.91,72.8,0.0,0.53
2022-12-11,34.15,23.69,72.28,0.0,0.53
2022-12-12,34.54,22.48,68.44,0.0,0.53
2022-12-13,34.47,22.7,60.85,0.0,0.52
2022-12-14,33.17,23.22,65.76,0.0,0.52
2022-12-15,32.48,22.45,66.37,0.0,0.52
2022-12-16,33.13,21.1,65.35,0.0,0.51
2022-12-17,33.31,20.67,66.84,0.0,0.51
2022-12-18,29.98,20.83,58.93,0.0,0.51
2022-12-19,30.9,18.89,56.07,0.0,0.5
2022-12-20,32.8,18.66,61.57,0.0,0.5
2022-12-21,34.0,19.53,61.79,0.0,0.5
2022-12-22,34.09,20.79,65.24,0.0,0.5
2022-12-23,34.61,21.66,66.49,0.0,0.49
2022-12-24,34.08,22.27,64.93,0.0,0.49
2022-12-25,33.3,23.66,63.24,0.0,0.49
2022-12-26,33.68,22.97,63.94,0.0,0.49
2022-12-27,34.03,21.15,61.13,0.0,0.48
2022-12-28,33.07,19.88,65.35,0.0,0.48
2022-12-29,32.6,19.58,67.0,0.0,0.48
2022-12-30,32.29,19.75,67.81,0.0,0.48
2022-12-31,32.58,19.5,63.5,0.0,0.48
2023-01-01,32.55,19.05,53.63,0.0,0.47
2023-01-02,32.7,18.98,56.75,0.0,0.47
2023-01-03,33.08,18.39,61.12,0.0,0.47
2023-01-04,33.05,20.49,61.26,0.0,0.47
2023-01-05,34.43,20.91,61.75,0.0,0.47
2023-01-06,34.47,21.96,56.53,0.0,0.47
2023-01-07,32.82,21.88,55.45,0.0,0.47
2023-01-08,33.46,20.66,52.65,0.0,0.47
2023-01-09,34.47,19.76,52.02,0.0,0.47
2023-01-10,34.37,19.54,59.32,0.0,0.46
2023-01-11,34.41,19.47,60.23,0.0,0.46
2023-01-12,33.86,18.33,60.91,0.0,0.46
2023-01-13,33.54,17.85,53.67,0.0,0.46
2023-01-14,33.2,17.38,56.76,0.0,0.46
2023-01-15,34.14,17.28,53.14,0.0,0.46
2023-01-16,32.91,17.51,60.5,0.0,0.46
2023-01-17,33.69,17.88,54.24,0.0,0.46
2023-01-18,33.87,18.17,52.89,0.0,0.46
2023-01-19,33.82,18.06,53.46,0.0,0.46
2023-01-20,35.02,18.74,46.81,0.0,0.46
2023-01-21,34.97,18.34,46.13,0.0,0.46
2023-01-22,35.14,17.12,48.66,0.0,0.46
2023-01-23,35.32,17.31,44.0,0.0,0.46
2023-01-24,35.96,16.11,44.05,0.0,0.46
2023-01-25,35.09,19.64,49.75,0.0,0.46
2023-01-26,35.01,20.75,51.15,0.0,0.46
2023-01-27,35.94,20.16,49.5,0.0,0.46
2023-01-28,35.09,21.2,51.95,0.0,0.46
2023-01-29,33.66,19.45,49.07,0.0,0.46
2023-01-30,33.64,18.67,46.61,0.0,0.46
2023-01-31,35.1,19.44,48.3,0.0,0.46
2023-02-01,36.24,21.51,54.74,0.0,0.46
2023-02-02,37.67,20.33,53.06,0.0,0.46
2023-02-03,38.26,21.81,50.49,0.0,0.46
2023-02-04,37.59,21.44,51.69,0.08,0.46
2023-02-05,36.84,22.18,46.61,0.0,0.46
2023-02-06,36.67,21.03,47.34,0.0,0.46
2023-02-07,35.22,20.53,47.34,0.0,0.46
2023-02-08,35.22,17.88,50.33,0.0,0.46
2023-02-09,35.43,17.94,53.67,0.0,0.46
2023-02-10,35.77,18.46,53.24,0.0,0.46
2023-02-11,36.76,19.02,53.67,0.0,0.46
2023-02-12,37.03,18.01,57.72,0.0,0.46
2023-02-13,36.13,18.59,59.51,0.0,0.46
2023-02-14,36.19,19.13,53.43,0.0,0.46
2023-02-15,37.77,17.89,48.03,0.0,0.46
2023-02-16,34.77,20.48,65.16,14.12,0.47
2023-02-17,31.02,23.08,79.3,4.33,0.49
2023-02-18,34.58,21.64,66.78,0.0,0.49
2023-02-19,35.46,19.9,59.24,0.0,0.48
2023-02-20,35.43,20.19,55.13,0.0,0.48
2023-02-21,36.23,20.03,57.12,0.0,0.48
2023-02-22,36.41,20.08,58.23,0.0,0.47
2023-02-23,35.57,20.86,59.83,0.0,0.47
2023-02-24,36.63,19.99,53.84,0.0,0.47
2023-02-25,37.24,20.22,56.71,0.0,0.47
2023-02-26,36.22,23.16,47.29,0.0,0.47
2023-02-27,35.87,21.55,47.45,0.0,0.47
2023-02-28,35.88,22.59,47.82,0.0,0.46
2023-03-01,37.54,20.96,45.4,0.0,0.46
2023-03-02,38.72,21.44,43.39,0.0,0.46
2023-03-03,39.15,21.35,43.21,0.0,0.46
2023-03-04,38.45,19.58,50.15,0.0,0.46
2023-03-05,37.47,20.45,48.87,0.0,0.46
2023-03-06,37.52,21.19,50.34,0.0,0.46
2023-03-07,37.8,20.69,52.63,0.0,0.46
2023-03-08,38.59,21.25,53.38,0.0,0.46
2023-03-09,39.71,22.48,51.38,0.0,0.46
2023-03-10,39.2,23.27,45.0,0.0,0.46
2023-03-11,38.65,24.62,43.1,0.03,0.46
2023-03-12,39.2,23.27,56.56,2.87,0.46
2023-03-13,35.12,26.25,59.37,0.09,0.46
2023-03-14,36.19,24.67,51.36,0.02,0.46
2023-03-15,34.79,24.1,60.13,0.39,0.46
2023-03-16,38.64,22.49,54.63,0.0,0.46
2023-03-17,38.61,23.29,48.32,0.0,0.46
2023-03-18,39.33,23.78,51.33,0.02,0.46
2023-03-19,39.12,24.3,53.43,0.45,0.46
2023-03-20,37.38,24.94,54.6,0.03,0.46
2023-03-21,39.37,24.17,49.61,0.04,0.46
2023-03-22,38.3,23.53,57.1,0.01,0.46
2023-03-23,37.57,22.44,61.11,0.0,0.46
2023-03-24,38.09,21.83,60.25,0.0,0.46
2023-03-25,38.76,22.07,58.7,0.0,0.46
2023-03-26,39.19,21.95,58.41,0.0,0.46
2023-03-27,39.37,21.84,59.88,0.0,0.46
2023-03-28,40.3,21.94,57.14,0.0,0.46
2023-03-29,40.07,22.36,58.28,0.0,0.46
2023-03-30,38.83,22.18,60.67,0.0,0.46
2023-03-31,38.55,22.27,61.63,0.01,0.46
2023-04-01,38.76,22.86,63.67,0.03,0.46
2023-04-02,38.36,22.32,61.87,0.02,0.46
2023-04-03,37.37,22.87,65.65,0.03,0.46
2023-04-04,38.38,22.95,61.14,0.0,0.46
2023-04-05,38.81,23.02,60.58,0.0,0.46
2023-04-06,40.21,24.03,58.15,0.0,0.46
2023-04-07,41.14,24.76,57.95,0.0,0.46
2023-04-08,42.26,24.59,48.14,0.0,0.46
2023-04-09,38.72,24.91,54.88,0.0,0.46
2023-04-10,41.22,23.16,58.86,0.0,0.46
2023-04-11,41.05,24.27,59.39,0.0,0.46
2023-04-12,40.8,24.66,58.01,0.0,0.46
2023-04-13,40.91,24.33,58.45,0.0,0.46
2023-04-14,40.61,22.97,59.31,0.0,0.46
2023-04-15,42.21,24.12,57.7,0.0,0.46
2023-04-16,41.02,25.31,61.56,0.0,0.46
2023-04-17,41.27,25.68,58.94,0.0,0.46
2023-04-18,41.98,24.09,61.77,0.0,0.46
2023-04-19,40.73,25.19,61.77,0.0,0.46
2023-04-20,39.67,24.27,64.07,0.0,0.46
2023-04-21,39.47,25.68,62.62,0.05,0.46
2023-04-22,41.15,25.19,60.48,0.62,0.46
2023-04-23,40.95,25.72,60.28,1.08,0.46
2023-04-24,41.15,26.4,52.21,0.38,0.46
2023-04-25,41.19,26.48,53.46,1.5,0.46
2023-04-26,38.72,26.65,60.55,5.93,0.47
2023-04-27,41.06,25.16,56.53,0.05,0.47
2023-04-28,39.98,25.59,56.96,0.0,0.47
2023-04-29,40.85,25.29,57.16,0.04,0.46
2023-04-30,41.84,25.31,54.22,0.85,0.46
2023-05-01,40.84,26.69,54.48,0.0,0.46
2023-05-02,40.63,27.69,53.83,0.02,0.46
2023-05-03,40.0,27.56,54.19,0.98,0.46
2023-05-04,40.6,27.09,54.28,0.32,0.46
2023-05-05,40.47,26.58,54.88,0.0,0.46
2023-05-06,41.2,26.73,57.58,0.0,0.46
2023-05-07,41.61,27.31,58.0,0.17,0.46
2023-05-08,42.54,27.13,59.53,1.92,0.46
2023-05-09,39.77,28.08,58.34,2.34,0.47
2023-05-10,38.32,28.0,62.46,7.64,0.47
2023-05-11,31.75,26.63,81.43,6.65,0.48
2023-05-12,32.39,26.22,81.04,3.01,0.49
2023-05-13,34.68,27.35,74.65,2.99,0.49
2023-05-14,35.52,27.34,68.29,3.85,0.49
2023-05-15,34.64,26.3,73.83,10.67,0.51
2023-05-16,36.62,25.88,69.13,0.63,0.5
2023-05-17,36.04,26.08,71.07,2.51,0.5
2023-05-18,36.31,25.3,66.9,0.74,0.5
2023-05-19,37.24,25.21,65.72,0.0,0.49
2023-05-20,37.34,26.06,67.45,0.0,0.49
2023-05-21,38.28,25.77,64.16,0.02,0.49
2023-05-22,37.42,26.86,66.85,1.5,0.48
2023-05-23,36.42,26.2,72.56,4.19,0.49
2023-05-24,35.96,26.94,72.31,0.19,0.49
2023-05-25,34.94,26.44,70.88,0.0,0.48
2023-05-26,37.55,26.45,64.14,0.0,0.48
2023-05-27,35.42,27.02,68.06,0.15,0.48
2023-05-28,37.8,26.46,68.53,2.6,0.48
2023-05-29,32.43,26.87,76.56,3.0,0.48
2023-05-30,33.3,26.65,73.49,0.78,0.48
2023-05-31,33.55,25.06,72.47,0.13,0.48
2023-06-01,34.65,24.39,63.1,0.19,0.48
2023-06-02,35.52,26.48,66.77,0.26,0.47
2023-06-03,34.86,26.24,68.16,1.76,0.47
2023-06-04,34.51,26.1,71.42,0.25,0.47
2023-06-05,34.28,26.59,71.71,2.19,0.47
2023-06-06,35.01,25.73,73.96,1.87,0.47
2023-06-07,32.69,25.9,76.69,3.97,0.48
2023-06-08,30.05,25.74,84.99,6.15,0.49
2023-06-09,34.77,25.8,75.85,5.24,0.49
2023-06-10,33.68,26.17,73.38,1.71,0.49
2023-06-11,32.5,25.87,72.41,0.86,0.49
2023-06-12,32.78,25.9,74.7,1.89,0.49
2023-06-13,34.31,26.17,74.78,4.48,0.49
2023-06-14,34.45,26.1,74.99,8.82,0.5
2023-06-15,32.63,25.89,80.07,1.79,0.5
2023-06-16,35.68,25.86,72.05,0.03,0.5
2023-06-17,34.23,26.62,75.98,3.74,0.5
2023-06-18,33.58,26.09,76.58,1.18,0.5
2023-06-19,33.33,26.24,75.43,0.54,0.5
2023-06-20,33.15,25.48,75.6,3.67,0.5
2023-06-21,34.63,25.33,72.5,3.06,0.5
2023-06-22,32.04,25.9,78.53,1.81,0.5
2023-06-23,33.81,25.78,74.97,3.03,0.5
2023-06-24,33.93,25.53,76.01,7.85,0.51
2023-06-25,31.11,25.87,84.17,17.68,0.54
2023-06-26,30.1,25.03,83.57,3.61,0.54
2023-06-27,35.49,24.35,70.76,0.47,0.54
2023-06-28,35.67,25.62,71.74,1.23,0.54
2023-06-29,34.44,26.17,75.69,4.29,0.54
2023-06-30,35.2,26.34,75.26,3.5,0.54
2023-07-01,35.11,25.89,71.99,0.71,0.54
2023-07-02,35.06,26.2,74.81,10.84,0.54
2023-07-03,33.07,25.93,79.6,4.14,0.55
2023-07-04,29.67,26.26,85.44,2.77,0.55
2023-07-05,30.68,25.88,83.4,1.11,0.55
2023-07-06,30.88,25.39,82.83,0.1,0.55
2023-07-07,35.64,24.67,74.15,0.67,0.55
2023-07-08,36.59,25.91,70.9,3.51,0.54
2023-07-09,31.89,26.18,83.57,26.56,0.57
2023-07-10,31.09,25.63,84.8,14.75,0.6
2023-07-11,30.79,24.86,82.16,2.76,0.61
2023-07-12,32.14,24.89,81.96,8.35,0.61
2023-07-13,30.73,25.86,86.87,15.54,0.63
2023-07-14,30.55,24.92,84.48,3.87,0.64
2023-07-15,33.93,24.81,78.78,1.02,0.63
2023-07-16,32.41,26.11,80.93,4.6,0.63
2023-07-17,30.98,25.61,83.2,2.5,0.63
2023-07-18,32.47,25.06,78.53,5.14,0.63
2023-07-19,32.05,25.61,78.33,3.14,0.63
2023-07-20,32.14,25.29,80.26,0.18,0.62
2023-07-21,32.62,25.32,80.79,2.08,0.62
2023-07-22,31.17,25.49,84.89,17.04,0.63
2023-07-23,31.46,25.15,83.23,1.78,0.64
2023-07-24,32.0,25.13,82.02,1.26,0.64
2023-07-25,31.07,25.63,83.5,1.85,0.63
2023-07-26,30.84,25.37,84.57,1.8,0.63
2023-07-27,33.39,25.68,79.04,0.79,0.63
2023-07-28,32.98,26.11,80.26,1.3,0.62
2023-07-29,32.32,26.18,81.97,8.58,0.62
2023-07-30,30.79,26.36,87.55,7.56,0.63
2023-07-31,31.6,26.94,86.1,21.69,0.65
2023-08-01,30.69,26.74,86.62,19.7,0.68
2023-08-02,31.24,26.32,84.85,13.77,0.69
2023-08-03,32.35,26.11,83.93,11.24,0.71
2023-08-04,30.31,26.1,87.63,15.26,0.72
2023-08-05,30.76,25.76,87.81,17.67,0.73
2023-08-06,31.51,25.68,86.07,10.23,0.75
2023-08-07,28.74,25.65,91.08,18.33,0.76
2023-08-08,30.34,25.5,87.87,20.38,0.78
2023-08-09,30.58,25.4,87.76,2.38,0.79
2023-08-10,30.32,25.19,86.18,1.8,0.78
2023-08-11,28.65,24.25,85.61,0.08,0.77
2023-08-12,31.16,24.22,85.05,3.3,0.77
2023-08-13,31.33,25.36,86.23,1.36,0.76
2023-08-14,31.15,24.76,84.72,7.33,0.76
2023-08-15,31.79,25.49,83.78,0.43,0.76
2023-08-16,29.86,25.3,88.61,2.48,0.75
2023-08-17,29.61,24.88,87.19,0.58,0.75
2023-08-18,31.38,24.94,84.16,0.0,0.74
2023-08-19,31.93,25.28,84.64,0.04,0.73
2023-08-20,32.3,25.65,83.75,0.1,0.72
2023-08-21,30.95,25.53,86.1,0.12,0.71
2023-08-22,32.16,24.62,81.13,0.07,0.71
2023-08-23,30.35,24.52,84.63,0.72,0.7
2023-08-24,31.28,24.63,82.99,1.3,0.7
2023-08-25,31.68,24.92,82.8,1.77,0.69
2023-08-26,31.79,25.43,84.67,5.61,0.69
2023-08-27,31.86,25.24,82.5,1.53,0.68
2023-08-28,32.66,25.02,80.82,1.23,0.68
2023-08-29,33.06,24.96,80.7,2.4,0.67
2023-08-30,31.93,24.98,82.66,2.21,0.67
2023-08-31,33.21,24.91,80.97,0.67,0.66
2023-09-01,31.55,25.85,86.53,4.21,0.66
2023-09-02,29.86,25.7,88.18,0.48,0.66
2023-09-03,30.98,25.14,88.96,4.74,0.65
2023-09-04,30.29,25.61,88.53,2.22,0.66
2023-09-05,31.41,25.25,87.55,11.51,0.66
2023-09-06,29.76,25.81,90.72,3.01,0.67
2023-09-07,29.77,25.49,90.21,5.85,0.67
2023-09-08,31.09,25.42,87.35,7.49,0.68
2023-09-09,32.26,25.18,82.8,0.56,0.67
2023-09-10,30.2,25.47,88.22,3.31,0.67
2023-09-11,30.69,25.04,87.09,6.18,0.67
2023-09-12,29.51,25.3,89.54,8.0,0.68
2023-09-13,30.96,25.33,87.8,15.66,0.69
2023-09-14,31.59,25.28,85.3,4.17,0.7
2023-09-15,29.96,25.0,84.88,10.62,0.7
2023-09-16,28.98,24.88,90.6,7.73,0.7
2023-09-17,29.9,25.3,88.53,2.51,0.71
2023-09-18,30.63,25.03,90.79,5.07,0.71
2023-09-19,29.87,25.54,89.74,0.15,0.71
2023-09-20,31.21,25.13,87.91,1.3,0.7
2023-09-21,30.79,24.9,86.96,0.05,0.7
2023-09-22,31.42,24.63,86.11,2.54,0.69
2023-09-23,32.66,24.77,85.19,8.31,0.7
2023-09-24,32.95,25.39,83.22,0.07,0.7
2023-09-25,32.24,25.36,84.6,1.22,0.69
2023-09-26,31.13,25.71,84.08,4.99,0.69
2023-09-27,29.63,25.4,91.45,10.08,0.7
2023-09-28,27.62,25.13,95.17,28.08,0.73
2023-09-29,29.22,24.95,90.94,11.54,0.75
2023-09-30,30.25,24.74,88.99,2.12,0.75
2023-10-01,28.71,25.14,92.88,3.43,0.74
2023-10-02,28.89,24.87,91.13,0.98,0.74
2023-10-03,30.52,24.42,88.86,0.3,0.74
2023-10-04,31.68,24.23,86.08,1.73,0.73
2023-10-05,32.2,24.98,86.34,3.84,0.73
2023-10-06,31.47,25.66,88.64,3.44,0.73
2023-10-07,28.54,25.51,92.72,4.53,0.73
2023-10-08,28.57,24.6,90.06,2.57,0.73
2023-10-09,31.06,24.71,88.93,7.12,0.73
2023-10-10,29.72,24.36,86.43,3.55,0.73
2023-10-11,30.06,23.61,86.85,2.45,0.73
2023-10-12,31.06,23.89,86.69,1.12,0.72
2023-10-13,30.5,24.82,83.91,2.21,0.72
2023-10-14,31.85,24.43,83.97,6.53,0.72
2023-10-15,32.19,24.32,84.79,16.56,0.73
2023-10-16,32.48,24.31,83.28,1.44,0.73
2023-10-17,31.17,25.04,86.01,4.61,0.73
2023-10-18,32.09,25.09,83.22,0.5,0.72
2023-10-19,32.55,25.25,81.36,3.66,0.72
2023-10-20,31.96,24.97,81.73,0.83,0.71
2023-10-21,32.18,24.91,83.57,2.87,0.71
2023-10-22,30.3,24.25,88.95,0.99,0.7
2023-10-23,30.3,24.42,88.29,6.86,0.7
2023-10-24,30.84,23.99,85.8,0.68,0.7
2023-10-25,32.54,23.82,80.12,1.01,0.7
2023-10-26,32.4,24.42,80.55,1.71,0.69
2023-10-27,31.27,25.25,82.63,19.79,0.7
2023-10-28,31.12,25.41,82.06,0.98,0.71
2023-10-29,30.69,24.62,84.52,0.87,0.7
2023-10-30,30.52,24.81,86.8,12.82,0.71
2023-10-31,29.19,23.99,88.21,0.7,0.71
2023-11-01,29.95,24.04,85.26,1.97,0.71
2023-11-02,31.15,24.04,81.43,0.18,0.71
2023-11-03,31.12,24.51,77.99,0.0,0.7
2023-11-04,31.98,24.3,79.9,0.0,0.69
2023-11-05,33.05,24.39,77.38,0.0,0.68
2023-11-06,33.69,24.33,74.98,0.09,0.68
2023-11-07,33.56,24.7,76.14,0.93,0.67
2023-11-08,33.24,24.86,78.0,0.0,0.66
2023-11-09,33.89,23.87,73.7,0.0,0.65
2023-11-10,34.12,23.54,76.18,0.15,0.65
2023-11-11,32.66,25.11,80.12,1.94,0.64
2023-11-12,31.6,25.65,83.84,3.05,0.64
2023-11-13,32.25,25.29,80.42,0.28,0.64
2023-11-14,30.03,24.55,85.22,0.22,0.64
2023-11-15,30.84,24.35,84.4,0.09,0.63
2023-11-16,31.89,24.31,83.2,0.43,0.63
2023-11-17,28.82,22.81,84.18,0.69,0.62
2023-11-18,28.56,21.92,79.12,0.02,0.62
2023-11-19,31.35,20.7,74.19,0.02,0.61
2023-11-20,32.1,21.29,73.28,0.0,0.61
2023-11-21,32.7,21.69,70.46,0.0,0.6
2023-11-22,32.58,24.42,73.81,0.01,0.6
2023-11-23,33.47,23.35,75.37,0.36,0.59
2023-11-24,32.91,23.15,74.72,0.0,0.59
2023-11-25,33.03,22.93,72.21,0.01,0.58
2023-11-26,33.62,22.83,70.68,0.0,0.58
2023-11-27,33.49,23.76,72.68,0.04,0.57
2023-11-28,32.98,22.81,73.53,0.0,0.57
2023-11-29,33.46,22.15,72.6,0.0,0.56
2023-11-30,33.2,22.81,73.02,0.0,0.56
2023-12-01,34.99,23.63,69.62,0.0,0.55
2023-12-02,32.83,24.52,74.49,0.12,0.55
2023-12-03,32.88,24.2,75.27,0.02,0.55
2023-12-04,34.63,24.15,72.11,0.17,0.54
2023-12-05,33.49,24.78,73.66,0.06,0.54
2023-12-06,34.34,25.62,71.87,0.16,0.54
2023-12-07,32.57,25.55,73.43,0.69,0.53
2023-12-08,32.82,25.31,76.96,2.08,0.53
2023-12-09,33.31,24.43,76.52,0.11,0.53
2023-12-10,33.57,23.55,72.23,0.0,0.53
2023-12-11,34.24,22.68,68.77,0.0,0.52
2023-12-12,34.59,22.26,70.52,0.01,0.52
2023-12-13,35.04,23.03,71.69,0.0,0.52
2023-12-14,35.01,23.05,70.85,0.0,0.51
2023-12-15,35.19,22.87,64.7,0.0,0.51
2023-12-16,34.23,20.16,57.56,0.0,0.51
2023-12-17,35.2,19.58,65.44,0.0,0.5
2023-12-18,34.66,22.81,68.94,0.0,0.5
2023-12-19,35.31,23.26,63.48,0.0,0.5
2023-12-20,34.95,21.98,62.23,0.0,0.5
2023-12-21,34.09,22.08,65.49,0.01,0.49
2023-12-22,33.47,21.45,63.83,0.0,0.49
2023-12-23,31.18,19.0,56.6,0.0,0.49
2023-12-24,31.72,17.36,61.11,0.0,0.49
2023-12-25,31.59,18.38,62.86,0.0,0.48
2023-12-26,32.74,19.61,61.18,0.0,0.48
2023-12-27,34.98,21.77,59.72,0.0,0.48
2023-12-28,35.29,22.28,59.47,0.0,0.48
2023-12-29,35.16,22.23,58.42,0.0,0.48
2023-12-30,35.08,22.1,59.75,0.0,0.47
2023-12-31,35.09,21.26,60.99,0.0,0.47
2024-01-01,35.13,20.17,61.35,0.0,0.47
2024-01-02,34.92,19.89,61.49,0.0,0.47
2024-01-03,35.49,19.35,55.78,0.0,0.47
2024-01-04,35.36,20.98,53.08,0.0,0.47
2024-01-05,35.39,20.88,53.19,0.0,0.47
2024-01-06,35.68,22.16,53.34,0.0,0.47
2024-01-07,36.2,22.8,50.13,0.0,0.46
2024-01-08,36.77,21.92,47.15,0.0,0.46
2024-01-09,36.37,20.61,46.43,0.0,0.46
2024-01-10,36.23,19.64,47.56,0.0,0.46
2024-01-11,35.8,18.51,44.53,0.0,0.46
2024-01-12,34.88,18.86,52.98,0.0,0.46
2024-01-13,35.06,18.06,51.35,0.0,0.46
2024-01-14,36.0,18.37,51.71,0.0,0.46
2024-01-15,35.46,20.63,54.23,0.0,0.46
2024-01-16,34.74,21.51,58.69,0.0,0.46
2024-01-17,35.32,20.54,55.31,0.0,0.46
2024-01-18,34.24,19.99,51.69,0.0,0.46
2024-01-19,34.28,18.91,52.82,0.0,0.46
2024-01-20,34.35,18.5,57.69,0.0,0.46
2024-01-21,32.05,17.6,54.16,0.0,0.46
2024-01-22,34.13,17.22,57.08,0.0,0.46
2024-01-23,33.74,18.83,57.22,0.0,0.46
2024-01-24,34.9,18.14,54.5,0.0,0.46
2024-01-25,33.7,22.68,68.94,0.85,0.46
2024-01-26,34.26,21.79,69.84,1.08,0.46
2024-01-27,33.72,22.41,68.67,2.17,0.46
2024-01-28,33.31,22.01,65.01,2.42,0.46
2024-01-29,34.68,20.31,58.68,0.07,0.47
2024-01-30,33.94,20.2,57.1,1.2,0.47
2024-01-31,34.78,18.12,51.67,0.0,0.47
2024-02-01,35.16,17.54,52.34,0.0,0.46
2024-02-02,36.0,17.74,49.89,0.0,0.46
2024-02-03,35.93,18.68,53.03,0.0,0.46
2024-02-04,34.81,18.78,56.16,0.0,0.46
2024-02-05,35.52,17.71,50.96,0.0,0.46
2024-02-06,36.98,18.38,56.01,0.0,0.46
2024-02-07,37.47,19.54,55.75,0.0,0.46
2024-02-08,36.73,20.2,61.67,0.0,0.46
2024-02-09,37.46,19.09,54.51,0.0,0.46
2024-02-10,38.27,18.6,45.75,0.0,0.46
2024-02-11,37.68,19.29,48.16,0.0,0.46
2024-02-12,37.33,22.18,44.24,0.0,0.46
2024-02-13,38.25,20.45,36.85,0.0,0.46
2024-02-14,38.05,19.64,42.77,0.0,0.46
2024-02-15,38.72,18.91,45.11,0.0,0.46
2024-02-16,39.43,19.83,44.58,0.0,0.46
2024-02-17,37.59,20.78,44.35,0.0,0.46
2024-02-18,35.78,19.1,46.08,0.0,0.46
2024-02-19,34.73,17.13,50.25,0.0,0.46
2024-02-20,34.28,17.51,56.88,0.0,0.46
2024-02-21,33.99,18.43,67.66,0.0,0.46
2024-02-22,36.68,20.16,60.75,0.0,0.46
2024-02-23,37.49,20.82,58.66,0.0,0.46
2024-02-24,38.82,19.29,55.44,0.0,0.46
2024-02-25,39.54,19.88,49.46,0.0,0.46
2024-02-26,40.07,21.7,41.42,0.0,0.46
2024-02-27,40.83,22.73,40.44,0.01,0.46
2024-02-28,39.29,22.12,49.0,0.0,0.46
2024-02-29,39.45,20.52,48.2,0.0,0.46
2024-03-01,39.25,20.63,48.32,0.0,0.46
2024-03-02,38.79,20.01,48.3,0.0,0.46
2024-03-03,37.78,20.72,48.55,0.0,0.46
2024-03-04,38.2,19.62,57.16,0.0,0.46
2024-03-05,38.85,21.51,56.14,0.0,0.46
2024-03-06,39.74,21.66,49.72,0.0,0.46
2024-03-07,40.14,20.67,49.51,0.0,0.46
2024-03-08,40.48,20.31,42.57,0.0,0.46
2024-03-09,40.04,20.64,49.05,0.0,0.46
2024-03-10,39.48,20.78,42.67,0.0,0.46
2024-03-11,37.89,20.3,43.41,0.0,0.46
2024-03-12,37.1,22.05,50.65,0.0,0.46
2024-03-13,37.47,18.38,55.25,0.0,0.46
2024-03-14,37.57,21.5,65.2,0.0,0.46
2024-03-15,39.59,22.48,59.5,0.0,0.46
2024-03-16,40.13,22.57,56.63,0.0,0.46
2024-03-17,40.96,23.17,50.47,0.0,0.46
2024-03-18,41.79,23.51,45.76,0.03,0.46
2024-03-19,41.99,22.91,45.67,0.48,0.46
2024-03-20,41.17,23.72,50.69,0.41,0.46
2024-03-21,36.2,25.78,51.31,0.49,0.46
2024-03-22,37.26,24.31,41.08,0.0,0.46
2024-03-23,37.74,22.2,51.32,0.0,0.46
2024-03-24,39.52,20.93,57.18,0.0,0.46
2024-03-25,40.78,21.91,50.79,0.0,0.46
2024-03-26,41.44,21.74,45.11,0.0,0.46
2024-03-27,41.43,23.69,47.63,0.0,0.46
2024-03-28,40.27,22.74,49.4,0.0,0.46
2024-03-29,40.61,21.43,51.64,0.0,0.46
2024-03-30,41.34,21.66,48.03,0.0,0.46
2024-03-31,40.23,22.38,53.15,0.0,0.46
2024-04-01,40.16,23.31,56.67,0.0,0.46
2024-04-02,40.72,23.95,57.34,0.0,0.46
2024-04-03,41.06,23.98,60.14,0.0,0.46
2024-04-04,41.18,24.54,63.37,0.0,0.46
2024-04-05,42.14,24.05,61.59,0.0,0.46
2024-04-06,42.37,25.1,59.31,0.0,0.46
2024-04-07,42.13,25.72,61.42,0.0,0.46
2024-04-08,42.56,25.92,59.94,0.0,0.46
2024-04-09,43.76,25.37,51.35,0.01,0.46
2024-04-10,40.22,25.7,62.58,29.91,0.5
2024-04-11,39.55,25.98,61.2,0.01,0.51
2024-04-12,40.78,26.11,54.99,0.26,0.5
2024-04-13,41.43,25.96,55.11,0.19,0.49
2024-04-14,41.61,26.27,51.4,0.46,0.49
2024-04-15,42.09,25.81,52.59,0.0,0.48
2024-04-16,41.35,25.79,55.08,0.0,0.48
2024-04-17,40.24,25.26,59.97,0.0,0.48
2024-04-18,39.2,24.44,62.44,0.65,0.47
2024-04-19,38.82,25.51,65.07,0.0,0.47
2024-04-20,39.19,26.62,64.24,0.0,0.47
2024-04-21,39.57,27.51,60.91,0.0,0.47
2024-04-22,39.82,26.79,63.64,0.0,0.47
2024-04-23,40.45,27.22,64.54,0.0,0.47
2024-04-24,40.47,26.88,63.12,0.0,0.47
2024-04-25,41.49,26.36,60.33,0.0,0.46
2024-04-26,41.32,26.62,60.33,0.0,0.46
2024-04-27,41.82,25.91,60.57,0.0,0.46
2024-04-28,42.65,26.63,58.64,0.0,0.46
2024-04-29,42.54,27.26,58.15,0.0,0.46
2024-04-30,41.97,27.25,60.65,0.01,0.46
2024-05-01,41.74,27.01,60.89,0.02,0.46
2024-05-02,41.59,27.1,60.27,0.03,0.46
2024-05-03,40.5,27.43,59.73,0.05,0.46
2024-05-04,40.76,27.3,58.64,0.02,0.46
2024-05-05,39.95,26.91,59.7,0.03,0.46
2024-05-06,40.12,27.55,57.71,0.04,0.46
2024-05-07,39.08,27.49,56.76,0.21,0.46
2024-05-08,38.06,28.0,53.98,0.05,0.46
2024-05-09,41.35,27.3,49.17,0.25,0.46
2024-05-10,39.99,28.84,49.96,0.46,0.46
2024-05-11,38.79,27.77,54.73,1.69,0.46
2024-05-12,37.29,29.01,53.79,0.03,0.46
2024-05-13,36.54,28.46,60.31,2.48,0.46
2024-05-14,38.64,28.03,64.17,7.42,0.47
2024-05-15,39.41,27.62,63.19,0.63,0.47
2024-05-16,37.3,28.68,63.83,0.93,0.47
2024-05-17,36.44,28.31,66.23,1.99,0.47
2024-05-18,37.85,28.34,64.74,0.0,0.47
2024-05-19,37.4,28.47,64.41,2.73,0.47
2024-05-20,34.86,27.78,74.17,8.02,0.48
2024-05-21,33.37,27.74,80.38,10.57,0.5
2024-05-22,34.38,26.62,73.75,1.62,0.5
2024-05-23,31.64,26.51,81.97,9.55,0.5
2024-05-24,30.87,26.13,88.29,22.51,0.53
2024-05-25,31.7,27.93,85.41,3.14,0.55
2024-05-26,32.37,28.11,81.93,3.31,0.55
2024-05-27,31.69,27.58,83.42,3.51,0.55
2024-05-28,34.84,27.09,79.33,5.08,0.55
2024-05-29,33.53,27.41,82.47,9.41,0.56
2024-05-30,33.44,27.4,83.27,10.8,0.58
2024-05-31,33.99,27.23,80.03,4.48,0.58
2024-06-01,31.94,27.05,83.4,3.39,0.58
2024-06-02,33.53,26.04,78.62,9.97,0.59
2024-06-03,30.57,25.94,87.66,12.61,0.61
2024-06-04,31.11,26.03,87.5,55.94,0.65
2024-06-05,31.05,26.11,87.47,9.66,0.67
2024-06-06,32.71,25.89,80.21,1.42,0.67
2024-06-07,32.53,25.61,81.53,3.17,0.66
2024-06-08,30.48,25.77,84.01,19.71,0.67
2024-06-09,30.26,25.81,85.94,3.74,0.69
2024-06-10,32.59,25.71,81.21,3.29,0.68
2024-06-11,31.14,25.4,82.83,3.77,0.68
2024-06-12,31.35,25.7,81.96,8.04,0.68
2024-06-13,32.03,26.29,82.88,6.88,0.68
2024-06-14,31.8,26.92,84.25,6.37,0.69
2024-06-15,32.14,26.64,85.21,0.81,0.68
2024-06-16,32.0,26.49,85.17,0.69,0.68
2024-06-17,33.05,26.1,81.37,2.9,0.68
2024-06-18,32.51,25.99,82.41,6.95,0.68
2024-06-19,31.12,25.17,80.39,1.43,0.67
2024-06-20,32.51,25.55,83.36,7.2,0.67
2024-06-21,32.77,26.15,81.87,1.96,0.67
2024-06-22,31.44,26.3,86.0,3.24,0.67
2024-06-23,31.46,25.42,82.41,1.81,0.67
2024-06-24,30.93,25.35,84.74,4.94,0.67
2024-06-25,31.74,25.0,86.07,39.32,0.7
2024-06-26,31.97,25.95,85.12,14.84,0.74
2024-06-27,31.62,26.1,86.09,2.54,0.73
2024-06-28,32.14,25.95,83.18,0.73,0.72
2024-06-29,32.27,25.71,83.27,2.06,0.72
2024-06-30,31.21,26.31,83.68,3.99,0.71
2024-07-01,31.38,25.96,84.73,2.99,0.71
2024-07-02,31.13,25.89,84.69,4.05,0.71
2024-07-03,31.38,25.4,88.22,2.2,0.71
2024-07-04,31.3,24.96,83.05,3.06,0.71
2024-07-05,31.42,24.74,84.05,1.16,0.7
2024-07-06,30.55,25.54,89.47,6.82,0.7
2024-07-07,32.01,25.25,84.8,1.03,0.7
2024-07-08,31.32,25.33,84.86,1.85,0.7
2024-07-09,31.19,25.41,84.97,0.47,0.7
2024-07-10,32.04,25.64,82.45,0.7,0.69
2024-07-11,30.63,25.68,85.26,4.45,0.69
2024-07-12,31.89,25.31,83.71,2.6,0.69
2024-07-13,30.24,25.55,86.65,2.74,0.69
2024-07-14,31.67,25.59,82.52,0.57,0.68
2024-07-15,32.71,25.36,81.38,4.24,0.68
2024-07-16,30.65,26.17,85.78,9.45,0.68
2024-07-17,30.85,25.83,88.18,3.46,0.69
2024-07-18,30.39,26.09,88.04,2.53,0.69
2024-07-19,29.96,25.92,87.31,3.78,0.69
2024-07-20,31.39,25.98,83.92,3.01,0.69
2024-07-21,31.44,25.84,85.25,14.3,0.69
2024-07-22,29.61,25.82,89.29,8.97,0.7
2024-07-23,30.48,26.01,89.21,19.12,0.72
2024-07-24,29.65,26.17,91.4,52.7,0.78
2024-07-25,29.39,26.12,90.3,20.72,0.82
2024-07-26,29.37,26.25,90.5,16.77,0.82
2024-07-27,29.78,26.0,89.56,5.96,0.83
2024-07-28,29.29,25.65,90.17,6.26,0.83
2024-07-29,30.15,25.37,87.42,5.67,0.83
2024-07-30,30.04,25.36,89.61,8.95,0.84
2024-07-31,30.08,25.41,89.35,14.87,0.84
2024-08-01,30.11,25.06,88.39,10.38,0.85
2024-08-02,29.95,25.48,89.2,7.76,0.85
2024-08-03,29.74,24.63,88.84,11.41,0.87
2024-08-04,30.49,25.31,88.5,1.69,0.86
2024-08-05,29.66,25.14,89.6,12.21,0.86
2024-08-06,29.04,24.79,90.34,1.58,0.86
2024-08-07,29.04,25.11,90.61,7.33,0.87
2024-08-08,29.85,24.97,89.68,0.14,0.86
2024-08-09,31.92,25.23,86.31,0.35,0.85
2024-08-10,32.33,25.13,85.84,1.65,0.85
2024-08-11,31.62,26.02,87.39,2.1,0.84
2024-08-12,30.93,25.77,88.92,6.41,0.84
2024-08-13,31.19,25.54,87.8,1.89,0.84
2024-08-14,32.26,24.94,83.33,1.95,0.83
2024-08-15,31.03,24.53,86.47,3.84,0.82
2024-08-16,32.12,25.31,85.22,4.09,0.81
2024-08-17,32.31,24.85,86.82,1.07,0.8
2024-08-18,30.92,25.81,88.64,4.19,0.8
2024-08-19,31.67,25.67,87.06,4.98,0.8
2024-08-20,31.74,25.44,86.76,2.22,0.79
2024-08-21,30.29,25.37,88.92,6.56,0.79
2024-08-22,30.76,24.51,86.54,3.51,0.79
2024-08-23,31.62,24.25,84.52,0.52,0.79
2024-08-24,31.12,24.99,88.08,3.67,0.78
2024-08-25,30.25,25.27,87.99,0.77,0.78
2024-08-26,31.43,25.02,84.93,1.36,0.77
2024-08-27,29.32,24.98,90.33,5.11,0.77
2024-08-28,29.31,24.89,91.75,4.48,0.77
2024-08-29,31.27,25.14,88.12,2.43,0.77
2024-08-30,29.78,25.18,89.45,0.52,0.76
2024-08-31,31.66,24.06,84.92,1.46,0.76
2024-09-01,32.31,24.78,84.97,0.79,0.75
2024-09-02,31.09,25.5,86.69,0.8,0.74
2024-09-03,30.13,25.59,87.77,11.53,0.74
2024-09-04,28.42,25.32,92.72,90.64,0.8
2024-09-05,29.81,25.07,90.75,2.38,0.81
2024-09-06,30.55,25.59,87.95,0.48,0.8
2024-09-07,31.13,25.59,88.36,1.48,0.79
2024-09-08,31.48,25.81,90.19,9.59,0.79
2024-09-09,29.49,25.64,91.22,10.94,0.8
2024-09-10,29.11,25.77,93.08,16.08,0.82
2024-09-11,29.09,25.76,91.53,13.18,0.83
2024-09-12,30.57,25.4,89.45,2.48,0.83
2024-09-13,31.17,25.01,87.17,2.74,0.83
2024-09-14,30.04,24.99,90.19,0.28,0.82
2024-09-15,31.96,25.49,86.53,0.42,0.81
2024-09-16,31.44,24.85,86.58,0.13,0.8
2024-09-17,31.3,24.89,87.75,6.77,0.79
2024-09-18,28.63,24.82,91.3,1.63,0.79
2024-09-19,31.75,24.71,87.64,1.92,0.79
2024-09-20,31.44,25.03,87.12,6.57,0.78
2024-09-21,30.21,25.1,88.71,7.15,0.79
2024-09-22,28.7,24.77,92.51,11.32,0.8
2024-09-23,30.24,25.02,92.35,6.73,0.8
2024-09-24,28.65,25.24,92.89,37.62,0.84
2024-09-25,31.07,24.72,89.77,9.62,0.85
2024-09-26,31.57,24.08,86.12,0.13,0.85
2024-09-27,32.46,24.04,83.86,0.09,0.83
2024-09-28,31.8,24.76,87.28,0.0,0.82
2024-09-29,31.24,25.38,89.23,0.09,0.81
2024-09-30,29.98,25.94,92.35,1.03,0.81
2024-10-01,29.63,26.14,94.17,9.97,0.81
2024-10-02,28.87,25.26,92.43,15.17,0.82
2024-10-03,29.13,24.8,91.97,15.23,0.85
2024-10-04,30.09,24.69,89.92,1.73,0.85
2024-10-05,31.64,24.15,87.93,0.05,0.84
2024-10-06,31.92,25.1,84.5,0.31,0.82
2024-10-07,32.44,24.79,81.37,1.34,0.81
2024-10-08,32.55,25.29,77.65,0.0,0.8
2024-10-09,32.07,25.58,81.88,0.2,0.79
2024-10-10,30.43,26.0,83.44,0.9,0.79
2024-10-11,32.39,24.25,79.53,0.6,0.78
2024-10-12,31.3,25.1,85.46,0.73,0.78
2024-10-13,31.81,25.78,82.77,0.14,0.77
2024-10-14,32.17,25.47,81.89,0.62,0.76
2024-10-15,33.17,25.59,80.17,2.5,0.76
2024-10-16,33.22,26.25,78.83,0.14,0.74
2024-10-17,31.5,26.29,84.93,0.59,0.74
2024-10-18,32.21,25.75,82.68,0.63,0.73
2024-10-19,32.44,25.87,82.9,3.0,0.73
2024-10-20,31.16,25.91,84.1,1.69,0.73
2024-10-21,28.64,25.46,90.03,0.95,0.72
2024-10-22,30.37,25.22,89.31,1.59,0.72
2024-10-23,30.77,25.18,87.57,0.03,0.71
2024-10-24,31.64,24.49,84.23,0.01,0.71
2024-10-25,32.92,23.74,79.9,0.0,0.7
2024-10-26,32.81,24.58,82.15,0.0,0.69
2024-10-27,33.34,25.04,80.47,0.01,0.68
2024-10-28,33.81,24.94,83.44,1.57,0.67
2024-10-29,33.49,24.87,81.21,0.34,0.66
2024-10-30,33.78,24.9,79.98,0.01,0.66
2024-10-31,33.96,25.04,79.72,0.29,0.65
2024-11-01,33.45,24.96,83.13,9.49,0.65
2024-11-02,34.18,24.86,82.76,11.43,0.66
2024-11-03,32.14,24.66,80.08,0.13,0.66
2024-11-04,30.78,22.92,80.49,0.26,0.65
2024-11-05,31.61,22.93,81.89,0.47,0.65
2024-11-06,27.87,23.72,89.06,6.28,0.64
2024-11-07,26.02,23.2,94.15,20.76,0.67
2024-11-08,28.74,23.11,89.56,0.84,0.68
2024-11-09,27.95,23.15,87.75,0.22,0.67
2024-11-10,31.52,22.34,79.79,0.0,0.67
2024-11-11,32.27,22.22,76.03,0.0,0.66
2024-11-12,32.7,22.52,72.28,0.0,0.65
2024-11-13,32.73,23.01,76.16,0.0,0.64
2024-11-14,33.68,23.13,74.64,0.0,0.64
2024-11-15,34.01,24.04,73.76,0.23,0.63
2024-11-16,33.21,23.62,76.25,1.58,0.62
2024-11-17,33.51,22.73,74.41,0.62,0.62
2024-11-18,32.66,23.22,79.06,0.54,0.61
2024-11-19,32.93,23.12,76.73,0.1,0.6
2024-11-20,33.25,22.6,73.53,0.0,0.6
2024-11-21,33.75,23.25,71.93,0.0,0.59
2024-11-22,33.42,22.83,70.75,0.0,0.59
2024-11-23,33.56,22.23,71.15,0.0,0.58
2024-11-24,33.57,22.98,70.06,0.0,0.58
2024-11-25,33.61,22.31,65.0,0.05,0.57
2024-11-26,33.73,22.56,71.59,0.05,0.57
2024-11-27,31.01,24.41,80.61,0.02,0.56
2024-11-28,30.88,23.65,75.65,0.0,0.56
2024-11-29,31.88,22.51,69.83,0.0,0.56
2024-11-30,32.54,21.17,68.51,0.0,0.55
2024-12-01,33.78,21.26,67.99,0.0,0.55
2024-12-02,34.87,23.22,70.74,0.0,0.54
2024-12-03,35.31,23.32,69.21,0.0,0.54
2024-12-04,35.57,23.19,67.23,0.0,0.54
2024-12-05,35.51,23.94,63.25,0.0,0.53
2024-12-06,34.63,21.99,58.36,0.0,0.53
2024-12-07,34.73,20.03,61.46,0.0,0.52
2024-12-08,35.35,21.74,67.6,0.0,0.52
2024-12-09,31.91,24.48,72.01,0.0,0.52
2024-12-10,34.49,23.77,68.81,0.0,0.52
2024-12-11,35.01,22.89,62.51,0.0,0.51
2024-12-12,35.33,20.07,59.35,0.0,0.51
2024-12-13,34.04,21.75,65.44,0.05,0.51
2024-12-14,31.33,23.66,76.21,0.78,0.5
2024-12-15,26.17,21.26,80.41,1.85,0.5
2024-12-16,33.42,21.51,65.76,0.0,0.5
2024-12-17,34.02,21.21,66.28,0.0,0.5
2024-12-18,35.1,21.87,63.75,0.0,0.5
2024-12-19,33.64,21.95,66.24,0.0,0.49
2024-12-20,30.84,22.73,66.48,0.0,0.49
2024-12-21,32.95,21.52,62.2,0.0,0.49
2024-12-22,33.16,20.48,62.02,0.0,0.49
2024-12-23,33.37,20.38,61.3,0.0,0.48
2024-12-24,33.84,20.33,59.36,0.0,0.48
2024-12-25,33.95,19.6,60.41,0.0,0.48
2024-12-26,34.42,19.88,60.14,0.0,0.48
2024-12-27,35.27,18.77,58.03,0.16,0.48
2024-12-28,35.99,21.93,57.34,0.0,0.47
2024-12-29,35.21,23.63,61.64,0.0,0.47
2024-12-30,35.85,23.63,58.24,0.0,0.47
2024-12-31,34.92,21.06,55.04,0.0,0.47
2025-01-01,34.56,20.97,57.46,0.0,0.47
2025-01-02,34.59,21.46,59.21,0.0,0.47
2025-01-03,34.82,21.43,56.85,0.0,0.47
2025-01-04,34.68,20.38,51.08,0.0,0.47
2025-01-05,34.19,20.19,53.51,0.0,0.46
2025-01-06,34.17,19.83,52.61,0.0,0.46
2025-01-07,33.99,20.73,58.91,0.0,0.46
2025-01-08,32.58,19.44,67.89,0.01,0.46
2025-01-09,34.33,18.44,58.63,0.0,0.46
2025-01-10,35.43,20.41,53.09,0.0,0.46
2025-01-11,33.95,21.0,53.84,0.0,0.46
2025-01-12,31.6,18.81,50.44,0.0,0.46
2025-01-13,32.69,16.76,51.36,0.0,0.46
2025-01-14,33.54,16.72,48.09,0.0,0.46
2025-01-15,34.58,18.42,45.37,0.0,0.46
2025-01-16,35.23,17.88,50.61,0.0,0.46
2025-01-17,35.35,18.54,52.35,0.01,0.46
2025-01-18,35.6,20.15,50.91,0.0,0.46
2025-01-19,35.81,19.15,49.88,0.0,0.46
2025-01-20,35.75,18.9,55.87,0.0,0.46
2025-01-21,35.82,19.81,56.29,0.0,0.46
2025-01-22,35.93,19.61,56.24,0.0,0.46
2025-01-23,35.92,19.86,54.58,0.0,0.46
2025-01-24,35.97,19.23,56.5,0.0,0.46
2025-01-25,35.88,18.74,53.13,0.0,0.46
2025-01-26,35.85,18.55,50.29,0.0,0.46
2025-01-27,35.66,18.82,55.33,0.0,0.46
2025-01-28,34.75,21.55,61.46,0.0,0.46
2025-01-29,34.72,23.08,58.81,0.0,0.46
2025-01-30,34.17,21.34,62.36,0.0,0.46
2025-01-31,33.73,20.34,60.67,0.0,0.46
2025-02-01,35.83,18.06,56.83,0.0,0.46
2025-02-02,36.43,19.7,59.79,0.0,0.46
2025-02-03,37.56,20.45,54.76,0.0,0.46
2025-02-04,36.6,19.99,56.6,0.0,0.46
2025-02-05,34.95,19.53,60.81,0.0,0.46
2025-02-06,35.91,19.76,57.71,0.0,0.46
2025-02-07,37.49,20.64,57.44,0.0,0.46
2025-02-08,37.54,21.12,51.77,0.0,0.46
2025-02-09,36.9,21.61,46.32,0.0,0.46
2025-02-10,36.38,21.72,50.67,0.0,0.46
2025-02-11,35.91,20.4,53.63,0.0,0.46
2025-02-12,36.42,17.56,55.25,0.0,0.46
2025-02-13,36.89,18.72,58.25,0.0,0.46
2025-02-14,35.41,18.83,62.19,0.0,0.46
2025-02-15,35.11,19.18,65.87,0.0,0.46
2025-02-16,36.05,19.3,58.02,0.0,0.46
2025-02-17,37.42,19.49,48.06,0.0,0.46
2025-02-18,37.6,19.64,53.65,0.0,0.46
2025-02-19,37.2,20.48,52.16,0.0,0.46
2025-02-20,37.95,19.93,52.22,0.02,0.46
2025-02-21,38.45,21.47,50.05,0.76,0.46
2025-02-22,38.68,21.31,48.9,0.3,0.46
2025-02-23,36.65,20.84,61.37,10.28,0.48
2025-02-24,35.34,23.01,66.2,9.02,0.48
2025-02-25,33.78,24.45,70.5,0.44,0.49
2025-02-26,32.39,24.42,69.3,0.11,0.48
2025-02-27,37.38,22.87,56.32,0.0,0.48
2025-02-28,38.15,23.01,52.88,0.25,0.48
2025-03-01,38.13,21.78,52.23,0.0,0.47
2025-03-02,38.58,19.97,59.54,0.0,0.47
2025-03-03,39.46,19.83,55.52,0.0,0.47
2025-03-04,39.54,19.9,53.86,0.0,0.47
2025-03-05,37.55,20.79,56.26,0.0,0.47
2025-03-06,37.4,19.85,55.2,0.0,0.46
2025-03-07,38.87,20.15,54.97,0.0,0.46
2025-03-08,37.9,20.94,55.93,0.0,0.46
2025-03-09,39.02,22.05,53.31,0.13,0.46
2025-03-10,39.52,24.35,46.62,0.0,0.46
2025-03-11,39.84,25.33,45.03,0.0,0.46
2025-03-12,38.92,24.28,45.99,0.0,0.46
2025-03-13,39.73,22.23,53.88,0.0,0.46
2025-03-14,41.01,21.53,50.98,0.0,0.46
2025-03-15,41.74,22.24,47.8,0.0,0.46
2025-03-16,41.39,23.09,50.21,0.0,0.46
2025-03-17,41.65,22.83,50.53,0.0,0.46
2025-03-18,40.96,21.86,52.69,0.0,0.46
2025-03-19,41.07,22.8,46.97,0.0,0.46
2025-03-20,40.48,22.42,49.27,0.01,0.46
2025-03-21,39.71,23.68,54.06,0.0,0.46
2025-03-22,39.9,24.2,54.55,0.0,0.46
2025-03-23,39.87,24.16,52.93,0.0,0.46
2025-03-24,39.52,23.47,50.76,0.0,0.46
2025-03-25,39.6,22.71,53.15,0.0,0.46
2025-03-26,38.56,21.95,52.68,0.0,0.46
2025-03-27,38.26,22.21,59.79,0.02,0.46
2025-03-28,38.13,23.17,61.31,0.0,0.46
2025-03-29,39.72,23.61,57.82,0.0,0.46
2025-03-30,40.9,24.03,56.99,0.15,0.46
2025-03-31,40.78,25.39,57.45,0.0,0.46
2025-04-01,40.38,24.39,56.81,1.23,0.46
2025-04-02,41.57,23.93,53.74,0.01,0.46
2025-04-03,40.66,24.36,55.69,6.58,0.47
2025-04-04,40.16,25.46,52.64,0.46,0.47
2025-04-05,36.24,25.75,60.82,0.07,0.47
2025-04-06,34.16,25.75,66.04,4.53,0.47
2025-04-07,35.13,25.38,62.17,0.82,0.47
2025-04-08,34.17,25.94,55.61,0.19,0.47
2025-04-09,39.1,25.46,54.28,0.8,0.47
2025-04-10,34.83,26.87,60.95,0.52,0.47
2025-04-11,32.46,25.73,73.15,2.74,0.47
2025-04-12,32.59,24.86,71.13,0.15,0.47
2025-04-13,36.11,24.99,64.74,0.39,0.47
2025-04-14,37.45,26.55,61.85,2.33,0.47
2025-04-15,35.69,26.57,71.2,6.4,0.48
2025-04-16,34.83,26.32,71.02,1.43,0.48
2025-04-17,34.71,26.35,68.91,0.15,0.48
2025-04-18,35.65,25.53,67.1,0.06,0.47
2025-04-19,38.69,25.07,61.97,0.2,0.47
2025-04-20,39.89,25.06,61.43,0.81,0.47
2025-04-21,40.19,26.51,61.0,0.0,0.47
2025-04-22,39.06,26.89,61.53,0.0,0.47
2025-04-23,38.3,27.28,61.83,0.0,0.47
2025-04-24,38.89,27.19,62.93,0.02,0.46
2025-04-25,38.86,27.06,64.67,0.05,0.46
2025-04-26,39.86,26.08,60.88,0.38,0.46
2025-04-27,40.55,26.97,59.55,6.09,0.46
2025-04-28,34.46,27.23,70.57,5.56,0.48
2025-04-29,33.26,25.7,75.04,2.68,0.48
2025-04-30,35.13,24.93,70.22,5.42,0.49
2025-05-01,37.18,25.31,62.59,0.28,0.49
2025-05-02,37.64,25.97,63.37,1.67,0.48
2025-05-03,37.38,26.53,62.63,0.24,0.48
2025-05-04,38.43,25.4,59.63,0.77,0.48
2025-05-05,39.18,25.06,58.92,0.0,0.47
2025-05-06,39.69,24.76,61.54,0.35,0.47
2025-05-07,39.02,25.81,63.27,0.37,0.47
2025-05-08,32.52,26.36,67.73,0.3,0.47
2025-05-09,35.2,26.69,71.15,4.08,0.47
2025-05-10,35.0,26.44,69.08,1.18,0.47
2025-05-11,36.48,26.8,73.29,6.35,0.48
2025-05-12,36.47,27.26,71.64,2.02,0.48
2025-05-13,32.66,26.75,77.45,8.71,0.49
2025-05-14,36.98,25.89,71.27,2.26,0.49
2025-05-15,32.72,26.47,80.58,2.56,0.49
2025-05-16,34.89,25.88,76.06,2.25,0.49
2025-05-17,35.42,26.29,73.47,3.0,0.49
2025-05-18,32.14,26.08,82.18,6.27,0.5
2025-05-19,34.25,26.25,74.88,0.36,0.5
2025-05-20,34.69,26.55,73.91,1.0,0.5
2025-05-21,34.76,26.25,73.33,2.64,0.5
2025-05-22,38.88,25.56,61.29,1.43,0.5
2025-05-23,36.09,26.36,73.42,5.41,0.5
2025-05-24,34.75,26.46,75.7,13.96,0.51
2025-05-25,35.22,25.94,79.08,3.48,0.52
2025-05-26,31.01,26.49,85.9,4.87,0.53
2025-05-27,31.79,26.37,82.66,4.24,0.53
2025-05-28,33.0,26.56,78.39,4.12,0.53
2025-05-29,33.5,26.67,77.03,2.91,0.53
2025-05-30,32.92,27.14,78.14,10.22,0.54
2025-05-31,31.52,26.78,82.91,5.27,0.55
2025-06-01,30.87,26.73,84.59,2.33,0.55
2025-06-02,31.51,26.4,83.03,9.96,0.56
2025-06-03,33.8,24.92,71.91,6.06,0.57
2025-06-04,32.95,24.89,80.28,7.61,0.57
2025-06-05,34.61,25.73,76.72,5.32,0.58
2025-06-06,33.83,26.27,72.32,0.51,0.58
2025-06-07,35.47,25.52,70.57,1.13,0.57
2025-06-08,34.69,26.07,73.31,2.7,0.57
2025-06-09,32.68,26.22,79.17,1.32,0.57
2025-06-10,33.39,25.7,74.14,1.64,0.56
2025-06-11,33.63,25.44,76.0,4.21,0.57
2025-06-12,31.98,25.74,81.44,3.65,0.57
2025-06-13,31.12,25.57,83.98,5.45,0.58
2025-06-14,30.44,25.98,85.34,2.92,0.58
2025-06-15,30.71,25.71,81.18,4.31,0.58
2025-06-16,31.33,25.64,83.45,5.25,0.58
2025-06-17,31.32,26.07,82.62,6.12,0.59
2025-06-18,31.41,25.77,83.06,2.38,0.59
2025-06-19,30.1,25.68,85.97,5.42,0.59
2025-06-20,34.7,25.51,75.06,3.51,0.59
2025-06-21,32.18,25.37,75.73,0.74,0.59
2025-06-22,32.87,25.39,76.47,2.25,0.59
2025-06-23,31.08,26.16,84.73,4.15,0.59
2025-06-24,31.76,25.71,80.47,3.64,0.59
2025-06-25,33.09,25.29,77.39,2.52,0.59
2025-06-26,30.33,25.83,84.22,6.42,0.6
2025-06-27,30.03,25.6,87.33,8.31,0.6
2025-06-28,30.15,25.57,83.15,15.17,0.62
2025-06-29,31.51,25.53,81.27,9.1,0.63
2025-06-30,31.85,25.3,80.78,5.26,0.63
2025-07-01,32.41,25.96,79.87,7.86,0.64
2025-07-02,31.72,25.36,80.82,3.02,0.64
2025-07-03,31.25,24.9,81.4,3.95,0.64
2025-07-04,32.24,25.24,79.09,1.53,0.64
2025-07-05,30.92,25.81,84.05,3.86,0.63
2025-07-06,30.83,26.01,83.88,5.47,0.64
2025-07-07,30.21,25.51,85.55,5.07,0.64
2025-07-08,33.15,25.36,82.94,5.0,0.64
2025-07-09,31.67,26.22,84.04,7.98,0.65
2025-07-10,30.56,25.77,87.19,5.46,0.65
2025-07-11,30.16,25.91,87.16,14.83,0.67
2025-07-12,30.27,25.9,87.69,1.14,0.67
2025-07-13,33.14,25.35,82.54,0.9,0.67
2025-07-14,31.02,26.2,85.65,4.32,0.66
2025-07-15,32.09,25.88,84.88,5.52,0.67
2025-07-16,30.81,25.66,84.24,4.44,0.67
2025-07-17,31.03,25.16,85.76,3.0,0.67
2025-07-18,32.18,25.34,82.33,1.08,0.67
2025-07-19,32.26,25.24,83.11,3.17,0.67
2025-07-20,32.69,25.58,81.54,0.45,0.66
2025-07-21,30.71,26.08,84.71,4.37,0.66
2025-07-22,29.91,26.06,89.09,16.92,0.67
2025-07-23,29.39,26.19,90.58,33.49,0.71
2025-07-24,30.65,26.27,86.73,13.8,0.74
2025-07-25,30.28,26.54,87.21,14.79,0.75
2025-07-26,30.95,26.35,87.17,6.16,0.76
2025-07-27,29.31,26.08,90.8,10.56,0.76
2025-07-28,30.47,25.88,89.1,18.66,0.78
2025-07-29,30.4,26.06,89.04,9.25,0.79
2025-07-30,30.63,25.97,88.79,6.58,0.79
2025-07-31,29.84,26.12,89.8,5.4,0.79
2025-08-01,31.72,25.59,86.27,4.31,0.79
2025-08-02,32.45,25.32,83.63,1.79,0.79
2025-08-03,32.86,24.79,83.8,0.39,0.78
2025-08-04,32.45,25.79,84.66,0.56,0.77
2025-08-05,31.69,26.09,86.08,1.15,0.76
2025-08-06,30.99,25.95,86.82,1.22,0.76
2025-08-07,30.6,24.74,85.77,3.35,0.76
2025-08-08,31.21,24.11,83.74,1.1,0.75
2025-08-09,31.43,24.77,85.23,3.47,0.75
2025-08-10,31.08,25.01,84.83,1.54,0.74
2025-08-11,31.43,25.24,84.25,0.61,0.74
2025-08-12,30.69,25.09,86.07,0.74,0.73
2025-08-13,32.49,24.53,82.94,0.67,0.72
2025-08-14,30.12,25.32,88.03,8.87,0.73
2025-08-15,29.91,25.16,87.57,6.83,0.73
2025-08-16,29.63,24.58,87.56,4.47,0.73
2025-08-17,30.9,23.97,85.99,3.18,0.73
2025-08-18,30.26,25.14,86.19,0.77,0.73
2025-08-19,30.55,24.45,85.92,0.75,0.72
2025-08-20,31.51,24.49,85.91,0.37,0.71
2025-08-21,31.59,24.9,86.17,2.24,0.71
2025-08-22,30.35,25.33,88.38,0.56,0.71
2025-08-23,28.43,24.75,89.11,1.66,0.71
2025-08-24,29.61,24.31,87.49,1.1,0.7
2025-08-25,30.53,24.03,86.31,0.55,0.7
2025-08-26,30.75,24.29,86.65,8.16,0.7
2025-08-27,30.26,24.75,86.4,9.28,0.71
2025-08-28,31.85,24.54,83.03,3.87,0.71
2025-08-29,31.48,24.45,83.07,0.98,0.7
2025-08-30,31.53,24.03,84.73,8.75,0.7
2025-08-31,29.11,24.93,90.69,14.57,0.71
2025-09-01,30.35,24.82,88.02,3.82,0.72
2025-09-02,30.41,24.48,87.41,0.52,0.72
2025-09-03,29.25,24.31,88.67,0.16,0.71
2025-09-04,30.62,24.06,87.68,0.18,0.71
2025-09-05,32.14,24.44,83.2,1.22,0.7
2025-09-06,31.43,25.16,85.26,2.42,0.7
2025-09-07,31.69,25.06,84.83,1.9,0.7
2025-09-08,30.34,25.17,87.46,5.36,0.7
2025-09-09,31.37,24.71,85.83,0.63,0.69
2025-09-10,29.65,24.57,87.14,1.12,0.69
2025-09-11,31.05,24.01,85.91,5.37,0.69
2025-09-12,30.61,24.49,87.38,1.33,0.69
2025-09-13,31.39,24.58,85.52,3.7,0.69
2025-09-14,32.02,25.08,83.44,1.15,0.68
2025-09-15,31.8,24.73,82.64,1.07,0.68
2025-09-16,31.99,24.92,80.74,0.32,0.67
2025-09-17,32.16,24.38,81.46,0.52,0.66
2025-09-18,31.77,25.51,83.4,1.14,0.66
2025-09-19,30.46,25.79,88.89,3.64,0.66
2025-09-20,28.19,24.99,92.3,6.47,0.67
2025-09-21,31.03,24.92,87.89,9.91,0.68
2025-09-22,29.19,26.04,93.18,12.33,0.69
2025-09-23,29.46,25.87,93.19,7.94,0.7
2025-09-24,30.21,25.38,90.0,6.28,0.71
2025-09-25,30.92,25.08,89.68,5.93,0.71
2025-09-26,30.43,25.03,88.96,9.4,0.71
2025-09-27,30.43,24.81,87.94,6.28,0.72
2025-09-28,29.83,24.41,87.35,2.01,0.72
2025-09-29,31.57,24.62,88.55,41.87,0.73
2025-09-30,30.8,25.31,89.81,4.33,0.77
2025-10-01,30.1,24.79,89.88,0.9,0.76
2025-10-02,30.7,25.03,87.11,0.57,0.75
2025-10-03,31.73,24.21,84.92,7.27,0.75
2025-10-04,30.27,24.89,88.41,0.36,0.75
2025-10-05,30.73,24.49,87.89,1.21,0.74
2025-10-06,29.96,24.55,89.16,0.13,0.74
2025-10-07,29.09,24.35,89.84,0.1,0.73
2025-10-08,30.43,24.1,85.31,3.01,0.73
2025-10-09,29.55,23.9,88.78,19.02,0.74
2025-10-10,30.96,23.92,83.93,6.23,0.75
2025-10-11,31.32,24.04,82.18,0.42,0.75
2025-10-12,30.84,24.16,83.57,4.05,0.74
2025-10-13,29.71,25.16,89.16,11.57,0.75
2025-10-14,30.83,24.18,86.82,0.28,0.75
2025-10-15,28.51,24.93,88.7,7.8,0.75
2025-10-16,29.27,23.46,85.89,5.35,0.76
2025-10-17,31.43,23.92,83.41,3.1,0.76
2025-10-18,30.21,24.66,87.59,0.34,0.75
2025-10-19,30.5,24.43,85.84,2.12,0.75
2025-10-20,31.66,24.66,82.88,0.06,0.74
2025-10-21,31.86,23.69,85.08,0.08,0.73
2025-10-22,29.46,24.55,88.18,0.0,0.73
2025-10-23,31.56,23.92,82.13,0.0,0.72
2025-10-24,30.84,23.7,81.75,0.0,0.71
2025-10-25,31.67,23.04,82.87,0.18,0.7
2025-10-26,31.99,23.94,82.19,0.16,0.69
2025-10-27,32.11,23.78,83.13,0.06,0.68
2025-10-28,32.62,24.52,80.35,0.11,0.67
2025-10-29,32.76,25.26,79.12,0.33,0.66
2025-10-30,33.59,24.51,77.89,1.99,0.66
2025-10-31,31.24,25.98,85.92,8.17,0.66
2025-11-01,29.98,25.23,89.92,6.41,0.67
2025-11-02,28.51,25.51,93.3,19.59,0.68
2025-11-03,27.36,25.02,94.15,10.76,0.7
2025-11-04,29.53,24.55,88.8,0.89,0.71
2025-11-05,31.5,24.11,79.89,0.11,0.7
2025-11-06,31.31,23.56,81.62,0.17,0.69
2025-11-07,31.01,24.24,84.95,9.24,0.69
2025-11-08,32.15,24.59,83.79,8.7,0.7
2025-11-09,30.3,25.29,85.93,4.63,0.7
2025-11-10,30.71,24.73,86.35,10.75,0.71
2025-11-11,30.89,23.51,83.16,0.09,0.71
2025-11-12,31.17,21.88,76.87,0.0,0.7
2025-11-13,31.9,22.81,75.49,0.37,0.69
2025-11-14,32.14,23.39,79.2,0.0,0.68
2025-11-15,28.78,23.98,85.51,0.0,0.68
2025-11-16,30.48,21.98,76.92,0.0,0.67
2025-11-17,31.36,20.35,78.15,0.99,0.66
2025-11-18,29.37,23.18,86.34,1.14,0.66
2025-11-19,28.17,22.49,81.57,0.32,0.65
2025-11-20,29.04,20.68,78.46,0.0,0.65
2025-11-21,29.44,20.81,79.06,0.0,0.64
2025-11-22,29.97,19.41,76.79,0.0,0.63
2025-11-23,30.76,18.88,73.78,0.0,0.62
2025-11-24,31.29,18.58,71.94,0.0,0.62
2025-11-25,30.23,18.28,75.95,0.01,0.61
2025-11-26,29.76,17.87,73.79,0.0,0.61
2025-11-27,28.74,17.0,72.32,0.0,0.6
2025-11-28,28.23,15.22,72.32,0.0,0.6
2025-11-29,29.32,15.17,67.3,0.0,0.59
2025-11-30,30.29,18.6,68.9,0.0,0.59
2025-12-01,30.26,17.9,67.37,0.0,0.58
2025-12-02,30.81,18.04,65.72,0.0,0.58
2025-12-03,31.08,18.64,68.95,0.0,0.57
2025-12-04,32.88,19.17,71.03,0.0,0.57
2025-12-05,33.3,20.7,69.68,0.0,0.56
2025-12-06,32.98,21.46,71.43,0.0,0.56
2025-12-07,33.09,22.21,70.47,0.0,0.56
2025-12-08,32.93,22.03,72.13,0.0,0.55
2025-12-09,31.14,21.92,72.35,0.0,0.55
2025-12-10,31.61,19.57,66.71,0.0,0.54
2025-12-11,31.74,19.99,65.26,0.0,0.54
2025-12-12,32.08,18.4,68.27,0.1,0.54
2025-12-13,33.17,21.29,71.78,0.24,0.53
2025-12-14,33.69,22.39,70.76,0.05,0.53
2025-12-15,33.74,21.38,70.59,0.0,0.53
2025-12-16,34.3,21.7,65.75,0.0,0.52
2025-12-17,33.28,20.64,65.08,0.0,0.52
2025-12-18,33.21,19.37,63.12,0.0,0.52
2025-12-19,32.86,19.25,63.72,0.0,0.51
2025-12-20,32.63,19.32,66.39,0.0,0.51
2025-12-21,32.74,18.51,61.62,0.0,0.51
2025-12-22,32.3,18.59,63.98,0.0,0.51
2025-12-23,32.15,19.45,55.59,0.0,0.5
2025-12-24,32.53,19.75,59.57,0.0,0.5
2025-12-25,32.75,18.82,64.89,0.0,0.5
2025-12-26,32.73,19.91,57.79,0.0,0.5
2025-12-27,33.61,19.14,65.33,0.0,0.49
2025-12-28,33.81,20.97,66.82,0.0,0.49
2025-12-29,33.23,20.87,71.94,0.0,0.49
2025-12-30,32.78,19.36,66.6,0.0,0.49
2025-12-31,32.66,18.09,67.27,0.0,0.48
