,T2M_MAX,T2M_MIN,RH2M,PRECTOTCORR,GWETROOT
1981-01-01,25.04,11.9,62.77,0.0,0.49
1981-01-02,24.73,12.37,56.78,0.01,0.49
1981-01-03,23.78,10.24,61.94,0.0,0.49
1981-01-04,23.59,9.65,68.72,0.03,0.49
1981-01-05,22.5,8.43,57.85,0.07,0.49
1981-01-06,23.23,9.95,40.39,0.0,0.49
1981-01-07,23.46,9.71,50.33,0.0,0.48
1981-01-08,23.77,9.06,65.2,0.0,0.48
1981-01-09,24.42,9.21,67.62,0.0,0.48
1981-01-10,24.62,11.41,59.31,0.0,0.48
1981-01-11,23.42,9.66,65.6,0.0,0.48
1981-01-12,23.71,9.41,65.73,0.0,0.48
1981-01-13,25.2,10.92,61.52,0.0,0.48
1981-01-14,24.12,10.17,65.37,0.0,0.48
1981-01-15,24.51,9.45,58.3,0.0,0.48
1981-01-16,24.99,8.63,55.51,0.0,0.48
1981-01-17,24.66,9.4,61.75,0.0,0.48
1981-01-18,25.03,10.44,54.59,0.0,0.48
1981-01-19,22.42,10.75,57.49,0.0,0.48
1981-01-20,20.92,12.4,69.52,0.0,0.48
1981-01-21,22.39,10.57,62.44,0.0,0.48
1981-01-22,22.07,9.82,63.54,0.0,0.48
1981-01-23,23.55,8.81,63.25,0.0,0.48
1981-01-24,24.83,9.05,62.3,0.0,0.48
1981-01-25,25.33,10.68,57.74,0.05,0.48
1981-01-26,24.82,13.23,56.8,0.0,0.48
1981-01-27,25.63,12.56,51.12,0.15,0.48
1981-01-28,24.97,10.99,51.8,0.15,0.48
1981-01-29,25.4,10.93,46.8,0.0,0.48
1981-01-30,25.14,9.1,49.34,0.0,0.48
1981-01-31,26.63,9.56,46.3,0.0,0.48
1981-02-01,27.26,10.8,45.84,0.0,0.48
1981-02-02,26.25,10.29,44.44,0.0,0.47
1981-02-03,26.37,12.53,44.08,0.0,0.47
1981-02-04,27.17,10.92,46.65,0.0,0.47
1981-02-05,27.67,10.18,39.29,0.0,0.47
1981-02-06,29.51,12.19,31.74,0.0,0.47
1981-02-07,28.45,14.22,32.56,0.0,0.47
1981-02-08,27.85,12.49,35.06,0.0,0.47
1981-02-09,25.89,12.44,48.57,0.0,0.47
1981-02-10,26.53,13.47,60.12,2.48,0.47
1981-02-11,23.3,11.28,65.68,1.06,0.48
1981-02-12,23.82,8.08,57.93,0.0,0.47
1981-02-13,25.3,9.2,45.21,0.0,0.47
1981-02-14,26.14,9.8,44.76,0.01,0.47
1981-02-15,25.91,9.98,44.82,0.0,0.47
1981-02-16,26.13,8.07,43.23,0.0,0.47
1981-02-17,28.44,9.63,38.23,0.0,0.47
1981-02-18,28.31,9.63,40.26,0.0,0.47
1981-02-19,29.44,11.01,35.67,0.0,0.47
1981-02-20,29.74,12.33,32.12,0.0,0.47
1981-02-21,28.88,11.42,41.97,0.0,0.47
1981-02-22,28.97,11.18,29.02,0.0,0.47
1981-02-23,30.22,12.99,26.06,0.0,0.47
1981-02-24,31.11,14.73,22.71,0.0,0.47
1981-02-25,30.95,14.75,22.2,0.39,0.47
1981-02-26,31.66,16.05,18.56,0.0,0.47
1981-02-27,30.24,13.19,26.87,0.0,0.47
1981-02-28,29.45,12.78,39.12,0.0,0.47
1981-03-01,30.55,13.02,44.01,0.0,0.47
1981-03-02,30.37,14.39,36.5,0.0,0.47
1981-03-03,29.77,13.22,37.8,0.05,0.47
1981-03-04,31.59,13.95,34.49,0.0,0.47
1981-03-05,31.51,15.48,30.93,0.0,0.46
1981-03-06,30.24,16.18,29.86,0.0,0.46
1981-03-07,30.58,13.09,24.49,0.0,0.46
1981-03-08,30.98,12.3,27.28,0.0,0.46
1981-03-09,31.72,15.18,27.2,0.0,0.46
1981-03-10,31.43,16.85,30.57,0.02,0.46
1981-03-11,30.87,14.7,33.12,0.0,0.46
1981-03-12,30.34,14.54,35.49,0.0,0.46
1981-03-13,30.74,14.19,33.39,0.0,0.46
1981-03-14,30.93,14.32,34.96,0.02,0.46
1981-03-15,31.67,14.09,32.96,0.0,0.46
1981-03-16,31.16,15.11,32.64,0.0,0.46
1981-03-17,29.61,12.8,32.32,0.0,0.46
1981-03-18,30.19,13.67,44.17,0.0,0.46
1981-03-19,31.36,15.16,31.57,0.0,0.46
1981-03-20,32.48,15.9,28.24,0.0,0.46
1981-03-21,31.94,14.61,32.46,0.0,0.46
1981-03-22,29.76,16.33,44.53,0.01,0.46
1981-03-23,30.06,17.72,48.35,0.06,0.46
1981-03-24,30.37,15.47,45.25,0.0,0.46
1981-03-25,31.38,16.33,36.99,0.03,0.46
1981-03-26,29.13,16.64,38.15,0.33,0.46
1981-03-27,28.8,13.66,45.41,0.7,0.46
1981-03-28,28.88,13.56,39.22,0.0,0.46
1981-03-29,31.06,15.58,29.84,0.0,0.46
1981-03-30,31.99,16.87,28.46,0.01,0.46
1981-03-31,31.85,15.39,31.05,0.01,0.46
1981-04-01,32.16,15.29,33.11,0.0,0.46
1981-04-02,31.02,15.02,44.4,0.09,0.46
1981-04-03,32.11,16.04,45.13,0.0,0.46
1981-04-04,32.96,15.5,47.71,0.0,0.46
1981-04-05,32.88,16.82,44.92,0.0,0.46
1981-04-06,33.21,18.0,46.17,0.0,0.46
1981-04-07,33.45,16.41,42.94,0.0,0.46
1981-04-08,34.25,17.01,27.67,0.0,0.46
1981-04-09,34.6,15.68,24.02,0.0,0.46
1981-04-10,33.51,15.69,26.65,0.0,0.46
1981-04-11,32.76,15.62,31.36,0.0,0.46
1981-04-12,33.22,15.83,33.15,3.53,0.46
1981-04-13,29.86,16.23,50.28,0.87,0.47
1981-04-14,30.67,16.51,54.26,0.34,0.47
1981-04-15,32.43,16.29,45.6,0.07,0.47
1981-04-16,29.61,16.57,55.76,0.23,0.47
1981-04-17,29.8,16.77,58.06,1.29,0.47
1981-04-18,29.65,16.87,66.13,4.23,0.47
1981-04-19,31.49,16.92,59.74,0.7,0.47
1981-04-20,28.57,17.53,58.46,0.23,0.47
1981-04-21,28.52,15.6,55.79,0.0,0.47
1981-04-22,31.91,16.8,47.97,0.0,0.47
1981-04-23,31.67,17.06,52.76,0.0,0.47
1981-04-24,32.48,19.49,50.78,0.0,0.47
1981-04-25,28.29,21.09,60.32,0.2,0.47
1981-04-26,30.22,20.29,56.6,2.19,0.47
1981-04-27,33.06,17.53,44.69,0.69,0.47
1981-04-28,31.81,17.7,46.62,0.84,0.47
1981-04-29,33.94,17.83,43.44,0.06,0.47
1981-04-30,33.91,18.02,39.72,0.02,0.47
1981-05-01,34.56,17.2,42.94,0.03,0.46
1981-05-02,31.22,19.89,43.56,0.08,0.46
1981-05-03,30.71,20.47,48.86,2.86,0.47
1981-05-04,29.49,20.1,57.9,1.03,0.47
1981-05-05,24.11,18.08,66.0,0.0,0.47
1981-05-06,26.41,18.01,66.78,0.97,0.47
1981-05-07,29.97,17.33,57.86,1.03,0.47
1981-05-08,30.59,18.18,58.47,0.31,0.47
1981-05-09,33.45,18.0,47.96,0.0,0.47
1981-05-10,33.21,19.45,48.82,0.03,0.47
1981-05-11,33.14,20.04,51.55,0.47,0.47
1981-05-12,29.2,20.65,60.41,1.1,0.47
1981-05-13,31.39,19.16,56.87,0.13,0.47
1981-05-14,31.68,19.34,58.59,0.29,0.47
1981-05-15,32.63,19.05,56.55,1.44,0.47
1981-05-16,31.4,20.26,58.8,0.41,0.47
1981-05-17,27.32,20.62,69.39,6.08,0.47
1981-05-18,28.65,18.28,73.85,13.52,0.49
1981-05-19,28.11,17.89,75.57,4.42,0.5
1981-05-20,27.79,19.11,72.89,0.22,0.5
1981-05-21,24.02,19.18,80.61,0.66,0.5
1981-05-22,28.01,18.67,75.86,2.73,0.5
1981-05-23,28.53,18.88,73.79,2.89,0.5
1981-05-24,29.68,19.1,73.22,0.6,0.49
1981-05-25,27.28,19.63,76.77,0.66,0.49
1981-05-26,25.01,19.64,85.66,4.37,0.49
1981-05-27,28.75,20.0,79.99,2.67,0.5
1981-05-28,30.6,19.73,70.6,1.16,0.49
1981-05-29,30.94,19.27,67.88,1.0,0.49
1981-05-30,29.14,19.48,71.76,0.64,0.49
1981-05-31,29.37,18.95,70.81,3.85,0.49
1981-06-01,28.94,19.53,76.54,4.05,0.49
1981-06-02,25.12,19.58,85.94,11.34,0.5
1981-06-03,26.53,18.88,80.01,6.79,0.51
1981-06-04,24.47,18.56,83.72,8.56,0.52
1981-06-05,25.3,18.12,82.88,8.92,0.53
1981-06-06,28.75,18.07,76.73,0.04,0.53
1981-06-07,27.8,19.1,77.82,4.36,0.52
1981-06-08,28.19,18.79,78.5,7.92,0.53
1981-06-09,26.99,18.9,78.47,0.44,0.53
1981-06-10,29.02,18.31,72.39,0.21,0.52
1981-06-11,28.53,19.33,76.35,0.69,0.51
1981-06-12,29.34,19.56,74.36,1.16,0.51
1981-06-13,29.8,19.45,74.97,1.8,0.5
1981-06-14,30.61,20.38,75.6,1.62,0.5
1981-06-15,30.11,19.62,77.53,5.75,0.51
1981-06-16,29.63,19.5,74.25,1.12,0.51
1981-06-17,30.32,19.81,75.5,1.29,0.5
1981-06-18,29.9,19.84,73.82,2.94,0.5
1981-06-19,29.6,19.44,75.67,5.95,0.51
1981-06-20,29.9,19.74,73.64,0.23,0.51
1981-06-21,27.13,20.13,76.78,1.15,0.5
1981-06-22,26.38,20.25,83.22,9.78,0.51
1981-06-23,26.96,19.47,81.26,3.3,0.52
1981-06-24,25.86,18.55,80.34,11.21,0.53
1981-06-25,27.42,18.09,81.19,2.33,0.53
1981-06-26,26.97,19.99,76.88,0.24,0.53
1981-06-27,26.86,19.47,76.83,0.62,0.52
1981-06-28,27.38,19.04,80.9,8.06,0.52
1981-06-29,25.1,19.57,84.79,3.03,0.53
1981-06-30,26.79,19.22,80.15,2.75,0.52
1981-07-01,27.5,18.96,78.39,0.98,0.52
1981-07-02,27.04,19.28,78.99,0.23,0.51
1981-07-03,28.2,19.2,78.28,1.79,0.51
1981-07-04,26.9,19.74,81.18,0.07,0.51
1981-07-05,28.55,19.48,76.92,2.05,0.51
1981-07-06,25.54,19.57,83.93,13.4,0.52
1981-07-07,24.39,19.16,83.49,0.33,0.53
1981-07-08,27.68,18.1,78.67,0.24,0.52
1981-07-09,26.46,18.18,80.01,0.31,0.52
1981-07-10,26.28,18.75,80.42,0.32,0.51
1981-07-11,30.06,18.01,76.05,0.84,0.51
1981-07-12,29.6,17.53,73.27,0.13,0.51
1981-07-13,29.51,18.04,72.62,0.08,0.5
1981-07-14,28.89,19.31,74.09,0.23,0.5
1981-07-15,29.04,19.32,77.95,2.28,0.5
1981-07-16,28.36,19.5,76.1,1.19,0.5
1981-07-17,27.67,19.28,76.63,0.16,0.5
1981-07-18,26.29,19.52,79.84,1.93,0.5
1981-07-19,27.51,19.44,79.28,4.95,0.5
1981-07-20,29.17,19.79,77.74,8.63,0.51
1981-07-21,27.51,19.67,82.07,4.65,0.52
1981-07-22,28.39,18.93,75.66,0.36,0.52
1981-07-23,28.03,18.92,80.22,9.82,0.52
1981-07-24,26.44,18.74,83.78,22.19,0.55
1981-07-25,27.34,18.55,81.36,1.11,0.56
1981-07-26,26.51,20.01,83.35,5.36,0.55
1981-07-27,26.01,18.97,84.23,20.18,0.56
1981-07-28,25.91,18.79,84.54,3.83,0.58
1981-07-29,23.62,19.05,87.77,6.22,0.57
1981-07-30,22.92,18.79,89.94,0.98,0.57
1981-07-31,25.64,18.79,86.45,3.03,0.56
1981-08-01,27.02,18.6,80.44,1.05,0.55
1981-08-02,27.37,18.37,81.57,0.99,0.54
1981-08-03,26.54,19.22,84.92,4.73,0.54
1981-08-04,27.66,19.13,81.11,0.73,0.54
1981-08-05,24.65,18.83,87.44,2.31,0.54
1981-08-06,24.27,18.83,90.89,2.52,0.54
1981-08-07,25.29,19.12,85.33,1.65,0.54
1981-08-08,26.06,18.66,82.59,1.1,0.54
1981-08-09,28.77,18.1,78.54,0.77,0.53
1981-08-10,27.39,18.07,81.08,5.1,0.53
1981-08-11,24.23,19.3,90.15,5.69,0.54
1981-08-12,27.7,19.77,81.44,4.32,0.54
1981-08-13,27.26,19.71,77.74,0.29,0.54
1981-08-14,28.35,19.87,78.54,0.53,0.53
1981-08-15,28.95,18.76,77.23,0.75,0.53
1981-08-16,27.66,19.39,78.12,0.11,0.52
1981-08-17,29.08,18.63,73.99,0.11,0.52
1981-08-18,27.57,19.56,78.18,0.11,0.51
1981-08-19,25.54,19.16,79.61,0.32,0.51
1981-08-20,29.87,19.17,76.66,0.57,0.51
1981-08-21,29.33,20.12,77.74,1.94,0.51
1981-08-22,26.32,19.74,85.0,2.38,0.51
1981-08-23,27.09,19.18,78.85,0.79,0.51
1981-08-24,29.16,19.06,75.33,1.35,0.51
1981-08-25,28.56,18.75,79.86,11.82,0.52
1981-08-26,26.21,18.57,83.81,13.23,0.54
1981-08-27,25.93,18.32,80.94,0.25,0.55
1981-08-28,27.11,18.21,81.06,0.11,0.54
1981-08-29,27.67,18.52,78.77,0.87,0.53
1981-08-30,25.41,18.91,81.37,0.29,0.53
1981-08-31,28.12,18.96,77.54,0.27,0.52
1981-09-01,27.32,18.81,80.68,2.6,0.52
1981-09-02,26.29,18.54,83.65,3.39,0.52
1981-09-03,24.57,18.59,85.98,2.81,0.53
1981-09-04,26.91,18.0,82.92,6.88,0.53
1981-09-05,22.99,18.47,85.55,1.07,0.53
1981-09-06,24.0,18.26,88.44,2.16,0.53
1981-09-07,27.14,18.55,82.67,2.62,0.54
1981-09-08,24.48,18.52,87.78,1.36,0.53
1981-09-09,26.81,18.25,83.64,3.25,0.53
1981-09-10,25.53,18.52,82.37,1.58,0.53
1981-09-11,28.04,17.47,80.25,6.84,0.53
1981-09-12,27.34,18.01,83.4,19.33,0.55
1981-09-13,28.13,17.69,79.85,2.95,0.56
1981-09-14,28.06,18.69,77.89,0.1,0.55
1981-09-15,27.49,16.94,73.91,0.94,0.55
1981-09-16,28.4,16.83,72.98,1.65,0.54
1981-09-17,28.87,17.03,74.37,0.72,0.53
1981-09-18,28.5,18.99,75.16,1.26,0.53
1981-09-19,27.07,19.45,78.61,1.3,0.53
1981-09-20,28.29,18.54,78.37,8.78,0.53
1981-09-21,26.59,20.07,79.35,0.49,0.54
1981-09-22,29.48,18.87,75.13,0.27,0.53
1981-09-23,27.72,19.91,79.94,2.03,0.53
1981-09-24,28.27,18.04,77.35,0.1,0.53
1981-09-25,27.27,18.41,76.65,0.07,0.52
1981-09-26,27.78,19.47,79.44,0.11,0.52
1981-09-27,28.66,19.09,78.15,1.1,0.52
1981-09-28,29.01,19.67,77.68,0.05,0.51
1981-09-29,24.04,20.11,85.57,0.99,0.51
1981-09-30,25.8,19.61,82.47,0.13,0.51
1981-10-01,27.59,19.21,81.87,3.06,0.51
1981-10-02,26.45,19.25,84.89,0.97,0.51
1981-10-03,28.34,18.62,83.14,6.77,0.52
1981-10-04,24.05,20.2,91.41,19.98,0.54
1981-10-05,27.08,18.96,83.56,1.59,0.56
1981-10-06,26.79,17.99,83.76,0.91,0.55
1981-10-07,26.95,18.24,83.21,0.07,0.54
1981-10-08,23.91,17.85,85.24,0.15,0.54
1981-10-09,21.95,17.19,88.04,0.59,0.54
1981-10-10,25.19,15.77,82.34,1.21,0.53
1981-10-11,26.98,16.38,80.91,0.32,0.53
1981-10-12,26.04,17.36,80.71,1.67,0.53
1981-10-13,23.33,17.95,88.68,19.27,0.54
1981-10-14,25.76,17.71,86.66,1.3,0.56
1981-10-15,25.39,18.26,85.9,0.92,0.55
1981-10-16,26.77,16.58,81.15,0.8,0.55
1981-10-17,24.35,17.34,89.4,4.34,0.55
1981-10-18,22.26,18.65,94.0,8.35,0.55
1981-10-19,24.86,18.53,87.75,7.46,0.56
1981-10-20,25.71,16.92,86.76,6.0,0.57
1981-10-21,26.76,16.33,78.94,0.0,0.56
1981-10-22,27.83,16.09,75.59,0.01,0.55
1981-10-23,26.63,17.36,83.01,0.81,0.54
1981-10-24,24.09,15.01,79.56,0.1,0.54
1981-10-25,24.38,17.54,85.87,0.82,0.54
1981-10-26,25.55,17.91,83.34,0.81,0.54
1981-10-27,27.11,16.97,78.44,0.0,0.53
1981-10-28,25.83,18.11,81.51,0.0,0.53
1981-10-29,27.73,17.09,76.98,0.0,0.52
1981-10-30,27.12,18.55,80.49,0.0,0.52
1981-10-31,27.98,17.64,80.05,0.0,0.52
1981-11-01,28.8,17.93,77.44,0.0,0.51
1981-11-02,29.41,18.71,75.58,0.0,0.51
1981-11-03,29.49,17.62,74.22,0.0,0.51
1981-11-04,29.58,16.03,68.18,0.0,0.51
1981-11-05,29.84,17.13,69.2,0.7,0.5
1981-11-06,26.5,18.74,80.7,16.63,0.52
1981-11-07,23.61,17.87,86.45,3.15,0.53
1981-11-08,18.16,11.34,89.6,3.54,0.54
1981-11-09,13.48,9.46,87.43,5.54,0.54
1981-11-10,18.17,8.57,88.57,4.63,0.55
1981-11-11,20.76,11.28,88.48,1.05,0.55
1981-11-12,23.02,13.99,85.7,0.01,0.55
1981-11-13,25.16,15.25,81.6,0.01,0.54
1981-11-14,22.83,16.61,87.47,0.18,0.54
1981-11-15,24.31,16.16,80.86,0.76,0.53
1981-11-16,24.85,15.49,79.98,1.8,0.53
1981-11-17,24.08,15.49,85.6,4.6,0.53
1981-11-18,20.77,15.39,93.45,10.37,0.55
1981-11-19,21.04,16.19,92.52,11.83,0.55
1981-11-20,21.75,16.2,93.1,35.97,0.61
1981-11-21,21.54,16.0,89.45,1.11,0.63
1981-11-22,23.77,16.06,87.49,0.06,0.61
1981-11-23,22.31,15.92,87.85,0.73,0.6
1981-11-24,23.73,14.73,85.45,0.0,0.59
1981-11-25,23.9,13.59,82.77,0.0,0.58
1981-11-26,24.26,12.82,80.45,0.0,0.57
1981-11-27,24.85,12.32,79.31,0.0,0.56
1981-11-28,24.79,12.74,82.79,0.0,0.55
1981-11-29,23.85,15.18,85.2,0.0,0.55
1981-11-30,22.74,13.63,82.14,0.0,0.54
1981-12-01,19.71,9.93,72.91,0.0,0.54
1981-12-02,20.06,7.47,68.38,0.0,0.54
1981-12-03,22.54,6.51,68.28,0.0,0.53
1981-12-04,24.2,9.56,66.91,0.0,0.53
1981-12-05,24.34,12.04,64.99,0.0,0.53
1981-12-06,24.45,11.68,80.79,0.01,0.52
1981-12-07,21.97,12.3,77.71,0.03,0.52
1981-12-08,22.6,9.87,74.84,0.16,0.52
1981-12-09,25.35,11.49,74.63,0.35,0.52
1981-12-10,24.56,11.85,73.81,1.43,0.52
1981-12-11,23.01,13.58,86.33,0.95,0.52
1981-12-12,24.58,14.72,81.87,0.13,0.52
1981-12-13,24.8,13.71,79.61,0.05,0.52
1981-12-14,24.79,14.14,78.56,0.18,0.52
1981-12-15,22.48,12.33,79.99,0.19,0.52
1981-12-16,22.64,13.06,79.55,0.02,0.52
1981-12-17,23.17,12.9,78.83,0.09,0.51
1981-12-18,22.12,13.16,80.73,0.42,0.51
1981-12-19,20.94,12.79,83.16,0.03,0.51
1981-12-20,18.56,12.97,84.71,0.0,0.51
1981-12-21,20.47,11.64,75.5,0.0,0.51
1981-12-22,22.44,10.99,72.23,0.0,0.51
1981-12-23,21.57,11.71,74.41,0.0,0.51
1981-12-24,20.42,10.36,79.3,0.0,0.51
1981-12-25,22.45,10.45,75.47,0.0,0.51
1981-12-26,23.7,9.83,72.49,0.0,0.51
1981-12-27,24.26,9.79,64.43,0.0,0.51
1981-12-28,24.76,8.54,57.84,0.0,0.51
1981-12-29,25.31,10.81,51.27,0.0,0.51
1981-12-30,24.01,10.33,55.17,0.0,0.5
1981-12-31,24.22,10.03,56.09,0.0,0.5
1982-01-01,23.4,8.92,59.49,0.0,0.5
1982-01-02,23.33,8.53,63.9,0.0,0.5
1982-01-03,23.13,8.23,56.57,0.33,0.5
1982-01-04,23.78,8.89,54.02,0.0,0.5
1982-01-05,24.47,8.74,61.19,0.0,0.5
1982-01-06,24.31,10.23,53.05,0.0,0.5
1982-01-07,25.88,12.49,55.65,0.0,0.5
1982-01-08,24.41,12.02,68.02,0.0,0.5
1982-01-09,24.09,11.42,60.3,0.0,0.5
1982-01-10,24.3,10.33,55.92,0.0,0.5
1982-01-11,24.2,10.19,53.74,0.0,0.5
1982-01-12,24.85,9.94,50.15,0.0,0.49
1982-01-13,24.18,10.05,55.46,0.0,0.49
1982-01-14,23.77,9.04,59.32,3.72,0.5
1982-01-15,24.23,10.15,52.54,0.0,0.5
1982-01-16,23.16,10.31,54.37,0.0,0.5
1982-01-17,23.0,10.52,59.0,0.03,0.5
1982-01-18,22.03,7.84,71.23,0.24,0.5
1982-01-19,21.47,9.63,76.57,0.0,0.5
1982-01-20,22.68,10.05,71.16,0.0,0.5
1982-01-21,23.61,8.85,62.28,0.0,0.5
1982-01-22,23.84,8.71,51.59,0.0,0.49
1982-01-23,24.61,9.5,47.01,0.0,0.49
1982-01-24,25.03,9.19,44.6,0.0,0.49
1982-01-25,27.02,10.39,44.5,0.0,0.49
1982-01-26,27.16,9.39,50.0,0.0,0.49
1982-01-27,26.66,10.89,49.65,0.0,0.49
1982-01-28,25.69,11.6,45.79,0.0,0.49
1982-01-29,25.68,12.24,51.09,0.0,0.49
1982-01-30,25.68,12.2,55.15,0.0,0.49
1982-01-31,25.95,12.08,53.62,0.0,0.49
1982-02-01,25.52,11.8,55.67,0.0,0.48
1982-02-02,24.65,10.26,56.71,0.0,0.48
1982-02-03,26.15,9.89,45.93,0.0,0.48
1982-02-04,25.59,11.1,44.51,0.0,0.48
1982-02-05,25.07,9.45,48.99,0.0,0.48
1982-02-06,22.9,9.7,68.12,0.08,0.48
1982-02-07,24.81,9.42,55.36,0.0,0.48
1982-02-08,24.73,7.37,44.16,0.0,0.48
1982-02-09,22.85,7.65,64.42,0.0,0.48
1982-02-10,25.34,10.26,52.28,0.0,0.48
1982-02-11,25.48,8.53,40.07,0.0,0.48
1982-02-12,25.48,9.16,42.28,0.0,0.48
1982-02-13,26.25,10.46,48.12,0.0,0.48
1982-02-14,25.76,10.13,51.93,0.0,0.48
1982-02-15,25.41,10.41,61.55,0.0,0.48
1982-02-16,24.84,12.47,55.99,0.05,0.48
1982-02-17,25.26,11.91,59.4,0.01,0.48
1982-02-18,26.11,10.91,59.51,0.0,0.48
1982-02-19,26.57,11.68,61.67,0.0,0.48
1982-02-20,26.97,12.63,58.61,0.0,0.48
1982-02-21,28.31,13.03,49.36,0.0,0.47
1982-02-22,28.99,14.2,41.73,0.0,0.47
1982-02-23,29.51,11.11,39.6,0.0,0.47
1982-02-24,29.17,14.62,34.27,0.0,0.47
1982-02-25,29.45,14.08,37.56,0.0,0.47
1982-02-26,29.31,14.12,37.19,0.0,0.47
1982-02-27,29.95,14.44,34.93,0.0,0.47
1982-02-28,30.46,13.9,30.62,0.0,0.47
1982-03-01,30.36,14.95,29.31,0.0,0.47
1982-03-02,31.26,13.28,32.35,0.0,0.47
1982-03-03,30.06,12.94,37.32,0.0,0.47
1982-03-04,28.61,12.68,44.48,0.0,0.47
1982-03-05,28.06,11.45,40.96,0.0,0.47
1982-03-06,30.44,13.31,33.8,0.0,0.47
1982-03-07,29.82,12.15,41.69,0.72,0.47
1982-03-08,29.95,13.49,47.81,0.0,0.47
1982-03-09,31.03,14.85,38.46,0.0,0.47
1982-03-10,31.83,14.91,28.91,0.0,0.47
1982-03-11,31.36,15.07,31.11,0.0,0.47
1982-03-12,30.94,14.37,35.52,0.0,0.47
1982-03-13,31.16,16.26,34.08,0.0,0.47
1982-03-14,29.71,14.22,45.27,0.0,0.47
1982-03-15,31.27,11.44,34.08,0.0,0.47
1982-03-16,31.68,12.29,28.57,0.0,0.47
1982-03-17,31.09,12.28,24.93,0.0,0.47
1982-03-18,31.18,13.32,31.93,0.0,0.47
1982-03-19,31.53,13.93,36.5,0.0,0.47
1982-03-20,31.45,14.27,36.59,0.0,0.47
1982-03-21,32.85,16.72,33.17,0.0,0.47
1982-03-22,32.73,17.6,30.3,0.0,0.46
1982-03-23,32.39,14.63,36.9,0.0,0.46
1982-03-24,33.48,14.88,32.43,0.0,0.46
1982-03-25,33.81,17.76,27.61,0.0,0.46
1982-03-26,32.92,16.68,35.61,0.0,0.46
1982-03-27,30.59,15.48,38.69,0.0,0.46
1982-03-28,32.35,17.06,37.38,0.0,0.46
1982-03-29,32.16,15.97,33.45,0.0,0.46
1982-03-30,31.83,15.01,35.23,0.02,0.46
1982-03-31,30.5,14.42,46.52,0.0,0.46
1982-04-01,28.49,14.96,58.91,0.0,0.46
1982-04-02,30.08,16.81,57.77,0.0,0.46
1982-04-03,30.48,16.06,57.55,0.0,0.46
1982-04-04,29.83,17.66,59.62,0.05,0.46
1982-04-05,31.92,17.27,52.38,0.0,0.46
1982-04-06,31.49,17.68,51.01,0.0,0.46
1982-04-07,32.58,17.89,48.75,0.59,0.47
1982-04-08,33.71,16.93,48.38,0.15,0.47
1982-04-09,31.98,18.65,44.56,0.0,0.47
1982-04-10,29.23,19.82,52.59,0.03,0.47
1982-04-11,29.23,19.17,51.84,0.27,0.47
1982-04-12,30.5,16.7,44.47,0.38,0.47
1982-04-13,31.88,15.63,42.98,0.19,0.47
1982-04-14,32.32,18.83,36.03,0.01,0.46
1982-04-15,30.54,17.04,42.18,0.06,0.46
1982-04-16,30.97,16.46,40.46,0.03,0.46
1982-04-17,26.44,16.62,51.96,0.55,0.46
1982-04-18,28.56,17.09,49.28,0.01,0.47
1982-04-19,29.02,17.55,46.87,0.13,0.47
1982-04-20,31.19,17.16,44.6,0.14,0.46
1982-04-21,31.45,17.3,46.55,0.08,0.46
1982-04-22,31.86,16.89,45.98,0.28,0.46
1982-04-23,31.04,16.67,45.51,0.0,0.46
1982-04-24,29.9,17.48,47.92,0.28,0.46
1982-04-25,30.37,18.78,47.9,0.01,0.46
1982-04-26,31.24,18.78,44.07,0.08,0.46
1982-04-27,32.34,17.77,46.02,0.0,0.46
1982-04-28,32.9,18.34,43.15,0.0,0.46
1982-04-29,32.46,18.7,46.43,0.0,0.46
1982-04-30,32.12,19.84,45.9,0.0,0.46
1982-05-01,33.34,18.09,40.54,0.0,0.46
1982-05-02,33.09,18.75,48.06,0.1,0.46
1982-05-03,30.89,20.5,54.42,0.0,0.46
1982-05-04,26.54,17.94,56.09,0.32,0.46
1982-05-05,30.98,16.69,51.39,1.48,0.47
1982-05-06,30.74,17.28,50.22,0.02,0.47
1982-05-07,32.28,18.44,48.69,0.05,0.46
1982-05-08,32.23,20.42,49.56,0.0,0.46
1982-05-09,34.35,18.79,48.03,0.03,0.46
1982-05-10,34.34,18.35,52.26,0.05,0.46
1982-05-11,35.18,18.53,47.28,0.0,0.46
1982-05-12,34.56,18.87,47.74,0.98,0.46
1982-05-13,33.04,20.2,52.73,1.71,0.47
1982-05-14,30.96,21.27,60.55,0.74,0.47
1982-05-15,29.37,20.96,64.72,0.77,0.47
1982-05-16,27.83,19.62,68.46,3.18,0.47
1982-05-17,29.12,18.63,63.54,0.4,0.47
1982-05-18,27.77,19.05,70.96,12.16,0.48
1982-05-19,30.24,18.6,68.02,5.15,0.5
1982-05-20,30.68,19.02,63.71,0.9,0.5
1982-05-21,32.65,18.26,58.66,0.34,0.49
1982-05-22,31.97,19.24,59.43,0.0,0.49
1982-05-23,27.68,20.7,70.32,0.03,0.48
1982-05-24,27.38,19.93,71.99,0.62,0.48
1982-05-25,26.48,19.28,76.36,3.08,0.48
1982-05-26,29.08,19.16,72.6,0.08,0.48
1982-05-27,27.08,19.31,78.19,2.61,0.49
1982-05-28,27.21,18.73,76.2,1.36,0.49
1982-05-29,28.08,18.88,71.12,0.11,0.48
1982-05-30,29.42,18.09,76.43,12.21,0.49
1982-05-31,31.21,18.66,69.19,2.23,0.5
1982-06-01,26.51,20.05,79.36,11.85,0.51
1982-06-02,28.79,19.29,79.36,2.92,0.52
1982-06-03,30.15,20.15,78.13,4.26,0.52
1982-06-04,29.38,19.26,72.89,0.47,0.51
1982-06-05,30.67,19.82,72.5,0.03,0.51
1982-06-06,28.37,20.37,77.83,2.78,0.5
1982-06-07,28.74,19.74,75.21,2.44,0.5
1982-06-08,28.94,19.38,78.62,4.43,0.5
1982-06-09,25.48,19.13,85.3,9.14,0.52
1982-06-10,28.37,18.61,77.42,0.85,0.52
1982-06-11,28.13,19.07,78.19,1.44,0.51
1982-06-12,24.69,19.15,83.1,2.33,0.51
1982-06-13,26.63,19.38,80.04,1.01,0.51
1982-06-14,29.04,18.93,76.54,0.42,0.5
1982-06-15,28.26,19.63,76.63,0.72,0.5
1982-06-16,29.57,19.79,75.93,3.3,0.5
1982-06-17,28.74,19.0,79.54,12.65,0.51
1982-06-18,28.02,19.87,77.21,1.44,0.52
1982-06-19,26.78,19.07,80.03,1.34,0.51
1982-06-20,28.0,18.65,73.53,0.48,0.51
1982-06-21,28.47,18.17,72.26,2.08,0.5
1982-06-22,27.92,18.66,79.86,5.28,0.51
1982-06-23,26.35,18.49,78.11,0.17,0.51
1982-06-24,27.77,18.1,75.14,0.45,0.5
1982-06-25,28.97,18.65,73.6,0.11,0.5
1982-06-26,27.83,20.48,79.24,0.6,0.5
1982-06-27,28.06,19.37,73.58,0.01,0.49
1982-06-28,29.11,19.16,74.23,0.12,0.49
1982-06-29,27.96,18.12,72.58,0.47,0.49
1982-06-30,30.83,18.75,71.98,0.54,0.49
1982-07-01,28.89,20.43,74.51,1.04,0.49
1982-07-02,27.28,19.23,78.62,2.88,0.49
1982-07-03,26.61,19.27,78.69,1.63,0.49
1982-07-04,28.5,19.33,71.93,0.67,0.49
1982-07-05,28.57,18.84,78.81,18.73,0.5
1982-07-06,24.78,18.24,77.94,0.29,0.52
1982-07-07,28.23,19.07,74.15,0.11,0.51
1982-07-08,27.13,17.76,75.69,1.06,0.51
1982-07-09,26.74,18.21,79.51,3.71,0.51
1982-07-10,26.41,18.34,79.34,0.14,0.51
1982-07-11,25.49,19.18,77.82,0.3,0.5
1982-07-12,25.33,19.25,80.61,0.46,0.5
1982-07-13,26.72,18.97,77.11,0.04,0.5
1982-07-14,28.34,19.48,73.81,0.0,0.5
1982-07-15,29.91,19.23,72.04,0.04,0.49
1982-07-16,30.69,19.27,70.61,0.08,0.49
1982-07-17,30.23,20.24,71.38,0.04,0.49
1982-07-18,29.79,20.59,74.84,0.07,0.49
1982-07-19,28.83,20.01,74.75,0.35,0.48
1982-07-20,30.96,18.98,71.65,3.13,0.48
1982-07-21,26.99,19.52,80.06,0.35,0.49
1982-07-22,25.83,18.58,78.96,0.11,0.49
1982-07-23,29.07,18.46,72.71,0.32,0.48
1982-07-24,30.0,18.65,72.28,0.71,0.48
1982-07-25,30.03,18.75,71.95,0.06,0.48
1982-07-26,25.7,20.16,81.43,0.09,0.48
1982-07-27,30.71,19.44,72.28,0.36,0.48
1982-07-28,28.57,19.29,76.18,1.93,0.48
1982-07-29,27.49,19.8,78.56,1.54,0.48
1982-07-30,26.13,19.49,81.63,1.28,0.48
1982-07-31,28.36,18.66,72.58,0.2,0.48
1982-08-01,27.41,18.45,78.01,1.64,0.48
1982-08-02,29.21,17.07,72.2,1.43,0.48
1982-08-03,29.37,18.74,74.7,2.5,0.48
1982-08-04,29.47,19.56,74.29,1.0,0.48
1982-08-05,26.22,18.72,85.61,12.08,0.49
1982-08-06,23.96,18.57,85.19,1.33,0.5
1982-08-07,23.99,18.16,83.01,3.16,0.5
1982-08-08,24.87,17.89,82.27,0.47,0.5
1982-08-09,28.99,18.23,78.39,1.0,0.5
1982-08-10,30.51,18.5,72.98,0.13,0.5
1982-08-11,28.05,19.42,74.08,0.43,0.5
1982-08-12,28.34,17.78,75.16,1.88,0.49
1982-08-13,27.55,18.15,75.71,0.85,0.49
1982-08-14,29.49,18.73,76.89,2.86,0.49
1982-08-15,28.99,19.38,77.24,1.03,0.49
1982-08-16,27.5,19.64,81.69,8.19,0.5
1982-08-17,25.02,19.26,84.46,1.17,0.51
1982-08-18,27.69,18.97,79.2,5.34,0.51
1982-08-19,26.32,18.86,78.36,0.5,0.51
1982-08-20,27.43,19.03,82.43,12.82,0.52
1982-08-21,24.98,18.55,83.88,0.96,0.52
1982-08-22,24.81,17.76,85.56,2.87,0.52
1982-08-23,26.09,18.81,82.73,0.96,0.52
1982-08-24,25.5,19.2,82.2,0.74,0.52
1982-08-25,30.12,17.07,74.84,3.61,0.51
1982-08-26,30.04,19.25,75.45,0.24,0.51
1982-08-27,28.97,19.2,78.54,0.14,0.51
1982-08-28,28.41,17.79,78.03,2.96,0.5
1982-08-29,28.31,17.09,77.44,1.06,0.5
1982-08-30,29.44,17.88,71.81,0.0,0.5
1982-08-31,29.6,18.89,70.62,0.17,0.5
1982-09-01,29.29,19.22,79.42,0.95,0.49
1982-09-02,25.62,20.34,88.19,14.81,0.5
1982-09-03,24.65,19.3,89.63,13.81,0.54
1982-09-04,27.56,18.46,81.93,3.56,0.54
1982-09-05,25.51,19.57,88.37,14.64,0.55
1982-09-06,28.65,18.36,83.23,6.39,0.56
1982-09-07,28.18,19.02,76.49,0.66,0.55
1982-09-08,28.9,19.54,78.27,0.6,0.54
1982-09-09,25.53,18.22,88.45,6.22,0.54
1982-09-10,26.9,16.39,77.87,1.34,0.54
1982-09-11,28.25,17.57,77.88,0.36,0.53
1982-09-12,30.17,17.75,73.67,0.02,0.52
1982-09-13,29.87,18.57,74.12,0.0,0.52
1982-09-14,28.26,19.33,74.84,0.01,0.51
1982-09-15,27.26,17.8,71.89,0.13,0.51
1982-09-16,27.63,18.31,77.59,1.33,0.51
1982-09-17,26.22,19.37,79.98,0.38,0.51
1982-09-18,25.33,18.22,82.22,2.08,0.51
1982-09-19,26.17,18.3,83.9,12.08,0.52
1982-09-20,26.3,18.47,84.39,3.5,0.53
1982-09-21,28.2,17.76,79.25,0.47,0.53
1982-09-22,28.35,18.1,81.21,6.89,0.52
1982-09-23,23.27,19.24,86.39,1.01,0.53
1982-09-24,25.78,18.79,84.9,1.66,0.53
1982-09-25,26.24,18.6,85.34,8.5,0.53
1982-09-26,23.42,17.96,88.89,3.82,0.54
1982-09-27,23.1,16.86,85.11,0.79,0.54
1982-09-28,26.9,17.25,80.07,2.7,0.53
1982-09-29,26.68,18.24,81.29,4.15,0.53
1982-09-30,27.1,17.89,79.56,0.53,0.53
1982-10-01,25.63,17.27,82.44,5.7,0.53
1982-10-02,23.21,16.82,87.4,15.76,0.55
1982-10-03,22.04,17.27,89.99,11.67,0.57
1982-10-04,24.3,17.37,82.22,0.3,0.57
1982-10-05,24.84,17.43,82.56,1.69,0.56
1982-10-06,24.49,17.19,83.22,1.14,0.55
1982-10-07,24.62,17.15,87.38,13.47,0.56
1982-10-08,26.6,17.03,79.17,0.02,0.56
1982-10-09,26.81,15.99,77.46,0.22,0.55
1982-10-10,25.03,18.15,80.16,0.94,0.54
1982-10-11,24.45,17.26,83.15,1.47,0.54
1982-10-12,23.28,17.05,83.85,2.52,0.54
1982-10-13,24.16,17.05,84.51,8.06,0.55
1982-10-14,23.79,17.98,84.76,0.07,0.55
1982-10-15,27.33,17.02,77.11,0.19,0.54
1982-10-16,28.05,17.7,76.93,0.0,0.54
1982-10-17,26.94,18.15,77.33,0.0,0.53
1982-10-18,29.02,18.58,67.59,0.3,0.53
1982-10-19,28.73,17.39,65.49,2.18,0.52
1982-10-20,29.14,17.05,68.06,0.0,0.52
1982-10-21,28.26,16.75,72.9,0.0,0.51
1982-10-22,27.49,17.59,74.55,0.07,0.51
1982-10-23,27.39,17.68,75.26,0.73,0.51
1982-10-24,27.06,17.95,77.11,1.2,0.51
1982-10-25,26.71,17.92,77.97,0.93,0.51
1982-10-26,25.84,16.23,80.85,10.02,0.52
1982-10-27,25.6,15.52,79.12,2.59,0.52
1982-10-28,27.15,16.07,73.22,0.0,0.52
1982-10-29,27.22,17.4,66.82,0.01,0.52
1982-10-30,27.17,16.87,65.78,0.0,0.51
1982-10-31,28.69,17.83,63.36,0.0,0.51
1982-11-01,27.35,17.04,70.92,0.0,0.51
1982-11-02,27.36,16.85,71.63,0.1,0.51
1982-11-03,28.05,16.81,65.84,0.0,0.5
1982-11-04,27.39,15.36,63.69,0.0,0.5
1982-11-05,26.64,14.48,61.41,0.0,0.5
1982-11-06,26.92,13.95,60.44,0.09,0.5
1982-11-07,27.11,14.22,58.78,0.0,0.49
1982-11-08,26.51,14.94,53.17,0.0,0.49
1982-11-09,26.39,15.09,60.02,0.02,0.49
1982-11-10,22.32,15.75,74.53,0.16,0.49
1982-11-11,23.3,14.57,67.74,0.82,0.49
1982-11-12,24.19,13.55,79.44,6.15,0.5
1982-11-13,24.01,13.48,82.01,2.31,0.5
1982-11-14,25.49,14.36,76.35,0.01,0.5
1982-11-15,24.92,14.26,69.61,0.0,0.5
1982-11-16,26.53,14.21,59.68,0.0,0.5
1982-11-17,27.17,13.58,56.84,0.0,0.5
1982-11-18,27.48,13.34,56.98,0.0,0.49
1982-11-19,27.19,12.79,59.17,0.0,0.49
1982-11-20,26.86,12.57,60.61,0.0,0.49
1982-11-21,26.86,13.26,51.1,0.0,0.49
1982-11-22,27.73,13.36,48.1,0.0,0.49
1982-11-23,26.74,12.33,57.21,0.13,0.49
1982-11-24,24.53,15.22,66.72,0.63,0.49
1982-11-25,25.16,14.56,68.65,0.0,0.49
1982-11-26,26.29,13.14,66.72,0.03,0.49
1982-11-27,25.4,12.3,68.16,0.14,0.49
1982-11-28,25.73,13.02,53.65,0.0,0.49
1982-11-29,25.33,11.35,43.04,0.0,0.48
1982-11-30,25.11,10.66,42.69,0.0,0.48
1982-12-01,24.59,10.2,43.48,1.1,0.48
1982-12-02,24.36,10.27,38.7,0.0,0.48
1982-12-03,25.16,9.59,39.35,0.0,0.48
1982-12-04,25.06,9.86,40.81,0.0,0.48
1982-12-05,25.86,9.72,41.31,0.0,0.48
1982-12-06,26.2,10.38,50.03,0.0,0.48
1982-12-07,25.35,10.09,60.61,0.0,0.48
1982-12-08,25.63,11.26,61.15,0.0,0.48
1982-12-09,26.08,11.74,52.8,0.0,0.48
1982-12-10,25.99,11.15,46.36,0.0,0.48
1982-12-11,27.09,10.57,43.72,0.0,0.48
1982-12-12,26.13,9.76,51.58,0.0,0.48
1982-12-13,22.22,10.33,76.7,0.0,0.48
1982-12-14,23.48,12.54,73.83,0.0,0.48
1982-12-15,23.87,11.64,72.29,0.0,0.48
1982-12-16,25.94,11.65,65.97,0.0,0.48
1982-12-17,25.33,11.57,60.26,0.0,0.48
1982-12-18,23.47,10.06,70.53,0.01,0.48
1982-12-19,22.0,11.7,72.61,0.0,0.48
1982-12-20,23.05,10.23,68.01,0.0,0.48
1982-12-21,23.62,9.14,65.01,0.0,0.48
1982-12-22,23.15,8.85,62.86,0.0,0.48
1982-12-23,23.72,9.73,60.12,0.0,0.48
1982-12-24,24.04,8.73,54.6,0.0,0.48
1982-12-25,24.85,9.8,45.28,0.0,0.48
1982-12-26,24.49,10.18,52.23,0.0,0.48
1982-12-27,22.78,6.98,67.26,0.0,0.48
1982-12-28,22.78,8.4,66.02,0.0,0.48
1982-12-29,22.41,8.36,65.94,0.0,0.48
1982-12-30,22.52,7.49,59.45,0.0,0.48
1982-12-31,22.93,7.25,57.31,0.0,0.48
1983-01-01,24.31,6.43,48.82,0.0,0.48
1983-01-02,23.03,8.29,47.37,0.0,0.47
1983-01-03,21.76,7.31,53.14,0.01,0.47
1983-01-04,22.62,5.23,45.04,0.0,0.47
1983-01-05,21.86,8.05,37.03,0.0,0.47
1983-01-06,22.5,6.76,34.78,0.0,0.47
1983-01-07,22.71,6.64,35.0,0.0,0.47
1983-01-08,23.2,6.03,44.1,0.0,0.47
1983-01-09,23.88,7.92,48.56,0.0,0.47
1983-01-10,24.44,9.32,42.71,0.0,0.47
1983-01-11,24.96,8.1,41.69,0.0,0.47
1983-01-12,24.61,9.53,37.78,0.0,0.47
1983-01-13,24.29,7.98,39.2,0.0,0.47
1983-01-14,24.87,10.48,38.67,0.0,0.47
1983-01-15,24.9,9.46,40.02,0.0,0.47
1983-01-16,24.78,9.5,42.49,0.0,0.47
1983-01-17,26.0,10.32,37.02,0.0,0.47
1983-01-18,26.72,10.85,32.32,0.0,0.47
1983-01-19,26.5,9.64,38.14,0.0,0.47
1983-01-20,24.72,9.49,42.05,0.01,0.47
1983-01-21,24.84,7.31,48.4,0.28,0.47
1983-01-22,23.86,7.35,58.54,0.0,0.47
1983-01-23,24.13,6.66,60.08,0.0,0.47
1983-01-24,24.09,8.2,56.7,0.0,0.47
1983-01-25,19.62,10.94,60.47,0.0,0.47
1983-01-26,22.06,10.29,56.1,0.0,0.47
1983-01-27,23.97,10.53,51.65,0.0,0.47
1983-01-28,23.79,9.43,50.77,0.0,0.47
1983-01-29,24.18,8.79,45.34,0.0,0.47
1983-01-30,25.64,7.79,40.05,0.0,0.47
1983-01-31,23.65,7.98,54.0,0.01,0.47
1983-02-01,23.31,8.73,67.08,0.0,0.47
1983-02-02,24.46,9.26,55.73,0.0,0.47
1983-02-03,24.27,8.66,51.54,0.0,0.47
1983-02-04,23.94,9.57,55.44,0.03,0.47
1983-02-05,22.75,8.56,47.32,0.0,0.47
1983-02-06,24.02,7.2,31.04,0.0,0.47
1983-02-07,25.95,8.61,28.26,0.0,0.47
1983-02-08,25.77,11.81,35.97,0.0,0.47
1983-02-09,26.76,10.61,47.33,0.0,0.47
1983-02-10,27.39,10.8,48.05,0.0,0.47
1983-02-11,27.6,11.88,43.45,0.0,0.47
1983-02-12,26.65,11.82,37.85,0.0,0.47
1983-02-13,27.3,9.28,30.59,0.0,0.47
1983-02-14,28.89,12.97,28.33,0.0,0.47
1983-02-15,27.73,11.96,31.44,0.0,0.47
1983-02-16,28.54,12.3,33.99,0.0,0.47
1983-02-17,28.9,13.69,33.58,0.0,0.46
1983-02-18,29.35,13.15,32.0,0.0,0.46
1983-02-19,28.32,11.95,41.57,0.0,0.46
1983-02-20,25.74,12.65,58.5,0.01,0.46
1983-02-21,26.33,11.01,55.25,0.02,0.46
1983-02-22,25.88,11.3,46.37,0.05,0.46
1983-02-23,26.68,10.62,47.1,0.01,0.46
1983-02-24,27.07,11.76,44.4,0.0,0.46
1983-02-25,27.54,10.31,36.44,0.0,0.46
1983-02-26,27.72,11.91,37.2,0.02,0.46
1983-02-27,25.57,11.61,51.11,0.07,0.46
1983-02-28,24.46,10.03,52.17,0.08,0.46
1983-03-01,28.01,11.39,52.24,0.0,0.46
1983-03-02,28.09,12.41,34.85,0.0,0.46
1983-03-03,30.39,11.57,32.17,0.0,0.46
1983-03-04,31.15,13.94,30.67,0.0,0.46
1983-03-05,29.01,14.57,34.59,0.01,0.46
1983-03-06,27.8,12.26,42.54,0.11,0.46
1983-03-07,27.33,12.85,46.34,0.01,0.46
1983-03-08,28.5,12.79,42.52,0.0,0.46
1983-03-09,29.94,11.78,41.77,0.0,0.46
1983-03-10,30.98,12.92,43.04,0.0,0.46
1983-03-11,30.7,14.15,42.49,0.0,0.46
1983-03-12,31.49,14.73,38.84,0.0,0.46
1983-03-13,32.4,14.22,36.34,0.0,0.46
1983-03-14,29.56,14.37,45.64,0.0,0.46
1983-03-15,31.94,13.41,44.68,0.02,0.46
1983-03-16,29.9,14.07,47.2,0.34,0.46
1983-03-17,28.21,12.85,51.22,0.0,0.46
1983-03-18,29.39,14.42,45.56,0.02,0.46
1983-03-19,29.91,13.73,44.4,0.0,0.46
1983-03-20,30.66,14.55,44.2,0.0,0.46
1983-03-21,29.97,14.62,47.45,0.2,0.46
1983-03-22,29.92,15.09,54.01,0.04,0.46
1983-03-23,28.7,14.77,56.69,0.0,0.46
1983-03-24,29.03,13.71,40.32,0.0,0.46
1983-03-25,30.75,10.98,21.31,0.0,0.46
1983-03-26,30.93,14.89,18.91,0.0,0.46
1983-03-27,32.12,14.31,26.04,0.0,0.46
1983-03-28,32.52,15.24,34.49,0.0,0.46
1983-03-29,32.74,16.51,40.25,0.0,0.46
1983-03-30,32.58,16.75,38.95,0.0,0.46
1983-03-31,32.62,17.93,33.49,0.0,0.46
1983-04-01,31.89,16.12,32.75,0.0,0.46
1983-04-02,32.63,18.01,28.12,0.0,0.46
1983-04-03,32.99,16.25,32.34,0.0,0.46
1983-04-04,33.43,17.55,39.07,0.0,0.46
1983-04-05,31.28,17.39,48.51,0.04,0.46
1983-04-06,32.34,18.53,46.79,1.73,0.46
1983-04-07,32.09,16.7,47.4,0.01,0.46
1983-04-08,31.7,16.18,48.64,0.06,0.46
1983-04-09,31.91,16.64,46.86,0.03,0.46
1983-04-10,33.27,17.44,40.93,0.0,0.46
1983-04-11,33.0,17.88,39.75,0.01,0.46
1983-04-12,31.98,16.54,37.8,0.68,0.46
1983-04-13,31.12,16.52,39.09,0.0,0.46
1983-04-14,31.93,16.32,44.32,0.25,0.46
1983-04-15,32.69,17.04,45.46,0.0,0.46
1983-04-16,34.85,20.04,38.68,0.0,0.46
1983-04-17,35.67,19.55,36.17,0.01,0.46
1983-04-18,35.85,19.39,35.48,0.0,0.46
1983-04-19,35.87,19.84,34.96,0.18,0.46
1983-04-20,34.64,20.17,37.41,0.0,0.46
1983-04-21,33.27,19.53,35.7,0.01,0.46
1983-04-22,33.25,17.04,29.11,0.0,0.46
1983-04-23,31.84,16.77,29.43,0.0,0.46
1983-04-24,32.0,17.01,41.7,0.0,0.46
1983-04-25,31.73,16.04,43.1,1.68,0.46
1983-04-26,33.34,18.16,35.07,0.0,0.46
1983-04-27,33.77,19.15,37.52,0.0,0.46
1983-04-28,33.01,17.82,36.68,0.0,0.46
1983-04-29,34.26,17.74,41.6,1.26,0.46
1983-04-30,29.71,17.65,63.3,21.4,0.48
1983-05-01,31.81,16.8,60.0,0.01,0.5
1983-05-02,31.27,17.46,60.53,0.16,0.49
1983-05-03,32.43,16.84,57.09,0.06,0.49
1983-05-04,32.33,17.64,57.51,0.21,0.48
1983-05-05,30.81,18.61,60.27,0.27,0.48
1983-05-06,30.62,18.83,56.45,0.01,0.48
1983-05-07,30.07,19.19,55.51,0.11,0.47
1983-05-08,29.86,18.51,56.3,0.47,0.47
1983-05-09,28.33,18.54,64.26,7.46,0.48
1983-05-10,30.26,17.96,54.72,0.0,0.48
1983-05-11,27.44,17.18,62.66,0.19,0.48
1983-05-12,26.31,17.87,62.19,0.03,0.48
1983-05-13,31.42,17.1,54.98,0.06,0.47
1983-05-14,31.87,18.53,54.24,0.0,0.47
1983-05-15,32.35,18.78,54.09,0.03,0.47
1983-05-16,30.49,20.63,61.63,0.65,0.47
1983-05-17,31.75,19.88,57.28,0.01,0.47
1983-05-18,31.44,19.89,47.02,0.1,0.47
1983-05-19,31.4,18.29,53.38,0.01,0.47
1983-05-20,30.58,19.14,59.17,0.13,0.46
1983-05-21,27.91,19.93,65.74,0.0,0.46
1983-05-22,33.42,18.37,53.63,0.15,0.46
1983-05-23,33.43,19.82,51.02,0.03,0.46
1983-05-24,32.48,20.85,54.47,0.21,0.46
1983-05-25,34.53,20.29,47.29,0.47,0.46
1983-05-26,32.55,22.14,60.85,0.05,0.46
1983-05-27,30.19,20.66,61.84,0.51,0.46
1983-05-28,28.5,20.67,69.5,0.2,0.46
1983-05-29,26.9,20.53,74.25,0.28,0.46
1983-05-30,30.35,19.74,69.21,1.26,0.46
1983-05-31,26.24,20.82,74.06,0.11,0.47
1983-06-01,26.6,20.61,73.03,0.11,0.47
1983-06-02,32.46,19.61,64.05,0.36,0.47
1983-06-03,30.13,19.02,66.85,0.0,0.47
1983-06-04,31.44,20.28,65.57,0.04,0.46
1983-06-05,29.96,20.45,71.25,0.92,0.46
1983-06-06,30.21,20.25,73.16,0.89,0.47
1983-06-07,27.32,20.91,73.78,0.4,0.47
1983-06-08,24.78,19.71,81.3,4.28,0.47
1983-06-09,24.69,19.01,84.5,1.89,0.48
1983-06-10,29.68,19.43,68.09,0.62,0.48
1983-06-11,27.67,19.4,71.86,2.89,0.48
1983-06-12,27.33,19.8,80.02,4.95,0.49
1983-06-13,30.94,19.59,72.26,0.53,0.48
1983-06-14,30.92,18.96,67.35,0.4,0.48
1983-06-15,31.43,19.12,63.43,0.03,0.48
1983-06-16,31.55,20.15,65.23,0.09,0.47
1983-06-17,32.72,19.63,56.85,0.05,0.47
1983-06-18,29.22,19.76,62.98,0.87,0.47
1983-06-19,30.78,19.11,67.7,5.42,0.47
1983-06-20,32.67,18.73,61.66,0.0,0.48
1983-06-21,32.42,20.23,59.91,0.04,0.47
1983-06-22,32.32,20.7,63.07,0.07,0.47
1983-06-23,27.25,21.79,71.11,0.67,0.47
1983-06-24,29.03,20.67,72.47,1.24,0.47
1983-06-25,30.93,20.37,70.52,1.21,0.47
1983-06-26,30.8,20.05,69.15,0.01,0.47
1983-06-27,31.91,19.76,64.25,0.04,0.47
1983-06-28,27.52,19.51,73.74,0.01,0.47
1983-06-29,31.8,19.87,64.46,0.03,0.47
1983-06-30,30.51,20.45,65.78,0.05,0.47
1983-07-01,29.94,20.22,67.56,0.02,0.47
1983-07-02,27.19,20.43,74.1,0.21,0.47
1983-07-03,28.26,20.28,72.37,0.14,0.47
1983-07-04,29.04,19.81,69.89,0.07,0.47
1983-07-05,30.86,19.44,63.49,0.01,0.47
1983-07-06,32.87,18.33,58.95,0.01,0.46
1983-07-07,33.05,20.07,58.33,0.0,0.46
1983-07-08,32.41,20.84,63.27,0.0,0.46
1983-07-09,27.93,21.35,68.07,0.06,0.46
1983-07-10,28.44,20.96,66.7,0.11,0.46
1983-07-11,29.44,21.13,66.96,0.02,0.46
1983-07-12,30.85,20.95,64.24,0.06,0.46
1983-07-13,28.28,21.1,70.84,0.29,0.46
1983-07-14,29.65,20.56,68.52,0.18,0.46
1983-07-15,27.97,21.27,74.36,0.17,0.46
1983-07-16,27.19,20.23,77.19,1.21,0.46
1983-07-17,29.82,20.6,74.42,0.26,0.47
1983-07-18,31.97,19.53,68.75,0.92,0.47
1983-07-19,24.57,20.21,78.74,1.49,0.47
1983-07-20,31.25,19.16,67.12,0.05,0.47
1983-07-21,32.28,19.96,64.32,0.32,0.47
1983-07-22,28.77,20.7,71.16,0.79,0.47
1983-07-23,26.59,20.48,79.75,2.04,0.47
1983-07-24,27.15,19.68,77.8,1.43,0.47
1983-07-25,27.33,18.98,76.41,4.36,0.48
1983-07-26,29.1,18.66,67.51,0.15,0.48
1983-07-27,29.33,19.03,67.79,1.62,0.47
1983-07-28,26.16,19.74,78.94,2.09,0.48
1983-07-29,28.41,19.32,75.75,1.66,0.48
1983-07-30,25.26,18.95,82.05,1.32,0.48
1983-07-31,27.39,19.73,75.74,1.22,0.48
1983-08-01,27.15,19.2,82.16,3.83,0.48
1983-08-02,26.44,19.34,79.03,2.59,0.48
1983-08-03,26.81,19.05,82.71,15.73,0.5
1983-08-04,28.62,18.45,76.91,3.07,0.51
1983-08-05,27.92,20.04,80.27,0.81,0.51
1983-08-06,28.12,19.02,76.92,0.39,0.5
1983-08-07,27.26,19.28,75.65,0.45,0.5
1983-08-08,28.35,18.83,73.08,4.13,0.5
1983-08-09,29.0,17.67,74.16,0.15,0.5
1983-08-10,30.39,18.75,71.19,0.77,0.49
1983-08-11,28.2,19.59,73.51,1.78,0.49
1983-08-12,27.71,19.84,78.63,0.06,0.49
1983-08-13,26.98,19.61,75.39,0.53,0.49
1983-08-14,28.74,19.2,75.59,2.46,0.49
1983-08-15,30.27,19.51,73.27,0.01,0.48
1983-08-16,26.73,20.43,74.94,0.15,0.48
1983-08-17,29.12,19.46,74.78,1.49,0.48
1983-08-18,29.9,20.13,73.55,1.48,0.48
1983-08-19,29.52,19.77,76.22,4.24,0.48
1983-08-20,26.36,20.0,79.45,0.32,0.49
1983-08-21,27.7,19.69,79.18,1.71,0.49
1983-08-22,26.1,19.49,78.72,1.47,0.49
1983-08-23,27.4,18.61,78.46,8.34,0.49
1983-08-24,29.35,19.07,72.84,0.59,0.49
1983-08-25,27.21,19.35,81.29,3.74,0.49
1983-08-26,25.37,20.17,83.82,0.82,0.49
1983-08-27,29.26,18.99,74.99,0.28,0.49
1983-08-28,29.27,18.56,68.8,0.21,0.49
1983-08-29,29.92,18.87,76.35,4.06,0.49
1983-08-30,27.78,18.91,81.1,11.0,0.5
1983-08-31,24.88,19.94,88.22,5.37,0.51
1983-09-01,28.79,19.75,80.9,1.64,0.51
1983-09-02,28.67,19.62,77.3,1.27,0.51
1983-09-03,23.05,19.65,92.02,11.57,0.52
1983-09-04,26.91,18.79,84.22,4.26,0.53
1983-09-05,24.25,18.7,84.75,2.64,0.52
1983-09-06,27.8,18.39,80.48,1.8,0.52
1983-09-07,28.63,18.53,77.61,0.83,0.51
1983-09-08,27.0,18.94,80.89,1.29,0.51
1983-09-09,28.94,19.61,76.63,0.73,0.51
1983-09-10,27.04,19.38,83.47,6.85,0.51
1983-09-11,27.3,18.96,80.54,1.08,0.51
1983-09-12,29.39,19.66,76.38,0.95,0.51
1983-09-13,29.33,19.0,78.17,2.2,0.5
1983-09-14,24.27,18.66,81.31,0.28,0.5
1983-09-15,29.04,18.35,74.79,0.65,0.5
1983-09-16,27.25,18.7,77.16,0.33,0.5
1983-09-17,26.76,19.04,78.99,0.18,0.49
1983-09-18,25.75,19.63,81.95,1.09,0.49
1983-09-19,26.32,19.0,83.24,0.16,0.49
1983-09-20,23.93,18.84,85.91,0.21,0.49
1983-09-21,25.44,18.44,82.48,0.73,0.49
1983-09-22,29.42,18.36,73.92,0.65,0.49
1983-09-23,30.62,19.74,67.14,0.01,0.49
1983-09-24,32.02,19.24,61.85,0.0,0.49
1983-09-25,30.45,19.83,65.36,0.0,0.48
1983-09-26,31.71,19.38,64.96,0.02,0.48
1983-09-27,28.0,20.34,67.57,0.08,0.48
1983-09-28,27.11,20.64,71.06,0.29,0.48
1983-09-29,30.09,19.58,70.86,0.11,0.48
1983-09-30,31.53,17.95,65.69,0.02,0.48
1983-10-01,31.74,18.75,64.58,0.05,0.48
1983-10-02,30.77,19.03,67.19,2.65,0.47
1983-10-03,27.9,18.89,77.89,6.8,0.48
1983-10-04,30.2,18.63,75.0,3.48,0.49
1983-10-05,24.92,19.26,86.33,3.31,0.49
1983-10-06,26.21,18.64,85.74,14.29,0.5
1983-10-07,27.82,17.99,79.58,0.51,0.52
1983-10-08,23.63,18.37,81.82,0.09,0.51
1983-10-09,25.74,18.21,82.02,0.01,0.51
1983-10-10,29.89,17.9,72.67,0.0,0.5
1983-10-11,29.75,17.63,69.72,0.03,0.5
1983-10-12,29.18,18.07,72.51,0.0,0.49
1983-10-13,30.55,19.54,70.8,0.2,0.49
1983-10-14,29.73,18.87,74.61,3.26,0.49
1983-10-15,28.14,17.88,80.95,13.7,0.5
1983-10-16,25.83,17.34,85.26,4.93,0.52
1983-10-17,27.18,17.41,80.72,2.56,0.52
1983-10-18,28.37,18.0,77.73,0.86,0.51
1983-10-19,26.87,17.92,83.4,2.01,0.51
1983-10-20,25.14,17.5,85.37,2.92,0.51
1983-10-21,26.72,17.05,77.58,0.03,0.51
1983-10-22,29.2,16.76,71.01,0.05,0.5
1983-10-23,28.44,18.91,68.98,0.16,0.5
1983-10-24,29.24,18.79,68.4,0.03,0.5
1983-10-25,27.81,18.5,68.65,0.0,0.49
1983-10-26,29.4,18.37,67.46,0.0,0.49
1983-10-27,28.56,18.28,67.91,0.0,0.49
1983-10-28,28.33,16.18,70.77,0.12,0.49
1983-10-29,28.64,17.23,70.89,0.03,0.48
1983-10-30,28.91,16.42,69.49,0.13,0.48
1983-10-31,29.03,16.02,67.68,0.01,0.48
1983-11-01,23.89,16.98,72.37,0.18,0.48
1983-11-02,22.28,17.43,87.01,3.43,0.48
1983-11-03,25.69,17.82,78.6,1.15,0.49
1983-11-04,27.79,16.58,71.1,0.38,0.49
1983-11-05,25.47,18.03,78.93,1.76,0.49
1983-11-06,27.15,17.69,76.67,0.05,0.49
1983-11-07,25.82,17.16,71.64,0.19,0.48
1983-11-08,25.98,15.78,79.32,2.07,0.48
1983-11-09,25.35,17.0,83.95,4.22,0.49
1983-11-10,21.94,16.26,88.32,21.4,0.51
1983-11-11,24.95,16.73,87.32,7.43,0.53
1983-11-12,25.19,16.48,86.55,2.42,0.53
1983-11-13,23.6,16.59,89.51,5.08,0.53
1983-11-14,23.48,16.39,90.31,4.42,0.54
1983-11-15,23.89,15.92,87.97,8.86,0.54
1983-11-16,24.99,15.73,79.98,0.47,0.54
1983-11-17,24.92,14.0,77.68,0.14,0.53
1983-11-18,24.85,14.74,73.62,0.01,0.52
1983-11-19,24.98,13.22,71.98,0.04,0.52
1983-11-20,24.65,13.5,69.62,0.0,0.51
1983-11-21,26.14,13.88,64.35,0.0,0.51
1983-11-22,24.68,12.5,71.22,0.0,0.51
1983-11-23,23.81,13.36,68.54,0.01,0.5
1983-11-24,24.02,11.64,58.49,0.0,0.5
1983-11-25,24.56,9.28,55.72,0.0,0.5
1983-11-26,20.74,8.19,62.38,0.0,0.49
1983-11-27,21.96,6.11,66.02,0.0,0.49
1983-11-28,22.06,7.29,59.9,0.0,0.49
1983-11-29,22.33,7.02,57.4,0.0,0.49
1983-11-30,20.5,5.76,56.72,0.0,0.49
1983-12-01,22.27,5.65,58.12,0.0,0.49
1983-12-02,23.37,6.42,57.49,0.0,0.49
1983-12-03,24.05,6.8,59.97,0.0,0.48
1983-12-04,24.43,6.93,59.97,0.0,0.48
1983-12-05,25.11,7.81,60.46,0.0,0.48
1983-12-06,25.31,8.48,64.41,0.0,0.48
1983-12-07,24.93,8.79,65.48,0.0,0.48
1983-12-08,24.64,8.71,68.82,0.0,0.48
1983-12-09,25.14,8.79,69.78,0.0,0.48
1983-12-10,26.23,10.27,63.74,0.0,0.48
1983-12-11,26.45,9.94,66.7,0.0,0.48
1983-12-12,26.15,10.76,67.26,0.0,0.48
1983-12-13,25.88,11.81,58.73,0.0,0.48
1983-12-14,26.37,12.5,50.25,0.0,0.48
1983-12-15,25.99,10.26,62.27,0.0,0.48
1983-12-16,26.57,10.43,50.96,0.0,0.48
1983-12-17,26.26,11.67,40.71,0.0,0.47
1983-12-18,26.17,9.39,44.08,0.0,0.47
1983-12-19,25.79,11.67,42.68,0.0,0.47
1983-12-20,25.64,10.13,46.41,0.0,0.47
1983-12-21,25.99,9.86,40.33,0.0,0.47
1983-12-22,26.15,10.45,32.33,0.0,0.47
1983-12-23,24.5,9.21,40.1,0.0,0.47
1983-12-24,25.36,10.64,38.37,0.0,0.47
1983-12-25,24.42,10.23,44.48,0.0,0.47
1983-12-26,20.49,10.4,73.27,0.08,0.47
1983-12-27,22.64,12.26,75.31,1.59,0.47
1983-12-28,20.44,10.61,77.31,3.66,0.48
1983-12-29,23.39,7.72,62.82,0.03,0.48
1983-12-30,24.17,8.55,48.94,0.0,0.48
1983-12-31,23.95,7.5,43.94,0.0,0.48
1984-01-01,23.59,7.29,50.38,0.0,0.47
1984-01-02,24.08,9.38,51.84,0.0,0.47
1984-01-03,23.44,8.72,45.67,0.0,0.47
1984-01-04,25.59,9.08,42.42,0.0,0.47
1984-01-05,24.3,8.43,44.48,0.0,0.47
1984-01-06,25.42,9.8,45.78,0.0,0.47
1984-01-07,24.76,9.55,54.27,0.0,0.47
1984-01-08,24.51,9.71,68.49,0.0,0.47
1984-01-09,22.32,10.68,67.71,0.0,0.47
1984-01-10,25.02,11.23,49.62,0.0,0.47
1984-01-11,26.58,13.2,45.35,0.0,0.47
1984-01-12,27.92,11.8,43.12,0.0,0.47
1984-01-13,26.9,12.21,39.02,0.0,0.47
1984-01-14,25.93,9.42,41.98,0.0,0.47
1984-01-15,26.64,11.74,43.79,0.0,0.47
1984-01-16,28.05,12.6,41.97,0.02,0.47
1984-01-17,25.75,11.83,58.07,0.0,0.47
1984-01-18,23.41,10.0,65.93,0.0,0.47
1984-01-19,25.73,8.67,46.28,0.0,0.47
1984-01-20,24.92,8.49,30.13,0.0,0.47
1984-01-21,24.25,7.56,30.22,0.0,0.47
1984-01-22,24.4,7.26,26.89,0.0,0.47
1984-01-23,24.85,6.61,27.85,0.0,0.47
1984-01-24,25.78,8.95,33.3,0.0,0.47
1984-01-25,26.73,10.45,38.77,0.0,0.47
1984-01-26,26.04,9.36,36.61,0.0,0.47
1984-01-27,26.07,9.61,38.32,0.0,0.47
1984-01-28,26.68,10.07,38.06,0.0,0.47
1984-01-29,26.85,10.66,30.87,0.0,0.47
1984-01-30,26.93,10.45,32.35,0.0,0.47
1984-01-31,26.62,8.71,34.07,0.0,0.47
1984-02-01,27.25,10.18,30.43,0.0,0.46
1984-02-02,27.28,9.98,25.09,0.0,0.46
1984-02-03,28.36,10.41,22.02,0.0,0.46
1984-02-04,28.38,12.66,19.26,0.0,0.46
1984-02-05,29.36,13.18,21.22,0.0,0.46
1984-02-06,30.39,10.5,31.98,0.0,0.46
1984-02-07,29.71,13.11,37.91,0.77,0.46
1984-02-08,24.6,13.14,66.62,1.03,0.46
1984-02-09,24.58,11.24,58.51,0.02,0.47
1984-02-10,25.08,9.68,45.98,0.0,0.47
1984-02-11,26.99,9.68,29.91,0.0,0.47
1984-02-12,24.97,12.15,47.22,0.02,0.47
1984-02-13,27.52,14.67,59.1,0.11,0.47
1984-02-14,28.42,13.99,53.23,0.02,0.47
1984-02-15,29.76,14.18,41.9,0.14,0.46
1984-02-16,27.07,12.87,46.08,0.0,0.46
1984-02-17,27.7,15.49,45.71,0.0,0.46
1984-02-18,29.02,15.02,43.0,0.0,0.46
1984-02-19,30.75,14.39,35.3,0.0,0.46
1984-02-20,31.31,14.92,31.12,0.0,0.46
1984-02-21,31.14,15.4,28.06,0.0,0.46
1984-02-22,31.72,15.98,29.33,0.0,0.46
1984-02-23,31.52,14.23,34.28,0.0,0.46
1984-02-24,32.37,14.3,28.47,0.0,0.46
1984-02-25,30.39,15.02,28.45,0.0,0.46
1984-02-26,30.91,13.81,36.48,0.0,0.46
1984-02-27,30.15,13.39,40.22,1.4,0.46
1984-02-28,30.62,12.58,34.3,0.0,0.46
1984-02-29,29.68,11.43,42.36,0.0,0.46
1984-03-01,28.69,11.74,39.28,0.0,0.46
1984-03-02,29.14,12.86,41.47,0.0,0.46
1984-03-03,29.31,12.29,35.88,0.0,0.46
1984-03-04,29.73,11.85,32.81,0.0,0.46
1984-03-05,28.96,11.68,29.95,0.0,0.46
1984-03-06,29.13,11.96,29.91,0.0,0.46
1984-03-07,30.63,13.58,24.79,0.0,0.46
1984-03-08,29.73,12.81,32.99,0.0,0.46
1984-03-09,29.83,11.61,26.75,0.0,0.46
1984-03-10,30.46,13.23,20.29,0.0,0.46
1984-03-11,31.09,14.63,19.96,0.0,0.46
1984-03-12,29.92,11.94,29.73,0.0,0.46
1984-03-13,30.53,12.05,32.41,0.0,0.46
1984-03-14,30.59,12.67,37.14,0.0,0.46
1984-03-15,32.15,17.2,29.69,0.0,0.46
1984-03-16,32.18,17.62,28.77,0.0,0.46
1984-03-17,32.83,17.01,26.13,0.0,0.46
1984-03-18,31.84,13.92,25.48,0.0,0.46
1984-03-19,32.94,13.87,27.46,0.0,0.46
1984-03-20,33.96,17.03,26.79,0.0,0.46
1984-03-21,32.83,17.25,29.93,0.0,0.46
1984-03-22,32.08,15.18,32.91,0.02,0.46
1984-03-23,32.71,14.29,26.75,0.39,0.46
1984-03-24,31.37,13.39,26.29,0.95,0.46
1984-03-25,31.18,12.32,21.3,0.0,0.46
1984-03-26,32.51,12.99,23.45,0.0,0.46
1984-03-27,29.61,14.75,26.93,0.0,0.46
1984-03-28,33.9,17.05,22.11,0.0,0.46
1984-03-29,31.33,15.39,31.98,0.0,0.46
1984-03-30,33.54,15.82,32.6,0.0,0.46
1984-03-31,33.71,15.17,34.43,0.0,0.46
1984-04-01,33.78,15.72,37.53,0.0,0.46
1984-04-02,34.28,16.64,31.51,0.0,0.46
1984-04-03,34.14,16.49,34.72,0.0,0.46
1984-04-04,33.99,16.47,39.48,0.0,0.46
1984-04-05,33.26,18.31,46.94,0.0,0.46
1984-04-06,34.0,17.99,43.51,0.05,0.46
1984-04-07,33.91,18.46,39.57,0.0,0.46
1984-04-08,31.81,18.32,43.64,0.0,0.46
1984-04-09,33.8,18.09,42.67,0.0,0.46
1984-04-10,33.77,19.36,41.07,0.01,0.46
1984-04-11,33.86,19.48,40.04,0.0,0.46
1984-04-12,32.36,21.54,34.0,0.01,0.46
1984-04-13,33.59,20.22,37.33,2.27,0.46
1984-04-14,31.69,19.49,43.39,0.08,0.46
1984-04-15,31.88,18.46,40.55,0.0,0.46
1984-04-16,33.64,16.71,34.79,0.0,0.46
1984-04-17,33.99,16.56,35.02,0.0,0.46
1984-04-18,34.4,17.8,41.48,0.0,0.46
1984-04-19,32.91,18.62,43.8,0.0,0.46
1984-04-20,32.88,18.65,44.98,0.0,0.46
1984-04-21,32.26,19.73,43.41,2.24,0.46
1984-04-22,31.94,20.71,51.89,7.64,0.47
1984-04-23,28.46,20.24,66.86,1.49,0.48
1984-04-24,25.29,19.03,77.44,1.06,0.48
1984-04-25,25.79,18.23,76.61,1.8,0.48
1984-04-26,26.14,17.91,75.9,2.37,0.48
1984-04-27,28.56,18.69,69.56,0.02,0.48
1984-04-28,26.61,18.35,69.31,0.03,0.48
1984-04-29,29.25,16.75,62.84,4.52,0.48
1984-04-30,30.05,16.46,59.37,0.2,0.48
1984-05-01,31.01,17.72,57.19,0.06,0.48
1984-05-02,31.79,17.63,53.23,0.06,0.47
1984-05-03,30.76,17.41,50.56,0.0,0.47
1984-05-04,32.98,17.14,43.53,0.0,0.47
1984-05-05,32.74,17.53,41.88,0.13,0.47
1984-05-06,31.43,19.65,50.11,2.55,0.47
1984-05-07,30.04,19.05,56.39,0.47,0.47
1984-05-08,30.72,18.95,50.14,0.99,0.47
1984-05-09,30.73,17.96,53.8,0.04,0.47
1984-05-10,31.84,19.08,51.89,0.0,0.47
1984-05-11,30.17,18.86,54.22,0.01,0.47
1984-05-12,27.75,19.5,59.96,0.06,0.47
1984-05-13,31.15,18.06,54.4,0.17,0.46
1984-05-14,30.83,19.32,54.76,0.08,0.46
1984-05-15,33.14,19.61,47.34,0.04,0.46
1984-05-16,32.12,20.01,52.78,4.08,0.47
1984-05-17,31.83,18.58,56.98,1.8,0.47
1984-05-18,32.84,18.86,56.06,0.13,0.47
1984-05-19,34.06,18.88,53.73,0.83,0.47
1984-05-20,32.42,19.36,55.54,0.0,0.47
1984-05-21,32.61,19.37,55.65,0.0,0.47
1984-05-22,29.84,21.14,58.29,0.04,0.46
1984-05-23,32.08,19.22,56.15,0.23,0.46
1984-05-24,33.11,18.41,52.96,0.03,0.46
1984-05-25,32.39,20.5,57.85,0.97,0.46
1984-05-26,31.12,21.06,61.2,0.06,0.46
1984-05-27,30.95,19.92,57.38,0.06,0.46
1984-05-28,29.62,20.37,60.62,0.19,0.46
1984-05-29,30.58,19.57,68.65,3.22,0.47
1984-05-30,29.76,19.12,71.89,3.5,0.47
1984-05-31,26.75,19.18,80.1,4.36,0.48
1984-06-01,28.3,19.68,79.46,7.25,0.48
1984-06-02,26.45,19.39,79.54,8.12,0.49
1984-06-03,27.07,19.1,81.6,20.08,0.52
1984-06-04,27.51,18.6,77.97,2.68,0.53
1984-06-05,28.17,19.39,80.81,10.17,0.53
1984-06-06,27.45,19.22,84.15,7.46,0.54
1984-06-07,28.4,18.55,77.16,2.49,0.54
1984-06-08,27.17,19.12,80.86,0.52,0.53
1984-06-09,26.74,19.21,79.99,0.14,0.52
1984-06-10,27.78,20.05,79.34,0.19,0.51
1984-06-11,27.18,20.01,79.94,2.09,0.51
1984-06-12,27.25,19.38,80.41,0.28,0.51
1984-06-13,27.45,19.35,77.1,1.64,0.5
1984-06-14,30.79,19.18,71.45,0.05,0.5
1984-06-15,30.22,19.28,73.23,0.83,0.5
1984-06-16,28.46,19.6,77.92,8.05,0.5
1984-06-17,26.76,18.53,80.88,16.74,0.52
1984-06-18,26.92,18.58,79.52,1.25,0.53
1984-06-19,26.04,18.8,82.05,2.07,0.52
1984-06-20,28.07,19.95,80.15,1.61,0.52
1984-06-21,28.5,19.48,79.38,3.11,0.51
1984-06-22,24.3,18.61,82.36,1.32,0.51
1984-06-23,26.35,18.09,82.79,12.08,0.52
1984-06-24,27.57,18.23,77.52,1.2,0.53
1984-06-25,29.18,19.13,75.86,0.5,0.52
1984-06-26,27.66,19.02,75.16,0.4,0.51
1984-06-27,24.75,19.39,85.05,1.84,0.51
1984-06-28,25.6,18.85,83.02,2.49,0.51
1984-06-29,28.6,17.63,72.51,0.71,0.51
1984-06-30,28.26,19.69,72.3,0.02,0.5
1984-07-01,29.35,19.35,74.43,0.57,0.5
1984-07-02,28.66,19.78,75.66,0.79,0.5
1984-07-03,26.53,19.25,77.63,0.56,0.5
1984-07-04,28.0,19.2,75.93,0.86,0.49
1984-07-05,29.34,18.87,73.24,0.27,0.49
1984-07-06,27.59,19.18,72.71,0.65,0.49
1984-07-07,27.85,19.0,73.05,0.14,0.49
1984-07-08,26.57,19.39,76.02,0.44,0.49
1984-07-09,27.35,18.91,80.55,4.35,0.49
1984-07-10,24.49,18.95,83.13,6.18,0.5
1984-07-11,25.48,18.35,82.78,1.4,0.5
1984-07-12,25.36,18.42,80.5,4.59,0.5
1984-07-13,24.29,17.17,84.34,3.08,0.51
1984-07-14,24.49,18.91,83.16,1.79,0.51
1984-07-15,24.29,18.96,83.47,0.77,0.51
1984-07-16,25.29,18.35,78.21,1.59,0.5
1984-07-17,26.31,17.54,81.8,4.34,0.51
1984-07-18,30.15,16.71,69.59,0.0,0.51
1984-07-19,29.83,18.62,71.85,0.02,0.5
1984-07-20,28.9,19.78,72.69,0.27,0.5
1984-07-21,26.22,19.81,77.78,0.83,0.5
1984-07-22,28.89,18.72,70.18,0.16,0.49
1984-07-23,27.65,18.39,73.45,0.08,0.49
1984-07-24,28.51,19.18,70.71,0.17,0.49
1984-07-25,27.89,18.8,72.5,0.1,0.49
1984-07-26,27.54,18.72,72.74,0.06,0.48
1984-07-27,25.71,19.58,77.32,2.26,0.48
1984-07-28,26.5,18.99,81.4,11.13,0.5
1984-07-29,27.54,18.2,81.39,17.8,0.52
1984-07-30,26.82,18.31,78.66,0.73,0.53
1984-07-31,26.58,18.11,75.36,0.54,0.53
1984-08-01,28.19,16.93,77.88,2.98,0.52
1984-08-02,28.41,17.64,77.18,2.12,0.52
1984-08-03,28.92,17.76,77.64,1.04,0.51
1984-08-04,28.08,19.09,79.82,2.19,0.51
1984-08-05,27.5,19.58,79.26,0.91,0.51
1984-08-06,26.06,19.42,84.62,2.54,0.51
1984-08-07,27.47,19.39,79.61,1.8,0.51
1984-08-08,28.81,18.64,74.95,0.45,0.51
1984-08-09,29.2,18.62,75.17,3.24,0.51
1984-08-10,27.84,18.76,77.68,1.81,0.51
1984-08-11,24.54,19.23,85.06,1.41,0.51
1984-08-12,30.14,18.85,74.62,0.35,0.5
1984-08-13,27.68,19.48,78.23,2.22,0.5
1984-08-14,26.49,19.41,82.22,4.81,0.51
1984-08-15,26.14,19.62,82.76,1.19,0.51
1984-08-16,24.05,18.95,85.67,5.51,0.51
1984-08-17,27.42,17.84,79.58,2.31,0.52
1984-08-18,29.04,18.4,75.99,2.0,0.51
1984-08-19,28.44,19.26,77.96,1.0,0.51
1984-08-20,27.83,19.31,81.24,3.1,0.51
1984-08-21,24.73,18.91,89.75,36.73,0.55
1984-08-22,25.13,19.27,88.1,2.71,0.58
1984-08-23,24.96,19.15,86.34,1.03,0.57
1984-08-24,26.14,18.64,85.66,9.12,0.57
1984-08-25,24.01,19.21,88.19,6.16,0.57
1984-08-26,24.21,18.57,86.22,1.66,0.56
1984-08-27,23.01,17.68,88.16,6.25,0.56
1984-08-28,23.82,17.92,87.87,29.55,0.59
1984-08-29,26.88,18.23,84.85,1.18,0.6
1984-08-30,26.7,18.51,81.89,0.2,0.59
1984-08-31,27.01,19.66,82.2,1.08,0.57
1984-09-01,27.06,19.5,86.49,4.65,0.57
1984-09-02,23.68,18.4,90.8,5.91,0.57
1984-09-03,24.83,17.85,87.68,4.07,0.57
1984-09-04,25.1,17.99,84.47,0.56,0.56
1984-09-05,26.65,16.44,78.29,0.07,0.55
1984-09-06,28.15,17.5,75.91,0.02,0.54
1984-09-07,26.86,18.12,82.4,0.77,0.54
1984-09-08,24.54,19.45,87.31,2.04,0.54
1984-09-09,28.22,17.22,78.68,1.73,0.54
1984-09-10,27.86,17.71,78.38,10.3,0.54
1984-09-11,27.97,17.43,77.05,0.0,0.55
1984-09-12,27.8,17.51,75.29,0.04,0.54
1984-09-13,26.88,18.09,75.79,0.04,0.53
1984-09-14,27.12,17.73,76.45,0.17,0.53
1984-09-15,27.66,17.53,76.51,0.05,0.52
1984-09-16,27.34,18.14,76.45,0.32,0.52
1984-09-17,25.51,18.21,80.03,0.1,0.52
1984-09-18,27.58,17.99,77.35,1.14,0.52
1984-09-19,27.4,18.05,78.02,0.03,0.51
1984-09-20,27.14,18.48,76.62,0.12,0.51
1984-09-21,29.13,17.4,72.58,0.09,0.51
1984-09-22,23.49,19.15,82.11,1.91,0.51
1984-09-23,26.3,18.44,78.53,9.88,0.52
1984-09-24,28.23,17.37,72.38,0.01,0.53
1984-09-25,28.25,18.58,74.01,0.83,0.52
1984-09-26,28.3,18.65,77.81,0.01,0.52
1984-09-27,29.43,19.12,72.76,0.0,0.52
1984-09-28,27.98,19.23,72.79,0.09,0.51
1984-09-29,28.93,19.79,71.98,2.6,0.51
1984-09-30,27.75,19.57,78.51,0.97,0.51
1984-10-01,24.59,18.54,87.34,2.16,0.51
1984-10-02,26.63,19.22,84.73,3.2,0.52
1984-10-03,25.94,19.3,87.42,24.95,0.54
1984-10-04,25.41,19.02,82.61,0.09,0.56
1984-10-05,26.1,18.32,79.17,0.83,0.55
1984-10-06,26.8,18.26,80.98,0.48,0.55
1984-10-07,26.88,17.53,79.06,0.07,0.54
1984-10-08,26.72,17.55,81.18,1.46,0.54
1984-10-09,27.45,17.58,80.8,0.62,0.53
1984-10-10,28.14,17.65,78.68,0.13,0.53
1984-10-11,27.85,18.15,80.69,0.69,0.52
1984-10-12,25.9,18.16,85.86,10.18,0.53
1984-10-13,26.01,19.08,84.22,1.1,0.54
1984-10-14,27.96,18.71,79.99,0.11,0.53
1984-10-15,27.91,18.04,77.52,0.52,0.53
1984-10-16,27.06,17.66,81.35,1.44,0.53
1984-10-17,27.23,17.98,82.35,1.32,0.52
1984-10-18,24.1,17.7,87.79,1.76,0.52
1984-10-19,25.56,16.83,83.87,4.51,0.53
1984-10-20,24.48,17.2,84.52,0.82,0.53
1984-10-21,22.48,16.99,89.89,8.01,0.54
1984-10-22,25.61,16.62,79.23,3.4,0.54
1984-10-23,26.67,15.06,70.19,0.11,0.54
1984-10-24,27.8,13.42,63.99,0.0,0.53
1984-10-25,27.49,13.73,63.55,0.0,0.52
1984-10-26,27.48,13.54,64.4,0.0,0.52
1984-10-27,26.98,13.61,65.75,0.0,0.51
1984-10-28,26.23,14.43,64.24,0.0,0.51
1984-10-29,25.24,13.62,63.64,0.0,0.51
1984-10-30,25.3,15.29,68.56,0.0,0.51
1984-10-31,25.83,13.82,72.48,0.0,0.5
1984-11-01,24.25,16.1,74.66,0.0,0.5
1984-11-02,26.16,14.88,70.33,0.01,0.5
1984-11-03,27.31,13.04,67.1,0.11,0.5
1984-11-04,27.95,14.05,68.39,0.0,0.5
1984-11-05,27.83,16.65,72.4,0.0,0.5
1984-11-06,27.87,17.46,70.76,0.0,0.5
1984-11-07,28.58,16.42,66.72,0.0,0.49
1984-11-08,27.92,17.12,64.07,0.0,0.49
1984-11-09,27.84,16.88,62.64,0.0,0.49
1984-11-10,28.29,14.71,62.99,0.0,0.49
1984-11-11,28.14,13.3,58.54,0.0,0.49
1984-11-12,27.91,13.91,54.3,0.0,0.49
1984-11-13,27.54,13.73,59.0,0.0,0.49
1984-11-14,27.72,14.12,55.22,0.0,0.49
1984-11-15,27.09,13.15,63.11,0.0,0.49
1984-11-16,27.13,14.12,62.13,0.0,0.49
1984-11-17,28.09,15.09,54.44,0.0,0.48
1984-11-18,27.72,14.31,45.55,0.0,0.48
1984-11-19,28.01,12.25,50.62,0.01,0.48
1984-11-20,26.4,12.69,60.18,0.1,0.48
1984-11-21,25.18,12.54,67.32,0.19,0.48
1984-11-22,25.06,12.94,70.75,0.11,0.48
1984-11-23,26.47,14.69,62.53,0.0,0.48
1984-11-24,25.89,13.53,61.87,0.0,0.48
1984-11-25,26.49,13.08,65.21,0.0,0.48
1984-11-26,25.3,13.83,64.3,0.01,0.48
1984-11-27,24.25,14.22,64.76,0.0,0.48
1984-11-28,25.27,14.1,61.43,0.0,0.48
1984-11-29,25.52,12.75,64.34,0.03,0.48
1984-11-30,24.59,13.27,70.71,0.0,0.48
1984-12-01,25.44,12.81,69.82,0.0,0.48
1984-12-02,26.75,12.9,61.32,0.0,0.48
1984-12-03,26.2,13.46,51.38,0.0,0.48
1984-12-04,26.18,11.86,59.38,0.0,0.48
1984-12-05,25.87,12.29,64.84,0.0,0.48
1984-12-06,24.86,12.82,64.87,0.0,0.48
1984-12-07,24.5,11.43,68.23,0.0,0.48
1984-12-08,25.39,10.43,61.01,0.0,0.48
1984-12-09,25.31,10.11,53.19,0.0,0.48
1984-12-10,25.19,10.94,45.44,0.0,0.48
1984-12-11,25.4,10.25,50.14,0.0,0.48
1984-12-12,24.5,9.55,60.58,0.0,0.48
1984-12-13,24.74,9.1,61.64,0.0,0.48
1984-12-14,25.37,9.49,65.02,0.0,0.48
1984-12-15,24.66,10.2,58.61,0.0,0.48
1984-12-16,25.73,9.37,56.74,0.0,0.48
1984-12-17,25.6,10.52,49.15,0.0,0.48
1984-12-18,26.45,9.27,46.42,0.0,0.48
1984-12-19,26.32,7.94,48.26,0.0,0.48
1984-12-20,26.31,8.82,41.6,0.0,0.47
1984-12-21,25.78,8.13,37.44,0.0,0.47
1984-12-22,26.58,7.63,36.83,0.0,0.47
1984-12-23,24.92,11.28,55.15,0.0,0.47
1984-12-24,20.17,13.95,85.78,0.0,0.47
1984-12-25,21.29,13.66,82.02,0.0,0.48
1984-12-26,25.64,13.83,73.11,0.0,0.48
1984-12-27,20.52,14.28,78.07,0.0,0.48
1984-12-28,24.31,14.22,67.08,0.03,0.48
1984-12-29,24.45,14.38,64.61,0.05,0.48
1984-12-30,24.66,14.15,69.42,0.0,0.48
1984-12-31,24.72,11.65,72.36,0.05,0.48
1985-01-01,25.86,12.12,68.42,0.45,0.48
1985-01-02,24.7,11.83,64.6,0.01,0.47
1985-01-03,25.24,12.34,58.73,0.04,0.47
1985-01-04,25.16,12.53,56.07,0.0,0.47
1985-01-05,25.5,10.62,55.76,0.0,0.47
1985-01-06,25.34,9.69,51.03,0.0,0.47
1985-01-07,25.63,10.34,46.26,0.0,0.47
1985-01-08,25.45,11.28,45.59,0.0,0.47
1985-01-09,26.02,10.6,50.57,0.0,0.47
1985-01-10,25.45,10.63,49.55,0.0,0.47
1985-01-11,25.65,11.83,42.56,0.0,0.47
1985-01-12,25.75,11.88,36.16,0.0,0.47
1985-01-13,26.11,11.52,35.47,0.0,0.47
1985-01-14,22.22,12.91,33.38,0.0,0.47
1985-01-15,22.21,12.53,33.91,0.0,0.47
1985-01-16,25.25,9.59,30.9,0.0,0.47
1985-01-17,23.68,6.52,31.43,0.0,0.47
1985-01-18,26.05,7.27,33.33,0.0,0.47
1985-01-19,26.42,8.77,40.58,0.0,0.47
1985-01-20,25.5,8.95,47.3,0.0,0.47
1985-01-21,25.2,10.11,36.73,0.0,0.47
1985-01-22,26.26,10.6,33.42,0.0,0.47
1985-01-23,25.75,9.93,28.9,0.0,0.47
1985-01-24,26.28,10.45,29.04,0.0,0.47
1985-01-25,25.15,9.72,30.9,0.0,0.47
1985-01-26,26.46,10.07,27.7,0.0,0.47
1985-01-27,26.34,9.29,33.08,0.0,0.47
1985-01-28,24.56,10.22,54.3,0.0,0.47
1985-01-29,26.45,12.67,50.82,0.0,0.47
1985-01-30,27.2,13.19,42.05,0.18,0.47
1985-01-31,26.95,11.96,36.9,0.0,0.47
1985-02-01,27.25,11.21,37.02,0.0,0.47
1985-02-02,25.09,11.98,36.77,0.01,0.47
1985-02-03,25.53,9.34,54.06,0.0,0.47
1985-02-04,24.14,8.47,40.39,0.0,0.47
1985-02-05,24.22,9.56,37.74,0.0,0.47
1985-02-06,25.5,9.04,45.05,0.0,0.47
1985-02-07,23.9,10.48,49.28,0.0,0.47
1985-02-08,23.56,8.91,45.49,0.0,0.47
1985-02-09,25.53,7.48,25.22,0.0,0.47
1985-02-10,25.54,9.01,21.01,0.0,0.47
1985-02-11,26.85,9.43,19.32,0.0,0.47
1985-02-12,26.23,9.04,18.89,0.0,0.47
1985-02-13,28.2,11.19,18.0,0.0,0.46
1985-02-14,28.47,12.78,19.49,0.0,0.46
1985-02-15,28.36,13.43,25.38,0.0,0.46
1985-02-16,27.06,11.96,35.4,0.02,0.46
1985-02-17,24.81,11.38,55.19,0.02,0.46
1985-02-18,26.99,10.83,41.42,0.0,0.46
1985-02-19,27.97,9.79,29.98,0.0,0.46
1985-02-20,28.6,11.27,25.5,0.0,0.46
1985-02-21,29.42,10.01,26.01,0.0,0.46
1985-02-22,29.81,10.84,24.7,0.0,0.46
1985-02-23,29.93,11.7,26.89,0.0,0.46
1985-02-24,29.3,11.12,29.26,0.0,0.46
1985-02-25,28.52,9.58,32.1,0.0,0.46
1985-02-26,29.2,9.61,28.79,0.0,0.46
1985-02-27,29.24,9.93,28.25,0.0,0.46
1985-02-28,28.96,11.54,23.58,0.0,0.46
1985-03-01,27.11,9.38,31.71,0.0,0.46
1985-03-02,28.56,9.91,42.44,0.0,0.46
1985-03-03,29.64,11.16,41.18,0.0,0.46
1985-03-04,30.1,11.69,37.41,0.0,0.46
1985-03-05,30.85,15.91,34.0,0.0,0.46
1985-03-06,30.23,13.91,38.46,0.0,0.46
1985-03-07,30.93,13.61,39.3,0.0,0.46
1985-03-08,32.89,13.48,33.1,0.0,0.46
1985-03-09,33.08,14.55,29.57,0.0,0.46
1985-03-10,33.14,14.03,30.67,0.0,0.46
1985-03-11,34.11,14.76,27.32,0.0,0.46
1985-03-12,32.12,13.45,25.4,0.0,0.46
1985-03-13,32.02,13.4,30.11,0.0,0.46
1985-03-14,33.65,14.82,29.62,0.0,0.46
1985-03-15,31.81,15.38,31.85,0.0,0.46
1985-03-16,31.88,14.19,36.44,0.0,0.46
1985-03-17,31.52,14.04,34.48,0.0,0.46
1985-03-18,31.85,14.52,35.37,0.0,0.46
1985-03-19,30.92,15.54,40.22,0.0,0.46
1985-03-20,30.95,14.97,45.33,0.0,0.46
1985-03-21,28.89,16.05,48.79,0.0,0.46
1985-03-22,31.86,16.75,37.68,0.0,0.46
1985-03-23,30.29,15.63,31.9,0.0,0.46
1985-03-24,28.48,15.59,34.72,0.0,0.46
1985-03-25,27.53,17.17,43.47,0.03,0.46
1985-03-26,30.38,15.43,40.48,0.0,0.46
1985-03-27,31.39,15.64,41.56,0.0,0.46
1985-03-28,32.24,15.43,37.95,0.0,0.46
1985-03-29,32.97,17.04,36.06,0.0,0.46
1985-03-30,32.46,18.45,37.89,0.0,0.46
1985-03-31,32.43,17.66,40.35,0.0,0.46
1985-04-01,31.48,17.96,44.17,0.34,0.46
1985-04-02,33.13,17.09,45.12,0.58,0.46
1985-04-03,33.17,19.24,36.65,0.0,0.46
1985-04-04,33.33,19.41,34.33,0.0,0.46
1985-04-05,32.16,17.95,39.61,0.0,0.46
1985-04-06,32.71,18.33,43.73,0.0,0.46
1985-04-07,31.29,19.37,43.76,0.0,0.46
1985-04-08,29.65,16.46,45.46,0.46,0.46
1985-04-09,31.38,16.23,47.23,0.0,0.46
1985-04-10,32.9,16.36,43.95,0.03,0.46
1985-04-11,31.5,17.27,53.66,0.02,0.46
1985-04-12,31.9,17.56,55.39,0.0,0.46
1985-04-13,33.34,18.05,53.32,0.0,0.46
1985-04-14,34.86,17.35,43.92,0.06,0.46
1985-04-15,36.0,17.07,37.99,0.07,0.46
1985-04-16,33.71,19.62,42.9,0.48,0.46
1985-04-17,31.66,18.61,50.8,6.59,0.47
1985-04-18,29.95,17.72,61.36,2.35,0.47
1985-04-19,28.38,18.92,59.66,0.03,0.47
1985-04-20,30.82,17.59,54.25,0.0,0.47
1985-04-21,31.57,19.58,52.16,0.02,0.47
1985-04-22,32.57,19.46,49.85,0.01,0.47
1985-04-23,34.0,18.19,47.84,0.05,0.47
1985-04-24,33.35,17.7,51.73,0.53,0.47
1985-04-25,34.62,18.51,54.65,3.35,0.47
1985-04-26,31.34,19.12,63.96,1.02,0.47
1985-04-27,29.17,19.66,61.92,0.34,0.47
1985-04-28,25.51,18.3,60.07,4.51,0.48
1985-04-29,29.02,17.4,57.25,1.7,0.48
1985-04-30,28.57,16.73,59.19,1.54,0.48
1985-05-01,28.55,15.88,59.27,0.08,0.47
1985-05-02,29.98,17.96,59.52,1.01,0.47
1985-05-03,30.87,17.5,58.36,0.15,0.47
1985-05-04,31.25,17.28,57.61,0.01,0.47
1985-05-05,32.19,17.73,56.39,0.08,0.47
1985-05-06,31.77,18.54,51.67,2.53,0.47
1985-05-07,33.57,19.8,42.61,0.03,0.47
1985-05-08,33.76,21.14,40.57,0.15,0.47
1985-05-09,28.36,20.99,57.42,0.24,0.47
1985-05-10,31.24,19.84,53.41,0.31,0.47
1985-05-11,31.25,19.88,49.55,0.64,0.47
1985-05-12,32.02,18.42,48.98,0.0,0.47
1985-05-13,32.64,18.01,49.34,0.01,0.46
1985-05-14,32.48,19.87,47.55,0.11,0.46
1985-05-15,33.57,19.67,49.25,1.84,0.46
1985-05-16,32.33,19.75,54.64,0.96,0.47
1985-05-17,28.53,21.55,65.52,0.43,0.47
1985-05-18,27.83,20.51,71.64,1.09,0.47
1985-05-19,26.59,19.69,77.55,2.62,0.47
1985-05-20,25.45,18.87,79.9,22.2,0.5
1985-05-21,27.79,19.01,75.96,1.74,0.51
1985-05-22,27.13,19.28,81.45,3.16,0.51
1985-05-23,28.31,19.11,79.2,8.37,0.51
1985-05-24,24.98,18.98,86.13,41.48,0.56
1985-05-25,27.02,18.79,80.14,8.2,0.59
1985-05-26,26.78,19.03,82.47,12.18,0.59
1985-05-27,26.6,19.68,83.2,0.5,0.58
1985-05-28,28.29,18.76,81.56,7.33,0.57
1985-05-29,24.16,19.35,88.41,1.28,0.57
1985-05-30,29.04,19.29,81.12,1.3,0.55
1985-05-31,25.85,19.55,80.28,1.37,0.55
1985-06-01,25.4,19.19,83.3,1.92,0.54
1985-06-02,27.43,18.3,79.77,2.96,0.54
1985-06-03,26.69,19.4,83.36,2.4,0.53
1985-06-04,27.37,19.78,84.12,1.98,0.53
1985-06-05,27.44,18.89,79.68,3.41,0.53
1985-06-06,26.31,18.18,79.1,0.75,0.52
1985-06-07,26.3,18.58,80.69,4.32,0.52
1985-06-08,27.96,19.19,79.02,3.89,0.52
1985-06-09,27.64,18.08,75.95,0.42,0.52
1985-06-10,28.37,18.17,74.29,0.39,0.52
1985-06-11,30.44,18.35,73.2,1.08,0.51
1985-06-12,30.1,18.77,71.11,0.11,0.51
1985-06-13,29.7,19.5,73.61,2.12,0.5
1985-06-14,28.33,19.97,75.55,3.49,0.5
1985-06-15,26.75,17.53,77.82,16.04,0.52
1985-06-16,27.12,18.37,81.42,15.79,0.54
1985-06-17,27.04,19.17,81.67,15.69,0.56
1985-06-18,27.24,18.38,81.9,0.89,0.57
1985-06-19,24.66,19.56,87.02,28.15,0.58
1985-06-20,27.16,18.89,83.11,0.49,0.6
1985-06-21,26.02,20.53,85.23,0.82,0.59
1985-06-22,25.26,19.9,86.16,2.12,0.58
1985-06-23,27.77,19.44,81.11,1.85,0.57
1985-06-24,28.26,19.23,79.65,0.15,0.56
1985-06-25,25.39,20.01,83.31,0.57,0.55
1985-06-26,24.34,19.39,86.39,0.86,0.54
1985-06-27,25.62,19.18,82.12,1.25,0.54
1985-06-28,25.37,19.03,81.96,0.7,0.54
1985-06-29,25.73,18.86,80.6,1.08,0.53
1985-06-30,26.44,17.68,78.61,0.24,0.53
1985-07-01,27.92,19.34,76.51,0.05,0.53
1985-07-02,29.18,17.96,75.06,0.23,0.52
1985-07-03,26.64,18.46,74.98,0.39,0.52
1985-07-04,27.87,18.79,76.16,1.76,0.51
1985-07-05,25.98,18.24,80.91,1.51,0.51
1985-07-06,25.04,19.0,80.91,1.84,0.52
1985-07-07,24.02,18.36,85.02,1.69,0.52
1985-07-08,23.89,17.73,86.52,0.98,0.52
1985-07-09,26.72,18.26,79.66,0.58,0.52
1985-07-10,26.58,18.06,76.82,1.19,0.51
1985-07-11,26.1,17.7,80.32,5.87,0.52
1985-07-12,26.16,18.38,79.15,1.11,0.52
1985-07-13,26.03,18.32,80.89,2.23,0.52
1985-07-14,24.36,18.07,80.04,0.26,0.52
1985-07-15,27.09,17.27,77.38,0.93,0.52
1985-07-16,27.32,18.08,74.94,0.26,0.52
1985-07-17,27.51,17.78,78.13,7.11,0.52
1985-07-18,26.95,18.29,76.77,2.05,0.52
1985-07-19,26.58,17.86,83.3,19.44,0.54
1985-07-20,24.49,18.59,85.16,1.55,0.55
1985-07-21,25.64,18.51,83.05,0.51,0.55
1985-07-22,26.71,17.9,81.14,0.29,0.54
1985-07-23,24.49,18.03,86.4,5.26,0.54
1985-07-24,24.34,17.35,81.55,0.61,0.54
1985-07-25,26.26,16.52,80.08,3.32,0.54
1985-07-26,27.88,17.62,79.55,3.07,0.54
1985-07-27,25.14,18.02,83.28,2.77,0.54
1985-07-28,25.61,18.28,85.19,7.26,0.54
1985-07-29,24.85,19.22,88.68,1.8,0.55
1985-07-30,24.48,18.55,84.29,0.26,0.54
1985-07-31,27.59,17.81,79.27,1.16,0.54
1985-08-01,26.79,18.03,80.28,1.16,0.54
1985-08-02,25.2,18.35,83.1,0.9,0.53
1985-08-03,26.94,18.4,81.54,3.06,0.53
1985-08-04,24.07,19.29,84.87,0.6,0.53
1985-08-05,27.47,18.66,78.81,0.36,0.53
1985-08-06,26.97,18.69,80.08,1.57,0.53
1985-08-07,27.1,18.75,81.01,4.75,0.53
1985-08-08,27.02,18.07,78.32,0.09,0.53
1985-08-09,24.54,18.74,81.76,0.36,0.52
1985-08-10,28.7,19.28,79.96,6.06,0.53
1985-08-11,29.67,18.09,75.67,0.37,0.53
1985-08-12,29.72,19.64,77.15,0.26,0.52
1985-08-13,27.14,19.43,78.72,0.97,0.52
1985-08-14,28.01,19.29,78.34,0.99,0.52
1985-08-15,23.33,18.99,86.49,2.93,0.52
1985-08-16,25.04,19.41,85.09,1.22,0.52
1985-08-17,23.65,18.12,84.08,3.35,0.52
1985-08-18,25.58,18.87,82.38,2.86,0.52
1985-08-19,25.33,17.56,84.23,14.74,0.54
1985-08-20,25.2,18.29,85.72,1.58,0.55
1985-08-21,24.81,18.41,82.43,0.51,0.54
1985-08-22,27.72,17.44,79.94,0.64,0.54
1985-08-23,27.6,18.13,78.38,0.14,0.53
1985-08-24,26.14,18.23,81.15,0.85,0.53
1985-08-25,26.34,19.27,80.42,0.17,0.53
1985-08-26,28.1,18.97,78.69,1.37,0.52
1985-08-27,26.59,19.74,80.4,0.35,0.52
1985-08-28,26.3,19.07,81.54,0.3,0.52
1985-08-29,26.61,18.18,79.34,0.62,0.52
1985-08-30,25.26,18.85,81.3,0.37,0.52
1985-08-31,25.12,18.15,80.05,0.36,0.52
1985-09-01,26.99,17.68,77.52,0.35,0.51
1985-09-02,28.75,18.29,74.46,0.09,0.51
1985-09-03,28.05,17.65,73.55,0.14,0.51
1985-09-04,28.66,18.4,75.77,0.42,0.51
1985-09-05,26.96,19.36,79.01,1.54,0.51
1985-09-06,27.71,19.04,78.11,0.38,0.51
1985-09-07,26.86,19.62,81.34,0.76,0.51
1985-09-08,25.96,18.95,80.86,1.73,0.51
1985-09-09,24.63,19.3,84.23,8.71,0.51
1985-09-10,27.17,18.71,77.77,4.3,0.53
1985-09-11,28.05,17.94,78.86,10.28,0.53
1985-09-12,25.39,18.8,86.25,5.04,0.55
1985-09-13,26.28,17.85,83.66,6.04,0.55
1985-09-14,24.77,18.11,83.91,2.27,0.55
1985-09-15,25.08,17.71,77.92,0.02,0.54
1985-09-16,28.23,18.84,73.23,1.18,0.54
1985-09-17,28.43,17.71,78.16,11.15,0.54
1985-09-18,28.53,16.14,77.04,0.08,0.55
1985-09-19,28.83,17.3,74.57,0.0,0.54
1985-09-20,28.55,18.68,75.78,0.0,0.53
1985-09-21,29.09,18.22,74.47,0.0,0.53
1985-09-22,27.6,18.58,74.83,0.01,0.52
1985-09-23,27.72,17.97,76.13,0.43,0.52
1985-09-24,25.08,18.86,80.5,1.53,0.52
1985-09-25,27.98,17.62,80.24,7.1,0.52
1985-09-26,24.08,18.18,84.04,0.1,0.53
1985-09-27,27.72,17.24,77.39,0.66,0.52
1985-09-28,25.54,18.72,79.02,1.13,0.52
1985-09-29,27.26,18.74,77.74,1.0,0.52
1985-09-30,25.76,18.38,79.35,0.69,0.52
1985-10-01,25.42,17.95,83.19,0.57,0.52
1985-10-02,23.75,17.98,82.18,0.19,0.52
1985-10-03,24.16,16.88,82.96,1.26,0.52
1985-10-04,27.75,14.76,70.66,0.0,0.52
1985-10-05,27.53,14.83,62.95,0.0,0.51
1985-10-06,28.35,14.2,60.43,0.0,0.51
1985-10-07,28.5,15.14,67.66,0.0,0.5
1985-10-08,28.92,16.75,70.3,0.0,0.5
1985-10-09,29.78,19.19,70.13,0.0,0.5
1985-10-10,30.72,18.23,66.54,0.0,0.5
1985-10-11,30.26,19.75,68.5,0.01,0.49
1985-10-12,30.88,19.91,65.78,0.0,0.49
1985-10-13,30.31,19.18,68.43,0.14,0.49
1985-10-14,29.21,17.13,71.88,0.76,0.49
1985-10-15,29.54,17.84,73.28,1.19,0.49
1985-10-16,29.63,19.38,71.81,3.65,0.49
1985-10-17,27.2,18.88,79.53,7.74,0.5
1985-10-18,24.58,18.54,87.02,1.54,0.51
1985-10-19,25.93,17.1,82.23,3.94,0.51
1985-10-20,27.38,16.53,73.86,0.24,0.51
1985-10-21,25.07,16.54,82.27,13.95,0.52
1985-10-22,24.88,15.37,76.01,0.0,0.53
1985-10-23,26.01,13.35,72.68,0.01,0.53
1985-10-24,26.13,14.88,73.2,0.24,0.52
1985-10-25,23.7,16.82,79.62,0.03,0.52
1985-10-26,25.0,15.48,78.21,0.0,0.52
1985-10-27,26.49,16.67,79.72,0.0,0.51
1985-10-28,27.22,15.35,72.78,0.0,0.51
1985-10-29,27.93,15.27,67.59,0.02,0.51
1985-10-30,28.53,15.13,61.84,0.17,0.5
1985-10-31,28.12,14.99,62.53,0.2,0.5
1985-11-01,26.66,14.66,74.04,0.6,0.5
1985-11-02,22.54,15.07,76.61,0.0,0.5
1985-11-03,27.33,14.68,64.72,0.0,0.5
1985-11-04,27.13,16.4,59.6,0.01,0.49
1985-11-05,26.99,14.97,60.37,0.0,0.49
1985-11-06,25.87,15.85,65.52,0.0,0.49
1985-11-07,27.69,14.11,59.0,0.0,0.49
1985-11-08,28.55,14.69,50.63,0.01,0.49
1985-11-09,28.4,14.54,57.6,0.0,0.49
1985-11-10,27.72,13.93,60.81,0.0,0.49
1985-11-11,26.1,14.89,68.42,3.41,0.49
1985-11-12,22.1,15.46,84.06,0.71,0.49
1985-11-13,22.49,14.49,86.93,5.4,0.5
1985-11-14,21.47,16.18,90.47,9.38,0.51
1985-11-15,20.68,16.53,91.64,16.78,0.53
1985-11-16,23.85,15.28,82.54,2.03,0.55
1985-11-17,23.37,14.91,81.58,0.12,0.54
1985-11-18,24.88,15.82,81.19,0.79,0.53
1985-11-19,22.62,16.25,87.59,2.34,0.53
1985-11-20,22.49,15.52,87.85,2.98,0.53
1985-11-21,23.57,13.56,79.17,0.0,0.53
1985-11-22,24.02,11.28,68.39,0.0,0.52
1985-11-23,24.52,11.22,55.65,0.0,0.52
1985-11-24,25.37,9.78,59.43,0.0,0.51
1985-11-25,25.35,10.3,69.81,0.0,0.51
1985-11-26,25.62,12.35,62.1,0.0,0.51
1985-11-27,26.45,12.06,58.46,0.0,0.51
1985-11-28,26.06,10.61,62.13,0.0,0.5
1985-11-29,27.15,14.4,58.48,0.03,0.5
1985-11-30,26.67,13.67,61.24,0.11,0.5
1985-12-01,26.87,13.43,62.36,0.0,0.5
1985-12-02,26.4,13.72,64.44,0.02,0.49
1985-12-03,25.2,13.36,67.48,0.0,0.49
1985-12-04,25.13,11.68,56.25,0.0,0.49
1985-12-05,24.96,11.96,44.25,0.0,0.49
1985-12-06,24.95,10.67,60.29,0.23,0.49
1985-12-07,25.04,11.03,54.27,0.0,0.49
1985-12-08,24.93,10.25,53.39,0.0,0.49
1985-12-09,24.44,10.36,58.95,0.0,0.49
1985-12-10,24.16,10.7,65.31,0.0,0.49
1985-12-11,25.14,11.58,62.51,0.0,0.49
1985-12-12,25.49,12.04,53.2,0.0,0.49
1985-12-13,25.71,11.04,51.35,0.0,0.48
1985-12-14,27.43,12.02,51.63,0.0,0.48
1985-12-15,26.13,10.63,66.09,0.0,0.48
1985-12-16,25.16,12.6,72.98,0.0,0.48
1985-12-17,24.9,12.25,73.21,0.0,0.48
1985-12-18,24.99,10.72,70.2,0.0,0.48
1985-12-19,23.73,11.09,72.03,0.0,0.48
1985-12-20,22.3,12.07,73.79,0.0,0.48
1985-12-21,25.39,11.32,65.04,0.0,0.48
1985-12-22,24.94,10.41,68.93,0.0,0.48
1985-12-23,24.06,10.6,67.07,0.0,0.48
1985-12-24,22.79,9.69,58.7,0.0,0.48
1985-12-25,22.24,10.42,59.66,0.0,0.48
1985-12-26,24.8,10.51,51.0,0.0,0.48
1985-12-27,24.98,10.36,51.08,0.0,0.48
1985-12-28,24.36,8.88,60.47,0.0,0.48
1985-12-29,25.2,8.88,59.93,0.0,0.48
1985-12-30,23.94,8.76,61.57,0.0,0.48
1985-12-31,25.23,7.74,50.3,0.0,0.48
1986-01-01,24.16,7.3,57.34,0.0,0.48
1986-01-02,24.08,8.27,63.13,0.0,0.48
1986-01-03,25.65,7.97,62.55,0.0,0.48
1986-01-04,24.65,9.03,69.12,0.0,0.48
1986-01-05,24.56,10.54,70.46,0.0,0.48
1986-01-06,24.16,9.61,69.14,0.0,0.48
1986-01-07,24.53,8.9,64.71,0.0,0.48
1986-01-08,24.55,9.12,60.26,0.0,0.48
1986-01-09,24.23,8.49,62.4,0.0,0.48
1986-01-10,23.63,7.7,63.46,0.0,0.48
1986-01-11,24.36,8.7,59.71,0.0,0.48
1986-01-12,24.92,10.27,58.05,0.0,0.47
1986-01-13,25.23,10.63,58.4,0.0,0.47
1986-01-14,26.03,11.96,51.57,0.0,0.47
1986-01-15,25.92,10.32,57.45,0.0,0.47
1986-01-16,24.5,11.41,64.51,0.0,0.47
1986-01-17,23.74,10.01,62.56,0.0,0.47
1986-01-18,25.57,9.79,58.52,0.0,0.47
1986-01-19,26.01,11.06,51.88,0.0,0.47
1986-01-20,26.83,9.47,47.8,0.0,0.47
1986-01-21,27.78,11.73,40.54,0.0,0.47
1986-01-22,27.53,12.12,36.26,0.0,0.47
1986-01-23,27.35,10.02,42.89,0.0,0.47
1986-01-24,26.33,8.41,42.4,0.0,0.47
1986-01-25,27.0,10.16,41.27,0.0,0.47
1986-01-26,26.81,9.61,47.89,0.0,0.47
1986-01-27,25.27,10.21,54.66,0.0,0.47
1986-01-28,26.8,11.09,45.71,0.0,0.47
1986-01-29,26.14,10.74,41.72,0.0,0.47
1986-01-30,26.6,9.98,38.54,0.0,0.47
1986-01-31,26.84,10.64,32.98,0.0,0.47
1986-02-01,26.7,9.05,43.47,0.0,0.47
1986-02-02,25.95,10.01,49.12,0.0,0.47
1986-02-03,26.73,12.02,44.99,0.0,0.47
1986-02-04,26.85,10.78,48.64,0.0,0.47
1986-02-05,26.97,10.47,42.3,0.0,0.47
1986-02-06,28.11,12.74,34.09,0.0,0.47
1986-02-07,27.77,13.51,38.13,0.0,0.47
1986-02-08,25.87,13.7,37.8,0.0,0.47
1986-02-09,25.54,13.53,41.97,0.0,0.47
1986-02-10,26.12,15.08,38.69,0.0,0.47
1986-02-11,27.92,14.68,36.0,0.0,0.47
1986-02-12,28.28,12.01,40.74,0.0,0.47
1986-02-13,27.5,11.37,38.69,0.0,0.47
1986-02-14,28.71,14.03,35.02,0.0,0.47
1986-02-15,28.7,13.65,38.27,0.0,0.47
1986-02-16,25.81,11.72,47.6,0.0,0.47
1986-02-17,27.95,11.68,42.08,0.0,0.47
1986-02-18,26.82,11.7,31.51,0.0,0.47
1986-02-19,26.63,8.55,24.49,0.0,0.47
1986-02-20,27.96,6.36,22.0,0.0,0.47
1986-02-21,29.51,10.2,26.43,0.0,0.46
1986-02-22,27.97,10.35,38.02,0.0,0.46
1986-02-23,27.85,10.14,29.22,0.0,0.46
1986-02-24,29.87,11.8,25.8,0.0,0.46
1986-02-25,29.81,13.53,29.42,0.0,0.46
1986-02-26,28.49,11.62,36.31,0.0,0.46
1986-02-27,28.31,11.29,33.09,0.0,0.46
1986-02-28,28.95,11.14,28.87,0.0,0.46
1986-03-01,28.68,10.79,27.55,0.06,0.46
1986-03-02,25.58,11.2,56.32,0.11,0.46
1986-03-03,22.47,8.55,56.68,0.2,0.46
1986-03-04,21.14,9.87,65.92,0.0,0.46
1986-03-05,24.8,8.71,55.04,0.0,0.46
1986-03-06,24.97,13.94,47.35,0.0,0.46
1986-03-07,26.7,12.34,42.6,0.0,0.46
1986-03-08,27.58,11.4,35.93,0.0,0.46
1986-03-09,28.45,12.38,32.56,0.0,0.46
1986-03-10,29.93,11.95,35.83,0.0,0.46
1986-03-11,30.27,14.58,38.49,0.0,0.46
1986-03-12,29.62,13.32,42.55,0.0,0.46
1986-03-13,30.59,13.54,44.12,0.02,0.46
1986-03-14,30.85,14.16,45.0,0.0,0.46
1986-03-15,32.23,14.39,46.29,0.0,0.46
1986-03-16,31.07,14.45,37.98,0.0,0.46
1986-03-17,30.42,14.01,48.85,0.0,0.46
1986-03-18,32.34,15.07,35.65,0.0,0.46
1986-03-19,32.17,15.2,25.5,0.48,0.46
1986-03-20,32.56,16.68,24.66,0.0,0.46
1986-03-21,31.57,14.2,37.14,0.0,0.46
1986-03-22,33.59,16.46,31.55,0.0,0.46
1986-03-23,32.94,15.13,29.13,0.0,0.46
1986-03-24,33.2,14.98,24.35,0.0,0.46
1986-03-25,33.35,15.36,33.22,0.0,0.46
1986-03-26,32.93,16.77,37.22,0.0,0.46
1986-03-27,32.35,16.67,30.61,0.0,0.46
1986-03-28,33.62,17.32,21.28,0.0,0.46
1986-03-29,32.58,15.1,31.39,1.39,0.46
1986-03-30,33.04,15.0,38.97,0.0,0.46
1986-03-31,33.99,16.14,39.77,0.0,0.46
1986-04-01,34.05,17.61,44.18,0.0,0.46
1986-04-02,34.13,17.75,44.75,0.1,0.46
1986-04-03,33.43,17.48,41.08,0.0,0.46
1986-04-04,34.98,18.92,32.03,0.0,0.46
1986-04-05,33.37,17.06,39.32,3.22,0.46
1986-04-06,31.39,17.32,44.29,0.06,0.47
1986-04-07,31.51,16.03,42.88,0.01,0.47
1986-04-08,31.78,15.8,38.58,0.28,0.46
1986-04-09,32.81,15.42,38.57,0.0,0.46
1986-04-10,33.08,15.7,41.13,0.0,0.46
1986-04-11,32.61,18.03,42.63,0.0,0.46
1986-04-12,34.03,18.76,38.25,0.02,0.46
1986-04-13,33.41,18.03,40.07,0.72,0.46
1986-04-14,33.16,17.06,49.21,2.57,0.46
1986-04-15,32.98,19.42,47.97,0.0,0.47
1986-04-16,33.49,17.59,46.62,0.0,0.47
1986-04-17,32.86,17.44,47.67,0.0,0.46
1986-04-18,28.49,18.82,57.59,0.01,0.46
1986-04-19,28.46,17.33,62.07,0.0,0.46
1986-04-20,29.88,17.82,55.57,0.0,0.46
1986-04-21,30.92,17.75,50.29,0.03,0.46
1986-04-22,29.07,18.3,45.59,0.0,0.46
1986-04-23,29.57,19.44,43.75,2.6,0.47
1986-04-24,30.9,18.02,48.69,1.82,0.47
1986-04-25,31.32,16.24,47.16,0.06,0.47
1986-04-26,32.37,17.06,47.49,0.01,0.47
1986-04-27,32.58,18.14,45.67,0.03,0.46
1986-04-28,30.19,17.72,48.5,0.04,0.46
1986-04-29,31.86,17.29,43.53,0.59,0.46
1986-04-30,29.31,16.73,59.42,3.6,0.47
1986-05-01,30.87,17.83,50.64,0.0,0.47
1986-05-02,31.06,17.8,45.36,0.02,0.47
1986-05-03,31.23,17.49,56.38,9.04,0.47
1986-05-04,31.08,17.61,59.11,0.15,0.48
1986-05-05,33.07,17.95,56.89,0.1,0.48
1986-05-06,29.13,19.28,62.44,0.66,0.47
1986-05-07,26.72,18.97,69.5,1.29,0.47
1986-05-08,22.88,17.32,71.36,0.1,0.47
1986-05-09,30.35,16.72,59.5,0.96,0.47
1986-05-10,30.62,17.66,58.84,1.29,0.47
1986-05-11,30.65,18.12,57.85,0.01,0.47
1986-05-12,31.36,18.73,55.54,0.16,0.47
1986-05-13,31.15,18.45,56.11,1.45,0.47
1986-05-14,29.21,19.23,61.15,2.45,0.47
1986-05-15,27.48,17.73,71.06,18.87,0.49
1986-05-16,29.5,16.68,67.66,1.07,0.5
1986-05-17,29.78,18.72,68.82,0.0,0.5
1986-05-18,31.81,18.5,63.19,0.29,0.49
1986-05-19,29.44,19.31,70.64,9.06,0.49
1986-05-20,31.94,18.27,64.33,0.14,0.5
1986-05-21,29.96,19.66,73.6,15.09,0.51
1986-05-22,29.19,20.36,72.86,0.01,0.51
1986-05-23,27.96,20.0,72.37,3.72,0.51
1986-05-24,28.18,18.91,70.91,0.06,0.51
1986-05-25,32.77,17.65,51.24,0.21,0.5
1986-05-26,32.89,15.59,53.46,0.0,0.49
1986-05-27,31.73,16.33,56.27,0.0,0.49
1986-05-28,31.16,17.65,62.39,2.11,0.48
1986-05-29,31.92,18.09,61.19,0.0,0.48
1986-05-30,31.64,18.63,58.63,0.02,0.48
1986-05-31,31.38,18.55,65.81,1.43,0.48
1986-06-01,32.45,18.74,62.49,0.0,0.48
1986-06-02,31.84,19.45,62.85,2.59,0.48
1986-06-03,33.15,19.61,60.74,0.0,0.47
1986-06-04,32.45,20.13,62.81,0.0,0.47
1986-06-05,28.22,21.1,64.21,0.03,0.47
1986-06-06,32.16,19.41,60.3,0.08,0.47
1986-06-07,30.53,20.54,71.02,1.9,0.47
1986-06-08,27.96,20.44,71.79,0.21,0.47
1986-06-09,30.39,20.12,67.68,2.2,0.47
1986-06-10,28.68,19.7,70.0,0.35,0.47
1986-06-11,31.01,18.84,65.54,0.6,0.47
1986-06-12,31.68,20.64,68.97,2.17,0.47
1986-06-13,24.36,19.95,86.03,4.63,0.48
1986-06-14,25.8,19.78,79.51,1.44,0.48
1986-06-15,28.38,19.45,76.98,1.74,0.48
1986-06-16,29.79,19.26,73.37,1.83,0.48
1986-06-17,29.53,19.91,76.59,5.23,0.48
1986-06-18,28.66,19.92,74.99,0.68,0.49
1986-06-19,28.66,19.29,76.36,3.06,0.49
1986-06-20,27.91,20.06,75.72,7.52,0.5
1986-06-21,27.58,19.2,76.3,1.46,0.5
1986-06-22,25.79,18.56,82.0,2.2,0.5
1986-06-23,26.16,20.4,81.76,0.67,0.49
1986-06-24,28.88,19.41,74.58,1.36,0.49
1986-06-25,27.67,19.85,75.36,0.18,0.49
1986-06-26,29.22,20.26,71.54,0.15,0.49
1986-06-27,28.2,19.35,73.93,0.26,0.48
1986-06-28,26.49,19.98,75.4,0.11,0.48
1986-06-29,28.12,19.75,69.28,0.02,0.48
1986-06-30,27.73,19.36,71.39,0.11,0.48
1986-07-01,30.21,18.62,71.91,1.99,0.48
1986-07-02,30.16,19.14,68.54,0.01,0.48
1986-07-03,29.57,19.58,70.89,0.02,0.47
1986-07-04,26.92,19.73,75.81,0.07,0.47
1986-07-05,26.72,20.12,76.65,0.34,0.47
1986-07-06,29.14,19.81,70.95,0.21,0.47
1986-07-07,26.25,19.7,79.68,1.54,0.47
1986-07-08,27.07,19.35,80.42,1.87,0.47
1986-07-09,26.94,19.42,77.15,0.42,0.48
1986-07-10,24.72,19.13,86.98,8.09,0.48
1986-07-11,27.92,18.84,81.74,1.39,0.49
1986-07-12,28.81,17.91,72.8,0.44,0.49
1986-07-13,29.12,18.73,72.59,0.22,0.48
1986-07-14,30.25,18.37,66.57,0.06,0.48
1986-07-15,26.32,19.96,74.24,0.02,0.48
1986-07-16,31.76,19.32,70.01,0.13,0.48
1986-07-17,28.03,20.66,73.43,0.32,0.48
1986-07-18,29.16,19.29,72.87,2.43,0.48
1986-07-19,25.76,19.45,81.53,2.07,0.48
1986-07-20,27.63,19.09,77.31,0.82,0.48
1986-07-21,24.1,18.47,77.62,1.44,0.48
1986-07-22,26.55,17.67,74.56,0.9,0.48
1986-07-23,27.42,16.93,73.75,1.11,0.48
1986-07-24,26.13,18.1,80.26,1.58,0.48
1986-07-25,27.7,17.65,73.36,0.39,0.48
1986-07-26,25.28,18.21,80.16,1.27,0.48
1986-07-27,26.86,18.09,79.78,3.22,0.48
1986-07-28,25.19,18.09,79.44,0.05,0.48
1986-07-29,26.79,18.09,75.97,0.54,0.48
1986-07-30,26.09,19.18,74.32,0.07,0.48
1986-07-31,25.3,19.0,75.96,0.14,0.48
1986-08-01,27.59,18.76,74.73,2.69,0.48
1986-08-02,27.71,18.83,83.57,18.79,0.5
1986-08-03,27.13,18.63,81.2,1.38,0.52
1986-08-04,27.06,19.85,85.96,5.98,0.52
1986-08-05,28.29,18.81,79.21,5.46,0.52
1986-08-06,28.5,18.9,79.85,2.17,0.52
1986-08-07,28.58,19.5,76.61,0.33,0.51
1986-08-08,29.1,19.23,75.26,0.23,0.51
1986-08-09,29.81,20.04,71.36,1.75,0.5
1986-08-10,29.92,19.42,71.1,0.01,0.5
1986-08-11,31.54,19.65,66.73,0.49,0.49
1986-08-12,29.89,18.97,76.17,2.38,0.49
1986-08-13,28.07,18.43,76.04,0.72,0.49
1986-08-14,27.14,18.88,78.21,1.27,0.49
1986-08-15,25.73,19.37,82.51,1.66,0.49
1986-08-16,28.64,18.99,78.71,0.96,0.49
1986-08-17,29.15,19.91,73.48,0.43,0.49
1986-08-18,29.24,19.53,71.12,0.07,0.49
1986-08-19,29.7,19.14,70.86,0.18,0.48
1986-08-20,30.66,19.82,69.18,0.05,0.48
1986-08-21,29.68,20.32,71.57,0.15,0.48
1986-08-22,29.82,19.45,74.11,1.31,0.48
1986-08-23,29.33,19.18,76.06,0.67,0.48
1986-08-24,30.3,19.28,70.81,0.13,0.48
1986-08-25,27.55,19.66,75.24,0.63,0.48
1986-08-26,27.97,19.53,78.97,4.0,0.48
1986-08-27,32.27,19.43,69.25,0.37,0.48
1986-08-28,29.99,20.5,69.84,0.03,0.48
1986-08-29,27.28,20.33,72.75,0.47,0.48
1986-08-30,28.5,20.29,72.6,0.18,0.48
1986-08-31,25.87,19.78,81.18,0.79,0.48
1986-09-01,29.23,18.59,71.0,0.12,0.48
1986-09-02,28.1,19.4,73.24,0.37,0.48
1986-09-03,27.96,18.79,73.25,0.29,0.48
1986-09-04,28.91,19.66,77.32,1.7,0.48
1986-09-05,26.61,20.06,81.74,1.41,0.48
1986-09-06,31.57,18.67,73.38,5.28,0.48
1986-09-07,24.58,20.01,85.89,1.69,0.49
1986-09-08,28.36,19.28,78.1,3.97,0.49
1986-09-09,28.06,19.42,82.39,3.71,0.49
1986-09-10,27.93,19.24,78.62,1.57,0.49
1986-09-11,29.13,18.56,73.08,0.19,0.49
1986-09-12,29.16,18.91,71.62,0.04,0.49
1986-09-13,28.42,18.66,72.31,0.49,0.49
1986-09-14,29.2,18.87,68.83,0.05,0.48
1986-09-15,26.37,19.38,73.93,0.23,0.48
1986-09-16,25.6,18.96,81.63,1.87,0.48
1986-09-17,28.16,18.34,73.45,0.02,0.48
1986-09-18,25.64,18.83,75.69,0.76,0.48
1986-09-19,26.97,18.57,80.31,6.91,0.49
1986-09-20,26.13,18.11,84.63,14.47,0.51
1986-09-21,24.22,18.03,83.55,0.88,0.52
1986-09-22,23.61,16.08,84.59,4.3,0.52
1986-09-23,29.58,14.69,68.35,0.0,0.51
1986-09-24,30.01,17.64,66.79,0.0,0.51
1986-09-25,30.36,16.97,62.05,0.0,0.5
1986-09-26,27.56,16.92,62.88,0.0,0.5
1986-09-27,28.84,17.18,64.33,0.0,0.49
1986-09-28,27.84,18.71,65.98,0.01,0.49
1986-09-29,28.14,17.63,74.19,0.16,0.49
1986-09-30,27.85,18.08,77.69,5.16,0.49
1986-10-01,24.81,18.74,83.6,1.1,0.49
1986-10-02,23.0,17.54,81.24,0.02,0.49
1986-10-03,28.81,17.28,74.18,0.11,0.49
1986-10-04,26.94,18.44,77.4,0.55,0.49
1986-10-05,25.45,18.83,77.19,1.87,0.49
1986-10-06,27.41,17.52,83.64,8.52,0.5
1986-10-07,24.97,18.82,83.34,0.06,0.5
1986-10-08,27.27,17.72,77.66,1.03,0.5
1986-10-09,27.41,17.76,79.48,5.31,0.5
1986-10-10,26.05,17.66,83.31,3.9,0.5
1986-10-11,26.34,17.61,80.37,1.3,0.5
1986-10-12,26.81,17.14,75.91,0.9,0.5
1986-10-13,27.32,16.76,73.87,0.28,0.5
1986-10-14,27.49,15.95,76.43,13.32,0.51
1986-10-15,27.34,14.95,71.59,1.25,0.52
1986-10-16,28.77,13.86,63.76,0.0,0.51
1986-10-17,29.54,16.55,55.32,0.0,0.5
1986-10-18,29.61,14.29,55.76,0.0,0.5
1986-10-19,30.05,14.18,54.73,0.0,0.49
1986-10-20,30.02,14.93,55.3,0.0,0.49
1986-10-21,30.03,15.84,57.29,0.0,0.49
1986-10-22,29.05,16.7,59.01,0.01,0.48
1986-10-23,28.8,16.13,69.63,2.38,0.48
1986-10-24,26.39,16.45,81.95,12.19,0.5
1986-10-25,24.19,17.75,83.74,0.38,0.51
1986-10-26,28.1,16.33,72.8,0.0,0.5
1986-10-27,29.02,16.54,70.73,0.0,0.5
1986-10-28,28.59,16.41,69.39,0.5,0.49
1986-10-29,27.0,18.09,71.89,0.02,0.49
1986-10-30,24.45,16.71,72.57,0.0,0.49
1986-10-31,27.92,16.16,69.44,0.0,0.49
1986-11-01,28.32,16.57,68.48,0.0,0.49
1986-11-02,28.76,16.84,64.0,0.0,0.48
1986-11-03,29.27,17.54,65.23,0.0,0.48
1986-11-04,28.85,17.79,67.13,0.04,0.48
1986-11-05,27.92,17.95,70.71,0.14,0.48
1986-11-06,27.5,16.83,70.21,0.05,0.48
1986-11-07,28.86,17.03,65.71,0.0,0.48
1986-11-08,24.8,17.62,75.05,1.76,0.48
1986-11-09,25.7,17.4,81.04,2.78,0.48
1986-11-10,24.18,17.65,83.46,3.62,0.48
1986-11-11,21.73,14.76,89.02,7.87,0.49
1986-11-12,26.75,14.13,69.14,0.14,0.5
1986-11-13,25.6,15.31,65.85,0.01,0.49
1986-11-14,26.72,13.96,59.69,0.06,0.49
1986-11-15,27.37,13.13,57.13,0.0,0.49
1986-11-16,27.09,12.68,56.06,0.0,0.49
1986-11-17,27.2,13.17,57.74,0.17,0.48
1986-11-18,26.84,13.57,59.69,0.21,0.48
1986-11-19,26.58,13.62,48.99,0.01,0.48
1986-11-20,27.35,14.12,47.57,0.02,0.48
1986-11-21,26.66,12.49,46.89,0.43,0.48
1986-11-22,27.2,12.95,40.0,0.0,0.48
1986-11-23,27.03,13.05,42.02,0.0,0.47
1986-11-24,27.69,13.63,44.81,0.0,0.47
1986-11-25,26.4,11.75,62.61,0.0,0.47
1986-11-26,27.44,11.32,62.06,0.0,0.47
1986-11-27,27.5,11.58,58.64,0.0,0.47
1986-11-28,27.64,12.99,60.56,0.0,0.47
1986-11-29,27.25,14.07,70.38,0.0,0.47
1986-11-30,27.36,15.24,68.23,0.0,0.47
1986-12-01,27.43,14.29,61.48,0.0,0.47
1986-12-02,28.4,13.76,49.16,0.0,0.47
1986-12-03,28.28,12.26,58.56,0.0,0.47
1986-12-04,25.51,11.96,64.57,0.03,0.47
1986-12-05,26.55,12.41,63.2,0.03,0.47
1986-12-06,26.37,13.02,60.14,0.0,0.47
1986-12-07,27.22,13.35,58.09,0.15,0.47
1986-12-08,26.16,12.51,62.86,0.97,0.47
1986-12-09,26.15,14.14,62.56,0.22,0.47
1986-12-10,21.47,14.93,82.5,0.28,0.47
1986-12-11,23.26,13.7,73.13,0.15,0.47
1986-12-12,24.64,11.32,55.39,0.31,0.47
1986-12-13,25.94,11.22,41.55,0.0,0.47
1986-12-14,26.76,10.36,40.18,0.0,0.47
1986-12-15,26.05,10.88,42.99,0.0,0.47
1986-12-16,26.22,11.21,50.47,0.0,0.47
1986-12-17,26.59,11.88,47.41,0.0,0.47
1986-12-18,27.31,12.22,43.29,0.0,0.47
1986-12-19,27.02,10.92,42.63,0.0,0.47
1986-12-20,26.61,11.91,37.37,0.0,0.47
1986-12-21,25.15,12.37,38.57,0.08,0.47
1986-12-22,26.54,10.4,39.21,0.0,0.47
1986-12-23,25.5,10.75,38.89,0.0,0.47
1986-12-24,26.53,12.01,38.64,0.0,0.47
1986-12-25,27.3,10.78,39.47,0.0,0.47
1986-12-26,26.98,12.23,38.87,0.0,0.47
1986-12-27,24.85,11.91,45.89,0.0,0.47
1986-12-28,22.68,12.61,63.19,0.03,0.47
1986-12-29,23.64,13.73,56.7,0.13,0.47
1986-12-30,22.76,12.04,70.13,4.48,0.47
1986-12-31,21.31,10.15,81.07,50.57,0.51
1987-01-01,19.46,7.85,77.93,0.94,0.57
1987-01-02,20.91,6.85,62.03,0.01,0.55
1987-01-03,21.68,7.56,56.98,0.0,0.54
1987-01-04,22.56,5.84,52.61,0.0,0.53
1987-01-05,23.59,7.54,50.53,0.0,0.52
1987-01-06,24.68,9.33,45.6,0.0,0.51
1987-01-07,25.69,9.82,53.44,0.0,0.51
1987-01-08,24.12,11.14,66.4,0.71,0.5
1987-01-09,23.59,11.21,69.19,0.23,0.5
1987-01-10,25.13,11.13,59.71,0.0,0.5
1987-01-11,26.42,9.87,51.3,0.0,0.5
1987-01-12,26.2,10.63,59.68,0.17,0.49
1987-01-13,25.69,12.44,60.83,0.0,0.49
1987-01-14,25.76,11.76,56.77,0.0,0.49
1987-01-15,23.93,9.49,58.34,0.0,0.49
1987-01-16,25.13,8.85,47.46,0.0,0.48
1987-01-17,25.18,9.94,47.12,0.0,0.48
1987-01-18,25.31,10.03,45.21,0.0,0.48
1987-01-19,26.12,10.82,46.79,0.0,0.48
1987-01-20,25.72,10.38,51.37,0.0,0.48
1987-01-21,26.08,10.49,56.49,0.0,0.48
1987-01-22,27.36,10.79,52.23,0.0,0.48
1987-01-23,28.62,12.97,43.13,0.0,0.47
1987-01-24,27.58,12.64,45.2,0.0,0.47
1987-01-25,25.8,12.03,61.39,4.75,0.47
1987-01-26,24.4,13.27,68.34,0.95,0.48
1987-01-27,17.76,11.38,86.52,3.71,0.48
1987-01-28,21.17,10.81,75.02,0.03,0.49
1987-01-29,24.26,10.56,66.66,0.0,0.48
1987-01-30,25.32,10.06,58.44,0.7,0.48
1987-01-31,25.64,10.35,49.43,0.0,0.48
1987-02-01,25.82,10.8,46.24,0.0,0.48
1987-02-02,19.58,12.78,65.98,0.3,0.48
1987-02-03,22.23,13.3,80.46,1.82,0.48
1987-02-04,24.43,11.89,68.02,0.72,0.48
1987-02-05,23.48,12.6,68.79,0.79,0.48
1987-02-06,24.84,10.82,65.55,0.0,0.48
1987-02-07,25.85,8.47,50.91,0.04,0.48
1987-02-08,26.57,10.95,44.83,0.0,0.47
1987-02-09,25.39,12.33,42.66,0.02,0.47
1987-02-10,24.02,10.32,52.82,0.01,0.47
1987-02-11,24.77,9.59,41.88,0.01,0.47
1987-02-12,27.47,9.76,26.54,0.0,0.47
1987-02-13,28.34,12.24,25.5,0.0,0.47
1987-02-14,28.6,11.01,31.19,0.0,0.47
1987-02-15,28.42,11.41,31.5,0.0,0.47
1987-02-16,28.02,12.36,30.79,0.0,0.47
1987-02-17,28.01,11.37,30.17,0.0,0.47
1987-02-18,28.83,11.34,26.93,0.0,0.47
1987-02-19,28.87,12.6,25.9,0.0,0.47
1987-02-20,30.25,13.67,25.59,0.0,0.46
1987-02-21,29.87,13.44,24.73,0.0,0.46
1987-02-22,29.0,12.52,24.65,0.0,0.46
1987-02-23,29.22,13.17,23.18,0.0,0.46
1987-02-24,29.2,12.25,29.72,0.0,0.46
1987-02-25,29.64,13.96,30.67,0.0,0.46
1987-02-26,29.86,12.56,30.58,0.0,0.46
1987-02-27,30.45,12.43,31.84,0.0,0.46
1987-02-28,29.59,13.08,35.94,0.0,0.46
1987-03-01,28.93,12.43,39.62,0.0,0.46
1987-03-02,28.0,12.31,39.2,0.38,0.46
1987-03-03,25.55,12.38,45.67,0.17,0.46
1987-03-04,25.37,11.91,38.21,0.0,0.46
1987-03-05,25.55,13.58,44.04,2.43,0.47
1987-03-06,26.62,11.32,50.34,0.0,0.47
1987-03-07,28.28,11.43,36.54,0.0,0.47
1987-03-08,27.78,10.42,34.55,0.0,0.47
1987-03-09,29.44,10.85,32.53,0.0,0.47
1987-03-10,29.65,13.43,33.48,0.0,0.46
1987-03-11,29.13,13.22,41.43,0.0,0.46
1987-03-12,29.37,13.2,39.4,0.07,0.46
1987-03-13,29.51,12.94,37.57,0.0,0.46
1987-03-14,28.43,13.61,44.17,0.0,0.46
1987-03-15,29.45,14.86,36.59,0.08,0.46
1987-03-16,29.65,14.55,32.73,0.0,0.46
1987-03-17,29.2,14.29,32.58,0.03,0.46
1987-03-18,29.61,12.96,50.71,0.17,0.46
1987-03-19,29.46,13.19,54.34,0.02,0.46
1987-03-20,30.33,14.58,45.37,0.0,0.46
1987-03-21,29.94,13.18,39.71,0.01,0.46
1987-03-22,30.81,14.57,39.83,0.0,0.46
1987-03-23,31.27,15.8,33.4,0.0,0.46
1987-03-24,32.39,16.0,31.13,0.0,0.46
1987-03-25,33.23,15.66,32.93,0.0,0.46
1987-03-26,33.16,15.03,26.33,0.0,0.46
1987-03-27,31.24,13.75,28.33,0.0,0.46
1987-03-28,29.39,15.77,33.59,0.03,0.46
1987-03-29,31.59,16.63,30.82,0.0,0.46
1987-03-30,33.44,18.25,31.55,0.0,0.46
1987-03-31,32.72,16.28,32.71,0.0,0.46
1987-04-01,32.59,15.98,30.51,0.0,0.46
1987-04-02,33.34,15.39,31.07,0.0,0.46
1987-04-03,33.65,15.41,34.61,0.0,0.46
1987-04-04,33.92,16.3,45.27,0.0,0.46
1987-04-05,33.91,17.13,43.75,0.01,0.46
1987-04-06,33.61,17.63,41.85,0.0,0.46
1987-04-07,32.68,17.51,42.56,0.02,0.46
1987-04-08,33.06,16.34,41.49,0.0,0.46
1987-04-09,33.12,16.26,43.52,0.55,0.46
1987-04-10,28.91,16.99,64.85,0.63,0.46
1987-04-11,25.2,17.7,70.41,0.34,0.46
1987-04-12,29.32,17.66,64.12,0.53,0.46
1987-04-13,31.98,16.93,56.43,0.06,0.46
1987-04-14,33.73,16.99,49.01,0.23,0.46
1987-04-15,34.86,18.48,44.79,0.01,0.46
1987-04-16,33.05,20.85,39.67,1.74,0.46
1987-04-17,34.62,19.94,33.16,0.0,0.46
1987-04-18,33.95,18.18,40.48,0.04,0.46
1987-04-19,31.46,20.73,42.99,0.0,0.46
1987-04-20,29.76,19.13,48.01,0.07,0.46
1987-04-21,28.55,17.13,56.14,2.73,0.47
1987-04-22,26.74,18.56,53.99,0.01,0.47
1987-04-23,26.42,17.2,62.44,0.21,0.47
1987-04-24,31.06,17.08,56.66,0.01,0.47
1987-04-25,32.11,16.26,52.34,0.11,0.47
1987-04-26,31.55,19.15,50.53,0.06,0.46
1987-04-27,29.07,19.4,50.79,2.64,0.47
1987-04-28,27.36,18.86,66.51,4.74,0.47
1987-04-29,23.42,16.45,76.15,5.45,0.48
1987-04-30,24.62,15.08,68.9,0.0,0.48
1987-05-01,29.14,14.13,58.63,0.0,0.48
1987-05-02,30.99,16.48,59.23,0.0,0.48
1987-05-03,30.23,16.93,65.63,3.75,0.48
1987-05-04,30.2,18.48,65.8,1.72,0.48
1987-05-05,29.57,17.6,61.54,0.32,0.48
1987-05-06,30.54,17.0,51.2,0.05,0.47
1987-05-07,30.85,14.71,54.6,0.0,0.47
1987-05-08,29.44,18.67,51.23,0.0,0.47
1987-05-09,32.15,18.9,48.45,0.01,0.47
1987-05-10,32.94,19.63,45.06,0.0,0.47
1987-05-11,33.34,18.83,46.28,0.0,0.47
1987-05-12,32.84,19.71,47.93,0.21,0.46
1987-05-13,32.85,19.44,48.41,0.03,0.46
1987-05-14,34.73,20.46,40.72,0.01,0.46
1987-05-15,34.31,19.57,42.74,0.0,0.46
1987-05-16,34.67,18.94,44.35,0.0,0.46
1987-05-17,33.15,19.9,49.66,0.0,0.46
1987-05-18,31.71,20.57,58.66,7.87,0.47
1987-05-19,32.07,19.71,60.8,0.48,0.47
1987-05-20,31.57,19.51,63.07,9.71,0.48
1987-05-21,31.88,18.86,63.38,0.0,0.48
1987-05-22,32.2,18.59,57.03,0.0,0.48
1987-05-23,31.64,20.21,57.98,0.01,0.48
1987-05-24,32.97,19.94,56.57,0.17,0.47
1987-05-25,31.14,18.19,61.27,0.97,0.47
1987-05-26,30.55,20.12,64.04,0.12,0.47
1987-05-27,29.45,19.46,65.9,0.28,0.47
1987-05-28,31.49,20.12,61.25,0.06,0.47
1987-05-29,28.22,20.93,67.04,0.7,0.47
1987-05-30,29.57,20.15,67.71,0.17,0.47
1987-05-31,30.28,20.15,67.47,1.46,0.47
1987-06-01,31.14,20.3,68.19,0.1,0.47
1987-06-02,29.23,20.57,73.53,1.01,0.47
1987-06-03,29.72,19.33,72.43,1.31,0.47
1987-06-04,29.76,20.09,68.15,0.8,0.47
1987-06-05,32.51,19.53,65.19,1.16,0.47
1987-06-06,33.31,20.62,61.42,0.28,0.47
1987-06-07,30.27,21.06,70.69,3.59,0.47
1987-06-08,25.92,20.81,80.83,3.31,0.48
1987-06-09,28.57,20.3,77.01,7.71,0.48
1987-06-10,27.68,19.93,78.33,1.91,0.49
1987-06-11,28.25,19.83,75.36,0.21,0.49
1987-06-12,26.7,20.16,79.08,0.07,0.48
1987-06-13,28.56,20.35,72.27,0.19,0.48
1987-06-14,25.19,20.67,80.97,1.55,0.48
1987-06-15,29.47,20.26,77.59,7.29,0.49
1987-06-16,28.71,20.5,73.44,0.42,0.49
1987-06-17,31.44,18.9,71.84,0.78,0.49
1987-06-18,30.82,20.91,69.88,0.56,0.48
1987-06-19,30.56,20.68,71.28,1.18,0.48
1987-06-20,30.92,19.3,71.68,1.49,0.48
1987-06-21,29.26,20.01,74.63,0.67,0.48
1987-06-22,27.78,20.13,74.1,0.03,0.48
1987-06-23,30.47,20.47,68.18,0.07,0.47
1987-06-24,31.52,19.85,65.38,0.04,0.47
1987-06-25,31.98,20.2,62.67,0.29,0.47
1987-06-26,31.2,21.15,68.39,0.35,0.47
1987-06-27,32.07,20.39,65.43,0.99,0.47
1987-06-28,26.08,20.84,79.84,3.57,0.47
1987-06-29,29.9,20.48,74.76,0.78,0.47
1987-06-30,30.76,20.38,71.25,0.46,0.47
1987-07-01,28.87,20.33,77.85,6.43,0.48
1987-07-02,28.37,19.63,74.51,0.14,0.48
1987-07-03,26.72,19.88,73.08,0.35,0.48
1987-07-04,27.45,19.93,75.89,1.12,0.48
1987-07-05,26.17,19.39,81.64,5.24,0.48
1987-07-06,27.49,18.83,78.68,2.09,0.48
1987-07-07,24.71,19.35,81.83,0.2,0.48
1987-07-08,27.51,19.52,79.22,0.76,0.48
1987-07-09,27.04,19.53,77.74,3.41,0.48
1987-07-10,25.8,19.08,80.54,1.46,0.48
1987-07-11,25.46,19.17,81.9,4.13,0.49
1987-07-12,26.71,19.0,76.45,0.24,0.49
1987-07-13,29.01,18.48,74.63,1.55,0.49
1987-07-14,28.75,18.53,73.02,0.76,0.48
1987-07-15,25.69,19.55,76.8,0.29,0.48
1987-07-16,30.48,19.69,74.54,0.48,0.48
1987-07-17,26.76,20.24,79.42,0.59,0.48
1987-07-18,27.78,19.44,77.16,2.4,0.48
1987-07-19,30.61,18.27,74.0,2.23,0.48
1987-07-20,28.23,19.55,79.39,6.5,0.48
1987-07-21,28.31,19.38,71.62,0.11,0.49
1987-07-22,26.43,19.92,78.63,0.87,0.48
1987-07-23,27.35,19.71,81.87,5.2,0.49
1987-07-24,26.33,19.88,82.74,5.36,0.49
1987-07-25,27.21,18.07,79.8,9.88,0.51
1987-07-26,27.78,19.28,79.14,0.76,0.51
1987-07-27,25.14,19.18,82.02,1.4,0.5
1987-07-28,27.66,19.3,75.08,0.32,0.5
1987-07-29,28.49,18.32,73.01,0.03,0.49
1987-07-30,27.17,19.35,74.72,0.43,0.49
1987-07-31,25.85,18.94,78.04,3.24,0.49
1987-08-01,29.16,18.61,74.8,0.82,0.49
1987-08-02,26.9,19.9,77.41,0.06,0.49
1987-08-03,29.13,18.95,71.82,0.06,0.48
1987-08-04,25.2,19.11,79.29,0.09,0.48
1987-08-05,25.08,18.48,78.76,0.23,0.48
1987-08-06,29.03,18.21,72.85,0.11,0.48
1987-08-07,31.45,18.74,72.63,4.28,0.48
1987-08-08,25.05,19.62,84.66,2.24,0.48
1987-08-09,28.54,19.41,74.35,0.36,0.48
1987-08-10,28.99,19.05,75.48,3.54,0.48
1987-08-11,29.72,19.42,73.3,2.49,0.49
1987-08-12,29.08,20.24,74.54,0.29,0.49
1987-08-13,30.0,20.09,73.26,1.02,0.48
1987-08-14,31.58,20.19,71.06,0.2,0.48
1987-08-15,25.71,20.63,81.55,2.46,0.48
1987-08-16,30.74,20.24,74.3,2.43,0.48
1987-08-17,30.52,20.57,76.71,2.65,0.49
1987-08-18,27.44,20.97,85.14,5.87,0.49
1987-08-19,25.3,19.92,78.19,0.27,0.49
1987-08-20,30.71,19.81,70.67,0.9,0.49
1987-08-21,30.05,20.63,73.6,0.89,0.49
1987-08-22,31.7,20.23,70.92,1.83,0.49
1987-08-23,29.25,21.44,82.09,19.83,0.51
1987-08-24,25.5,20.6,86.6,6.02,0.53
1987-08-25,24.55,19.94,85.96,1.68,0.52
1987-08-26,25.12,19.13,83.72,1.38,0.52
1987-08-27,25.79,18.53,83.92,2.28,0.51
1987-08-28,28.28,18.29,77.57,0.7,0.51
1987-08-29,28.01,19.41,76.71,0.56,0.5
1987-08-30,26.32,19.05,85.52,6.59,0.51
1987-08-31,28.53,18.87,79.66,0.26,0.51
1987-09-01,25.41,19.26,83.22,1.66,0.51
1987-09-02,28.37,19.94,80.15,0.08,0.5
1987-09-03,27.54,19.39,81.55,0.33,0.5
1987-09-04,29.0,18.94,75.73,0.03,0.5
1987-09-05,27.93,19.41,76.82,0.23,0.49
1987-09-06,29.27,19.55,73.31,0.06,0.49
1987-09-07,26.68,19.68,78.37,0.27,0.49
1987-09-08,31.46,18.5,72.95,0.2,0.49
1987-09-09,25.74,19.8,84.41,0.81,0.49
1987-09-10,25.6,19.26,82.77,1.26,0.49
1987-09-11,27.7,19.05,81.34,13.1,0.5
1987-09-12,26.35,19.31,84.95,4.35,0.51
1987-09-13,28.43,18.32,81.56,2.49,0.51
1987-09-14,29.03,19.87,80.89,0.92,0.51
1987-09-15,24.77,20.23,87.16,0.7,0.51
1987-09-16,25.88,19.17,85.12,6.43,0.51
1987-09-17,28.84,18.99,73.75,0.39,0.51
1987-09-18,29.82,20.06,69.59,0.67,0.51
1987-09-19,30.63,19.05,69.31,2.45,0.5
1987-09-20,27.46,18.86,81.27,11.03,0.52
1987-09-21,27.0,18.75,82.25,1.09,0.52
1987-09-22,26.47,18.29,79.92,2.02,0.51
1987-09-23,27.13,16.94,79.25,2.52,0.51
1987-09-24,27.1,17.55,77.46,0.09,0.51
1987-09-25,29.6,18.79,75.21,0.45,0.5
1987-09-26,28.55,18.93,75.88,1.54,0.5
1987-09-27,27.76,19.12,75.64,0.26,0.5
1987-09-28,26.41,18.88,77.41,0.07,0.5
1987-09-29,30.54,18.36,68.78,0.01,0.49
1987-09-30,29.0,19.05,73.9,0.02,0.49
1987-10-01,28.69,18.67,76.52,3.14,0.49
1987-10-02,29.0,18.41,67.96,0.04,0.49
1987-10-03,28.59,19.04,66.55,0.39,0.49
1987-10-04,29.65,18.53,73.23,2.23,0.49
1987-10-05,25.96,19.01,78.58,0.0,0.49
1987-10-06,29.8,18.44,71.21,0.16,0.49
1987-10-07,28.16,19.98,73.76,0.52,0.49
1987-10-08,27.71,19.39,72.3,0.1,0.48
1987-10-09,28.71,18.09,72.17,0.09,0.48
1987-10-10,28.8,19.13,70.53,0.01,0.48
1987-10-11,30.1,18.6,66.98,0.11,0.48
1987-10-12,30.77,18.02,68.44,1.71,0.48
1987-10-13,31.71,18.31,64.23,0.11,0.48
1987-10-14,30.87,18.95,68.81,0.84,0.48
1987-10-15,31.72,19.63,65.19,0.11,0.48
1987-10-16,28.53,20.56,69.54,0.01,0.48
1987-10-17,31.05,18.57,67.69,0.0,0.47
1987-10-18,31.82,18.9,63.52,0.0,0.47
1987-10-19,31.3,19.11,65.46,0.07,0.47
1987-10-20,28.41,18.75,66.95,0.62,0.47
1987-10-21,28.0,17.32,67.67,0.0,0.47
1987-10-22,30.23,17.39,64.17,0.04,0.47
1987-10-23,29.43,18.97,68.6,0.06,0.47
1987-10-24,28.75,19.98,68.4,0.12,0.47
1987-10-25,23.79,18.66,71.19,0.07,0.47
1987-10-26,25.06,17.79,76.09,2.6,0.47
1987-10-27,23.6,16.22,83.41,2.8,0.48
1987-10-28,27.0,14.99,71.14,0.0,0.48
1987-10-29,29.26,15.94,62.26,0.0,0.48
1987-10-30,29.08,15.83,67.02,0.0,0.48
1987-10-31,29.6,16.19,61.62,0.0,0.47
1987-11-01,29.46,16.92,64.13,0.17,0.47
1987-11-02,28.17,18.61,74.0,5.87,0.48
1987-11-03,26.59,18.67,78.71,0.21,0.48
1987-11-04,26.84,18.42,78.59,0.26,0.48
1987-11-05,27.31,18.44,78.91,0.5,0.48
1987-11-06,28.65,17.29,71.62,2.18,0.48
1987-11-07,26.39,17.12,75.2,6.26,0.48
1987-11-08,23.19,16.56,82.8,1.81,0.49
1987-11-09,23.53,14.95,75.67,0.0,0.49
1987-11-10,27.64,13.88,70.24,0.09,0.49
1987-11-11,27.56,15.77,74.14,0.23,0.49
1987-11-12,28.95,17.42,73.28,0.12,0.49
1987-11-13,28.21,18.49,71.35,0.45,0.48
1987-11-14,27.73,18.82,76.66,0.38,0.48
1987-11-15,24.13,18.74,84.74,0.74,0.48
1987-11-16,23.91,18.41,87.19,1.47,0.48
1987-11-17,28.23,17.96,75.49,0.0,0.48
1987-11-18,29.18,17.06,69.13,0.02,0.48
1987-11-19,27.61,16.9,72.12,0.11,0.48
1987-11-20,27.67,17.12,71.13,0.08,0.48
1987-11-21,29.21,15.94,61.71,0.4,0.48
1987-11-22,29.49,15.3,57.97,0.0,0.48
1987-11-23,29.58,15.36,65.75,0.0,0.47
1987-11-24,29.38,16.01,58.18,0.0,0.47
1987-11-25,29.98,16.26,46.92,0.0,0.47
1987-11-26,29.48,15.67,44.25,0.0,0.47
1987-11-27,30.02,15.69,44.93,0.0,0.47
1987-11-28,31.09,13.52,49.7,0.0,0.47
1987-11-29,30.83,14.82,55.38,0.0,0.47
1987-11-30,25.1,16.03,74.45,0.0,0.47
1987-12-01,26.61,13.86,57.15,0.0,0.47
1987-12-02,26.85,12.32,55.71,0.0,0.47
1987-12-03,27.35,12.33,58.71,0.0,0.47
1987-12-04,27.72,11.84,58.73,0.0,0.47
1987-12-05,27.01,11.88,61.83,0.0,0.47
1987-12-06,23.53,11.23,55.4,0.0,0.47
1987-12-07,24.25,9.11,51.18,0.0,0.47
1987-12-08,26.04,8.89,47.69,0.0,0.47
1987-12-09,27.11,11.07,48.28,0.0,0.47
1987-12-10,26.86,13.07,48.15,0.0,0.47
1987-12-11,27.05,12.43,51.52,0.0,0.47
1987-12-12,25.25,11.6,62.2,0.02,0.47
1987-12-13,24.82,10.69,62.13,0.01,0.47
1987-12-14,22.44,12.55,64.83,0.04,0.47
1987-12-15,25.37,13.5,59.33,0.0,0.47
1987-12-16,25.54,11.92,66.21,0.0,0.47
1987-12-17,24.9,11.92,60.6,0.0,0.47
1987-12-18,24.64,10.73,58.54,0.0,0.47
1987-12-19,26.2,10.92,55.84,0.0,0.47
1987-12-20,24.51,12.1,51.15,0.0,0.47
1987-12-21,20.99,11.69,51.31,0.0,0.47
1987-12-22,25.89,9.98,44.81,0.0,0.47
1987-12-23,25.9,8.48,45.46,0.0,0.47
1987-12-24,25.26,9.66,43.21,0.0,0.47
1987-12-25,25.19,8.72,49.53,0.0,0.47
1987-12-26,25.12,9.58,47.31,0.0,0.47
1987-12-27,25.64,9.61,43.58,0.0,0.46
1987-12-28,25.73,10.13,36.73,0.0,0.46
1987-12-29,25.74,11.04,30.7,0.0,0.46
1987-12-30,26.31,8.64,28.62,0.0,0.46
1987-12-31,25.78,9.09,42.59,0.0,0.46
1988-01-01,26.37,11.18,29.24,0.0,0.46
1988-01-02,25.79,9.21,44.46,0.0,0.46
1988-01-03,26.68,9.13,47.5,0.0,0.46
1988-01-04,25.85,10.86,49.2,0.0,0.46
1988-01-05,26.39,10.59,49.93,0.0,0.46
1988-01-06,26.16,10.59,50.7,0.0,0.46
1988-01-07,25.3,10.89,51.48,0.0,0.46
1988-01-08,25.4,12.9,52.5,0.0,0.46
1988-01-09,25.78,11.78,51.49,0.0,0.46
1988-01-10,25.65,10.41,53.0,0.0,0.46
1988-01-11,27.0,12.51,47.18,0.0,0.46
1988-01-12,26.98,11.25,49.73,0.0,0.46
1988-01-13,26.99,12.81,47.18,0.0,0.46
1988-01-14,27.02,11.31,51.04,0.0,0.46
1988-01-15,27.36,11.18,40.56,0.0,0.46
1988-01-16,27.03,10.53,31.13,0.0,0.46
1988-01-17,27.2,11.29,30.62,0.0,0.46
1988-01-18,27.77,8.64,33.45,0.0,0.46
1988-01-19,25.95,9.77,32.97,0.0,0.46
1988-01-20,26.4,10.13,41.49,0.0,0.46
1988-01-21,25.92,9.42,41.59,0.0,0.46
1988-01-22,26.44,9.98,35.6,0.0,0.46
1988-01-23,28.24,10.45,26.71,0.0,0.46
1988-01-24,26.81,10.75,22.29,0.0,0.46
1988-01-25,27.0,9.95,25.0,0.0,0.46
1988-01-26,28.02,10.78,21.44,0.0,0.46
1988-01-27,28.55,11.13,22.86,0.0,0.46
1988-01-28,28.94,11.35,24.45,0.0,0.46
1988-01-29,29.12,11.91,22.93,0.0,0.46
1988-01-30,28.8,11.24,21.63,0.0,0.46
1988-01-31,28.71,10.88,20.45,0.0,0.46
1988-02-01,29.75,10.61,18.06,0.0,0.46
1988-02-02,29.89,10.88,16.43,0.0,0.46
1988-02-03,27.95,10.62,27.41,0.0,0.46
1988-02-04,29.09,13.51,25.73,0.0,0.46
1988-02-05,29.02,12.03,18.55,0.0,0.46
1988-02-06,29.06,11.79,32.92,0.0,0.46
1988-02-07,29.07,11.91,33.23,0.0,0.46
1988-02-08,30.1,12.34,28.71,0.0,0.46
1988-02-09,28.84,12.72,32.7,0.0,0.46
1988-02-10,28.91,12.52,39.49,0.0,0.46
1988-02-11,28.92,13.33,39.4,0.0,0.46
1988-02-12,28.48,12.5,25.54,0.0,0.46
1988-02-13,29.23,12.47,22.99,0.0,0.46
1988-02-14,30.57,14.27,20.88,0.0,0.46
1988-02-15,29.68,13.53,21.68,0.0,0.46
1988-02-16,30.29,13.7,26.97,0.0,0.46
1988-02-17,30.16,13.47,32.76,0.02,0.46
1988-02-18,27.97,13.17,44.14,0.69,0.46
1988-02-19,29.39,12.16,37.59,0.0,0.46
1988-02-20,29.65,13.18,32.59,0.0,0.46
1988-02-21,29.07,13.39,38.77,0.0,0.46
1988-02-22,28.65,12.77,36.96,0.0,0.46
1988-02-23,30.25,13.11,31.7,0.0,0.46
1988-02-24,28.69,13.12,35.37,0.0,0.46
1988-02-25,23.8,13.49,57.25,0.0,0.46
1988-02-26,27.16,12.38,54.33,0.0,0.46
1988-02-27,28.43,12.03,49.81,0.0,0.46
1988-02-28,31.46,15.49,43.36,0.0,0.46
1988-02-29,31.83,14.6,30.37,0.0,0.46
1988-03-01,31.03,14.73,30.07,0.05,0.46
1988-03-02,27.09,15.64,44.91,0.0,0.46
1988-03-03,28.48,14.89,45.93,0.0,0.46
1988-03-04,31.26,14.15,40.7,0.0,0.46
1988-03-05,30.14,14.0,32.75,0.0,0.46
1988-03-06,29.78,14.2,32.44,0.0,0.46
1988-03-07,30.4,15.4,26.12,0.0,0.46
1988-03-08,30.06,16.44,25.49,0.0,0.46
1988-03-09,30.29,16.65,32.43,0.0,0.46
1988-03-10,26.52,16.14,45.56,0.0,0.46
1988-03-11,29.7,15.58,45.74,0.0,0.46
1988-03-12,31.81,16.7,34.5,0.0,0.46
1988-03-13,32.09,14.88,33.31,0.0,0.46
1988-03-14,32.13,14.84,35.34,0.0,0.46
1988-03-15,30.96,14.66,42.49,0.0,0.46
1988-03-16,33.37,15.61,39.1,0.0,0.46
1988-03-17,33.71,16.65,24.38,0.0,0.46
1988-03-18,34.78,17.38,17.71,0.0,0.46
1988-03-19,34.31,15.71,20.58,0.0,0.46
1988-03-20,32.19,14.66,29.39,0.3,0.46
1988-03-21,30.89,13.83,33.24,0.0,0.46
1988-03-22,31.49,13.31,40.22,0.0,0.46
1988-03-23,31.65,14.71,14.2,0.0,0.46
1988-03-24,30.86,14.12,15.39,0.0,0.46
1988-03-25,33.07,12.15,18.34,0.0,0.46
1988-03-26,33.57,16.19,18.93,0.0,0.46
1988-03-27,31.98,13.83,29.44,0.0,0.46
1988-03-28,32.48,14.46,34.41,0.0,0.46
1988-03-29,32.64,15.15,42.55,0.0,0.46
1988-03-30,32.5,15.41,43.47,0.0,0.46
1988-03-31,32.92,14.64,38.31,0.0,0.46
1988-04-01,32.91,14.91,36.9,0.0,0.46
1988-04-02,33.56,16.74,32.05,0.0,0.46
1988-04-03,34.09,18.58,28.51,0.0,0.46
1988-04-04,34.71,17.3,31.72,0.0,0.46
1988-04-05,34.54,17.84,32.59,0.0,0.46
1988-04-06,36.35,17.86,32.96,0.0,0.46
1988-04-07,37.18,20.13,26.91,0.0,0.46
1988-04-08,37.3,21.86,26.69,0.0,0.46
1988-04-09,34.93,21.06,32.44,0.01,0.46
1988-04-10,34.82,20.1,34.1,0.15,0.46
1988-04-11,35.22,18.67,35.51,0.08,0.46
1988-04-12,34.28,19.76,35.41,0.05,0.46
1988-04-13,33.59,19.63,35.18,1.64,0.46
1988-04-14,33.19,17.44,41.59,0.66,0.46
1988-04-15,29.62,17.79,56.43,1.24,0.46
1988-04-16,26.25,17.62,62.69,0.18,0.46
1988-04-17,28.04,17.2,61.18,0.41,0.46
1988-04-18,25.96,16.96,63.92,1.25,0.46
1988-04-19,26.01,16.91,68.92,2.91,0.47
1988-04-20,30.11,16.52,63.94,0.3,0.47
1988-04-21,32.06,16.13,53.94,0.03,0.47
1988-04-22,28.16,19.17,57.31,0.26,0.47
1988-04-23,32.35,18.8,48.74,0.34,0.46
1988-04-24,33.08,17.61,48.71,1.07,0.46
1988-04-25,33.17,19.54,43.42,0.06,0.46
1988-04-26,31.93,19.68,49.76,0.69,0.46
1988-04-27,30.91,19.07,46.72,1.99,0.47
1988-04-28,29.46,19.82,49.14,2.6,0.47
1988-04-29,30.37,18.96,50.7,0.24,0.47
1988-04-30,26.08,19.02,67.11,1.47,0.47
1988-05-01,25.18,18.22,70.81,0.41,0.47
1988-05-02,28.04,17.19,68.38,3.09,0.47
1988-05-03,31.31,18.29,62.86,0.18,0.47
1988-05-04,30.38,20.04,63.97,0.98,0.47
1988-05-05,27.86,19.82,74.33,19.49,0.49
1988-05-06,29.56,19.24,74.54,6.63,0.51
1988-05-07,31.55,18.28,68.31,1.27,0.51
1988-05-08,31.41,19.13,64.94,0.03,0.5
1988-05-09,32.02,19.11,61.14,0.14,0.49
1988-05-10,31.57,18.71,61.88,0.22,0.49
1988-05-11,33.78,19.54,59.51,0.0,0.48
1988-05-12,32.74,19.71,60.09,0.9,0.48
1988-05-13,28.9,20.36,68.33,1.56,0.48
1988-05-14,28.09,20.03,72.78,5.4,0.48
1988-05-15,25.7,19.28,80.75,10.78,0.49
1988-05-16,25.92,18.69,80.17,10.83,0.51
1988-05-17,24.92,18.52,82.4,14.1,0.53
1988-05-18,28.12,18.25,78.82,5.03,0.54
1988-05-19,27.5,19.76,83.69,1.98,0.53
1988-05-20,30.2,18.21,76.04,2.26,0.53
1988-05-21,30.84,20.14,71.8,0.51,0.52
1988-05-22,29.43,19.94,77.19,4.68,0.51
1988-05-23,29.27,19.79,72.72,0.04,0.51
1988-05-24,30.45,18.49,72.96,0.04,0.5
1988-05-25,30.12,19.52,72.6,0.18,0.5
1988-05-26,30.36,19.73,70.48,0.01,0.49
1988-05-27,30.94,20.21,68.3,0.0,0.49
1988-05-28,31.9,20.16,65.86,0.19,0.49
1988-05-29,33.57,19.41,61.2,0.02,0.48
1988-05-30,32.8,20.75,62.09,0.07,0.48
1988-05-31,28.41,20.78,72.66,0.87,0.48
1988-06-01,25.53,19.63,84.73,25.06,0.5
1988-06-02,24.34,17.45,78.83,16.12,0.53
1988-06-03,21.43,15.51,84.76,6.7,0.56
1988-06-04,25.92,17.5,85.84,1.96,0.55
1988-06-05,26.69,18.67,82.2,6.23,0.55
1988-06-06,25.2,17.56,82.17,6.47,0.55
1988-06-07,26.44,16.42,78.51,3.91,0.55
1988-06-08,28.4,17.95,77.95,0.74,0.54
1988-06-09,25.14,18.25,82.45,1.47,0.53
1988-06-10,27.76,17.45,82.0,1.36,0.53
1988-06-11,24.0,19.4,83.72,0.06,0.52
1988-06-12,28.03,19.12,75.2,0.14,0.52
1988-06-13,27.81,17.24,76.16,0.7,0.51
1988-06-14,29.9,18.12,74.32,1.54,0.51
1988-06-15,29.65,19.03,71.79,0.03,0.51
1988-06-16,30.22,19.14,70.29,0.11,0.5
1988-06-17,27.71,20.25,75.41,0.07,0.5
1988-06-18,30.32,19.7,71.7,0.19,0.5
1988-06-19,27.92,20.52,74.36,0.28,0.49
1988-06-20,28.33,20.1,79.36,1.66,0.49
1988-06-21,28.52,19.0,76.07,3.07,0.49
1988-06-22,29.5,19.29,77.64,5.99,0.5
1988-06-23,30.65,18.95,69.94,0.27,0.5
1988-06-24,28.66,18.93,75.25,5.47,0.5
1988-06-25,25.51,19.28,84.91,6.37,0.51
1988-06-26,28.05,19.42,79.41,5.96,0.52
1988-06-27,28.02,18.75,78.87,0.39,0.52
1988-06-28,29.05,18.5,78.62,2.62,0.51
1988-06-29,29.46,18.97,76.9,1.3,0.51
1988-06-30,28.31,20.34,79.93,0.35,0.51
1988-07-01,27.07,19.91,80.96,1.38,0.51
1988-07-02,24.81,19.15,85.17,4.26,0.51
1988-07-03,27.53,19.06,76.91,0.05,0.51
1988-07-04,26.69,19.23,79.35,0.79,0.51
1988-07-05,28.49,18.54,74.33,0.2,0.5
1988-07-06,26.44,19.25,78.81,0.07,0.5
1988-07-07,28.44,18.77,74.51,0.85,0.5
1988-07-08,25.46,19.77,83.36,3.98,0.5
1988-07-09,28.21,19.53,76.69,0.1,0.5
1988-07-10,27.72,19.23,78.27,2.6,0.5
1988-07-11,28.55,20.14,77.89,0.18,0.5
1988-07-12,30.38,20.78,72.33,0.44,0.5
1988-07-13,28.37,20.19,80.59,8.44,0.5
1988-07-14,29.18,20.19,78.12,2.64,0.51
1988-07-15,29.87,19.24,77.02,0.66,0.51
1988-07-16,30.65,19.52,77.29,2.66,0.51
1988-07-17,26.95,18.79,77.19,7.78,0.51
1988-07-18,27.13,18.34,79.77,1.4,0.52
1988-07-19,28.84,18.43,75.3,1.2,0.51
1988-07-20,31.25,19.16,73.27,0.45,0.51
1988-07-21,27.97,20.68,77.54,0.5,0.5
1988-07-22,25.41,19.58,82.89,3.39,0.5
1988-07-23,27.23,18.69,80.31,2.86,0.51
1988-07-24,26.98,19.01,81.99,2.9,0.51
1988-07-25,25.38,19.02,81.18,0.8,0.51
1988-07-26,29.56,18.6,75.62,0.02,0.51
1988-07-27,29.48,18.99,71.3,0.0,0.5
1988-07-28,32.6,19.47,68.43,0.24,0.5
1988-07-29,30.16,19.8,77.49,3.49,0.5
1988-07-30,26.1,20.64,85.68,2.31,0.5
1988-07-31,24.74,20.4,89.96,4.62,0.5
1988-08-01,27.38,20.01,80.29,1.15,0.51
1988-08-02,26.75,20.95,80.01,0.16,0.51
1988-08-03,29.17,19.72,75.38,0.27,0.5
1988-08-04,29.49,19.3,77.47,3.0,0.5
1988-08-05,28.13,19.93,78.96,0.69,0.5
1988-08-06,27.18,20.37,83.51,0.83,0.5
1988-08-07,27.73,20.0,80.56,1.22,0.5
1988-08-08,27.61,19.96,79.64,0.44,0.5
1988-08-09,27.29,19.0,78.33,1.11,0.5
1988-08-10,27.43,19.4,76.69,0.9,0.5
1988-08-11,27.75,19.08,79.58,2.57,0.5
1988-08-12,30.01,19.16,73.08,1.46,0.5
1988-08-13,29.09,19.07,74.22,1.47,0.49
1988-08-14,27.44,19.27,83.93,5.2,0.5
1988-08-15,28.82,19.13,81.02,3.32,0.5
1988-08-16,31.23,19.72,77.4,1.45,0.5
1988-08-17,30.77,19.83,72.61,0.44,0.5
1988-08-18,30.5,19.63,69.41,0.12,0.5
1988-08-19,30.76,19.85,72.29,0.58,0.49
1988-08-20,29.21,20.2,77.61,3.59,0.49
1988-08-21,27.08,19.63,78.51,0.28,0.49
1988-08-22,26.86,19.91,75.74,0.07,0.49
1988-08-23,27.06,19.63,75.4,0.07,0.49
1988-08-24,28.98,19.06,71.65,0.44,0.49
1988-08-25,29.69,19.74,71.35,0.42,0.49
1988-08-26,30.19,19.63,73.78,0.88,0.49
1988-08-27,28.47,20.39,74.6,0.86,0.49
1988-08-28,28.17,20.13,79.33,2.04,0.49
1988-08-29,27.37,19.5,76.57,1.28,0.49
1988-08-30,28.97,19.01,76.97,5.91,0.49
1988-08-31,26.05,19.47,82.14,0.86,0.5
1988-09-01,28.05,19.97,83.52,3.97,0.5
1988-09-02,28.36,19.32,77.77,0.69,0.5
1988-09-03,29.45,19.27,72.51,0.21,0.5
1988-09-04,30.55,18.48,66.64,0.26,0.49
1988-09-05,29.98,19.12,71.93,1.95,0.49
1988-09-06,27.47,19.59,77.94,0.3,0.49
1988-09-07,25.11,18.89,77.31,1.16,0.49
1988-09-08,29.93,18.12,73.4,0.27,0.49
1988-09-09,29.96,19.57,71.16,0.1,0.49
1988-09-10,29.44,20.29,75.74,4.63,0.49
1988-09-11,26.86,20.32,85.21,14.74,0.51
1988-09-12,27.72,19.84,80.79,0.48,0.52
1988-09-13,27.75,19.53,78.66,0.23,0.51
1988-09-14,27.5,19.38,82.77,1.7,0.51
1988-09-15,23.95,18.97,86.56,0.59,0.51
1988-09-16,28.48,18.0,75.59,0.1,0.51
1988-09-17,27.94,18.19,75.27,0.41,0.5
1988-09-18,30.15,17.72,73.96,0.97,0.5
1988-09-19,30.76,19.15,69.28,0.01,0.5
1988-09-20,29.38,18.79,71.29,0.27,0.49
1988-09-21,29.74,17.91,75.72,0.06,0.49
1988-09-22,32.05,19.0,67.21,0.05,0.49
1988-09-23,32.13,18.42,64.34,0.32,0.49
1988-09-24,31.36,18.09,59.82,0.26,0.48
1988-09-25,31.78,19.1,59.4,0.28,0.48
1988-09-26,31.71,19.23,64.42,0.15,0.48
1988-09-27,29.57,20.75,72.62,0.48,0.48
1988-09-28,32.33,19.6,69.5,1.64,0.48
1988-09-29,30.04,20.0,75.88,0.89,0.48
1988-09-30,31.79,19.25,68.19,0.41,0.48
1988-10-01,31.15,18.68,70.77,1.84,0.48
1988-10-02,31.72,18.76,70.88,3.5,0.48
1988-10-03,30.13,19.77,74.38,2.94,0.48
1988-10-04,30.21,19.95,77.6,2.34,0.49
1988-10-05,28.21,19.66,84.21,13.18,0.5
1988-10-06,28.35,18.52,77.25,0.57,0.51
1988-10-07,29.58,18.66,75.2,0.53,0.5
1988-10-08,29.47,19.91,77.92,1.22,0.5
1988-10-09,28.29,19.94,79.69,3.05,0.5
1988-10-10,29.37,19.28,79.33,6.52,0.5
1988-10-11,29.84,17.57,71.86,0.21,0.51
1988-10-12,25.94,17.46,76.8,2.23,0.5
1988-10-13,28.51,18.37,80.53,9.74,0.51
1988-10-14,25.56,18.04,87.33,32.8,0.55
1988-10-15,26.44,19.18,86.92,3.47,0.57
1988-10-16,26.14,18.51,85.71,0.14,0.56
1988-10-17,27.22,16.8,83.07,0.81,0.55
1988-10-18,25.64,18.98,84.15,5.36,0.55
1988-10-19,25.42,18.87,84.53,0.23,0.54
1988-10-20,26.32,18.07,79.35,0.01,0.53
1988-10-21,25.28,17.39,78.95,0.01,0.53
1988-10-22,27.19,18.56,76.91,0.01,0.52
1988-10-23,28.54,18.17,71.51,1.9,0.52
1988-10-24,28.18,19.62,70.52,0.24,0.52
1988-10-25,25.1,18.13,75.16,0.02,0.51
1988-10-26,27.14,16.56,68.66,0.0,0.51
1988-10-27,27.59,15.63,64.74,0.0,0.5
1988-10-28,26.85,14.07,61.13,0.0,0.5
1988-10-29,26.44,12.85,57.94,0.0,0.5
1988-10-30,25.93,14.23,58.64,0.0,0.49
1988-10-31,27.89,12.49,58.96,0.0,0.49
1988-11-01,28.07,12.88,61.68,0.0,0.49
1988-11-02,28.11,14.41,63.55,0.0,0.49
1988-11-03,27.92,15.5,69.52,0.02,0.49
1988-11-04,27.35,16.73,70.56,0.07,0.49
1988-11-05,27.16,15.32,61.32,0.05,0.48
1988-11-06,26.76,13.63,59.72,0.0,0.48
1988-11-07,27.04,12.22,55.45,0.0,0.48
1988-11-08,28.46,11.86,52.59,0.0,0.48
1988-11-09,28.78,13.2,54.83,0.0,0.48
1988-11-10,26.93,13.74,56.88,0.0,0.48
1988-11-11,25.84,12.93,52.98,0.0,0.48
1988-11-12,26.47,10.64,49.26,0.0,0.48
1988-11-13,26.52,12.97,51.7,0.0,0.48
1988-11-14,22.94,15.22,64.33,0.01,0.48
1988-11-15,26.02,14.89,69.32,3.7,0.48
1988-11-16,25.36,14.64,75.1,1.62,0.48
1988-11-17,21.4,12.13,73.08,16.32,0.49
1988-11-18,17.73,13.55,91.61,17.62,0.53
1988-11-19,17.97,13.39,89.91,1.09,0.55
1988-11-20,20.93,13.77,84.19,0.07,0.54
1988-11-21,24.38,12.07,78.51,0.04,0.53
1988-11-22,25.46,13.64,76.1,0.0,0.53
1988-11-23,25.41,15.34,75.75,0.58,0.52
1988-11-24,25.0,14.99,78.87,0.07,0.52
1988-11-25,26.84,14.23,75.18,0.0,0.51
1988-11-26,24.85,15.54,79.18,0.08,0.51
1988-11-27,24.47,16.37,80.62,0.58,0.51
1988-11-28,24.61,15.1,79.59,0.86,0.51
1988-11-29,24.72,12.53,74.76,0.02,0.5
1988-11-30,26.04,11.56,71.58,0.18,0.5
1988-12-01,26.36,13.62,69.11,0.0,0.5
1988-12-02,26.38,12.92,67.61,0.0,0.5
1988-12-03,26.34,14.88,66.52,0.01,0.49
1988-12-04,26.64,12.28,69.45,0.0,0.49
1988-12-05,25.3,13.07,63.27,0.0,0.49
1988-12-06,24.7,13.29,68.44,0.0,0.49
1988-12-07,24.5,11.68,69.04,0.0,0.49
1988-12-08,25.7,11.87,67.18,0.0,0.49
1988-12-09,23.5,14.1,73.06,0.0,0.49
1988-12-10,24.53,13.36,68.77,0.0,0.49
1988-12-11,25.06,11.08,64.17,0.0,0.48
1988-12-12,24.03,12.58,66.58,0.0,0.48
1988-12-13,24.4,11.38,71.3,0.0,0.48
1988-12-14,24.57,12.24,69.0,0.0,0.48
1988-12-15,24.51,12.5,70.3,0.0,0.48
1988-12-16,22.44,13.97,75.16,0.0,0.48
1988-12-17,21.87,11.7,74.63,0.0,0.48
1988-12-18,24.34,9.92,68.97,0.0,0.48
1988-12-19,25.6,11.12,62.3,0.0,0.48
1988-12-20,26.52,11.04,57.63,0.0,0.48
1988-12-21,26.96,11.63,54.84,0.0,0.48
1988-12-22,26.71,13.02,49.83,0.0,0.48
1988-12-23,26.51,11.47,50.94,0.0,0.48
1988-12-24,26.44,11.01,48.03,0.0,0.48
1988-12-25,27.34,11.08,43.61,0.0,0.48
1988-12-26,24.92,10.98,57.13,0.0,0.48
1988-12-27,23.36,13.0,67.28,0.0,0.48
1988-12-28,25.62,12.5,62.97,0.01,0.48
1988-12-29,24.63,12.64,59.61,0.17,0.48
1988-12-30,24.54,11.39,66.75,0.0,0.47
1988-12-31,24.95,11.16,64.16,0.0,0.47
1989-01-01,25.44,10.46,60.64,0.0,0.47
1989-01-02,25.36,10.99,52.24,0.0,0.47
1989-01-03,24.68,10.31,53.33,0.01,0.47
1989-01-04,23.82,10.17,51.26,2.95,0.47
1989-01-05,23.99,9.16,42.62,0.04,0.48
1989-01-06,24.53,8.17,36.68,0.0,0.48
1989-01-07,25.23,9.63,38.01,0.0,0.48
1989-01-08,26.35,10.39,36.09,0.0,0.47
1989-01-09,26.53,10.44,31.82,0.0,0.47
1989-01-10,25.88,7.6,33.18,0.0,0.47
1989-01-11,25.59,6.72,40.62,0.0,0.47
1989-01-12,25.02,8.07,43.24,0.0,0.47
1989-01-13,26.1,9.3,32.21,0.0,0.47
1989-01-14,26.97,7.76,26.65,0.0,0.47
1989-01-15,25.7,7.99,36.09,0.0,0.47
1989-01-16,26.07,8.38,47.46,0.0,0.47
1989-01-17,24.4,9.11,50.58,0.0,0.47
1989-01-18,25.03,9.27,35.53,0.0,0.47
1989-01-19,24.78,7.65,31.55,0.0,0.47
1989-01-20,25.32,6.89,32.17,0.0,0.47
1989-01-21,25.34,8.56,27.79,0.0,0.47
1989-01-22,26.49,8.39,29.19,0.0,0.47
1989-01-23,25.86,7.8,42.01,0.0,0.47
1989-01-24,24.79,8.87,60.78,1.61,0.47
1989-01-25,25.78,8.3,53.78,0.16,0.47
1989-01-26,26.76,9.23,30.81,0.0,0.47
1989-01-27,27.42,9.74,36.62,0.0,0.47
1989-01-28,27.21,9.92,40.96,0.0,0.47
1989-01-29,26.64,10.17,39.57,0.0,0.47
1989-01-30,26.64,10.35,32.61,0.0,0.47
1989-01-31,27.42,10.98,31.45,0.0,0.47
1989-02-01,27.33,10.48,34.65,0.0,0.47
1989-02-02,27.58,10.48,27.69,0.0,0.47
1989-02-03,28.47,9.15,28.31,0.0,0.47
1989-02-04,27.4,8.94,36.65,0.0,0.47
1989-02-05,26.67,9.18,47.79,0.0,0.47
1989-02-06,27.1,9.67,46.09,0.0,0.47
1989-02-07,27.91,10.26,43.92,0.0,0.47
1989-02-08,28.82,11.37,42.42,0.0,0.47
1989-02-09,27.59,12.3,32.91,0.0,0.47
1989-02-10,28.88,9.69,30.25,0.0,0.46
1989-02-11,29.12,10.86,25.42,0.0,0.46
1989-02-12,27.8,10.51,31.98,0.0,0.46
1989-02-13,26.16,10.36,39.25,0.05,0.46
1989-02-14,25.27,9.9,48.26,0.0,0.46
1989-02-15,26.13,9.42,47.38,0.06,0.46
1989-02-16,26.06,9.87,56.87,0.0,0.46
1989-02-17,28.58,11.1,45.58,0.0,0.46
1989-02-18,29.51,9.74,33.02,0.0,0.46
1989-02-19,30.55,11.66,30.16,0.0,0.46
1989-02-20,27.15,9.78,34.43,0.0,0.46
1989-02-21,26.61,9.55,45.2,0.0,0.46
1989-02-22,27.81,9.21,31.79,0.0,0.46
1989-02-23,28.02,10.68,25.78,0.0,0.46
1989-02-24,29.29,9.79,22.08,0.0,0.46
1989-02-25,31.07,10.47,21.65,0.0,0.46
1989-02-26,30.63,14.28,21.67,0.0,0.46
1989-02-27,30.5,12.78,28.2,0.0,0.46
1989-02-28,29.61,13.29,27.4,0.0,0.46
1989-03-01,30.51,13.42,22.25,0.0,0.46
1989-03-02,29.76,11.86,26.27,0.0,0.46
1989-03-03,31.38,13.9,24.93,0.0,0.46
1989-03-04,31.79,13.83,27.8,0.0,0.46
1989-03-05,31.79,13.55,20.71,0.0,0.46
1989-03-06,31.63,13.91,16.52,0.0,0.46
1989-03-07,31.66,13.19,20.03,0.0,0.46
1989-03-08,30.61,12.35,30.41,0.0,0.46
1989-03-09,30.37,12.5,41.39,0.0,0.46
1989-03-10,30.05,12.76,41.68,0.0,0.46
1989-03-11,31.2,14.7,39.97,0.0,0.46
1989-03-12,27.59,15.56,43.26,0.1,0.46
1989-03-13,30.14,13.88,40.7,0.0,0.46
1989-03-14,30.8,14.36,38.35,0.0,0.46
1989-03-15,30.84,15.46,36.88,0.04,0.46
1989-03-16,31.45,16.05,30.39,0.03,0.46
1989-03-17,31.19,15.67,29.04,0.0,0.46
1989-03-18,30.86,16.42,26.86,0.0,0.46
1989-03-19,31.59,16.64,26.37,0.0,0.46
1989-03-20,30.26,16.46,27.76,0.24,0.46
1989-03-21,30.05,14.19,30.99,0.44,0.46
1989-03-22,30.64,14.36,44.36,0.19,0.46
1989-03-23,31.45,14.62,47.0,0.07,0.46
1989-03-24,30.95,14.65,54.02,0.0,0.46
1989-03-25,32.18,16.3,51.24,0.0,0.46
1989-03-26,33.32,16.89,41.28,0.0,0.46
1989-03-27,34.28,18.37,34.45,0.0,0.46
1989-03-28,32.35,16.91,41.03,0.2,0.46
1989-03-29,31.55,16.41,39.18,0.2,0.46
1989-03-30,29.01,16.36,45.63,1.53,0.46
1989-03-31,28.71,15.32,51.74,0.75,0.46
1989-04-01,31.12,14.13,35.44,0.0,0.46
1989-04-02,30.78,14.14,48.77,0.32,0.46
1989-04-03,31.81,15.17,49.3,0.04,0.46
1989-04-04,32.0,16.61,49.57,0.0,0.46
1989-04-05,32.37,16.04,42.8,0.0,0.46
1989-04-06,33.96,18.54,31.21,0.0,0.46
1989-04-07,34.27,16.52,34.4,0.0,0.46
1989-04-08,33.96,15.66,33.44,0.0,0.46
1989-04-09,34.55,16.7,28.15,0.0,0.46
1989-04-10,34.44,16.25,39.41,0.0,0.46
1989-04-11,32.79,16.41,46.57,0.0,0.46
1989-04-12,32.66,15.62,42.37,0.0,0.46
1989-04-13,34.04,17.24,36.34,0.0,0.46
1989-04-14,34.24,16.71,37.45,0.0,0.46
1989-04-15,35.77,17.81,28.96,0.0,0.46
1989-04-16,33.95,16.44,33.7,0.0,0.46
1989-04-17,35.64,17.13,31.53,0.0,0.46
1989-04-18,34.72,17.97,28.1,0.0,0.46
1989-04-19,35.49,17.85,33.59,0.0,0.46
1989-04-20,35.48,17.9,37.17,0.0,0.46
1989-04-21,35.01,18.81,32.66,0.0,0.46
1989-04-22,34.15,18.91,37.27,0.4,0.46
1989-04-23,35.86,18.68,35.76,0.0,0.46
1989-04-24,33.31,21.13,39.78,0.27,0.46
1989-04-25,33.99,18.67,43.23,3.72,0.46
1989-04-26,33.9,17.52,45.55,0.37,0.47
1989-04-27,31.95,18.02,50.19,0.01,0.46
1989-04-28,32.47,16.98,50.24,0.06,0.46
1989-04-29,30.57,17.72,52.34,0.08,0.46
1989-04-30,29.53,18.24,54.32,0.44,0.46
1989-05-01,31.57,18.13,52.59,0.0,0.46
1989-05-02,33.12,18.65,49.23,0.0,0.46
1989-05-03,33.85,18.41,47.39,0.01,0.46
1989-05-04,33.93,18.96,47.37,0.0,0.46
1989-05-05,33.04,20.02,48.14,0.09,0.46
1989-05-06,35.36,19.51,46.51,0.18,0.46
1989-05-07,34.91,19.93,46.79,0.0,0.46
1989-05-08,35.24,19.41,49.07,0.01,0.46
1989-05-09,34.35,19.29,50.29,0.0,0.46
1989-05-10,35.06,20.11,43.57,0.07,0.46
1989-05-11,33.49,21.85,52.55,1.27,0.46
1989-05-12,24.35,19.97,75.03,2.6,0.46
1989-05-13,26.87,19.24,80.63,16.68,0.48
1989-05-14,26.28,19.41,82.68,15.46,0.51
1989-05-15,27.23,18.28,74.07,0.75,0.52
1989-05-16,27.69,18.68,73.89,0.04,0.51
1989-05-17,30.82,18.51,67.57,0.0,0.5
1989-05-18,30.8,19.86,68.86,0.07,0.5
1989-05-19,29.84,20.61,68.99,0.15,0.49
1989-05-20,30.43,20.7,65.23,0.03,0.49
1989-05-21,32.81,20.18,61.72,0.93,0.48
1989-05-22,34.45,20.26,59.97,0.0,0.48
1989-05-23,33.48,20.78,64.8,0.79,0.48
1989-05-24,33.12,20.3,59.58,0.61,0.48
1989-05-25,29.87,21.17,68.98,1.59,0.48
1989-05-26,30.85,19.63,68.41,0.59,0.47
1989-05-27,31.21,19.36,66.48,0.79,0.47
1989-05-28,31.76,19.91,60.86,3.08,0.47
1989-05-29,28.64,18.83,64.79,1.09,0.48
1989-05-30,32.24,18.94,59.51,0.0,0.47
1989-05-31,29.58,20.64,64.15,0.03,0.47
1989-06-01,28.32,20.65,68.29,0.15,0.47
1989-06-02,26.65,20.52,74.16,0.2,0.47
1989-06-03,29.48,20.2,68.94,0.5,0.47
1989-06-04,29.78,20.23,69.9,0.16,0.47
1989-06-05,27.2,20.55,74.58,0.45,0.47
1989-06-06,29.56,19.66,69.38,0.21,0.47
1989-06-07,31.39,20.36,65.75,0.12,0.47
1989-06-08,25.12,19.89,76.33,1.26,0.47
1989-06-09,27.85,19.35,71.4,0.4,0.47
1989-06-10,31.45,19.93,69.73,0.48,0.47
1989-06-11,29.54,19.69,69.34,1.65,0.47
1989-06-12,29.5,19.81,72.79,1.92,0.47
1989-06-13,28.42,19.69,72.64,1.15,0.47
1989-06-14,27.67,19.09,73.27,1.77,0.47
1989-06-15,26.85,18.21,73.86,5.3,0.48
1989-06-16,28.83,18.45,73.79,0.19,0.48
1989-06-17,30.3,18.59,67.48,0.03,0.48
1989-06-18,29.86,18.57,68.57,0.28,0.48
1989-06-19,30.83,18.78,68.43,1.16,0.47
1989-06-20,29.94,18.03,71.46,2.42,0.47
1989-06-21,29.23,18.59,69.98,0.0,0.47
1989-06-22,32.07,18.39,62.88,0.07,0.47
1989-06-23,27.0,20.41,70.64,0.86,0.47
1989-06-24,26.79,19.66,74.73,0.36,0.47
1989-06-25,30.05,19.12,67.35,0.32,0.47
1989-06-26,30.58,19.87,73.62,2.48,0.47
1989-06-27,29.96,20.46,72.1,0.18,0.47
1989-06-28,27.63,19.9,75.71,0.59,0.47
1989-06-29,27.76,18.95,74.47,1.09,0.47
1989-06-30,28.85,19.23,75.56,3.92,0.47
1989-07-01,26.64,19.09,74.87,1.22,0.48
1989-07-02,29.09,18.66,71.1,0.05,0.48
1989-07-03,29.6,18.44,70.0,0.17,0.47
1989-07-04,29.16,19.46,72.63,0.11,0.47
1989-07-05,26.78,20.4,77.53,0.75,0.47
1989-07-06,30.09,19.74,70.27,0.16,0.47
1989-07-07,24.52,19.8,80.77,0.3,0.47
1989-07-08,28.34,19.19,72.0,0.0,0.47
1989-07-09,31.33,20.04,61.0,0.01,0.47
1989-07-10,31.88,20.2,57.76,1.52,0.47
1989-07-11,29.32,20.13,79.76,12.94,0.48
1989-07-12,27.17,20.05,80.12,2.23,0.49
1989-07-13,27.19,19.4,82.41,5.35,0.5
1989-07-14,29.44,18.56,74.54,0.47,0.5
1989-07-15,31.14,19.57,69.74,0.02,0.49
1989-07-16,30.01,19.7,67.29,0.28,0.49
1989-07-17,28.99,19.77,71.81,1.77,0.49
1989-07-18,29.46,19.79,71.43,1.58,0.49
1989-07-19,30.25,20.14,75.53,1.25,0.48
1989-07-20,31.06,21.07,71.25,0.38,0.48
1989-07-21,30.31,20.57,73.85,0.89,0.48
1989-07-22,32.84,20.19,64.81,0.21,0.48
1989-07-23,31.9,19.49,66.42,1.04,0.48
1989-07-24,26.79,20.05,75.23,0.4,0.48
1989-07-25,25.13,19.84,80.56,1.89,0.48
1989-07-26,29.61,19.83,70.5,0.61,0.48
1989-07-27,27.29,19.36,71.67,0.35,0.48
1989-07-28,27.18,19.0,75.38,1.34,0.48
1989-07-29,28.88,18.45,76.33,5.62,0.48
1989-07-30,27.3,19.23,81.78,7.84,0.49
1989-07-31,25.62,18.71,85.36,7.06,0.5
1989-08-01,27.96,19.11,75.99,2.15,0.5
1989-08-02,29.82,18.39,69.79,0.2,0.5
1989-08-03,30.51,18.56,73.9,2.68,0.49
1989-08-04,28.35,19.78,80.62,3.19,0.49
1989-08-05,28.9,18.87,79.25,7.9,0.5
1989-08-06,26.14,19.21,79.04,0.7,0.5
1989-08-07,29.58,18.52,73.36,0.63,0.5
1989-08-08,25.5,19.21,80.35,1.49,0.5
1989-08-09,29.54,18.39,77.62,4.39,0.5
1989-08-10,29.13,19.75,75.98,0.8,0.5
1989-08-11,30.34,19.83,70.98,0.02,0.49
1989-08-12,29.92,19.45,72.83,0.03,0.49
1989-08-13,30.17,19.54,70.88,0.6,0.49
1989-08-14,24.91,19.63,81.21,1.82,0.49
1989-08-15,27.7,19.29,75.34,1.62,0.49
1989-08-16,28.74,19.21,71.53,0.25,0.48
1989-08-17,31.86,18.45,66.07,0.09,0.48
1989-08-18,28.41,20.19,70.58,0.0,0.48
1989-08-19,30.84,19.25,66.58,0.2,0.48
1989-08-20,24.83,20.2,83.72,5.23,0.48
1989-08-21,26.63,19.56,82.76,2.62,0.49
1989-08-22,26.66,19.9,78.29,0.07,0.49
1989-08-23,31.04,19.33,70.28,0.53,0.49
1989-08-24,32.98,20.14,65.76,0.06,0.48
1989-08-25,27.77,20.15,75.86,0.79,0.48
1989-08-26,25.27,19.8,81.83,0.82,0.48
1989-08-27,26.68,20.05,78.0,0.48,0.48
1989-08-28,28.62,19.84,76.01,0.57,0.48
1989-08-29,26.72,20.23,76.66,0.35,0.48
1989-08-30,30.41,19.19,76.04,1.8,0.48
1989-08-31,26.97,19.84,75.73,0.35,0.48
1989-09-01,29.59,18.91,71.63,0.01,0.48
1989-09-02,27.88,20.61,76.1,0.26,0.48
1989-09-03,29.76,20.44,71.57,0.52,0.48
1989-09-04,28.64,19.67,72.45,0.49,0.48
1989-09-05,25.68,19.14,77.88,0.81,0.47
1989-09-06,27.39,19.24,79.43,1.62,0.48
1989-09-07,30.22,18.81,75.66,2.77,0.48
1989-09-08,30.74,18.94,75.79,5.42,0.48
1989-09-09,29.17,20.07,75.9,2.46,0.49
1989-09-10,29.59,19.92,73.39,0.04,0.49
1989-09-11,27.23,20.06,74.49,0.13,0.48
1989-09-12,30.22,19.33,69.56,0.11,0.48
1989-09-13,29.6,19.5,69.27,0.81,0.48
1989-09-14,29.2,19.47,71.62,1.25,0.48
1989-09-15,33.11,19.98,64.19,0.07,0.48
1989-09-16,32.2,20.02,63.86,1.03,0.48
1989-09-17,29.39,19.04,67.11,1.56,0.48
1989-09-18,30.72,18.42,68.63,2.09,0.48
1989-09-19,31.05,20.06,66.81,0.31,0.48
1989-09-20,26.27,19.95,76.96,0.06,0.48
1989-09-21,30.36,18.81,70.68,0.03,0.47
1989-09-22,29.05,19.76,73.65,0.23,0.47
1989-09-23,25.09,19.57,83.6,1.34,0.47
1989-09-24,25.73,19.22,82.28,1.11,0.48
1989-09-25,25.28,18.52,80.84,2.53,0.48
1989-09-26,24.08,18.45,80.22,0.65,0.48
1989-09-27,29.61,17.3,67.77,0.15,0.48
1989-09-28,29.94,17.72,64.61,0.07,0.48
1989-09-29,29.3,20.16,68.86,0.87,0.48
1989-09-30,27.45,20.21,71.23,0.06,0.48
1989-10-01,29.01,19.89,70.38,0.3,0.47
1989-10-02,29.57,20.17,72.97,0.6,0.47
1989-10-03,31.56,18.36,66.02,0.08,0.47
1989-10-04,30.29,18.72,66.89,7.55,0.48
1989-10-05,28.07,18.28,79.98,3.66,0.49
1989-10-06,28.82,18.24,80.5,2.41,0.49
1989-10-07,28.14,18.86,79.8,1.73,0.49
1989-10-08,27.15,18.44,84.56,2.14,0.49
1989-10-09,28.77,17.61,76.1,0.67,0.49
1989-10-10,26.45,17.85,79.06,4.56,0.49
1989-10-11,29.06,18.94,72.99,0.63,0.49
1989-10-12,30.51,18.94,66.72,0.0,0.49
1989-10-13,30.7,17.75,63.79,0.08,0.48
1989-10-14,31.7,18.54,65.9,5.65,0.48
1989-10-15,27.68,18.57,80.34,3.16,0.49
1989-10-16,26.87,18.66,82.19,2.63,0.49
1989-10-17,28.39,18.62,77.74,0.58,0.49
1989-10-18,28.4,18.88,76.77,0.51,0.49
1989-10-19,26.76,19.1,76.54,1.01,0.49
1989-10-20,25.38,17.06,78.23,1.21,0.49
1989-10-21,26.53,15.99,73.23,1.4,0.49
1989-10-22,28.4,15.46,66.71,0.4,0.49
1989-10-23,27.6,15.79,66.65,0.0,0.48
1989-10-24,26.35,16.56,71.44,0.15,0.48
1989-10-25,27.07,17.28,74.53,0.67,0.48
1989-10-26,26.75,16.98,73.58,1.19,0.48
1989-10-27,29.51,16.84,69.38,0.34,0.48
1989-10-28,29.76,18.39,65.48,0.05,0.48
1989-10-29,28.4,18.3,67.44,0.07,0.48
1989-10-30,28.02,18.85,73.8,0.1,0.47
1989-10-31,26.35,18.78,72.62,1.05,0.47
1989-11-01,28.4,16.75,67.02,0.34,0.47
1989-11-02,26.49,17.07,64.7,0.13,0.47
1989-11-03,27.99,16.2,58.94,0.0,0.47
1989-11-04,28.89,14.98,45.81,0.0,0.47
1989-11-05,29.68,14.81,40.32,0.0,0.47
1989-11-06,29.72,14.89,37.62,0.0,0.47
1989-11-07,30.66,15.59,38.79,0.0,0.47
1989-11-08,30.5,15.03,43.29,0.0,0.47
1989-11-09,28.68,16.36,67.73,0.0,0.47
1989-11-10,29.11,18.01,63.15,0.0,0.47
1989-11-11,29.65,15.7,55.52,0.0,0.47
1989-11-12,29.19,16.71,54.32,0.0,0.47
1989-11-13,30.08,15.8,51.55,0.0,0.46
1989-11-14,29.6,14.99,51.2,0.0,0.46
1989-11-15,28.78,15.04,56.77,0.0,0.46
1989-11-16,26.28,15.82,65.92,0.0,0.46
1989-11-17,25.17,16.17,63.64,0.0,0.46
1989-11-18,28.18,15.84,47.14,0.08,0.46
1989-11-19,26.64,14.07,56.24,0.0,0.46
1989-11-20,22.0,14.56,77.46,0.0,0.46
1989-11-21,23.6,14.85,72.19,0.16,0.46
1989-11-22,23.85,14.87,71.55,2.42,0.47
1989-11-23,24.71,13.35,60.96,0.0,0.47
1989-11-24,26.33,12.38,61.1,0.0,0.47
1989-11-25,26.96,12.69,60.0,0.0,0.47
1989-11-26,27.48,12.68,55.85,0.0,0.47
1989-11-27,27.48,13.9,52.4,0.01,0.47
1989-11-28,25.58,12.46,66.63,1.54,0.47
1989-11-29,24.83,11.16,65.32,0.06,0.47
1989-11-30,23.86,11.21,63.54,0.01,0.47
1989-12-01,25.12,10.46,52.65,0.02,0.47
1989-12-02,24.09,9.74,46.21,0.02,0.47
1989-12-03,25.54,10.9,43.7,0.0,0.47
1989-12-04,25.83,10.75,39.74,0.0,0.47
1989-12-05,24.88,10.13,36.45,0.0,0.46
1989-12-06,26.06,10.58,28.54,0.0,0.46
1989-12-07,25.9,9.27,32.77,0.0,0.46
1989-12-08,26.54,9.35,43.43,0.0,0.46
1989-12-09,26.7,9.38,36.44,0.0,0.46
1989-12-10,26.31,9.46,30.97,0.0,0.46
1989-12-11,25.54,8.45,46.19,0.0,0.46
1989-12-12,24.85,9.28,56.44,0.0,0.46
1989-12-13,24.36,9.76,63.83,0.02,0.46
1989-12-14,22.51,11.78,68.17,0.04,0.46
1989-12-15,23.41,11.98,64.13,0.01,0.46
1989-12-16,21.58,11.18,67.04,0.14,0.46
1989-12-17,23.77,9.82,59.27,0.0,0.46
1989-12-18,24.18,8.5,53.65,0.0,0.46
1989-12-19,23.49,8.64,59.51,0.0,0.46
1989-12-20,23.65,8.11,56.22,0.0,0.46
1989-12-21,24.84,8.61,49.34,0.0,0.46
1989-12-22,24.56,9.83,41.87,0.0,0.46
1989-12-23,25.02,8.46,37.75,0.0,0.46
1989-12-24,25.39,8.53,32.07,0.0,0.46
1989-12-25,25.24,10.78,29.72,0.0,0.46
1989-12-26,26.38,8.59,31.35,0.0,0.46
1989-12-27,23.5,9.21,34.13,0.0,0.46
1989-12-28,25.37,10.49,44.37,0.0,0.46
1989-12-29,25.17,9.84,42.79,0.0,0.46
1989-12-30,25.79,10.06,33.34,0.0,0.46
1989-12-31,25.5,8.57,23.13,0.0,0.46
1990-01-01,26.52,10.48,21.98,0.0,0.46
1990-01-02,27.19,8.99,23.57,0.0,0.46
1990-01-03,27.9,9.97,26.3,0.0,0.46
1990-01-04,26.92,11.55,31.5,0.12,0.46
1990-01-05,26.99,11.96,36.16,0.0,0.46
1990-01-06,26.8,9.72,37.07,0.0,0.46
1990-01-07,27.26,10.6,31.29,0.0,0.46
1990-01-08,26.62,9.82,23.98,0.0,0.46
1990-01-09,26.45,9.26,21.0,0.0,0.46
1990-01-10,26.33,8.23,19.46,0.0,0.46
1990-01-11,25.89,5.83,20.19,0.0,0.46
1990-01-12,26.12,7.27,19.51,0.0,0.46
1990-01-13,26.21,7.67,23.17,0.0,0.46
1990-01-14,25.89,8.34,30.41,0.0,0.46
1990-01-15,27.17,9.82,30.35,0.0,0.46
1990-01-16,27.59,10.42,24.24,0.0,0.46
1990-01-17,26.43,10.33,24.74,0.0,0.46
1990-01-18,27.64,9.74,26.09,0.0,0.46
1990-01-19,27.97,9.89,27.89,0.01,0.46
1990-01-20,27.61,9.71,39.09,0.0,0.46
1990-01-21,27.21,12.27,37.99,0.0,0.46
1990-01-22,26.66,11.29,38.0,0.0,0.46
1990-01-23,27.21,12.44,35.46,0.0,0.46
1990-01-24,27.21,11.46,34.97,0.0,0.46
1990-01-25,26.94,11.04,38.62,0.0,0.46
1990-01-26,26.83,13.11,44.53,0.0,0.46
1990-01-27,25.73,11.11,53.59,0.0,0.46
1990-01-28,26.62,11.28,48.66,0.0,0.46
1990-01-29,27.62,10.92,48.29,0.0,0.46
1990-01-30,28.17,10.38,37.66,0.0,0.46
1990-01-31,29.63,10.94,34.5,0.0,0.46
1990-02-01,28.98,12.94,33.39,0.0,0.46
1990-02-02,26.88,11.62,32.22,0.0,0.46
1990-02-03,27.23,12.53,30.11,0.0,0.46
1990-02-04,27.68,12.0,29.77,0.0,0.46
1990-02-05,27.15,9.38,33.14,0.0,0.46
1990-02-06,28.61,10.55,32.16,0.0,0.46
1990-02-07,28.53,13.44,26.65,0.0,0.46
1990-02-08,28.71,12.59,23.27,0.0,0.46
1990-02-09,27.79,11.38,24.56,0.0,0.46
1990-02-10,30.25,14.5,23.24,0.0,0.46
1990-02-11,30.06,12.83,31.01,0.94,0.46
1990-02-12,28.18,15.24,31.4,0.06,0.46
1990-02-13,29.42,13.43,28.79,0.0,0.46
1990-02-14,28.69,12.93,24.47,0.0,0.46
1990-02-15,27.74,11.01,30.12,0.0,0.46
1990-02-16,24.72,13.98,49.49,0.12,0.46
1990-02-17,27.49,11.43,44.68,0.0,0.46
1990-02-18,27.13,10.11,42.98,0.0,0.46
1990-02-19,27.69,13.36,39.32,0.0,0.46
1990-02-20,25.15,13.28,45.07,0.04,0.46
1990-02-21,23.6,12.93,63.81,3.97,0.47
1990-02-22,23.31,13.16,65.36,0.83,0.47
1990-02-23,24.62,12.4,62.68,0.04,0.47
1990-02-24,27.32,11.47,44.96,0.0,0.47
1990-02-25,27.71,13.52,36.89,0.0,0.46
1990-02-26,27.38,11.45,37.36,0.06,0.46
1990-02-27,25.89,11.37,58.76,0.06,0.46
1990-02-28,29.32,12.99,48.47,0.01,0.46
1990-03-01,30.47,14.36,42.88,0.0,0.46
1990-03-02,28.81,14.01,48.46,0.1,0.46
1990-03-03,27.68,13.01,56.85,0.72,0.46
1990-03-04,26.89,12.49,60.36,0.12,0.46
1990-03-05,26.82,13.95,63.61,0.02,0.46
1990-03-06,28.71,13.2,45.49,0.0,0.46
1990-03-07,29.49,13.7,35.85,0.32,0.46
1990-03-08,23.82,14.08,53.63,0.19,0.46
1990-03-09,28.15,12.35,48.12,0.13,0.46
1990-03-10,28.82,12.69,36.58,0.0,0.46
1990-03-11,29.4,13.63,36.96,0.0,0.46
1990-03-12,28.13,13.79,40.4,0.33,0.46
1990-03-13,27.64,11.47,47.68,0.0,0.46
1990-03-14,25.55,12.37,41.8,0.01,0.46
1990-03-15,28.25,12.93,35.6,0.14,0.46
1990-03-16,30.65,12.59,28.84,0.01,0.46
1990-03-17,31.54,13.5,29.24,0.22,0.46
1990-03-18,32.13,13.72,32.42,0.0,0.46
1990-03-19,31.39,16.05,23.36,0.13,0.46
1990-03-20,30.4,13.41,27.25,0.0,0.46
1990-03-21,30.48,11.97,33.24,0.01,0.46
1990-03-22,30.95,13.84,41.16,0.0,0.46
1990-03-23,30.55,13.42,44.93,0.0,0.46
1990-03-24,31.5,15.11,46.31,0.0,0.46
1990-03-25,31.17,17.36,40.05,0.0,0.46
1990-03-26,27.77,15.73,42.35,0.01,0.46
1990-03-27,29.95,14.41,46.57,0.01,0.46
1990-03-28,30.33,16.64,41.76,0.04,0.46
1990-03-29,28.93,16.53,45.8,0.0,0.46
1990-03-30,31.32,15.58,42.04,0.0,0.46
1990-03-31,32.04,16.47,44.29,0.0,0.46
1990-04-01,32.61,15.07,39.81,0.0,0.46
1990-04-02,30.84,15.51,45.44,0.0,0.46
1990-04-03,29.4,16.13,48.31,0.0,0.46
1990-04-04,28.44,17.99,40.21,0.04,0.46
1990-04-05,29.94,17.11,37.32,0.08,0.46
1990-04-06,30.15,15.63,30.5,0.05,0.46
1990-04-07,31.75,14.11,25.35,0.0,0.46
1990-04-08,31.88,16.69,27.61,0.0,0.46
1990-04-09,31.4,15.33,41.07,0.0,0.46
1990-04-10,29.57,15.48,55.12,0.0,0.46
1990-04-11,31.29,15.86,52.71,0.0,0.46
1990-04-12,34.49,16.73,33.6,0.0,0.46
1990-04-13,33.76,16.72,39.3,0.0,0.46
1990-04-14,32.85,17.31,39.07,0.0,0.46
1990-04-15,33.33,16.97,39.18,0.0,0.46
1990-04-16,33.05,18.08,41.71,0.0,0.46
1990-04-17,31.9,17.93,43.36,0.0,0.46
1990-04-18,30.74,17.54,51.97,0.0,0.46
1990-04-19,32.41,18.83,52.58,0.32,0.46
1990-04-20,33.54,16.62,45.66,0.13,0.46
1990-04-21,31.86,16.9,52.0,0.4,0.46
1990-04-22,33.06,17.17,51.91,0.0,0.46
1990-04-23,33.39,19.04,46.11,0.0,0.46
1990-04-24,34.1,18.62,43.71,0.0,0.46
1990-04-25,35.4,18.81,36.62,0.02,0.46
1990-04-26,34.84,19.64,31.91,0.03,0.46
1990-04-27,32.5,19.07,39.4,0.2,0.46
1990-04-28,34.54,17.77,31.91,0.44,0.46
1990-04-29,33.37,18.74,34.85,0.13,0.46
1990-04-30,30.88,19.52,42.3,0.0,0.46
1990-05-01,33.55,19.72,36.31,0.14,0.46
1990-05-02,33.18,19.84,43.96,0.77,0.46
1990-05-03,31.8,19.85,48.92,3.98,0.46
1990-05-04,33.88,18.99,46.21,3.1,0.47
1990-05-05,30.06,21.22,58.84,0.99,0.47
1990-05-06,30.17,20.8,60.93,0.13,0.47
1990-05-07,29.27,19.5,57.93,0.01,0.47
1990-05-08,26.87,19.74,61.76,1.14,0.47
1990-05-09,27.75,18.55,55.09,0.77,0.47
1990-05-10,27.32,19.06,57.11,1.4,0.47
1990-05-11,30.35,18.41,54.23,0.32,0.47
1990-05-12,33.3,17.89,48.44,0.0,0.47
1990-05-13,30.97,20.25,53.31,0.02,0.46
1990-05-14,26.4,20.14,71.47,2.32,0.46
1990-05-15,24.99,18.62,79.8,7.5,0.47
1990-05-16,23.39,19.25,86.15,4.36,0.48
1990-05-17,24.52,18.56,80.21,12.67,0.5
1990-05-18,26.76,17.76,75.3,0.42,0.5
1990-05-19,26.27,18.98,80.42,8.26,0.5
1990-05-20,29.65,18.66,74.75,0.34,0.51
1990-05-21,27.67,18.9,75.95,0.82,0.5
1990-05-22,28.04,19.68,78.34,2.95,0.5
1990-05-23,29.43,19.69,80.96,6.16,0.5
1990-05-24,26.71,20.24,83.99,3.0,0.51
1990-05-25,28.8,19.4,81.45,3.98,0.51
1990-05-26,28.16,18.86,76.22,1.3,0.5
1990-05-27,30.22,19.14,71.15,0.42,0.5
1990-05-28,28.75,20.24,76.05,2.47,0.5
1990-05-29,30.12,19.72,70.64,5.22,0.5
1990-05-30,25.4,20.35,82.29,6.46,0.5
1990-05-31,27.07,20.25,80.39,0.61,0.51
1990-06-01,29.65,19.97,76.71,0.21,0.5
1990-06-02,26.53,20.1,81.28,0.23,0.5
1990-06-03,30.01,19.72,75.0,2.51,0.5
1990-06-04,27.17,19.58,77.89,0.15,0.49
1990-06-05,28.08,19.71,71.31,0.04,0.49
1990-06-06,30.02,19.76,66.32,0.01,0.49
1990-06-07,31.66,20.06,65.39,0.21,0.48
1990-06-08,27.35,20.69,75.61,1.23,0.48
1990-06-09,28.02,19.86,69.02,0.03,0.48
1990-06-10,29.28,19.4,71.17,0.22,0.48
1990-06-11,30.63,20.73,71.02,0.13,0.48
1990-06-12,29.04,19.66,72.15,0.32,0.48
1990-06-13,28.87,19.8,69.37,1.01,0.48
1990-06-14,28.9,19.37,76.73,2.04,0.48
1990-06-15,30.66,19.95,70.98,0.13,0.48
1990-06-16,28.41,20.05,74.49,0.16,0.48
1990-06-17,27.63,19.63,77.04,1.44,0.48
1990-06-18,29.89,20.1,70.25,0.08,0.48
1990-06-19,29.99,20.09,75.42,1.38,0.47
1990-06-20,29.16,20.03,75.19,0.14,0.47
1990-06-21,29.92,19.81,70.2,0.2,0.47
1990-06-22,30.66,20.45,70.97,1.58,0.47
1990-06-23,30.13,20.0,76.09,3.36,0.47
1990-06-24,27.75,20.6,76.2,1.02,0.48
1990-06-25,29.42,19.74,72.83,0.58,0.48
1990-06-26,29.35,19.69,73.33,1.12,0.48
1990-06-27,29.67,18.41,72.12,4.49,0.48
1990-06-28,28.38,18.42,73.5,0.06,0.48
1990-06-29,28.58,19.59,78.41,1.42,0.48
1990-06-30,27.31,20.33,81.14,4.83,0.48
1990-07-01,27.66,20.3,76.37,0.44,0.49
1990-07-02,25.84,20.78,80.49,3.54,0.49
1990-07-03,26.01,19.54,81.62,2.07,0.49
1990-07-04,26.5,19.18,79.32,3.49,0.49
1990-07-05,28.89,18.69,72.26,0.58,0.49
1990-07-06,31.3,19.09,70.31,0.05,0.49
1990-07-07,30.66,19.15,70.45,0.06,0.48
1990-07-08,28.85,20.12,72.18,0.22,0.48
1990-07-09,30.31,19.76,72.09,0.1,0.48
1990-07-10,31.1,20.35,70.71,0.19,0.48
1990-07-11,25.72,20.69,79.38,0.71,0.48
1990-07-12,28.55,19.76,73.79,0.41,0.48
1990-07-13,27.29,20.48,75.67,0.24,0.48
1990-07-14,26.85,19.99,71.2,0.13,0.47
1990-07-15,26.26,19.01,79.37,2.81,0.48
1990-07-16,26.83,18.6,78.48,0.97,0.48
1990-07-17,27.29,18.63,76.56,0.81,0.48
1990-07-18,27.9,19.33,75.39,0.44,0.48
1990-07-19,27.28,19.72,74.01,0.34,0.48
1990-07-20,27.23,18.34,77.78,4.97,0.48
1990-07-21,28.78,18.48,75.67,0.15,0.48
1990-07-22,26.4,19.39,74.62,0.09,0.48
1990-07-23,30.06,18.51,68.45,0.14,0.48
1990-07-24,29.72,19.31,75.66,0.42,0.48
1990-07-25,28.73,20.0,72.51,0.28,0.48
1990-07-26,26.75,19.41,76.47,1.35,0.48
1990-07-27,29.09,18.5,77.17,3.99,0.48
1990-07-28,28.18,19.75,76.27,4.21,0.48
1990-07-29,28.73,19.33,77.91,3.56,0.49
1990-07-30,27.88,20.26,81.36,7.09,0.5
1990-07-31,31.7,20.09,75.39,4.66,0.5
1990-08-01,26.3,19.31,77.84,0.54,0.5
1990-08-02,28.67,17.53,72.99,0.26,0.49
1990-08-03,27.02,18.73,79.61,3.46,0.49
1990-08-04,31.56,19.32,71.68,3.89,0.5
1990-08-05,31.61,19.61,70.69,0.23,0.49
1990-08-06,32.63,19.78,65.59,0.02,0.49
1990-08-07,32.22,19.41,65.83,0.02,0.48
1990-08-08,30.48,20.17,69.66,0.35,0.48
1990-08-09,29.12,20.23,70.35,0.08,0.48
1990-08-10,28.23,19.77,75.06,0.93,0.48
1990-08-11,26.81,19.55,76.24,0.54,0.48
1990-08-12,30.6,18.77,69.1,0.47,0.48
1990-08-13,30.73,19.81,68.75,0.25,0.48
1990-08-14,27.54,19.95,76.48,0.15,0.48
1990-08-15,26.62,19.4,76.1,0.1,0.48
1990-08-16,28.42,19.41,74.85,0.49,0.48
1990-08-17,31.89,18.71,65.7,0.0,0.47
1990-08-18,32.71,19.7,64.49,0.03,0.47
1990-08-19,33.04,20.59,60.97,0.15,0.47
1990-08-20,32.46,20.85,65.78,0.13,0.47
1990-08-21,31.91,19.29,65.94,0.03,0.47
1990-08-22,30.83,20.52,66.07,0.0,0.47
1990-08-23,28.89,20.89,69.62,0.0,0.47
1990-08-24,27.84,20.33,73.29,0.07,0.47
1990-08-25,29.44,20.57,74.59,0.29,0.47
1990-08-26,26.88,20.45,78.05,1.01,0.47
1990-08-27,31.74,19.53,65.68,0.04,0.47
1990-08-28,29.2,20.14,67.74,0.23,0.47
1990-08-29,32.74,18.66,69.56,4.67,0.47
1990-08-30,29.41,20.27,69.96,3.05,0.48
1990-08-31,30.63,20.0,70.55,2.82,0.48
1990-09-01,28.78,20.51,74.26,0.51,0.48
1990-09-02,26.3,19.24,81.33,1.98,0.48
1990-09-03,30.33,18.69,69.82,0.55,0.48
1990-09-04,29.78,17.16,77.65,14.36,0.49
1990-09-05,28.09,19.74,74.59,0.27,0.5
1990-09-06,28.06,19.57,77.37,0.52,0.5
1990-09-07,29.43,19.19,74.31,0.63,0.49
1990-09-08,27.38,19.43,76.74,0.6,0.49
1990-09-09,26.19,19.69,83.31,0.43,0.49
1990-09-10,30.83,18.08,72.27,0.08,0.49
1990-09-11,31.98,19.29,68.73,0.03,0.48
1990-09-12,29.2,19.4,70.48,0.04,0.48
1990-09-13,29.9,18.59,67.28,0.12,0.48
1990-09-14,30.31,19.61,68.79,1.03,0.48
1990-09-15,29.58,19.6,74.82,3.5,0.48
1990-09-16,31.01,19.1,73.93,2.31,0.48
1990-09-17,29.78,20.02,72.8,0.2,0.48
1990-09-18,30.32,19.24,64.46,0.06,0.48
1990-09-19,32.05,18.72,57.99,0.0,0.48
1990-09-20,32.85,19.09,57.27,0.0,0.48
1990-09-21,32.03,20.44,66.93,0.07,0.47
1990-09-22,29.84,20.74,66.79,0.22,0.47
1990-09-23,31.87,19.79,68.92,0.24,0.47
1990-09-24,29.41,20.06,69.52,1.67,0.47
1990-09-25,25.22,19.73,79.3,0.46,0.47
1990-09-26,30.75,18.72,70.31,0.41,0.47
1990-09-27,28.0,20.45,70.79,0.19,0.47
1990-09-28,26.94,19.64,71.43,0.51,0.47
1990-09-29,27.76,18.73,75.69,3.8,0.48
1990-09-30,28.37,19.2,76.71,3.89,0.48
1990-10-01,29.49,19.6,72.94,0.34,0.48
1990-10-02,27.8,18.47,73.65,0.01,0.48
1990-10-03,30.9,18.32,66.68,0.2,0.48
1990-10-04,30.24,19.57,63.58,0.03,0.48
1990-10-05,31.31,19.32,65.33,0.35,0.47
1990-10-06,29.92,18.99,75.67,2.45,0.47
1990-10-07,24.95,18.68,76.93,0.36,0.48
1990-10-08,29.79,17.07,64.92,0.23,0.47
1990-10-09,30.79,18.49,62.23,0.14,0.47
1990-10-10,30.24,19.32,67.32,0.03,0.47
1990-10-11,30.15,19.87,68.54,0.03,0.47
1990-10-12,25.33,20.08,74.74,0.11,0.47
1990-10-13,28.13,19.43,68.77,0.46,0.47
1990-10-14,30.74,17.98,60.52,0.0,0.47
1990-10-15,31.45,16.87,57.62,0.0,0.47
1990-10-16,31.13,18.33,56.07,0.0,0.47
1990-10-17,31.54,18.97,55.2,0.0,0.47
1990-10-18,31.75,19.13,55.72,0.0,0.47
1990-10-19,31.01,19.71,56.41,0.0,0.47
1990-10-20,32.05,21.04,48.44,0.11,0.47
1990-10-21,31.71,18.18,59.37,4.19,0.47
1990-10-22,30.42,19.35,62.76,0.05,0.47
1990-10-23,31.01,18.58,53.05,0.0,0.47
1990-10-24,32.42,17.02,41.2,0.0,0.47
1990-10-25,31.45,17.57,53.95,0.09,0.47
1990-10-26,29.49,19.0,65.54,0.1,0.47
1990-10-27,29.22,17.89,67.58,0.23,0.47
1990-10-28,28.85,17.31,62.89,0.01,0.47
1990-10-29,27.66,19.05,60.55,0.01,0.47
1990-10-30,26.0,18.48,68.13,0.03,0.47
1990-10-31,28.57,17.52,68.35,0.0,0.47
1990-11-01,27.07,18.94,68.29,0.0,0.47
1990-11-02,27.12,17.24,68.48,0.0,0.47
1990-11-03,29.1,17.91,63.97,0.0,0.47
1990-11-04,27.38,19.32,68.42,0.23,0.47
1990-11-05,23.55,17.99,81.95,2.13,0.47
1990-11-06,26.29,17.73,78.81,0.08,0.47
1990-11-07,26.68,17.42,77.71,1.5,0.47
1990-11-08,27.26,16.35,72.27,0.22,0.47
1990-11-09,26.95,10.87,72.21,2.25,0.47
1990-11-10,18.26,9.72,62.46,0.06,0.47
1990-11-11,23.41,11.0,52.73,0.0,0.47
1990-11-12,28.28,12.91,56.6,0.0,0.47
1990-11-13,30.02,14.34,58.34,0.0,0.47
1990-11-14,30.74,15.52,58.99,0.01,0.47
1990-11-15,29.71,15.89,59.18,0.0,0.47
1990-11-16,30.31,15.89,47.95,0.0,0.47
1990-11-17,30.22,15.37,44.64,0.0,0.47
1990-11-18,29.36,14.12,47.93,0.0,0.46
1990-11-19,29.64,15.85,45.94,0.0,0.46
1990-11-20,28.28,14.39,60.95,0.0,0.46
1990-11-21,28.25,16.15,72.33,0.03,0.46
1990-11-22,29.11,16.48,66.45,0.0,0.46
1990-11-23,24.44,18.09,73.49,0.0,0.46
1990-11-24,27.86,17.0,65.25,0.0,0.46
1990-11-25,27.94,17.13,61.99,0.0,0.46
1990-11-26,26.11,17.08,66.22,0.01,0.46
1990-11-27,27.2,16.6,63.18,0.01,0.46
1990-11-28,27.81,15.03,62.54,0.0,0.46
1990-11-29,27.41,13.6,59.39,0.0,0.46
1990-11-30,26.57,12.82,60.66,0.0,0.46
1990-12-01,22.7,13.09,67.42,0.02,0.46
1990-12-02,20.97,12.15,68.35,0.01,0.46
1990-12-03,23.73,10.92,60.21,0.02,0.46
1990-12-04,24.1,9.62,54.27,0.0,0.46
1990-12-05,23.96,8.37,55.49,0.0,0.46
1990-12-06,25.01,8.39,55.32,0.0,0.46
1990-12-07,25.4,9.52,54.0,0.0,0.46
1990-12-08,26.24,10.54,50.36,0.0,0.46
1990-12-09,27.1,10.74,47.45,0.0,0.46
1990-12-10,27.87,11.07,42.92,0.0,0.46
1990-12-11,28.29,10.79,48.66,0.0,0.46
1990-12-12,28.3,11.18,47.28,0.0,0.46
1990-12-13,27.77,12.42,37.09,0.0,0.46
1990-12-14,27.77,11.9,36.81,0.0,0.46
1990-12-15,25.32,13.53,64.93,0.0,0.46
1990-12-16,25.21,13.52,65.35,0.0,0.46
1990-12-17,26.66,15.39,59.47,0.0,0.46
1990-12-18,24.54,14.71,66.74,0.0,0.46
1990-12-19,26.26,13.03,70.9,0.0,0.46
1990-12-20,26.88,13.37,68.6,0.0,0.46
1990-12-21,26.86,11.44,52.77,0.0,0.46
1990-12-22,27.31,11.05,41.22,0.0,0.46
1990-12-23,26.23,12.08,35.53,0.0,0.46
1990-12-24,25.24,11.23,38.43,0.0,0.46
1990-12-25,26.02,10.45,36.98,0.0,0.46
1990-12-26,25.72,9.79,31.09,0.0,0.46
1990-12-27,25.99,11.63,28.13,0.0,0.46
1990-12-28,26.19,11.0,30.84,0.0,0.46
1990-12-29,26.73,11.44,33.59,0.0,0.46
1990-12-30,26.32,10.43,31.1,0.0,0.46
1990-12-31,26.26,10.88,30.09,0.0,0.46
1991-01-01,26.53,9.9,33.93,0.0,0.46
1991-01-02,26.63,11.14,34.84,0.0,0.46
1991-01-03,25.83,10.46,49.34,0.45,0.46
1991-01-04,24.83,11.37,72.26,0.01,0.46
1991-01-05,25.86,11.92,66.13,0.0,0.46
1991-01-06,26.22,8.35,45.47,0.0,0.46
1991-01-07,26.07,11.23,31.25,0.0,0.46
1991-01-08,26.69,7.85,29.1,0.0,0.46
1991-01-09,26.56,11.11,23.55,0.0,0.46
1991-01-10,27.0,11.4,24.25,0.0,0.46
1991-01-11,26.31,11.56,30.07,0.0,0.46
1991-01-12,26.78,10.61,36.65,0.0,0.46
1991-01-13,26.11,10.25,33.34,0.0,0.46
1991-01-14,26.78,10.88,34.83,0.0,0.46
1991-01-15,26.29,9.56,43.07,0.0,0.46
1991-01-16,26.23,11.68,38.12,0.0,0.46
1991-01-17,26.07,10.79,36.48,0.0,0.46
1991-01-18,26.62,11.31,39.43,0.0,0.46
1991-01-19,25.91,10.15,42.15,0.0,0.46
1991-01-20,25.29,9.97,34.46,0.0,0.46
1991-01-21,26.74,7.95,27.75,0.0,0.46
1991-01-22,25.56,11.19,24.24,0.0,0.46
1991-01-23,26.71,9.17,23.84,0.0,0.46
1991-01-24,27.29,10.25,21.71,0.0,0.46
1991-01-25,27.92,11.1,20.69,0.0,0.46
1991-01-26,28.18,10.08,21.84,0.0,0.46
1991-01-27,27.79,10.5,23.84,0.0,0.46
1991-01-28,28.14,10.96,22.5,0.0,0.46
1991-01-29,27.64,10.76,27.32,0.02,0.46
1991-01-30,26.51,11.83,40.52,0.0,0.46
1991-01-31,26.32,10.33,42.23,0.01,0.46
1991-02-01,27.17,11.95,37.52,0.0,0.46
1991-02-02,26.86,10.45,37.07,0.0,0.46
1991-02-03,25.9,10.31,39.3,0.0,0.46
1991-02-04,26.57,11.04,32.32,0.0,0.46
1991-02-05,26.15,10.06,40.19,0.0,0.46
1991-02-06,26.8,10.55,37.58,0.0,0.46
1991-02-07,28.87,11.21,30.64,0.0,0.46
1991-02-08,28.24,11.66,28.26,0.0,0.46
1991-02-09,28.25,11.42,28.54,0.0,0.46
1991-02-10,28.83,8.06,25.43,0.0,0.46
1991-02-11,29.64,10.88,24.07,0.0,0.46
1991-02-12,28.68,13.4,24.39,0.0,0.46
1991-02-13,28.76,10.82,34.01,0.0,0.46
1991-02-14,29.1,13.38,33.63,0.0,0.46
1991-02-15,28.37,12.01,22.44,0.0,0.46
1991-02-16,29.08,9.85,18.79,0.0,0.46
1991-02-17,31.03,9.02,17.08,0.0,0.46
1991-02-18,31.17,11.48,16.41,0.0,0.46
1991-02-19,31.29,14.05,17.71,0.0,0.46
1991-02-20,32.01,12.68,21.98,0.0,0.46
1991-02-21,31.01,14.67,21.96,0.0,0.46
1991-02-22,30.65,13.59,26.28,0.0,0.46
1991-02-23,30.88,13.92,31.46,0.0,0.46
1991-02-24,29.78,12.2,52.61,0.0,0.46
1991-02-25,30.48,13.36,37.64,0.0,0.46
1991-02-26,30.52,13.49,41.12,0.0,0.46
1991-02-27,29.83,13.52,42.12,0.0,0.46
1991-02-28,31.43,15.09,41.51,0.0,0.46
1991-03-01,29.97,15.22,37.16,0.0,0.46
1991-03-02,29.92,14.08,29.52,0.0,0.46
1991-03-03,31.22,15.6,28.68,0.0,0.46
1991-03-04,30.67,15.12,33.32,0.0,0.46
1991-03-05,31.37,15.89,28.01,0.0,0.46
1991-03-06,31.08,14.41,34.21,0.0,0.46
1991-03-07,29.73,13.45,51.71,0.0,0.46
1991-03-08,30.64,15.74,40.03,0.0,0.46
1991-03-09,32.42,15.11,29.48,0.0,0.46
1991-03-10,32.9,16.04,26.71,0.0,0.46
1991-03-11,33.27,16.19,20.08,0.0,0.46
1991-03-12,33.28,16.79,26.43,0.0,0.46
1991-03-13,34.01,17.76,30.4,0.0,0.46
1991-03-14,33.59,16.76,27.26,0.0,0.46
1991-03-15,33.85,16.66,27.42,0.0,0.46
1991-03-16,34.68,18.44,25.94,0.02,0.46
1991-03-17,34.84,19.35,27.3,0.02,0.46
1991-03-18,34.22,19.36,27.16,0.01,0.46
1991-03-19,33.22,16.93,27.56,0.0,0.46
1991-03-20,32.9,15.65,33.65,0.0,0.46
1991-03-21,33.37,15.05,37.61,0.0,0.46
1991-03-22,34.35,16.51,35.81,0.0,0.46
1991-03-23,33.49,17.24,39.09,0.0,0.46
1991-03-24,32.8,17.5,36.16,0.0,0.46
1991-03-25,32.07,18.12,41.42,0.0,0.46
1991-03-26,32.35,16.49,42.34,0.0,0.46
1991-03-27,33.77,16.79,35.61,0.0,0.46
1991-03-28,34.36,18.19,28.37,0.0,0.46
1991-03-29,33.58,17.41,33.1,0.0,0.46
1991-03-30,33.18,17.53,36.78,0.0,0.46
1991-03-31,33.07,16.49,35.52,0.22,0.46
1991-04-01,29.25,16.39,52.12,1.79,0.46
1991-04-02,28.83,16.75,57.41,0.24,0.46
1991-04-03,29.02,17.3,54.7,0.11,0.46
1991-04-04,31.48,16.36,49.77,1.58,0.46
1991-04-05,31.44,17.88,51.05,0.0,0.46
1991-04-06,30.86,19.19,51.61,0.02,0.46
1991-04-07,30.78,19.08,47.68,0.0,0.46
1991-04-08,31.35,18.4,43.35,0.0,0.46
1991-04-09,32.98,17.58,40.6,0.0,0.46
1991-04-10,31.7,17.53,40.1,0.0,0.46
1991-04-11,33.63,17.99,34.94,0.0,0.46
1991-04-12,34.67,17.95,34.4,0.0,0.46
1991-04-13,35.22,19.99,29.74,0.0,0.46
1991-04-14,35.64,19.36,26.54,0.0,0.46
1991-04-15,35.44,19.83,26.61,0.0,0.46
1991-04-16,35.7,18.6,34.94,0.0,0.46
1991-04-17,35.96,19.3,40.13,0.0,0.46
1991-04-18,35.57,21.15,28.75,0.0,0.46
1991-04-19,35.79,19.95,36.13,0.09,0.46
1991-04-20,34.53,19.76,36.85,0.04,0.46
1991-04-21,34.11,18.92,36.87,0.05,0.46
1991-04-22,33.49,17.92,39.9,0.0,0.46
1991-04-23,33.5,17.81,38.15,0.02,0.46
1991-04-24,31.98,21.08,41.99,0.99,0.46
1991-04-25,32.72,20.0,45.52,0.02,0.46
1991-04-26,26.07,19.7,64.81,0.28,0.46
1991-04-27,28.92,18.49,61.26,0.12,0.46
1991-04-28,32.1,19.22,57.15,0.18,0.46
1991-04-29,32.48,20.47,55.3,0.67,0.46
1991-04-30,25.48,19.38,73.72,4.01,0.46
1991-05-01,28.03,17.81,66.29,0.08,0.47
1991-05-02,32.68,16.78,58.38,0.02,0.46
1991-05-03,34.21,18.28,54.14,0.01,0.46
1991-05-04,34.32,19.21,48.29,0.4,0.46
1991-05-05,34.7,20.89,43.44,0.05,0.46
1991-05-06,33.65,18.92,44.48,0.01,0.46
1991-05-07,34.29,18.26,42.89,0.04,0.46
1991-05-08,35.28,18.88,46.9,0.12,0.46
1991-05-09,34.04,19.31,49.19,0.22,0.46
1991-05-10,34.26,18.72,45.76,0.01,0.46
1991-05-11,33.09,19.48,49.45,0.5,0.46
1991-05-12,33.77,19.39,46.47,0.0,0.46
1991-05-13,34.05,19.51,50.86,3.15,0.46
1991-05-14,33.42,20.93,46.66,0.0,0.46
1991-05-15,33.06,20.88,47.59,0.06,0.46
1991-05-16,33.7,19.71,44.69,1.32,0.46
1991-05-17,32.65,20.4,48.33,0.53,0.46
1991-05-18,32.2,19.35,52.61,0.03,0.46
1991-05-19,35.08,19.41,45.48,0.07,0.46
1991-05-20,35.03,20.46,42.02,0.15,0.46
1991-05-21,33.95,21.31,42.72,0.07,0.46
1991-05-22,33.13,21.08,48.23,0.23,0.46
1991-05-23,32.51,19.7,52.92,0.16,0.46
1991-05-24,32.35,19.76,54.14,1.12,0.46
1991-05-25,31.8,19.48,59.73,4.46,0.46
1991-05-26,34.08,20.75,50.57,0.08,0.47
1991-05-27,33.41,21.16,57.15,1.79,0.47
1991-05-28,31.94,20.05,62.08,0.91,0.47
1991-05-29,30.56,20.22,71.58,2.58,0.47
1991-05-30,27.2,20.51,72.86,0.59,0.47
1991-05-31,30.93,20.09,69.37,1.68,0.47
1991-06-01,31.88,20.68,68.17,1.2,0.47
1991-06-02,32.42,20.38,67.68,3.93,0.47
1991-06-03,31.63,20.94,68.51,6.86,0.47
1991-06-04,29.41,21.31,76.48,3.63,0.48
1991-06-05,27.26,20.53,80.57,7.72,0.49
1991-06-06,24.82,20.33,78.61,1.14,0.5
1991-06-07,28.61,19.57,76.33,1.08,0.49
1991-06-08,24.66,19.71,83.71,4.62,0.49
1991-06-09,25.78,19.54,83.81,2.67,0.5
1991-06-10,27.55,19.88,83.61,4.24,0.5
1991-06-11,25.56,19.58,85.81,5.26,0.5
1991-06-12,28.35,18.73,74.89,0.29,0.5
1991-06-13,27.36,18.73,76.35,1.83,0.5
1991-06-14,29.28,19.26,71.23,0.04,0.49
1991-06-15,29.75,19.87,70.58,0.02,0.49
1991-06-16,30.13,19.46,69.59,0.08,0.48
1991-06-17,28.51,19.98,75.5,0.78,0.48
1991-06-18,26.61,20.59,78.02,1.6,0.48
1991-06-19,24.24,19.53,78.03,0.05,0.48
1991-06-20,31.56,19.47,64.42,0.02,0.48
1991-06-21,30.63,20.35,66.17,0.06,0.48
1991-06-22,24.21,19.37,76.49,0.76,0.47
1991-06-23,28.68,18.3,76.1,0.71,0.48
1991-06-24,28.74,20.79,72.32,0.19,0.47
1991-06-25,27.36,19.9,74.62,0.47,0.47
1991-06-26,27.71,20.58,74.71,0.32,0.47
1991-06-27,29.99,19.7,73.36,0.3,0.47
1991-06-28,28.88,20.27,72.22,0.99,0.47
1991-06-29,29.24,19.65,72.79,1.45,0.47
1991-06-30,29.79,19.74,71.11,0.01,0.47
1991-07-01,30.76,19.13,68.58,0.03,0.47
1991-07-02,30.21,19.01,65.52,0.13,0.47
1991-07-03,29.61,19.91,71.47,0.07,0.47
1991-07-04,28.74,19.75,71.97,0.11,0.47
1991-07-05,28.25,20.46,70.6,0.09,0.47
1991-07-06,30.4,19.47,69.55,1.14,0.47
1991-07-07,28.21,20.04,75.14,0.6,0.47
1991-07-08,30.44,19.76,68.38,0.04,0.47
1991-07-09,29.26,20.37,68.76,0.01,0.47
1991-07-10,30.68,20.4,64.26,0.08,0.47
1991-07-11,31.85,20.26,62.76,0.01,0.47
1991-07-12,31.41,20.58,62.47,0.05,0.47
1991-07-13,30.07,20.62,69.02,1.03,0.47
1991-07-14,30.96,20.61,69.77,0.89,0.47
1991-07-15,30.81,19.89,74.31,2.5,0.47
1991-07-16,25.16,19.74,79.26,0.71,0.47
1991-07-17,25.84,18.56,79.59,1.72,0.47
1991-07-18,24.4,19.12,82.19,0.94,0.47
1991-07-19,27.11,18.6,76.77,0.14,0.47
1991-07-20,29.6,18.83,73.58,0.61,0.47
1991-07-21,28.62,19.89,76.64,1.15,0.47
1991-07-22,26.91,19.58,78.35,0.98,0.47
1991-07-23,30.74,18.76,72.14,0.63,0.47
1991-07-24,28.32,20.32,71.54,1.25,0.47
1991-07-25,30.14,19.61,69.68,0.26,0.47
1991-07-26,29.65,20.13,73.2,0.3,0.47
1991-07-27,28.66,20.4,70.87,0.14,0.47
1991-07-28,29.54,19.95,70.86,0.45,0.47
1991-07-29,26.79,20.35,78.95,1.06,0.47
1991-07-30,26.72,20.14,77.26,0.27,0.47
1991-07-31,26.9,19.57,77.81,1.02,0.47
1991-08-01,29.05,19.28,76.92,0.48,0.47
1991-08-02,26.61,19.83,83.77,2.22,0.47
1991-08-03,28.68,19.02,75.6,2.43,0.47
1991-08-04,26.32,19.57,78.93,0.18,0.47
1991-08-05,28.75,18.4,73.58,0.06,0.47
1991-08-06,28.8,19.39,70.74,0.01,0.47
1991-08-07,32.45,18.97,64.53,0.3,0.47
1991-08-08,30.95,20.23,67.86,0.8,0.47
1991-08-09,29.21,19.64,71.8,0.66,0.47
1991-08-10,26.88,20.22,78.57,1.79,0.47
1991-08-11,28.39,19.62,74.29,0.5,0.47
1991-08-12,26.19,18.91,83.21,5.33,0.47
1991-08-13,27.37,19.22,81.08,0.71,0.48
1991-08-14,28.09,20.22,77.59,0.31,0.48
1991-08-15,28.69,19.31,77.42,1.72,0.48
1991-08-16,27.88,19.32,77.78,0.95,0.48
1991-08-17,28.63,19.96,73.44,0.36,0.48
1991-08-18,30.51,19.45,74.0,1.62,0.48
1991-08-19,31.77,20.07,66.84,0.91,0.48
1991-08-20,29.91,20.49,73.89,12.9,0.49
1991-08-21,29.14,19.85,70.74,0.23,0.5
1991-08-22,28.39,20.09,77.41,2.86,0.49
1991-08-23,29.7,19.43,77.74,1.67,0.49
1991-08-24,29.16,19.97,79.7,0.71,0.49
1991-08-25,29.42,20.6,76.99,0.54,0.49
1991-08-26,27.9,20.23,76.55,3.47,0.49
1991-08-27,28.68,19.42,76.99,3.85,0.49
1991-08-28,30.19,19.59,76.17,2.57,0.49
1991-08-29,29.55,19.62,77.63,2.02,0.49
1991-08-30,29.51,18.97,77.63,2.0,0.49
1991-08-31,29.6,19.19,75.13,0.24,0.49
1991-09-01,28.22,19.8,74.22,0.05,0.48
1991-09-02,29.23,19.22,71.68,1.04,0.48
1991-09-03,30.73,18.75,68.94,0.1,0.48
1991-09-04,28.65,19.81,75.06,1.72,0.48
1991-09-05,28.42,19.76,76.21,0.29,0.48
1991-09-06,27.69,20.3,76.18,0.36,0.48
1991-09-07,27.32,19.92,74.9,0.06,0.48
1991-09-08,28.49,19.45,73.22,0.14,0.48
1991-09-09,25.99,19.82,80.51,0.35,0.48
1991-09-10,29.53,18.63,70.95,0.11,0.48
1991-09-11,28.42,19.99,72.85,0.15,0.47
1991-09-12,30.77,19.13,69.85,0.1,0.47
1991-09-13,30.25,20.27,69.95,0.72,0.47
1991-09-14,31.49,18.93,65.97,1.24,0.47
1991-09-15,29.59,19.26,67.76,0.43,0.47
1991-09-16,30.43,19.57,71.29,3.39,0.47
1991-09-17,30.5,19.93,71.2,0.46,0.48
1991-09-18,28.12,19.93,76.07,3.47,0.48
1991-09-19,29.36,18.49,72.35,0.33,0.48
1991-09-20,29.77,20.07,73.44,0.73,0.48
1991-09-21,28.55,20.45,80.02,7.09,0.48
1991-09-22,27.17,19.81,77.2,0.48,0.49
1991-09-23,29.89,19.87,71.52,0.21,0.49
1991-09-24,29.88,19.04,69.95,0.41,0.48
1991-09-25,28.83,18.91,74.52,3.02,0.48
1991-09-26,30.2,19.06,67.33,0.0,0.48
1991-09-27,31.43,18.79,63.69,0.01,0.48
1991-09-28,32.65,19.22,61.03,0.07,0.48
1991-09-29,30.71,20.54,67.45,0.04,0.48
1991-09-30,28.13,20.43,70.99,0.16,0.48
1991-10-01,30.86,18.78,68.57,1.13,0.47
1991-10-02,31.29,20.07,68.28,0.51,0.47
1991-10-03,31.58,19.88,67.34,0.01,0.47
1991-10-04,31.19,20.19,65.29,0.07,0.47
1991-10-05,28.25,19.77,69.51,0.02,0.47
1991-10-06,31.27,18.46,62.92,0.18,0.47
1991-10-07,30.3,18.39,63.71,0.16,0.47
1991-10-08,31.34,17.35,63.21,0.13,0.47
1991-10-09,28.45,19.83,74.67,2.73,0.47
1991-10-10,28.9,19.18,70.85,0.05,0.47
1991-10-11,30.99,19.58,66.0,0.39,0.47
1991-10-12,24.11,19.24,84.56,1.92,0.47
1991-10-13,29.23,18.33,73.21,0.41,0.47
1991-10-14,30.27,18.61,69.18,0.03,0.47
1991-10-15,29.18,18.46,68.52,0.0,0.47
1991-10-16,30.77,18.17,61.85,0.01,0.47
1991-10-17,30.48,19.39,55.38,0.38,0.47
1991-10-18,29.85,20.08,59.89,0.09,0.47
1991-10-19,29.79,19.28,61.91,0.2,0.47
1991-10-20,28.66,17.75,66.31,0.22,0.47
1991-10-21,24.98,18.2,76.3,0.79,0.47
1991-10-22,28.04,17.51,69.34,0.37,0.47
1991-10-23,27.65,16.56,68.61,0.08,0.47
1991-10-24,27.74,16.48,70.7,0.14,0.47
1991-10-25,24.5,18.6,76.96,0.02,0.47
1991-10-26,29.17,17.49,68.88,0.3,0.47
1991-10-27,25.48,17.97,73.42,1.6,0.47
1991-10-28,24.62,16.5,67.49,0.01,0.47
1991-10-29,25.88,15.61,62.88,0.0,0.47
1991-10-30,29.28,15.85,58.25,0.01,0.47
1991-10-31,27.92,16.49,66.09,0.4,0.47
1991-11-01,27.59,18.14,73.96,0.87,0.47
1991-11-02,22.77,18.83,91.15,7.86,0.47
1991-11-03,22.91,17.95,89.02,4.78,0.48
1991-11-04,21.76,17.17,91.12,2.32,0.49
1991-11-05,23.21,16.7,84.94,0.62,0.49
1991-11-06,25.97,15.75,75.58,0.0,0.49
1991-11-07,27.11,16.33,70.27,0.0,0.48
1991-11-08,28.2,16.44,60.45,0.0,0.48
1991-11-09,28.44,14.87,60.47,0.0,0.48
1991-11-10,28.94,16.07,60.61,0.12,0.48
1991-11-11,26.51,16.31,74.28,0.82,0.48
1991-11-12,24.66,17.65,73.22,0.0,0.48
1991-11-13,25.31,17.39,70.18,0.0,0.47
1991-11-14,25.02,15.18,71.53,0.03,0.47
1991-11-15,24.74,14.49,67.22,0.0,0.47
1991-11-16,27.67,12.63,61.18,0.0,0.47
1991-11-17,25.84,15.75,62.79,0.0,0.47
1991-11-18,25.67,15.28,59.9,0.0,0.47
1991-11-19,26.97,14.99,61.0,0.02,0.47
1991-11-20,26.19,16.73,69.25,0.14,0.47
1991-11-21,25.49,15.9,70.63,0.02,0.47
1991-11-22,26.44,15.38,62.86,0.0,0.47
1991-11-23,26.12,14.3,63.72,0.0,0.47
1991-11-24,27.52,12.88,55.8,0.0,0.47
1991-11-25,27.47,12.35,56.74,0.0,0.47
1991-11-26,25.89,13.65,65.93,0.01,0.47
1991-11-27,26.5,13.86,58.58,0.0,0.47
1991-11-28,25.37,12.15,65.59,0.0,0.47
1991-11-29,26.44,12.43,52.07,0.0,0.46
1991-11-30,26.33,12.24,45.46,0.0,0.46
1991-12-01,26.02,10.32,44.34,0.0,0.46
1991-12-02,26.44,10.38,37.72,0.0,0.46
1991-12-03,26.42,10.42,48.84,0.0,0.46
1991-12-04,26.44,10.83,38.7,0.0,0.46
1991-12-05,26.17,10.68,33.62,0.0,0.46
1991-12-06,25.03,9.46,55.04,0.0,0.46
1991-12-07,24.92,11.1,62.41,0.0,0.46
1991-12-08,23.19,11.44,72.02,0.0,0.46
1991-12-09,23.58,12.03,70.11,0.0,0.46
1991-12-10,25.0,11.97,63.8,0.0,0.46
1991-12-11,26.23,11.99,57.03,0.0,0.46
1991-12-12,27.01,11.59,62.38,0.0,0.46
1991-12-13,25.93,12.2,66.33,0.0,0.46
1991-12-14,26.6,12.78,63.08,0.0,0.46
1991-12-15,25.73,12.69,61.53,0.0,0.46
1991-12-16,25.12,11.52,58.67,0.0,0.46
1991-12-17,23.28,11.04,56.66,0.0,0.46
1991-12-18,23.54,9.49,59.78,0.0,0.46
1991-12-19,23.85,11.62,49.49,0.0,0.46
1991-12-20,21.57,11.08,63.87,0.0,0.46
1991-12-21,22.71,9.22,65.36,0.0,0.46
1991-12-22,24.66,9.3,56.31,0.0,0.46
1991-12-23,24.56,10.44,49.48,0.0,0.46
1991-12-24,25.11,9.97,50.93,0.0,0.46
1991-12-25,25.57,9.09,54.6,0.01,0.46
1991-12-26,20.43,12.05,82.11,2.1,0.46
1991-12-27,22.76,12.9,77.61,2.63,0.47
1991-12-28,23.94,9.25,59.43,0.0,0.47
1991-12-29,22.48,8.17,48.51,0.0,0.47
1991-12-30,22.8,6.72,46.52,0.0,0.47
1991-12-31,21.97,6.2,49.88,0.0,0.47
1992-01-01,23.75,8.56,45.27,0.0,0.46
1992-01-02,22.59,10.39,50.85,0.0,0.46
1992-01-03,22.87,8.86,51.3,0.0,0.46
1992-01-04,23.59,8.19,39.19,0.0,0.46
1992-01-05,25.18,5.46,31.35,0.0,0.46
1992-01-06,22.32,5.48,38.95,0.0,0.46
1992-01-07,24.22,7.64,49.14,0.0,0.46
1992-01-08,24.1,8.49,51.15,0.0,0.46
1992-01-09,24.57,9.66,49.52,0.0,0.46
1992-01-10,25.1,8.05,43.24,0.0,0.46
1992-01-11,24.15,8.25,49.98,0.0,0.46
1992-01-12,24.07,8.57,47.01,0.0,0.46
1992-01-13,25.49,8.69,49.51,0.0,0.46
1992-01-14,24.18,8.58,62.85,0.0,0.46
1992-01-15,23.78,9.9,62.44,0.0,0.46
1992-01-16,24.82,8.82,53.43,0.0,0.46
1992-01-17,23.51,8.65,54.9,0.0,0.46
1992-01-18,24.78,7.92,49.4,0.0,0.46
1992-01-19,24.72,9.7,38.7,0.0,0.46
1992-01-20,23.25,8.01,53.03,0.0,0.46
1992-01-21,23.25,9.47,56.98,0.07,0.46
1992-01-22,23.3,10.11,53.95,0.01,0.46
1992-01-23,21.95,8.66,52.43,0.02,0.46
1992-01-24,23.72,8.61,43.45,0.0,0.46
1992-01-25,25.1,8.32,38.33,0.0,0.46
1992-01-26,25.54,8.72,35.68,0.0,0.46
1992-01-27,25.66,8.98,37.18,0.0,0.46
1992-01-28,25.69,10.54,34.47,0.0,0.46
1992-01-29,25.98,10.96,32.53,0.0,0.46
1992-01-30,26.52,11.32,29.17,0.0,0.46
1992-01-31,26.54,11.27,31.14,0.0,0.46
1992-02-01,24.69,8.69,36.9,1.13,0.46
1992-02-02,23.85,8.93,55.43,0.0,0.46
1992-02-03,23.16,9.04,58.67,0.0,0.46
1992-02-04,25.84,9.45,59.3,0.0,0.46
1992-02-05,25.2,10.11,47.66,0.0,0.46
1992-02-06,25.46,10.83,36.98,0.0,0.46
1992-02-07,26.42,7.37,31.82,0.0,0.46
1992-02-08,26.34,8.53,31.38,0.0,0.46
1992-02-09,25.47,9.82,58.65,0.0,0.46
1992-02-10,22.99,11.98,67.38,0.0,0.46
1992-02-11,25.53,11.19,51.33,0.0,0.46
1992-02-12,25.2,10.21,41.92,0.0,0.46
1992-02-13,25.81,6.71,32.74,0.0,0.46
1992-02-14,24.88,7.36,35.27,0.0,0.46
1992-02-15,24.82,8.2,49.22,0.0,0.46
1992-02-16,23.49,11.07,70.66,0.0,0.46
1992-02-17,23.98,11.51,65.06,0.0,0.46
1992-02-18,24.02,10.63,68.11,0.05,0.46
1992-02-19,25.82,12.02,59.41,0.0,0.46
1992-02-20,26.52,9.5,41.74,0.0,0.46
1992-02-21,27.27,10.09,37.67,0.0,0.46
1992-02-22,27.31,11.34,35.8,0.0,0.46
1992-02-23,27.43,11.58,52.18,0.0,0.46
1992-02-24,27.2,11.78,46.93,0.06,0.46
1992-02-25,25.14,11.3,57.74,1.79,0.46
1992-02-26,20.05,9.67,67.42,2.52,0.46
1992-02-27,22.84,8.31,48.93,0.0,0.47
1992-02-28,25.02,8.65,34.23,0.0,0.46
1992-02-29,25.56,9.09,39.29,0.0,0.46
1992-03-01,26.7,10.89,46.91,0.0,0.46
1992-03-02,27.3,11.2,50.38,0.0,0.46
1992-03-03,28.42,10.89,50.72,0.0,0.46
1992-03-04,29.54,11.22,38.2,0.0,0.46
1992-03-05,29.52,10.96,37.46,0.0,0.46
1992-03-06,29.17,11.03,39.4,0.0,0.46
1992-03-07,30.58,11.78,40.05,0.0,0.46
1992-03-08,29.3,11.89,47.82,0.0,0.46
1992-03-09,29.18,11.43,47.01,0.0,0.46
1992-03-10,29.88,11.38,46.01,0.0,0.46
1992-03-11,29.63,12.03,39.28,0.0,0.46
1992-03-12,31.01,14.45,34.15,0.0,0.46
1992-03-13,29.85,13.28,37.07,0.0,0.46
1992-03-14,31.39,13.33,36.35,0.0,0.46
1992-03-15,31.8,13.85,40.57,0.0,0.46
1992-03-16,30.65,14.22,38.02,0.0,0.46
1992-03-17,30.64,14.01,44.63,0.0,0.46
1992-03-18,29.92,13.81,43.13,0.0,0.46
1992-03-19,29.98,13.66,41.03,0.0,0.46
1992-03-20,31.63,13.89,32.54,0.0,0.46
1992-03-21,32.51,14.38,30.43,0.0,0.46
1992-03-22,33.49,15.2,30.06,0.0,0.46
1992-03-23,33.98,15.39,31.71,0.0,0.46
1992-03-24,33.86,16.16,39.52,0.0,0.46
1992-03-25,31.88,15.65,36.88,0.0,0.46
1992-03-26,33.45,16.5,39.07,0.0,0.46
1992-03-27,34.63,17.96,30.92,0.0,0.46
1992-03-28,34.81,17.23,26.53,0.0,0.46
1992-03-29,35.14,16.49,34.2,0.0,0.46
1992-03-30,33.89,16.4,38.85,0.0,0.46
1992-03-31,31.2,18.23,45.26,4.04,0.46
1992-04-01,32.89,17.23,47.13,0.0,0.46
1992-04-02,32.35,16.38,40.38,0.0,0.46
1992-04-03,32.44,18.49,27.7,0.0,0.46
1992-04-04,32.73,18.65,28.47,0.0,0.46
1992-04-05,32.7,15.58,34.14,0.0,0.46
1992-04-06,33.37,17.58,30.71,0.0,0.46
1992-04-07,32.55,17.29,46.68,0.0,0.46
1992-04-08,33.21,16.27,49.47,0.0,0.46
1992-04-09,32.94,16.91,52.83,0.0,0.46
1992-04-10,34.22,17.07,48.49,0.0,0.46
1992-04-11,34.65,17.0,42.44,0.0,0.46
1992-04-12,34.54,18.05,38.27,0.0,0.46
1992-04-13,35.25,18.03,38.58,0.0,0.46
1992-04-14,35.04,18.45,41.77,0.0,0.46
1992-04-15,34.98,18.78,42.79,0.03,0.46
1992-04-16,27.72,20.84,64.48,25.92,0.49
1992-04-17,29.33,19.25,64.75,0.04,0.5
1992-04-18,31.32,17.78,55.82,0.0,0.5
1992-04-19,29.21,18.47,56.22,0.07,0.49
1992-04-20,32.5,16.84,47.58,0.0,0.48
1992-04-21,33.06,16.88,45.65,0.0,0.48
1992-04-22,33.46,19.18,42.79,0.0,0.48
1992-04-23,34.23,18.46,45.62,0.0,0.47
1992-04-24,30.52,19.94,49.29,0.11,0.47
1992-04-25,29.78,20.99,49.64,4.39,0.47
1992-04-26,29.34,19.71,52.45,0.0,0.47
1992-04-27,32.12,19.09,47.83,0.0,0.47
1992-04-28,27.45,18.71,50.25,0.0,0.47
1992-04-29,32.05,18.41,44.63,0.33,0.47
1992-04-30,32.88,17.27,41.41,0.0,0.47
1992-05-01,33.1,17.79,44.58,0.0,0.47
1992-05-02,30.51,18.26,53.17,0.28,0.46
1992-05-03,30.75,16.84,51.43,0.21,0.46
1992-05-04,33.56,17.58,45.4,0.0,0.46
1992-05-05,33.31,18.02,44.2,0.04,0.46
1992-05-06,33.18,19.61,48.05,0.0,0.46
1992-05-07,31.71,19.59,52.09,0.0,0.46
1992-05-08,32.57,18.9,49.35,0.0,0.46
1992-05-09,34.16,18.93,41.08,0.0,0.46
1992-05-10,34.87,21.28,30.17,0.0,0.46
1992-05-11,35.4,22.83,32.22,0.15,0.46
1992-05-12,35.68,21.68,39.39,0.0,0.46
1992-05-13,34.49,21.16,44.34,0.7,0.46
1992-05-14,34.46,20.94,43.42,0.0,0.46
1992-05-15,32.87,21.47,51.68,0.03,0.46
1992-05-16,29.38,20.78,61.72,0.02,0.46
1992-05-17,32.52,19.98,58.88,0.05,0.46
1992-05-18,31.76,19.81,64.16,0.64,0.46
1992-05-19,24.45,18.69,79.92,13.34,0.47
1992-05-20,27.1,18.67,72.93,0.64,0.49
1992-05-21,28.15,18.63,72.99,4.22,0.49
1992-05-22,28.14,17.94,72.3,0.6,0.49
1992-05-23,27.68,18.61,70.32,2.49,0.48
1992-05-24,27.76,18.13,67.97,3.96,0.49
1992-05-25,26.74,18.35,73.43,1.51,0.49
1992-05-26,28.97,17.3,66.73,0.21,0.49
1992-05-27,28.06,18.88,70.79,0.41,0.48
1992-05-28,28.56,18.43,67.39,0.26,0.48
1992-05-29,30.61,18.55,61.68,0.19,0.48
1992-05-30,29.78,17.83,69.15,0.34,0.47
1992-05-31,30.94,18.76,67.05,0.24,0.47
1992-06-01,30.65,19.87,67.7,5.3,0.47
1992-06-02,34.46,19.1,55.34,0.0,0.48
1992-06-03,33.88,20.38,52.7,13.74,0.48
1992-06-04,30.52,19.84,68.67,1.07,0.49
1992-06-05,29.78,19.95,77.62,16.15,0.51
1992-06-06,24.36,19.07,85.49,16.87,0.53
1992-06-07,27.88,18.03,81.63,23.91,0.56
1992-06-08,27.61,19.22,77.25,0.63,0.57
1992-06-09,27.11,19.23,78.33,2.6,0.56
1992-06-10,27.67,19.4,77.42,0.82,0.54
1992-06-11,26.56,19.3,82.38,0.08,0.54
1992-06-12,27.35,19.54,79.06,0.46,0.53
1992-06-13,28.65,18.93,77.0,0.22,0.52
1992-06-14,28.7,20.34,76.95,1.18,0.51
1992-06-15,28.86,19.68,72.48,1.53,0.51
1992-06-16,29.26,19.92,73.22,0.18,0.5
1992-06-17,30.38,19.32,73.81,2.32,0.5
1992-06-18,30.2,19.6,74.74,1.29,0.5
1992-06-19,30.49,19.84,70.17,0.63,0.5
1992-06-20,30.34,19.48,69.57,0.56,0.49
1992-06-21,28.42,20.23,73.39,0.21,0.49
1992-06-22,30.38,20.51,71.86,0.69,0.49
1992-06-23,29.25,20.29,73.54,0.6,0.49
1992-06-24,28.46,19.96,77.58,5.54,0.49
1992-06-25,29.16,19.82,73.28,0.81,0.49
1992-06-26,28.44,19.89,78.31,1.1,0.49
1992-06-27,26.75,19.81,80.57,0.56,0.49
1992-06-28,30.18,19.69,76.41,0.1,0.49
1992-06-29,31.09,19.11,68.2,0.38,0.49
1992-06-30,30.24,19.54,70.55,0.3,0.48
1992-07-01,27.12,20.46,78.37,1.42,0.48
1992-07-02,27.91,20.19,75.75,0.78,0.48
1992-07-03,28.36,20.49,73.63,0.45,0.48
1992-07-04,28.64,19.67,76.67,4.76,0.48
1992-07-05,27.1,19.69,78.46,1.26,0.49
1992-07-06,26.62,19.05,79.58,5.02,0.49
1992-07-07,25.71,18.61,81.24,1.37,0.49
1992-07-08,26.11,18.94,78.88,0.83,0.49
1992-07-09,24.84,18.92,81.45,1.32,0.49
1992-07-10,26.53,18.58,76.97,0.73,0.49
1992-07-11,26.61,18.65,75.46,0.72,0.49
1992-07-12,30.59,17.95,69.68,0.09,0.49
1992-07-13,28.4,20.07,74.73,0.37,0.48
1992-07-14,27.59,19.52,81.69,6.31,0.49
1992-07-15,24.74,19.37,86.76,2.28,0.49
1992-07-16,28.64,17.8,74.36,0.34,0.49
1992-07-17,28.09,18.65,77.11,0.52,0.49
1992-07-18,26.89,18.81,76.31,0.28,0.49
1992-07-19,28.71,18.38,76.64,3.67,0.49
1992-07-20,29.47,19.24,73.07,0.16,0.49
1992-07-21,30.04,19.79,72.33,0.24,0.49
1992-07-22,27.06,20.01,79.04,3.03,0.49
1992-07-23,26.52,19.36,85.84,12.86,0.5
1992-07-24,27.97,20.04,81.9,1.23,0.51
1992-07-25,28.45,20.12,80.61,1.99,0.51
1992-07-26,25.82,19.55,83.8,1.88,0.51
1992-07-27,27.71,18.92,75.42,0.25,0.51
1992-07-28,28.85,18.24,72.88,0.61,0.5
1992-07-29,31.31,19.11,71.37,5.78,0.5
1992-07-30,26.84,19.71,79.93,8.69,0.52
1992-07-31,28.05,19.69,80.5,4.38,0.52
1992-08-01,28.81,19.23,76.92,0.27,0.52
1992-08-02,29.92,18.03,72.4,0.15,0.51
1992-08-03,30.17,18.95,69.77,0.35,0.5
1992-08-04,27.0,19.34,78.39,7.06,0.51
1992-08-05,22.74,19.01,89.43,23.16,0.54
1992-08-06,23.17,18.35,90.42,9.8,0.56
1992-08-07,24.29,17.23,83.17,0.37,0.56
1992-08-08,25.67,18.79,84.36,0.01,0.55
1992-08-09,27.03,18.29,80.31,0.22,0.54
1992-08-10,26.65,19.25,82.93,5.57,0.53
1992-08-11,27.56,19.3,81.6,2.27,0.54
1992-08-12,30.1,17.73,76.15,0.95,0.53
1992-08-13,28.46,19.2,76.94,0.52,0.52
1992-08-14,27.99,18.8,77.08,0.76,0.52
1992-08-15,27.9,19.28,80.68,2.0,0.51
1992-08-16,29.49,19.58,76.69,0.79,0.51
1992-08-17,30.56,18.44,75.65,0.99,0.51
1992-08-18,29.62,20.29,77.78,1.84,0.51
1992-08-19,28.7,19.51,75.68,1.36,0.51
1992-08-20,28.74,18.42,79.91,6.29,0.51
1992-08-21,29.93,18.35,74.44,0.07,0.51
1992-08-22,30.75,18.97,72.27,0.92,0.51
1992-08-23,28.0,18.94,78.07,1.65,0.5
1992-08-24,27.94,19.18,79.42,1.19,0.5
1992-08-25,31.47,18.84,76.49,3.12,0.5
1992-08-26,30.39,18.96,77.73,4.04,0.51
1992-08-27,28.48,20.43,78.52,0.17,0.51
1992-08-28,28.28,20.06,76.07,0.0,0.5
1992-08-29,32.17,20.04,67.22,0.01,0.5
1992-08-30,26.93,20.59,77.96,0.34,0.5
1992-08-31,27.97,19.78,84.72,16.05,0.51
1992-09-01,24.38,20.36,88.22,0.02,0.52
1992-09-02,29.35,19.7,75.78,0.14,0.52
1992-09-03,31.2,19.16,72.89,1.5,0.52
1992-09-04,29.49,20.12,72.78,0.03,0.51
1992-09-05,30.1,18.9,72.23,0.26,0.51
1992-09-06,30.8,19.5,73.43,0.24,0.5
1992-09-07,29.17,19.4,73.72,0.19,0.5
1992-09-08,29.8,18.97,75.57,0.5,0.5
1992-09-09,26.4,19.79,80.19,1.58,0.5
1992-09-10,23.78,19.15,90.42,8.25,0.51
1992-09-11,24.9,18.05,83.87,1.51,0.51
1992-09-12,26.86,17.38,78.64,1.04,0.51
1992-09-13,28.14,17.14,80.34,12.02,0.52
1992-09-14,26.02,18.4,84.95,23.37,0.55
1992-09-15,25.59,18.35,85.02,6.56,0.57
1992-09-16,23.97,18.56,90.7,11.87,0.57
1992-09-17,23.34,18.03,87.63,1.99,0.58
1992-09-18,27.37,18.02,80.49,2.48,0.57
1992-09-19,27.24,18.27,81.6,1.23,0.56
1992-09-20,28.02,18.45,79.92,5.4,0.55
1992-09-21,28.13,18.2,78.6,2.07,0.55
1992-09-22,28.51,18.39,80.08,0.88,0.54
1992-09-23,28.21,19.01,81.56,3.71,0.54
1992-09-24,28.63,19.31,79.98,0.56,0.54
1992-09-25,27.36,18.94,82.44,0.81,0.53
1992-09-26,28.75,17.01,75.47,0.94,0.53
1992-09-27,28.63,16.87,73.68,0.19,0.52
1992-09-28,26.14,19.02,79.85,1.33,0.52
1992-09-29,23.91,18.76,83.68,0.31,0.52
1992-09-30,26.39,17.76,77.93,0.02,0.52
1992-10-01,27.46,19.03,77.8,0.05,0.51
1992-10-02,28.62,17.69,76.19,0.09,0.51
1992-10-03,26.4,18.48,80.98,0.11,0.51
1992-10-04,28.03,17.39,74.55,0.06,0.51
1992-10-05,28.91,17.29,70.45,0.0,0.5
1992-10-06,28.8,16.68,73.08,0.01,0.5
1992-10-07,28.81,17.44,71.66,0.01,0.5
1992-10-08,29.84,16.82,67.3,0.01,0.5
1992-10-09,30.58,16.84,65.37,0.06,0.49
1992-10-10,30.48,18.54,68.26,0.56,0.49
1992-10-11,28.54,19.94,75.0,1.04,0.49
1992-10-12,29.72,18.59,72.77,0.17,0.49
1992-10-13,27.94,18.88,75.29,1.01,0.49
1992-10-14,25.73,18.8,82.41,9.13,0.5
1992-10-15,22.76,17.28,87.61,3.32,0.51
1992-10-16,19.79,15.3,86.96,3.8,0.52
1992-10-17,20.44,13.58,84.41,2.34,0.52
1992-10-18,18.2,12.69,85.62,1.14,0.52
1992-10-19,24.71,13.11,78.03,0.0,0.52
1992-10-20,26.74,13.57,74.89,0.23,0.51
1992-10-21,22.0,17.05,87.79,1.22,0.51
1992-10-22,23.94,17.63,86.51,0.64,0.51
1992-10-23,25.61,17.38,82.81,3.31,0.51
1992-10-24,26.68,16.46,79.54,2.86,0.51
1992-10-25,25.79,16.23,79.76,9.02,0.52
1992-10-26,23.49,16.25,84.74,0.12,0.53
1992-10-27,24.69,15.68,78.33,0.0,0.52
1992-10-28,26.98,13.64,70.05,0.0,0.52
1992-10-29,27.22,14.5,69.01,0.03,0.51
1992-10-30,24.75,14.33,74.77,0.14,0.51
1992-10-31,25.68,15.56,74.17,0.01,0.51
1992-11-01,24.89,15.28,76.42,0.0,0.5
1992-11-02,25.31,15.92,72.26,0.0,0.5
1992-11-03,25.22,16.08,73.02,0.0,0.5
1992-11-04,26.5,15.9,69.35,0.01,0.5
1992-11-05,25.87,16.59,70.67,0.0,0.5
1992-11-06,26.56,16.14,71.96,0.0,0.5
1992-11-07,27.31,16.17,70.77,0.0,0.49
1992-11-08,26.91,16.65,67.38,0.12,0.49
1992-11-09,16.96,8.4,76.76,0.35,0.49
1992-11-10,19.65,7.62,59.54,0.0,0.49
1992-11-11,23.25,10.95,55.85,0.0,0.49
1992-11-12,24.82,9.23,53.75,0.0,0.49
1992-11-13,25.33,9.51,56.15,0.0,0.49
1992-11-14,25.18,9.48,56.15,0.0,0.49
1992-11-15,26.19,9.46,59.15,0.12,0.49
1992-11-16,24.73,12.68,74.68,0.0,0.48
1992-11-17,23.44,14.56,77.13,0.0,0.49
1992-11-18,25.31,14.37,75.33,0.0,0.48
1992-11-19,25.2,15.48,69.95,0.0,0.48
1992-11-20,25.64,16.0,69.65,0.0,0.48
1992-11-21,23.86,15.9,73.19,0.0,0.48
1992-11-22,24.78,15.97,79.57,0.01,0.48
1992-11-23,26.43,15.47,75.81,0.02,0.48
1992-11-24,26.36,13.2,72.4,0.08,0.48
1992-11-25,24.92,13.97,75.73,2.3,0.48
1992-11-26,21.5,10.84,81.35,4.93,0.49
1992-11-27,20.93,9.49,76.55,0.39,0.49
1992-11-28,21.15,10.42,72.13,0.0,0.49
1992-11-29,22.85,8.69,68.47,0.0,0.49
1992-11-30,22.25,9.68,70.64,0.0,0.49
1992-12-01,21.76,8.93,65.44,0.01,0.49
1992-12-02,22.79,7.86,62.1,0.03,0.49
1992-12-03,23.3,7.17,60.23,0.01,0.49
1992-12-04,23.92,8.5,60.63,0.0,0.49
1992-12-05,24.07,9.26,57.82,0.0,0.48
1992-12-06,23.97,9.63,53.17,0.0,0.48
1992-12-07,24.49,8.49,53.24,0.0,0.48
1992-12-08,24.18,8.42,57.59,0.0,0.48
1992-12-09,24.76,8.37,59.21,0.0,0.48
1992-12-10,24.46,9.51,57.18,0.0,0.48
1992-12-11,24.99,10.0,50.63,0.0,0.48
1992-12-12,25.1,10.71,43.1,0.0,0.48
1992-12-13,25.29,10.0,39.22,0.0,0.48
1992-12-14,25.09,10.28,42.23,0.0,0.48
1992-12-15,25.95,9.95,52.56,0.0,0.48
1992-12-16,25.83,10.83,60.8,0.0,0.48
1992-12-17,24.34,9.86,59.72,0.0,0.48
1992-12-18,23.7,10.07,58.34,0.0,0.48
1992-12-19,24.39,11.28,52.94,0.0,0.48
1992-12-20,24.93,9.24,42.39,0.0,0.48
1992-12-21,24.95,8.09,50.42,0.0,0.47
1992-12-22,24.75,9.55,40.01,0.0,0.47
1992-12-23,23.75,10.05,58.46,34.33,0.5
1992-12-24,19.69,7.71,80.22,5.18,0.55
1992-12-25,19.91,7.23,72.82,0.0,0.54
1992-12-26,21.06,6.9,67.87,0.0,0.53
1992-12-27,21.24,8.08,62.76,0.0,0.53
1992-12-28,21.73,8.23,60.64,0.0,0.52
1992-12-29,22.3,8.29,54.06,0.0,0.51
1992-12-30,22.78,6.76,53.44,0.0,0.51
1992-12-31,23.06,8.19,53.65,0.0,0.51
1993-01-01,23.96,9.36,46.63,0.0,0.5
1993-01-02,23.54,8.12,51.14,0.0,0.5
1993-01-03,24.03,8.81,55.34,0.0,0.5
1993-01-04,24.14,10.12,55.17,0.0,0.5
1993-01-05,24.51,10.37,53.24,0.0,0.49
1993-01-06,24.51,10.02,55.28,0.0,0.49
1993-01-07,24.75,9.72,54.61,0.0,0.49
1993-01-08,24.95,9.81,60.26,0.0,0.49
1993-01-09,25.01,10.37,67.89,0.0,0.49
1993-01-10,24.46,10.32,54.66,0.0,0.49
1993-01-11,24.8,10.21,49.07,0.0,0.48
1993-01-12,24.36,9.58,61.31,0.0,0.48
1993-01-13,23.39,9.81,69.91,0.03,0.48
1993-01-14,23.76,10.7,72.09,0.08,0.48
1993-01-15,24.66,10.13,64.71,0.0,0.48
1993-01-16,24.87,9.32,43.83,0.0,0.48
1993-01-17,25.45,9.35,36.68,0.0,0.48
1993-01-18,23.84,6.96,40.19,0.0,0.48
1993-01-19,23.81,7.64,34.68,0.0,0.48
1993-01-20,24.32,7.45,35.39,0.0,0.48
1993-01-21,24.26,6.83,49.07,0.0,0.48
1993-01-22,24.48,7.52,47.11,0.0,0.47
1993-01-23,24.56,8.1,36.76,0.0,0.47
1993-01-24,25.14,7.51,34.37,0.0,0.47
1993-01-25,24.38,7.62,33.38,0.0,0.47
1993-01-26,24.91,8.22,35.05,0.0,0.47
1993-01-27,22.3,6.6,61.04,0.0,0.47
1993-01-28,17.07,9.42,74.38,0.0,0.47
1993-01-29,21.76,7.91,64.84,0.0,0.47
1993-01-30,23.28,8.44,57.36,0.0,0.47
1993-01-31,24.24,8.78,52.15,0.0,0.47
1993-02-01,24.93,9.96,53.17,0.0,0.47
1993-02-02,24.64,9.34,53.46,0.0,0.47
1993-02-03,25.13,10.6,46.39,0.0,0.47
1993-02-04,25.8,9.64,43.35,0.0,0.47
1993-02-05,25.56,9.67,45.38,0.0,0.47
1993-02-06,26.04,11.55,38.27,0.0,0.47
1993-02-07,27.62,9.68,31.27,0.0,0.47
1993-02-08,26.75,12.17,27.94,0.0,0.47
1993-02-09,28.33,11.13,29.71,0.0,0.47
1993-02-10,27.57,12.79,35.33,0.0,0.47
1993-02-11,27.81,11.98,34.49,0.0,0.47
1993-02-12,27.19,10.04,28.39,0.0,0.47
1993-02-13,27.64,11.69,32.27,0.0,0.47
1993-02-14,27.57,10.22,36.12,0.0,0.47
1993-02-15,27.27,10.7,52.66,0.01,0.47
1993-02-16,27.09,11.67,50.76,0.01,0.47
1993-02-17,27.25,11.66,49.6,0.02,0.47
1993-02-18,27.65,10.94,50.16,0.03,0.47
1993-02-19,27.6,10.97,43.45,0.05,0.47
1993-02-20,27.19,10.37,48.08,0.0,0.47
1993-02-21,25.92,11.02,59.62,0.02,0.47
1993-02-22,26.11,11.56,58.68,0.0,0.47
1993-02-23,25.34,12.49,59.58,0.0,0.47
1993-02-24,26.84,9.89,41.35,0.0,0.47
1993-02-25,28.51,9.51,31.29,0.0,0.47
1993-02-26,28.53,11.51,28.69,0.0,0.47
1993-02-27,29.54,12.77,26.33,0.0,0.47
1993-02-28,29.79,11.87,27.51,0.0,0.46
1993-03-01,30.55,12.78,29.24,0.0,0.46
1993-03-02,29.78,12.75,32.3,0.0,0.46
1993-03-03,30.48,12.89,33.27,0.0,0.46
1993-03-04,30.78,12.99,31.79,0.0,0.46
1993-03-05,30.41,15.25,29.96,0.0,0.46
1993-03-06,31.36,13.27,28.58,0.0,0.46
1993-03-07,31.21,14.37,24.9,0.0,0.46
1993-03-08,30.96,14.09,28.36,0.21,0.46
1993-03-09,31.44,14.94,36.37,0.62,0.46
1993-03-10,30.94,15.33,40.34,0.0,0.46
1993-03-11,30.04,15.37,46.86,2.93,0.47
1993-03-12,28.95,15.55,50.13,0.04,0.47
1993-03-13,28.38,12.58,44.48,0.0,0.47
1993-03-14,29.13,12.62,39.91,0.0,0.47
1993-03-15,29.74,13.32,41.57,0.0,0.47
1993-03-16,29.81,13.39,47.57,0.0,0.47
1993-03-17,29.84,13.75,50.5,0.0,0.46
1993-03-18,30.39,13.87,47.85,0.0,0.46
1993-03-19,29.33,12.96,43.51,0.0,0.46
1993-03-20,29.97,12.44,32.81,0.0,0.46
1993-03-21,28.59,12.86,34.89,0.01,0.46
1993-03-22,29.73,14.68,37.16,0.0,0.46
1993-03-23,27.82,14.41,40.8,0.0,0.46
1993-03-24,26.87,15.7,59.06,0.0,0.46
1993-03-25,30.23,13.93,58.3,0.0,0.46
1993-03-26,30.71,14.37,54.34,0.0,0.46
1993-03-27,30.29,14.81,53.53,0.0,0.46
1993-03-28,31.91,15.13,52.86,0.0,0.46
1993-03-29,32.59,14.6,29.73,0.0,0.46
1993-03-30,32.72,15.46,20.02,0.0,0.46
1993-03-31,31.61,15.96,18.82,0.0,0.46
1993-04-01,32.56,16.08,17.37,0.0,0.46
1993-04-02,34.23,16.87,15.81,0.0,0.46
1993-04-03,34.14,17.57,17.95,0.0,0.46
1993-04-04,33.94,17.82,23.04,0.0,0.46
1993-04-05,34.57,16.42,21.91,0.0,0.46
1993-04-06,34.52,18.52,20.43,0.0,0.46
1993-04-07,34.83,19.25,21.04,0.0,0.46
1993-04-08,34.38,17.6,27.55,0.07,0.46
1993-04-09,32.0,16.99,42.73,0.02,0.46
1993-04-10,31.53,15.66,39.36,0.1,0.46
1993-04-11,31.25,15.85,42.41,0.02,0.46
1993-04-12,31.3,17.16,41.25,0.01,0.46
1993-04-13,31.54,19.1,34.56,0.01,0.46
1993-04-14,29.65,17.65,41.28,0.01,0.46
1993-04-15,31.76,16.23,38.97,0.0,0.46
1993-04-16,32.51,16.89,38.15,0.0,0.46
1993-04-17,31.89,17.36,44.17,0.0,0.46
1993-04-18,32.77,18.33,42.45,0.0,0.46
1993-04-19,33.11,17.63,39.26,0.0,0.46
1993-04-20,34.32,19.34,30.93,0.02,0.46
1993-04-21,33.71,19.75,37.92,6.05,0.47
1993-04-22,30.45,20.13,52.68,4.17,0.48
1993-04-23,29.88,19.52,52.68,0.0,0.47
1993-04-24,30.7,19.33,50.93,0.0,0.47
1993-04-25,31.47,19.7,45.54,0.0,0.47
1993-04-26,30.68,20.07,48.84,0.18,0.47
1993-04-27,31.62,19.09,51.68,0.21,0.47
1993-04-28,32.46,18.96,49.86,0.2,0.47
1993-04-29,27.8,19.4,61.03,0.05,0.47
1993-04-30,27.27,18.82,65.49,0.1,0.47
1993-05-01,26.31,18.19,60.65,0.08,0.47
1993-05-02,26.56,18.24,60.22,0.21,0.47
1993-05-03,29.46,19.09,61.28,0.36,0.47
1993-05-04,29.87,19.12,62.22,0.04,0.47
1993-05-05,31.69,19.25,58.37,0.28,0.47
1993-05-06,31.88,19.23,56.37,0.57,0.47
1993-05-07,31.17,19.9,52.11,0.07,0.47
1993-05-08,29.76,18.72,53.51,0.57,0.47
1993-05-09,30.43,18.31,54.1,0.27,0.47
1993-05-10,29.89,18.81,59.3,0.05,0.46
1993-05-11,31.46,19.13,53.81,0.05,0.46
1993-05-12,28.3,18.36,61.48,0.0,0.46
1993-05-13,29.58,17.96,55.01,0.0,0.46
1993-05-14,31.55,19.72,47.34,0.01,0.46
1993-05-15,30.12,19.86,49.39,0.14,0.46
1993-05-16,30.96,18.52,51.11,0.02,0.46
1993-05-17,32.0,17.08,51.82,2.1,0.47
1993-05-18,31.82,19.81,50.88,0.07,0.47
1993-05-19,33.06,18.2,50.09,0.09,0.46
1993-05-20,32.11,20.59,53.4,0.48,0.46
1993-05-21,29.52,20.34,61.9,0.14,0.46
1993-05-22,26.57,19.39,65.25,0.83,0.46
1993-05-23,29.74,18.09,59.7,0.12,0.46
1993-05-24,28.55,19.49,63.73,0.38,0.46
1993-05-25,31.24,19.5,63.36,2.11,0.47
1993-05-26,28.66,20.93,60.84,0.0,0.47
1993-05-27,27.0,20.09,67.87,0.23,0.47
1993-05-28,25.84,19.09,74.88,2.79,0.47
1993-05-29,24.36,19.0,85.28,5.84,0.47
1993-05-30,25.18,19.52,80.37,6.84,0.49
1993-05-31,27.99,19.69,77.5,1.42,0.49
1993-06-01,26.11,20.07,75.11,1.22,0.49
1993-06-02,29.14,19.4,77.85,3.65,0.49
1993-06-03,26.08,19.14,76.89,0.01,0.49
1993-06-04,27.38,19.82,72.17,0.35,0.49
1993-06-05,28.82,18.15,69.8,0.02,0.48
1993-06-06,29.18,18.97,67.8,0.57,0.48
1993-06-07,28.05,18.48,70.31,0.04,0.48
1993-06-08,31.68,18.51,64.29,0.46,0.48
1993-06-09,32.01,19.39,63.82,1.5,0.48
1993-06-10,28.83,20.54,68.75,1.21,0.47
1993-06-11,27.28,19.55,79.26,6.16,0.48
1993-06-12,24.94,19.3,81.42,7.15,0.49
1993-06-13,26.22,19.26,79.57,9.01,0.5
1993-06-14,26.74,18.78,82.77,6.68,0.51
1993-06-15,26.51,19.09,79.98,3.87,0.52
1993-06-16,29.43,18.98,75.34,0.06,0.51
1993-06-17,27.37,19.77,78.25,0.68,0.5
1993-06-18,27.47,19.89,76.18,0.52,0.5
1993-06-19,27.84,19.98,76.42,2.2,0.5
1993-06-20,28.78,20.12,73.75,0.03,0.49
1993-06-21,29.01,19.65,73.2,0.58,0.49
1993-06-22,30.71,19.36,69.68,0.08,0.49
1993-06-23,30.83,19.32,70.19,0.1,0.48
1993-06-24,30.54,19.78,73.88,1.99,0.48
1993-06-25,28.87,19.93,74.14,0.04,0.48
1993-06-26,29.65,19.5,67.28,0.01,0.48
1993-06-27,32.07,19.64,64.6,0.03,0.48
1993-06-28,31.53,20.33,67.68,0.66,0.48
1993-06-29,25.48,20.87,80.94,0.82,0.48
1993-06-30,25.53,20.05,84.66,4.49,0.48
1993-07-01,28.09,19.55,76.75,2.05,0.48
1993-07-02,28.14,19.54,71.76,0.18,0.48
1993-07-03,31.93,19.92,65.48,0.31,0.48
1993-07-04,30.87,20.28,68.87,0.78,0.48
1993-07-05,30.01,20.46,69.67,0.12,0.48
1993-07-06,28.8,20.4,74.17,0.68,0.48
1993-07-07,28.88,20.3,75.72,1.57,0.48
1993-07-08,26.23,19.82,76.71,0.35,0.48
1993-07-09,28.9,18.91,72.96,0.25,0.48
1993-07-10,30.65,19.58,69.71,0.0,0.48
1993-07-11,29.18,20.33,70.18,0.17,0.47
1993-07-12,29.53,20.53,74.92,0.72,0.47
1993-07-13,26.64,20.48,81.11,4.86,0.48
1993-07-14,29.14,19.68,72.42,0.8,0.48
1993-07-15,28.44,19.42,73.64,0.52,0.48
1993-07-16,30.35,18.69,67.46,0.12,0.48
1993-07-17,29.76,20.08,65.98,0.05,0.48
1993-07-18,30.35,19.86,67.74,0.08,0.47
1993-07-19,28.56,20.57,76.01,2.97,0.47
1993-07-20,30.07,19.82,72.72,0.29,0.48
1993-07-21,27.27,19.82,74.2,0.18,0.48
1993-07-22,30.69,18.81,69.58,0.07,0.47
1993-07-23,31.48,19.55,68.85,0.01,0.47
1993-07-24,28.23,20.99,71.61,0.07,0.47
1993-07-25,25.44,20.95,78.91,0.25,0.47
1993-07-26,29.77,19.79,69.17,0.03,0.47
1993-07-27,32.66,20.22,61.66,0.03,0.47
1993-07-28,27.31,21.41,68.89,0.36,0.47
1993-07-29,29.11,20.66,68.74,0.18,0.47
1993-07-30,30.33,20.42,69.9,0.98,0.47
1993-07-31,28.87,20.02,72.72,0.34,0.47
1993-08-01,28.82,19.87,72.66,0.69,0.47
1993-08-02,28.94,19.38,74.07,1.81,0.47
1993-08-03,28.03,19.7,77.97,1.56,0.47
1993-08-04,28.43,18.93,74.71,0.21,0.47
1993-08-05,30.75,18.83,71.78,2.35,0.47
1993-08-06,28.37,20.09,71.89,0.05,0.47
1993-08-07,25.69,19.56,78.21,0.43,0.47
1993-08-08,25.21,19.45,81.32,0.95,0.47
1993-08-09,26.15,19.38,82.31,1.04,0.47
1993-08-10,30.95,20.23,70.45,0.08,0.47
1993-08-11,29.74,20.31,70.5,0.55,0.47
1993-08-12,31.97,19.63,67.42,0.15,0.47
1993-08-13,26.73,20.54,74.6,0.06,0.47
1993-08-14,26.9,20.33,75.23,0.31,0.47
1993-08-15,30.25,19.46,73.33,0.45,0.47
1993-08-16,27.83,20.73,75.62,0.5,0.47
1993-08-17,29.4,19.33,73.22,1.88,0.47
1993-08-18,28.92,19.74,79.06,1.96,0.47
1993-08-19,27.29,19.26,77.5,0.9,0.47
1993-08-20,28.41,18.5,75.07,0.64,0.47
1993-08-21,28.56,18.62,72.45,0.16,0.47
1993-08-22,27.97,18.24,76.94,0.69,0.47
1993-08-23,28.33,19.9,75.43,0.33,0.47
1993-08-24,28.61,19.39,70.86,0.05,0.47
1993-08-25,30.36,18.8,66.52,0.22,0.47
1993-08-26,27.44,19.7,68.85,0.06,0.47
1993-08-27,28.16,18.76,71.81,1.58,0.47
1993-08-28,28.37,18.52,80.48,21.63,0.49
1993-08-29,26.43,20.1,81.5,0.43,0.51
1993-08-30,30.56,19.59,74.07,2.3,0.5
1993-08-31,28.1,19.35,76.56,7.37,0.51
1993-09-01,25.59,18.57,80.9,1.34,0.51
1993-09-02,29.71,18.14,76.09,1.59,0.51
1993-09-03,25.62,19.61,81.82,1.03,0.5
1993-09-04,28.64,18.98,75.16,1.3,0.5
1993-09-05,25.35,19.23,85.18,3.65,0.5
1993-09-06,28.92,17.96,72.43,0.16,0.5
1993-09-07,30.4,17.91,69.41,0.12,0.49
1993-09-08,30.36,19.5,70.08,0.09,0.49
1993-09-09,31.5,18.87,65.86,1.05,0.49
1993-09-10,29.99,19.58,70.58,1.87,0.49
1993-09-11,30.09,19.54,77.64,3.07,0.49
1993-09-12,26.23,19.1,78.31,0.52,0.49
1993-09-13,30.42,19.13,68.92,0.0,0.49
1993-09-14,28.87,19.22,75.64,0.0,0.48
1993-09-15,31.08,18.75,67.49,0.0,0.48
1993-09-16,30.1,19.15,65.77,0.01,0.48
1993-09-17,31.1,19.66,63.29,0.27,0.48
1993-09-18,25.65,20.38,73.97,0.38,0.48
1993-09-19,30.71,19.08,68.85,0.49,0.48
1993-09-20,30.52,19.68,68.1,0.27,0.48
1993-09-21,29.92,18.53,72.42,1.09,0.47
1993-09-22,31.87,18.3,65.88,0.03,0.47
1993-09-23,28.59,18.53,66.58,0.2,0.47
1993-09-24,32.78,17.66,62.34,0.03,0.47
1993-09-25,31.68,20.95,58.06,0.16,0.47
1993-09-26,30.13,19.71,71.26,5.28,0.47
1993-09-27,26.98,19.7,76.77,0.0,0.48
1993-09-28,27.75,18.99,75.37,0.03,0.48
1993-09-29,31.22,18.19,68.29,0.8,0.48
1993-09-30,30.3,19.47,74.48,10.65,0.48
1993-10-01,23.4,19.08,89.14,4.69,0.5
1993-10-02,28.53,17.89,75.23,0.44,0.5
1993-10-03,27.93,18.83,77.83,0.13,0.49
1993-10-04,24.6,19.91,82.69,0.01,0.49
1993-10-05,24.69,19.17,79.95,0.05,0.49
1993-10-06,26.49,18.44,75.36,0.35,0.49
1993-10-07,28.54,17.75,71.35,0.01,0.49
1993-10-08,30.46,18.32,67.61,0.01,0.48
1993-10-09,30.09,19.27,67.95,0.08,0.48
1993-10-10,30.79,18.53,67.15,2.84,0.48
1993-10-11,30.94,20.06,64.41,0.06,0.48
1993-10-12,29.19,18.71,68.53,0.04,0.48
1993-10-13,29.11,19.25,66.77,0.0,0.48
1993-10-14,30.68,18.29,61.17,0.03,0.48
1993-10-15,30.93,18.05,60.53,0.0,0.47
1993-10-16,27.28,19.41,68.43,0.0,0.47
1993-10-17,26.08,18.73,70.97,0.0,0.47
1993-10-18,30.63,17.7,60.3,0.04,0.47
1993-10-19,29.93,17.9,63.86,0.05,0.47
1993-10-20,26.94,17.21,68.18,0.25,0.47
1993-10-21,27.39,18.01,72.61,0.03,0.47
1993-10-22,27.64,17.32,73.23,0.22,0.47
1993-10-23,26.45,18.06,70.39,0.29,0.47
1993-10-24,26.12,17.63,73.69,0.35,0.47
1993-10-25,28.98,17.62,68.39,0.14,0.47
1993-10-26,28.96,17.36,67.09,0.12,0.47
1993-10-27,30.27,18.23,64.01,0.02,0.47
1993-10-28,30.41,18.43,63.58,0.1,0.47
1993-10-29,26.82,19.32,71.32,0.6,0.47
1993-10-30,20.9,15.93,75.91,0.04,0.47
1993-10-31,23.02,15.0,68.86,0.01,0.47
1993-11-01,25.94,14.93,63.38,0.0,0.47
1993-11-02,26.81,14.52,57.86,0.0,0.47
1993-11-03,27.52,15.11,56.1,0.0,0.47
1993-11-04,27.75,14.83,53.57,0.0,0.47
1993-11-05,27.97,13.82,55.57,0.0,0.47
1993-11-06,28.38,17.07,51.67,0.0,0.47
1993-11-07,29.26,14.8,52.49,0.0,0.47
1993-11-08,29.17,14.94,46.3,0.0,0.47
1993-11-09,28.86,13.39,44.02,0.0,0.46
1993-11-10,28.87,13.09,42.8,0.0,0.46
1993-11-11,29.11,14.38,37.8,0.0,0.46
1993-11-12,28.73,13.01,49.35,0.0,0.46
1993-11-13,27.62,13.11,44.15,0.0,0.46
1993-11-14,27.55,14.03,38.22,0.0,0.46
1993-11-15,26.37,13.47,34.27,0.0,0.46
1993-11-16,27.34,12.48,41.63,0.67,0.46
1993-11-17,27.39,12.0,50.22,0.0,0.46
1993-11-18,24.63,12.9,63.46,0.05,0.46
1993-11-19,27.66,12.68,54.95,0.0,0.46
1993-11-20,27.96,14.73,45.66,0.0,0.46
1993-11-21,29.07,12.7,51.8,0.0,0.46
1993-11-22,29.36,13.34,57.9,0.0,0.46
1993-11-23,28.32,15.15,46.78,0.0,0.46
1993-11-24,25.86,14.98,65.19,0.0,0.46
1993-11-25,27.85,14.6,62.6,0.0,0.46
1993-11-26,27.52,14.8,62.39,0.0,0.46
1993-11-27,28.41,13.45,59.84,0.0,0.46
1993-11-28,28.46,13.63,61.67,0.0,0.46
1993-11-29,28.27,13.23,59.56,0.0,0.46
1993-11-30,28.41,13.52,54.89,0.0,0.46
1993-12-01,28.69,14.21,50.67,0.0,0.46
1993-12-02,27.2,14.85,50.7,0.0,0.46
1993-12-03,28.53,14.88,46.98,0.0,0.46
1993-12-04,28.25,12.07,42.72,0.0,0.46
1993-12-05,29.12,12.39,53.19,0.0,0.46
1993-12-06,28.79,12.93,63.69,0.0,0.46
1993-12-07,28.2,12.91,61.14,0.0,0.46
1993-12-08,27.77,12.43,55.27,0.0,0.46
1993-12-09,28.49,13.26,53.09,0.0,0.46
1993-12-10,28.2,12.6,59.55,0.0,0.46
1993-12-11,27.16,12.75,63.42,0.0,0.46
1993-12-12,26.18,13.31,65.08,0.0,0.46
1993-12-13,26.43,15.05,60.79,0.0,0.46
1993-12-14,26.89,12.83,58.79,0.0,0.46
1993-12-15,26.98,13.26,53.59,0.0,0.46
1993-12-16,27.52,12.71,51.46,0.02,0.46
1993-12-17,25.68,13.0,66.58,0.0,0.46
1993-12-18,25.78,11.98,56.7,0.0,0.46
1993-12-19,25.54,10.8,56.44,0.0,0.46
1993-12-20,25.67,10.31,48.29,0.0,0.46
1993-12-21,25.38,10.72,51.29,0.0,0.46
1993-12-22,25.08,10.53,60.23,0.0,0.46
1993-12-23,25.28,10.3,58.65,0.0,0.46
1993-12-24,25.08,9.68,56.49,0.0,0.46
1993-12-25,24.11,7.99,49.65,0.0,0.46
1993-12-26,25.36,7.06,42.62,0.0,0.46
1993-12-27,24.88,6.73,36.38,0.0,0.46
1993-12-28,25.71,6.5,31.65,0.0,0.46
1993-12-29,25.77,7.45,30.55,0.0,0.46
1993-12-30,26.21,10.99,23.33,0.0,0.46
1993-12-31,28.66,11.55,24.73,0.0,0.46
1994-01-01,27.38,11.58,29.22,0.0,0.46
1994-01-02,27.26,13.22,27.38,0.0,0.46
1994-01-03,25.81,12.98,28.61,0.0,0.46
1994-01-04,25.74,13.35,32.43,0.0,0.46
1994-01-05,27.53,12.31,44.15,0.01,0.46
1994-01-06,26.81,13.39,50.05,0.0,0.46
1994-01-07,26.73,12.36,42.41,0.0,0.46
1994-01-08,26.8,12.35,30.47,0.0,0.46
1994-01-09,26.74,11.07,29.12,0.0,0.46
1994-01-10,26.9,10.23,26.51,0.0,0.46
1994-01-11,27.38,10.56,23.79,0.0,0.46
1994-01-12,26.98,11.45,21.88,0.0,0.46
1994-01-13,28.08,11.27,20.52,0.0,0.46
1994-01-14,29.45,12.64,23.35,0.0,0.46
1994-01-15,27.01,10.94,35.68,0.0,0.46
1994-01-16,26.81,10.86,45.81,0.0,0.46
1994-01-17,25.68,10.91,50.8,0.0,0.46
1994-01-18,27.8,11.06,52.4,0.0,0.46
1994-01-19,27.63,11.8,46.36,0.0,0.46
1994-01-20,28.46,12.06,30.88,0.0,0.46
1994-01-21,26.75,11.9,29.37,0.53,0.46
1994-01-22,27.75,12.1,32.52,0.0,0.46
1994-01-23,28.11,12.63,37.61,0.0,0.46
1994-01-24,26.47,10.99,43.51,0.0,0.46
1994-01-25,27.69,11.18,38.23,0.0,0.46
1994-01-26,28.29,11.56,37.96,0.0,0.46
1994-01-27,27.95,10.59,44.15,0.0,0.46
1994-01-28,28.12,10.74,46.12,0.0,0.46
1994-01-29,29.32,10.81,36.5,0.0,0.46
1994-01-30,28.04,10.51,39.35,0.0,0.46
1994-01-31,26.35,9.78,43.41,0.0,0.46
1994-02-01,28.23,10.64,41.88,0.0,0.46
1994-02-02,26.45,14.14,49.75,0.09,0.46
1994-02-03,24.85,14.48,67.37,0.04,0.46
1994-02-04,25.69,11.57,45.6,0.0,0.46
1994-02-05,27.95,10.58,30.02,0.0,0.46
1994-02-06,29.54,12.97,21.77,0.0,0.46
1994-02-07,28.44,13.5,19.36,0.0,0.46
1994-02-08,30.68,11.78,18.59,0.0,0.46
1994-02-09,29.17,13.55,19.78,0.01,0.46
1994-02-10,25.46,12.68,47.5,0.0,0.46
1994-02-11,27.78,11.04,36.83,0.0,0.46
1994-02-12,28.4,10.29,27.07,0.0,0.46
1994-02-13,28.48,11.42,25.35,0.0,0.46
1994-02-14,29.34,9.42,21.81,0.0,0.46
1994-02-15,29.17,11.69,23.35,0.0,0.46
1994-02-16,28.73,13.14,22.98,0.0,0.46
1994-02-17,29.3,12.08,23.63,0.0,0.46
1994-02-18,28.81,13.53,25.09,0.0,0.46
1994-02-19,27.32,10.73,25.81,0.0,0.46
1994-02-20,30.09,9.0,27.05,0.0,0.46
1994-02-21,30.23,12.05,20.13,0.0,0.46
1994-02-22,28.89,11.52,26.16,0.0,0.46
1994-02-23,26.71,9.98,56.36,0.0,0.46
1994-02-24,29.81,12.76,48.12,0.0,0.46
1994-02-25,29.4,12.78,33.39,0.0,0.46
1994-02-26,29.35,11.58,26.78,0.0,0.46
1994-02-27,29.64,11.41,26.71,0.0,0.46
1994-02-28,27.94,10.5,21.97,0.0,0.46
1994-03-01,28.63,11.27,27.53,0.0,0.46
1994-03-02,29.59,11.99,31.53,0.0,0.46
1994-03-03,28.91,13.24,29.55,0.0,0.46
1994-03-04,28.43,12.49,26.22,0.0,0.46
1994-03-05,29.56,12.13,20.83,0.0,0.46
1994-03-06,30.91,13.27,22.71,0.0,0.46
1994-03-07,31.14,13.07,29.8,0.0,0.46
1994-03-08,32.05,16.54,25.13,0.0,0.46
1994-03-09,31.59,13.53,27.3,0.0,0.46
1994-03-10,31.59,15.99,17.14,0.0,0.46
1994-03-11,31.04,13.99,21.06,0.0,0.46
1994-03-12,31.95,12.15,18.93,0.0,0.46
1994-03-13,32.13,13.68,20.69,0.0,0.46
1994-03-14,32.4,14.07,24.7,0.0,0.46
1994-03-15,32.15,14.51,30.8,0.0,0.46
1994-03-16,31.95,14.62,34.04,0.0,0.46
1994-03-17,33.06,15.42,30.09,0.0,0.46
1994-03-18,33.18,15.82,31.1,0.0,0.46
1994-03-19,33.19,15.28,36.84,0.0,0.46
1994-03-20,32.64,15.19,36.73,0.0,0.46
1994-03-21,31.77,14.16,35.16,0.0,0.46
1994-03-22,31.46,14.53,41.17,0.0,0.46
1994-03-23,32.66,16.15,51.97,0.43,0.46
1994-03-24,30.59,18.11,55.26,0.19,0.46
1994-03-25,29.61,16.43,55.87,0.82,0.46
1994-03-26,30.04,16.35,57.58,5.97,0.47
1994-03-27,24.25,16.16,78.08,21.48,0.49
1994-03-28,26.03,16.75,75.75,2.86,0.51
1994-03-29,26.86,15.23,68.62,0.16,0.5
1994-03-30,27.43,16.25,59.86,0.0,0.5
1994-03-31,27.84,14.83,65.06,0.0,0.49
1994-04-01,29.73,16.47,62.58,0.0,0.49
1994-04-02,27.64,16.88,60.13,0.76,0.48
1994-04-03,25.2,16.17,62.0,0.0,0.48
1994-04-04,30.68,16.29,47.67,0.0,0.48
1994-04-05,32.01,16.59,41.67,0.0,0.47
1994-04-06,32.27,18.19,39.04,0.0,0.47
1994-04-07,33.03,18.01,38.76,0.0,0.47
1994-04-08,33.49,17.95,44.6,0.0,0.47
1994-04-09,32.67,17.59,52.53,0.0,0.47
1994-04-10,35.09,18.82,41.71,0.0,0.46
1994-04-11,34.14,18.43,42.54,0.0,0.46
1994-04-12,33.65,18.11,44.84,0.19,0.46
1994-04-13,34.0,19.36,45.42,0.02,0.46
1994-04-14,33.56,20.8,44.89,0.42,0.46
1994-04-15,33.95,19.1,40.81,0.31,0.46
1994-04-16,33.7,17.47,41.55,0.0,0.46
1994-04-17,33.1,18.01,40.75,0.06,0.46
1994-04-18,31.53,17.77,48.72,0.01,0.46
1994-04-19,31.79,17.11,50.29,0.18,0.46
1994-04-20,30.59,17.83,54.69,0.18,0.46
1994-04-21,32.32,17.44,47.74,0.0,0.46
1994-04-22,32.03,18.34,40.86,0.0,0.46
1994-04-23,33.3,18.8,46.83,0.06,0.46
1994-04-24,30.34,20.13,54.68,0.0,0.46
1994-04-25,32.21,18.69,48.25,0.0,0.46
1994-04-26,34.35,18.89,38.48,0.0,0.46
1994-04-27,35.84,20.13,33.03,1.86,0.46
1994-04-28,34.07,19.59,44.56,0.01,0.46
1994-04-29,31.91,21.05,52.4,0.95,0.46
1994-04-30,30.01,20.45,59.92,0.0,0.46
1994-05-01,30.97,20.02,51.77,0.0,0.46
1994-05-02,32.89,19.68,49.37,0.2,0.46
1994-05-03,30.45,19.53,67.02,1.36,0.46
1994-05-04,29.45,19.76,63.24,0.05,0.46
1994-05-05,34.42,18.45,52.69,0.06,0.46
1994-05-06,33.93,21.75,56.3,0.37,0.46
1994-05-07,32.0,20.96,58.87,1.04,0.46
1994-05-08,30.02,21.21,62.06,0.94,0.46
1994-05-09,29.42,19.82,57.89,0.1,0.46
1994-05-10,29.93,20.56,57.72,0.64,0.46
1994-05-11,33.04,19.27,53.46,0.22,0.46
1994-05-12,33.07,20.27,53.05,0.37,0.46
1994-05-13,32.16,20.28,52.19,0.01,0.46
1994-05-14,34.59,19.66,50.35,0.01,0.46
1994-05-15,32.59,20.82,58.82,0.6,0.46
1994-05-16,33.12,20.66,56.58,0.06,0.46
1994-05-17,33.49,20.67,53.69,0.55,0.46
1994-05-18,34.25,20.56,39.72,0.64,0.46
1994-05-19,34.81,20.32,41.25,1.49,0.46
1994-05-20,33.7,19.77,45.52,0.63,0.46
1994-05-21,30.59,21.92,54.82,0.6,0.46
1994-05-22,32.6,20.79,55.47,0.02,0.46
1994-05-23,33.75,20.52,53.55,0.08,0.46
1994-05-24,31.22,21.3,59.55,0.02,0.46
1994-05-25,32.84,21.21,56.41,0.05,0.46
1994-05-26,30.76,22.02,62.56,1.5,0.46
1994-05-27,30.69,21.66,65.44,1.52,0.46
1994-05-28,28.34,20.77,74.36,3.73,0.47
1994-05-29,32.48,20.66,64.11,0.37,0.47
1994-05-30,31.95,20.93,64.46,0.9,0.47
1994-05-31,31.11,21.18,64.79,0.13,0.47
1994-06-01,33.07,20.68,62.06,0.0,0.47
1994-06-02,33.35,21.03,58.34,0.03,0.47
1994-06-03,31.29,21.25,63.58,0.16,0.47
1994-06-04,33.32,20.86,60.51,0.32,0.46
1994-06-05,30.66,21.67,67.82,1.9,0.47
1994-06-06,27.14,21.19,79.04,1.24,0.47
1994-06-07,26.45,21.07,77.89,0.55,0.47
1994-06-08,28.13,21.02,77.14,0.42,0.47
1994-06-09,28.28,21.14,74.14,0.67,0.47
1994-06-10,27.28,20.81,76.36,0.45,0.47
1994-06-11,28.62,20.26,72.97,0.47,0.47
1994-06-12,29.9,20.08,72.27,1.26,0.47
1994-06-13,31.24,20.56,69.27,0.87,0.47
1994-06-14,30.39,20.5,70.01,0.47,0.47
1994-06-15,31.34,20.54,67.36,0.27,0.47
1994-06-16,27.74,20.51,71.32,0.39,0.47
1994-06-17,28.49,19.79,72.75,4.81,0.47
1994-06-18,29.34,19.24,70.27,0.19,0.47
1994-06-19,29.87,19.03,68.31,0.21,0.47
1994-06-20,30.94,19.62,67.88,0.89,0.47
1994-06-21,30.57,20.05,74.62,7.05,0.47
1994-06-22,27.12,20.37,78.58,0.48,0.48
1994-06-23,31.87,20.46,71.62,0.54,0.48
1994-06-24,30.38,20.63,72.98,0.09,0.48
1994-06-25,29.67,20.27,74.32,0.87,0.47
1994-06-26,26.69,20.14,82.04,3.12,0.48
1994-06-27,25.22,19.55,78.55,1.09,0.48
1994-06-28,27.98,19.21,72.7,0.41,0.48
1994-06-29,29.34,19.22,70.79,0.69,0.47
1994-06-30,29.23,20.54,71.52,0.68,0.47
1994-07-01,30.57,19.78,73.17,1.02,0.47
1994-07-02,28.86,19.87,70.25,0.04,0.47
1994-07-03,29.89,19.58,65.36,0.01,0.47
1994-07-04,29.97,19.82,65.9,0.37,0.47
1994-07-05,31.01,19.85,66.4,0.21,0.47
1994-07-06,29.7,20.61,70.9,0.07,0.47
1994-07-07,29.52,20.68,73.37,0.33,0.47
1994-07-08,27.59,20.6,73.35,1.07,0.47
1994-07-09,30.69,19.67,76.44,1.02,0.47
1994-07-10,29.28,20.68,76.18,1.0,0.47
1994-07-11,27.52,20.79,72.55,0.29,0.47
1994-07-12,29.2,20.59,71.48,0.14,0.47
1994-07-13,30.35,20.68,72.53,1.26,0.47
1994-07-14,28.99,20.5,71.82,0.33,0.47
1994-07-15,29.14,20.92,72.75,0.17,0.47
1994-07-16,26.34,20.62,76.69,0.85,0.47
1994-07-17,28.39,19.97,76.45,4.36,0.47
1994-07-18,27.95,18.72,72.71,0.56,0.47
1994-07-19,27.63,18.07,75.06,3.85,0.47
1994-07-20,28.7,18.3,72.89,1.47,0.48
1994-07-21,28.99,18.96,73.42,0.72,0.48
1994-07-22,29.69,19.2,72.44,0.11,0.47
1994-07-23,30.84,18.92,70.79,0.82,0.47
1994-07-24,28.98,19.8,74.84,0.59,0.47
1994-07-25,25.47,18.58,79.07,1.24,0.47
1994-07-26,29.08,18.74,72.89,1.39,0.47
1994-07-27,25.67,19.22,81.97,5.11,0.48
1994-07-28,27.33,19.36,80.75,2.01,0.48
1994-07-29,29.37,19.69,70.78,0.18,0.48
1994-07-30,30.02,19.04,70.33,0.3,0.48
1994-07-31,29.73,18.91,73.43,3.34,0.48
1994-08-01,25.16,19.74,84.81,4.05,0.49
1994-08-02,31.17,19.66,72.03,0.64,0.48
1994-08-03,29.36,20.34,73.75,0.84,0.48
1994-08-04,27.7,20.24,76.34,0.61,0.48
1994-08-05,29.0,20.28,75.54,0.16,0.48
1994-08-06,28.48,20.81,72.48,0.22,0.48
1994-08-07,28.58,20.27,70.3,0.25,0.48
1994-08-08,27.12,19.97,76.42,1.0,0.48
1994-08-09,24.84,18.83,83.85,5.15,0.48
1994-08-10,26.39,18.24,76.03,0.05,0.48
1994-08-11,28.64,19.11,73.14,0.0,0.48
1994-08-12,30.5,18.83,67.09,0.01,0.48
1994-08-13,25.54,19.02,78.37,0.57,0.48
1994-08-14,24.87,19.19,86.26,3.6,0.48
1994-08-15,29.73,19.1,76.67,1.71,0.48
1994-08-16,29.63,19.95,75.25,0.57,0.48
1994-08-17,25.16,19.24,81.6,1.06,0.48
1994-08-18,27.12,19.36,79.82,3.69,0.48
1994-08-19,28.78,18.92,76.22,1.74,0.48
1994-08-20,29.75,19.97,75.69,1.52,0.48
1994-08-21,31.46,18.62,70.39,0.73,0.48
1994-08-22,30.32,19.59,73.67,1.53,0.48
1994-08-23,24.81,18.95,86.38,9.91,0.49
1994-08-24,27.54,18.82,79.62,1.06,0.5
1994-08-25,29.58,19.26,76.64,1.17,0.49
1994-08-26,28.93,18.86,77.06,1.43,0.49
1994-08-27,29.99,18.34,74.33,1.31,0.49
1994-08-28,30.5,18.75,71.62,0.13,0.49
1994-08-29,30.25,19.53,69.3,0.69,0.48
1994-08-30,26.88,20.35,81.8,3.45,0.48
1994-08-31,24.91,19.68,83.68,0.64,0.49
1994-09-01,29.24,19.2,73.69,0.49,0.49
1994-09-02,31.57,18.71,68.13,0.09,0.48
1994-09-03,31.99,19.6,65.59,0.11,0.48
1994-09-04,32.74,20.01,64.81,0.03,0.48
1994-09-05,29.71,20.57,68.28,0.29,0.48
1994-09-06,31.66,19.68,70.16,1.49,0.48
1994-09-07,26.54,21.14,78.33,0.02,0.48
1994-09-08,30.39,20.32,73.13,0.18,0.48
1994-09-09,29.93,19.42,68.68,0.43,0.47
1994-09-10,28.07,20.12,79.58,4.62,0.48
1994-09-11,27.58,19.11,77.38,2.09,0.48
1994-09-12,27.35,19.31,76.26,0.93,0.48
1994-09-13,25.11,19.51,83.2,0.95,0.48
1994-09-14,31.45,18.6,69.31,0.94,0.48
1994-09-15,29.35,20.05,75.87,1.2,0.48
1994-09-16,25.84,19.4,79.57,1.15,0.48
1994-09-17,26.42,19.17,78.42,0.3,0.48
1994-09-18,27.62,18.36,68.81,0.19,0.48
1994-09-19,29.95,18.21,69.51,0.0,0.48
1994-09-20,29.57,19.24,70.37,0.02,0.48
1994-09-21,30.46,19.28,69.32,0.08,0.48
1994-09-22,29.49,20.02,69.76,0.0,0.47
1994-09-23,27.36,20.04,70.27,0.01,0.47
1994-09-24,29.6,19.65,69.25,0.24,0.47
1994-09-25,26.31,20.04,80.91,0.64,0.47
1994-09-26,30.41,18.94,70.5,0.09,0.47
1994-09-27,27.25,19.15,70.83,0.02,0.47
1994-09-28,29.18,20.19,72.99,0.25,0.47
1994-09-29,27.49,19.72,79.55,6.46,0.47
1994-09-30,28.26,18.75,74.83,1.69,0.48
1994-10-01,30.18,18.6,69.36,0.1,0.48
1994-10-02,28.3,19.19,69.16,0.3,0.48
1994-10-03,28.1,19.52,71.52,0.04,0.48
1994-10-04,27.31,19.58,77.83,1.14,0.48
1994-10-05,28.2,18.16,72.62,0.94,0.48
1994-10-06,26.91,19.44,72.18,0.04,0.48
1994-10-07,27.86,19.07,70.01,0.02,0.48
1994-10-08,27.76,18.36,71.44,0.03,0.48
1994-10-09,28.53,18.49,70.9,0.0,0.47
1994-10-10,28.6,19.11,71.8,0.03,0.47
1994-10-11,29.9,18.65,67.98,0.3,0.47
1994-10-12,29.96,18.41,68.92,0.62,0.47
1994-10-13,30.41,18.89,63.85,0.0,0.47
1994-10-14,32.28,16.67,48.89,0.0,0.47
1994-10-15,30.86,17.4,45.4,0.71,0.47
1994-10-16,31.45,17.89,51.44,1.0,0.47
1994-10-17,30.05,18.33,63.49,0.37,0.47
1994-10-18,30.03,18.13,61.77,0.0,0.47
1994-10-19,31.37,18.14,57.47,0.0,0.47
1994-10-20,28.92,16.18,64.22,0.45,0.47
1994-10-21,25.39,14.04,55.15,0.0,0.47
1994-10-22,28.03,13.82,47.52,0.0,0.47
1994-10-23,28.36,15.01,46.13,0.0,0.47
1994-10-24,29.18,14.15,46.58,0.0,0.46
1994-10-25,29.93,14.94,48.97,0.0,0.46
1994-10-26,29.81,14.88,52.25,0.0,0.46
1994-10-27,28.61,15.06,55.75,0.0,0.46
1994-10-28,29.22,16.81,57.09,0.0,0.46
1994-10-29,27.69,16.97,57.48,0.0,0.46
1994-10-30,29.71,15.59,55.59,0.0,0.46
1994-10-31,27.51,17.59,64.29,0.0,0.46
1994-11-01,27.74,16.81,69.23,0.0,0.46
1994-11-02,26.34,16.45,65.53,0.0,0.46
1994-11-03,29.26,13.3,56.69,0.0,0.46
1994-11-04,29.37,13.24,54.32,0.0,0.46
1994-11-05,29.45,14.03,54.31,0.0,0.46
1994-11-06,29.29,14.13,55.19,0.0,0.46
1994-11-07,28.37,13.3,51.38,0.0,0.46
1994-11-08,28.42,11.73,52.07,0.0,0.46
1994-11-09,28.44,11.76,53.88,0.0,0.46
1994-11-10,28.42,13.27,53.6,0.0,0.46
1994-11-11,25.54,14.22,55.52,0.0,0.46
1994-11-12,27.53,13.4,52.83,0.0,0.46
1994-11-13,27.19,15.34,50.37,0.0,0.46
1994-11-14,27.27,15.71,51.14,0.0,0.46
1994-11-15,27.01,13.59,55.58,0.0,0.46
1994-11-16,27.33,13.3,59.66,0.0,0.46
1994-11-17,27.44,13.35,58.35,0.0,0.46
1994-11-18,26.64,14.48,54.98,0.14,0.46
1994-11-19,25.47,15.33,62.22,0.62,0.46
1994-11-20,26.91,13.51,57.42,0.0,0.46
1994-11-21,27.15,13.87,59.71,0.0,0.46
1994-11-22,29.14,13.53,59.46,0.0,0.46
1994-11-23,27.43,13.93,60.7,0.0,0.46
1994-11-24,25.91,15.98,62.22,0.01,0.46
1994-11-25,22.16,15.11,79.17,2.35,0.46
1994-11-26,21.21,15.24,89.45,5.43,0.47
1994-11-27,23.75,14.16,86.06,10.79,0.48
1994-11-28,25.42,13.72,72.03,0.36,0.49
1994-11-29,25.25,12.41,65.3,1.21,0.49
1994-11-30,24.69,11.3,71.6,2.52,0.49
1994-12-01,25.18,11.74,66.58,2.42,0.49
1994-12-02,25.53,11.86,49.7,0.49,0.49
1994-12-03,24.65,10.65,56.81,1.22,0.49
1994-12-04,25.2,10.91,68.57,0.14,0.48
1994-12-05,25.0,11.86,66.6,0.53,0.48
1994-12-06,24.69,12.78,54.49,0.18,0.48
1994-12-07,25.07,10.29,44.2,0.0,0.48
1994-12-08,24.99,10.48,38.17,0.0,0.48
1994-12-09,25.14,9.69,37.03,0.0,0.47
1994-12-10,26.11,9.57,38.74,0.0,0.47
1994-12-11,26.77,11.03,35.17,0.0,0.47
1994-12-12,26.35,11.0,37.27,0.0,0.47
1994-12-13,26.57,8.47,36.49,0.0,0.47
1994-12-14,26.12,8.71,40.03,0.0,0.47
1994-12-15,26.68,9.15,49.66,0.01,0.47
1994-12-16,25.67,10.4,53.32,0.07,0.47
1994-12-17,26.82,10.64,51.21,0.05,0.47
1994-12-18,21.34,12.84,82.02,0.46,0.47
1994-12-19,23.3,13.65,74.55,0.15,0.47
1994-12-20,24.01,14.07,71.09,0.03,0.47
1994-12-21,20.32,13.57,78.52,0.05,0.47
1994-12-22,23.06,14.12,70.03,0.03,0.47
1994-12-23,22.91,12.8,62.01,0.0,0.47
1994-12-24,24.69,9.87,56.8,0.0,0.47
1994-12-25,25.35,10.27,40.87,0.0,0.47
1994-12-26,26.28,9.93,37.19,0.0,0.47
1994-12-27,26.27,9.72,35.08,0.0,0.46
1994-12-28,26.26,9.42,44.56,0.0,0.46
1994-12-29,26.02,9.47,50.83,0.0,0.46
1994-12-30,24.83,9.64,49.69,0.0,0.46
1994-12-31,25.19,9.54,58.49,0.0,0.46
1995-01-01,25.0,9.45,61.74,0.03,0.46
1995-01-02,24.04,9.6,54.82,0.09,0.46
1995-01-03,24.92,7.8,35.68,0.0,0.46
1995-01-04,26.03,7.58,26.16,0.0,0.46
1995-01-05,25.84,7.25,39.75,0.0,0.46
1995-01-06,25.48,9.44,58.72,0.0,0.46
1995-01-07,24.81,9.21,53.91,0.0,0.46
1995-01-08,26.19,10.87,33.11,0.0,0.46
1995-01-09,25.94,10.68,35.81,0.0,0.46
1995-01-10,26.55,9.77,33.49,0.0,0.46
1995-01-11,27.5,11.19,31.91,0.0,0.46
1995-01-12,27.83,11.59,36.84,0.0,0.46
1995-01-13,26.26,12.22,53.12,0.0,0.46
1995-01-14,25.76,11.79,54.81,0.0,0.46
1995-01-15,27.26,11.4,44.92,0.0,0.46
1995-01-16,27.67,11.74,52.88,0.0,0.46
1995-01-17,27.7,13.57,62.26,0.0,0.46
1995-01-18,28.16,13.25,51.31,0.0,0.46
1995-01-19,26.37,13.13,45.74,0.0,0.46
1995-01-20,25.94,10.7,50.34,0.0,0.46
1995-01-21,25.73,9.77,36.37,0.0,0.46
1995-01-22,25.69,9.61,27.18,0.0,0.46
1995-01-23,25.69,7.76,23.75,0.0,0.46
1995-01-24,26.28,6.71,21.69,0.0,0.46
1995-01-25,26.07,8.5,20.35,0.0,0.46
1995-01-26,26.71,8.5,19.04,0.01,0.46
1995-01-27,26.47,8.29,20.09,0.0,0.46
1995-01-28,26.98,8.33,26.09,0.0,0.46
1995-01-29,26.93,10.97,39.98,0.0,0.46
1995-01-30,25.75,10.76,37.3,0.0,0.46
1995-01-31,27.18,9.58,25.55,0.0,0.46
1995-02-01,26.89,8.55,48.44,0.0,0.46
1995-02-02,23.63,11.29,66.36,0.0,0.46
1995-02-03,25.09,10.77,57.82,0.0,0.46
1995-02-04,25.23,10.49,61.3,0.01,0.46
1995-02-05,24.65,13.46,61.63,0.03,0.46
1995-02-06,23.55,12.66,59.26,0.11,0.46
1995-02-07,25.15,11.71,46.91,0.02,0.46
1995-02-08,26.48,9.59,26.09,0.0,0.46
1995-02-09,25.89,8.79,29.22,0.0,0.46
1995-02-10,25.72,8.31,35.26,0.0,0.46
1995-02-11,26.41,10.75,32.67,0.0,0.46
1995-02-12,27.57,11.2,39.62,0.0,0.46
1995-02-13,27.71,10.91,47.52,0.0,0.46
1995-02-14,29.05,12.69,39.71,0.0,0.46
1995-02-15,29.09,13.74,37.96,0.0,0.46
1995-02-16,26.93,10.85,38.32,0.0,0.46
1995-02-17,24.67,10.34,56.65,0.0,0.46
1995-02-18,26.7,10.3,38.71,0.0,0.46
1995-02-19,27.03,9.96,30.29,0.0,0.46
1995-02-20,27.1,10.92,45.91,0.0,0.46
1995-02-21,27.93,12.08,48.73,0.0,0.46
1995-02-22,28.93,12.99,34.49,0.0,0.46
1995-02-23,29.26,12.6,38.85,0.0,0.46
1995-02-24,28.31,11.83,38.62,0.0,0.46
1995-02-25,27.32,11.75,49.3,0.0,0.46
1995-02-26,27.39,10.98,39.44,0.0,0.46
1995-02-27,30.16,11.85,21.85,0.0,0.46
1995-02-28,28.23,12.71,25.17,0.0,0.46
1995-03-01,27.54,11.28,37.16,0.0,0.46
1995-03-02,28.95,13.96,24.26,0.0,0.46
1995-03-03,29.74,12.46,22.86,0.0,0.46
1995-03-04,31.21,13.51,20.07,0.0,0.46
1995-03-05,29.82,14.35,24.77,0.0,0.46
1995-03-06,29.99,13.34,33.07,0.0,0.46
1995-03-07,31.38,13.03,28.81,0.0,0.46
1995-03-08,31.86,16.43,24.43,0.0,0.46
1995-03-09,33.07,16.89,25.23,0.0,0.46
1995-03-10,32.13,14.59,25.53,0.0,0.46
1995-03-11,32.45,13.96,28.81,0.0,0.46
1995-03-12,31.69,14.96,30.9,0.0,0.46
1995-03-13,31.78,16.88,28.02,0.0,0.46
1995-03-14,31.98,16.28,31.41,0.0,0.46
1995-03-15,32.91,15.46,26.0,0.0,0.46
1995-03-16,32.59,16.37,18.75,0.0,0.46
1995-03-17,32.88,14.19,26.02,0.0,0.46
1995-03-18,32.94,17.23,26.36,0.0,0.46
1995-03-19,34.04,17.28,26.79,0.0,0.46
1995-03-20,32.67,16.04,28.3,0.0,0.46
1995-03-21,32.28,15.62,29.98,0.0,0.46
1995-03-22,32.41,15.21,28.98,0.0,0.46
1995-03-23,33.24,18.29,21.11,0.0,0.46
1995-03-24,33.05,15.16,34.53,0.0,0.46
1995-03-25,33.73,17.44,30.46,0.04,0.46
1995-03-26,34.39,15.45,28.42,2.2,0.46
1995-03-27,32.42,16.84,44.55,0.01,0.46
1995-03-28,30.08,17.96,46.04,0.14,0.46
1995-03-29,30.29,14.14,46.29,0.0,0.46
1995-03-30,31.79,15.36,44.31,0.0,0.46
1995-03-31,32.4,16.96,42.65,0.0,0.46
1995-04-01,33.28,16.37,40.07,0.0,0.46
1995-04-02,34.21,18.24,36.39,0.0,0.46
1995-04-03,33.48,17.94,37.65,0.01,0.46
1995-04-04,32.45,17.88,38.92,0.22,0.46
1995-04-05,31.06,17.61,44.25,0.1,0.46
1995-04-06,32.42,18.87,39.14,0.05,0.46
1995-04-07,32.67,16.34,36.39,0.08,0.46
1995-04-08,31.77,15.48,47.67,0.0,0.46
1995-04-09,33.34,16.57,38.9,0.0,0.46
1995-04-10,34.28,17.65,40.64,0.0,0.46
1995-04-11,35.69,19.56,32.25,0.0,0.46
1995-04-12,34.09,19.23,36.64,0.01,0.46
1995-04-13,31.9,18.2,42.72,0.06,0.46
1995-04-14,33.05,15.72,37.9,0.01,0.46
1995-04-15,31.44,18.71,43.99,0.0,0.46
1995-04-16,32.65,20.19,36.17,0.0,0.46
1995-04-17,34.17,21.09,29.07,0.0,0.46
1995-04-18,35.12,19.32,30.54,0.0,0.46
1995-04-19,36.07,19.25,28.93,0.01,0.46
1995-04-20,34.82,19.16,33.47,0.1,0.46
1995-04-21,33.75,17.32,33.08,0.0,0.46
1995-04-22,34.42,18.55,42.36,0.0,0.46
1995-04-23,33.88,20.12,35.07,0.0,0.46
1995-04-24,32.98,20.77,37.08,0.0,0.46
1995-04-25,32.18,20.06,36.97,0.03,0.46
1995-04-26,34.28,18.44,33.35,0.01,0.46
1995-04-27,34.75,19.19,29.17,0.0,0.46
1995-04-28,33.43,20.25,38.17,0.19,0.46
1995-04-29,34.61,19.83,40.74,0.0,0.46
1995-04-30,33.11,21.15,42.06,0.55,0.46
1995-05-01,33.26,22.28,38.66,0.17,0.46
1995-05-02,35.27,19.74,39.19,0.04,0.46
1995-05-03,31.59,22.01,48.55,0.17,0.46
1995-05-04,33.31,20.02,48.81,0.41,0.46
1995-05-05,31.31,21.44,55.01,3.11,0.46
1995-05-06,32.12,21.67,54.58,0.14,0.46
1995-05-07,30.65,21.49,58.11,3.22,0.46
1995-05-08,29.25,20.65,60.08,2.87,0.47
1995-05-09,29.44,19.73,65.75,0.02,0.47
1995-05-10,26.58,19.78,69.05,2.1,0.47
1995-05-11,25.71,18.93,73.63,0.17,0.47
1995-05-12,29.04,19.18,67.36,0.18,0.47
1995-05-13,30.37,19.65,68.51,1.35,0.47
1995-05-14,27.94,19.63,74.49,1.91,0.47
1995-05-15,27.98,18.54,70.93,1.9,0.47
1995-05-16,27.73,18.96,70.46,0.75,0.47
1995-05-17,28.57,18.94,72.15,1.43,0.47
1995-05-18,29.04,19.95,69.58,0.57,0.47
1995-05-19,32.82,20.06,56.73,0.0,0.47
1995-05-20,32.26,19.08,55.78,0.0,0.47
1995-05-21,32.94,19.05,49.45,0.03,0.47
1995-05-22,32.62,18.46,51.91,0.0,0.46
1995-05-23,32.58,20.12,51.59,0.0,0.46
1995-05-24,32.95,20.5,51.84,0.0,0.46
1995-05-25,34.37,20.61,55.0,0.11,0.46
1995-05-26,31.35,20.58,65.57,10.12,0.47
1995-05-27,31.22,19.89,71.87,11.33,0.49
1995-05-28,29.91,19.3,71.83,2.92,0.5
1995-05-29,26.91,19.58,77.33,0.6,0.49
1995-05-30,30.14,18.7,76.0,6.61,0.49
1995-05-31,30.95,19.0,71.13,0.01,0.5
1995-06-01,28.21,19.34,75.08,0.19,0.49
1995-06-02,27.08,20.68,80.56,0.28,0.49
1995-06-03,25.21,21.04,82.74,0.05,0.49
1995-06-04,29.28,20.75,76.98,0.53,0.48
1995-06-05,26.79,20.95,82.76,0.21,0.48
1995-06-06,29.37,19.65,70.2,0.3,0.48
1995-06-07,25.83,20.72,82.38,3.41,0.48
1995-06-08,28.99,20.48,78.55,0.2,0.48
1995-06-09,27.56,20.55,78.19,0.7,0.48
1995-06-10,26.86,20.39,81.26,3.41,0.48
1995-06-11,27.35,20.15,77.33,1.07,0.48
1995-06-12,29.42,18.88,72.51,0.76,0.48
1995-06-13,28.07,20.15,75.76,5.0,0.48
1995-06-14,29.41,19.11,74.41,0.05,0.48
1995-06-15,31.0,20.45,69.21,0.03,0.48
1995-06-16,29.38,20.52,73.16,0.67,0.48
1995-06-17,30.18,20.45,71.06,0.22,0.48
1995-06-18,29.66,20.16,70.38,0.13,0.48
1995-06-19,26.45,20.79,77.37,1.22,0.48
1995-06-20,29.49,20.38,71.65,0.24,0.48
1995-06-21,30.06,19.75,70.26,0.49,0.47
1995-06-22,27.15,20.1,75.27,0.42,0.47
1995-06-23,27.12,20.7,75.28,0.35,0.47
1995-06-24,30.19,20.44,70.22,0.01,0.47
1995-06-25,29.71,20.11,69.41,0.04,0.47
1995-06-26,29.07,20.59,71.01,0.23,0.47
1995-06-27,31.43,20.19,67.51,0.11,0.47
1995-06-28,31.05,19.73,68.39,0.74,0.47
1995-06-29,27.86,20.59,72.05,0.56,0.47
1995-06-30,28.85,20.39,73.98,0.66,0.47
1995-07-01,27.09,20.58,76.77,0.1,0.47
1995-07-02,28.1,20.7,75.69,0.32,0.47
1995-07-03,29.54,20.22,72.62,1.16,0.47
1995-07-04,31.0,20.19,71.53,2.34,0.47
1995-07-05,29.68,20.14,70.39,1.27,0.47
1995-07-06,26.52,20.36,75.3,0.53,0.47
1995-07-07,29.32,19.56,71.59,1.98,0.47
1995-07-08,27.97,20.44,76.34,1.6,0.47
1995-07-09,26.04,20.05,77.34,1.45,0.47
1995-07-10,28.7,19.41,71.84,0.3,0.47
1995-07-11,29.09,19.64,72.6,1.78,0.47
1995-07-12,27.42,19.47,77.76,1.72,0.48
1995-07-13,29.41,19.91,69.93,0.26,0.48
1995-07-14,28.33,19.36,77.44,0.93,0.47
1995-07-15,26.64,20.25,77.33,0.2,0.47
1995-07-16,27.21,19.88,77.49,2.03,0.47
1995-07-17,27.87,19.97,75.97,0.45,0.48
1995-07-18,28.64,19.85,71.11,0.22,0.47
1995-07-19,30.47,19.14,67.69,0.5,0.47
1995-07-20,30.03,19.02,69.98,0.54,0.47
1995-07-21,29.66,18.51,68.83,0.58,0.47
1995-07-22,31.57,19.16,65.14,0.0,0.47
1995-07-23,31.34,19.62,63.43,0.01,0.47
1995-07-24,31.86,19.89,62.74,0.14,0.47
1995-07-25,28.76,20.45,73.63,2.38,0.47
1995-07-26,25.39,20.0,83.78,1.59,0.47
1995-07-27,26.55,20.21,76.28,0.13,0.47
1995-07-28,29.63,19.62,69.04,0.16,0.47
1995-07-29,29.27,19.9,75.15,2.33,0.47
1995-07-30,25.13,19.8,86.05,4.14,0.47
1995-07-31,28.62,19.47,80.33,8.21,0.49
1995-08-01,26.59,19.27,81.72,1.96,0.49
1995-08-02,29.45,19.73,76.52,0.31,0.49
1995-08-03,30.62,19.15,70.18,0.07,0.49
1995-08-04,30.75,20.14,68.69,0.52,0.48
1995-08-05,28.08,20.12,75.57,1.41,0.48
1995-08-06,25.3,20.6,82.59,0.25,0.48
1995-08-07,27.98,20.83,73.17,0.49,0.48
1995-08-08,27.99,20.07,72.37,0.56,0.48
1995-08-09,25.92,19.89,75.59,0.91,0.48
1995-08-10,29.54,19.22,74.22,2.15,0.48
1995-08-11,27.45,19.65,76.65,0.4,0.48
1995-08-12,27.3,19.35,78.95,0.9,0.48
1995-08-13,26.5,19.47,78.97,1.52,0.48
1995-08-14,29.98,18.58,73.3,0.69,0.48
1995-08-15,25.75,20.36,77.06,0.65,0.48
1995-08-16,30.6,19.39,70.93,0.74,0.48
1995-08-17,28.02,19.37,77.15,1.02,0.48
1995-08-18,26.1,20.51,80.09,0.17,0.48
1995-08-19,28.36,19.26,71.08,0.14,0.48
1995-08-20,29.78,19.32,72.02,2.67,0.48
1995-08-21,30.36,19.5,74.96,2.79,0.48
1995-08-22,25.64,19.9,81.03,1.2,0.48
1995-08-23,27.84,19.48,79.72,1.96,0.48
1995-08-24,28.36,20.05,76.7,1.12,0.48
1995-08-25,30.71,20.37,72.35,0.03,0.48
1995-08-26,32.55,20.15,68.06,0.33,0.48
1995-08-27,33.46,20.02,64.78,0.01,0.48
1995-08-28,34.52,20.43,60.48,0.16,0.47
1995-08-29,30.16,20.53,70.16,2.16,0.47
1995-08-30,31.2,19.29,71.61,1.0,0.48
1995-08-31,31.38,20.12,72.78,0.99,0.47
1995-09-01,27.83,20.12,78.7,2.8,0.48
1995-09-02,29.59,20.17,74.42,1.0,0.48
1995-09-03,26.3,20.26,84.7,4.8,0.48
1995-09-04,26.58,19.17,78.12,0.44,0.48
1995-09-05,29.29,19.38,73.03,0.08,0.48
1995-09-06,28.49,19.97,74.62,0.0,0.48
1995-09-07,30.03,18.96,70.33,0.0,0.48
1995-09-08,28.38,19.94,73.8,0.24,0.48
1995-09-09,24.85,19.55,79.75,0.55,0.48
1995-09-10,29.88,18.62,65.71,0.01,0.48
1995-09-11,32.2,20.07,58.52,0.04,0.47
1995-09-12,32.52,20.03,60.34,0.12,0.47
1995-09-13,30.65,19.97,66.68,0.06,0.47
1995-09-14,31.4,19.73,65.43,0.19,0.47
1995-09-15,27.53,21.05,75.3,0.57,0.47
1995-09-16,27.8,19.84,73.83,0.49,0.47
1995-09-17,30.9,19.43,65.86,0.04,0.47
1995-09-18,32.58,19.57,62.19,0.14,0.47
1995-09-19,26.07,20.55,79.15,0.14,0.47
1995-09-20,29.24,19.82,72.49,0.45,0.47
1995-09-21,29.86,19.92,67.69,0.66,0.47
1995-09-22,29.2,19.58,73.38,2.43,0.47
1995-09-23,28.09,19.93,78.99,3.67,0.47
1995-09-24,26.45,19.82,81.6,0.45,0.48
1995-09-25,25.08,19.35,78.69,0.01,0.48
1995-09-26,32.05,16.91,58.13,0.0,0.47
1995-09-27,32.11,19.22,60.45,0.0,0.47
1995-09-28,31.24,20.4,64.92,0.0,0.47
1995-09-29,31.72,19.65,62.0,0.0,0.47
1995-09-30,32.5,19.21,59.6,0.4,0.47
1995-10-01,31.55,20.7,60.88,0.34,0.47
1995-10-02,31.57,20.46,64.31,0.83,0.47
1995-10-03,29.53,20.57,69.51,0.52,0.47
1995-10-04,27.6,20.07,80.58,5.65,0.47
1995-10-05,27.57,19.8,81.57,4.73,0.48
1995-10-06,27.9,19.78,78.22,0.28,0.48
1995-10-07,25.16,19.8,83.55,1.0,0.48
1995-10-08,29.46,19.11,74.74,1.03,0.48
1995-10-09,29.82,18.9,69.67,0.39,0.48
1995-10-10,27.47,18.52,72.43,0.54,0.48
1995-10-11,28.21,17.7,70.15,0.0,0.48
1995-10-12,30.71,17.87,63.53,0.0,0.47
1995-10-13,30.47,18.57,63.26,0.04,0.47
1995-10-14,28.47,19.95,66.3,1.34,0.47
1995-10-15,31.92,18.92,61.05,0.0,0.47
1995-10-16,29.37,20.4,66.93,0.01,0.47
1995-10-17,28.9,20.04,66.67,0.01,0.47
1995-10-18,23.81,18.2,74.81,0.16,0.47
1995-10-19,29.81,17.08,62.65,0.18,0.47
1995-10-20,28.53,18.87,60.33,0.01,0.47
1995-10-21,30.8,18.94,59.85,0.0,0.47
1995-10-22,28.35,19.85,65.75,0.0,0.47
1995-10-23,27.55,19.75,70.46,0.03,0.47
1995-10-24,30.41,18.38,62.13,0.0,0.47
1995-10-25,30.3,18.9,61.11,0.0,0.47
1995-10-26,31.5,17.19,55.12,0.0,0.47
1995-10-27,31.39,16.37,57.23,0.0,0.46
1995-10-28,28.9,16.19,66.54,0.0,0.46
1995-10-29,30.89,18.31,64.25,0.0,0.46
1995-10-30,30.18,19.47,64.47,0.02,0.46
1995-10-31,28.22,19.96,68.27,0.3,0.46
1995-11-01,27.53,18.71,72.24,0.06,0.46
1995-11-02,24.75,18.93,73.72,0.04,0.46
1995-11-03,26.77,17.41,73.6,0.02,0.46
1995-11-04,25.63,18.39,73.62,0.11,0.46
1995-11-05,27.88,17.41,68.98,0.0,0.46
1995-11-06,28.53,17.76,66.31,0.0,0.46
1995-11-07,30.71,16.67,61.86,0.0,0.46
1995-11-08,29.41,17.45,62.4,0.0,0.46
1995-11-09,29.59,15.21,64.97,0.0,0.46
1995-11-10,29.56,16.94,65.98,0.0,0.46
1995-11-11,30.19,17.45,65.63,0.01,0.46
1995-11-12,28.82,18.25,69.55,0.51,0.46
1995-11-13,25.65,18.67,79.53,2.01,0.46
1995-11-14,23.56,13.29,79.85,3.76,0.47
1995-11-15,27.03,12.18,63.27,0.02,0.47
1995-11-16,28.01,12.62,62.4,0.0,0.47
1995-11-17,27.41,16.57,61.63,0.0,0.47
1995-11-18,24.02,16.67,72.69,0.06,0.47
1995-11-19,23.07,16.63,82.79,0.31,0.47
1995-11-20,23.3,16.64,75.9,0.06,0.47
1995-11-21,27.17,15.72,71.57,0.01,0.47
1995-11-22,27.13,16.12,69.95,0.0,0.47
1995-11-23,28.47,14.99,63.81,0.0,0.47
1995-11-24,21.46,14.77,71.75,0.15,0.47
1995-11-25,25.01,13.04,68.33,0.9,0.47
1995-11-26,25.01,14.58,77.21,2.2,0.47
1995-11-27,26.57,12.63,63.55,0.0,0.47
1995-11-28,26.71,12.13,51.0,0.0,0.47
1995-11-29,26.63,10.61,51.83,0.0,0.47
1995-11-30,26.82,11.63,46.22,0.0,0.47
1995-12-01,27.19,10.77,52.98,0.0,0.47
1995-12-02,26.59,11.66,54.58,0.0,0.46
1995-12-03,26.63,11.92,50.1,0.0,0.46
1995-12-04,25.63,10.99,45.31,0.0,0.46
1995-12-05,25.47,11.09,53.03,0.0,0.46
1995-12-06,23.71,12.5,65.67,0.0,0.46
1995-12-07,20.21,11.31,70.99,0.0,0.46
1995-12-08,24.55,8.63,61.92,0.0,0.46
1995-12-09,25.36,8.89,55.26,0.0,0.46
1995-12-10,25.51,10.35,48.67,0.0,0.46
1995-12-11,25.76,11.11,42.81,0.0,0.46
1995-12-12,25.75,10.47,41.34,0.0,0.46
1995-12-13,24.61,10.37,39.31,0.0,0.46
1995-12-14,25.71,10.26,35.64,0.0,0.46
1995-12-15,25.7,9.77,34.45,0.0,0.46
1995-12-16,26.36,10.5,36.41,0.0,0.46
1995-12-17,26.94,10.9,29.27,0.0,0.46
1995-12-18,26.77,10.37,29.46,0.0,0.46
1995-12-19,26.91,9.91,30.46,0.0,0.46
1995-12-20,26.28,10.76,31.3,0.0,0.46
1995-12-21,26.32,10.11,36.33,0.0,0.46
1995-12-22,25.83,10.94,34.69,0.0,0.46
1995-12-23,25.67,11.32,29.71,0.0,0.46
1995-12-24,25.65,9.15,50.96,0.0,0.46
1995-12-25,25.46,9.86,62.61,0.0,0.46
1995-12-26,25.59,9.11,55.34,0.0,0.46
1995-12-27,24.83,8.83,62.44,0.0,0.46
1995-12-28,23.84,8.58,63.92,0.0,0.46
1995-12-29,23.62,7.75,58.99,0.0,0.46
1995-12-30,22.79,7.64,56.53,0.0,0.46
1995-12-31,24.04,7.81,49.92,0.0,0.46
1996-01-01,23.62,7.99,50.38,0.0,0.46
1996-01-02,23.98,10.55,47.67,0.0,0.46
1996-01-03,24.24,9.17,50.38,0.0,0.46
1996-01-04,24.09,9.04,56.04,0.0,0.46
1996-01-05,24.28,10.42,52.63,0.0,0.46
1996-01-06,24.45,10.12,47.85,0.0,0.46
1996-01-07,24.66,10.18,43.68,0.0,0.46
1996-01-08,25.19,10.32,43.16,0.0,0.46
1996-01-09,24.23,10.15,46.26,0.0,0.46
1996-01-10,24.32,9.61,48.82,0.0,0.46
1996-01-11,22.97,8.3,54.44,0.0,0.46
1996-01-12,25.09,8.72,42.61,0.0,0.46
1996-01-13,25.21,10.34,41.8,0.0,0.46
1996-01-14,25.88,9.88,39.89,0.0,0.46
1996-01-15,25.75,10.22,31.61,0.0,0.46
1996-01-16,26.56,10.56,26.1,0.0,0.46
1996-01-17,26.01,10.59,26.22,0.0,0.46
1996-01-18,27.09,9.09,33.37,0.0,0.46
1996-01-19,26.14,9.03,33.65,0.0,0.46
1996-01-20,26.08,8.71,32.92,0.0,0.46
1996-01-21,25.84,9.59,27.82,0.0,0.46
1996-01-22,27.58,9.84,23.31,0.0,0.46
1996-01-23,27.81,9.77,20.35,0.0,0.46
1996-01-24,27.15,7.6,21.73,0.0,0.46
1996-01-25,26.86,11.52,22.31,0.0,0.46
1996-01-26,27.69,10.75,23.24,0.0,0.46
1996-01-27,27.78,9.65,23.53,0.0,0.46
1996-01-28,27.29,10.65,23.72,0.0,0.46
1996-01-29,27.83,10.03,32.22,0.0,0.46
1996-01-30,27.69,9.61,36.6,0.0,0.46
1996-01-31,28.34,10.83,31.45,0.0,0.46
1996-02-01,28.26,11.21,37.56,0.0,0.46
1996-02-02,27.26,10.89,52.88,0.0,0.46
1996-02-03,25.96,11.37,57.02,0.06,0.46
1996-02-04,25.61,11.8,41.11,0.05,0.46
1996-02-05,27.06,9.35,32.14,0.0,0.46
1996-02-06,24.34,9.11,51.31,0.0,0.46
1996-02-07,25.6,10.28,42.1,0.0,0.46
1996-02-08,27.09,11.6,33.35,0.0,0.46
1996-02-09,27.32,10.99,46.91,0.0,0.46
1996-02-10,26.87,10.98,54.08,0.0,0.46
1996-02-11,27.54,11.17,44.7,0.0,0.46
1996-02-12,26.95,14.6,39.63,0.0,0.46
1996-02-13,27.44,11.1,47.05,0.0,0.46
1996-02-14,28.43,12.14,34.94,0.0,0.46
1996-02-15,29.63,12.92,26.55,0.0,0.46
1996-02-16,29.41,11.72,25.71,0.0,0.46
1996-02-17,30.23,13.26,20.57,0.0,0.46
1996-02-18,30.74,11.17,18.17,0.0,0.46
1996-02-19,29.97,11.88,20.18,0.33,0.46
1996-02-20,27.63,11.43,44.3,1.2,0.46
1996-02-21,24.98,12.21,70.0,2.3,0.46
1996-02-22,24.33,14.5,71.61,1.23,0.46
1996-02-23,23.73,14.17,72.99,0.28,0.46
1996-02-24,25.89,13.25,64.98,0.0,0.46
1996-02-25,28.56,12.82,53.17,0.0,0.46
1996-02-26,29.87,13.91,45.87,0.0,0.46
1996-02-27,29.19,13.94,42.51,0.0,0.46
1996-02-28,29.2,12.69,44.27,0.0,0.46
1996-02-29,30.55,14.33,35.38,0.0,0.46
1996-03-01,31.04,11.88,16.61,0.0,0.46
1996-03-02,30.48,13.45,17.22,0.05,0.46
1996-03-03,30.12,12.83,25.51,0.0,0.46
1996-03-04,31.41,14.19,34.55,0.0,0.46
1996-03-05,29.18,13.39,42.32,0.0,0.46
1996-03-06,28.82,12.13,36.02,0.0,0.46
1996-03-07,29.19,12.1,39.29,0.0,0.46
1996-03-08,30.61,12.98,31.8,0.0,0.46
1996-03-09,30.4,13.18,39.38,0.0,0.46
1996-03-10,31.47,15.5,30.76,0.0,0.46
1996-03-11,30.2,13.11,31.8,0.0,0.46
1996-03-12,30.45,13.41,35.47,0.0,0.46
1996-03-13,29.11,12.72,41.88,0.0,0.46
1996-03-14,30.13,13.38,41.81,0.0,0.46
1996-03-15,30.23,14.38,43.81,0.0,0.46
1996-03-16,31.09,13.82,46.94,0.0,0.46
1996-03-17,32.47,15.17,45.32,0.0,0.46
1996-03-18,33.46,16.28,41.14,0.0,0.46
1996-03-19,33.64,16.87,39.9,0.0,0.46
1996-03-20,32.5,16.67,36.95,0.0,0.46
1996-03-21,32.55,17.98,39.92,0.0,0.46
1996-03-22,33.9,17.04,38.86,0.0,0.46
1996-03-23,33.26,16.79,38.33,0.0,0.46
1996-03-24,32.81,16.1,31.95,0.01,0.46
1996-03-25,30.99,15.78,41.66,0.04,0.46
1996-03-26,31.51,15.88,44.16,0.18,0.46
1996-03-27,28.02,17.71,60.25,1.31,0.46
1996-03-28,28.92,15.02,59.49,0.03,0.46
1996-03-29,29.76,16.95,59.7,0.04,0.46
1996-03-30,31.7,15.77,54.34,0.03,0.46
1996-03-31,32.02,16.11,50.94,0.01,0.46
1996-04-01,32.47,16.42,44.86,0.0,0.46
1996-04-02,31.72,17.16,45.37,0.0,0.46
1996-04-03,32.0,17.31,41.58,0.0,0.46
1996-04-04,32.45,16.05,28.22,0.05,0.46
1996-04-05,32.76,16.17,22.05,0.0,0.46
1996-04-06,33.17,17.86,21.46,0.0,0.46
1996-04-07,33.96,17.35,23.61,0.0,0.46
1996-04-08,34.84,16.98,27.05,0.0,0.46
1996-04-09,34.3,17.25,30.78,0.0,0.46
1996-04-10,34.07,17.13,32.59,0.0,0.46
1996-04-11,33.1,17.43,38.57,0.0,0.46
1996-04-12,32.93,20.5,31.2,0.0,0.46
1996-04-13,30.54,19.75,45.4,0.0,0.46
1996-04-14,30.9,19.88,51.14,0.24,0.46
1996-04-15,32.84,19.65,44.08,0.0,0.46
1996-04-16,29.32,20.13,52.07,0.01,0.46
1996-04-17,31.14,19.14,54.7,0.0,0.46
1996-04-18,32.84,18.81,51.01,0.02,0.46
1996-04-19,32.32,19.2,50.61,0.01,0.46
1996-04-20,35.51,21.77,35.38,0.15,0.46
1996-04-21,33.48,21.59,45.25,2.21,0.46
1996-04-22,28.7,20.34,63.83,3.99,0.46
1996-04-23,29.77,19.47,66.42,0.02,0.47
1996-04-24,30.76,18.23,58.63,0.77,0.47
1996-04-25,29.85,19.74,58.25,0.03,0.47
1996-04-26,26.55,18.59,61.13,1.62,0.46
1996-04-27,28.44,17.66,67.94,2.95,0.47
1996-04-28,30.79,18.54,57.17,0.0,0.47
1996-04-29,32.39,16.85,51.02,0.0,0.47
1996-04-30,30.71,18.75,53.88,0.0,0.47
1996-05-01,30.8,20.39,61.42,0.09,0.46
1996-05-02,29.26,20.77,60.31,0.63,0.46
1996-05-03,30.44,19.87,65.02,1.44,0.47
1996-05-04,28.73,20.38,69.92,1.65,0.47
1996-05-05,28.63,19.05,72.2,0.06,0.47
1996-05-06,29.25,19.7,69.93,0.38,0.47
1996-05-07,28.87,20.07,68.38,1.37,0.47
1996-05-08,27.89,19.9,73.03,0.65,0.47
1996-05-09,29.47,19.63,60.44,0.08,0.47
1996-05-10,33.25,16.72,52.3,0.0,0.46
1996-05-11,32.95,19.6,53.5,0.03,0.46
1996-05-12,33.29,19.27,49.43,0.04,0.46
1996-05-13,34.41,18.46,47.21,0.04,0.46
1996-05-14,32.81,18.66,51.96,0.26,0.46
1996-05-15,32.3,19.62,51.53,2.82,0.46
1996-05-16,32.66,20.15,50.6,0.01,0.46
1996-05-17,33.28,20.08,45.29,0.0,0.46
1996-05-18,33.15,20.56,47.88,0.0,0.46
1996-05-19,32.66,19.77,50.06,0.0,0.46
1996-05-20,35.22,22.34,37.01,0.03,0.46
1996-05-21,32.89,20.36,53.44,0.05,0.46
1996-05-22,29.65,21.49,57.9,0.11,0.46
1996-05-23,30.85,21.49,60.42,1.73,0.46
1996-05-24,29.46,20.2,73.55,2.08,0.46
1996-05-25,27.02,20.2,72.77,0.56,0.47
1996-05-26,29.61,20.09,69.69,0.56,0.47
1996-05-27,29.1,19.27,71.8,0.15,0.47
1996-05-28,27.5,19.84,68.66,2.72,0.47
1996-05-29,30.12,19.33,59.53,0.16,0.47
1996-05-30,28.66,20.49,66.05,0.1,0.47
1996-05-31,30.7,20.08,66.26,0.08,0.47
1996-06-01,28.88,20.86,69.42,0.08,0.47
1996-06-02,30.62,20.28,61.87,0.04,0.46
1996-06-03,32.25,19.65,58.29,0.29,0.46
1996-06-04,32.08,19.99,57.05,0.13,0.46
1996-06-05,28.18,20.32,63.42,0.12,0.46
1996-06-06,27.1,19.69,73.94,3.41,0.47
1996-06-07,28.87,19.77,64.85,0.59,0.47
1996-06-08,26.69,19.34,73.89,7.71,0.48
1996-06-09,29.11,19.17,70.22,0.5,0.48
1996-06-10,27.06,20.17,75.16,0.2,0.48
1996-06-11,25.29,20.29,78.81,0.2,0.48
1996-06-12,28.19,18.97,71.25,0.66,0.47
1996-06-13,26.47,18.59,65.99,0.1,0.47
1996-06-14,31.85,17.33,59.37,0.22,0.47
1996-06-15,31.85,18.05,62.58,2.64,0.47
1996-06-16,32.33,18.72,62.36,0.63,0.47
1996-06-17,32.38,19.74,64.56,0.47,0.47
1996-06-18,30.33,19.79,67.81,0.63,0.47
1996-06-19,30.47,19.89,72.04,0.79,0.47
1996-06-20,29.16,21.3,78.56,2.88,0.47
1996-06-21,27.15,20.36,77.71,0.98,0.47
1996-06-22,26.94,20.08,79.34,2.59,0.47
1996-06-23,27.99,18.66,74.94,1.14,0.47
1996-06-24,29.02,19.08,70.14,0.6,0.47
1996-06-25,30.6,19.39,69.13,0.12,0.47
1996-06-26,27.27,20.63,72.4,0.49,0.47
1996-06-27,28.57,19.89,72.86,0.6,0.47
1996-06-28,28.06,19.6,73.88,0.14,0.47
1996-06-29,27.89,19.45,73.76,0.13,0.47
1996-06-30,28.52,19.67,70.16,0.0,0.47
1996-07-01,29.18,19.87,68.67,0.37,0.47
1996-07-02,27.92,18.62,75.33,3.15,0.47
1996-07-03,27.94,19.8,72.34,0.72,0.47
1996-07-04,27.09,18.52,77.24,1.31,0.47
1996-07-05,26.3,18.61,76.61,0.97,0.47
1996-07-06,30.25,18.57,63.17,0.02,0.47
1996-07-07,30.92,19.4,67.26,0.2,0.47
1996-07-08,26.13,20.63,73.88,0.0,0.47
1996-07-09,32.0,19.9,60.47,0.06,0.47
1996-07-10,29.44,20.97,65.91,0.51,0.47
1996-07-11,29.49,20.49,67.48,0.04,0.47
1996-07-12,33.54,19.88,64.13,2.29,0.47
1996-07-13,32.25,20.57,67.6,0.54,0.47
1996-07-14,29.07,20.05,73.93,0.99,0.47
1996-07-15,30.06,20.0,66.91,0.77,0.47
1996-07-16,30.02,20.27,66.52,0.3,0.47
1996-07-17,30.41,20.29,67.16,0.37,0.47
1996-07-18,30.15,20.1,71.29,1.56,0.47
1996-07-19,29.14,20.34,72.18,0.53,0.47
1996-07-20,30.6,20.43,74.05,0.46,0.47
1996-07-21,28.69,20.13,76.24,0.76,0.47
1996-07-22,27.07,20.35,79.57,2.31,0.47
1996-07-23,27.85,19.69,77.82,1.9,0.47
1996-07-24,29.25,20.35,73.81,0.13,0.47
1996-07-25,28.42,20.39,76.03,1.85,0.47
1996-07-26,27.43,20.35,79.68,0.91,0.47
1996-07-27,25.87,19.48,80.53,2.18,0.47
1996-07-28,29.96,19.1,72.31,1.09,0.47
1996-07-29,27.4,20.44,74.08,0.06,0.47
1996-07-30,29.05,20.35,71.63,0.15,0.47
1996-07-31,31.49,20.35,68.49,0.38,0.47
1996-08-01,29.03,19.87,73.03,0.6,0.47
1996-08-02,26.23,20.54,79.78,1.88,0.47
1996-08-03,27.84,19.75,73.13,0.21,0.47
1996-08-04,30.84,19.33,71.55,0.32,0.47
1996-08-05,27.56,19.64,77.63,1.19,0.47
1996-08-06,25.16,20.17,81.81,0.52,0.47
1996-08-07,29.21,19.3,72.23,0.16,0.47
1996-08-08,29.14,19.08,72.04,0.75,0.47
1996-08-09,32.36,18.81,60.49,0.01,0.47
1996-08-10,26.94,20.8,73.24,0.07,0.47
1996-08-11,28.44,20.38,73.99,0.93,0.47
1996-08-12,25.57,19.86,79.73,1.73,0.47
1996-08-13,26.82,19.67,76.61,0.15,0.47
1996-08-14,24.92,19.91,79.5,0.88,0.47
1996-08-15,25.45,19.79,81.49,1.5,0.47
1996-08-16,25.59,19.87,79.57,0.16,0.47
1996-08-17,28.87,19.65,73.13,0.31,0.47
1996-08-18,25.71,19.29,81.29,5.15,0.47
1996-08-19,26.01,18.63,80.95,1.41,0.48
1996-08-20,22.54,18.54,84.35,0.8,0.48
1996-08-21,28.21,17.82,72.95,0.25,0.48
1996-08-22,32.3,18.64,65.33,0.21,0.47
1996-08-23,30.18,19.62,71.25,3.85,0.47
1996-08-24,26.18,19.45,80.55,0.89,0.48
1996-08-25,31.0,17.99,67.58,0.11,0.48
1996-08-26,31.36,18.81,64.88,0.27,0.47
1996-08-27,28.94,18.99,73.28,0.89,0.47
1996-08-28,29.46,19.29,68.64,0.01,0.47
1996-08-29,30.67,18.96,66.39,0.13,0.47
1996-08-30,27.81,20.1,71.34,0.49,0.47
1996-08-31,28.46,19.57,70.8,1.57,0.47
1996-09-01,28.26,18.99,70.59,0.22,0.47
1996-09-02,25.85,19.31,77.86,0.79,0.47
1996-09-03,30.11,19.17,72.45,0.6,0.47
1996-09-04,29.78,18.83,67.64,0.0,0.47
1996-09-05,29.42,19.18,66.91,0.05,0.47
1996-09-06,29.76,19.4,64.63,0.16,0.47
1996-09-07,31.98,19.43,64.33,1.92,0.47
1996-09-08,30.61,20.59,63.14,0.8,0.47
1996-09-09,33.22,20.24,54.45,0.02,0.47
1996-09-10,31.88,21.28,59.89,0.07,0.47
1996-09-11,32.04,20.84,60.32,0.05,0.47
1996-09-12,34.03,20.72,53.69,0.0,0.46
1996-09-13,33.33,21.38,52.69,0.04,0.46
1996-09-14,33.01,21.7,55.28,0.31,0.46
1996-09-15,32.44,20.65,63.01,0.58,0.46
1996-09-16,28.2,21.1,71.21,0.62,0.46
1996-09-17,29.45,20.48,72.64,0.33,0.46
1996-09-18,27.38,20.27,78.15,2.18,0.46
1996-09-19,27.15,20.42,79.05,1.33,0.47
1996-09-20,30.26,19.74,71.24,0.36,0.47
1996-09-21,29.59,20.13,70.56,0.49,0.47
1996-09-22,27.94,19.7,73.61,0.01,0.47
1996-09-23,30.19,19.54,69.82,0.11,0.47
1996-09-24,31.95,19.66,64.3,0.21,0.47
1996-09-25,26.27,19.05,74.41,1.49,0.47
1996-09-26,27.47,19.84,72.72,0.39,0.47
1996-09-27,28.39,18.81,71.05,0.19,0.47
1996-09-28,32.54,19.69,61.79,0.0,0.47
1996-09-29,33.44,19.6,57.87,0.0,0.46
1996-09-30,33.13,20.14,58.2,0.0,0.46
1996-10-01,33.55,19.37,56.56,0.0,0.46
1996-10-02,31.31,18.59,57.54,0.02,0.46
1996-10-03,31.83,19.15,59.22,0.14,0.46
1996-10-04,26.67,19.9,79.64,8.71,0.47
1996-10-05,25.73,19.39,80.85,0.19,0.48
1996-10-06,25.32,18.85,78.93,0.5,0.48
1996-10-07,25.89,18.72,76.33,0.11,0.48
1996-10-08,28.32,17.96,71.78,0.58,0.47
1996-10-09,27.62,18.15,74.54,0.77,0.47
1996-10-10,28.62,18.6,67.4,0.64,0.47
1996-10-11,27.88,18.85,66.9,0.38,0.47
1996-10-12,29.62,18.19,69.24,0.37,0.47
1996-10-13,30.55,19.16,63.82,0.0,0.47
1996-10-14,31.29,19.18,59.68,0.0,0.47
1996-10-15,31.06,19.19,59.79,0.0,0.47
1996-10-16,29.67,19.5,58.4,0.0,0.47
1996-10-17,31.12,19.33,58.22,0.0,0.47
1996-10-18,29.72,19.53,60.2,0.0,0.46
1996-10-19,29.73,19.03,58.92,0.17,0.46
1996-10-20,29.43,19.63,63.0,1.01,0.46
1996-10-21,30.12,17.6,60.69,1.11,0.47
1996-10-22,30.92,19.05,58.24,0.01,0.47
1996-10-23,28.83,19.09,62.48,0.0,0.46
1996-10-24,30.31,16.61,57.35,0.01,0.46
1996-10-25,29.58,17.98,60.21,0.12,0.46
1996-10-26,25.67,18.61,69.61,0.0,0.46
1996-10-27,28.79,16.2,64.66,0.0,0.46
1996-10-28,31.2,15.72,57.33,0.0,0.46
1996-10-29,31.89,16.0,52.36,0.0,0.46
1996-10-30,31.18,17.03,54.32,0.0,0.46
1996-10-31,27.67,18.65,62.37,0.45,0.46
1996-11-01,27.05,19.17,72.79,1.33,0.46
1996-11-02,28.07,18.91,71.9,0.48,0.46
1996-11-03,29.65,18.4,65.38,0.03,0.46
1996-11-04,28.72,17.01,68.41,0.21,0.46
1996-11-05,27.83,17.72,78.24,11.53,0.47
1996-11-06,23.19,18.12,84.2,0.05,0.48
1996-11-07,28.32,16.95,70.55,0.01,0.48
1996-11-08,29.18,15.75,62.34,0.0,0.48
1996-11-09,29.4,16.44,59.72,0.0,0.48
1996-11-10,29.99,15.99,56.68,0.0,0.47
1996-11-11,29.29,15.36,43.35,0.0,0.47
1996-11-12,28.57,14.64,44.01,0.0,0.47
1996-11-13,28.24,13.45,48.21,0.0,0.47
1996-11-14,28.68,14.07,55.51,0.0,0.47
1996-11-15,27.99,16.18,57.62,0.0,0.47
1996-11-16,27.95,15.5,62.96,0.0,0.47
1996-11-17,28.5,16.57,55.76,0.0,0.46
1996-11-18,27.79,14.39,62.46,0.0,0.46
1996-11-19,27.42,12.77,60.59,0.0,0.46
1996-11-20,27.68,15.69,61.39,0.0,0.46
1996-11-21,28.32,15.07,63.85,0.0,0.46
1996-11-22,28.2,16.42,65.28,0.0,0.46
1996-11-23,29.22,15.57,59.95,0.0,0.46
1996-11-24,28.12,15.52,59.91,0.0,0.46
1996-11-25,27.2,15.24,62.88,0.0,0.46
1996-11-26,28.18,15.27,58.92,0.0,0.46
1996-11-27,28.82,13.64,56.97,0.0,0.46
1996-11-28,27.5,14.84,62.5,0.0,0.46
1996-11-29,26.96,15.07,68.62,0.0,0.46
1996-11-30,24.22,16.77,71.01,0.01,0.46
1996-12-01,24.34,16.01,72.73,0.01,0.46
1996-12-02,26.17,16.49,73.81,0.0,0.46
1996-12-03,27.95,17.2,67.58,0.0,0.46
1996-12-04,27.05,16.32,68.52,0.0,0.46
1996-12-05,27.5,16.92,67.49,0.02,0.46
1996-12-06,28.49,16.84,66.59,0.22,0.46
1996-12-07,26.84,14.81,69.81,0.1,0.46
1996-12-08,27.17,17.4,69.41,0.01,0.46
1996-12-09,27.74,15.98,64.61,0.01,0.46
1996-12-10,27.82,16.19,64.22,0.0,0.46
1996-12-11,26.96,16.57,69.3,0.0,0.46
1996-12-12,26.2,15.92,70.75,0.0,0.46
1996-12-13,26.4,14.94,69.61,0.0,0.46
1996-12-14,25.84,13.74,70.59,0.0,0.46
1996-12-15,26.43,12.61,56.02,0.0,0.46
1996-12-16,26.01,10.48,29.52,0.0,0.46
1996-12-17,26.23,8.84,36.32,0.0,0.46
1996-12-18,25.8,10.38,61.69,0.0,0.46
1996-12-19,26.67,10.85,62.3,0.0,0.46
1996-12-20,25.08,10.49,61.05,0.0,0.46
1996-12-21,23.88,9.97,64.18,0.0,0.46
1996-12-22,24.09,13.24,60.35,0.0,0.46
1996-12-23,25.64,10.42,55.46,0.0,0.46
1996-12-24,23.97,10.5,53.94,0.0,0.46
1996-12-25,25.16,10.39,51.02,0.0,0.46
1996-12-26,25.58,11.14,46.06,0.0,0.46
1996-12-27,25.82,10.85,42.84,0.0,0.46
1996-12-28,26.39,10.43,39.24,0.0,0.46
1996-12-29,25.95,10.53,38.99,0.0,0.46
1996-12-30,25.73,11.37,39.6,0.0,0.46
1996-12-31,26.31,10.47,29.62,0.0,0.46
1997-01-01,26.59,8.67,23.38,0.0,0.46
1997-01-02,25.83,11.37,23.74,0.0,0.46
1997-01-03,24.8,10.71,32.33,0.0,0.46
1997-01-04,23.9,10.29,44.41,0.0,0.46
1997-01-05,24.31,9.53,46.23,0.0,0.46
1997-01-06,23.67,8.87,52.84,0.0,0.46
1997-01-07,24.46,9.74,44.58,0.0,0.46
1997-01-08,24.54,9.52,48.92,0.0,0.46
1997-01-09,25.41,9.73,49.29,0.0,0.46
1997-01-10,25.79,10.53,49.79,0.0,0.46
1997-01-11,24.3,10.51,56.98,0.0,0.46
1997-01-12,22.81,10.55,68.99,0.0,0.46
1997-01-13,24.96,10.74,53.79,0.0,0.46
1997-01-14,25.62,8.13,27.56,0.0,0.46
1997-01-15,26.15,8.77,25.83,0.0,0.46
1997-01-16,26.12,10.11,24.87,0.0,0.46
1997-01-17,24.12,9.09,36.61,0.0,0.46
1997-01-18,24.18,7.43,33.47,0.0,0.46
1997-01-19,25.06,7.92,27.8,0.0,0.46
1997-01-20,25.72,9.4,23.88,0.0,0.46
1997-01-21,25.28,8.04,28.87,0.0,0.46
1997-01-22,21.37,7.7,63.05,0.1,0.46
1997-01-23,21.46,9.15,51.95,0.0,0.46
1997-01-24,24.32,7.14,29.9,0.0,0.46
1997-01-25,25.48,7.39,29.22,0.0,0.46
1997-01-26,26.07,7.39,27.37,0.0,0.46
1997-01-27,27.02,7.41,22.19,0.0,0.46
1997-01-28,26.07,8.93,31.38,0.0,0.46
1997-01-29,25.25,9.14,40.09,0.0,0.46
1997-01-30,25.76,9.46,35.17,0.0,0.46
1997-01-31,25.22,9.54,25.83,0.0,0.46
1997-02-01,24.34,7.24,26.82,0.0,0.46
1997-02-02,23.35,7.73,51.26,0.0,0.46
1997-02-03,25.65,9.75,54.61,0.0,0.46
1997-02-04,24.63,9.18,43.81,0.0,0.46
1997-02-05,24.53,9.23,52.32,0.0,0.46
1997-02-06,25.16,9.38,55.69,0.0,0.46
1997-02-07,24.14,8.68,55.08,0.0,0.46
1997-02-08,22.91,9.12,50.98,0.0,0.46
1997-02-09,25.4,8.12,22.93,0.0,0.46
1997-02-10,25.62,4.76,16.32,0.0,0.46
1997-02-11,27.02,6.54,19.62,0.0,0.46
1997-02-12,27.13,10.55,23.67,0.0,0.46
1997-02-13,28.16,9.31,31.64,0.0,0.46
1997-02-14,29.28,10.54,29.39,0.0,0.46
1997-02-15,28.14,9.21,23.77,0.0,0.46
1997-02-16,28.32,9.5,25.08,0.0,0.46
1997-02-17,27.7,9.9,36.75,0.0,0.46
1997-02-18,29.88,11.36,32.65,0.0,0.46
1997-02-19,28.39,11.61,35.08,0.0,0.46
1997-02-20,27.85,10.08,33.12,0.0,0.46
1997-02-21,28.37,11.55,35.67,0.0,0.46
1997-02-22,26.52,10.99,41.44,0.02,0.46
1997-02-23,25.99,10.14,39.89,0.05,0.46
1997-02-24,26.12,9.18,27.02,0.01,0.46
1997-02-25,28.0,10.1,19.76,0.0,0.46
1997-02-26,27.22,10.37,17.46,0.0,0.46
1997-02-27,28.48,10.65,25.71,0.0,0.46
1997-02-28,28.52,10.92,30.67,0.0,0.46
1997-03-01,29.48,13.49,29.0,0.0,0.46
1997-03-02,31.83,11.72,24.64,0.0,0.46
1997-03-03,30.19,15.17,20.83,0.0,0.46
1997-03-04,29.46,12.66,28.61,0.0,0.46
1997-03-05,30.08,12.95,27.75,0.0,0.46
1997-03-06,30.22,15.18,22.75,0.0,0.46
1997-03-07,31.19,13.99,15.33,0.0,0.46
1997-03-08,31.51,15.94,19.25,0.0,0.46
1997-03-09,30.71,13.63,32.51,0.0,0.46
1997-03-10,31.74,13.71,33.45,0.0,0.46
1997-03-11,32.12,13.77,31.63,0.0,0.46
1997-03-12,32.71,14.96,31.58,0.0,0.46
1997-03-13,32.17,14.74,36.49,0.0,0.46
1997-03-14,32.51,15.3,36.17,0.0,0.46
1997-03-15,30.33,15.58,47.07,0.08,0.46
1997-03-16,30.19,15.84,52.98,0.14,0.46
1997-03-17,29.86,15.9,52.58,0.05,0.46
1997-03-18,29.11,15.07,56.87,0.52,0.46
1997-03-19,29.01,15.65,54.75,0.02,0.46
1997-03-20,28.33,14.68,60.52,0.0,0.46
1997-03-21,24.65,16.05,69.91,0.05,0.46
1997-03-22,26.26,15.38,62.09,1.4,0.46
1997-03-23,24.73,15.71,64.78,0.09,0.46
1997-03-24,28.21,13.77,59.56,0.0,0.46
1997-03-25,26.69,15.97,53.61,0.01,0.46
1997-03-26,31.4,14.82,46.54,0.32,0.46
1997-03-27,31.32,17.08,37.84,0.68,0.46
1997-03-28,31.0,16.53,37.2,0.0,0.46
1997-03-29,30.99,14.82,37.44,0.07,0.46
1997-03-30,31.42,15.99,32.69,0.13,0.46
1997-03-31,28.83,15.9,42.36,0.37,0.46
1997-04-01,28.71,13.97,41.91,0.0,0.46
1997-04-02,29.71,13.93,49.69,0.0,0.46
1997-04-03,30.83,15.94,40.85,0.0,0.46
1997-04-04,32.6,17.06,36.83,0.0,0.46
1997-04-05,31.1,17.58,39.48,0.01,0.46
1997-04-06,28.03,17.77,49.99,0.12,0.46
1997-04-07,29.33,15.8,47.55,0.17,0.46
1997-04-08,27.54,14.24,42.83,0.23,0.46
1997-04-09,30.2,14.5,38.63,0.03,0.46
1997-04-10,30.9,14.43,41.77,0.0,0.46
1997-04-11,28.52,15.95,48.91,0.03,0.46
1997-04-12,27.63,15.65,47.09,0.06,0.46
1997-04-13,27.72,14.46,50.5,0.04,0.46
1997-04-14,28.88,13.73,53.05,0.02,0.46
1997-04-15,31.03,15.24,41.94,0.18,0.46
1997-04-16,30.19,16.11,44.53,0.0,0.46
1997-04-17,28.95,16.45,52.66,0.0,0.46
1997-04-18,29.49,17.48,48.41,0.0,0.46
1997-04-19,32.68,18.09,40.22,0.01,0.46
1997-04-20,29.58,17.7,48.36,0.05,0.46
1997-04-21,32.88,17.06,38.02,0.02,0.46
1997-04-22,33.07,17.57,29.67,0.22,0.46
1997-04-23,32.02,18.28,40.3,1.07,0.46
1997-04-24,30.4,16.62,40.28,1.61,0.46
1997-04-25,28.29,17.84,38.55,0.18,0.46
1997-04-26,28.05,17.93,46.19,0.02,0.46
1997-04-27,27.3,17.49,51.02,0.04,0.46
1997-04-28,29.7,17.01,49.45,0.03,0.46
1997-04-29,29.16,18.26,47.32,0.0,0.46
1997-04-30,30.12,18.93,46.35,0.01,0.46
1997-05-01,32.4,19.32,44.54,0.04,0.46
1997-05-02,30.1,20.16,52.93,0.0,0.46
1997-05-03,30.38,18.12,54.91,0.0,0.46
1997-05-04,31.95,19.14,51.04,0.0,0.46
1997-05-05,32.56,18.93,49.99,0.0,0.46
1997-05-06,32.6,20.29,42.46,0.02,0.46
1997-05-07,32.45,19.76,47.72,3.1,0.46
1997-05-08,33.07,19.42,46.63,4.39,0.47
1997-05-09,33.74,20.09,43.75,0.07,0.47
1997-05-10,33.37,19.09,48.0,0.06,0.47
1997-05-11,32.14,19.61,51.64,0.13,0.46
1997-05-12,33.63,19.87,45.53,0.0,0.46
1997-05-13,34.92,19.05,38.81,0.0,0.46
1997-05-14,34.1,19.16,38.07,0.01,0.46
1997-05-15,34.99,19.87,43.01,3.45,0.46
1997-05-16,35.23,21.27,45.9,0.0,0.47
1997-05-17,28.44,20.53,64.52,1.64,0.47
1997-05-18,26.85,19.49,74.81,1.05,0.47
1997-05-19,30.51,19.84,65.7,0.33,0.47
1997-05-20,26.96,19.48,68.42,4.95,0.47
1997-05-21,30.16,17.6,66.33,0.8,0.47
1997-05-22,32.16,17.52,59.63,0.22,0.47
1997-05-23,32.59,19.49,57.7,0.29,0.47
1997-05-24,30.08,20.3,59.45,1.73,0.47
1997-05-25,26.64,19.97,78.46,8.59,0.48
1997-05-26,26.75,19.72,75.75,0.29,0.48
1997-05-27,29.42,18.26,67.47,0.39,0.48
1997-05-28,29.38,17.48,70.62,2.62,0.48
1997-05-29,28.39,18.26,75.95,8.75,0.49
1997-05-30,29.68,18.58,69.77,0.66,0.49
1997-05-31,29.35,18.63,65.44,0.26,0.49
1997-06-01,28.43,19.55,69.55,0.59,0.48
1997-06-02,28.23,19.3,69.37,0.14,0.48
1997-06-03,30.83,19.91,66.48,0.39,0.48
1997-06-04,30.58,19.44,69.81,0.01,0.47
1997-06-05,30.46,18.62,64.91,0.19,0.47
1997-06-06,28.39,19.28,70.03,3.17,0.47
1997-06-07,25.71,20.26,80.0,0.62,0.47
1997-06-08,27.18,19.6,74.88,0.97,0.47
1997-06-09,27.09,19.24,74.94,1.18,0.47
1997-06-10,29.04,19.51,75.18,2.2,0.47
1997-06-11,26.68,19.58,77.25,0.89,0.47
1997-06-12,26.71,19.98,80.96,9.11,0.48
1997-06-13,28.01,18.98,72.84,0.38,0.49
1997-06-14,31.08,18.49,69.66,0.11,0.48
1997-06-15,29.93,19.12,73.21,1.01,0.48
1997-06-16,28.02,19.85,77.32,2.57,0.48
1997-06-17,29.17,19.76,75.85,2.12,0.48
1997-06-18,26.9,19.64,77.92,4.29,0.48
1997-06-19,29.04,19.61,72.38,0.05,0.48
1997-06-20,28.52,19.89,74.65,1.19,0.48
1997-06-21,28.45,20.56,74.53,0.55,0.48
1997-06-22,29.65,19.47,70.89,0.37,0.48
1997-06-23,27.74,19.46,72.38,0.12,0.48
1997-06-24,29.72,20.16,73.46,3.4,0.47
1997-06-25,30.05,19.39,74.67,0.84,0.48
1997-06-26,30.38,19.81,73.88,1.14,0.48
1997-06-27,28.26,19.54,80.92,8.13,0.48
1997-06-28,29.95,17.91,75.94,3.51,0.49
1997-06-29,29.9,19.97,73.73,0.09,0.49
1997-06-30,29.96,20.21,72.46,0.15,0.48
1997-07-01,31.01,20.08,72.45,1.39,0.48
1997-07-02,29.32,19.83,75.8,2.99,0.48
1997-07-03,27.33,19.83,74.37,0.52,0.48
1997-07-04,25.63,19.69,82.87,5.85,0.48
1997-07-05,25.79,19.49,83.08,0.79,0.49
1997-07-06,25.65,19.83,81.88,0.74,0.49
1997-07-07,27.59,19.38,77.9,0.78,0.48
1997-07-08,26.59,19.91,76.12,0.19,0.48
1997-07-09,27.86,18.59,77.3,1.1,0.48
1997-07-10,29.24,19.67,81.04,3.8,0.48
1997-07-11,27.96,20.38,79.2,0.71,0.48
1997-07-12,28.51,19.24,75.4,0.32,0.48
1997-07-13,30.59,19.78,73.55,0.09,0.48
1997-07-14,29.87,20.4,72.52,0.04,0.48
1997-07-15,30.93,21.06,71.06,0.06,0.48
1997-07-16,28.09,20.5,78.38,1.01,0.47
1997-07-17,28.01,19.92,82.69,2.84,0.48
1997-07-18,28.2,19.76,76.07,0.22,0.48
1997-07-19,28.56,19.5,74.53,1.58,0.48
1997-07-20,29.05,19.26,75.82,2.74,0.48
1997-07-21,29.8,19.18,73.49,0.51,0.48
1997-07-22,29.17,20.06,78.44,5.32,0.48
1997-07-23,26.32,20.6,83.53,3.72,0.49
1997-07-24,27.11,20.85,81.99,2.45,0.49
1997-07-25,27.62,19.9,83.87,5.34,0.49
1997-07-26,27.07,18.81,78.49,1.26,0.5
1997-07-27,30.71,19.3,73.48,0.61,0.49
1997-07-28,29.96,20.99,76.94,0.93,0.49
1997-07-29,28.19,20.24,77.31,0.33,0.49
1997-07-30,28.5,19.1,76.91,7.07,0.49
1997-07-31,27.36,20.11,81.06,2.62,0.49
1997-08-01,25.39,20.38,87.8,4.9,0.49
1997-08-02,25.82,19.46,86.02,2.33,0.5
1997-08-03,27.85,20.21,78.57,0.92,0.5
1997-08-04,28.26,20.21,78.83,3.54,0.5
1997-08-05,27.56,19.04,75.49,2.04,0.5
1997-08-06,28.76,18.49,75.69,1.07,0.49
1997-08-07,28.13,18.95,75.44,0.77,0.49
1997-08-08,28.88,19.73,78.96,2.53,0.49
1997-08-09,27.19,20.5,85.78,4.63,0.49
1997-08-10,25.81,19.98,82.24,5.5,0.5
1997-08-11,27.15,19.21,83.22,3.0,0.5
1997-08-12,27.08,19.27,81.56,0.65,0.5
1997-08-13,26.95,18.84,81.72,3.13,0.5
1997-08-14,28.37,18.78,78.54,1.31,0.5
1997-08-15,28.89,19.67,76.77,1.09,0.5
1997-08-16,25.14,19.26,84.47,4.93,0.5
1997-08-17,27.26,19.91,80.03,1.32,0.5
1997-08-18,28.47,19.17,73.8,1.22,0.5
1997-08-19,29.1,19.05,74.09,2.64,0.5
1997-08-20,25.63,18.66,85.87,13.51,0.51
1997-08-21,30.16,18.33,72.82,0.68,0.52
1997-08-22,29.81,18.93,75.44,3.23,0.51
1997-08-23,30.92,19.35,73.3,0.48,0.51
1997-08-24,31.5,20.14,72.99,4.27,0.5
1997-08-25,27.95,19.95,79.14,0.82,0.5
1997-08-26,30.15,19.88,76.21,4.48,0.5
1997-08-27,30.49,19.42,76.15,0.38,0.5
1997-08-28,27.58,20.31,82.79,12.16,0.51
1997-08-29,26.27,19.68,83.94,1.65,0.52
1997-08-30,25.96,19.7,80.79,0.26,0.51
1997-08-31,26.11,19.29,81.75,4.27,0.51
1997-09-01,27.67,18.14,79.66,3.93,0.51
1997-09-02,27.78,18.67,81.74,4.04,0.51
1997-09-03,25.72,19.04,81.68,0.12,0.51
1997-09-04,27.59,19.91,78.86,0.12,0.51
1997-09-05,28.32,19.01,81.01,2.37,0.51
1997-09-06,23.22,18.71,89.47,5.25,0.51
1997-09-07,25.05,17.13,83.78,0.92,0.51
1997-09-08,30.9,15.8,65.15,0.0,0.51
1997-09-09,29.57,19.42,70.01,0.02,0.5
1997-09-10,29.81,18.93,67.98,0.16,0.5
1997-09-11,31.14,19.15,66.01,0.44,0.49
1997-09-12,24.64,20.15,79.41,0.16,0.49
1997-09-13,24.44,18.86,85.94,1.39,0.49
1997-09-14,27.63,18.38,77.98,0.29,0.49
1997-09-15,31.11,18.42,68.06,0.07,0.49
1997-09-16,30.94,18.75,68.54,0.33,0.49
1997-09-17,28.88,19.63,74.43,3.47,0.49
1997-09-18,28.18,20.21,75.46,0.17,0.49
1997-09-19,26.28,19.66,78.48,0.22,0.49
1997-09-20,29.82,19.84,77.98,1.23,0.49
1997-09-21,24.43,17.89,78.43,0.16,0.49
1997-09-22,26.53,16.57,71.06,0.01,0.49
1997-09-23,29.75,17.27,70.51,0.19,0.48
1997-09-24,27.58,19.56,77.22,0.39,0.48
1997-09-25,26.33,18.95,76.91,0.71,0.48
1997-09-26,26.01,18.3,77.37,0.84,0.48
1997-09-27,24.79,19.02,77.93,0.99,0.48
1997-09-28,24.76,19.0,80.48,0.93,0.48
1997-09-29,28.98,17.78,72.46,0.09,0.48
1997-09-30,30.04,17.73,68.77,0.01,0.48
1997-10-01,29.15,18.37,66.07,0.11,0.48
1997-10-02,26.94,18.23,70.23,0.01,0.48
1997-10-03,30.67,18.42,66.13,0.01,0.48
1997-10-04,31.71,19.25,61.42,0.22,0.48
1997-10-05,25.98,19.76,73.0,1.47,0.48
1997-10-06,25.55,18.67,79.48,1.17,0.48
1997-10-07,25.68,18.86,83.13,1.42,0.48
1997-10-08,27.54,17.71,75.28,0.16,0.48
1997-10-09,29.25,17.92,70.13,0.01,0.48
1997-10-10,31.56,16.7,59.05,0.0,0.48
1997-10-11,31.72,17.46,56.92,0.03,0.48
1997-10-12,29.79,18.31,63.02,0.23,0.47
1997-10-13,29.14,19.19,63.6,0.0,0.47
1997-10-14,26.52,19.1,70.69,0.0,0.47
1997-10-15,30.79,17.39,61.87,0.0,0.47
1997-10-16,31.18,18.36,56.2,0.0,0.47
1997-10-17,30.67,19.88,56.54,0.14,0.47
1997-10-18,30.13,18.25,61.61,1.91,0.47
1997-10-19,31.25,17.71,62.02,0.0,0.47
1997-10-20,30.86,18.13,60.1,0.0,0.47
1997-10-21,29.91,18.06,62.04,0.0,0.47
1997-10-22,29.99,18.58,62.11,0.0,0.47
1997-10-23,30.99,17.91,57.21,0.0,0.47
1997-10-24,30.17,17.76,55.35,0.76,0.47
1997-10-25,28.76,16.58,62.86,17.2,0.48
1997-10-26,27.77,19.06,67.77,1.43,0.5
1997-10-27,27.56,17.58,75.24,3.08,0.5
1997-10-28,22.99,17.5,83.6,0.01,0.5
1997-10-29,26.51,16.86,74.31,0.01,0.5
1997-10-30,26.12,17.4,74.18,0.0,0.49
1997-10-31,26.75,17.23,73.88,0.0,0.49
1997-11-01,21.59,14.58,73.11,0.0,0.49
1997-11-02,24.58,14.39,72.62,0.0,0.49
1997-11-03,29.0,14.88,63.49,0.01,0.49
1997-11-04,28.61,14.61,65.85,1.26,0.48
1997-11-05,25.9,15.5,69.89,0.34,0.48
1997-11-06,26.26,14.49,67.32,1.55,0.48
1997-11-07,22.62,15.32,79.32,1.13,0.48
1997-11-08,23.96,15.65,74.62,0.0,0.48
1997-11-09,26.73,15.53,70.69,0.0,0.48
1997-11-10,27.53,14.9,69.57,0.0,0.48
1997-11-11,26.6,16.64,73.1,0.03,0.48
1997-11-12,25.22,16.62,75.79,0.04,0.48
1997-11-13,26.68,16.5,72.9,0.03,0.48
1997-11-14,27.11,16.23,64.44,0.0,0.48
1997-11-15,28.43,14.71,53.78,0.0,0.48
1997-11-16,29.61,14.65,50.2,0.0,0.47
1997-11-17,27.09,15.41,51.69,0.0,0.47
1997-11-18,27.33,14.76,61.98,0.23,0.47
1997-11-19,24.57,15.77,69.61,0.65,0.47
1997-11-20,24.08,15.07,70.15,0.06,0.47
1997-11-21,27.36,16.27,60.93,0.0,0.47
1997-11-22,28.11,16.49,59.15,0.0,0.47
1997-11-23,29.09,15.3,53.52,0.0,0.47
1997-11-24,29.03,15.63,53.47,0.0,0.47
1997-11-25,28.27,15.46,45.22,0.0,0.47
1997-11-26,29.19,14.02,47.74,0.0,0.47
1997-11-27,29.34,15.35,45.67,0.0,0.47
1997-11-28,29.16,14.98,50.76,0.0,0.47
1997-11-29,29.81,15.3,49.08,0.0,0.47
1997-11-30,29.65,15.43,49.23,0.0,0.47
1997-12-01,30.19,14.86,48.31,0.0,0.47
1997-12-02,29.48,15.21,50.64,0.01,0.47
1997-12-03,27.82,15.9,60.9,0.0,0.47
1997-12-04,26.57,16.08,70.56,0.0,0.47
1997-12-05,27.69,15.36,65.45,0.0,0.47
1997-12-06,28.08,14.3,61.14,0.0,0.47
1997-12-07,27.35,14.06,50.01,0.0,0.47
1997-12-08,28.59,13.27,47.96,0.0,0.47
1997-12-09,25.76,14.4,67.46,0.0,0.47
1997-12-10,25.04,16.26,68.11,0.0,0.47
1997-12-11,22.41,15.12,77.26,0.01,0.47
1997-12-12,25.82,14.05,68.69,0.0,0.47
1997-12-13,25.92,13.62,68.39,0.0,0.47
1997-12-14,25.01,15.83,68.31,0.06,0.47
1997-12-15,25.92,15.52,70.19,0.02,0.47
1997-12-16,26.37,14.93,68.75,0.0,0.47
1997-12-17,28.72,14.65,58.73,0.05,0.47
1997-12-18,27.02,15.1,47.24,0.01,0.47
1997-12-19,27.69,13.34,44.26,0.0,0.47
1997-12-20,26.4,11.99,43.86,0.0,0.47
1997-12-21,26.89,10.35,38.98,0.0,0.47
1997-12-22,26.94,10.46,32.53,0.0,0.47
1997-12-23,25.68,9.93,43.66,0.0,0.46
1997-12-24,25.41,9.29,51.61,0.0,0.46
1997-12-25,25.45,8.86,53.81,0.0,0.46
1997-12-26,25.18,9.22,46.85,0.0,0.46
1997-12-27,25.9,10.28,49.39,0.0,0.46
1997-12-28,25.13,9.51,55.6,0.0,0.46
1997-12-29,26.11,11.33,54.13,0.0,0.46
1997-12-30,26.51,11.14,46.36,0.0,0.46
1997-12-31,27.63,12.31,41.45,0.0,0.46
1998-01-01,27.0,11.83,40.8,0.0,0.46
1998-01-02,27.14,11.99,40.14,0.0,0.46
1998-01-03,27.48,10.85,43.74,0.0,0.46
1998-01-04,28.7,9.52,33.27,0.0,0.46
1998-01-05,27.69,10.84,35.43,0.0,0.46
1998-01-06,25.57,10.99,55.37,0.0,0.46
1998-01-07,26.48,10.78,49.88,0.0,0.46
1998-01-08,27.04,10.92,40.86,0.0,0.46
1998-01-09,27.75,11.39,24.86,0.0,0.46
1998-01-10,27.83,10.04,21.93,0.0,0.46
1998-01-11,27.92,10.74,20.22,0.0,0.46
1998-01-12,25.63,8.36,27.13,0.0,0.46
1998-01-13,25.95,8.35,26.18,0.0,0.46
1998-01-14,24.99,9.98,31.57,0.0,0.46
1998-01-15,25.2,7.94,39.53,0.0,0.46
1998-01-16,25.76,8.32,47.8,0.0,0.46
1998-01-17,26.95,10.59,38.55,0.06,0.46
1998-01-18,26.91,10.72,38.25,0.14,0.46
1998-01-19,25.73,11.33,50.16,0.03,0.46
1998-01-20,26.21,10.78,52.75,0.0,0.46
1998-01-21,27.36,9.43,44.68,0.79,0.46
1998-01-22,24.37,10.01,62.97,0.33,0.46
1998-01-23,26.12,10.16,63.05,0.0,0.46
1998-01-24,27.63,10.71,54.09,0.0,0.46
1998-01-25,27.16,10.65,42.89,0.0,0.46
1998-01-26,26.55,11.2,37.77,0.0,0.46
1998-01-27,27.76,10.56,39.31,0.0,0.46
1998-01-28,28.48,12.16,38.62,0.19,0.46
1998-01-29,28.33,11.15,40.49,0.0,0.46
1998-01-30,26.58,12.31,39.77,0.0,0.46
1998-01-31,28.72,12.19,37.97,0.0,0.46
1998-02-01,28.25,11.73,39.46,0.0,0.46
1998-02-02,27.87,12.19,33.62,0.0,0.46
1998-02-03,27.95,11.13,26.89,0.0,0.46
1998-02-04,28.2,12.16,26.82,0.0,0.46
1998-02-05,28.01,12.65,29.3,0.0,0.46
1998-02-06,25.7,10.21,39.64,0.0,0.46
1998-02-07,26.99,10.71,28.27,0.0,0.46
1998-02-08,26.47,11.26,27.99,0.0,0.46
1998-02-09,27.07,11.66,30.89,0.0,0.46
1998-02-10,27.48,7.89,23.79,0.0,0.46
1998-02-11,29.38,9.44,20.29,0.0,0.46
1998-02-12,27.66,12.05,19.05,0.0,0.46
1998-02-13,27.61,11.22,21.23,0.0,0.46
1998-02-14,28.47,10.9,16.65,0.0,0.46
1998-02-15,29.18,10.17,19.68,0.0,0.46
1998-02-16,26.69,9.17,38.98,0.0,0.46
1998-02-17,27.78,13.63,32.62,0.0,0.46
1998-02-18,29.26,12.61,36.61,0.0,0.46
1998-02-19,27.97,12.13,48.45,0.0,0.46
1998-02-20,27.48,12.19,55.11,0.0,0.46
1998-02-21,27.66,12.49,54.88,0.01,0.46
1998-02-22,27.46,12.48,57.33,0.0,0.46
1998-02-23,28.67,12.25,44.99,0.0,0.46
1998-02-24,28.82,14.35,44.16,0.0,0.46
1998-02-25,31.25,14.07,40.06,0.0,0.46
1998-02-26,30.35,14.2,45.1,0.0,0.46
1998-02-27,29.82,13.92,58.25,0.0,0.46
1998-02-28,31.24,15.54,45.73,0.0,0.46
1998-03-01,31.01,14.37,35.31,0.0,0.46
1998-03-02,29.54,13.85,32.27,0.0,0.46
1998-03-03,31.9,13.82,25.37,0.0,0.46
1998-03-04,31.69,14.32,19.41,0.0,0.46
1998-03-05,31.11,14.91,18.7,0.0,0.46
1998-03-06,31.04,14.04,24.07,0.0,0.46
1998-03-07,30.23,13.83,39.83,0.0,0.46
1998-03-08,27.01,12.89,62.44,0.01,0.46
1998-03-09,28.78,13.75,48.75,0.0,0.46
1998-03-10,29.56,12.66,21.73,0.0,0.46
1998-03-11,30.15,13.46,19.23,0.0,0.46
1998-03-12,30.7,12.84,23.17,0.0,0.46
1998-03-13,31.52,16.33,29.04,0.0,0.46
1998-03-14,31.57,15.51,39.44,0.0,0.46
1998-03-15,31.01,15.32,46.36,0.0,0.46
1998-03-16,32.95,15.45,34.91,0.0,0.46
1998-03-17,34.59,13.54,24.48,0.0,0.46
1998-03-18,32.61,17.93,22.49,0.0,0.46
1998-03-19,31.39,16.14,25.08,0.0,0.46
1998-03-20,30.34,15.2,26.94,0.0,0.46
1998-03-21,32.14,14.83,32.13,0.0,0.46
1998-03-22,32.19,14.88,36.76,0.0,0.46
1998-03-23,32.26,16.16,42.04,0.0,0.46
1998-03-24,32.68,15.3,33.45,0.0,0.46
1998-03-25,31.16,15.85,33.99,0.0,0.46
1998-03-26,30.75,14.31,37.16,0.0,0.46
1998-03-27,31.2,15.54,35.82,0.09,0.46
1998-03-28,32.67,17.52,31.89,0.0,0.46
1998-03-29,31.98,15.95,31.63,1.68,0.46
1998-03-30,32.55,17.1,34.51,0.19,0.46
1998-03-31,30.42,17.25,42.71,0.01,0.46
1998-04-01,31.76,16.0,37.94,0.0,0.46
1998-04-02,33.46,15.99,24.91,0.0,0.46
1998-04-03,32.26,15.95,32.87,0.18,0.46
1998-04-04,32.41,16.35,38.62,0.28,0.46
1998-04-05,33.1,16.25,37.43,0.42,0.46
1998-04-06,32.82,16.65,30.6,0.1,0.46
1998-04-07,31.73,16.19,35.03,0.0,0.46
1998-04-08,32.99,16.91,34.28,0.0,0.46
1998-04-09,34.76,18.12,31.77,0.0,0.46
1998-04-10,33.87,17.42,47.48,0.0,0.46
1998-04-11,34.03,17.61,43.3,0.0,0.46
1998-04-12,35.63,20.12,35.35,0.0,0.46
1998-04-13,35.17,19.14,34.58,0.0,0.46
1998-04-14,35.81,20.84,34.25,0.0,0.46
1998-04-15,33.98,23.05,35.5,0.0,0.46
1998-04-16,33.23,21.77,35.0,0.02,0.46
1998-04-17,33.54,20.14,38.71,0.14,0.46
1998-04-18,30.63,18.2,48.46,0.32,0.46
1998-04-19,32.88,20.64,32.36,0.1,0.46
1998-04-20,31.72,18.93,43.06,0.0,0.46
1998-04-21,32.14,18.48,49.7,0.01,0.46
1998-04-22,29.31,18.53,60.26,0.25,0.46
1998-04-23,28.39,17.01,64.05,0.0,0.46
1998-04-24,31.61,17.93,54.75,0.49,0.46
1998-04-25,32.69,18.96,45.7,0.0,0.46
1998-04-26,30.28,20.07,48.97,0.07,0.46
1998-04-27,33.18,20.39,46.03,3.61,0.46
1998-04-28,32.44,19.04,52.46,0.0,0.47
1998-04-29,31.51,20.85,54.0,0.0,0.46
1998-04-30,29.29,19.83,58.46,0.24,0.46
1998-05-01,33.02,18.08,52.43,0.35,0.46
1998-05-02,32.06,21.21,49.72,0.1,0.46
1998-05-03,31.75,19.44,49.1,0.03,0.46
1998-05-04,33.04,19.7,48.4,0.0,0.46
1998-05-05,30.97,20.5,49.57,0.09,0.46
1998-05-06,34.12,19.9,43.69,0.0,0.46
1998-05-07,35.6,21.32,39.74,0.04,0.46
1998-05-08,35.44,19.66,38.93,0.01,0.46
1998-05-09,35.36,20.1,44.35,0.0,0.46
1998-05-10,35.85,20.46,42.23,0.2,0.46
1998-05-11,34.46,21.31,48.4,0.01,0.46
1998-05-12,35.54,20.74,41.62,0.8,0.46
1998-05-13,32.96,22.1,52.14,8.8,0.47
1998-05-14,31.87,19.86,59.32,0.0,0.47
1998-05-15,33.14,21.11,52.29,0.11,0.47
1998-05-16,33.56,20.96,50.56,0.01,0.47
1998-05-17,29.69,20.98,62.94,0.8,0.47
1998-05-18,25.95,19.89,70.93,1.03,0.47
1998-05-19,26.83,19.12,79.59,1.73,0.47
1998-05-20,30.7,20.82,73.04,2.17,0.47
1998-05-21,25.53,21.54,78.23,0.03,0.47
1998-05-22,28.28,20.99,74.91,0.24,0.47
1998-05-23,26.52,21.17,73.02,0.07,0.47
1998-05-24,31.57,20.22,64.98,0.02,0.47
1998-05-25,31.13,21.52,64.92,0.09,0.47
1998-05-26,30.46,21.74,67.27,1.55,0.47
1998-05-27,27.06,20.96,78.15,7.99,0.47
1998-05-28,31.29,19.41,70.3,0.75,0.48
1998-05-29,31.33,20.54,69.02,1.25,0.48
1998-05-30,28.16,20.98,71.92,0.31,0.48
1998-05-31,31.0,20.93,71.52,5.0,0.48
1998-06-01,30.91,20.56,72.36,1.13,0.48
1998-06-02,31.46,20.91,67.0,0.1,0.48
1998-06-03,32.96,20.5,59.86,0.25,0.47
1998-06-04,32.8,20.24,59.13,0.11,0.47
1998-06-05,31.2,21.52,66.85,0.08,0.47
1998-06-06,30.47,21.69,74.78,5.38,0.47
1998-06-07,27.48,21.39,74.21,0.0,0.48
1998-06-08,28.52,20.87,71.55,0.04,0.48
1998-06-09,32.05,20.15,66.71,0.06,0.47
1998-06-10,31.09,21.57,64.88,0.9,0.47
1998-06-11,30.9,21.71,66.91,0.38,0.47
1998-06-12,28.78,21.25,70.85,0.02,0.47
1998-06-13,30.74,20.91,66.73,0.14,0.47
1998-06-14,33.33,20.71,60.87,0.11,0.47
1998-06-15,32.38,21.57,68.41,1.55,0.47
1998-06-16,28.6,21.72,74.35,0.01,0.47
1998-06-17,28.85,21.22,69.87,0.04,0.47
1998-06-18,28.91,21.12,69.64,0.01,0.47
1998-06-19,29.96,20.96,68.62,0.14,0.47
1998-06-20,30.0,20.94,71.98,0.12,0.47
1998-06-21,29.18,21.53,73.57,0.29,0.47
1998-06-22,29.28,21.33,72.32,0.25,0.47
1998-06-23,30.54,20.66,69.07,0.54,0.47
1998-06-24,31.38,20.65,69.0,1.34,0.47
1998-06-25,30.73,20.97,68.91,0.06,0.47
1998-06-26,30.51,22.03,70.03,0.21,0.47
1998-06-27,31.29,21.2,68.34,0.87,0.47
1998-06-28,31.69,21.31,66.99,0.19,0.47
1998-06-29,33.06,21.56,67.55,0.49,0.47
1998-06-30,33.3,22.18,65.28,0.18,0.47
1998-07-01,33.08,22.56,61.72,0.19,0.46
1998-07-02,31.34,21.79,68.37,0.48,0.46
1998-07-03,27.49,21.36,75.71,1.04,0.46
1998-07-04,26.73,20.62,77.57,0.98,0.47
1998-07-05,25.4,20.18,80.28,1.27,0.47
1998-07-06,26.47,20.28,78.24,0.22,0.47
1998-07-07,30.2,19.77,70.18,0.43,0.47
1998-07-08,31.81,20.92,64.78,0.01,0.47
1998-07-09,27.55,20.98,76.16,0.16,0.47
1998-07-10,28.08,20.17,75.62,0.41,0.47
1998-07-11,25.49,19.87,81.21,1.77,0.47
1998-07-12,25.41,19.53,79.9,2.47,0.47
1998-07-13,25.26,18.38,76.79,0.01,0.47
1998-07-14,27.66,18.83,74.8,0.29,0.47
1998-07-15,28.33,19.67,75.14,2.83,0.47
1998-07-16,26.11,20.09,76.44,0.32,0.47
1998-07-17,26.6,19.66,75.75,0.11,0.47
1998-07-18,28.59,20.06,74.0,1.08,0.47
1998-07-19,30.41,19.65,66.87,0.0,0.47
1998-07-20,31.19,19.07,62.36,0.05,0.47
1998-07-21,33.11,20.05,58.87,0.02,0.47
1998-07-22,32.42,21.32,59.84,0.09,0.47
1998-07-23,28.2,21.58,70.2,0.67,0.47
1998-07-24,29.3,20.44,72.2,0.73,0.47
1998-07-25,28.07,21.03,74.61,0.48,0.47
1998-07-26,27.4,20.64,76.34,1.34,0.47
1998-07-27,27.41,19.97,73.73,0.52,0.47
1998-07-28,32.06,19.69,65.79,0.0,0.47
1998-07-29,32.13,20.95,62.68,0.46,0.47
1998-07-30,30.37,21.27,72.68,2.53,0.47
1998-07-31,27.97,21.65,73.04,0.68,0.47
1998-08-01,29.6,21.16,71.93,0.54,0.47
1998-08-02,27.08,20.81,78.65,0.73,0.47
1998-08-03,27.19,20.12,75.04,0.17,0.47
1998-08-04,28.02,20.39,75.0,0.29,0.47
1998-08-05,28.71,20.12,71.59,0.0,0.47
1998-08-06,32.97,19.83,63.78,0.03,0.47
1998-08-07,32.37,21.26,64.72,0.24,0.47
1998-08-08,26.94,21.88,75.05,0.31,0.47
1998-08-09,31.61,20.5,69.36,0.95,0.47
1998-08-10,28.26,20.8,76.97,2.58,0.47
1998-08-11,29.3,20.88,72.72,0.68,0.47
1998-08-12,29.76,19.85,69.9,0.14,0.47
1998-08-13,28.54,19.58,72.65,0.3,0.47
1998-08-14,30.56,20.52,68.6,0.1,0.47
1998-08-15,30.19,20.63,64.7,0.07,0.47
1998-08-16,28.9,20.8,67.04,0.04,0.47
1998-08-17,31.69,20.35,65.92,0.1,0.47
1998-08-18,27.44,20.78,73.09,1.76,0.47
1998-08-19,32.67,19.03,61.59,0.49,0.47
1998-08-20,34.1,20.41,59.04,1.84,0.47
1998-08-21,33.54,21.28,63.95,1.03,0.47
1998-08-22,31.46,21.37,72.67,5.27,0.47
1998-08-23,32.55,19.86,66.15,0.87,0.48
1998-08-24,28.38,20.75,77.97,1.57,0.47
1998-08-25,28.32,19.93,80.62,2.79,0.48
1998-08-26,27.14,19.88,74.97,0.04,0.48
1998-08-27,28.41,18.96,73.7,0.54,0.47
1998-08-28,28.59,20.05,70.5,0.0,0.47
1998-08-29,28.58,19.96,70.93,0.07,0.47
1998-08-30,30.86,20.37,68.48,0.4,0.47
1998-08-31,33.53,20.54,62.97,0.61,0.47
1998-09-01,32.4,21.41,63.93,0.08,0.47
1998-09-02,30.6,21.28,70.05,0.15,0.47
1998-09-03,33.22,21.18,64.27,0.37,0.47
1998-09-04,30.2,21.44,68.88,1.89,0.47
1998-09-05,29.62,20.85,73.47,1.76,0.47
1998-09-06,26.48,19.87,75.64,1.41,0.47
1998-09-07,23.6,19.07,81.38,1.59,0.47
1998-09-08,27.54,18.76,76.88,2.63,0.47
1998-09-09,26.38,19.07,75.7,0.3,0.47
1998-09-10,25.72,19.67,75.75,0.34,0.47
1998-09-11,33.46,17.49,61.62,0.08,0.47
1998-09-12,32.99,19.16,58.44,0.44,0.47
1998-09-13,33.28,18.65,54.26,0.01,0.47
1998-09-14,33.04,21.07,56.87,0.08,0.47
1998-09-15,30.15,20.97,64.01,0.14,0.47
1998-09-16,26.85,20.94,73.95,0.49,0.47
1998-09-17,33.28,20.15,64.12,0.25,0.47
1998-09-18,31.72,20.63,61.98,0.33,0.47
1998-09-19,33.76,19.96,58.25,0.56,0.47
1998-09-20,33.52,21.23,55.79,0.26,0.46
1998-09-21,34.04,19.1,53.31,0.0,0.46
1998-09-22,33.59,20.69,57.62,0.0,0.46
1998-09-23,32.41,21.89,58.85,0.09,0.46
1998-09-24,35.59,20.86,51.72,0.13,0.46
1998-09-25,35.19,21.15,53.68,0.0,0.46
1998-09-26,35.04,21.62,57.12,0.01,0.46
1998-09-27,32.91,20.53,56.74,0.01,0.46
1998-09-28,33.33,19.23,49.67,0.0,0.46
1998-09-29,32.08,18.59,44.05,0.0,0.46
1998-09-30,34.06,17.68,42.64,0.0,0.46
1998-10-01,34.06,18.91,43.67,0.0,0.46
1998-10-02,33.07,17.57,43.07,0.0,0.46
1998-10-03,32.62,16.43,42.71,0.0,0.46
1998-10-04,32.43,15.75,47.5,0.0,0.46
1998-10-05,33.74,16.58,45.07,0.0,0.46
1998-10-06,34.3,18.87,51.1,0.0,0.46
1998-10-07,32.59,21.38,55.45,0.05,0.46
1998-10-08,32.76,20.73,59.97,0.36,0.46
1998-10-09,33.36,21.01,58.13,0.1,0.46
1998-10-10,32.14,20.59,63.63,0.95,0.46
1998-10-11,33.45,20.69,56.52,0.02,0.46
1998-10-12,33.36,20.14,56.69,0.08,0.46
1998-10-13,33.29,19.63,58.85,0.31,0.46
1998-10-14,32.09,20.59,59.83,0.34,0.46
1998-10-15,28.32,20.03,70.2,0.01,0.46
1998-10-16,32.76,18.8,60.5,0.0,0.46
1998-10-17,32.93,20.39,58.13,0.0,0.46
1998-10-18,32.4,20.67,64.25,0.13,0.46
1998-10-19,28.46,20.88,69.48,0.4,0.46
1998-10-20,31.3,19.47,64.27,0.09,0.46
1998-10-21,31.27,19.02,58.49,0.0,0.46
1998-10-22,31.75,19.42,57.71,0.01,0.46
1998-10-23,32.75,19.48,50.83,0.0,0.46
1998-10-24,33.13,18.7,47.97,0.0,0.46
1998-10-25,30.86,20.92,53.67,0.01,0.46
1998-10-26,31.77,21.34,53.3,0.23,0.46
1998-10-27,31.5,20.32,58.9,0.11,0.46
1998-10-28,26.17,19.59,73.93,0.16,0.46
1998-10-29,31.18,18.3,59.35,0.0,0.46
1998-10-30,30.96,20.02,61.83,0.63,0.46
1998-10-31,32.22,18.67,59.02,0.0,0.46
1998-11-01,32.18,19.04,51.09,0.0,0.46
1998-11-02,32.14,19.45,47.45,0.16,0.46
1998-11-03,27.03,15.73,62.59,0.2,0.46
1998-11-04,29.51,12.85,52.29,0.0,0.46
1998-11-05,29.64,14.84,53.6,0.0,0.46
1998-11-06,28.52,15.13,51.47,0.0,0.46
1998-11-07,29.45,15.61,48.48,0.0,0.46
1998-11-08,30.42,15.74,46.15,0.0,0.46
1998-11-09,30.07,15.09,48.05,0.0,0.46
1998-11-10,30.42,15.29,48.81,0.0,0.46
1998-11-11,28.64,16.18,53.9,0.0,0.46
1998-11-12,27.76,17.54,51.81,0.0,0.46
1998-11-13,28.27,16.66,48.46,0.0,0.46
1998-11-14,30.19,16.58,44.41,0.0,0.46
1998-11-15,30.4,14.82,41.14,0.0,0.46
1998-11-16,31.89,16.49,40.08,0.0,0.46
1998-11-17,32.62,16.4,39.0,0.0,0.46
1998-11-18,31.13,17.88,47.01,0.72,0.46
1998-11-19,31.04,19.64,60.32,1.75,0.46
1998-11-20,28.87,19.5,64.57,0.38,0.46
1998-11-21,26.16,18.45,68.74,0.83,0.46
1998-11-22,23.91,15.55,77.2,3.45,0.47
1998-11-23,25.8,15.22,67.0,0.0,0.47
1998-11-24,27.43,15.77,63.34,0.0,0.47
1998-11-25,29.29,17.57,60.68,0.0,0.47
1998-11-26,30.2,17.43,58.0,0.0,0.46
1998-11-27,30.97,16.99,58.88,0.02,0.46
1998-11-28,28.75,18.29,62.94,0.26,0.46
1998-11-29,28.07,18.47,71.37,0.0,0.46
1998-11-30,28.89,18.55,68.05,0.0,0.46
1998-12-01,28.7,17.66,64.81,0.0,0.46
1998-12-02,30.3,16.44,59.84,0.0,0.46
1998-12-03,30.05,17.78,51.73,0.0,0.46
1998-12-04,30.8,15.59,44.65,0.03,0.46
1998-12-05,30.2,15.49,48.99,0.0,0.46
1998-12-06,29.34,16.08,53.74,0.0,0.46
1998-12-07,30.01,16.21,50.7,0.0,0.46
1998-12-08,27.76,14.38,61.42,0.04,0.46
1998-12-09,23.2,15.86,71.85,0.01,0.46
1998-12-10,25.39,14.23,59.93,0.0,0.46
1998-12-11,24.77,12.16,46.81,0.0,0.46
1998-12-12,25.67,9.48,49.76,0.0,0.46
1998-12-13,25.93,9.77,50.28,0.0,0.46
1998-12-14,24.75,9.99,49.59,0.0,0.46
1998-12-15,23.84,9.88,49.84,0.0,0.46
1998-12-16,23.79,9.16,59.25,0.0,0.46
1998-12-17,25.26,12.02,57.21,0.0,0.46
1998-12-18,24.88,11.9,53.43,0.0,0.46
1998-12-19,25.95,12.15,46.91,0.01,0.46
1998-12-20,25.13,11.54,51.48,0.4,0.46
1998-12-21,26.31,11.92,52.38,0.0,0.46
1998-12-22,27.46,13.02,46.56,0.0,0.46
1998-12-23,27.18,12.77,44.01,0.0,0.46
1998-12-24,28.48,11.94,46.18,0.0,0.46
1998-12-25,28.89,13.06,48.96,0.0,0.46
1998-12-26,26.4,14.95,60.0,0.0,0.46
1998-12-27,26.37,13.51,61.05,0.0,0.46
1998-12-28,27.27,13.49,51.79,0.0,0.46
1998-12-29,27.84,13.22,48.99,0.0,0.46
1998-12-30,27.21,12.73,47.94,0.0,0.46
1998-12-31,27.55,12.49,43.2,0.0,0.46
1999-01-01,26.87,12.3,36.59,0.0,0.46
1999-01-02,26.7,11.83,36.08,0.02,0.46
1999-01-03,27.0,10.21,33.5,0.0,0.46
1999-01-04,27.54,10.08,28.24,0.0,0.46
1999-01-05,26.94,10.49,24.55,0.0,0.46
1999-01-06,28.68,10.57,22.61,0.0,0.46
1999-01-07,28.37,11.09,24.43,0.0,0.46
1999-01-08,25.95,11.06,37.93,0.0,0.46
1999-01-09,26.72,12.67,52.4,0.01,0.46
1999-01-10,24.56,12.25,66.25,0.04,0.46
1999-01-11,25.01,11.15,52.23,0.01,0.46
1999-01-12,26.68,10.44,42.23,0.0,0.46
1999-01-13,26.34,11.05,56.33,0.09,0.46
1999-01-14,25.48,10.9,55.09,0.4,0.46
1999-01-15,26.64,11.69,56.14,0.14,0.46
1999-01-16,24.69,14.1,62.68,0.24,0.46
1999-01-17,26.3,12.22,48.48,0.1,0.46
1999-01-18,26.64,11.85,32.45,0.0,0.46
1999-01-19,26.05,11.09,38.49,0.0,0.46
1999-01-20,28.44,10.22,30.45,0.0,0.46
1999-01-21,28.25,10.97,32.2,0.0,0.46
1999-01-22,28.16,12.23,27.73,0.0,0.46
1999-01-23,28.46,13.43,23.5,0.0,0.46
1999-01-24,29.44,11.9,20.07,0.0,0.46
1999-01-25,29.1,10.43,19.85,0.0,0.46
1999-01-26,28.85,11.38,19.63,0.0,0.46
1999-01-27,27.87,12.03,23.77,0.0,0.46
1999-01-28,28.78,12.27,38.93,0.05,0.46
1999-01-29,29.51,14.68,48.59,0.0,0.46
1999-01-30,27.43,12.09,32.61,0.11,0.46
1999-01-31,27.98,11.94,22.46,0.0,0.46
1999-02-01,28.22,12.73,22.79,0.0,0.46
1999-02-02,30.1,14.08,23.58,0.0,0.46
1999-02-03,30.43,13.62,27.88,0.0,0.46
1999-02-04,29.55,14.02,43.91,0.0,0.46
1999-02-05,24.95,16.74,65.61,0.0,0.46
1999-02-06,25.98,15.35,68.84,0.0,0.46
1999-02-07,29.52,15.01,55.55,0.0,0.46
1999-02-08,30.33,14.46,42.55,0.0,0.46
1999-02-09,30.1,15.85,33.72,0.0,0.46
1999-02-10,30.89,15.74,35.25,0.0,0.46
1999-02-11,31.2,17.27,32.15,0.0,0.46
1999-02-12,31.16,17.88,30.68,0.08,0.46
1999-02-13,31.27,17.53,29.15,0.0,0.46
1999-02-14,30.43,14.84,36.43,0.0,0.46
1999-02-15,31.4,14.88,34.29,0.0,0.46
1999-02-16,32.04,15.69,29.06,0.0,0.46
1999-02-17,31.75,14.94,24.03,0.0,0.46
1999-02-18,32.31,15.02,18.44,0.0,0.46
1999-02-19,31.9,15.36,18.12,0.0,0.46
1999-02-20,29.98,14.38,23.92,0.0,0.46
1999-02-21,29.7,11.72,33.55,0.67,0.46
1999-02-22,27.98,12.56,36.22,0.0,0.46
1999-02-23,30.78,14.91,24.4,0.0,0.46
1999-02-24,30.96,15.76,24.88,0.0,0.46
1999-02-25,31.5,13.51,25.06,0.0,0.46
1999-02-26,32.44,15.32,25.64,0.0,0.46
1999-02-27,33.6,17.36,23.71,0.0,0.46
1999-02-28,32.7,17.22,26.65,1.06,0.46
1999-03-01,27.16,17.48,48.79,0.02,0.46
1999-03-02,29.56,14.31,45.29,0.0,0.46
1999-03-03,30.31,14.16,26.4,0.0,0.46
1999-03-04,32.49,13.65,17.81,0.0,0.46
1999-03-05,32.05,16.11,18.78,0.0,0.46
1999-03-06,31.69,13.88,20.76,0.0,0.46
1999-03-07,32.14,15.09,19.29,0.0,0.46
1999-03-08,30.77,13.64,34.15,0.0,0.46
1999-03-09,31.72,13.96,35.48,0.0,0.46
1999-03-10,32.36,13.45,35.67,0.0,0.46
1999-03-11,32.11,13.77,38.02,0.0,0.46
1999-03-12,30.99,14.21,38.81,0.0,0.46
1999-03-13,31.91,14.15,40.28,0.0,0.46
1999-03-14,31.74,15.29,43.9,0.0,0.46
1999-03-15,32.58,16.75,41.62,0.01,0.46
1999-03-16,31.94,16.42,35.51,0.0,0.46
1999-03-17,31.13,13.97,24.97,0.0,0.46
1999-03-18,30.82,12.79,32.95,0.0,0.46
1999-03-19,31.8,13.66,42.17,0.0,0.46
1999-03-20,32.25,14.89,37.08,0.0,0.46
1999-03-21,32.82,17.75,26.48,0.0,0.46
1999-03-22,32.83,17.57,24.81,0.15,0.46
1999-03-23,32.24,15.82,27.94,2.02,0.46
1999-03-24,31.9,14.4,31.17,0.0,0.46
1999-03-25,30.24,13.71,42.18,0.0,0.46
1999-03-26,31.73,15.01,37.02,0.0,0.46
1999-03-27,31.32,14.3,38.28,0.0,0.46
1999-03-28,31.21,14.16,34.18,0.0,0.46
1999-03-29,32.79,16.46,26.07,0.0,0.46
1999-03-30,34.0,16.94,28.92,0.0,0.46
1999-03-31,32.78,16.89,31.99,0.0,0.46
1999-04-01,32.88,15.5,36.4,0.0,0.46
1999-04-02,34.77,16.91,35.03,0.0,0.46
1999-04-03,35.66,19.5,30.14,0.0,0.46
1999-04-04,35.53,18.77,30.64,0.0,0.46
1999-04-05,33.51,19.09,40.49,0.41,0.46
1999-04-06,31.08,19.45,54.41,2.0,0.46
1999-04-07,27.72,18.46,72.4,20.02,0.48
1999-04-08,29.76,17.9,68.51,0.01,0.5
1999-04-09,29.34,18.76,65.97,0.02,0.49
1999-04-10,28.65,18.63,65.78,0.14,0.49
1999-04-11,31.3,17.84,58.56,0.0,0.48
1999-04-12,33.62,18.49,46.94,0.0,0.48
1999-04-13,34.18,17.11,48.67,0.01,0.47
1999-04-14,28.03,19.99,65.85,1.04,0.47
1999-04-15,24.14,19.95,83.43,1.63,0.47
1999-04-16,29.37,19.08,75.78,1.1,0.47
1999-04-17,30.54,19.31,67.52,0.0,0.47
1999-04-18,31.84,18.57,62.17,0.0,0.47
1999-04-19,31.35,18.91,62.53,0.01,0.47
1999-04-20,32.57,18.93,56.64,0.17,0.47
1999-04-21,34.0,18.89,51.38,0.0,0.47
1999-04-22,34.69,19.33,51.61,0.11,0.46
1999-04-23,32.41,19.24,58.85,0.0,0.46
1999-04-24,34.64,20.21,51.86,0.0,0.46
1999-04-25,34.3,20.03,52.62,0.0,0.46
1999-04-26,35.54,19.75,46.76,0.0,0.46
1999-04-27,37.68,22.77,42.12,1.35,0.46
1999-04-28,32.76,20.11,53.25,0.05,0.46
1999-04-29,28.79,21.93,62.95,0.05,0.46
1999-04-30,29.92,20.16,61.86,0.0,0.46
1999-05-01,33.58,19.69,56.84,0.0,0.46
1999-05-02,31.85,21.01,59.3,0.34,0.46
1999-05-03,32.84,19.61,54.73,0.0,0.46
1999-05-04,30.81,20.72,58.13,0.02,0.46
1999-05-05,28.07,19.68,67.74,0.92,0.46
1999-05-06,29.0,18.41,63.43,0.03,0.46
1999-05-07,31.05,19.62,56.67,0.18,0.46
1999-05-08,30.06,19.22,61.21,0.41,0.46
1999-05-09,26.58,20.01,62.38,0.09,0.46
1999-05-10,29.83,18.25,60.01,1.1,0.46
1999-05-11,23.14,15.91,72.03,1.55,0.46
1999-05-12,22.72,15.04,76.49,0.44,0.47
1999-05-13,27.22,17.43,66.96,0.1,0.47
1999-05-14,28.02,18.38,70.74,0.89,0.47
1999-05-15,28.64,19.27,67.7,0.26,0.47
1999-05-16,30.87,17.96,55.34,0.03,0.46
1999-05-17,32.46,18.31,51.56,0.0,0.46
1999-05-18,33.36,18.47,48.28,0.07,0.46
1999-05-19,30.49,20.32,59.41,1.4,0.46
1999-05-20,27.1,19.93,75.93,3.78,0.47
1999-05-21,27.38,20.24,76.44,0.44,0.47
1999-05-22,28.57,19.59,74.06,0.97,0.47
1999-05-23,29.73,19.62,73.09,1.7,0.47
1999-05-24,31.02,19.68,70.42,0.12,0.47
1999-05-25,29.45,20.45,68.96,0.07,0.47
1999-05-26,32.25,20.19,67.31,0.35,0.47
1999-05-27,31.14,20.36,67.68,0.17,0.47
1999-05-28,27.57,20.78,73.17,0.11,0.47
1999-05-29,27.75,20.09,75.22,1.2,0.47
1999-05-30,29.11,19.6,70.4,1.0,0.47
1999-05-31,28.74,19.66,65.78,0.01,0.47
1999-06-01,31.99,18.94,65.34,0.53,0.47
1999-06-02,25.84,21.22,73.89,0.21,0.47
1999-06-03,30.96,20.0,65.28,1.4,0.47
1999-06-04,25.86,20.43,81.54,2.02,0.47
1999-06-05,30.43,18.87,68.89,0.02,0.47
1999-06-06,33.6,19.9,60.41,0.12,0.47
1999-06-07,32.87,21.14,58.58,0.06,0.47
1999-06-08,26.65,21.33,72.97,0.1,0.47
1999-06-09,25.65,20.21,76.74,1.4,0.47
1999-06-10,28.88,20.17,69.65,0.08,0.47
1999-06-11,31.56,19.67,65.12,0.12,0.47
1999-06-12,29.38,20.25,67.14,0.01,0.47
1999-06-13,30.05,20.69,68.52,0.03,0.46
1999-06-14,28.3,20.7,71.74,0.21,0.46
1999-06-15,28.72,20.59,71.1,0.15,0.46
1999-06-16,29.92,19.86,67.44,0.01,0.46
1999-06-17,30.68,19.87,63.12,0.06,0.46
1999-06-18,29.3,19.21,66.66,0.43,0.46
1999-06-19,29.69,20.03,69.91,0.16,0.46
1999-06-20,28.62,20.6,72.96,0.14,0.46
1999-06-21,27.84,20.13,71.46,0.04,0.46
1999-06-22,27.52,19.25,74.5,0.16,0.46
1999-06-23,28.56,19.81,75.24,2.97,0.47
1999-06-24,27.59,19.5,73.92,0.2,0.47
1999-06-25,26.08,19.12,74.97,0.17,0.47
1999-06-26,28.69,18.7,70.85,0.03,0.47
1999-06-27,29.4,19.57,70.6,0.01,0.47
1999-06-28,27.81,20.36,69.19,0.04,0.47
1999-06-29,31.67,19.36,60.29,0.0,0.46
1999-06-30,32.17,20.51,61.04,0.01,0.46
1999-07-01,32.49,20.21,65.24,0.01,0.46
1999-07-02,29.73,21.03,65.72,0.02,0.46
1999-07-03,28.9,21.2,69.89,0.06,0.46
1999-07-04,27.12,20.89,72.67,0.28,0.46
1999-07-05,29.09,19.93,72.26,0.7,0.46
1999-07-06,26.67,19.4,76.01,1.07,0.46
1999-07-07,29.73,19.34,66.63,0.03,0.46
1999-07-08,27.32,19.27,67.37,0.54,0.46
1999-07-09,29.75,19.28,67.07,0.04,0.46
1999-07-10,28.23,19.41,73.24,0.32,0.46
1999-07-11,29.07,19.57,73.38,1.06,0.46
1999-07-12,29.85,18.62,68.9,0.23,0.46
1999-07-13,31.55,18.79,64.34,0.01,0.46
1999-07-14,30.91,20.35,66.6,0.11,0.46
1999-07-15,32.9,20.11,63.06,0.05,0.46
1999-07-16,29.19,21.3,69.44,0.35,0.46
1999-07-17,28.78,20.66,74.12,1.14,0.46
1999-07-18,29.48,19.92,71.99,0.26,0.46
1999-07-19,31.32,19.82,67.77,0.8,0.46
1999-07-20,30.58,20.05,68.23,0.12,0.46
1999-07-21,31.76,19.04,67.68,0.77,0.46
1999-07-22,28.47,20.41,73.18,0.05,0.46
1999-07-23,31.59,20.62,67.11,0.01,0.46
1999-07-24,30.51,20.83,67.8,0.15,0.46
1999-07-25,31.18,21.34,67.31,0.14,0.46
1999-07-26,30.85,20.92,65.86,0.11,0.46
1999-07-27,30.53,19.25,67.39,0.08,0.46
1999-07-28,32.24,19.85,65.59,0.31,0.46
1999-07-29,30.9,20.17,68.82,0.63,0.46
1999-07-30,29.95,20.61,64.41,0.2,0.46
1999-07-31,28.72,20.15,66.27,0.46,0.46
1999-08-01,31.63,20.33,70.83,1.77,0.46
1999-08-02,30.48,20.41,70.28,0.07,0.46
1999-08-03,29.79,19.31,67.91,0.53,0.46
1999-08-04,25.57,19.4,80.5,2.14,0.47
1999-08-05,26.37,19.72,78.97,0.68,0.47
1999-08-06,27.58,19.11,78.66,0.34,0.47
1999-08-07,27.56,20.16,73.61,0.3,0.47
1999-08-08,25.87,20.18,81.03,1.41,0.47
1999-08-09,27.45,19.87,75.66,0.07,0.47
1999-08-10,28.54,19.11,72.87,0.44,0.47
1999-08-11,27.48,18.83,78.76,2.49,0.47
1999-08-12,28.14,18.79,78.03,1.96,0.47
1999-08-13,27.93,18.84,76.57,0.37,0.47
1999-08-14,25.64,17.69,79.43,0.43,0.47
1999-08-15,31.52,18.76,68.31,0.05,0.47
1999-08-16,31.13,19.66,66.75,0.03,0.47
1999-08-17,28.34,19.57,69.6,0.06,0.47
1999-08-18,30.26,19.46,69.38,0.13,0.47
1999-08-19,27.13,20.14,72.94,0.09,0.47
1999-08-20,30.13,19.08,69.34,0.0,0.46
1999-08-21,31.47,19.66,60.73,0.07,0.46
1999-08-22,32.94,19.62,62.27,0.85,0.46
1999-08-23,28.16,21.64,73.71,0.15,0.46
1999-08-24,31.68,20.31,69.78,0.72,0.46
1999-08-25,31.54,20.56,66.64,0.16,0.46
1999-08-26,28.69,19.74,71.0,0.69,0.46
1999-08-27,28.94,20.56,72.07,0.5,0.46
1999-08-28,30.61,19.53,66.52,0.28,0.46
1999-08-29,31.18,19.7,68.91,0.67,0.46
1999-08-30,28.01,19.83,75.77,0.7,0.46
1999-08-31,25.23,19.67,79.6,0.35,0.46
1999-09-01,27.57,20.05,72.71,0.09,0.46
1999-09-02,29.79,19.2,69.46,0.02,0.46
1999-09-03,30.41,19.9,66.68,0.01,0.46
1999-09-04,29.01,20.2,69.52,0.15,0.46
1999-09-05,30.45,20.33,69.95,1.22,0.46
1999-09-06,29.82,19.96,69.96,0.15,0.46
1999-09-07,30.41,20.21,69.99,0.29,0.46
1999-09-08,29.36,20.21,69.23,0.11,0.46
1999-09-09,29.21,19.29,72.02,0.38,0.46
1999-09-10,26.08,19.76,77.7,1.48,0.46
1999-09-11,27.1,19.37,75.29,1.51,0.47
1999-09-12,26.17,18.87,76.19,0.19,0.47
1999-09-13,27.44,19.18,72.97,0.36,0.47
1999-09-14,31.64,18.72,65.13,0.07,0.47
1999-09-15,25.92,20.4,74.72,0.52,0.47
1999-09-16,28.73,19.9,70.93,0.33,0.47
1999-09-17,28.02,19.51,76.37,1.7,0.47
1999-09-18,28.53,19.05,74.49,0.32,0.47
1999-09-19,29.28,19.32,72.21,0.13,0.47
1999-09-20,25.58,20.21,77.1,0.77,0.47
1999-09-21,28.73,19.11,70.27,0.07,0.47
1999-09-22,30.35,18.54,62.23,0.44,0.47
1999-09-23,30.57,18.97,64.41,3.99,0.47
1999-09-24,30.44,19.95,66.92,0.66,0.47
1999-09-25,32.55,18.24,59.6,0.05,0.47
1999-09-26,32.57,17.95,63.16,0.0,0.47
1999-09-27,32.21,20.63,61.97,0.0,0.47
1999-09-28,33.07,19.52,57.74,0.06,0.46
1999-09-29,29.3,19.6,63.73,1.32,0.47
1999-09-30,32.33,17.25,57.08,0.05,0.47
1999-10-01,31.57,20.19,54.34,2.1,0.47
1999-10-02,30.0,20.08,59.73,0.28,0.47
1999-10-03,30.61,18.38,65.81,0.82,0.47
1999-10-04,31.8,18.82,59.1,0.0,0.47
1999-10-05,32.38,18.41,56.58,0.06,0.46
1999-10-06,31.92,19.87,61.15,0.27,0.46
1999-10-07,30.39,20.4,59.53,0.0,0.46
1999-10-08,32.07,19.0,56.98,0.0,0.46
1999-10-09,32.84,19.45,56.67,0.0,0.46
1999-10-10,29.0,20.58,62.66,0.0,0.46
1999-10-11,31.02,19.93,59.5,0.07,0.46
1999-10-12,27.64,20.45,66.49,0.04,0.46
1999-10-13,28.28,19.54,66.13,0.02,0.46
1999-10-14,31.28,18.82,62.13,0.23,0.46
1999-10-15,30.81,18.66,63.85,1.81,0.46
1999-10-16,30.18,19.05,62.71,0.16,0.46
1999-10-17,28.56,17.98,66.74,0.01,0.46
1999-10-18,30.7,16.31,57.22,0.0,0.46
1999-10-19,31.46,15.41,52.41,0.0,0.46
1999-10-20,32.14,15.18,44.52,0.06,0.46
1999-10-21,29.48,17.65,58.79,0.01,0.46
1999-10-22,30.48,18.78,59.95,0.0,0.46
1999-10-23,30.23,18.59,60.32,0.0,0.46
1999-10-24,31.64,19.11,61.73,0.14,0.46
1999-10-25,30.16,19.75,64.84,0.43,0.46
1999-10-26,28.41,18.55,73.57,0.67,0.46
1999-10-27,25.02,18.89,76.52,0.64,0.46
1999-10-28,23.28,18.69,87.22,1.35,0.46
1999-10-29,26.76,18.08,82.81,1.85,0.46
1999-10-30,25.2,18.86,81.29,1.71,0.47
1999-10-31,26.03,18.4,83.93,2.53,0.47
1999-11-01,25.76,17.92,81.89,0.92,0.47
1999-11-02,22.46,16.06,80.93,1.61,0.47
1999-11-03,25.64,16.06,71.61,0.1,0.47
1999-11-04,27.75,16.99,68.93,0.02,0.47
1999-11-05,28.14,17.71,68.99,0.01,0.47
1999-11-06,29.43,17.53,65.74,0.0,0.47
1999-11-07,30.15,17.22,60.94,0.0,0.47
1999-11-08,28.63,18.07,65.02,0.1,0.47
1999-11-09,23.35,18.96,80.81,1.56,0.47
1999-11-10,28.85,17.48,65.93,0.04,0.47
1999-11-11,29.9,15.91,53.24,0.0,0.47
1999-11-12,30.57,15.45,50.3,0.0,0.47
1999-11-13,30.39,16.44,43.4,0.0,0.46
1999-11-14,30.63,15.04,44.74,0.0,0.46
1999-11-15,30.72,15.24,38.97,0.0,0.46
1999-11-16,29.7,14.13,46.75,0.11,0.46
1999-11-17,28.6,15.31,61.63,0.01,0.46
1999-11-18,27.95,16.08,63.08,0.0,0.46
1999-11-19,27.31,14.93,58.78,0.0,0.46
1999-11-20,27.9,13.18,54.11,0.0,0.46
1999-11-21,28.06,12.73,49.35,0.0,0.46
1999-11-22,29.09,13.22,44.14,0.0,0.46
1999-11-23,29.09,12.34,49.81,0.0,0.46
1999-11-24,30.42,12.59,39.0,0.0,0.46
1999-11-25,30.67,13.67,44.44,0.0,0.46
1999-11-26,30.38,15.7,43.73,0.0,0.46
1999-11-27,29.36,15.39,54.49,0.0,0.46
1999-11-28,30.35,15.51,53.08,0.0,0.46
1999-11-29,28.29,15.25,58.58,0.0,0.46
1999-11-30,27.41,15.92,65.09,0.0,0.46
1999-12-01,28.34,14.81,56.9,0.0,0.46
1999-12-02,28.17,13.13,51.93,0.08,0.46
1999-12-03,27.84,11.09,49.03,0.15,0.46
1999-12-04,27.88,11.18,59.56,0.18,0.46
1999-12-05,27.23,13.4,65.81,1.33,0.46
1999-12-06,22.51,12.73,78.64,3.73,0.46
1999-12-07,22.31,11.96,73.41,0.16,0.47
1999-12-08,25.96,12.41,68.52,0.0,0.47
1999-12-09,26.01,12.27,64.63,0.0,0.47
1999-12-10,27.92,13.17,59.19,0.0,0.46
1999-12-11,28.94,13.71,55.09,0.0,0.46
1999-12-12,27.63,13.27,60.13,0.0,0.46
1999-12-13,28.26,13.69,56.15,0.0,0.46
1999-12-14,28.25,13.9,56.32,0.01,0.46
1999-12-15,28.38,14.18,59.87,0.0,0.46
1999-12-16,27.76,12.74,51.65,0.0,0.46
1999-12-17,27.61,11.3,39.73,0.0,0.46
1999-12-18,27.2,11.29,47.42,0.0,0.46
1999-12-19,24.99,10.3,54.25,0.0,0.46
1999-12-20,23.62,8.5,50.82,0.0,0.46
1999-12-21,23.49,7.49,49.88,0.0,0.46
1999-12-22,20.29,6.08,45.33,0.0,0.46
1999-12-23,19.34,4.79,40.91,0.0,0.46
1999-12-24,18.88,4.21,34.54,0.0,0.46
1999-12-25,20.63,3.56,29.75,0.0,0.46
1999-12-26,22.29,4.5,29.23,0.0,0.46
1999-12-27,23.14,5.41,30.03,0.0,0.46
1999-12-28,24.76,6.2,32.93,0.0,0.46
1999-12-29,25.87,8.44,27.44,0.0,0.46
1999-12-30,25.18,8.19,26.06,0.0,0.46
1999-12-31,25.81,9.23,27.51,0.0,0.46
2000-01-01,27.48,11.61,40.39,0.0,0.46
2000-01-02,28.5,10.3,42.03,0.0,0.46
2000-01-03,28.08,11.38,41.18,0.0,0.46
2000-01-04,27.36,11.94,49.29,0.0,0.46
2000-01-05,27.67,12.22,45.39,0.0,0.46
2000-01-06,27.81,12.35,38.5,0.0,0.46
2000-01-07,24.71,13.76,46.76,0.0,0.46
2000-01-08,27.11,11.18,38.7,0.0,0.46
2000-01-09,26.73,9.99,23.13,0.0,0.46
2000-01-10,28.56,11.15,17.25,0.0,0.46
2000-01-11,28.54,11.11,18.14,0.0,0.46
2000-01-12,28.34,12.35,18.02,0.0,0.46
2000-01-13,28.31,11.82,17.32,0.0,0.46
2000-01-14,27.29,10.11,19.27,0.0,0.46
2000-01-15,28.07,12.37,22.81,0.0,0.46
2000-01-16,28.62,10.87,23.94,0.0,0.46
2000-01-17,27.65,11.61,28.45,0.0,0.46
2000-01-18,27.68,9.76,31.72,0.0,0.46
2000-01-19,27.62,8.64,30.16,0.0,0.46
2000-01-20,25.5,9.43,32.85,0.0,0.46
2000-01-21,23.7,8.59,40.2,0.0,0.46
2000-01-22,25.14,9.49,38.62,0.0,0.46
2000-01-23,24.25,8.93,35.75,0.0,0.46
2000-01-24,26.13,9.6,34.08,0.0,0.46
2000-01-25,27.76,9.29,37.28,0.0,0.46
2000-01-26,28.81,9.18,35.37,0.0,0.46
2000-01-27,27.06,9.41,41.9,0.0,0.46
2000-01-28,23.87,12.4,57.17,0.0,0.46
2000-01-29,24.78,10.93,55.62,0.11,0.46
2000-01-30,23.73,11.58,49.1,0.15,0.46
2000-01-31,26.03,8.48,44.78,0.0,0.46
2000-02-01,24.44,11.61,56.2,0.0,0.46
2000-02-02,23.96,10.54,56.79,0.0,0.46
2000-02-03,26.2,9.83,38.33,0.0,0.46
2000-02-04,27.76,11.68,33.06,0.0,0.46
2000-02-05,28.13,11.78,33.74,0.0,0.46
2000-02-06,28.16,12.02,36.08,0.0,0.46
2000-02-07,26.99,9.6,32.38,0.0,0.46
2000-02-08,26.47,10.47,46.36,0.0,0.46
2000-02-09,25.91,11.66,46.45,0.0,0.46
2000-02-10,26.54,11.81,38.9,0.0,0.46
2000-02-11,27.22,10.66,37.11,0.0,0.46
2000-02-12,28.69,11.22,40.46,0.0,0.46
2000-02-13,30.41,11.81,34.18,0.0,0.46
2000-02-14,29.91,13.25,35.65,0.0,0.46
2000-02-15,29.38,15.07,36.35,0.0,0.46
2000-02-16,29.33,13.99,35.63,0.0,0.46
2000-02-17,29.21,11.94,33.49,0.01,0.46
2000-02-18,26.69,12.64,42.82,2.5,0.46
2000-02-19,26.9,11.52,52.66,0.03,0.46
2000-02-20,27.39,11.76,42.24,0.0,0.46
2000-02-21,28.53,10.93,25.6,0.0,0.46
2000-02-22,30.16,9.65,19.67,0.0,0.46
2000-02-23,29.87,12.21,24.54,0.0,0.46
2000-02-24,30.79,11.68,27.99,0.0,0.46
2000-02-25,31.09,16.03,26.4,0.46,0.46
2000-02-26,29.66,16.04,38.77,1.18,0.46
2000-02-27,22.9,14.32,62.2,0.17,0.46
2000-02-28,26.24,13.52,51.34,0.07,0.46
2000-02-29,27.15,9.45,31.86,0.21,0.46
2000-03-01,27.42,9.57,29.44,0.0,0.46
2000-03-02,27.93,10.53,40.97,0.0,0.46
2000-03-03,28.63,13.05,36.0,0.0,0.46
2000-03-04,28.41,13.0,35.22,0.0,0.46
2000-03-05,29.87,12.91,32.21,0.0,0.46
2000-03-06,30.51,15.47,31.25,0.0,0.46
2000-03-07,31.3,16.15,29.08,0.0,0.46
2000-03-08,29.72,14.95,34.33,0.0,0.46
2000-03-09,28.19,12.83,41.03,0.0,0.46
2000-03-10,26.67,12.18,61.36,0.0,0.46
2000-03-11,28.12,13.78,55.27,0.0,0.46
2000-03-12,29.51,12.28,49.94,0.0,0.46
2000-03-13,29.11,12.55,45.67,0.0,0.46
2000-03-14,30.87,14.74,36.42,0.0,0.46
2000-03-15,30.03,13.5,44.84,0.0,0.46
2000-03-16,28.52,13.83,44.76,0.0,0.46
2000-03-17,28.83,13.14,52.23,0.0,0.46
2000-03-18,31.25,15.07,33.79,0.0,0.46
2000-03-19,31.56,15.44,20.54,0.0,0.46
2000-03-20,31.96,14.24,19.67,0.0,0.46
2000-03-21,30.84,14.33,25.99,0.0,0.46
2000-03-22,32.42,14.83,22.74,0.0,0.46
2000-03-23,34.74,16.3,19.01,0.0,0.46
2000-03-24,34.2,18.65,19.88,1.47,0.46
2000-03-25,28.51,18.02,53.02,0.06,0.46
2000-03-26,24.37,17.98,73.73,10.69,0.47
2000-03-27,23.34,16.81,73.87,0.05,0.48
2000-03-28,25.66,15.9,73.76,0.2,0.48
2000-03-29,25.49,16.63,78.53,0.26,0.48
2000-03-30,24.27,16.82,73.56,0.06,0.47
2000-03-31,31.68,15.23,52.43,0.0,0.47
2000-04-01,32.04,14.65,51.34,0.0,0.47
2000-04-02,32.45,14.56,44.74,0.0,0.47
2000-04-03,33.53,15.35,44.36,0.0,0.47
2000-04-04,33.21,16.02,43.5,0.0,0.46
2000-04-05,34.4,16.85,40.61,0.0,0.46
2000-04-06,33.84,16.97,38.33,0.0,0.46
2000-04-07,34.34,17.71,39.22,0.0,0.46
2000-04-08,34.65,17.57,34.32,0.0,0.46
2000-04-09,34.79,17.14,39.39,0.07,0.46
2000-04-10,35.66,18.41,30.27,0.29,0.46
2000-04-11,33.3,18.3,41.74,1.83,0.46
2000-04-12,30.38,18.48,58.15,0.07,0.46
2000-04-13,29.64,18.33,54.08,0.0,0.46
2000-04-14,32.41,16.68,45.52,0.02,0.46
2000-04-15,29.67,18.9,54.01,3.15,0.47
2000-04-16,31.47,18.89,53.59,0.81,0.47
2000-04-17,31.16,19.03,56.54,1.39,0.47
2000-04-18,31.64,18.87,56.08,0.0,0.47
2000-04-19,32.54,19.41,53.76,0.02,0.46
2000-04-20,32.5,18.8,58.75,8.18,0.47
2000-04-21,33.74,18.14,57.03,0.0,0.48
2000-04-22,32.37,19.21,55.83,0.04,0.47
2000-04-23,33.94,19.4,51.03,0.09,0.47
2000-04-24,31.78,18.46,49.0,0.0,0.47
2000-04-25,28.27,19.14,51.01,0.0,0.47
2000-04-26,32.66,17.83,44.15,0.09,0.46
2000-04-27,31.7,19.03,55.77,0.02,0.46
2000-04-28,32.16,19.45,56.59,0.38,0.46
2000-04-29,31.53,20.91,62.06,0.68,0.46
2000-04-30,28.93,20.5,66.66,0.82,0.46
2000-05-01,30.69,19.84,62.43,0.01,0.46
2000-05-02,28.41,20.12,61.92,0.0,0.46
2000-05-03,26.39,19.5,63.58,0.0,0.46
2000-05-04,26.34,18.11,59.65,0.77,0.46
2000-05-05,26.19,17.69,62.93,0.26,0.46
2000-05-06,26.11,17.94,64.99,0.19,0.46
2000-05-07,26.34,18.99,71.32,0.01,0.46
2000-05-08,29.0,18.09,66.94,0.0,0.46
2000-05-09,33.53,18.24,56.1,0.01,0.46
2000-05-10,32.7,19.79,53.32,0.13,0.46
2000-05-11,32.35,20.03,55.06,0.32,0.46
2000-05-12,29.14,21.27,62.68,0.28,0.46
2000-05-13,28.19,19.53,59.34,0.67,0.46
2000-05-14,28.86,19.54,57.87,0.58,0.46
2000-05-15,30.25,19.39,66.07,2.21,0.46
2000-05-16,30.94,20.0,65.38,0.75,0.47
2000-05-17,27.46,21.16,72.41,0.57,0.47
2000-05-18,31.69,19.96,66.04,0.48,0.47
2000-05-19,25.23,19.26,82.01,1.54,0.47
2000-05-20,28.88,16.73,62.21,0.18,0.47
2000-05-21,30.45,17.46,57.72,0.03,0.47
2000-05-22,29.27,18.86,67.09,1.81,0.47
2000-05-23,27.54,19.96,70.84,0.23,0.47
2000-05-24,30.7,19.04,64.41,0.09,0.47
2000-05-25,26.26,19.24,75.47,1.15,0.47
2000-05-26,26.18,19.61,72.85,0.83,0.47
2000-05-27,30.5,18.36,67.93,0.6,0.47
2000-05-28,30.74,19.85,62.98,0.24,0.47
2000-05-29,31.21,19.65,65.04,0.13,0.46
2000-05-30,29.7,21.1,66.97,0.3,0.46
2000-05-31,27.45,20.75,74.7,1.56,0.47
2000-06-01,30.95,19.94,69.57,0.1,0.47
2000-06-02,28.36,20.81,72.45,0.32,0.47
2000-06-03,33.23,21.12,64.42,1.26,0.47
2000-06-04,30.91,20.93,67.77,1.04,0.47
2000-06-05,31.61,20.7,65.87,0.56,0.47
2000-06-06,30.6,20.1,69.11,1.6,0.47
2000-06-07,31.01,20.19,63.51,0.02,0.47
2000-06-08,30.11,20.52,66.15,0.15,0.47
2000-06-09,26.73,20.4,73.28,0.02,0.46
2000-06-10,26.55,20.05,75.96,0.15,0.46
2000-06-11,31.29,19.81,68.55,0.2,0.46
2000-06-12,29.05,20.06,73.72,1.26,0.46
2000-06-13,29.89,20.54,68.18,0.37,0.47
2000-06-14,28.54,20.31,70.88,1.63,0.47
2000-06-15,28.63,20.06,72.4,1.65,0.47
2000-06-16,30.74,19.7,71.17,0.53,0.47
2000-06-17,27.79,20.24,72.3,0.2,0.47
2000-06-18,31.02,19.51,65.4,0.34,0.47
2000-06-19,32.12,20.44,64.3,0.14,0.47
2000-06-20,31.15,20.16,66.13,0.47,0.46
2000-06-21,30.51,20.21,65.74,0.35,0.46
2000-06-22,30.54,20.0,64.91,0.11,0.46
2000-06-23,29.11,20.31,70.92,0.48,0.46
2000-06-24,30.64,19.17,68.51,0.39,0.46
2000-06-25,28.05,19.32,73.23,0.2,0.46
2000-06-26,28.21,19.32,69.38,0.14,0.46
2000-06-27,25.74,20.37,78.0,0.17,0.46
2000-06-28,31.2,19.34,64.97,0.03,0.46
2000-06-29,31.65,21.06,66.31,0.67,0.46
2000-06-30,28.05,21.02,71.42,0.03,0.46
2000-07-01,31.79,19.86,61.35,0.06,0.46
2000-07-02,31.64,20.94,61.94,0.02,0.46
2000-07-03,34.91,20.25,53.07,0.03,0.46
2000-07-04,27.08,22.33,71.61,1.33,0.46
2000-07-05,25.66,19.95,76.99,0.16,0.46
2000-07-06,31.33,19.99,70.89,0.62,0.46
2000-07-07,28.1,20.45,73.04,0.96,0.46
2000-07-08,29.78,19.44,74.1,2.57,0.47
2000-07-09,29.68,19.94,72.32,0.69,0.47
2000-07-10,26.73,20.53,76.44,0.77,0.47
2000-07-11,31.25,20.29,70.19,0.49,0.47
2000-07-12,30.02,20.09,71.49,0.91,0.47
2000-07-13,27.99,18.67,73.81,0.18,0.47
2000-07-14,29.42,19.04,69.62,0.52,0.47
2000-07-15,28.32,19.98,72.88,0.12,0.47
2000-07-16,28.04,20.62,71.67,0.48,0.47
2000-07-17,30.44,20.6,73.79,0.33,0.47
2000-07-18,26.98,19.94,74.43,0.22,0.47
2000-07-19,28.02,19.46,70.19,0.01,0.46
2000-07-20,26.93,19.79,75.29,0.18,0.46
2000-07-21,30.24,18.97,71.54,0.9,0.46
2000-07-22,25.45,19.29,79.34,1.4,0.47
2000-07-23,23.86,18.68,78.22,0.25,0.47
2000-07-24,28.94,18.1,69.95,0.41,0.47
2000-07-25,28.89,17.78,69.95,0.32,0.47
2000-07-26,27.51,18.66,75.79,0.18,0.47
2000-07-27,30.73,18.34,65.95,0.0,0.47
2000-07-28,31.09,19.85,64.44,0.03,0.46
2000-07-29,27.92,20.39,69.88,0.12,0.46
2000-07-30,29.09,19.94,71.54,0.73,0.46
2000-07-31,27.09,20.42,70.59,0.06,0.46
2000-08-01,31.18,19.57,56.0,0.01,0.46
2000-08-02,29.78,18.73,60.85,0.04,0.46
2000-08-03,31.42,19.24,65.7,0.1,0.46
2000-08-04,29.59,20.25,68.3,0.13,0.46
2000-08-05,27.66,20.19,73.48,0.12,0.46
2000-08-06,30.97,20.05,67.98,0.14,0.46
2000-08-07,31.65,20.71,66.73,0.34,0.46
2000-08-08,31.12,19.99,66.61,1.08,0.46
2000-08-09,32.53,20.24,66.61,1.36,0.46
2000-08-10,29.77,20.58,68.3,0.11,0.46
2000-08-11,25.74,19.96,74.2,0.12,0.46
2000-08-12,25.51,19.79,77.12,0.04,0.46
2000-08-13,27.87,19.7,72.16,0.47,0.46
2000-08-14,29.24,18.78,67.73,0.19,0.46
2000-08-15,29.56,18.53,72.23,0.88,0.46
2000-08-16,29.21,19.62,69.56,0.02,0.46
2000-08-17,31.49,19.79,64.17,0.34,0.46
2000-08-18,26.2,20.86,76.37,1.1,0.47
2000-08-19,29.69,20.41,67.98,0.12,0.46
2000-08-20,29.23,19.96,66.77,0.34,0.46
2000-08-21,33.81,19.93,58.34,0.03,0.46
2000-08-22,31.77,21.83,59.81,0.09,0.46
2000-08-23,35.19,21.5,54.36,0.19,0.46
2000-08-24,35.32,21.18,53.71,0.31,0.46
2000-08-25,33.68,22.27,58.52,0.15,0.46
2000-08-26,35.09,20.95,57.69,0.07,0.46
2000-08-27,30.58,21.51,65.68,0.17,0.46
2000-08-28,25.39,20.71,80.54,0.42,0.46
2000-08-29,28.75,19.7,71.43,0.09,0.46
2000-08-30,28.88,19.64,72.48,0.69,0.46
2000-08-31,29.64,19.99,71.66,0.62,0.46
2000-09-01,33.93,20.71,61.15,0.09,0.46
2000-09-02,31.43,21.07,66.7,0.7,0.46
2000-09-03,28.21,20.0,75.25,3.86,0.47
2000-09-04,27.97,19.33,78.38,3.94,0.47
2000-09-05,26.53,19.34,78.62,0.73,0.47
2000-09-06,28.57,19.57,73.73,0.03,0.47
2000-09-07,28.8,19.4,71.7,0.07,0.47
2000-09-08,28.1,18.72,66.97,0.03,0.47
2000-09-09,31.85,18.8,61.98,0.01,0.47
2000-09-10,29.32,20.57,66.58,0.2,0.47
2000-09-11,28.57,20.11,77.02,3.68,0.47
2000-09-12,30.77,18.82,71.98,0.79,0.47
2000-09-13,28.83,20.16,69.65,0.31,0.47
2000-09-14,27.56,19.85,74.43,0.29,0.47
2000-09-15,33.25,17.66,59.4,0.02,0.47
2000-09-16,32.6,18.89,49.25,0.0,0.47
2000-09-17,28.34,19.4,64.3,0.01,0.47
2000-09-18,24.23,19.71,79.98,1.09,0.47
2000-09-19,25.07,19.34,80.14,0.16,0.47
2000-09-20,28.93,18.55,69.5,1.5,0.47
2000-09-21,26.44,19.38,72.1,0.04,0.47
2000-09-22,31.96,18.42,65.67,0.01,0.47
2000-09-23,27.09,20.23,75.09,0.25,0.47
2000-09-24,29.46,19.35,68.83,2.01,0.47
2000-09-25,27.92,19.2,72.7,0.06,0.47
2000-09-26,29.38,18.34,69.06,1.43,0.47
2000-09-27,29.37,19.31,66.51,0.01,0.47
2000-09-28,26.5,19.99,76.26,0.94,0.47
2000-09-29,29.65,18.3,71.59,0.18,0.47
2000-09-30,28.88,19.24,71.84,0.25,0.47
2000-10-01,27.45,18.3,77.65,0.96,0.47
2000-10-02,30.85,18.79,66.83,0.0,0.47
2000-10-03,30.08,19.01,64.65,0.01,0.47
2000-10-04,29.18,19.78,63.03,0.22,0.47
2000-10-05,25.33,19.62,75.06,0.16,0.47
2000-10-06,27.42,19.46,68.92,0.04,0.46
2000-10-07,30.53,18.24,60.95,0.0,0.46
2000-10-08,31.68,19.17,61.67,0.01,0.46
2000-10-09,31.51,19.15,60.79,0.12,0.46
2000-10-10,31.13,19.57,59.34,0.03,0.46
2000-10-11,29.72,20.6,64.02,1.01,0.46
2000-10-12,30.79,20.94,62.37,0.0,0.46
2000-10-13,30.79,19.85,58.72,0.0,0.46
2000-10-14,30.88,19.63,57.6,0.0,0.46
2000-10-15,31.13,18.45,57.68,0.0,0.46
2000-10-16,30.97,18.4,55.49,0.0,0.46
2000-10-17,30.25,17.29,58.64,0.16,0.46
2000-10-18,29.26,19.8,66.36,0.07,0.46
2000-10-19,26.3,19.92,71.74,0.06,0.46
2000-10-20,29.33,20.01,66.98,0.02,0.46
2000-10-21,31.14,18.9,61.75,0.11,0.46
2000-10-22,31.18,18.15,59.63,1.56,0.46
2000-10-23,31.49,18.12,58.26,0.19,0.46
2000-10-24,28.66,19.87,70.04,0.72,0.46
2000-10-25,27.43,19.05,71.0,0.02,0.46
2000-10-26,29.46,18.6,65.38,0.05,0.46
2000-10-27,31.14,18.39,59.57,0.0,0.46
2000-10-28,30.65,18.17,63.64,0.41,0.46
2000-10-29,23.38,18.71,88.03,19.96,0.48
2000-10-30,26.67,15.84,76.88,3.92,0.51
2000-10-31,28.28,14.84,66.46,0.0,0.5
2000-11-01,27.36,13.62,61.31,0.0,0.49
2000-11-02,27.74,11.0,44.88,0.0,0.49
2000-11-03,29.42,10.99,38.76,0.0,0.48
2000-11-04,29.95,15.19,37.77,0.0,0.48
2000-11-05,29.02,13.52,45.29,0.0,0.48
2000-11-06,28.97,12.6,53.98,0.0,0.47
2000-11-07,29.47,14.09,46.25,0.0,0.47
2000-11-08,30.56,15.22,42.92,0.0,0.47
2000-11-09,29.17,15.32,38.55,0.0,0.47
2000-11-10,28.94,13.94,46.42,0.0,0.47
2000-11-11,29.02,15.89,52.79,0.0,0.47
2000-11-12,27.2,17.04,56.74,0.0,0.47
2000-11-13,29.01,15.16,49.62,0.0,0.47
2000-11-14,28.65,13.64,49.88,0.0,0.46
2000-11-15,29.92,15.52,45.88,0.0,0.46
2000-11-16,29.9,13.9,49.11,0.0,0.46
2000-11-17,28.44,16.49,61.58,0.0,0.46
2000-11-18,28.59,15.12,62.07,0.0,0.46
2000-11-19,27.92,16.23,62.53,0.0,0.46
2000-11-20,28.3,16.77,57.52,0.25,0.46
2000-11-21,26.7,15.91,61.09,0.0,0.46
2000-11-22,24.31,15.11,67.09,0.0,0.46
2000-11-23,28.45,14.46,54.64,0.0,0.46
2000-11-24,28.8,14.54,40.5,0.0,0.46
2000-11-25,29.02,13.67,35.56,0.0,0.46
2000-11-26,30.04,12.72,36.95,0.0,0.46
2000-11-27,28.14,14.63,58.75,0.01,0.46
2000-11-28,25.54,17.38,73.5,0.06,0.46
2000-11-29,25.05,16.46,69.99,0.02,0.46
2000-11-30,26.17,16.41,63.2,0.0,0.46
2000-12-01,25.97,16.3,64.48,0.16,0.46
2000-12-02,25.23,16.15,68.14,0.03,0.46
2000-12-03,29.12,14.27,54.66,0.0,0.46
2000-12-04,27.83,12.46,41.91,0.01,0.46
2000-12-05,27.3,12.4,52.32,0.0,0.46
2000-12-06,27.43,12.23,48.73,0.0,0.46
2000-12-07,27.7,12.92,47.06,0.0,0.46
2000-12-08,27.34,12.25,43.85,0.0,0.46
2000-12-09,27.0,13.17,38.2,0.0,0.46
2000-12-10,28.07,11.49,36.55,0.0,0.46
2000-12-11,28.1,12.1,41.21,0.0,0.46
2000-12-12,26.65,12.14,43.61,0.0,0.46
2000-12-13,28.37,10.93,33.08,0.0,0.46
2000-12-14,27.26,10.82,27.47,0.0,0.46
2000-12-15,26.53,10.66,32.7,0.0,0.46
2000-12-16,27.48,10.4,34.53,0.0,0.46
2000-12-17,27.46,10.79,33.16,0.0,0.46
2000-12-18,25.81,10.62,41.57,0.0,0.46
2000-12-19,27.84,8.94,42.38,0.0,0.46
2000-12-20,27.72,11.02,36.82,0.0,0.46
2000-12-21,28.3,11.37,33.75,0.0,0.46
2000-12-22,28.59,13.71,29.39,0.0,0.46
2000-12-23,28.52,9.63,32.12,0.0,0.46
2000-12-24,28.85,12.73,32.94,0.0,0.46
2000-12-25,27.51,10.4,49.12,0.0,0.46
2000-12-26,26.18,10.86,56.48,0.0,0.46
2000-12-27,26.72,11.61,47.0,0.0,0.46
2000-12-28,26.19,10.47,46.12,0.0,0.46
2000-12-29,25.6,10.79,40.69,0.0,0.46
2000-12-30,26.76,10.96,34.48,0.0,0.46
2000-12-31,26.64,9.0,35.23,0.0,0.46
2001-01-01,26.58,11.51,37.78,0.0,0.46
2001-01-02,27.14,10.76,50.64,0.0,0.46
2001-01-03,27.51,12.38,46.03,0.0,0.46
2001-01-04,26.31,12.37,47.35,0.0,0.46
2001-01-05,24.35,10.72,57.9,0.0,0.46
2001-01-06,25.91,11.65,44.77,0.0,0.46
2001-01-07,25.58,8.89,39.99,0.0,0.46
2001-01-08,24.65,9.19,50.12,0.0,0.46
2001-01-09,25.12,8.97,41.57,0.0,0.46
2001-01-10,25.1,8.15,23.96,0.0,0.46
2001-01-11,25.22,5.36,29.02,0.0,0.46
2001-01-12,26.7,7.41,25.58,0.0,0.46
2001-01-13,26.67,8.55,23.31,0.0,0.46
2001-01-14,26.82,9.54,25.27,0.0,0.46
2001-01-15,27.61,9.04,25.75,0.0,0.46
2001-01-16,26.8,8.73,42.14,1.68,0.46
2001-01-17,25.38,12.76,59.14,0.11,0.46
2001-01-18,27.06,10.32,51.99,0.0,0.46
2001-01-19,28.05,12.54,46.63,0.0,0.46
2001-01-20,27.37,11.96,45.14,0.0,0.46
2001-01-21,27.18,12.14,44.81,0.0,0.46
2001-01-22,26.55,10.23,35.75,0.0,0.46
2001-01-23,26.25,11.03,51.61,0.0,0.46
2001-01-24,25.15,11.05,31.57,0.0,0.46
2001-01-25,24.44,7.46,34.35,0.0,0.46
2001-01-26,27.38,7.63,25.54,0.0,0.46
2001-01-27,28.19,9.69,18.28,0.0,0.46
2001-01-28,29.06,9.56,14.65,0.0,0.46
2001-01-29,28.13,8.87,18.18,0.0,0.46
2001-01-30,28.3,9.29,30.57,0.0,0.46
2001-01-31,29.32,11.62,26.71,0.0,0.46
2001-02-01,29.92,12.7,27.17,0.0,0.46
2001-02-02,29.92,12.25,29.82,0.0,0.46
2001-02-03,29.06,12.18,31.61,0.0,0.46
2001-02-04,29.68,13.45,33.1,0.0,0.46
2001-02-05,27.82,11.47,38.2,0.0,0.46
2001-02-06,28.11,11.85,31.62,0.0,0.46
2001-02-07,29.69,10.3,31.56,0.0,0.46
2001-02-08,30.04,11.9,28.16,0.0,0.46
2001-02-09,28.44,9.25,21.72,0.0,0.46
2001-02-10,28.54,9.59,27.7,0.0,0.46
2001-02-11,28.74,9.6,26.7,0.0,0.46
2001-02-12,29.76,12.37,25.04,0.0,0.46
2001-02-13,30.95,12.13,24.72,0.0,0.46
2001-02-14,30.55,13.28,24.9,0.0,0.46
2001-02-15,29.95,12.71,28.18,0.0,0.46
2001-02-16,28.11,16.41,39.55,0.0,0.46
2001-02-17,27.26,16.42,58.72,0.36,0.46
2001-02-18,29.51,13.6,43.53,0.0,0.46
2001-02-19,29.48,14.86,26.81,0.0,0.46
2001-02-20,29.7,13.8,30.75,0.0,0.46
2001-02-21,29.87,12.96,31.0,0.0,0.46
2001-02-22,29.06,11.89,36.13,0.0,0.46
2001-02-23,28.17,13.55,52.71,0.0,0.46
2001-02-24,28.65,13.4,44.06,0.0,0.46
2001-02-25,29.44,12.33,34.97,0.0,0.46
2001-02-26,30.33,14.4,37.21,0.0,0.46
2001-02-27,30.14,13.05,31.12,0.0,0.46
2001-02-28,30.53,15.35,33.3,0.0,0.46
2001-03-01,31.46,13.88,31.44,0.0,0.46
2001-03-02,31.32,15.06,32.75,0.0,0.46
2001-03-03,32.49,15.8,31.32,0.0,0.46
2001-03-04,33.77,14.39,27.4,0.0,0.46
2001-03-05,31.12,13.46,23.55,0.0,0.46
2001-03-06,29.74,13.6,25.77,0.0,0.46
2001-03-07,31.14,11.96,27.24,0.0,0.46
2001-03-08,32.37,13.23,20.13,0.04,0.46
2001-03-09,30.77,14.32,26.16,0.14,0.46
2001-03-10,29.51,13.57,33.1,0.12,0.46
2001-03-11,29.78,12.94,44.64,0.03,0.46
2001-03-12,30.18,13.42,43.52,0.37,0.46
2001-03-13,27.55,14.33,61.72,0.67,0.46
2001-03-14,27.05,16.26,66.5,0.28,0.46
2001-03-15,25.21,16.19,67.94,0.39,0.46
2001-03-16,30.66,13.76,57.26,0.0,0.46
2001-03-17,31.49,16.26,42.16,0.0,0.46
2001-03-18,32.25,17.83,28.74,0.0,0.46
2001-03-19,32.72,18.33,28.48,0.0,0.46
2001-03-20,34.43,14.55,23.28,0.0,0.46
2001-03-21,32.69,15.74,27.72,0.0,0.46
2001-03-22,33.46,15.59,27.84,0.0,0.46
2001-03-23,32.71,15.48,35.07,0.0,0.46
2001-03-24,32.02,16.14,43.13,0.0,0.46
2001-03-25,31.79,16.69,43.16,0.0,0.46
2001-03-26,31.48,16.35,42.7,0.01,0.46
2001-03-27,31.05,17.69,37.22,0.0,0.46
2001-03-28,31.5,16.53,37.29,0.0,0.46
2001-03-29,33.87,16.06,28.07,0.0,0.46
2001-03-30,32.61,16.83,39.82,0.0,0.46
2001-03-31,32.48,17.21,45.78,0.0,0.46
2001-04-01,31.81,17.98,46.81,0.0,0.46
2001-04-02,33.53,17.4,45.75,0.0,0.46
2001-04-03,33.98,17.11,44.25,0.0,0.46
2001-04-04,34.44,19.39,31.67,0.0,0.46
2001-04-05,35.95,18.55,22.3,0.0,0.46
2001-04-06,35.88,19.23,22.96,0.0,0.46
2001-04-07,35.34,18.15,34.45,0.0,0.46
2001-04-08,34.92,18.98,36.8,0.0,0.46
2001-04-09,33.18,18.38,39.79,0.0,0.46
2001-04-10,35.28,18.67,34.47,0.0,0.46
2001-04-11,34.92,20.82,24.79,0.0,0.46
2001-04-12,35.69,21.63,24.76,0.03,0.46
2001-04-13,34.64,19.77,32.21,0.0,0.46
2001-04-14,34.49,21.26,34.59,0.02,0.46
2001-04-15,34.59,18.91,36.52,0.0,0.46
2001-04-16,34.48,20.26,34.39,0.0,0.46
2001-04-17,32.81,18.93,47.18,0.0,0.46
2001-04-18,33.96,18.32,47.24,0.0,0.46
2001-04-19,33.91,18.93,42.06,0.0,0.46
2001-04-20,34.38,18.78,40.08,0.0,0.46
2001-04-21,34.87,18.12,38.0,0.0,0.46
2001-04-22,33.85,20.33,35.61,0.0,0.46
2001-04-23,34.3,18.8,38.01,0.0,0.46
2001-04-24,35.02,18.53,34.49,0.0,0.46
2001-04-25,35.11,18.82,32.56,0.0,0.46
2001-04-26,34.81,18.89,40.93,0.0,0.46
2001-04-27,34.66,17.56,33.97,0.0,0.46
2001-04-28,34.63,17.75,39.66,0.0,0.46
2001-04-29,34.47,19.03,41.86,0.0,0.46
2001-04-30,34.68,21.38,41.02,0.13,0.46
2001-05-01,34.31,22.42,38.59,0.06,0.46
2001-05-02,32.81,21.28,48.48,0.02,0.46
2001-05-03,30.6,20.74,56.43,0.09,0.46
2001-05-04,31.99,21.08,53.06,0.06,0.46
2001-05-05,31.8,20.74,56.94,0.03,0.46
2001-05-06,27.3,19.97,52.85,0.05,0.46
2001-05-07,25.39,19.18,61.17,0.05,0.46
2001-05-08,28.24,18.65,61.18,0.01,0.46
2001-05-09,27.6,20.16,69.22,0.03,0.46
2001-05-10,32.08,18.39,58.17,0.11,0.46
2001-05-11,29.11,20.21,60.54,0.01,0.46
2001-05-12,26.44,19.9,62.64,0.09,0.46
2001-05-13,27.77,18.63,65.83,0.35,0.46
2001-05-14,29.57,18.82,57.98,0.25,0.46
2001-05-15,33.68,18.13,48.86,0.2,0.46
2001-05-16,29.23,21.34,63.48,0.33,0.46
2001-05-17,26.82,20.34,73.17,0.07,0.46
2001-05-18,28.27,20.72,74.23,0.15,0.46
2001-05-19,29.91,20.45,71.54,0.29,0.46
2001-05-20,30.99,20.3,63.02,0.75,0.46
2001-05-21,31.85,20.5,59.57,0.01,0.46
2001-05-22,33.27,19.29,53.11,0.01,0.46
2001-05-23,30.36,20.02,57.26,0.12,0.46
2001-05-24,30.42,19.6,62.31,0.0,0.46
2001-05-25,27.7,20.16,72.65,0.08,0.46
2001-05-26,30.04,20.12,68.13,0.83,0.46
2001-05-27,29.16,20.98,72.21,0.51,0.46
2001-05-28,29.47,20.73,72.65,0.2,0.46
2001-05-29,28.62,20.26,72.31,0.37,0.46
2001-05-30,26.08,19.94,76.67,0.2,0.46
2001-05-31,29.57,19.93,69.62,0.39,0.46
2001-06-01,27.75,21.34,73.78,0.19,0.46
2001-06-02,28.73,20.99,72.29,0.12,0.46
2001-06-03,27.43,20.1,71.16,0.01,0.46
2001-06-04,29.15,19.54,67.36,0.22,0.46
2001-06-05,29.25,19.32,68.53,0.09,0.46
2001-06-06,29.24,19.39,67.93,0.24,0.46
2001-06-07,26.88,20.8,72.88,0.01,0.46
2001-06-08,28.54,20.01,70.67,0.0,0.46
2001-06-09,28.83,20.83,72.11,0.14,0.46
2001-06-10,28.27,20.08,75.25,0.65,0.46
2001-06-11,32.23,20.11,66.49,0.57,0.46
2001-06-12,28.41,20.15,75.56,6.87,0.46
2001-06-13,26.94,19.36,81.03,4.52,0.47
2001-06-14,28.21,18.49,75.63,0.36,0.48
2001-06-15,26.73,19.41,76.26,0.65,0.48
2001-06-16,27.14,19.18,71.86,0.18,0.47
2001-06-17,25.84,19.13,74.99,0.67,0.47
2001-06-18,29.1,18.51,69.3,0.01,0.47
2001-06-19,28.85,19.07,69.07,0.0,0.47
2001-06-20,30.41,19.21,68.4,0.01,0.47
2001-06-21,30.44,20.22,68.18,0.04,0.47
2001-06-22,29.72,20.54,65.98,0.08,0.47
2001-06-23,29.56,21.02,66.41,0.11,0.47
2001-06-24,32.95,20.44,62.87,0.07,0.46
2001-06-25,30.82,20.74,63.98,0.0,0.46
2001-06-26,28.16,21.16,70.43,0.01,0.46
2001-06-27,29.37,20.4,69.94,0.1,0.46
2001-06-28,28.76,20.0,69.08,0.04,0.46
2001-06-29,29.89,19.53,68.32,0.22,0.46
2001-06-30,25.09,19.41,75.68,0.15,0.46
2001-07-01,28.02,20.13,70.39,0.28,0.46
2001-07-02,31.85,19.08,63.24,0.0,0.46
2001-07-03,32.72,19.92,65.98,0.01,0.46
2001-07-04,28.1,21.36,71.02,0.04,0.46
2001-07-05,30.07,21.17,70.32,0.18,0.46
2001-07-06,30.24,21.17,69.24,0.04,0.46
2001-07-07,27.37,21.41,75.49,0.0,0.46
2001-07-08,30.61,20.62,67.25,0.15,0.46
2001-07-09,25.13,20.74,74.0,0.13,0.46
2001-07-10,30.01,19.42,67.62,0.31,0.46
2001-07-11,27.23,20.09,71.95,1.89,0.46
2001-07-12,31.31,19.51,63.04,0.02,0.46
2001-07-13,29.6,19.77,67.19,0.12,0.46
2001-07-14,29.37,19.85,71.8,0.33,0.46
2001-07-15,27.31,19.99,72.36,0.11,0.46
2001-07-16,29.77,19.42,71.24,0.07,0.46
2001-07-17,27.19,20.05,72.85,0.35,0.46
2001-07-18,28.71,19.69,70.42,0.05,0.46
2001-07-19,28.77,20.22,72.4,0.47,0.46
2001-07-20,28.42,19.7,72.26,0.22,0.46
2001-07-21,29.9,19.5,69.68,0.34,0.46
2001-07-22,31.43,20.29,66.79,0.5,0.46
2001-07-23,30.08,20.97,67.73,0.25,0.46
2001-07-24,27.55,20.53,72.54,0.03,0.46
2001-07-25,28.47,19.76,70.41,0.07,0.46
2001-07-26,26.5,20.72,74.11,0.13,0.46
2001-07-27,28.53,19.76,71.4,0.04,0.46
2001-07-28,29.53,19.57,66.49,0.01,0.46
2001-07-29,29.52,20.0,68.87,0.06,0.46
2001-07-30,29.49,19.88,66.72,0.17,0.46
2001-07-31,26.59,20.61,77.06,0.36,0.46
2001-08-01,27.88,19.72,76.66,0.35,0.46
2001-08-02,26.5,19.94,76.39,0.4,0.46
2001-08-03,26.56,19.9,75.58,0.65,0.46
2001-08-04,26.71,19.2,79.01,1.8,0.47
2001-08-05,29.73,20.0,71.2,0.13,0.47
2001-08-06,33.97,19.92,59.4,0.18,0.47
2001-08-07,31.87,21.53,67.13,0.17,0.46
2001-08-08,30.37,20.68,67.41,0.03,0.46
2001-08-09,32.4,20.17,62.99,0.01,0.46
2001-08-10,32.99,20.65,59.56,0.03,0.46
2001-08-11,31.44,20.83,66.32,1.05,0.46
2001-08-12,31.59,20.76,71.63,0.97,0.46
2001-08-13,31.26,19.88,70.53,0.93,0.46
2001-08-14,29.05,20.18,71.84,0.12,0.46
2001-08-15,29.27,20.16,71.73,0.03,0.46
2001-08-16,31.07,19.68,65.16,0.0,0.46
2001-08-17,32.96,21.43,63.79,0.01,0.46
2001-08-18,34.9,21.8,62.83,0.03,0.46
2001-08-19,32.66,21.92,63.43,0.03,0.46
2001-08-20,32.72,21.43,62.11,0.08,0.46
2001-08-21,33.38,21.76,61.89,0.19,0.46
2001-08-22,32.63,20.81,59.28,0.09,0.46
2001-08-23,33.49,20.79,56.87,0.0,0.46
2001-08-24,32.86,21.65,60.42,0.0,0.46
2001-08-25,33.31,21.21,64.76,0.0,0.46
2001-08-26,27.65,20.74,67.42,0.03,0.46
2001-08-27,29.65,21.2,68.27,0.1,0.46
2001-08-28,33.04,19.98,65.97,0.33,0.46
2001-08-29,30.41,21.76,67.33,0.03,0.46
2001-08-30,33.42,21.24,61.8,0.27,0.46
2001-08-31,29.5,20.72,64.32,0.01,0.46
2001-09-01,31.9,20.43,64.84,0.02,0.46
2001-09-02,30.24,20.79,60.32,0.01,0.46
2001-09-03,28.66,21.07,67.7,0.91,0.46
2001-09-04,28.32,19.91,78.39,6.19,0.46
2001-09-05,29.48,20.31,72.85,0.02,0.47
2001-09-06,28.99,21.05,70.94,0.06,0.47
2001-09-07,30.91,20.61,69.17,0.0,0.47
2001-09-08,30.42,20.6,68.31,0.06,0.47
2001-09-09,29.83,20.42,72.3,0.15,0.47
2001-09-10,26.72,20.72,79.29,0.44,0.47
2001-09-11,32.32,19.63,66.58,0.07,0.47
2001-09-12,33.55,20.34,59.88,0.11,0.46
2001-09-13,32.52,20.32,65.59,1.01,0.46
2001-09-14,29.69,20.33,69.27,2.67,0.47
2001-09-15,31.26,20.5,64.26,0.02,0.47
2001-09-16,32.23,19.71,64.0,0.0,0.47
2001-09-17,31.58,19.49,63.72,0.03,0.46
2001-09-18,30.67,19.25,62.94,0.01,0.46
2001-09-19,31.61,19.33,62.64,0.09,0.46
2001-09-20,28.66,19.83,65.18,0.26,0.46
2001-09-21,31.59,18.94,64.72,0.48,0.46
2001-09-22,31.84,19.0,63.87,0.25,0.46
2001-09-23,33.2,19.48,59.1,0.02,0.46
2001-09-24,33.06,19.5,57.87,0.12,0.46
2001-09-25,31.52,19.94,64.64,0.14,0.46
2001-09-26,29.71,19.93,65.63,0.0,0.46
2001-09-27,32.89,19.27,58.23,0.01,0.46
2001-09-28,33.18,20.16,56.0,0.03,0.46
2001-09-29,33.43,20.08,56.67,0.02,0.46
2001-09-30,32.37,20.1,55.34,0.11,0.46
2001-10-01,32.96,19.4,58.28,0.12,0.46
2001-10-02,31.6,20.63,60.62,0.04,0.46
2001-10-03,29.35,19.98,68.27,0.09,0.46
2001-10-04,29.87,18.95,69.2,0.25,0.46
2001-10-05,26.0,20.43,74.49,0.31,0.46
2001-10-06,32.08,19.24,63.9,0.35,0.46
2001-10-07,30.69,20.52,68.23,0.0,0.46
2001-10-08,31.26,19.93,67.79,0.02,0.46
2001-10-09,28.61,20.62,76.12,0.35,0.46
2001-10-10,24.88,19.29,76.2,0.3,0.46
2001-10-11,30.5,18.58,67.94,0.28,0.46
2001-10-12,31.27,19.26,66.01,0.03,0.46
2001-10-13,32.01,19.78,61.8,0.0,0.46
2001-10-14,30.13,20.27,64.49,0.01,0.46
2001-10-15,31.86,21.4,59.1,0.41,0.46
2001-10-16,29.84,20.98,63.42,0.2,0.46
2001-10-17,30.15,20.23,60.9,0.17,0.46
2001-10-18,30.05,18.52,62.87,1.31,0.46
2001-10-19,32.41,19.29,55.57,0.03,0.46
2001-10-20,31.49,18.94,54.42,0.0,0.46
2001-10-21,31.55,19.17,54.84,0.0,0.46
2001-10-22,31.83,18.6,52.69,0.01,0.46
2001-10-23,31.18,17.48,57.24,0.05,0.46
2001-10-24,29.94,17.81,66.03,0.2,0.46
2001-10-25,26.66,19.09,72.76,0.56,0.46
2001-10-26,27.23,18.44,70.6,0.71,0.46
2001-10-27,23.22,18.61,85.74,3.6,0.46
2001-10-28,22.95,17.2,86.11,1.15,0.47
2001-10-29,23.69,16.38,81.72,0.68,0.47
2001-10-30,23.75,17.69,83.21,0.08,0.47
2001-10-31,24.37,17.43,76.32,0.04,0.47
2001-11-01,24.01,17.23,79.57,0.07,0.47
2001-11-02,27.17,18.41,71.94,0.0,0.47
2001-11-03,30.66,17.7,65.73,0.0,0.47
2001-11-04,29.47,18.19,67.32,0.02,0.46
2001-11-05,27.17,19.46,67.64,0.0,0.46
2001-11-06,30.33,18.49,65.02,0.0,0.46
2001-11-07,26.22,18.17,71.84,0.0,0.46
2001-11-08,28.52,17.43,64.89,0.0,0.46
2001-11-09,26.04,18.78,67.75,0.01,0.46
2001-11-10,26.38,18.29,69.65,0.0,0.46
2001-11-11,29.09,17.08,65.87,0.0,0.46
2001-11-12,30.12,16.52,61.41,0.0,0.46
2001-11-13,30.72,16.98,56.1,0.04,0.46
2001-11-14,24.27,14.56,68.41,0.72,0.46
2001-11-15,27.15,11.59,56.72,0.0,0.46
2001-11-16,27.88,10.61,49.62,0.0,0.46
2001-11-17,28.76,10.9,48.52,0.0,0.46
2001-11-18,28.46,11.75,51.46,0.0,0.46
2001-11-19,25.02,12.52,56.01,0.0,0.46
2001-11-20,25.32,11.36,39.74,0.0,0.46
2001-11-21,25.85,9.19,45.53,0.0,0.46
2001-11-22,26.55,8.83,46.43,0.0,0.46
2001-11-23,25.92,9.11,40.92,0.0,0.46
2001-11-24,26.71,11.8,35.06,0.0,0.46
2001-11-25,27.15,10.62,48.16,0.0,0.46
2001-11-26,25.78,10.56,56.36,0.0,0.46
2001-11-27,25.08,8.86,48.92,0.0,0.46
2001-11-28,25.04,9.42,49.43,0.0,0.46
2001-11-29,25.99,11.73,41.27,0.0,0.46
2001-11-30,27.62,12.36,35.84,0.0,0.46
2001-12-01,27.48,11.75,33.82,0.0,0.46
2001-12-02,26.53,11.7,31.88,0.0,0.46
2001-12-03,26.85,12.46,38.37,0.0,0.46
2001-12-04,27.05,11.66,42.47,0.0,0.46
2001-12-05,27.13,11.65,40.48,0.0,0.46
2001-12-06,27.47,12.56,38.29,0.0,0.46
2001-12-07,26.82,13.04,36.79,0.01,0.46
2001-12-08,27.17,11.37,41.02,0.0,0.46
2001-12-09,28.31,11.76,39.53,0.0,0.46
2001-12-10,28.38,10.48,33.71,0.0,0.46
2001-12-11,28.51,9.91,27.1,0.0,0.46
2001-12-12,29.12,11.16,30.85,0.0,0.46
2001-12-13,29.14,11.33,47.63,0.0,0.46
2001-12-14,28.58,12.54,56.02,0.01,0.46
2001-12-15,27.82,14.18,66.36,0.11,0.46
2001-12-16,27.2,16.03,61.64,0.0,0.46
2001-12-17,27.09,14.74,60.89,0.0,0.46
2001-12-18,28.68,13.97,55.65,0.0,0.46
2001-12-19,28.7,14.05,49.12,0.51,0.46
2001-12-20,28.48,13.07,46.49,0.09,0.46
2001-12-21,23.78,14.8,65.0,0.04,0.46
2001-12-22,21.04,12.29,66.12,0.0,0.46
2001-12-23,25.79,9.96,53.11,0.0,0.46
2001-12-24,26.24,10.17,53.81,0.0,0.46
2001-12-25,21.89,13.58,68.74,0.0,0.46
2001-12-26,21.07,13.95,74.02,0.0,0.46
2001-12-27,26.02,12.2,61.84,0.0,0.46
2001-12-28,26.77,11.2,58.0,0.0,0.46
2001-12-29,26.56,10.86,53.54,0.0,0.46
2001-12-30,22.58,12.71,58.4,0.0,0.46
2001-12-31,21.38,12.53,62.08,0.0,0.46
2002-01-01,23.56,11.91,52.58,0.0,0.46
2002-01-02,22.94,13.76,64.75,0.0,0.46
2002-01-03,23.66,12.94,66.12,0.0,0.46
2002-01-04,26.11,10.93,58.51,0.0,0.46
2002-01-05,25.76,9.7,56.48,0.0,0.46
2002-01-06,26.91,11.59,44.46,0.0,0.46
2002-01-07,25.63,10.81,60.36,0.0,0.46
2002-01-08,25.02,11.36,60.68,0.01,0.46
2002-01-09,24.13,11.99,66.67,0.06,0.46
2002-01-10,22.22,12.1,68.5,0.02,0.46
2002-01-11,24.45,10.37,48.27,0.0,0.46
2002-01-12,24.53,9.68,29.54,0.03,0.46
2002-01-13,24.99,9.21,26.38,0.0,0.46
2002-01-14,25.27,9.4,27.84,0.0,0.46
2002-01-15,25.56,9.64,28.53,0.0,0.46
2002-01-16,26.87,11.46,27.59,0.0,0.46
2002-01-17,27.92,11.13,30.75,0.0,0.46
2002-01-18,28.26,10.6,27.2,0.0,0.46
2002-01-19,29.08,12.67,20.53,0.0,0.46
2002-01-20,28.45,13.35,20.46,0.0,0.46
2002-01-21,28.5,12.06,20.01,0.0,0.46
2002-01-22,27.58,11.68,25.16,0.0,0.46
2002-01-23,26.27,11.69,37.77,0.03,0.46
2002-01-24,24.34,11.15,51.67,0.01,0.46
2002-01-25,24.36,12.64,71.89,0.0,0.46
2002-01-26,25.59,12.82,60.36,0.0,0.46
2002-01-27,27.62,9.22,36.43,0.0,0.46
2002-01-28,28.3,10.25,25.74,0.0,0.46
2002-01-29,27.09,10.42,24.67,0.0,0.46
2002-01-30,26.28,10.17,38.6,0.0,0.46
2002-01-31,24.64,9.91,51.03,0.0,0.46
2002-02-01,26.07,10.87,47.48,0.0,0.46
2002-02-02,26.1,9.56,38.33,0.0,0.46
2002-02-03,25.49,8.33,35.67,0.0,0.46
2002-02-04,27.99,9.82,31.97,0.0,0.46
2002-02-05,26.99,9.26,27.01,0.0,0.46
2002-02-06,27.21,10.21,25.53,0.0,0.46
2002-02-07,27.88,11.57,23.13,0.0,0.46
2002-02-08,29.71,13.31,21.61,0.0,0.46
2002-02-09,30.49,13.95,25.6,0.0,0.46
2002-02-10,31.06,13.03,32.58,0.0,0.46
2002-02-11,31.73,14.61,30.87,0.0,0.46
2002-02-12,31.16,16.53,25.54,0.0,0.46
2002-02-13,30.74,15.8,21.35,0.0,0.46
2002-02-14,31.09,15.88,19.39,0.04,0.46
2002-02-15,29.68,16.57,25.27,1.02,0.46
2002-02-16,29.75,15.06,34.38,0.01,0.46
2002-02-17,29.76,13.46,39.71,0.01,0.46
2002-02-18,29.92,14.15,22.13,0.0,0.46
2002-02-19,29.83,11.72,17.77,0.01,0.46
2002-02-20,28.65,11.75,23.8,0.02,0.46
2002-02-21,28.31,13.41,21.5,0.0,0.46
2002-02-22,29.41,13.85,21.37,0.0,0.46
2002-02-23,29.71,10.33,28.39,0.0,0.46
2002-02-24,27.99,14.64,39.4,23.5,0.5
2002-02-25,28.65,14.21,38.53,0.0,0.5
2002-02-26,28.73,13.61,39.67,0.0,0.49
2002-02-27,29.09,12.34,40.6,0.0,0.48
2002-02-28,28.83,13.95,50.38,0.0,0.48
2002-03-01,30.09,14.28,40.55,0.0,0.48
2002-03-02,30.73,12.33,33.77,0.0,0.47
2002-03-03,30.69,14.47,29.76,0.0,0.47
2002-03-04,29.81,12.87,35.85,0.02,0.47
2002-03-05,31.01,13.87,44.03,0.0,0.47
2002-03-06,31.64,14.37,44.24,0.0,0.47
2002-03-07,29.91,12.24,36.96,0.03,0.46
2002-03-08,29.52,10.69,39.3,0.0,0.46
2002-03-09,29.39,12.22,36.19,0.0,0.46
2002-03-10,30.49,14.97,34.24,0.0,0.46
2002-03-11,31.49,16.17,29.38,0.0,0.46
2002-03-12,30.82,14.01,36.84,0.0,0.46
2002-03-13,31.61,15.68,34.19,0.0,0.46
2002-03-14,32.09,14.25,39.13,0.0,0.46
2002-03-15,33.76,15.25,30.98,0.0,0.46
2002-03-16,31.77,18.02,24.47,0.0,0.46
2002-03-17,34.04,15.87,25.84,0.02,0.46
2002-03-18,33.32,17.25,26.37,0.14,0.46
2002-03-19,32.21,15.26,28.34,0.01,0.46
2002-03-20,31.88,14.64,24.06,0.0,0.46
2002-03-21,32.35,14.65,18.92,0.0,0.46
2002-03-22,31.76,13.64,28.72,0.0,0.46
2002-03-23,29.5,15.8,31.4,0.0,0.46
2002-03-24,30.56,13.59,43.79,0.0,0.46
2002-03-25,30.03,13.95,47.28,0.0,0.46
2002-03-26,31.13,16.85,47.54,0.0,0.46
2002-03-27,33.03,16.79,39.65,0.0,0.46
2002-03-28,32.9,16.14,43.31,0.0,0.46
2002-03-29,32.98,17.39,46.53,0.0,0.46
2002-03-30,31.79,18.01,43.94,0.0,0.46
2002-03-31,31.74,16.25,39.75,0.0,0.46
2002-04-01,32.36,16.56,33.59,0.0,0.46
2002-04-02,32.98,16.36,36.78,0.0,0.46
2002-04-03,31.87,15.25,38.34,0.0,0.46
2002-04-04,30.05,15.35,46.25,0.0,0.46
2002-04-05,32.9,15.87,34.98,0.0,0.46
2002-04-06,34.86,16.81,27.47,0.0,0.46
2002-04-07,34.06,17.16,28.96,0.0,0.46
2002-04-08,34.79,17.25,32.79,0.0,0.46
2002-04-09,33.71,16.74,36.87,0.0,0.46
2002-04-10,31.28,17.0,48.26,0.0,0.46
2002-04-11,31.11,19.76,37.77,0.01,0.46
2002-04-12,33.9,17.74,36.04,0.05,0.46
2002-04-13,29.8,20.1,44.27,0.15,0.46
2002-04-14,31.0,17.88,46.24,0.0,0.46
2002-04-15,32.58,15.47,38.2,0.0,0.46
2002-04-16,34.35,16.7,42.48,0.0,0.46
2002-04-17,34.04,18.96,42.54,0.0,0.46
2002-04-18,35.02,19.97,37.25,0.0,0.46
2002-04-19,35.43,18.36,37.93,0.0,0.46
2002-04-20,34.76,18.4,41.03,0.0,0.46
2002-04-21,35.65,21.88,35.04,0.0,0.46
2002-04-22,33.55,20.99,39.91,0.01,0.46
2002-04-23,34.75,20.66,36.19,0.0,0.46
2002-04-24,31.19,22.14,38.34,0.0,0.46
2002-04-25,34.32,18.89,39.52,0.0,0.46
2002-04-26,34.39,19.64,39.56,0.02,0.46
2002-04-27,33.49,18.25,41.67,0.41,0.46
2002-04-28,33.68,18.01,43.19,0.08,0.46
2002-04-29,34.81,18.03,35.17,0.0,0.46
2002-04-30,36.02,17.94,32.33,0.01,0.46
2002-05-01,35.27,19.32,35.75,0.01,0.46
2002-05-02,36.83,22.53,28.78,0.01,0.46
2002-05-03,34.48,21.82,38.08,0.02,0.46
2002-05-04,34.13,21.69,42.78,0.56,0.46
2002-05-05,31.58,21.49,42.74,0.0,0.46
2002-05-06,32.47,21.99,42.82,0.0,0.46
2002-05-07,32.2,20.92,51.66,0.06,0.46
2002-05-08,31.72,20.95,55.35,0.26,0.46
2002-05-09,32.87,19.55,50.59,0.38,0.46
2002-05-10,31.07,20.68,54.42,0.43,0.46
2002-05-11,32.82,20.93,60.77,2.66,0.46
2002-05-12,29.69,20.79,77.77,22.43,0.48
2002-05-13,28.12,19.89,76.59,0.24,0.51
2002-05-14,29.6,18.8,70.66,0.03,0.5
2002-05-15,26.39,19.79,71.55,0.43,0.49
2002-05-16,25.43,18.34,74.29,0.48,0.49
2002-05-17,25.96,19.4,77.82,0.23,0.49
2002-05-18,26.18,19.43,76.78,0.75,0.48
2002-05-19,25.46,20.49,81.57,0.21,0.48
2002-05-20,27.84,20.52,76.06,0.0,0.48
2002-05-21,27.65,20.18,74.39,0.0,0.48
2002-05-22,30.58,19.51,67.41,0.0,0.48
2002-05-23,29.72,19.55,65.36,0.04,0.47
2002-05-24,32.77,18.68,54.1,0.04,0.47
2002-05-25,30.61,19.71,59.52,0.23,0.47
2002-05-26,28.89,19.97,64.48,1.08,0.47
2002-05-27,29.73,19.25,63.06,1.17,0.47
2002-05-28,28.71,19.37,60.73,0.06,0.47
2002-05-29,31.9,18.5,55.21,0.02,0.47
2002-05-30,29.27,20.13,63.16,0.06,0.47
2002-05-31,29.56,20.25,60.37,0.06,0.47
2002-06-01,30.43,19.28,65.67,1.94,0.47
2002-06-02,33.7,19.21,57.27,0.17,0.47
2002-06-03,30.9,20.56,63.58,0.83,0.47
2002-06-04,31.2,20.58,63.16,0.23,0.47
2002-06-05,27.21,21.63,68.64,0.08,0.47
2002-06-06,28.94,20.54,66.89,0.62,0.47
2002-06-07,31.31,20.08,63.18,1.1,0.47
2002-06-08,31.14,20.2,64.6,0.01,0.47
2002-06-09,29.27,21.45,68.56,0.05,0.47
2002-06-10,29.19,20.85,70.14,0.11,0.47
2002-06-11,27.09,20.72,71.37,0.03,0.47
2002-06-12,30.4,20.27,70.64,0.99,0.47
2002-06-13,31.94,19.99,66.03,0.0,0.47
2002-06-14,28.55,20.8,70.39,0.04,0.47
2002-06-15,28.88,21.2,68.78,0.38,0.47
2002-06-16,29.03,20.63,71.85,1.64,0.47
2002-06-17,28.44,20.6,79.89,6.26,0.48
2002-06-18,28.12,20.71,79.27,1.13,0.48
2002-06-19,29.1,19.65,77.74,3.07,0.48
2002-06-20,28.58,19.58,75.99,3.67,0.48
2002-06-21,31.32,19.91,71.98,0.62,0.48
2002-06-22,28.8,19.9,70.53,0.66,0.48
2002-06-23,28.84,19.07,72.94,1.42,0.48
2002-06-24,30.55,19.16,74.36,3.0,0.48
2002-06-25,30.61,18.69,68.98,0.33,0.48
2002-06-26,28.72,19.18,70.51,0.28,0.48
2002-06-27,29.81,19.54,73.18,2.6,0.48
2002-06-28,31.53,20.16,71.57,0.34,0.47
2002-06-29,26.75,20.81,75.59,0.43,0.47
2002-06-30,32.52,19.64,70.68,0.69,0.47
2002-07-01,29.79,21.18,79.55,5.08,0.47
2002-07-02,27.57,20.46,81.45,2.85,0.48
2002-07-03,28.2,20.4,78.72,0.42,0.48
2002-07-04,26.91,19.69,78.4,0.64,0.48
2002-07-05,30.7,18.95,73.39,0.12,0.48
2002-07-06,29.07,19.91,75.13,0.63,0.47
2002-07-07,30.8,19.5,73.48,0.81,0.47
2002-07-08,29.45,21.1,75.27,0.15,0.47
2002-07-09,25.87,19.92,85.43,2.74,0.47
2002-07-10,31.01,19.05,79.87,5.79,0.48
2002-07-11,29.09,19.04,73.76,0.01,0.48
2002-07-12,29.9,19.9,72.05,0.11,0.48
2002-07-13,28.17,20.18,74.75,0.07,0.48
2002-07-14,27.46,19.47,79.48,0.66,0.48
2002-07-15,30.31,19.7,69.28,0.03,0.47
2002-07-16,31.1,21.31,72.25,0.07,0.47
2002-07-17,29.13,20.83,71.33,0.16,0.47
2002-07-18,28.7,19.82,75.62,3.02,0.47
2002-07-19,28.06,18.74,75.48,0.52,0.47
2002-07-20,27.47,19.13,75.43,0.11,0.47
2002-07-21,26.05,19.35,79.24,0.09,0.47
2002-07-22,27.49,19.48,74.59,0.49,0.47
2002-07-23,30.39,18.91,71.25,0.14,0.47
2002-07-24,29.29,19.91,73.15,1.73,0.47
2002-07-25,30.46,19.46,71.97,0.13,0.47
2002-07-26,25.85,20.68,77.04,1.09,0.47
2002-07-27,29.42,20.09,74.33,0.38,0.47
2002-07-28,26.44,21.08,73.58,0.05,0.47
2002-07-29,31.4,19.77,68.09,0.01,0.47
2002-07-30,30.4,20.87,69.88,0.03,0.47
2002-07-31,27.63,19.2,65.76,0.02,0.47
2002-08-01,29.6,19.89,68.78,0.08,0.47
2002-08-02,24.48,20.2,81.86,0.4,0.47
2002-08-03,26.34,18.56,78.99,2.15,0.47
2002-08-04,30.78,17.9,72.62,0.2,0.47
2002-08-05,28.01,20.33,78.63,1.26,0.47
2002-08-06,25.87,20.53,78.74,0.03,0.47
2002-08-07,30.08,19.34,68.59,0.18,0.47
2002-08-08,30.3,19.69,75.41,0.89,0.47
2002-08-09,28.85,19.99,70.74,0.03,0.47
2002-08-10,26.66,19.86,75.69,0.21,0.47
2002-08-11,26.0,19.94,78.12,0.08,0.47
2002-08-12,26.52,20.59,77.11,0.07,0.47
2002-08-13,29.33,20.09,68.52,0.17,0.47
2002-08-14,30.27,19.93,66.46,0.03,0.47
2002-08-15,30.39,20.44,67.61,0.12,0.47
2002-08-16,29.72,19.74,72.24,0.44,0.47
2002-08-17,29.9,19.42,66.75,0.16,0.47
2002-08-18,30.76,19.49,68.3,1.16,0.47
2002-08-19,27.76,20.22,69.44,0.3,0.47
2002-08-20,29.52,19.9,63.59,0.11,0.47
2002-08-21,32.03,18.05,60.06,0.04,0.47
2002-08-22,28.91,18.75,68.34,0.49,0.46
2002-08-23,28.62,19.14,75.64,0.22,0.47
2002-08-24,25.14,19.54,79.23,0.78,0.47
2002-08-25,30.62,19.23,75.52,1.03,0.47
2002-08-26,30.41,20.08,71.18,0.05,0.47
2002-08-27,32.55,19.82,64.44,0.19,0.47
2002-08-28,31.14,20.26,68.57,0.26,0.47
2002-08-29,32.85,19.55,61.01,0.09,0.46
2002-08-30,34.23,19.86,52.73,0.4,0.46
2002-08-31,35.23,20.8,46.6,0.0,0.46
2002-09-01,35.29,19.75,44.21,0.02,0.46
2002-09-02,33.52,20.6,54.3,0.06,0.46
2002-09-03,29.76,21.41,60.4,0.15,0.46
2002-09-04,30.06,21.3,60.38,0.37,0.46
2002-09-05,30.37,19.66,61.85,0.09,0.46
2002-09-06,30.76,19.92,64.91,0.3,0.46
2002-09-07,26.27,20.06,75.74,0.47,0.46
2002-09-08,24.5,19.79,81.92,0.04,0.46
2002-09-09,28.71,19.18,71.85,0.06,0.46
2002-09-10,27.44,19.78,71.17,0.45,0.46
2002-09-11,30.49,19.12,67.88,0.2,0.46
2002-09-12,31.76,19.35,66.08,0.88,0.46
2002-09-13,29.95,20.76,68.29,0.5,0.46
2002-09-14,24.64,19.73,86.49,7.18,0.47
2002-09-15,23.91,18.08,88.38,6.03,0.48
2002-09-16,27.08,17.92,82.4,5.2,0.49
2002-09-17,29.6,18.27,72.62,0.07,0.49
2002-09-18,30.06,18.45,71.83,0.22,0.49
2002-09-19,30.81,18.53,71.58,0.35,0.48
2002-09-20,30.53,19.04,71.1,1.48,0.48
2002-09-21,31.12,19.48,66.08,0.04,0.48
2002-09-22,31.26,19.23,62.13,0.03,0.48
2002-09-23,30.09,18.59,65.44,0.03,0.47
2002-09-24,31.07,19.84,65.84,0.0,0.47
2002-09-25,31.53,19.18,64.1,0.05,0.47
2002-09-26,33.02,19.09,62.31,0.23,0.47
2002-09-27,31.72,19.61,70.79,0.08,0.47
2002-09-28,27.73,20.55,75.81,1.42,0.47
2002-09-29,27.38,19.69,71.29,0.03,0.47
2002-09-30,30.73,19.69,68.51,0.01,0.47
2002-10-01,29.14,20.13,70.69,0.04,0.47
2002-10-02,29.76,19.91,69.91,0.05,0.47
2002-10-03,29.3,19.61,70.72,0.14,0.47
2002-10-04,29.26,19.9,68.09,0.04,0.47
2002-10-05,28.55,20.34,68.06,0.23,0.47
2002-10-06,26.56,20.04,66.24,0.1,0.47
2002-10-07,28.71,17.63,41.61,0.0,0.47
2002-10-08,30.45,14.92,36.5,0.0,0.46
2002-10-09,29.56,15.16,37.86,0.0,0.46
2002-10-10,32.18,15.53,38.09,0.0,0.46
2002-10-11,31.51,16.93,43.37,0.0,0.46
2002-10-12,28.54,18.54,52.11,0.0,0.46
2002-10-13,28.87,17.63,56.12,0.01,0.46
2002-10-14,29.58,18.29,58.32,0.0,0.46
2002-10-15,29.24,19.05,60.92,1.94,0.46
2002-10-16,25.66,17.9,84.2,25.74,0.49
2002-10-17,28.33,17.6,78.48,0.0,0.51
2002-10-18,29.55,18.03,75.15,0.07,0.5
2002-10-19,27.95,19.63,77.79,0.01,0.5
2002-10-20,28.48,18.2,75.33,0.09,0.49
2002-10-21,27.75,19.09,74.85,0.01,0.49
2002-10-22,28.82,17.98,72.71,0.13,0.48
2002-10-23,27.55,17.96,72.47,0.47,0.48
2002-10-24,26.57,17.78,78.72,1.27,0.48
2002-10-25,29.85,17.64,71.39,1.39,0.48
2002-10-26,29.45,18.19,70.77,0.23,0.48
2002-10-27,26.42,18.89,76.31,0.29,0.48
2002-10-28,27.92,18.48,78.19,1.19,0.48
2002-10-29,27.94,17.33,67.69,0.0,0.48
2002-10-30,29.33,17.78,67.43,0.0,0.47
2002-10-31,31.1,17.3,61.84,0.0,0.47
2002-11-01,31.95,17.57,53.35,1.51,0.47
2002-11-02,22.46,17.62,87.36,6.9,0.48
2002-11-03,22.48,15.08,87.89,5.69,0.49
2002-11-04,20.39,12.91,73.17,0.04,0.49
2002-11-05,26.1,12.16,65.56,0.0,0.49
2002-11-06,28.47,13.31,61.05,0.0,0.48
2002-11-07,28.76,13.38,59.04,0.0,0.48
2002-11-08,28.44,13.26,60.17,0.0,0.48
2002-11-09,29.54,13.35,59.45,0.0,0.48
2002-11-10,30.71,17.24,56.42,0.0,0.47
2002-11-11,31.63,17.88,56.7,0.0,0.47
2002-11-12,30.19,17.44,61.61,0.0,0.47
2002-11-13,28.48,17.86,66.21,0.0,0.47
2002-11-14,27.51,17.57,73.6,0.02,0.47
2002-11-15,29.37,16.38,61.4,0.0,0.47
2002-11-16,30.09,14.46,43.15,0.02,0.47
2002-11-17,28.53,14.57,58.7,1.68,0.47
2002-11-18,28.13,15.68,62.27,0.01,0.47
2002-11-19,26.97,14.75,61.66,0.0,0.47
2002-11-20,26.88,13.66,64.17,0.0,0.47
2002-11-21,29.36,15.17,59.65,0.0,0.47
2002-11-22,29.07,14.36,60.4,0.01,0.47
2002-11-23,27.44,15.67,65.85,0.0,0.47
2002-11-24,27.69,16.63,72.27,0.06,0.47
2002-11-25,24.8,17.31,83.73,0.36,0.47
2002-11-26,25.97,17.84,75.74,1.43,0.47
2002-11-27,23.02,17.16,80.79,0.15,0.47
2002-11-28,23.51,16.16,77.79,0.01,0.47
2002-11-29,25.96,15.77,77.08,0.29,0.47
2002-11-30,28.37,15.63,63.84,0.04,0.47
2002-12-01,27.71,13.65,61.69,0.02,0.47
2002-12-02,28.37,13.75,53.7,0.0,0.47
2002-12-03,28.62,13.66,42.34,0.0,0.47
2002-12-04,28.33,14.77,40.98,0.0,0.46
2002-12-05,28.0,13.85,47.54,0.0,0.46
2002-12-06,27.63,15.0,48.48,0.0,0.46
2002-12-07,28.85,15.3,43.21,0.0,0.46
2002-12-08,29.2,13.26,31.32,0.0,0.46
2002-12-09,29.15,12.88,51.58,0.17,0.46
2002-12-10,24.33,14.47,69.16,0.0,0.46
2002-12-11,27.82,13.19,57.15,0.01,0.46
2002-12-12,23.29,12.93,74.89,0.03,0.46
2002-12-13,26.64,13.2,67.46,0.0,0.46
2002-12-14,25.17,14.42,67.43,0.0,0.46
2002-12-15,22.18,14.51,76.16,0.19,0.46
2002-12-16,22.28,14.37,76.98,0.44,0.46
2002-12-17,24.52,13.1,67.25,0.01,0.46
2002-12-18,25.12,10.82,55.5,0.0,0.46
2002-12-19,26.32,10.23,44.53,0.14,0.46
2002-12-20,25.44,8.81,48.17,0.0,0.46
2002-12-21,25.14,8.96,44.54,0.0,0.46
2002-12-22,25.56,10.02,40.94,0.0,0.46
2002-12-23,26.04,10.36,40.79,0.0,0.46
2002-12-24,24.92,9.38,46.29,0.77,0.46
2002-12-25,21.85,9.84,74.85,5.18,0.47
2002-12-26,24.2,9.21,49.69,0.64,0.47
2002-12-27,24.6,7.11,46.62,0.0,0.47
2002-12-28,23.48,9.16,45.61,0.0,0.47
2002-12-29,23.37,7.55,48.3,0.0,0.47
2002-12-30,24.08,8.11,40.7,0.0,0.47
2002-12-31,24.84,7.75,40.31,0.0,0.47
2003-01-01,22.29,11.34,61.94,0.18,0.47
2003-01-02,25.9,12.8,62.26,0.06,0.47
2003-01-03,26.92,10.16,47.72,0.01,0.47
2003-01-04,24.54,11.02,58.68,2.39,0.47
2003-01-05,20.46,11.38,74.77,15.78,0.49
2003-01-06,24.55,7.39,54.71,0.0,0.5
2003-01-07,24.18,8.1,61.14,0.0,0.49
2003-01-08,23.68,8.31,65.55,0.0,0.49
2003-01-09,24.56,10.07,70.57,0.0,0.48
2003-01-10,24.8,9.01,67.84,0.0,0.48
2003-01-11,24.38,10.8,67.81,0.0,0.48
2003-01-12,24.94,11.0,70.97,0.0,0.48
2003-01-13,25.46,11.81,64.36,0.0,0.48
2003-01-14,25.26,11.6,59.73,0.0,0.47
2003-01-15,25.53,12.75,55.4,0.0,0.47
2003-01-16,25.62,10.83,50.66,0.0,0.47
2003-01-17,26.81,11.22,54.76,0.0,0.47
2003-01-18,26.12,12.12,41.87,0.0,0.47
2003-01-19,26.99,9.96,43.1,0.0,0.47
2003-01-20,25.87,10.36,31.83,0.0,0.47
2003-01-21,25.24,8.66,38.43,0.0,0.47
2003-01-22,25.67,10.42,44.06,0.0,0.47
2003-01-23,24.36,9.59,41.68,0.0,0.47
2003-01-24,24.83,8.25,37.39,0.0,0.46
2003-01-25,25.1,8.57,32.31,0.0,0.46
2003-01-26,24.76,8.08,32.12,0.0,0.46
2003-01-27,28.49,6.97,31.36,0.0,0.46
2003-01-28,27.14,8.05,39.55,0.0,0.46
2003-01-29,26.32,10.67,37.87,0.0,0.46
2003-01-30,23.94,9.24,64.38,0.0,0.46
2003-01-31,25.62,9.44,49.23,0.0,0.46
2003-02-01,28.16,11.32,46.64,0.0,0.46
2003-02-02,29.53,11.5,46.46,0.0,0.46
2003-02-03,30.21,13.44,41.0,0.0,0.46
2003-02-04,30.26,14.23,36.17,0.0,0.46
2003-02-05,25.33,14.39,59.29,0.7,0.46
2003-02-06,22.37,14.12,66.88,0.04,0.46
2003-02-07,25.29,10.72,53.09,0.01,0.46
2003-02-08,26.06,10.56,42.78,0.0,0.46
2003-02-09,27.03,11.56,33.64,0.0,0.46
2003-02-10,27.27,12.23,35.41,0.0,0.46
2003-02-11,27.78,12.27,39.5,0.0,0.46
2003-02-12,27.81,12.77,32.88,0.0,0.46
2003-02-13,26.33,9.99,37.47,0.0,0.46
2003-02-14,27.59,11.07,47.6,0.0,0.46
2003-02-15,27.63,10.52,47.53,0.0,0.46
2003-02-16,27.75,11.03,28.48,0.0,0.46
2003-02-17,28.14,10.54,26.26,0.0,0.46
2003-02-18,30.21,9.97,28.53,0.0,0.46
2003-02-19,31.26,12.76,27.07,0.0,0.46
2003-02-20,30.32,13.83,30.06,0.0,0.46
2003-02-21,28.63,12.7,39.14,0.0,0.46
2003-02-22,28.15,11.67,37.02,0.0,0.46
2003-02-23,29.6,10.51,22.41,0.0,0.46
2003-02-24,29.61,12.42,20.95,0.0,0.46
2003-02-25,29.0,12.27,29.39,0.0,0.46
2003-02-26,28.79,12.24,24.16,0.0,0.46
2003-02-27,29.0,13.01,23.11,0.0,0.46
2003-02-28,29.53,11.93,30.88,0.0,0.46
2003-03-01,30.18,13.29,30.6,0.0,0.46
2003-03-02,29.76,14.08,30.67,0.0,0.46
2003-03-03,30.57,15.03,29.7,0.0,0.46
2003-03-04,30.03,14.59,29.95,0.0,0.46
2003-03-05,28.98,12.8,49.14,0.0,0.46
2003-03-06,30.98,12.37,48.15,0.0,0.46
2003-03-07,30.93,15.06,26.55,0.0,0.46
2003-03-08,30.84,13.14,18.01,0.0,0.46
2003-03-09,31.93,13.3,13.97,0.0,0.46
2003-03-10,29.97,10.7,21.61,0.1,0.46
2003-03-11,28.77,11.33,21.44,0.0,0.46
2003-03-12,29.94,11.89,21.89,0.0,0.46
2003-03-13,29.0,12.94,31.79,0.09,0.46
2003-03-14,26.43,15.5,42.46,0.4,0.46
2003-03-15,27.77,12.5,50.3,0.02,0.46
2003-03-16,29.82,13.11,50.99,0.0,0.46
2003-03-17,28.77,14.88,53.48,0.08,0.46
2003-03-18,28.86,16.01,44.39,0.0,0.46
2003-03-19,29.83,15.81,42.72,0.0,0.46
2003-03-20,30.33,16.08,39.13,0.0,0.46
2003-03-21,30.46,16.55,37.53,0.01,0.46
2003-03-22,31.21,15.51,32.62,0.0,0.46
2003-03-23,31.71,16.23,27.92,0.02,0.46
2003-03-24,32.4,17.2,27.06,0.0,0.46
2003-03-25,31.61,15.43,32.87,0.01,0.46
2003-03-26,31.44,15.43,43.23,0.0,0.46
2003-03-27,32.11,16.87,38.18,0.01,0.46
2003-03-28,30.6,18.66,40.72,0.02,0.46
2003-03-29,29.58,15.98,49.33,0.04,0.46
2003-03-30,31.07,14.93,39.95,0.04,0.46
2003-03-31,30.06,14.62,45.51,0.0,0.46
2003-04-01,30.58,15.87,48.15,0.0,0.46
2003-04-02,31.03,15.53,49.24,0.0,0.46
2003-04-03,32.58,15.38,41.61,0.0,0.46
2003-04-04,34.12,16.64,34.98,0.0,0.46
2003-04-05,34.86,18.34,31.94,0.0,0.46
2003-04-06,33.58,18.19,40.38,0.04,0.46
2003-04-07,34.03,18.71,40.78,0.16,0.46
2003-04-08,30.41,19.36,53.14,0.0,0.46
2003-04-09,34.51,20.29,44.43,0.0,0.46
2003-04-10,33.64,19.02,41.82,0.0,0.46
2003-04-11,33.21,19.39,40.34,0.08,0.46
2003-04-12,32.38,17.83,45.83,0.01,0.46
2003-04-13,33.73,17.99,39.97,0.0,0.46
2003-04-14,34.42,19.08,38.49,0.0,0.46
2003-04-15,33.15,21.56,37.1,0.0,0.46
2003-04-16,32.47,19.28,47.42,0.11,0.46
2003-04-17,32.62,18.84,51.02,0.02,0.46
2003-04-18,31.36,17.83,50.09,0.04,0.46
2003-04-19,33.31,18.92,48.84,0.0,0.46
2003-04-20,33.76,18.57,47.84,0.08,0.46
2003-04-21,32.81,20.19,47.66,0.04,0.46
2003-04-22,32.09,20.54,46.01,0.0,0.46
2003-04-23,32.54,20.02,46.49,0.0,0.46
2003-04-24,33.56,18.66,43.46,0.0,0.46
2003-04-25,34.22,19.69,40.72,0.0,0.46
2003-04-26,34.78,20.35,40.3,0.03,0.46
2003-04-27,36.52,20.06,40.41,2.04,0.46
2003-04-28,34.14,22.26,39.99,0.0,0.46
2003-04-29,30.37,22.12,47.36,0.21,0.46
2003-04-30,23.89,18.69,65.45,0.78,0.46
2003-05-01,26.31,17.56,64.94,0.37,0.46
2003-05-02,29.41,16.24,58.32,0.17,0.46
2003-05-03,30.86,17.72,57.7,0.0,0.46
2003-05-04,32.54,19.01,57.7,0.0,0.46
2003-05-05,33.0,18.86,55.11,0.0,0.46
2003-05-06,34.25,18.58,51.47,0.0,0.46
2003-05-07,35.45,19.69,46.62,0.0,0.46
2003-05-08,37.47,20.99,35.75,0.03,0.46
2003-05-09,36.42,24.19,31.43,0.22,0.46
2003-05-10,33.48,22.63,49.52,1.7,0.46
2003-05-11,27.59,20.99,66.31,0.08,0.46
2003-05-12,29.59,19.46,55.29,0.83,0.46
2003-05-13,27.68,19.86,66.99,0.9,0.46
2003-05-14,31.49,20.0,64.24,0.01,0.46
2003-05-15,32.18,20.74,62.39,0.03,0.46
2003-05-16,32.27,21.11,63.17,0.1,0.46
2003-05-17,31.46,20.33,66.66,1.28,0.46
2003-05-18,30.53,20.37,69.27,0.38,0.46
2003-05-19,31.72,21.11,66.57,0.17,0.46
2003-05-20,29.17,20.55,69.41,0.02,0.46
2003-05-21,31.09,19.28,60.91,0.0,0.46
2003-05-22,33.1,20.33,55.45,0.0,0.46
2003-05-23,32.83,21.41,54.63,0.07,0.46
2003-05-24,30.68,21.35,60.4,0.73,0.46
2003-05-25,33.27,20.06,55.05,0.09,0.46
2003-05-26,32.96,20.15,57.34,0.0,0.46
2003-05-27,32.76,20.27,56.29,0.02,0.46
2003-05-28,32.91,21.15,56.81,0.33,0.46
2003-05-29,35.1,20.0,48.83,0.11,0.46
2003-05-30,37.47,21.7,35.21,0.15,0.46
2003-05-31,33.34,23.0,48.8,2.06,0.46
2003-06-01,30.01,20.59,68.14,0.2,0.46
2003-06-02,31.54,21.29,66.52,1.75,0.46
2003-06-03,31.16,20.71,70.99,0.73,0.46
2003-06-04,29.91,21.34,70.21,0.09,0.46
2003-06-05,27.78,19.71,70.12,0.22,0.46
2003-06-06,27.81,19.74,74.79,0.32,0.46
2003-06-07,30.49,19.22,65.81,0.27,0.46
2003-06-08,28.21,20.35,69.26,0.04,0.46
2003-06-09,30.73,19.17,69.1,0.09,0.46
2003-06-10,28.91,19.15,69.75,0.17,0.46
2003-06-11,29.4,19.82,66.51,0.02,0.46
2003-06-12,30.84,18.8,62.89,0.02,0.46
2003-06-13,31.93,18.99,57.78,0.01,0.46
2003-06-14,30.8,20.62,60.61,0.02,0.46
2003-06-15,33.3,20.14,58.23,0.23,0.46
2003-06-16,31.71,20.46,62.37,0.07,0.46
2003-06-17,31.31,20.92,61.07,0.36,0.46
2003-06-18,29.62,21.21,66.72,0.22,0.46
2003-06-19,32.13,20.11,65.18,0.06,0.46
2003-06-20,28.7,19.42,72.77,0.88,0.46
2003-06-21,32.04,19.46,65.43,0.77,0.46
2003-06-22,33.21,19.72,64.57,1.17,0.46
2003-06-23,31.3,21.11,66.21,1.43,0.46
2003-06-24,29.06,21.1,72.19,0.48,0.46
2003-06-25,28.32,19.8,70.51,0.07,0.46
2003-06-26,28.66,19.65,72.01,0.81,0.46
2003-06-27,28.54,19.1,72.89,0.82,0.46
2003-06-28,28.14,19.1,74.96,3.13,0.47
2003-06-29,26.9,18.76,78.59,2.76,0.47
2003-06-30,29.36,19.54,73.18,1.14,0.47
2003-07-01,30.3,19.92,66.75,0.3,0.47
2003-07-02,26.93,20.12,69.9,0.26,0.47
2003-07-03,31.15,19.18,65.04,0.3,0.47
2003-07-04,32.11,20.48,64.56,2.04,0.47
2003-07-05,33.88,20.11,60.83,0.01,0.47
2003-07-06,27.06,21.16,70.4,0.04,0.47
2003-07-07,29.27,20.45,67.67,1.1,0.47
2003-07-08,31.89,20.39,67.49,0.3,0.47
2003-07-09,31.18,21.28,66.32,0.39,0.46
2003-07-10,28.52,20.31,70.99,0.12,0.46
2003-07-11,29.91,19.07,68.54,0.26,0.46
2003-07-12,30.77,19.9,67.87,1.15,0.46
2003-07-13,28.14,20.19,71.95,0.1,0.46
2003-07-14,31.71,20.59,59.44,0.15,0.46
2003-07-15,33.81,19.96,57.52,0.0,0.46
2003-07-16,33.29,20.24,60.09,0.02,0.46
2003-07-17,33.33,20.61,58.76,0.0,0.46
2003-07-18,34.25,20.58,57.31,0.0,0.46
2003-07-19,33.8,21.06,58.74,0.01,0.46
2003-07-20,32.79,21.06,61.0,0.24,0.46
2003-07-21,27.9,20.71,72.2,2.69,0.46
2003-07-22,29.78,20.55,68.57,0.27,0.46
2003-07-23,27.03,21.33,75.55,0.91,0.46
2003-07-24,28.35,20.18,73.49,0.11,0.47
2003-07-25,30.87,20.0,71.64,0.31,0.46
2003-07-26,31.5,20.29,62.6,0.06,0.46
2003-07-27,31.21,20.42,62.49,0.01,0.46
2003-07-28,32.06,20.09,63.91,0.05,0.46
2003-07-29,26.71,20.79,74.1,0.19,0.46
2003-07-30,27.84,20.17,70.36,0.15,0.46
2003-07-31,27.28,20.35,72.94,0.01,0.46
2003-08-01,29.43,19.54,67.44,0.11,0.46
2003-08-02,31.6,19.82,64.34,0.22,0.46
2003-08-03,28.68,20.1,68.83,1.57,0.46
2003-08-04,32.12,20.72,61.66,0.52,0.46
2003-08-05,35.53,20.25,56.02,0.0,0.46
2003-08-06,34.41,21.74,58.59,0.02,0.46
2003-08-07,33.18,20.72,58.09,0.24,0.46
2003-08-08,31.12,21.08,66.06,0.05,0.46
2003-08-09,29.45,21.05,73.62,0.18,0.46
2003-08-10,27.44,20.07,71.22,0.13,0.46
2003-08-11,30.71,19.81,69.63,0.87,0.46
2003-08-12,27.31,20.24,77.67,0.96,0.46
2003-08-13,28.19,19.78,73.26,0.05,0.46
2003-08-14,31.12,20.53,68.76,0.23,0.46
2003-08-15,31.68,20.36,65.48,0.0,0.46
2003-08-16,30.12,21.15,65.44,0.09,0.46
2003-08-17,30.73,21.13,70.8,0.58,0.46
2003-08-18,27.65,21.02,76.37,0.99,0.46
2003-08-19,30.85,20.4,66.47,0.45,0.46
2003-08-20,30.38,20.8,67.71,0.36,0.46
2003-08-21,30.72,20.83,66.64,0.5,0.46
2003-08-22,32.08,20.41,64.64,0.04,0.46
2003-08-23,29.94,20.08,64.87,0.17,0.46
2003-08-24,25.3,20.12,79.51,0.7,0.46
2003-08-25,34.19,19.62,63.45,0.23,0.46
2003-08-26,33.76,19.11,62.15,0.2,0.46
2003-08-27,27.39,20.36,71.67,0.31,0.46
2003-08-28,29.31,19.15,67.7,0.0,0.46
2003-08-29,29.0,19.11,62.55,0.0,0.46
2003-08-30,30.11,18.92,63.54,0.12,0.46
2003-08-31,30.57,19.74,65.83,0.3,0.46
2003-09-01,31.31,19.37,66.76,0.65,0.46
2003-09-02,30.11,19.28,67.12,0.14,0.46
2003-09-03,29.4,19.14,65.25,0.47,0.46
2003-09-04,29.49,20.27,70.93,1.26,0.46
2003-09-05,28.27,19.46,74.04,0.52,0.46
2003-09-06,29.46,19.63,69.87,0.09,0.46
2003-09-07,29.74,19.4,70.49,1.24,0.46
2003-09-08,31.07,19.06,66.44,0.2,0.46
2003-09-09,31.12,20.01,66.95,1.05,0.46
2003-09-10,31.27,20.87,70.9,0.72,0.46
2003-09-11,29.01,20.11,70.07,0.2,0.46
2003-09-12,31.72,20.12,67.15,0.28,0.46
2003-09-13,33.27,19.38,65.2,0.43,0.46
2003-09-14,28.47,20.44,69.59,0.75,0.46
2003-09-15,33.75,19.13,59.79,0.08,0.46
2003-09-16,33.79,20.45,59.63,0.0,0.46
2003-09-17,32.87,20.49,62.1,0.02,0.46
2003-09-18,31.67,21.62,63.17,0.1,0.46
2003-09-19,31.28,20.82,63.91,0.16,0.46
2003-09-20,33.11,20.46,62.15,0.49,0.46
2003-09-21,28.89,20.62,65.9,0.29,0.46
2003-09-22,31.62,20.26,62.28,0.08,0.46
2003-09-23,28.7,20.75,71.66,0.49,0.46
2003-09-24,31.01,19.98,65.88,0.95,0.46
2003-09-25,32.62,18.69,60.57,0.42,0.46
2003-09-26,30.25,21.01,69.05,1.35,0.46
2003-09-27,32.1,19.97,62.92,0.27,0.46
2003-09-28,32.99,19.69,59.59,0.04,0.46
2003-09-29,31.01,21.46,59.41,0.09,0.46
2003-09-30,31.73,21.69,64.53,0.98,0.46
2003-10-01,27.18,20.52,72.78,0.42,0.46
2003-10-02,32.19,19.0,60.53,0.01,0.46
2003-10-03,29.9,19.1,63.32,0.0,0.46
2003-10-04,32.86,17.95,55.8,0.01,0.46
2003-10-05,32.94,18.65,49.87,0.0,0.46
2003-10-06,31.66,20.24,54.61,0.13,0.46
2003-10-07,32.56,20.19,59.44,1.11,0.46
2003-10-08,30.08,19.96,69.88,0.66,0.46
2003-10-09,30.02,20.68,69.24,0.06,0.46
2003-10-10,31.78,19.27,64.42,0.27,0.46
2003-10-11,31.64,19.88,60.31,0.02,0.46
2003-10-12,31.04,20.63,61.77,0.07,0.46
2003-10-13,31.05,20.47,65.4,1.88,0.46
2003-10-14,27.48,19.44,78.07,2.42,0.47
2003-10-15,28.43,17.2,64.78,0.17,0.47
2003-10-16,30.0,18.02,57.39,0.0,0.47
2003-10-17,30.27,19.33,57.97,0.0,0.46
2003-10-18,31.48,19.76,59.27,0.02,0.46
2003-10-19,30.86,20.05,61.13,0.16,0.46
2003-10-20,24.43,19.97,78.99,2.3,0.46
2003-10-21,27.24,18.53,75.7,3.88,0.47
2003-10-22,30.11,18.06,68.65,0.04,0.47
2003-10-23,24.21,19.48,79.1,0.28,0.47
2003-10-24,27.51,18.92,67.52,0.0,0.47
2003-10-25,31.01,16.91,57.03,0.0,0.47
2003-10-26,31.3,17.94,53.94,0.01,0.47
2003-10-27,31.44,18.64,55.27,0.0,0.47
2003-10-28,31.0,18.71,55.57,0.11,0.46
2003-10-29,29.17,18.39,62.14,3.82,0.47
2003-10-30,29.74,19.83,62.71,0.17,0.47
2003-10-31,30.11,18.4,59.26,0.01,0.47
2003-11-01,29.16,18.52,59.32,0.0,0.47
2003-11-02,28.78,18.82,58.75,0.08,0.47
2003-11-03,29.89,18.34,53.59,1.5,0.47
2003-11-04,29.39,17.97,55.18,0.2,0.47
2003-11-05,29.5,15.74,52.28,0.02,0.47
2003-11-06,29.58,14.75,53.06,0.0,0.46
2003-11-07,29.17,15.01,49.17,0.0,0.46
2003-11-08,29.2,15.6,40.46,0.0,0.46
2003-11-09,29.59,14.78,37.76,0.0,0.46
2003-11-10,30.26,14.92,35.31,0.0,0.46
2003-11-11,30.51,14.21,38.37,0.0,0.46
2003-11-12,29.14,14.32,53.53,0.0,0.46
2003-11-13,28.82,15.09,56.17,0.0,0.46
2003-11-14,30.66,15.92,42.82,0.0,0.46
2003-11-15,31.67,15.43,31.81,0.0,0.46
2003-11-16,30.69,16.16,29.84,0.0,0.46
2003-11-17,30.57,15.41,33.12,0.0,0.46
2003-11-18,30.38,15.21,34.31,0.0,0.46
2003-11-19,29.66,14.52,34.37,0.0,0.46
2003-11-20,29.26,13.99,31.2,0.0,0.46
2003-11-21,29.3,12.24,34.3,0.0,0.46
2003-11-22,28.57,11.49,32.9,0.0,0.46
2003-11-23,27.9,12.22,39.55,0.0,0.46
2003-11-24,27.72,14.07,43.26,0.0,0.46
2003-11-25,28.25,12.55,45.16,0.0,0.46
2003-11-26,28.64,11.89,37.41,0.0,0.46
2003-11-27,28.82,12.72,39.97,0.0,0.46
2003-11-28,28.16,13.87,52.02,0.0,0.46
2003-11-29,27.08,13.52,60.19,0.0,0.46
2003-11-30,27.19,13.3,61.29,0.0,0.46
2003-12-01,27.83,13.6,56.97,0.0,0.46
2003-12-02,28.16,12.79,50.07,0.0,0.46
2003-12-03,26.91,12.16,51.71,0.0,0.46
2003-12-04,26.28,13.33,51.62,0.0,0.46
2003-12-05,27.42,11.95,48.03,0.0,0.46
2003-12-06,26.74,10.91,47.81,0.0,0.46
2003-12-07,25.0,12.11,51.72,0.0,0.46
2003-12-08,27.25,11.73,50.42,0.0,0.46
2003-12-09,26.13,13.5,54.6,0.0,0.46
2003-12-10,27.27,12.46,54.44,0.0,0.46
2003-12-11,28.29,12.27,49.25,0.0,0.46
2003-12-12,26.73,12.23,48.42,0.0,0.46
2003-12-13,27.53,12.02,50.66,0.0,0.46
2003-12-14,27.45,11.95,51.02,0.0,0.46
2003-12-15,27.54,11.01,44.98,0.0,0.46
2003-12-16,27.09,11.71,41.99,0.0,0.46
2003-12-17,24.6,11.85,50.31,0.0,0.46
2003-12-18,26.33,14.26,53.8,0.0,0.46
2003-12-19,24.57,14.39,58.69,0.0,0.46
2003-12-20,26.02,13.19,51.84,0.0,0.46
2003-12-21,26.86,12.24,46.16,0.0,0.46
2003-12-22,26.11,13.2,51.18,0.0,0.46
2003-12-23,26.51,12.83,61.11,0.0,0.46
2003-12-24,26.18,13.01,59.98,0.0,0.46
2003-12-25,27.08,12.7,55.56,0.0,0.46
2003-12-26,28.17,11.42,49.24,0.0,0.46
2003-12-27,27.38,11.61,46.1,0.0,0.46
2003-12-28,25.84,11.25,55.47,0.0,0.46
2003-12-29,24.07,11.82,63.28,0.0,0.46
2003-12-30,26.7,11.11,55.32,0.0,0.46
2003-12-31,25.73,11.12,49.23,0.0,0.46
2004-01-01,26.41,11.11,44.15,0.0,0.46
2004-01-02,26.12,10.64,43.39,0.0,0.46
2004-01-03,26.11,10.5,46.16,0.0,0.46
2004-01-04,25.71,9.89,42.24,0.0,0.46
2004-01-05,24.85,10.98,42.02,0.0,0.46
2004-01-06,27.0,10.74,39.09,0.0,0.46
2004-01-07,26.32,12.85,39.39,0.0,0.46
2004-01-08,27.18,13.7,42.51,0.0,0.46
2004-01-09,24.55,11.45,49.82,0.02,0.46
2004-01-10,26.5,8.79,38.46,0.0,0.46
2004-01-11,26.78,10.69,29.39,0.0,0.46
2004-01-12,26.08,10.95,35.99,0.01,0.46
2004-01-13,25.11,9.8,38.91,0.0,0.46
2004-01-14,22.86,8.87,38.83,0.0,0.46
2004-01-15,24.66,7.85,39.72,0.0,0.46
2004-01-16,25.52,9.18,33.54,0.0,0.46
2004-01-17,24.83,8.46,36.83,0.0,0.46
2004-01-18,25.91,8.97,34.19,0.0,0.46
2004-01-19,25.7,8.84,37.85,0.0,0.46
2004-01-20,26.27,8.61,35.05,0.0,0.46
2004-01-21,26.1,8.31,32.19,0.0,0.46
2004-01-22,26.81,9.14,28.84,0.0,0.46
2004-01-23,26.42,12.22,29.87,0.0,0.46
2004-01-24,27.46,11.99,30.12,0.0,0.46
2004-01-25,24.54,10.26,49.68,0.04,0.46
2004-01-26,23.67,11.06,60.17,0.0,0.46
2004-01-27,22.87,11.29,51.32,0.0,0.46
2004-01-28,23.46,9.53,41.51,0.0,0.46
2004-01-29,26.37,5.87,26.68,0.0,0.46
2004-01-30,26.11,8.12,22.48,0.0,0.46
2004-01-31,27.5,10.11,23.02,0.0,0.46
2004-02-01,27.95,12.49,23.49,0.0,0.46
2004-02-02,27.76,12.66,33.4,0.0,0.46
2004-02-03,26.8,10.47,48.66,0.0,0.46
2004-02-04,24.83,9.64,42.34,0.0,0.46
2004-02-05,28.28,6.46,24.32,0.0,0.46
2004-02-06,26.49,7.76,19.79,0.0,0.46
2004-02-07,24.9,9.19,32.06,0.0,0.46
2004-02-08,26.24,8.89,33.72,0.05,0.46
2004-02-09,25.51,9.16,49.15,0.0,0.46
2004-02-10,26.8,10.83,53.63,0.0,0.46
2004-02-11,27.86,11.62,46.48,0.0,0.46
2004-02-12,28.87,13.06,37.17,0.0,0.46
2004-02-13,28.56,10.6,41.3,0.0,0.46
2004-02-14,24.82,11.2,59.46,0.0,0.46
2004-02-15,26.56,11.43,48.74,0.0,0.46
2004-02-16,27.84,12.42,33.48,0.0,0.46
2004-02-17,27.52,10.1,27.03,0.0,0.46
2004-02-18,28.32,10.28,30.0,0.0,0.46
2004-02-19,26.4,10.4,33.63,0.0,0.46
2004-02-20,26.21,10.99,40.77,0.0,0.46
2004-02-21,28.42,12.01,35.28,0.0,0.46
2004-02-22,29.55,11.47,33.74,0.0,0.46
2004-02-23,28.59,11.15,27.47,0.0,0.46
2004-02-24,29.5,12.52,26.01,0.0,0.46
2004-02-25,29.88,11.74,31.09,0.0,0.46
2004-02-26,30.18,13.25,36.59,0.0,0.46
2004-02-27,30.1,13.12,38.24,0.0,0.46
2004-02-28,28.42,11.49,42.15,0.0,0.46
2004-02-29,28.89,10.85,46.96,0.0,0.46
2004-03-01,29.94,12.85,41.81,0.0,0.46
2004-03-02,30.68,13.77,38.47,0.0,0.46
2004-03-03,32.52,15.24,29.6,0.0,0.46
2004-03-04,31.14,13.31,28.4,0.0,0.46
2004-03-05,31.8,13.97,18.06,0.0,0.46
2004-03-06,32.61,12.26,17.38,0.0,0.46
2004-03-07,32.56,14.54,21.93,0.04,0.45
2004-03-08,29.12,13.66,52.86,0.0,0.45
2004-03-09,29.77,15.28,46.86,0.0,0.45
2004-03-10,30.75,17.39,44.01,0.0,0.45
2004-03-11,30.16,15.76,44.75,0.0,0.45
2004-03-12,31.81,15.97,35.74,0.0,0.45
2004-03-13,31.9,17.78,30.21,0.0,0.45
2004-03-14,33.05,14.4,30.49,0.0,0.45
2004-03-15,33.1,17.6,34.01,0.0,0.45
2004-03-16,32.31,15.71,30.14,0.05,0.45
2004-03-17,32.27,14.69,33.52,0.0,0.45
2004-03-18,32.04,15.85,32.44,0.0,0.45
2004-03-19,31.78,15.22,28.88,0.0,0.45
2004-03-20,31.64,14.32,28.43,0.0,0.45
2004-03-21,32.07,14.76,32.72,0.0,0.45
2004-03-22,32.39,14.63,36.25,0.0,0.45
2004-03-23,32.89,14.01,37.7,0.0,0.45
2004-03-24,32.74,14.29,39.0,0.0,0.45
2004-03-25,33.43,15.35,37.91,0.0,0.45
2004-03-26,33.09,15.94,38.58,0.0,0.45
2004-03-27,33.85,17.58,36.93,0.0,0.45
2004-03-28,33.22,17.2,42.74,0.0,0.45
2004-03-29,32.94,17.16,44.87,0.0,0.45
2004-03-30,33.38,17.27,43.04,0.0,0.45
2004-03-31,28.51,18.1,51.18,0.02,0.45
2004-04-01,29.81,16.7,54.98,0.12,0.45
2004-04-02,31.05,14.82,47.47,0.01,0.45
2004-04-03,32.33,17.75,38.86,0.0,0.45
2004-04-04,31.69,19.48,40.8,0.01,0.45
2004-04-05,29.69,17.7,47.84,0.01,0.45
2004-04-06,29.18,17.51,50.41,0.01,0.45
2004-04-07,27.53,18.94,50.97,0.06,0.45
2004-04-08,23.95,17.19,67.75,0.07,0.45
2004-04-09,29.8,15.25,50.93,0.03,0.45
2004-04-10,31.26,15.63,52.26,0.07,0.46
2004-04-11,31.92,17.21,51.25,0.0,0.46
2004-04-12,32.46,17.39,51.18,0.01,0.46
2004-04-13,33.3,18.25,46.73,0.02,0.46
2004-04-14,33.59,18.05,44.09,0.0,0.46
2004-04-15,33.44,17.65,44.08,0.02,0.46
2004-04-16,31.65,18.55,52.26,0.1,0.46
2004-04-17,30.77,18.47,59.05,0.09,0.46
2004-04-18,30.55,19.13,59.44,0.39,0.46
2004-04-19,28.62,18.61,59.77,0.0,0.46
2004-04-20,30.08,18.93,55.59,0.0,0.46
2004-04-21,33.34,17.86,43.7,0.0,0.46
2004-04-22,34.14,19.34,37.32,0.02,0.46
2004-04-23,33.76,18.7,45.28,0.0,0.46
2004-04-24,33.64,17.66,45.91,0.01,0.46
2004-04-25,35.02,18.42,42.83,0.18,0.46
2004-04-26,36.05,19.28,34.36,0.0,0.46
2004-04-27,34.45,20.7,33.73,0.18,0.46
2004-04-28,33.04,20.38,43.6,0.06,0.46
2004-04-29,33.63,20.8,40.95,0.0,0.46
2004-04-30,32.55,19.63,45.89,2.53,0.46
2004-05-01,34.93,19.78,43.85,0.11,0.46
2004-05-02,35.14,19.99,43.45,0.01,0.46
2004-05-03,35.48,21.2,42.57,0.22,0.46
2004-05-04,34.4,22.24,43.9,0.04,0.46
2004-05-05,31.94,21.15,52.23,1.54,0.46
2004-05-06,30.89,20.49,57.33,0.29,0.46
2004-05-07,32.13,21.55,55.17,0.19,0.46
2004-05-08,35.15,20.59,45.42,0.0,0.46
2004-05-09,34.56,20.66,48.45,0.0,0.46
2004-05-10,32.58,22.04,55.87,0.0,0.46
2004-05-11,32.53,21.48,57.66,0.01,0.46
2004-05-12,33.69,20.79,60.03,0.0,0.46
2004-05-13,33.55,21.15,57.0,0.01,0.46
2004-05-14,28.36,22.66,67.67,0.21,0.46
2004-05-15,27.25,21.42,75.19,1.01,0.46
2004-05-16,28.29,20.74,74.59,2.58,0.46
2004-05-17,26.68,21.3,83.88,8.47,0.47
2004-05-18,30.52,20.16,75.34,3.83,0.48
2004-05-19,28.13,20.48,78.29,2.83,0.48
2004-05-20,26.8,20.84,79.58,0.77,0.48
2004-05-21,26.7,20.4,77.72,1.57,0.48
2004-05-22,25.82,19.74,75.43,0.4,0.48
2004-05-23,28.14,18.36,70.95,0.44,0.48
2004-05-24,30.91,17.62,67.94,0.51,0.48
2004-05-25,31.07,19.93,63.16,1.29,0.47
2004-05-26,29.29,19.74,74.72,3.88,0.48
2004-05-27,26.86,20.46,79.1,4.75,0.48
2004-05-28,23.43,19.24,90.07,18.7,0.51
2004-05-29,24.66,18.68,85.54,12.99,0.53
2004-05-30,28.45,18.23,78.67,2.05,0.53
2004-05-31,27.39,18.81,78.57,0.27,0.52
2004-06-01,23.97,19.47,87.41,2.16,0.52
2004-06-02,24.28,19.48,84.19,0.29,0.52
2004-06-03,28.8,19.2,73.98,0.07,0.51
2004-06-04,30.92,19.29,69.48,0.04,0.5
2004-06-05,29.91,20.2,69.93,0.31,0.5
2004-06-06,30.66,20.18,70.08,0.01,0.49
2004-06-07,25.65,20.53,78.38,0.05,0.49
2004-06-08,29.54,19.36,71.11,0.02,0.49
2004-06-09,29.98,20.16,69.56,0.39,0.48
2004-06-10,29.88,20.49,70.56,0.22,0.48
2004-06-11,30.83,19.55,70.4,0.35,0.48
2004-06-12,28.33,20.32,73.29,0.53,0.48
2004-06-13,32.21,20.8,66.67,0.13,0.48
2004-06-14,32.1,20.29,64.96,0.2,0.47
2004-06-15,30.92,20.89,68.25,0.48,0.47
2004-06-16,30.64,21.01,69.46,0.44,0.47
2004-06-17,31.97,20.2,71.17,1.89,0.47
2004-06-18,26.78,19.64,74.16,0.78,0.47
2004-06-19,29.79,18.81,70.97,0.34,0.47
2004-06-20,28.81,19.75,71.49,0.45,0.47
2004-06-21,26.79,20.35,73.3,0.46,0.47
2004-06-22,28.26,19.76,69.73,0.22,0.47
2004-06-23,28.03,18.8,68.99,0.66,0.47
2004-06-24,29.41,18.53,63.41,0.08,0.47
2004-06-25,31.24,18.8,60.18,0.0,0.47
2004-06-26,28.96,20.1,66.1,0.25,0.47
2004-06-27,29.72,19.37,72.6,0.42,0.47
2004-06-28,24.37,19.96,78.43,0.25,0.47
2004-06-29,29.19,19.15,70.49,0.11,0.47
2004-06-30,31.3,19.28,60.44,0.07,0.47
2004-07-01,32.41,19.76,59.11,0.19,0.47
2004-07-02,32.21,20.36,62.89,1.01,0.47
2004-07-03,32.64,19.73,58.59,0.05,0.47
2004-07-04,29.79,20.94,68.55,0.64,0.47
2004-07-05,28.56,20.54,74.17,1.95,0.47
2004-07-06,27.93,19.78,72.7,0.43,0.47
2004-07-07,29.17,20.02,67.96,0.38,0.47
2004-07-08,28.91,18.24,65.78,0.52,0.47
2004-07-09,25.61,18.09,74.97,2.12,0.47
2004-07-10,24.26,18.74,80.93,1.45,0.47
2004-07-11,28.24,18.65,75.27,0.37,0.47
2004-07-12,29.15,18.71,74.13,5.31,0.47
2004-07-13,25.95,19.38,84.03,1.02,0.48
2004-07-14,28.42,19.22,73.68,0.39,0.48
2004-07-15,27.63,19.81,72.69,0.13,0.48
2004-07-16,30.01,19.2,69.25,0.21,0.47
2004-07-17,29.8,19.24,66.36,0.02,0.47
2004-07-18,29.28,19.39,69.29,0.0,0.47
2004-07-19,26.62,19.77,71.23,0.07,0.47
2004-07-20,28.61,19.74,69.32,1.38,0.47
2004-07-21,29.15,18.03,69.05,0.97,0.47
2004-07-22,29.84,19.36,67.62,0.44,0.47
2004-07-23,25.16,20.05,75.65,0.57,0.47
2004-07-24,28.54,18.78,71.54,1.19,0.47
2004-07-25,28.49,18.57,72.84,0.36,0.47
2004-07-26,29.68,19.07,67.34,0.34,0.47
2004-07-27,29.57,19.83,66.04,0.33,0.47
2004-07-28,25.77,20.08,74.14,2.22,0.47
2004-07-29,29.78,19.04,67.97,0.18,0.47
2004-07-30,31.02,19.63,63.55,0.03,0.47
2004-07-31,28.58,19.92,72.03,0.4,0.47
2004-08-01,28.63,20.05,74.98,0.32,0.47
2004-08-02,30.95,18.9,72.36,0.62,0.47
2004-08-03,29.99,20.13,68.38,0.34,0.47
2004-08-04,26.65,19.5,75.73,1.4,0.47
2004-08-05,27.25,18.64,72.09,0.06,0.47
2004-08-06,29.47,18.07,69.52,0.72,0.47
2004-08-07,27.77,20.16,74.73,0.27,0.47
2004-08-08,27.94,20.2,79.55,1.35,0.47
2004-08-09,27.2,19.6,74.99,0.24,0.47
2004-08-10,26.99,20.38,75.77,1.07,0.47
2004-08-11,26.78,19.77,75.15,0.45,0.47
2004-08-12,27.23,19.57,74.19,0.51,0.47
2004-08-13,26.09,19.08,78.29,0.18,0.47
2004-08-14,27.33,19.47,75.86,1.06,0.47
2004-08-15,28.93,19.35,73.67,0.59,0.47
2004-08-16,26.98,20.29,75.03,0.01,0.47
2004-08-17,29.01,19.89,73.95,0.2,0.47
2004-08-18,28.11,20.36,78.37,0.61,0.47
2004-08-19,29.86,19.65,67.18,0.05,0.47
2004-08-20,31.48,20.24,66.39,0.1,0.47
2004-08-21,32.76,20.13,63.94,0.02,0.47
2004-08-22,32.08,20.42,64.6,0.01,0.47
2004-08-23,30.98,20.95,65.78,0.01,0.47
2004-08-24,31.17,20.91,66.75,0.1,0.47
2004-08-25,29.86,20.85,69.45,0.13,0.47
2004-08-26,26.45,20.39,76.98,0.45,0.47
2004-08-27,27.91,19.92,72.16,0.12,0.47
2004-08-28,31.03,20.49,70.27,0.11,0.47
2004-08-29,30.38,19.86,70.58,0.16,0.46
2004-08-30,29.22,19.84,70.43,0.14,0.46
2004-08-31,28.51,19.82,68.03,0.12,0.46
2004-09-01,30.09,20.1,69.21,0.41,0.46
2004-09-02,26.37,20.33,81.96,3.08,0.47
2004-09-03,30.05,19.26,71.41,0.11,0.47
2004-09-04,29.26,20.16,72.47,0.1,0.47
2004-09-05,30.3,19.9,68.11,0.0,0.47
2004-09-06,30.97,20.11,64.89,0.01,0.47
2004-09-07,27.42,20.34,73.55,1.34,0.47
2004-09-08,27.26,19.78,82.89,4.89,0.47
2004-09-09,30.25,19.11,72.92,6.0,0.48
2004-09-10,24.25,18.04,87.5,11.3,0.49
2004-09-11,25.97,18.2,77.94,0.25,0.5
2004-09-12,26.93,17.48,77.85,0.42,0.5
2004-09-13,27.5,19.07,79.96,1.95,0.49
2004-09-14,28.24,18.82,81.96,3.03,0.5
2004-09-15,27.45,18.88,78.26,1.43,0.49
2004-09-16,27.81,19.32,81.01,3.1,0.49
2004-09-17,27.17,19.13,79.82,0.24,0.49
2004-09-18,29.47,19.0,73.63,0.27,0.49
2004-09-19,29.46,19.48,70.58,0.11,0.49
2004-09-20,30.96,18.81,65.83,0.95,0.48
2004-09-21,28.86,18.98,73.85,4.53,0.48
2004-09-22,27.96,18.19,81.53,24.46,0.51
2004-09-23,28.17,18.42,77.78,0.0,0.53
2004-09-24,29.7,18.13,70.95,0.04,0.52
2004-09-25,29.65,20.08,69.67,0.02,0.51
2004-09-26,26.59,19.71,72.52,0.08,0.5
2004-09-27,28.09,18.33,70.78,0.0,0.5
2004-09-28,29.21,18.58,71.79,0.0,0.49
2004-09-29,29.83,19.35,71.14,0.0,0.49
2004-09-30,30.88,19.59,67.37,0.0,0.49
2004-10-01,31.85,17.46,62.23,0.15,0.48
2004-10-02,28.58,18.46,66.75,0.04,0.48
2004-10-03,30.38,17.28,62.68,0.4,0.48
2004-10-04,26.69,17.99,73.74,0.91,0.48
2004-10-05,27.85,18.71,75.65,1.98,0.48
2004-10-06,28.88,18.56,72.94,1.86,0.48
2004-10-07,27.93,19.48,74.52,0.06,0.48
2004-10-08,29.29,19.49,73.72,0.14,0.48
2004-10-09,30.29,18.36,68.62,0.31,0.48
2004-10-10,30.02,18.89,73.64,4.99,0.48
2004-10-11,29.55,18.61,75.32,3.16,0.48
2004-10-12,24.53,19.41,82.44,1.5,0.49
2004-10-13,22.91,19.03,91.16,3.16,0.49
2004-10-14,26.65,18.74,80.56,0.35,0.49
2004-10-15,27.07,17.88,81.47,1.47,0.49
2004-10-16,26.43,18.34,79.2,0.47,0.49
2004-10-17,29.18,17.84,66.83,0.0,0.49
2004-10-18,30.19,17.76,64.46,0.23,0.48
2004-10-19,30.22,18.11,68.84,1.11,0.48
2004-10-20,30.24,17.51,68.86,0.01,0.48
2004-10-21,29.47,18.13,62.74,0.28,0.48
2004-10-22,29.54,17.96,64.97,2.05,0.48
2004-10-23,28.7,16.65,66.0,0.0,0.48
2004-10-24,28.96,17.19,61.25,0.0,0.48
2004-10-25,29.23,15.93,53.11,0.0,0.47
2004-10-26,27.34,15.96,55.79,0.0,0.47
2004-10-27,26.71,13.62,57.01,0.0,0.47
2004-10-28,28.59,13.14,55.08,0.0,0.47
2004-10-29,29.69,14.09,53.76,0.0,0.47
2004-10-30,29.98,17.05,47.53,0.0,0.47
2004-10-31,30.95,16.6,44.5,0.0,0.47
2004-11-01,30.54,15.47,50.73,0.0,0.47
2004-11-02,28.89,17.6,58.77,0.0,0.47
2004-11-03,29.38,17.16,61.23,0.0,0.47
2004-11-04,29.53,17.96,59.08,0.0,0.47
2004-11-05,29.82,17.5,56.19,0.0,0.47
2004-11-06,28.82,18.37,54.35,0.0,0.47
2004-11-07,28.73,17.56,57.58,0.03,0.47
2004-11-08,29.02,16.88,57.29,0.0,0.46
2004-11-09,29.36,15.64,48.72,0.0,0.46
2004-11-10,29.74,15.46,41.27,0.0,0.46
2004-11-11,29.79,16.84,41.46,0.0,0.46
2004-11-12,29.87,14.68,44.63,0.0,0.46
2004-11-13,29.99,15.76,38.91,0.0,0.46
2004-11-14,30.61,15.91,34.65,0.06,0.46
2004-11-15,29.76,14.59,34.22,0.03,0.46
2004-11-16,29.24,12.86,41.65,0.22,0.46
2004-11-17,28.6,12.36,50.18,0.31,0.46
2004-11-18,26.95,13.99,68.51,0.0,0.46
2004-11-19,26.88,16.15,67.87,0.08,0.46
2004-11-20,27.38,16.23,61.39,0.7,0.46
2004-11-21,25.22,16.27,68.28,0.91,0.46
2004-11-22,24.8,15.39,69.32,0.0,0.47
2004-11-23,26.07,13.31,60.94,0.03,0.47
2004-11-24,26.83,14.63,53.85,0.01,0.46
2004-11-25,27.42,12.44,55.07,0.34,0.46
2004-11-26,26.05,13.37,69.99,0.7,0.47
2004-11-27,26.56,13.87,66.89,0.04,0.47
2004-11-28,26.27,14.05,65.79,0.36,0.47
2004-11-29,23.85,14.22,76.82,2.59,0.47
2004-11-30,26.31,11.93,64.22,0.0,0.47
2004-12-01,26.09,11.98,62.93,0.0,0.47
2004-12-02,26.07,12.16,61.56,0.0,0.47
2004-12-03,27.0,11.89,50.26,0.0,0.47
2004-12-04,26.44,10.72,48.93,0.0,0.47
2004-12-05,25.58,10.4,52.56,0.0,0.47
2004-12-06,25.7,11.61,51.8,0.0,0.47
2004-12-07,23.36,11.73,55.14,0.0,0.47
2004-12-08,24.47,8.77,50.36,0.0,0.47
2004-12-09,25.38,10.36,48.53,0.0,0.46
2004-12-10,25.07,10.38,52.03,0.0,0.46
2004-12-11,26.16,10.39,51.23,0.0,0.46
2004-12-12,25.49,10.13,52.06,0.0,0.46
2004-12-13,25.67,9.88,51.4,0.0,0.46
2004-12-14,25.73,11.05,49.28,0.0,0.46
2004-12-15,24.96,9.73,53.13,0.0,0.46
2004-12-16,24.08,9.66,54.84,0.0,0.46
2004-12-17,24.53,11.22,50.63,0.01,0.46
2004-12-18,26.36,9.11,42.56,0.0,0.46
2004-12-19,26.19,9.22,35.31,0.0,0.46
2004-12-20,23.74,9.67,42.2,0.0,0.46
2004-12-21,24.16,9.04,47.13,0.0,0.46
2004-12-22,24.63,10.19,47.74,0.0,0.46
2004-12-23,26.09,8.53,48.02,0.0,0.46
2004-12-24,26.4,8.84,46.71,0.0,0.46
2004-12-25,26.07,10.61,42.03,0.0,0.46
2004-12-26,25.22,9.81,42.12,0.0,0.46
2004-12-27,24.69,8.19,47.43,0.0,0.46
2004-12-28,25.42,8.39,44.28,0.0,0.46
2004-12-29,24.97,9.54,41.21,0.0,0.46
2004-12-30,26.16,8.44,42.07,0.0,0.46
2004-12-31,26.52,8.52,45.87,0.0,0.46
2005-01-01,24.8,8.44,60.11,0.0,0.46
2005-01-02,26.37,9.69,46.2,0.0,0.46
2005-01-03,24.1,10.96,38.3,0.0,0.46
2005-01-04,27.63,12.48,33.84,0.0,0.46
2005-01-05,27.76,11.35,38.84,0.0,0.46
2005-01-06,28.29,12.32,36.56,0.0,0.46
2005-01-07,26.64,10.74,43.34,0.0,0.46
2005-01-08,25.4,10.66,56.29,0.0,0.46
2005-01-09,25.32,10.15,56.37,0.0,0.46
2005-01-10,23.24,8.11,44.84,0.0,0.46
2005-01-11,23.85,7.8,47.3,0.0,0.46
2005-01-12,22.85,8.37,48.68,0.0,0.46
2005-01-13,24.31,9.69,56.44,0.0,0.46
2005-01-14,25.01,8.7,54.58,0.0,0.46
2005-01-15,26.05,8.88,46.3,0.0,0.46
2005-01-16,25.86,9.57,40.77,0.0,0.46
2005-01-17,25.81,9.29,44.47,0.0,0.46
2005-01-18,25.69,9.6,59.26,0.0,0.46
2005-01-19,26.11,10.09,66.85,0.0,0.46
2005-01-20,25.32,9.27,44.46,0.0,0.46
2005-01-21,25.89,10.54,34.25,0.0,0.46
2005-01-22,26.41,8.41,36.15,0.0,0.46
2005-01-23,25.45,10.3,42.85,0.0,0.46
2005-01-24,24.22,10.4,43.23,0.0,0.46
2005-01-25,25.74,9.75,42.25,0.0,0.46
2005-01-26,27.24,11.24,45.8,0.0,0.46
2005-01-27,26.92,10.87,42.01,0.0,0.46
2005-01-28,27.41,11.84,36.39,0.0,0.46
2005-01-29,27.85,12.45,31.03,0.0,0.46
2005-01-30,30.48,11.23,28.62,0.0,0.46
2005-01-31,31.28,13.46,29.22,0.0,0.46
2005-02-01,29.1,13.11,29.82,0.0,0.46
2005-02-02,26.96,10.88,29.72,0.0,0.46
2005-02-03,27.76,11.17,38.73,0.0,0.46
2005-02-04,28.31,11.88,39.9,0.0,0.46
2005-02-05,26.92,11.08,33.05,0.0,0.46
2005-02-06,27.23,10.4,26.02,0.0,0.46
2005-02-07,28.14,11.9,20.58,0.0,0.46
2005-02-08,29.61,9.36,25.17,0.0,0.46
2005-02-09,29.59,10.92,30.73,0.0,0.46
2005-02-10,29.52,10.07,32.1,0.0,0.46
2005-02-11,30.68,10.37,28.52,0.0,0.46
2005-02-12,29.12,12.84,27.14,0.0,0.46
2005-02-13,29.47,12.55,24.6,0.0,0.46
2005-02-14,26.2,10.71,52.52,0.0,0.46
2005-02-15,27.09,10.98,55.71,0.0,0.46
2005-02-16,27.19,11.09,53.43,0.0,0.46
2005-02-17,28.78,11.63,40.73,0.0,0.46
2005-02-18,30.42,13.01,38.9,0.0,0.46
2005-02-19,32.27,15.32,30.9,0.0,0.46
2005-02-20,31.31,15.52,27.19,0.0,0.46
2005-02-21,30.21,13.68,34.39,0.0,0.46
2005-02-22,30.99,15.58,37.09,0.0,0.46
2005-02-23,29.2,12.63,34.74,0.0,0.46
2005-02-24,30.45,14.05,29.61,0.0,0.46
2005-02-25,28.34,14.64,31.85,0.0,0.46
2005-02-26,29.69,13.56,25.65,0.0,0.46
2005-02-27,30.99,14.34,23.31,0.0,0.46
2005-02-28,29.2,15.0,26.19,0.0,0.46
2005-03-01,29.87,12.78,32.98,0.0,0.46
2005-03-02,30.81,15.59,30.12,0.0,0.46
2005-03-03,31.32,13.64,35.14,0.0,0.46
2005-03-04,31.12,14.27,42.34,0.02,0.46
2005-03-05,27.6,13.61,48.88,0.03,0.46
2005-03-06,27.66,13.85,47.25,0.01,0.46
2005-03-07,30.45,14.18,48.64,0.01,0.46
2005-03-08,29.94,15.77,45.05,0.0,0.46
2005-03-09,28.72,17.49,39.81,0.0,0.46
2005-03-10,28.87,14.99,47.31,0.0,0.46
2005-03-11,31.16,16.8,45.05,0.0,0.46
2005-03-12,31.81,17.56,40.23,0.0,0.46
2005-03-13,29.18,18.59,42.5,0.14,0.46
2005-03-14,29.71,16.4,44.99,0.56,0.46
2005-03-15,27.58,16.15,46.63,0.19,0.46
2005-03-16,29.84,15.0,41.37,0.0,0.46
2005-03-17,31.42,14.93,32.93,0.0,0.46
2005-03-18,32.93,16.33,28.13,0.01,0.46
2005-03-19,32.88,16.91,27.26,0.49,0.46
2005-03-20,31.07,14.88,36.88,0.02,0.46
2005-03-21,31.21,14.6,36.57,0.0,0.46
2005-03-22,32.17,15.31,36.26,0.0,0.46
2005-03-23,32.4,15.89,41.4,0.0,0.46
2005-03-24,32.7,17.32,37.48,0.12,0.46
2005-03-25,27.77,14.51,48.9,0.3,0.46
2005-03-26,28.73,14.34,55.6,0.0,0.46
2005-03-27,29.22,14.15,49.35,0.0,0.46
2005-03-28,31.88,15.82,36.88,0.0,0.46
2005-03-29,32.36,15.26,35.74,0.0,0.46
2005-03-30,32.81,15.55,34.8,0.0,0.46
2005-03-31,33.37,16.12,36.31,0.0,0.46
2005-04-01,33.73,16.91,39.11,0.0,0.46
2005-04-02,33.68,18.34,36.44,0.0,0.46
2005-04-03,31.73,20.27,45.38,6.86,0.46
2005-04-04,28.86,17.74,50.94,0.14,0.47
2005-04-05,29.58,17.24,51.24,0.0,0.47
2005-04-06,31.46,14.65,51.01,0.0,0.47
2005-04-07,31.99,14.99,40.72,0.0,0.46
2005-04-08,32.25,14.71,35.12,0.0,0.46
2005-04-09,33.5,15.68,42.12,0.0,0.46
2005-04-10,32.4,18.08,60.03,0.01,0.46
2005-04-11,28.15,19.65,68.39,1.78,0.46
2005-04-12,32.65,18.88,57.78,0.01,0.46
2005-04-13,34.2,17.8,50.17,0.04,0.46
2005-04-14,34.74,17.77,40.12,0.0,0.46
2005-04-15,33.39,17.87,31.08,0.0,0.46
2005-04-16,34.46,17.15,38.0,0.0,0.46
2005-04-17,34.25,17.94,34.6,0.0,0.46
2005-04-18,34.89,19.21,35.2,0.0,0.46
2005-04-19,31.73,20.86,39.95,0.02,0.46
2005-04-20,30.51,22.37,38.24,1.27,0.46
2005-04-21,28.97,19.8,47.71,0.01,0.46
2005-04-22,29.9,17.89,61.32,0.0,0.46
2005-04-23,33.44,19.67,46.96,0.0,0.46
2005-04-24,32.36,18.96,50.22,0.0,0.46
2005-04-25,34.31,19.16,45.48,0.01,0.46
2005-04-26,30.55,21.24,51.11,0.03,0.46
2005-04-27,29.21,19.92,56.46,1.25,0.46
2005-04-28,29.96,18.58,59.38,0.0,0.46
2005-04-29,31.29,17.99,54.26,0.05,0.46
2005-04-30,32.38,17.97,46.33,0.0,0.46
2005-05-01,31.67,18.44,44.53,0.0,0.46
2005-05-02,29.77,19.05,54.7,0.69,0.46
2005-05-03,31.12,18.44,53.0,0.01,0.46
2005-05-04,32.35,18.68,47.64,0.01,0.46
2005-05-05,29.38,18.4,55.12,0.0,0.46
2005-05-06,26.87,19.02,62.09,1.22,0.46
2005-05-07,28.45,18.57,66.02,1.06,0.46
2005-05-08,31.33,17.95,57.89,0.33,0.46
2005-05-09,32.07,18.53,55.01,0.05,0.46
2005-05-10,32.34,19.91,56.22,0.0,0.46
2005-05-11,33.42,19.79,53.48,0.45,0.46
2005-05-12,33.2,20.05,53.95,1.44,0.46
2005-05-13,33.18,19.92,47.35,0.0,0.46
2005-05-14,33.85,18.83,43.1,0.0,0.46
2005-05-15,34.42,20.53,41.47,0.0,0.46
2005-05-16,34.15,20.86,43.52,0.0,0.46
2005-05-17,34.67,19.71,43.08,0.0,0.46
2005-05-18,35.75,20.59,39.63,0.0,0.46
2005-05-19,35.81,21.05,39.95,0.41,0.46
2005-05-20,34.17,23.14,39.65,0.09,0.46
2005-05-21,33.12,20.95,44.47,0.28,0.46
2005-05-22,33.95,21.22,45.38,0.35,0.46
2005-05-23,33.61,19.95,46.59,0.01,0.46
2005-05-24,32.63,21.16,54.22,0.12,0.46
2005-05-25,32.87,21.46,54.13,1.11,0.46
2005-05-26,31.16,21.69,60.13,0.16,0.46
2005-05-27,31.3,21.83,58.68,0.04,0.46
2005-05-28,32.17,20.22,57.03,0.03,0.46
2005-05-29,33.92,20.01,51.08,0.31,0.46
2005-05-30,34.21,21.89,55.6,0.17,0.46
2005-05-31,31.15,22.03,64.61,0.46,0.46
2005-06-01,26.75,21.33,74.52,2.1,0.46
2005-06-02,31.39,21.16,67.06,0.56,0.46
2005-06-03,33.0,21.19,60.03,0.11,0.46
2005-06-04,30.42,22.17,61.28,0.27,0.46
2005-06-05,33.43,20.63,54.18,0.12,0.46
2005-06-06,32.38,21.88,53.98,0.19,0.46
2005-06-07,32.43,21.37,62.32,1.07,0.46
2005-06-08,29.63,21.17,74.98,4.72,0.47
2005-06-09,32.36,20.72,73.07,1.08,0.47
2005-06-10,27.78,21.39,77.58,0.24,0.47
2005-06-11,29.51,20.17,75.12,1.08,0.47
2005-06-12,30.96,20.63,69.56,0.26,0.47
2005-06-13,31.75,20.86,67.04,0.12,0.47
2005-06-14,31.96,20.62,62.78,0.04,0.47
2005-06-15,31.69,21.22,67.19,0.04,0.47
2005-06-16,28.82,21.61,73.63,0.04,0.46
2005-06-17,28.96,20.84,68.03,0.08,0.46
2005-06-18,29.97,20.12,66.43,0.42,0.46
2005-06-19,31.77,20.21,63.85,0.41,0.46
2005-06-20,29.33,21.91,70.6,0.13,0.46
2005-06-21,29.96,21.17,71.12,0.65,0.46
2005-06-22,28.78,21.13,70.32,0.05,0.46
2005-06-23,32.91,20.81,67.08,0.15,0.46
2005-06-24,30.48,20.34,69.26,0.24,0.46
2005-06-25,28.16,20.22,69.69,1.27,0.46
2005-06-26,28.45,19.85,75.24,4.61,0.47
2005-06-27,25.74,19.57,78.4,1.93,0.47
2005-06-28,28.87,19.02,70.67,1.05,0.47
2005-06-29,31.07,18.62,67.29,0.03,0.47
2005-06-30,27.64,19.92,74.11,0.28,0.47
2005-07-01,27.74,18.98,76.51,0.95,0.47
2005-07-02,28.3,19.38,72.41,0.74,0.47
2005-07-03,30.08,19.88,72.44,0.1,0.47
2005-07-04,29.97,19.96,67.9,0.19,0.47
2005-07-05,30.28,19.83,62.85,0.03,0.47
2005-07-06,33.35,19.65,61.57,0.0,0.47
2005-07-07,34.29,20.33,59.9,0.01,0.46
2005-07-08,32.91,20.83,61.89,0.06,0.46
2005-07-09,29.04,19.88,68.37,0.3,0.46
2005-07-10,30.01,18.9,67.88,0.75,0.46
2005-07-11,26.79,20.41,71.0,0.35,0.46
2005-07-12,31.03,19.45,65.94,0.75,0.46
2005-07-13,27.72,20.82,71.09,0.67,0.46
2005-07-14,29.36,19.79,66.93,0.44,0.47
2005-07-15,25.97,19.6,74.45,2.16,0.47
2005-07-16,26.65,18.85,76.33,1.53,0.47
2005-07-17,30.83,18.79,68.66,0.01,0.47
2005-07-18,30.09,20.39,69.04,0.65,0.47
2005-07-19,28.85,20.94,70.17,1.2,0.47
2005-07-20,27.01,20.04,78.05,3.4,0.47
2005-07-21,30.25,19.28,70.17,0.1,0.47
2005-07-22,29.38,19.71,71.45,0.24,0.47
2005-07-23,28.73,20.98,71.66,0.28,0.47
2005-07-24,29.61,20.15,70.16,0.45,0.47
2005-07-25,28.39,19.72,74.72,0.63,0.47
2005-07-26,25.2,20.21,81.35,0.27,0.47
2005-07-27,27.94,20.3,71.96,0.02,0.47
2005-07-28,33.28,19.77,64.23,0.05,0.47
2005-07-29,32.68,19.96,64.99,0.04,0.47
2005-07-30,33.97,20.12,63.99,0.12,0.46
2005-07-31,29.57,20.94,69.42,0.1,0.46
2005-08-01,27.39,21.0,77.05,1.06,0.46
2005-08-02,30.53,20.06,69.46,0.36,0.46
2005-08-03,29.31,20.7,68.52,0.07,0.46
2005-08-04,29.8,20.28,68.02,0.12,0.46
2005-08-05,29.27,20.34,68.99,0.07,0.46
2005-08-06,29.17,19.6,70.79,0.21,0.46
2005-08-07,31.48,20.35,66.1,0.37,0.46
2005-08-08,30.52,20.95,69.35,0.26,0.46
2005-08-09,31.21,20.41,66.57,0.09,0.46
2005-08-10,29.52,20.36,71.64,0.12,0.46
2005-08-11,31.96,20.16,65.09,0.16,0.46
2005-08-12,30.92,21.34,70.16,1.39,0.46
2005-08-13,26.0,21.22,76.08,0.36,0.46
2005-08-14,29.77,20.18,69.49,0.17,0.46
2005-08-15,28.16,19.76,68.64,0.02,0.46
2005-08-16,31.28,19.8,68.56,0.31,0.46
2005-08-17,29.71,19.44,69.73,0.54,0.46
2005-08-18,29.66,20.34,72.88,0.27,0.46
2005-08-19,28.39,20.28,74.37,0.21,0.46
2005-08-20,30.0,19.18,69.99,1.24,0.46
2005-08-21,28.5,19.69,73.73,0.74,0.46
2005-08-22,27.86,20.05,70.61,0.04,0.46
2005-08-23,29.38,20.32,69.6,0.12,0.46
2005-08-24,28.18,19.92,69.75,0.04,0.46
2005-08-25,30.03,19.6,68.0,0.16,0.46
2005-08-26,27.92,20.18,75.44,1.96,0.46
2005-08-27,31.06,19.08,70.66,1.87,0.47
2005-08-28,29.56,19.74,64.09,0.06,0.47
2005-08-29,28.12,20.24,69.87,0.02,0.47
2005-08-30,30.35,20.47,69.93,0.6,0.47
2005-08-31,32.81,20.52,65.91,0.95,0.47
2005-09-01,28.38,21.26,69.55,1.27,0.47
2005-09-02,33.12,20.44,65.72,0.09,0.47
2005-09-03,30.19,21.45,65.16,0.36,0.47
2005-09-04,34.54,19.89,52.27,0.06,0.46
2005-09-05,32.66,21.52,54.85,0.7,0.46
2005-09-06,33.21,20.03,57.87,0.01,0.46
2005-09-07,31.56,21.56,63.24,0.78,0.46
2005-09-08,25.85,20.84,80.47,1.5,0.47
2005-09-09,28.27,19.75,71.94,0.43,0.47
2005-09-10,26.5,19.18,73.62,1.4,0.47
2005-09-11,29.55,19.23,70.49,2.49,0.47
2005-09-12,28.21,18.18,72.3,1.74,0.47
2005-09-13,32.21,18.82,57.56,0.0,0.47
2005-09-14,30.66,18.08,60.29,0.3,0.47
2005-09-15,29.5,20.12,71.74,0.3,0.47
2005-09-16,27.74,20.42,74.69,0.21,0.47
2005-09-17,31.21,19.81,67.85,0.62,0.47
2005-09-18,30.8,20.12,67.59,2.89,0.47
2005-09-19,27.6,20.32,74.35,2.47,0.47
2005-09-20,28.32,19.19,73.62,0.23,0.47
2005-09-21,29.72,18.93,71.97,1.57,0.47
2005-09-22,29.96,19.52,68.04,0.0,0.47
2005-09-23,30.75,19.38,65.99,0.22,0.47
2005-09-24,29.36,20.31,70.69,0.19,0.47
2005-09-25,30.72,19.77,65.25,0.0,0.47
2005-09-26,34.53,19.81,58.5,0.09,0.47
2005-09-27,31.55,20.67,64.06,2.17,0.47
2005-09-28,31.61,20.58,73.49,3.33,0.47
2005-09-29,25.3,20.13,77.34,0.41,0.47
2005-09-30,24.92,19.38,78.52,0.02,0.47
2005-10-01,28.76,18.45,68.32,0.0,0.47
2005-10-02,31.07,18.53,59.91,0.0,0.47
2005-10-03,31.25,19.69,57.4,0.05,0.47
2005-10-04,31.19,20.58,60.38,0.13,0.47
2005-10-05,33.58,18.81,54.48,0.04,0.47
2005-10-06,33.45,19.16,50.77,0.32,0.46
2005-10-07,31.63,19.85,57.76,0.43,0.46
2005-10-08,29.1,19.37,65.95,0.01,0.46
2005-10-09,30.56,17.67,58.35,0.0,0.46
2005-10-10,31.1,19.28,53.24,0.0,0.46
2005-10-11,33.2,19.96,48.5,0.0,0.46
2005-10-12,33.45,20.97,47.03,0.0,0.46
2005-10-13,32.88,20.21,48.77,0.04,0.46
2005-10-14,28.96,21.0,60.63,0.09,0.46
2005-10-15,31.5,20.19,61.04,0.05,0.46
2005-10-16,27.65,20.11,68.19,0.08,0.46
2005-10-17,29.15,19.61,64.57,0.06,0.46
2005-10-18,31.67,20.03,56.29,0.11,0.46
2005-10-19,30.76,17.73,57.7,0.02,0.46
2005-10-20,31.96,17.98,58.18,0.0,0.46
2005-10-21,31.78,17.93,56.83,0.0,0.46
2005-10-22,31.68,17.63,53.32,0.0,0.46
2005-10-23,31.56,17.11,54.61,0.04,0.46
2005-10-24,26.73,19.77,61.81,0.22,0.46
2005-10-25,29.96,18.12,61.34,0.03,0.46
2005-10-26,28.12,20.06,66.49,0.04,0.46
2005-10-27,29.9,19.59,70.63,0.64,0.46
2005-10-28,26.67,18.51,74.78,1.41,0.46
2005-10-29,23.83,18.45,79.97,2.29,0.46
2005-10-30,23.98,17.58,82.91,1.66,0.47
2005-10-31,22.25,16.99,80.22,0.7,0.47
2005-11-01,26.17,16.03,71.6,0.0,0.47
2005-11-02,28.16,17.79,71.24,0.0,0.47
2005-11-03,30.23,17.67,66.03,0.0,0.47
2005-11-04,30.75,18.68,60.63,0.0,0.46
2005-11-05,30.86,18.9,59.91,0.0,0.46
2005-11-06,30.95,18.77,59.65,0.11,0.46
2005-11-07,28.34,18.91,67.43,0.76,0.46
2005-11-08,26.89,18.14,71.35,0.25,0.46
2005-11-09,26.41,18.15,78.81,1.26,0.46
2005-11-10,24.35,17.51,75.01,0.73,0.46
2005-11-11,30.39,14.98,52.28,0.01,0.46
2005-11-12,30.23,16.37,40.38,0.0,0.46
2005-11-13,30.36,15.25,39.89,0.0,0.46
2005-11-14,30.5,14.81,36.9,0.0,0.46
2005-11-15,30.32,13.35,38.91,0.0,0.46
2005-11-16,30.26,12.66,46.18,0.0,0.46
2005-11-17,29.49,13.25,42.17,0.18,0.46
2005-11-18,29.99,14.93,45.32,0.0,0.46
2005-11-19,29.41,15.69,58.62,0.0,0.46
2005-11-20,27.51,16.79,65.58,0.02,0.46
2005-11-21,24.98,16.82,71.78,0.14,0.46
2005-11-22,24.83,15.68,69.25,0.0,0.46
2005-11-23,27.4,15.73,59.37,0.0,0.46
2005-11-24,28.8,14.35,55.85,0.0,0.46
2005-11-25,28.3,13.77,50.4,0.0,0.46
2005-11-26,28.43,13.37,46.07,0.0,0.46
2005-11-27,28.73,13.76,44.88,0.0,0.46
2005-11-28,29.34,13.84,39.56,0.0,0.46
2005-11-29,28.78,12.85,38.8,0.0,0.46
2005-11-30,28.42,14.09,48.5,0.0,0.46
2005-12-01,26.94,15.61,62.36,0.0,0.46
2005-12-02,27.65,16.81,63.74,0.0,0.46
2005-12-03,30.15,15.64,56.37,0.0,0.46
2005-12-04,30.1,16.0,52.16,0.0,0.46
2005-12-05,28.72,15.68,54.81,0.06,0.46
2005-12-06,27.22,15.08,58.79,0.83,0.46
2005-12-07,18.37,14.09,83.65,3.12,0.46
2005-12-08,21.86,12.85,85.47,2.16,0.47
2005-12-09,22.25,15.15,84.27,0.0,0.47
2005-12-10,26.98,15.91,76.69,0.0,0.47
2005-12-11,28.06,14.84,68.25,0.0,0.46
2005-12-12,28.76,14.63,64.7,0.0,0.46
2005-12-13,27.05,16.03,70.29,0.0,0.46
2005-12-14,26.77,15.96,66.63,0.0,0.46
2005-12-15,23.96,13.33,55.67,0.0,0.46
2005-12-16,27.07,11.0,53.56,0.0,0.46
2005-12-17,24.99,12.21,56.33,0.0,0.46
2005-12-18,25.99,11.19,50.86,0.0,0.46
2005-12-19,27.44,12.73,56.63,0.0,0.46
2005-12-20,27.2,12.74,54.58,0.0,0.46
2005-12-21,24.69,11.95,45.35,0.0,0.46
2005-12-22,22.4,9.13,40.53,0.33,0.46
2005-12-23,15.15,10.25,68.2,0.02,0.46
2005-12-24,22.17,11.01,75.67,0.4,0.46
2005-12-25,24.35,14.14,81.78,1.45,0.46
2005-12-26,22.72,11.63,72.96,0.04,0.46
2005-12-27,25.29,8.34,46.4,0.0,0.46
2005-12-28,26.35,8.75,30.87,0.0,0.46
2005-12-29,26.28,11.03,36.63,0.0,0.46
2005-12-30,26.85,10.04,36.33,0.0,0.46
2005-12-31,27.69,9.99,36.32,0.0,0.46
2006-01-01,28.64,10.62,34.17,0.0,0.46
2006-01-02,27.9,9.24,29.86,0.0,0.46
2006-01-03,27.42,11.11,29.46,0.0,0.46
2006-01-04,27.84,11.58,29.53,0.0,0.46
2006-01-05,29.06,11.18,22.33,0.0,0.46
2006-01-06,28.85,11.88,27.37,0.0,0.46
2006-01-07,27.9,13.69,32.03,0.0,0.46
2006-01-08,26.0,14.9,34.31,0.0,0.46
2006-01-09,28.26,12.13,49.11,0.0,0.46
2006-01-10,28.1,12.54,50.65,0.0,0.46
2006-01-11,28.35,11.74,45.92,0.0,0.46
2006-01-12,28.26,10.38,37.81,0.0,0.46
2006-01-13,28.06,10.3,28.3,0.0,0.46
2006-01-14,27.25,11.72,23.84,0.0,0.46
2006-01-15,27.44,9.33,25.47,0.0,0.46
2006-01-16,26.95,11.22,31.1,0.0,0.46
2006-01-17,27.56,11.39,30.46,0.0,0.46
2006-01-18,27.67,10.52,29.01,0.0,0.46
2006-01-19,27.7,10.97,37.18,0.0,0.46
2006-01-20,27.01,11.46,46.09,0.0,0.46
2006-01-21,28.03,9.93,33.14,0.0,0.46
2006-01-22,27.61,9.76,31.18,0.0,0.46
2006-01-23,28.72,8.91,25.48,0.0,0.46
2006-01-24,26.9,9.71,31.39,0.0,0.46
2006-01-25,27.33,10.75,38.98,0.0,0.46
2006-01-26,27.36,10.55,42.29,0.0,0.46
2006-01-27,26.93,10.77,49.88,0.0,0.46
2006-01-28,28.12,11.14,34.44,0.0,0.46
2006-01-29,28.88,10.58,31.41,0.0,0.46
2006-01-30,28.96,12.18,30.3,0.0,0.46
2006-01-31,29.06,12.62,34.88,0.0,0.46
2006-02-01,29.06,11.37,37.36,0.0,0.46
2006-02-02,28.21,12.71,33.84,0.0,0.46
2006-02-03,29.91,12.49,33.11,0.0,0.46
2006-02-04,29.21,13.23,29.78,0.28,0.46
2006-02-05,28.72,13.0,30.26,0.2,0.46
2006-02-06,27.72,12.62,27.25,0.05,0.46
2006-02-07,28.43,11.63,25.94,0.0,0.46
2006-02-08,28.67,13.26,30.17,0.0,0.46
2006-02-09,28.41,13.14,35.62,0.0,0.46
2006-02-10,24.67,13.91,53.11,0.01,0.46
2006-02-11,23.96,14.25,47.68,0.37,0.46
2006-02-12,27.48,13.37,36.32,0.0,0.46
2006-02-13,27.03,11.51,25.65,0.0,0.46
2006-02-14,27.36,10.04,36.49,0.0,0.46
2006-02-15,29.06,11.85,31.16,0.0,0.46
2006-02-16,29.52,11.11,33.38,0.0,0.46
2006-02-17,28.39,12.02,31.52,0.0,0.46
2006-02-18,30.74,14.54,27.62,0.0,0.46
2006-02-19,30.78,13.4,35.9,0.0,0.46
2006-02-20,30.47,14.72,36.93,0.0,0.46
2006-02-21,29.65,14.02,33.71,0.0,0.46
2006-02-22,31.6,13.86,27.29,0.0,0.46
2006-02-23,30.68,15.63,25.59,0.0,0.46
2006-02-24,30.23,14.62,29.67,0.0,0.46
2006-02-25,30.57,13.34,27.68,0.0,0.46
2006-02-26,30.97,12.78,32.14,0.0,0.46
2006-02-27,30.84,13.42,32.39,0.0,0.46
2006-02-28,31.01,13.44,38.09,0.0,0.46
2006-03-01,31.73,14.99,34.52,0.0,0.46
2006-03-02,31.44,15.33,42.25,0.1,0.46
2006-03-03,30.36,15.51,47.21,0.2,0.46
2006-03-04,30.08,14.74,45.37,0.09,0.46
2006-03-05,29.63,15.44,46.96,0.0,0.46
2006-03-06,30.98,15.02,40.49,0.0,0.46
2006-03-07,31.41,15.64,39.13,0.0,0.46
2006-03-08,32.31,14.6,30.81,0.0,0.46
2006-03-09,32.9,13.58,25.56,0.0,0.46
2006-03-10,33.1,16.6,21.71,0.0,0.46
2006-03-11,32.63,18.11,27.61,0.0,0.46
2006-03-12,30.73,14.36,42.7,0.0,0.46
2006-03-13,29.71,15.19,40.13,0.0,0.46
2006-03-14,30.72,13.49,37.04,0.0,0.46
2006-03-15,31.55,14.3,35.81,0.0,0.46
2006-03-16,30.41,14.15,37.93,0.0,0.46
2006-03-17,31.89,13.33,40.55,0.0,0.46
2006-03-18,32.4,14.85,42.34,0.0,0.46
2006-03-19,33.14,15.4,36.02,0.0,0.46
2006-03-20,32.37,16.93,23.72,0.0,0.46
2006-03-21,32.47,14.67,15.45,0.0,0.46
2006-03-22,31.25,12.54,26.71,0.0,0.46
2006-03-23,31.62,14.78,36.26,0.0,0.46
2006-03-24,32.1,14.71,39.88,0.0,0.46
2006-03-25,32.45,15.25,34.68,0.0,0.46
2006-03-26,33.05,16.43,28.68,0.0,0.46
2006-03-27,33.1,15.62,31.37,0.0,0.46
2006-03-28,34.14,16.99,30.16,0.0,0.45
2006-03-29,32.3,18.44,36.46,0.3,0.46
2006-03-30,25.4,19.03,60.03,1.23,0.46
2006-03-31,29.91,16.42,50.37,0.0,0.46
2006-04-01,31.07,15.74,44.14,0.0,0.46
2006-04-02,32.81,16.35,37.25,0.0,0.46
2006-04-03,31.77,16.13,40.63,0.0,0.46
2006-04-04,32.21,15.03,38.02,0.0,0.46
2006-04-05,32.85,15.81,43.66,0.0,0.46
2006-04-06,32.38,17.12,46.22,0.0,0.46
2006-04-07,33.92,18.81,36.78,0.04,0.46
2006-04-08,33.58,18.08,39.84,0.17,0.46
2006-04-09,32.72,17.27,39.15,0.0,0.46
2006-04-10,33.4,17.38,42.38,0.0,0.46
2006-04-11,34.15,16.87,42.7,0.0,0.46
2006-04-12,34.59,17.44,42.57,0.0,0.46
2006-04-13,35.9,18.81,40.94,0.0,0.46
2006-04-14,35.13,19.88,42.84,0.16,0.46
2006-04-15,33.9,21.05,42.75,0.13,0.46
2006-04-16,29.71,21.96,50.27,0.36,0.46
2006-04-17,28.02,20.33,57.7,0.54,0.46
2006-04-18,27.69,18.67,61.32,0.19,0.46
2006-04-19,26.66,17.39,62.98,1.39,0.46
2006-04-20,28.37,19.31,59.66,0.0,0.46
2006-04-21,32.94,19.38,49.01,0.06,0.46
2006-04-22,33.47,17.35,39.62,0.0,0.46
2006-04-23,33.88,17.29,35.88,0.0,0.46
2006-04-24,34.4,17.95,36.84,0.0,0.46
2006-04-25,33.8,19.14,41.52,0.11,0.46
2006-04-26,32.89,19.5,48.99,0.02,0.46
2006-04-27,27.01,19.9,68.75,0.36,0.46
2006-04-28,25.0,18.67,69.12,3.18,0.46
2006-04-29,25.44,17.01,73.4,1.65,0.46
2006-04-30,26.42,16.04,66.25,0.04,0.46
2006-05-01,31.04,17.51,47.83,0.0,0.46
2006-05-02,31.7,18.49,47.55,0.0,0.46
2006-05-03,32.78,19.34,50.14,0.0,0.46
2006-05-04,32.67,20.41,51.75,0.0,0.46
2006-05-05,32.04,20.78,54.31,0.03,0.46
2006-05-06,32.94,21.1,50.78,0.06,0.46
2006-05-07,28.71,21.07,58.19,0.39,0.46
2006-05-08,29.31,19.67,60.12,0.6,0.46
2006-05-09,27.71,18.86,63.79,1.93,0.46
2006-05-10,30.17,19.15,62.36,1.44,0.46
2006-05-11,30.9,19.28,64.16,0.91,0.46
2006-05-12,28.92,19.62,65.41,1.43,0.47
2006-05-13,32.4,18.5,64.5,2.87,0.47
2006-05-14,26.15,17.95,75.23,3.9,0.47
2006-05-15,27.65,16.13,70.15,2.48,0.48
2006-05-16,29.03,15.83,59.16,0.08,0.47
2006-05-17,30.36,17.56,52.52,0.03,0.47
2006-05-18,32.29,18.87,48.79,0.07,0.47
2006-05-19,33.53,19.09,49.34,0.0,0.47
2006-05-20,31.31,20.06,50.94,0.01,0.47
2006-05-21,32.51,21.0,46.59,0.14,0.46
2006-05-22,32.9,19.21,52.81,0.04,0.46
2006-05-23,32.28,20.75,57.49,1.05,0.46
2006-05-24,31.08,20.85,69.18,0.82,0.46
2006-05-25,25.67,19.4,77.81,0.91,0.46
2006-05-26,32.46,19.2,56.21,0.97,0.47
2006-05-27,30.96,20.41,67.14,3.1,0.47
2006-05-28,27.46,20.22,79.82,4.96,0.47
2006-05-29,28.51,19.84,79.45,15.4,0.49
2006-05-30,27.61,19.02,79.06,2.78,0.5
2006-05-31,26.81,19.32,78.09,1.36,0.5
2006-06-01,29.29,19.17,75.72,0.6,0.49
2006-06-02,30.22,19.11,70.26,0.28,0.49
2006-06-03,31.36,19.59,68.91,0.14,0.49
2006-06-04,29.8,20.35,70.66,0.67,0.48
2006-06-05,29.18,18.96,72.91,1.39,0.48
2006-06-06,29.12,19.15,72.75,0.31,0.48
2006-06-07,30.81,19.11,68.65,0.45,0.48
2006-06-08,29.31,19.94,70.77,0.05,0.47
2006-06-09,28.24,20.19,73.85,0.38,0.47
2006-06-10,27.78,19.84,76.18,1.89,0.47
2006-06-11,30.39,19.16,72.42,0.19,0.47
2006-06-12,30.9,20.24,68.17,0.01,0.47
2006-06-13,30.06,19.61,67.41,0.0,0.47
2006-06-14,30.57,20.05,66.48,0.0,0.47
2006-06-15,28.47,21.29,70.22,0.01,0.47
2006-06-16,32.03,20.15,62.78,0.05,0.47
2006-06-17,32.88,20.83,61.28,0.03,0.47
2006-06-18,31.04,21.39,66.33,0.34,0.47
2006-06-19,33.34,20.87,58.94,0.47,0.47
2006-06-20,31.03,20.89,64.85,1.05,0.47
2006-06-21,31.18,20.62,63.38,0.62,0.47
2006-06-22,30.04,20.19,63.05,0.26,0.47
2006-06-23,29.43,21.02,65.64,0.12,0.47
2006-06-24,29.94,19.5,64.34,0.21,0.47
2006-06-25,33.19,20.43,62.38,1.13,0.47
2006-06-26,30.98,21.47,64.89,0.33,0.47
2006-06-27,30.96,21.55,68.68,0.12,0.46
2006-06-28,32.99,20.69,61.9,0.07,0.46
2006-06-29,31.2,20.85,64.04,0.29,0.46
2006-06-30,30.76,20.15,66.13,0.11,0.46
2006-07-01,31.15,20.95,63.91,0.88,0.46
2006-07-02,32.9,20.92,66.33,0.78,0.46
2006-07-03,30.75,21.45,67.04,0.85,0.46
2006-07-04,31.32,20.51,66.9,0.28,0.46
2006-07-05,28.46,20.21,75.84,3.45,0.47
2006-07-06,26.78,20.44,80.44,1.37,0.47
2006-07-07,28.04,19.66,74.57,0.39,0.47
2006-07-08,28.86,19.35,73.73,0.39,0.47
2006-07-09,28.51,19.72,73.91,0.2,0.47
2006-07-10,30.99,19.11,68.84,0.97,0.47
2006-07-11,29.78,19.0,71.5,0.63,0.47
2006-07-12,29.87,20.03,69.65,0.08,0.47
2006-07-13,26.54,20.51,78.0,0.49,0.47
2006-07-14,27.56,20.06,72.37,0.19,0.47
2006-07-15,29.27,20.0,69.64,0.42,0.47
2006-07-16,30.76,19.54,66.92,0.06,0.47
2006-07-17,26.84,20.35,78.6,1.68,0.47
2006-07-18,24.72,19.42,75.61,0.44,0.47
2006-07-19,25.4,18.89,79.94,1.3,0.47
2006-07-20,26.62,19.23,74.86,1.12,0.47
2006-07-21,31.5,18.59,66.04,0.89,0.47
2006-07-22,29.64,18.82,64.83,0.09,0.47
2006-07-23,31.6,19.14,63.91,0.08,0.47
2006-07-24,29.36,20.25,66.71,0.78,0.47
2006-07-25,29.44,20.16,77.81,2.95,0.47
2006-07-26,27.73,19.87,80.26,11.21,0.48
2006-07-27,23.69,19.23,87.4,8.74,0.5
2006-07-28,27.07,18.1,79.14,2.37,0.5
2006-07-29,30.4,18.49,75.69,2.4,0.5
2006-07-30,25.35,19.76,84.91,9.35,0.5
2006-07-31,26.81,19.92,83.85,1.66,0.51
2006-08-01,29.66,19.11,74.07,0.39,0.51
2006-08-02,26.15,20.04,77.2,0.21,0.5
2006-08-03,27.45,18.89,79.0,0.72,0.5
2006-08-04,28.75,19.0,74.99,0.07,0.49
2006-08-05,30.14,17.59,69.87,0.01,0.49
2006-08-06,31.63,18.92,67.09,0.09,0.48
2006-08-07,28.82,19.57,71.81,0.15,0.48
2006-08-08,27.98,19.75,76.78,0.52,0.48
2006-08-09,31.19,20.98,70.97,0.2,0.48
2006-08-10,31.97,19.68,67.05,0.55,0.48
2006-08-11,31.47,20.04,67.99,0.08,0.47
2006-08-12,31.19,20.2,68.92,0.19,0.47
2006-08-13,28.77,20.85,73.71,1.35,0.47
2006-08-14,30.49,20.03,69.72,0.04,0.47
2006-08-15,32.85,20.57,60.12,0.14,0.47
2006-08-16,31.84,21.16,63.57,1.41,0.47
2006-08-17,32.29,20.52,68.31,0.14,0.47
2006-08-18,28.18,20.53,75.28,2.06,0.47
2006-08-19,26.99,20.39,78.55,0.29,0.47
2006-08-20,25.11,20.36,80.32,0.35,0.47
2006-08-21,27.12,19.53,71.94,0.39,0.47
2006-08-22,29.49,18.89,69.46,0.06,0.47
2006-08-23,30.08,17.95,69.13,0.1,0.47
2006-08-24,28.87,19.11,70.41,0.4,0.47
2006-08-25,28.43,19.87,77.27,2.04,0.47
2006-08-26,29.4,19.76,75.24,0.48,0.47
2006-08-27,29.4,18.84,74.04,0.1,0.47
2006-08-28,28.4,20.26,72.55,0.11,0.47
2006-08-29,29.19,19.77,71.29,0.52,0.47
2006-08-30,29.04,19.16,74.29,3.66,0.47
2006-08-31,29.43,19.72,73.46,0.76,0.47
2006-09-01,28.55,19.35,75.35,0.61,0.47
2006-09-02,29.81,19.61,65.7,0.12,0.47
2006-09-03,30.78,19.0,67.32,0.0,0.47
2006-09-04,32.24,18.86,61.67,0.0,0.47
2006-09-05,32.43,19.62,62.03,0.11,0.47
2006-09-06,27.89,21.01,65.32,0.0,0.47
2006-09-07,30.77,20.11,64.91,0.01,0.47
2006-09-08,26.81,20.62,70.13,0.1,0.47
2006-09-09,26.83,20.6,80.11,1.14,0.47
2006-09-10,25.17,19.3,80.22,0.63,0.47
2006-09-11,29.03,18.32,74.81,5.52,0.47
2006-09-12,30.32,19.9,71.89,0.45,0.48
2006-09-13,30.04,20.09,72.63,0.52,0.48
2006-09-14,31.7,19.64,65.86,0.03,0.47
2006-09-15,31.72,20.11,65.08,0.05,0.47
2006-09-16,32.19,20.43,65.07,0.33,0.47
2006-09-17,30.37,19.98,66.24,0.14,0.47
2006-09-18,29.22,19.58,68.45,0.22,0.47
2006-09-19,28.93,19.66,72.72,0.58,0.47
2006-09-20,25.86,19.22,73.27,1.32,0.47
2006-09-21,25.6,18.96,78.03,0.75,0.47
2006-09-22,28.04,18.61,71.29,0.72,0.47
2006-09-23,29.95,18.78,65.09,0.08,0.47
2006-09-24,31.37,19.3,64.78,0.0,0.47
2006-09-25,30.39,20.48,66.68,0.0,0.47
2006-09-26,32.67,19.83,61.35,0.23,0.47
2006-09-27,31.52,19.49,64.71,0.46,0.47
2006-09-28,30.33,19.5,70.76,0.65,0.47
2006-09-29,31.39,19.48,66.92,0.52,0.47
2006-09-30,33.33,20.11,59.8,0.0,0.47
2006-10-01,33.46,20.31,55.21,0.0,0.47
2006-10-02,33.28,21.1,52.95,0.1,0.46
2006-10-03,32.59,21.32,57.68,0.2,0.46
2006-10-04,31.14,19.65,66.81,0.72,0.46
2006-10-05,29.5,20.81,69.91,0.11,0.46
2006-10-06,30.17,20.66,72.56,0.56,0.46
2006-10-07,31.82,19.98,70.02,1.02,0.47
2006-10-08,26.74,20.17,76.61,0.83,0.47
2006-10-09,24.76,19.81,83.61,0.58,0.47
2006-10-10,25.48,19.58,77.95,0.21,0.47
2006-10-11,25.94,18.68,78.93,1.95,0.47
2006-10-12,28.18,18.14,72.2,0.44,0.47
2006-10-13,28.82,19.18,66.44,0.0,0.47
2006-10-14,26.42,19.55,70.6,0.0,0.47
2006-10-15,29.31,19.24,65.98,0.0,0.47
2006-10-16,29.59,19.28,60.44,0.0,0.47
2006-10-17,29.76,19.17,58.72,0.0,0.47
2006-10-18,29.5,19.99,58.23,0.04,0.47
2006-10-19,29.81,18.21,57.68,0.16,0.47
2006-10-20,29.49,19.45,56.4,0.01,0.46
2006-10-21,29.01,17.27,59.32,0.64,0.46
2006-10-22,27.16,18.68,61.16,0.07,0.47
2006-10-23,28.07,17.43,58.31,1.25,0.47
2006-10-24,30.23,17.33,58.22,0.0,0.47
2006-10-25,29.45,16.06,60.24,0.04,0.47
2006-10-26,28.06,17.31,59.44,0.0,0.46
2006-10-27,28.58,16.54,57.76,0.0,0.46
2006-10-28,30.55,18.85,49.37,0.01,0.46
2006-10-29,31.25,18.09,48.44,0.0,0.46
2006-10-30,31.51,18.08,49.79,0.0,0.46
2006-10-31,30.59,19.38,51.57,0.0,0.46
2006-11-01,30.41,18.82,54.36,0.0,0.46
2006-11-02,30.72,16.74,56.99,0.0,0.46
2006-11-03,30.99,17.96,50.84,0.0,0.46
2006-11-04,30.48,18.43,52.05,0.0,0.46
2006-11-05,30.71,18.11,53.46,0.0,0.46
2006-11-06,30.43,18.74,53.19,0.0,0.46
2006-11-07,20.88,16.58,74.31,0.51,0.46
2006-11-08,24.21,16.48,72.28,0.0,0.46
2006-11-09,29.85,14.93,58.91,0.0,0.46
2006-11-10,31.26,16.37,49.91,0.0,0.46
2006-11-11,30.57,16.88,53.28,0.0,0.46
2006-11-12,27.96,16.91,61.79,0.04,0.46
2006-11-13,27.73,17.22,61.09,0.34,0.46
2006-11-14,28.59,18.08,53.94,0.04,0.46
2006-11-15,28.6,17.94,49.62,0.0,0.46
2006-11-16,26.21,18.14,58.94,0.0,0.46
2006-11-17,29.19,15.06,57.04,0.0,0.46
2006-11-18,29.57,16.0,53.34,0.0,0.46
2006-11-19,29.01,15.47,54.0,0.01,0.46
2006-11-20,27.75,14.38,45.7,0.0,0.46
2006-11-21,27.64,12.62,30.81,0.0,0.46
2006-11-22,28.18,12.78,31.1,0.0,0.46
2006-11-23,27.44,11.48,37.16,0.0,0.46
2006-11-24,27.32,10.13,42.92,0.0,0.46
2006-11-25,26.84,12.4,46.03,0.0,0.46
2006-11-26,27.79,12.52,42.69,0.0,0.46
2006-11-27,27.09,10.24,43.84,0.0,0.46
2006-11-28,27.11,11.61,40.24,0.0,0.46
2006-11-29,28.33,10.48,34.09,0.0,0.46
2006-11-30,29.03,10.89,30.73,0.0,0.46
2006-12-01,28.2,12.24,30.88,0.0,0.46
2006-12-02,29.19,12.66,30.81,0.0,0.46
2006-12-03,28.88,10.66,31.31,0.01,0.46
2006-12-04,28.4,10.08,32.89,0.0,0.46
2006-12-05,27.99,11.46,32.76,0.0,0.46
2006-12-06,27.33,11.98,40.86,0.0,0.46
2006-12-07,28.05,12.64,32.63,0.0,0.46
2006-12-08,28.35,12.05,31.35,0.0,0.46
2006-12-09,28.95,14.2,38.52,0.0,0.46
2006-12-10,27.87,13.1,48.98,0.0,0.46
2006-12-11,28.53,12.8,46.89,0.0,0.46
2006-12-12,27.43,12.66,41.41,0.0,0.46
2006-12-13,27.91,11.18,36.28,0.0,0.46
2006-12-14,27.18,11.3,38.08,0.0,0.46
2006-12-15,27.55,9.67,39.45,0.0,0.46
2006-12-16,26.23,10.64,59.46,0.0,0.46
2006-12-17,25.6,11.63,57.54,0.0,0.46
2006-12-18,24.54,11.87,59.56,0.0,0.46
2006-12-19,23.39,12.08,57.66,0.0,0.46
2006-12-20,23.04,8.64,50.01,0.0,0.46
2006-12-21,23.72,7.15,43.54,0.0,0.46
2006-12-22,24.21,6.95,42.99,0.0,0.46
2006-12-23,24.59,8.05,44.27,0.0,0.46
2006-12-24,25.7,8.44,35.95,0.0,0.46
2006-12-25,24.68,7.36,45.97,0.0,0.46
2006-12-26,24.76,8.99,43.24,0.0,0.46
2006-12-27,25.07,10.25,39.52,0.0,0.46
2006-12-28,24.85,8.67,41.62,0.0,0.46
2006-12-29,24.09,9.02,46.43,0.0,0.46
2006-12-30,23.12,8.19,59.63,0.0,0.46
2006-12-31,23.74,11.18,57.86,0.0,0.46
2007-01-01,25.37,10.87,53.77,0.0,0.46
2007-01-02,24.05,9.13,60.82,0.0,0.46
2007-01-03,25.43,8.7,57.69,0.0,0.46
2007-01-04,26.66,9.6,47.31,0.0,0.46
2007-01-05,27.22,8.85,42.53,0.0,0.46
2007-01-06,28.11,9.7,44.33,0.0,0.46
2007-01-07,27.45,10.56,54.35,0.0,0.46
2007-01-08,26.53,9.84,49.59,0.0,0.46
2007-01-09,26.55,9.85,58.53,0.0,0.46
2007-01-10,26.44,9.8,54.13,0.0,0.46
2007-01-11,27.13,9.91,39.78,0.0,0.46
2007-01-12,26.84,9.99,29.94,0.0,0.46
2007-01-13,27.75,10.18,30.65,0.0,0.46
2007-01-14,25.74,8.69,29.02,0.0,0.46
2007-01-15,24.12,7.22,36.83,0.0,0.46
2007-01-16,26.27,8.38,36.81,0.0,0.46
2007-01-17,26.41,9.15,36.58,0.0,0.46
2007-01-18,26.12,10.43,38.39,0.0,0.46
2007-01-19,25.02,9.23,39.5,0.0,0.46
2007-01-20,26.6,9.72,28.1,0.0,0.46
2007-01-21,27.4,8.83,27.76,0.0,0.46
2007-01-22,27.49,11.2,24.44,0.0,0.46
2007-01-23,27.14,9.41,26.06,0.0,0.46
2007-01-24,27.8,7.89,26.37,0.0,0.46
2007-01-25,26.83,10.24,27.16,0.0,0.46
2007-01-26,26.22,10.06,37.21,0.0,0.46
2007-01-27,28.31,10.76,30.92,0.0,0.46
2007-01-28,27.13,10.06,58.03,0.0,0.46
2007-01-29,24.81,9.74,63.36,0.0,0.46
2007-01-30,25.78,11.39,51.97,0.0,0.46
2007-01-31,26.11,13.35,51.79,0.0,0.46
2007-02-01,22.87,13.07,58.18,0.0,0.46
2007-02-02,20.76,10.89,68.5,0.0,0.46
2007-02-03,20.59,10.96,60.48,0.0,0.46
2007-02-04,23.39,9.35,55.16,0.0,0.46
2007-02-05,23.17,9.5,53.46,0.0,0.46
2007-02-06,24.23,9.8,45.21,0.0,0.46
2007-02-07,25.37,11.14,39.34,0.0,0.46
2007-02-08,25.81,10.95,41.11,0.0,0.46
2007-02-09,26.14,11.78,45.86,0.0,0.46
2007-02-10,28.75,9.99,44.27,0.0,0.46
2007-02-11,28.38,12.52,38.03,0.0,0.46
2007-02-12,26.29,10.33,39.42,0.0,0.46
2007-02-13,25.73,10.06,45.94,0.0,0.46
2007-02-14,27.63,11.5,52.2,0.0,0.46
2007-02-15,21.63,12.72,72.63,0.0,0.46
2007-02-16,23.16,9.14,54.63,0.0,0.46
2007-02-17,25.56,9.85,33.69,0.0,0.46
2007-02-18,25.97,8.01,37.33,0.0,0.46
2007-02-19,26.82,7.7,35.17,0.0,0.46
2007-02-20,26.9,8.82,25.07,0.0,0.46
2007-02-21,28.41,8.49,19.61,0.0,0.46
2007-02-22,28.72,9.06,19.45,0.0,0.46
2007-02-23,29.74,12.47,19.78,0.0,0.46
2007-02-24,29.32,13.09,30.36,0.0,0.46
2007-02-25,30.05,13.89,36.89,0.0,0.46
2007-02-26,29.61,12.82,31.92,0.0,0.46
2007-02-27,27.69,12.87,30.18,0.0,0.46
2007-02-28,28.98,10.31,30.22,0.0,0.46
2007-03-01,30.1,13.17,27.0,0.0,0.46
2007-03-02,29.8,12.23,27.9,0.0,0.46
2007-03-03,27.79,11.64,39.56,0.0,0.46
2007-03-04,30.98,11.62,35.51,0.0,0.46
2007-03-05,30.95,13.68,26.55,0.0,0.46
2007-03-06,30.48,13.31,22.9,0.0,0.46
2007-03-07,29.79,11.92,21.31,0.0,0.46
2007-03-08,29.4,11.52,24.74,0.0,0.46
2007-03-09,28.88,11.44,23.2,0.0,0.46
2007-03-10,30.17,11.88,25.31,0.0,0.46
2007-03-11,30.58,13.7,21.87,0.0,0.46
2007-03-12,31.77,15.06,21.2,0.0,0.46
2007-03-13,32.4,15.19,24.07,0.0,0.46
2007-03-14,32.45,14.22,26.47,0.0,0.46
2007-03-15,31.82,13.73,28.36,0.0,0.46
2007-03-16,31.35,14.29,33.96,0.0,0.46
2007-03-17,31.44,15.04,27.06,0.0,0.46
2007-03-18,32.21,11.26,17.4,0.0,0.46
2007-03-19,33.08,13.51,16.05,0.0,0.46
2007-03-20,31.88,14.67,26.45,0.01,0.46
2007-03-21,30.57,15.07,32.83,0.02,0.46
2007-03-22,30.08,13.33,28.1,0.0,0.46
2007-03-23,30.98,13.3,37.6,0.0,0.46
2007-03-24,30.69,14.58,43.11,0.0,0.46
2007-03-25,32.87,16.34,39.13,0.0,0.46
2007-03-26,31.91,15.38,47.78,0.0,0.46
2007-03-27,32.58,15.51,36.19,0.0,0.46
2007-03-28,33.31,17.81,26.41,0.0,0.46
2007-03-29,33.32,17.61,29.31,0.0,0.46
2007-03-30,32.69,16.38,38.97,0.0,0.46
2007-03-31,33.73,16.79,31.48,0.0,0.46
2007-04-01,32.75,14.74,28.63,0.0,0.46
2007-04-02,33.72,13.96,30.94,0.0,0.45
2007-04-03,33.36,15.41,31.46,0.0,0.45
2007-04-04,33.14,15.73,31.29,0.0,0.45
2007-04-05,32.57,15.51,34.84,0.0,0.45
2007-04-06,32.88,15.77,34.77,0.0,0.45
2007-04-07,32.09,16.42,37.94,0.7,0.46
2007-04-08,32.6,15.85,37.37,0.0,0.46
2007-04-09,32.4,15.45,38.84,0.0,0.46
2007-04-10,31.81,16.87,36.07,0.0,0.46
2007-04-11,31.3,16.42,40.98,0.0,0.46
2007-04-12,25.47,16.3,58.92,0.0,0.46
2007-04-13,25.98,16.91,56.45,0.23,0.46
2007-04-14,28.02,17.76,50.22,0.0,0.46
2007-04-15,29.79,17.34,51.4,0.0,0.46
2007-04-16,28.26,18.99,57.79,0.0,0.46
2007-04-17,26.14,18.42,57.75,0.0,0.46
2007-04-18,31.01,17.91,41.87,0.02,0.46
2007-04-19,31.84,20.4,44.92,0.0,0.46
2007-04-20,33.78,18.95,44.83,0.0,0.46
2007-04-21,33.22,18.51,50.06,0.0,0.46
2007-04-22,31.51,18.68,54.32,0.0,0.46
2007-04-23,28.01,18.87,59.0,0.0,0.46
2007-04-24,34.94,19.31,41.65,0.0,0.46
2007-04-25,35.45,19.44,41.48,0.01,0.46
2007-04-26,32.82,19.57,39.35,0.35,0.46
2007-04-27,32.87,19.21,40.22,0.37,0.46
2007-04-28,30.4,19.13,50.57,0.0,0.46
2007-04-29,33.81,17.63,40.07,0.0,0.46
2007-04-30,35.43,18.29,34.59,0.0,0.46
2007-05-01,35.03,20.99,41.12,0.0,0.46
2007-05-02,29.3,21.26,48.5,0.01,0.46
2007-05-03,30.67,19.18,52.75,0.25,0.46
2007-05-04,28.62,19.2,60.99,0.33,0.46
2007-05-05,30.08,17.93,59.81,0.13,0.46
2007-05-06,34.31,18.78,50.13,0.06,0.46
2007-05-07,31.59,20.56,57.66,0.29,0.46
2007-05-08,31.53,19.25,60.97,0.21,0.46
2007-05-09,30.93,20.19,60.0,0.72,0.46
2007-05-10,27.13,20.39,70.04,3.84,0.46
2007-05-11,29.34,19.2,69.96,0.03,0.46
2007-05-12,26.84,20.05,77.13,0.57,0.46
2007-05-13,25.79,19.34,76.6,0.11,0.46
2007-05-14,28.55,19.61,75.03,0.44,0.46
2007-05-15,30.82,19.62,65.15,0.01,0.46
2007-05-16,30.18,19.78,66.88,0.38,0.46
2007-05-17,27.95,20.2,69.31,0.03,0.46
2007-05-18,25.27,20.28,76.32,0.21,0.46
2007-05-19,27.6,19.57,74.46,0.06,0.46
2007-05-20,25.82,20.01,74.51,0.24,0.46
2007-05-21,26.56,19.85,73.59,0.0,0.46
2007-05-22,28.96,19.19,68.61,0.0,0.46
2007-05-23,30.66,18.99,65.82,0.0,0.46
2007-05-24,30.92,18.3,60.57,0.01,0.46
2007-05-25,31.69,19.52,60.16,0.05,0.46
2007-05-26,32.25,20.13,55.42,0.0,0.46
2007-05-27,32.85,18.85,48.86,0.0,0.46
2007-05-28,35.25,19.66,45.65,0.0,0.46
2007-05-29,33.4,21.44,54.44,0.01,0.46
2007-05-30,31.98,20.86,59.68,0.3,0.46
2007-05-31,30.99,21.19,68.3,0.44,0.46
2007-06-01,32.45,20.08,58.35,0.0,0.46
2007-06-02,32.75,20.71,56.19,0.3,0.46
2007-06-03,31.8,20.77,63.46,0.11,0.46
2007-06-04,27.38,21.13,67.65,0.01,0.46
2007-06-05,30.0,20.32,65.77,0.15,0.46
2007-06-06,28.89,20.77,67.78,0.01,0.46
2007-06-07,30.24,20.63,65.14,0.01,0.46
2007-06-08,29.9,20.42,64.96,0.11,0.46
2007-06-09,28.24,21.25,68.7,0.81,0.46
2007-06-10,31.21,19.98,64.81,0.35,0.46
2007-06-11,29.74,20.29,67.74,0.82,0.46
2007-06-12,28.3,20.01,73.19,0.52,0.46
2007-06-13,25.39,19.75,78.0,0.0,0.46
2007-06-14,32.7,18.7,66.66,0.01,0.46
2007-06-15,32.19,19.26,59.27,0.0,0.46
2007-06-16,31.74,20.39,62.33,0.06,0.46
2007-06-17,33.2,20.38,61.59,0.92,0.46
2007-06-18,32.2,20.68,60.33,0.24,0.46
2007-06-19,30.22,21.78,69.78,1.57,0.46
2007-06-20,33.74,21.25,62.86,0.04,0.46
2007-06-21,33.41,19.87,61.61,0.37,0.46
2007-06-22,35.23,20.88,55.77,0.0,0.46
2007-06-23,35.12,21.43,54.07,0.03,0.46
2007-06-24,34.21,21.45,56.72,0.43,0.46
2007-06-25,28.68,22.31,67.23,0.03,0.46
2007-06-26,31.61,21.48,65.56,0.22,0.46
2007-06-27,32.82,21.7,63.66,1.25,0.46
2007-06-28,29.1,20.2,64.02,0.06,0.46
2007-06-29,29.64,20.08,66.68,0.04,0.46
2007-06-30,29.18,20.03,70.96,0.17,0.46
2007-07-01,28.52,20.18,71.98,0.1,0.46
2007-07-02,28.61,20.4,72.81,0.19,0.46
2007-07-03,28.0,20.37,70.8,0.16,0.46
2007-07-04,30.41,20.4,67.07,0.18,0.46
2007-07-05,27.99,20.31,72.01,0.08,0.46
2007-07-06,29.76,20.14,71.52,0.13,0.46
2007-07-07,30.56,20.58,66.14,0.11,0.46
2007-07-08,28.86,18.77,67.85,0.23,0.46
2007-07-09,32.43,19.0,63.16,0.0,0.46
2007-07-10,32.52,20.56,63.33,0.01,0.46
2007-07-11,30.66,21.12,66.52,0.01,0.46
2007-07-12,31.0,21.29,65.92,0.05,0.46
2007-07-13,29.67,21.58,69.29,0.01,0.46
2007-07-14,30.94,20.75,68.43,0.01,0.46
2007-07-15,31.08,21.96,66.44,0.0,0.46
2007-07-16,29.83,21.05,65.65,0.07,0.46
2007-07-17,31.02,19.88,66.26,0.06,0.46
2007-07-18,29.5,20.49,70.43,0.01,0.46
2007-07-19,27.33,20.5,70.49,0.2,0.46
2007-07-20,24.3,18.95,75.49,0.3,0.46
2007-07-21,25.44,19.42,78.57,0.31,0.46
2007-07-22,30.19,18.28,69.97,0.11,0.46
2007-07-23,29.87,18.94,69.47,1.58,0.46
2007-07-24,28.18,19.34,68.87,0.16,0.46
2007-07-25,27.29,19.48,70.03,0.26,0.46
2007-07-26,26.76,18.53,70.05,0.0,0.46
2007-07-27,29.1,18.52,62.69,0.0,0.46
2007-07-28,30.96,19.1,59.99,0.02,0.46
2007-07-29,31.08,20.16,61.6,0.14,0.46
2007-07-30,31.05,20.53,56.64,0.1,0.46
2007-07-31,31.92,20.17,61.16,0.07,0.46
2007-08-01,25.95,20.23,75.27,0.68,0.46
2007-08-02,29.67,19.43,75.96,0.29,0.46
2007-08-03,28.92,19.76,66.81,0.01,0.46
2007-08-04,31.43,20.89,63.52,0.0,0.46
2007-08-05,32.99,20.6,62.92,0.0,0.46
2007-08-06,30.66,21.62,66.97,0.01,0.46
2007-08-07,32.86,20.93,63.93,0.04,0.46
2007-08-08,33.3,20.42,60.66,0.2,0.46
2007-08-09,34.91,21.38,55.38,0.32,0.46
2007-08-10,33.98,22.4,56.01,0.79,0.46
2007-08-11,28.43,21.0,70.16,2.46,0.46
2007-08-12,30.32,20.03,72.65,1.85,0.47
2007-08-13,29.04,19.41,67.09,0.45,0.46
2007-08-14,30.16,20.44,68.86,0.76,0.46
2007-08-15,28.51,20.24,79.71,6.42,0.47
2007-08-16,27.22,20.25,85.32,15.73,0.49
2007-08-17,29.58,19.68,74.76,0.02,0.5
2007-08-18,30.38,19.86,71.1,0.0,0.49
2007-08-19,28.77,19.92,72.0,0.0,0.49
2007-08-20,28.11,18.39,70.85,0.05,0.48
2007-08-21,29.36,20.63,73.0,0.07,0.48
2007-08-22,26.1,20.53,78.47,0.68,0.48
2007-08-23,28.45,19.96,76.84,0.08,0.48
2007-08-24,28.19,18.86,75.32,0.41,0.48
2007-08-25,26.08,20.18,78.48,0.1,0.48
2007-08-26,28.52,19.29,71.59,0.04,0.47
2007-08-27,29.54,19.92,70.31,0.03,0.47
2007-08-28,28.66,20.4,70.82,0.18,0.47
2007-08-29,29.31,20.19,72.6,0.76,0.47
2007-08-30,32.22,19.52,68.86,0.38,0.47
2007-08-31,27.95,19.85,69.46,0.04,0.47
2007-09-01,30.51,19.73,66.8,0.06,0.47
2007-09-02,31.27,19.64,69.04,0.27,0.47
2007-09-03,30.21,20.43,70.65,0.26,0.47
2007-09-04,28.62,20.37,74.71,0.47,0.47
2007-09-05,30.44,19.96,70.6,0.2,0.47
2007-09-06,27.92,19.24,70.74,1.11,0.47
2007-09-07,30.21,18.77,67.7,0.0,0.47
2007-09-08,30.11,19.11,64.65,0.0,0.47
2007-09-09,29.29,18.7,64.98,0.0,0.47
2007-09-10,31.04,19.52,66.19,0.02,0.46
2007-09-11,27.69,20.93,74.6,0.3,0.46
2007-09-12,29.44,20.74,75.73,1.48,0.47
2007-09-13,30.04,19.67,71.85,0.37,0.47
2007-09-14,31.12,20.15,72.48,2.14,0.47
2007-09-15,33.03,19.73,67.84,0.79,0.47
2007-09-16,30.64,20.45,75.35,0.04,0.47
2007-09-17,32.16,19.87,61.84,0.06,0.47
2007-09-18,28.79,19.63,64.5,0.03,0.47
2007-09-19,31.92,18.52,61.22,0.57,0.47
2007-09-20,28.92,18.97,56.36,0.53,0.47
2007-09-21,28.97,17.67,49.36,0.0,0.46
2007-09-22,27.96,18.0,53.1,0.0,0.46
2007-09-23,28.87,18.53,54.41,0.0,0.46
2007-09-24,28.58,19.2,55.03,0.0,0.46
2007-09-25,34.25,18.74,47.8,0.28,0.46
2007-09-26,32.39,19.46,58.3,1.33,0.46
2007-09-27,27.95,20.58,74.89,1.88,0.46
2007-09-28,23.9,19.77,88.09,3.75,0.47
2007-09-29,29.65,18.6,74.8,0.18,0.47
2007-09-30,30.23,19.96,70.63,0.24,0.47
2007-10-01,32.55,19.74,59.84,0.02,0.47
2007-10-02,31.32,19.91,59.0,0.22,0.47
2007-10-03,32.77,20.18,56.41,1.61,0.47
2007-10-04,32.74,20.52,66.65,15.98,0.48
2007-10-05,27.32,19.33,81.85,8.13,0.5
2007-10-06,25.74,18.42,87.71,5.19,0.51
2007-10-07,24.92,17.66,84.76,3.5,0.51
2007-10-08,29.48,17.39,71.42,0.26,0.51
2007-10-09,28.81,17.57,71.08,0.02,0.5
2007-10-10,29.57,18.74,72.7,0.49,0.49
2007-10-11,24.74,19.51,83.41,0.65,0.49
2007-10-12,28.94,18.13,70.77,0.03,0.49
2007-10-13,29.34,17.61,71.28,0.41,0.48
2007-10-14,27.75,17.88,74.16,0.76,0.48
2007-10-15,25.65,17.9,81.69,2.15,0.48
2007-10-16,28.44,17.31,74.8,0.0,0.48
2007-10-17,26.09,19.03,77.09,0.0,0.48
2007-10-18,24.74,18.44,79.27,0.0,0.48
2007-10-19,28.71,17.97,71.41,0.13,0.48
2007-10-20,28.16,17.79,71.57,0.0,0.48
2007-10-21,28.53,19.28,69.35,0.01,0.47
2007-10-22,29.15,18.27,67.65,0.0,0.47
2007-10-23,28.58,18.45,68.7,0.0,0.47
2007-10-24,29.99,18.84,62.86,0.0,0.47
2007-10-25,31.09,16.37,55.85,0.0,0.47
2007-10-26,31.37,16.79,51.56,0.0,0.47
2007-10-27,31.35,16.91,51.63,0.0,0.47
2007-10-28,32.48,17.07,47.85,0.0,0.47
2007-10-29,32.6,16.1,47.91,0.0,0.46
2007-10-30,31.77,18.7,54.56,0.16,0.46
2007-10-31,31.36,18.49,54.22,0.13,0.46
2007-11-01,27.68,16.51,63.13,0.07,0.46
2007-11-02,23.3,16.81,73.17,0.27,0.46
2007-11-03,25.05,16.29,78.88,0.84,0.46
2007-11-04,26.96,16.04,72.69,0.44,0.47
2007-11-05,26.81,14.69,66.03,0.0,0.47
2007-11-06,27.43,15.23,61.06,0.0,0.46
2007-11-07,28.85,15.68,57.71,0.0,0.46
2007-11-08,28.58,16.35,53.76,0.0,0.46
2007-11-09,28.58,13.64,45.08,0.0,0.46
2007-11-10,28.85,13.08,41.49,0.0,0.46
2007-11-11,29.56,14.39,47.27,0.0,0.46
2007-11-12,29.41,15.17,53.15,0.0,0.46
2007-11-13,28.02,16.66,61.27,0.02,0.46
2007-11-14,27.12,16.95,67.25,0.0,0.46
2007-11-15,28.9,17.35,67.37,0.0,0.46
2007-11-16,27.48,19.04,69.96,0.0,0.46
2007-11-17,30.1,17.2,61.38,0.0,0.46
2007-11-18,31.92,17.36,47.48,0.0,0.46
2007-11-19,29.91,15.14,53.56,0.26,0.46
2007-11-20,28.16,17.03,72.5,2.45,0.46
2007-11-21,27.19,18.82,73.14,0.03,0.47
2007-11-22,24.56,17.69,69.43,0.0,0.47
2007-11-23,23.39,15.57,62.19,0.0,0.47
2007-11-24,25.87,13.24,50.21,0.0,0.47
2007-11-25,27.27,11.87,47.06,0.0,0.46
2007-11-26,27.09,11.48,43.98,0.0,0.46
2007-11-27,25.91,10.82,50.7,0.0,0.46
2007-11-28,26.01,11.44,46.66,0.0,0.46
2007-11-29,24.73,10.71,49.98,0.0,0.46
2007-11-30,24.33,10.22,49.02,0.0,0.46
2007-12-01,23.73,10.4,53.79,0.0,0.46
2007-12-02,25.78,11.75,49.63,0.0,0.46
2007-12-03,25.08,11.09,53.09,0.0,0.46
2007-12-04,24.38,11.61,53.37,0.0,0.46
2007-12-05,25.49,10.52,54.15,0.0,0.46
2007-12-06,26.26,11.56,52.15,0.0,0.46
2007-12-07,25.97,11.02,53.89,0.0,0.46
2007-12-08,26.09,10.94,51.12,0.0,0.46
2007-12-09,26.13,11.19,46.79,0.0,0.46
2007-12-10,26.34,12.42,46.81,0.0,0.46
2007-12-11,26.38,13.1,49.81,0.0,0.46
2007-12-12,27.56,12.79,40.99,0.0,0.46
2007-12-13,28.58,10.99,33.82,0.0,0.46
2007-12-14,29.39,11.72,30.74,0.0,0.46
2007-12-15,29.13,13.31,29.57,0.0,0.46
2007-12-16,28.52,13.84,29.75,0.0,0.46
2007-12-17,29.32,16.28,29.55,0.0,0.46
2007-12-18,27.4,14.72,46.72,0.0,0.46
2007-12-19,29.33,15.71,50.69,0.0,0.46
2007-12-20,29.48,15.31,49.69,0.0,0.46
2007-12-21,27.71,13.04,37.12,0.0,0.46
2007-12-22,26.49,10.8,26.66,0.0,0.46
2007-12-23,26.53,9.38,27.28,0.0,0.46
2007-12-24,25.37,8.62,28.28,0.0,0.46
2007-12-25,25.69,9.52,38.08,0.0,0.46
2007-12-26,25.96,10.8,43.62,0.0,0.46
2007-12-27,24.95,9.68,46.42,0.0,0.46
2007-12-28,26.44,10.6,48.82,0.0,0.46
2007-12-29,27.75,13.02,43.25,0.0,0.46
2007-12-30,27.02,12.18,42.79,0.0,0.46
2007-12-31,28.24,12.96,37.51,0.0,0.46
2008-01-01,27.51,11.58,42.06,0.0,0.46
2008-01-02,25.9,10.56,57.96,0.0,0.46
2008-01-03,26.53,11.03,49.64,0.0,0.46
2008-01-04,26.22,12.48,49.56,0.0,0.46
2008-01-05,27.1,11.35,44.87,0.0,0.46
2008-01-06,27.73,11.23,38.47,0.0,0.46
2008-01-07,28.17,11.64,32.93,0.0,0.46
2008-01-08,28.79,11.26,27.96,0.0,0.46
2008-01-09,29.12,11.94,26.26,0.0,0.46
2008-01-10,27.55,11.81,28.89,0.0,0.46
2008-01-11,27.45,11.36,26.72,0.0,0.46
2008-01-12,27.16,10.76,35.51,0.0,0.46
2008-01-13,27.27,8.57,40.61,0.0,0.46
2008-01-14,27.45,10.5,39.33,0.0,0.46
2008-01-15,26.63,9.68,34.47,0.0,0.46
2008-01-16,27.34,8.98,26.0,0.0,0.46
2008-01-17,27.25,9.81,26.88,0.0,0.46
2008-01-18,26.98,9.97,33.71,0.0,0.46
2008-01-19,25.56,9.33,38.09,0.0,0.46
2008-01-20,25.59,8.98,41.63,0.0,0.46
2008-01-21,25.9,9.32,36.06,0.0,0.46
2008-01-22,27.51,10.33,26.91,0.0,0.46
2008-01-23,28.35,10.19,29.87,0.0,0.46
2008-01-24,27.42,10.84,44.7,0.0,0.46
2008-01-25,26.85,11.29,51.74,0.0,0.46
2008-01-26,26.9,11.55,57.71,0.1,0.46
2008-01-27,24.58,13.64,69.14,1.17,0.46
2008-01-28,22.99,11.1,67.1,0.43,0.46
2008-01-29,23.27,8.27,50.04,0.0,0.46
2008-01-30,24.41,7.19,40.01,0.12,0.46
2008-01-31,24.81,8.45,44.31,4.83,0.47
2008-02-01,23.51,9.78,55.48,1.41,0.47
2008-02-02,23.7,8.79,54.57,0.0,0.47
2008-02-03,24.57,8.27,41.32,0.0,0.47
2008-02-04,25.62,8.08,29.98,0.0,0.47
2008-02-05,26.45,9.4,29.32,0.0,0.47
2008-02-06,27.26,8.48,35.43,0.0,0.46
2008-02-07,28.4,10.93,39.48,0.0,0.46
2008-02-08,28.8,11.68,40.69,0.0,0.46
2008-02-09,28.51,12.38,40.63,0.0,0.46
2008-02-10,25.35,14.06,55.32,0.0,0.46
2008-02-11,25.65,13.34,71.91,0.0,0.46
2008-02-12,27.61,13.72,60.66,0.0,0.46
2008-02-13,28.4,12.51,38.89,0.0,0.46
2008-02-14,27.88,11.29,30.99,0.01,0.46
2008-02-15,27.14,9.94,23.62,0.0,0.46
2008-02-16,26.86,8.47,19.72,0.0,0.46
2008-02-17,26.88,7.22,20.03,0.0,0.46
2008-02-18,27.54,7.49,20.97,0.0,0.46
2008-02-19,25.92,8.16,31.59,0.0,0.46
2008-02-20,25.5,9.6,43.65,0.0,0.46
2008-02-21,25.59,10.07,43.09,0.03,0.46
2008-02-22,27.07,9.08,39.52,0.0,0.46
2008-02-23,28.62,10.31,35.21,0.0,0.46
2008-02-24,28.57,11.85,27.25,0.0,0.46
2008-02-25,28.28,12.82,23.61,0.0,0.46
2008-02-26,29.66,11.01,25.24,0.0,0.46
2008-02-27,29.45,12.24,31.94,0.0,0.46
2008-02-28,27.61,14.92,40.99,0.0,0.46
2008-02-29,29.72,11.84,26.3,0.0,0.46
2008-03-01,29.21,10.73,24.09,0.0,0.46
2008-03-02,29.48,12.38,29.93,0.0,0.46
2008-03-03,29.03,14.25,33.0,0.0,0.46
2008-03-04,28.6,12.63,38.04,0.0,0.46
2008-03-05,28.54,14.34,32.98,0.0,0.46
2008-03-06,28.41,12.59,30.9,0.0,0.46
2008-03-07,29.79,13.32,28.54,0.0,0.46
2008-03-08,30.43,15.3,24.7,0.0,0.46
2008-03-09,29.17,13.52,24.16,0.0,0.46
2008-03-10,29.35,14.22,29.64,0.0,0.46
2008-03-11,28.7,14.46,33.77,0.0,0.46
2008-03-12,29.55,14.6,34.02,0.0,0.46
2008-03-13,32.36,16.3,27.48,0.0,0.46
2008-03-14,31.9,15.65,29.55,0.0,0.46
2008-03-15,31.4,14.98,32.61,0.0,0.46
2008-03-16,31.27,15.91,34.14,0.0,0.46
2008-03-17,30.44,17.09,39.81,0.0,0.46
2008-03-18,31.05,15.83,40.72,0.0,0.46
2008-03-19,32.15,14.84,33.13,0.0,0.46
2008-03-20,32.21,16.38,26.42,0.0,0.46
2008-03-21,31.87,14.97,37.05,0.0,0.46
2008-03-22,31.3,15.94,46.76,0.0,0.46
2008-03-23,32.36,16.68,34.59,0.0,0.46
2008-03-24,30.92,17.37,44.5,0.04,0.46
2008-03-25,31.54,16.75,46.19,0.0,0.46
2008-03-26,31.75,18.18,45.48,0.0,0.46
2008-03-27,31.95,17.73,45.94,0.0,0.46
2008-03-28,30.94,16.69,52.17,0.0,0.46
2008-03-29,31.08,17.24,50.02,0.0,0.46
2008-03-30,30.48,18.36,44.88,0.04,0.46
2008-03-31,29.3,18.73,55.54,0.09,0.46
2008-04-01,26.14,18.22,64.14,0.02,0.46
2008-04-02,28.68,17.54,61.62,0.0,0.46
2008-04-03,30.82,17.03,47.66,0.0,0.46
2008-04-04,31.34,16.73,43.21,0.0,0.46
2008-04-05,32.94,17.69,38.99,0.04,0.46
2008-04-06,34.32,18.88,37.12,0.81,0.46
2008-04-07,30.88,20.58,52.81,0.0,0.46
2008-04-08,32.19,18.86,43.55,0.0,0.46
2008-04-09,34.29,16.38,28.94,0.0,0.46
2008-04-10,34.55,16.59,29.91,0.0,0.46
2008-04-11,34.18,19.41,34.75,0.0,0.46
2008-04-12,32.94,18.77,41.3,0.0,0.46
2008-04-13,34.18,18.66,41.81,0.01,0.46
2008-04-14,34.9,18.32,34.37,0.0,0.46
2008-04-15,33.11,18.17,41.98,0.02,0.46
2008-04-16,34.71,17.94,37.68,0.0,0.46
2008-04-17,36.03,18.97,33.33,0.0,0.46
2008-04-18,35.37,19.32,36.96,0.0,0.46
2008-04-19,35.1,19.11,39.91,0.0,0.46
2008-04-20,34.86,19.68,43.44,0.0,0.46
2008-04-21,35.71,17.91,36.17,0.0,0.46
2008-04-22,35.88,21.56,30.4,0.19,0.46
2008-04-23,33.07,20.53,43.6,0.15,0.46
2008-04-24,34.84,20.3,43.52,0.61,0.46
2008-04-25,34.08,19.56,48.17,2.68,0.46
2008-04-26,32.48,19.95,55.51,0.01,0.46
2008-04-27,33.71,19.23,47.41,0.02,0.46
2008-04-28,31.19,20.46,55.76,0.58,0.46
2008-04-29,30.17,20.92,67.03,0.4,0.46
2008-04-30,28.42,19.65,62.32,0.99,0.46
2008-05-01,27.86,20.18,67.97,0.0,0.46
2008-05-02,26.81,20.24,70.29,0.9,0.46
2008-05-03,28.06,18.66,71.78,10.64,0.47
2008-05-04,25.52,17.98,70.74,0.39,0.48
2008-05-05,28.45,18.59,66.54,1.31,0.48
2008-05-06,28.38,18.58,68.04,0.01,0.48
2008-05-07,28.78,18.92,64.79,0.16,0.47
2008-05-08,30.59,18.92,60.1,0.05,0.47
2008-05-09,30.3,19.41,66.53,0.13,0.47
2008-05-10,29.85,19.47,68.0,6.04,0.47
2008-05-11,29.2,18.96,71.03,4.72,0.48
2008-05-12,29.21,18.25,69.44,1.03,0.48
2008-05-13,28.14,18.87,70.48,0.08,0.48
2008-05-14,29.84,18.61,67.69,0.1,0.48
2008-05-15,29.18,18.51,68.63,0.52,0.47
2008-05-16,25.44,19.2,75.45,0.15,0.47
2008-05-17,26.7,19.97,76.33,0.14,0.47
2008-05-18,27.01,19.3,70.0,0.13,0.47
2008-05-19,26.8,18.52,77.0,20.54,0.49
2008-05-20,28.45,18.42,73.49,3.1,0.51
2008-05-21,29.01,17.18,65.59,0.0,0.5
2008-05-22,31.23,18.21,57.68,0.04,0.5
2008-05-23,30.91,18.0,66.31,2.67,0.49
2008-05-24,29.84,18.92,70.44,2.81,0.49
2008-05-25,30.06,18.28,67.99,0.47,0.49
2008-05-26,30.96,18.74,65.81,0.21,0.48
2008-05-27,30.21,19.48,70.66,2.24,0.48
2008-05-28,28.71,18.56,75.1,2.83,0.48
2008-05-29,28.38,17.43,76.77,3.75,0.49
2008-05-30,28.19,19.17,77.85,2.13,0.49
2008-05-31,25.48,19.88,86.37,13.43,0.5
2008-06-01,28.76,19.06,74.24,1.24,0.51
2008-06-02,30.51,18.5,71.84,0.85,0.5
2008-06-03,23.92,19.73,83.43,1.09,0.5
2008-06-04,25.24,19.17,84.42,9.96,0.51
2008-06-05,25.58,18.77,84.39,2.77,0.51
2008-06-06,27.24,18.62,81.94,3.5,0.51
2008-06-07,24.67,18.23,83.58,11.95,0.52
2008-06-08,26.5,18.38,79.57,1.08,0.52
2008-06-09,28.4,18.41,73.56,0.16,0.52
2008-06-10,28.68,19.84,75.23,1.1,0.51
2008-06-11,29.95,19.37,71.13,0.59,0.5
2008-06-12,27.06,20.05,78.58,1.78,0.5
2008-06-13,31.01,19.75,71.17,0.41,0.5
2008-06-14,27.94,20.37,74.54,2.57,0.5
2008-06-15,28.65,20.14,77.39,0.71,0.49
2008-06-16,25.61,19.82,83.41,3.23,0.49
2008-06-17,28.28,19.26,75.15,0.9,0.5
2008-06-18,27.8,18.25,73.35,1.73,0.49
2008-06-19,28.14,18.85,74.56,0.06,0.49
2008-06-20,29.98,18.44,69.36,0.32,0.49
2008-06-21,30.09,19.45,69.52,0.06,0.49
2008-06-22,29.65,19.79,70.1,0.39,0.48
2008-06-23,30.53,19.21,67.9,0.23,0.48
2008-06-24,31.4,19.73,66.57,0.13,0.48
2008-06-25,29.95,19.66,67.96,0.56,0.48
2008-06-26,31.27,19.38,69.7,0.62,0.47
2008-06-27,28.13,18.93,72.02,0.53,0.47
2008-06-28,28.54,19.01,77.11,4.37,0.47
2008-06-29,24.72,17.49,79.54,1.32,0.48
2008-06-30,28.04,18.92,82.44,14.28,0.49
2008-07-01,27.29,18.74,82.13,7.37,0.51
2008-07-02,27.73,17.63,78.34,1.9,0.51
2008-07-03,26.8,18.95,81.25,3.3,0.51
2008-07-04,27.22,19.17,80.98,1.77,0.51
2008-07-05,29.12,19.11,79.17,4.01,0.51
2008-07-06,27.7,19.53,78.67,1.24,0.51
2008-07-07,24.9,19.22,83.97,2.2,0.5
2008-07-08,28.12,19.12,79.64,1.41,0.5
2008-07-09,26.43,18.4,78.0,2.42,0.5
2008-07-10,28.74,18.92,76.67,0.47,0.5
2008-07-11,27.52,18.82,76.88,0.45,0.5
2008-07-12,26.12,19.4,79.07,1.06,0.5
2008-07-13,25.37,18.8,81.97,2.3,0.5
2008-07-14,27.11,18.18,80.28,2.73,0.5
2008-07-15,28.39,18.11,75.7,0.88,0.5
2008-07-16,26.23,18.51,79.33,0.73,0.49
2008-07-17,26.2,18.96,83.75,2.78,0.49
2008-07-18,23.99,19.58,88.03,10.91,0.51
2008-07-19,27.34,19.49,80.1,2.57,0.51
2008-07-20,27.76,18.76,78.89,3.13,0.51
2008-07-21,26.23,18.52,81.37,6.36,0.51
2008-07-22,26.87,19.04,80.99,2.65,0.52
2008-07-23,26.67,19.19,82.64,5.58,0.52
2008-07-24,25.48,19.42,85.84,5.86,0.52
2008-07-25,27.38,19.03,81.57,7.54,0.53
2008-07-26,27.02,19.95,86.97,10.08,0.54
2008-07-27,26.2,19.29,82.33,1.35,0.54
2008-07-28,24.88,18.96,86.48,7.87,0.54
2008-07-29,27.83,18.31,81.57,1.67,0.54
2008-07-30,27.19,19.62,79.29,0.78,0.53
2008-07-31,27.89,18.55,79.92,0.92,0.53
2008-08-01,28.42,20.05,77.95,0.97,0.52
2008-08-02,24.99,19.79,86.84,1.52,0.52
2008-08-03,29.16,18.41,76.36,0.19,0.52
2008-08-04,27.25,20.04,79.12,0.9,0.51
2008-08-05,27.2,19.66,82.35,6.74,0.52
2008-08-06,27.16,18.78,80.3,0.82,0.52
2008-08-07,26.93,19.71,82.44,3.07,0.52
2008-08-08,28.76,20.37,82.6,7.52,0.52
2008-08-09,24.92,20.05,86.59,2.42,0.53
2008-08-10,23.71,19.51,86.61,1.76,0.52
2008-08-11,25.25,18.77,85.97,2.39,0.52
2008-08-12,25.94,18.22,84.54,3.29,0.52
2008-08-13,26.91,19.08,79.59,0.41,0.52
2008-08-14,27.92,18.7,80.3,2.36,0.52
2008-08-15,28.86,19.05,78.2,3.43,0.52
2008-08-16,25.93,18.74,82.92,1.4,0.52
2008-08-17,25.75,18.79,84.18,6.87,0.52
2008-08-18,25.67,17.89,84.45,2.41,0.52
2008-08-19,28.05,17.58,77.84,0.66,0.52
2008-08-20,28.67,19.11,77.72,0.74,0.52
2008-08-21,27.7,18.89,78.87,1.03,0.51
2008-08-22,27.41,20.08,77.37,0.15,0.51
2008-08-23,24.89,19.76,83.63,0.06,0.51
2008-08-24,27.65,18.94,77.5,0.26,0.51
2008-08-25,27.83,18.78,78.1,1.3,0.51
2008-08-26,27.84,18.2,81.07,15.59,0.51
2008-08-27,25.58,19.46,88.68,21.34,0.55
2008-08-28,26.91,18.45,83.8,1.91,0.56
2008-08-29,27.93,18.45,79.23,0.21,0.55
2008-08-30,27.05,18.54,78.94,0.32,0.54
2008-08-31,26.04,19.09,82.29,1.19,0.54
2008-09-01,27.96,18.87,79.98,0.77,0.53
2008-09-02,26.45,18.27,80.41,0.89,0.53
2008-09-03,29.0,17.43,78.64,2.14,0.52
2008-09-04,26.15,19.77,83.2,0.56,0.52
2008-09-05,27.25,18.93,81.23,1.93,0.52
2008-09-06,24.17,19.48,89.56,4.73,0.52
2008-09-07,25.82,19.07,85.92,6.42,0.53
2008-09-08,27.72,18.09,80.55,0.27,0.53
2008-09-09,26.41,19.37,83.23,2.5,0.53
2008-09-10,27.38,18.48,78.39,10.63,0.54
2008-09-11,28.78,17.77,74.48,6.15,0.55
2008-09-12,28.73,17.95,74.68,3.6,0.54
2008-09-13,27.68,18.73,79.42,2.97,0.54
2008-09-14,28.77,17.98,80.86,10.03,0.54
2008-09-15,28.29,19.5,81.68,2.17,0.55
2008-09-16,26.9,18.83,81.95,1.42,0.54
2008-09-17,27.69,18.01,79.51,0.41,0.54
2008-09-18,28.39,18.16,79.14,1.56,0.53
2008-09-19,29.86,18.91,76.5,0.44,0.53
2008-09-20,29.39,19.78,79.42,3.29,0.53
2008-09-21,27.5,20.19,80.11,0.81,0.53
2008-09-22,26.0,19.15,82.74,0.16,0.52
2008-09-23,29.01,18.09,74.8,0.1,0.52
2008-09-24,29.22,18.85,77.18,0.14,0.51
2008-09-25,28.91,19.39,75.12,0.4,0.51
2008-09-26,27.6,18.77,81.09,3.64,0.51
2008-09-27,27.68,18.03,76.87,2.93,0.51
2008-09-28,29.36,17.22,70.27,0.0,0.51
2008-09-29,29.52,18.01,71.28,0.45,0.51
2008-09-30,30.32,18.43,74.26,3.04,0.51
2008-10-01,27.41,19.25,78.42,3.22,0.51
2008-10-02,29.21,17.96,76.36,0.65,0.51
2008-10-03,28.54,19.51,80.61,2.67,0.51
2008-10-04,26.42,19.33,86.17,18.96,0.53
2008-10-05,25.2,18.36,83.05,4.4,0.55
2008-10-06,26.22,17.15,85.39,9.33,0.55
2008-10-07,26.21,17.77,82.87,2.6,0.55
2008-10-08,26.86,17.04,80.63,0.84,0.54
2008-10-09,28.25,17.28,75.96,0.5,0.54
2008-10-10,27.17,18.38,79.45,3.26,0.54
2008-10-11,25.42,18.65,83.95,0.51,0.53
2008-10-12,26.39,18.12,82.13,6.08,0.54
2008-10-13,26.9,17.47,78.13,0.25,0.54
2008-10-14,26.52,17.32,76.32,0.53,0.53
2008-10-15,28.49,16.4,71.58,0.0,0.53
2008-10-16,28.48,16.51,71.43,0.05,0.52
2008-10-17,28.94,17.46,72.35,0.0,0.52
2008-10-18,28.68,17.79,71.81,0.06,0.51
2008-10-19,27.51,17.22,73.19,4.07,0.51
2008-10-20,25.1,17.82,84.99,18.2,0.53
2008-10-21,24.2,18.28,86.38,1.21,0.55
2008-10-22,25.33,18.5,83.76,9.98,0.55
2008-10-23,25.59,17.21,83.7,2.16,0.55
2008-10-24,26.52,17.91,83.62,3.87,0.55
2008-10-25,25.22,18.19,84.29,3.63,0.55
2008-10-26,26.03,17.64,85.83,4.72,0.55
2008-10-27,25.16,18.02,89.06,3.25,0.55
2008-10-28,23.93,17.48,89.98,2.66,0.55
2008-10-29,24.7,17.49,87.08,2.9,0.55
2008-10-30,25.87,17.38,83.64,3.88,0.55
2008-10-31,27.06,16.69,82.16,2.19,0.55
2008-11-01,26.89,17.46,83.68,2.83,0.54
2008-11-02,26.39,17.45,74.07,1.21,0.54
2008-11-03,26.89,16.55,74.59,0.26,0.54
2008-11-04,24.39,17.74,84.32,0.88,0.53
2008-11-05,26.03,16.62,80.81,2.44,0.53
2008-11-06,26.43,16.05,80.49,1.45,0.53
2008-11-07,27.72,15.11,74.48,0.58,0.53
2008-11-08,27.38,13.87,72.37,0.08,0.52
2008-11-09,26.16,12.35,68.53,0.0,0.52
2008-11-10,25.37,8.9,62.87,0.0,0.52
2008-11-11,25.71,8.98,60.19,0.0,0.51
2008-11-12,25.49,9.52,59.2,0.0,0.51
2008-11-13,26.63,10.18,64.21,0.0,0.51
2008-11-14,25.68,11.1,61.71,0.0,0.5
2008-11-15,26.99,13.47,58.56,0.0,0.5
2008-11-16,27.53,14.35,60.04,0.0,0.5
2008-11-17,28.55,15.25,60.57,0.0,0.5
2008-11-18,28.27,14.6,65.96,0.0,0.5
2008-11-19,28.04,15.42,70.34,0.73,0.5
2008-11-20,25.23,16.24,79.79,1.07,0.5
2008-11-21,25.6,16.02,85.0,11.15,0.51
2008-11-22,25.5,15.22,80.53,0.0,0.52
2008-11-23,26.97,14.05,71.47,0.0,0.51
2008-11-24,26.44,13.53,76.18,0.0,0.51
2008-11-25,25.87,14.67,74.64,0.0,0.51
2008-11-26,25.56,13.86,72.55,0.0,0.51
2008-11-27,23.98,12.07,73.03,0.0,0.5
2008-11-28,25.1,9.1,65.92,0.0,0.5
2008-11-29,23.76,9.66,61.08,0.0,0.5
2008-11-30,22.18,7.63,56.47,0.0,0.5
2008-12-01,23.53,6.68,55.95,0.0,0.5
2008-12-02,23.56,7.88,57.06,0.0,0.5
2008-12-03,23.6,10.83,62.93,0.0,0.5
2008-12-04,25.45,10.46,64.49,0.0,0.49
2008-12-05,24.2,10.06,75.82,0.0,0.49
2008-12-06,24.65,11.0,71.22,0.0,0.49
2008-12-07,23.49,11.61,69.39,0.0,0.49
2008-12-08,24.4,10.51,70.72,0.0,0.49
2008-12-09,22.89,10.08,70.02,0.0,0.49
2008-12-10,24.63,11.82,65.94,0.0,0.49
2008-12-11,25.85,11.86,62.59,0.0,0.49
2008-12-12,25.48,11.96,66.4,0.0,0.49
2008-12-13,26.82,10.94,57.02,0.0,0.49
2008-12-14,26.77,10.02,61.06,0.0,0.49
2008-12-15,25.64,10.94,70.89,0.0,0.49
2008-12-16,25.77,11.69,67.48,0.0,0.49
2008-12-17,26.11,11.8,62.79,0.0,0.49
2008-12-18,25.63,10.07,66.71,0.0,0.49
2008-12-19,24.94,9.34,65.66,0.0,0.49
2008-12-20,24.08,9.85,69.05,0.0,0.49
2008-12-21,24.26,10.3,67.47,0.0,0.49
2008-12-22,24.83,9.99,67.84,0.0,0.49
2008-12-23,24.93,10.6,64.91,0.0,0.48
2008-12-24,24.01,11.01,69.81,0.0,0.48
2008-12-25,22.32,11.74,74.07,0.04,0.48
2008-12-26,23.43,10.91,75.72,1.32,0.49
2008-12-27,22.4,11.08,76.36,0.36,0.49
2008-12-28,24.07,8.6,63.29,0.0,0.49
2008-12-29,23.58,8.3,51.56,0.0,0.49
2008-12-30,24.02,8.66,57.51,0.0,0.48
2008-12-31,25.09,9.16,49.69,0.0,0.48
2009-01-01,24.97,9.1,61.32,0.03,0.48
2009-01-02,23.62,10.64,73.46,0.27,0.48
2009-01-03,23.21,11.53,69.37,0.0,0.48
2009-01-04,24.11,10.08,65.31,0.0,0.48
2009-01-05,23.8,8.86,67.74,0.0,0.48
2009-01-06,24.06,9.25,64.29,0.0,0.48
2009-01-07,23.93,10.02,59.13,0.0,0.48
2009-01-08,24.69,9.98,53.95,0.0,0.48
2009-01-09,25.3,8.93,52.13,0.0,0.48
2009-01-10,23.71,9.19,65.63,0.0,0.48
2009-01-11,23.45,8.78,66.69,0.0,0.48
2009-01-12,24.78,11.1,60.0,0.0,0.48
2009-01-13,23.59,10.21,66.37,0.0,0.48
2009-01-14,23.87,9.03,58.9,0.0,0.48
2009-01-15,23.5,8.36,59.52,0.0,0.48
2009-01-16,24.26,8.82,63.29,0.0,0.48
2009-01-17,24.3,10.63,62.26,0.0,0.48
2009-01-18,24.98,11.56,59.1,0.0,0.48
2009-01-19,25.49,10.93,57.85,0.0,0.48
2009-01-20,25.7,10.81,53.71,0.0,0.48
2009-01-21,27.05,10.88,44.28,0.0,0.48
2009-01-22,24.84,11.69,47.05,0.0,0.47
2009-01-23,27.52,12.07,48.33,0.0,0.47
2009-01-24,27.21,11.47,55.07,0.0,0.47
2009-01-25,25.66,10.8,62.44,0.0,0.47
2009-01-26,27.21,9.31,46.0,0.0,0.47
2009-01-27,27.47,11.26,45.44,0.0,0.47
2009-01-28,26.7,10.44,47.03,0.0,0.47
2009-01-29,27.84,12.26,41.61,0.0,0.47
2009-01-30,27.29,12.81,39.25,0.0,0.47
2009-01-31,27.86,11.8,42.27,0.08,0.47
2009-02-01,27.51,9.64,41.11,0.0,0.47
2009-02-02,26.73,9.9,42.6,0.0,0.47
2009-02-03,26.87,10.39,39.85,0.0,0.47
2009-02-04,26.55,11.3,31.19,0.0,0.47
2009-02-05,26.92,8.92,37.86,0.0,0.47
2009-02-06,27.23,11.89,37.58,0.0,0.47
2009-02-07,26.92,11.66,39.18,0.0,0.47
2009-02-08,27.31,11.65,36.45,0.0,0.47
2009-02-09,28.3,13.46,29.84,0.0,0.47
2009-02-10,28.44,12.64,33.03,0.0,0.47
2009-02-11,27.6,12.53,36.52,0.0,0.47
2009-02-12,26.03,10.4,35.14,0.0,0.47
2009-02-13,27.42,13.1,36.15,0.0,0.47
2009-02-14,28.95,10.16,36.98,0.0,0.47
2009-02-15,29.69,13.1,32.79,0.0,0.47
2009-02-16,30.0,12.49,33.35,0.0,0.47
2009-02-17,30.11,13.45,30.8,0.0,0.47
2009-02-18,30.08,14.02,34.49,0.0,0.47
2009-02-19,30.46,13.64,43.35,0.0,0.47
2009-02-20,30.46,14.32,42.28,0.0,0.47
2009-02-21,29.48,13.11,34.73,0.0,0.47
2009-02-22,28.94,10.34,26.55,0.0,0.47
2009-02-23,29.81,12.3,30.19,0.0,0.47
2009-02-24,29.34,11.53,28.45,0.0,0.46
2009-02-25,29.04,11.8,35.36,0.0,0.46
2009-02-26,30.02,13.54,39.79,0.0,0.46
2009-02-27,29.86,12.44,39.83,0.03,0.46
2009-02-28,30.28,13.42,36.59,0.0,0.46
2009-03-01,29.46,12.91,39.53,0.0,0.46
2009-03-02,30.35,13.94,35.41,0.0,0.46
2009-03-03,29.34,12.3,37.7,0.0,0.46
2009-03-04,27.62,11.88,42.53,0.0,0.46
2009-03-05,28.78,11.5,45.15,0.0,0.46
2009-03-06,31.04,13.19,42.96,0.0,0.46
2009-03-07,31.16,13.48,39.38,0.0,0.46
2009-03-08,31.16,12.5,32.69,0.0,0.46
2009-03-09,31.63,17.04,30.47,0.0,0.46
2009-03-10,31.4,16.25,34.06,0.0,0.46
2009-03-11,30.38,18.38,33.57,0.0,0.46
2009-03-12,30.08,16.26,38.01,0.0,0.46
2009-03-13,29.95,15.6,29.08,0.0,0.46
2009-03-14,28.29,14.74,38.99,0.0,0.46
2009-03-15,27.15,16.03,55.93,0.0,0.46
2009-03-16,25.13,16.41,61.35,0.0,0.46
2009-03-17,23.57,16.17,73.56,11.89,0.48
2009-03-18,23.78,15.14,68.35,0.27,0.49
2009-03-19,29.49,14.53,50.99,0.0,0.49
2009-03-20,29.84,15.01,50.5,0.01,0.48
2009-03-21,29.55,13.66,48.09,0.0,0.48
2009-03-22,29.81,15.17,48.86,0.0,0.48
2009-03-23,30.78,15.47,46.27,0.64,0.47
2009-03-24,31.05,15.88,47.82,4.93,0.47
2009-03-25,30.34,14.31,49.83,0.0,0.48
2009-03-26,29.36,14.07,55.02,5.98,0.48
2009-03-27,27.67,13.79,60.58,0.21,0.48
2009-03-28,28.86,14.85,55.6,0.11,0.48
2009-03-29,29.86,15.02,47.07,0.0,0.48
2009-03-30,30.85,16.16,44.43,0.02,0.48
2009-03-31,29.47,15.55,51.43,1.12,0.47
2009-04-01,28.7,13.96,50.45,1.01,0.47
2009-04-02,31.17,15.11,47.69,0.0,0.47
2009-04-03,30.37,16.13,44.06,0.04,0.47
2009-04-04,31.58,15.33,42.57,0.01,0.47
2009-04-05,32.08,15.49,41.6,0.0,0.47
2009-04-06,32.28,16.16,45.54,0.82,0.47
2009-04-07,31.95,16.7,43.63,0.0,0.47
2009-04-08,32.76,16.7,43.36,0.09,0.47
2009-04-09,32.23,17.02,41.92,0.08,0.46
2009-04-10,32.8,18.05,43.18,0.61,0.46
2009-04-11,32.39,16.67,41.02,0.05,0.46
2009-04-12,32.77,16.34,42.26,0.02,0.46
2009-04-13,33.26,15.82,41.81,0.07,0.46
2009-04-14,28.09,19.14,67.64,2.01,0.46
2009-04-15,29.03,19.07,69.93,1.77,0.47
2009-04-16,29.28,19.33,66.69,0.2,0.47
2009-04-17,29.83,19.32,71.86,2.38,0.47
2009-04-18,27.26,19.61,74.68,0.8,0.47
2009-04-19,30.57,18.61,62.58,0.01,0.47
2009-04-20,30.79,18.82,60.62,0.0,0.47
2009-04-21,30.34,18.01,61.11,0.23,0.47
2009-04-22,30.7,17.47,62.52,0.3,0.47
2009-04-23,31.09,18.83,61.53,0.19,0.47
2009-04-24,32.06,19.08,62.31,0.0,0.47
2009-04-25,35.17,19.93,41.9,0.63,0.47
2009-04-26,34.91,20.86,42.32,4.45,0.47
2009-04-27,28.48,20.18,68.11,0.02,0.47
2009-04-28,31.58,18.28,64.61,2.91,0.47
2009-04-29,33.37,18.01,54.92,0.08,0.47
2009-04-30,33.79,18.71,51.4,0.14,0.47
2009-05-01,34.87,18.32,46.66,0.92,0.47
2009-05-02,32.51,19.66,54.02,10.06,0.48
2009-05-03,29.53,20.68,64.82,0.94,0.48
2009-05-04,30.65,19.89,64.2,0.22,0.48
2009-05-05,26.82,20.4,71.21,0.39,0.48
2009-05-06,31.94,18.28,62.07,0.0,0.48
2009-05-07,32.33,18.89,59.41,0.02,0.47
2009-05-08,32.63,18.97,55.7,0.0,0.47
2009-05-09,33.05,18.64,55.86,0.17,0.47
2009-05-10,34.38,18.81,50.79,0.02,0.47
2009-05-11,30.81,21.66,56.67,1.77,0.47
2009-05-12,30.88,20.92,62.53,0.86,0.47
2009-05-13,28.81,20.44,65.9,1.53,0.47
2009-05-14,29.34,19.23,69.06,3.11,0.47
2009-05-15,28.3,20.07,72.6,2.1,0.47
2009-05-16,28.64,19.32,73.53,2.49,0.48
2009-05-17,26.4,19.58,76.33,1.49,0.48
2009-05-18,28.74,18.75,69.14,1.12,0.48
2009-05-19,25.94,19.6,74.66,1.19,0.48
2009-05-20,31.94,18.26,60.49,0.0,0.48
2009-05-21,34.11,18.24,54.78,0.08,0.47
2009-05-22,33.06,19.84,61.89,2.44,0.47
2009-05-23,33.24,19.87,61.87,0.54,0.47
2009-05-24,30.54,20.14,69.78,7.07,0.47
2009-05-25,29.83,19.51,72.44,0.87,0.48
2009-05-26,27.42,20.42,73.52,0.25,0.48
2009-05-27,30.61,19.94,69.04,1.48,0.48
2009-05-28,32.36,19.42,68.55,2.96,0.48
2009-05-29,25.46,20.53,84.41,3.63,0.48
2009-05-30,29.16,20.02,78.79,4.89,0.49
2009-05-31,28.05,19.35,76.36,1.58,0.49
2009-06-01,26.23,19.7,77.57,0.91,0.49
2009-06-02,29.51,19.04,68.05,0.24,0.48
2009-06-03,30.04,18.96,66.3,0.09,0.48
2009-06-04,26.15,19.19,75.02,3.02,0.48
2009-06-05,28.31,19.53,78.15,5.46,0.49
2009-06-06,26.45,18.6,78.16,4.33,0.49
2009-06-07,27.07,18.24,76.35,6.62,0.5
2009-06-08,25.52,18.92,80.96,1.9,0.5
2009-06-09,27.53,17.75,77.15,0.88,0.5
2009-06-10,30.92,17.11,67.15,0.3,0.49
2009-06-11,30.83,18.96,66.93,0.15,0.49
2009-06-12,30.78,18.11,66.69,0.3,0.48
2009-06-13,29.53,20.6,70.58,0.59,0.48
2009-06-14,27.91,19.35,77.63,5.8,0.48
2009-06-15,30.39,18.96,70.24,0.36,0.49
2009-06-16,30.57,19.79,73.49,2.83,0.49
2009-06-17,24.97,20.59,85.97,4.24,0.49
2009-06-18,29.44,20.1,79.62,4.09,0.49
2009-06-19,31.12,19.48,69.94,0.2,0.49
2009-06-20,30.48,19.34,73.37,2.17,0.49
2009-06-21,27.22,20.02,77.21,1.09,0.49
2009-06-22,27.27,20.57,74.44,0.63,0.49
2009-06-23,26.54,19.75,77.45,4.64,0.49
2009-06-24,29.46,19.12,74.6,0.03,0.49
2009-06-25,30.58,19.0,69.58,0.15,0.49
2009-06-26,29.48,20.25,72.27,0.46,0.48
2009-06-27,28.62,19.21,77.1,3.27,0.48
2009-06-28,26.76,19.15,80.2,5.76,0.49
2009-06-29,24.58,18.6,82.93,4.38,0.5
2009-06-30,25.0,18.92,84.1,6.56,0.5
2009-07-01,25.63,18.71,81.62,4.9,0.51
2009-07-02,26.31,17.62,79.77,3.2,0.51
2009-07-03,27.39,18.85,79.28,2.48,0.51
2009-07-04,27.27,18.85,78.91,1.29,0.51
2009-07-05,26.76,18.77,80.0,4.21,0.51
2009-07-06,23.48,19.33,86.85,4.44,0.51
2009-07-07,26.7,18.35,79.01,1.66,0.51
2009-07-08,28.38,18.03,79.67,3.76,0.51
2009-07-09,28.44,18.77,76.35,1.46,0.51
2009-07-10,30.34,18.67,71.02,0.07,0.5
2009-07-11,30.84,18.98,73.59,1.11,0.5
2009-07-12,29.84,20.61,74.27,0.37,0.49
2009-07-13,26.44,20.2,85.7,4.76,0.49
2009-07-14,28.84,19.87,78.57,1.59,0.5
2009-07-15,30.27,18.78,72.33,1.75,0.5
2009-07-16,30.31,19.37,72.21,0.14,0.49
2009-07-17,31.01,19.54,72.68,1.13,0.49
2009-07-18,26.94,20.24,82.78,3.45,0.49
2009-07-19,28.39,20.49,77.18,0.29,0.49
2009-07-20,30.32,18.76,75.95,1.86,0.49
2009-07-21,26.95,19.92,78.08,0.48,0.49
2009-07-22,29.43,19.3,74.41,0.18,0.49
2009-07-23,30.02,19.36,70.64,0.01,0.49
2009-07-24,31.68,19.71,70.92,0.17,0.48
2009-07-25,29.48,21.33,72.92,0.39,0.48
2009-07-26,29.63,20.18,75.58,0.98,0.48
2009-07-27,30.29,20.62,71.8,1.02,0.48
2009-07-28,27.57,20.34,80.8,4.24,0.49
2009-07-29,26.39,19.92,84.65,4.1,0.49
2009-07-30,26.7,19.66,80.79,1.99,0.49
2009-07-31,27.37,19.39,81.48,0.43,0.49
2009-08-01,30.96,19.91,75.49,0.56,0.49
2009-08-02,29.55,20.21,76.88,0.33,0.49
2009-08-03,30.71,21.08,72.4,0.29,0.48
2009-08-04,31.56,20.72,70.78,0.99,0.48
2009-08-05,29.71,20.17,79.76,8.92,0.49
2009-08-06,28.53,21.07,80.26,2.22,0.5
2009-08-07,26.94,20.63,81.8,3.4,0.5
2009-08-08,29.8,18.66,77.37,1.83,0.5
2009-08-09,31.83,18.2,72.84,2.0,0.5
2009-08-10,32.57,19.73,68.07,0.06,0.49
2009-08-11,27.75,19.87,75.82,0.88,0.49
2009-08-12,28.06,19.87,77.45,2.05,0.49
2009-08-13,29.0,19.53,81.63,6.31,0.5
2009-08-14,25.17,20.58,85.94,1.4,0.5
2009-08-15,26.16,19.57,78.7,0.67,0.5
2009-08-16,27.58,19.06,78.9,6.99,0.5
2009-08-17,25.89,19.41,84.97,6.65,0.51
2009-08-18,28.61,18.37,76.27,0.82,0.51
2009-08-19,28.85,19.44,76.19,0.68,0.51
2009-08-20,28.22,18.31,74.93,0.51,0.5
2009-08-21,26.06,17.91,77.75,1.54,0.5
2009-08-22,26.06,19.1,84.75,3.46,0.5
2009-08-23,26.46,18.26,81.61,7.45,0.5
2009-08-24,28.38,17.73,79.3,5.11,0.51
2009-08-25,28.37,19.56,75.45,0.02,0.51
2009-08-26,29.28,19.12,75.34,0.1,0.51
2009-08-27,29.33,19.05,73.5,0.23,0.5
2009-08-28,28.71,19.85,74.51,0.7,0.5
2009-08-29,29.28,19.34,75.56,1.54,0.5
2009-08-30,28.2,20.6,80.87,4.82,0.5
2009-08-31,24.43,19.16,85.72,1.75,0.5
2009-09-01,29.45,18.3,79.49,2.22,0.5
2009-09-02,29.28,18.36,80.14,1.46,0.5
2009-09-03,29.15,19.49,74.38,0.25,0.5
2009-09-04,29.1,19.93,74.17,0.35,0.5
2009-09-05,28.6,18.03,73.6,0.1,0.49
2009-09-06,29.82,19.42,72.69,1.8,0.49
2009-09-07,29.98,18.76,76.89,3.51,0.49
2009-09-08,26.23,18.52,79.57,0.03,0.49
2009-09-09,31.22,18.66,70.96,0.01,0.49
2009-09-10,27.69,19.76,74.65,0.1,0.49
2009-09-11,32.71,18.6,67.44,0.06,0.49
2009-09-12,32.29,20.44,70.26,1.84,0.48
2009-09-13,26.51,21.38,76.59,0.4,0.48
2009-09-14,29.12,20.39,72.52,0.2,0.48
2009-09-15,30.34,19.83,69.71,0.27,0.48
2009-09-16,29.71,17.82,69.28,3.48,0.48
2009-09-17,26.63,19.15,85.98,13.49,0.5
2009-09-18,23.75,19.07,86.16,1.45,0.51
2009-09-19,25.04,19.11,82.75,0.7,0.51
2009-09-20,29.01,17.99,75.08,0.14,0.5
2009-09-21,28.26,18.3,76.3,1.73,0.5
2009-09-22,28.9,18.1,80.91,1.73,0.5
2009-09-23,24.82,19.0,84.01,1.87,0.5
2009-09-24,29.76,18.46,74.71,0.71,0.5
2009-09-25,30.53,19.41,74.14,3.88,0.5
2009-09-26,28.84,18.48,74.16,2.08,0.5
2009-09-27,29.55,18.71,74.25,1.14,0.5
2009-09-28,28.57,19.32,71.36,0.97,0.5
2009-09-29,31.44,17.52,63.38,0.61,0.49
2009-09-30,30.64,16.32,59.93,0.08,0.49
2009-10-01,30.38,18.63,63.99,0.39,0.49
2009-10-02,30.9,19.04,69.83,1.07,0.48
2009-10-03,27.75,19.06,78.72,4.05,0.49
2009-10-04,29.04,17.86,79.5,5.09,0.49
2009-10-05,29.48,19.42,78.18,1.93,0.5
2009-10-06,28.15,19.95,76.22,0.14,0.49
2009-10-07,27.36,20.33,79.39,0.3,0.49
2009-10-08,30.13,19.55,72.25,0.1,0.49
2009-10-09,30.34,18.89,71.93,0.38,0.49
2009-10-10,30.01,18.79,72.79,1.37,0.49
2009-10-11,30.71,18.36,70.97,1.13,0.48
2009-10-12,29.43,19.06,70.76,0.91,0.48
2009-10-13,28.58,19.22,70.86,1.55,0.48
2009-10-14,28.85,18.55,72.61,0.36,0.48
2009-10-15,29.92,18.46,73.17,1.6,0.48
2009-10-16,25.28,19.4,85.53,5.45,0.49
2009-10-17,28.38,18.19,78.92,4.5,0.5
2009-10-18,29.78,17.96,72.43,0.18,0.49
2009-10-19,29.58,18.06,72.93,1.1,0.49
2009-10-20,29.81,18.55,70.43,0.27,0.49
2009-10-21,29.26,19.03,71.56,0.55,0.49
2009-10-22,29.21,18.73,77.1,6.15,0.49
2009-10-23,27.96,19.1,82.14,2.57,0.5
2009-10-24,28.64,17.93,78.86,3.15,0.5
2009-10-25,29.97,18.38,73.05,0.0,0.5
2009-10-26,30.44,18.12,69.25,0.0,0.49
2009-10-27,28.78,18.78,71.64,0.0,0.49
2009-10-28,29.43,18.48,69.92,0.0,0.49
2009-10-29,30.55,18.84,64.96,0.0,0.48
2009-10-30,30.71,17.83,64.94,0.0,0.48
2009-10-31,31.47,16.96,57.36,0.0,0.48
2009-11-01,30.14,16.05,54.84,0.0,0.48
2009-11-02,27.01,15.51,62.78,0.01,0.48
2009-11-03,27.08,11.99,51.37,0.03,0.47
2009-11-04,28.42,13.41,53.38,0.0,0.47
2009-11-05,29.93,16.0,49.74,0.0,0.47
2009-11-06,30.9,15.89,51.56,0.0,0.47
2009-11-07,30.27,15.91,55.06,0.0,0.47
2009-11-08,30.82,17.64,49.84,0.0,0.47
2009-11-09,30.53,17.21,50.64,0.0,0.47
2009-11-10,29.93,16.2,50.21,0.0,0.47
2009-11-11,29.85,15.6,53.96,0.0,0.47
2009-11-12,31.08,15.92,47.23,0.0,0.47
2009-11-13,30.28,16.59,53.99,0.0,0.47
2009-11-14,30.5,16.42,53.91,0.0,0.47
2009-11-15,28.64,16.05,63.36,0.14,0.47
2009-11-16,30.1,15.88,62.86,0.0,0.47
2009-11-17,31.07,16.49,59.76,0.12,0.47
2009-11-18,28.96,15.45,62.94,1.62,0.47
2009-11-19,27.59,14.67,68.62,0.94,0.47
2009-11-20,27.06,15.46,67.18,0.72,0.47
2009-11-21,26.03,16.04,70.12,0.28,0.47
2009-11-22,25.1,15.89,71.63,0.0,0.47
2009-11-23,25.21,14.12,67.08,0.0,0.47
2009-11-24,26.09,12.91,62.83,0.0,0.47
2009-11-25,26.65,11.79,58.49,0.0,0.47
2009-11-26,24.46,11.95,64.21,0.0,0.47
2009-11-27,25.92,11.91,64.88,0.0,0.47
2009-11-28,27.37,11.73,54.01,0.0,0.47
2009-11-29,27.18,11.53,46.7,0.0,0.47
2009-11-30,27.5,13.47,47.44,0.0,0.47
2009-12-01,26.67,14.13,54.03,0.0,0.47
2009-12-02,27.08,13.09,52.96,0.0,0.47
2009-12-03,26.64,11.74,54.49,0.0,0.47
2009-12-04,25.98,13.14,51.39,0.0,0.47
2009-12-05,25.57,11.27,57.15,0.0,0.47
2009-12-06,24.53,10.82,66.05,0.0,0.47
2009-12-07,24.94,11.76,66.68,0.0,0.47
2009-12-08,25.38,11.23,65.41,0.0,0.47
2009-12-09,25.39,11.36,60.2,0.0,0.47
2009-12-10,26.01,9.17,53.08,0.0,0.47
2009-12-11,25.6,10.9,47.13,0.0,0.47
2009-12-12,26.94,11.07,49.54,0.0,0.47
2009-12-13,26.79,11.51,48.75,0.0,0.47
2009-12-14,26.15,10.78,52.11,0.0,0.47
2009-12-15,26.71,11.04,44.16,0.0,0.47
2009-12-16,26.74,11.08,38.12,0.0,0.46
2009-12-17,26.15,10.99,44.08,0.0,0.46
2009-12-18,26.69,12.62,55.43,0.18,0.46
2009-12-19,25.38,13.24,56.84,0.04,0.46
2009-12-20,26.24,12.32,52.93,0.0,0.46
2009-12-21,26.12,11.46,44.69,0.0,0.46
2009-12-22,24.95,10.54,52.42,0.0,0.46
2009-12-23,23.48,11.71,63.84,0.0,0.46
2009-12-24,22.45,11.27,68.69,0.0,0.46
2009-12-25,24.45,9.12,60.26,0.0,0.46
2009-12-26,23.74,8.9,40.73,0.0,0.46
2009-12-27,24.52,7.47,33.24,0.0,0.46
2009-12-28,23.17,7.17,36.08,0.0,0.46
2009-12-29,24.43,8.8,33.31,0.0,0.46
2009-12-30,24.58,8.31,32.09,0.0,0.46
2009-12-31,25.45,9.05,30.89,0.0,0.46
2010-01-01,25.43,9.4,39.47,0.0,0.46
2010-01-02,26.1,6.79,38.15,0.0,0.46
2010-01-03,26.37,7.82,30.71,0.0,0.46
2010-01-04,25.44,9.51,29.06,0.0,0.46
2010-01-05,26.21,9.65,35.09,0.0,0.46
2010-01-06,26.53,9.89,45.18,0.0,0.46
2010-01-07,27.29,11.4,45.34,1.11,0.46
2010-01-08,26.8,12.21,41.38,0.0,0.46
2010-01-09,25.62,11.6,59.24,0.0,0.46
2010-01-10,27.05,12.04,44.46,0.0,0.46
2010-01-11,27.52,10.87,39.29,0.0,0.46
2010-01-12,28.02,11.12,43.28,0.0,0.46
2010-01-13,28.35,11.76,47.55,0.0,0.46
2010-01-14,26.61,11.68,50.98,0.0,0.46
2010-01-15,27.53,12.2,49.74,0.0,0.46
2010-01-16,27.52,12.82,46.25,0.0,0.46
2010-01-17,27.78,11.46,42.73,0.0,0.46
2010-01-18,26.98,12.56,47.7,0.0,0.46
2010-01-19,26.37,12.08,54.73,0.0,0.46
2010-01-20,27.23,13.87,54.51,0.0,0.46
2010-01-21,28.64,11.66,47.84,0.0,0.46
2010-01-22,27.63,13.13,39.37,0.0,0.46
2010-01-23,27.8,11.62,32.15,0.02,0.46
2010-01-24,27.75,12.42,31.87,0.0,0.46
2010-01-25,28.08,12.14,37.63,0.21,0.46
2010-01-26,23.42,12.9,69.23,15.44,0.48
2010-01-27,25.2,10.7,58.89,0.0,0.49
2010-01-28,25.01,9.05,41.38,0.0,0.49
2010-01-29,25.82,10.04,44.85,0.0,0.48
2010-01-30,24.02,8.53,59.56,0.0,0.48
2010-01-31,24.95,10.9,56.1,0.0,0.48
2010-02-01,24.55,9.96,52.87,0.0,0.48
2010-02-02,26.35,9.77,47.29,0.0,0.47
2010-02-03,26.95,10.45,43.01,0.0,0.47
2010-02-04,26.53,9.31,38.04,0.0,0.47
2010-02-05,25.89,11.39,32.78,0.0,0.47
2010-02-06,26.57,10.51,27.6,0.0,0.47
2010-02-07,27.46,8.33,27.36,0.0,0.47
2010-02-08,27.17,11.15,24.05,0.0,0.47
2010-02-09,27.31,9.55,27.23,0.0,0.46
2010-02-10,27.63,9.98,29.59,0.0,0.46
2010-02-11,28.09,11.03,25.87,0.0,0.46
2010-02-12,28.44,12.89,27.45,0.0,0.46
2010-02-13,28.17,10.72,28.25,0.0,0.46
2010-02-14,29.34,12.3,32.53,0.0,0.46
2010-02-15,29.5,12.57,31.36,0.0,0.46
2010-02-16,27.03,13.39,32.08,0.0,0.46
2010-02-17,29.84,14.29,37.53,0.0,0.46
2010-02-18,27.02,14.25,52.85,0.05,0.46
2010-02-19,27.01,13.4,57.64,0.0,0.46
2010-02-20,28.81,12.84,42.8,0.0,0.46
2010-02-21,27.84,12.2,29.3,0.0,0.46
2010-02-22,28.67,11.26,23.67,0.0,0.46
2010-02-23,28.13,11.03,27.07,0.0,0.46
2010-02-24,27.16,9.93,34.37,0.01,0.46
2010-02-25,28.3,10.74,44.08,0.0,0.46
2010-02-26,29.23,13.28,41.52,0.0,0.46
2010-02-27,29.87,14.55,37.16,0.0,0.46
2010-02-28,29.52,12.73,42.5,0.0,0.46
2010-03-01,30.15,13.62,36.58,0.0,0.46
2010-03-02,29.39,12.41,38.9,0.0,0.46
2010-03-03,29.06,11.87,38.3,0.0,0.46
2010-03-04,28.38,12.05,39.24,0.0,0.46
2010-03-05,28.91,12.45,48.9,0.01,0.46
2010-03-06,29.98,13.06,53.85,0.0,0.46
2010-03-07,30.57,14.32,50.57,0.0,0.46
2010-03-08,32.62,15.38,41.81,0.0,0.46
2010-03-09,33.44,17.04,31.87,0.0,0.46
2010-03-10,32.52,15.86,41.49,0.04,0.46
2010-03-11,30.26,14.65,35.45,0.0,0.46
2010-03-12,31.08,13.28,31.21,0.0,0.46
2010-03-13,30.25,13.36,38.52,0.0,0.46
2010-03-14,29.77,14.17,33.89,0.0,0.46
2010-03-15,28.31,16.97,24.78,0.0,0.46
2010-03-16,28.74,15.1,26.43,0.0,0.46
2010-03-17,32.39,15.98,29.34,0.0,0.46
2010-03-18,29.87,18.24,27.99,0.38,0.46
2010-03-19,31.44,18.52,30.19,0.03,0.46
2010-03-20,31.86,17.0,32.14,0.0,0.46
2010-03-21,32.8,18.34,28.74,0.0,0.46
2010-03-22,31.99,15.3,35.72,0.0,0.46
2010-03-23,31.2,13.41,31.79,0.0,0.46
2010-03-24,31.25,13.19,33.37,0.0,0.46
2010-03-25,33.79,15.27,27.9,0.0,0.46
2010-03-26,32.77,17.07,30.41,0.0,0.46
2010-03-27,32.8,16.07,37.73,0.56,0.46
2010-03-28,30.92,16.05,42.96,1.4,0.46
2010-03-29,30.38,17.02,48.82,1.04,0.46
2010-03-30,29.17,16.91,58.23,0.62,0.46
2010-03-31,28.76,16.27,61.16,1.14,0.46
2010-04-01,28.67,16.72,63.45,0.63,0.47
2010-04-02,32.06,17.6,54.19,0.28,0.46
2010-04-03,32.96,17.09,50.11,0.0,0.46
2010-04-04,33.78,16.75,45.38,0.0,0.46
2010-04-05,33.12,17.19,40.84,0.0,0.46
2010-04-06,33.87,17.48,38.38,0.0,0.46
2010-04-07,34.59,17.35,35.6,0.0,0.46
2010-04-08,35.36,18.61,27.39,0.0,0.46
2010-04-09,34.25,18.06,33.69,0.0,0.46
2010-04-10,32.88,16.78,31.47,0.0,0.46
2010-04-11,32.65,15.66,35.31,0.0,0.46
2010-04-12,34.18,17.38,40.75,0.0,0.46
2010-04-13,33.26,19.22,41.34,0.0,0.46
2010-04-14,34.64,18.76,37.57,0.0,0.46
2010-04-15,34.36,19.31,41.39,0.0,0.46
2010-04-16,32.07,21.59,45.44,0.11,0.46
2010-04-17,31.4,18.57,60.06,10.82,0.47
2010-04-18,32.3,16.8,53.92,0.72,0.48
2010-04-19,31.75,18.3,49.18,0.13,0.47
2010-04-20,31.39,17.0,55.39,0.43,0.47
2010-04-21,32.15,17.22,59.25,0.01,0.47
2010-04-22,33.3,18.03,53.87,0.0,0.47
2010-04-23,34.38,18.12,47.35,0.01,0.47
2010-04-24,31.65,18.11,49.68,0.83,0.46
2010-04-25,32.41,18.41,48.47,0.18,0.46
2010-04-26,30.49,18.17,47.67,0.57,0.46
2010-04-27,32.64,20.01,45.4,0.28,0.46
2010-04-28,32.71,17.36,49.3,0.6,0.46
2010-04-29,32.11,18.86,45.39,0.0,0.46
2010-04-30,31.67,19.56,50.4,0.69,0.46
2010-05-01,31.61,19.51,50.15,0.72,0.46
2010-05-02,32.35,19.63,54.09,2.99,0.47
2010-05-03,31.87,20.56,56.36,0.4,0.47
2010-05-04,33.29,18.98,54.56,0.0,0.47
2010-05-05,33.5,19.16,46.86,0.02,0.46
2010-05-06,33.36,19.65,45.34,0.0,0.46
2010-05-07,35.02,20.75,45.79,0.33,0.46
2010-05-08,29.76,20.95,58.88,0.0,0.46
2010-05-09,34.48,18.94,49.71,0.05,0.46
2010-05-10,34.11,18.91,47.45,0.59,0.46
2010-05-11,35.19,20.22,45.87,0.05,0.46
2010-05-12,35.11,21.67,46.98,0.33,0.46
2010-05-13,34.83,20.94,49.41,0.01,0.46
2010-05-14,34.27,20.53,49.68,0.01,0.46
2010-05-15,35.46,20.22,43.12,0.34,0.46
2010-05-16,34.37,20.84,47.77,0.62,0.46
2010-05-17,32.62,20.02,56.84,7.82,0.47
2010-05-18,31.46,20.91,63.09,0.03,0.47
2010-05-19,29.28,19.36,70.44,2.76,0.47
2010-05-20,28.24,18.98,72.05,4.74,0.48
2010-05-21,25.1,19.77,82.63,6.01,0.48
2010-05-22,26.94,19.17,77.27,1.84,0.49
2010-05-23,25.39,18.67,82.73,3.39,0.49
2010-05-24,27.08,18.38,78.85,2.15,0.49
2010-05-25,26.15,19.58,81.02,0.84,0.49
2010-05-26,26.4,18.91,73.47,0.37,0.48
2010-05-27,30.57,17.87,66.95,1.67,0.48
2010-05-28,31.65,17.79,62.88,0.04,0.48
2010-05-29,30.68,19.05,64.89,0.42,0.48
2010-05-30,28.49,20.06,73.5,4.02,0.48
2010-05-31,29.32,19.09,69.69,0.46,0.48
2010-06-01,31.18,19.74,61.7,0.02,0.47
2010-06-02,32.28,19.55,63.27,0.01,0.47
2010-06-03,30.7,20.42,61.54,0.72,0.47
2010-06-04,32.34,19.74,65.89,3.35,0.47
2010-06-05,30.46,19.84,66.82,4.03,0.48
2010-06-06,29.93,19.1,73.93,4.56,0.48
2010-06-07,30.06,20.13,72.86,2.22,0.48
2010-06-08,31.9,19.68,67.79,0.21,0.48
2010-06-09,32.32,20.62,67.5,0.39,0.48
2010-06-10,32.39,20.88,64.15,0.46,0.47
2010-06-11,32.5,20.18,71.49,3.07,0.47
2010-06-12,29.71,19.84,75.49,4.79,0.48
2010-06-13,28.41,20.08,77.13,2.85,0.48
2010-06-14,28.75,19.52,76.35,5.17,0.48
2010-06-15,27.74,18.37,75.11,0.87,0.49
2010-06-16,27.11,19.09,77.7,2.8,0.49
2010-06-17,29.77,19.21,71.64,1.22,0.48
2010-06-18,31.71,19.9,68.73,0.3,0.48
2010-06-19,31.62,20.49,68.69,0.04,0.48
2010-06-20,29.47,20.67,69.71,0.67,0.48
2010-06-21,29.09,19.58,75.46,2.7,0.48
2010-06-22,30.84,20.67,76.26,1.74,0.48
2010-06-23,29.93,20.01,75.19,1.95,0.48
2010-06-24,30.45,20.25,69.99,1.77,0.48
2010-06-25,30.06,19.81,72.87,5.5,0.48
2010-06-26,30.85,20.24,74.74,2.37,0.48
2010-06-27,30.12,20.89,71.92,0.22,0.48
2010-06-28,31.38,19.76,69.52,0.02,0.48
2010-06-29,31.22,20.16,66.62,0.79,0.48
2010-06-30,27.81,20.61,77.52,4.68,0.48
2010-07-01,24.53,19.82,84.77,2.28,0.48
2010-07-02,31.25,19.65,72.37,2.89,0.48
2010-07-03,25.16,18.91,82.76,7.72,0.49
2010-07-04,30.25,18.92,72.38,2.99,0.5
2010-07-05,30.45,18.59,69.58,0.2,0.49
2010-07-06,29.05,19.57,72.22,0.68,0.49
2010-07-07,30.37,20.08,68.8,0.21,0.48
2010-07-08,30.24,18.64,70.94,1.45,0.48
2010-07-09,28.5,19.83,79.58,12.82,0.49
2010-07-10,27.62,19.19,77.58,0.61,0.5
2010-07-11,28.46,20.34,78.22,1.22,0.5
2010-07-12,29.36,19.5,74.55,0.25,0.49
2010-07-13,25.61,19.33,79.96,2.19,0.49
2010-07-14,30.72,18.56,74.16,2.82,0.49
2010-07-15,32.48,20.38,69.48,0.08,0.49
2010-07-16,31.69,20.37,69.45,0.12,0.48
2010-07-17,30.23,20.47,75.63,2.61,0.48
2010-07-18,26.57,19.54,81.08,5.1,0.49
2010-07-19,26.02,19.48,80.86,1.26,0.49
2010-07-20,29.84,19.83,73.77,1.13,0.49
2010-07-21,28.89,20.21,76.86,2.64,0.49
2010-07-22,29.03,20.17,76.38,3.18,0.49
2010-07-23,25.57,19.17,83.98,4.89,0.49
2010-07-24,26.69,18.75,82.17,2.44,0.5
2010-07-25,28.62,18.77,75.27,0.96,0.49
2010-07-26,29.07,20.2,75.82,2.92,0.49
2010-07-27,30.53,20.01,75.36,3.39,0.49
2010-07-28,28.12,20.19,82.9,6.36,0.5
2010-07-29,25.15,20.25,87.94,15.8,0.52
2010-07-30,25.4,19.85,87.2,6.72,0.53
2010-07-31,25.33,19.38,85.26,1.84,0.53
2010-08-01,26.93,18.13,76.16,0.35,0.52
2010-08-02,28.94,18.49,79.99,6.76,0.52
2010-08-03,26.99,20.1,83.68,3.2,0.52
2010-08-04,27.71,19.2,80.35,1.15,0.52
2010-08-05,28.59,19.04,78.4,2.31,0.51
2010-08-06,24.95,19.0,84.86,13.2,0.52
2010-08-07,27.79,19.8,83.6,7.76,0.54
2010-08-08,30.34,18.06,74.79,1.21,0.53
2010-08-09,30.03,20.05,76.39,0.28,0.53
2010-08-10,25.56,20.6,88.07,3.2,0.52
2010-08-11,28.61,19.93,83.38,8.47,0.53
2010-08-12,26.4,20.32,83.83,2.8,0.53
2010-08-13,27.91,19.69,81.38,3.19,0.53
2010-08-14,28.12,19.35,80.18,1.07,0.52
2010-08-15,27.44,20.06,79.07,0.89,0.52
2010-08-16,26.09,19.34,81.35,1.61,0.51
2010-08-17,24.99,19.06,86.8,6.94,0.52
2010-08-18,27.77,18.31,81.35,5.03,0.52
2010-08-19,27.79,18.83,77.64,0.29,0.52
2010-08-20,29.27,19.03,72.85,0.74,0.52
2010-08-21,27.76,19.22,81.11,14.14,0.53
2010-08-22,27.25,19.53,85.98,2.42,0.53
2010-08-23,26.3,19.25,85.08,2.09,0.53
2010-08-24,29.19,18.76,75.62,1.19,0.53
2010-08-25,29.61,19.22,76.85,1.58,0.52
2010-08-26,24.7,19.3,82.73,1.23,0.52
2010-08-27,25.44,17.74,83.94,29.14,0.54
2010-08-28,25.67,19.13,87.51,4.11,0.57
2010-08-29,27.77,18.43,84.05,6.49,0.56
2010-08-30,26.62,19.11,85.41,5.58,0.57
2010-08-31,27.87,18.57,81.21,0.8,0.56
2010-09-01,28.27,18.87,81.09,2.16,0.55
2010-09-02,29.95,18.95,78.42,1.06,0.54
2010-09-03,30.34,19.69,76.46,0.38,0.53
2010-09-04,29.74,18.67,75.23,0.03,0.53
2010-09-05,30.63,18.49,74.9,0.21,0.52
2010-09-06,29.73,19.58,76.99,0.0,0.51
2010-09-07,29.25,20.58,75.75,0.08,0.51
2010-09-08,27.42,19.93,81.31,2.77,0.51
2010-09-09,27.06,19.67,83.57,3.81,0.51
2010-09-10,23.92,20.18,89.48,7.28,0.52
2010-09-11,23.17,19.62,89.96,2.5,0.53
2010-09-12,27.79,18.39,80.25,4.56,0.53
2010-09-13,28.06,19.25,81.5,1.85,0.53
2010-09-14,26.6,18.76,81.35,2.52,0.53
2010-09-15,26.23,18.35,83.41,2.86,0.53
2010-09-16,26.93,17.99,84.11,12.54,0.54
2010-09-17,27.33,18.58,81.75,1.12,0.54
2010-09-18,27.52,19.3,81.09,1.08,0.54
2010-09-19,26.97,18.52,78.16,0.04,0.53
2010-09-20,27.56,18.75,78.06,0.13,0.53
2010-09-21,28.12,18.97,79.04,1.02,0.52
2010-09-22,30.04,18.1,72.18,0.99,0.52
2010-09-23,28.91,19.24,75.45,1.43,0.52
2010-09-24,23.24,18.22,89.66,5.56,0.52
2010-09-25,26.63,17.9,86.61,9.27,0.53
2010-09-26,26.48,18.67,84.68,2.51,0.54
2010-09-27,26.91,18.47,83.97,9.59,0.54
2010-09-28,26.95,18.26,82.77,2.11,0.55
2010-09-29,24.78,18.31,85.94,1.56,0.54
2010-09-30,28.13,17.18,78.02,0.57,0.54
2010-10-01,28.24,18.31,73.02,0.08,0.53
2010-10-02,28.82,18.44,72.19,0.0,0.53
2010-10-03,27.42,19.03,75.17,0.0,0.52
2010-10-04,28.98,17.56,72.95,0.01,0.52
2010-10-05,28.37,18.04,71.44,1.13,0.51
2010-10-06,24.93,17.41,84.26,6.38,0.52
2010-10-07,26.92,18.44,85.13,4.18,0.52
2010-10-08,26.29,17.56,87.88,5.37,0.53
2010-10-09,23.79,19.12,89.18,8.37,0.54
2010-10-10,26.27,18.05,83.87,2.24,0.54
2010-10-11,27.08,17.97,84.87,4.64,0.54
2010-10-12,27.12,18.94,82.37,1.36,0.54
2010-10-13,27.64,18.16,82.56,1.86,0.53
2010-10-14,26.79,18.04,82.06,1.93,0.53
2010-10-15,26.25,18.0,81.2,5.36,0.53
2010-10-16,26.6,18.08,82.41,1.05,0.54
2010-10-17,27.91,16.55,76.95,0.14,0.53
2010-10-18,27.77,17.16,79.37,1.02,0.52
2010-10-19,26.13,17.92,84.81,16.15,0.53
2010-10-20,23.06,18.55,91.53,47.73,0.6
2010-10-21,22.81,17.34,91.43,7.84,0.64
2010-10-22,24.98,17.31,87.17,0.85,0.62
2010-10-23,23.18,17.45,89.64,2.39,0.61
2010-10-24,24.78,16.91,85.51,0.24,0.59
2010-10-25,26.44,15.52,82.15,0.25,0.58
2010-10-26,26.21,16.4,82.89,4.44,0.57
2010-10-27,25.57,17.41,86.81,2.19,0.57
2010-10-28,25.35,17.53,82.28,0.48,0.56
2010-10-29,25.96,17.1,84.99,3.73,0.56
2010-10-30,23.3,13.65,76.27,0.0,0.56
2010-10-31,23.93,10.93,73.8,0.02,0.55
2010-11-01,25.31,11.75,71.45,0.03,0.54
2010-11-02,25.87,12.57,67.45,0.0,0.54
2010-11-03,24.96,12.89,69.29,0.0,0.53
2010-11-04,24.31,10.92,70.17,0.0,0.53
2010-11-05,25.72,10.1,69.75,0.0,0.53
2010-11-06,26.33,11.94,68.07,0.0,0.52
2010-11-07,27.25,14.0,63.94,0.0,0.52
2010-11-08,27.21,13.45,66.91,0.0,0.52
2010-11-09,24.71,13.4,70.32,0.0,0.51
2010-11-10,25.79,12.41,65.76,0.0,0.51
2010-11-11,26.37,13.29,68.51,0.0,0.51
2010-11-12,25.29,14.56,69.42,0.02,0.51
2010-11-13,25.57,12.63,74.19,0.17,0.51
2010-11-14,26.79,13.67,73.37,0.03,0.51
2010-11-15,27.6,14.67,70.99,0.0,0.5
2010-11-16,27.41,15.32,71.57,0.04,0.5
2010-11-17,27.33,15.66,72.11,0.0,0.5
2010-11-18,27.35,14.76,70.36,0.01,0.5
2010-11-19,27.64,14.53,69.24,0.09,0.5
2010-11-20,26.35,14.63,68.99,0.02,0.5
2010-11-21,25.86,13.42,73.71,0.52,0.5
2010-11-22,26.92,14.26,70.11,0.0,0.5
2010-11-23,26.74,13.22,67.17,0.0,0.5
2010-11-24,27.84,13.77,60.32,0.0,0.5
2010-11-25,27.56,14.21,60.38,0.0,0.5
2010-11-26,27.79,13.48,63.69,0.0,0.49
2010-11-27,27.4,13.34,65.39,0.0,0.49
2010-11-28,27.22,13.39,68.15,0.0,0.49
2010-11-29,27.88,13.46,65.08,0.0,0.49
2010-11-30,27.43,14.12,63.96,0.0,0.49
2010-12-01,27.23,13.94,64.67,0.0,0.49
2010-12-02,27.57,14.17,64.01,0.0,0.49
2010-12-03,26.89,12.7,68.45,0.0,0.49
2010-12-04,27.14,14.61,67.5,0.0,0.49
2010-12-05,27.68,15.01,64.5,0.0,0.49
2010-12-06,29.54,15.5,58.59,0.0,0.49
2010-12-07,29.18,15.0,61.8,0.0,0.49
2010-12-08,27.41,16.92,70.18,0.28,0.49
2010-12-09,25.02,16.88,82.99,2.38,0.49
2010-12-10,21.66,16.26,91.29,5.12,0.5
2010-12-11,23.64,17.27,89.64,3.72,0.5
2010-12-12,24.18,13.91,79.2,0.35,0.51
2010-12-13,24.84,11.93,70.5,0.0,0.5
2010-12-14,24.79,11.47,62.82,0.0,0.5
2010-12-15,23.58,10.49,59.35,0.0,0.5
2010-12-16,25.4,9.03,62.6,0.19,0.5
2010-12-17,24.39,11.92,77.73,0.26,0.5
2010-12-18,24.44,12.39,78.41,0.0,0.5
2010-12-19,25.26,12.45,75.85,0.0,0.5
2010-12-20,25.26,13.23,71.77,0.0,0.5
2010-12-21,25.0,10.05,49.06,0.0,0.49
2010-12-22,24.67,8.39,45.13,0.0,0.49
2010-12-23,24.33,7.93,49.77,0.0,0.49
2010-12-24,24.77,8.19,40.59,0.0,0.49
2010-12-25,24.87,9.72,37.4,0.0,0.49
2010-12-26,24.6,7.39,44.15,0.0,0.49
2010-12-27,24.16,9.23,46.56,0.0,0.49
2010-12-28,24.03,9.16,41.38,0.0,0.49
2010-12-29,25.3,10.17,43.03,0.0,0.49
2010-12-30,26.36,8.02,45.75,0.0,0.48
2010-12-31,26.2,9.54,52.52,0.0,0.48
2011-01-01,25.98,9.29,55.7,0.0,0.48
2011-01-02,25.15,9.53,53.04,0.0,0.48
2011-01-03,25.5,11.4,49.04,0.0,0.48
2011-01-04,25.44,10.43,58.05,0.0,0.48
2011-01-05,26.27,11.16,58.84,0.0,0.48
2011-01-06,26.11,11.57,68.34,0.0,0.48
2011-01-07,25.38,14.7,71.13,0.09,0.48
2011-01-08,22.24,14.18,78.11,0.29,0.48
2011-01-09,24.37,12.6,77.93,2.7,0.48
2011-01-10,19.61,13.01,93.71,8.78,0.5
2011-01-11,22.96,9.74,66.86,0.08,0.5
2011-01-12,22.65,7.4,60.69,0.0,0.5
2011-01-13,23.15,7.12,53.67,0.0,0.5
2011-01-14,23.97,7.79,52.72,0.0,0.5
2011-01-15,25.53,9.42,46.02,0.0,0.49
2011-01-16,22.91,8.57,63.44,0.24,0.49
2011-01-17,19.25,8.75,77.2,0.97,0.49
2011-01-18,21.14,9.2,74.61,0.08,0.49
2011-01-19,21.46,7.02,58.44,0.0,0.49
2011-01-20,22.71,6.72,47.06,0.0,0.49
2011-01-21,23.31,5.94,49.3,0.0,0.49
2011-01-22,24.06,7.6,44.7,0.0,0.49
2011-01-23,25.17,8.14,43.02,0.0,0.49
2011-01-24,26.01,9.65,41.97,0.0,0.48
2011-01-25,26.44,10.83,40.22,0.0,0.48
2011-01-26,27.09,10.84,40.04,0.0,0.48
2011-01-27,26.52,11.21,42.17,0.0,0.48
2011-01-28,26.8,10.44,41.89,0.0,0.48
2011-01-29,27.43,9.35,39.01,0.02,0.48
2011-01-30,25.47,8.82,56.31,0.0,0.48
2011-01-31,25.98,9.51,49.37,0.0,0.48
2011-02-01,25.49,9.35,51.35,0.0,0.48
2011-02-02,25.83,10.51,39.6,0.0,0.48
2011-02-03,26.54,10.54,38.86,0.0,0.47
2011-02-04,26.5,10.84,42.51,0.0,0.47
2011-02-05,26.18,10.72,40.32,0.0,0.47
2011-02-06,26.3,10.9,36.6,0.0,0.47
2011-02-07,26.79,11.56,36.73,0.0,0.47
2011-02-08,27.2,12.04,39.0,0.0,0.47
2011-02-09,27.85,11.91,38.37,0.0,0.47
2011-02-10,27.75,12.26,34.52,0.0,0.47
2011-02-11,27.92,10.13,31.51,0.0,0.47
2011-02-12,26.88,8.95,35.17,0.0,0.47
2011-02-13,27.43,9.56,35.56,0.0,0.47
2011-02-14,28.38,9.48,37.16,0.0,0.47
2011-02-15,27.4,9.4,41.16,0.0,0.47
2011-02-16,27.96,11.24,42.65,0.0,0.47
2011-02-17,26.73,10.52,44.65,0.0,0.47
2011-02-18,24.62,12.76,59.97,0.0,0.47
2011-02-19,27.53,11.75,59.22,0.0,0.47
2011-02-20,27.82,11.16,47.5,0.0,0.47
2011-02-21,29.23,12.8,42.21,0.0,0.47
2011-02-22,28.89,13.56,41.48,0.0,0.47
2011-02-23,29.23,11.68,47.12,0.0,0.47
2011-02-24,28.98,14.23,39.46,0.0,0.47
2011-02-25,29.45,13.21,36.05,0.0,0.47
2011-02-26,29.8,14.18,35.5,0.0,0.47
2011-02-27,30.32,14.21,28.79,0.02,0.47
2011-02-28,30.3,13.09,30.53,0.0,0.47
2011-03-01,31.83,11.16,32.22,0.0,0.47
2011-03-02,31.01,15.41,29.97,0.0,0.47
2011-03-03,31.52,14.65,34.7,0.0,0.47
2011-03-04,30.79,14.19,30.23,0.0,0.47
2011-03-05,31.7,14.25,28.84,0.0,0.47
2011-03-06,31.3,15.8,33.92,0.0,0.46
2011-03-07,31.82,16.14,31.55,0.0,0.46
2011-03-08,32.11,15.58,27.74,0.0,0.46
2011-03-09,31.46,12.65,29.3,0.0,0.46
2011-03-10,31.79,14.0,33.84,0.51,0.46
2011-03-11,30.58,12.99,36.93,0.2,0.47
2011-03-12,29.21,13.52,50.28,1.89,0.47
2011-03-13,29.44,14.58,48.13,0.0,0.47
2011-03-14,29.33,13.9,49.22,0.14,0.47
2011-03-15,23.49,16.22,73.61,16.3,0.48
2011-03-16,17.82,11.35,81.43,19.73,0.53
2011-03-17,21.23,9.48,72.69,2.17,0.54
2011-03-18,25.3,8.49,65.0,0.0,0.53
2011-03-19,26.11,10.09,65.58,0.0,0.52
2011-03-20,28.59,11.4,59.09,0.0,0.51
2011-03-21,29.32,11.84,55.88,0.0,0.51
2011-03-22,31.22,12.77,54.87,0.0,0.5
2011-03-23,30.83,14.69,48.77,0.0,0.49
2011-03-24,31.44,14.14,50.66,0.07,0.49
2011-03-25,30.0,13.49,62.8,4.17,0.49
2011-03-26,28.84,15.26,65.57,2.15,0.49
2011-03-27,27.18,14.24,65.54,0.11,0.49
2011-03-28,22.68,13.56,72.7,1.15,0.49
2011-03-29,23.81,12.65,70.91,0.51,0.49
2011-03-30,25.51,12.04,69.29,0.57,0.49
2011-03-31,25.93,14.23,67.32,0.43,0.49
2011-04-01,26.04,14.91,68.18,0.08,0.49
2011-04-02,28.41,14.46,62.54,0.0,0.48
2011-04-03,29.58,16.62,53.07,0.0,0.48
2011-04-04,31.7,16.44,43.31,0.0,0.48
2011-04-05,32.54,17.07,42.95,0.0,0.47
2011-04-06,29.8,18.21,59.9,0.8,0.47
2011-04-07,31.9,16.6,53.61,0.16,0.47
2011-04-08,31.52,16.24,47.28,1.32,0.47
2011-04-09,31.72,16.28,51.68,4.2,0.47
2011-04-10,30.89,18.15,52.58,0.0,0.48
2011-04-11,32.01,16.69,53.24,0.0,0.47
2011-04-12,32.64,16.16,43.47,0.21,0.47
2011-04-13,31.93,17.93,52.79,0.32,0.47
2011-04-14,31.43,17.55,50.43,0.07,0.47
2011-04-15,31.77,16.32,45.42,0.0,0.47
2011-04-16,31.9,16.97,48.43,0.0,0.47
2011-04-17,31.45,18.53,44.96,0.13,0.47
2011-04-18,32.2,20.12,44.27,0.0,0.47
2011-04-19,28.38,20.01,54.99,0.89,0.47
2011-04-20,29.21,18.46,58.24,0.04,0.47
2011-04-21,30.74,18.69,55.02,0.0,0.47
2011-04-22,32.13,17.68,50.81,0.27,0.47
2011-04-23,28.32,18.84,59.69,3.69,0.47
2011-04-24,28.89,17.89,64.09,0.25,0.47
2011-04-25,23.84,17.54,75.81,9.94,0.48
2011-04-26,27.79,16.46,66.76,0.43,0.49
2011-04-27,26.47,17.31,71.13,1.38,0.49
2011-04-28,26.78,16.64,77.7,12.59,0.5
2011-04-29,28.33,15.8,71.28,0.14,0.51
2011-04-30,25.25,16.86,77.2,2.56,0.5
2011-05-01,27.47,16.97,74.43,1.97,0.5
2011-05-02,25.17,18.1,82.92,7.61,0.51
2011-05-03,26.43,16.93,76.81,3.73,0.51
2011-05-04,28.56,16.03,74.8,0.41,0.51
2011-05-05,27.49,17.38,75.79,4.98,0.51
2011-05-06,27.82,16.66,71.44,0.37,0.51
2011-05-07,28.43,17.1,72.83,4.97,0.51
2011-05-08,30.59,17.0,69.91,0.33,0.51
2011-05-09,27.83,18.66,77.4,6.11,0.51
2011-05-10,28.27,18.82,76.64,3.69,0.51
2011-05-11,30.96,17.7,65.93,0.03,0.51
2011-05-12,31.86,18.18,61.57,0.0,0.5
2011-05-13,30.78,19.04,60.77,0.71,0.5
2011-05-14,28.47,19.62,72.46,8.76,0.5
2011-05-15,26.14,20.01,81.87,8.48,0.52
2011-05-16,26.81,19.27,81.29,2.55,0.52
2011-05-17,24.51,18.46,84.05,4.27,0.52
2011-05-18,25.1,18.1,81.4,11.37,0.53
2011-05-19,25.33,18.48,83.25,4.61,0.54
2011-05-20,25.9,18.64,80.07,2.68,0.54
2011-05-21,24.32,18.95,86.56,4.98,0.53
2011-05-22,26.5,18.79,81.89,0.37,0.53
2011-05-23,29.95,18.46,75.06,0.06,0.53
2011-05-24,31.18,19.1,73.34,0.01,0.52
2011-05-25,30.55,19.28,71.64,0.15,0.51
2011-05-26,24.96,20.16,84.45,1.08,0.51
2011-05-27,27.94,19.49,81.15,2.73,0.51
2011-05-28,24.49,19.72,88.93,6.95,0.52
2011-05-29,28.02,18.43,76.7,1.96,0.52
2011-05-30,28.26,19.04,77.2,1.82,0.52
2011-05-31,29.17,19.13,75.93,0.24,0.51
2011-06-01,29.82,19.98,71.57,0.18,0.51
2011-06-02,29.18,19.13,79.23,3.89,0.51
2011-06-03,27.08,20.38,83.77,5.44,0.52
2011-06-04,27.15,20.27,84.2,10.55,0.52
2011-06-05,27.46,19.98,82.58,17.77,0.55
2011-06-06,28.25,18.94,79.23,0.43,0.55
2011-06-07,28.66,17.99,76.14,0.43,0.54
2011-06-08,28.44,19.6,76.18,0.79,0.53
2011-06-09,26.33,18.77,79.6,1.06,0.53
2011-06-10,27.82,19.82,78.82,1.18,0.52
2011-06-11,27.37,19.64,77.05,1.33,0.52
2011-06-12,29.45,18.92,77.98,3.38,0.52
2011-06-13,29.88,20.31,73.09,0.94,0.52
2011-06-14,28.1,19.75,77.54,3.71,0.51
2011-06-15,28.18,19.6,76.19,3.09,0.52
2011-06-16,28.58,18.95,77.62,1.62,0.51
2011-06-17,28.81,19.4,75.92,1.42,0.51
2011-06-18,29.27,19.18,77.65,8.35,0.51
2011-06-19,28.58,19.45,77.94,1.02,0.52
2011-06-20,25.13,20.33,86.39,3.12,0.52
2011-06-21,28.05,19.46,78.75,0.58,0.52
2011-06-22,28.94,17.13,74.23,1.1,0.52
2011-06-23,27.65,19.49,77.77,0.39,0.51
2011-06-24,26.65,19.21,85.43,2.7,0.51
2011-06-25,25.41,19.89,87.56,4.37,0.52
2011-06-26,28.59,18.37,82.62,9.47,0.52
2011-06-27,24.8,18.7,84.36,2.22,0.53
2011-06-28,24.56,18.16,85.16,2.84,0.53
2011-06-29,27.0,17.61,75.93,0.16,0.53
2011-06-30,27.42,18.27,76.82,0.83,0.52
2011-07-01,27.74,19.0,83.13,5.54,0.52
2011-07-02,24.78,19.28,84.41,5.53,0.53
2011-07-03,23.68,18.59,86.56,3.88,0.53
2011-07-04,27.42,18.1,77.47,1.37,0.53
2011-07-05,27.75,18.7,80.41,2.92,0.53
2011-07-06,28.19,17.47,74.44,0.02,0.52
2011-07-07,28.65,17.94,75.84,0.41,0.52
2011-07-08,28.91,17.65,73.8,2.04,0.52
2011-07-09,27.59,19.21,80.48,5.72,0.52
2011-07-10,26.17,19.51,84.91,3.42,0.52
2011-07-11,28.36,19.75,78.18,0.68,0.52
2011-07-12,29.59,19.0,75.45,1.0,0.52
2011-07-13,27.33,20.05,78.12,1.15,0.52
2011-07-14,28.19,19.22,80.47,3.16,0.51
2011-07-15,28.33,19.22,81.28,7.3,0.52
2011-07-16,26.87,19.83,82.18,0.53,0.52
2011-07-17,26.91,18.6,79.48,3.18,0.52
2011-07-18,27.64,18.89,79.5,1.93,0.52
2011-07-19,25.03,18.83,87.64,10.98,0.53
2011-07-20,24.5,19.14,87.21,8.23,0.54
2011-07-21,25.36,18.57,83.22,1.91,0.55
2011-07-22,26.76,17.74,82.09,8.97,0.55
2011-07-23,25.62,18.05,80.92,0.47,0.55
2011-07-24,26.99,18.68,83.21,2.21,0.54
2011-07-25,28.84,19.82,78.43,0.33,0.54
2011-07-26,30.02,19.52,75.92,0.01,0.53
2011-07-27,29.26,19.28,76.99,0.12,0.52
2011-07-28,27.16,19.84,80.43,0.16,0.52
2011-07-29,31.98,19.77,71.92,0.28,0.52
2011-07-30,30.28,20.69,76.18,3.41,0.51
2011-07-31,28.78,20.1,85.49,39.43,0.55
2011-08-01,27.63,19.89,82.65,8.61,0.59
2011-08-02,27.69,19.86,82.26,3.99,0.58
2011-08-03,27.4,18.8,79.42,1.98,0.57
2011-08-04,27.52,18.85,81.6,1.64,0.56
2011-08-05,27.08,19.38,83.02,11.13,0.57
2011-08-06,27.3,18.67,83.88,4.55,0.57
2011-08-07,26.16,19.3,83.16,2.13,0.56
2011-08-08,24.03,18.53,87.84,7.96,0.56
2011-08-09,26.45,18.63,83.19,0.85,0.56
2011-08-10,25.42,17.99,84.72,1.09,0.56
2011-08-11,27.63,18.82,82.85,3.26,0.55
2011-08-12,23.0,19.12,91.4,5.45,0.56
2011-08-13,26.02,18.38,81.62,0.4,0.56
2011-08-14,27.05,19.12,83.64,0.79,0.55
2011-08-15,24.13,19.13,89.51,3.79,0.55
2011-08-16,25.13,18.37,85.98,8.74,0.56
2011-08-17,22.91,18.62,89.01,7.97,0.57
2011-08-18,26.61,18.02,79.91,0.41,0.57
2011-08-19,28.08,18.57,80.71,1.57,0.56
2011-08-20,27.09,19.27,83.54,1.31,0.56
2011-08-21,25.45,18.45,84.43,2.6,0.55
2011-08-22,27.68,17.55,79.55,0.26,0.55
2011-08-23,28.32,18.41,79.27,0.44,0.54
2011-08-24,25.44,19.39,84.95,1.32,0.54
2011-08-25,25.43,19.29,84.87,4.14,0.54
2011-08-26,23.77,19.44,90.36,1.88,0.55
2011-08-27,25.85,18.56,85.45,2.26,0.55
2011-08-28,23.34,19.13,91.58,3.63,0.55
2011-08-29,27.23,18.67,81.04,2.96,0.55
2011-08-30,28.22,18.88,80.61,7.6,0.55
2011-08-31,26.96,18.26,83.21,13.43,0.57
2011-09-01,25.98,17.44,85.63,10.4,0.58
2011-09-02,27.24,17.61,83.98,9.07,0.59
2011-09-03,28.11,17.98,80.36,0.64,0.58
2011-09-04,28.59,18.96,81.6,1.28,0.57
2011-09-05,23.65,19.44,92.86,6.13,0.57
2011-09-06,24.34,18.19,87.84,4.37,0.58
2011-09-07,24.68,18.16,88.24,4.7,0.58
2011-09-08,24.32,17.43,86.55,5.5,0.58
2011-09-09,27.46,17.93,82.57,1.6,0.57
2011-09-10,26.79,18.44,82.74,4.21,0.57
2011-09-11,28.63,18.15,79.27,0.86,0.57
2011-09-12,28.04,18.94,80.31,2.78,0.56
2011-09-13,26.88,19.32,82.6,3.16,0.56
2011-09-14,26.5,18.87,81.85,1.58,0.56
2011-09-15,26.52,18.49,85.87,5.55,0.56
2011-09-16,26.42,18.48,81.52,0.54,0.56
2011-09-17,27.93,18.63,81.13,0.15,0.55
2011-09-18,28.92,18.46,75.07,0.78,0.55
2011-09-19,28.54,19.47,81.47,5.65,0.55
2011-09-20,26.49,19.76,84.15,0.93,0.55
2011-09-21,27.08,18.45,81.79,1.2,0.55
2011-09-22,28.05,18.87,79.28,0.08,0.55
2011-09-23,28.84,18.43,78.58,0.37,0.54
2011-09-24,26.53,18.58,80.74,0.73,0.54
2011-09-25,27.75,18.02,74.47,0.57,0.54
2011-09-26,26.77,18.43,81.3,8.23,0.54
2011-09-27,27.33,18.87,82.97,9.26,0.55
2011-09-28,27.71,19.03,84.13,6.84,0.56
2011-09-29,23.04,18.86,89.72,0.25,0.57
2011-09-30,27.84,18.51,84.5,0.87,0.56
2011-10-01,24.95,19.39,87.75,23.94,0.58
2011-10-02,24.41,18.71,88.3,4.76,0.6
2011-10-03,23.07,17.57,85.85,1.34,0.6
2011-10-04,22.68,16.88,86.09,1.98,0.59
2011-10-05,26.13,16.38,81.63,2.43,0.58
2011-10-06,26.68,16.89,79.39,0.16,0.58
2011-10-07,25.08,17.1,82.98,1.49,0.57
2011-10-08,25.86,17.09,82.54,1.13,0.57
2011-10-09,26.53,17.31,79.04,4.6,0.57
2011-10-10,28.12,17.33,73.65,0.3,0.56
2011-10-11,28.59,17.72,74.44,0.0,0.56
2011-10-12,28.9,19.1,72.92,0.07,0.55
2011-10-13,28.75,20.02,75.24,0.0,0.54
2011-10-14,29.53,19.52,74.13,0.71,0.54
2011-10-15,28.01,19.36,78.54,8.04,0.55
2011-10-16,24.78,17.45,86.37,6.52,0.55
2011-10-17,23.83,17.7,87.11,0.76,0.56
2011-10-18,24.5,17.04,86.4,1.03,0.56
2011-10-19,24.68,17.57,86.11,0.73,0.55
2011-10-20,24.83,17.17,81.7,0.46,0.55
2011-10-21,26.5,16.23,80.98,0.28,0.55
2011-10-22,27.39,16.01,78.36,0.77,0.54
2011-10-23,28.0,16.67,73.82,0.28,0.54
2011-10-24,28.56,17.84,69.76,0.03,0.53
2011-10-25,27.83,17.66,73.18,0.59,0.53
2011-10-26,26.82,16.93,76.59,0.63,0.53
2011-10-27,25.36,17.14,79.93,3.29,0.53
2011-10-28,26.48,16.01,77.58,0.22,0.53
2011-10-29,26.04,16.67,77.25,3.99,0.53
2011-10-30,25.46,16.04,75.52,8.15,0.54
2011-10-31,25.34,13.95,77.17,0.03,0.54
2011-11-01,25.25,14.27,76.48,0.29,0.54
2011-11-02,24.82,13.92,78.1,2.77,0.54
2011-11-03,24.0,14.78,82.61,4.11,0.54
2011-11-04,24.77,13.33,75.14,0.0,0.54
2011-11-05,25.07,13.13,76.8,0.0,0.54
2011-11-06,24.63,14.02,76.46,0.02,0.53
2011-11-07,25.52,13.65,70.0,0.06,0.53
2011-11-08,25.26,13.18,62.5,0.54,0.53
2011-11-09,23.36,13.3,71.37,2.07,0.53
2011-11-10,24.42,11.51,69.62,0.0,0.53
2011-11-11,25.19,11.06,60.99,0.0,0.52
2011-11-12,25.37,11.8,66.16,0.0,0.52
2011-11-13,25.58,11.79,69.95,0.0,0.52
2011-11-14,25.21,12.8,68.64,0.0,0.52
2011-11-15,25.68,12.18,65.58,0.0,0.51
2011-11-16,24.76,12.05,70.66,0.08,0.51
2011-11-17,24.94,12.99,72.58,0.0,0.51
2011-11-18,25.93,12.5,56.26,0.0,0.51
2011-11-19,25.54,10.89,59.61,0.0,0.51
2011-11-20,25.73,11.02,73.72,0.0,0.51
2011-11-21,25.88,12.94,71.45,0.0,0.51
2011-11-22,26.01,11.36,72.51,0.0,0.51
2011-11-23,25.85,13.58,79.78,0.0,0.51
2011-11-24,26.15,14.3,76.66,0.0,0.5
2011-11-25,27.47,13.46,68.98,0.0,0.5
2011-11-26,26.38,12.54,68.01,0.0,0.5
2011-11-27,25.82,12.82,63.56,0.0,0.5
2011-11-28,25.44,12.67,63.37,0.0,0.5
2011-11-29,25.27,12.45,61.64,0.0,0.5
2011-11-30,25.47,12.16,63.98,0.0,0.5
2011-12-01,25.56,12.11,66.51,0.0,0.5
2011-12-02,23.51,12.68,73.16,0.0,0.5
2011-12-03,23.33,12.43,73.82,0.02,0.5
2011-12-04,23.11,12.51,80.92,0.44,0.5
2011-12-05,21.64,12.83,83.26,0.06,0.5
2011-12-06,24.49,12.83,76.58,0.0,0.5
2011-12-07,26.42,13.13,73.12,0.0,0.5
2011-12-08,27.38,14.63,64.84,0.06,0.5
2011-12-09,27.28,13.17,66.97,0.36,0.5
2011-12-10,26.15,12.87,76.15,0.36,0.5
2011-12-11,23.54,13.94,81.26,0.14,0.5
2011-12-12,23.59,12.7,72.75,0.02,0.5
2011-12-13,23.34,10.39,70.3,0.0,0.5
2011-12-14,24.3,10.09,61.74,0.0,0.5
2011-12-15,24.62,9.33,59.5,0.0,0.5
2011-12-16,25.04,9.1,63.34,0.0,0.5
2011-12-17,25.39,9.74,62.04,0.0,0.49
2011-12-18,24.83,8.84,56.95,0.0,0.49
2011-12-19,24.45,9.41,68.61,0.0,0.49
2011-12-20,25.4,9.74,59.44,0.0,0.49
2011-12-21,25.49,9.29,62.41,0.0,0.49
2011-12-22,25.79,9.93,59.71,0.0,0.49
2011-12-23,25.91,10.29,59.56,0.0,0.49
2011-12-24,25.62,11.29,66.28,0.0,0.49
2011-12-25,23.05,13.72,76.88,0.0,0.49
2011-12-26,23.25,11.57,68.44,0.01,0.49
2011-12-27,20.22,12.9,81.63,0.24,0.49
2011-12-28,20.76,13.62,81.04,0.09,0.49
2011-12-29,25.36,14.11,77.45,0.0,0.49
2011-12-30,26.47,13.52,73.22,0.0,0.49
2011-12-31,26.98,14.4,72.79,0.0,0.49
2012-01-01,26.48,14.33,74.89,0.0,0.49
2012-01-02,26.18,14.81,74.85,0.18,0.49
2012-01-03,23.56,13.75,79.52,3.44,0.49
2012-01-04,23.45,12.05,72.54,1.48,0.5
2012-01-05,24.01,10.27,70.27,0.0,0.5
2012-01-06,24.33,10.18,65.62,0.0,0.49
2012-01-07,25.2,9.87,58.78,0.0,0.49
2012-01-08,24.69,10.9,55.66,0.0,0.49
2012-01-09,25.78,10.58,60.72,0.01,0.49
2012-01-10,25.51,10.23,67.76,0.0,0.49
2012-01-11,25.52,9.96,68.94,0.0,0.49
2012-01-12,25.13,11.01,71.59,0.22,0.49
2012-01-13,22.76,11.28,75.8,1.66,0.49
2012-01-14,22.23,7.67,59.53,0.36,0.49
2012-01-15,22.58,6.33,47.09,0.0,0.49
2012-01-16,23.14,7.55,41.2,0.0,0.49
2012-01-17,23.5,7.61,45.61,0.0,0.49
2012-01-18,23.89,7.22,47.1,0.0,0.49
2012-01-19,24.24,7.73,43.09,0.0,0.49
2012-01-20,24.62,8.31,38.73,0.0,0.48
2012-01-21,25.29,9.19,33.51,0.0,0.48
2012-01-22,25.71,9.72,38.47,0.0,0.48
2012-01-23,26.6,8.71,41.84,0.0,0.48
2012-01-24,24.88,7.25,34.83,0.0,0.48
2012-01-25,24.73,8.5,28.79,0.0,0.48
2012-01-26,25.12,8.75,30.77,0.0,0.48
2012-01-27,25.38,9.31,33.84,0.0,0.48
2012-01-28,25.53,10.25,37.62,0.0,0.48
2012-01-29,25.92,8.73,38.87,0.0,0.48
2012-01-30,27.3,9.31,33.55,0.0,0.48
2012-01-31,27.25,9.89,35.7,0.67,0.48
2012-02-01,26.45,11.99,35.92,0.0,0.48
2012-02-02,26.98,11.91,36.48,0.0,0.48
2012-02-03,26.46,12.6,34.39,0.17,0.48
2012-02-04,26.58,9.99,35.01,0.0,0.48
2012-02-05,28.19,10.86,27.21,0.0,0.47
2012-02-06,27.25,9.48,32.56,0.0,0.47
2012-02-07,28.56,10.41,31.83,0.0,0.47
2012-02-08,29.61,13.04,29.36,0.0,0.47
2012-02-09,27.61,11.25,40.12,0.0,0.47
2012-02-10,26.57,10.62,42.25,0.0,0.47
2012-02-11,26.1,10.43,48.2,0.0,0.47
2012-02-12,26.08,9.42,43.45,0.0,0.47
2012-02-13,27.66,9.91,32.1,0.0,0.47
2012-02-14,29.22,12.58,24.64,0.0,0.47
2012-02-15,29.16,13.66,29.08,0.0,0.47
2012-02-16,29.98,13.43,34.0,0.0,0.47
2012-02-17,29.91,12.8,33.06,0.0,0.47
2012-02-18,29.17,12.48,30.75,0.0,0.47
2012-02-19,28.79,12.67,30.44,0.0,0.47
2012-02-20,27.93,10.47,37.37,0.0,0.47
2012-02-21,28.19,10.91,33.81,0.0,0.47
2012-02-22,29.02,11.77,30.29,0.0,0.47
2012-02-23,29.8,14.13,28.8,0.0,0.47
2012-02-24,30.52,13.78,28.39,0.0,0.47
2012-02-25,31.25,11.6,27.01,0.0,0.47
2012-02-26,31.07,14.53,21.56,0.0,0.47
2012-02-27,29.71,11.1,25.23,0.0,0.47
2012-02-28,28.3,11.31,33.32,0.0,0.47
2012-02-29,27.16,10.6,41.37,0.01,0.47
2012-03-01,27.13,11.03,49.92,0.13,0.47
2012-03-02,27.02,11.65,62.91,0.59,0.47
2012-03-03,26.52,12.94,63.55,1.1,0.47
2012-03-04,25.19,13.51,64.36,0.04,0.47
2012-03-05,27.19,10.3,50.09,0.02,0.47
2012-03-06,28.78,13.88,43.17,0.0,0.47
2012-03-07,29.59,13.47,39.48,0.0,0.47
2012-03-08,29.54,12.55,43.2,0.0,0.47
2012-03-09,29.82,12.71,39.87,0.0,0.47
2012-03-10,31.72,16.06,35.52,0.0,0.47
2012-03-11,32.63,17.25,35.32,0.0,0.47
2012-03-12,32.14,17.76,40.39,0.22,0.47
2012-03-13,32.29,17.41,39.6,1.85,0.47
2012-03-14,31.73,17.66,35.76,1.31,0.47
2012-03-15,30.75,14.14,38.98,0.0,0.47
2012-03-16,29.85,13.08,38.5,0.0,0.47
2012-03-17,29.38,15.04,30.39,0.0,0.47
2012-03-18,30.12,12.37,26.36,0.0,0.47
2012-03-19,30.2,14.75,28.12,0.0,0.47
2012-03-20,30.99,15.75,35.33,0.0,0.47
2012-03-21,31.13,14.18,54.36,0.0,0.47
2012-03-22,31.56,15.18,55.68,0.0,0.47
2012-03-23,32.91,16.4,44.93,0.0,0.47
2012-03-24,32.73,18.93,41.06,0.0,0.46
2012-03-25,31.83,15.43,41.25,0.0,0.46
2012-03-26,31.89,15.02,27.9,0.0,0.46
2012-03-27,32.08,13.87,31.12,0.0,0.46
2012-03-28,32.88,14.67,32.67,0.0,0.46
2012-03-29,31.86,14.68,33.45,0.0,0.46
2012-03-30,32.22,15.41,40.1,0.0,0.46
2012-03-31,29.41,19.64,39.42,0.3,0.46
2012-04-01,27.25,16.95,62.77,0.0,0.46
2012-04-02,27.61,17.22,58.86,0.0,0.46
2012-04-03,30.6,19.34,49.34,0.0,0.46
2012-04-04,27.86,18.59,63.83,28.92,0.49
2012-04-05,28.83,17.21,71.3,0.47,0.52
2012-04-06,24.01,16.46,84.12,21.37,0.53
2012-04-07,24.83,15.97,81.48,0.79,0.55
2012-04-08,27.16,15.14,70.51,0.13,0.54
2012-04-09,26.95,15.54,67.62,0.08,0.52
2012-04-10,27.51,14.85,68.24,0.13,0.52
2012-04-11,28.79,14.15,63.09,0.0,0.51
2012-04-12,30.21,15.25,56.71,0.01,0.5
2012-04-13,29.67,16.18,61.24,0.0,0.5
2012-04-14,31.77,17.78,55.05,0.0,0.49
2012-04-15,32.56,17.21,48.61,0.0,0.49
2012-04-16,30.82,16.74,47.84,0.0,0.49
2012-04-17,31.29,16.34,52.71,0.0,0.48
2012-04-18,30.85,17.44,55.89,0.0,0.48
2012-04-19,32.39,16.59,52.56,0.0,0.48
2012-04-20,33.33,17.91,47.38,0.0,0.47
2012-04-21,31.85,20.12,46.71,0.17,0.47
2012-04-22,33.21,17.39,54.2,4.83,0.47
2012-04-23,31.33,18.47,61.83,0.0,0.48
2012-04-24,29.49,17.8,67.7,4.03,0.48
2012-04-25,29.68,18.45,65.59,0.0,0.48
2012-04-26,33.03,19.14,55.69,0.13,0.48
2012-04-27,31.59,18.33,59.08,4.27,0.48
2012-04-28,29.73,18.04,66.06,2.29,0.48
2012-04-29,27.46,17.57,74.87,2.57,0.48
2012-04-30,29.35,17.79,68.83,0.23,0.48
2012-05-01,28.6,18.08,70.67,2.76,0.48
2012-05-02,30.78,16.94,63.12,0.0,0.48
2012-05-03,31.61,18.39,60.07,0.11,0.48
2012-05-04,27.73,19.15,66.29,4.77,0.48
2012-05-05,27.02,18.81,72.19,8.97,0.49
2012-05-06,25.4,17.23,78.31,3.88,0.5
2012-05-07,28.17,18.43,79.77,22.94,0.52
2012-05-08,27.68,19.02,77.39,0.65,0.54
2012-05-09,29.75,17.95,72.36,0.28,0.53
2012-05-10,28.65,19.19,72.05,0.09,0.52
2012-05-11,30.42,18.42,68.43,0.03,0.51
2012-05-12,30.02,18.77,70.21,0.15,0.51
2012-05-13,31.23,19.02,65.71,0.04,0.5
2012-05-14,32.06,19.31,63.82,0.02,0.5
2012-05-15,31.38,19.62,67.24,3.55,0.5
2012-05-16,29.78,19.55,70.08,0.82,0.5
2012-05-17,31.32,19.71,60.37,0.27,0.49
2012-05-18,33.07,19.34,57.52,0.02,0.49
2012-05-19,30.61,19.72,64.86,0.1,0.49
2012-05-20,29.14,19.95,67.11,0.29,0.48
2012-05-21,30.89,19.41,71.03,1.08,0.48
2012-05-22,31.17,19.94,69.06,1.23,0.48
2012-05-23,32.12,20.05,64.22,1.89,0.48
2012-05-24,30.14,19.39,73.61,27.46,0.51
2012-05-25,31.2,18.95,71.73,6.09,0.53
2012-05-26,26.29,20.47,85.18,4.52,0.53
2012-05-27,24.67,19.68,88.17,2.89,0.53
2012-05-28,27.36,19.59,83.34,8.84,0.53
2012-05-29,28.56,20.48,84.26,16.64,0.56
2012-05-30,28.68,19.25,80.8,5.35,0.56
2012-05-31,27.97,19.87,81.67,3.34,0.56
2012-06-01,27.89,19.97,78.63,1.96,0.55
2012-06-02,27.61,19.15,80.88,4.94,0.54
2012-06-03,27.23,20.12,82.2,5.33,0.54
2012-06-04,26.61,19.82,86.08,19.5,0.56
2012-06-05,28.46,19.58,83.58,8.63,0.57
2012-06-06,29.15,19.35,77.52,0.04,0.57
2012-06-07,30.57,19.57,76.31,14.43,0.56
2012-06-08,26.73,20.95,84.16,2.41,0.57
2012-06-09,24.9,20.21,87.06,1.85,0.56
2012-06-10,27.48,19.98,83.49,2.53,0.56
2012-06-11,27.31,20.07,81.8,2.27,0.55
2012-06-12,27.12,19.49,81.28,0.86,0.55
2012-06-13,25.63,19.98,85.56,1.43,0.54
2012-06-14,24.7,18.99,87.43,9.23,0.55
2012-06-15,26.03,18.67,82.09,0.67,0.55
2012-06-16,26.53,18.34,76.83,0.4,0.54
2012-06-17,29.13,17.98,72.87,0.5,0.53
2012-06-18,27.91,18.76,82.46,1.23,0.53
2012-06-19,27.97,19.75,79.16,1.16,0.53
2012-06-20,28.97,19.02,79.26,1.9,0.52
2012-06-21,28.33,19.67,79.27,1.71,0.52
2012-06-22,28.0,18.79,81.21,7.98,0.53
2012-06-23,24.98,18.78,83.96,2.5,0.53
2012-06-24,23.16,17.3,85.14,4.38,0.54
2012-06-25,24.97,19.02,80.71,3.25,0.54
2012-06-26,24.09,18.48,86.01,5.0,0.54
2012-06-27,27.43,18.69,79.71,0.41,0.54
2012-06-28,25.96,18.58,80.58,1.8,0.54
2012-06-29,27.93,19.42,77.94,0.7,0.53
2012-06-30,28.18,19.98,78.64,0.45,0.53
2012-07-01,28.36,19.11,74.79,0.59,0.52
2012-07-02,27.8,18.43,77.69,0.4,0.52
2012-07-03,27.15,18.67,79.21,1.17,0.52
2012-07-04,26.76,18.55,78.3,1.63,0.52
2012-07-05,26.09,19.55,84.39,19.92,0.54
2012-07-06,25.89,19.5,82.02,0.27,0.55
2012-07-07,27.47,18.63,84.18,3.94,0.55
2012-07-08,28.65,17.98,76.94,2.6,0.54
2012-07-09,26.3,18.46,82.08,4.0,0.54
2012-07-10,26.82,18.96,82.61,7.67,0.55
2012-07-11,28.09,18.8,79.1,0.34,0.55
2012-07-12,28.67,19.48,78.01,0.14,0.54
2012-07-13,28.52,19.58,81.17,2.31,0.54
2012-07-14,25.68,19.05,84.66,3.28,0.54
2012-07-15,26.97,19.35,79.18,0.52,0.54
2012-07-16,27.05,19.08,81.86,5.28,0.53
2012-07-17,25.07,18.5,85.06,5.74,0.54
2012-07-18,25.78,19.61,82.52,2.59,0.54
2012-07-19,28.55,18.33,79.74,0.98,0.54
2012-07-20,27.95,18.98,78.96,1.18,0.54
2012-07-21,27.89,18.72,78.8,1.4,0.53
2012-07-22,25.25,18.11,83.64,3.25,0.53
2012-07-23,23.36,18.42,86.64,11.58,0.54
2012-07-24,25.59,18.82,86.91,3.11,0.55
2012-07-25,26.92,18.36,83.83,1.07,0.55
2012-07-26,24.81,18.29,86.12,3.87,0.55
2012-07-27,24.03,17.17,84.78,5.43,0.55
2012-07-28,24.07,17.95,86.15,3.36,0.55
2012-07-29,23.63,17.46,83.72,1.73,0.55
2012-07-30,26.53,17.23,83.87,0.93,0.55
2012-07-31,26.24,19.75,83.04,4.96,0.54
2012-08-01,27.19,19.2,80.49,0.71,0.54
2012-08-02,26.06,19.2,81.88,1.33,0.54
2012-08-03,27.73,19.11,83.74,1.24,0.54
2012-08-04,26.62,19.68,82.33,0.88,0.54
2012-08-05,28.34,19.81,79.03,0.59,0.53
2012-08-06,26.43,18.47,84.2,2.2,0.53
2012-08-07,26.1,18.85,83.14,2.96,0.53
2012-08-08,26.83,19.18,85.14,9.48,0.54
2012-08-09,29.18,19.54,81.67,2.52,0.54
2012-08-10,28.65,18.87,78.72,2.65,0.54
2012-08-11,23.25,19.37,89.45,1.45,0.54
2012-08-12,27.96,18.65,80.75,1.78,0.54
2012-08-13,28.25,18.41,81.08,2.64,0.54
2012-08-14,26.59,18.81,80.25,0.4,0.54
2012-08-15,26.83,19.28,81.89,0.92,0.53
2012-08-16,25.18,19.19,85.87,2.8,0.53
2012-08-17,28.45,18.75,79.71,0.21,0.53
2012-08-18,28.41,18.48,79.33,3.49,0.53
2012-08-19,21.71,17.35,86.96,16.08,0.55
2012-08-20,23.45,16.28,86.38,7.73,0.57
2012-08-21,27.1,16.75,78.85,0.78,0.56
2012-08-22,25.28,18.26,85.36,3.11,0.56
2012-08-23,28.39,18.88,83.03,3.83,0.56
2012-08-24,28.31,19.98,84.39,7.44,0.56
2012-08-25,29.03,18.89,81.17,0.68,0.56
2012-08-26,29.03,19.82,80.93,0.88,0.55
2012-08-27,27.45,19.75,82.68,1.02,0.55
2012-08-28,29.43,19.09,79.72,0.62,0.54
2012-08-29,29.06,19.85,78.44,0.74,0.54
2012-08-30,26.75,19.82,78.51,0.09,0.53
2012-08-31,25.4,19.24,82.93,0.11,0.53
2012-09-01,28.52,19.05,79.13,0.95,0.53
2012-09-02,28.35,18.73,78.46,1.69,0.53
2012-09-03,27.69,19.48,83.12,1.0,0.52
2012-09-04,27.15,19.49,84.31,2.44,0.52
2012-09-05,28.65,18.55,80.05,5.51,0.53
2012-09-06,27.96,18.65,80.12,2.09,0.53
2012-09-07,27.34,19.07,80.47,1.8,0.53
2012-09-08,25.49,18.83,85.82,2.44,0.53
2012-09-09,27.63,18.85,79.8,2.47,0.53
2012-09-10,26.88,18.48,83.18,8.65,0.54
2012-09-11,26.79,18.71,82.2,1.08,0.54
2012-09-12,27.88,18.47,79.25,1.19,0.54
2012-09-13,26.49,19.2,84.97,12.36,0.54
2012-09-14,25.18,19.36,87.9,12.05,0.57
2012-09-15,25.45,17.96,83.22,1.8,0.57
2012-09-16,27.52,17.47,81.31,1.32,0.56
2012-09-17,28.7,19.43,76.32,0.0,0.55
2012-09-18,28.97,18.65,76.89,0.04,0.55
2012-09-19,28.12,19.18,81.64,0.03,0.54
2012-09-20,25.87,19.57,83.38,0.01,0.54
2012-09-21,29.04,19.04,77.97,0.18,0.53
2012-09-22,28.85,19.59,78.16,0.06,0.53
2012-09-23,29.06,18.78,76.94,0.03,0.52
2012-09-24,28.29,19.3,79.07,0.55,0.52
2012-09-25,26.93,19.16,79.86,0.15,0.52
2012-09-26,28.28,19.22,77.32,0.38,0.52
2012-09-27,29.71,19.25,77.33,1.53,0.52
2012-09-28,29.13,19.59,77.72,2.35,0.52
2012-09-29,29.35,18.56,78.28,0.97,0.52
2012-09-30,28.74,19.25,77.64,1.67,0.52
2012-10-01,27.98,19.78,79.56,2.98,0.52
2012-10-02,25.27,18.94,85.47,1.45,0.52
2012-10-03,25.07,18.87,88.61,3.77,0.52
2012-10-04,26.24,18.19,82.54,0.86,0.52
2012-10-05,28.26,17.59,79.82,3.87,0.52
2012-10-06,28.04,18.75,81.71,1.82,0.52
2012-10-07,28.6,18.91,79.25,0.17,0.52
2012-10-08,29.26,18.24,72.26,0.04,0.52
2012-10-09,28.81,17.02,73.87,0.36,0.51
2012-10-10,26.0,17.85,77.87,0.28,0.51
2012-10-11,27.57,17.09,78.46,1.43,0.51
2012-10-12,26.58,17.8,77.18,0.65,0.51
2012-10-13,28.86,16.71,72.97,1.36,0.51
2012-10-14,27.47,17.02,80.18,23.49,0.53
2012-10-15,26.99,17.54,82.07,1.44,0.55
2012-10-16,27.81,17.63,79.43,0.01,0.54
2012-10-17,26.68,18.33,79.15,2.7,0.54
2012-10-18,26.58,16.97,77.99,0.0,0.54
2012-10-19,27.42,17.98,76.94,0.0,0.53
2012-10-20,28.14,17.57,72.88,0.0,0.53
2012-10-21,29.29,18.16,67.06,0.19,0.52
2012-10-22,30.08,17.63,62.88,0.0,0.52
2012-10-23,29.92,15.97,61.25,0.0,0.51
2012-10-24,30.0,15.55,62.65,0.0,0.51
2012-10-25,28.55,15.82,73.49,0.05,0.51
2012-10-26,28.84,16.65,72.67,0.66,0.5
2012-10-27,26.81,17.01,74.79,6.72,0.51
2012-10-28,28.55,16.29,71.97,0.0,0.51
2012-10-29,29.89,16.19,65.07,0.0,0.51
2012-10-30,29.53,18.5,65.08,0.1,0.51
2012-10-31,28.31,18.15,68.99,1.96,0.51
2012-11-01,27.56,17.14,71.93,0.24,0.5
2012-11-02,28.68,17.56,68.73,0.01,0.5
2012-11-03,24.69,16.22,78.25,0.57,0.5
2012-11-04,24.98,17.17,79.58,0.66,0.5
2012-11-05,26.97,15.92,73.77,0.33,0.5
2012-11-06,28.92,15.25,68.13,0.39,0.5
2012-11-07,28.84,16.17,68.84,0.45,0.5
2012-11-08,27.9,15.26,68.88,0.43,0.5
2012-11-09,27.06,15.85,72.77,0.0,0.5
2012-11-10,28.54,15.62,69.29,0.0,0.49
2012-11-11,28.5,13.66,68.8,0.0,0.49
2012-11-12,29.15,14.62,70.13,0.47,0.49
2012-11-13,27.32,17.13,75.75,0.74,0.49
2012-11-14,26.73,16.93,72.2,0.58,0.49
2012-11-15,25.41,16.59,72.51,0.81,0.49
2012-11-16,26.57,16.87,73.05,0.04,0.49
2012-11-17,27.74,16.28,71.61,0.03,0.49
2012-11-18,26.61,15.86,72.94,0.93,0.49
2012-11-19,25.91,17.54,81.31,6.45,0.49
2012-11-20,24.57,17.41,88.79,17.12,0.53
2012-11-21,25.08,16.9,85.46,0.0,0.53
2012-11-22,26.66,15.36,74.38,0.0,0.53
2012-11-23,27.34,13.82,71.2,0.02,0.52
2012-11-24,27.18,13.91,77.07,0.36,0.52
2012-11-25,26.68,14.21,76.26,0.0,0.51
2012-11-26,27.1,12.98,75.05,0.0,0.51
2012-11-27,25.53,14.11,81.28,1.07,0.51
2012-11-28,25.47,12.81,76.49,0.92,0.51
2012-11-29,25.61,12.08,79.1,0.18,0.51
2012-11-30,22.75,15.07,88.25,0.87,0.5
2012-12-01,25.42,14.95,83.93,0.58,0.5
2012-12-02,22.7,16.12,90.72,4.46,0.51
2012-12-03,27.51,14.21,73.42,0.0,0.51
2012-12-04,27.21,13.88,65.03,0.0,0.51
2012-12-05,27.37,11.2,52.69,0.0,0.5
2012-12-06,26.19,10.49,56.22,0.0,0.5
2012-12-07,26.69,11.06,46.45,0.0,0.5
2012-12-08,26.42,9.15,52.94,0.0,0.5
2012-12-09,25.67,8.75,55.63,0.0,0.49
2012-12-10,25.4,9.18,61.7,0.0,0.49
2012-12-11,25.65,11.53,55.96,0.0,0.49
2012-12-12,25.33,9.99,62.87,0.14,0.49
2012-12-13,25.34,10.3,67.68,0.0,0.49
2012-12-14,25.63,10.34,60.94,0.0,0.49
2012-12-15,25.93,12.19,48.73,0.0,0.49
2012-12-16,26.48,10.27,45.17,0.0,0.49
2012-12-17,27.04,11.31,41.6,0.0,0.49
2012-12-18,27.39,10.0,46.3,0.0,0.48
2012-12-19,25.51,8.92,53.07,0.0,0.48
2012-12-20,26.07,8.58,54.05,0.0,0.48
2012-12-21,26.32,8.04,46.72,0.0,0.48
2012-12-22,26.71,8.39,42.82,0.0,0.48
2012-12-23,26.61,9.41,50.63,0.0,0.48
2012-12-24,25.53,11.08,69.25,0.0,0.48
2012-12-25,24.81,10.43,70.51,0.0,0.48
2012-12-26,24.23,12.02,73.54,0.0,0.48
2012-12-27,25.35,10.59,66.07,0.0,0.48
2012-12-28,25.06,10.08,69.45,0.0,0.48
2012-12-29,25.72,10.2,68.4,0.0,0.48
2012-12-30,26.85,10.6,68.1,0.0,0.48
2012-12-31,25.88,10.38,66.49,0.0,0.48
2013-01-01,25.28,10.32,64.65,0.0,0.48
2013-01-02,25.42,9.74,62.67,0.0,0.48
2013-01-03,25.55,10.51,63.92,0.0,0.48
2013-01-04,25.72,11.02,64.5,0.0,0.48
2013-01-05,26.85,10.3,62.26,0.0,0.48
2013-01-06,26.87,10.38,63.24,0.0,0.48
2013-01-07,23.8,10.67,69.52,0.0,0.48
2013-01-08,23.22,7.73,63.18,0.0,0.48
2013-01-09,24.84,8.18,61.33,0.0,0.48
2013-01-10,24.01,7.33,45.17,0.0,0.48
2013-01-11,23.25,5.93,43.21,0.0,0.48
2013-01-12,23.61,4.08,41.43,0.0,0.47
2013-01-13,22.97,6.23,48.83,0.0,0.47
2013-01-14,24.74,6.28,58.64,0.0,0.47
2013-01-15,25.43,8.4,48.17,0.0,0.47
2013-01-16,25.69,9.36,52.4,0.0,0.47
2013-01-17,27.0,9.82,44.59,0.0,0.47
2013-01-18,26.86,10.66,46.07,0.0,0.47
2013-01-19,26.15,11.12,60.57,0.0,0.47
2013-01-20,25.17,10.23,61.16,0.0,0.47
2013-01-21,25.88,10.16,56.94,0.0,0.47
2013-01-22,26.42,10.19,56.29,0.0,0.47
2013-01-23,26.76,10.3,56.96,0.0,0.47
2013-01-24,27.17,9.37,39.76,0.0,0.47
2013-01-25,27.08,9.26,33.11,0.0,0.47
2013-01-26,27.02,11.28,28.94,0.0,0.47
2013-01-27,26.13,8.73,38.43,0.0,0.47
2013-01-28,24.55,9.27,44.39,0.0,0.47
2013-01-29,25.38,11.29,58.77,0.72,0.47
2013-01-30,21.13,11.56,85.44,28.47,0.5
2013-01-31,23.98,8.71,61.54,0.0,0.52
2013-02-01,24.25,7.51,60.56,0.01,0.52
2013-02-02,24.77,11.35,66.75,0.61,0.51
2013-02-03,22.72,11.98,76.53,0.22,0.51
2013-02-04,25.49,11.65,57.51,0.0,0.5
2013-02-05,26.44,10.39,45.92,0.0,0.5
2013-02-06,28.15,12.32,40.84,0.0,0.5
2013-02-07,28.52,13.04,38.25,0.0,0.49
2013-02-08,29.47,12.07,43.44,0.0,0.49
2013-02-09,28.59,11.24,49.75,0.0,0.49
2013-02-10,28.8,12.94,60.07,0.0,0.48
2013-02-11,29.0,13.74,55.8,0.0,0.48
2013-02-12,30.69,13.44,52.18,0.0,0.48
2013-02-13,29.7,15.19,57.7,0.0,0.48
2013-02-14,29.06,14.68,56.36,0.25,0.48
2013-02-15,29.75,13.8,54.26,0.05,0.48
2013-02-16,30.78,15.23,56.06,0.0,0.47
2013-02-17,29.22,15.22,59.63,0.3,0.47
2013-02-18,26.64,12.97,47.13,0.08,0.47
2013-02-19,27.99,12.41,53.14,0.0,0.47
2013-02-20,28.85,12.19,41.67,0.0,0.47
2013-02-21,29.14,11.34,33.96,0.1,0.47
2013-02-22,30.34,13.12,35.01,0.0,0.47
2013-02-23,29.77,13.18,54.43,0.0,0.47
2013-02-24,29.64,15.93,55.85,0.0,0.47
2013-02-25,30.39,14.67,48.85,0.0,0.47
2013-02-26,31.94,15.38,37.67,0.0,0.47
2013-02-27,31.6,15.83,26.99,0.0,0.47
2013-02-28,31.94,13.74,28.26,0.0,0.47
2013-03-01,30.32,13.34,28.75,0.0,0.47
2013-03-02,33.16,14.09,35.08,0.0,0.47
2013-03-03,31.25,15.04,53.14,2.06,0.47
2013-03-04,28.97,16.05,58.69,3.8,0.47
2013-03-05,29.11,15.91,60.66,0.0,0.47
2013-03-06,29.17,14.81,63.12,0.13,0.47
2013-03-07,28.63,14.51,59.25,0.08,0.47
2013-03-08,26.81,14.95,55.14,0.76,0.47
2013-03-09,28.37,12.12,38.62,0.0,0.47
2013-03-10,29.51,12.42,40.62,0.0,0.47
2013-03-11,28.7,12.24,43.27,0.68,0.47
2013-03-12,28.35,11.98,46.04,0.0,0.47
2013-03-13,30.56,13.01,39.93,0.0,0.47
2013-03-14,31.62,15.65,36.83,0.0,0.47
2013-03-15,31.36,14.57,42.01,0.0,0.47
2013-03-16,31.32,14.56,40.11,0.0,0.47
2013-03-17,31.13,14.17,39.14,0.0,0.47
2013-03-18,29.43,13.34,48.84,0.1,0.47
2013-03-19,29.08,13.14,47.19,0.0,0.47
2013-03-20,30.92,14.98,29.17,0.0,0.46
2013-03-21,31.21,15.31,31.35,0.0,0.46
2013-03-22,29.93,12.83,33.76,0.18,0.46
2013-03-23,30.81,13.6,36.23,0.0,0.46
2013-03-24,31.66,15.56,31.02,0.0,0.46
2013-03-25,30.17,14.18,39.89,0.13,0.46
2013-03-26,32.22,15.38,41.25,0.02,0.46
2013-03-27,32.26,15.78,43.56,0.0,0.46
2013-03-28,32.36,15.74,46.15,0.0,0.46
2013-03-29,32.94,16.29,42.31,0.13,0.46
2013-03-30,32.79,17.63,45.92,0.21,0.46
2013-03-31,33.66,18.38,40.62,0.07,0.46
2013-04-01,32.69,17.37,39.78,0.04,0.46
2013-04-02,32.55,16.7,36.76,0.0,0.46
2013-04-03,32.98,16.66,37.64,0.0,0.46
2013-04-04,33.33,17.36,40.07,0.01,0.46
2013-04-05,31.62,16.81,50.26,0.0,0.46
2013-04-06,32.03,16.15,44.2,0.0,0.46
2013-04-07,32.38,15.49,41.55,0.0,0.46
2013-04-08,32.48,14.77,38.74,0.0,0.46
2013-04-09,33.65,15.77,40.17,0.0,0.46
2013-04-10,34.1,17.52,40.5,0.0,0.46
2013-04-11,33.98,17.59,39.76,0.0,0.46
2013-04-12,34.77,16.91,36.54,0.0,0.46
2013-04-13,34.62,17.42,34.69,0.0,0.46
2013-04-14,32.83,18.06,37.95,0.06,0.46
2013-04-15,32.34,17.51,39.61,0.2,0.46
2013-04-16,30.66,17.69,49.36,0.14,0.46
2013-04-17,29.08,16.8,56.26,0.09,0.46
2013-04-18,30.23,16.88,52.08,0.0,0.46
2013-04-19,31.91,16.49,52.18,0.0,0.46
2013-04-20,33.32,17.03,52.02,0.0,0.46
2013-04-21,34.48,19.61,41.3,0.54,0.46
2013-04-22,33.21,18.92,47.95,4.65,0.47
2013-04-23,32.03,19.35,52.85,0.02,0.47
2013-04-24,33.42,17.35,43.97,0.03,0.47
2013-04-25,33.77,17.33,42.62,0.08,0.47
2013-04-26,34.16,17.77,43.86,0.02,0.46
2013-04-27,33.48,17.1,47.91,0.01,0.46
2013-04-28,32.75,17.13,50.5,0.01,0.46
2013-04-29,33.04,19.01,51.93,1.38,0.46
2013-04-30,33.76,19.0,51.71,0.0,0.46
2013-05-01,33.71,18.84,49.48,0.76,0.46
2013-05-02,32.57,19.07,54.09,2.46,0.47
2013-05-03,29.11,19.16,68.44,17.09,0.48
2013-05-04,28.83,18.0,70.08,1.38,0.5
2013-05-05,28.07,17.85,75.87,3.13,0.5
2013-05-06,28.26,18.39,71.59,1.67,0.5
2013-05-07,26.91,17.38,73.58,3.6,0.5
2013-05-08,29.87,18.05,70.72,0.21,0.49
2013-05-09,28.25,18.78,74.03,3.23,0.49
2013-05-10,29.87,18.98,69.8,0.07,0.49
2013-05-11,28.59,19.76,74.41,0.58,0.49
2013-05-12,27.88,19.6,73.86,0.03,0.49
2013-05-13,30.12,19.61,70.36,0.25,0.48
2013-05-14,26.36,19.27,77.44,2.63,0.48
2013-05-15,28.1,19.05,72.62,0.87,0.48
2013-05-16,31.92,19.42,70.22,0.18,0.48
2013-05-17,30.82,20.55,64.71,0.26,0.48
2013-05-18,32.98,18.72,57.62,0.21,0.48
2013-05-19,32.43,19.31,61.02,1.82,0.47
2013-05-20,31.19,18.95,64.35,5.78,0.48
2013-05-21,29.85,18.37,71.13,0.12,0.48
2013-05-22,31.13,19.92,65.22,0.43,0.48
2013-05-23,29.64,19.0,73.15,3.44,0.48
2013-05-24,29.72,18.95,73.07,2.23,0.48
2013-05-25,28.17,19.07,74.54,0.33,0.48
2013-05-26,29.92,18.9,65.53,0.03,0.48
2013-05-27,27.21,19.93,69.85,0.21,0.48
2013-05-28,26.77,19.8,74.82,0.71,0.48
2013-05-29,30.96,19.73,65.86,1.03,0.47
2013-05-30,30.81,18.63,68.1,1.5,0.47
2013-05-31,28.95,19.45,68.39,0.05,0.47
2013-06-01,29.81,19.26,70.35,1.6,0.47
2013-06-02,31.4,19.5,69.63,0.37,0.47
2013-06-03,28.9,20.12,78.19,6.42,0.48
2013-06-04,28.88,20.18,79.09,5.91,0.49
2013-06-05,28.02,19.6,80.88,10.49,0.5
2013-06-06,29.71,18.44,73.58,3.29,0.51
2013-06-07,29.36,19.18,74.25,3.21,0.5
2013-06-08,29.55,18.86,71.35,0.39,0.5
2013-06-09,27.9,19.64,73.7,0.23,0.5
2013-06-10,30.33,18.94,74.27,2.02,0.49
2013-06-11,26.41,18.04,73.0,0.33,0.49
2013-06-12,28.97,17.97,65.77,0.44,0.49
2013-06-13,32.01,18.0,61.44,0.0,0.48
2013-06-14,34.15,19.24,60.24,0.0,0.48
2013-06-15,35.22,19.81,54.22,0.08,0.48
2013-06-16,34.07,19.71,58.67,1.17,0.47
2013-06-17,34.0,20.72,56.74,0.16,0.47
2013-06-18,33.38,20.28,61.51,0.88,0.47
2013-06-19,31.56,20.7,73.67,2.96,0.47
2013-06-20,28.68,21.16,76.84,1.68,0.47
2013-06-21,26.66,20.07,78.24,1.6,0.48
2013-06-22,31.45,19.73,68.43,0.02,0.48
2013-06-23,30.33,20.3,67.88,0.31,0.47
2013-06-24,30.04,19.38,69.55,1.05,0.47
2013-06-25,27.89,18.89,77.48,5.06,0.48
2013-06-26,27.31,19.29,78.9,6.12,0.49
2013-06-27,27.67,18.58,78.12,3.15,0.49
2013-06-28,26.0,19.4,77.95,0.32,0.49
2013-06-29,30.24,19.01,71.82,0.48,0.49
2013-06-30,29.24,19.32,73.45,1.61,0.48
2013-07-01,29.91,18.29,67.83,0.45,0.48
2013-07-02,31.39,19.35,67.32,0.47,0.48
2013-07-03,29.98,19.35,71.3,1.1,0.48
2013-07-04,29.27,20.13,70.82,0.59,0.48
2013-07-05,30.76,19.47,69.13,0.52,0.48
2013-07-06,31.03,19.96,66.62,0.5,0.47
2013-07-07,29.19,19.93,69.62,1.12,0.47
2013-07-08,29.07,20.22,75.5,5.26,0.48
2013-07-09,27.73,19.57,73.57,0.42,0.48
2013-07-10,29.45,19.83,73.52,2.26,0.48
2013-07-11,27.82,19.24,76.93,1.89,0.48
2013-07-12,26.55,18.72,75.29,0.31,0.48
2013-07-13,28.29,18.71,75.18,1.06,0.48
2013-07-14,28.41,18.59,74.0,0.99,0.48
2013-07-15,28.74,19.6,73.1,0.92,0.48
2013-07-16,27.93,20.39,81.2,4.38,0.48
2013-07-17,27.92,19.51,76.18,0.34,0.48
2013-07-18,29.16,19.05,71.84,0.17,0.48
2013-07-19,29.6,19.25,71.39,0.16,0.48
2013-07-20,28.06,19.9,76.38,0.28,0.48
2013-07-21,30.65,19.6,72.24,2.44,0.48
2013-07-22,29.12,20.04,74.08,2.99,0.48
2013-07-23,29.94,19.23,77.4,9.58,0.49
2013-07-24,29.21,19.21,80.7,4.91,0.5
2013-07-25,25.77,19.58,81.34,3.21,0.5
2013-07-26,26.4,19.42,82.9,3.44,0.5
2013-07-27,26.09,19.95,82.47,3.17,0.5
2013-07-28,25.45,19.47,85.64,4.17,0.5
2013-07-29,26.05,19.03,86.63,5.78,0.51
2013-07-30,25.15,18.4,81.25,8.46,0.51
2013-07-31,27.69,18.2,75.64,0.51,0.52
2013-08-01,28.01,17.97,78.86,2.62,0.51
2013-08-02,27.77,19.01,76.49,0.09,0.51
2013-08-03,30.15,19.36,75.49,0.47,0.5
2013-08-04,24.07,19.82,82.9,1.37,0.5
2013-08-05,28.21,18.84,72.66,0.15,0.5
2013-08-06,29.12,18.87,75.03,1.75,0.49
2013-08-07,28.09,19.05,80.89,12.82,0.51
2013-08-08,26.64,19.05,83.94,20.03,0.53
2013-08-09,25.38,19.65,85.81,3.66,0.54
2013-08-10,24.34,18.23,83.09,0.76,0.54
2013-08-11,28.04,17.98,80.98,2.42,0.53
2013-08-12,27.33,18.69,81.93,3.59,0.53
2013-08-13,24.32,19.09,86.27,3.22,0.53
2013-08-14,26.83,18.89,84.73,2.87,0.53
2013-08-15,27.61,17.58,80.92,2.83,0.53
2013-08-16,28.32,18.57,80.79,1.76,0.52
2013-08-17,26.02,19.49,84.15,8.41,0.52
2013-08-18,26.01,18.78,81.25,1.51,0.53
2013-08-19,25.54,18.39,84.26,4.11,0.52
2013-08-20,24.17,17.94,88.02,8.18,0.52
2013-08-21,25.0,18.67,84.25,11.21,0.54
2013-08-22,27.4,18.17,82.22,1.68,0.54
2013-08-23,28.55,18.1,78.03,1.31,0.54
2013-08-24,28.5,17.84,77.94,0.23,0.53
2013-08-25,23.84,17.33,83.52,3.17,0.52
2013-08-26,24.93,18.1,83.32,2.36,0.53
2013-08-27,25.89,17.95,84.04,7.34,0.53
2013-08-28,26.13,16.91,76.98,0.24,0.53
2013-08-29,27.73,18.01,80.55,3.68,0.53
2013-08-30,27.77,18.21,80.9,2.14,0.52
2013-08-31,27.82,19.56,82.82,2.57,0.52
2013-09-01,27.6,18.5,81.31,1.78,0.52
2013-09-02,28.84,18.74,75.85,0.29,0.52
2013-09-03,27.64,19.25,79.08,0.76,0.51
2013-09-04,28.66,19.14,77.36,1.04,0.51
2013-09-05,26.6,19.19,83.0,4.88,0.51
2013-09-06,25.09,18.65,86.32,2.52,0.52
2013-09-07,28.0,18.06,80.66,2.23,0.52
2013-09-08,28.83,18.79,78.33,2.75,0.52
2013-09-09,28.53,19.05,79.76,1.38,0.51
2013-09-10,29.64,19.22,77.19,0.74,0.51
2013-09-11,29.34,19.05,75.04,1.17,0.51
2013-09-12,29.8,18.96,75.53,5.31,0.51
2013-09-13,26.81,19.11,84.62,3.5,0.51
2013-09-14,25.67,18.79,86.72,22.11,0.54
2013-09-15,23.97,18.57,87.81,3.81,0.55
2013-09-16,27.41,18.09,84.33,4.34,0.55
2013-09-17,26.88,17.41,82.55,1.16,0.55
2013-09-18,28.43,17.98,78.0,0.05,0.54
2013-09-19,29.59,18.25,75.65,0.82,0.53
2013-09-20,29.96,18.77,72.21,0.04,0.52
2013-09-21,30.28,18.49,69.89,0.01,0.52
2013-09-22,31.82,18.74,67.47,0.57,0.51
2013-09-23,30.52,20.26,72.02,3.14,0.51
2013-09-24,28.22,19.92,76.42,8.62,0.52
2013-09-25,27.79,19.54,79.8,7.88,0.53
2013-09-26,24.45,19.03,90.0,4.9,0.53
2013-09-27,24.99,18.4,86.59,7.6,0.54
2013-09-28,25.61,19.45,88.17,4.82,0.55
2013-09-29,24.45,18.75,87.9,2.96,0.55
2013-09-30,25.81,17.07,69.39,0.0,0.54
2013-10-01,27.13,15.67,70.57,0.24,0.53
2013-10-02,27.63,18.49,78.13,1.57,0.53
2013-10-03,27.3,17.44,81.88,1.49,0.53
2013-10-04,25.8,19.15,80.86,0.84,0.52
2013-10-05,25.77,18.41,80.13,1.03,0.52
2013-10-06,26.92,18.52,79.87,1.31,0.52
2013-10-07,27.43,18.89,79.71,0.26,0.52
2013-10-08,25.67,17.44,70.2,0.03,0.52
2013-10-09,28.78,15.78,62.48,0.0,0.51
2013-10-10,29.0,16.08,61.12,0.0,0.51
2013-10-11,28.98,15.07,66.13,0.01,0.5
2013-10-12,29.64,16.68,65.74,0.08,0.5
2013-10-13,29.0,19.35,73.51,0.03,0.5
2013-10-14,29.99,19.01,72.96,0.0,0.5
2013-10-15,30.44,19.59,68.44,0.02,0.49
2013-10-16,30.85,17.64,65.16,0.21,0.49
2013-10-17,29.17,16.93,72.42,2.29,0.49
2013-10-18,28.24,17.0,78.9,5.89,0.49
2013-10-19,25.44,17.08,85.99,5.7,0.51
2013-10-20,24.58,18.0,87.88,3.34,0.51
2013-10-21,25.42,16.83,81.52,10.61,0.52
2013-10-22,25.54,16.76,83.56,3.88,0.53
2013-10-23,26.2,17.9,78.42,1.5,0.53
2013-10-24,26.82,16.87,73.68,0.66,0.53
2013-10-25,23.0,15.99,81.51,1.27,0.52
2013-10-26,21.95,15.03,87.68,7.62,0.52
2013-10-27,22.11,16.05,89.4,11.74,0.54
2013-10-28,22.13,17.2,91.68,10.9,0.57
2013-10-29,24.67,16.86,87.26,1.9,0.56
2013-10-30,25.7,17.0,84.65,1.83,0.56
2013-10-31,27.02,16.59,79.95,0.0,0.55
2013-11-01,27.11,15.81,77.28,0.0,0.54
2013-11-02,27.67,14.64,72.86,0.0,0.53
2013-11-03,27.63,13.74,68.38,0.0,0.53
2013-11-04,27.56,13.67,67.13,0.0,0.52
2013-11-05,27.31,13.44,68.67,0.0,0.52
2013-11-06,26.82,13.2,68.64,0.0,0.51
2013-11-07,28.01,12.45,64.73,0.0,0.51
2013-11-08,28.16,13.71,67.38,0.0,0.5
2013-11-09,28.21,15.24,67.85,0.0,0.5
2013-11-10,29.22,16.27,65.52,0.0,0.5
2013-11-11,29.74,16.35,62.45,0.02,0.5
2013-11-12,29.36,17.57,60.92,0.42,0.5
2013-11-13,28.8,17.49,63.37,0.0,0.49
2013-11-14,29.53,17.18,61.44,1.05,0.49
2013-11-15,28.0,17.29,66.47,0.08,0.49
2013-11-16,28.67,15.85,70.43,0.08,0.49
2013-11-17,28.58,16.76,72.68,0.17,0.49
2013-11-18,26.94,18.09,79.47,3.88,0.49
2013-11-19,25.46,16.82,83.64,5.21,0.5
2013-11-20,26.2,15.63,76.96,0.17,0.5
2013-11-21,26.56,15.01,72.61,0.0,0.5
2013-11-22,26.43,14.31,72.72,0.0,0.5
2013-11-23,27.09,14.94,71.92,0.0,0.5
2013-11-24,27.45,16.66,70.69,0.0,0.5
2013-11-25,27.06,16.12,74.56,0.0,0.49
2013-11-26,27.03,17.17,77.64,0.32,0.49
2013-11-27,27.58,17.71,76.45,0.07,0.49
2013-11-28,27.51,17.61,76.44,0.53,0.49
2013-11-29,25.7,15.71,77.19,0.45,0.49
2013-11-30,26.2,15.66,75.27,0.23,0.49
2013-12-01,26.85,15.04,74.29,0.02,0.49
2013-12-02,24.8,14.92,73.76,0.0,0.49
2013-12-03,26.44,14.63,71.42,0.0,0.49
2013-12-04,25.71,15.76,71.36,0.0,0.49
2013-12-05,26.56,13.59,65.26,0.0,0.49
2013-12-06,26.4,12.87,66.37,0.0,0.49
2013-12-07,25.49,13.35,68.74,0.0,0.49
2013-12-08,25.99,15.35,67.79,0.0,0.49
2013-12-09,22.58,15.07,77.17,0.05,0.49
2013-12-10,22.25,15.24,78.82,0.35,0.49
2013-12-11,24.54,14.5,78.64,0.69,0.49
2013-12-12,22.67,13.7,86.15,17.95,0.5
2013-12-13,21.86,11.14,84.34,16.29,0.53
2013-12-14,20.16,11.04,89.37,8.84,0.55
2013-12-15,19.59,6.24,71.64,5.71,0.56
2013-12-16,18.3,7.19,68.12,0.03,0.55
2013-12-17,18.31,4.06,63.35,0.0,0.54
2013-12-18,19.17,3.88,61.55,0.0,0.54
2013-12-19,19.69,4.43,66.37,0.0,0.53
2013-12-20,20.48,5.23,69.62,0.0,0.53
2013-12-21,20.73,6.41,72.34,0.0,0.52
2013-12-22,21.52,7.12,70.46,0.0,0.52
2013-12-23,22.71,7.38,66.29,0.0,0.52
2013-12-24,23.8,8.6,55.41,0.0,0.51
2013-12-25,23.57,7.61,60.99,0.0,0.51
2013-12-26,24.05,8.68,51.92,0.0,0.51
2013-12-27,24.49,8.57,62.81,0.0,0.5
2013-12-28,24.12,9.0,71.39,0.0,0.5
2013-12-29,24.27,10.0,67.93,0.0,0.5
2013-12-30,24.4,10.52,62.85,0.0,0.5
2013-12-31,25.35,9.67,63.28,0.0,0.5
2014-01-01,26.11,9.14,57.58,0.0,0.5
2014-01-02,26.19,11.75,47.2,0.0,0.49
2014-01-03,26.05,11.83,41.93,0.0,0.49
2014-01-04,25.37,8.66,45.26,0.0,0.49
2014-01-05,25.02,8.89,54.68,0.0,0.49
2014-01-06,24.65,8.62,50.46,0.0,0.49
2014-01-07,24.2,9.01,49.73,0.0,0.49
2014-01-08,25.94,7.12,49.28,0.0,0.49
2014-01-09,25.88,8.68,43.72,0.0,0.48
2014-01-10,25.13,8.29,53.76,0.0,0.48
2014-01-11,25.47,9.24,60.02,0.0,0.48
2014-01-12,24.39,8.86,59.42,0.0,0.48
2014-01-13,24.93,9.09,54.61,0.0,0.48
2014-01-14,23.43,9.21,72.23,0.0,0.48
2014-01-15,23.65,10.1,70.99,0.0,0.48
2014-01-16,23.59,9.72,70.72,0.0,0.48
2014-01-17,24.37,10.18,66.34,0.0,0.48
2014-01-18,23.27,9.58,71.14,0.0,0.48
2014-01-19,23.77,8.4,64.29,0.13,0.48
2014-01-20,24.06,9.52,65.21,0.01,0.48
2014-01-21,22.95,8.8,65.71,0.0,0.48
2014-01-22,23.02,7.26,58.26,0.0,0.48
2014-01-23,24.24,8.18,54.16,0.0,0.48
2014-01-24,24.82,8.93,57.01,0.0,0.48
2014-01-25,27.32,10.92,53.25,0.0,0.48
2014-01-26,26.73,13.29,47.73,0.0,0.48
2014-01-27,27.25,12.22,51.83,0.0,0.48
2014-01-28,25.63,10.62,56.9,0.0,0.48
2014-01-29,25.93,12.04,50.98,0.0,0.48
2014-01-30,27.42,11.58,49.32,0.0,0.48
2014-01-31,27.8,13.09,40.34,0.0,0.47
2014-02-01,28.73,13.36,40.21,0.0,0.47
2014-02-02,28.52,12.17,40.53,0.0,0.47
2014-02-03,28.61,13.29,35.78,0.0,0.47
2014-02-04,27.99,12.88,34.07,0.0,0.47
2014-02-05,27.51,10.26,40.41,0.0,0.47
2014-02-06,27.44,9.93,40.98,0.0,0.47
2014-02-07,27.44,11.5,34.99,0.0,0.47
2014-02-08,25.89,10.03,41.06,0.0,0.47
2014-02-09,25.51,8.99,54.17,0.0,0.47
2014-02-10,26.24,9.48,52.56,0.0,0.47
2014-02-11,26.26,10.42,52.76,0.0,0.47
2014-02-12,24.85,9.46,62.67,0.0,0.47
2014-02-13,26.29,11.0,59.76,0.0,0.47
2014-02-14,26.71,10.94,55.15,0.0,0.47
2014-02-15,26.83,10.82,46.39,0.0,0.47
2014-02-16,25.79,9.97,57.97,0.2,0.47
2014-02-17,25.17,9.84,64.69,0.77,0.47
2014-02-18,23.9,10.8,66.8,0.0,0.47
2014-02-19,26.78,6.77,41.64,0.0,0.47
2014-02-20,27.51,9.75,55.18,0.0,0.47
2014-02-21,27.07,10.57,53.2,0.0,0.47
2014-02-22,28.06,11.01,46.79,0.0,0.47
2014-02-23,29.08,12.52,40.52,0.0,0.47
2014-02-24,28.45,12.57,33.5,0.0,0.47
2014-02-25,29.8,12.35,34.63,0.0,0.47
2014-02-26,29.95,13.38,34.3,0.0,0.47
2014-02-27,30.34,12.71,33.6,0.0,0.47
2014-02-28,30.26,13.11,30.56,0.0,0.47
2014-03-01,30.87,13.74,30.5,0.0,0.47
2014-03-02,30.54,13.45,34.44,0.0,0.47
2014-03-03,30.17,13.63,35.79,0.0,0.47
2014-03-04,30.64,14.3,32.43,0.0,0.47
2014-03-05,28.0,13.55,34.51,0.0,0.47
2014-03-06,29.46,11.06,38.08,0.0,0.47
2014-03-07,30.1,13.79,34.89,0.0,0.46
2014-03-08,30.11,13.43,32.23,0.0,0.46
2014-03-09,30.69,15.27,31.57,0.0,0.46
2014-03-10,30.61,15.41,31.55,0.0,0.46
2014-03-11,29.65,15.47,28.96,0.0,0.46
2014-03-12,31.0,15.02,28.94,0.0,0.46
2014-03-13,31.77,16.33,27.25,0.0,0.46
2014-03-14,32.16,16.37,30.49,0.0,0.46
2014-03-15,31.4,16.64,30.9,0.0,0.46
2014-03-16,33.29,16.38,27.05,0.0,0.46
2014-03-17,33.08,14.86,26.25,0.0,0.46
2014-03-18,31.55,13.55,24.85,0.0,0.46
2014-03-19,31.72,12.91,29.05,0.01,0.46
2014-03-20,31.44,15.18,35.52,0.01,0.46
2014-03-21,32.07,16.17,32.98,0.0,0.46
2014-03-22,30.6,13.94,37.56,1.91,0.46
2014-03-23,29.39,13.15,41.06,1.49,0.47
2014-03-24,29.08,14.7,46.87,0.17,0.47
2014-03-25,30.47,14.43,46.76,0.0,0.47
2014-03-26,30.8,15.65,43.81,0.0,0.47
2014-03-27,32.66,16.26,37.42,0.0,0.47
2014-03-28,31.85,15.68,44.0,0.0,0.46
2014-03-29,33.47,16.17,42.27,0.0,0.46
2014-03-30,33.54,15.99,34.26,0.0,0.46
2014-03-31,33.06,15.81,38.5,0.0,0.46
2014-04-01,32.94,15.69,40.41,0.04,0.46
2014-04-02,31.52,16.88,43.37,0.01,0.46
2014-04-03,32.96,18.04,42.34,0.02,0.46
2014-04-04,32.54,16.45,42.79,4.7,0.47
2014-04-05,28.62,16.38,53.66,0.64,0.47
2014-04-06,29.12,15.33,58.32,1.1,0.47
2014-04-07,29.21,16.53,56.47,0.11,0.47
2014-04-08,31.66,16.26,52.69,0.21,0.47
2014-04-09,32.12,16.34,55.25,0.0,0.47
2014-04-10,28.96,18.08,63.68,0.19,0.47
2014-04-11,30.28,18.14,63.42,2.63,0.47
2014-04-12,31.86,16.81,55.2,0.12,0.47
2014-04-13,33.03,19.87,42.55,0.0,0.47
2014-04-14,34.12,19.43,35.46,0.09,0.47
2014-04-15,32.83,18.29,43.86,0.0,0.47
2014-04-16,33.02,18.7,46.26,0.0,0.46
2014-04-17,34.56,18.87,42.44,0.0,0.46
2014-04-18,35.24,19.23,36.59,0.0,0.46
2014-04-19,35.5,20.31,37.39,0.0,0.46
2014-04-20,34.53,20.52,41.75,0.0,0.46
2014-04-21,34.16,20.23,43.35,0.3,0.46
2014-04-22,34.96,19.77,48.63,0.0,0.46
2014-04-23,34.5,20.07,45.38,0.0,0.46
2014-04-24,33.77,19.43,43.61,0.14,0.46
2014-04-25,33.35,19.78,46.3,0.44,0.46
2014-04-26,33.33,19.01,44.99,0.0,0.46
2014-04-27,33.48,19.66,46.15,0.0,0.46
2014-04-28,33.59,20.46,46.16,0.77,0.46
2014-04-29,31.98,20.6,48.0,0.06,0.46
2014-04-30,29.53,19.11,53.84,0.25,0.46
2014-05-01,32.35,18.68,47.4,0.0,0.46
2014-05-02,30.66,20.74,54.04,2.1,0.46
2014-05-03,29.05,19.91,54.46,0.24,0.47
2014-05-04,28.92,19.63,59.16,0.31,0.47
2014-05-05,30.19,18.7,63.31,5.96,0.47
2014-05-06,30.16,20.4,60.83,0.85,0.48
2014-05-07,30.84,20.07,59.55,1.04,0.48
2014-05-08,31.65,18.25,53.97,0.26,0.47
2014-05-09,29.54,18.75,70.72,1.21,0.47
2014-05-10,27.95,19.88,73.16,0.22,0.47
2014-05-11,28.02,20.14,72.53,0.45,0.47
2014-05-12,32.17,18.98,62.63,0.12,0.47
2014-05-13,30.74,20.47,64.65,0.0,0.47
2014-05-14,30.01,19.88,75.21,18.89,0.48
2014-05-15,29.2,19.48,73.71,0.78,0.5
2014-05-16,32.24,18.16,63.42,0.0,0.49
2014-05-17,30.4,19.7,64.95,0.0,0.49
2014-05-18,31.37,19.93,67.3,2.04,0.49
2014-05-19,29.05,19.55,74.05,1.24,0.49
2014-05-20,31.08,19.85,69.38,0.15,0.48
2014-05-21,31.45,20.2,67.03,0.06,0.48
2014-05-22,30.66,21.0,69.83,1.91,0.48
2014-05-23,32.9,20.55,65.48,0.02,0.48
2014-05-24,31.96,20.76,65.39,0.29,0.48
2014-05-25,31.39,20.72,63.77,0.2,0.47
2014-05-26,29.53,20.85,67.46,1.12,0.47
2014-05-27,32.79,19.95,60.17,0.51,0.47
2014-05-28,31.15,19.96,61.82,2.45,0.47
2014-05-29,30.7,19.98,71.55,13.16,0.48
2014-05-30,32.1,19.82,64.85,0.11,0.49
2014-05-31,30.75,18.89,69.28,7.4,0.49
2014-06-01,30.86,19.97,72.36,2.87,0.5
2014-06-02,30.71,20.41,66.96,0.25,0.49
2014-06-03,31.7,19.63,64.96,0.13,0.49
2014-06-04,33.05,20.04,62.01,0.52,0.48
2014-06-05,30.73,21.06,67.38,0.8,0.48
2014-06-06,30.69,20.83,70.76,0.74,0.48
2014-06-07,30.42,20.95,68.15,0.8,0.48
2014-06-08,30.43,20.54,78.56,8.18,0.48
2014-06-09,30.63,19.33,77.14,4.71,0.49
2014-06-10,26.21,19.94,84.26,17.41,0.51
2014-06-11,29.25,19.64,78.61,2.79,0.52
2014-06-12,27.71,20.33,84.03,3.21,0.52
2014-06-13,29.51,20.52,83.02,7.81,0.52
2014-06-14,28.38,19.99,79.9,1.24,0.52
2014-06-15,30.2,20.19,73.89,1.22,0.52
2014-06-16,30.74,19.19,76.4,6.25,0.51
2014-06-17,30.79,21.25,75.77,1.37,0.51
2014-06-18,28.73,20.36,75.37,2.24,0.51
2014-06-19,27.65,19.77,75.23,0.45,0.51
2014-06-20,26.65,19.73,75.7,0.36,0.5
2014-06-21,28.56,19.04,74.25,2.7,0.5
2014-06-22,29.28,18.78,74.47,0.61,0.5
2014-06-23,30.68,19.19,72.44,0.55,0.49
2014-06-24,28.81,19.34,72.23,0.35,0.49
2014-06-25,31.47,20.57,74.37,1.06,0.49
2014-06-26,28.48,20.41,72.26,0.05,0.49
2014-06-27,30.77,19.1,66.96,0.01,0.48
2014-06-28,30.06,20.3,69.94,1.0,0.48
2014-06-29,26.59,19.48,78.59,5.93,0.49
2014-06-30,30.72,19.15,76.19,0.95,0.49
2014-07-01,29.24,19.3,72.68,3.35,0.49
2014-07-02,30.32,18.99,70.43,1.25,0.49
2014-07-03,29.84,19.38,74.33,1.7,0.49
2014-07-04,31.33,19.28,69.0,0.11,0.49
2014-07-05,28.96,20.73,73.04,0.07,0.48
2014-07-06,28.93,20.42,75.7,0.52,0.48
2014-07-07,24.75,19.31,83.79,6.27,0.48
2014-07-08,27.02,18.91,80.5,4.78,0.5
2014-07-09,23.75,19.0,82.7,2.35,0.5
2014-07-10,30.41,18.19,72.8,0.79,0.5
2014-07-11,32.01,19.71,71.06,1.25,0.49
2014-07-12,28.68,20.32,77.33,2.27,0.49
2014-07-13,27.23,20.21,81.1,4.43,0.49
2014-07-14,29.5,20.22,79.91,9.88,0.5
2014-07-15,28.79,19.67,74.57,0.37,0.51
2014-07-16,27.1,19.23,76.26,0.72,0.5
2014-07-17,28.73,19.09,76.02,1.21,0.5
2014-07-18,29.89,19.28,80.94,5.3,0.5
2014-07-19,30.48,19.93,75.28,1.46,0.5
2014-07-20,26.72,19.83,80.28,2.41,0.5
2014-07-21,25.05,19.08,82.72,2.33,0.5
2014-07-22,26.2,17.77,77.34,2.01,0.5
2014-07-23,23.45,18.3,84.77,5.14,0.51
2014-07-24,30.61,17.97,73.06,0.09,0.51
2014-07-25,30.65,19.14,73.28,0.2,0.5
2014-07-26,28.57,20.26,77.19,1.18,0.5
2014-07-27,28.22,19.93,80.2,0.86,0.5
2014-07-28,29.72,19.1,75.0,0.66,0.49
2014-07-29,26.55,19.85,79.27,2.3,0.49
2014-07-30,28.0,19.74,78.83,0.85,0.49
2014-07-31,29.39,18.91,75.17,1.36,0.49
2014-08-01,27.88,20.17,78.13,1.4,0.49
2014-08-02,28.47,19.82,82.12,3.52,0.49
2014-08-03,27.39,19.06,78.73,2.28,0.5
2014-08-04,26.98,19.09,81.42,4.98,0.5
2014-08-05,27.64,18.52,81.59,15.21,0.51
2014-08-06,25.74,18.49,80.0,1.55,0.52
2014-08-07,27.17,19.06,81.86,2.66,0.52
2014-08-08,29.45,18.71,73.94,0.53,0.52
2014-08-09,26.7,18.85,82.23,3.54,0.51
2014-08-10,26.62,19.52,81.28,0.18,0.51
2014-08-11,28.44,19.28,76.36,0.37,0.51
2014-08-12,27.6,19.34,79.29,1.25,0.5
2014-08-13,25.29,18.86,83.55,13.74,0.51
2014-08-14,25.11,19.29,85.52,6.47,0.53
2014-08-15,24.92,18.14,81.94,8.6,0.53
2014-08-16,26.97,17.99,78.41,1.92,0.54
2014-08-17,28.48,18.22,76.91,0.06,0.53
2014-08-18,28.71,19.1,77.87,0.99,0.52
2014-08-19,26.12,19.62,85.65,10.0,0.52
2014-08-20,27.59,19.08,82.6,1.64,0.53
2014-08-21,28.7,18.32,75.9,0.27,0.52
2014-08-22,29.11,18.49,75.44,1.32,0.52
2014-08-23,29.67,19.38,77.16,0.09,0.51
2014-08-24,29.5,19.26,74.65,1.85,0.51
2014-08-25,28.59,18.94,80.12,4.68,0.51
2014-08-26,27.28,19.45,79.54,1.08,0.51
2014-08-27,29.38,19.21,78.52,5.14,0.51
2014-08-28,27.92,18.37,77.03,0.36,0.51
2014-08-29,27.94,19.87,80.38,5.97,0.51
2014-08-30,25.99,19.45,86.05,9.4,0.53
2014-08-31,27.23,18.46,80.91,2.55,0.53
2014-09-01,28.81,19.13,78.12,2.15,0.53
2014-09-02,28.4,18.96,78.62,4.13,0.53
2014-09-03,27.7,19.86,80.44,2.56,0.53
2014-09-04,28.45,18.6,76.34,1.47,0.52
2014-09-05,28.61,18.58,76.53,1.16,0.52
2014-09-06,28.03,19.17,78.5,1.65,0.51
2014-09-07,28.35,19.8,79.64,7.52,0.52
2014-09-08,28.55,18.73,79.57,0.28,0.52
2014-09-09,30.2,18.64,73.0,0.71,0.52
2014-09-10,28.9,19.34,75.36,0.13,0.51
2014-09-11,26.98,20.09,82.87,2.88,0.51
2014-09-12,26.72,19.36,80.36,0.23,0.51
2014-09-13,28.53,18.51,76.16,0.06,0.51
2014-09-14,27.27,19.45,78.18,0.3,0.51
2014-09-15,26.9,20.24,83.03,3.01,0.51
2014-09-16,29.14,19.41,76.35,0.32,0.51
2014-09-17,30.0,19.48,76.62,1.55,0.5
2014-09-18,24.91,18.88,86.92,2.88,0.51
2014-09-19,26.74,18.89,79.82,1.46,0.51
2014-09-20,28.27,18.58,77.6,0.76,0.51
2014-09-21,29.06,18.97,74.11,0.4,0.5
2014-09-22,29.32,19.0,71.92,0.67,0.5
2014-09-23,27.52,18.77,74.9,0.24,0.5
2014-09-24,30.64,18.38,74.78,1.39,0.5
2014-09-25,29.16,19.05,73.45,0.71,0.49
2014-09-26,26.94,18.13,74.76,0.45,0.49
2014-09-27,30.35,18.1,70.36,0.04,0.49
2014-09-28,32.2,18.2,64.96,0.05,0.49
2014-09-29,31.7,19.77,64.24,0.92,0.49
2014-09-30,29.24,20.44,69.56,0.41,0.49
2014-10-01,28.82,19.69,74.77,4.06,0.49
2014-10-02,28.97,18.79,67.88,0.48,0.49
2014-10-03,28.64,19.34,63.69,0.02,0.49
2014-10-04,27.46,19.15,69.12,0.6,0.49
2014-10-05,28.01,18.12,73.02,9.51,0.49
2014-10-06,27.29,17.9,73.52,0.03,0.5
2014-10-07,28.82,16.16,67.64,0.0,0.5
2014-10-08,29.54,14.84,57.58,0.0,0.49
2014-10-09,31.03,15.37,61.17,0.07,0.49
2014-10-10,30.15,17.51,67.59,0.2,0.49
2014-10-11,30.32,17.71,67.88,0.43,0.49
2014-10-12,29.98,18.87,73.43,3.15,0.49
2014-10-13,29.27,18.42,75.04,0.59,0.49
2014-10-14,30.92,17.77,66.79,0.01,0.49
2014-10-15,31.16,18.08,64.68,0.21,0.48
2014-10-16,29.22,19.26,72.73,0.59,0.48
2014-10-17,24.47,19.84,82.42,0.34,0.48
2014-10-18,29.77,18.16,65.52,0.11,0.48
2014-10-19,28.31,17.21,73.29,4.32,0.48
2014-10-20,29.19,16.67,71.69,0.07,0.49
2014-10-21,29.92,17.77,65.59,0.82,0.48
2014-10-22,25.21,17.86,79.51,8.31,0.5
2014-10-23,27.31,16.38,77.68,0.7,0.5
2014-10-24,29.03,18.13,68.71,0.0,0.5
2014-10-25,28.93,15.92,66.68,0.0,0.49
2014-10-26,29.46,16.62,67.0,0.26,0.49
2014-10-27,28.66,17.33,71.36,0.4,0.49
2014-10-28,27.92,17.8,71.5,0.46,0.49
2014-10-29,29.54,17.05,65.1,0.21,0.49
2014-10-30,29.17,17.18,68.76,0.05,0.48
2014-10-31,30.06,17.63,66.4,0.04,0.48
2014-11-01,30.56,18.35,68.03,0.37,0.48
2014-11-02,31.11,18.53,67.93,1.14,0.48
2014-11-03,25.81,19.65,84.03,6.63,0.48
2014-11-04,24.85,18.29,79.73,0.3,0.49
2014-11-05,25.0,17.66,85.3,5.4,0.49
2014-11-06,25.96,17.21,83.39,2.56,0.5
2014-11-07,25.98,18.0,80.19,0.72,0.5
2014-11-08,26.86,18.58,78.29,0.0,0.5
2014-11-09,29.32,18.27,70.27,0.0,0.49
2014-11-10,29.46,16.9,71.25,0.12,0.49
2014-11-11,28.79,17.74,70.36,0.18,0.49
2014-11-12,28.95,16.98,68.04,0.0,0.49
2014-11-13,29.16,16.49,67.1,0.0,0.48
2014-11-14,28.37,16.76,65.17,0.0,0.48
2014-11-15,27.93,15.59,69.63,0.0,0.48
2014-11-16,28.14,16.35,70.31,0.31,0.48
2014-11-17,26.35,16.05,76.42,2.84,0.48
2014-11-18,27.59,14.64,70.54,0.0,0.48
2014-11-19,27.82,16.86,68.54,0.21,0.48
2014-11-20,25.64,15.7,74.64,1.02,0.48
2014-11-21,26.16,14.49,70.77,0.0,0.48
2014-11-22,27.3,12.43,64.31,0.0,0.48
2014-11-23,27.45,11.73,64.64,0.0,0.48
2014-11-24,28.17,11.75,59.38,0.0,0.48
2014-11-25,27.82,12.85,47.31,0.0,0.47
2014-11-26,27.28,12.15,48.89,0.0,0.47
2014-11-27,26.87,10.43,56.36,0.0,0.47
2014-11-28,26.35,9.09,50.44,0.0,0.47
2014-11-29,26.88,9.99,37.5,0.0,0.47
2014-11-30,27.09,10.76,37.79,0.0,0.47
2014-12-01,27.51,10.02,47.54,0.0,0.47
2014-12-02,27.31,10.59,47.36,0.0,0.47
2014-12-03,27.75,10.45,42.12,0.0,0.47
2014-12-04,28.28,10.17,45.27,0.0,0.47
2014-12-05,28.87,13.49,55.1,0.0,0.47
2014-12-06,26.83,13.15,73.45,0.0,0.47
2014-12-07,27.81,14.9,66.84,0.0,0.47
2014-12-08,27.87,12.85,58.04,0.0,0.47
2014-12-09,28.14,12.32,52.3,0.0,0.47
2014-12-10,27.39,13.34,53.12,0.0,0.47
2014-12-11,27.34,11.85,55.55,0.0,0.47
2014-12-12,28.3,12.9,52.12,0.0,0.47
2014-12-13,27.73,12.45,58.12,0.0,0.47
2014-12-14,27.59,12.93,55.56,0.0,0.47
2014-12-15,27.02,14.31,52.29,0.0,0.47
2014-12-16,27.24,12.11,55.33,0.17,0.47
2014-12-17,20.99,12.88,79.22,1.98,0.47
2014-12-18,21.61,11.25,75.79,0.47,0.47
2014-12-19,24.54,9.38,64.04,0.0,0.47
2014-12-20,24.86,9.59,57.63,0.0,0.47
2014-12-21,25.72,9.3,51.46,0.0,0.47
2014-12-22,23.83,9.42,65.15,0.0,0.47
2014-12-23,25.68,10.57,62.39,0.0,0.47
2014-12-24,26.75,10.41,56.23,0.0,0.47
2014-12-25,26.88,10.65,52.5,0.0,0.47
2014-12-26,26.97,10.1,46.2,0.0,0.47
2014-12-27,27.84,11.36,55.88,0.0,0.47
2014-12-28,28.36,13.13,53.57,0.0,0.47
2014-12-29,27.67,13.28,52.99,0.0,0.47
2014-12-30,25.39,13.93,64.82,0.01,0.47
2014-12-31,28.75,14.69,54.8,0.0,0.47
2015-01-01,26.94,15.45,58.12,0.01,0.47
2015-01-02,27.01,14.36,59.99,0.0,0.47
2015-01-03,27.26,15.15,58.89,0.03,0.47
2015-01-04,28.19,14.37,64.05,0.61,0.47
2015-01-05,25.63,14.37,69.73,0.45,0.47
2015-01-06,27.1,12.05,58.22,0.0,0.47
2015-01-07,27.01,10.17,50.91,0.0,0.47
2015-01-08,24.51,11.98,72.43,8.26,0.47
2015-01-09,19.26,9.61,84.59,12.01,0.49
2015-01-10,21.86,8.52,72.85,0.19,0.5
2015-01-11,22.28,8.45,68.57,0.72,0.5
2015-01-12,22.3,5.76,65.76,0.0,0.49
2015-01-13,23.05,5.95,62.22,0.0,0.49
2015-01-14,23.41,9.06,60.95,0.0,0.49
2015-01-15,24.45,10.18,70.34,0.03,0.49
2015-01-16,22.73,13.34,78.57,0.75,0.49
2015-01-17,23.93,13.88,75.9,2.49,0.49
2015-01-18,22.1,12.47,77.55,2.47,0.49
2015-01-19,21.5,12.23,75.82,0.38,0.49
2015-01-20,23.46,11.24,69.3,0.0,0.49
2015-01-21,24.62,8.97,58.2,0.0,0.48
2015-01-22,24.35,10.95,58.08,0.0,0.48
2015-01-23,25.33,10.45,57.39,0.0,0.48
2015-01-24,25.62,8.9,46.76,0.0,0.48
2015-01-25,25.89,9.56,45.1,0.0,0.48
2015-01-26,27.06,10.25,46.96,0.0,0.48
2015-01-27,27.05,11.11,43.05,0.0,0.47
2015-01-28,27.67,11.71,40.51,0.0,0.47
2015-01-29,27.7,12.09,38.99,0.0,0.47
2015-01-30,26.45,10.79,42.09,0.0,0.47
2015-01-31,25.93,9.47,42.87,0.0,0.47
2015-02-01,25.77,9.8,45.91,0.0,0.47
2015-02-02,26.02,10.05,44.21,0.0,0.47
2015-02-03,27.32,11.41,35.25,0.0,0.47
2015-02-04,27.88,12.74,27.87,0.0,0.47
2015-02-05,27.64,12.18,26.07,0.0,0.47
2015-02-06,26.8,11.07,29.54,0.0,0.47
2015-02-07,25.63,9.67,30.6,0.0,0.46
2015-02-08,25.95,10.95,33.63,0.0,0.46
2015-02-09,25.57,13.1,46.97,0.0,0.46
2015-02-10,26.44,11.8,49.6,0.0,0.46
2015-02-11,27.35,12.36,37.02,0.0,0.46
2015-02-12,27.76,12.94,35.26,0.0,0.46
2015-02-13,25.99,9.7,37.3,0.03,0.46
2015-02-14,25.15,8.28,49.85,0.0,0.46
2015-02-15,26.12,9.14,37.7,0.0,0.46
2015-02-16,26.49,10.07,39.35,0.0,0.46
2015-02-17,26.72,10.6,44.49,0.0,0.46
2015-02-18,26.39,11.02,40.08,0.0,0.46
2015-02-19,26.9,10.02,34.16,0.0,0.46
2015-02-20,28.02,9.8,30.42,0.0,0.46
2015-02-21,27.97,12.43,28.88,0.0,0.46
2015-02-22,28.24,12.19,27.43,0.0,0.46
2015-02-23,28.91,13.23,28.67,0.0,0.46
2015-02-24,29.26,11.71,29.81,0.0,0.46
2015-02-25,29.9,11.4,30.66,0.0,0.46
2015-02-26,29.49,11.04,35.89,0.0,0.46
2015-02-27,29.08,11.1,33.16,0.0,0.46
2015-02-28,30.93,12.26,29.68,0.0,0.46
2015-03-01,32.44,15.62,22.72,0.0,0.46
2015-03-02,31.82,16.16,24.54,0.0,0.46
2015-03-03,31.31,13.8,38.78,0.0,0.46
2015-03-04,29.75,13.94,44.35,0.0,0.46
2015-03-05,29.69,14.55,48.88,0.0,0.46
2015-03-06,30.99,13.86,39.64,0.0,0.46
2015-03-07,31.28,14.92,32.34,0.0,0.46
2015-03-08,32.81,15.45,26.84,0.0,0.46
2015-03-09,32.93,16.53,23.89,0.0,0.46
2015-03-10,32.68,15.35,24.4,0.0,0.46
2015-03-11,32.46,14.43,25.78,0.0,0.46
2015-03-12,32.7,16.96,22.16,0.0,0.46
2015-03-13,32.56,15.01,21.46,0.0,0.46
2015-03-14,32.16,14.26,17.41,0.0,0.46
2015-03-15,31.96,17.6,24.48,0.0,0.46
2015-03-16,32.04,17.1,31.53,0.0,0.46
2015-03-17,33.39,18.34,30.56,0.0,0.46
2015-03-18,32.06,14.86,29.65,0.0,0.46
2015-03-19,32.75,15.46,38.55,0.0,0.46
2015-03-20,33.65,17.47,36.12,0.0,0.46
2015-03-21,34.31,17.39,27.35,0.0,0.46
2015-03-22,34.11,14.99,21.1,0.0,0.46
2015-03-23,32.47,14.28,29.88,1.62,0.46
2015-03-24,30.75,15.02,38.12,4.27,0.47
2015-03-25,26.26,16.57,65.76,3.54,0.47
2015-03-26,26.85,15.41,65.27,3.88,0.48
2015-03-27,28.24,14.85,59.15,0.0,0.48
2015-03-28,28.71,15.14,56.16,0.25,0.48
2015-03-29,29.85,15.65,49.52,0.0,0.47
2015-03-30,30.69,14.85,49.25,0.0,0.47
2015-03-31,30.47,14.88,49.62,0.1,0.47
2015-04-01,28.42,15.55,58.24,0.15,0.47
2015-04-02,30.11,15.64,58.24,0.1,0.47
2015-04-03,29.05,15.52,61.36,0.0,0.47
2015-04-04,31.86,16.15,54.8,0.12,0.46
2015-04-05,33.45,16.22,45.35,0.15,0.46
2015-04-06,31.31,16.47,46.15,0.04,0.46
2015-04-07,33.32,16.24,45.57,0.07,0.46
2015-04-08,33.37,18.16,43.95,0.8,0.46
2015-04-09,32.27,17.88,41.28,0.94,0.46
2015-04-10,31.69,16.08,49.11,0.64,0.46
2015-04-11,32.59,15.8,44.5,0.78,0.46
2015-04-12,32.67,17.78,42.36,1.65,0.46
2015-04-13,30.16,18.76,54.78,0.0,0.47
2015-04-14,28.8,19.51,55.52,0.77,0.47
2015-04-15,30.86,17.75,56.96,2.61,0.47
2015-04-16,33.43,18.33,45.76,0.05,0.47
2015-04-17,32.62,17.68,44.84,0.0,0.47
2015-04-18,31.6,18.49,48.22,0.75,0.47
2015-04-19,31.44,17.15,53.68,0.27,0.47
2015-04-20,33.45,18.0,49.26,0.18,0.46
2015-04-21,32.15,18.55,50.52,0.53,0.46
2015-04-22,31.16,19.58,59.31,1.34,0.47
2015-04-23,29.39,18.07,65.15,1.96,0.47
2015-04-24,28.05,18.99,67.67,0.0,0.47
2015-04-25,29.37,18.33,60.29,0.94,0.47
2015-04-26,29.76,17.5,59.27,0.98,0.47
2015-04-27,28.34,18.37,60.12,0.44,0.47
2015-04-28,29.46,16.88,62.49,11.06,0.48
2015-04-29,30.55,16.08,58.27,0.27,0.48
2015-04-30,30.21,15.79,59.18,0.02,0.48
2015-05-01,31.46,16.8,57.5,0.0,0.48
2015-05-02,32.48,17.35,56.29,0.0,0.47
2015-05-03,32.11,18.02,56.63,0.0,0.47
2015-05-04,34.1,18.97,50.88,0.0,0.47
2015-05-05,33.78,19.47,50.94,1.33,0.47
2015-05-06,32.14,18.94,56.03,3.93,0.47
2015-05-07,33.2,18.88,50.5,0.0,0.47
2015-05-08,33.09,20.83,48.26,0.31,0.47
2015-05-09,32.15,19.34,50.42,0.54,0.47
2015-05-10,32.66,19.69,49.9,0.08,0.47
2015-05-11,34.93,18.89,45.46,0.0,0.46
2015-05-12,32.28,20.72,51.43,0.06,0.46
2015-05-13,34.14,20.77,47.87,0.03,0.46
2015-05-14,34.67,20.37,49.59,0.22,0.46
2015-05-15,33.76,20.51,52.16,6.32,0.46
2015-05-16,30.7,20.36,67.47,1.52,0.47
2015-05-17,29.2,20.84,68.14,0.32,0.47
2015-05-18,29.27,19.46,72.72,2.22,0.47
2015-05-19,27.7,19.7,76.77,7.18,0.48
2015-05-20,28.22,18.97,77.22,7.96,0.49
2015-05-21,27.91,19.11,73.81,4.74,0.5
2015-05-22,28.99,18.33,75.52,1.64,0.5
2015-05-23,26.04,19.52,79.1,7.19,0.5
2015-05-24,29.46,18.84,70.87,0.18,0.5
2015-05-25,30.69,19.49,67.35,0.11,0.49
2015-05-26,31.99,18.41,61.37,0.01,0.49
2015-05-27,31.37,19.6,63.05,0.0,0.48
2015-05-28,31.66,19.48,64.29,0.08,0.48
2015-05-29,31.68,20.29,65.21,1.27,0.48
2015-05-30,30.4,19.68,75.43,17.17,0.5
2015-05-31,29.17,19.8,76.8,5.12,0.51
2015-06-01,29.71,19.56,75.24,6.42,0.51
2015-06-02,30.66,19.33,74.41,2.68,0.51
2015-06-03,32.02,19.39,65.08,0.03,0.5
2015-06-04,31.78,19.93,69.09,0.76,0.5
2015-06-05,30.38,20.12,72.15,0.81,0.49
2015-06-06,30.92,19.85,69.19,0.29,0.49
2015-06-07,31.0,20.42,68.64,0.75,0.49
2015-06-08,29.31,20.22,78.91,16.2,0.5
2015-06-09,27.86,19.38,78.63,4.48,0.51
2015-06-10,29.52,19.06,73.24,0.48,0.51
2015-06-11,29.38,19.99,72.3,1.13,0.5
2015-06-12,30.54,18.63,69.81,0.69,0.5
2015-06-13,28.12,20.06,73.71,0.09,0.49
2015-06-14,31.03,19.19,68.78,1.55,0.49
2015-06-15,30.24,20.24,71.83,1.51,0.49
2015-06-16,28.66,19.95,74.57,0.69,0.49
2015-06-17,29.9,19.69,69.66,0.29,0.49
2015-06-18,31.22,20.04,70.97,0.89,0.48
2015-06-19,28.83,20.55,73.57,0.78,0.48
2015-06-20,31.54,20.12,66.55,0.1,0.48
2015-06-21,31.81,20.55,68.93,0.45,0.48
2015-06-22,30.55,19.72,70.55,0.61,0.48
2015-06-23,29.7,20.11,75.63,5.42,0.48
2015-06-24,29.81,19.75,77.94,4.91,0.48
2015-06-25,26.31,20.04,83.55,5.47,0.49
2015-06-26,28.7,20.4,80.88,1.07,0.49
2015-06-27,26.78,19.9,76.21,2.1,0.49
2015-06-28,27.56,18.45,75.9,0.89,0.49
2015-06-29,28.12,17.76,73.44,0.32,0.49
2015-06-30,30.05,17.52,69.11,0.0,0.49
2015-07-01,30.78,18.4,71.36,0.12,0.48
2015-07-02,29.68,18.95,73.23,1.21,0.48
2015-07-03,29.0,19.65,74.24,0.47,0.48
2015-07-04,31.38,19.57,69.61,0.12,0.48
2015-07-05,31.41,19.67,73.61,0.7,0.48
2015-07-06,29.17,20.46,72.79,0.48,0.48
2015-07-07,32.04,20.51,71.32,2.91,0.48
2015-07-08,24.59,20.25,88.12,5.87,0.49
2015-07-09,27.93,19.5,78.21,1.08,0.49
2015-07-10,29.07,18.26,66.09,0.28,0.49
2015-07-11,29.46,19.87,69.32,0.73,0.48
2015-07-12,29.95,20.16,78.08,10.56,0.49
2015-07-13,31.01,19.64,73.1,1.07,0.5
2015-07-14,32.52,20.41,74.09,0.55,0.49
2015-07-15,28.92,20.8,75.18,0.74,0.49
2015-07-16,30.13,20.53,78.19,3.16,0.49
2015-07-17,26.72,20.3,81.92,2.29,0.49
2015-07-18,27.24,19.79,79.53,3.26,0.49
2015-07-19,28.64,19.09,76.2,0.43,0.49
2015-07-20,31.11,19.57,72.7,4.48,0.49
2015-07-21,26.78,19.17,79.14,10.35,0.5
2015-07-22,27.42,19.31,83.1,4.38,0.51
2015-07-23,26.93,18.86,82.89,4.17,0.51
2015-07-24,24.0,19.64,85.26,1.48,0.51
2015-07-25,23.24,18.92,87.29,5.06,0.51
2015-07-26,25.61,17.87,80.21,1.89,0.52
2015-07-27,25.5,18.67,78.72,2.61,0.51
2015-07-28,25.53,19.12,83.17,2.7,0.51
2015-07-29,25.29,18.77,79.66,1.71,0.51
2015-07-30,24.33,19.53,82.73,4.58,0.51
2015-07-31,25.68,18.82,79.97,0.3,0.51
2015-08-01,26.18,18.95,82.64,8.79,0.51
2015-08-02,25.16,18.06,85.01,16.28,0.54
2015-08-03,26.2,17.46,83.97,2.04,0.54
2015-08-04,27.75,18.38,78.82,0.22,0.53
2015-08-05,28.71,18.78,78.93,0.53,0.53
2015-08-06,28.49,19.53,79.51,2.61,0.52
2015-08-07,29.69,19.92,76.12,2.06,0.52
2015-08-08,29.28,19.76,79.93,2.65,0.51
2015-08-09,27.56,20.78,78.47,0.23,0.51
2015-08-10,30.7,19.65,71.15,0.74,0.51
2015-08-11,30.83,20.86,75.07,5.17,0.51
2015-08-12,25.85,20.59,84.92,3.15,0.51
2015-08-13,26.09,19.78,85.74,10.64,0.52
2015-08-14,27.81,19.37,82.96,7.34,0.53
2015-08-15,26.22,19.37,82.66,3.51,0.53
2015-08-16,27.84,18.64,78.7,2.82,0.53
2015-08-17,27.31,18.28,78.19,0.28,0.52
2015-08-18,28.37,19.21,77.74,0.8,0.52
2015-08-19,28.62,18.85,78.23,0.3,0.51
2015-08-20,27.33,19.2,82.62,3.02,0.51
2015-08-21,29.69,19.23,78.72,2.86,0.51
2015-08-22,28.82,19.73,78.27,1.45,0.51
2015-08-23,31.22,18.94,74.36,0.23,0.51
2015-08-24,30.77,18.6,70.58,0.1,0.5
2015-08-25,30.73,19.93,70.81,0.05,0.5
2015-08-26,29.59,20.41,75.55,0.34,0.5
2015-08-27,30.04,19.29,73.34,0.85,0.49
2015-08-28,30.48,18.91,71.91,0.91,0.49
2015-08-29,29.43,18.17,73.61,2.54,0.49
2015-08-30,30.08,19.26,75.9,0.88,0.49
2015-08-31,27.8,19.27,76.22,1.1,0.49
2015-09-01,26.94,18.93,78.45,0.84,0.49
2015-09-02,27.93,18.23,75.71,0.78,0.49
2015-09-03,29.78,19.19,72.53,2.01,0.49
2015-09-04,28.46,19.24,74.04,0.54,0.49
2015-09-05,28.59,19.72,79.02,1.79,0.49
2015-09-06,26.75,19.85,81.86,1.56,0.49
2015-09-07,28.76,19.16,76.97,2.45,0.49
2015-09-08,28.04,20.13,79.01,0.81,0.49
2015-09-09,29.1,19.9,77.54,0.43,0.49
2015-09-10,28.37,19.76,81.86,1.9,0.49
2015-09-11,31.01,19.6,74.43,0.49,0.49
2015-09-12,32.87,19.34,67.76,0.45,0.49
2015-09-13,27.46,20.35,77.64,2.31,0.49
2015-09-14,30.95,20.3,74.1,0.68,0.49
2015-09-15,31.54,20.05,70.73,0.06,0.49
2015-09-16,32.12,19.32,67.24,0.22,0.48
2015-09-17,31.24,19.99,69.0,1.73,0.48
2015-09-18,29.56,20.24,76.66,13.34,0.49
2015-09-19,28.5,18.95,73.99,0.25,0.51
2015-09-20,29.06,18.63,72.03,0.12,0.5
2015-09-21,29.59,20.02,73.35,0.03,0.5
2015-09-22,30.19,19.42,72.84,0.29,0.49
2015-09-23,30.73,18.47,69.38,0.06,0.49
2015-09-24,30.21,19.63,74.83,0.6,0.49
2015-09-25,31.17,19.12,72.21,0.6,0.49
2015-09-26,29.99,20.06,76.86,1.38,0.49
2015-09-27,29.7,19.9,74.31,0.12,0.48
2015-09-28,27.74,20.28,76.71,0.17,0.48
2015-09-29,31.99,20.13,69.84,0.34,0.48
2015-09-30,27.96,20.6,81.76,6.37,0.49
2015-10-01,27.46,20.32,81.62,1.37,0.49
2015-10-02,29.25,19.09,74.47,1.37,0.49
2015-10-03,30.16,18.17,74.53,2.09,0.49
2015-10-04,28.29,19.79,75.18,1.2,0.49
2015-10-05,30.2,19.13,76.7,5.1,0.49
2015-10-06,26.72,19.67,80.82,1.47,0.5
2015-10-07,29.13,19.44,77.22,1.16,0.5
2015-10-08,28.44,19.71,78.95,2.36,0.5
2015-10-09,25.64,18.85,83.48,6.51,0.5
2015-10-10,27.48,19.31,79.11,4.23,0.51
2015-10-11,20.34,15.94,86.2,8.15,0.52
2015-10-12,23.04,14.69,79.47,0.61,0.52
2015-10-13,25.56,14.01,77.01,0.18,0.51
2015-10-14,27.87,14.46,75.3,0.04,0.51
2015-10-15,28.42,16.79,72.62,0.0,0.51
2015-10-16,29.19,17.46,67.75,0.15,0.5
2015-10-17,29.9,18.16,66.65,3.61,0.5
2015-10-18,28.92,18.69,70.05,14.8,0.52
2015-10-19,28.78,17.92,66.1,0.0,0.52
2015-10-20,29.55,17.84,59.51,0.04,0.51
2015-10-21,29.73,17.04,57.8,0.0,0.51
2015-10-22,29.92,17.2,56.56,0.0,0.5
2015-10-23,29.96,16.27,60.15,0.04,0.5
2015-10-24,29.67,16.32,67.98,0.31,0.49
2015-10-25,25.51,18.19,76.99,0.0,0.49
2015-10-26,28.79,16.99,69.98,0.0,0.49
2015-10-27,29.18,17.09,65.61,0.06,0.49
2015-10-28,28.39,16.8,65.94,0.25,0.49
2015-10-29,27.17,17.47,75.05,0.31,0.48
2015-10-30,23.86,16.26,76.83,0.48,0.48
2015-10-31,25.32,16.16,79.73,8.99,0.49
2015-11-01,22.71,16.13,86.62,1.19,0.5
2015-11-02,21.87,16.07,85.41,9.61,0.51
2015-11-03,26.36,15.73,80.13,3.4,0.52
2015-11-04,26.66,14.29,75.81,0.0,0.51
2015-11-05,27.75,15.03,70.36,0.0,0.51
2015-11-06,28.33,16.0,66.22,0.0,0.5
2015-11-07,28.97,15.7,64.1,0.0,0.5
2015-11-08,29.45,15.9,61.24,0.0,0.5
2015-11-09,28.56,15.73,67.27,1.75,0.49
2015-11-10,26.76,17.34,82.41,9.68,0.5
2015-11-11,24.91,17.86,88.18,9.18,0.51
2015-11-12,24.71,16.52,87.14,4.77,0.53
2015-11-13,27.03,15.46,78.29,0.0,0.52
2015-11-14,26.67,15.05,78.95,0.0,0.52
2015-11-15,27.01,15.08,73.41,0.0,0.51
2015-11-16,26.9,13.25,66.83,0.0,0.51
2015-11-17,27.25,11.48,58.14,0.0,0.5
2015-11-18,27.99,14.61,66.37,0.0,0.5
2015-11-19,26.25,14.84,63.79,0.0,0.5
2015-11-20,27.92,13.7,65.93,0.0,0.49
2015-11-21,28.14,14.14,64.56,0.0,0.49
2015-11-22,28.26,13.71,56.74,0.0,0.49
2015-11-23,27.74,13.07,49.57,0.0,0.49
2015-11-24,27.32,12.53,52.61,0.0,0.48
2015-11-25,27.85,13.71,56.96,0.04,0.48
2015-11-26,26.56,13.1,72.34,4.32,0.48
2015-11-27,25.13,14.75,83.04,3.19,0.49
2015-11-28,25.99,15.75,79.77,0.0,0.49
2015-11-29,26.89,15.64,71.74,0.0,0.49
2015-11-30,27.52,15.19,66.29,0.0,0.49
2015-12-01,27.72,14.64,66.35,0.0,0.48
2015-12-02,27.41,13.93,63.28,0.0,0.48
2015-12-03,26.31,14.26,67.96,1.57,0.48
2015-12-04,22.54,13.23,74.84,7.3,0.49
2015-12-05,25.26,10.25,62.89,0.0,0.49
2015-12-06,25.0,10.06,62.12,0.0,0.49
2015-12-07,23.98,10.6,69.85,0.33,0.49
2015-12-08,24.54,13.06,71.04,0.02,0.49
2015-12-09,24.46,11.03,61.83,0.0,0.49
2015-12-10,24.78,10.78,56.53,0.0,0.48
2015-12-11,25.85,11.69,56.93,0.0,0.48
2015-12-12,26.31,11.9,57.61,0.0,0.48
2015-12-13,26.67,13.21,55.45,0.0,0.48
2015-12-14,26.56,13.14,60.02,0.01,0.48
2015-12-15,24.89,11.76,66.95,0.34,0.48
2015-12-16,25.56,13.05,68.18,1.07,0.48
2015-12-17,21.12,12.55,84.31,1.67,0.48
2015-12-18,23.69,12.49,71.23,0.17,0.48
2015-12-19,20.63,12.69,78.31,0.67,0.48
2015-12-20,24.12,11.15,69.67,0.0,0.48
2015-12-21,24.38,9.7,64.9,0.0,0.48
2015-12-22,25.15,9.63,52.4,0.0,0.48
2015-12-23,25.88,11.28,47.56,0.0,0.48
2015-12-24,26.24,10.5,49.74,0.0,0.47
2015-12-25,26.09,11.11,59.08,0.23,0.47
2015-12-26,26.27,12.17,62.32,0.0,0.47
2015-12-27,26.24,10.06,63.16,0.0,0.47
2015-12-28,25.98,11.84,67.2,0.0,0.47
2015-12-29,26.08,10.9,57.37,0.0,0.47
2015-12-30,25.79,11.54,63.17,0.01,0.47
2015-12-31,23.87,13.13,74.25,0.18,0.47
2016-01-01,21.62,14.95,75.09,0.51,0.47
2016-01-02,23.84,13.1,66.4,0.0,0.47
2016-01-03,23.75,11.19,62.15,0.0,0.47
2016-01-04,24.22,10.66,60.45,0.0,0.47
2016-01-05,25.3,8.49,49.04,0.0,0.47
2016-01-06,25.79,9.75,41.98,0.0,0.47
2016-01-07,25.16,9.73,36.08,0.0,0.47
2016-01-08,24.13,10.06,36.06,0.0,0.47
2016-01-09,23.13,8.45,42.62,0.1,0.47
2016-01-10,23.2,8.54,41.46,0.0,0.47
2016-01-11,23.66,6.39,46.77,0.0,0.47
2016-01-12,24.01,9.71,41.23,0.0,0.47
2016-01-13,24.16,8.07,44.31,0.0,0.47
2016-01-14,24.21,7.69,43.9,0.0,0.47
2016-01-15,24.87,8.07,34.44,0.0,0.47
2016-01-16,23.97,7.09,34.91,0.0,0.47
2016-01-17,23.55,5.07,43.01,0.0,0.47
2016-01-18,24.59,7.52,41.45,0.0,0.47
2016-01-19,26.5,7.97,36.24,0.0,0.47
2016-01-20,26.8,10.25,32.57,0.0,0.47
2016-01-21,26.66,10.18,38.74,0.68,0.47
2016-01-22,26.44,11.32,45.59,0.06,0.47
2016-01-23,25.2,11.09,55.32,0.07,0.47
2016-01-24,25.88,8.43,59.86,1.37,0.47
2016-01-25,16.44,5.55,80.46,7.49,0.47
2016-01-26,18.85,5.84,82.69,7.87,0.49
2016-01-27,20.3,8.48,79.08,0.06,0.49
2016-01-28,22.8,8.71,58.61,0.02,0.49
2016-01-29,23.7,9.19,48.77,0.0,0.49
2016-01-30,24.56,9.54,52.47,0.0,0.49
2016-01-31,24.94,9.64,52.0,0.0,0.48
2016-02-01,26.53,8.14,50.85,0.0,0.48
2016-02-02,26.86,11.76,40.38,0.0,0.48
2016-02-03,26.08,10.93,39.36,0.0,0.48
2016-02-04,26.53,10.52,35.31,0.0,0.48
2016-02-05,26.74,9.37,37.48,0.0,0.47
2016-02-06,26.23,9.04,53.89,0.0,0.47
2016-02-07,23.88,9.36,56.75,0.0,0.47
2016-02-08,24.83,9.26,51.53,0.0,0.47
2016-02-09,25.03,9.37,52.57,0.19,0.47
2016-02-10,24.51,9.0,57.23,0.15,0.47
2016-02-11,25.68,10.1,63.15,0.12,0.47
2016-02-12,25.44,10.97,60.89,0.0,0.47
2016-02-13,27.48,11.95,53.52,0.0,0.47
2016-02-14,29.68,13.36,47.9,0.0,0.47
2016-02-15,29.81,13.16,40.16,0.0,0.47
2016-02-16,30.23,14.66,37.43,0.0,0.47
2016-02-17,30.58,13.88,38.12,0.0,0.47
2016-02-18,29.93,15.05,39.43,0.0,0.46
2016-02-19,30.25,12.51,42.17,0.0,0.46
2016-02-20,32.07,15.95,42.7,0.0,0.46
2016-02-21,29.62,14.16,44.74,0.0,0.46
2016-02-22,28.22,13.32,46.32,0.0,0.46
2016-02-23,29.42,13.44,47.6,0.0,0.46
2016-02-24,29.28,14.53,51.44,1.27,0.46
2016-02-25,26.78,14.12,67.31,4.2,0.47
2016-02-26,22.83,13.61,76.23,2.58,0.48
2016-02-27,23.52,13.12,73.88,0.79,0.47
2016-02-28,24.18,14.71,68.57,0.01,0.47
2016-02-29,24.4,13.18,66.51,0.3,0.47
2016-03-01,24.76,12.62,63.62,0.0,0.47
2016-03-02,27.07,14.24,58.69,0.13,0.47
2016-03-03,27.41,14.51,48.43,0.0,0.47
2016-03-04,29.39,14.05,41.11,0.0,0.47
2016-03-05,29.45,14.21,37.41,0.0,0.47
2016-03-06,29.6,15.69,36.91,0.0,0.47
2016-03-07,30.54,15.41,40.96,0.0,0.47
2016-03-08,30.35,14.24,46.6,0.0,0.46
2016-03-09,30.57,14.47,48.61,0.0,0.46
2016-03-10,32.59,15.37,47.41,0.0,0.46
2016-03-11,31.39,16.71,47.56,0.0,0.46
2016-03-12,31.2,15.91,48.17,0.0,0.46
2016-03-13,32.69,15.44,47.51,0.0,0.46
2016-03-14,31.8,18.46,39.66,0.0,0.46
2016-03-15,31.71,16.91,41.87,0.0,0.46
2016-03-16,31.13,15.91,42.57,0.0,0.46
2016-03-17,30.62,14.65,48.18,0.0,0.46
2016-03-18,32.04,16.65,37.32,0.0,0.46
2016-03-19,32.43,15.35,37.56,0.0,0.46
2016-03-20,31.62,15.67,45.57,0.0,0.46
2016-03-21,30.6,15.57,48.23,0.06,0.46
2016-03-22,30.51,14.91,56.1,0.0,0.46
2016-03-23,30.95,16.83,55.43,0.05,0.46
2016-03-24,31.91,16.45,49.42,0.0,0.46
2016-03-25,33.75,14.65,30.43,0.25,0.46
2016-03-26,32.66,16.49,36.35,0.0,0.46
2016-03-27,31.75,16.55,40.25,0.0,0.46
2016-03-28,31.46,14.41,42.45,0.02,0.46
2016-03-29,28.28,14.53,39.98,0.0,0.46
2016-03-30,29.19,15.15,46.35,0.0,0.46
2016-03-31,32.23,14.3,38.48,0.33,0.46
2016-04-01,31.94,16.58,39.51,0.24,0.46
2016-04-02,30.46,16.41,50.24,0.4,0.46
2016-04-03,32.3,16.88,42.68,0.0,0.46
2016-04-04,32.18,16.84,47.64,0.0,0.46
2016-04-05,32.82,16.9,44.37,0.3,0.46
2016-04-06,32.12,16.79,49.16,0.03,0.46
2016-04-07,34.13,17.27,51.4,0.0,0.46
2016-04-08,35.35,18.29,43.9,0.0,0.46
2016-04-09,34.02,18.6,43.89,0.19,0.46
2016-04-10,34.68,19.05,44.5,0.0,0.46
2016-04-11,35.9,19.35,38.91,0.0,0.46
2016-04-12,34.08,18.91,42.14,0.02,0.46
2016-04-13,32.96,18.98,47.31,0.09,0.46
2016-04-14,33.08,18.29,44.22,0.01,0.46
2016-04-15,33.55,18.85,43.51,0.0,0.46
2016-04-16,34.22,19.08,42.98,0.31,0.46
2016-04-17,33.85,18.82,45.46,0.06,0.46
2016-04-18,35.33,20.15,36.25,0.03,0.46
2016-04-19,35.09,19.56,36.34,0.41,0.46
2016-04-20,35.83,19.07,35.53,0.0,0.46
2016-04-21,34.38,18.42,38.66,0.11,0.46
2016-04-22,31.89,18.8,47.32,0.65,0.46
2016-04-23,32.25,18.56,54.14,0.45,0.46
2016-04-24,28.6,19.13,65.85,1.07,0.46
2016-04-25,32.25,18.22,55.29,0.16,0.46
2016-04-26,32.5,19.37,52.05,0.0,0.46
2016-04-27,35.49,19.57,48.16,0.0,0.46
2016-04-28,36.63,21.26,38.38,0.0,0.46
2016-04-29,35.09,20.55,43.93,0.1,0.46
2016-04-30,32.1,20.73,54.67,4.62,0.46
2016-05-01,26.7,20.08,74.2,4.38,0.47
2016-05-02,29.81,17.99,67.02,3.9,0.48
2016-05-03,29.53,18.53,61.84,0.3,0.48
2016-05-04,31.4,16.97,60.09,0.49,0.48
2016-05-05,30.34,18.75,57.51,0.12,0.47
2016-05-06,33.06,19.16,48.8,0.07,0.47
2016-05-07,33.94,19.41,45.62,0.0,0.47
2016-05-08,35.12,20.11,41.48,0.01,0.47
2016-05-09,35.1,20.0,45.86,0.0,0.47
2016-05-10,35.64,20.48,44.2,0.0,0.46
2016-05-11,34.4,23.31,42.44,0.0,0.46
2016-05-12,33.74,21.8,42.53,0.24,0.46
2016-05-13,31.79,21.61,48.44,0.67,0.46
2016-05-14,34.29,19.48,47.7,1.96,0.47
2016-05-15,36.09,20.89,42.41,0.21,0.46
2016-05-16,35.48,22.45,43.07,0.62,0.46
2016-05-17,34.33,20.29,47.56,2.5,0.47
2016-05-18,32.41,20.91,55.13,1.51,0.47
2016-05-19,25.52,19.69,80.0,11.18,0.48
2016-05-20,25.05,18.98,81.2,1.79,0.49
2016-05-21,24.92,19.02,81.09,1.46,0.49
2016-05-22,28.88,19.68,73.63,3.7,0.49
2016-05-23,27.7,18.4,78.64,2.21,0.49
2016-05-24,28.02,18.79,75.28,0.29,0.49
2016-05-25,26.22,19.35,76.61,1.06,0.49
2016-05-26,29.85,18.28,75.06,5.92,0.49
2016-05-27,31.27,18.31,63.23,0.01,0.49
2016-05-28,31.5,19.85,62.52,0.71,0.48
2016-05-29,31.33,19.34,67.11,1.11,0.48
2016-05-30,30.81,19.54,72.06,2.4,0.48
2016-05-31,29.51,20.32,76.77,3.55,0.48
2016-06-01,26.74,19.6,79.47,3.55,0.48
2016-06-02,26.71,19.01,81.2,4.48,0.49
2016-06-03,27.8,18.72,78.96,2.69,0.49
2016-06-04,27.96,20.03,77.39,1.3,0.49
2016-06-05,26.65,19.63,82.22,14.32,0.5
2016-06-06,25.9,18.98,80.49,0.57,0.51
2016-06-07,28.29,18.97,77.6,7.1,0.51
2016-06-08,25.68,18.28,81.14,5.78,0.52
2016-06-09,24.85,18.5,80.36,2.4,0.52
2016-06-10,26.69,17.85,80.2,3.38,0.51
2016-06-11,24.98,18.74,81.1,1.99,0.51
2016-06-12,27.01,18.55,80.47,6.11,0.51
2016-06-13,28.02,18.56,78.15,2.17,0.51
2016-06-14,26.98,18.75,77.81,3.48,0.51
2016-06-15,27.34,19.66,80.42,0.59,0.51
2016-06-16,28.33,19.46,76.78,1.7,0.5
2016-06-17,31.35,19.31,74.17,16.56,0.51
2016-06-18,28.42,19.67,76.97,0.27,0.53
2016-06-19,26.73,19.28,80.31,3.17,0.52
2016-06-20,28.72,18.66,77.02,1.19,0.52
2016-06-21,28.41,19.31,77.39,3.02,0.51
2016-06-22,29.09,20.04,78.98,0.74,0.51
2016-06-23,26.92,20.17,80.56,0.61,0.51
2016-06-24,27.65,19.45,81.56,2.85,0.51
2016-06-25,26.67,19.82,81.68,12.71,0.52
2016-06-26,30.17,19.23,75.91,1.53,0.52
2016-06-27,30.12,19.81,72.84,0.09,0.52
2016-06-28,31.42,19.77,73.66,1.3,0.51
2016-06-29,29.59,20.64,75.24,1.48,0.51
2016-06-30,28.7,20.23,82.26,8.09,0.51
2016-07-01,27.03,19.52,85.26,9.54,0.52
2016-07-02,26.8,19.78,81.82,5.88,0.53
2016-07-03,27.8,18.87,78.25,5.27,0.53
2016-07-04,26.51,19.57,79.18,2.47,0.53
2016-07-05,27.39,19.02,78.67,1.26,0.52
2016-07-06,28.99,18.8,80.06,3.23,0.52
2016-07-07,27.47,19.58,81.59,2.23,0.52
2016-07-08,28.72,19.65,76.84,0.34,0.52
2016-07-09,26.51,20.06,82.71,4.93,0.52
2016-07-10,27.07,18.63,83.25,5.11,0.52
2016-07-11,28.97,18.84,76.06,1.24,0.52
2016-07-12,29.18,19.24,78.49,1.6,0.51
2016-07-13,25.64,19.65,85.07,2.36,0.51
2016-07-14,25.45,19.26,83.97,11.44,0.52
2016-07-15,27.16,18.56,78.43,0.4,0.53
2016-07-16,26.77,19.01,81.12,4.95,0.52
2016-07-17,27.31,18.49,80.22,2.02,0.53
2016-07-18,28.36,18.48,74.77,0.06,0.52
2016-07-19,26.85,19.03,78.91,0.47,0.51
2016-07-20,27.4,19.77,78.83,1.66,0.51
2016-07-21,25.68,19.19,82.91,4.33,0.51
2016-07-22,25.32,17.97,82.43,6.26,0.52
2016-07-23,25.09,18.25,79.7,0.25,0.52
2016-07-24,24.78,17.64,82.38,1.58,0.52
2016-07-25,27.27,17.89,81.47,3.02,0.52
2016-07-26,30.22,17.5,72.72,0.08,0.51
2016-07-27,29.74,18.93,75.15,2.38,0.51
2016-07-28,29.73,20.12,78.76,2.25,0.51
2016-07-29,26.63,20.49,83.59,3.4,0.51
2016-07-30,25.49,19.38,85.24,10.6,0.52
2016-07-31,28.11,17.98,79.8,1.24,0.53
2016-08-01,27.44,19.0,78.66,0.86,0.53
2016-08-02,29.92,19.58,74.14,0.26,0.52
2016-08-03,28.04,20.44,79.13,0.63,0.51
2016-08-04,26.66,19.56,80.56,1.05,0.51
2016-08-05,27.2,19.39,78.5,1.56,0.51
2016-08-06,28.61,18.76,75.21,0.73,0.51
2016-08-07,29.53,18.24,76.07,1.47,0.51
2016-08-08,26.49,18.41,83.01,4.62,0.51
2016-08-09,28.39,18.05,75.87,0.17,0.51
2016-08-10,29.59,17.17,73.22,0.04,0.51
2016-08-11,31.0,18.06,72.51,1.71,0.5
2016-08-12,27.05,19.89,82.25,3.48,0.5
2016-08-13,27.01,19.77,82.36,0.89,0.51
2016-08-14,25.33,19.22,81.84,1.81,0.5
2016-08-15,25.77,18.62,84.89,4.78,0.51
2016-08-16,27.49,18.89,79.84,5.66,0.51
2016-08-17,27.78,17.87,78.26,1.09,0.52
2016-08-18,28.73,18.53,77.59,0.59,0.51
2016-08-19,29.27,18.8,79.34,6.16,0.51
2016-08-20,24.46,18.92,86.6,3.01,0.52
2016-08-21,28.93,18.81,72.87,0.13,0.52
2016-08-22,28.86,19.25,81.83,4.7,0.52
2016-08-23,26.88,19.54,84.15,2.51,0.52
2016-08-24,29.93,19.98,78.11,4.86,0.52
2016-08-25,30.59,20.83,77.48,6.4,0.52
2016-08-26,28.33,20.82,80.66,13.75,0.54
2016-08-27,28.49,20.46,82.17,1.68,0.54
2016-08-28,28.83,20.24,82.6,11.53,0.55
2016-08-29,23.94,20.29,90.0,1.08,0.55
2016-08-30,28.72,19.1,80.59,1.38,0.54
2016-08-31,27.84,18.81,80.09,7.35,0.54
2016-09-01,27.1,18.75,83.35,0.34,0.54
2016-09-02,26.78,19.82,81.65,0.74,0.53
2016-09-03,26.31,20.12,82.47,1.9,0.53
2016-09-04,27.31,19.75,80.85,0.91,0.53
2016-09-05,26.98,19.23,79.49,0.19,0.52
2016-09-06,28.5,19.46,79.46,1.29,0.52
2016-09-07,27.27,19.11,78.37,0.41,0.52
2016-09-08,27.43,19.57,84.15,4.34,0.52
2016-09-09,26.27,18.95,84.1,0.99,0.52
2016-09-10,28.82,18.39,80.64,4.63,0.52
2016-09-11,24.82,18.93,85.82,4.36,0.53
2016-09-12,28.02,18.12,84.05,5.25,0.53
2016-09-13,29.61,19.5,77.87,0.89,0.53
2016-09-14,28.85,18.8,77.46,3.53,0.53
2016-09-15,30.14,19.16,75.65,2.9,0.53
2016-09-16,28.86,20.5,79.95,0.81,0.52
2016-09-17,28.55,19.78,83.31,1.65,0.52
2016-09-18,29.87,20.14,78.05,4.01,0.52
2016-09-19,28.52,20.19,80.45,0.62,0.52
2016-09-20,25.62,20.31,87.07,4.44,0.52
2016-09-21,28.52,18.7,78.2,1.68,0.53
2016-09-22,28.79,16.97,75.25,0.07,0.52
2016-09-23,29.1,17.51,75.28,1.05,0.51
2016-09-24,29.74,19.15,77.36,5.28,0.52
2016-09-25,30.27,18.52,76.0,0.28,0.52
2016-09-26,29.42,20.51,80.48,0.95,0.51
2016-09-27,28.75,19.26,80.78,0.27,0.51
2016-09-28,31.04,18.75,73.15,0.27,0.51
2016-09-29,29.33,20.24,80.74,6.27,0.51
2016-09-30,29.26,20.55,80.29,4.04,0.52
2016-10-01,26.1,20.21,87.1,13.75,0.53
2016-10-02,28.81,19.69,80.43,0.48,0.54
2016-10-03,28.17,18.92,77.13,1.2,0.53
2016-10-04,24.65,18.44,86.08,3.61,0.53
2016-10-05,25.18,19.05,86.24,2.38,0.53
2016-10-06,29.08,17.79,80.14,0.35,0.53
2016-10-07,26.97,19.01,81.48,0.35,0.53
2016-10-08,29.9,18.24,79.15,2.24,0.52
2016-10-09,28.05,19.47,83.0,8.3,0.53
2016-10-10,28.48,18.25,79.65,0.31,0.53
2016-10-11,28.6,18.36,81.18,2.12,0.52
2016-10-12,28.55,18.39,80.18,2.43,0.52
2016-10-13,28.65,19.02,78.97,0.16,0.52
2016-10-14,29.88,18.34,71.7,0.18,0.52
2016-10-15,30.43,17.98,67.68,0.01,0.51
2016-10-16,29.19,17.66,75.22,1.05,0.51
2016-10-17,28.81,17.83,77.48,2.23,0.51
2016-10-18,30.05,17.57,69.8,0.01,0.51
2016-10-19,30.43,19.15,67.77,0.45,0.5
2016-10-20,29.33,19.15,77.28,4.32,0.5
2016-10-21,29.98,18.36,73.08,0.0,0.5
2016-10-22,29.99,18.14,72.53,0.0,0.5
2016-10-23,28.84,19.86,75.59,0.11,0.5
2016-10-24,28.38,16.72,80.21,4.88,0.5
2016-10-25,28.73,17.77,81.31,2.61,0.5
2016-10-26,23.72,18.71,88.33,2.15,0.51
2016-10-27,27.11,18.53,78.41,2.16,0.51
2016-10-28,22.71,17.29,88.16,12.01,0.52
2016-10-29,23.47,17.95,89.12,3.41,0.53
2016-10-30,25.97,16.94,83.62,0.47,0.53
2016-10-31,26.72,18.19,78.35,0.11,0.53
2016-11-01,26.24,16.9,80.1,0.33,0.52
2016-11-02,25.02,17.96,80.65,0.04,0.52
2016-11-03,27.58,16.8,75.48,0.0,0.51
2016-11-04,26.49,17.97,78.42,0.04,0.51
2016-11-05,26.49,17.55,80.86,0.14,0.51
2016-11-06,29.17,17.21,74.76,0.03,0.51
2016-11-07,29.37,17.45,72.38,0.09,0.5
2016-11-08,27.73,16.04,78.25,15.91,0.51
2016-11-09,27.11,18.04,84.13,1.66,0.53
2016-11-10,26.03,18.56,88.42,5.03,0.53
2016-11-11,26.01,17.68,86.27,0.92,0.53
2016-11-12,25.09,18.06,83.32,0.0,0.53
2016-11-13,27.66,17.32,77.75,0.0,0.52
2016-11-14,28.52,17.18,71.41,0.01,0.52
2016-11-15,27.61,15.11,69.12,1.26,0.51
2016-11-16,28.63,15.09,68.53,0.0,0.51
2016-11-17,28.55,16.1,66.51,0.0,0.51
2016-11-18,28.91,15.87,60.72,0.0,0.5
2016-11-19,28.68,15.68,55.63,0.0,0.5
2016-11-20,28.01,14.27,55.95,0.0,0.5
2016-11-21,27.7,13.31,48.13,0.0,0.49
2016-11-22,27.48,11.97,46.8,0.0,0.49
2016-11-23,26.71,10.22,59.71,0.0,0.49
2016-11-24,26.82,9.27,58.52,0.0,0.49
2016-11-25,27.43,9.89,45.63,0.0,0.49
2016-11-26,27.42,10.49,47.59,0.0,0.49
2016-11-27,26.99,10.49,64.57,1.38,0.49
2016-11-28,25.77,12.09,74.51,0.27,0.49
2016-11-29,25.31,12.6,76.41,0.91,0.49
2016-11-30,23.31,12.81,82.05,0.0,0.49
2016-12-01,26.65,14.75,74.99,0.04,0.49
2016-12-02,26.64,15.35,71.61,0.12,0.48
2016-12-03,26.66,14.68,72.25,0.0,0.48
2016-12-04,27.07,15.12,66.26,0.0,0.48
2016-12-05,26.66,13.51,66.59,0.0,0.48
2016-12-06,26.0,13.01,71.38,0.0,0.48
2016-12-07,27.1,12.99,69.92,0.0,0.48
2016-12-08,27.42,12.54,67.91,0.0,0.48
2016-12-09,27.23,11.9,66.48,0.0,0.48
2016-12-10,28.06,12.29,63.18,0.0,0.48
2016-12-11,27.2,12.94,69.26,0.0,0.48
2016-12-12,26.45,14.87,72.62,0.0,0.48
2016-12-13,27.13,14.35,67.5,0.0,0.48
2016-12-14,28.3,13.67,61.98,0.0,0.48
2016-12-15,27.61,12.6,65.3,0.0,0.48
2016-12-16,25.99,12.91,72.47,0.29,0.48
2016-12-17,26.38,12.26,69.22,0.0,0.48
2016-12-18,26.22,13.91,72.32,0.0,0.48
2016-12-19,25.13,12.51,74.05,0.0,0.48
2016-12-20,25.94,11.54,63.54,0.0,0.48
2016-12-21,26.36,10.8,53.63,0.0,0.48
2016-12-22,25.64,10.34,63.56,0.0,0.48
2016-12-23,25.74,11.13,67.48,0.0,0.48
2016-12-24,25.33,12.1,73.34,0.0,0.48
2016-12-25,25.24,12.37,75.46,0.0,0.48
2016-12-26,27.1,13.22,70.42,0.0,0.48
2016-12-27,26.7,12.5,67.64,0.07,0.47
2016-12-28,26.38,12.92,60.53,0.0,0.47
2016-12-29,25.34,11.94,70.25,0.0,0.47
2016-12-30,25.47,13.22,67.08,0.0,0.47
2016-12-31,26.23,11.58,62.88,0.0,0.47
2017-01-01,25.42,11.23,72.71,0.33,0.47
2017-01-02,26.33,13.37,72.62,0.88,0.47
2017-01-03,21.49,14.38,86.08,6.53,0.48
2017-01-04,23.02,12.76,79.36,1.73,0.49
2017-01-05,23.43,12.79,75.87,0.5,0.49
2017-01-06,24.76,12.19,72.15,0.1,0.49
2017-01-07,25.51,11.72,58.69,0.0,0.48
2017-01-08,26.27,11.17,51.59,0.0,0.48
2017-01-09,26.43,10.58,52.44,0.11,0.48
2017-01-10,24.59,10.81,74.16,2.55,0.48
2017-01-11,23.07,12.73,75.77,2.08,0.48
2017-01-12,25.47,11.15,59.36,0.14,0.48
2017-01-13,25.35,9.3,48.19,0.0,0.48
2017-01-14,25.29,9.58,45.45,0.0,0.48
2017-01-15,26.44,9.99,42.24,0.0,0.48
2017-01-16,26.46,9.72,43.05,0.0,0.48
2017-01-17,26.86,10.69,43.01,0.0,0.48
2017-01-18,27.05,10.1,43.61,0.0,0.48
2017-01-19,27.49,13.12,38.97,0.0,0.47
2017-01-20,28.86,12.16,36.68,0.0,0.47
2017-01-21,29.46,12.36,55.5,0.0,0.47
2017-01-22,28.95,13.62,65.39,0.0,0.47
2017-01-23,27.35,13.33,68.65,0.0,0.47
2017-01-24,28.15,12.8,59.75,0.0,0.47
2017-01-25,28.23,11.98,61.95,0.0,0.47
2017-01-26,27.78,12.0,59.88,0.0,0.47
2017-01-27,27.85,11.88,52.47,0.0,0.47
2017-01-28,26.37,12.1,48.61,0.0,0.47
2017-01-29,27.85,12.01,44.1,0.0,0.47
2017-01-30,27.3,12.19,46.98,0.0,0.47
2017-01-31,26.69,11.01,47.04,0.0,0.47
2017-02-01,27.8,11.47,48.65,0.0,0.47
2017-02-02,27.31,11.69,50.63,0.07,0.47
2017-02-03,26.71,13.12,45.95,0.36,0.47
2017-02-04,29.3,9.62,42.54,0.0,0.47
2017-02-05,30.87,13.61,31.53,0.0,0.47
2017-02-06,29.07,12.4,37.41,0.0,0.47
2017-02-07,28.14,10.31,33.96,0.0,0.47
2017-02-08,28.86,11.03,35.3,0.0,0.47
2017-02-09,30.26,12.11,35.62,0.0,0.47
2017-02-10,28.76,11.44,33.11,0.0,0.47
2017-02-11,29.0,11.5,31.04,0.0,0.47
2017-02-12,29.02,11.76,31.86,0.0,0.46
2017-02-13,28.44,11.24,39.18,0.01,0.46
2017-02-14,28.25,12.81,40.54,0.12,0.46
2017-02-15,24.06,14.76,52.47,0.13,0.47
2017-02-16,27.81,13.13,49.61,0.0,0.47
2017-02-17,29.26,14.94,41.42,0.0,0.47
2017-02-18,29.41,15.53,40.21,0.0,0.46
2017-02-19,27.71,13.27,47.71,0.0,0.46
2017-02-20,26.62,11.43,41.19,0.0,0.46
2017-02-21,28.32,10.89,45.81,0.0,0.46
2017-02-22,28.68,11.62,46.17,0.0,0.46
2017-02-23,29.01,12.01,39.51,0.0,0.46
2017-02-24,28.78,12.16,46.76,0.0,0.46
2017-02-25,29.41,11.86,43.54,0.0,0.46
2017-02-26,30.51,12.99,29.59,0.0,0.46
2017-02-27,29.56,10.74,27.31,0.0,0.46
2017-02-28,29.93,12.48,25.87,0.0,0.46
2017-03-01,31.07,13.89,26.77,0.0,0.46
2017-03-02,30.0,12.25,30.37,0.0,0.46
2017-03-03,29.4,11.95,30.69,0.0,0.46
2017-03-04,29.25,11.02,26.95,0.0,0.46
2017-03-05,30.18,11.79,27.27,0.0,0.46
2017-03-06,29.46,12.06,38.91,0.0,0.46
2017-03-07,29.81,13.02,48.7,0.0,0.46
2017-03-08,28.93,15.12,48.16,0.35,0.46
2017-03-09,27.88,14.31,53.52,0.07,0.46
2017-03-10,25.99,14.73,66.34,0.17,0.46
2017-03-11,28.56,14.98,63.1,0.9,0.46
2017-03-12,28.08,15.05,65.66,0.17,0.47
2017-03-13,27.87,15.07,62.63,0.0,0.46
2017-03-14,30.1,12.69,45.83,0.0,0.46
2017-03-15,31.82,13.97,39.05,0.0,0.46
2017-03-16,31.02,14.81,37.46,0.0,0.46
2017-03-17,31.15,13.78,34.36,0.0,0.46
2017-03-18,30.31,12.52,30.55,0.0,0.46
2017-03-19,29.31,13.38,40.85,0.0,0.46
2017-03-20,30.48,15.05,41.53,0.03,0.46
2017-03-21,26.83,13.35,52.22,0.0,0.46
2017-03-22,30.4,10.28,38.56,0.0,0.46
2017-03-23,33.05,12.77,34.95,0.0,0.46
2017-03-24,31.92,15.09,32.53,0.0,0.46
2017-03-25,32.33,15.08,35.32,0.12,0.46
2017-03-26,32.75,16.13,35.8,0.68,0.46
2017-03-27,31.77,16.66,39.9,0.15,0.46
2017-03-28,31.92,15.86,40.1,0.0,0.46
2017-03-29,31.14,15.51,38.58,0.01,0.46
2017-03-30,30.94,15.63,47.23,0.16,0.46
2017-03-31,31.12,16.13,48.71,0.0,0.46
2017-04-01,32.28,19.43,42.75,2.22,0.46
2017-04-02,32.28,16.5,51.74,1.41,0.47
2017-04-03,30.1,17.33,59.2,2.87,0.47
2017-04-04,28.37,16.8,60.57,0.7,0.47
2017-04-05,30.96,16.18,52.67,0.05,0.47
2017-04-06,32.53,17.4,46.32,0.0,0.47
2017-04-07,34.06,18.65,45.58,0.0,0.47
2017-04-08,34.56,18.1,51.97,0.0,0.46
2017-04-09,34.23,18.58,44.53,0.0,0.46
2017-04-10,34.42,18.65,47.12,0.0,0.46
2017-04-11,33.36,18.05,48.88,0.0,0.46
2017-04-12,34.96,20.12,33.61,0.0,0.46
2017-04-13,34.54,19.55,34.07,0.39,0.46
2017-04-14,30.13,18.4,40.78,0.74,0.46
2017-04-15,25.27,18.11,58.05,4.36,0.47
2017-04-16,24.86,17.13,75.62,3.99,0.48
2017-04-17,27.57,18.0,74.39,5.26,0.48
2017-04-18,29.64,17.55,62.25,0.12,0.48
2017-04-19,29.8,15.91,62.54,0.13,0.48
2017-04-20,30.09,16.66,61.88,0.68,0.48
2017-04-21,27.22,17.65,74.15,1.25,0.48
2017-04-22,28.57,17.39,67.89,1.05,0.48
2017-04-23,29.28,17.64,64.66,0.79,0.47
2017-04-24,29.89,17.03,63.61,0.22,0.47
2017-04-25,29.86,17.6,64.8,0.31,0.47
2017-04-26,32.13,16.84,60.17,0.04,0.47
2017-04-27,32.86,18.61,54.86,0.0,0.47
2017-04-28,32.18,19.58,56.55,7.27,0.47
2017-04-29,30.53,18.75,63.51,0.06,0.48
2017-04-30,32.33,18.02,59.03,0.01,0.47
2017-05-01,31.04,17.39,62.5,8.34,0.48
2017-05-02,33.1,17.63,50.9,0.01,0.48
2017-05-03,32.47,19.27,49.46,0.0,0.48
2017-05-04,34.23,19.4,49.1,0.2,0.47
2017-05-05,34.06,20.07,47.68,0.76,0.47
2017-05-06,33.84,18.85,50.25,0.26,0.47
2017-05-07,31.6,19.63,49.65,0.33,0.47
2017-05-08,31.88,21.76,47.01,0.02,0.47
2017-05-09,31.87,21.52,52.22,4.0,0.47
2017-05-10,31.16,20.92,60.37,0.59,0.47
2017-05-11,33.29,19.84,56.06,0.02,0.47
2017-05-12,33.43,21.97,55.31,0.88,0.47
2017-05-13,29.85,21.09,72.64,3.4,0.47
2017-05-14,31.78,20.22,64.96,0.14,0.47
2017-05-15,29.73,20.89,68.04,1.24,0.47
2017-05-16,28.97,19.6,75.13,2.73,0.47
2017-05-17,29.67,18.62,73.98,4.86,0.47
2017-05-18,30.74,19.54,73.8,6.96,0.49
2017-05-19,30.86,19.68,72.08,0.08,0.49
2017-05-20,33.26,19.87,64.43,0.9,0.49
2017-05-21,31.72,20.17,65.31,0.02,0.48
2017-05-22,32.74,20.57,64.41,1.15,0.48
2017-05-23,33.77,20.14,60.75,0.04,0.48
2017-05-24,34.96,21.12,57.9,0.12,0.47
2017-05-25,31.39,22.06,68.46,2.82,0.47
2017-05-26,28.69,21.4,73.28,1.4,0.48
2017-05-27,28.41,19.09,76.44,7.76,0.48
2017-05-28,28.41,20.72,76.33,0.52,0.49
2017-05-29,28.94,18.64,74.76,4.55,0.49
2017-05-30,30.75,19.83,76.51,2.8,0.49
2017-05-31,29.36,19.26,71.32,6.37,0.49
2017-06-01,31.35,19.51,68.74,1.21,0.49
2017-06-02,30.74,19.99,68.74,1.61,0.49
2017-06-03,31.52,20.02,66.56,0.38,0.49
2017-06-04,31.59,20.25,67.15,1.02,0.48
2017-06-05,31.15,20.59,67.24,0.09,0.48
2017-06-06,33.56,20.05,64.64,0.77,0.48
2017-06-07,27.81,21.13,77.19,6.11,0.48
2017-06-08,28.14,19.92,80.65,3.51,0.49
2017-06-09,28.04,20.3,77.88,1.44,0.49
2017-06-10,29.58,20.7,76.61,1.83,0.49
2017-06-11,28.15,19.63,77.46,2.41,0.49
2017-06-12,29.87,19.87,75.72,3.22,0.49
2017-06-13,27.23,20.46,80.33,7.28,0.49
2017-06-14,28.86,20.11,78.64,5.81,0.5
2017-06-15,27.03,19.74,77.78,0.9,0.5
2017-06-16,28.43,18.53,72.01,0.59,0.5
2017-06-17,28.54,18.87,78.37,5.11,0.5
2017-06-18,28.03,19.44,80.89,12.91,0.51
2017-06-19,26.01,18.46,79.19,2.45,0.52
2017-06-20,25.27,17.4,79.29,2.13,0.52
2017-06-21,28.08,17.88,75.38,0.72,0.51
2017-06-22,29.61,19.11,75.69,0.06,0.5
2017-06-23,30.06,20.44,74.17,0.25,0.5
2017-06-24,31.11,20.14,69.82,0.68,0.49
2017-06-25,29.95,20.21,73.98,1.29,0.49
2017-06-26,30.09,19.63,74.47,2.96,0.49
2017-06-27,29.61,19.62,70.95,1.2,0.49
2017-06-28,28.47,20.12,76.35,1.18,0.49
2017-06-29,28.36,19.74,78.81,2.39,0.49
2017-06-30,27.88,19.56,77.82,1.8,0.49
2017-07-01,26.92,19.37,74.07,0.61,0.49
2017-07-02,28.95,18.99,73.78,0.23,0.49
2017-07-03,27.77,19.29,76.78,0.73,0.49
2017-07-04,27.36,19.12,77.36,1.55,0.48
2017-07-05,28.47,18.56,75.28,0.47,0.48
2017-07-06,30.98,19.32,70.52,0.46,0.48
2017-07-07,27.48,19.27,76.15,1.62,0.48
2017-07-08,27.88,19.94,77.09,3.01,0.48
2017-07-09,27.32,19.77,76.79,1.01,0.48
2017-07-10,27.93,19.37,80.91,10.95,0.49
2017-07-11,27.54,19.67,76.51,0.77,0.5
2017-07-12,28.04,19.0,77.98,6.52,0.5
2017-07-13,27.32,17.83,81.18,9.35,0.51
2017-07-14,28.59,18.48,73.82,0.19,0.51
2017-07-15,28.26,19.07,75.85,1.18,0.51
2017-07-16,30.52,20.19,77.7,3.49,0.51
2017-07-17,30.53,19.45,75.18,5.26,0.51
2017-07-18,25.35,19.95,85.23,1.42,0.51
2017-07-19,28.41,19.79,75.84,3.76,0.51
2017-07-20,25.4,18.72,85.86,53.89,0.55
2017-07-21,24.38,19.07,89.14,2.64,0.6
2017-07-22,25.33,18.85,87.16,5.95,0.59
2017-07-23,25.26,18.68,87.57,3.51,0.58
2017-07-24,24.42,18.55,85.84,0.76,0.58
2017-07-25,27.15,18.23,81.94,3.87,0.56
2017-07-26,25.5,18.12,82.29,3.8,0.56
2017-07-27,30.02,17.96,75.15,0.86,0.55
2017-07-28,29.7,20.27,80.37,0.35,0.54
2017-07-29,26.25,20.28,81.82,0.03,0.54
2017-07-30,29.67,19.55,76.49,0.18,0.53
2017-07-31,28.34,20.11,78.56,0.79,0.52
2017-08-01,29.37,20.19,77.31,1.16,0.52
2017-08-02,27.24,19.6,82.65,3.91,0.52
2017-08-03,27.04,19.02,81.96,1.31,0.52
2017-08-04,30.0,19.26,77.21,5.98,0.52
2017-08-05,28.26,20.28,81.12,1.05,0.52
2017-08-06,24.3,19.29,85.07,1.57,0.52
2017-08-07,28.05,18.71,80.5,1.79,0.52
2017-08-08,27.26,19.4,82.24,6.3,0.52
2017-08-09,27.45,19.39,81.42,2.43,0.53
2017-08-10,28.43,18.56,79.58,1.97,0.52
2017-08-11,27.52,18.58,80.92,5.51,0.52
2017-08-12,27.02,18.45,78.84,0.17,0.52
2017-08-13,28.95,18.76,77.46,0.2,0.52
2017-08-14,26.34,19.51,79.41,0.47,0.51
2017-08-15,25.55,19.98,85.4,3.58,0.51
2017-08-16,27.27,19.11,79.59,1.54,0.52
2017-08-17,26.7,18.19,78.36,0.64,0.51
2017-08-18,28.6,19.05,77.62,1.58,0.51
2017-08-19,27.83,18.73,78.19,2.02,0.51
2017-08-20,26.92,20.5,82.22,6.08,0.52
2017-08-21,27.97,19.27,82.02,10.32,0.53
2017-08-22,29.22,19.29,76.73,0.09,0.53
2017-08-23,30.33,19.55,76.03,1.02,0.53
2017-08-24,25.57,20.47,86.02,1.53,0.52
2017-08-25,24.35,19.48,87.86,7.8,0.52
2017-08-26,25.65,19.04,84.16,10.53,0.55
2017-08-27,28.33,18.62,83.03,1.71,0.55
2017-08-28,27.59,19.41,80.74,1.88,0.54
2017-08-29,27.75,19.51,84.39,12.23,0.55
2017-08-30,23.53,19.57,89.85,1.13,0.55
2017-08-31,27.31,19.34,84.2,2.26,0.55
2017-09-01,27.05,19.66,84.28,7.36,0.55
2017-09-02,27.38,19.3,82.97,11.11,0.55
2017-09-03,28.93,18.68,80.07,0.08,0.55
2017-09-04,26.17,19.78,83.11,0.5,0.55
2017-09-05,26.53,19.67,88.45,2.46,0.54
2017-09-06,28.17,18.73,83.3,1.44,0.54
2017-09-07,25.79,20.12,85.26,2.33,0.54
2017-09-08,24.08,18.72,85.72,6.75,0.54
2017-09-09,26.49,18.42,83.69,3.51,0.55
2017-09-10,26.75,18.49,83.79,2.7,0.54
2017-09-11,26.33,18.76,83.93,6.5,0.55
2017-09-12,26.67,18.5,84.81,3.75,0.55
2017-09-13,28.58,18.34,78.78,0.16,0.54
2017-09-14,30.02,19.02,75.31,0.1,0.54
2017-09-15,28.66,20.12,77.75,1.41,0.53
2017-09-16,30.41,19.79,79.21,21.63,0.54
2017-09-17,25.68,19.84,87.98,15.71,0.58
2017-09-18,25.59,18.0,85.94,0.71,0.58
2017-09-19,28.05,18.65,81.88,0.24,0.57
2017-09-20,27.04,19.1,81.9,0.07,0.56
2017-09-21,28.34,19.13,78.21,0.22,0.55
2017-09-22,28.67,19.36,81.25,3.66,0.55
2017-09-23,30.01,19.23,77.57,0.49,0.55
2017-09-24,29.78,19.82,77.11,0.14,0.54
2017-09-25,28.78,20.51,80.61,0.44,0.53
2017-09-26,23.86,19.8,90.96,7.31,0.54
2017-09-27,28.17,19.03,82.24,7.9,0.55
2017-09-28,28.94,17.81,78.33,0.17,0.55
2017-09-29,29.13,18.82,78.87,0.79,0.54
2017-09-30,28.68,19.76,76.57,0.03,0.54
2017-10-01,28.61,18.82,78.74,1.67,0.53
2017-10-02,29.11,20.5,77.14,2.03,0.53
2017-10-03,27.09,19.74,84.46,23.43,0.55
2017-10-04,26.33,18.97,87.28,17.47,0.59
2017-10-05,26.39,18.23,84.06,11.51,0.6
2017-10-06,26.87,18.1,86.53,17.46,0.61
2017-10-07,27.17,18.59,84.48,3.67,0.61
2017-10-08,27.15,18.52,85.53,5.69,0.6
2017-10-09,27.43,18.64,79.63,0.03,0.59
2017-10-10,28.02,18.1,81.81,8.39,0.59
2017-10-11,23.08,19.64,93.93,4.19,0.59
2017-10-12,24.8,18.91,86.97,1.72,0.59
2017-10-13,25.68,18.55,86.79,5.97,0.59
2017-10-14,27.26,17.98,84.43,14.56,0.59
2017-10-15,27.56,19.34,81.61,0.77,0.6
2017-10-16,27.89,18.67,82.72,6.39,0.59
2017-10-17,26.14,17.42,82.46,2.31,0.59
2017-10-18,25.49,16.29,82.4,0.34,0.58
2017-10-19,26.83,16.07,84.05,1.24,0.57
2017-10-20,26.4,17.61,83.15,0.34,0.57
2017-10-21,27.28,16.91,82.25,1.64,0.56
2017-10-22,24.94,18.05,85.88,2.96,0.56
2017-10-23,27.41,17.12,80.21,1.12,0.55
2017-10-24,25.62,16.01,84.28,9.37,0.55
2017-10-25,25.46,16.05,81.62,10.15,0.58
2017-10-26,25.41,16.04,77.59,20.21,0.59
2017-10-27,26.18,15.41,75.87,0.05,0.6
2017-10-28,25.46,14.73,82.18,0.11,0.59
2017-10-29,25.26,17.27,82.95,0.02,0.58
2017-10-30,23.8,13.37,79.33,0.02,0.57
2017-10-31,23.1,11.81,74.63,0.0,0.56
2017-11-01,24.55,10.87,73.72,0.01,0.56
2017-11-02,25.36,12.83,76.85,0.0,0.55
2017-11-03,24.44,14.18,77.89,0.04,0.55
2017-11-04,24.04,13.43,74.77,0.0,0.54
2017-11-05,24.08,11.02,68.49,0.0,0.54
2017-11-06,26.07,12.43,73.34,0.0,0.54
2017-11-07,25.52,14.11,79.69,0.14,0.53
2017-11-08,25.15,15.01,81.48,0.16,0.53
2017-11-09,25.56,15.56,81.69,0.6,0.53
2017-11-10,26.23,16.31,79.49,0.01,0.53
2017-11-11,25.8,16.58,79.36,0.2,0.53
2017-11-12,26.71,17.35,75.49,0.87,0.53
2017-11-13,27.14,17.17,73.85,0.0,0.53
2017-11-14,27.77,16.6,73.11,0.04,0.52
2017-11-15,26.4,18.05,81.8,0.8,0.52
2017-11-16,27.12,18.12,79.19,0.04,0.52
2017-11-17,28.46,18.01,68.29,0.0,0.52
2017-11-18,28.66,16.36,68.1,0.0,0.52
2017-11-19,29.2,16.63,65.89,0.0,0.52
2017-11-20,28.98,17.99,67.55,0.01,0.51
2017-11-21,27.68,17.96,77.65,0.43,0.51
2017-11-22,22.24,17.55,91.41,5.52,0.52
2017-11-23,24.49,16.89,87.06,6.32,0.53
2017-11-24,23.14,15.99,89.0,3.78,0.54
2017-11-25,23.89,14.13,87.32,12.18,0.55
2017-11-26,23.86,14.58,86.24,1.83,0.56
2017-11-27,23.94,14.58,85.41,0.0,0.55
2017-11-28,24.14,13.69,79.98,0.0,0.55
2017-11-29,24.72,12.65,77.21,0.0,0.54
2017-11-30,24.93,11.75,76.42,0.0,0.54
2017-12-01,24.79,11.15,74.79,0.0,0.53
2017-12-02,25.03,11.76,72.17,0.0,0.53
2017-12-03,25.06,10.47,61.83,0.0,0.53
2017-12-04,24.42,9.6,71.68,0.0,0.52
2017-12-05,24.75,9.73,72.66,0.0,0.52
2017-12-06,25.26,11.72,78.33,0.0,0.52
2017-12-07,25.74,14.3,82.47,0.04,0.52
2017-12-08,25.78,16.76,87.61,4.06,0.52
2017-12-09,21.09,16.73,94.53,3.45,0.53
2017-12-10,23.5,17.35,88.61,0.31,0.53
2017-12-11,25.15,16.44,84.81,0.08,0.53
2017-12-12,25.43,14.79,81.84,0.01,0.53
2017-12-13,25.64,13.36,73.53,0.0,0.52
2017-12-14,24.91,9.97,63.49,0.0,0.52
2017-12-15,24.65,9.11,59.91,0.0,0.52
2017-12-16,24.4,8.75,72.22,0.0,0.52
2017-12-17,24.03,11.88,79.05,0.0,0.51
2017-12-18,24.48,12.67,75.49,0.0,0.51
2017-12-19,20.1,8.72,68.94,0.0,0.51
2017-12-20,17.97,6.54,63.0,0.0,0.51
2017-12-21,19.79,4.15,53.99,0.0,0.51
2017-12-22,23.11,5.23,54.48,0.0,0.51
2017-12-23,25.4,9.39,51.28,0.0,0.51
2017-12-24,25.56,8.36,68.55,0.0,0.51
2017-12-25,24.01,9.84,74.85,0.0,0.51
2017-12-26,24.77,9.35,75.2,0.43,0.51
2017-12-27,23.17,11.25,83.05,10.53,0.52
2017-12-28,23.03,10.86,83.28,0.3,0.52
2017-12-29,24.62,12.61,83.27,2.08,0.52
2017-12-30,25.07,14.56,82.37,0.63,0.52
2017-12-31,22.72,15.56,90.25,1.85,0.52
2018-01-01,20.5,14.38,88.92,0.74,0.52
2018-01-02,21.92,14.2,88.87,2.02,0.52
2018-01-03,20.41,14.39,87.09,2.61,0.53
2018-01-04,23.38,13.54,81.58,0.69,0.53
2018-01-05,23.14,12.13,84.87,1.09,0.53
2018-01-06,23.47,12.14,85.23,0.33,0.52
2018-01-07,21.92,14.06,86.17,0.1,0.52
2018-01-08,25.41,13.26,72.4,0.0,0.52
2018-01-09,25.9,13.26,65.76,0.0,0.52
2018-01-10,25.75,11.18,56.13,0.06,0.51
2018-01-11,24.72,8.68,53.42,0.0,0.51
2018-01-12,18.89,11.03,81.31,0.0,0.51
2018-01-13,22.78,10.34,72.98,0.0,0.51
2018-01-14,23.49,10.31,75.93,0.0,0.51
2018-01-15,23.87,10.48,78.09,0.0,0.51
2018-01-16,24.43,10.57,71.37,0.0,0.51
2018-01-17,24.53,9.42,65.84,0.0,0.5
2018-01-18,25.33,9.15,55.6,0.0,0.5
2018-01-19,26.05,8.86,53.68,0.0,0.5
2018-01-20,26.44,9.35,56.42,0.0,0.5
2018-01-21,26.4,11.42,48.49,0.0,0.5
2018-01-22,25.97,10.17,44.26,0.0,0.5
2018-01-23,26.27,10.24,38.52,0.0,0.49
2018-01-24,25.71,8.94,41.63,0.0,0.49
2018-01-25,26.53,9.49,51.25,0.0,0.49
2018-01-26,26.12,11.63,52.65,0.0,0.49
2018-01-27,25.17,9.25,52.6,0.0,0.49
2018-01-28,26.39,10.42,38.62,0.0,0.49
2018-01-29,25.41,7.05,33.72,0.0,0.49
2018-01-30,25.75,6.29,31.34,0.0,0.49
2018-01-31,25.98,5.74,35.14,0.0,0.49
2018-02-01,24.95,7.33,45.51,0.0,0.49
2018-02-02,25.4,7.66,58.45,0.0,0.49
2018-02-03,25.79,8.44,59.55,0.0,0.48
2018-02-04,24.96,8.75,65.14,0.0,0.48
2018-02-05,27.19,10.46,54.06,0.0,0.48
2018-02-06,25.61,11.43,53.28,0.0,0.48
2018-02-07,26.66,9.2,55.2,0.0,0.48
2018-02-08,27.33,9.24,59.7,0.0,0.48
2018-02-09,26.35,10.51,58.25,0.0,0.48
2018-02-10,26.77,11.26,54.87,0.0,0.48
2018-02-11,27.51,11.85,52.06,0.0,0.48
2018-02-12,27.83,14.65,54.0,0.0,0.48
2018-02-13,28.62,15.06,50.64,0.0,0.48
2018-02-14,28.73,14.52,50.4,0.0,0.48
2018-02-15,27.35,11.76,48.82,0.0,0.48
2018-02-16,27.5,8.66,42.44,0.0,0.48
2018-02-17,28.44,9.71,39.9,0.0,0.48
2018-02-18,25.75,11.82,46.8,0.0,0.48
2018-02-19,27.58,11.87,43.94,0.0,0.48
2018-02-20,28.77,11.25,34.93,0.0,0.48
2018-02-21,28.47,11.17,35.7,0.0,0.47
2018-02-22,28.61,11.11,36.89,0.0,0.47
2018-02-23,28.26,10.99,39.04,0.46,0.47
2018-02-24,28.19,10.92,38.17,0.0,0.47
2018-02-25,29.76,13.24,36.99,0.0,0.47
2018-02-26,29.5,14.86,39.13,0.11,0.47
2018-02-27,28.04,12.35,46.75,0.0,0.47
2018-02-28,27.2,12.96,45.38,0.0,0.47
2018-03-01,29.39,14.7,40.86,0.0,0.47
2018-03-02,29.42,12.37,40.64,0.0,0.47
2018-03-03,29.3,11.97,40.87,0.0,0.47
2018-03-04,29.12,11.87,47.12,0.0,0.47
2018-03-05,31.15,14.0,43.83,0.0,0.47
2018-03-06,30.64,14.51,40.23,0.0,0.47
2018-03-07,30.74,14.93,39.0,0.0,0.47
2018-03-08,31.52,13.02,36.55,0.01,0.47
2018-03-09,31.41,14.13,38.62,0.86,0.47
2018-03-10,28.58,14.13,53.99,0.43,0.47
2018-03-11,28.58,12.56,41.65,0.12,0.47
2018-03-12,29.26,12.82,38.66,0.02,0.47
2018-03-13,28.57,12.99,37.81,0.34,0.47
2018-03-14,29.58,13.31,39.12,0.0,0.47
2018-03-15,30.32,15.51,41.08,0.0,0.47
2018-03-16,30.44,13.78,47.13,0.0,0.47
2018-03-17,29.14,15.05,49.21,0.18,0.47
2018-03-18,29.71,14.87,42.52,0.8,0.47
2018-03-19,30.05,15.03,42.12,0.0,0.47
2018-03-20,31.37,12.07,30.59,0.0,0.47
2018-03-21,30.76,16.3,33.83,0.0,0.47
2018-03-22,31.36,15.57,42.75,0.03,0.47
2018-03-23,30.61,15.39,43.11,0.06,0.47
2018-03-24,30.95,15.15,41.66,0.0,0.47
2018-03-25,30.3,15.92,43.85,0.01,0.47
2018-03-26,31.25,16.22,47.64,0.31,0.47
2018-03-27,30.64,15.22,48.29,0.41,0.47
2018-03-28,30.35,15.43,53.65,0.0,0.47
2018-03-29,30.46,16.45,46.81,0.0,0.47
2018-03-30,29.81,15.79,47.36,0.56,0.47
2018-03-31,30.25,19.08,48.45,3.29,0.47
2018-04-01,31.01,17.53,51.15,0.13,0.47
2018-04-02,28.17,19.32,59.05,0.38,0.47
2018-04-03,29.72,17.02,57.06,0.09,0.47
2018-04-04,31.09,17.9,49.21,0.24,0.47
2018-04-05,31.03,15.57,48.73,1.24,0.47
2018-04-06,31.98,15.66,45.92,1.23,0.47
2018-04-07,26.94,14.67,56.23,0.82,0.47
2018-04-08,27.76,13.42,58.66,0.0,0.47
2018-04-09,30.22,17.15,53.9,0.06,0.47
2018-04-10,31.03,17.04,54.53,2.02,0.47
2018-04-11,31.77,16.13,50.36,0.0,0.47
2018-04-12,31.36,17.61,50.75,0.03,0.47
2018-04-13,30.81,17.35,47.65,0.0,0.47
2018-04-14,33.83,17.99,42.9,0.12,0.47
2018-04-15,33.23,17.79,43.71,0.06,0.47
2018-04-16,32.71,19.45,48.3,3.11,0.47
2018-04-17,30.21,17.89,52.28,2.59,0.47
2018-04-18,31.51,16.63,51.31,0.7,0.47
2018-04-19,30.93,16.64,56.21,0.34,0.47
2018-04-20,31.34,16.52,56.75,0.0,0.47
2018-04-21,31.2,17.58,58.36,0.0,0.47
2018-04-22,32.79,17.88,52.09,0.0,0.47
2018-04-23,33.59,18.76,50.73,0.0,0.47
2018-04-24,34.5,19.29,45.02,0.23,0.47
2018-04-25,31.87,20.12,48.36,0.12,0.47
2018-04-26,33.34,18.14,46.88,0.27,0.47
2018-04-27,33.06,18.58,42.85,0.46,0.47
2018-04-28,31.23,19.69,49.68,1.3,0.47
2018-04-29,29.91,18.55,62.35,10.71,0.48
2018-04-30,30.21,17.08,60.77,0.29,0.48
2018-05-01,31.56,17.91,61.33,7.85,0.48
2018-05-02,26.87,19.24,77.76,9.53,0.5
2018-05-03,29.04,18.46,71.99,0.72,0.5
2018-05-04,29.65,18.7,70.69,2.15,0.5
2018-05-05,30.44,18.39,66.33,0.55,0.5
2018-05-06,31.46,18.29,63.38,0.8,0.49
2018-05-07,32.66,19.52,59.47,0.02,0.49
2018-05-08,31.13,20.11,62.98,0.06,0.49
2018-05-09,29.15,20.43,69.02,0.43,0.48
2018-05-10,31.83,19.53,59.85,2.66,0.48
2018-05-11,27.66,18.98,66.39,0.88,0.48
2018-05-12,25.07,17.99,77.52,6.6,0.49
2018-05-13,25.49,17.61,78.74,5.63,0.5
2018-05-14,28.0,16.92,69.71,0.27,0.5
2018-05-15,28.98,16.96,65.2,1.69,0.5
2018-05-16,30.7,17.06,61.28,0.03,0.49
2018-05-17,31.0,17.36,61.27,0.8,0.49
2018-05-18,30.05,18.72,62.66,0.91,0.49
2018-05-19,31.75,17.04,59.45,0.0,0.48
2018-05-20,30.62,18.86,63.27,0.29,0.48
2018-05-21,32.16,19.09,60.14,1.2,0.48
2018-05-22,32.28,19.37,59.53,0.25,0.48
2018-05-23,30.04,19.77,71.05,12.63,0.49
2018-05-24,31.02,18.91,68.76,1.95,0.5
2018-05-25,29.49,19.41,72.05,1.3,0.49
2018-05-26,29.69,19.32,77.28,15.09,0.5
2018-05-27,27.35,20.1,79.78,1.98,0.52
2018-05-28,25.92,19.36,83.48,3.03,0.52
2018-05-29,26.73,19.45,77.9,4.9,0.52
2018-05-30,24.57,19.27,83.31,2.24,0.52
2018-05-31,26.11,19.3,79.56,0.34,0.51
2018-06-01,29.54,18.57,75.39,1.08,0.51
2018-06-02,26.68,20.22,79.81,0.21,0.51
2018-06-03,29.98,18.93,72.56,0.75,0.5
2018-06-04,31.63,19.13,71.79,1.75,0.5
2018-06-05,27.77,20.41,79.14,1.51,0.5
2018-06-06,29.74,20.32,75.59,0.23,0.5
2018-06-07,29.88,20.63,75.67,0.25,0.49
2018-06-08,24.83,20.57,79.93,1.96,0.49
2018-06-09,28.54,20.22,76.26,4.1,0.49
2018-06-10,27.75,19.5,75.14,7.32,0.5
2018-06-11,25.53,19.27,83.29,5.53,0.51
2018-06-12,26.3,18.74,80.85,2.99,0.51
2018-06-13,26.31,18.25,77.58,2.05,0.51
2018-06-14,26.53,19.4,81.14,0.9,0.51
2018-06-15,28.46,18.97,76.84,0.66,0.51
2018-06-16,29.79,17.32,72.13,0.48,0.5
2018-06-17,32.72,18.68,64.55,4.1,0.5
2018-06-18,29.22,19.69,79.36,19.56,0.52
2018-06-19,28.11,20.02,78.09,0.49,0.53
2018-06-20,28.67,19.4,80.61,4.54,0.53
2018-06-21,27.5,19.75,84.35,11.56,0.54
2018-06-22,26.96,18.94,81.99,3.17,0.54
2018-06-23,27.1,19.45,80.58,1.12,0.53
2018-06-24,24.53,19.01,82.37,3.78,0.53
2018-06-25,26.76,17.85,82.05,1.65,0.53
2018-06-26,27.43,17.34,75.87,4.97,0.53
2018-06-27,26.01,18.21,79.12,1.48,0.52
2018-06-28,28.24,17.89,79.52,7.22,0.52
2018-06-29,28.92,18.92,75.0,0.32,0.53
2018-06-30,27.87,19.49,78.93,0.4,0.52
2018-07-01,27.29,19.28,83.1,2.23,0.52
2018-07-02,27.17,18.56,75.6,0.15,0.51
2018-07-03,27.04,19.04,79.07,4.15,0.51
2018-07-04,27.57,18.38,81.8,10.97,0.52
2018-07-05,28.83,18.32,75.65,0.65,0.53
2018-07-06,30.24,18.64,75.0,5.64,0.53
2018-07-07,28.28,19.36,80.33,5.84,0.53
2018-07-08,25.75,19.51,84.71,2.96,0.53
2018-07-09,26.36,18.31,84.08,3.59,0.53
2018-07-10,26.93,19.21,82.93,0.33,0.53
2018-07-11,31.23,20.25,75.39,0.24,0.52
2018-07-12,31.42,18.85,70.51,0.17,0.52
2018-07-13,30.62,19.54,74.09,0.41,0.51
2018-07-14,29.72,20.43,74.47,1.73,0.51
2018-07-15,28.98,19.24,76.43,0.4,0.51
2018-07-16,29.47,19.63,77.15,4.51,0.5
2018-07-17,29.84,19.83,79.52,7.49,0.52
2018-07-18,31.63,20.34,73.63,1.97,0.52
2018-07-19,29.45,20.89,77.87,3.38,0.52
2018-07-20,27.81,20.17,80.4,5.36,0.52
2018-07-21,24.94,19.88,86.54,3.18,0.52
2018-07-22,27.09,19.17,84.31,8.17,0.53
2018-07-23,26.21,19.06,85.99,1.54,0.53
2018-07-24,26.13,18.83,85.49,4.28,0.53
2018-07-25,25.71,18.68,85.9,2.55,0.53
2018-07-26,27.87,19.51,82.47,3.65,0.53
2018-07-27,24.89,19.16,84.83,2.09,0.53
2018-07-28,26.35,18.3,83.84,4.13,0.53
2018-07-29,25.31,19.2,85.58,5.51,0.53
2018-07-30,25.66,18.26,83.12,6.49,0.54
2018-07-31,24.8,18.68,84.38,1.06,0.54
2018-08-01,25.62,18.42,85.78,3.98,0.54
2018-08-02,25.61,17.67,80.01,0.4,0.54
2018-08-03,25.66,16.98,83.37,2.54,0.53
2018-08-04,25.22,18.38,84.26,1.23,0.53
2018-08-05,27.98,18.97,79.6,1.0,0.53
2018-08-06,27.11,18.86,78.94,0.32,0.52
2018-08-07,29.52,18.54,74.85,0.08,0.52
2018-08-08,26.8,19.12,80.0,0.27,0.52
2018-08-09,27.91,18.91,77.88,0.71,0.51
2018-08-10,28.77,19.37,80.69,0.67,0.51
2018-08-11,27.19,19.54,80.48,3.25,0.51
2018-08-12,27.99,18.76,80.13,3.91,0.52
2018-08-13,29.04,19.4,79.08,1.99,0.52
2018-08-14,29.37,20.32,76.3,3.08,0.51
2018-08-15,26.47,20.04,82.97,13.1,0.53
2018-08-16,28.05,19.48,81.78,2.3,0.54
2018-08-17,23.64,20.29,91.7,12.03,0.55
2018-08-18,24.24,19.3,88.96,2.83,0.56
2018-08-19,29.12,18.7,79.83,1.75,0.55
2018-08-20,28.67,17.94,80.2,2.12,0.54
2018-08-21,26.66,19.22,85.39,27.09,0.56
2018-08-22,26.28,19.65,85.47,6.71,0.59
2018-08-23,23.73,18.78,87.04,1.51,0.58
2018-08-24,27.15,19.45,85.13,2.63,0.57
2018-08-25,27.56,18.85,83.91,1.67,0.57
2018-08-26,27.85,18.52,80.67,1.35,0.55
2018-08-27,29.57,19.13,77.48,0.56,0.55
2018-08-28,27.18,18.73,79.47,0.16,0.54
2018-08-29,27.4,18.98,81.06,0.56,0.53
2018-08-30,27.19,18.1,79.97,0.28,0.53
2018-08-31,25.15,19.32,86.15,2.16,0.53
2018-09-01,24.37,19.24,86.43,2.23,0.53
2018-09-02,26.95,18.39,82.9,2.13,0.53
2018-09-03,25.06,19.36,86.02,13.1,0.55
2018-09-04,26.19,19.39,85.09,0.74,0.55
2018-09-05,27.75,18.7,77.74,0.38,0.54
2018-09-06,28.8,17.21,77.22,0.06,0.54
2018-09-07,24.78,19.33,81.7,0.62,0.53
2018-09-08,27.17,18.86,80.74,1.76,0.53
2018-09-09,28.61,18.49,81.17,1.22,0.53
2018-09-10,28.79,19.59,79.27,0.45,0.53
2018-09-11,28.41,19.55,79.5,0.13,0.52
2018-09-12,25.52,19.6,80.25,0.39,0.52
2018-09-13,28.96,18.93,79.37,2.67,0.52
2018-09-14,24.32,19.89,88.98,3.84,0.52
2018-09-15,31.14,18.07,68.95,0.01,0.52
2018-09-16,31.18,18.97,67.05,0.32,0.52
2018-09-17,30.64,19.64,77.65,10.67,0.52
2018-09-18,26.55,20.64,88.05,9.26,0.54
2018-09-19,26.97,18.99,84.3,11.76,0.55
2018-09-20,28.06,18.85,80.23,0.31,0.56
2018-09-21,28.65,19.03,77.48,0.12,0.55
2018-09-22,29.27,18.34,77.48,1.73,0.54
2018-09-23,28.0,20.25,77.21,0.18,0.54
2018-09-24,28.61,18.95,77.93,0.06,0.53
2018-09-25,29.47,19.26,75.68,0.12,0.53
2018-09-26,29.81,18.94,76.0,0.0,0.52
2018-09-27,28.85,19.49,78.27,0.01,0.52
2018-09-28,27.44,20.08,78.63,0.09,0.52
2018-09-29,27.43,20.53,77.55,1.01,0.52
2018-09-30,29.91,19.04,75.23,3.0,0.52
2018-10-01,25.96,19.19,82.82,18.29,0.53
2018-10-02,22.38,19.0,92.69,8.27,0.56
2018-10-03,23.68,18.77,91.59,6.46,0.56
2018-10-04,24.25,18.26,88.15,0.17,0.56
2018-10-05,25.97,18.76,81.86,0.01,0.56
2018-10-06,26.22,17.53,83.75,0.8,0.55
2018-10-07,27.16,17.93,82.35,1.64,0.55
2018-10-08,26.83,18.24,82.17,1.5,0.54
2018-10-09,22.68,17.81,89.51,7.97,0.55
2018-10-10,23.9,17.65,86.13,2.66,0.55
2018-10-11,24.42,17.28,86.21,1.81,0.55
2018-10-12,23.56,17.11,88.15,4.08,0.55
2018-10-13,24.9,17.51,82.76,1.79,0.55
2018-10-14,24.39,16.15,82.44,0.04,0.55
2018-10-15,25.72,16.62,81.06,0.05,0.54
2018-10-16,28.33,16.55,79.03,0.0,0.54
2018-10-17,28.28,16.57,76.76,0.0,0.53
2018-10-18,28.56,16.38,74.12,0.02,0.53
2018-10-19,29.29,14.43,70.16,0.05,0.52
2018-10-20,29.69,15.67,67.35,0.12,0.52
2018-10-21,27.16,17.41,78.57,7.12,0.52
2018-10-22,24.44,16.66,85.75,3.62,0.53
2018-10-23,24.54,15.63,86.03,7.41,0.54
2018-10-24,25.89,16.57,85.22,2.0,0.54
2018-10-25,25.87,17.18,82.51,1.05,0.54
2018-10-26,27.29,16.43,78.04,0.06,0.53
2018-10-27,25.67,18.14,76.77,0.09,0.53
2018-10-28,26.3,17.53,73.33,0.0,0.53
2018-10-29,27.28,17.03,69.85,0.06,0.52
2018-10-30,25.54,16.92,78.78,1.59,0.52
2018-10-31,22.65,15.6,82.29,0.05,0.52
2018-11-01,24.46,14.1,72.82,0.0,0.52
2018-11-02,26.23,11.95,65.8,0.0,0.52
2018-11-03,26.21,13.13,69.24,0.0,0.51
2018-11-04,27.26,13.85,67.82,0.0,0.51
2018-11-05,27.81,15.03,64.98,0.0,0.51
2018-11-06,28.23,14.58,63.27,0.0,0.5
2018-11-07,28.34,13.82,62.6,0.0,0.5
2018-11-08,27.63,14.45,60.3,0.01,0.5
2018-11-09,27.26,12.19,66.96,3.63,0.5
2018-11-10,22.53,15.56,85.63,6.04,0.51
2018-11-11,26.18,15.78,82.02,0.93,0.51
2018-11-12,25.28,16.33,84.31,2.29,0.51
2018-11-13,25.0,16.29,79.59,0.14,0.51
2018-11-14,26.31,15.79,78.9,0.16,0.51
2018-11-15,25.98,16.78,78.56,0.6,0.51
2018-11-16,27.31,16.45,73.52,0.0,0.51
2018-11-17,27.82,14.85,69.43,0.0,0.5
2018-11-18,28.51,14.75,60.26,0.14,0.5
2018-11-19,27.78,15.31,58.13,0.0,0.5
2018-11-20,27.82,14.4,56.23,0.0,0.5
2018-11-21,28.14,13.55,48.14,0.0,0.5
2018-11-22,27.94,11.83,55.79,0.0,0.49
2018-11-23,26.95,11.75,63.73,0.0,0.49
2018-11-24,26.87,13.19,61.45,0.0,0.49
2018-11-25,26.98,12.0,60.98,0.0,0.49
2018-11-26,26.33,12.52,67.79,0.0,0.49
2018-11-27,26.45,11.29,67.22,0.0,0.49
2018-11-28,26.36,10.72,64.68,0.0,0.49
2018-11-29,25.72,8.99,66.0,0.0,0.49
2018-11-30,26.0,12.21,71.1,0.0,0.49
2018-12-01,26.28,11.12,68.68,0.0,0.49
2018-12-02,25.86,14.44,72.58,0.07,0.49
2018-12-03,26.1,14.84,74.15,0.24,0.49
2018-12-04,26.69,15.09,71.86,0.0,0.49
2018-12-05,27.04,13.17,66.68,0.0,0.49
2018-12-06,26.45,11.82,66.87,0.0,0.49
2018-12-07,23.67,14.75,72.06,0.02,0.49
2018-12-08,26.61,14.11,75.67,2.04,0.49
2018-12-09,25.08,14.34,80.01,0.12,0.49
2018-12-10,25.14,15.76,77.29,0.46,0.49
2018-12-11,25.07,13.31,84.82,8.25,0.49
2018-12-12,25.34,16.35,79.63,0.81,0.5
2018-12-13,23.33,14.86,85.14,5.59,0.5
2018-12-14,21.48,14.67,84.29,0.06,0.51
2018-12-15,24.41,13.7,79.36,0.0,0.51
2018-12-16,26.66,14.14,76.48,0.0,0.51
2018-12-17,27.91,14.8,73.73,0.0,0.5
2018-12-18,26.51,15.12,78.92,0.97,0.5
2018-12-19,23.53,15.51,82.95,1.67,0.5
2018-12-20,26.17,13.52,72.18,0.12,0.5
2018-12-21,26.13,12.29,62.24,0.0,0.5
2018-12-22,26.23,13.63,66.12,0.0,0.5
2018-12-23,26.61,11.17,66.07,0.0,0.5
2018-12-24,25.94,10.56,60.81,0.0,0.49
2018-12-25,25.31,10.36,57.02,0.0,0.49
2018-12-26,25.43,10.64,54.96,0.0,0.49
2018-12-27,25.15,10.01,55.59,0.0,0.49
2018-12-28,24.43,9.74,69.62,0.36,0.49
2018-12-29,22.99,11.79,80.69,2.76,0.49
2018-12-30,23.33,11.72,79.13,5.06,0.49
2018-12-31,22.34,12.86,84.33,2.17,0.5
2019-01-01,23.09,11.83,78.58,0.02,0.5
2019-01-02,24.11,11.17,73.14,0.0,0.5
2019-01-03,24.04,10.63,72.63,0.0,0.5
2019-01-04,25.19,9.61,67.41,0.0,0.5
2019-01-05,25.93,10.0,68.8,0.07,0.49
2019-01-06,26.34,12.45,79.18,2.22,0.49
2019-01-07,23.39,14.92,88.47,22.09,0.51
2019-01-08,18.58,13.78,94.27,16.22,0.55
2019-01-09,22.18,11.25,87.46,0.87,0.56
2019-01-10,22.52,9.63,82.01,0.18,0.55
2019-01-11,23.17,10.29,78.32,0.0,0.54
2019-01-12,23.76,9.85,77.16,0.0,0.54
2019-01-13,24.14,10.07,71.42,0.0,0.53
2019-01-14,24.01,10.89,69.42,0.0,0.52
2019-01-15,23.92,10.11,55.85,0.0,0.52
2019-01-16,23.75,6.96,49.64,0.0,0.52
2019-01-17,24.13,8.07,64.03,0.03,0.51
2019-01-18,24.28,10.0,73.11,0.29,0.51
2019-01-19,23.63,10.02,68.01,0.0,0.51
2019-01-20,24.61,9.5,59.72,0.0,0.5
2019-01-21,24.95,9.37,54.57,0.0,0.5
2019-01-22,25.58,9.54,50.05,0.0,0.5
2019-01-23,25.51,11.31,40.67,0.0,0.5
2019-01-24,25.95,10.75,35.76,0.0,0.49
2019-01-25,25.6,10.13,41.5,0.0,0.49
2019-01-26,26.91,9.61,54.31,0.0,0.49
2019-01-27,25.75,11.39,63.57,0.0,0.49
2019-01-28,25.69,11.53,61.94,0.0,0.49
2019-01-29,25.66,10.79,61.97,0.0,0.49
2019-01-30,25.79,10.07,55.73,0.0,0.49
2019-01-31,26.79,8.29,49.08,0.0,0.48
2019-02-01,27.9,9.79,50.47,0.0,0.48
2019-02-02,27.23,11.89,40.38,0.0,0.48
2019-02-03,27.17,10.67,46.13,0.0,0.48
2019-02-04,27.85,12.55,39.49,0.0,0.48
2019-02-05,29.1,9.35,35.53,0.0,0.48
2019-02-06,27.32,10.54,32.93,0.0,0.48
2019-02-07,28.29,9.64,27.25,0.0,0.48
2019-02-08,28.54,12.52,27.14,0.0,0.47
2019-02-09,29.24,11.28,35.51,0.0,0.47
2019-02-10,28.53,11.94,42.08,0.0,0.47
2019-02-11,30.04,12.99,44.92,0.0,0.47
2019-02-12,29.77,14.28,41.3,0.0,0.47
2019-02-13,28.81,13.75,37.35,0.0,0.47
2019-02-14,29.66,13.36,34.01,0.0,0.47
2019-02-15,30.68,12.57,30.43,0.0,0.47
2019-02-16,29.14,12.13,35.25,0.17,0.47
2019-02-17,25.69,11.33,41.79,0.38,0.47
2019-02-18,24.47,10.94,57.52,0.0,0.47
2019-02-19,25.53,10.11,59.93,0.0,0.47
2019-02-20,28.26,11.48,47.79,0.0,0.47
2019-02-21,29.02,12.42,39.92,0.0,0.47
2019-02-22,28.46,15.05,38.71,0.0,0.47
2019-02-23,29.38,14.63,36.33,0.0,0.47
2019-02-24,30.32,14.81,35.61,0.0,0.47
2019-02-25,30.01,12.8,48.28,0.31,0.47
2019-02-26,28.43,14.1,45.54,0.2,0.47
2019-02-27,28.07,13.48,49.58,0.16,0.47
2019-02-28,28.82,12.84,42.61,0.19,0.47
2019-03-01,27.92,12.51,45.75,0.0,0.47
2019-03-02,28.69,13.02,43.0,0.0,0.47
2019-03-03,29.4,11.53,34.75,0.0,0.47
2019-03-04,28.2,11.8,34.29,0.0,0.47
2019-03-05,28.98,13.37,45.66,1.11,0.47
2019-03-06,24.1,12.84,56.44,0.25,0.47
2019-03-07,25.94,14.06,72.23,0.03,0.47
2019-03-08,27.45,15.11,66.8,0.22,0.47
2019-03-09,25.9,11.67,52.31,0.0,0.47
2019-03-10,27.73,12.55,33.62,0.0,0.47
2019-03-11,28.98,14.71,36.61,0.0,0.47
2019-03-12,29.04,14.7,40.9,0.0,0.47
2019-03-13,30.47,16.05,31.71,0.0,0.47
2019-03-14,31.66,13.43,32.55,0.0,0.47
2019-03-15,32.83,17.19,33.68,0.0,0.47
2019-03-16,32.37,16.23,37.17,0.0,0.47
2019-03-17,31.64,15.52,42.82,0.0,0.47
2019-03-18,31.78,17.77,41.09,0.48,0.47
2019-03-19,29.87,14.68,40.6,0.02,0.47
2019-03-20,29.13,14.02,47.3,0.04,0.47
2019-03-21,30.37,13.63,45.54,0.0,0.47
2019-03-22,30.25,16.36,33.41,0.0,0.47
2019-03-23,32.06,17.63,28.29,0.0,0.47
2019-03-24,32.24,16.09,39.28,0.0,0.46
2019-03-25,33.29,16.3,35.3,0.0,0.46
2019-03-26,33.17,16.86,31.97,0.0,0.46
2019-03-27,31.71,15.54,28.62,0.54,0.46
2019-03-28,29.11,14.67,42.38,0.01,0.46
2019-03-29,32.45,13.84,35.39,0.0,0.46
2019-03-30,32.67,15.33,35.91,0.0,0.46
2019-03-31,32.31,14.66,34.99,0.0,0.46
2019-04-01,32.46,15.71,39.8,0.04,0.46
2019-04-02,32.4,19.04,41.67,0.58,0.46
2019-04-03,31.51,18.66,44.12,0.03,0.46
2019-04-04,31.82,16.23,39.37,0.0,0.46
2019-04-05,32.41,16.43,39.79,0.0,0.46
2019-04-06,32.37,17.9,39.2,0.0,0.46
2019-04-07,32.26,18.49,41.2,0.27,0.46
2019-04-08,31.66,16.96,42.93,0.49,0.46
2019-04-09,32.05,17.92,44.83,0.09,0.46
2019-04-10,32.25,16.59,44.41,0.0,0.46
2019-04-11,32.54,17.16,40.27,0.0,0.46
2019-04-12,32.51,17.42,41.93,0.0,0.46
2019-04-13,35.0,18.49,37.06,0.0,0.46
2019-04-14,34.89,19.09,36.91,0.02,0.46
2019-04-15,32.8,18.8,46.52,0.0,0.46
2019-04-16,36.04,19.46,41.58,0.0,0.46
2019-04-17,35.13,22.28,36.13,0.0,0.46
2019-04-18,35.66,21.0,40.98,0.0,0.46
2019-04-19,34.56,20.64,45.93,0.0,0.46
2019-04-20,34.62,21.0,35.82,0.05,0.46
2019-04-21,34.1,20.05,35.73,0.31,0.46
2019-04-22,35.24,20.11,33.08,0.0,0.46
2019-04-23,34.84,19.49,35.13,0.19,0.46
2019-04-24,34.93,20.05,37.02,0.0,0.46
2019-04-25,35.22,19.58,32.69,0.22,0.46
2019-04-26,35.46,18.77,35.48,0.0,0.46
2019-04-27,35.38,18.36,35.13,0.09,0.46
2019-04-28,34.82,19.26,38.87,0.0,0.46
2019-04-29,35.01,19.32,40.3,0.01,0.46
2019-04-30,35.44,18.61,41.93,0.12,0.46
2019-05-01,34.38,18.67,48.26,0.16,0.46
2019-05-02,33.51,19.41,52.85,0.0,0.46
2019-05-03,34.67,21.68,49.09,0.01,0.46
2019-05-04,34.08,20.78,52.8,0.01,0.46
2019-05-05,33.06,20.53,58.89,0.0,0.46
2019-05-06,33.12,20.62,52.05,0.0,0.46
2019-05-07,34.01,19.59,48.81,0.0,0.46
2019-05-08,35.67,19.1,40.57,0.0,0.46
2019-05-09,35.79,19.13,39.54,0.01,0.46
2019-05-10,35.9,19.55,47.12,0.0,0.46
2019-05-11,34.54,21.08,49.21,0.23,0.46
2019-05-12,33.56,20.83,62.76,8.24,0.47
2019-05-13,31.18,20.53,68.57,1.26,0.48
2019-05-14,29.99,19.95,73.14,6.32,0.48
2019-05-15,30.98,19.19,67.52,0.25,0.48
2019-05-16,28.58,20.21,75.9,26.96,0.52
2019-05-17,30.51,19.9,70.04,0.0,0.52
2019-05-18,32.64,19.08,61.23,0.01,0.51
2019-05-19,33.97,18.95,57.63,0.16,0.5
2019-05-20,32.5,19.53,61.43,0.01,0.5
2019-05-21,29.43,21.52,70.6,0.5,0.49
2019-05-22,30.01,19.9,75.41,13.5,0.5
2019-05-23,30.57,19.51,69.29,0.21,0.51
2019-05-24,28.48,19.89,78.17,2.18,0.5
2019-05-25,27.92,19.63,77.7,6.21,0.51
2019-05-26,29.92,18.96,75.45,2.84,0.51
2019-05-27,31.93,19.8,69.55,0.17,0.51
2019-05-28,33.67,19.47,64.95,3.47,0.5
2019-05-29,27.85,21.25,79.07,13.4,0.52
2019-05-30,24.59,19.58,88.64,12.77,0.54
2019-05-31,29.47,18.92,75.37,1.07,0.54
2019-06-01,28.88,18.44,69.0,0.25,0.53
2019-06-02,27.56,19.77,75.21,0.23,0.52
2019-06-03,28.17,20.26,77.25,0.32,0.51
2019-06-04,29.95,19.76,71.38,0.19,0.51
2019-06-05,28.31,19.38,74.08,2.06,0.5
2019-06-06,29.16,19.53,74.5,2.34,0.5
2019-06-07,31.84,18.8,65.88,0.06,0.5
2019-06-08,30.91,20.29,70.58,0.24,0.49
2019-06-09,29.35,20.92,76.89,2.97,0.5
2019-06-10,26.04,20.99,83.21,0.97,0.5
2019-06-11,31.14,20.03,72.65,0.67,0.49
2019-06-12,32.17,19.98,70.86,1.01,0.49
2019-06-13,29.14,20.46,77.73,1.08,0.49
2019-06-14,29.34,18.93,72.48,1.9,0.49
2019-06-15,29.07,19.79,77.91,7.24,0.49
2019-06-16,28.56,20.46,78.75,3.5,0.5
2019-06-17,29.78,20.15,77.0,12.94,0.5
2019-06-18,29.69,20.32,81.23,7.6,0.53
2019-06-19,29.38,20.32,77.3,0.99,0.53
2019-06-20,30.81,20.57,72.11,0.26,0.52
2019-06-21,32.72,20.32,67.68,0.14,0.51
2019-06-22,32.07,21.06,69.55,0.1,0.5
2019-06-23,32.77,20.57,67.88,1.38,0.5
2019-06-24,30.57,21.67,69.69,1.35,0.5
2019-06-25,29.26,20.86,76.16,0.68,0.5
2019-06-26,27.88,20.21,75.14,0.67,0.49
2019-06-27,29.62,19.22,71.58,0.61,0.49
2019-06-28,31.18,19.09,68.05,0.05,0.49
2019-06-29,29.56,20.67,68.63,1.85,0.49
2019-06-30,30.85,19.73,72.54,1.75,0.49
2019-07-01,26.84,20.54,76.29,1.99,0.49
2019-07-02,28.47,18.81,75.15,2.6,0.49
2019-07-03,26.84,18.82,74.91,0.14,0.49
2019-07-04,27.96,19.44,77.68,0.55,0.49
2019-07-05,29.56,20.09,77.59,2.2,0.49
2019-07-06,29.74,19.08,74.4,1.79,0.49
2019-07-07,30.6,19.24,71.68,0.4,0.49
2019-07-08,29.08,19.4,74.05,0.83,0.48
2019-07-09,26.59,19.93,78.93,1.1,0.48
2019-07-10,29.13,19.34,76.22,2.42,0.48
2019-07-11,29.05,18.86,76.69,3.7,0.48
2019-07-12,27.39,18.18,79.16,8.21,0.5
2019-07-13,27.32,18.83,77.96,0.52,0.5
2019-07-14,27.34,17.99,78.64,3.95,0.5
2019-07-15,29.17,19.54,74.62,0.0,0.5
2019-07-16,28.78,19.31,73.34,0.05,0.5
2019-07-17,31.28,19.43,69.92,0.12,0.49
2019-07-18,28.03,20.48,75.02,0.0,0.49
2019-07-19,29.3,20.8,72.19,0.19,0.49
2019-07-20,28.27,20.91,78.18,0.47,0.49
2019-07-21,25.71,20.04,81.09,0.96,0.49
2019-07-22,27.43,19.17,75.43,0.42,0.49
2019-07-23,28.37,18.91,79.28,10.83,0.49
2019-07-24,25.27,19.52,84.71,8.95,0.51
2019-07-25,27.05,19.12,82.34,6.17,0.52
2019-07-26,26.17,18.43,79.57,3.32,0.52
2019-07-27,25.4,18.28,80.81,2.49,0.52
2019-07-28,29.41,17.43,75.78,0.07,0.52
2019-07-29,29.49,18.87,77.25,0.56,0.51
2019-07-30,24.5,19.19,86.78,2.4,0.51
2019-07-31,25.55,19.48,87.09,10.8,0.52
2019-08-01,27.81,19.25,82.22,3.71,0.52
2019-08-02,27.2,19.26,81.94,2.09,0.52
2019-08-03,28.63,19.07,77.97,0.63,0.52
2019-08-04,25.77,20.04,86.86,8.15,0.52
2019-08-05,27.14,19.49,81.52,4.52,0.53
2019-08-06,29.07,19.06,78.64,2.3,0.53
2019-08-07,26.99,19.32,79.2,3.87,0.52
2019-08-08,28.83,18.7,81.31,5.81,0.52
2019-08-09,28.85,18.62,83.03,25.03,0.55
2019-08-10,26.45,20.44,88.67,18.7,0.59
2019-08-11,28.29,20.34,86.44,6.21,0.59
2019-08-12,27.33,19.92,84.25,2.46,0.58
2019-08-13,27.78,18.67,80.43,0.86,0.57
2019-08-14,26.0,18.8,83.66,4.76,0.56
2019-08-15,27.95,19.58,81.27,2.0,0.55
2019-08-16,26.34,19.88,85.8,7.05,0.55
2019-08-17,25.31,18.74,85.97,1.45,0.55
2019-08-18,27.47,17.83,79.9,5.03,0.55
2019-08-19,27.66,19.33,83.21,0.94,0.54
2019-08-20,27.1,19.67,84.37,1.18,0.54
2019-08-21,27.82,19.76,84.14,3.95,0.54
2019-08-22,27.1,18.92,81.74,7.85,0.54
2019-08-23,24.27,18.49,86.7,14.92,0.57
2019-08-24,28.08,17.58,82.22,10.19,0.57
2019-08-25,28.66,19.73,79.04,0.58,0.57
2019-08-26,29.37,19.06,78.38,0.83,0.56
2019-08-27,27.94,20.55,81.57,0.7,0.55
2019-08-28,29.22,19.72,79.28,0.43,0.54
2019-08-29,29.04,20.03,78.56,1.04,0.54
2019-08-30,26.26,21.25,84.44,11.42,0.55
2019-08-31,28.57,19.75,81.42,6.93,0.56
2019-09-01,24.18,19.54,90.07,9.02,0.56
2019-09-02,27.31,17.94,85.5,6.86,0.57
2019-09-03,28.66,18.98,81.27,2.95,0.57
2019-09-04,27.96,19.4,81.32,0.44,0.56
2019-09-05,28.33,18.8,81.65,1.49,0.55
2019-09-06,28.5,19.14,80.72,1.23,0.54
2019-09-07,28.09,18.91,81.89,2.43,0.54
2019-09-08,27.57,18.66,82.5,2.99,0.54
2019-09-09,26.64,19.66,86.33,12.13,0.55
2019-09-10,24.84,19.86,89.93,2.27,0.56
2019-09-11,26.1,18.95,86.0,3.69,0.56
2019-09-12,26.26,18.43,83.96,1.5,0.55
2019-09-13,28.35,18.5,81.61,0.74,0.55
2019-09-14,27.71,19.37,82.1,2.5,0.55
2019-09-15,29.28,19.14,76.62,0.51,0.54
2019-09-16,30.32,19.49,69.59,0.07,0.54
2019-09-17,30.63,18.56,69.9,0.39,0.53
2019-09-18,29.42,19.43,70.99,5.62,0.53
2019-09-19,28.24,18.99,76.49,1.4,0.53
2019-09-20,29.45,18.39,75.27,3.19,0.53
2019-09-21,29.61,18.79,76.58,1.62,0.53
2019-09-22,28.29,18.68,74.27,0.01,0.52
2019-09-23,28.94,16.81,71.77,0.07,0.52
2019-09-24,29.13,16.45,69.92,0.0,0.52
2019-09-25,28.45,16.2,71.74,0.96,0.51
2019-09-26,25.32,17.26,81.85,9.85,0.52
2019-09-27,27.47,15.81,76.55,2.53,0.53
2019-09-28,27.9,15.86,74.56,0.02,0.53
2019-09-29,29.01,16.58,73.05,0.01,0.52
2019-09-30,28.12,18.63,75.54,0.03,0.52
2019-10-01,29.3,18.14,74.7,0.66,0.51
2019-10-02,28.61,18.38,73.9,0.01,0.51
2019-10-03,29.49,17.92,73.45,0.32,0.51
2019-10-04,29.48,17.64,75.46,3.3,0.51
2019-10-05,28.12,18.12,76.19,0.88,0.51
2019-10-06,28.16,17.85,74.22,1.62,0.51
2019-10-07,29.44,17.75,70.86,0.31,0.51
2019-10-08,29.49,16.63,68.98,1.09,0.51
2019-10-09,27.9,17.54,73.77,0.77,0.5
2019-10-10,27.08,17.17,81.02,3.64,0.51
2019-10-11,28.51,17.48,75.99,0.31,0.51
2019-10-12,29.82,17.94,72.63,0.04,0.5
2019-10-13,29.82,18.77,74.05,3.32,0.5
2019-10-14,27.27,19.46,83.26,2.75,0.51
2019-10-15,29.45,18.37,72.63,0.28,0.51
2019-10-16,28.74,17.45,75.17,0.58,0.51
2019-10-17,29.38,17.76,75.56,3.24,0.51
2019-10-18,28.82,17.75,73.73,0.23,0.51
2019-10-19,29.62,17.54,72.13,0.0,0.51
2019-10-20,30.86,17.66,68.38,0.0,0.5
2019-10-21,30.26,19.52,70.81,0.55,0.5
2019-10-22,30.33,18.23,72.49,0.56,0.5
2019-10-23,31.42,17.16,67.37,0.56,0.5
2019-10-24,30.58,17.57,68.47,0.96,0.49
2019-10-25,31.03,18.14,66.75,0.12,0.49
2019-10-26,29.73,18.75,68.03,0.0,0.49
2019-10-27,31.33,19.83,67.06,0.12,0.49
2019-10-28,31.27,18.78,64.23,0.08,0.49
2019-10-29,30.39,19.29,63.14,1.84,0.49
2019-10-30,29.67,17.46,74.8,8.87,0.5
2019-10-31,29.33,17.03,66.86,0.0,0.5
2019-11-01,30.09,15.8,57.97,0.0,0.5
2019-11-02,29.2,15.93,68.9,0.6,0.5
2019-11-03,29.01,17.08,72.0,0.89,0.5
2019-11-04,28.27,17.2,77.97,3.61,0.5
2019-11-05,26.93,18.25,81.2,1.35,0.5
2019-11-06,26.85,17.27,77.81,0.88,0.5
2019-11-07,27.51,16.82,76.91,0.81,0.5
2019-11-08,26.74,17.64,83.35,4.3,0.5
2019-11-09,26.43,17.95,79.35,0.09,0.5
2019-11-10,28.07,17.67,76.51,0.23,0.5
2019-11-11,28.38,17.45,76.03,0.56,0.5
2019-11-12,28.8,17.12,72.78,0.02,0.5
2019-11-13,29.63,16.09,71.39,0.16,0.49
2019-11-14,24.48,16.36,80.64,1.34,0.5
2019-11-15,29.18,15.97,72.93,0.01,0.49
2019-11-16,28.93,16.7,71.59,0.0,0.49
2019-11-17,28.63,15.97,71.79,0.0,0.49
2019-11-18,29.26,15.46,63.59,0.0,0.49
2019-11-19,28.19,14.07,64.02,0.0,0.49
2019-11-20,27.6,13.45,69.17,0.0,0.49
2019-11-21,27.62,15.43,67.39,0.0,0.49
2019-11-22,26.8,15.97,66.49,0.0,0.48
2019-11-23,27.7,14.33,63.21,0.0,0.48
2019-11-24,27.76,14.11,60.85,0.0,0.48
2019-11-25,27.76,13.22,66.87,0.0,0.48
2019-11-26,28.05,13.14,65.14,0.0,0.48
2019-11-27,28.33,12.8,64.76,0.0,0.48
2019-11-28,28.5,13.17,66.15,0.0,0.48
2019-11-29,28.38,13.38,67.57,0.0,0.48
2019-11-30,28.33,13.78,65.74,0.0,0.48
2019-12-01,28.43,13.5,62.87,0.0,0.48
2019-12-02,27.39,14.2,62.28,0.0,0.48
2019-12-03,25.66,14.38,69.43,0.05,0.48
2019-12-04,24.81,13.77,70.13,0.5,0.48
2019-12-05,25.08,11.95,63.38,0.0,0.48
2019-12-06,22.13,9.11,62.06,0.0,0.48
2019-12-07,20.87,6.78,49.61,0.0,0.48
2019-12-08,21.43,6.03,45.21,0.0,0.48
2019-12-09,23.17,6.22,42.27,0.0,0.48
2019-12-10,23.54,7.59,48.42,0.0,0.48
2019-12-11,23.74,8.3,55.76,0.0,0.48
2019-12-12,24.14,8.64,61.35,0.0,0.48
2019-12-13,25.04,8.57,61.21,0.0,0.48
2019-12-14,25.79,9.47,58.7,0.0,0.48
2019-12-15,26.54,10.64,52.08,0.0,0.48
2019-12-16,26.62,10.08,51.35,0.0,0.47
2019-12-17,27.37,12.38,47.73,0.0,0.47
2019-12-18,27.01,11.47,45.91,0.0,0.47
2019-12-19,26.65,10.54,55.6,0.0,0.47
2019-12-20,25.98,10.4,61.2,0.0,0.47
2019-12-21,26.27,10.42,57.43,0.0,0.47
2019-12-22,26.38,11.45,52.21,0.0,0.47
2019-12-23,26.16,10.96,46.09,0.0,0.47
2019-12-24,25.3,10.49,53.42,0.0,0.47
2019-12-25,25.58,11.12,51.44,0.0,0.47
2019-12-26,26.46,10.79,47.72,0.0,0.47
2019-12-27,24.03,11.71,62.36,1.18,0.47
2019-12-28,21.49,12.09,82.69,5.01,0.48
2019-12-29,23.09,10.69,74.5,1.26,0.48
2019-12-30,24.5,9.8,70.23,0.0,0.48
2019-12-31,24.62,12.72,71.22,0.1,0.48
2020-01-01,23.87,13.37,77.21,1.05,0.48
2020-01-02,25.72,13.3,72.16,0.07,0.48
2020-01-03,21.68,14.0,77.37,1.01,0.48
2020-01-04,25.05,13.4,76.88,1.24,0.48
2020-01-05,24.63,12.25,72.14,2.13,0.48
2020-01-06,25.27,11.65,76.39,0.0,0.48
2020-01-07,25.57,9.68,66.05,0.0,0.48
2020-01-08,26.95,10.93,51.92,0.0,0.48
2020-01-09,26.92,12.03,44.84,0.0,0.48
2020-01-10,26.52,10.85,41.64,0.0,0.48
2020-01-11,26.02,10.76,48.55,0.0,0.47
2020-01-12,26.25,8.24,57.98,0.0,0.47
2020-01-13,26.47,9.31,44.9,0.0,0.47
2020-01-14,26.13,9.63,42.83,0.0,0.47
2020-01-15,26.4,10.61,48.51,0.0,0.47
2020-01-16,27.46,11.21,41.39,0.0,0.47
2020-01-17,27.5,11.61,38.44,0.0,0.47
2020-01-18,27.3,11.87,35.74,0.0,0.47
2020-01-19,27.22,10.49,33.82,0.0,0.47
2020-01-20,26.71,10.77,37.91,0.0,0.47
2020-01-21,26.58,10.32,44.5,0.0,0.47
2020-01-22,27.16,11.84,42.76,0.0,0.47
2020-01-23,26.54,11.14,30.89,0.0,0.47
2020-01-24,24.62,10.32,46.91,0.0,0.47
2020-01-25,23.13,6.87,45.32,0.0,0.47
2020-01-26,24.42,5.69,32.05,0.0,0.47
2020-01-27,23.85,7.65,32.05,0.0,0.47
2020-01-28,23.97,9.19,32.25,0.0,0.47
2020-01-29,24.25,10.27,41.95,0.0,0.47
2020-01-30,25.7,12.27,47.97,0.0,0.47
2020-01-31,24.0,10.94,57.97,0.0,0.47
2020-02-01,25.59,8.7,52.39,0.0,0.47
2020-02-02,25.25,9.07,44.88,0.0,0.47
2020-02-03,25.39,9.26,40.84,0.0,0.47
2020-02-04,26.72,8.44,29.56,0.0,0.47
2020-02-05,26.98,8.91,25.89,0.0,0.47
2020-02-06,26.65,10.64,33.34,0.0,0.47
2020-02-07,26.42,11.76,50.6,0.0,0.47
2020-02-08,28.3,12.26,52.67,0.0,0.47
2020-02-09,27.68,13.68,48.96,0.04,0.47
2020-02-10,26.53,11.66,50.34,0.02,0.47
2020-02-11,26.04,10.58,47.96,0.0,0.47
2020-02-12,26.3,10.4,36.48,0.0,0.47
2020-02-13,26.13,8.65,27.97,0.0,0.47
2020-02-14,26.25,8.45,33.85,0.0,0.46
2020-02-15,27.24,9.05,49.12,0.0,0.46
2020-02-16,30.01,10.36,34.46,0.0,0.46
2020-02-17,30.78,10.88,35.11,0.0,0.46
2020-02-18,28.85,12.0,33.27,0.0,0.46
2020-02-19,27.72,10.53,35.9,0.0,0.46
2020-02-20,28.88,11.7,37.98,0.0,0.46
2020-02-21,30.31,12.99,37.46,0.0,0.46
2020-02-22,28.36,13.75,52.92,0.01,0.46
2020-02-23,26.37,14.2,52.97,0.54,0.46
2020-02-24,27.21,13.39,49.12,0.19,0.46
2020-02-25,28.17,11.86,42.48,0.2,0.46
2020-02-26,29.23,12.83,41.13,0.0,0.46
2020-02-27,28.1,12.95,42.14,0.0,0.46
2020-02-28,27.31,12.67,44.73,0.0,0.46
2020-02-29,28.42,13.35,40.5,0.0,0.46
2020-03-01,29.01,12.66,40.34,0.0,0.46
2020-03-02,28.95,13.51,41.64,0.0,0.46
2020-03-03,28.51,12.74,44.13,0.18,0.46
2020-03-04,28.65,13.55,39.12,0.04,0.46
2020-03-05,29.47,13.86,36.99,0.0,0.46
2020-03-06,28.56,12.78,44.44,0.0,0.46
2020-03-07,29.15,13.37,41.49,0.0,0.46
2020-03-08,29.28,13.09,44.07,0.0,0.46
2020-03-09,29.99,13.38,39.62,0.0,0.46
2020-03-10,31.6,12.5,31.31,0.0,0.46
2020-03-11,31.52,14.91,29.13,0.0,0.46
2020-03-12,32.49,14.55,34.31,0.0,0.46
2020-03-13,33.83,16.99,35.34,0.0,0.46
2020-03-14,33.71,18.46,34.68,0.0,0.46
2020-03-15,33.59,16.91,34.51,0.11,0.46
2020-03-16,32.69,15.98,29.33,0.0,0.46
2020-03-17,32.4,15.38,35.54,0.0,0.46
2020-03-18,31.47,14.92,39.16,0.0,0.46
2020-03-19,31.5,16.17,31.83,0.0,0.46
2020-03-20,30.78,14.95,32.39,0.0,0.46
2020-03-21,29.4,14.48,33.24,0.0,0.46
2020-03-22,30.07,14.46,37.87,0.0,0.46
2020-03-23,30.01,15.03,37.44,0.11,0.46
2020-03-24,30.55,14.4,34.56,0.0,0.46
2020-03-25,31.36,15.75,33.38,0.0,0.46
2020-03-26,31.89,14.33,37.4,0.0,0.46
2020-03-27,32.21,14.87,41.97,0.0,0.46
2020-03-28,34.31,16.25,42.05,0.0,0.46
2020-03-29,33.4,16.65,43.19,0.0,0.46
2020-03-30,33.52,16.32,41.57,0.0,0.46
2020-03-31,34.34,16.41,35.42,0.0,0.46
2020-04-01,33.9,16.33,32.57,0.0,0.46
2020-04-02,32.57,15.74,33.47,0.0,0.46
2020-04-03,32.59,15.67,40.03,0.0,0.46
2020-04-04,31.61,16.33,45.14,0.0,0.46
2020-04-05,32.24,17.39,44.16,0.0,0.46
2020-04-06,31.26,17.12,45.52,0.0,0.46
2020-04-07,30.9,16.35,45.74,0.0,0.46
2020-04-08,31.94,17.61,35.7,0.0,0.46
2020-04-09,31.35,18.76,38.81,0.0,0.46
2020-04-10,32.36,17.75,42.75,0.05,0.46
2020-04-11,29.9,18.43,45.38,0.5,0.46
2020-04-12,29.69,20.22,46.84,0.18,0.46
2020-04-13,31.82,17.3,44.3,0.18,0.46
2020-04-14,31.96,18.7,39.96,0.12,0.46
2020-04-15,32.8,17.99,40.8,1.27,0.46
2020-04-16,33.27,16.43,38.71,0.04,0.46
2020-04-17,32.36,17.91,44.76,0.1,0.46
2020-04-18,33.03,19.18,39.96,0.08,0.46
2020-04-19,32.66,19.0,42.06,0.0,0.46
2020-04-20,33.83,18.06,42.34,0.46,0.46
2020-04-21,35.25,20.33,37.35,0.06,0.46
2020-04-22,34.36,18.89,37.83,0.1,0.46
2020-04-23,33.71,18.05,37.92,0.01,0.46
2020-04-24,31.38,20.07,41.14,0.67,0.46
2020-04-25,29.13,18.95,61.87,9.63,0.47
2020-04-26,26.01,18.43,72.44,3.94,0.48
2020-04-27,24.05,16.9,77.75,9.08,0.49
2020-04-28,23.86,16.61,80.19,14.67,0.51
2020-04-29,27.34,15.88,76.13,4.22,0.53
2020-04-30,27.36,18.73,74.43,2.11,0.52
2020-05-01,28.45,17.51,72.23,2.18,0.51
2020-05-02,29.59,18.09,68.19,0.4,0.51
2020-05-03,30.85,16.81,66.99,1.85,0.5
2020-05-04,31.7,18.52,61.8,0.1,0.5
2020-05-05,32.3,18.02,64.29,0.0,0.49
2020-05-06,33.59,18.49,58.03,0.07,0.49
2020-05-07,34.14,19.28,53.9,0.69,0.48
2020-05-08,34.49,18.62,50.8,0.69,0.48
2020-05-09,34.11,18.07,53.01,0.0,0.48
2020-05-10,32.3,20.01,57.34,2.63,0.47
2020-05-11,31.12,20.34,62.52,0.0,0.47
2020-05-12,33.38,19.65,53.56,0.07,0.47
2020-05-13,29.11,18.62,46.08,0.08,0.47
2020-05-14,33.7,16.76,45.99,0.01,0.47
2020-05-15,33.6,17.99,45.1,0.37,0.47
2020-05-16,35.18,19.86,38.01,0.06,0.47
2020-05-17,34.32,18.95,42.59,0.01,0.46
2020-05-18,34.48,20.81,48.51,0.29,0.46
2020-05-19,31.36,21.02,65.12,0.8,0.46
2020-05-20,30.95,20.32,69.12,5.02,0.46
2020-05-21,30.82,20.03,71.13,4.32,0.48
2020-05-22,31.58,18.27,61.83,0.06,0.48
2020-05-23,32.95,18.64,58.67,0.15,0.47
2020-05-24,32.31,20.33,62.82,0.21,0.47
2020-05-25,33.63,20.53,58.0,0.02,0.47
2020-05-26,28.89,18.83,63.89,0.3,0.47
2020-05-27,31.45,20.55,63.42,1.17,0.47
2020-05-28,27.97,20.2,76.19,3.25,0.47
2020-05-29,26.22,20.11,76.58,0.72,0.47
2020-05-30,27.45,20.04,72.64,0.67,0.47
2020-05-31,29.53,19.25,66.22,0.88,0.47
2020-06-01,29.97,20.05,71.63,0.82,0.47
2020-06-02,31.23,18.9,67.96,2.21,0.47
2020-06-03,30.99,20.22,68.29,5.38,0.48
2020-06-04,30.63,19.61,67.25,0.55,0.48
2020-06-05,32.41,20.09,63.18,0.02,0.48
2020-06-06,31.98,20.64,67.47,0.19,0.47
2020-06-07,26.05,21.18,80.96,4.75,0.47
2020-06-08,31.31,20.12,70.35,0.55,0.48
2020-06-09,30.8,21.35,69.51,1.82,0.48
2020-06-10,30.99,20.58,74.42,0.77,0.48
2020-06-11,31.93,20.14,68.92,0.78,0.48
2020-06-12,31.22,20.32,69.98,0.42,0.47
2020-06-13,30.83,20.32,71.29,0.41,0.47
2020-06-14,31.75,20.57,69.99,7.7,0.47
2020-06-15,24.85,20.02,86.14,15.12,0.5
2020-06-16,27.3,19.76,80.99,17.74,0.53
2020-06-17,27.43,19.91,81.6,3.5,0.54
2020-06-18,26.05,20.08,81.94,1.15,0.53
2020-06-19,27.64,19.3,81.33,1.76,0.52
2020-06-20,30.98,19.03,72.9,0.32,0.51
2020-06-21,29.68,19.67,73.3,0.16,0.51
2020-06-22,31.34,19.59,68.44,0.84,0.5
2020-06-23,27.39,20.45,77.93,2.56,0.5
2020-06-24,26.62,20.4,86.46,30.81,0.53
2020-06-25,26.82,19.94,83.7,6.41,0.56
2020-06-26,27.96,19.42,80.5,2.55,0.55
2020-06-27,27.6,19.47,78.4,0.4,0.54
2020-06-28,27.92,19.29,77.18,0.02,0.53
2020-06-29,29.57,19.59,76.03,0.03,0.52
2020-06-30,29.61,20.05,77.06,0.92,0.51
2020-07-01,26.34,20.57,81.49,1.31,0.51
2020-07-02,27.62,20.25,80.19,1.56,0.51
2020-07-03,28.9,20.25,79.58,1.23,0.51
2020-07-04,27.86,20.42,81.0,1.11,0.5
2020-07-05,28.27,19.74,77.15,0.17,0.5
2020-07-06,29.73,18.4,72.42,0.62,0.5
2020-07-07,28.64,19.29,77.0,7.12,0.5
2020-07-08,28.91,20.43,78.91,1.05,0.51
2020-07-09,28.83,20.28,78.08,3.03,0.5
2020-07-10,27.77,19.53,79.18,22.44,0.52
2020-07-11,24.88,19.42,86.55,34.39,0.59
2020-07-12,25.48,19.27,84.52,11.76,0.6
2020-07-13,24.62,18.18,83.29,3.32,0.6
2020-07-14,27.58,17.16,82.28,0.77,0.58
2020-07-15,28.68,18.9,79.05,0.03,0.57
2020-07-16,28.47,19.6,77.84,0.16,0.55
2020-07-17,25.5,20.21,86.48,1.44,0.54
2020-07-18,26.07,20.03,83.59,1.43,0.54
2020-07-19,27.08,19.55,80.98,1.05,0.53
2020-07-20,28.55,18.93,77.68,2.32,0.53
2020-07-21,26.85,19.48,81.62,2.56,0.53
2020-07-22,28.21,18.86,78.39,0.28,0.52
2020-07-23,28.81,18.85,75.24,0.54,0.52
2020-07-24,29.86,19.55,75.19,0.38,0.52
2020-07-25,30.71,19.7,72.28,0.06,0.51
2020-07-26,28.47,21.23,75.2,0.13,0.51
2020-07-27,28.34,19.84,80.08,13.16,0.52
2020-07-28,26.98,19.96,83.62,5.27,0.53
2020-07-29,27.5,19.48,80.85,6.95,0.54
2020-07-30,29.24,19.38,75.59,0.05,0.54
2020-07-31,28.93,19.4,78.65,0.38,0.53
2020-08-01,29.72,20.35,77.78,3.21,0.52
2020-08-02,27.81,20.67,86.24,13.54,0.54
2020-08-03,27.91,20.39,81.21,10.29,0.55
2020-08-04,27.28,18.55,80.19,0.92,0.55
2020-08-05,28.53,19.76,77.6,1.43,0.54
2020-08-06,26.9,19.26,84.66,3.45,0.54
2020-08-07,28.87,19.48,81.64,3.84,0.54
2020-08-08,28.59,20.11,79.58,1.54,0.54
2020-08-09,27.28,19.67,81.5,0.7,0.53
2020-08-10,27.22,20.39,81.95,3.49,0.53
2020-08-11,26.51,19.88,83.89,6.21,0.54
2020-08-12,27.65,19.54,79.94,1.08,0.54
2020-08-13,29.0,18.91,79.37,1.63,0.53
2020-08-14,26.34,19.35,80.09,2.36,0.53
2020-08-15,25.74,18.96,83.0,4.67,0.53
2020-08-16,26.92,18.22,79.21,1.92,0.53
2020-08-17,25.29,18.32,85.69,3.12,0.53
2020-08-18,22.74,17.5,87.24,2.1,0.53
2020-08-19,23.99,18.09,84.41,1.41,0.53
2020-08-20,25.88,17.14,82.94,7.72,0.54
2020-08-21,27.33,19.06,85.38,18.71,0.56
2020-08-22,26.81,18.5,86.25,7.73,0.57
2020-08-23,24.09,19.84,91.98,14.5,0.58
2020-08-24,24.76,18.77,86.6,1.89,0.59
2020-08-25,24.86,18.68,88.5,3.77,0.58
2020-08-26,26.01,18.42,84.95,0.68,0.57
2020-08-27,26.86,19.2,81.75,1.41,0.56
2020-08-28,27.14,18.6,85.01,22.15,0.57
2020-08-29,26.86,19.22,86.82,13.3,0.6
2020-08-30,25.78,19.91,89.54,2.89,0.6
2020-08-31,25.47,19.12,87.75,4.13,0.6
2020-09-01,27.82,19.3,79.92,0.34,0.59
2020-09-02,28.81,18.33,72.67,0.0,0.57
2020-09-03,30.2,18.92,75.03,0.01,0.56
2020-09-04,29.73,19.83,78.11,0.16,0.55
2020-09-05,27.65,20.24,82.19,0.26,0.55
2020-09-06,27.78,19.64,80.7,0.92,0.54
2020-09-07,26.58,19.32,84.34,1.3,0.54
2020-09-08,28.12,19.97,84.04,5.97,0.54
2020-09-09,27.54,19.66,80.27,0.7,0.54
2020-09-10,28.08,18.88,79.99,0.64,0.54
2020-09-11,26.7,19.66,81.1,0.83,0.54
2020-09-12,27.7,19.66,83.62,2.2,0.53
2020-09-13,26.8,19.71,85.02,1.57,0.53
2020-09-14,28.42,19.27,83.13,1.62,0.53
2020-09-15,27.6,19.91,82.03,0.35,0.53
2020-09-16,25.41,19.55,83.07,0.38,0.53
2020-09-17,28.75,18.64,81.12,0.31,0.53
2020-09-18,28.66,20.47,80.7,1.05,0.52
2020-09-19,27.13,19.6,81.57,7.63,0.53
2020-09-20,27.82,19.79,83.44,8.97,0.54
2020-09-21,27.56,19.79,82.8,1.89,0.55
2020-09-22,26.76,19.25,83.9,1.11,0.54
2020-09-23,26.12,19.53,86.26,4.21,0.54
2020-09-24,27.09,19.48,86.98,18.02,0.56
2020-09-25,26.89,18.53,83.47,0.87,0.57
2020-09-26,27.58,18.43,82.01,0.88,0.56
2020-09-27,28.0,18.69,82.22,1.55,0.55
2020-09-28,24.53,20.39,90.84,1.84,0.55
2020-09-29,27.69,19.94,83.18,1.85,0.55
2020-09-30,27.27,19.43,84.48,3.85,0.55
2020-10-01,27.06,18.95,82.8,0.53,0.55
2020-10-02,23.98,20.12,88.39,0.68,0.55
2020-10-03,27.2,19.76,85.55,2.79,0.55
2020-10-04,27.6,20.11,85.24,10.9,0.56
2020-10-05,27.01,19.73,85.05,2.92,0.56
2020-10-06,26.69,18.82,88.24,6.3,0.57
2020-10-07,26.98,19.55,84.79,0.32,0.56
2020-10-08,28.45,18.56,79.78,0.02,0.55
2020-10-09,27.51,17.6,78.24,0.0,0.55
2020-10-10,28.93,15.82,75.52,0.01,0.54
2020-10-11,28.86,17.75,75.85,0.02,0.53
2020-10-12,29.68,17.36,73.27,0.78,0.53
2020-10-13,29.21,16.23,71.01,0.65,0.52
2020-10-14,29.96,16.61,71.44,3.93,0.52
2020-10-15,29.7,17.47,76.94,1.75,0.52
2020-10-16,27.47,17.38,81.9,1.38,0.52
2020-10-17,27.97,18.23,75.92,0.03,0.52
2020-10-18,26.52,17.42,77.74,0.6,0.52
2020-10-19,26.25,16.71,79.72,1.06,0.52
2020-10-20,26.52,15.71,76.41,0.27,0.52
2020-10-21,26.2,16.84,77.89,0.29,0.51
2020-10-22,26.21,17.28,79.0,0.35,0.51
2020-10-23,26.91,17.96,74.89,0.09,0.51
2020-10-24,28.4,15.55,69.41,0.07,0.51
2020-10-25,29.52,16.92,76.4,0.12,0.51
2020-10-26,29.18,19.46,77.57,0.89,0.51
2020-10-27,29.25,17.47,73.21,0.1,0.51
2020-10-28,27.61,17.65,77.72,1.69,0.51
2020-10-29,29.38,17.17,76.1,0.77,0.51
2020-10-30,22.2,17.82,86.91,14.11,0.52
2020-10-31,26.79,17.22,81.38,0.11,0.53
2020-11-01,27.31,18.0,81.25,0.6,0.53
2020-11-02,26.47,19.01,84.59,2.33,0.52
2020-11-03,26.09,18.23,86.83,11.53,0.54
2020-11-04,25.42,17.78,86.44,2.14,0.54
2020-11-05,26.42,17.61,82.11,0.01,0.54
2020-11-06,27.57,16.11,78.47,0.0,0.53
2020-11-07,27.25,16.84,79.36,0.0,0.53
2020-11-08,26.14,16.47,78.43,0.0,0.52
2020-11-09,26.07,15.16,76.57,0.16,0.52
2020-11-10,25.76,14.27,70.89,0.0,0.52
2020-11-11,26.03,12.26,66.52,0.01,0.51
2020-11-12,27.34,12.29,70.4,0.0,0.51
2020-11-13,28.46,13.95,71.76,0.0,0.51
2020-11-14,27.59,14.33,71.18,0.0,0.51
2020-11-15,27.83,13.4,63.98,0.0,0.5
2020-11-16,28.29,13.03,61.84,0.0,0.5
2020-11-17,27.12,13.04,66.51,0.0,0.5
2020-11-18,27.15,13.27,61.74,0.0,0.5
2020-11-19,27.31,11.39,54.83,0.0,0.5
2020-11-20,27.62,13.27,54.3,0.0,0.5
2020-11-21,27.49,12.13,52.44,0.0,0.49
2020-11-22,28.02,11.48,48.04,0.0,0.49
2020-11-23,28.24,12.59,52.82,0.0,0.49
2020-11-24,28.02,12.19,63.69,0.0,0.49
2020-11-25,27.97,13.79,64.47,0.0,0.49
2020-11-26,28.03,12.46,67.01,0.0,0.49
2020-11-27,27.63,12.63,70.81,0.0,0.49
2020-11-28,27.09,13.71,70.1,0.0,0.49
2020-11-29,27.09,13.97,67.05,0.0,0.49
2020-11-30,26.67,12.29,70.06,0.0,0.49
2020-12-01,27.52,11.88,69.45,0.0,0.49
2020-12-02,27.35,12.67,68.21,0.0,0.49
2020-12-03,26.41,14.42,66.74,0.0,0.49
2020-12-04,24.93,12.24,70.97,0.32,0.49
2020-12-05,24.88,13.44,70.84,0.1,0.49
2020-12-06,25.68,11.78,66.33,0.0,0.49
2020-12-07,26.04,11.44,60.08,0.0,0.49
2020-12-08,25.85,10.4,58.74,0.0,0.49
2020-12-09,26.0,11.29,65.01,0.0,0.49
2020-12-10,26.67,9.67,56.7,0.0,0.48
2020-12-11,26.75,11.68,56.7,0.0,0.48
2020-12-12,27.06,12.68,50.96,0.0,0.48
2020-12-13,27.14,11.84,52.22,0.0,0.48
2020-12-14,27.48,12.45,50.21,0.0,0.48
2020-12-15,28.11,13.55,50.15,0.0,0.48
2020-12-16,28.0,14.62,50.48,0.0,0.48
2020-12-17,27.43,13.95,51.54,0.0,0.48
2020-12-18,26.92,13.41,51.82,0.0,0.48
2020-12-19,27.04,10.89,57.74,0.0,0.48
2020-12-20,26.51,10.23,68.69,0.0,0.48
2020-12-21,24.82,11.2,70.4,0.0,0.48
2020-12-22,24.46,9.93,66.34,0.0,0.48
2020-12-23,25.48,9.0,65.35,0.0,0.48
2020-12-24,26.33,9.37,61.51,0.0,0.48
2020-12-25,26.23,9.75,56.86,0.0,0.48
2020-12-26,26.33,11.57,51.2,0.0,0.48
2020-12-27,26.57,12.48,53.71,0.0,0.48
2020-12-28,26.25,11.38,53.56,0.0,0.48
2020-12-29,26.84,11.54,47.36,0.0,0.48
2020-12-30,25.96,10.14,55.91,0.0,0.48
2020-12-31,27.01,10.79,71.0,0.14,0.48
2021-01-01,26.65,11.64,68.56,0.0,0.48
2021-01-02,26.06,10.75,68.68,0.0,0.48
2021-01-03,27.38,11.35,61.81,0.0,0.48
2021-01-04,28.22,11.28,59.18,0.0,0.48
2021-01-05,28.39,12.64,51.61,0.0,0.48
2021-01-06,28.73,13.55,49.36,0.0,0.47
2021-01-07,28.16,12.95,49.38,0.0,0.47
2021-01-08,28.98,14.71,50.81,0.0,0.47
2021-01-09,27.25,13.24,58.18,0.0,0.47
2021-01-10,26.12,13.09,62.17,0.0,0.47
2021-01-11,27.05,13.41,62.7,0.0,0.47
2021-01-12,21.21,8.7,67.06,0.04,0.47
2021-01-13,22.9,11.43,70.68,0.02,0.47
2021-01-14,24.27,9.24,60.89,0.0,0.47
2021-01-15,24.79,9.47,44.91,0.0,0.47
2021-01-16,24.57,8.35,50.5,0.0,0.47
2021-01-17,25.04,8.11,54.74,0.0,0.47
2021-01-18,23.84,10.31,73.42,0.17,0.47
2021-01-19,23.39,10.16,73.6,0.08,0.47
2021-01-20,22.84,10.92,63.24,0.0,0.47
2021-01-21,23.92,9.47,61.11,0.04,0.47
2021-01-22,25.17,10.29,64.35,0.0,0.47
2021-01-23,24.55,9.45,57.12,0.0,0.47
2021-01-24,26.37,9.55,44.42,0.0,0.47
2021-01-25,27.14,11.25,37.03,0.0,0.47
2021-01-26,27.24,10.15,35.5,0.0,0.47
2021-01-27,27.66,11.32,33.31,0.0,0.47
2021-01-28,29.3,11.51,37.7,0.0,0.47
2021-01-29,28.04,12.42,40.92,0.03,0.47
2021-01-30,25.9,10.95,50.76,2.56,0.47
2021-01-31,24.95,8.66,48.01,0.0,0.47
2021-02-01,25.09,8.97,40.66,0.0,0.47
2021-02-02,26.72,8.32,31.13,0.0,0.47
2021-02-03,26.77,8.71,31.28,0.0,0.47
2021-02-04,27.72,10.59,36.0,0.0,0.47
2021-02-05,27.95,12.98,40.67,0.0,0.47
2021-02-06,26.87,13.43,47.88,0.26,0.47
2021-02-07,19.11,12.45,82.1,14.05,0.49
2021-02-08,18.96,10.75,78.32,11.62,0.51
2021-02-09,22.45,7.28,67.01,0.02,0.52
2021-02-10,25.93,8.69,55.55,0.0,0.51
2021-02-11,26.12,9.78,52.5,0.0,0.5
2021-02-12,26.29,9.49,46.66,0.0,0.5
2021-02-13,26.89,10.42,44.43,0.0,0.5
2021-02-14,27.15,10.48,46.32,0.0,0.49
2021-02-15,27.04,9.62,45.15,0.0,0.49
2021-02-16,28.02,10.63,37.84,0.0,0.49
2021-02-17,28.74,13.05,39.16,0.0,0.48
2021-02-18,27.78,12.23,57.6,2.81,0.48
2021-02-19,24.47,14.18,72.11,0.0,0.49
2021-02-20,24.27,15.45,72.41,0.1,0.48
2021-02-21,25.76,14.56,62.86,0.08,0.48
2021-02-22,28.72,13.46,51.46,0.0,0.48
2021-02-23,29.21,14.58,50.47,0.0,0.48
2021-02-24,28.38,13.21,46.04,0.0,0.48
2021-02-25,28.22,10.77,48.93,0.0,0.47
2021-02-26,27.46,10.81,49.96,0.0,0.47
2021-02-27,27.41,11.38,44.93,0.0,0.47
2021-02-28,28.17,11.36,42.53,0.0,0.47
2021-03-01,29.52,11.9,43.88,0.0,0.47
2021-03-02,29.14,12.88,36.81,0.0,0.47
2021-03-03,30.05,13.57,31.39,0.0,0.47
2021-03-04,28.38,11.86,39.5,0.0,0.47
2021-03-05,28.6,12.21,37.67,0.0,0.47
2021-03-06,29.59,11.53,35.72,0.0,0.47
2021-03-07,29.81,13.6,30.68,0.0,0.47
2021-03-08,28.99,12.85,35.03,0.0,0.47
2021-03-09,30.86,13.71,33.13,0.08,0.47
2021-03-10,30.69,14.21,35.25,0.0,0.46
2021-03-11,30.9,15.18,34.89,0.0,0.46
2021-03-12,31.88,17.64,33.73,0.0,0.46
2021-03-13,31.62,16.83,30.67,0.0,0.46
2021-03-14,31.47,16.99,34.04,0.0,0.46
2021-03-15,31.42,15.32,37.32,0.0,0.46
2021-03-16,32.45,16.59,31.8,0.0,0.46
2021-03-17,32.24,16.65,29.89,0.0,0.46
2021-03-18,33.31,14.57,28.85,0.0,0.46
2021-03-19,33.14,17.07,27.71,0.0,0.46
2021-03-20,33.46,17.63,30.31,0.0,0.46
2021-03-21,34.44,17.8,27.54,0.0,0.46
2021-03-22,35.07,19.46,30.97,0.22,0.46
2021-03-23,32.79,16.72,43.25,0.06,0.46
2021-03-24,32.82,18.68,37.06,0.0,0.46
2021-03-25,33.41,18.72,35.46,0.0,0.46
2021-03-26,32.86,19.66,35.28,0.0,0.46
2021-03-27,33.72,18.76,29.4,0.0,0.46
2021-03-28,32.74,18.55,28.63,0.0,0.46
2021-03-29,30.91,17.53,30.77,0.0,0.46
2021-03-30,30.61,14.95,40.59,0.01,0.46
2021-03-31,31.76,15.63,48.74,0.0,0.46
2021-04-01,31.77,16.56,43.52,0.0,0.46
2021-04-02,32.53,16.55,37.57,0.0,0.46
2021-04-03,33.27,16.65,31.87,0.35,0.46
2021-04-04,27.12,16.63,50.46,3.83,0.46
2021-04-05,26.7,15.32,65.25,4.44,0.47
2021-04-06,28.04,14.82,69.05,1.52,0.48
2021-04-07,29.26,14.86,64.01,0.0,0.48
2021-04-08,29.87,15.62,61.57,0.4,0.47
2021-04-09,32.06,16.62,52.49,0.05,0.47
2021-04-10,32.99,18.22,49.27,0.86,0.47
2021-04-11,33.02,17.49,49.12,0.25,0.47
2021-04-12,32.41,18.28,52.74,0.77,0.47
2021-04-13,31.59,18.68,56.15,0.17,0.47
2021-04-14,30.46,18.67,51.24,0.01,0.47
2021-04-15,32.1,18.25,46.24,0.24,0.47
2021-04-16,26.86,17.31,54.15,1.7,0.47
2021-04-17,26.54,16.64,62.33,1.63,0.47
2021-04-18,30.62,17.88,51.68,0.0,0.47
2021-04-19,29.84,16.08,54.09,0.45,0.47
2021-04-20,31.1,17.82,53.19,0.0,0.47
2021-04-21,33.63,17.69,43.85,0.0,0.47
2021-04-22,34.31,20.02,38.2,0.0,0.46
2021-04-23,34.16,19.67,43.48,0.0,0.46
2021-04-24,34.13,19.85,41.8,0.12,0.46
2021-04-25,34.92,19.22,48.14,6.64,0.47
2021-04-26,30.9,19.17,70.23,17.66,0.49
2021-04-27,31.05,18.28,72.86,17.82,0.52
2021-04-28,27.13,19.58,77.88,0.95,0.53
2021-04-29,28.01,18.7,70.21,0.5,0.52
2021-04-30,27.53,19.05,72.09,0.6,0.52
2021-05-01,27.74,18.41,78.24,24.96,0.54
2021-05-02,27.78,17.39,76.93,1.29,0.55
2021-05-03,29.18,17.14,70.57,0.1,0.54
2021-05-04,30.04,16.8,66.92,0.85,0.53
2021-05-05,27.35,18.1,68.92,3.08,0.52
2021-05-06,26.7,17.72,80.82,45.53,0.56
2021-05-07,28.65,17.7,71.6,0.38,0.59
2021-05-08,28.19,17.39,71.96,3.04,0.57
2021-05-09,28.26,18.02,73.37,0.28,0.56
2021-05-10,28.64,17.48,73.34,0.83,0.55
2021-05-11,28.88,17.74,73.6,4.2,0.54
2021-05-12,29.59,17.82,70.32,0.44,0.53
2021-05-13,29.79,18.6,69.93,0.71,0.52
2021-05-14,29.33,18.16,67.26,0.15,0.52
2021-05-15,29.55,17.18,70.2,0.17,0.51
2021-05-16,32.47,19.58,62.53,0.0,0.51
2021-05-17,34.67,19.82,58.7,0.0,0.5
2021-05-18,32.71,22.0,64.3,0.26,0.5
2021-05-19,33.0,20.26,63.16,0.49,0.49
2021-05-20,34.95,19.04,59.54,0.34,0.49
2021-05-21,34.51,20.65,60.08,0.28,0.49
2021-05-22,32.44,20.44,66.23,1.78,0.48
2021-05-23,31.19,20.96,71.66,0.15,0.48
2021-05-24,30.99,21.4,67.93,0.49,0.48
2021-05-25,31.65,21.09,69.6,0.9,0.48
2021-05-26,31.44,19.99,66.67,1.21,0.48
2021-05-27,32.74,18.86,61.92,1.39,0.48
2021-05-28,28.97,20.53,79.19,19.43,0.5
2021-05-29,27.57,20.02,77.62,1.2,0.52
2021-05-30,26.36,19.54,80.61,1.14,0.51
2021-05-31,28.31,19.29,76.61,1.02,0.51
2021-06-01,30.93,18.91,66.43,0.34,0.51
2021-06-02,31.02,20.16,67.55,0.98,0.5
2021-06-03,31.84,19.41,66.62,0.26,0.5
2021-06-04,28.32,20.21,79.74,13.5,0.51
2021-06-05,30.0,20.28,75.82,1.02,0.52
2021-06-06,29.74,19.96,75.32,3.47,0.52
2021-06-07,28.49,18.62,76.36,0.49,0.51
2021-06-08,26.09,20.34,81.83,2.52,0.51
2021-06-09,25.92,20.3,87.13,5.39,0.51
2021-06-10,27.22,19.67,81.58,1.95,0.52
2021-06-11,27.93,18.41,77.03,1.02,0.52
2021-06-12,28.53,18.7,73.57,0.5,0.51
2021-06-13,29.0,19.19,79.32,3.6,0.51
2021-06-14,29.14,19.34,79.81,4.01,0.51
2021-06-15,27.61,19.65,76.31,1.17,0.51
2021-06-16,27.7,19.88,75.44,1.13,0.51
2021-06-17,27.86,19.37,77.41,1.4,0.51
2021-06-18,26.96,18.91,77.11,0.97,0.51
2021-06-19,28.94,18.22,75.35,1.49,0.5
2021-06-20,27.94,17.93,73.55,0.28,0.5
2021-06-21,30.27,18.21,75.38,2.01,0.5
2021-06-22,30.39,18.35,71.21,1.4,0.5
2021-06-23,28.49,19.31,75.33,0.7,0.5
2021-06-24,26.47,19.45,79.03,0.57,0.5
2021-06-25,26.28,18.28,78.23,1.04,0.5
2021-06-26,30.81,18.16,68.91,0.52,0.49
2021-06-27,26.95,20.32,79.84,0.54,0.49
2021-06-28,26.54,19.74,78.31,0.8,0.49
2021-06-29,27.44,18.8,79.37,4.7,0.49
2021-06-30,24.7,18.27,85.54,10.81,0.51
2021-07-01,24.03,17.77,82.96,6.97,0.52
2021-07-02,25.73,17.88,82.93,11.21,0.53
2021-07-03,28.01,16.52,76.29,0.15,0.54
2021-07-04,27.97,18.31,77.1,0.77,0.53
2021-07-05,31.1,18.17,71.18,0.28,0.52
2021-07-06,26.75,20.24,82.74,4.42,0.52
2021-07-07,29.71,19.66,78.43,1.54,0.52
2021-07-08,30.16,19.74,75.75,1.66,0.52
2021-07-09,27.44,20.45,81.42,4.26,0.52
2021-07-10,31.02,19.82,75.26,4.09,0.52
2021-07-11,31.02,19.87,74.37,1.11,0.52
2021-07-12,29.33,19.32,76.65,1.73,0.51
2021-07-13,31.41,19.27,66.36,0.37,0.51
2021-07-14,29.67,18.79,78.05,21.4,0.52
2021-07-15,27.57,20.04,82.56,1.82,0.54
2021-07-16,27.12,19.68,80.23,0.19,0.54
2021-07-17,28.43,18.77,79.71,3.72,0.53
2021-07-18,29.33,19.56,76.0,0.86,0.53
2021-07-19,28.04,20.37,84.13,2.62,0.52
2021-07-20,27.57,19.86,79.1,2.05,0.52
2021-07-21,29.55,19.4,75.04,0.73,0.52
2021-07-22,27.79,20.23,76.46,1.04,0.51
2021-07-23,28.74,19.49,77.9,1.64,0.51
2021-07-24,29.0,19.53,75.85,0.73,0.51
2021-07-25,27.65,19.6,82.05,3.14,0.51
2021-07-26,25.47,19.64,84.27,1.05,0.51
2021-07-27,29.47,19.11,76.9,1.73,0.51
2021-07-28,28.51,19.88,75.37,1.31,0.51
2021-07-29,29.65,18.76,71.57,0.24,0.5
2021-07-30,29.31,19.05,71.83,0.41,0.5
2021-07-31,27.55,19.48,81.41,5.74,0.5
2021-08-01,26.55,20.08,82.82,3.19,0.51
2021-08-02,25.39,19.71,85.79,5.42,0.51
2021-08-03,26.24,18.95,82.68,7.88,0.53
2021-08-04,27.53,18.89,79.29,0.8,0.53
2021-08-05,28.82,18.91,76.38,2.73,0.52
2021-08-06,28.69,19.26,77.99,1.07,0.52
2021-08-07,28.18,18.48,80.34,2.89,0.52
2021-08-08,29.69,18.75,75.77,0.05,0.51
2021-08-09,29.73,19.44,74.52,0.67,0.51
2021-08-10,30.26,19.3,75.96,1.19,0.51
2021-08-11,28.32,20.35,80.46,7.85,0.51
2021-08-12,27.85,20.19,77.45,0.57,0.52
2021-08-13,27.98,19.9,81.43,2.32,0.51
2021-08-14,25.81,19.83,81.31,3.39,0.51
2021-08-15,27.42,19.8,84.81,6.06,0.52
2021-08-16,24.88,19.6,85.71,3.51,0.52
2021-08-17,24.53,18.7,82.81,4.74,0.53
2021-08-18,25.52,18.39,83.55,3.08,0.53
2021-08-19,26.28,18.63,82.8,0.9,0.53
2021-08-20,26.02,18.65,83.14,0.68,0.52
2021-08-21,28.33,17.57,75.75,0.11,0.52
2021-08-22,30.24,18.28,72.47,0.33,0.51
2021-08-23,26.75,19.71,82.53,1.2,0.51
2021-08-24,27.38,19.53,82.39,2.41,0.51
2021-08-25,27.01,19.35,79.6,0.37,0.51
2021-08-26,30.59,18.56,73.87,0.28,0.51
2021-08-27,30.62,20.34,73.97,2.81,0.51
2021-08-28,29.49,18.76,77.29,1.51,0.51
2021-08-29,31.02,20.05,72.78,0.24,0.5
2021-08-30,30.84,19.35,70.13,0.38,0.5
2021-08-31,32.13,20.11,67.69,1.43,0.5
2021-09-01,28.05,19.73,79.62,7.47,0.51
2021-09-02,29.38,19.42,76.02,0.95,0.51
2021-09-03,30.5,19.52,75.3,0.72,0.51
2021-09-04,29.97,19.85,72.15,0.32,0.5
2021-09-05,30.52,19.42,72.35,0.84,0.5
2021-09-06,29.86,20.27,73.28,1.02,0.5
2021-09-07,29.36,19.51,77.38,5.86,0.5
2021-09-08,28.88,18.9,76.89,6.12,0.51
2021-09-09,29.76,18.68,73.53,1.06,0.51
2021-09-10,28.82,19.66,76.7,0.67,0.51
2021-09-11,29.89,20.17,76.12,1.21,0.51
2021-09-12,31.57,18.44,67.92,0.14,0.5
2021-09-13,31.32,18.93,73.81,2.27,0.5
2021-09-14,26.32,20.34,78.38,0.82,0.5
2021-09-15,26.07,19.98,84.73,3.14,0.5
2021-09-16,28.41,19.87,84.66,6.61,0.51
2021-09-17,28.85,19.85,80.11,1.89,0.51
2021-09-18,29.28,18.65,74.3,0.4,0.51
2021-09-19,29.44,19.37,74.57,1.24,0.51
2021-09-20,27.65,19.18,80.7,13.66,0.52
2021-09-21,27.72,19.04,79.22,1.23,0.53
2021-09-22,29.76,18.47,72.78,0.81,0.52
2021-09-23,29.9,18.79,75.3,1.89,0.52
2021-09-24,25.4,19.27,85.23,8.71,0.52
2021-09-25,28.29,18.66,81.33,5.47,0.53
2021-09-26,25.49,19.34,84.12,1.45,0.53
2021-09-27,24.98,18.34,86.29,2.64,0.53
2021-09-28,26.83,18.59,80.36,0.08,0.53
2021-09-29,29.2,18.39,74.94,0.09,0.52
2021-09-30,28.48,18.63,74.32,0.21,0.52
2021-10-01,29.85,19.56,72.31,0.89,0.51
2021-10-02,28.98,18.95,79.28,1.35,0.51
2021-10-03,27.69,18.72,81.75,5.79,0.51
2021-10-04,29.15,18.03,75.87,0.04,0.51
2021-10-05,30.52,18.76,71.2,0.03,0.51
2021-10-06,31.71,18.79,66.41,0.58,0.5
2021-10-07,30.76,19.98,73.75,11.49,0.51
2021-10-08,26.8,19.87,80.28,0.0,0.52
2021-10-09,29.9,19.17,74.5,0.34,0.51
2021-10-10,30.26,20.31,77.54,7.25,0.52
2021-10-11,29.26,18.69,77.08,3.52,0.52
2021-10-12,27.64,16.99,75.59,0.09,0.52
2021-10-13,29.95,18.04,68.92,0.03,0.51
2021-10-14,30.19,19.19,67.88,0.47,0.51
2021-10-15,25.88,18.14,77.66,1.28,0.5
2021-10-16,24.55,17.52,81.68,0.99,0.5
2021-10-17,20.89,17.2,78.27,0.15,0.5
2021-10-18,28.1,16.07,72.29,0.2,0.5
2021-10-19,28.83,17.41,77.77,1.9,0.5
2021-10-20,28.98,18.76,78.97,0.88,0.5
2021-10-21,26.25,18.64,85.93,5.59,0.5
2021-10-22,27.87,18.36,82.1,8.01,0.51
2021-10-23,25.84,17.68,84.66,38.27,0.55
2021-10-24,25.03,18.04,87.44,1.93,0.58
2021-10-25,24.18,18.23,88.5,1.79,0.57
2021-10-26,26.17,16.69,79.71,0.13,0.56
2021-10-27,26.82,16.52,78.33,1.25,0.55
2021-10-28,26.44,17.38,82.31,8.17,0.55
2021-10-29,27.13,17.25,80.37,0.42,0.55
2021-10-30,26.84,17.53,82.84,3.17,0.54
2021-10-31,27.35,18.35,81.99,3.38,0.54
2021-11-01,27.49,17.4,77.06,1.66,0.54
2021-11-02,26.31,16.51,76.17,10.44,0.54
2021-11-03,26.18,16.6,77.58,8.18,0.55
2021-11-04,24.85,17.53,83.36,1.98,0.55
2021-11-05,26.28,16.43,81.24,0.0,0.54
2021-11-06,26.26,16.68,78.11,0.0,0.54
2021-11-07,27.87,16.22,71.61,0.0,0.53
2021-11-08,28.06,16.97,75.54,0.07,0.52
2021-11-09,27.4,16.94,78.44,0.53,0.52
2021-11-10,27.85,15.85,78.39,0.3,0.52
2021-11-11,27.32,17.86,77.92,0.29,0.51
2021-11-12,28.39,18.43,72.84,0.06,0.51
2021-11-13,27.06,17.39,78.95,0.95,0.51
2021-11-14,25.45,18.09,82.73,0.61,0.51
2021-11-15,27.01,16.88,81.81,1.36,0.51
2021-11-16,27.69,17.55,77.28,0.1,0.51
2021-11-17,28.71,17.64,69.83,0.03,0.5
2021-11-18,28.96,16.52,68.13,0.21,0.5
2021-11-19,28.63,15.6,63.14,0.07,0.5
2021-11-20,28.15,14.37,61.78,0.0,0.5
2021-11-21,28.94,14.75,58.93,0.0,0.49
2021-11-22,29.21,15.65,61.83,0.0,0.49
2021-11-23,28.52,15.6,62.91,0.62,0.49
2021-11-24,25.28,16.32,78.37,2.9,0.49
2021-11-25,27.01,14.53,74.52,0.0,0.49
2021-11-26,25.56,15.94,78.09,0.13,0.49
2021-11-27,26.25,14.72,75.78,0.27,0.49
2021-11-28,25.38,15.02,75.48,0.06,0.49
2021-11-29,27.79,15.67,70.03,0.0,0.49
2021-11-30,26.04,14.43,71.8,0.0,0.49
2021-12-01,25.48,12.16,68.68,0.0,0.49
2021-12-02,26.09,10.99,69.35,0.0,0.49
2021-12-03,25.74,10.06,65.71,0.03,0.49
2021-12-04,26.02,10.35,62.68,0.0,0.49
2021-12-05,26.53,11.15,63.04,0.02,0.49
2021-12-06,26.06,12.25,66.91,0.15,0.49
2021-12-07,26.69,12.05,66.18,0.04,0.49
2021-12-08,26.7,12.68,69.04,0.0,0.48
2021-12-09,27.24,12.89,66.4,0.0,0.48
2021-12-10,26.69,13.27,66.65,0.0,0.48
2021-12-11,25.96,14.55,68.59,0.16,0.48
2021-12-12,25.44,13.59,70.95,0.26,0.48
2021-12-13,24.13,13.8,74.52,0.13,0.48
2021-12-14,24.93,12.48,70.19,0.0,0.48
2021-12-15,25.66,12.04,58.77,0.0,0.48
2021-12-16,26.26,11.29,50.59,0.0,0.48
2021-12-17,25.27,10.35,64.35,0.0,0.48
2021-12-18,25.77,10.46,71.11,0.0,0.48
2021-12-19,24.27,11.48,71.43,0.0,0.48
2021-12-20,23.05,13.57,70.01,0.0,0.48
2021-12-21,23.68,11.25,71.1,0.07,0.48
2021-12-22,22.86,11.87,72.5,0.73,0.48
2021-12-23,21.6,11.81,73.68,0.52,0.48
2021-12-24,23.32,10.52,62.61,0.21,0.48
2021-12-25,23.2,10.54,62.82,0.0,0.48
2021-12-26,24.2,10.45,60.91,0.0,0.48
2021-12-27,25.12,10.23,56.96,0.0,0.48
2021-12-28,25.82,10.96,56.67,0.0,0.48
2021-12-29,26.12,10.37,65.03,0.0,0.48
2021-12-30,25.75,11.0,65.55,0.0,0.48
2021-12-31,25.72,11.77,67.32,0.0,0.48
2022-01-01,26.49,11.81,57.66,0.0,0.48
2022-01-02,24.87,10.87,70.62,0.0,0.48
2022-01-03,24.91,11.82,68.9,0.0,0.48
2022-01-04,25.92,11.31,56.76,0.0,0.48
2022-01-05,25.55,10.83,45.5,0.0,0.48
2022-01-06,25.96,11.15,43.01,0.0,0.48
2022-01-07,26.25,10.95,47.51,0.0,0.47
2022-01-08,27.29,12.91,47.16,0.0,0.47
2022-01-09,26.82,12.09,44.41,0.0,0.47
2022-01-10,26.5,11.62,51.13,0.0,0.47
2022-01-11,26.81,12.85,48.56,0.0,0.47
2022-01-12,22.42,12.46,57.56,0.0,0.47
2022-01-13,25.58,11.09,63.79,0.01,0.47
2022-01-14,25.46,11.78,59.89,2.96,0.47
2022-01-15,24.26,12.92,66.55,1.75,0.48
2022-01-16,21.76,11.71,76.08,2.98,0.48
2022-01-17,24.41,9.22,63.57,0.0,0.48
2022-01-18,24.41,9.0,62.26,1.57,0.48
2022-01-19,22.32,9.98,74.65,4.79,0.49
2022-01-20,20.63,8.37,79.12,1.79,0.49
2022-01-21,21.34,9.18,69.51,0.21,0.49
2022-01-22,22.75,7.49,53.35,0.08,0.49
2022-01-23,23.18,9.49,50.14,0.0,0.49
2022-01-24,23.78,9.15,54.44,0.04,0.49
2022-01-25,24.16,10.19,61.22,0.05,0.48
2022-01-26,24.48,11.55,60.77,0.11,0.48
2022-01-27,23.18,10.95,66.91,0.1,0.48
2022-01-28,23.25,9.01,62.11,0.02,0.48
2022-01-29,23.42,6.09,53.23,0.0,0.48
2022-01-30,24.27,7.65,39.19,0.0,0.48
2022-01-31,25.0,7.83,39.77,0.0,0.48
2022-02-01,24.24,7.7,35.98,0.0,0.48
2022-02-02,22.63,5.43,50.2,0.0,0.47
2022-02-03,25.94,8.22,52.13,0.0,0.47
2022-02-04,26.53,9.28,44.09,0.76,0.47
2022-02-05,22.92,10.14,72.14,11.98,0.48
2022-02-06,21.69,11.22,73.99,0.76,0.5
2022-02-07,24.68,8.15,56.71,0.0,0.49
2022-02-08,26.4,8.52,37.07,0.0,0.49
2022-02-09,26.3,9.9,36.12,0.0,0.49
2022-02-10,26.9,10.08,32.48,0.0,0.48
2022-02-11,26.9,10.58,36.91,0.0,0.48
2022-02-12,25.1,7.85,45.91,0.0,0.48
2022-02-13,25.45,5.63,36.8,0.0,0.48
2022-02-14,28.19,8.85,32.18,0.0,0.48
2022-02-15,28.16,10.93,28.82,0.0,0.47
2022-02-16,27.61,11.48,39.86,0.0,0.47
2022-02-17,26.88,11.96,57.32,0.0,0.47
2022-02-18,27.59,10.83,42.93,4.37,0.48
2022-02-19,26.66,12.14,52.08,3.44,0.48
2022-02-20,25.31,9.5,48.94,0.53,0.48
2022-02-21,23.85,8.79,58.46,0.8,0.48
2022-02-22,24.98,11.9,58.95,0.18,0.48
2022-02-23,26.97,7.77,43.62,0.0,0.48
2022-02-24,27.98,8.13,46.99,0.0,0.48
2022-02-25,28.88,13.97,34.13,0.0,0.47
2022-02-26,29.47,12.58,41.53,0.0,0.47
2022-02-27,29.52,14.21,38.08,0.0,0.47
2022-02-28,29.63,13.98,30.38,0.0,0.47
2022-03-01,30.21,14.08,28.91,0.0,0.47
2022-03-02,30.76,13.72,33.82,0.0,0.47
2022-03-03,30.97,15.53,27.79,0.0,0.47
2022-03-04,31.75,16.2,24.47,0.0,0.47
2022-03-05,31.44,15.97,22.4,0.0,0.47
2022-03-06,32.04,16.65,23.24,0.0,0.46
2022-03-07,31.17,15.21,35.04,2.52,0.47
2022-03-08,30.45,16.79,59.98,0.38,0.47
2022-03-09,32.06,16.23,49.13,0.0,0.47
2022-03-10,33.22,16.84,37.79,0.0,0.47
2022-03-11,32.76,17.11,33.46,0.02,0.47
2022-03-12,33.14,16.58,32.75,0.0,0.46
2022-03-13,33.55,17.11,35.41,0.0,0.46
2022-03-14,34.08,17.47,33.73,0.0,0.46
2022-03-15,33.38,17.86,35.15,0.1,0.46
2022-03-16,32.87,16.47,33.84,0.0,0.46
2022-03-17,33.48,15.91,36.06,0.03,0.46
2022-03-18,33.1,19.41,30.3,0.9,0.46
2022-03-19,32.55,18.33,33.85,0.0,0.46
2022-03-20,32.55,15.73,39.19,0.18,0.46
2022-03-21,31.44,16.36,50.31,1.06,0.46
2022-03-22,27.69,19.43,73.98,8.64,0.47
2022-03-23,27.88,18.77,77.14,1.5,0.48
2022-03-24,28.53,17.88,70.9,0.52,0.48
2022-03-25,30.51,14.59,57.94,0.39,0.48
2022-03-26,30.35,15.13,59.15,0.05,0.48
2022-03-27,30.75,16.12,57.64,0.13,0.48
2022-03-28,30.99,17.62,52.32,0.32,0.47
2022-03-29,29.87,16.13,59.5,0.63,0.47
2022-03-30,31.64,15.41,48.39,0.08,0.47
2022-03-31,32.34,16.94,46.71,0.04,0.47
2022-04-01,30.52,18.09,51.76,1.16,0.47
2022-04-02,27.33,16.4,63.64,1.43,0.47
2022-04-03,29.28,13.2,52.56,0.03,0.47
2022-04-04,31.83,15.43,51.63,0.4,0.47
2022-04-05,32.87,16.68,49.92,0.3,0.47
2022-04-06,30.89,18.05,55.78,1.61,0.47
2022-04-07,32.01,18.04,53.2,0.48,0.47
2022-04-08,30.33,19.75,56.83,0.03,0.47
2022-04-09,31.74,19.41,47.11,0.07,0.47
2022-04-10,31.83,17.22,43.31,0.0,0.47
2022-04-11,31.86,17.29,51.67,0.07,0.46
2022-04-12,30.86,18.45,58.25,0.02,0.46
2022-04-13,34.46,18.51,46.57,0.0,0.46
2022-04-14,33.16,17.72,49.35,0.0,0.46
2022-04-15,31.55,18.0,54.99,0.28,0.46
2022-04-16,31.44,18.25,64.74,12.1,0.47
2022-04-17,29.98,18.47,69.23,1.96,0.49
2022-04-18,28.25,18.83,68.16,2.17,0.49
2022-04-19,28.22,18.97,69.88,4.74,0.49
2022-04-20,29.07,17.31,70.84,6.7,0.5
2022-04-21,27.94,17.82,70.59,0.38,0.5
2022-04-22,30.31,16.09,65.52,0.01,0.49
2022-04-23,30.86,17.25,62.92,0.13,0.49
2022-04-24,30.08,18.67,65.31,1.09,0.49
2022-04-25,32.02,16.81,62.73,0.01,0.48
2022-04-26,29.16,19.63,67.25,1.76,0.48
2022-04-27,30.23,18.85,64.44,0.0,0.48
2022-04-28,34.43,20.5,52.5,0.27,0.48
2022-04-29,32.2,21.25,54.93,0.34,0.47
2022-04-30,30.82,20.74,65.21,6.22,0.48
2022-05-01,30.78,20.1,64.22,0.3,0.48
2022-05-02,29.65,18.74,62.35,1.12,0.48
2022-05-03,23.26,17.27,69.34,0.08,0.48
2022-05-04,28.62,17.8,67.7,9.27,0.48
2022-05-05,27.17,17.89,73.18,3.23,0.49
2022-05-06,29.15,18.49,69.14,0.97,0.49
2022-05-07,30.5,19.58,72.23,2.35,0.49
2022-05-08,29.0,19.2,76.17,5.5,0.5
2022-05-09,27.07,19.37,81.48,7.74,0.5
2022-05-10,25.83,19.29,79.38,4.46,0.51
2022-05-11,24.48,18.47,84.91,16.03,0.52
2022-05-12,27.58,18.73,78.09,1.73,0.54
2022-05-13,29.33,18.73,74.48,1.71,0.53
2022-05-14,30.91,19.47,70.65,0.09,0.52
2022-05-15,31.77,19.69,68.27,0.25,0.51
2022-05-16,31.18,19.83,70.28,0.56,0.5
2022-05-17,27.65,19.54,73.31,1.41,0.5
2022-05-18,29.9,17.93,72.79,7.03,0.5
2022-05-19,29.24,19.79,72.59,5.85,0.51
2022-05-20,24.59,19.36,78.8,15.04,0.53
2022-05-21,26.49,18.13,80.81,24.87,0.56
2022-05-22,28.24,18.95,76.1,0.32,0.57
2022-05-23,27.6,17.45,70.68,0.18,0.55
2022-05-24,28.46,17.84,75.02,0.48,0.54
2022-05-25,28.48,19.26,75.19,0.03,0.53
2022-05-26,28.75,18.33,69.21,0.13,0.52
2022-05-27,29.95,18.31,68.45,0.26,0.51
2022-05-28,29.29,18.3,70.34,0.51,0.51
2022-05-29,30.01,18.56,69.68,0.21,0.5
2022-05-30,29.45,18.68,68.87,1.3,0.5
2022-05-31,26.41,18.97,77.39,2.81,0.5
2022-06-01,28.65,19.43,76.09,0.68,0.5
2022-06-02,28.74,19.11,72.51,1.14,0.5
2022-06-03,26.93,19.72,74.12,0.31,0.5
2022-06-04,27.69,18.7,76.37,0.81,0.49
2022-06-05,28.17,19.37,74.29,0.6,0.49
2022-06-06,30.51,18.6,70.16,0.12,0.49
2022-06-07,28.78,19.53,73.07,1.11,0.49
2022-06-08,29.38,19.13,73.98,1.39,0.49
2022-06-09,29.42,19.46,74.44,1.26,0.49
2022-06-10,28.54,19.43,77.88,0.89,0.49
2022-06-11,26.46,19.87,80.06,5.98,0.49
2022-06-12,26.39,18.81,76.55,0.24,0.5
2022-06-13,28.88,19.44,75.25,0.15,0.49
2022-06-14,27.7,19.16,75.32,0.61,0.49
2022-06-15,27.22,19.18,80.08,1.37,0.49
2022-06-16,28.09,18.7,77.39,7.98,0.5
2022-06-17,27.09,18.27,80.31,6.79,0.5
2022-06-18,26.85,17.25,75.0,0.62,0.51
2022-06-19,25.36,17.38,79.62,1.43,0.51
2022-06-20,25.89,18.41,81.65,3.62,0.51
2022-06-21,28.3,17.39,79.14,2.86,0.51
2022-06-22,27.62,18.34,76.53,1.04,0.51
2022-06-23,26.8,19.44,80.83,6.54,0.51
2022-06-24,26.65,19.14,82.09,0.91,0.52
2022-06-25,29.97,18.48,72.78,0.35,0.51
2022-06-26,27.05,18.59,78.01,1.67,0.51
2022-06-27,30.54,19.17,73.61,1.0,0.5
2022-06-28,26.98,19.51,77.66,2.26,0.5
2022-06-29,28.35,19.63,77.49,8.99,0.51
2022-06-30,26.77,18.46,84.93,35.32,0.55
2022-07-01,26.47,19.84,87.04,4.78,0.58
2022-07-02,24.51,19.66,90.41,6.68,0.57
2022-07-03,26.92,19.85,84.71,1.44,0.57
2022-07-04,28.31,19.03,78.77,0.07,0.56
2022-07-05,27.89,19.72,79.39,0.31,0.55
2022-07-06,26.7,19.43,83.19,5.01,0.54
2022-07-07,29.1,19.47,81.22,10.66,0.55
2022-07-08,29.17,18.97,79.82,4.38,0.55
2022-07-09,27.28,19.37,78.39,1.21,0.54
2022-07-10,28.73,19.68,80.62,0.94,0.54
2022-07-11,29.29,20.09,77.08,0.17,0.53
2022-07-12,29.28,19.8,76.23,0.48,0.52
2022-07-13,27.79,20.82,81.22,2.89,0.52
2022-07-14,29.13,20.7,80.23,4.12,0.53
2022-07-15,28.95,20.74,75.06,0.91,0.53
2022-07-16,28.73,20.08,76.62,0.01,0.52
2022-07-17,29.88,19.63,75.04,0.15,0.52
2022-07-18,29.37,20.37,73.97,1.38,0.51
2022-07-19,28.78,19.06,80.31,11.3,0.52
2022-07-20,28.67,19.21,78.51,0.39,0.53
2022-07-21,28.75,19.49,80.31,8.43,0.52
2022-07-22,27.6,20.44,83.38,9.02,0.54
2022-07-23,27.81,19.44,81.19,10.05,0.55
2022-07-24,28.56,19.11,78.26,0.18,0.55
2022-07-25,29.3,19.22,75.12,0.06,0.54
2022-07-26,30.57,18.96,71.37,0.0,0.53
2022-07-27,28.97,19.82,73.87,0.01,0.53
2022-07-28,31.04,19.75,69.2,0.4,0.52
2022-07-29,30.76,19.69,73.54,6.92,0.52
2022-07-30,26.91,19.85,84.76,18.49,0.55
2022-07-31,28.93,18.89,77.47,0.79,0.55
2022-08-01,28.83,19.79,81.22,11.15,0.55
2022-08-02,28.35,19.68,83.87,5.25,0.56
2022-08-03,29.57,20.16,77.78,0.14,0.55
2022-08-04,26.83,19.92,80.0,1.14,0.54
2022-08-05,25.99,20.05,84.99,4.12,0.55
2022-08-06,25.46,19.97,85.54,1.72,0.55
2022-08-07,26.01,19.18,86.86,17.14,0.55
2022-08-08,26.96,19.63,82.86,13.17,0.58
2022-08-09,26.19,19.04,84.41,7.32,0.59
2022-08-10,27.01,18.52,82.7,2.33,0.58
2022-08-11,27.2,18.41,84.52,13.24,0.58
2022-08-12,24.18,19.12,89.96,4.71,0.59
2022-08-13,25.92,18.77,82.54,0.43,0.58
2022-08-14,28.47,17.89,76.6,0.57,0.57
2022-08-15,27.12,19.26,82.74,6.96,0.57
2022-08-16,26.53,19.66,86.47,28.28,0.6
2022-08-17,28.55,20.17,79.34,11.8,0.62
2022-08-18,26.3,18.91,82.95,0.68,0.61
2022-08-19,27.48,18.35,81.58,0.93,0.59
2022-08-20,26.67,19.05,85.62,10.58,0.59
2022-08-21,26.05,19.35,86.27,1.57,0.59
2022-08-22,25.97,19.56,85.82,2.47,0.59
2022-08-23,28.81,18.39,79.76,0.04,0.58
2022-08-24,28.58,19.37,81.66,0.78,0.57
2022-08-25,27.65,19.4,80.89,2.8,0.56
2022-08-26,24.45,19.49,91.0,14.56,0.58
2022-08-27,26.46,19.14,85.09,1.52,0.58
2022-08-28,26.33,18.4,82.96,0.24,0.58
2022-08-29,28.01,19.04,80.93,0.45,0.57
2022-08-30,28.79,19.95,79.86,0.12,0.56
2022-08-31,27.92,19.63,83.12,2.56,0.56
2022-09-01,26.78,19.82,83.6,2.32,0.56
2022-09-02,28.85,19.61,80.66,0.08,0.56
2022-09-03,29.11,19.83,77.8,0.05,0.55
2022-09-04,28.76,19.59,79.35,0.34,0.55
2022-09-05,28.69,19.38,81.2,1.58,0.54
2022-09-06,29.56,19.32,76.36,0.08,0.54
2022-09-07,28.72,18.18,76.32,1.46,0.54
2022-09-08,28.98,18.17,78.04,3.91,0.53
2022-09-09,27.95,19.23,84.01,7.41,0.54
2022-09-10,26.56,18.79,85.92,19.85,0.56
2022-09-11,23.43,17.83,88.59,16.26,0.61
2022-09-12,24.07,16.34,87.24,13.69,0.62
2022-09-13,26.98,17.36,85.86,11.02,0.62
2022-09-14,25.67,18.92,87.23,10.61,0.63
2022-09-15,26.5,18.0,85.31,6.45,0.62
2022-09-16,27.0,18.21,86.01,1.62,0.61
2022-09-17,25.59,19.73,88.3,1.89,0.6
2022-09-18,27.21,19.03,84.76,6.62,0.6
2022-09-19,28.13,19.38,83.68,0.52,0.6
2022-09-20,26.98,18.28,84.62,3.74,0.59
2022-09-21,26.65,18.86,85.55,5.22,0.59
2022-09-22,25.65,19.58,86.94,1.49,0.59
2022-09-23,27.58,18.17,82.54,1.71,0.58
2022-09-24,27.9,17.41,83.53,4.52,0.58
2022-09-25,26.57,18.31,82.86,1.88,0.58
2022-09-26,27.9,17.83,81.75,1.12,0.58
2022-09-27,28.06,19.1,80.43,0.0,0.57
2022-09-28,29.01,17.95,75.32,0.01,0.56
2022-09-29,28.61,18.62,76.7,1.08,0.56
2022-09-30,27.51,18.68,84.43,4.3,0.56
2022-10-01,26.65,19.57,89.14,13.19,0.57
2022-10-02,25.79,19.41,86.9,2.03,0.58
2022-10-03,23.7,19.3,91.88,12.0,0.59
2022-10-04,26.89,17.73,84.84,4.22,0.6
2022-10-05,27.47,17.61,80.71,0.42,0.59
2022-10-06,26.7,17.38,78.39,1.53,0.59
2022-10-07,27.49,16.99,79.56,1.69,0.58
2022-10-08,26.44,18.3,81.74,1.22,0.58
2022-10-09,27.13,17.44,79.48,2.05,0.57
2022-10-10,26.58,17.75,82.21,1.43,0.57
2022-10-11,24.73,17.52,81.93,0.4,0.57
2022-10-12,26.6,16.84,82.13,0.5,0.56
2022-10-13,28.11,18.13,79.02,1.01,0.56
2022-10-14,27.65,19.39,78.96,2.76,0.56
2022-10-15,27.52,18.01,75.83,0.0,0.56
2022-10-16,27.18,16.32,71.05,0.21,0.55
2022-10-17,25.37,17.16,76.26,0.01,0.55
2022-10-18,25.94,15.23,74.08,0.0,0.54
2022-10-19,25.92,13.94,67.14,0.0,0.54
2022-10-20,27.49,13.73,63.15,0.01,0.54
2022-10-21,27.51,14.32,76.3,0.04,0.53
2022-10-22,27.17,16.38,80.61,0.55,0.53
2022-10-23,27.62,17.14,76.28,0.08,0.53
2022-10-24,26.56,15.38,78.49,0.22,0.53
2022-10-25,27.31,17.64,77.69,0.41,0.53
2022-10-26,27.66,17.49,80.56,1.18,0.53
2022-10-27,28.5,17.35,75.21,0.82,0.52
2022-10-28,27.29,18.24,77.52,3.58,0.53
2022-10-29,25.32,18.01,79.08,0.04,0.53
2022-10-30,27.86,17.0,77.26,0.0,0.53
2022-10-31,28.26,16.79,74.37,0.0,0.53
2022-11-01,27.48,16.24,72.72,0.0,0.52
2022-11-02,28.41,15.45,64.18,0.04,0.52
2022-11-03,28.07,15.85,50.18,0.09,0.52
2022-11-04,27.49,13.22,65.85,0.0,0.52
2022-11-05,26.3,15.92,68.29,0.0,0.51
2022-11-06,26.94,15.2,68.39,0.0,0.51
2022-11-07,27.56,14.25,62.65,0.0,0.51
2022-11-08,27.99,14.74,55.09,0.0,0.51
2022-11-09,27.76,13.89,57.21,0.0,0.51
2022-11-10,27.86,14.4,58.74,0.0,0.51
2022-11-11,28.34,13.57,64.42,0.0,0.51
2022-11-12,28.08,14.49,60.39,0.0,0.51
2022-11-13,28.13,15.26,60.64,0.0,0.51
2022-11-14,28.1,14.91,63.15,0.0,0.5
2022-11-15,28.5,15.21,61.66,0.2,0.5
2022-11-16,28.16,15.19,63.89,0.24,0.5
2022-11-17,26.21,16.55,71.96,8.54,0.51
2022-11-18,24.05,16.23,70.05,0.01,0.52
2022-11-19,25.53,16.25,74.01,2.35,0.52
2022-11-20,26.58,17.05,76.98,1.08,0.52
2022-11-21,27.15,16.01,66.12,0.0,0.52
2022-11-22,28.27,14.68,61.83,0.0,0.52
2022-11-23,28.09,15.21,61.1,0.0,0.51
2022-11-24,27.56,14.32,63.48,0.03,0.51
2022-11-25,27.48,13.95,69.09,5.45,0.51
2022-11-26,26.6,17.26,71.89,0.09,0.52
2022-11-27,26.51,16.16,75.46,0.44,0.52
2022-11-28,26.36,16.57,81.23,0.19,0.51
2022-11-29,27.07,16.82,78.71,0.57,0.51
2022-11-30,27.15,16.04,73.04,0.1,0.51
2022-12-01,27.31,17.26,71.6,4.98,0.51
2022-12-02,26.68,17.37,74.57,0.41,0.52
2022-12-03,27.45,15.93,72.49,0.0,0.52
2022-12-04,27.43,14.38,68.12,0.0,0.51
2022-12-05,27.42,14.77,64.11,0.0,0.51
2022-12-06,27.27,15.0,64.57,0.0,0.51
2022-12-07,25.64,13.94,70.32,0.0,0.51
2022-12-08,27.11,15.23,68.53,0.0,0.51
2022-12-09,26.41,13.33,66.55,0.0,0.51
2022-12-10,26.07,14.3,64.52,0.0,0.5
2022-12-11,27.14,12.87,53.71,0.0,0.5
2022-12-12,27.21,14.3,55.68,0.0,0.5
2022-12-13,26.6,12.84,72.19,0.0,0.5
2022-12-14,26.07,12.31,77.39,0.0,0.5
2022-12-15,25.65,14.25,76.52,0.0,0.5
2022-12-16,26.54,11.78,70.0,0.0,0.5
2022-12-17,26.06,12.65,78.19,0.41,0.5
2022-12-18,22.48,10.89,72.06,0.2,0.5
2022-12-19,24.11,9.96,71.43,0.0,0.5
2022-12-20,23.96,13.99,75.5,0.0,0.5
2022-12-21,25.63,13.61,71.6,0.0,0.5
2022-12-22,25.09,11.99,68.88,0.0,0.5
2022-12-23,25.65,12.19,59.04,0.0,0.5
2022-12-24,25.76,10.66,61.96,0.0,0.49
2022-12-25,24.69,11.11,62.13,0.0,0.49
2022-12-26,24.34,10.28,63.67,0.0,0.49
2022-12-27,23.63,9.75,59.65,0.0,0.49
2022-12-28,24.04,10.01,60.95,0.01,0.49
2022-12-29,21.95,10.05,70.91,0.34,0.49
2022-12-30,22.52,10.98,70.24,0.1,0.49
2022-12-31,22.68,9.9,73.45,0.03,0.49
2023-01-01,23.39,9.47,71.32,0.18,0.49
2023-01-02,23.57,9.47,71.9,0.0,0.49
2023-01-03,24.82,9.81,68.12,0.0,0.49
2023-01-04,25.05,9.58,67.54,0.0,0.49
2023-01-05,25.9,10.15,65.31,0.0,0.49
2023-01-06,25.41,11.08,70.59,0.0,0.49
2023-01-07,24.44,11.02,66.28,0.0,0.49
2023-01-08,24.53,10.18,62.73,0.0,0.49
2023-01-09,24.99,9.94,60.05,0.0,0.49
2023-01-10,24.76,10.26,56.75,0.0,0.49
2023-01-11,24.75,10.5,54.18,0.0,0.49
2023-01-12,24.83,9.99,52.63,0.0,0.49
2023-01-13,26.35,9.2,49.7,0.0,0.49
2023-01-14,26.73,8.57,33.61,0.0,0.48
2023-01-15,25.25,9.0,42.1,0.0,0.48
2023-01-16,25.85,11.06,44.77,0.0,0.48
2023-01-17,25.34,9.27,54.92,0.0,0.48
2023-01-18,25.05,9.76,68.03,0.0,0.48
2023-01-19,25.85,10.31,58.03,0.0,0.48
2023-01-20,26.68,10.29,45.03,0.0,0.48
2023-01-21,25.72,9.69,49.15,0.0,0.48
2023-01-22,26.24,10.63,39.73,0.0,0.48
2023-01-23,26.6,9.67,36.39,0.0,0.48
2023-01-24,27.23,9.48,47.42,0.0,0.48
2023-01-25,26.44,10.57,61.65,0.0,0.48
2023-01-26,27.6,12.55,40.92,0.0,0.48
2023-01-27,29.34,13.46,43.63,0.0,0.48
2023-01-28,27.38,12.12,69.44,0.0,0.48
2023-01-29,26.5,11.21,66.78,0.0,0.48
2023-01-30,27.07,11.65,58.04,0.0,0.48
2023-01-31,27.94,13.86,59.35,0.0,0.48
2023-02-01,29.46,13.39,53.14,0.0,0.48
2023-02-02,30.07,15.55,48.58,0.05,0.48
2023-02-03,28.11,15.49,53.56,0.22,0.48
2023-02-04,28.93,13.44,53.71,0.0,0.48
2023-02-05,27.86,11.82,39.34,0.0,0.47
2023-02-06,27.4,11.05,36.03,0.0,0.47
2023-02-07,26.28,9.51,34.92,0.0,0.47
2023-02-08,27.22,9.31,36.25,0.0,0.47
2023-02-09,27.55,10.51,33.53,0.0,0.47
2023-02-10,28.01,11.18,33.5,0.0,0.47
2023-02-11,28.72,11.45,33.88,0.0,0.47
2023-02-12,29.28,13.64,30.61,0.0,0.47
2023-02-13,29.46,11.87,33.25,0.0,0.47
2023-02-14,29.79,11.72,36.6,0.0,0.47
2023-02-15,28.95,11.25,46.45,3.66,0.48
2023-02-16,25.01,11.8,75.33,25.34,0.51
2023-02-17,23.08,14.09,80.3,8.13,0.53
2023-02-18,25.38,12.45,65.51,0.0,0.53
2023-02-19,27.0,12.14,58.28,0.0,0.52
2023-02-20,26.78,14.47,57.19,0.0,0.52
2023-02-21,27.11,13.31,55.52,0.0,0.51
2023-02-22,27.7,13.14,53.51,0.0,0.51
2023-02-23,26.6,10.14,54.19,0.0,0.5
2023-02-24,29.15,12.09,46.37,0.0,0.5
2023-02-25,28.82,15.27,49.61,0.02,0.49
2023-02-26,21.67,14.31,77.17,0.76,0.49
2023-02-27,24.74,14.09,67.3,1.17,0.49
2023-02-28,27.3,12.31,62.4,0.0,0.49
2023-03-01,28.94,13.85,50.88,0.0,0.49
2023-03-02,29.48,15.93,45.56,0.0,0.49
2023-03-03,29.67,14.59,43.47,0.0,0.48
2023-03-04,29.66,14.24,41.75,0.0,0.48
2023-03-05,29.08,12.01,51.46,0.0,0.48
2023-03-06,28.83,12.27,47.81,0.0,0.48
2023-03-07,29.55,12.32,48.75,0.0,0.48
2023-03-08,30.72,15.95,41.49,0.0,0.47
2023-03-09,31.21,18.53,37.82,0.0,0.47
2023-03-10,30.74,16.69,34.78,0.0,0.47
2023-03-11,31.54,18.33,32.92,0.0,0.47
2023-03-12,28.05,20.15,37.94,1.2,0.47
2023-03-13,30.05,17.28,47.88,0.33,0.47
2023-03-14,27.68,14.63,60.79,0.32,0.47
2023-03-15,29.0,13.76,56.84,1.85,0.47
2023-03-16,27.69,14.84,58.58,0.33,0.47
2023-03-17,29.42,15.88,45.16,0.0,0.47
2023-03-18,28.65,17.43,43.73,0.11,0.47
2023-03-19,28.79,15.99,47.46,0.09,0.47
2023-03-20,25.43,15.95,60.24,0.92,0.47
2023-03-21,27.26,13.92,54.46,0.03,0.47
2023-03-22,29.1,13.93,49.95,0.13,0.47
2023-03-23,29.25,13.44,54.77,0.01,0.47
2023-03-24,29.64,13.91,54.46,0.0,0.47
2023-03-25,31.07,16.06,46.58,0.0,0.47
2023-03-26,31.08,16.71,45.14,0.0,0.47
2023-03-27,31.64,15.2,47.25,0.0,0.47
2023-03-28,31.65,15.21,45.01,0.07,0.47
2023-03-29,30.24,15.36,56.32,0.06,0.47
2023-03-30,30.91,15.85,50.03,0.0,0.47
2023-03-31,31.99,15.38,48.48,0.01,0.47
2023-04-01,31.93,16.39,45.6,0.06,0.47
2023-04-02,29.52,14.66,56.23,0.21,0.47
2023-04-03,29.23,15.79,57.68,0.2,0.47
2023-04-04,30.47,15.06,56.21,0.0,0.47
2023-04-05,32.7,15.27,46.05,0.0,0.47
2023-04-06,32.75,16.72,48.25,0.0,0.47
2023-04-07,33.97,19.03,37.83,0.0,0.47
2023-04-08,33.97,19.04,35.74,0.0,0.47
2023-04-09,33.96,19.82,31.49,0.0,0.46
2023-04-10,33.64,18.16,36.57,0.0,0.46
2023-04-11,34.03,17.32,38.9,0.0,0.46
2023-04-12,34.42,18.4,36.57,0.0,0.46
2023-04-13,34.26,18.94,35.47,0.0,0.46
2023-04-14,35.02,17.9,33.15,0.0,0.46
2023-04-15,35.25,20.99,32.39,0.0,0.46
2023-04-16,33.38,20.3,38.59,0.0,0.46
2023-04-17,34.35,19.09,45.27,0.0,0.46
2023-04-18,33.6,19.94,48.72,0.0,0.46
2023-04-19,33.65,20.2,47.21,0.0,0.46
2023-04-20,34.07,19.06,49.42,0.35,0.46
2023-04-21,33.37,18.59,53.16,0.53,0.46
2023-04-22,32.92,18.99,53.33,1.51,0.47
2023-04-23,33.83,18.66,44.65,0.27,0.47
2023-04-24,32.34,19.4,45.95,0.05,0.47
2023-04-25,34.48,20.23,40.55,0.1,0.46
2023-04-26,34.76,20.91,34.78,0.57,0.46
2023-04-27,34.14,18.2,38.63,0.15,0.46
2023-04-28,33.87,18.88,39.15,0.01,0.46
2023-04-29,34.92,19.89,41.23,0.0,0.46
2023-04-30,35.66,19.29,38.97,0.0,0.46
2023-05-01,34.29,19.66,41.24,0.15,0.46
2023-05-02,32.27,21.43,51.65,1.35,0.46
2023-05-03,32.28,19.98,48.61,0.26,0.46
2023-05-04,33.58,19.79,49.5,2.36,0.47
2023-05-05,33.14,19.55,46.49,0.0,0.47
2023-05-06,34.89,19.17,49.7,0.0,0.47
2023-05-07,35.37,19.75,46.07,0.0,0.47
2023-05-08,34.8,22.01,55.73,15.18,0.47
2023-05-09,33.18,20.69,62.05,0.35,0.49
2023-05-10,30.45,20.58,70.33,22.9,0.51
2023-05-11,28.91,19.57,73.11,1.48,0.53
2023-05-12,25.86,20.65,81.36,3.33,0.52
2023-05-13,25.88,19.21,81.71,7.27,0.53
2023-05-14,29.7,18.48,75.06,3.05,0.52
2023-05-15,28.27,19.82,75.05,5.3,0.52
2023-05-16,28.92,18.73,72.27,0.97,0.52
2023-05-17,28.28,18.57,77.52,5.88,0.52
2023-05-18,28.89,18.21,73.88,0.34,0.52
2023-05-19,31.41,18.0,65.7,0.03,0.51
2023-05-20,31.88,18.17,63.02,0.0,0.5
2023-05-21,31.56,17.52,62.66,0.0,0.5
2023-05-22,33.06,18.39,58.43,0.01,0.49
2023-05-23,30.36,19.33,64.46,0.14,0.49
2023-05-24,30.46,19.15,67.0,0.44,0.48
2023-05-25,28.13,19.17,72.12,0.38,0.48
2023-05-26,31.39,19.1,66.59,0.67,0.48
2023-05-27,32.48,19.23,62.01,0.01,0.48
2023-05-28,33.94,19.11,58.22,0.11,0.48
2023-05-29,32.02,21.68,58.63,3.54,0.48
2023-05-30,33.83,20.15,60.73,0.47,0.48
2023-05-31,33.66,20.59,60.32,0.01,0.47
2023-06-01,32.14,21.18,63.45,0.22,0.47
2023-06-02,29.97,20.16,68.04,2.09,0.47
2023-06-03,31.29,18.78,69.85,3.6,0.47
2023-06-04,30.83,19.81,67.91,0.04,0.48
2023-06-05,31.68,20.08,67.16,1.22,0.48
2023-06-06,27.52,20.84,83.24,14.78,0.5
2023-06-07,25.63,20.46,82.65,10.32,0.52
2023-06-08,29.71,20.4,77.19,0.62,0.52
2023-06-09,29.94,19.91,75.0,0.99,0.51
2023-06-10,29.4,20.51,76.32,2.42,0.51
2023-06-11,29.69,19.93,73.11,0.66,0.51
2023-06-12,30.75,19.16,73.42,2.31,0.5
2023-06-13,29.42,19.68,77.98,1.7,0.5
2023-06-14,27.84,19.46,80.48,6.9,0.5
2023-06-15,30.02,19.29,69.32,0.31,0.51
2023-06-16,28.09,19.95,75.86,0.28,0.5
2023-06-17,31.52,19.13,69.55,0.43,0.5
2023-06-18,32.15,20.01,70.93,1.37,0.49
2023-06-19,31.5,20.54,69.84,0.41,0.49
2023-06-20,27.7,20.13,73.37,0.78,0.49
2023-06-21,29.8,18.87,74.56,2.96,0.49
2023-06-22,28.82,19.06,76.69,0.87,0.49
2023-06-23,27.42,19.24,74.66,1.81,0.49
2023-06-24,25.0,18.16,81.64,5.87,0.49
2023-06-25,27.11,17.89,78.82,5.78,0.5
2023-06-26,29.09,18.18,75.73,3.29,0.5
2023-06-27,30.19,18.68,71.46,0.66,0.5
2023-06-28,31.3,19.71,72.81,3.77,0.5
2023-06-29,31.36,19.86,71.2,0.53,0.5
2023-06-30,31.83,19.64,66.24,0.49,0.5
2023-07-01,29.67,20.48,70.97,1.08,0.49
2023-07-02,30.86,19.94,70.3,0.54,0.49
2023-07-03,28.35,20.28,76.82,1.76,0.49
2023-07-04,29.34,20.04,74.68,0.98,0.49
2023-07-05,30.78,19.53,68.69,0.67,0.49
2023-07-06,27.97,20.24,72.75,0.08,0.48
2023-07-07,31.19,20.09,67.74,0.08,0.48
2023-07-08,31.78,20.52,70.18,1.96,0.48
2023-07-09,29.86,20.52,77.73,7.01,0.48
2023-07-10,28.74,20.7,75.73,0.36,0.49
2023-07-11,30.79,19.56,70.69,0.78,0.49
2023-07-12,28.78,19.16,76.07,4.14,0.49
2023-07-13,27.23,20.0,82.18,11.03,0.5
2023-07-14,28.82,19.77,79.13,6.05,0.51
2023-07-15,28.99,18.68,74.67,0.68,0.51
2023-07-16,29.51,18.14,69.47,0.05,0.51
2023-07-17,32.39,19.57,65.85,0.0,0.5
2023-07-18,32.39,20.74,66.98,0.04,0.5
2023-07-19,32.11,20.69,71.21,0.97,0.49
2023-07-20,29.36,20.43,75.76,0.87,0.49
2023-07-21,30.75,20.29,74.71,3.32,0.49
2023-07-22,32.52,20.66,69.08,0.47,0.49
2023-07-23,30.47,20.67,70.47,0.24,0.49
2023-07-24,33.22,20.1,66.47,1.03,0.48
2023-07-25,31.58,20.24,73.47,3.05,0.49
2023-07-26,31.19,20.24,73.25,2.01,0.49
2023-07-27,31.58,19.93,71.05,0.77,0.48
2023-07-28,30.67,20.69,74.43,1.24,0.48
2023-07-29,29.98,20.43,76.97,3.93,0.49
2023-07-30,31.16,20.58,75.37,1.96,0.49
2023-07-31,31.06,20.5,74.76,2.46,0.49
2023-08-01,27.41,20.91,79.64,4.69,0.49
2023-08-02,27.54,20.83,80.2,1.5,0.49
2023-08-03,26.93,19.23,82.24,4.2,0.49
2023-08-04,27.2,18.39,80.37,4.13,0.5
2023-08-05,28.85,19.73,78.59,6.16,0.5
2023-08-06,24.45,19.8,86.28,7.59,0.51
2023-08-07,25.9,19.34,83.01,10.83,0.52
2023-08-08,26.26,18.97,83.85,13.69,0.54
2023-08-09,27.11,18.44,85.37,1.86,0.54
2023-08-10,27.21,19.35,81.61,0.96,0.54
2023-08-11,26.52,18.56,80.3,0.01,0.53
2023-08-12,25.5,18.46,77.63,0.1,0.52
2023-08-13,29.07,18.03,77.83,3.27,0.52
2023-08-14,29.1,18.99,81.17,6.84,0.52
2023-08-15,28.74,20.24,81.21,1.25,0.52
2023-08-16,26.15,20.09,83.52,0.63,0.52
2023-08-17,28.08,19.78,79.72,1.67,0.52
2023-08-18,31.1,18.64,72.21,0.06,0.51
2023-08-19,30.59,19.45,70.64,0.1,0.51
2023-08-20,29.53,20.68,76.96,0.77,0.5
2023-08-21,28.17,20.54,77.4,0.57,0.5
2023-08-22,28.94,19.85,74.35,0.24,0.5
2023-08-23,28.89,19.47,73.84,0.28,0.49
2023-08-24,30.22,18.97,71.34,0.3,0.49
2023-08-25,30.04,18.65,75.43,2.48,0.49
2023-08-26,29.51,19.76,79.25,2.77,0.49
2023-08-27,30.07,19.62,75.54,0.26,0.49
2023-08-28,30.91,19.06,71.21,0.14,0.49
2023-08-29,29.31,21.1,80.48,7.35,0.49
2023-08-30,28.15,20.16,79.39,0.37,0.5
2023-08-31,29.02,20.78,79.3,1.09,0.5
2023-09-01,29.87,20.29,81.85,21.82,0.51
2023-09-02,26.96,20.49,82.58,1.3,0.54
2023-09-03,29.12,19.84,73.7,0.06,0.53
2023-09-04,29.64,20.25,73.89,9.22,0.53
2023-09-05,28.07,20.29,82.92,6.57,0.54
2023-09-06,29.39,20.18,81.17,2.97,0.54
2023-09-07,28.1,20.41,83.05,4.33,0.53
2023-09-08,27.26,20.13,85.38,27.11,0.56
2023-09-09,28.85,19.92,84.06,1.6,0.57
2023-09-10,28.59,20.18,84.62,1.9,0.56
2023-09-11,28.61,19.93,82.53,1.59,0.55
2023-09-12,26.04,20.08,87.5,2.48,0.54
2023-09-13,27.04,18.91,84.95,14.64,0.55
2023-09-14,26.3,18.6,86.5,8.56,0.57
2023-09-15,28.47,17.66,78.5,0.95,0.56
2023-09-16,29.34,18.97,81.38,6.94,0.56
2023-09-17,27.04,19.09,85.03,5.88,0.56
2023-09-18,27.57,19.85,85.72,8.5,0.56
2023-09-19,27.17,19.18,81.92,0.21,0.56
2023-09-20,27.37,19.04,82.93,0.04,0.55
2023-09-21,28.95,19.55,79.27,0.04,0.54
2023-09-22,29.56,19.24,76.32,0.14,0.53
2023-09-23,30.41,19.4,74.46,0.86,0.53
2023-09-24,30.79,19.49,72.33,0.11,0.52
2023-09-25,30.07,20.12,73.39,1.03,0.52
2023-09-26,26.67,20.37,79.46,0.23,0.52
2023-09-27,30.49,19.25,75.0,6.55,0.52
2023-09-28,27.14,19.71,82.5,3.34,0.52
2023-09-29,27.08,19.41,85.6,10.7,0.53
2023-09-30,27.57,19.65,83.32,2.27,0.54
2023-10-01,28.34,18.21,80.82,2.23,0.54
2023-10-02,28.08,17.83,80.62,2.14,0.53
2023-10-03,28.87,17.23,78.3,0.33,0.53
2023-10-04,29.07,18.76,78.59,0.26,0.52
2023-10-05,29.97,18.83,75.55,0.09,0.52
2023-10-06,29.17,20.19,77.95,1.49,0.52
2023-10-07,29.45,19.73,81.85,16.42,0.52
2023-10-08,27.64,19.73,83.72,5.84,0.55
2023-10-09,25.93,19.19,88.66,20.13,0.56
2023-10-10,25.06,18.08,87.91,2.03,0.57
2023-10-11,26.04,19.16,85.5,2.08,0.57
2023-10-12,25.06,18.19,89.11,5.09,0.56
2023-10-13,26.14,18.16,82.41,1.06,0.56
2023-10-14,27.04,17.64,81.03,7.87,0.56
2023-10-15,27.69,17.29,75.51,1.04,0.56
2023-10-16,28.36,17.32,71.97,1.65,0.55
2023-10-17,27.39,17.2,75.79,0.96,0.54
2023-10-18,27.46,19.11,73.0,11.88,0.54
2023-10-19,26.73,18.77,73.99,3.81,0.56
2023-10-20,27.9,16.55,67.38,1.63,0.55
2023-10-21,26.64,17.48,76.35,2.72,0.55
2023-10-22,26.39,17.23,78.52,2.42,0.54
2023-10-23,25.4,16.94,84.37,7.23,0.55
2023-10-24,24.88,17.87,88.23,1.59,0.55
2023-10-25,27.61,16.99,79.56,0.06,0.55
2023-10-26,28.22,17.32,77.05,1.0,0.54
2023-10-27,27.16,17.69,80.14,7.24,0.54
2023-10-28,26.96,18.57,80.6,0.78,0.54
2023-10-29,26.58,17.55,81.87,2.41,0.54
2023-10-30,25.79,17.76,83.85,4.33,0.54
2023-10-31,24.62,17.69,85.74,0.12,0.54
2023-11-01,25.84,16.28,80.78,8.91,0.54
2023-11-02,24.38,17.9,80.58,0.7,0.55
2023-11-03,26.53,17.05,78.19,0.0,0.55
2023-11-04,26.28,18.18,79.81,0.0,0.54
2023-11-05,27.61,17.09,74.79,0.0,0.54
2023-11-06,28.19,18.49,67.36,0.0,0.53
2023-11-07,28.69,18.76,66.05,0.03,0.52
2023-11-08,27.29,17.33,73.51,0.17,0.52
2023-11-09,28.48,15.98,72.91,0.0,0.52
2023-11-10,29.0,16.33,70.27,0.0,0.51
2023-11-11,29.28,16.88,65.67,0.0,0.51
2023-11-12,28.78,16.9,66.75,0.18,0.51
2023-11-13,28.95,17.84,66.42,0.03,0.51
2023-11-14,28.76,17.92,72.47,0.23,0.5
2023-11-15,26.4,18.77,77.76,0.24,0.5
2023-11-16,27.59,18.08,79.03,2.16,0.5
2023-11-17,20.94,14.38,80.05,1.97,0.51
2023-11-18,24.61,14.32,78.59,1.54,0.51
2023-11-19,26.57,15.42,71.7,0.06,0.51
2023-11-20,28.05,13.77,71.06,0.0,0.51
2023-11-21,27.53,14.94,69.77,0.0,0.5
2023-11-22,27.61,15.92,67.85,0.05,0.5
2023-11-23,27.11,13.69,71.02,1.4,0.5
2023-11-24,26.62,13.88,73.97,0.0,0.5
2023-11-25,27.28,15.5,67.39,0.0,0.5
2023-11-26,27.18,14.53,67.28,0.0,0.5
2023-11-27,27.17,13.91,64.75,0.0,0.5
2023-11-28,26.8,12.53,65.47,0.0,0.5
2023-11-29,25.71,13.81,66.91,0.0,0.5
2023-11-30,23.45,15.34,68.33,0.0,0.49
2023-12-01,26.17,15.35,68.56,0.0,0.49
2023-12-02,26.52,16.72,73.66,0.03,0.49
2023-12-03,26.05,17.06,76.38,0.05,0.49
2023-12-04,26.84,17.07,74.88,0.01,0.49
2023-12-05,26.39,17.24,72.04,0.05,0.49
2023-12-06,27.36,16.31,69.23,0.16,0.49
2023-12-07,25.89,15.93,79.5,4.22,0.49
2023-12-08,24.83,16.79,86.94,6.4,0.5
2023-12-09,25.75,15.1,83.72,0.04,0.51
2023-12-10,26.37,14.63,77.42,0.13,0.51
2023-12-11,26.46,13.53,81.19,2.67,0.5
2023-12-12,25.36,14.77,82.6,1.6,0.51
2023-12-13,25.31,16.15,81.09,1.37,0.51
2023-12-14,25.26,14.75,80.08,0.01,0.51
2023-12-15,26.1,13.21,68.69,0.0,0.5
2023-12-16,26.3,11.65,60.0,0.0,0.5
2023-12-17,26.17,10.98,68.65,0.0,0.5
2023-12-18,26.36,12.08,69.64,0.0,0.5
2023-12-19,26.86,13.41,63.07,0.0,0.5
2023-12-20,26.61,12.79,62.55,0.0,0.49
2023-12-21,25.62,11.85,70.98,0.0,0.49
2023-12-22,23.5,14.02,76.21,0.0,0.49
2023-12-23,24.52,11.18,62.97,0.0,0.49
2023-12-24,24.73,10.11,60.07,0.0,0.49
2023-12-25,24.06,10.09,62.76,0.78,0.49
2023-12-26,24.32,9.93,67.07,0.0,0.49
2023-12-27,24.99,11.21,66.93,0.0,0.49
2023-12-28,24.54,11.88,69.36,0.0,0.49
2023-12-29,24.96,14.67,67.75,0.0,0.49
2023-12-30,25.24,11.43,66.91,0.0,0.49
2023-12-31,25.43,11.06,55.67,0.0,0.49
2024-01-01,25.86,11.39,53.36,0.0,0.49
2024-01-02,26.04,10.64,51.82,0.0,0.48
2024-01-03,25.92,10.65,52.37,0.0,0.48
2024-01-04,25.68,10.92,59.38,0.0,0.48
2024-01-05,25.84,11.54,55.88,0.0,0.48
2024-01-06,25.94,11.32,57.77,0.0,0.48
2024-01-07,26.07,11.49,47.54,0.0,0.48
2024-01-08,26.11,11.17,43.8,0.0,0.48
2024-01-09,26.16,10.27,44.3,0.0,0.48
2024-01-10,26.29,9.52,40.47,0.0,0.48
2024-01-11,26.15,11.64,38.63,0.0,0.48
2024-01-12,27.08,11.04,39.19,0.0,0.48
2024-01-13,26.38,9.77,41.43,0.42,0.48
2024-01-14,25.61,8.14,49.63,0.0,0.48
2024-01-15,25.72,10.61,59.77,0.04,0.48
2024-01-16,23.5,10.53,68.34,0.5,0.48
2024-01-17,24.57,10.15,66.86,0.04,0.48
2024-01-18,25.3,9.4,50.46,0.0,0.48
2024-01-19,25.37,10.35,41.88,0.0,0.48
2024-01-20,24.95,9.33,52.7,0.0,0.48
2024-01-21,24.43,9.21,47.8,0.0,0.48
2024-01-22,25.63,9.83,39.29,0.0,0.47
2024-01-23,25.18,10.25,53.45,0.0,0.47
2024-01-24,24.83,9.95,65.48,0.0,0.47
2024-01-25,23.01,11.02,73.63,2.44,0.48
2024-01-26,24.53,10.15,67.69,0.41,0.48
2024-01-27,23.72,11.15,73.63,0.07,0.48
2024-01-28,24.48,10.62,68.7,0.07,0.48
2024-01-29,24.87,9.37,55.14,0.0,0.48
2024-01-30,24.95,8.81,50.97,0.0,0.48
2024-01-31,25.02,9.21,42.0,0.0,0.47
2024-02-01,25.7,10.12,36.94,0.0,0.47
2024-02-02,25.68,9.82,46.27,0.0,0.47
2024-02-03,25.98,10.22,53.71,0.0,0.47
2024-02-04,27.07,10.97,51.61,0.0,0.47
2024-02-05,27.72,11.58,42.85,0.0,0.47
2024-02-06,28.03,13.67,39.46,0.0,0.47
2024-02-07,27.84,12.65,47.19,0.0,0.47
2024-02-08,29.13,12.68,49.36,0.0,0.47
2024-02-09,28.79,13.19,39.23,0.0,0.47
2024-02-10,28.86,10.0,32.33,0.51,0.47
2024-02-11,28.3,10.1,45.45,0.0,0.47
2024-02-12,27.26,11.78,55.54,0.0,0.47
2024-02-13,28.03,12.1,39.39,0.0,0.47
2024-02-14,29.7,14.28,38.76,0.0,0.47
2024-02-15,29.86,13.61,38.18,0.0,0.47
2024-02-16,29.84,13.52,41.05,0.0,0.47
2024-02-17,27.5,11.67,37.89,0.0,0.47
2024-02-18,27.99,9.72,25.93,0.0,0.47
2024-02-19,29.49,11.61,24.45,0.0,0.47
2024-02-20,28.71,10.03,29.93,0.0,0.47
2024-02-21,29.18,13.1,30.39,0.0,0.47
2024-02-22,28.89,11.94,45.95,0.01,0.47
2024-02-23,28.82,12.95,48.67,0.0,0.47
2024-02-24,29.86,12.49,44.22,0.0,0.47
2024-02-25,30.19,13.04,42.96,0.0,0.47
2024-02-26,30.67,14.22,35.91,0.0,0.47
2024-02-27,31.01,16.05,35.1,0.0,0.47
2024-02-28,29.72,14.12,37.33,0.0,0.47
2024-02-29,30.84,14.0,36.55,0.0,0.47
2024-03-01,30.97,15.56,30.51,0.0,0.47
2024-03-02,30.95,14.98,28.93,0.0,0.46
2024-03-03,29.5,13.08,30.3,0.0,0.46
2024-03-04,31.65,13.75,32.45,0.0,0.46
2024-03-05,31.13,16.7,32.92,0.0,0.46
2024-03-06,30.94,12.36,28.81,0.0,0.46
2024-03-07,32.78,11.79,19.15,0.0,0.46
2024-03-08,32.84,16.18,18.83,0.0,0.46
2024-03-09,30.76,16.59,24.82,0.0,0.46
2024-03-10,31.08,15.51,25.91,0.0,0.46
2024-03-11,32.48,14.81,26.78,0.0,0.46
2024-03-12,30.92,13.79,35.01,0.0,0.46
2024-03-13,31.06,11.77,34.42,0.0,0.46
2024-03-14,30.25,15.62,37.08,0.0,0.46
2024-03-15,31.89,16.94,33.81,0.0,0.46
2024-03-16,32.88,17.84,35.31,0.0,0.46
2024-03-17,32.4,16.98,30.46,0.0,0.46
2024-03-18,32.03,19.3,32.59,0.0,0.46
2024-03-19,33.37,19.19,33.62,0.11,0.46
2024-03-20,33.18,18.15,37.41,2.01,0.47
2024-03-21,30.05,17.07,46.96,2.05,0.47
2024-03-22,27.52,14.71,54.38,0.29,0.47
2024-03-23,28.94,12.03,52.58,0.0,0.47
2024-03-24,30.4,13.48,48.09,0.0,0.47
2024-03-25,32.21,14.78,38.24,0.0,0.47
2024-03-26,32.14,17.78,36.84,0.0,0.47
2024-03-27,32.61,15.47,36.65,0.0,0.46
2024-03-28,32.21,16.25,38.93,0.0,0.46
2024-03-29,32.17,16.88,37.39,0.0,0.46
2024-03-30,32.19,16.04,49.53,0.0,0.46
2024-03-31,33.33,17.39,46.72,0.45,0.46
2024-04-01,32.6,17.59,49.34,0.05,0.46
2024-04-02,33.41,17.54,52.35,0.0,0.46
2024-04-03,33.54,18.26,51.94,0.0,0.46
2024-04-04,35.22,18.21,45.07,0.0,0.46
2024-04-05,35.73,18.26,38.48,0.0,0.46
2024-04-06,35.33,19.31,39.12,0.0,0.46
2024-04-07,35.86,20.07,40.66,0.0,0.46
2024-04-08,35.42,20.07,42.34,0.0,0.46
2024-04-09,37.19,21.07,33.63,0.34,0.46
2024-04-10,35.56,20.53,35.32,2.75,0.47
2024-04-11,34.06,19.16,39.35,0.0,0.47
2024-04-12,34.7,18.96,38.95,0.81,0.46
2024-04-13,34.99,20.61,33.81,0.78,0.47
2024-04-14,35.13,19.71,34.51,0.26,0.47
2024-04-15,34.93,19.79,33.3,0.0,0.46
2024-04-16,34.75,19.03,36.53,0.0,0.46
2024-04-17,33.6,19.37,43.95,0.24,0.46
2024-04-18,31.37,19.5,59.01,3.94,0.47
2024-04-19,31.44,18.58,59.67,0.27,0.47
2024-04-20,33.22,17.92,55.06,0.21,0.47
2024-04-21,33.13,18.17,55.1,0.17,0.47
2024-04-22,33.46,19.1,49.33,0.1,0.47
2024-04-23,35.5,19.33,50.19,0.0,0.46
2024-04-24,34.26,19.54,47.4,0.27,0.46
2024-04-25,34.67,19.71,46.41,0.05,0.46
2024-04-26,33.99,19.96,44.59,0.46,0.46
2024-04-27,35.61,20.31,33.25,0.0,0.46
2024-04-28,36.55,19.85,37.67,0.0,0.46
2024-04-29,35.24,20.44,46.67,0.01,0.46
2024-04-30,35.82,20.86,44.46,0.01,0.46
2024-05-01,35.52,20.48,45.16,0.02,0.46
2024-05-02,34.59,20.13,50.07,1.11,0.46
2024-05-03,31.75,19.96,53.12,0.02,0.46
2024-05-04,34.03,19.02,53.14,0.16,0.46
2024-05-05,32.33,19.36,51.53,0.25,0.46
2024-05-06,33.92,19.87,49.26,0.2,0.46
2024-05-07,30.25,21.24,49.06,1.79,0.46
2024-05-08,32.99,20.6,46.32,0.12,0.47
2024-05-09,30.68,21.19,50.8,0.66,0.46
2024-05-10,31.89,20.11,57.52,1.45,0.47
2024-05-11,33.32,20.44,48.64,0.57,0.47
2024-05-12,33.65,19.21,44.62,0.02,0.47
2024-05-13,35.54,19.2,41.53,1.81,0.46
2024-05-14,34.74,21.68,46.64,1.0,0.47
2024-05-15,34.49,21.96,48.07,0.15,0.47
2024-05-16,35.64,22.01,47.03,0.69,0.47
2024-05-17,33.35,22.02,63.41,16.21,0.48
2024-05-18,32.76,21.06,64.84,0.13,0.49
2024-05-19,28.92,20.99,69.87,0.08,0.49
2024-05-20,29.84,21.22,70.64,2.58,0.49
2024-05-21,30.04,20.97,67.06,0.81,0.48
2024-05-22,27.77,20.83,77.64,3.64,0.48
2024-05-23,31.19,20.55,72.73,14.77,0.5
2024-05-24,29.51,20.02,75.43,8.92,0.51
2024-05-25,27.0,20.51,81.14,2.51,0.52
2024-05-26,26.99,20.47,84.33,3.29,0.52
2024-05-27,26.44,21.27,84.44,1.62,0.51
2024-05-28,27.97,20.63,79.09,1.37,0.51
2024-05-29,30.25,20.52,78.4,19.76,0.52
2024-05-30,30.41,20.45,79.73,8.11,0.54
2024-05-31,30.58,19.98,81.22,24.75,0.56
2024-06-01,28.58,21.02,83.49,6.91,0.58
2024-06-02,25.9,20.54,86.55,4.56,0.57
2024-06-03,27.09,19.9,84.72,19.15,0.57
2024-06-04,27.88,19.85,82.51,7.16,0.59
2024-06-05,29.08,19.31,81.32,2.6,0.58
2024-06-06,26.99,20.53,86.95,0.76,0.57
2024-06-07,24.66,19.81,88.63,4.91,0.56
2024-06-08,27.75,19.44,80.25,0.36,0.55
2024-06-09,29.6,19.3,77.66,0.09,0.54
2024-06-10,26.82,21.29,85.18,1.61,0.53
2024-06-11,28.0,19.87,82.34,4.97,0.54
2024-06-12,25.99,19.47,83.31,1.57,0.53
2024-06-13,29.62,19.47,76.74,1.18,0.53
2024-06-14,28.16,20.36,81.37,15.49,0.54
2024-06-15,28.84,20.07,81.09,0.35,0.54
2024-06-16,26.79,20.44,82.02,0.63,0.54
2024-06-17,29.6,20.25,76.82,0.43,0.53
2024-06-18,27.93,19.29,80.1,2.59,0.52
2024-06-19,28.55,19.44,79.19,1.42,0.52
2024-06-20,29.85,19.81,80.24,5.6,0.52
2024-06-21,30.63,19.61,74.15,0.69,0.52
2024-06-22,30.75,20.47,78.38,2.34,0.52
2024-06-23,27.67,21.29,85.94,2.89,0.52
2024-06-24,28.74,20.7,77.52,1.74,0.52
2024-06-25,28.03,20.44,83.83,15.68,0.53
2024-06-26,27.98,21.06,86.76,9.76,0.56
2024-06-27,29.01,20.27,80.79,0.9,0.55
2024-06-28,30.25,20.54,75.67,0.42,0.54
2024-06-29,29.94,19.77,78.77,3.19,0.54
2024-06-30,27.18,19.62,85.06,67.08,0.57
2024-07-01,25.19,18.77,87.87,27.69,0.66
2024-07-02,25.38,20.75,87.72,1.62,0.66
2024-07-03,26.8,19.77,85.91,1.68,0.63
2024-07-04,25.59,18.85,84.39,5.58,0.62
2024-07-05,28.17,18.96,81.04,2.36,0.61
2024-07-06,28.25,20.11,84.83,14.1,0.61
2024-07-07,28.15,20.33,83.74,1.31,0.6
2024-07-08,26.83,20.37,85.8,0.2,0.59
2024-07-09,28.2,19.91,81.97,1.38,0.58
2024-07-10,25.51,20.2,84.58,1.13,0.57
2024-07-11,27.27,19.38,84.28,3.41,0.57
2024-07-12,27.54,19.05,83.66,2.55,0.57
2024-07-13,28.92,18.99,78.38,0.29,0.56
2024-07-14,30.1,19.19,76.27,0.35,0.55
2024-07-15,27.8,19.94,77.72,3.0,0.55
2024-07-16,29.57,20.26,82.55,9.97,0.56
2024-07-17,30.47,21.14,82.54,1.99,0.56
2024-07-18,29.8,20.67,80.58,0.49,0.55
2024-07-19,27.61,20.01,82.69,0.85,0.55
2024-07-20,28.96,20.09,80.16,1.01,0.54
2024-07-21,26.6,19.63,85.48,2.23,0.54
2024-07-22,27.31,19.7,84.64,6.4,0.54
2024-07-23,26.82,19.78,85.27,13.71,0.56
2024-07-24,28.22,18.77,84.02,5.54,0.57
2024-07-25,28.21,20.6,83.56,2.54,0.57
2024-07-26,28.37,19.96,82.42,5.59,0.57
2024-07-27,27.58,20.45,81.88,2.87,0.57
2024-07-28,27.8,19.62,85.21,2.76,0.56
2024-07-29,27.52,20.26,83.05,1.6,0.56
2024-07-30,25.38,19.07,86.84,8.06,0.56
2024-07-31,25.82,18.62,89.27,18.23,0.58
2024-08-01,25.28,18.8,85.4,9.65,0.6
2024-08-02,26.95,18.06,86.72,6.27,0.6
2024-08-03,26.92,18.72,84.07,3.33,0.6
2024-08-04,26.97,18.15,84.8,1.11,0.59
2024-08-05,26.85,18.79,84.01,4.34,0.58
2024-08-06,27.62,19.2,83.82,3.43,0.58
2024-08-07,26.52,19.21,84.12,6.7,0.58
2024-08-08,26.9,18.65,81.6,0.63,0.58
2024-08-09,28.03,17.91,78.49,1.37,0.57
2024-08-10,28.46,19.02,80.27,2.08,0.57
2024-08-11,26.73,19.47,85.93,2.9,0.56
2024-08-12,25.75,19.99,88.05,11.23,0.57
2024-08-13,25.25,19.34,89.41,8.13,0.58
2024-08-14,26.47,18.97,87.36,3.66,0.59
2024-08-15,26.77,20.03,85.4,5.47,0.59
2024-08-16,27.97,19.68,85.9,14.91,0.6
2024-08-17,27.87,18.12,84.45,1.14,0.6
2024-08-18,27.53,18.61,81.07,1.18,0.59
2024-08-19,27.41,19.47,83.66,3.59,0.58
2024-08-20,27.41,18.26,81.25,2.68,0.58
2024-08-21,28.25,19.02,83.98,5.26,0.58
2024-08-22,27.4,19.4,86.14,6.23,0.58
2024-08-23,25.08,19.0,86.01,3.83,0.59
2024-08-24,24.56,18.26,86.7,9.65,0.59
2024-08-25,25.26,18.31,87.5,3.38,0.6
2024-08-26,26.61,18.45,83.85,2.86,0.59
2024-08-27,25.1,19.71,90.5,17.18,0.61
2024-08-28,27.74,18.98,84.36,14.06,0.63
2024-08-29,27.74,19.99,84.57,0.48,0.62
2024-08-30,26.11,20.12,86.6,0.65,0.61
2024-08-31,26.43,19.48,88.46,7.12,0.61
2024-09-01,27.96,19.67,83.27,1.37,0.6
2024-09-02,26.01,19.74,86.59,1.74,0.6
2024-09-03,28.68,18.51,80.08,1.36,0.59
2024-09-04,28.27,20.01,81.8,2.25,0.59
2024-09-05,27.66,19.92,82.43,1.03,0.59
2024-09-06,29.3,19.93,77.28,0.0,0.58
2024-09-07,30.09,19.94,79.64,0.24,0.57
2024-09-08,28.36,20.29,85.56,1.73,0.57
2024-09-09,24.98,20.87,90.81,7.64,0.57
2024-09-10,24.31,20.62,93.73,15.39,0.59
2024-09-11,24.14,20.35,92.86,5.65,0.61
2024-09-12,24.78,18.81,86.54,1.13,0.61
2024-09-13,24.53,17.51,84.82,3.63,0.6
2024-09-14,26.13,17.48,81.0,0.27,0.6
2024-09-15,26.77,17.99,82.26,0.0,0.59
2024-09-16,29.01,17.49,79.79,0.35,0.58
2024-09-17,29.34,19.42,78.25,4.11,0.58
2024-09-18,27.79,20.18,80.6,1.67,0.58
2024-09-19,29.27,18.9,76.3,7.41,0.58
2024-09-20,28.61,18.88,77.54,7.74,0.58
2024-09-21,28.77,19.67,80.1,6.89,0.59
2024-09-22,27.5,20.27,84.21,3.42,0.59
2024-09-23,25.67,20.05,88.33,6.27,0.59
2024-09-24,25.78,19.42,88.3,13.41,0.6
2024-09-25,25.86,18.85,86.94,22.81,0.63
2024-09-26,25.5,18.98,90.04,1.78,0.64
2024-09-27,25.55,19.12,87.44,1.25,0.63
2024-09-28,27.51,19.37,85.04,0.0,0.62
2024-09-29,28.07,19.34,84.96,0.02,0.61
2024-09-30,27.86,19.64,87.0,1.3,0.6
2024-10-01,26.17,20.62,90.31,12.32,0.61
2024-10-02,26.81,19.64,87.15,28.76,0.63
2024-10-03,23.24,18.82,90.58,10.46,0.66
2024-10-04,25.66,17.8,87.32,0.64,0.65
2024-10-05,26.92,18.29,86.3,0.96,0.64
2024-10-06,27.87,20.11,82.08,2.39,0.63
2024-10-07,27.56,18.68,81.64,4.4,0.62
2024-10-08,25.82,17.37,81.57,0.26,0.62
2024-10-09,27.46,18.2,79.79,1.2,0.61
2024-10-10,26.34,18.33,83.09,2.16,0.61
2024-10-11,26.69,17.1,84.35,1.54,0.6
2024-10-12,27.16,18.03,80.1,0.0,0.6
2024-10-13,28.17,17.96,74.82,0.01,0.59
2024-10-14,27.7,19.67,76.97,0.05,0.58
2024-10-15,27.66,19.59,77.85,0.54,0.58
2024-10-16,26.88,18.64,81.51,2.06,0.58
2024-10-17,27.61,18.03,82.11,2.81,0.58
2024-10-18,28.32,17.96,76.86,0.95,0.57
2024-10-19,27.47,18.56,75.69,2.58,0.57
2024-10-20,27.0,18.35,78.67,1.64,0.57
2024-10-21,25.19,18.18,83.82,0.45,0.57
2024-10-22,26.24,18.64,85.21,0.3,0.57
2024-10-23,26.07,18.36,82.39,0.03,0.57
2024-10-24,27.32,16.68,79.19,0.08,0.56
2024-10-25,28.37,16.56,75.66,0.0,0.56
2024-10-26,28.65,18.93,72.72,0.01,0.55
2024-10-27,29.59,17.29,67.91,0.05,0.55
2024-10-28,29.2,16.96,70.12,0.15,0.55
2024-10-29,28.67,18.25,71.49,0.77,0.54
2024-10-30,28.61,17.61,70.3,0.12,0.54
2024-10-31,28.39,16.82,71.14,0.01,0.54
2024-11-01,28.39,17.56,66.07,0.41,0.54
2024-11-02,27.3,16.35,78.03,6.39,0.54
2024-11-03,27.01,15.73,74.39,0.0,0.55
2024-11-04,26.32,15.95,70.68,0.1,0.54
2024-11-05,25.12,14.4,79.75,1.61,0.54
2024-11-06,20.88,15.72,90.12,9.45,0.55
2024-11-07,19.46,15.48,94.55,33.16,0.61
2024-11-08,22.66,15.93,88.86,2.78,0.62
2024-11-09,23.58,15.14,85.65,0.09,0.61
2024-11-10,24.98,15.2,80.69,0.0,0.6
2024-11-11,24.23,15.56,77.82,0.0,0.59
2024-11-12,25.7,15.7,77.74,0.0,0.59
2024-11-13,25.76,15.88,73.53,0.0,0.58
2024-11-14,26.32,15.57,68.28,0.0,0.57
2024-11-15,25.9,13.77,64.72,0.0,0.57
2024-11-16,25.56,12.94,64.14,0.1,0.56
2024-11-17,25.73,12.38,71.97,0.03,0.56
2024-11-18,25.69,13.88,82.64,0.11,0.55
2024-11-19,24.88,17.34,80.95,0.01,0.55
2024-11-20,25.19,15.63,76.06,0.04,0.55
2024-11-21,24.86,14.79,75.11,0.63,0.55
2024-11-22,24.54,14.09,76.95,0.08,0.54
2024-11-23,24.75,13.99,77.48,0.04,0.54
2024-11-24,24.92,12.91,75.12,0.0,0.54
2024-11-25,25.46,13.24,65.28,0.0,0.54
2024-11-26,25.2,13.35,81.06,0.01,0.54
2024-11-27,25.48,15.13,79.07,0.14,0.54
2024-11-28,24.66,16.06,84.18,0.93,0.54
2024-11-29,20.87,14.6,84.64,0.49,0.54
2024-11-30,25.42,14.12,75.91,0.0,0.54
2024-12-01,25.36,14.83,66.98,0.0,0.54
2024-12-02,26.65,13.49,69.41,0.0,0.53
2024-12-03,27.3,15.58,67.96,0.0,0.53
2024-12-04,27.42,15.97,69.85,0.0,0.53
2024-12-05,26.19,15.31,77.51,0.0,0.53
2024-12-06,25.8,13.1,71.87,0.0,0.53
2024-12-07,25.68,11.53,76.43,0.0,0.52
2024-12-08,25.87,13.82,77.71,0.0,0.52
2024-12-09,24.53,14.16,83.9,0.0,0.52
2024-12-10,25.37,14.35,75.98,0.0,0.52
2024-12-11,26.23,12.77,61.3,0.0,0.52
2024-12-12,25.89,12.29,67.08,0.0,0.52
2024-12-13,25.87,11.71,69.01,0.0,0.52
2024-12-14,25.85,12.72,79.99,5.64,0.52
2024-12-15,23.29,13.66,87.81,6.11,0.54
2024-12-16,24.45,11.17,79.26,0.12,0.54
2024-12-17,24.38,14.46,77.3,0.0,0.54
2024-12-18,23.39,14.15,77.52,0.0,0.53
2024-12-19,23.99,14.09,76.94,0.0,0.53
2024-12-20,24.0,14.04,79.58,0.0,0.53
2024-12-21,23.87,14.98,78.93,0.08,0.53
2024-12-22,23.17,14.52,77.11,0.06,0.53
2024-12-23,23.91,12.06,76.24,0.0,0.53
2024-12-24,24.51,12.71,74.58,0.0,0.52
2024-12-25,25.19,11.58,74.25,0.0,0.52
2024-12-26,26.21,12.71,73.02,0.0,0.52
2024-12-27,26.55,12.78,69.71,0.0,0.52
2024-12-28,26.46,12.42,67.28,0.0,0.52
2024-12-29,25.5,12.06,72.35,0.0,0.52
2024-12-30,25.82,13.52,70.56,0.0,0.52
2024-12-31,25.41,12.98,58.61,0.0,0.51
2025-01-01,24.62,11.0,71.91,0.0,0.51
2025-01-02,25.07,11.18,70.96,0.0,0.51
2025-01-03,24.92,11.1,71.1,0.0,0.51
2025-01-04,24.3,11.37,72.39,0.0,0.51
2025-01-05,23.88,11.37,72.62,0.0,0.51
2025-01-06,23.51,11.5,70.42,0.0,0.51
2025-01-07,24.09,10.26,73.1,0.0,0.51
2025-01-08,23.03,10.02,75.42,0.0,0.51
2025-01-09,24.36,9.84,71.84,0.0,0.51
2025-01-10,24.39,9.98,67.87,0.0,0.51
2025-01-11,24.7,11.28,73.28,0.0,0.51
2025-01-12,23.06,9.7,67.02,0.0,0.51
2025-01-13,23.99,8.61,64.32,0.0,0.51
2025-01-14,24.45,9.7,60.76,0.0,0.51
2025-01-15,24.48,9.34,65.87,0.0,0.51
2025-01-16,24.31,8.39,64.61,0.0,0.5
2025-01-17,25.67,8.77,62.91,0.0,0.5
2025-01-18,26.04,11.48,49.75,0.0,0.5
2025-01-19,26.63,12.7,49.0,0.0,0.5
2025-01-20,27.37,12.11,50.31,0.0,0.5
2025-01-21,27.34,10.15,56.67,0.0,0.5
2025-01-22,27.98,10.25,54.63,0.0,0.5
2025-01-23,27.79,11.51,49.01,0.0,0.5
2025-01-24,27.16,11.21,55.05,0.0,0.5
2025-01-25,26.65,12.28,42.88,0.0,0.49
2025-01-26,27.1,8.06,49.51,0.0,0.49
2025-01-27,24.84,8.69,67.75,0.0,0.49
2025-01-28,23.71,10.24,74.21,0.0,0.49
2025-01-29,23.7,11.29,75.22,0.0,0.49
2025-01-30,24.49,8.78,62.95,0.0,0.49
2025-01-31,25.45,8.25,51.85,0.0,0.49
2025-02-01,26.63,11.91,50.09,0.0,0.49
2025-02-02,27.73,13.31,46.41,0.0,0.49
2025-02-03,28.82,10.53,43.51,0.0,0.49
2025-02-04,28.12,11.48,48.06,0.0,0.49
2025-02-05,26.91,10.01,53.47,0.0,0.49
2025-02-06,27.91,12.1,43.95,0.0,0.49
2025-02-07,29.19,13.94,41.42,0.0,0.49
2025-02-08,28.39,12.9,52.29,0.0,0.49
2025-02-09,26.8,11.97,60.71,0.0,0.48
2025-02-10,26.49,11.18,54.29,0.0,0.48
2025-02-11,27.3,9.91,43.28,0.0,0.48
2025-02-12,28.0,9.67,38.2,0.0,0.48
2025-02-13,28.42,11.56,41.58,0.0,0.48
2025-02-14,26.85,10.86,55.61,0.0,0.48
2025-02-15,27.05,10.91,63.35,0.0,0.48
2025-02-16,27.6,11.3,54.15,0.15,0.48
2025-02-17,28.83,11.84,44.78,0.0,0.48
2025-02-18,28.03,12.23,39.51,0.0,0.48
2025-02-19,27.56,11.89,40.91,0.0,0.48
2025-02-20,28.4,13.04,41.45,0.0,0.48
2025-02-21,28.55,13.87,39.68,0.0,0.48
2025-02-22,29.01,13.91,45.15,0.1,0.48
2025-02-23,28.66,13.49,49.91,1.82,0.48
2025-02-24,28.38,13.21,56.33,2.12,0.48
2025-02-25,26.99,13.91,58.72,0.55,0.48
2025-02-26,28.4,11.71,53.56,0.07,0.48
2025-02-27,28.6,13.09,39.1,0.0,0.48
2025-02-28,28.64,12.64,46.54,0.0,0.48
2025-03-01,29.62,12.46,40.6,0.01,0.48
2025-03-02,30.84,15.01,37.4,0.2,0.48
2025-03-03,30.23,15.03,44.43,0.04,0.48
2025-03-04,29.83,13.89,46.31,0.0,0.48
2025-03-05,30.5,13.14,42.8,0.0,0.47
2025-03-06,30.79,14.1,36.18,0.0,0.47
2025-03-07,30.04,12.17,38.08,0.0,0.47
2025-03-08,28.57,12.32,45.88,0.0,0.47
2025-03-09,28.55,12.16,46.59,0.38,0.47
2025-03-10,30.99,14.51,40.28,0.0,0.47
2025-03-11,30.45,15.19,41.02,0.05,0.47
2025-03-12,30.52,14.06,40.7,0.0,0.47
2025-03-13,30.72,14.25,36.21,0.0,0.47
2025-03-14,31.65,14.33,38.62,0.01,0.47
2025-03-15,31.56,15.77,36.97,0.0,0.47
2025-03-16,32.73,17.18,31.56,0.0,0.47
2025-03-17,33.3,16.17,37.27,0.0,0.47
2025-03-18,33.02,16.84,41.28,0.0,0.47
2025-03-19,32.5,18.23,42.87,0.2,0.47
2025-03-20,31.52,15.49,46.95,0.16,0.47
2025-03-21,29.94,15.77,51.07,0.19,0.47
2025-03-22,29.95,16.96,55.8,0.49,0.47
2025-03-23,31.76,16.4,48.0,0.19,0.47
2025-03-24,32.59,17.01,41.75,0.08,0.47
2025-03-25,31.32,16.17,49.55,3.61,0.47
2025-03-26,29.78,16.63,47.98,0.35,0.47
2025-03-27,31.64,18.01,37.57,0.0,0.47
2025-03-28,31.85,15.49,42.41,0.0,0.47
2025-03-29,33.25,17.34,43.48,0.0,0.47
2025-03-30,33.23,17.04,38.79,0.0,0.47
2025-03-31,33.26,17.27,35.51,0.0,0.47
2025-04-01,32.82,16.02,40.9,0.1,0.47
2025-04-02,34.26,17.77,33.78,0.0,0.47
2025-04-03,34.01,16.84,34.8,0.03,0.47
2025-04-04,33.61,17.42,42.44,0.53,0.47
2025-04-05,33.44,17.09,41.01,0.08,0.47
2025-04-06,31.35,18.39,45.12,0.15,0.47
2025-04-07,28.45,17.91,50.4,0.56,0.47
2025-04-08,30.87,18.68,50.5,0.04,0.47
2025-04-09,27.69,20.11,48.68,0.0,0.47
2025-04-10,30.07,19.53,50.62,0.09,0.47
2025-04-11,25.52,18.12,68.62,0.43,0.47
2025-04-12,28.62,18.08,58.46,0.09,0.47
2025-04-13,27.22,18.87,60.5,3.16,0.47
2025-04-14,28.38,17.98,66.68,0.76,0.47
2025-04-15,27.74,19.57,67.1,0.11,0.47
2025-04-16,28.83,19.07,66.52,0.5,0.47
2025-04-17,31.1,17.63,61.76,0.11,0.47
2025-04-18,31.05,17.9,56.11,0.41,0.47
2025-04-19,31.4,17.46,54.04,0.04,0.47
2025-04-20,31.31,18.4,54.99,0.08,0.47
2025-04-21,31.81,18.13,58.84,0.26,0.47
2025-04-22,32.26,19.78,53.36,0.36,0.47
2025-04-23,33.58,20.45,56.79,0.1,0.47
2025-04-24,34.26,18.78,51.41,0.0,0.47
2025-04-25,33.77,17.9,52.52,0.0,0.47
2025-04-26,34.06,19.47,50.79,0.0,0.47
2025-04-27,34.95,20.23,49.22,0.53,0.47
2025-04-28,34.78,20.45,50.95,1.74,0.47
2025-04-29,29.1,20.52,64.78,0.71,0.47
2025-04-30,26.75,19.71,67.05,1.74,0.47
2025-05-01,30.04,19.39,66.17,1.32,0.47
2025-05-02,28.91,18.33,71.1,10.07,0.48
2025-05-03,29.09,18.54,70.96,1.64,0.49
2025-05-04,31.54,17.72,60.37,0.02,0.49
2025-05-05,32.51,17.13,54.92,0.0,0.48
2025-05-06,33.38,17.57,51.92,0.0,0.48
2025-05-07,33.73,18.66,54.93,0.0,0.47
2025-05-08,33.74,18.74,52.01,0.0,0.47
2025-05-09,31.98,20.61,51.93,0.11,0.47
2025-05-10,32.62,19.53,57.8,0.01,0.47
2025-05-11,32.57,20.35,59.91,1.73,0.47
2025-05-12,30.77,20.82,63.04,3.54,0.47
2025-05-13,25.7,19.97,82.7,19.21,0.49
2025-05-14,30.69,18.94,72.96,2.9,0.51
2025-05-15,28.81,19.79,78.49,8.3,0.51
2025-05-16,28.68,19.69,81.39,17.32,0.53
2025-05-17,25.18,19.86,88.42,3.92,0.54
2025-05-18,25.7,18.74,87.33,17.88,0.55
2025-05-19,28.08,17.93,76.47,0.2,0.56
2025-05-20,29.5,17.94,73.8,0.81,0.55
2025-05-21,27.09,19.8,82.02,5.71,0.54
2025-05-22,29.47,18.44,73.21,0.53,0.54
2025-05-23,27.72,19.29,82.89,46.25,0.56
2025-05-24,29.07,19.46,82.73,3.93,0.6
2025-05-25,28.09,19.64,80.81,2.71,0.59
2025-05-26,26.29,18.69,83.44,3.05,0.58
2025-05-27,27.38,19.6,84.29,9.11,0.58
2025-05-28,27.06,19.79,83.04,2.54,0.57
2025-05-29,27.53,20.44,82.76,6.08,0.57
2025-05-30,27.31,19.99,84.44,1.74,0.56
2025-05-31,27.97,19.67,81.27,0.72,0.55
2025-06-01,28.51,20.87,78.92,1.45,0.54
2025-06-02,27.79,20.54,81.42,5.39,0.54
2025-06-03,26.67,18.94,78.75,3.03,0.54
2025-06-04,28.35,17.92,78.08,5.59,0.54
2025-06-05,29.08,17.36,75.11,1.61,0.54
2025-06-06,30.44,18.63,69.75,0.24,0.53
2025-06-07,30.28,18.33,75.02,4.53,0.53
2025-06-08,29.73,19.87,78.73,8.25,0.53
2025-06-09,27.43,20.46,83.45,3.01,0.54
2025-06-10,27.58,20.37,81.25,9.01,0.54
2025-06-11,24.61,20.58,89.58,10.18,0.55
2025-06-12,24.91,19.64,88.45,3.36,0.57
2025-06-13,27.93,19.47,81.54,5.18,0.57
2025-06-14,29.72,19.02,76.44,1.01,0.56
2025-06-15,26.79,20.05,82.8,2.24,0.55
2025-06-16,26.34,19.19,81.68,2.74,0.55
2025-06-17,27.0,20.16,80.08,1.06,0.54
2025-06-18,29.67,19.16,80.43,4.02,0.54
2025-06-19,27.99,19.02,80.96,3.5,0.54
2025-06-20,27.2,19.09,81.37,2.28,0.54
2025-06-21,26.21,19.81,83.49,0.2,0.54
2025-06-22,26.24,19.26,82.12,3.26,0.54
2025-06-23,27.92,19.57,82.49,1.35,0.54
2025-06-24,29.73,19.77,78.18,0.73,0.53
2025-06-25,27.73,19.47,78.17,3.69,0.53
2025-06-26,29.29,19.47,78.3,4.06,0.53
2025-06-27,28.24,19.4,78.32,1.18,0.53
2025-06-28,28.5,19.27,78.72,4.56,0.53
2025-06-29,27.94,19.27,82.11,3.22,0.53
2025-06-30,26.82,19.27,80.87,2.09,0.53
2025-07-01,27.54,18.89,83.55,12.1,0.54
2025-07-02,25.96,19.12,82.2,0.78,0.55
2025-07-03,26.56,18.79,82.4,2.47,0.55
2025-07-04,25.56,19.63,83.98,0.41,0.54
2025-07-05,25.48,19.09,86.75,12.08,0.55
2025-07-06,27.62,18.75,84.12,4.91,0.56
2025-07-07,26.51,18.5,84.94,3.84,0.56
2025-07-08,26.42,19.84,84.47,2.49,0.56
2025-07-09,26.64,19.18,81.35,3.34,0.56
2025-07-10,27.92,18.32,81.37,1.72,0.55
2025-07-11,26.57,18.52,85.77,18.69,0.56
2025-07-12,26.42,20.49,85.63,0.79,0.58
2025-07-13,27.29,20.57,83.05,0.56,0.57
2025-07-14,26.97,19.88,81.99,0.43,0.56
2025-07-15,25.78,19.89,86.36,9.23,0.56
2025-07-16,25.44,20.6,88.87,5.53,0.57
2025-07-17,25.34,19.62,85.24,1.32,0.57
2025-07-18,27.63,19.44,81.38,0.16,0.56
2025-07-19,28.48,18.88,78.32,0.84,0.55
2025-07-20,29.99,19.58,78.2,0.89,0.55
2025-07-21,27.71,20.23,82.07,0.63,0.54
2025-07-22,28.1,19.93,82.67,6.66,0.55
2025-07-23,24.16,20.19,90.5,14.01,0.56
2025-07-24,26.49,19.66,82.59,2.8,0.57
2025-07-25,27.62,20.19,81.71,6.42,0.57
2025-07-26,26.24,19.68,85.04,2.74,0.57
2025-07-27,24.17,20.29,90.35,14.9,0.58
2025-07-28,24.62,19.93,88.82,6.67,0.59
2025-07-29,26.08,19.34,86.52,4.37,0.59
2025-07-30,28.11,18.77,81.37,0.35,0.58
2025-07-31,27.17,18.98,83.12,0.83,0.57
2025-08-01,28.58,19.16,80.43,0.18,0.56
2025-08-02,27.88,19.99,82.21,0.97,0.56
2025-08-03,28.68,19.33,78.84,0.61,0.55
2025-08-04,28.93,18.76,75.41,0.38,0.54
2025-08-05,28.53,19.14,79.76,4.93,0.54
2025-08-06,24.65,19.32,89.32,5.35,0.55
2025-08-07,26.52,18.72,81.83,3.62,0.55
2025-08-08,24.99,17.9,80.61,0.32,0.55
2025-08-09,28.09,17.98,80.12,0.73,0.55
2025-08-10,28.67,18.86,77.71,0.04,0.54
2025-08-11,29.64,19.21,77.5,0.14,0.54
2025-08-12,28.21,20.44,81.87,3.8,0.54
2025-08-13,29.04,20.25,77.49,6.1,0.54
2025-08-14,26.34,19.37,85.0,25.05,0.56
2025-08-15,28.05,19.14,82.0,0.94,0.59
2025-08-16,26.83,20.14,82.83,2.06,0.58
2025-08-17,28.26,18.78,83.52,6.89,0.58
2025-08-18,28.82,19.33,80.54,0.88,0.57
2025-08-19,29.05,19.24,77.76,0.4,0.56
2025-08-20,28.46,19.24,78.58,1.02,0.55
2025-08-21,27.82,19.87,81.74,2.87,0.55
2025-08-22,28.44,19.7,81.02,4.66,0.55
2025-08-23,25.27,19.0,83.26,1.5,0.55
2025-08-24,27.84,18.25,80.68,2.51,0.55
2025-08-25,28.53,19.17,75.32,1.36,0.55
2025-08-26,29.29,20.21,76.83,23.29,0.57
2025-08-27,25.71,19.65,86.65,5.54,0.59
2025-08-28,25.62,18.78,83.17,1.41,0.59
2025-08-29,26.09,18.19,82.55,0.13,0.58
2025-08-30,29.48,18.27,76.57,0.65,0.57
2025-08-31,29.54,19.01,77.96,1.28,0.56
2025-09-01,27.78,19.62,81.13,2.25,0.56
2025-09-02,28.76,18.9,80.26,0.21,0.55
2025-09-03,29.01,19.52,77.64,0.21,0.55
2025-09-04,27.59,19.22,78.86,0.23,0.54
2025-09-05,29.64,18.69,79.0,3.42,0.54
2025-09-06,28.18,20.22,79.08,0.33,0.54
2025-09-07,29.35,20.15,76.39,0.11,0.54
2025-09-08,30.05,20.17,75.9,0.42,0.54
2025-09-09,28.7,20.13,81.1,1.22,0.53
2025-09-10,26.87,20.59,83.13,0.99,0.53
2025-09-11,28.99,20.06,79.87,0.74,0.53
2025-09-12,26.75,19.99,85.01,4.32,0.53
2025-09-13,26.8,19.53,85.52,4.04,0.54
2025-09-14,26.02,19.44,85.58,0.8,0.54
2025-09-15,25.69,18.64,82.65,5.68,0.54
2025-09-16,29.11,18.7,76.83,0.6,0.54
2025-09-17,29.64,18.66,77.04,1.79,0.54
2025-09-18,29.58,19.34,77.03,4.32,0.54
2025-09-19,29.79,19.9,74.37,1.85,0.54
2025-09-20,29.8,18.87,78.59,3.9,0.54
2025-09-21,28.72,18.98,79.85,3.08,0.54
2025-09-22,25.4,19.71,88.36,10.04,0.56
2025-09-23,28.56,18.75,81.35,7.41,0.56
2025-09-24,27.57,18.32,83.23,10.85,0.57
2025-09-25,26.71,19.34,87.32,9.5,0.58
2025-09-26,28.26,19.83,84.02,7.09,0.58
2025-09-27,26.02,19.18,88.16,3.17,0.59
2025-09-28,27.35,19.01,82.52,0.23,0.58
2025-09-29,29.4,18.17,74.8,3.22,0.57
2025-09-30,26.44,19.7,86.47,12.64,0.57
2025-10-01,25.17,19.1,87.65,2.16,0.58
2025-10-02,26.99,18.12,82.46,0.56,0.58
2025-10-03,27.96,18.34,80.98,0.36,0.57
2025-10-04,29.3,18.2,76.92,0.27,0.56
2025-10-05,27.17,18.55,82.67,4.44,0.56
2025-10-06,27.37,18.27,82.54,0.75,0.56
2025-10-07,27.94,18.66,81.91,1.05,0.55
2025-10-08,25.53,19.0,82.16,0.39,0.55
2025-10-09,26.91,18.84,82.42,7.28,0.55
2025-10-10,27.63,18.3,79.32,3.32,0.56
2025-10-11,27.66,17.58,77.89,0.55,0.55
2025-10-12,28.95,18.51,71.14,0.52,0.55
2025-10-13,28.61,19.24,70.64,5.98,0.55
2025-10-14,27.67,19.18,74.83,2.16,0.55
2025-10-15,25.76,18.36,84.6,15.65,0.56
2025-10-16,22.83,18.29,92.28,3.46,0.58
2025-10-17,26.56,17.25,83.36,0.98,0.57
2025-10-18,26.96,17.87,78.99,1.8,0.57
2025-10-19,26.9,17.96,81.67,5.32,0.57
2025-10-20,26.89,16.85,79.02,0.12,0.56
2025-10-21,27.58,17.56,77.66,0.01,0.56
2025-10-22,27.09,16.81,77.99,0.2,0.55
2025-10-23,27.18,15.28,75.22,0.07,0.54
2025-10-24,26.95,15.04,76.82,0.0,0.54
2025-10-25,27.09,15.81,76.49,0.0,0.53
2025-10-26,28.03,15.81,75.16,0.0,0.53
2025-10-27,28.47,16.66,73.5,0.0,0.53
2025-10-28,28.81,17.8,71.17,0.0,0.52
2025-10-29,29.38,18.17,70.23,0.0,0.52
2025-10-30,29.79,18.38,68.9,0.03,0.52
2025-10-31,29.49,18.07,76.06,3.65,0.52
2025-11-01,26.44,19.39,84.91,4.52,0.52
2025-11-02,23.65,18.39,92.07,8.36,0.53
2025-11-03,26.0,17.89,85.82,5.29,0.55
2025-11-04,25.89,18.1,87.16,2.69,0.55
2025-11-05,25.12,18.15,87.6,1.29,0.55
2025-11-06,25.42,18.65,86.56,0.4,0.54
2025-11-07,26.99,17.77,82.48,0.68,0.54
2025-11-08,25.24,17.29,85.17,12.33,0.55
2025-11-09,25.95,17.86,85.35,16.32,0.57
2025-11-10,25.81,17.2,81.15,1.95,0.58
2025-11-11,25.83,15.04,74.1,0.0,0.57
2025-11-12,25.74,14.39,69.14,0.0,0.56
2025-11-13,26.16,14.29,67.98,0.05,0.55
2025-11-14,26.69,13.23,73.88,1.0,0.55
2025-11-15,27.03,15.25,78.01,0.0,0.54
2025-11-16,25.1,14.19,76.13,0.0,0.54
2025-11-17,25.02,12.5,77.8,1.75,0.54
2025-11-18,24.6,16.07,85.26,2.91,0.54
2025-11-19,20.38,13.74,85.09,0.6,0.54
2025-11-20,24.28,11.66,77.21,0.0,0.54
2025-11-21,24.27,12.07,76.66,0.0,0.53
2025-11-22,25.0,10.86,72.95,0.0,0.53
2025-11-23,25.29,10.51,69.94,0.0,0.53
2025-11-24,25.22,11.46,70.98,0.0,0.52
2025-11-25,23.53,10.9,73.38,0.0,0.52
2025-11-26,24.46,9.77,67.45,0.0,0.52
2025-11-27,21.08,8.69,67.46,0.0,0.52
2025-11-28,22.63,6.78,57.16,0.0,0.52
2025-11-29,24.24,8.92,47.41,0.0,0.51
2025-11-30,24.61,10.17,50.27,0.0,0.51
2025-12-01,25.33,11.0,50.24,0.0,0.51
2025-12-02,25.56,10.83,48.0,0.0,0.51
2025-12-03,26.78,11.32,55.57,0.09,0.51
2025-12-04,26.73,12.42,61.11,0.0,0.51
2025-12-05,27.33,13.88,59.86,0.0,0.51
2025-12-06,26.67,13.69,63.22,0.0,0.51
2025-12-07,26.31,13.06,54.15,0.0,0.5
2025-12-08,25.56,10.47,67.18,0.0,0.5
2025-12-09,25.35,11.45,67.71,0.0,0.5
2025-12-10,25.15,10.71,67.35,0.0,0.5
2025-12-11,24.85,10.44,71.54,0.25,0.5
2025-12-12,25.67,10.38,69.77,0.03,0.5
2025-12-13,25.62,11.58,71.52,0.1,0.5
2025-12-14,25.81,11.9,73.53,0.0,0.5
2025-12-15,25.9,12.4,68.53,0.0,0.5
2025-12-16,25.6,11.85,61.46,0.01,0.5
2025-12-17,24.44,11.38,70.91,0.24,0.5
2025-12-18,24.69,11.26,65.63,0.18,0.5
2025-12-19,25.41,11.32,57.56,0.0,0.5
2025-12-20,25.11,10.87,53.82,0.0,0.5
2025-12-21,24.1,9.92,68.36,0.0,0.5
2025-12-22,24.34,9.63,66.46,0.0,0.5
2025-12-23,24.57,10.38,64.21,0.0,0.5
2025-12-24,24.94,10.48,66.63,0.0,0.5
2025-12-25,24.89,10.25,64.19,0.0,0.5
2025-12-26,25.44,10.27,67.8,0.0,0.5
2025-12-27,25.36,10.85,63.18,0.0,0.49
2025-12-28,25.2,10.91,65.26,0.0,0.49
2025-12-29,25.68,11.1,63.1,0.0,0.49
2025-12-30,26.35,11.36,54.32,0.0,0.49
2025-12-31,25.78,9.98,50.78,0.0,0.49
