,T2M_MAX,T2M_MIN,RH2M,PRECTOTCORR,GWETROOT
1981-01-01,31.11,21.38,72.94,0.0,0.56
1981-01-02,31.4,19.27,70.57,0.01,0.56
1981-01-03,30.84,19.12,71.92,0.46,0.56
1981-01-04,31.3,19.17,71.9,0.47,0.55
1981-01-05,30.97,18.18,66.73,0.0,0.55
1981-01-06,30.42,15.33,57.61,0.0,0.55
1981-01-07,30.96,18.19,60.51,0.0,0.54
1981-01-08,31.37,17.9,67.99,0.0,0.54
1981-01-09,31.18,17.58,68.47,0.0,0.54
1981-01-10,32.09,17.94,66.3,0.0,0.53
1981-01-11,29.87,18.97,70.41,0.0,0.53
1981-01-12,29.35,19.55,61.98,0.0,0.53
1981-01-13,29.99,18.78,64.08,0.0,0.52
1981-01-14,29.97,19.54,63.45,0.0,0.52
1981-01-15,31.83,19.55,59.16,0.0,0.52
1981-01-16,31.64,19.66,64.57,0.0,0.51
1981-01-17,30.2,19.49,64.98,0.0,0.51
1981-01-18,30.18,17.25,63.81,0.0,0.51
1981-01-19,29.51,18.63,64.84,0.0,0.51
1981-01-20,30.66,17.72,64.6,0.0,0.5
1981-01-21,31.24,18.47,62.35,0.0,0.5
1981-01-22,31.21,19.08,61.06,0.0,0.5
1981-01-23,31.04,17.53,64.67,0.0,0.5
1981-01-24,32.3,19.37,65.46,0.0,0.49
1981-01-25,33.32,19.11,64.81,0.0,0.49
1981-01-26,33.54,20.52,60.2,0.0,0.49
1981-01-27,33.14,21.78,59.26,0.0,0.49
1981-01-28,34.07,21.5,55.78,0.02,0.48
1981-01-29,33.99,19.77,54.92,0.0,0.48
1981-01-30,34.49,19.34,53.97,0.0,0.48
1981-01-31,35.39,18.62,50.71,0.0,0.48
1981-02-01,36.52,19.44,50.83,0.0,0.47
1981-02-02,36.44,19.5,44.09,0.0,0.47
1981-02-03,36.57,18.8,41.82,0.0,0.47
1981-02-04,36.53,18.63,42.09,0.0,0.47
1981-02-05,36.37,17.76,43.09,0.0,0.47
1981-02-06,36.88,17.93,40.81,0.0,0.47
1981-02-07,36.64,18.6,47.69,0.0,0.47
1981-02-08,35.49,21.2,60.26,0.0,0.46
1981-02-09,33.24,22.4,61.08,0.07,0.46
1981-02-10,35.11,22.22,56.26,0.6,0.46
1981-02-11,33.89,21.27,65.72,7.04,0.47
1981-02-12,33.01,18.1,54.52,0.0,0.47
1981-02-13,32.55,15.06,51.61,0.0,0.47
1981-02-14,33.59,16.16,47.58,0.0,0.47
1981-02-15,34.21,16.33,47.75,0.0,0.47
1981-02-16,35.33,17.08,48.44,0.0,0.47
1981-02-17,36.38,17.48,49.68,0.0,0.46
1981-02-18,36.89,18.03,48.86,0.0,0.46
1981-02-19,36.62,18.72,53.01,0.0,0.46
1981-02-20,37.22,19.42,54.55,0.0,0.46
1981-02-21,37.66,20.25,52.43,0.0,0.46
1981-02-22,38.21,20.74,46.64,0.0,0.46
1981-02-23,38.33,21.08,40.03,0.0,0.46
1981-02-24,38.92,20.07,38.73,0.0,0.46
1981-02-25,38.41,18.96,43.81,1.33,0.46
1981-02-26,38.65,19.42,46.62,0.19,0.46
1981-02-27,37.97,20.33,54.01,0.18,0.46
1981-02-28,37.45,21.85,48.53,0.0,0.46
1981-03-01,38.75,20.45,48.11,0.0,0.46
1981-03-02,39.01,20.42,47.22,0.0,0.46
1981-03-03,38.87,21.04,43.86,0.38,0.46
1981-03-04,39.48,21.02,39.12,0.0,0.46
1981-03-05,39.8,21.81,39.21,0.0,0.46
1981-03-06,35.44,22.25,46.68,0.0,0.46
1981-03-07,38.83,23.81,54.19,3.01,0.46
1981-03-08,39.11,22.12,41.41,0.0,0.46
1981-03-09,38.83,20.3,43.62,0.0,0.46
1981-03-10,38.78,20.42,46.04,0.0,0.46
1981-03-11,38.72,20.06,44.03,0.0,0.46
1981-03-12,38.99,20.71,43.61,0.0,0.46
1981-03-13,39.23,21.14,41.29,0.0,0.46
1981-03-14,39.74,21.25,37.58,0.0,0.46
1981-03-15,40.72,21.33,36.64,0.0,0.46
1981-03-16,40.78,21.24,35.23,0.0,0.46
1981-03-17,39.3,21.27,40.22,0.0,0.46
1981-03-18,38.8,21.33,50.58,0.0,0.46
1981-03-19,38.79,22.07,50.57,0.0,0.46
1981-03-20,39.42,23.28,53.69,0.0,0.46
1981-03-21,38.7,23.59,50.19,0.0,0.46
1981-03-22,39.61,22.61,45.35,0.0,0.46
1981-03-23,37.11,23.45,56.04,1.08,0.46
1981-03-24,39.73,23.4,51.38,0.0,0.46
1981-03-25,39.43,23.79,50.43,5.93,0.46
1981-03-26,38.54,24.55,47.63,0.0,0.47
1981-03-27,39.08,22.06,47.19,0.0,0.46
1981-03-28,38.91,22.41,48.43,1.32,0.46
1981-03-29,40.6,22.76,35.82,0.0,0.46
1981-03-30,41.33,22.0,31.43,0.0,0.46
1981-03-31,40.98,22.84,33.33,0.0,0.46
1981-04-01,40.47,23.46,42.89,0.0,0.46
1981-04-02,40.27,23.04,39.14,0.0,0.46
1981-04-03,40.77,23.05,41.34,0.0,0.46
1981-04-04,41.51,23.75,46.93,0.0,0.46
1981-04-05,41.26,23.81,51.38,0.0,0.46
1981-04-06,41.74,23.83,48.24,0.0,0.46
1981-04-07,42.6,24.78,47.24,0.0,0.46
1981-04-08,41.97,24.68,46.38,0.0,0.46
1981-04-09,42.05,24.51,44.11,0.0,0.46
1981-04-10,41.35,24.76,38.48,0.0,0.46
1981-04-11,40.99,24.43,42.11,0.03,0.46
1981-04-12,39.53,26.4,48.89,3.2,0.46
1981-04-13,36.76,25.94,59.57,1.5,0.46
1981-04-14,36.92,25.68,57.95,0.51,0.46
1981-04-15,34.45,26.53,61.44,0.59,0.46
1981-04-16,35.99,24.84,61.44,1.6,0.46
1981-04-17,35.27,25.45,63.04,0.71,0.47
1981-04-18,36.92,25.92,60.03,0.75,0.47
1981-04-19,37.39,26.51,57.32,0.0,0.46
1981-04-20,37.04,26.99,53.77,0.39,0.46
1981-04-21,38.25,25.65,52.18,0.92,0.46
1981-04-22,38.81,24.93,53.21,0.92,0.46
1981-04-23,39.5,25.61,52.93,0.0,0.46
1981-04-24,40.37,26.51,50.5,0.13,0.46
1981-04-25,40.52,26.61,49.99,0.02,0.46
1981-04-26,40.31,26.29,48.92,0.52,0.46
1981-04-27,41.0,26.89,45.01,0.0,0.46
1981-04-28,41.06,27.45,42.48,0.0,0.46
1981-04-29,42.26,26.61,40.17,0.0,0.46
1981-04-30,41.75,26.58,43.88,0.0,0.46
1981-05-01,41.64,26.81,41.7,0.0,0.46
1981-05-02,41.68,26.79,44.65,0.0,0.46
1981-05-03,40.75,27.38,47.18,0.28,0.46
1981-05-04,40.23,27.59,45.57,0.62,0.46
1981-05-05,37.98,27.24,46.82,0.0,0.46
1981-05-06,36.08,27.73,51.24,0.08,0.46
1981-05-07,39.55,26.72,49.29,0.21,0.46
1981-05-08,37.09,28.29,48.82,0.1,0.46
1981-05-09,39.68,28.25,47.08,0.02,0.46
1981-05-10,41.31,27.75,47.18,0.45,0.46
1981-05-11,39.44,27.51,52.83,0.0,0.46
1981-05-12,39.53,27.82,52.83,1.53,0.46
1981-05-13,34.24,26.45,64.8,15.61,0.48
1981-05-14,34.34,25.34,66.97,0.2,0.48
1981-05-15,37.66,26.3,61.41,1.74,0.48
1981-05-16,38.42,26.84,59.74,0.05,0.48
1981-05-17,32.14,26.29,70.74,4.45,0.48
1981-05-18,28.73,25.7,90.84,87.22,0.54
1981-05-19,32.48,25.66,84.57,24.81,0.64
1981-05-20,31.85,25.16,81.1,16.35,0.67
1981-05-21,30.77,25.26,81.75,63.09,0.71
1981-05-22,32.13,24.8,82.13,5.95,0.73
1981-05-23,30.29,25.28,87.32,65.92,0.77
1981-05-24,30.67,25.39,87.02,14.6,0.8
1981-05-25,30.8,24.74,85.52,11.05,0.8
1981-05-26,32.24,24.36,82.4,1.07,0.8
1981-05-27,30.58,24.55,85.45,1.25,0.79
1981-05-28,31.4,25.21,83.83,6.07,0.79
1981-05-29,31.75,24.73,84.04,4.38,0.78
1981-05-30,30.1,25.67,88.12,30.06,0.8
1981-05-31,29.92,25.12,87.33,7.66,0.82
1981-06-01,28.59,25.43,90.41,45.58,0.85
1981-06-02,30.18,25.79,90.12,7.87,0.86
1981-06-03,30.67,25.4,87.59,31.13,0.88
1981-06-04,29.96,25.03,87.35,23.35,0.91
1981-06-05,30.05,24.47,86.43,1.26,0.9
1981-06-06,30.39,24.31,86.98,13.67,0.9
1981-06-07,30.49,24.49,87.93,13.65,0.91
1981-06-08,28.84,25.49,90.85,3.7,0.91
1981-06-09,29.92,23.79,82.28,4.76,0.9
1981-06-10,30.6,23.23,88.08,44.93,0.92
1981-06-11,30.64,24.09,86.78,17.87,0.94
1981-06-12,30.1,24.51,88.45,19.67,0.95
1981-06-13,29.89,24.56,87.42,11.74,0.95
1981-06-14,28.99,24.81,90.06,10.88,0.95
1981-06-15,30.45,24.59,88.35,6.1,0.95
1981-06-16,30.52,24.41,87.5,11.08,0.95
1981-06-17,27.98,24.7,91.42,23.17,0.96
1981-06-18,29.73,24.0,89.57,41.88,0.97
1981-06-19,28.99,24.88,92.0,17.6,0.98
1981-06-20,28.84,25.19,91.73,26.91,0.98
1981-06-21,29.88,24.83,92.06,55.35,0.99
1981-06-22,29.12,24.82,91.9,2.66,0.99
1981-06-23,28.33,25.12,91.95,4.37,0.99
1981-06-24,28.42,24.11,89.48,14.06,0.99
1981-06-25,28.55,23.56,90.39,13.72,0.99
1981-06-26,29.37,23.86,89.17,5.02,0.99
1981-06-27,29.74,24.08,88.7,5.95,0.99
1981-06-28,28.97,24.12,90.72,11.65,0.98
1981-06-29,29.66,24.59,89.1,8.19,0.98
1981-06-30,29.1,24.41,90.31,3.0,0.98
1981-07-01,29.52,24.7,89.83,14.05,0.98
1981-07-02,30.25,24.2,89.27,6.89,0.98
1981-07-03,29.63,24.87,91.19,21.63,0.98
1981-07-04,28.14,25.05,92.79,13.72,0.99
1981-07-05,28.28,24.62,91.28,26.77,0.99
1981-07-06,27.12,24.43,93.36,37.09,1.0
1981-07-07,27.77,24.21,92.2,24.18,1.0
1981-07-08,28.94,25.08,91.54,6.53,1.0
1981-07-09,29.05,23.9,90.27,7.33,0.99
1981-07-10,28.18,23.44,91.78,14.38,0.99
1981-07-11,28.25,23.81,91.1,15.38,0.99
1981-07-12,30.06,23.18,89.83,51.31,1.0
1981-07-13,30.43,23.69,88.36,5.16,1.0
1981-07-14,30.35,23.89,88.71,2.36,0.99
1981-07-15,28.87,24.77,91.13,3.96,0.99
1981-07-16,30.11,25.01,89.3,3.01,0.98
1981-07-17,28.86,24.51,89.56,1.26,0.98
1981-07-18,29.35,24.11,88.8,2.16,0.97
1981-07-19,30.24,24.72,89.22,24.57,0.98
1981-07-20,29.2,24.98,91.7,27.17,0.99
1981-07-21,28.66,24.5,91.16,23.23,1.0
1981-07-22,29.14,23.94,90.43,4.15,0.99
1981-07-23,30.68,24.75,88.37,27.85,0.99
1981-07-24,29.33,24.37,90.1,13.05,0.99
1981-07-25,29.25,24.31,90.86,4.67,0.99
1981-07-26,29.32,24.48,89.38,2.64,0.99
1981-07-27,29.71,24.21,90.01,18.54,0.99
1981-07-28,28.67,24.47,91.15,14.34,0.99
1981-07-29,28.29,24.75,92.71,31.36,1.0
1981-07-30,27.94,24.56,93.64,34.23,1.0
1981-07-31,29.34,24.35,91.87,8.44,1.0
1981-08-01,29.08,24.56,92.49,8.36,1.0
1981-08-02,28.36,24.66,93.1,11.9,0.99
1981-08-03,29.53,24.46,90.78,20.41,1.0
1981-08-04,28.27,24.58,93.66,19.7,1.0
1981-08-05,26.94,24.91,94.52,56.8,1.0
1981-08-06,27.56,25.13,94.66,15.6,1.0
1981-08-07,28.49,24.97,92.24,37.17,1.0
1981-08-08,29.61,24.54,90.83,40.7,1.0
1981-08-09,29.85,24.25,90.49,22.09,1.0
1981-08-10,28.34,24.35,93.93,10.58,1.0
1981-08-11,27.72,23.86,93.92,26.99,1.0
1981-08-12,27.31,23.62,92.46,26.42,1.0
1981-08-13,28.86,23.9,91.47,20.49,1.0
1981-08-14,28.44,24.35,91.63,55.07,1.0
1981-08-15,29.5,24.08,91.53,20.98,1.0
1981-08-16,28.57,24.35,93.0,39.31,1.0
1981-08-17,28.81,23.64,91.81,30.54,1.0
1981-08-18,29.6,23.63,90.91,8.28,1.0
1981-08-19,27.87,24.18,92.48,7.09,1.0
1981-08-20,28.25,24.51,93.65,50.1,1.0
1981-08-21,27.92,24.92,94.37,26.07,1.0
1981-08-22,27.79,24.92,93.23,4.66,1.0
1981-08-23,29.81,24.57,91.11,9.23,1.0
1981-08-24,29.91,24.73,91.65,24.3,1.0
1981-08-25,29.56,25.02,92.02,3.98,1.0
1981-08-26,28.46,24.13,92.08,19.3,1.0
1981-08-27,27.34,23.2,92.53,4.11,0.99
1981-08-28,28.73,23.19,91.56,15.47,0.99
1981-08-29,28.89,24.09,91.62,9.63,0.99
1981-08-30,28.57,24.52,92.17,6.26,0.99
1981-08-31,29.07,24.9,92.21,17.0,0.99
1981-09-01,28.16,24.42,92.66,42.68,1.0
1981-09-02,28.55,23.59,90.56,14.1,1.0
1981-09-03,29.31,23.14,90.16,6.85,1.0
1981-09-04,29.23,23.34,89.86,18.28,1.0
1981-09-05,29.35,23.47,91.36,19.89,1.0
1981-09-06,27.83,24.16,91.67,9.29,1.0
1981-09-07,29.06,23.37,90.48,5.27,0.99
1981-09-08,28.88,23.47,90.35,4.34,0.99
1981-09-09,29.93,23.86,88.09,0.15,0.99
1981-09-10,30.01,24.06,86.55,0.15,0.98
1981-09-11,28.31,23.81,88.74,0.07,0.98
1981-09-12,31.47,23.29,82.64,0.29,0.97
1981-09-13,31.14,23.37,84.13,3.24,0.97
1981-09-14,29.85,24.51,88.35,28.54,0.98
1981-09-15,29.56,24.51,84.27,33.65,0.99
1981-09-16,31.15,23.55,85.26,5.68,0.99
1981-09-17,30.04,24.45,86.97,4.42,0.98
1981-09-18,30.81,23.82,85.79,4.04,0.98
1981-09-19,31.15,24.62,86.58,3.41,0.97
1981-09-20,30.74,24.29,84.89,3.3,0.97
1981-09-21,30.01,24.68,91.25,2.27,0.97
1981-09-22,31.01,24.67,88.77,5.9,0.96
1981-09-23,29.15,24.86,91.89,12.35,0.96
1981-09-24,28.33,24.87,94.2,106.19,0.99
1981-09-25,28.33,24.13,90.15,85.5,1.0
1981-09-26,30.39,23.75,86.94,0.05,0.99
1981-09-27,30.07,24.01,89.2,2.58,0.99
1981-09-28,30.64,24.28,88.41,0.33,0.98
1981-09-29,28.35,24.04,92.8,5.22,0.98
1981-09-30,30.11,24.28,89.96,2.28,0.98
1981-10-01,29.62,24.27,91.24,29.38,0.99
1981-10-02,29.73,24.17,90.12,6.86,0.99
1981-10-03,29.15,23.9,91.12,10.59,0.99
1981-10-04,27.47,23.48,93.06,6.44,0.98
1981-10-05,28.89,23.03,90.75,26.37,0.99
1981-10-06,29.04,23.6,90.94,5.94,0.99
1981-10-07,29.67,23.16,89.65,2.16,0.98
1981-10-08,29.64,23.14,87.61,0.0,0.98
1981-10-09,29.31,23.33,86.6,0.0,0.97
1981-10-10,29.71,22.6,86.83,1.25,0.97
1981-10-11,28.55,23.41,89.11,2.16,0.96
1981-10-12,30.07,23.32,82.37,19.88,0.97
1981-10-13,28.92,23.59,90.94,0.96,0.97
1981-10-14,29.76,24.27,85.94,1.49,0.97
1981-10-15,30.78,23.66,87.41,4.57,0.96
1981-10-16,28.12,24.6,93.03,27.3,0.97
1981-10-17,27.55,24.34,94.32,19.41,0.99
1981-10-18,27.92,23.78,92.26,4.18,0.98
1981-10-19,29.51,23.35,88.15,0.58,0.98
1981-10-20,30.75,23.75,86.86,10.86,0.98
1981-10-21,30.69,23.92,87.32,0.37,0.97
1981-10-22,30.8,23.57,85.45,0.36,0.97
1981-10-23,29.74,23.85,87.04,3.19,0.96
1981-10-24,25.76,21.74,90.92,0.0,0.96
1981-10-25,29.11,21.56,84.4,0.25,0.96
1981-10-26,29.57,22.06,83.0,0.0,0.95
1981-10-27,29.94,22.27,81.36,0.0,0.94
1981-10-28,31.03,22.56,81.64,0.15,0.93
1981-10-29,29.78,23.85,84.04,0.0,0.93
1981-10-30,30.53,23.69,86.05,0.0,0.92
1981-10-31,30.42,23.57,85.59,1.18,0.91
1981-11-01,31.08,23.5,86.34,2.91,0.9
1981-11-02,31.07,23.97,87.47,0.0,0.9
1981-11-03,29.05,24.24,87.7,0.04,0.89
1981-11-04,28.96,24.02,89.37,3.61,0.89
1981-11-05,29.59,23.96,87.38,2.17,0.89
1981-11-06,29.82,23.85,83.86,0.49,0.88
1981-11-07,28.83,24.06,88.83,6.55,0.88
1981-11-08,24.03,20.7,92.71,15.56,0.89
1981-11-09,21.48,18.39,90.08,28.25,0.91
1981-11-10,22.16,18.02,89.56,6.18,0.93
1981-11-11,26.49,19.38,84.27,0.4,0.92
1981-11-12,29.05,20.88,81.07,0.0,0.92
1981-11-13,29.69,21.85,82.4,0.04,0.91
1981-11-14,29.22,22.57,85.22,0.1,0.9
1981-11-15,27.69,22.97,88.69,1.21,0.9
1981-11-16,27.88,22.65,87.07,6.83,0.9
1981-11-17,27.64,22.55,92.29,3.77,0.9
1981-11-18,26.04,23.22,94.62,33.62,0.92
1981-11-19,27.56,23.4,92.07,9.78,0.94
1981-11-20,28.5,23.71,90.91,10.06,0.95
1981-11-21,29.0,23.35,84.95,0.01,0.94
1981-11-22,29.99,22.9,83.26,0.0,0.94
1981-11-23,29.66,22.46,84.39,0.0,0.93
1981-11-24,29.74,23.22,81.28,0.01,0.92
1981-11-25,30.04,21.6,81.2,0.13,0.91
1981-11-26,29.96,21.77,81.94,0.52,0.91
1981-11-27,30.32,22.04,83.55,20.18,0.91
1981-11-28,27.8,22.74,86.8,0.03,0.92
1981-11-29,26.67,22.18,83.14,0.0,0.91
1981-11-30,26.21,19.73,84.86,0.0,0.9
1981-12-01,25.07,18.27,82.55,0.0,0.89
1981-12-02,23.83,16.11,80.76,0.0,0.88
1981-12-03,24.4,16.76,81.53,0.0,0.87
1981-12-04,27.43,17.94,76.44,0.0,0.87
1981-12-05,28.92,19.22,79.15,0.0,0.86
1981-12-06,27.71,20.58,84.72,0.0,0.85
1981-12-07,24.92,18.67,81.24,0.0,0.84
1981-12-08,24.46,16.73,79.67,0.0,0.83
1981-12-09,25.89,16.39,81.5,0.0,0.83
1981-12-10,27.36,18.29,85.24,6.44,0.82
1981-12-11,28.08,20.49,85.83,0.34,0.82
1981-12-12,28.94,20.64,82.9,0.29,0.81
1981-12-13,29.39,21.07,81.3,0.03,0.81
1981-12-14,27.69,21.42,85.35,0.05,0.8
1981-12-15,25.73,20.28,81.73,0.0,0.79
1981-12-16,27.01,19.66,81.31,0.0,0.78
1981-12-17,27.24,18.4,82.0,0.0,0.78
1981-12-18,26.0,19.38,85.09,0.0,0.77
1981-12-19,24.86,18.22,83.58,0.0,0.76
1981-12-20,24.29,18.07,82.41,0.0,0.76
1981-12-21,24.61,16.61,79.6,0.19,0.75
1981-12-22,24.59,15.02,77.11,0.0,0.74
1981-12-23,25.68,15.14,76.37,0.0,0.74
1981-12-24,26.27,15.69,74.79,0.0,0.73
1981-12-25,26.62,16.0,76.76,0.0,0.72
1981-12-26,27.43,16.17,74.4,0.0,0.72
1981-12-27,28.03,16.61,73.76,0.0,0.71
1981-12-28,28.35,16.65,75.91,0.0,0.71
1981-12-29,28.45,15.95,72.46,0.0,0.7
1981-12-30,28.72,16.71,76.08,0.0,0.7
1981-12-31,28.54,17.07,76.79,0.0,0.69
1982-01-01,28.74,16.65,74.78,0.0,0.68
1982-01-02,28.33,16.1,76.77,0.0,0.68
1982-01-03,28.1,15.75,74.62,0.0,0.67
1982-01-04,27.87,15.25,72.21,0.0,0.67
1982-01-05,29.22,16.1,73.03,0.0,0.66
1982-01-06,29.17,16.92,71.11,0.0,0.66
1982-01-07,30.12,17.48,75.26,0.0,0.65
1982-01-08,29.54,18.21,76.55,0.0,0.65
1982-01-09,29.66,19.99,74.85,0.0,0.64
1982-01-10,29.5,18.0,76.96,0.0,0.64
1982-01-11,29.92,17.93,75.4,0.0,0.63
1982-01-12,30.16,16.73,69.72,0.0,0.63
1982-01-13,30.73,16.16,62.31,0.0,0.62
1982-01-14,30.2,16.11,64.53,0.0,0.61
1982-01-15,29.66,15.85,67.3,0.0,0.61
1982-01-16,29.33,18.29,68.59,0.0,0.6
1982-01-17,29.54,18.52,68.44,0.0,0.6
1982-01-18,28.94,18.09,70.79,0.01,0.6
1982-01-19,29.06,17.87,69.95,0.0,0.59
1982-01-20,29.31,19.56,66.33,0.0,0.59
1982-01-21,29.95,18.36,69.09,0.0,0.58
1982-01-22,30.03,16.48,68.02,0.0,0.58
1982-01-23,29.67,17.33,70.49,0.0,0.57
1982-01-24,31.09,16.46,66.41,0.0,0.57
1982-01-25,31.97,16.92,60.69,0.0,0.57
1982-01-26,32.79,16.7,62.6,0.0,0.56
1982-01-27,31.8,17.3,69.85,0.0,0.56
1982-01-28,32.06,18.09,68.63,0.0,0.55
1982-01-29,32.06,18.7,66.22,0.04,0.55
1982-01-30,32.09,18.76,66.95,0.39,0.55
1982-01-31,32.63,18.1,67.62,0.15,0.54
1982-02-01,33.49,18.86,67.88,0.0,0.54
1982-02-02,33.43,18.8,61.69,0.0,0.54
1982-02-03,32.5,15.55,51.78,0.0,0.53
1982-02-04,32.5,15.64,57.68,0.0,0.53
1982-02-05,32.51,15.49,59.62,0.0,0.52
1982-02-06,33.04,16.45,59.82,0.0,0.52
1982-02-07,32.37,16.4,60.16,0.0,0.52
1982-02-08,30.61,14.42,55.86,0.0,0.51
1982-02-09,31.93,15.63,62.37,0.0,0.51
1982-02-10,32.69,17.18,59.49,0.0,0.51
1982-02-11,33.3,15.78,54.64,0.0,0.5
1982-02-12,33.04,16.35,56.34,0.0,0.5
1982-02-13,33.6,18.06,58.85,0.0,0.5
1982-02-14,34.31,17.62,60.61,0.0,0.49
1982-02-15,34.62,18.76,60.08,0.0,0.49
1982-02-16,34.54,19.87,61.92,0.0,0.49
1982-02-17,34.56,20.02,61.25,0.0,0.49
1982-02-18,35.34,19.84,54.48,0.01,0.48
1982-02-19,35.64,18.23,53.94,0.0,0.48
1982-02-20,36.45,19.32,55.78,0.0,0.48
1982-02-21,36.92,20.31,53.25,0.0,0.47
1982-02-22,37.2,18.98,50.4,0.0,0.47
1982-02-23,37.73,18.23,49.59,0.0,0.47
1982-02-24,38.08,19.56,49.96,0.0,0.47
1982-02-25,38.37,19.61,48.85,0.0,0.47
1982-02-26,38.14,20.22,47.53,0.0,0.47
1982-02-27,38.64,19.52,45.69,0.0,0.47
1982-02-28,38.71,19.68,43.58,0.0,0.46
1982-03-01,39.06,20.85,49.68,0.0,0.46
1982-03-02,38.47,21.35,56.53,0.0,0.46
1982-03-03,35.73,22.42,52.72,0.0,0.46
1982-03-04,39.54,21.47,42.79,0.0,0.46
1982-03-05,38.31,19.67,44.0,0.0,0.46
1982-03-06,38.03,19.07,44.14,0.0,0.46
1982-03-07,38.48,19.47,46.95,0.69,0.46
1982-03-08,39.35,21.09,47.64,0.0,0.46
1982-03-09,39.64,21.96,50.46,0.0,0.46
1982-03-10,39.22,21.38,42.03,0.0,0.46
1982-03-11,39.75,22.11,45.49,0.0,0.46
1982-03-12,40.27,22.18,47.82,0.0,0.46
1982-03-13,40.69,22.89,43.58,0.0,0.46
1982-03-14,40.04,22.14,43.15,0.0,0.46
1982-03-15,39.58,20.48,42.62,0.0,0.46
1982-03-16,38.91,19.15,39.6,0.0,0.46
1982-03-17,39.31,18.71,32.93,0.0,0.46
1982-03-18,39.89,18.51,35.29,0.0,0.46
1982-03-19,40.22,20.17,34.34,0.0,0.46
1982-03-20,40.72,20.71,37.87,0.0,0.46
1982-03-21,41.29,21.33,39.03,0.0,0.46
1982-03-22,40.79,22.26,42.05,0.0,0.46
1982-03-23,40.48,22.01,40.53,0.0,0.46
1982-03-24,40.26,20.46,43.07,0.0,0.46
1982-03-25,41.09,21.18,45.42,0.0,0.46
1982-03-26,40.44,22.96,49.25,0.0,0.46
1982-03-27,40.17,24.01,44.95,0.0,0.46
1982-03-28,40.15,24.66,44.27,0.0,0.45
1982-03-29,39.77,24.72,48.18,0.0,0.45
1982-03-30,39.69,24.57,46.74,0.0,0.45
1982-03-31,39.13,24.01,45.81,0.0,0.45
1982-04-01,38.52,23.36,52.25,0.0,0.45
1982-04-02,39.5,25.67,51.23,0.0,0.45
1982-04-03,40.16,25.6,48.94,0.0,0.45
1982-04-04,40.19,25.32,49.44,0.0,0.45
1982-04-05,39.56,25.62,51.46,0.0,0.45
1982-04-06,39.57,26.38,48.42,0.0,0.45
1982-04-07,39.83,26.18,45.92,0.0,0.45
1982-04-08,40.72,25.49,45.41,0.0,0.45
1982-04-09,40.63,25.4,46.57,0.0,0.45
1982-04-10,37.04,26.85,53.82,0.0,0.45
1982-04-11,35.44,26.33,56.15,0.09,0.45
1982-04-12,36.15,25.98,52.4,1.44,0.46
1982-04-13,36.81,25.84,49.65,0.0,0.46
1982-04-14,39.29,26.41,45.32,0.01,0.46
1982-04-15,39.6,25.48,44.57,0.06,0.46
1982-04-16,38.11,26.47,48.45,0.0,0.46
1982-04-17,37.44,26.25,50.29,0.0,0.46
1982-04-18,38.58,25.81,47.58,0.05,0.46
1982-04-19,38.91,25.56,45.92,0.0,0.46
1982-04-20,39.21,25.68,45.98,0.62,0.46
1982-04-21,39.25,25.61,45.43,5.86,0.47
1982-04-22,39.1,24.06,49.12,0.53,0.47
1982-04-23,38.63,24.71,52.33,0.0,0.46
1982-04-24,39.13,23.54,51.05,1.36,0.46
1982-04-25,38.76,24.7,49.86,0.0,0.46
1982-04-26,40.19,25.35,49.93,0.03,0.46
1982-04-27,40.18,26.14,50.49,0.0,0.46
1982-04-28,41.09,26.27,49.43,0.0,0.46
1982-04-29,41.04,25.96,47.48,0.0,0.46
1982-04-30,41.02,25.49,47.07,0.0,0.46
1982-05-01,40.58,26.6,44.55,0.0,0.46
1982-05-02,40.4,26.85,45.74,0.0,0.46
1982-05-03,40.3,27.07,45.36,0.52,0.46
1982-05-04,33.03,27.21,65.43,3.51,0.46
1982-05-05,34.08,25.02,73.71,48.48,0.53
1982-05-06,35.71,24.54,70.52,0.23,0.54
1982-05-07,37.01,24.91,64.94,1.72,0.54
1982-05-08,35.91,24.88,64.52,2.48,0.53
1982-05-09,35.0,24.71,72.41,18.56,0.55
1982-05-10,36.54,24.17,66.89,0.0,0.55
1982-05-11,36.66,24.89,63.55,0.0,0.54
1982-05-12,37.13,24.91,64.02,0.0,0.54
1982-05-13,35.08,25.92,66.22,0.45,0.53
1982-05-14,33.01,25.89,74.04,4.3,0.54
1982-05-15,33.31,25.92,71.9,0.27,0.54
1982-05-16,33.97,25.62,71.25,6.4,0.54
1982-05-17,34.2,25.4,67.78,0.02,0.54
1982-05-18,35.9,25.44,63.93,0.36,0.53
1982-05-19,37.27,25.46,62.31,0.59,0.53
1982-05-20,37.48,25.8,60.84,4.12,0.53
1982-05-21,37.76,25.26,61.84,0.08,0.52
1982-05-22,36.25,26.62,63.71,0.66,0.52
1982-05-23,32.63,26.43,75.21,11.02,0.53
1982-05-24,31.26,25.88,79.26,2.09,0.53
1982-05-25,30.83,25.92,82.02,9.41,0.54
1982-05-26,29.97,25.38,85.14,43.63,0.6
1982-05-27,30.52,24.65,83.82,11.15,0.63
1982-05-28,30.75,24.33,85.26,36.26,0.66
1982-05-29,30.07,24.33,85.81,39.38,0.72
1982-05-30,32.79,25.13,81.27,1.15,0.72
1982-05-31,32.07,24.92,83.38,10.59,0.71
1982-06-01,30.25,25.85,88.01,29.68,0.75
1982-06-02,29.65,25.8,91.68,18.89,0.78
1982-06-03,29.81,24.79,87.94,1.29,0.78
1982-06-04,30.98,25.39,87.5,7.36,0.78
1982-06-05,32.42,25.36,82.7,0.16,0.77
1982-06-06,31.03,25.53,86.45,2.13,0.77
1982-06-07,29.08,25.7,92.3,39.11,0.79
1982-06-08,28.44,25.41,92.87,32.9,0.84
1982-06-09,28.34,25.09,90.81,1.31,0.86
1982-06-10,28.98,25.21,90.63,1.98,0.85
1982-06-11,29.11,24.86,91.14,8.29,0.85
1982-06-12,29.0,25.32,90.94,14.97,0.86
1982-06-13,28.68,24.95,92.56,34.02,0.88
1982-06-14,28.46,25.45,92.39,32.1,0.92
1982-06-15,28.78,25.18,90.68,4.89,0.93
1982-06-16,29.77,24.76,88.89,11.9,0.93
1982-06-17,29.84,24.98,90.2,43.45,0.95
1982-06-18,28.55,25.02,92.82,33.11,0.97
1982-06-19,29.41,25.09,91.07,4.27,0.97
1982-06-20,28.16,24.48,93.24,2.99,0.97
1982-06-21,28.12,24.03,92.21,14.86,0.97
1982-06-22,28.16,23.55,89.05,2.56,0.97
1982-06-23,29.19,23.22,88.44,11.83,0.97
1982-06-24,28.4,23.96,91.59,59.56,0.98
1982-06-25,29.12,24.69,91.41,22.56,0.99
1982-06-26,27.85,24.53,93.26,35.63,1.0
1982-06-27,28.15,24.44,92.68,5.57,1.0
1982-06-28,28.04,24.6,93.85,20.9,1.0
1982-06-29,29.97,23.67,90.39,33.64,1.0
1982-06-30,29.35,24.83,90.63,3.53,1.0
1982-07-01,29.94,24.45,89.58,7.04,0.99
1982-07-02,29.8,24.08,90.48,11.4,0.99
1982-07-03,30.51,24.64,89.12,1.69,0.99
1982-07-04,30.54,25.2,89.47,9.48,0.98
1982-07-05,30.12,24.77,88.64,0.57,0.98
1982-07-06,29.96,24.27,87.62,2.74,0.98
1982-07-07,29.24,23.59,87.64,1.1,0.97
1982-07-08,29.8,23.96,85.28,7.84,0.97
1982-07-09,29.82,23.56,86.75,2.49,0.97
1982-07-10,28.66,24.06,91.12,1.29,0.96
1982-07-11,28.44,24.26,89.33,1.73,0.96
1982-07-12,30.04,23.62,86.17,11.27,0.96
1982-07-13,30.89,23.52,85.04,0.82,0.96
1982-07-14,30.12,24.09,88.14,13.85,0.95
1982-07-15,28.34,24.4,91.11,1.46,0.95
1982-07-16,29.14,23.79,90.06,11.7,0.96
1982-07-17,30.57,24.62,87.5,3.26,0.95
1982-07-18,29.58,25.06,88.6,6.88,0.95
1982-07-19,27.65,24.38,90.52,1.85,0.95
1982-07-20,30.46,24.07,89.9,12.18,0.95
1982-07-21,27.8,23.86,89.29,6.12,0.95
1982-07-22,27.51,22.89,89.48,3.76,0.95
1982-07-23,30.19,23.24,88.67,4.15,0.95
1982-07-24,30.0,23.72,88.69,15.71,0.95
1982-07-25,29.55,24.0,89.32,9.51,0.95
1982-07-26,28.92,24.2,90.65,4.41,0.95
1982-07-27,29.17,23.94,88.83,27.7,0.96
1982-07-28,29.46,23.94,90.02,36.9,0.97
1982-07-29,29.42,24.17,90.3,1.23,0.97
1982-07-30,28.4,24.65,92.09,8.23,0.97
1982-07-31,29.74,23.93,90.94,18.14,0.97
1982-08-01,29.0,25.09,91.47,32.11,0.98
1982-08-02,29.78,24.45,89.72,7.99,0.98
1982-08-03,30.33,24.27,89.45,2.53,0.98
1982-08-04,29.14,23.9,90.88,3.19,0.97
1982-08-05,27.0,23.02,90.91,2.11,0.97
1982-08-06,27.37,22.39,91.37,9.18,0.97
1982-08-07,28.8,24.01,92.05,10.48,0.97
1982-08-08,29.19,23.76,90.28,20.16,0.98
1982-08-09,27.77,24.28,94.45,17.4,0.98
1982-08-10,29.48,23.72,91.38,31.2,0.99
1982-08-11,29.92,23.88,90.43,23.7,0.99
1982-08-12,28.2,25.44,93.71,6.96,0.99
1982-08-13,29.1,25.04,92.32,21.44,0.99
1982-08-14,29.71,24.43,91.01,14.65,0.99
1982-08-15,29.37,24.61,92.33,12.52,0.99
1982-08-16,28.25,24.74,93.99,29.79,0.99
1982-08-17,28.29,24.87,92.81,9.67,1.0
1982-08-18,28.17,25.0,93.03,2.45,0.99
1982-08-19,29.13,24.38,91.22,10.0,0.99
1982-08-20,29.41,24.34,91.95,66.61,1.0
1982-08-21,28.26,24.11,91.72,11.04,1.0
1982-08-22,28.71,24.2,91.08,4.39,0.99
1982-08-23,28.81,24.0,91.13,27.63,1.0
1982-08-24,26.94,23.85,93.75,14.64,1.0
1982-08-25,29.21,23.56,92.09,38.35,1.0
1982-08-26,29.66,23.7,90.97,2.25,1.0
1982-08-27,29.0,24.31,89.44,2.68,0.99
1982-08-28,29.28,23.67,89.65,8.42,0.99
1982-08-29,30.14,23.78,90.18,12.09,0.99
1982-08-30,30.22,24.03,88.57,1.98,0.98
1982-08-31,30.58,23.77,87.32,1.9,0.98
1982-09-01,29.85,23.87,90.27,0.6,0.97
1982-09-02,28.19,24.47,92.0,0.24,0.97
1982-09-03,29.33,23.87,88.87,0.03,0.96
1982-09-04,29.84,22.58,87.24,0.45,0.96
1982-09-05,29.64,24.26,89.37,14.44,0.96
1982-09-06,29.48,24.13,90.15,7.41,0.96
1982-09-07,28.51,24.25,90.69,1.85,0.96
1982-09-08,26.35,24.02,93.5,3.86,0.96
1982-09-09,29.04,23.56,89.12,8.03,0.96
1982-09-10,30.21,23.65,88.23,33.45,0.97
1982-09-11,30.64,23.53,84.86,0.24,0.96
1982-09-12,30.32,22.58,87.41,6.41,0.96
1982-09-13,30.1,23.55,86.7,2.25,0.95
1982-09-14,30.25,23.31,86.23,0.0,0.94
1982-09-15,30.54,23.07,85.23,0.0,0.93
1982-09-16,30.49,22.84,85.29,0.37,0.92
1982-09-17,29.78,23.77,86.6,4.54,0.92
1982-09-18,29.55,23.69,88.7,15.71,0.93
1982-09-19,30.0,23.52,86.23,0.55,0.92
1982-09-20,30.17,23.41,86.77,1.41,0.91
1982-09-21,30.11,23.4,88.13,9.19,0.91
1982-09-22,29.01,24.21,91.11,12.56,0.92
1982-09-23,28.94,23.35,87.63,1.54,0.92
1982-09-24,29.88,22.95,87.67,10.57,0.92
1982-09-25,29.35,23.41,89.9,2.82,0.91
1982-09-26,28.44,23.83,91.02,11.79,0.92
1982-09-27,28.33,23.54,90.4,0.87,0.92
1982-09-28,27.9,23.77,91.67,11.45,0.92
1982-09-29,28.32,23.65,91.68,8.56,0.92
1982-09-30,27.89,23.29,92.08,23.34,0.94
1982-10-01,28.88,23.32,90.56,9.43,0.94
1982-10-02,27.46,23.68,92.42,21.93,0.96
1982-10-03,29.02,23.26,83.41,0.68,0.96
1982-10-04,30.44,22.6,80.9,0.03,0.95
1982-10-05,30.26,22.54,83.4,1.98,0.94
1982-10-06,31.42,22.78,81.34,0.0,0.94
1982-10-07,30.78,23.09,85.12,0.09,0.93
1982-10-08,30.32,23.01,84.37,1.16,0.92
1982-10-09,30.91,23.03,83.19,1.46,0.91
1982-10-10,29.2,23.56,83.98,1.4,0.91
1982-10-11,28.75,23.99,83.01,2.74,0.91
1982-10-12,28.73,23.09,83.35,2.87,0.91
1982-10-13,30.54,22.49,84.14,0.92,0.9
1982-10-14,28.94,24.36,86.48,0.21,0.9
1982-10-15,32.1,23.02,82.13,0.04,0.89
1982-10-16,30.61,24.33,83.8,0.0,0.88
1982-10-17,30.97,23.1,80.33,0.03,0.87
1982-10-18,30.6,22.95,86.79,2.32,0.86
1982-10-19,30.77,23.67,86.99,2.32,0.86
1982-10-20,27.84,24.6,92.78,3.01,0.86
1982-10-21,30.06,23.68,89.46,0.0,0.85
1982-10-22,29.31,24.17,88.69,0.03,0.85
1982-10-23,30.6,23.3,85.31,0.6,0.84
1982-10-24,30.59,23.23,85.62,0.35,0.83
1982-10-25,27.97,23.99,89.12,1.59,0.83
1982-10-26,29.39,23.67,84.72,0.0,0.82
1982-10-27,29.79,23.69,82.5,0.05,0.82
1982-10-28,30.59,22.95,80.41,0.0,0.81
1982-10-29,30.53,23.57,80.3,0.67,0.8
1982-10-30,29.45,24.01,83.37,0.0,0.8
1982-10-31,30.31,22.87,81.71,0.0,0.79
1982-11-01,29.82,23.34,82.59,0.0,0.79
1982-11-02,31.15,21.94,80.08,0.0,0.78
1982-11-03,31.63,22.37,80.61,0.0,0.77
1982-11-04,31.21,22.83,76.59,0.0,0.76
1982-11-05,31.6,21.72,77.38,0.0,0.75
1982-11-06,31.14,21.2,75.13,0.0,0.74
1982-11-07,31.21,20.81,70.79,0.0,0.73
1982-11-08,31.61,20.61,72.78,0.0,0.73
1982-11-09,31.43,20.96,71.59,0.0,0.72
1982-11-10,31.77,21.49,75.77,0.0,0.71
1982-11-11,29.61,23.01,85.48,0.0,0.7
1982-11-12,29.88,22.68,85.22,0.0,0.7
1982-11-13,30.24,22.44,84.38,0.28,0.69
1982-11-14,31.03,21.2,79.73,0.01,0.68
1982-11-15,31.5,21.59,79.41,0.0,0.68
1982-11-16,31.28,20.06,74.37,0.0,0.67
1982-11-17,31.64,19.32,73.38,0.0,0.66
1982-11-18,32.24,19.68,73.19,0.08,0.66
1982-11-19,32.51,20.33,73.28,0.0,0.65
1982-11-20,32.39,21.09,74.86,0.0,0.64
1982-11-21,31.77,20.8,74.9,0.0,0.64
1982-11-22,32.76,20.9,74.0,0.0,0.63
1982-11-23,31.02,22.44,78.09,1.16,0.63
1982-11-24,31.04,23.09,75.8,0.0,0.63
1982-11-25,32.45,22.06,72.51,0.0,0.62
1982-11-26,32.07,20.6,72.95,0.0,0.61
1982-11-27,32.64,21.54,71.15,0.0,0.61
1982-11-28,32.5,19.63,63.6,0.0,0.6
1982-11-29,31.96,17.48,59.79,0.0,0.6
1982-11-30,31.5,17.04,57.53,0.0,0.59
1982-12-01,31.39,17.37,61.86,0.63,0.59
1982-12-02,31.86,17.92,62.35,0.0,0.59
1982-12-03,32.1,18.52,66.28,0.0,0.58
1982-12-04,31.18,17.37,62.2,0.0,0.58
1982-12-05,30.77,16.69,64.78,0.0,0.57
1982-12-06,31.0,17.4,67.44,0.0,0.57
1982-12-07,31.13,19.41,72.52,0.0,0.56
1982-12-08,31.29,20.57,73.97,0.0,0.56
1982-12-09,31.66,18.95,72.99,0.0,0.56
1982-12-10,32.07,17.92,67.05,0.0,0.55
1982-12-11,29.93,18.16,70.34,0.0,0.55
1982-12-12,31.94,17.72,70.12,0.0,0.55
1982-12-13,29.8,20.29,70.83,0.0,0.54
1982-12-14,29.25,18.23,68.04,0.0,0.54
1982-12-15,30.69,16.82,65.06,0.0,0.54
1982-12-16,31.62,16.75,66.02,0.0,0.53
1982-12-17,30.6,17.56,68.81,0.0,0.53
1982-12-18,29.88,19.57,66.17,0.0,0.53
1982-12-19,28.45,18.5,68.32,0.0,0.52
1982-12-20,28.14,16.47,66.9,0.0,0.52
1982-12-21,28.66,16.02,64.13,0.0,0.52
1982-12-22,29.37,16.42,61.55,0.0,0.52
1982-12-23,29.85,17.1,62.5,0.0,0.51
1982-12-24,30.91,15.93,65.11,0.0,0.51
1982-12-25,32.01,16.27,63.47,0.0,0.51
1982-12-26,32.06,16.81,63.49,0.0,0.51
1982-12-27,28.16,17.97,68.27,0.0,0.5
1982-12-28,27.95,16.34,62.67,0.0,0.5
1982-12-29,29.11,14.95,62.41,0.0,0.5
1982-12-30,30.17,15.0,64.75,0.0,0.5
1982-12-31,30.11,16.01,66.51,0.0,0.49
1983-01-01,30.71,16.89,64.0,0.0,0.49
1983-01-02,30.77,16.52,60.41,0.0,0.49
1983-01-03,31.44,15.86,60.19,0.0,0.49
1983-01-04,31.42,14.56,45.85,0.0,0.49
1983-01-05,31.93,15.82,49.52,0.0,0.48
1983-01-06,31.97,15.87,46.82,0.0,0.48
1983-01-07,31.84,15.61,47.69,0.0,0.48
1983-01-08,32.09,15.82,52.87,0.0,0.48
1983-01-09,32.05,15.32,52.65,0.0,0.48
1983-01-10,33.81,17.79,52.21,0.0,0.48
1983-01-11,34.64,17.17,50.97,0.0,0.48
1983-01-12,33.65,16.84,44.59,0.0,0.47
1983-01-13,33.38,16.81,49.24,0.0,0.47
1983-01-14,33.37,16.19,54.85,0.0,0.47
1983-01-15,32.54,17.75,57.97,0.0,0.47
1983-01-16,32.26,17.67,54.8,0.0,0.47
1983-01-17,30.51,15.94,47.05,0.0,0.47
1983-01-18,33.31,16.93,36.55,0.0,0.47
1983-01-19,34.11,15.92,43.93,0.0,0.47
1983-01-20,33.79,16.5,52.59,0.0,0.47
1983-01-21,33.59,18.21,49.59,0.0,0.47
1983-01-22,30.6,19.39,59.46,0.0,0.47
1983-01-23,29.17,17.61,55.03,0.0,0.47
1983-01-24,29.26,16.05,53.96,0.0,0.46
1983-01-25,25.81,17.69,56.95,0.0,0.46
1983-01-26,30.81,15.82,51.37,0.0,0.46
1983-01-27,31.97,15.56,49.23,0.0,0.46
1983-01-28,32.66,17.55,52.51,0.0,0.46
1983-01-29,33.07,16.49,54.6,0.0,0.46
1983-01-30,32.82,14.7,52.67,0.0,0.46
1983-01-31,33.75,15.58,55.61,0.0,0.46
1983-02-01,34.25,17.62,57.72,0.0,0.46
1983-02-02,34.57,17.56,49.27,0.0,0.46
1983-02-03,35.6,19.01,49.53,0.0,0.46
1983-02-04,35.32,18.78,50.83,0.0,0.46
1983-02-05,34.31,18.49,50.85,0.0,0.46
1983-02-06,33.95,17.2,38.29,0.0,0.46
1983-02-07,35.46,18.49,38.72,0.0,0.46
1983-02-08,36.02,19.33,45.31,0.0,0.46
1983-02-09,35.02,18.74,44.1,0.0,0.46
1983-02-10,36.36,19.19,41.23,0.0,0.46
1983-02-11,36.65,18.7,48.21,0.0,0.46
1983-02-12,36.58,19.18,42.65,0.0,0.46
1983-02-13,36.23,17.94,41.57,0.0,0.46
1983-02-14,36.43,19.48,47.47,0.0,0.46
1983-02-15,37.14,19.4,46.48,0.0,0.46
1983-02-16,37.57,19.31,49.21,0.0,0.46
1983-02-17,37.92,20.44,50.27,0.0,0.46
1983-02-18,37.99,20.42,53.93,0.0,0.46
1983-02-19,36.78,21.06,56.38,0.0,0.46
1983-02-20,37.56,20.85,54.81,0.0,0.46
1983-02-21,37.34,21.41,55.37,0.0,0.46
1983-02-22,37.63,21.27,46.66,0.0,0.46
1983-02-23,37.26,20.3,45.75,0.0,0.46
1983-02-24,37.28,20.15,43.28,0.0,0.46
1983-02-25,37.64,19.86,38.25,0.0,0.46
1983-02-26,37.13,19.3,36.31,0.0,0.46
1983-02-27,36.93,20.07,44.59,0.0,0.46
1983-02-28,37.21,20.05,52.4,0.0,0.46
1983-03-01,36.19,20.18,52.8,0.0,0.46
1983-03-02,37.32,18.72,43.09,0.0,0.46
1983-03-03,38.64,19.15,41.03,0.0,0.45
1983-03-04,39.27,19.82,43.53,0.0,0.45
1983-03-05,39.63,20.11,43.52,0.0,0.45
1983-03-06,38.54,20.61,45.47,0.0,0.45
1983-03-07,38.46,21.57,43.22,0.0,0.45
1983-03-08,38.0,20.8,45.63,0.0,0.45
1983-03-09,38.25,21.2,40.85,0.0,0.45
1983-03-10,39.09,20.93,37.67,0.0,0.45
1983-03-11,39.7,21.52,42.93,0.0,0.45
1983-03-12,39.77,22.14,48.9,0.0,0.45
1983-03-13,40.01,21.93,53.46,0.0,0.45
1983-03-14,39.64,22.33,53.15,0.0,0.45
1983-03-15,39.16,23.04,53.17,0.0,0.45
1983-03-16,39.08,22.4,53.76,0.0,0.45
1983-03-17,39.85,22.69,45.76,0.0,0.45
1983-03-18,39.53,22.4,43.25,0.0,0.45
1983-03-19,39.4,22.14,43.91,0.0,0.45
1983-03-20,38.71,22.58,48.74,0.0,0.45
1983-03-21,38.42,23.19,50.9,0.0,0.45
1983-03-22,39.35,24.02,50.34,0.0,0.45
1983-03-23,38.63,22.68,52.85,0.0,0.45
1983-03-24,38.5,21.48,49.55,0.0,0.45
1983-03-25,39.27,21.01,44.16,0.0,0.45
1983-03-26,39.65,20.1,40.37,0.0,0.45
1983-03-27,40.21,20.92,42.94,0.0,0.45
1983-03-28,40.69,22.38,48.59,0.0,0.45
1983-03-29,41.5,22.96,50.99,0.0,0.45
1983-03-30,41.49,24.24,50.6,0.0,0.45
1983-03-31,41.27,25.15,47.5,0.0,0.45
1983-04-01,40.5,25.73,44.89,0.0,0.45
1983-04-02,40.76,23.69,45.33,0.0,0.45
1983-04-03,39.57,22.71,49.37,0.0,0.45
1983-04-04,38.32,24.61,53.76,0.0,0.45
1983-04-05,39.86,25.81,54.08,0.0,0.45
1983-04-06,40.18,26.21,52.81,0.11,0.45
1983-04-07,40.15,25.5,52.78,0.06,0.45
1983-04-08,40.78,25.55,50.72,0.0,0.45
1983-04-09,41.21,25.2,51.25,0.0,0.45
1983-04-10,42.35,24.82,49.21,0.0,0.45
1983-04-11,41.86,25.36,47.17,0.0,0.45
1983-04-12,41.47,24.15,48.81,0.04,0.45
1983-04-13,41.76,24.57,45.62,0.0,0.45
1983-04-14,42.73,24.39,43.95,0.0,0.45
1983-04-15,42.84,25.2,47.71,0.0,0.45
1983-04-16,42.8,26.37,44.62,0.0,0.45
1983-04-17,42.99,26.66,46.1,0.0,0.45
1983-04-18,43.51,26.91,41.35,0.0,0.45
1983-04-19,42.37,28.22,44.08,0.03,0.45
1983-04-20,41.34,28.78,48.01,0.0,0.45
1983-04-21,41.54,28.26,45.98,0.0,0.45
1983-04-22,41.38,26.38,44.97,0.0,0.45
1983-04-23,41.16,25.96,43.3,0.0,0.45
1983-04-24,41.17,25.76,44.74,0.0,0.45
1983-04-25,41.52,25.76,43.38,2.82,0.46
1983-04-26,41.78,26.6,44.01,0.0,0.46
1983-04-27,42.11,27.53,40.18,0.0,0.46
1983-04-28,42.05,27.62,40.98,0.0,0.46
1983-04-29,41.79,26.67,42.7,0.02,0.46
1983-04-30,41.01,25.87,52.08,0.0,0.46
1983-05-01,40.73,27.2,50.88,0.0,0.46
1983-05-02,40.25,27.88,49.9,0.0,0.46
1983-05-03,39.07,27.77,51.06,0.02,0.46
1983-05-04,40.22,28.23,48.45,0.0,0.46
1983-05-05,40.26,28.87,47.02,0.02,0.46
1983-05-06,41.12,27.93,48.97,0.1,0.46
1983-05-07,41.57,27.91,45.16,0.0,0.46
1983-05-08,40.54,25.64,50.59,0.0,0.46
1983-05-09,39.02,28.21,46.85,0.0,0.46
1983-05-10,37.18,28.29,47.33,0.0,0.46
1983-05-11,39.17,25.82,43.52,0.0,0.46
1983-05-12,39.48,26.35,46.63,0.0,0.46
1983-05-13,38.53,27.3,50.54,3.18,0.46
1983-05-14,39.15,28.13,49.69,0.0,0.46
1983-05-15,35.79,28.56,57.72,0.02,0.46
1983-05-16,35.85,27.69,56.51,0.06,0.46
1983-05-17,40.47,28.04,44.69,0.0,0.46
1983-05-18,41.36,27.0,43.72,0.16,0.46
1983-05-19,39.61,28.29,46.6,0.08,0.46
1983-05-20,39.28,27.58,51.63,0.47,0.46
1983-05-21,37.93,27.51,54.83,0.0,0.46
1983-05-22,37.8,28.04,55.02,0.0,0.46
1983-05-23,41.13,27.79,51.8,0.0,0.46
1983-05-24,39.81,27.92,54.65,0.09,0.46
1983-05-25,35.78,28.22,57.36,1.79,0.46
1983-05-26,32.68,27.61,67.62,6.95,0.47
1983-05-27,30.53,25.64,79.98,58.3,0.54
1983-05-28,34.4,24.47,71.88,1.12,0.58
1983-05-29,35.17,25.43,69.36,0.08,0.56
1983-05-30,34.96,26.05,69.6,1.15,0.55
1983-05-31,32.74,26.19,74.88,1.44,0.55
1983-06-01,31.64,25.97,78.53,1.08,0.55
1983-06-02,31.47,25.76,79.55,1.77,0.55
1983-06-03,32.33,26.06,77.98,5.46,0.55
1983-06-04,31.73,26.16,76.92,0.38,0.55
1983-06-05,31.37,26.05,78.25,1.3,0.55
1983-06-06,32.91,25.3,77.09,2.31,0.55
1983-06-07,30.71,25.99,72.19,0.1,0.55
1983-06-08,31.66,25.53,72.12,0.96,0.54
1983-06-09,31.39,24.48,72.06,0.63,0.54
1983-06-10,34.11,24.96,74.04,0.15,0.54
1983-06-11,32.46,25.68,74.87,2.38,0.54
1983-06-12,31.44,24.44,81.03,12.57,0.55
1983-06-13,32.09,24.69,74.27,0.13,0.55
1983-06-14,32.46,25.44,73.05,0.12,0.55
1983-06-15,36.81,24.59,65.03,0.0,0.54
1983-06-16,38.54,25.62,60.29,0.04,0.54
1983-06-17,38.74,26.55,60.89,0.27,0.53
1983-06-18,38.47,26.09,59.08,0.27,0.53
1983-06-19,38.25,26.61,59.25,0.52,0.52
1983-06-20,36.33,27.24,63.3,0.15,0.52
1983-06-21,36.65,26.82,65.47,0.01,0.51
1983-06-22,35.35,27.17,65.11,0.11,0.51
1983-06-23,33.39,26.72,69.27,0.45,0.51
1983-06-24,31.4,26.15,78.49,0.94,0.51
1983-06-25,31.98,26.47,76.11,0.36,0.51
1983-06-26,33.74,25.67,70.62,0.09,0.5
1983-06-27,33.52,26.68,66.88,1.23,0.5
1983-06-28,31.86,25.9,73.7,4.83,0.51
1983-06-29,34.92,25.23,67.48,0.18,0.51
1983-06-30,36.44,25.83,61.06,0.4,0.5
1983-07-01,35.56,25.94,62.35,0.62,0.5
1983-07-02,31.46,25.73,75.56,15.33,0.51
1983-07-03,32.49,25.28,74.89,1.32,0.52
1983-07-04,32.58,25.9,72.51,0.33,0.52
1983-07-05,36.91,25.49,61.63,0.04,0.51
1983-07-06,37.03,25.03,61.75,0.09,0.51
1983-07-07,33.21,26.2,67.57,0.05,0.5
1983-07-08,32.44,25.87,71.5,0.0,0.5
1983-07-09,34.14,25.85,68.35,0.01,0.5
1983-07-10,33.04,26.43,68.95,1.51,0.5
1983-07-11,32.49,25.77,76.97,12.48,0.51
1983-07-12,31.48,25.57,74.93,0.16,0.52
1983-07-13,34.46,25.9,67.0,0.07,0.51
1983-07-14,34.21,26.45,69.11,0.96,0.51
1983-07-15,34.31,26.22,66.66,0.18,0.51
1983-07-16,34.52,26.18,69.01,3.31,0.51
1983-07-17,32.43,26.09,72.68,0.1,0.51
1983-07-18,32.7,25.81,75.03,1.35,0.5
1983-07-19,31.29,25.13,83.13,14.11,0.52
1983-07-20,31.18,25.61,80.83,3.42,0.53
1983-07-21,33.31,25.3,79.1,0.28,0.53
1983-07-22,35.24,25.04,72.16,0.51,0.52
1983-07-23,34.1,25.52,72.75,2.83,0.52
1983-07-24,33.35,25.34,71.11,1.33,0.52
1983-07-25,30.93,25.81,73.63,1.08,0.52
1983-07-26,35.49,24.49,67.05,0.49,0.52
1983-07-27,33.9,25.07,72.91,11.27,0.52
1983-07-28,33.01,24.5,72.73,0.77,0.53
1983-07-29,29.89,25.01,79.62,2.86,0.53
1983-07-30,30.62,24.04,81.56,14.27,0.54
1983-07-31,33.58,24.68,74.74,0.65,0.55
1983-08-01,32.9,25.56,76.44,3.66,0.55
1983-08-02,30.71,25.79,78.08,0.56,0.55
1983-08-03,32.72,24.87,75.66,8.42,0.55
1983-08-04,32.84,24.56,77.85,8.83,0.56
1983-08-05,29.81,25.04,84.12,4.57,0.57
1983-08-06,31.85,24.47,77.26,1.88,0.57
1983-08-07,30.33,24.87,85.28,12.31,0.58
1983-08-08,31.04,24.75,81.49,1.4,0.58
1983-08-09,33.71,24.11,72.33,0.16,0.58
1983-08-10,35.36,24.42,68.1,0.05,0.57
1983-08-11,33.91,24.53,71.73,1.66,0.57
1983-08-12,32.21,24.85,76.28,1.18,0.56
1983-08-13,31.28,25.5,76.32,1.22,0.56
1983-08-14,32.22,24.8,75.74,0.06,0.56
1983-08-15,34.09,25.32,74.11,0.83,0.56
1983-08-16,32.9,25.88,72.78,0.68,0.55
1983-08-17,32.96,24.55,76.54,8.12,0.56
1983-08-18,34.72,24.29,73.39,1.02,0.56
1983-08-19,35.23,24.94,72.66,3.83,0.56
1983-08-20,31.99,25.34,74.91,0.29,0.55
1983-08-21,33.42,25.44,74.16,0.64,0.55
1983-08-22,35.39,25.13,67.82,0.51,0.55
1983-08-23,35.5,24.92,69.59,2.64,0.54
1983-08-24,34.72,25.7,69.08,1.57,0.54
1983-08-25,31.68,25.84,81.2,13.91,0.55
1983-08-26,31.37,25.41,79.4,0.56,0.56
1983-08-27,30.88,24.71,81.76,1.02,0.56
1983-08-28,32.79,25.25,76.88,1.0,0.55
1983-08-29,33.8,24.59,73.79,2.22,0.55
1983-08-30,33.4,25.29,75.28,1.78,0.55
1983-08-31,31.55,25.04,82.6,11.29,0.56
1983-09-01,34.7,24.69,73.88,3.76,0.57
1983-09-02,32.36,24.71,75.37,0.52,0.56
1983-09-03,30.03,24.73,82.75,2.09,0.56
1983-09-04,32.02,24.38,77.93,0.97,0.56
1983-09-05,31.74,24.31,78.82,0.57,0.56
1983-09-06,34.97,24.24,70.7,0.6,0.55
1983-09-07,34.04,25.07,71.53,0.5,0.55
1983-09-08,30.81,25.07,79.09,4.32,0.55
1983-09-09,34.08,23.84,74.63,4.06,0.55
1983-09-10,33.44,24.82,72.48,0.52,0.55
1983-09-11,34.08,25.0,73.68,1.83,0.55
1983-09-12,31.86,25.31,77.55,2.07,0.55
1983-09-13,30.78,24.7,82.71,3.56,0.55
1983-09-14,30.09,24.46,81.48,0.79,0.55
1983-09-15,33.45,24.48,75.36,1.05,0.55
1983-09-16,33.29,25.06,75.06,0.39,0.54
1983-09-17,30.12,25.04,84.47,3.99,0.54
1983-09-18,29.95,24.66,83.64,0.5,0.54
1983-09-19,31.39,24.13,80.59,7.64,0.55
1983-09-20,32.04,23.28,77.35,0.12,0.55
1983-09-21,33.53,24.13,72.94,0.11,0.55
1983-09-22,31.03,25.03,78.52,0.62,0.54
1983-09-23,31.01,24.85,80.57,1.28,0.54
1983-09-24,33.76,25.46,74.72,0.0,0.54
1983-09-25,36.18,24.44,68.16,0.21,0.54
1983-09-26,33.47,24.99,72.48,1.28,0.53
1983-09-27,35.29,25.63,68.38,0.02,0.53
1983-09-28,35.64,25.98,68.92,1.1,0.53
1983-09-29,33.54,25.93,79.91,14.51,0.54
1983-09-30,29.15,25.55,86.07,0.17,0.55
1983-10-01,30.12,25.09,82.84,1.68,0.55
1983-10-02,33.33,24.42,76.53,6.8,0.55
1983-10-03,33.23,24.4,79.35,7.97,0.56
1983-10-04,31.25,25.26,81.66,8.67,0.57
1983-10-05,32.36,24.66,78.36,1.78,0.57
1983-10-06,33.48,23.8,74.14,0.88,0.56
1983-10-07,34.78,23.99,68.15,0.06,0.55
1983-10-08,32.82,25.02,72.64,1.19,0.55
1983-10-09,30.84,24.6,83.23,24.0,0.56
1983-10-10,32.29,24.33,80.97,8.89,0.6
1983-10-11,30.93,24.66,85.69,10.93,0.6
1983-10-12,31.23,25.02,84.74,2.95,0.61
1983-10-13,30.49,24.79,87.77,8.55,0.62
1983-10-14,29.56,24.01,86.83,5.73,0.62
1983-10-15,30.47,23.69,87.56,12.43,0.63
1983-10-16,29.16,24.64,87.57,1.37,0.64
1983-10-17,33.15,22.79,75.31,0.57,0.63
1983-10-18,33.94,22.56,77.63,11.31,0.63
1983-10-19,27.29,24.54,91.28,13.16,0.65
1983-10-20,30.02,23.44,84.51,3.11,0.66
1983-10-21,32.98,23.03,74.04,0.02,0.65
1983-10-22,33.23,24.47,73.72,0.0,0.64
1983-10-23,32.58,24.32,77.37,0.01,0.63
1983-10-24,31.45,24.65,78.18,0.41,0.63
1983-10-25,33.32,23.71,74.62,0.1,0.62
1983-10-26,33.97,23.97,74.66,0.87,0.62
1983-10-27,32.38,24.79,80.68,0.05,0.61
1983-10-28,31.5,24.26,73.77,0.0,0.61
1983-10-29,32.31,23.48,76.04,0.04,0.6
1983-10-30,33.25,24.66,73.28,0.13,0.6
1983-10-31,31.72,24.61,78.25,0.97,0.59
1983-11-01,26.49,23.44,84.09,1.1,0.59
1983-11-02,29.77,23.21,83.74,0.76,0.59
1983-11-03,28.59,23.63,85.25,0.36,0.59
1983-11-04,29.56,23.22,83.74,3.08,0.59
1983-11-05,29.68,24.38,80.56,0.0,0.59
1983-11-06,32.66,23.46,74.14,0.0,0.58
1983-11-07,31.8,23.42,76.23,0.0,0.58
1983-11-08,30.39,24.78,81.77,0.06,0.57
1983-11-09,30.32,24.5,81.52,0.55,0.57
1983-11-10,29.9,24.05,83.04,9.39,0.58
1983-11-11,30.44,23.41,82.57,0.74,0.58
1983-11-12,31.63,23.72,76.48,0.43,0.58
1983-11-13,27.15,23.23,84.69,1.18,0.57
1983-11-14,31.61,22.57,76.41,1.41,0.57
1983-11-15,31.12,22.42,76.57,1.31,0.57
1983-11-16,31.37,22.81,75.01,2.21,0.57
1983-11-17,28.94,23.05,84.76,37.15,0.6
1983-11-18,29.49,22.29,79.25,0.0,0.63
1983-11-19,30.43,21.02,76.25,0.0,0.62
1983-11-20,31.27,21.17,73.32,0.0,0.61
1983-11-21,31.09,21.33,74.33,0.0,0.6
1983-11-22,30.15,22.03,74.3,0.0,0.6
1983-11-23,29.61,20.97,69.99,0.0,0.59
1983-11-24,28.6,19.91,68.85,0.0,0.59
1983-11-25,28.57,18.21,64.02,0.0,0.58
1983-11-26,27.29,16.65,65.68,0.0,0.58
1983-11-27,27.78,15.18,66.06,0.0,0.57
1983-11-28,26.91,15.02,70.22,0.0,0.57
1983-11-29,27.83,15.12,64.47,0.0,0.57
1983-11-30,26.83,13.81,65.08,0.0,0.56
1983-12-01,27.81,13.13,64.78,0.0,0.56
1983-12-02,28.52,13.81,67.21,0.0,0.56
1983-12-03,29.21,14.24,68.31,0.0,0.55
1983-12-04,29.76,14.73,68.61,0.0,0.55
1983-12-05,29.8,15.63,68.14,0.0,0.55
1983-12-06,29.77,15.89,69.0,0.0,0.54
1983-12-07,30.23,16.15,71.95,0.0,0.54
1983-12-08,29.42,17.06,68.85,0.0,0.54
1983-12-09,29.93,16.32,66.29,0.0,0.53
1983-12-10,30.99,16.22,67.67,0.0,0.53
1983-12-11,31.41,17.52,66.59,0.0,0.53
1983-12-12,31.85,17.39,67.64,0.0,0.52
1983-12-13,32.14,17.34,67.19,0.0,0.52
1983-12-14,32.47,18.03,67.53,0.0,0.52
1983-12-15,32.59,18.15,66.97,0.0,0.51
1983-12-16,33.18,18.66,66.49,0.0,0.51
1983-12-17,33.54,19.47,64.81,0.0,0.51
1983-12-18,33.5,20.61,66.74,0.0,0.51
1983-12-19,33.36,20.92,68.26,0.0,0.5
1983-12-20,33.7,19.7,61.18,0.0,0.5
1983-12-21,33.37,17.66,57.07,0.0,0.5
1983-12-22,33.19,18.31,55.41,0.0,0.49
1983-12-23,32.42,17.31,63.31,0.0,0.49
1983-12-24,32.05,18.87,66.46,0.0,0.49
1983-12-25,31.62,19.59,67.27,0.0,0.49
1983-12-26,31.04,18.86,69.89,0.0,0.49
1983-12-27,30.13,18.7,74.67,0.57,0.48
1983-12-28,32.08,22.27,77.45,2.33,0.48
1983-12-29,32.93,20.58,68.31,0.1,0.48
1983-12-30,32.36,19.65,59.58,0.0,0.48
1983-12-31,32.02,16.13,57.38,0.0,0.48
1984-01-01,31.4,18.3,69.97,0.0,0.48
1984-01-02,32.32,19.44,71.69,0.0,0.48
1984-01-03,32.37,20.11,62.73,0.0,0.48
1984-01-04,33.38,19.98,57.04,0.0,0.47
1984-01-05,32.43,20.57,64.78,0.0,0.47
1984-01-06,31.84,20.36,63.53,0.0,0.47
1984-01-07,30.69,19.09,63.87,0.0,0.47
1984-01-08,30.25,18.12,57.26,0.0,0.47
1984-01-09,30.42,17.7,54.65,0.0,0.47
1984-01-10,32.21,17.08,55.82,0.0,0.47
1984-01-11,33.37,17.84,57.93,0.0,0.47
1984-01-12,34.07,18.8,62.76,0.0,0.47
1984-01-13,34.15,19.2,65.03,0.0,0.47
1984-01-14,33.84,19.52,66.68,0.0,0.47
1984-01-15,34.22,19.88,63.37,0.0,0.46
1984-01-16,34.63,20.54,66.24,0.0,0.46
1984-01-17,34.2,20.01,64.31,0.0,0.46
1984-01-18,33.98,20.07,61.05,0.0,0.46
1984-01-19,34.8,18.85,50.6,0.0,0.46
1984-01-20,34.39,16.32,39.12,0.0,0.46
1984-01-21,33.86,15.99,36.12,0.0,0.46
1984-01-22,33.41,15.29,38.19,0.0,0.46
1984-01-23,34.68,15.26,42.62,0.0,0.46
1984-01-24,34.93,15.98,41.65,0.0,0.46
1984-01-25,35.4,17.21,51.22,0.0,0.46
1984-01-26,34.97,20.54,55.67,0.0,0.46
1984-01-27,34.86,21.72,58.15,0.0,0.46
1984-01-28,35.52,20.83,48.0,0.0,0.46
1984-01-29,35.6,19.24,41.97,0.0,0.46
1984-01-30,36.22,19.32,46.23,0.0,0.46
1984-01-31,36.69,19.69,36.99,0.0,0.46
1984-02-01,36.78,18.59,37.49,0.0,0.46
1984-02-02,36.28,19.48,43.65,0.0,0.46
1984-02-03,37.25,21.8,46.38,0.0,0.46
1984-02-04,37.69,22.32,43.56,0.0,0.46
1984-02-05,37.74,21.22,39.33,0.0,0.46
1984-02-06,38.09,21.37,44.15,0.0,0.46
1984-02-07,33.21,24.46,51.43,0.06,0.46
1984-02-08,33.58,23.6,50.37,0.38,0.46
1984-02-09,33.58,23.58,56.27,0.04,0.46
1984-02-10,35.62,21.68,48.96,0.0,0.46
1984-02-11,36.86,22.92,41.82,0.0,0.46
1984-02-12,35.11,23.51,55.5,1.06,0.46
1984-02-13,35.73,24.95,57.15,1.07,0.46
1984-02-14,37.65,23.61,55.48,0.0,0.46
1984-02-15,38.52,24.38,50.63,0.12,0.46
1984-02-16,38.28,24.69,46.55,0.0,0.46
1984-02-17,38.23,24.11,48.53,0.0,0.46
1984-02-18,38.82,23.93,44.1,0.0,0.46
1984-02-19,38.68,23.21,44.08,0.0,0.46
1984-02-20,38.82,23.64,49.47,0.0,0.46
1984-02-21,39.65,23.28,41.62,0.0,0.46
1984-02-22,39.99,22.13,39.35,0.0,0.46
1984-02-23,39.41,22.55,45.28,0.0,0.46
1984-02-24,39.83,23.13,46.28,0.05,0.46
1984-02-25,38.06,25.06,47.26,0.23,0.46
1984-02-26,34.18,26.31,49.33,2.51,0.46
1984-02-27,33.46,24.67,66.45,24.65,0.49
1984-02-28,33.89,23.68,70.95,0.0,0.5
1984-02-29,35.74,23.05,65.08,0.0,0.5
1984-03-01,35.19,23.1,62.73,0.0,0.49
1984-03-02,35.63,23.29,58.93,0.0,0.49
1984-03-03,35.2,22.41,54.62,0.0,0.48
1984-03-04,36.4,20.19,50.37,0.0,0.48
1984-03-05,31.73,21.23,52.63,0.0,0.48
1984-03-06,35.75,18.94,48.93,0.0,0.47
1984-03-07,35.63,18.17,50.96,0.0,0.47
1984-03-08,36.06,19.76,52.76,0.0,0.47
1984-03-09,36.67,19.45,48.41,0.0,0.47
1984-03-10,36.1,18.47,50.72,0.0,0.47
1984-03-11,36.83,18.88,52.98,0.0,0.46
1984-03-12,37.18,21.03,54.18,0.0,0.46
1984-03-13,37.17,20.46,51.44,0.0,0.46
1984-03-14,38.23,20.72,47.12,0.0,0.46
1984-03-15,39.72,21.25,46.37,0.0,0.46
1984-03-16,40.13,23.18,49.15,0.0,0.46
1984-03-17,40.7,23.96,47.8,0.0,0.46
1984-03-18,40.55,23.59,44.14,0.0,0.46
1984-03-19,40.1,21.82,43.76,0.0,0.46
1984-03-20,40.45,21.26,47.15,0.0,0.46
1984-03-21,40.75,23.09,49.73,0.0,0.46
1984-03-22,39.53,24.07,50.8,0.0,0.46
1984-03-23,39.99,23.31,45.57,0.0,0.46
1984-03-24,39.71,23.05,44.12,0.0,0.46
1984-03-25,39.97,23.83,39.69,0.0,0.46
1984-03-26,40.36,22.89,35.38,0.0,0.46
1984-03-27,40.05,22.35,31.5,0.0,0.46
1984-03-28,41.39,21.27,38.17,0.0,0.46
1984-03-29,41.72,23.93,37.77,0.0,0.46
1984-03-30,40.97,23.79,50.86,0.0,0.46
1984-03-31,37.28,26.0,54.07,0.0,0.46
1984-04-01,40.79,26.41,49.57,0.0,0.46
1984-04-02,41.18,27.0,45.94,0.0,0.46
1984-04-03,39.83,25.21,49.89,0.0,0.46
1984-04-04,41.05,24.89,52.81,0.0,0.46
1984-04-05,41.45,24.34,50.51,0.0,0.46
1984-04-06,41.57,25.56,48.96,0.0,0.46
1984-04-07,41.88,26.26,47.43,0.0,0.46
1984-04-08,41.47,26.08,49.78,0.0,0.46
1984-04-09,41.62,27.2,45.84,0.0,0.45
1984-04-10,37.7,27.4,46.74,0.0,0.45
1984-04-11,40.69,26.49,45.43,0.0,0.45
1984-04-12,38.58,27.19,47.96,0.04,0.45
1984-04-13,40.34,25.65,53.59,3.13,0.46
1984-04-14,40.85,26.61,45.99,0.07,0.46
1984-04-15,40.97,26.28,41.73,0.0,0.46
1984-04-16,40.91,25.1,44.43,0.0,0.46
1984-04-17,40.85,25.33,45.68,0.0,0.46
1984-04-18,39.05,25.9,51.57,0.0,0.46
1984-04-19,40.29,25.34,53.56,0.0,0.46
1984-04-20,40.99,25.98,51.4,0.0,0.46
1984-04-21,40.15,26.98,51.99,1.14,0.46
1984-04-22,38.76,27.89,47.78,0.99,0.46
1984-04-23,33.11,27.21,58.76,2.09,0.46
1984-04-24,35.19,25.36,58.62,0.97,0.46
1984-04-25,38.41,26.12,53.89,1.24,0.46
1984-04-26,35.14,25.99,67.22,20.11,0.48
1984-04-27,31.65,25.12,78.25,23.69,0.52
1984-04-28,34.66,24.05,67.18,0.07,0.53
1984-04-29,36.27,25.52,63.21,0.41,0.53
1984-04-30,36.38,25.95,62.53,0.0,0.52
1984-05-01,38.29,25.44,60.32,0.0,0.51
1984-05-02,38.68,26.04,58.16,0.01,0.51
1984-05-03,38.71,25.21,57.17,0.0,0.5
1984-05-04,39.09,25.07,56.06,0.0,0.5
1984-05-05,39.11,25.42,55.52,0.0,0.49
1984-05-06,37.45,25.34,58.78,1.54,0.49
1984-05-07,38.48,25.14,55.93,0.0,0.49
1984-05-08,37.86,25.66,55.54,0.49,0.48
1984-05-09,37.6,26.0,53.68,0.0,0.48
1984-05-10,38.72,25.79,52.22,0.0,0.48
1984-05-11,37.02,26.74,55.51,0.0,0.47
1984-05-12,35.54,27.33,58.36,0.0,0.47
1984-05-13,36.27,26.39,56.39,0.43,0.47
1984-05-14,36.22,26.31,60.84,3.23,0.47
1984-05-15,35.39,26.72,63.44,0.07,0.47
1984-05-16,37.37,26.21,59.11,0.65,0.47
1984-05-17,36.87,27.32,57.51,0.43,0.47
1984-05-18,36.71,27.5,55.91,0.05,0.47
1984-05-19,38.4,27.27,56.73,0.43,0.47
1984-05-20,37.9,26.72,57.6,0.17,0.46
1984-05-21,35.46,27.72,60.14,1.18,0.46
1984-05-22,35.34,26.46,63.6,7.83,0.48
1984-05-23,38.32,25.27,57.59,0.01,0.47
1984-05-24,39.47,26.48,52.53,0.0,0.47
1984-05-25,39.57,27.27,51.92,0.12,0.47
1984-05-26,35.22,28.86,55.43,0.48,0.47
1984-05-27,36.17,27.39,60.56,5.57,0.47
1984-05-28,35.72,26.32,66.38,6.86,0.48
1984-05-29,33.28,26.38,70.22,1.44,0.48
1984-05-30,32.98,26.73,74.18,2.37,0.48
1984-05-31,30.69,26.83,84.0,4.21,0.48
1984-06-01,30.73,25.64,83.61,21.48,0.51
1984-06-02,33.65,25.24,76.58,8.01,0.53
1984-06-03,30.43,25.38,83.27,27.93,0.56
1984-06-04,30.55,25.36,85.83,7.8,0.58
1984-06-05,31.9,26.03,82.06,1.52,0.58
1984-06-06,30.76,25.84,82.1,1.16,0.58
1984-06-07,34.49,24.85,73.59,2.39,0.57
1984-06-08,31.68,25.3,80.67,10.3,0.58
1984-06-09,32.6,25.27,75.72,0.15,0.59
1984-06-10,34.98,25.04,70.59,0.18,0.58
1984-06-11,33.66,26.26,74.4,1.11,0.57
1984-06-12,29.3,26.22,87.94,18.9,0.59
1984-06-13,32.01,25.81,80.61,7.45,0.61
1984-06-14,31.79,25.82,82.65,9.48,0.62
1984-06-15,31.75,25.5,82.68,3.05,0.62
1984-06-16,29.57,25.18,87.34,16.7,0.63
1984-06-17,29.12,24.75,85.72,10.31,0.65
1984-06-18,31.14,24.75,82.93,17.96,0.67
1984-06-19,30.52,24.71,85.56,61.05,0.71
1984-06-20,29.73,24.89,86.22,32.28,0.79
1984-06-21,29.69,24.57,87.8,18.2,0.8
1984-06-22,28.33,24.65,91.32,44.95,0.83
1984-06-23,28.74,24.4,89.7,31.09,0.87
1984-06-24,31.29,23.79,85.9,1.69,0.87
1984-06-25,30.62,24.7,84.72,3.37,0.86
1984-06-26,30.25,24.55,90.04,46.91,0.88
1984-06-27,28.43,24.34,89.14,0.63,0.9
1984-06-28,29.6,23.76,86.33,3.98,0.89
1984-06-29,29.97,23.85,89.11,6.79,0.89
1984-06-30,30.58,23.67,85.76,0.44,0.88
1984-07-01,30.16,23.88,86.31,15.13,0.89
1984-07-02,30.47,23.78,86.74,31.14,0.9
1984-07-03,28.61,24.59,90.59,2.58,0.91
1984-07-04,28.64,24.31,89.82,8.12,0.91
1984-07-05,29.64,24.17,88.21,2.53,0.91
1984-07-06,30.01,24.04,85.1,0.01,0.9
1984-07-07,30.05,24.04,86.39,0.74,0.9
1984-07-08,29.98,24.75,86.99,0.86,0.89
1984-07-09,28.72,24.12,89.41,7.18,0.88
1984-07-10,29.14,25.02,89.99,25.11,0.91
1984-07-11,28.69,24.99,91.94,13.97,0.92
1984-07-12,27.53,23.87,91.87,4.34,0.92
1984-07-13,27.39,23.39,92.46,4.18,0.92
1984-07-14,27.37,23.95,93.0,29.09,0.94
1984-07-15,27.37,24.05,93.14,9.35,0.95
1984-07-16,27.75,24.6,91.3,11.27,0.95
1984-07-17,27.61,24.23,92.99,3.28,0.95
1984-07-18,30.04,24.08,86.0,0.09,0.95
1984-07-19,31.5,23.18,84.16,0.01,0.94
1984-07-20,30.2,24.11,87.82,1.08,0.93
1984-07-21,29.88,24.6,87.85,0.89,0.92
1984-07-22,29.64,23.74,88.26,2.65,0.91
1984-07-23,29.41,23.71,88.82,2.3,0.91
1984-07-24,30.21,23.25,85.47,1.07,0.9
1984-07-25,30.22,22.83,85.75,0.69,0.89
1984-07-26,30.2,23.96,86.85,0.09,0.89
1984-07-27,29.21,24.5,89.41,4.42,0.88
1984-07-28,28.07,24.57,92.77,50.61,0.91
1984-07-29,29.15,23.67,90.09,9.25,0.93
1984-07-30,28.56,24.32,89.75,13.35,0.94
1984-07-31,28.5,23.76,90.24,0.47,0.93
1984-08-01,28.91,23.76,89.04,20.28,0.93
1984-08-02,30.02,23.52,88.8,2.44,0.93
1984-08-03,29.58,23.31,89.72,6.94,0.93
1984-08-04,30.48,24.09,88.31,2.73,0.93
1984-08-05,28.53,24.14,91.17,2.75,0.92
1984-08-06,30.61,23.51,88.09,2.22,0.92
1984-08-07,29.66,24.45,90.04,29.81,0.93
1984-08-08,28.26,24.5,91.81,14.4,0.94
1984-08-09,28.2,24.07,92.2,29.52,0.95
1984-08-10,27.62,24.09,93.55,22.41,0.97
1984-08-11,27.91,23.92,93.55,10.85,0.97
1984-08-12,29.38,23.15,91.39,2.21,0.97
1984-08-13,29.06,24.34,92.19,1.4,0.96
1984-08-14,29.35,24.17,91.12,4.0,0.96
1984-08-15,28.0,24.85,92.32,18.86,0.97
1984-08-16,28.74,24.24,92.31,12.7,0.97
1984-08-17,29.61,23.51,89.34,4.13,0.97
1984-08-18,30.74,24.44,88.17,2.38,0.96
1984-08-19,28.18,24.4,92.03,0.86,0.96
1984-08-20,29.52,23.9,88.79,1.51,0.95
1984-08-21,30.39,23.71,89.59,17.32,0.95
1984-08-22,29.29,24.17,91.23,0.6,0.96
1984-08-23,29.84,24.14,88.5,3.56,0.95
1984-08-24,29.88,23.96,90.51,16.33,0.95
1984-08-25,28.62,24.39,91.47,4.75,0.96
1984-08-26,29.75,23.87,88.97,0.63,0.95
1984-08-27,30.6,23.81,87.85,5.64,0.94
1984-08-28,28.82,24.28,90.05,4.09,0.94
1984-08-29,29.9,24.03,88.34,6.84,0.94
1984-08-30,29.54,24.53,90.31,8.21,0.94
1984-08-31,27.4,24.35,93.64,0.42,0.94
1984-09-01,28.53,24.52,92.32,5.43,0.94
1984-09-02,28.24,24.92,92.77,14.09,0.94
1984-09-03,27.49,24.18,92.36,8.87,0.95
1984-09-04,29.08,23.13,87.46,1.65,0.95
1984-09-05,28.84,23.14,86.84,3.73,0.94
1984-09-06,30.68,22.99,85.48,0.14,0.93
1984-09-07,29.54,24.03,88.93,4.97,0.93
1984-09-08,28.32,23.84,89.67,15.11,0.93
1984-09-09,28.52,23.77,89.75,21.99,0.95
1984-09-10,28.33,23.29,90.8,42.28,0.97
1984-09-11,29.91,23.35,83.33,0.0,0.97
1984-09-12,31.61,22.97,78.31,0.0,0.96
1984-09-13,31.73,23.24,84.04,0.0,0.95
1984-09-14,29.19,23.24,85.01,0.0,0.94
1984-09-15,30.05,23.31,84.26,0.02,0.93
1984-09-16,30.19,23.08,85.64,0.06,0.92
1984-09-17,29.44,23.19,87.0,0.0,0.92
1984-09-18,29.51,23.65,86.96,0.99,0.91
1984-09-19,29.95,23.71,87.14,8.51,0.91
1984-09-20,30.54,23.62,83.57,0.52,0.9
1984-09-21,30.78,23.18,84.1,1.86,0.9
1984-09-22,30.7,23.63,82.7,0.85,0.89
1984-09-23,31.47,23.25,80.8,2.57,0.88
1984-09-24,30.83,23.83,84.19,0.01,0.88
1984-09-25,29.67,23.83,89.29,0.03,0.87
1984-09-26,29.25,24.44,89.87,0.0,0.86
1984-09-27,29.95,24.23,85.98,0.47,0.86
1984-09-28,31.36,23.81,86.0,7.63,0.86
1984-09-29,29.1,24.42,90.94,21.14,0.88
1984-09-30,27.73,24.16,91.72,3.14,0.88
1984-10-01,29.5,23.59,88.87,16.69,0.89
1984-10-02,29.16,23.89,89.02,0.38,0.89
1984-10-03,28.24,24.32,89.06,3.65,0.89
1984-10-04,30.39,24.04,86.87,0.76,0.89
1984-10-05,28.97,23.75,87.88,0.31,0.88
1984-10-06,29.45,23.71,86.83,1.16,0.88
1984-10-07,29.88,23.03,84.43,0.06,0.87
1984-10-08,29.25,23.43,87.99,3.91,0.87
1984-10-09,29.32,23.13,87.98,19.44,0.88
1984-10-10,29.48,23.21,86.21,0.16,0.88
1984-10-11,29.99,23.38,89.35,1.09,0.87
1984-10-12,28.68,24.03,91.04,3.03,0.87
1984-10-13,29.3,23.09,87.92,2.67,0.87
1984-10-14,28.55,22.38,87.12,0.95,0.86
1984-10-15,27.32,23.09,87.73,3.25,0.86
1984-10-16,28.8,23.07,87.73,0.01,0.86
1984-10-17,30.37,23.15,87.7,0.06,0.85
1984-10-18,30.23,23.31,86.23,0.15,0.84
1984-10-19,29.55,23.6,87.17,2.12,0.84
1984-10-20,29.44,23.63,88.81,0.22,0.84
1984-10-21,29.64,22.71,86.18,3.85,0.83
1984-10-22,29.95,22.67,86.34,2.14,0.83
1984-10-23,30.84,22.19,81.56,1.45,0.82
1984-10-24,30.91,22.06,83.51,0.0,0.81
1984-10-25,30.68,22.12,79.91,0.0,0.8
1984-10-26,30.31,22.03,80.97,0.0,0.79
1984-10-27,30.37,22.01,78.79,0.0,0.78
1984-10-28,29.49,21.41,78.9,0.0,0.77
1984-10-29,28.95,22.26,75.33,0.28,0.76
1984-10-30,28.84,22.22,77.41,2.19,0.76
1984-10-31,29.65,21.79,76.28,0.0,0.75
1984-11-01,30.36,22.12,78.29,0.0,0.74
1984-11-02,31.01,21.33,79.58,0.0,0.73
1984-11-03,30.44,22.36,79.34,0.01,0.72
1984-11-04,29.16,21.68,80.38,0.0,0.72
1984-11-05,30.61,21.47,80.1,0.0,0.71
1984-11-06,31.91,21.8,78.74,0.0,0.7
1984-11-07,32.33,22.7,78.13,0.0,0.7
1984-11-08,32.76,22.88,77.29,0.0,0.69
1984-11-09,32.51,22.75,78.18,0.18,0.68
1984-11-10,32.75,22.03,75.24,0.0,0.67
1984-11-11,32.74,20.62,72.08,0.0,0.67
1984-11-12,32.91,21.15,73.46,0.0,0.66
1984-11-13,32.46,21.23,75.07,0.0,0.65
1984-11-14,32.0,21.05,72.13,0.0,0.65
1984-11-15,32.65,21.4,70.21,0.0,0.64
1984-11-16,32.93,21.47,71.12,0.0,0.64
1984-11-17,33.03,21.11,71.48,0.0,0.63
1984-11-18,33.23,21.22,70.88,0.0,0.62
1984-11-19,33.13,20.81,69.58,0.0,0.62
1984-11-20,32.78,21.0,71.95,0.0,0.61
1984-11-21,32.07,23.2,72.98,0.0,0.6
1984-11-22,31.98,21.51,70.54,0.0,0.6
1984-11-23,31.51,20.01,72.87,0.0,0.6
1984-11-24,31.5,19.95,72.85,0.0,0.59
1984-11-25,31.08,18.9,74.84,0.0,0.59
1984-11-26,30.08,18.91,72.33,0.0,0.58
1984-11-27,30.46,18.48,70.47,0.0,0.58
1984-11-28,31.21,17.77,69.88,0.0,0.57
1984-11-29,29.2,20.13,76.53,0.0,0.57
1984-11-30,30.5,20.54,73.02,0.0,0.57
1984-12-01,29.61,20.53,72.18,0.0,0.56
1984-12-02,31.6,19.05,71.67,0.0,0.56
1984-12-03,32.08,19.66,69.0,0.0,0.55
1984-12-04,32.0,20.85,66.76,0.0,0.55
1984-12-05,31.83,18.84,67.04,0.0,0.55
1984-12-06,31.49,19.62,68.12,0.0,0.54
1984-12-07,32.0,19.36,65.17,0.0,0.54
1984-12-08,31.71,18.37,66.09,0.0,0.54
1984-12-09,31.21,17.33,64.71,0.0,0.53
1984-12-10,30.42,16.07,66.87,0.0,0.53
1984-12-11,30.36,16.89,65.38,0.0,0.53
1984-12-12,31.14,17.08,68.89,0.0,0.52
1984-12-13,31.48,17.32,70.27,0.0,0.52
1984-12-14,31.31,17.74,69.39,0.0,0.52
1984-12-15,31.99,17.6,68.28,0.0,0.51
1984-12-16,32.49,16.95,63.23,0.0,0.51
1984-12-17,32.52,16.42,63.36,0.0,0.51
1984-12-18,32.16,15.8,59.32,0.0,0.51
1984-12-19,32.32,15.45,61.15,0.0,0.5
1984-12-20,33.33,15.78,59.68,0.0,0.5
1984-12-21,34.19,17.39,57.02,0.0,0.5
1984-12-22,31.98,20.24,65.55,0.0,0.49
1984-12-23,27.5,22.32,69.0,0.0,0.49
1984-12-24,31.78,20.96,62.48,0.0,0.49
1984-12-25,31.61,20.68,58.44,0.0,0.49
1984-12-26,33.02,20.19,56.26,0.0,0.49
1984-12-27,34.33,20.53,55.26,0.0,0.49
1984-12-28,33.98,21.79,57.39,0.0,0.48
1984-12-29,32.37,22.41,63.89,0.0,0.48
1984-12-30,32.12,22.15,63.45,0.0,0.48
1984-12-31,32.67,20.52,60.83,0.0,0.48
1985-01-01,34.0,21.1,60.61,0.0,0.48
1985-01-02,33.63,20.58,59.09,0.0,0.48
1985-01-03,34.8,20.03,57.99,0.0,0.48
1985-01-04,34.6,20.43,53.33,0.0,0.48
1985-01-05,34.99,18.92,56.98,0.0,0.47
1985-01-06,33.9,18.23,54.07,0.0,0.47
1985-01-07,33.97,18.58,50.98,0.0,0.47
1985-01-08,34.28,18.53,54.79,0.0,0.47
1985-01-09,34.58,19.88,55.21,0.0,0.47
1985-01-10,34.53,19.59,53.99,0.0,0.47
1985-01-11,34.65,18.32,53.17,0.0,0.47
1985-01-12,35.16,19.86,54.53,0.0,0.47
1985-01-13,33.51,19.92,57.35,0.01,0.47
1985-01-14,33.97,20.09,52.2,0.0,0.47
1985-01-15,34.6,21.14,52.98,0.0,0.47
1985-01-16,35.01,19.41,45.99,0.0,0.46
1985-01-17,34.6,17.55,35.73,0.0,0.46
1985-01-18,33.98,15.71,35.0,0.0,0.46
1985-01-19,33.55,17.39,45.19,0.0,0.46
1985-01-20,33.52,18.18,59.46,0.0,0.46
1985-01-21,33.99,19.34,57.71,0.0,0.46
1985-01-22,36.02,20.59,52.76,0.0,0.46
1985-01-23,36.44,20.16,38.79,0.0,0.46
1985-01-24,36.05,20.25,35.91,0.0,0.46
1985-01-25,35.81,19.49,34.58,0.0,0.46
1985-01-26,36.16,18.21,37.64,0.0,0.46
1985-01-27,34.78,20.05,55.53,0.0,0.46
1985-01-28,34.31,22.74,56.67,0.0,0.46
1985-01-29,33.91,22.64,52.71,0.0,0.46
1985-01-30,36.55,22.1,48.23,0.0,0.46
1985-01-31,35.61,23.83,48.13,0.0,0.46
1985-02-01,35.67,23.19,49.88,0.0,0.46
1985-02-02,33.53,22.87,43.88,0.0,0.46
1985-02-03,35.89,20.39,37.44,0.0,0.46
1985-02-04,35.55,19.42,43.03,0.0,0.46
1985-02-05,34.6,17.29,45.54,0.0,0.46
1985-02-06,35.57,17.26,47.58,0.0,0.46
1985-02-07,36.04,18.47,47.44,0.0,0.46
1985-02-08,35.14,18.9,45.55,0.0,0.46
1985-02-09,33.91,16.28,36.78,0.0,0.46
1985-02-10,34.22,15.24,36.86,0.0,0.46
1985-02-11,35.21,14.99,33.2,0.0,0.46
1985-02-12,36.86,16.85,31.04,0.0,0.46
1985-02-13,37.41,18.91,35.36,0.0,0.46
1985-02-14,38.73,22.3,33.82,0.0,0.46
1985-02-15,38.59,20.84,42.47,0.0,0.46
1985-02-16,37.62,22.1,42.11,0.0,0.46
1985-02-17,36.74,22.03,40.93,0.0,0.46
1985-02-18,35.55,18.18,39.32,0.0,0.46
1985-02-19,35.42,16.32,43.54,0.0,0.46
1985-02-20,35.83,16.56,42.06,0.0,0.46
1985-02-21,36.97,16.57,43.47,0.0,0.45
1985-02-22,37.17,17.22,45.5,0.0,0.45
1985-02-23,37.08,17.65,47.56,0.0,0.45
1985-02-24,34.53,19.14,49.62,0.0,0.45
1985-02-25,36.19,20.35,46.4,0.0,0.45
1985-02-26,36.28,19.31,40.53,0.0,0.45
1985-02-27,37.57,18.22,34.67,0.0,0.45
1985-02-28,36.88,16.95,41.68,0.0,0.45
1985-03-01,36.05,16.34,46.5,0.0,0.45
1985-03-02,36.24,16.63,51.91,0.0,0.45
1985-03-03,36.31,17.95,52.86,0.0,0.45
1985-03-04,37.21,19.6,50.58,0.0,0.45
1985-03-05,38.62,19.53,50.44,0.0,0.45
1985-03-06,38.33,21.15,49.12,0.0,0.45
1985-03-07,38.7,21.07,49.88,0.0,0.45
1985-03-08,39.29,21.24,45.63,0.0,0.45
1985-03-09,40.76,21.53,36.71,0.0,0.45
1985-03-10,40.31,20.97,39.79,0.0,0.45
1985-03-11,40.45,20.99,43.43,0.0,0.45
1985-03-12,39.68,22.31,44.76,0.0,0.45
1985-03-13,39.21,20.88,42.27,0.0,0.45
1985-03-14,39.74,20.38,41.32,0.0,0.45
1985-03-15,39.08,24.14,44.48,0.0,0.45
1985-03-16,39.42,23.64,43.49,0.0,0.45
1985-03-17,40.19,23.29,35.08,0.0,0.45
1985-03-18,39.1,22.79,41.52,0.0,0.45
1985-03-19,34.12,23.33,53.53,0.0,0.45
1985-03-20,39.85,21.57,45.21,0.0,0.45
1985-03-21,40.56,22.32,42.47,0.0,0.45
1985-03-22,40.61,22.53,41.97,0.0,0.45
1985-03-23,40.11,22.87,41.48,0.0,0.45
1985-03-24,38.41,21.91,45.13,0.0,0.45
1985-03-25,36.8,23.63,49.35,0.0,0.45
1985-03-26,39.25,22.32,43.2,0.0,0.45
1985-03-27,38.44,23.05,48.82,0.0,0.45
1985-03-28,40.23,23.34,48.65,0.0,0.45
1985-03-29,40.14,23.0,49.47,0.0,0.45
1985-03-30,40.77,24.38,49.63,0.01,0.45
1985-03-31,40.16,23.74,49.92,0.0,0.45
1985-04-01,38.49,25.32,54.55,0.01,0.45
1985-04-02,41.48,24.82,42.73,0.0,0.45
1985-04-03,41.11,23.94,46.3,0.0,0.45
1985-04-04,39.94,25.26,50.46,0.0,0.45
1985-04-05,40.8,25.29,50.08,0.0,0.45
1985-04-06,40.94,25.92,45.51,0.0,0.45
1985-04-07,36.05,25.22,54.27,0.0,0.45
1985-04-08,39.9,24.46,52.07,0.01,0.45
1985-04-09,40.99,24.06,52.5,0.11,0.45
1985-04-10,40.92,26.06,49.46,0.04,0.45
1985-04-11,40.47,25.85,52.44,0.0,0.45
1985-04-12,40.7,26.71,53.04,0.0,0.45
1985-04-13,41.04,26.02,52.53,0.0,0.45
1985-04-14,40.37,25.39,49.06,0.0,0.45
1985-04-15,40.38,25.19,52.32,0.0,0.45
1985-04-16,40.02,25.76,50.73,0.05,0.45
1985-04-17,39.78,26.57,47.29,1.29,0.46
1985-04-18,40.18,25.21,46.34,0.12,0.46
1985-04-19,39.63,25.94,49.9,0.0,0.46
1985-04-20,40.31,25.62,47.68,0.0,0.46
1985-04-21,39.92,26.26,48.55,0.0,0.46
1985-04-22,40.52,26.45,46.47,0.0,0.46
1985-04-23,40.35,25.76,46.97,0.0,0.46
1985-04-24,39.56,26.4,50.16,0.0,0.46
1985-04-25,39.4,26.5,49.89,0.26,0.46
1985-04-26,35.66,27.84,53.71,1.63,0.46
1985-04-27,36.0,27.45,56.91,3.61,0.46
1985-04-28,36.44,26.51,57.11,0.48,0.46
1985-04-29,36.86,26.43,55.01,1.08,0.46
1985-04-30,38.56,26.29,49.38,0.94,0.46
1985-05-01,38.61,24.99,54.37,3.13,0.47
1985-05-02,37.4,27.02,53.01,0.65,0.47
1985-05-03,38.64,26.37,51.98,0.0,0.46
1985-05-04,39.26,27.52,52.48,0.0,0.46
1985-05-05,36.16,28.17,53.27,0.0,0.46
1985-05-06,39.91,27.7,50.42,0.0,0.46
1985-05-07,40.73,27.7,49.29,0.04,0.46
1985-05-08,37.2,29.13,49.24,0.05,0.46
1985-05-09,34.96,27.97,58.82,5.99,0.47
1985-05-10,37.23,26.82,55.48,0.06,0.47
1985-05-11,39.31,26.61,50.65,0.05,0.47
1985-05-12,39.66,26.46,50.32,0.2,0.46
1985-05-13,39.88,27.12,50.0,0.06,0.46
1985-05-14,39.52,27.39,52.31,0.2,0.46
1985-05-15,37.51,28.4,52.79,0.2,0.46
1985-05-16,33.58,28.49,58.17,0.6,0.46
1985-05-17,33.89,27.36,68.51,13.76,0.47
1985-05-18,29.76,25.65,80.92,13.12,0.5
1985-05-19,32.18,25.03,72.98,0.41,0.51
1985-05-20,32.66,25.48,74.64,13.13,0.51
1985-05-21,33.77,25.29,73.21,14.12,0.54
1985-05-22,32.82,25.61,77.16,14.61,0.55
1985-05-23,30.46,26.58,87.29,15.92,0.57
1985-05-24,29.66,26.54,88.81,12.39,0.59
1985-05-25,32.89,25.85,75.93,0.16,0.59
1985-05-26,31.17,25.95,79.6,1.57,0.59
1985-05-27,30.84,25.31,84.69,23.49,0.61
1985-05-28,30.54,26.11,84.05,2.98,0.62
1985-05-29,31.41,25.63,84.31,6.53,0.63
1985-05-30,29.79,26.32,87.8,12.18,0.64
1985-05-31,31.12,25.92,83.85,6.6,0.65
1985-06-01,29.72,26.17,89.97,9.9,0.66
1985-06-02,30.27,25.94,86.72,3.85,0.66
1985-06-03,31.39,25.49,84.42,8.68,0.67
1985-06-04,30.39,25.75,84.39,0.78,0.67
1985-06-05,29.61,24.87,86.15,0.32,0.67
1985-06-06,30.22,24.79,80.43,0.74,0.66
1985-06-07,30.81,25.0,84.6,15.35,0.67
1985-06-08,29.46,25.25,90.46,27.33,0.71
1985-06-09,29.24,24.56,87.41,11.24,0.73
1985-06-10,30.3,23.73,84.07,2.76,0.73
1985-06-11,30.47,24.84,83.03,6.49,0.73
1985-06-12,31.27,23.82,80.88,1.51,0.73
1985-06-13,30.72,25.51,83.89,17.33,0.73
1985-06-14,29.8,24.87,86.85,19.59,0.76
1985-06-15,30.74,24.15,85.11,14.77,0.77
1985-06-16,30.16,25.11,88.8,13.33,0.79
1985-06-17,30.0,24.38,85.57,10.3,0.79
1985-06-18,29.39,24.18,84.96,6.25,0.8
1985-06-19,28.93,23.32,85.19,0.18,0.79
1985-06-20,30.52,24.42,87.46,1.23,0.79
1985-06-21,29.32,24.13,87.53,1.33,0.78
1985-06-22,30.59,25.13,85.36,9.36,0.78
1985-06-23,29.7,24.87,89.04,6.94,0.79
1985-06-24,29.2,25.5,88.18,10.59,0.79
1985-06-25,28.5,25.4,90.23,0.91,0.8
1985-06-26,28.29,24.69,91.57,3.43,0.8
1985-06-27,28.82,24.55,89.32,2.09,0.79
1985-06-28,29.09,24.69,89.93,15.62,0.8
1985-06-29,27.94,25.05,91.67,22.81,0.83
1985-06-30,28.27,25.04,91.1,5.43,0.84
1985-07-01,28.83,23.95,88.02,11.61,0.85
1985-07-02,29.07,23.72,89.95,30.68,0.86
1985-07-03,27.78,23.7,89.83,7.0,0.88
1985-07-04,28.31,24.12,88.55,2.75,0.87
1985-07-05,28.44,23.72,88.67,4.4,0.87
1985-07-06,28.21,23.75,89.73,2.66,0.87
1985-07-07,28.43,23.98,89.25,3.49,0.87
1985-07-08,28.48,23.76,89.78,14.43,0.87
1985-07-09,28.31,23.97,89.37,2.6,0.88
1985-07-10,30.27,23.17,83.72,2.32,0.87
1985-07-11,29.19,22.81,85.77,11.63,0.87
1985-07-12,28.66,23.57,87.57,3.68,0.87
1985-07-13,27.51,23.25,87.9,4.61,0.87
1985-07-14,29.5,22.32,87.34,15.82,0.87
1985-07-15,29.65,22.95,85.4,2.39,0.88
1985-07-16,29.71,22.35,83.84,0.51,0.87
1985-07-17,30.85,23.22,83.61,27.52,0.87
1985-07-18,28.56,23.76,89.86,33.75,0.9
1985-07-19,28.69,23.9,88.01,2.33,0.91
1985-07-20,29.3,22.98,86.72,5.17,0.9
1985-07-21,29.04,23.27,88.06,1.84,0.9
1985-07-22,30.22,22.9,85.64,3.29,0.89
1985-07-23,30.59,23.91,84.74,0.96,0.88
1985-07-24,28.57,23.64,87.15,0.22,0.88
1985-07-25,30.75,22.6,83.49,2.94,0.87
1985-07-26,30.84,23.14,83.11,0.82,0.86
1985-07-27,30.46,23.35,85.49,0.78,0.86
1985-07-28,28.62,24.19,89.57,7.55,0.85
1985-07-29,28.43,24.31,89.41,7.63,0.86
1985-07-30,29.36,23.98,87.16,5.01,0.86
1985-07-31,29.53,24.24,87.21,6.22,0.86
1985-08-01,30.23,24.37,86.35,1.21,0.85
1985-08-02,30.52,24.05,85.69,3.46,0.85
1985-08-03,28.93,24.13,88.4,2.27,0.84
1985-08-04,28.9,23.84,87.32,0.66,0.84
1985-08-05,29.16,23.71,88.0,3.07,0.83
1985-08-06,30.21,24.11,88.0,4.25,0.83
1985-08-07,28.73,24.39,89.57,11.09,0.84
1985-08-08,31.32,24.16,83.32,0.73,0.84
1985-08-09,29.17,24.19,87.98,1.42,0.83
1985-08-10,27.76,24.56,90.54,14.67,0.83
1985-08-11,29.0,23.71,88.22,0.27,0.84
1985-08-12,29.07,23.95,88.99,1.11,0.83
1985-08-13,27.81,24.64,93.59,27.14,0.85
1985-08-14,28.49,24.76,92.72,15.42,0.87
1985-08-15,28.59,24.13,90.79,1.92,0.87
1985-08-16,29.79,24.32,89.75,8.85,0.87
1985-08-17,30.26,24.77,89.34,19.46,0.88
1985-08-18,28.38,24.83,92.66,17.0,0.89
1985-08-19,29.41,24.23,88.75,115.06,0.93
1985-08-20,29.61,24.25,88.44,24.38,0.96
1985-08-21,28.9,23.78,89.15,0.45,0.95
1985-08-22,29.48,23.03,88.57,9.47,0.95
1985-08-23,30.51,23.89,90.47,1.11,0.94
1985-08-24,29.4,24.33,89.63,32.43,0.95
1985-08-25,28.14,24.37,92.99,4.45,0.96
1985-08-26,28.82,24.02,92.27,1.07,0.95
1985-08-27,28.7,24.32,92.76,9.12,0.95
1985-08-28,28.16,24.9,94.04,18.15,0.96
1985-08-29,27.94,24.58,94.05,29.28,0.98
1985-08-30,30.05,23.99,89.9,7.23,0.98
1985-08-31,29.85,23.26,88.17,11.99,0.97
1985-09-01,29.75,23.5,89.15,0.15,0.97
1985-09-02,29.89,23.76,88.03,0.18,0.96
1985-09-03,30.21,23.5,87.97,0.06,0.95
1985-09-04,28.33,23.11,89.81,2.6,0.95
1985-09-05,29.58,24.12,90.26,42.27,0.96
1985-09-06,30.31,23.67,89.54,9.06,0.97
1985-09-07,29.76,23.26,89.08,0.84,0.96
1985-09-08,29.42,23.41,92.42,1.12,0.95
1985-09-09,28.76,24.39,92.75,9.29,0.96
1985-09-10,28.47,24.22,88.27,23.36,0.97
1985-09-11,29.74,23.44,89.72,23.07,0.98
1985-09-12,29.09,23.66,90.19,1.01,0.97
1985-09-13,29.08,23.02,90.26,1.62,0.97
1985-09-14,29.3,24.03,88.64,2.2,0.96
1985-09-15,29.61,23.14,82.78,1.82,0.96
1985-09-16,28.19,22.99,90.69,18.47,0.96
1985-09-17,30.45,23.53,86.23,17.96,0.97
1985-09-18,27.69,24.25,94.32,21.87,0.98
1985-09-19,28.4,23.69,92.0,3.31,0.97
1985-09-20,29.26,23.6,88.41,0.0,0.97
1985-09-21,30.65,23.25,84.82,0.0,0.96
1985-09-22,29.67,23.78,87.46,0.67,0.96
1985-09-23,28.16,24.0,90.45,0.79,0.95
1985-09-24,30.03,24.1,82.5,1.46,0.95
1985-09-25,30.36,23.78,80.83,0.56,0.95
1985-09-26,30.91,23.3,81.42,0.0,0.93
1985-09-27,31.78,23.3,82.26,0.03,0.92
1985-09-28,31.22,23.7,83.88,1.55,0.92
1985-09-29,30.44,24.29,83.84,0.66,0.91
1985-09-30,30.48,23.45,84.21,0.35,0.9
1985-10-01,30.62,23.64,84.89,3.1,0.9
1985-10-02,29.71,23.21,86.98,0.34,0.89
1985-10-03,29.22,23.35,85.67,2.87,0.88
1985-10-04,28.17,23.53,82.69,0.01,0.88
1985-10-05,30.55,22.46,79.53,0.04,0.87
1985-10-06,30.74,23.36,81.31,0.0,0.86
1985-10-07,30.4,23.8,79.99,0.0,0.85
1985-10-08,30.31,23.52,81.02,0.0,0.84
1985-10-09,27.98,24.13,90.29,0.0,0.83
1985-10-10,30.67,23.85,88.28,0.01,0.83
1985-10-11,30.41,23.63,84.72,0.16,0.82
1985-10-12,31.66,24.33,81.96,0.27,0.81
1985-10-13,29.59,24.82,88.8,1.2,0.81
1985-10-14,28.41,24.67,89.72,2.62,0.8
1985-10-15,28.06,23.83,90.74,2.61,0.8
1985-10-16,29.66,23.43,87.68,8.67,0.81
1985-10-17,29.51,23.63,89.48,14.63,0.81
1985-10-18,26.82,23.37,90.56,2.61,0.82
1985-10-19,29.62,22.63,85.38,33.81,0.84
1985-10-20,30.5,22.32,82.53,0.73,0.85
1985-10-21,30.61,22.86,80.68,3.48,0.84
1985-10-22,29.4,23.04,82.54,6.52,0.84
1985-10-23,27.83,22.87,87.78,0.06,0.84
1985-10-24,28.38,23.11,86.46,0.04,0.83
1985-10-25,29.97,22.03,84.42,0.0,0.82
1985-10-26,30.54,22.77,84.5,0.0,0.82
1985-10-27,30.77,22.73,82.24,0.0,0.81
1985-10-28,30.9,22.83,83.31,0.05,0.8
1985-10-29,31.02,23.04,82.67,0.56,0.79
1985-10-30,30.79,22.52,84.63,0.05,0.78
1985-10-31,30.53,23.56,80.63,0.13,0.77
1985-11-01,29.85,23.2,81.82,0.04,0.76
1985-11-02,29.55,22.31,83.75,0.0,0.75
1985-11-03,30.15,22.02,81.06,0.0,0.74
1985-11-04,30.23,22.69,79.49,0.0,0.74
1985-11-05,30.87,21.5,79.53,0.0,0.73
1985-11-06,30.39,22.09,79.15,0.0,0.72
1985-11-07,30.77,22.1,78.27,0.0,0.72
1985-11-08,31.72,21.97,76.78,0.0,0.71
1985-11-09,31.61,22.4,79.03,0.0,0.7
1985-11-10,30.45,22.89,82.74,0.0,0.69
1985-11-11,29.05,23.69,81.66,0.77,0.69
1985-11-12,27.79,22.69,86.94,15.31,0.7
1985-11-13,27.75,22.45,91.34,65.0,0.74
1985-11-14,26.81,23.95,93.39,110.47,0.84
1985-11-15,27.62,23.66,89.89,3.56,0.87
1985-11-16,28.57,23.01,85.75,20.99,0.88
1985-11-17,29.3,21.31,79.59,0.0,0.88
1985-11-18,29.53,22.02,80.86,0.33,0.87
1985-11-19,28.66,22.28,84.19,0.91,0.86
1985-11-20,28.91,21.93,87.64,0.17,0.85
1985-11-21,29.34,21.3,86.52,0.0,0.85
1985-11-22,27.36,17.79,80.95,0.0,0.84
1985-11-23,25.66,14.79,72.87,0.01,0.83
1985-11-24,26.54,15.64,73.11,0.0,0.82
1985-11-25,27.98,16.79,79.47,0.0,0.82
1985-11-26,28.68,19.53,80.35,0.0,0.81
1985-11-27,29.13,18.96,77.98,0.0,0.8
1985-11-28,29.71,20.05,80.8,0.0,0.79
1985-11-29,29.74,21.75,84.41,0.0,0.79
1985-11-30,29.11,22.49,86.36,0.02,0.78
1985-12-01,27.7,22.09,87.38,0.02,0.78
1985-12-02,28.68,21.03,85.31,0.97,0.77
1985-12-03,28.37,21.71,84.18,0.0,0.77
1985-12-04,29.41,20.96,81.18,0.0,0.76
1985-12-05,29.52,20.34,78.04,0.0,0.75
1985-12-06,29.09,18.81,74.94,0.0,0.74
1985-12-07,29.07,17.59,74.26,0.0,0.74
1985-12-08,29.37,17.72,72.2,0.0,0.73
1985-12-09,29.36,18.65,76.27,0.0,0.72
1985-12-10,29.36,19.29,76.74,0.0,0.72
1985-12-11,28.98,20.14,76.47,0.0,0.71
1985-12-12,29.67,17.63,71.67,0.0,0.71
1985-12-13,29.56,18.29,67.32,0.0,0.7
1985-12-14,29.28,17.64,76.45,0.0,0.69
1985-12-15,26.98,19.17,80.75,0.0,0.69
1985-12-16,25.86,17.21,75.87,0.0,0.68
1985-12-17,26.37,16.84,73.1,0.0,0.67
1985-12-18,28.03,16.56,71.63,0.0,0.67
1985-12-19,28.47,18.48,73.35,0.0,0.66
1985-12-20,28.43,18.72,76.56,0.0,0.66
1985-12-21,29.16,17.86,77.7,0.0,0.65
1985-12-22,29.08,18.15,80.3,0.0,0.65
1985-12-23,28.74,18.34,80.19,0.0,0.64
1985-12-24,25.86,17.58,71.59,0.0,0.64
1985-12-25,26.61,14.71,68.55,0.0,0.63
1985-12-26,28.21,15.95,71.48,0.0,0.63
1985-12-27,28.67,16.43,69.6,0.0,0.62
1985-12-28,28.95,16.58,68.55,0.0,0.62
1985-12-29,29.32,15.72,68.99,0.0,0.61
1985-12-30,29.47,16.85,71.31,0.0,0.61
1985-12-31,29.53,16.28,71.45,0.0,0.6
1986-01-01,29.58,15.17,69.74,0.0,0.6
1986-01-02,29.9,16.82,73.59,0.0,0.6
1986-01-03,29.8,16.58,73.36,0.0,0.59
1986-01-04,29.19,17.45,73.66,0.0,0.59
1986-01-05,27.42,16.0,74.56,0.0,0.58
1986-01-06,26.65,14.53,71.69,0.0,0.58
1986-01-07,25.05,15.81,71.92,0.0,0.58
1986-01-08,27.15,13.75,69.87,0.0,0.57
1986-01-09,26.82,13.58,71.93,0.0,0.57
1986-01-10,27.32,13.82,73.57,0.0,0.57
1986-01-11,28.58,13.98,71.88,0.0,0.56
1986-01-12,29.39,14.64,69.44,0.0,0.56
1986-01-13,30.5,15.14,67.04,0.0,0.55
1986-01-14,31.54,16.21,65.47,0.0,0.55
1986-01-15,31.92,18.36,69.93,0.0,0.55
1986-01-16,31.69,18.76,67.87,0.0,0.54
1986-01-17,31.8,18.39,67.01,0.0,0.54
1986-01-18,32.37,18.92,66.65,0.0,0.54
1986-01-19,33.01,18.96,62.04,0.0,0.53
1986-01-20,33.8,17.84,58.3,0.0,0.53
1986-01-21,34.7,17.35,53.67,0.0,0.53
1986-01-22,34.24,17.27,54.24,0.0,0.52
1986-01-23,32.63,17.37,56.95,0.0,0.52
1986-01-24,32.48,16.47,58.12,0.0,0.52
1986-01-25,32.58,16.13,58.99,0.0,0.51
1986-01-26,32.75,17.81,63.74,0.0,0.51
1986-01-27,33.12,19.16,61.95,0.0,0.51
1986-01-28,32.16,19.47,64.86,0.0,0.5
1986-01-29,33.15,19.21,61.17,0.0,0.5
1986-01-30,32.83,17.92,58.22,0.0,0.5
1986-01-31,32.63,16.7,57.65,0.0,0.49
1986-02-01,32.42,17.61,63.31,0.0,0.49
1986-02-02,32.88,18.88,63.18,0.0,0.49
1986-02-03,32.98,18.44,60.29,0.0,0.49
1986-02-04,33.87,18.32,59.54,0.0,0.48
1986-02-05,34.38,18.95,57.98,0.0,0.48
1986-02-06,34.9,18.9,55.78,0.0,0.48
1986-02-07,35.61,18.84,54.11,0.0,0.48
1986-02-08,36.17,19.3,53.49,0.0,0.48
1986-02-09,35.9,20.76,55.94,0.0,0.47
1986-02-10,36.79,21.94,55.5,0.0,0.47
1986-02-11,34.96,24.11,55.33,0.0,0.47
1986-02-12,36.47,22.11,52.3,0.0,0.47
1986-02-13,36.75,21.33,47.13,0.0,0.47
1986-02-14,36.42,19.06,44.42,0.0,0.47
1986-02-15,36.36,19.61,51.93,0.0,0.47
1986-02-16,36.56,19.84,48.6,0.0,0.47
1986-02-17,36.68,20.83,48.48,0.0,0.47
1986-02-18,36.54,21.65,33.83,0.0,0.46
1986-02-19,34.38,16.81,36.41,0.0,0.46
1986-02-20,35.49,15.7,39.74,0.0,0.46
1986-02-21,35.83,18.66,49.64,0.0,0.46
1986-02-22,35.81,19.0,49.08,0.0,0.46
1986-02-23,36.59,18.58,41.28,0.0,0.46
1986-02-24,37.14,17.44,37.89,0.0,0.46
1986-02-25,37.33,17.82,40.31,0.0,0.46
1986-02-26,36.94,20.27,45.15,0.0,0.46
1986-02-27,37.09,21.19,46.13,0.0,0.46
1986-02-28,37.67,20.55,41.77,0.0,0.46
1986-03-01,37.79,21.18,41.73,0.0,0.46
1986-03-02,31.9,23.48,51.66,0.0,0.46
1986-03-03,31.6,21.0,36.68,0.01,0.46
1986-03-04,32.39,18.42,42.1,0.0,0.46
1986-03-05,33.66,18.82,40.76,0.0,0.46
1986-03-06,35.35,18.43,42.37,0.0,0.46
1986-03-07,36.55,19.98,45.4,0.0,0.46
1986-03-08,37.76,20.37,39.03,0.0,0.46
1986-03-09,36.49,21.72,39.83,0.0,0.46
1986-03-10,38.22,21.87,41.95,0.0,0.46
1986-03-11,38.97,22.72,40.75,0.0,0.46
1986-03-12,38.78,22.53,40.25,0.0,0.46
1986-03-13,39.17,19.76,39.07,0.0,0.46
1986-03-14,39.79,20.47,44.78,0.0,0.46
1986-03-15,39.98,21.14,48.46,0.0,0.46
1986-03-16,40.17,22.47,48.26,0.0,0.46
1986-03-17,40.09,20.57,46.85,0.0,0.46
1986-03-18,40.55,21.87,43.56,0.0,0.46
1986-03-19,40.31,20.56,45.72,0.0,0.46
1986-03-20,40.13,21.77,48.72,0.0,0.45
1986-03-21,40.32,22.16,47.36,0.0,0.45
1986-03-22,41.14,22.47,47.0,0.0,0.45
1986-03-23,41.47,23.97,44.01,0.0,0.45
1986-03-24,40.95,22.93,43.51,0.0,0.45
1986-03-25,37.75,24.39,50.58,0.0,0.45
1986-03-26,41.4,22.71,44.86,0.0,0.45
1986-03-27,41.26,23.12,44.87,0.0,0.45
1986-03-28,41.09,23.33,44.13,0.0,0.45
1986-03-29,40.94,23.56,45.7,1.46,0.46
1986-03-30,40.09,22.34,48.83,0.0,0.46
1986-03-31,40.44,23.63,52.66,0.0,0.46
1986-04-01,39.33,25.45,54.88,0.0,0.46
1986-04-02,41.44,24.7,50.17,0.0,0.46
1986-04-03,41.61,24.97,48.98,0.0,0.46
1986-04-04,41.87,25.67,45.65,0.02,0.46
1986-04-05,40.98,26.56,45.08,1.53,0.46
1986-04-06,38.82,27.12,49.61,0.06,0.46
1986-04-07,39.68,26.53,46.85,0.01,0.46
1986-04-08,40.96,26.61,41.43,0.01,0.46
1986-04-09,41.01,25.78,42.3,0.0,0.46
1986-04-10,40.86,24.38,48.96,0.0,0.46
1986-04-11,41.83,24.38,45.37,0.0,0.46
1986-04-12,42.12,24.82,45.99,0.0,0.46
1986-04-13,39.27,25.19,50.3,0.0,0.46
1986-04-14,40.97,25.77,47.49,0.0,0.46
1986-04-15,40.53,26.19,46.56,0.0,0.46
1986-04-16,41.27,26.79,45.13,0.0,0.46
1986-04-17,39.1,25.97,52.4,0.0,0.46
1986-04-18,39.21,26.97,49.35,0.0,0.46
1986-04-19,35.87,27.98,53.04,0.08,0.46
1986-04-20,39.46,26.77,47.18,0.05,0.46
1986-04-21,39.4,26.33,48.93,0.03,0.46
1986-04-22,39.74,26.8,47.47,0.0,0.46
1986-04-23,38.98,27.59,50.86,0.22,0.46
1986-04-24,39.97,27.24,47.33,0.01,0.46
1986-04-25,40.33,27.51,42.63,0.0,0.46
1986-04-26,40.29,26.7,42.97,0.01,0.46
1986-04-27,39.77,26.92,47.37,0.0,0.46
1986-04-28,37.01,26.37,49.22,0.13,0.46
1986-04-29,34.64,26.4,57.16,1.02,0.46
1986-04-30,39.28,26.75,49.77,0.21,0.46
1986-05-01,39.42,27.7,44.53,0.06,0.46
1986-05-02,40.49,26.88,43.59,0.0,0.46
1986-05-03,40.58,26.55,44.42,0.02,0.46
1986-05-04,40.9,27.65,46.97,0.0,0.46
1986-05-05,39.45,28.05,52.31,0.16,0.46
1986-05-06,36.57,28.07,56.53,0.67,0.46
1986-05-07,31.69,26.05,71.05,18.61,0.48
1986-05-08,35.25,24.6,65.1,1.25,0.49
1986-05-09,36.71,25.12,65.62,14.46,0.5
1986-05-10,36.84,25.77,61.92,5.04,0.51
1986-05-11,36.49,25.46,61.04,0.18,0.51
1986-05-12,37.25,26.38,60.2,0.85,0.5
1986-05-13,33.35,26.32,69.18,9.24,0.51
1986-05-14,37.54,24.93,59.02,0.82,0.51
1986-05-15,36.89,25.88,59.79,0.09,0.5
1986-05-16,36.38,25.89,61.07,0.87,0.5
1986-05-17,36.49,26.33,63.77,6.51,0.5
1986-05-18,34.17,26.17,71.35,12.12,0.51
1986-05-19,34.66,26.44,67.53,0.69,0.52
1986-05-20,32.83,26.59,69.63,0.66,0.51
1986-05-21,35.77,26.39,62.07,1.12,0.51
1986-05-22,33.06,25.63,73.57,15.27,0.52
1986-05-23,34.07,25.2,75.3,16.96,0.54
1986-05-24,33.74,25.49,71.36,1.28,0.55
1986-05-25,36.02,25.72,66.7,7.29,0.56
1986-05-26,37.99,25.51,61.63,0.03,0.55
1986-05-27,37.95,25.02,59.7,0.0,0.54
1986-05-28,37.86,25.26,60.37,0.01,0.54
1986-05-29,37.9,25.81,57.33,0.02,0.53
1986-05-30,37.8,25.12,56.32,0.0,0.53
1986-05-31,33.42,26.11,70.14,18.03,0.54
1986-06-01,37.51,24.67,65.1,0.0,0.55
1986-06-02,36.76,26.14,64.42,0.12,0.54
1986-06-03,35.46,26.11,66.78,0.02,0.53
1986-06-04,36.05,26.24,68.11,1.72,0.53
1986-06-05,33.36,25.99,70.16,1.57,0.53
1986-06-06,35.41,24.77,68.45,4.92,0.53
1986-06-07,34.4,25.14,72.43,5.78,0.54
1986-06-08,31.75,25.9,78.15,1.09,0.54
1986-06-09,31.76,25.61,79.56,1.61,0.53
1986-06-10,30.05,25.03,84.59,4.28,0.54
1986-06-11,33.33,24.82,75.88,2.08,0.54
1986-06-12,34.8,24.91,71.54,2.74,0.54
1986-06-13,31.45,25.64,77.08,2.24,0.54
1986-06-14,33.1,25.02,75.7,1.47,0.54
1986-06-15,32.34,26.19,78.03,0.9,0.54
1986-06-16,31.21,26.08,80.22,0.75,0.53
1986-06-17,32.99,25.58,76.6,2.12,0.53
1986-06-18,30.17,25.4,84.68,19.38,0.55
1986-06-19,30.86,25.06,82.85,4.1,0.57
1986-06-20,32.6,25.46,76.06,1.39,0.57
1986-06-21,32.25,25.74,74.69,0.28,0.56
1986-06-22,31.48,25.33,81.37,6.95,0.57
1986-06-23,32.44,25.02,77.35,4.6,0.57
1986-06-24,29.72,24.99,80.43,7.52,0.57
1986-06-25,31.55,24.81,79.51,12.04,0.59
1986-06-26,32.06,25.23,80.07,20.13,0.61
1986-06-27,31.31,25.46,82.16,16.21,0.64
1986-06-28,28.64,25.18,85.0,16.19,0.66
1986-06-29,32.78,24.33,76.86,1.08,0.66
1986-06-30,32.88,24.97,78.3,5.94,0.65
1986-07-01,33.93,24.56,74.89,0.94,0.65
1986-07-02,33.72,24.64,75.62,1.44,0.64
1986-07-03,31.33,25.16,80.35,10.26,0.65
1986-07-04,30.83,25.02,83.56,32.27,0.68
1986-07-05,28.87,24.65,89.08,9.01,0.71
1986-07-06,31.92,25.06,82.5,3.28,0.71
1986-07-07,31.33,25.03,79.52,0.55,0.7
1986-07-08,32.32,24.71,79.09,0.23,0.69
1986-07-09,31.85,25.07,78.72,1.21,0.68
1986-07-10,31.08,24.74,80.92,8.36,0.68
1986-07-11,27.91,24.04,85.56,2.71,0.69
1986-07-12,31.25,23.28,81.46,7.12,0.69
1986-07-13,30.24,24.2,85.09,1.23,0.69
1986-07-14,30.99,24.09,82.3,0.44,0.68
1986-07-15,31.75,23.43,81.53,0.28,0.68
1986-07-16,31.07,24.32,81.23,0.74,0.67
1986-07-17,29.5,24.78,86.58,9.92,0.68
1986-07-18,30.1,25.24,86.28,3.62,0.68
1986-07-19,30.34,24.87,85.42,5.99,0.69
1986-07-20,29.85,24.48,84.19,1.15,0.69
1986-07-21,29.95,24.33,85.06,11.59,0.69
1986-07-22,31.32,23.89,80.15,6.44,0.7
1986-07-23,30.18,23.73,80.9,4.38,0.7
1986-07-24,30.07,23.78,81.99,2.55,0.7
1986-07-25,28.8,23.87,85.91,1.22,0.69
1986-07-26,29.23,23.37,84.11,7.6,0.7
1986-07-27,28.0,23.17,87.42,30.61,0.72
1986-07-28,29.49,23.51,84.12,2.81,0.74
1986-07-29,28.84,22.95,88.45,31.9,0.76
1986-07-30,29.38,23.7,85.84,0.01,0.77
1986-07-31,30.95,23.22,81.84,0.04,0.76
1986-08-01,30.76,23.83,82.9,2.58,0.76
1986-08-02,31.23,25.05,83.76,2.72,0.75
1986-08-03,29.51,25.22,88.91,0.65,0.75
1986-08-04,29.45,24.14,86.94,3.26,0.75
1986-08-05,31.45,23.23,80.59,0.15,0.74
1986-08-06,32.32,23.95,79.71,2.78,0.73
1986-08-07,28.35,24.44,90.31,27.71,0.76
1986-08-08,29.48,24.01,86.94,7.07,0.77
1986-08-09,30.58,23.47,86.47,10.85,0.78
1986-08-10,29.75,24.65,89.07,3.95,0.78
1986-08-11,29.65,24.72,88.01,1.2,0.77
1986-08-12,29.69,24.82,87.84,12.15,0.78
1986-08-13,29.42,24.47,87.05,0.35,0.78
1986-08-14,30.78,24.17,85.19,3.76,0.78
1986-08-15,29.06,24.31,88.16,3.56,0.77
1986-08-16,28.87,23.91,86.82,4.93,0.77
1986-08-17,30.61,23.14,84.74,0.2,0.77
1986-08-18,30.75,23.91,84.41,1.2,0.76
1986-08-19,30.77,23.58,85.54,5.18,0.76
1986-08-20,32.08,24.14,84.37,7.26,0.76
1986-08-21,31.52,24.36,83.21,0.5,0.76
1986-08-22,30.34,24.43,86.48,8.13,0.76
1986-08-23,30.82,24.61,85.02,2.91,0.76
1986-08-24,31.4,23.9,82.88,1.24,0.75
1986-08-25,29.74,24.18,84.61,3.31,0.75
1986-08-26,30.68,23.82,83.27,5.78,0.75
1986-08-27,31.08,23.44,84.1,2.97,0.74
1986-08-28,30.29,23.65,87.59,15.06,0.76
1986-08-29,30.48,24.83,86.85,1.13,0.76
1986-08-30,29.17,24.61,88.37,0.51,0.75
1986-08-31,29.97,24.07,86.72,4.08,0.75
1986-09-01,30.31,24.09,85.78,0.52,0.75
1986-09-02,30.03,24.57,87.59,14.31,0.75
1986-09-03,29.27,24.26,86.8,3.14,0.76
1986-09-04,29.34,24.3,90.6,0.49,0.76
1986-09-05,30.69,24.89,85.61,0.07,0.75
1986-09-06,30.9,24.51,86.88,1.76,0.75
1986-09-07,29.99,24.52,88.76,10.21,0.75
1986-09-08,29.42,24.01,90.68,1.15,0.75
1986-09-09,29.13,24.12,89.13,11.08,0.75
1986-09-10,28.07,23.18,90.06,18.07,0.78
1986-09-11,28.46,22.76,90.2,3.41,0.78
1986-09-12,30.25,23.45,85.28,0.0,0.78
1986-09-13,31.75,23.35,80.98,0.03,0.77
1986-09-14,31.21,23.78,82.29,0.0,0.76
1986-09-15,31.65,24.21,81.28,0.18,0.75
1986-09-16,31.8,24.1,81.72,1.3,0.74
1986-09-17,32.98,23.79,78.56,0.02,0.74
1986-09-18,32.26,24.37,79.78,0.98,0.73
1986-09-19,32.79,23.85,80.06,3.07,0.72
1986-09-20,29.84,24.36,83.91,27.18,0.75
1986-09-21,30.28,24.03,82.33,5.48,0.76
1986-09-22,30.99,23.08,79.69,8.51,0.76
1986-09-23,29.96,22.84,86.17,100.66,0.79
1986-09-24,31.62,23.73,80.68,0.0,0.8
1986-09-25,30.8,23.2,79.45,0.0,0.79
1986-09-26,32.33,22.82,78.04,0.0,0.78
1986-09-27,31.32,24.51,82.79,0.0,0.77
1986-09-28,31.56,24.2,83.25,0.0,0.76
1986-09-29,31.49,23.97,82.42,0.08,0.75
1986-09-30,29.6,24.36,86.83,2.21,0.75
1986-10-01,31.34,23.56,82.63,1.71,0.74
1986-10-02,31.44,24.37,81.64,0.22,0.73
1986-10-03,29.07,24.62,87.28,0.52,0.73
1986-10-04,29.71,24.15,85.66,3.19,0.73
1986-10-05,30.32,23.9,83.56,0.28,0.72
1986-10-06,30.14,24.24,85.08,0.04,0.72
1986-10-07,31.18,23.29,83.1,1.74,0.71
1986-10-08,30.37,23.93,84.47,0.15,0.71
1986-10-09,31.48,23.55,82.86,0.79,0.7
1986-10-10,30.87,23.86,83.29,1.84,0.7
1986-10-11,31.47,24.1,81.76,0.31,0.69
1986-10-12,31.76,23.62,79.43,0.9,0.69
1986-10-13,30.49,24.37,82.31,0.01,0.68
1986-10-14,31.35,23.42,77.0,1.32,0.68
1986-10-15,32.03,23.41,78.01,5.15,0.68
1986-10-16,33.04,23.24,75.79,0.0,0.67
1986-10-17,34.09,23.22,72.95,0.0,0.66
1986-10-18,34.44,23.73,72.86,0.0,0.65
1986-10-19,33.94,24.17,72.92,0.0,0.65
1986-10-20,33.5,23.39,74.13,0.0,0.64
1986-10-21,34.26,24.53,71.46,0.0,0.63
1986-10-22,33.61,24.13,71.84,0.0,0.63
1986-10-23,35.21,24.8,69.86,1.85,0.62
1986-10-24,27.84,24.33,90.97,16.43,0.64
1986-10-25,32.94,23.83,73.73,0.23,0.64
1986-10-26,32.54,24.09,75.99,0.01,0.64
1986-10-27,32.52,24.59,75.86,0.08,0.63
1986-10-28,32.22,24.11,77.19,1.94,0.63
1986-10-29,32.52,24.0,76.12,0.11,0.62
1986-10-30,30.68,22.85,72.01,0.0,0.61
1986-10-31,32.56,22.59,72.05,0.0,0.61
1986-11-01,32.85,23.56,72.54,0.0,0.6
1986-11-02,33.57,23.29,74.12,0.0,0.6
1986-11-03,33.66,24.9,73.44,0.0,0.59
1986-11-04,33.59,23.9,75.35,0.0,0.59
1986-11-05,31.73,24.11,76.72,0.0,0.58
1986-11-06,31.71,23.06,74.66,0.0,0.58
1986-11-07,33.22,24.36,71.19,0.01,0.58
1986-11-08,33.69,23.69,75.67,1.27,0.57
1986-11-09,34.4,22.93,73.99,0.01,0.57
1986-11-10,32.71,24.52,76.43,0.85,0.56
1986-11-11,33.74,23.2,73.91,1.63,0.56
1986-11-12,34.03,22.58,71.6,0.0,0.56
1986-11-13,34.15,23.09,70.2,0.0,0.55
1986-11-14,34.0,21.92,63.09,0.0,0.55
1986-11-15,34.45,20.96,62.49,0.0,0.54
1986-11-16,33.84,21.24,66.34,0.0,0.54
1986-11-17,33.63,21.41,69.1,0.0,0.53
1986-11-18,32.97,21.53,69.16,0.0,0.53
1986-11-19,34.09,22.03,66.31,0.0,0.53
1986-11-20,33.38,22.69,68.12,0.01,0.52
1986-11-21,33.3,23.71,66.6,0.35,0.52
1986-11-22,33.37,22.36,66.7,0.0,0.52
1986-11-23,34.06,22.14,62.92,0.0,0.51
1986-11-24,32.74,23.01,64.37,0.0,0.51
1986-11-25,32.23,22.98,62.61,0.0,0.51
1986-11-26,33.61,20.3,63.02,0.0,0.5
1986-11-27,33.75,21.23,63.33,0.0,0.5
1986-11-28,34.47,22.0,63.24,0.0,0.5
1986-11-29,33.1,22.42,64.62,0.0,0.5
1986-11-30,32.33,22.67,58.08,0.0,0.49
1986-12-01,33.02,21.75,57.97,0.0,0.49
1986-12-02,34.54,21.67,59.29,0.0,0.49
1986-12-03,34.83,21.13,57.96,0.0,0.49
1986-12-04,32.95,21.54,62.51,0.37,0.48
1986-12-05,32.21,21.13,63.95,0.87,0.48
1986-12-06,33.72,22.12,63.16,0.0,0.48
1986-12-07,34.96,22.69,62.16,0.01,0.48
1986-12-08,33.63,23.59,65.37,0.08,0.48
1986-12-09,33.8,23.2,63.68,0.03,0.48
1986-12-10,32.82,23.29,59.97,0.03,0.48
1986-12-11,33.31,21.98,60.65,0.0,0.48
1986-12-12,33.22,21.6,62.91,0.0,0.48
1986-12-13,33.88,20.71,60.79,0.0,0.47
1986-12-14,34.39,19.86,58.09,0.0,0.47
1986-12-15,33.95,19.89,60.31,0.0,0.47
1986-12-16,34.19,19.74,57.77,0.0,0.47
1986-12-17,34.72,19.67,55.92,0.0,0.47
1986-12-18,34.86,18.95,51.53,0.0,0.47
1986-12-19,35.61,18.95,50.15,0.0,0.47
1986-12-20,35.25,21.3,51.03,0.0,0.47
1986-12-21,32.7,23.67,52.1,0.0,0.47
1986-12-22,34.8,20.85,54.39,0.0,0.47
1986-12-23,33.01,20.79,64.31,0.0,0.47
1986-12-24,34.09,21.05,59.74,0.0,0.47
1986-12-25,33.91,21.03,58.44,0.0,0.46
1986-12-26,34.36,20.01,54.56,0.0,0.46
1986-12-27,34.44,20.7,50.08,0.0,0.46
1986-12-28,34.25,21.96,52.97,0.0,0.46
1986-12-29,34.58,22.97,52.63,0.01,0.46
1986-12-30,34.11,23.79,53.48,0.91,0.46
1986-12-31,32.45,22.07,67.49,10.24,0.47
1987-01-01,30.73,20.17,69.17,0.01,0.48
1987-01-02,32.63,17.11,57.62,0.0,0.48
1987-01-03,32.09,16.29,54.24,0.0,0.47
1987-01-04,33.41,15.18,45.76,0.0,0.47
1987-01-05,34.26,15.25,47.83,0.0,0.47
1987-01-06,34.76,17.42,49.15,0.0,0.47
1987-01-07,35.66,21.57,50.14,0.0,0.47
1987-01-08,33.28,22.65,49.92,0.0,0.47
1987-01-09,34.14,19.05,50.62,0.0,0.46
1987-01-10,35.7,19.6,51.0,0.0,0.46
1987-01-11,36.46,20.35,47.7,0.0,0.46
1987-01-12,34.58,22.03,48.11,0.0,0.46
1987-01-13,33.98,21.7,57.34,0.0,0.46
1987-01-14,35.06,21.77,55.03,0.0,0.46
1987-01-15,34.25,20.01,55.23,0.0,0.46
1987-01-16,34.32,19.22,50.72,0.0,0.46
1987-01-17,34.37,19.3,49.39,0.0,0.46
1987-01-18,34.66,19.37,53.2,0.0,0.46
1987-01-19,34.52,19.49,51.52,0.0,0.46
1987-01-20,35.1,19.45,47.85,0.0,0.46
1987-01-21,34.82,19.18,50.24,0.0,0.46
1987-01-22,35.68,19.24,49.36,0.0,0.46
1987-01-23,36.68,19.65,48.02,0.0,0.46
1987-01-24,36.62,20.02,48.07,0.0,0.46
1987-01-25,35.64,21.57,55.15,0.63,0.46
1987-01-26,33.43,21.91,56.84,0.0,0.46
1987-01-27,31.86,21.29,52.79,0.5,0.46
1987-01-28,33.44,19.28,49.71,0.0,0.46
1987-01-29,34.48,20.11,52.42,0.0,0.46
1987-01-30,34.96,19.51,49.82,0.0,0.46
1987-01-31,35.13,18.65,50.7,0.0,0.46
1987-02-01,34.8,19.68,53.36,0.0,0.46
1987-02-02,32.36,21.2,51.95,0.0,0.46
1987-02-03,33.72,21.06,49.12,0.0,0.46
1987-02-04,32.2,20.54,58.32,0.0,0.46
1987-02-05,33.55,22.04,53.88,0.0,0.46
1987-02-06,33.86,20.8,54.51,0.0,0.46
1987-02-07,35.57,18.27,38.75,0.0,0.46
1987-02-08,35.64,19.61,40.26,0.0,0.46
1987-02-09,35.1,20.81,45.88,0.0,0.46
1987-02-10,35.14,20.16,49.83,0.0,0.46
1987-02-11,34.22,19.48,46.35,0.0,0.46
1987-02-12,35.22,16.54,43.41,0.0,0.46
1987-02-13,35.12,17.19,46.19,0.0,0.46
1987-02-14,35.95,17.16,46.81,0.0,0.46
1987-02-15,36.92,17.31,38.69,0.0,0.46
1987-02-16,36.74,17.81,36.85,0.0,0.46
1987-02-17,37.24,18.29,35.08,0.0,0.46
1987-02-18,37.33,19.39,37.35,0.0,0.46
1987-02-19,37.85,19.76,37.31,0.0,0.46
1987-02-20,39.37,19.71,35.97,0.0,0.46
1987-02-21,38.66,20.02,35.86,0.0,0.46
1987-02-22,38.7,20.68,33.03,0.0,0.46
1987-02-23,38.04,18.72,37.92,0.0,0.46
1987-02-24,38.79,18.69,43.62,0.0,0.46
1987-02-25,38.47,20.37,49.72,0.0,0.45
1987-02-26,38.33,20.38,45.84,0.0,0.45
1987-02-27,38.23,19.06,38.91,0.0,0.45
1987-02-28,38.15,19.17,42.95,0.0,0.45
1987-03-01,38.27,19.58,48.33,0.13,0.45
1987-03-02,34.16,23.03,58.33,9.21,0.46
1987-03-03,34.75,23.46,60.42,0.0,0.47
1987-03-04,35.9,22.92,52.17,0.12,0.47
1987-03-05,31.76,24.04,60.32,5.82,0.47
1987-03-06,34.9,21.99,60.31,0.0,0.47
1987-03-07,36.87,20.67,48.15,0.0,0.47
1987-03-08,37.04,20.81,42.05,0.0,0.47
1987-03-09,36.44,19.42,39.04,0.0,0.46
1987-03-10,38.14,19.33,45.32,0.0,0.46
1987-03-11,38.26,19.64,44.56,0.0,0.46
1987-03-12,38.68,20.21,44.0,0.0,0.46
1987-03-13,35.07,22.46,42.69,0.0,0.46
1987-03-14,39.04,21.19,41.89,0.0,0.46
1987-03-15,35.27,22.15,45.41,0.0,0.46
1987-03-16,37.12,19.51,48.51,0.0,0.46
1987-03-17,37.77,20.7,50.82,0.0,0.46
1987-03-18,37.87,22.16,54.67,0.0,0.46
1987-03-19,38.89,22.93,53.17,0.0,0.46
1987-03-20,39.29,22.31,50.75,0.0,0.46
1987-03-21,38.71,21.21,50.56,0.0,0.46
1987-03-22,39.21,22.66,52.0,0.0,0.46
1987-03-23,39.88,22.5,50.26,0.0,0.46
1987-03-24,39.74,22.88,46.4,0.0,0.46
1987-03-25,40.22,22.95,45.62,0.0,0.46
1987-03-26,40.58,22.77,48.33,0.0,0.46
1987-03-27,40.43,23.91,43.41,0.0,0.46
1987-03-28,38.62,24.35,49.02,0.0,0.46
1987-03-29,39.64,24.51,45.24,0.0,0.46
1987-03-30,39.88,24.19,46.99,0.0,0.46
1987-03-31,40.52,24.79,45.26,0.02,0.46
1987-04-01,40.85,24.99,40.9,0.0,0.46
1987-04-02,40.59,24.11,38.83,0.0,0.46
1987-04-03,39.64,22.8,46.72,0.0,0.46
1987-04-04,40.41,24.15,51.7,0.0,0.46
1987-04-05,40.4,24.99,54.34,0.0,0.46
1987-04-06,40.81,25.91,51.12,0.0,0.46
1987-04-07,40.54,24.82,51.84,0.12,0.46
1987-04-08,39.47,25.58,50.06,0.0,0.46
1987-04-09,38.69,25.54,49.62,0.0,0.46
1987-04-10,39.66,25.77,52.09,0.07,0.46
1987-04-11,40.2,26.22,49.46,0.0,0.46
1987-04-12,40.04,26.21,50.16,0.0,0.46
1987-04-13,41.62,25.46,48.69,0.0,0.45
1987-04-14,42.36,25.07,47.44,0.0,0.45
1987-04-15,42.65,25.94,46.9,0.35,0.46
1987-04-16,40.33,26.66,50.42,2.11,0.46
1987-04-17,38.09,28.27,52.32,0.03,0.46
1987-04-18,34.01,27.34,61.6,3.22,0.46
1987-04-19,37.57,27.01,50.02,0.0,0.46
1987-04-20,38.78,26.43,45.34,0.02,0.46
1987-04-21,36.77,26.88,49.92,10.6,0.47
1987-04-22,33.56,26.05,59.47,1.19,0.48
1987-04-23,35.77,24.86,59.22,0.0,0.47
1987-04-24,37.63,25.71,53.12,0.0,0.47
1987-04-25,39.54,25.01,51.41,0.0,0.47
1987-04-26,40.4,25.8,48.65,0.0,0.47
1987-04-27,39.34,27.93,48.71,0.84,0.46
1987-04-28,35.8,27.27,58.45,1.77,0.47
1987-04-29,31.0,24.95,63.37,0.82,0.47
1987-04-30,33.34,24.04,53.79,0.0,0.47
1987-05-01,37.01,26.01,48.07,0.0,0.46
1987-05-02,37.42,27.04,53.31,0.0,0.46
1987-05-03,34.18,26.77,58.19,0.71,0.46
1987-05-04,33.74,26.24,65.85,6.74,0.47
1987-05-05,35.65,25.42,66.35,4.47,0.48
1987-05-06,38.37,25.0,55.22,0.03,0.47
1987-05-07,38.35,23.76,52.52,0.0,0.47
1987-05-08,39.14,25.76,50.63,0.0,0.47
1987-05-09,40.4,26.28,47.87,0.0,0.46
1987-05-10,40.76,26.44,49.46,0.04,0.46
1987-05-11,39.73,27.61,50.36,0.14,0.46
1987-05-12,39.84,27.57,50.4,0.28,0.46
1987-05-13,40.7,28.19,44.98,1.25,0.46
1987-05-14,39.2,28.29,48.16,0.6,0.46
1987-05-15,41.14,28.13,43.53,0.0,0.46
1987-05-16,41.11,27.28,47.13,0.0,0.46
1987-05-17,41.45,27.01,47.65,0.0,0.46
1987-05-18,41.47,27.33,47.28,1.27,0.46
1987-05-19,38.84,28.27,50.95,0.01,0.46
1987-05-20,39.73,27.95,51.25,1.53,0.46
1987-05-21,41.15,27.82,47.01,0.0,0.46
1987-05-22,41.85,27.23,47.74,0.0,0.46
1987-05-23,42.03,28.03,48.91,0.0,0.46
1987-05-24,36.84,28.49,55.01,0.01,0.46
1987-05-25,39.84,27.91,51.82,0.05,0.46
1987-05-26,37.97,28.56,55.14,2.35,0.46
1987-05-27,32.69,26.92,73.84,19.38,0.48
1987-05-28,32.13,26.39,73.8,0.2,0.5
1987-05-29,35.01,25.62,68.98,1.27,0.49
1987-05-30,31.73,26.26,75.14,0.68,0.49
1987-05-31,31.19,26.78,80.4,10.44,0.5
1987-06-01,31.56,26.3,80.12,1.8,0.51
1987-06-02,30.01,26.13,84.57,17.72,0.52
1987-06-03,30.4,26.35,84.52,15.38,0.55
1987-06-04,33.84,26.36,75.45,3.85,0.56
1987-06-05,34.71,26.29,74.97,5.73,0.56
1987-06-06,34.56,26.26,74.71,1.15,0.56
1987-06-07,33.86,25.95,78.0,9.27,0.56
1987-06-08,32.4,26.03,80.71,9.78,0.57
1987-06-09,31.74,25.8,81.58,3.75,0.58
1987-06-10,30.25,26.77,84.62,15.9,0.59
1987-06-11,32.03,26.48,81.59,1.96,0.6
1987-06-12,31.41,26.31,83.06,4.54,0.6
1987-06-13,30.3,25.13,83.12,15.68,0.62
1987-06-14,31.11,24.78,80.65,8.5,0.63
1987-06-15,32.65,24.98,79.47,14.87,0.64
1987-06-16,30.33,25.8,85.55,10.66,0.65
1987-06-17,29.37,26.34,90.77,15.33,0.67
1987-06-18,31.03,25.54,84.6,9.76,0.69
1987-06-19,29.69,25.56,87.79,13.11,0.7
1987-06-20,29.79,25.8,86.2,22.4,0.72
1987-06-21,30.74,25.56,84.53,7.65,0.74
1987-06-22,32.54,25.19,79.73,0.76,0.73
1987-06-23,31.84,25.8,83.05,8.42,0.73
1987-06-24,32.86,25.49,81.96,1.25,0.72
1987-06-25,32.37,25.41,82.68,1.04,0.72
1987-06-26,31.1,25.96,85.87,3.47,0.71
1987-06-27,31.39,25.68,85.05,8.82,0.72
1987-06-28,31.97,25.66,83.83,0.7,0.72
1987-06-29,31.69,25.41,82.62,3.32,0.71
1987-06-30,29.49,25.44,89.32,9.26,0.72
1987-07-01,28.6,25.12,88.38,13.22,0.73
1987-07-02,31.28,25.11,82.73,2.33,0.73
1987-07-03,30.78,24.93,82.76,3.18,0.73
1987-07-04,31.44,24.6,79.6,2.18,0.72
1987-07-05,30.77,24.5,81.72,14.45,0.73
1987-07-06,30.85,24.34,81.92,6.13,0.73
1987-07-07,28.46,24.5,87.47,10.53,0.74
1987-07-08,31.43,24.42,80.93,6.6,0.75
1987-07-09,31.26,24.53,83.82,15.58,0.76
1987-07-10,30.54,24.66,85.08,11.3,0.76
1987-07-11,29.24,24.74,87.82,8.18,0.77
1987-07-12,30.77,24.18,84.22,0.99,0.77
1987-07-13,32.25,24.19,81.5,5.04,0.77
1987-07-14,31.41,24.57,82.94,5.6,0.76
1987-07-15,30.92,24.71,84.31,4.25,0.76
1987-07-16,29.56,24.65,86.36,5.09,0.76
1987-07-17,29.78,24.58,86.84,1.22,0.76
1987-07-18,31.72,24.61,81.38,5.3,0.76
1987-07-19,31.76,24.56,83.36,15.79,0.76
1987-07-20,32.54,24.8,81.23,3.53,0.77
1987-07-21,32.12,24.96,81.74,0.08,0.76
1987-07-22,32.16,24.96,82.01,1.46,0.75
1987-07-23,30.32,24.64,86.19,3.25,0.75
1987-07-24,30.8,24.7,83.01,2.29,0.75
1987-07-25,31.87,23.73,82.64,5.53,0.74
1987-07-26,32.17,24.83,81.59,0.03,0.74
1987-07-27,32.41,25.01,80.48,0.18,0.73
1987-07-28,32.2,25.31,82.1,5.02,0.73
1987-07-29,33.01,24.59,80.47,0.16,0.72
1987-07-30,30.89,25.38,83.44,0.83,0.71
1987-07-31,31.13,24.78,83.35,7.58,0.71
1987-08-01,28.58,24.49,87.87,4.53,0.72
1987-08-02,31.19,24.51,81.8,0.12,0.71
1987-08-03,30.65,24.7,81.68,1.05,0.71
1987-08-04,28.74,24.37,86.99,7.87,0.71
1987-08-05,30.56,23.95,83.86,6.64,0.72
1987-08-06,33.35,23.41,77.2,0.01,0.71
1987-08-07,33.85,24.3,77.04,0.42,0.7
1987-08-08,33.0,25.08,77.74,2.03,0.7
1987-08-09,33.7,24.81,76.23,0.19,0.69
1987-08-10,31.73,24.82,80.56,1.29,0.69
1987-08-11,32.55,25.14,79.9,2.28,0.68
1987-08-12,31.1,25.37,85.26,11.09,0.69
1987-08-13,33.09,24.35,79.26,0.03,0.69
1987-08-14,33.09,25.02,79.44,0.04,0.68
1987-08-15,33.85,25.38,79.23,14.07,0.68
1987-08-16,29.54,25.8,86.62,6.32,0.69
1987-08-17,31.33,25.22,81.89,2.62,0.69
1987-08-18,29.66,25.45,88.24,1.62,0.69
1987-08-19,31.07,25.69,84.2,1.7,0.69
1987-08-20,32.68,25.49,81.76,0.63,0.68
1987-08-21,32.06,25.35,82.11,0.39,0.68
1987-08-22,30.07,25.64,86.63,6.33,0.67
1987-08-23,29.71,25.19,90.97,53.26,0.73
1987-08-24,27.97,25.04,91.52,31.57,0.78
1987-08-25,27.94,25.29,93.77,45.1,0.83
1987-08-26,28.62,24.28,90.37,0.38,0.84
1987-08-27,28.98,23.95,89.57,1.3,0.84
1987-08-28,30.43,23.93,86.94,0.56,0.83
1987-08-29,28.77,23.74,88.17,0.71,0.82
1987-08-30,29.35,24.58,87.85,1.68,0.82
1987-08-31,30.86,24.63,84.98,2.14,0.81
1987-09-01,31.05,24.27,85.31,0.57,0.8
1987-09-02,30.32,24.82,86.24,0.04,0.8
1987-09-03,29.8,24.56,87.14,0.17,0.79
1987-09-04,31.05,24.38,84.86,0.0,0.78
1987-09-05,32.0,24.56,82.32,0.11,0.78
1987-09-06,31.35,25.27,83.77,0.32,0.77
1987-09-07,32.34,25.03,82.89,1.24,0.76
1987-09-08,30.06,24.67,86.86,0.89,0.76
1987-09-09,31.8,24.59,83.2,0.93,0.75
1987-09-10,29.74,23.98,85.99,0.16,0.74
1987-09-11,31.15,23.66,85.2,4.18,0.74
1987-09-12,30.63,24.37,87.57,37.88,0.76
1987-09-13,29.37,24.93,88.62,1.59,0.78
1987-09-14,31.68,24.76,85.1,3.31,0.78
1987-09-15,32.67,24.16,83.04,0.05,0.77
1987-09-16,33.3,24.63,80.17,2.64,0.76
1987-09-17,32.49,25.3,84.94,9.81,0.77
1987-09-18,31.29,25.42,84.1,0.85,0.77
1987-09-19,28.07,24.69,91.69,3.28,0.76
1987-09-20,28.21,24.18,91.61,16.43,0.78
1987-09-21,28.51,24.89,92.59,12.62,0.79
1987-09-22,28.23,24.82,92.52,7.51,0.8
1987-09-23,30.14,24.14,87.51,0.04,0.8
1987-09-24,31.02,24.18,84.17,0.01,0.79
1987-09-25,31.6,24.13,83.77,0.19,0.78
1987-09-26,30.16,25.04,84.01,0.46,0.78
1987-09-27,30.97,24.47,83.37,0.91,0.77
1987-09-28,31.38,23.04,83.91,0.24,0.76
1987-09-29,30.43,24.45,84.37,0.0,0.75
1987-09-30,31.55,24.1,82.17,0.11,0.75
1987-10-01,29.04,24.67,89.21,7.06,0.75
1987-10-02,29.91,24.59,87.87,9.11,0.76
1987-10-03,30.29,23.64,85.59,0.51,0.76
1987-10-04,29.86,23.94,88.19,5.93,0.76
1987-10-05,30.51,24.31,87.33,0.24,0.75
1987-10-06,30.84,24.27,85.11,0.35,0.74
1987-10-07,32.23,23.95,80.37,0.28,0.73
1987-10-08,32.13,23.68,80.41,0.93,0.73
1987-10-09,30.14,24.49,83.87,0.27,0.72
1987-10-10,31.05,24.4,83.71,0.07,0.72
1987-10-11,32.73,24.4,82.65,0.68,0.71
1987-10-12,31.44,24.96,82.64,0.31,0.71
1987-10-13,32.4,24.74,81.58,0.07,0.7
1987-10-14,30.94,25.0,85.48,2.05,0.7
1987-10-15,32.44,25.09,81.15,0.28,0.7
1987-10-16,33.64,24.78,78.04,0.92,0.69
1987-10-17,33.74,24.69,77.24,0.0,0.68
1987-10-18,33.81,24.7,78.66,0.02,0.68
1987-10-19,31.73,25.45,80.12,0.52,0.67
1987-10-20,31.21,25.55,76.63,0.3,0.67
1987-10-21,31.56,24.54,73.64,0.14,0.67
1987-10-22,32.56,23.92,74.06,0.93,0.66
1987-10-23,33.55,24.32,70.88,0.69,0.65
1987-10-24,32.05,24.14,79.77,2.73,0.65
1987-10-25,31.36,24.27,78.43,0.01,0.65
1987-10-26,31.02,24.69,80.14,0.48,0.64
1987-10-27,30.02,24.41,82.82,1.96,0.64
1987-10-28,31.95,23.08,76.4,0.0,0.64
1987-10-29,32.7,22.14,73.38,0.0,0.63
1987-10-30,32.81,22.59,76.88,0.0,0.62
1987-10-31,31.35,23.69,73.59,0.0,0.62
1987-11-01,33.95,23.67,71.14,0.71,0.61
1987-11-02,31.52,25.58,81.34,4.27,0.62
1987-11-03,30.81,25.05,82.85,0.08,0.61
1987-11-04,31.12,24.44,80.73,0.0,0.61
1987-11-05,32.34,23.73,76.67,0.03,0.61
1987-11-06,33.54,24.61,75.4,0.35,0.6
1987-11-07,30.43,25.65,82.57,1.87,0.6
1987-11-08,29.47,24.45,84.61,1.86,0.6
1987-11-09,29.77,23.65,79.61,0.03,0.6
1987-11-10,29.41,22.96,81.13,0.06,0.6
1987-11-11,29.76,24.35,82.7,0.05,0.59
1987-11-12,30.03,25.17,84.57,0.14,0.59
1987-11-13,32.31,24.75,80.7,0.3,0.59
1987-11-14,30.34,24.44,84.04,0.3,0.58
1987-11-15,30.16,23.93,84.82,1.54,0.58
1987-11-16,31.24,24.09,79.63,1.65,0.58
1987-11-17,33.82,23.32,74.61,0.0,0.58
1987-11-18,34.33,23.7,72.4,0.08,0.57
1987-11-19,32.73,24.11,76.45,0.93,0.57
1987-11-20,32.57,24.25,78.39,0.0,0.57
1987-11-21,33.34,24.81,74.45,0.09,0.56
1987-11-22,32.88,24.73,75.06,0.0,0.56
1987-11-23,33.04,24.77,73.28,0.0,0.56
1987-11-24,31.77,24.66,75.02,0.0,0.55
1987-11-25,33.59,24.23,72.91,0.0,0.55
1987-11-26,33.02,24.67,68.98,0.0,0.55
1987-11-27,34.93,22.94,64.79,0.0,0.54
1987-11-28,35.46,23.24,66.17,1.75,0.54
1987-11-29,32.08,24.49,76.99,0.19,0.54
1987-11-30,30.6,23.0,64.97,0.0,0.54
1987-12-01,29.18,20.75,62.2,0.0,0.53
1987-12-02,28.3,18.43,59.32,0.0,0.53
1987-12-03,29.25,17.58,63.75,0.0,0.52
1987-12-04,30.73,17.55,70.5,0.0,0.52
1987-12-05,31.11,18.57,70.23,0.0,0.52
1987-12-06,27.62,19.42,58.29,0.0,0.52
1987-12-07,27.18,17.25,54.44,0.0,0.51
1987-12-08,28.14,17.96,53.29,0.0,0.51
1987-12-09,31.47,16.33,57.22,0.0,0.51
1987-12-10,32.35,17.2,63.71,0.0,0.5
1987-12-11,31.87,19.02,64.76,0.0,0.5
1987-12-12,31.56,18.38,59.3,0.0,0.5
1987-12-13,32.2,17.22,61.63,0.0,0.5
1987-12-14,32.62,19.85,65.43,0.0,0.49
1987-12-15,29.89,20.99,66.58,0.0,0.49
1987-12-16,30.71,20.2,65.4,0.0,0.49
1987-12-17,30.93,18.42,61.6,0.0,0.49
1987-12-18,31.25,18.38,58.36,0.0,0.49
1987-12-19,30.79,19.37,55.86,0.0,0.49
1987-12-20,30.41,20.02,56.37,0.0,0.49
1987-12-21,30.41,17.58,55.03,0.0,0.48
1987-12-22,31.33,17.86,55.98,0.0,0.48
1987-12-23,32.4,17.57,55.24,0.0,0.48
1987-12-24,32.72,17.11,54.95,0.0,0.48
1987-12-25,32.38,17.29,54.83,0.0,0.48
1987-12-26,33.63,17.66,57.03,0.0,0.48
1987-12-27,34.33,18.69,54.94,0.0,0.48
1987-12-28,34.03,18.86,50.69,0.0,0.48
1987-12-29,33.75,17.84,42.77,0.0,0.48
1987-12-30,33.75,17.16,41.3,0.0,0.47
1987-12-31,34.16,17.38,45.9,0.0,0.47
1988-01-01,34.19,18.35,47.96,0.0,0.47
1988-01-02,33.45,18.13,49.44,0.0,0.47
1988-01-03,33.31,19.43,52.02,0.0,0.47
1988-01-04,33.11,18.27,55.77,0.0,0.47
1988-01-05,34.25,18.52,50.13,0.0,0.47
1988-01-06,35.05,19.44,51.38,0.0,0.47
1988-01-07,34.07,20.57,56.65,0.0,0.47
1988-01-08,30.79,20.96,54.16,0.0,0.47
1988-01-09,33.44,19.8,54.11,0.0,0.47
1988-01-10,34.36,18.56,55.12,0.0,0.47
1988-01-11,34.9,18.84,51.89,0.0,0.47
1988-01-12,35.11,20.2,51.97,0.0,0.46
1988-01-13,34.27,20.73,55.85,0.0,0.46
1988-01-14,35.58,20.37,55.74,0.0,0.46
1988-01-15,35.42,19.6,43.59,0.0,0.46
1988-01-16,36.12,18.63,45.1,0.0,0.46
1988-01-17,36.25,19.07,47.27,0.0,0.46
1988-01-18,36.29,20.05,46.21,0.0,0.46
1988-01-19,34.42,20.0,53.92,0.0,0.46
1988-01-20,34.07,19.42,52.4,0.0,0.46
1988-01-21,33.73,18.14,50.34,0.0,0.46
1988-01-22,34.19,17.36,48.68,0.0,0.46
1988-01-23,34.75,16.7,48.28,0.0,0.46
1988-01-24,34.71,17.27,47.77,0.0,0.46
1988-01-25,34.81,17.43,47.58,0.0,0.46
1988-01-26,36.03,18.55,51.84,0.0,0.46
1988-01-27,36.31,18.64,41.64,0.0,0.46
1988-01-28,36.47,18.82,41.43,0.0,0.46
1988-01-29,35.85,18.38,43.98,0.0,0.46
1988-01-30,36.8,19.54,42.69,0.0,0.46
1988-01-31,36.28,19.3,41.76,0.0,0.46
1988-02-01,37.87,18.28,40.53,0.0,0.46
1988-02-02,37.25,18.71,40.81,0.0,0.46
1988-02-03,36.71,19.99,42.04,0.0,0.46
1988-02-04,36.91,20.16,42.91,0.0,0.46
1988-02-05,36.84,19.85,47.58,0.0,0.46
1988-02-06,37.62,20.72,49.74,0.0,0.46
1988-02-07,37.8,20.77,45.15,0.0,0.46
1988-02-08,38.35,20.18,43.3,0.0,0.46
1988-02-09,38.74,21.15,41.04,0.0,0.46
1988-02-10,39.0,22.47,39.97,0.0,0.46
1988-02-11,38.64,23.26,40.69,0.0,0.46
1988-02-12,38.32,22.58,39.2,0.0,0.46
1988-02-13,38.32,22.19,33.85,0.0,0.46
1988-02-14,39.24,21.48,30.98,0.0,0.46
1988-02-15,37.32,20.39,33.33,0.0,0.45
1988-02-16,37.93,19.6,46.48,0.0,0.45
1988-02-17,38.33,20.83,47.68,0.0,0.45
1988-02-18,37.64,21.63,48.95,0.05,0.45
1988-02-19,37.87,22.91,47.12,0.11,0.45
1988-02-20,36.65,22.56,50.14,0.0,0.45
1988-02-21,36.74,22.61,53.44,0.0,0.45
1988-02-22,37.84,22.24,46.36,0.0,0.45
1988-02-23,38.53,22.18,38.08,0.0,0.45
1988-02-24,38.49,21.48,37.53,0.0,0.45
1988-02-25,38.2,21.52,36.85,0.0,0.45
1988-02-26,38.99,23.17,38.89,0.0,0.45
1988-02-27,38.3,21.75,42.44,0.0,0.45
1988-02-28,39.14,20.99,48.27,0.0,0.45
1988-02-29,39.35,22.21,38.98,0.0,0.45
1988-03-01,37.67,21.0,43.34,0.0,0.45
1988-03-02,39.95,22.0,44.94,0.0,0.45
1988-03-03,37.47,24.29,42.67,0.0,0.45
1988-03-04,38.46,21.12,45.88,0.0,0.45
1988-03-05,37.91,20.51,42.58,0.0,0.45
1988-03-06,37.03,20.57,47.0,0.0,0.45
1988-03-07,37.34,22.51,48.04,0.0,0.45
1988-03-08,38.11,22.42,52.31,0.0,0.45
1988-03-09,36.66,24.47,55.55,0.0,0.45
1988-03-10,36.2,26.03,51.44,0.0,0.45
1988-03-11,35.92,25.86,48.35,0.0,0.45
1988-03-12,39.1,25.41,41.65,0.0,0.45
1988-03-13,40.43,23.01,45.78,0.0,0.45
1988-03-14,40.66,22.69,43.02,0.0,0.45
1988-03-15,41.63,22.35,36.45,0.0,0.45
1988-03-16,41.87,23.42,37.04,0.0,0.45
1988-03-17,41.44,20.99,39.74,0.0,0.45
1988-03-18,41.85,21.46,41.74,0.0,0.45
1988-03-19,41.85,22.67,46.17,0.0,0.45
1988-03-20,40.99,24.0,41.71,0.0,0.45
1988-03-21,40.71,23.49,38.8,0.0,0.45
1988-03-22,39.81,22.18,47.4,0.0,0.45
1988-03-23,39.93,21.42,38.92,0.0,0.45
1988-03-24,40.38,21.23,38.2,0.0,0.45
1988-03-25,39.61,22.32,41.97,0.0,0.45
1988-03-26,39.88,22.28,45.62,0.0,0.45
1988-03-27,40.29,22.79,46.16,0.0,0.45
1988-03-28,40.06,23.85,47.35,0.0,0.45
1988-03-29,39.89,22.94,44.97,0.0,0.45
1988-03-30,39.83,24.07,47.72,0.0,0.45
1988-03-31,39.31,23.01,46.64,0.0,0.45
1988-04-01,39.87,22.82,47.91,0.0,0.45
1988-04-02,39.81,22.92,46.94,0.0,0.45
1988-04-03,41.9,24.38,40.8,0.0,0.45
1988-04-04,41.93,24.96,43.26,0.0,0.45
1988-04-05,37.16,25.33,48.11,0.0,0.45
1988-04-06,42.69,23.96,43.84,0.0,0.45
1988-04-07,42.85,24.33,45.9,0.0,0.45
1988-04-08,41.64,26.33,46.24,0.0,0.45
1988-04-09,40.68,27.22,47.72,0.0,0.45
1988-04-10,39.3,27.15,48.24,0.0,0.45
1988-04-11,41.98,26.94,45.02,0.02,0.45
1988-04-12,42.64,27.67,43.67,0.15,0.45
1988-04-13,41.33,27.85,45.75,2.75,0.45
1988-04-14,39.31,28.55,50.09,0.1,0.46
1988-04-15,37.68,27.57,52.42,2.32,0.46
1988-04-16,36.64,27.71,54.01,0.01,0.46
1988-04-17,34.7,28.05,52.93,1.87,0.46
1988-04-18,32.33,25.98,68.57,35.43,0.5
1988-04-19,33.27,25.29,74.81,11.61,0.54
1988-04-20,35.92,24.88,67.35,0.19,0.54
1988-04-21,36.54,25.49,62.38,0.0,0.53
1988-04-22,37.27,25.73,62.81,0.05,0.52
1988-04-23,38.56,26.34,58.97,0.03,0.52
1988-04-24,38.38,25.69,59.95,1.01,0.51
1988-04-25,37.32,27.01,61.92,0.0,0.51
1988-04-26,37.09,26.47,60.3,0.0,0.5
1988-04-27,39.31,26.0,51.91,0.79,0.5
1988-04-28,36.57,25.78,62.89,20.05,0.52
1988-04-29,35.13,26.38,67.15,0.96,0.53
1988-04-30,38.06,25.49,58.01,0.26,0.52
1988-05-01,32.56,26.32,69.36,5.56,0.52
1988-05-02,34.87,25.61,68.22,3.51,0.52
1988-05-03,32.76,25.73,76.1,8.05,0.53
1988-05-04,32.23,25.82,75.96,0.68,0.53
1988-05-05,28.92,25.74,88.17,32.27,0.56
1988-05-06,32.75,25.86,79.53,18.64,0.61
1988-05-07,34.43,25.19,75.48,6.43,0.61
1988-05-08,35.27,25.63,71.94,0.09,0.6
1988-05-09,34.93,26.46,71.97,1.74,0.6
1988-05-10,35.1,26.1,70.47,0.29,0.59
1988-05-11,35.88,26.02,70.06,0.03,0.58
1988-05-12,33.83,26.38,74.02,1.51,0.58
1988-05-13,31.51,26.53,79.73,1.06,0.58
1988-05-14,30.51,25.78,84.09,14.09,0.59
1988-05-15,31.64,25.14,81.64,7.99,0.6
1988-05-16,29.8,25.46,85.52,13.61,0.62
1988-05-17,29.58,25.19,88.31,41.76,0.67
1988-05-18,29.76,26.14,90.59,9.47,0.7
1988-05-19,31.37,26.97,85.45,9.5,0.71
1988-05-20,32.64,26.65,81.05,1.66,0.7
1988-05-21,32.01,26.0,82.89,6.17,0.7
1988-05-22,32.25,25.91,85.02,12.16,0.71
1988-05-23,31.56,26.08,85.92,0.15,0.71
1988-05-24,30.99,25.91,83.3,0.07,0.7
1988-05-25,32.74,25.52,79.94,0.42,0.7
1988-05-26,31.8,26.03,81.76,0.01,0.69
1988-05-27,31.85,25.98,82.67,0.17,0.68
1988-05-28,32.99,25.88,79.13,0.26,0.68
1988-05-29,32.53,26.08,84.01,3.97,0.67
1988-05-30,31.17,26.59,82.33,0.57,0.67
1988-05-31,33.04,25.96,76.44,0.87,0.67
1988-06-01,31.11,25.53,82.47,1.2,0.66
1988-06-02,31.89,24.83,80.38,1.4,0.66
1988-06-03,29.56,26.46,87.32,3.4,0.66
1988-06-04,30.87,25.35,81.44,4.62,0.66
1988-06-05,30.54,25.26,84.59,18.3,0.68
1988-06-06,30.07,25.03,85.41,3.42,0.69
1988-06-07,29.72,24.31,85.04,1.25,0.69
1988-06-08,30.32,25.09,85.5,0.25,0.68
1988-06-09,29.39,25.82,86.65,1.1,0.68
1988-06-10,30.04,25.47,88.2,5.88,0.68
1988-06-11,30.73,25.33,84.14,0.21,0.68
1988-06-12,30.75,25.1,83.66,1.09,0.68
1988-06-13,32.23,24.43,79.0,2.5,0.67
1988-06-14,32.73,24.87,78.18,1.38,0.67
1988-06-15,33.57,25.05,74.26,0.81,0.66
1988-06-16,31.47,25.0,77.6,0.19,0.66
1988-06-17,30.81,25.71,82.28,0.32,0.65
1988-06-18,33.02,24.94,78.58,2.0,0.65
1988-06-19,32.76,25.39,78.8,3.43,0.65
1988-06-20,31.57,25.25,81.03,0.41,0.65
1988-06-21,32.12,25.17,79.78,0.56,0.64
1988-06-22,32.77,25.24,77.99,4.08,0.64
1988-06-23,34.53,25.37,73.45,0.43,0.64
1988-06-24,32.83,26.07,77.28,1.9,0.63
1988-06-25,32.44,25.89,76.65,1.12,0.63
1988-06-26,32.33,25.61,81.76,21.53,0.65
1988-06-27,31.75,25.07,82.09,6.95,0.66
1988-06-28,30.57,25.24,80.63,1.27,0.66
1988-06-29,31.65,24.57,81.46,0.6,0.66
1988-06-30,31.49,24.7,80.15,0.52,0.65
1988-07-01,30.86,24.69,82.4,1.77,0.65
1988-07-02,32.47,24.87,80.31,0.8,0.65
1988-07-03,31.91,24.75,78.82,0.64,0.64
1988-07-04,32.72,25.23,77.96,4.34,0.64
1988-07-05,33.15,24.63,76.3,0.48,0.64
1988-07-06,31.22,25.22,79.69,1.18,0.63
1988-07-07,32.1,24.83,78.26,0.99,0.63
1988-07-08,32.85,24.58,79.29,4.3,0.63
1988-07-09,33.83,25.35,74.75,0.12,0.63
1988-07-10,31.96,25.75,77.86,1.28,0.62
1988-07-11,33.55,25.66,73.89,0.91,0.62
1988-07-12,30.18,25.92,80.66,0.75,0.62
1988-07-13,33.14,25.3,77.65,1.84,0.61
1988-07-14,30.7,25.5,83.9,1.27,0.61
1988-07-15,33.0,25.97,82.11,2.36,0.61
1988-07-16,30.28,26.61,87.54,7.14,0.62
1988-07-17,29.93,26.15,88.03,0.81,0.62
1988-07-18,30.35,25.62,83.81,0.18,0.62
1988-07-19,35.23,24.88,70.42,0.14,0.61
1988-07-20,33.7,25.01,76.36,1.72,0.61
1988-07-21,32.55,26.24,78.24,0.35,0.6
1988-07-22,30.06,25.52,84.16,0.78,0.6
1988-07-23,31.62,25.13,78.73,0.31,0.6
1988-07-24,32.16,24.59,76.49,0.7,0.59
1988-07-25,30.85,25.54,79.78,0.35,0.59
1988-07-26,32.62,25.21,74.01,0.16,0.59
1988-07-27,33.32,24.84,75.88,0.15,0.58
1988-07-28,32.63,25.53,75.1,1.45,0.58
1988-07-29,33.0,25.13,76.98,4.56,0.58
1988-07-30,31.06,25.34,84.34,22.4,0.6
1988-07-31,29.32,25.61,88.61,24.68,0.64
1988-08-01,30.91,25.53,86.65,17.32,0.67
1988-08-02,30.34,25.68,86.39,6.65,0.68
1988-08-03,31.67,25.1,82.71,0.9,0.68
1988-08-04,31.53,25.27,82.04,9.17,0.68
1988-08-05,32.25,24.21,79.27,0.45,0.68
1988-08-06,30.33,24.78,82.6,0.8,0.67
1988-08-07,30.23,24.7,83.67,1.22,0.67
1988-08-08,30.33,25.24,85.32,0.22,0.66
1988-08-09,30.4,25.42,84.67,0.45,0.66
1988-08-10,32.47,25.18,80.41,1.78,0.66
1988-08-11,32.19,25.32,82.43,12.76,0.67
1988-08-12,33.56,24.61,78.59,2.5,0.67
1988-08-13,34.01,25.08,76.6,3.87,0.67
1988-08-14,32.29,25.16,80.91,9.46,0.67
1988-08-15,31.08,24.87,83.61,0.44,0.67
1988-08-16,30.19,25.04,87.56,0.61,0.67
1988-08-17,31.62,24.86,82.46,0.44,0.66
1988-08-18,32.21,24.36,82.24,0.09,0.65
1988-08-19,30.63,25.73,82.42,0.55,0.65
1988-08-20,31.67,25.01,82.01,0.9,0.65
1988-08-21,31.13,24.68,83.47,0.38,0.64
1988-08-22,30.41,24.52,83.04,0.02,0.64
1988-08-23,33.58,24.5,75.56,0.02,0.64
1988-08-24,33.37,24.7,76.77,0.46,0.63
1988-08-25,33.1,24.99,77.9,0.4,0.62
1988-08-26,34.41,25.73,75.78,0.05,0.62
1988-08-27,32.94,25.75,75.94,0.82,0.61
1988-08-28,29.95,25.57,86.27,6.99,0.62
1988-08-29,31.93,24.76,80.96,1.34,0.62
1988-08-30,31.72,24.39,80.16,1.36,0.62
1988-08-31,32.69,24.31,80.02,2.62,0.61
1988-09-01,29.65,24.93,86.43,4.81,0.62
1988-09-02,32.25,24.21,79.62,2.86,0.62
1988-09-03,34.42,24.55,74.91,2.25,0.62
1988-09-04,36.46,24.49,69.41,0.18,0.61
1988-09-05,32.51,25.48,79.18,5.76,0.61
1988-09-06,31.01,25.04,79.16,0.46,0.61
1988-09-07,34.05,24.18,72.73,0.56,0.6
1988-09-08,33.33,25.31,76.34,1.34,0.6
1988-09-09,34.28,25.55,74.69,1.11,0.6
1988-09-10,32.33,25.35,80.98,10.61,0.61
1988-09-11,30.66,25.44,83.69,3.92,0.61
1988-09-12,32.01,25.17,80.95,0.51,0.61
1988-09-13,33.44,25.07,78.04,0.45,0.6
1988-09-14,32.9,25.19,75.17,0.41,0.6
1988-09-15,32.5,25.02,77.71,1.61,0.6
1988-09-16,31.3,25.11,82.16,7.46,0.6
1988-09-17,31.82,24.84,80.49,3.39,0.6
1988-09-18,33.97,25.12,80.59,12.61,0.62
1988-09-19,30.02,25.59,86.18,8.35,0.63
1988-09-20,29.88,24.68,88.16,1.25,0.63
1988-09-21,30.63,25.09,84.84,0.68,0.62
1988-09-22,31.45,25.02,84.8,0.13,0.62
1988-09-23,33.14,24.52,81.42,1.64,0.62
1988-09-24,31.6,25.66,81.39,0.34,0.61
1988-09-25,33.93,24.75,76.84,3.05,0.61
1988-09-26,32.65,25.29,81.65,0.12,0.61
1988-09-27,33.91,24.54,80.47,1.39,0.6
1988-09-28,32.93,25.57,81.05,9.97,0.61
1988-09-29,33.07,25.34,79.46,2.1,0.61
1988-09-30,29.8,25.74,87.08,0.98,0.61
1988-10-01,33.47,25.26,78.25,0.7,0.6
1988-10-02,32.29,24.64,79.99,4.9,0.6
1988-10-03,34.69,25.27,75.91,1.77,0.6
1988-10-04,31.94,25.57,80.2,1.2,0.6
1988-10-05,30.2,25.26,86.06,4.21,0.6
1988-10-06,30.35,25.06,82.41,1.58,0.6
1988-10-07,32.83,24.5,76.41,1.99,0.6
1988-10-08,31.02,24.25,84.81,9.04,0.61
1988-10-09,30.48,23.98,85.28,17.62,0.62
1988-10-10,33.18,24.53,80.58,8.25,0.63
1988-10-11,32.12,24.97,82.84,1.98,0.64
1988-10-12,30.87,25.01,83.71,2.87,0.63
1988-10-13,30.11,24.75,87.68,3.3,0.63
1988-10-14,31.26,24.35,86.24,2.34,0.63
1988-10-15,31.99,24.26,82.03,1.48,0.63
1988-10-16,31.82,24.18,84.37,4.33,0.63
1988-10-17,29.41,24.76,89.08,31.17,0.64
1988-10-18,28.48,24.35,90.56,18.77,0.7
1988-10-19,27.61,23.25,86.46,0.99,0.7
1988-10-20,30.91,22.66,77.19,0.0,0.69
1988-10-21,33.02,23.59,76.81,0.0,0.68
1988-10-22,33.52,23.87,75.83,0.0,0.67
1988-10-23,33.88,24.08,76.75,0.03,0.66
1988-10-24,32.7,24.59,77.88,0.53,0.66
1988-10-25,31.16,24.63,80.41,0.17,0.65
1988-10-26,30.13,24.71,80.12,0.1,0.65
1988-10-27,33.56,24.0,75.88,0.15,0.65
1988-10-28,32.44,24.66,73.78,0.0,0.64
1988-10-29,32.4,22.34,73.06,0.0,0.63
1988-10-30,30.99,21.47,75.62,0.0,0.63
1988-10-31,31.24,20.85,74.43,0.0,0.62
1988-11-01,31.72,21.36,73.58,0.0,0.61
1988-11-02,32.89,21.85,73.6,0.0,0.61
1988-11-03,33.42,23.45,74.14,0.12,0.6
1988-11-04,32.37,24.0,72.07,0.0,0.6
1988-11-05,30.7,21.89,66.11,0.0,0.59
1988-11-06,31.38,19.13,69.38,0.0,0.58
1988-11-07,31.71,18.92,69.1,0.0,0.58
1988-11-08,32.7,19.56,67.38,0.0,0.57
1988-11-09,33.58,22.36,65.12,0.0,0.57
1988-11-10,32.53,22.06,65.53,0.0,0.56
1988-11-11,30.6,20.56,68.78,0.0,0.56
1988-11-12,31.27,19.73,63.62,0.0,0.56
1988-11-13,32.18,18.97,65.07,0.0,0.55
1988-11-14,32.74,21.66,67.39,0.09,0.55
1988-11-15,28.86,23.26,79.99,0.61,0.54
1988-11-16,23.14,20.32,90.31,4.84,0.55
1988-11-17,23.82,19.26,91.66,6.78,0.56
1988-11-18,24.76,20.81,92.89,22.78,0.58
1988-11-19,27.78,22.41,84.76,0.02,0.6
1988-11-20,29.71,21.52,74.03,0.0,0.59
1988-11-21,30.92,20.02,71.72,0.0,0.59
1988-11-22,31.85,21.79,72.43,0.0,0.58
1988-11-23,30.19,21.83,74.44,0.0,0.58
1988-11-24,29.2,22.39,78.25,0.0,0.57
1988-11-25,31.86,22.23,73.98,0.0,0.57
1988-11-26,32.27,22.94,73.56,0.0,0.57
1988-11-27,30.05,22.93,79.49,0.0,0.56
1988-11-28,29.83,22.4,70.49,0.0,0.56
1988-11-29,29.05,20.24,67.92,0.0,0.55
1988-11-30,30.2,18.3,68.0,0.0,0.55
1988-12-01,32.32,19.34,67.58,0.0,0.55
1988-12-02,30.66,20.52,67.78,0.0,0.54
1988-12-03,30.88,18.78,64.34,0.0,0.54
1988-12-04,31.99,19.41,68.82,0.0,0.54
1988-12-05,32.33,20.33,69.3,0.0,0.53
1988-12-06,32.11,20.64,68.79,0.0,0.53
1988-12-07,32.57,20.59,68.81,0.0,0.53
1988-12-08,32.47,20.93,71.57,0.0,0.52
1988-12-09,31.33,21.46,71.67,0.0,0.52
1988-12-10,30.58,21.49,67.22,0.0,0.52
1988-12-11,31.64,20.74,64.47,0.0,0.52
1988-12-12,29.79,19.35,63.39,0.0,0.51
1988-12-13,29.7,19.1,62.2,0.0,0.51
1988-12-14,30.56,19.72,62.3,0.0,0.51
1988-12-15,30.2,19.9,64.22,0.0,0.51
1988-12-16,29.94,18.18,66.39,0.0,0.5
1988-12-17,29.28,17.55,65.45,0.0,0.5
1988-12-18,31.1,16.67,63.62,0.0,0.5
1988-12-19,31.89,18.23,64.64,0.0,0.5
1988-12-20,33.22,19.42,64.58,0.0,0.49
1988-12-21,34.3,19.72,61.87,0.0,0.49
1988-12-22,33.94,20.37,61.59,0.0,0.49
1988-12-23,34.73,20.79,61.92,0.0,0.48
1988-12-24,35.18,20.37,54.83,0.0,0.48
1988-12-25,35.17,18.11,51.59,0.0,0.48
1988-12-26,34.37,20.57,59.4,0.0,0.48
1988-12-27,32.04,21.23,64.02,0.0,0.48
1988-12-28,32.68,19.93,63.27,0.0,0.48
1988-12-29,32.49,20.15,60.87,0.0,0.47
1988-12-30,33.11,19.85,57.54,0.0,0.47
1988-12-31,33.62,19.72,57.24,0.0,0.47
1989-01-01,34.04,19.56,58.7,0.0,0.47
1989-01-02,34.43,19.71,54.82,0.0,0.47
1989-01-03,34.95,20.62,52.37,0.0,0.47
1989-01-04,35.21,20.69,50.11,0.0,0.47
1989-01-05,35.07,19.61,42.07,0.0,0.47
1989-01-06,34.04,17.55,39.14,0.0,0.47
1989-01-07,34.46,16.07,46.37,0.0,0.47
1989-01-08,35.21,17.63,38.95,0.0,0.46
1989-01-09,36.52,17.97,39.58,0.0,0.46
1989-01-10,34.25,16.6,49.55,0.0,0.46
1989-01-11,33.75,15.82,48.99,0.0,0.46
1989-01-12,34.48,16.24,50.51,0.0,0.46
1989-01-13,34.57,17.04,36.8,0.0,0.46
1989-01-14,36.44,16.17,35.58,0.0,0.46
1989-01-15,35.66,18.92,45.83,0.0,0.46
1989-01-16,34.59,19.49,53.59,0.0,0.46
1989-01-17,34.24,18.5,43.82,0.0,0.46
1989-01-18,33.17,15.32,39.7,0.0,0.46
1989-01-19,33.41,15.25,49.11,0.0,0.46
1989-01-20,32.85,15.05,45.77,0.0,0.46
1989-01-21,34.15,15.41,48.06,0.0,0.46
1989-01-22,34.92,16.39,42.4,0.0,0.46
1989-01-23,35.09,17.17,48.69,0.03,0.46
1989-01-24,32.85,19.15,56.48,0.34,0.46
1989-01-25,34.31,20.66,54.17,0.11,0.46
1989-01-26,35.66,22.11,46.22,0.0,0.46
1989-01-27,33.57,22.97,47.6,0.0,0.46
1989-01-28,36.26,20.69,42.51,0.0,0.46
1989-01-29,35.07,19.17,40.64,0.0,0.46
1989-01-30,34.07,17.08,46.85,0.0,0.46
1989-01-31,34.75,18.08,44.47,0.0,0.46
1989-02-01,34.91,16.95,40.97,0.0,0.46
1989-02-02,33.98,15.49,44.37,0.0,0.46
1989-02-03,33.74,15.09,48.59,0.0,0.46
1989-02-04,33.11,15.76,52.25,0.0,0.46
1989-02-05,32.72,16.55,55.23,0.0,0.46
1989-02-06,34.39,16.46,50.78,0.0,0.46
1989-02-07,35.45,16.48,47.12,0.0,0.46
1989-02-08,36.15,16.9,45.67,0.0,0.46
1989-02-09,36.94,17.77,47.85,0.0,0.46
1989-02-10,38.07,18.53,42.19,0.0,0.46
1989-02-11,37.43,18.59,42.58,0.0,0.46
1989-02-12,36.8,19.87,44.44,0.0,0.46
1989-02-13,36.27,18.89,44.29,0.0,0.46
1989-02-14,36.64,18.59,41.59,0.0,0.46
1989-02-15,35.58,17.84,46.93,0.0,0.46
1989-02-16,35.24,17.76,51.68,0.0,0.46
1989-02-17,36.68,18.84,51.62,0.0,0.46
1989-02-18,37.31,18.96,45.08,0.0,0.46
1989-02-19,38.27,18.93,47.17,0.0,0.45
1989-02-20,38.12,19.35,34.62,0.0,0.45
1989-02-21,37.13,19.15,43.04,0.0,0.45
1989-02-22,37.61,19.28,37.37,0.0,0.45
1989-02-23,39.13,20.23,30.05,0.0,0.45
1989-02-24,38.09,19.93,24.09,0.0,0.45
1989-02-25,39.04,18.24,29.4,0.68,0.46
1989-02-26,38.21,19.43,41.92,0.0,0.46
1989-02-27,37.65,21.09,42.17,0.0,0.46
1989-02-28,37.86,20.63,39.87,0.0,0.46
1989-03-01,38.4,20.08,35.88,0.0,0.46
1989-03-02,38.57,19.67,35.11,0.0,0.46
1989-03-03,39.55,19.8,33.69,0.0,0.46
1989-03-04,39.57,19.78,35.52,0.0,0.45
1989-03-05,39.92,20.08,34.76,0.25,0.46
1989-03-06,38.92,19.65,36.81,1.26,0.46
1989-03-07,37.22,21.67,50.73,0.09,0.46
1989-03-08,34.01,25.45,62.63,0.01,0.46
1989-03-09,34.58,24.13,55.73,0.0,0.46
1989-03-10,36.69,23.86,50.03,0.0,0.46
1989-03-11,38.12,23.75,43.44,0.0,0.46
1989-03-12,37.17,22.47,45.26,0.0,0.46
1989-03-13,38.05,22.6,42.38,0.0,0.46
1989-03-14,38.5,23.22,44.28,0.0,0.46
1989-03-15,38.31,23.67,39.74,0.0,0.46
1989-03-16,39.04,22.08,44.39,0.0,0.46
1989-03-17,38.85,20.66,46.67,0.0,0.46
1989-03-18,39.45,21.57,50.0,0.0,0.46
1989-03-19,39.84,22.38,45.62,0.0,0.46
1989-03-20,39.82,22.69,48.93,0.0,0.46
1989-03-21,39.01,22.89,49.67,0.0,0.46
1989-03-22,38.49,22.76,51.44,0.0,0.46
1989-03-23,38.22,23.27,53.47,0.0,0.46
1989-03-24,38.46,24.17,53.42,0.0,0.46
1989-03-25,39.68,24.71,48.71,0.0,0.46
1989-03-26,40.69,24.55,46.58,0.0,0.45
1989-03-27,41.11,25.2,45.42,0.0,0.45
1989-03-28,41.23,24.88,43.87,1.0,0.46
1989-03-29,40.03,24.04,51.46,8.05,0.46
1989-03-30,33.0,25.87,60.31,0.02,0.47
1989-03-31,37.15,25.33,52.42,0.09,0.47
1989-04-01,38.63,21.65,43.67,0.0,0.46
1989-04-02,38.7,21.4,49.8,0.0,0.46
1989-04-03,39.27,22.57,49.14,0.0,0.46
1989-04-04,40.33,23.22,51.78,0.0,0.46
1989-04-05,40.78,23.65,47.28,0.0,0.46
1989-04-06,40.66,23.16,47.83,0.0,0.46
1989-04-07,40.11,22.74,47.94,0.0,0.46
1989-04-08,39.24,22.12,45.77,0.0,0.46
1989-04-09,39.25,22.06,48.91,0.0,0.46
1989-04-10,38.91,23.17,51.21,0.0,0.46
1989-04-11,38.32,23.41,50.22,0.0,0.46
1989-04-12,40.22,23.29,46.45,0.0,0.46
1989-04-13,41.51,23.32,44.64,0.25,0.46
1989-04-14,41.79,23.41,43.98,0.0,0.46
1989-04-15,41.85,24.08,46.23,0.02,0.46
1989-04-16,41.03,23.45,45.26,0.0,0.46
1989-04-17,40.97,22.32,46.81,0.0,0.46
1989-04-18,41.85,24.57,46.13,0.0,0.46
1989-04-19,42.88,24.37,48.73,0.0,0.46
1989-04-20,42.35,25.13,48.1,0.0,0.46
1989-04-21,41.73,24.43,49.03,0.0,0.46
1989-04-22,41.65,25.01,50.83,0.02,0.46
1989-04-23,41.39,25.63,48.22,0.0,0.46
1989-04-24,41.6,26.36,47.74,0.03,0.46
1989-04-25,40.64,25.7,49.31,0.51,0.46
1989-04-26,40.45,24.88,48.91,0.0,0.46
1989-04-27,40.4,25.38,47.01,0.0,0.46
1989-04-28,40.63,25.54,47.55,0.0,0.46
1989-04-29,41.04,26.36,47.18,0.0,0.46
1989-04-30,37.75,27.78,52.51,0.03,0.46
1989-05-01,38.49,27.05,54.55,0.0,0.46
1989-05-02,38.89,28.07,49.24,0.0,0.46
1989-05-03,41.02,25.9,47.97,0.0,0.46
1989-05-04,41.44,26.01,49.41,0.0,0.46
1989-05-05,41.08,26.95,48.52,0.0,0.46
1989-05-06,40.47,27.14,50.75,0.14,0.46
1989-05-07,38.43,28.22,51.45,0.02,0.46
1989-05-08,39.37,27.61,51.23,0.21,0.46
1989-05-09,41.07,27.68,50.42,0.53,0.46
1989-05-10,40.68,27.28,48.94,0.65,0.46
1989-05-11,30.93,27.08,70.17,10.04,0.47
1989-05-12,33.35,26.34,72.52,1.13,0.48
1989-05-13,31.93,26.68,75.39,0.89,0.47
1989-05-14,31.5,26.25,76.87,2.74,0.48
1989-05-15,31.14,25.94,76.23,1.03,0.48
1989-05-16,32.11,25.57,73.91,1.55,0.48
1989-05-17,35.38,25.55,68.71,0.69,0.48
1989-05-18,33.98,26.29,70.7,1.86,0.47
1989-05-19,34.36,26.28,71.57,2.59,0.48
1989-05-20,32.26,26.45,74.27,0.5,0.48
1989-05-21,31.03,26.38,81.61,7.01,0.48
1989-05-22,31.83,26.23,78.98,0.09,0.49
1989-05-23,30.6,26.59,81.55,0.45,0.48
1989-05-24,30.9,25.83,76.82,0.27,0.48
1989-05-25,33.12,25.43,71.49,0.35,0.48
1989-05-26,35.19,25.45,66.46,0.37,0.48
1989-05-27,36.34,25.52,65.4,1.04,0.48
1989-05-28,38.55,25.8,59.32,0.71,0.47
1989-05-29,35.53,26.93,63.45,0.28,0.47
1989-05-30,34.94,26.86,63.17,0.18,0.47
1989-05-31,34.25,26.49,62.32,0.19,0.47
1989-06-01,35.67,26.18,61.61,0.13,0.47
1989-06-02,34.15,26.64,65.54,0.78,0.47
1989-06-03,35.29,26.46,65.87,0.52,0.47
1989-06-04,33.84,26.97,69.61,1.5,0.47
1989-06-05,31.38,26.52,76.93,3.69,0.47
1989-06-06,33.76,25.94,76.48,2.29,0.47
1989-06-07,32.22,26.2,79.01,0.21,0.47
1989-06-08,31.92,26.31,73.4,0.99,0.47
1989-06-09,30.41,25.04,80.29,6.71,0.48
1989-06-10,31.76,25.9,73.72,1.69,0.48
1989-06-11,34.93,25.84,71.54,1.41,0.48
1989-06-12,31.28,26.47,79.64,2.25,0.48
1989-06-13,31.88,25.9,76.17,1.33,0.48
1989-06-14,30.73,26.11,80.09,0.51,0.48
1989-06-15,30.83,25.48,77.68,1.45,0.48
1989-06-16,33.44,24.84,69.79,1.33,0.48
1989-06-17,34.47,25.22,67.77,0.59,0.48
1989-06-18,32.17,25.22,77.74,4.16,0.48
1989-06-19,30.64,24.94,78.32,0.54,0.48
1989-06-20,32.3,25.29,75.61,2.04,0.48
1989-06-21,32.18,24.56,70.3,0.29,0.48
1989-06-22,36.63,24.3,61.5,0.58,0.48
1989-06-23,34.68,25.7,65.78,5.47,0.48
1989-06-24,33.23,25.16,72.99,10.49,0.49
1989-06-25,33.01,24.93,71.09,0.08,0.5
1989-06-26,33.15,25.57,71.8,0.18,0.49
1989-06-27,33.0,25.15,75.17,1.13,0.49
1989-06-28,31.15,25.49,75.13,0.58,0.49
1989-06-29,30.54,25.18,76.71,1.04,0.49
1989-06-30,34.81,24.62,68.25,0.96,0.49
1989-07-01,33.92,25.81,68.73,1.58,0.49
1989-07-02,35.75,24.94,64.66,0.09,0.49
1989-07-03,35.21,25.69,64.94,0.34,0.48
1989-07-04,33.09,26.34,65.32,0.17,0.48
1989-07-05,32.98,25.53,69.04,0.89,0.48
1989-07-06,32.07,26.04,73.29,0.59,0.48
1989-07-07,31.58,25.12,71.05,0.27,0.48
1989-07-08,37.25,25.33,59.57,0.0,0.48
1989-07-09,38.71,26.44,57.01,0.49,0.48
1989-07-10,38.27,26.95,56.06,0.51,0.47
1989-07-11,33.27,26.8,70.12,6.42,0.48
1989-07-12,31.67,25.74,74.25,0.64,0.48
1989-07-13,29.6,25.05,80.89,3.27,0.49
1989-07-14,33.62,24.56,73.7,1.79,0.49
1989-07-15,32.26,25.53,74.84,0.23,0.48
1989-07-16,34.09,25.59,70.97,0.94,0.48
1989-07-17,36.08,25.43,69.09,8.0,0.48
1989-07-18,31.23,25.63,84.72,44.46,0.54
1989-07-19,32.08,25.67,80.35,1.88,0.57
1989-07-20,32.99,25.43,80.18,1.49,0.57
1989-07-21,32.35,24.93,77.89,3.53,0.56
1989-07-22,32.14,25.56,78.73,0.22,0.56
1989-07-23,32.25,25.47,73.7,0.31,0.56
1989-07-24,30.39,25.34,80.43,0.2,0.55
1989-07-25,29.94,24.8,83.99,3.01,0.55
1989-07-26,30.75,24.77,79.68,1.43,0.55
1989-07-27,31.71,25.17,75.77,2.86,0.55
1989-07-28,33.45,25.02,72.08,1.08,0.55
1989-07-29,35.72,24.62,69.46,6.64,0.55
1989-07-30,32.58,24.76,79.66,32.22,0.58
1989-07-31,32.69,25.05,76.91,3.34,0.6
1989-08-01,33.79,25.44,72.86,0.67,0.6
1989-08-02,32.86,24.8,77.63,7.1,0.6
1989-08-03,32.77,24.61,75.01,0.75,0.6
1989-08-04,32.18,24.66,78.05,0.58,0.59
1989-08-05,30.58,24.69,78.48,0.82,0.59
1989-08-06,31.26,24.41,78.65,0.71,0.59
1989-08-07,33.65,24.53,74.69,0.05,0.58
1989-08-08,33.24,24.67,75.08,0.27,0.58
1989-08-09,31.63,25.31,76.01,0.64,0.57
1989-08-10,30.08,24.5,82.29,0.87,0.57
1989-08-11,32.8,24.87,75.07,0.1,0.57
1989-08-12,32.15,24.7,76.76,0.33,0.56
1989-08-13,32.25,25.26,76.61,0.2,0.56
1989-08-14,33.37,24.68,76.75,3.3,0.56
1989-08-15,29.29,25.22,86.92,12.37,0.57
1989-08-16,30.42,24.95,84.01,0.72,0.58
1989-08-17,31.78,24.72,78.08,0.06,0.58
1989-08-18,34.75,24.66,69.48,0.02,0.57
1989-08-19,34.22,24.22,70.3,0.03,0.56
1989-08-20,31.89,25.34,77.64,0.15,0.56
1989-08-21,33.13,25.48,74.94,0.15,0.56
1989-08-22,31.22,25.03,81.54,0.45,0.55
1989-08-23,33.12,24.21,78.02,3.36,0.55
1989-08-24,31.92,24.39,80.59,4.74,0.56
1989-08-25,31.91,25.13,76.96,0.58,0.56
1989-08-26,32.72,24.58,76.24,0.31,0.55
1989-08-27,32.41,25.06,78.05,1.55,0.55
1989-08-28,33.04,24.87,79.2,3.68,0.55
1989-08-29,30.48,25.28,87.99,18.19,0.57
1989-08-30,29.6,25.1,86.93,6.73,0.59
1989-08-31,30.55,24.61,82.21,0.01,0.59
1989-09-01,32.34,24.25,75.78,0.0,0.59
1989-09-02,33.77,24.66,72.69,0.06,0.58
1989-09-03,31.22,24.97,77.37,0.21,0.58
1989-09-04,32.56,24.69,76.06,0.97,0.57
1989-09-05,31.74,25.06,77.9,0.29,0.57
1989-09-06,32.01,24.38,81.03,1.69,0.57
1989-09-07,32.58,25.05,80.65,5.59,0.57
1989-09-08,33.22,24.38,77.46,1.11,0.57
1989-09-09,33.32,24.85,78.0,0.25,0.57
1989-09-10,32.21,25.2,75.31,0.57,0.56
1989-09-11,31.91,24.76,76.53,0.29,0.56
1989-09-12,35.33,24.64,70.92,0.0,0.55
1989-09-13,34.19,25.65,71.66,1.26,0.55
1989-09-14,34.18,25.26,71.56,0.35,0.55
1989-09-15,31.2,25.53,76.32,0.62,0.54
1989-09-16,32.93,25.34,77.22,1.17,0.54
1989-09-17,33.39,24.73,75.16,0.02,0.54
1989-09-18,31.56,25.14,79.04,0.1,0.54
1989-09-19,33.39,24.34,76.18,0.1,0.54
1989-09-20,32.33,24.59,76.51,0.39,0.53
1989-09-21,31.46,25.63,75.91,0.46,0.53
1989-09-22,31.28,25.05,76.98,0.52,0.53
1989-09-23,30.72,25.18,80.4,0.27,0.53
1989-09-24,30.27,24.99,79.38,1.09,0.53
1989-09-25,29.78,24.25,80.29,0.3,0.53
1989-09-26,32.38,24.33,72.98,0.15,0.52
1989-09-27,36.52,23.52,62.13,0.01,0.52
1989-09-28,35.12,25.05,66.59,0.11,0.51
1989-09-29,34.36,26.1,68.15,0.39,0.51
1989-09-30,31.06,25.59,75.12,0.04,0.51
1989-10-01,32.77,25.3,69.65,0.09,0.51
1989-10-02,35.63,24.58,69.76,0.88,0.51
1989-10-03,35.52,24.92,70.09,2.97,0.51
1989-10-04,34.78,25.41,72.95,2.88,0.51
1989-10-05,29.66,25.31,82.01,3.76,0.51
1989-10-06,28.62,24.51,88.08,17.03,0.53
1989-10-07,30.56,24.49,84.98,1.08,0.54
1989-10-08,34.27,24.93,75.13,4.19,0.54
1989-10-09,35.04,24.84,72.13,0.03,0.54
1989-10-10,35.58,24.28,69.29,0.32,0.53
1989-10-11,35.76,25.54,67.29,1.76,0.53
1989-10-12,34.93,25.94,68.45,0.19,0.53
1989-10-13,36.64,24.8,64.7,0.03,0.52
1989-10-14,34.98,25.36,74.24,1.73,0.52
1989-10-15,29.63,25.56,85.76,1.61,0.52
1989-10-16,31.92,24.88,79.52,0.75,0.52
1989-10-17,30.53,24.9,79.17,0.65,0.52
1989-10-18,29.43,24.6,85.71,1.34,0.52
1989-10-19,30.7,24.11,80.2,0.83,0.52
1989-10-20,25.47,24.29,83.9,0.23,0.51
1989-10-21,30.97,24.3,72.88,0.1,0.51
1989-10-22,34.78,23.44,64.53,0.19,0.51
1989-10-23,34.46,24.37,66.11,0.03,0.51
1989-10-24,34.49,23.89,66.67,0.0,0.5
1989-10-25,35.0,24.61,65.8,0.03,0.5
1989-10-26,36.05,24.26,63.82,0.04,0.5
1989-10-27,37.46,24.53,58.27,0.62,0.49
1989-10-28,36.06,25.0,66.18,4.74,0.49
1989-10-29,32.74,24.4,72.09,0.05,0.49
1989-10-30,34.03,23.87,67.97,0.0,0.49
1989-10-31,33.02,24.73,63.57,0.0,0.49
1989-11-01,35.31,22.79,59.24,0.0,0.49
1989-11-02,35.18,24.2,59.8,0.0,0.48
1989-11-03,36.42,24.08,57.53,0.0,0.48
1989-11-04,36.56,23.22,54.49,0.01,0.48
1989-11-05,37.0,23.94,56.26,0.06,0.48
1989-11-06,32.2,26.01,69.8,0.37,0.48
1989-11-07,35.94,24.29,62.31,0.19,0.48
1989-11-08,35.27,26.32,61.31,0.0,0.48
1989-11-09,36.64,25.5,58.79,0.0,0.47
1989-11-10,36.28,23.92,58.82,0.0,0.47
1989-11-11,35.62,25.05,61.68,0.0,0.47
1989-11-12,37.44,24.3,58.12,0.0,0.47
1989-11-13,37.48,25.18,57.55,0.0,0.47
1989-11-14,35.65,26.13,55.89,0.0,0.47
1989-11-15,36.46,25.3,58.33,0.0,0.47
1989-11-16,36.09,24.96,57.23,0.0,0.47
1989-11-17,35.26,24.55,60.0,0.0,0.47
1989-11-18,35.15,24.69,62.18,0.0,0.47
1989-11-19,31.76,25.36,59.89,0.0,0.46
1989-11-20,34.24,24.63,54.1,0.0,0.46
1989-11-21,34.18,24.41,55.05,0.0,0.46
1989-11-22,34.16,24.15,55.42,0.07,0.46
1989-11-23,33.37,23.98,57.11,0.0,0.46
1989-11-24,34.3,24.84,54.57,0.0,0.46
1989-11-25,34.74,24.23,52.25,0.0,0.46
1989-11-26,35.61,23.68,51.93,0.0,0.46
1989-11-27,36.21,24.29,49.11,0.0,0.46
1989-11-28,34.96,23.07,56.88,0.22,0.46
1989-11-29,31.98,22.25,49.15,0.0,0.46
1989-11-30,31.82,22.73,47.3,0.0,0.46
1989-12-01,33.27,21.8,43.42,0.0,0.46
1989-12-02,32.06,20.31,45.33,0.0,0.46
1989-12-03,32.98,18.47,44.44,0.0,0.46
1989-12-04,34.16,19.88,51.57,0.0,0.46
1989-12-05,34.27,20.56,54.86,0.0,0.46
1989-12-06,34.45,19.02,39.27,0.0,0.46
1989-12-07,34.87,16.47,33.1,0.0,0.46
1989-12-08,35.27,16.84,41.59,0.0,0.46
1989-12-09,34.68,18.72,48.68,0.0,0.46
1989-12-10,33.86,18.46,54.53,0.0,0.46
1989-12-11,33.25,18.99,47.16,0.0,0.46
1989-12-12,33.37,18.79,47.55,0.0,0.46
1989-12-13,33.21,19.79,50.36,0.0,0.46
1989-12-14,32.29,20.81,54.47,0.0,0.46
1989-12-15,31.64,19.02,54.03,0.0,0.46
1989-12-16,31.83,18.31,51.86,0.0,0.46
1989-12-17,32.41,18.78,46.85,0.0,0.46
1989-12-18,32.79,19.0,44.7,0.0,0.46
1989-12-19,32.18,17.5,49.01,0.0,0.46
1989-12-20,32.2,17.45,49.87,0.0,0.46
1989-12-21,32.95,16.75,51.03,0.0,0.46
1989-12-22,32.6,17.21,52.27,0.0,0.46
1989-12-23,33.04,16.91,54.45,0.0,0.46
1989-12-24,34.31,16.51,53.19,0.0,0.46
1989-12-25,34.59,17.3,46.47,0.0,0.46
1989-12-26,34.89,16.82,43.21,0.0,0.46
1989-12-27,34.36,18.1,54.14,0.0,0.46
1989-12-28,33.91,18.65,47.86,0.0,0.46
1989-12-29,34.83,19.01,44.37,0.0,0.46
1989-12-30,35.3,18.79,38.16,0.0,0.46
1989-12-31,35.31,17.44,35.85,0.0,0.46
1990-01-01,34.47,17.85,44.68,0.0,0.46
1990-01-02,35.73,19.32,39.24,0.0,0.46
1990-01-03,36.01,18.34,41.07,0.0,0.46
1990-01-04,36.17,20.73,37.91,0.0,0.46
1990-01-05,35.78,20.39,43.57,0.0,0.46
1990-01-06,36.33,20.46,42.34,0.0,0.46
1990-01-07,35.95,19.87,39.3,0.0,0.46
1990-01-08,35.27,19.03,40.25,0.0,0.46
1990-01-09,34.8,19.03,37.66,0.0,0.46
1990-01-10,34.26,16.34,37.56,0.0,0.46
1990-01-11,34.2,15.29,38.6,0.0,0.45
1990-01-12,34.62,15.26,36.34,0.0,0.45
1990-01-13,34.24,16.09,40.84,0.0,0.45
1990-01-14,32.99,16.4,49.49,0.0,0.45
1990-01-15,34.71,15.82,44.98,0.0,0.45
1990-01-16,35.84,16.35,37.55,0.0,0.45
1990-01-17,35.35,17.09,40.94,0.0,0.45
1990-01-18,33.83,16.19,46.55,0.0,0.45
1990-01-19,33.47,16.74,58.83,0.0,0.45
1990-01-20,33.47,19.34,61.68,0.0,0.45
1990-01-21,35.22,17.23,59.79,0.0,0.45
1990-01-22,35.36,19.99,53.03,0.0,0.45
1990-01-23,36.51,20.94,42.26,0.0,0.45
1990-01-24,35.46,20.19,40.2,0.0,0.45
1990-01-25,34.3,21.29,46.33,0.0,0.45
1990-01-26,33.87,19.21,50.69,0.0,0.45
1990-01-27,33.89,19.71,52.87,0.0,0.45
1990-01-28,35.12,20.3,48.55,0.0,0.45
1990-01-29,35.86,19.93,49.51,0.0,0.45
1990-01-30,36.5,20.03,45.54,0.0,0.45
1990-01-31,36.96,19.27,37.76,0.0,0.45
1990-02-01,36.72,17.89,47.84,0.0,0.45
1990-02-02,35.69,18.18,43.82,0.0,0.45
1990-02-03,35.81,18.66,41.57,0.0,0.45
1990-02-04,36.53,17.8,41.33,0.0,0.45
1990-02-05,36.13,18.67,40.34,0.03,0.45
1990-02-06,37.15,18.93,39.44,0.0,0.45
1990-02-07,37.75,21.68,34.78,0.0,0.45
1990-02-08,38.24,20.54,32.72,0.0,0.45
1990-02-09,38.3,20.14,33.45,0.0,0.45
1990-02-10,37.3,20.48,39.02,0.0,0.45
1990-02-11,38.97,21.85,40.86,0.0,0.45
1990-02-12,38.3,22.47,31.12,0.0,0.45
1990-02-13,37.71,21.35,36.66,0.0,0.45
1990-02-14,36.77,19.61,42.7,0.0,0.45
1990-02-15,36.59,19.77,46.62,0.0,0.45
1990-02-16,36.41,19.86,50.87,0.0,0.45
1990-02-17,36.15,19.5,44.56,0.0,0.45
1990-02-18,36.86,18.6,43.61,0.0,0.45
1990-02-19,37.58,20.99,43.5,0.0,0.45
1990-02-20,37.17,20.43,39.79,0.0,0.45
1990-02-21,36.69,22.57,45.87,0.21,0.45
1990-02-22,35.89,22.73,49.8,0.17,0.45
1990-02-23,37.01,21.63,52.47,0.0,0.45
1990-02-24,37.49,20.88,41.35,0.0,0.45
1990-02-25,37.12,21.0,37.43,0.0,0.45
1990-02-26,36.71,20.79,47.05,0.0,0.45
1990-02-27,35.94,21.95,55.15,0.0,0.45
1990-02-28,37.93,21.41,46.74,0.0,0.45
1990-03-01,38.43,21.4,44.65,0.0,0.45
1990-03-02,38.22,21.0,50.36,0.0,0.45
1990-03-03,38.59,21.48,46.36,0.0,0.45
1990-03-04,38.25,20.67,44.31,0.0,0.45
1990-03-05,37.96,20.7,53.85,0.0,0.45
1990-03-06,38.57,21.58,44.85,0.0,0.45
1990-03-07,38.79,20.21,40.93,0.0,0.45
1990-03-08,37.47,22.63,47.11,0.56,0.45
1990-03-09,37.53,22.0,42.95,0.0,0.45
1990-03-10,37.5,21.53,44.13,0.06,0.45
1990-03-11,37.95,22.88,47.44,0.37,0.45
1990-03-12,38.21,23.19,45.13,0.01,0.46
1990-03-13,38.44,22.48,39.46,0.0,0.46
1990-03-14,37.98,21.6,43.8,0.0,0.45
1990-03-15,38.36,21.58,35.04,0.0,0.45
1990-03-16,39.07,20.99,35.66,0.12,0.45
1990-03-17,39.37,22.24,43.68,1.88,0.46
1990-03-18,40.04,23.6,42.82,0.06,0.46
1990-03-19,39.4,24.55,46.52,0.11,0.46
1990-03-20,39.26,24.0,38.02,0.07,0.46
1990-03-21,38.8,22.23,34.02,0.0,0.46
1990-03-22,38.77,20.53,38.16,0.0,0.46
1990-03-23,39.36,21.59,43.37,0.0,0.46
1990-03-24,39.92,22.14,48.41,0.0,0.46
1990-03-25,40.32,23.01,46.72,0.0,0.46
1990-03-26,39.46,22.76,43.88,0.0,0.46
1990-03-27,39.09,21.61,49.81,0.0,0.46
1990-03-28,39.71,22.67,44.86,0.0,0.46
1990-03-29,40.91,23.26,36.99,0.0,0.46
1990-03-30,40.92,23.05,43.08,0.0,0.46
1990-03-31,40.7,23.56,42.69,0.0,0.46
1990-04-01,39.29,24.0,44.06,0.0,0.46
1990-04-02,40.57,22.74,43.16,0.0,0.46
1990-04-03,41.27,24.76,39.44,0.0,0.46
1990-04-04,42.02,25.26,38.68,0.0,0.45
1990-04-05,39.61,25.71,41.85,0.4,0.45
1990-04-06,39.84,25.94,43.1,0.29,0.46
1990-04-07,40.73,24.53,40.46,0.0,0.46
1990-04-08,40.61,24.16,34.44,0.0,0.46
1990-04-09,39.81,22.98,43.53,0.0,0.46
1990-04-10,40.01,23.85,49.22,0.0,0.46
1990-04-11,39.94,24.32,47.35,0.0,0.46
1990-04-12,40.79,24.9,49.18,0.0,0.46
1990-04-13,40.51,26.01,49.27,0.0,0.45
1990-04-14,40.0,25.98,45.48,0.0,0.45
1990-04-15,38.98,24.64,46.89,0.0,0.45
1990-04-16,34.56,26.17,49.97,0.0,0.45
1990-04-17,34.26,25.73,52.21,0.06,0.45
1990-04-18,32.69,26.28,61.25,0.89,0.46
1990-04-19,33.76,25.64,63.77,1.01,0.46
1990-04-20,35.21,26.54,72.96,11.56,0.47
1990-04-21,39.08,24.87,59.44,0.04,0.48
1990-04-22,39.91,25.44,54.87,0.0,0.47
1990-04-23,41.04,24.85,52.43,0.0,0.47
1990-04-24,41.64,25.3,51.33,0.0,0.47
1990-04-25,41.64,25.46,46.5,0.01,0.46
1990-04-26,41.36,25.62,45.8,0.37,0.46
1990-04-27,39.36,26.52,49.23,7.5,0.47
1990-04-28,39.15,25.57,53.91,0.03,0.47
1990-04-29,35.17,27.39,58.41,1.23,0.47
1990-04-30,39.71,26.68,47.49,0.13,0.47
1990-05-01,35.6,27.16,59.62,15.1,0.48
1990-05-02,37.17,25.72,58.94,0.06,0.49
1990-05-03,39.35,26.15,53.64,0.22,0.48
1990-05-04,38.43,26.47,56.26,2.43,0.48
1990-05-05,38.35,27.2,58.74,0.74,0.48
1990-05-06,33.5,27.11,72.12,22.49,0.5
1990-05-07,38.05,26.22,62.69,0.0,0.51
1990-05-08,39.32,26.85,57.19,0.24,0.5
1990-05-09,39.67,27.22,57.56,1.62,0.5
1990-05-10,35.39,27.76,65.11,0.15,0.5
1990-05-11,35.03,27.44,64.29,0.07,0.49
1990-05-12,37.83,26.91,57.5,0.0,0.49
1990-05-13,35.04,27.37,65.85,0.08,0.49
1990-05-14,35.12,26.28,64.48,2.2,0.49
1990-05-15,33.12,26.73,71.72,2.55,0.49
1990-05-16,33.6,26.69,70.73,1.35,0.49
1990-05-17,33.28,26.74,69.94,0.8,0.49
1990-05-18,32.33,26.75,69.39,1.33,0.48
1990-05-19,32.87,26.01,69.24,0.41,0.48
1990-05-20,33.08,26.33,73.54,0.22,0.48
1990-05-21,33.3,26.06,73.02,2.0,0.48
1990-05-22,30.1,26.07,82.73,11.63,0.49
1990-05-23,31.97,25.64,81.2,14.18,0.52
1990-05-24,33.5,24.8,75.06,6.94,0.53
1990-05-25,32.64,25.15,74.6,2.98,0.53
1990-05-26,34.27,25.23,73.91,0.11,0.53
1990-05-27,31.89,26.66,74.4,0.13,0.52
1990-05-28,32.55,25.95,77.26,1.66,0.52
1990-05-29,33.39,26.03,71.96,1.88,0.52
1990-05-30,35.98,25.34,68.16,3.94,0.52
1990-05-31,31.84,25.11,78.39,3.37,0.52
1990-06-01,33.45,26.39,77.2,0.47,0.52
1990-06-02,30.98,26.32,75.54,0.71,0.52
1990-06-03,32.4,26.61,74.29,0.81,0.52
1990-06-04,36.22,26.24,64.87,1.54,0.52
1990-06-05,32.54,27.07,73.08,0.45,0.51
1990-06-06,31.88,26.35,76.96,0.37,0.51
1990-06-07,34.89,25.9,71.39,0.01,0.51
1990-06-08,35.31,26.09,71.73,0.04,0.51
1990-06-09,32.21,27.18,77.11,0.6,0.5
1990-06-10,31.59,26.48,79.49,0.71,0.5
1990-06-11,30.37,26.02,79.52,2.93,0.51
1990-06-12,30.62,25.79,85.28,12.44,0.52
1990-06-13,33.1,25.99,79.84,9.37,0.54
1990-06-14,30.16,25.95,81.47,0.72,0.54
1990-06-15,30.94,25.92,81.28,0.82,0.54
1990-06-16,33.64,25.19,73.57,0.63,0.53
1990-06-17,30.19,25.38,78.85,0.93,0.53
1990-06-18,32.81,24.89,72.73,2.15,0.53
1990-06-19,33.13,25.88,76.21,11.3,0.54
1990-06-20,34.23,25.85,71.05,1.67,0.54
1990-06-21,35.04,25.34,71.23,0.16,0.54
1990-06-22,34.85,26.55,74.07,1.99,0.54
1990-06-23,32.58,26.44,74.83,1.11,0.54
1990-06-24,32.89,25.86,77.91,12.08,0.54
1990-06-25,31.2,25.23,79.43,3.94,0.55
1990-06-26,31.93,25.76,75.36,0.24,0.55
1990-06-27,33.55,25.82,70.9,0.63,0.55
1990-06-28,31.66,25.79,72.48,0.19,0.54
1990-06-29,32.1,25.73,75.96,0.93,0.54
1990-06-30,30.72,25.63,84.28,7.01,0.55
1990-07-01,31.23,25.58,80.68,2.89,0.55
1990-07-02,30.2,25.67,83.32,7.44,0.56
1990-07-03,31.08,25.18,80.1,1.52,0.56
1990-07-04,31.64,24.91,81.03,10.56,0.57
1990-07-05,31.01,24.69,79.76,1.64,0.58
1990-07-06,33.57,24.65,77.41,0.96,0.57
1990-07-07,30.19,25.2,78.9,0.77,0.57
1990-07-08,33.19,24.24,74.12,1.6,0.57
1990-07-09,34.4,25.32,71.53,1.08,0.56
1990-07-10,32.58,25.9,75.63,0.23,0.56
1990-07-11,32.52,26.0,75.4,1.12,0.56
1990-07-12,31.32,24.99,82.44,12.97,0.57
1990-07-13,29.56,25.14,87.68,14.12,0.59
1990-07-14,30.4,24.85,83.96,0.49,0.6
1990-07-15,31.85,24.72,76.15,0.76,0.59
1990-07-16,31.12,24.15,78.0,0.18,0.59
1990-07-17,31.11,24.66,76.54,0.86,0.58
1990-07-18,30.63,25.08,82.61,4.44,0.58
1990-07-19,29.49,25.12,82.4,0.52,0.59
1990-07-20,32.2,24.47,76.34,2.24,0.58
1990-07-21,30.58,24.76,80.68,1.57,0.58
1990-07-22,31.18,25.23,79.84,1.23,0.58
1990-07-23,30.2,24.85,84.2,2.76,0.58
1990-07-24,30.53,25.17,82.81,0.87,0.58
1990-07-25,31.98,24.57,76.01,0.77,0.58
1990-07-26,35.02,24.38,71.25,1.98,0.58
1990-07-27,33.05,25.68,74.74,0.4,0.57
1990-07-28,34.07,25.55,71.81,0.72,0.57
1990-07-29,34.37,25.75,69.6,0.9,0.57
1990-07-30,32.7,25.87,74.19,2.74,0.56
1990-07-31,33.39,25.67,72.86,1.82,0.56
1990-08-01,33.22,24.89,75.53,6.77,0.57
1990-08-02,31.8,25.54,79.62,14.08,0.58
1990-08-03,33.24,25.3,76.66,0.94,0.58
1990-08-04,32.0,25.69,77.58,1.15,0.58
1990-08-05,30.5,25.4,82.89,6.44,0.58
1990-08-06,33.02,25.03,78.53,3.45,0.59
1990-08-07,32.84,24.52,78.59,0.01,0.58
1990-08-08,33.13,24.7,77.71,0.19,0.58
1990-08-09,33.29,25.58,77.37,0.1,0.57
1990-08-10,32.52,25.66,77.35,1.83,0.57
1990-08-11,31.7,25.65,79.25,0.52,0.57
1990-08-12,30.75,25.64,81.45,1.01,0.57
1990-08-13,29.54,25.33,84.46,1.49,0.57
1990-08-14,30.78,25.42,83.4,0.34,0.56
1990-08-15,31.88,25.52,78.93,0.44,0.56
1990-08-16,32.7,25.2,74.35,0.09,0.56
1990-08-17,34.03,25.05,70.76,0.01,0.55
1990-08-18,35.26,25.01,69.32,0.05,0.55
1990-08-19,32.6,25.64,73.73,0.97,0.55
1990-08-20,32.35,25.7,73.03,0.75,0.55
1990-08-21,32.13,25.15,76.09,0.05,0.54
1990-08-22,35.44,24.8,69.13,0.22,0.54
1990-08-23,31.54,25.77,74.03,0.01,0.54
1990-08-24,33.71,24.99,71.25,0.36,0.53
1990-08-25,32.0,24.88,73.06,2.17,0.53
1990-08-26,30.38,24.81,79.91,0.87,0.53
1990-08-27,33.27,23.9,72.86,0.24,0.53
1990-08-28,32.96,24.83,73.22,3.04,0.53
1990-08-29,33.85,24.94,78.49,27.9,0.55
1990-08-30,33.93,25.08,76.74,2.29,0.57
1990-08-31,28.58,24.46,86.18,7.58,0.58
1990-09-01,33.31,24.08,76.61,0.36,0.58
1990-09-02,32.79,25.43,78.01,1.38,0.57
1990-09-03,32.98,25.11,77.5,1.83,0.57
1990-09-04,31.34,25.09,83.9,5.81,0.58
1990-09-05,29.84,24.42,81.39,1.23,0.58
1990-09-06,34.11,24.0,73.15,0.3,0.57
1990-09-07,33.4,24.02,73.82,2.54,0.57
1990-09-08,31.65,24.83,81.24,9.91,0.58
1990-09-09,30.11,25.05,82.67,0.74,0.58
1990-09-10,33.69,25.04,75.48,0.39,0.58
1990-09-11,32.93,24.27,73.96,0.85,0.57
1990-09-12,33.86,24.21,70.49,0.37,0.57
1990-09-13,33.86,24.08,74.96,0.48,0.56
1990-09-14,33.95,25.56,73.64,0.43,0.56
1990-09-15,33.24,25.31,73.06,1.09,0.56
1990-09-16,30.96,25.52,78.05,0.59,0.55
1990-09-17,29.54,25.14,85.84,5.97,0.56
1990-09-18,34.47,25.34,74.6,0.04,0.56
1990-09-19,34.13,25.13,73.55,0.23,0.55
1990-09-20,33.2,25.48,78.84,1.17,0.55
1990-09-21,31.62,24.95,80.47,1.98,0.55
1990-09-22,31.44,24.76,80.17,0.0,0.55
1990-09-23,34.11,24.99,75.59,5.79,0.55
1990-09-24,30.11,25.17,84.39,22.37,0.58
1990-09-25,33.53,24.54,77.57,1.8,0.59
1990-09-26,31.47,24.97,79.74,1.28,0.58
1990-09-27,32.73,24.48,77.88,0.51,0.58
1990-09-28,32.62,24.41,80.39,10.4,0.58
1990-09-29,31.6,24.72,81.05,1.94,0.59
1990-09-30,31.4,24.4,82.52,2.4,0.59
1990-10-01,33.55,24.05,74.32,0.53,0.58
1990-10-02,34.5,23.84,69.7,0.01,0.58
1990-10-03,35.36,24.03,68.61,0.34,0.57
1990-10-04,35.75,24.35,68.19,4.02,0.57
1990-10-05,31.17,25.33,82.19,12.01,0.58
1990-10-06,28.72,24.82,87.38,2.15,0.59
1990-10-07,31.4,23.91,77.49,1.65,0.59
1990-10-08,32.53,24.18,80.06,6.89,0.59
1990-10-09,33.17,23.69,78.67,13.27,0.6
1990-10-10,33.5,25.03,77.45,0.03,0.6
1990-10-11,33.49,24.96,73.32,0.0,0.59
1990-10-12,34.4,24.06,70.66,0.01,0.59
1990-10-13,31.34,24.97,76.1,0.65,0.58
1990-10-14,34.55,24.23,70.58,0.0,0.58
1990-10-15,35.12,24.33,66.75,0.02,0.57
1990-10-16,34.68,24.89,68.53,1.75,0.57
1990-10-17,34.68,25.8,70.21,0.39,0.56
1990-10-18,34.53,25.05,69.47,1.0,0.56
1990-10-19,35.68,26.03,68.05,1.11,0.55
1990-10-20,34.74,26.09,73.22,17.23,0.57
1990-10-21,30.23,25.13,82.83,35.23,0.61
1990-10-22,31.08,24.8,82.37,0.0,0.64
1990-10-23,33.56,24.65,76.8,0.01,0.62
1990-10-24,35.04,24.59,73.11,0.6,0.62
1990-10-25,31.1,25.0,84.39,1.9,0.61
1990-10-26,30.73,23.98,74.85,0.03,0.61
1990-10-27,30.38,23.33,74.95,0.11,0.61
1990-10-28,33.59,23.91,72.46,0.05,0.6
1990-10-29,33.04,24.18,76.36,1.63,0.6
1990-10-30,32.73,24.58,75.06,0.12,0.59
1990-10-31,31.95,24.91,74.75,0.0,0.59
1990-11-01,33.12,24.27,72.24,0.0,0.59
1990-11-02,32.24,24.93,75.65,0.12,0.58
1990-11-03,33.39,24.91,74.97,0.37,0.58
1990-11-04,32.46,24.4,80.33,3.61,0.57
1990-11-05,30.14,24.59,88.38,14.95,0.59
1990-11-06,30.51,24.35,83.11,0.62,0.6
1990-11-07,32.31,23.58,76.69,0.14,0.59
1990-11-08,33.5,22.35,73.7,0.28,0.59
1990-11-09,33.64,22.52,76.45,4.9,0.59
1990-11-10,25.63,19.87,72.18,0.33,0.59
1990-11-11,27.7,18.91,68.55,0.0,0.58
1990-11-12,31.7,19.77,68.48,0.0,0.58
1990-11-13,34.13,21.68,69.21,0.22,0.57
1990-11-14,35.3,24.24,68.3,0.0,0.57
1990-11-15,35.6,23.71,70.15,0.0,0.56
1990-11-16,34.84,24.24,69.15,0.0,0.55
1990-11-17,35.18,23.88,71.14,0.0,0.55
1990-11-18,35.07,24.04,67.35,0.0,0.55
1990-11-19,34.3,22.54,65.06,0.0,0.54
1990-11-20,33.86,24.2,71.0,0.0,0.54
1990-11-21,34.8,22.47,69.02,0.07,0.53
1990-11-22,33.32,24.24,67.99,0.0,0.53
1990-11-23,32.29,23.72,70.39,0.0,0.53
1990-11-24,33.95,23.58,68.29,0.0,0.52
1990-11-25,34.12,24.47,66.41,0.0,0.52
1990-11-26,33.56,23.82,66.77,0.0,0.52
1990-11-27,33.48,23.77,66.81,0.0,0.51
1990-11-28,33.48,23.25,67.76,0.0,0.51
1990-11-29,33.2,23.0,68.21,0.0,0.51
1990-11-30,33.02,21.68,66.1,0.0,0.51
1990-12-01,30.14,20.65,70.34,0.5,0.5
1990-12-02,29.32,18.8,61.15,0.0,0.5
1990-12-03,29.34,18.38,58.14,0.0,0.5
1990-12-04,30.1,17.27,58.58,0.0,0.5
1990-12-05,30.73,16.86,60.17,0.0,0.49
1990-12-06,30.27,17.03,60.81,0.0,0.49
1990-12-07,31.33,17.31,59.56,0.0,0.49
1990-12-08,32.68,17.44,62.72,0.0,0.49
1990-12-09,34.13,19.14,60.72,0.0,0.48
1990-12-10,34.81,19.32,57.23,0.0,0.48
1990-12-11,34.63,19.97,55.35,0.0,0.48
1990-12-12,35.56,20.94,55.69,0.0,0.48
1990-12-13,35.46,20.98,57.5,0.0,0.48
1990-12-14,35.48,21.85,50.51,0.0,0.48
1990-12-15,34.71,22.46,58.33,0.0,0.48
1990-12-16,34.59,22.85,58.02,0.0,0.47
1990-12-17,34.85,21.26,59.53,0.0,0.47
1990-12-18,34.78,22.53,65.4,0.0,0.47
1990-12-19,35.63,21.09,61.92,0.0,0.47
1990-12-20,36.02,22.37,60.66,0.0,0.47
1990-12-21,35.67,22.72,50.11,0.0,0.47
1990-12-22,35.22,19.67,45.66,0.0,0.47
1990-12-23,35.18,19.53,46.18,0.0,0.47
1990-12-24,34.82,20.0,49.56,0.0,0.47
1990-12-25,34.25,20.4,52.22,0.0,0.47
1990-12-26,34.01,19.64,51.57,0.0,0.46
1990-12-27,34.67,19.79,52.23,0.0,0.46
1990-12-28,35.35,19.16,44.49,0.0,0.46
1990-12-29,35.07,18.84,40.44,0.0,0.46
1990-12-30,34.78,18.02,43.29,0.0,0.46
1990-12-31,34.99,17.47,43.18,0.0,0.46
1991-01-01,34.92,17.42,48.83,0.0,0.46
1991-01-02,35.75,18.67,47.77,0.0,0.46
1991-01-03,35.4,20.35,54.41,0.03,0.46
1991-01-04,35.3,21.63,54.67,0.0,0.46
1991-01-05,36.27,21.98,54.2,0.0,0.46
1991-01-06,35.7,20.47,38.94,0.0,0.46
1991-01-07,36.12,18.97,37.1,0.0,0.46
1991-01-08,35.82,18.81,37.34,0.0,0.46
1991-01-09,35.15,17.45,34.14,0.0,0.46
1991-01-10,36.0,16.61,40.22,0.0,0.46
1991-01-11,35.83,17.28,36.25,0.0,0.46
1991-01-12,35.81,17.06,39.17,0.0,0.46
1991-01-13,34.75,16.72,43.52,0.0,0.46
1991-01-14,34.55,17.67,47.11,0.0,0.46
1991-01-15,35.82,17.95,49.15,0.0,0.46
1991-01-16,35.48,19.18,43.1,0.0,0.46
1991-01-17,34.85,19.14,47.9,0.0,0.46
1991-01-18,34.44,17.52,46.78,0.0,0.46
1991-01-19,34.13,17.97,43.22,0.0,0.46
1991-01-20,33.16,16.61,49.67,0.0,0.46
1991-01-21,34.07,17.23,48.79,0.0,0.46
1991-01-22,34.86,17.5,50.29,0.0,0.46
1991-01-23,35.2,16.52,42.87,0.0,0.46
1991-01-24,35.73,16.31,41.45,0.0,0.46
1991-01-25,36.39,16.16,41.26,0.0,0.46
1991-01-26,36.61,16.78,42.05,0.0,0.46
1991-01-27,36.19,18.71,37.31,0.01,0.46
1991-01-28,36.18,18.78,44.49,0.05,0.46
1991-01-29,35.93,20.03,50.11,0.0,0.46
1991-01-30,35.73,21.25,50.76,0.0,0.46
1991-01-31,36.26,21.93,44.45,0.0,0.46
1991-02-01,36.0,22.12,44.35,0.0,0.46
1991-02-02,35.48,20.06,48.8,0.0,0.46
1991-02-03,35.7,18.6,47.12,0.0,0.46
1991-02-04,36.09,18.43,35.79,0.0,0.46
1991-02-05,35.7,18.49,33.23,0.0,0.45
1991-02-06,36.25,18.72,41.01,0.0,0.45
1991-02-07,36.78,18.57,36.28,0.0,0.45
1991-02-08,36.4,18.15,41.25,0.0,0.45
1991-02-09,36.66,18.14,38.99,0.0,0.45
1991-02-10,37.71,18.46,32.3,0.0,0.45
1991-02-11,36.77,18.18,42.34,0.0,0.45
1991-02-12,36.57,19.43,47.51,0.0,0.45
1991-02-13,37.47,18.84,47.48,0.0,0.45
1991-02-14,37.33,19.14,43.31,0.0,0.45
1991-02-15,37.92,20.14,46.61,0.0,0.45
1991-02-16,38.55,19.53,29.63,0.0,0.45
1991-02-17,37.78,18.49,34.35,0.0,0.45
1991-02-18,37.65,20.06,47.14,0.0,0.45
1991-02-19,38.58,19.09,42.61,0.0,0.45
1991-02-20,39.3,19.47,29.85,0.0,0.45
1991-02-21,39.34,21.18,36.39,0.0,0.45
1991-02-22,37.41,22.61,61.48,0.0,0.45
1991-02-23,36.24,22.55,53.9,0.0,0.45
1991-02-24,36.56,23.17,55.43,0.0,0.45
1991-02-25,36.98,22.58,47.99,0.0,0.45
1991-02-26,37.8,22.5,45.48,0.0,0.45
1991-02-27,38.39,21.56,42.95,0.0,0.45
1991-02-28,37.19,23.21,38.99,0.0,0.45
1991-03-01,39.2,20.91,40.32,0.0,0.45
1991-03-02,39.01,22.25,37.1,0.0,0.45
1991-03-03,39.19,20.69,42.88,0.0,0.45
1991-03-04,39.37,20.98,48.23,0.0,0.45
1991-03-05,39.07,20.92,48.63,0.0,0.45
1991-03-06,38.37,21.07,51.82,0.0,0.45
1991-03-07,38.58,21.45,47.49,0.0,0.45
1991-03-08,39.79,22.25,45.92,0.0,0.45
1991-03-09,39.86,22.16,46.23,0.0,0.45
1991-03-10,40.32,21.28,41.32,0.0,0.45
1991-03-11,39.95,21.24,51.01,0.0,0.45
1991-03-12,40.34,22.29,54.18,0.0,0.45
1991-03-13,40.36,23.32,50.95,0.0,0.45
1991-03-14,41.05,24.31,48.54,0.0,0.45
1991-03-15,41.44,24.9,42.91,0.07,0.45
1991-03-16,41.11,25.77,43.1,0.04,0.45
1991-03-17,41.01,25.69,44.58,0.0,0.45
1991-03-18,41.49,26.13,43.47,0.13,0.45
1991-03-19,41.16,24.59,45.99,0.82,0.45
1991-03-20,40.62,23.32,43.47,0.0,0.45
1991-03-21,40.26,23.27,44.82,0.0,0.45
1991-03-22,41.05,22.3,46.39,0.0,0.45
1991-03-23,40.84,24.11,48.96,0.0,0.45
1991-03-24,39.58,24.97,49.32,0.0,0.45
1991-03-25,40.39,23.8,49.44,0.0,0.45
1991-03-26,40.89,24.47,47.5,0.0,0.45
1991-03-27,41.94,25.24,41.02,0.0,0.45
1991-03-28,42.47,23.94,37.56,0.0,0.45
1991-03-29,42.09,25.39,35.91,0.0,0.45
1991-03-30,41.59,24.72,41.18,0.0,0.45
1991-03-31,40.2,23.62,45.1,0.04,0.45
1991-04-01,40.04,25.73,49.9,0.23,0.45
1991-04-02,37.22,27.15,51.8,0.0,0.45
1991-04-03,39.46,25.32,49.0,0.81,0.46
1991-04-04,40.6,26.32,43.81,0.52,0.46
1991-04-05,40.4,26.43,42.87,0.19,0.46
1991-04-06,41.26,26.05,44.48,0.0,0.46
1991-04-07,40.69,27.91,44.44,0.0,0.46
1991-04-08,41.9,24.79,47.09,0.0,0.46
1991-04-09,41.83,25.41,45.07,0.0,0.46
1991-04-10,41.98,25.92,45.04,0.0,0.46
1991-04-11,39.41,26.45,49.49,0.0,0.46
1991-04-12,40.13,26.59,46.15,0.0,0.46
1991-04-13,42.8,26.11,44.81,0.0,0.46
1991-04-14,43.42,26.98,42.62,0.0,0.46
1991-04-15,42.98,26.18,44.42,0.0,0.46
1991-04-16,43.41,26.99,42.59,0.0,0.46
1991-04-17,43.46,26.43,45.49,0.0,0.45
1991-04-18,42.25,27.56,46.73,0.0,0.45
1991-04-19,41.81,27.77,43.54,3.01,0.46
1991-04-20,41.46,27.54,46.95,2.26,0.46
1991-04-21,40.29,27.25,46.65,0.07,0.46
1991-04-22,40.25,27.43,47.43,0.03,0.46
1991-04-23,36.46,27.86,47.86,0.91,0.46
1991-04-24,34.4,27.25,50.61,1.91,0.46
1991-04-25,36.08,27.27,61.75,1.0,0.46
1991-04-26,31.77,26.42,72.96,3.33,0.47
1991-04-27,35.08,26.07,67.56,0.06,0.47
1991-04-28,34.11,26.87,70.02,0.69,0.47
1991-04-29,34.36,27.24,70.25,14.16,0.48
1991-04-30,32.41,26.24,79.15,55.0,0.55
1991-05-01,35.56,25.5,70.6,5.04,0.58
1991-05-02,35.73,25.42,69.62,0.02,0.57
1991-05-03,37.95,25.12,62.61,0.14,0.56
1991-05-04,38.6,24.68,59.17,0.07,0.55
1991-05-05,39.11,25.46,58.04,0.0,0.55
1991-05-06,38.71,24.54,58.9,0.0,0.54
1991-05-07,38.67,25.1,60.02,0.0,0.53
1991-05-08,38.35,26.91,61.62,0.0,0.53
1991-05-09,36.85,27.17,62.89,0.06,0.52
1991-05-10,38.67,26.52,59.24,0.58,0.52
1991-05-11,36.76,26.54,60.92,0.45,0.52
1991-05-12,36.02,27.03,61.92,2.26,0.51
1991-05-13,38.8,26.78,56.54,1.15,0.51
1991-05-14,36.18,26.07,60.6,6.65,0.52
1991-05-15,38.97,26.23,58.49,0.0,0.51
1991-05-16,38.73,26.4,57.82,0.52,0.51
1991-05-17,39.09,26.96,55.1,0.18,0.5
1991-05-18,39.63,26.01,54.42,0.0,0.5
1991-05-19,39.65,26.14,54.43,0.0,0.49
1991-05-20,40.34,26.98,53.11,0.16,0.49
1991-05-21,39.26,27.27,55.81,1.86,0.49
1991-05-22,38.54,27.19,56.56,0.8,0.48
1991-05-23,39.42,27.03,54.35,0.81,0.48
1991-05-24,39.34,27.89,54.62,1.02,0.48
1991-05-25,38.51,28.33,55.52,0.93,0.48
1991-05-26,38.65,28.07,58.83,5.35,0.48
1991-05-27,32.58,26.77,78.08,24.97,0.51
1991-05-28,31.19,26.04,78.73,5.32,0.53
1991-05-29,29.71,25.92,85.12,8.09,0.54
1991-05-30,32.92,26.22,77.87,3.93,0.54
1991-05-31,33.11,26.85,78.57,8.02,0.55
1991-06-01,34.33,26.76,74.16,1.0,0.55
1991-06-02,32.01,26.63,80.86,11.35,0.55
1991-06-03,30.82,26.49,85.15,16.48,0.58
1991-06-04,31.4,26.06,81.97,2.21,0.58
1991-06-05,32.53,25.86,78.91,3.46,0.58
1991-06-06,34.09,25.67,75.3,3.32,0.58
1991-06-07,33.61,26.07,79.47,6.08,0.58
1991-06-08,31.5,26.28,82.54,10.88,0.59
1991-06-09,30.22,26.09,87.5,24.89,0.62
1991-06-10,30.13,26.06,88.12,34.3,0.67
1991-06-11,30.42,24.59,86.16,11.33,0.7
1991-06-12,30.97,24.12,83.97,8.57,0.7
1991-06-13,31.38,25.36,84.14,2.68,0.7
1991-06-14,32.42,25.54,80.19,1.83,0.7
1991-06-15,31.96,25.6,83.13,12.04,0.7
1991-06-16,31.87,25.18,80.98,9.93,0.71
1991-06-17,31.0,26.08,85.49,22.62,0.73
1991-06-18,29.81,25.35,88.1,38.07,0.77
1991-06-19,28.83,24.53,86.46,1.45,0.79
1991-06-20,31.82,24.22,83.47,4.73,0.78
1991-06-21,32.63,24.87,80.9,2.99,0.77
1991-06-22,30.08,25.66,85.48,15.72,0.78
1991-06-23,27.37,24.51,89.38,31.81,0.81
1991-06-24,29.05,25.02,90.03,33.4,0.84
1991-06-25,29.27,25.01,87.78,4.72,0.85
1991-06-26,29.34,24.87,89.29,6.57,0.85
1991-06-27,28.13,25.66,92.54,13.85,0.86
1991-06-28,28.3,25.17,92.58,4.32,0.86
1991-06-29,29.04,24.4,88.8,2.87,0.86
1991-06-30,31.7,24.13,83.77,7.2,0.86
1991-07-01,31.71,24.8,84.34,4.2,0.85
1991-07-02,29.77,25.19,89.47,12.33,0.86
1991-07-03,30.06,24.97,87.71,2.79,0.86
1991-07-04,29.44,24.38,89.92,10.02,0.86
1991-07-05,29.05,25.08,89.63,1.66,0.86
1991-07-06,30.39,25.17,88.0,1.8,0.86
1991-07-07,29.84,24.77,87.83,4.4,0.85
1991-07-08,30.41,24.02,87.23,2.17,0.85
1991-07-09,29.76,24.84,88.96,0.03,0.84
1991-07-10,30.95,24.88,85.75,0.07,0.84
1991-07-11,31.5,24.6,84.44,0.25,0.83
1991-07-12,31.25,25.01,84.22,0.4,0.82
1991-07-13,30.37,25.16,88.1,2.73,0.82
1991-07-14,28.87,25.0,90.52,7.29,0.82
1991-07-15,27.61,24.97,89.93,10.06,0.83
1991-07-16,28.94,24.84,89.75,3.92,0.83
1991-07-17,29.21,24.66,89.22,3.44,0.83
1991-07-18,29.51,24.35,87.01,9.15,0.83
1991-07-19,29.47,24.37,86.89,6.31,0.83
1991-07-20,30.83,24.43,85.57,8.33,0.83
1991-07-21,28.68,24.74,90.04,18.94,0.84
1991-07-22,29.61,24.44,89.12,16.06,0.86
1991-07-23,31.06,24.02,87.03,9.56,0.86
1991-07-24,29.67,24.3,88.56,5.53,0.86
1991-07-25,29.09,24.48,90.72,14.29,0.86
1991-07-26,28.26,24.84,92.48,34.38,0.89
1991-07-27,28.6,24.67,91.23,15.46,0.9
1991-07-28,28.17,25.52,92.07,21.29,0.91
1991-07-29,28.62,25.51,92.52,15.92,0.92
1991-07-30,28.23,24.33,92.3,5.37,0.92
1991-07-31,28.13,23.42,89.87,7.78,0.92
1991-08-01,30.59,22.52,87.36,3.2,0.92
1991-08-02,29.38,24.33,89.46,2.61,0.91
1991-08-03,29.76,24.01,88.42,6.71,0.91
1991-08-04,29.43,24.3,89.7,5.86,0.91
1991-08-05,28.52,24.64,92.97,10.77,0.91
1991-08-06,29.35,24.43,88.54,1.42,0.91
1991-08-07,30.18,24.44,90.11,3.2,0.91
1991-08-08,28.54,24.9,90.37,3.94,0.91
1991-08-09,29.53,24.9,91.13,7.8,0.91
1991-08-10,28.59,25.08,92.74,13.69,0.91
1991-08-11,29.61,24.71,89.96,13.48,0.92
1991-08-12,29.44,24.52,88.87,31.42,0.92
1991-08-13,27.86,24.51,93.09,23.9,0.94
1991-08-14,28.13,24.26,91.02,17.51,0.95
1991-08-15,29.52,24.23,90.22,9.26,0.95
1991-08-16,29.82,24.53,90.31,19.42,0.96
1991-08-17,28.14,24.35,93.01,6.51,0.96
1991-08-18,27.26,24.64,93.97,23.49,0.96
1991-08-19,27.48,24.66,94.88,25.49,0.97
1991-08-20,28.29,25.79,94.55,6.09,0.98
1991-08-21,29.75,25.57,91.66,2.66,0.97
1991-08-22,29.91,25.37,91.48,3.94,0.97
1991-08-23,28.74,24.55,91.75,2.82,0.97
1991-08-24,29.04,24.11,91.79,8.67,0.97
1991-08-25,28.57,24.74,93.23,2.16,0.96
1991-08-26,28.38,24.44,93.26,2.46,0.96
1991-08-27,28.74,24.96,94.69,7.61,0.96
1991-08-28,28.07,24.7,93.57,15.59,0.97
1991-08-29,29.75,24.23,90.74,28.35,0.98
1991-08-30,28.73,24.01,89.82,7.2,0.98
1991-08-31,29.54,23.63,88.38,2.89,0.97
1991-09-01,30.25,24.4,87.26,2.28,0.97
1991-09-02,30.05,24.11,88.21,1.64,0.96
1991-09-03,30.83,23.8,86.67,2.07,0.96
1991-09-04,29.53,24.4,89.99,3.87,0.95
1991-09-05,29.01,24.27,91.0,3.63,0.95
1991-09-06,30.48,24.31,87.37,4.53,0.95
1991-09-07,30.38,24.17,88.1,3.29,0.95
1991-09-08,30.44,24.51,87.16,0.72,0.94
1991-09-09,30.66,24.58,86.39,0.27,0.93
1991-09-10,29.74,24.5,88.96,0.84,0.92
1991-09-11,30.19,24.09,87.45,0.03,0.92
1991-09-12,29.52,24.31,89.86,0.92,0.91
1991-09-13,28.84,24.18,90.06,2.41,0.91
1991-09-14,29.31,23.88,88.79,11.94,0.91
1991-09-15,30.57,24.04,87.92,0.3,0.91
1991-09-16,31.31,24.53,87.34,0.64,0.9
1991-09-17,29.95,24.48,88.23,1.72,0.89
1991-09-18,30.97,24.38,86.5,1.26,0.89
1991-09-19,29.76,25.02,89.55,0.83,0.88
1991-09-20,30.05,24.86,90.1,10.0,0.88
1991-09-21,30.61,24.66,88.53,9.03,0.89
1991-09-22,29.9,23.81,87.81,0.26,0.88
1991-09-23,31.61,24.07,84.68,8.16,0.88
1991-09-24,29.08,24.05,89.24,3.34,0.88
1991-09-25,29.42,24.51,88.76,1.06,0.88
1991-09-26,29.95,24.27,87.44,0.22,0.87
1991-09-27,31.56,24.48,84.94,0.18,0.86
1991-09-28,31.15,24.78,85.31,1.15,0.86
1991-09-29,30.26,24.48,87.65,23.92,0.86
1991-09-30,29.7,24.92,89.71,20.43,0.9
1991-10-01,27.61,24.09,92.24,9.05,0.9
1991-10-02,29.85,23.66,90.13,0.51,0.9
1991-10-03,29.11,24.39,88.35,2.62,0.89
1991-10-04,30.27,24.87,87.2,3.78,0.89
1991-10-05,30.24,23.94,86.97,0.37,0.88
1991-10-06,30.78,23.93,85.96,8.74,0.88
1991-10-07,28.78,23.93,88.19,3.81,0.88
1991-10-08,31.21,23.72,85.71,0.76,0.88
1991-10-09,31.42,24.23,85.38,3.05,0.87
1991-10-10,31.48,24.92,82.18,3.09,0.86
1991-10-11,29.83,24.94,89.47,7.12,0.86
1991-10-12,28.55,25.05,91.52,5.85,0.86
1991-10-13,29.33,24.85,90.79,3.07,0.86
1991-10-14,29.31,24.24,89.23,0.42,0.86
1991-10-15,28.81,23.72,87.83,0.0,0.85
1991-10-16,31.69,22.24,82.11,0.42,0.84
1991-10-17,29.89,23.81,86.02,10.11,0.84
1991-10-18,31.62,24.23,80.2,0.99,0.84
1991-10-19,29.97,24.33,79.5,5.0,0.84
1991-10-20,30.11,23.63,80.63,0.51,0.84
1991-10-21,29.71,24.09,82.39,0.63,0.83
1991-10-22,27.56,23.98,88.13,0.9,0.83
1991-10-23,29.14,23.8,86.23,0.83,0.83
1991-10-24,29.61,23.38,86.21,0.02,0.82
1991-10-25,28.56,23.68,84.94,0.0,0.81
1991-10-26,30.53,22.63,82.28,0.13,0.8
1991-10-27,30.23,23.02,84.04,0.19,0.79
1991-10-28,29.21,22.45,82.45,0.0,0.79
1991-10-29,29.74,21.52,81.35,0.0,0.78
1991-10-30,30.16,22.67,81.97,0.0,0.77
1991-10-31,30.08,23.24,83.91,0.0,0.76
1991-11-01,30.18,22.54,83.33,0.66,0.75
1991-11-02,30.43,22.26,82.0,4.31,0.75
1991-11-03,29.52,22.87,84.11,3.71,0.75
1991-11-04,29.63,21.74,84.39,2.14,0.74
1991-11-05,30.09,21.63,84.21,0.2,0.73
1991-11-06,31.25,22.29,81.17,0.0,0.73
1991-11-07,31.31,21.93,80.45,0.0,0.72
1991-11-08,31.05,22.28,78.03,0.0,0.71
1991-11-09,31.68,21.72,79.12,0.0,0.71
1991-11-10,29.71,23.03,81.88,0.0,0.7
1991-11-11,29.01,23.96,77.51,0.07,0.7
1991-11-12,29.75,22.49,81.18,0.0,0.69
1991-11-13,29.63,21.83,79.64,0.0,0.69
1991-11-14,29.17,20.97,78.66,0.0,0.68
1991-11-15,27.89,20.42,75.87,0.0,0.67
1991-11-16,28.12,18.88,73.55,0.0,0.67
1991-11-17,28.68,18.24,75.29,0.0,0.66
1991-11-18,30.03,17.87,73.82,0.0,0.65
1991-11-19,30.61,20.43,75.18,0.0,0.65
1991-11-20,29.68,21.61,71.97,0.0,0.64
1991-11-21,29.52,19.42,71.09,0.0,0.64
1991-11-22,30.04,18.42,70.1,0.0,0.63
1991-11-23,31.2,17.83,71.46,0.0,0.63
1991-11-24,32.04,18.91,71.36,0.0,0.62
1991-11-25,31.9,20.6,72.46,0.0,0.62
1991-11-26,31.4,21.02,73.56,0.05,0.61
1991-11-27,31.11,19.37,72.92,0.0,0.61
1991-11-28,30.94,19.76,71.72,0.0,0.6
1991-11-29,30.78,18.11,67.79,0.0,0.6
1991-11-30,30.76,18.27,72.59,0.0,0.59
1991-12-01,30.68,18.23,72.66,0.0,0.59
1991-12-02,28.39,19.01,74.1,0.0,0.59
1991-12-03,30.43,15.64,69.7,0.0,0.58
1991-12-04,31.99,16.5,71.31,0.0,0.58
1991-12-05,31.49,18.06,70.28,0.0,0.57
1991-12-06,30.89,19.56,69.47,0.0,0.57
1991-12-07,31.33,19.38,70.87,0.0,0.57
1991-12-08,30.43,19.94,71.12,0.0,0.56
1991-12-09,29.9,18.41,71.93,0.0,0.56
1991-12-10,30.23,17.73,71.88,0.0,0.56
1991-12-11,31.39,19.18,68.21,0.0,0.55
1991-12-12,30.87,20.01,72.44,0.0,0.55
1991-12-13,29.88,20.73,76.22,0.0,0.55
1991-12-14,31.16,19.75,73.64,0.0,0.54
1991-12-15,30.44,20.6,72.3,0.0,0.54
1991-12-16,31.06,19.42,70.97,0.0,0.54
1991-12-17,32.03,19.14,69.17,0.0,0.53
1991-12-18,31.24,19.21,68.0,0.0,0.53
1991-12-19,30.9,17.72,67.69,0.0,0.53
1991-12-20,29.47,17.12,69.17,0.0,0.52
1991-12-21,27.68,17.59,70.77,0.0,0.52
1991-12-22,30.07,16.9,65.44,0.0,0.52
1991-12-23,30.01,16.27,65.91,0.0,0.52
1991-12-24,31.35,15.91,69.84,0.0,0.51
1991-12-25,32.87,18.6,68.86,0.0,0.51
1991-12-26,31.24,20.77,75.15,2.3,0.51
1991-12-27,29.92,20.45,83.14,6.6,0.52
1991-12-28,29.91,17.66,63.75,0.1,0.52
1991-12-29,30.08,18.22,58.87,0.06,0.52
1991-12-30,29.35,15.75,61.49,0.0,0.51
1991-12-31,30.02,15.56,61.95,0.0,0.51
1992-01-01,31.3,15.63,66.79,2.59,0.51
1992-01-02,32.22,17.89,62.74,0.23,0.51
1992-01-03,32.03,18.18,62.99,0.0,0.51
1992-01-04,30.92,17.09,51.94,0.0,0.5
1992-01-05,31.48,13.39,45.04,0.0,0.5
1992-01-06,30.28,14.87,60.82,0.0,0.5
1992-01-07,28.57,14.71,65.34,0.0,0.5
1992-01-08,29.47,15.26,63.26,0.0,0.49
1992-01-09,30.58,14.58,62.06,0.0,0.49
1992-01-10,30.85,17.43,66.13,0.0,0.49
1992-01-11,30.97,16.56,66.34,0.0,0.49
1992-01-12,32.19,17.85,61.54,0.0,0.49
1992-01-13,32.27,17.85,58.7,0.0,0.48
1992-01-14,32.36,16.38,58.42,0.0,0.48
1992-01-15,30.83,19.01,62.56,0.0,0.48
1992-01-16,31.15,17.66,61.43,0.0,0.48
1992-01-17,31.41,17.75,64.71,0.0,0.48
1992-01-18,31.71,17.76,60.24,0.0,0.48
1992-01-19,31.52,17.4,60.22,0.0,0.48
1992-01-20,30.31,17.47,58.7,0.0,0.48
1992-01-21,30.61,17.56,53.1,0.0,0.48
1992-01-22,31.39,16.3,54.8,0.0,0.47
1992-01-23,31.89,17.42,57.05,0.0,0.47
1992-01-24,32.14,16.24,50.29,0.0,0.47
1992-01-25,31.78,16.0,56.6,0.0,0.47
1992-01-26,31.42,15.99,57.86,0.0,0.47
1992-01-27,33.29,17.28,57.95,0.0,0.47
1992-01-28,34.19,17.18,54.91,0.0,0.47
1992-01-29,33.96,17.97,49.82,0.0,0.47
1992-01-30,34.41,17.23,43.52,0.0,0.47
1992-01-31,34.0,15.54,45.47,0.0,0.47
1992-02-01,32.62,16.78,54.89,0.0,0.47
1992-02-02,31.69,17.05,57.26,0.0,0.46
1992-02-03,33.64,17.95,56.63,0.0,0.46
1992-02-04,33.86,17.28,50.58,0.0,0.46
1992-02-05,34.28,17.61,56.09,0.0,0.46
1992-02-06,34.43,17.85,50.46,0.0,0.46
1992-02-07,35.03,17.52,45.19,0.0,0.46
1992-02-08,34.42,16.89,48.02,0.0,0.46
1992-02-09,34.52,18.23,55.33,0.0,0.46
1992-02-10,34.64,18.66,55.75,0.0,0.46
1992-02-11,34.37,17.59,52.31,0.0,0.46
1992-02-12,32.81,15.72,47.54,0.0,0.46
1992-02-13,33.19,15.58,44.99,0.0,0.46
1992-02-14,33.05,15.94,53.84,0.0,0.46
1992-02-15,34.0,16.38,51.5,0.0,0.46
1992-02-16,34.05,16.94,54.63,0.0,0.46
1992-02-17,34.19,17.65,59.23,0.0,0.46
1992-02-18,34.54,17.85,56.48,0.0,0.46
1992-02-19,33.94,18.32,58.09,0.0,0.46
1992-02-20,33.73,17.66,49.71,0.0,0.46
1992-02-21,33.66,16.09,47.99,0.0,0.46
1992-02-22,35.33,17.12,45.93,0.0,0.46
1992-02-23,36.54,18.08,50.23,0.0,0.46
1992-02-24,36.24,18.32,51.7,1.55,0.46
1992-02-25,29.37,21.39,66.28,10.66,0.47
1992-02-26,29.55,21.39,74.0,13.94,0.49
1992-02-27,32.09,16.66,51.13,0.0,0.5
1992-02-28,32.73,14.5,49.93,0.0,0.49
1992-02-29,33.57,15.56,56.71,0.0,0.49
1992-03-01,34.69,16.62,53.57,0.0,0.48
1992-03-02,35.09,17.43,56.37,0.0,0.48
1992-03-03,33.86,18.48,60.35,0.0,0.48
1992-03-04,34.86,18.61,57.88,0.0,0.48
1992-03-05,34.7,18.88,59.94,0.0,0.47
1992-03-06,36.03,18.46,57.27,0.0,0.47
1992-03-07,36.7,18.73,54.5,0.0,0.47
1992-03-08,36.4,18.78,54.32,0.0,0.47
1992-03-09,36.41,19.0,50.42,0.0,0.47
1992-03-10,36.31,18.97,51.52,0.0,0.46
1992-03-11,36.66,18.99,52.68,0.0,0.46
1992-03-12,36.95,19.09,50.81,0.0,0.46
1992-03-13,37.75,18.67,50.01,0.0,0.46
1992-03-14,37.97,19.24,45.81,0.0,0.46
1992-03-15,38.69,19.61,51.35,0.0,0.46
1992-03-16,37.73,20.14,51.99,0.0,0.46
1992-03-17,38.58,20.85,49.01,0.0,0.46
1992-03-18,38.9,22.13,47.85,0.0,0.46
1992-03-19,39.11,21.61,47.38,0.0,0.46
1992-03-20,39.29,21.03,44.38,0.0,0.46
1992-03-21,40.45,21.68,41.64,0.0,0.46
1992-03-22,40.97,22.19,40.05,0.0,0.46
1992-03-23,41.57,22.54,37.95,0.0,0.46
1992-03-24,41.22,22.19,43.29,0.0,0.46
1992-03-25,40.52,22.4,45.36,0.0,0.46
1992-03-26,41.21,22.15,49.99,0.0,0.46
1992-03-27,41.27,22.16,52.85,0.0,0.46
1992-03-28,41.15,23.63,50.46,0.0,0.46
1992-03-29,40.02,23.29,51.44,0.0,0.46
1992-03-30,39.36,23.15,53.37,0.0,0.46
1992-03-31,40.72,24.84,47.84,0.0,0.46
1992-04-01,40.47,25.56,41.93,0.0,0.46
1992-04-02,40.98,23.09,45.18,0.0,0.46
1992-04-03,40.76,22.09,44.1,0.0,0.46
1992-04-04,39.17,23.67,53.11,0.0,0.46
1992-04-05,40.23,24.22,49.28,0.0,0.46
1992-04-06,39.83,24.23,51.63,0.0,0.46
1992-04-07,39.23,24.68,51.4,0.0,0.46
1992-04-08,39.95,25.34,48.76,0.0,0.46
1992-04-09,39.17,25.06,51.77,0.0,0.45
1992-04-10,40.3,25.26,49.29,0.0,0.45
1992-04-11,40.64,25.44,51.08,0.0,0.45
1992-04-12,40.7,26.44,50.0,0.0,0.45
1992-04-13,41.5,25.83,47.38,0.0,0.45
1992-04-14,41.35,24.68,49.46,0.0,0.45
1992-04-15,41.76,24.41,50.03,0.0,0.45
1992-04-16,41.08,25.47,49.33,0.04,0.45
1992-04-17,40.82,25.31,48.49,0.0,0.45
1992-04-18,41.45,25.66,47.95,0.0,0.45
1992-04-19,41.66,26.85,45.26,0.01,0.45
1992-04-20,42.51,26.09,41.78,0.0,0.45
1992-04-21,42.95,25.23,39.19,0.0,0.45
1992-04-22,43.04,25.46,44.86,0.0,0.45
1992-04-23,42.32,25.29,47.37,0.0,0.45
1992-04-24,39.69,27.2,48.66,0.85,0.45
1992-04-25,40.55,27.32,49.0,2.12,0.46
1992-04-26,37.65,28.04,48.93,0.0,0.46
1992-04-27,40.68,27.67,43.47,0.65,0.46
1992-04-28,33.26,27.26,47.53,0.34,0.46
1992-04-29,39.47,26.39,49.61,0.89,0.46
1992-04-30,41.48,27.55,43.72,0.01,0.46
1992-05-01,41.11,28.51,40.96,0.22,0.46
1992-05-02,40.7,27.01,46.41,1.58,0.46
1992-05-03,38.53,27.46,49.96,1.63,0.46
1992-05-04,39.37,26.67,43.97,0.0,0.46
1992-05-05,41.06,25.96,43.09,0.0,0.46
1992-05-06,41.96,25.87,44.79,0.0,0.46
1992-05-07,41.22,26.46,51.85,0.0,0.46
1992-05-08,40.67,26.41,50.03,0.0,0.46
1992-05-09,40.65,25.64,49.6,0.0,0.46
1992-05-10,40.78,26.71,48.96,0.0,0.46
1992-05-11,40.18,28.22,49.53,0.94,0.46
1992-05-12,39.63,28.49,47.41,0.16,0.46
1992-05-13,37.36,29.02,58.16,5.48,0.47
1992-05-14,37.49,28.41,57.56,0.06,0.47
1992-05-15,34.16,28.12,61.23,0.2,0.47
1992-05-16,33.31,26.91,67.62,1.32,0.47
1992-05-17,31.74,26.5,77.1,2.14,0.47
1992-05-18,31.62,26.82,80.89,11.85,0.48
1992-05-19,30.29,26.07,83.12,26.68,0.52
1992-05-20,35.42,25.98,67.57,1.33,0.54
1992-05-21,31.44,25.37,80.64,35.22,0.56
1992-05-22,33.66,24.5,77.83,13.61,0.6
1992-05-23,34.46,24.94,71.12,1.82,0.6
1992-05-24,31.76,25.22,77.51,1.2,0.59
1992-05-25,32.47,25.18,76.7,3.83,0.59
1992-05-26,31.21,25.47,77.8,2.18,0.59
1992-05-27,32.28,25.74,77.76,0.25,0.59
1992-05-28,32.98,26.2,75.31,0.2,0.59
1992-05-29,35.42,25.74,70.1,2.15,0.58
1992-05-30,34.01,25.99,72.1,0.04,0.58
1992-05-31,35.16,24.87,71.51,0.05,0.57
1992-06-01,32.82,26.32,74.47,0.91,0.57
1992-06-02,35.52,26.66,70.64,0.32,0.57
1992-06-03,31.97,26.55,80.08,7.68,0.57
1992-06-04,31.76,26.12,81.73,4.43,0.58
1992-06-05,32.78,25.81,77.14,4.26,0.58
1992-06-06,30.63,25.32,83.11,13.07,0.59
1992-06-07,30.83,24.9,80.93,4.79,0.6
1992-06-08,34.21,24.78,73.81,4.0,0.6
1992-06-09,31.56,25.78,81.85,6.09,0.61
1992-06-10,31.56,25.83,79.69,0.44,0.61
1992-06-11,33.67,25.34,74.92,0.06,0.6
1992-06-12,33.83,25.18,78.05,1.09,0.6
1992-06-13,32.44,26.19,82.71,1.81,0.59
1992-06-14,29.75,26.69,88.54,6.85,0.6
1992-06-15,30.14,26.24,87.62,5.4,0.61
1992-06-16,30.68,26.75,84.72,2.62,0.61
1992-06-17,29.8,26.59,86.83,4.72,0.61
1992-06-18,29.8,25.97,87.55,5.91,0.62
1992-06-19,29.51,25.51,89.44,2.59,0.62
1992-06-20,31.17,25.22,82.96,0.1,0.62
1992-06-21,31.12,25.26,85.23,5.62,0.62
1992-06-22,30.73,25.51,85.91,3.83,0.62
1992-06-23,30.7,25.57,83.12,2.28,0.63
1992-06-24,30.85,25.43,85.31,7.94,0.63
1992-06-25,32.11,25.15,80.67,13.89,0.64
1992-06-26,31.27,24.96,80.94,21.43,0.67
1992-06-27,31.82,25.1,80.63,10.15,0.68
1992-06-28,30.47,25.35,83.66,11.95,0.69
1992-06-29,29.72,24.89,84.85,11.35,0.7
1992-06-30,30.02,24.72,88.27,7.0,0.71
1992-07-01,28.0,25.52,92.25,19.48,0.72
1992-07-02,28.45,25.56,91.59,3.98,0.74
1992-07-03,31.62,25.02,84.29,5.5,0.74
1992-07-04,30.97,25.32,85.85,7.35,0.74
1992-07-05,29.18,25.24,90.9,14.71,0.75
1992-07-06,30.51,25.32,85.89,14.54,0.77
1992-07-07,29.13,24.0,86.62,13.73,0.78
1992-07-08,29.84,23.71,87.07,19.21,0.79
1992-07-09,29.75,24.42,85.69,25.45,0.82
1992-07-10,30.78,24.37,83.82,3.96,0.82
1992-07-11,30.46,24.81,85.49,10.51,0.82
1992-07-12,30.72,24.89,85.3,7.52,0.83
1992-07-13,31.23,24.47,84.45,2.44,0.82
1992-07-14,29.56,25.08,89.27,13.7,0.82
1992-07-15,27.72,24.57,90.67,12.15,0.84
1992-07-16,27.94,23.88,90.82,6.13,0.84
1992-07-17,30.33,23.97,88.37,1.67,0.84
1992-07-18,29.42,24.73,88.34,0.4,0.84
1992-07-19,29.57,24.38,89.34,1.63,0.83
1992-07-20,29.73,24.93,89.04,1.76,0.83
1992-07-21,29.74,24.54,87.75,9.36,0.83
1992-07-22,30.01,24.29,88.54,14.54,0.84
1992-07-23,28.29,24.77,91.65,16.84,0.86
1992-07-24,28.87,24.82,90.42,9.54,0.86
1992-07-25,28.38,25.01,91.44,19.75,0.88
1992-07-26,28.1,25.39,91.9,6.09,0.88
1992-07-27,28.38,24.89,90.84,1.76,0.88
1992-07-28,30.25,24.63,88.5,6.42,0.88
1992-07-29,31.5,23.86,82.11,35.75,0.9
1992-07-30,31.31,24.98,86.64,20.11,0.92
1992-07-31,28.06,24.98,91.35,12.7,0.92
1992-08-01,28.27,24.7,92.57,11.57,0.93
1992-08-02,28.07,25.38,92.93,1.27,0.93
1992-08-03,28.39,25.03,91.36,3.55,0.93
1992-08-04,30.06,24.84,87.57,9.9,0.93
1992-08-05,29.43,24.42,90.93,60.5,0.95
1992-08-06,28.64,24.16,89.78,21.13,0.97
1992-08-07,27.96,23.87,92.28,6.9,0.97
1992-08-08,28.35,24.42,92.67,10.52,0.97
1992-08-09,28.25,24.44,91.72,0.64,0.97
1992-08-10,29.4,23.9,91.81,7.53,0.96
1992-08-11,28.37,24.55,92.0,10.13,0.97
1992-08-12,28.13,24.69,93.83,9.58,0.97
1992-08-13,28.01,24.72,93.66,12.48,0.97
1992-08-14,27.82,24.65,94.1,13.92,0.97
1992-08-15,27.46,24.68,93.81,19.1,0.98
1992-08-16,27.98,24.37,93.28,13.34,0.98
1992-08-17,28.48,24.13,92.77,4.46,0.98
1992-08-18,29.13,24.34,92.01,12.56,0.98
1992-08-19,29.37,24.4,91.62,9.38,0.98
1992-08-20,29.94,24.39,90.77,10.5,0.98
1992-08-21,30.11,24.51,90.49,7.98,0.98
1992-08-22,29.78,24.24,91.38,10.47,0.98
1992-08-23,28.71,24.31,92.46,12.74,0.98
1992-08-24,28.87,24.73,91.54,0.86,0.98
1992-08-25,28.45,23.17,91.81,6.47,0.98
1992-08-26,29.68,22.81,89.47,5.06,0.97
1992-08-27,29.77,23.55,88.48,0.84,0.97
1992-08-28,30.57,23.79,88.72,0.2,0.96
1992-08-29,32.01,24.96,88.0,0.07,0.96
1992-08-30,30.33,25.45,89.41,0.43,0.95
1992-08-31,29.63,24.79,91.97,2.51,0.95
1992-09-01,29.44,24.98,90.82,2.23,0.94
1992-09-02,28.86,24.65,91.27,3.2,0.94
1992-09-03,28.42,24.28,90.69,3.72,0.94
1992-09-04,28.76,24.19,89.84,1.7,0.94
1992-09-05,28.92,24.18,90.55,2.28,0.93
1992-09-06,28.73,25.22,91.89,1.86,0.93
1992-09-07,28.51,24.8,92.9,1.46,0.93
1992-09-08,28.75,24.4,91.97,2.36,0.93
1992-09-09,28.24,24.46,91.94,0.87,0.92
1992-09-10,27.69,24.29,91.13,7.3,0.92
1992-09-11,28.31,23.61,91.67,12.3,0.93
1992-09-12,29.61,22.95,88.04,3.98,0.93
1992-09-13,28.43,22.73,90.03,11.33,0.93
1992-09-14,30.09,23.06,89.93,44.6,0.96
1992-09-15,29.03,23.83,91.18,12.15,0.97
1992-09-16,28.4,23.66,90.88,14.3,0.97
1992-09-17,28.68,23.89,92.02,9.22,0.97
1992-09-18,30.12,23.32,89.26,2.37,0.97
1992-09-19,29.55,23.92,89.08,1.01,0.96
1992-09-20,29.9,23.67,89.32,21.47,0.97
1992-09-21,29.8,24.41,89.92,8.04,0.97
1992-09-22,28.1,24.89,93.82,2.67,0.97
1992-09-23,27.65,24.61,94.32,2.72,0.97
1992-09-24,28.89,24.58,90.99,12.82,0.97
1992-09-25,30.94,23.69,86.04,0.23,0.97
1992-09-26,30.75,23.87,85.57,2.05,0.96
1992-09-27,29.82,24.06,87.91,1.45,0.96
1992-09-28,31.13,24.96,84.11,13.63,0.96
1992-09-29,30.31,24.04,86.8,0.88,0.96
1992-09-30,30.69,23.6,84.33,6.0,0.95
1992-10-01,28.15,24.16,89.79,5.86,0.95
1992-10-02,28.87,23.96,88.8,4.29,0.95
1992-10-03,30.22,24.63,84.81,0.89,0.95
1992-10-04,28.9,23.53,89.09,2.86,0.95
1992-10-05,29.06,24.78,87.67,0.14,0.94
1992-10-06,30.85,23.71,85.14,0.52,0.94
1992-10-07,30.02,23.89,88.04,0.03,0.93
1992-10-08,28.62,23.68,91.57,1.01,0.92
1992-10-09,30.92,22.97,86.26,1.05,0.92
1992-10-10,30.41,23.8,89.15,3.23,0.91
1992-10-11,30.2,24.7,88.19,0.45,0.9
1992-10-12,30.34,24.66,86.39,0.25,0.9
1992-10-13,29.48,24.36,89.28,0.14,0.89
1992-10-14,27.17,24.15,94.11,4.29,0.89
1992-10-15,27.35,24.8,92.6,16.69,0.89
1992-10-16,25.51,24.62,95.45,40.66,0.93
1992-10-17,26.92,25.29,95.02,22.49,0.96
1992-10-18,25.03,21.95,92.17,6.56,0.96
1992-10-19,25.41,21.61,91.89,0.24,0.96
1992-10-20,25.34,22.08,91.87,0.13,0.95
1992-10-21,28.82,23.0,89.49,1.35,0.95
1992-10-22,27.66,23.79,93.54,7.38,0.94
1992-10-23,29.29,23.91,89.52,2.64,0.95
1992-10-24,29.98,22.31,87.05,0.36,0.94
1992-10-25,29.79,22.78,87.09,0.46,0.93
1992-10-26,29.46,22.29,85.02,0.01,0.92
1992-10-27,29.05,22.98,82.55,0.0,0.91
1992-10-28,30.34,21.29,79.23,0.23,0.9
1992-10-29,30.86,23.92,81.02,2.07,0.9
1992-10-30,27.57,22.64,87.75,2.46,0.89
1992-10-31,28.25,21.79,87.04,0.28,0.88
1992-11-01,27.87,21.39,86.73,0.0,0.87
1992-11-02,28.91,21.71,85.89,0.0,0.87
1992-11-03,28.35,22.19,82.33,0.0,0.86
1992-11-04,30.01,20.86,81.14,0.0,0.85
1992-11-05,29.56,21.26,82.14,0.0,0.84
1992-11-06,29.76,22.15,80.73,0.0,0.84
1992-11-07,29.83,21.57,80.19,0.0,0.83
1992-11-08,30.07,22.09,80.03,0.0,0.82
1992-11-09,26.82,20.13,82.18,0.03,0.81
1992-11-10,23.57,17.43,76.51,0.0,0.8
1992-11-11,23.87,16.07,78.21,0.0,0.79
1992-11-12,25.14,16.46,81.22,0.0,0.78
1992-11-13,26.35,16.78,83.0,0.0,0.78
1992-11-14,25.71,18.21,82.37,0.0,0.77
1992-11-15,27.64,18.38,81.74,0.0,0.76
1992-11-16,27.72,20.35,83.06,0.0,0.75
1992-11-17,28.74,20.16,81.33,0.0,0.74
1992-11-18,29.56,19.53,80.75,0.0,0.74
1992-11-19,29.87,21.41,77.68,0.0,0.73
1992-11-20,30.35,21.22,76.62,0.24,0.72
1992-11-21,29.19,20.45,81.5,0.0,0.72
1992-11-22,28.98,22.09,84.5,0.78,0.71
1992-11-23,30.46,22.06,79.54,2.56,0.71
1992-11-24,30.46,21.49,79.71,1.86,0.7
1992-11-25,29.42,21.26,79.62,0.55,0.7
1992-11-26,28.14,20.67,79.2,0.26,0.69
1992-11-27,27.15,19.4,81.38,0.12,0.68
1992-11-28,27.13,17.24,80.08,0.0,0.68
1992-11-29,27.78,18.15,78.06,0.0,0.67
1992-11-30,27.26,17.73,78.15,0.0,0.67
1992-12-01,25.98,16.79,77.02,0.0,0.66
1992-12-02,25.31,14.55,75.66,0.0,0.65
1992-12-03,25.61,13.48,73.71,0.0,0.65
1992-12-04,27.98,13.21,72.28,0.0,0.64
1992-12-05,29.5,15.71,72.21,0.0,0.64
1992-12-06,30.27,17.43,70.64,0.0,0.63
1992-12-07,30.02,17.5,71.27,0.0,0.63
1992-12-08,29.87,16.48,70.36,0.0,0.62
1992-12-09,30.36,15.98,66.9,0.0,0.62
1992-12-10,30.88,16.45,65.33,0.0,0.61
1992-12-11,30.74,15.36,63.0,0.0,0.61
1992-12-12,31.17,14.91,59.81,0.0,0.6
1992-12-13,31.03,15.18,64.86,0.0,0.6
1992-12-14,30.69,17.38,67.43,0.0,0.59
1992-12-15,31.31,15.52,70.4,0.0,0.59
1992-12-16,30.13,18.25,73.69,0.0,0.59
1992-12-17,30.82,18.64,71.23,0.0,0.58
1992-12-18,30.79,18.26,68.49,0.0,0.58
1992-12-19,31.04,17.66,70.04,0.0,0.57
1992-12-20,30.87,17.83,68.43,0.0,0.57
1992-12-21,31.33,17.15,66.94,0.0,0.57
1992-12-22,32.67,18.66,60.87,0.0,0.56
1992-12-23,31.67,18.41,67.26,12.09,0.57
1992-12-24,25.51,17.31,85.28,49.6,0.62
1992-12-25,26.27,15.17,80.09,0.0,0.65
1992-12-26,27.28,15.05,69.11,0.0,0.65
1992-12-27,28.34,14.49,62.61,0.0,0.64
1992-12-28,28.78,15.05,62.71,0.0,0.63
1992-12-29,28.98,14.47,61.68,0.0,0.63
1992-12-30,29.53,13.7,52.96,0.0,0.62
1992-12-31,29.95,13.31,46.71,0.0,0.62
1993-01-01,30.42,13.51,54.92,0.0,0.61
1993-01-02,30.42,15.3,54.14,0.0,0.61
1993-01-03,29.71,14.87,61.48,0.0,0.6
1993-01-04,30.18,16.17,63.08,0.0,0.6
1993-01-05,31.04,15.49,58.0,0.0,0.59
1993-01-06,31.07,15.28,56.39,0.0,0.59
1993-01-07,30.47,15.29,61.15,0.0,0.58
1993-01-08,31.24,18.44,69.87,0.0,0.58
1993-01-09,29.83,18.79,68.34,0.0,0.58
1993-01-10,28.9,17.82,64.4,0.0,0.58
1993-01-11,31.41,17.33,62.77,0.0,0.57
1993-01-12,32.3,17.56,60.96,0.0,0.57
1993-01-13,32.35,16.56,67.33,0.0,0.56
1993-01-14,32.13,16.97,66.18,0.0,0.56
1993-01-15,30.96,16.64,70.77,0.0,0.56
1993-01-16,31.34,16.63,60.7,0.0,0.55
1993-01-17,32.16,15.31,54.83,0.0,0.55
1993-01-18,30.43,14.09,53.75,0.0,0.54
1993-01-19,30.43,14.39,57.25,0.0,0.54
1993-01-20,29.81,14.68,63.87,0.0,0.54
1993-01-21,30.68,14.66,60.21,0.0,0.54
1993-01-22,30.94,15.33,60.19,0.0,0.53
1993-01-23,29.73,13.73,62.01,0.0,0.53
1993-01-24,29.8,12.44,58.2,0.0,0.53
1993-01-25,29.14,12.86,55.46,0.0,0.52
1993-01-26,29.39,13.71,59.76,0.0,0.52
1993-01-27,28.62,15.91,65.65,0.0,0.52
1993-01-28,28.01,17.7,61.37,0.0,0.51
1993-01-29,28.28,16.39,62.94,0.0,0.51
1993-01-30,27.9,14.83,61.53,0.0,0.51
1993-01-31,29.8,14.2,58.41,0.0,0.51
1993-02-01,29.83,16.14,54.43,0.0,0.5
1993-02-02,30.69,14.8,56.9,0.0,0.5
1993-02-03,31.93,15.5,57.09,0.0,0.5
1993-02-04,31.98,16.44,55.6,0.0,0.5
1993-02-05,32.38,17.03,55.85,0.0,0.49
1993-02-06,32.93,17.01,59.83,0.0,0.49
1993-02-07,32.72,16.98,58.51,0.0,0.49
1993-02-08,32.76,16.41,57.96,0.0,0.49
1993-02-09,34.12,15.93,58.8,0.0,0.48
1993-02-10,34.97,16.87,54.95,0.0,0.48
1993-02-11,35.62,18.25,48.73,0.0,0.48
1993-02-12,35.27,19.0,48.86,0.0,0.48
1993-02-13,35.93,18.41,48.16,0.0,0.47
1993-02-14,34.89,17.47,47.45,0.0,0.47
1993-02-15,34.37,17.04,52.63,0.0,0.47
1993-02-16,34.61,18.5,59.69,0.0,0.47
1993-02-17,34.85,18.43,60.22,0.0,0.47
1993-02-18,34.87,18.6,60.07,0.0,0.47
1993-02-19,34.88,19.4,61.09,0.0,0.47
1993-02-20,35.02,18.71,59.0,0.0,0.47
1993-02-21,34.48,19.49,59.0,0.0,0.46
1993-02-22,35.02,19.01,57.17,0.0,0.46
1993-02-23,35.03,19.28,54.61,0.0,0.46
1993-02-24,36.19,18.98,47.58,0.0,0.46
1993-02-25,36.55,17.34,31.66,0.0,0.46
1993-02-26,36.64,16.43,37.11,0.0,0.46
1993-02-27,36.76,16.73,45.09,0.0,0.46
1993-02-28,37.4,17.83,50.03,0.0,0.46
1993-03-01,37.68,18.94,52.08,0.0,0.46
1993-03-02,37.51,20.37,46.21,0.0,0.46
1993-03-03,37.86,20.91,48.31,0.0,0.46
1993-03-04,38.57,21.16,42.13,0.0,0.46
1993-03-05,38.53,20.27,47.69,0.0,0.46
1993-03-06,38.49,20.47,44.97,0.0,0.46
1993-03-07,39.12,20.58,46.25,0.0,0.46
1993-03-08,38.16,23.0,43.04,0.13,0.46
1993-03-09,38.32,23.82,44.47,3.15,0.46
1993-03-10,36.52,25.56,55.35,8.97,0.47
1993-03-11,33.65,23.85,66.54,2.58,0.48
1993-03-12,35.28,24.08,60.89,0.08,0.48
1993-03-13,35.96,22.98,58.01,0.57,0.47
1993-03-14,37.05,20.63,51.93,0.0,0.47
1993-03-15,37.99,20.03,48.5,0.0,0.47
1993-03-16,38.03,20.09,48.45,0.0,0.46
1993-03-17,38.3,20.99,51.99,0.0,0.46
1993-03-18,38.36,21.33,53.98,0.0,0.46
1993-03-19,38.56,21.99,51.68,0.0,0.46
1993-03-20,37.94,19.98,45.3,0.0,0.46
1993-03-21,38.27,19.43,45.21,0.4,0.46
1993-03-22,38.01,21.05,48.13,0.1,0.46
1993-03-23,38.08,20.95,46.6,0.0,0.46
1993-03-24,38.47,22.1,45.03,0.0,0.46
1993-03-25,38.87,23.38,49.78,0.0,0.46
1993-03-26,39.86,23.11,48.36,0.0,0.46
1993-03-27,39.42,22.67,49.61,0.0,0.46
1993-03-28,39.61,22.89,51.41,0.0,0.46
1993-03-29,40.85,22.89,47.72,0.0,0.46
1993-03-30,40.9,23.28,40.62,0.0,0.46
1993-03-31,40.94,23.45,37.51,0.0,0.46
1993-04-01,39.91,23.67,42.76,0.0,0.46
1993-04-02,40.52,22.62,46.3,0.0,0.46
1993-04-03,41.21,23.91,42.33,0.0,0.46
1993-04-04,41.64,23.59,43.96,0.0,0.46
1993-04-05,41.74,23.1,43.17,0.0,0.46
1993-04-06,42.23,23.38,46.98,0.0,0.46
1993-04-07,42.3,25.12,48.39,0.39,0.46
1993-04-08,40.74,25.43,50.69,3.95,0.46
1993-04-09,38.89,25.34,54.68,0.0,0.46
1993-04-10,39.12,26.34,48.73,0.01,0.46
1993-04-11,40.48,25.02,41.6,0.03,0.46
1993-04-12,40.25,23.87,44.23,0.75,0.46
1993-04-13,38.11,24.11,54.85,8.15,0.47
1993-04-14,37.18,25.08,57.28,0.0,0.47
1993-04-15,39.13,24.86,49.09,0.0,0.47
1993-04-16,39.15,24.43,46.81,0.0,0.47
1993-04-17,39.59,24.38,49.75,0.0,0.46
1993-04-18,39.86,24.94,49.11,0.0,0.46
1993-04-19,41.27,24.97,45.82,0.0,0.46
1993-04-20,42.04,26.83,45.52,0.0,0.46
1993-04-21,40.83,26.81,47.47,1.82,0.46
1993-04-22,40.95,26.92,43.68,0.68,0.46
1993-04-23,40.31,26.13,43.9,0.0,0.46
1993-04-24,40.67,26.49,45.12,0.0,0.46
1993-04-25,41.02,26.31,46.04,0.0,0.46
1993-04-26,41.0,27.01,45.58,0.03,0.46
1993-04-27,40.78,26.99,47.58,0.35,0.46
1993-04-28,39.01,27.01,48.58,0.04,0.46
1993-04-29,40.91,26.02,47.79,0.01,0.46
1993-04-30,38.48,27.44,52.56,0.01,0.46
1993-05-01,38.77,27.69,49.53,1.1,0.46
1993-05-02,35.75,27.03,64.25,6.33,0.47
1993-05-03,36.4,27.65,64.31,0.09,0.47
1993-05-04,37.57,27.23,61.1,0.0,0.47
1993-05-05,39.39,27.84,55.15,0.0,0.47
1993-05-06,39.58,28.19,53.65,0.04,0.46
1993-05-07,40.46,28.44,48.4,0.33,0.46
1993-05-08,40.67,27.52,45.82,0.09,0.46
1993-05-09,39.23,26.7,52.81,1.51,0.46
1993-05-10,38.58,26.77,53.21,0.02,0.46
1993-05-11,38.12,28.31,51.82,0.18,0.46
1993-05-12,38.82,27.33,50.58,0.0,0.46
1993-05-13,39.25,27.63,48.19,0.0,0.46
1993-05-14,38.08,27.52,53.52,9.5,0.47
1993-05-15,35.08,26.91,63.86,2.01,0.47
1993-05-16,33.1,26.18,68.12,7.61,0.48
1993-05-17,37.29,25.18,59.13,0.63,0.48
1993-05-18,36.54,26.15,59.26,0.55,0.48
1993-05-19,35.45,26.66,65.95,12.95,0.49
1993-05-20,31.13,26.15,80.83,5.04,0.5
1993-05-21,29.12,25.83,84.66,2.93,0.5
1993-05-22,30.13,25.97,85.45,2.98,0.5
1993-05-23,29.2,26.26,86.97,18.96,0.52
1993-05-24,29.36,25.36,85.99,3.7,0.54
1993-05-25,34.24,25.26,76.23,0.9,0.54
1993-05-26,33.84,25.19,75.29,6.98,0.54
1993-05-27,32.38,26.51,79.33,1.2,0.54
1993-05-28,29.82,26.81,88.01,14.3,0.55
1993-05-29,29.55,26.51,88.02,23.74,0.58
1993-05-30,30.15,26.42,89.58,56.53,0.66
1993-05-31,30.71,25.67,87.12,18.98,0.7
1993-06-01,31.1,24.7,84.58,1.14,0.7
1993-06-02,30.64,25.67,85.64,1.65,0.7
1993-06-03,30.9,25.17,84.91,0.17,0.69
1993-06-04,31.19,25.51,84.66,3.06,0.69
1993-06-05,32.06,25.51,83.55,0.09,0.69
1993-06-06,31.49,25.63,83.99,0.75,0.68
1993-06-07,32.33,25.52,81.89,0.4,0.68
1993-06-08,31.17,25.55,84.33,0.41,0.67
1993-06-09,30.54,25.94,86.02,3.73,0.67
1993-06-10,30.74,25.59,86.43,12.53,0.68
1993-06-11,30.5,25.52,85.97,12.73,0.7
1993-06-12,29.19,25.36,88.35,4.89,0.7
1993-06-13,30.15,25.62,88.49,19.04,0.72
1993-06-14,31.23,26.06,84.99,8.61,0.73
1993-06-15,30.99,25.96,85.78,5.39,0.73
1993-06-16,31.74,25.71,84.64,4.67,0.73
1993-06-17,30.4,25.26,86.46,10.05,0.74
1993-06-18,30.66,25.11,84.86,3.18,0.74
1993-06-19,31.17,25.18,82.42,2.54,0.74
1993-06-20,33.21,24.62,79.48,0.6,0.73
1993-06-21,32.7,24.98,81.25,3.07,0.72
1993-06-22,31.21,25.26,84.48,4.9,0.72
1993-06-23,30.15,24.92,85.62,5.34,0.72
1993-06-24,31.48,24.4,78.92,1.89,0.72
1993-06-25,30.52,24.45,83.76,0.21,0.72
1993-06-26,34.01,24.25,76.31,0.01,0.71
1993-06-27,34.39,24.94,75.73,0.33,0.7
1993-06-28,33.44,25.58,76.11,0.4,0.69
1993-06-29,30.57,25.52,86.56,4.18,0.69
1993-06-30,29.06,25.7,88.17,3.6,0.69
1993-07-01,30.6,25.38,87.07,3.81,0.7
1993-07-02,31.9,25.59,84.58,5.2,0.7
1993-07-03,31.69,25.14,84.51,0.17,0.7
1993-07-04,32.09,25.59,82.64,0.34,0.69
1993-07-05,31.36,25.24,85.24,2.53,0.69
1993-07-06,30.85,25.5,84.94,1.42,0.68
1993-07-07,30.13,25.13,86.94,2.98,0.68
1993-07-08,30.77,25.43,82.87,0.95,0.68
1993-07-09,31.89,24.99,81.6,1.05,0.68
1993-07-10,31.04,25.08,81.33,1.63,0.68
1993-07-11,32.03,24.99,79.11,1.39,0.67
1993-07-12,29.62,25.2,87.76,8.22,0.68
1993-07-13,29.38,25.45,88.9,22.33,0.69
1993-07-14,29.58,25.12,87.25,1.4,0.71
1993-07-15,30.49,25.21,85.72,0.94,0.71
1993-07-16,32.87,24.72,81.76,5.88,0.71
1993-07-17,30.77,25.23,84.15,0.31,0.7
1993-07-18,32.28,24.42,80.17,0.9,0.7
1993-07-19,31.81,25.51,81.48,7.74,0.7
1993-07-20,30.69,24.93,84.48,9.38,0.71
1993-07-21,30.97,25.1,82.04,3.12,0.71
1993-07-22,29.94,24.73,86.3,1.86,0.71
1993-07-23,32.31,24.52,80.01,0.17,0.7
1993-07-24,30.71,25.07,84.42,0.34,0.7
1993-07-25,30.75,25.19,84.67,0.56,0.69
1993-07-26,30.44,25.08,84.55,2.5,0.69
1993-07-27,33.33,24.58,80.45,0.01,0.69
1993-07-28,32.28,25.27,83.34,1.57,0.68
1993-07-29,30.02,25.62,88.0,6.41,0.69
1993-07-30,28.94,25.14,89.84,4.46,0.69
1993-07-31,30.1,25.36,87.43,17.56,0.7
1993-08-01,30.42,25.31,86.95,8.63,0.72
1993-08-02,30.96,25.23,84.23,3.19,0.72
1993-08-03,29.73,24.32,86.61,2.55,0.72
1993-08-04,31.15,23.65,84.35,8.19,0.72
1993-08-05,30.39,24.87,87.15,12.92,0.74
1993-08-06,31.46,24.5,82.57,0.78,0.73
1993-08-07,32.28,24.16,80.76,1.94,0.72
1993-08-08,30.11,24.77,83.09,6.82,0.73
1993-08-09,31.16,24.57,84.94,5.19,0.73
1993-08-10,29.68,24.91,87.17,3.71,0.73
1993-08-11,31.25,24.43,82.37,1.24,0.73
1993-08-12,31.82,24.18,81.61,1.99,0.72
1993-08-13,31.44,24.62,82.27,3.18,0.72
1993-08-14,30.3,24.1,86.67,16.18,0.73
1993-08-15,28.67,24.44,89.5,3.48,0.74
1993-08-16,30.44,24.23,84.48,2.13,0.73
1993-08-17,29.12,24.5,87.37,10.92,0.73
1993-08-18,28.84,24.08,88.45,10.51,0.75
1993-08-19,29.2,23.77,88.3,8.07,0.76
1993-08-20,29.64,24.78,84.86,18.42,0.77
1993-08-21,29.14,24.45,86.45,9.27,0.78
1993-08-22,29.44,24.35,88.17,9.82,0.78
1993-08-23,28.8,24.5,89.18,9.54,0.79
1993-08-24,29.63,24.55,85.46,0.82,0.79
1993-08-25,29.8,24.24,86.97,2.77,0.79
1993-08-26,30.67,23.78,86.53,1.48,0.78
1993-08-27,29.82,23.74,87.51,1.86,0.77
1993-08-28,29.34,24.36,87.1,5.02,0.77
1993-08-29,31.07,24.07,84.72,1.25,0.77
1993-08-30,28.53,24.28,89.98,16.63,0.78
1993-08-31,29.86,24.21,87.32,7.32,0.79
1993-09-01,30.99,23.84,85.85,0.73,0.79
1993-09-02,31.33,24.03,84.68,2.43,0.78
1993-09-03,28.98,24.56,88.91,7.77,0.78
1993-09-04,29.93,24.23,88.7,16.25,0.79
1993-09-05,29.38,24.22,87.2,5.22,0.8
1993-09-06,29.06,23.97,87.93,1.94,0.79
1993-09-07,31.06,23.55,83.87,2.03,0.79
1993-09-08,31.61,23.43,83.04,9.33,0.79
1993-09-09,28.73,24.06,89.19,20.81,0.8
1993-09-10,27.69,24.81,93.6,16.44,0.82
1993-09-11,26.7,23.89,94.03,10.86,0.83
1993-09-12,30.22,22.96,87.77,4.13,0.83
1993-09-13,30.8,23.55,87.0,2.27,0.82
1993-09-14,29.62,23.72,87.09,0.0,0.82
1993-09-15,31.5,23.72,82.38,0.01,0.81
1993-09-16,32.71,23.85,80.71,0.44,0.8
1993-09-17,31.77,24.54,85.0,5.09,0.8
1993-09-18,29.7,24.93,89.39,16.23,0.81
1993-09-19,28.28,24.82,90.48,8.15,0.82
1993-09-20,28.49,24.4,92.11,10.01,0.82
1993-09-21,29.28,23.82,90.3,8.22,0.83
1993-09-22,29.35,23.56,88.52,1.74,0.83
1993-09-23,29.03,23.52,89.03,2.4,0.82
1993-09-24,31.29,23.76,86.15,1.22,0.82
1993-09-25,31.6,24.11,84.81,4.74,0.81
1993-09-26,30.15,24.74,87.1,1.48,0.81
1993-09-27,29.15,24.38,89.76,0.0,0.8
1993-09-28,28.74,24.77,90.98,0.0,0.8
1993-09-29,30.18,24.08,86.8,0.18,0.79
1993-09-30,31.13,24.14,86.26,3.58,0.79
1993-10-01,30.2,24.47,87.56,12.01,0.8
1993-10-02,30.05,24.37,87.95,2.24,0.8
1993-10-03,30.52,24.36,88.14,0.18,0.79
1993-10-04,31.37,24.09,85.21,0.02,0.78
1993-10-05,31.19,24.28,85.11,0.36,0.78
1993-10-06,31.08,24.24,81.63,0.02,0.77
1993-10-07,31.48,22.94,77.21,0.0,0.76
1993-10-08,30.65,23.74,83.7,0.0,0.75
1993-10-09,31.19,23.93,85.97,0.11,0.74
1993-10-10,31.88,24.55,84.32,0.4,0.73
1993-10-11,31.88,24.34,83.96,0.0,0.73
1993-10-12,31.03,24.48,79.75,0.0,0.72
1993-10-13,32.45,22.38,75.6,0.0,0.71
1993-10-14,32.62,23.29,75.69,0.0,0.7
1993-10-15,32.5,24.12,78.24,0.02,0.7
1993-10-16,32.61,24.12,76.71,0.02,0.69
1993-10-17,33.4,23.73,72.34,0.12,0.68
1993-10-18,33.78,23.6,72.72,0.86,0.67
1993-10-19,31.06,24.57,78.6,1.94,0.67
1993-10-20,30.44,23.55,80.73,1.35,0.66
1993-10-21,28.61,24.13,89.65,12.44,0.67
1993-10-22,29.29,23.88,85.88,0.37,0.68
1993-10-23,30.96,22.9,80.26,1.1,0.68
1993-10-24,31.74,22.92,77.28,0.1,0.67
1993-10-25,31.85,24.15,75.87,0.04,0.66
1993-10-26,32.69,23.63,75.37,0.69,0.66
1993-10-27,32.6,24.12,77.05,0.06,0.65
1993-10-28,30.67,25.05,79.99,0.66,0.65
1993-10-29,31.95,24.47,75.81,0.73,0.65
1993-10-30,28.17,23.91,80.27,0.0,0.64
1993-10-31,29.89,23.01,76.17,0.0,0.64
1993-11-01,30.92,22.12,72.54,0.0,0.63
1993-11-02,31.4,20.31,70.69,0.0,0.63
1993-11-03,31.13,19.89,69.73,0.0,0.62
1993-11-04,31.82,20.28,69.39,0.0,0.61
1993-11-05,32.15,20.51,71.6,0.0,0.61
1993-11-06,32.48,20.76,70.2,0.0,0.6
1993-11-07,33.38,19.98,70.18,0.0,0.6
1993-11-08,34.09,19.88,68.8,0.0,0.59
1993-11-09,33.76,20.82,68.16,0.0,0.59
1993-11-10,33.81,20.99,67.91,0.0,0.58
1993-11-11,33.89,20.65,65.72,0.0,0.58
1993-11-12,34.08,19.91,63.26,0.0,0.57
1993-11-13,33.67,20.0,64.74,0.0,0.57
1993-11-14,32.99,19.98,66.68,0.0,0.56
1993-11-15,33.28,20.79,66.14,0.0,0.56
1993-11-16,33.38,22.2,66.6,0.05,0.56
1993-11-17,32.72,19.84,66.23,0.0,0.55
1993-11-18,32.05,20.42,69.24,0.0,0.55
1993-11-19,34.0,21.41,63.68,0.0,0.54
1993-11-20,34.44,21.1,61.64,0.0,0.54
1993-11-21,34.5,21.1,60.37,0.01,0.54
1993-11-22,30.97,22.7,66.51,0.0,0.53
1993-11-23,33.69,22.47,67.3,0.0,0.53
1993-11-24,32.0,23.0,68.4,0.0,0.52
1993-11-25,32.9,23.61,68.0,0.0,0.52
1993-11-26,33.09,23.45,63.26,0.0,0.52
1993-11-27,32.99,21.83,67.05,0.0,0.51
1993-11-28,32.94,21.67,65.73,0.0,0.51
1993-11-29,34.43,23.45,63.6,0.0,0.51
1993-11-30,34.96,23.51,61.18,0.0,0.51
1993-12-01,34.47,23.79,64.5,0.0,0.5
1993-12-02,35.21,24.09,63.89,0.0,0.5
1993-12-03,34.53,24.29,56.11,0.0,0.5
1993-12-04,35.44,22.02,53.77,0.0,0.5
1993-12-05,35.84,22.77,54.82,0.0,0.5
1993-12-06,33.91,22.18,60.12,0.0,0.49
1993-12-07,33.98,22.69,57.78,0.0,0.49
1993-12-08,31.33,20.31,57.49,0.0,0.49
1993-12-09,32.34,18.74,54.65,0.0,0.49
1993-12-10,33.3,18.32,54.7,0.0,0.49
1993-12-11,32.04,23.37,66.29,0.0,0.49
1993-12-12,33.95,22.1,67.03,0.0,0.49
1993-12-13,34.26,22.82,64.66,0.0,0.48
1993-12-14,35.41,21.39,60.15,0.0,0.48
1993-12-15,35.45,21.8,58.22,0.0,0.48
1993-12-16,34.39,21.64,57.47,0.0,0.48
1993-12-17,31.71,22.16,54.76,0.0,0.48
1993-12-18,31.95,19.96,51.43,0.0,0.48
1993-12-19,33.13,18.21,51.85,0.0,0.48
1993-12-20,32.89,18.78,57.4,0.0,0.48
1993-12-21,33.15,17.14,54.97,0.0,0.48
1993-12-22,30.55,19.33,54.08,0.0,0.47
1993-12-23,29.8,17.92,54.9,0.0,0.47
1993-12-24,31.74,17.06,56.25,0.0,0.47
1993-12-25,31.4,16.12,51.9,0.0,0.47
1993-12-26,30.84,15.19,52.43,0.0,0.47
1993-12-27,29.55,15.1,52.02,0.0,0.47
1993-12-28,29.34,13.06,49.37,0.0,0.47
1993-12-29,31.08,13.64,44.46,0.0,0.47
1993-12-30,32.21,13.62,50.29,0.0,0.47
1993-12-31,34.21,15.87,46.4,0.0,0.47
1994-01-01,33.98,16.32,54.33,0.0,0.47
1994-01-02,34.81,17.16,53.28,0.0,0.47
1994-01-03,35.72,18.22,45.28,0.0,0.47
1994-01-04,36.7,20.25,37.37,0.0,0.46
1994-01-05,36.82,21.3,50.45,0.0,0.46
1994-01-06,36.38,21.46,51.17,0.0,0.46
1994-01-07,35.96,21.17,45.83,0.0,0.46
1994-01-08,35.59,20.17,42.02,0.0,0.46
1994-01-09,34.9,18.25,43.91,0.0,0.46
1994-01-10,34.94,17.06,44.86,0.0,0.46
1994-01-11,35.92,17.1,45.98,0.0,0.46
1994-01-12,36.51,17.68,36.65,0.0,0.46
1994-01-13,36.15,17.63,36.19,0.0,0.46
1994-01-14,35.61,18.66,53.02,0.0,0.46
1994-01-15,34.5,20.19,55.96,0.0,0.46
1994-01-16,35.23,19.67,53.52,0.0,0.46
1994-01-17,35.73,20.11,47.24,0.0,0.46
1994-01-18,35.71,18.67,54.32,0.0,0.46
1994-01-19,36.35,18.77,52.77,0.0,0.46
1994-01-20,36.26,19.79,45.31,0.0,0.46
1994-01-21,36.39,20.31,37.35,0.0,0.46
1994-01-22,36.11,19.8,45.58,0.0,0.46
1994-01-23,35.49,20.33,52.14,0.0,0.46
1994-01-24,35.25,21.7,53.31,0.0,0.46
1994-01-25,34.52,19.21,48.68,0.0,0.46
1994-01-26,34.34,18.46,49.55,0.0,0.46
1994-01-27,35.26,18.76,50.64,0.0,0.46
1994-01-28,35.49,18.59,50.76,0.0,0.46
1994-01-29,35.32,18.45,51.11,0.0,0.46
1994-01-30,35.17,18.03,52.98,0.0,0.46
1994-01-31,34.9,18.02,54.79,0.0,0.46
1994-02-01,35.96,20.08,49.8,0.0,0.46
1994-02-02,34.16,22.86,49.37,0.0,0.46
1994-02-03,34.45,21.71,53.76,0.0,0.46
1994-02-04,36.51,21.82,50.81,0.12,0.46
1994-02-05,37.62,21.43,43.4,0.4,0.46
1994-02-06,38.2,20.91,37.62,0.0,0.46
1994-02-07,36.76,22.79,34.44,0.0,0.46
1994-02-08,39.28,21.81,30.57,0.0,0.46
1994-02-09,39.18,21.38,33.31,0.0,0.46
1994-02-10,37.89,21.92,35.79,0.0,0.46
1994-02-11,36.92,20.44,43.28,0.0,0.46
1994-02-12,35.78,18.88,44.39,0.0,0.46
1994-02-13,36.54,18.63,34.7,0.0,0.46
1994-02-14,38.1,18.98,37.36,0.0,0.46
1994-02-15,38.37,19.85,39.42,0.0,0.46
1994-02-16,38.55,22.24,35.87,0.0,0.46
1994-02-17,39.39,20.98,31.69,0.0,0.46
1994-02-18,38.42,21.21,36.36,0.0,0.45
1994-02-19,38.39,19.32,42.76,0.0,0.45
1994-02-20,38.11,20.22,36.25,0.0,0.45
1994-02-21,37.89,19.21,37.44,0.0,0.45
1994-02-22,36.49,20.12,50.69,0.0,0.45
1994-02-23,36.51,19.71,52.63,0.0,0.45
1994-02-24,36.9,19.76,49.76,0.0,0.45
1994-02-25,36.85,18.71,50.53,0.0,0.45
1994-02-26,35.57,17.79,44.95,0.0,0.45
1994-02-27,35.79,17.83,40.09,0.0,0.45
1994-02-28,36.1,17.27,38.89,0.0,0.45
1994-03-01,37.71,19.53,36.54,0.0,0.45
1994-03-02,37.2,21.62,37.88,0.0,0.45
1994-03-03,37.13,23.3,41.95,0.0,0.45
1994-03-04,38.48,22.18,31.79,0.0,0.45
1994-03-05,38.11,19.68,35.77,0.0,0.45
1994-03-06,38.38,19.16,47.94,0.0,0.45
1994-03-07,39.12,20.64,50.77,0.0,0.45
1994-03-08,39.37,20.87,51.09,0.0,0.45
1994-03-09,40.28,21.67,50.9,0.0,0.45
1994-03-10,39.57,22.52,51.58,0.0,0.45
1994-03-11,39.48,22.13,41.15,0.0,0.45
1994-03-12,39.14,20.29,31.63,0.0,0.45
1994-03-13,38.78,20.35,39.56,0.0,0.45
1994-03-14,40.04,22.86,38.0,0.22,0.45
1994-03-15,38.95,25.19,48.11,0.0,0.45
1994-03-16,40.85,25.22,42.38,0.0,0.45
1994-03-17,41.73,23.09,35.5,0.1,0.45
1994-03-18,41.05,23.27,32.83,0.01,0.45
1994-03-19,41.03,22.42,44.04,0.02,0.45
1994-03-20,40.38,23.44,43.09,0.0,0.45
1994-03-21,37.91,24.45,49.18,0.04,0.45
1994-03-22,33.1,26.37,69.21,3.86,0.46
1994-03-23,32.12,25.43,72.96,0.6,0.46
1994-03-24,33.45,25.66,68.83,1.26,0.46
1994-03-25,33.5,24.63,67.85,3.26,0.47
1994-03-26,34.33,25.32,71.71,6.7,0.47
1994-03-27,32.22,24.68,78.96,16.2,0.49
1994-03-28,33.67,24.29,73.93,6.68,0.51
1994-03-29,36.07,24.14,63.11,0.01,0.51
1994-03-30,38.46,24.14,53.54,0.0,0.5
1994-03-31,38.34,23.42,50.6,0.0,0.49
1994-04-01,38.14,23.29,56.01,0.01,0.49
1994-04-02,38.48,23.68,55.07,0.07,0.48
1994-04-03,37.61,24.5,51.52,0.0,0.48
1994-04-04,38.57,24.82,49.67,0.0,0.48
1994-04-05,38.51,24.11,45.16,0.0,0.47
1994-04-06,39.18,21.45,49.48,0.0,0.47
1994-04-07,39.95,24.26,53.68,0.0,0.47
1994-04-08,40.12,24.78,54.3,0.0,0.47
1994-04-09,40.52,26.35,51.18,0.0,0.46
1994-04-10,40.44,26.17,51.91,0.0,0.46
1994-04-11,40.37,27.0,50.11,0.0,0.46
1994-04-12,39.72,26.88,51.61,0.03,0.46
1994-04-13,39.7,27.24,53.94,3.19,0.47
1994-04-14,36.52,27.18,64.25,19.9,0.48
1994-04-15,37.56,26.05,63.49,0.04,0.49
1994-04-16,38.55,26.71,54.9,0.03,0.49
1994-04-17,39.0,26.3,53.71,0.01,0.48
1994-04-18,39.22,25.09,51.59,0.0,0.48
1994-04-19,39.84,25.33,50.78,0.01,0.47
1994-04-20,39.83,26.52,49.76,0.06,0.47
1994-04-21,40.38,27.23,45.31,0.0,0.47
1994-04-22,40.63,26.41,47.85,0.0,0.47
1994-04-23,41.72,27.4,45.54,0.0,0.46
1994-04-24,41.45,27.35,45.53,0.0,0.46
1994-04-25,41.74,27.06,46.6,0.01,0.46
1994-04-26,42.38,28.02,48.92,0.0,0.46
1994-04-27,41.66,28.36,45.07,5.73,0.46
1994-04-28,34.59,27.84,62.5,9.0,0.48
1994-04-29,34.09,27.39,66.5,0.13,0.48
1994-04-30,34.39,25.73,63.76,2.09,0.48
1994-05-01,33.61,25.98,65.71,0.6,0.48
1994-05-02,31.77,26.8,80.56,5.95,0.48
1994-05-03,37.51,26.02,65.35,2.58,0.49
1994-05-04,38.65,24.94,58.75,0.0,0.48
1994-05-05,38.98,25.99,54.5,0.0,0.48
1994-05-06,38.71,26.89,56.84,1.88,0.48
1994-05-07,36.87,26.42,67.77,11.55,0.49
1994-05-08,31.05,26.25,82.16,8.08,0.5
1994-05-09,29.55,25.61,84.96,15.38,0.52
1994-05-10,33.05,25.12,76.01,13.72,0.54
1994-05-11,35.45,25.69,70.0,6.29,0.55
1994-05-12,31.92,25.43,77.14,9.65,0.56
1994-05-13,35.35,25.8,70.46,2.07,0.56
1994-05-14,34.95,26.31,68.65,0.61,0.55
1994-05-15,35.18,26.63,70.84,8.11,0.55
1994-05-16,33.47,26.37,73.8,0.28,0.56
1994-05-17,35.69,26.53,68.34,0.84,0.55
1994-05-18,33.68,26.35,74.69,14.46,0.56
1994-05-19,34.26,26.03,73.13,18.14,0.59
1994-05-20,37.14,25.26,66.69,2.04,0.59
1994-05-21,31.92,26.2,76.27,7.02,0.6
1994-05-22,35.18,25.4,71.42,0.01,0.59
1994-05-23,35.52,25.93,69.91,0.01,0.58
1994-05-24,34.98,26.32,70.83,0.0,0.58
1994-05-25,34.08,26.49,73.45,0.0,0.57
1994-05-26,34.43,27.07,72.59,0.2,0.57
1994-05-27,33.68,27.09,73.48,2.49,0.57
1994-05-28,33.01,26.49,75.97,1.03,0.57
1994-05-29,31.57,26.24,78.96,1.07,0.56
1994-05-30,32.39,26.17,80.29,2.19,0.56
1994-05-31,33.04,25.95,78.84,1.9,0.56
1994-06-01,32.28,25.97,79.47,0.1,0.56
1994-06-02,31.46,26.37,76.78,0.39,0.56
1994-06-03,32.51,25.64,76.88,1.25,0.56
1994-06-04,33.51,25.79,74.13,0.35,0.55
1994-06-05,31.63,26.2,79.21,0.65,0.55
1994-06-06,31.64,25.53,76.43,0.4,0.55
1994-06-07,34.31,25.93,73.11,1.58,0.55
1994-06-08,32.88,26.25,78.87,7.25,0.55
1994-06-09,30.29,26.19,86.95,9.01,0.57
1994-06-10,30.32,26.15,84.61,0.41,0.57
1994-06-11,31.34,26.38,79.57,0.53,0.56
1994-06-12,29.79,25.8,85.94,6.58,0.57
1994-06-13,32.22,25.57,79.36,4.85,0.57
1994-06-14,32.33,25.56,79.59,1.01,0.57
1994-06-15,31.62,26.17,81.15,2.05,0.57
1994-06-16,30.79,25.87,81.23,3.74,0.57
1994-06-17,31.27,25.5,83.87,8.8,0.58
1994-06-18,30.89,25.37,83.33,9.17,0.59
1994-06-19,31.65,25.37,77.46,0.27,0.6
1994-06-20,31.5,25.12,77.38,1.16,0.59
1994-06-21,33.39,24.88,76.76,9.54,0.6
1994-06-22,33.55,25.64,72.52,0.77,0.6
1994-06-23,31.3,25.64,80.88,6.34,0.6
1994-06-24,32.41,25.54,77.56,1.05,0.6
1994-06-25,29.97,25.32,82.51,10.03,0.6
1994-06-26,30.68,25.24,83.18,11.49,0.62
1994-06-27,31.89,24.55,79.97,7.87,0.63
1994-06-28,31.81,25.34,80.59,0.42,0.63
1994-06-29,32.37,24.97,76.8,1.96,0.62
1994-06-30,33.23,25.11,76.01,1.88,0.62
1994-07-01,31.24,25.75,82.7,3.89,0.62
1994-07-02,30.64,25.5,81.51,0.0,0.62
1994-07-03,33.79,24.73,74.42,0.01,0.61
1994-07-04,33.85,24.99,72.97,0.11,0.61
1994-07-05,33.93,25.58,73.93,4.47,0.6
1994-07-06,30.95,25.38,82.45,24.8,0.64
1994-07-07,32.19,25.2,80.66,6.2,0.65
1994-07-08,30.72,25.26,83.08,1.53,0.65
1994-07-09,29.64,24.92,85.33,2.45,0.64
1994-07-10,29.44,25.2,88.61,30.79,0.67
1994-07-11,28.67,25.28,90.93,12.43,0.71
1994-07-12,29.67,24.7,86.38,1.44,0.7
1994-07-13,28.79,25.16,89.84,6.76,0.7
1994-07-14,28.6,24.53,90.19,10.28,0.71
1994-07-15,30.86,25.33,85.78,1.0,0.72
1994-07-16,31.13,25.31,84.57,1.75,0.71
1994-07-17,28.73,25.25,89.36,4.63,0.71
1994-07-18,28.92,24.95,89.97,17.48,0.73
1994-07-19,27.95,24.64,90.56,3.22,0.74
1994-07-20,30.15,24.13,85.86,11.1,0.74
1994-07-21,31.31,24.37,81.27,0.34,0.74
1994-07-22,32.08,24.11,81.67,0.75,0.73
1994-07-23,31.83,24.13,82.79,2.96,0.73
1994-07-24,31.54,24.72,80.86,1.09,0.72
1994-07-25,31.1,23.96,80.74,1.27,0.72
1994-07-26,31.59,24.49,83.73,17.33,0.72
1994-07-27,31.41,24.74,85.38,29.79,0.75
1994-07-28,30.15,25.03,86.06,6.46,0.77
1994-07-29,31.42,24.64,84.61,4.45,0.77
1994-07-30,29.29,24.65,88.99,16.39,0.78
1994-07-31,28.39,24.06,90.32,36.55,0.81
1994-08-01,30.75,24.77,87.24,2.87,0.82
1994-08-02,30.86,24.53,86.22,2.71,0.81
1994-08-03,29.67,24.4,87.83,10.62,0.81
1994-08-04,29.76,24.95,88.57,6.31,0.82
1994-08-05,28.98,25.08,91.09,0.59,0.81
1994-08-06,28.73,24.89,90.54,0.83,0.81
1994-08-07,30.5,24.49,86.37,0.85,0.8
1994-08-08,29.34,24.1,87.46,1.0,0.8
1994-08-09,29.77,23.97,87.33,1.85,0.8
1994-08-10,30.31,23.85,86.32,0.53,0.79
1994-08-11,30.78,24.21,84.93,1.79,0.78
1994-08-12,31.62,24.19,81.36,0.03,0.78
1994-08-13,33.12,23.79,78.16,1.28,0.77
1994-08-14,31.57,24.67,83.52,3.0,0.76
1994-08-15,30.0,24.87,88.04,21.58,0.77
1994-08-16,30.46,24.83,86.55,24.6,0.81
1994-08-17,30.13,24.12,86.43,1.88,0.8
1994-08-18,30.75,23.5,85.26,1.44,0.8
1994-08-19,28.64,24.21,89.92,15.65,0.8
1994-08-20,29.73,23.86,88.14,0.97,0.8
1994-08-21,29.65,24.1,90.07,7.66,0.8
1994-08-22,30.31,24.06,87.6,1.77,0.8
1994-08-23,29.51,24.36,89.54,18.92,0.81
1994-08-24,28.76,24.6,90.83,4.81,0.82
1994-08-25,28.4,24.59,90.42,6.26,0.82
1994-08-26,28.75,24.31,89.43,4.08,0.82
1994-08-27,28.6,24.42,90.88,5.13,0.82
1994-08-28,29.17,24.58,89.91,5.67,0.82
1994-08-29,30.04,24.15,89.62,4.07,0.82
1994-08-30,28.66,24.43,91.15,6.01,0.82
1994-08-31,28.74,24.3,90.45,22.73,0.84
1994-09-01,29.57,24.1,86.87,9.53,0.85
1994-09-02,29.53,24.26,87.72,1.16,0.84
1994-09-03,30.08,23.55,86.52,1.3,0.83
1994-09-04,30.41,23.64,86.49,0.2,0.83
1994-09-05,31.82,24.22,84.52,2.41,0.82
1994-09-06,29.8,24.68,88.15,0.2,0.82
1994-09-07,30.56,24.5,87.07,0.08,0.81
1994-09-08,29.54,24.49,89.24,0.26,0.8
1994-09-09,30.84,24.92,87.19,1.42,0.8
1994-09-10,30.54,24.53,86.24,1.69,0.79
1994-09-11,30.39,24.42,87.79,18.61,0.8
1994-09-12,28.83,24.42,89.97,0.09,0.81
1994-09-13,30.15,24.24,88.03,0.54,0.8
1994-09-14,29.15,24.39,89.67,2.08,0.8
1994-09-15,30.23,24.44,88.35,0.85,0.79
1994-09-16,29.8,24.16,87.13,5.8,0.79
1994-09-17,31.02,23.47,81.47,0.05,0.79
1994-09-18,31.23,22.94,81.58,0.04,0.78
1994-09-19,31.03,23.66,82.63,0.17,0.77
1994-09-20,31.57,23.04,85.02,0.27,0.76
1994-09-21,29.95,24.64,87.96,3.97,0.76
1994-09-22,28.34,24.2,90.12,0.03,0.76
1994-09-23,30.04,23.87,85.2,0.01,0.75
1994-09-24,29.55,24.14,84.78,0.06,0.75
1994-09-25,30.51,23.92,84.0,0.04,0.74
1994-09-26,29.84,23.88,84.81,0.01,0.73
1994-09-27,32.26,23.43,80.47,0.11,0.73
1994-09-28,31.63,24.16,83.18,1.39,0.72
1994-09-29,29.89,24.81,87.88,2.28,0.72
1994-09-30,31.67,24.65,84.0,1.65,0.72
1994-10-01,32.57,24.54,80.41,2.16,0.71
1994-10-02,31.19,24.22,82.28,0.14,0.71
1994-10-03,31.52,24.41,81.71,0.42,0.7
1994-10-04,31.9,23.92,81.04,2.52,0.7
1994-10-05,30.43,24.95,80.05,0.52,0.7
1994-10-06,28.7,24.33,85.92,0.9,0.69
1994-10-07,31.41,23.21,82.14,0.16,0.69
1994-10-08,32.42,23.96,79.99,0.08,0.68
1994-10-09,32.33,24.55,79.53,0.0,0.67
1994-10-10,32.62,24.57,79.35,0.36,0.67
1994-10-11,32.24,24.52,79.21,1.76,0.66
1994-10-12,32.66,24.39,79.37,3.62,0.66
1994-10-13,31.94,24.07,80.21,0.39,0.66
1994-10-14,33.14,23.68,76.25,1.39,0.66
1994-10-15,30.71,24.59,82.27,1.39,0.65
1994-10-16,29.03,24.4,87.5,0.46,0.65
1994-10-17,29.97,23.99,87.5,3.09,0.65
1994-10-18,32.61,23.74,77.78,0.0,0.65
1994-10-19,33.7,24.22,73.39,0.13,0.64
1994-10-20,33.06,24.02,77.69,0.2,0.64
1994-10-21,28.19,22.64,76.26,0.0,0.63
1994-10-22,30.25,21.2,71.05,0.0,0.62
1994-10-23,29.42,19.82,69.96,0.0,0.62
1994-10-24,29.43,18.97,69.82,0.0,0.61
1994-10-25,30.99,19.02,70.06,0.0,0.61
1994-10-26,31.23,19.87,70.17,0.0,0.6
1994-10-27,31.43,19.85,70.1,0.0,0.6
1994-10-28,32.44,20.76,70.21,0.0,0.59
1994-10-29,33.19,20.58,71.16,0.0,0.59
1994-10-30,32.93,22.17,71.88,0.0,0.58
1994-10-31,32.28,22.47,72.17,0.0,0.58
1994-11-01,30.86,20.54,72.44,0.0,0.57
1994-11-02,31.37,20.32,71.53,0.0,0.57
1994-11-03,31.13,20.44,70.39,0.0,0.56
1994-11-04,31.44,18.53,70.74,0.0,0.56
1994-11-05,30.82,18.83,71.48,0.0,0.55
1994-11-06,31.8,18.06,73.1,0.0,0.55
1994-11-07,31.62,19.56,72.46,0.0,0.55
1994-11-08,30.85,18.71,71.05,0.0,0.54
1994-11-09,30.97,18.15,73.07,0.0,0.54
1994-11-10,31.69,18.57,72.47,0.0,0.54
1994-11-11,31.79,18.68,70.23,0.0,0.53
1994-11-12,32.62,18.62,68.75,0.0,0.53
1994-11-13,33.23,19.09,66.72,0.0,0.52
1994-11-14,33.16,20.04,69.18,0.0,0.52
1994-11-15,33.17,20.75,69.08,0.0,0.52
1994-11-16,33.25,20.02,69.31,0.0,0.51
1994-11-17,33.96,20.8,68.44,0.0,0.51
1994-11-18,34.2,21.36,68.6,0.0,0.51
1994-11-19,34.05,21.91,66.98,0.03,0.5
1994-11-20,34.48,21.79,67.33,0.0,0.5
1994-11-21,34.77,21.62,67.72,0.0,0.5
1994-11-22,33.08,21.89,69.63,0.0,0.5
1994-11-23,30.63,23.37,69.79,0.0,0.5
1994-11-24,33.35,21.99,66.87,0.0,0.49
1994-11-25,33.46,22.53,59.3,0.01,0.49
1994-11-26,29.82,22.45,74.21,3.09,0.49
1994-11-27,30.95,22.9,83.67,3.75,0.5
1994-11-28,33.08,22.18,76.32,2.25,0.5
1994-11-29,32.87,20.35,69.24,0.09,0.5
1994-11-30,32.87,21.32,68.59,0.41,0.5
1994-12-01,34.18,22.21,63.72,0.37,0.49
1994-12-02,34.78,20.62,53.7,0.0,0.49
1994-12-03,33.72,18.24,56.11,2.0,0.49
1994-12-04,33.25,20.07,64.8,0.18,0.49
1994-12-05,33.23,21.1,66.75,0.01,0.49
1994-12-06,33.77,21.06,62.36,0.0,0.49
1994-12-07,33.74,19.23,53.68,0.0,0.48
1994-12-08,33.72,18.58,56.33,0.0,0.48
1994-12-09,33.55,18.14,54.42,0.0,0.48
1994-12-10,33.17,17.83,52.68,0.0,0.48
1994-12-11,33.73,17.37,53.01,0.0,0.48
1994-12-12,33.95,18.65,51.07,0.0,0.48
1994-12-13,34.78,17.9,51.65,0.0,0.48
1994-12-14,33.92,17.33,65.39,0.0,0.47
1994-12-15,34.52,21.18,62.34,0.04,0.47
1994-12-16,34.21,22.88,60.11,0.0,0.47
1994-12-17,34.28,22.65,63.36,0.0,0.47
1994-12-18,33.91,22.15,62.46,0.0,0.47
1994-12-19,33.31,21.44,64.95,0.01,0.47
1994-12-20,32.8,20.63,66.49,0.0,0.47
1994-12-21,32.52,20.55,64.47,0.0,0.47
1994-12-22,32.01,19.88,60.42,0.0,0.47
1994-12-23,32.71,19.15,63.05,0.0,0.47
1994-12-24,33.71,19.82,57.6,0.0,0.47
1994-12-25,33.53,20.58,54.01,0.0,0.47
1994-12-26,33.69,19.04,50.21,0.0,0.47
1994-12-27,33.12,18.43,53.15,0.0,0.47
1994-12-28,33.83,17.52,58.95,0.0,0.46
1994-12-29,33.7,18.34,59.69,0.0,0.46
1994-12-30,33.61,20.02,53.03,0.0,0.46
1994-12-31,33.01,19.67,52.47,0.0,0.46
1995-01-01,33.47,18.42,58.37,0.0,0.46
1995-01-02,33.36,18.26,57.22,0.0,0.46
1995-01-03,32.54,17.15,39.09,0.0,0.46
1995-01-04,34.09,16.81,42.46,0.0,0.46
1995-01-05,33.55,17.02,56.24,0.0,0.46
1995-01-06,30.96,19.5,58.64,0.0,0.46
1995-01-07,31.47,18.72,53.2,0.0,0.46
1995-01-08,32.78,18.62,49.68,0.0,0.46
1995-01-09,33.7,17.84,50.26,0.0,0.46
1995-01-10,34.24,17.28,56.56,0.0,0.46
1995-01-11,34.97,18.72,57.25,0.0,0.46
1995-01-12,34.59,18.41,58.02,0.0,0.46
1995-01-13,34.67,19.08,63.49,0.0,0.46
1995-01-14,34.51,20.84,58.66,0.0,0.46
1995-01-15,34.61,22.59,54.86,0.0,0.46
1995-01-16,34.16,22.61,57.23,0.0,0.46
1995-01-17,34.49,21.32,56.82,0.0,0.46
1995-01-18,35.71,19.99,52.76,0.0,0.46
1995-01-19,35.38,20.34,56.45,0.0,0.46
1995-01-20,35.2,20.83,53.79,0.0,0.46
1995-01-21,34.39,18.97,45.24,0.0,0.46
1995-01-22,33.08,16.34,45.25,0.0,0.46
1995-01-23,33.51,15.78,39.21,0.0,0.46
1995-01-24,34.0,15.11,38.69,0.0,0.46
1995-01-25,33.49,14.27,39.24,0.0,0.46
1995-01-26,34.12,14.53,43.88,0.04,0.46
1995-01-27,33.93,16.72,44.98,0.0,0.46
1995-01-28,35.87,18.78,44.12,0.02,0.46
1995-01-29,35.64,20.79,55.05,0.03,0.46
1995-01-30,35.75,21.61,47.73,0.0,0.46
1995-01-31,35.37,19.56,36.17,0.0,0.46
1995-02-01,34.75,18.84,43.45,0.0,0.46
1995-02-02,33.04,22.98,52.62,0.0,0.46
1995-02-03,33.65,22.22,52.99,0.0,0.46
1995-02-04,33.8,22.05,53.7,0.0,0.46
1995-02-05,33.55,21.25,49.61,0.0,0.46
1995-02-06,33.01,21.74,49.21,0.0,0.46
1995-02-07,33.91,20.47,49.73,0.0,0.46
1995-02-08,34.38,18.04,45.96,0.0,0.46
1995-02-09,34.0,17.41,45.41,0.0,0.46
1995-02-10,34.07,16.53,45.11,0.0,0.46
1995-02-11,34.46,17.65,52.35,0.0,0.46
1995-02-12,35.52,18.44,48.97,0.0,0.46
1995-02-13,36.05,18.49,49.02,0.0,0.46
1995-02-14,37.04,19.01,51.9,0.0,0.46
1995-02-15,37.48,19.81,52.42,0.0,0.46
1995-02-16,36.31,19.83,48.7,0.0,0.45
1995-02-17,35.4,17.82,48.35,0.0,0.45
1995-02-18,35.16,17.03,48.66,0.0,0.45
1995-02-19,34.85,16.56,43.5,0.0,0.45
1995-02-20,36.35,18.67,48.3,0.0,0.45
1995-02-21,36.53,18.82,48.71,0.0,0.45
1995-02-22,36.93,18.89,47.82,0.0,0.45
1995-02-23,37.23,18.7,49.33,0.0,0.45
1995-02-24,37.91,18.92,46.72,0.0,0.45
1995-02-25,37.83,19.24,42.55,0.0,0.45
1995-02-26,37.16,19.18,46.68,0.0,0.45
1995-02-27,37.31,18.24,38.0,0.0,0.45
1995-02-28,38.14,17.6,41.83,0.0,0.45
1995-03-01,37.93,19.03,43.32,0.0,0.45
1995-03-02,37.67,19.89,44.23,0.0,0.45
1995-03-03,39.32,19.93,46.1,0.0,0.45
1995-03-04,39.03,20.47,43.27,0.0,0.45
1995-03-05,37.67,21.8,48.96,0.0,0.45
1995-03-06,37.79,20.67,50.31,0.0,0.45
1995-03-07,38.66,20.31,46.12,0.0,0.45
1995-03-08,39.9,21.31,46.03,0.0,0.45
1995-03-09,40.63,21.95,46.33,0.0,0.45
1995-03-10,39.78,22.95,44.06,0.0,0.45
1995-03-11,40.04,21.63,41.01,0.0,0.45
1995-03-12,39.72,21.27,38.27,0.0,0.45
1995-03-13,40.33,21.34,46.37,0.0,0.45
1995-03-14,40.09,22.16,47.43,0.0,0.45
1995-03-15,40.12,21.69,41.88,0.0,0.45
1995-03-16,39.69,21.0,43.24,0.0,0.45
1995-03-17,39.99,20.95,43.14,0.0,0.45
1995-03-18,40.97,21.6,46.53,0.01,0.45
1995-03-19,39.22,23.23,43.17,0.05,0.45
1995-03-20,38.87,24.09,51.24,0.0,0.45
1995-03-21,40.26,24.1,42.65,0.0,0.45
1995-03-22,41.13,24.57,36.47,0.0,0.45
1995-03-23,38.95,23.23,45.1,0.1,0.45
1995-03-24,38.86,24.33,48.09,0.0,0.45
1995-03-25,40.82,26.33,45.97,0.16,0.45
1995-03-26,38.58,26.71,51.71,0.24,0.45
1995-03-27,36.4,26.7,56.45,0.02,0.45
1995-03-28,38.18,26.7,49.98,1.3,0.46
1995-03-29,40.44,24.12,41.04,0.13,0.46
1995-03-30,39.65,22.52,49.21,0.0,0.46
1995-03-31,40.94,23.18,46.21,0.0,0.46
1995-04-01,41.59,23.67,44.62,0.0,0.46
1995-04-02,41.79,24.79,42.67,0.0,0.46
1995-04-03,41.93,24.96,44.5,0.01,0.46
1995-04-04,40.96,26.09,46.27,0.0,0.46
1995-04-05,40.67,25.86,47.29,0.02,0.46
1995-04-06,41.84,26.39,40.18,0.0,0.46
1995-04-07,41.09,25.74,43.08,0.0,0.45
1995-04-08,40.09,23.99,46.44,0.0,0.45
1995-04-09,40.98,24.19,44.2,0.0,0.45
1995-04-10,42.15,24.97,40.85,0.0,0.45
1995-04-11,42.97,26.54,37.37,0.0,0.45
1995-04-12,42.77,26.31,39.67,0.0,0.45
1995-04-13,41.38,26.47,43.23,0.0,0.45
1995-04-14,40.53,25.07,43.91,0.0,0.45
1995-04-15,41.94,25.26,43.22,0.0,0.45
1995-04-16,41.48,27.12,42.49,0.0,0.45
1995-04-17,42.53,27.92,40.32,0.02,0.45
1995-04-18,42.58,28.11,42.83,0.02,0.45
1995-04-19,42.8,27.71,43.66,0.39,0.45
1995-04-20,40.39,28.16,47.11,0.0,0.45
1995-04-21,42.49,27.77,40.15,0.0,0.45
1995-04-22,42.85,25.75,43.55,0.0,0.45
1995-04-23,42.6,26.1,44.47,0.0,0.45
1995-04-24,42.5,26.82,47.21,0.0,0.45
1995-04-25,42.0,28.86,46.53,0.07,0.45
1995-04-26,40.43,29.21,44.44,1.27,0.46
1995-04-27,41.93,28.23,44.26,0.25,0.46
1995-04-28,40.52,28.91,47.59,0.01,0.46
1995-04-29,41.3,27.99,47.73,0.06,0.46
1995-04-30,43.12,28.54,40.81,0.03,0.46
1995-05-01,41.1,28.78,41.58,0.07,0.46
1995-05-02,40.68,27.47,43.46,0.93,0.46
1995-05-03,41.69,29.02,44.94,0.03,0.46
1995-05-04,40.83,28.64,46.04,1.62,0.46
1995-05-05,40.67,29.45,49.31,0.18,0.46
1995-05-06,35.53,28.47,58.85,0.08,0.46
1995-05-07,37.62,28.96,54.8,2.8,0.46
1995-05-08,35.12,28.21,57.72,0.14,0.46
1995-05-09,34.42,28.23,58.93,0.07,0.46
1995-05-10,31.66,27.5,69.41,0.45,0.46
1995-05-11,35.29,26.61,64.11,0.04,0.46
1995-05-12,31.47,26.88,75.9,0.72,0.46
1995-05-13,31.05,26.43,78.42,2.24,0.46
1995-05-14,31.31,25.84,77.64,6.53,0.47
1995-05-15,31.67,25.93,80.54,8.46,0.49
1995-05-16,31.98,26.57,78.51,1.23,0.49
1995-05-17,33.85,26.36,75.74,3.81,0.49
1995-05-18,33.01,26.35,77.14,2.42,0.49
1995-05-19,35.11,26.25,69.67,0.01,0.49
1995-05-20,34.09,26.32,64.22,0.03,0.49
1995-05-21,39.04,24.64,56.25,0.34,0.48
1995-05-22,39.03,25.37,55.84,0.0,0.48
1995-05-23,39.12,27.14,54.41,0.0,0.47
1995-05-24,38.85,27.45,54.64,0.0,0.47
1995-05-25,38.05,27.6,55.35,0.02,0.47
1995-05-26,39.04,28.24,53.69,1.99,0.47
1995-05-27,33.27,27.89,70.48,14.3,0.49
1995-05-28,31.08,26.35,79.49,20.61,0.51
1995-05-29,30.98,25.98,79.33,4.82,0.53
1995-05-30,32.48,25.48,76.68,4.08,0.53
1995-05-31,33.06,25.43,77.56,3.75,0.54
1995-06-01,33.8,25.41,72.57,0.04,0.53
1995-06-02,33.14,26.54,71.35,0.4,0.53
1995-06-03,35.28,26.04,71.23,1.7,0.53
1995-06-04,32.92,26.04,80.11,14.51,0.54
1995-06-05,30.95,26.15,82.26,0.38,0.55
1995-06-06,33.48,25.76,77.06,0.59,0.54
1995-06-07,32.98,26.25,79.07,3.97,0.54
1995-06-08,31.83,26.36,80.13,1.58,0.54
1995-06-09,32.22,26.13,76.59,2.93,0.55
1995-06-10,31.5,26.24,82.56,5.38,0.55
1995-06-11,29.92,26.06,87.11,9.62,0.56
1995-06-12,31.21,25.67,81.77,1.41,0.57
1995-06-13,30.43,25.65,83.96,2.55,0.57
1995-06-14,33.06,25.54,79.63,3.83,0.57
1995-06-15,32.73,26.12,80.68,0.8,0.57
1995-06-16,32.24,25.98,79.15,0.56,0.56
1995-06-17,34.18,25.95,75.45,0.57,0.56
1995-06-18,33.13,25.82,77.5,0.05,0.56
1995-06-19,32.36,26.11,76.96,0.25,0.55
1995-06-20,31.94,25.92,80.88,1.32,0.55
1995-06-21,30.13,25.61,84.23,4.41,0.56
1995-06-22,31.93,25.61,78.53,0.77,0.56
1995-06-23,32.14,25.81,78.64,2.89,0.56
1995-06-24,31.29,25.86,81.56,1.62,0.56
1995-06-25,31.09,25.7,79.74,2.23,0.56
1995-06-26,33.9,25.14,69.99,0.34,0.55
1995-06-27,32.26,25.51,74.74,3.65,0.55
1995-06-28,32.1,24.97,79.52,2.23,0.55
1995-06-29,31.85,25.53,80.07,2.85,0.55
1995-06-30,33.0,24.95,76.26,1.13,0.55
1995-07-01,30.46,26.21,85.15,7.32,0.56
1995-07-02,32.81,26.14,82.21,10.14,0.57
1995-07-03,30.75,26.12,85.38,6.58,0.58
1995-07-04,32.07,25.77,78.82,0.5,0.58
1995-07-05,33.96,25.35,75.24,0.97,0.58
1995-07-06,31.85,25.7,77.15,0.06,0.57
1995-07-07,32.45,25.67,77.69,0.35,0.57
1995-07-08,32.11,25.73,79.6,3.27,0.57
1995-07-09,30.66,25.72,87.39,40.04,0.61
1995-07-10,30.51,25.48,85.47,7.33,0.64
1995-07-11,31.62,25.78,81.58,0.44,0.64
1995-07-12,31.24,25.35,84.05,0.54,0.63
1995-07-13,30.91,24.84,81.3,1.18,0.63
1995-07-14,32.35,25.29,77.81,0.41,0.62
1995-07-15,31.55,25.4,80.06,1.59,0.62
1995-07-16,30.3,25.2,81.95,2.09,0.62
1995-07-17,31.53,24.93,80.77,7.1,0.63
1995-07-18,29.53,24.68,84.37,1.71,0.63
1995-07-19,30.41,25.07,81.89,0.55,0.62
1995-07-20,29.0,24.46,84.5,1.74,0.62
1995-07-21,29.88,25.1,84.46,11.74,0.64
1995-07-22,32.68,24.19,78.4,0.01,0.63
1995-07-23,33.83,24.53,74.16,0.08,0.63
1995-07-24,33.74,25.0,74.54,0.84,0.62
1995-07-25,29.04,24.64,85.04,4.67,0.62
1995-07-26,29.3,24.51,83.02,0.6,0.62
1995-07-27,33.33,24.16,76.6,0.02,0.62
1995-07-28,33.05,24.88,76.48,0.65,0.61
1995-07-29,31.2,25.25,83.48,25.07,0.62
1995-07-30,28.42,24.56,89.1,41.01,0.69
1995-07-31,30.18,24.48,85.5,3.16,0.7
1995-08-01,29.26,24.86,88.41,1.56,0.7
1995-08-02,31.79,25.56,83.66,0.57,0.69
1995-08-03,31.32,25.01,84.06,4.11,0.69
1995-08-04,33.24,25.0,80.0,2.6,0.69
1995-08-05,28.95,25.12,88.0,6.83,0.69
1995-08-06,28.51,24.8,88.91,17.73,0.71
1995-08-07,28.88,24.45,88.53,11.41,0.72
1995-08-08,28.77,24.76,88.62,0.7,0.73
1995-08-09,30.6,24.04,84.5,1.14,0.72
1995-08-10,29.76,24.1,85.76,1.23,0.72
1995-08-11,30.51,24.21,84.45,0.72,0.71
1995-08-12,30.88,24.42,83.19,2.52,0.71
1995-08-13,29.82,24.69,86.41,3.96,0.71
1995-08-14,29.43,24.5,87.35,9.47,0.72
1995-08-15,30.88,24.51,85.07,4.23,0.72
1995-08-16,30.93,24.25,84.73,0.68,0.71
1995-08-17,29.25,24.52,87.42,0.18,0.71
1995-08-18,30.65,24.51,85.54,2.07,0.71
1995-08-19,30.65,24.85,84.91,0.63,0.7
1995-08-20,31.07,25.17,83.8,1.35,0.7
1995-08-21,32.45,24.39,82.03,1.31,0.7
1995-08-22,31.81,24.95,83.5,1.3,0.69
1995-08-23,29.68,25.18,88.5,2.97,0.69
1995-08-24,31.34,24.68,83.82,0.35,0.69
1995-08-25,32.31,25.23,82.46,0.79,0.68
1995-08-26,30.37,25.37,83.12,0.77,0.68
1995-08-27,30.11,25.3,87.04,0.29,0.68
1995-08-28,30.77,25.03,86.67,0.32,0.67
1995-08-29,30.87,25.95,85.82,1.09,0.67
1995-08-30,29.15,25.15,91.09,6.16,0.67
1995-08-31,29.53,24.57,88.39,10.46,0.68
1995-09-01,29.8,24.49,89.71,5.58,0.69
1995-09-02,29.26,25.36,91.45,15.1,0.7
1995-09-03,28.8,24.29,88.62,8.15,0.72
1995-09-04,30.43,23.28,84.76,2.97,0.72
1995-09-05,31.03,24.0,85.93,3.29,0.71
1995-09-06,30.87,24.88,83.61,0.2,0.71
1995-09-07,32.31,24.55,79.45,0.14,0.7
1995-09-08,31.53,24.23,81.87,0.82,0.7
1995-09-09,31.38,24.53,83.57,0.58,0.69
1995-09-10,31.49,24.23,81.75,0.64,0.68
1995-09-11,31.59,24.69,80.96,1.33,0.68
1995-09-12,31.64,25.04,80.03,2.95,0.68
1995-09-13,31.35,25.6,83.38,0.42,0.68
1995-09-14,30.01,25.45,88.9,2.48,0.68
1995-09-15,30.39,25.25,88.48,7.34,0.68
1995-09-16,31.43,24.4,82.9,4.66,0.69
1995-09-17,32.55,24.73,78.74,0.02,0.68
1995-09-18,33.78,24.7,76.8,0.3,0.67
1995-09-19,33.97,25.66,77.08,0.25,0.67
1995-09-20,31.49,25.73,82.64,1.13,0.66
1995-09-21,31.75,25.27,82.85,1.5,0.66
1995-09-22,32.95,24.58,77.8,0.57,0.65
1995-09-23,32.56,24.78,81.24,2.57,0.65
1995-09-24,30.43,25.34,86.68,2.9,0.65
1995-09-25,32.83,25.09,78.72,0.14,0.65
1995-09-26,32.08,24.39,81.27,0.17,0.64
1995-09-27,32.81,24.58,79.76,0.03,0.63
1995-09-28,33.91,24.32,76.19,0.01,0.62
1995-09-29,36.0,25.16,71.55,0.04,0.62
1995-09-30,33.62,26.22,76.02,2.21,0.62
1995-10-01,31.03,25.42,85.59,0.54,0.61
1995-10-02,30.95,25.52,85.27,0.2,0.61
1995-10-03,30.3,25.07,85.94,2.18,0.61
1995-10-04,29.95,25.02,88.0,3.49,0.61
1995-10-05,29.44,25.19,88.93,7.71,0.62
1995-10-06,30.98,25.02,86.04,7.17,0.63
1995-10-07,30.05,24.9,88.15,12.29,0.64
1995-10-08,32.5,24.14,80.01,0.6,0.64
1995-10-09,29.8,24.79,84.71,4.7,0.64
1995-10-10,32.0,23.57,78.85,0.22,0.64
1995-10-11,32.34,24.08,79.41,0.01,0.63
1995-10-12,32.61,24.34,77.77,0.25,0.62
1995-10-13,34.0,23.6,75.24,0.0,0.62
1995-10-14,31.8,24.65,81.78,3.25,0.62
1995-10-15,30.6,24.98,84.16,1.21,0.62
1995-10-16,31.98,24.74,78.22,0.07,0.61
1995-10-17,30.41,25.1,83.13,0.47,0.61
1995-10-18,30.34,24.47,84.05,7.67,0.62
1995-10-19,33.31,23.49,74.67,0.1,0.62
1995-10-20,32.94,24.12,74.86,0.38,0.61
1995-10-21,33.85,24.45,74.47,0.45,0.6
1995-10-22,33.2,24.93,75.11,0.0,0.6
1995-10-23,34.0,23.45,72.74,0.0,0.59
1995-10-24,33.99,24.45,72.04,0.0,0.59
1995-10-25,34.13,23.08,71.32,0.0,0.58
1995-10-26,34.58,23.76,70.03,0.0,0.58
1995-10-27,34.26,22.72,68.33,0.0,0.57
1995-10-28,30.22,25.21,77.36,0.0,0.57
1995-10-29,33.69,24.44,73.81,0.01,0.56
1995-10-30,32.08,25.51,77.93,0.0,0.56
1995-10-31,31.16,24.96,81.33,0.09,0.56
1995-11-01,33.29,24.13,75.17,1.39,0.56
1995-11-02,34.1,23.89,71.21,0.28,0.55
1995-11-03,31.91,25.36,73.55,0.36,0.55
1995-11-04,30.84,24.19,75.94,0.01,0.54
1995-11-05,32.77,23.66,70.71,0.0,0.54
1995-11-06,33.79,23.07,67.17,0.0,0.54
1995-11-07,34.11,24.59,71.13,0.0,0.53
1995-11-08,32.76,24.56,72.63,0.02,0.53
1995-11-09,32.51,23.65,70.46,0.0,0.53
1995-11-10,33.86,23.24,70.35,0.0,0.52
1995-11-11,34.58,23.65,71.11,0.01,0.52
1995-11-12,32.51,24.54,76.21,1.12,0.52
1995-11-13,30.87,24.98,79.18,5.9,0.52
1995-11-14,28.73,23.93,88.19,8.19,0.54
1995-11-15,30.58,22.49,75.75,0.09,0.54
1995-11-16,30.98,21.98,70.81,0.0,0.53
1995-11-17,33.29,22.24,68.1,0.0,0.53
1995-11-18,33.7,23.46,69.37,0.0,0.52
1995-11-19,32.81,23.02,71.2,0.0,0.52
1995-11-20,32.63,22.34,72.42,0.0,0.52
1995-11-21,33.44,22.46,71.43,0.0,0.51
1995-11-22,33.88,22.23,70.0,0.0,0.51
1995-11-23,33.16,22.56,70.69,0.0,0.51
1995-11-24,29.79,22.46,64.97,0.0,0.5
1995-11-25,30.86,21.32,65.94,0.05,0.5
1995-11-26,33.54,23.74,69.44,0.47,0.5
1995-11-27,33.79,20.34,58.21,0.0,0.5
1995-11-28,32.1,18.09,65.28,0.0,0.49
1995-11-29,33.17,19.69,67.05,0.0,0.49
1995-11-30,33.78,20.84,63.93,0.0,0.49
1995-12-01,34.09,20.2,60.59,0.0,0.49
1995-12-02,34.17,20.92,60.66,0.0,0.49
1995-12-03,33.77,21.82,57.15,0.0,0.48
1995-12-04,33.26,20.21,56.88,0.0,0.48
1995-12-05,32.06,20.48,62.92,0.0,0.48
1995-12-06,30.55,19.93,64.53,0.0,0.48
1995-12-07,29.67,19.45,59.72,0.0,0.48
1995-12-08,29.73,17.72,58.78,0.0,0.48
1995-12-09,29.24,16.15,62.22,0.0,0.48
1995-12-10,29.95,14.82,59.52,0.0,0.48
1995-12-11,30.79,16.55,57.1,0.0,0.48
1995-12-12,31.17,16.55,60.26,0.0,0.48
1995-12-13,32.17,18.89,53.98,0.0,0.47
1995-12-14,32.96,16.82,54.34,0.0,0.47
1995-12-15,33.84,16.71,54.39,0.0,0.47
1995-12-16,35.0,18.1,46.39,0.0,0.47
1995-12-17,35.12,18.01,42.5,0.0,0.47
1995-12-18,35.87,18.18,44.7,0.05,0.47
1995-12-19,35.01,17.45,47.15,0.0,0.47
1995-12-20,34.51,17.14,45.91,0.0,0.47
1995-12-21,34.63,17.59,51.04,0.0,0.47
1995-12-22,34.24,19.01,54.15,0.0,0.47
1995-12-23,33.24,19.69,57.19,0.0,0.47
1995-12-24,32.92,19.95,59.04,0.0,0.47
1995-12-25,32.12,20.01,55.12,0.0,0.46
1995-12-26,32.11,16.82,58.52,0.0,0.46
1995-12-27,32.11,17.89,59.97,0.0,0.46
1995-12-28,30.87,18.01,59.08,0.0,0.46
1995-12-29,31.24,17.09,55.44,0.0,0.46
1995-12-30,30.11,16.13,56.71,0.0,0.46
1995-12-31,29.37,16.25,56.35,0.0,0.46
1996-01-01,29.43,15.6,55.99,0.0,0.46
1996-01-02,29.69,15.25,53.74,0.0,0.46
1996-01-03,31.34,15.74,54.1,0.0,0.46
1996-01-04,31.5,18.45,56.72,0.0,0.46
1996-01-05,31.75,17.5,59.49,0.0,0.46
1996-01-06,32.02,17.48,55.79,0.0,0.46
1996-01-07,32.43,17.54,53.31,0.0,0.46
1996-01-08,33.19,16.61,52.58,0.0,0.46
1996-01-09,33.38,17.65,53.69,0.0,0.46
1996-01-10,33.21,17.63,58.31,0.0,0.46
1996-01-11,33.17,18.48,55.79,0.0,0.46
1996-01-12,34.18,17.33,42.89,0.0,0.46
1996-01-13,34.07,17.19,46.91,0.0,0.46
1996-01-14,32.3,16.51,48.14,0.0,0.46
1996-01-15,33.67,15.49,48.78,0.0,0.46
1996-01-16,34.5,16.28,52.28,0.0,0.46
1996-01-17,34.92,17.48,42.29,0.0,0.46
1996-01-18,33.7,16.17,47.72,0.0,0.46
1996-01-19,33.81,16.75,53.46,0.0,0.46
1996-01-20,33.26,16.47,53.78,0.0,0.46
1996-01-21,33.54,16.21,48.94,0.0,0.46
1996-01-22,34.44,15.73,48.96,0.0,0.46
1996-01-23,34.66,16.34,39.08,0.0,0.46
1996-01-24,35.74,16.13,36.91,0.0,0.46
1996-01-25,35.34,16.17,44.92,0.0,0.46
1996-01-26,34.99,15.65,37.27,0.0,0.46
1996-01-27,35.85,15.05,40.87,0.0,0.46
1996-01-28,35.86,16.68,45.4,0.0,0.46
1996-01-29,36.0,19.32,46.09,0.0,0.46
1996-01-30,35.7,18.94,45.69,0.0,0.46
1996-01-31,35.48,17.75,43.76,0.0,0.46
1996-02-01,34.53,19.01,48.52,0.0,0.46
1996-02-02,34.76,20.02,50.03,0.0,0.46
1996-02-03,34.54,20.34,54.79,0.0,0.46
1996-02-04,35.32,21.38,51.24,0.0,0.46
1996-02-05,34.63,19.52,41.72,0.0,0.46
1996-02-06,33.6,19.52,47.31,0.0,0.46
1996-02-07,34.52,19.99,45.99,0.0,0.46
1996-02-08,34.58,20.05,45.37,0.0,0.46
1996-02-09,34.93,20.15,41.34,0.0,0.46
1996-02-10,33.4,19.73,49.06,0.0,0.46
1996-02-11,33.85,19.21,53.38,0.0,0.46
1996-02-12,34.84,20.07,52.98,0.0,0.45
1996-02-13,36.02,21.09,51.28,0.0,0.45
1996-02-14,36.06,18.98,45.34,0.0,0.45
1996-02-15,37.01,18.0,46.46,0.0,0.45
1996-02-16,37.42,18.14,42.87,0.0,0.45
1996-02-17,38.18,17.91,39.23,0.0,0.45
1996-02-18,39.58,17.99,44.76,0.2,0.45
1996-02-19,37.53,21.89,52.05,1.19,0.46
1996-02-20,25.26,21.42,78.82,1.3,0.46
1996-02-21,31.08,19.16,66.57,4.51,0.46
1996-02-22,32.44,18.5,63.69,0.96,0.47
1996-02-23,34.53,22.25,58.39,0.03,0.46
1996-02-24,35.84,21.58,51.04,0.0,0.46
1996-02-25,36.5,21.13,48.58,0.0,0.46
1996-02-26,37.62,20.97,51.01,0.0,0.46
1996-02-27,38.27,21.98,46.82,0.0,0.46
1996-02-28,38.24,20.21,41.87,0.0,0.46
1996-02-29,38.35,19.47,43.96,0.0,0.46
1996-03-01,39.04,20.1,46.22,0.52,0.46
1996-03-02,36.85,21.34,50.2,0.0,0.46
1996-03-03,36.77,24.51,58.46,0.0,0.46
1996-03-04,37.97,23.59,51.53,0.0,0.46
1996-03-05,38.05,23.75,41.21,0.0,0.46
1996-03-06,38.8,23.63,35.8,0.0,0.46
1996-03-07,37.68,20.5,38.49,0.0,0.46
1996-03-08,37.37,19.8,44.3,0.0,0.46
1996-03-09,37.45,20.48,48.92,0.0,0.46
1996-03-10,38.38,19.99,51.73,0.0,0.46
1996-03-11,38.77,21.0,47.05,0.0,0.46
1996-03-12,39.38,21.62,44.05,0.0,0.46
1996-03-13,38.81,22.85,45.96,0.0,0.46
1996-03-14,39.32,22.8,46.97,0.0,0.46
1996-03-15,39.55,22.87,48.66,0.0,0.46
1996-03-16,39.32,21.99,50.46,0.0,0.46
1996-03-17,39.54,21.23,51.84,0.0,0.46
1996-03-18,40.5,22.51,51.92,0.0,0.46
1996-03-19,40.36,24.18,52.52,0.0,0.46
1996-03-20,39.93,24.39,51.7,0.0,0.46
1996-03-21,39.88,24.99,50.36,0.0,0.46
1996-03-22,40.82,25.28,48.28,0.0,0.46
1996-03-23,41.6,24.81,45.42,0.0,0.46
1996-03-24,41.27,23.97,43.2,0.0,0.46
1996-03-25,41.02,25.06,39.31,0.0,0.46
1996-03-26,40.17,24.39,45.2,0.0,0.45
1996-03-27,40.23,26.0,45.79,0.39,0.46
1996-03-28,39.2,25.76,50.79,0.01,0.46
1996-03-29,40.52,26.59,49.6,0.0,0.46
1996-03-30,40.39,25.45,46.81,0.0,0.46
1996-03-31,41.12,24.67,47.48,0.0,0.46
1996-04-01,40.78,23.77,46.8,0.0,0.46
1996-04-02,40.85,23.5,45.51,0.0,0.46
1996-04-03,40.95,24.25,48.26,0.0,0.45
1996-04-04,40.06,22.94,40.07,0.02,0.45
1996-04-05,39.9,22.12,45.34,0.0,0.45
1996-04-06,40.21,22.77,44.85,0.0,0.45
1996-04-07,41.1,24.96,44.29,0.0,0.45
1996-04-08,42.32,25.95,41.33,0.0,0.45
1996-04-09,41.94,25.25,40.04,0.0,0.45
1996-04-10,41.96,24.59,42.3,0.0,0.45
1996-04-11,41.6,24.56,42.72,0.03,0.45
1996-04-12,37.42,26.11,51.24,1.61,0.46
1996-04-13,36.67,27.3,53.35,0.0,0.46
1996-04-14,37.02,28.15,51.93,0.7,0.46
1996-04-15,37.16,27.43,57.47,0.0,0.46
1996-04-16,37.97,27.65,54.25,0.0,0.46
1996-04-17,41.67,27.28,46.82,0.0,0.46
1996-04-18,41.18,27.25,46.75,0.0,0.46
1996-04-19,41.71,26.43,49.07,0.0,0.46
1996-04-20,42.8,26.84,48.02,0.4,0.46
1996-04-21,40.75,27.59,49.52,0.14,0.46
1996-04-22,37.54,28.26,53.66,0.2,0.46
1996-04-23,38.4,27.06,56.08,0.0,0.46
1996-04-24,39.07,27.64,51.98,0.22,0.46
1996-04-25,36.12,27.07,57.08,0.48,0.46
1996-04-26,32.88,25.45,69.77,19.46,0.47
1996-04-27,34.55,24.48,69.01,0.59,0.49
1996-04-28,36.02,25.41,66.64,0.06,0.49
1996-04-29,37.68,26.51,61.02,0.03,0.48
1996-04-30,36.86,26.14,57.98,0.01,0.48
1996-05-01,37.5,25.49,60.44,0.68,0.48
1996-05-02,35.86,26.66,62.69,0.98,0.47
1996-05-03,30.56,26.43,82.59,5.91,0.48
1996-05-04,30.05,26.08,84.66,2.77,0.49
1996-05-05,31.69,26.1,80.77,1.75,0.49
1996-05-06,31.71,26.5,80.78,1.85,0.49
1996-05-07,32.18,26.76,76.0,0.15,0.49
1996-05-08,32.99,26.63,69.19,0.77,0.48
1996-05-09,35.95,25.97,66.62,1.64,0.48
1996-05-10,35.97,26.28,62.75,0.0,0.48
1996-05-11,38.4,26.28,57.45,0.0,0.48
1996-05-12,35.47,27.64,61.03,0.0,0.47
1996-05-13,39.52,27.15,54.15,0.0,0.47
1996-05-14,40.73,26.19,50.6,0.04,0.47
1996-05-15,40.04,27.06,51.48,2.11,0.47
1996-05-16,39.76,26.99,53.59,3.47,0.47
1996-05-17,36.84,27.94,57.21,0.39,0.47
1996-05-18,35.0,27.97,59.88,0.33,0.47
1996-05-19,35.52,27.06,62.65,0.89,0.47
1996-05-20,34.59,27.51,60.64,0.65,0.47
1996-05-21,33.47,27.87,69.43,2.23,0.47
1996-05-22,33.66,26.66,72.56,8.32,0.48
1996-05-23,31.64,26.32,74.63,2.93,0.49
1996-05-24,34.06,25.45,76.61,25.37,0.51
1996-05-25,33.01,25.52,77.63,8.72,0.54
1996-05-26,34.57,25.22,71.84,2.21,0.54
1996-05-27,33.87,25.61,74.74,4.62,0.54
1996-05-28,32.98,26.1,76.67,6.48,0.54
1996-05-29,32.11,25.1,77.27,0.11,0.54
1996-05-30,32.0,25.79,77.42,6.3,0.54
1996-05-31,33.56,25.58,75.25,0.93,0.55
1996-06-01,34.01,25.67,75.54,12.35,0.55
1996-06-02,34.1,25.3,74.98,6.86,0.56
1996-06-03,33.27,25.07,76.38,19.95,0.58
1996-06-04,33.55,24.6,73.47,0.68,0.59
1996-06-05,34.23,24.49,72.17,2.37,0.58
1996-06-06,32.3,25.73,76.72,2.41,0.58
1996-06-07,30.67,25.64,79.15,0.28,0.58
1996-06-08,30.25,25.68,79.65,0.9,0.58
1996-06-09,30.7,25.01,78.99,0.71,0.58
1996-06-10,34.61,25.53,71.54,0.79,0.57
1996-06-11,35.75,25.92,67.07,0.44,0.57
1996-06-12,32.56,26.34,75.97,4.46,0.57
1996-06-13,31.97,25.86,76.71,0.03,0.57
1996-06-14,29.54,25.85,84.91,0.81,0.56
1996-06-15,30.79,26.13,83.28,3.99,0.57
1996-06-16,29.46,25.64,88.62,26.84,0.6
1996-06-17,30.36,25.48,84.89,1.83,0.61
1996-06-18,30.89,25.93,82.38,1.03,0.61
1996-06-19,31.22,25.92,83.54,6.34,0.61
1996-06-20,30.61,26.08,84.83,24.26,0.64
1996-06-21,29.86,26.03,85.59,2.55,0.65
1996-06-22,29.93,25.86,87.31,3.34,0.65
1996-06-23,29.48,25.25,84.03,0.35,0.65
1996-06-24,30.65,25.11,82.06,1.9,0.64
1996-06-25,30.13,24.68,84.06,2.1,0.64
1996-06-26,29.81,25.19,84.27,0.94,0.64
1996-06-27,30.63,24.29,81.08,0.53,0.64
1996-06-28,30.97,25.28,79.82,0.78,0.64
1996-06-29,31.69,25.28,79.42,3.0,0.63
1996-06-30,31.92,24.91,78.39,0.45,0.63
1996-07-01,32.22,25.31,79.51,2.67,0.63
1996-07-02,32.51,25.48,77.79,0.52,0.63
1996-07-03,34.3,24.96,72.7,0.06,0.62
1996-07-04,31.18,24.02,76.22,1.52,0.62
1996-07-05,34.28,23.23,72.03,0.18,0.61
1996-07-06,33.6,24.8,73.63,0.65,0.6
1996-07-07,32.41,25.13,76.23,0.61,0.6
1996-07-08,32.18,25.42,77.45,0.0,0.6
1996-07-09,34.5,25.34,71.44,0.0,0.59
1996-07-10,36.34,25.49,69.32,0.05,0.59
1996-07-11,32.21,25.79,79.21,1.53,0.58
1996-07-12,31.07,26.19,83.47,6.89,0.59
1996-07-13,31.66,26.16,81.45,1.35,0.59
1996-07-14,32.28,25.86,79.59,1.4,0.59
1996-07-15,31.65,25.61,79.72,0.53,0.58
1996-07-16,31.68,25.79,79.77,0.32,0.58
1996-07-17,30.91,25.65,80.82,0.83,0.58
1996-07-18,32.66,26.11,77.18,0.71,0.57
1996-07-19,30.88,25.92,83.98,3.46,0.57
1996-07-20,32.0,25.46,82.07,5.38,0.58
1996-07-21,30.81,25.38,82.33,0.33,0.58
1996-07-22,31.39,25.55,79.92,4.1,0.58
1996-07-23,28.98,25.33,89.31,42.02,0.62
1996-07-24,30.27,25.35,86.6,22.4,0.67
1996-07-25,29.83,25.23,87.53,17.96,0.69
1996-07-26,30.77,25.18,82.09,5.03,0.7
1996-07-27,28.7,24.3,88.61,51.09,0.75
1996-07-28,29.83,24.21,86.46,1.25,0.77
1996-07-29,30.8,24.76,82.01,0.35,0.75
1996-07-30,29.12,25.64,86.99,1.39,0.75
1996-07-31,29.17,25.54,89.53,24.91,0.76
1996-08-01,31.03,25.11,85.11,2.76,0.77
1996-08-02,30.37,25.26,88.53,18.15,0.78
1996-08-03,30.91,24.89,86.27,3.12,0.79
1996-08-04,31.42,25.06,85.83,12.31,0.79
1996-08-05,31.15,24.99,85.57,6.61,0.8
1996-08-06,27.82,23.51,91.29,11.48,0.8
1996-08-07,30.93,23.06,85.06,0.95,0.8
1996-08-08,31.92,24.1,82.4,0.16,0.79
1996-08-09,31.5,24.03,85.7,0.06,0.78
1996-08-10,31.31,24.76,85.39,0.0,0.77
1996-08-11,30.19,25.37,87.22,0.21,0.77
1996-08-12,29.79,24.67,88.15,1.69,0.76
1996-08-13,30.07,25.15,87.42,2.55,0.76
1996-08-14,30.85,24.41,84.92,0.43,0.76
1996-08-15,30.63,24.78,87.41,3.11,0.75
1996-08-16,29.72,24.76,89.15,5.68,0.76
1996-08-17,29.94,24.33,85.93,2.02,0.75
1996-08-18,30.34,23.92,83.9,0.75,0.75
1996-08-19,29.36,24.06,86.97,6.82,0.75
1996-08-20,28.67,23.59,87.28,7.85,0.75
1996-08-21,30.28,23.61,83.97,11.11,0.76
1996-08-22,32.05,23.78,80.8,0.21,0.76
1996-08-23,30.87,23.95,83.09,0.6,0.75
1996-08-24,28.1,24.13,88.15,1.41,0.75
1996-08-25,30.46,24.0,84.23,5.03,0.75
1996-08-26,30.63,23.66,84.93,0.74,0.74
1996-08-27,29.3,24.47,86.77,0.17,0.74
1996-08-28,32.09,24.07,83.55,0.05,0.73
1996-08-29,32.43,24.24,82.29,2.04,0.73
1996-08-30,30.68,24.99,85.67,0.41,0.72
1996-08-31,30.71,25.04,85.1,1.75,0.72
1996-09-01,31.34,24.3,83.95,2.81,0.72
1996-09-02,31.32,23.55,84.69,19.61,0.73
1996-09-03,28.33,24.46,88.62,2.08,0.74
1996-09-04,29.92,24.52,84.46,0.59,0.73
1996-09-05,29.86,24.11,84.04,0.33,0.73
1996-09-06,32.09,23.67,80.07,0.01,0.72
1996-09-07,32.07,23.82,80.5,0.53,0.71
1996-09-08,32.96,25.12,78.38,0.1,0.71
1996-09-09,32.51,25.09,79.79,0.48,0.7
1996-09-10,29.79,24.81,87.1,1.1,0.7
1996-09-11,29.47,24.85,87.9,0.11,0.7
1996-09-12,31.36,25.09,85.75,0.13,0.69
1996-09-13,33.38,24.97,79.31,0.94,0.69
1996-09-14,29.93,25.67,86.17,0.69,0.68
1996-09-15,29.48,25.44,88.68,0.9,0.68
1996-09-16,31.71,25.89,84.55,3.15,0.68
1996-09-17,30.0,25.63,89.64,15.58,0.69
1996-09-18,30.67,25.32,86.86,2.43,0.7
1996-09-19,29.32,25.12,87.98,1.86,0.7
1996-09-20,31.61,24.9,84.25,1.5,0.69
1996-09-21,30.29,24.79,88.79,5.42,0.69
1996-09-22,31.13,24.83,82.69,0.16,0.69
1996-09-23,30.15,25.32,84.92,4.04,0.69
1996-09-24,28.81,24.16,91.48,13.68,0.71
1996-09-25,30.0,23.88,85.62,1.94,0.71
1996-09-26,29.63,24.14,89.57,24.08,0.72
1996-09-27,29.85,24.55,88.47,1.22,0.74
1996-09-28,30.26,24.92,86.61,0.21,0.73
1996-09-29,31.12,24.04,85.95,0.02,0.72
1996-09-30,29.15,25.18,89.3,0.15,0.72
1996-10-01,28.92,24.21,87.38,2.23,0.72
1996-10-02,29.24,23.91,89.01,1.74,0.71
1996-10-03,29.9,23.75,86.72,0.74,0.71
1996-10-04,31.03,23.4,85.91,6.73,0.71
1996-10-05,31.55,24.06,85.46,0.81,0.71
1996-10-06,29.5,24.14,87.64,1.13,0.7
1996-10-07,30.39,23.78,85.38,0.03,0.7
1996-10-08,31.19,23.97,83.28,0.56,0.69
1996-10-09,30.58,24.0,84.96,0.51,0.69
1996-10-10,31.36,24.04,82.17,0.7,0.69
1996-10-11,30.63,24.12,83.09,1.32,0.68
1996-10-12,32.3,23.4,79.5,0.06,0.68
1996-10-13,33.48,23.76,76.5,0.0,0.67
1996-10-14,32.31,24.15,78.1,0.03,0.66
1996-10-15,33.67,25.03,74.36,0.0,0.65
1996-10-16,32.36,24.43,78.01,0.0,0.65
1996-10-17,34.08,23.32,74.99,0.0,0.64
1996-10-18,33.56,23.75,76.22,0.0,0.64
1996-10-19,33.4,24.28,75.9,0.11,0.63
1996-10-20,33.77,24.39,74.63,0.59,0.62
1996-10-21,32.58,25.0,73.06,0.2,0.62
1996-10-22,33.48,23.43,72.96,0.0,0.61
1996-10-23,33.91,24.19,72.61,0.0,0.61
1996-10-24,33.06,24.36,75.11,0.28,0.6
1996-10-25,31.86,24.78,79.34,1.29,0.6
1996-10-26,31.86,24.37,74.63,0.0,0.59
1996-10-27,31.4,23.99,73.04,0.0,0.59
1996-10-28,32.56,23.91,71.24,0.0,0.58
1996-10-29,33.85,23.85,71.32,0.0,0.58
1996-10-30,32.81,24.55,74.31,0.28,0.57
1996-10-31,29.72,24.7,81.39,0.24,0.57
1996-11-01,29.82,24.24,85.81,1.95,0.57
1996-11-02,29.21,24.6,89.76,2.52,0.57
1996-11-03,30.07,24.19,87.31,0.38,0.58
1996-11-04,31.68,24.31,82.45,2.37,0.57
1996-11-05,29.16,23.44,87.82,5.81,0.58
1996-11-06,32.73,22.95,80.5,1.12,0.58
1996-11-07,33.61,23.57,73.43,0.12,0.57
1996-11-08,34.56,23.39,67.42,0.33,0.57
1996-11-09,35.01,23.68,69.83,0.01,0.56
1996-11-10,34.59,23.31,71.24,0.0,0.56
1996-11-11,35.03,22.66,63.92,0.0,0.55
1996-11-12,34.0,21.32,66.22,0.0,0.55
1996-11-13,33.14,21.78,67.61,0.24,0.54
1996-11-14,32.57,22.17,70.25,0.02,0.54
1996-11-15,32.84,23.21,72.73,0.0,0.54
1996-11-16,33.24,21.91,70.17,0.0,0.53
1996-11-17,33.5,21.97,67.77,0.01,0.53
1996-11-18,31.88,23.89,69.88,0.11,0.53
1996-11-19,30.79,22.25,68.45,0.0,0.52
1996-11-20,32.06,22.47,69.51,0.0,0.52
1996-11-21,33.16,22.7,70.43,0.0,0.52
1996-11-22,33.48,22.1,69.88,0.0,0.51
1996-11-23,33.55,22.82,69.43,0.0,0.51
1996-11-24,33.47,22.23,69.83,0.0,0.51
1996-11-25,32.99,22.41,69.65,0.0,0.5
1996-11-26,34.37,22.69,67.01,0.0,0.5
1996-11-27,33.94,22.88,67.64,0.0,0.5
1996-11-28,33.13,23.19,70.91,0.0,0.5
1996-11-29,33.01,23.04,70.2,0.0,0.5
1996-11-30,31.15,24.5,71.7,0.0,0.49
1996-12-01,28.33,23.38,77.3,0.0,0.49
1996-12-02,31.71,22.75,69.72,0.0,0.49
1996-12-03,32.29,23.38,70.95,0.0,0.49
1996-12-04,33.18,24.29,69.42,0.0,0.49
1996-12-05,36.06,23.92,64.03,0.0,0.49
1996-12-06,34.16,24.59,67.48,0.0,0.49
1996-12-07,32.41,24.12,57.3,0.0,0.49
1996-12-08,32.92,22.79,60.39,0.0,0.48
1996-12-09,32.99,21.83,63.03,0.0,0.48
1996-12-10,33.24,22.31,66.99,0.0,0.48
1996-12-11,33.61,22.1,66.72,0.0,0.48
1996-12-12,34.61,22.26,65.53,0.0,0.48
1996-12-13,33.4,22.65,66.68,0.0,0.48
1996-12-14,33.93,23.49,66.0,0.0,0.48
1996-12-15,33.4,22.81,60.32,0.0,0.48
1996-12-16,33.5,19.11,55.18,0.0,0.48
1996-12-17,33.4,19.77,59.35,0.0,0.47
1996-12-18,32.55,19.9,60.42,0.0,0.47
1996-12-19,33.13,19.36,65.49,0.0,0.47
1996-12-20,32.34,19.65,65.07,0.0,0.47
1996-12-21,32.55,19.73,62.37,0.0,0.47
1996-12-22,32.66,19.59,59.52,0.0,0.47
1996-12-23,32.06,21.14,59.36,0.0,0.47
1996-12-24,32.5,19.13,56.86,0.0,0.47
1996-12-25,32.04,19.63,54.4,0.0,0.47
1996-12-26,31.25,18.71,56.06,0.0,0.47
1996-12-27,31.71,18.62,52.11,0.0,0.47
1996-12-28,31.97,18.92,54.81,0.0,0.47
1996-12-29,31.24,19.37,55.84,0.0,0.47
1996-12-30,31.38,18.05,54.11,0.0,0.47
1996-12-31,32.17,18.89,52.68,0.0,0.47
1997-01-01,32.46,17.94,53.77,0.0,0.46
1997-01-02,32.5,17.96,54.13,0.0,0.46
1997-01-03,31.71,17.75,59.4,0.0,0.46
1997-01-04,31.78,17.76,61.89,0.0,0.46
1997-01-05,31.39,18.1,55.39,0.0,0.46
1997-01-06,32.53,17.81,48.84,0.0,0.46
1997-01-07,32.09,17.79,53.1,0.0,0.46
1997-01-08,32.58,16.85,53.58,0.0,0.46
1997-01-09,32.2,17.24,59.34,0.0,0.46
1997-01-10,32.44,18.64,63.32,0.0,0.46
1997-01-11,31.98,19.11,62.65,0.0,0.46
1997-01-12,32.03,20.05,64.7,0.0,0.46
1997-01-13,33.22,20.19,62.58,0.0,0.46
1997-01-14,34.27,19.59,54.22,0.0,0.46
1997-01-15,34.69,18.49,49.35,0.0,0.46
1997-01-16,34.57,18.76,51.59,0.0,0.46
1997-01-17,34.22,18.96,51.34,0.0,0.46
1997-01-18,33.31,18.72,41.73,0.02,0.46
1997-01-19,33.77,14.95,32.71,0.0,0.46
1997-01-20,34.12,15.39,36.8,0.0,0.46
1997-01-21,32.84,16.36,58.1,0.0,0.46
1997-01-22,32.28,16.44,56.6,0.0,0.46
1997-01-23,30.61,17.97,52.26,0.0,0.46
1997-01-24,30.74,14.5,44.96,0.0,0.46
1997-01-25,31.77,14.51,47.28,0.0,0.46
1997-01-26,33.08,14.3,43.1,0.0,0.46
1997-01-27,32.88,16.07,57.14,0.0,0.46
1997-01-28,33.19,17.44,59.6,0.0,0.46
1997-01-29,33.97,18.59,57.98,0.0,0.46
1997-01-30,33.78,18.62,45.82,0.0,0.46
1997-01-31,32.95,15.99,37.23,0.0,0.46
1997-02-01,32.47,14.94,44.26,0.0,0.46
1997-02-02,34.15,16.91,53.24,0.0,0.46
1997-02-03,34.31,17.67,53.75,0.0,0.46
1997-02-04,34.88,17.58,48.64,0.0,0.46
1997-02-05,34.89,17.01,45.63,0.0,0.46
1997-02-06,34.26,16.52,52.28,0.0,0.46
1997-02-07,33.65,16.56,53.1,0.0,0.46
1997-02-08,32.3,16.76,50.88,0.0,0.46
1997-02-09,32.65,13.98,31.5,0.0,0.46
1997-02-10,33.77,13.83,34.88,0.0,0.46
1997-02-11,34.77,14.99,35.86,0.0,0.46
1997-02-12,35.64,14.53,41.33,0.0,0.46
1997-02-13,35.66,15.63,47.6,0.0,0.46
1997-02-14,35.78,16.65,45.04,0.0,0.46
1997-02-15,35.75,16.78,36.13,0.0,0.45
1997-02-16,36.59,16.3,34.78,0.0,0.45
1997-02-17,36.42,15.53,43.39,0.0,0.45
1997-02-18,36.76,15.36,36.38,0.0,0.45
1997-02-19,37.12,16.59,43.21,0.0,0.45
1997-02-20,36.29,16.51,47.49,0.0,0.45
1997-02-21,36.28,16.69,43.44,0.0,0.45
1997-02-22,36.45,17.13,46.96,0.0,0.45
1997-02-23,36.07,18.13,44.68,0.0,0.45
1997-02-24,35.13,18.04,40.16,0.0,0.45
1997-02-25,36.26,16.29,31.55,0.0,0.45
1997-02-26,36.84,18.15,37.83,0.0,0.45
1997-02-27,37.6,19.44,31.27,0.0,0.45
1997-02-28,37.7,19.58,33.81,0.0,0.45
1997-03-01,37.83,19.22,33.39,0.0,0.45
1997-03-02,38.78,18.55,38.29,0.0,0.45
1997-03-03,37.92,19.53,44.97,0.0,0.45
1997-03-04,38.04,20.7,42.1,0.0,0.45
1997-03-05,38.29,20.36,42.62,0.0,0.45
1997-03-06,39.27,21.57,34.76,0.0,0.45
1997-03-07,39.8,21.23,37.48,0.0,0.45
1997-03-08,39.4,22.57,46.58,0.0,0.45
1997-03-09,39.76,22.85,40.25,0.0,0.45
1997-03-10,39.29,20.79,42.78,0.0,0.45
1997-03-11,39.76,20.29,41.99,0.0,0.45
1997-03-12,38.94,20.04,48.55,0.0,0.45
1997-03-13,38.61,20.93,50.07,0.0,0.45
1997-03-14,38.79,21.38,51.31,0.0,0.45
1997-03-15,38.74,22.44,50.08,0.0,0.45
1997-03-16,39.82,22.17,49.39,0.0,0.45
1997-03-17,39.82,23.82,48.27,0.0,0.45
1997-03-18,39.14,23.45,50.1,0.0,0.45
1997-03-19,38.26,24.29,52.95,0.0,0.45
1997-03-20,38.81,22.86,53.32,0.0,0.45
1997-03-21,37.74,24.02,54.79,0.0,0.45
1997-03-22,37.69,23.1,50.61,0.14,0.45
1997-03-23,38.66,24.34,48.88,0.0,0.45
1997-03-24,34.93,25.31,52.47,0.05,0.45
1997-03-25,40.52,24.8,38.56,0.01,0.45
1997-03-26,40.04,25.21,38.55,0.0,0.45
1997-03-27,40.61,24.62,40.24,0.18,0.45
1997-03-28,39.49,23.97,40.72,0.17,0.45
1997-03-29,39.59,22.96,39.76,0.0,0.45
1997-03-30,39.66,22.0,40.36,0.03,0.45
1997-03-31,38.67,23.5,39.9,0.33,0.45
1997-04-01,38.99,23.54,41.96,0.0,0.45
1997-04-02,39.57,23.06,42.26,0.0,0.45
1997-04-03,40.51,23.75,43.05,0.0,0.45
1997-04-04,41.07,23.49,41.16,0.0,0.45
1997-04-05,40.51,24.75,44.41,0.02,0.45
1997-04-06,40.39,25.24,41.84,0.0,0.45
1997-04-07,36.01,26.02,41.47,2.06,0.45
1997-04-08,38.46,23.32,44.82,0.93,0.46
1997-04-09,38.42,21.91,43.14,0.0,0.46
1997-04-10,38.63,23.48,48.11,0.0,0.46
1997-04-11,38.41,25.16,46.04,0.06,0.46
1997-04-12,38.46,24.36,48.22,1.45,0.46
1997-04-13,38.25,23.65,48.28,0.08,0.46
1997-04-14,37.7,23.6,49.28,0.55,0.46
1997-04-15,38.09,23.32,45.67,0.03,0.46
1997-04-16,37.94,24.01,50.66,0.0,0.46
1997-04-17,39.03,24.81,50.03,0.0,0.46
1997-04-18,39.57,25.51,47.71,0.0,0.46
1997-04-19,40.36,26.21,45.04,0.01,0.46
1997-04-20,40.02,26.26,44.48,0.08,0.46
1997-04-21,40.56,26.18,42.77,0.01,0.46
1997-04-22,41.95,26.83,40.06,0.04,0.46
1997-04-23,40.32,26.21,41.3,0.89,0.46
1997-04-24,39.57,27.35,43.44,0.64,0.46
1997-04-25,38.79,26.82,42.24,0.73,0.46
1997-04-26,38.74,26.92,45.73,0.0,0.46
1997-04-27,38.33,26.72,44.59,1.35,0.46
1997-04-28,39.56,26.21,44.22,0.45,0.46
1997-04-29,40.61,26.36,42.42,0.0,0.46
1997-04-30,40.96,27.14,42.09,0.0,0.46
1997-05-01,40.33,28.06,45.49,0.0,0.46
1997-05-02,40.59,27.62,45.26,0.0,0.46
1997-05-03,41.51,26.75,47.98,0.0,0.46
1997-05-04,41.34,27.37,50.3,0.0,0.46
1997-05-05,41.54,27.94,48.65,0.0,0.46
1997-05-06,40.43,27.72,50.03,0.0,0.46
1997-05-07,41.14,28.25,49.23,0.17,0.46
1997-05-08,42.71,28.88,44.18,0.59,0.46
1997-05-09,43.09,27.65,41.07,0.08,0.46
1997-05-10,41.43,27.49,47.75,0.0,0.46
1997-05-11,41.45,28.29,47.1,0.0,0.46
1997-05-12,41.92,27.22,45.11,0.0,0.46
1997-05-13,42.53,27.8,43.88,0.0,0.46
1997-05-14,41.98,28.6,43.63,1.41,0.46
1997-05-15,41.13,29.3,46.98,0.68,0.46
1997-05-16,34.5,28.49,57.62,0.57,0.46
1997-05-17,32.3,27.56,73.17,2.14,0.46
1997-05-18,32.75,27.41,75.6,7.93,0.47
1997-05-19,31.99,26.24,72.36,4.48,0.48
1997-05-20,33.5,25.69,72.76,11.54,0.49
1997-05-21,35.95,25.24,69.41,4.9,0.5
1997-05-22,34.32,25.72,73.91,15.77,0.51
1997-05-23,34.49,25.43,71.08,3.7,0.52
1997-05-24,32.77,26.01,70.59,0.45,0.52
1997-05-25,31.27,24.97,76.12,3.59,0.52
1997-05-26,33.11,25.19,75.8,9.99,0.53
1997-05-27,37.18,24.33,64.84,3.58,0.53
1997-05-28,33.49,25.68,74.09,5.93,0.53
1997-05-29,34.12,25.54,73.03,1.99,0.54
1997-05-30,32.83,25.9,71.07,0.27,0.53
1997-05-31,32.95,24.87,70.06,0.47,0.53
1997-06-01,34.25,25.28,68.07,0.02,0.53
1997-06-02,31.43,25.89,76.22,0.4,0.52
1997-06-03,35.99,25.29,64.98,0.05,0.52
1997-06-04,35.86,25.59,66.26,0.0,0.52
1997-06-05,35.38,26.14,61.26,0.03,0.51
1997-06-06,33.38,26.11,68.84,1.25,0.51
1997-06-07,32.59,24.97,75.55,4.84,0.51
1997-06-08,31.25,24.87,76.05,2.26,0.52
1997-06-09,29.51,25.08,81.16,13.99,0.53
1997-06-10,31.76,25.02,79.15,4.79,0.54
1997-06-11,31.96,25.08,79.85,6.31,0.55
1997-06-12,33.79,25.3,74.97,1.63,0.55
1997-06-13,36.1,25.09,66.86,0.0,0.54
1997-06-14,38.36,25.2,59.47,0.01,0.54
1997-06-15,36.81,26.18,63.68,0.28,0.53
1997-06-16,31.34,26.25,76.63,1.74,0.53
1997-06-17,31.65,25.64,78.5,3.05,0.53
1997-06-18,32.15,25.7,80.01,9.57,0.54
1997-06-19,34.17,25.71,73.4,1.22,0.54
1997-06-20,32.99,26.37,78.79,19.53,0.56
1997-06-21,32.36,26.08,81.14,16.45,0.59
1997-06-22,30.47,25.93,85.38,5.85,0.6
1997-06-23,30.79,25.79,85.71,5.76,0.6
1997-06-24,30.27,25.77,86.4,6.0,0.61
1997-06-25,30.91,25.74,84.87,18.16,0.62
1997-06-26,31.78,25.48,84.74,19.76,0.65
1997-06-27,29.21,25.3,89.48,24.01,0.68
1997-06-28,31.0,25.22,85.76,15.64,0.71
1997-06-29,29.93,25.86,86.43,4.03,0.71
1997-06-30,31.26,25.72,84.7,10.54,0.71
1997-07-01,31.65,25.27,83.92,6.09,0.72
1997-07-02,29.33,25.35,89.04,8.84,0.72
1997-07-03,29.41,24.67,88.51,4.4,0.73
1997-07-04,29.14,24.83,89.11,2.81,0.73
1997-07-05,29.92,24.83,88.09,13.14,0.74
1997-07-06,30.5,24.44,84.78,1.93,0.74
1997-07-07,30.12,24.65,87.52,15.48,0.74
1997-07-08,29.41,25.03,88.93,12.09,0.76
1997-07-09,29.92,24.42,86.17,16.78,0.78
1997-07-10,28.34,24.28,89.42,7.96,0.78
1997-07-11,31.23,24.75,85.23,1.86,0.78
1997-07-12,30.92,24.74,87.62,4.44,0.78
1997-07-13,30.1,25.2,86.71,0.68,0.77
1997-07-14,30.66,25.28,87.93,3.53,0.77
1997-07-15,28.02,25.08,92.52,3.34,0.77
1997-07-16,29.96,24.73,89.08,8.18,0.77
1997-07-17,30.23,25.02,87.8,23.32,0.79
1997-07-18,30.48,24.92,85.95,18.73,0.81
1997-07-19,31.48,24.36,84.62,5.09,0.81
1997-07-20,31.2,25.06,86.65,5.11,0.81
1997-07-21,30.08,25.44,88.62,11.11,0.81
1997-07-22,30.39,25.35,88.06,28.18,0.83
1997-07-23,27.83,25.18,93.99,36.84,0.86
1997-07-24,29.6,25.98,90.53,11.16,0.88
1997-07-25,28.56,25.74,92.93,9.84,0.88
1997-07-26,29.43,25.37,90.5,12.23,0.89
1997-07-27,28.75,25.23,91.14,16.59,0.89
1997-07-28,28.5,25.6,93.75,16.62,0.91
1997-07-29,28.86,25.51,92.79,20.68,0.92
1997-07-30,29.01,25.46,91.74,19.68,0.93
1997-07-31,29.42,25.02,90.68,15.66,0.93
1997-08-01,29.04,24.87,90.9,66.66,0.96
1997-08-02,28.28,25.23,94.1,44.17,0.98
1997-08-03,27.88,25.62,93.86,27.36,0.99
1997-08-04,27.97,24.83,91.69,47.22,1.0
1997-08-05,29.49,25.22,91.37,17.49,1.0
1997-08-06,29.55,24.69,91.16,10.61,0.99
1997-08-07,29.62,24.48,89.64,13.27,0.99
1997-08-08,28.69,25.05,90.98,2.29,0.99
1997-08-09,28.58,24.61,92.05,6.2,0.99
1997-08-10,28.82,24.62,92.77,13.1,0.99
1997-08-11,29.09,24.8,92.04,18.18,0.99
1997-08-12,29.19,25.13,91.96,1.32,0.99
1997-08-13,29.45,25.1,92.38,8.32,0.99
1997-08-14,29.03,25.04,92.76,9.72,0.99
1997-08-15,29.37,24.95,92.86,10.57,0.99
1997-08-16,29.2,24.51,92.11,9.78,0.99
1997-08-17,28.62,24.63,93.37,10.92,0.99
1997-08-18,28.93,24.36,90.8,11.88,0.99
1997-08-19,29.23,24.63,89.85,3.33,0.98
1997-08-20,29.04,24.34,90.32,17.02,0.99
1997-08-21,29.77,24.38,89.0,25.61,0.99
1997-08-22,31.13,23.74,87.76,6.25,0.99
1997-08-23,30.73,24.55,90.89,2.51,0.98
1997-08-24,29.99,25.25,90.81,1.23,0.98
1997-08-25,28.77,25.22,90.9,5.54,0.98
1997-08-26,28.53,24.7,93.24,14.77,0.98
1997-08-27,28.66,25.26,91.79,3.74,0.98
1997-08-28,30.17,25.34,91.2,11.9,0.98
1997-08-29,29.86,25.23,91.72,15.96,0.98
1997-08-30,29.92,24.93,92.01,5.21,0.98
1997-08-31,28.58,24.73,91.77,1.56,0.98
1997-09-01,30.69,24.2,87.63,1.01,0.97
1997-09-02,30.08,24.37,89.34,6.39,0.97
1997-09-03,29.27,24.49,90.44,0.63,0.96
1997-09-04,29.4,24.74,89.99,0.45,0.96
1997-09-05,30.39,24.43,88.05,1.44,0.95
1997-09-06,30.17,24.16,89.56,2.02,0.95
1997-09-07,27.89,24.11,93.49,1.81,0.95
1997-09-08,27.64,23.59,91.82,0.13,0.94
1997-09-09,30.76,22.47,84.57,0.0,0.94
1997-09-10,31.28,23.58,85.11,0.1,0.93
1997-09-11,31.05,24.1,86.71,1.3,0.92
1997-09-12,29.42,24.59,88.97,0.38,0.91
1997-09-13,29.21,24.54,88.7,0.22,0.91
1997-09-14,30.99,24.18,86.02,0.04,0.9
1997-09-15,30.89,24.6,85.27,0.03,0.89
1997-09-16,29.94,25.0,89.52,0.92,0.89
1997-09-17,30.35,24.87,88.43,0.33,0.88
1997-09-18,31.27,24.6,85.67,1.3,0.87
1997-09-19,30.88,24.58,87.64,0.29,0.86
1997-09-20,30.35,24.76,88.42,0.42,0.86
1997-09-21,29.61,25.43,90.04,0.78,0.85
1997-09-22,27.74,24.64,89.91,0.22,0.85
1997-09-23,28.8,24.31,91.64,4.27,0.85
1997-09-24,29.11,24.64,91.48,0.84,0.85
1997-09-25,29.57,24.7,90.61,1.68,0.84
1997-09-26,28.65,25.05,93.25,0.85,0.84
1997-09-27,29.35,24.35,88.87,1.11,0.83
1997-09-28,29.99,24.97,89.03,3.77,0.83
1997-09-29,29.52,24.1,88.64,0.13,0.83
1997-09-30,31.56,23.44,83.69,0.0,0.82
1997-10-01,31.04,23.41,83.61,0.01,0.8
1997-10-02,30.86,23.13,84.04,0.01,0.79
1997-10-03,30.89,23.95,85.66,0.22,0.79
1997-10-04,30.43,24.29,87.07,0.49,0.78
1997-10-05,28.6,24.77,87.8,2.35,0.78
1997-10-06,27.96,24.1,91.06,6.31,0.79
1997-10-07,28.87,24.2,89.45,1.85,0.78
1997-10-08,29.22,24.41,87.08,0.0,0.78
1997-10-09,32.27,22.78,78.32,0.01,0.77
1997-10-10,32.3,23.56,80.45,0.03,0.76
1997-10-11,32.24,24.09,80.64,1.43,0.75
1997-10-12,31.02,25.38,82.04,4.56,0.75
1997-10-13,30.13,24.82,84.43,0.17,0.75
1997-10-14,28.97,23.94,83.59,0.0,0.74
1997-10-15,31.35,23.48,81.01,0.0,0.74
1997-10-16,31.69,24.41,81.22,0.0,0.73
1997-10-17,32.97,24.36,78.44,0.04,0.72
1997-10-18,32.52,24.88,80.82,2.15,0.71
1997-10-19,32.78,24.6,80.77,0.0,0.71
1997-10-20,33.45,24.95,78.11,0.0,0.7
1997-10-21,33.19,25.14,79.42,0.0,0.69
1997-10-22,32.25,25.45,80.07,0.0,0.68
1997-10-23,32.26,24.33,76.63,0.0,0.68
1997-10-24,32.43,23.55,74.63,0.06,0.67
1997-10-25,33.98,22.82,75.94,4.12,0.67
1997-10-26,32.7,25.6,76.24,0.31,0.67
1997-10-27,30.45,24.48,83.46,3.72,0.67
1997-10-28,31.27,23.4,80.49,0.0,0.66
1997-10-29,31.37,22.91,79.18,0.0,0.66
1997-10-30,32.14,22.8,77.48,0.0,0.65
1997-10-31,31.82,23.21,77.68,0.0,0.64
1997-11-01,30.3,22.25,74.01,0.0,0.64
1997-11-02,30.4,21.01,73.56,0.0,0.63
1997-11-03,32.32,20.71,73.67,0.0,0.62
1997-11-04,28.77,22.38,83.41,5.05,0.62
1997-11-05,24.81,21.92,86.16,0.07,0.62
1997-11-06,27.75,21.39,81.11,0.37,0.62
1997-11-07,27.04,21.73,81.3,0.13,0.62
1997-11-08,28.63,21.75,79.84,0.0,0.61
1997-11-09,29.93,22.02,80.06,0.0,0.61
1997-11-10,32.15,21.62,75.13,0.0,0.61
1997-11-11,32.24,22.17,73.9,0.0,0.6
1997-11-12,32.8,22.39,71.14,0.0,0.6
1997-11-13,33.73,22.78,71.01,0.0,0.59
1997-11-14,33.89,23.62,70.81,0.0,0.59
1997-11-15,34.67,23.83,71.24,0.0,0.58
1997-11-16,35.14,22.99,67.05,0.0,0.57
1997-11-17,35.4,22.85,66.54,0.2,0.57
1997-11-18,34.32,24.51,73.02,0.91,0.56
1997-11-19,32.3,24.63,76.74,0.0,0.56
1997-11-20,29.98,23.81,78.0,0.0,0.56
1997-11-21,32.22,22.14,72.32,0.0,0.56
1997-11-22,34.1,22.8,70.36,0.0,0.55
1997-11-23,34.95,22.93,69.3,0.0,0.55
1997-11-24,34.82,22.9,67.1,0.0,0.54
1997-11-25,34.48,21.7,65.33,0.0,0.54
1997-11-26,34.75,22.23,70.03,0.0,0.54
1997-11-27,34.87,22.95,70.21,0.0,0.53
1997-11-28,35.68,23.08,68.21,0.0,0.53
1997-11-29,36.14,23.2,68.0,0.0,0.52
1997-11-30,36.75,22.88,65.81,0.0,0.52
1997-12-01,36.21,22.78,64.84,0.0,0.52
1997-12-02,35.16,22.79,67.2,0.0,0.51
1997-12-03,34.1,24.52,67.08,0.0,0.51
1997-12-04,33.28,22.84,67.86,0.0,0.51
1997-12-05,33.33,22.21,66.71,0.0,0.5
1997-12-06,34.06,21.5,64.85,0.0,0.5
1997-12-07,34.46,20.89,66.02,0.0,0.5
1997-12-08,33.29,21.88,69.41,0.0,0.5
1997-12-09,32.28,23.19,67.86,0.0,0.49
1997-12-10,33.06,22.15,64.06,0.0,0.49
1997-12-11,30.48,22.36,70.64,0.0,0.49
1997-12-12,30.3,23.41,68.77,0.0,0.49
1997-12-13,32.74,22.98,65.19,0.0,0.49
1997-12-14,34.76,23.56,62.22,0.0,0.48
1997-12-15,35.18,22.15,63.08,0.0,0.48
1997-12-16,35.69,22.79,61.6,0.0,0.48
1997-12-17,36.26,22.3,60.99,0.0,0.48
1997-12-18,36.42,22.36,60.64,0.0,0.48
1997-12-19,36.99,21.92,54.72,0.0,0.48
1997-12-20,36.2,21.34,50.86,0.0,0.47
1997-12-21,33.83,19.06,44.92,0.0,0.47
1997-12-22,33.19,17.17,54.49,0.0,0.47
1997-12-23,33.4,19.09,60.68,0.0,0.47
1997-12-24,32.63,17.56,63.49,0.0,0.47
1997-12-25,31.23,17.02,63.89,0.0,0.47
1997-12-26,32.04,16.39,60.58,0.0,0.47
1997-12-27,33.81,17.68,63.97,0.0,0.47
1997-12-28,34.35,19.16,62.02,0.0,0.47
1997-12-29,34.27,18.8,58.02,0.0,0.47
1997-12-30,35.07,18.16,55.0,0.0,0.47
1997-12-31,34.8,18.22,56.69,0.0,0.46
1998-01-01,35.46,17.95,53.28,0.0,0.46
1998-01-02,35.74,18.82,55.59,0.0,0.46
1998-01-03,35.81,18.89,55.07,0.0,0.46
1998-01-04,36.1,18.45,51.51,0.0,0.46
1998-01-05,35.98,19.05,57.24,0.0,0.46
1998-01-06,34.66,20.21,59.93,0.0,0.46
1998-01-07,36.25,21.15,56.16,0.0,0.46
1998-01-08,36.12,21.13,51.39,0.0,0.46
1998-01-09,35.32,18.46,39.45,0.0,0.46
1998-01-10,33.88,15.29,42.87,0.0,0.46
1998-01-11,35.43,14.6,42.51,0.0,0.46
1998-01-12,34.52,15.74,46.45,0.0,0.46
1998-01-13,34.05,15.18,44.33,0.0,0.46
1998-01-14,33.19,15.02,47.29,0.0,0.46
1998-01-15,32.97,16.3,53.57,0.0,0.46
1998-01-16,32.84,16.63,56.71,0.0,0.46
1998-01-17,34.08,16.26,46.51,0.0,0.46
1998-01-18,35.28,16.53,55.42,0.0,0.46
1998-01-19,36.7,17.75,52.3,0.0,0.46
1998-01-20,36.57,18.73,57.74,0.0,0.46
1998-01-21,36.11,20.07,58.69,0.0,0.46
1998-01-22,35.14,21.1,58.26,0.0,0.46
1998-01-23,35.84,19.55,53.28,0.0,0.46
1998-01-24,36.17,19.65,48.65,0.0,0.46
1998-01-25,35.93,18.21,48.41,0.0,0.46
1998-01-26,35.63,18.5,44.8,0.0,0.46
1998-01-27,36.51,19.78,49.21,0.0,0.46
1998-01-28,36.95,22.14,44.61,0.0,0.46
1998-01-29,38.21,22.71,39.44,0.0,0.46
1998-01-30,37.68,23.6,47.17,0.0,0.46
1998-01-31,37.03,22.21,42.96,0.0,0.46
1998-02-01,36.73,20.4,45.74,0.0,0.46
1998-02-02,37.53,19.59,40.42,0.0,0.46
1998-02-03,36.82,18.96,40.2,0.0,0.46
1998-02-04,36.52,18.66,38.62,0.0,0.46
1998-02-05,36.9,17.21,48.68,0.0,0.46
1998-02-06,35.77,18.01,45.57,0.0,0.46
1998-02-07,36.17,17.69,37.58,0.0,0.46
1998-02-08,37.0,17.65,31.14,0.0,0.46
1998-02-09,35.46,19.05,38.54,0.0,0.46
1998-02-10,34.96,17.36,33.74,0.0,0.46
1998-02-11,36.42,15.79,38.83,0.0,0.45
1998-02-12,36.85,17.28,46.75,0.0,0.45
1998-02-13,35.95,16.96,31.98,0.0,0.45
1998-02-14,36.0,15.11,37.37,0.0,0.45
1998-02-15,35.57,15.94,40.28,0.0,0.45
1998-02-16,34.71,16.66,48.23,0.0,0.45
1998-02-17,36.34,16.63,50.35,0.0,0.45
1998-02-18,36.62,18.9,52.66,0.0,0.45
1998-02-19,35.77,19.2,54.87,0.0,0.45
1998-02-20,36.53,18.92,51.24,0.0,0.45
1998-02-21,37.17,19.31,47.48,0.0,0.45
1998-02-22,37.42,19.19,48.78,0.0,0.45
1998-02-23,38.77,19.5,42.8,0.0,0.45
1998-02-24,39.18,21.09,36.72,0.0,0.45
1998-02-25,39.51,21.76,33.64,0.0,0.45
1998-02-26,38.49,20.4,42.59,0.0,0.45
1998-02-27,39.49,20.91,47.49,0.0,0.45
1998-02-28,39.59,21.09,43.97,0.0,0.45
1998-03-01,38.78,20.12,42.16,0.0,0.45
1998-03-02,37.95,19.97,43.47,0.0,0.45
1998-03-03,37.63,19.29,42.34,0.0,0.45
1998-03-04,39.1,19.36,40.89,0.0,0.45
1998-03-05,39.14,20.09,38.85,0.0,0.45
1998-03-06,38.8,19.55,33.51,0.0,0.45
1998-03-07,37.76,18.5,41.55,0.0,0.45
1998-03-08,38.22,18.75,50.81,0.0,0.45
1998-03-09,36.95,22.28,53.37,0.0,0.45
1998-03-10,37.6,18.39,44.5,0.0,0.45
1998-03-11,38.36,19.1,41.62,0.0,0.45
1998-03-12,40.42,20.71,39.01,0.0,0.45
1998-03-13,40.85,21.68,45.47,0.0,0.45
1998-03-14,40.37,22.46,40.72,0.0,0.45
1998-03-15,40.45,22.33,43.23,0.0,0.45
1998-03-16,41.2,21.9,44.94,0.0,0.45
1998-03-17,41.82,22.12,43.17,0.0,0.45
1998-03-18,41.23,22.53,45.17,0.0,0.45
1998-03-19,41.23,22.25,40.64,0.0,0.45
1998-03-20,37.59,21.58,39.65,0.0,0.45
1998-03-21,38.36,22.48,46.69,0.0,0.45
1998-03-22,40.77,22.59,46.86,0.0,0.45
1998-03-23,41.4,23.08,42.71,0.0,0.45
1998-03-24,41.36,22.15,40.37,0.0,0.45
1998-03-25,40.35,24.46,42.51,0.0,0.45
1998-03-26,40.96,24.35,43.48,0.01,0.45
1998-03-27,40.6,24.7,41.68,0.0,0.45
1998-03-28,40.66,25.63,35.78,0.0,0.45
1998-03-29,40.57,26.36,41.04,0.44,0.45
1998-03-30,40.76,26.81,41.21,0.01,0.45
1998-03-31,38.38,27.72,39.96,0.02,0.45
1998-04-01,41.29,25.51,37.68,0.0,0.45
1998-04-02,41.6,23.83,42.09,0.0,0.45
1998-04-03,39.62,25.21,40.55,0.03,0.45
1998-04-04,39.47,25.99,41.49,0.01,0.45
1998-04-05,41.07,26.69,43.02,0.03,0.45
1998-04-06,41.01,27.32,38.34,0.0,0.45
1998-04-07,41.27,26.01,35.58,0.0,0.45
1998-04-08,41.43,24.36,42.7,0.0,0.45
1998-04-09,41.99,25.35,42.26,0.0,0.45
1998-04-10,41.53,25.41,46.0,0.0,0.45
1998-04-11,42.14,24.69,40.79,0.0,0.45
1998-04-12,43.13,25.48,46.27,0.0,0.45
1998-04-13,43.06,25.67,43.69,0.0,0.45
1998-04-14,43.59,25.47,43.18,0.0,0.45
1998-04-15,42.86,27.63,43.79,0.0,0.45
1998-04-16,43.61,27.93,44.87,0.0,0.45
1998-04-17,41.5,28.71,49.98,0.0,0.45
1998-04-18,39.91,27.98,50.79,0.02,0.45
1998-04-19,41.05,26.76,41.57,0.0,0.45
1998-04-20,40.8,25.51,47.14,0.0,0.45
1998-04-21,40.82,26.54,45.05,0.0,0.45
1998-04-22,41.18,26.23,46.28,0.0,0.45
1998-04-23,40.76,27.56,46.71,0.01,0.45
1998-04-24,41.67,26.34,42.0,0.03,0.45
1998-04-25,41.77,26.37,44.78,0.0,0.45
1998-04-26,42.93,27.69,42.94,0.0,0.45
1998-04-27,42.37,26.75,44.46,0.58,0.45
1998-04-28,41.71,27.99,45.73,0.0,0.45
1998-04-29,41.3,27.81,48.19,0.0,0.45
1998-04-30,41.29,27.56,47.98,0.0,0.45
1998-05-01,38.49,28.7,51.28,0.0,0.45
1998-05-02,38.43,28.62,52.72,0.0,0.45
1998-05-03,41.29,28.54,49.35,0.0,0.45
1998-05-04,42.57,28.35,48.06,0.0,0.45
1998-05-05,41.63,28.79,46.87,0.05,0.45
1998-05-06,42.3,28.51,43.39,0.02,0.45
1998-05-07,42.04,29.58,40.7,0.04,0.45
1998-05-08,42.01,29.95,43.29,0.96,0.46
1998-05-09,42.24,29.79,39.95,0.18,0.46
1998-05-10,42.35,28.17,43.47,0.0,0.46
1998-05-11,42.05,29.0,44.65,0.04,0.46
1998-05-12,40.58,30.1,48.77,1.63,0.46
1998-05-13,36.55,27.99,68.76,41.13,0.5
1998-05-14,36.14,27.61,69.99,0.0,0.53
1998-05-15,37.12,28.03,62.81,0.01,0.52
1998-05-16,33.63,28.16,70.31,0.12,0.52
1998-05-17,32.88,27.52,75.47,0.84,0.51
1998-05-18,30.99,26.73,81.67,2.77,0.51
1998-05-19,31.68,28.06,82.59,3.56,0.52
1998-05-20,32.92,27.53,81.85,7.77,0.53
1998-05-21,31.7,27.33,78.66,1.74,0.53
1998-05-22,33.28,26.74,77.67,2.13,0.53
1998-05-23,33.89,26.95,73.02,0.03,0.53
1998-05-24,34.77,27.44,71.56,0.06,0.52
1998-05-25,36.72,27.91,68.2,0.26,0.52
1998-05-26,37.36,27.42,68.51,2.73,0.52
1998-05-27,32.4,27.4,81.02,7.46,0.52
1998-05-28,33.8,27.0,76.15,2.5,0.53
1998-05-29,33.38,27.59,76.73,0.45,0.53
1998-05-30,33.51,28.03,73.8,0.12,0.52
1998-05-31,34.3,27.07,70.82,1.02,0.52
1998-06-01,33.35,27.08,71.48,0.07,0.52
1998-06-02,36.21,26.57,65.76,0.08,0.51
1998-06-03,34.32,27.26,68.09,0.04,0.51
1998-06-04,34.82,27.38,68.68,0.15,0.51
1998-06-05,33.08,27.4,74.97,0.18,0.5
1998-06-06,32.17,27.22,78.34,2.12,0.5
1998-06-07,34.53,26.54,72.4,0.18,0.5
1998-06-08,33.8,27.03,70.99,0.15,0.5
1998-06-09,30.59,26.81,77.07,0.09,0.5
1998-06-10,33.58,26.69,75.06,0.23,0.5
1998-06-11,32.06,27.04,78.7,0.59,0.5
1998-06-12,31.36,27.32,78.01,0.07,0.49
1998-06-13,33.44,26.84,75.44,0.04,0.49
1998-06-14,33.35,28.28,75.41,0.25,0.49
1998-06-15,35.04,26.71,70.41,0.37,0.49
1998-06-16,35.21,26.88,70.08,0.17,0.49
1998-06-17,34.02,27.0,69.47,0.26,0.48
1998-06-18,34.22,26.9,69.44,0.42,0.48
1998-06-19,33.84,27.07,69.05,0.12,0.48
1998-06-20,33.77,27.0,69.54,0.19,0.48
1998-06-21,33.24,26.92,71.9,0.56,0.48
1998-06-22,34.34,26.97,69.52,0.48,0.48
1998-06-23,32.7,27.08,74.08,2.44,0.48
1998-06-24,32.66,26.55,80.23,12.52,0.49
1998-06-25,32.39,25.98,77.98,0.3,0.5
1998-06-26,33.84,26.8,74.54,1.13,0.5
1998-06-27,33.0,26.34,77.63,2.51,0.5
1998-06-28,33.02,26.44,77.35,1.28,0.5
1998-06-29,32.92,26.53,78.55,2.84,0.5
1998-06-30,35.28,26.68,73.43,0.65,0.5
1998-07-01,33.37,27.15,74.23,0.65,0.49
1998-07-02,32.0,26.54,78.08,3.54,0.5
1998-07-03,30.52,26.29,83.39,3.3,0.5
1998-07-04,30.84,25.89,81.77,2.38,0.5
1998-07-05,32.15,25.54,76.55,1.43,0.5
1998-07-06,31.86,25.6,78.06,0.53,0.5
1998-07-07,32.65,25.89,75.82,0.12,0.5
1998-07-08,32.35,26.1,76.88,0.48,0.5
1998-07-09,31.03,26.44,76.5,0.52,0.49
1998-07-10,31.59,25.77,77.14,0.8,0.49
1998-07-11,33.24,26.23,72.89,0.29,0.49
1998-07-12,32.31,26.56,72.68,0.86,0.49
1998-07-13,34.02,25.65,66.85,0.43,0.49
1998-07-14,35.9,25.67,62.69,0.71,0.49
1998-07-15,36.16,26.44,62.79,0.47,0.48
1998-07-16,33.2,26.87,68.74,1.5,0.48
1998-07-17,33.65,26.69,68.05,0.02,0.48
1998-07-18,36.52,27.0,61.46,0.09,0.48
1998-07-19,37.08,27.9,58.84,0.0,0.48
1998-07-20,39.21,26.75,56.07,0.0,0.48
1998-07-21,39.28,28.16,56.07,0.75,0.48
1998-07-22,34.33,28.58,63.9,1.18,0.48
1998-07-23,33.1,27.66,67.57,0.13,0.48
1998-07-24,35.0,27.32,68.74,0.43,0.48
1998-07-25,32.23,27.34,73.66,0.3,0.48
1998-07-26,33.49,26.52,71.56,0.54,0.48
1998-07-27,34.72,27.23,67.52,0.23,0.47
1998-07-28,34.69,26.95,67.87,0.14,0.47
1998-07-29,34.78,26.59,66.63,1.41,0.47
1998-07-30,35.46,26.84,64.29,2.32,0.48
1998-07-31,32.68,27.11,71.24,1.13,0.48
1998-08-01,32.48,26.14,73.33,1.15,0.48
1998-08-02,32.73,26.26,70.7,0.83,0.48
1998-08-03,32.63,26.47,73.01,0.62,0.48
1998-08-04,33.99,26.16,69.21,1.29,0.48
1998-08-05,34.58,25.73,65.57,0.08,0.48
1998-08-06,35.75,25.99,64.41,0.16,0.47
1998-08-07,33.03,27.4,72.55,0.15,0.47
1998-08-08,33.93,26.65,70.89,0.31,0.47
1998-08-09,33.14,26.19,72.63,0.97,0.47
1998-08-10,30.93,26.46,81.88,8.21,0.48
1998-08-11,33.72,25.97,75.31,1.64,0.49
1998-08-12,34.2,26.25,70.3,0.76,0.49
1998-08-13,33.54,25.99,69.46,0.05,0.48
1998-08-14,34.52,25.97,67.95,0.01,0.48
1998-08-15,35.19,26.4,65.6,0.17,0.48
1998-08-16,33.62,26.66,68.81,1.0,0.48
1998-08-17,34.2,26.97,65.8,0.1,0.48
1998-08-18,32.53,27.2,70.14,0.68,0.48
1998-08-19,37.06,26.62,64.4,0.6,0.48
1998-08-20,34.52,28.01,64.81,0.97,0.48
1998-08-21,33.37,27.11,73.93,0.91,0.48
1998-08-22,34.14,27.43,73.37,1.56,0.48
1998-08-23,32.19,27.2,75.02,1.75,0.48
1998-08-24,34.8,26.62,70.58,0.32,0.48
1998-08-25,35.7,27.04,64.86,0.83,0.48
1998-08-26,34.65,26.86,60.93,0.13,0.47
1998-08-27,37.51,26.42,58.65,0.39,0.47
1998-08-28,35.8,27.04,59.46,0.0,0.47
1998-08-29,34.98,26.88,62.56,0.34,0.47
1998-08-30,35.25,27.17,61.2,0.09,0.47
1998-08-31,38.95,27.1,57.27,0.26,0.47
1998-09-01,34.42,27.22,65.04,0.64,0.47
1998-09-02,31.89,26.22,73.96,1.13,0.47
1998-09-03,34.25,26.31,71.61,0.82,0.47
1998-09-04,34.93,26.44,69.06,0.23,0.47
1998-09-05,35.26,26.49,65.43,0.63,0.47
1998-09-06,33.06,26.09,71.54,1.85,0.47
1998-09-07,32.51,25.53,71.03,0.56,0.47
1998-09-08,33.5,25.6,72.62,0.63,0.47
1998-09-09,33.83,25.68,66.9,0.5,0.47
1998-09-10,33.81,25.9,73.67,3.49,0.47
1998-09-11,36.02,25.2,66.58,0.12,0.47
1998-09-12,37.32,25.99,62.13,0.28,0.47
1998-09-13,36.8,26.09,58.49,0.01,0.47
1998-09-14,38.65,26.71,57.15,0.01,0.47
1998-09-15,35.61,27.5,61.07,0.02,0.47
1998-09-16,37.05,27.21,62.56,0.27,0.47
1998-09-17,34.36,27.21,68.2,0.93,0.47
1998-09-18,35.72,26.5,63.44,0.37,0.47
1998-09-19,35.87,27.18,64.1,0.71,0.47
1998-09-20,32.85,26.95,69.18,0.11,0.47
1998-09-21,34.23,26.47,67.76,0.01,0.47
1998-09-22,34.76,26.3,70.19,0.02,0.46
1998-09-23,33.13,26.58,71.24,0.14,0.46
1998-09-24,35.01,26.37,69.4,0.03,0.46
1998-09-25,37.64,26.17,65.15,0.05,0.46
1998-09-26,37.69,27.21,64.35,0.06,0.46
1998-09-27,38.13,27.43,65.3,0.03,0.46
1998-09-28,38.13,27.01,59.89,0.01,0.46
1998-09-29,37.91,27.54,57.67,0.01,0.46
1998-09-30,33.92,27.77,63.55,0.08,0.46
1998-10-01,33.5,26.52,70.42,0.24,0.46
1998-10-02,35.93,26.97,63.42,0.0,0.46
1998-10-03,37.88,26.28,53.83,0.0,0.46
1998-10-04,39.15,25.97,50.53,0.0,0.46
1998-10-05,40.23,27.58,50.74,0.0,0.46
1998-10-06,40.62,27.14,51.88,0.01,0.46
1998-10-07,36.95,28.71,56.67,0.2,0.46
1998-10-08,36.1,28.16,66.33,1.13,0.46
1998-10-09,37.92,27.12,63.05,0.64,0.46
1998-10-10,35.7,27.18,65.33,0.8,0.46
1998-10-11,33.32,26.82,73.08,0.32,0.46
1998-10-12,32.79,26.31,77.46,1.91,0.46
1998-10-13,31.75,26.17,80.72,3.87,0.47
1998-10-14,33.29,25.86,76.14,0.12,0.47
1998-10-15,36.49,25.41,68.21,0.19,0.47
1998-10-16,37.46,25.63,66.3,0.74,0.47
1998-10-17,38.48,26.36,58.55,0.03,0.47
1998-10-18,34.95,27.69,65.62,0.52,0.47
1998-10-19,31.93,26.62,76.62,2.79,0.47
1998-10-20,35.42,25.86,67.78,0.0,0.47
1998-10-21,36.45,25.95,61.59,0.0,0.47
1998-10-22,38.08,26.06,57.24,0.0,0.46
1998-10-23,37.07,27.67,55.91,0.0,0.46
1998-10-24,37.84,27.14,53.6,0.0,0.46
1998-10-25,38.51,26.7,54.08,0.0,0.46
1998-10-26,39.23,26.96,54.92,0.07,0.46
1998-10-27,36.75,27.36,58.55,0.02,0.46
1998-10-28,37.3,26.92,58.54,0.01,0.46
1998-10-29,38.78,25.71,57.37,0.0,0.46
1998-10-30,37.52,27.06,54.32,1.84,0.46
1998-10-31,39.35,26.4,52.92,0.0,0.46
1998-11-01,36.85,27.82,56.39,0.0,0.46
1998-11-02,39.09,26.77,53.44,0.02,0.46
1998-11-03,36.84,27.5,59.62,0.17,0.46
1998-11-04,35.01,26.58,61.94,0.0,0.46
1998-11-05,37.88,26.49,52.82,0.0,0.46
1998-11-06,37.57,26.42,52.91,0.0,0.46
1998-11-07,38.86,26.73,46.81,0.0,0.46
1998-11-08,38.14,25.86,49.13,0.0,0.46
1998-11-09,37.81,25.9,51.2,0.0,0.46
1998-11-10,38.04,25.86,51.49,0.0,0.46
1998-11-11,37.64,27.07,49.06,0.0,0.46
1998-11-12,34.84,26.53,48.34,0.0,0.46
1998-11-13,35.96,25.11,47.48,0.0,0.46
1998-11-14,36.11,23.53,49.32,0.0,0.46
1998-11-15,36.57,23.62,50.53,0.0,0.46
1998-11-16,39.15,24.49,47.85,0.0,0.46
1998-11-17,39.01,27.33,48.07,0.1,0.46
1998-11-18,37.14,26.49,54.41,0.05,0.46
1998-11-19,35.19,27.03,62.47,0.07,0.46
1998-11-20,32.96,26.61,70.58,0.26,0.46
1998-11-21,34.73,25.71,71.17,2.23,0.46
1998-11-22,30.9,25.22,65.06,0.03,0.46
1998-11-23,33.47,24.08,57.45,0.0,0.46
1998-11-24,34.54,24.71,55.39,0.0,0.46
1998-11-25,36.64,24.28,55.83,0.0,0.46
1998-11-26,37.56,24.67,56.23,0.01,0.46
1998-11-27,38.85,25.99,54.59,0.4,0.46
1998-11-28,34.05,26.68,61.31,0.12,0.46
1998-11-29,33.06,25.57,68.56,0.42,0.46
1998-11-30,34.9,24.79,67.45,0.0,0.46
1998-12-01,36.04,25.06,63.06,0.0,0.46
1998-12-02,36.19,25.84,59.76,0.01,0.46
1998-12-03,37.16,25.99,55.19,0.09,0.46
1998-12-04,31.71,26.91,60.12,1.44,0.46
1998-12-05,36.8,25.59,58.94,0.0,0.46
1998-12-06,36.22,25.75,57.05,0.0,0.46
1998-12-07,37.67,24.21,53.42,0.0,0.46
1998-12-08,35.12,24.82,56.26,0.0,0.46
1998-12-09,34.72,23.46,53.91,0.0,0.46
1998-12-10,33.36,23.06,48.75,0.0,0.46
1998-12-11,33.46,21.18,44.7,0.0,0.46
1998-12-12,33.73,20.42,41.33,0.0,0.46
1998-12-13,34.52,20.24,39.04,0.0,0.46
1998-12-14,33.94,20.05,41.56,0.0,0.46
1998-12-15,31.71,20.97,43.25,0.0,0.46
1998-12-16,31.18,19.91,47.32,0.0,0.46
1998-12-17,33.46,21.18,49.67,0.0,0.46
1998-12-18,33.79,21.68,53.86,0.0,0.46
1998-12-19,34.31,21.92,49.1,0.15,0.46
1998-12-20,35.09,20.42,45.65,0.29,0.46
1998-12-21,34.62,20.02,46.11,0.04,0.46
1998-12-22,35.78,22.23,46.66,0.0,0.46
1998-12-23,35.62,22.49,46.88,0.0,0.46
1998-12-24,37.25,21.92,47.17,0.0,0.46
1998-12-25,36.61,23.89,48.76,0.0,0.46
1998-12-26,36.77,24.73,50.18,0.0,0.46
1998-12-27,35.66,23.96,51.16,0.0,0.46
1998-12-28,36.53,23.11,54.48,0.0,0.46
1998-12-29,35.88,22.04,55.56,0.0,0.46
1998-12-30,35.25,21.13,55.64,0.0,0.46
1998-12-31,35.82,20.38,56.95,0.0,0.46
1999-01-01,35.68,19.9,55.25,0.0,0.46
1999-01-02,35.51,20.43,47.6,0.0,0.46
1999-01-03,35.34,21.31,46.3,0.0,0.46
1999-01-04,35.52,20.11,41.63,0.0,0.46
1999-01-05,35.02,18.5,30.71,0.0,0.46
1999-01-06,34.79,16.35,32.71,0.0,0.46
1999-01-07,34.56,18.0,51.83,0.0,0.46
1999-01-08,34.03,19.41,56.53,0.0,0.46
1999-01-09,34.28,20.18,57.52,0.0,0.46
1999-01-10,33.38,20.67,55.99,0.0,0.46
1999-01-11,33.85,22.68,47.78,0.0,0.46
1999-01-12,36.06,21.02,41.18,0.0,0.46
1999-01-13,34.45,22.55,54.83,0.0,0.46
1999-01-14,34.21,23.0,56.87,0.02,0.46
1999-01-15,36.27,23.64,53.37,0.09,0.46
1999-01-16,34.83,24.39,54.84,0.03,0.46
1999-01-17,35.44,23.91,55.29,0.0,0.46
1999-01-18,35.94,23.21,45.45,0.0,0.46
1999-01-19,36.27,22.08,44.63,0.0,0.46
1999-01-20,37.14,21.12,36.56,0.0,0.46
1999-01-21,37.39,21.87,38.49,0.0,0.46
1999-01-22,37.11,20.8,36.47,0.0,0.46
1999-01-23,37.14,19.31,36.13,0.0,0.46
1999-01-24,37.98,18.73,29.5,0.0,0.46
1999-01-25,37.93,18.72,21.41,0.0,0.46
1999-01-26,37.46,19.15,26.4,0.0,0.45
1999-01-27,36.58,19.11,42.88,0.0,0.45
1999-01-28,36.19,20.56,45.77,0.0,0.45
1999-01-29,35.49,24.65,53.51,0.79,0.46
1999-01-30,35.5,23.52,47.61,0.0,0.46
1999-01-31,36.31,21.17,41.49,0.0,0.46
1999-02-01,37.2,21.14,39.72,0.0,0.46
1999-02-02,37.78,23.35,47.14,0.0,0.46
1999-02-03,39.01,25.48,45.69,0.02,0.46
1999-02-04,33.27,25.41,59.88,0.0,0.46
1999-02-05,32.78,24.55,58.27,0.0,0.46
1999-02-06,34.79,23.02,59.05,0.0,0.46
1999-02-07,35.37,24.4,56.05,0.0,0.46
1999-02-08,36.93,23.9,49.84,0.0,0.46
1999-02-09,36.48,24.52,46.21,0.0,0.46
1999-02-10,38.15,24.37,47.42,0.0,0.46
1999-02-11,38.56,24.38,49.81,0.0,0.46
1999-02-12,39.0,23.69,49.27,0.0,0.46
1999-02-13,37.86,25.61,50.78,0.0,0.46
1999-02-14,38.28,24.59,50.34,0.0,0.46
1999-02-15,38.31,25.87,47.05,0.0,0.46
1999-02-16,38.51,24.46,46.23,0.0,0.46
1999-02-17,39.27,24.09,36.4,0.0,0.46
1999-02-18,39.35,20.45,35.56,0.0,0.45
1999-02-19,38.6,20.0,38.24,0.0,0.45
1999-02-20,38.09,24.09,49.66,0.0,0.45
1999-02-21,35.64,25.65,55.17,0.08,0.45
1999-02-22,36.67,23.48,47.63,0.0,0.45
1999-02-23,37.67,24.13,40.22,0.0,0.45
1999-02-24,38.76,21.95,40.82,0.0,0.45
1999-02-25,39.8,22.16,37.08,0.0,0.45
1999-02-26,39.75,22.26,39.21,0.05,0.45
1999-02-27,41.03,22.34,41.81,0.39,0.46
1999-02-28,37.12,24.88,48.73,5.93,0.46
1999-03-01,35.63,25.64,60.91,0.76,0.47
1999-03-02,37.8,25.0,49.54,0.0,0.47
1999-03-03,39.35,21.98,36.24,0.0,0.46
1999-03-04,39.91,19.77,32.89,0.0,0.46
1999-03-05,39.38,20.3,47.31,0.0,0.46
1999-03-06,38.92,21.12,41.51,0.0,0.46
1999-03-07,38.25,20.53,46.87,0.0,0.46
1999-03-08,37.71,21.35,55.27,0.0,0.46
1999-03-09,38.22,22.4,54.32,0.0,0.46
1999-03-10,38.71,22.44,53.75,0.0,0.46
1999-03-11,39.8,22.49,49.57,0.0,0.46
1999-03-12,39.25,22.21,50.76,0.0,0.46
1999-03-13,39.76,24.35,51.91,0.0,0.46
1999-03-14,40.41,22.84,47.99,0.0,0.46
1999-03-15,40.37,22.9,45.97,0.0,0.46
1999-03-16,39.99,22.31,46.36,0.0,0.46
1999-03-17,38.81,19.99,41.52,0.0,0.46
1999-03-18,38.32,18.68,47.12,0.0,0.46
1999-03-19,40.0,21.96,45.48,0.0,0.46
1999-03-20,39.88,23.14,50.5,0.0,0.46
1999-03-21,38.93,22.51,49.14,0.0,0.46
1999-03-22,39.72,22.81,49.02,0.04,0.46
1999-03-23,36.49,24.96,55.86,0.59,0.46
1999-03-24,38.96,24.17,51.54,0.53,0.46
1999-03-25,39.21,23.34,43.5,0.05,0.46
1999-03-26,39.8,21.44,41.36,0.0,0.46
1999-03-27,39.59,21.54,46.22,0.01,0.46
1999-03-28,40.49,21.66,39.91,0.0,0.46
1999-03-29,41.12,23.05,48.21,0.0,0.46
1999-03-30,41.12,24.13,46.8,0.0,0.46
1999-03-31,40.77,25.29,45.94,0.0,0.46
1999-04-01,41.87,23.58,39.66,0.0,0.46
1999-04-02,42.18,24.32,42.87,0.0,0.46
1999-04-03,41.48,27.22,43.16,0.48,0.46
1999-04-04,35.32,28.28,52.83,0.01,0.46
1999-04-05,36.98,26.99,65.19,29.76,0.48
1999-04-06,31.44,25.98,78.07,5.45,0.52
1999-04-07,30.82,25.72,80.04,26.51,0.54
1999-04-08,31.35,25.19,77.83,0.04,0.56
1999-04-09,34.37,25.2,71.16,0.09,0.55
1999-04-10,31.2,25.73,75.08,0.09,0.54
1999-04-11,33.03,25.55,68.75,0.01,0.54
1999-04-12,34.88,25.38,65.39,0.01,0.54
1999-04-13,30.44,25.56,78.06,0.18,0.53
1999-04-14,30.4,25.09,81.15,3.5,0.53
1999-04-15,32.73,24.9,79.02,1.55,0.54
1999-04-16,30.84,25.38,80.52,0.8,0.53
1999-04-17,31.91,25.5,77.87,0.05,0.53
1999-04-18,32.33,25.26,76.15,0.59,0.53
1999-04-19,31.99,25.49,76.96,0.0,0.53
1999-04-20,33.26,25.66,74.21,0.03,0.53
1999-04-21,32.91,25.97,74.95,0.0,0.52
1999-04-22,31.75,25.86,75.15,0.0,0.52
1999-04-23,30.74,25.02,77.52,0.01,0.52
1999-04-24,32.5,24.99,73.25,0.01,0.52
1999-04-25,37.27,24.8,61.69,0.0,0.51
1999-04-26,40.1,25.81,57.62,0.02,0.51
1999-04-27,35.04,27.08,65.7,0.43,0.5
1999-04-28,33.03,26.82,67.46,0.03,0.5
1999-04-29,32.4,26.22,73.4,0.58,0.5
1999-04-30,33.74,25.7,71.54,0.0,0.5
1999-05-01,34.57,25.51,69.33,0.09,0.49
1999-05-02,29.63,26.12,83.21,3.82,0.5
1999-05-03,31.65,25.83,77.32,0.05,0.5
1999-05-04,32.63,25.9,74.48,0.79,0.5
1999-05-05,30.63,25.81,76.79,1.57,0.5
1999-05-06,32.37,24.92,74.17,0.33,0.49
1999-05-07,36.53,24.64,61.06,0.04,0.49
1999-05-08,34.04,25.55,65.6,0.07,0.49
1999-05-09,33.91,26.06,65.43,0.36,0.49
1999-05-10,34.71,25.36,68.94,1.9,0.48
1999-05-11,32.07,25.45,74.88,2.88,0.49
1999-05-12,31.83,25.14,74.6,0.6,0.49
1999-05-13,32.54,25.1,68.74,0.43,0.48
1999-05-14,33.75,25.44,69.21,0.31,0.48
1999-05-15,35.94,25.52,63.45,0.16,0.48
1999-05-16,35.9,26.05,60.22,0.13,0.48
1999-05-17,36.58,26.52,59.49,0.3,0.47
1999-05-18,36.69,27.53,57.33,0.12,0.47
1999-05-19,37.58,26.89,58.93,0.47,0.47
1999-05-20,32.63,26.66,71.33,3.85,0.47
1999-05-21,31.48,26.49,76.67,0.92,0.48
1999-05-22,31.05,26.62,78.44,0.54,0.48
1999-05-23,34.25,25.77,69.26,0.48,0.48
1999-05-24,32.2,26.8,73.83,0.91,0.48
1999-05-25,32.21,26.89,74.59,2.34,0.48
1999-05-26,31.58,26.56,77.63,2.04,0.48
1999-05-27,31.31,26.32,77.92,0.89,0.48
1999-05-28,31.27,26.38,77.59,1.03,0.48
1999-05-29,31.08,26.62,79.07,0.16,0.48
1999-05-30,33.77,25.67,70.22,1.69,0.48
1999-05-31,34.03,25.58,62.1,0.07,0.48
1999-06-01,32.26,25.87,65.97,0.23,0.48
1999-06-02,35.33,25.55,65.87,0.7,0.48
1999-06-03,33.99,26.23,67.3,0.93,0.48
1999-06-04,34.25,26.7,63.84,0.27,0.47
1999-06-05,32.55,26.06,72.53,0.13,0.47
1999-06-06,32.91,25.86,65.47,0.01,0.47
1999-06-07,32.12,26.74,69.03,0.36,0.47
1999-06-08,31.14,25.8,79.5,8.89,0.48
1999-06-09,31.41,25.71,83.09,12.31,0.5
1999-06-10,32.16,25.42,75.76,1.24,0.51
1999-06-11,31.87,25.13,75.32,1.19,0.51
1999-06-12,30.89,25.86,76.53,0.06,0.5
1999-06-13,32.62,25.34,71.25,0.08,0.5
1999-06-14,32.71,25.42,72.64,0.2,0.5
1999-06-15,32.17,25.65,74.57,0.22,0.5
1999-06-16,33.02,25.28,76.05,1.61,0.49
1999-06-17,32.97,25.14,72.59,0.16,0.49
1999-06-18,34.58,25.21,67.75,0.38,0.49
1999-06-19,31.88,25.68,72.3,0.75,0.49
1999-06-20,32.44,25.05,72.03,0.52,0.49
1999-06-21,32.91,25.12,74.89,0.59,0.49
1999-06-22,31.5,25.89,75.69,1.28,0.49
1999-06-23,31.08,25.24,77.18,3.04,0.49
1999-06-24,31.92,24.85,74.86,0.89,0.49
1999-06-25,33.84,24.25,71.4,0.7,0.49
1999-06-26,31.94,25.6,73.24,0.29,0.48
1999-06-27,33.89,24.75,67.99,0.94,0.48
1999-06-28,35.95,25.8,61.82,0.02,0.48
1999-06-29,36.12,25.61,61.51,0.09,0.48
1999-06-30,36.83,26.26,61.71,0.07,0.48
1999-07-01,34.18,26.91,64.79,0.02,0.48
1999-07-02,30.02,25.59,76.79,0.05,0.47
1999-07-03,33.48,24.85,74.13,0.22,0.47
1999-07-04,34.07,25.21,67.09,0.19,0.47
1999-07-05,33.9,25.35,67.41,1.06,0.47
1999-07-06,32.55,25.44,68.31,0.69,0.47
1999-07-07,36.0,25.4,66.23,0.59,0.47
1999-07-08,36.48,26.27,61.16,0.11,0.47
1999-07-09,36.58,26.93,59.72,0.5,0.47
1999-07-10,32.5,26.71,68.29,0.78,0.47
1999-07-11,36.27,25.51,63.4,1.04,0.47
1999-07-12,32.61,26.23,64.5,1.29,0.47
1999-07-13,33.36,25.34,64.65,0.23,0.47
1999-07-14,33.49,25.95,70.69,0.43,0.47
1999-07-15,34.35,26.49,70.71,0.89,0.47
1999-07-16,32.39,26.59,73.03,0.12,0.47
1999-07-17,33.86,26.27,70.38,0.38,0.47
1999-07-18,32.66,26.03,69.16,0.12,0.47
1999-07-19,33.72,25.8,67.08,0.17,0.47
1999-07-20,33.1,26.63,68.54,0.18,0.47
1999-07-21,33.64,25.66,67.86,0.42,0.47
1999-07-22,34.12,26.6,68.39,0.05,0.47
1999-07-23,33.54,26.15,70.55,0.19,0.47
1999-07-24,32.26,26.19,73.98,2.11,0.47
1999-07-25,31.36,25.54,77.54,2.61,0.47
1999-07-26,32.86,25.52,72.38,1.74,0.47
1999-07-27,33.3,25.83,71.92,2.3,0.48
1999-07-28,35.49,25.75,66.56,0.85,0.48
1999-07-29,34.64,25.94,67.75,1.76,0.48
1999-07-30,32.54,26.43,72.65,0.29,0.47
1999-07-31,33.43,26.14,73.1,0.27,0.47
1999-08-01,30.06,25.34,77.62,1.49,0.47
1999-08-02,31.08,25.1,76.4,1.57,0.48
1999-08-03,31.48,24.82,76.63,3.51,0.48
1999-08-04,32.12,25.02,73.57,2.45,0.48
1999-08-05,32.21,24.8,75.83,4.06,0.48
1999-08-06,31.08,25.05,77.22,4.64,0.49
1999-08-07,32.52,24.59,76.02,3.03,0.49
1999-08-08,31.2,25.36,78.7,1.09,0.49
1999-08-09,31.58,25.02,73.97,0.49,0.49
1999-08-10,32.68,25.01,71.21,0.8,0.49
1999-08-11,32.43,25.13,71.91,2.29,0.49
1999-08-12,30.65,25.12,73.76,1.43,0.49
1999-08-13,34.43,24.46,66.92,1.45,0.49
1999-08-14,32.28,25.55,72.01,2.38,0.49
1999-08-15,33.39,24.62,72.85,0.35,0.49
1999-08-16,33.1,24.82,69.99,0.12,0.48
1999-08-17,33.62,24.77,68.22,2.27,0.48
1999-08-18,31.84,25.04,71.97,1.23,0.48
1999-08-19,34.58,24.95,67.56,1.54,0.48
1999-08-20,35.49,25.97,61.51,0.06,0.48
1999-08-21,35.5,25.69,61.53,0.1,0.48
1999-08-22,37.29,25.75,62.05,2.0,0.48
1999-08-23,34.12,27.26,67.83,0.45,0.48
1999-08-24,31.87,26.29,76.92,1.58,0.48
1999-08-25,32.43,25.76,73.49,0.3,0.48
1999-08-26,31.7,25.72,72.59,0.2,0.48
1999-08-27,31.98,25.38,73.58,0.56,0.48
1999-08-28,33.07,25.38,70.39,0.18,0.48
1999-08-29,32.91,25.37,71.3,1.03,0.48
1999-08-30,33.27,25.16,70.95,0.99,0.48
1999-08-31,31.21,25.5,71.6,0.15,0.48
1999-09-01,33.61,25.08,68.32,0.17,0.48
1999-09-02,33.06,25.29,67.64,0.06,0.48
1999-09-03,34.62,25.55,66.1,0.0,0.47
1999-09-04,36.12,26.16,63.0,0.14,0.47
1999-09-05,34.16,26.6,68.06,2.82,0.47
1999-09-06,35.03,26.27,67.62,0.49,0.48
1999-09-07,32.28,25.93,70.22,0.26,0.48
1999-09-08,33.03,25.54,69.87,0.12,0.48
1999-09-09,33.12,25.7,70.13,0.78,0.47
1999-09-10,32.81,25.76,71.12,1.02,0.47
1999-09-11,33.64,25.05,67.6,2.35,0.48
1999-09-12,33.79,25.2,65.34,0.11,0.48
1999-09-13,34.94,25.7,64.15,0.14,0.47
1999-09-14,33.75,26.26,69.03,0.1,0.47
1999-09-15,32.35,26.25,71.24,1.73,0.47
1999-09-16,32.57,25.87,74.48,3.0,0.48
1999-09-17,33.88,25.0,68.83,0.63,0.48
1999-09-18,34.14,25.03,63.77,0.38,0.48
1999-09-19,36.2,25.18,59.76,0.22,0.47
1999-09-20,35.35,25.73,62.48,1.52,0.47
1999-09-21,35.71,26.58,58.72,0.02,0.47
1999-09-22,38.7,25.99,56.0,0.02,0.47
1999-09-23,38.59,26.6,57.06,0.78,0.47
1999-09-24,37.82,25.89,61.15,2.0,0.47
1999-09-25,33.2,27.06,67.95,0.61,0.47
1999-09-26,30.11,25.6,75.11,0.56,0.47
1999-09-27,35.18,24.61,68.18,0.45,0.47
1999-09-28,34.31,25.83,68.42,0.96,0.47
1999-09-29,34.31,25.54,66.99,0.38,0.47
1999-09-30,35.8,25.38,63.36,0.14,0.47
1999-10-01,34.94,25.47,67.2,1.21,0.47
1999-10-02,33.37,25.39,71.56,1.41,0.47
1999-10-03,31.05,25.53,77.59,0.71,0.47
1999-10-04,36.82,24.65,61.15,0.02,0.47
1999-10-05,35.47,26.22,62.53,0.52,0.47
1999-10-06,36.25,26.32,58.5,0.07,0.47
1999-10-07,36.53,26.65,58.45,1.04,0.47
1999-10-08,36.96,26.28,58.65,0.0,0.47
1999-10-09,36.56,27.1,59.16,0.07,0.47
1999-10-10,35.16,26.44,64.26,0.28,0.47
1999-10-11,31.75,26.11,74.42,1.64,0.47
1999-10-12,31.17,25.26,73.47,0.07,0.47
1999-10-13,34.26,24.95,67.46,0.42,0.47
1999-10-14,36.14,25.76,65.33,0.86,0.47
1999-10-15,31.84,25.34,73.63,0.51,0.47
1999-10-16,31.59,25.46,79.31,1.16,0.47
1999-10-17,28.58,25.18,83.74,1.34,0.47
1999-10-18,30.18,25.02,71.89,0.07,0.47
1999-10-19,35.57,23.48,63.59,0.0,0.47
1999-10-20,36.81,23.51,59.33,0.21,0.47
1999-10-21,33.47,24.76,66.78,0.14,0.47
1999-10-22,34.79,24.66,67.53,0.0,0.47
1999-10-23,36.98,24.88,62.48,0.0,0.46
1999-10-24,36.88,26.84,57.02,0.07,0.46
1999-10-25,37.36,26.34,58.67,0.99,0.46
1999-10-26,32.05,25.89,75.29,0.89,0.46
1999-10-27,30.72,26.54,80.71,0.55,0.46
1999-10-28,30.08,26.06,82.59,1.32,0.47
1999-10-29,30.95,25.42,84.08,5.94,0.47
1999-10-30,31.57,24.34,78.79,1.43,0.48
1999-10-31,33.04,24.73,72.93,0.72,0.47
1999-11-01,34.39,24.36,67.43,1.53,0.47
1999-11-02,31.54,25.24,74.14,1.58,0.47
1999-11-03,33.54,23.17,64.33,0.05,0.47
1999-11-04,34.0,23.62,62.25,0.0,0.47
1999-11-05,36.14,24.93,61.85,0.01,0.47
1999-11-06,36.81,25.15,60.63,0.02,0.47
1999-11-07,36.28,26.71,59.47,0.01,0.47
1999-11-08,33.31,26.96,65.31,0.08,0.47
1999-11-09,31.49,25.88,73.28,0.23,0.47
1999-11-10,32.73,25.89,71.34,0.19,0.47
1999-11-11,34.5,25.32,64.36,0.0,0.47
1999-11-12,35.13,25.89,65.24,0.0,0.46
1999-11-13,37.43,25.46,59.6,0.17,0.46
1999-11-14,37.32,25.51,59.57,0.39,0.46
1999-11-15,37.54,25.48,58.28,0.42,0.46
1999-11-16,34.09,26.53,62.12,0.27,0.46
1999-11-17,35.47,23.83,59.76,0.0,0.46
1999-11-18,34.92,22.05,57.3,0.0,0.46
1999-11-19,34.78,21.46,55.29,0.0,0.46
1999-11-20,34.92,23.02,54.58,0.0,0.46
1999-11-21,35.05,21.18,54.4,0.0,0.46
1999-11-22,35.34,22.07,53.88,0.0,0.46
1999-11-23,35.84,20.88,55.97,0.0,0.46
1999-11-24,37.22,23.73,55.11,0.0,0.46
1999-11-25,37.25,24.61,58.11,0.0,0.46
1999-11-26,36.42,25.13,60.22,0.0,0.46
1999-11-27,37.25,25.22,57.95,0.0,0.46
1999-11-28,36.69,25.18,57.85,0.0,0.46
1999-11-29,35.78,24.75,59.11,0.0,0.46
1999-11-30,33.76,24.0,56.09,0.0,0.46
1999-12-01,34.89,21.63,56.32,0.0,0.46
1999-12-02,35.3,21.04,54.92,0.0,0.46
1999-12-03,35.4,19.86,53.25,0.0,0.46
1999-12-04,34.03,21.0,62.72,0.27,0.46
1999-12-05,34.56,22.89,60.41,0.29,0.46
1999-12-06,24.83,21.51,75.12,1.59,0.46
1999-12-07,30.62,20.71,66.89,0.04,0.46
1999-12-08,33.39,22.26,58.11,0.0,0.46
1999-12-09,32.06,21.91,55.68,0.0,0.46
1999-12-10,34.06,20.56,56.1,0.0,0.46
1999-12-11,34.61,20.5,58.02,0.0,0.46
1999-12-12,35.53,21.05,58.41,0.0,0.46
1999-12-13,36.3,24.14,56.12,0.0,0.46
1999-12-14,36.82,24.27,54.8,0.0,0.46
1999-12-15,34.87,24.22,56.69,0.0,0.46
1999-12-16,35.41,23.08,57.28,0.0,0.46
1999-12-17,35.66,21.32,48.23,0.0,0.46
1999-12-18,35.11,20.61,47.62,0.0,0.46
1999-12-19,33.31,20.16,56.69,0.0,0.46
1999-12-20,31.25,18.54,55.09,0.0,0.46
1999-12-21,30.87,17.42,53.3,0.0,0.46
1999-12-22,27.85,17.28,46.92,0.0,0.46
1999-12-23,27.25,15.08,41.9,0.0,0.46
1999-12-24,26.87,13.78,42.66,0.0,0.46
1999-12-25,27.44,12.36,43.57,0.0,0.46
1999-12-26,27.38,13.62,43.7,0.0,0.46
1999-12-27,28.32,13.54,45.35,0.0,0.46
1999-12-28,29.84,13.03,50.06,0.0,0.46
1999-12-29,32.26,13.11,52.06,0.0,0.46
1999-12-30,34.01,15.46,46.64,0.0,0.46
1999-12-31,35.15,18.46,43.08,0.0,0.46
2000-01-01,36.71,21.43,46.8,0.0,0.46
2000-01-02,37.17,22.41,44.78,0.0,0.46
2000-01-03,36.66,22.46,49.24,0.0,0.46
2000-01-04,36.42,22.24,51.36,0.0,0.46
2000-01-05,37.07,21.87,51.6,0.0,0.46
2000-01-06,36.37,21.68,49.55,0.0,0.46
2000-01-07,35.04,22.5,50.65,0.0,0.46
2000-01-08,35.42,22.04,47.97,0.0,0.46
2000-01-09,35.4,21.15,40.83,0.0,0.46
2000-01-10,36.67,19.74,34.75,0.0,0.46
2000-01-11,37.85,18.84,34.86,0.0,0.46
2000-01-12,37.85,18.42,34.84,0.0,0.46
2000-01-13,37.84,17.88,34.9,0.0,0.46
2000-01-14,37.25,17.92,39.29,0.0,0.46
2000-01-15,36.43,17.02,40.19,0.0,0.46
2000-01-16,36.93,17.53,41.77,0.0,0.46
2000-01-17,37.02,17.39,42.05,0.0,0.46
2000-01-18,36.7,18.03,43.25,0.0,0.46
2000-01-19,35.71,17.03,46.48,0.0,0.45
2000-01-20,33.76,17.39,53.56,0.01,0.45
2000-01-21,33.24,19.0,57.34,0.0,0.45
2000-01-22,34.54,19.2,50.1,0.0,0.45
2000-01-23,34.45,18.98,36.94,0.0,0.45
2000-01-24,34.77,16.5,33.75,0.0,0.45
2000-01-25,36.09,17.06,37.43,0.0,0.45
2000-01-26,35.75,19.59,41.65,0.0,0.45
2000-01-27,33.48,22.74,50.82,0.0,0.45
2000-01-28,34.48,21.46,52.41,0.0,0.45
2000-01-29,33.92,21.32,57.49,0.0,0.45
2000-01-30,32.45,20.4,60.47,0.0,0.45
2000-01-31,33.55,19.59,52.46,0.0,0.45
2000-02-01,33.2,20.18,53.94,0.0,0.45
2000-02-02,33.89,19.89,51.96,0.0,0.45
2000-02-03,34.38,20.38,56.5,0.0,0.45
2000-02-04,35.31,19.22,48.47,0.0,0.45
2000-02-05,36.13,17.99,47.25,0.0,0.45
2000-02-06,36.57,18.21,48.75,0.0,0.45
2000-02-07,35.83,18.1,46.64,0.0,0.45
2000-02-08,35.37,17.8,44.34,0.0,0.45
2000-02-09,35.36,17.76,46.76,0.0,0.45
2000-02-10,35.11,17.46,46.59,0.0,0.45
2000-02-11,36.19,18.83,41.05,0.0,0.45
2000-02-12,36.11,18.13,44.55,0.0,0.45
2000-02-13,37.52,18.07,51.06,0.0,0.45
2000-02-14,38.6,20.29,51.1,0.0,0.45
2000-02-15,39.35,22.09,46.86,0.0,0.45
2000-02-16,38.97,24.59,45.91,0.19,0.45
2000-02-17,35.47,23.75,52.35,0.0,0.45
2000-02-18,35.52,23.44,51.58,0.67,0.45
2000-02-19,35.36,23.82,44.88,0.01,0.46
2000-02-20,36.48,22.78,48.54,0.0,0.46
2000-02-21,37.96,23.28,33.2,0.0,0.46
2000-02-22,39.83,21.69,29.02,0.06,0.45
2000-02-23,39.72,22.06,30.22,0.0,0.45
2000-02-24,40.05,21.82,37.95,0.0,0.45
2000-02-25,39.31,22.43,39.16,0.0,0.45
2000-02-26,38.36,22.78,50.29,0.62,0.45
2000-02-27,34.77,25.18,61.78,0.69,0.46
2000-02-28,36.24,25.17,54.37,0.04,0.46
2000-02-29,37.51,23.3,31.0,0.01,0.46
2000-03-01,37.7,19.76,36.48,0.01,0.46
2000-03-02,37.81,19.32,39.48,0.0,0.46
2000-03-03,38.17,20.29,43.72,0.06,0.46
2000-03-04,37.09,22.63,34.89,0.0,0.46
2000-03-05,39.42,21.47,25.75,0.0,0.46
2000-03-06,38.99,19.71,32.92,0.0,0.46
2000-03-07,39.27,19.25,37.3,0.0,0.46
2000-03-08,38.19,20.46,48.61,0.0,0.46
2000-03-09,36.98,19.42,42.42,0.0,0.46
2000-03-10,37.39,18.55,40.45,0.0,0.45
2000-03-11,36.85,20.41,52.28,0.0,0.45
2000-03-12,37.01,20.39,50.28,0.0,0.45
2000-03-13,37.48,20.21,47.38,0.0,0.45
2000-03-14,38.34,20.39,49.16,0.0,0.45
2000-03-15,38.73,21.21,45.89,0.0,0.45
2000-03-16,38.72,22.03,40.92,0.0,0.45
2000-03-17,38.12,20.99,45.37,0.0,0.45
2000-03-18,39.11,21.43,43.21,0.0,0.45
2000-03-19,39.47,20.72,46.65,0.0,0.45
2000-03-20,39.95,22.56,42.79,0.0,0.45
2000-03-21,39.39,22.19,39.85,0.0,0.45
2000-03-22,41.45,22.58,35.12,0.0,0.45
2000-03-23,41.78,23.12,36.21,0.0,0.45
2000-03-24,39.13,25.16,52.63,3.56,0.46
2000-03-25,32.79,25.71,59.34,0.19,0.46
2000-03-26,31.19,25.16,66.45,0.68,0.46
2000-03-27,32.87,24.66,60.7,0.01,0.46
2000-03-28,34.91,25.2,56.0,0.22,0.46
2000-03-29,31.55,24.77,65.66,0.09,0.46
2000-03-30,36.18,25.06,58.78,0.05,0.46
2000-03-31,37.86,26.48,51.86,0.0,0.46
2000-04-01,39.97,25.89,48.43,0.0,0.46
2000-04-02,40.73,25.42,44.6,0.0,0.46
2000-04-03,40.75,23.66,49.53,0.0,0.46
2000-04-04,41.43,24.22,47.55,0.0,0.46
2000-04-05,41.51,24.35,47.67,0.0,0.46
2000-04-06,41.38,25.06,47.55,0.0,0.46
2000-04-07,41.28,25.13,44.88,0.0,0.46
2000-04-08,42.65,25.53,41.84,0.0,0.46
2000-04-09,42.52,25.67,41.69,0.0,0.46
2000-04-10,41.79,25.69,48.94,1.61,0.46
2000-04-11,32.46,27.16,63.45,0.24,0.46
2000-04-12,32.96,26.52,66.31,1.62,0.46
2000-04-13,36.23,25.75,57.83,0.05,0.46
2000-04-14,38.91,25.09,52.02,0.08,0.46
2000-04-15,39.43,25.6,48.51,0.5,0.46
2000-04-16,38.05,26.65,49.32,0.57,0.46
2000-04-17,33.6,27.22,62.99,0.14,0.46
2000-04-18,37.82,26.37,63.82,0.0,0.46
2000-04-19,38.98,27.27,53.91,3.2,0.46
2000-04-20,38.79,27.19,54.08,2.69,0.47
2000-04-21,39.93,26.85,54.67,0.74,0.47
2000-04-22,39.05,27.16,55.29,2.73,0.47
2000-04-23,37.69,27.32,58.97,0.0,0.47
2000-04-24,38.1,27.86,54.0,0.0,0.46
2000-04-25,38.32,27.55,50.84,0.03,0.46
2000-04-26,33.77,27.44,58.59,0.89,0.46
2000-04-27,33.77,26.67,74.41,0.71,0.46
2000-04-28,32.84,26.8,75.23,6.48,0.47
2000-04-29,30.17,25.89,83.86,27.35,0.51
2000-04-30,30.5,25.34,83.22,6.0,0.53
2000-05-01,31.56,25.73,78.61,0.05,0.53
2000-05-02,31.69,25.75,76.48,0.14,0.52
2000-05-03,30.99,25.23,77.9,1.09,0.52
2000-05-04,33.21,24.99,72.08,0.18,0.52
2000-05-05,33.63,25.16,70.81,0.33,0.52
2000-05-06,33.84,25.87,68.99,0.02,0.51
2000-05-07,35.65,25.22,64.94,0.0,0.51
2000-05-08,36.44,25.84,63.26,0.0,0.5
2000-05-09,36.52,25.99,62.95,0.01,0.5
2000-05-10,38.99,25.9,60.53,1.29,0.5
2000-05-11,38.63,26.85,62.43,3.12,0.5
2000-05-12,37.33,26.42,64.54,2.0,0.5
2000-05-13,33.63,27.27,69.18,0.65,0.49
2000-05-14,32.83,25.82,72.87,1.62,0.49
2000-05-15,33.59,26.4,73.62,1.27,0.49
2000-05-16,33.78,26.25,69.14,0.76,0.49
2000-05-17,36.39,25.82,62.53,0.76,0.49
2000-05-18,33.66,26.23,69.68,1.79,0.49
2000-05-19,32.02,26.24,73.88,4.19,0.49
2000-05-20,34.22,25.81,72.93,2.04,0.49
2000-05-21,35.0,25.16,63.46,0.51,0.49
2000-05-22,34.5,25.61,68.72,1.39,0.49
2000-05-23,35.53,26.4,69.25,0.34,0.48
2000-05-24,35.47,26.45,67.09,0.44,0.48
2000-05-25,36.36,27.06,63.23,1.76,0.48
2000-05-26,36.23,26.61,63.39,1.81,0.48
2000-05-27,38.56,26.48,58.07,0.08,0.48
2000-05-28,35.8,27.49,61.61,0.8,0.48
2000-05-29,33.68,27.16,72.91,7.68,0.48
2000-05-30,34.22,25.84,71.81,0.61,0.49
2000-05-31,31.23,25.63,77.8,5.42,0.49
2000-06-01,33.55,25.61,74.36,0.11,0.49
2000-06-02,33.56,26.75,74.2,0.65,0.49
2000-06-03,32.61,26.82,79.2,1.27,0.49
2000-06-04,32.1,26.65,78.51,1.39,0.49
2000-06-05,33.98,26.54,72.73,0.3,0.49
2000-06-06,33.45,26.23,68.92,0.21,0.48
2000-06-07,34.28,26.38,65.94,0.3,0.48
2000-06-08,34.09,26.23,66.11,0.37,0.48
2000-06-09,32.41,26.73,67.8,0.19,0.48
2000-06-10,31.55,26.67,70.26,0.28,0.48
2000-06-11,34.33,25.77,66.09,0.45,0.48
2000-06-12,32.08,26.23,70.79,1.42,0.48
2000-06-13,34.12,25.42,70.05,2.35,0.48
2000-06-14,32.98,26.39,72.44,1.55,0.48
2000-06-15,34.14,26.38,70.16,2.22,0.48
2000-06-16,34.23,26.13,68.52,1.25,0.48
2000-06-17,33.25,26.49,67.63,1.22,0.48
2000-06-18,35.6,25.87,63.83,0.1,0.48
2000-06-19,34.13,26.13,66.97,0.89,0.48
2000-06-20,34.76,26.35,65.73,0.25,0.48
2000-06-21,35.15,26.68,62.81,2.19,0.48
2000-06-22,34.5,26.03,63.01,0.62,0.48
2000-06-23,33.47,26.76,63.5,0.41,0.48
2000-06-24,32.98,26.55,68.41,0.16,0.48
2000-06-25,34.66,25.99,64.01,0.67,0.48
2000-06-26,33.02,25.95,66.17,0.5,0.47
2000-06-27,31.2,25.92,73.11,0.89,0.48
2000-06-28,33.24,25.47,70.72,0.51,0.48
2000-06-29,35.93,25.95,64.3,0.22,0.47
2000-06-30,32.89,26.82,69.97,2.17,0.47
2000-07-01,33.28,26.31,67.67,0.4,0.48
2000-07-02,38.6,26.6,60.21,0.01,0.47
2000-07-03,36.33,26.83,62.0,0.0,0.47
2000-07-04,32.42,27.72,71.58,0.13,0.47
2000-07-05,34.19,26.89,71.13,0.32,0.47
2000-07-06,32.1,26.74,74.02,1.45,0.47
2000-07-07,31.34,26.4,81.29,14.06,0.49
2000-07-08,30.61,26.05,81.98,5.0,0.5
2000-07-09,31.9,25.72,82.27,7.69,0.51
2000-07-10,32.34,26.12,81.9,10.0,0.52
2000-07-11,31.41,25.93,78.47,8.29,0.53
2000-07-12,31.61,25.31,80.96,11.72,0.54
2000-07-13,29.62,24.79,82.54,3.82,0.56
2000-07-14,33.41,24.08,72.82,0.54,0.55
2000-07-15,33.62,25.55,72.65,1.59,0.55
2000-07-16,31.03,25.64,80.89,2.13,0.55
2000-07-17,30.33,25.34,77.75,2.24,0.55
2000-07-18,32.78,25.12,74.74,1.28,0.55
2000-07-19,31.5,25.38,79.0,1.41,0.54
2000-07-20,30.7,25.35,79.32,2.42,0.55
2000-07-21,33.43,24.79,73.55,0.73,0.54
2000-07-22,31.07,24.62,75.84,0.9,0.54
2000-07-23,32.37,24.77,71.2,0.42,0.54
2000-07-24,33.63,25.04,71.27,0.34,0.54
2000-07-25,33.28,25.14,71.42,0.58,0.53
2000-07-26,33.27,24.97,68.14,0.75,0.53
2000-07-27,34.87,24.52,66.26,0.28,0.53
2000-07-28,35.11,25.21,64.19,0.03,0.52
2000-07-29,34.15,26.27,68.31,0.29,0.52
2000-07-30,35.4,26.17,66.41,0.21,0.51
2000-07-31,34.48,26.14,65.03,0.0,0.51
2000-08-01,32.24,25.57,73.63,0.09,0.51
2000-08-02,31.51,25.71,76.62,0.91,0.51
2000-08-03,33.2,25.45,71.85,0.39,0.51
2000-08-04,34.05,25.51,69.01,0.99,0.5
2000-08-05,33.05,25.5,71.49,0.48,0.5
2000-08-06,31.55,25.96,74.73,0.47,0.5
2000-08-07,32.79,25.24,74.71,1.49,0.5
2000-08-08,30.74,25.32,80.62,2.37,0.5
2000-08-09,30.07,25.73,81.04,2.79,0.5
2000-08-10,30.07,25.51,80.88,0.14,0.5
2000-08-11,30.14,24.86,80.4,0.04,0.5
2000-08-12,33.79,25.05,73.08,1.89,0.5
2000-08-13,32.32,25.64,73.98,1.69,0.5
2000-08-14,33.44,25.22,68.5,0.13,0.5
2000-08-15,33.45,24.81,65.44,0.08,0.49
2000-08-16,34.12,25.36,65.2,0.02,0.49
2000-08-17,31.61,25.81,75.99,0.13,0.49
2000-08-18,32.66,25.49,75.67,1.67,0.49
2000-08-19,33.0,26.11,71.15,0.08,0.49
2000-08-20,32.51,25.32,70.36,0.23,0.49
2000-08-21,35.11,25.08,65.13,0.03,0.49
2000-08-22,33.22,26.22,68.75,1.27,0.49
2000-08-23,33.69,25.59,75.77,7.61,0.5
2000-08-24,36.37,24.8,73.15,5.26,0.5
2000-08-25,33.14,25.49,75.32,0.08,0.5
2000-08-26,34.51,25.48,72.02,1.15,0.5
2000-08-27,30.74,25.68,83.53,9.73,0.5
2000-08-28,30.82,24.71,81.06,9.57,0.52
2000-08-29,30.2,24.47,84.09,8.19,0.53
2000-08-30,31.62,25.03,80.57,12.05,0.54
2000-08-31,32.06,25.11,81.3,10.85,0.56
2000-09-01,30.14,25.07,82.85,2.89,0.56
2000-09-02,31.04,25.04,82.22,6.8,0.57
2000-09-03,31.65,24.86,82.36,9.85,0.57
2000-09-04,29.52,24.61,84.83,12.63,0.59
2000-09-05,28.23,23.93,87.21,8.0,0.6
2000-09-06,29.11,23.34,84.07,8.59,0.61
2000-09-07,32.18,23.07,77.31,1.88,0.61
2000-09-08,35.16,23.91,69.73,0.18,0.61
2000-09-09,35.45,25.09,70.46,0.91,0.6
2000-09-10,32.37,25.01,79.9,7.75,0.6
2000-09-11,30.92,24.82,85.65,16.26,0.62
2000-09-12,29.05,25.3,90.16,3.61,0.63
2000-09-13,29.64,24.91,87.41,0.96,0.63
2000-09-14,30.66,24.28,84.81,5.57,0.63
2000-09-15,31.44,24.32,85.09,2.97,0.63
2000-09-16,31.28,24.46,86.04,0.36,0.63
2000-09-17,34.25,23.33,75.63,0.0,0.62
2000-09-18,34.09,24.11,74.96,0.07,0.62
2000-09-19,35.19,24.16,72.57,0.0,0.61
2000-09-20,35.17,24.48,74.48,0.28,0.6
2000-09-21,31.77,25.82,79.69,1.98,0.6
2000-09-22,33.65,24.42,73.23,0.09,0.6
2000-09-23,33.08,25.71,74.65,0.06,0.59
2000-09-24,31.66,24.82,80.2,1.61,0.59
2000-09-25,33.1,24.22,77.69,0.08,0.59
2000-09-26,33.0,24.74,76.55,0.43,0.58
2000-09-27,32.34,24.83,75.83,1.3,0.58
2000-09-28,32.33,25.06,81.11,7.1,0.58
2000-09-29,29.56,25.06,89.43,22.46,0.61
2000-09-30,28.65,25.44,91.41,6.54,0.63
2000-10-01,28.39,24.83,92.15,11.34,0.64
2000-10-02,32.03,24.41,80.56,0.0,0.64
2000-10-03,33.87,23.92,75.74,0.4,0.63
2000-10-04,33.19,24.55,77.12,3.88,0.63
2000-10-05,31.25,25.19,81.13,2.77,0.63
2000-10-06,30.48,24.9,83.37,1.65,0.63
2000-10-07,30.6,24.66,83.84,2.52,0.63
2000-10-08,30.55,24.72,83.16,0.07,0.63
2000-10-09,31.28,24.37,82.69,1.45,0.62
2000-10-10,31.03,24.51,84.83,1.58,0.62
2000-10-11,31.53,24.9,83.48,0.28,0.62
2000-10-12,31.1,25.29,85.18,2.09,0.62
2000-10-13,30.45,25.41,88.51,1.53,0.62
2000-10-14,29.16,25.03,88.7,0.23,0.62
2000-10-15,31.33,25.22,84.49,0.33,0.61
2000-10-16,31.0,25.43,84.82,0.59,0.61
2000-10-17,32.89,24.74,76.58,0.23,0.6
2000-10-18,32.89,25.0,77.68,1.91,0.6
2000-10-19,34.08,24.39,76.01,1.74,0.6
2000-10-20,32.02,25.36,78.55,0.07,0.59
2000-10-21,32.9,25.43,76.95,0.29,0.59
2000-10-22,31.64,25.43,80.17,2.86,0.59
2000-10-23,31.18,25.36,81.81,0.45,0.59
2000-10-24,29.34,25.09,85.47,0.11,0.59
2000-10-25,28.93,24.62,84.98,0.08,0.59
2000-10-26,31.7,24.65,80.71,0.16,0.58
2000-10-27,31.79,25.06,80.45,0.24,0.58
2000-10-28,31.58,24.5,81.68,1.63,0.58
2000-10-29,30.94,23.78,84.78,7.96,0.58
2000-10-30,31.07,24.36,83.75,4.26,0.59
2000-10-31,32.58,22.95,77.3,0.16,0.59
2000-11-01,32.49,22.58,72.84,0.0,0.58
2000-11-02,31.07,19.81,70.13,0.0,0.58
2000-11-03,31.08,17.41,70.75,0.0,0.57
2000-11-04,31.98,18.8,69.23,0.0,0.57
2000-11-05,32.13,18.18,67.38,0.0,0.56
2000-11-06,32.69,18.79,66.1,0.0,0.56
2000-11-07,32.81,19.76,68.35,0.0,0.55
2000-11-08,34.17,20.09,65.93,0.03,0.55
2000-11-09,33.95,20.81,72.33,33.04,0.56
2000-11-10,32.36,21.9,74.78,0.0,0.59
2000-11-11,32.62,21.57,68.42,0.0,0.58
2000-11-12,33.49,20.55,67.44,0.0,0.58
2000-11-13,32.96,21.27,74.14,0.04,0.57
2000-11-14,33.57,21.15,70.9,0.0,0.57
2000-11-15,34.81,22.01,70.89,0.0,0.56
2000-11-16,34.26,23.09,73.2,0.0,0.56
2000-11-17,34.23,21.99,70.07,0.0,0.55
2000-11-18,33.27,23.33,67.77,0.0,0.55
2000-11-19,34.08,23.05,69.43,0.0,0.54
2000-11-20,35.16,22.93,67.64,0.01,0.54
2000-11-21,32.99,23.57,65.64,0.01,0.54
2000-11-22,33.86,21.69,63.92,0.0,0.53
2000-11-23,34.21,21.36,65.91,0.0,0.53
2000-11-24,34.22,21.38,67.59,0.0,0.52
2000-11-25,34.95,21.17,66.11,0.0,0.52
2000-11-26,35.08,23.53,69.16,0.01,0.52
2000-11-27,31.21,25.36,77.06,0.0,0.52
2000-11-28,33.28,24.56,70.77,0.05,0.51
2000-11-29,29.68,24.79,74.68,0.0,0.51
2000-11-30,35.35,23.02,66.99,0.0,0.51
2000-12-01,35.69,23.79,61.8,0.0,0.51
2000-12-02,35.57,23.13,61.94,0.01,0.5
2000-12-03,35.83,23.6,60.02,0.0,0.5
2000-12-04,34.58,23.21,59.58,0.0,0.5
2000-12-05,34.47,22.02,64.04,0.0,0.49
2000-12-06,34.51,20.88,57.95,0.0,0.49
2000-12-07,33.99,20.17,59.33,0.0,0.49
2000-12-08,34.01,20.47,57.68,0.0,0.49
2000-12-09,34.37,21.04,57.66,0.0,0.48
2000-12-10,35.28,21.01,57.63,0.0,0.48
2000-12-11,35.14,23.24,52.47,0.0,0.48
2000-12-12,36.43,23.34,50.22,0.0,0.48
2000-12-13,36.51,21.52,43.38,0.0,0.48
2000-12-14,35.66,19.89,49.28,0.0,0.48
2000-12-15,34.95,19.29,51.69,0.0,0.47
2000-12-16,35.42,19.27,56.47,0.0,0.47
2000-12-17,36.17,20.75,50.02,0.0,0.47
2000-12-18,35.93,19.04,40.27,0.0,0.47
2000-12-19,34.82,19.01,53.09,0.0,0.47
2000-12-20,35.72,18.37,57.25,0.0,0.47
2000-12-21,36.95,20.47,56.18,0.0,0.47
2000-12-22,37.0,21.65,53.53,0.0,0.47
2000-12-23,35.97,19.91,57.75,0.0,0.47
2000-12-24,34.47,20.89,62.32,0.0,0.47
2000-12-25,32.16,19.76,60.22,0.0,0.46
2000-12-26,32.24,18.02,59.51,0.0,0.46
2000-12-27,32.75,17.46,62.01,0.0,0.46
2000-12-28,33.96,17.57,58.64,0.0,0.46
2000-12-29,34.77,17.82,55.76,0.0,0.46
2000-12-30,35.08,18.82,52.95,0.0,0.46
2000-12-31,35.55,18.91,43.59,0.0,0.46
2001-01-01,34.47,19.65,48.59,0.0,0.46
2001-01-02,35.01,18.3,51.16,0.0,0.46
2001-01-03,34.65,19.05,54.23,0.0,0.46
2001-01-04,34.49,18.96,50.97,0.0,0.46
2001-01-05,34.86,19.88,53.24,0.0,0.46
2001-01-06,35.07,19.26,50.95,0.0,0.46
2001-01-07,35.31,18.88,45.73,0.0,0.46
2001-01-08,34.91,19.89,49.79,0.0,0.46
2001-01-09,33.86,20.6,49.04,0.0,0.46
2001-01-10,32.68,16.15,40.84,0.0,0.46
2001-01-11,32.95,14.35,28.36,0.0,0.46
2001-01-12,33.45,14.23,38.29,0.0,0.46
2001-01-13,34.25,16.26,58.97,0.0,0.46
2001-01-14,35.16,17.53,48.72,0.0,0.46
2001-01-15,36.26,19.43,46.16,0.05,0.46
2001-01-16,33.07,22.46,54.5,0.05,0.46
2001-01-17,34.8,22.62,54.14,0.0,0.46
2001-01-18,36.28,22.27,50.35,0.0,0.46
2001-01-19,37.06,22.36,45.64,0.0,0.46
2001-01-20,35.79,22.16,50.36,0.0,0.46
2001-01-21,37.0,24.3,47.93,0.14,0.46
2001-01-22,36.2,22.66,48.73,0.02,0.46
2001-01-23,37.41,24.5,50.49,0.0,0.46
2001-01-24,36.54,23.74,44.9,0.0,0.46
2001-01-25,35.34,20.26,36.73,0.0,0.46
2001-01-26,34.85,17.39,29.91,0.0,0.46
2001-01-27,34.79,14.65,38.72,0.0,0.46
2001-01-28,35.17,15.86,41.39,0.0,0.46
2001-01-29,36.09,16.33,46.04,0.0,0.46
2001-01-30,36.38,18.8,43.52,0.0,0.46
2001-01-31,35.86,17.57,46.01,0.0,0.46
2001-02-01,35.86,17.91,56.45,0.0,0.46
2001-02-02,36.85,17.86,53.64,0.0,0.46
2001-02-03,36.72,18.68,54.85,0.0,0.46
2001-02-04,37.02,19.51,56.82,0.0,0.46
2001-02-05,37.35,20.81,54.05,0.0,0.46
2001-02-06,37.22,20.76,38.94,0.0,0.46
2001-02-07,37.73,17.93,36.38,0.0,0.46
2001-02-08,38.48,19.11,37.56,0.0,0.46
2001-02-09,36.49,17.24,39.3,0.16,0.46
2001-02-10,35.29,18.24,38.58,0.0,0.46
2001-02-11,34.97,16.45,43.27,0.0,0.45
2001-02-12,35.23,16.78,52.41,0.0,0.45
2001-02-13,37.92,17.47,47.54,0.0,0.45
2001-02-14,38.49,19.76,43.77,0.0,0.45
2001-02-15,33.18,23.67,53.6,0.0,0.45
2001-02-16,33.36,23.45,62.91,0.0,0.45
2001-02-17,33.99,24.98,60.16,0.02,0.45
2001-02-18,36.92,23.6,48.63,0.0,0.45
2001-02-19,37.43,20.25,37.47,0.0,0.45
2001-02-20,36.9,19.35,47.03,0.0,0.45
2001-02-21,37.2,19.67,56.09,0.0,0.45
2001-02-22,37.69,20.52,54.54,0.0,0.45
2001-02-23,37.01,20.36,51.13,0.0,0.45
2001-02-24,36.3,20.77,51.49,0.0,0.45
2001-02-25,36.12,19.86,57.67,0.0,0.45
2001-02-26,37.58,20.97,57.13,0.0,0.45
2001-02-27,37.7,22.25,56.85,0.0,0.45
2001-02-28,39.25,21.67,43.43,0.0,0.45
2001-03-01,40.04,21.2,38.19,0.0,0.45
2001-03-02,40.06,21.28,38.98,0.0,0.45
2001-03-03,40.55,21.67,40.71,0.0,0.45
2001-03-04,41.18,22.12,43.23,0.24,0.45
2001-03-05,39.02,24.51,49.17,0.0,0.45
2001-03-06,39.39,21.86,38.88,0.0,0.45
2001-03-07,39.92,21.15,38.31,0.0,0.45
2001-03-08,40.7,20.88,34.0,1.67,0.45
2001-03-09,35.41,24.75,65.38,4.34,0.46
2001-03-10,31.21,23.66,74.63,1.49,0.47
2001-03-11,34.63,23.95,62.57,0.04,0.47
2001-03-12,33.02,25.0,63.99,0.62,0.46
2001-03-13,31.43,24.19,68.36,1.37,0.47
2001-03-14,33.93,24.14,69.01,2.18,0.47
2001-03-15,34.44,24.85,67.16,1.12,0.47
2001-03-16,36.83,24.72,62.05,0.0,0.47
2001-03-17,38.56,24.39,55.94,0.0,0.46
2001-03-18,40.55,24.05,50.51,0.03,0.46
2001-03-19,40.22,25.17,49.25,0.0,0.46
2001-03-20,40.67,25.31,46.52,0.0,0.46
2001-03-21,39.28,26.38,51.98,0.79,0.46
2001-03-22,35.89,26.77,60.01,0.0,0.46
2001-03-23,36.93,26.13,61.69,0.02,0.46
2001-03-24,39.13,26.31,54.62,0.1,0.46
2001-03-25,40.52,25.28,44.9,0.0,0.46
2001-03-26,39.8,24.1,46.64,0.0,0.46
2001-03-27,40.0,24.96,49.63,0.09,0.46
2001-03-28,39.34,24.88,47.85,0.0,0.46
2001-03-29,40.13,24.26,50.03,0.0,0.46
2001-03-30,39.63,25.54,48.35,0.0,0.46
2001-03-31,40.15,24.97,46.18,0.0,0.46
2001-04-01,41.35,24.57,43.93,0.01,0.46
2001-04-02,41.21,25.42,42.19,0.0,0.46
2001-04-03,41.55,25.61,41.61,0.0,0.46
2001-04-04,42.27,25.28,43.25,0.0,0.46
2001-04-05,42.57,25.92,46.68,0.0,0.46
2001-04-06,42.13,26.88,47.1,0.0,0.46
2001-04-07,42.12,27.31,46.86,0.0,0.46
2001-04-08,42.37,26.89,40.96,0.0,0.46
2001-04-09,41.77,25.22,46.14,0.0,0.46
2001-04-10,42.56,25.58,44.82,0.0,0.46
2001-04-11,43.15,25.46,47.1,0.0,0.46
2001-04-12,42.74,26.77,47.31,0.01,0.46
2001-04-13,40.6,26.85,48.73,0.0,0.46
2001-04-14,41.34,27.12,44.03,0.0,0.46
2001-04-15,42.08,26.14,41.47,0.01,0.46
2001-04-16,41.75,26.32,43.32,0.0,0.45
2001-04-17,42.56,26.96,41.09,0.0,0.45
2001-04-18,42.51,26.93,45.56,0.0,0.45
2001-04-19,42.63,26.84,44.0,0.0,0.45
2001-04-20,42.43,26.64,44.21,0.0,0.45
2001-04-21,42.24,25.61,47.81,0.0,0.45
2001-04-22,41.88,26.87,45.91,0.0,0.45
2001-04-23,42.55,26.98,42.41,0.0,0.45
2001-04-24,42.65,25.93,42.84,0.02,0.45
2001-04-25,42.92,26.31,44.89,0.04,0.45
2001-04-26,41.84,26.44,45.9,0.0,0.45
2001-04-27,41.84,28.31,41.64,0.0,0.45
2001-04-28,41.81,27.24,40.8,0.0,0.45
2001-04-29,42.38,26.04,42.79,0.0,0.45
2001-04-30,42.9,27.35,46.11,0.89,0.45
2001-05-01,37.67,29.44,54.16,1.06,0.46
2001-05-02,36.74,26.63,63.17,1.59,0.46
2001-05-03,34.72,25.71,68.01,2.38,0.46
2001-05-04,38.97,28.02,56.85,0.06,0.46
2001-05-05,37.77,27.31,59.71,0.08,0.46
2001-05-06,34.51,27.07,59.17,0.42,0.46
2001-05-07,37.5,28.0,49.59,0.2,0.46
2001-05-08,34.8,28.19,60.6,0.81,0.46
2001-05-09,34.85,26.8,61.93,0.12,0.46
2001-05-10,37.33,27.84,57.12,0.07,0.46
2001-05-11,35.84,28.35,59.03,0.11,0.46
2001-05-12,37.25,27.95,55.59,0.16,0.46
2001-05-13,34.12,27.34,56.77,0.6,0.46
2001-05-14,39.05,27.09,49.81,0.54,0.46
2001-05-15,38.1,27.71,55.83,0.42,0.46
2001-05-16,35.71,27.9,60.38,2.78,0.46
2001-05-17,33.57,27.28,62.21,0.46,0.47
2001-05-18,34.59,27.66,60.94,0.33,0.46
2001-05-19,36.26,27.62,61.06,0.35,0.46
2001-05-20,37.08,27.89,58.51,0.49,0.46
2001-05-21,37.64,28.48,57.07,0.2,0.46
2001-05-22,37.87,28.47,56.92,0.15,0.46
2001-05-23,35.88,27.34,63.01,0.3,0.46
2001-05-24,36.04,27.22,59.97,0.55,0.46
2001-05-25,34.45,27.57,64.71,0.17,0.46
2001-05-26,34.48,26.66,66.88,1.12,0.46
2001-05-27,35.03,26.79,64.49,0.53,0.46
2001-05-28,33.75,27.11,66.87,0.7,0.46
2001-05-29,33.23,27.31,71.74,2.23,0.47
2001-05-30,32.29,26.69,74.26,0.92,0.47
2001-05-31,31.14,27.26,79.02,2.54,0.47
2001-06-01,33.44,27.51,74.63,1.89,0.47
2001-06-02,32.54,26.99,77.12,3.03,0.48
2001-06-03,32.69,26.12,73.86,0.0,0.47
2001-06-04,35.95,26.07,66.08,0.04,0.47
2001-06-05,34.81,27.05,63.52,0.01,0.47
2001-06-06,34.36,26.78,66.96,0.2,0.47
2001-06-07,32.92,26.69,72.13,1.31,0.47
2001-06-08,32.66,26.45,71.95,0.49,0.47
2001-06-09,32.84,26.48,71.0,0.45,0.47
2001-06-10,31.88,26.25,75.52,3.65,0.47
2001-06-11,32.46,26.02,75.67,3.14,0.47
2001-06-12,31.81,25.84,79.18,7.12,0.48
2001-06-13,31.62,25.48,80.76,20.84,0.51
2001-06-14,30.3,25.09,79.68,2.05,0.52
2001-06-15,31.66,24.96,76.41,0.81,0.52
2001-06-16,31.45,25.6,76.4,0.83,0.52
2001-06-17,33.65,25.36,71.21,1.05,0.51
2001-06-18,36.5,24.76,62.23,0.61,0.51
2001-06-19,35.35,25.38,66.15,0.36,0.51
2001-06-20,33.85,26.29,68.91,0.75,0.5
2001-06-21,33.29,26.01,68.97,0.31,0.5
2001-06-22,33.75,26.26,69.15,0.2,0.5
2001-06-23,31.42,26.25,78.93,1.12,0.5
2001-06-24,32.12,26.15,72.21,0.28,0.5
2001-06-25,33.64,25.36,71.7,0.09,0.49
2001-06-26,32.13,25.94,74.0,0.07,0.49
2001-06-27,31.14,25.72,73.11,0.46,0.49
2001-06-28,35.04,24.43,65.18,0.93,0.49
2001-06-29,34.61,26.43,67.87,0.79,0.49
2001-06-30,35.36,26.65,66.39,0.8,0.48
2001-07-01,31.68,26.03,71.99,1.81,0.48
2001-07-02,34.68,25.69,71.04,0.78,0.48
2001-07-03,33.78,25.98,68.58,0.56,0.48
2001-07-04,32.76,26.37,75.63,2.98,0.48
2001-07-05,31.67,26.12,77.68,1.13,0.48
2001-07-06,30.88,25.87,78.19,0.3,0.48
2001-07-07,33.63,26.19,71.82,0.57,0.48
2001-07-08,31.48,26.26,77.63,1.0,0.48
2001-07-09,31.72,26.27,76.78,1.35,0.48
2001-07-10,30.86,25.24,77.73,0.49,0.48
2001-07-11,32.42,25.18,73.24,0.62,0.48
2001-07-12,33.44,25.2,67.13,0.09,0.48
2001-07-13,34.22,26.23,66.92,0.22,0.48
2001-07-14,32.92,26.17,70.56,0.77,0.48
2001-07-15,30.19,25.48,80.12,1.99,0.48
2001-07-16,32.08,25.9,78.34,6.95,0.49
2001-07-17,31.37,25.33,77.39,1.62,0.49
2001-07-18,33.1,25.49,72.29,0.4,0.49
2001-07-19,31.79,25.71,73.99,1.9,0.49
2001-07-20,35.53,25.06,66.54,1.31,0.49
2001-07-21,33.34,26.24,67.74,2.26,0.49
2001-07-22,29.21,26.16,78.4,0.92,0.49
2001-07-23,34.52,25.56,67.63,0.21,0.48
2001-07-24,35.77,26.09,61.17,0.07,0.48
2001-07-25,37.75,25.9,57.39,0.02,0.48
2001-07-26,34.33,27.36,61.09,0.24,0.48
2001-07-27,37.63,26.13,57.39,0.16,0.48
2001-07-28,35.14,27.01,62.71,0.29,0.47
2001-07-29,32.05,26.34,72.94,1.15,0.48
2001-07-30,32.81,25.88,70.34,0.15,0.48
2001-07-31,33.93,26.08,70.82,0.73,0.47
2001-08-01,31.55,25.91,74.29,1.19,0.48
2001-08-02,30.93,25.77,76.08,1.95,0.48
2001-08-03,31.31,25.62,74.84,0.54,0.48
2001-08-04,32.32,25.93,72.87,0.53,0.48
2001-08-05,35.85,25.36,67.06,1.14,0.48
2001-08-06,33.7,26.53,67.13,1.09,0.48
2001-08-07,31.47,26.04,76.59,1.43,0.48
2001-08-08,33.92,25.48,67.93,0.71,0.48
2001-08-09,35.42,25.81,67.43,3.43,0.48
2001-08-10,33.52,26.22,67.69,0.62,0.48
2001-08-11,32.46,25.85,75.76,7.11,0.49
2001-08-12,30.2,25.41,79.71,1.88,0.49
2001-08-13,31.55,24.96,76.09,0.49,0.49
2001-08-14,34.29,24.83,68.53,0.56,0.49
2001-08-15,34.07,25.79,66.26,0.44,0.49
2001-08-16,33.19,26.29,72.77,1.9,0.48
2001-08-17,31.21,25.69,82.77,3.65,0.49
2001-08-18,34.45,26.0,71.3,0.28,0.49
2001-08-19,33.56,26.59,72.63,0.39,0.49
2001-08-20,35.43,25.98,64.05,0.46,0.48
2001-08-21,35.84,25.83,60.78,0.61,0.48
2001-08-22,36.66,26.66,60.95,0.24,0.48
2001-08-23,36.56,26.87,62.56,0.2,0.48
2001-08-24,36.5,27.04,60.72,0.08,0.48
2001-08-25,33.57,27.54,65.76,0.18,0.48
2001-08-26,33.96,27.02,70.85,0.37,0.48
2001-08-27,34.51,26.64,68.57,0.22,0.48
2001-08-28,31.57,25.83,77.93,0.68,0.48
2001-08-29,32.46,25.95,75.22,1.66,0.48
2001-08-30,34.58,25.91,70.75,0.23,0.48
2001-08-31,34.78,25.79,63.14,0.36,0.48
2001-09-01,36.05,25.92,62.31,0.18,0.47
2001-09-02,39.31,26.15,55.72,0.07,0.47
2001-09-03,36.62,27.35,58.09,0.47,0.47
2001-09-04,36.49,26.68,62.16,0.53,0.47
2001-09-05,36.06,26.6,62.15,0.73,0.47
2001-09-06,34.86,26.99,63.48,0.09,0.47
2001-09-07,35.69,26.46,65.01,1.25,0.47
2001-09-08,34.01,26.76,64.13,0.31,0.47
2001-09-09,35.11,26.02,67.75,3.43,0.47
2001-09-10,35.89,25.98,60.56,0.38,0.47
2001-09-11,35.85,25.86,59.22,0.04,0.47
2001-09-12,34.91,26.05,62.3,0.54,0.47
2001-09-13,34.73,25.55,67.33,5.54,0.47
2001-09-14,29.67,25.61,80.11,2.88,0.48
2001-09-15,33.95,24.61,70.08,0.0,0.48
2001-09-16,37.34,25.44,62.04,0.0,0.48
2001-09-17,37.87,25.85,57.58,0.26,0.47
2001-09-18,36.15,25.77,61.58,0.28,0.47
2001-09-19,33.23,26.21,66.32,0.11,0.47
2001-09-20,35.03,25.27,66.59,1.42,0.47
2001-09-21,34.04,25.83,65.85,0.24,0.47
2001-09-22,33.85,26.1,69.62,0.84,0.47
2001-09-23,33.54,25.98,70.72,0.34,0.47
2001-09-24,29.0,25.97,80.09,1.34,0.47
2001-09-25,31.01,25.56,77.55,0.5,0.47
2001-09-26,32.12,25.52,75.86,0.1,0.47
2001-09-27,34.36,25.34,73.42,0.11,0.47
2001-09-28,32.89,25.95,75.09,0.21,0.47
2001-09-29,33.1,25.61,72.95,0.41,0.47
2001-09-30,34.34,25.58,70.99,0.17,0.47
2001-10-01,35.3,25.95,66.41,0.04,0.47
2001-10-02,35.13,25.52,67.17,0.31,0.47
2001-10-03,34.84,25.91,66.76,0.2,0.47
2001-10-04,35.86,26.8,64.82,0.17,0.47
2001-10-05,35.76,25.85,65.7,0.69,0.47
2001-10-06,34.46,26.54,72.25,2.27,0.47
2001-10-07,32.2,25.99,72.35,0.28,0.47
2001-10-08,33.02,26.13,69.74,0.28,0.47
2001-10-09,31.65,25.89,75.57,2.65,0.47
2001-10-10,29.97,24.74,81.2,2.27,0.47
2001-10-11,32.47,24.71,78.57,3.86,0.48
2001-10-12,32.29,24.98,75.85,0.29,0.48
2001-10-13,33.86,25.06,74.25,2.39,0.48
2001-10-14,33.69,25.01,74.48,0.05,0.48
2001-10-15,32.71,26.08,74.21,0.64,0.48
2001-10-16,35.94,25.49,72.24,3.09,0.48
2001-10-17,32.62,26.51,71.86,0.53,0.48
2001-10-18,36.24,25.41,64.65,0.32,0.48
2001-10-19,35.25,24.79,65.71,0.02,0.47
2001-10-20,36.33,25.07,61.09,0.0,0.47
2001-10-21,36.27,26.28,59.91,0.0,0.47
2001-10-22,37.98,26.4,56.52,0.02,0.47
2001-10-23,38.04,25.82,55.47,0.38,0.47
2001-10-24,34.77,25.8,66.92,2.64,0.47
2001-10-25,31.2,26.04,83.44,2.37,0.47
2001-10-26,30.59,25.5,80.53,0.83,0.47
2001-10-27,32.6,25.2,74.85,0.68,0.47
2001-10-28,33.69,25.15,68.33,0.43,0.47
2001-10-29,30.49,25.72,78.81,0.76,0.47
2001-10-30,31.4,24.73,73.25,0.25,0.47
2001-10-31,30.75,24.79,78.88,0.02,0.47
2001-11-01,32.92,24.93,72.45,0.74,0.47
2001-11-02,31.91,25.18,72.67,0.27,0.47
2001-11-03,35.15,24.77,66.49,0.14,0.47
2001-11-04,34.68,25.44,66.68,3.14,0.47
2001-11-05,33.78,26.76,70.5,0.0,0.47
2001-11-06,35.57,26.16,64.9,0.0,0.47
2001-11-07,36.21,25.35,61.24,0.0,0.47
2001-11-08,35.62,25.28,61.08,0.0,0.47
2001-11-09,36.36,24.41,60.34,0.0,0.47
2001-11-10,35.22,24.53,60.5,0.0,0.47
2001-11-11,35.16,23.9,59.24,0.0,0.47
2001-11-12,36.21,24.27,57.52,0.0,0.46
2001-11-13,37.72,24.94,55.02,0.0,0.46
2001-11-14,34.49,25.74,59.86,0.61,0.46
2001-11-15,33.73,23.19,54.58,0.0,0.46
2001-11-16,33.67,20.94,51.42,0.0,0.46
2001-11-17,35.01,20.57,53.92,0.0,0.46
2001-11-18,35.57,21.49,56.99,0.0,0.46
2001-11-19,33.3,22.84,53.39,0.0,0.46
2001-11-20,32.52,19.85,51.69,0.0,0.46
2001-11-21,32.39,17.5,50.36,0.0,0.46
2001-11-22,32.6,17.85,52.1,0.0,0.46
2001-11-23,32.96,18.37,51.63,0.0,0.46
2001-11-24,33.5,18.16,51.96,0.0,0.46
2001-11-25,33.93,17.74,53.81,0.0,0.46
2001-11-26,32.37,18.8,56.44,0.0,0.46
2001-11-27,31.05,17.66,53.63,0.0,0.46
2001-11-28,32.5,16.95,53.47,0.0,0.46
2001-11-29,33.18,17.03,51.56,0.0,0.46
2001-11-30,34.44,17.88,55.17,0.0,0.46
2001-12-01,35.24,20.05,57.37,0.0,0.46
2001-12-02,35.63,21.02,52.49,0.0,0.46
2001-12-03,34.96,21.47,52.73,0.0,0.46
2001-12-04,35.77,20.65,47.25,0.0,0.46
2001-12-05,35.21,20.75,50.68,0.0,0.46
2001-12-06,35.48,19.61,47.41,0.06,0.46
2001-12-07,35.38,20.38,56.69,0.1,0.46
2001-12-08,36.5,21.36,52.39,0.0,0.46
2001-12-09,36.35,21.0,47.98,0.0,0.46
2001-12-10,36.79,20.76,40.04,0.0,0.46
2001-12-11,35.96,18.51,42.9,0.0,0.46
2001-12-12,36.47,18.07,36.92,0.0,0.46
2001-12-13,36.53,22.06,42.25,0.0,0.46
2001-12-14,34.13,25.31,52.32,0.0,0.46
2001-12-15,32.9,24.14,56.22,0.02,0.46
2001-12-16,35.92,21.87,54.42,0.0,0.46
2001-12-17,36.88,22.86,51.64,0.0,0.46
2001-12-18,36.56,23.85,51.02,0.0,0.46
2001-12-19,35.81,24.45,54.07,0.75,0.46
2001-12-20,34.13,25.4,58.44,0.02,0.46
2001-12-21,34.67,24.96,56.16,0.01,0.46
2001-12-22,33.3,24.01,50.26,0.0,0.46
2001-12-23,25.54,22.1,60.14,0.0,0.46
2001-12-24,33.11,20.32,52.01,0.0,0.46
2001-12-25,31.42,21.95,51.55,0.0,0.46
2001-12-26,31.74,21.33,48.19,0.0,0.46
2001-12-27,33.74,21.01,52.98,0.0,0.46
2001-12-28,34.45,19.78,54.87,0.0,0.46
2001-12-29,32.67,21.08,58.49,0.0,0.46
2001-12-30,33.68,20.42,59.09,0.0,0.46
2001-12-31,33.36,20.86,57.83,0.0,0.46
2002-01-01,31.7,22.29,55.52,0.0,0.46
2002-01-02,30.63,21.72,57.03,0.0,0.46
2002-01-03,31.69,20.05,55.64,0.0,0.46
2002-01-04,32.14,19.76,56.92,0.0,0.46
2002-01-05,32.25,18.67,56.3,0.0,0.46
2002-01-06,33.42,20.24,54.58,0.0,0.46
2002-01-07,33.26,19.11,56.55,0.0,0.46
2002-01-08,33.03,19.57,55.27,0.0,0.46
2002-01-09,33.28,19.34,52.84,0.0,0.46
2002-01-10,33.96,20.18,52.3,0.0,0.46
2002-01-11,34.5,21.09,49.97,0.0,0.46
2002-01-12,33.6,18.48,41.44,0.0,0.46
2002-01-13,33.58,16.6,38.14,0.0,0.46
2002-01-14,33.8,17.13,33.2,0.0,0.46
2002-01-15,33.94,16.33,41.31,0.0,0.46
2002-01-16,34.7,16.39,48.55,0.0,0.46
2002-01-17,35.54,17.17,50.14,0.0,0.46
2002-01-18,36.17,17.34,42.21,0.0,0.46
2002-01-19,37.12,17.47,44.55,0.0,0.46
2002-01-20,37.55,19.55,43.67,0.0,0.46
2002-01-21,37.01,20.87,44.92,0.0,0.46
2002-01-22,36.93,22.12,51.82,0.0,0.46
2002-01-23,35.53,23.08,57.52,0.0,0.46
2002-01-24,34.81,22.58,56.26,0.0,0.46
2002-01-25,36.08,21.35,51.94,0.0,0.46
2002-01-26,34.63,22.17,52.13,0.0,0.46
2002-01-27,33.98,17.41,40.79,0.0,0.46
2002-01-28,35.17,16.54,41.05,0.05,0.46
2002-01-29,36.12,18.53,40.39,0.06,0.46
2002-01-30,34.76,22.45,48.94,0.0,0.46
2002-01-31,35.39,21.84,50.84,0.0,0.46
2002-02-01,35.47,22.5,44.09,0.0,0.46
2002-02-02,34.6,19.97,48.6,0.0,0.46
2002-02-03,34.34,19.79,45.45,0.0,0.46
2002-02-04,33.8,18.44,42.57,0.0,0.46
2002-02-05,34.6,16.47,43.78,0.0,0.46
2002-02-06,34.3,16.19,47.66,0.0,0.45
2002-02-07,35.28,16.79,46.68,0.0,0.45
2002-02-08,35.59,17.76,46.83,0.0,0.45
2002-02-09,37.96,19.46,44.04,0.0,0.45
2002-02-10,39.25,19.45,37.24,0.0,0.45
2002-02-11,39.39,20.93,44.62,0.0,0.45
2002-02-12,36.93,23.53,58.48,0.0,0.45
2002-02-13,38.7,23.74,44.04,0.0,0.45
2002-02-14,38.98,23.22,36.1,0.0,0.45
2002-02-15,37.32,24.02,42.57,1.44,0.46
2002-02-16,35.17,25.63,51.98,0.0,0.46
2002-02-17,37.51,23.76,50.92,0.0,0.46
2002-02-18,38.8,23.82,34.78,0.0,0.46
2002-02-19,38.87,20.11,28.19,0.0,0.46
2002-02-20,38.0,21.1,33.16,0.0,0.46
2002-02-21,38.0,20.5,29.76,0.0,0.46
2002-02-22,37.93,19.17,34.87,0.0,0.46
2002-02-23,37.93,19.41,41.34,0.0,0.46
2002-02-24,38.33,19.72,38.82,0.0,0.46
2002-02-25,39.04,19.67,41.93,0.0,0.46
2002-02-26,38.39,20.03,38.41,0.0,0.46
2002-02-27,37.68,18.36,45.46,0.0,0.46
2002-02-28,37.63,19.73,50.5,0.0,0.46
2002-03-01,38.94,19.91,43.4,0.0,0.46
2002-03-02,39.24,20.26,45.91,0.0,0.45
2002-03-03,39.32,21.58,48.96,0.0,0.45
2002-03-04,39.19,20.89,48.64,0.0,0.45
2002-03-05,39.31,19.76,40.03,0.0,0.45
2002-03-06,38.8,20.73,40.98,0.0,0.45
2002-03-07,38.71,19.98,43.96,0.01,0.45
2002-03-08,36.52,20.79,54.71,0.0,0.45
2002-03-09,36.66,21.45,58.16,0.0,0.45
2002-03-10,37.96,21.67,50.38,0.0,0.45
2002-03-11,39.27,22.49,46.83,0.06,0.45
2002-03-12,40.06,22.64,42.18,0.0,0.45
2002-03-13,39.91,22.24,42.68,0.0,0.45
2002-03-14,39.94,22.61,47.8,0.0,0.45
2002-03-15,40.34,21.59,52.08,0.0,0.45
2002-03-16,40.88,22.58,53.11,0.0,0.45
2002-03-17,40.55,23.16,49.73,0.0,0.45
2002-03-18,40.63,23.29,50.84,3.1,0.46
2002-03-19,38.66,25.16,49.74,0.39,0.46
2002-03-20,40.58,24.9,40.37,0.0,0.46
2002-03-21,41.69,24.65,32.12,0.13,0.46
2002-03-22,40.21,25.31,32.97,0.0,0.46
2002-03-23,36.66,25.43,43.53,0.34,0.46
2002-03-24,38.91,23.48,42.07,0.0,0.46
2002-03-25,39.23,22.2,44.63,0.0,0.46
2002-03-26,40.54,22.41,42.09,0.0,0.46
2002-03-27,41.25,22.9,42.36,0.0,0.46
2002-03-28,41.46,24.18,37.25,0.0,0.46
2002-03-29,41.31,24.41,39.51,0.0,0.46
2002-03-30,40.82,23.74,44.62,0.0,0.46
2002-03-31,41.47,24.22,46.2,0.0,0.46
2002-04-01,40.83,24.67,46.54,0.0,0.46
2002-04-02,40.41,24.2,43.34,0.0,0.46
2002-04-03,39.89,23.14,40.24,0.0,0.46
2002-04-04,40.37,23.46,41.81,0.0,0.46
2002-04-05,40.51,24.69,43.91,0.0,0.46
2002-04-06,41.57,24.17,45.96,0.0,0.46
2002-04-07,41.86,24.46,44.1,0.0,0.46
2002-04-08,41.38,24.26,47.62,0.0,0.46
2002-04-09,39.93,24.4,47.84,0.0,0.46
2002-04-10,40.78,23.73,49.08,0.0,0.45
2002-04-11,40.87,26.34,48.24,0.0,0.45
2002-04-12,41.43,27.82,44.39,0.31,0.46
2002-04-13,35.28,27.83,59.55,0.07,0.46
2002-04-14,36.62,26.91,51.46,0.0,0.46
2002-04-15,41.1,25.22,43.05,0.0,0.46
2002-04-16,40.99,24.5,44.89,0.0,0.46
2002-04-17,41.03,26.1,45.0,0.0,0.45
2002-04-18,42.21,25.17,47.05,0.08,0.45
2002-04-19,41.97,25.97,44.25,0.0,0.45
2002-04-20,42.6,26.82,39.0,0.0,0.45
2002-04-21,42.92,26.73,39.37,0.0,0.45
2002-04-22,42.51,27.01,41.42,0.0,0.45
2002-04-23,40.54,27.63,46.96,0.94,0.46
2002-04-24,39.36,29.04,47.86,0.06,0.46
2002-04-25,41.06,28.48,47.6,0.1,0.46
2002-04-26,38.52,26.99,57.04,20.45,0.48
2002-04-27,38.96,25.99,61.93,1.01,0.49
2002-04-28,39.29,26.23,58.12,1.59,0.49
2002-04-29,37.95,27.32,57.62,0.02,0.48
2002-04-30,38.53,26.54,55.22,0.14,0.48
2002-05-01,39.53,26.98,50.51,1.67,0.48
2002-05-02,39.64,27.58,55.18,0.49,0.47
2002-05-03,41.36,27.92,51.31,0.16,0.47
2002-05-04,40.34,28.19,49.18,2.58,0.47
2002-05-05,39.58,28.63,49.31,0.45,0.47
2002-05-06,39.95,28.08,52.39,2.52,0.47
2002-05-07,41.33,28.26,48.32,0.33,0.47
2002-05-08,40.78,29.1,47.99,0.02,0.47
2002-05-09,40.61,29.37,47.63,0.07,0.46
2002-05-10,38.4,28.38,53.55,0.78,0.46
2002-05-11,33.02,27.5,75.14,22.24,0.49
2002-05-12,28.92,26.38,82.23,4.56,0.51
2002-05-13,33.28,26.08,69.17,0.33,0.51
2002-05-14,32.35,26.13,72.57,1.28,0.5
2002-05-15,30.53,26.07,80.36,1.23,0.5
2002-05-16,30.7,25.89,83.6,7.7,0.51
2002-05-17,30.8,26.02,85.92,11.16,0.52
2002-05-18,32.86,25.98,79.44,8.29,0.54
2002-05-19,34.4,26.3,74.91,2.51,0.54
2002-05-20,33.36,27.49,75.04,0.0,0.54
2002-05-21,32.74,27.2,76.2,0.0,0.53
2002-05-22,34.92,25.98,70.71,0.01,0.53
2002-05-23,33.83,25.69,70.03,0.06,0.53
2002-05-24,37.55,26.36,62.14,0.14,0.52
2002-05-25,38.64,25.05,59.72,0.02,0.52
2002-05-26,38.2,26.26,58.53,0.4,0.51
2002-05-27,31.56,26.69,70.16,0.53,0.51
2002-05-28,33.82,25.5,71.78,3.01,0.51
2002-05-29,36.02,26.09,65.13,0.24,0.51
2002-05-30,32.42,26.62,72.55,0.75,0.5
2002-05-31,33.87,26.03,69.04,1.12,0.5
2002-06-01,32.01,26.27,73.75,1.87,0.5
2002-06-02,31.54,26.14,79.56,12.86,0.51
2002-06-03,35.66,25.11,68.96,0.29,0.52
2002-06-04,33.34,26.6,70.29,0.36,0.52
2002-06-05,30.06,25.97,78.67,0.44,0.51
2002-06-06,31.49,26.1,75.24,0.47,0.51
2002-06-07,36.0,25.5,67.07,1.43,0.51
2002-06-08,33.09,26.16,73.78,0.48,0.51
2002-06-09,32.82,25.71,77.72,3.5,0.51
2002-06-10,33.14,25.2,75.68,0.37,0.51
2002-06-11,33.41,25.74,74.72,0.11,0.51
2002-06-12,33.16,26.2,72.33,0.52,0.5
2002-06-13,33.87,25.92,72.31,0.13,0.5
2002-06-14,33.73,26.2,73.36,0.29,0.5
2002-06-15,32.96,26.07,75.33,0.58,0.5
2002-06-16,34.0,26.18,77.31,4.91,0.5
2002-06-17,31.42,26.19,83.91,6.28,0.51
2002-06-18,30.58,26.07,85.25,11.0,0.52
2002-06-19,30.47,25.97,83.85,9.23,0.54
2002-06-20,31.67,26.08,81.65,9.24,0.55
2002-06-21,31.46,25.86,83.69,18.61,0.57
2002-06-22,30.31,25.95,87.14,29.61,0.61
2002-06-23,30.24,25.34,82.71,6.66,0.63
2002-06-24,30.36,25.68,84.87,10.35,0.64
2002-06-25,32.88,25.02,79.33,0.45,0.64
2002-06-26,32.55,25.54,77.11,2.15,0.63
2002-06-27,32.73,24.88,78.87,8.23,0.64
2002-06-28,31.1,25.8,82.47,2.76,0.64
2002-06-29,33.31,25.14,76.9,3.05,0.64
2002-06-30,32.3,25.31,80.35,6.1,0.64
2002-07-01,32.0,25.57,82.37,11.25,0.64
2002-07-02,32.39,25.68,81.16,16.29,0.66
2002-07-03,29.72,26.07,87.93,21.59,0.69
2002-07-04,32.35,25.31,81.9,19.33,0.71
2002-07-05,31.84,25.39,80.2,13.68,0.72
2002-07-06,31.15,25.4,83.86,13.71,0.74
2002-07-07,28.59,24.64,86.91,16.52,0.75
2002-07-08,31.91,24.95,83.85,2.54,0.75
2002-07-09,31.31,25.22,84.09,6.4,0.75
2002-07-10,30.1,25.65,87.36,7.59,0.76
2002-07-11,29.92,25.36,87.82,1.39,0.75
2002-07-12,30.52,25.7,87.17,1.42,0.75
2002-07-13,30.21,25.56,86.17,0.4,0.75
2002-07-14,30.08,25.28,88.96,14.34,0.75
2002-07-15,30.23,24.55,84.86,0.17,0.76
2002-07-16,30.46,25.69,86.2,0.71,0.75
2002-07-17,30.03,25.24,83.97,0.26,0.74
2002-07-18,31.05,24.86,83.32,0.55,0.74
2002-07-19,32.07,24.12,80.35,0.31,0.73
2002-07-20,30.14,24.69,83.56,0.66,0.72
2002-07-21,30.01,24.71,85.25,1.81,0.72
2002-07-22,31.06,25.04,80.98,0.92,0.72
2002-07-23,31.3,24.71,81.86,1.72,0.71
2002-07-24,30.14,25.26,87.1,6.05,0.71
2002-07-25,29.41,25.31,86.84,2.88,0.72
2002-07-26,30.95,25.26,84.99,6.39,0.71
2002-07-27,29.69,25.29,88.2,17.85,0.73
2002-07-28,30.72,24.76,84.83,1.62,0.74
2002-07-29,30.45,24.45,84.21,0.34,0.73
2002-07-30,30.0,24.76,85.73,0.1,0.73
2002-07-31,32.09,24.14,82.42,0.18,0.72
2002-08-01,30.96,25.4,82.48,0.74,0.71
2002-08-02,30.65,24.48,83.37,0.82,0.71
2002-08-03,30.85,24.65,84.42,2.22,0.7
2002-08-04,30.82,24.69,85.97,8.82,0.71
2002-08-05,29.9,25.15,89.64,6.32,0.71
2002-08-06,29.11,25.14,88.05,0.94,0.72
2002-08-07,30.4,25.22,88.04,3.42,0.71
2002-08-08,29.21,24.95,88.42,7.41,0.72
2002-08-09,30.77,24.67,85.07,0.55,0.72
2002-08-10,28.88,24.92,88.9,2.57,0.72
2002-08-11,29.76,24.77,87.93,1.08,0.71
2002-08-12,29.95,25.21,87.54,1.54,0.71
2002-08-13,29.69,25.08,86.82,2.13,0.71
2002-08-14,30.72,24.71,83.08,0.83,0.71
2002-08-15,31.05,24.81,80.86,0.94,0.7
2002-08-16,30.28,24.98,84.65,3.05,0.7
2002-08-17,31.52,24.88,82.89,3.06,0.7
2002-08-18,32.61,24.62,81.98,4.63,0.69
2002-08-19,30.89,25.03,82.51,1.77,0.69
2002-08-20,30.62,24.85,81.67,3.99,0.69
2002-08-21,31.58,24.49,79.67,1.6,0.69
2002-08-22,31.34,24.07,81.29,0.76,0.68
2002-08-23,32.67,23.43,77.25,0.12,0.68
2002-08-24,32.17,24.71,80.71,1.06,0.67
2002-08-25,29.99,25.34,85.17,1.02,0.67
2002-08-26,30.89,24.53,79.09,0.24,0.67
2002-08-27,30.91,24.86,83.52,0.31,0.66
2002-08-28,31.77,24.34,81.76,2.41,0.66
2002-08-29,30.64,24.34,85.17,7.12,0.66
2002-08-30,31.65,24.44,79.72,0.71,0.66
2002-08-31,34.79,24.68,75.36,1.87,0.66
2002-09-01,34.26,24.67,76.51,2.48,0.65
2002-09-02,29.98,25.29,84.91,2.25,0.65
2002-09-03,32.01,24.95,81.96,2.71,0.65
2002-09-04,32.1,25.09,82.48,4.18,0.65
2002-09-05,29.68,24.62,84.3,1.35,0.65
2002-09-06,31.84,23.83,80.48,0.95,0.65
2002-09-07,30.82,24.15,78.97,0.54,0.64
2002-09-08,30.44,24.26,84.51,1.12,0.64
2002-09-09,31.12,24.34,81.47,0.14,0.64
2002-09-10,32.22,24.44,78.35,0.49,0.63
2002-09-11,33.08,24.08,75.9,0.07,0.63
2002-09-12,33.58,24.74,74.34,0.16,0.62
2002-09-13,31.1,25.21,76.7,0.71,0.62
2002-09-14,30.11,24.41,83.6,7.33,0.62
2002-09-15,30.88,24.24,84.62,6.84,0.63
2002-09-16,29.54,24.43,87.97,21.17,0.65
2002-09-17,30.57,24.62,84.78,0.18,0.66
2002-09-18,30.97,24.69,85.97,1.63,0.66
2002-09-19,31.46,24.16,84.92,3.22,0.65
2002-09-20,29.09,24.78,88.93,11.2,0.67
2002-09-21,30.77,24.25,84.33,2.05,0.67
2002-09-22,29.98,24.06,82.63,0.21,0.66
2002-09-23,31.92,23.69,82.15,0.04,0.66
2002-09-24,31.44,24.64,81.55,0.65,0.65
2002-09-25,31.39,24.91,84.78,8.17,0.65
2002-09-26,31.74,24.52,83.36,4.47,0.66
2002-09-27,31.87,24.09,80.44,0.05,0.65
2002-09-28,31.74,24.54,82.09,0.51,0.65
2002-09-29,29.67,24.99,84.59,0.2,0.64
2002-09-30,32.45,24.35,79.06,0.78,0.64
2002-10-01,32.66,24.85,77.97,0.79,0.64
2002-10-02,31.48,24.93,83.5,1.91,0.63
2002-10-03,32.3,24.56,83.06,0.77,0.63
2002-10-04,33.41,24.69,77.87,0.03,0.63
2002-10-05,33.29,25.16,74.98,0.16,0.62
2002-10-06,32.94,25.34,76.65,1.47,0.62
2002-10-07,29.47,25.53,80.94,0.22,0.62
2002-10-08,31.43,23.95,69.7,0.0,0.61
2002-10-09,32.53,22.2,67.52,0.0,0.6
2002-10-10,33.48,20.53,67.08,0.0,0.6
2002-10-11,33.32,22.04,71.77,0.0,0.59
2002-10-12,33.58,24.11,73.48,0.0,0.59
2002-10-13,33.09,24.69,73.21,0.0,0.58
2002-10-14,33.52,24.19,72.97,0.0,0.58
2002-10-15,34.62,24.26,71.53,0.0,0.57
2002-10-16,35.31,24.58,70.92,0.01,0.57
2002-10-17,35.32,26.24,68.59,0.07,0.56
2002-10-18,33.64,25.79,75.12,2.0,0.56
2002-10-19,32.03,25.59,78.61,0.19,0.56
2002-10-20,33.23,25.53,76.85,0.04,0.55
2002-10-21,32.55,25.33,78.3,0.0,0.55
2002-10-22,31.23,25.54,78.62,0.09,0.55
2002-10-23,31.36,24.87,78.01,1.06,0.55
2002-10-24,32.25,24.88,75.85,0.78,0.55
2002-10-25,34.57,24.61,70.97,0.1,0.54
2002-10-26,33.89,25.0,71.14,0.36,0.54
2002-10-27,30.47,24.77,78.82,1.3,0.54
2002-10-28,30.71,24.42,79.41,0.35,0.54
2002-10-29,30.91,24.44,80.16,0.22,0.54
2002-10-30,33.5,24.24,74.2,0.01,0.53
2002-10-31,34.87,24.98,72.07,0.27,0.53
2002-11-01,31.38,25.86,79.43,0.63,0.53
2002-11-02,29.54,24.73,85.88,1.18,0.53
2002-11-03,29.23,24.23,81.79,1.15,0.53
2002-11-04,28.73,22.43,71.86,0.0,0.53
2002-11-05,31.54,20.69,66.09,0.0,0.52
2002-11-06,32.78,20.97,64.94,0.0,0.52
2002-11-07,33.31,20.66,67.2,0.0,0.52
2002-11-08,34.04,21.3,67.82,0.0,0.51
2002-11-09,33.54,23.41,65.26,0.0,0.51
2002-11-10,34.41,21.73,64.13,0.0,0.51
2002-11-11,34.79,21.67,65.86,0.0,0.5
2002-11-12,35.3,23.0,65.45,0.0,0.5
2002-11-13,35.11,24.13,65.67,0.04,0.5
2002-11-14,35.82,25.14,62.15,0.23,0.5
2002-11-15,34.93,25.59,64.21,0.01,0.49
2002-11-16,37.53,24.0,56.86,0.01,0.49
2002-11-17,36.25,24.84,65.77,6.84,0.49
2002-11-18,34.34,24.95,72.51,0.0,0.5
2002-11-19,34.83,25.11,65.74,0.0,0.5
2002-11-20,35.22,24.63,63.24,0.0,0.49
2002-11-21,36.52,23.96,60.94,0.02,0.49
2002-11-22,35.57,24.26,64.31,0.04,0.49
2002-11-23,34.07,24.65,71.0,0.25,0.49
2002-11-24,31.29,24.38,80.75,3.11,0.49
2002-11-25,29.73,25.34,84.91,3.24,0.49
2002-11-26,32.16,24.46,79.41,2.07,0.49
2002-11-27,30.97,23.64,78.63,1.01,0.49
2002-11-28,31.08,24.35,77.95,0.08,0.49
2002-11-29,33.04,24.29,73.86,0.01,0.49
2002-11-30,33.13,24.74,71.54,0.0,0.49
2002-12-01,35.22,24.23,64.31,0.0,0.49
2002-12-02,34.83,23.97,59.97,0.0,0.49
2002-12-03,36.38,22.85,63.38,1.76,0.49
2002-12-04,36.25,24.11,62.38,0.0,0.48
2002-12-05,36.7,24.69,57.8,0.0,0.48
2002-12-06,34.6,25.03,53.74,0.0,0.48
2002-12-07,35.18,24.21,49.98,0.0,0.48
2002-12-08,37.34,22.38,44.15,0.0,0.48
2002-12-09,36.11,22.18,56.55,3.39,0.48
2002-12-10,32.2,20.95,67.14,0.23,0.48
2002-12-11,33.11,24.18,66.51,0.0,0.48
2002-12-12,33.86,22.56,67.75,0.0,0.48
2002-12-13,34.44,23.07,66.23,0.0,0.48
2002-12-14,33.8,22.77,65.44,0.0,0.48
2002-12-15,34.05,22.47,64.21,0.0,0.48
2002-12-16,34.76,22.84,61.03,0.0,0.47
2002-12-17,34.98,22.0,57.23,0.0,0.47
2002-12-18,34.72,20.21,52.31,0.0,0.47
2002-12-19,35.16,19.55,46.55,0.0,0.47
2002-12-20,34.31,17.6,44.97,0.0,0.47
2002-12-21,33.15,17.97,47.51,0.0,0.47
2002-12-22,33.32,17.01,54.89,0.0,0.47
2002-12-23,32.98,18.26,59.02,0.0,0.47
2002-12-24,33.55,22.26,59.67,0.0,0.47
2002-12-25,32.61,22.4,71.27,10.96,0.48
2002-12-26,31.64,18.37,56.54,2.09,0.49
2002-12-27,32.28,15.05,52.54,0.0,0.48
2002-12-28,31.41,16.55,59.52,0.0,0.48
2002-12-29,31.52,16.76,55.33,0.0,0.48
2002-12-30,31.72,15.97,50.66,0.0,0.48
2002-12-31,32.69,16.59,57.37,0.0,0.47
2003-01-01,29.13,22.9,78.75,0.03,0.47
2003-01-02,31.19,22.82,76.27,0.11,0.47
2003-01-03,34.15,22.55,67.09,0.02,0.47
2003-01-04,33.07,23.15,67.17,0.29,0.47
2003-01-05,31.64,23.17,69.39,1.47,0.47
2003-01-06,33.16,20.89,48.36,0.0,0.47
2003-01-07,34.1,17.86,52.55,0.0,0.47
2003-01-08,34.0,19.78,56.8,0.0,0.47
2003-01-09,33.69,19.59,54.66,0.0,0.47
2003-01-10,34.02,19.51,56.87,0.0,0.47
2003-01-11,33.29,18.74,60.56,0.0,0.47
2003-01-12,33.65,18.89,60.43,0.0,0.46
2003-01-13,33.71,19.96,59.43,0.0,0.46
2003-01-14,33.96,19.28,59.32,0.0,0.46
2003-01-15,33.95,18.98,58.63,0.0,0.46
2003-01-16,33.88,19.9,59.43,0.0,0.46
2003-01-17,33.81,20.22,60.31,0.0,0.46
2003-01-18,34.76,19.79,57.87,0.0,0.46
2003-01-19,35.32,20.46,56.64,0.0,0.46
2003-01-20,35.01,19.62,55.93,0.0,0.46
2003-01-21,33.61,19.24,54.59,0.0,0.46
2003-01-22,32.02,15.81,53.08,0.0,0.46
2003-01-23,31.91,16.31,50.28,0.0,0.46
2003-01-24,32.06,15.75,50.35,0.0,0.46
2003-01-25,33.36,17.51,49.95,0.0,0.46
2003-01-26,34.04,17.34,54.81,0.0,0.46
2003-01-27,34.65,16.21,46.25,0.0,0.46
2003-01-28,35.64,16.66,55.66,0.0,0.46
2003-01-29,34.77,19.99,60.89,0.0,0.46
2003-01-30,34.88,20.65,53.57,0.0,0.46
2003-01-31,34.73,21.25,53.0,0.0,0.46
2003-02-01,36.27,20.08,46.26,0.0,0.46
2003-02-02,37.45,19.32,49.31,0.0,0.46
2003-02-03,37.61,21.4,44.85,0.0,0.46
2003-02-04,36.82,22.18,56.59,0.0,0.46
2003-02-05,34.41,23.28,58.6,0.08,0.46
2003-02-06,33.22,22.52,56.55,0.0,0.46
2003-02-07,34.34,22.81,53.19,0.0,0.46
2003-02-08,34.8,19.84,49.04,0.0,0.46
2003-02-09,35.29,19.09,49.67,0.0,0.46
2003-02-10,36.66,20.84,52.59,0.0,0.46
2003-02-11,38.27,22.74,47.89,0.0,0.46
2003-02-12,38.91,24.21,42.43,1.38,0.46
2003-02-13,38.12,21.71,35.08,0.5,0.46
2003-02-14,37.79,21.42,36.51,0.01,0.46
2003-02-15,36.82,21.46,35.06,0.0,0.46
2003-02-16,37.2,20.04,40.09,0.0,0.46
2003-02-17,37.17,19.18,43.52,0.0,0.46
2003-02-18,37.85,19.91,42.06,0.0,0.46
2003-02-19,38.01,19.95,38.92,0.0,0.46
2003-02-20,38.01,20.23,45.45,0.0,0.46
2003-02-21,38.41,21.66,48.67,0.0,0.46
2003-02-22,37.95,21.77,43.1,0.0,0.46
2003-02-23,37.97,19.7,33.72,0.0,0.46
2003-02-24,37.08,19.25,42.9,0.0,0.46
2003-02-25,36.72,19.05,45.94,0.0,0.46
2003-02-26,36.93,18.43,40.57,0.0,0.46
2003-02-27,37.89,18.66,45.12,0.0,0.46
2003-02-28,39.03,18.63,42.5,0.0,0.46
2003-03-01,38.86,19.14,45.01,0.0,0.46
2003-03-02,39.18,19.7,41.32,0.0,0.46
2003-03-03,39.01,19.43,43.53,0.0,0.46
2003-03-04,38.63,19.73,46.81,0.0,0.46
2003-03-05,37.99,20.91,47.44,0.0,0.46
2003-03-06,38.51,21.43,48.92,0.0,0.46
2003-03-07,38.92,20.86,37.69,0.0,0.46
2003-03-08,38.57,17.92,33.38,0.0,0.45
2003-03-09,37.7,17.92,35.26,0.02,0.45
2003-03-10,37.59,20.48,45.93,0.01,0.45
2003-03-11,38.21,23.48,44.3,0.0,0.45
2003-03-12,38.68,24.53,43.53,0.01,0.45
2003-03-13,35.62,25.82,48.93,1.8,0.46
2003-03-14,33.88,26.59,61.46,1.48,0.46
2003-03-15,38.48,24.18,46.76,0.0,0.46
2003-03-16,37.84,21.75,41.35,0.0,0.46
2003-03-17,38.66,22.36,46.71,0.0,0.46
2003-03-18,37.48,23.7,48.24,0.0,0.46
2003-03-19,39.33,23.92,46.3,0.0,0.46
2003-03-20,39.37,22.91,42.09,0.0,0.46
2003-03-21,36.43,22.94,43.66,0.0,0.46
2003-03-22,38.13,21.4,43.47,0.06,0.46
2003-03-23,38.88,21.76,42.44,0.02,0.46
2003-03-24,38.6,22.63,46.81,0.02,0.46
2003-03-25,37.86,24.36,50.31,0.05,0.46
2003-03-26,39.51,25.36,46.03,0.31,0.46
2003-03-27,39.68,25.34,44.55,0.1,0.46
2003-03-28,37.46,26.11,48.93,0.09,0.46
2003-03-29,37.1,25.97,56.81,0.19,0.46
2003-03-30,35.42,25.86,60.74,1.0,0.46
2003-03-31,38.64,25.58,54.02,0.01,0.46
2003-04-01,40.23,25.37,44.7,0.0,0.46
2003-04-02,40.34,24.8,44.68,0.0,0.46
2003-04-03,40.22,23.79,48.8,0.0,0.46
2003-04-04,41.15,24.13,48.97,0.0,0.46
2003-04-05,41.14,25.98,49.21,0.0,0.46
2003-04-06,41.15,27.14,51.26,0.0,0.46
2003-04-07,41.75,27.22,46.92,0.01,0.46
2003-04-08,42.23,25.48,46.44,0.0,0.46
2003-04-09,42.49,25.45,51.99,0.0,0.46
2003-04-10,42.07,25.93,49.85,0.0,0.46
2003-04-11,42.44,26.64,47.4,0.0,0.46
2003-04-12,41.57,25.71,42.84,0.0,0.46
2003-04-13,41.82,24.7,43.51,0.0,0.46
2003-04-14,42.31,25.54,44.9,0.0,0.46
2003-04-15,42.13,26.8,48.23,0.0,0.46
2003-04-16,40.96,27.6,47.55,0.0,0.46
2003-04-17,41.35,26.88,42.89,0.0,0.46
2003-04-18,41.55,25.83,44.11,0.0,0.46
2003-04-19,41.64,25.49,45.94,0.0,0.45
2003-04-20,41.83,26.23,46.66,0.0,0.45
2003-04-21,41.65,26.6,45.91,0.02,0.45
2003-04-22,42.48,27.56,41.69,0.35,0.46
2003-04-23,42.71,28.92,40.56,0.0,0.46
2003-04-24,42.23,28.13,43.26,0.0,0.45
2003-04-25,42.13,28.01,43.08,1.18,0.46
2003-04-26,42.14,28.76,43.1,0.07,0.46
2003-04-27,40.7,29.32,46.05,1.23,0.46
2003-04-28,39.88,28.58,49.58,0.25,0.46
2003-04-29,41.73,28.97,44.82,1.5,0.46
2003-04-30,38.64,30.04,49.25,1.74,0.46
2003-05-01,33.32,27.8,63.33,0.91,0.46
2003-05-02,37.1,26.6,57.76,0.26,0.46
2003-05-03,40.45,27.62,50.22,0.0,0.46
2003-05-04,41.18,27.28,46.95,0.0,0.46
2003-05-05,42.2,27.63,46.14,0.0,0.46
2003-05-06,43.0,27.2,44.85,0.0,0.46
2003-05-07,43.35,28.09,42.64,0.0,0.46
2003-05-08,43.71,29.14,40.46,0.69,0.46
2003-05-09,37.86,30.63,48.0,0.93,0.46
2003-05-10,36.39,29.37,55.71,0.1,0.46
2003-05-11,35.13,28.21,58.24,0.23,0.46
2003-05-12,32.37,27.4,73.36,2.91,0.46
2003-05-13,33.66,27.52,71.14,1.45,0.47
2003-05-14,35.08,28.12,62.75,0.03,0.47
2003-05-15,33.99,28.1,62.39,0.12,0.46
2003-05-16,35.12,28.02,65.44,0.72,0.46
2003-05-17,33.08,27.85,67.81,0.45,0.46
2003-05-18,32.57,27.62,71.01,0.78,0.46
2003-05-19,35.15,27.55,62.67,0.61,0.47
2003-05-20,36.16,26.52,59.97,2.03,0.47
2003-05-21,35.92,26.84,57.14,0.0,0.47
2003-05-22,36.66,26.61,53.07,0.18,0.46
2003-05-23,35.94,27.27,57.24,1.79,0.46
2003-05-24,37.95,27.73,54.18,0.7,0.46
2003-05-25,38.64,27.93,54.09,0.08,0.46
2003-05-26,38.0,28.05,57.57,0.14,0.46
2003-05-27,38.86,28.54,55.06,0.06,0.46
2003-05-28,36.98,28.15,53.02,0.02,0.46
2003-05-29,38.64,28.12,55.68,0.14,0.46
2003-05-30,36.72,28.51,60.57,1.12,0.46
2003-05-31,35.95,27.67,60.56,0.64,0.46
2003-06-01,33.5,27.47,63.67,0.94,0.46
2003-06-02,33.32,26.56,68.42,0.98,0.46
2003-06-03,32.17,26.35,74.33,0.64,0.46
2003-06-04,35.27,26.06,64.73,2.28,0.47
2003-06-05,34.98,27.42,62.66,0.15,0.47
2003-06-06,36.46,27.35,61.51,0.87,0.47
2003-06-07,34.39,27.19,63.03,0.61,0.47
2003-06-08,33.24,27.22,68.33,1.8,0.47
2003-06-09,33.84,27.22,68.64,0.33,0.47
2003-06-10,35.43,26.46,63.97,2.74,0.47
2003-06-11,34.71,26.69,63.85,0.52,0.47
2003-06-12,36.1,26.8,65.96,0.6,0.47
2003-06-13,35.9,26.49,63.43,0.09,0.47
2003-06-14,35.42,25.31,54.69,0.41,0.47
2003-06-15,34.97,27.0,62.75,0.06,0.46
2003-06-16,36.02,26.99,60.26,0.04,0.46
2003-06-17,34.18,27.14,62.41,0.03,0.46
2003-06-18,32.58,27.24,69.42,0.19,0.46
2003-06-19,33.34,26.45,72.82,0.95,0.46
2003-06-20,32.57,26.3,70.25,1.22,0.46
2003-06-21,35.28,26.46,66.16,1.18,0.47
2003-06-22,33.76,27.1,73.66,4.92,0.47
2003-06-23,33.24,26.24,73.67,0.79,0.47
2003-06-24,32.11,26.27,70.54,0.18,0.47
2003-06-25,32.67,25.82,71.77,0.73,0.47
2003-06-26,34.19,26.24,70.36,3.27,0.47
2003-06-27,33.98,26.54,70.07,4.17,0.48
2003-06-28,30.89,26.05,75.13,1.14,0.48
2003-06-29,30.28,25.38,77.05,3.86,0.48
2003-06-30,32.04,25.43,79.16,10.03,0.5
2003-07-01,32.46,24.88,76.42,0.28,0.49
2003-07-02,33.93,25.44,70.56,1.18,0.49
2003-07-03,32.21,25.4,76.2,1.54,0.49
2003-07-04,31.77,25.79,78.65,3.74,0.49
2003-07-05,33.42,25.44,72.93,0.06,0.49
2003-07-06,36.31,25.47,65.15,0.14,0.49
2003-07-07,35.12,26.72,68.43,2.32,0.49
2003-07-08,31.64,26.04,76.36,1.18,0.49
2003-07-09,32.96,26.04,73.36,0.24,0.49
2003-07-10,33.54,25.94,68.57,0.53,0.48
2003-07-11,34.67,26.16,66.77,0.01,0.48
2003-07-12,34.45,26.02,68.86,1.22,0.48
2003-07-13,31.35,26.17,78.11,2.44,0.48
2003-07-14,31.36,25.45,77.69,0.17,0.48
2003-07-15,34.42,24.51,71.66,0.43,0.48
2003-07-16,34.04,25.65,66.6,0.05,0.48
2003-07-17,35.73,25.71,65.28,0.0,0.48
2003-07-18,36.45,26.02,61.42,0.03,0.47
2003-07-19,36.4,26.88,60.91,0.3,0.47
2003-07-20,34.31,27.04,64.58,1.01,0.47
2003-07-21,36.4,26.87,62.22,0.75,0.47
2003-07-22,34.27,26.52,70.29,2.22,0.47
2003-07-23,32.92,26.55,74.91,4.85,0.48
2003-07-24,31.44,26.14,79.99,11.58,0.49
2003-07-25,32.1,25.97,79.27,1.48,0.5
2003-07-26,34.13,25.85,71.33,0.06,0.5
2003-07-27,33.79,25.04,70.62,0.04,0.49
2003-07-28,34.01,25.38,67.43,1.21,0.49
2003-07-29,32.88,26.24,69.6,0.96,0.49
2003-07-30,30.94,25.55,75.12,0.54,0.49
2003-07-31,32.33,25.3,72.31,0.24,0.49
2003-08-01,31.81,25.51,72.0,0.43,0.48
2003-08-02,32.82,25.64,71.65,0.53,0.48
2003-08-03,35.18,25.35,63.05,0.25,0.48
2003-08-04,32.92,26.47,71.93,0.38,0.48
2003-08-05,36.31,25.69,65.77,0.03,0.48
2003-08-06,32.43,27.01,73.67,0.06,0.48
2003-08-07,33.77,26.58,72.75,0.36,0.48
2003-08-08,32.37,26.23,74.42,0.87,0.48
2003-08-09,34.23,25.92,67.73,1.36,0.48
2003-08-10,36.39,26.23,63.24,0.99,0.48
2003-08-11,36.52,26.96,61.73,0.81,0.48
2003-08-12,36.07,26.97,60.79,1.47,0.48
2003-08-13,36.17,26.94,62.58,0.23,0.48
2003-08-14,33.52,26.76,65.74,0.13,0.47
2003-08-15,37.08,26.59,60.22,0.0,0.47
2003-08-16,37.01,27.37,61.25,0.11,0.47
2003-08-17,32.65,27.26,71.74,0.48,0.47
2003-08-18,34.25,26.59,69.74,0.71,0.47
2003-08-19,34.66,26.06,69.38,1.17,0.47
2003-08-20,31.21,26.44,80.51,7.69,0.48
2003-08-21,31.88,26.09,78.74,2.05,0.49
2003-08-22,33.69,25.94,71.39,0.18,0.48
2003-08-23,33.59,26.0,69.45,0.9,0.48
2003-08-24,32.61,26.4,71.25,1.59,0.48
2003-08-25,31.59,25.14,74.92,0.84,0.48
2003-08-26,32.59,25.47,73.53,0.85,0.48
2003-08-27,31.58,25.85,75.27,1.29,0.48
2003-08-28,30.65,25.54,78.13,2.08,0.48
2003-08-29,29.62,25.3,73.56,0.0,0.48
2003-08-30,36.12,24.67,62.9,0.07,0.48
2003-08-31,33.22,25.9,64.45,1.46,0.48
2003-09-01,34.05,24.95,65.97,1.07,0.48
2003-09-02,31.78,25.71,70.46,0.38,0.48
2003-09-03,30.52,24.85,74.5,0.75,0.48
2003-09-04,34.62,24.93,66.1,0.25,0.48
2003-09-05,35.63,25.84,62.0,0.32,0.48
2003-09-06,33.56,26.44,64.87,0.27,0.48
2003-09-07,33.32,26.16,65.94,0.19,0.47
2003-09-08,34.41,25.08,63.61,0.33,0.47
2003-09-09,33.1,26.41,72.51,1.91,0.47
2003-09-10,30.4,25.92,75.23,0.64,0.48
2003-09-11,33.43,25.61,67.04,0.54,0.47
2003-09-12,30.69,25.95,69.73,0.68,0.47
2003-09-13,33.52,25.08,68.72,1.61,0.47
2003-09-14,30.99,24.83,76.79,1.65,0.48
2003-09-15,34.72,24.91,68.38,0.63,0.48
2003-09-16,33.29,25.98,70.23,0.01,0.48
2003-09-17,30.52,26.3,77.86,0.02,0.47
2003-09-18,33.11,25.81,71.36,0.1,0.47
2003-09-19,32.8,25.69,69.04,0.5,0.47
2003-09-20,36.12,25.1,64.83,1.29,0.47
2003-09-21,33.43,26.43,67.3,0.63,0.47
2003-09-22,30.37,25.53,81.77,5.91,0.48
2003-09-23,32.71,25.19,78.54,3.2,0.49
2003-09-24,31.97,25.68,78.93,0.87,0.48
2003-09-25,34.04,25.69,71.44,0.19,0.48
2003-09-26,36.6,25.35,64.72,0.48,0.48
2003-09-27,34.67,26.78,64.87,0.51,0.48
2003-09-28,33.58,26.55,65.85,0.01,0.48
2003-09-29,34.41,27.18,65.56,0.22,0.48
2003-09-30,31.37,26.94,75.11,0.24,0.48
2003-10-01,32.49,25.95,77.3,1.84,0.48
2003-10-02,31.04,25.72,81.57,0.54,0.48
2003-10-03,31.9,25.09,75.21,0.0,0.48
2003-10-04,35.5,24.48,68.14,0.0,0.48
2003-10-05,36.67,25.62,63.16,0.02,0.47
2003-10-06,36.66,26.22,64.43,0.1,0.47
2003-10-07,35.26,26.39,67.03,0.53,0.47
2003-10-08,34.7,26.02,70.24,2.03,0.47
2003-10-09,37.18,25.67,62.03,0.04,0.47
2003-10-10,36.28,26.94,60.31,0.04,0.47
2003-10-11,38.54,26.55,55.73,0.03,0.47
2003-10-12,36.68,27.4,58.82,0.05,0.47
2003-10-13,35.65,27.31,65.01,2.04,0.47
2003-10-14,33.53,26.88,72.05,1.32,0.47
2003-10-15,33.02,26.44,66.79,0.15,0.47
2003-10-16,36.98,25.38,61.7,0.08,0.47
2003-10-17,36.32,25.42,63.22,0.16,0.47
2003-10-18,37.68,25.97,58.42,0.04,0.47
2003-10-19,37.12,26.5,59.51,0.6,0.47
2003-10-20,37.38,26.53,58.29,0.13,0.47
2003-10-21,36.53,26.75,60.83,0.41,0.47
2003-10-22,36.59,26.41,61.83,0.27,0.47
2003-10-23,36.67,26.34,59.2,0.0,0.46
2003-10-24,36.78,25.47,56.91,0.0,0.46
2003-10-25,37.22,25.45,56.45,0.01,0.46
2003-10-26,35.48,25.62,65.91,0.01,0.46
2003-10-27,36.46,25.21,62.29,0.0,0.46
2003-10-28,38.24,24.8,56.92,0.0,0.46
2003-10-29,37.83,25.19,56.79,0.28,0.46
2003-10-30,37.86,25.83,56.39,0.01,0.46
2003-10-31,35.77,27.2,57.3,0.0,0.46
2003-11-01,37.5,26.42,53.56,0.0,0.46
2003-11-02,37.65,25.93,54.03,0.0,0.46
2003-11-03,37.96,26.39,54.64,0.09,0.46
2003-11-04,38.55,25.88,54.08,0.0,0.46
2003-11-05,38.21,26.1,54.55,0.0,0.46
2003-11-06,38.16,25.49,54.94,0.0,0.46
2003-11-07,37.82,24.65,51.71,0.0,0.46
2003-11-08,37.92,23.82,47.63,0.0,0.46
2003-11-09,37.86,22.77,48.74,0.0,0.46
2003-11-10,37.93,22.61,49.38,0.0,0.46
2003-11-11,38.33,22.06,50.81,0.0,0.46
2003-11-12,35.19,24.16,57.77,0.0,0.46
2003-11-13,37.42,24.1,54.33,0.0,0.46
2003-11-14,38.81,24.73,50.17,0.0,0.46
2003-11-15,38.8,26.25,51.03,0.0,0.46
2003-11-16,39.16,26.04,45.46,0.0,0.46
2003-11-17,38.87,24.59,43.67,0.0,0.46
2003-11-18,37.9,23.54,46.45,0.0,0.46
2003-11-19,37.8,21.92,41.74,0.0,0.46
2003-11-20,37.55,20.42,42.75,0.0,0.46
2003-11-21,36.97,19.49,48.91,0.0,0.46
2003-11-22,37.08,20.78,51.23,0.0,0.46
2003-11-23,36.37,21.51,52.12,0.0,0.46
2003-11-24,36.88,21.8,49.62,0.0,0.46
2003-11-25,37.31,21.41,49.75,0.0,0.46
2003-11-26,37.31,21.88,46.16,0.0,0.46
2003-11-27,36.94,24.01,53.53,0.0,0.46
2003-11-28,36.77,24.57,51.85,0.0,0.46
2003-11-29,34.09,24.71,55.49,0.0,0.46
2003-11-30,34.97,23.35,53.33,0.0,0.46
2003-12-01,35.68,22.17,54.85,0.0,0.46
2003-12-02,35.29,21.84,53.63,0.0,0.46
2003-12-03,33.89,22.71,52.84,0.0,0.46
2003-12-04,33.87,21.25,52.78,0.0,0.46
2003-12-05,34.48,20.09,52.04,0.0,0.46
2003-12-06,34.45,20.22,52.52,0.0,0.46
2003-12-07,34.75,20.44,48.41,0.0,0.46
2003-12-08,34.82,21.16,49.0,0.0,0.46
2003-12-09,35.21,21.69,49.27,0.0,0.46
2003-12-10,35.78,21.22,52.01,0.0,0.46
2003-12-11,36.04,23.08,50.4,0.0,0.46
2003-12-12,36.02,23.18,52.49,0.0,0.46
2003-12-13,34.7,24.38,54.74,0.0,0.46
2003-12-14,34.13,22.23,54.26,0.0,0.46
2003-12-15,33.44,20.73,49.22,0.0,0.46
2003-12-16,32.46,20.08,48.38,0.0,0.46
2003-12-17,33.14,20.24,46.34,0.0,0.46
2003-12-18,33.96,19.93,45.75,0.0,0.46
2003-12-19,33.4,21.55,52.17,0.0,0.46
2003-12-20,32.02,20.94,44.28,0.0,0.46
2003-12-21,32.25,20.57,44.15,0.0,0.46
2003-12-22,32.74,21.02,45.0,0.0,0.46
2003-12-23,34.64,20.07,49.88,0.0,0.46
2003-12-24,35.47,20.34,52.54,0.0,0.45
2003-12-25,36.0,20.17,50.33,0.0,0.45
2003-12-26,36.16,20.41,48.91,0.0,0.45
2003-12-27,33.42,21.41,54.1,0.0,0.45
2003-12-28,32.04,20.5,54.64,0.0,0.45
2003-12-29,33.45,20.05,50.09,0.0,0.45
2003-12-30,34.06,18.63,51.31,0.0,0.45
2003-12-31,34.89,18.78,49.43,0.0,0.45
2004-01-01,33.64,17.91,52.91,0.0,0.45
2004-01-02,34.31,18.25,51.51,0.0,0.45
2004-01-03,34.35,18.12,52.22,0.0,0.45
2004-01-04,34.79,18.63,54.72,0.0,0.45
2004-01-05,35.32,18.86,52.84,0.0,0.45
2004-01-06,35.02,20.06,39.98,0.0,0.45
2004-01-07,35.87,19.42,40.74,0.0,0.45
2004-01-08,33.62,19.99,40.8,0.0,0.45
2004-01-09,33.96,20.59,51.55,0.0,0.45
2004-01-10,35.32,20.9,45.05,0.0,0.45
2004-01-11,36.13,19.74,42.95,0.0,0.45
2004-01-12,34.46,20.42,46.48,0.73,0.45
2004-01-13,34.65,21.15,48.3,0.0,0.46
2004-01-14,34.42,19.91,43.9,0.0,0.46
2004-01-15,34.04,19.33,36.95,0.0,0.46
2004-01-16,35.33,17.05,31.75,0.0,0.46
2004-01-17,34.69,16.93,33.61,0.0,0.46
2004-01-18,34.21,17.15,43.39,0.0,0.46
2004-01-19,34.59,17.26,44.99,0.0,0.46
2004-01-20,34.54,16.95,46.86,0.0,0.46
2004-01-21,34.71,16.85,50.95,0.0,0.46
2004-01-22,35.17,17.38,48.0,0.0,0.46
2004-01-23,35.51,19.36,47.19,0.0,0.46
2004-01-24,35.26,19.28,52.97,0.0,0.45
2004-01-25,31.97,22.07,57.18,0.0,0.45
2004-01-26,33.5,22.22,58.4,0.0,0.45
2004-01-27,34.58,21.45,51.96,0.0,0.45
2004-01-28,34.73,22.54,39.93,0.0,0.45
2004-01-29,34.89,18.79,39.02,0.0,0.45
2004-01-30,35.25,18.63,41.36,0.0,0.45
2004-01-31,36.74,18.21,39.44,0.0,0.45
2004-02-01,37.85,17.88,33.44,0.0,0.45
2004-02-02,36.81,19.15,36.26,0.0,0.45
2004-02-03,37.1,22.09,39.09,0.0,0.45
2004-02-04,35.53,21.54,45.38,0.0,0.45
2004-02-05,35.92,17.81,38.27,0.0,0.45
2004-02-06,33.94,18.98,38.94,0.01,0.45
2004-02-07,35.4,17.3,42.15,0.32,0.45
2004-02-08,34.32,18.64,47.1,0.0,0.45
2004-02-09,33.31,20.31,58.71,0.0,0.45
2004-02-10,34.65,20.17,60.67,0.0,0.45
2004-02-11,35.57,19.59,54.61,0.0,0.45
2004-02-12,36.54,19.49,45.55,0.0,0.45
2004-02-13,34.65,19.56,49.04,0.0,0.45
2004-02-14,34.35,21.81,50.2,0.0,0.45
2004-02-15,34.5,20.52,50.23,0.0,0.45
2004-02-16,35.96,20.12,45.85,0.0,0.45
2004-02-17,36.18,19.89,31.34,0.0,0.45
2004-02-18,36.52,18.81,31.69,0.0,0.45
2004-02-19,35.97,19.65,41.93,0.0,0.45
2004-02-20,36.12,20.78,42.98,0.0,0.45
2004-02-21,36.42,19.87,44.38,0.0,0.45
2004-02-22,36.64,18.99,45.97,0.0,0.45
2004-02-23,36.16,18.59,46.41,0.0,0.45
2004-02-24,36.07,17.75,45.93,0.0,0.45
2004-02-25,35.63,18.15,46.11,0.0,0.45
2004-02-26,35.97,18.87,55.9,0.0,0.45
2004-02-27,35.2,19.68,55.88,0.0,0.45
2004-02-28,35.36,19.14,57.34,0.0,0.45
2004-02-29,35.69,19.68,52.53,0.0,0.45
2004-03-01,37.15,19.94,53.5,0.0,0.45
2004-03-02,38.42,19.73,48.25,0.0,0.45
2004-03-03,38.85,20.72,50.88,0.0,0.45
2004-03-04,39.24,20.44,48.06,0.0,0.45
2004-03-05,38.5,18.99,45.64,0.0,0.45
2004-03-06,37.7,20.21,51.52,0.0,0.45
2004-03-07,37.18,19.79,54.07,0.06,0.45
2004-03-08,35.76,24.96,45.19,0.0,0.45
2004-03-09,35.78,24.88,39.97,0.0,0.45
2004-03-10,38.34,23.76,46.31,0.0,0.45
2004-03-11,40.14,24.04,44.28,0.0,0.45
2004-03-12,39.84,23.69,39.3,0.0,0.45
2004-03-13,39.85,23.77,41.06,0.0,0.45
2004-03-14,41.9,23.37,44.2,0.0,0.45
2004-03-15,40.47,24.4,44.35,0.06,0.45
2004-03-16,40.15,24.2,41.11,0.0,0.45
2004-03-17,39.53,22.16,37.29,0.0,0.45
2004-03-18,40.15,21.34,36.54,0.0,0.45
2004-03-19,40.56,21.91,35.12,0.0,0.45
2004-03-20,40.38,21.89,33.71,0.0,0.45
2004-03-21,40.4,21.75,34.7,0.0,0.45
2004-03-22,39.83,22.12,44.93,0.0,0.45
2004-03-23,39.9,22.22,46.8,0.0,0.45
2004-03-24,39.68,22.51,51.1,0.0,0.45
2004-03-25,39.28,22.58,52.12,0.0,0.45
2004-03-26,40.46,22.96,50.83,0.0,0.45
2004-03-27,40.4,24.19,51.74,0.0,0.45
2004-03-28,40.62,24.62,50.0,0.0,0.45
2004-03-29,40.27,24.27,50.35,0.0,0.45
2004-03-30,41.32,25.13,45.97,0.0,0.45
2004-03-31,41.24,24.66,47.46,0.0,0.45
2004-04-01,41.2,25.71,49.56,0.01,0.45
2004-04-02,41.62,26.03,42.67,0.0,0.45
2004-04-03,40.05,26.7,47.27,0.0,0.45
2004-04-04,39.59,27.23,48.2,0.0,0.45
2004-04-05,40.35,26.61,44.38,0.0,0.45
2004-04-06,39.74,26.35,44.81,0.0,0.45
2004-04-07,37.54,27.35,48.74,0.0,0.45
2004-04-08,38.77,26.96,39.43,0.0,0.45
2004-04-09,39.27,26.38,44.25,0.0,0.45
2004-04-10,40.38,25.79,45.67,0.0,0.45
2004-04-11,40.96,26.06,44.97,0.0,0.45
2004-04-12,41.37,26.0,42.7,0.0,0.45
2004-04-13,42.17,25.28,41.68,0.0,0.45
2004-04-14,41.86,25.92,45.18,0.0,0.45
2004-04-15,41.21,26.59,47.16,0.0,0.45
2004-04-16,40.61,26.6,47.6,0.0,0.45
2004-04-17,40.47,26.05,48.48,0.0,0.45
2004-04-18,41.38,27.37,46.92,0.02,0.45
2004-04-19,41.2,27.52,48.17,0.05,0.45
2004-04-20,42.76,29.15,39.13,0.02,0.45
2004-04-21,42.62,29.55,34.36,0.0,0.45
2004-04-22,42.85,27.68,36.86,0.0,0.45
2004-04-23,43.17,27.61,38.31,0.0,0.45
2004-04-24,43.02,26.98,40.13,0.76,0.45
2004-04-25,42.6,25.93,42.75,0.75,0.46
2004-04-26,43.23,27.51,37.17,0.0,0.46
2004-04-27,42.47,28.98,41.78,2.19,0.46
2004-04-28,40.0,29.19,50.43,0.21,0.46
2004-04-29,38.89,28.68,52.18,0.08,0.46
2004-04-30,40.53,29.54,43.66,0.16,0.46
2004-05-01,41.85,29.49,42.53,0.01,0.46
2004-05-02,41.33,29.75,43.89,0.0,0.46
2004-05-03,40.35,29.87,47.87,0.8,0.46
2004-05-04,41.37,29.45,48.51,0.03,0.46
2004-05-05,40.53,29.79,50.0,0.87,0.46
2004-05-06,34.82,28.52,62.35,2.33,0.46
2004-05-07,37.2,27.85,63.5,1.73,0.46
2004-05-08,34.43,28.09,64.56,0.02,0.46
2004-05-09,36.57,27.87,63.38,0.0,0.46
2004-05-10,35.01,28.5,66.07,0.1,0.46
2004-05-11,34.63,27.88,67.59,1.06,0.46
2004-05-12,35.39,27.48,67.54,0.26,0.46
2004-05-13,34.82,28.07,67.61,0.08,0.46
2004-05-14,34.54,27.54,70.32,0.78,0.46
2004-05-15,33.46,27.8,72.6,1.86,0.46
2004-05-16,33.2,27.02,75.34,7.5,0.47
2004-05-17,32.28,26.39,78.12,24.22,0.5
2004-05-18,32.46,26.13,79.21,14.2,0.53
2004-05-19,32.79,27.12,76.0,3.98,0.54
2004-05-20,31.85,27.28,84.19,8.74,0.55
2004-05-21,32.03,26.56,82.25,1.92,0.55
2004-05-22,31.96,26.02,81.45,2.83,0.55
2004-05-23,31.16,25.42,79.74,5.93,0.55
2004-05-24,31.7,24.93,76.34,0.18,0.55
2004-05-25,30.37,25.18,80.99,9.89,0.56
2004-05-26,32.4,24.66,80.65,8.34,0.57
2004-05-27,29.66,25.22,85.09,6.64,0.58
2004-05-28,30.03,24.98,85.09,5.74,0.58
2004-05-29,30.03,25.01,84.24,12.2,0.6
2004-05-30,30.57,25.03,84.86,12.89,0.61
2004-05-31,28.54,24.6,84.93,2.0,0.62
2004-06-01,31.88,23.83,77.96,0.17,0.62
2004-06-02,33.08,24.43,75.97,0.16,0.61
2004-06-03,33.59,24.51,75.31,0.29,0.6
2004-06-04,34.36,24.67,74.48,0.0,0.6
2004-06-05,31.4,25.97,79.83,0.1,0.59
2004-06-06,31.03,26.06,82.36,0.78,0.59
2004-06-07,31.12,25.8,81.92,0.7,0.59
2004-06-08,32.06,25.39,80.05,1.01,0.59
2004-06-09,31.41,26.19,83.1,3.04,0.59
2004-06-10,30.07,25.9,85.41,1.43,0.59
2004-06-11,32.26,26.42,81.07,2.24,0.59
2004-06-12,30.3,25.84,83.5,3.16,0.59
2004-06-13,32.73,25.55,76.97,0.33,0.59
2004-06-14,34.21,25.49,71.73,1.22,0.58
2004-06-15,32.99,26.35,77.32,0.47,0.58
2004-06-16,30.74,25.13,82.77,1.38,0.58
2004-06-17,30.94,25.11,79.17,2.5,0.58
2004-06-18,32.67,25.32,72.92,2.11,0.58
2004-06-19,33.65,25.32,73.38,2.42,0.57
2004-06-20,34.74,25.05,71.23,1.81,0.57
2004-06-21,31.81,26.55,76.61,2.86,0.57
2004-06-22,30.48,25.52,80.98,8.23,0.58
2004-06-23,33.32,24.86,68.82,5.69,0.58
2004-06-24,34.92,24.04,72.01,2.16,0.58
2004-06-25,35.03,23.85,61.9,0.26,0.58
2004-06-26,35.14,25.62,64.71,0.59,0.57
2004-06-27,29.2,25.58,77.62,0.65,0.57
2004-06-28,31.36,25.1,77.62,0.85,0.57
2004-06-29,32.63,25.09,74.3,0.15,0.56
2004-06-30,35.62,25.53,67.94,0.02,0.56
2004-07-01,34.19,25.73,69.12,0.17,0.55
2004-07-02,31.82,26.0,76.3,1.05,0.55
2004-07-03,34.23,26.67,73.61,0.36,0.55
2004-07-04,33.11,26.78,74.41,0.34,0.55
2004-07-05,32.04,26.45,76.67,0.56,0.54
2004-07-06,31.14,25.84,77.32,0.54,0.54
2004-07-07,33.68,25.41,73.45,1.2,0.54
2004-07-08,34.59,24.91,66.9,0.53,0.54
2004-07-09,34.68,24.74,67.62,0.97,0.53
2004-07-10,32.93,25.52,71.98,1.54,0.53
2004-07-11,31.0,25.31,76.36,1.19,0.53
2004-07-12,31.01,25.04,78.94,1.4,0.53
2004-07-13,31.36,25.63,80.6,17.88,0.54
2004-07-14,30.44,25.55,81.4,0.34,0.56
2004-07-15,32.21,26.12,74.95,0.48,0.55
2004-07-16,34.7,25.73,69.95,0.09,0.55
2004-07-17,33.18,25.7,70.7,0.67,0.54
2004-07-18,33.24,25.31,70.72,0.34,0.54
2004-07-19,34.5,25.65,68.34,1.03,0.54
2004-07-20,34.54,25.31,67.77,1.44,0.54
2004-07-21,32.9,25.39,70.61,0.19,0.53
2004-07-22,33.33,24.4,73.01,0.52,0.53
2004-07-23,32.35,25.01,76.16,0.97,0.53
2004-07-24,31.18,25.43,76.86,0.96,0.53
2004-07-25,32.53,25.31,74.42,0.71,0.52
2004-07-26,33.6,25.1,73.68,0.5,0.52
2004-07-27,33.35,25.17,74.08,0.85,0.52
2004-07-28,32.83,25.36,73.52,0.75,0.52
2004-07-29,35.17,24.88,67.75,0.64,0.51
2004-07-30,33.4,25.46,67.5,0.84,0.51
2004-07-31,31.57,25.78,76.7,3.12,0.51
2004-08-01,31.4,25.27,79.97,0.58,0.51
2004-08-02,30.1,25.36,83.53,3.72,0.52
2004-08-03,30.39,25.47,82.45,1.51,0.52
2004-08-04,30.77,24.99,82.2,4.01,0.52
2004-08-05,31.86,24.83,79.45,0.86,0.52
2004-08-06,31.99,24.59,75.25,0.56,0.52
2004-08-07,32.76,25.15,71.84,0.29,0.51
2004-08-08,33.02,24.92,73.23,0.99,0.51
2004-08-09,32.23,25.14,77.71,2.41,0.51
2004-08-10,31.51,25.58,74.04,0.87,0.51
2004-08-11,33.02,25.66,71.12,0.93,0.51
2004-08-12,32.43,25.25,73.52,2.53,0.51
2004-08-13,31.14,25.56,76.9,2.3,0.51
2004-08-14,33.96,25.15,73.11,0.57,0.51
2004-08-15,32.56,25.44,76.49,1.62,0.51
2004-08-16,33.9,26.05,72.42,0.33,0.51
2004-08-17,31.83,26.29,76.12,1.42,0.5
2004-08-18,32.65,25.68,78.1,2.82,0.5
2004-08-19,31.63,25.52,77.13,0.13,0.5
2004-08-20,32.01,25.52,74.53,0.14,0.5
2004-08-21,32.71,25.3,74.98,0.68,0.5
2004-08-22,32.08,26.0,76.3,0.05,0.5
2004-08-23,33.88,25.39,71.04,0.06,0.5
2004-08-24,32.74,25.65,73.82,0.49,0.49
2004-08-25,33.82,25.59,70.19,0.43,0.49
2004-08-26,32.16,25.74,71.76,0.85,0.49
2004-08-27,35.16,26.02,65.78,0.63,0.49
2004-08-28,34.4,26.54,67.91,0.74,0.49
2004-08-29,35.69,25.78,65.07,1.21,0.49
2004-08-30,36.56,26.09,65.1,0.37,0.49
2004-08-31,31.41,26.15,71.32,0.09,0.49
2004-09-01,33.85,25.76,70.55,0.59,0.49
2004-09-02,33.07,26.03,74.47,1.1,0.49
2004-09-03,31.29,26.23,74.86,0.58,0.49
2004-09-04,32.6,25.42,72.54,0.03,0.48
2004-09-05,34.07,24.95,69.27,0.07,0.48
2004-09-06,33.33,26.16,73.47,1.21,0.48
2004-09-07,36.1,26.06,63.37,0.51,0.48
2004-09-08,30.67,25.66,77.72,2.52,0.48
2004-09-09,30.54,25.04,83.64,4.2,0.49
2004-09-10,31.34,25.08,82.45,15.05,0.51
2004-09-11,30.39,24.98,81.1,0.94,0.52
2004-09-12,33.21,25.56,74.42,0.68,0.51
2004-09-13,32.7,24.96,72.46,0.89,0.51
2004-09-14,33.15,25.47,77.85,2.23,0.51
2004-09-15,33.39,24.67,73.98,0.22,0.51
2004-09-16,32.5,25.03,73.28,0.75,0.5
2004-09-17,31.39,24.55,77.42,2.05,0.5
2004-09-18,33.71,24.95,77.85,5.77,0.51
2004-09-19,34.15,25.12,73.94,0.19,0.51
2004-09-20,31.83,25.41,78.5,1.94,0.51
2004-09-21,32.46,25.2,78.94,0.39,0.51
2004-09-22,32.84,25.41,78.28,1.09,0.5
2004-09-23,35.51,24.42,68.28,0.72,0.5
2004-09-24,36.63,25.15,65.15,0.01,0.5
2004-09-25,34.69,26.53,70.24,0.06,0.5
2004-09-26,37.77,25.57,61.4,0.01,0.49
2004-09-27,37.02,26.94,62.88,0.06,0.49
2004-09-28,35.56,26.79,64.69,1.03,0.49
2004-09-29,32.76,27.04,72.2,0.15,0.49
2004-09-30,36.02,26.24,64.81,0.03,0.48
2004-10-01,30.97,26.32,76.28,1.89,0.48
2004-10-02,30.52,25.41,75.44,0.64,0.48
2004-10-03,33.91,24.61,68.85,1.88,0.49
2004-10-04,35.78,24.41,67.27,0.07,0.48
2004-10-05,35.44,25.08,68.03,1.29,0.48
2004-10-06,33.29,25.36,74.27,2.83,0.48
2004-10-07,35.28,24.81,69.37,0.01,0.48
2004-10-08,37.68,24.98,61.0,0.05,0.48
2004-10-09,37.95,26.47,58.05,0.59,0.48
2004-10-10,38.38,26.54,57.03,1.37,0.48
2004-10-11,35.94,27.47,62.76,0.66,0.48
2004-10-12,35.63,26.3,63.84,0.19,0.48
2004-10-13,33.65,26.3,69.54,0.72,0.48
2004-10-14,36.53,25.12,64.45,0.01,0.47
2004-10-15,36.05,25.54,64.27,0.73,0.47
2004-10-16,35.77,24.94,63.55,0.0,0.47
2004-10-17,36.95,25.94,57.43,0.0,0.47
2004-10-18,34.89,27.15,62.46,0.01,0.47
2004-10-19,37.11,25.68,55.56,0.1,0.47
2004-10-20,37.57,26.21,55.01,0.0,0.47
2004-10-21,38.47,25.77,53.91,0.0,0.47
2004-10-22,36.24,26.82,57.04,0.43,0.47
2004-10-23,35.22,26.04,56.6,0.0,0.47
2004-10-24,36.96,24.97,57.34,0.0,0.47
2004-10-25,37.69,23.49,59.88,0.0,0.46
2004-10-26,37.42,24.39,58.17,0.0,0.46
2004-10-27,35.41,22.89,55.81,0.0,0.46
2004-10-28,36.08,21.75,59.2,0.0,0.46
2004-10-29,37.24,23.06,58.71,0.0,0.46
2004-10-30,38.57,24.26,55.69,0.0,0.46
2004-10-31,39.04,25.76,51.65,0.0,0.46
2004-11-01,37.91,26.36,52.82,0.0,0.46
2004-11-02,37.03,26.37,54.47,0.0,0.46
2004-11-03,37.0,25.31,54.57,0.0,0.46
2004-11-04,37.27,24.55,53.76,0.0,0.46
2004-11-05,37.83,25.2,54.07,0.0,0.46
2004-11-06,38.09,25.56,52.52,0.0,0.46
2004-11-07,37.8,25.21,54.74,0.0,0.46
2004-11-08,38.0,26.1,54.07,0.0,0.46
2004-11-09,38.31,26.24,51.17,0.0,0.46
2004-11-10,38.05,25.45,50.65,0.0,0.46
2004-11-11,38.83,24.88,46.75,0.0,0.46
2004-11-12,39.09,24.29,52.06,0.0,0.46
2004-11-13,39.27,24.81,48.62,0.0,0.46
2004-11-14,38.93,24.59,45.48,0.0,0.46
2004-11-15,38.67,24.05,48.67,0.0,0.46
2004-11-16,38.48,23.65,53.22,0.0,0.46
2004-11-17,36.68,24.3,52.7,0.0,0.46
2004-11-18,35.78,25.81,57.5,0.0,0.46
2004-11-19,35.76,24.27,58.34,0.0,0.46
2004-11-20,34.65,25.66,53.69,0.07,0.46
2004-11-21,35.06,25.24,53.29,0.09,0.46
2004-11-22,34.05,24.77,52.92,0.0,0.46
2004-11-23,34.09,23.48,50.58,0.0,0.46
2004-11-24,35.11,21.45,52.27,0.0,0.46
2004-11-25,36.65,22.94,49.51,0.07,0.46
2004-11-26,35.37,23.96,55.85,0.33,0.46
2004-11-27,36.1,24.4,56.69,0.0,0.46
2004-11-28,35.04,23.44,56.54,0.03,0.46
2004-11-29,34.46,24.86,65.21,10.92,0.47
2004-11-30,34.3,23.24,64.31,0.0,0.47
2004-12-01,34.38,23.59,62.71,0.0,0.47
2004-12-02,34.86,23.2,56.78,0.0,0.47
2004-12-03,35.19,22.19,55.4,0.0,0.47
2004-12-04,35.12,20.5,52.43,0.0,0.47
2004-12-05,34.51,20.79,55.51,0.0,0.46
2004-12-06,33.22,21.74,55.33,0.0,0.46
2004-12-07,32.23,20.78,53.59,0.0,0.46
2004-12-08,31.81,18.89,49.79,0.0,0.46
2004-12-09,32.48,17.66,53.77,0.0,0.46
2004-12-10,32.35,17.23,56.09,0.0,0.46
2004-12-11,33.6,17.18,56.77,0.0,0.46
2004-12-12,33.39,17.22,53.76,0.0,0.46
2004-12-13,33.71,17.86,54.48,0.0,0.46
2004-12-14,32.81,18.5,52.72,0.0,0.46
2004-12-15,32.25,18.12,54.29,0.0,0.46
2004-12-16,32.36,18.92,57.26,0.0,0.46
2004-12-17,33.16,17.36,53.37,0.0,0.46
2004-12-18,33.89,18.36,44.79,0.0,0.46
2004-12-19,33.59,16.93,49.32,0.0,0.46
2004-12-20,32.82,15.94,53.72,0.0,0.46
2004-12-21,32.98,16.32,52.53,0.0,0.46
2004-12-22,33.07,17.15,51.81,0.0,0.46
2004-12-23,33.75,17.12,45.79,0.0,0.46
2004-12-24,34.3,17.5,48.8,0.0,0.46
2004-12-25,35.06,18.81,43.1,0.0,0.46
2004-12-26,33.99,18.19,44.26,0.0,0.46
2004-12-27,34.09,17.71,45.69,0.0,0.46
2004-12-28,34.48,17.57,47.25,0.0,0.46
2004-12-29,34.64,18.14,51.11,0.0,0.46
2004-12-30,34.32,18.41,57.82,0.0,0.46
2004-12-31,34.3,17.62,56.21,0.0,0.46
2005-01-01,31.55,18.09,56.42,0.0,0.46
2005-01-02,32.7,18.26,53.19,0.0,0.46
2005-01-03,33.71,17.48,56.76,0.0,0.46
2005-01-04,34.48,17.65,48.58,0.0,0.46
2005-01-05,34.31,16.64,55.37,0.0,0.46
2005-01-06,34.6,18.32,54.49,0.0,0.46
2005-01-07,33.92,18.42,58.23,0.0,0.46
2005-01-08,34.58,19.3,59.05,0.0,0.46
2005-01-09,34.03,19.14,53.66,0.0,0.46
2005-01-10,33.51,18.77,47.99,0.0,0.46
2005-01-11,33.19,17.84,48.07,0.0,0.46
2005-01-12,34.12,18.1,37.2,0.0,0.46
2005-01-13,33.44,16.56,44.35,0.0,0.46
2005-01-14,33.54,17.69,56.35,0.0,0.46
2005-01-15,33.09,17.42,55.67,0.0,0.46
2005-01-16,32.27,17.78,62.2,0.0,0.46
2005-01-17,33.38,18.2,66.18,0.0,0.46
2005-01-18,33.45,20.37,64.93,0.0,0.46
2005-01-19,34.03,21.58,62.1,0.0,0.46
2005-01-20,34.48,18.92,46.41,0.0,0.46
2005-01-21,35.12,18.01,40.75,0.0,0.46
2005-01-22,35.24,16.93,44.41,0.0,0.46
2005-01-23,34.49,20.86,48.14,0.0,0.46
2005-01-24,33.93,21.68,51.96,0.0,0.46
2005-01-25,34.92,18.46,43.97,0.0,0.46
2005-01-26,34.46,17.64,53.15,0.0,0.46
2005-01-27,35.96,17.56,49.16,0.0,0.46
2005-01-28,36.9,19.2,48.18,0.0,0.46
2005-01-29,36.87,19.71,52.08,0.0,0.46
2005-01-30,38.27,19.62,37.42,0.0,0.46
2005-01-31,38.26,20.6,38.79,0.0,0.46
2005-02-01,38.69,20.36,40.32,0.0,0.45
2005-02-02,37.21,21.16,39.76,0.0,0.45
2005-02-03,37.07,21.61,42.1,0.0,0.45
2005-02-04,36.87,20.46,50.66,0.0,0.45
2005-02-05,37.04,21.53,43.98,0.0,0.45
2005-02-06,36.67,20.35,39.03,0.0,0.45
2005-02-07,37.78,18.2,38.64,0.0,0.45
2005-02-08,38.89,17.53,20.5,0.0,0.45
2005-02-09,38.71,17.81,21.55,0.0,0.45
2005-02-10,38.71,19.32,25.62,0.0,0.45
2005-02-11,38.79,18.47,26.6,0.04,0.45
2005-02-12,38.02,18.77,31.86,0.0,0.45
2005-02-13,38.06,18.48,41.07,0.0,0.45
2005-02-14,36.6,19.25,49.36,0.0,0.45
2005-02-15,36.62,18.87,49.41,0.0,0.45
2005-02-16,37.16,19.29,44.24,0.0,0.45
2005-02-17,37.57,18.84,47.85,0.0,0.45
2005-02-18,39.05,18.79,38.84,0.0,0.45
2005-02-19,40.29,20.0,45.73,0.0,0.45
2005-02-20,40.39,19.96,43.84,0.0,0.45
2005-02-21,38.95,20.56,42.37,0.0,0.45
2005-02-22,38.9,19.51,43.1,0.0,0.45
2005-02-23,38.84,20.29,38.51,0.0,0.45
2005-02-24,38.01,18.65,44.01,0.0,0.45
2005-02-25,38.45,19.6,47.21,0.0,0.45
2005-02-26,38.75,19.64,42.09,0.0,0.45
2005-02-27,38.64,19.48,43.9,0.0,0.45
2005-02-28,38.25,19.52,47.51,0.0,0.45
2005-03-01,38.79,20.1,52.63,0.0,0.45
2005-03-02,38.42,21.96,54.19,0.0,0.45
2005-03-03,38.76,21.94,54.29,0.0,0.45
2005-03-04,38.23,22.79,54.7,0.08,0.45
2005-03-05,33.76,22.39,53.64,0.0,0.45
2005-03-06,34.48,22.19,45.5,0.0,0.45
2005-03-07,36.17,23.55,56.48,0.0,0.45
2005-03-08,38.08,23.72,51.61,0.0,0.45
2005-03-09,39.38,23.12,45.73,0.0,0.45
2005-03-10,39.76,22.49,49.69,0.0,0.45
2005-03-11,40.25,22.76,48.77,0.0,0.45
2005-03-12,40.47,23.67,47.63,0.0,0.45
2005-03-13,39.71,24.16,45.24,0.0,0.45
2005-03-14,37.07,25.43,48.0,0.03,0.45
2005-03-15,33.31,25.09,55.72,0.0,0.45
2005-03-16,38.71,24.11,42.77,0.0,0.45
2005-03-17,40.28,23.25,33.46,0.0,0.45
2005-03-18,41.14,23.48,36.06,0.02,0.45
2005-03-19,39.3,25.37,44.24,6.57,0.46
2005-03-20,38.69,25.3,55.11,0.0,0.47
2005-03-21,40.47,27.0,44.69,0.0,0.46
2005-03-22,40.65,24.44,37.22,0.0,0.46
2005-03-23,40.79,24.34,39.78,0.0,0.46
2005-03-24,41.12,24.33,40.06,0.01,0.46
2005-03-25,39.77,25.46,42.79,0.0,0.46
2005-03-26,38.05,25.29,49.28,0.03,0.46
2005-03-27,39.27,24.3,42.16,0.0,0.46
2005-03-28,40.17,24.47,42.98,0.0,0.46
2005-03-29,40.19,22.77,43.46,0.0,0.46
2005-03-30,41.67,24.23,30.64,0.0,0.46
2005-03-31,40.34,23.89,37.43,0.0,0.46
2005-04-01,42.36,23.92,39.06,0.03,0.46
2005-04-02,41.45,25.67,42.43,0.17,0.46
2005-04-03,38.5,27.62,53.64,11.46,0.47
2005-04-04,34.31,25.6,68.65,0.42,0.48
2005-04-05,33.5,25.6,63.62,0.02,0.47
2005-04-06,38.15,23.64,54.59,0.0,0.47
2005-04-07,39.02,24.79,52.78,0.0,0.47
2005-04-08,40.03,26.04,44.55,0.0,0.46
2005-04-09,40.06,27.13,49.47,0.0,0.46
2005-04-10,39.5,27.05,49.71,0.0,0.46
2005-04-11,41.54,26.72,48.16,0.21,0.46
2005-04-12,41.36,27.47,47.45,0.0,0.46
2005-04-13,40.54,28.09,47.27,0.1,0.46
2005-04-14,41.72,26.48,46.42,0.0,0.46
2005-04-15,40.93,24.51,41.95,0.0,0.46
2005-04-16,40.53,24.49,45.3,0.0,0.46
2005-04-17,41.32,24.1,43.93,0.0,0.46
2005-04-18,40.99,24.66,46.97,0.6,0.46
2005-04-19,41.78,26.75,42.66,0.0,0.46
2005-04-20,38.46,28.13,50.34,3.07,0.46
2005-04-21,36.59,28.52,54.85,1.52,0.47
2005-04-22,38.51,28.44,51.0,0.08,0.46
2005-04-23,40.11,28.22,48.18,0.01,0.46
2005-04-24,41.96,27.74,42.92,0.0,0.46
2005-04-25,42.54,27.23,45.01,0.0,0.46
2005-04-26,41.71,26.24,50.16,0.0,0.46
2005-04-27,40.1,27.99,51.26,0.08,0.46
2005-04-28,40.56,27.76,50.65,0.02,0.46
2005-04-29,39.5,28.25,46.72,0.0,0.46
2005-04-30,40.3,28.25,44.26,0.0,0.46
2005-05-01,38.54,27.82,44.28,0.12,0.46
2005-05-02,37.53,28.68,44.95,0.05,0.46
2005-05-03,37.65,28.79,48.59,0.01,0.46
2005-05-04,38.64,28.32,45.58,0.0,0.46
2005-05-05,35.01,27.62,52.73,0.02,0.46
2005-05-06,33.98,26.49,57.49,0.44,0.46
2005-05-07,34.86,26.33,59.53,2.22,0.46
2005-05-08,35.78,27.31,62.14,1.6,0.46
2005-05-09,40.4,26.81,49.61,0.15,0.46
2005-05-10,39.61,27.54,53.09,0.08,0.46
2005-05-11,37.78,28.5,54.84,0.01,0.46
2005-05-12,36.18,28.8,56.89,0.19,0.46
2005-05-13,37.53,28.45,53.56,0.04,0.46
2005-05-14,38.95,27.2,54.23,0.0,0.46
2005-05-15,40.33,27.54,54.11,0.02,0.46
2005-05-16,40.71,28.97,49.05,0.03,0.46
2005-05-17,41.76,28.55,47.66,0.35,0.46
2005-05-18,41.99,28.86,45.56,0.04,0.46
2005-05-19,41.78,29.38,48.26,0.1,0.46
2005-05-20,36.5,29.68,54.19,0.88,0.46
2005-05-21,36.98,29.17,54.87,1.39,0.46
2005-05-22,35.95,27.93,57.59,0.03,0.46
2005-05-23,38.94,27.86,57.07,0.02,0.46
2005-05-24,34.88,29.31,60.66,0.07,0.46
2005-05-25,34.39,28.72,60.46,0.15,0.46
2005-05-26,35.64,27.66,59.66,0.04,0.46
2005-05-27,35.57,27.41,63.22,0.21,0.46
2005-05-28,35.83,26.7,60.93,0.04,0.46
2005-05-29,37.65,27.72,59.07,3.79,0.46
2005-05-30,32.88,28.14,72.14,0.72,0.47
2005-05-31,33.78,27.73,63.21,0.69,0.47
2005-06-01,34.4,27.23,67.81,2.37,0.47
2005-06-02,32.47,26.78,70.89,0.92,0.47
2005-06-03,33.26,27.08,69.6,1.63,0.47
2005-06-04,34.67,26.79,65.79,1.08,0.47
2005-06-05,36.22,27.02,61.97,0.64,0.47
2005-06-06,35.52,27.38,60.42,0.11,0.47
2005-06-07,35.53,27.4,63.21,0.32,0.47
2005-06-08,32.75,27.02,67.17,0.58,0.47
2005-06-09,34.28,26.05,69.55,1.34,0.47
2005-06-10,33.68,27.06,65.52,0.93,0.47
2005-06-11,34.29,26.75,72.12,1.33,0.47
2005-06-12,36.02,27.43,70.12,0.44,0.47
2005-06-13,35.23,27.61,65.62,0.2,0.47
2005-06-14,36.55,27.79,60.54,0.3,0.47
2005-06-15,35.04,28.27,63.63,0.45,0.46
2005-06-16,34.18,27.5,72.18,3.77,0.47
2005-06-17,33.22,27.2,71.26,1.01,0.47
2005-06-18,34.36,26.77,68.23,0.45,0.47
2005-06-19,31.58,26.7,78.41,2.16,0.47
2005-06-20,31.37,26.46,82.8,5.73,0.48
2005-06-21,32.51,26.38,78.68,2.0,0.48
2005-06-22,32.42,26.87,77.4,1.75,0.48
2005-06-23,33.42,26.36,71.28,1.49,0.48
2005-06-24,34.74,26.44,67.72,0.9,0.48
2005-06-25,33.16,26.63,72.15,2.57,0.48
2005-06-26,33.35,26.53,76.32,7.79,0.49
2005-06-27,31.91,26.28,81.88,18.8,0.51
2005-06-28,31.83,25.88,77.54,0.97,0.52
2005-06-29,33.19,25.63,72.95,0.25,0.52
2005-06-30,33.16,25.94,72.21,0.38,0.51
2005-07-01,30.52,25.63,75.94,0.35,0.51
2005-07-02,32.47,25.93,72.8,0.28,0.51
2005-07-03,32.65,25.87,74.31,0.16,0.5
2005-07-04,34.71,25.37,69.36,0.17,0.5
2005-07-05,29.7,25.66,77.84,0.07,0.5
2005-07-06,32.68,24.65,73.29,0.55,0.5
2005-07-07,34.03,25.88,70.94,0.46,0.5
2005-07-08,34.26,25.91,72.96,1.51,0.49
2005-07-09,31.64,25.62,80.52,4.64,0.5
2005-07-10,32.18,25.18,75.76,0.5,0.5
2005-07-11,36.34,25.7,64.11,0.05,0.5
2005-07-12,38.11,25.34,60.42,1.95,0.49
2005-07-13,29.16,25.4,80.6,3.77,0.5
2005-07-14,31.29,24.96,76.86,0.29,0.5
2005-07-15,34.97,24.9,70.54,2.14,0.5
2005-07-16,33.82,25.61,70.4,0.33,0.49
2005-07-17,35.24,26.43,66.56,0.76,0.49
2005-07-18,35.85,26.63,63.48,0.21,0.49
2005-07-19,32.74,27.39,69.46,1.63,0.49
2005-07-20,33.55,26.47,71.85,0.55,0.49
2005-07-21,32.71,25.7,71.67,1.06,0.49
2005-07-22,31.44,25.96,78.89,7.2,0.49
2005-07-23,31.54,25.82,79.52,3.08,0.5
2005-07-24,31.69,25.36,80.48,9.3,0.51
2005-07-25,31.39,25.97,81.39,13.91,0.52
2005-07-26,31.55,25.89,79.14,2.44,0.53
2005-07-27,31.78,25.43,79.2,0.87,0.53
2005-07-28,32.7,25.78,75.34,1.67,0.53
2005-07-29,32.02,26.03,77.78,2.24,0.53
2005-07-30,32.4,25.92,78.14,5.42,0.53
2005-07-31,34.17,25.42,74.91,3.61,0.53
2005-08-01,29.32,25.91,83.08,11.64,0.54
2005-08-02,30.24,25.91,84.34,0.74,0.55
2005-08-03,31.13,25.99,82.78,2.05,0.55
2005-08-04,32.44,25.31,76.66,2.44,0.55
2005-08-05,33.17,25.2,74.56,1.47,0.55
2005-08-06,34.77,25.52,70.59,2.19,0.54
2005-08-07,33.49,26.1,76.22,3.11,0.54
2005-08-08,30.58,25.59,78.28,1.47,0.54
2005-08-09,33.36,25.56,78.11,3.65,0.55
2005-08-10,31.29,25.91,81.76,1.15,0.55
2005-08-11,32.99,25.1,73.65,0.98,0.54
2005-08-12,33.97,25.14,74.29,4.4,0.54
2005-08-13,30.78,25.43,81.44,3.64,0.55
2005-08-14,31.53,25.36,81.48,6.4,0.55
2005-08-15,32.03,25.2,77.62,3.45,0.56
2005-08-16,33.12,25.49,72.49,0.98,0.55
2005-08-17,30.8,24.68,77.37,1.73,0.55
2005-08-18,29.98,26.0,84.18,1.34,0.55
2005-08-19,31.11,25.64,83.15,4.41,0.56
2005-08-20,32.05,25.15,79.07,0.87,0.55
2005-08-21,32.29,25.27,76.87,0.95,0.55
2005-08-22,32.92,25.35,74.07,0.05,0.55
2005-08-23,32.59,25.41,74.21,0.27,0.54
2005-08-24,35.21,24.76,68.03,0.0,0.54
2005-08-25,33.86,25.53,69.64,0.02,0.54
2005-08-26,33.08,25.75,72.18,0.17,0.53
2005-08-27,34.36,26.13,70.26,0.22,0.53
2005-08-28,36.43,26.13,62.08,0.0,0.53
2005-08-29,33.04,25.76,69.76,0.0,0.52
2005-08-30,32.31,25.45,73.03,0.53,0.52
2005-08-31,34.98,25.44,74.2,4.07,0.52
2005-09-01,32.68,26.27,77.06,1.37,0.52
2005-09-02,32.79,26.38,75.72,0.24,0.52
2005-09-03,33.34,25.47,77.41,1.29,0.52
2005-09-04,34.17,25.61,77.22,6.8,0.52
2005-09-05,32.66,25.05,78.85,0.79,0.52
2005-09-06,31.86,25.75,82.61,0.45,0.52
2005-09-07,28.88,25.67,89.73,6.72,0.53
2005-09-08,32.37,25.65,82.54,9.76,0.54
2005-09-09,31.63,25.56,82.58,3.36,0.54
2005-09-10,31.37,24.84,80.99,0.68,0.54
2005-09-11,28.64,25.21,86.55,1.8,0.54
2005-09-12,30.49,24.94,81.33,1.5,0.54
2005-09-13,35.05,24.27,68.56,0.04,0.54
2005-09-14,35.61,25.82,67.24,1.23,0.53
2005-09-15,30.21,26.34,85.46,2.77,0.53
2005-09-16,33.04,26.11,79.27,0.67,0.53
2005-09-17,32.34,25.73,77.62,0.15,0.53
2005-09-18,33.41,25.94,75.0,0.47,0.53
2005-09-19,31.13,25.42,80.3,2.55,0.53
2005-09-20,30.62,25.05,78.78,2.74,0.53
2005-09-21,33.36,24.47,72.34,1.31,0.53
2005-09-22,33.82,24.71,68.79,0.02,0.53
2005-09-23,34.34,25.23,67.04,0.11,0.52
2005-09-24,34.76,24.82,69.42,0.25,0.52
2005-09-25,34.01,26.42,70.0,0.06,0.51
2005-09-26,34.6,26.48,72.79,0.28,0.51
2005-09-27,33.74,25.89,73.55,0.38,0.51
2005-09-28,31.53,26.25,78.32,1.63,0.51
2005-09-29,30.94,25.64,81.16,1.33,0.51
2005-09-30,31.57,25.29,78.15,0.1,0.51
2005-10-01,33.9,24.73,69.28,0.19,0.51
2005-10-02,36.0,25.76,65.16,0.11,0.5
2005-10-03,35.44,26.17,64.17,0.18,0.5
2005-10-04,36.1,26.15,61.36,0.16,0.5
2005-10-05,32.29,26.07,70.02,0.23,0.5
2005-10-06,32.04,25.29,74.5,0.07,0.5
2005-10-07,34.77,24.94,70.75,0.9,0.5
2005-10-08,33.3,25.51,69.86,0.12,0.49
2005-10-09,35.4,25.61,65.39,0.01,0.49
2005-10-10,36.47,25.48,62.61,0.0,0.49
2005-10-11,38.39,26.11,61.83,0.0,0.49
2005-10-12,37.74,26.35,60.93,0.09,0.49
2005-10-13,34.87,26.57,66.54,2.66,0.49
2005-10-14,32.94,26.62,72.96,0.46,0.49
2005-10-15,32.35,26.12,73.29,0.04,0.49
2005-10-16,34.96,25.22,66.0,0.0,0.49
2005-10-17,36.17,24.64,65.85,0.0,0.48
2005-10-18,36.87,23.83,63.21,0.0,0.48
2005-10-19,35.91,25.54,64.52,0.0,0.48
2005-10-20,35.93,25.91,62.64,0.0,0.48
2005-10-21,37.26,25.87,60.48,0.0,0.48
2005-10-22,36.63,25.43,60.39,0.0,0.48
2005-10-23,36.05,24.84,61.61,0.01,0.48
2005-10-24,35.25,24.94,64.04,0.03,0.48
2005-10-25,35.21,25.27,63.18,0.03,0.47
2005-10-26,32.04,25.88,71.95,0.13,0.47
2005-10-27,30.37,25.65,79.5,0.76,0.47
2005-10-28,31.01,24.9,74.69,1.37,0.48
2005-10-29,35.69,25.75,60.75,0.67,0.48
2005-10-30,33.4,26.58,66.72,2.66,0.48
2005-10-31,32.81,25.84,74.76,4.25,0.48
2005-11-01,34.46,25.44,68.63,0.06,0.48
2005-11-02,36.45,25.47,61.41,0.0,0.48
2005-11-03,36.39,26.35,60.83,0.0,0.48
2005-11-04,34.69,27.74,62.99,0.04,0.48
2005-11-05,31.59,26.44,69.07,0.16,0.48
2005-11-06,33.56,25.72,68.78,0.14,0.48
2005-11-07,30.9,25.46,75.5,0.43,0.48
2005-11-08,31.99,25.08,70.2,0.16,0.48
2005-11-09,31.13,24.9,75.2,0.53,0.48
2005-11-10,33.04,25.13,67.82,0.23,0.48
2005-11-11,36.32,24.46,61.86,0.0,0.47
2005-11-12,37.42,25.15,62.2,0.0,0.47
2005-11-13,37.82,25.09,57.15,0.0,0.47
2005-11-14,37.94,24.48,52.69,0.0,0.47
2005-11-15,37.85,22.29,46.69,0.0,0.47
2005-11-16,36.95,20.83,53.1,0.08,0.47
2005-11-17,36.55,24.56,57.47,0.18,0.47
2005-11-18,35.77,25.94,61.71,0.0,0.47
2005-11-19,35.07,26.02,61.33,0.0,0.47
2005-11-20,34.27,24.36,58.2,0.0,0.47
2005-11-21,33.17,23.42,57.02,0.02,0.47
2005-11-22,32.81,22.14,54.77,0.0,0.46
2005-11-23,33.38,20.46,55.51,0.0,0.46
2005-11-24,34.01,19.37,59.88,0.0,0.46
2005-11-25,35.7,20.68,60.23,0.0,0.46
2005-11-26,35.83,22.52,60.73,0.0,0.46
2005-11-27,36.41,22.66,60.3,0.0,0.46
2005-11-28,36.88,24.06,59.68,0.0,0.46
2005-11-29,35.94,24.48,58.76,0.0,0.46
2005-11-30,35.91,24.95,57.98,0.0,0.46
2005-12-01,36.06,25.21,58.7,0.0,0.46
2005-12-02,35.91,24.88,57.08,0.0,0.46
2005-12-03,37.32,24.39,56.58,0.0,0.46
2005-12-04,36.53,25.65,56.04,0.0,0.46
2005-12-05,31.78,25.65,62.55,0.09,0.46
2005-12-06,29.81,24.42,73.12,0.09,0.46
2005-12-07,26.24,21.62,72.9,0.64,0.46
2005-12-08,30.84,21.24,65.98,0.33,0.46
2005-12-09,34.24,21.87,59.75,0.0,0.46
2005-12-10,36.01,23.4,57.5,0.0,0.46
2005-12-11,37.03,24.24,56.65,0.0,0.46
2005-12-12,35.3,25.9,59.64,0.0,0.46
2005-12-13,33.67,24.65,56.53,0.0,0.46
2005-12-14,34.24,22.26,57.15,0.0,0.46
2005-12-15,32.02,21.64,54.76,0.0,0.46
2005-12-16,34.2,20.97,53.24,0.0,0.46
2005-12-17,34.48,21.47,52.71,0.0,0.46
2005-12-18,30.95,21.12,51.52,0.0,0.46
2005-12-19,32.14,19.47,51.44,0.0,0.46
2005-12-20,31.64,18.63,51.19,0.0,0.46
2005-12-21,32.62,18.51,58.54,0.0,0.46
2005-12-22,24.7,19.89,47.54,0.03,0.46
2005-12-23,29.12,17.9,55.79,0.0,0.46
2005-12-24,30.09,21.72,64.25,0.69,0.46
2005-12-25,30.24,22.52,78.39,2.39,0.46
2005-12-26,32.14,22.4,71.93,0.6,0.46
2005-12-27,33.85,21.97,62.1,0.0,0.46
2005-12-28,34.51,19.18,48.58,0.0,0.46
2005-12-29,34.38,19.25,43.85,0.0,0.46
2005-12-30,34.59,19.29,46.14,0.0,0.46
2005-12-31,35.57,18.35,39.45,0.0,0.46
2006-01-01,35.79,17.78,41.24,0.0,0.46
2006-01-02,36.53,17.9,39.09,0.0,0.46
2006-01-03,36.32,18.13,29.42,0.0,0.46
2006-01-04,34.97,17.5,30.77,0.0,0.46
2006-01-05,36.29,19.11,40.22,0.0,0.46
2006-01-06,37.42,22.28,43.45,0.0,0.46
2006-01-07,33.96,22.98,55.58,0.0,0.46
2006-01-08,34.69,22.54,62.09,0.0,0.46
2006-01-09,33.89,22.12,59.96,0.0,0.46
2006-01-10,34.58,21.39,59.99,0.0,0.46
2006-01-11,35.22,20.78,61.37,0.0,0.46
2006-01-12,35.9,19.25,58.73,0.0,0.46
2006-01-13,36.42,18.91,54.1,0.0,0.46
2006-01-14,35.77,18.79,48.28,0.0,0.46
2006-01-15,35.45,17.86,39.14,0.0,0.46
2006-01-16,35.28,16.31,43.23,0.0,0.46
2006-01-17,35.29,17.22,45.32,0.0,0.46
2006-01-18,35.37,16.85,42.89,0.0,0.46
2006-01-19,34.97,17.51,51.11,0.0,0.46
2006-01-20,35.69,18.67,52.56,0.0,0.46
2006-01-21,36.42,18.98,45.41,0.0,0.46
2006-01-22,36.42,17.66,41.23,0.0,0.46
2006-01-23,35.42,18.04,50.33,0.0,0.46
2006-01-24,33.45,19.42,62.21,0.0,0.46
2006-01-25,34.05,21.39,60.44,0.0,0.46
2006-01-26,34.35,22.05,54.67,0.0,0.46
2006-01-27,34.14,21.26,53.41,0.0,0.46
2006-01-28,34.81,19.74,50.73,0.0,0.46
2006-01-29,35.15,18.97,47.33,0.0,0.46
2006-01-30,35.37,18.91,49.3,0.0,0.46
2006-01-31,36.53,18.37,47.65,0.0,0.46
2006-02-01,37.34,20.13,45.76,0.0,0.46
2006-02-02,37.59,21.36,39.66,0.0,0.46
2006-02-03,37.77,20.81,42.13,0.0,0.46
2006-02-04,37.13,20.5,37.24,0.0,0.46
2006-02-05,35.74,19.01,46.95,0.01,0.46
2006-02-06,35.64,19.46,46.75,0.02,0.46
2006-02-07,35.93,20.75,46.04,0.0,0.46
2006-02-08,35.73,22.81,50.38,0.0,0.46
2006-02-09,34.41,22.94,48.82,0.0,0.46
2006-02-10,35.56,22.46,38.93,0.0,0.46
2006-02-11,35.95,22.95,39.65,0.07,0.46
2006-02-12,36.68,22.53,39.53,0.0,0.46
2006-02-13,36.22,23.18,50.18,0.0,0.45
2006-02-14,36.52,20.47,45.55,0.0,0.45
2006-02-15,36.9,19.28,39.6,0.0,0.45
2006-02-16,37.13,18.96,49.03,0.0,0.45
2006-02-17,37.88,19.57,48.17,0.0,0.45
2006-02-18,38.16,19.19,39.64,0.0,0.45
2006-02-19,38.71,19.66,43.86,0.0,0.45
2006-02-20,39.06,21.22,44.06,0.3,0.45
2006-02-21,38.88,21.66,43.01,0.84,0.46
2006-02-22,38.96,22.1,35.79,0.03,0.46
2006-02-23,39.43,22.95,37.3,0.0,0.46
2006-02-24,39.11,22.8,38.05,0.0,0.46
2006-02-25,39.33,22.66,31.88,0.0,0.46
2006-02-26,38.54,19.9,35.49,0.0,0.46
2006-02-27,38.26,19.52,46.42,0.0,0.46
2006-02-28,38.44,20.12,46.2,0.0,0.46
2006-03-01,39.19,20.2,49.51,0.0,0.46
2006-03-02,37.94,22.36,54.5,0.0,0.46
2006-03-03,38.07,23.09,55.93,0.0,0.46
2006-03-04,37.48,22.39,53.28,0.0,0.46
2006-03-05,38.18,23.09,50.25,0.0,0.46
2006-03-06,39.01,23.01,46.05,0.0,0.45
2006-03-07,40.0,22.77,43.84,0.0,0.45
2006-03-08,40.34,22.78,47.45,0.13,0.45
2006-03-09,40.74,24.35,51.1,0.0,0.45
2006-03-10,41.04,25.31,47.39,0.01,0.45
2006-03-11,41.26,25.2,39.79,0.0,0.45
2006-03-12,39.98,23.79,42.73,0.0,0.45
2006-03-13,39.89,23.08,42.61,0.0,0.45
2006-03-14,40.61,23.02,39.91,0.0,0.45
2006-03-15,39.3,23.34,39.73,0.0,0.45
2006-03-16,39.91,23.23,41.09,0.0,0.45
2006-03-17,39.76,23.49,40.68,0.17,0.45
2006-03-18,38.63,23.66,43.58,0.0,0.45
2006-03-19,41.03,24.1,40.34,0.0,0.45
2006-03-20,41.32,24.84,35.25,0.04,0.45
2006-03-21,40.25,24.31,32.42,0.0,0.45
2006-03-22,39.13,22.33,36.01,0.0,0.45
2006-03-23,39.64,22.42,43.0,0.0,0.45
2006-03-24,39.75,23.36,41.43,0.0,0.45
2006-03-25,40.68,22.72,41.26,0.0,0.45
2006-03-26,41.01,22.65,44.3,0.1,0.45
2006-03-27,41.29,24.57,43.94,0.0,0.45
2006-03-28,41.66,26.6,41.49,0.15,0.45
2006-03-29,39.75,28.05,47.54,4.66,0.46
2006-03-30,34.92,26.7,55.13,0.56,0.46
2006-03-31,33.18,25.34,58.31,1.27,0.46
2006-04-01,38.26,24.68,49.93,0.0,0.46
2006-04-02,38.56,25.06,52.04,0.0,0.46
2006-04-03,39.38,25.05,48.02,0.0,0.46
2006-04-04,39.08,23.92,48.26,0.0,0.46
2006-04-05,39.37,24.42,48.23,0.0,0.46
2006-04-06,41.05,25.27,44.01,0.0,0.46
2006-04-07,41.86,26.03,45.59,0.02,0.46
2006-04-08,41.69,26.58,43.14,0.0,0.46
2006-04-09,41.75,27.14,40.22,0.0,0.46
2006-04-10,41.94,26.3,39.63,0.0,0.46
2006-04-11,41.21,24.99,47.87,0.0,0.46
2006-04-12,41.58,25.3,48.08,0.0,0.46
2006-04-13,41.09,26.51,48.23,0.0,0.46
2006-04-14,41.51,27.58,46.83,0.43,0.46
2006-04-15,40.2,27.75,48.02,0.07,0.46
2006-04-16,36.77,28.85,53.88,0.03,0.46
2006-04-17,36.28,27.82,55.39,0.07,0.46
2006-04-18,38.3,27.42,51.43,0.47,0.46
2006-04-19,36.42,28.53,51.06,0.13,0.46
2006-04-20,33.9,27.73,59.95,0.44,0.46
2006-04-21,36.82,26.99,56.29,0.22,0.46
2006-04-22,38.28,27.58,51.07,0.24,0.46
2006-04-23,40.83,27.73,47.5,0.0,0.46
2006-04-24,40.87,27.94,49.1,0.03,0.46
2006-04-25,35.54,28.91,59.78,0.18,0.46
2006-04-26,34.34,28.12,67.08,0.31,0.46
2006-04-27,32.38,27.34,71.01,1.25,0.46
2006-04-28,34.0,26.81,70.16,3.17,0.46
2006-04-29,33.84,28.35,67.12,1.74,0.47
2006-04-30,39.36,26.69,54.59,0.29,0.47
2006-05-01,37.81,27.1,57.18,0.02,0.46
2006-05-02,39.32,27.29,52.13,0.0,0.46
2006-05-03,40.53,27.95,47.61,0.0,0.46
2006-05-04,41.11,27.61,47.02,0.0,0.46
2006-05-05,40.44,27.68,48.26,0.0,0.46
2006-05-06,40.7,27.64,48.43,0.0,0.46
2006-05-07,35.85,28.16,60.09,0.11,0.46
2006-05-08,35.51,28.4,59.75,1.55,0.46
2006-05-09,36.01,27.37,59.79,1.54,0.46
2006-05-10,34.89,27.24,64.11,1.44,0.46
2006-05-11,31.02,26.72,71.59,1.68,0.47
2006-05-12,33.36,25.78,73.11,3.94,0.47
2006-05-13,34.59,25.89,69.19,0.49,0.47
2006-05-14,35.64,26.26,66.53,3.58,0.47
2006-05-15,32.99,26.34,78.17,19.17,0.49
2006-05-16,31.16,25.75,75.94,0.19,0.51
2006-05-17,32.77,24.86,67.87,0.04,0.5
2006-05-18,30.4,25.32,74.53,0.29,0.5
2006-05-19,30.82,25.01,75.77,0.5,0.49
2006-05-20,32.18,24.65,76.74,2.03,0.49
2006-05-21,32.7,25.32,78.94,7.96,0.5
2006-05-22,31.26,26.07,77.72,1.64,0.51
2006-05-23,32.27,25.61,77.23,1.61,0.5
2006-05-24,30.25,25.95,82.21,6.99,0.51
2006-05-25,31.71,25.96,79.67,2.34,0.52
2006-05-26,32.59,26.01,75.89,2.11,0.51
2006-05-27,31.75,26.01,80.13,1.55,0.51
2006-05-28,31.58,25.67,79.99,1.42,0.51
2006-05-29,32.71,25.58,79.48,9.79,0.52
2006-05-30,32.13,25.46,81.71,15.86,0.54
2006-05-31,33.34,25.51,76.76,8.25,0.56
2006-06-01,33.1,25.38,76.34,1.52,0.56
2006-06-02,31.98,25.48,76.38,0.3,0.55
2006-06-03,29.98,26.31,80.01,0.39,0.55
2006-06-04,32.7,25.81,73.97,0.62,0.55
2006-06-05,31.79,25.53,76.03,0.59,0.54
2006-06-06,32.02,25.98,78.42,0.29,0.54
2006-06-07,31.97,26.07,74.7,0.52,0.54
2006-06-08,33.2,25.72,77.5,4.3,0.54
2006-06-09,31.38,25.43,78.23,0.24,0.54
2006-06-10,31.08,25.41,77.88,0.46,0.54
2006-06-11,33.14,25.63,73.13,1.06,0.54
2006-06-12,35.05,25.68,66.94,0.21,0.53
2006-06-13,35.95,25.21,61.85,0.01,0.53
2006-06-14,36.52,25.85,62.74,0.02,0.52
2006-06-15,34.16,26.55,67.09,0.02,0.52
2006-06-16,34.89,27.06,66.37,0.09,0.52
2006-06-17,33.99,26.98,68.42,0.02,0.51
2006-06-18,30.47,26.42,79.08,0.76,0.51
2006-06-19,32.27,26.09,77.93,1.71,0.51
2006-06-20,32.64,25.82,80.12,6.4,0.52
2006-06-21,32.56,25.46,79.36,1.34,0.52
2006-06-22,30.41,25.59,80.87,0.57,0.52
2006-06-23,32.57,25.72,78.74,2.17,0.52
2006-06-24,32.68,25.23,78.69,3.4,0.52
2006-06-25,29.9,25.69,85.55,4.93,0.53
2006-06-26,33.41,25.2,78.62,1.3,0.53
2006-06-27,31.8,25.41,77.13,0.52,0.52
2006-06-28,32.83,25.85,77.42,0.6,0.52
2006-06-29,32.63,26.28,76.06,2.38,0.52
2006-06-30,32.82,26.21,75.66,1.51,0.52
2006-07-01,32.21,26.35,76.42,3.01,0.52
2006-07-02,31.19,26.43,78.85,0.88,0.52
2006-07-03,31.1,25.64,80.38,1.58,0.52
2006-07-04,32.28,25.57,76.15,1.03,0.52
2006-07-05,33.43,25.93,73.33,2.9,0.52
2006-07-06,31.69,26.38,77.73,2.07,0.52
2006-07-07,33.51,25.66,75.62,8.79,0.52
2006-07-08,32.5,25.84,76.14,6.57,0.54
2006-07-09,33.17,25.65,74.47,8.39,0.54
2006-07-10,32.31,25.36,74.02,3.26,0.55
2006-07-11,32.92,25.56,75.54,3.74,0.55
2006-07-12,31.11,25.11,76.41,0.19,0.54
2006-07-13,30.73,25.37,78.63,0.29,0.54
2006-07-14,31.42,25.94,79.49,0.8,0.54
2006-07-15,32.77,25.53,76.35,1.11,0.54
2006-07-16,31.24,25.97,78.89,0.47,0.54
2006-07-17,31.9,25.59,76.1,0.93,0.53
2006-07-18,31.1,25.67,81.39,4.71,0.54
2006-07-19,29.51,25.05,85.03,16.53,0.56
2006-07-20,32.68,24.01,77.42,1.46,0.57
2006-07-21,33.25,24.87,72.03,1.84,0.56
2006-07-22,33.32,24.64,70.17,2.55,0.56
2006-07-23,35.12,24.89,66.92,0.1,0.55
2006-07-24,34.11,25.32,69.17,0.72,0.55
2006-07-25,30.6,25.93,81.19,6.25,0.55
2006-07-26,30.81,24.78,81.69,27.99,0.57
2006-07-27,29.95,24.87,85.04,30.2,0.64
2006-07-28,31.13,24.62,81.79,15.05,0.66
2006-07-29,31.7,24.86,82.97,8.58,0.67
2006-07-30,30.57,25.27,85.39,10.17,0.67
2006-07-31,28.98,24.91,85.01,1.25,0.68
2006-08-01,30.25,24.43,85.38,3.51,0.67
2006-08-02,28.85,24.99,85.77,0.79,0.67
2006-08-03,30.35,25.17,82.14,1.42,0.67
2006-08-04,30.03,24.45,83.44,0.69,0.67
2006-08-05,32.48,24.17,76.73,0.24,0.66
2006-08-06,33.3,24.46,74.79,0.88,0.65
2006-08-07,33.73,24.96,74.84,0.07,0.65
2006-08-08,33.02,25.51,75.98,1.1,0.64
2006-08-09,30.84,24.92,80.29,3.41,0.64
2006-08-10,31.24,24.71,81.36,1.31,0.64
2006-08-11,29.36,24.85,84.28,3.36,0.64
2006-08-12,31.27,24.79,83.68,3.44,0.64
2006-08-13,30.72,24.65,82.23,1.95,0.64
2006-08-14,29.01,24.64,86.47,1.87,0.64
2006-08-15,30.49,25.35,82.39,0.24,0.64
2006-08-16,30.41,25.43,83.09,0.44,0.63
2006-08-17,33.2,24.8,76.57,0.38,0.63
2006-08-18,32.81,24.94,77.45,1.8,0.62
2006-08-19,29.67,25.33,82.88,1.46,0.62
2006-08-20,31.61,24.73,80.53,1.32,0.62
2006-08-21,30.13,24.84,84.55,5.14,0.62
2006-08-22,32.32,24.09,77.3,1.18,0.62
2006-08-23,33.29,24.33,74.88,0.74,0.62
2006-08-24,34.48,24.61,71.66,0.2,0.61
2006-08-25,32.45,24.78,77.35,0.55,0.6
2006-08-26,31.45,24.86,75.75,1.77,0.6
2006-08-27,29.81,24.61,81.05,0.92,0.6
2006-08-28,32.01,25.13,78.55,0.28,0.6
2006-08-29,33.37,24.95,73.13,2.9,0.59
2006-08-30,32.72,24.63,79.73,25.53,0.62
2006-08-31,27.94,24.57,87.81,2.96,0.63
2006-09-01,27.97,24.4,89.13,2.46,0.63
2006-09-02,30.69,23.04,81.35,0.09,0.63
2006-09-03,31.2,23.97,78.91,0.19,0.62
2006-09-04,33.95,24.17,74.7,0.01,0.62
2006-09-05,35.87,24.98,70.07,0.0,0.61
2006-09-06,33.16,25.54,73.75,0.0,0.61
2006-09-07,32.86,25.73,76.12,0.0,0.6
2006-09-08,33.98,25.56,75.71,0.05,0.6
2006-09-09,33.98,25.75,76.34,1.76,0.6
2006-09-10,30.42,25.52,84.56,3.64,0.6
2006-09-11,32.83,24.96,79.87,3.31,0.6
2006-09-12,29.2,25.04,81.87,1.25,0.6
2006-09-13,32.9,24.48,77.35,0.35,0.59
2006-09-14,32.84,25.29,78.26,0.21,0.59
2006-09-15,30.87,25.58,81.63,2.32,0.59
2006-09-16,31.86,25.05,83.78,5.68,0.59
2006-09-17,29.96,25.04,82.51,0.89,0.59
2006-09-18,30.26,24.15,82.28,2.27,0.59
2006-09-19,28.78,24.66,86.3,0.92,0.59
2006-09-20,29.13,24.72,85.31,1.21,0.59
2006-09-21,31.13,23.87,78.56,0.47,0.59
2006-09-22,32.71,23.74,77.71,2.76,0.58
2006-09-23,35.24,24.42,69.96,1.6,0.58
2006-09-24,32.92,25.28,74.16,0.11,0.58
2006-09-25,34.18,25.14,70.77,1.08,0.57
2006-09-26,31.83,25.36,78.0,1.4,0.57
2006-09-27,31.49,24.62,82.15,2.15,0.57
2006-09-28,32.14,24.71,80.73,0.67,0.57
2006-09-29,31.95,24.82,81.88,0.29,0.57
2006-09-30,34.27,25.14,72.38,0.46,0.56
2006-10-01,36.12,25.13,66.45,0.58,0.56
2006-10-02,34.57,25.12,76.72,8.64,0.56
2006-10-03,31.25,25.29,83.05,5.59,0.57
2006-10-04,31.81,24.37,78.92,0.65,0.57
2006-10-05,32.49,24.81,75.98,0.46,0.57
2006-10-06,31.47,25.34,82.5,3.59,0.56
2006-10-07,29.36,25.26,89.51,7.21,0.58
2006-10-08,32.23,24.07,81.6,1.92,0.58
2006-10-09,33.84,24.81,71.65,0.32,0.57
2006-10-10,31.91,24.87,74.67,0.62,0.57
2006-10-11,29.64,24.91,83.15,2.26,0.57
2006-10-12,33.86,24.05,72.07,0.55,0.56
2006-10-13,34.43,25.06,71.54,0.02,0.56
2006-10-14,33.91,25.08,71.75,0.06,0.55
2006-10-15,32.5,25.29,73.94,0.28,0.55
2006-10-16,32.7,25.19,74.84,0.0,0.55
2006-10-17,33.7,25.23,73.94,0.35,0.55
2006-10-18,35.54,24.97,70.66,0.0,0.54
2006-10-19,35.05,25.36,69.76,0.15,0.54
2006-10-20,31.01,26.14,74.94,0.05,0.53
2006-10-21,31.79,25.15,71.61,0.13,0.53
2006-10-22,34.92,23.87,68.98,0.01,0.53
2006-10-23,33.14,25.44,71.52,0.1,0.53
2006-10-24,32.45,24.11,71.22,0.0,0.52
2006-10-25,35.31,22.97,67.98,0.06,0.52
2006-10-26,34.33,24.28,70.31,0.0,0.52
2006-10-27,34.88,24.03,68.58,0.02,0.51
2006-10-28,35.57,24.53,66.96,0.0,0.51
2006-10-29,35.03,25.77,66.04,0.0,0.51
2006-10-30,35.31,24.97,67.06,0.0,0.5
2006-10-31,35.1,24.66,64.02,0.0,0.5
2006-11-01,35.31,24.07,64.62,0.0,0.5
2006-11-02,35.22,23.24,63.71,0.0,0.5
2006-11-03,35.6,24.43,62.16,0.0,0.49
2006-11-04,35.34,24.6,62.86,0.0,0.49
2006-11-05,36.52,24.22,60.95,0.0,0.49
2006-11-06,34.18,25.41,66.05,0.0,0.49
2006-11-07,33.56,24.75,65.52,0.03,0.49
2006-11-08,34.88,23.04,60.78,0.0,0.49
2006-11-09,36.28,22.82,63.23,0.0,0.48
2006-11-10,36.98,23.77,62.57,0.0,0.48
2006-11-11,34.95,25.34,65.99,0.01,0.48
2006-11-12,32.9,24.84,63.21,0.0,0.48
2006-11-13,33.99,25.18,58.25,0.04,0.48
2006-11-14,35.52,26.16,59.08,0.0,0.48
2006-11-15,35.38,25.42,60.57,0.0,0.48
2006-11-16,35.08,25.8,59.18,0.0,0.48
2006-11-17,35.23,25.65,57.4,0.0,0.48
2006-11-18,37.86,24.48,58.6,0.0,0.48
2006-11-19,37.78,25.92,55.4,0.21,0.47
2006-11-20,37.26,25.18,54.2,0.21,0.47
2006-11-21,37.0,23.97,44.09,0.0,0.47
2006-11-22,36.11,20.77,44.97,0.0,0.47
2006-11-23,35.15,19.69,50.55,0.0,0.47
2006-11-24,35.46,19.59,50.95,0.0,0.47
2006-11-25,36.45,20.29,49.73,0.0,0.47
2006-11-26,35.8,21.08,49.3,0.0,0.47
2006-11-27,35.91,20.4,45.38,0.0,0.47
2006-11-28,36.03,20.94,48.18,0.0,0.47
2006-11-29,36.39,19.41,45.18,0.0,0.47
2006-11-30,36.96,18.68,44.11,0.0,0.46
2006-12-01,36.26,18.5,41.98,0.0,0.46
2006-12-02,36.43,17.97,44.92,0.0,0.46
2006-12-03,36.78,19.11,50.17,0.0,0.46
2006-12-04,37.1,20.05,47.34,0.0,0.46
2006-12-05,35.6,22.56,58.59,0.0,0.46
2006-12-06,35.93,21.69,58.5,0.0,0.46
2006-12-07,34.68,21.96,59.02,0.0,0.46
2006-12-08,35.65,24.57,53.95,0.0,0.46
2006-12-09,37.15,23.65,56.08,0.64,0.46
2006-12-10,37.03,24.01,51.92,0.0,0.46
2006-12-11,37.3,22.77,45.84,0.0,0.46
2006-12-12,35.71,21.43,46.84,0.0,0.46
2006-12-13,36.23,20.43,40.1,0.0,0.46
2006-12-14,35.94,18.81,42.4,0.0,0.46
2006-12-15,35.21,19.47,55.73,0.0,0.46
2006-12-16,34.5,20.92,59.33,0.0,0.46
2006-12-17,32.47,20.53,57.47,0.0,0.46
2006-12-18,31.45,18.85,58.99,0.0,0.46
2006-12-19,31.29,18.86,57.95,0.0,0.46
2006-12-20,31.5,17.7,54.33,0.0,0.46
2006-12-21,31.17,16.64,54.68,0.0,0.46
2006-12-22,30.94,14.84,53.77,0.0,0.46
2006-12-23,30.96,14.76,54.68,0.0,0.46
2006-12-24,31.45,15.54,54.13,0.0,0.46
2006-12-25,31.45,16.49,54.36,0.0,0.46
2006-12-26,31.84,17.55,53.18,0.0,0.46
2006-12-27,32.28,16.62,53.45,0.0,0.46
2006-12-28,33.18,15.86,54.95,0.0,0.46
2006-12-29,32.48,16.85,60.76,0.0,0.46
2006-12-30,31.91,18.27,59.84,0.0,0.46
2006-12-31,32.46,18.37,55.73,0.0,0.46
2007-01-01,32.64,17.27,59.51,0.0,0.46
2007-01-02,31.71,17.13,60.2,0.0,0.46
2007-01-03,32.44,17.37,56.15,0.0,0.46
2007-01-04,33.35,17.2,53.36,0.0,0.46
2007-01-05,34.78,15.73,54.19,0.0,0.46
2007-01-06,33.2,17.67,58.54,0.0,0.46
2007-01-07,35.07,18.89,57.42,0.0,0.46
2007-01-08,33.8,19.61,60.69,0.0,0.46
2007-01-09,33.55,18.36,57.25,0.0,0.46
2007-01-10,34.69,18.4,59.4,0.0,0.46
2007-01-11,35.4,20.14,55.1,0.0,0.46
2007-01-12,35.65,18.96,49.14,0.0,0.46
2007-01-13,35.91,17.33,43.68,0.0,0.46
2007-01-14,35.35,17.15,41.0,0.0,0.46
2007-01-15,34.65,16.23,39.29,0.0,0.46
2007-01-16,34.75,15.13,44.04,0.0,0.46
2007-01-17,35.63,16.03,42.32,0.0,0.46
2007-01-18,35.14,16.3,37.01,0.0,0.46
2007-01-19,35.3,16.64,49.06,0.0,0.46
2007-01-20,34.08,16.2,39.63,0.0,0.46
2007-01-21,35.5,15.75,34.78,0.0,0.46
2007-01-22,35.79,15.87,41.05,0.0,0.46
2007-01-23,36.52,17.06,41.93,0.0,0.45
2007-01-24,36.2,17.38,37.25,0.0,0.45
2007-01-25,35.53,19.97,50.41,0.0,0.45
2007-01-26,36.48,21.27,47.35,0.0,0.45
2007-01-27,35.95,20.73,47.7,0.0,0.45
2007-01-28,33.75,21.29,55.27,0.0,0.45
2007-01-29,31.6,19.94,49.97,0.0,0.45
2007-01-30,32.41,18.08,52.38,0.0,0.45
2007-01-31,33.15,19.21,52.01,0.0,0.45
2007-02-01,32.95,20.13,52.92,0.0,0.45
2007-02-02,30.68,17.67,50.68,0.0,0.45
2007-02-03,31.91,16.46,46.95,0.0,0.45
2007-02-04,32.91,17.69,51.18,0.0,0.45
2007-02-05,33.07,17.92,53.26,0.0,0.45
2007-02-06,33.4,17.28,48.94,0.0,0.45
2007-02-07,33.37,17.45,44.32,0.0,0.45
2007-02-08,34.62,19.15,44.46,0.0,0.45
2007-02-09,35.53,20.27,40.13,0.0,0.45
2007-02-10,37.03,20.16,37.41,0.0,0.45
2007-02-11,37.76,20.42,34.53,0.0,0.45
2007-02-12,37.1,21.17,36.28,0.0,0.45
2007-02-13,36.92,20.99,40.45,0.0,0.45
2007-02-14,37.13,21.86,45.15,0.0,0.45
2007-02-15,36.08,20.67,49.3,0.0,0.45
2007-02-16,34.34,20.84,52.23,0.0,0.45
2007-02-17,34.85,18.5,35.66,0.0,0.45
2007-02-18,35.4,17.9,38.37,0.0,0.45
2007-02-19,36.14,17.79,42.88,0.0,0.45
2007-02-20,37.77,18.46,33.6,0.0,0.45
2007-02-21,37.43,18.17,40.0,0.0,0.45
2007-02-22,38.25,19.04,41.85,0.0,0.45
2007-02-23,38.9,20.93,38.53,0.0,0.45
2007-02-24,38.82,21.6,36.34,0.0,0.45
2007-02-25,39.69,22.91,37.98,0.0,0.45
2007-02-26,38.78,23.17,36.17,0.0,0.45
2007-02-27,38.11,22.41,32.68,0.0,0.45
2007-02-28,37.58,19.71,37.54,0.0,0.45
2007-03-01,38.01,17.74,44.27,0.0,0.45
2007-03-02,37.88,18.8,45.27,0.0,0.45
2007-03-03,37.62,18.5,46.05,0.0,0.45
2007-03-04,38.63,19.24,38.92,0.0,0.45
2007-03-05,38.37,19.35,42.56,0.0,0.45
2007-03-06,36.96,18.46,43.0,0.0,0.45
2007-03-07,36.01,16.97,39.22,0.0,0.45
2007-03-08,35.09,16.81,41.51,0.0,0.45
2007-03-09,35.87,17.52,45.17,0.0,0.45
2007-03-10,37.71,18.35,43.97,0.0,0.45
2007-03-11,38.76,17.71,36.5,0.0,0.45
2007-03-12,39.48,19.53,28.62,0.0,0.45
2007-03-13,39.76,21.37,26.62,0.0,0.45
2007-03-14,40.53,22.94,34.62,0.0,0.45
2007-03-15,40.38,22.39,35.75,0.0,0.45
2007-03-16,38.84,20.36,47.32,0.0,0.45
2007-03-17,39.06,21.22,43.02,0.0,0.45
2007-03-18,39.46,19.64,33.86,0.0,0.45
2007-03-19,38.52,20.24,47.74,0.0,0.45
2007-03-20,37.01,21.52,52.8,0.81,0.45
2007-03-21,37.35,22.22,51.52,0.0,0.45
2007-03-22,38.58,22.09,40.87,0.0,0.45
2007-03-23,38.73,20.62,42.15,0.0,0.45
2007-03-24,39.49,21.23,46.63,0.0,0.45
2007-03-25,39.47,22.41,51.37,0.0,0.45
2007-03-26,38.85,23.0,52.51,0.0,0.45
2007-03-27,39.86,22.99,47.49,0.0,0.45
2007-03-28,40.89,22.45,50.46,0.0,0.45
2007-03-29,40.35,25.06,48.2,0.01,0.45
2007-03-30,40.51,26.34,48.39,0.0,0.45
2007-03-31,41.97,27.02,42.94,0.0,0.45
2007-04-01,42.36,26.34,34.77,0.0,0.45
2007-04-02,41.23,23.06,38.35,0.0,0.45
2007-04-03,41.19,22.19,42.78,0.0,0.45
2007-04-04,41.33,22.72,42.27,0.0,0.45
2007-04-05,40.49,24.96,38.2,0.0,0.45
2007-04-06,39.77,25.46,37.54,0.01,0.45
2007-04-07,39.75,25.47,38.55,0.0,0.45
2007-04-08,40.99,24.18,36.99,0.0,0.45
2007-04-09,40.8,24.41,39.85,0.0,0.45
2007-04-10,39.36,25.5,41.29,0.0,0.45
2007-04-11,39.1,25.83,41.01,0.01,0.45
2007-04-12,38.34,26.5,42.26,0.0,0.45
2007-04-13,37.84,26.53,46.9,0.0,0.45
2007-04-14,32.69,27.4,52.7,0.09,0.45
2007-04-15,35.91,25.3,55.55,0.45,0.45
2007-04-16,32.98,27.13,61.52,0.0,0.45
2007-04-17,34.89,26.07,58.69,0.0,0.45
2007-04-18,40.6,27.15,46.26,0.0,0.45
2007-04-19,39.12,27.78,46.57,0.0,0.45
2007-04-20,41.22,26.69,44.6,0.0,0.45
2007-04-21,42.0,27.43,44.64,0.0,0.45
2007-04-22,41.43,27.32,46.18,0.0,0.45
2007-04-23,42.24,26.79,45.05,0.0,0.45
2007-04-24,39.86,27.63,46.81,0.0,0.45
2007-04-25,43.29,26.07,45.91,0.02,0.45
2007-04-26,39.98,28.57,47.32,0.23,0.45
2007-04-27,38.85,28.78,48.04,1.36,0.46
2007-04-28,40.04,28.49,47.78,0.16,0.46
2007-04-29,37.64,28.78,52.32,0.0,0.46
2007-04-30,40.43,28.07,49.4,0.0,0.46
2007-05-01,38.01,28.07,54.76,0.06,0.46
2007-05-02,37.16,28.63,58.04,0.3,0.46
2007-05-03,32.13,26.28,70.43,1.99,0.46
2007-05-04,28.36,25.67,85.25,19.39,0.48
2007-05-05,29.94,25.97,86.66,4.44,0.5
2007-05-06,30.76,26.72,82.12,3.42,0.5
2007-05-07,33.49,26.12,77.05,7.69,0.51
2007-05-08,33.94,25.59,71.73,0.06,0.51
2007-05-09,32.44,26.55,75.45,0.1,0.51
2007-05-10,30.86,26.07,79.67,1.49,0.5
2007-05-11,31.2,25.45,83.9,4.81,0.51
2007-05-12,31.36,26.12,82.99,0.99,0.51
2007-05-13,32.59,26.85,76.65,2.21,0.51
2007-05-14,33.33,26.73,75.76,6.67,0.52
2007-05-15,33.13,26.17,72.46,0.21,0.52
2007-05-16,33.73,26.02,71.89,0.37,0.51
2007-05-17,33.12,26.01,70.57,0.46,0.51
2007-05-18,32.98,26.14,71.16,1.05,0.51
2007-05-19,33.84,25.54,72.08,1.47,0.51
2007-05-20,33.44,26.0,68.89,1.22,0.5
2007-05-21,32.98,26.7,71.41,1.69,0.5
2007-05-22,31.98,26.03,77.47,3.02,0.51
2007-05-23,32.67,25.06,71.5,0.3,0.5
2007-05-24,35.68,25.05,61.39,0.0,0.5
2007-05-25,34.74,25.49,67.77,0.05,0.5
2007-05-26,37.42,25.63,62.07,0.42,0.49
2007-05-27,39.02,26.21,53.66,0.0,0.49
2007-05-28,39.75,26.29,51.86,0.38,0.49
2007-05-29,35.4,27.17,64.56,1.47,0.49
2007-05-30,32.82,27.49,68.11,0.04,0.48
2007-05-31,32.63,27.08,68.16,0.24,0.48
2007-06-01,35.06,26.73,63.95,0.02,0.48
2007-06-02,33.84,27.59,63.55,0.65,0.48
2007-06-03,32.93,27.48,68.02,0.06,0.48
2007-06-04,35.73,26.56,66.08,0.99,0.48
2007-06-05,34.22,27.12,67.58,1.09,0.48
2007-06-06,34.82,26.58,62.93,0.15,0.48
2007-06-07,35.29,26.72,64.91,0.48,0.48
2007-06-08,34.52,27.02,70.06,3.87,0.48
2007-06-09,35.23,26.86,68.03,0.3,0.48
2007-06-10,35.71,27.45,64.76,0.07,0.48
2007-06-11,36.13,27.39,64.75,1.19,0.48
2007-06-12,36.09,27.29,66.79,4.65,0.48
2007-06-13,34.61,27.04,73.58,8.96,0.49
2007-06-14,34.23,26.06,71.06,0.37,0.5
2007-06-15,35.78,26.54,64.73,1.16,0.49
2007-06-16,34.08,27.16,68.19,1.05,0.49
2007-06-17,33.25,26.83,74.83,3.28,0.49
2007-06-18,34.72,26.11,72.02,0.14,0.49
2007-06-19,33.37,26.44,76.63,1.63,0.49
2007-06-20,34.96,27.33,71.73,0.23,0.49
2007-06-21,33.12,27.26,76.99,1.52,0.49
2007-06-22,33.15,26.71,71.78,0.0,0.49
2007-06-23,34.69,26.25,68.85,0.0,0.49
2007-06-24,37.75,26.54,58.67,0.39,0.48
2007-06-25,36.08,27.88,62.42,1.67,0.48
2007-06-26,32.99,27.39,73.85,0.65,0.48
2007-06-27,31.85,26.78,77.66,2.87,0.49
2007-06-28,32.14,26.42,76.04,2.47,0.49
2007-06-29,32.63,26.23,73.53,5.62,0.49
2007-06-30,31.37,25.86,77.97,1.64,0.5
2007-07-01,31.36,25.49,75.12,1.88,0.5
2007-07-02,33.45,25.44,69.89,1.13,0.49
2007-07-03,31.3,25.75,75.72,5.56,0.5
2007-07-04,32.66,25.45,78.08,7.14,0.5
2007-07-05,31.32,25.83,79.5,4.61,0.51
2007-07-06,30.75,25.82,79.31,2.21,0.51
2007-07-07,30.86,25.26,80.6,5.39,0.52
2007-07-08,33.21,24.38,72.41,0.32,0.52
2007-07-09,31.1,25.48,72.28,0.0,0.51
2007-07-10,34.46,25.45,70.78,0.09,0.51
2007-07-11,34.02,25.59,67.69,0.03,0.51
2007-07-12,33.93,26.23,70.95,1.38,0.5
2007-07-13,32.22,26.27,77.17,1.01,0.5
2007-07-14,30.6,26.28,78.44,0.6,0.5
2007-07-15,33.0,26.27,74.68,0.72,0.5
2007-07-16,35.14,26.05,69.39,0.65,0.5
2007-07-17,32.95,26.35,71.77,0.11,0.5
2007-07-18,33.39,26.48,70.4,0.75,0.5
2007-07-19,35.28,26.3,65.2,0.34,0.49
2007-07-20,33.63,25.72,66.74,1.24,0.49
2007-07-21,33.55,25.43,69.0,4.52,0.5
2007-07-22,30.9,24.88,73.12,0.11,0.5
2007-07-23,34.76,24.76,67.12,0.97,0.5
2007-07-24,31.27,25.13,74.17,3.87,0.5
2007-07-25,33.34,24.21,69.98,0.01,0.5
2007-07-26,37.25,24.59,60.54,0.0,0.49
2007-07-27,36.7,26.58,57.93,0.0,0.49
2007-07-28,35.71,27.23,63.03,0.01,0.49
2007-07-29,34.8,26.5,65.92,0.14,0.49
2007-07-30,32.74,26.58,73.09,2.02,0.49
2007-07-31,32.25,26.24,72.05,0.09,0.49
2007-08-01,32.69,25.65,73.6,1.75,0.49
2007-08-02,32.19,25.4,73.55,0.85,0.49
2007-08-03,33.65,25.27,69.88,0.51,0.49
2007-08-04,32.74,25.9,74.62,1.88,0.49
2007-08-05,34.62,25.69,73.04,4.22,0.49
2007-08-06,32.98,25.53,74.8,2.0,0.49
2007-08-07,33.45,25.22,71.04,0.05,0.49
2007-08-08,34.85,25.73,67.6,1.13,0.49
2007-08-09,31.93,26.35,76.42,2.47,0.49
2007-08-10,32.09,25.99,81.93,14.33,0.51
2007-08-11,30.06,25.65,85.78,23.19,0.54
2007-08-12,31.85,25.61,81.79,7.95,0.56
2007-08-13,32.32,25.64,78.63,5.67,0.56
2007-08-14,32.68,25.86,81.31,10.77,0.57
2007-08-15,30.88,25.74,85.67,15.04,0.59
2007-08-16,30.91,25.21,79.46,4.65,0.6
2007-08-17,31.59,24.61,78.43,0.33,0.6
2007-08-18,32.1,24.41,76.44,0.05,0.59
2007-08-19,33.41,24.67,74.62,0.31,0.59
2007-08-20,32.6,24.31,75.86,0.0,0.58
2007-08-21,33.89,24.94,72.85,0.08,0.58
2007-08-22,33.07,24.93,76.06,0.94,0.57
2007-08-23,31.76,25.3,81.22,4.81,0.57
2007-08-24,32.61,24.64,79.2,0.47,0.58
2007-08-25,30.31,25.22,82.24,1.35,0.57
2007-08-26,32.57,24.7,76.71,0.0,0.57
2007-08-27,33.61,24.86,72.87,0.36,0.57
2007-08-28,33.71,24.68,74.82,5.03,0.57
2007-08-29,33.12,25.5,77.51,2.08,0.57
2007-08-30,31.15,25.45,83.25,1.27,0.57
2007-08-31,30.73,24.99,81.0,0.05,0.56
2007-09-01,31.17,24.85,79.26,0.6,0.56
2007-09-02,32.08,25.47,78.38,0.67,0.56
2007-09-03,31.4,25.57,80.33,0.93,0.55
2007-09-04,31.66,24.65,81.46,2.4,0.55
2007-09-05,32.01,24.81,79.61,0.89,0.55
2007-09-06,32.71,24.75,77.8,2.16,0.55
2007-09-07,34.14,24.69,72.82,0.0,0.55
2007-09-08,35.61,25.68,69.02,0.01,0.54
2007-09-09,33.76,26.09,70.81,0.13,0.54
2007-09-10,33.83,25.48,71.03,0.18,0.54
2007-09-11,33.85,25.57,70.8,0.24,0.53
2007-09-12,33.33,24.74,71.77,0.48,0.53
2007-09-13,34.46,25.4,72.11,0.1,0.53
2007-09-14,32.61,25.99,77.57,0.5,0.53
2007-09-15,32.9,25.53,76.46,0.07,0.52
2007-09-16,32.37,25.89,76.4,0.91,0.52
2007-09-17,32.08,25.6,77.53,1.52,0.52
2007-09-18,32.34,24.76,80.95,2.26,0.52
2007-09-19,32.89,25.53,78.61,2.1,0.52
2007-09-20,30.35,25.27,84.08,6.18,0.53
2007-09-21,29.5,24.83,86.59,0.36,0.53
2007-09-22,30.26,25.21,82.05,0.15,0.53
2007-09-23,34.39,24.7,71.93,0.52,0.52
2007-09-24,36.08,24.57,66.75,0.44,0.52
2007-09-25,32.71,25.44,69.54,0.0,0.52
2007-09-26,35.76,25.64,67.38,0.39,0.51
2007-09-27,33.02,25.15,77.15,5.46,0.51
2007-09-28,30.4,25.1,86.37,12.14,0.53
2007-09-29,30.84,24.49,80.43,3.1,0.54
2007-09-30,33.54,23.73,78.05,5.89,0.54
2007-10-01,34.24,24.69,76.84,1.54,0.54
2007-10-02,33.51,25.49,80.82,5.13,0.54
2007-10-03,34.32,25.38,76.32,2.52,0.54
2007-10-04,29.93,25.65,87.57,26.07,0.56
2007-10-05,28.75,25.08,92.97,36.66,0.61
2007-10-06,28.49,24.92,90.13,16.7,0.66
2007-10-07,29.5,24.43,88.9,15.42,0.68
2007-10-08,31.78,24.37,83.25,0.32,0.68
2007-10-09,31.03,24.43,83.61,0.59,0.67
2007-10-10,29.8,24.11,88.29,7.02,0.67
2007-10-11,27.54,24.59,89.91,0.43,0.67
2007-10-12,30.8,23.78,85.63,2.33,0.67
2007-10-13,28.23,24.32,90.38,2.31,0.67
2007-10-14,29.62,23.7,85.97,0.77,0.67
2007-10-15,31.37,24.03,80.34,0.75,0.66
2007-10-16,30.01,23.73,80.42,0.01,0.65
2007-10-17,31.76,23.28,77.67,0.0,0.65
2007-10-18,33.06,22.94,75.88,0.0,0.64
2007-10-19,32.88,24.16,75.22,0.0,0.63
2007-10-20,31.73,24.69,77.18,0.0,0.63
2007-10-21,32.34,23.5,74.62,0.0,0.62
2007-10-22,32.59,22.6,73.29,0.0,0.61
2007-10-23,33.21,21.61,74.16,0.0,0.61
2007-10-24,33.29,22.78,74.08,0.0,0.6
2007-10-25,32.28,22.82,74.52,0.0,0.6
2007-10-26,33.35,21.38,73.51,0.0,0.59
2007-10-27,33.51,22.58,73.64,0.0,0.59
2007-10-28,34.47,22.72,72.24,0.0,0.58
2007-10-29,34.34,24.66,74.76,0.0,0.58
2007-10-30,34.21,24.05,73.59,0.0,0.57
2007-10-31,33.95,24.96,71.75,0.0,0.57
2007-11-01,32.56,24.31,72.12,0.03,0.56
2007-11-02,31.15,24.27,75.18,1.76,0.56
2007-11-03,32.01,24.15,77.73,1.43,0.56
2007-11-04,32.76,23.63,74.26,0.47,0.55
2007-11-05,32.82,23.47,72.24,0.0,0.55
2007-11-06,33.55,22.64,69.71,0.0,0.55
2007-11-07,33.55,22.38,67.75,0.0,0.54
2007-11-08,34.08,21.12,65.28,0.0,0.54
2007-11-09,33.04,21.4,66.28,0.0,0.53
2007-11-10,33.38,20.1,64.81,0.0,0.53
2007-11-11,34.42,20.72,67.86,0.0,0.53
2007-11-12,33.28,24.0,69.39,0.0,0.52
2007-11-13,32.99,23.55,71.73,0.01,0.52
2007-11-14,31.13,24.74,75.77,0.0,0.52
2007-11-15,33.14,24.86,73.46,0.0,0.51
2007-11-16,34.46,23.74,69.22,0.0,0.51
2007-11-17,35.28,24.55,65.15,0.0,0.51
2007-11-18,35.64,23.37,64.1,0.0,0.5
2007-11-19,33.91,24.08,68.37,0.0,0.5
2007-11-20,33.78,23.75,68.94,0.01,0.5
2007-11-21,33.42,23.55,70.83,0.52,0.5
2007-11-22,32.01,23.77,68.93,0.0,0.49
2007-11-23,32.57,23.08,66.21,0.0,0.49
2007-11-24,32.65,22.48,63.7,0.0,0.49
2007-11-25,32.99,20.62,61.83,0.0,0.49
2007-11-26,33.91,19.98,59.96,0.0,0.48
2007-11-27,33.19,20.12,61.1,0.0,0.48
2007-11-28,31.92,19.34,60.13,0.0,0.48
2007-11-29,30.75,19.17,58.34,0.0,0.48
2007-11-30,29.78,17.94,62.19,0.0,0.48
2007-12-01,29.8,16.5,62.65,0.0,0.48
2007-12-02,31.26,17.23,61.73,0.0,0.48
2007-12-03,31.19,17.51,62.58,0.0,0.48
2007-12-04,32.0,17.92,61.6,0.0,0.47
2007-12-05,32.34,18.18,61.33,0.0,0.47
2007-12-06,34.43,18.21,58.55,0.0,0.47
2007-12-07,34.36,19.4,63.21,0.0,0.47
2007-12-08,34.64,20.58,58.43,0.0,0.47
2007-12-09,34.59,19.94,60.28,0.0,0.47
2007-12-10,34.83,20.66,56.04,0.0,0.47
2007-12-11,34.72,19.81,57.05,0.0,0.47
2007-12-12,35.58,20.51,48.94,0.0,0.47
2007-12-13,36.23,19.51,47.18,0.0,0.47
2007-12-14,36.36,19.99,50.18,0.0,0.47
2007-12-15,36.07,21.14,49.85,0.0,0.46
2007-12-16,34.65,23.09,56.63,0.0,0.46
2007-12-17,35.09,24.09,55.84,0.0,0.46
2007-12-18,37.21,24.04,53.22,0.0,0.46
2007-12-19,37.58,24.2,55.01,0.0,0.46
2007-12-20,37.85,24.11,52.71,0.0,0.46
2007-12-21,37.17,23.01,45.1,0.0,0.46
2007-12-22,35.75,19.22,42.51,0.0,0.46
2007-12-23,33.82,16.62,38.09,0.0,0.46
2007-12-24,31.44,15.73,47.42,0.0,0.46
2007-12-25,32.13,17.65,59.72,0.0,0.46
2007-12-26,32.99,18.89,62.96,0.0,0.46
2007-12-27,33.65,17.21,59.1,0.0,0.46
2007-12-28,33.05,17.63,59.64,0.0,0.46
2007-12-29,33.6,18.32,63.59,0.0,0.46
2007-12-30,35.1,19.08,57.89,0.0,0.46
2007-12-31,35.43,20.67,56.0,0.0,0.46
2008-01-01,31.62,20.95,62.16,0.0,0.46
2008-01-02,30.84,18.94,51.92,0.0,0.46
2008-01-03,31.71,17.37,52.88,0.0,0.46
2008-01-04,32.83,17.89,52.57,0.0,0.46
2008-01-05,34.42,19.51,49.62,0.0,0.46
2008-01-06,34.54,18.38,57.38,0.0,0.46
2008-01-07,35.2,19.4,57.42,0.0,0.46
2008-01-08,35.94,20.38,51.96,0.0,0.46
2008-01-09,36.48,18.72,39.84,0.0,0.46
2008-01-10,35.93,17.28,50.82,0.0,0.46
2008-01-11,35.45,17.41,51.86,0.0,0.46
2008-01-12,35.9,17.67,51.45,0.0,0.46
2008-01-13,35.52,17.24,45.31,0.0,0.46
2008-01-14,35.91,17.57,44.24,0.0,0.46
2008-01-15,35.51,17.95,49.08,0.0,0.46
2008-01-16,35.06,17.54,51.62,0.0,0.46
2008-01-17,35.23,18.41,52.39,0.0,0.46
2008-01-18,35.61,19.16,50.47,0.0,0.46
2008-01-19,35.55,20.16,48.09,0.0,0.46
2008-01-20,35.89,20.83,47.87,0.0,0.46
2008-01-21,35.28,19.75,43.78,0.0,0.46
2008-01-22,36.1,17.13,44.39,0.0,0.46
2008-01-23,36.06,17.58,52.04,0.0,0.46
2008-01-24,36.06,19.01,51.34,0.0,0.46
2008-01-25,36.24,20.45,51.51,0.0,0.46
2008-01-26,35.02,21.67,63.54,0.0,0.46
2008-01-27,34.97,22.13,64.74,0.01,0.46
2008-01-28,32.99,23.32,64.92,0.49,0.46
2008-01-29,34.2,21.61,49.5,0.0,0.46
2008-01-30,31.92,19.65,48.51,0.0,0.46
2008-01-31,31.84,22.62,47.39,1.18,0.46
2008-02-01,32.27,20.47,50.09,0.93,0.46
2008-02-02,33.7,21.14,44.6,0.0,0.46
2008-02-03,33.98,18.85,44.07,0.0,0.46
2008-02-04,34.26,16.15,47.19,0.0,0.46
2008-02-05,36.07,17.87,38.99,0.0,0.46
2008-02-06,36.72,17.4,31.42,0.0,0.46
2008-02-07,36.99,17.66,39.82,0.0,0.46
2008-02-08,37.47,18.26,43.59,0.0,0.46
2008-02-09,37.47,19.18,49.91,0.0,0.46
2008-02-10,37.68,20.9,35.99,0.0,0.46
2008-02-11,37.66,19.47,44.02,0.0,0.46
2008-02-12,37.52,20.16,51.76,0.0,0.46
2008-02-13,36.71,21.4,43.53,0.0,0.46
2008-02-14,36.68,20.62,41.12,0.0,0.46
2008-02-15,36.08,20.93,37.32,0.0,0.46
2008-02-16,34.78,17.27,35.31,0.0,0.46
2008-02-17,33.85,15.44,36.98,0.0,0.46
2008-02-18,34.59,15.16,44.13,0.0,0.46
2008-02-19,34.63,16.54,52.55,0.04,0.46
2008-02-20,34.7,20.42,50.29,0.0,0.46
2008-02-21,35.54,20.07,40.73,0.0,0.46
2008-02-22,36.21,19.6,38.24,0.0,0.46
2008-02-23,36.66,18.68,37.05,0.0,0.46
2008-02-24,37.51,19.53,35.4,0.0,0.45
2008-02-25,37.64,19.1,32.74,0.0,0.45
2008-02-26,37.99,19.12,32.36,0.0,0.45
2008-02-27,37.34,22.37,42.34,0.66,0.46
2008-02-28,35.01,24.1,61.28,0.0,0.46
2008-02-29,38.28,22.42,43.33,0.0,0.46
2008-03-01,37.14,19.58,40.73,0.0,0.46
2008-03-02,36.84,20.5,43.98,0.0,0.46
2008-03-03,37.69,20.12,41.7,0.0,0.46
2008-03-04,37.44,22.26,43.46,0.0,0.46
2008-03-05,37.11,21.61,40.0,0.0,0.46
2008-03-06,37.22,21.09,40.19,0.0,0.46
2008-03-07,38.14,21.03,35.33,0.0,0.46
2008-03-08,38.29,20.68,33.13,0.0,0.45
2008-03-09,37.39,21.95,38.33,0.0,0.45
2008-03-10,38.06,22.27,32.96,0.0,0.45
2008-03-11,37.42,19.6,38.64,0.0,0.45
2008-03-12,38.33,20.46,37.25,0.0,0.45
2008-03-13,39.08,19.91,45.38,0.0,0.45
2008-03-14,38.73,23.51,42.35,0.0,0.45
2008-03-15,40.4,23.76,37.85,0.0,0.45
2008-03-16,40.47,24.14,35.19,0.0,0.45
2008-03-17,40.28,24.07,36.04,0.0,0.45
2008-03-18,40.11,22.8,44.14,0.0,0.45
2008-03-19,40.4,22.84,37.69,0.0,0.45
2008-03-20,40.72,22.06,42.65,0.0,0.45
2008-03-21,40.64,23.26,42.98,0.0,0.45
2008-03-22,40.17,22.58,37.99,0.0,0.45
2008-03-23,40.76,24.5,42.45,0.0,0.45
2008-03-24,40.44,26.13,41.54,0.0,0.45
2008-03-25,40.99,24.28,44.71,0.0,0.45
2008-03-26,40.28,25.27,41.28,0.0,0.45
2008-03-27,39.9,25.35,44.75,0.0,0.45
2008-03-28,40.12,26.17,45.06,0.0,0.45
2008-03-29,36.72,27.18,45.48,0.0,0.45
2008-03-30,35.24,26.39,48.59,0.0,0.45
2008-03-31,30.19,25.57,68.73,0.77,0.45
2008-04-01,34.93,25.47,63.27,0.01,0.45
2008-04-02,35.5,25.85,62.07,0.06,0.45
2008-04-03,39.08,25.74,53.05,0.0,0.45
2008-04-04,39.9,26.15,47.3,0.0,0.45
2008-04-05,39.77,26.57,47.69,0.26,0.46
2008-04-06,35.54,27.96,56.26,0.01,0.46
2008-04-07,34.56,27.51,59.18,0.0,0.46
2008-04-08,36.63,27.0,50.02,0.0,0.46
2008-04-09,40.1,25.22,40.02,0.0,0.46
2008-04-10,40.63,25.21,43.21,0.0,0.46
2008-04-11,40.99,25.9,48.54,0.0,0.45
2008-04-12,40.68,26.07,48.12,0.0,0.45
2008-04-13,41.48,25.83,45.53,0.0,0.45
2008-04-14,41.7,25.58,40.97,0.0,0.45
2008-04-15,42.05,26.41,39.45,0.0,0.45
2008-04-16,42.32,25.86,37.5,0.0,0.45
2008-04-17,42.81,27.16,41.4,0.0,0.45
2008-04-18,41.96,27.52,43.94,0.0,0.45
2008-04-19,42.1,27.52,43.17,0.0,0.45
2008-04-20,43.14,27.59,44.3,0.01,0.45
2008-04-21,42.64,27.55,40.61,0.02,0.45
2008-04-22,39.8,28.11,50.4,0.69,0.45
2008-04-23,35.79,28.84,54.5,0.07,0.46
2008-04-24,36.09,28.93,54.12,0.2,0.46
2008-04-25,36.46,27.98,55.83,0.04,0.46
2008-04-26,37.65,27.9,54.97,1.87,0.46
2008-04-27,36.46,27.06,62.6,0.33,0.46
2008-04-28,33.7,26.07,66.52,0.73,0.46
2008-04-29,31.36,25.99,76.58,1.4,0.46
2008-04-30,31.5,26.04,75.98,5.82,0.47
2008-05-01,33.75,27.15,71.12,0.25,0.47
2008-05-02,33.69,27.07,73.03,5.56,0.47
2008-05-03,28.07,26.33,86.78,55.26,0.54
2008-05-04,33.9,26.49,73.47,2.76,0.58
2008-05-05,34.22,25.59,71.77,1.27,0.57
2008-05-06,35.26,25.44,63.84,1.28,0.57
2008-05-07,35.81,23.36,63.63,0.18,0.56
2008-05-08,35.51,25.09,67.02,3.69,0.56
2008-05-09,36.17,24.91,66.09,0.97,0.55
2008-05-10,31.49,25.28,80.56,31.54,0.58
2008-05-11,31.12,24.96,82.76,13.28,0.61
2008-05-12,28.73,23.91,84.27,5.69,0.62
2008-05-13,32.21,23.85,76.57,0.87,0.62
2008-05-14,33.05,24.36,73.44,0.59,0.61
2008-05-15,30.77,25.43,81.38,1.23,0.61
2008-05-16,33.16,25.26,74.44,1.44,0.6
2008-05-17,31.43,25.04,76.0,0.5,0.6
2008-05-18,34.07,24.57,70.11,0.87,0.6
2008-05-19,33.46,25.61,76.54,4.91,0.6
2008-05-20,32.79,24.9,75.58,0.67,0.6
2008-05-21,34.57,24.76,69.77,0.0,0.59
2008-05-22,34.21,25.35,72.67,0.04,0.58
2008-05-23,34.27,25.56,74.41,0.4,0.58
2008-05-24,33.16,25.76,75.08,0.37,0.58
2008-05-25,34.98,25.29,68.2,0.15,0.57
2008-05-26,32.53,25.46,75.03,1.64,0.57
2008-05-27,32.15,25.61,77.01,2.74,0.57
2008-05-28,33.18,24.87,77.75,19.72,0.58
2008-05-29,32.09,25.33,79.36,4.97,0.6
2008-05-30,32.47,24.81,75.18,0.21,0.6
2008-05-31,32.58,24.53,77.03,6.05,0.59
2008-06-01,34.51,23.98,73.01,7.83,0.6
2008-06-02,31.49,24.89,81.8,24.5,0.62
2008-06-03,31.84,25.11,81.0,6.78,0.64
2008-06-04,31.17,25.51,80.45,6.21,0.65
2008-06-05,32.91,24.63,77.66,3.01,0.64
2008-06-06,29.94,25.39,85.86,8.85,0.65
2008-06-07,29.46,25.16,86.11,10.74,0.66
2008-06-08,30.29,25.67,85.69,3.06,0.66
2008-06-09,31.94,25.11,80.88,0.0,0.66
2008-06-10,32.96,24.76,77.85,0.16,0.65
2008-06-11,32.53,25.29,79.47,2.86,0.65
2008-06-12,30.51,25.42,84.44,2.89,0.65
2008-06-13,30.79,24.92,86.55,8.89,0.65
2008-06-14,30.77,25.69,85.57,19.62,0.67
2008-06-15,28.98,25.8,89.17,17.05,0.7
2008-06-16,29.1,25.47,88.97,26.14,0.73
2008-06-17,29.75,25.03,86.86,14.0,0.75
2008-06-18,30.34,24.65,86.39,27.7,0.78
2008-06-19,32.11,24.69,81.14,0.29,0.78
2008-06-20,31.33,24.59,83.1,0.65,0.77
2008-06-21,30.01,24.72,86.89,0.5,0.76
2008-06-22,28.37,24.51,86.32,2.59,0.76
2008-06-23,30.22,24.49,82.4,0.31,0.75
2008-06-24,31.77,23.99,81.57,1.6,0.75
2008-06-25,31.95,24.26,82.56,6.05,0.74
2008-06-26,30.07,24.71,85.53,1.12,0.74
2008-06-27,31.42,24.1,82.69,2.4,0.74
2008-06-28,31.33,24.72,84.13,2.74,0.73
2008-06-29,30.07,24.7,86.05,8.64,0.74
2008-06-30,29.0,24.67,88.83,19.29,0.75
2008-07-01,31.42,24.04,84.22,12.19,0.77
2008-07-02,30.64,24.21,84.62,8.29,0.77
2008-07-03,30.16,23.91,86.62,3.72,0.77
2008-07-04,30.39,24.47,88.0,6.52,0.77
2008-07-05,28.15,24.27,90.52,17.81,0.79
2008-07-06,29.83,24.39,87.93,11.15,0.8
2008-07-07,30.21,24.03,86.23,15.19,0.81
2008-07-08,29.68,24.83,88.56,5.7,0.81
2008-07-09,29.51,24.54,88.06,6.77,0.81
2008-07-10,28.1,24.15,89.6,3.85,0.81
2008-07-11,30.06,24.0,87.31,0.85,0.81
2008-07-12,30.55,24.22,87.55,9.15,0.81
2008-07-13,29.73,24.52,88.19,23.5,0.83
2008-07-14,30.18,24.67,87.49,18.39,0.85
2008-07-15,30.97,24.41,84.83,3.69,0.85
2008-07-16,31.48,23.86,84.35,9.18,0.85
2008-07-17,30.44,24.27,85.96,4.92,0.84
2008-07-18,30.41,24.94,87.73,15.85,0.85
2008-07-19,29.58,24.91,89.78,35.24,0.88
2008-07-20,29.02,25.25,92.0,1.22,0.89
2008-07-21,28.81,25.03,90.96,9.75,0.89
2008-07-22,28.72,24.45,89.68,2.92,0.89
2008-07-23,28.84,23.99,91.98,7.7,0.89
2008-07-24,28.98,24.52,89.32,7.27,0.89
2008-07-25,29.86,24.14,89.58,7.91,0.89
2008-07-26,29.01,24.96,90.79,11.32,0.9
2008-07-27,30.17,24.74,88.15,4.28,0.9
2008-07-28,28.17,24.66,93.15,21.16,0.91
2008-07-29,28.06,24.57,91.63,10.12,0.92
2008-07-30,27.67,24.14,92.03,3.1,0.91
2008-07-31,30.01,23.83,87.76,6.16,0.91
2008-08-01,30.03,24.71,90.66,6.64,0.91
2008-08-02,29.0,24.78,90.34,3.79,0.91
2008-08-03,28.36,24.02,90.45,11.16,0.91
2008-08-04,30.6,23.73,88.62,8.97,0.91
2008-08-05,29.92,24.5,89.03,10.44,0.91
2008-08-06,28.49,24.21,90.09,10.57,0.92
2008-08-07,28.59,24.48,91.82,34.98,0.93
2008-08-08,28.67,25.07,91.99,52.48,0.95
2008-08-09,28.53,25.06,92.19,26.15,0.97
2008-08-10,29.03,24.78,91.75,13.36,0.98
2008-08-11,28.49,24.6,92.67,11.77,0.98
2008-08-12,29.16,24.13,89.76,7.9,0.97
2008-08-13,29.85,24.25,90.43,4.23,0.97
2008-08-14,28.03,24.19,93.52,2.49,0.97
2008-08-15,28.29,24.57,92.05,7.26,0.97
2008-08-16,28.96,24.22,91.4,9.74,0.97
2008-08-17,28.21,24.3,92.63,2.03,0.97
2008-08-18,28.49,23.69,90.8,5.14,0.97
2008-08-19,28.91,23.28,89.05,1.57,0.96
2008-08-20,29.11,23.07,90.0,2.52,0.96
2008-08-21,29.38,23.76,90.36,3.74,0.96
2008-08-22,29.04,23.97,89.87,0.61,0.95
2008-08-23,29.76,23.97,90.02,0.3,0.95
2008-08-24,29.15,24.07,90.64,3.9,0.94
2008-08-25,28.65,24.32,88.72,0.28,0.94
2008-08-26,31.27,24.27,86.23,3.82,0.94
2008-08-27,31.06,24.39,86.37,3.87,0.93
2008-08-28,28.64,24.2,90.67,0.28,0.93
2008-08-29,28.95,24.37,89.52,0.58,0.92
2008-08-30,30.86,23.95,85.46,0.1,0.92
2008-08-31,30.15,24.67,84.59,0.99,0.91
2008-09-01,30.6,24.61,85.72,2.53,0.91
2008-09-02,30.9,24.91,83.35,0.95,0.9
2008-09-03,30.07,24.44,87.16,2.56,0.9
2008-09-04,30.0,24.59,87.96,0.43,0.89
2008-09-05,29.53,24.73,89.28,2.61,0.89
2008-09-06,29.81,23.8,88.14,7.96,0.89
2008-09-07,28.72,24.54,90.5,15.19,0.9
2008-09-08,28.9,24.32,90.24,6.64,0.91
2008-09-09,29.69,24.43,88.99,5.15,0.91
2008-09-10,31.18,24.47,84.48,8.8,0.9
2008-09-11,31.05,24.36,86.03,31.74,0.92
2008-09-12,28.01,25.05,93.57,40.12,0.95
2008-09-13,27.72,23.91,92.63,33.54,0.97
2008-09-14,30.04,23.42,89.72,3.56,0.97
2008-09-15,29.52,24.43,92.78,17.04,0.97
2008-09-16,28.29,24.16,90.91,2.37,0.97
2008-09-17,29.42,24.21,88.73,3.22,0.96
2008-09-18,28.68,24.12,91.08,19.78,0.97
2008-09-19,30.68,23.78,89.26,22.35,0.97
2008-09-20,27.23,23.87,93.17,3.2,0.97
2008-09-21,27.7,23.88,93.4,1.61,0.97
2008-09-22,29.1,23.2,89.17,0.21,0.97
2008-09-23,30.27,22.75,89.54,5.73,0.96
2008-09-24,30.08,23.77,90.2,38.37,0.97
2008-09-25,28.93,24.77,92.45,8.55,0.98
2008-09-26,28.96,24.54,91.21,9.66,0.98
2008-09-27,29.99,23.97,90.25,1.86,0.97
2008-09-28,30.28,22.81,87.61,0.0,0.97
2008-09-29,30.54,23.44,85.61,0.01,0.96
2008-09-30,29.99,23.45,89.24,35.45,0.96
2008-10-01,26.77,23.9,93.03,11.17,0.97
2008-10-02,30.03,23.7,86.46,1.48,0.97
2008-10-03,28.68,23.49,86.84,3.76,0.97
2008-10-04,29.66,24.27,90.54,6.01,0.97
2008-10-05,29.98,23.91,87.17,3.97,0.96
2008-10-06,29.83,23.58,87.47,10.19,0.97
2008-10-07,30.15,23.89,86.66,16.76,0.97
2008-10-08,30.66,23.38,83.43,0.0,0.97
2008-10-09,31.63,23.92,81.47,0.3,0.96
2008-10-10,31.29,24.69,80.99,2.17,0.95
2008-10-11,30.11,24.62,83.19,11.51,0.96
2008-10-12,30.62,25.32,82.71,7.1,0.96
2008-10-13,31.28,24.38,80.8,0.87,0.96
2008-10-14,30.83,25.48,79.37,0.04,0.95
2008-10-15,31.06,24.4,79.13,0.0,0.94
2008-10-16,32.7,23.9,80.27,0.65,0.94
2008-10-17,31.29,25.72,82.98,0.04,0.93
2008-10-18,30.48,24.62,85.81,1.6,0.92
2008-10-19,28.9,24.82,88.52,3.86,0.92
2008-10-20,29.48,24.39,88.82,36.41,0.94
2008-10-21,31.13,24.66,79.85,5.54,0.95
2008-10-22,31.03,24.19,81.69,2.91,0.95
2008-10-23,30.75,24.96,82.62,4.89,0.94
2008-10-24,28.39,24.63,90.39,2.25,0.94
2008-10-25,27.86,24.87,93.47,15.1,0.95
2008-10-26,28.33,24.36,91.19,8.29,0.96
2008-10-27,29.24,24.42,88.23,5.76,0.96
2008-10-28,28.42,24.17,86.02,0.9,0.95
2008-10-29,29.45,23.56,85.88,1.11,0.94
2008-10-30,30.58,24.04,83.57,10.73,0.95
2008-10-31,29.92,24.17,86.86,24.02,0.96
2008-11-01,29.97,23.95,88.21,27.52,0.97
2008-11-02,29.37,23.78,89.23,0.25,0.97
2008-11-03,29.55,23.79,87.89,1.18,0.96
2008-11-04,30.02,23.14,84.89,0.22,0.96
2008-11-05,30.63,23.24,83.48,1.45,0.95
2008-11-06,30.37,23.37,86.82,2.54,0.95
2008-11-07,30.69,23.53,85.03,10.46,0.95
2008-11-08,31.51,23.58,84.06,1.85,0.95
2008-11-09,30.35,23.38,84.24,0.0,0.94
2008-11-10,27.9,20.35,84.39,0.0,0.93
2008-11-11,27.26,18.59,84.24,0.0,0.92
2008-11-12,27.01,18.05,84.12,0.0,0.91
2008-11-13,26.98,19.34,84.57,0.0,0.9
2008-11-14,26.36,18.77,84.87,0.0,0.89
2008-11-15,27.43,18.15,81.65,0.0,0.89
2008-11-16,29.22,17.48,77.09,0.0,0.88
2008-11-17,30.55,19.34,74.59,0.0,0.87
2008-11-18,30.11,22.65,83.81,0.0,0.86
2008-11-19,28.82,22.78,87.28,0.0,0.85
2008-11-20,26.22,22.03,85.47,0.48,0.84
2008-11-21,29.32,21.39,82.43,1.06,0.84
2008-11-22,30.56,22.28,80.78,0.0,0.83
2008-11-23,31.14,22.16,81.86,0.0,0.82
2008-11-24,30.36,22.69,81.97,0.0,0.81
2008-11-25,29.68,22.12,84.44,0.0,0.8
2008-11-26,29.37,22.26,84.44,0.0,0.8
2008-11-27,27.35,21.28,86.87,0.0,0.79
2008-11-28,26.22,19.11,83.04,0.0,0.78
2008-11-29,24.68,17.87,84.43,0.0,0.78
2008-11-30,25.14,15.69,82.55,0.0,0.77
2008-12-01,25.11,14.65,82.85,0.0,0.76
2008-12-02,25.56,14.46,80.19,0.0,0.76
2008-12-03,27.29,15.4,76.99,0.0,0.75
2008-12-04,28.15,16.05,78.03,0.0,0.74
2008-12-05,27.91,17.25,84.88,0.0,0.73
2008-12-06,27.49,17.72,85.18,0.0,0.73
2008-12-07,27.44,17.41,83.65,0.0,0.72
2008-12-08,28.22,17.58,83.63,0.0,0.71
2008-12-09,28.14,17.94,80.04,0.0,0.71
2008-12-10,28.1,18.32,75.65,0.0,0.7
2008-12-11,28.2,17.61,76.94,0.0,0.7
2008-12-12,28.54,18.01,77.19,0.0,0.69
2008-12-13,29.37,18.36,75.86,0.0,0.68
2008-12-14,29.97,18.0,79.63,0.0,0.68
2008-12-15,28.89,18.64,80.33,0.0,0.67
2008-12-16,28.74,17.69,78.57,0.0,0.67
2008-12-17,28.63,17.82,77.89,0.0,0.66
2008-12-18,28.61,17.36,78.12,0.0,0.66
2008-12-19,27.68,17.52,77.98,0.0,0.65
2008-12-20,27.7,16.89,75.11,0.0,0.65
2008-12-21,27.98,16.53,73.58,0.0,0.64
2008-12-22,28.99,15.85,72.65,0.0,0.64
2008-12-23,29.53,17.03,75.42,0.0,0.63
2008-12-24,29.77,18.01,74.9,0.0,0.63
2008-12-25,29.74,17.98,73.84,0.52,0.62
2008-12-26,29.21,19.09,79.18,5.22,0.62
2008-12-27,29.84,19.06,78.04,0.02,0.62
2008-12-28,30.04,17.39,68.31,0.0,0.62
2008-12-29,29.98,16.21,66.41,0.0,0.61
2008-12-30,30.78,15.24,61.42,0.0,0.61
2008-12-31,30.97,15.6,58.82,0.0,0.6
2009-01-01,30.63,16.85,70.43,0.0,0.6
2009-01-02,28.81,18.84,77.78,0.0,0.59
2009-01-03,29.83,17.51,73.14,0.0,0.59
2009-01-04,30.14,19.15,70.26,0.0,0.59
2009-01-05,29.94,17.65,69.57,0.0,0.58
2009-01-06,30.24,18.79,67.38,0.0,0.58
2009-01-07,30.18,17.48,66.98,0.0,0.57
2009-01-08,31.27,17.17,64.57,0.0,0.57
2009-01-09,31.03,16.83,69.52,0.0,0.56
2009-01-10,27.89,18.91,70.46,0.0,0.56
2009-01-11,28.51,16.87,66.25,0.0,0.56
2009-01-12,29.32,17.45,64.76,0.0,0.55
2009-01-13,27.36,16.19,66.41,0.0,0.55
2009-01-14,27.24,13.78,66.38,0.0,0.55
2009-01-15,26.52,14.46,67.71,0.0,0.54
2009-01-16,27.61,13.31,64.97,0.0,0.54
2009-01-17,28.39,13.3,61.68,0.0,0.54
2009-01-18,29.02,14.74,60.19,0.0,0.54
2009-01-19,30.12,14.59,61.21,0.0,0.53
2009-01-20,31.42,15.65,63.34,0.0,0.53
2009-01-21,31.55,16.56,68.51,0.0,0.53
2009-01-22,32.08,16.65,67.21,0.0,0.52
2009-01-23,32.25,17.79,67.04,0.0,0.52
2009-01-24,32.36,17.63,66.8,0.0,0.52
2009-01-25,33.65,18.67,66.64,0.0,0.51
2009-01-26,33.73,20.14,64.74,0.0,0.51
2009-01-27,34.02,17.82,55.84,0.0,0.51
2009-01-28,33.49,17.34,65.57,0.0,0.5
2009-01-29,33.83,17.7,64.83,0.0,0.5
2009-01-30,34.41,19.25,64.25,0.0,0.5
2009-01-31,33.92,18.17,58.96,0.0,0.49
2009-02-01,33.97,17.97,59.13,0.0,0.49
2009-02-02,33.88,17.95,59.97,0.0,0.49
2009-02-03,34.16,18.23,52.15,0.0,0.49
2009-02-04,33.87,16.72,52.13,0.0,0.48
2009-02-05,33.96,17.1,50.99,0.0,0.48
2009-02-06,34.76,17.35,55.68,0.0,0.48
2009-02-07,34.14,21.29,60.09,0.0,0.48
2009-02-08,35.27,20.78,56.98,0.0,0.48
2009-02-09,36.05,19.83,48.78,0.0,0.47
2009-02-10,36.27,19.75,48.92,0.0,0.47
2009-02-11,36.09,20.55,50.08,0.0,0.47
2009-02-12,35.53,20.36,47.36,0.0,0.47
2009-02-13,35.04,16.85,55.11,0.0,0.47
2009-02-14,35.69,18.96,54.97,0.0,0.47
2009-02-15,35.75,18.73,57.39,0.0,0.47
2009-02-16,35.78,20.52,61.12,0.0,0.47
2009-02-17,37.02,21.67,61.94,0.0,0.47
2009-02-18,37.57,22.09,60.7,0.0,0.46
2009-02-19,37.76,23.11,57.13,0.0,0.46
2009-02-20,38.97,24.55,52.48,0.0,0.46
2009-02-21,39.48,24.61,43.62,0.17,0.46
2009-02-22,39.0,22.3,37.48,0.0,0.46
2009-02-23,38.62,20.51,35.87,0.0,0.46
2009-02-24,38.09,19.61,39.68,0.0,0.46
2009-02-25,38.93,19.43,41.91,0.0,0.46
2009-02-26,39.43,21.21,39.9,0.0,0.46
2009-02-27,39.68,20.3,40.03,0.0,0.46
2009-02-28,39.55,20.49,40.7,0.0,0.46
2009-03-01,39.33,20.0,45.69,0.0,0.46
2009-03-02,39.06,21.4,46.15,0.01,0.46
2009-03-03,39.38,21.58,36.44,0.07,0.46
2009-03-04,38.65,20.45,36.31,0.0,0.46
2009-03-05,38.58,19.97,48.44,0.0,0.46
2009-03-06,38.45,20.34,47.81,0.0,0.46
2009-03-07,39.03,20.36,45.29,0.0,0.46
2009-03-08,38.98,20.94,52.01,0.0,0.46
2009-03-09,39.61,20.86,47.72,0.0,0.46
2009-03-10,40.26,20.59,45.05,0.0,0.46
2009-03-11,39.74,22.53,44.88,0.0,0.46
2009-03-12,38.79,22.96,51.13,0.0,0.46
2009-03-13,39.37,24.29,49.55,0.0,0.46
2009-03-14,35.19,26.53,55.35,0.0,0.46
2009-03-15,33.85,25.12,56.04,0.0,0.46
2009-03-16,31.82,25.76,62.48,0.0,0.46
2009-03-17,32.9,24.22,65.38,12.61,0.47
2009-03-18,32.35,23.69,66.16,1.42,0.48
2009-03-19,37.12,23.77,59.02,0.04,0.48
2009-03-20,35.83,24.04,65.4,8.6,0.48
2009-03-21,37.79,23.47,61.24,0.0,0.48
2009-03-22,37.4,23.08,60.11,0.03,0.48
2009-03-23,36.0,24.67,67.61,10.72,0.49
2009-03-24,36.69,24.62,66.58,4.1,0.49
2009-03-25,38.44,23.83,59.28,0.51,0.49
2009-03-26,37.75,24.23,57.82,1.11,0.48
2009-03-27,37.4,22.85,56.47,0.05,0.48
2009-03-28,37.78,23.34,54.42,0.0,0.48
2009-03-29,38.72,22.85,48.12,0.0,0.47
2009-03-30,39.28,21.75,43.9,0.0,0.47
2009-03-31,39.13,22.34,51.89,1.84,0.47
2009-04-01,38.28,24.02,57.28,0.0,0.47
2009-04-02,39.73,24.41,43.23,0.0,0.47
2009-04-03,39.83,23.26,40.9,0.0,0.46
2009-04-04,40.61,22.53,37.27,0.0,0.46
2009-04-05,40.25,23.11,41.86,0.0,0.46
2009-04-06,40.48,23.81,45.22,0.0,0.46
2009-04-07,40.46,25.36,49.87,0.45,0.46
2009-04-08,39.39,25.58,55.11,1.82,0.46
2009-04-09,39.83,26.39,55.6,5.14,0.46
2009-04-10,38.72,26.56,56.46,0.52,0.47
2009-04-11,35.02,27.35,66.02,1.05,0.47
2009-04-12,34.86,26.47,67.68,0.01,0.47
2009-04-13,33.39,26.68,69.02,0.13,0.47
2009-04-14,34.46,26.26,68.98,1.46,0.47
2009-04-15,35.51,26.27,67.28,0.91,0.47
2009-04-16,35.86,26.66,67.24,1.46,0.47
2009-04-17,32.46,27.16,75.0,4.37,0.47
2009-04-18,33.49,26.33,77.51,14.23,0.49
2009-04-19,35.59,26.1,71.54,8.16,0.5
2009-04-20,37.82,25.33,64.0,1.55,0.5
2009-04-21,37.97,25.48,60.74,0.1,0.5
2009-04-22,39.12,25.27,59.49,0.0,0.49
2009-04-23,39.01,26.02,56.87,0.0,0.49
2009-04-24,39.85,26.31,55.99,0.0,0.48
2009-04-25,39.29,26.78,58.24,1.23,0.48
2009-04-26,30.34,26.12,79.0,10.9,0.49
2009-04-27,36.17,25.22,68.24,0.21,0.5
2009-04-28,37.63,25.96,62.37,1.5,0.49
2009-04-29,37.7,26.49,61.53,2.38,0.49
2009-04-30,37.79,26.27,61.58,0.01,0.49
2009-05-01,38.54,26.81,59.47,1.31,0.48
2009-05-02,35.53,26.62,65.72,12.66,0.49
2009-05-03,36.19,26.03,67.37,6.59,0.51
2009-05-04,37.53,25.66,61.05,0.16,0.5
2009-05-05,36.49,26.61,62.54,0.0,0.5
2009-05-06,38.42,26.92,60.4,0.0,0.49
2009-05-07,38.34,27.25,58.77,0.0,0.49
2009-05-08,39.51,27.14,56.0,0.0,0.48
2009-05-09,40.15,26.76,54.78,0.03,0.48
2009-05-10,36.66,26.99,64.29,6.08,0.49
2009-05-11,34.47,27.5,67.58,2.77,0.49
2009-05-12,32.08,27.06,79.7,23.57,0.51
2009-05-13,30.59,26.4,82.91,30.62,0.56
2009-05-14,31.08,25.61,81.71,35.02,0.62
2009-05-15,29.96,25.64,83.31,10.88,0.64
2009-05-16,30.37,25.4,81.32,2.13,0.64
2009-05-17,32.18,24.79,79.66,4.96,0.64
2009-05-18,30.79,25.73,82.65,2.34,0.64
2009-05-19,31.25,25.67,83.91,23.22,0.66
2009-05-20,30.14,25.15,85.51,5.0,0.67
2009-05-21,33.33,24.9,77.03,0.19,0.67
2009-05-22,30.34,25.56,86.21,0.62,0.66
2009-05-23,29.22,25.98,87.47,1.21,0.66
2009-05-24,29.5,26.28,89.18,19.61,0.68
2009-05-25,29.74,26.46,90.5,7.56,0.7
2009-05-26,30.33,25.87,89.04,0.86,0.69
2009-05-27,33.56,24.93,78.07,4.13,0.69
2009-05-28,30.4,24.01,84.08,6.88,0.69
2009-05-29,31.45,23.15,81.46,12.31,0.71
2009-05-30,32.26,24.85,80.7,4.27,0.71
2009-05-31,29.42,25.23,88.13,12.98,0.71
2009-06-01,30.98,24.95,84.9,6.79,0.72
2009-06-02,29.47,25.3,88.12,10.89,0.73
2009-06-03,31.9,25.06,78.85,5.42,0.74
2009-06-04,28.42,24.83,90.09,22.47,0.75
2009-06-05,27.99,24.89,92.68,62.87,0.8
2009-06-06,28.16,25.35,91.34,55.94,0.88
2009-06-07,28.83,26.06,92.77,25.05,0.91
2009-06-08,29.48,25.17,87.88,28.47,0.93
2009-06-09,30.26,25.01,88.76,3.65,0.93
2009-06-10,30.06,24.12,88.05,0.43,0.93
2009-06-11,28.7,24.94,90.26,6.2,0.92
2009-06-12,27.87,24.56,93.5,11.95,0.93
2009-06-13,29.64,24.3,87.68,7.31,0.93
2009-06-14,31.38,24.26,84.74,5.39,0.93
2009-06-15,30.1,24.95,88.56,0.71,0.92
2009-06-16,29.76,25.42,91.01,13.57,0.92
2009-06-17,28.07,24.75,91.74,25.24,0.94
2009-06-18,29.31,24.18,90.71,13.22,0.95
2009-06-19,30.29,24.97,89.13,7.22,0.95
2009-06-20,29.21,25.02,91.72,15.81,0.95
2009-06-21,28.4,24.76,91.88,6.36,0.96
2009-06-22,28.49,24.63,91.21,5.47,0.95
2009-06-23,29.52,24.59,89.46,11.05,0.96
2009-06-24,29.12,25.23,89.85,1.17,0.95
2009-06-25,30.03,25.17,90.7,20.48,0.96
2009-06-26,29.3,25.01,91.29,4.94,0.96
2009-06-27,29.08,24.82,92.58,4.04,0.96
2009-06-28,28.98,24.44,92.16,7.02,0.96
2009-06-29,29.64,24.58,90.03,2.79,0.96
2009-06-30,28.58,24.89,91.79,11.39,0.96
2009-07-01,28.36,24.28,92.0,17.7,0.96
2009-07-02,28.78,25.0,91.75,3.29,0.96
2009-07-03,28.71,24.67,91.24,2.3,0.96
2009-07-04,28.97,24.67,92.01,7.03,0.96
2009-07-05,27.72,25.07,93.78,26.69,0.97
2009-07-06,27.5,24.39,92.58,17.85,0.98
2009-07-07,27.7,23.89,90.66,0.09,0.97
2009-07-08,28.48,24.0,92.17,1.11,0.97
2009-07-09,28.25,24.31,90.43,6.33,0.97
2009-07-10,30.59,23.94,88.08,8.09,0.97
2009-07-11,30.4,24.27,89.95,28.22,0.97
2009-07-12,29.28,25.6,92.07,7.07,0.97
2009-07-13,27.23,25.38,94.02,33.47,0.99
2009-07-14,27.95,24.43,92.16,10.02,0.98
2009-07-15,29.66,24.75,90.71,3.88,0.98
2009-07-16,29.86,25.14,89.81,6.57,0.98
2009-07-17,30.04,24.84,90.05,5.28,0.97
2009-07-18,29.01,25.11,92.15,9.55,0.98
2009-07-19,28.15,24.99,91.87,18.79,0.98
2009-07-20,29.08,25.97,92.65,13.96,0.98
2009-07-21,29.59,25.47,91.12,4.43,0.98
2009-07-22,30.52,25.05,90.33,5.44,0.98
2009-07-23,28.55,24.8,90.8,0.46,0.97
2009-07-24,29.11,24.75,91.71,0.8,0.97
2009-07-25,28.68,24.82,92.57,6.32,0.97
2009-07-26,29.35,24.94,89.95,13.12,0.97
2009-07-27,29.85,24.78,90.17,10.78,0.97
2009-07-28,30.5,25.01,89.16,16.86,0.97
2009-07-29,29.03,25.18,91.15,15.09,0.98
2009-07-30,28.93,25.04,91.0,52.61,0.99
2009-07-31,29.41,25.02,90.61,21.03,0.99
2009-08-01,28.21,24.83,92.03,2.23,0.99
2009-08-02,30.13,24.68,89.17,2.29,0.98
2009-08-03,29.67,24.67,91.23,2.93,0.98
2009-08-04,30.22,24.86,90.02,7.0,0.97
2009-08-05,30.69,24.82,90.49,5.4,0.97
2009-08-06,28.16,25.28,93.05,37.77,0.98
2009-08-07,29.06,24.71,91.33,27.99,0.99
2009-08-08,29.35,24.52,90.73,21.56,0.99
2009-08-09,29.33,24.71,91.07,8.89,0.99
2009-08-10,30.32,24.1,88.18,3.01,0.98
2009-08-11,30.14,24.02,88.53,1.59,0.98
2009-08-12,30.98,23.87,86.05,0.84,0.97
2009-08-13,30.38,25.14,89.06,1.4,0.97
2009-08-14,29.81,25.26,89.59,0.0,0.96
2009-08-15,30.84,24.68,87.37,0.19,0.96
2009-08-16,31.52,24.32,85.12,2.1,0.95
2009-08-17,29.39,24.51,87.74,16.87,0.96
2009-08-18,31.85,23.77,81.29,8.16,0.96
2009-08-19,31.37,24.11,82.13,5.3,0.95
2009-08-20,29.52,24.39,87.34,0.93,0.95
2009-08-21,29.69,24.48,88.93,2.56,0.95
2009-08-22,29.2,24.21,91.01,22.86,0.96
2009-08-23,28.7,24.96,90.98,11.37,0.96
2009-08-24,28.28,24.67,91.75,24.25,0.97
2009-08-25,29.17,24.42,90.2,0.44,0.97
2009-08-26,30.1,24.68,88.38,1.61,0.96
2009-08-27,30.62,24.48,87.43,15.08,0.96
2009-08-28,28.46,24.96,91.6,27.87,0.98
2009-08-29,30.42,24.8,87.98,13.03,0.98
2009-08-30,29.27,25.3,90.82,80.64,0.99
2009-08-31,28.3,24.73,92.69,38.11,1.0
2009-09-01,27.92,24.8,93.16,3.86,1.0
2009-09-02,28.53,24.45,94.23,7.57,0.99
2009-09-03,28.17,24.71,93.87,4.79,0.99
2009-09-04,28.48,25.34,93.17,26.41,1.0
2009-09-05,29.57,25.02,91.86,9.4,1.0
2009-09-06,29.09,24.89,93.09,2.95,0.99
2009-09-07,27.65,24.94,94.29,2.81,0.99
2009-09-08,29.31,24.5,91.3,0.9,0.99
2009-09-09,30.45,23.77,87.45,0.52,0.98
2009-09-10,30.66,24.02,88.73,9.54,0.98
2009-09-11,30.91,24.89,89.11,0.26,0.98
2009-09-12,30.81,25.04,89.22,0.35,0.97
2009-09-13,30.22,25.16,90.39,3.77,0.97
2009-09-14,29.52,25.43,91.58,5.13,0.97
2009-09-15,28.9,24.69,91.06,2.05,0.97
2009-09-16,30.6,24.52,88.9,12.52,0.97
2009-09-17,29.27,24.88,90.63,10.53,0.97
2009-09-18,29.32,24.46,91.05,1.69,0.97
2009-09-19,30.23,24.39,87.09,0.44,0.96
2009-09-20,30.95,24.04,86.66,4.62,0.96
2009-09-21,30.04,24.36,87.58,2.27,0.96
2009-09-22,30.26,24.8,87.96,2.78,0.95
2009-09-23,28.0,24.31,91.47,2.46,0.95
2009-09-24,31.08,23.43,87.53,7.06,0.95
2009-09-25,28.69,24.69,92.1,39.41,0.97
2009-09-26,30.0,24.28,88.52,27.97,0.98
2009-09-27,27.48,24.86,93.75,17.43,0.99
2009-09-28,28.11,24.96,92.88,1.28,0.98
2009-09-29,28.82,24.48,91.21,10.38,0.98
2009-09-30,30.62,24.17,86.73,12.11,0.98
2009-10-01,30.14,23.8,88.07,16.37,0.98
2009-10-02,29.18,25.2,91.48,23.13,0.99
2009-10-03,27.65,25.27,93.96,13.91,0.99
2009-10-04,30.04,24.97,91.19,7.67,0.99
2009-10-05,29.23,24.76,91.6,36.09,1.0
2009-10-06,30.61,24.89,88.44,2.54,0.99
2009-10-07,30.44,24.52,89.41,0.0,0.99
2009-10-08,30.35,24.49,88.66,0.0,0.98
2009-10-09,29.97,24.0,88.41,0.07,0.98
2009-10-10,29.88,24.27,88.77,0.68,0.98
2009-10-11,30.11,24.48,88.34,5.51,0.97
2009-10-12,29.84,24.7,87.58,20.61,0.99
2009-10-13,28.75,24.58,89.23,1.96,0.98
2009-10-14,29.32,23.7,89.56,0.46,0.98
2009-10-15,28.97,24.74,89.81,3.81,0.98
2009-10-16,30.55,24.1,86.66,19.28,0.98
2009-10-17,29.0,24.69,91.15,9.59,0.99
2009-10-18,28.44,24.44,92.37,4.7,0.98
2009-10-19,28.64,23.9,92.05,23.71,0.99
2009-10-20,28.72,24.17,89.69,7.01,0.99
2009-10-21,29.64,24.45,86.1,2.73,0.99
2009-10-22,30.46,24.25,86.21,3.8,0.99
2009-10-23,29.75,24.88,88.93,0.52,0.98
2009-10-24,28.35,24.32,90.89,0.6,0.98
2009-10-25,30.69,24.17,86.37,0.11,0.98
2009-10-26,28.15,24.61,90.42,0.02,0.97
2009-10-27,30.22,24.21,87.11,0.0,0.97
2009-10-28,29.69,24.51,86.05,0.0,0.97
2009-10-29,31.15,23.58,83.1,0.0,0.96
2009-10-30,31.19,24.35,78.57,0.0,0.96
2009-10-31,31.6,23.74,78.57,0.0,0.95
2009-11-01,30.84,24.09,81.4,0.0,0.95
2009-11-02,29.55,23.2,85.54,0.0,0.94
2009-11-03,27.11,22.02,83.99,0.85,0.93
2009-11-04,27.24,20.44,81.92,0.03,0.92
2009-11-05,28.85,21.04,85.42,0.0,0.91
2009-11-06,29.76,21.26,82.49,0.0,0.9
2009-11-07,30.6,20.92,81.75,0.0,0.89
2009-11-08,30.93,21.48,77.67,0.0,0.88
2009-11-09,31.25,21.73,79.69,0.0,0.87
2009-11-10,31.63,22.26,80.76,0.0,0.86
2009-11-11,31.45,22.56,79.66,0.0,0.86
2009-11-12,31.68,22.2,80.61,0.0,0.85
2009-11-13,31.9,22.02,79.92,0.0,0.84
2009-11-14,31.99,22.59,81.76,0.0,0.83
2009-11-15,31.05,21.78,81.43,0.0,0.82
2009-11-16,31.77,22.62,81.55,0.0,0.81
2009-11-17,32.48,22.31,79.76,0.15,0.8
2009-11-18,27.46,22.96,87.08,0.0,0.8
2009-11-19,28.82,22.87,84.56,0.0,0.79
2009-11-20,28.79,21.94,82.12,0.0,0.79
2009-11-21,29.22,21.32,84.36,0.0,0.78
2009-11-22,27.88,20.1,83.3,0.0,0.77
2009-11-23,28.02,18.97,78.12,0.0,0.76
2009-11-24,28.81,19.42,76.67,0.0,0.75
2009-11-25,28.77,19.39,79.05,0.0,0.74
2009-11-26,28.58,20.14,74.62,0.0,0.74
2009-11-27,28.58,19.61,74.5,0.0,0.73
2009-11-28,28.83,18.35,78.3,0.0,0.72
2009-11-29,29.4,18.24,80.66,0.0,0.71
2009-11-30,29.81,19.43,80.64,0.0,0.71
2009-12-01,29.6,18.91,78.82,0.0,0.7
2009-12-02,29.39,19.25,78.8,0.0,0.7
2009-12-03,29.14,18.35,77.46,0.0,0.69
2009-12-04,28.96,17.73,76.65,0.0,0.68
2009-12-05,28.43,17.65,75.03,0.0,0.67
2009-12-06,28.46,18.02,74.84,0.0,0.67
2009-12-07,28.82,19.59,72.62,0.0,0.66
2009-12-08,28.69,19.42,76.6,0.0,0.66
2009-12-09,28.9,18.62,76.91,0.0,0.65
2009-12-10,29.31,17.35,78.09,0.0,0.65
2009-12-11,29.27,17.82,75.87,0.0,0.64
2009-12-12,29.8,16.75,73.84,0.0,0.64
2009-12-13,30.14,18.14,73.26,0.0,0.63
2009-12-14,30.82,18.24,69.86,0.0,0.63
2009-12-15,30.91,18.36,73.52,0.0,0.62
2009-12-16,31.22,19.29,75.16,0.0,0.62
2009-12-17,31.97,20.24,72.75,0.0,0.61
2009-12-18,32.12,19.06,72.96,0.0,0.61
2009-12-19,31.6,20.14,74.05,0.0,0.6
2009-12-20,31.99,21.04,72.86,0.0,0.6
2009-12-21,31.34,22.61,73.44,0.0,0.59
2009-12-22,30.38,21.92,71.71,0.0,0.59
2009-12-23,30.31,20.76,70.94,0.0,0.59
2009-12-24,31.27,19.68,71.06,0.0,0.58
2009-12-25,30.93,19.37,66.81,0.0,0.58
2009-12-26,30.5,16.66,56.91,0.0,0.57
2009-12-27,29.82,15.79,57.49,0.0,0.57
2009-12-28,30.28,15.81,63.63,0.0,0.57
2009-12-29,29.46,15.7,58.0,0.0,0.56
2009-12-30,31.24,15.71,63.7,0.0,0.56
2009-12-31,31.92,17.45,67.02,0.0,0.55
2010-01-01,32.45,18.06,54.97,0.0,0.55
2010-01-02,32.58,15.98,61.33,0.0,0.55
2010-01-03,32.74,15.93,58.13,0.0,0.54
2010-01-04,33.46,16.82,56.69,0.0,0.54
2010-01-05,33.43,18.55,61.94,0.0,0.54
2010-01-06,32.24,19.72,69.28,3.82,0.54
2010-01-07,32.11,22.71,76.96,7.83,0.54
2010-01-08,32.85,22.57,73.31,0.0,0.55
2010-01-09,33.13,22.1,70.53,0.0,0.54
2010-01-10,33.59,20.46,65.18,0.0,0.54
2010-01-11,33.23,19.8,65.17,0.0,0.53
2010-01-12,33.67,19.92,64.63,0.0,0.53
2010-01-13,33.78,18.57,64.46,0.0,0.53
2010-01-14,32.89,21.18,70.31,0.0,0.52
2010-01-15,33.26,21.59,70.85,0.0,0.52
2010-01-16,32.84,21.15,69.41,0.0,0.52
2010-01-17,31.95,21.97,68.03,0.0,0.51
2010-01-18,31.51,22.1,66.63,0.0,0.51
2010-01-19,32.37,22.03,62.73,0.0,0.51
2010-01-20,33.12,20.25,63.42,0.0,0.51
2010-01-21,33.97,19.04,62.41,0.0,0.5
2010-01-22,34.72,20.41,61.42,0.0,0.5
2010-01-23,34.74,21.65,63.5,0.0,0.5
2010-01-24,34.68,21.83,64.92,0.45,0.49
2010-01-25,33.97,22.21,67.76,0.7,0.49
2010-01-26,33.19,22.94,70.7,2.73,0.49
2010-01-27,34.46,21.13,60.51,0.0,0.49
2010-01-28,35.15,21.01,55.36,0.0,0.49
2010-01-29,35.18,19.05,53.15,0.0,0.48
2010-01-30,35.15,20.15,55.76,0.0,0.48
2010-01-31,34.76,21.01,53.75,0.0,0.48
2010-02-01,34.77,19.53,50.48,0.0,0.48
2010-02-02,34.73,18.31,48.96,0.0,0.47
2010-02-03,35.21,18.22,45.6,0.0,0.47
2010-02-04,35.5,18.35,44.82,0.0,0.47
2010-02-05,34.03,18.07,38.32,0.0,0.47
2010-02-06,36.07,16.99,38.04,0.0,0.47
2010-02-07,36.19,16.72,41.95,0.0,0.47
2010-02-08,36.52,17.7,48.01,0.0,0.47
2010-02-09,36.77,18.78,47.12,0.0,0.46
2010-02-10,37.22,19.99,47.97,0.0,0.46
2010-02-11,37.76,21.14,44.86,0.0,0.46
2010-02-12,37.63,20.72,41.99,0.0,0.46
2010-02-13,37.89,20.58,42.78,0.0,0.46
2010-02-14,37.43,18.87,36.41,0.0,0.46
2010-02-15,37.87,19.36,38.74,0.0,0.46
2010-02-16,38.51,20.06,40.48,0.0,0.46
2010-02-17,38.17,19.67,47.56,0.0,0.46
2010-02-18,38.36,20.86,41.18,0.0,0.46
2010-02-19,36.97,22.11,39.65,0.0,0.46
2010-02-20,35.67,19.81,43.03,0.0,0.46
2010-02-21,36.08,18.24,40.53,0.0,0.46
2010-02-22,36.57,17.91,43.37,0.0,0.46
2010-02-23,36.03,18.46,47.68,0.0,0.46
2010-02-24,35.29,18.42,50.26,0.0,0.46
2010-02-25,37.01,18.84,47.47,0.0,0.46
2010-02-26,38.2,19.55,41.56,0.0,0.46
2010-02-27,38.07,20.4,50.2,0.0,0.46
2010-02-28,37.41,20.3,49.12,0.0,0.46
2010-03-01,38.04,20.57,50.81,0.0,0.46
2010-03-02,37.98,20.32,51.17,0.0,0.46
2010-03-03,37.81,19.55,49.56,0.0,0.46
2010-03-04,37.6,19.4,45.56,0.0,0.46
2010-03-05,37.3,19.04,46.88,0.0,0.46
2010-03-06,38.62,20.14,49.71,0.0,0.46
2010-03-07,39.47,21.58,48.44,0.0,0.46
2010-03-08,40.47,22.06,49.69,0.0,0.46
2010-03-09,40.28,23.1,52.59,0.0,0.46
2010-03-10,39.06,24.36,55.8,0.0,0.46
2010-03-11,37.78,24.41,57.74,0.0,0.46
2010-03-12,38.98,22.89,39.97,0.0,0.46
2010-03-13,38.65,20.98,46.55,0.0,0.46
2010-03-14,38.91,22.17,48.61,0.0,0.46
2010-03-15,39.99,22.6,42.25,0.0,0.45
2010-03-16,40.0,24.12,45.71,0.0,0.45
2010-03-17,41.04,23.99,42.45,0.0,0.45
2010-03-18,39.59,26.95,48.08,0.0,0.45
2010-03-19,40.0,27.47,41.77,0.0,0.45
2010-03-20,40.92,24.73,33.54,0.0,0.45
2010-03-21,40.07,22.54,42.88,0.0,0.45
2010-03-22,40.6,22.56,44.91,0.0,0.45
2010-03-23,39.54,22.99,43.22,0.0,0.45
2010-03-24,40.45,23.28,40.37,0.0,0.45
2010-03-25,40.78,22.78,35.67,0.0,0.45
2010-03-26,41.42,22.61,44.65,0.0,0.45
2010-03-27,39.45,24.25,50.98,2.12,0.46
2010-03-28,39.99,25.26,48.81,0.1,0.46
2010-03-29,39.66,26.3,48.29,0.0,0.46
2010-03-30,39.81,25.88,47.19,0.0,0.46
2010-03-31,39.57,26.83,47.35,0.0,0.46
2010-04-01,39.72,26.98,49.69,0.0,0.46
2010-04-02,38.62,27.16,48.18,0.05,0.46
2010-04-03,42.33,25.22,43.38,0.1,0.46
2010-04-04,42.92,25.77,41.78,0.0,0.46
2010-04-05,43.49,26.09,38.69,0.0,0.46
2010-04-06,42.92,24.04,39.5,0.0,0.46
2010-04-07,42.7,25.32,38.21,0.0,0.46
2010-04-08,43.4,25.81,38.61,0.0,0.46
2010-04-09,43.24,26.54,39.28,0.0,0.46
2010-04-10,41.88,24.8,38.21,0.0,0.46
2010-04-11,41.23,24.77,44.17,0.0,0.46
2010-04-12,41.18,25.37,49.65,0.0,0.46
2010-04-13,41.76,25.34,49.74,0.0,0.46
2010-04-14,41.57,26.42,45.3,0.0,0.46
2010-04-15,42.31,25.38,45.21,0.0,0.46
2010-04-16,41.52,26.31,44.6,0.0,0.45
2010-04-17,41.58,25.74,48.29,1.23,0.46
2010-04-18,41.66,26.05,42.67,0.0,0.46
2010-04-19,40.97,26.58,44.19,0.0,0.46
2010-04-20,41.48,26.23,45.29,0.0,0.46
2010-04-21,41.26,26.66,48.67,0.0,0.46
2010-04-22,42.02,27.45,44.77,0.0,0.46
2010-04-23,42.89,28.39,41.72,0.0,0.46
2010-04-24,41.87,28.08,45.84,0.03,0.46
2010-04-25,41.12,28.94,43.82,0.0,0.46
2010-04-26,41.28,29.07,40.34,0.07,0.46
2010-04-27,38.76,27.81,49.31,0.42,0.46
2010-04-28,39.27,28.79,42.57,0.08,0.46
2010-04-29,42.03,26.68,43.37,0.03,0.46
2010-04-30,42.33,29.04,40.62,0.3,0.46
2010-05-01,42.05,28.27,44.17,0.36,0.46
2010-05-02,42.61,28.68,42.73,0.39,0.46
2010-05-03,42.83,28.82,41.94,0.0,0.46
2010-05-04,43.04,28.01,41.56,0.0,0.46
2010-05-05,42.22,27.94,44.08,0.0,0.46
2010-05-06,41.53,27.95,42.23,0.0,0.46
2010-05-07,42.96,29.57,40.56,0.0,0.46
2010-05-08,40.78,30.1,45.78,0.0,0.46
2010-05-09,43.24,29.35,43.43,0.0,0.46
2010-05-10,42.98,29.13,43.99,0.0,0.46
2010-05-11,42.08,28.6,46.72,5.48,0.46
2010-05-12,40.99,29.56,48.59,0.0,0.46
2010-05-13,39.39,30.41,48.84,0.0,0.46
2010-05-14,42.48,30.11,44.96,0.0,0.46
2010-05-15,42.05,29.89,46.75,0.0,0.46
2010-05-16,36.45,30.21,57.11,1.9,0.46
2010-05-17,34.41,28.33,69.12,14.99,0.48
2010-05-18,33.87,26.3,71.52,1.23,0.49
2010-05-19,32.71,27.14,72.58,2.65,0.49
2010-05-20,36.65,26.08,67.34,5.07,0.49
2010-05-21,33.79,27.15,69.47,1.12,0.49
2010-05-22,35.91,25.98,67.65,6.4,0.49
2010-05-23,34.65,25.79,73.83,14.97,0.51
2010-05-24,34.09,26.02,75.78,5.75,0.52
2010-05-25,32.49,26.58,80.81,18.68,0.54
2010-05-26,34.39,26.38,67.16,1.68,0.55
2010-05-27,35.7,25.77,62.7,0.2,0.54
2010-05-28,36.97,26.13,61.56,0.36,0.53
2010-05-29,36.08,26.54,67.88,4.38,0.53
2010-05-30,35.12,25.96,71.98,5.92,0.53
2010-05-31,35.14,26.07,72.55,11.07,0.54
2010-06-01,37.04,26.04,67.98,1.59,0.55
2010-06-02,35.06,27.08,70.21,0.0,0.54
2010-06-03,37.0,26.48,66.64,0.01,0.54
2010-06-04,36.4,27.46,66.39,0.47,0.53
2010-06-05,33.17,27.43,70.4,0.44,0.53
2010-06-06,31.48,26.55,76.44,12.42,0.54
2010-06-07,33.07,26.3,79.63,3.4,0.55
2010-06-08,33.52,26.82,77.03,8.31,0.56
2010-06-09,32.88,26.07,81.79,9.28,0.57
2010-06-10,33.62,25.37,78.57,7.59,0.57
2010-06-11,31.97,26.95,82.38,3.59,0.58
2010-06-12,31.32,26.49,82.22,1.73,0.58
2010-06-13,31.65,26.34,83.05,4.71,0.58
2010-06-14,33.41,26.05,76.32,2.2,0.58
2010-06-15,33.9,25.37,74.94,6.75,0.58
2010-06-16,32.58,26.15,78.28,6.31,0.59
2010-06-17,33.35,25.28,75.52,0.65,0.59
2010-06-18,33.3,25.58,78.07,8.3,0.59
2010-06-19,34.57,25.24,74.11,0.19,0.59
2010-06-20,34.2,26.01,71.69,2.04,0.58
2010-06-21,32.86,25.94,81.99,21.44,0.6
2010-06-22,31.58,25.48,83.23,21.53,0.64
2010-06-23,31.56,25.07,82.75,24.78,0.67
2010-06-24,30.81,25.86,85.68,5.93,0.68
2010-06-25,31.71,26.32,86.22,14.09,0.69
2010-06-26,31.95,26.35,83.66,1.85,0.69
2010-06-27,32.67,25.52,81.46,0.78,0.69
2010-06-28,32.11,25.76,81.91,5.49,0.68
2010-06-29,31.03,25.35,81.88,3.36,0.68
2010-06-30,32.04,25.02,80.7,5.48,0.68
2010-07-01,30.4,25.2,87.33,51.37,0.73
2010-07-02,30.02,25.18,88.42,11.41,0.76
2010-07-03,30.18,25.23,88.05,18.56,0.77
2010-07-04,28.89,24.65,89.98,33.95,0.81
2010-07-05,29.23,25.03,89.07,2.64,0.82
2010-07-06,30.47,24.76,85.99,2.97,0.82
2010-07-07,31.57,25.24,81.77,0.08,0.81
2010-07-08,32.22,24.47,81.29,1.79,0.8
2010-07-09,31.08,25.22,87.16,27.54,0.82
2010-07-10,31.01,24.65,84.84,0.25,0.83
2010-07-11,31.67,24.45,83.78,7.05,0.82
2010-07-12,31.04,24.68,84.5,1.37,0.82
2010-07-13,29.81,24.99,85.77,4.33,0.81
2010-07-14,30.75,24.92,85.66,18.13,0.82
2010-07-15,31.27,24.66,85.12,8.42,0.83
2010-07-16,30.81,25.25,85.27,0.46,0.83
2010-07-17,31.08,25.26,85.8,5.15,0.82
2010-07-18,30.61,25.3,86.72,10.94,0.83
2010-07-19,29.73,25.01,87.87,11.44,0.84
2010-07-20,31.18,24.95,87.92,7.47,0.84
2010-07-21,30.94,25.68,87.42,1.21,0.83
2010-07-22,30.58,25.68,88.19,11.74,0.83
2010-07-23,29.56,24.96,90.92,37.46,0.86
2010-07-24,28.94,25.07,91.64,20.27,0.89
2010-07-25,29.66,25.06,90.07,5.97,0.9
2010-07-26,30.97,24.65,85.79,2.72,0.89
2010-07-27,31.0,24.74,85.69,9.17,0.89
2010-07-28,29.42,25.2,91.49,12.21,0.89
2010-07-29,29.19,25.58,90.57,6.89,0.9
2010-07-30,30.71,25.17,89.25,13.92,0.9
2010-07-31,30.97,24.66,86.3,0.78,0.9
2010-08-01,30.32,24.65,86.66,0.7,0.89
2010-08-02,30.08,24.47,88.16,8.86,0.89
2010-08-03,29.86,24.54,89.33,6.71,0.89
2010-08-04,28.53,24.56,91.55,11.63,0.89
2010-08-05,29.38,24.31,89.87,5.26,0.9
2010-08-06,29.2,24.57,89.6,29.0,0.91
2010-08-07,30.84,24.68,85.84,5.12,0.92
2010-08-08,30.96,24.78,87.72,11.23,0.91
2010-08-09,30.08,24.76,87.42,0.31,0.91
2010-08-10,29.89,24.78,87.87,5.34,0.91
2010-08-11,31.03,24.99,89.22,6.4,0.91
2010-08-12,30.02,25.42,90.13,12.85,0.91
2010-08-13,29.32,24.78,88.79,9.85,0.91
2010-08-14,28.51,24.62,89.41,2.13,0.91
2010-08-15,30.16,24.18,86.69,1.46,0.9
2010-08-16,29.67,24.01,88.57,20.41,0.91
2010-08-17,29.26,25.01,90.57,7.27,0.92
2010-08-18,29.05,25.07,91.19,44.28,0.94
2010-08-19,30.75,23.99,87.47,0.67,0.94
2010-08-20,32.21,24.54,84.01,4.44,0.94
2010-08-21,28.66,25.13,91.33,18.02,0.94
2010-08-22,27.8,24.35,88.81,40.41,0.96
2010-08-23,30.44,24.17,85.75,4.62,0.97
2010-08-24,29.87,24.72,89.12,4.55,0.96
2010-08-25,28.72,24.92,91.51,2.59,0.96
2010-08-26,28.95,24.94,90.85,5.15,0.95
2010-08-27,30.87,23.83,86.41,16.93,0.96
2010-08-28,29.42,24.62,90.1,27.22,0.97
2010-08-29,28.08,23.93,92.27,4.67,0.97
2010-08-30,29.81,23.7,88.62,8.49,0.96
2010-08-31,30.22,23.75,88.32,17.56,0.97
2010-09-01,29.78,24.52,89.08,24.69,0.97
2010-09-02,30.62,24.7,88.76,20.39,0.98
2010-09-03,28.73,24.86,92.01,14.29,0.98
2010-09-04,30.51,23.97,89.89,1.94,0.98
2010-09-05,29.91,24.74,91.69,3.06,0.97
2010-09-06,28.35,24.52,91.89,0.14,0.97
2010-09-07,30.33,24.29,88.52,0.57,0.96
2010-09-08,30.58,24.86,88.86,15.08,0.97
2010-09-09,29.76,24.53,88.31,5.61,0.97
2010-09-10,28.97,24.77,91.87,40.46,0.98
2010-09-11,29.24,24.23,88.88,6.07,0.98
2010-09-12,29.26,23.47,89.11,2.25,0.98
2010-09-13,29.17,24.57,90.25,6.21,0.98
2010-09-14,28.3,24.33,91.36,3.12,0.97
2010-09-15,28.42,24.15,89.17,14.07,0.98
2010-09-16,28.37,23.65,92.02,27.07,0.98
2010-09-17,29.23,23.64,90.78,16.57,0.99
2010-09-18,29.29,24.01,89.95,4.11,0.98
2010-09-19,27.71,24.15,91.28,14.25,0.98
2010-09-20,29.86,23.55,88.08,7.2,0.98
2010-09-21,30.64,24.5,88.49,13.5,0.98
2010-09-22,30.33,24.55,88.54,1.22,0.98
2010-09-23,29.51,24.33,88.75,0.68,0.98
2010-09-24,29.03,24.27,90.51,1.32,0.97
2010-09-25,29.9,24.27,88.62,4.46,0.97
2010-09-26,32.59,24.36,81.48,1.58,0.97
2010-09-27,29.93,24.79,89.83,8.73,0.97
2010-09-28,30.74,24.53,85.83,1.16,0.96
2010-09-29,29.68,24.92,86.69,15.55,0.97
2010-09-30,30.48,24.36,84.9,3.17,0.97
2010-10-01,30.64,24.47,82.98,0.48,0.96
2010-10-02,30.96,24.97,83.81,3.72,0.96
2010-10-03,30.94,25.09,86.28,0.18,0.96
2010-10-04,31.24,24.59,87.36,0.59,0.95
2010-10-05,30.07,25.17,86.75,0.75,0.94
2010-10-06,29.91,25.2,88.41,4.94,0.94
2010-10-07,30.12,25.02,88.38,8.13,0.94
2010-10-08,30.01,25.81,90.85,7.2,0.94
2010-10-09,30.03,25.11,91.4,4.99,0.94
2010-10-10,29.64,24.8,89.56,7.5,0.94
2010-10-11,28.77,25.09,91.38,2.73,0.94
2010-10-12,29.39,24.7,90.64,8.1,0.94
2010-10-13,29.71,24.47,92.01,11.22,0.95
2010-10-14,28.65,24.58,91.29,13.56,0.95
2010-10-15,28.97,23.81,87.82,21.12,0.96
2010-10-16,30.03,23.55,83.54,5.29,0.96
2010-10-17,31.05,24.09,86.91,5.14,0.96
2010-10-18,30.47,24.54,87.38,18.76,0.96
2010-10-19,28.47,24.52,92.72,55.46,0.98
2010-10-20,29.02,25.11,91.57,27.55,0.99
2010-10-21,28.0,25.23,95.45,12.61,0.99
2010-10-22,28.31,24.96,93.2,5.91,0.99
2010-10-23,28.03,24.55,92.88,2.54,0.99
2010-10-24,30.4,24.08,87.8,0.0,0.98
2010-10-25,29.5,23.3,89.55,0.52,0.98
2010-10-26,31.21,21.89,83.42,18.47,0.98
2010-10-27,28.87,24.77,89.62,0.22,0.98
2010-10-28,29.83,23.9,83.37,2.27,0.98
2010-10-29,30.38,23.69,84.23,0.45,0.97
2010-10-30,27.44,22.28,84.53,0.0,0.97
2010-10-31,27.29,20.57,83.39,0.0,0.96
2010-11-01,28.47,19.9,82.25,0.0,0.95
2010-11-02,28.28,21.11,82.32,0.0,0.95
2010-11-03,28.13,20.46,84.35,0.0,0.94
2010-11-04,27.76,19.69,84.21,0.0,0.93
2010-11-05,27.99,19.92,84.22,0.0,0.92
2010-11-06,28.64,20.32,84.05,0.0,0.91
2010-11-07,29.94,20.85,83.75,0.0,0.91
2010-11-08,30.57,21.95,82.27,0.0,0.9
2010-11-09,30.51,22.41,83.25,0.0,0.89
2010-11-10,29.75,22.16,81.12,0.0,0.88
2010-11-11,28.99,20.6,80.28,0.0,0.87
2010-11-12,28.71,20.72,81.41,0.0,0.86
2010-11-13,29.51,21.09,82.85,0.0,0.85
2010-11-14,30.17,21.77,83.67,0.0,0.85
2010-11-15,30.82,22.2,82.55,0.0,0.84
2010-11-16,30.82,22.58,80.66,0.01,0.83
2010-11-17,30.8,22.15,78.97,0.0,0.82
2010-11-18,30.48,23.31,81.03,0.0,0.81
2010-11-19,30.58,24.28,83.18,0.0,0.8
2010-11-20,30.54,22.76,83.27,0.0,0.79
2010-11-21,30.57,21.89,78.8,0.0,0.79
2010-11-22,30.74,21.23,77.75,0.0,0.78
2010-11-23,31.01,21.62,76.06,0.0,0.77
2010-11-24,31.09,21.11,77.47,0.0,0.76
2010-11-25,30.8,20.53,74.59,0.0,0.75
2010-11-26,30.72,19.58,70.87,0.0,0.74
2010-11-27,30.5,21.57,76.51,0.0,0.74
2010-11-28,30.55,22.27,81.35,0.0,0.73
2010-11-29,30.87,21.91,82.2,0.0,0.72
2010-11-30,30.67,21.71,81.86,0.0,0.71
2010-12-01,30.8,21.49,80.53,0.0,0.71
2010-12-02,30.77,21.94,81.39,0.0,0.7
2010-12-03,29.42,22.25,81.47,0.0,0.69
2010-12-04,29.54,20.6,80.52,0.0,0.68
2010-12-05,30.53,21.56,77.03,0.0,0.68
2010-12-06,30.94,20.67,78.69,0.0,0.67
2010-12-07,31.29,22.06,81.47,0.0,0.67
2010-12-08,29.46,23.13,79.89,0.0,0.66
2010-12-09,30.16,21.63,80.32,0.01,0.66
2010-12-10,29.09,23.44,86.58,4.78,0.65
2010-12-11,29.54,23.69,87.32,12.88,0.67
2010-12-12,29.74,21.31,82.61,5.19,0.68
2010-12-13,29.23,18.17,67.38,0.0,0.67
2010-12-14,29.0,16.45,71.65,0.0,0.66
2010-12-15,29.62,18.49,66.92,0.0,0.66
2010-12-16,29.8,16.64,69.59,5.75,0.66
2010-12-17,24.69,18.69,80.55,0.26,0.65
2010-12-18,27.37,17.84,78.4,0.0,0.65
2010-12-19,29.9,19.47,79.19,0.0,0.65
2010-12-20,31.0,21.16,75.64,0.0,0.64
2010-12-21,31.42,20.42,65.37,0.0,0.64
2010-12-22,30.83,16.88,60.83,0.0,0.63
2010-12-23,30.34,16.58,68.25,0.0,0.62
2010-12-24,31.02,16.58,62.56,0.0,0.62
2010-12-25,30.95,15.13,57.16,0.0,0.61
2010-12-26,31.61,16.39,56.24,0.0,0.61
2010-12-27,30.32,17.43,77.07,0.0,0.6
2010-12-28,29.47,17.79,74.42,0.0,0.6
2010-12-29,30.04,16.18,70.23,0.0,0.6
2010-12-30,30.3,14.91,70.79,0.0,0.59
2010-12-31,30.35,17.16,74.37,0.0,0.59
2011-01-01,30.41,17.54,71.58,0.0,0.58
2011-01-02,31.4,18.3,67.89,0.0,0.57
2011-01-03,31.52,19.5,69.5,0.0,0.57
2011-01-04,32.33,18.9,68.25,0.0,0.57
2011-01-05,32.57,19.43,69.19,0.0,0.56
2011-01-06,33.05,20.09,69.8,0.0,0.56
2011-01-07,30.43,20.94,74.13,0.0,0.55
2011-01-08,28.53,21.45,80.14,0.0,0.55
2011-01-09,31.55,20.99,73.04,0.04,0.55
2011-01-10,29.65,22.2,82.18,10.68,0.56
2011-01-11,31.34,17.11,67.15,0.66,0.56
2011-01-12,30.32,13.85,60.17,0.0,0.56
2011-01-13,29.7,14.62,65.14,0.0,0.55
2011-01-14,30.48,15.79,63.62,0.0,0.55
2011-01-15,30.87,16.7,64.83,0.0,0.55
2011-01-16,30.24,17.61,69.33,0.0,0.54
2011-01-17,29.71,19.68,70.9,0.0,0.54
2011-01-18,29.87,19.07,70.38,0.0,0.54
2011-01-19,30.92,17.7,65.79,0.0,0.53
2011-01-20,30.94,15.2,50.28,0.0,0.53
2011-01-21,31.57,14.47,53.44,0.0,0.53
2011-01-22,31.94,14.3,53.6,0.0,0.52
2011-01-23,33.09,15.03,52.92,0.0,0.52
2011-01-24,33.39,15.97,53.49,0.0,0.52
2011-01-25,33.76,16.25,56.84,0.0,0.51
2011-01-26,34.32,17.94,62.26,0.0,0.51
2011-01-27,34.76,18.99,63.28,0.0,0.51
2011-01-28,33.65,20.29,64.32,0.0,0.5
2011-01-29,33.84,21.23,62.58,0.0,0.5
2011-01-30,32.12,22.87,67.3,0.0,0.5
2011-01-31,31.82,22.08,63.93,0.08,0.5
2011-02-01,31.91,22.64,64.0,0.0,0.49
2011-02-02,33.6,20.64,60.81,0.0,0.49
2011-02-03,34.2,19.15,58.6,0.0,0.49
2011-02-04,34.4,19.16,57.03,0.0,0.48
2011-02-05,34.0,18.4,55.66,0.0,0.48
2011-02-06,34.41,18.14,53.17,0.0,0.48
2011-02-07,34.46,17.66,51.47,0.0,0.48
2011-02-08,34.26,16.98,53.85,0.0,0.48
2011-02-09,34.67,17.53,55.52,0.0,0.47
2011-02-10,34.57,18.07,58.03,0.0,0.47
2011-02-11,35.06,18.63,50.1,0.0,0.47
2011-02-12,35.5,18.59,51.19,0.0,0.47
2011-02-13,35.12,17.67,46.24,0.0,0.47
2011-02-14,35.38,16.86,49.62,0.0,0.47
2011-02-15,35.58,18.48,54.22,0.0,0.47
2011-02-16,36.41,19.37,53.65,0.0,0.46
2011-02-17,36.74,21.63,54.6,0.0,0.46
2011-02-18,36.38,23.4,45.59,0.0,0.46
2011-02-19,37.66,23.18,42.74,0.0,0.46
2011-02-20,38.37,20.86,39.7,0.0,0.46
2011-02-21,38.75,20.69,37.59,0.08,0.46
2011-02-22,37.99,20.82,42.58,0.0,0.46
2011-02-23,38.25,20.83,43.03,0.0,0.46
2011-02-24,38.03,21.1,46.27,0.0,0.46
2011-02-25,38.19,22.28,41.38,0.0,0.46
2011-02-26,37.9,23.88,41.65,0.0,0.46
2011-02-27,38.36,23.17,49.58,0.29,0.46
2011-02-28,40.49,24.19,32.17,0.0,0.46
2011-03-01,39.8,22.4,42.02,5.73,0.47
2011-03-02,39.11,23.15,50.39,0.11,0.47
2011-03-03,38.45,23.35,54.74,0.26,0.46
2011-03-04,39.41,23.16,42.87,0.0,0.46
2011-03-05,39.51,22.17,39.37,0.0,0.46
2011-03-06,40.16,21.62,44.58,0.0,0.46
2011-03-07,40.2,23.18,45.23,0.0,0.46
2011-03-08,40.23,22.66,40.79,0.6,0.46
2011-03-09,38.98,21.74,47.13,0.47,0.46
2011-03-10,33.84,24.9,70.23,12.12,0.48
2011-03-11,33.11,25.26,70.19,3.69,0.48
2011-03-12,33.97,23.5,68.56,8.1,0.49
2011-03-13,35.62,22.46,59.57,0.89,0.49
2011-03-14,30.47,22.71,67.39,1.55,0.49
2011-03-15,30.07,22.11,76.58,26.83,0.51
2011-03-16,26.92,20.32,79.5,30.1,0.58
2011-03-17,24.43,18.36,82.19,37.61,0.63
2011-03-18,29.49,16.0,72.81,0.05,0.64
2011-03-19,32.29,19.02,73.84,0.0,0.62
2011-03-20,33.68,20.13,70.07,0.0,0.61
2011-03-21,34.22,18.84,66.18,0.0,0.6
2011-03-22,34.88,19.35,64.59,0.0,0.6
2011-03-23,36.63,19.03,65.42,0.03,0.59
2011-03-24,31.78,22.86,78.42,4.63,0.59
2011-03-25,30.68,23.6,77.32,0.77,0.59
2011-03-26,30.54,22.5,79.58,12.56,0.6
2011-03-27,29.31,22.33,74.94,0.78,0.6
2011-03-28,30.42,20.87,72.06,6.45,0.61
2011-03-29,29.21,19.95,70.05,1.02,0.6
2011-03-30,31.48,18.24,66.04,0.0,0.6
2011-03-31,33.17,20.88,65.3,0.0,0.59
2011-04-01,34.77,21.42,66.43,0.0,0.58
2011-04-02,35.82,21.78,62.48,0.0,0.58
2011-04-03,36.89,21.43,62.2,0.01,0.57
2011-04-04,37.2,21.97,62.47,0.01,0.56
2011-04-05,36.52,24.25,64.41,0.0,0.56
2011-04-06,35.82,24.78,65.0,0.0,0.55
2011-04-07,36.91,24.2,61.32,0.0,0.55
2011-04-08,37.29,23.81,62.66,0.0,0.54
2011-04-09,37.33,23.27,63.32,3.01,0.54
2011-04-10,33.79,25.6,68.98,0.0,0.54
2011-04-11,34.51,25.54,67.52,0.0,0.53
2011-04-12,35.82,25.51,67.36,2.88,0.53
2011-04-13,36.04,25.57,67.32,2.34,0.53
2011-04-14,35.94,25.7,64.65,0.09,0.53
2011-04-15,36.84,25.75,62.42,0.0,0.52
2011-04-16,38.59,25.14,57.61,0.0,0.52
2011-04-17,38.74,24.9,55.84,0.0,0.51
2011-04-18,39.24,24.27,56.39,0.0,0.51
2011-04-19,38.66,25.33,61.28,0.56,0.5
2011-04-20,37.26,26.29,60.49,0.0,0.5
2011-04-21,38.22,25.69,57.83,0.0,0.5
2011-04-22,37.74,25.8,56.93,0.0,0.49
2011-04-23,37.63,25.7,61.49,7.38,0.5
2011-04-24,36.35,25.11,68.4,9.0,0.5
2011-04-25,30.89,25.96,81.75,26.59,0.54
2011-04-26,31.55,24.71,74.6,3.58,0.56
2011-04-27,32.77,24.43,68.54,0.24,0.55
2011-04-28,33.86,23.42,67.89,2.04,0.55
2011-04-29,35.45,23.63,65.76,3.03,0.54
2011-04-30,30.78,25.3,77.37,9.55,0.55
2011-05-01,29.05,25.25,80.18,0.9,0.56
2011-05-02,31.3,24.64,80.06,3.07,0.56
2011-05-03,30.81,25.53,83.09,4.91,0.56
2011-05-04,32.35,25.5,80.61,7.85,0.57
2011-05-05,30.6,25.65,84.57,31.72,0.6
2011-05-06,31.37,25.13,81.65,2.24,0.62
2011-05-07,33.56,24.82,75.77,2.02,0.62
2011-05-08,33.2,25.42,77.41,9.85,0.62
2011-05-09,30.24,25.17,85.29,53.83,0.67
2011-05-10,31.88,25.1,82.4,0.87,0.7
2011-05-11,34.1,24.88,74.97,0.0,0.69
2011-05-12,35.64,25.05,73.57,0.39,0.67
2011-05-13,34.37,25.87,76.81,5.84,0.67
2011-05-14,30.57,25.45,85.3,18.05,0.69
2011-05-15,31.69,25.73,80.22,10.91,0.71
2011-05-16,29.42,25.35,83.91,8.2,0.71
2011-05-17,30.61,25.71,82.14,4.0,0.71
2011-05-18,30.63,25.17,83.92,10.03,0.72
2011-05-19,30.54,24.24,85.71,8.23,0.73
2011-05-20,31.02,24.95,84.12,9.67,0.74
2011-05-21,32.44,24.97,82.02,8.85,0.74
2011-05-22,32.78,24.81,80.56,0.73,0.74
2011-05-23,33.66,25.08,79.6,0.0,0.73
2011-05-24,32.97,25.58,80.8,0.68,0.72
2011-05-25,31.85,25.69,83.32,9.23,0.72
2011-05-26,30.93,24.74,81.53,5.09,0.73
2011-05-27,29.91,24.74,83.05,16.86,0.74
2011-05-28,31.12,24.4,86.66,19.25,0.76
2011-05-29,31.67,25.28,83.2,0.14,0.76
2011-05-30,32.64,25.21,81.75,0.0,0.75
2011-05-31,31.7,25.23,84.63,0.0,0.74
2011-06-01,32.38,25.53,80.58,1.2,0.73
2011-06-02,31.2,25.32,85.27,18.09,0.74
2011-06-03,31.14,25.49,86.06,5.97,0.75
2011-06-04,31.4,25.07,86.1,9.24,0.76
2011-06-05,29.44,25.81,90.71,28.99,0.78
2011-06-06,29.75,25.91,90.98,5.12,0.8
2011-06-07,30.77,26.03,88.18,9.36,0.8
2011-06-08,31.22,25.13,85.34,3.55,0.8
2011-06-09,30.02,25.15,87.26,7.73,0.8
2011-06-10,29.62,24.92,87.37,1.66,0.8
2011-06-11,28.45,24.66,90.44,3.54,0.8
2011-06-12,29.14,24.58,89.89,14.65,0.81
2011-06-13,30.19,25.28,88.51,5.76,0.81
2011-06-14,29.4,24.99,90.13,19.89,0.83
2011-06-15,29.62,25.23,89.38,9.42,0.84
2011-06-16,29.81,25.04,88.9,8.1,0.84
2011-06-17,29.7,25.28,90.45,12.95,0.85
2011-06-18,30.49,25.16,87.4,13.27,0.86
2011-06-19,29.73,25.07,89.54,7.41,0.86
2011-06-20,27.69,24.77,88.28,5.91,0.86
2011-06-21,30.73,24.33,83.13,5.56,0.86
2011-06-22,31.25,24.01,84.95,4.71,0.86
2011-06-23,30.76,25.02,87.94,27.44,0.87
2011-06-24,29.89,24.54,88.95,39.06,0.89
2011-06-25,28.71,25.23,92.34,64.11,0.94
2011-06-26,27.84,24.49,92.63,59.88,0.96
2011-06-27,29.28,24.34,90.21,19.0,0.98
2011-06-28,29.36,24.66,87.23,8.19,0.97
2011-06-29,30.87,23.69,87.57,6.58,0.97
2011-06-30,29.91,24.34,88.91,21.51,0.97
2011-07-01,29.56,23.99,89.29,12.21,0.97
2011-07-02,27.35,24.27,93.19,26.71,0.98
2011-07-03,27.89,24.33,91.96,7.46,0.98
2011-07-04,28.03,24.21,91.11,1.55,0.98
2011-07-05,29.07,23.98,91.29,1.76,0.97
2011-07-06,30.28,23.92,86.32,4.33,0.97
2011-07-07,29.61,24.28,87.64,5.03,0.97
2011-07-08,30.02,23.63,86.25,3.01,0.96
2011-07-09,31.27,23.62,87.84,4.51,0.96
2011-07-10,28.85,25.05,90.85,1.12,0.96
2011-07-11,28.88,24.5,89.67,0.87,0.95
2011-07-12,29.51,24.64,90.29,0.14,0.95
2011-07-13,29.23,25.13,90.94,1.9,0.94
2011-07-14,30.33,24.89,86.12,3.24,0.94
2011-07-15,29.91,24.4,87.98,3.66,0.93
2011-07-16,28.35,23.97,90.13,6.93,0.93
2011-07-17,30.38,23.86,89.12,5.09,0.93
2011-07-18,29.08,24.95,91.0,17.65,0.94
2011-07-19,29.52,25.23,90.09,24.39,0.95
2011-07-20,28.78,24.9,92.17,45.79,0.97
2011-07-21,28.08,24.58,90.53,11.87,0.98
2011-07-22,28.47,24.51,91.03,8.83,0.98
2011-07-23,29.64,23.84,87.61,6.43,0.97
2011-07-24,28.81,23.45,87.48,7.85,0.97
2011-07-25,29.3,23.47,90.94,21.0,0.98
2011-07-26,29.16,24.4,91.45,0.99,0.97
2011-07-27,28.89,24.36,90.17,0.0,0.97
2011-07-28,30.25,23.95,88.52,0.0,0.96
2011-07-29,30.48,24.45,87.96,0.46,0.96
2011-07-30,30.96,24.75,89.8,10.3,0.96
2011-07-31,28.49,24.73,92.63,37.91,0.97
2011-08-01,28.3,23.99,91.04,27.31,0.98
2011-08-02,28.92,23.54,90.89,115.87,1.0
2011-08-03,28.03,24.7,92.19,43.1,1.0
2011-08-04,28.35,24.78,93.67,13.37,1.0
2011-08-05,29.23,24.67,92.98,10.82,1.0
2011-08-06,29.37,24.99,93.53,27.11,1.0
2011-08-07,29.34,24.54,90.81,9.58,1.0
2011-08-08,29.18,24.5,89.43,9.37,0.99
2011-08-09,30.04,23.8,89.1,4.81,0.99
2011-08-10,28.01,24.05,90.26,5.61,0.99
2011-08-11,27.38,23.86,93.52,18.47,0.99
2011-08-12,28.73,24.44,91.16,2.8,0.99
2011-08-13,28.99,23.63,89.64,0.16,0.98
2011-08-14,29.89,23.66,87.76,1.07,0.98
2011-08-15,28.79,24.57,90.76,14.97,0.98
2011-08-16,29.47,24.16,89.15,4.64,0.98
2011-08-17,28.16,24.01,91.87,21.81,0.98
2011-08-18,30.09,23.56,88.18,3.1,0.98
2011-08-19,29.14,24.32,90.21,10.85,0.98
2011-08-20,27.44,24.32,92.61,20.37,0.99
2011-08-21,28.66,23.99,91.27,11.11,0.99
2011-08-22,29.52,23.34,89.56,7.21,0.98
2011-08-23,30.04,23.63,88.62,1.29,0.98
2011-08-24,29.64,24.02,88.79,2.72,0.97
2011-08-25,29.63,24.04,89.03,3.94,0.97
2011-08-26,29.83,24.07,89.32,3.06,0.97
2011-08-27,29.94,24.18,88.45,7.21,0.97
2011-08-28,30.25,24.24,88.84,10.57,0.97
2011-08-29,31.09,24.64,88.42,11.85,0.97
2011-08-30,28.11,24.57,92.44,3.13,0.97
2011-08-31,29.77,24.39,90.89,5.5,0.96
2011-09-01,28.5,24.41,92.67,34.47,0.97
2011-09-02,28.68,23.55,91.45,8.5,0.98
2011-09-03,29.53,23.12,90.04,2.15,0.97
2011-09-04,30.5,23.43,89.59,2.22,0.97
2011-09-05,28.45,24.18,92.29,18.45,0.97
2011-09-06,28.4,24.53,92.81,18.49,0.98
2011-09-07,28.92,24.53,91.5,14.9,0.98
2011-09-08,29.53,24.29,90.47,19.42,0.99
2011-09-09,29.11,24.37,90.99,18.47,0.99
2011-09-10,30.94,23.84,88.16,9.69,0.99
2011-09-11,29.85,25.2,91.06,36.57,0.99
2011-09-12,28.66,25.17,93.47,39.03,1.0
2011-09-13,28.63,24.84,93.04,7.19,1.0
2011-09-14,27.82,24.99,95.02,13.01,1.0
2011-09-15,28.81,24.42,93.43,7.79,1.0
2011-09-16,29.0,24.6,92.7,1.62,0.99
2011-09-17,28.81,24.64,93.21,3.61,0.99
2011-09-18,29.9,24.54,91.33,0.32,0.99
2011-09-19,28.41,25.08,93.08,3.05,0.99
2011-09-20,28.44,24.69,93.4,3.31,0.98
2011-09-21,28.41,24.36,93.19,7.62,0.99
2011-09-22,28.54,24.22,92.2,1.39,0.98
2011-09-23,29.08,23.09,87.66,0.3,0.98
2011-09-24,28.44,22.47,88.24,0.03,0.97
2011-09-25,30.36,22.52,85.21,1.91,0.97
2011-09-26,30.84,23.23,87.74,43.1,0.98
2011-09-27,28.99,24.92,91.85,6.21,0.98
2011-09-28,27.4,23.94,91.29,2.51,0.98
2011-09-29,29.04,23.63,89.57,0.22,0.97
2011-09-30,29.4,23.85,90.2,0.49,0.97
2011-10-01,27.54,24.7,94.11,8.59,0.97
2011-10-02,27.81,24.3,94.15,11.08,0.97
2011-10-03,30.64,23.92,87.69,33.96,0.99
2011-10-04,27.18,24.15,94.99,9.9,0.99
2011-10-05,27.7,23.61,90.71,7.22,0.99
2011-10-06,30.51,24.28,86.63,5.63,0.99
2011-10-07,28.87,23.79,90.99,2.44,0.98
2011-10-08,28.47,23.64,91.33,6.06,0.98
2011-10-09,30.67,23.79,86.06,5.64,0.98
2011-10-10,30.88,24.12,87.1,12.41,0.98
2011-10-11,29.46,24.69,89.76,1.16,0.98
2011-10-12,31.38,24.23,86.19,0.11,0.97
2011-10-13,29.87,24.83,90.38,0.0,0.97
2011-10-14,30.7,24.17,86.67,2.32,0.97
2011-10-15,29.08,24.86,90.25,22.86,0.97
2011-10-16,27.62,24.42,94.16,4.75,0.98
2011-10-17,28.01,24.44,90.97,0.66,0.98
2011-10-18,28.75,23.03,86.75,0.0,0.97
2011-10-19,30.47,22.89,85.4,0.0,0.96
2011-10-20,30.85,23.47,82.19,0.04,0.96
2011-10-21,30.35,23.23,84.53,0.98,0.95
2011-10-22,30.94,23.02,84.13,0.0,0.95
2011-10-23,31.31,23.16,80.45,0.0,0.94
2011-10-24,31.29,23.62,82.04,0.0,0.93
2011-10-25,31.2,23.61,79.56,0.0,0.92
2011-10-26,31.14,23.7,79.2,3.33,0.92
2011-10-27,29.9,24.13,82.67,18.48,0.93
2011-10-28,30.77,23.19,82.25,0.05,0.93
2011-10-29,31.35,23.23,81.15,0.83,0.92
2011-10-30,30.49,23.4,79.5,2.14,0.91
2011-10-31,30.2,23.53,80.94,0.0,0.91
2011-11-01,30.44,23.96,77.93,0.03,0.9
2011-11-02,30.79,22.56,77.9,0.29,0.89
2011-11-03,30.97,23.54,75.96,0.56,0.88
2011-11-04,30.91,22.45,76.08,0.0,0.87
2011-11-05,30.88,22.47,75.19,0.0,0.86
2011-11-06,30.03,21.97,79.36,0.0,0.85
2011-11-07,29.39,19.64,79.01,0.0,0.84
2011-11-08,29.01,17.94,76.0,0.0,0.84
2011-11-09,28.98,19.03,74.55,19.92,0.85
2011-11-10,28.68,20.45,77.32,0.0,0.84
2011-11-11,28.55,20.36,82.24,0.0,0.83
2011-11-12,28.96,20.12,78.49,0.0,0.82
2011-11-13,29.5,20.11,81.1,0.0,0.81
2011-11-14,29.34,20.72,82.32,0.0,0.8
2011-11-15,29.94,21.05,79.68,0.0,0.79
2011-11-16,30.33,21.43,79.09,0.0,0.79
2011-11-17,30.57,21.96,76.99,0.0,0.78
2011-11-18,30.45,21.04,76.81,0.0,0.77
2011-11-19,30.44,19.77,75.55,0.0,0.76
2011-11-20,30.72,19.24,82.13,0.0,0.75
2011-11-21,30.01,21.86,83.2,0.0,0.74
2011-11-22,30.19,20.71,82.46,0.0,0.73
2011-11-23,30.7,22.07,84.08,0.0,0.73
2011-11-24,29.56,22.29,83.23,0.0,0.72
2011-11-25,30.35,21.53,83.07,0.0,0.71
2011-11-26,29.96,21.34,80.57,0.0,0.7
2011-11-27,30.68,20.15,78.25,0.0,0.7
2011-11-28,30.45,20.58,72.09,0.0,0.69
2011-11-29,30.11,19.77,65.51,0.0,0.68
2011-11-30,29.77,19.56,66.24,0.0,0.68
2011-12-01,30.79,18.37,68.62,0.0,0.67
2011-12-02,31.73,19.38,71.4,0.0,0.66
2011-12-03,30.52,20.96,78.42,0.0,0.66
2011-12-04,30.28,22.65,76.39,0.05,0.65
2011-12-05,29.28,21.81,79.86,0.42,0.65
2011-12-06,30.4,20.98,79.19,0.0,0.64
2011-12-07,31.12,20.37,75.73,0.0,0.64
2011-12-08,32.39,20.41,73.08,0.0,0.63
2011-12-09,32.35,21.95,76.22,0.13,0.62
2011-12-10,29.26,21.9,75.89,0.0,0.62
2011-12-11,27.86,20.21,72.33,0.0,0.61
2011-12-12,29.21,18.65,72.06,0.0,0.61
2011-12-13,30.38,18.58,73.52,0.0,0.6
2011-12-14,30.56,19.58,74.15,0.0,0.6
2011-12-15,31.09,17.85,72.08,0.0,0.6
2011-12-16,31.8,18.24,74.4,0.0,0.59
2011-12-17,31.54,20.14,76.24,0.0,0.59
2011-12-18,31.51,19.33,73.78,0.0,0.58
2011-12-19,30.15,19.55,74.23,0.0,0.58
2011-12-20,30.55,18.18,72.5,0.0,0.57
2011-12-21,31.15,17.55,73.36,0.0,0.57
2011-12-22,32.5,18.43,72.89,0.0,0.57
2011-12-23,32.95,19.13,73.0,0.0,0.56
2011-12-24,30.55,21.28,76.27,0.0,0.56
2011-12-25,28.39,20.2,63.87,0.0,0.55
2011-12-26,27.25,19.3,64.98,0.0,0.55
2011-12-27,27.67,18.13,66.69,0.0,0.55
2011-12-28,31.43,19.59,70.57,0.0,0.54
2011-12-29,33.04,20.53,71.98,0.0,0.54
2011-12-30,33.7,21.2,71.8,0.0,0.54
2011-12-31,33.04,22.02,70.61,0.0,0.53
2012-01-01,33.35,22.32,68.3,0.0,0.53
2012-01-02,33.78,21.19,69.78,0.01,0.53
2012-01-03,33.99,22.34,67.91,0.38,0.52
2012-01-04,34.24,21.76,64.88,0.0,0.52
2012-01-05,34.31,20.35,59.46,0.2,0.52
2012-01-06,33.41,19.13,59.69,0.0,0.51
2012-01-07,34.21,18.33,58.54,0.0,0.51
2012-01-08,33.91,18.45,59.59,0.0,0.51
2012-01-09,33.39,19.0,67.33,0.0,0.51
2012-01-10,32.49,20.09,67.89,0.0,0.5
2012-01-11,32.58,20.03,66.69,0.0,0.5
2012-01-12,32.29,20.68,70.84,0.0,0.5
2012-01-13,30.6,22.24,70.81,1.09,0.5
2012-01-14,30.19,16.96,52.86,0.27,0.49
2012-01-15,31.12,12.85,43.36,0.0,0.49
2012-01-16,31.7,13.24,47.16,0.0,0.49
2012-01-17,31.84,14.27,52.44,0.0,0.49
2012-01-18,33.15,15.23,57.06,0.0,0.48
2012-01-19,34.04,15.64,54.98,0.0,0.48
2012-01-20,34.47,17.9,49.23,0.0,0.48
2012-01-21,34.4,17.7,37.86,0.0,0.48
2012-01-22,34.21,15.39,38.88,0.0,0.47
2012-01-23,35.21,15.45,43.74,0.0,0.47
2012-01-24,34.5,16.51,47.81,0.0,0.47
2012-01-25,34.31,15.74,36.76,0.0,0.47
2012-01-26,34.14,14.82,39.46,0.0,0.47
2012-01-27,33.88,14.91,46.38,0.0,0.47
2012-01-28,34.27,16.47,46.58,0.0,0.47
2012-01-29,35.2,17.26,45.11,0.05,0.47
2012-01-30,36.24,17.05,44.08,0.0,0.47
2012-01-31,34.33,20.61,62.7,0.0,0.46
2012-02-01,34.01,23.84,64.05,0.64,0.46
2012-02-02,35.25,22.73,52.3,0.74,0.46
2012-02-03,36.59,22.96,49.71,0.28,0.46
2012-02-04,36.27,22.7,48.36,0.01,0.46
2012-02-05,37.47,21.6,40.4,0.0,0.46
2012-02-06,37.07,18.66,39.55,0.0,0.46
2012-02-07,37.67,17.58,41.41,0.0,0.46
2012-02-08,37.56,18.59,52.29,0.0,0.46
2012-02-09,36.23,18.74,53.36,0.0,0.46
2012-02-10,36.7,18.62,49.03,0.0,0.46
2012-02-11,36.81,18.83,44.89,0.0,0.46
2012-02-12,37.3,19.31,42.79,0.04,0.46
2012-02-13,37.97,20.01,35.3,0.0,0.46
2012-02-14,38.24,18.46,33.34,0.0,0.46
2012-02-15,38.36,17.7,34.19,0.0,0.46
2012-02-16,38.78,18.36,43.2,0.0,0.46
2012-02-17,39.34,21.5,40.36,0.0,0.46
2012-02-18,38.9,21.39,31.57,0.21,0.46
2012-02-19,38.15,19.32,38.4,0.0,0.46
2012-02-20,36.85,18.11,45.2,0.0,0.46
2012-02-21,36.5,18.77,41.82,0.0,0.46
2012-02-22,37.11,17.7,47.4,0.0,0.46
2012-02-23,38.69,19.2,49.8,0.0,0.46
2012-02-24,39.56,19.78,40.68,0.0,0.46
2012-02-25,40.23,19.28,36.29,0.0,0.46
2012-02-26,40.75,19.24,32.4,0.0,0.46
2012-02-27,38.77,18.72,35.06,0.0,0.46
2012-02-28,37.58,18.57,39.37,0.0,0.46
2012-02-29,37.33,18.4,38.78,0.0,0.46
2012-03-01,38.07,19.3,37.67,0.0,0.46
2012-03-02,38.53,19.88,44.14,0.0,0.46
2012-03-03,37.7,20.67,47.35,0.0,0.46
2012-03-04,37.36,20.4,52.77,0.0,0.45
2012-03-05,37.94,21.72,44.13,0.0,0.45
2012-03-06,38.3,19.87,42.86,0.0,0.45
2012-03-07,38.23,20.96,46.36,0.0,0.45
2012-03-08,39.43,21.02,41.31,0.0,0.45
2012-03-09,37.76,24.06,34.34,0.03,0.45
2012-03-10,39.32,25.01,44.27,2.83,0.45
2012-03-11,36.77,26.07,62.0,0.07,0.46
2012-03-12,35.73,27.2,56.04,0.34,0.46
2012-03-13,39.59,27.01,42.96,0.25,0.46
2012-03-14,40.59,24.87,36.74,0.08,0.46
2012-03-15,40.26,25.02,34.54,0.0,0.46
2012-03-16,39.55,23.17,36.16,0.0,0.46
2012-03-17,38.21,20.49,41.86,0.0,0.46
2012-03-18,38.48,20.45,37.6,0.0,0.46
2012-03-19,38.22,21.65,48.47,0.0,0.46
2012-03-20,38.75,23.12,51.47,0.0,0.46
2012-03-21,38.85,22.83,51.99,0.0,0.46
2012-03-22,39.01,23.72,53.31,0.0,0.46
2012-03-23,39.13,24.4,54.38,0.0,0.46
2012-03-24,40.64,24.23,47.36,0.13,0.46
2012-03-25,39.82,25.62,45.9,0.0,0.46
2012-03-26,39.34,25.34,49.0,0.22,0.46
2012-03-27,40.29,24.75,45.48,0.0,0.46
2012-03-28,40.91,23.67,34.16,0.0,0.46
2012-03-29,40.56,23.55,34.96,0.0,0.46
2012-03-30,40.91,23.12,40.05,0.0,0.46
2012-03-31,40.65,23.94,46.81,1.52,0.46
2012-04-01,34.47,27.2,58.81,0.0,0.46
2012-04-02,36.63,25.69,58.21,0.0,0.46
2012-04-03,38.02,27.12,54.94,0.0,0.46
2012-04-04,35.91,26.99,62.13,10.52,0.47
2012-04-05,33.82,25.46,70.39,0.15,0.48
2012-04-06,34.01,25.25,72.81,9.15,0.48
2012-04-07,35.2,24.67,68.67,1.04,0.49
2012-04-08,36.29,24.84,62.3,0.43,0.48
2012-04-09,38.14,25.27,55.2,0.0,0.48
2012-04-10,38.73,25.47,51.17,0.0,0.47
2012-04-11,39.25,25.43,46.26,0.0,0.47
2012-04-12,40.31,24.9,46.02,0.0,0.47
2012-04-13,41.05,25.73,46.09,0.01,0.46
2012-04-14,41.31,26.88,43.84,0.0,0.46
2012-04-15,42.06,26.22,43.5,0.0,0.46
2012-04-16,41.82,25.72,44.08,0.08,0.46
2012-04-17,41.67,26.24,45.5,0.0,0.46
2012-04-18,41.52,26.08,45.87,0.0,0.46
2012-04-19,41.88,25.78,43.84,0.0,0.46
2012-04-20,38.96,26.19,48.58,0.0,0.46
2012-04-21,41.77,26.37,45.52,0.0,0.46
2012-04-22,41.31,25.88,48.25,0.6,0.46
2012-04-23,40.24,26.3,51.49,0.29,0.46
2012-04-24,41.36,26.75,49.12,2.41,0.46
2012-04-25,41.56,27.75,48.53,0.0,0.46
2012-04-26,41.77,28.41,48.49,0.02,0.46
2012-04-27,41.61,27.29,50.11,2.53,0.46
2012-04-28,37.94,27.82,60.2,4.19,0.47
2012-04-29,36.98,27.34,60.31,1.37,0.47
2012-04-30,35.77,26.6,61.62,6.14,0.47
2012-05-01,39.23,26.16,56.69,0.33,0.47
2012-05-02,38.86,27.8,52.86,0.0,0.47
2012-05-03,37.66,28.39,51.19,0.77,0.47
2012-05-04,30.85,26.61,74.79,49.33,0.52
2012-05-05,31.79,24.7,79.76,38.31,0.59
2012-05-06,32.48,24.04,78.16,46.72,0.66
2012-05-07,32.31,25.16,78.46,6.14,0.68
2012-05-08,34.27,24.7,73.56,0.02,0.67
2012-05-09,34.48,25.14,72.82,0.04,0.66
2012-05-10,34.55,25.88,73.39,0.0,0.65
2012-05-11,35.22,25.52,70.48,0.0,0.64
2012-05-12,36.16,25.38,68.54,2.46,0.63
2012-05-13,36.54,25.32,67.35,0.07,0.62
2012-05-14,36.24,25.89,68.75,0.34,0.62
2012-05-15,35.3,26.75,72.56,5.3,0.62
2012-05-16,34.51,26.52,72.16,0.2,0.61
2012-05-17,33.09,25.02,74.72,8.48,0.62
2012-05-18,31.91,25.67,80.09,4.8,0.62
2012-05-19,32.2,25.93,79.03,1.6,0.62
2012-05-20,33.32,25.89,74.53,0.0,0.62
2012-05-21,33.46,26.46,74.15,0.75,0.61
2012-05-22,32.16,26.22,79.94,15.87,0.62
2012-05-23,32.57,25.88,79.43,3.25,0.63
2012-05-24,34.37,25.3,78.65,20.41,0.64
2012-05-25,32.72,25.82,80.34,2.4,0.65
2012-05-26,32.18,25.88,78.98,8.63,0.66
2012-05-27,32.87,25.09,78.85,3.1,0.66
2012-05-28,28.92,25.83,90.2,26.43,0.68
2012-05-29,29.61,25.38,88.91,16.93,0.71
2012-05-30,29.43,25.58,88.95,3.07,0.72
2012-05-31,31.33,25.93,88.79,10.85,0.72
2012-06-01,30.61,26.38,89.31,8.31,0.73
2012-06-02,29.77,26.02,89.06,7.19,0.74
2012-06-03,31.14,25.7,85.02,10.83,0.75
2012-06-04,32.97,25.46,82.08,3.57,0.74
2012-06-05,30.52,25.72,86.3,5.95,0.75
2012-06-06,30.73,25.34,84.11,3.99,0.74
2012-06-07,31.02,25.99,88.75,36.98,0.77
2012-06-08,29.62,25.65,90.09,35.18,0.82
2012-06-09,30.06,25.62,90.05,4.63,0.84
2012-06-10,30.56,25.83,88.39,4.61,0.84
2012-06-11,31.2,25.79,86.14,3.08,0.83
2012-06-12,29.99,25.58,87.88,4.16,0.83
2012-06-13,30.91,25.66,85.54,3.69,0.82
2012-06-14,31.14,25.29,85.47,11.81,0.83
2012-06-15,31.27,24.89,85.84,9.87,0.83
2012-06-16,30.98,25.28,87.59,19.07,0.84
2012-06-17,30.23,24.39,89.64,13.47,0.85
2012-06-18,28.28,25.25,90.63,11.85,0.86
2012-06-19,30.15,25.28,87.18,14.84,0.87
2012-06-20,28.69,25.3,91.05,37.11,0.9
2012-06-21,29.18,25.02,88.5,19.97,0.92
2012-06-22,30.28,24.8,88.61,17.81,0.92
2012-06-23,30.39,24.8,87.75,16.12,0.93
2012-06-24,29.79,25.13,89.22,5.92,0.93
2012-06-25,28.94,24.45,87.06,24.01,0.94
2012-06-26,28.92,24.43,87.24,36.44,0.96
2012-06-27,29.4,24.65,89.46,14.96,0.96
2012-06-28,29.3,24.58,89.44,3.8,0.96
2012-06-29,28.02,24.42,91.73,2.68,0.96
2012-06-30,28.72,23.85,91.61,4.28,0.95
2012-07-01,28.22,24.13,92.31,11.4,0.95
2012-07-02,28.02,24.68,92.53,17.54,0.96
2012-07-03,28.34,24.56,91.9,19.41,0.97
2012-07-04,30.91,24.32,87.92,0.69,0.97
2012-07-05,27.88,24.66,92.05,5.8,0.96
2012-07-06,29.66,24.17,89.09,7.08,0.97
2012-07-07,30.25,24.06,88.01,2.38,0.96
2012-07-08,29.07,24.15,90.24,2.11,0.96
2012-07-09,28.17,24.15,89.79,6.77,0.96
2012-07-10,30.46,23.54,85.87,1.97,0.95
2012-07-11,30.59,24.51,86.13,0.01,0.95
2012-07-12,30.88,24.92,86.53,0.6,0.94
2012-07-13,30.27,25.25,87.16,0.53,0.93
2012-07-14,29.28,24.61,88.94,1.19,0.92
2012-07-15,30.11,23.98,86.58,3.03,0.92
2012-07-16,29.74,24.36,87.78,4.23,0.92
2012-07-17,29.39,24.39,90.65,18.78,0.92
2012-07-18,28.23,24.53,91.98,25.62,0.94
2012-07-19,28.7,24.54,89.13,4.13,0.95
2012-07-20,30.07,24.2,86.6,6.43,0.94
2012-07-21,30.28,24.39,87.0,3.47,0.93
2012-07-22,29.5,25.14,89.57,7.02,0.93
2012-07-23,28.5,24.7,92.92,28.16,0.94
2012-07-24,29.06,25.25,91.24,62.01,0.97
2012-07-25,27.27,24.53,92.12,11.57,0.98
2012-07-26,28.53,24.03,91.03,14.97,0.98
2012-07-27,28.76,24.28,91.09,18.56,0.98
2012-07-28,27.71,23.86,89.9,12.01,0.98
2012-07-29,28.63,23.41,89.02,12.85,0.98
2012-07-30,28.34,24.03,89.98,25.62,0.99
2012-07-31,27.57,24.04,91.07,15.37,0.99
2012-08-01,28.19,23.85,89.31,15.68,0.99
2012-08-02,28.37,24.15,91.28,8.42,0.98
2012-08-03,28.56,24.55,91.84,18.93,0.99
2012-08-04,27.95,24.21,92.97,9.21,0.99
2012-08-05,28.35,24.64,91.42,10.46,0.99
2012-08-06,28.02,24.22,91.87,10.45,0.99
2012-08-07,28.4,23.46,91.72,10.63,0.99
2012-08-08,27.84,24.65,93.18,32.55,0.99
2012-08-09,28.5,24.38,92.22,22.52,1.0
2012-08-10,27.51,24.35,92.59,22.38,1.0
2012-08-11,29.28,24.22,90.84,16.3,1.0
2012-08-12,29.05,24.39,90.26,12.08,0.99
2012-08-13,28.4,23.89,90.86,6.34,0.99
2012-08-14,29.43,23.81,91.5,14.86,0.99
2012-08-15,30.07,24.37,89.7,11.12,0.99
2012-08-16,28.72,23.81,89.35,6.72,0.99
2012-08-17,28.92,23.58,90.43,10.48,0.99
2012-08-18,29.19,23.57,90.64,24.42,0.99
2012-08-19,29.43,24.18,90.31,12.27,0.99
2012-08-20,29.15,23.92,90.76,10.55,0.99
2012-08-21,30.09,23.29,86.21,30.09,0.99
2012-08-22,29.42,24.1,88.85,3.16,0.99
2012-08-23,28.6,24.06,90.69,9.6,0.99
2012-08-24,28.33,23.74,91.05,9.42,0.99
2012-08-25,28.16,24.18,93.04,2.34,0.99
2012-08-26,29.3,24.15,90.13,0.67,0.98
2012-08-27,29.81,24.11,89.84,1.04,0.98
2012-08-28,29.81,24.08,90.54,7.94,0.98
2012-08-29,29.78,23.76,90.1,3.73,0.97
2012-08-30,28.24,24.12,93.44,10.44,0.98
2012-08-31,28.38,23.76,91.5,4.69,0.97
2012-09-01,29.45,23.63,91.12,0.89,0.97
2012-09-02,29.93,23.99,89.74,3.8,0.96
2012-09-03,28.61,24.1,91.88,29.23,0.97
2012-09-04,29.34,24.34,89.67,5.11,0.98
2012-09-05,30.56,23.52,87.72,22.79,0.98
2012-09-06,29.63,24.75,92.05,33.32,0.98
2012-09-07,27.43,25.16,95.12,31.0,1.0
2012-09-08,29.39,24.53,92.17,1.69,0.99
2012-09-09,28.93,24.99,91.93,1.1,0.99
2012-09-10,28.32,24.53,92.89,3.65,0.98
2012-09-11,29.44,23.81,89.29,0.25,0.98
2012-09-12,29.86,23.65,89.37,0.23,0.97
2012-09-13,29.43,23.71,89.01,3.01,0.97
2012-09-14,29.1,24.23,90.52,28.24,0.98
2012-09-15,29.03,23.93,90.52,1.67,0.98
2012-09-16,30.55,24.81,88.9,3.94,0.97
2012-09-17,29.17,24.68,90.55,2.14,0.97
2012-09-18,29.58,23.9,88.72,0.0,0.96
2012-09-19,30.63,23.82,87.72,0.02,0.96
2012-09-20,30.61,24.03,87.67,0.33,0.95
2012-09-21,29.36,24.27,90.69,1.54,0.95
2012-09-22,30.58,24.09,88.84,0.34,0.94
2012-09-23,29.19,24.5,91.18,0.31,0.94
2012-09-24,28.99,24.65,92.1,0.04,0.93
2012-09-25,30.43,24.03,87.54,0.14,0.93
2012-09-26,29.27,24.05,88.21,0.7,0.92
2012-09-27,28.25,24.3,89.22,7.87,0.92
2012-09-28,31.23,24.3,84.73,0.94,0.92
2012-09-29,30.08,24.05,88.58,3.63,0.91
2012-09-30,30.43,23.85,87.96,12.39,0.91
2012-10-01,30.03,23.88,89.1,18.78,0.92
2012-10-02,29.27,24.05,89.63,0.82,0.92
2012-10-03,30.46,23.77,88.7,8.25,0.92
2012-10-04,29.23,23.97,90.05,0.33,0.92
2012-10-05,30.58,23.85,87.21,5.27,0.91
2012-10-06,29.57,23.87,89.6,33.34,0.93
2012-10-07,29.45,23.77,84.39,19.53,0.95
2012-10-08,30.56,23.84,83.0,2.71,0.95
2012-10-09,28.03,24.58,92.17,10.24,0.95
2012-10-10,27.5,23.71,92.62,3.03,0.95
2012-10-11,28.97,23.68,85.55,1.32,0.95
2012-10-12,31.02,23.05,82.29,0.0,0.94
2012-10-13,31.41,22.96,82.98,0.11,0.93
2012-10-14,31.63,23.0,82.1,6.07,0.93
2012-10-15,31.9,23.53,82.57,2.01,0.92
2012-10-16,31.25,23.88,82.77,0.1,0.91
2012-10-17,31.66,24.18,81.28,9.68,0.91
2012-10-18,30.47,24.86,81.85,0.09,0.91
2012-10-19,31.3,23.83,79.06,0.0,0.9
2012-10-20,31.71,24.29,78.04,0.01,0.89
2012-10-21,32.18,23.8,79.88,5.38,0.89
2012-10-22,31.49,24.56,79.96,0.0,0.88
2012-10-23,31.63,24.72,80.88,0.01,0.88
2012-10-24,31.81,24.45,82.07,0.22,0.87
2012-10-25,31.02,25.09,80.79,0.27,0.86
2012-10-26,31.0,23.95,78.28,0.12,0.85
2012-10-27,31.42,23.98,77.76,2.57,0.85
2012-10-28,31.45,24.84,78.18,0.0,0.84
2012-10-29,32.37,24.83,75.48,0.0,0.83
2012-10-30,32.17,23.79,81.02,1.16,0.82
2012-10-31,31.61,24.27,85.62,8.96,0.82
2012-11-01,30.47,24.26,83.74,0.0,0.82
2012-11-02,30.35,24.53,83.84,0.0,0.81
2012-11-03,31.43,24.67,81.5,0.0,0.8
2012-11-04,31.53,23.23,82.47,0.0,0.79
2012-11-05,31.49,23.42,80.2,0.0,0.79
2012-11-06,31.24,23.31,80.03,0.04,0.78
2012-11-07,31.9,23.01,79.57,0.55,0.77
2012-11-08,32.16,23.64,78.78,0.0,0.76
2012-11-09,32.01,23.68,79.73,0.0,0.75
2012-11-10,32.06,22.91,77.96,0.0,0.74
2012-11-11,32.32,22.74,79.41,0.0,0.73
2012-11-12,31.96,23.62,82.33,2.77,0.73
2012-11-13,31.17,24.08,75.04,0.61,0.73
2012-11-14,28.27,23.46,80.76,0.0,0.72
2012-11-15,30.39,21.28,79.07,0.0,0.72
2012-11-16,30.5,23.55,75.96,0.0,0.71
2012-11-17,30.91,22.92,77.77,0.44,0.71
2012-11-18,28.24,24.43,87.86,3.57,0.71
2012-11-19,27.82,23.69,91.06,33.28,0.74
2012-11-20,29.92,23.32,84.27,2.38,0.76
2012-11-21,30.58,23.32,85.02,0.4,0.75
2012-11-22,31.25,23.16,82.44,0.0,0.75
2012-11-23,31.92,22.01,78.49,0.05,0.74
2012-11-24,30.91,21.89,80.97,9.87,0.74
2012-11-25,30.11,21.63,82.97,29.22,0.77
2012-11-26,30.16,21.67,81.34,0.1,0.77
2012-11-27,28.79,22.8,84.99,3.55,0.76
2012-11-28,29.9,21.53,81.56,1.3,0.76
2012-11-29,29.47,23.17,87.11,0.0,0.75
2012-11-30,28.21,24.7,90.67,0.12,0.75
2012-12-01,29.0,24.36,87.83,0.03,0.75
2012-12-02,28.69,23.69,86.24,0.61,0.74
2012-12-03,31.77,22.28,78.94,0.0,0.74
2012-12-04,32.14,22.33,79.27,0.13,0.73
2012-12-05,31.75,20.74,71.8,0.0,0.72
2012-12-06,31.48,17.38,67.34,0.0,0.71
2012-12-07,29.83,15.75,64.34,0.0,0.71
2012-12-08,29.06,16.3,69.78,0.0,0.7
2012-12-09,28.93,17.12,76.13,0.0,0.7
2012-12-10,28.96,18.48,79.12,0.0,0.69
2012-12-11,29.46,18.52,75.22,0.0,0.68
2012-12-12,30.33,18.16,76.5,0.0,0.68
2012-12-13,31.04,19.42,74.94,0.0,0.67
2012-12-14,31.75,19.41,68.54,0.0,0.67
2012-12-15,30.9,17.35,66.6,0.0,0.66
2012-12-16,31.56,17.1,63.19,0.0,0.66
2012-12-17,31.45,17.42,61.89,0.0,0.65
2012-12-18,31.72,16.37,70.67,0.0,0.65
2012-12-19,31.28,17.81,70.04,0.0,0.64
2012-12-20,30.99,17.69,66.66,0.0,0.64
2012-12-21,31.32,16.12,57.33,0.0,0.63
2012-12-22,31.86,15.85,63.24,0.0,0.62
2012-12-23,32.15,17.35,74.89,0.0,0.62
2012-12-24,29.25,21.0,76.92,0.0,0.62
2012-12-25,29.93,20.33,70.85,0.0,0.61
2012-12-26,30.76,19.46,68.74,0.0,0.61
2012-12-27,31.75,19.02,73.13,0.0,0.6
2012-12-28,32.1,20.01,71.8,0.0,0.6
2012-12-29,32.83,19.91,70.5,0.0,0.59
2012-12-30,32.89,19.75,69.22,0.0,0.59
2012-12-31,32.31,18.81,72.15,0.0,0.58
2013-01-01,31.5,21.36,77.29,0.0,0.58
2013-01-02,31.76,21.22,76.4,0.0,0.58
2013-01-03,32.19,21.16,71.3,0.0,0.57
2013-01-04,33.16,19.88,66.09,0.0,0.57
2013-01-05,32.26,19.1,69.0,0.0,0.56
2013-01-06,31.62,18.65,73.49,0.0,0.56
2013-01-07,32.11,18.77,71.03,0.0,0.56
2013-01-08,31.93,17.83,60.02,0.0,0.55
2013-01-09,30.76,16.12,63.89,0.0,0.55
2013-01-10,30.93,16.22,62.38,0.0,0.55
2013-01-11,30.11,14.04,61.0,0.0,0.54
2013-01-12,29.09,13.9,52.96,0.0,0.54
2013-01-13,28.99,13.52,62.02,0.0,0.54
2013-01-14,29.58,16.02,68.31,0.0,0.53
2013-01-15,30.79,18.34,70.16,0.0,0.53
2013-01-16,31.11,18.92,69.61,0.0,0.53
2013-01-17,33.23,16.32,66.88,0.0,0.52
2013-01-18,31.09,19.0,71.21,0.0,0.52
2013-01-19,31.45,17.83,65.58,0.0,0.52
2013-01-20,31.91,18.18,60.52,0.0,0.52
2013-01-21,32.1,16.97,62.69,0.0,0.51
2013-01-22,33.51,18.32,63.09,0.0,0.51
2013-01-23,34.17,19.36,61.53,0.0,0.51
2013-01-24,34.1,17.81,51.93,0.0,0.5
2013-01-25,34.36,16.8,44.85,0.0,0.5
2013-01-26,33.58,16.19,49.01,0.0,0.5
2013-01-27,33.27,15.85,51.64,0.0,0.49
2013-01-28,33.94,16.28,58.04,0.0,0.49
2013-01-29,32.99,20.0,61.9,0.77,0.49
2013-01-30,31.8,21.09,75.93,4.49,0.49
2013-01-31,33.07,20.59,72.25,1.11,0.49
2013-02-01,32.87,20.12,68.54,0.03,0.49
2013-02-02,34.61,21.28,65.59,1.46,0.49
2013-02-03,34.52,22.0,63.58,0.0,0.49
2013-02-04,35.99,21.2,57.49,0.0,0.49
2013-02-05,36.93,21.18,53.57,0.0,0.48
2013-02-06,37.4,19.24,42.4,0.0,0.48
2013-02-07,36.95,17.54,43.39,0.0,0.48
2013-02-08,37.0,17.51,48.25,0.0,0.48
2013-02-09,37.24,19.33,53.31,0.0,0.47
2013-02-10,36.88,21.56,54.08,0.02,0.47
2013-02-11,37.64,22.68,49.59,0.0,0.47
2013-02-12,38.0,23.5,51.46,0.0,0.47
2013-02-13,37.55,24.58,55.57,0.0,0.47
2013-02-14,36.93,23.54,57.37,0.0,0.47
2013-02-15,37.46,23.41,56.59,1.09,0.47
2013-02-16,37.38,22.61,52.42,0.0,0.47
2013-02-17,36.42,23.27,57.51,0.26,0.47
2013-02-18,37.52,23.42,48.93,0.0,0.47
2013-02-19,37.93,21.71,42.23,0.0,0.47
2013-02-20,38.22,21.58,41.43,0.0,0.46
2013-02-21,38.18,21.16,37.1,0.0,0.46
2013-02-22,38.17,21.64,41.93,0.0,0.46
2013-02-23,35.97,24.33,52.17,0.0,0.46
2013-02-24,37.23,23.62,54.19,0.0,0.46
2013-02-25,38.9,23.97,50.09,0.0,0.46
2013-02-26,39.81,23.89,44.2,0.0,0.46
2013-02-27,40.71,24.19,42.58,0.0,0.46
2013-02-28,40.53,23.25,37.43,0.01,0.46
2013-03-01,40.36,22.53,42.48,0.0,0.46
2013-03-02,39.61,23.57,47.38,0.0,0.46
2013-03-03,40.31,24.91,48.06,0.95,0.46
2013-03-04,37.2,25.45,60.29,8.25,0.47
2013-03-05,35.35,25.4,64.06,0.0,0.47
2013-03-06,35.67,25.23,60.54,2.53,0.47
2013-03-07,36.96,23.84,57.9,1.56,0.47
2013-03-08,37.86,22.91,47.56,0.01,0.47
2013-03-09,37.62,21.75,37.75,0.0,0.47
2013-03-10,37.1,19.35,41.51,0.0,0.46
2013-03-11,36.84,19.79,44.26,0.0,0.46
2013-03-12,36.25,18.33,46.75,0.0,0.46
2013-03-13,37.56,20.67,52.61,0.0,0.46
2013-03-14,37.2,21.87,53.93,0.0,0.46
2013-03-15,38.35,21.04,55.89,0.49,0.46
2013-03-16,39.07,22.77,53.71,0.0,0.46
2013-03-17,39.97,24.37,46.73,0.0,0.46
2013-03-18,39.22,22.49,48.23,0.0,0.46
2013-03-19,38.31,21.21,43.95,0.0,0.46
2013-03-20,39.37,20.13,39.49,0.0,0.46
2013-03-21,39.41,21.04,45.89,0.0,0.46
2013-03-22,39.5,21.97,44.36,0.0,0.46
2013-03-23,40.63,22.55,40.51,0.0,0.46
2013-03-24,40.61,22.53,34.13,0.0,0.46
2013-03-25,39.51,22.03,42.84,0.0,0.46
2013-03-26,40.31,22.25,47.82,0.0,0.46
2013-03-27,40.84,23.15,44.48,0.0,0.46
2013-03-28,41.13,23.55,44.22,0.0,0.46
2013-03-29,41.11,24.44,46.27,0.0,0.46
2013-03-30,40.74,25.08,50.97,0.0,0.46
2013-03-31,40.32,25.9,51.72,0.0,0.46
2013-04-01,41.04,26.22,48.69,0.0,0.46
2013-04-02,42.27,25.33,41.66,0.0,0.46
2013-04-03,42.01,24.45,39.13,0.0,0.46
2013-04-04,42.45,24.24,43.16,0.0,0.46
2013-04-05,41.33,25.49,46.94,0.0,0.46
2013-04-06,40.81,25.34,48.31,0.0,0.46
2013-04-07,39.76,23.8,49.94,0.0,0.45
2013-04-08,39.74,22.7,44.51,0.0,0.45
2013-04-09,40.26,23.36,50.22,0.0,0.45
2013-04-10,40.22,24.95,50.93,0.0,0.45
2013-04-11,40.46,25.33,49.11,0.0,0.45
2013-04-12,41.7,25.21,45.45,0.01,0.45
2013-04-13,41.47,26.53,43.38,1.4,0.46
2013-04-14,42.51,26.41,36.55,0.0,0.46
2013-04-15,41.61,25.45,35.49,0.0,0.46
2013-04-16,40.48,25.08,44.57,0.01,0.46
2013-04-17,39.95,25.39,46.96,0.0,0.46
2013-04-18,39.9,25.74,45.8,0.0,0.46
2013-04-19,40.26,25.78,47.37,0.0,0.46
2013-04-20,41.76,26.54,46.38,0.13,0.46
2013-04-21,42.05,26.59,47.32,3.57,0.46
2013-04-22,40.48,27.34,49.66,2.38,0.46
2013-04-23,39.65,26.78,52.37,1.35,0.46
2013-04-24,40.36,26.88,49.96,0.27,0.46
2013-04-25,34.68,26.92,53.81,0.0,0.46
2013-04-26,41.16,26.3,46.48,0.0,0.46
2013-04-27,40.82,25.67,48.34,0.24,0.46
2013-04-28,40.89,25.54,47.24,0.0,0.46
2013-04-29,40.53,26.15,47.6,0.18,0.46
2013-04-30,41.11,27.36,47.16,0.0,0.46
2013-05-01,41.46,27.95,45.32,0.0,0.46
2013-05-02,40.97,27.06,47.35,0.19,0.46
2013-05-03,37.74,26.75,59.79,13.09,0.47
2013-05-04,36.85,25.77,64.77,6.37,0.48
2013-05-05,34.55,26.48,70.76,10.53,0.5
2013-05-06,36.22,27.06,67.55,2.62,0.5
2013-05-07,35.59,27.46,66.0,0.48,0.5
2013-05-08,36.66,26.87,65.46,0.66,0.49
2013-05-09,35.02,27.57,67.18,0.83,0.49
2013-05-10,37.28,27.14,62.95,0.0,0.49
2013-05-11,38.53,27.87,60.26,0.57,0.48
2013-05-12,36.95,28.07,62.13,0.0,0.48
2013-05-13,34.52,28.09,66.12,0.04,0.48
2013-05-14,33.56,27.65,72.91,0.34,0.48
2013-05-15,33.25,27.9,73.01,0.64,0.47
2013-05-16,33.95,27.3,75.61,6.03,0.48
2013-05-17,33.1,26.75,76.21,3.74,0.49
2013-05-18,35.96,26.47,64.02,0.4,0.48
2013-05-19,37.5,26.19,59.77,0.46,0.48
2013-05-20,36.74,26.81,59.53,1.05,0.48
2013-05-21,36.37,26.86,61.39,0.13,0.47
2013-05-22,36.67,27.1,59.12,1.25,0.47
2013-05-23,34.91,26.33,69.36,8.34,0.48
2013-05-24,35.52,25.74,66.67,3.82,0.49
2013-05-25,34.04,26.0,66.05,0.74,0.49
2013-05-26,35.02,26.19,66.82,0.68,0.48
2013-05-27,30.85,27.1,76.63,1.65,0.48
2013-05-28,31.78,26.79,76.38,0.33,0.48
2013-05-29,31.51,26.53,72.83,0.04,0.48
2013-05-30,34.22,26.75,67.23,0.55,0.48
2013-05-31,33.98,25.8,66.31,0.06,0.47
2013-06-01,36.37,25.45,65.4,5.15,0.48
2013-06-02,32.73,26.08,78.13,20.59,0.5
2013-06-03,30.66,25.76,85.27,19.22,0.53
2013-06-04,30.12,25.73,85.9,13.44,0.56
2013-06-05,29.56,25.12,86.48,6.57,0.57
2013-06-06,35.11,24.74,73.21,1.94,0.57
2013-06-07,35.06,25.37,70.98,2.8,0.56
2013-06-08,34.99,25.53,74.83,7.54,0.56
2013-06-09,35.62,25.5,73.49,3.15,0.57
2013-06-10,32.66,26.26,80.44,10.42,0.57
2013-06-11,34.4,25.73,75.82,6.68,0.58
2013-06-12,30.78,25.14,81.49,10.43,0.59
2013-06-13,29.1,25.23,84.47,3.12,0.6
2013-06-14,33.68,24.61,75.04,4.56,0.6
2013-06-15,34.62,25.28,73.09,0.29,0.59
2013-06-16,36.26,25.75,70.79,0.18,0.59
2013-06-17,35.95,25.89,71.76,0.33,0.58
2013-06-18,34.9,26.03,72.87,3.93,0.58
2013-06-19,33.07,26.13,76.35,10.1,0.58
2013-06-20,31.73,25.39,83.53,11.18,0.6
2013-06-21,32.03,25.29,80.34,12.43,0.61
2013-06-22,32.99,25.22,79.37,6.94,0.62
2013-06-23,29.79,25.27,85.86,11.25,0.63
2013-06-24,29.74,25.29,87.02,11.35,0.64
2013-06-25,29.16,25.76,88.59,17.57,0.66
2013-06-26,31.19,24.84,83.35,25.16,0.69
2013-06-27,30.34,24.65,84.65,2.52,0.71
2013-06-28,30.17,24.42,82.78,3.69,0.7
2013-06-29,29.44,25.47,86.51,3.49,0.7
2013-06-30,31.33,24.86,81.64,4.12,0.7
2013-07-01,31.57,24.23,81.67,15.72,0.71
2013-07-02,31.78,24.71,82.23,2.8,0.71
2013-07-03,31.46,25.24,84.69,0.13,0.71
2013-07-04,30.25,24.8,82.11,1.51,0.7
2013-07-05,31.18,24.23,80.72,0.17,0.69
2013-07-06,32.03,24.47,80.06,0.13,0.69
2013-07-07,30.41,24.95,82.6,1.58,0.68
2013-07-08,30.36,24.77,84.29,4.71,0.68
2013-07-09,30.81,24.52,84.04,2.69,0.68
2013-07-10,29.89,24.73,84.86,2.33,0.68
2013-07-11,29.03,25.08,90.75,20.51,0.69
2013-07-12,30.19,24.64,84.72,5.6,0.71
2013-07-13,30.5,24.63,83.01,0.71,0.71
2013-07-14,30.08,24.5,85.12,2.68,0.71
2013-07-15,31.26,24.05,82.74,2.04,0.7
2013-07-16,29.94,24.9,84.54,8.85,0.71
2013-07-17,30.04,24.42,83.48,1.61,0.71
2013-07-18,30.15,24.39,85.59,4.78,0.71
2013-07-19,29.4,24.6,87.94,5.39,0.71
2013-07-20,29.12,24.76,86.73,0.5,0.71
2013-07-21,29.67,24.57,87.67,2.7,0.7
2013-07-22,29.79,25.62,87.66,2.2,0.7
2013-07-23,29.26,25.79,88.39,5.11,0.7
2013-07-24,27.66,24.97,91.17,33.2,0.74
2013-07-25,29.37,24.58,89.1,15.44,0.76
2013-07-26,28.84,25.31,92.15,35.93,0.79
2013-07-27,29.28,25.18,91.53,37.01,0.83
2013-07-28,29.17,24.9,92.42,75.49,0.88
2013-07-29,27.81,24.82,91.94,60.78,0.93
2013-07-30,28.73,24.51,90.61,58.77,0.97
2013-07-31,27.92,23.86,92.09,4.38,0.97
2013-08-01,29.04,24.25,91.02,9.68,0.97
2013-08-02,28.66,24.26,90.44,0.24,0.97
2013-08-03,28.35,24.04,91.68,0.48,0.96
2013-08-04,28.24,23.99,91.75,6.88,0.96
2013-08-05,27.98,24.56,91.67,4.14,0.96
2013-08-06,30.15,24.12,88.13,0.81,0.96
2013-08-07,29.64,24.15,88.96,25.54,0.96
2013-08-08,27.67,24.66,91.37,20.89,0.98
2013-08-09,28.55,24.37,91.52,15.01,0.98
2013-08-10,30.0,24.03,89.11,7.32,0.98
2013-08-11,28.04,25.0,92.63,11.47,0.98
2013-08-12,28.18,24.53,91.2,6.06,0.98
2013-08-13,30.55,24.07,89.59,13.83,0.98
2013-08-14,30.2,24.63,90.66,6.02,0.98
2013-08-15,28.77,24.67,92.77,4.68,0.97
2013-08-16,29.24,24.47,90.67,12.0,0.98
2013-08-17,30.13,24.86,90.29,19.15,0.98
2013-08-18,29.41,24.79,91.58,17.26,0.98
2013-08-19,29.83,24.5,91.12,18.44,0.98
2013-08-20,28.1,24.94,93.45,35.63,0.99
2013-08-21,28.92,24.56,92.24,26.86,1.0
2013-08-22,28.81,24.3,90.52,13.77,0.99
2013-08-23,28.99,24.13,90.73,7.13,0.99
2013-08-24,28.56,23.92,92.23,4.7,0.99
2013-08-25,27.86,24.02,92.19,10.81,0.99
2013-08-26,28.25,23.86,90.17,6.44,0.99
2013-08-27,30.27,23.7,87.85,1.54,0.98
2013-08-28,30.76,24.14,88.14,8.15,0.98
2013-08-29,31.09,24.46,87.31,6.32,0.98
2013-08-30,30.02,24.57,89.33,1.56,0.97
2013-08-31,29.1,24.48,92.0,2.97,0.97
2013-09-01,29.92,24.14,87.57,1.32,0.97
2013-09-02,29.96,24.05,88.29,0.0,0.96
2013-09-03,29.73,24.47,87.97,0.01,0.96
2013-09-04,30.29,24.23,89.06,1.24,0.95
2013-09-05,28.89,24.78,91.44,3.29,0.95
2013-09-06,28.12,24.04,90.4,15.13,0.95
2013-09-07,29.76,23.57,88.47,18.57,0.97
2013-09-08,29.55,23.89,87.85,11.26,0.97
2013-09-09,30.33,24.19,86.3,8.28,0.97
2013-09-10,30.05,24.2,85.66,0.12,0.96
2013-09-11,30.31,24.42,86.42,17.45,0.96
2013-09-12,29.2,24.28,90.27,5.59,0.97
2013-09-13,29.26,24.3,88.87,15.69,0.97
2013-09-14,28.52,24.67,92.82,34.98,0.98
2013-09-15,28.07,24.72,95.24,10.13,0.98
2013-09-16,28.41,24.4,94.54,16.87,0.99
2013-09-17,28.27,24.96,93.76,4.54,0.98
2013-09-18,29.4,24.53,90.67,8.21,0.98
2013-09-19,30.62,23.78,86.33,2.78,0.98
2013-09-20,30.0,23.93,89.19,12.0,0.98
2013-09-21,27.15,23.95,93.73,6.57,0.98
2013-09-22,27.91,24.15,92.2,7.37,0.98
2013-09-23,30.28,24.12,90.56,3.04,0.98
2013-09-24,28.24,24.88,93.05,2.08,0.97
2013-09-25,30.0,24.92,90.98,4.91,0.97
2013-09-26,29.52,24.33,91.46,17.03,0.98
2013-09-27,29.68,23.77,88.56,4.79,0.97
2013-09-28,29.84,23.29,88.45,4.39,0.97
2013-09-29,29.57,24.31,88.25,10.6,0.97
2013-09-30,30.29,24.01,87.55,4.12,0.97
2013-10-01,32.01,24.58,82.3,3.25,0.96
2013-10-02,29.05,24.4,90.12,2.68,0.96
2013-10-03,29.29,24.03,87.98,7.02,0.96
2013-10-04,30.2,24.57,86.46,15.11,0.96
2013-10-05,30.88,23.56,86.83,10.14,0.96
2013-10-06,30.42,23.85,86.38,7.33,0.96
2013-10-07,31.78,24.08,81.7,0.07,0.96
2013-10-08,31.61,23.66,83.05,0.0,0.95
2013-10-09,29.98,24.11,85.52,0.0,0.94
2013-10-10,29.2,24.27,89.32,0.0,0.93
2013-10-11,27.52,24.09,90.73,0.0,0.93
2013-10-12,30.63,23.73,88.18,0.09,0.92
2013-10-13,31.52,24.31,83.02,0.0,0.91
2013-10-14,32.03,23.58,84.3,0.0,0.9
2013-10-15,30.27,25.13,87.23,0.1,0.89
2013-10-16,32.17,24.89,84.03,1.31,0.88
2013-10-17,31.67,25.36,83.57,5.09,0.88
2013-10-18,29.29,24.74,88.23,10.23,0.88
2013-10-19,28.57,23.79,89.63,5.37,0.88
2013-10-20,28.59,24.29,88.39,5.97,0.89
2013-10-21,28.7,23.3,85.61,2.09,0.89
2013-10-22,29.96,23.0,84.12,0.88,0.88
2013-10-23,31.11,23.25,80.22,0.06,0.87
2013-10-24,30.62,23.78,81.27,1.28,0.86
2013-10-25,30.03,23.7,86.33,1.31,0.86
2013-10-26,29.37,23.18,87.02,0.79,0.85
2013-10-27,29.55,24.15,85.71,2.47,0.85
2013-10-28,28.42,23.67,90.53,5.97,0.85
2013-10-29,29.75,23.48,87.18,0.28,0.85
2013-10-30,30.33,23.97,82.14,0.1,0.84
2013-10-31,30.73,23.34,80.71,0.01,0.83
2013-11-01,31.05,23.47,79.37,0.28,0.82
2013-11-02,30.96,23.42,80.69,0.0,0.82
2013-11-03,31.23,23.42,81.75,0.1,0.81
2013-11-04,30.76,23.42,83.24,0.0,0.8
2013-11-05,30.45,23.0,80.38,0.0,0.79
2013-11-06,30.53,19.86,77.68,0.0,0.78
2013-11-07,30.73,21.19,77.14,0.12,0.77
2013-11-08,30.93,23.14,83.37,0.42,0.76
2013-11-09,29.74,24.63,85.47,0.0,0.75
2013-11-10,30.34,23.96,83.53,0.0,0.75
2013-11-11,32.04,23.3,80.29,0.79,0.74
2013-11-12,32.19,24.24,80.13,6.81,0.74
2013-11-13,31.87,23.34,81.06,0.0,0.74
2013-11-14,31.8,23.26,83.55,0.26,0.73
2013-11-15,30.7,24.47,84.3,0.01,0.73
2013-11-16,31.18,23.74,79.88,0.17,0.72
2013-11-17,30.49,23.63,82.38,0.57,0.71
2013-11-18,29.85,23.49,85.47,6.71,0.71
2013-11-19,28.65,23.89,86.75,11.29,0.72
2013-11-20,29.52,23.61,84.22,0.0,0.72
2013-11-21,30.35,22.63,81.99,0.0,0.71
2013-11-22,29.73,22.39,82.31,0.0,0.71
2013-11-23,31.45,22.17,80.41,0.0,0.7
2013-11-24,28.84,22.76,85.22,0.0,0.7
2013-11-25,29.2,23.1,85.43,0.3,0.69
2013-11-26,28.45,24.03,87.63,2.18,0.69
2013-11-27,30.16,23.38,85.3,0.09,0.69
2013-11-28,31.99,22.99,83.18,3.99,0.69
2013-11-29,27.8,22.95,80.84,0.0,0.68
2013-11-30,30.16,21.6,76.64,0.0,0.68
2013-12-01,29.26,21.96,80.23,0.0,0.67
2013-12-02,29.48,21.13,72.98,0.0,0.66
2013-12-03,29.52,20.1,74.58,0.0,0.66
2013-12-04,30.97,20.48,76.6,0.0,0.65
2013-12-05,30.7,20.39,76.54,0.0,0.65
2013-12-06,30.04,20.49,74.74,0.0,0.64
2013-12-07,29.45,20.18,75.59,0.0,0.63
2013-12-08,29.78,20.61,71.64,0.0,0.63
2013-12-09,30.4,20.13,71.56,0.0,0.62
2013-12-10,30.31,21.87,71.39,0.01,0.62
2013-12-11,31.48,21.96,72.97,0.08,0.61
2013-12-12,31.71,22.97,73.68,3.75,0.61
2013-12-13,30.48,23.18,77.96,14.94,0.63
2013-12-14,30.88,22.16,79.88,18.07,0.64
2013-12-15,27.4,18.22,74.29,1.09,0.66
2013-12-16,28.23,14.42,65.37,0.0,0.65
2013-12-17,25.95,14.58,66.72,0.0,0.64
2013-12-18,26.17,12.88,71.35,0.0,0.64
2013-12-19,25.89,14.66,73.44,0.0,0.63
2013-12-20,26.14,14.12,70.46,0.0,0.63
2013-12-21,26.51,14.74,71.41,0.0,0.62
2013-12-22,26.66,14.55,74.46,0.0,0.62
2013-12-23,26.81,14.08,72.16,0.0,0.61
2013-12-24,28.03,14.29,69.93,0.0,0.61
2013-12-25,28.35,15.07,71.67,0.0,0.6
2013-12-26,28.69,16.31,71.03,0.0,0.6
2013-12-27,28.19,15.77,74.65,0.0,0.6
2013-12-28,27.63,15.32,73.23,0.0,0.59
2013-12-29,27.52,15.25,73.1,0.0,0.59
2013-12-30,28.05,15.64,74.94,0.0,0.59
2013-12-31,28.76,16.1,71.4,0.0,0.58
2014-01-01,29.89,16.32,68.31,0.0,0.58
2014-01-02,31.46,16.94,67.83,0.0,0.57
2014-01-03,32.08,17.11,67.72,0.0,0.57
2014-01-04,32.64,16.84,63.8,0.0,0.57
2014-01-05,32.1,16.5,66.72,0.0,0.56
2014-01-06,31.95,17.22,68.79,0.0,0.56
2014-01-07,32.3,16.97,60.15,0.0,0.55
2014-01-08,32.85,16.25,57.33,0.0,0.55
2014-01-09,33.22,15.53,64.74,0.0,0.55
2014-01-10,32.75,19.36,68.07,0.0,0.54
2014-01-11,32.4,19.33,69.12,0.0,0.54
2014-01-12,32.01,17.69,67.9,0.0,0.54
2014-01-13,31.29,17.18,67.82,0.0,0.53
2014-01-14,29.97,17.88,69.09,0.0,0.53
2014-01-15,29.97,18.12,65.8,0.0,0.53
2014-01-16,30.2,18.49,60.51,0.0,0.52
2014-01-17,30.04,16.92,61.82,0.0,0.52
2014-01-18,29.07,16.88,68.19,0.0,0.52
2014-01-19,27.94,16.95,63.65,0.0,0.52
2014-01-20,29.36,15.71,63.13,0.0,0.51
2014-01-21,28.61,16.99,63.72,0.0,0.51
2014-01-22,26.93,16.07,61.29,0.0,0.51
2014-01-23,27.65,12.9,58.17,0.0,0.51
2014-01-24,29.53,14.89,56.96,0.0,0.5
2014-01-25,31.23,15.67,65.21,0.0,0.5
2014-01-26,31.87,17.31,66.71,0.0,0.5
2014-01-27,31.79,17.47,64.33,0.0,0.5
2014-01-28,32.06,16.33,62.86,0.0,0.49
2014-01-29,32.78,16.97,61.48,0.0,0.49
2014-01-30,33.22,17.84,59.43,0.0,0.49
2014-01-31,33.28,18.62,59.45,0.0,0.49
2014-02-01,34.7,19.5,58.75,0.0,0.48
2014-02-02,35.71,18.28,51.81,0.0,0.48
2014-02-03,35.41,17.72,55.16,0.0,0.48
2014-02-04,34.83,16.78,53.55,0.0,0.48
2014-02-05,34.07,16.46,55.58,0.0,0.47
2014-02-06,33.94,16.36,54.98,0.0,0.47
2014-02-07,34.04,17.08,57.44,0.0,0.47
2014-02-08,34.08,17.6,53.29,0.0,0.47
2014-02-09,33.57,16.58,54.65,0.0,0.47
2014-02-10,34.51,17.81,51.91,0.0,0.47
2014-02-11,34.63,18.68,55.23,0.0,0.47
2014-02-12,34.67,18.63,54.21,0.0,0.47
2014-02-13,35.07,19.66,57.56,0.0,0.47
2014-02-14,35.64,19.39,54.67,0.0,0.46
2014-02-15,35.53,19.52,49.56,0.0,0.46
2014-02-16,35.3,20.32,53.55,0.0,0.46
2014-02-17,35.8,21.49,52.88,0.0,0.46
2014-02-18,35.29,21.42,54.13,0.02,0.46
2014-02-19,34.17,17.48,43.1,0.0,0.46
2014-02-20,34.92,17.37,52.21,0.0,0.46
2014-02-21,34.95,19.66,60.7,0.0,0.46
2014-02-22,35.81,19.78,54.77,0.0,0.46
2014-02-23,36.89,20.69,51.01,0.0,0.46
2014-02-24,37.58,20.61,46.03,0.0,0.46
2014-02-25,37.58,19.98,39.04,0.0,0.46
2014-02-26,38.31,18.7,45.39,0.0,0.46
2014-02-27,37.62,19.13,44.68,0.0,0.46
2014-02-28,37.73,19.41,45.02,0.0,0.46
2014-03-01,37.97,20.16,46.84,0.0,0.46
2014-03-02,37.69,20.7,42.75,0.0,0.46
2014-03-03,37.74,20.66,44.62,0.0,0.46
2014-03-04,38.25,19.53,40.76,0.0,0.46
2014-03-05,37.03,19.32,47.43,0.0,0.46
2014-03-06,38.0,21.12,41.15,0.0,0.46
2014-03-07,38.71,19.47,44.92,0.0,0.46
2014-03-08,38.58,19.8,39.05,0.0,0.46
2014-03-09,38.48,19.84,39.89,0.0,0.46
2014-03-10,38.79,19.89,41.68,0.0,0.46
2014-03-11,38.51,20.89,40.74,0.0,0.46
2014-03-12,39.47,20.65,35.67,0.0,0.46
2014-03-13,39.68,20.96,40.84,0.0,0.46
2014-03-14,39.41,20.4,44.58,0.0,0.46
2014-03-15,40.44,21.5,43.14,0.03,0.46
2014-03-16,40.69,21.69,35.38,0.0,0.46
2014-03-17,40.46,21.62,40.56,0.0,0.45
2014-03-18,40.86,23.08,32.99,0.29,0.46
2014-03-19,41.23,21.4,37.07,0.0,0.46
2014-03-20,40.48,22.13,42.57,0.0,0.46
2014-03-21,41.13,22.0,39.63,0.0,0.45
2014-03-22,40.19,21.25,43.85,0.0,0.45
2014-03-23,38.87,22.34,44.81,0.0,0.45
2014-03-24,39.32,22.01,41.27,0.26,0.46
2014-03-25,40.06,23.84,38.77,0.0,0.45
2014-03-26,40.21,22.6,39.23,0.0,0.45
2014-03-27,40.42,23.68,44.55,0.0,0.45
2014-03-28,41.15,24.36,43.46,0.0,0.45
2014-03-29,40.95,24.57,47.67,0.0,0.45
2014-03-30,41.07,24.02,52.24,0.0,0.45
2014-03-31,40.81,23.64,48.55,0.0,0.45
2014-04-01,40.91,23.99,46.81,0.0,0.45
2014-04-02,41.63,24.58,45.1,0.0,0.45
2014-04-03,41.61,24.52,42.53,0.0,0.45
2014-04-04,40.64,26.24,44.85,2.04,0.46
2014-04-05,40.06,24.2,46.3,0.54,0.46
2014-04-06,39.64,24.69,46.97,0.83,0.46
2014-04-07,39.49,23.57,50.73,0.0,0.46
2014-04-08,40.13,24.31,53.13,0.0,0.46
2014-04-09,39.98,25.19,50.51,0.0,0.46
2014-04-10,41.06,26.18,51.17,0.2,0.46
2014-04-11,41.38,27.01,51.35,0.22,0.46
2014-04-12,40.38,26.62,51.08,0.0,0.46
2014-04-13,40.81,26.18,49.22,0.27,0.46
2014-04-14,39.93,26.81,56.84,6.36,0.47
2014-04-15,35.13,27.45,64.9,0.0,0.47
2014-04-16,37.05,27.11,59.72,0.0,0.47
2014-04-17,39.82,27.23,54.69,0.11,0.46
2014-04-18,41.53,27.11,49.73,0.0,0.46
2014-04-19,41.88,27.52,47.51,0.0,0.46
2014-04-20,42.11,27.73,49.49,0.0,0.46
2014-04-21,39.61,28.06,64.59,22.94,0.48
2014-04-22,37.06,27.04,68.4,0.14,0.5
2014-04-23,39.65,27.45,60.31,0.0,0.49
2014-04-24,37.27,27.09,63.63,0.13,0.49
2014-04-25,37.94,26.96,64.11,0.05,0.49
2014-04-26,38.95,27.08,60.78,0.13,0.48
2014-04-27,40.05,27.57,57.98,0.0,0.48
2014-04-28,39.24,28.22,55.15,0.0,0.47
2014-04-29,38.85,26.98,52.73,0.46,0.47
2014-04-30,40.13,26.43,50.3,0.0,0.47
2014-05-01,40.6,27.07,48.35,0.5,0.47
2014-05-02,37.91,26.41,59.88,10.8,0.48
2014-05-03,39.02,25.72,56.69,0.11,0.48
2014-05-04,36.53,26.48,55.8,0.0,0.47
2014-05-05,37.07,26.59,51.66,0.75,0.47
2014-05-06,41.04,26.11,48.71,0.11,0.47
2014-05-07,40.82,28.21,48.83,0.14,0.47
2014-05-08,39.89,27.91,50.85,2.27,0.47
2014-05-09,36.87,28.09,59.03,0.8,0.47
2014-05-10,35.1,27.57,67.92,15.16,0.48
2014-05-11,35.35,26.91,67.62,0.29,0.49
2014-05-12,37.29,25.99,60.88,0.0,0.48
2014-05-13,35.0,27.92,65.38,0.0,0.48
2014-05-14,35.71,26.98,66.6,5.21,0.48
2014-05-15,36.51,26.48,65.92,1.28,0.48
2014-05-16,34.61,27.57,67.14,0.0,0.48
2014-05-17,36.06,26.89,65.43,0.15,0.48
2014-05-18,33.6,27.07,73.07,6.88,0.48
2014-05-19,31.55,25.99,78.77,4.38,0.49
2014-05-20,32.72,25.98,77.45,3.45,0.49
2014-05-21,32.5,26.51,74.77,0.06,0.49
2014-05-22,33.18,26.68,74.75,2.51,0.49
2014-05-23,35.43,26.3,71.5,0.27,0.49
2014-05-24,35.17,26.99,68.82,0.03,0.49
2014-05-25,35.95,26.9,69.29,0.46,0.48
2014-05-26,37.04,26.31,64.1,0.16,0.48
2014-05-27,35.24,27.06,69.3,19.81,0.5
2014-05-28,37.44,25.67,67.13,2.82,0.51
2014-05-29,36.39,26.32,68.87,2.89,0.51
2014-05-30,37.2,26.6,64.27,1.58,0.51
2014-05-31,33.51,26.22,75.59,23.45,0.53
2014-06-01,34.4,26.47,75.25,0.5,0.54
2014-06-02,34.78,26.28,69.79,1.16,0.54
2014-06-03,35.15,26.52,73.15,7.5,0.54
2014-06-04,36.96,25.84,67.48,0.09,0.54
2014-06-05,34.15,26.93,75.89,5.82,0.54
2014-06-06,30.77,26.5,84.44,15.4,0.55
2014-06-07,32.51,26.0,83.08,12.6,0.57
2014-06-08,30.64,26.0,84.99,18.9,0.6
2014-06-09,32.54,26.47,84.99,20.92,0.63
2014-06-10,32.59,26.08,81.58,4.98,0.64
2014-06-11,33.16,26.46,83.15,7.26,0.64
2014-06-12,31.24,26.21,82.37,0.9,0.64
2014-06-13,33.87,25.3,76.69,6.53,0.64
2014-06-14,30.12,25.02,83.51,7.95,0.65
2014-06-15,32.83,25.27,81.29,3.57,0.65
2014-06-16,31.96,25.86,82.4,13.66,0.65
2014-06-17,30.79,25.52,85.73,5.16,0.66
2014-06-18,30.97,25.53,82.96,16.4,0.67
2014-06-19,31.79,26.07,84.33,23.4,0.7
2014-06-20,31.7,25.96,85.14,9.79,0.72
2014-06-21,32.95,25.54,79.99,5.07,0.71
2014-06-22,33.06,25.78,79.41,11.85,0.72
2014-06-23,31.06,25.33,83.02,5.35,0.72
2014-06-24,31.39,25.09,85.06,5.98,0.72
2014-06-25,30.07,25.07,87.55,15.48,0.74
2014-06-26,29.9,24.72,85.96,8.34,0.75
2014-06-27,32.49,24.33,80.94,1.43,0.74
2014-06-28,32.7,24.93,81.5,0.96,0.73
2014-06-29,32.51,25.58,83.04,6.43,0.73
2014-06-30,31.27,25.65,86.97,9.66,0.74
2014-07-01,30.62,25.47,85.91,2.73,0.74
2014-07-02,32.84,24.99,79.21,0.44,0.73
2014-07-03,31.04,25.25,83.7,3.38,0.73
2014-07-04,31.75,25.32,82.09,0.05,0.72
2014-07-05,33.01,25.18,78.56,2.02,0.71
2014-07-06,32.06,25.24,82.37,16.9,0.72
2014-07-07,31.4,25.35,84.07,6.42,0.73
2014-07-08,29.23,25.16,86.5,16.11,0.75
2014-07-09,30.8,24.56,86.35,11.65,0.76
2014-07-10,30.45,24.36,87.62,9.38,0.77
2014-07-11,31.06,26.23,88.28,6.75,0.77
2014-07-12,30.62,26.07,87.86,5.33,0.77
2014-07-13,30.08,25.62,89.49,11.57,0.78
2014-07-14,29.01,25.46,91.95,26.56,0.81
2014-07-15,29.89,25.29,90.24,8.32,0.82
2014-07-16,29.98,24.8,90.27,3.61,0.82
2014-07-17,30.0,24.55,88.36,11.92,0.82
2014-07-18,30.42,24.81,88.96,6.86,0.83
2014-07-19,29.0,24.99,88.34,24.11,0.84
2014-07-20,28.78,24.43,88.99,11.5,0.85
2014-07-21,28.83,24.85,90.43,20.07,0.87
2014-07-22,30.51,23.99,87.36,2.33,0.87
2014-07-23,30.42,24.6,84.05,4.66,0.86
2014-07-24,29.61,24.51,88.04,1.14,0.86
2014-07-25,28.94,25.14,91.45,6.75,0.86
2014-07-26,29.05,24.73,91.99,17.38,0.87
2014-07-27,29.45,24.9,88.88,25.55,0.89
2014-07-28,29.44,24.83,90.09,10.15,0.9
2014-07-29,30.2,24.81,90.65,32.74,0.91
2014-07-30,30.58,25.54,89.76,6.47,0.92
2014-07-31,30.34,24.81,87.97,2.9,0.91
2014-08-01,29.06,24.94,90.58,13.62,0.91
2014-08-02,27.82,24.9,92.57,11.07,0.92
2014-08-03,29.08,25.25,90.41,16.48,0.93
2014-08-04,29.88,24.8,88.64,27.66,0.94
2014-08-05,28.51,24.95,91.99,14.98,0.95
2014-08-06,29.76,24.3,88.2,2.72,0.94
2014-08-07,29.6,24.53,89.54,7.76,0.94
2014-08-08,29.06,24.96,90.48,3.12,0.94
2014-08-09,28.47,24.86,92.33,4.51,0.94
2014-08-10,29.34,24.36,89.23,1.79,0.93
2014-08-11,30.25,24.43,89.37,9.85,0.93
2014-08-12,29.86,23.98,89.34,9.9,0.93
2014-08-13,29.16,24.03,89.98,18.23,0.94
2014-08-14,29.4,25.01,91.49,20.71,0.95
2014-08-15,28.92,24.4,90.48,21.91,0.96
2014-08-16,29.14,24.03,90.52,0.5,0.96
2014-08-17,29.79,24.21,89.06,0.02,0.96
2014-08-18,31.13,24.7,86.46,0.52,0.95
2014-08-19,29.97,24.92,88.55,4.03,0.95
2014-08-20,29.57,24.65,88.7,8.1,0.95
2014-08-21,29.42,24.29,88.62,6.26,0.95
2014-08-22,30.08,23.89,88.72,0.36,0.94
2014-08-23,29.66,24.43,88.44,1.07,0.93
2014-08-24,30.89,24.49,86.39,5.44,0.93
2014-08-25,30.35,24.52,88.03,10.71,0.93
2014-08-26,29.56,24.63,89.63,6.88,0.93
2014-08-27,29.18,24.53,90.77,17.45,0.94
2014-08-28,29.45,24.22,90.12,3.84,0.94
2014-08-29,28.7,24.45,92.19,17.99,0.95
2014-08-30,27.84,24.53,93.55,8.28,0.95
2014-08-31,27.81,24.02,90.72,3.53,0.95
2014-09-01,30.08,24.03,87.14,0.9,0.95
2014-09-02,28.37,24.35,91.1,4.12,0.94
2014-09-03,28.69,23.98,91.97,7.37,0.94
2014-09-04,28.48,24.18,91.85,9.18,0.95
2014-09-05,28.16,24.06,92.39,0.05,0.95
2014-09-06,29.21,23.52,90.6,0.98,0.94
2014-09-07,30.01,24.25,88.43,1.56,0.93
2014-09-08,30.54,23.37,86.95,0.29,0.92
2014-09-09,30.42,23.56,86.81,0.0,0.91
2014-09-10,30.37,23.81,86.82,0.05,0.91
2014-09-11,29.42,24.39,87.38,2.53,0.9
2014-09-12,30.44,24.16,87.42,0.04,0.9
2014-09-13,29.91,24.59,87.69,0.07,0.89
2014-09-14,29.88,23.95,89.08,0.08,0.88
2014-09-15,30.54,24.74,87.49,0.67,0.88
2014-09-16,31.08,23.82,86.77,1.03,0.87
2014-09-17,28.64,25.14,91.59,9.13,0.87
2014-09-18,27.9,24.84,92.0,6.87,0.88
2014-09-19,30.24,24.1,87.56,1.37,0.87
2014-09-20,30.51,24.41,88.05,2.93,0.86
2014-09-21,30.91,25.0,85.07,4.31,0.86
2014-09-22,30.22,24.8,85.52,1.33,0.86
2014-09-23,30.5,24.46,85.52,1.21,0.85
2014-09-24,29.31,24.24,88.94,18.81,0.86
2014-09-25,30.16,23.38,84.14,1.3,0.86
2014-09-26,30.57,23.99,84.82,0.0,0.86
2014-09-27,30.82,24.02,83.54,0.01,0.85
2014-09-28,32.06,23.78,84.01,1.09,0.84
2014-09-29,31.33,24.52,87.41,36.61,0.86
2014-09-30,30.59,25.16,85.43,9.06,0.88
2014-10-01,31.21,24.85,82.08,4.15,0.88
2014-10-02,31.0,24.37,83.38,7.28,0.88
2014-10-03,30.58,23.92,86.62,0.31,0.87
2014-10-04,31.39,24.03,81.72,0.01,0.86
2014-10-05,32.56,23.98,76.51,10.4,0.86
2014-10-06,29.41,24.32,88.39,0.8,0.86
2014-10-07,30.23,24.14,82.76,0.0,0.85
2014-10-08,30.45,23.61,85.18,0.28,0.84
2014-10-09,29.25,24.71,90.18,2.66,0.84
2014-10-10,29.9,24.72,90.27,8.1,0.84
2014-10-11,29.97,24.08,88.25,0.11,0.83
2014-10-12,31.73,23.65,83.08,15.49,0.83
2014-10-13,30.38,24.38,83.83,0.0,0.83
2014-10-14,31.18,23.09,81.0,0.0,0.82
2014-10-15,31.4,22.72,79.83,0.0,0.81
2014-10-16,30.72,24.21,77.64,0.0,0.8
2014-10-17,31.03,22.94,74.77,0.0,0.79
2014-10-18,31.57,22.16,72.57,0.0,0.78
2014-10-19,31.37,22.93,78.1,1.59,0.78
2014-10-20,31.25,23.28,81.78,11.54,0.78
2014-10-21,27.06,24.76,90.82,9.11,0.79
2014-10-22,29.83,23.84,81.84,3.58,0.79
2014-10-23,30.62,23.43,79.6,6.75,0.79
2014-10-24,30.37,23.46,83.97,0.66,0.79
2014-10-25,31.1,24.24,80.94,0.0,0.78
2014-10-26,31.81,24.22,78.89,0.01,0.77
2014-10-27,31.66,24.09,81.28,0.17,0.76
2014-10-28,32.25,24.02,80.85,4.52,0.76
2014-10-29,31.98,23.82,78.32,2.25,0.75
2014-10-30,31.56,23.52,82.13,1.11,0.75
2014-10-31,32.03,24.36,79.66,0.07,0.74
2014-11-01,31.79,24.42,83.6,0.01,0.73
2014-11-02,30.39,25.02,85.58,2.88,0.73
2014-11-03,32.53,25.58,76.24,4.46,0.73
2014-11-04,28.09,24.81,89.12,2.7,0.73
2014-11-05,27.71,24.74,93.71,11.06,0.74
2014-11-06,27.71,24.97,92.73,15.18,0.76
2014-11-07,29.76,25.35,89.54,0.96,0.77
2014-11-08,31.52,24.71,82.79,0.03,0.76
2014-11-09,32.49,23.47,82.69,0.2,0.75
2014-11-10,31.33,24.42,84.88,0.0,0.74
2014-11-11,31.83,23.77,81.42,0.0,0.73
2014-11-12,32.19,22.94,79.24,0.0,0.73
2014-11-13,32.31,22.77,74.69,0.0,0.72
2014-11-14,32.27,22.97,75.72,0.0,0.71
2014-11-15,31.15,23.4,77.78,0.0,0.7
2014-11-16,32.0,22.81,75.9,0.0,0.7
2014-11-17,31.79,22.76,77.11,0.39,0.69
2014-11-18,31.12,22.74,79.09,0.0,0.68
2014-11-19,30.65,21.9,78.8,0.01,0.67
2014-11-20,30.54,21.73,75.18,0.1,0.67
2014-11-21,31.37,21.04,71.58,0.0,0.66
2014-11-22,31.27,20.58,75.52,0.0,0.66
2014-11-23,31.16,19.73,73.92,0.0,0.65
2014-11-24,30.85,19.42,75.54,0.0,0.65
2014-11-25,31.73,18.99,73.88,0.0,0.64
2014-11-26,32.0,19.38,71.9,0.0,0.63
2014-11-27,31.94,19.46,74.1,0.0,0.63
2014-11-28,32.57,19.57,66.1,0.0,0.62
2014-11-29,33.16,18.78,57.47,0.0,0.62
2014-11-30,32.19,16.08,46.24,0.0,0.61
2014-12-01,31.5,16.15,58.32,0.0,0.61
2014-12-02,31.74,16.78,59.66,0.0,0.6
2014-12-03,32.32,17.17,65.74,0.0,0.6
2014-12-04,32.65,18.35,73.89,0.0,0.59
2014-12-05,33.3,21.86,75.26,0.09,0.59
2014-12-06,32.39,24.01,77.54,0.0,0.59
2014-12-07,33.88,24.3,73.45,0.01,0.58
2014-12-08,33.8,22.68,74.14,0.04,0.58
2014-12-09,33.35,22.11,71.41,0.04,0.57
2014-12-10,33.1,22.01,71.89,0.0,0.57
2014-12-11,32.32,23.02,72.57,0.0,0.56
2014-12-12,33.35,22.55,66.5,0.0,0.56
2014-12-13,31.37,20.32,69.22,0.0,0.56
2014-12-14,33.14,20.8,65.21,0.0,0.55
2014-12-15,32.15,22.18,68.03,0.0,0.55
2014-12-16,33.04,21.03,68.69,0.0,0.54
2014-12-17,28.67,20.47,64.05,0.0,0.54
2014-12-18,29.65,19.09,60.5,0.0,0.54
2014-12-19,31.59,18.31,64.94,0.0,0.53
2014-12-20,32.34,18.61,64.69,0.0,0.53
2014-12-21,32.48,18.28,63.13,0.0,0.53
2014-12-22,27.82,18.94,67.29,0.0,0.52
2014-12-23,30.08,16.25,67.0,0.0,0.52
2014-12-24,30.68,15.36,65.34,0.0,0.52
2014-12-25,31.91,16.52,62.72,0.0,0.52
2014-12-26,34.01,18.19,58.92,0.0,0.51
2014-12-27,34.53,20.26,62.95,0.0,0.51
2014-12-28,34.98,21.68,65.47,0.0,0.51
2014-12-29,32.57,22.18,67.99,0.0,0.5
2014-12-30,32.78,21.07,65.7,0.0,0.5
2014-12-31,33.14,20.34,61.51,0.0,0.5
2015-01-01,31.19,20.36,62.83,0.0,0.5
2015-01-02,30.93,18.74,60.47,0.0,0.49
2015-01-03,31.74,18.37,55.19,0.0,0.49
2015-01-04,32.99,19.09,54.48,0.0,0.49
2015-01-05,34.17,20.21,68.15,0.0,0.49
2015-01-06,34.5,21.45,65.31,0.0,0.49
2015-01-07,34.08,18.85,59.26,0.0,0.49
2015-01-08,31.94,20.06,68.93,11.93,0.49
2015-01-09,25.99,20.18,83.66,25.98,0.54
2015-01-10,29.16,17.07,63.58,1.39,0.55
2015-01-11,30.37,16.01,68.66,0.18,0.55
2015-01-12,29.13,17.36,73.35,0.01,0.54
2015-01-13,29.2,19.09,62.8,0.03,0.54
2015-01-14,30.85,18.43,65.64,0.0,0.53
2015-01-15,31.13,20.0,61.36,0.0,0.53
2015-01-16,32.36,19.83,60.86,0.0,0.53
2015-01-17,31.94,21.09,61.84,0.0,0.52
2015-01-18,31.36,19.35,67.12,0.0,0.52
2015-01-19,30.67,21.18,69.39,0.0,0.52
2015-01-20,30.57,19.52,69.4,0.0,0.52
2015-01-21,31.71,19.32,66.0,0.0,0.51
2015-01-22,33.05,20.11,58.32,0.0,0.51
2015-01-23,32.38,17.33,58.66,0.0,0.51
2015-01-24,31.43,16.42,59.34,0.0,0.5
2015-01-25,32.29,15.84,58.7,0.0,0.5
2015-01-26,32.56,16.58,62.07,0.0,0.5
2015-01-27,33.03,16.39,60.52,0.0,0.49
2015-01-28,33.26,16.31,60.3,0.0,0.49
2015-01-29,34.08,16.35,57.96,0.0,0.49
2015-01-30,34.27,16.3,59.7,0.0,0.49
2015-01-31,34.22,18.11,59.99,0.01,0.48
2015-02-01,33.76,19.41,59.84,0.0,0.48
2015-02-02,33.67,19.61,54.6,0.0,0.48
2015-02-03,34.49,21.13,57.68,0.0,0.48
2015-02-04,35.96,19.37,42.08,0.0,0.48
2015-02-05,35.44,18.67,45.9,0.0,0.47
2015-02-06,35.01,20.63,51.56,0.0,0.47
2015-02-07,34.49,19.75,52.31,0.0,0.47
2015-02-08,34.26,19.81,50.44,0.0,0.47
2015-02-09,32.6,20.04,53.94,0.0,0.47
2015-02-10,34.53,20.43,53.48,0.0,0.47
2015-02-11,32.83,21.04,45.95,0.0,0.47
2015-02-12,34.12,20.47,41.76,0.0,0.47
2015-02-13,34.5,17.38,43.87,0.0,0.47
2015-02-14,33.06,17.52,47.37,0.0,0.46
2015-02-15,34.26,16.29,49.97,0.0,0.46
2015-02-16,34.46,16.94,48.48,0.0,0.46
2015-02-17,35.75,17.41,42.95,0.0,0.46
2015-02-18,36.05,17.36,42.95,0.0,0.46
2015-02-19,36.2,17.78,42.02,0.0,0.46
2015-02-20,36.44,17.91,38.3,0.0,0.46
2015-02-21,36.84,17.44,47.46,0.0,0.46
2015-02-22,36.92,19.62,43.04,0.0,0.46
2015-02-23,37.49,19.45,37.71,0.0,0.46
2015-02-24,37.03,18.43,39.41,0.0,0.46
2015-02-25,37.3,18.42,48.3,0.0,0.46
2015-02-26,37.09,18.58,45.29,0.0,0.46
2015-02-27,37.27,18.08,43.87,0.0,0.46
2015-02-28,38.68,17.73,42.09,0.0,0.46
2015-03-01,40.19,19.11,38.73,0.0,0.46
2015-03-02,40.37,22.95,36.45,0.0,0.46
2015-03-03,40.54,23.8,37.3,0.0,0.46
2015-03-04,40.22,22.9,39.62,0.0,0.46
2015-03-05,39.49,21.28,48.07,0.0,0.46
2015-03-06,39.76,22.2,45.36,0.0,0.46
2015-03-07,39.14,19.75,41.41,0.0,0.46
2015-03-08,39.37,19.64,41.76,0.03,0.46
2015-03-09,39.81,20.85,42.49,0.0,0.46
2015-03-10,40.27,22.82,42.92,0.01,0.46
2015-03-11,40.65,23.17,37.25,0.0,0.46
2015-03-12,40.9,22.93,41.32,0.0,0.46
2015-03-13,40.71,21.87,34.64,0.0,0.46
2015-03-14,39.41,20.28,36.86,0.0,0.45
2015-03-15,39.82,22.35,51.39,0.0,0.45
2015-03-16,39.78,23.05,51.9,0.0,0.45
2015-03-17,40.09,24.03,55.0,0.01,0.45
2015-03-18,40.94,22.95,45.07,0.02,0.45
2015-03-19,40.38,21.35,45.72,0.01,0.45
2015-03-20,41.81,22.89,45.34,0.0,0.45
2015-03-21,41.88,21.62,35.9,1.2,0.46
2015-03-22,40.17,21.79,44.32,0.06,0.46
2015-03-23,39.33,22.74,54.14,1.4,0.46
2015-03-24,39.36,23.24,53.02,9.6,0.47
2015-03-25,34.0,25.78,67.66,1.13,0.48
2015-03-26,31.92,24.27,72.37,14.34,0.49
2015-03-27,35.78,24.07,64.21,0.36,0.5
2015-03-28,36.57,24.02,61.64,2.28,0.49
2015-03-29,37.14,23.92,57.21,0.01,0.49
2015-03-30,38.69,23.67,53.2,0.0,0.48
2015-03-31,38.58,22.78,47.65,0.0,0.48
2015-04-01,37.98,21.82,53.51,0.0,0.48
2015-04-02,37.51,23.34,57.1,0.0,0.47
2015-04-03,38.39,22.77,55.27,0.0,0.47
2015-04-04,39.53,24.43,53.1,0.0,0.47
2015-04-05,40.3,24.47,48.64,0.0,0.46
2015-04-06,40.26,24.39,46.43,0.0,0.46
2015-04-07,41.3,24.4,41.96,0.0,0.46
2015-04-08,42.48,24.97,44.82,0.07,0.46
2015-04-09,41.19,26.79,43.66,0.01,0.46
2015-04-10,40.9,26.16,43.5,0.07,0.46
2015-04-11,40.93,25.48,42.44,0.86,0.46
2015-04-12,38.47,24.75,52.05,7.54,0.47
2015-04-13,37.43,25.81,55.4,0.14,0.47
2015-04-14,37.26,27.18,52.38,0.23,0.47
2015-04-15,37.75,26.91,48.11,0.35,0.47
2015-04-16,39.14,27.28,46.53,0.0,0.46
2015-04-17,41.25,26.73,46.26,0.0,0.46
2015-04-18,37.87,27.07,49.59,0.0,0.46
2015-04-19,41.11,26.35,46.93,0.0,0.46
2015-04-20,41.68,26.8,43.58,0.0,0.46
2015-04-21,42.18,26.88,48.7,0.26,0.46
2015-04-22,40.82,26.5,51.79,1.86,0.46
2015-04-23,37.63,27.75,56.41,4.74,0.46
2015-04-24,32.76,27.23,71.38,10.77,0.48
2015-04-25,36.29,26.16,64.08,3.87,0.49
2015-04-26,37.31,25.65,63.71,1.92,0.49
2015-04-27,36.43,26.57,61.73,0.31,0.48
2015-04-28,38.65,25.55,55.22,1.18,0.48
2015-04-29,39.26,26.03,52.49,0.09,0.48
2015-04-30,39.88,25.08,47.85,0.01,0.47
2015-05-01,39.82,26.05,51.02,0.02,0.47
2015-05-02,39.39,27.06,51.2,0.0,0.47
2015-05-03,40.95,27.19,47.87,0.0,0.47
2015-05-04,40.25,27.87,48.72,0.01,0.46
2015-05-05,41.21,27.36,51.36,1.58,0.46
2015-05-06,38.33,26.56,55.23,2.74,0.47
2015-05-07,40.21,27.17,52.83,0.05,0.47
2015-05-08,41.33,27.11,47.45,0.01,0.46
2015-05-09,41.06,27.39,48.18,0.06,0.46
2015-05-10,41.31,27.97,48.95,0.27,0.46
2015-05-11,41.54,27.83,48.51,0.04,0.46
2015-05-12,42.09,27.22,47.93,0.0,0.46
2015-05-13,41.22,28.04,45.7,0.03,0.46
2015-05-14,41.5,28.59,53.31,1.35,0.46
2015-05-15,38.14,29.09,55.27,0.46,0.46
2015-05-16,36.81,29.05,58.55,1.42,0.46
2015-05-17,33.64,26.69,73.44,21.85,0.48
2015-05-18,32.5,25.99,77.75,7.42,0.51
2015-05-19,32.28,26.18,80.0,24.39,0.53
2015-05-20,33.82,25.55,74.65,9.44,0.56
2015-05-21,31.19,26.17,85.3,40.48,0.59
2015-05-22,30.67,25.11,85.07,24.47,0.63
2015-05-23,33.21,24.93,74.78,1.31,0.64
2015-05-24,31.53,25.34,74.71,0.12,0.63
2015-05-25,34.51,25.73,73.56,0.21,0.62
2015-05-26,36.43,24.96,68.17,0.32,0.61
2015-05-27,34.93,26.0,71.82,0.58,0.6
2015-05-28,33.99,26.31,71.6,1.46,0.6
2015-05-29,33.16,25.29,75.46,5.78,0.6
2015-05-30,34.97,25.71,73.9,2.96,0.6
2015-05-31,34.11,26.1,75.4,3.3,0.6
2015-06-01,33.0,25.87,80.25,6.86,0.6
2015-06-02,33.32,25.68,77.91,1.06,0.61
2015-06-03,34.27,25.69,73.83,1.11,0.6
2015-06-04,34.33,27.06,71.41,1.38,0.6
2015-06-05,34.01,25.76,74.21,1.64,0.6
2015-06-06,36.45,25.84,68.85,0.64,0.59
2015-06-07,36.68,26.63,67.51,0.9,0.59
2015-06-08,32.53,26.35,80.68,27.83,0.6
2015-06-09,32.99,25.91,78.69,21.29,0.65
2015-06-10,33.55,25.06,77.66,8.42,0.66
2015-06-11,34.38,25.15,75.76,3.62,0.66
2015-06-12,33.8,25.52,76.46,0.38,0.65
2015-06-13,32.78,25.5,76.27,0.87,0.64
2015-06-14,33.83,25.06,74.23,3.5,0.64
2015-06-15,32.1,25.38,80.11,7.61,0.65
2015-06-16,31.36,25.37,82.32,5.45,0.65
2015-06-17,30.46,25.13,83.71,0.64,0.65
2015-06-18,31.08,25.43,83.38,1.42,0.65
2015-06-19,32.57,25.03,80.32,1.86,0.64
2015-06-20,32.4,25.31,80.59,6.1,0.64
2015-06-21,33.31,25.28,77.65,2.53,0.64
2015-06-22,33.09,24.89,77.77,2.84,0.64
2015-06-23,31.72,26.03,81.81,15.47,0.65
2015-06-24,30.56,25.77,84.72,29.25,0.68
2015-06-25,29.86,25.13,89.41,33.01,0.73
2015-06-26,28.58,25.14,90.38,29.29,0.75
2015-06-27,29.01,24.61,87.75,11.52,0.78
2015-06-28,28.7,23.85,88.04,4.67,0.78
2015-06-29,29.11,23.43,86.47,8.09,0.78
2015-06-30,31.43,23.38,79.32,1.15,0.77
2015-07-01,32.59,22.99,79.42,5.28,0.76
2015-07-02,33.19,24.06,80.57,6.54,0.76
2015-07-03,32.6,25.39,83.39,17.85,0.76
2015-07-04,31.12,25.86,87.12,16.65,0.79
2015-07-05,30.27,25.54,87.07,18.3,0.79
2015-07-06,31.07,25.15,86.45,11.91,0.8
2015-07-07,30.76,25.6,85.94,11.02,0.8
2015-07-08,30.99,25.52,87.1,14.73,0.8
2015-07-09,30.33,23.72,88.0,38.14,0.84
2015-07-10,31.47,23.36,85.23,1.24,0.84
2015-07-11,31.28,24.98,85.96,2.32,0.83
2015-07-12,32.74,24.14,82.44,6.86,0.82
2015-07-13,32.14,24.74,85.4,27.93,0.84
2015-07-14,30.42,25.97,88.52,2.54,0.85
2015-07-15,30.54,25.83,88.07,9.6,0.84
2015-07-16,30.35,25.6,90.04,22.77,0.85
2015-07-17,29.67,25.86,90.92,20.09,0.87
2015-07-18,29.39,25.51,91.87,32.93,0.9
2015-07-19,28.89,25.26,90.36,6.19,0.91
2015-07-20,29.68,24.98,89.5,6.02,0.9
2015-07-21,28.26,25.14,92.27,50.15,0.92
2015-07-22,29.72,24.95,90.71,6.79,0.93
2015-07-23,28.99,25.2,91.34,16.74,0.93
2015-07-24,28.65,24.42,89.78,6.03,0.93
2015-07-25,29.19,24.3,90.95,20.8,0.94
2015-07-26,27.88,24.79,90.7,51.15,0.96
2015-07-27,29.23,24.46,88.84,26.83,0.97
2015-07-28,28.6,25.04,90.77,20.29,0.98
2015-07-29,28.76,24.96,90.39,33.36,0.98
2015-07-30,28.33,25.39,93.34,54.85,0.99
2015-07-31,27.97,25.36,94.04,19.26,0.99
2015-08-01,28.12,24.62,92.81,6.77,0.99
2015-08-02,27.97,24.25,93.14,29.11,0.99
2015-08-03,27.75,23.97,93.04,16.43,1.0
2015-08-04,27.6,23.75,92.88,14.73,1.0
2015-08-05,28.82,24.2,90.47,3.11,0.99
2015-08-06,29.72,23.94,90.93,8.06,0.99
2015-08-07,29.97,24.3,90.45,2.96,0.99
2015-08-08,29.79,24.78,90.39,1.03,0.99
2015-08-09,31.45,24.69,88.51,1.58,0.98
2015-08-10,28.96,24.8,90.83,3.12,0.98
2015-08-11,30.61,24.79,88.18,2.38,0.97
2015-08-12,29.33,24.79,91.92,20.08,0.97
2015-08-13,28.66,24.68,91.37,4.32,0.98
2015-08-14,29.79,24.0,88.46,12.97,0.98
2015-08-15,30.87,23.79,85.75,2.91,0.97
2015-08-16,29.48,24.94,88.78,13.09,0.98
2015-08-17,30.35,24.53,87.66,1.57,0.97
2015-08-18,30.05,24.62,89.07,7.11,0.97
2015-08-19,28.18,24.21,89.42,0.78,0.97
2015-08-20,30.23,24.21,90.29,2.07,0.96
2015-08-21,27.03,24.5,92.53,15.48,0.97
2015-08-22,29.09,24.03,90.67,4.7,0.97
2015-08-23,29.4,24.78,89.99,11.27,0.97
2015-08-24,30.62,25.02,89.29,11.43,0.97
2015-08-25,29.61,24.38,89.87,15.55,0.97
2015-08-26,30.15,24.45,89.08,3.95,0.96
2015-08-27,29.35,24.26,88.74,5.33,0.96
2015-08-28,29.91,24.12,88.0,3.39,0.96
2015-08-29,30.77,24.32,87.5,5.54,0.95
2015-08-30,30.45,24.84,87.83,14.65,0.95
2015-08-31,30.36,24.38,87.47,2.96,0.95
2015-09-01,30.85,24.51,88.45,6.58,0.95
2015-09-02,30.52,25.15,88.44,6.27,0.94
2015-09-03,31.05,24.79,87.17,0.18,0.94
2015-09-04,30.42,24.32,86.79,2.59,0.93
2015-09-05,28.92,23.91,91.4,7.02,0.93
2015-09-06,29.69,24.29,89.35,4.35,0.93
2015-09-07,30.32,24.59,89.97,4.75,0.92
2015-09-08,28.7,24.74,92.7,3.77,0.92
2015-09-09,29.79,24.82,90.62,2.58,0.92
2015-09-10,29.46,24.79,92.81,8.25,0.92
2015-09-11,29.48,24.88,91.65,7.75,0.92
2015-09-12,28.2,24.56,93.88,7.94,0.92
2015-09-13,28.16,24.53,91.43,3.98,0.92
2015-09-14,30.43,24.02,88.03,2.66,0.92
2015-09-15,30.44,23.97,87.53,5.43,0.91
2015-09-16,31.17,24.34,87.89,15.57,0.91
2015-09-17,32.23,25.47,86.48,18.16,0.93
2015-09-18,27.47,25.22,94.12,26.36,0.94
2015-09-19,29.04,24.44,88.93,2.09,0.95
2015-09-20,30.89,23.69,86.63,0.04,0.94
2015-09-21,31.35,24.17,87.43,0.55,0.93
2015-09-22,29.34,25.12,91.87,16.87,0.93
2015-09-23,29.27,25.11,91.31,18.11,0.94
2015-09-24,30.63,24.7,88.54,2.16,0.95
2015-09-25,31.06,24.13,87.37,1.25,0.93
2015-09-26,30.54,24.43,88.58,0.47,0.93
2015-09-27,31.44,25.01,86.41,0.54,0.92
2015-09-28,30.65,24.94,87.87,3.1,0.91
2015-09-29,30.18,24.88,89.77,0.93,0.91
2015-09-30,30.45,25.09,88.49,5.05,0.91
2015-10-01,30.59,24.94,89.12,1.88,0.9
2015-10-02,30.94,24.53,86.67,1.04,0.9
2015-10-03,30.28,24.65,87.94,8.97,0.9
2015-10-04,30.7,24.43,88.44,2.68,0.9
2015-10-05,29.77,24.47,88.5,8.95,0.9
2015-10-06,28.54,25.11,92.07,5.71,0.9
2015-10-07,29.85,24.8,90.21,5.29,0.9
2015-10-08,30.17,24.57,89.74,6.41,0.9
2015-10-09,29.34,24.85,92.52,18.13,0.9
2015-10-10,28.06,24.41,93.28,15.45,0.91
2015-10-11,28.53,23.74,89.87,20.02,0.93
2015-10-12,27.82,23.81,89.47,3.52,0.93
2015-10-13,28.54,23.33,88.7,0.12,0.92
2015-10-14,30.01,22.87,83.27,0.02,0.91
2015-10-15,30.92,22.74,80.69,0.06,0.9
2015-10-16,31.82,22.9,80.35,0.01,0.9
2015-10-17,32.23,23.81,82.96,1.01,0.89
2015-10-18,32.17,24.53,84.62,8.97,0.89
2015-10-19,32.1,24.5,83.84,0.44,0.88
2015-10-20,32.14,24.12,82.44,0.45,0.87
2015-10-21,32.67,23.3,79.77,0.04,0.86
2015-10-22,32.25,22.35,77.39,0.23,0.85
2015-10-23,31.49,22.16,79.14,1.53,0.84
2015-10-24,30.7,22.24,83.17,0.28,0.83
2015-10-25,31.26,23.28,80.62,0.08,0.83
2015-10-26,30.14,23.07,81.31,0.01,0.82
2015-10-27,30.83,21.91,81.62,0.08,0.81
2015-10-28,30.09,24.16,84.65,9.9,0.8
2015-10-29,28.52,23.67,83.72,1.17,0.81
2015-10-30,31.03,22.66,83.15,3.99,0.81
2015-10-31,30.54,24.81,82.86,2.39,0.8
2015-11-01,30.79,23.94,81.0,0.31,0.8
2015-11-02,30.95,23.1,83.07,1.65,0.79
2015-11-03,29.59,23.88,84.54,0.5,0.79
2015-11-04,31.14,22.58,81.61,0.04,0.78
2015-11-05,31.57,22.57,78.21,0.19,0.77
2015-11-06,32.33,23.25,79.19,0.03,0.76
2015-11-07,32.41,23.3,80.24,0.3,0.76
2015-11-08,30.0,24.25,85.87,2.89,0.75
2015-11-09,30.68,24.31,84.66,7.41,0.76
2015-11-10,30.38,24.54,84.94,3.65,0.76
2015-11-11,30.99,23.46,84.43,1.35,0.76
2015-11-12,31.68,23.82,81.5,0.49,0.75
2015-11-13,32.5,24.1,79.75,0.01,0.74
2015-11-14,31.89,23.3,79.83,0.01,0.73
2015-11-15,32.38,23.31,80.21,0.01,0.72
2015-11-16,32.7,23.77,78.85,0.01,0.72
2015-11-17,33.03,23.43,76.77,0.0,0.71
2015-11-18,33.16,23.53,75.6,0.0,0.7
2015-11-19,32.98,24.05,74.64,0.0,0.69
2015-11-20,33.01,23.42,75.68,0.0,0.69
2015-11-21,33.27,23.22,74.07,0.0,0.68
2015-11-22,32.83,22.86,75.74,0.02,0.67
2015-11-23,33.4,21.67,70.13,0.03,0.67
2015-11-24,33.27,20.61,67.93,0.0,0.66
2015-11-25,33.41,21.0,68.45,0.0,0.65
2015-11-26,33.28,22.17,74.31,0.56,0.65
2015-11-27,31.92,23.43,76.05,0.41,0.64
2015-11-28,31.88,22.53,72.14,0.0,0.64
2015-11-29,32.19,21.66,73.5,0.0,0.63
2015-11-30,33.31,21.19,72.36,0.0,0.62
2015-12-01,32.88,22.21,72.48,0.0,0.62
2015-12-02,33.15,22.18,71.43,0.0,0.61
2015-12-03,33.7,21.78,69.78,0.09,0.61
2015-12-04,31.38,22.39,76.15,4.53,0.61
2015-12-05,32.11,20.52,75.35,0.29,0.61
2015-12-06,30.78,21.5,79.84,2.33,0.6
2015-12-07,30.7,22.5,78.84,0.16,0.6
2015-12-08,31.18,21.18,75.33,0.0,0.6
2015-12-09,32.67,20.19,67.09,0.0,0.59
2015-12-10,31.19,17.62,62.96,0.0,0.59
2015-12-11,30.68,17.83,67.84,0.0,0.58
2015-12-12,30.78,18.65,72.21,0.0,0.58
2015-12-13,31.56,20.16,72.8,0.0,0.57
2015-12-14,33.15,20.79,70.47,0.0,0.57
2015-12-15,33.27,20.91,69.42,0.0,0.56
2015-12-16,33.24,22.01,70.84,0.08,0.56
2015-12-17,29.48,21.91,77.08,4.93,0.56
2015-12-18,29.93,21.23,69.7,0.05,0.56
2015-12-19,30.92,20.21,68.09,0.01,0.56
2015-12-20,30.93,21.84,68.22,0.01,0.55
2015-12-21,31.44,19.78,65.75,0.07,0.55
2015-12-22,32.81,18.93,61.9,0.0,0.55
2015-12-23,33.56,19.38,57.22,0.0,0.54
2015-12-24,33.55,19.21,60.16,0.0,0.54
2015-12-25,34.08,20.46,63.56,0.0,0.53
2015-12-26,33.76,20.99,62.96,0.0,0.53
2015-12-27,33.65,20.78,63.45,0.0,0.53
2015-12-28,34.3,20.74,64.62,0.0,0.52
2015-12-29,33.6,20.76,65.71,0.0,0.52
2015-12-30,31.92,20.5,69.07,0.0,0.52
2015-12-31,32.33,20.63,64.29,0.0,0.52
2016-01-01,31.66,20.14,64.42,0.0,0.51
2016-01-02,32.23,19.28,62.7,0.0,0.51
2016-01-03,32.4,20.18,63.15,0.0,0.51
2016-01-04,31.73,18.38,53.69,0.0,0.5
2016-01-05,31.61,14.72,52.3,0.0,0.5
2016-01-06,32.01,15.08,55.22,0.0,0.5
2016-01-07,32.65,15.85,54.27,0.0,0.5
2016-01-08,32.68,16.45,54.01,0.0,0.49
2016-01-09,30.57,15.65,49.86,0.0,0.49
2016-01-10,31.43,15.5,45.06,0.0,0.49
2016-01-11,31.6,16.13,43.69,0.0,0.49
2016-01-12,31.21,16.36,46.93,0.0,0.49
2016-01-13,32.29,16.57,54.39,0.0,0.48
2016-01-14,31.55,17.69,60.02,0.0,0.48
2016-01-15,32.59,16.61,47.03,0.0,0.48
2016-01-16,31.65,15.01,49.05,0.0,0.48
2016-01-17,32.47,13.81,42.15,0.0,0.48
2016-01-18,32.65,15.45,42.55,0.0,0.48
2016-01-19,34.28,16.03,43.7,0.0,0.48
2016-01-20,35.16,17.02,54.84,0.0,0.47
2016-01-21,35.87,18.55,57.56,0.0,0.47
2016-01-22,36.02,20.47,50.53,0.03,0.47
2016-01-23,35.96,20.64,52.56,0.0,0.47
2016-01-24,34.51,21.36,49.44,0.94,0.47
2016-01-25,24.8,15.69,57.85,14.09,0.48
2016-01-26,18.59,14.43,84.98,21.51,0.52
2016-01-27,26.78,15.35,77.69,0.3,0.54
2016-01-28,31.07,18.04,65.34,0.15,0.53
2016-01-29,31.8,14.62,51.2,0.0,0.53
2016-01-30,32.15,15.58,59.64,0.0,0.52
2016-01-31,32.21,15.34,54.2,0.0,0.52
2016-02-01,33.44,15.11,50.42,0.0,0.51
2016-02-02,36.01,15.76,43.72,0.0,0.51
2016-02-03,34.54,15.94,46.58,0.0,0.51
2016-02-04,33.82,15.6,48.11,0.0,0.5
2016-02-05,34.01,15.64,52.85,0.0,0.5
2016-02-06,32.71,16.85,60.41,0.0,0.5
2016-02-07,29.58,18.64,52.72,0.0,0.49
2016-02-08,29.32,16.98,47.3,0.0,0.49
2016-02-09,30.14,14.1,51.02,0.0,0.49
2016-02-10,31.28,13.77,55.35,0.0,0.49
2016-02-11,32.59,16.13,64.27,0.0,0.48
2016-02-12,33.39,16.65,59.87,0.0,0.48
2016-02-13,34.42,17.1,59.24,0.0,0.48
2016-02-14,35.51,17.88,59.03,0.0,0.48
2016-02-15,36.51,18.13,52.33,0.0,0.47
2016-02-16,37.9,18.19,48.83,0.0,0.47
2016-02-17,37.25,18.6,45.79,0.0,0.47
2016-02-18,37.34,19.47,51.73,0.0,0.47
2016-02-19,37.76,19.9,47.27,0.0,0.47
2016-02-20,37.83,19.75,48.57,0.0,0.47
2016-02-21,37.23,20.78,57.23,0.0,0.46
2016-02-22,36.54,21.69,58.81,0.0,0.46
2016-02-23,36.97,21.65,54.83,0.0,0.46
2016-02-24,38.0,21.87,50.97,0.0,0.46
2016-02-25,34.98,23.33,53.49,0.5,0.46
2016-02-26,35.09,22.56,50.7,0.49,0.46
2016-02-27,35.55,22.59,47.94,0.36,0.46
2016-02-28,36.43,22.99,48.73,0.06,0.46
2016-02-29,35.75,24.13,53.13,3.04,0.46
2016-03-01,33.86,24.16,53.57,0.03,0.47
2016-03-02,36.44,23.56,48.22,0.0,0.46
2016-03-03,37.72,22.96,48.58,0.0,0.46
2016-03-04,37.51,23.06,41.05,0.0,0.46
2016-03-05,38.23,22.23,39.53,0.0,0.46
2016-03-06,38.73,21.3,44.84,0.0,0.46
2016-03-07,39.3,23.01,44.26,0.0,0.46
2016-03-08,39.96,21.8,39.38,0.0,0.46
2016-03-09,38.17,21.98,49.58,0.0,0.46
2016-03-10,39.26,22.94,47.02,0.0,0.46
2016-03-11,40.49,23.42,39.3,0.0,0.46
2016-03-12,39.55,22.55,49.46,0.0,0.46
2016-03-13,39.69,24.08,51.8,0.0,0.46
2016-03-14,40.04,23.75,53.63,0.0,0.46
2016-03-15,39.59,23.92,52.38,0.0,0.46
2016-03-16,39.16,22.9,48.4,0.0,0.46
2016-03-17,39.9,23.6,46.15,0.0,0.46
2016-03-18,40.07,23.88,44.3,0.0,0.46
2016-03-19,40.12,22.52,41.26,0.0,0.46
2016-03-20,39.68,23.36,48.14,0.0,0.46
2016-03-21,40.2,23.12,49.6,0.0,0.46
2016-03-22,39.63,23.92,52.42,0.0,0.46
2016-03-23,39.4,24.21,53.28,0.0,0.46
2016-03-24,39.86,24.79,49.32,0.0,0.46
2016-03-25,41.31,25.2,47.08,0.0,0.46
2016-03-26,40.01,24.63,50.6,0.0,0.46
2016-03-27,39.56,24.5,48.72,0.07,0.46
2016-03-28,37.8,24.86,46.15,0.78,0.46
2016-03-29,38.34,24.85,45.5,0.03,0.46
2016-03-30,38.39,24.31,45.56,0.0,0.46
2016-03-31,39.73,24.25,43.31,0.0,0.46
2016-04-01,37.37,24.67,44.74,0.0,0.46
2016-04-02,38.92,24.87,47.44,0.0,0.46
2016-04-03,40.48,23.72,45.69,0.0,0.46
2016-04-04,40.93,24.97,47.24,0.0,0.46
2016-04-05,40.9,25.29,45.46,0.0,0.46
2016-04-06,40.8,25.01,49.12,0.0,0.46
2016-04-07,41.52,25.54,50.67,0.0,0.46
2016-04-08,42.09,25.85,49.11,0.0,0.46
2016-04-09,41.6,26.55,48.96,0.07,0.46
2016-04-10,42.14,25.55,48.15,0.28,0.46
2016-04-11,43.09,25.41,46.23,0.0,0.46
2016-04-12,42.3,26.44,50.49,0.0,0.46
2016-04-13,41.75,26.65,49.76,0.0,0.46
2016-04-14,42.08,26.43,49.15,0.0,0.46
2016-04-15,42.97,27.22,46.05,0.0,0.46
2016-04-16,42.78,26.67,46.67,0.0,0.46
2016-04-17,42.67,26.17,49.03,0.0,0.46
2016-04-18,43.33,26.8,44.94,0.0,0.46
2016-04-19,43.48,26.66,43.25,0.01,0.45
2016-04-20,43.06,26.44,41.87,0.0,0.45
2016-04-21,42.22,26.44,47.84,0.0,0.45
2016-04-22,41.12,28.16,46.92,0.0,0.45
2016-04-23,40.13,27.2,50.78,0.0,0.45
2016-04-24,41.39,28.43,47.31,0.0,0.45
2016-04-25,42.17,28.57,44.51,0.0,0.45
2016-04-26,43.0,28.12,41.98,0.02,0.45
2016-04-27,42.84,27.18,43.66,0.03,0.45
2016-04-28,43.54,27.95,48.11,0.61,0.45
2016-04-29,41.54,28.11,51.43,2.66,0.46
2016-04-30,39.56,27.4,57.92,8.47,0.47
2016-05-01,40.26,27.37,55.28,0.4,0.47
2016-05-02,40.51,27.14,51.91,0.58,0.47
2016-05-03,40.92,27.43,47.03,0.02,0.46
2016-05-04,41.3,28.04,42.46,0.02,0.46
2016-05-05,42.49,27.72,39.56,0.0,0.46
2016-05-06,42.12,27.77,41.41,0.0,0.46
2016-05-07,43.69,27.12,40.94,0.0,0.46
2016-05-08,43.81,27.21,43.22,0.0,0.46
2016-05-09,43.43,28.13,41.38,0.0,0.46
2016-05-10,43.45,27.83,41.85,0.0,0.46
2016-05-11,44.24,28.16,43.97,0.01,0.46
2016-05-12,40.99,27.78,50.91,0.03,0.46
2016-05-13,40.32,28.4,49.1,0.05,0.46
2016-05-14,42.22,29.75,44.36,0.12,0.46
2016-05-15,41.87,29.7,48.51,1.16,0.46
2016-05-16,42.69,29.33,46.7,0.08,0.46
2016-05-17,41.37,29.09,48.7,0.14,0.46
2016-05-18,41.16,29.61,50.62,0.28,0.46
2016-05-19,35.35,29.53,61.34,1.6,0.46
2016-05-20,34.02,27.91,65.69,2.33,0.46
2016-05-21,32.37,27.32,78.21,12.3,0.47
2016-05-22,34.77,26.69,70.63,9.31,0.5
2016-05-23,35.28,26.58,68.47,4.68,0.5
2016-05-24,33.33,26.42,74.52,8.66,0.51
2016-05-25,33.5,26.39,74.67,4.18,0.51
2016-05-26,37.54,26.73,61.82,1.08,0.51
2016-05-27,36.05,27.11,62.62,1.87,0.51
2016-05-28,37.56,26.99,61.13,0.47,0.51
2016-05-29,36.47,27.28,58.83,0.26,0.5
2016-05-30,33.78,26.43,67.84,6.81,0.5
2016-05-31,34.48,26.23,72.51,8.55,0.51
2016-06-01,32.9,25.95,77.58,8.09,0.53
2016-06-02,30.22,25.91,83.8,6.22,0.54
2016-06-03,30.55,25.58,82.57,4.59,0.54
2016-06-04,30.42,25.76,84.97,21.93,0.56
2016-06-05,32.98,25.66,78.62,5.94,0.58
2016-06-06,32.68,25.67,78.65,4.74,0.58
2016-06-07,31.13,25.66,82.57,17.72,0.59
2016-06-08,35.58,24.7,72.52,10.74,0.61
2016-06-09,33.39,25.83,73.63,3.76,0.62
2016-06-10,32.1,25.77,82.34,52.35,0.64
2016-06-11,29.72,26.27,91.06,52.2,0.73
2016-06-12,31.22,25.43,84.56,11.46,0.77
2016-06-13,29.84,25.11,86.81,12.91,0.77
2016-06-14,28.55,24.72,91.0,14.89,0.78
2016-06-15,29.28,25.31,89.45,10.73,0.79
2016-06-16,30.82,25.44,85.99,5.26,0.79
2016-06-17,28.68,25.25,91.9,7.19,0.8
2016-06-18,29.75,24.85,88.7,3.12,0.8
2016-06-19,31.48,24.13,84.02,1.07,0.79
2016-06-20,30.86,24.46,85.4,0.42,0.78
2016-06-21,31.5,24.76,84.6,5.86,0.78
2016-06-22,30.25,24.91,86.46,35.72,0.81
2016-06-23,31.77,24.91,83.88,2.32,0.82
2016-06-24,30.31,25.21,87.5,12.56,0.82
2016-06-25,29.31,25.74,90.56,8.62,0.82
2016-06-26,29.31,25.51,91.18,4.09,0.83
2016-06-27,30.41,25.86,89.54,0.5,0.82
2016-06-28,31.39,25.82,87.21,0.5,0.82
2016-06-29,30.92,25.26,88.71,1.11,0.81
2016-06-30,29.91,25.53,90.55,10.88,0.81
2016-07-01,30.47,25.63,87.89,8.91,0.82
2016-07-02,29.92,25.62,88.81,23.67,0.84
2016-07-03,29.52,25.54,89.94,23.48,0.86
2016-07-04,30.74,25.07,87.16,5.48,0.87
2016-07-05,31.23,24.55,85.54,13.07,0.87
2016-07-06,31.16,24.88,87.6,4.87,0.87
2016-07-07,30.52,24.98,88.13,11.94,0.87
2016-07-08,28.28,24.68,91.45,11.6,0.88
2016-07-09,29.71,25.44,90.06,11.55,0.89
2016-07-10,30.35,25.41,88.07,13.26,0.88
2016-07-11,30.54,25.19,86.83,9.49,0.88
2016-07-12,31.02,25.46,87.3,8.53,0.88
2016-07-13,30.65,25.54,89.67,11.79,0.88
2016-07-14,28.98,25.28,91.38,29.25,0.9
2016-07-15,29.95,24.62,86.56,0.74,0.91
2016-07-16,29.94,24.47,87.74,22.62,0.91
2016-07-17,29.48,24.83,88.44,0.8,0.92
2016-07-18,31.24,24.45,85.83,1.15,0.91
2016-07-19,30.14,24.85,88.87,6.38,0.91
2016-07-20,29.99,25.0,88.46,7.55,0.91
2016-07-21,29.65,24.44,87.86,10.98,0.91
2016-07-22,29.85,24.08,88.25,14.75,0.92
2016-07-23,30.64,24.8,86.78,7.92,0.92
2016-07-24,30.15,24.58,87.03,7.75,0.92
2016-07-25,29.55,24.42,85.12,1.33,0.92
2016-07-26,32.68,23.17,79.97,3.71,0.91
2016-07-27,31.31,24.66,85.85,17.7,0.91
2016-07-28,29.12,25.13,90.31,8.99,0.92
2016-07-29,29.71,24.62,90.32,18.08,0.93
2016-07-30,27.84,24.81,92.44,26.06,0.94
2016-07-31,29.64,24.53,88.93,8.69,0.95
2016-08-01,29.49,24.99,89.34,4.83,0.95
2016-08-02,30.33,25.34,89.62,3.57,0.94
2016-08-03,28.67,25.3,92.92,14.61,0.94
2016-08-04,28.67,25.18,91.74,13.04,0.95
2016-08-05,29.13,24.67,89.25,11.24,0.95
2016-08-06,30.04,24.28,88.1,2.6,0.95
2016-08-07,29.1,24.3,88.13,0.91,0.94
2016-08-08,30.1,23.56,87.3,5.04,0.93
2016-08-09,30.45,23.95,87.6,4.77,0.93
2016-08-10,31.12,23.8,86.25,2.78,0.93
2016-08-11,30.35,25.11,89.78,5.21,0.92
2016-08-12,28.67,25.07,92.42,6.77,0.92
2016-08-13,30.03,24.84,88.79,12.07,0.93
2016-08-14,27.29,24.2,90.61,21.79,0.94
2016-08-15,28.31,24.29,91.49,14.37,0.94
2016-08-16,29.7,24.36,89.31,25.75,0.95
2016-08-17,30.37,25.37,89.28,9.41,0.95
2016-08-18,30.86,25.18,90.17,13.32,0.96
2016-08-19,29.89,25.07,90.12,7.0,0.96
2016-08-20,30.57,25.34,89.06,4.12,0.95
2016-08-21,31.61,24.94,88.22,10.42,0.95
2016-08-22,31.82,24.47,85.88,8.24,0.95
2016-08-23,30.0,25.1,90.04,24.68,0.96
2016-08-24,29.53,25.04,89.31,2.16,0.96
2016-08-25,31.67,24.54,85.82,2.02,0.95
2016-08-26,29.29,25.32,90.1,2.68,0.95
2016-08-27,30.48,24.76,88.05,0.27,0.94
2016-08-28,30.5,25.45,88.64,6.58,0.94
2016-08-29,29.12,25.38,90.11,4.17,0.94
2016-08-30,28.51,24.72,91.17,1.75,0.94
2016-08-31,28.3,24.51,91.28,7.18,0.94
2016-09-01,28.36,25.19,93.58,11.09,0.94
2016-09-02,29.59,24.73,91.61,4.2,0.94
2016-09-03,27.92,24.69,92.59,5.49,0.94
2016-09-04,29.38,24.56,91.84,10.26,0.94
2016-09-05,30.03,24.97,91.06,0.47,0.94
2016-09-06,29.14,25.2,90.26,1.95,0.94
2016-09-07,30.88,24.36,86.28,1.84,0.93
2016-09-08,28.46,23.77,90.66,4.69,0.92
2016-09-09,30.61,24.2,89.09,10.6,0.92
2016-09-10,30.1,24.91,89.0,10.37,0.93
2016-09-11,28.68,24.1,90.39,22.49,0.94
2016-09-12,30.41,23.11,82.92,8.53,0.94
2016-09-13,27.53,24.0,88.65,28.5,0.96
2016-09-14,28.66,23.94,91.8,22.06,0.96
2016-09-15,29.36,24.49,90.79,3.24,0.97
2016-09-16,29.46,24.22,89.98,1.66,0.96
2016-09-17,30.58,24.92,88.76,1.82,0.96
2016-09-18,28.61,25.43,92.69,3.41,0.95
2016-09-19,31.28,24.91,86.82,7.13,0.95
2016-09-20,29.83,25.03,88.66,13.14,0.96
2016-09-21,28.89,24.54,89.72,7.66,0.96
2016-09-22,29.18,24.22,90.58,1.16,0.95
2016-09-23,29.29,24.25,88.24,0.88,0.95
2016-09-24,30.75,24.15,87.28,3.12,0.94
2016-09-25,28.44,24.91,93.61,15.14,0.95
2016-09-26,29.6,24.59,90.29,6.2,0.95
2016-09-27,30.24,24.4,88.85,0.9,0.95
2016-09-28,31.44,24.33,87.48,3.41,0.94
2016-09-29,28.94,24.6,91.67,9.04,0.94
2016-09-30,30.21,24.33,89.04,5.25,0.94
2016-10-01,30.75,24.14,86.18,6.68,0.94
2016-10-02,30.55,24.52,88.59,5.51,0.94
2016-10-03,29.13,24.68,91.66,36.33,0.95
2016-10-04,30.3,24.66,88.11,18.87,0.97
2016-10-05,28.93,24.08,91.88,19.69,0.97
2016-10-06,28.45,24.65,86.86,7.25,0.97
2016-10-07,27.77,24.14,90.57,6.25,0.97
2016-10-08,29.79,24.1,90.34,0.73,0.97
2016-10-09,30.44,24.03,88.13,2.5,0.96
2016-10-10,30.86,23.37,86.68,0.47,0.96
2016-10-11,31.13,22.91,85.59,2.39,0.95
2016-10-12,31.52,23.76,84.31,11.13,0.95
2016-10-13,31.05,25.04,85.16,4.51,0.95
2016-10-14,31.85,24.91,83.42,0.57,0.95
2016-10-15,30.83,25.02,83.07,7.34,0.94
2016-10-16,30.22,24.83,87.22,8.57,0.95
2016-10-17,29.11,24.57,85.5,1.17,0.95
2016-10-18,31.4,23.68,84.0,0.09,0.94
2016-10-19,31.59,24.8,86.02,0.03,0.93
2016-10-20,30.64,24.28,87.73,0.9,0.92
2016-10-21,30.32,24.86,88.08,0.13,0.91
2016-10-22,29.81,24.75,90.12,0.18,0.9
2016-10-23,29.11,25.15,90.29,2.61,0.9
2016-10-24,28.7,24.59,87.8,5.85,0.9
2016-10-25,29.56,24.35,87.59,11.95,0.9
2016-10-26,28.83,24.29,87.76,6.9,0.9
2016-10-27,29.79,23.87,88.62,7.99,0.9
2016-10-28,29.43,24.38,89.34,27.17,0.93
2016-10-29,28.33,24.11,87.98,2.9,0.93
2016-10-30,29.82,23.44,87.07,2.1,0.92
2016-10-31,28.18,23.78,87.34,0.73,0.92
2016-11-01,28.14,22.79,90.24,1.35,0.91
2016-11-02,28.58,23.25,90.31,1.49,0.91
2016-11-03,28.88,23.54,85.55,0.06,0.9
2016-11-04,30.0,22.27,84.37,0.0,0.9
2016-11-05,30.56,23.14,83.9,0.0,0.89
2016-11-06,30.12,23.57,88.52,0.05,0.88
2016-11-07,30.42,23.66,86.67,0.29,0.87
2016-11-08,30.66,24.29,87.14,3.17,0.86
2016-11-09,30.57,24.79,87.79,13.11,0.86
2016-11-10,29.98,24.04,89.43,2.66,0.87
2016-11-11,28.59,23.41,90.33,1.36,0.87
2016-11-12,30.38,23.53,84.02,0.0,0.86
2016-11-13,31.29,23.06,81.27,0.0,0.85
2016-11-14,31.22,22.97,81.69,0.0,0.85
2016-11-15,31.35,22.63,80.79,0.16,0.84
2016-11-16,31.24,23.29,82.36,0.01,0.83
2016-11-17,30.35,23.55,82.85,0.0,0.82
2016-11-18,30.61,21.99,82.4,0.0,0.81
2016-11-19,30.94,21.33,81.38,0.0,0.81
2016-11-20,30.96,22.21,78.67,0.0,0.8
2016-11-21,30.71,20.31,77.68,0.0,0.79
2016-11-22,30.18,20.26,77.69,0.0,0.78
2016-11-23,29.25,20.13,77.05,0.0,0.77
2016-11-24,29.39,17.22,73.84,0.0,0.76
2016-11-25,29.98,17.61,73.85,0.0,0.76
2016-11-26,30.69,18.02,77.91,0.04,0.75
2016-11-27,30.06,19.19,80.7,0.05,0.74
2016-11-28,29.56,21.3,85.58,0.02,0.73
2016-11-29,29.99,21.47,83.24,0.01,0.73
2016-11-30,29.25,21.86,83.36,0.0,0.72
2016-12-01,29.17,20.62,84.32,0.0,0.71
2016-12-02,30.13,20.12,82.16,0.0,0.71
2016-12-03,30.8,21.25,80.24,0.0,0.7
2016-12-04,30.61,21.52,81.84,0.06,0.7
2016-12-05,31.19,21.91,81.48,0.02,0.69
2016-12-06,29.58,22.59,79.4,0.01,0.68
2016-12-07,28.48,21.03,79.2,0.0,0.68
2016-12-08,26.06,22.15,83.3,0.19,0.67
2016-12-09,28.75,21.13,81.61,0.0,0.67
2016-12-10,29.85,20.9,78.47,0.0,0.66
2016-12-11,29.99,21.11,76.79,0.0,0.66
2016-12-12,30.14,20.72,78.24,0.0,0.65
2016-12-13,31.33,21.56,79.97,0.0,0.65
2016-12-14,32.31,22.08,77.56,0.0,0.64
2016-12-15,32.47,20.91,76.86,0.02,0.64
2016-12-16,28.13,20.73,75.53,0.02,0.63
2016-12-17,27.62,19.43,74.35,0.0,0.62
2016-12-18,29.96,20.51,74.63,0.0,0.62
2016-12-19,31.46,19.63,74.52,0.0,0.62
2016-12-20,31.82,20.02,71.42,0.0,0.61
2016-12-21,31.13,18.2,64.24,0.0,0.61
2016-12-22,31.53,18.72,69.83,0.0,0.6
2016-12-23,31.81,19.49,75.45,0.0,0.6
2016-12-24,32.16,20.73,73.98,0.0,0.59
2016-12-25,32.7,21.14,71.86,0.0,0.59
2016-12-26,33.24,21.31,72.09,0.0,0.58
2016-12-27,33.04,21.48,70.48,0.0,0.58
2016-12-28,31.22,20.79,70.0,0.0,0.57
2016-12-29,31.14,21.04,68.34,0.0,0.57
2016-12-30,29.57,19.51,69.73,0.0,0.57
2016-12-31,31.12,17.08,69.68,0.0,0.56
2017-01-01,30.92,20.62,70.44,0.0,0.56
2017-01-02,31.76,21.14,73.16,0.01,0.55
2017-01-03,31.27,22.24,73.15,1.15,0.55
2017-01-04,29.79,22.0,80.54,1.63,0.55
2017-01-05,28.05,22.41,82.73,1.78,0.55
2017-01-06,32.11,20.75,73.98,0.52,0.55
2017-01-07,33.01,21.29,69.04,0.01,0.55
2017-01-08,33.55,21.05,63.89,0.01,0.54
2017-01-09,32.7,21.35,68.45,0.03,0.54
2017-01-10,31.48,23.24,78.4,5.35,0.54
2017-01-11,31.35,22.17,79.76,1.81,0.54
2017-01-12,32.61,19.28,59.84,0.06,0.54
2017-01-13,31.36,15.79,57.16,0.0,0.54
2017-01-14,31.71,18.18,62.17,0.0,0.53
2017-01-15,32.62,16.26,62.72,0.0,0.53
2017-01-16,32.89,16.95,62.13,0.0,0.52
2017-01-17,33.39,17.11,60.78,0.0,0.52
2017-01-18,33.58,19.93,64.23,0.0,0.52
2017-01-19,35.01,22.34,65.87,0.0,0.51
2017-01-20,34.62,23.43,62.99,0.0,0.51
2017-01-21,33.97,22.67,67.76,0.0,0.51
2017-01-22,33.03,22.77,67.42,0.0,0.51
2017-01-23,32.5,20.62,64.07,0.0,0.5
2017-01-24,31.74,20.68,61.84,0.0,0.5
2017-01-25,33.92,19.57,62.05,0.0,0.5
2017-01-26,33.76,19.38,60.95,0.0,0.49
2017-01-27,34.1,20.61,57.73,0.0,0.49
2017-01-28,34.65,20.88,57.83,0.0,0.49
2017-01-29,34.98,19.04,53.59,0.0,0.49
2017-01-30,34.77,18.56,51.97,0.0,0.48
2017-01-31,34.59,18.43,55.69,0.0,0.48
2017-02-01,34.6,19.25,55.18,0.0,0.48
2017-02-02,35.12,19.82,52.95,0.0,0.48
2017-02-03,35.22,19.32,52.97,0.0,0.48
2017-02-04,35.85,18.74,47.35,0.0,0.48
2017-02-05,36.86,18.73,44.54,0.0,0.47
2017-02-06,36.11,18.52,47.0,0.0,0.47
2017-02-07,34.62,17.46,52.4,0.0,0.47
2017-02-08,35.2,17.85,56.58,0.0,0.47
2017-02-09,35.47,20.18,61.0,0.0,0.47
2017-02-10,36.12,20.24,56.93,0.0,0.47
2017-02-11,35.97,19.9,54.58,0.0,0.47
2017-02-12,34.55,21.63,56.9,0.0,0.47
2017-02-13,34.5,21.42,54.29,0.0,0.47
2017-02-14,34.81,21.26,52.93,0.0,0.46
2017-02-15,34.13,21.62,53.37,0.0,0.46
2017-02-16,35.07,21.06,50.38,0.0,0.46
2017-02-17,36.14,20.86,49.81,0.0,0.46
2017-02-18,36.91,20.72,48.85,0.0,0.46
2017-02-19,36.98,21.32,47.32,0.0,0.46
2017-02-20,36.52,20.8,40.65,0.0,0.46
2017-02-21,36.0,20.01,51.19,0.0,0.46
2017-02-22,36.9,19.99,55.08,0.0,0.46
2017-02-23,38.54,19.85,47.55,0.0,0.46
2017-02-24,39.3,19.96,44.34,0.0,0.46
2017-02-25,38.2,20.78,47.03,0.0,0.46
2017-02-26,37.68,19.2,38.6,0.01,0.46
2017-02-27,37.83,18.42,43.63,0.0,0.46
2017-02-28,38.45,19.89,39.35,0.0,0.46
2017-03-01,38.7,20.74,34.86,0.0,0.46
2017-03-02,39.13,21.08,39.76,0.0,0.46
2017-03-03,38.66,22.27,41.84,0.0,0.46
2017-03-04,38.54,21.81,42.24,0.0,0.46
2017-03-05,38.13,21.1,38.75,0.0,0.46
2017-03-06,39.17,19.44,41.7,0.0,0.46
2017-03-07,38.63,21.38,45.87,0.0,0.46
2017-03-08,39.42,22.67,50.71,0.0,0.46
2017-03-09,39.42,23.51,48.96,0.0,0.46
2017-03-10,39.26,23.14,48.14,0.0,0.46
2017-03-11,39.89,23.59,46.84,0.0,0.46
2017-03-12,39.42,23.82,48.66,0.0,0.46
2017-03-13,38.8,22.25,52.44,0.0,0.46
2017-03-14,39.17,23.36,42.0,0.0,0.46
2017-03-15,39.49,20.87,42.92,0.0,0.46
2017-03-16,38.74,21.01,44.17,0.0,0.46
2017-03-17,38.13,19.93,38.28,0.0,0.45
2017-03-18,38.42,20.14,43.78,0.0,0.45
2017-03-19,39.06,21.06,44.8,0.0,0.45
2017-03-20,38.87,21.86,46.86,0.0,0.45
2017-03-21,37.24,22.34,52.63,0.0,0.45
2017-03-22,38.72,22.1,41.33,0.0,0.45
2017-03-23,40.05,21.31,37.5,0.0,0.45
2017-03-24,40.12,21.66,42.2,0.0,0.45
2017-03-25,40.33,23.13,39.44,0.0,0.45
2017-03-26,40.7,21.97,42.46,0.44,0.46
2017-03-27,39.18,23.74,56.21,0.01,0.45
2017-03-28,39.02,25.46,55.51,0.03,0.45
2017-03-29,39.96,24.91,46.04,0.01,0.45
2017-03-30,40.4,23.55,46.39,0.0,0.45
2017-03-31,40.54,24.64,44.49,0.64,0.45
2017-04-01,39.61,24.16,54.01,4.89,0.46
2017-04-02,37.61,24.8,58.37,0.08,0.46
2017-04-03,38.74,24.94,54.78,0.17,0.46
2017-04-04,40.13,25.47,47.39,0.06,0.46
2017-04-05,40.23,25.7,41.23,0.02,0.46
2017-04-06,41.6,25.67,37.78,0.0,0.46
2017-04-07,41.92,25.26,43.45,0.0,0.46
2017-04-08,41.53,26.37,49.76,0.0,0.46
2017-04-09,40.52,27.7,50.81,0.03,0.46
2017-04-10,38.89,28.22,49.91,0.01,0.46
2017-04-11,41.81,27.36,44.32,0.0,0.46
2017-04-12,42.15,26.92,50.23,0.41,0.46
2017-04-13,40.44,27.15,52.42,0.59,0.46
2017-04-14,36.95,26.76,60.82,9.97,0.47
2017-04-15,32.65,25.02,66.52,3.24,0.48
2017-04-16,31.85,24.53,79.27,10.17,0.49
2017-04-17,35.74,26.18,69.28,4.41,0.5
2017-04-18,37.4,24.42,60.84,0.03,0.49
2017-04-19,38.18,24.68,55.74,0.0,0.49
2017-04-20,38.19,24.13,54.97,0.0,0.48
2017-04-21,37.76,24.23,58.16,0.0,0.48
2017-04-22,39.06,24.89,52.17,0.0,0.47
2017-04-23,39.33,25.12,51.29,0.0,0.47
2017-04-24,39.43,26.17,51.44,0.01,0.47
2017-04-25,39.83,26.83,51.04,0.01,0.47
2017-04-26,41.11,26.1,49.65,0.01,0.46
2017-04-27,41.64,26.2,49.97,0.23,0.46
2017-04-28,40.19,26.6,59.04,9.79,0.47
2017-04-29,36.37,26.41,64.04,0.49,0.48
2017-04-30,36.14,27.46,65.25,0.55,0.47
2017-05-01,38.31,27.11,59.18,1.46,0.47
2017-05-02,40.45,27.1,52.26,0.18,0.47
2017-05-03,40.3,27.68,53.12,0.47,0.47
2017-05-04,39.91,27.06,56.74,3.79,0.47
2017-05-05,35.25,27.55,70.25,6.12,0.47
2017-05-06,36.61,26.79,68.52,2.07,0.48
2017-05-07,40.23,26.62,54.03,0.61,0.48
2017-05-08,38.91,26.97,54.85,1.04,0.47
2017-05-09,38.26,27.33,60.73,13.67,0.48
2017-05-10,36.76,26.64,68.31,8.33,0.5
2017-05-11,34.82,27.1,71.74,2.7,0.5
2017-05-12,31.93,26.36,81.56,20.43,0.52
2017-05-13,33.27,25.74,78.79,9.28,0.54
2017-05-14,33.07,26.23,78.1,1.31,0.55
2017-05-15,32.06,27.08,82.09,6.9,0.55
2017-05-16,32.21,26.69,84.81,21.21,0.56
2017-05-17,32.99,26.63,79.13,15.21,0.6
2017-05-18,33.68,26.25,80.03,6.52,0.6
2017-05-19,31.66,27.4,86.29,7.46,0.61
2017-05-20,33.24,26.87,78.03,0.78,0.61
2017-05-21,36.83,26.91,69.75,0.36,0.61
2017-05-22,35.72,27.32,72.57,0.33,0.6
2017-05-23,34.71,27.35,74.82,0.26,0.6
2017-05-24,35.29,27.48,73.84,2.41,0.59
2017-05-25,32.58,27.15,83.63,11.6,0.61
2017-05-26,31.95,26.7,85.42,9.16,0.61
2017-05-27,30.77,26.66,87.06,10.07,0.63
2017-05-28,30.15,26.71,89.77,22.28,0.65
2017-05-29,29.94,26.81,89.88,15.17,0.67
2017-05-30,30.16,26.61,87.98,10.09,0.69
2017-05-31,31.69,26.02,85.4,6.53,0.69
2017-06-01,30.69,25.97,86.81,10.19,0.7
2017-06-02,31.4,25.82,84.93,4.1,0.7
2017-06-03,33.05,26.39,82.54,2.84,0.7
2017-06-04,30.97,26.19,86.2,10.24,0.7
2017-06-05,31.55,26.18,83.38,6.3,0.71
2017-06-06,31.84,24.97,80.8,24.51,0.72
2017-06-07,31.34,24.65,82.86,5.08,0.74
2017-06-08,31.56,25.2,83.74,2.61,0.73
2017-06-09,31.41,26.37,86.78,14.32,0.74
2017-06-10,28.86,26.7,92.69,21.33,0.76
2017-06-11,29.69,26.0,89.42,10.32,0.78
2017-06-12,31.25,25.54,86.25,7.16,0.78
2017-06-13,29.72,25.9,90.1,17.38,0.79
2017-06-14,30.08,25.36,88.49,20.03,0.8
2017-06-15,29.85,24.86,86.83,2.46,0.81
2017-06-16,31.3,25.03,85.34,2.75,0.8
2017-06-17,31.49,25.39,86.48,13.84,0.8
2017-06-18,29.34,25.35,90.42,21.36,0.82
2017-06-19,30.16,24.83,87.26,15.46,0.84
2017-06-20,30.8,24.33,85.91,13.4,0.85
2017-06-21,31.31,24.28,85.18,10.8,0.86
2017-06-22,30.0,25.51,87.98,7.56,0.86
2017-06-23,28.87,25.26,90.56,5.02,0.86
2017-06-24,30.16,24.81,89.17,4.95,0.85
2017-06-25,29.1,25.07,90.57,3.13,0.85
2017-06-26,29.61,25.1,89.37,2.09,0.85
2017-06-27,31.08,24.68,87.49,1.47,0.84
2017-06-28,30.5,24.73,88.48,2.22,0.83
2017-06-29,30.29,24.73,89.35,6.32,0.83
2017-06-30,29.96,24.68,89.15,11.74,0.84
2017-07-01,29.73,25.0,86.19,4.57,0.84
2017-07-02,30.1,24.82,87.32,8.83,0.84
2017-07-03,28.85,24.85,88.89,18.15,0.85
2017-07-04,28.4,24.56,90.69,20.52,0.86
2017-07-05,28.25,24.19,88.12,2.64,0.87
2017-07-06,30.45,23.54,86.77,0.34,0.86
2017-07-07,29.7,24.54,87.93,0.35,0.85
2017-07-08,30.46,24.36,86.82,1.1,0.85
2017-07-09,30.14,24.57,87.89,14.6,0.84
2017-07-10,29.12,24.89,89.05,26.31,0.87
2017-07-11,28.54,24.68,88.74,8.04,0.88
2017-07-12,29.4,23.87,87.02,4.91,0.88
2017-07-13,29.27,24.39,88.3,9.88,0.88
2017-07-14,28.72,24.92,91.5,13.34,0.88
2017-07-15,27.61,24.92,92.65,9.49,0.89
2017-07-16,29.74,25.41,90.08,17.69,0.89
2017-07-17,29.6,25.06,90.56,43.1,0.91
2017-07-18,28.84,25.15,91.55,16.41,0.94
2017-07-19,30.41,25.43,89.8,12.96,0.94
2017-07-20,29.47,24.76,90.51,179.74,0.97
2017-07-21,28.71,24.83,90.93,9.25,0.98
2017-07-22,28.5,24.41,92.75,7.18,0.97
2017-07-23,28.24,24.44,92.95,11.35,0.97
2017-07-24,30.44,24.47,87.63,7.24,0.97
2017-07-25,30.44,24.19,89.8,25.04,0.97
2017-07-26,28.5,24.84,92.24,12.53,0.98
2017-07-27,27.77,24.55,94.19,5.1,0.98
2017-07-28,30.17,24.33,88.63,3.84,0.97
2017-07-29,30.71,23.35,88.04,5.11,0.97
2017-07-30,31.1,24.44,86.68,11.06,0.97
2017-07-31,30.13,24.81,89.67,5.5,0.97
2017-08-01,29.72,25.68,90.24,12.17,0.97
2017-08-02,30.5,25.23,90.23,10.67,0.97
2017-08-03,30.91,24.6,87.83,13.6,0.97
2017-08-04,30.89,25.18,89.45,7.87,0.97
2017-08-05,29.72,25.36,91.18,13.48,0.97
2017-08-06,28.86,24.85,90.28,8.57,0.97
2017-08-07,29.26,24.52,89.76,9.62,0.97
2017-08-08,29.36,24.15,89.67,6.26,0.97
2017-08-09,29.64,24.17,89.86,3.16,0.96
2017-08-10,29.2,23.47,90.2,38.23,0.97
2017-08-11,28.25,24.2,91.23,5.63,0.98
2017-08-12,30.76,23.45,87.07,10.01,0.98
2017-08-13,30.79,23.74,88.0,5.42,0.97
2017-08-14,30.27,24.99,88.06,2.55,0.97
2017-08-15,30.07,25.06,89.81,10.3,0.96
2017-08-16,28.84,24.6,90.28,20.38,0.97
2017-08-17,28.71,23.97,88.51,17.41,0.98
2017-08-18,29.11,24.18,90.81,13.55,0.98
2017-08-19,28.69,24.4,92.67,6.4,0.98
2017-08-20,28.14,24.48,92.68,29.94,0.99
2017-08-21,29.6,23.91,89.39,9.81,0.99
2017-08-22,29.58,24.64,90.16,1.5,0.98
2017-08-23,30.2,24.55,89.73,1.63,0.98
2017-08-24,29.35,24.89,91.41,5.44,0.97
2017-08-25,29.35,24.68,91.27,8.59,0.97
2017-08-26,29.93,24.32,88.06,7.79,0.97
2017-08-27,29.76,24.33,88.08,3.61,0.97
2017-08-28,30.7,23.35,83.6,1.58,0.96
2017-08-29,29.21,24.03,87.89,3.02,0.96
2017-08-30,29.83,24.12,89.58,1.37,0.96
2017-08-31,30.83,24.2,88.12,2.91,0.95
2017-09-01,30.02,24.35,89.8,3.75,0.95
2017-09-02,29.8,24.97,90.43,4.66,0.95
2017-09-03,30.9,24.81,89.03,1.62,0.94
2017-09-04,31.14,24.84,87.29,2.28,0.93
2017-09-05,30.31,24.98,90.2,5.93,0.93
2017-09-06,29.35,25.13,91.18,4.21,0.93
2017-09-07,30.61,24.64,88.22,18.53,0.93
2017-09-08,30.94,24.98,85.3,0.92,0.94
2017-09-09,31.28,25.05,85.66,0.64,0.93
2017-09-10,29.71,25.13,87.51,1.76,0.93
2017-09-11,31.5,25.43,82.84,2.82,0.92
2017-09-12,31.22,24.93,83.96,0.71,0.92
2017-09-13,31.16,24.07,85.85,0.48,0.91
2017-09-14,32.35,24.48,84.39,2.37,0.9
2017-09-15,29.79,25.54,89.62,5.99,0.9
2017-09-16,29.84,25.5,91.27,40.99,0.92
2017-09-17,28.31,25.04,93.99,46.9,0.95
2017-09-18,28.92,25.31,92.57,7.49,0.96
2017-09-19,29.83,24.89,90.18,0.55,0.96
2017-09-20,31.3,24.6,86.77,1.29,0.95
2017-09-21,29.58,25.22,90.86,5.25,0.95
2017-09-22,28.99,25.27,88.75,3.9,0.95
2017-09-23,29.72,24.08,87.94,10.49,0.95
2017-09-24,29.02,24.93,91.71,5.27,0.95
2017-09-25,29.86,24.85,89.59,2.04,0.95
2017-09-26,28.34,25.12,95.21,8.76,0.95
2017-09-27,29.27,25.15,90.37,1.62,0.95
2017-09-28,31.38,24.1,86.64,8.07,0.94
2017-09-29,31.28,25.11,84.78,6.24,0.94
2017-09-30,30.41,25.17,86.78,1.18,0.94
2017-10-01,29.14,25.06,91.91,18.51,0.95
2017-10-02,30.29,24.49,87.19,0.35,0.95
2017-10-03,30.27,24.45,87.43,3.28,0.94
2017-10-04,29.25,24.54,92.73,7.82,0.95
2017-10-05,28.91,24.32,88.76,11.05,0.95
2017-10-06,28.76,24.44,90.88,10.74,0.96
2017-10-07,30.06,24.28,87.69,4.38,0.95
2017-10-08,30.41,24.16,85.43,8.82,0.95
2017-10-09,30.87,24.84,86.11,3.99,0.95
2017-10-10,32.46,24.88,85.09,18.06,0.96
2017-10-11,29.31,25.49,90.8,9.62,0.96
2017-10-12,29.95,25.06,89.93,8.41,0.96
2017-10-13,31.46,24.86,85.76,6.74,0.96
2017-10-14,29.2,25.06,90.15,4.19,0.96
2017-10-15,31.09,24.97,90.07,2.51,0.95
2017-10-16,30.19,25.22,91.21,2.65,0.95
2017-10-17,29.69,25.23,92.44,34.0,0.96
2017-10-18,28.59,24.42,92.14,12.0,0.97
2017-10-19,26.58,24.05,93.89,3.93,0.97
2017-10-20,30.37,24.36,86.31,0.07,0.96
2017-10-21,30.61,24.49,89.1,3.31,0.96
2017-10-22,30.34,24.79,91.1,3.58,0.95
2017-10-23,30.76,24.99,84.36,5.21,0.96
2017-10-24,29.3,24.14,88.21,11.17,0.96
2017-10-25,30.37,24.9,85.69,16.07,0.96
2017-10-26,29.22,24.11,87.64,35.34,0.97
2017-10-27,29.7,23.77,84.14,1.21,0.97
2017-10-28,30.36,23.97,84.43,0.48,0.97
2017-10-29,30.43,23.32,84.6,0.0,0.96
2017-10-30,28.38,22.59,86.36,0.0,0.95
2017-10-31,27.48,21.51,84.27,0.0,0.95
2017-11-01,28.8,20.05,83.62,0.0,0.94
2017-11-02,30.06,20.81,82.77,0.0,0.93
2017-11-03,29.28,22.59,84.13,0.0,0.92
2017-11-04,28.8,21.87,85.27,0.0,0.91
2017-11-05,28.56,20.31,82.9,0.04,0.9
2017-11-06,24.47,21.89,90.69,0.64,0.9
2017-11-07,28.89,20.96,87.25,1.04,0.89
2017-11-08,28.94,22.47,88.21,0.06,0.88
2017-11-09,28.19,23.18,90.55,2.23,0.88
2017-11-10,29.71,22.6,87.3,0.4,0.88
2017-11-11,30.13,23.39,85.4,6.97,0.87
2017-11-12,29.54,23.5,87.01,8.01,0.88
2017-11-13,30.33,23.44,84.42,0.1,0.88
2017-11-14,30.15,22.95,85.65,0.19,0.87
2017-11-15,29.69,23.46,86.39,0.48,0.86
2017-11-16,28.75,23.52,90.74,2.38,0.86
2017-11-17,30.24,23.69,84.11,0.12,0.86
2017-11-18,31.89,23.58,79.66,0.02,0.85
2017-11-19,32.27,23.3,80.69,0.7,0.84
2017-11-20,29.04,24.96,86.08,0.3,0.84
2017-11-21,29.9,24.08,86.84,1.66,0.83
2017-11-22,27.03,23.51,92.33,1.79,0.83
2017-11-23,27.25,23.33,94.2,3.31,0.83
2017-11-24,24.39,21.39,90.47,0.06,0.83
2017-11-25,27.56,20.12,85.87,1.52,0.82
2017-11-26,28.95,21.88,85.42,0.32,0.82
2017-11-27,29.27,22.93,83.94,0.04,0.81
2017-11-28,29.64,21.3,83.62,0.0,0.8
2017-11-29,29.98,21.68,82.24,0.0,0.79
2017-11-30,30.48,20.85,81.49,0.0,0.78
2017-12-01,30.0,22.22,85.01,0.0,0.77
2017-12-02,29.66,21.83,85.26,0.0,0.77
2017-12-03,29.81,21.1,84.14,0.0,0.76
2017-12-04,29.99,21.02,84.13,0.01,0.75
2017-12-05,28.74,22.13,83.52,0.0,0.74
2017-12-06,28.62,21.88,83.84,0.01,0.73
2017-12-07,30.12,23.01,83.61,0.02,0.73
2017-12-08,30.89,22.64,83.84,0.79,0.72
2017-12-09,29.47,23.23,85.88,0.06,0.72
2017-12-10,31.39,23.11,81.29,0.0,0.71
2017-12-11,32.2,22.99,79.61,0.01,0.71
2017-12-12,31.54,22.51,77.66,0.0,0.7
2017-12-13,31.12,21.13,78.86,0.0,0.69
2017-12-14,31.19,20.58,75.33,0.0,0.68
2017-12-15,30.47,18.21,73.06,0.0,0.68
2017-12-16,30.27,17.26,80.89,0.0,0.67
2017-12-17,27.65,20.24,76.77,0.0,0.66
2017-12-18,26.89,18.22,73.42,0.0,0.66
2017-12-19,24.04,16.05,70.96,0.0,0.65
2017-12-20,23.25,14.34,73.0,0.0,0.65
2017-12-21,23.41,11.38,72.72,0.0,0.64
2017-12-22,26.59,11.64,72.76,0.0,0.64
2017-12-23,29.83,14.55,71.91,0.0,0.63
2017-12-24,30.82,16.09,76.36,0.0,0.63
2017-12-25,28.31,18.67,78.37,0.02,0.62
2017-12-26,28.84,17.54,75.85,0.2,0.62
2017-12-27,23.88,18.54,87.85,8.64,0.62
2017-12-28,28.28,19.69,84.26,0.61,0.63
2017-12-29,30.37,20.06,82.74,0.3,0.62
2017-12-30,31.13,21.45,81.04,0.02,0.62
2017-12-31,29.11,22.0,80.33,0.0,0.61
2018-01-01,29.31,21.02,78.37,0.0,0.61
2018-01-02,29.45,20.32,76.87,0.0,0.6
2018-01-03,27.91,21.33,79.52,0.31,0.6
2018-01-04,30.6,21.08,74.94,0.15,0.6
2018-01-05,31.15,21.71,73.94,0.23,0.6
2018-01-06,32.1,22.06,73.5,0.08,0.59
2018-01-07,32.92,22.01,73.38,0.0,0.59
2018-01-08,32.82,21.44,70.45,0.0,0.58
2018-01-09,33.91,22.07,70.51,0.0,0.58
2018-01-10,34.95,21.67,67.15,0.01,0.57
2018-01-11,30.53,22.43,69.07,0.01,0.57
2018-01-12,27.07,20.61,69.46,0.01,0.56
2018-01-13,27.16,19.28,70.75,0.01,0.56
2018-01-14,29.16,19.52,71.04,0.0,0.56
2018-01-15,30.37,18.37,70.15,0.0,0.55
2018-01-16,30.55,18.84,72.54,0.0,0.55
2018-01-17,31.77,18.13,68.92,0.0,0.55
2018-01-18,32.19,17.04,64.38,0.0,0.54
2018-01-19,33.02,17.23,67.53,0.0,0.54
2018-01-20,33.28,17.62,67.02,0.0,0.54
2018-01-21,33.61,17.49,62.65,0.0,0.53
2018-01-22,34.13,16.56,59.88,0.0,0.53
2018-01-23,34.62,16.43,58.8,0.0,0.53
2018-01-24,34.84,16.89,55.95,0.0,0.52
2018-01-25,34.62,19.02,56.24,0.0,0.52
2018-01-26,34.71,19.82,57.08,0.16,0.51
2018-01-27,34.62,19.93,54.92,0.31,0.51
2018-01-28,34.28,19.01,48.29,0.0,0.51
2018-01-29,34.02,16.51,40.54,0.0,0.5
2018-01-30,32.07,12.83,44.48,0.0,0.5
2018-01-31,31.96,13.02,45.51,0.0,0.5
2018-02-01,32.34,14.36,54.65,0.0,0.49
2018-02-02,32.04,15.43,60.29,0.0,0.49
2018-02-03,32.9,16.75,68.02,0.0,0.49
2018-02-04,33.28,19.09,65.37,0.0,0.49
2018-02-05,33.7,18.83,60.68,0.0,0.48
2018-02-06,33.28,20.14,62.43,0.0,0.48
2018-02-07,33.17,18.21,62.8,0.0,0.48
2018-02-08,33.36,17.59,61.8,0.0,0.48
2018-02-09,32.91,19.07,61.2,0.0,0.48
2018-02-10,34.73,19.68,58.98,0.0,0.48
2018-02-11,35.82,19.2,53.75,0.0,0.47
2018-02-12,35.82,18.92,55.33,0.0,0.47
2018-02-13,36.47,21.3,54.78,0.0,0.47
2018-02-14,36.78,21.57,54.43,0.0,0.47
2018-02-15,36.67,18.98,41.12,0.0,0.47
2018-02-16,37.53,19.17,43.13,0.0,0.47
2018-02-17,36.61,18.22,43.79,0.0,0.47
2018-02-18,35.98,17.78,51.35,0.0,0.47
2018-02-19,36.9,17.9,41.07,0.0,0.46
2018-02-20,37.5,18.46,41.83,0.0,0.46
2018-02-21,37.93,21.11,40.03,0.0,0.46
2018-02-22,37.51,21.78,39.17,0.02,0.46
2018-02-23,37.49,20.94,44.03,1.7,0.46
2018-02-24,38.11,22.31,49.9,0.01,0.46
2018-02-25,39.33,21.88,42.78,0.06,0.46
2018-02-26,38.94,21.85,45.55,0.29,0.46
2018-02-27,38.57,20.99,40.32,0.0,0.46
2018-02-28,37.31,21.1,46.46,0.0,0.46
2018-03-01,38.08,22.72,42.01,0.0,0.46
2018-03-02,38.34,21.05,45.62,0.0,0.46
2018-03-03,38.55,19.84,44.66,0.0,0.46
2018-03-04,38.12,19.55,51.29,0.0,0.46
2018-03-05,39.48,20.74,47.38,0.0,0.46
2018-03-06,40.26,20.75,46.82,0.0,0.46
2018-03-07,40.57,21.26,38.94,0.0,0.46
2018-03-08,40.3,21.73,44.86,0.0,0.46
2018-03-09,39.15,23.65,52.03,0.16,0.46
2018-03-10,37.08,25.07,55.31,0.0,0.46
2018-03-11,37.67,24.51,56.03,0.02,0.46
2018-03-12,38.54,23.25,39.67,0.0,0.46
2018-03-13,38.4,21.15,39.18,0.0,0.46
2018-03-14,38.84,21.47,34.59,0.0,0.46
2018-03-15,38.82,20.81,44.12,0.0,0.46
2018-03-16,39.0,21.21,46.71,0.0,0.46
2018-03-17,38.31,22.57,49.34,0.0,0.46
2018-03-18,38.62,23.75,51.2,0.0,0.46
2018-03-19,40.16,24.18,46.34,0.0,0.46
2018-03-20,39.76,23.36,47.96,0.0,0.46
2018-03-21,39.74,23.63,47.77,0.0,0.46
2018-03-22,39.06,22.42,46.12,0.0,0.46
2018-03-23,38.43,22.7,50.02,0.0,0.46
2018-03-24,39.86,22.63,47.71,0.0,0.46
2018-03-25,40.14,23.14,43.41,0.0,0.46
2018-03-26,40.21,24.06,41.82,0.0,0.46
2018-03-27,39.44,23.81,42.3,0.0,0.45
2018-03-28,39.82,24.04,45.6,0.0,0.45
2018-03-29,39.8,24.38,48.83,0.01,0.45
2018-03-30,40.02,24.86,47.56,0.3,0.46
2018-03-31,39.51,25.43,47.66,2.14,0.46
2018-04-01,37.55,24.07,58.22,10.97,0.48
2018-04-02,38.15,25.49,56.12,0.21,0.47
2018-04-03,37.12,25.98,57.21,0.22,0.47
2018-04-04,38.64,25.51,55.83,0.84,0.47
2018-04-05,38.17,25.86,56.61,0.8,0.47
2018-04-06,40.01,25.24,47.69,0.26,0.47
2018-04-07,37.11,24.73,53.13,0.88,0.47
2018-04-08,34.24,22.75,48.71,0.0,0.46
2018-04-09,38.34,24.22,49.06,0.0,0.46
2018-04-10,39.95,25.21,46.88,0.19,0.46
2018-04-11,41.3,26.9,44.1,0.0,0.46
2018-04-12,41.82,26.2,41.33,0.0,0.46
2018-04-13,41.62,26.41,38.62,0.0,0.46
2018-04-14,41.57,26.44,40.33,0.0,0.46
2018-04-15,43.25,26.81,36.58,0.06,0.46
2018-04-16,42.95,26.15,40.28,0.14,0.46
2018-04-17,41.46,26.58,43.37,0.26,0.46
2018-04-18,40.36,25.82,44.24,0.02,0.46
2018-04-19,40.47,27.04,44.03,0.25,0.46
2018-04-20,40.66,26.03,42.72,0.0,0.46
2018-04-21,41.1,26.03,46.31,0.0,0.46
2018-04-22,41.45,26.61,45.02,0.0,0.46
2018-04-23,41.99,26.01,47.09,0.0,0.46
2018-04-24,41.95,28.18,46.88,0.13,0.46
2018-04-25,41.38,27.18,48.49,0.01,0.46
2018-04-26,40.76,26.47,48.43,1.22,0.46
2018-04-27,38.92,26.71,54.03,5.69,0.46
2018-04-28,36.58,27.82,58.75,1.15,0.47
2018-04-29,36.69,26.63,63.08,3.04,0.47
2018-04-30,37.37,26.42,62.33,0.63,0.47
2018-05-01,33.63,27.07,71.49,9.01,0.48
2018-05-02,31.56,25.96,80.25,32.79,0.52
2018-05-03,32.47,25.37,73.28,7.55,0.54
2018-05-04,33.38,25.86,72.04,2.49,0.55
2018-05-05,35.62,25.78,66.59,2.72,0.54
2018-05-06,37.59,26.17,63.79,1.05,0.54
2018-05-07,38.12,26.84,63.55,0.35,0.53
2018-05-08,36.49,27.47,66.45,1.51,0.53
2018-05-09,36.81,26.89,69.2,20.48,0.53
2018-05-10,31.89,24.9,80.38,23.3,0.59
2018-05-11,32.18,26.4,79.74,3.06,0.59
2018-05-12,30.88,25.56,82.93,26.61,0.6
2018-05-13,31.23,24.91,81.23,29.05,0.64
2018-05-14,33.86,24.41,72.23,0.66,0.65
2018-05-15,34.31,25.24,73.94,0.37,0.64
2018-05-16,35.43,25.5,71.04,0.52,0.64
2018-05-17,36.07,25.65,70.96,2.44,0.63
2018-05-18,34.32,26.57,71.47,0.59,0.62
2018-05-19,34.36,26.06,70.99,1.56,0.62
2018-05-20,34.85,25.96,71.96,1.67,0.62
2018-05-21,35.08,25.93,72.17,1.32,0.61
2018-05-22,34.6,26.62,72.75,0.46,0.61
2018-05-23,34.38,26.41,73.21,1.92,0.6
2018-05-24,32.31,26.77,75.4,1.49,0.6
2018-05-25,34.26,25.68,74.93,4.17,0.6
2018-05-26,31.53,26.46,82.65,7.15,0.61
2018-05-27,31.55,25.82,83.86,19.66,0.63
2018-05-28,29.41,26.52,86.86,14.85,0.65
2018-05-29,29.64,26.75,86.07,31.04,0.68
2018-05-30,29.4,26.41,88.57,10.28,0.71
2018-05-31,30.85,25.83,85.14,4.57,0.71
2018-06-01,30.25,25.6,88.75,5.62,0.71
2018-06-02,30.85,25.11,86.32,0.42,0.71
2018-06-03,30.53,25.02,85.23,0.57,0.71
2018-06-04,31.91,25.17,82.29,0.52,0.7
2018-06-05,31.82,25.48,83.52,5.77,0.7
2018-06-06,31.34,25.88,85.8,4.42,0.7
2018-06-07,30.37,26.08,87.15,10.7,0.71
2018-06-08,30.92,25.99,84.45,13.64,0.72
2018-06-09,30.38,26.32,87.8,23.27,0.74
2018-06-10,31.02,26.39,88.8,44.24,0.77
2018-06-11,29.36,25.44,90.87,49.43,0.84
2018-06-12,29.5,24.63,90.51,42.93,0.87
2018-06-13,30.11,25.06,88.02,33.6,0.91
2018-06-14,29.95,24.82,88.15,16.98,0.91
2018-06-15,29.01,25.5,90.61,10.99,0.91
2018-06-16,29.65,24.85,86.42,21.0,0.92
2018-06-17,31.55,24.62,86.26,9.86,0.93
2018-06-18,30.65,25.03,87.03,3.77,0.92
2018-06-19,31.08,24.34,85.67,6.84,0.91
2018-06-20,30.84,24.2,86.8,6.73,0.91
2018-06-21,29.94,24.6,90.18,19.19,0.91
2018-06-22,29.73,25.44,89.79,28.72,0.92
2018-06-23,30.35,25.15,90.14,43.95,0.95
2018-06-24,29.39,25.11,90.32,15.73,0.96
2018-06-25,29.37,24.41,90.74,15.37,0.96
2018-06-26,28.96,24.73,90.19,12.0,0.97
2018-06-27,27.9,24.6,91.33,6.62,0.97
2018-06-28,29.32,24.01,88.21,8.36,0.97
2018-06-29,28.92,24.02,88.94,6.55,0.96
2018-06-30,28.45,23.94,89.0,1.24,0.96
2018-07-01,29.24,24.1,89.76,6.64,0.96
2018-07-02,29.99,24.31,89.06,3.77,0.96
2018-07-03,28.28,24.94,93.17,22.05,0.97
2018-07-04,30.0,24.44,88.69,3.97,0.97
2018-07-05,29.53,25.02,89.6,6.47,0.96
2018-07-06,28.58,24.94,92.83,17.22,0.96
2018-07-07,29.18,24.93,91.17,5.86,0.96
2018-07-08,29.75,24.77,91.18,23.05,0.96
2018-07-09,29.45,24.62,90.18,16.98,0.98
2018-07-10,28.53,24.5,92.04,6.33,0.97
2018-07-11,27.9,24.82,91.87,5.79,0.97
2018-07-12,28.4,24.86,91.46,7.47,0.97
2018-07-13,28.5,25.04,93.24,6.96,0.97
2018-07-14,29.09,25.01,91.68,18.06,0.97
2018-07-15,28.28,25.15,91.68,32.1,0.98
2018-07-16,28.75,24.82,91.2,15.12,0.99
2018-07-17,29.94,24.97,91.04,13.56,0.99
2018-07-18,28.68,25.62,93.94,44.52,0.99
2018-07-19,28.99,25.62,92.78,14.39,0.99
2018-07-20,28.95,25.48,92.48,33.66,1.0
2018-07-21,28.93,25.94,94.08,36.73,1.0
2018-07-22,28.65,25.67,93.91,42.02,1.0
2018-07-23,28.43,25.1,93.65,21.73,1.0
2018-07-24,28.98,25.17,92.32,33.14,1.0
2018-07-25,28.39,24.63,92.9,33.65,1.0
2018-07-26,28.91,24.31,93.0,42.15,1.0
2018-07-27,28.89,25.12,92.95,48.6,1.0
2018-07-28,29.17,24.66,91.8,24.26,1.0
2018-07-29,29.15,24.89,92.41,17.34,1.0
2018-07-30,28.5,24.59,93.67,20.22,1.0
2018-07-31,27.74,24.49,92.8,7.4,1.0
2018-08-01,28.34,24.45,92.05,13.3,1.0
2018-08-02,27.6,23.48,91.54,23.28,1.0
2018-08-03,27.77,23.34,93.75,23.71,1.0
2018-08-04,29.45,24.58,90.94,3.88,1.0
2018-08-05,29.23,24.18,90.6,5.49,0.99
2018-08-06,28.24,24.21,91.64,3.81,0.99
2018-08-07,28.31,24.62,92.17,4.41,0.99
2018-08-08,30.2,24.05,88.42,1.36,0.99
2018-08-09,29.12,24.37,91.05,2.08,0.98
2018-08-10,29.4,24.34,90.32,1.45,0.98
2018-08-11,29.13,23.85,90.05,2.84,0.98
2018-08-12,29.12,25.01,91.71,11.45,0.98
2018-08-13,28.14,25.54,93.28,14.36,0.98
2018-08-14,29.37,25.41,91.49,12.41,0.98
2018-08-15,27.78,25.32,93.7,12.32,0.98
2018-08-16,29.45,24.82,91.44,12.42,0.98
2018-08-17,27.93,24.69,94.2,40.9,1.0
2018-08-18,28.59,25.02,91.12,10.06,0.99
2018-08-19,28.75,24.7,92.65,4.77,0.99
2018-08-20,28.78,25.38,93.69,12.04,0.99
2018-08-21,30.5,24.82,90.98,26.13,1.0
2018-08-22,29.15,25.15,91.85,17.58,1.0
2018-08-23,29.15,24.93,93.01,24.5,1.0
2018-08-24,29.14,24.7,94.16,25.24,1.0
2018-08-25,28.47,24.92,93.88,16.21,1.0
2018-08-26,28.01,24.84,92.74,10.44,1.0
2018-08-27,27.07,23.95,93.98,8.58,1.0
2018-08-28,27.91,23.58,91.71,10.62,1.0
2018-08-29,28.69,23.65,91.42,6.98,0.99
2018-08-30,27.74,23.94,92.34,15.95,0.99
2018-08-31,28.55,23.78,91.76,6.03,0.99
2018-09-01,29.8,24.24,91.09,3.18,0.99
2018-09-02,29.98,23.98,89.59,5.26,0.99
2018-09-03,28.91,24.9,92.22,15.55,0.99
2018-09-04,28.55,24.61,91.82,7.68,0.99
2018-09-05,27.78,23.55,90.67,3.64,0.99
2018-09-06,29.35,23.34,87.69,0.78,0.98
2018-09-07,30.51,23.45,86.88,1.26,0.97
2018-09-08,29.71,24.39,88.47,25.33,0.97
2018-09-09,29.53,24.13,90.5,21.55,0.99
2018-09-10,29.76,23.65,87.25,4.28,0.98
2018-09-11,30.61,23.92,88.46,0.93,0.97
2018-09-12,29.96,24.36,89.29,1.45,0.97
2018-09-13,30.32,24.23,88.78,30.35,0.98
2018-09-14,30.22,24.98,91.56,48.42,0.99
2018-09-15,30.17,25.21,89.84,1.43,0.99
2018-09-16,28.95,25.2,91.07,2.87,0.98
2018-09-17,29.91,24.56,90.36,3.87,0.98
2018-09-18,28.68,24.56,92.35,12.79,0.98
2018-09-19,28.19,24.66,92.35,13.09,0.99
2018-09-20,27.59,24.49,91.57,3.97,0.98
2018-09-21,30.11,24.17,87.04,4.33,0.98
2018-09-22,31.69,24.18,86.46,0.42,0.97
2018-09-23,30.29,24.83,91.0,0.32,0.97
2018-09-24,30.86,24.51,86.06,0.08,0.97
2018-09-25,30.44,23.46,87.46,0.04,0.96
2018-09-26,30.83,23.86,86.77,0.02,0.95
2018-09-27,30.94,24.35,86.98,0.12,0.95
2018-09-28,31.72,24.29,84.85,3.03,0.94
2018-09-29,30.62,25.6,88.17,4.86,0.94
2018-09-30,31.19,24.9,83.3,2.33,0.94
2018-10-01,30.78,25.32,84.16,13.01,0.95
2018-10-02,31.16,24.19,84.24,11.78,0.95
2018-10-03,30.54,25.33,83.95,11.46,0.96
2018-10-04,28.85,24.61,88.05,0.51,0.95
2018-10-05,31.45,24.05,80.14,0.15,0.94
2018-10-06,31.28,25.12,81.25,0.54,0.94
2018-10-07,29.54,24.76,87.58,6.57,0.93
2018-10-08,29.43,24.51,85.89,7.17,0.93
2018-10-09,29.53,23.34,87.11,11.91,0.94
2018-10-10,30.04,24.1,86.98,29.19,0.96
2018-10-11,30.09,24.77,83.12,7.78,0.96
2018-10-12,30.57,23.72,84.47,7.72,0.96
2018-10-13,29.77,24.31,83.22,0.01,0.95
2018-10-14,31.53,22.96,82.71,0.0,0.95
2018-10-15,31.89,23.87,85.27,0.01,0.94
2018-10-16,31.29,23.72,84.59,0.01,0.93
2018-10-17,29.85,24.26,85.78,0.01,0.92
2018-10-18,30.49,23.05,81.18,0.44,0.91
2018-10-19,31.17,21.82,80.26,1.93,0.91
2018-10-20,31.22,22.71,80.53,15.05,0.9
2018-10-21,27.21,23.56,88.23,21.55,0.91
2018-10-22,27.66,23.22,93.68,13.78,0.93
2018-10-23,29.26,24.89,90.47,12.5,0.93
2018-10-24,28.57,24.27,91.73,11.84,0.94
2018-10-25,29.19,24.67,87.24,2.97,0.95
2018-10-26,30.31,23.75,85.99,0.67,0.94
2018-10-27,31.13,24.08,84.46,0.23,0.94
2018-10-28,30.92,23.85,82.75,0.05,0.93
2018-10-29,31.46,23.71,80.91,0.01,0.92
2018-10-30,31.61,23.57,79.18,0.19,0.91
2018-10-31,29.55,23.92,79.93,0.0,0.9
2018-11-01,29.07,22.26,81.22,0.0,0.9
2018-11-02,29.69,22.92,81.21,0.0,0.89
2018-11-03,29.57,21.36,77.65,0.0,0.88
2018-11-04,30.35,20.17,77.7,0.0,0.87
2018-11-05,30.7,20.33,79.48,0.0,0.86
2018-11-06,31.32,21.34,78.61,0.0,0.85
2018-11-07,31.4,21.47,79.83,0.0,0.84
2018-11-08,31.21,21.94,80.71,0.07,0.83
2018-11-09,29.53,23.94,88.19,1.06,0.83
2018-11-10,28.1,24.03,90.13,2.65,0.82
2018-11-11,26.99,22.56,90.71,13.1,0.82
2018-11-12,30.15,21.7,85.34,2.88,0.84
2018-11-13,30.96,21.96,80.82,1.23,0.83
2018-11-14,31.55,22.7,81.19,0.0,0.82
2018-11-15,30.86,22.96,82.12,0.04,0.82
2018-11-16,32.16,22.7,80.55,0.05,0.81
2018-11-17,32.18,23.1,80.93,0.02,0.8
2018-11-18,31.78,22.77,76.81,0.0,0.79
2018-11-19,32.2,22.66,71.6,0.0,0.78
2018-11-20,31.51,20.94,74.0,0.07,0.77
2018-11-21,31.88,20.31,71.14,0.0,0.76
2018-11-22,32.11,21.36,76.41,0.0,0.76
2018-11-23,30.14,21.64,84.42,0.0,0.75
2018-11-24,30.81,21.39,80.33,0.0,0.74
2018-11-25,31.06,20.83,78.82,0.0,0.73
2018-11-26,30.33,20.85,80.33,0.0,0.72
2018-11-27,30.25,20.96,78.56,0.0,0.72
2018-11-28,29.41,19.54,78.08,0.0,0.71
2018-11-29,29.24,18.75,81.83,0.0,0.7
2018-11-30,30.28,20.43,80.91,0.04,0.7
2018-12-01,31.73,22.26,75.78,0.02,0.69
2018-12-02,31.97,22.49,73.57,0.01,0.68
2018-12-03,32.59,22.16,74.25,0.0,0.68
2018-12-04,33.82,23.16,73.41,0.0,0.67
2018-12-05,33.45,22.17,71.39,0.0,0.66
2018-12-06,32.63,20.82,68.12,0.07,0.66
2018-12-07,31.67,21.14,67.23,2.12,0.66
2018-12-08,30.96,23.42,78.47,1.37,0.65
2018-12-09,30.87,22.51,81.17,0.17,0.65
2018-12-10,30.55,22.6,80.19,0.11,0.64
2018-12-11,30.93,22.92,81.05,1.93,0.64
2018-12-12,30.12,23.42,83.5,0.72,0.64
2018-12-13,26.44,21.94,84.57,0.57,0.64
2018-12-14,28.79,21.46,77.67,0.0,0.63
2018-12-15,30.91,21.72,74.95,0.0,0.63
2018-12-16,31.51,21.9,76.72,0.0,0.62
2018-12-17,31.42,22.34,79.63,0.0,0.61
2018-12-18,30.89,22.23,75.23,0.0,0.61
2018-12-19,32.26,21.02,73.8,0.0,0.6
2018-12-20,32.36,22.32,73.77,0.45,0.6
2018-12-21,32.5,23.19,74.32,1.07,0.6
2018-12-22,33.85,22.46,70.83,0.0,0.59
2018-12-23,33.47,21.96,71.03,0.0,0.59
2018-12-24,33.3,20.28,70.48,0.0,0.58
2018-12-25,32.74,20.91,68.38,0.0,0.58
2018-12-26,31.65,18.24,65.3,0.0,0.57
2018-12-27,30.19,17.82,66.75,0.0,0.57
2018-12-28,31.31,17.53,70.35,0.14,0.57
2018-12-29,30.73,19.25,73.25,0.81,0.56
2018-12-30,28.42,20.05,78.35,0.64,0.56
2018-12-31,29.91,19.46,70.37,0.14,0.56
2019-01-01,31.03,18.92,70.81,0.0,0.55
2019-01-02,31.54,19.13,71.32,0.0,0.55
2019-01-03,31.62,18.47,69.16,0.0,0.55
2019-01-04,31.81,18.01,70.13,0.0,0.54
2019-01-05,33.03,21.0,69.59,0.0,0.54
2019-01-06,32.13,22.02,74.6,0.59,0.54
2019-01-07,30.36,21.92,83.6,13.75,0.55
2019-01-08,28.67,22.41,88.73,23.04,0.59
2019-01-09,31.23,21.69,79.09,0.45,0.6
2019-01-10,31.87,22.44,76.77,0.02,0.59
2019-01-11,32.78,19.93,70.63,0.0,0.58
2019-01-12,32.3,20.67,66.95,0.0,0.58
2019-01-13,33.77,20.66,65.57,0.0,0.57
2019-01-14,33.49,19.53,62.97,0.0,0.57
2019-01-15,32.83,17.83,54.37,0.0,0.56
2019-01-16,32.25,15.45,48.71,0.0,0.56
2019-01-17,32.9,15.18,67.19,0.0,0.55
2019-01-18,32.63,20.6,67.41,0.04,0.55
2019-01-19,32.86,19.6,66.15,0.01,0.55
2019-01-20,33.45,19.35,58.46,0.0,0.54
2019-01-21,33.73,16.77,52.14,0.0,0.54
2019-01-22,34.28,17.47,49.35,0.0,0.54
2019-01-23,34.08,17.64,52.38,0.0,0.53
2019-01-24,33.96,17.72,55.03,0.0,0.53
2019-01-25,33.38,16.7,54.59,0.0,0.53
2019-01-26,33.11,20.0,58.65,0.0,0.52
2019-01-27,32.53,19.84,62.36,0.0,0.52
2019-01-28,32.87,18.7,62.13,0.0,0.52
2019-01-29,33.13,19.33,62.5,0.0,0.51
2019-01-30,33.6,18.47,60.86,0.0,0.51
2019-01-31,34.8,18.59,59.69,0.0,0.51
2019-02-01,35.27,19.08,57.19,0.0,0.5
2019-02-02,35.56,19.76,55.55,0.0,0.5
2019-02-03,35.51,18.68,53.47,0.0,0.5
2019-02-04,36.78,19.96,51.08,0.0,0.49
2019-02-05,37.16,18.23,44.63,0.0,0.49
2019-02-06,36.64,17.87,46.91,0.0,0.49
2019-02-07,36.68,17.27,47.04,0.0,0.48
2019-02-08,37.76,19.4,50.93,0.0,0.48
2019-02-09,37.78,18.46,44.22,0.0,0.48
2019-02-10,38.13,18.55,41.65,0.0,0.48
2019-02-11,38.42,19.4,45.32,0.0,0.47
2019-02-12,37.8,20.98,47.37,0.0,0.47
2019-02-13,38.48,22.19,43.48,0.0,0.47
2019-02-14,38.47,20.66,40.18,0.0,0.47
2019-02-15,37.28,19.78,40.5,0.0,0.47
2019-02-16,37.13,21.4,37.94,0.0,0.47
2019-02-17,37.33,21.42,40.68,0.0,0.47
2019-02-18,35.46,19.65,48.15,0.0,0.46
2019-02-19,35.86,20.28,45.58,0.0,0.46
2019-02-20,36.89,20.03,49.89,0.0,0.46
2019-02-21,38.36,19.91,40.78,0.0,0.46
2019-02-22,38.48,19.41,39.4,0.0,0.46
2019-02-23,38.84,19.68,44.64,0.0,0.46
2019-02-24,38.79,20.4,48.75,0.0,0.46
2019-02-25,38.89,21.21,52.18,0.0,0.46
2019-02-26,38.91,22.7,51.6,0.0,0.46
2019-02-27,39.14,21.51,39.8,0.0,0.46
2019-02-28,37.69,21.0,37.18,0.0,0.46
2019-03-01,38.76,21.46,41.36,0.0,0.46
2019-03-02,39.03,21.19,41.93,0.0,0.46
2019-03-03,39.02,20.8,31.95,0.0,0.46
2019-03-04,38.5,19.63,47.04,0.0,0.46
2019-03-05,38.18,20.18,45.42,0.0,0.46
2019-03-06,37.62,20.59,52.7,0.0,0.46
2019-03-07,38.12,22.11,51.79,0.0,0.46
2019-03-08,38.4,22.89,51.57,0.0,0.46
2019-03-09,37.69,21.85,47.93,0.0,0.46
2019-03-10,37.43,20.14,32.97,0.0,0.46
2019-03-11,39.03,20.41,36.93,0.0,0.46
2019-03-12,39.25,21.52,35.66,0.0,0.46
2019-03-13,39.3,21.76,47.36,0.0,0.46
2019-03-14,39.5,23.31,52.18,0.0,0.46
2019-03-15,39.84,23.38,48.84,0.0,0.46
2019-03-16,40.58,21.98,44.37,0.0,0.46
2019-03-17,40.87,23.31,36.99,0.0,0.46
2019-03-18,40.69,22.98,43.07,0.13,0.46
2019-03-19,40.49,25.18,41.44,0.0,0.46
2019-03-20,40.58,24.29,35.63,0.0,0.46
2019-03-21,40.41,22.39,36.97,0.0,0.45
2019-03-22,40.47,22.0,42.68,0.0,0.45
2019-03-23,41.19,23.74,35.87,0.0,0.45
2019-03-24,41.28,24.0,41.1,0.0,0.45
2019-03-25,41.26,23.9,43.8,0.0,0.45
2019-03-26,40.14,24.3,54.22,17.74,0.47
2019-03-27,32.44,23.5,66.99,0.68,0.49
2019-03-28,37.57,24.43,52.5,0.01,0.48
2019-03-29,38.89,21.05,48.74,0.0,0.48
2019-03-30,38.89,22.43,57.05,0.0,0.48
2019-03-31,38.83,21.49,50.76,0.0,0.47
2019-04-01,39.01,21.68,53.59,0.0,0.47
2019-04-02,40.06,23.78,51.68,0.0,0.47
2019-04-03,40.56,24.88,45.89,0.0,0.46
2019-04-04,41.68,25.66,38.22,0.0,0.46
2019-04-05,40.79,25.37,35.42,0.0,0.46
2019-04-06,41.64,24.68,39.07,0.0,0.46
2019-04-07,41.54,25.13,40.73,0.0,0.46
2019-04-08,41.96,25.35,39.16,0.0,0.46
2019-04-09,42.26,25.61,36.12,0.0,0.46
2019-04-10,42.23,25.93,31.22,0.0,0.46
2019-04-11,42.86,27.27,33.42,0.0,0.46
2019-04-12,41.33,26.96,34.41,0.0,0.46
2019-04-13,42.52,26.8,40.4,0.0,0.46
2019-04-14,42.4,25.87,41.71,0.0,0.46
2019-04-15,42.28,26.17,46.62,0.0,0.46
2019-04-16,42.54,26.51,49.72,0.0,0.46
2019-04-17,43.38,27.48,41.2,0.0,0.46
2019-04-18,43.64,27.31,44.43,0.0,0.46
2019-04-19,42.5,27.55,49.21,0.0,0.46
2019-04-20,42.96,26.73,46.71,0.0,0.46
2019-04-21,43.45,28.24,40.63,0.02,0.46
2019-04-22,43.33,28.05,38.62,0.03,0.46
2019-04-23,42.51,28.89,46.98,0.29,0.46
2019-04-24,43.71,28.44,38.52,0.07,0.46
2019-04-25,44.32,28.25,33.25,0.14,0.46
2019-04-26,44.2,26.76,38.1,0.0,0.46
2019-04-27,43.71,26.39,40.36,0.0,0.46
2019-04-28,42.72,26.63,46.48,0.0,0.46
2019-04-29,42.59,27.8,44.05,0.01,0.46
2019-04-30,41.36,27.45,50.26,0.02,0.46
2019-05-01,38.59,28.56,51.25,0.07,0.46
2019-05-02,39.99,28.67,50.37,0.02,0.46
2019-05-03,41.63,28.65,51.06,0.02,0.46
2019-05-04,41.78,29.3,49.62,0.02,0.46
2019-05-05,38.59,29.28,56.6,0.02,0.46
2019-05-06,39.12,28.58,56.31,0.0,0.46
2019-05-07,41.5,27.84,53.08,0.0,0.46
2019-05-08,41.12,28.05,51.01,0.2,0.46
2019-05-09,37.65,28.59,56.21,1.98,0.46
2019-05-10,37.65,27.7,52.3,0.5,0.46
2019-05-11,34.32,29.19,61.53,1.06,0.46
2019-05-12,34.95,27.67,69.87,11.07,0.47
2019-05-13,33.98,27.09,71.58,2.12,0.48
2019-05-14,33.17,27.01,73.35,5.58,0.49
2019-05-15,36.31,26.54,67.66,1.63,0.49
2019-05-16,37.66,27.27,63.29,5.56,0.49
2019-05-17,37.8,27.48,60.79,0.11,0.49
2019-05-18,37.15,27.52,61.46,0.61,0.48
2019-05-19,36.0,27.59,70.32,15.43,0.5
2019-05-20,36.41,27.23,67.71,2.62,0.51
2019-05-21,33.95,27.49,76.24,12.3,0.52
2019-05-22,33.27,26.86,77.14,1.57,0.53
2019-05-23,34.42,26.46,68.89,0.4,0.52
2019-05-24,37.29,26.84,64.6,0.78,0.52
2019-05-25,34.3,26.87,69.66,0.67,0.52
2019-05-26,32.83,26.92,70.08,0.98,0.51
2019-05-27,33.18,25.85,77.08,15.74,0.53
2019-05-28,33.37,26.78,80.91,11.85,0.54
2019-05-29,31.68,26.25,81.63,13.39,0.57
2019-05-30,32.74,25.92,78.82,7.51,0.58
2019-05-31,34.01,26.08,76.96,11.16,0.59
2019-06-01,32.57,26.08,78.26,5.34,0.6
2019-06-02,32.03,25.59,81.1,17.26,0.6
2019-06-03,31.24,25.75,83.86,18.81,0.64
2019-06-04,33.46,25.89,76.5,3.23,0.64
2019-06-05,32.05,26.41,80.35,1.77,0.64
2019-06-06,32.72,25.5,75.84,0.54,0.63
2019-06-07,33.85,25.82,76.3,1.65,0.63
2019-06-08,33.05,25.95,78.14,1.62,0.62
2019-06-09,33.6,26.26,77.81,1.57,0.62
2019-06-10,33.31,26.18,82.04,6.31,0.62
2019-06-11,31.06,26.19,86.01,14.53,0.63
2019-06-12,31.85,25.88,82.69,6.5,0.65
2019-06-13,31.95,25.41,79.61,19.71,0.66
2019-06-14,32.93,25.58,78.96,7.73,0.67
2019-06-15,31.99,26.12,84.5,33.58,0.69
2019-06-16,31.28,25.68,84.24,12.18,0.71
2019-06-17,31.3,25.5,84.13,10.5,0.72
2019-06-18,29.99,26.04,88.16,22.79,0.75
2019-06-19,29.53,26.02,88.76,14.57,0.76
2019-06-20,31.73,25.56,84.26,0.42,0.76
2019-06-21,32.77,25.93,82.79,0.56,0.75
2019-06-22,34.04,25.75,79.93,0.06,0.74
2019-06-23,34.35,25.74,78.78,0.64,0.73
2019-06-24,32.57,26.3,82.47,4.59,0.72
2019-06-25,31.88,26.22,84.13,6.75,0.72
2019-06-26,31.3,25.66,85.51,23.42,0.74
2019-06-27,29.72,25.78,89.8,11.9,0.76
2019-06-28,31.93,25.33,86.01,7.13,0.76
2019-06-29,30.92,24.32,84.4,18.64,0.77
2019-06-30,31.0,25.67,85.07,18.54,0.79
2019-07-01,29.41,25.0,86.28,3.49,0.8
2019-07-02,29.61,24.89,88.81,13.98,0.8
2019-07-03,31.27,24.67,85.42,13.76,0.8
2019-07-04,29.58,24.58,87.69,19.96,0.81
2019-07-05,28.73,24.06,88.38,19.5,0.83
2019-07-06,31.3,24.51,85.51,14.46,0.84
2019-07-07,31.53,25.09,85.17,17.79,0.85
2019-07-08,29.98,24.7,87.83,47.24,0.88
2019-07-09,30.3,24.4,88.29,8.51,0.9
2019-07-10,30.77,24.93,88.16,7.4,0.89
2019-07-11,31.33,24.29,85.91,4.18,0.89
2019-07-12,31.69,24.66,86.0,7.49,0.88
2019-07-13,31.36,24.97,87.11,13.82,0.89
2019-07-14,29.54,25.01,90.4,15.34,0.89
2019-07-15,29.31,24.51,88.75,13.03,0.91
2019-07-16,30.95,24.47,85.66,5.93,0.9
2019-07-17,31.16,23.8,84.07,0.52,0.9
2019-07-18,31.19,24.18,85.96,0.57,0.89
2019-07-19,32.1,25.22,85.44,0.87,0.88
2019-07-20,31.73,25.52,85.76,2.66,0.87
2019-07-21,30.91,25.72,88.62,4.68,0.86
2019-07-22,30.48,25.02,88.24,6.85,0.86
2019-07-23,30.62,25.4,89.92,15.39,0.87
2019-07-24,28.3,25.12,92.64,22.62,0.89
2019-07-25,30.04,24.73,88.38,16.48,0.9
2019-07-26,30.14,24.72,87.87,4.04,0.9
2019-07-27,28.62,24.53,88.93,3.56,0.89
2019-07-28,30.05,24.68,87.3,3.98,0.89
2019-07-29,28.59,24.67,90.22,20.52,0.9
2019-07-30,28.65,24.34,89.28,4.98,0.9
2019-07-31,28.18,24.05,90.71,25.2,0.9
2019-08-01,28.31,23.86,89.55,25.44,0.93
2019-08-02,27.79,24.33,91.07,31.28,0.94
2019-08-03,29.56,24.36,88.33,24.29,0.95
2019-08-04,29.29,24.49,91.51,24.85,0.96
2019-08-05,27.76,24.36,93.35,43.05,0.97
2019-08-06,28.72,24.41,93.07,24.11,0.98
2019-08-07,28.51,25.39,93.44,28.88,0.99
2019-08-08,30.05,25.44,90.31,3.78,0.98
2019-08-09,30.05,25.09,91.8,27.43,0.99
2019-08-10,29.36,25.72,91.07,39.05,0.99
2019-08-11,28.03,25.29,94.24,5.39,0.99
2019-08-12,27.94,24.74,94.1,16.85,0.99
2019-08-13,29.26,24.28,91.92,11.97,0.99
2019-08-14,30.59,24.56,87.5,26.41,0.99
2019-08-15,30.24,25.2,89.64,3.28,0.99
2019-08-16,29.07,25.18,92.25,20.11,0.99
2019-08-17,29.69,23.69,86.56,6.14,0.99
2019-08-18,30.22,23.13,87.97,26.67,0.99
2019-08-19,29.97,25.27,91.76,34.24,1.0
2019-08-20,29.13,25.16,92.84,6.22,1.0
2019-08-21,29.74,24.54,89.61,4.97,0.99
2019-08-22,29.31,24.26,91.96,12.79,0.99
2019-08-23,29.26,25.22,91.66,18.71,0.99
2019-08-24,29.08,25.09,93.2,14.14,0.99
2019-08-25,28.15,25.0,93.05,6.55,0.99
2019-08-26,28.58,24.2,93.0,4.08,0.99
2019-08-27,29.0,23.95,91.53,4.56,0.99
2019-08-28,30.44,23.12,89.27,1.04,0.98
2019-08-29,30.21,24.1,87.64,3.51,0.98
2019-08-30,28.28,24.6,92.84,44.09,0.99
2019-08-31,27.4,25.25,94.63,30.9,1.0
2019-09-01,29.17,25.03,92.97,19.06,1.0
2019-09-02,28.75,25.27,93.07,16.43,1.0
2019-09-03,29.86,24.82,90.58,7.4,0.99
2019-09-04,29.14,24.37,92.23,19.53,0.99
2019-09-05,29.64,24.78,91.07,7.37,0.99
2019-09-06,28.92,24.67,92.62,10.59,0.99
2019-09-07,29.94,24.36,90.88,7.37,0.99
2019-09-08,30.42,24.73,89.78,7.62,0.98
2019-09-09,29.0,24.51,90.4,9.69,0.98
2019-09-10,29.35,24.52,90.96,7.56,0.98
2019-09-11,27.79,24.56,94.1,11.13,0.98
2019-09-12,28.3,24.24,91.77,5.73,0.98
2019-09-13,29.72,23.82,88.82,0.56,0.98
2019-09-14,30.48,23.79,89.98,3.8,0.97
2019-09-15,31.2,25.22,87.79,0.17,0.97
2019-09-16,30.83,24.53,89.34,0.16,0.96
2019-09-17,30.8,24.56,88.98,0.58,0.96
2019-09-18,31.92,24.57,85.13,9.73,0.95
2019-09-19,29.43,24.86,92.96,5.06,0.95
2019-09-20,30.22,24.58,84.81,14.27,0.95
2019-09-21,28.54,25.5,92.06,2.34,0.96
2019-09-22,30.05,24.62,90.79,1.62,0.96
2019-09-23,30.56,24.23,84.02,0.17,0.95
2019-09-24,31.12,23.97,83.49,0.74,0.94
2019-09-25,32.01,24.66,79.33,1.0,0.93
2019-09-26,30.6,24.31,87.01,11.38,0.93
2019-09-27,30.07,23.67,83.42,4.22,0.93
2019-09-28,30.76,24.17,84.89,3.58,0.93
2019-09-29,31.8,24.1,79.75,0.2,0.92
2019-09-30,32.38,23.8,83.55,0.18,0.91
2019-10-01,32.14,23.83,84.47,0.04,0.9
2019-10-02,31.83,23.93,84.56,0.09,0.89
2019-10-03,31.57,24.0,84.99,1.51,0.88
2019-10-04,30.15,24.61,87.47,8.2,0.88
2019-10-05,31.51,24.63,81.23,1.65,0.88
2019-10-06,28.26,24.01,88.37,1.22,0.88
2019-10-07,30.78,23.54,80.23,0.18,0.87
2019-10-08,30.61,24.0,82.12,4.59,0.86
2019-10-09,31.41,24.27,81.61,7.29,0.86
2019-10-10,31.69,23.72,81.79,30.98,0.88
2019-10-11,30.87,23.99,85.16,0.5,0.89
2019-10-12,31.8,24.0,82.89,0.15,0.88
2019-10-13,32.11,24.23,84.69,7.53,0.87
2019-10-14,31.52,24.27,84.62,2.31,0.87
2019-10-15,30.84,24.61,85.15,0.25,0.86
2019-10-16,31.35,23.48,84.96,1.4,0.85
2019-10-17,30.95,25.41,81.87,0.82,0.85
2019-10-18,32.35,24.18,82.52,0.09,0.84
2019-10-19,32.09,24.5,82.54,0.02,0.83
2019-10-20,31.86,24.28,82.26,0.03,0.82
2019-10-21,32.19,24.47,81.52,0.01,0.81
2019-10-22,32.62,23.87,82.72,0.15,0.8
2019-10-23,32.89,24.67,83.21,5.13,0.8
2019-10-24,32.91,24.82,81.91,2.12,0.79
2019-10-25,32.86,25.09,79.68,4.28,0.79
2019-10-26,32.23,25.74,81.14,0.55,0.78
2019-10-27,30.54,25.28,86.36,3.33,0.78
2019-10-28,31.56,25.12,83.3,0.24,0.78
2019-10-29,31.61,25.27,81.58,5.03,0.78
2019-10-30,30.91,25.87,84.49,2.32,0.78
2019-10-31,30.2,24.65,78.82,0.18,0.77
2019-11-01,30.79,22.68,77.21,0.0,0.76
2019-11-02,30.82,22.8,83.29,0.04,0.75
2019-11-03,31.21,23.93,82.07,0.45,0.74
2019-11-04,30.24,24.98,86.3,0.74,0.74
2019-11-05,30.39,24.96,86.76,0.06,0.73
2019-11-06,29.22,24.11,87.97,0.14,0.73
2019-11-07,29.39,23.62,86.78,0.15,0.72
2019-11-08,30.47,24.25,86.76,0.31,0.72
2019-11-09,30.51,23.44,79.83,0.0,0.71
2019-11-10,31.41,22.47,75.84,0.0,0.7
2019-11-11,32.08,22.36,78.41,0.0,0.7
2019-11-12,32.71,22.75,79.87,0.13,0.69
2019-11-13,32.15,23.49,81.2,0.59,0.68
2019-11-14,30.76,24.8,82.99,1.39,0.68
2019-11-15,31.32,23.58,79.16,0.01,0.67
2019-11-16,32.32,22.53,78.32,0.0,0.66
2019-11-17,33.08,23.05,78.89,0.0,0.66
2019-11-18,32.77,23.6,77.61,0.0,0.65
2019-11-19,32.9,22.71,76.94,0.0,0.64
2019-11-20,31.65,22.44,78.27,0.0,0.64
2019-11-21,31.5,21.32,77.19,0.0,0.63
2019-11-22,31.51,20.63,74.07,0.0,0.62
2019-11-23,32.08,20.56,69.72,0.0,0.62
2019-11-24,32.07,21.13,70.63,0.0,0.61
2019-11-25,32.25,20.05,74.15,0.0,0.61
2019-11-26,31.45,19.87,77.33,0.0,0.6
2019-11-27,32.55,19.64,74.16,0.0,0.6
2019-11-28,32.76,22.96,74.68,0.0,0.59
2019-11-29,32.21,22.65,74.01,0.0,0.59
2019-11-30,32.77,20.85,74.44,0.0,0.58
2019-12-01,33.74,21.28,72.26,0.0,0.58
2019-12-02,32.48,22.24,74.92,0.0,0.57
2019-12-03,29.91,22.02,72.28,0.0,0.57
2019-12-04,29.12,20.44,67.7,0.0,0.57
2019-12-05,28.45,18.89,64.77,0.0,0.56
2019-12-06,27.17,17.51,63.35,0.0,0.56
2019-12-07,25.67,15.24,61.81,0.0,0.55
2019-12-08,26.17,13.74,64.35,0.0,0.55
2019-12-09,27.02,13.23,67.62,0.0,0.55
2019-12-10,28.27,14.4,69.08,0.0,0.54
2019-12-11,29.33,14.84,66.4,0.0,0.54
2019-12-12,29.97,15.62,66.98,0.0,0.54
2019-12-13,30.78,16.39,66.95,0.0,0.54
2019-12-14,31.51,16.94,68.73,0.0,0.53
2019-12-15,32.59,17.17,66.72,0.0,0.53
2019-12-16,34.05,18.1,62.0,0.0,0.53
2019-12-17,34.93,19.09,62.52,0.0,0.52
2019-12-18,34.95,19.63,62.72,0.0,0.52
2019-12-19,35.01,18.91,58.71,0.0,0.52
2019-12-20,34.57,19.62,63.16,0.0,0.51
2019-12-21,34.16,19.81,62.97,0.0,0.51
2019-12-22,33.92,19.47,59.87,0.0,0.51
2019-12-23,33.01,18.4,60.87,0.0,0.5
2019-12-24,32.81,18.48,62.46,0.0,0.5
2019-12-25,33.4,17.91,64.7,0.0,0.5
2019-12-26,33.29,17.47,57.48,0.0,0.49
2019-12-27,32.87,18.38,64.95,0.0,0.49
2019-12-28,32.42,19.84,67.84,0.63,0.49
2019-12-29,32.08,21.27,69.55,0.02,0.49
2019-12-30,32.54,21.91,65.94,0.0,0.49
2019-12-31,33.83,21.47,58.86,0.0,0.49
2020-01-01,33.97,23.05,59.37,0.0,0.48
2020-01-02,34.7,21.93,59.48,0.0,0.48
2020-01-03,34.05,22.14,58.3,0.0,0.48
2020-01-04,35.18,20.6,56.99,0.0,0.48
2020-01-05,35.54,21.27,56.7,0.0,0.48
2020-01-06,34.81,21.32,56.69,0.0,0.48
2020-01-07,35.22,20.05,51.24,0.0,0.48
2020-01-08,35.56,18.7,51.32,0.0,0.47
2020-01-09,36.73,20.37,39.33,0.0,0.47
2020-01-10,35.98,19.24,33.42,0.0,0.47
2020-01-11,35.35,18.3,42.09,0.0,0.47
2020-01-12,34.36,17.95,42.3,0.0,0.47
2020-01-13,34.95,16.52,46.92,0.0,0.47
2020-01-14,34.89,18.46,54.08,0.0,0.47
2020-01-15,35.31,19.79,53.86,0.0,0.47
2020-01-16,36.12,18.77,44.94,0.0,0.47
2020-01-17,36.35,17.96,39.71,0.0,0.47
2020-01-18,36.66,17.79,35.83,0.0,0.46
2020-01-19,36.77,17.52,31.8,0.0,0.46
2020-01-20,36.18,18.99,45.65,0.0,0.46
2020-01-21,36.02,21.1,49.41,0.0,0.46
2020-01-22,36.95,20.92,46.38,0.0,0.46
2020-01-23,37.31,19.96,40.51,0.0,0.46
2020-01-24,35.91,18.33,33.23,0.0,0.46
2020-01-25,34.31,18.22,35.21,0.0,0.46
2020-01-26,33.45,14.05,27.72,0.0,0.46
2020-01-27,32.33,14.05,43.68,0.0,0.46
2020-01-28,32.93,14.11,36.25,0.0,0.46
2020-01-29,34.89,15.85,37.86,0.0,0.46
2020-01-30,36.39,18.46,31.56,0.0,0.46
2020-01-31,35.58,18.42,47.03,0.0,0.46
2020-02-01,35.58,19.4,47.54,0.0,0.46
2020-02-02,36.4,19.51,40.86,0.0,0.46
2020-02-03,35.63,18.97,33.85,0.0,0.46
2020-02-04,34.87,17.44,36.8,0.0,0.46
2020-02-05,35.31,15.22,41.9,0.0,0.46
2020-02-06,35.33,16.89,39.65,0.0,0.46
2020-02-07,36.83,18.05,38.1,0.0,0.46
2020-02-08,37.2,19.42,38.36,0.0,0.46
2020-02-09,37.1,21.21,38.96,0.0,0.46
2020-02-10,36.97,21.27,38.36,0.0,0.46
2020-02-11,37.63,20.67,37.79,0.0,0.46
2020-02-12,36.87,19.35,35.3,0.0,0.46
2020-02-13,36.04,19.39,34.55,0.0,0.46
2020-02-14,34.5,14.86,47.01,0.0,0.46
2020-02-15,35.21,16.75,51.63,0.0,0.46
2020-02-16,36.42,17.62,49.67,0.0,0.46
2020-02-17,37.06,18.17,47.09,0.0,0.46
2020-02-18,36.42,18.87,50.06,0.0,0.46
2020-02-19,36.74,19.71,49.76,0.0,0.46
2020-02-20,37.13,21.34,41.99,0.0,0.46
2020-02-21,37.38,21.21,38.85,0.0,0.46
2020-02-22,35.97,22.09,39.52,0.0,0.46
2020-02-23,36.04,21.29,40.22,0.0,0.46
2020-02-24,37.06,21.3,38.71,0.0,0.45
2020-02-25,37.22,21.05,36.12,0.0,0.45
2020-02-26,37.46,22.74,37.08,0.0,0.45
2020-02-27,35.49,24.35,36.44,0.0,0.45
2020-02-28,37.34,21.34,37.25,0.0,0.45
2020-02-29,38.26,21.6,35.91,0.0,0.45
2020-03-01,38.03,23.29,38.42,0.0,0.45
2020-03-02,38.12,22.32,43.21,0.0,0.45
2020-03-03,38.01,22.71,45.76,0.0,0.45
2020-03-04,37.28,21.5,47.76,0.0,0.45
2020-03-05,38.38,20.83,44.39,0.0,0.45
2020-03-06,38.44,20.4,43.9,0.0,0.45
2020-03-07,39.03,19.93,38.74,0.0,0.45
2020-03-08,38.91,19.41,45.55,0.0,0.45
2020-03-09,38.78,20.72,44.04,0.0,0.45
2020-03-10,39.24,21.49,42.33,0.0,0.45
2020-03-11,38.33,19.66,48.38,0.0,0.45
2020-03-12,39.76,20.09,43.86,0.0,0.45
2020-03-13,40.87,21.19,44.24,0.0,0.45
2020-03-14,40.92,21.99,40.36,0.0,0.45
2020-03-15,41.0,23.31,39.23,0.01,0.45
2020-03-16,41.31,25.0,38.18,0.0,0.45
2020-03-17,40.96,23.79,33.54,0.0,0.45
2020-03-18,40.06,22.03,40.69,0.0,0.45
2020-03-19,39.18,23.01,47.94,0.0,0.45
2020-03-20,39.75,24.34,48.67,0.0,0.45
2020-03-21,39.65,22.05,38.51,0.0,0.45
2020-03-22,39.73,21.97,36.37,0.0,0.45
2020-03-23,39.66,22.45,38.73,0.0,0.45
2020-03-24,39.24,21.96,35.86,0.0,0.45
2020-03-25,39.48,21.21,40.91,0.0,0.45
2020-03-26,39.41,21.62,46.14,0.0,0.45
2020-03-27,40.18,22.59,45.09,0.0,0.45
2020-03-28,40.15,23.08,51.75,0.0,0.45
2020-03-29,40.01,23.73,51.33,0.0,0.45
2020-03-30,39.87,23.97,53.77,0.0,0.45
2020-03-31,41.6,23.78,47.64,0.0,0.45
2020-04-01,41.08,23.35,44.68,0.0,0.45
2020-04-02,41.21,22.96,41.33,0.0,0.45
2020-04-03,41.26,23.05,41.23,0.0,0.45
2020-04-04,41.92,23.94,40.57,0.0,0.45
2020-04-05,41.7,24.18,45.49,0.0,0.45
2020-04-06,41.3,24.05,42.16,0.0,0.45
2020-04-07,39.51,24.7,46.08,0.0,0.45
2020-04-08,41.07,23.67,45.08,0.0,0.45
2020-04-09,40.74,25.33,45.5,0.0,0.45
2020-04-10,40.72,23.64,40.64,0.0,0.45
2020-04-11,41.11,23.81,42.7,0.04,0.45
2020-04-12,41.61,25.59,43.23,0.0,0.45
2020-04-13,40.26,23.52,47.82,0.0,0.45
2020-04-14,40.29,25.47,45.08,0.1,0.45
2020-04-15,40.13,26.21,46.18,0.32,0.45
2020-04-16,40.34,25.93,38.79,0.01,0.45
2020-04-17,39.05,25.44,39.39,0.64,0.45
2020-04-18,39.27,26.33,47.08,6.04,0.47
2020-04-19,40.49,24.41,42.86,0.0,0.46
2020-04-20,41.55,25.48,43.93,0.01,0.46
2020-04-21,41.77,26.65,43.19,0.01,0.46
2020-04-22,41.94,26.58,40.07,0.02,0.46
2020-04-23,42.28,26.43,41.47,0.03,0.46
2020-04-24,39.87,26.27,48.49,0.06,0.46
2020-04-25,40.79,27.35,44.06,2.23,0.46
2020-04-26,30.17,26.77,68.15,14.07,0.48
2020-04-27,31.84,25.76,73.89,13.8,0.5
2020-04-28,31.88,25.64,75.06,11.34,0.52
2020-04-29,30.69,25.85,76.96,10.07,0.54
2020-04-30,34.19,26.13,69.48,5.06,0.54
2020-05-01,34.3,25.44,70.14,1.37,0.54
2020-05-02,35.2,26.44,67.55,0.17,0.53
2020-05-03,37.43,26.67,62.09,0.28,0.53
2020-05-04,39.45,26.08,56.67,0.01,0.52
2020-05-05,40.76,26.21,54.61,0.01,0.52
2020-05-06,39.59,26.75,55.58,0.27,0.51
2020-05-07,38.0,26.44,59.37,1.82,0.51
2020-05-08,39.78,25.68,56.16,0.04,0.51
2020-05-09,40.53,28.0,55.97,0.24,0.5
2020-05-10,39.59,27.37,57.3,0.53,0.5
2020-05-11,40.49,27.82,55.13,1.51,0.49
2020-05-12,38.57,28.26,60.76,0.08,0.49
2020-05-13,38.37,28.02,56.81,0.09,0.49
2020-05-14,39.67,27.27,54.47,0.03,0.48
2020-05-15,38.41,28.1,52.94,0.02,0.48
2020-05-16,40.31,28.25,52.58,0.03,0.48
2020-05-17,39.0,29.53,51.5,0.0,0.47
2020-05-18,33.58,27.53,74.56,18.78,0.49
2020-05-19,32.78,27.4,76.22,7.4,0.52
2020-05-20,34.03,27.62,75.63,6.74,0.52
2020-05-21,35.45,27.14,70.4,1.84,0.52
2020-05-22,38.26,26.8,61.64,0.02,0.52
2020-05-23,38.61,27.34,57.38,0.17,0.51
2020-05-24,37.17,27.55,57.63,0.6,0.51
2020-05-25,38.39,26.62,61.07,0.01,0.5
2020-05-26,35.01,27.76,67.65,0.26,0.5
2020-05-27,36.7,26.89,66.57,0.88,0.5
2020-05-28,33.0,26.98,81.1,22.74,0.51
2020-05-29,32.81,26.31,80.61,13.03,0.54
2020-05-30,34.01,26.24,74.12,2.16,0.55
2020-05-31,32.19,26.51,75.75,2.68,0.55
2020-06-01,33.87,25.97,76.16,12.97,0.56
2020-06-02,32.01,26.23,80.62,11.9,0.58
2020-06-03,35.21,25.83,70.93,1.63,0.58
2020-06-04,34.56,26.48,70.29,1.3,0.58
2020-06-05,34.87,26.03,72.4,2.77,0.58
2020-06-06,32.39,25.98,78.88,6.51,0.58
2020-06-07,31.99,25.01,80.96,9.71,0.59
2020-06-08,30.48,25.75,85.56,11.41,0.6
2020-06-09,31.17,25.66,84.4,22.39,0.63
2020-06-10,32.4,26.22,81.13,1.93,0.63
2020-06-11,32.96,25.94,78.77,1.84,0.63
2020-06-12,32.78,26.01,79.28,3.58,0.63
2020-06-13,32.93,25.6,82.42,18.16,0.63
2020-06-14,32.62,25.99,83.58,14.72,0.67
2020-06-15,31.61,25.5,83.64,20.94,0.68
2020-06-16,29.29,25.24,89.35,11.07,0.71
2020-06-17,30.53,25.29,86.82,15.46,0.71
2020-06-18,30.47,24.65,86.11,13.31,0.73
2020-06-19,30.02,24.54,85.02,3.56,0.74
2020-06-20,31.35,24.34,82.87,5.87,0.73
2020-06-21,32.99,24.46,80.56,0.29,0.73
2020-06-22,32.5,25.49,81.52,2.66,0.72
2020-06-23,30.96,25.59,85.26,6.48,0.72
2020-06-24,31.53,25.48,84.71,13.96,0.73
2020-06-25,31.13,25.44,85.0,12.34,0.74
2020-06-26,31.57,25.36,84.32,11.84,0.76
2020-06-27,31.23,24.41,83.32,21.05,0.78
2020-06-28,31.61,24.41,80.68,1.25,0.77
2020-06-29,32.86,24.12,78.78,0.38,0.76
2020-06-30,32.17,24.86,82.02,4.89,0.76
2020-07-01,30.25,25.16,85.76,10.2,0.76
2020-07-02,30.75,25.16,87.52,10.2,0.77
2020-07-03,30.72,25.42,85.4,6.42,0.77
2020-07-04,29.54,25.08,86.34,4.97,0.77
2020-07-05,31.23,24.8,84.79,0.84,0.77
2020-07-06,30.45,24.75,84.88,0.47,0.76
2020-07-07,31.9,24.91,83.28,8.16,0.76
2020-07-08,30.02,25.53,87.0,1.17,0.76
2020-07-09,32.29,24.57,82.34,3.08,0.76
2020-07-10,32.55,24.97,82.11,3.42,0.75
2020-07-11,30.73,25.31,86.21,6.41,0.75
2020-07-12,31.44,25.36,83.86,9.17,0.76
2020-07-13,29.49,24.4,86.73,3.63,0.77
2020-07-14,30.63,23.77,83.06,0.93,0.76
2020-07-15,32.1,23.91,82.04,0.96,0.75
2020-07-16,31.78,24.43,81.02,1.82,0.74
2020-07-17,31.57,24.29,85.95,14.01,0.75
2020-07-18,32.23,25.04,82.06,0.71,0.75
2020-07-19,32.14,25.35,81.72,1.03,0.74
2020-07-20,31.43,25.07,82.91,1.05,0.74
2020-07-21,31.27,25.42,82.84,6.76,0.74
2020-07-22,30.33,24.72,82.6,0.75,0.74
2020-07-23,32.56,23.75,78.02,0.52,0.73
2020-07-24,32.6,24.57,79.55,3.79,0.72
2020-07-25,32.62,24.66,81.38,14.12,0.73
2020-07-26,32.9,25.49,81.02,6.49,0.74
2020-07-27,31.38,25.98,85.37,5.05,0.74
2020-07-28,29.66,25.55,88.78,21.13,0.76
2020-07-29,30.22,25.01,86.89,7.55,0.77
2020-07-30,31.32,24.52,84.93,5.84,0.77
2020-07-31,32.92,24.24,81.13,2.51,0.76
2020-08-01,29.87,25.58,87.82,3.92,0.76
2020-08-02,30.18,25.57,87.0,31.99,0.77
2020-08-03,28.54,25.7,92.69,32.74,0.82
2020-08-04,30.46,26.42,89.06,35.58,0.85
2020-08-05,29.33,25.71,90.35,7.32,0.86
2020-08-06,30.06,25.44,89.02,3.32,0.85
2020-08-07,30.28,24.79,89.39,9.36,0.85
2020-08-08,29.98,25.25,88.9,2.29,0.85
2020-08-09,30.27,24.81,88.39,8.55,0.85
2020-08-10,30.29,25.51,87.93,7.2,0.85
2020-08-11,29.08,25.26,92.06,13.42,0.86
2020-08-12,29.91,25.21,88.87,18.16,0.86
2020-08-13,28.98,25.2,89.35,8.09,0.88
2020-08-14,28.89,25.33,89.41,7.08,0.87
2020-08-15,29.05,25.11,89.66,8.95,0.88
2020-08-16,29.28,24.63,88.23,3.03,0.87
2020-08-17,30.43,23.9,84.49,4.29,0.87
2020-08-18,29.55,23.99,89.65,5.46,0.87
2020-08-19,29.68,24.41,88.48,4.26,0.87
2020-08-20,30.63,23.91,85.78,4.21,0.86
2020-08-21,29.17,24.57,87.78,26.56,0.87
2020-08-22,28.55,24.22,92.28,40.97,0.9
2020-08-23,28.11,23.7,89.0,6.57,0.91
2020-08-24,29.17,23.44,88.0,11.28,0.91
2020-08-25,30.16,24.43,89.56,2.28,0.91
2020-08-26,30.81,24.4,87.63,6.64,0.9
2020-08-27,31.84,24.25,85.94,4.62,0.9
2020-08-28,30.83,24.56,87.41,6.26,0.9
2020-08-29,31.01,24.12,86.74,2.17,0.89
2020-08-30,31.06,24.42,86.02,3.89,0.89
2020-08-31,30.95,25.18,87.8,26.12,0.9
2020-09-01,28.54,25.15,91.9,12.78,0.91
2020-09-02,30.37,25.0,87.68,0.83,0.91
2020-09-03,31.62,24.89,85.87,1.29,0.9
2020-09-04,31.39,25.15,86.89,0.25,0.9
2020-09-05,31.64,25.08,86.77,3.29,0.89
2020-09-06,30.92,25.02,88.06,2.07,0.89
2020-09-07,29.57,25.19,88.93,0.48,0.88
2020-09-08,29.85,24.64,88.99,5.13,0.88
2020-09-09,30.09,25.19,86.4,0.17,0.88
2020-09-10,31.04,24.49,85.3,0.36,0.87
2020-09-11,30.84,24.64,87.46,4.72,0.86
2020-09-12,30.39,25.5,89.02,0.81,0.86
2020-09-13,30.48,24.89,89.66,2.88,0.85
2020-09-14,30.18,25.36,88.82,0.72,0.85
2020-09-15,30.18,24.69,87.32,0.41,0.84
2020-09-16,30.2,24.58,87.41,1.08,0.84
2020-09-17,30.98,25.18,86.34,2.1,0.83
2020-09-18,28.31,25.1,92.44,32.2,0.85
2020-09-19,28.24,25.05,94.45,31.46,0.88
2020-09-20,28.5,25.53,92.68,13.93,0.9
2020-09-21,29.83,25.66,91.33,3.59,0.9
2020-09-22,29.98,25.28,90.37,9.33,0.89
2020-09-23,30.61,25.08,88.72,9.09,0.9
2020-09-24,29.27,24.64,89.78,10.02,0.9
2020-09-25,30.63,23.58,87.82,7.98,0.9
2020-09-26,29.76,24.01,88.59,3.16,0.9
2020-09-27,29.88,24.69,88.98,1.7,0.89
2020-09-28,31.02,24.74,86.09,8.49,0.89
2020-09-29,28.78,24.84,91.44,10.94,0.9
2020-09-30,28.63,24.5,92.16,2.26,0.9
2020-10-01,29.47,25.06,91.94,0.78,0.89
2020-10-02,29.23,25.24,91.62,0.3,0.89
2020-10-03,30.39,24.46,90.09,34.13,0.89
2020-10-04,29.35,24.81,90.2,17.57,0.92
2020-10-05,29.8,24.29,89.53,2.17,0.92
2020-10-06,30.41,24.55,87.7,6.98,0.91
2020-10-07,31.73,24.51,84.8,3.08,0.91
2020-10-08,31.13,24.68,86.68,4.41,0.91
2020-10-09,28.84,24.51,89.01,0.39,0.9
2020-10-10,29.74,24.62,86.16,0.45,0.89
2020-10-11,30.22,23.76,86.62,0.09,0.88
2020-10-12,30.51,24.6,89.03,3.62,0.88
2020-10-13,29.82,24.69,88.7,2.76,0.88
2020-10-14,29.8,24.23,88.43,1.63,0.87
2020-10-15,31.34,24.45,87.96,6.43,0.87
2020-10-16,28.2,25.18,94.3,13.8,0.88
2020-10-17,29.99,25.0,88.97,0.93,0.88
2020-10-18,29.93,24.23,86.27,1.89,0.87
2020-10-19,29.12,23.69,86.79,0.38,0.86
2020-10-20,27.62,22.83,87.8,0.16,0.85
2020-10-21,27.75,23.82,89.33,0.61,0.85
2020-10-22,29.63,23.3,86.94,0.26,0.84
2020-10-23,29.58,23.99,87.07,0.09,0.83
2020-10-24,30.3,23.65,87.99,0.04,0.82
2020-10-25,31.04,23.93,81.46,0.21,0.81
2020-10-26,30.21,24.33,85.39,1.19,0.81
2020-10-27,30.75,23.37,85.67,2.36,0.8
2020-10-28,30.0,24.29,83.92,1.62,0.8
2020-10-29,31.1,22.63,87.21,1.89,0.79
2020-10-30,27.18,24.31,91.83,5.6,0.8
2020-10-31,27.96,23.71,93.07,2.36,0.8
2020-11-01,29.63,24.56,86.1,1.21,0.8
2020-11-02,31.22,23.75,83.52,2.17,0.79
2020-11-03,29.0,25.11,88.41,15.95,0.81
2020-11-04,29.23,24.46,87.44,6.73,0.81
2020-11-05,31.07,23.69,82.4,0.62,0.81
2020-11-06,30.57,23.4,85.71,0.33,0.8
2020-11-07,30.81,23.46,84.1,0.1,0.79
2020-11-08,30.05,23.47,84.45,0.0,0.78
2020-11-09,29.4,23.63,82.56,0.0,0.77
2020-11-10,29.51,22.23,82.87,0.0,0.76
2020-11-11,28.86,20.4,81.41,0.04,0.76
2020-11-12,29.12,21.4,83.53,0.0,0.75
2020-11-13,30.48,22.53,81.77,0.01,0.74
2020-11-14,29.84,23.27,79.98,0.0,0.73
2020-11-15,30.78,21.83,77.89,0.0,0.72
2020-11-16,31.98,20.33,72.91,0.0,0.71
2020-11-17,32.45,21.86,75.23,0.0,0.71
2020-11-18,32.85,22.06,73.56,0.0,0.7
2020-11-19,32.29,19.29,69.1,0.0,0.69
2020-11-20,32.93,19.12,63.49,0.0,0.68
2020-11-21,33.4,17.26,56.74,0.0,0.68
2020-11-22,33.39,17.7,59.3,0.0,0.67
2020-11-23,33.29,19.22,66.21,0.0,0.66
2020-11-24,32.29,22.61,75.72,0.01,0.66
2020-11-25,30.72,23.47,76.52,0.01,0.65
2020-11-26,32.24,21.82,75.44,0.0,0.65
2020-11-27,32.13,22.14,75.49,0.0,0.64
2020-11-28,31.35,21.89,75.99,0.0,0.64
2020-11-29,32.18,21.82,73.28,0.0,0.63
2020-11-30,31.13,21.16,76.64,0.0,0.63
2020-12-01,31.45,21.93,75.8,0.0,0.62
2020-12-02,32.11,21.66,74.86,0.0,0.62
2020-12-03,31.93,22.44,74.61,0.01,0.61
2020-12-04,30.4,23.03,74.66,0.02,0.61
2020-12-05,29.66,21.84,72.05,0.0,0.6
2020-12-06,30.01,20.68,71.47,0.0,0.6
2020-12-07,31.71,21.69,69.56,0.0,0.59
2020-12-08,31.46,20.3,70.55,0.0,0.59
2020-12-09,31.12,19.54,71.52,0.0,0.58
2020-12-10,31.36,18.87,71.51,0.0,0.58
2020-12-11,31.67,18.42,70.58,0.0,0.58
2020-12-12,31.94,17.91,69.92,0.0,0.57
2020-12-13,32.17,17.74,68.48,0.0,0.57
2020-12-14,32.84,18.22,68.64,0.0,0.56
2020-12-15,33.52,19.42,67.72,0.0,0.56
2020-12-16,34.31,21.75,67.66,0.0,0.56
2020-12-17,31.75,22.22,67.76,0.0,0.55
2020-12-18,33.28,22.1,66.3,0.0,0.55
2020-12-19,32.43,22.73,70.98,0.0,0.54
2020-12-20,31.06,21.29,67.45,0.0,0.54
2020-12-21,29.84,20.2,66.17,0.0,0.54
2020-12-22,30.43,19.09,64.86,0.0,0.53
2020-12-23,31.43,18.39,62.02,0.0,0.53
2020-12-24,32.46,17.0,62.02,0.0,0.53
2020-12-25,33.66,18.31,59.39,0.0,0.52
2020-12-26,33.86,20.75,63.98,0.01,0.52
2020-12-27,34.45,22.24,67.8,0.0,0.52
2020-12-28,34.63,21.31,66.19,0.0,0.51
2020-12-29,34.31,20.52,59.38,0.0,0.51
2020-12-30,34.77,18.41,54.03,0.0,0.51
2020-12-31,31.26,21.04,61.83,0.04,0.51
2021-01-01,30.52,18.9,58.04,0.0,0.5
2021-01-02,30.47,18.35,58.37,0.0,0.5
2021-01-03,32.17,17.73,58.88,0.0,0.5
2021-01-04,32.95,17.72,60.6,0.0,0.5
2021-01-05,34.64,18.88,60.18,0.0,0.49
2021-01-06,35.23,20.47,60.61,0.0,0.49
2021-01-07,36.02,22.92,59.24,0.0,0.49
2021-01-08,35.04,23.44,59.93,0.0,0.49
2021-01-09,33.32,23.54,61.22,0.0,0.49
2021-01-10,34.3,22.06,61.96,0.0,0.49
2021-01-11,34.66,22.92,63.14,0.0,0.48
2021-01-12,29.15,20.77,54.08,0.0,0.48
2021-01-13,30.92,18.7,55.93,0.0,0.48
2021-01-14,32.67,19.25,62.49,0.0,0.48
2021-01-15,33.0,18.12,56.91,0.0,0.48
2021-01-16,32.31,17.24,58.25,0.0,0.48
2021-01-17,33.15,17.96,58.07,0.0,0.48
2021-01-18,32.04,19.12,58.28,0.0,0.48
2021-01-19,32.25,19.98,58.54,0.0,0.48
2021-01-20,33.38,18.81,57.57,0.0,0.47
2021-01-21,33.2,18.16,59.21,0.0,0.47
2021-01-22,33.22,19.81,54.51,0.0,0.47
2021-01-23,33.61,19.35,53.31,0.0,0.47
2021-01-24,33.49,17.34,45.8,0.0,0.47
2021-01-25,34.48,17.02,47.7,0.0,0.47
2021-01-26,35.3,18.93,48.9,0.0,0.47
2021-01-27,36.64,20.05,47.56,0.0,0.47
2021-01-28,37.19,20.4,44.49,0.0,0.47
2021-01-29,33.29,21.36,52.47,0.08,0.47
2021-01-30,34.16,22.48,62.57,1.56,0.47
2021-01-31,35.74,21.6,51.44,0.04,0.47
2021-02-01,35.18,20.67,38.84,0.0,0.47
2021-02-02,35.74,18.45,36.66,0.0,0.46
2021-02-03,36.22,16.96,36.56,0.0,0.46
2021-02-04,36.84,17.85,42.17,0.0,0.46
2021-02-05,36.5,20.28,45.81,0.0,0.46
2021-02-06,36.04,21.59,51.42,0.0,0.46
2021-02-07,35.68,22.22,51.3,1.38,0.46
2021-02-08,34.3,19.96,46.34,2.11,0.47
2021-02-09,34.71,16.28,38.26,0.0,0.47
2021-02-10,34.36,16.98,40.51,0.0,0.46
2021-02-11,35.0,17.91,50.31,0.0,0.46
2021-02-12,35.55,18.45,48.94,0.0,0.46
2021-02-13,35.57,18.8,49.96,0.0,0.46
2021-02-14,35.36,17.73,49.62,0.0,0.46
2021-02-15,34.76,18.52,50.24,0.0,0.46
2021-02-16,35.98,17.11,47.77,0.0,0.46
2021-02-17,36.55,18.47,49.42,0.0,0.46
2021-02-18,32.97,22.14,56.79,0.43,0.46
2021-02-19,34.2,22.31,49.8,0.0,0.46
2021-02-20,35.59,24.18,45.65,0.0,0.46
2021-02-21,36.71,22.76,50.26,0.0,0.46
2021-02-22,38.33,22.87,47.32,0.0,0.46
2021-02-23,38.29,23.03,47.73,0.0,0.46
2021-02-24,38.13,22.39,40.78,0.0,0.46
2021-02-25,37.66,20.19,38.83,0.0,0.46
2021-02-26,37.35,19.2,49.94,0.0,0.46
2021-02-27,37.77,19.36,46.37,0.0,0.46
2021-02-28,37.82,18.64,45.92,0.0,0.46
2021-03-01,37.82,19.72,46.39,0.0,0.46
2021-03-02,38.99,19.16,43.11,0.0,0.46
2021-03-03,39.13,20.86,37.71,0.01,0.46
2021-03-04,39.4,22.26,38.48,0.0,0.46
2021-03-05,39.75,22.42,32.26,0.0,0.46
2021-03-06,39.68,19.93,22.27,0.0,0.46
2021-03-07,40.03,19.09,29.58,0.0,0.46
2021-03-08,40.17,20.44,29.99,0.0,0.46
2021-03-09,39.72,20.19,31.59,0.0,0.46
2021-03-10,39.67,20.03,37.03,0.0,0.46
2021-03-11,40.07,21.65,34.15,0.0,0.46
2021-03-12,40.51,22.82,34.99,0.33,0.46
2021-03-13,40.5,23.59,36.57,0.0,0.46
2021-03-14,40.16,24.17,41.74,0.0,0.46
2021-03-15,40.2,23.17,38.43,0.0,0.46
2021-03-16,39.96,21.89,36.87,0.02,0.46
2021-03-17,39.01,21.86,41.48,0.0,0.45
2021-03-18,40.58,23.74,41.3,0.0,0.45
2021-03-19,41.41,23.58,37.4,0.0,0.45
2021-03-20,41.63,23.53,36.99,0.0,0.45
2021-03-21,42.06,24.37,39.31,0.0,0.45
2021-03-22,42.21,24.48,43.76,0.02,0.45
2021-03-23,38.89,26.55,52.81,0.03,0.45
2021-03-24,41.15,26.74,44.04,0.01,0.45
2021-03-25,41.71,26.15,42.27,0.03,0.45
2021-03-26,40.83,27.36,44.18,0.36,0.46
2021-03-27,41.47,27.3,46.68,0.11,0.46
2021-03-28,41.55,26.35,42.95,0.0,0.46
2021-03-29,40.83,26.58,38.18,0.0,0.46
2021-03-30,40.13,26.45,40.17,0.0,0.45
2021-03-31,40.35,25.56,46.42,0.0,0.45
2021-04-01,37.72,25.4,47.53,0.01,0.45
2021-04-02,39.14,26.15,38.72,0.01,0.45
2021-04-03,37.61,27.65,45.67,1.77,0.45
2021-04-04,33.78,25.71,66.38,16.37,0.48
2021-04-05,29.27,24.67,83.37,22.39,0.51
2021-04-06,32.66,23.61,77.98,13.34,0.54
2021-04-07,35.36,24.38,68.1,0.39,0.54
2021-04-08,37.01,24.16,64.55,0.19,0.53
2021-04-09,38.04,24.08,61.78,0.57,0.52
2021-04-10,38.06,24.37,60.38,0.17,0.52
2021-04-11,35.8,26.1,66.26,10.33,0.52
2021-04-12,33.01,26.01,74.98,26.61,0.57
2021-04-13,34.36,25.32,70.93,0.7,0.57
2021-04-14,32.05,25.92,74.21,2.83,0.57
2021-04-15,32.77,25.56,71.94,4.03,0.57
2021-04-16,31.99,24.2,77.86,19.62,0.59
2021-04-17,31.7,23.81,78.69,15.79,0.61
2021-04-18,33.42,24.8,73.5,2.46,0.62
2021-04-19,34.89,24.84,70.02,1.6,0.61
2021-04-20,36.21,24.34,66.77,0.1,0.6
2021-04-21,36.84,24.63,66.51,0.03,0.6
2021-04-22,36.54,25.11,67.51,0.03,0.59
2021-04-23,34.17,25.18,72.38,0.21,0.58
2021-04-24,36.39,25.31,69.19,1.03,0.58
2021-04-25,34.79,26.03,71.76,5.94,0.58
2021-04-26,33.36,25.28,75.56,19.98,0.6
2021-04-27,33.16,24.59,77.51,19.16,0.63
2021-04-28,32.47,25.75,78.98,7.38,0.64
2021-04-29,32.12,25.81,78.55,20.11,0.66
2021-04-30,30.81,25.29,84.22,23.22,0.68
2021-05-01,32.65,25.52,79.14,5.8,0.69
2021-05-02,33.68,25.22,76.91,0.43,0.69
2021-05-03,35.51,25.15,71.56,0.06,0.67
2021-05-04,34.03,25.7,73.3,0.39,0.67
2021-05-05,33.42,26.02,74.13,1.68,0.66
2021-05-06,31.58,25.73,79.89,16.78,0.67
2021-05-07,34.27,24.47,70.72,0.56,0.68
2021-05-08,33.02,25.2,78.26,23.6,0.69
2021-05-09,31.69,25.93,77.84,1.88,0.71
2021-05-10,33.7,25.37,75.73,0.41,0.7
2021-05-11,34.85,25.84,74.39,0.98,0.69
2021-05-12,31.25,26.6,81.65,0.13,0.68
2021-05-13,35.96,25.71,73.76,0.13,0.67
2021-05-14,37.06,25.82,67.64,0.13,0.66
2021-05-15,38.24,25.29,65.78,0.0,0.65
2021-05-16,38.71,26.79,63.6,0.0,0.65
2021-05-17,37.5,28.48,69.19,0.0,0.64
2021-05-18,35.71,27.83,71.43,0.0,0.63
2021-05-19,34.25,27.05,72.19,0.02,0.63
2021-05-20,36.28,26.53,69.59,0.0,0.62
2021-05-21,32.4,27.65,78.61,0.08,0.62
2021-05-22,32.34,26.99,78.95,0.42,0.61
2021-05-23,34.08,26.21,76.7,0.28,0.61
2021-05-24,32.77,26.64,76.13,0.49,0.6
2021-05-25,32.98,26.2,77.59,3.53,0.6
2021-05-26,32.37,25.78,78.26,2.48,0.6
2021-05-27,30.96,25.94,80.22,10.02,0.6
2021-05-28,33.38,25.46,81.6,59.72,0.64
2021-05-29,30.02,25.92,86.15,21.17,0.7
2021-05-30,33.11,25.24,78.67,6.7,0.71
2021-05-31,32.95,25.84,78.94,1.64,0.7
2021-06-01,34.04,25.87,76.9,0.11,0.69
2021-06-02,35.76,25.98,72.61,0.09,0.68
2021-06-03,36.27,25.66,71.25,0.37,0.67
2021-06-04,36.69,25.39,70.49,1.87,0.67
2021-06-05,33.77,26.15,78.48,15.28,0.68
2021-06-06,31.21,26.21,82.81,15.54,0.7
2021-06-07,30.76,25.7,81.78,10.8,0.71
2021-06-08,31.29,25.15,83.36,17.07,0.72
2021-06-09,32.24,24.5,83.71,11.15,0.73
2021-06-10,30.97,25.09,85.4,14.39,0.74
2021-06-11,30.94,24.71,82.89,6.62,0.75
2021-06-12,31.21,24.35,81.02,5.46,0.74
2021-06-13,30.45,25.51,83.66,7.4,0.75
2021-06-14,28.7,25.14,90.31,16.08,0.76
2021-06-15,28.83,25.47,90.35,31.15,0.78
2021-06-16,28.73,25.44,91.49,35.56,0.82
2021-06-17,28.84,25.25,88.5,11.52,0.84
2021-06-18,30.62,24.59,83.16,3.04,0.84
2021-06-19,31.69,24.18,83.29,5.95,0.83
2021-06-20,31.64,24.03,82.78,1.01,0.83
2021-06-21,32.32,24.53,84.71,7.28,0.82
2021-06-22,29.57,24.9,90.28,11.95,0.83
2021-06-23,30.09,24.65,87.07,17.31,0.84
2021-06-24,30.73,24.44,85.44,1.81,0.84
2021-06-25,30.91,23.63,84.75,1.8,0.83
2021-06-26,31.02,23.89,85.39,5.28,0.83
2021-06-27,30.42,25.02,85.96,15.02,0.84
2021-06-28,30.22,24.86,87.34,17.74,0.84
2021-06-29,31.5,24.09,85.08,21.04,0.86
2021-06-30,30.85,24.69,85.65,8.73,0.86
2021-07-01,31.07,23.68,85.34,13.2,0.86
2021-07-02,30.66,24.98,87.13,20.78,0.88
2021-07-03,30.06,24.46,86.65,15.99,0.89
2021-07-04,31.55,24.61,85.12,1.83,0.89
2021-07-05,31.48,25.09,85.66,2.39,0.88
2021-07-06,29.46,25.47,90.17,5.44,0.87
2021-07-07,29.65,24.92,88.96,4.26,0.87
2021-07-08,30.13,24.3,86.83,6.79,0.87
2021-07-09,29.66,24.31,86.74,17.3,0.89
2021-07-10,30.45,24.01,85.87,22.46,0.9
2021-07-11,28.65,24.8,89.18,40.65,0.92
2021-07-12,29.8,25.11,89.88,14.27,0.93
2021-07-13,29.89,24.39,87.03,3.03,0.92
2021-07-14,30.2,25.39,86.69,8.0,0.92
2021-07-15,30.3,25.37,87.81,16.95,0.92
2021-07-16,28.59,24.96,90.38,7.71,0.93
2021-07-17,30.94,24.11,85.09,1.79,0.93
2021-07-18,31.36,24.56,88.73,2.52,0.92
2021-07-19,28.0,24.71,91.7,15.14,0.92
2021-07-20,29.33,24.15,90.31,17.69,0.93
2021-07-21,29.26,25.37,91.44,29.1,0.94
2021-07-22,29.79,25.46,90.22,34.23,0.96
2021-07-23,29.4,25.85,92.38,23.31,0.97
2021-07-24,29.19,25.48,92.95,16.14,0.97
2021-07-25,29.35,25.42,91.49,49.11,0.98
2021-07-26,28.82,24.87,90.67,62.66,0.99
2021-07-27,28.94,24.55,91.14,43.13,1.0
2021-07-28,29.59,25.51,92.04,44.5,1.0
2021-07-29,30.34,25.71,91.4,24.67,1.0
2021-07-30,30.51,25.55,91.46,29.71,1.0
2021-07-31,29.08,25.73,93.73,21.6,1.0
2021-08-01,28.67,25.3,94.43,12.98,1.0
2021-08-02,29.16,25.03,93.03,20.69,1.0
2021-08-03,28.42,24.89,94.17,50.4,1.0
2021-08-04,28.97,24.61,91.01,13.06,1.0
2021-08-05,28.19,24.82,92.62,11.18,1.0
2021-08-06,30.33,24.6,91.15,15.45,1.0
2021-08-07,31.06,24.27,88.14,8.58,0.99
2021-08-08,31.15,25.08,89.87,1.57,0.99
2021-08-09,31.34,24.8,88.73,5.66,0.99
2021-08-10,31.52,24.44,87.99,1.81,0.98
2021-08-11,31.41,24.83,88.27,6.2,0.98
2021-08-12,30.03,25.46,89.93,3.18,0.97
2021-08-13,29.09,25.33,90.72,30.69,0.99
2021-08-14,30.2,25.13,90.17,8.6,0.99
2021-08-15,29.56,24.93,91.2,24.89,0.98
2021-08-16,28.93,24.96,91.81,4.7,0.99
2021-08-17,29.21,24.71,91.63,9.23,0.98
2021-08-18,28.01,24.09,89.37,3.62,0.98
2021-08-19,30.15,24.1,86.93,0.08,0.98
2021-08-20,30.54,24.83,86.99,0.32,0.97
2021-08-21,31.88,24.85,83.58,0.11,0.97
2021-08-22,30.51,24.25,87.2,3.06,0.96
2021-08-23,30.17,24.68,89.39,5.47,0.96
2021-08-24,29.63,24.73,91.85,66.34,0.98
2021-08-25,28.93,24.27,90.75,7.91,0.99
2021-08-26,29.66,23.55,89.27,4.94,0.98
2021-08-27,29.48,24.28,90.92,15.86,0.98
2021-08-28,29.85,24.17,90.27,15.65,0.98
2021-08-29,27.75,24.08,90.03,10.57,0.98
2021-08-30,29.85,23.84,87.96,4.17,0.98
2021-08-31,30.02,24.2,86.46,43.3,0.99
2021-09-01,29.44,24.87,89.4,6.06,0.99
2021-09-02,29.96,24.26,89.0,9.77,0.99
2021-09-03,27.93,24.67,94.89,6.25,0.98
2021-09-04,28.16,24.66,93.51,8.43,0.98
2021-09-05,28.38,24.71,92.17,2.58,0.98
2021-09-06,28.29,24.0,91.59,11.92,0.98
2021-09-07,30.6,23.84,87.1,12.02,0.98
2021-09-08,28.72,24.34,91.33,9.53,0.98
2021-09-09,28.59,24.7,92.88,24.55,0.98
2021-09-10,29.21,24.41,90.07,20.12,0.99
2021-09-11,28.47,24.58,92.11,19.84,0.99
2021-09-12,29.82,24.33,89.78,2.73,0.99
2021-09-13,30.39,24.43,87.83,2.58,0.98
2021-09-14,29.16,25.12,91.59,11.2,0.98
2021-09-15,29.46,25.05,90.43,34.68,0.98
2021-09-16,28.74,24.64,91.93,26.5,0.99
2021-09-17,29.22,24.06,91.97,4.17,0.99
2021-09-18,29.73,24.46,89.74,0.32,0.98
2021-09-19,31.21,23.76,87.49,2.5,0.98
2021-09-20,29.95,24.19,89.29,12.1,0.98
2021-09-21,30.39,24.35,89.22,18.04,0.98
2021-09-22,29.28,24.59,90.84,7.43,0.98
2021-09-23,28.87,24.36,92.34,32.29,0.99
2021-09-24,29.91,23.92,89.22,5.9,0.98
2021-09-25,30.34,24.06,89.77,26.24,0.98
2021-09-26,26.77,24.49,95.01,11.3,0.99
2021-09-27,28.17,24.21,92.35,9.87,0.99
2021-09-28,28.64,24.31,90.81,3.66,0.99
2021-09-29,32.04,23.68,83.57,1.6,0.98
2021-09-30,32.15,24.38,83.36,1.98,0.98
2021-10-01,30.78,25.36,86.5,5.92,0.98
2021-10-02,28.87,24.85,91.55,5.47,0.98
2021-10-03,30.34,24.03,86.72,1.57,0.97
2021-10-04,31.29,24.1,86.45,1.37,0.97
2021-10-05,31.51,24.07,85.02,0.24,0.96
2021-10-06,30.9,24.77,88.82,1.29,0.96
2021-10-07,29.31,25.17,91.15,5.88,0.96
2021-10-08,31.87,24.71,85.84,0.29,0.96
2021-10-09,31.19,24.63,86.75,4.62,0.95
2021-10-10,31.82,24.99,85.43,15.15,0.96
2021-10-11,28.56,25.87,94.98,10.46,0.96
2021-10-12,28.58,25.3,89.27,3.25,0.96
2021-10-13,31.29,24.82,85.09,1.54,0.96
2021-10-14,31.11,24.9,86.88,7.06,0.95
2021-10-15,30.15,25.18,87.68,12.96,0.96
2021-10-16,28.33,24.87,94.13,29.93,0.97
2021-10-17,26.44,24.16,92.92,9.14,0.97
2021-10-18,29.63,24.33,87.04,3.08,0.97
2021-10-19,29.33,23.8,88.97,1.95,0.96
2021-10-20,30.47,23.86,86.91,0.42,0.95
2021-10-21,29.92,24.51,89.42,5.46,0.95
2021-10-22,30.45,24.04,87.92,25.1,0.96
2021-10-23,29.46,24.44,87.41,14.49,0.97
2021-10-24,29.23,24.24,85.95,0.84,0.97
2021-10-25,30.11,23.41,83.66,0.3,0.96
2021-10-26,30.48,23.45,81.62,0.05,0.95
2021-10-27,31.65,23.35,79.65,0.04,0.95
2021-10-28,30.97,24.41,84.98,2.7,0.94
2021-10-29,31.04,24.67,84.29,1.85,0.93
2021-10-30,29.06,24.91,90.51,14.43,0.94
2021-10-31,27.29,24.3,90.07,10.07,0.94
2021-11-01,31.36,23.62,78.32,4.65,0.94
2021-11-02,30.04,23.83,84.98,12.28,0.94
2021-11-03,30.45,24.07,84.07,8.73,0.95
2021-11-04,29.89,24.38,86.89,19.98,0.96
2021-11-05,30.67,23.2,83.82,0.06,0.96
2021-11-06,30.77,22.66,81.98,0.04,0.95
2021-11-07,31.21,22.8,81.78,0.72,0.94
2021-11-08,30.66,24.02,89.91,6.02,0.94
2021-11-09,28.31,23.45,90.37,9.64,0.94
2021-11-10,29.84,23.4,86.9,0.33,0.94
2021-11-11,29.84,23.1,83.31,0.03,0.93
2021-11-12,30.36,23.3,85.21,0.26,0.92
2021-11-13,30.31,23.53,84.99,0.07,0.91
2021-11-14,30.01,24.07,83.9,0.31,0.9
2021-11-15,29.91,23.32,85.34,3.31,0.9
2021-11-16,30.44,23.37,84.43,0.06,0.89
2021-11-17,30.5,23.75,84.39,0.02,0.88
2021-11-18,30.29,24.6,84.69,0.01,0.88
2021-11-19,31.09,23.72,84.02,0.0,0.87
2021-11-20,31.4,23.46,80.75,0.0,0.86
2021-11-21,31.16,20.15,75.81,0.0,0.85
2021-11-22,31.65,21.13,80.25,0.05,0.84
2021-11-23,26.21,24.01,91.5,2.37,0.84
2021-11-24,27.38,23.83,86.63,0.42,0.83
2021-11-25,27.28,22.97,87.58,0.18,0.83
2021-11-26,28.48,22.37,85.74,0.01,0.82
2021-11-27,28.52,23.33,84.91,0.0,0.81
2021-11-28,28.26,21.81,85.06,0.0,0.8
2021-11-29,29.56,20.63,85.32,0.0,0.8
2021-11-30,29.19,21.22,86.66,0.01,0.79
2021-12-01,27.12,21.3,82.7,0.01,0.78
2021-12-02,25.93,19.89,81.02,0.04,0.77
2021-12-03,26.63,20.12,80.03,0.29,0.76
2021-12-04,26.1,19.22,80.21,0.02,0.75
2021-12-05,25.24,17.38,81.11,0.0,0.75
2021-12-06,25.91,16.34,81.04,0.0,0.74
2021-12-07,26.63,16.24,82.74,0.0,0.73
2021-12-08,26.73,16.5,82.94,0.0,0.72
2021-12-09,28.06,17.76,84.83,0.0,0.72
2021-12-10,29.08,19.56,82.7,0.0,0.71
2021-12-11,30.11,19.81,81.1,0.0,0.71
2021-12-12,28.53,20.14,83.01,0.0,0.7
2021-12-13,28.06,18.64,82.96,0.0,0.69
2021-12-14,28.22,18.52,80.49,0.0,0.69
2021-12-15,29.15,18.4,78.06,0.0,0.68
2021-12-16,30.07,18.04,77.13,0.0,0.67
2021-12-17,30.16,18.47,78.85,0.0,0.67
2021-12-18,29.1,20.84,80.5,0.01,0.66
2021-12-19,27.67,19.37,76.91,0.0,0.66
2021-12-20,26.92,18.07,75.88,0.0,0.65
2021-12-21,29.13,17.56,75.78,0.0,0.65
2021-12-22,29.27,19.19,75.84,0.0,0.64
2021-12-23,29.11,18.42,77.09,0.0,0.64
2021-12-24,28.75,16.35,71.07,0.0,0.63
2021-12-25,29.55,17.14,68.12,0.0,0.63
2021-12-26,31.21,17.3,71.8,0.0,0.62
2021-12-27,30.73,19.12,79.48,0.0,0.62
2021-12-28,30.66,19.55,78.18,0.0,0.61
2021-12-29,30.52,19.38,76.97,0.0,0.61
2021-12-30,30.57,20.63,78.25,0.0,0.6
2021-12-31,29.79,22.04,75.32,0.0,0.6
2022-01-01,30.39,21.91,73.22,0.0,0.59
2022-01-02,30.0,20.03,76.19,0.0,0.59
2022-01-03,30.61,19.53,75.81,0.0,0.59
2022-01-04,31.67,19.75,73.2,0.0,0.58
2022-01-05,32.31,19.55,70.35,0.0,0.58
2022-01-06,32.92,19.84,69.57,0.0,0.57
2022-01-07,33.07,19.7,70.2,0.0,0.57
2022-01-08,32.84,19.27,69.65,0.0,0.56
2022-01-09,32.93,19.37,66.66,0.0,0.56
2022-01-10,33.14,18.82,65.51,0.0,0.55
2022-01-11,32.04,20.69,65.38,0.0,0.55
2022-01-12,32.86,20.37,64.41,0.0,0.55
2022-01-13,31.99,21.14,71.82,0.0,0.55
2022-01-14,32.63,20.67,71.27,0.29,0.54
2022-01-15,32.08,21.99,73.26,0.11,0.54
2022-01-16,32.48,21.66,71.01,0.75,0.54
2022-01-17,32.82,20.96,66.13,0.16,0.53
2022-01-18,33.17,20.12,65.78,0.21,0.53
2022-01-19,31.68,20.7,69.3,2.33,0.53
2022-01-20,30.81,19.72,74.94,9.15,0.53
2022-01-21,29.83,18.95,77.92,6.9,0.54
2022-01-22,30.37,16.61,64.4,2.96,0.55
2022-01-23,31.09,15.17,61.69,0.06,0.55
2022-01-24,31.54,18.3,60.84,0.0,0.54
2022-01-25,31.85,17.68,64.43,0.0,0.54
2022-01-26,32.58,18.49,63.01,0.0,0.54
2022-01-27,32.93,18.48,62.3,0.0,0.53
2022-01-28,33.72,17.72,56.91,0.0,0.53
2022-01-29,32.26,17.5,52.37,0.0,0.52
2022-01-30,30.32,13.35,58.2,0.0,0.52
2022-01-31,30.98,14.99,61.88,0.0,0.52
2022-02-01,31.66,15.48,60.06,0.0,0.52
2022-02-02,31.49,14.69,50.23,0.0,0.51
2022-02-03,32.67,14.32,55.03,0.0,0.51
2022-02-04,34.1,16.07,65.93,7.31,0.51
2022-02-05,31.54,21.89,79.87,4.07,0.52
2022-02-06,33.25,21.07,69.84,0.1,0.52
2022-02-07,32.83,17.21,52.3,0.0,0.52
2022-02-08,32.83,14.82,54.42,0.0,0.51
2022-02-09,34.61,15.48,52.07,0.0,0.51
2022-02-10,35.05,14.85,44.38,0.0,0.5
2022-02-11,35.24,15.21,42.13,0.0,0.5
2022-02-12,33.81,16.9,45.57,0.0,0.5
2022-02-13,34.51,14.78,40.57,0.01,0.49
2022-02-14,35.57,14.98,49.49,1.38,0.49
2022-02-15,34.58,20.68,63.1,0.1,0.49
2022-02-16,33.93,22.5,74.07,0.23,0.49
2022-02-17,33.33,23.7,73.92,1.08,0.49
2022-02-18,33.41,23.0,76.46,7.83,0.49
2022-02-19,32.28,22.34,71.24,7.61,0.51
2022-02-20,33.96,18.93,49.59,0.19,0.51
2022-02-21,34.47,16.26,54.9,0.0,0.5
2022-02-22,34.39,19.47,57.28,0.0,0.5
2022-02-23,35.09,19.34,58.01,0.0,0.49
2022-02-24,34.21,19.91,61.41,0.0,0.49
2022-02-25,34.37,19.96,58.48,0.0,0.49
2022-02-26,35.34,19.82,58.02,0.0,0.48
2022-02-27,36.61,20.61,54.8,0.0,0.48
2022-02-28,36.65,22.27,50.04,0.0,0.48
2022-03-01,37.93,23.27,45.13,0.0,0.48
2022-03-02,38.36,22.39,46.25,0.0,0.48
2022-03-03,38.9,23.3,45.43,0.0,0.47
2022-03-04,39.69,22.52,39.22,0.0,0.47
2022-03-05,40.34,21.93,32.22,0.0,0.47
2022-03-06,37.01,20.65,38.96,0.05,0.47
2022-03-07,38.84,23.5,54.89,1.12,0.47
2022-03-08,35.26,25.33,59.57,0.06,0.47
2022-03-09,38.53,25.46,58.78,0.05,0.47
2022-03-10,38.1,25.53,52.01,0.42,0.47
2022-03-11,40.12,26.12,44.53,0.0,0.47
2022-03-12,40.52,25.94,43.58,0.0,0.46
2022-03-13,40.41,26.17,43.79,0.05,0.46
2022-03-14,41.53,26.32,39.1,0.0,0.46
2022-03-15,41.58,26.03,41.04,0.01,0.46
2022-03-16,41.03,25.61,38.56,0.0,0.46
2022-03-17,40.54,25.26,41.0,0.13,0.46
2022-03-18,40.57,25.95,42.39,0.11,0.46
2022-03-19,39.25,26.12,50.44,0.42,0.46
2022-03-20,36.7,25.76,63.72,17.43,0.48
2022-03-21,32.31,25.1,74.98,9.06,0.5
2022-03-22,32.09,25.94,78.88,3.97,0.51
2022-03-23,35.86,26.24,67.0,0.12,0.5
2022-03-24,37.08,24.14,60.92,0.0,0.5
2022-03-25,37.96,22.21,56.93,0.0,0.49
2022-03-26,38.17,22.99,58.56,0.0,0.49
2022-03-27,38.71,23.62,60.34,0.0,0.48
2022-03-28,39.29,24.37,57.3,0.0,0.48
2022-03-29,38.46,24.99,57.33,0.0,0.48
2022-03-30,38.45,24.19,55.71,0.0,0.47
2022-03-31,39.1,24.24,53.78,0.0,0.47
2022-04-01,39.74,24.94,54.47,0.0,0.47
2022-04-02,36.14,27.47,49.44,0.09,0.47
2022-04-03,34.31,25.11,50.73,0.0,0.47
2022-04-04,33.39,24.6,51.67,0.0,0.46
2022-04-05,38.31,25.05,52.16,0.05,0.46
2022-04-06,39.48,26.01,49.38,0.07,0.46
2022-04-07,37.62,27.73,48.2,0.01,0.46
2022-04-08,37.49,28.09,48.78,0.01,0.46
2022-04-09,39.5,26.79,48.18,0.01,0.46
2022-04-10,40.55,25.91,44.31,0.25,0.46
2022-04-11,41.03,25.25,48.03,0.0,0.46
2022-04-12,40.37,24.49,46.62,0.0,0.46
2022-04-13,41.13,25.92,49.89,0.0,0.46
2022-04-14,40.64,26.18,51.15,0.0,0.46
2022-04-15,40.94,26.29,50.75,0.05,0.46
2022-04-16,40.52,26.14,52.77,1.18,0.46
2022-04-17,40.03,26.68,52.43,0.44,0.46
2022-04-18,40.23,27.07,50.61,3.98,0.46
2022-04-19,33.59,27.86,66.33,2.6,0.47
2022-04-20,33.16,26.49,73.05,23.9,0.49
2022-04-21,37.39,25.09,64.27,0.22,0.51
2022-04-22,39.27,26.27,55.43,0.02,0.5
2022-04-23,38.94,26.52,56.72,0.0,0.49
2022-04-24,38.78,27.25,59.59,0.13,0.49
2022-04-25,37.7,27.28,62.19,0.04,0.48
2022-04-26,39.97,27.38,56.66,0.23,0.48
2022-04-27,40.57,27.43,56.23,0.53,0.48
2022-04-28,37.24,27.02,69.41,17.81,0.49
2022-04-29,36.97,26.63,68.47,1.2,0.51
2022-04-30,33.97,27.0,72.84,22.26,0.53
2022-05-01,35.36,26.88,71.3,8.95,0.55
2022-05-02,30.82,25.93,75.42,1.82,0.55
2022-05-03,32.39,25.33,64.75,0.69,0.54
2022-05-04,34.52,24.46,60.45,0.33,0.54
2022-05-05,33.95,25.77,67.72,3.71,0.54
2022-05-06,34.97,26.41,67.42,0.26,0.53
2022-05-07,28.97,26.17,86.65,37.76,0.57
2022-05-08,30.41,25.78,83.46,11.71,0.61
2022-05-09,31.09,25.75,81.81,12.91,0.62
2022-05-10,31.38,25.21,81.04,9.33,0.64
2022-05-11,34.1,25.26,75.72,6.12,0.64
2022-05-12,32.13,26.15,77.07,1.86,0.63
2022-05-13,32.51,25.79,79.49,1.53,0.63
2022-05-14,34.99,25.33,74.25,0.68,0.62
2022-05-15,36.06,26.06,71.44,0.5,0.62
2022-05-16,34.24,26.47,73.32,1.85,0.61
2022-05-17,32.6,25.6,82.32,26.93,0.63
2022-05-18,30.11,26.09,85.48,20.17,0.67
2022-05-19,30.0,25.68,84.35,37.18,0.7
2022-05-20,27.72,24.81,93.74,154.14,0.79
2022-05-21,29.03,24.6,90.69,79.91,0.88
2022-05-22,30.62,25.41,85.88,11.83,0.88
2022-05-23,30.5,25.35,86.49,9.46,0.87
2022-05-24,30.25,25.28,88.03,12.45,0.87
2022-05-25,31.08,25.52,84.27,5.25,0.88
2022-05-26,32.75,24.61,80.28,6.02,0.87
2022-05-27,32.0,25.03,83.74,7.86,0.87
2022-05-28,31.78,24.75,86.04,26.0,0.88
2022-05-29,31.88,24.57,82.73,6.26,0.89
2022-05-30,30.99,24.09,83.92,7.66,0.88
2022-05-31,29.61,24.52,86.94,3.78,0.87
2022-06-01,30.8,24.1,84.47,2.35,0.87
2022-06-02,31.91,23.9,81.34,0.87,0.86
2022-06-03,30.35,25.37,86.68,10.08,0.86
2022-06-04,30.67,25.24,85.83,9.6,0.86
2022-06-05,29.74,24.94,89.21,1.96,0.86
2022-06-06,29.49,24.58,87.69,3.54,0.86
2022-06-07,30.49,24.35,87.76,1.5,0.85
2022-06-08,29.16,24.92,89.89,4.03,0.85
2022-06-09,30.36,25.39,88.27,5.61,0.85
2022-06-10,30.01,24.95,89.03,11.99,0.85
2022-06-11,29.78,25.71,88.58,9.71,0.86
2022-06-12,30.4,25.23,88.19,6.77,0.86
2022-06-13,31.11,24.83,85.58,0.84,0.86
2022-06-14,31.66,24.14,83.6,1.13,0.85
2022-06-15,30.55,25.15,86.87,7.58,0.85
2022-06-16,29.89,24.73,86.91,1.45,0.85
2022-06-17,31.47,24.4,84.48,5.37,0.84
2022-06-18,30.9,25.04,86.07,8.47,0.84
2022-06-19,28.33,23.98,88.29,3.17,0.84
2022-06-20,31.46,22.94,81.59,5.35,0.84
2022-06-21,31.3,23.18,84.4,8.43,0.84
2022-06-22,30.82,23.78,84.17,1.42,0.84
2022-06-23,30.72,24.59,84.73,4.88,0.83
2022-06-24,30.16,24.31,84.43,0.44,0.83
2022-06-25,31.47,24.45,82.69,3.6,0.82
2022-06-26,29.97,24.61,87.98,36.38,0.84
2022-06-27,28.7,25.18,89.63,4.61,0.86
2022-06-28,30.19,25.11,86.33,2.66,0.85
2022-06-29,31.78,24.89,84.38,2.04,0.85
2022-06-30,30.69,25.3,87.25,15.81,0.85
2022-07-01,30.42,24.94,85.95,14.74,0.87
2022-07-02,29.21,24.27,89.94,13.01,0.87
2022-07-03,29.75,23.71,84.75,5.25,0.88
2022-07-04,30.65,23.83,86.55,6.54,0.87
2022-07-05,31.04,24.69,86.17,3.48,0.86
2022-07-06,31.34,25.64,87.4,8.73,0.86
2022-07-07,29.86,25.1,89.53,43.97,0.87
2022-07-08,30.45,24.58,88.6,53.75,0.92
2022-07-09,30.46,24.64,88.46,6.9,0.93
2022-07-10,28.96,24.23,91.9,51.53,0.95
2022-07-11,30.81,24.84,88.02,5.93,0.96
2022-07-12,30.17,25.17,90.46,5.07,0.95
2022-07-13,30.01,24.77,90.39,13.86,0.95
2022-07-14,29.09,25.26,90.96,13.8,0.96
2022-07-15,28.7,25.08,92.32,1.79,0.95
2022-07-16,29.19,25.22,91.99,0.86,0.95
2022-07-17,30.98,24.76,88.29,0.22,0.94
2022-07-18,30.01,25.35,90.77,2.79,0.94
2022-07-19,30.35,25.15,87.67,1.56,0.94
2022-07-20,30.09,24.58,90.38,3.13,0.93
2022-07-21,28.03,24.55,90.74,31.87,0.94
2022-07-22,29.04,24.11,90.53,12.23,0.96
2022-07-23,28.8,24.02,90.08,8.56,0.96
2022-07-24,29.56,24.25,88.97,5.13,0.96
2022-07-25,31.01,24.31,83.15,0.94,0.95
2022-07-26,30.71,24.52,84.66,0.39,0.94
2022-07-27,31.97,24.39,81.27,0.33,0.94
2022-07-28,32.44,25.0,83.28,0.75,0.93
2022-07-29,32.34,25.48,85.39,1.29,0.92
2022-07-30,31.58,25.57,85.38,5.22,0.92
2022-07-31,30.66,25.46,86.31,14.03,0.92
2022-08-01,31.95,25.07,85.13,13.55,0.93
2022-08-02,29.9,25.32,89.1,11.08,0.93
2022-08-03,30.44,24.77,88.74,5.43,0.93
2022-08-04,29.38,25.6,89.92,2.33,0.92
2022-08-05,29.68,25.21,89.92,6.14,0.92
2022-08-06,29.2,25.14,91.17,12.26,0.92
2022-08-07,29.08,25.57,93.02,32.5,0.94
2022-08-08,28.33,25.14,93.42,48.66,0.97
2022-08-09,28.18,24.83,91.34,31.95,0.98
2022-08-10,29.85,23.77,87.48,22.51,0.98
2022-08-11,30.01,24.02,89.41,14.23,0.98
2022-08-12,27.28,24.56,93.24,33.51,0.99
2022-08-13,29.96,24.42,88.81,10.52,0.99
2022-08-14,30.73,24.58,88.35,3.12,0.98
2022-08-15,30.36,25.11,88.93,5.97,0.98
2022-08-16,28.95,25.49,92.61,27.98,0.98
2022-08-17,28.14,25.07,93.21,26.57,0.99
2022-08-18,29.02,24.64,90.71,1.48,0.99
2022-08-19,29.13,24.87,90.97,5.67,0.98
2022-08-20,29.26,25.05,90.66,19.25,0.99
2022-08-21,29.64,24.94,92.55,3.14,0.99
2022-08-22,27.13,24.87,93.76,1.62,0.98
2022-08-23,28.75,24.31,89.39,0.08,0.98
2022-08-24,31.78,23.7,85.09,3.4,0.97
2022-08-25,30.09,24.92,90.05,2.32,0.97
2022-08-26,28.71,24.71,91.98,11.47,0.97
2022-08-27,29.57,24.22,89.09,17.95,0.98
2022-08-28,30.53,24.09,86.74,0.22,0.97
2022-08-29,32.23,24.15,83.29,12.98,0.97
2022-08-30,29.98,25.05,86.0,2.0,0.97
2022-08-31,31.33,24.57,85.57,1.4,0.97
2022-09-01,30.28,24.6,86.34,23.14,0.97
2022-09-02,31.62,24.58,83.5,0.11,0.97
2022-09-03,31.0,25.17,87.11,1.22,0.96
2022-09-04,30.43,25.24,87.16,0.68,0.96
2022-09-05,30.25,24.9,86.1,5.51,0.96
2022-09-06,30.92,24.7,86.23,6.86,0.95
2022-09-07,30.05,25.0,87.73,10.28,0.96
2022-09-08,29.6,25.03,90.11,29.44,0.96
2022-09-09,28.67,24.35,89.81,23.01,0.98
2022-09-10,27.75,24.05,89.24,17.47,0.98
2022-09-11,31.11,23.37,83.4,27.08,0.98
2022-09-12,29.82,24.2,88.76,22.68,0.99
2022-09-13,30.09,23.99,88.16,7.27,0.99
2022-09-14,29.91,23.76,90.83,3.96,0.98
2022-09-15,29.41,23.82,91.01,3.43,0.98
2022-09-16,29.56,23.59,90.01,4.92,0.97
2022-09-17,29.56,24.73,91.67,3.24,0.97
2022-09-18,29.98,23.91,90.54,10.03,0.97
2022-09-19,28.89,24.04,91.91,12.77,0.98
2022-09-20,29.1,23.49,89.99,5.59,0.97
2022-09-21,30.1,23.26,88.57,12.39,0.97
2022-09-22,29.95,24.32,88.95,10.13,0.97
2022-09-23,27.74,24.02,93.04,40.21,0.99
2022-09-24,29.74,24.13,89.21,21.14,0.98
2022-09-25,30.84,24.07,86.03,35.43,0.99
2022-09-26,27.83,24.53,92.6,42.26,1.0
2022-09-27,28.9,24.04,90.63,6.27,1.0
2022-09-28,30.32,23.47,89.03,7.48,0.99
2022-09-29,28.52,24.06,93.34,31.83,0.99
2022-09-30,27.85,24.79,94.16,47.65,1.0
2022-10-01,30.16,24.38,91.75,14.66,1.0
2022-10-02,28.24,24.54,92.5,12.21,1.0
2022-10-03,27.9,24.29,88.22,17.75,1.0
2022-10-04,30.0,23.67,88.11,2.81,1.0
2022-10-05,29.04,24.98,90.16,1.71,0.99
2022-10-06,30.68,23.83,84.32,5.97,0.99
2022-10-07,29.6,24.79,87.54,2.65,0.99
2022-10-08,27.3,24.09,89.82,4.91,0.99
2022-10-09,29.88,22.39,85.79,4.67,0.99
2022-10-10,29.18,24.11,91.81,8.73,0.99
2022-10-11,28.24,24.26,89.79,0.34,0.99
2022-10-12,30.18,23.71,87.11,0.15,0.98
2022-10-13,31.02,23.82,84.38,0.29,0.97
2022-10-14,31.05,23.64,88.23,8.6,0.97
2022-10-15,29.53,24.85,87.36,3.2,0.97
2022-10-16,28.57,23.95,86.38,0.03,0.96
2022-10-17,30.08,22.21,79.13,0.0,0.96
2022-10-18,30.36,22.23,79.6,0.0,0.95
2022-10-19,29.89,22.97,82.16,0.0,0.94
2022-10-20,30.69,21.72,81.07,0.0,0.93
2022-10-21,30.54,22.69,82.92,0.0,0.93
2022-10-22,30.47,23.98,86.93,0.02,0.92
2022-10-23,28.81,24.72,89.7,0.23,0.91
2022-10-24,29.56,24.7,89.43,1.23,0.9
2022-10-25,29.8,24.02,88.77,0.52,0.9
2022-10-26,31.52,23.44,84.16,0.62,0.89
2022-10-27,31.25,23.88,85.82,15.58,0.89
2022-10-28,29.73,25.38,85.12,1.83,0.9
2022-10-29,30.33,24.09,85.62,0.04,0.89
2022-10-30,31.21,22.54,77.08,0.0,0.88
2022-10-31,31.02,23.34,79.4,0.0,0.87
2022-11-01,31.56,23.6,81.15,0.04,0.86
2022-11-02,31.39,23.68,84.35,0.32,0.85
2022-11-03,28.47,24.08,88.26,2.83,0.85
2022-11-04,29.45,23.68,82.35,0.21,0.85
2022-11-05,29.97,22.37,79.22,0.01,0.84
2022-11-06,30.3,21.64,79.53,0.01,0.83
2022-11-07,30.68,21.43,78.21,0.0,0.82
2022-11-08,30.43,21.0,78.31,0.0,0.81
2022-11-09,30.5,20.16,78.85,0.0,0.8
2022-11-10,29.88,20.3,78.89,0.0,0.79
2022-11-11,29.28,20.6,83.45,0.01,0.78
2022-11-12,31.43,22.35,80.22,0.0,0.77
2022-11-13,30.44,21.23,78.42,0.0,0.77
2022-11-14,31.22,21.85,80.42,0.05,0.76
2022-11-15,29.68,24.39,81.8,0.23,0.75
2022-11-16,31.2,23.5,78.23,0.48,0.75
2022-11-17,31.53,22.81,82.55,10.79,0.75
2022-11-18,30.49,24.14,83.85,1.56,0.75
2022-11-19,31.76,22.51,78.7,6.19,0.75
2022-11-20,31.45,23.55,82.4,13.63,0.76
2022-11-21,31.39,23.2,77.76,0.11,0.76
2022-11-22,32.25,22.61,76.88,0.02,0.75
2022-11-23,31.86,23.32,78.49,0.02,0.74
2022-11-24,29.36,22.34,83.41,1.69,0.74
2022-11-25,28.44,23.44,89.16,4.52,0.74
2022-11-26,28.94,24.36,85.72,0.95,0.74
2022-11-27,30.46,22.76,84.99,0.73,0.73
2022-11-28,29.61,24.26,88.36,0.23,0.73
2022-11-29,31.24,23.69,79.11,5.7,0.73
2022-11-30,28.76,23.77,87.17,5.35,0.73
2022-12-01,30.6,23.5,84.13,17.82,0.74
2022-12-02,30.21,23.43,82.49,0.06,0.75
2022-12-03,30.88,23.03,82.17,0.01,0.74
2022-12-04,30.95,23.62,80.67,0.01,0.74
2022-12-05,30.49,23.38,82.86,0.03,0.73
2022-12-06,30.05,23.84,82.79,0.01,0.72
2022-12-07,30.39,22.55,82.09,0.03,0.72
2022-12-08,31.3,23.72,80.91,0.0,0.71
2022-12-09,31.06,22.69,81.07,0.0,0.71
2022-12-10,31.45,22.69,78.9,0.0,0.7
2022-12-11,32.14,21.56,71.75,0.0,0.69
2022-12-12,31.42,21.17,77.31,0.0,0.68
2022-12-13,30.58,22.88,80.05,0.0,0.68
2022-12-14,29.15,21.93,76.54,0.0,0.67
2022-12-15,27.61,21.58,76.15,0.0,0.67
2022-12-16,29.44,20.39,76.4,0.0,0.66
2022-12-17,29.45,19.82,80.4,0.0,0.66
2022-12-18,25.59,19.45,70.19,0.0,0.65
2022-12-19,26.42,17.28,68.4,0.0,0.64
2022-12-20,29.05,17.87,71.73,0.0,0.64
2022-12-21,30.77,18.91,75.49,0.0,0.63
2022-12-22,31.11,19.57,76.74,0.0,0.63
2022-12-23,32.36,22.02,73.34,0.0,0.62
2022-12-24,31.77,21.68,75.29,0.0,0.62
2022-12-25,30.34,22.49,76.01,0.0,0.61
2022-12-26,30.65,20.95,73.99,0.0,0.61
2022-12-27,31.67,20.18,71.08,0.0,0.6
2022-12-28,31.35,19.14,66.35,0.0,0.6
2022-12-29,31.0,18.21,65.47,0.0,0.59
2022-12-30,30.7,18.81,69.55,0.0,0.59
2022-12-31,29.97,20.0,75.18,0.0,0.59
2023-01-01,29.68,18.93,73.39,0.0,0.58
2023-01-02,30.1,18.35,73.35,0.0,0.58
2023-01-03,29.94,17.88,75.15,0.0,0.57
2023-01-04,31.05,19.68,75.04,0.0,0.57
2023-01-05,32.17,20.21,74.6,0.0,0.57
2023-01-06,31.33,21.25,72.4,0.0,0.56
2023-01-07,30.16,19.74,68.69,0.0,0.56
2023-01-08,31.12,17.97,68.7,0.0,0.55
2023-01-09,32.27,17.62,67.71,0.0,0.55
2023-01-10,32.53,17.48,64.79,0.0,0.55
2023-01-11,32.72,17.72,57.93,0.0,0.54
2023-01-12,32.39,16.63,57.54,0.0,0.54
2023-01-13,31.9,16.45,60.61,0.0,0.54
2023-01-14,31.62,14.96,54.08,0.0,0.53
2023-01-15,32.32,14.39,48.85,0.0,0.53
2023-01-16,31.68,15.22,60.75,0.0,0.53
2023-01-17,31.76,17.37,65.81,0.0,0.52
2023-01-18,32.27,17.29,67.68,0.0,0.52
2023-01-19,31.93,18.54,70.29,0.0,0.52
2023-01-20,32.38,17.89,66.81,0.0,0.51
2023-01-21,32.49,17.33,64.91,0.0,0.51
2023-01-22,32.91,18.3,62.44,0.0,0.51
2023-01-23,33.48,17.55,62.05,0.0,0.51
2023-01-24,33.87,17.18,64.69,0.0,0.5
2023-01-25,31.43,19.46,58.66,0.0,0.5
2023-01-26,32.46,18.23,63.87,0.0,0.5
2023-01-27,33.63,18.61,64.97,0.0,0.49
2023-01-28,31.29,20.15,60.18,0.0,0.49
2023-01-29,29.94,18.41,57.85,0.0,0.49
2023-01-30,30.57,17.06,57.76,0.0,0.49
2023-01-31,32.71,18.14,57.76,0.0,0.48
2023-02-01,34.93,20.97,54.69,0.0,0.48
2023-02-02,35.88,20.22,56.9,0.0,0.48
2023-02-03,37.01,21.16,56.53,0.0,0.48
2023-02-04,37.37,21.58,52.99,0.07,0.48
2023-02-05,37.06,22.21,45.65,0.0,0.48
2023-02-06,37.28,20.9,40.48,0.0,0.47
2023-02-07,36.44,20.66,40.27,0.0,0.47
2023-02-08,35.69,18.59,38.16,0.0,0.47
2023-02-09,36.4,16.84,37.5,0.0,0.47
2023-02-10,36.71,17.91,44.02,0.0,0.47
2023-02-11,37.17,18.25,44.15,0.0,0.47
2023-02-12,37.28,17.64,45.72,0.0,0.47
2023-02-13,36.84,18.22,48.45,0.0,0.46
2023-02-14,36.86,18.36,49.67,0.0,0.46
2023-02-15,36.85,17.73,48.93,0.21,0.46
2023-02-16,32.33,23.06,68.94,12.0,0.47
2023-02-17,30.55,23.03,75.61,4.62,0.49
2023-02-18,34.31,21.78,63.24,0.34,0.49
2023-02-19,35.91,19.64,52.31,0.0,0.48
2023-02-20,35.58,18.93,52.82,0.0,0.48
2023-02-21,36.07,19.66,53.74,0.0,0.48
2023-02-22,36.42,20.42,53.45,0.0,0.47
2023-02-23,36.32,22.1,51.51,0.0,0.47
2023-02-24,37.15,20.09,46.67,0.0,0.47
2023-02-25,34.5,22.07,51.45,0.0,0.47
2023-02-26,33.9,23.09,50.42,0.0,0.47
2023-02-27,34.0,20.92,47.14,0.0,0.46
2023-02-28,35.29,19.2,48.89,0.0,0.46
2023-03-01,37.11,20.55,44.02,0.0,0.46
2023-03-02,38.48,20.74,43.23,0.0,0.46
2023-03-03,38.71,21.81,44.91,0.0,0.46
2023-03-04,38.03,21.64,44.68,0.0,0.46
2023-03-05,37.24,23.0,51.14,0.0,0.46
2023-03-06,37.58,22.25,46.23,0.0,0.46
2023-03-07,37.89,22.24,44.42,0.0,0.46
2023-03-08,38.7,22.5,46.31,0.0,0.46
2023-03-09,39.82,23.54,44.93,0.0,0.46
2023-03-10,39.12,24.32,40.4,0.0,0.46
2023-03-11,39.92,26.07,39.76,0.01,0.46
2023-03-12,36.22,26.2,60.98,4.75,0.46
2023-03-13,31.38,25.74,65.62,0.28,0.47
2023-03-14,34.3,23.18,55.31,0.02,0.47
2023-03-15,34.72,23.71,57.17,0.3,0.47
2023-03-16,38.49,23.73,46.36,0.01,0.46
2023-03-17,39.26,24.82,41.05,0.01,0.46
2023-03-18,39.35,25.03,46.12,0.38,0.46
2023-03-19,39.7,25.74,42.21,0.56,0.46
2023-03-20,39.26,25.78,42.88,0.0,0.46
2023-03-21,39.76,26.08,36.78,0.0,0.46
2023-03-22,39.85,24.07,45.18,0.0,0.46
2023-03-23,39.29,22.75,50.32,0.0,0.46
2023-03-24,39.47,22.63,47.94,0.0,0.46
2023-03-25,39.84,23.26,48.14,0.0,0.46
2023-03-26,40.33,23.24,46.99,0.0,0.46
2023-03-27,40.51,23.49,44.97,0.0,0.46
2023-03-28,41.22,23.19,44.5,0.0,0.46
2023-03-29,41.24,23.91,40.53,0.0,0.46
2023-03-30,40.35,23.93,44.55,0.0,0.46
2023-03-31,39.88,23.18,48.02,0.0,0.46
2023-04-01,40.77,24.11,49.32,0.0,0.46
2023-04-02,40.37,22.93,50.29,0.0,0.46
2023-04-03,39.4,23.15,53.72,0.0,0.46
2023-04-04,39.64,23.5,51.35,0.0,0.46
2023-04-05,39.85,23.99,49.77,0.0,0.46
2023-04-06,40.63,25.24,47.81,0.0,0.46
2023-04-07,42.18,25.71,44.4,0.0,0.46
2023-04-08,43.16,27.3,35.66,0.0,0.46
2023-04-09,42.44,25.91,33.7,0.0,0.46
2023-04-10,41.79,25.41,43.3,0.0,0.46
2023-04-11,41.97,25.29,46.09,0.0,0.46
2023-04-12,42.05,25.94,43.63,0.0,0.46
2023-04-13,41.51,25.68,44.97,0.0,0.45
2023-04-14,42.25,24.28,46.57,0.0,0.45
2023-04-15,42.67,25.39,48.53,0.0,0.45
2023-04-16,42.12,26.02,50.4,0.0,0.45
2023-04-17,42.13,26.89,49.28,0.0,0.45
2023-04-18,42.98,25.21,48.33,0.0,0.45
2023-04-19,41.74,26.98,50.68,0.0,0.45
2023-04-20,41.04,25.43,50.69,0.0,0.45
2023-04-21,40.79,26.86,51.83,0.24,0.45
2023-04-22,41.29,26.08,48.89,0.95,0.46
2023-04-23,41.54,26.58,51.18,3.1,0.46
2023-04-24,39.76,28.12,50.89,0.79,0.46
2023-04-25,41.46,27.89,44.24,4.55,0.46
2023-04-26,38.61,26.96,60.24,11.39,0.48
2023-04-27,39.06,26.02,61.17,0.86,0.48
2023-04-28,40.36,26.57,50.73,0.06,0.48
2023-04-29,41.16,25.4,49.05,0.29,0.47
2023-04-30,40.82,25.95,55.3,3.0,0.47
2023-05-01,39.47,27.22,54.03,0.35,0.47
2023-05-02,40.63,28.37,48.27,0.42,0.47
2023-05-03,38.8,28.84,53.87,2.33,0.47
2023-05-04,41.29,27.72,45.91,0.21,0.47
2023-05-05,41.88,27.22,45.56,0.0,0.47
2023-05-06,42.84,27.28,46.15,0.01,0.46
2023-05-07,43.08,28.31,46.42,0.16,0.46
2023-05-08,42.99,28.75,51.21,1.82,0.46
2023-05-09,35.09,28.88,64.8,8.21,0.47
2023-05-10,33.55,27.59,73.64,20.91,0.49
2023-05-11,31.02,26.75,83.6,18.44,0.54
2023-05-12,31.25,26.47,83.06,24.32,0.55
2023-05-13,32.2,26.95,79.34,9.07,0.58
2023-05-14,34.14,27.48,73.5,12.38,0.59
2023-05-15,33.66,26.29,76.65,30.27,0.63
2023-05-16,34.48,25.27,74.9,3.61,0.63
2023-05-17,34.66,25.35,74.48,5.77,0.63
2023-05-18,36.13,25.32,68.46,1.59,0.62
2023-05-19,37.02,23.99,66.6,0.16,0.61
2023-05-20,37.63,25.3,66.7,0.08,0.6
2023-05-21,37.71,25.59,65.17,0.25,0.6
2023-05-22,35.79,26.46,70.06,4.86,0.59
2023-05-23,35.16,26.55,75.45,12.18,0.61
2023-05-24,35.33,26.68,73.37,0.87,0.61
2023-05-25,34.31,25.64,72.95,0.18,0.6
2023-05-26,37.59,25.4,65.43,0.03,0.6
2023-05-27,37.69,26.08,66.31,0.15,0.59
2023-05-28,36.72,26.07,69.46,6.17,0.59
2023-05-29,32.0,26.7,79.14,6.01,0.6
2023-05-30,33.88,26.15,75.62,3.23,0.6
2023-05-31,33.26,25.09,76.0,1.42,0.6
2023-06-01,34.82,23.47,67.43,0.41,0.59
2023-06-02,34.45,25.79,70.92,0.23,0.59
2023-06-03,33.87,25.89,75.85,3.91,0.58
2023-06-04,32.61,26.18,79.79,0.74,0.58
2023-06-05,33.41,26.34,77.79,3.85,0.58
2023-06-06,34.0,25.37,76.46,2.78,0.58
2023-06-07,30.73,25.82,83.17,6.28,0.59
2023-06-08,31.28,25.54,82.98,22.97,0.6
2023-06-09,31.28,25.66,83.24,8.16,0.63
2023-06-10,33.54,25.98,79.2,2.62,0.63
2023-06-11,33.08,25.85,76.29,1.88,0.62
2023-06-12,33.58,25.62,75.64,2.24,0.62
2023-06-13,32.72,26.09,81.77,11.18,0.63
2023-06-14,33.09,25.53,81.65,19.67,0.64
2023-06-15,31.45,25.69,85.37,5.34,0.66
2023-06-16,32.88,25.59,79.96,0.86,0.65
2023-06-17,32.19,26.01,82.74,7.74,0.65
2023-06-18,32.42,25.66,81.77,2.51,0.66
2023-06-19,32.59,25.88,80.16,1.16,0.65
2023-06-20,33.1,25.4,78.38,8.51,0.65
2023-06-21,32.7,24.76,77.94,4.97,0.66
2023-06-22,30.26,24.54,82.4,4.17,0.66
2023-06-23,32.72,24.96,78.31,3.12,0.66
2023-06-24,33.72,24.94,77.27,12.98,0.66
2023-06-25,31.11,24.24,82.89,31.61,0.7
2023-06-26,29.39,24.74,83.87,9.04,0.72
2023-06-27,33.37,23.9,79.64,2.12,0.71
2023-06-28,34.38,24.57,77.82,2.09,0.7
2023-06-29,32.47,25.67,80.82,7.73,0.71
2023-06-30,33.16,25.56,80.07,6.03,0.71
2023-07-01,32.6,25.56,80.18,1.79,0.71
2023-07-02,32.03,25.67,82.43,16.44,0.71
2023-07-03,31.34,25.42,86.41,8.5,0.72
2023-07-04,28.81,25.8,90.57,5.8,0.73
2023-07-05,31.11,25.5,85.74,9.51,0.73
2023-07-06,29.67,25.33,86.93,3.97,0.73
2023-07-07,33.45,24.34,79.75,2.5,0.72
2023-07-08,34.02,25.44,78.12,6.97,0.72
2023-07-09,30.88,25.55,87.02,40.5,0.76
2023-07-10,28.96,25.46,90.72,29.57,0.8
2023-07-11,30.0,24.8,88.07,6.02,0.82
2023-07-12,30.74,24.57,87.48,15.32,0.81
2023-07-13,30.41,25.49,88.67,25.75,0.83
2023-07-14,30.43,24.55,87.71,9.1,0.85
2023-07-15,31.93,23.67,84.47,3.87,0.84
2023-07-16,30.78,25.14,87.11,8.55,0.84
2023-07-17,30.8,25.13,88.65,8.54,0.84
2023-07-18,30.91,24.03,86.67,14.78,0.85
2023-07-19,31.15,25.14,85.71,8.57,0.85
2023-07-20,30.61,24.9,85.23,1.41,0.84
2023-07-21,30.45,24.67,87.79,5.8,0.84
2023-07-22,29.52,24.99,90.24,34.81,0.86
2023-07-23,29.45,24.87,88.89,5.49,0.87
2023-07-24,30.14,24.86,88.16,2.4,0.86
2023-07-25,30.1,25.18,89.21,5.0,0.86
2023-07-26,29.83,25.19,89.64,5.53,0.86
2023-07-27,32.2,25.11,85.18,2.65,0.85
2023-07-28,31.85,25.32,86.21,2.97,0.85
2023-07-29,30.46,25.62,89.56,17.0,0.85
2023-07-30,29.13,26.05,91.67,43.28,0.87
2023-07-31,30.25,26.25,90.79,49.6,0.91
2023-08-01,30.13,26.41,91.34,44.27,0.94
2023-08-02,29.5,26.18,92.41,40.08,0.96
2023-08-03,30.83,25.97,90.43,30.17,0.97
2023-08-04,30.24,25.65,91.47,42.89,0.98
2023-08-05,29.49,25.54,92.97,67.06,0.99
2023-08-06,30.6,25.41,90.74,26.73,1.0
2023-08-07,28.29,24.98,94.12,54.63,1.0
2023-08-08,28.91,24.92,92.68,59.15,1.0
2023-08-09,28.72,24.95,91.91,12.94,1.0
2023-08-10,30.09,25.29,89.86,6.31,1.0
2023-08-11,28.98,23.58,89.97,0.59,0.99
2023-08-12,29.38,23.46,88.91,12.98,0.99
2023-08-13,30.82,24.35,88.92,3.6,0.99
2023-08-14,30.21,25.04,89.32,15.0,0.99
2023-08-15,30.6,25.16,89.23,2.23,0.98
2023-08-16,28.26,25.0,91.35,8.48,0.98
2023-08-17,29.06,24.4,89.91,1.01,0.98
2023-08-18,30.89,24.44,88.09,0.31,0.97
2023-08-19,31.16,24.76,88.06,0.13,0.97
2023-08-20,31.22,24.86,88.43,0.53,0.96
2023-08-21,30.51,25.43,88.71,0.38,0.95
2023-08-22,30.6,24.76,87.07,0.15,0.95
2023-08-23,29.53,24.35,89.29,1.44,0.94
2023-08-24,30.42,23.96,87.81,3.26,0.94
2023-08-25,31.08,24.15,87.85,5.7,0.93
2023-08-26,31.21,24.82,88.35,17.18,0.94
2023-08-27,29.63,24.74,89.03,3.72,0.94
2023-08-28,31.69,24.22,87.59,3.26,0.93
2023-08-29,30.66,24.32,87.15,5.63,0.92
2023-08-30,30.81,24.79,88.09,3.68,0.92
2023-08-31,31.17,24.64,86.97,1.78,0.91
2023-09-01,31.26,25.44,88.39,5.91,0.91
2023-09-02,28.86,25.69,92.04,1.61,0.91
2023-09-03,30.87,24.95,89.78,20.71,0.91
2023-09-04,29.53,25.44,91.66,4.05,0.92
2023-09-05,30.31,25.42,91.61,29.37,0.93
2023-09-06,29.77,25.7,92.03,10.29,0.94
2023-09-07,29.67,25.24,92.32,13.12,0.94
2023-09-08,30.52,25.26,88.91,15.45,0.95
2023-09-09,30.72,25.05,89.1,2.47,0.95
2023-09-10,29.81,24.95,90.81,9.42,0.94
2023-09-11,29.49,25.04,91.3,18.79,0.95
2023-09-12,28.48,25.01,93.43,24.81,0.96
2023-09-13,29.41,25.19,91.55,44.07,0.98
2023-09-14,30.26,24.76,90.02,11.54,0.98
2023-09-15,28.8,24.12,90.07,29.69,0.99
2023-09-16,28.68,23.89,91.76,18.88,0.99
2023-09-17,28.98,24.93,92.3,7.07,0.99
2023-09-18,29.04,24.97,92.94,13.01,0.99
2023-09-19,28.98,25.63,92.35,0.6,0.98
2023-09-20,30.92,25.15,90.11,4.0,0.98
2023-09-21,29.47,24.92,90.0,0.73,0.98
2023-09-22,30.36,24.79,88.9,4.73,0.97
2023-09-23,31.09,24.66,88.1,19.64,0.98
2023-09-24,31.77,25.22,87.22,1.09,0.98
2023-09-25,30.93,25.02,88.35,5.89,0.98
2023-09-26,29.85,25.68,90.54,11.68,0.98
2023-09-27,30.21,25.1,91.85,31.94,0.98
2023-09-28,27.32,25.07,94.6,67.79,1.0
2023-09-29,28.39,24.94,94.21,28.65,1.0
2023-09-30,28.86,24.82,92.98,8.77,1.0
2023-10-01,28.77,24.76,93.12,10.79,0.99
2023-10-02,28.93,24.74,92.91,2.59,0.99
2023-10-03,30.82,24.09,89.27,0.64,0.99
2023-10-04,29.76,24.46,87.27,5.96,0.99
2023-10-05,31.31,24.68,87.69,8.31,0.99
2023-10-06,29.5,25.43,92.58,9.7,0.99
2023-10-07,28.26,25.15,92.84,9.83,0.99
2023-10-08,27.63,24.32,92.14,4.27,0.99
2023-10-09,30.23,24.29,90.45,14.07,0.99
2023-10-10,28.51,25.12,88.78,9.45,0.99
2023-10-11,29.6,24.39,90.03,7.57,0.99
2023-10-12,29.06,24.07,84.6,1.93,0.98
2023-10-13,30.15,23.82,83.43,7.48,0.98
2023-10-14,31.09,24.22,86.78,16.2,0.98
2023-10-15,31.56,24.29,85.97,39.17,0.99
2023-10-16,31.29,24.31,88.41,8.06,0.99
2023-10-17,29.96,25.44,87.75,7.26,0.99
2023-10-18,30.56,24.43,86.01,0.45,0.99
2023-10-19,32.23,24.73,81.31,3.25,0.98
2023-10-20,31.29,24.37,85.87,1.44,0.98
2023-10-21,30.9,24.19,87.91,5.21,0.98
2023-10-22,28.47,24.9,90.81,2.77,0.98
2023-10-23,29.63,24.68,87.05,11.68,0.98
2023-10-24,31.06,24.41,82.66,1.17,0.97
2023-10-25,30.94,23.63,83.69,1.83,0.97
2023-10-26,31.0,23.99,82.29,5.12,0.97
2023-10-27,29.94,24.66,85.05,31.74,0.98
2023-10-28,29.27,24.66,85.36,2.34,0.98
2023-10-29,30.33,23.94,86.48,2.94,0.98
2023-10-30,29.93,24.42,88.49,22.47,0.98
2023-10-31,28.91,24.66,89.99,1.98,0.98
2023-11-01,29.85,24.34,85.58,1.94,0.98
2023-11-02,30.17,23.85,84.1,0.39,0.97
2023-11-03,31.05,23.51,81.96,0.0,0.97
2023-11-04,31.51,23.47,82.87,0.0,0.96
2023-11-05,31.71,23.75,80.36,0.0,0.96
2023-11-06,32.47,24.48,75.88,0.02,0.95
2023-11-07,32.55,24.71,77.77,1.45,0.95
2023-11-08,31.68,24.16,81.48,0.05,0.94
2023-11-09,32.19,23.84,79.83,0.01,0.93
2023-11-10,32.15,24.01,82.92,0.14,0.93
2023-11-11,30.39,25.05,85.25,1.46,0.92
2023-11-12,30.3,25.17,86.66,3.54,0.92
2023-11-13,31.42,24.74,83.34,0.23,0.92
2023-11-14,27.92,24.83,87.88,0.12,0.91
2023-11-15,30.2,23.95,86.66,0.06,0.9
2023-11-16,30.68,24.57,87.81,0.12,0.9
2023-11-17,26.28,22.72,84.08,0.26,0.89
2023-11-18,26.8,20.59,80.14,0.0,0.88
2023-11-19,28.04,20.6,82.19,0.0,0.87
2023-11-20,28.68,20.55,81.47,0.0,0.86
2023-11-21,29.48,20.51,80.42,0.0,0.85
2023-11-22,30.65,23.29,77.64,0.0,0.85
2023-11-23,30.51,23.39,82.62,0.18,0.84
2023-11-24,30.2,22.61,84.54,0.0,0.83
2023-11-25,30.07,22.4,83.68,0.0,0.82
2023-11-26,30.47,21.95,83.88,0.0,0.81
2023-11-27,29.96,23.32,83.76,0.0,0.8
2023-11-28,29.51,22.25,85.88,0.0,0.79
2023-11-29,29.51,21.86,84.0,0.0,0.79
2023-11-30,29.67,22.57,86.13,0.0,0.78
2023-12-01,31.03,23.0,84.78,0.0,0.77
2023-12-02,29.1,24.15,87.68,0.04,0.76
2023-12-03,30.56,23.56,84.9,0.01,0.76
2023-12-04,31.06,23.68,82.02,0.01,0.75
2023-12-05,31.05,23.38,80.98,0.02,0.74
2023-12-06,31.48,23.52,80.96,0.04,0.73
2023-12-07,31.64,24.44,82.61,0.58,0.73
2023-12-08,30.8,24.57,86.34,1.52,0.72
2023-12-09,31.26,23.97,83.58,0.13,0.72
2023-12-10,31.2,23.4,83.71,0.04,0.71
2023-12-11,31.7,22.54,79.49,0.04,0.71
2023-12-12,31.78,22.43,78.1,0.0,0.7
2023-12-13,32.57,22.35,77.29,0.0,0.69
2023-12-14,32.06,23.19,77.47,0.0,0.69
2023-12-15,32.48,22.73,73.82,0.0,0.68
2023-12-16,31.74,19.93,72.72,0.0,0.67
2023-12-17,32.05,20.79,79.53,0.0,0.67
2023-12-18,31.61,22.36,77.42,0.0,0.66
2023-12-19,32.25,21.84,76.52,0.0,0.65
2023-12-20,32.07,21.02,76.52,0.0,0.65
2023-12-21,30.59,21.35,78.25,0.0,0.64
2023-12-22,28.09,19.89,70.79,0.0,0.63
2023-12-23,26.72,17.56,68.46,0.0,0.63
2023-12-24,27.66,16.5,72.97,0.0,0.62
2023-12-25,26.47,18.16,71.84,0.0,0.62
2023-12-26,29.31,19.33,69.41,0.0,0.61
2023-12-27,31.93,21.35,72.46,0.0,0.61
2023-12-28,32.4,20.24,75.04,0.0,0.6
2023-12-29,32.5,19.58,73.79,0.0,0.6
2023-12-30,32.3,19.94,71.87,0.0,0.59
2023-12-31,32.53,19.27,68.28,0.0,0.59
2024-01-01,32.88,18.81,64.71,0.0,0.58
2024-01-02,32.64,18.36,64.11,0.0,0.58
2024-01-03,32.84,17.75,68.69,0.0,0.58
2024-01-04,32.65,19.18,72.33,0.0,0.57
2024-01-05,32.39,19.78,71.28,0.0,0.57
2024-01-06,32.93,21.19,68.6,0.0,0.56
2024-01-07,33.32,21.62,68.84,0.0,0.56
2024-01-08,33.88,21.64,67.16,0.0,0.55
2024-01-09,34.48,20.19,57.7,0.0,0.55
2024-01-10,34.24,17.89,54.05,0.0,0.54
2024-01-11,34.33,18.44,56.87,0.0,0.54
2024-01-12,33.74,17.69,56.3,0.0,0.54
2024-01-13,33.56,17.74,59.63,0.0,0.53
2024-01-14,33.83,18.31,67.38,0.0,0.53
2024-01-15,33.52,20.59,69.74,0.0,0.53
2024-01-16,33.55,20.96,66.31,0.0,0.52
2024-01-17,34.05,21.47,64.26,0.0,0.52
2024-01-18,33.71,19.71,57.14,0.0,0.52
2024-01-19,33.51,18.34,45.6,0.0,0.51
2024-01-20,33.22,17.24,51.36,0.0,0.51
2024-01-21,31.82,16.58,52.11,0.0,0.51
2024-01-22,32.51,15.13,54.46,0.0,0.5
2024-01-23,33.27,17.03,57.34,0.0,0.5
2024-01-24,32.8,17.65,65.65,0.01,0.5
2024-01-25,29.81,21.63,70.59,0.4,0.5
2024-01-26,31.09,20.61,74.09,1.6,0.5
2024-01-27,31.91,20.77,72.94,2.87,0.5
2024-01-28,31.78,22.78,77.57,3.93,0.5
2024-01-29,32.96,21.64,71.77,0.79,0.5
2024-01-30,33.19,21.72,68.34,1.76,0.5
2024-01-31,33.94,18.77,56.53,0.01,0.5
2024-02-01,34.69,17.33,47.21,0.0,0.49
2024-02-02,35.73,18.02,42.25,0.0,0.49
2024-02-03,35.66,19.02,42.17,0.0,0.49
2024-02-04,34.87,18.17,47.39,0.0,0.48
2024-02-05,35.37,16.82,46.56,0.0,0.48
2024-02-06,36.56,18.35,49.11,0.0,0.48
2024-02-07,37.08,18.83,47.7,0.0,0.48
2024-02-08,36.74,19.62,47.05,0.0,0.48
2024-02-09,37.73,19.27,45.33,0.0,0.47
2024-02-10,37.61,19.17,50.36,0.0,0.47
2024-02-11,35.48,21.57,57.76,0.0,0.47
2024-02-12,35.78,22.3,58.41,0.0,0.47
2024-02-13,37.55,22.0,51.89,0.0,0.47
2024-02-14,37.98,21.81,45.56,0.0,0.47
2024-02-15,38.48,19.87,39.78,0.0,0.47
2024-02-16,39.24,20.84,44.36,0.0,0.47
2024-02-17,38.16,21.33,35.03,0.0,0.46
2024-02-18,37.28,19.11,33.28,0.0,0.46
2024-02-19,36.24,16.61,40.72,0.0,0.46
2024-02-20,35.92,16.54,46.85,0.0,0.46
2024-02-21,35.01,17.63,56.74,0.0,0.46
2024-02-22,36.79,19.57,56.64,0.0,0.46
2024-02-23,37.49,20.51,55.35,0.0,0.46
2024-02-24,39.51,20.44,44.13,0.0,0.46
2024-02-25,39.87,21.2,37.92,0.0,0.46
2024-02-26,39.21,22.82,39.96,0.0,0.46
2024-02-27,40.03,25.43,45.12,0.04,0.46
2024-02-28,40.46,24.31,35.1,0.0,0.46
2024-02-29,40.2,21.89,30.1,0.0,0.46
2024-03-01,40.67,22.41,34.24,0.0,0.46
2024-03-02,40.18,20.91,34.03,0.0,0.46
2024-03-03,39.08,21.83,36.3,0.0,0.46
2024-03-04,38.95,21.59,39.94,0.0,0.46
2024-03-05,40.4,21.94,44.06,0.0,0.46
2024-03-06,40.96,22.95,32.8,0.0,0.46
2024-03-07,41.08,21.84,34.02,0.0,0.46
2024-03-08,41.23,21.1,36.3,0.0,0.46
2024-03-09,40.66,22.77,34.82,0.0,0.46
2024-03-10,40.97,22.42,31.42,0.0,0.46
2024-03-11,39.67,21.31,31.23,0.0,0.46
2024-03-12,39.65,23.05,36.89,0.0,0.46
2024-03-13,38.83,20.79,38.22,0.0,0.46
2024-03-14,38.3,21.83,53.44,0.0,0.46
2024-03-15,39.92,23.67,49.34,0.0,0.46
2024-03-16,40.39,24.34,46.57,0.0,0.45
2024-03-17,40.35,24.94,51.22,0.0,0.45
2024-03-18,41.85,25.96,42.71,0.0,0.45
2024-03-19,41.47,24.93,39.24,0.55,0.46
2024-03-20,38.8,25.49,50.44,0.26,0.46
2024-03-21,35.23,26.97,58.92,0.59,0.46
2024-03-22,37.99,25.02,42.32,0.01,0.46
2024-03-23,39.26,23.77,33.9,0.0,0.46
2024-03-24,40.17,21.57,47.16,0.0,0.46
2024-03-25,40.89,22.98,41.15,0.0,0.46
2024-03-26,41.98,22.49,35.21,0.0,0.46
2024-03-27,42.07,25.98,32.11,0.0,0.46
2024-03-28,41.53,24.31,34.01,0.0,0.46
2024-03-29,41.78,23.4,34.71,0.0,0.46
2024-03-30,42.21,23.48,31.13,0.0,0.46
2024-03-31,41.97,23.27,35.5,0.0,0.46
2024-04-01,41.76,24.35,39.2,0.0,0.45
2024-04-02,42.35,25.14,43.07,0.0,0.45
2024-04-03,42.59,24.93,44.56,0.0,0.45
2024-04-04,42.59,25.32,47.13,0.0,0.45
2024-04-05,43.21,26.0,46.87,0.0,0.45
2024-04-06,43.04,26.33,49.99,0.0,0.45
2024-04-07,42.82,27.5,47.57,0.02,0.45
2024-04-08,43.7,27.54,45.34,0.0,0.45
2024-04-09,43.92,28.06,42.13,0.04,0.45
2024-04-10,40.73,28.01,60.12,47.17,0.49
2024-04-11,38.94,27.05,63.33,3.69,0.54
2024-04-12,40.29,26.67,55.59,0.19,0.53
2024-04-13,40.91,26.27,54.78,0.08,0.52
2024-04-14,41.22,26.37,55.73,1.22,0.52
2024-04-15,41.53,26.21,53.67,0.01,0.51
2024-04-16,41.14,26.1,51.8,0.03,0.5
2024-04-17,40.74,25.39,49.59,0.02,0.5
2024-04-18,39.97,24.7,53.74,0.38,0.49
2024-04-19,39.67,25.4,57.54,0.0,0.49
2024-04-20,39.42,26.17,59.98,0.01,0.49
2024-04-21,40.21,26.98,56.62,0.0,0.48
2024-04-22,40.21,27.65,56.13,0.0,0.48
2024-04-23,40.65,27.26,58.25,0.0,0.47
2024-04-24,40.69,28.2,54.39,0.0,0.47
2024-04-25,41.52,27.33,49.87,0.0,0.47
2024-04-26,42.24,27.99,46.89,0.0,0.47
2024-04-27,42.47,27.48,46.9,0.0,0.46
2024-04-28,42.96,28.09,49.0,0.0,0.46
2024-04-29,43.32,28.93,44.43,0.0,0.46
2024-04-30,43.28,28.48,47.93,0.0,0.46
2024-05-01,43.24,28.04,48.16,0.0,0.46
2024-05-02,42.67,28.39,47.21,0.0,0.46
2024-05-03,42.99,28.28,44.38,0.0,0.46
2024-05-04,42.81,28.45,45.62,0.0,0.46
2024-05-05,41.65,27.72,47.76,0.0,0.46
2024-05-06,41.51,28.55,46.12,0.01,0.46
2024-05-07,41.52,28.91,43.7,0.01,0.46
2024-05-08,40.69,29.67,46.4,0.13,0.46
2024-05-09,41.21,29.51,46.12,1.09,0.46
2024-05-10,38.53,30.25,47.47,1.28,0.46
2024-05-11,38.05,29.16,57.27,5.76,0.47
2024-05-12,36.59,29.06,60.64,2.28,0.47
2024-05-13,37.72,28.53,59.64,6.0,0.48
2024-05-14,36.46,27.67,68.88,19.74,0.5
2024-05-15,38.39,27.73,65.88,3.48,0.51
2024-05-16,36.89,28.68,68.43,3.74,0.51
2024-05-17,35.75,28.22,70.44,2.22,0.51
2024-05-18,35.49,28.1,66.42,1.96,0.51
2024-05-19,38.73,28.03,61.18,3.2,0.51
2024-05-20,35.29,27.72,74.02,23.6,0.54
2024-05-21,31.93,27.45,83.4,28.58,0.58
2024-05-22,33.76,26.83,76.02,3.92,0.59
2024-05-23,30.96,26.37,86.84,32.52,0.61
2024-05-24,29.55,26.16,90.75,63.43,0.69
2024-05-25,30.54,27.79,90.68,9.97,0.74
2024-05-26,30.76,27.81,89.04,10.88,0.74
2024-05-27,30.69,27.33,89.85,11.21,0.75
2024-05-28,32.03,27.08,87.37,11.9,0.76
2024-05-29,32.28,27.0,87.59,11.83,0.77
2024-05-30,32.44,27.2,87.06,10.41,0.78
2024-05-31,32.71,27.05,85.32,4.48,0.78
2024-06-01,30.65,26.83,87.95,9.59,0.78
2024-06-02,31.06,25.92,88.01,16.72,0.79
2024-06-03,29.81,25.37,89.14,15.9,0.82
2024-06-04,29.92,25.61,89.9,29.35,0.84
2024-06-05,31.55,25.2,87.38,24.03,0.85
2024-06-06,32.03,25.19,85.29,19.16,0.86
2024-06-07,31.71,25.12,85.92,11.01,0.86
2024-06-08,30.69,25.16,88.32,57.18,0.88
2024-06-09,30.67,24.87,88.7,11.83,0.9
2024-06-10,30.67,25.41,87.95,8.89,0.9
2024-06-11,30.56,24.67,88.18,7.65,0.9
2024-06-12,29.79,25.48,89.13,18.4,0.91
2024-06-13,30.6,25.8,89.34,14.53,0.92
2024-06-14,31.55,26.3,88.48,10.86,0.92
2024-06-15,31.66,26.38,88.43,3.15,0.92
2024-06-16,31.5,26.07,88.56,2.03,0.91
2024-06-17,30.78,26.13,86.95,8.09,0.91
2024-06-18,30.82,25.38,87.68,11.37,0.91
2024-06-19,31.55,24.46,84.06,2.91,0.91
2024-06-20,32.2,24.53,87.77,11.0,0.91
2024-06-21,31.81,25.5,86.61,2.25,0.91
2024-06-22,31.18,25.64,88.97,3.03,0.9
2024-06-23,30.23,25.31,88.15,1.92,0.89
2024-06-24,29.48,24.81,90.49,8.64,0.89
2024-06-25,30.45,24.62,90.6,58.12,0.92
2024-06-26,30.13,25.55,89.93,28.42,0.96
2024-06-27,30.78,26.3,89.38,4.82,0.95
2024-06-28,31.37,25.65,89.01,1.46,0.95
2024-06-29,31.03,25.14,88.75,2.8,0.94
2024-06-30,30.1,25.97,89.31,3.74,0.94
2024-07-01,30.57,25.61,87.96,1.74,0.93
2024-07-02,30.42,25.68,87.77,5.82,0.93
2024-07-03,29.93,25.44,91.17,2.1,0.92
2024-07-04,30.69,24.97,86.82,2.7,0.92
2024-07-05,31.43,24.52,87.19,1.91,0.91
2024-07-06,31.68,24.83,87.88,6.11,0.91
2024-07-07,30.57,24.95,89.57,2.5,0.9
2024-07-08,29.88,25.22,88.68,3.82,0.9
2024-07-09,30.78,24.97,87.1,0.69,0.9
2024-07-10,31.15,25.48,86.6,1.69,0.89
2024-07-11,29.88,25.26,88.76,7.8,0.89
2024-07-12,31.44,24.56,86.38,7.67,0.89
2024-07-13,29.49,25.3,90.4,4.0,0.89
2024-07-14,30.14,25.19,88.21,1.29,0.88
2024-07-15,31.51,25.03,86.98,3.66,0.88
2024-07-16,29.18,25.41,89.76,22.54,0.89
2024-07-17,30.27,25.64,90.37,8.09,0.9
2024-07-18,29.1,25.98,91.76,6.97,0.9
2024-07-19,29.53,25.87,90.26,7.78,0.9
2024-07-20,30.84,25.75,88.66,9.15,0.9
2024-07-21,30.47,25.74,88.45,29.68,0.92
2024-07-22,29.3,25.42,90.35,15.5,0.93
2024-07-23,30.01,25.72,91.63,35.66,0.94
2024-07-24,29.56,25.74,92.87,103.49,0.98
2024-07-25,28.51,25.91,93.18,61.3,0.99
2024-07-26,28.92,26.05,93.29,47.0,1.0
2024-07-27,29.2,25.99,92.24,18.19,1.0
2024-07-28,28.43,25.8,93.01,18.25,1.0
2024-07-29,29.16,25.27,91.35,19.24,1.0
2024-07-30,29.3,25.12,91.87,29.7,1.0
2024-07-31,28.82,25.07,92.52,33.66,1.0
2024-08-01,29.06,24.96,92.26,32.47,1.0
2024-08-02,28.91,25.4,92.44,27.76,1.0
2024-08-03,29.76,24.57,89.14,25.58,1.0
2024-08-04,29.93,24.84,90.84,4.33,1.0
2024-08-05,29.48,24.84,91.43,28.66,1.0
2024-08-06,28.17,24.83,92.52,6.11,1.0
2024-08-07,28.26,24.93,92.48,20.18,1.0
2024-08-08,29.08,24.63,90.89,1.1,1.0
2024-08-09,31.15,25.13,87.15,0.97,0.99
2024-08-10,31.57,24.98,88.17,2.47,0.99
2024-08-11,31.29,25.42,89.18,8.67,0.99
2024-08-12,30.67,25.65,90.86,15.72,0.99
2024-08-13,31.08,25.02,89.55,4.66,0.99
2024-08-14,31.41,24.58,86.99,4.95,0.98
2024-08-15,31.55,23.99,86.75,12.5,0.98
2024-08-16,31.54,24.42,86.46,5.71,0.98
2024-08-17,31.96,24.54,86.99,3.91,0.97
2024-08-18,30.2,25.47,89.99,11.27,0.97
2024-08-19,31.19,25.25,88.69,12.39,0.97
2024-08-20,31.32,25.18,87.79,8.96,0.97
2024-08-21,29.08,25.45,91.31,20.29,0.98
2024-08-22,30.21,24.46,88.27,7.65,0.98
2024-08-23,31.05,23.7,87.33,2.65,0.97
2024-08-24,30.8,24.79,89.16,6.29,0.97
2024-08-25,30.75,24.78,88.38,2.37,0.96
2024-08-26,31.01,24.61,87.51,6.48,0.96
2024-08-27,29.68,24.76,89.21,6.09,0.96
2024-08-28,29.24,24.34,90.57,7.18,0.96
2024-08-29,30.93,25.52,90.15,9.2,0.96
2024-08-30,29.25,24.8,91.71,1.69,0.96
2024-08-31,31.01,23.96,86.75,1.56,0.95
2024-09-01,31.03,24.44,87.18,1.9,0.94
2024-09-02,31.01,25.22,88.07,1.3,0.93
2024-09-03,30.99,25.63,89.58,51.87,0.93
2024-09-04,28.0,25.26,94.22,162.83,0.97
2024-09-05,30.11,24.88,90.24,1.47,0.96
2024-09-06,30.8,25.4,89.16,1.63,0.96
2024-09-07,30.65,25.33,89.73,2.27,0.95
2024-09-08,30.57,25.7,92.46,31.47,0.96
2024-09-09,29.61,25.64,92.68,38.22,0.98
2024-09-10,28.74,25.61,94.45,44.57,0.99
2024-09-11,28.73,25.38,93.13,42.28,1.0
2024-09-12,30.51,25.24,89.92,8.32,0.99
2024-09-13,31.06,24.81,87.94,8.71,0.99
2024-09-14,29.47,24.69,90.56,2.86,0.99
2024-09-15,31.47,25.43,88.1,1.9,0.98
2024-09-16,31.43,24.43,87.17,0.79,0.97
2024-09-17,31.24,25.17,88.5,15.18,0.97
2024-09-18,28.71,25.18,93.66,6.0,0.98
2024-09-19,31.66,24.4,88.43,4.58,0.97
2024-09-20,30.23,25.1,89.57,10.89,0.97
2024-09-21,29.63,25.7,91.33,29.4,0.98
2024-09-22,29.49,24.83,92.3,24.22,0.99
2024-09-23,29.18,25.34,92.29,15.37,0.99
2024-09-24,29.65,25.68,90.79,13.42,0.99
2024-09-25,29.2,24.86,90.93,8.87,0.99
2024-09-26,30.96,24.53,85.84,0.75,0.98
2024-09-27,32.42,24.12,82.99,0.12,0.97
2024-09-28,32.09,24.93,86.57,0.41,0.97
2024-09-29,30.45,25.49,90.94,3.77,0.96
2024-09-30,30.37,25.86,92.21,2.6,0.96
2024-10-01,29.27,26.03,92.89,27.58,0.97
2024-10-02,27.75,25.5,91.77,37.19,0.99
2024-10-03,28.52,25.24,93.38,35.95,1.0
2024-10-04,30.27,24.94,90.24,5.6,0.99
2024-10-05,31.2,24.33,87.17,0.73,0.99
2024-10-06,31.76,24.87,83.16,0.71,0.98
2024-10-07,32.36,24.63,81.41,1.18,0.97
2024-10-08,31.85,24.62,80.02,0.06,0.97
2024-10-09,32.1,25.08,82.44,0.8,0.96
2024-10-10,31.47,25.75,80.8,2.03,0.96
2024-10-11,31.7,24.56,83.06,0.97,0.95
2024-10-12,30.75,25.48,85.33,1.64,0.95
2024-10-13,30.7,25.43,85.68,0.46,0.94
2024-10-14,31.99,25.36,82.75,1.18,0.94
2024-10-15,32.72,25.51,83.13,6.7,0.94
2024-10-16,31.56,25.44,85.02,0.53,0.93
2024-10-17,31.22,25.17,85.0,0.88,0.93
2024-10-18,31.09,25.17,86.2,0.83,0.92
2024-10-19,31.24,25.35,85.69,6.46,0.92
2024-10-20,29.11,25.52,92.03,4.65,0.92
2024-10-21,29.33,25.84,90.58,1.05,0.92
2024-10-22,28.97,25.73,92.73,4.15,0.92
2024-10-23,29.81,25.35,88.98,0.17,0.91
2024-10-24,30.49,24.09,87.11,0.0,0.9
2024-10-25,32.06,24.29,82.98,0.0,0.89
2024-10-26,32.34,24.27,85.67,0.0,0.88
2024-10-27,33.23,24.69,84.15,0.35,0.87
2024-10-28,32.97,25.01,83.65,2.1,0.86
2024-10-29,32.86,25.18,82.36,1.27,0.86
2024-10-30,32.39,24.77,84.19,0.8,0.85
2024-10-31,32.46,24.82,83.4,1.44,0.84
2024-11-01,32.55,24.6,81.57,15.65,0.85
2024-11-02,32.11,24.06,87.83,15.91,0.86
2024-11-03,30.74,24.03,85.24,0.03,0.86
2024-11-04,30.38,22.4,84.45,0.01,0.85
2024-11-05,29.48,23.73,85.76,0.79,0.84
2024-11-06,27.4,23.74,90.19,8.4,0.84
2024-11-07,26.27,23.53,94.46,23.35,0.86
2024-11-08,26.84,23.5,92.58,2.27,0.87
2024-11-09,27.76,22.6,88.59,1.16,0.86
2024-11-10,30.7,21.85,82.64,0.03,0.86
2024-11-11,30.84,22.14,80.8,0.0,0.85
2024-11-12,31.22,21.58,78.27,0.0,0.84
2024-11-13,31.19,22.02,78.69,0.0,0.83
2024-11-14,31.94,22.55,77.33,0.0,0.82
2024-11-15,32.15,23.29,77.46,0.02,0.81
2024-11-16,31.76,22.99,80.3,1.76,0.8
2024-11-17,31.6,23.44,82.12,0.63,0.8
2024-11-18,29.42,23.98,88.4,0.61,0.79
2024-11-19,30.65,22.88,83.69,0.09,0.78
2024-11-20,30.37,22.18,84.6,0.01,0.78
2024-11-21,30.68,22.2,82.39,0.01,0.77
2024-11-22,30.77,22.06,82.41,0.0,0.76
2024-11-23,30.82,22.33,82.36,0.0,0.75
2024-11-24,31.61,22.71,81.89,0.01,0.74
2024-11-25,31.29,24.31,82.36,0.03,0.73
2024-11-26,31.2,23.29,84.51,0.0,0.73
2024-11-27,28.09,24.22,86.22,0.01,0.72
2024-11-28,28.61,23.48,81.78,0.0,0.72
2024-11-29,28.18,21.52,77.08,0.0,0.71
2024-11-30,28.79,20.65,77.47,0.0,0.7
2024-12-01,30.92,20.24,78.67,0.0,0.7
2024-12-02,31.99,22.31,75.32,0.0,0.69
2024-12-03,32.82,21.83,75.25,0.0,0.68
2024-12-04,33.13,22.21,75.46,0.0,0.67
2024-12-05,32.71,23.84,75.45,0.0,0.67
2024-12-06,32.69,22.36,71.8,0.0,0.66
2024-12-07,32.12,19.69,70.59,0.0,0.65
2024-12-08,32.13,22.3,79.38,0.0,0.65
2024-12-09,30.8,24.55,76.88,0.0,0.65
2024-12-10,32.71,23.09,72.72,0.0,0.64
2024-12-11,33.35,22.82,72.96,0.0,0.63
2024-12-12,33.25,20.99,72.89,0.0,0.63
2024-12-13,31.64,23.16,76.88,0.01,0.62
2024-12-14,28.17,22.48,79.8,0.64,0.62
2024-12-15,23.88,20.73,83.47,1.0,0.62
2024-12-16,29.95,20.99,74.83,0.0,0.61
2024-12-17,30.93,20.69,74.28,0.0,0.61
2024-12-18,31.96,20.77,75.68,0.0,0.6
2024-12-19,31.23,21.84,74.76,0.0,0.6
2024-12-20,30.37,21.24,71.39,0.0,0.59
2024-12-21,29.47,19.76,71.99,0.0,0.59
2024-12-22,29.29,20.35,73.16,0.0,0.59
2024-12-23,30.29,19.43,70.04,0.0,0.58
2024-12-24,30.7,19.19,72.37,0.0,0.58
2024-12-25,31.78,18.13,73.14,0.0,0.57
2024-12-26,32.02,18.23,72.45,0.0,0.57
2024-12-27,33.19,18.55,70.35,0.0,0.56
2024-12-28,33.48,21.84,71.09,0.0,0.56
2024-12-29,32.29,22.04,68.47,0.0,0.56
2024-12-30,33.25,22.25,67.9,0.0,0.55
2024-12-31,32.26,21.38,70.09,0.0,0.55
2025-01-01,31.61,21.18,69.88,0.01,0.54
2025-01-02,32.1,20.15,68.41,0.0,0.54
2025-01-03,31.97,20.1,65.65,0.0,0.54
2025-01-04,31.58,18.1,67.57,0.0,0.54
2025-01-05,31.42,18.17,67.23,0.0,0.53
2025-01-06,31.48,18.27,66.73,0.0,0.53
2025-01-07,32.2,18.47,63.76,0.0,0.53
2025-01-08,32.27,19.13,66.54,0.0,0.52
2025-01-09,32.72,18.29,64.99,0.0,0.52
2025-01-10,32.71,19.08,64.37,0.0,0.52
2025-01-11,30.31,20.46,63.92,0.0,0.51
2025-01-12,28.54,17.65,58.55,0.0,0.51
2025-01-13,29.07,15.87,59.16,0.0,0.51
2025-01-14,31.43,15.25,61.95,0.0,0.51
2025-01-15,32.05,15.94,62.41,0.0,0.5
2025-01-16,32.53,17.91,62.19,0.0,0.5
2025-01-17,32.33,17.76,63.41,0.0,0.5
2025-01-18,33.53,17.91,62.23,0.0,0.49
2025-01-19,34.01,17.3,57.69,0.0,0.49
2025-01-20,34.08,17.82,62.23,0.0,0.49
2025-01-21,33.8,19.26,63.79,0.0,0.49
2025-01-22,34.16,18.86,63.76,0.0,0.48
2025-01-23,34.22,18.65,65.34,0.0,0.48
2025-01-24,34.63,18.87,61.21,0.0,0.48
2025-01-25,35.3,18.67,55.02,0.0,0.48
2025-01-26,35.22,17.94,52.09,0.0,0.48
2025-01-27,33.35,18.17,61.87,0.0,0.48
2025-01-28,31.77,20.57,64.47,0.0,0.48
2025-01-29,32.84,21.55,58.85,0.0,0.47
2025-01-30,33.77,22.51,59.48,0.0,0.47
2025-01-31,34.45,20.12,51.65,0.0,0.47
2025-02-01,35.91,17.67,44.5,0.0,0.47
2025-02-02,36.32,18.63,47.95,0.0,0.47
2025-02-03,37.2,18.96,48.93,0.0,0.47
2025-02-04,37.24,19.7,46.92,0.0,0.47
2025-02-05,35.62,19.52,47.73,0.0,0.47
2025-02-06,35.88,17.91,53.89,0.0,0.47
2025-02-07,36.54,20.65,56.34,0.0,0.46
2025-02-08,37.56,21.19,50.87,0.0,0.46
2025-02-09,35.5,22.57,52.34,0.0,0.46
2025-02-10,35.99,22.47,53.74,0.0,0.46
2025-02-11,37.11,21.09,46.6,0.0,0.46
2025-02-12,36.93,18.12,43.66,0.0,0.46
2025-02-13,37.14,18.47,48.84,0.0,0.46
2025-02-14,36.75,19.19,46.25,0.0,0.46
2025-02-15,36.28,20.02,48.11,0.0,0.46
2025-02-16,36.94,19.99,52.76,0.0,0.46
2025-02-17,37.7,19.38,42.65,0.0,0.46
2025-02-18,37.68,19.74,47.52,0.0,0.46
2025-02-19,37.54,22.42,45.53,0.0,0.46
2025-02-20,38.19,21.65,39.47,0.0,0.46
2025-02-21,38.95,22.52,39.48,1.75,0.46
2025-02-22,39.18,23.0,43.56,0.05,0.46
2025-02-23,37.98,22.33,51.12,13.28,0.47
2025-02-24,33.09,24.0,73.64,14.62,0.5
2025-02-25,32.37,24.62,71.28,1.03,0.51
2025-02-26,33.84,23.51,66.76,0.02,0.5
2025-02-27,37.21,23.12,58.33,0.0,0.5
2025-02-28,38.06,24.1,55.15,0.03,0.49
2025-03-01,38.85,22.18,45.65,0.0,0.49
2025-03-02,38.86,19.66,52.41,0.0,0.48
2025-03-03,39.48,20.14,44.77,0.0,0.48
2025-03-04,39.24,20.18,41.1,0.0,0.48
2025-03-05,38.22,20.58,41.82,0.0,0.47
2025-03-06,38.46,19.98,46.71,0.0,0.47
2025-03-07,39.24,20.42,48.69,0.06,0.47
2025-03-08,38.2,21.53,51.57,0.04,0.47
2025-03-09,38.19,24.62,54.38,0.09,0.47
2025-03-10,39.31,25.23,51.45,0.01,0.46
2025-03-11,40.54,26.29,41.96,0.0,0.46
2025-03-12,40.72,25.36,39.1,0.0,0.46
2025-03-13,40.82,23.44,38.0,0.0,0.46
2025-03-14,41.1,22.97,40.33,0.0,0.46
2025-03-15,41.68,23.38,35.82,0.0,0.46
2025-03-16,42.11,24.89,33.68,0.0,0.46
2025-03-17,42.22,23.68,36.58,0.0,0.46
2025-03-18,41.49,22.93,41.61,0.0,0.46
2025-03-19,40.75,25.26,41.99,0.0,0.46
2025-03-20,40.25,24.77,46.17,0.03,0.46
2025-03-21,38.11,26.02,53.05,0.01,0.46
2025-03-22,39.26,26.18,47.9,0.0,0.46
2025-03-23,40.29,24.97,42.88,0.0,0.46
2025-03-24,41.16,24.38,35.92,0.0,0.46
2025-03-25,40.9,23.54,43.04,0.0,0.46
2025-03-26,40.3,23.29,39.99,0.0,0.46
2025-03-27,39.51,22.63,48.81,0.01,0.46
2025-03-28,38.66,24.25,51.89,0.0,0.46
2025-03-29,39.89,24.54,50.53,0.0,0.46
2025-03-30,41.37,25.04,48.67,0.02,0.46
2025-03-31,40.72,26.75,47.39,0.27,0.46
2025-04-01,41.26,26.39,46.23,1.9,0.46
2025-04-02,41.09,26.27,47.35,0.21,0.46
2025-04-03,40.61,26.64,53.29,10.89,0.47
2025-04-04,38.29,26.03,55.53,0.03,0.48
2025-04-05,38.25,26.16,51.8,0.2,0.47
2025-04-06,34.99,26.76,57.34,6.18,0.47
2025-04-07,32.78,26.45,65.21,1.57,0.48
2025-04-08,34.78,26.33,58.62,0.56,0.48
2025-04-09,38.69,24.84,51.95,0.42,0.47
2025-04-10,32.61,26.54,65.21,0.85,0.47
2025-04-11,33.26,25.92,70.68,6.47,0.48
2025-04-12,33.41,25.03,67.27,0.59,0.48
2025-04-13,34.0,26.1,67.34,1.33,0.48
2025-04-14,35.15,26.47,71.09,5.74,0.48
2025-04-15,31.9,25.93,80.46,15.41,0.5
2025-04-16,34.5,25.87,72.96,3.18,0.51
2025-04-17,35.18,25.82,66.96,0.45,0.51
2025-04-18,36.57,25.87,61.83,0.21,0.5
2025-04-19,39.16,25.23,56.47,0.2,0.5
2025-04-20,39.39,25.71,56.93,1.63,0.5
2025-04-21,40.48,26.6,55.33,0.01,0.49
2025-04-22,39.92,27.25,55.02,0.0,0.49
2025-04-23,39.99,27.36,54.62,0.0,0.48
2025-04-24,39.06,27.67,56.2,0.0,0.48
2025-04-25,39.9,27.67,55.44,0.0,0.48
2025-04-26,41.15,27.64,52.68,0.19,0.47
2025-04-27,40.42,28.15,56.46,14.25,0.48
2025-04-28,33.68,26.55,75.33,16.88,0.51
2025-04-29,30.51,26.2,80.11,9.42,0.53
2025-04-30,33.14,25.03,72.35,18.44,0.56
2025-05-01,35.12,25.76,64.58,0.11,0.56
2025-05-02,36.55,25.66,65.72,2.32,0.55
2025-05-03,36.54,26.31,66.52,0.45,0.55
2025-05-04,37.36,25.81,63.47,1.92,0.54
2025-05-05,37.86,25.3,59.79,0.0,0.54
2025-05-06,39.25,25.15,58.52,1.56,0.53
2025-05-07,38.35,26.32,61.05,1.21,0.53
2025-05-08,37.05,26.41,61.25,1.23,0.53
2025-05-09,31.47,25.63,78.81,10.43,0.54
2025-05-10,35.85,25.79,69.66,4.39,0.54
2025-05-11,35.12,27.15,75.39,22.06,0.57
2025-05-12,32.46,26.9,80.1,7.46,0.58
2025-05-13,31.91,26.43,81.28,19.64,0.6
2025-05-14,31.67,25.71,83.34,4.01,0.62
2025-05-15,29.44,25.61,89.39,15.04,0.63
2025-05-16,30.51,26.26,85.52,5.02,0.64
2025-05-17,33.58,26.14,78.97,6.88,0.64
2025-05-18,32.56,25.74,80.65,17.05,0.66
2025-05-19,32.61,25.94,80.33,1.25,0.66
2025-05-20,32.68,25.94,81.24,0.8,0.66
2025-05-21,34.21,25.76,76.71,6.74,0.66
2025-05-22,36.73,25.34,68.62,4.81,0.65
2025-05-23,35.06,26.14,76.54,5.62,0.66
2025-05-24,31.57,26.48,83.44,50.02,0.7
2025-05-25,31.57,26.08,85.67,13.99,0.73
2025-05-26,30.57,26.45,89.54,26.6,0.75
2025-05-27,29.72,26.22,89.71,11.35,0.77
2025-05-28,30.4,26.23,88.06,12.79,0.78
2025-05-29,31.36,26.81,86.42,7.42,0.79
2025-05-30,30.99,26.49,87.1,26.14,0.8
2025-05-31,29.38,26.43,91.98,18.11,0.83
2025-06-01,29.56,26.31,92.61,12.79,0.83
2025-06-02,30.32,26.02,89.68,29.14,0.85
2025-06-03,32.67,24.17,79.9,14.78,0.87
2025-06-04,31.78,23.25,83.48,10.48,0.87
2025-06-05,32.19,25.22,84.43,20.99,0.88
2025-06-06,31.58,25.41,82.08,1.93,0.88
2025-06-07,32.06,24.52,82.69,1.19,0.87
2025-06-08,31.76,25.37,84.17,3.98,0.86
2025-06-09,31.17,25.29,86.2,2.77,0.86
2025-06-10,32.47,25.32,84.03,2.35,0.85
2025-06-11,31.19,25.08,86.14,5.66,0.85
2025-06-12,31.05,25.46,86.51,5.65,0.85
2025-06-13,30.22,25.25,87.42,8.46,0.85
2025-06-14,29.54,25.82,90.07,8.44,0.85
2025-06-15,29.98,25.08,87.81,8.18,0.86
2025-06-16,29.7,25.39,89.41,7.85,0.86
2025-06-17,30.11,25.75,88.2,12.87,0.87
2025-06-18,29.84,25.43,91.02,6.51,0.87
2025-06-19,30.31,25.44,90.16,12.88,0.87
2025-06-20,32.31,24.72,83.56,4.3,0.87
2025-06-21,31.02,24.34,84.3,1.39,0.86
2025-06-22,30.81,24.54,86.59,3.99,0.85
2025-06-23,30.25,25.47,90.22,5.15,0.85
2025-06-24,30.76,25.41,88.01,6.38,0.85
2025-06-25,30.95,24.94,86.79,3.56,0.85
2025-06-26,29.78,25.52,90.27,12.74,0.86
2025-06-27,28.91,24.88,91.29,21.1,0.87
2025-06-28,29.48,24.98,87.52,23.98,0.88
2025-06-29,30.09,24.7,88.64,17.44,0.89
2025-06-30,30.25,24.74,88.29,13.8,0.9
2025-07-01,30.9,25.15,86.63,12.75,0.9
2025-07-02,29.9,25.11,87.63,7.74,0.9
2025-07-03,29.6,24.74,87.55,6.19,0.9
2025-07-04,30.96,24.6,86.12,3.5,0.9
2025-07-05,29.73,25.14,89.73,4.19,0.89
2025-07-06,29.27,25.16,89.63,7.43,0.89
2025-07-07,29.27,25.33,90.37,10.18,0.9
2025-07-08,30.8,24.95,90.24,9.05,0.9
2025-07-09,30.28,25.46,87.85,14.33,0.91
2025-07-10,29.23,25.32,90.94,12.68,0.92
2025-07-11,28.9,25.49,92.22,23.13,0.93
2025-07-12,29.28,25.66,90.76,2.63,0.93
2025-07-13,30.96,25.23,87.4,2.11,0.92
2025-07-14,30.78,25.77,89.78,8.31,0.92
2025-07-15,30.73,25.5,88.98,8.94,0.92
2025-07-16,29.6,25.65,89.93,8.59,0.93
2025-07-17,29.45,25.1,89.66,7.25,0.93
2025-07-18,30.71,24.53,87.96,2.95,0.92
2025-07-19,30.45,25.26,88.88,7.75,0.92
2025-07-20,31.19,25.14,88.21,4.05,0.91
2025-07-21,28.84,25.63,91.65,25.2,0.91
2025-07-22,29.19,25.58,93.11,44.29,0.94
2025-07-23,28.42,26.0,93.91,72.84,0.97
2025-07-24,28.97,26.12,92.73,32.76,0.99
2025-07-25,29.5,26.12,92.37,34.92,0.99
2025-07-26,29.68,25.94,92.73,22.66,0.99
2025-07-27,28.61,25.48,94.06,24.3,1.0
2025-07-28,29.67,25.36,93.05,54.02,1.0
2025-07-29,29.55,25.73,93.41,27.93,1.0
2025-07-30,30.02,25.59,92.25,22.79,1.0
2025-07-31,30.05,25.73,91.17,16.8,1.0
2025-08-01,30.68,25.45,90.89,15.87,1.0
2025-08-02,31.16,25.04,88.15,5.75,1.0
2025-08-03,31.21,25.54,88.5,2.15,0.99
2025-08-04,31.1,25.66,88.5,1.23,0.99
2025-08-05,31.03,25.9,89.45,1.99,0.98
2025-08-06,30.32,25.79,88.99,1.84,0.98
2025-08-07,30.12,24.96,88.28,9.19,0.98
2025-08-08,30.25,24.83,86.81,1.82,0.98
2025-08-09,30.73,24.81,87.58,9.11,0.98
2025-08-10,30.34,24.59,88.41,5.87,0.97
2025-08-11,30.61,24.52,88.36,1.71,0.97
2025-08-12,30.28,25.05,89.35,1.18,0.96
2025-08-13,30.77,24.36,87.81,1.73,0.96
2025-08-14,29.53,25.21,90.51,12.52,0.96
2025-08-15,29.5,24.69,91.03,17.68,0.96
2025-08-16,29.52,24.34,89.81,19.31,0.98
2025-08-17,28.78,24.1,90.55,5.79,0.97
2025-08-18,28.57,24.73,90.98,3.06,0.97
2025-08-19,29.96,24.29,89.61,2.64,0.97
2025-08-20,31.1,24.36,87.35,0.59,0.96
2025-08-21,30.59,24.86,88.46,4.48,0.96
2025-08-22,29.83,24.83,90.65,2.38,0.96
2025-08-23,28.62,24.48,90.85,4.32,0.95
2025-08-24,29.61,23.98,88.71,14.62,0.95
2025-08-25,31.01,23.59,86.65,3.29,0.95
2025-08-26,29.89,23.73,89.99,18.02,0.95
2025-08-27,28.95,23.9,90.39,31.14,0.97
2025-08-28,30.65,23.32,85.44,9.57,0.97
2025-08-29,29.77,24.44,87.43,0.98,0.96
2025-08-30,31.36,23.64,87.98,24.6,0.96
2025-08-31,27.46,24.56,94.4,49.04,0.98
2025-09-01,29.72,24.7,90.98,14.63,0.99
2025-09-02,28.52,24.56,92.72,8.68,0.98
2025-09-03,29.21,24.53,92.18,0.97,0.98
2025-09-04,30.55,24.23,87.44,0.44,0.97
2025-09-05,29.22,24.79,89.76,2.29,0.97
2025-09-06,30.64,24.89,88.4,9.49,0.97
2025-09-07,30.4,25.04,89.48,4.85,0.97
2025-09-08,29.94,25.23,90.27,18.42,0.98
2025-09-09,30.0,25.18,89.85,2.88,0.97
2025-09-10,28.83,24.78,91.47,4.68,0.97
2025-09-11,29.28,24.12,89.89,18.95,0.97
2025-09-12,29.79,24.77,89.96,2.56,0.97
2025-09-13,30.35,24.73,88.84,11.21,0.97
2025-09-14,31.21,25.12,87.27,2.72,0.97
2025-09-15,30.77,24.94,87.15,2.08,0.97
2025-09-16,29.52,24.52,86.26,1.02,0.96
2025-09-17,31.07,24.18,87.23,0.89,0.96
2025-09-18,30.52,24.9,88.38,2.18,0.95
2025-09-19,29.57,25.29,90.33,15.16,0.96
2025-09-20,27.84,25.18,94.61,17.95,0.97
2025-09-21,30.2,24.95,91.2,25.68,0.98
2025-09-22,28.79,26.04,93.89,29.48,0.98
2025-09-23,29.0,25.59,94.22,21.62,0.99
2025-09-24,29.38,25.1,91.6,18.12,0.99
2025-09-25,30.2,24.45,89.43,12.31,0.99
2025-09-26,30.6,24.84,90.65,26.76,0.99
2025-09-27,30.18,24.83,87.26,16.41,0.99
2025-09-28,29.62,24.66,90.68,10.81,0.99
2025-09-29,31.67,24.07,89.72,90.28,1.0
2025-09-30,28.79,25.57,93.69,15.06,1.0
2025-10-01,28.63,25.37,92.82,12.96,1.0
2025-10-02,30.07,25.24,88.72,1.09,0.99
2025-10-03,30.62,24.35,88.97,20.74,0.99
2025-10-04,29.41,24.81,91.29,1.27,0.99
2025-10-05,29.83,24.39,89.99,2.48,0.99
2025-10-06,29.34,24.28,91.25,0.28,0.99
2025-10-07,29.55,24.09,89.86,0.55,0.98
2025-10-08,29.8,23.8,88.72,5.54,0.98
2025-10-09,29.79,23.56,89.35,28.39,0.99
2025-10-10,29.65,24.09,85.81,7.18,0.99
2025-10-11,30.66,23.57,85.37,1.27,0.98
2025-10-12,30.62,23.91,86.74,10.0,0.99
2025-10-13,29.28,24.43,88.1,23.53,0.99
2025-10-14,29.72,24.47,88.6,0.92,0.99
2025-10-15,29.97,24.88,89.01,16.5,0.99
2025-10-16,30.74,24.61,84.43,11.95,0.99
2025-10-17,29.94,24.24,88.08,7.85,0.99
2025-10-18,29.38,24.87,88.87,1.04,0.99
2025-10-19,30.73,24.51,86.65,2.17,0.99
2025-10-20,30.82,24.6,85.35,0.07,0.98
2025-10-21,30.94,24.05,86.44,0.35,0.98
2025-10-22,30.43,24.79,82.66,0.02,0.97
2025-10-23,30.29,24.37,84.16,0.01,0.96
2025-10-24,29.58,24.34,83.84,0.0,0.96
2025-10-25,30.6,23.86,85.81,0.01,0.95
2025-10-26,30.69,24.03,84.33,0.19,0.94
2025-10-27,30.84,24.38,83.96,0.13,0.93
2025-10-28,31.79,24.41,81.12,0.17,0.92
2025-10-29,31.75,24.02,80.88,0.44,0.91
2025-10-30,32.27,23.87,84.23,4.06,0.91
2025-10-31,28.95,25.89,89.94,14.21,0.91
2025-11-01,27.78,25.84,93.62,16.27,0.93
2025-11-02,28.76,25.79,93.37,38.96,0.94
2025-11-03,27.71,24.91,94.28,19.1,0.97
2025-11-04,29.21,24.41,89.22,1.52,0.97
2025-11-05,29.9,24.38,87.89,0.04,0.96
2025-11-06,30.31,23.31,84.96,0.35,0.95
2025-11-07,30.57,23.67,86.15,14.52,0.95
2025-11-08,31.15,24.18,86.51,10.77,0.96
2025-11-09,29.84,24.89,84.73,6.21,0.96
2025-11-10,29.15,24.59,86.42,13.61,0.96
2025-11-11,30.53,23.11,86.38,0.13,0.96
2025-11-12,30.55,21.56,83.69,0.01,0.95
2025-11-13,30.04,23.21,85.63,0.74,0.95
2025-11-14,29.28,23.97,86.65,0.0,0.95
2025-11-15,29.61,24.01,85.71,0.02,0.94
2025-11-16,29.18,21.21,82.47,0.0,0.93
2025-11-17,29.12,20.72,86.65,1.6,0.92
2025-11-18,28.48,23.16,89.15,0.9,0.92
2025-11-19,25.93,21.39,86.07,0.1,0.91
2025-11-20,27.37,20.03,84.52,0.0,0.9
2025-11-21,27.01,20.54,83.65,0.0,0.89
2025-11-22,26.99,19.15,83.53,0.0,0.88
2025-11-23,28.22,19.24,82.04,0.0,0.88
2025-11-24,28.66,18.59,84.03,0.0,0.87
2025-11-25,27.68,18.43,84.88,0.0,0.86
2025-11-26,26.74,17.55,82.49,0.0,0.85
2025-11-27,25.93,16.7,82.23,0.0,0.84
2025-11-28,25.47,14.85,79.39,0.0,0.83
2025-11-29,25.55,14.25,74.94,0.0,0.83
2025-11-30,26.55,15.05,72.87,0.0,0.82
2025-12-01,27.18,14.94,76.44,0.0,0.81
2025-12-02,27.71,15.98,77.23,0.0,0.8
2025-12-03,28.53,16.78,80.01,0.0,0.8
2025-12-04,29.32,18.7,85.15,0.0,0.79
2025-12-05,29.5,19.4,82.65,0.0,0.78
2025-12-06,29.92,21.15,81.85,0.0,0.77
2025-12-07,30.05,21.65,82.38,0.0,0.77
2025-12-08,29.89,22.3,84.04,0.0,0.76
2025-12-09,27.7,20.78,82.06,0.0,0.75
2025-12-10,27.96,18.57,79.41,0.0,0.74
2025-12-11,28.25,17.94,80.24,0.0,0.74
2025-12-12,28.65,19.06,83.39,0.19,0.73
2025-12-13,30.04,21.26,83.71,0.02,0.72
2025-12-14,29.51,21.81,84.08,0.13,0.71
2025-12-15,29.69,20.54,80.99,0.0,0.71
2025-12-16,30.73,20.27,79.27,0.0,0.7
2025-12-17,30.64,19.86,76.78,0.0,0.69
2025-12-18,29.94,19.72,78.41,0.0,0.69
2025-12-19,30.01,19.04,74.99,0.0,0.68
2025-12-20,29.57,17.82,73.72,0.0,0.67
2025-12-21,29.39,17.75,76.89,0.0,0.67
2025-12-22,29.26,18.03,75.09,0.0,0.66
2025-12-23,30.18,17.91,69.0,0.0,0.66
2025-12-24,30.63,18.76,69.22,0.0,0.65
2025-12-25,30.45,18.49,68.56,0.0,0.65
2025-12-26,31.1,18.75,71.85,0.0,0.64
2025-12-27,30.87,18.79,75.36,0.0,0.63
2025-12-28,31.29,18.9,75.27,0.0,0.63
2025-12-29,30.96,19.87,72.63,0.0,0.62
2025-12-30,30.55,18.93,74.11,0.0,0.62
2025-12-31,30.5,17.49,71.56,0.0,0.61
